function,status,duration_ms,upstream_ms
linpack,200,2526,2518
genmatrix,200,2884,2883
genmatrix,200,1401,1400
genmatrix,200,1004,1002
genmatrix,200,444,436
fastfouriertransform,200,3077,3068
fastfouriertransform,200,2799,2791
fastfouriertransform,200,2509,2501
fastfouriertransform,200,1319,1311
fastfouriertransform,200,2428,2420
fastfouriertransform,200,1739,1731
fastfouriertransform,200,56,46
fastfouriertransform,200,960,953
genmatrix,200,9,7
fetchdata,200,3132,3132
genmatrix,200,4,3
fetchdata,200,429,429
fetchdata,200,2686,2686
genmatrix,200,9,8
fetchdata,200,1876,1876
fetchdata,200,2444,2444
linpack,200,963,955
linpack,200,869,861
linpack,200,2671,2665
fetchdata,200,143,142
genmatrix,200,43,36
fastfouriertransform,200,1453,1445
fastfouriertransform,200,1359,1351
fastfouriertransform,200,958,944
fetchdata,200,76,76
fetchdata,200,81,81
genmatrix,200,40,32
matrixmul,200,2328,2318
linpack,200,3264,3260
genmatrix,200,5,5
fetchdata,200,86,86
fastfouriertransform,200,1389,1379
fastfouriertransform,200,798,794
genmatrix,200,8,7
genmatrix,200,4,3
matrixmul,200,690,686
matrixmul,200,2479,2470
fetchdata,200,76,76
genmatrix,200,4,4
linpack,200,3760,3752
linpack,200,783,774
genmatrix,200,5,4
matrixmul,200,3831,3822
fetchdata,200,78,78
linpack,200,14,10
genmatrix,200,37,28
linpack,200,5272,5264
linpack,200,4873,4865
genmatrix,200,6,5
matrixmul,200,884,875
matrixmul,200,790,786
fetchdata,200,80,80
matrixmul,200,16,11
fastfouriertransform,200,11,7
fetchdata,200,79,79
linpack,200,696,692
fetchdata,200,92,92
matrixmul,200,28,17
linpack,200,4373,4366
matrixmul,200,16,11
matrixmul,200,16,11
genmatrix,200,37,29
fastfouriertransform,200,19,10
linpack,200,1273,1270
fastfouriertransform,200,13,9
genmatrix,200,5,5
fastfouriertransform,200,731,720
genmatrix,200,8,7
fetchdata,200,76,76
fastfouriertransform,200,13,7
genmatrix,200,42,34
linpack,200,673,670
fetchdata,200,84,83
fastfouriertransform,200,15,11
genmatrix,200,35,29
linpack,200,10,7
fetchdata,200,78,78
genmatrix,200,8,7
linpack,200,22,9
genmatrix,200,9,8
fastfouriertransform,200,98,94
fastfouriertransform,200,10,6
genmatrix,200,8,7
fetchdata,200,86,86
fetchdata,200,87,87
fastfouriertransform,200,15,12
matrixmul,200,16,11
linpack,200,11,7
fetchdata,200,78,78
matrixmul,200,20,14
fetchdata,200,90,89
linpack,200,13,9
matrixmul,200,20,15
linpack,200,11,8
fetchdata,200,81,81
genmatrix,200,12,10
genmatrix,200,14,12
fastfouriertransform,200,14,10
fetchdata,200,76,76
genmatrix,200,4,4
linpack,200,19,18
fetchdata,200,83,82
fetchdata,200,83,83
linpack,200,697,690
fastfouriertransform,200,12,8
fastfouriertransform,200,11,7
fastfouriertransform,200,11,7
genmatrix,200,5,4
linpack,200,18,8
genmatrix,200,42,33
matrixmul,200,16,11
linpack,200,12,8
linpack,200,14,9
matrixmul,200,17,12
fetchdata,200,85,84
fastfouriertransform,200,11,7
matrixmul,200,554,549
fastfouriertransform,200,16,13
fastfouriertransform,200,14,10
genmatrix,200,4,4
fetchdata,200,77,76
matrixmul,200,813,807
fetchdata,200,78,78
genmatrix,200,12,10
fetchdata,200,78,77
matrixmul,200,1266,1262
matrixmul,200,1180,1174
matrixmul,200,888,883
matrixmul,200,497,492
matrixmul,200,414,409
fastfouriertransform,200,10,7
matrixmul,200,126,121
linpack,200,11,7
fastfouriertransform,200,15,11
fetchdata,200,83,82
fetchdata,200,76,76
fastfouriertransform,200,11,7
matrixmul,200,544,539
matrixmul,200,258,250
linpack,200,11,6
fetchdata,200,77,77
fetchdata,200,87,87
matrixmul,200,714,697
linpack,200,14,8
linpack,200,12,8
genmatrix,200,4,4
fastfouriertransform,200,10,7
linpack,200,11,7
matrixmul,200,1132,1127
matrixmul,200,1043,1038
matrixmul,200,853,848
matrixmul,200,169,163
fastfouriertransform,200,12,11
fastfouriertransform,200,13,8
fastfouriertransform,200,14,8
fastfouriertransform,200,10,7
fetchdata,200,78,78
fastfouriertransform,200,12,8
fetchdata,200,94,94
linpack,200,11,7
linpack,200,17,12
matrixmul,200,17,12
linpack,200,10,7
genmatrix,200,8,8
genmatrix,200,6,5
genmatrix,200,10,9
fetchdata,200,76,76
genmatrix,200,8,7
genmatrix,200,4,4
linpack,200,678,674
linpack,200,12,9
fastfouriertransform,200,14,10
linpack,200,11,7
fetchdata,200,76,75
fastfouriertransform,200,708,704
genmatrix,200,15,12
fastfouriertransform,200,224,11
fetchdata,200,83,83
linpack,200,11,7
genmatrix,200,90,28
linpack,200,702,698
linpack,200,10,6
fastfouriertransform,200,11,7
genmatrix,200,6,6
fastfouriertransform,200,14,10
linpack,200,14,10
genmatrix,200,8,7
linpack,200,11,6
linpack,200,684,680
genmatrix,200,4,4
genmatrix,200,47,35
fastfouriertransform,200,15,11
fastfouriertransform,200,10,7
genmatrix,200,4,4
genmatrix,200,5,5
matrixmul,200,562,556
fastfouriertransform,200,11,7
fastfouriertransform,200,11,7
fetchdata,200,76,76
matrixmul,200,908,903
matrixmul,200,518,512
matrixmul,200,435,429
linpack,200,15,11
fetchdata,200,87,87
fetchdata,200,81,81
genmatrix,200,8,7
fetchdata,200,76,76
fastfouriertransform,200,750,738
fetchdata,200,83,83
linpack,200,10,7
fetchdata,200,76,76
fastfouriertransform,200,753,749
fetchdata,200,76,76
matrixmul,200,18,12
fetchdata,200,81,80
fastfouriertransform,200,708,705
genmatrix,200,12,11
linpack,200,714,710
fetchdata,200,84,84
fetchdata,200,79,78
fetchdata,200,85,85
genmatrix,200,5,5
fetchdata,200,84,83
fetchdata,200,76,76
genmatrix,200,9,7
fastfouriertransform,200,713,709
fastfouriertransform,200,713,709
matrixmul,200,559,554
genmatrix,200,49,33
fastfouriertransform,200,13,9
genmatrix,200,4,3
fastfouriertransform,200,702,698
fastfouriertransform,200,15,7
linpack,200,718,713
genmatrix,200,45,37
linpack,200,676,672
genmatrix,200,11,9
genmatrix,200,5,5
matrixmul,200,22,13
linpack,200,1020,1016
linpack,200,526,311
linpack,200,850,846
linpack,200,355,351
linpack,200,60,57
fetchdata,200,77,77
matrixmul,200,17,12
fastfouriertransform,200,711,707
genmatrix,200,41,29
genmatrix,200,44,32
fastfouriertransform,200,12,8
genmatrix,200,40,30
genmatrix,200,42,30
genmatrix,200,42,28
fetchdata,200,88,87
matrixmul,200,555,549
matrixmul,200,472,467
matrixmul,200,182,171
matrixmul,200,90,85
fetchdata,200,76,76
matrixmul,200,16,11
genmatrix,200,8,7
matrixmul,200,20,13
linpack,200,11,7
genmatrix,200,9,7
linpack,200,704,700
fetchdata,200,76,76
fastfouriertransform,200,714,710
fetchdata,200,90,90
linpack,200,12,8
matrixmul,200,557,552
matrixmul,200,367,361
fastfouriertransform,200,11,7
genmatrix,200,4,3
fetchdata,200,80,80
fastfouriertransform,200,17,13
fastfouriertransform,200,711,707
fetchdata,200,82,81
linpack,200,11,7
linpack,200,697,693
linpack,200,11,7
fetchdata,200,86,86
fastfouriertransform,200,19,14
matrixmul,200,561,556
fetchdata,200,76,76
fastfouriertransform,200,13,8
fetchdata,200,84,84
matrixmul,200,908,903
matrixmul,200,815,810
matrixmul,200,531,523
matrixmul,200,46,38
matrixmul,200,18,12
linpack,200,11,6
matrixmul,200,16,11
linpack,200,722,717
fetchdata,200,84,84
genmatrix,200,4,3
linpack,200,673,670
genmatrix,200,37,28
linpack,200,715,711
fetchdata,200,87,87
matrixmul,200,553,548
matrixmul,200,258,253
matrixmul,200,80,73
genmatrix,200,6,5
genmatrix,200,8,7
genmatrix,200,38,28
fastfouriertransform,200,11,7
fetchdata,200,78,78
linpack,200,1308,1302
matrixmul,200,19,12
fetchdata,200,89,88
fetchdata,200,81,81
genmatrix,200,46,36
fastfouriertransform,200,16,11
linpack,200,11,7
matrixmul,200,562,557
fastfouriertransform,200,11,7
genmatrix,200,12,11
matrixmul,200,908,902
linpack,200,12,7
fetchdata,200,80,80
fetchdata,200,76,75
fastfouriertransform,200,716,711
genmatrix,200,44,31
matrixmul,200,1270,1238
fetchdata,200,133,132
fetchdata,200,110,110
linpack,200,11,6
matrixmul,200,1489,1483
matrixmul,200,1202,1197
linpack,200,11,6
fastfouriertransform,200,713,708
fastfouriertransform,200,11,7
matrixmul,200,1353,1348
matrixmul,200,1070,1065
matrixmul,200,383,376
matrixmul,200,288,283
matrixmul,200,703,697
fetchdata,200,76,76
genmatrix,200,9,8
fastfouriertransform,200,680,675
fastfouriertransform,200,12,9
matrixmul,200,653,648
linpack,200,11,7
genmatrix,200,4,3
fastfouriertransform,200,17,12
fastfouriertransform,200,14,9
fetchdata,200,86,86
matrixmul,200,891,885
fastfouriertransform,200,700,695
fastfouriertransform,200,19,7
fetchdata,200,76,76
fetchdata,200,76,76
fastfouriertransform,200,12,8
fetchdata,200,83,83
genmatrix,200,11,9
matrixmul,200,1336,1330
fetchdata,200,80,80
linpack,200,11,6
fastfouriertransform,200,10,6
genmatrix,200,4,3
linpack,200,14,8
genmatrix,200,39,30
fetchdata,200,82,82
linpack,200,19,6
fetchdata,200,77,76
genmatrix,200,53,43
linpack,200,24,13
matrixmul,200,565,559
linpack,200,11,7
genmatrix,200,41,33
matrixmul,200,16,11
genmatrix,200,4,4
linpack,200,12,8
genmatrix,200,6,6
genmatrix,200,43,33
fetchdata,200,78,78
matrixmul,200,555,549
matrixmul,200,263,255
fetchdata,200,93,92
linpack,200,14,10
genmatrix,200,44,33
fastfouriertransform,200,723,719
genmatrix,200,5,4
matrixmul,200,562,557
linpack,200,676,672
matrixmul,200,173,166
matrixmul,200,91,85
linpack,200,10,6
linpack,200,716,711
genmatrix,200,8,7
fastfouriertransform,200,720,713
genmatrix,200,14,12
genmatrix,200,8,7
matrixmul,200,580,574
matrixmul,200,290,284
linpack,200,11,6
genmatrix,200,37,28
fastfouriertransform,200,703,699
fetchdata,200,85,85
fastfouriertransform,200,218,8
fetchdata,200,84,84
linpack,200,11,6
fastfouriertransform,200,21,18
genmatrix,200,7,6
matrixmul,200,567,555
matrixmul,200,376,371
fetchdata,200,77,76
matrixmul,200,833,827
matrixmul,200,541,534
matrixmul,200,261,255
matrixmul,200,68,62
genmatrix,200,38,29
linpack,200,704,700
genmatrix,200,9,7
fetchdata,200,89,89
fetchdata,200,82,82
linpack,200,787,782
fastfouriertransform,200,12,8
linpack,200,11,7
matrixmul,200,565,559
fetchdata,200,76,76
fetchdata,200,76,76
linpack,200,16,12
linpack,200,1282,1278
fastfouriertransform,200,15,11
genmatrix,200,4,4
genmatrix,200,4,4
matrixmul,200,561,554
genmatrix,200,5,5
linpack,200,14,9
genmatrix,200,6,5
linpack,200,672,667
fastfouriertransform,200,16,12
genmatrix,200,43,29
fetchdata,200,77,76
matrixmul,200,18,12
fastfouriertransform,200,16,12
genmatrix,200,10,9
genmatrix,200,4,3
matrixmul,200,572,566
matrixmul,200,287,281
matrixmul,200,101,93
linpack,200,15,9
fetchdata,200,76,75
genmatrix,200,4,4
fastfouriertransform,200,719,715
fastfouriertransform,200,224,220
fetchdata,200,76,76
fastfouriertransform,200,716,711
linpack,200,11,8
linpack,200,11,7
genmatrix,200,37,29
linpack,200,728,723
linpack,200,41,37
fastfouriertransform,200,11,7
fastfouriertransform,200,13,8
matrixmul,200,576,571
linpack,200,693,690
fetchdata,200,76,76
fastfouriertransform,200,11,6
fetchdata,200,88,87
linpack,200,13,9
fetchdata,200,85,85
matrixmul,200,927,921
genmatrix,200,4,3
fetchdata,200,89,89
genmatrix,200,52,45
matrixmul,200,569,564
matrixmul,200,79,73
fetchdata,200,92,91
linpack,200,11,7
linpack,200,701,696
fetchdata,200,76,76
fastfouriertransform,200,11,7
fetchdata,200,82,82
fetchdata,200,86,86
fetchdata,200,81,81
fastfouriertransform,200,12,7
genmatrix,200,36,28
matrixmul,200,17,11
matrixmul,200,23,17
genmatrix,200,95,37
linpack,200,12,7
linpack,200,685,681
fastfouriertransform,200,12,7
genmatrix,200,43,35
matrixmul,200,565,560
genmatrix,200,5,5
fastfouriertransform,200,11,6
linpack,200,10,7
fastfouriertransform,200,10,6
genmatrix,200,39,33
matrixmul,200,898,893
fastfouriertransform,200,15,11
fastfouriertransform,200,732,726
matrixmul,200,21,16
fetchdata,200,77,76
matrixmul,200,570,565
matrixmul,200,383,374
matrixmul,200,297,291
genmatrix,200,43,34
fastfouriertransform,200,11,7
genmatrix,200,8,7
matrixmul,200,747,742
genmatrix,200,12,11
linpack,200,11,7
matrixmul,200,1190,1183
fastfouriertransform,200,726,720
fetchdata,200,89,88
fastfouriertransform,200,699,694
genmatrix,200,44,31
matrixmul,200,1344,1338
matrixmul,200,1256,1250
matrixmul,200,571,565
fetchdata,200,76,76
linpack,200,682,678
matrixmul,200,276,270
matrixmul,200,194,188
linpack,200,11,6
genmatrix,200,11,9
matrixmul,200,20,13
fastfouriertransform,200,1120,1117
fastfouriertransform,200,12,7
linpack,200,105,102
fetchdata,200,78,78
linpack,200,17,14
fastfouriertransform,200,14,10
fastfouriertransform,200,12,7
fetchdata,200,76,76
genmatrix,200,43,31
genmatrix,200,8,7
linpack,200,671,667
fetchdata,200,88,88
fastfouriertransform,200,718,711
linpack,200,18,12
linpack,200,11,6
matrixmul,200,570,564
fetchdata,200,76,76
matrixmul,200,279,272
genmatrix,200,8,7
genmatrix,200,43,32
genmatrix,200,10,9
genmatrix,200,45,34
genmatrix,200,48,32
linpack,200,11,6
matrixmul,200,16,11
matrixmul,200,21,15
genmatrix,200,40,31
fetchdata,200,76,76
matrixmul,200,570,565
fetchdata,200,77,77
genmatrix,200,41,33
linpack,200,679,675
matrixmul,200,821,815
matrixmul,200,537,533
matrixmul,200,448,443
matrixmul,200,250,245
fetchdata,200,78,78
fastfouriertransform,200,12,7
linpack,200,16,11
genmatrix,200,5,4
fastfouriertransform,200,11,7
matrixmul,200,724,718
matrixmul,200,239,233
fetchdata,200,84,84
fetchdata,200,87,87
genmatrix,200,43,36
linpack,200,681,677
genmatrix,200,54,41
matrixmul,200,566,560
matrixmul,200,373,367
matrixmul,200,81,76
fastfouriertransform,200,17,11
fastfouriertransform,200,12,8
genmatrix,200,4,3
fastfouriertransform,200,718,714
linpack,200,696,692
fastfouriertransform,200,11,7
fetchdata,200,90,90
genmatrix,200,5,4
genmatrix,200,9,7
fastfouriertransform,200,729,725
matrixmul,200,16,11
fastfouriertransform,200,724,716
fetchdata,200,88,88
matrixmul,200,23,15
fetchdata,200,83,82
fetchdata,200,76,75
linpack,200,11,7
fastfouriertransform,200,939,935
fetchdata,200,76,76
linpack,200,10,7
fastfouriertransform,200,1026,1021
fetchdata,200,81,81
genmatrix,200,10,9
genmatrix,200,42,35
linpack,200,714,710
genmatrix,200,39,28
linpack,200,12,7
genmatrix,200,43,36
genmatrix,200,42,31
matrixmul,200,17,11
genmatrix,200,8,7
fastfouriertransform,200,714,709
genmatrix,200,4,4
fastfouriertransform,200,15,10
fastfouriertransform,200,725,722
genmatrix,200,37,29
genmatrix,200,39,28
genmatrix,200,4,3
matrixmul,200,575,569
matrixmul,200,388,382
fastfouriertransform,200,22,18
fastfouriertransform,200,13,9
fetchdata,200,77,77
genmatrix,200,4,3
matrixmul,200,562,557
fetchdata,200,89,88
genmatrix,200,45,34
fetchdata,200,82,82
fastfouriertransform,200,15,11
matrixmul,200,828,821
matrixmul,200,36,29
fetchdata,200,81,80
genmatrix,200,12,11
matrixmul,200,20,15
fetchdata,200,77,76
fastfouriertransform,200,726,721
genmatrix,200,4,3
linpack,200,703,699
linpack,200,107,103
genmatrix,200,10,9
genmatrix,200,39,35
genmatrix,200,5,4
matrixmul,200,23,11
linpack,200,713,708
matrixmul,200,17,12
fetchdata,200,121,121
genmatrix,200,5,4
matrixmul,200,24,17
genmatrix,200,41,31
genmatrix,200,39,29
genmatrix,200,37,28
matrixmul,200,16,11
genmatrix,200,8,7
fetchdata,200,90,90
fastfouriertransform,200,12,8
fastfouriertransform,200,733,728
fastfouriertransform,200,12,8
matrixmul,200,18,12
genmatrix,200,50,36
matrixmul,200,21,16
fetchdata,200,82,82
linpack,200,704,700
linpack,200,611,606
matrixmul,200,17,11
linpack,200,12,7
genmatrix,200,48,35
fastfouriertransform,200,714,710
fastfouriertransform,200,519,515
fetchdata,200,77,77
matrixmul,200,578,571
genmatrix,200,7,6
genmatrix,200,4,4
linpack,200,705,701
linpack,200,616,612
fetchdata,200,77,77
fastfouriertransform,200,710,706
fastfouriertransform,200,113,108
genmatrix,200,40,31
genmatrix,200,5,4
matrixmul,200,565,560
fetchdata,200,84,84
linpack,200,1012,1005
fetchdata,200,76,76
linpack,200,11,7
matrixmul,200,630,624
matrixmul,200,447,441
fetchdata,200,87,87
linpack,200,16,12
fetchdata,200,82,82
fetchdata,200,76,76
genmatrix,200,4,4
linpack,200,16,11
fastfouriertransform,200,708,703
fastfouriertransform,200,417,402
genmatrix,200,5,5
fetchdata,200,83,82
genmatrix,200,7,6
fastfouriertransform,200,11,6
fastfouriertransform,200,11,7
fetchdata,200,84,83
genmatrix,200,4,4
fetchdata,200,76,76
matrixmul,200,16,11
fastfouriertransform,200,716,712
fastfouriertransform,200,332,327
fastfouriertransform,200,141,136
linpack,200,14,9
linpack,200,11,7
linpack,200,11,6
matrixmul,200,571,564
matrixmul,200,20,15
fastfouriertransform,200,754,750
linpack,200,717,712
linpack,200,18,13
matrixmul,200,560,555
fastfouriertransform,200,1161,1158
matrixmul,200,473,466
fastfouriertransform,200,671,666
matrixmul,200,285,278
genmatrix,200,45,37
linpack,200,11,6
genmatrix,200,8,7
linpack,200,11,7
genmatrix,200,10,8
linpack,200,13,9
fastfouriertransform,200,1070,1065
matrixmul,200,22,17
linpack,200,11,7
fetchdata,200,77,77
matrixmul,200,17,11
fastfouriertransform,200,1578,1574
fastfouriertransform,200,1380,1376
fastfouriertransform,200,588,584
genmatrix,200,13,12
matrixmul,200,581,576
fetchdata,200,83,83
fastfouriertransform,200,707,702
fastfouriertransform,200,215,211
genmatrix,200,4,4
matrixmul,200,1047,1040
matrixmul,200,953,947
matrixmul,200,470,462
linpack,200,11,7
linpack,200,12,7
genmatrix,200,48,32
fastfouriertransform,200,812,807
matrixmul,200,1338,1331
matrixmul,200,44,38
genmatrix,200,4,4
linpack,200,712,708
fetchdata,200,82,82
matrixmul,200,18,13
fastfouriertransform,200,911,906
fastfouriertransform,200,1421,1416
matrixmul,200,19,14
linpack,200,920,916
linpack,200,725,720
fastfouriertransform,200,1325,1320
genmatrix,200,4,3
fetchdata,200,76,76
genmatrix,200,8,7
genmatrix,200,9,8
linpack,200,1043,1039
linpack,200,654,649
linpack,200,557,348
linpack,200,868,864
linpack,200,474,469
fetchdata,200,85,84
linpack,200,13,9
matrixmul,200,17,11
fastfouriertransform,200,1425,1421
fetchdata,200,77,77
linpack,200,12,8
fetchdata,200,80,79
fastfouriertransform,200,1925,1921
fastfouriertransform,200,527,522
genmatrix,200,40,28
genmatrix,200,37,28
linpack,200,11,7
matrixmul,200,566,560
fastfouriertransform,200,12,8
fetchdata,200,94,94
fastfouriertransform,200,15,11
matrixmul,200,1021,1015
matrixmul,200,132,126
fetchdata,200,89,88
fastfouriertransform,200,687,682
matrixmul,200,596,590
genmatrix,200,37,28
linpack,200,717,712
genmatrix,200,4,4
fetchdata,200,83,83
matrixmul,200,950,944
matrixmul,200,663,657
fastfouriertransform,200,793,788
fastfouriertransform,200,12,8
genmatrix,200,4,3
fetchdata,200,76,76
genmatrix,200,12,10
linpack,200,816,811
linpack,200,720,713
linpack,200,424,419
fastfouriertransform,200,15,11
matrixmul,200,21,15
matrixmul,200,22,16
fetchdata,200,78,77
linpack,200,12,7
fetchdata,200,79,79
linpack,200,37,32
genmatrix,200,7,6
matrixmul,200,22,16
fastfouriertransform,200,716,711
fetchdata,200,78,77
genmatrix,200,6,6
linpack,200,720,713
matrixmul,200,557,551
matrixmul,200,173,169
matrixmul,200,19,14
fetchdata,200,85,85
fastfouriertransform,200,1317,1313
genmatrix,200,5,4
genmatrix,200,9,8
linpack,200,1335,1330
matrixmul,200,567,561
genmatrix,200,8,7
fastfouriertransform,200,1914,1910
fastfouriertransform,200,321,316
fastfouriertransform,200,228,223
fetchdata,200,80,80
genmatrix,200,8,7
linpack,200,1136,1131
linpack,200,1048,1043
linpack,200,452,448
fetchdata,200,81,81
fetchdata,200,86,86
fastfouriertransform,200,2225,2220
linpack,200,11,6
linpack,200,15,9
genmatrix,200,5,4
matrixmul,200,561,555
matrixmul,200,372,365
matrixmul,200,17,11
fastfouriertransform,200,2820,2815
fastfouriertransform,200,1224,1219
fastfouriertransform,200,828,823
genmatrix,200,9,7
genmatrix,200,48,38
linpack,200,704,699
linpack,200,209,205
matrixmul,200,557,550
genmatrix,200,8,7
linpack,200,16,14
matrixmul,200,600,594
fastfouriertransform,200,741,734
fastfouriertransform,200,562,557
fastfouriertransform,200,369,365
fastfouriertransform,200,276,272
linpack,200,12,6
linpack,200,11,6
fetchdata,200,80,80
matrixmul,200,555,547
fastfouriertransform,200,728,723
fetchdata,200,78,78
fetchdata,200,78,78
linpack,200,718,712
linpack,200,629,624
linpack,200,16,10
linpack,200,15,10
genmatrix,200,11,10
genmatrix,200,9,7
fastfouriertransform,200,926,923
matrixmul,200,565,559
linpack,200,11,6
genmatrix,200,5,4
genmatrix,200,8,8
linpack,200,12,8
matrixmul,200,626,620
fastfouriertransform,200,1528,1523
genmatrix,200,36,29
fastfouriertransform,200,1433,1428
linpack,200,11,7
genmatrix,200,4,4
linpack,200,15,11
fetchdata,200,84,84
genmatrix,200,46,32
matrixmul,200,683,677
matrixmul,200,17,11
linpack,200,11,6
genmatrix,200,5,5
matrixmul,200,16,11
genmatrix,200,5,4
genmatrix,200,12,11
fastfouriertransform,200,732,728
fetchdata,200,82,82
genmatrix,200,13,11
linpack,200,726,721
linpack,200,534,529
fetchdata,200,84,83
fetchdata,200,81,80
linpack,200,12,7
linpack,200,15,10
genmatrix,200,43,35
fetchdata,200,82,82
matrixmul,200,18,11
fastfouriertransform,200,718,713
fastfouriertransform,200,625,621
fetchdata,200,76,76
linpack,200,11,6
matrixmul,200,17,12
fetchdata,200,83,83
genmatrix,200,9,7
matrixmul,200,559,551
matrixmul,200,276,270
fetchdata,200,87,87
linpack,200,698,694
linpack,200,511,507
fetchdata,200,76,76
genmatrix,200,11,10
matrixmul,200,573,567
matrixmul,200,487,481
linpack,200,917,912
genmatrix,200,4,3
fetchdata,200,77,77
matrixmul,200,555,548
matrixmul,200,64,58
fetchdata,200,87,87
fastfouriertransform,200,16,11
linpack,200,1314,1309
linpack,200,1117,1112
linpack,200,829,825
linpack,200,735,730
fetchdata,200,87,86
matrixmul,200,555,550
fetchdata,200,85,84
genmatrix,200,4,3
genmatrix,200,4,3
fastfouriertransform,200,719,714
fetchdata,200,80,80
linpack,200,700,695
genmatrix,200,9,7
fetchdata,200,97,97
linpack,200,12,8
genmatrix,200,4,4
fastfouriertransform,200,1326,1321
fastfouriertransform,200,132,128
linpack,200,13,8
fetchdata,200,123,122
matrixmul,200,544,542
matrixmul,200,20,14
genmatrix,200,6,5
genmatrix,200,5,5
matrixmul,200,17,11
fastfouriertransform,200,1731,1726
fastfouriertransform,200,141,137
fastfouriertransform,200,14,9
matrixmul,200,22,15
fetchdata,200,77,77
fetchdata,200,76,76
matrixmul,200,18,12
linpack,200,731,726
linpack,200,440,435
linpack,200,344,340
fetchdata,200,83,83
matrixmul,200,21,16
fastfouriertransform,200,13,9
genmatrix,200,4,4
linpack,200,719,715
linpack,200,227,223
linpack,200,133,129
linpack,200,42,36
fastfouriertransform,200,12,8
genmatrix,200,40,29
matrixmul,200,570,566
fetchdata,200,89,88
genmatrix,200,6,5
matrixmul,200,926,921
fastfouriertransform,200,744,740
fetchdata,200,76,76
matrixmul,200,17,11
matrixmul,200,23,17
fetchdata,200,82,81
matrixmul,200,16,11
genmatrix,200,4,3
linpack,200,724,719
fastfouriertransform,200,1357,1351
fastfouriertransform,200,1161,1157
fastfouriertransform,200,367,363
genmatrix,200,50,37
matrixmul,200,21,16
fetchdata,200,81,80
genmatrix,200,4,3
fastfouriertransform,200,1681,1677
fastfouriertransform,200,789,785
genmatrix,200,9,8
matrixmul,200,561,554
genmatrix,200,4,4
fastfouriertransform,200,1399,1394
fastfouriertransform,200,1001,997
matrixmul,200,575,569
fetchdata,200,77,76
genmatrix,200,8,7
matrixmul,200,1035,1028
matrixmul,200,447,440
matrixmul,200,859,853
linpack,200,707,702
fastfouriertransform,200,1310,1306
fastfouriertransform,200,618,611
fastfouriertransform,200,124,120
genmatrix,200,39,31
genmatrix,200,10,9
matrixmul,200,1330,1324
matrixmul,200,939,934
matrixmul,200,350,343
matrixmul,200,264,258
genmatrix,200,37,28
fastfouriertransform,200,18,14
linpack,200,11,7
matrixmul,200,727,720
fetchdata,200,77,77
fetchdata,200,77,77
fetchdata,200,84,84
fetchdata,200,82,81
genmatrix,200,13,11
matrixmul,200,979,973
fastfouriertransform,200,11,7
fetchdata,200,79,79
genmatrix,200,13,12
fastfouriertransform,200,13,9
matrixmul,200,1324,1318
matrixmul,200,939,933
matrixmul,200,549,544
fetchdata,200,77,76
genmatrix,200,8,7
genmatrix,200,36,28
genmatrix,200,5,4
fastfouriertransform,200,15,10
matrixmul,200,798,790
matrixmul,200,2307,2301
fetchdata,200,83,83
genmatrix,200,8,7
matrixmul,200,17,11
matrixmul,200,18,12
fastfouriertransform,200,106,102
linpack,200,719,715
linpack,200,625,621
fetchdata,200,76,76
matrixmul,200,18,11
genmatrix,200,40,32
genmatrix,200,41,30
genmatrix,200,4,4
fastfouriertransform,200,717,713
linpack,200,1034,1028
fastfouriertransform,200,227,223
fetchdata,200,77,77
fastfouriertransform,200,16,10
fetchdata,200,83,82
matrixmul,200,20,14
genmatrix,200,39,29
linpack,200,823,819
linpack,200,528,524
matrixmul,200,18,12
fetchdata,200,86,86
fastfouriertransform,200,15,8
genmatrix,200,10,9
matrixmul,200,17,11
linpack,200,722,718
linpack,200,28,24
fetchdata,200,83,82
matrixmul,200,562,557
matrixmul,200,176,168
fetchdata,200,77,77
fetchdata,200,77,76
fastfouriertransform,200,746,742
fastfouriertransform,200,60,51
fetchdata,200,85,85
linpack,200,724,719
linpack,200,529,524
linpack,200,337,333
fetchdata,200,89,88
genmatrix,200,41,30
fetchdata,200,76,76
fetchdata,200,85,85
fetchdata,200,76,76
genmatrix,200,36,28
linpack,200,701,696
fastfouriertransform,200,700,698
fetchdata,200,88,87
fetchdata,200,83,82
linpack,200,1099,1094
linpack,200,803,799
linpack,200,713,709
fastfouriertransform,200,12,8
linpack,200,518,512
linpack,200,327,314
fastfouriertransform,200,13,9
fetchdata,200,85,85
matrixmul,200,17,11
genmatrix,200,10,8
linpack,200,933,929
linpack,200,843,837
fetchdata,200,83,83
fastfouriertransform,200,705,701
fastfouriertransform,200,111,106
linpack,200,1236,1231
matrixmul,200,560,554
matrixmul,200,472,465
fetchdata,200,83,83
genmatrix,200,42,34
genmatrix,200,41,31
genmatrix,200,9,7
fetchdata,200,76,76
matrixmul,200,823,817
linpack,200,1534,1530
linpack,200,638,633
linpack,200,150,146
fetchdata,200,82,81
fetchdata,200,80,79
matrixmul,200,1284,1277
matrixmul,200,194,189
matrixmul,200,18,11
fastfouriertransform,200,708,703
matrixmul,200,19,13
fetchdata,200,87,87
genmatrix,200,4,3
linpack,200,106,102
fetchdata,200,80,80
fastfouriertransform,200,1214,1209
fetchdata,200,76,76
matrixmul,200,563,556
matrixmul,200,474,469
linpack,200,712,707
genmatrix,200,10,8
fastfouriertransform,200,1603,1598
fetchdata,200,75,75
linpack,200,1007,1002
genmatrix,200,8,7
genmatrix,200,5,4
fastfouriertransform,200,1307,1302
fastfouriertransform,200,913,908
matrixmul,200,657,652
matrixmul,200,68,61
fetchdata,200,87,87
linpack,200,1499,1495
linpack,200,1207,1202
linpack,200,1014,1009
linpack,200,422,417
fastfouriertransform,200,1134,1130
fetchdata,200,77,76
genmatrix,200,42,32
genmatrix,200,4,4
linpack,200,918,913
fetchdata,200,91,90
fastfouriertransform,200,1035,1031
matrixmul,200,557,552
fastfouriertransform,200,12,7
fetchdata,200,77,76
genmatrix,200,11,9
linpack,200,1423,1419
linpack,502,24,19
fetchdata,200,86,85
genmatrix,200,52,36
genmatrix,200,4,3
matrixmul,200,17,11
genmatrix,200,41,30
linpack,200,2022,2018
linpack,200,1924,1918
linpack,200,1831,1827
genmatrix,200,45,35
matrixmul,200,22,15
matrixmul,200,17,11
genmatrix,200,9,7
linpack,200,1932,1927
linpack,200,1843,1837
linpack,200,1248,1243
linpack,200,656,653
fetchdata,200,77,77
fastfouriertransform,200,722,717
fastfouriertransform,200,527,523
fastfouriertransform,200,137,133
linpack,200,1156,1152
matrixmul,200,561,553
matrixmul,200,170,164
fetchdata,200,82,81
fetchdata,200,75,75
fastfouriertransform,200,12,8
genmatrix,200,10,9
linpack,200,1472,1467
linpack,200,1182,1177
linpack,200,784,780
fetchdata,200,82,82
fetchdata,200,82,81
matrixmul,200,19,13
fastfouriertransform,200,722,718
fastfouriertransform,200,131,127
fetchdata,200,88,88
fetchdata,200,83,83
linpack,200,1391,1388
linpack,200,1099,1094
linpack,200,508,504
genmatrix,200,45,34
matrixmul,200,17,11
fetchdata,200,76,76
genmatrix,200,43,36
matrixmul,200,578,572
matrixmul,200,91,85
fetchdata,200,77,77
fetchdata,200,78,78
linpack,200,715,711
genmatrix,200,45,31
fetchdata,200,88,88
genmatrix,200,10,8
linpack,200,713,708
fastfouriertransform,200,13,8
linpack,200,1323,1316
linpack,200,333,329
matrixmul,200,565,559
fetchdata,200,82,81
matrixmul,200,1017,1011
genmatrix,200,40,30
linpack,200,709,705
fetchdata,200,83,82
genmatrix,200,37,28
genmatrix,200,4,3
fastfouriertransform,200,702,698
matrixmul,200,1068,1060
matrixmul,200,482,477
matrixmul,200,692,687
linpack,200,11,6
fetchdata,200,86,85
linpack,200,14,7
fetchdata,200,88,88
fastfouriertransform,200,1305,1300
fastfouriertransform,200,617,613
genmatrix,200,36,28
matrixmul,200,25,19
fetchdata,200,78,77
linpack,200,13,8
matrixmul,200,24,18
fetchdata,200,77,77
genmatrix,200,9,7
fastfouriertransform,200,825,820
fastfouriertransform,200,11,6
linpack,200,11,7
linpack,200,14,10
matrixmul,200,572,565
fastfouriertransform,200,19,10
matrixmul,200,21,15
matrixmul,200,16,11
genmatrix,200,4,3
linpack,200,16,11
genmatrix,200,9,8
linpack,200,11,7
fastfouriertransform,200,715,710
matrixmul,200,16,11
genmatrix,200,7,7
matrixmul,200,18,12
fetchdata,200,128,128
fastfouriertransform,200,1118,1114
genmatrix,200,38,29
fetchdata,200,79,79
genmatrix,200,8,7
linpack,200,714,707
linpack,200,25,20
fetchdata,200,83,82
linpack,200,13,9
fastfouriertransform,200,1621,1617
fetchdata,200,88,87
genmatrix,200,5,4
matrixmul,200,565,560
matrixmul,200,19,12
fastfouriertransform,200,1717,1712
linpack,200,733,729
genmatrix,200,8,7
linpack,200,13,8
linpack,200,16,11
genmatrix,200,43,34
genmatrix,200,37,28
matrixmul,200,578,572
fetchdata,200,76,76
fastfouriertransform,200,1322,1318
fastfouriertransform,200,1224,1222
genmatrix,200,4,3
matrixmul,200,21,16
linpack,200,25,15
genmatrix,200,39,30
genmatrix,200,8,7
fastfouriertransform,200,725,720
linpack,200,39,35
fastfouriertransform,200,233,229
fetchdata,200,82,81
matrixmul,200,26,20
matrixmul,200,21,16
matrixmul,200,16,11
fastfouriertransform,200,2337,2332
fetchdata,200,81,80
linpack,200,726,721
linpack,200,436,432
genmatrix,200,4,3
linpack,200,704,698
linpack,200,408,404
linpack,200,219,214
fastfouriertransform,200,12,7
linpack,200,14,9
linpack,200,13,9
fetchdata,200,82,82
linpack,200,831,827
linpack,200,533,528
genmatrix,200,43,31
matrixmul,200,18,12
fetchdata,200,79,78
fastfouriertransform,200,14,10
matrixmul,200,21,15
matrixmul,200,17,11
matrixmul,200,17,11
fastfouriertransform,200,12,7
linpack,200,707,702
matrixmul,200,19,14
genmatrix,200,48,34
genmatrix,200,4,3
linpack,200,704,699
fetchdata,200,76,75
fastfouriertransform,200,740,735
fastfouriertransform,200,450,446
fastfouriertransform,200,259,254
fastfouriertransform,200,162,158
genmatrix,200,9,8
matrixmul,200,567,562
fetchdata,200,76,76
matrixmul,200,278,272
fastfouriertransform,200,12,8
linpack,200,11,6
genmatrix,200,4,3
matrixmul,200,573,567
fetchdata,200,78,77
fetchdata,200,87,87
fetchdata,200,82,81
matrixmul,200,1033,1027
matrixmul,200,445,439
fetchdata,200,84,83
fetchdata,200,83,83
matrixmul,200,1499,1492
matrixmul,200,612,606
fastfouriertransform,200,718,714
fetchdata,200,76,76
fastfouriertransform,200,11,6
linpack,200,707,703
linpack,200,712,707
fastfouriertransform,200,14,9
fetchdata,200,89,89
fastfouriertransform,200,13,7
matrixmul,200,766,760
matrixmul,200,376,369
linpack,200,11,6
matrixmul,200,18,12
linpack,200,14,9
fastfouriertransform,200,722,718
fastfouriertransform,200,531,526
fetchdata,200,77,77
genmatrix,200,5,5
genmatrix,200,5,4
linpack,200,708,702
linpack,200,115,110
fastfouriertransform,200,1129,1125
fastfouriertransform,200,836,831
genmatrix,200,4,3
linpack,200,708,703
linpack,200,11,7
linpack,200,614,609
fetchdata,200,88,88
matrixmul,200,565,558
matrixmul,200,177,170
matrixmul,200,91,86
genmatrix,200,36,28
matrixmul,200,17,11
genmatrix,200,41,31
fetchdata,200,84,84
fetchdata,200,77,77
genmatrix,200,37,28
matrixmul,200,571,565
matrixmul,200,383,376
fetchdata,200,79,79
fastfouriertransform,200,21,16
linpack,200,16,11
linpack,200,701,696
fetchdata,200,78,78
fetchdata,200,77,76
fetchdata,200,85,85
matrixmul,200,570,562
genmatrix,200,6,6
linpack,200,12,7
fetchdata,200,77,76
genmatrix,200,8,7
linpack,200,12,6
fastfouriertransform,200,734,723
fastfouriertransform,200,137,133
fetchdata,200,86,86
linpack,200,12,7
matrixmul,200,22,16
genmatrix,200,9,7
fastfouriertransform,200,12,7
fetchdata,200,80,79
fastfouriertransform,200,17,13
matrixmul,200,20,14
linpack,200,12,8
fetchdata,200,78,78
fetchdata,200,77,76
genmatrix,200,9,8
linpack,200,14,10
genmatrix,200,13,11
genmatrix,200,9,7
matrixmul,200,569,562
matrixmul,200,82,76
fetchdata,200,89,88
genmatrix,200,10,9
fastfouriertransform,200,11,6
fetchdata,200,78,77
linpack,200,710,706
matrixmul,200,565,558
fetchdata,200,76,76
genmatrix,200,38,29
linpack,200,42,37
fetchdata,200,83,83
genmatrix,200,4,3
fetchdata,200,76,76
linpack,200,12,7
matrixmul,200,568,562
matrixmul,200,279,273
genmatrix,200,12,10
matrixmul,200,24,18
fetchdata,200,75,75
genmatrix,200,4,3
fetchdata,200,77,77
matrixmul,200,581,574
fetchdata,200,88,88
fastfouriertransform,200,13,10
fastfouriertransform,200,11,6
fastfouriertransform,200,12,7
matrixmul,200,17,11
fetchdata,200,84,84
linpack,200,724,718
fetchdata,200,83,83
fetchdata,200,85,84
fastfouriertransform,200,11,6
fastfouriertransform,200,18,13
matrixmul,200,561,554
matrixmul,200,272,266
fastfouriertransform,200,11,7
genmatrix,200,37,28
genmatrix,200,4,4
linpack,200,752,747
linpack,200,260,255
linpack,200,18,13
matrixmul,200,21,14
linpack,200,719,714
fastfouriertransform,200,14,9
linpack,200,12,8
fetchdata,200,77,77
linpack,200,11,7
genmatrix,200,16,14
genmatrix,200,10,9
linpack,200,12,7
fetchdata,200,79,79
matrixmul,200,562,557
fastfouriertransform,200,720,716
fastfouriertransform,200,329,324
fastfouriertransform,200,237,232
fastfouriertransform,200,12,7
fetchdata,200,77,77
matrixmul,200,611,602
matrixmul,200,526,520
matrixmul,200,437,431
genmatrix,200,50,39
fastfouriertransform,200,15,9
fastfouriertransform,200,11,7
fetchdata,200,76,76
genmatrix,200,5,4
matrixmul,200,701,695
fastfouriertransform,200,19,14
genmatrix,200,39,30
linpack,200,12,7
fastfouriertransform,200,11,6
genmatrix,200,4,4
linpack,200,715,711
fetchdata,200,76,76
fetchdata,200,83,83
matrixmul,200,56,49
genmatrix,200,7,7
linpack,200,13,9
matrixmul,200,18,12
fetchdata,200,87,87
fastfouriertransform,200,15,11
genmatrix,200,5,4
linpack,200,712,707
fetchdata,200,79,79
linpack,200,717,712
genmatrix,200,37,29
linpack,200,17,12
genmatrix,200,9,7
fastfouriertransform,200,721,717
fastfouriertransform,200,228,224
genmatrix,200,46,29
matrixmul,200,588,582
matrixmul,200,301,294
fetchdata,200,83,82
linpack,200,14,8
fetchdata,200,77,77
fastfouriertransform,200,12,8
matrixmul,200,646,640
matrixmul,200,358,353
genmatrix,200,6,5
matrixmul,200,20,14
fetchdata,200,82,82
genmatrix,200,4,4
linpack,200,713,708
fastfouriertransform,200,13,8
genmatrix,200,15,13
genmatrix,200,10,9
fastfouriertransform,200,12,7
matrixmul,200,581,576
fastfouriertransform,200,11,7
linpack,200,12,7
fastfouriertransform,200,14,10
linpack,200,11,7
matrixmul,200,578,573
linpack,200,11,6
genmatrix,200,8,7
linpack,200,716,712
linpack,200,16,12
fastfouriertransform,200,758,753
linpack,200,10,6
fetchdata,200,76,76
matrixmul,200,556,550
matrixmul,200,69,62
fetchdata,200,83,83
genmatrix,200,9,8
matrixmul,200,19,13
fastfouriertransform,200,1075,1071
fastfouriertransform,200,82,77
fastfouriertransform,200,890,876
genmatrix,200,9,7
fetchdata,200,82,82
matrixmul,200,549,543
linpack,200,12,8
fetchdata,200,76,76
genmatrix,200,48,39
matrixmul,200,1000,994
matrixmul,200,913,907
matrixmul,200,428,421
linpack,200,88,84
genmatrix,200,8,7
linpack,200,13,7
fastfouriertransform,200,715,710
matrixmul,200,580,572
fetchdata,200,90,90
genmatrix,200,6,5
genmatrix,200,36,28
matrixmul,200,1027,1022
matrixmul,200,939,933
matrixmul,200,1753,1749
fetchdata,200,134,134
fastfouriertransform,200,19,15
fetchdata,200,77,77
linpack,200,11,7
matrixmul,200,905,899
linpack,200,12,7
fetchdata,200,84,84
genmatrix,200,44,34
matrixmul,200,1064,1053
genmatrix,200,4,3
genmatrix,200,40,32
fetchdata,200,87,86
fastfouriertransform,200,711,706
matrixmul,200,1519,1512
matrixmul,200,1033,1026
matrixmul,200,642,636
matrixmul,200,789,776
matrixmul,200,2401,2395
matrixmul,200,313,306
linpack,200,705,700
linpack,200,211,206
fastfouriertransform,200,814,803
fetchdata,200,76,76
linpack,200,702,697
genmatrix,200,4,3
linpack,200,609,604
linpack,200,11,6
linpack,200,12,7
genmatrix,200,4,3
fastfouriertransform,200,1023,1017
fastfouriertransform,200,829,824
fastfouriertransform,200,138,134
linpack,200,12,7
linpack,200,13,8
matrixmul,200,560,555
matrixmul,200,471,465
linpack,200,14,10
linpack,200,17,12
linpack,200,21,7
linpack,200,13,8
genmatrix,200,4,4
matrixmul,200,578,572
genmatrix,200,10,9
fastfouriertransform,200,22,8
fetchdata,200,77,77
genmatrix,200,8,7
matrixmul,200,1030,1020
matrixmul,200,639,634
matrixmul,200,153,148
genmatrix,200,12,11
linpack,200,725,721
genmatrix,200,43,34
matrixmul,200,575,569
fastfouriertransform,200,743,738
fetchdata,200,79,78
fetchdata,200,76,76
fetchdata,200,76,76
fetchdata,200,76,76
matrixmul,200,19,13
matrixmul,200,20,14
fastfouriertransform,200,1249,1245
fastfouriertransform,200,1157,1152
fastfouriertransform,200,1066,1062
fetchdata,200,78,78
fastfouriertransform,200,872,868
fastfouriertransform,200,11,6
linpack,200,12,7
linpack,200,715,709
fastfouriertransform,200,14,9
matrixmul,200,564,559
matrixmul,200,276,269
fetchdata,200,77,76
genmatrix,200,40,30
fastfouriertransform,200,11,6
fastfouriertransform,200,12,7
fetchdata,200,85,85
genmatrix,200,5,5
matrixmul,200,745,739
matrixmul,200,18,12
genmatrix,200,45,28
matrixmul,200,16,11
genmatrix,200,49,31
matrixmul,200,25,17
matrixmul,200,20,14
genmatrix,200,9,7
linpack,200,12,7
genmatrix,200,38,29
linpack,200,16,10
fetchdata,200,83,82
genmatrix,200,5,4
fastfouriertransform,200,729,725
fastfouriertransform,200,136,131
fetchdata,200,76,76
fetchdata,200,76,76
linpack,200,18,12
linpack,200,11,7
matrixmul,200,570,564
matrixmul,200,282,276
matrixmul,200,193,186
fetchdata,200,80,80
fetchdata,200,83,83
genmatrix,200,6,6
linpack,200,721,715
fetchdata,200,85,84
matrixmul,200,19,12
fetchdata,200,80,80
matrixmul,200,21,15
linpack,200,15,9
fastfouriertransform,200,721,716
fetchdata,200,76,76
linpack,200,12,8
matrixmul,200,547,538
fetchdata,200,83,83
fetchdata,200,80,80
genmatrix,200,4,3
fastfouriertransform,200,1329,1324
matrixmul,200,991,986
linpack,200,12,8
linpack,200,19,14
genmatrix,200,47,37
genmatrix,200,43,33
fastfouriertransform,200,1032,1027
fastfouriertransform,200,142,138
matrixmul,200,1449,1443
matrixmul,200,761,755
matrixmul,200,71,65
matrixmul,200,682,677
fetchdata,200,78,77
fastfouriertransform,200,16,10
fetchdata,200,86,86
genmatrix,200,10,9
fetchdata,200,84,84
linpack,200,14,10
genmatrix,200,41,33
linpack,200,13,8
fastfouriertransform,200,717,712
matrixmul,200,17,11
linpack,200,12,8
fetchdata,200,76,76
genmatrix,200,43,33
genmatrix,200,47,35
fastfouriertransform,200,1216,1210
fastfouriertransform,200,325,320
fastfouriertransform,200,1131,1127
genmatrix,200,40,28
genmatrix,200,10,10
linpack,200,219,6
linpack,200,15,7
fastfouriertransform,200,14,10
matrixmul,200,21,14
genmatrix,200,39,29
fetchdata,200,77,76
fetchdata,200,75,75
linpack,200,752,748
fetchdata,200,82,82
genmatrix,200,7,6
fetchdata,200,88,87
genmatrix,200,40,28
matrixmul,200,576,568
linpack,200,13,8
genmatrix,200,46,36
genmatrix,200,8,7
linpack,200,11,6
matrixmul,200,826,821
matrixmul,200,739,733
fastfouriertransform,200,726,721
fastfouriertransform,200,134,129
genmatrix,200,6,6
fetchdata,200,78,78
fetchdata,200,76,75
matrixmul,200,798,792
genmatrix,200,8,7
matrixmul,200,510,503
genmatrix,200,15,14
linpack,200,15,11
fetchdata,200,86,86
linpack,200,708,703
fastfouriertransform,200,11,7
fastfouriertransform,200,11,6
fastfouriertransform,200,14,9
matrixmul,200,558,553
matrixmul,200,268,263
fetchdata,200,80,80
fetchdata,200,77,77
genmatrix,200,4,4
genmatrix,200,4,4
genmatrix,200,11,10
matrixmul,200,617,610
fastfouriertransform,200,691,686
fetchdata,200,76,76
matrixmul,200,17,11
genmatrix,200,40,28
fetchdata,200,77,76
fetchdata,200,81,80
fastfouriertransform,200,797,793
fastfouriertransform,200,305,301
fastfouriertransform,200,212,207
fastfouriertransform,200,20,16
linpack,200,13,8
linpack,200,12,7
matrixmul,200,17,11
fastfouriertransform,200,15,10
genmatrix,200,5,5
matrixmul,200,18,12
fetchdata,200,79,78
fastfouriertransform,200,16,6
matrixmul,200,17,11
fastfouriertransform,200,16,9
genmatrix,200,101,14
genmatrix,200,5,5
matrixmul,200,18,11
fetchdata,200,76,75
linpack,200,11,6
fastfouriertransform,200,41,35
fetchdata,200,83,82
genmatrix,200,45,35
fetchdata,200,76,76
fetchdata,200,76,76
linpack,200,12,7
matrixmul,200,21,16
fastfouriertransform,200,15,10
fetchdata,200,84,84
linpack,200,12,7
fetchdata,200,84,84
genmatrix,200,45,34
fastfouriertransform,200,12,8
linpack,200,13,9
matrixmul,200,579,573
linpack,200,11,6
fastfouriertransform,200,15,11
genmatrix,200,6,5
linpack,200,16,9
linpack,200,15,10
matrixmul,200,1035,1029
fastfouriertransform,200,11,6
linpack,200,709,703
fastfouriertransform,200,13,8
linpack,200,12,7
matrixmul,200,569,563
linpack,200,11,7
genmatrix,200,8,7
fetchdata,200,76,76
genmatrix,200,48,38
matrixmul,200,921,913
matrixmul,200,731,724
fetchdata,200,86,85
fastfouriertransform,200,14,10
linpack,200,12,7
fetchdata,200,79,79
linpack,200,719,715
matrixmul,200,18,12
matrixmul,200,19,13
fastfouriertransform,200,728,723
genmatrix,200,9,9
genmatrix,200,5,5
linpack,200,743,736
fetchdata,200,76,76
genmatrix,200,8,7
fastfouriertransform,200,1235,1230
matrixmul,200,22,15
linpack,200,1347,1341
linpack,200,1055,1050
linpack,200,965,960
linpack,200,671,666
linpack,200,379,374
fetchdata,200,86,86
fetchdata,200,80,80
matrixmul,200,32,25
matrixmul,200,17,11
linpack,200,11,6
fastfouriertransform,200,712,708
genmatrix,200,45,32
fetchdata,200,94,94
fastfouriertransform,200,18,14
fetchdata,200,84,83
fastfouriertransform,200,12,7
linpack,200,12,6
genmatrix,200,4,4
genmatrix,200,6,5
genmatrix,200,42,34
fastfouriertransform,200,11,7
matrixmul,200,581,575
genmatrix,200,8,7
genmatrix,200,47,39
linpack,200,15,9
matrixmul,200,21,15
genmatrix,200,4,4
matrixmul,200,17,11
fetchdata,200,78,78
fastfouriertransform,200,725,720
fetchdata,200,91,90
linpack,200,11,6
fetchdata,200,78,78
fastfouriertransform,200,1242,1238
fastfouriertransform,200,654,649
fastfouriertransform,200,561,557
fastfouriertransform,200,367,363
fetchdata,200,83,83
linpack,200,12,7
genmatrix,200,4,3
matrixmul,200,585,579
matrixmul,200,498,491
matrixmul,200,213,209
matrixmul,200,24,18
genmatrix,200,10,8
fastfouriertransform,200,13,8
genmatrix,200,5,4
linpack,200,11,6
fastfouriertransform,200,11,7
fetchdata,200,131,131
genmatrix,200,10,8
genmatrix,200,4,4
fetchdata,200,89,88
fastfouriertransform,200,728,723
linpack,200,713,707
fetchdata,200,76,76
fetchdata,200,86,86
fastfouriertransform,200,1326,1322
matrixmul,200,557,552
matrixmul,200,67,62
fetchdata,200,80,80
genmatrix,200,44,28
linpack,200,1111,1105
linpack,200,1017,1012
matrixmul,200,17,11
genmatrix,200,8,7
fastfouriertransform,200,1629,1625
fetchdata,200,85,85
fetchdata,200,79,79
matrixmul,200,17,12
fetchdata,200,76,76
genmatrix,200,4,4
linpack,200,1507,1502
linpack,200,1316,1311
genmatrix,200,11,9
fastfouriertransform,200,1144,1140
fastfouriertransform,200,1055,1050
fastfouriertransform,200,257,252
fastfouriertransform,200,17,13
fastfouriertransform,200,13,8
fetchdata,200,77,77
matrixmul,200,17,11
linpack,200,720,714
linpack,200,128,123
fetchdata,200,85,85
genmatrix,200,9,7
genmatrix,200,9,7
genmatrix,200,8,7
fetchdata,200,86,86
fastfouriertransform,200,745,740
fetchdata,200,81,81
linpack,200,11,6
fetchdata,200,76,76
fetchdata,200,79,79
matrixmul,200,584,578
fetchdata,200,81,81
genmatrix,200,8,7
genmatrix,200,4,3
matrixmul,200,588,581
matrixmul,200,501,496
fastfouriertransform,200,11,6
genmatrix,200,50,35
linpack,200,744,739
linpack,200,152,146
fetchdata,200,83,83
fetchdata,200,77,77
fetchdata,200,77,76
matrixmul,200,19,11
fastfouriertransform,200,17,11
genmatrix,200,9,9
fetchdata,200,81,81
linpack,200,17,13
linpack,200,11,7
matrixmul,200,606,573
fetchdata,200,77,77
fastfouriertransform,200,746,743
fastfouriertransform,200,663,658
fastfouriertransform,200,571,567
fastfouriertransform,200,479,475
fastfouriertransform,200,179,175
fastfouriertransform,200,14,10
fastfouriertransform,200,15,10
matrixmul,200,578,572
matrixmul,200,91,85
matrixmul,200,18,12
linpack,200,716,709
fetchdata,200,82,82
matrixmul,200,19,14
fastfouriertransform,200,726,722
fastfouriertransform,200,644,639
genmatrix,200,4,3
fetchdata,200,84,84
genmatrix,200,13,11
matrixmul,200,560,554
matrixmul,200,369,362
fetchdata,200,83,83
linpack,200,15,9
linpack,200,12,6
genmatrix,200,8,7
fastfouriertransform,200,834,830
matrixmul,200,17,11
matrixmul,200,23,13
matrixmul,200,18,12
matrixmul,200,17,11
linpack,200,13,8
linpack,200,13,9
matrixmul,200,18,12
genmatrix,200,10,9
fastfouriertransform,200,725,719
genmatrix,200,38,28
fetchdata,200,88,87
genmatrix,200,44,35
fetchdata,200,82,82
genmatrix,200,5,4
linpack,200,717,713
matrixmul,200,573,567
matrixmul,200,85,79
genmatrix,200,39,32
fetchdata,200,78,78
fastfouriertransform,200,17,9
fetchdata,200,87,87
linpack,200,1218,1214
linpack,200,124,112
fastfouriertransform,200,11,6
genmatrix,200,4,3
fetchdata,200,78,78
genmatrix,200,48,34
fastfouriertransform,200,12,7
genmatrix,200,39,28
linpack,200,701,696
matrixmul,200,18,11
genmatrix,200,7,6
matrixmul,200,21,15
fastfouriertransform,200,20,8
fetchdata,200,76,75
linpack,200,1094,1088
linpack,200,702,697
linpack,200,606,602
fetchdata,200,78,78
fetchdata,200,83,83
fetchdata,200,76,75
linpack,200,702,698
linpack,200,507,501
fastfouriertransform,200,727,721
fastfouriertransform,200,1685,1674
fastfouriertransform,200,1106,1098
fastfouriertransform,200,1014,1006
fastfouriertransform,200,317,309
fastfouriertransform,200,1429,1419
fastfouriertransform,200,13,9
genmatrix,200,1748,1747
genmatrix,200,252,252
genmatrix,200,11,10
fetchdata,200,1818,1818
fetchdata,200,399,399
fetchdata,200,991,991
fastfouriertransform,200,14,10
fetchdata,200,1466,1466
linpack,200,2134,2127
linpack,200,1651,1642
genmatrix,200,45,38
fetchdata,200,80,80
fastfouriertransform,200,772,764
fastfouriertransform,200,685,678
fastfouriertransform,200,285,279
fastfouriertransform,200,93,84
linpack,200,2151,2142
genmatrix,200,9,8
genmatrix,200,7,7
genmatrix,200,14,12
matrixmul,200,2133,2124
matrixmul,200,1353,1348
matrixmul,200,1773,1768
fetchdata,200,76,76
genmatrix,200,35,28
linpack,200,1869,1866
fastfouriertransform,200,763,759
fastfouriertransform,200,156,152
fetchdata,200,83,83
fetchdata,200,88,88
genmatrix,200,55,37
genmatrix,200,5,5
fetchdata,200,76,76
genmatrix,200,9,8
matrixmul,200,553,548
linpack,200,3352,3344
genmatrix,200,10,8
fetchdata,200,88,87
genmatrix,200,4,4
genmatrix,200,5,4
linpack,200,4857,4849
linpack,200,4362,4354
fetchdata,200,87,87
linpack,200,22,18
genmatrix,200,49,36
matrixmul,200,552,547
matrixmul,200,465,460
genmatrix,200,4,3
fetchdata,200,82,82
matrixmul,200,24,19
linpack,200,3372,3362
linpack,200,3282,3274
linpack,200,1795,1791
fastfouriertransform,200,12,8
fetchdata,200,83,83
linpack,200,706,701
fetchdata,200,77,77
matrixmul,200,16,11
matrixmul,200,17,12
matrixmul,200,22,17
genmatrix,200,45,35
linpack,200,1307,1303
genmatrix,200,5,4
fastfouriertransform,200,760,756
fastfouriertransform,200,368,364
fastfouriertransform,200,273,270
genmatrix,200,13,12
fetchdata,200,88,88
fastfouriertransform,200,12,8
genmatrix,200,48,36
fetchdata,200,77,76
linpack,200,716,711
fastfouriertransform,200,12,8
genmatrix,200,42,29
linpack,200,16,12
fetchdata,200,86,86
genmatrix,200,7,6
linpack,200,11,6
fastfouriertransform,200,10,7
genmatrix,200,9,8
fastfouriertransform,200,17,12
genmatrix,200,15,14
fetchdata,200,78,78
fetchdata,200,77,77
fastfouriertransform,200,11,7
matrixmul,200,17,12
linpack,200,15,11
fetchdata,200,83,82
fetchdata,200,76,76
linpack,200,12,8
matrixmul,200,224,10
matrixmul,200,17,11
linpack,200,14,9
fetchdata,200,89,89
genmatrix,200,12,11
genmatrix,200,9,8
fastfouriertransform,200,11,7
fetchdata,200,92,91
genmatrix,200,6,5
fetchdata,200,77,76
linpack,200,229,7
fetchdata,200,81,81
linpack,200,714,710
fastfouriertransform,200,11,7
fastfouriertransform,200,12,8
fastfouriertransform,200,13,9
genmatrix,200,4,4
linpack,200,26,14
genmatrix,200,41,28
matrixmul,200,17,10
linpack,200,11,7
linpack,200,12,8
matrixmul,200,20,15
fetchdata,200,76,76
fastfouriertransform,200,12,8
matrixmul,200,556,550
fastfouriertransform,200,11,7
fastfouriertransform,200,11,7
genmatrix,200,4,4
fetchdata,200,85,84
matrixmul,200,805,799
fetchdata,200,86,86
genmatrix,200,8,7
fetchdata,200,76,76
matrixmul,200,1259,1254
matrixmul,200,869,864
matrixmul,200,483,477
matrixmul,200,1192,971
matrixmul,200,410,405
fastfouriertransform,200,16,11
matrixmul,200,116,111
linpack,200,13,9
fastfouriertransform,200,12,7
fetchdata,200,76,76
fetchdata,200,84,84
fastfouriertransform,200,13,9
matrixmul,200,570,564
matrixmul,200,285,276
linpack,200,13,8
fetchdata,200,84,84
fetchdata,200,85,84
linpack,200,11,7
matrixmul,200,735,730
linpack,200,11,7
genmatrix,200,4,3
fastfouriertransform,200,14,11
linpack,200,14,10
matrixmul,200,1171,1166
matrixmul,200,1090,1084
matrixmul,200,900,895
matrixmul,200,209,203
fastfouriertransform,200,17,13
fastfouriertransform,200,27,23
fastfouriertransform,200,10,6
fastfouriertransform,200,12,7
fetchdata,200,89,88
fastfouriertransform,200,14,9
fetchdata,200,81,81
linpack,200,15,10
linpack,200,11,6
matrixmul,200,17,10
linpack,200,13,8
genmatrix,200,9,8
genmatrix,200,6,4
genmatrix,200,8,7
fetchdata,200,76,76
genmatrix,200,9,7
genmatrix,200,7,7
linpack,200,737,733
linpack,200,24,9
linpack,200,12,6
fetchdata,200,84,84
genmatrix,200,11,9
fastfouriertransform,200,768,763
fastfouriertransform,200,577,573
fastfouriertransform,200,182,178
fetchdata,200,77,77
linpack,200,11,6
genmatrix,200,39,28
linpack,200,709,704
linpack,200,11,7
fastfouriertransform,200,13,9
genmatrix,200,4,4
fastfouriertransform,200,11,7
linpack,200,11,6
genmatrix,200,8,7
linpack,200,11,6
genmatrix,200,10,9
linpack,200,718,714
genmatrix,200,41,33
fastfouriertransform,200,11,7
fastfouriertransform,200,11,7
genmatrix,200,6,5
genmatrix,200,5,4
matrixmul,200,554,548
fastfouriertransform,200,12,7
fastfouriertransform,200,11,7
fetchdata,200,87,86
matrixmul,200,931,926
matrixmul,200,541,536
matrixmul,200,461,455
linpack,200,13,9
fetchdata,200,77,76
fetchdata,200,76,76
genmatrix,200,8,7
fetchdata,200,91,90
fastfouriertransform,200,765,761
fetchdata,200,89,89
linpack,200,11,6
fetchdata,200,77,77
fetchdata,200,80,80
matrixmul,200,23,18
fetchdata,200,83,83
fastfouriertransform,200,1011,1007
genmatrix,200,11,9
linpack,200,702,697
fetchdata,200,76,76
fetchdata,200,76,75
fetchdata,200,84,84
genmatrix,200,5,5
fastfouriertransform,200,1463,1459
fetchdata,200,77,76
fetchdata,200,76,76
genmatrix,200,8,7
matrixmul,200,547,539
genmatrix,200,57,32
fastfouriertransform,200,1161,1157
genmatrix,200,4,4
linpack,200,732,728
genmatrix,200,50,37
genmatrix,200,10,8
linpack,200,737,733
fastfouriertransform,200,1818,1814
genmatrix,200,8,7
matrixmul,200,19,13
linpack,200,1047,1042
linpack,200,560,556
linpack,200,946,941
linpack,200,449,444
linpack,200,158,154
fetchdata,200,77,77
fastfouriertransform,200,1819,1815
matrixmul,200,16,11
fastfouriertransform,200,1426,1422
genmatrix,200,40,28
genmatrix,200,46,32
genmatrix,200,45,32
genmatrix,200,44,35
fastfouriertransform,200,1360,1356
fastfouriertransform,200,461,456
fastfouriertransform,200,1875,1871
genmatrix,200,40,28
fetchdata,200,84,83
matrixmul,200,552,546
matrixmul,200,469,463
matrixmul,200,177,169
matrixmul,200,95,89
fetchdata,200,78,78
matrixmul,200,16,11
genmatrix,200,6,6
matrixmul,200,20,15
linpack,200,13,8
genmatrix,200,8,7
linpack,200,725,714
fetchdata,200,77,77
fastfouriertransform,200,777,773
fetchdata,200,85,84
linpack,200,12,8
matrixmul,200,553,547
matrixmul,200,362,356
genmatrix,200,4,3
fetchdata,200,82,82
fastfouriertransform,200,758,753
fastfouriertransform,200,472,467
fastfouriertransform,200,173,169
fetchdata,200,85,84
linpack,200,11,6
linpack,200,723,719
linpack,200,11,7
fetchdata,200,89,89
fastfouriertransform,200,16,11
matrixmul,200,570,564
fetchdata,200,76,76
fastfouriertransform,200,18,13
fetchdata,200,85,84
matrixmul,200,934,928
matrixmul,200,840,834
matrixmul,200,556,551
matrixmul,200,67,61
matrixmul,200,20,14
linpack,200,11,6
linpack,200,704,699
matrixmul,200,17,11
fetchdata,200,80,80
genmatrix,200,4,4
linpack,200,708,704
genmatrix,200,35,28
linpack,200,705,700
fetchdata,200,87,87
matrixmul,200,552,546
matrixmul,200,254,249
matrixmul,200,74,67
genmatrix,200,5,4
genmatrix,200,11,7
genmatrix,200,34,28
linpack,200,1112,1108
fastfouriertransform,200,12,8
fetchdata,200,83,83
matrixmul,200,23,14
fetchdata,200,88,88
fetchdata,200,77,77
genmatrix,200,50,30
fastfouriertransform,200,12,7
linpack,200,12,7
matrixmul,200,559,553
fastfouriertransform,200,12,7
genmatrix,200,13,11
matrixmul,200,895,889
linpack,200,12,8
fetchdata,200,125,125
fetchdata,200,94,94
fastfouriertransform,200,772,767
matrixmul,200,1240,1232
genmatrix,200,47,36
fetchdata,200,79,79
fetchdata,200,76,76
linpack,200,21,16
matrixmul,200,1476,1471
matrixmul,200,1181,1176
linpack,200,12,7
fastfouriertransform,200,825,820
fastfouriertransform,200,30,26
matrixmul,200,1332,1326
matrixmul,200,1043,1037
matrixmul,200,353,346
matrixmul,200,269,264
matrixmul,200,679,673
fetchdata,200,80,80
genmatrix,200,14,11
matrixmul,200,624,617
fastfouriertransform,200,752,748
linpack,200,11,7
genmatrix,200,4,4
matrixmul,200,877,871
fetchdata,200,80,80
fetchdata,200,76,76
fastfouriertransform,200,892,888
fastfouriertransform,200,500,492
fastfouriertransform,200,807,802
fastfouriertransform,200,411,407
fastfouriertransform,200,213,208
fetchdata,200,76,76
fastfouriertransform,200,21,8
fetchdata,200,90,89
matrixmul,200,1314,1308
genmatrix,200,21,9
fetchdata,200,81,81
linpack,200,12,7
fastfouriertransform,200,10,6
genmatrix,200,4,4
linpack,200,15,10
genmatrix,200,46,38
fetchdata,200,77,76
linpack,200,11,6
fetchdata,200,81,81
genmatrix,200,48,35
linpack,200,14,9
linpack,200,12,7
matrixmul,200,637,632
genmatrix,200,38,28
matrixmul,200,17,11
genmatrix,200,4,4
linpack,200,13,8
genmatrix,200,6,5
genmatrix,200,41,28
fetchdata,200,82,81
matrixmul,200,565,559
matrixmul,200,276,270
fetchdata,200,90,90
linpack,200,14,9
genmatrix,200,36,28
fastfouriertransform,200,713,708
genmatrix,200,5,4
matrixmul,200,568,562
matrixmul,200,182,176
matrixmul,200,93,87
linpack,200,727,721
linpack,200,710,705
linpack,200,213,207
genmatrix,200,6,6
fastfouriertransform,200,711,707
genmatrix,200,13,11
genmatrix,200,9,8
matrixmul,200,568,562
matrixmul,200,277,271
linpack,200,15,10
genmatrix,200,46,28
fetchdata,200,86,85
fastfouriertransform,200,920,915
fastfouriertransform,200,230,226
fetchdata,200,84,84
linpack,200,13,9
fastfouriertransform,200,18,11
genmatrix,200,8,7
matrixmul,200,570,564
matrixmul,200,393,387
fetchdata,200,77,77
matrixmul,200,849,843
matrixmul,200,556,550
matrixmul,200,289,271
matrixmul,200,88,83
genmatrix,200,43,34
genmatrix,200,9,7
linpack,200,719,714
fetchdata,200,79,79
linpack,200,749,744
fetchdata,200,84,84
fastfouriertransform,200,17,13
linpack,200,13,8
matrixmul,200,554,549
fetchdata,200,77,77
fetchdata,200,77,76
linpack,200,14,9
linpack,200,1249,1244
fastfouriertransform,200,13,8
genmatrix,200,5,4
genmatrix,200,4,3
matrixmul,200,564,558
genmatrix,200,3,3
linpack,200,11,6
genmatrix,200,4,4
linpack,200,720,716
fastfouriertransform,200,26,23
genmatrix,200,56,33
fetchdata,200,78,77
matrixmul,200,63,57
fastfouriertransform,200,12,7
genmatrix,200,8,7
genmatrix,200,8,7
matrixmul,200,562,555
matrixmul,200,281,276
matrixmul,200,88,83
linpack,200,16,12
fetchdata,200,78,78
genmatrix,200,4,3
fastfouriertransform,200,723,718
fetchdata,200,76,76
linpack,200,35,31
linpack,200,15,7
fastfouriertransform,200,1229,1225
genmatrix,200,42,33
fastfouriertransform,200,934,930
linpack,200,710,705
fastfouriertransform,200,13,8
fastfouriertransform,200,18,12
matrixmul,200,553,548
linpack,200,710,705
linpack,200,315,311
fetchdata,200,87,86
fastfouriertransform,200,11,7
fetchdata,200,77,76
linpack,200,12,7
fetchdata,200,83,83
matrixmul,200,890,885
genmatrix,200,6,6
fetchdata,200,77,77
genmatrix,200,37,29
matrixmul,200,565,557
matrixmul,200,70,63
fetchdata,200,85,85
linpack,200,15,10
linpack,200,736,728
fetchdata,200,86,86
fastfouriertransform,200,11,7
fetchdata,200,77,77
fetchdata,200,77,77
fetchdata,200,88,87
fastfouriertransform,200,13,8
genmatrix,200,43,35
matrixmul,200,17,11
matrixmul,200,17,11
genmatrix,200,38,31
linpack,200,14,9
linpack,200,702,698
fastfouriertransform,200,11,7
genmatrix,200,40,33
matrixmul,200,571,565
genmatrix,200,6,6
linpack,200,13,8
genmatrix,200,37,28
fastfouriertransform,200,705,701
fastfouriertransform,200,410,403
fastfouriertransform,200,215,210
fastfouriertransform,200,23,19
matrixmul,200,933,927
matrixmul,200,16,11
fetchdata,200,88,88
matrixmul,200,561,554
matrixmul,200,373,368
matrixmul,200,283,277
genmatrix,200,41,33
fastfouriertransform,200,13,8
genmatrix,200,9,8
matrixmul,200,743,737
genmatrix,200,9,7
linpack,200,12,8
matrixmul,200,1193,1187
fastfouriertransform,200,715,710
fetchdata,200,77,77
genmatrix,200,41,30
matrixmul,200,1348,1342
matrixmul,200,1258,1253
matrixmul,200,564,557
fetchdata,200,81,81
matrixmul,200,278,267
matrixmul,200,189,183
linpack,200,11,7
linpack,200,733,727
genmatrix,200,9,8
matrixmul,200,17,11
fastfouriertransform,200,1312,1307
linpack,200,19,12
fetchdata,200,82,82
linpack,200,14,9
fastfouriertransform,200,1819,1817
fastfouriertransform,200,626,621
fastfouriertransform,200,129,124
fetchdata,200,86,85
genmatrix,200,40,32
genmatrix,200,12,11
linpack,200,707,702
fetchdata,200,76,76
linpack,200,14,9
fastfouriertransform,200,733,729
fastfouriertransform,200,642,637
linpack,200,12,8
matrixmul,200,561,554
matrixmul,200,270,260
fetchdata,200,82,82
genmatrix,200,11,9
genmatrix,200,38,28
genmatrix,200,4,3
genmatrix,200,41,29
genmatrix,200,43,35
linpack,200,16,11
matrixmul,200,18,12
matrixmul,200,17,11
genmatrix,200,46,33
fetchdata,200,77,77
matrixmul,200,570,565
fetchdata,200,76,76
genmatrix,200,39,33
linpack,200,722,716
matrixmul,200,826,819
matrixmul,200,534,528
matrixmul,200,448,441
matrixmul,200,251,244
fetchdata,200,82,82
fastfouriertransform,200,11,6
linpack,200,12,8
genmatrix,200,5,4
matrixmul,200,701,694
matrixmul,200,213,205
fastfouriertransform,200,13,8
fetchdata,200,76,76
fetchdata,200,76,76
genmatrix,200,43,30
linpack,200,742,737
genmatrix,200,37,28
matrixmul,200,574,569
matrixmul,200,383,377
matrixmul,200,17,11
genmatrix,200,8,8
fastfouriertransform,200,714,709
fastfouriertransform,200,322,317
fastfouriertransform,200,232,229
linpack,200,708,703
fetchdata,200,76,76
genmatrix,200,5,5
genmatrix,200,11,9
fastfouriertransform,200,732,726
fastfouriertransform,200,642,637
matrixmul,200,18,11
fetchdata,200,76,76
matrixmul,200,18,12
fetchdata,200,78,78
fetchdata,200,90,89
linpack,200,13,8
fastfouriertransform,200,1240,1235
fetchdata,200,76,75
linpack,200,12,7
fetchdata,200,77,77
genmatrix,200,9,7
genmatrix,200,43,35
linpack,200,715,711
genmatrix,200,48,38
fastfouriertransform,200,1642,1637
linpack,200,11,6
genmatrix,200,42,28
genmatrix,200,39,29
matrixmul,200,19,14
genmatrix,200,11,9
genmatrix,200,6,6
fastfouriertransform,200,851,846
genmatrix,200,36,32
genmatrix,200,44,32
genmatrix,200,9,8
matrixmul,200,560,555
matrixmul,200,372,366
fastfouriertransform,200,1299,1294
genmatrix,200,12,11
fetchdata,200,127,127
matrixmul,200,551,546
fetchdata,200,82,81
genmatrix,200,43,35
fastfouriertransform,200,3697,3693
fastfouriertransform,200,1304,1299
fastfouriertransform,200,714,708
fastfouriertransform,200,621,616
fetchdata,200,76,76
fastfouriertransform,200,11,6
matrixmul,200,796,789
matrixmul,200,18,12
genmatrix,200,8,7
fetchdata,200,129,129
matrixmul,200,17,11
fetchdata,200,76,76
fastfouriertransform,200,706,701
genmatrix,200,11,5
linpack,200,731,726
linpack,200,141,137
genmatrix,200,11,9
genmatrix,200,46,35
genmatrix,200,4,4
matrixmul,200,17,11
linpack,200,702,698
fetchdata,200,79,79
matrixmul,200,27,22
genmatrix,200,5,5
matrixmul,200,22,16
genmatrix,200,41,33
genmatrix,200,40,28
genmatrix,200,43,37
matrixmul,200,21,15
genmatrix,200,7,7
fetchdata,200,76,76
fastfouriertransform,200,716,711
fastfouriertransform,200,126,122
fastfouriertransform,200,14,10
matrixmul,200,20,13
genmatrix,200,43,34
matrixmul,200,50,45
fetchdata,200,76,76
linpack,200,730,726
linpack,200,640,636
matrixmul,200,17,12
linpack,200,14,10
genmatrix,200,40,32
fastfouriertransform,200,707,703
fastfouriertransform,200,518,513
fetchdata,200,92,92
matrixmul,200,556,547
genmatrix,200,4,3
genmatrix,200,4,3
linpack,200,707,702
linpack,200,611,607
fetchdata,200,85,85
fastfouriertransform,200,707,701
fastfouriertransform,200,110,105
genmatrix,200,40,33
genmatrix,200,4,4
matrixmul,200,576,570
fetchdata,200,76,76
linpack,200,1008,1003
fetchdata,200,87,86
linpack,200,18,13
matrixmul,200,635,629
matrixmul,200,446,440
fetchdata,200,77,77
linpack,200,11,6
fetchdata,200,80,79
fetchdata,200,91,91
genmatrix,200,10,9
fastfouriertransform,200,690,677
fastfouriertransform,200,398,394
linpack,200,12,7
genmatrix,200,4,3
fetchdata,200,77,76
genmatrix,200,4,4
fastfouriertransform,200,16,12
fastfouriertransform,200,16,12
fetchdata,200,81,81
genmatrix,200,4,3
fetchdata,200,77,77
matrixmul,200,107,100
fastfouriertransform,200,719,714
fastfouriertransform,200,323,318
linpack,200,11,7
linpack,200,14,9
linpack,200,16,10
matrixmul,200,553,547
matrixmul,200,18,12
fastfouriertransform,200,730,726
fastfouriertransform,200,842,627
linpack,200,711,705
linpack,200,12,8
fastfouriertransform,200,1134,1130
fastfouriertransform,200,639,636
matrixmul,200,568,562
matrixmul,200,483,477
matrixmul,200,289,283
genmatrix,200,40,30
linpack,200,11,7
genmatrix,200,10,9
linpack,200,84,79
genmatrix,200,9,8
linpack,200,13,8
fastfouriertransform,200,1045,1041
matrixmul,200,24,17
linpack,200,11,7
fetchdata,200,88,88
matrixmul,200,21,14
fastfouriertransform,200,1543,1539
fastfouriertransform,200,1343,1338
fastfouriertransform,200,562,557
genmatrix,200,11,9
matrixmul,200,556,550
fetchdata,200,86,86
fastfouriertransform,200,704,700
fastfouriertransform,200,207,203
genmatrix,200,5,4
matrixmul,200,1019,1014
matrixmul,200,928,921
matrixmul,200,434,427
linpack,200,17,13
linpack,200,13,8
genmatrix,200,37,28
matrixmul,200,1296,1290
fastfouriertransform,200,805,801
fastfouriertransform,200,710,706
matrixmul,200,18,12
genmatrix,200,7,7
linpack,200,738,732
fetchdata,200,77,77
matrixmul,200,18,11
fastfouriertransform,200,907,902
matrixmul,200,20,15
linpack,200,962,957
linpack,200,767,762
fastfouriertransform,200,1310,1305
genmatrix,200,5,4
fetchdata,200,84,84
genmatrix,200,10,8
genmatrix,200,5,4
linpack,200,1095,1090
linpack,200,691,687
linpack,200,604,599
linpack,200,915,910
linpack,200,522,517
fetchdata,200,78,78
linpack,200,11,6
fastfouriertransform,200,1206,1201
matrixmul,200,18,12
fetchdata,200,83,83
linpack,200,14,9
fetchdata,200,84,83
fastfouriertransform,200,2095,2090
fastfouriertransform,200,504,500
genmatrix,200,42,28
genmatrix,200,40,30
linpack,200,21,12
matrixmul,200,569,563
fastfouriertransform,200,12,7
fetchdata,200,80,80
fastfouriertransform,200,17,7
matrixmul,200,1039,1033
matrixmul,200,146,141
fetchdata,200,77,77
fastfouriertransform,200,707,703
matrixmul,200,602,596
genmatrix,200,42,34
linpack,200,715,710
genmatrix,200,6,6
fetchdata,200,77,77
matrixmul,200,965,959
matrixmul,200,676,670
fastfouriertransform,200,807,802
fastfouriertransform,200,13,9
genmatrix,200,5,5
fetchdata,200,88,88
genmatrix,200,12,10
linpack,200,819,815
linpack,200,726,720
linpack,200,432,428
fastfouriertransform,200,13,8
matrixmul,200,16,11
matrixmul,200,16,11
fetchdata,200,78,78
linpack,200,12,7
fetchdata,200,89,88
linpack,200,17,12
genmatrix,200,5,4
matrixmul,200,17,11
fastfouriertransform,200,717,713
fetchdata,200,84,84
genmatrix,200,5,5
linpack,200,708,703
matrixmul,200,568,561
matrixmul,200,177,164
matrixmul,200,18,13
fetchdata,200,77,77
fastfouriertransform,200,1370,1363
genmatrix,200,8,8
genmatrix,200,6,5
linpack,200,1309,1304
matrixmul,200,578,566
genmatrix,200,11,9
fastfouriertransform,200,1975,1971
fastfouriertransform,200,383,379
fastfouriertransform,200,289,284
fetchdata,200,92,92
genmatrix,200,4,4
linpack,200,1107,1102
linpack,200,1014,1010
linpack,200,422,418
fetchdata,200,78,78
fetchdata,200,76,76
fastfouriertransform,200,2307,2303
linpack,200,20,12
linpack,200,13,8
genmatrix,200,4,3
matrixmul,200,581,575
matrixmul,200,387,380
matrixmul,200,18,11
genmatrix,200,13,11
fastfouriertransform,200,2916,2911
fastfouriertransform,200,1321,1316
fastfouriertransform,200,930,926
genmatrix,200,41,28
linpack,200,715,710
linpack,200,218,213
matrixmul,200,589,583
genmatrix,200,12,9
linpack,200,11,7
fastfouriertransform,200,709,705
fastfouriertransform,200,514,510
fastfouriertransform,200,325,318
fastfouriertransform,200,231,226
matrixmul,200,656,651
linpack,200,12,7
linpack,200,13,8
fetchdata,200,81,80
matrixmul,200,617,611
fastfouriertransform,200,718,713
fetchdata,200,88,87
fetchdata,200,82,82
linpack,200,717,713
linpack,200,626,621
linpack,200,14,10
linpack,200,13,9
genmatrix,200,8,7
genmatrix,200,9,8
fastfouriertransform,200,951,947
matrixmul,200,560,555
linpack,200,16,8
genmatrix,200,5,5
genmatrix,200,4,4
linpack,200,12,6
matrixmul,200,619,611
genmatrix,200,45,37
fastfouriertransform,200,1558,1553
fastfouriertransform,200,1466,1461
linpack,200,13,9
genmatrix,200,6,5
linpack,200,13,8
fetchdata,200,79,79
matrixmul,200,673,665
genmatrix,200,73,29
matrixmul,200,28,18
linpack,200,14,8
genmatrix,200,4,3
matrixmul,200,20,14
genmatrix,200,7,7
genmatrix,200,9,8
fastfouriertransform,200,711,707
fetchdata,200,78,78
genmatrix,200,9,7
linpack,200,722,718
linpack,200,528,523
fetchdata,200,77,77
fetchdata,200,81,80
linpack,200,14,10
linpack,200,11,7
genmatrix,200,36,28
fetchdata,200,77,76
matrixmul,200,18,12
fastfouriertransform,200,743,738
fastfouriertransform,200,654,647
fetchdata,200,84,84
linpack,200,21,13
matrixmul,200,19,12
fetchdata,200,76,76
genmatrix,200,10,9
matrixmul,200,571,564
matrixmul,200,282,276
fetchdata,200,76,76
linpack,200,719,714
linpack,200,528,524
fetchdata,200,85,85
genmatrix,200,4,3
matrixmul,200,571,565
matrixmul,200,481,475
linpack,200,961,957
genmatrix,200,5,5
fetchdata,200,89,88
matrixmul,200,565,559
matrixmul,200,80,74
fetchdata,200,78,78
fastfouriertransform,200,11,6
linpack,200,1377,1373
linpack,200,1176,1171
linpack,200,891,886
linpack,200,796,787
fetchdata,200,124,124
matrixmul,200,563,557
fetchdata,200,81,81
genmatrix,200,15,14
genmatrix,200,7,7
fastfouriertransform,200,726,721
fetchdata,200,81,81
genmatrix,200,8,7
linpack,200,724,719
fetchdata,200,77,76
linpack,200,12,7
genmatrix,200,6,5
fastfouriertransform,200,1330,1326
fastfouriertransform,200,141,137
fetchdata,200,84,84
linpack,200,14,9
matrixmul,200,578,571
matrixmul,200,17,11
genmatrix,200,4,4
genmatrix,200,4,3
matrixmul,200,19,13
fastfouriertransform,200,1758,1754
fastfouriertransform,200,167,163
fastfouriertransform,200,14,10
matrixmul,200,17,11
fetchdata,200,86,85
fetchdata,200,91,91
matrixmul,200,21,15
linpack,200,749,739
linpack,200,461,456
linpack,200,368,362
fetchdata,200,76,76
matrixmul,200,17,11
fastfouriertransform,200,12,7
genmatrix,200,5,5
linpack,200,725,720
linpack,200,231,225
linpack,200,136,132
linpack,200,41,36
fastfouriertransform,200,11,7
genmatrix,200,46,38
matrixmul,200,574,568
fetchdata,200,77,77
genmatrix,200,4,4
matrixmul,200,921,915
fastfouriertransform,200,737,732
fetchdata,200,76,76
matrixmul,200,18,12
matrixmul,200,22,11
fetchdata,200,78,78
matrixmul,200,18,12
genmatrix,200,5,4
linpack,200,718,713
fastfouriertransform,200,1364,1360
fastfouriertransform,200,1166,1161
fastfouriertransform,200,374,369
genmatrix,200,39,28
matrixmul,200,16,11
fetchdata,200,89,89
genmatrix,200,4,4
genmatrix,200,10,8
fastfouriertransform,200,1722,1718
fastfouriertransform,200,829,825
matrixmul,200,568,561
genmatrix,200,9,9
fastfouriertransform,200,1436,1431
fastfouriertransform,200,1040,1036
matrixmul,200,566,560
fetchdata,200,81,81
genmatrix,200,11,10
matrixmul,200,1021,1015
matrixmul,200,435,426
matrixmul,200,848,843
linpack,200,715,710
genmatrix,200,37,30
fastfouriertransform,200,1345,1341
fastfouriertransform,200,649,644
fastfouriertransform,200,156,151
genmatrix,200,8,7
matrixmul,200,1310,1294
matrixmul,200,913,907
matrixmul,200,324,317
matrixmul,200,235,229
genmatrix,200,36,29
fastfouriertransform,200,12,7
linpack,200,14,7
matrixmul,200,688,681
matrixmul,200,600,592
fetchdata,200,77,76
fetchdata,200,77,77
fetchdata,200,77,77
fetchdata,200,87,86
genmatrix,200,9,8
matrixmul,200,952,945
fastfouriertransform,200,11,6
fetchdata,200,76,76
genmatrix,200,9,7
matrixmul,200,1296,1290
matrixmul,200,913,907
fastfouriertransform,200,18,11
matrixmul,200,524,518
fetchdata,200,86,86
genmatrix,200,9,8
genmatrix,200,35,28
genmatrix,200,3,3
fastfouriertransform,200,11,7
matrixmul,200,773,767
fetchdata,200,88,88
genmatrix,200,13,12
matrixmul,200,17,11
matrixmul,200,24,17
fastfouriertransform,200,14,9
linpack,200,722,716
linpack,200,629,624
fetchdata,200,82,82
matrixmul,200,57,52
genmatrix,200,36,28
genmatrix,200,43,32
genmatrix,200,7,6
fastfouriertransform,200,721,715
fastfouriertransform,200,230,225
linpack,200,1037,1032
fetchdata,200,76,76
fastfouriertransform,200,11,6
fetchdata,200,87,87
matrixmul,200,61,52
genmatrix,200,42,33
linpack,200,831,826
linpack,200,539,534
matrixmul,200,17,11
fetchdata,200,78,78
fastfouriertransform,200,13,8
genmatrix,200,11,10
matrixmul,200,23,17
linpack,200,737,732
linpack,200,42,37
fetchdata,200,82,81
matrixmul,200,580,574
matrixmul,200,193,186
fetchdata,200,85,85
fetchdata,200,77,76
fastfouriertransform,200,715,711
fastfouriertransform,200,23,18
fetchdata,200,78,77
linpack,200,707,703
linpack,200,521,516
linpack,200,326,322
fetchdata,200,91,90
genmatrix,200,46,34
fetchdata,200,83,83
fetchdata,200,83,83
fetchdata,200,87,87
genmatrix,200,45,35
linpack,200,709,704
fastfouriertransform,200,706,702
fetchdata,200,76,76
fetchdata,200,82,82
linpack,200,1106,1101
linpack,200,818,813
fastfouriertransform,200,13,9
linpack,200,521,517
linpack,200,734,729
linpack,200,336,330
fastfouriertransform,200,11,6
fetchdata,200,84,84
matrixmul,200,19,13
genmatrix,200,8,7
linpack,200,935,931
linpack,200,840,836
fetchdata,200,81,81
fastfouriertransform,200,699,694
fastfouriertransform,200,105,101
linpack,200,1236,1231
matrixmul,200,571,563
fetchdata,200,77,76
matrixmul,200,483,476
genmatrix,200,44,36
genmatrix,200,43,32
genmatrix,200,9,8
fetchdata,200,80,80
matrixmul,200,848,842
linpack,200,1535,1531
linpack,200,644,638
linpack,200,151,147
fetchdata,200,91,91
fetchdata,200,76,76
matrixmul,200,1314,1308
matrixmul,200,224,218
matrixmul,200,17,11
fastfouriertransform,200,705,700
matrixmul,200,17,11
fetchdata,200,81,81
linpack,200,15,9
genmatrix,200,8,7
fetchdata,200,76,76
fastfouriertransform,200,1201,1196
fetchdata,200,84,84
matrixmul,200,577,571
matrixmul,200,485,480
linpack,200,728,724
genmatrix,200,8,7
fastfouriertransform,200,1650,1645
fetchdata,200,77,76
genmatrix,200,8,7
linpack,200,1045,1040
genmatrix,200,4,3
matrixmul,200,568,561
matrixmul,200,18,11
fastfouriertransform,200,1400,1394
fastfouriertransform,200,1002,998
fetchdata,200,83,82
linpack,200,1544,1539
linpack,200,1251,1247
linpack,200,1058,1052
linpack,200,467,462
fastfouriertransform,200,1200,1195
fetchdata,200,84,83
genmatrix,200,37,27
genmatrix,200,4,4
linpack,200,966,961
fetchdata,200,76,76
fastfouriertransform,200,1090,1085
matrixmul,200,565,556
fastfouriertransform,200,14,12
fetchdata,200,81,81
genmatrix,200,9,7
linpack,200,1463,1458
linpack,502,63,59
fetchdata,200,78,78
genmatrix,200,43,33
genmatrix,200,6,5
matrixmul,200,19,13
genmatrix,200,38,29
genmatrix,200,38,28
linpack,200,2070,2065
linpack,200,1976,1971
linpack,200,1882,1878
matrixmul,200,21,15
matrixmul,200,22,16
genmatrix,200,12,10
linpack,200,1978,1974
linpack,200,1885,1881
linpack,200,1296,1291
linpack,200,700,696
fetchdata,200,82,82
fastfouriertransform,200,719,714
fastfouriertransform,200,522,518
fastfouriertransform,200,131,126
matrixmul,200,572,566
matrixmul,200,186,180
linpack,200,1194,1186
fetchdata,200,86,86
fetchdata,200,87,87
fastfouriertransform,200,12,8
genmatrix,200,9,7
linpack,200,1493,1488
linpack,200,1203,1197
linpack,200,812,807
fetchdata,200,84,83
fetchdata,200,86,86
matrixmul,200,17,11
fastfouriertransform,200,715,710
fastfouriertransform,200,119,114
fetchdata,200,76,76
fetchdata,200,92,92
linpack,200,1418,1414
linpack,200,1128,1124
linpack,200,534,527
genmatrix,200,45,35
matrixmul,200,27,18
fetchdata,200,77,77
genmatrix,200,42,32
matrixmul,200,575,570
matrixmul,200,93,88
fetchdata,200,84,84
fetchdata,200,80,80
linpack,200,720,715
genmatrix,200,44,36
fetchdata,200,81,81
linpack,200,18,14
genmatrix,200,9,7
fastfouriertransform,200,11,6
linpack,200,1336,1331
matrixmul,200,595,589
fetchdata,200,87,87
genmatrix,200,45,29
matrixmul,200,1064,848
linpack,200,708,703
linpack,200,1633,1628
fetchdata,200,88,88
genmatrix,200,38,31
genmatrix,200,6,5
fastfouriertransform,200,720,715
linpack,200,11,7
matrixmul,200,1120,1114
matrixmul,200,527,521
matrixmul,200,741,735
linpack,200,11,7
fetchdata,200,124,124
fetchdata,200,83,83
fastfouriertransform,200,1330,1325
genmatrix,200,43,34
fastfouriertransform,200,638,634
matrixmul,200,21,11
linpack,200,11,7
fetchdata,200,122,121
matrixmul,200,16,12
fetchdata,200,89,88
genmatrix,200,12,11
fastfouriertransform,200,833,829
fastfouriertransform,200,15,10
linpack,200,11,7
linpack,200,12,6
matrixmul,200,573,567
fastfouriertransform,200,12,8
matrixmul,200,18,13
matrixmul,200,20,14
genmatrix,200,5,4
linpack,200,11,6
genmatrix,200,10,8
fastfouriertransform,200,705,698
linpack,200,17,13
matrixmul,200,18,13
genmatrix,200,4,4
fetchdata,200,85,85
matrixmul,200,23,17
genmatrix,200,48,31
fastfouriertransform,200,1154,1149
fetchdata,200,79,78
genmatrix,200,10,8
linpack,200,713,709
linpack,200,11,7
fetchdata,200,78,78
linpack,200,14,8
fastfouriertransform,200,1655,1649
fetchdata,200,76,76
genmatrix,200,4,4
matrixmul,200,571,564
matrixmul,200,20,14
linpack,200,744,740
fastfouriertransform,200,1753,1749
genmatrix,200,8,7
linpack,200,13,8
linpack,200,11,7
genmatrix,200,38,31
genmatrix,200,42,32
matrixmul,200,562,555
fetchdata,200,87,87
genmatrix,200,4,3
fastfouriertransform,200,1405,1401
fastfouriertransform,200,1309,1305
matrixmul,200,16,11
linpack,200,12,6
genmatrix,200,41,31
genmatrix,200,105,10
linpack,200,14,10
fastfouriertransform,200,806,802
fastfouriertransform,200,315,310
fetchdata,200,76,76
matrixmul,200,18,12
matrixmul,200,43,38
matrixmul,200,21,16
fastfouriertransform,200,2452,2448
fetchdata,200,77,77
linpack,200,733,729
linpack,200,242,237
linpack,200,50,45
genmatrix,200,6,6
linpack,200,714,709
linpack,200,24,11
linpack,200,631,626
fastfouriertransform,200,12,8
linpack,200,15,7
linpack,200,11,6
fetchdata,200,86,86
genmatrix,200,40,32
matrixmul,200,22,13
linpack,200,1039,1034
fetchdata,200,84,84
fastfouriertransform,200,11,6
matrixmul,200,18,11
matrixmul,200,21,14
matrixmul,200,21,15
fastfouriertransform,200,15,10
linpack,200,707,703
matrixmul,200,20,14
genmatrix,200,38,31
genmatrix,200,6,6
linpack,200,712,707
fetchdata,200,81,81
fastfouriertransform,200,734,729
fastfouriertransform,200,440,436
fastfouriertransform,200,248,243
fastfouriertransform,200,154,150
genmatrix,200,11,8
matrixmul,200,560,554
matrixmul,200,277,270
fetchdata,200,81,81
fastfouriertransform,200,12,7
linpack,200,12,7
genmatrix,200,9,8
matrixmul,200,569,563
fetchdata,200,83,83
fetchdata,200,78,78
fetchdata,200,76,76
matrixmul,200,1032,1022
matrixmul,200,447,441
fetchdata,200,76,76
fetchdata,200,77,77
matrixmul,200,1506,1501
matrixmul,200,617,611
fastfouriertransform,200,735,730
fetchdata,200,79,79
fastfouriertransform,200,20,15
linpack,200,722,716
fastfouriertransform,200,14,9
linpack,200,719,715
fetchdata,200,77,77
fastfouriertransform,200,11,6
matrixmul,200,785,780
matrixmul,200,395,389
linpack,200,13,8
matrixmul,200,16,11
linpack,200,11,6
fastfouriertransform,200,726,721
fastfouriertransform,200,540,535
fetchdata,200,87,87
genmatrix,200,5,4
genmatrix,200,4,3
linpack,200,709,705
linpack,200,415,411
fastfouriertransform,200,1165,1161
fastfouriertransform,200,873,869
genmatrix,200,4,4
linpack,200,711,706
linpack,200,18,13
linpack,200,322,318
fetchdata,200,83,83
matrixmul,200,571,566
matrixmul,200,185,180
matrixmul,200,96,91
genmatrix,200,37,29
matrixmul,200,17,11
genmatrix,200,43,36
fetchdata,200,86,85
fetchdata,200,77,77
genmatrix,200,40,33
matrixmul,200,584,577
matrixmul,200,397,391
fetchdata,200,89,89
fastfouriertransform,200,14,9
linpack,200,11,7
linpack,200,732,727
fetchdata,200,77,77
fetchdata,200,78,78
fetchdata,200,94,94
matrixmul,200,562,555
genmatrix,200,12,12
linpack,200,11,7
fetchdata,200,77,77
genmatrix,200,8,7
linpack,200,12,7
fastfouriertransform,200,732,728
fastfouriertransform,200,139,134
fetchdata,200,85,85
linpack,200,13,8
matrixmul,200,17,11
genmatrix,200,8,7
fastfouriertransform,200,11,6
fetchdata,200,84,83
fastfouriertransform,200,13,10
matrixmul,200,20,15
linpack,200,15,11
fetchdata,200,77,76
fetchdata,200,77,77
genmatrix,200,8,7
linpack,200,18,14
genmatrix,200,9,8
genmatrix,200,8,7
matrixmul,200,559,553
matrixmul,200,75,68
fetchdata,200,87,87
genmatrix,200,9,8
fastfouriertransform,200,10,7
fetchdata,200,80,80
linpack,200,711,705
matrixmul,200,563,557
fetchdata,200,76,76
genmatrix,200,46,36
linpack,200,13,9
fetchdata,200,85,85
genmatrix,200,4,3
fetchdata,200,79,79
linpack,200,14,8
matrixmul,200,556,547
matrixmul,200,270,264
genmatrix,200,10,8
matrixmul,200,61,56
fetchdata,200,76,76
genmatrix,200,4,4
fetchdata,200,81,81
matrixmul,200,579,573
fetchdata,200,84,84
fastfouriertransform,200,13,9
fastfouriertransform,200,12,7
fastfouriertransform,200,12,8
matrixmul,200,19,15
fetchdata,200,90,90
linpack,200,719,713
fetchdata,200,84,84
fetchdata,200,84,84
fastfouriertransform,200,11,7
fastfouriertransform,200,15,11
matrixmul,200,566,561
matrixmul,200,277,271
fastfouriertransform,200,11,7
genmatrix,200,36,27
genmatrix,200,4,4
linpack,200,717,705
linpack,200,225,221
linpack,200,15,10
matrixmul,200,22,16
fastfouriertransform,200,11,7
linpack,200,725,720
linpack,200,12,7
fetchdata,200,80,79
linpack,200,12,8
genmatrix,200,11,10
genmatrix,200,13,11
linpack,200,11,7
fetchdata,200,78,78
matrixmul,200,567,560
fastfouriertransform,200,738,734
fastfouriertransform,200,345,339
fastfouriertransform,200,251,245
fastfouriertransform,200,12,7
fetchdata,200,85,85
matrixmul,200,629,623
matrixmul,200,541,534
genmatrix,200,42,32
matrixmul,200,451,445
fastfouriertransform,200,11,7
fastfouriertransform,200,11,6
fetchdata,200,78,77
genmatrix,200,9,8
matrixmul,200,705,698
fastfouriertransform,200,16,11
genmatrix,200,45,37
linpack,200,12,7
fastfouriertransform,200,11,6
genmatrix,200,4,4
linpack,200,728,723
fetchdata,200,84,83
fetchdata,200,88,88
matrixmul,200,46,41
genmatrix,200,8,7
linpack,200,11,6
matrixmul,200,22,16
fetchdata,200,86,86
fastfouriertransform,200,12,7
genmatrix,200,4,3
linpack,200,714,710
fetchdata,200,80,80
linpack,200,713,708
genmatrix,200,44,34
linpack,200,15,9
genmatrix,200,8,7
fastfouriertransform,200,708,704
fastfouriertransform,200,214,210
genmatrix,200,39,28
matrixmul,200,573,566
matrixmul,200,286,280
fetchdata,200,84,84
linpack,200,17,11
fetchdata,200,77,77
fastfouriertransform,200,18,13
matrixmul,200,634,629
matrixmul,200,349,342
genmatrix,200,15,14
matrixmul,200,20,14
fetchdata,200,81,80
genmatrix,200,4,3
linpack,200,707,703
fastfouriertransform,200,13,8
genmatrix,200,15,14
genmatrix,200,10,8
fastfouriertransform,200,14,9
matrixmul,200,559,552
fastfouriertransform,200,11,6
linpack,200,12,7
fastfouriertransform,200,13,8
linpack,200,11,7
matrixmul,200,569,563
linpack,200,12,6
genmatrix,200,8,7
linpack,200,704,699
linpack,200,13,8
fastfouriertransform,200,798,793
linpack,200,11,7
fetchdata,200,78,78
matrixmul,200,587,581
matrixmul,200,98,93
fetchdata,200,79,78
genmatrix,200,10,8
matrixmul,200,20,13
fastfouriertransform,200,1118,1114
fastfouriertransform,200,123,119
fastfouriertransform,200,931,921
genmatrix,200,10,8
fetchdata,200,133,133
matrixmul,200,566,553
linpack,200,14,9
fetchdata,200,77,77
genmatrix,200,38,28
matrixmul,200,1032,1026
matrixmul,200,943,936
matrixmul,200,459,447
matrixmul,200,669,663
linpack,200,12,7
genmatrix,200,9,7
linpack,200,12,7
fastfouriertransform,200,725,721
matrixmul,200,610,603
fetchdata,200,78,78
genmatrix,200,8,7
genmatrix,200,47,35
matrixmul,200,1069,1063
fetchdata,200,78,77
matrixmul,200,980,973
fastfouriertransform,200,14,8
fetchdata,200,85,85
linpack,200,12,7
linpack,200,13,7
matrixmul,200,941,936
matrixmul,200,752,746
fetchdata,200,84,84
genmatrix,200,43,32
genmatrix,200,4,3
matrixmul,200,1108,1101
genmatrix,200,39,28
fetchdata,200,76,76
fastfouriertransform,200,718,714
matrixmul,200,1555,1549
matrixmul,200,1069,1063
matrixmul,200,681,674
matrixmul,200,828,822
matrixmul,200,341,335
linpack,200,745,740
linpack,200,255,250
fastfouriertransform,200,872,867
fetchdata,200,81,81
genmatrix,200,4,4
linpack,200,719,713
linpack,200,625,620
linpack,200,13,8
linpack,200,13,8
genmatrix,200,7,6
linpack,200,12,7
fastfouriertransform,200,1125,1109
fastfouriertransform,200,932,928
fastfouriertransform,200,241,234
linpack,200,11,6
matrixmul,200,569,563
matrixmul,200,479,472
linpack,200,12,7
linpack,200,13,7
linpack,200,15,10
linpack,200,12,7
genmatrix,200,4,3
matrixmul,200,568,561
genmatrix,200,11,9
fastfouriertransform,200,15,9
fetchdata,200,84,84
genmatrix,200,10,8
matrixmul,200,1023,1017
matrixmul,200,634,628
matrixmul,200,145,139
genmatrix,200,9,7
linpack,200,719,714
genmatrix,200,37,28
matrixmul,200,583,576
fastfouriertransform,200,730,725
fetchdata,200,86,86
fetchdata,200,82,81
fetchdata,200,81,81
fetchdata,200,76,76
matrixmul,200,17,11
matrixmul,200,18,11
fetchdata,200,91,91
fastfouriertransform,200,1291,1287
fastfouriertransform,200,1199,1194
fastfouriertransform,200,1108,1103
fastfouriertransform,200,914,908
fastfouriertransform,200,12,7
linpack,200,11,7
linpack,200,717,712
fastfouriertransform,200,14,9
matrixmul,200,555,549
matrixmul,200,271,265
fetchdata,200,84,84
genmatrix,200,45,33
fastfouriertransform,200,11,7
fastfouriertransform,200,11,6
fetchdata,200,78,78
genmatrix,200,4,4
matrixmul,200,739,733
matrixmul,200,26,17
genmatrix,200,48,34
matrixmul,200,18,12
genmatrix,200,42,28
matrixmul,200,18,12
matrixmul,200,19,12
genmatrix,200,12,10
linpack,200,12,7
genmatrix,200,37,28
linpack,200,12,8
fetchdata,200,79,79
genmatrix,200,10,4
fastfouriertransform,200,738,732
fastfouriertransform,200,146,140
fetchdata,200,85,85
fetchdata,200,77,76
linpack,200,12,7
linpack,200,11,7
matrixmul,200,577,571
matrixmul,200,287,282
matrixmul,200,199,193
fetchdata,200,77,76
fetchdata,200,76,76
genmatrix,200,5,4
linpack,200,708,704
fetchdata,200,93,91
matrixmul,200,21,15
fetchdata,200,76,76
matrixmul,200,16,11
linpack,200,14,10
fastfouriertransform,200,748,744
fetchdata,200,76,76
linpack,200,14,7
matrixmul,200,568,562
fetchdata,200,77,77
fetchdata,200,85,85
genmatrix,200,4,4
fastfouriertransform,200,1356,1351
linpack,200,11,7
matrixmul,200,1027,1022
linpack,200,12,7
genmatrix,200,45,34
genmatrix,200,46,35
fastfouriertransform,200,1061,1056
fastfouriertransform,200,166,162
matrixmul,200,1484,1478
matrixmul,200,796,790
matrixmul,200,107,102
matrixmul,200,717,712
fetchdata,200,76,76
fastfouriertransform,200,11,6
fetchdata,200,78,78
genmatrix,200,14,12
fetchdata,200,78,78
linpack,200,11,6
genmatrix,200,39,30
linpack,200,16,11
fastfouriertransform,200,738,734
matrixmul,200,25,13
linpack,200,14,8
fetchdata,200,76,76
genmatrix,200,36,28
genmatrix,200,38,29
linpack,200,20,15
fastfouriertransform,200,1236,1231
fastfouriertransform,200,343,339
fastfouriertransform,200,1151,1146
genmatrix,200,47,37
genmatrix,200,10,8
linpack,200,11,6
fastfouriertransform,200,11,7
matrixmul,200,29,23
genmatrix,200,48,37
fetchdata,200,82,82
fetchdata,200,79,79
linpack,200,707,703
fetchdata,200,82,81
genmatrix,200,4,4
fetchdata,200,84,84
genmatrix,200,41,33
matrixmul,200,581,571
linpack,200,14,9
genmatrix,200,42,34
genmatrix,200,11,10
linpack,200,11,7
matrixmul,200,841,835
matrixmul,200,750,745
fastfouriertransform,200,727,723
fastfouriertransform,200,132,127
genmatrix,200,4,4
fetchdata,200,84,83
fetchdata,200,83,83
genmatrix,200,9,7
matrixmul,200,813,807
matrixmul,200,524,518
genmatrix,200,8,7
linpack,200,13,8
fetchdata,200,88,88
linpack,200,716,710
fastfouriertransform,200,16,12
fastfouriertransform,200,11,6
fastfouriertransform,200,11,7
matrixmul,200,572,561
matrixmul,200,285,278
fetchdata,200,84,83
fetchdata,200,76,76
genmatrix,200,4,3
genmatrix,200,4,3
genmatrix,200,8,7
matrixmul,200,629,623
fastfouriertransform,200,733,729
fetchdata,200,84,84
matrixmul,200,18,12
genmatrix,200,37,28
fetchdata,200,76,76
fetchdata,200,92,91
fastfouriertransform,200,832,827
fastfouriertransform,200,341,336
fastfouriertransform,200,249,237
fastfouriertransform,200,57,53
linpack,200,14,9
linpack,200,11,7
matrixmul,200,19,14
fastfouriertransform,200,12,7
genmatrix,200,6,5
matrixmul,200,21,15
fetchdata,200,83,83
fastfouriertransform,200,11,6
matrixmul,200,20,15
fastfouriertransform,200,11,7
genmatrix,200,11,9
genmatrix,200,6,6
matrixmul,200,21,15
fetchdata,200,78,77
linpack,200,11,7
fastfouriertransform,200,11,6
fetchdata,200,88,87
genmatrix,200,42,33
fetchdata,200,83,82
fetchdata,200,76,76
linpack,200,11,7
matrixmul,200,17,11
fastfouriertransform,200,24,10
fetchdata,200,92,91
linpack,200,13,7
fetchdata,200,78,78
genmatrix,200,44,34
fastfouriertransform,200,13,8
linpack,200,13,9
matrixmul,200,562,557
linpack,200,11,6
fastfouriertransform,200,11,6
genmatrix,200,5,4
linpack,200,15,11
matrixmul,200,1011,1005
linpack,200,16,11
fastfouriertransform,200,10,6
linpack,200,718,713
fastfouriertransform,200,11,7
linpack,200,18,13
matrixmul,200,570,564
linpack,200,17,13
genmatrix,200,9,7
fetchdata,200,78,78
genmatrix,200,43,31
matrixmul,200,917,911
matrixmul,200,729,723
fetchdata,200,82,82
fastfouriertransform,200,13,8
linpack,200,12,7
fetchdata,200,76,76
linpack,200,716,710
matrixmul,200,20,13
matrixmul,200,21,16
fastfouriertransform,200,727,723
genmatrix,200,4,3
linpack,200,703,699
genmatrix,200,6,6
linpack,200,311,307
linpack,200,217,212
linpack,200,15,10
linpack,200,724,719
fetchdata,200,82,81
genmatrix,200,8,7
linpack,200,47,43
fastfouriertransform,200,1277,1272
matrixmul,200,20,13
fetchdata,200,83,82
fetchdata,200,84,84
matrixmul,200,19,13
matrixmul,200,23,16
linpack,200,10,6
fastfouriertransform,200,705,700
genmatrix,200,39,28
fetchdata,200,88,87
fastfouriertransform,200,15,10
fetchdata,200,84,83
fastfouriertransform,200,12,8
linpack,200,10,6
genmatrix,200,4,3
genmatrix,200,4,4
genmatrix,200,46,33
fastfouriertransform,200,14,9
matrixmul,200,565,559
genmatrix,200,9,7
genmatrix,200,39,28
linpack,200,11,7
matrixmul,200,20,15
genmatrix,200,5,4
matrixmul,200,17,11
fetchdata,200,122,122
fastfouriertransform,200,730,719
fetchdata,200,98,97
linpack,200,15,10
fetchdata,200,76,76
fastfouriertransform,200,1241,1232
fastfouriertransform,200,648,644
fastfouriertransform,200,554,546
fastfouriertransform,200,361,356
fetchdata,200,81,81
linpack,200,20,14
genmatrix,200,5,4
matrixmul,200,566,561
matrixmul,200,479,472
matrixmul,200,191,185
matrixmul,200,20,12
genmatrix,200,8,7
fastfouriertransform,200,11,7
genmatrix,200,4,3
linpack,200,16,11
fastfouriertransform,200,14,10
fetchdata,200,76,76
genmatrix,200,9,7
genmatrix,200,8,7
fetchdata,200,76,76
fastfouriertransform,200,715,711
linpack,200,707,703
fetchdata,200,84,84
fetchdata,200,77,77
fastfouriertransform,200,1317,1313
matrixmul,200,575,569
matrixmul,200,86,80
fetchdata,200,77,77
genmatrix,200,46,34
linpack,200,1119,1115
linpack,200,1025,1021
matrixmul,200,18,12
genmatrix,200,4,4
fastfouriertransform,200,1619,1614
fetchdata,200,77,77
fetchdata,200,78,78
matrixmul,200,19,11
fetchdata,200,86,86
genmatrix,200,9,8
linpack,200,1523,1518
linpack,200,1331,1326
genmatrix,200,8,7
fastfouriertransform,200,1131,1126
fastfouriertransform,200,1031,1027
fastfouriertransform,200,240,236
fastfouriertransform,200,11,6
fastfouriertransform,200,17,13
fetchdata,200,81,81
matrixmul,200,112,106
linpack,200,706,702
linpack,200,114,110
fetchdata,200,78,78
genmatrix,200,8,7
genmatrix,200,9,8
genmatrix,200,11,8
fetchdata,200,75,75
fastfouriertransform,200,735,731
fetchdata,200,75,75
linpack,200,11,6
fetchdata,200,78,78
matrixmul,200,567,561
fetchdata,200,85,85
fetchdata,200,76,76
genmatrix,200,8,7
genmatrix,200,5,4
fastfouriertransform,200,14,10
matrixmul,200,624,615
matrixmul,200,535,529
genmatrix,200,47,38
linpack,200,712,708
linpack,200,119,113
fetchdata,200,80,80
fetchdata,200,77,77
fetchdata,200,85,85
matrixmul,200,26,14
fastfouriertransform,200,18,12
genmatrix,200,9,8
fetchdata,200,85,85
linpack,200,12,8
linpack,200,15,10
matrixmul,200,653,647
fetchdata,200,78,78
fastfouriertransform,200,765,759
fastfouriertransform,200,659,654
fastfouriertransform,200,581,576
fastfouriertransform,200,493,488
fastfouriertransform,200,191,187
fastfouriertransform,200,13,8
fastfouriertransform,200,11,7
matrixmul,200,567,561
matrixmul,200,79,74
matrixmul,200,20,13
linpack,200,714,708
fetchdata,200,82,81
matrixmul,200,19,13
fastfouriertransform,200,728,723
fastfouriertransform,200,630,624
genmatrix,200,4,4
fetchdata,200,85,85
genmatrix,200,12,11
matrixmul,200,565,558
matrixmul,200,377,371
fetchdata,200,80,79
linpack,200,11,7
linpack,200,12,7
genmatrix,200,9,7
fastfouriertransform,200,836,831
matrixmul,200,18,11
matrixmul,200,19,16
matrixmul,200,17,11
matrixmul,200,17,11
linpack,200,11,7
linpack,200,12,7
matrixmul,200,21,13
genmatrix,200,11,9
fastfouriertransform,200,746,741
genmatrix,200,39,28
fetchdata,200,90,90
genmatrix,200,49,35
fetchdata,200,82,81
genmatrix,200,4,3
linpack,200,715,710
matrixmul,200,564,559
matrixmul,200,75,69
genmatrix,200,41,27
fetchdata,200,79,79
fastfouriertransform,200,18,13
fetchdata,200,83,83
linpack,200,1219,1213
linpack,200,124,119
fastfouriertransform,200,12,7
genmatrix,200,4,3
fetchdata,200,91,90
genmatrix,200,42,33
fastfouriertransform,200,11,7
genmatrix,200,38,28
linpack,200,703,697
matrixmul,200,24,16
genmatrix,200,10,7
matrixmul,200,19,13
fastfouriertransform,200,12,7
fetchdata,200,76,76
linpack,200,1102,1097
linpack,200,610,605
linpack,200,718,713
fetchdata,200,77,77
fetchdata,200,78,78
fetchdata,200,77,77
linpack,200,706,700
linpack,200,512,508
fastfouriertransform,200,720,715
fastfouriertransform,200,1729,1719
fastfouriertransform,200,353,345
fastfouriertransform,200,1464,1457
fastfouriertransform,200,1171,1164
fastfouriertransform,200,1077,1068
fastfouriertransform,200,13,9
linpack,200,1737,1728
linpack,200,1157,1146
fastfouriertransform,200,10,7
genmatrix,200,2211,2211
genmatrix,200,336,335
genmatrix,200,723,722
genmatrix,200,45,35
linpack,200,1769,1761
fastfouriertransform,200,738,734
fastfouriertransform,200,649,645
fastfouriertransform,200,255,248
fastfouriertransform,200,62,58
genmatrix,200,9,7
genmatrix,200,4,4
genmatrix,200,8,7
linpack,200,1483,1480
genmatrix,200,39,30
matrixmul,200,2354,2344
matrixmul,200,1585,1580
matrixmul,200,1988,1983
fastfouriertransform,200,737,733
fastfouriertransform,200,146,143
fetchdata,200,3825,3824
fetchdata,200,2904,2904
fetchdata,200,3381,3381
genmatrix,200,40,32
fetchdata,200,2550,2550
linpack,200,2984,2976
fetchdata,200,1352,1351
genmatrix,200,6,5
fetchdata,200,831,831
fetchdata,200,609,609
fetchdata,200,603,603
genmatrix,200,10,8
matrixmul,200,547,542
fetchdata,200,186,186
genmatrix,200,4,4
fetchdata,200,77,77
genmatrix,200,4,4
linpack,200,4509,4500
linpack,200,4109,4101
genmatrix,200,5,4
fetchdata,200,85,85
linpack,200,14,10
genmatrix,200,37,28
matrixmul,200,562,551
matrixmul,200,467,461
linpack,200,3033,3025
linpack,200,2935,2931
linpack,200,1438,1434
genmatrix,200,7,7
fetchdata,200,87,87
matrixmul,200,25,16
fastfouriertransform,200,15,7
fetchdata,200,77,77
linpack,200,715,711
fetchdata,200,82,82
matrixmul,200,17,12
matrixmul,200,20,15
matrixmul,200,18,13
genmatrix,200,40,28
linpack,200,1316,1308
genmatrix,200,5,4
fastfouriertransform,200,729,725
fastfouriertransform,200,333,330
fastfouriertransform,200,249,245
genmatrix,200,9,8
fetchdata,200,77,77
fastfouriertransform,200,10,6
genmatrix,200,42,32
fetchdata,200,91,91
linpack,200,710,706
fastfouriertransform,200,16,10
genmatrix,200,44,31
linpack,200,11,7
fetchdata,200,78,78
genmatrix,200,4,3
linpack,200,15,10
fastfouriertransform,200,14,10
genmatrix,200,9,8
fastfouriertransform,200,11,7
genmatrix,200,8,7
fetchdata,200,77,77
fetchdata,200,91,91
fastfouriertransform,200,15,11
matrixmul,200,21,15
linpack,200,11,8
fetchdata,200,79,79
matrixmul,200,22,16
fetchdata,200,90,90
linpack,200,13,8
matrixmul,200,19,13
linpack,200,12,8
fetchdata,200,77,77
genmatrix,200,9,7
genmatrix,200,9,8
fastfouriertransform,200,12,8
fetchdata,200,77,77
genmatrix,200,4,3
linpack,200,11,8
fetchdata,200,90,90
fetchdata,200,82,82
fastfouriertransform,200,13,9
linpack,200,739,735
fastfouriertransform,200,12,8
fastfouriertransform,200,11,7
genmatrix,200,4,3
linpack,200,34,30
genmatrix,200,46,35
matrixmul,200,18,17
linpack,200,13,9
linpack,200,71,67
matrixmul,200,18,12
fetchdata,200,91,91
fastfouriertransform,200,12,8
matrixmul,200,563,557
fastfouriertransform,200,11,7
fastfouriertransform,200,15,11
genmatrix,200,4,4
fetchdata,200,77,77
matrixmul,200,813,808
fetchdata,200,77,76
genmatrix,200,14,12
fetchdata,200,90,89
matrixmul,200,1265,1260
matrixmul,200,1171,1166
matrixmul,200,886,880
matrixmul,200,497,491
matrixmul,200,406,399
matrixmul,200,119,113
fastfouriertransform,200,12,6
linpack,200,11,7
fastfouriertransform,200,11,7
fetchdata,200,87,87
fetchdata,200,80,80
fastfouriertransform,200,229,7
matrixmul,200,566,558
matrixmul,200,274,268
linpack,200,15,10
fetchdata,200,78,78
fetchdata,200,81,81
matrixmul,200,714,708
linpack,200,13,9
linpack,200,13,8
genmatrix,200,5,4
fastfouriertransform,200,11,7
linpack,200,11,7
matrixmul,200,1164,1156
matrixmul,200,1079,1073
matrixmul,200,881,876
matrixmul,200,193,188
fastfouriertransform,200,13,9
fastfouriertransform,200,13,9
fastfouriertransform,200,17,13
fastfouriertransform,200,12,7
fetchdata,200,77,76
fastfouriertransform,200,10,6
fetchdata,200,81,81
linpack,200,16,10
linpack,200,13,9
matrixmul,200,20,14
linpack,200,11,6
genmatrix,200,4,4
genmatrix,200,7,6
genmatrix,200,10,8
fetchdata,200,89,89
genmatrix,200,10,9
genmatrix,200,4,4
linpack,200,724,720
linpack,200,15,11
linpack,200,13,8
fetchdata,200,77,77
genmatrix,200,8,7
fastfouriertransform,200,733,728
fastfouriertransform,200,543,539
fastfouriertransform,200,142,138
fetchdata,200,83,82
genmatrix,200,43,34
linpack,200,697,692
linpack,200,14,10
linpack,200,222,7
fastfouriertransform,200,11,7
genmatrix,200,6,6
fastfouriertransform,200,16,12
linpack,200,12,8
genmatrix,200,9,7
linpack,200,11,6
genmatrix,200,4,3
linpack,200,708,704
genmatrix,200,37,29
fastfouriertransform,200,13,8
fastfouriertransform,200,10,6
genmatrix,200,4,3
genmatrix,200,4,3
matrixmul,200,562,554
fastfouriertransform,200,15,10
fastfouriertransform,200,14,9
fetchdata,200,77,76
matrixmul,200,914,909
matrixmul,200,520,515
matrixmul,200,432,426
linpack,200,14,10
fetchdata,200,95,92
fetchdata,200,86,85
genmatrix,200,11,9
fetchdata,200,79,79
fastfouriertransform,200,727,723
fetchdata,200,77,77
linpack,200,14,9
fetchdata,200,82,82
fetchdata,200,77,76
matrixmul,200,20,14
fastfouriertransform,200,936,932
fetchdata,200,81,80
genmatrix,200,9,7
linpack,200,743,739
fetchdata,200,95,95
fetchdata,200,86,85
fetchdata,200,80,80
fastfouriertransform,200,1367,1362
genmatrix,200,5,4
fetchdata,200,85,84
fetchdata,200,86,86
genmatrix,200,9,7
matrixmul,200,613,607
genmatrix,200,41,29
fastfouriertransform,200,1077,1074
genmatrix,200,7,7
linpack,200,718,714
genmatrix,200,39,28
fastfouriertransform,200,1692,1688
linpack,200,705,701
genmatrix,200,9,7
genmatrix,200,4,4
linpack,200,1023,1019
linpack,200,529,525
fastfouriertransform,200,1695,1691
fastfouriertransform,200,1303,1298
linpack,200,909,905
linpack,200,417,412
matrixmul,200,230,11
fetchdata,200,79,78
linpack,200,222,9
matrixmul,200,20,14
genmatrix,200,51,39
genmatrix,200,41,32
genmatrix,200,37,28
genmatrix,200,42,28
fastfouriertransform,200,1217,1213
fastfouriertransform,200,314,309
fastfouriertransform,200,1728,1724
genmatrix,200,48,36
fetchdata,200,87,87
matrixmul,200,568,562
matrixmul,200,480,474
matrixmul,200,196,190
fetchdata,200,82,82
matrixmul,200,221,11
matrixmul,200,17,12
genmatrix,200,5,4
matrixmul,200,20,14
linpack,200,13,8
genmatrix,200,10,7
linpack,200,709,704
fetchdata,200,86,85
fastfouriertransform,200,717,708
fetchdata,200,92,91
linpack,200,11,7
matrixmul,200,579,574
matrixmul,200,381,374
genmatrix,200,8,7
fetchdata,200,91,91
fastfouriertransform,200,717,713
fastfouriertransform,200,423,419
fastfouriertransform,200,132,123
fetchdata,200,78,78
linpack,200,11,7
linpack,200,714,709
linpack,200,13,8
fetchdata,200,79,79
fastfouriertransform,200,12,6
matrixmul,200,569,564
fetchdata,200,82,82
fastfouriertransform,200,14,9
fetchdata,200,81,81
matrixmul,200,932,924
matrixmul,200,842,836
matrixmul,200,555,550
matrixmul,200,63,57
matrixmul,200,17,11
linpack,200,13,9
linpack,200,708,703
matrixmul,200,23,14
fetchdata,200,76,76
genmatrix,200,5,5
linpack,200,710,703
genmatrix,200,49,35
linpack,200,716,712
fetchdata,200,79,79
matrixmul,200,575,570
matrixmul,200,287,283
matrixmul,200,97,91
genmatrix,200,4,4
genmatrix,200,8,7
genmatrix,200,41,29
fastfouriertransform,200,19,14
fetchdata,200,83,83
matrixmul,200,17,11
linpack,200,1315,1310
fetchdata,200,77,76
fetchdata,200,78,78
genmatrix,200,49,36
fastfouriertransform,200,18,14
linpack,200,11,6
matrixmul,200,572,567
fastfouriertransform,200,12,7
genmatrix,200,10,8
linpack,200,12,8
matrixmul,200,940,932
fetchdata,200,79,79
fetchdata,200,80,80
fastfouriertransform,200,727,721
genmatrix,200,45,32
matrixmul,200,1309,1304
fetchdata,200,77,77
fetchdata,200,78,77
linpack,200,11,7
linpack,200,13,9
fastfouriertransform,200,728,723
matrixmul,200,1554,1550
matrixmul,200,1263,1257
fastfouriertransform,200,14,10
matrixmul,200,1405,1399
matrixmul,200,729,723
matrixmul,200,433,427
matrixmul,200,346,339
matrixmul,200,1159,1153
genmatrix,200,10,9
fetchdata,200,134,134
fastfouriertransform,200,713,708
matrixmul,200,707,701
linpack,200,11,7
genmatrix,200,6,5
fetchdata,200,79,79
matrixmul,200,957,951
fastfouriertransform,200,817,813
fastfouriertransform,200,425,422
fastfouriertransform,200,734,729
fastfouriertransform,200,338,333
fastfouriertransform,200,145,141
fetchdata,200,76,76
fetchdata,200,77,77
fastfouriertransform,200,13,7
fetchdata,200,87,87
genmatrix,200,13,12
matrixmul,200,1411,1405
fetchdata,200,83,83
linpack,200,12,7
fastfouriertransform,200,11,6
genmatrix,200,4,4
linpack,200,14,8
genmatrix,200,48,34
fetchdata,200,78,78
linpack,200,11,7
fetchdata,200,77,77
genmatrix,200,44,34
linpack,200,17,13
matrixmul,200,567,561
linpack,200,12,8
genmatrix,200,41,28
matrixmul,200,17,11
genmatrix,200,4,3
linpack,200,15,11
genmatrix,200,8,7
genmatrix,200,41,28
fetchdata,200,79,79
matrixmul,200,565,558
matrixmul,200,281,276
fetchdata,200,96,95
linpack,200,14,10
genmatrix,200,44,34
fastfouriertransform,200,707,702
genmatrix,200,5,4
matrixmul,200,560,553
matrixmul,200,169,164
matrixmul,200,86,80
linpack,200,704,699
linpack,200,12,7
linpack,200,701,697
genmatrix,200,5,4
fastfouriertransform,200,724,719
genmatrix,200,13,9
genmatrix,200,10,8
matrixmul,200,562,556
matrixmul,200,274,267
linpack,200,11,7
genmatrix,200,38,28
fetchdata,200,93,93
fastfouriertransform,200,918,913
fastfouriertransform,200,221,217
fetchdata,200,83,83
linpack,200,11,7
fastfouriertransform,200,11,6
genmatrix,200,6,5
matrixmul,200,565,559
matrixmul,200,379,373
fetchdata,200,86,86
matrixmul,200,822,816
matrixmul,200,527,521
matrixmul,200,244,239
matrixmul,200,57,51
genmatrix,200,42,33
linpack,200,700,695
genmatrix,200,9,7
fetchdata,200,78,77
linpack,200,722,717
fetchdata,200,80,80
fastfouriertransform,200,14,10
linpack,200,13,9
matrixmul,200,553,547
fetchdata,200,89,89
fetchdata,200,78,78
linpack,200,11,7
linpack,200,1248,1243
fastfouriertransform,200,16,12
genmatrix,200,4,4
genmatrix,200,6,5
matrixmul,200,560,554
genmatrix,200,4,3
linpack,200,11,6
genmatrix,200,5,4
linpack,200,697,692
fastfouriertransform,200,13,9
genmatrix,200,48,38
fetchdata,200,84,84
matrixmul,200,16,11
fastfouriertransform,200,11,7
genmatrix,200,10,8
genmatrix,200,8,8
matrixmul,200,570,564
matrixmul,200,284,279
matrixmul,200,94,89
linpack,200,12,7
fetchdata,200,88,88
genmatrix,200,4,4
fastfouriertransform,200,734,725
fetchdata,200,80,79
linpack,200,10,6
linpack,200,11,7
genmatrix,200,43,32
fastfouriertransform,200,1242,1237
fastfouriertransform,200,945,940
linpack,200,703,698
linpack,200,11,6
fastfouriertransform,200,10,6
fastfouriertransform,200,12,8
matrixmul,200,561,554
linpack,200,716,711
fetchdata,200,91,91
fastfouriertransform,200,15,10
fetchdata,200,88,88
linpack,200,11,6
fetchdata,200,77,77
matrixmul,200,921,915
genmatrix,200,6,6
fetchdata,200,85,85
genmatrix,200,38,28
matrixmul,200,572,566
matrixmul,200,87,81
fetchdata,200,82,82
linpack,200,13,8
linpack,200,708,703
fetchdata,200,90,89
fastfouriertransform,200,15,10
fetchdata,200,77,77
fetchdata,200,77,77
fetchdata,200,82,82
fastfouriertransform,200,11,7
genmatrix,200,40,32
matrixmul,200,24,17
matrixmul,200,17,11
genmatrix,200,38,28
linpack,200,22,17
fastfouriertransform,200,12,7
linpack,200,718,714
genmatrix,200,40,32
matrixmul,200,569,562
genmatrix,200,4,4
linpack,200,19,8
genmatrix,200,37,28
fastfouriertransform,200,716,712
fastfouriertransform,200,426,422
matrixmul,200,935,929
fastfouriertransform,200,231,227
matrixmul,200,16,11
fastfouriertransform,200,228,7
fetchdata,200,86,86
matrixmul,200,576,570
matrixmul,200,386,380
matrixmul,200,294,289
genmatrix,200,36,29
fastfouriertransform,200,12,7
genmatrix,200,12,10
matrixmul,200,761,755
genmatrix,200,11,10
linpack,200,16,11
matrixmul,200,1215,1209
fastfouriertransform,200,715,710
fetchdata,200,77,77
genmatrix,200,37,28
matrixmul,200,1371,1365
matrixmul,200,1289,1283
fetchdata,200,85,85
linpack,200,693,689
matrixmul,200,594,588
matrixmul,200,303,294
linpack,200,14,10
matrixmul,200,222,216
genmatrix,200,8,7
matrixmul,200,16,11
fastfouriertransform,200,1311,1307
linpack,200,12,7
fetchdata,200,91,91
linpack,200,12,7
fastfouriertransform,200,1806,1802
fastfouriertransform,200,613,609
fastfouriertransform,200,121,117
fetchdata,200,87,87
genmatrix,200,49,39
genmatrix,200,11,9
linpack,200,700,695
fetchdata,200,77,77
linpack,200,11,6
fastfouriertransform,200,726,722
fastfouriertransform,200,629,623
linpack,200,12,7
matrixmul,200,568,562
matrixmul,200,279,273
fetchdata,200,91,91
genmatrix,200,11,10
genmatrix,200,43,34
genmatrix,200,4,4
genmatrix,200,37,28
genmatrix,200,47,28
linpack,200,21,15
matrixmul,200,20,13
matrixmul,200,17,12
genmatrix,200,36,28
fetchdata,200,85,85
matrixmul,200,564,553
fetchdata,200,86,86
genmatrix,200,43,28
linpack,200,703,698
matrixmul,200,807,800
matrixmul,200,523,517
matrixmul,200,433,427
matrixmul,200,246,240
fetchdata,200,83,83
fastfouriertransform,200,13,8
linpack,200,11,7
genmatrix,200,4,3
matrixmul,200,695,689
matrixmul,200,206,198
fastfouriertransform,200,16,9
fetchdata,200,81,81
fetchdata,200,77,77
genmatrix,200,39,28
linpack,200,714,709
genmatrix,200,39,31
matrixmul,200,551,545
matrixmul,200,360,355
matrixmul,200,17,11
genmatrix,200,6,5
fastfouriertransform,200,732,728
fastfouriertransform,200,345,341
fastfouriertransform,200,249,244
linpack,200,717,713
fetchdata,200,78,78
genmatrix,200,4,3
genmatrix,200,12,11
fastfouriertransform,200,767,762
fastfouriertransform,200,666,662
matrixmul,200,20,14
fetchdata,200,82,82
matrixmul,200,17,12
fetchdata,200,77,77
fetchdata,200,81,81
linpack,200,16,11
fastfouriertransform,200,1287,1283
fetchdata,200,77,77
linpack,200,11,6
fetchdata,200,78,77
genmatrix,200,8,7
genmatrix,200,43,33
linpack,200,715,709
genmatrix,200,39,32
fastfouriertransform,200,1690,1685
linpack,200,11,7
genmatrix,200,43,29
genmatrix,200,38,28
matrixmul,200,18,12
genmatrix,200,14,13
genmatrix,200,5,5
fastfouriertransform,200,891,886
genmatrix,200,36,28
genmatrix,200,38,31
genmatrix,200,7,7
matrixmul,200,550,544
matrixmul,200,360,356
fastfouriertransform,200,1297,1293
fetchdata,200,78,78
genmatrix,200,4,4
matrixmul,200,555,547
fetchdata,200,88,88
genmatrix,200,39,32
fastfouriertransform,200,3700,3696
fastfouriertransform,200,1312,1307
fastfouriertransform,200,718,714
fastfouriertransform,200,626,622
fetchdata,200,77,77
fastfouriertransform,200,11,6
matrixmul,200,820,814
matrixmul,200,39,25
fetchdata,200,84,84
genmatrix,200,14,12
matrixmul,200,18,12
fetchdata,200,77,77
fastfouriertransform,200,715,710
genmatrix,200,4,4
linpack,200,711,707
genmatrix,200,12,10
genmatrix,200,37,31
genmatrix,200,5,5
matrixmul,200,16,11
fetchdata,200,84,84
matrixmul,200,17,11
genmatrix,200,7,6
linpack,200,917,913
linpack,200,823,819
matrixmul,200,21,16
genmatrix,200,47,39
genmatrix,200,36,28
genmatrix,200,36,28
matrixmul,200,19,12
genmatrix,200,6,5
fetchdata,200,127,127
fastfouriertransform,200,724,720
fastfouriertransform,200,129,124
fastfouriertransform,200,10,6
matrixmul,200,31,12
genmatrix,200,45,37
matrixmul,200,17,12
fetchdata,200,78,77
linpack,200,701,697
linpack,200,608,604
matrixmul,200,16,11
linpack,200,15,10
genmatrix,200,42,33
fastfouriertransform,200,715,711
fastfouriertransform,200,524,513
fetchdata,200,77,77
matrixmul,200,549,543
genmatrix,200,9,8
genmatrix,200,5,4
linpack,200,697,692
linpack,200,605,601
fetchdata,200,82,81
fastfouriertransform,200,718,714
fastfouriertransform,200,119,115
genmatrix,200,40,28
genmatrix,200,12,12
matrixmul,200,567,561
fetchdata,200,79,78
linpack,200,998,993
fetchdata,200,77,77
linpack,200,11,6
matrixmul,200,613,607
matrixmul,200,424,418
fetchdata,200,84,84
linpack,200,14,9
fetchdata,200,77,77
fetchdata,200,77,77
genmatrix,200,4,3
linpack,200,11,6
fastfouriertransform,200,714,710
fastfouriertransform,200,418,413
genmatrix,200,7,7
fetchdata,200,89,89
genmatrix,200,5,5
fastfouriertransform,200,11,6
fastfouriertransform,200,10,6
fetchdata,200,91,90
genmatrix,200,9,8
fetchdata,200,88,88
matrixmul,200,21,16
fastfouriertransform,200,718,713
fastfouriertransform,200,324,320
fastfouriertransform,200,133,128
linpack,200,24,8
linpack,200,11,6
linpack,200,12,8
matrixmul,200,565,559
matrixmul,200,17,12
fastfouriertransform,200,735,730
linpack,200,704,699
linpack,200,11,6
fastfouriertransform,200,1145,1140
fastfouriertransform,200,651,647
matrixmul,200,560,553
matrixmul,200,476,470
matrixmul,200,286,280
genmatrix,200,42,33
linpack,200,12,8
genmatrix,200,9,7
linpack,200,12,6
genmatrix,200,8,7
linpack,200,12,7
fastfouriertransform,200,1068,1058
matrixmul,200,18,12
linpack,200,11,7
fetchdata,200,81,81
matrixmul,200,21,15
fastfouriertransform,200,1576,1572
fastfouriertransform,200,1384,1379
fastfouriertransform,200,591,587
genmatrix,200,11,10
matrixmul,200,578,572
fetchdata,200,77,77
fastfouriertransform,200,718,713
fastfouriertransform,200,228,223
genmatrix,200,4,4
matrixmul,200,1038,1031
matrixmul,200,945,938
matrixmul,200,459,453
linpack,200,12,7
linpack,200,9,8
genmatrix,200,43,33
matrixmul,200,21,16
fastfouriertransform,200,837,832
fastfouriertransform,200,745,741
matrixmul,200,1515,1293
genmatrix,200,5,4
linpack,200,707,702
fetchdata,200,93,92
matrixmul,200,21,15
fastfouriertransform,200,956,951
linpack,200,903,899
linpack,200,710,705
matrixmul,200,18,12
fastfouriertransform,200,1371,1366
genmatrix,200,4,3
fetchdata,200,77,77
genmatrix,200,9,7
linpack,200,1002,998
genmatrix,200,4,4
linpack,200,608,603
linpack,200,516,511
linpack,200,820,816
linpack,200,426,421
fetchdata,200,87,87
linpack,200,18,13
matrixmul,200,20,14
fastfouriertransform,200,1483,1478
fetchdata,200,77,76
linpack,200,11,7
fetchdata,200,81,81
genmatrix,200,42,33
fastfouriertransform,200,1994,1989
fastfouriertransform,200,604,599
genmatrix,200,37,28
linpack,200,11,6
matrixmul,200,578,572
fastfouriertransform,200,11,7
fetchdata,200,84,84
fastfouriertransform,200,27,14
matrixmul,200,1048,1042
matrixmul,200,162,156
fetchdata,200,84,83
fastfouriertransform,200,718,713
matrixmul,200,623,617
genmatrix,200,37,28
linpack,200,709,705
genmatrix,200,4,4
fetchdata,200,85,85
matrixmul,200,969,962
matrixmul,200,679,673
fastfouriertransform,200,830,825
fastfouriertransform,200,39,35
genmatrix,200,4,4
fetchdata,200,77,76
genmatrix,200,8,7
linpack,200,802,797
linpack,200,713,709
linpack,200,419,413
fastfouriertransform,200,12,7
matrixmul,200,23,17
matrixmul,200,24,15
fetchdata,200,83,82
linpack,200,12,7
fetchdata,200,82,82
linpack,200,13,7
genmatrix,200,9,9
matrixmul,200,20,13
fastfouriertransform,200,719,714
fetchdata,200,77,77
genmatrix,200,4,4
linpack,200,702,697
matrixmul,200,565,557
matrixmul,200,177,171
matrixmul,200,22,17
fetchdata,200,81,81
fastfouriertransform,200,1322,1317
genmatrix,200,4,4
linpack,200,1296,1287
genmatrix,200,4,3
matrixmul,200,569,563
genmatrix,200,8,7
fastfouriertransform,200,1940,1936
fastfouriertransform,200,351,345
fastfouriertransform,200,258,253
fetchdata,200,81,81
linpack,200,1090,1085
linpack,200,1000,995
genmatrix,200,5,4
linpack,200,405,401
fetchdata,200,87,87
fetchdata,200,84,84
fastfouriertransform,200,2279,2274
linpack,200,11,6
linpack,200,13,8
genmatrix,200,10,10
matrixmul,200,553,547
matrixmul,200,369,363
matrixmul,200,17,12
fastfouriertransform,200,2899,2894
genmatrix,200,8,7
fastfouriertransform,200,1308,1304
fastfouriertransform,200,908,904
genmatrix,200,39,29
linpack,200,721,716
linpack,200,226,222
matrixmul,200,557,551
genmatrix,200,9,8
linpack,200,19,14
matrixmul,200,610,604
fastfouriertransform,200,721,715
fastfouriertransform,200,541,537
fastfouriertransform,200,350,345
fastfouriertransform,200,257,253
linpack,200,14,10
linpack,200,11,6
fetchdata,200,78,78
matrixmul,200,547,540
fastfouriertransform,200,724,720
fetchdata,200,77,77
fetchdata,200,77,77
linpack,200,710,704
linpack,200,619,613
linpack,200,15,12
linpack,200,14,8
genmatrix,200,12,11
genmatrix,200,8,7
fastfouriertransform,200,940,931
fastfouriertransform,200,744,740
matrixmul,200,564,556
linpack,200,11,6
genmatrix,200,4,4
genmatrix,200,9,8
linpack,200,13,8
matrixmul,200,625,620
genmatrix,200,35,28
fastfouriertransform,200,1548,1327
linpack,200,42,37
genmatrix,200,4,3
linpack,200,15,9
fetchdata,200,85,85
genmatrix,200,40,32
matrixmul,200,673,668
matrixmul,200,17,12
linpack,200,11,6
genmatrix,200,5,5
matrixmul,200,21,16
genmatrix,200,4,3
genmatrix,200,8,7
fastfouriertransform,200,704,699
fetchdata,200,78,78
linpack,200,702,696
genmatrix,200,11,10
linpack,200,508,504
fetchdata,200,85,85
fetchdata,200,90,89
linpack,200,11,6
linpack,200,11,7
genmatrix,200,48,39
fetchdata,200,84,84
matrixmul,200,20,14
fastfouriertransform,200,722,717
fastfouriertransform,200,629,625
fetchdata,200,78,78
linpack,200,11,7
matrixmul,200,17,12
fetchdata,200,87,87
genmatrix,200,10,9
matrixmul,200,572,565
matrixmul,200,282,276
fetchdata,200,89,89
linpack,200,728,716
linpack,200,532,528
fetchdata,200,77,76
genmatrix,200,4,3
matrixmul,200,556,551
matrixmul,200,471,467
linpack,200,933,930
genmatrix,200,4,3
fetchdata,200,78,77
matrixmul,200,579,573
matrixmul,200,98,92
fetchdata,200,89,89
fastfouriertransform,200,14,9
linpack,200,1336,1331
linpack,200,1139,1135
linpack,200,851,846
linpack,200,755,751
fetchdata,200,85,85
matrixmul,200,574,568
fetchdata,200,86,85
genmatrix,200,7,7
genmatrix,200,4,4
fastfouriertransform,200,739,734
fetchdata,200,77,77
genmatrix,200,8,7
linpack,200,717,713
fetchdata,200,77,77
linpack,200,27,22
genmatrix,200,4,4
fastfouriertransform,200,1358,1353
fastfouriertransform,200,163,158
fetchdata,200,78,78
linpack,200,11,6
matrixmul,200,570,563
matrixmul,200,18,11
genmatrix,200,33,5
genmatrix,200,5,4
matrixmul,200,17,11
fastfouriertransform,200,1784,1780
fastfouriertransform,200,192,188
fastfouriertransform,200,11,6
matrixmul,200,18,12
fetchdata,200,127,127
fetchdata,200,108,108
linpack,200,712,707
matrixmul,200,18,12
linpack,200,419,415
linpack,200,324,320
fetchdata,200,91,91
matrixmul,200,19,13
fastfouriertransform,200,13,8
genmatrix,200,4,4
linpack,200,700,695
linpack,200,204,199
linpack,200,110,105
linpack,200,20,15
fastfouriertransform,200,15,11
genmatrix,200,38,28
matrixmul,200,568,563
fetchdata,200,90,89
genmatrix,200,5,5
matrixmul,200,922,916
fastfouriertransform,200,733,728
fetchdata,200,78,78
matrixmul,200,18,11
matrixmul,200,24,18
fetchdata,200,91,91
matrixmul,200,17,11
genmatrix,200,4,4
linpack,200,720,715
fastfouriertransform,200,1348,1344
fastfouriertransform,200,1149,1143
fastfouriertransform,200,356,351
genmatrix,200,45,35
matrixmul,200,28,21
fetchdata,200,82,82
genmatrix,200,4,4
fastfouriertransform,200,1676,1672
fastfouriertransform,200,782,778
genmatrix,200,8,7
matrixmul,200,551,545
genmatrix,200,4,4
fastfouriertransform,200,1395,1390
fastfouriertransform,200,998,994
matrixmul,200,562,556
fetchdata,200,85,85
genmatrix,200,9,7
matrixmul,200,1021,1015
matrixmul,200,432,426
matrixmul,200,847,841
fastfouriertransform,200,1303,1298
fastfouriertransform,200,610,606
fastfouriertransform,200,118,114
linpack,200,725,721
genmatrix,200,36,29
genmatrix,200,11,9
matrixmul,200,1305,1298
matrixmul,200,912,906
matrixmul,200,324,318
matrixmul,200,233,227
genmatrix,200,36,28
fastfouriertransform,200,13,9
linpack,200,11,6
matrixmul,200,690,684
fetchdata,200,79,79
fetchdata,200,77,77
fetchdata,200,93,93
fetchdata,200,85,85
matrixmul,200,935,929
genmatrix,200,47,8
fastfouriertransform,200,11,6
fetchdata,200,79,78
genmatrix,200,12,10
matrixmul,200,1286,1280
matrixmul,200,900,890
matrixmul,200,510,502
fastfouriertransform,200,15,8
fetchdata,200,81,81
genmatrix,200,8,7
genmatrix,200,36,29
genmatrix,200,4,4
fastfouriertransform,200,15,11
matrixmul,200,762,752
matrixmul,200,2274,2267
fetchdata,200,83,83
genmatrix,200,8,7
matrixmul,200,17,11
matrixmul,200,18,12
fastfouriertransform,200,18,14
linpack,200,722,718
linpack,200,629,625
fetchdata,200,78,78
matrixmul,200,18,11
genmatrix,200,45,30
genmatrix,200,43,34
genmatrix,200,4,3
fastfouriertransform,200,701,697
fastfouriertransform,200,209,203
linpack,200,1028,1016
fetchdata,200,79,78
fastfouriertransform,200,13,8
fetchdata,200,89,89
matrixmul,200,24,17
genmatrix,200,54,37
linpack,200,824,812
linpack,200,534,530
matrixmul,200,20,11
fetchdata,200,80,80
fastfouriertransform,200,13,9
genmatrix,200,12,10
matrixmul,200,26,19
linpack,200,724,719
linpack,200,34,29
fetchdata,200,77,77
matrixmul,200,556,550
matrixmul,200,169,163
fetchdata,200,83,83
fetchdata,200,77,76
fastfouriertransform,200,730,726
fastfouriertransform,200,36,30
fetchdata,200,86,86
linpack,200,709,704
linpack,200,518,513
linpack,200,323,319
fetchdata,200,83,83
genmatrix,200,35,28
fetchdata,200,79,79
fetchdata,200,95,95
fetchdata,200,82,82
genmatrix,200,37,28
linpack,200,701,696
fastfouriertransform,200,728,723
fetchdata,200,80,79
fetchdata,200,87,87
linpack,200,1096,1092
linpack,200,803,798
linpack,200,510,505
fastfouriertransform,200,11,7
linpack,200,721,716
linpack,200,323,320
fastfouriertransform,200,18,12
fetchdata,200,82,81
matrixmul,200,17,11
genmatrix,200,11,9
linpack,200,918,913
linpack,200,825,820
fetchdata,200,93,93
fastfouriertransform,200,724,719
fastfouriertransform,200,130,126
linpack,200,1217,1212
matrixmul,200,578,571
fetchdata,200,81,80
matrixmul,200,493,483
genmatrix,200,42,34
genmatrix,200,40,31
genmatrix,200,8,7
fetchdata,200,77,77
matrixmul,200,839,833
linpack,200,1520,1515
linpack,200,618,614
linpack,200,133,129
fetchdata,200,87,86
fetchdata,200,79,79
matrixmul,200,1298,1292
matrixmul,200,210,202
matrixmul,200,18,12
matrixmul,200,18,13
fastfouriertransform,200,727,719
fetchdata,200,85,85
linpack,200,12,7
genmatrix,200,4,4
fetchdata,200,77,77
fastfouriertransform,200,1221,1216
fetchdata,200,76,76
matrixmul,200,587,580
matrixmul,200,499,492
linpack,200,709,704
genmatrix,200,12,7
fastfouriertransform,200,1627,1622
fetchdata,200,78,77
genmatrix,200,8,7
linpack,200,1013,1007
genmatrix,200,4,4
matrixmul,200,563,547
matrixmul,200,19,12
fastfouriertransform,200,1337,1333
fastfouriertransform,200,939,936
fetchdata,200,86,86
linpack,200,1527,1523
linpack,200,1235,1229
linpack,200,1040,1035
linpack,200,446,440
fastfouriertransform,200,1147,1142
fetchdata,200,87,87
genmatrix,200,38,29
genmatrix,200,4,3
linpack,200,946,941
fetchdata,200,78,78
fastfouriertransform,200,1074,1069
matrixmul,200,556,550
fastfouriertransform,200,12,10
fetchdata,200,82,82
genmatrix,200,13,12
linpack,200,1452,1448
linpack,502,55,50
fetchdata,200,80,80
genmatrix,200,43,34
genmatrix,200,7,6
matrixmul,200,17,11
genmatrix,200,37,28
genmatrix,200,46,29
linpack,200,2054,2050
linpack,200,1962,1957
linpack,200,1865,1861
matrixmul,200,21,14
matrixmul,200,17,11
genmatrix,200,10,9
linpack,200,1966,1962
linpack,200,1871,1869
linpack,200,1282,1277
linpack,200,689,684
fetchdata,200,77,77
fastfouriertransform,200,725,720
fastfouriertransform,200,529,524
fastfouriertransform,200,138,134
matrixmul,200,561,556
matrixmul,200,175,169
linpack,200,1194,1189
fetchdata,200,85,85
fetchdata,200,86,86
fastfouriertransform,200,11,7
genmatrix,200,11,9
linpack,200,1515,1510
linpack,200,1223,1218
linpack,200,836,830
fetchdata,200,92,92
fetchdata,200,92,92
matrixmul,200,16,11
fastfouriertransform,200,737,732
fastfouriertransform,200,143,139
fetchdata,200,80,79
fetchdata,200,82,82
linpack,200,1431,1426
linpack,200,1137,1133
genmatrix,200,42,32
linpack,200,550,544
matrixmul,200,25,20
fetchdata,200,77,76
genmatrix,200,39,30
matrixmul,200,558,552
matrixmul,200,65,58
fetchdata,200,90,90
fetchdata,200,79,78
linpack,200,731,727
genmatrix,200,36,28
fetchdata,200,80,79
genmatrix,200,11,10
linpack,200,726,720
linpack,200,134,129
fastfouriertransform,200,11,7
linpack,200,1332,1327
matrixmul,200,573,566
fetchdata,200,87,87
genmatrix,200,45,33
matrixmul,200,1045,1031
linpack,200,723,718
fetchdata,200,81,80
genmatrix,200,38,31
genmatrix,200,5,5
fastfouriertransform,200,739,734
matrixmul,200,1091,1084
matrixmul,200,496,491
linpack,200,13,6
matrixmul,200,716,709
fetchdata,200,82,81
linpack,200,12,6
fetchdata,200,86,85
genmatrix,200,51,41
fastfouriertransform,200,1366,1361
fastfouriertransform,200,670,665
matrixmul,200,21,15
fetchdata,200,81,81
linpack,200,11,7
matrixmul,200,17,11
fetchdata,200,93,92
genmatrix,200,13,12
fastfouriertransform,200,875,870
fastfouriertransform,200,12,7
linpack,200,11,7
linpack,200,12,7
matrixmul,200,572,566
fastfouriertransform,200,13,8
matrixmul,200,19,13
matrixmul,200,20,14
genmatrix,200,4,4
linpack,200,66,61
genmatrix,200,16,15
linpack,200,15,10
fastfouriertransform,200,739,734
matrixmul,200,21,15
genmatrix,200,4,4
fetchdata,200,79,79
matrixmul,200,18,13
genmatrix,200,41,34
fastfouriertransform,200,1163,1158
genmatrix,200,9,7
linpack,200,713,708
fetchdata,200,128,127
linpack,200,11,6
fetchdata,200,78,78
linpack,200,13,8
fastfouriertransform,200,1667,1661
fetchdata,200,77,77
genmatrix,200,4,3
matrixmul,200,567,561
matrixmul,200,20,14
linpack,200,701,695
fastfouriertransform,200,1774,1769
genmatrix,200,10,9
linpack,200,12,7
linpack,200,11,7
genmatrix,200,36,28
genmatrix,200,38,30
matrixmul,200,563,556
fetchdata,200,90,89
fastfouriertransform,200,1396,1392
genmatrix,200,5,5
fastfouriertransform,200,1303,1299
matrixmul,200,16,11
linpack,200,10,6
genmatrix,200,47,40
genmatrix,200,12,10
linpack,200,14,9
fastfouriertransform,200,803,798
fastfouriertransform,200,315,311
fetchdata,200,87,87
matrixmul,200,18,11
matrixmul,200,18,11
matrixmul,200,16,11
fastfouriertransform,200,2421,2416
fetchdata,200,86,86
linpack,200,700,693
linpack,200,209,204
linpack,200,13,9
genmatrix,200,4,3
linpack,200,718,713
linpack,200,14,9
linpack,200,627,621
fastfouriertransform,200,14,9
linpack,200,15,10
linpack,200,12,7
fetchdata,200,77,77
genmatrix,200,36,29
matrixmul,200,23,16
linpack,200,1022,1017
fetchdata,200,89,89
fastfouriertransform,200,12,7
matrixmul,200,16,11
matrixmul,200,18,12
matrixmul,200,23,16
fastfouriertransform,200,11,7
linpack,200,709,704
matrixmul,200,17,11
genmatrix,200,35,28
genmatrix,200,5,4
linpack,200,716,708
fetchdata,200,85,85
fastfouriertransform,200,732,727
fastfouriertransform,200,439,434
fastfouriertransform,200,245,240
fastfouriertransform,200,152,147
genmatrix,200,9,7
matrixmul,200,551,544
matrixmul,200,266,260
fetchdata,200,90,90
fastfouriertransform,200,11,7
linpack,200,11,7
genmatrix,200,6,6
matrixmul,200,579,573
fetchdata,200,86,85
fetchdata,200,77,77
fetchdata,200,77,77
matrixmul,200,1028,1022
matrixmul,200,440,434
fetchdata,200,85,84
fetchdata,200,79,79
matrixmul,200,1508,1493
matrixmul,200,607,601
fastfouriertransform,200,718,713
fetchdata,200,78,78
fastfouriertransform,200,11,6
linpack,200,710,704
linpack,200,712,707
fastfouriertransform,200,15,9
fetchdata,200,84,84
matrixmul,200,767,760
matrixmul,200,379,372
linpack,200,12,6
matrixmul,200,19,13
linpack,200,14,9
fastfouriertransform,200,764,761
fastfouriertransform,200,871,650
fastfouriertransform,200,578,573
fetchdata,200,78,77
genmatrix,200,6,6
genmatrix,200,6,5
linpack,200,707,701
linpack,200,413,408
fastfouriertransform,200,1189,1184
fastfouriertransform,200,897,893
genmatrix,200,4,3
linpack,200,708,703
linpack,200,13,9
linpack,200,316,311
fetchdata,200,84,84
matrixmul,200,566,560
matrixmul,200,177,171
matrixmul,200,90,85
genmatrix,200,38,29
matrixmul,200,17,11
genmatrix,200,36,28
fetchdata,200,90,89
fetchdata,200,77,77
genmatrix,200,36,28
matrixmul,200,567,562
matrixmul,200,381,375
fetchdata,200,85,85
fastfouriertransform,200,17,11
linpack,200,13,8
linpack,200,716,710
fetchdata,200,76,76
fetchdata,200,77,76
fetchdata,200,77,77
matrixmul,200,550,545
genmatrix,200,6,5
linpack,200,13,8
fetchdata,200,81,81
genmatrix,200,13,9
linpack,200,12,7
fastfouriertransform,200,736,733
fastfouriertransform,200,143,139
fetchdata,200,91,91
linpack,200,15,10
matrixmul,200,25,18
genmatrix,200,9,8
fastfouriertransform,200,11,6
fetchdata,200,79,79
fastfouriertransform,200,13,7
matrixmul,200,20,14
linpack,200,13,8
fetchdata,200,81,81
fetchdata,200,77,77
genmatrix,200,9,8
linpack,200,13,8
genmatrix,200,12,10
genmatrix,200,9,8
matrixmul,200,580,574
matrixmul,200,94,88
fetchdata,200,82,82
genmatrix,200,13,11
fastfouriertransform,200,11,7
fetchdata,200,76,76
linpack,200,704,700
matrixmul,200,561,555
fetchdata,200,77,77
genmatrix,200,36,29
linpack,200,21,16
fetchdata,200,85,84
genmatrix,200,5,4
fetchdata,200,89,88
linpack,200,15,10
matrixmul,200,566,560
matrixmul,200,280,275
genmatrix,200,12,11
matrixmul,200,21,15
fetchdata,200,78,77
genmatrix,200,4,4
fetchdata,200,88,87
fetchdata,200,82,82
matrixmul,200,592,585
fastfouriertransform,200,11,6
fastfouriertransform,200,12,7
fastfouriertransform,200,11,6
matrixmul,200,20,12
fetchdata,200,81,80
linpack,200,733,729
fetchdata,200,85,85
fetchdata,200,83,83
fastfouriertransform,200,11,6
fastfouriertransform,200,13,9
matrixmul,200,567,560
matrixmul,200,278,270
fastfouriertransform,200,12,7
genmatrix,200,39,32
genmatrix,200,5,5
linpack,200,709,703
linpack,200,14,8
matrixmul,200,21,14
linpack,200,697,692
linpack,200,505,501
fastfouriertransform,200,12,7
linpack,200,11,7
fetchdata,200,78,77
linpack,200,12,7
genmatrix,200,13,11
genmatrix,200,10,8
linpack,200,11,7
fetchdata,200,82,82
matrixmul,200,566,560
fastfouriertransform,200,711,706
fastfouriertransform,200,317,311
fastfouriertransform,200,225,220
fastfouriertransform,200,11,6
fetchdata,200,79,79
matrixmul,200,618,612
matrixmul,200,529,522
matrixmul,200,445,436
genmatrix,200,51,35
fastfouriertransform,200,14,10
fastfouriertransform,200,11,7
fetchdata,200,77,77
genmatrix,200,6,5
matrixmul,200,691,688
fastfouriertransform,200,15,11
genmatrix,200,43,36
linpack,200,71,67
fastfouriertransform,200,11,6
genmatrix,200,4,4
linpack,200,707,702
fetchdata,200,91,90
fetchdata,200,99,98
matrixmul,200,21,15
genmatrix,200,5,5
linpack,200,13,7
matrixmul,200,23,17
fetchdata,200,87,87
fastfouriertransform,200,13,7
genmatrix,200,4,4
linpack,200,705,700
fetchdata,200,78,77
linpack,200,703,698
genmatrix,200,46,37
linpack,200,13,9
genmatrix,200,9,7
fastfouriertransform,200,724,720
fastfouriertransform,200,230,224
genmatrix,200,38,28
matrixmul,200,572,563
matrixmul,200,286,280
fetchdata,200,90,89
linpack,200,15,8
fetchdata,200,80,80
fastfouriertransform,200,12,7
matrixmul,200,638,631
matrixmul,200,352,341
genmatrix,200,10,9
matrixmul,200,20,14
fetchdata,200,85,84
genmatrix,200,4,4
linpack,200,710,705
fastfouriertransform,200,11,7
genmatrix,200,12,11
genmatrix,200,10,8
fastfouriertransform,200,16,11
matrixmul,200,557,551
fastfouriertransform,200,13,8
linpack,200,12,7
fastfouriertransform,200,14,10
linpack,200,12,7
matrixmul,200,564,558
linpack,200,11,6
genmatrix,200,9,7
linpack,200,726,720
fastfouriertransform,200,708,703
linpack,200,16,12
linpack,200,14,9
fetchdata,200,77,77
matrixmul,200,580,567
matrixmul,200,91,85
fetchdata,200,79,79
genmatrix,200,9,7
matrixmul,200,24,15
fastfouriertransform,200,1010,1006
fastfouriertransform,200,19,13
fastfouriertransform,200,825,821
genmatrix,200,9,7
fetchdata,200,92,92
matrixmul,200,570,564
linpack,200,13,8
fetchdata,200,81,81
genmatrix,200,56,47
matrixmul,200,1017,1011
matrixmul,200,931,925
matrixmul,200,442,437
matrixmul,200,658,651
linpack,200,12,7
genmatrix,200,9,7
linpack,200,12,6
fastfouriertransform,200,708,704
matrixmul,200,604,597
fetchdata,200,85,85
genmatrix,200,5,4
genmatrix,200,44,34
matrixmul,200,1064,1059
matrixmul,200,976,970
fetchdata,200,79,79
fastfouriertransform,200,11,7
linpack,200,16,6
fetchdata,200,131,131
linpack,200,11,7
matrixmul,200,941,936
matrixmul,200,751,744
fetchdata,200,87,87
genmatrix,200,39,30
genmatrix,200,5,4
matrixmul,200,1108,1102
genmatrix,200,38,28
fetchdata,200,80,80
fastfouriertransform,200,728,723
matrixmul,200,1570,1561
matrixmul,200,1086,1080
matrixmul,200,694,689
matrixmul,200,846,839
matrixmul,200,357,352
linpack,200,697,692
linpack,200,205,200
fastfouriertransform,200,856,851
fetchdata,200,80,79
genmatrix,200,4,3
linpack,200,710,704
linpack,200,616,611
linpack,200,11,7
linpack,200,12,6
genmatrix,200,7,7
fastfouriertransform,200,1070,1065
fastfouriertransform,200,875,870
fastfouriertransform,200,181,177
linpack,200,11,7
linpack,200,11,7
matrixmul,200,605,598
linpack,200,11,7
matrixmul,200,517,511
linpack,200,13,7
linpack,200,38,34
linpack,200,12,7
genmatrix,200,4,4
matrixmul,200,580,574
genmatrix,200,13,11
fastfouriertransform,200,16,9
fetchdata,200,86,85
genmatrix,200,9,8
matrixmul,200,1039,1032
matrixmul,200,651,645
matrixmul,200,165,160
genmatrix,200,9,8
linpack,200,710,705
genmatrix,200,40,29
matrixmul,200,561,554
fastfouriertransform,200,742,737
fetchdata,200,85,84
fetchdata,200,83,83
fetchdata,200,84,83
fetchdata,200,80,80
matrixmul,200,18,12
matrixmul,200,26,19
fastfouriertransform,200,1241,1237
fastfouriertransform,200,1149,1144
fastfouriertransform,200,1058,1053
fastfouriertransform,200,864,859
fetchdata,200,82,82
fastfouriertransform,200,13,8
linpack,200,12,7
linpack,200,759,755
fastfouriertransform,200,13,8
matrixmul,200,576,569
matrixmul,200,291,286
fetchdata,200,86,86
genmatrix,200,37,30
fastfouriertransform,200,11,6
fastfouriertransform,200,11,6
fetchdata,200,81,81
genmatrix,200,7,7
matrixmul,200,757,749
matrixmul,200,20,14
genmatrix,200,39,29
matrixmul,200,17,11
genmatrix,200,37,28
matrixmul,200,19,13
matrixmul,200,19,13
genmatrix,200,9,7
linpack,200,11,7
genmatrix,200,36,28
linpack,200,13,9
fetchdata,200,94,94
genmatrix,200,5,5
fastfouriertransform,200,742,737
fastfouriertransform,200,146,142
fetchdata,200,77,77
fetchdata,200,76,76
linpack,200,13,7
linpack,200,17,13
matrixmul,200,571,565
matrixmul,200,282,276
matrixmul,200,194,188
fetchdata,200,76,76
fetchdata,200,80,80
genmatrix,200,7,6
linpack,200,727,723
fetchdata,200,86,85
matrixmul,200,19,14
fetchdata,200,85,84
matrixmul,200,38,31
linpack,200,17,12
fastfouriertransform,200,716,712
fetchdata,200,78,78
linpack,200,11,6
matrixmul,200,550,544
fetchdata,200,91,91
fetchdata,200,82,82
genmatrix,200,4,3
fastfouriertransform,200,1329,1324
matrixmul,200,996,990
linpack,200,19,14
linpack,200,22,17
genmatrix,200,45,36
genmatrix,200,45,35
fastfouriertransform,200,1035,1031
fastfouriertransform,200,142,137
matrixmul,200,1466,1460
matrixmul,200,777,772
matrixmul,200,88,83
matrixmul,200,700,694
fetchdata,200,78,78
fastfouriertransform,200,13,8
fetchdata,200,85,85
genmatrix,200,11,9
fetchdata,200,81,81
linpack,200,12,7
genmatrix,200,46,35
linpack,200,13,8
fastfouriertransform,200,724,720
matrixmul,200,16,11
linpack,200,11,6
fetchdata,200,77,77
genmatrix,200,43,34
linpack,200,15,10
fastfouriertransform,200,1235,1231
fastfouriertransform,200,342,337
fastfouriertransform,200,1150,1145
genmatrix,200,37,29
genmatrix,200,251,35
genmatrix,200,11,9
linpack,200,11,7
fastfouriertransform,200,17,12
matrixmul,200,20,13
genmatrix,200,44,35
fetchdata,200,78,78
fetchdata,200,77,76
linpack,200,705,700
fetchdata,200,78,78
genmatrix,200,6,5
fetchdata,200,91,90
genmatrix,200,46,34
linpack,200,12,8
matrixmul,200,632,625
genmatrix,200,52,32
genmatrix,200,9,8
linpack,200,11,6
matrixmul,200,880,874
matrixmul,200,792,786
fastfouriertransform,200,720,715
fastfouriertransform,200,127,123
genmatrix,200,9,8
fetchdata,200,88,88
fetchdata,200,79,78
genmatrix,200,9,7
matrixmul,200,849,843
matrixmul,200,561,554
genmatrix,200,9,7
linpack,200,15,10
fetchdata,200,89,88
linpack,200,716,711
fastfouriertransform,200,11,7
fastfouriertransform,200,11,6
fastfouriertransform,200,12,7
matrixmul,200,553,547
matrixmul,200,270,264
fetchdata,200,78,77
fetchdata,200,76,76
genmatrix,200,4,3
genmatrix,200,4,3
genmatrix,200,9,8
matrixmul,200,613,607
fastfouriertransform,200,726,721
fetchdata,200,80,80
matrixmul,200,17,12
genmatrix,200,42,30
fetchdata,200,78,78
fetchdata,200,86,85
fastfouriertransform,200,853,847
fastfouriertransform,200,362,356
fastfouriertransform,200,269,264
fastfouriertransform,200,76,71
linpack,200,11,6
linpack,200,11,6
matrixmul,200,17,11
fastfouriertransform,200,11,7
genmatrix,200,10,10
matrixmul,200,25,18
fetchdata,200,82,81
fastfouriertransform,200,12,7
matrixmul,200,17,11
fastfouriertransform,200,12,7
genmatrix,200,12,10
genmatrix,200,5,5
matrixmul,200,22,16
fetchdata,200,77,77
linpack,200,12,6
fastfouriertransform,200,13,8
fetchdata,200,92,92
genmatrix,200,47,35
fetchdata,200,87,87
fetchdata,200,77,77
linpack,200,12,7
matrixmul,200,17,11
fastfouriertransform,200,16,10
fetchdata,200,86,86
linpack,200,15,10
fetchdata,200,79,79
genmatrix,200,46,34
fastfouriertransform,200,13,9
linpack,200,15,10
matrixmul,200,567,561
linpack,200,11,6
fastfouriertransform,200,12,7
genmatrix,200,7,6
linpack,200,16,10
linpack,200,12,7
matrixmul,200,1024,1018
fastfouriertransform,200,11,7
linpack,200,708,703
fastfouriertransform,200,12,7
linpack,200,16,10
matrixmul,200,562,555
linpack,200,16,11
genmatrix,200,9,7
fetchdata,200,77,77
genmatrix,200,43,30
matrixmul,200,909,903
matrixmul,200,721,715
fetchdata,200,84,84
fastfouriertransform,200,18,13
linpack,200,14,8
fetchdata,200,79,79
linpack,200,711,707
matrixmul,200,19,13
matrixmul,200,17,11
fastfouriertransform,200,732,727
genmatrix,200,4,4
genmatrix,200,5,5
linpack,200,719,714
fetchdata,200,82,82
genmatrix,200,8,7
fastfouriertransform,200,1240,1235
matrixmul,200,19,12
linpack,200,1304,1300
linpack,200,1011,1007
linpack,200,918,913
linpack,200,627,621
linpack,200,335,331
fetchdata,200,88,87
fetchdata,200,83,82
matrixmul,200,22,16
matrixmul,200,17,11
linpack,200,12,7
fastfouriertransform,200,713,708
genmatrix,200,40,29
fetchdata,200,86,86
fastfouriertransform,200,14,9
fetchdata,200,84,83
fastfouriertransform,200,14,10
linpack,200,13,7
genmatrix,200,8,7
genmatrix,200,8,7
genmatrix,200,47,33
fastfouriertransform,200,12,7
matrixmul,200,593,584
genmatrix,200,9,7
genmatrix,200,42,28
linpack,200,15,9
matrixmul,200,18,12
genmatrix,200,4,3
matrixmul,200,16,11
fetchdata,200,78,78
fastfouriertransform,200,721,716
fetchdata,200,78,78
linpack,200,14,9
fetchdata,200,79,79
fastfouriertransform,200,1232,1225
fastfouriertransform,200,639,634
fastfouriertransform,200,544,336
fastfouriertransform,200,354,349
fetchdata,200,89,89
linpack,200,14,9
genmatrix,200,4,3
matrixmul,200,571,565
matrixmul,200,482,476
matrixmul,200,192,186
matrixmul,200,17,11
genmatrix,200,10,8
fastfouriertransform,200,11,7
genmatrix,200,5,5
linpack,200,15,10
fastfouriertransform,200,14,10
fetchdata,200,124,124
genmatrix,200,16,14
genmatrix,200,5,4
fetchdata,200,78,78
fastfouriertransform,200,713,709
linpack,200,695,690
fetchdata,200,78,78
fetchdata,200,77,76
fastfouriertransform,200,1318,1313
matrixmul,200,567,558
matrixmul,200,79,73
fetchdata,200,84,84
genmatrix,200,40,30
linpack,200,1107,1101
linpack,200,1014,1010
matrixmul,200,21,12
genmatrix,200,4,3
fastfouriertransform,200,1634,1630
fetchdata,200,78,78
fetchdata,200,84,84
matrixmul,200,20,13
fetchdata,200,86,86
linpack,200,1502,1497
genmatrix,200,4,4
linpack,200,1310,1305
genmatrix,200,8,7
fastfouriertransform,200,1147,1143
fastfouriertransform,200,1053,1048
fastfouriertransform,200,258,253
fastfouriertransform,200,13,8
fastfouriertransform,200,20,12
fetchdata,200,84,84
matrixmul,200,19,12
linpack,200,704,699
linpack,200,110,105
fetchdata,200,78,78
genmatrix,200,10,9
genmatrix,200,12,10
genmatrix,200,11,10
fetchdata,200,78,78
fastfouriertransform,200,712,708
fetchdata,200,77,77
linpack,200,12,7
fetchdata,200,88,88
matrixmul,200,568,562
fetchdata,200,87,87
fetchdata,200,84,84
genmatrix,200,12,11
genmatrix,200,5,5
matrixmul,200,568,561
matrixmul,200,480,474
fastfouriertransform,200,14,9
genmatrix,200,42,34
linpack,200,717,712
linpack,200,125,120
fetchdata,200,81,81
fetchdata,200,86,86
fetchdata,200,83,83
matrixmul,200,20,14
fastfouriertransform,200,12,7
genmatrix,200,9,7
fetchdata,200,78,78
linpack,200,14,9
linpack,200,13,7
matrixmul,200,587,569
fetchdata,200,85,85
fastfouriertransform,200,727,722
fastfouriertransform,200,635,631
fastfouriertransform,200,541,536
fastfouriertransform,200,444,440
fastfouriertransform,200,150,144
fastfouriertransform,200,11,6
fastfouriertransform,200,12,7
matrixmul,200,575,569
matrixmul,200,88,82
matrixmul,200,17,11
linpack,200,716,711
fetchdata,200,77,77
matrixmul,200,50,43
fastfouriertransform,200,742,738
fastfouriertransform,200,648,643
genmatrix,200,4,3
fetchdata,200,77,77
genmatrix,200,8,7
matrixmul,200,578,572
matrixmul,200,387,381
fetchdata,200,79,78
linpack,200,12,7
linpack,200,16,10
genmatrix,200,11,10
fastfouriertransform,200,861,856
matrixmul,200,21,15
matrixmul,200,16,11
matrixmul,200,20,13
matrixmul,200,23,16
linpack,200,18,12
linpack,200,13,8
matrixmul,200,17,11
genmatrix,200,9,7
fastfouriertransform,200,719,714
genmatrix,200,46,37
fetchdata,200,83,82
genmatrix,200,39,29
fetchdata,200,78,77
genmatrix,200,5,4
linpack,200,723,718
matrixmul,200,591,575
matrixmul,200,99,92
genmatrix,200,45,32
fetchdata,200,83,83
fastfouriertransform,200,11,7
fetchdata,200,77,77
linpack,200,1223,1218
linpack,200,129,123
fastfouriertransform,200,12,7
genmatrix,200,5,4
fetchdata,200,86,85
genmatrix,200,37,28
fastfouriertransform,200,11,7
genmatrix,200,46,35
linpack,200,730,725
matrixmul,200,18,11
genmatrix,200,5,4
matrixmul,200,17,11
fastfouriertransform,200,11,7
fetchdata,200,90,90
linpack,200,1146,1141
linpack,200,657,652
linpack,200,768,762
fetchdata,200,83,82
fetchdata,200,80,79
fetchdata,200,84,84
linpack,200,709,703
linpack,200,517,512
fastfouriertransform,200,737,733
fastfouriertransform,200,1834,1824
fastfouriertransform,200,1151,1144
fastfouriertransform,200,1262,1254
fastfouriertransform,200,478,471
fastfouriertransform,200,81,73
fastfouriertransform,200,1584,1577
genmatrix,200,1988,1987
genmatrix,200,115,113
genmatrix,200,501,499
fastfouriertransform,200,11,7
linpack,200,1824,1817
fetchdata,200,2101,2101
fetchdata,200,1580,1580
fetchdata,200,1259,1259
fetchdata,200,829,828
genmatrix,200,47,32
linpack,200,866,862
fetchdata,200,77,77
fastfouriertransform,200,730,727
fastfouriertransform,200,633,627
fastfouriertransform,200,240,236
fastfouriertransform,200,45,38
genmatrix,200,13,11
genmatrix,200,6,5
genmatrix,200,9,8
linpack,200,3157,3149
fetchdata,200,80,80
linpack,200,2762,2755
linpack,200,2670,2662
matrixmul,200,2200,2188
matrixmul,200,1424,1421
genmatrix,200,38,28
fastfouriertransform,200,721,711
fastfouriertransform,200,125,116
matrixmul,200,2044,1830
fetchdata,200,91,91
fetchdata,200,87,87
genmatrix,200,37,28
linpack,200,3265,3258
genmatrix,200,4,3
fetchdata,200,77,77
genmatrix,200,9,7
matrixmul,200,556,544
genmatrix,200,5,5
fetchdata,200,80,80
genmatrix,200,4,4
linpack,200,3765,3757
genmatrix,200,4,4
fetchdata,200,88,87
linpack,200,69,65
genmatrix,200,42,35
matrixmul,200,576,562
matrixmul,200,487,273
linpack,200,3078,3070
linpack,200,1488,1483
linpack,200,2993,2991
genmatrix,200,4,4
fetchdata,200,85,85
matrixmul,200,18,13
fastfouriertransform,200,12,11
fetchdata,200,87,87
linpack,200,720,717
fetchdata,200,78,78
matrixmul,200,17,12
matrixmul,200,16,11
matrixmul,200,18,13
genmatrix,200,46,36
linpack,200,1328,1324
genmatrix,200,4,3
fastfouriertransform,200,712,708
fastfouriertransform,200,311,310
fastfouriertransform,200,224,220
genmatrix,200,13,12
fetchdata,200,88,88
fastfouriertransform,200,15,11
genmatrix,200,36,28
fetchdata,200,77,77
fastfouriertransform,200,11,7
linpack,200,720,712
genmatrix,200,36,29
linpack,200,14,10
fetchdata,200,85,85
genmatrix,200,11,11
linpack,200,15,11
fastfouriertransform,200,17,6
genmatrix,200,9,7
fastfouriertransform,200,13,13
genmatrix,200,14,10
fetchdata,200,82,81
fetchdata,200,77,77
fastfouriertransform,200,11,6
matrixmul,200,17,12
linpack,200,15,12
fetchdata,200,86,86
matrixmul,200,22,14
fetchdata,200,78,78
linpack,200,11,7
matrixmul,200,21,14
linpack,200,16,14
fetchdata,200,85,85
genmatrix,200,11,9
genmatrix,200,8,7
fastfouriertransform,200,11,7
fetchdata,200,82,82
genmatrix,200,5,4
linpack,200,13,8
fetchdata,200,77,77
fetchdata,200,77,77
linpack,200,719,715
fastfouriertransform,200,12,7
fastfouriertransform,200,14,10
genmatrix,200,5,4
linpack,200,12,8
fastfouriertransform,200,223,7
genmatrix,200,43,29
matrixmul,200,19,11
linpack,200,19,14
linpack,200,15,11
matrixmul,200,18,12
fetchdata,200,78,78
fastfouriertransform,200,13,10
matrixmul,200,559,554
fastfouriertransform,200,11,7
fastfouriertransform,200,11,7
genmatrix,200,4,4
fetchdata,200,86,86
matrixmul,200,807,800
fetchdata,200,83,82
genmatrix,200,8,7
fetchdata,200,85,85
matrixmul,200,1256,1248
matrixmul,200,1163,1146
matrixmul,200,875,870
matrixmul,200,494,484
matrixmul,200,402,396
matrixmul,200,118,112
fastfouriertransform,200,13,10
linpack,200,11,7
fastfouriertransform,200,10,7
fetchdata,200,77,76
fetchdata,200,88,88
fastfouriertransform,200,14,10
matrixmul,200,574,558
matrixmul,200,279,272
linpack,200,47,43
fetchdata,200,83,83
fetchdata,200,78,78
linpack,200,10,7
matrixmul,200,729,724
linpack,200,11,7
genmatrix,200,4,4
fastfouriertransform,200,18,13
linpack,200,13,9
matrixmul,200,1182,1176
matrixmul,200,1092,1086
matrixmul,200,901,895
fastfouriertransform,200,23,18
fastfouriertransform,200,11,7
matrixmul,200,419,206
fastfouriertransform,200,11,8
fastfouriertransform,200,14,10
fetchdata,200,87,87
fastfouriertransform,200,16,12
fetchdata,200,77,77
linpack,200,11,7
linpack,200,12,7
matrixmul,200,19,13
linpack,200,15,10
genmatrix,200,4,4
genmatrix,200,4,3
genmatrix,200,8,7
fetchdata,200,81,81
genmatrix,200,10,9
genmatrix,200,5,4
linpack,200,727,723
linpack,200,11,7
linpack,200,12,8
fetchdata,200,88,88
genmatrix,200,9,7
fastfouriertransform,200,717,713
fastfouriertransform,200,523,519
fastfouriertransform,200,128,124
fetchdata,200,77,76
linpack,200,12,7
genmatrix,200,44,35
linpack,200,14,9
linpack,200,725,719
fastfouriertransform,200,12,7
genmatrix,200,4,3
fastfouriertransform,200,11,6
linpack,200,12,7
genmatrix,200,12,10
genmatrix,200,4,3
linpack,200,110,106
linpack,200,729,725
genmatrix,200,38,29
fastfouriertransform,200,11,7
fastfouriertransform,200,22,15
genmatrix,200,5,4
genmatrix,200,4,3
matrixmul,200,570,564
fastfouriertransform,200,12,7
fastfouriertransform,200,15,7
fetchdata,200,82,82
matrixmul,200,929,923
matrixmul,200,542,536
matrixmul,200,458,452
linpack,200,14,10
fetchdata,200,77,77
fetchdata,200,79,79
genmatrix,200,11,9
fetchdata,200,86,86
fastfouriertransform,200,692,689
fetchdata,200,76,76
linpack,200,12,7
fetchdata,200,87,87
fetchdata,200,83,83
matrixmul,200,43,38
fastfouriertransform,200,933,928
fetchdata,200,77,76
genmatrix,200,9,7
linpack,200,713,709
fetchdata,200,77,77
fetchdata,200,80,80
fetchdata,200,86,86
fastfouriertransform,200,1344,1340
genmatrix,200,4,3
fetchdata,200,77,77
fetchdata,200,79,79
genmatrix,200,14,12
matrixmul,200,546,540
genmatrix,200,46,33
fastfouriertransform,200,1053,1048
genmatrix,200,4,4
linpack,200,722,717
genmatrix,200,40,28
fastfouriertransform,200,1652,1648
genmatrix,200,9,7
linpack,200,731,727
genmatrix,200,5,5
matrixmul,200,24,18
linpack,200,825,820
linpack,200,524,520
fastfouriertransform,200,1653,1648
fastfouriertransform,200,1264,1260
linpack,200,1149,1144
linpack,200,456,452
linpack,200,161,156
fetchdata,200,77,77
matrixmul,200,17,11
genmatrix,200,51,31
genmatrix,200,50,38
genmatrix,200,46,33
genmatrix,200,41,29
fastfouriertransform,200,1162,1158
fastfouriertransform,200,268,262
fastfouriertransform,200,1672,1668
genmatrix,200,44,31
fetchdata,200,86,85
matrixmul,200,626,620
matrixmul,200,548,543
matrixmul,200,255,249
matrixmul,200,172,166
fetchdata,200,77,77
matrixmul,200,17,11
genmatrix,200,6,5
matrixmul,200,22,16
linpack,200,13,9
genmatrix,200,9,8
linpack,200,718,713
fetchdata,200,79,79
fastfouriertransform,200,727,722
fetchdata,200,84,84
linpack,200,11,6
matrixmul,200,562,556
matrixmul,200,367,361
genmatrix,200,4,4
fetchdata,200,87,87
fastfouriertransform,200,719,716
fastfouriertransform,200,435,430
fastfouriertransform,200,133,129
fetchdata,200,81,81
linpack,200,11,6
linpack,200,731,726
linpack,200,12,7
fetchdata,200,83,83
fastfouriertransform,200,10,6
matrixmul,200,586,581
fetchdata,200,77,76
fastfouriertransform,200,12,7
fetchdata,200,81,81
matrixmul,200,927,920
matrixmul,200,839,832
matrixmul,200,547,542
matrixmul,200,68,62
matrixmul,200,21,14
linpack,200,12,8
matrixmul,200,17,12
linpack,200,770,766
fetchdata,200,79,79
genmatrix,200,4,3
linpack,200,730,725
genmatrix,200,44,30
linpack,200,727,722
fetchdata,200,92,91
matrixmul,200,573,566
matrixmul,200,287,279
matrixmul,200,102,97
genmatrix,200,5,4
genmatrix,200,9,7
genmatrix,200,36,28
fastfouriertransform,200,13,8
linpack,200,1131,1126
fetchdata,200,83,82
matrixmul,200,20,14
fetchdata,200,79,79
fetchdata,200,77,77
genmatrix,200,38,29
fastfouriertransform,200,84,77
linpack,200,12,7
matrixmul,200,565,559
fastfouriertransform,200,12,7
genmatrix,200,11,11
matrixmul,200,916,910
linpack,200,21,16
fetchdata,200,128,127
fetchdata,200,110,110
fastfouriertransform,200,713,708
genmatrix,200,51,37
matrixmul,200,1260,1254
fetchdata,200,78,78
fetchdata,200,77,76
linpack,200,11,7
matrixmul,200,1501,1495
linpack,200,12,8
fastfouriertransform,200,716,712
matrixmul,200,1219,1208
fastfouriertransform,200,14,10
matrixmul,200,1359,1353
matrixmul,200,1071,1065
matrixmul,200,385,380
matrixmul,200,294,287
matrixmul,200,715,706
fetchdata,200,89,88
genmatrix,200,13,11
fastfouriertransform,200,729,724
matrixmul,200,653,647
linpack,200,16,8
genmatrix,200,9,8
fetchdata,200,78,78
matrixmul,200,937,900
fastfouriertransform,200,837,832
fastfouriertransform,200,443,439
fastfouriertransform,200,756,751
fastfouriertransform,200,359,354
fastfouriertransform,200,163,157
fetchdata,200,77,77
fetchdata,200,84,84
fastfouriertransform,200,15,10
fetchdata,200,83,83
genmatrix,200,13,11
matrixmul,200,1358,1352
fetchdata,200,76,76
linpack,200,11,7
fastfouriertransform,200,11,6
genmatrix,200,5,4
linpack,200,13,8
genmatrix,200,46,34
fetchdata,200,77,77
linpack,200,11,7
fetchdata,200,88,87
genmatrix,200,42,33
linpack,200,14,8
matrixmul,200,556,551
linpack,200,12,6
genmatrix,200,43,28
matrixmul,200,16,11
genmatrix,200,4,4
linpack,200,17,8
genmatrix,200,5,5
genmatrix,200,41,28
fetchdata,200,86,86
matrixmul,200,573,567
fetchdata,200,86,85
matrixmul,200,285,279
linpack,200,13,8
genmatrix,200,37,28
fastfouriertransform,200,713,708
genmatrix,200,8,8
matrixmul,200,575,569
matrixmul,200,191,184
matrixmul,200,97,91
linpack,200,706,702
linpack,200,714,709
linpack,200,221,217
genmatrix,200,12,12
fastfouriertransform,200,702,698
genmatrix,200,10,8
genmatrix,200,9,7
matrixmul,200,562,557
matrixmul,200,274,257
linpack,200,11,7
genmatrix,200,36,28
fetchdata,200,90,90
fastfouriertransform,200,912,906
fastfouriertransform,200,215,210
fetchdata,200,84,84
linpack,200,12,8
fastfouriertransform,200,16,11
genmatrix,200,7,7
matrixmul,200,569,563
matrixmul,200,378,371
fetchdata,200,78,77
matrixmul,200,830,826
matrixmul,200,547,537
matrixmul,200,252,247
matrixmul,200,68,59
genmatrix,200,46,34
genmatrix,200,8,7
linpack,200,756,751
fetchdata,200,77,77
linpack,200,722,718
fetchdata,200,82,82
fastfouriertransform,200,15,10
linpack,200,16,12
matrixmul,200,549,544
fetchdata,200,77,77
fetchdata,200,77,76
linpack,200,15,10
linpack,200,1223,1219
fastfouriertransform,200,14,10
genmatrix,200,5,4
genmatrix,200,4,3
matrixmul,200,565,559
genmatrix,200,4,3
linpack,200,11,6
genmatrix,200,10,9
fastfouriertransform,200,14,10
linpack,200,731,726
genmatrix,200,46,34
fetchdata,200,77,76
matrixmul,200,17,11
fastfouriertransform,200,11,6
genmatrix,200,9,7
genmatrix,200,6,5
matrixmul,200,567,561
matrixmul,200,278,272
matrixmul,200,96,91
linpack,200,15,10
fetchdata,200,88,88
genmatrix,200,4,3
fastfouriertransform,200,708,704
fetchdata,200,77,77
linpack,200,30,26
linpack,200,13,7
fastfouriertransform,200,1210,1206
fastfouriertransform,200,915,911
genmatrix,200,37,30
linpack,200,721,717
fastfouriertransform,200,12,8
fastfouriertransform,200,15,10
matrixmul,200,557,552
linpack,200,713,708
linpack,200,325,321
fetchdata,200,87,87
fastfouriertransform,200,13,8
fetchdata,200,77,76
linpack,200,12,7
fetchdata,200,77,77
matrixmul,200,912,907
genmatrix,200,5,5
fetchdata,200,81,81
genmatrix,200,38,28
matrixmul,200,562,556
matrixmul,200,73,67
fetchdata,200,78,78
linpack,200,12,8
linpack,200,712,707
fetchdata,200,85,84
fastfouriertransform,200,14,10
fetchdata,200,86,86
fetchdata,200,77,77
fetchdata,200,77,77
fastfouriertransform,200,11,7
genmatrix,200,46,33
matrixmul,200,24,18
matrixmul,200,17,11
genmatrix,200,35,28
linpack,200,17,11
fastfouriertransform,200,11,7
linpack,200,713,707
genmatrix,200,38,28
matrixmul,200,577,571
genmatrix,200,4,3
linpack,200,15,9
genmatrix,200,46,35
fastfouriertransform,200,703,693
fastfouriertransform,200,410,405
fastfouriertransform,200,215,211
fastfouriertransform,200,30,26
matrixmul,200,956,950
matrixmul,200,17,11
fetchdata,200,85,85
matrixmul,200,612,606
matrixmul,200,422,416
genmatrix,200,38,28
matrixmul,200,339,334
fastfouriertransform,200,11,6
genmatrix,200,10,9
matrixmul,200,793,787
genmatrix,200,8,7
linpack,200,17,12
matrixmul,200,1243,1236
fastfouriertransform,200,703,699
fetchdata,200,77,77
genmatrix,200,36,28
fetchdata,200,84,84
matrixmul,200,1389,1381
matrixmul,200,1303,1295
matrixmul,200,613,607
linpack,200,15,10
linpack,200,728,723
matrixmul,200,328,322
matrixmul,200,240,231
genmatrix,200,9,8
fastfouriertransform,200,1306,1302
matrixmul,200,25,20
linpack,200,15,6
fetchdata,200,87,87
linpack,200,14,9
fastfouriertransform,200,1808,1802
fastfouriertransform,200,619,615
fastfouriertransform,200,125,121
fetchdata,200,84,84
genmatrix,200,39,32
genmatrix,200,14,12
linpack,200,714,709
fetchdata,200,79,79
linpack,200,11,6
fastfouriertransform,200,721,718
fastfouriertransform,200,625,621
linpack,200,11,6
matrixmul,200,553,546
matrixmul,200,264,258
fetchdata,200,85,85
genmatrix,200,10,9
genmatrix,200,38,30
genmatrix,200,4,4
genmatrix,200,44,30
genmatrix,200,41,28
linpack,200,16,11
matrixmul,200,19,13
matrixmul,200,22,15
genmatrix,200,35,28
fetchdata,200,84,84
matrixmul,200,573,567
fetchdata,200,83,83
genmatrix,200,40,28
linpack,200,751,746
matrixmul,200,824,816
matrixmul,200,533,528
matrixmul,200,454,447
matrixmul,200,261,255
fetchdata,200,85,85
fastfouriertransform,200,14,9
linpack,200,11,7
genmatrix,200,4,4
matrixmul,200,714,706
matrixmul,200,224,218
fastfouriertransform,200,25,20
fetchdata,200,83,83
fetchdata,200,86,85
genmatrix,200,36,28
linpack,200,715,710
genmatrix,200,42,33
matrixmul,200,564,557
matrixmul,200,378,372
matrixmul,200,18,13
genmatrix,200,4,3
fastfouriertransform,200,710,704
fastfouriertransform,200,319,314
fastfouriertransform,200,227,223
linpack,200,719,713
fetchdata,200,77,77
genmatrix,200,4,3
genmatrix,200,14,12
fastfouriertransform,200,740,734
fastfouriertransform,200,653,648
matrixmul,200,21,15
fetchdata,200,81,80
matrixmul,200,17,11
fetchdata,200,77,77
fetchdata,200,78,78
linpack,200,14,8
fastfouriertransform,200,1253,1248
fetchdata,200,85,85
linpack,200,13,7
fetchdata,200,77,77
genmatrix,200,8,7
genmatrix,200,48,36
linpack,200,728,724
genmatrix,200,43,34
fastfouriertransform,200,1657,1653
linpack,200,15,11
genmatrix,200,35,28
genmatrix,200,36,28
matrixmul,200,17,11
genmatrix,200,10,9
genmatrix,200,8,8
fastfouriertransform,200,849,844
genmatrix,200,44,28
genmatrix,200,36,28
genmatrix,200,4,4
matrixmul,200,573,566
matrixmul,200,385,378
fastfouriertransform,200,1254,1250
genmatrix,200,4,4
fetchdata,200,124,123
matrixmul,200,561,555
fetchdata,200,79,79
genmatrix,200,49,37
fastfouriertransform,200,3646,3641
fastfouriertransform,200,1255,1251
fastfouriertransform,200,660,656
fastfouriertransform,200,575,571
fetchdata,200,88,88
fastfouriertransform,200,12,8
matrixmul,200,818,804
matrixmul,200,33,27
genmatrix,200,11,10
fetchdata,200,129,129
matrixmul,200,20,13
fetchdata,200,81,81
fastfouriertransform,200,701,696
genmatrix,200,4,3
linpack,200,738,734
genmatrix,200,9,7
genmatrix,200,49,37
genmatrix,200,9,9
matrixmul,200,20,14
linpack,200,719,715
linpack,200,624,620
fetchdata,200,82,82
matrixmul,200,21,15
genmatrix,200,4,3
matrixmul,200,39,34
genmatrix,200,47,38
genmatrix,200,40,29
genmatrix,200,38,28
matrixmul,200,19,11
genmatrix,200,5,4
fetchdata,200,81,81
fastfouriertransform,200,718,711
fastfouriertransform,200,130,125
linpack,200,12,8
fastfouriertransform,200,11,6
matrixmul,200,17,11
genmatrix,200,42,34
matrixmul,200,24,16
fetchdata,200,82,82
linpack,200,736,732
matrixmul,200,16,11
linpack,200,12,7
genmatrix,200,45,36
fastfouriertransform,200,703,699
linpack,200,12,7
fastfouriertransform,200,509,505
fetchdata,200,77,77
matrixmul,200,572,564
genmatrix,200,7,6
genmatrix,200,6,6
linpack,200,709,704
fetchdata,200,77,77
genmatrix,200,37,28
fastfouriertransform,200,730,726
fastfouriertransform,200,133,129
genmatrix,200,5,4
linpack,200,717,712
matrixmul,200,569,562
fetchdata,200,89,89
fetchdata,200,78,78
linpack,200,11,6
matrixmul,200,633,627
matrixmul,200,444,438
fetchdata,200,83,83
linpack,200,13,9
fetchdata,200,76,76
fetchdata,200,77,77
genmatrix,200,4,3
linpack,200,12,8
fastfouriertransform,200,714,710
fastfouriertransform,200,423,418
genmatrix,200,9,8
fetchdata,200,86,85
genmatrix,200,5,4
fastfouriertransform,200,11,6
fastfouriertransform,200,11,7
fetchdata,200,90,89
genmatrix,200,5,5
fetchdata,200,82,82
matrixmul,200,16,11
fastfouriertransform,200,720,714
fastfouriertransform,200,322,318
fastfouriertransform,200,132,128
linpack,200,14,9
linpack,200,12,7
linpack,200,12,7
matrixmul,200,566,560
matrixmul,200,17,11
fastfouriertransform,200,737,732
linpack,200,715,710
linpack,200,11,7
fastfouriertransform,200,1143,1138
fastfouriertransform,200,647,642
matrixmul,200,564,558
matrixmul,200,482,474
matrixmul,200,293,287
genmatrix,200,45,33
linpack,200,14,9
genmatrix,200,9,7
linpack,200,12,7
genmatrix,200,9,7
linpack,200,11,6
fastfouriertransform,200,1049,1045
matrixmul,200,21,15
linpack,200,12,7
fetchdata,200,78,78
matrixmul,200,17,11
fastfouriertransform,200,1540,1535
fastfouriertransform,200,1344,1339
fastfouriertransform,200,552,548
genmatrix,200,9,7
matrixmul,200,571,564
fetchdata,200,77,77
fastfouriertransform,200,727,722
fastfouriertransform,200,236,231
genmatrix,200,6,5
matrixmul,200,1019,1012
matrixmul,200,929,923
matrixmul,200,444,438
linpack,200,11,7
linpack,200,11,6
genmatrix,200,44,36
matrixmul,200,1300,1295
matrixmul,200,21,16
fastfouriertransform,200,843,838
fastfouriertransform,200,752,748
genmatrix,200,4,3
linpack,200,719,714
fetchdata,200,85,84
matrixmul,200,24,15
fastfouriertransform,200,954,949
matrixmul,200,19,12
linpack,200,926,921
linpack,200,731,726
fastfouriertransform,200,1350,1346
genmatrix,200,4,3
fetchdata,200,77,77
genmatrix,200,8,7
genmatrix,200,4,4
linpack,200,1034,1029
linpack,200,641,636
linpack,200,545,540
linpack,200,853,848
linpack,200,461,456
fetchdata,200,84,84
linpack,200,13,9
matrixmul,200,19,13
fastfouriertransform,200,1444,1439
fetchdata,200,82,82
linpack,200,11,6
fetchdata,200,85,85
genmatrix,200,38,30
fastfouriertransform,200,1969,1965
fastfouriertransform,200,566,561
genmatrix,200,37,28
linpack,200,12,6
matrixmul,200,572,566
fastfouriertransform,200,11,6
fetchdata,200,83,83
fastfouriertransform,200,14,9
matrixmul,200,1045,1040
matrixmul,200,155,149
fetchdata,200,94,93
fastfouriertransform,200,713,708
matrixmul,200,617,611
genmatrix,200,36,29
linpack,200,708,703
genmatrix,200,4,4
fetchdata,200,85,85
matrixmul,200,960,954
matrixmul,200,674,668
fastfouriertransform,200,808,803
fastfouriertransform,200,18,14
genmatrix,200,4,4
fetchdata,200,77,77
linpack,200,806,801
genmatrix,200,13,12
linpack,200,412,407
linpack,200,719,715
fastfouriertransform,200,11,7
matrixmul,200,20,14
matrixmul,200,25,20
fetchdata,200,83,83
linpack,200,12,7
fetchdata,200,77,76
linpack,200,11,6
genmatrix,200,5,5
matrixmul,200,24,19
fastfouriertransform,200,747,743
fetchdata,200,80,79
genmatrix,200,5,4
linpack,200,713,708
matrixmul,200,552,544
matrixmul,200,166,160
matrixmul,200,23,16
fetchdata,200,83,83
fastfouriertransform,200,1359,1354
genmatrix,200,4,3
genmatrix,200,5,4
linpack,200,1320,1314
matrixmul,200,565,559
genmatrix,200,8,7
fastfouriertransform,200,1972,1967
fastfouriertransform,200,372,361
fastfouriertransform,200,278,274
fetchdata,200,76,76
genmatrix,200,4,4
linpack,200,1126,1122
linpack,200,1032,1027
linpack,200,438,433
fetchdata,200,85,85
fetchdata,200,86,86
fastfouriertransform,200,2293,2289
linpack,200,12,6
linpack,200,12,8
genmatrix,200,6,5
matrixmul,200,562,551
matrixmul,200,367,361
matrixmul,200,19,13
fastfouriertransform,200,2898,2894
genmatrix,200,8,7
fastfouriertransform,200,1302,1297
fastfouriertransform,200,908,903
genmatrix,200,38,30
linpack,200,706,700
linpack,200,213,208
matrixmul,200,554,548
genmatrix,200,10,8
linpack,200,11,7
matrixmul,200,609,604
fastfouriertransform,200,729,725
fastfouriertransform,200,537,532
fastfouriertransform,200,344,339
fastfouriertransform,200,254,248
linpack,200,12,8
linpack,200,12,7
fetchdata,200,77,77
matrixmul,200,557,551
fastfouriertransform,200,699,695
fetchdata,200,76,76
fetchdata,200,76,76
linpack,200,698,694
linpack,200,608,602
linpack,200,15,11
linpack,200,13,8
genmatrix,200,12,10
fastfouriertransform,200,894,890
genmatrix,200,9,7
matrixmul,200,575,569
linpack,200,12,7
genmatrix,200,4,4
genmatrix,200,7,6
linpack,200,13,9
fastfouriertransform,200,1503,1499
fastfouriertransform,200,1411,1407
genmatrix,200,39,28
matrixmul,200,639,632
linpack,200,12,7
genmatrix,200,5,5
linpack,200,11,7
fetchdata,200,88,88
genmatrix,200,37,30
matrixmul,200,691,685
matrixmul,200,21,15
linpack,200,11,7
genmatrix,200,9,7
matrixmul,200,22,17
genmatrix,200,4,3
genmatrix,200,8,7
fastfouriertransform,200,721,717
fetchdata,200,77,77
genmatrix,200,9,7
linpack,200,725,720
linpack,200,528,524
fetchdata,200,91,91
fetchdata,200,86,85
linpack,200,11,7
linpack,200,11,6
genmatrix,200,41,34
fetchdata,200,85,85
matrixmul,200,21,15
fastfouriertransform,200,728,723
fastfouriertransform,200,637,633
fetchdata,200,76,76
linpack,200,12,7
matrixmul,200,18,12
fetchdata,200,97,97
genmatrix,200,8,7
matrixmul,200,570,564
matrixmul,200,285,279
fetchdata,200,76,76
linpack,200,728,723
linpack,200,532,527
fetchdata,200,76,76
genmatrix,200,4,3
matrixmul,200,563,559
matrixmul,200,472,463
linpack,200,954,948
genmatrix,200,6,5
fetchdata,200,124,123
matrixmul,200,565,558
matrixmul,200,79,73
fetchdata,200,81,80
fastfouriertransform,200,15,9
linpack,200,1356,1351
linpack,200,1163,1158
linpack,200,868,863
linpack,200,776,772
fetchdata,200,129,128
matrixmul,200,564,558
fetchdata,200,86,86
genmatrix,200,6,5
genmatrix,200,7,7
fastfouriertransform,200,729,724
fetchdata,200,77,76
linpack,200,709,704
genmatrix,200,9,7
fetchdata,200,77,77
linpack,200,14,11
genmatrix,200,4,4
fastfouriertransform,200,1356,1352
fastfouriertransform,200,167,162
fetchdata,200,77,76
linpack,200,12,6
matrixmul,200,600,578
matrixmul,200,17,11
genmatrix,200,5,5
genmatrix,200,5,5
matrixmul,200,19,13
fastfouriertransform,200,1774,1768
fastfouriertransform,200,181,177
fastfouriertransform,200,12,7
matrixmul,200,17,12
fetchdata,200,84,84
fetchdata,200,78,78
matrixmul,200,17,11
linpack,200,715,710
linpack,200,431,425
linpack,200,336,330
fetchdata,200,86,86
matrixmul,200,52,42
fastfouriertransform,200,21,15
genmatrix,200,5,5
linpack,200,708,703
linpack,200,217,213
linpack,200,119,114
linpack,200,26,21
fastfouriertransform,200,18,11
genmatrix,200,42,33
matrixmul,200,574,568
fetchdata,200,78,78
genmatrix,200,5,5
fastfouriertransform,200,706,702
matrixmul,200,942,936
fetchdata,200,77,77
matrixmul,200,16,11
matrixmul,200,17,11
fetchdata,200,83,82
matrixmul,200,21,15
genmatrix,200,5,4
linpack,200,710,705
fastfouriertransform,200,1337,1333
fastfouriertransform,200,1140,1136
fastfouriertransform,200,345,340
genmatrix,200,38,30
matrixmul,200,19,14
fetchdata,200,83,83
genmatrix,200,4,3
fastfouriertransform,200,1676,1671
fastfouriertransform,200,787,782
genmatrix,200,9,7
matrixmul,200,583,576
genmatrix,200,7,6
fastfouriertransform,200,1384,1379
fastfouriertransform,200,994,989
matrixmul,200,589,583
fetchdata,200,89,89
genmatrix,200,11,10
matrixmul,200,1066,1063
matrixmul,200,480,474
matrixmul,200,893,888
fastfouriertransform,200,1301,1297
fastfouriertransform,200,605,601
linpack,200,715,710
fastfouriertransform,200,112,107
genmatrix,200,39,29
genmatrix,200,8,7
matrixmul,200,1371,1364
matrixmul,200,980,974
matrixmul,200,393,387
matrixmul,200,307,301
genmatrix,200,36,28
fastfouriertransform,200,14,12
linpack,200,22,7
matrixmul,200,775,770
fetchdata,200,80,80
fetchdata,200,76,76
fetchdata,200,85,84
fetchdata,200,84,84
genmatrix,200,11,10
matrixmul,200,1038,1032
fastfouriertransform,200,13,6
fetchdata,200,77,77
genmatrix,200,15,14
fastfouriertransform,200,16,13
matrixmul,200,1398,1390
matrixmul,200,1017,1011
matrixmul,200,625,619
fetchdata,200,87,87
genmatrix,200,9,7
genmatrix,200,38,28
genmatrix,200,4,3
fastfouriertransform,200,14,10
matrixmul,200,887,880
fetchdata,200,89,89
matrixmul,200,2549,2392
genmatrix,200,9,8
matrixmul,200,17,11
matrixmul,200,26,20
fastfouriertransform,200,19,13
linpack,200,722,718
linpack,200,636,631
fetchdata,200,77,77
matrixmul,200,16,11
genmatrix,200,39,30
genmatrix,200,39,31
fastfouriertransform,200,697,692
genmatrix,200,5,5
fastfouriertransform,200,203,197
linpack,200,1048,1043
fetchdata,200,79,79
fastfouriertransform,200,11,6
fetchdata,200,84,83
matrixmul,200,19,13
genmatrix,200,39,33
linpack,200,861,856
linpack,200,569,564
matrixmul,200,20,13
fetchdata,200,77,77
fastfouriertransform,200,13,8
genmatrix,200,15,12
matrixmul,200,18,12
linpack,200,773,768
linpack,200,86,82
fetchdata,200,76,76
matrixmul,200,593,588
matrixmul,200,209,203
fetchdata,200,86,85
fetchdata,200,78,78
fastfouriertransform,200,732,728
fastfouriertransform,200,40,36
fetchdata,200,96,96
linpack,200,729,722
linpack,200,539,535
linpack,200,343,338
fetchdata,200,87,87
genmatrix,200,44,36
fetchdata,200,76,76
fetchdata,200,83,82
fetchdata,200,84,84
genmatrix,200,39,30
linpack,200,724,719
fastfouriertransform,200,710,705
fetchdata,200,80,79
fetchdata,200,87,86
fastfouriertransform,200,11,6
linpack,200,1129,1123
linpack,200,836,831
linpack,200,542,536
linpack,200,754,750
linpack,200,359,355
fastfouriertransform,200,13,8
fetchdata,200,88,88
matrixmul,200,24,19
genmatrix,200,9,7
linpack,200,974,970
linpack,200,884,879
fetchdata,200,88,88
fastfouriertransform,200,718,714
fastfouriertransform,200,125,121
matrixmul,200,566,557
fetchdata,200,78,78
matrixmul,200,482,475
linpack,200,1286,1280
genmatrix,200,45,34
genmatrix,200,39,32
genmatrix,200,9,8
fetchdata,200,77,76
matrixmul,200,851,845
linpack,200,1597,1592
linpack,200,705,700
linpack,200,214,210
fetchdata,200,90,90
fetchdata,200,78,78
matrixmul,200,1327,1321
matrixmul,200,237,230
matrixmul,200,18,12
matrixmul,200,18,13
fastfouriertransform,200,721,717
fetchdata,200,86,85
linpack,200,14,9
genmatrix,200,5,5
fetchdata,200,77,76
fastfouriertransform,200,1237,1232
fetchdata,200,84,84
matrixmul,200,588,582
matrixmul,200,500,486
linpack,200,726,722
genmatrix,200,8,7
fastfouriertransform,200,1661,1657
fetchdata,200,77,77
genmatrix,200,8,7
linpack,200,1043,1038
genmatrix,200,4,4
matrixmul,200,568,561
matrixmul,200,17,12
fastfouriertransform,200,1394,1390
fastfouriertransform,200,1008,1004
fetchdata,200,88,88
linpack,200,1556,1551
linpack,200,1261,1256
linpack,200,1070,1066
linpack,200,476,471
fastfouriertransform,200,1213,1209
fetchdata,200,90,90
genmatrix,200,39,30
genmatrix,200,4,3
linpack,200,982,977
fetchdata,200,80,80
fastfouriertransform,200,1127,1122
matrixmul,200,563,557
fastfouriertransform,200,13,9
fetchdata,200,79,79
genmatrix,200,8,7
linpack,200,1490,1485
linpack,502,93,88
fetchdata,200,80,80
genmatrix,200,42,34
genmatrix,200,6,5
matrixmul,200,19,13
genmatrix,200,37,28
genmatrix,200,39,31
linpack,200,2116,2111
linpack,200,2018,2014
linpack,200,1923,1918
matrixmul,200,22,14
matrixmul,200,18,13
genmatrix,200,9,7
linpack,200,2033,2028
linpack,200,1942,1938
linpack,200,1346,1341
fetchdata,200,78,77
fastfouriertransform,200,726,722
fastfouriertransform,200,532,527
fastfouriertransform,200,139,134
matrixmul,200,573,552
matrixmul,200,175,169
linpack,200,1256,1252
fetchdata,200,82,82
fetchdata,200,80,80
fastfouriertransform,200,11,7
genmatrix,200,14,11
linpack,200,1564,1551
linpack,200,1276,1272
linpack,200,881,877
fetchdata,200,85,85
fetchdata,200,82,82
matrixmul,200,17,11
fastfouriertransform,200,718,712
fastfouriertransform,200,126,121
fetchdata,200,87,87
fetchdata,200,86,86
genmatrix,200,43,34
linpack,200,1493,1489
linpack,200,1201,1197
linpack,200,611,606
linpack,200,2911,2905
matrixmul,200,19,13
fetchdata,200,77,77
genmatrix,200,45,37
matrixmul,200,656,650
matrixmul,200,164,158
fetchdata,200,77,77
fetchdata,200,78,78
linpack,200,714,710
genmatrix,200,40,29
fetchdata,200,83,83
linpack,200,12,8
genmatrix,200,9,8
fastfouriertransform,200,11,7
linpack,200,1337,1327
matrixmul,200,576,570
fetchdata,200,88,88
matrixmul,200,1025,1018
genmatrix,200,41,29
linpack,200,723,718
linpack,200,1654,1650
fetchdata,200,87,86
genmatrix,200,46,33
genmatrix,200,5,4
fastfouriertransform,200,700,695
matrixmul,200,1088,1082
matrixmul,200,505,494
matrixmul,200,710,704
linpack,200,16,10
linpack,200,15,10
fetchdata,200,141,140
fetchdata,200,85,84
fastfouriertransform,200,1323,1319
fastfouriertransform,200,632,628
genmatrix,200,38,28
matrixmul,200,17,11
linpack,200,12,6
fetchdata,200,124,124
matrixmul,200,23,19
fetchdata,200,82,82
genmatrix,200,9,7
fastfouriertransform,200,837,832
fastfouriertransform,200,11,6
linpack,200,59,54
linpack,200,12,7
matrixmul,200,561,555
fastfouriertransform,200,14,9
matrixmul,200,22,17
matrixmul,200,17,12
genmatrix,200,4,4
linpack,200,13,8
genmatrix,200,9,8
linpack,200,17,6
fastfouriertransform,200,713,708
matrixmul,200,53,48
genmatrix,200,5,4
fetchdata,200,87,87
matrixmul,200,19,12
fastfouriertransform,200,1126,1122
genmatrix,200,37,28
fetchdata,200,77,77
genmatrix,200,9,7
linpack,200,729,724
linpack,200,12,7
fetchdata,200,84,84
linpack,200,15,11
fastfouriertransform,200,1621,1616
fetchdata,200,95,95
genmatrix,200,6,6
matrixmul,200,556,551
matrixmul,200,18,11
linpack,200,719,714
fastfouriertransform,200,1725,1720
genmatrix,200,9,7
linpack,200,11,7
linpack,200,13,8
genmatrix,200,46,38
genmatrix,200,42,33
matrixmul,200,555,549
fetchdata,200,77,77
fastfouriertransform,200,1331,1327
fastfouriertransform,200,1238,1233
genmatrix,200,4,3
matrixmul,200,17,11
linpack,200,12,10
genmatrix,200,45,34
genmatrix,200,9,7
linpack,200,13,7
fastfouriertransform,200,744,740
fastfouriertransform,200,250,246
fetchdata,200,79,79
matrixmul,200,18,12
matrixmul,200,19,13
matrixmul,200,20,15
fastfouriertransform,200,2355,2351
fetchdata,200,79,79
linpack,200,748,742
linpack,200,459,454
genmatrix,200,5,4
linpack,200,721,716
linpack,200,428,424
linpack,200,233,227
fastfouriertransform,200,11,6
linpack,200,16,11
linpack,200,18,12
fetchdata,200,88,87
genmatrix,200,42,36
linpack,200,872,867
linpack,200,582,576
matrixmul,200,20,13
fetchdata,200,79,79
fastfouriertransform,200,13,9
matrixmul,200,22,16
matrixmul,200,20,15
matrixmul,200,20,14
fastfouriertransform,200,11,6
matrixmul,200,17,12
linpack,200,723,718
genmatrix,200,46,39
genmatrix,200,5,4
linpack,200,726,721
fetchdata,200,79,79
fastfouriertransform,200,738,733
fastfouriertransform,200,445,440
fastfouriertransform,200,255,251
fastfouriertransform,200,161,156
genmatrix,200,9,7
matrixmul,200,576,570
fetchdata,200,77,77
matrixmul,200,288,281
fastfouriertransform,200,15,11
linpack,200,13,8
genmatrix,200,4,4
matrixmul,200,569,564
fetchdata,200,76,76
fetchdata,200,84,84
fetchdata,200,82,82
matrixmul,200,1022,1017
matrixmul,200,436,430
fetchdata,200,80,80
fetchdata,200,86,86
matrixmul,200,1490,1484
matrixmul,200,603,597
fastfouriertransform,200,716,712
fetchdata,200,85,84
fastfouriertransform,200,12,8
linpack,200,712,707
linpack,200,706,702
fastfouriertransform,200,11,6
fetchdata,200,81,80
fastfouriertransform,200,19,14
matrixmul,200,750,743
matrixmul,200,364,154
linpack,200,17,7
matrixmul,200,19,13
linpack,200,12,7
fastfouriertransform,200,746,734
fastfouriertransform,200,557,553
fetchdata,200,77,76
genmatrix,200,4,3
genmatrix,200,7,6
linpack,200,709,703
linpack,200,117,113
fastfouriertransform,200,1160,1156
fastfouriertransform,200,864,853
genmatrix,200,4,3
linpack,200,11,6
linpack,200,717,713
linpack,200,623,619
fetchdata,200,77,77
matrixmul,200,574,568
matrixmul,200,186,180
matrixmul,200,99,86
genmatrix,200,43,34
matrixmul,200,18,12
genmatrix,200,41,31
fetchdata,200,82,82
fetchdata,200,86,86
genmatrix,200,38,28
matrixmul,200,595,591
matrixmul,200,408,401
fetchdata,200,77,77
fastfouriertransform,200,11,6
linpack,200,18,9
linpack,200,718,712
fetchdata,200,82,82
fetchdata,200,82,82
fetchdata,200,77,77
matrixmul,200,573,566
genmatrix,200,4,3
linpack,200,13,7
fetchdata,200,83,82
genmatrix,200,13,12
linpack,200,13,8
fastfouriertransform,200,711,707
fastfouriertransform,200,119,114
fetchdata,200,77,77
linpack,200,11,6
matrixmul,200,35,29
genmatrix,200,11,10
fastfouriertransform,200,12,8
fetchdata,200,77,76
fastfouriertransform,200,11,7
matrixmul,200,16,11
linpack,200,12,7
fetchdata,200,87,87
fetchdata,200,88,88
genmatrix,200,9,8
linpack,200,12,6
genmatrix,200,8,7
genmatrix,200,15,13
matrixmul,200,578,572
matrixmul,200,92,81
fetchdata,200,77,77
genmatrix,200,9,7
fastfouriertransform,200,21,17
fetchdata,200,83,83
linpack,200,721,715
matrixmul,200,568,562
fetchdata,200,83,83
genmatrix,200,39,28
linpack,200,11,6
fetchdata,200,86,86
genmatrix,200,6,5
fetchdata,200,85,84
linpack,200,13,7
matrixmul,200,578,573
matrixmul,200,290,284
genmatrix,200,8,7
matrixmul,200,17,11
fetchdata,200,89,89
genmatrix,200,5,4
fetchdata,200,77,77
matrixmul,200,574,569
fetchdata,200,76,76
fastfouriertransform,200,12,7
fastfouriertransform,200,13,8
fastfouriertransform,200,14,9
matrixmul,200,21,15
fetchdata,200,78,78
linpack,200,719,715
fetchdata,200,76,76
fetchdata,200,77,77
fastfouriertransform,200,16,8
fastfouriertransform,200,11,6
matrixmul,200,616,609
fastfouriertransform,200,21,8
matrixmul,200,329,322
genmatrix,200,42,32
genmatrix,200,6,5
linpack,200,729,724
linpack,200,12,7
matrixmul,200,20,14
fastfouriertransform,200,11,7
linpack,200,756,752
linpack,200,565,558
linpack,200,13,8
fetchdata,200,89,88
linpack,200,14,10
genmatrix,200,13,12
genmatrix,200,11,10
linpack,200,16,12
fetchdata,200,86,85
matrixmul,200,585,579
fastfouriertransform,200,709,705
fastfouriertransform,200,315,309
fastfouriertransform,200,222,217
fastfouriertransform,200,13,8
fetchdata,200,83,83
genmatrix,200,50,28
matrixmul,200,658,653
matrixmul,200,568,562
matrixmul,200,483,477
fastfouriertransform,200,11,6
fastfouriertransform,200,12,7
fetchdata,200,82,82
genmatrix,200,4,4
fastfouriertransform,200,12,7
matrixmul,200,748,742
genmatrix,200,37,28
linpack,200,11,7
fastfouriertransform,200,15,10
genmatrix,200,5,5
linpack,200,724,720
fetchdata,200,84,84
fetchdata,200,78,78
matrixmul,200,16,11
genmatrix,200,4,3
linpack,200,16,11
matrixmul,200,19,13
fetchdata,200,77,77
fastfouriertransform,200,12,8
genmatrix,200,6,5
linpack,200,727,722
fetchdata,200,87,86
linpack,200,745,739
genmatrix,200,45,31
linpack,200,14,9
genmatrix,200,10,8
fastfouriertransform,200,726,722
fastfouriertransform,200,230,225
genmatrix,200,42,33
matrixmul,200,581,575
matrixmul,200,292,286
fetchdata,200,77,77
linpack,200,11,6
fetchdata,200,86,86
fastfouriertransform,200,14,10
matrixmul,200,660,654
matrixmul,200,374,368
genmatrix,200,6,5
matrixmul,200,18,13
fetchdata,200,83,82
genmatrix,200,8,7
linpack,200,730,726
fastfouriertransform,200,15,10
genmatrix,200,8,7
genmatrix,200,12,7
fastfouriertransform,200,11,7
matrixmul,200,578,570
fastfouriertransform,200,11,7
linpack,200,13,8
fastfouriertransform,200,11,6
linpack,200,12,7
matrixmul,200,574,566
linpack,200,13,8
genmatrix,200,15,13
linpack,200,747,736
linpack,200,11,7
fastfouriertransform,200,733,728
linpack,200,11,7
fetchdata,200,131,130
matrixmul,200,560,551
matrixmul,200,69,63
fetchdata,200,81,80
genmatrix,200,9,7
matrixmul,200,17,11
fastfouriertransform,200,1048,1039
fastfouriertransform,200,55,50
fastfouriertransform,200,862,857
genmatrix,200,10,9
fetchdata,200,123,122
matrixmul,200,583,577
linpack,200,11,7
fetchdata,200,87,87
genmatrix,200,49,33
matrixmul,200,1056,1049
matrixmul,200,970,964
matrixmul,200,483,478
matrixmul,200,697,691
linpack,200,13,9
genmatrix,200,11,10
linpack,200,14,9
fastfouriertransform,200,728,723
matrixmul,200,654,648
fetchdata,200,89,88
genmatrix,200,4,3
genmatrix,200,41,28
fetchdata,200,82,81
matrixmul,200,1116,1111
matrixmul,200,1035,1029
fastfouriertransform,200,10,6
fetchdata,200,77,77
linpack,200,11,6
linpack,200,13,7
matrixmul,200,997,991
matrixmul,200,808,802
fetchdata,200,83,83
genmatrix,200,40,29
genmatrix,200,5,4
matrixmul,200,1167,1160
genmatrix,200,55,43
fetchdata,200,84,83
fastfouriertransform,200,713,709
matrixmul,200,1632,1626
matrixmul,200,1141,1135
matrixmul,200,756,750
linpack,200,717,712
linpack,200,522,510
matrixmul,200,928,922
fastfouriertransform,200,825,821
matrixmul,200,440,434
fetchdata,200,78,77
genmatrix,200,4,3
linpack,200,724,720
linpack,200,330,325
linpack,200,12,7
linpack,200,13,7
genmatrix,200,4,4
fastfouriertransform,200,1041,1034
fastfouriertransform,200,845,841
fastfouriertransform,200,153,149
linpack,200,11,6
linpack,200,13,8
matrixmul,200,568,561
matrixmul,200,485,480
linpack,200,13,9
linpack,200,16,12
linpack,200,11,6
linpack,200,13,7
genmatrix,200,8,5
matrixmul,200,572,566
genmatrix,200,10,9
fastfouriertransform,200,11,6
fetchdata,200,77,77
genmatrix,200,8,7
matrixmul,200,1032,1024
matrixmul,200,641,633
matrixmul,200,153,146
genmatrix,200,13,12
linpack,200,741,736
genmatrix,200,52,32
matrixmul,200,563,558
fastfouriertransform,200,724,720
fetchdata,200,77,76
fetchdata,200,85,85
fetchdata,200,77,76
fetchdata,200,79,79
matrixmul,200,20,14
matrixmul,200,20,13
fastfouriertransform,200,1248,1244
fastfouriertransform,200,1155,1150
fastfouriertransform,200,1063,1059
fastfouriertransform,200,869,865
fetchdata,200,78,77
fastfouriertransform,200,11,6
linpack,200,12,7
linpack,200,729,724
fastfouriertransform,200,16,11
matrixmul,200,568,562
matrixmul,200,282,275
fetchdata,200,77,77
genmatrix,200,40,29
fastfouriertransform,200,11,6
fastfouriertransform,200,13,9
fetchdata,200,88,88
genmatrix,200,8,7
matrixmul,200,738,732
matrixmul,200,19,12
genmatrix,200,38,29
matrixmul,200,17,11
genmatrix,200,54,45
matrixmul,200,20,14
matrixmul,200,20,15
genmatrix,200,8,7
linpack,200,12,7
genmatrix,200,48,40
linpack,200,16,12
fetchdata,200,83,82
genmatrix,200,4,4
fastfouriertransform,200,725,720
fastfouriertransform,200,131,127
fetchdata,200,78,77
fetchdata,200,88,88
linpack,200,15,10
linpack,200,13,7
matrixmul,200,583,576
matrixmul,200,297,290
matrixmul,200,210,204
fetchdata,200,87,87
fetchdata,200,86,86
genmatrix,200,5,4
linpack,200,722,717
fetchdata,200,77,77
matrixmul,200,17,11
fetchdata,200,82,82
matrixmul,200,23,17
linpack,200,11,7
fastfouriertransform,200,710,706
fetchdata,200,85,85
linpack,200,15,9
matrixmul,200,573,565
fetchdata,200,83,83
fetchdata,200,77,77
genmatrix,200,5,4
fastfouriertransform,200,1317,1313
matrixmul,200,1031,1025
linpack,200,13,9
linpack,200,217,211
genmatrix,200,39,29
genmatrix,200,39,28
fastfouriertransform,200,1026,1021
fastfouriertransform,200,132,128
matrixmul,200,1480,1475
matrixmul,200,797,793
matrixmul,200,108,102
matrixmul,200,727,718
fetchdata,200,91,90
fastfouriertransform,200,12,8
fetchdata,200,85,84
genmatrix,200,8,7
fetchdata,200,85,84
linpack,200,13,9
genmatrix,200,39,29
linpack,200,12,7
fastfouriertransform,200,722,717
matrixmul,200,17,11
linpack,200,13,8
fetchdata,200,92,91
genmatrix,200,45,33
genmatrix,200,42,28
linpack,200,11,7
fastfouriertransform,200,1231,1227
fastfouriertransform,200,338,333
fastfouriertransform,200,1143,1139
genmatrix,200,42,28
genmatrix,200,9,7
linpack,200,14,9
fastfouriertransform,200,20,9
matrixmul,200,17,11
genmatrix,200,41,30
fetchdata,200,84,84
fetchdata,200,91,91
linpack,200,738,733
fetchdata,200,83,83
genmatrix,200,5,4
fetchdata,200,77,77
genmatrix,200,41,28
matrixmul,200,583,576
linpack,200,12,7
genmatrix,200,41,29
genmatrix,200,9,7
linpack,200,15,10
matrixmul,200,845,839
matrixmul,200,762,753
fastfouriertransform,200,724,719
fastfouriertransform,200,131,127
genmatrix,200,4,3
fetchdata,200,79,78
fetchdata,200,93,92
genmatrix,200,12,10
matrixmul,200,819,811
matrixmul,200,532,527
genmatrix,200,10,8
linpack,200,15,10
fetchdata,200,77,77
linpack,200,706,701
fastfouriertransform,200,18,7
fastfouriertransform,200,16,9
fastfouriertransform,200,14,9
matrixmul,200,577,571
matrixmul,200,289,283
fetchdata,200,79,78
fetchdata,200,83,82
genmatrix,200,7,7
genmatrix,200,5,4
genmatrix,200,9,7
matrixmul,200,655,649
fastfouriertransform,200,725,720
fetchdata,200,76,76
matrixmul,200,17,11
genmatrix,200,42,32
fetchdata,200,82,82
fetchdata,200,78,77
fastfouriertransform,200,832,827
fastfouriertransform,200,337,333
fastfouriertransform,200,244,240
fastfouriertransform,200,50,46
linpack,200,12,7
linpack,200,16,11
matrixmul,200,22,16
fastfouriertransform,200,13,9
genmatrix,200,5,5
matrixmul,200,16,11
fetchdata,200,79,78
fastfouriertransform,200,13,9
matrixmul,200,21,15
fastfouriertransform,200,11,7
genmatrix,200,9,7
genmatrix,200,4,3
matrixmul,200,19,13
fetchdata,200,83,83
linpack,200,13,9
fastfouriertransform,200,12,7
fetchdata,200,79,78
genmatrix,200,40,28
fetchdata,200,76,76
fetchdata,200,88,88
linpack,200,16,11
matrixmul,200,20,14
fastfouriertransform,200,16,11
fetchdata,200,76,76
linpack,200,11,6
fetchdata,200,84,83
genmatrix,200,46,34
fastfouriertransform,200,12,7
linpack,200,12,7
matrixmul,200,584,578
linpack,200,11,7
fastfouriertransform,200,15,10
genmatrix,200,5,4
linpack,200,14,9
linpack,200,12,7
matrixmul,200,1053,1047
fastfouriertransform,200,13,9
linpack,200,711,707
fastfouriertransform,200,13,8
linpack,200,11,7
matrixmul,200,577,572
linpack,200,11,6
genmatrix,200,9,7
fetchdata,200,84,84
genmatrix,200,49,35
matrixmul,200,937,929
matrixmul,200,751,745
fetchdata,200,80,80
fastfouriertransform,200,12,8
linpack,200,12,7
fetchdata,200,87,87
linpack,200,708,702
matrixmul,200,27,20
matrixmul,200,17,11
fastfouriertransform,200,704,700
genmatrix,200,6,5
genmatrix,200,5,5
linpack,200,722,717
linpack,200,330,325
linpack,200,706,701
linpack,200,314,310
linpack,200,23,18
fetchdata,200,77,77
genmatrix,200,9,7
linpack,200,11,7
fastfouriertransform,200,1212,1206
matrixmul,200,20,15
fetchdata,200,87,87
fetchdata,200,82,82
matrixmul,200,20,12
matrixmul,200,18,11
linpack,200,13,7
fastfouriertransform,200,722,717
genmatrix,200,48,39
fetchdata,200,85,85
fastfouriertransform,200,13,8
fetchdata,200,77,77
fastfouriertransform,200,11,7
linpack,200,12,8
genmatrix,200,6,6
genmatrix,200,5,4
genmatrix,200,42,30
fastfouriertransform,200,11,6
matrixmul,200,584,578
genmatrix,200,9,7
genmatrix,200,40,30
linpack,200,13,8
matrixmul,200,18,11
genmatrix,200,4,3
matrixmul,200,17,11
fetchdata,200,134,134
fastfouriertransform,200,729,723
fetchdata,200,120,119
linpack,200,12,7
fetchdata,200,77,77
fastfouriertransform,200,1232,1227
fastfouriertransform,200,639,634
fastfouriertransform,200,549,545
fastfouriertransform,200,351,339
fetchdata,200,85,85
linpack,200,12,7
genmatrix,200,4,3
matrixmul,200,587,582
matrixmul,200,501,494
matrixmul,200,211,205
matrixmul,200,27,20
genmatrix,200,16,12
fastfouriertransform,200,14,10
genmatrix,200,5,4
linpack,200,11,7
fastfouriertransform,200,11,6
fetchdata,200,78,78
genmatrix,200,10,9
genmatrix,200,4,3
fetchdata,200,86,86
fastfouriertransform,200,734,726
linpack,200,730,726
fetchdata,200,78,78
fetchdata,200,85,85
fastfouriertransform,200,1341,1336
matrixmul,200,565,559
matrixmul,200,76,67
fetchdata,200,83,82
genmatrix,200,43,32
linpack,200,1139,1132
linpack,200,1045,1040
matrixmul,200,17,11
genmatrix,200,6,6
fastfouriertransform,200,1666,1661
fetchdata,200,83,83
fetchdata,200,87,87
matrixmul,200,21,15
fetchdata,200,77,76
genmatrix,200,4,3
linpack,200,1549,1544
linpack,200,1356,1351
genmatrix,200,10,8
fastfouriertransform,200,1178,1173
fastfouriertransform,200,1083,1079
fastfouriertransform,200,292,288
fastfouriertransform,200,13,8
fastfouriertransform,200,14,9
fetchdata,200,79,79
matrixmul,200,17,11
linpack,200,718,713
linpack,200,125,120
fetchdata,200,84,84
genmatrix,200,11,9
genmatrix,200,9,7
genmatrix,200,9,7
fetchdata,200,81,81
fastfouriertransform,200,716,711
fetchdata,200,89,88
linpack,200,13,8
fetchdata,200,79,79
fetchdata,200,76,76
matrixmul,200,598,592
fetchdata,200,87,87
genmatrix,200,10,8
genmatrix,200,4,4
matrixmul,200,570,564
matrixmul,200,481,475
fastfouriertransform,200,11,7
genmatrix,200,37,28
linpack,200,714,707
linpack,200,122,117
fetchdata,200,85,85
fetchdata,200,84,84
fetchdata,200,79,79
matrixmul,200,17,11
fastfouriertransform,200,11,6
genmatrix,200,9,7
fetchdata,200,86,86
linpack,200,12,7
linpack,200,11,6
matrixmul,200,576,574
fetchdata,200,83,83
fastfouriertransform,200,734,729
fastfouriertransform,200,640,635
fastfouriertransform,200,543,538
fastfouriertransform,200,451,447
fastfouriertransform,200,158,153
fastfouriertransform,200,12,7
fastfouriertransform,200,19,14
matrixmul,200,564,558
matrixmul,200,78,71
matrixmul,200,17,11
linpack,200,715,709
fetchdata,200,78,78
matrixmul,200,20,14
fastfouriertransform,200,708,703
fastfouriertransform,200,617,612
genmatrix,200,4,3
fetchdata,200,76,76
genmatrix,200,9,8
matrixmul,200,578,565
matrixmul,200,390,384
fetchdata,200,85,85
linpack,200,12,7
linpack,200,14,9
genmatrix,200,11,9
fastfouriertransform,200,836,831
matrixmul,200,18,12
matrixmul,200,20,14
matrixmul,200,25,18
matrixmul,200,21,14
linpack,200,15,9
linpack,200,12,7
matrixmul,200,17,11
genmatrix,200,8,7
fastfouriertransform,200,708,703
genmatrix,200,47,37
fetchdata,200,76,76
genmatrix,200,47,28
fetchdata,200,79,79
genmatrix,200,5,4
linpack,200,728,724
matrixmul,200,585,577
matrixmul,200,100,94
genmatrix,200,44,34
fetchdata,200,79,79
fastfouriertransform,200,11,6
fetchdata,200,77,77
linpack,200,1240,1234
fastfouriertransform,200,19,10
linpack,200,147,142
genmatrix,200,5,5
fetchdata,200,76,76
genmatrix,200,38,29
fastfouriertransform,200,18,12
genmatrix,200,43,31
linpack,200,727,721
matrixmul,200,20,12
genmatrix,200,4,4
matrixmul,200,18,11
fastfouriertransform,200,19,14
fetchdata,200,87,87
linpack,200,1147,1142
linpack,200,653,647
linpack,200,764,760
fetchdata,200,85,84
fetchdata,200,77,77
fetchdata,200,85,85
linpack,200,724,719
linpack,200,530,524
fastfouriertransform,200,774,770
fastfouriertransform,200,2004,1993
fastfouriertransform,200,625,617
fastfouriertransform,200,1728,1718
fastfouriertransform,200,240,232
fastfouriertransform,200,1450,1442
fastfouriertransform,200,1356,1348
linpack,200,1651,1641
linpack,200,1165,1154
fetchdata,200,1910,1909
fastfouriertransform,200,14,11
fetchdata,200,1009,1009
genmatrix,200,2143,2135
genmatrix,200,662,662
genmatrix,200,262,260
fetchdata,200,597,597
fetchdata,200,1574,1574
genmatrix,200,35,29
linpack,200,1684,1676
linpack,200,1786,1777
fetchdata,200,82,82
fastfouriertransform,200,691,688
fastfouriertransform,200,601,597
fastfouriertransform,200,207,201
fastfouriertransform,200,16,9
genmatrix,200,8,7
genmatrix,200,4,4
linpack,200,2192,2184
genmatrix,200,10,9
fetchdata,200,89,89
matrixmul,200,2204,2195
matrixmul,200,1428,1424
genmatrix,200,41,32
matrixmul,200,1829,1820
fastfouriertransform,200,718,710
fastfouriertransform,200,119,115
fetchdata,200,78,78
fetchdata,200,78,77
linpack,200,3676,3667
genmatrix,200,40,30
genmatrix,200,8,7
fetchdata,200,80,80
genmatrix,200,8,7
matrixmul,200,559,554
genmatrix,200,4,3
fetchdata,200,79,79
linpack,200,2806,2802
genmatrix,200,4,4
genmatrix,200,4,4
fetchdata,200,77,77
linpack,200,12,8
genmatrix,200,61,29
matrixmul,200,570,564
matrixmul,200,476,470
linpack,200,2899,2895
linpack,200,2802,2795
linpack,200,1311,1307
genmatrix,200,4,4
fetchdata,200,77,77
matrixmul,200,16,11
fastfouriertransform,200,16,7
fetchdata,200,85,84
linpack,200,710,706
linpack,200,699,695
fetchdata,200,97,97
matrixmul,200,21,16
matrixmul,200,17,12
matrixmul,200,21,12
genmatrix,200,49,34
genmatrix,200,4,4
fastfouriertransform,200,730,722
fastfouriertransform,200,338,334
fastfouriertransform,200,241,237
genmatrix,200,8,7
fetchdata,200,79,79
fastfouriertransform,200,12,8
genmatrix,200,46,35
fetchdata,200,86,85
linpack,200,691,687
fastfouriertransform,200,13,9
genmatrix,200,38,28
linpack,200,59,55
fetchdata,200,82,81
genmatrix,200,7,6
linpack,200,13,9
fastfouriertransform,200,14,9
genmatrix,200,9,7
fastfouriertransform,200,10,7
genmatrix,200,8,7
fetchdata,200,93,93
fetchdata,200,87,86
fastfouriertransform,200,12,9
matrixmul,200,17,12
linpack,200,11,7
fetchdata,200,77,77
matrixmul,200,19,13
fetchdata,200,81,81
linpack,200,13,9
matrixmul,200,15,14
linpack,200,11,6
fetchdata,200,85,85
genmatrix,200,11,10
genmatrix,200,15,13
fastfouriertransform,200,13,9
fetchdata,200,79,79
genmatrix,200,4,4
linpack,200,13,9
fetchdata,200,86,86
fetchdata,200,82,82
fastfouriertransform,200,11,7
linpack,200,713,707
fastfouriertransform,200,11,7
fastfouriertransform,200,10,7
genmatrix,200,4,4
linpack,200,15,10
genmatrix,200,50,36
matrixmul,200,21,15
linpack,200,11,7
linpack,200,11,7
matrixmul,200,18,13
fetchdata,200,88,87
fastfouriertransform,200,95,91
matrixmul,200,615,609
fastfouriertransform,200,15,11
fastfouriertransform,200,14,9
genmatrix,200,4,4
fetchdata,200,82,81
matrixmul,200,872,867
fetchdata,200,77,77
genmatrix,200,10,8
fetchdata,200,88,88
fastfouriertransform,200,11,6
matrixmul,200,1323,1318
matrixmul,200,1234,1229
matrixmul,200,943,935
matrixmul,200,549,543
matrixmul,200,469,464
matrixmul,200,171,166
fastfouriertransform,200,13,9
linpack,200,225,11
fetchdata,200,84,84
fetchdata,200,81,81
fastfouriertransform,200,12,7
matrixmul,200,559,553
matrixmul,200,280,275
linpack,200,226,7
fetchdata,200,77,77
fetchdata,200,77,77
linpack,200,13,7
matrixmul,200,737,732
linpack,200,15,8
genmatrix,200,6,6
fastfouriertransform,200,11,7
linpack,200,11,7
matrixmul,200,1203,1198
matrixmul,200,1112,1098
fastfouriertransform,200,13,8
matrixmul,200,924,918
matrixmul,200,238,231
fastfouriertransform,200,14,9
fastfouriertransform,200,16,11
fastfouriertransform,200,14,10
fetchdata,200,77,76
fastfouriertransform,200,18,7
fetchdata,200,78,77
linpack,200,13,8
linpack,200,13,8
matrixmul,200,22,17
linpack,200,12,7
genmatrix,200,4,3
genmatrix,200,9,7
genmatrix,200,13,11
fetchdata,200,81,81
genmatrix,200,9,7
genmatrix,200,4,4
linpack,200,722,717
linpack,200,13,8
linpack,200,53,44
fetchdata,200,77,77
genmatrix,200,8,7
fastfouriertransform,200,714,710
fastfouriertransform,200,518,515
fastfouriertransform,200,126,122
fetchdata,200,80,80
linpack,200,18,14
genmatrix,200,49,38
linpack,200,700,695
linpack,200,13,9
fastfouriertransform,200,10,6
genmatrix,200,4,3
fastfouriertransform,200,12,8
linpack,200,13,9
genmatrix,200,13,11
linpack,200,11,7
genmatrix,200,4,4
linpack,200,712,708
genmatrix,200,40,28
fastfouriertransform,200,13,9
fastfouriertransform,200,13,9
genmatrix,200,4,3
genmatrix,200,4,3
matrixmul,200,564,559
fastfouriertransform,200,14,10
fastfouriertransform,200,16,11
fetchdata,200,89,88
matrixmul,200,922,917
matrixmul,200,528,523
matrixmul,200,442,436
linpack,200,12,8
fetchdata,200,80,80
fetchdata,200,92,91
genmatrix,200,10,8
fetchdata,200,76,76
fastfouriertransform,200,715,710
fetchdata,200,76,76
linpack,200,14,9
fetchdata,200,96,96
fetchdata,200,88,88
matrixmul,200,16,11
fastfouriertransform,200,929,925
fetchdata,200,77,76
genmatrix,200,10,9
linpack,200,726,721
fetchdata,200,78,78
fetchdata,200,95,95
fetchdata,200,78,78
fastfouriertransform,200,1334,1330
genmatrix,200,4,3
fetchdata,200,86,86
fetchdata,200,88,87
genmatrix,200,12,10
matrixmul,200,561,555
genmatrix,200,39,28
fastfouriertransform,200,1045,1041
genmatrix,200,9,9
linpack,200,706,701
genmatrix,200,41,28
fastfouriertransform,200,1655,1651
linpack,200,698,694
genmatrix,200,8,7
genmatrix,200,7,6
matrixmul,200,16,12
linpack,200,993,990
linpack,200,300,296
linpack,200,11,7
fastfouriertransform,200,1672,1667
fastfouriertransform,200,1272,1267
linpack,200,895,883
linpack,200,601,597
fetchdata,200,76,76
matrixmul,200,16,11
genmatrix,200,42,30
genmatrix,200,42,32
genmatrix,200,49,37
genmatrix,200,42,28
fastfouriertransform,200,1189,1185
fastfouriertransform,200,296,292
fastfouriertransform,200,1702,1698
genmatrix,200,43,30
fetchdata,200,85,84
matrixmul,200,567,562
matrixmul,200,482,476
matrixmul,200,191,185
matrixmul,200,98,92
fetchdata,200,79,78
matrixmul,200,18,12
genmatrix,200,5,5
matrixmul,200,17,12
linpack,200,12,7
genmatrix,200,9,7
linpack,200,708,704
fetchdata,200,82,82
fastfouriertransform,200,712,707
fetchdata,200,81,80
linpack,200,15,11
matrixmul,200,562,557
matrixmul,200,370,365
genmatrix,200,8,8
fetchdata,200,84,84
fastfouriertransform,200,702,695
fastfouriertransform,200,417,413
fastfouriertransform,200,125,121
fetchdata,200,81,80
linpack,200,11,7
linpack,200,725,721
linpack,200,15,10
fetchdata,200,79,79
fastfouriertransform,200,11,6
matrixmul,200,594,589
fetchdata,200,79,78
fastfouriertransform,200,13,9
fetchdata,200,83,83
matrixmul,200,957,951
matrixmul,200,873,867
matrixmul,200,580,574
matrixmul,200,94,89
matrixmul,200,16,11
linpack,200,11,7
linpack,200,710,705
matrixmul,200,22,15
fetchdata,200,78,77
genmatrix,200,4,4
linpack,200,713,709
genmatrix,200,43,32
linpack,200,703,698
fetchdata,200,84,83
matrixmul,200,584,579
matrixmul,200,303,297
genmatrix,200,4,3
matrixmul,200,108,102
genmatrix,200,9,7
genmatrix,200,40,31
fastfouriertransform,200,16,12
fetchdata,200,86,86
linpack,200,1307,1303
matrixmul,200,21,15
fetchdata,200,78,78
fetchdata,200,76,76
genmatrix,200,49,34
fastfouriertransform,200,14,10
linpack,200,16,6
matrixmul,200,563,557
fastfouriertransform,200,12,7
genmatrix,200,14,12
linpack,200,11,7
matrixmul,200,919,912
fetchdata,200,127,126
fetchdata,200,106,106
fastfouriertransform,200,734,729
genmatrix,200,43,31
matrixmul,200,1259,1252
fetchdata,200,78,78
fetchdata,200,81,81
linpack,200,12,8
matrixmul,200,1511,1502
matrixmul,200,1220,1214
linpack,200,18,10
fastfouriertransform,200,746,742
fastfouriertransform,200,15,7
matrixmul,200,1358,1352
matrixmul,200,1073,1066
matrixmul,200,391,387
matrixmul,200,298,290
matrixmul,200,709,702
fetchdata,200,91,90
genmatrix,200,12,10
fastfouriertransform,200,718,714
matrixmul,200,653,647
linpack,200,12,7
genmatrix,200,6,6
fetchdata,200,77,77
matrixmul,200,897,892
fastfouriertransform,200,821,817
fastfouriertransform,200,427,422
fastfouriertransform,200,742,737
fastfouriertransform,200,342,338
fastfouriertransform,200,149,145
fetchdata,200,80,80
fetchdata,200,87,87
fastfouriertransform,200,20,16
fetchdata,200,84,83
genmatrix,200,9,7
matrixmul,200,1345,1339
fetchdata,200,78,78
linpack,200,11,7
fastfouriertransform,200,13,8
genmatrix,200,15,10
linpack,200,14,10
genmatrix,200,48,39
fetchdata,200,76,75
linpack,200,12,8
fetchdata,200,89,89
genmatrix,200,50,39
linpack,200,14,9
matrixmul,200,558,552
linpack,200,12,7
genmatrix,200,38,28
matrixmul,200,16,11
genmatrix,200,6,6
linpack,200,18,12
genmatrix,200,5,5
genmatrix,200,36,27
fetchdata,200,83,83
matrixmul,200,552,545
matrixmul,200,262,257
fetchdata,200,84,84
linpack,200,14,9
genmatrix,200,37,28
fastfouriertransform,200,725,720
genmatrix,200,7,6
matrixmul,200,562,556
matrixmul,200,178,171
matrixmul,200,85,79
linpack,200,714,710
linpack,200,20,15
linpack,200,720,714
genmatrix,200,5,4
fastfouriertransform,200,714,709
genmatrix,200,10,8
genmatrix,200,9,7
matrixmul,200,568,553
matrixmul,200,265,259
linpack,200,11,7
genmatrix,200,35,28
fetchdata,200,84,84
fastfouriertransform,200,932,927
fastfouriertransform,200,240,236
fetchdata,200,85,85
linpack,200,11,7
fastfouriertransform,200,19,10
genmatrix,200,6,6
matrixmul,200,558,549
matrixmul,200,370,364
fetchdata,200,77,77
matrixmul,200,811,806
matrixmul,200,525,519
matrixmul,200,241,236
matrixmul,200,51,42
genmatrix,200,47,37
genmatrix,200,9,7
linpack,200,705,701
fetchdata,200,81,81
linpack,200,716,711
fetchdata,200,85,84
fastfouriertransform,200,17,12
linpack,200,13,8
matrixmul,200,560,554
fetchdata,200,76,76
fetchdata,200,76,76
linpack,200,1001,993
linpack,200,18,13
fastfouriertransform,200,13,9
genmatrix,200,4,4
genmatrix,200,4,3
matrixmul,200,566,560
genmatrix,200,4,4
linpack,200,18,14
genmatrix,200,12,7
linpack,200,719,714
fastfouriertransform,200,16,12
genmatrix,200,45,35
fetchdata,200,78,77
matrixmul,200,16,11
fastfouriertransform,200,13,9
genmatrix,200,20,16
genmatrix,200,5,4
matrixmul,200,556,551
matrixmul,200,268,262
matrixmul,200,83,77
linpack,200,18,14
fetchdata,200,77,76
genmatrix,200,4,3
fastfouriertransform,200,724,718
fetchdata,200,77,77
linpack,200,40,36
linpack,200,16,12
genmatrix,200,38,28
fastfouriertransform,200,1238,1233
fastfouriertransform,200,942,937
linpack,200,716,712
linpack,200,27,22
fastfouriertransform,200,16,12
fastfouriertransform,200,13,8
matrixmul,200,555,549
linpack,200,701,697
fetchdata,200,77,77
fastfouriertransform,200,11,7
fetchdata,200,77,76
linpack,200,11,7
fetchdata,200,83,83
matrixmul,200,900,894
genmatrix,200,8,8
fetchdata,200,78,77
genmatrix,200,37,28
matrixmul,200,556,553
matrixmul,200,79,75
fetchdata,200,90,90
linpack,200,14,10
linpack,200,704,700
fetchdata,200,84,84
fastfouriertransform,200,13,8
fetchdata,200,77,77
fetchdata,200,78,78
fetchdata,200,88,88
fastfouriertransform,200,14,10
genmatrix,200,39,31
matrixmul,200,16,11
matrixmul,200,21,15
genmatrix,200,39,31
linpack,200,14,9
fastfouriertransform,200,12,8
linpack,200,713,708
genmatrix,200,38,30
matrixmul,200,557,550
genmatrix,200,5,5
linpack,200,14,10
genmatrix,200,36,28
matrixmul,200,900,895
fastfouriertransform,200,726,722
fastfouriertransform,200,433,429
fastfouriertransform,200,238,234
fastfouriertransform,200,33,29
matrixmul,200,18,11
fetchdata,200,86,86
matrixmul,200,579,573
matrixmul,200,392,379
matrixmul,200,307,302
genmatrix,200,38,31
fastfouriertransform,200,17,9
genmatrix,200,11,10
matrixmul,200,775,769
genmatrix,200,9,8
linpack,200,14,9
matrixmul,200,1235,1230
fastfouriertransform,200,725,721
fetchdata,200,77,76
genmatrix,200,39,29
fetchdata,200,81,80
matrixmul,200,1400,1394
linpack,200,705,700
linpack,200,12,7
matrixmul,200,1315,1309
matrixmul,200,626,620
matrixmul,200,342,334
matrixmul,200,249,240
genmatrix,200,9,7
matrixmul,200,17,11
fastfouriertransform,200,1341,1336
linpack,200,14,10
fetchdata,200,86,86
linpack,200,13,9
fastfouriertransform,200,1860,1856
fastfouriertransform,200,670,666
fastfouriertransform,200,176,171
fetchdata,200,89,89
genmatrix,200,53,35
genmatrix,200,9,8
linpack,200,702,697
fetchdata,200,76,76
linpack,200,11,6
fastfouriertransform,200,795,791
fastfouriertransform,200,693,689
linpack,200,15,9
matrixmul,200,551,545
fetchdata,200,83,82
genmatrix,200,9,8
matrixmul,200,365,260
genmatrix,200,41,28
genmatrix,200,7,6
genmatrix,200,51,28
genmatrix,200,46,33
linpack,200,16,10
matrixmul,200,22,16
matrixmul,200,18,13
genmatrix,200,39,30
fetchdata,200,83,83
matrixmul,200,558,552
fetchdata,200,78,78
genmatrix,200,41,32
linpack,200,768,762
matrixmul,200,815,809
matrixmul,200,527,521
matrixmul,200,438,432
matrixmul,200,247,240
fetchdata,200,76,76
fastfouriertransform,200,11,7
linpack,200,12,7
genmatrix,200,5,4
matrixmul,200,693,688
matrixmul,200,204,197
fastfouriertransform,200,18,12
fetchdata,200,77,77
fetchdata,200,76,76
genmatrix,200,42,33
linpack,200,723,718
genmatrix,200,36,28
matrixmul,200,573,566
matrixmul,200,385,379
matrixmul,200,17,11
genmatrix,200,8,7
fastfouriertransform,200,723,719
fastfouriertransform,200,323,319
fastfouriertransform,200,233,227
linpack,200,706,701
fetchdata,200,78,78
genmatrix,200,4,3
genmatrix,200,10,8
fastfouriertransform,200,745,741
fastfouriertransform,200,651,646
matrixmul,200,17,11
fetchdata,200,77,76
matrixmul,200,16,11
fetchdata,200,89,89
fetchdata,200,92,92
linpack,200,14,10
fastfouriertransform,200,1264,1260
fetchdata,200,77,77
linpack,200,18,6
fetchdata,200,83,83
genmatrix,200,11,10
genmatrix,200,40,34
linpack,200,709,706
genmatrix,200,35,28
fastfouriertransform,200,1666,1662
linpack,200,11,6
genmatrix,200,63,37
genmatrix,200,42,34
matrixmul,200,20,13
genmatrix,200,14,12
genmatrix,200,4,3
fastfouriertransform,200,865,861
genmatrix,200,52,39
genmatrix,200,41,32
genmatrix,200,5,4
matrixmul,200,565,559
matrixmul,200,383,378
fastfouriertransform,200,1265,1260
fetchdata,200,87,87
genmatrix,200,9,8
matrixmul,200,547,542
fetchdata,200,80,79
genmatrix,200,37,28
fastfouriertransform,200,3670,3666
fastfouriertransform,200,1276,1272
fastfouriertransform,200,677,673
fastfouriertransform,200,590,586
fetchdata,200,76,76
fastfouriertransform,200,11,7
matrixmul,200,790,784
matrixmul,200,24,19
genmatrix,200,11,9
fetchdata,200,126,126
matrixmul,200,18,11
fetchdata,200,77,76
fastfouriertransform,200,706,701
genmatrix,200,5,5
linpack,200,715,710
genmatrix,200,9,8
genmatrix,200,37,28
genmatrix,200,4,4
matrixmul,200,18,12
linpack,200,748,744
linpack,200,662,654
fetchdata,200,84,84
matrixmul,200,23,17
genmatrix,200,6,5
matrixmul,200,24,11
genmatrix,200,47,29
genmatrix,200,38,30
genmatrix,200,42,30
matrixmul,200,21,14
genmatrix,200,6,6
fetchdata,200,78,78
fastfouriertransform,200,717,713
fastfouriertransform,200,119,115
fastfouriertransform,200,14,9
matrixmul,200,21,15
genmatrix,200,38,28
matrixmul,200,17,11
fetchdata,200,78,77
linpack,200,708,703
linpack,200,616,611
matrixmul,200,20,13
linpack,200,11,7
genmatrix,200,43,28
fastfouriertransform,200,716,712
fastfouriertransform,200,522,517
fetchdata,200,89,88
matrixmul,200,570,564
genmatrix,200,4,4
genmatrix,200,4,3
linpack,200,719,714
linpack,200,631,627
fetchdata,200,86,85
fastfouriertransform,200,715,710
fastfouriertransform,200,126,121
genmatrix,200,42,34
genmatrix,200,4,4
matrixmul,200,590,585
fetchdata,200,78,78
linpack,200,1031,1026
fetchdata,200,95,94
linpack,200,17,11
matrixmul,200,655,649
matrixmul,200,464,457
fetchdata,200,79,78
linpack,200,12,7
fetchdata,200,89,89
fetchdata,200,84,83
genmatrix,200,4,4
fastfouriertransform,200,682,677
fastfouriertransform,200,386,382
linpack,200,11,6
genmatrix,200,4,4
fetchdata,200,76,76
genmatrix,200,4,3
fastfouriertransform,200,15,10
fastfouriertransform,200,12,8
fetchdata,200,77,76
genmatrix,200,4,4
fetchdata,200,80,79
matrixmul,200,25,20
fastfouriertransform,200,737,732
fastfouriertransform,200,346,337
fastfouriertransform,200,154,151
linpack,200,13,9
linpack,200,21,15
linpack,200,15,8
matrixmul,200,565,559
matrixmul,200,19,14
fastfouriertransform,200,754,749
linpack,200,712,707
linpack,200,14,10
fastfouriertransform,200,1159,1155
fastfouriertransform,200,666,662
matrixmul,200,574,567
matrixmul,200,483,476
matrixmul,200,294,288
genmatrix,200,41,33
linpack,200,13,9
genmatrix,200,10,8
linpack,200,84,79
genmatrix,200,11,9
linpack,200,43,38
fastfouriertransform,200,1074,1069
matrixmul,200,18,11
linpack,200,23,18
fetchdata,200,89,88
matrixmul,200,24,18
fastfouriertransform,200,1570,1566
fastfouriertransform,200,1366,1361
fastfouriertransform,200,586,582
genmatrix,200,10,8
matrixmul,200,558,553
fetchdata,200,85,85
fastfouriertransform,200,703,698
fastfouriertransform,200,213,209
genmatrix,200,5,5
matrixmul,200,1007,1001
matrixmul,200,916,910
matrixmul,200,437,431
linpack,200,17,12
linpack,200,12,7
genmatrix,200,36,28
matrixmul,200,1278,1271
matrixmul,200,16,11
fastfouriertransform,200,814,809
genmatrix,200,6,5
linpack,200,715,709
fetchdata,200,77,77
matrixmul,200,28,22
fastfouriertransform,200,921,917
fastfouriertransform,200,1432,1426
linpack,200,909,904
matrixmul,200,17,11
linpack,200,715,710
fastfouriertransform,200,1337,1332
genmatrix,200,10,9
fetchdata,200,90,90
genmatrix,200,10,8
genmatrix,200,4,4
linpack,200,1022,1017
linpack,200,627,623
linpack,200,532,528
linpack,200,839,834
linpack,200,446,441
fetchdata,200,80,79
linpack,200,11,6
matrixmul,200,20,14
fastfouriertransform,200,1425,1420
fetchdata,200,85,84
linpack,200,15,10
fetchdata,200,77,77
fastfouriertransform,200,1925,1920
fastfouriertransform,200,531,527
genmatrix,200,39,30
genmatrix,200,44,36
linpack,200,20,9
matrixmul,200,577,571
fastfouriertransform,200,14,9
fetchdata,200,78,78
fastfouriertransform,200,11,6
matrixmul,200,1024,1015
matrixmul,200,140,132
fetchdata,200,77,77
fastfouriertransform,200,718,714
matrixmul,200,581,575
genmatrix,200,60,47
linpack,200,715,710
genmatrix,200,5,4
fetchdata,200,77,77
matrixmul,200,940,931
matrixmul,200,648,642
fastfouriertransform,200,822,818
fastfouriertransform,200,29,23
genmatrix,200,5,4
fetchdata,200,82,82
genmatrix,200,10,9
linpack,200,819,814
linpack,200,741,731
linpack,200,446,441
fastfouriertransform,200,14,9
matrixmul,200,17,12
matrixmul,200,17,11
fetchdata,200,80,80
linpack,200,13,9
fetchdata,200,87,87
linpack,200,12,8
genmatrix,200,4,3
matrixmul,200,17,11
fastfouriertransform,200,721,717
fetchdata,200,86,86
genmatrix,200,5,5
linpack,200,715,710
matrixmul,200,574,569
matrixmul,200,188,181
matrixmul,200,16,11
fetchdata,200,78,77
fastfouriertransform,200,1328,1324
genmatrix,200,9,8
genmatrix,200,5,5
linpack,200,1321,1317
matrixmul,200,560,554
genmatrix,200,9,7
fastfouriertransform,200,1936,1932
fastfouriertransform,200,342,337
fastfouriertransform,200,247,243
fetchdata,200,89,89
genmatrix,200,7,4
linpack,200,1121,1116
linpack,200,1027,1022
linpack,200,438,434
fetchdata,200,77,76
fetchdata,200,82,82
fastfouriertransform,200,2256,2250
linpack,200,17,11
linpack,200,12,8
genmatrix,200,4,4
matrixmul,200,581,572
matrixmul,200,384,379
matrixmul,200,17,11
fastfouriertransform,200,2889,2885
fastfouriertransform,200,1291,1287
fastfouriertransform,200,895,890
genmatrix,200,11,10
genmatrix,200,50,37
linpack,200,708,703
linpack,200,216,212
matrixmul,200,565,558
genmatrix,200,9,8
linpack,200,13,8
matrixmul,200,622,616
fastfouriertransform,200,735,730
fastfouriertransform,200,545,541
fastfouriertransform,200,357,352
fastfouriertransform,200,258,254
linpack,200,11,7
linpack,200,15,9
fetchdata,200,84,84
matrixmul,200,577,572
fastfouriertransform,200,711,706
fetchdata,200,83,83
fetchdata,200,85,85
linpack,200,712,707
linpack,200,620,615
linpack,200,13,7
linpack,200,11,6
genmatrix,200,8,7
genmatrix,200,8,7
fastfouriertransform,200,916,912
matrixmul,200,554,549
linpack,200,13,8
genmatrix,200,5,4
genmatrix,200,5,4
linpack,200,11,6
matrixmul,200,607,600
fastfouriertransform,200,1523,1518
fastfouriertransform,200,1428,1423
genmatrix,200,36,28
linpack,200,12,7
genmatrix,200,8,8
linpack,200,13,8
fetchdata,200,77,76
genmatrix,200,45,31
matrixmul,200,663,657
matrixmul,200,16,11
linpack,200,15,9
genmatrix,200,5,5
matrixmul,200,17,11
genmatrix,200,4,3
genmatrix,200,10,9
fastfouriertransform,200,726,721
fetchdata,200,105,105
genmatrix,200,10,9
linpack,200,737,731
linpack,200,543,539
fetchdata,200,82,82
fetchdata,200,77,77
linpack,200,19,14
linpack,200,19,8
genmatrix,200,43,35
fetchdata,200,80,80
matrixmul,200,17,11
fastfouriertransform,200,709,704
fastfouriertransform,200,611,606
fetchdata,200,82,82
linpack,200,12,8
matrixmul,200,27,19
fetchdata,200,82,82
genmatrix,200,10,9
matrixmul,200,560,555
matrixmul,200,273,267
fetchdata,200,83,82
linpack,200,718,712
linpack,200,523,519
fetchdata,200,85,84
genmatrix,200,9,8
matrixmul,200,550,545
matrixmul,200,464,458
linpack,200,927,922
genmatrix,200,4,3
fetchdata,200,86,85
matrixmul,200,552,545
matrixmul,200,59,53
fetchdata,200,82,82
linpack,200,1323,1318
linpack,200,1125,1117
linpack,200,833,829
linpack,200,739,734
fetchdata,200,133,133
matrixmul,200,574,568
fetchdata,200,77,76
genmatrix,200,5,4
genmatrix,200,3,3
fastfouriertransform,200,747,743
fastfouriertransform,200,955,746
fetchdata,200,97,96
genmatrix,200,14,12
linpack,200,718,714
fetchdata,200,84,84
linpack,200,12,6
genmatrix,200,4,4
fastfouriertransform,200,1358,1353
fetchdata,200,80,80
linpack,200,16,11
matrixmul,200,576,567
matrixmul,200,20,13
genmatrix,200,5,4
genmatrix,200,4,4
matrixmul,200,19,11
fastfouriertransform,200,1795,1791
fastfouriertransform,200,902,898
fastfouriertransform,200,214,210
fastfouriertransform,200,17,7
matrixmul,200,26,17
fetchdata,200,79,79
fetchdata,200,79,79
matrixmul,200,17,11
linpack,200,720,715
linpack,200,429,422
linpack,200,333,329
fetchdata,200,84,84
matrixmul,200,23,17
fastfouriertransform,200,12,7
genmatrix,200,4,3
linpack,200,736,730
linpack,200,245,240
linpack,200,149,144
linpack,200,60,55
fastfouriertransform,200,11,7
genmatrix,200,37,28
matrixmul,200,575,567
fetchdata,200,85,85
genmatrix,200,4,4
matrixmul,200,925,919
fastfouriertransform,200,731,727
fetchdata,200,80,79
matrixmul,200,24,16
matrixmul,200,18,12
fetchdata,200,84,84
matrixmul,200,18,12
genmatrix,200,4,3
linpack,200,712,708
fastfouriertransform,200,1361,1356
fastfouriertransform,200,1167,1162
genmatrix,200,59,33
matrixmul,200,17,12
fetchdata,200,79,79
genmatrix,200,6,6
fastfouriertransform,200,1672,1667
fastfouriertransform,200,1082,1077
genmatrix,200,11,10
matrixmul,200,582,575
genmatrix,200,4,3
fastfouriertransform,200,1376,1371
fastfouriertransform,200,986,981
matrixmul,200,588,578
fetchdata,200,77,76
genmatrix,200,10,8
matrixmul,200,1048,1041
matrixmul,200,467,459
matrixmul,200,878,871
linpack,200,706,701
fastfouriertransform,200,1305,1301
fastfouriertransform,200,611,606
fastfouriertransform,200,119,115
fastfouriertransform,200,2227,2223
genmatrix,200,41,33
genmatrix,200,9,7
matrixmul,200,1343,1333
matrixmul,200,955,949
matrixmul,200,370,353
genmatrix,200,48,37
matrixmul,200,404,275
fastfouriertransform,200,11,6
linpack,200,12,7
matrixmul,200,742,736
fetchdata,200,87,87
fetchdata,200,82,82
fetchdata,200,83,82
fetchdata,200,77,77
genmatrix,200,8,7
matrixmul,200,1015,1009
fastfouriertransform,200,12,8
fetchdata,200,88,88
genmatrix,200,9,7
fastfouriertransform,200,10,6
matrixmul,200,1384,1378
matrixmul,200,999,991
matrixmul,200,610,604
fetchdata,200,76,76
genmatrix,200,10,8
genmatrix,200,44,36
genmatrix,200,11,10
fastfouriertransform,200,12,8
fetchdata,200,77,77
matrixmul,200,880,874
matrixmul,200,2389,2380
genmatrix,200,10,9
matrixmul,200,22,15
matrixmul,200,17,11
fastfouriertransform,200,11,6
linpack,200,739,734
linpack,200,649,644
fetchdata,200,84,83
matrixmul,200,23,15
genmatrix,200,53,43
genmatrix,200,44,36
genmatrix,200,4,4
fastfouriertransform,200,722,718
fastfouriertransform,200,220,215
linpack,200,1072,1066
fetchdata,200,79,79
fastfouriertransform,200,14,10
fetchdata,200,84,84
matrixmul,200,19,12
genmatrix,200,39,29
linpack,200,880,875
linpack,200,586,581
matrixmul,200,27,21
fetchdata,200,85,85
fastfouriertransform,200,13,9
genmatrix,200,8,7
matrixmul,200,18,13
linpack,200,790,785
linpack,200,101,95
fetchdata,200,86,86
matrixmul,200,581,574
matrixmul,200,196,190
fetchdata,200,76,76
fetchdata,200,88,87
fastfouriertransform,200,702,697
fastfouriertransform,200,15,10
fetchdata,200,77,76
linpack,200,712,708
linpack,200,516,511
linpack,200,321,317
fetchdata,200,76,76
genmatrix,200,38,28
fetchdata,200,86,86
fetchdata,200,78,78
fetchdata,200,77,77
genmatrix,200,49,29
linpack,200,724,714
fastfouriertransform,200,743,739
fetchdata,200,82,81
fetchdata,200,77,76
fastfouriertransform,200,15,14
linpack,200,1129,1125
linpack,200,839,835
linpack,200,548,544
linpack,200,764,759
linpack,200,365,361
fastfouriertransform,200,15,10
fetchdata,200,76,76
matrixmul,200,18,12
genmatrix,200,12,9
linpack,200,974,969
linpack,200,878,874
fetchdata,200,80,80
fastfouriertransform,200,714,708
fastfouriertransform,200,124,120
matrixmul,200,566,560
matrixmul,200,480,474
linpack,200,1280,1275
fetchdata,200,89,89
genmatrix,200,37,28
genmatrix,200,38,28
genmatrix,200,10,8
fetchdata,200,84,84
matrixmul,200,833,827
linpack,200,1586,1581
linpack,200,693,487
linpack,200,196,192
fetchdata,200,77,77
fetchdata,200,85,84
matrixmul,200,1301,1281
matrixmul,200,204,194
matrixmul,200,22,16
fastfouriertransform,200,684,680
matrixmul,200,17,12
fetchdata,200,76,76
linpack,200,11,6
genmatrix,200,4,3
fetchdata,200,79,79
fastfouriertransform,200,1196,1192
fetchdata,200,77,77
matrixmul,200,554,547
matrixmul,200,467,461
linpack,200,719,715
genmatrix,200,13,9
fastfouriertransform,200,1602,1597
fetchdata,200,82,82
genmatrix,200,11,9
linpack,200,1022,1017
genmatrix,200,5,5
matrixmul,200,556,551
matrixmul,200,19,13
fastfouriertransform,200,1323,1318
fastfouriertransform,200,926,921
fetchdata,200,76,76
linpack,200,1519,1510
linpack,200,1233,1228
linpack,200,1038,1033
linpack,200,446,441
fastfouriertransform,200,1147,1143
fetchdata,200,77,76
genmatrix,200,44,31
genmatrix,200,5,4
linpack,200,961,956
fetchdata,200,81,81
fastfouriertransform,200,1049,1038
matrixmul,200,565,560
fastfouriertransform,200,11,6
fetchdata,200,77,77
genmatrix,200,9,7
linpack,200,1453,1448
linpack,502,54,49
fetchdata,200,83,82
genmatrix,200,40,31
genmatrix,200,7,7
matrixmul,200,20,14
genmatrix,200,43,33
genmatrix,200,44,35
linpack,200,2068,2063
linpack,200,1973,1969
linpack,200,1880,1875
matrixmul,200,19,14
matrixmul,200,21,15
genmatrix,200,16,15
linpack,200,1989,1984
linpack,200,1896,1892
linpack,200,1307,1302
linpack,200,708,704
fetchdata,200,84,84
fastfouriertransform,200,732,724
fastfouriertransform,200,539,536
fastfouriertransform,200,144,140
matrixmul,200,596,590
matrixmul,200,209,203
linpack,200,1211,1206
fetchdata,200,77,77
fetchdata,200,83,83
fastfouriertransform,200,13,8
genmatrix,200,8,7
linpack,200,1511,1506
linpack,200,1221,1216
linpack,200,825,821
fetchdata,200,95,95
fetchdata,200,78,77
matrixmul,200,24,19
fastfouriertransform,200,708,702
fastfouriertransform,200,117,113
fetchdata,200,83,83
fetchdata,200,79,79
linpack,200,1428,1423
linpack,200,1133,1128
genmatrix,200,37,28
linpack,200,542,537
matrixmul,200,17,11
fetchdata,200,86,86
genmatrix,200,38,30
matrixmul,200,573,567
matrixmul,200,84,79
fetchdata,200,80,80
fetchdata,200,90,89
linpack,200,734,731
genmatrix,200,47,38
fetchdata,200,78,78
linpack,200,12,8
genmatrix,200,11,10
fastfouriertransform,200,13,10
linpack,200,1336,1332
matrixmul,200,572,568
fetchdata,200,78,78
matrixmul,200,1028,1018
genmatrix,200,45,34
linpack,200,711,706
linpack,200,1639,1633
fetchdata,200,78,77
genmatrix,200,38,28
genmatrix,200,4,4
fastfouriertransform,200,712,708
matrixmul,200,1083,1077
matrixmul,200,495,489
matrixmul,200,712,702
linpack,200,17,12
fetchdata,200,86,86
linpack,200,12,7
fetchdata,200,78,77
fastfouriertransform,200,1318,1313
fastfouriertransform,200,628,623
genmatrix,200,38,28
matrixmul,200,22,17
linpack,200,14,9
fetchdata,200,130,129
matrixmul,200,18,12
fetchdata,200,76,76
genmatrix,200,8,7
fastfouriertransform,200,840,836
fastfouriertransform,200,14,9
linpack,200,16,11
linpack,200,13,8
matrixmul,200,559,553
fastfouriertransform,200,11,7
matrixmul,200,17,11
matrixmul,200,20,13
genmatrix,200,10,9
linpack,200,16,12
genmatrix,200,8,7
fastfouriertransform,200,711,706
linpack,200,25,20
matrixmul,200,17,12
genmatrix,200,5,5
fetchdata,200,77,76
matrixmul,200,29,17
fastfouriertransform,200,1113,1108
genmatrix,200,35,28
fetchdata,200,84,84
linpack,200,714,709
genmatrix,200,14,13
linpack,200,16,10
fetchdata,200,79,79
linpack,200,11,6
fastfouriertransform,200,1609,1604
fetchdata,200,86,86
genmatrix,200,5,4
matrixmul,200,572,565
matrixmul,200,16,11
linpack,200,718,713
fastfouriertransform,200,1722,1718
genmatrix,200,8,7
linpack,200,110,102
linpack,200,24,8
genmatrix,200,44,36
genmatrix,200,36,28
matrixmul,200,585,579
fetchdata,200,83,83
fastfouriertransform,200,1327,1323
fastfouriertransform,200,1234,1225
genmatrix,200,4,4
matrixmul,200,20,14
linpack,200,20,8
genmatrix,200,37,29
genmatrix,200,8,7
linpack,200,11,7
fastfouriertransform,200,745,740
fastfouriertransform,200,253,248
fetchdata,200,88,88
matrixmul,200,22,16
matrixmul,200,21,15
matrixmul,200,84,78
fastfouriertransform,200,2357,2353
fetchdata,200,83,83
linpack,200,706,700
linpack,200,415,410
genmatrix,200,4,3
linpack,200,724,719
linpack,200,435,430
linpack,200,240,236
fastfouriertransform,200,11,7
linpack,200,13,7
linpack,200,17,12
fetchdata,200,86,86
linpack,200,820,814
linpack,200,524,518
genmatrix,200,58,42
matrixmul,200,18,11
fetchdata,200,76,76
fastfouriertransform,200,19,15
matrixmul,200,25,14
matrixmul,200,20,14
matrixmul,200,17,11
fastfouriertransform,200,11,6
matrixmul,200,21,15
linpack,200,722,718
genmatrix,200,41,33
genmatrix,200,5,4
linpack,200,703,698
fetchdata,200,79,78
fastfouriertransform,200,738,733
fastfouriertransform,200,449,445
fastfouriertransform,200,252,246
fastfouriertransform,200,160,155
genmatrix,200,9,7
fetchdata,200,76,76
matrixmul,200,578,572
matrixmul,200,286,280
fastfouriertransform,200,12,8
linpack,200,14,9
genmatrix,200,4,3
matrixmul,200,570,564
fetchdata,200,78,78
fetchdata,200,82,82
fetchdata,200,85,85
matrixmul,200,1027,1022
matrixmul,200,438,433
fetchdata,200,79,79
fetchdata,200,86,86
matrixmul,200,1489,1481
matrixmul,200,602,596
fastfouriertransform,200,719,713
fetchdata,200,82,82
fastfouriertransform,200,11,7
linpack,200,706,701
linpack,200,710,705
fastfouriertransform,200,13,8
fetchdata,200,82,82
fastfouriertransform,200,13,8
matrixmul,200,760,754
matrixmul,200,370,364
linpack,200,13,8
matrixmul,200,18,12
linpack,200,17,12
fastfouriertransform,200,721,717
fastfouriertransform,200,530,525
fetchdata,200,76,76
genmatrix,200,4,4
genmatrix,200,7,6
linpack,200,719,714
linpack,200,127,123
fastfouriertransform,200,1140,1137
fastfouriertransform,200,846,840
genmatrix,200,4,3
linpack,200,12,7
linpack,200,722,717
linpack,200,630,625
fetchdata,200,80,80
matrixmul,200,580,575
matrixmul,200,193,187
matrixmul,200,106,99
genmatrix,200,41,33
matrixmul,200,24,19
genmatrix,200,45,31
fetchdata,200,77,77
fetchdata,200,83,83
genmatrix,200,39,31
matrixmul,200,585,578
matrixmul,200,397,390
fetchdata,200,76,76
fastfouriertransform,200,11,7
linpack,200,18,13
linpack,200,706,702
fetchdata,200,81,81
fetchdata,200,81,81
fetchdata,200,76,76
matrixmul,200,578,569
genmatrix,200,4,3
linpack,200,12,7
fetchdata,200,83,83
genmatrix,200,11,10
linpack,200,12,7
fastfouriertransform,200,744,739
fastfouriertransform,200,145,140
fetchdata,200,77,76
linpack,200,11,7
matrixmul,200,18,11
genmatrix,200,15,15
fastfouriertransform,200,15,10
fetchdata,200,77,77
fastfouriertransform,200,40,35
matrixmul,200,16,11
linpack,200,16,11
fetchdata,200,87,87
fetchdata,200,80,80
genmatrix,200,11,10
linpack,200,11,7
genmatrix,200,12,9
genmatrix,200,13,11
matrixmul,200,558,552
matrixmul,200,70,64
fetchdata,200,76,76
genmatrix,200,8,7
fastfouriertransform,200,12,7
fetchdata,200,88,87
linpack,200,719,714
matrixmul,200,554,549
fetchdata,200,83,83
genmatrix,200,43,34
linpack,200,12,7
fetchdata,200,87,87
genmatrix,200,5,4
fetchdata,200,86,86
linpack,200,12,6
matrixmul,200,571,565
matrixmul,200,284,267
genmatrix,200,8,7
matrixmul,200,16,11
fetchdata,200,89,89
genmatrix,200,7,7
fetchdata,200,79,78
matrixmul,200,567,562
fetchdata,200,78,78
fastfouriertransform,200,15,10
fastfouriertransform,200,15,10
fastfouriertransform,200,15,10
matrixmul,200,21,15
fetchdata,200,78,78
linpack,200,711,706
fetchdata,200,80,80
fetchdata,200,77,77
fastfouriertransform,200,24,9
fastfouriertransform,200,11,6
matrixmul,200,568,562
matrixmul,200,278,272
fastfouriertransform,200,11,7
genmatrix,200,45,33
genmatrix,200,5,5
linpack,200,716,713
linpack,200,223,218
linpack,200,12,7
matrixmul,200,17,11
linpack,200,711,707
fastfouriertransform,200,11,7
linpack,200,12,6
fetchdata,200,87,87
linpack,200,14,9
genmatrix,200,10,8
genmatrix,200,9,7
linpack,200,13,8
fetchdata,200,85,85
matrixmul,200,575,569
fastfouriertransform,200,715,710
fastfouriertransform,200,322,317
fastfouriertransform,200,230,226
fastfouriertransform,200,20,16
fetchdata,200,87,87
genmatrix,200,36,28
matrixmul,200,642,637
matrixmul,200,555,549
matrixmul,200,466,460
fastfouriertransform,200,11,7
fastfouriertransform,200,11,7
fetchdata,200,93,92
genmatrix,200,8,7
fastfouriertransform,200,12,7
matrixmul,200,725,719
genmatrix,200,38,28
linpack,200,12,7
fastfouriertransform,200,11,7
genmatrix,200,6,5
linpack,200,715,709
fetchdata,200,87,86
fetchdata,200,77,77
matrixmul,200,17,12
genmatrix,200,9,8
linpack,200,12,7
matrixmul,200,19,13
fetchdata,200,77,77
fastfouriertransform,200,11,6
genmatrix,200,4,3
linpack,200,723,717
fetchdata,200,84,83
linpack,200,727,723
genmatrix,200,43,36
linpack,200,14,9
genmatrix,200,8,7
fastfouriertransform,200,724,718
fastfouriertransform,200,232,228
genmatrix,200,55,44
matrixmul,200,569,563
matrixmul,200,282,276
fetchdata,200,86,86
linpack,200,11,7
fetchdata,200,85,84
fastfouriertransform,200,15,11
matrixmul,200,638,633
matrixmul,200,351,344
genmatrix,200,7,6
matrixmul,200,24,18
fetchdata,200,81,81
genmatrix,200,4,3
linpack,200,721,716
fastfouriertransform,200,15,10
genmatrix,200,14,12
genmatrix,200,15,14
fastfouriertransform,200,11,6
matrixmul,200,579,573
fastfouriertransform,200,11,6
linpack,200,11,7
fastfouriertransform,200,14,9
linpack,200,11,7
matrixmul,200,577,571
linpack,200,11,7
genmatrix,200,9,8
linpack,200,716,704
fastfouriertransform,200,705,700
linpack,200,12,7
linpack,200,27,23
fetchdata,200,77,77
matrixmul,200,562,556
matrixmul,200,74,68
fetchdata,200,83,83
genmatrix,200,13,11
matrixmul,200,19,13
fastfouriertransform,200,1014,1010
fastfouriertransform,200,23,18
fastfouriertransform,200,829,825
genmatrix,200,10,8
fetchdata,200,131,131
matrixmul,200,562,555
linpack,200,12,7
fetchdata,200,77,77
genmatrix,200,45,33
matrixmul,200,1011,1004
matrixmul,200,922,916
matrixmul,200,439,433
matrixmul,200,650,635
linpack,200,11,7
genmatrix,200,9,7
fastfouriertransform,200,715,711
linpack,200,26,10
matrixmul,200,597,589
fetchdata,200,88,88
genmatrix,200,5,4
genmatrix,200,42,28
matrixmul,200,1051,1038
matrixmul,200,963,956
fetchdata,200,77,77
fastfouriertransform,200,13,7
fetchdata,200,79,79
linpack,200,14,8
linpack,200,12,7
matrixmul,200,923,917
matrixmul,200,734,728
fetchdata,200,85,84
genmatrix,200,51,35
matrixmul,200,1096,1089
genmatrix,200,5,4
genmatrix,200,43,28
fetchdata,200,80,80
fastfouriertransform,200,706,701
matrixmul,200,1553,1547
matrixmul,200,1065,1059
matrixmul,200,675,669
matrixmul,200,826,820
matrixmul,200,339,329
linpack,200,728,723
fastfouriertransform,200,824,819
linpack,200,534,529
fetchdata,200,85,85
linpack,200,701,696
genmatrix,200,5,4
linpack,200,311,305
linpack,200,13,7
linpack,200,11,6
genmatrix,200,4,4
fastfouriertransform,200,1032,1027
fastfouriertransform,200,838,833
fastfouriertransform,200,145,141
linpack,200,12,7
linpack,200,11,7
matrixmul,200,568,562
matrixmul,200,481,474
linpack,200,68,64
linpack,200,13,8
linpack,200,13,8
linpack,200,11,6
genmatrix,200,4,4
matrixmul,200,573,564
genmatrix,200,10,8
fastfouriertransform,200,16,11
fetchdata,200,86,86
genmatrix,200,9,8
matrixmul,200,1034,1027
matrixmul,200,646,640
matrixmul,200,158,152
genmatrix,200,10,9
linpack,200,719,714
genmatrix,200,37,28
matrixmul,200,558,552
fastfouriertransform,200,714,707
fetchdata,200,86,86
fetchdata,200,88,88
fetchdata,200,81,81
fetchdata,200,77,77
matrixmul,200,17,11
matrixmul,200,21,12
fastfouriertransform,200,1224,1219
fastfouriertransform,200,1131,1126
fastfouriertransform,200,1041,1037
fastfouriertransform,200,846,841
fetchdata,200,87,86
fastfouriertransform,200,15,10
linpack,200,12,7
linpack,200,710,705
fastfouriertransform,200,15,9
matrixmul,200,566,558
matrixmul,200,281,274
fetchdata,200,85,85
genmatrix,200,43,33
fastfouriertransform,200,11,6
fastfouriertransform,200,11,6
fetchdata,200,84,84
genmatrix,200,5,5
matrixmul,200,731,725
matrixmul,200,20,15
genmatrix,200,39,32
matrixmul,200,20,14
genmatrix,200,38,28
matrixmul,200,17,11
matrixmul,200,17,11
genmatrix,200,10,9
linpack,200,14,9
genmatrix,200,36,28
linpack,200,12,7
fetchdata,200,84,84
genmatrix,200,9,8
fastfouriertransform,200,751,746
fastfouriertransform,200,158,152
fetchdata,200,80,80
fetchdata,200,78,78
linpack,200,12,7
linpack,200,11,7
matrixmul,200,572,566
matrixmul,200,283,275
matrixmul,200,195,189
fetchdata,200,77,77
fetchdata,200,76,76
genmatrix,200,4,4
linpack,200,761,757
fetchdata,200,91,91
matrixmul,200,21,15
fetchdata,200,77,77
matrixmul,200,17,11
linpack,200,35,23
fastfouriertransform,200,745,740
fetchdata,200,86,86
linpack,200,11,7
matrixmul,200,569,562
fetchdata,200,91,91
fetchdata,200,85,85
genmatrix,200,5,4
fastfouriertransform,200,1358,1353
linpack,200,11,7
matrixmul,200,1039,1033
linpack,200,12,7
genmatrix,200,43,30
genmatrix,200,44,34
fastfouriertransform,200,1055,1051
fastfouriertransform,200,163,158
matrixmul,200,1508,1502
matrixmul,200,821,815
matrixmul,200,132,126
matrixmul,200,744,738
fetchdata,200,77,77
fastfouriertransform,200,12,6
fetchdata,200,82,82
genmatrix,200,12,8
fetchdata,200,77,77
linpack,200,11,6
genmatrix,200,39,30
linpack,200,15,10
fastfouriertransform,200,711,706
matrixmul,200,24,17
linpack,200,13,8
fetchdata,200,76,76
genmatrix,200,40,29
genmatrix,200,44,29
linpack,200,21,16
fastfouriertransform,200,1221,1215
fastfouriertransform,200,333,329
fastfouriertransform,200,1139,1134
genmatrix,200,48,33
genmatrix,200,12,11
linpack,200,11,6
fastfouriertransform,200,12,6
matrixmul,200,19,12
genmatrix,200,45,35
fetchdata,200,86,86
fetchdata,200,78,78
linpack,200,703,698
fetchdata,200,79,79
genmatrix,200,5,4
fetchdata,200,85,84
genmatrix,200,45,33
matrixmul,200,613,599
linpack,200,20,14
genmatrix,200,46,32
genmatrix,200,12,10
linpack,200,11,7
matrixmul,200,877,871
matrixmul,200,788,782
fastfouriertransform,200,722,718
fastfouriertransform,200,129,124
genmatrix,200,5,4
fetchdata,200,88,87
fetchdata,200,87,87
genmatrix,200,9,7
matrixmul,200,851,846
matrixmul,200,561,554
genmatrix,200,9,7
linpack,200,12,7
fetchdata,200,87,87
linpack,200,739,730
fastfouriertransform,200,12,7
fastfouriertransform,200,11,6
fastfouriertransform,200,11,6
matrixmul,200,579,572
matrixmul,200,294,287
fetchdata,200,89,89
fetchdata,200,87,87
genmatrix,200,4,3
genmatrix,200,4,4
genmatrix,200,8,7
matrixmul,200,650,645
fastfouriertransform,200,750,746
fetchdata,200,90,90
matrixmul,200,22,15
genmatrix,200,44,34
fetchdata,200,86,86
fetchdata,200,83,83
fastfouriertransform,200,895,890
fastfouriertransform,200,403,399
fastfouriertransform,200,311,306
linpack,200,18,14
fastfouriertransform,200,120,116
linpack,200,14,9
matrixmul,200,17,11
fastfouriertransform,200,11,7
genmatrix,200,6,5
matrixmul,200,19,13
fetchdata,200,86,85
fastfouriertransform,200,14,10
matrixmul,200,86,80
fastfouriertransform,200,11,6
genmatrix,200,12,10
genmatrix,200,10,9
matrixmul,200,21,15
fetchdata,200,83,83
linpack,200,11,7
fastfouriertransform,200,11,6
fetchdata,200,86,86
genmatrix,200,46,34
fetchdata,200,90,90
fetchdata,200,96,96
linpack,200,11,6
matrixmul,200,17,11
fastfouriertransform,200,12,7
fetchdata,200,83,83
linpack,200,17,10
fetchdata,200,77,77
genmatrix,200,50,33
fastfouriertransform,200,18,13
linpack,200,14,9
matrixmul,200,579,573
linpack,200,19,14
fastfouriertransform,200,49,45
genmatrix,200,4,3
linpack,200,14,8
linpack,200,13,8
matrixmul,200,1043,1037
fastfouriertransform,200,12,7
linpack,200,714,709
fastfouriertransform,200,11,6
linpack,200,14,9
matrixmul,200,582,575
linpack,200,13,8
genmatrix,200,12,10
fetchdata,200,78,78
genmatrix,200,42,29
matrixmul,200,939,933
matrixmul,200,754,748
fetchdata,200,84,84
fastfouriertransform,200,75,70
fetchdata,200,77,77
linpack,200,716,711
linpack,200,322,317
matrixmul,200,20,13
matrixmul,200,20,12
fastfouriertransform,200,722,717
genmatrix,200,4,4
genmatrix,200,5,4
linpack,200,727,723
fetchdata,200,83,83
genmatrix,200,12,10
fastfouriertransform,200,1242,1237
matrixmul,200,17,11
linpack,200,1326,1321
linpack,200,632,625
linpack,200,1045,1040
linpack,200,948,942
linpack,200,356,352
fetchdata,200,85,84
fetchdata,200,82,82
matrixmul,200,20,14
matrixmul,200,22,17
linpack,200,12,7
fastfouriertransform,200,717,713
genmatrix,200,41,29
fetchdata,200,78,78
fastfouriertransform,200,13,8
fetchdata,200,85,85
fastfouriertransform,200,13,9
linpack,200,13,8
genmatrix,200,4,3
genmatrix,200,5,4
genmatrix,200,49,33
fastfouriertransform,200,12,7
matrixmul,200,566,560
genmatrix,200,9,7
genmatrix,200,40,29
linpack,200,15,10
matrixmul,200,20,13
genmatrix,200,10,9
matrixmul,200,17,11
fetchdata,200,124,124
fastfouriertransform,200,740,735
fetchdata,200,102,102
linpack,200,14,8
fetchdata,200,79,79
fastfouriertransform,200,1261,1256
fastfouriertransform,200,667,663
fastfouriertransform,200,575,572
fastfouriertransform,200,381,377
fetchdata,200,84,84
linpack,200,13,8
genmatrix,200,6,5
matrixmul,200,589,583
matrixmul,200,507,496
matrixmul,200,216,210
matrixmul,200,30,24
genmatrix,200,9,8
fastfouriertransform,200,13,9
genmatrix,200,5,4
linpack,200,13,8
fastfouriertransform,200,12,8
fetchdata,200,80,80
genmatrix,200,10,8
genmatrix,200,6,6
fetchdata,200,87,87
fastfouriertransform,200,725,721
linpack,200,719,715
fetchdata,200,83,83
fetchdata,200,84,84
fastfouriertransform,200,1345,1340
matrixmul,200,596,589
matrixmul,200,108,101
fetchdata,200,88,87
genmatrix,200,48,36
linpack,200,1126,1121
linpack,200,1031,1025
matrixmul,200,17,11
genmatrix,200,5,4
fastfouriertransform,200,1658,1654
fetchdata,200,78,77
fetchdata,200,81,80
matrixmul,200,24,15
fetchdata,200,90,90
genmatrix,200,5,4
linpack,200,1524,1517
linpack,200,1332,1326
genmatrix,200,8,7
fastfouriertransform,200,1180,1175
fastfouriertransform,200,1084,1080
fastfouriertransform,200,291,287
fastfouriertransform,200,11,7
fastfouriertransform,200,18,12
fetchdata,200,87,87
matrixmul,200,22,17
linpack,200,708,705
linpack,200,114,109
fetchdata,200,81,81
genmatrix,200,10,8
genmatrix,200,11,10
genmatrix,200,14,12
fetchdata,200,86,85
fastfouriertransform,200,731,726
fetchdata,200,82,82
linpack,200,12,7
fetchdata,200,86,86
matrixmul,200,552,546
fetchdata,200,84,84
fetchdata,200,78,78
genmatrix,200,11,9
genmatrix,200,11,10
matrixmul,200,562,555
matrixmul,200,476,469
fastfouriertransform,200,13,9
genmatrix,200,42,31
linpack,200,720,715
linpack,200,126,121
fetchdata,200,81,81
fetchdata,200,85,85
fetchdata,200,94,94
matrixmul,200,20,13
fastfouriertransform,200,18,12
genmatrix,200,12,11
fetchdata,200,83,82
linpack,200,11,6
linpack,200,19,15
matrixmul,200,592,586
fetchdata,200,87,86
fastfouriertransform,200,757,752
fastfouriertransform,200,665,660
fastfouriertransform,200,570,566
fastfouriertransform,200,477,472
fastfouriertransform,200,184,179
fastfouriertransform,200,12,8
fastfouriertransform,200,14,10
matrixmul,200,584,577
matrixmul,200,97,87
matrixmul,200,21,14
linpack,200,705,701
fetchdata,200,102,102
matrixmul,200,20,14
fastfouriertransform,200,735,730
genmatrix,200,4,4
fetchdata,200,107,107
genmatrix,200,9,8
matrixmul,200,570,564
matrixmul,200,378,372
fetchdata,200,98,97
linpack,200,11,6
linpack,200,11,7
genmatrix,200,9,7
fastfouriertransform,200,860,855
fastfouriertransform,200,1367,1363
matrixmul,200,22,12
matrixmul,200,22,16
matrixmul,200,18,13
matrixmul,200,18,12
linpack,200,12,6
linpack,200,14,9
matrixmul,200,37,30
genmatrix,200,12,9
fastfouriertransform,200,736,732
genmatrix,200,38,28
fetchdata,200,87,86
genmatrix,200,42,31
fetchdata,200,83,83
genmatrix,200,5,5
linpack,200,739,734
matrixmul,200,576,570
matrixmul,200,127,82
genmatrix,200,39,28
fetchdata,200,82,82
fastfouriertransform,200,13,7
fetchdata,200,85,85
fastfouriertransform,200,12,6
linpack,200,1248,1243
linpack,200,154,148
genmatrix,200,4,3
fetchdata,200,81,81
genmatrix,200,47,31
fastfouriertransform,200,15,10
genmatrix,200,37,29
linpack,200,714,709
matrixmul,200,25,16
genmatrix,200,8,7
matrixmul,200,21,14
fastfouriertransform,200,12,7
fetchdata,200,76,76
linpack,200,1121,1116
linpack,200,630,625
linpack,200,738,734
fetchdata,200,76,76
fetchdata,200,80,80
fetchdata,200,81,81
linpack,200,730,726
linpack,200,537,532
fastfouriertransform,200,771,762
genmatrix,200,1694,1693
genmatrix,200,211,211
fastfouriertransform,200,1880,1870
fastfouriertransform,200,514,507
fastfouriertransform,200,120,111
fastfouriertransform,200,1627,1620
fastfouriertransform,200,1340,1332
genmatrix,200,22,11
fastfouriertransform,200,1398,1390
fetchdata,200,1931,1931
fastfouriertransform,200,11,7
fetchdata,200,1014,1014
fetchdata,200,594,594
fetchdata,200,1563,1563
genmatrix,200,45,37
linpack,200,1460,1451
fetchdata,200,79,79
fastfouriertransform,200,740,737
fastfouriertransform,200,645,644
fastfouriertransform,200,259,255
fastfouriertransform,200,59,51
genmatrix,200,9,8
genmatrix,200,8,7
linpack,200,2967,2958
genmatrix,200,13,12
fetchdata,200,85,85
matrixmul,200,2200,2190
matrixmul,200,1833,1813
genmatrix,200,42,28
matrixmul,200,1437,1432
fastfouriertransform,200,711,703
fastfouriertransform,200,113,109
fetchdata,200,80,80
fetchdata,200,87,87
linpack,200,3077,3069
linpack,200,3285,3278
linpack,200,3789,3781
linpack,200,3196,3188
linpack,200,1421,1413
genmatrix,200,39,32
genmatrix,200,4,3
fetchdata,200,78,77
genmatrix,200,8,7
matrixmul,200,562,559
genmatrix,200,6,5
fetchdata,200,86,86
genmatrix,200,4,4
linpack,200,2818,2813
genmatrix,200,4,3
fetchdata,200,79,79
linpack,200,54,51
matrixmul,200,532,526
genmatrix,200,43,30
matrixmul,200,452,437
linpack,200,2931,2927
linpack,200,1339,1330
genmatrix,200,4,4
fetchdata,200,78,78
matrixmul,200,17,11
fastfouriertransform,200,22,12
fetchdata,200,83,83
linpack,200,745,741
fetchdata,200,83,83
linpack,200,712,708
matrixmul,200,16,11
matrixmul,200,50,45
matrixmul,200,22,14
genmatrix,200,53,39
genmatrix,200,5,4
fastfouriertransform,200,708,704
fastfouriertransform,200,316,313
fastfouriertransform,200,220,217
genmatrix,200,9,7
fetchdata,200,92,92
fastfouriertransform,200,16,12
genmatrix,200,36,29
fetchdata,200,82,82
linpack,200,708,703
fastfouriertransform,200,16,7
genmatrix,200,41,28
linpack,200,43,38
fetchdata,200,86,86
genmatrix,200,5,5
linpack,200,13,9
fastfouriertransform,200,11,7
genmatrix,200,8,7
fastfouriertransform,200,11,7
genmatrix,200,10,8
fetchdata,200,86,86
fetchdata,200,82,81
fastfouriertransform,200,12,8
matrixmul,200,16,11
linpack,200,13,8
fetchdata,200,93,92
matrixmul,200,19,13
fetchdata,200,91,91
linpack,200,11,6
matrixmul,200,17,11
linpack,200,21,13
fetchdata,200,83,83
genmatrix,200,12,10
genmatrix,200,11,10
fastfouriertransform,200,14,10
fetchdata,200,87,87
genmatrix,200,7,6
linpack,200,13,9
fetchdata,200,84,83
fetchdata,200,79,79
fastfouriertransform,200,12,7
linpack,200,728,724
fastfouriertransform,200,11,8
fastfouriertransform,200,14,10
genmatrix,200,6,5
linpack,200,12,8
genmatrix,200,42,29
matrixmul,200,17,11
linpack,200,17,13
linpack,200,21,14
matrixmul,200,20,14
fetchdata,200,81,80
fastfouriertransform,200,11,7
matrixmul,200,567,561
fastfouriertransform,200,12,8
fastfouriertransform,200,12,8
genmatrix,200,7,6
fetchdata,200,83,83
matrixmul,200,808,801
fetchdata,200,82,82
genmatrix,200,9,7
fetchdata,200,77,77
matrixmul,200,1258,1252
matrixmul,200,1169,1164
matrixmul,200,880,875
matrixmul,200,488,482
matrixmul,200,404,399
matrixmul,200,107,101
fastfouriertransform,200,12,8
linpack,200,16,12
fastfouriertransform,200,14,10
fetchdata,200,85,85
fetchdata,200,77,77
fastfouriertransform,200,13,9
matrixmul,200,572,567
matrixmul,200,286,281
linpack,200,10,6
fetchdata,200,92,92
fetchdata,200,84,84
linpack,200,13,9
matrixmul,200,738,726
matrixmul,200,545,540
matrixmul,200,362,353
linpack,200,11,7
genmatrix,200,4,4
fastfouriertransform,200,14,10
linpack,200,14,8
matrixmul,200,1203,980
matrixmul,200,211,205
fastfouriertransform,200,10,6
fastfouriertransform,200,10,6
fastfouriertransform,200,216,9
fastfouriertransform,200,10,7
fetchdata,200,87,87
fastfouriertransform,200,16,12
fetchdata,200,83,83
linpack,200,13,9
linpack,200,12,7
matrixmul,200,16,11
linpack,200,12,8
genmatrix,200,9,8
genmatrix,200,7,6
genmatrix,200,8,7
fetchdata,200,81,81
genmatrix,200,8,7
genmatrix,200,4,4
linpack,200,728,723
linpack,200,19,15
linpack,200,15,7
fetchdata,200,83,83
genmatrix,200,10,8
fastfouriertransform,200,725,722
fastfouriertransform,200,532,528
fastfouriertransform,200,141,137
fetchdata,200,91,91
linpack,200,11,7
genmatrix,200,43,32
linpack,200,712,708
linpack,200,11,7
fastfouriertransform,200,13,9
genmatrix,200,8,7
fastfouriertransform,200,12,7
linpack,200,11,6
genmatrix,200,8,7
linpack,200,12,8
genmatrix,200,9,6
linpack,200,752,747
genmatrix,200,57,35
fastfouriertransform,200,10,7
fastfouriertransform,200,11,7
genmatrix,200,10,9
genmatrix,200,9,8
matrixmul,200,569,564
fastfouriertransform,200,11,7
fastfouriertransform,200,10,6
fetchdata,200,85,84
matrixmul,502,416,411
matrixmul,200,923,909
matrixmul,200,524,519
linpack,200,14,9
fetchdata,200,79,79
fetchdata,200,77,77
genmatrix,200,8,7
fetchdata,200,93,93
fastfouriertransform,200,720,716
fetchdata,200,94,94
fetchdata,200,79,79
linpack,200,220,8
fetchdata,200,82,82
matrixmul,200,22,16
fastfouriertransform,200,942,938
fetchdata,200,90,90
genmatrix,200,13,12
linpack,200,707,703
fetchdata,200,78,78
fetchdata,200,78,78
fetchdata,200,87,86
fastfouriertransform,200,1346,1342
genmatrix,200,9,8
fetchdata,200,77,77
fetchdata,200,76,76
genmatrix,200,8,7
matrixmul,200,618,613
genmatrix,200,58,35
fastfouriertransform,200,1046,1042
genmatrix,200,4,3
linpack,200,719,717
genmatrix,200,40,31
fastfouriertransform,200,1646,1640
genmatrix,200,11,10
linpack,200,725,721
genmatrix,200,5,4
matrixmul,200,23,14
linpack,200,835,829
linpack,200,343,339
fastfouriertransform,200,1654,1651
fastfouriertransform,200,1264,1260
linpack,200,1161,1157
linpack,200,671,667
linpack,200,179,175
fetchdata,200,82,82
matrixmul,200,16,11
genmatrix,200,41,28
genmatrix,200,36,28
genmatrix,200,46,35
genmatrix,200,40,34
fastfouriertransform,200,1161,1157
fastfouriertransform,200,266,260
fastfouriertransform,200,1682,1678
genmatrix,200,35,28
fetchdata,200,78,78
matrixmul,200,583,576
matrixmul,200,499,493
matrixmul,200,203,196
matrixmul,200,117,112
fetchdata,200,84,83
matrixmul,200,17,12
genmatrix,200,8,7
matrixmul,200,21,16
linpack,200,15,10
genmatrix,200,8,7
linpack,200,749,745
fetchdata,200,76,76
fastfouriertransform,200,713,709
fetchdata,200,85,85
linpack,200,16,11
matrixmul,200,548,542
matrixmul,200,359,353
genmatrix,200,4,4
fetchdata,200,89,89
fastfouriertransform,200,710,706
fastfouriertransform,200,418,413
fastfouriertransform,200,121,118
fetchdata,200,87,87
linpack,200,14,10
linpack,200,726,720
linpack,200,11,7
fetchdata,200,85,85
fastfouriertransform,200,13,9
matrixmul,200,568,558
fetchdata,200,77,77
fastfouriertransform,200,12,7
fetchdata,200,85,84
matrixmul,200,906,899
matrixmul,200,817,811
matrixmul,200,536,530
matrixmul,200,46,40
matrixmul,200,18,13
linpack,200,12,8
matrixmul,200,18,13
linpack,200,750,745
fetchdata,200,81,80
genmatrix,200,4,3
linpack,200,702,698
genmatrix,200,41,28
linpack,200,748,743
fetchdata,200,86,85
matrixmul,200,549,543
matrixmul,200,255,248
matrixmul,200,66,60
genmatrix,200,6,6
genmatrix,200,9,8
genmatrix,200,36,28
fastfouriertransform,200,11,7
fetchdata,200,89,88
matrixmul,200,19,13
linpack,200,1381,1369
fetchdata,200,83,83
fetchdata,200,79,78
genmatrix,200,40,30
fastfouriertransform,200,16,12
linpack,200,12,8
matrixmul,200,574,568
fastfouriertransform,200,11,7
genmatrix,200,10,9
linpack,200,14,9
matrixmul,200,932,918
fetchdata,200,122,121
fetchdata,200,99,99
fastfouriertransform,200,730,723
genmatrix,200,58,45
matrixmul,200,1275,1262
fetchdata,200,85,85
fetchdata,200,81,81
linpack,200,14,10
linpack,200,11,7
matrixmul,200,1528,1522
matrixmul,200,1238,1232
fastfouriertransform,200,739,735
fastfouriertransform,200,13,9
matrixmul,200,1408,1401
matrixmul,200,1120,1114
matrixmul,200,429,422
matrixmul,200,341,335
matrixmul,200,752,495
fetchdata,200,77,77
genmatrix,200,11,10
fastfouriertransform,200,719,715
linpack,200,11,7
matrixmul,200,728,723
genmatrix,200,4,3
fetchdata,200,82,82
matrixmul,200,986,981
fastfouriertransform,200,837,833
fastfouriertransform,200,441,436
fastfouriertransform,200,746,741
fastfouriertransform,200,353,348
fastfouriertransform,200,155,151
fetchdata,200,77,77
fetchdata,200,78,78
fastfouriertransform,200,17,12
fetchdata,200,82,82
genmatrix,200,11,9
matrixmul,200,1440,1434
fetchdata,200,86,86
linpack,200,14,9
fastfouriertransform,200,12,6
genmatrix,200,4,3
linpack,200,14,10
genmatrix,200,48,38
fetchdata,200,82,82
linpack,200,11,7
fetchdata,200,77,77
genmatrix,200,40,31
linpack,200,24,19
matrixmul,200,564,558
linpack,200,14,9
genmatrix,200,43,30
matrixmul,200,19,13
genmatrix,200,4,4
linpack,200,13,8
genmatrix,200,4,4
genmatrix,200,44,36
fetchdata,200,83,83
matrixmul,200,579,570
fetchdata,200,84,83
matrixmul,200,283,276
linpack,200,14,10
genmatrix,200,47,35
fastfouriertransform,200,728,724
genmatrix,200,4,3
matrixmul,200,556,551
matrixmul,200,167,162
matrixmul,200,80,74
linpack,200,715,710
linpack,200,17,12
linpack,200,743,738
genmatrix,200,5,4
fastfouriertransform,200,725,721
genmatrix,200,15,13
genmatrix,200,11,10
matrixmul,200,559,553
matrixmul,200,270,264
linpack,200,15,10
genmatrix,200,37,28
fetchdata,200,77,77
fastfouriertransform,200,931,926
fastfouriertransform,200,236,231
fetchdata,200,78,77
linpack,200,15,10
fastfouriertransform,200,11,6
genmatrix,200,4,3
matrixmul,200,568,562
matrixmul,200,374,369
fetchdata,200,88,88
matrixmul,200,840,834
matrixmul,200,553,547
matrixmul,200,266,260
matrixmul,200,72,66
genmatrix,200,44,30
linpack,200,706,703
genmatrix,200,11,10
fetchdata,200,77,77
linpack,200,736,731
fetchdata,200,77,77
fastfouriertransform,200,11,6
linpack,200,12,7
matrixmul,200,570,564
fetchdata,200,85,84
fetchdata,200,85,84
linpack,200,1017,1012
linpack,200,12,7
fastfouriertransform,200,11,7
genmatrix,200,5,4
genmatrix,200,7,6
matrixmul,200,561,555
genmatrix,200,5,4
linpack,200,12,7
genmatrix,200,5,5
fastfouriertransform,200,10,6
linpack,200,738,734
genmatrix,200,57,46
fetchdata,200,82,82
matrixmul,200,24,18
fastfouriertransform,200,13,8
genmatrix,200,8,7
genmatrix,200,4,4
matrixmul,200,600,595
matrixmul,200,312,305
linpack,200,12,7
matrixmul,200,124,118
fetchdata,200,79,79
genmatrix,200,8,7
fastfouriertransform,200,717,712
fetchdata,200,84,84
linpack,200,11,7
linpack,200,11,7
fastfouriertransform,200,1207,1203
fastfouriertransform,200,918,913
genmatrix,200,44,32
linpack,200,750,746
linpack,200,59,54
fastfouriertransform,200,11,6
fastfouriertransform,200,11,7
matrixmul,200,574,568
linpack,200,728,723
fetchdata,200,78,77
fastfouriertransform,200,11,7
fetchdata,200,88,87
linpack,200,16,10
fetchdata,200,79,78
matrixmul,200,936,929
genmatrix,200,4,4
fetchdata,200,89,89
genmatrix,200,44,32
matrixmul,200,585,579
matrixmul,200,106,101
fetchdata,200,76,76
linpack,200,12,8
linpack,200,717,712
fetchdata,200,78,78
fastfouriertransform,200,11,7
fetchdata,200,84,84
fetchdata,200,83,82
fetchdata,200,81,81
fastfouriertransform,200,11,7
genmatrix,200,37,29
matrixmul,200,22,15
matrixmul,200,20,14
genmatrix,200,44,35
linpack,200,11,7
linpack,200,709,705
fastfouriertransform,200,13,9
genmatrix,200,42,34
matrixmul,200,552,546
genmatrix,200,5,4
linpack,200,12,6
genmatrix,200,38,30
matrixmul,200,903,898
fastfouriertransform,200,716,711
fastfouriertransform,200,428,423
fastfouriertransform,200,242,237
fastfouriertransform,200,35,30
matrixmul,200,25,17
fetchdata,200,78,77
matrixmul,200,570,564
matrixmul,200,376,370
matrixmul,200,291,285
genmatrix,200,44,35
fastfouriertransform,200,11,7
genmatrix,200,9,7
matrixmul,200,644,638
genmatrix,200,9,8
linpack,200,12,7
matrixmul,200,1296,1087
fastfouriertransform,200,740,735
fetchdata,200,85,84
genmatrix,200,41,34
matrixmul,200,1354,1348
matrixmul,200,1268,1262
fetchdata,200,76,76
matrixmul,200,578,573
matrixmul,200,288,282
matrixmul,200,195,189
linpack,200,11,7
linpack,200,733,729
genmatrix,200,9,8
matrixmul,200,22,14
fastfouriertransform,200,1345,1341
linpack,200,11,7
fetchdata,200,81,80
linpack,200,14,6
fastfouriertransform,200,1833,1828
fastfouriertransform,200,636,632
fastfouriertransform,200,149,145
fetchdata,200,89,89
genmatrix,200,37,29
genmatrix,200,9,7
linpack,200,741,736
fetchdata,200,81,81
linpack,200,19,15
fastfouriertransform,200,760,755
fastfouriertransform,200,660,656
linpack,200,16,12
matrixmul,200,586,573
fetchdata,200,82,82
matrixmul,200,292,285
genmatrix,200,9,7
genmatrix,200,41,30
genmatrix,200,6,6
genmatrix,200,44,33
genmatrix,200,42,33
linpack,200,14,10
matrixmul,200,17,11
matrixmul,200,17,11
genmatrix,200,43,32
fetchdata,200,79,79
fetchdata,200,84,83
matrixmul,200,591,585
linpack,200,718,713
genmatrix,200,148,39
matrixmul,200,863,857
fetchdata,200,78,78
matrixmul,200,572,566
matrixmul,200,490,485
matrixmul,200,303,296
fastfouriertransform,200,12,7
linpack,200,18,11
genmatrix,200,5,5
fastfouriertransform,200,11,6
matrixmul,200,774,769
matrixmul,200,284,278
fetchdata,200,80,80
fetchdata,200,84,83
genmatrix,200,43,35
linpack,200,700,696
genmatrix,200,41,28
matrixmul,200,579,574
matrixmul,200,382,376
matrixmul,200,18,13
genmatrix,200,5,4
fastfouriertransform,200,712,707
fastfouriertransform,200,316,311
fastfouriertransform,200,225,219
linpack,200,708,704
fetchdata,200,82,82
genmatrix,200,10,9
genmatrix,200,9,7
fastfouriertransform,200,722,717
fastfouriertransform,200,630,624
matrixmul,200,19,11
fetchdata,200,77,77
matrixmul,200,20,13
fetchdata,200,90,89
fetchdata,200,84,84
linpack,200,12,7
fastfouriertransform,200,1231,1225
fetchdata,200,78,78
linpack,200,12,7
fetchdata,200,86,86
genmatrix,200,11,10
genmatrix,200,44,34
linpack,200,733,728
fastfouriertransform,200,1620,1616
genmatrix,200,35,28
linpack,200,12,7
genmatrix,200,40,32
genmatrix,200,53,40
matrixmul,200,26,19
genmatrix,200,9,8
genmatrix,200,4,4
fastfouriertransform,200,838,827
genmatrix,200,50,36
genmatrix,200,42,34
genmatrix,200,8,7
matrixmul,200,576,570
matrixmul,200,389,383
fastfouriertransform,200,1236,1231
fetchdata,200,88,88
genmatrix,200,5,4
matrixmul,200,558,552
fetchdata,200,81,80
genmatrix,200,36,28
fastfouriertransform,200,3641,3636
fastfouriertransform,200,1247,1242
fastfouriertransform,200,653,649
fastfouriertransform,200,560,556
fetchdata,200,76,75
fastfouriertransform,200,12,7
matrixmul,200,809,803
matrixmul,200,23,15
genmatrix,200,9,7
fetchdata,200,128,128
matrixmul,200,17,11
fetchdata,200,80,80
fastfouriertransform,200,724,711
genmatrix,200,5,5
linpack,200,746,742
genmatrix,200,9,8
genmatrix,200,43,28
genmatrix,200,4,3
matrixmul,200,19,13
fetchdata,200,89,88
matrixmul,200,22,16
genmatrix,200,6,6
linpack,200,970,965
linpack,200,883,878
matrixmul,200,18,12
genmatrix,200,36,28
genmatrix,200,40,36
genmatrix,200,44,35
matrixmul,200,19,13
genmatrix,200,9,8
fetchdata,200,79,79
fastfouriertransform,200,722,717
fastfouriertransform,200,129,124
fastfouriertransform,200,13,9
matrixmul,200,23,16
genmatrix,200,50,41
matrixmul,200,27,11
fetchdata,200,76,76
linpack,200,736,731
linpack,200,642,631
matrixmul,200,19,14
linpack,200,12,7
genmatrix,200,36,29
fastfouriertransform,200,712,708
fastfouriertransform,200,517,512
fetchdata,200,86,86
matrixmul,200,551,543
genmatrix,200,4,4
genmatrix,200,4,3
linpack,200,727,723
linpack,200,639,634
fetchdata,200,91,91
fastfouriertransform,200,738,728
genmatrix,200,45,36
fastfouriertransform,200,141,137
genmatrix,200,4,3
matrixmul,200,568,562
fetchdata,200,78,78
linpack,200,1063,1059
fetchdata,200,89,88
linpack,200,13,8
matrixmul,200,627,620
matrixmul,200,434,428
fetchdata,200,85,85
linpack,200,12,7
fetchdata,200,82,81
fetchdata,200,90,90
genmatrix,200,7,6
linpack,200,12,7
fastfouriertransform,200,713,708
fastfouriertransform,200,418,413
genmatrix,200,4,3
fetchdata,200,77,77
genmatrix,200,4,3
fastfouriertransform,200,14,8
fastfouriertransform,200,15,9
fetchdata,200,80,80
genmatrix,200,4,3
fetchdata,200,79,79
matrixmul,200,25,15
fastfouriertransform,200,739,734
fastfouriertransform,200,345,340
fastfouriertransform,200,153,148
linpack,200,12,7
linpack,200,13,8
linpack,200,14,9
matrixmul,200,564,558
fastfouriertransform,200,766,760
matrixmul,200,81,74
linpack,200,744,739
linpack,200,15,10
matrixmul,200,566,560
matrixmul,200,479,473
fastfouriertransform,200,1177,1173
fastfouriertransform,200,682,677
matrixmul,200,293,287
genmatrix,200,36,28
linpack,200,11,6
genmatrix,200,9,7
linpack,200,22,13
genmatrix,200,12,11
linpack,200,16,11
fastfouriertransform,200,1084,1079
matrixmul,200,17,11
linpack,200,12,6
fetchdata,200,90,90
matrixmul,200,23,17
fastfouriertransform,200,1577,1573
fastfouriertransform,200,1378,1374
fastfouriertransform,200,592,588
genmatrix,200,12,10
matrixmul,200,568,561
fetchdata,200,89,89
fastfouriertransform,200,731,727
fastfouriertransform,200,240,236
genmatrix,200,5,4
matrixmul,200,1045,1039
matrixmul,200,951,945
matrixmul,200,467,460
linpack,200,13,8
linpack,200,22,10
genmatrix,200,45,28
matrixmul,200,1342,1336
matrixmul,200,42,37
fastfouriertransform,200,855,851
fastfouriertransform,200,761,756
genmatrix,200,8,7
linpack,200,734,729
fetchdata,200,88,88
matrixmul,200,18,12
fastfouriertransform,200,995,989
matrixmul,200,19,13
linpack,200,970,964
linpack,200,778,774
genmatrix,200,4,3
fastfouriertransform,200,1415,1410
fetchdata,200,83,83
genmatrix,200,10,9
genmatrix,200,9,9
linpack,200,1109,1103
linpack,200,710,705
linpack,200,619,615
linpack,200,930,925
linpack,200,539,535
fetchdata,200,86,86
linpack,200,12,8
matrixmul,200,18,11
fastfouriertransform,200,1522,1517
fetchdata,200,80,79
linpack,200,15,11
fetchdata,200,78,78
genmatrix,200,36,29
genmatrix,200,36,28
fastfouriertransform,200,2046,2041
fastfouriertransform,200,650,645
linpack,200,13,7
matrixmul,200,559,553
fastfouriertransform,200,19,14
fetchdata,200,83,83
fastfouriertransform,200,15,10
matrixmul,200,1033,1027
matrixmul,200,142,137
fetchdata,200,86,86
fastfouriertransform,200,732,726
matrixmul,200,618,612
genmatrix,200,37,29
linpack,200,743,737
genmatrix,200,6,6
fetchdata,200,83,83
matrixmul,200,986,979
matrixmul,200,699,693
fastfouriertransform,200,844,839
fastfouriertransform,200,49,44
genmatrix,200,5,4
fetchdata,200,78,78
genmatrix,200,11,10
linpack,200,885,880
linpack,200,484,478
linpack,200,797,792
fastfouriertransform,200,13,9
matrixmul,200,26,12
matrixmul,200,18,12
fetchdata,200,78,78
linpack,200,11,7
fetchdata,200,89,88
linpack,200,12,8
genmatrix,200,8,7
matrixmul,200,22,16
fastfouriertransform,200,720,715
fetchdata,200,83,83
genmatrix,200,10,9
linpack,200,750,739
matrixmul,200,553,546
matrixmul,200,162,155
matrixmul,200,19,13
fetchdata,200,82,81
fastfouriertransform,200,1333,1329
genmatrix,200,10,10
genmatrix,200,7,7
linpack,200,1398,1393
matrixmul,200,575,560
genmatrix,200,9,7
fastfouriertransform,200,1933,1928
fastfouriertransform,200,342,337
fastfouriertransform,200,247,243
fetchdata,200,86,86
genmatrix,200,7,6
linpack,200,1233,1228
linpack,200,1141,1137
linpack,200,546,541
fetchdata,200,76,76
fetchdata,200,77,76
fastfouriertransform,200,2266,2261
linpack,200,13,8
linpack,200,16,11
genmatrix,200,4,3
matrixmul,200,579,573
matrixmul,200,392,387
matrixmul,200,31,26
fastfouriertransform,200,2878,2873
fastfouriertransform,200,1283,1278
fastfouriertransform,200,892,888
genmatrix,200,9,8
genmatrix,200,45,38
linpack,200,737,732
linpack,200,247,241
matrixmul,200,574,569
genmatrix,200,10,9
linpack,200,13,8
fastfouriertransform,200,707,702
fastfouriertransform,200,521,516
fastfouriertransform,200,324,319
fastfouriertransform,200,232,228
matrixmul,200,658,652
linpack,200,11,6
linpack,200,13,8
fetchdata,200,86,86
matrixmul,200,628,621
fastfouriertransform,200,721,717
fetchdata,200,91,90
fetchdata,200,90,89
linpack,200,744,737
linpack,200,653,649
linpack,200,13,8
linpack,200,13,8
genmatrix,200,9,8
genmatrix,200,8,7
fastfouriertransform,200,948,943
matrixmul,200,563,557
linpack,200,15,10
genmatrix,200,7,6
genmatrix,200,5,5
linpack,200,11,7
matrixmul,200,642,636
genmatrix,200,43,29
fastfouriertransform,200,1562,1557
fastfouriertransform,200,1468,1463
linpack,200,11,7
genmatrix,200,6,6
linpack,200,14,8
fetchdata,200,83,82
genmatrix,200,36,29
matrixmul,200,716,710
matrixmul,200,27,21
linpack,200,12,7
genmatrix,200,7,6
matrixmul,200,16,11
genmatrix,200,4,4
genmatrix,200,18,7
fastfouriertransform,200,736,731
fetchdata,200,85,85
genmatrix,200,10,9
linpack,200,768,762
linpack,200,579,575
fetchdata,200,85,84
fetchdata,200,80,79
linpack,200,12,6
linpack,200,15,9
genmatrix,200,38,31
fetchdata,200,86,85
matrixmul,200,17,11
fastfouriertransform,200,724,719
fastfouriertransform,200,635,630
fetchdata,200,76,76
linpack,200,12,6
matrixmul,200,18,11
fetchdata,200,85,85
genmatrix,200,9,7
matrixmul,200,575,568
matrixmul,200,282,277
fetchdata,200,86,86
linpack,200,745,740
linpack,200,557,552
fetchdata,200,79,79
genmatrix,200,10,10
matrixmul,200,567,560
matrixmul,200,474,467
linpack,200,983,970
genmatrix,200,4,4
fetchdata,200,85,85
matrixmul,200,558,551
matrixmul,200,75,70
fetchdata,200,94,93
fastfouriertransform,200,13,8
linpack,200,1408,1403
linpack,200,1209,1204
linpack,200,918,913
linpack,200,824,819
fetchdata,200,144,144
matrixmul,200,570,555
fetchdata,200,87,87
genmatrix,200,5,4
genmatrix,200,4,3
fastfouriertransform,200,741,737
fetchdata,200,79,79
genmatrix,200,12,10
linpack,200,739,734
fetchdata,200,80,79
linpack,200,14,10
genmatrix,200,4,4
fastfouriertransform,200,1366,1361
fastfouriertransform,200,171,166
fetchdata,200,78,78
linpack,200,13,7
matrixmul,200,570,567
matrixmul,200,16,11
genmatrix,200,6,5
genmatrix,200,5,5
matrixmul,200,17,11
fastfouriertransform,200,1811,1806
fastfouriertransform,200,216,212
fastfouriertransform,200,11,6
matrixmul,200,17,11
fetchdata,200,93,93
fetchdata,200,77,77
matrixmul,200,17,11
linpack,200,732,727
linpack,200,438,433
linpack,200,344,339
fetchdata,200,102,101
matrixmul,200,20,14
fastfouriertransform,200,14,9
genmatrix,200,6,6
linpack,200,732,728
linpack,200,240,235
linpack,200,143,138
linpack,200,52,47
fastfouriertransform,200,13,8
genmatrix,200,42,35
matrixmul,200,580,572
fetchdata,200,85,85
genmatrix,200,6,5
fastfouriertransform,200,725,720
matrixmul,200,950,944
fetchdata,200,80,79
matrixmul,200,17,11
matrixmul,200,17,11
fetchdata,200,106,106
matrixmul,200,21,15
genmatrix,200,4,4
linpack,200,729,725
fastfouriertransform,200,1342,1338
fastfouriertransform,200,1142,1137
fastfouriertransform,200,355,350
genmatrix,200,40,30
matrixmul,200,23,15
fetchdata,200,78,77
genmatrix,200,4,3
fastfouriertransform,200,1670,1666
fastfouriertransform,200,779,774
genmatrix,200,8,7
matrixmul,200,573,568
genmatrix,200,4,3
fastfouriertransform,200,1388,1383
fastfouriertransform,200,998,993
matrixmul,200,564,557
fetchdata,200,77,77
genmatrix,200,8,7
matrixmul,200,1032,1026
matrixmul,200,441,434
matrixmul,200,857,851
fastfouriertransform,200,1320,1316
fastfouriertransform,200,630,624
genmatrix,200,36,28
linpack,200,734,730
fastfouriertransform,200,137,133
genmatrix,200,11,10
matrixmul,200,1321,1315
matrixmul,200,932,918
matrixmul,200,344,338
matrixmul,200,257,251
genmatrix,200,37,29
fastfouriertransform,200,17,12
linpack,200,24,12
matrixmul,200,719,713
fetchdata,200,78,77
fetchdata,200,76,76
fetchdata,200,77,77
fetchdata,200,85,84
genmatrix,200,15,13
matrixmul,200,968,961
fastfouriertransform,200,11,7
fetchdata,200,78,77
genmatrix,200,10,9
fastfouriertransform,200,15,10
matrixmul,200,1328,1321
matrixmul,200,945,939
matrixmul,200,555,548
fetchdata,200,84,84
genmatrix,200,11,10
genmatrix,200,38,28
genmatrix,200,4,4
fastfouriertransform,200,11,6
matrixmul,200,808,802
matrixmul,200,2320,2314
fetchdata,200,87,87
genmatrix,200,12,10
matrixmul,200,17,11
matrixmul,200,20,14
fastfouriertransform,200,13,8
linpack,200,763,756
linpack,200,672,667
fetchdata,200,79,79
matrixmul,200,17,11
genmatrix,200,44,35
genmatrix,200,37,28
genmatrix,200,8,8
fastfouriertransform,200,727,721
fastfouriertransform,200,234,229
linpack,200,1103,1098
fetchdata,200,80,80
fastfouriertransform,200,11,6
fetchdata,200,82,82
matrixmul,200,22,15
genmatrix,200,45,36
matrixmul,200,17,11
linpack,200,930,926
linpack,200,643,638
fetchdata,200,78,78
fastfouriertransform,200,11,6
genmatrix,200,9,8
matrixmul,200,23,16
linpack,200,868,864
linpack,200,173,168
fetchdata,200,77,76
matrixmul,200,572,565
matrixmul,200,189,183
fetchdata,200,85,85
fetchdata,200,80,80
fastfouriertransform,200,722,717
fastfouriertransform,200,28,23
fetchdata,200,82,81
linpack,200,742,737
linpack,200,550,544
linpack,200,357,353
fetchdata,200,83,83
genmatrix,200,42,34
fetchdata,200,82,81
fetchdata,200,88,88
fetchdata,200,87,86
genmatrix,200,43,34
linpack,200,733,727
fastfouriertransform,200,728,724
fetchdata,200,81,81
fetchdata,200,86,86
fastfouriertransform,200,12,7
linpack,200,1157,1152
linpack,200,869,864
linpack,200,577,572
linpack,200,788,783
linpack,200,394,389
fastfouriertransform,200,11,7
fetchdata,200,83,83
matrixmul,200,23,16
genmatrix,200,8,7
linpack,200,1019,1015
linpack,200,925,919
fetchdata,200,81,81
fastfouriertransform,200,736,732
fastfouriertransform,200,141,136
matrixmul,200,566,559
matrixmul,200,478,471
fetchdata,200,78,78
linpack,200,1349,1344
genmatrix,200,40,32
genmatrix,200,42,35
genmatrix,200,11,10
fetchdata,200,77,77
matrixmul,200,844,838
linpack,200,1677,1673
linpack,200,787,782
linpack,200,293,288
fetchdata,200,94,94
fetchdata,200,77,76
matrixmul,200,1315,1309
matrixmul,200,222,215
matrixmul,200,17,11
matrixmul,200,17,11
fastfouriertransform,200,715,711
fetchdata,200,86,86
linpack,200,19,13
genmatrix,200,9,8
fetchdata,200,76,76
fastfouriertransform,200,1214,1210
fetchdata,200,85,85
matrixmul,200,575,569
matrixmul,200,539,482
genmatrix,200,9,7
fastfouriertransform,200,1636,1631
linpack,200,954,740
fetchdata,200,79,79
genmatrix,200,8,7
genmatrix,200,4,4
matrixmul,200,579,573
matrixmul,200,17,11
fastfouriertransform,200,1356,1352
fastfouriertransform,200,965,961
linpack,200,1281,1276
fetchdata,200,83,83
fastfouriertransform,200,1180,1176
linpack,200,1805,1800
linpack,200,1510,1505
linpack,200,1321,1312
linpack,200,724,719
fetchdata,200,89,88
genmatrix,200,40,32
genmatrix,200,4,4
fetchdata,200,77,77
fastfouriertransform,200,1109,1104
linpack,200,1247,1242
matrixmul,200,558,552
fastfouriertransform,200,13,8
fetchdata,200,86,86
genmatrix,200,12,10
fetchdata,200,76,76
genmatrix,200,40,31
linpack,200,1797,1792
genmatrix,200,7,7
matrixmul,200,19,13
genmatrix,200,41,33
genmatrix,200,36,28
matrixmul,200,17,11
matrixmul,200,22,17
linpack,200,2442,2437
linpack,200,2250,2246
genmatrix,200,11,9
fetchdata,200,88,88
linpack,200,2407,2403
linpack,200,2313,2309
fastfouriertransform,200,726,722
fastfouriertransform,200,538,533
fastfouriertransform,200,140,135
matrixmul,200,604,596
matrixmul,200,213,207
fetchdata,200,81,81
fetchdata,200,88,88
fastfouriertransform,200,14,10
linpack,200,2656,2651
linpack,200,2465,2460
linpack,200,1861,1857
genmatrix,200,8,7
fetchdata,200,88,88
fetchdata,200,86,86
linpack,200,19,14
matrixmul,200,23,16
linpack,200,2012,2007
linpack,200,1721,1717
fastfouriertransform,200,711,706
linpack,200,1327,1323
fastfouriertransform,200,125,121
fetchdata,200,78,78
fetchdata,200,76,76
genmatrix,200,43,29
matrixmul,200,17,12
fetchdata,200,94,92
linpack,200,1970,1962
linpack,200,5377,5369
genmatrix,200,36,29
matrixmul,200,581,575
matrixmul,200,90,84
fetchdata,200,80,80
fetchdata,200,88,87
linpack,200,702,697
genmatrix,200,43,31
fetchdata,200,80,79
linpack,200,3910,3905
linpack,200,2413,2408
linpack,200,11,7
genmatrix,200,14,12
fastfouriertransform,200,15,10
linpack,200,1305,1300
matrixmul,200,575,569
fetchdata,200,76,76
matrixmul,200,1040,1033
genmatrix,200,43,35
linpack,200,1599,1594
linpack,200,765,759
fetchdata,200,82,82
genmatrix,200,38,28
genmatrix,200,4,4
fastfouriertransform,200,718,714
matrixmul,200,1090,1082
matrixmul,200,501,493
matrixmul,200,715,710
linpack,200,19,9
fetchdata,200,89,89
linpack,200,14,9
fetchdata,200,79,79
genmatrix,200,37,28
fastfouriertransform,200,1335,1330
fastfouriertransform,200,640,635
matrixmul,200,20,14
linpack,200,18,14
fetchdata,200,132,132
matrixmul,200,20,14
fetchdata,200,84,84
genmatrix,200,9,7
fastfouriertransform,200,850,845
fastfouriertransform,200,11,8
linpack,200,14,9
linpack,200,14,9
matrixmul,200,565,559
fastfouriertransform,200,13,8
matrixmul,200,17,11
matrixmul,200,18,12
genmatrix,200,7,4
linpack,200,13,8
genmatrix,200,8,7
linpack,200,11,6
fastfouriertransform,200,731,726
matrixmul,200,19,13
genmatrix,200,5,4
fetchdata,200,82,82
matrixmul,200,17,12
genmatrix,200,37,28
fastfouriertransform,200,1153,1148
fetchdata,200,83,83
linpack,200,699,694
genmatrix,200,13,11
linpack,200,15,11
fetchdata,200,83,82
linpack,200,11,7
fastfouriertransform,200,1668,1663
fetchdata,200,90,90
genmatrix,200,5,5
matrixmul,200,575,569
matrixmul,200,17,11
linpack,200,709,704
fastfouriertransform,200,1788,1783
genmatrix,200,14,12
linpack,200,13,8
linpack,200,16,11
genmatrix,200,40,32
genmatrix,200,37,28
matrixmul,200,582,567
fetchdata,200,83,83
genmatrix,200,4,4
fastfouriertransform,200,1411,1407
fastfouriertransform,200,1317,1312
matrixmul,200,23,17
linpack,200,15,10
genmatrix,200,40,32
genmatrix,200,9,8
linpack,200,12,7
fastfouriertransform,200,843,839
fastfouriertransform,200,344,339
fetchdata,200,80,79
matrixmul,200,21,16
matrixmul,200,22,15
matrixmul,200,17,11
fastfouriertransform,200,2476,2472
fetchdata,200,85,85
linpack,200,708,703
linpack,200,215,210
genmatrix,200,6,5
linpack,200,753,749
linpack,200,661,657
linpack,200,265,261
fastfouriertransform,200,12,7
linpack,200,11,6
linpack,200,14,8
fetchdata,200,94,94
linpack,200,840,834
genmatrix,200,46,38
linpack,200,548,544
matrixmul,200,17,11
fetchdata,200,79,78
fastfouriertransform,200,12,8
matrixmul,200,20,14
matrixmul,200,21,17
matrixmul,200,17,11
fastfouriertransform,200,11,6
linpack,200,705,700
matrixmul,200,17,12
genmatrix,200,45,38
genmatrix,200,5,4
linpack,200,762,757
fetchdata,200,84,83
fastfouriertransform,200,742,736
fastfouriertransform,200,450,438
fastfouriertransform,200,256,251
fastfouriertransform,200,164,159
genmatrix,200,9,8
fetchdata,200,79,79
matrixmul,200,583,576
matrixmul,200,295,287
fastfouriertransform,200,14,9
linpack,200,14,9
genmatrix,200,6,6
matrixmul,200,566,560
fetchdata,200,77,77
fetchdata,200,83,83
fetchdata,200,86,85
matrixmul,200,1018,1012
matrixmul,200,434,428
fetchdata,200,79,79
matrixmul,200,1487,1481
fetchdata,200,96,96
matrixmul,200,599,593
fastfouriertransform,200,744,740
fetchdata,200,90,90
fastfouriertransform,200,13,8
linpack,200,783,777
fastfouriertransform,200,11,6
linpack,200,718,713
fetchdata,200,91,90
fastfouriertransform,200,13,8
matrixmul,200,751,745
matrixmul,200,363,357
linpack,200,12,8
matrixmul,200,18,12
linpack,200,12,7
fastfouriertransform,200,743,739
fastfouriertransform,200,557,553
fetchdata,200,88,87
genmatrix,200,4,3
genmatrix,200,4,3
linpack,200,717,711
linpack,200,127,122
fastfouriertransform,200,1164,1152
fastfouriertransform,200,874,869
genmatrix,200,5,5
linpack,200,12,7
linpack,200,736,732
linpack,200,648,643
fetchdata,200,79,79
matrixmul,200,568,561
matrixmul,200,179,173
matrixmul,200,95,86
genmatrix,200,52,36
matrixmul,200,25,17
genmatrix,200,44,36
fetchdata,200,78,78
fetchdata,200,87,87
genmatrix,200,47,36
matrixmul,200,588,582
matrixmul,200,400,393
fetchdata,200,77,77
fastfouriertransform,200,17,6
linpack,200,13,8
linpack,200,705,700
fetchdata,200,92,91
fetchdata,200,86,86
fetchdata,200,90,90
matrixmul,200,577,571
genmatrix,200,4,3
linpack,200,12,7
fetchdata,200,83,82
genmatrix,200,12,11
linpack,200,18,10
fastfouriertransform,200,739,734
fastfouriertransform,200,146,142
fetchdata,200,79,79
linpack,200,12,7
matrixmul,200,17,11
genmatrix,200,12,10
fastfouriertransform,200,16,10
fetchdata,200,85,85
fastfouriertransform,200,16,11
matrixmul,200,18,12
linpack,200,11,6
fetchdata,200,96,95
fetchdata,200,85,85
genmatrix,200,11,9
linpack,200,11,6
genmatrix,200,9,7
genmatrix,200,9,8
matrixmul,200,560,555
matrixmul,200,74,63
fetchdata,200,82,82
genmatrix,200,10,8
fastfouriertransform,200,12,8
fetchdata,200,89,88
matrixmul,200,565,560
fetchdata,200,85,84
linpack,200,810,802
genmatrix,200,45,34
linpack,200,11,7
fetchdata,200,77,77
genmatrix,200,4,4
fetchdata,200,85,84
linpack,200,11,7
matrixmul,200,576,569
matrixmul,200,287,282
genmatrix,200,8,7
matrixmul,200,18,11
fetchdata,200,89,89
genmatrix,200,7,7
fetchdata,200,78,78
matrixmul,200,573,568
fetchdata,200,78,78
fastfouriertransform,200,12,7
fastfouriertransform,200,19,14
fastfouriertransform,200,17,11
matrixmul,200,21,15
fetchdata,200,78,78
linpack,200,711,707
fetchdata,200,77,77
fetchdata,200,80,79
fastfouriertransform,200,16,11
fastfouriertransform,200,12,8
matrixmul,200,571,564
matrixmul,200,281,276
fastfouriertransform,200,11,7
genmatrix,200,47,33
genmatrix,200,5,4
linpack,200,758,753
linpack,200,13,7
matrixmul,200,18,12
fastfouriertransform,200,12,8
linpack,200,719,714
linpack,200,526,521
linpack,200,12,7
fetchdata,200,92,92
linpack,200,18,14
genmatrix,200,13,11
genmatrix,200,10,8
linpack,200,14,8
fetchdata,200,89,89
matrixmul,200,590,584
fastfouriertransform,200,739,735
fastfouriertransform,200,344,340
fastfouriertransform,200,251,247
fastfouriertransform,200,13,8
fetchdata,200,89,88
genmatrix,200,39,28
matrixmul,200,658,651
matrixmul,200,577,564
matrixmul,200,485,480
fastfouriertransform,200,17,7
fastfouriertransform,200,12,8
fetchdata,200,77,77
genmatrix,200,5,5
fastfouriertransform,200,12,8
matrixmul,200,736,730
genmatrix,200,37,28
linpack,200,12,7
fastfouriertransform,200,11,6
genmatrix,200,6,5
linpack,200,771,765
fetchdata,200,89,89
fetchdata,200,106,106
matrixmul,200,18,12
genmatrix,200,4,3
linpack,200,20,15
matrixmul,200,21,15
fetchdata,200,81,81
fastfouriertransform,200,10,6
genmatrix,200,4,4
linpack,200,749,743
fetchdata,200,87,87
genmatrix,200,49,34
linpack,200,763,753
linpack,200,25,11
genmatrix,200,9,7
fastfouriertransform,200,732,728
fastfouriertransform,200,238,234
genmatrix,200,44,40
matrixmul,200,552,545
matrixmul,200,266,260
fetchdata,200,83,83
linpack,200,12,7
fetchdata,200,79,79
matrixmul,200,615,608
fastfouriertransform,200,12,7
matrixmul,200,329,322
genmatrix,200,7,6
matrixmul,200,113,107
fetchdata,200,80,80
genmatrix,200,4,3
linpack,200,739,735
fastfouriertransform,200,13,8
genmatrix,200,14,12
genmatrix,200,10,9
fastfouriertransform,200,11,7
matrixmul,200,566,560
fastfouriertransform,200,12,7
linpack,200,11,7
fastfouriertransform,200,13,8
linpack,200,12,7
matrixmul,200,575,569
linpack,200,11,6
genmatrix,200,9,7
linpack,200,721,717
linpack,200,15,10
fastfouriertransform,200,719,714
linpack,200,11,7
fetchdata,200,78,78
matrixmul,200,582,575
matrixmul,200,93,87
fetchdata,200,82,81
genmatrix,200,11,9
matrixmul,200,22,15
fastfouriertransform,200,1033,1029
fastfouriertransform,200,41,36
fastfouriertransform,200,849,845
genmatrix,200,9,7
fetchdata,200,132,131
matrixmul,200,578,572
linpack,200,12,7
fetchdata,200,77,77
genmatrix,200,42,34
matrixmul,200,1043,1032
matrixmul,200,950,943
matrixmul,200,463,456
matrixmul,200,675,668
linpack,200,11,7
genmatrix,200,9,7
linpack,200,12,7
fastfouriertransform,200,739,727
matrixmul,200,629,620
fetchdata,200,85,85
genmatrix,200,9,8
genmatrix,200,45,36
fetchdata,200,83,83
matrixmul,200,1094,1088
matrixmul,200,1007,1000
fastfouriertransform,200,15,9
fetchdata,200,81,81
linpack,200,12,7
linpack,200,12,7
matrixmul,200,976,970
matrixmul,200,787,780
fetchdata,200,85,84
genmatrix,200,44,34
genmatrix,200,4,4
matrixmul,200,1052,1044
genmatrix,200,49,34
fetchdata,200,81,80
fastfouriertransform,200,733,729
matrixmul,200,1708,1699
matrixmul,200,1125,1119
matrixmul,200,734,728
matrixmul,200,880,874
matrixmul,200,395,389
linpack,200,759,754
linpack,200,570,566
fastfouriertransform,200,880,874
fetchdata,200,85,85
genmatrix,200,5,4
linpack,200,708,704
linpack,200,317,313
linpack,200,11,7
linpack,200,12,7
genmatrix,200,8,7
linpack,200,15,11
fastfouriertransform,200,1116,1111
fastfouriertransform,200,923,919
fastfouriertransform,200,230,226
linpack,200,11,6
matrixmul,200,578,573
matrixmul,200,489,483
linpack,200,11,6
linpack,200,11,6
linpack,200,16,11
linpack,200,13,9
genmatrix,200,4,3
matrixmul,200,570,565
genmatrix,200,8,7
fastfouriertransform,200,13,8
fetchdata,200,88,87
genmatrix,200,9,8
matrixmul,200,1037,1032
matrixmul,200,649,643
matrixmul,200,159,153
genmatrix,200,9,7
linpack,200,718,713
genmatrix,200,39,29
matrixmul,200,584,578
fastfouriertransform,200,740,735
fetchdata,200,85,84
fetchdata,200,88,88
fetchdata,200,86,86
fetchdata,200,84,83
matrixmul,200,26,21
matrixmul,200,18,11
fastfouriertransform,200,1267,1263
fastfouriertransform,200,1173,1169
fetchdata,200,80,80
fastfouriertransform,200,1081,1077
fastfouriertransform,200,889,884
fastfouriertransform,200,16,11
linpack,200,14,10
linpack,200,742,738
fastfouriertransform,200,13,9
matrixmul,200,581,575
matrixmul,200,294,287
fetchdata,200,81,81
genmatrix,200,44,33
fastfouriertransform,200,13,8
fastfouriertransform,200,11,7
fetchdata,200,78,78
genmatrix,200,4,3
matrixmul,200,762,756
matrixmul,200,19,12
genmatrix,200,46,36
matrixmul,200,21,15
genmatrix,200,41,32
matrixmul,200,18,11
matrixmul,200,18,12
genmatrix,200,12,10
linpack,200,18,12
genmatrix,200,47,36
linpack,200,12,7
fetchdata,200,78,78
genmatrix,200,4,3
fastfouriertransform,200,732,728
fastfouriertransform,200,139,135
fetchdata,200,89,89
fetchdata,200,95,95
linpack,200,14,9
linpack,200,15,10
matrixmul,200,586,580
matrixmul,200,301,294
matrixmul,200,211,205
fetchdata,200,82,82
fetchdata,200,77,76
genmatrix,200,4,3
linpack,200,706,702
fetchdata,200,76,75
matrixmul,200,21,14
fetchdata,200,84,83
matrixmul,200,19,14
linpack,200,12,7
fastfouriertransform,200,726,720
fetchdata,200,83,83
linpack,200,11,7
matrixmul,200,572,566
fetchdata,200,80,80
fetchdata,200,83,83
genmatrix,200,5,4
fastfouriertransform,200,1362,1355
linpack,200,14,9
matrixmul,200,1028,1022
linpack,200,11,7
genmatrix,200,39,28
genmatrix,200,44,29
matrixmul,200,1485,1475
matrixmul,200,796,790
fastfouriertransform,200,1093,1088
fastfouriertransform,200,200,196
matrixmul,200,109,101
matrixmul,200,723,716
fetchdata,200,84,84
fastfouriertransform,200,17,12
fetchdata,200,76,76
genmatrix,200,10,9
fetchdata,200,84,83
linpack,200,11,7
genmatrix,200,38,30
linpack,200,12,6
fastfouriertransform,200,733,728
matrixmul,200,17,11
linpack,200,12,7
fetchdata,200,87,87
genmatrix,200,40,30
genmatrix,200,40,28
fastfouriertransform,200,1246,1242
fastfouriertransform,200,350,345
linpack,200,58,53
fastfouriertransform,200,1161,1156
genmatrix,200,38,28
genmatrix,200,9,7
linpack,200,15,11
fastfouriertransform,200,13,8
matrixmul,200,16,11
genmatrix,200,39,28
fetchdata,200,77,77
fetchdata,200,88,88
linpack,200,758,753
fetchdata,200,83,83
genmatrix,200,5,4
fetchdata,200,78,78
genmatrix,200,40,28
matrixmul,200,584,578
linpack,200,12,7
genmatrix,200,39,29
genmatrix,200,10,8
linpack,200,19,15
matrixmul,200,843,836
matrixmul,200,753,747
fastfouriertransform,200,718,713
fastfouriertransform,200,126,121
genmatrix,200,4,4
fetchdata,200,76,76
fetchdata,200,79,79
matrixmul,200,807,800
genmatrix,200,12,10
matrixmul,200,519,513
genmatrix,200,14,11
linpack,200,15,10
fetchdata,200,77,76
linpack,200,715,710
fastfouriertransform,200,12,8
fastfouriertransform,200,12,8
fastfouriertransform,200,12,8
matrixmul,200,577,571
matrixmul,200,290,283
fetchdata,200,77,77
fetchdata,200,83,83
genmatrix,200,6,6
genmatrix,200,6,5
genmatrix,200,12,10
matrixmul,200,645,639
fastfouriertransform,200,717,713
fetchdata,200,77,77
matrixmul,200,17,11
genmatrix,200,42,34
fetchdata,200,87,87
fetchdata,200,77,77
fastfouriertransform,200,834,829
fastfouriertransform,200,340,335
fastfouriertransform,200,246,241
fastfouriertransform,200,53,48
linpack,200,11,7
linpack,200,12,7
matrixmul,200,23,16
fastfouriertransform,200,17,12
genmatrix,200,5,5
matrixmul,200,17,11
fetchdata,200,77,76
fastfouriertransform,200,11,6
matrixmul,200,30,25
fastfouriertransform,200,14,9
genmatrix,200,9,7
genmatrix,200,4,4
matrixmul,200,17,11
fetchdata,200,85,85
linpack,200,16,10
fastfouriertransform,200,15,11
fetchdata,200,80,80
genmatrix,200,39,28
fetchdata,200,77,76
fetchdata,200,78,78
linpack,200,17,12
matrixmul,200,20,13
fastfouriertransform,200,13,8
fetchdata,200,78,78
linpack,200,11,6
fetchdata,200,87,87
genmatrix,200,44,33
fastfouriertransform,200,32,27
linpack,200,11,7
matrixmul,200,589,582
linpack,200,11,6
fastfouriertransform,200,15,9
genmatrix,200,5,5
linpack,200,11,7
linpack,200,13,7
matrixmul,200,1057,1051
fastfouriertransform,200,12,8
linpack,200,735,730
fastfouriertransform,200,61,55
linpack,200,13,8
matrixmul,200,574,568
linpack,200,11,7
genmatrix,200,8,7
fetchdata,200,86,86
genmatrix,200,44,31
matrixmul,200,929,922
matrixmul,200,739,732
fetchdata,200,80,80
fastfouriertransform,200,13,8
linpack,200,12,6
fetchdata,200,96,96
linpack,200,778,773
matrixmul,200,17,11
matrixmul,200,17,11
fastfouriertransform,200,743,739
genmatrix,200,6,5
genmatrix,200,5,5
linpack,200,736,731
fetchdata,200,78,78
genmatrix,200,8,7
fastfouriertransform,200,1281,1276
matrixmul,200,19,12
linpack,200,1373,1369
fetchdata,200,78,78
linpack,200,1078,1072
linpack,200,985,980
linpack,200,692,688
linpack,200,398,393
fetchdata,200,78,78
matrixmul,200,54,47
matrixmul,200,17,12
linpack,200,13,7
fastfouriertransform,200,717,712
genmatrix,200,49,34
fetchdata,200,86,86
fastfouriertransform,200,12,7
fetchdata,200,77,77
fastfouriertransform,200,10,6
linpack,200,17,12
genmatrix,200,5,4
genmatrix,200,4,4
genmatrix,200,39,29
fastfouriertransform,200,11,7
matrixmul,200,581,575
genmatrix,200,9,8
genmatrix,200,39,31
linpack,200,15,10
matrixmul,200,59,53
genmatrix,200,4,3
matrixmul,200,20,13
fetchdata,200,132,132
fastfouriertransform,200,734,729
fetchdata,200,111,111
linpack,200,13,8
fetchdata,200,79,79
fastfouriertransform,200,1242,1238
fastfouriertransform,200,649,643
fastfouriertransform,200,558,553
fastfouriertransform,200,364,359
fetchdata,200,83,83
linpack,200,11,7
genmatrix,200,8,7
matrixmul,200,580,575
matrixmul,200,493,486
matrixmul,200,205,197
matrixmul,200,19,11
genmatrix,200,12,12
fastfouriertransform,200,17,13
genmatrix,200,5,5
linpack,200,12,7
fastfouriertransform,200,11,6
fetchdata,200,78,78
genmatrix,200,12,9
genmatrix,200,4,4
fetchdata,200,81,80
fastfouriertransform,200,768,763
linpack,200,738,733
fetchdata,200,78,78
fetchdata,200,83,83
matrixmul,200,555,549
matrixmul,200,68,62
fastfouriertransform,200,1404,1398
fetchdata,200,87,87
genmatrix,200,49,35
linpack,200,1163,1147
linpack,200,1069,1064
matrixmul,200,20,12
genmatrix,200,4,4
fetchdata,200,94,94
fastfouriertransform,200,1748,1743
fetchdata,200,90,90
matrixmul,200,22,16
fetchdata,200,78,77
genmatrix,200,8,8
linpack,200,1593,1587
linpack,200,1400,1396
genmatrix,200,18,13
fastfouriertransform,200,1304,1299
fastfouriertransform,200,1210,1205
fastfouriertransform,200,417,412
fastfouriertransform,200,126,121
fastfouriertransform,200,24,18
fetchdata,200,79,79
matrixmul,200,18,12
linpack,200,737,732
linpack,200,142,137
fetchdata,200,89,89
genmatrix,200,14,12
genmatrix,200,9,8
genmatrix,200,9,7
fetchdata,200,82,82
fastfouriertransform,200,732,726
fetchdata,200,83,83
linpack,200,16,9
fetchdata,200,84,84
fetchdata,200,82,82
matrixmul,200,602,594
fetchdata,200,89,89
genmatrix,200,11,9
genmatrix,200,5,4
matrixmul,200,570,563
matrixmul,200,479,473
fastfouriertransform,200,11,6
genmatrix,200,39,28
linpack,200,752,748
linpack,200,159,154
fetchdata,200,84,84
fetchdata,200,88,87
fetchdata,200,90,89
matrixmul,200,21,14
fastfouriertransform,200,17,12
genmatrix,200,9,8
fetchdata,200,80,79
linpack,200,17,12
linpack,200,13,9
matrixmul,200,593,586
fetchdata,200,85,85
fastfouriertransform,200,764,759
fastfouriertransform,200,677,672
fastfouriertransform,200,582,576
fastfouriertransform,200,488,483
fastfouriertransform,200,184,179
fastfouriertransform,200,11,6
fastfouriertransform,200,12,6
matrixmul,200,562,552
matrixmul,200,71,64
matrixmul,200,21,13
linpack,200,750,745
fetchdata,200,78,78
matrixmul,200,16,11
fastfouriertransform,200,765,760
fastfouriertransform,200,672,667
genmatrix,200,5,4
fetchdata,200,79,79
genmatrix,200,9,7
matrixmul,200,583,577
matrixmul,200,395,387
fetchdata,200,77,77
linpack,200,19,14
linpack,200,14,9
genmatrix,200,10,9
fastfouriertransform,200,890,885
matrixmul,200,21,14
matrixmul,200,17,11
matrixmul,200,17,11
matrixmul,200,19,13
linpack,200,13,8
linpack,200,13,8
matrixmul,200,19,13
genmatrix,200,8,7
fastfouriertransform,200,737,732
genmatrix,200,39,29
fetchdata,200,89,89
genmatrix,200,40,28
fetchdata,200,77,76
genmatrix,200,4,4
linpack,200,742,736
matrixmul,200,565,559
matrixmul,200,80,74
genmatrix,200,46,36
fetchdata,200,85,84
fastfouriertransform,200,13,8
fetchdata,200,77,77
fastfouriertransform,200,18,12
linpack,200,1277,1272
linpack,200,183,178
genmatrix,200,6,5
fetchdata,200,82,82
genmatrix,200,39,29
fastfouriertransform,200,11,7
genmatrix,200,49,41
linpack,200,738,732
matrixmul,200,20,14
genmatrix,200,5,4
matrixmul,200,17,11
fastfouriertransform,200,11,7
fetchdata,200,78,78
linpack,200,1180,1175
fetchdata,200,86,85
linpack,200,688,683
linpack,200,797,791
fetchdata,200,76,76
fetchdata,200,77,77
linpack,200,746,741
linpack,200,553,547
fastfouriertransform,200,730,725
fastfouriertransform,200,457,449
genmatrix,200,1754,1751
genmatrix,200,270,269
fastfouriertransform,200,1175,1167
fastfouriertransform,200,1867,1857
fastfouriertransform,200,84,76
fastfouriertransform,200,1595,1587
fastfouriertransform,200,1304,1296
genmatrix,200,10,8
fastfouriertransform,200,10,7
fetchdata,200,2332,2332
linpack,200,2174,2166
fetchdata,200,929,928
genmatrix,200,48,39
fetchdata,200,1908,1908
fetchdata,200,1596,1595
fetchdata,200,82,81
fastfouriertransform,200,746,742
fastfouriertransform,200,653,649
fastfouriertransform,200,257,249
fastfouriertransform,200,63,54
linpack,200,2780,2772
linpack,200,2394,2386
genmatrix,200,13,11
linpack,200,2296,2288
genmatrix,200,96,4
genmatrix,200,11,9
matrixmul,200,2161,2152
matrixmul,200,1783,1779
fetchdata,200,90,90
matrixmul,200,1412,1392
genmatrix,200,37,28
fastfouriertransform,200,713,709
fastfouriertransform,200,116,112
fetchdata,200,96,96
linpack,200,2906,2896
fetchdata,200,96,95
genmatrix,200,43,35
genmatrix,200,4,4
fetchdata,200,94,93
genmatrix,200,9,7
matrixmul,200,556,551
genmatrix,200,7,6
linpack,200,3434,3425
fetchdata,200,94,93
genmatrix,200,5,4
genmatrix,200,4,4
fetchdata,200,95,94
linpack,200,3363,3355
genmatrix,200,39,32
matrixmul,200,555,550
matrixmul,200,470,465
genmatrix,200,5,4
fetchdata,200,91,91
matrixmul,200,21,16
fastfouriertransform,200,17,13
linpack,200,3476,3468
linpack,200,1885,1878
linpack,200,795,791
fetchdata,200,82,82
fetchdata,200,82,82
matrixmul,200,35,30
matrixmul,200,18,12
matrixmul,200,20,14
genmatrix,200,41,30
linpack,200,1302,1299
genmatrix,200,4,3
fastfouriertransform,200,732,728
fastfouriertransform,200,342,338
fastfouriertransform,200,243,239
genmatrix,200,9,7
fetchdata,200,98,97
fastfouriertransform,200,13,9
linpack,200,1906,1899
linpack,200,4808,4805
fetchdata,200,82,82
linpack,200,713,709
fastfouriertransform,200,11,7
genmatrix,200,251,37
genmatrix,200,53,31
linpack,200,14,8
fetchdata,200,101,100
genmatrix,200,7,7
linpack,200,12,8
fastfouriertransform,200,11,7
genmatrix,200,9,7
fastfouriertransform,200,22,18
genmatrix,200,13,11
fetchdata,200,85,85
fetchdata,200,85,85
fastfouriertransform,200,10,6
matrixmul,200,17,12
linpack,200,12,8
fetchdata,200,94,94
matrixmul,200,21,16
fetchdata,200,84,84
linpack,200,11,7
matrixmul,200,17,12
linpack,200,14,9
fetchdata,200,91,91
genmatrix,200,9,7
genmatrix,200,9,8
fastfouriertransform,200,11,7
fetchdata,200,101,101
genmatrix,200,6,6
linpack,200,14,10
fetchdata,200,88,88
fetchdata,200,80,80
linpack,200,718,714
fastfouriertransform,200,13,9
fastfouriertransform,200,14,10
fastfouriertransform,200,18,13
genmatrix,200,5,4
linpack,200,12,8
genmatrix,200,39,28
matrixmul,200,16,11
linpack,200,12,9
linpack,200,20,15
matrixmul,200,19,13
fetchdata,200,90,90
fastfouriertransform,200,10,6
matrixmul,200,557,551
fastfouriertransform,200,16,12
fastfouriertransform,200,11,7
genmatrix,200,4,3
fetchdata,200,86,86
matrixmul,200,807,794
fetchdata,200,83,82
genmatrix,200,8,7
fetchdata,200,80,79
matrixmul,200,1246,1239
matrixmul,200,1154,1148
matrixmul,200,872,867
matrixmul,200,484,478
matrixmul,200,391,385
matrixmul,200,101,97
fastfouriertransform,200,12,7
linpack,200,13,8
fastfouriertransform,200,14,10
fetchdata,200,83,83
fetchdata,200,88,88
fastfouriertransform,200,16,12
matrixmul,200,560,554
matrixmul,200,277,268
linpack,200,11,8
fetchdata,200,84,84
fetchdata,200,90,89
linpack,200,11,6
matrixmul,200,721,714
linpack,200,22,6
genmatrix,200,4,4
fastfouriertransform,200,12,7
linpack,200,16,12
matrixmul,200,1156,1151
matrixmul,200,1073,1066
matrixmul,200,882,876
matrixmul,200,190,183
fastfouriertransform,200,13,10
fastfouriertransform,200,12,8
fastfouriertransform,200,12,7
fastfouriertransform,200,11,7
fetchdata,200,90,90
fastfouriertransform,200,17,13
fetchdata,200,86,85
linpack,200,12,8
linpack,200,11,7
matrixmul,200,16,11
linpack,200,12,8
genmatrix,200,6,5
genmatrix,200,4,3
genmatrix,200,8,7
fetchdata,200,95,95
genmatrix,200,11,8
genmatrix,200,8,7
linpack,200,726,722
linpack,200,14,11
linpack,200,12,7
fetchdata,200,96,96
genmatrix,200,9,7
fastfouriertransform,200,743,738
fastfouriertransform,200,555,551
fastfouriertransform,200,161,156
fetchdata,200,81,81
linpack,200,12,7
genmatrix,200,41,29
linpack,200,709,704
linpack,200,14,9
fastfouriertransform,200,12,8
genmatrix,200,5,5
fastfouriertransform,200,10,6
linpack,200,11,6
genmatrix,200,9,7
linpack,200,13,8
linpack,200,729,724
genmatrix,200,100,6
genmatrix,200,49,30
fastfouriertransform,200,10,7
fastfouriertransform,200,15,10
genmatrix,200,5,4
genmatrix,200,4,4
matrixmul,200,553,547
fastfouriertransform,200,11,6
fastfouriertransform,200,14,9
matrixmul,200,888,882
fetchdata,200,102,101
matrixmul,200,501,495
matrixmul,200,412,406
linpack,200,12,8
fetchdata,200,83,82
fetchdata,200,79,79
genmatrix,200,8,7
fetchdata,200,85,84
fastfouriertransform,200,743,738
fetchdata,200,83,82
linpack,200,11,6
fetchdata,200,81,81
fetchdata,200,88,88
matrixmul,200,20,15
fastfouriertransform,200,950,945
fetchdata,200,91,91
genmatrix,200,9,7
linpack,200,709,705
fetchdata,200,81,81
fetchdata,200,78,78
fetchdata,200,103,102
fastfouriertransform,200,1353,1349
genmatrix,200,4,4
fetchdata,200,81,81
fetchdata,200,80,80
genmatrix,200,9,7
matrixmul,200,554,550
genmatrix,200,48,35
fastfouriertransform,200,1067,1063
genmatrix,200,4,3
linpack,200,697,693
genmatrix,200,54,35
fastfouriertransform,200,1672,1663
genmatrix,200,9,7
linpack,200,715,711
genmatrix,200,6,5
matrixmul,200,20,12
linpack,200,988,984
linpack,200,301,298
linpack,200,18,13
fastfouriertransform,200,1666,1660
fastfouriertransform,200,1272,1268
linpack,200,911,907
linpack,200,617,613
fetchdata,200,91,91
matrixmul,200,16,11
genmatrix,200,40,28
genmatrix,200,41,29
genmatrix,200,50,34
genmatrix,200,45,34
fastfouriertransform,200,1198,1194
fastfouriertransform,200,297,293
fastfouriertransform,200,1710,1706
genmatrix,200,43,29
fetchdata,200,101,101
matrixmul,200,544,539
matrixmul,200,452,448
matrixmul,200,170,164
matrixmul,200,76,70
fetchdata,200,94,93
matrixmul,200,16,11
genmatrix,200,4,4
matrixmul,200,28,20
linpack,200,13,8
genmatrix,200,11,9
linpack,200,706,701
fetchdata,200,78,78
fastfouriertransform,200,761,757
fetchdata,200,92,91
linpack,200,12,7
matrixmul,200,553,547
matrixmul,200,361,355
genmatrix,200,4,3
fetchdata,200,89,89
fetchdata,200,88,87
fastfouriertransform,200,784,780
fastfouriertransform,200,490,486
fastfouriertransform,200,197,192
linpack,200,11,8
linpack,200,708,704
linpack,200,11,6
fetchdata,200,102,102
fastfouriertransform,200,16,10
matrixmul,200,567,562
fetchdata,200,84,84
fastfouriertransform,200,16,9
fetchdata,200,98,98
matrixmul,200,932,925
matrixmul,200,846,840
matrixmul,200,560,555
matrixmul,200,74,68
matrixmul,200,19,15
linpack,200,13,7
matrixmul,200,17,11
linpack,200,746,741
fetchdata,200,83,82
genmatrix,200,4,4
linpack,200,706,701
genmatrix,200,39,28
linpack,200,706,701
fetchdata,200,108,107
matrixmul,200,554,548
matrixmul,200,264,258
matrixmul,200,75,69
genmatrix,200,5,4
genmatrix,200,9,7
genmatrix,200,41,28
linpack,200,1095,1091
fastfouriertransform,200,11,7
fetchdata,200,99,98
matrixmul,200,25,20
fetchdata,200,93,92
fetchdata,200,86,86
genmatrix,200,41,28
fastfouriertransform,200,17,12
linpack,200,12,7
matrixmul,200,560,554
fastfouriertransform,200,12,8
genmatrix,200,10,8
matrixmul,200,908,900
linpack,200,15,9
fetchdata,200,138,138
fetchdata,200,121,121
fastfouriertransform,200,720,715
genmatrix,200,49,35
matrixmul,200,1299,1243
fetchdata,200,85,84
fetchdata,200,82,82
linpack,200,11,6
matrixmul,200,1483,1478
matrixmul,200,1194,1189
linpack,200,12,7
fastfouriertransform,200,726,722
fastfouriertransform,200,12,8
matrixmul,200,1344,1339
matrixmul,200,1061,1050
matrixmul,200,374,368
matrixmul,200,282,277
matrixmul,200,694,688
fetchdata,200,87,87
genmatrix,200,11,9
fastfouriertransform,200,710,705
matrixmul,200,641,634
linpack,200,11,7
genmatrix,200,4,3
matrixmul,200,889,883
fetchdata,200,94,93
fastfouriertransform,200,819,815
fastfouriertransform,200,420,413
fastfouriertransform,200,729,724
fastfouriertransform,200,338,333
fastfouriertransform,200,142,138
fetchdata,200,80,80
fetchdata,200,81,81
fastfouriertransform,200,11,6
fetchdata,200,93,93
genmatrix,200,16,12
matrixmul,200,1331,1326
fetchdata,200,84,84
linpack,200,12,7
fastfouriertransform,200,11,6
genmatrix,200,4,3
linpack,200,31,27
genmatrix,200,48,37
fetchdata,200,85,84
linpack,200,11,7
fetchdata,200,80,80
genmatrix,200,37,29
linpack,200,13,8
matrixmul,200,556,550
linpack,200,17,12
genmatrix,200,51,38
matrixmul,200,18,11
genmatrix,200,6,6
linpack,200,12,7
genmatrix,200,6,5
genmatrix,200,41,29
fetchdata,200,86,85
matrixmul,200,557,551
matrixmul,200,271,258
fetchdata,200,97,97
linpack,200,13,9
genmatrix,200,44,34
fastfouriertransform,200,708,704
genmatrix,200,4,4
matrixmul,200,553,548
matrixmul,200,167,160
matrixmul,200,77,71
linpack,200,717,712
linpack,200,28,23
linpack,200,740,735
genmatrix,200,6,6
fastfouriertransform,200,720,715
genmatrix,200,12,10
genmatrix,200,12,10
matrixmul,200,554,548
matrixmul,200,264,259
linpack,200,19,14
genmatrix,200,245,30
fetchdata,200,90,90
fastfouriertransform,200,921,917
fastfouriertransform,200,232,227
fetchdata,200,89,89
linpack,200,12,8
fastfouriertransform,200,11,7
genmatrix,200,6,5
matrixmul,200,561,554
matrixmul,200,379,373
fetchdata,200,94,94
matrixmul,200,836,830
matrixmul,200,546,540
matrixmul,200,258,252
matrixmul,200,71,65
genmatrix,200,44,31
genmatrix,200,9,8
linpack,200,708,704
fetchdata,200,80,80
fetchdata,200,83,82
fastfouriertransform,200,16,13
linpack,200,944,728
matrixmul,200,554,548
fetchdata,200,86,85
fetchdata,200,88,88
linpack,200,1001,992
linpack,200,313,307
linpack,200,12,7
fastfouriertransform,200,13,8
genmatrix,200,7,7
genmatrix,200,6,5
matrixmul,200,554,545
genmatrix,200,4,4
linpack,200,12,7
genmatrix,200,4,3
linpack,200,699,695
fastfouriertransform,200,11,7
genmatrix,200,42,33
fetchdata,200,99,99
matrixmul,200,22,17
fastfouriertransform,200,11,6
genmatrix,200,8,7
genmatrix,200,10,9
matrixmul,200,566,560
matrixmul,200,276,270
matrixmul,200,89,83
linpack,200,11,7
fetchdata,200,98,97
genmatrix,200,7,7
fastfouriertransform,200,734,729
fetchdata,200,105,104
linpack,200,11,7
linpack,200,11,6
genmatrix,200,44,33
fastfouriertransform,200,1258,1254
fastfouriertransform,200,961,956
linpack,200,724,720
fastfouriertransform,200,11,6
fastfouriertransform,200,11,6
matrixmul,200,559,553
linpack,200,722,718
linpack,200,327,318
fetchdata,200,96,95
fastfouriertransform,200,13,8
fetchdata,200,101,101
linpack,200,12,7
fetchdata,200,78,78
matrixmul,200,916,910
genmatrix,200,9,8
fetchdata,200,91,91
genmatrix,200,45,33
matrixmul,200,571,565
matrixmul,200,82,76
fetchdata,200,91,91
linpack,200,11,7
linpack,200,716,709
fetchdata,200,91,91
fastfouriertransform,200,16,11
fetchdata,200,89,89
fetchdata,200,79,79
fastfouriertransform,200,15,9
fetchdata,200,162,162
genmatrix,200,41,29
matrixmul,200,21,15
matrixmul,200,17,11
genmatrix,200,36,28
linpack,200,12,7
fastfouriertransform,200,13,8
linpack,200,720,715
genmatrix,200,36,28
matrixmul,200,564,557
genmatrix,200,3,3
linpack,200,14,9
genmatrix,200,40,34
fastfouriertransform,200,706,701
matrixmul,200,918,908
fastfouriertransform,200,418,414
fastfouriertransform,200,225,220
fastfouriertransform,200,31,28
matrixmul,200,18,11
fetchdata,200,101,101
matrixmul,200,558,553
matrixmul,200,370,362
matrixmul,200,285,279
genmatrix,200,39,28
fastfouriertransform,200,11,7
genmatrix,200,9,7
matrixmul,200,732,725
genmatrix,200,8,7
linpack,200,12,7
matrixmul,200,1175,1169
fastfouriertransform,200,740,735
fetchdata,200,88,88
genmatrix,200,38,30
matrixmul,200,1319,1310
matrixmul,200,1230,1222
matrixmul,200,539,533
matrixmul,200,253,247
matrixmul,200,168,162
fetchdata,200,91,91
linpack,200,15,11
linpack,200,787,782
genmatrix,200,10,9
fastfouriertransform,200,1353,1348
matrixmul,200,70,64
linpack,200,11,7
fetchdata,200,85,85
linpack,200,19,12
fastfouriertransform,200,1862,1857
fastfouriertransform,200,669,664
fastfouriertransform,200,180,175
fetchdata,200,94,94
genmatrix,200,36,29
genmatrix,200,9,8
linpack,200,723,717
fetchdata,200,93,93
linpack,200,12,8
fastfouriertransform,200,778,773
fastfouriertransform,200,682,678
linpack,200,12,7
matrixmul,200,561,555
matrixmul,200,276,271
fetchdata,200,94,94
genmatrix,200,15,11
genmatrix,200,54,34
genmatrix,200,6,5
genmatrix,200,51,41
genmatrix,200,39,28
linpack,200,12,7
matrixmul,200,21,15
matrixmul,200,22,15
genmatrix,200,44,36
fetchdata,200,90,90
matrixmul,200,561,552
fetchdata,200,99,99
genmatrix,200,48,28
linpack,200,714,709
matrixmul,200,817,812
matrixmul,200,527,519
matrixmul,200,439,433
matrixmul,200,252,246
fetchdata,200,109,109
fastfouriertransform,200,14,9
linpack,200,12,8
genmatrix,200,5,5
matrixmul,200,702,696
matrixmul,200,214,208
fastfouriertransform,200,12,7
fetchdata,200,104,103
fetchdata,200,106,105
genmatrix,200,35,27
linpack,200,739,734
genmatrix,200,46,34
matrixmul,200,569,562
matrixmul,200,369,362
matrixmul,200,21,16
genmatrix,200,8,7
fastfouriertransform,200,716,712
fastfouriertransform,200,319,315
fastfouriertransform,200,224,220
linpack,200,720,716
fetchdata,200,91,90
genmatrix,200,5,4
genmatrix,200,10,7
fastfouriertransform,200,729,725
fastfouriertransform,200,637,632
matrixmul,200,20,15
fetchdata,200,95,94
matrixmul,200,19,13
fetchdata,200,93,92
fetchdata,200,79,79
linpack,200,12,7
fastfouriertransform,200,1254,1249
fetchdata,200,98,97
linpack,200,12,8
fetchdata,200,96,96
genmatrix,200,9,7
genmatrix,200,38,29
linpack,200,722,717
genmatrix,200,38,30
fastfouriertransform,200,1654,1650
linpack,200,15,10
genmatrix,200,47,39
genmatrix,200,36,28
matrixmul,200,17,11
genmatrix,200,8,7
genmatrix,200,5,4
fastfouriertransform,200,853,848
genmatrix,200,37,29
genmatrix,200,35,28
genmatrix,200,7,7
matrixmul,200,573,566
matrixmul,200,385,376
fastfouriertransform,200,1267,1261
fetchdata,200,84,84
genmatrix,200,4,3
matrixmul,200,574,568
fetchdata,200,78,78
genmatrix,200,38,30
fastfouriertransform,200,3672,3667
fastfouriertransform,200,1284,1277
fastfouriertransform,200,684,678
fastfouriertransform,200,594,589
fetchdata,200,96,95
fastfouriertransform,200,17,12
matrixmul,200,829,823
matrixmul,200,44,38
genmatrix,200,10,8
fetchdata,200,155,155
matrixmul,200,22,13
fetchdata,200,95,95
fastfouriertransform,200,731,726
genmatrix,200,4,4
linpack,200,718,714
genmatrix,200,9,7
genmatrix,200,38,31
genmatrix,200,5,5
matrixmul,200,21,14
linpack,200,727,723
linpack,200,636,632
fetchdata,200,86,86
matrixmul,200,17,11
genmatrix,200,4,3
matrixmul,200,20,14
genmatrix,200,49,41
genmatrix,200,40,30
genmatrix,200,36,29
matrixmul,200,17,11
genmatrix,200,5,4
fetchdata,200,100,100
fastfouriertransform,200,738,733
fastfouriertransform,200,143,139
linpack,200,38,33
fastfouriertransform,200,10,6
matrixmul,200,18,11
genmatrix,200,43,32
matrixmul,200,21,14
fetchdata,200,94,94
linpack,200,735,731
matrixmul,200,18,12
linpack,200,15,9
genmatrix,200,50,36
fastfouriertransform,200,695,691
fastfouriertransform,200,496,491
fetchdata,200,90,90
matrixmul,200,560,554
genmatrix,200,12,11
genmatrix,200,5,5
linpack,200,701,697
linpack,200,608,603
fetchdata,200,86,85
fastfouriertransform,200,725,721
fastfouriertransform,200,137,132
genmatrix,200,45,30
genmatrix,200,4,4
matrixmul,200,569,563
fetchdata,200,98,97
linpack,200,1007,1002
fetchdata,200,83,82
linpack,200,11,6
matrixmul,200,613,607
matrixmul,200,432,425
fetchdata,200,97,97
linpack,200,13,9
fetchdata,200,88,88
fetchdata,200,83,83
genmatrix,200,4,3
linpack,200,12,7
fastfouriertransform,200,716,711
fastfouriertransform,200,420,416
genmatrix,200,7,6
fetchdata,200,92,92
genmatrix,200,6,5
fastfouriertransform,200,10,6
fastfouriertransform,200,10,6
fetchdata,200,96,95
genmatrix,200,6,4
fetchdata,200,81,81
matrixmul,200,17,11
fastfouriertransform,200,710,706
fastfouriertransform,200,310,306
fastfouriertransform,200,120,116
linpack,200,14,10
linpack,200,86,81
linpack,200,12,7
matrixmul,200,562,556
matrixmul,200,29,12
fastfouriertransform,200,723,720
linpack,200,709,705
linpack,200,13,8
fastfouriertransform,200,1129,1125
fastfouriertransform,200,638,634
matrixmul,200,559,551
matrixmul,200,475,469
matrixmul,200,285,279
genmatrix,200,40,30
linpack,200,13,8
genmatrix,200,9,7
linpack,200,11,6
genmatrix,200,8,7
linpack,200,13,7
fastfouriertransform,200,1055,1051
matrixmul,200,20,14
linpack,200,109,104
fetchdata,200,91,90
matrixmul,200,17,11
fastfouriertransform,200,1549,1545
fastfouriertransform,200,1355,1351
fastfouriertransform,200,563,559
genmatrix,200,9,7
matrixmul,200,571,566
fetchdata,200,77,77
fastfouriertransform,200,714,709
fastfouriertransform,200,221,216
genmatrix,200,4,4
matrixmul,200,1024,1017
matrixmul,200,938,931
matrixmul,200,448,442
linpack,200,12,8
linpack,200,11,6
genmatrix,200,53,45
matrixmul,200,1290,1285
matrixmul,200,17,11
fastfouriertransform,200,841,836
fastfouriertransform,200,746,741
genmatrix,200,4,3
linpack,200,737,733
fetchdata,200,101,100
matrixmul,200,23,17
fastfouriertransform,200,959,954
matrixmul,200,20,14
linpack,200,947,942
linpack,200,755,750
fastfouriertransform,200,1368,1364
genmatrix,200,4,3
fetchdata,200,92,92
genmatrix,200,8,7
genmatrix,200,6,6
linpack,200,1070,1065
linpack,200,680,674
linpack,200,590,585
linpack,200,896,892
linpack,200,501,497
fetchdata,200,101,101
linpack,200,14,9
matrixmul,200,17,12
fastfouriertransform,200,1474,1469
fetchdata,200,93,93
linpack,200,12,7
fetchdata,200,84,84
genmatrix,200,38,29
fastfouriertransform,200,1986,1982
fastfouriertransform,200,593,589
genmatrix,200,35,28
linpack,200,22,7
matrixmul,200,568,562
fastfouriertransform,200,11,7
fetchdata,200,94,94
fastfouriertransform,200,15,11
matrixmul,200,1028,1022
matrixmul,200,138,132
fastfouriertransform,200,731,727
matrixmul,200,595,589
genmatrix,200,37,28
linpack,200,714,709
genmatrix,200,5,4
matrixmul,200,950,934
matrixmul,200,650,644
fastfouriertransform,200,854,849
fastfouriertransform,200,62,57
genmatrix,200,5,5
fetchdata,200,1097,1097
fetchdata,200,489,489
genmatrix,200,9,7
linpack,200,819,814
linpack,200,727,723
linpack,200,433,429
fetchdata,200,178,178
fastfouriertransform,200,21,8
matrixmul,200,18,15
matrixmul,200,19,14
fetchdata,200,85,85
linpack,200,12,7
fetchdata,200,83,83
linpack,200,17,11
genmatrix,200,8,7
matrixmul,200,22,16
fastfouriertransform,200,724,721
fetchdata,200,84,84
genmatrix,200,8,6
linpack,200,718,713
matrixmul,200,554,548
matrixmul,200,158,153
matrixmul,200,20,12
fetchdata,200,84,84
fastfouriertransform,200,1328,1323
genmatrix,200,5,3
genmatrix,200,5,5
linpack,200,1311,1305
matrixmul,200,567,561
genmatrix,200,8,7
fastfouriertransform,200,1926,1922
fastfouriertransform,200,337,332
fastfouriertransform,200,242,238
fetchdata,200,77,77
genmatrix,200,5,4
linpack,200,1102,1097
linpack,200,1012,1007
linpack,200,418,414
fetchdata,200,85,85
fetchdata,200,91,90
fastfouriertransform,200,2291,2286
linpack,200,12,7
linpack,200,13,9
genmatrix,200,5,5
matrixmul,200,567,561
matrixmul,200,383,377
matrixmul,200,17,11
fastfouriertransform,200,2888,2884
fastfouriertransform,200,1294,1290
fastfouriertransform,200,903,899
genmatrix,200,13,11
genmatrix,200,47,38
linpack,200,717,713
linpack,200,226,221
matrixmul,200,554,548
genmatrix,200,8,7
linpack,200,16,11
matrixmul,200,602,596
fastfouriertransform,200,721,716
fastfouriertransform,200,534,529
fastfouriertransform,200,344,339
fastfouriertransform,200,249,244
linpack,200,12,7
linpack,200,12,7
fetchdata,200,102,102
matrixmul,200,552,545
fastfouriertransform,200,719,715
fetchdata,200,82,82
fetchdata,200,91,91
linpack,200,725,719
linpack,200,634,629
linpack,200,15,8
linpack,200,12,8
genmatrix,200,9,7
genmatrix,200,9,7
fastfouriertransform,200,923,917
matrixmul,200,573,567
linpack,200,14,8
genmatrix,200,11,10
genmatrix,200,4,4
linpack,200,12,8
matrixmul,200,630,622
fastfouriertransform,200,1531,1526
genmatrix,200,39,28
fastfouriertransform,200,1437,1432
linpack,200,11,6
genmatrix,200,5,4
linpack,200,16,13
fetchdata,200,91,91
genmatrix,200,44,36
matrixmul,200,687,681
matrixmul,200,16,11
linpack,200,13,8
genmatrix,200,10,9
genmatrix,200,5,4
matrixmul,200,108,101
genmatrix,200,9,7
fastfouriertransform,200,721,716
fetchdata,200,89,89
genmatrix,200,10,9
linpack,200,710,705
linpack,200,519,515
fetchdata,200,84,84
fetchdata,200,88,88
linpack,200,11,7
linpack,200,19,15
genmatrix,200,45,32
fetchdata,200,95,95
matrixmul,200,17,11
fastfouriertransform,200,732,727
fastfouriertransform,200,641,636
fetchdata,200,90,90
linpack,200,13,8
matrixmul,200,17,11
fetchdata,200,87,87
genmatrix,200,8,7
matrixmul,200,566,558
matrixmul,200,276,270
fetchdata,200,98,98
linpack,200,740,735
linpack,200,543,538
fetchdata,200,82,82
genmatrix,200,6,5
matrixmul,200,561,555
matrixmul,200,471,466
linpack,200,945,941
genmatrix,200,4,3
fetchdata,200,93,92
matrixmul,200,565,558
matrixmul,200,79,66
fetchdata,200,92,91
fastfouriertransform,200,14,9
linpack,200,1345,1340
linpack,200,1146,1141
linpack,200,858,853
linpack,200,766,761
fetchdata,200,132,131
matrixmul,200,554,549
fetchdata,200,78,78
genmatrix,200,4,4
genmatrix,200,4,4
fastfouriertransform,200,719,714
fetchdata,200,88,88
genmatrix,200,10,9
linpack,200,705,699
fetchdata,200,85,84
linpack,200,12,7
genmatrix,200,4,3
fastfouriertransform,200,1343,1338
fastfouriertransform,200,149,145
fetchdata,200,87,87
linpack,200,18,12
matrixmul,200,562,552
matrixmul,200,21,15
genmatrix,200,6,5
genmatrix,200,4,4
matrixmul,200,16,11
fastfouriertransform,200,1749,1745
fastfouriertransform,200,156,152
fastfouriertransform,200,17,11
matrixmul,200,19,13
fetchdata,200,82,82
fetchdata,200,82,82
linpack,200,712,707
matrixmul,200,18,12
linpack,200,423,418
linpack,200,328,324
fetchdata,200,84,84
matrixmul,200,21,15
fastfouriertransform,200,11,6
genmatrix,200,4,3
linpack,200,711,705
linpack,200,217,212
linpack,200,124,118
linpack,200,32,27
fastfouriertransform,200,12,7
genmatrix,200,39,30
matrixmul,200,561,554
fetchdata,200,84,83
genmatrix,200,4,4
matrixmul,200,909,903
fastfouriertransform,200,737,732
fetchdata,200,92,92
matrixmul,200,19,13
matrixmul,200,21,15
fetchdata,200,78,78
matrixmul,200,17,11
genmatrix,200,4,4
linpack,200,716,711
fastfouriertransform,200,1352,1347
fastfouriertransform,200,1158,1154
fastfouriertransform,200,367,361
genmatrix,200,48,34
matrixmul,200,18,12
fetchdata,200,84,84
genmatrix,200,5,4
fastfouriertransform,200,1669,1664
fastfouriertransform,200,784,780
genmatrix,200,10,9
matrixmul,200,558,553
genmatrix,200,4,4
fastfouriertransform,200,1383,1378
fastfouriertransform,200,991,987
matrixmul,200,552,546
fetchdata,200,80,80
genmatrix,200,9,7
matrixmul,200,1007,1001
matrixmul,200,417,410
matrixmul,200,827,822
fastfouriertransform,200,1302,1297
fastfouriertransform,200,610,605
linpack,200,714,709
fastfouriertransform,200,115,107
genmatrix,200,45,37
genmatrix,200,9,8
matrixmul,200,1279,1272
matrixmul,200,887,882
matrixmul,200,302,296
matrixmul,200,208,202
genmatrix,200,42,33
fastfouriertransform,200,11,7
linpack,200,12,7
matrixmul,200,664,659
matrixmul,200,577,571
fetchdata,200,81,80
fetchdata,200,82,81
fetchdata,200,89,89
fetchdata,200,86,86
genmatrix,200,8,7
matrixmul,200,932,926
fastfouriertransform,200,13,8
fetchdata,200,90,90
genmatrix,200,9,7
matrixmul,200,1285,1280
matrixmul,200,900,893
matrixmul,200,511,505
fastfouriertransform,200,11,7
fetchdata,200,82,82
genmatrix,200,9,8
genmatrix,200,39,31
genmatrix,200,7,7
fastfouriertransform,200,14,10
matrixmul,200,759,754
fetchdata,200,80,79
genmatrix,200,10,8
matrixmul,200,20,14
matrixmul,200,16,11
fastfouriertransform,200,11,6
linpack,200,713,709
linpack,200,620,615
fetchdata,200,94,93
matrixmul,200,20,14
genmatrix,200,40,32
genmatrix,200,44,36
genmatrix,200,5,4
linpack,200,1017,1013
fastfouriertransform,200,722,717
fastfouriertransform,200,228,224
fetchdata,200,91,91
fastfouriertransform,200,13,8
fetchdata,200,90,90
matrixmul,200,18,12
genmatrix,200,39,29
linpack,200,817,812
linpack,200,521,516
matrixmul,200,21,14
fetchdata,200,89,89
fastfouriertransform,200,14,10
genmatrix,200,12,11
matrixmul,200,17,11
linpack,200,720,716
linpack,200,29,25
fetchdata,200,103,103
matrixmul,200,611,606
matrixmul,200,225,220
fetchdata,200,92,92
fetchdata,200,92,92
fastfouriertransform,200,706,702
fastfouriertransform,200,16,12
fetchdata,200,81,81
linpack,200,701,696
linpack,200,505,501
linpack,200,308,302
fetchdata,200,83,83
genmatrix,200,38,28
fetchdata,200,102,102
fetchdata,200,83,83
fetchdata,200,77,76
genmatrix,200,38,28
linpack,200,730,725
fastfouriertransform,200,738,732
fetchdata,200,103,103
fetchdata,200,81,81
fastfouriertransform,200,13,8
linpack,200,1135,1130
linpack,200,848,843
linpack,200,553,548
linpack,200,762,757
linpack,200,369,361
fastfouriertransform,200,12,7
fetchdata,200,80,80
matrixmul,200,17,11
genmatrix,200,9,8
linpack,200,992,987
linpack,200,895,891
fetchdata,200,88,88
fastfouriertransform,200,720,715
fastfouriertransform,200,128,123
matrixmul,200,569,564
matrixmul,200,481,475
fetchdata,200,91,90
linpack,200,1299,1294
genmatrix,200,39,29
genmatrix,200,36,28
genmatrix,200,8,7
fetchdata,200,96,95
matrixmul,200,829,823
linpack,200,1603,1600
linpack,200,706,702
linpack,200,216,212
fetchdata,200,78,78
fetchdata,200,90,90
matrixmul,200,1290,1273
matrixmul,200,192,186
matrixmul,200,19,13
matrixmul,200,20,14
fastfouriertransform,200,728,723
fetchdata,200,79,79
linpack,200,11,7
genmatrix,200,4,3
fetchdata,200,86,85
fastfouriertransform,200,1232,1229
fetchdata,200,88,88
matrixmul,200,567,562
matrixmul,200,479,473
linpack,200,716,712
genmatrix,200,10,9
fastfouriertransform,200,1636,1630
fetchdata,200,86,86
genmatrix,200,10,9
linpack,200,1017,1012
genmatrix,200,5,5
matrixmul,200,553,547
matrixmul,200,17,12
fastfouriertransform,200,1349,1345
fastfouriertransform,200,955,947
fetchdata,200,90,90
linpack,200,1514,1510
linpack,200,1225,1221
linpack,200,1030,1026
linpack,200,441,436
fastfouriertransform,200,1151,1146
fetchdata,200,78,77
genmatrix,200,44,38
genmatrix,200,7,7
linpack,200,931,926
fetchdata,200,89,88
fastfouriertransform,200,1056,1051
matrixmul,200,572,565
fastfouriertransform,200,11,7
fetchdata,200,89,89
genmatrix,200,11,10
linpack,200,1425,1421
linpack,502,25,20
fetchdata,200,88,88
genmatrix,200,38,29
genmatrix,200,4,4
matrixmul,200,17,11
genmatrix,200,40,33
linpack,200,2030,2026
linpack,200,1937,1932
linpack,200,1843,1839
genmatrix,200,44,34
matrixmul,200,17,11
matrixmul,200,17,11
genmatrix,200,10,8
linpack,200,1942,1938
linpack,200,1854,1849
linpack,200,1259,1254
linpack,200,665,660
fetchdata,200,80,80
fastfouriertransform,200,724,719
fastfouriertransform,200,531,527
fastfouriertransform,200,136,131
matrixmul,200,562,556
linpack,200,1169,1165
matrixmul,200,179,171
fetchdata,200,83,83
fetchdata,200,91,91
fastfouriertransform,200,15,11
genmatrix,200,12,11
linpack,200,1477,1472
linpack,200,1186,1181
linpack,200,790,785
fetchdata,200,97,97
fetchdata,200,84,84
matrixmul,200,22,15
fastfouriertransform,200,734,730
fastfouriertransform,200,141,137
fetchdata,200,95,95
fetchdata,200,92,92
linpack,200,1395,1391
linpack,200,1104,1099
linpack,200,508,505
genmatrix,200,36,28
matrixmul,200,17,11
fetchdata,200,86,86
genmatrix,200,43,34
matrixmul,200,585,580
matrixmul,200,98,92
fetchdata,200,81,80
fetchdata,200,79,78
linpack,200,700,696
genmatrix,200,39,29
fetchdata,200,101,101
genmatrix,200,8,7
linpack,200,720,715
fastfouriertransform,200,11,6
linpack,200,1302,1297
linpack,200,305,300
matrixmul,200,558,552
fetchdata,200,99,98
matrixmul,200,1023,1017
genmatrix,200,37,28
linpack,200,715,710
fetchdata,200,77,77
genmatrix,200,38,29
fastfouriertransform,200,684,679
genmatrix,200,5,5
matrixmul,200,1071,1066
matrixmul,200,485,479
matrixmul,200,694,690
linpack,200,13,8
fetchdata,200,91,91
linpack,200,11,7
fetchdata,200,78,78
fastfouriertransform,200,1291,1287
fastfouriertransform,200,600,596
genmatrix,200,42,31
matrixmul,200,26,19
fetchdata,200,134,134
linpack,200,40,36
matrixmul,200,16,11
fetchdata,200,95,95
fastfouriertransform,200,800,795
genmatrix,200,10,8
fastfouriertransform,200,15,11
linpack,200,12,7
linpack,200,12,7
matrixmul,200,580,568
fastfouriertransform,200,11,7
matrixmul,200,18,12
matrixmul,200,21,13
genmatrix,200,4,4
linpack,200,11,6
genmatrix,200,8,7
linpack,200,21,15
fastfouriertransform,200,739,735
matrixmul,200,19,13
genmatrix,200,5,4
fetchdata,200,85,85
matrixmul,200,18,12
genmatrix,200,42,34
fastfouriertransform,200,1161,1156
fetchdata,200,89,89
genmatrix,200,18,16
linpack,200,719,715
linpack,200,11,7
fetchdata,200,80,80
linpack,200,11,6
fastfouriertransform,200,1676,1672
fetchdata,200,85,85
genmatrix,200,4,4
matrixmul,200,568,562
matrixmul,200,18,12
linpack,200,715,710
genmatrix,200,10,8
fastfouriertransform,200,1807,1802
linpack,200,16,10
linpack,200,12,7
genmatrix,200,37,29
genmatrix,200,35,28
matrixmul,200,575,566
fetchdata,200,92,92
genmatrix,200,5,5
fastfouriertransform,200,1435,1431
fastfouriertransform,200,1338,1333
matrixmul,200,19,14
linpack,200,12,7
genmatrix,200,35,28
genmatrix,200,17,16
linpack,200,15,10
fastfouriertransform,200,865,860
fastfouriertransform,200,372,367
fetchdata,200,87,86
matrixmul,200,17,11
matrixmul,200,17,11
matrixmul,200,21,13
fetchdata,200,86,86
fastfouriertransform,200,2488,2484
linpack,200,764,759
linpack,200,270,265
genmatrix,200,4,4
linpack,200,730,726
linpack,200,638,633
linpack,200,243,238
fastfouriertransform,200,13,10
linpack,200,13,8
linpack,200,13,8
fetchdata,200,78,78
genmatrix,200,42,32
linpack,200,875,870
linpack,200,582,578
matrixmul,200,23,17
fetchdata,200,87,86
fastfouriertransform,200,12,7
matrixmul,200,19,13
matrixmul,200,17,11
matrixmul,200,25,17
fastfouriertransform,200,12,9
linpack,200,715,710
matrixmul,200,18,13
genmatrix,200,37,28
genmatrix,200,6,6
linpack,200,739,735
fetchdata,200,87,86
fastfouriertransform,200,717,713
fastfouriertransform,200,423,418
fastfouriertransform,200,231,226
fastfouriertransform,200,137,133
genmatrix,200,10,8
matrixmul,200,542,536
matrixmul,200,257,252
fetchdata,200,89,89
fastfouriertransform,200,12,7
linpack,200,12,7
genmatrix,200,4,4
matrixmul,200,574,568
fetchdata,200,96,95
fetchdata,200,81,81
fetchdata,200,77,77
matrixmul,200,1024,1019
matrixmul,200,437,431
fetchdata,200,85,85
fetchdata,200,78,78
matrixmul,200,1493,1487
matrixmul,200,603,597
fastfouriertransform,200,717,713
fetchdata,200,81,80
fastfouriertransform,200,11,7
linpack,200,711,706
linpack,200,708,702
fastfouriertransform,200,14,9
fetchdata,200,81,80
fastfouriertransform,200,12,6
matrixmul,200,759,753
matrixmul,200,372,365
linpack,200,11,6
matrixmul,200,21,15
linpack,200,91,86
fastfouriertransform,200,720,716
fastfouriertransform,200,527,523
fetchdata,200,79,79
genmatrix,200,6,5
genmatrix,200,5,4
linpack,200,735,729
fastfouriertransform,200,1132,1127
linpack,200,440,438
fastfouriertransform,200,838,833
genmatrix,200,4,3
linpack,200,13,7
linpack,200,715,711
linpack,200,322,316
fetchdata,200,91,91
matrixmul,200,563,556
matrixmul,200,173,167
matrixmul,200,86,81
matrixmul,200,59,53
genmatrix,200,36,29
genmatrix,200,244,32
fetchdata,200,89,88
fetchdata,200,83,82
genmatrix,200,37,28
matrixmul,200,568,563
matrixmul,200,378,372
fetchdata,200,89,89
fastfouriertransform,200,13,9
linpack,200,12,7
linpack,200,756,751
fetchdata,200,78,78
fetchdata,200,80,80
fetchdata,200,81,81
matrixmul,200,561,555
genmatrix,200,7,5
linpack,200,12,8
fetchdata,200,79,79
genmatrix,200,9,7
linpack,200,11,7
fastfouriertransform,200,751,747
fastfouriertransform,200,159,155
fetchdata,200,87,87
linpack,200,13,8
matrixmul,200,68,62
genmatrix,200,10,9
fastfouriertransform,200,11,7
fetchdata,200,90,90
fastfouriertransform,200,17,13
matrixmul,200,20,15
linpack,200,13,8
fetchdata,200,81,80
fetchdata,200,78,78
genmatrix,200,8,7
linpack,200,13,9
genmatrix,200,15,13
genmatrix,200,10,9
matrixmul,200,570,564
matrixmul,200,82,76
fetchdata,200,93,93
genmatrix,200,11,10
fastfouriertransform,200,13,9
fetchdata,200,92,91
linpack,200,717,713
matrixmul,200,562,556
fetchdata,200,91,90
genmatrix,200,45,28
linpack,200,15,10
fetchdata,200,87,86
genmatrix,200,8,8
fetchdata,200,80,80
linpack,200,13,9
matrixmul,200,556,550
matrixmul,200,271,261
genmatrix,200,10,9
matrixmul,200,19,13
fetchdata,200,82,82
genmatrix,200,4,3
fetchdata,200,81,80
matrixmul,200,577,570
fetchdata,200,99,99
fastfouriertransform,200,13,9
fastfouriertransform,200,11,7
fastfouriertransform,200,13,8
matrixmul,200,17,11
fetchdata,200,92,92
linpack,200,735,727
fetchdata,200,95,95
fetchdata,200,86,86
fastfouriertransform,200,11,7
fastfouriertransform,200,14,9
matrixmul,200,561,550
matrixmul,200,267,261
fastfouriertransform,200,11,6
genmatrix,200,40,32
genmatrix,200,4,3
linpack,200,719,715
linpack,200,12,7
matrixmul,200,23,14
fastfouriertransform,200,16,11
linpack,200,724,713
linpack,200,532,527
linpack,200,14,9
fetchdata,200,82,82
linpack,200,12,7
genmatrix,200,10,10
genmatrix,200,10,9
linpack,200,12,8
fetchdata,200,79,79
matrixmul,200,563,558
fastfouriertransform,200,727,723
fastfouriertransform,200,334,328
fastfouriertransform,200,243,239
fastfouriertransform,200,11,6
fetchdata,200,88,88
matrixmul,200,613,601
matrixmul,200,521,514
matrixmul,200,435,426
genmatrix,200,45,36
fastfouriertransform,200,15,10
fastfouriertransform,200,16,11
fetchdata,200,81,81
genmatrix,200,4,4
matrixmul,200,677,672
fastfouriertransform,200,16,10
genmatrix,200,44,34
linpack,200,17,11
fastfouriertransform,200,11,6
genmatrix,200,4,4
linpack,200,716,710
fetchdata,200,84,84
fetchdata,200,88,88
matrixmul,200,22,16
genmatrix,200,9,9
linpack,200,15,10
matrixmul,200,17,12
fetchdata,200,94,94
fastfouriertransform,200,15,7
genmatrix,200,5,4
linpack,200,706,701
fetchdata,200,81,81
linpack,200,705,700
genmatrix,200,41,28
linpack,200,15,11
genmatrix,200,10,7
fastfouriertransform,200,732,728
fastfouriertransform,200,240,236
genmatrix,200,40,28
matrixmul,200,561,554
matrixmul,200,271,264
fetchdata,200,96,96
linpack,200,69,64
fetchdata,200,77,77
fastfouriertransform,200,12,7
matrixmul,200,644,638
matrixmul,200,356,350
genmatrix,200,5,5
matrixmul,200,26,20
fetchdata,200,83,83
linpack,200,700,696
genmatrix,200,4,3
fastfouriertransform,200,15,11
genmatrix,200,11,9
genmatrix,200,9,8
fastfouriertransform,200,15,11
matrixmul,200,566,558
fastfouriertransform,200,18,13
linpack,200,12,7
fastfouriertransform,200,13,8
linpack,200,15,10
matrixmul,200,559,553
linpack,200,13,9
genmatrix,200,12,11
linpack,200,703,699
linpack,200,16,11
fastfouriertransform,200,745,741
linpack,200,106,101
fetchdata,200,78,78
matrixmul,200,565,559
matrixmul,200,74,68
fetchdata,200,78,78
genmatrix,200,10,8
matrixmul,200,24,18
fastfouriertransform,200,1056,1051
fastfouriertransform,200,64,59
fastfouriertransform,200,871,867
genmatrix,200,8,7
fetchdata,200,160,160
matrixmul,200,563,556
linpack,200,13,8
fetchdata,200,78,77
genmatrix,200,42,29
matrixmul,200,1009,1003
matrixmul,200,920,913
matrixmul,200,434,427
matrixmul,200,648,640
linpack,200,100,96
genmatrix,200,14,8
linpack,200,11,6
fastfouriertransform,200,716,711
matrixmul,200,593,587
fetchdata,200,89,89
genmatrix,200,8,7
genmatrix,200,44,34
matrixmul,200,1051,1045
matrixmul,200,964,958
fetchdata,200,77,77
fastfouriertransform,200,12,8
fetchdata,200,86,86
linpack,200,15,10
linpack,200,11,7
matrixmul,200,923,916
matrixmul,200,733,727
fetchdata,200,83,83
genmatrix,200,50,35
matrixmul,200,1085,1079
genmatrix,200,5,4
genmatrix,200,36,29
fetchdata,200,81,81
fastfouriertransform,200,741,737
matrixmul,200,1570,1563
matrixmul,200,1080,1074
matrixmul,200,692,686
matrixmul,200,835,829
matrixmul,200,346,341
linpack,200,711,707
linpack,200,216,212
fastfouriertransform,200,864,860
fetchdata,200,93,92
genmatrix,200,6,6
linpack,200,718,713
linpack,200,626,622
linpack,200,12,7
linpack,200,11,6
genmatrix,200,6,5
fastfouriertransform,200,1081,1076
fastfouriertransform,200,887,882
fastfouriertransform,200,193,188
linpack,200,13,9
linpack,200,12,7
matrixmul,200,569,564
matrixmul,200,481,475
linpack,200,11,6
linpack,200,12,7
linpack,200,16,11
linpack,200,12,7
genmatrix,200,4,4
matrixmul,200,573,566
genmatrix,200,11,10
fastfouriertransform,200,17,10
fetchdata,200,91,91
genmatrix,200,10,9
matrixmul,200,1047,1041
matrixmul,200,656,650
matrixmul,200,168,161
genmatrix,200,9,7
linpack,200,732,727
genmatrix,200,37,28
matrixmul,200,572,563
fastfouriertransform,200,739,734
fetchdata,200,91,91
fetchdata,200,88,87
fetchdata,200,81,81
fetchdata,200,80,80
matrixmul,200,17,11
matrixmul,200,16,11
fastfouriertransform,200,1258,1253
fastfouriertransform,200,1167,1162
fastfouriertransform,200,1075,1064
fetchdata,200,89,89
fastfouriertransform,200,885,880
fastfouriertransform,200,13,9
linpack,200,11,6
linpack,200,705,699
fastfouriertransform,200,12,7
matrixmul,200,582,576
matrixmul,200,296,290
fetchdata,200,89,89
genmatrix,200,51,36
fastfouriertransform,200,13,9
fastfouriertransform,200,13,8
fetchdata,200,80,80
genmatrix,200,4,3
matrixmul,200,753,747
matrixmul,200,34,30
genmatrix,200,44,33
matrixmul,200,22,15
genmatrix,200,40,31
matrixmul,200,17,11
matrixmul,200,17,11
genmatrix,200,10,9
linpack,200,19,13
genmatrix,200,49,37
linpack,200,11,7
fetchdata,200,82,82
genmatrix,200,7,7
fastfouriertransform,200,724,719
fastfouriertransform,200,219,9
fetchdata,200,100,100
fetchdata,200,100,100
linpack,200,11,7
linpack,200,15,10
matrixmul,200,578,572
matrixmul,200,291,284
matrixmul,200,203,196
fetchdata,200,77,77
fetchdata,200,76,76
genmatrix,200,4,4
linpack,200,712,707
fetchdata,200,92,91
matrixmul,200,23,17
fetchdata,200,79,78
matrixmul,200,16,11
linpack,200,12,7
fastfouriertransform,200,739,735
fetchdata,200,78,78
linpack,200,12,7
fetchdata,200,79,79
matrixmul,200,587,575
fetchdata,200,98,98
genmatrix,200,6,5
fastfouriertransform,200,1371,1366
linpack,200,11,6
matrixmul,200,1053,1046
linpack,200,11,6
genmatrix,200,42,30
genmatrix,200,44,32
fastfouriertransform,200,1088,1082
fastfouriertransform,200,195,189
matrixmul,200,1530,1504
matrixmul,200,833,828
matrixmul,200,143,131
matrixmul,200,756,750
fetchdata,200,77,77
fastfouriertransform,200,11,6
fetchdata,200,87,86
genmatrix,200,10,9
fetchdata,200,89,89
linpack,200,12,7
genmatrix,200,44,30
linpack,200,12,7
fastfouriertransform,200,723,718
matrixmul,200,21,15
linpack,200,15,10
fetchdata,200,83,83
genmatrix,200,41,28
genmatrix,200,43,31
linpack,200,13,8
fastfouriertransform,200,1244,1240
fastfouriertransform,200,347,343
fastfouriertransform,200,1159,1155
genmatrix,200,48,35
genmatrix,200,12,8
linpack,200,15,10
fastfouriertransform,200,12,6
matrixmul,200,21,15
genmatrix,200,45,37
fetchdata,200,99,99
fetchdata,200,93,93
linpack,200,716,710
fetchdata,200,82,82
genmatrix,200,4,4
fetchdata,200,98,98
genmatrix,200,43,35
matrixmul,200,573,566
linpack,200,13,7
genmatrix,200,48,36
genmatrix,200,14,9
linpack,200,13,7
matrixmul,200,835,829
matrixmul,200,745,738
fastfouriertransform,200,715,711
fastfouriertransform,200,121,116
genmatrix,200,4,4
fetchdata,200,93,92
fetchdata,200,79,79
matrixmul,200,802,795
genmatrix,200,8,7
matrixmul,200,515,508
genmatrix,200,8,7
linpack,200,12,6
fetchdata,200,91,91
linpack,200,730,726
fastfouriertransform,200,13,9
fastfouriertransform,200,13,7
fastfouriertransform,200,11,6
matrixmul,200,567,559
matrixmul,200,280,274
fetchdata,200,86,86
fetchdata,200,87,86
genmatrix,200,4,3
genmatrix,200,4,4
genmatrix,200,8,7
matrixmul,200,639,633
fastfouriertransform,200,735,730
fetchdata,200,95,95
matrixmul,200,21,16
genmatrix,200,40,28
fetchdata,200,88,88
fetchdata,200,95,95
fastfouriertransform,200,836,830
fastfouriertransform,200,339,334
fastfouriertransform,200,248,243
fastfouriertransform,200,55,49
linpack,200,15,10
linpack,200,11,7
matrixmul,200,19,13
fastfouriertransform,200,11,7
genmatrix,200,4,3
matrixmul,200,32,27
fetchdata,200,90,89
fastfouriertransform,200,12,7
matrixmul,200,17,11
fastfouriertransform,200,11,6
genmatrix,200,10,8
genmatrix,200,6,6
matrixmul,200,22,14
fetchdata,200,90,90
linpack,200,12,7
fastfouriertransform,200,11,6
fetchdata,200,90,90
fetchdata,200,93,93
genmatrix,200,258,39
fetchdata,200,89,89
linpack,200,12,7
matrixmul,200,16,10
fastfouriertransform,200,12,8
fetchdata,200,109,109
linpack,200,21,16
fetchdata,200,79,79
genmatrix,200,42,28
fastfouriertransform,200,15,10
linpack,200,19,11
matrixmul,200,575,570
linpack,200,15,9
fastfouriertransform,200,12,6
genmatrix,200,4,4
linpack,200,13,7
linpack,200,18,10
matrixmul,200,1029,1023
fastfouriertransform,200,18,14
linpack,200,720,715
fastfouriertransform,200,12,7
linpack,200,27,22
matrixmul,200,558,552
linpack,200,13,8
genmatrix,200,11,9
fetchdata,200,81,81
genmatrix,200,38,29
matrixmul,200,908,899
matrixmul,200,753,712
fetchdata,200,81,81
fastfouriertransform,200,16,12
linpack,200,55,49
fetchdata,200,79,79
linpack,200,708,703
matrixmul,200,36,29
matrixmul,200,20,13
fastfouriertransform,200,708,703
genmatrix,200,4,3
genmatrix,200,5,4
linpack,200,707,702
linpack,200,215,210
linpack,200,14,9
linpack,200,726,720
linpack,200,430,426
fetchdata,200,90,90
genmatrix,200,9,8
linpack,200,18,7
fastfouriertransform,200,1217,1211
matrixmul,200,17,11
fetchdata,200,90,90
fetchdata,200,94,94
matrixmul,200,19,13
matrixmul,200,24,18
linpack,200,11,6
fastfouriertransform,200,725,720
genmatrix,200,37,28
fetchdata,200,85,85
fastfouriertransform,200,11,7
fetchdata,200,102,102
fastfouriertransform,200,13,8
linpack,200,12,7
genmatrix,200,4,3
genmatrix,200,4,4
genmatrix,200,44,33
fastfouriertransform,200,16,10
matrixmul,200,572,565
genmatrix,200,10,8
genmatrix,200,38,29
linpack,200,11,6
matrixmul,200,21,14
genmatrix,200,6,5
matrixmul,200,17,12
fastfouriertransform,200,718,714
fetchdata,200,132,132
fetchdata,200,108,107
linpack,200,14,9
fetchdata,200,84,84
fastfouriertransform,200,1227,1221
fastfouriertransform,200,633,629
fastfouriertransform,200,539,536
fastfouriertransform,200,347,342
fetchdata,200,81,80
linpack,200,19,13
genmatrix,200,10,9
matrixmul,200,580,574
matrixmul,200,496,281
matrixmul,200,213,196
matrixmul,200,27,13
genmatrix,200,9,7
fastfouriertransform,200,11,7
genmatrix,200,5,4
linpack,200,15,10
fastfouriertransform,200,14,9
fetchdata,200,85,85
genmatrix,200,9,7
genmatrix,200,9,8
fetchdata,200,77,77
fastfouriertransform,200,733,728
linpack,200,729,723
fetchdata,200,89,89
fetchdata,200,78,78
fastfouriertransform,200,1346,1342
matrixmul,200,579,572
matrixmul,200,88,81
fetchdata,200,81,81
genmatrix,200,49,33
linpack,200,1135,1130
linpack,200,1042,1037
matrixmul,200,18,11
genmatrix,200,4,4
fastfouriertransform,200,1670,1665
fetchdata,200,79,79
fetchdata,200,90,89
matrixmul,200,33,28
fetchdata,200,105,104
genmatrix,200,5,4
linpack,200,1550,1539
linpack,200,1358,1353
genmatrix,200,10,9
fastfouriertransform,200,1186,1180
fastfouriertransform,200,1092,1088
fastfouriertransform,200,298,292
fastfouriertransform,200,12,7
fastfouriertransform,200,13,7
fetchdata,200,85,84
matrixmul,200,20,13
linpack,200,717,713
linpack,200,125,120
fetchdata,200,78,77
genmatrix,200,9,7
genmatrix,200,13,11
genmatrix,200,16,11
fetchdata,200,77,77
fastfouriertransform,200,721,717
fetchdata,200,78,77
linpack,200,12,7
fetchdata,200,78,78
matrixmul,200,550,543
fetchdata,200,89,89
fetchdata,200,87,87
genmatrix,200,9,7
genmatrix,200,7,6
matrixmul,200,562,553
matrixmul,200,474,468
fastfouriertransform,200,18,13
genmatrix,200,41,31
linpack,200,712,706
linpack,200,118,113
fetchdata,200,94,94
fetchdata,200,88,88
fetchdata,200,85,85
matrixmul,200,23,17
fastfouriertransform,200,16,11
genmatrix,200,11,10
fetchdata,200,85,85
linpack,200,11,6
linpack,200,15,9
matrixmul,200,562,556
fetchdata,200,92,92
fastfouriertransform,200,732,728
fastfouriertransform,200,641,637
fastfouriertransform,200,547,542
fastfouriertransform,200,456,451
fastfouriertransform,200,160,155
fastfouriertransform,200,15,10
fastfouriertransform,200,12,7
matrixmul,200,566,559
matrixmul,200,79,73
matrixmul,200,20,14
linpack,200,718,708
fetchdata,200,91,91
matrixmul,200,17,11
fastfouriertransform,200,718,713
fastfouriertransform,200,627,623
genmatrix,200,4,4
fetchdata,200,98,97
genmatrix,200,9,8
matrixmul,200,564,558
matrixmul,200,376,370
fetchdata,200,78,78
linpack,200,11,6
linpack,200,11,7
genmatrix,200,10,9
fastfouriertransform,200,820,815
matrixmul,200,42,35
matrixmul,200,24,16
matrixmul,200,17,11
matrixmul,200,17,11
linpack,200,15,9
linpack,200,14,9
matrixmul,200,25,19
genmatrix,200,11,10
fastfouriertransform,200,710,705
genmatrix,200,39,28
fetchdata,200,89,88
genmatrix,200,48,38
fetchdata,200,83,83
linpack,200,702,696
genmatrix,200,4,4
matrixmul,200,572,566
matrixmul,200,84,77
genmatrix,200,39,28
fetchdata,200,86,86
fastfouriertransform,200,17,12
fetchdata,200,87,87
linpack,200,1210,1205
linpack,200,116,111
fastfouriertransform,200,11,6
genmatrix,200,4,3
fetchdata,200,84,84
genmatrix,200,46,35
fastfouriertransform,200,12,7
genmatrix,200,40,29
linpack,200,706,701
matrixmul,200,17,11
genmatrix,200,8,8
matrixmul,200,20,13
fastfouriertransform,200,11,7
fetchdata,200,79,79
linpack,200,1104,1098
linpack,200,611,605
linpack,200,720,715
fetchdata,200,85,85
fetchdata,200,86,86
fetchdata,200,79,79
linpack,200,711,707
linpack,200,519,513
fastfouriertransform,200,739,734
fastfouriertransform,200,1515,1505
fastfouriertransform,200,935,927
fastfouriertransform,200,839,831
fastfouriertransform,200,151,143
fastfouriertransform,200,1250,1242
genmatrix,200,1518,1518
genmatrix,200,34,33
fastfouriertransform,200,10,7
genmatrix,200,11,9
linpack,200,1724,1715
genmatrix,200,44,29
linpack,200,1472,1464
fetchdata,200,2717,2716
fetchdata,200,1797,1796
fastfouriertransform,200,609,605
fastfouriertransform,200,822,601
fastfouriertransform,200,527,524
fastfouriertransform,200,115,106
fetchdata,200,2262,2262
fastfouriertransform,200,17,7
fetchdata,200,1460,1459
fetchdata,200,233,233
genmatrix,200,9,7
genmatrix,200,4,3
linpack,200,2316,2308
genmatrix,200,8,7
fetchdata,200,78,78
genmatrix,200,35,28
fastfouriertransform,200,628,623
fastfouriertransform,200,37,34
fetchdata,200,76,76
fetchdata,200,76,76
linpack,200,1981,1974
matrixmul,200,2574,2564
matrixmul,200,1797,1794
matrixmul,200,2210,2206
genmatrix,200,36,28
genmatrix,200,4,4
fetchdata,200,78,77
genmatrix,200,8,7
matrixmul,200,519,513
genmatrix,200,5,5
linpack,200,4215,4207
linpack,200,3818,3809
linpack,200,3729,3721
fetchdata,200,77,77
genmatrix,200,4,4
genmatrix,200,4,3
fetchdata,200,78,78
linpack,200,2682,2676
linpack,200,2590,2585
linpack,200,1089,1085
linpack,200,29,25
matrixmul,200,521,516
matrixmul,200,439,433
genmatrix,200,40,28
genmatrix,200,4,3
fetchdata,200,80,80
matrixmul,200,17,11
fastfouriertransform,200,13,10
linpack,200,654,650
fetchdata,200,83,83
linpack,200,648,643
fetchdata,200,82,82
matrixmul,200,17,11
matrixmul,200,16,11
matrixmul,200,18,11
genmatrix,200,53,42
fastfouriertransform,200,644,640
fastfouriertransform,200,247,243
fastfouriertransform,200,152,148
genmatrix,200,5,5
genmatrix,200,12,10
fetchdata,200,85,85
fastfouriertransform,200,11,7
genmatrix,200,58,42
fetchdata,200,84,84
linpack,200,687,684
fastfouriertransform,200,11,6
genmatrix,200,50,43
linpack,200,11,7
fetchdata,200,84,84
genmatrix,200,5,5
linpack,200,11,7
fastfouriertransform,200,12,7
genmatrix,200,11,10
fastfouriertransform,200,11,8
genmatrix,200,11,10
fetchdata,200,83,83
fetchdata,200,82,81
fastfouriertransform,200,15,7
matrixmul,200,22,17
linpack,200,11,7
fetchdata,200,85,85
matrixmul,200,38,17
fetchdata,200,84,84
linpack,200,12,7
matrixmul,200,22,17
linpack,200,15,10
fetchdata,200,83,82
genmatrix,200,12,10
genmatrix,200,11,9
fastfouriertransform,200,11,7
fetchdata,200,85,85
genmatrix,200,5,4
linpack,200,14,10
fetchdata,200,84,84
fetchdata,200,82,82
fastfouriertransform,200,10,7
linpack,200,746,742
fastfouriertransform,200,11,7
fastfouriertransform,200,11,7
genmatrix,200,5,4
linpack,200,107,103
genmatrix,200,51,43
matrixmul,200,23,17
linpack,200,14,10
linpack,200,21,10
matrixmul,200,22,17
fetchdata,200,84,84
fastfouriertransform,200,14,10
matrixmul,200,556,551
fastfouriertransform,200,13,10
fastfouriertransform,200,13,9
genmatrix,200,5,4
matrixmul,200,782,776
fetchdata,200,84,84
fetchdata,200,82,82
genmatrix,200,11,10
fetchdata,200,85,84
matrixmul,200,1195,1190
matrixmul,200,1102,1096
matrixmul,200,816,810
matrixmul,200,427,422
matrixmul,200,36,30
matrixmul,200,350,344
fastfouriertransform,200,14,10
linpack,200,14,10
fastfouriertransform,200,14,10
fetchdata,200,85,84
fetchdata,200,84,84
fastfouriertransform,200,15,11
matrixmul,200,522,517
matrixmul,200,236,230
linpack,200,25,10
fetchdata,200,84,84
matrixmul,200,646,640
fetchdata,200,82,82
linpack,200,15,10
linpack,200,14,10
genmatrix,200,5,4
fastfouriertransform,200,15,10
matrixmul,200,1066,1060
matrixmul,200,980,974
matrixmul,200,784,779
matrixmul,200,101,96
linpack,200,14,10
fastfouriertransform,200,14,10
fastfouriertransform,200,14,10
fastfouriertransform,200,13,9
fastfouriertransform,200,13,9
fetchdata,200,84,84
fastfouriertransform,200,14,9
fetchdata,200,84,84
linpack,200,15,10
linpack,200,14,10
matrixmul,200,16,11
linpack,200,15,11
genmatrix,200,5,4
genmatrix,200,5,4
genmatrix,200,11,10
fetchdata,200,83,83
genmatrix,200,11,10
genmatrix,200,4,4
linpack,200,708,704
linpack,200,15,11
fastfouriertransform,200,14,10
linpack,200,15,10
fetchdata,200,85,85
genmatrix,200,12,11
fastfouriertransform,200,851,633
fastfouriertransform,200,256,252
fetchdata,200,86,85
linpack,200,15,10
genmatrix,200,53,43
linpack,200,654,650
linpack,200,13,7
fastfouriertransform,200,11,7
genmatrix,200,5,5
fastfouriertransform,200,10,7
linpack,200,11,6
genmatrix,200,11,10
linpack,200,11,7
linpack,200,672,668
genmatrix,200,5,4
genmatrix,200,56,42
fastfouriertransform,200,11,6
fastfouriertransform,200,11,7
genmatrix,200,5,4
genmatrix,200,5,4
matrixmul,200,619,613
fastfouriertransform,200,12,7
fastfouriertransform,200,11,7
fetchdata,200,84,84
matrixmul,200,941,936
matrixmul,200,548,542
matrixmul,200,462,456
linpack,200,11,7
fetchdata,200,84,84
fetchdata,200,83,83
genmatrix,200,65,10
fastfouriertransform,200,611,607
fetchdata,200,85,84
fetchdata,200,83,83
linpack,200,108,103
fetchdata,200,85,85
fastfouriertransform,200,711,708
fetchdata,200,82,82
matrixmul,200,40,34
fetchdata,200,84,84
genmatrix,200,12,10
linpack,200,676,672
fetchdata,200,85,84
fetchdata,200,83,82
fastfouriertransform,200,1019,1015
fetchdata,200,84,84
genmatrix,200,5,4
fetchdata,200,84,84
fastfouriertransform,200,638,634
fetchdata,200,82,82
genmatrix,200,11,10
matrixmul,200,554,549
genmatrix,200,53,43
fastfouriertransform,200,1145,1141
genmatrix,200,5,5
linpack,200,683,678
linpack,200,652,648
genmatrix,200,53,42
genmatrix,200,10,9
fastfouriertransform,200,1050,1045
fastfouriertransform,200,364,360
fastfouriertransform,200,663,659
genmatrix,200,5,5
matrixmul,200,16,11
linpack,200,927,923
linpack,200,233,228
linpack,200,796,792
linpack,200,497,493
linpack,200,11,7
fetchdata,200,84,84
fastfouriertransform,200,608,604
matrixmul,200,16,11
genmatrix,200,56,42
genmatrix,200,50,37
fastfouriertransform,200,11,6
genmatrix,200,51,39
genmatrix,200,50,40
genmatrix,200,55,43
fetchdata,200,84,83
matrixmul,200,521,515
matrixmul,200,437,431
matrixmul,200,151,146
matrixmul,200,56,50
fetchdata,200,85,84
matrixmul,200,114,109
genmatrix,200,5,4
matrixmul,200,16,11
linpack,200,108,103
genmatrix,200,11,10
linpack,200,741,736
fastfouriertransform,200,612,607
fetchdata,200,87,86
fetchdata,200,84,84
linpack,200,15,10
matrixmul,200,524,517
matrixmul,200,341,336
genmatrix,200,5,5
fetchdata,200,84,84
fastfouriertransform,200,606,601
fastfouriertransform,200,315,310
fastfouriertransform,200,18,13
fetchdata,200,84,84
linpack,200,14,10
linpack,200,663,658
linpack,200,106,102
fetchdata,200,84,84
fastfouriertransform,200,12,7
matrixmul,200,558,553
fetchdata,200,85,85
fastfouriertransform,200,11,7
matrixmul,200,873,868
matrixmul,200,784,778
fetchdata,200,91,90
matrixmul,200,495,490
matrixmul,200,17,11
matrixmul,200,17,11
linpack,200,111,106
matrixmul,200,76,71
linpack,200,771,766
fetchdata,200,84,84
genmatrix,200,6,6
linpack,200,677,673
genmatrix,200,51,42
linpack,200,647,642
fetchdata,200,84,84
genmatrix,200,5,4
matrixmul,200,611,605
matrixmul,200,319,313
matrixmul,200,132,127
genmatrix,200,11,10
genmatrix,200,48,40
fastfouriertransform,200,12,7
linpack,200,1191,1187
fetchdata,200,85,85
matrixmul,200,116,110
fetchdata,200,84,84
fetchdata,200,84,84
genmatrix,200,51,43
fastfouriertransform,200,11,7
linpack,200,11,7
fastfouriertransform,200,11,7
matrixmul,200,523,517
genmatrix,200,12,10
linpack,200,107,102
matrixmul,200,1246,1030
fetchdata,200,129,129
fetchdata,200,113,113
fastfouriertransform,200,640,635
genmatrix,200,52,42
matrixmul,200,1357,1352
matrixmul,200,767,761
fetchdata,200,85,84
fetchdata,200,85,85
linpack,200,41,37
fastfouriertransform,200,608,603
linpack,200,11,6
matrixmul,200,889,884
matrixmul,200,194,188
fastfouriertransform,200,11,7
matrixmul,200,2113,2107
matrixmul,200,1125,1118
matrixmul,200,441,436
matrixmul,200,348,342
fetchdata,200,86,85
genmatrix,200,11,10
fastfouriertransform,200,608,604
matrixmul,200,668,662
linpack,200,15,11
genmatrix,200,5,4
fastfouriertransform,200,615,610
fastfouriertransform,200,521,518
fastfouriertransform,200,229,224
fastfouriertransform,200,135,130
matrixmul,200,879,874
fetchdata,200,84,84
fastfouriertransform,200,11,6
fetchdata,200,82,82
fetchdata,200,82,82
fastfouriertransform,200,11,6
fetchdata,200,82,82
matrixmul,200,1296,1291
genmatrix,200,11,10
fetchdata,200,84,84
linpack,200,14,10
fastfouriertransform,200,11,6
genmatrix,200,5,4
linpack,200,14,10
genmatrix,200,55,43
fetchdata,200,86,86
linpack,200,15,10
fetchdata,200,88,88
genmatrix,200,55,42
matrixmul,200,527,517
linpack,200,44,40
linpack,200,15,10
genmatrix,200,49,43
matrixmul,200,17,11
genmatrix,200,5,4
linpack,200,15,10
genmatrix,200,5,4
genmatrix,200,49,40
fetchdata,200,85,85
matrixmul,200,523,518
matrixmul,200,228,15
fetchdata,200,83,83
linpack,200,21,16
genmatrix,200,49,41
fastfouriertransform,200,647,642
genmatrix,200,5,4
matrixmul,200,523,518
matrixmul,200,135,128
matrixmul,200,44,38
linpack,200,683,679
linpack,200,11,7
linpack,200,697,685
genmatrix,200,5,4
fastfouriertransform,200,610,605
genmatrix,200,11,10
genmatrix,200,10,9
matrixmul,200,524,518
matrixmul,200,237,231
linpack,200,11,7
genmatrix,200,54,41
fastfouriertransform,200,710,705
fastfouriertransform,200,16,11
fetchdata,200,85,85
fetchdata,200,82,82
linpack,200,14,9
fastfouriertransform,200,11,6
genmatrix,200,5,4
matrixmul,200,524,518
matrixmul,200,339,333
fetchdata,200,83,83
matrixmul,200,757,751
matrixmul,200,467,461
matrixmul,200,178,168
matrixmul,200,17,11
genmatrix,200,55,42
linpack,200,650,646
genmatrix,200,12,10
linpack,200,651,646
fetchdata,200,84,84
fetchdata,200,83,83
fastfouriertransform,200,11,7
linpack,200,12,6
matrixmul,200,523,517
fetchdata,200,84,84
fetchdata,200,83,82
linpack,200,1093,1088
linpack,200,11,7
fastfouriertransform,200,12,8
genmatrix,200,5,5
genmatrix,200,5,4
matrixmul,200,524,518
genmatrix,200,5,4
linpack,200,11,7
genmatrix,200,5,4
linpack,200,649,644
fastfouriertransform,200,14,10
genmatrix,200,52,42
fetchdata,200,84,84
matrixmul,200,17,11
fastfouriertransform,200,14,10
genmatrix,200,11,10
genmatrix,200,5,4
linpack,200,16,10
matrixmul,200,626,620
matrixmul,200,332,326
matrixmul,200,148,141
fastfouriertransform,200,648,643
fetchdata,200,84,84
genmatrix,200,5,4
fetchdata,200,84,83
linpack,200,14,10
linpack,200,14,9
fastfouriertransform,200,1053,1049
fastfouriertransform,200,750,745
genmatrix,200,50,43
linpack,200,691,687
linpack,200,11,6
fastfouriertransform,200,106,102
fastfouriertransform,200,13,9
linpack,200,718,713
matrixmul,200,619,613
fetchdata,200,84,84
fastfouriertransform,200,12,6
fetchdata,200,84,84
linpack,200,11,6
fetchdata,200,84,84
matrixmul,200,933,927
genmatrix,200,5,4
fetchdata,200,86,86
genmatrix,200,58,42
matrixmul,200,552,545
matrixmul,200,62,56
fetchdata,200,85,85
linpack,200,11,6
linpack,200,648,644
fetchdata,200,84,84
fastfouriertransform,200,11,7
fetchdata,200,84,83
fetchdata,200,82,82
fetchdata,200,81,81
fastfouriertransform,200,11,6
genmatrix,200,54,42
matrixmul,200,22,16
matrixmul,200,20,15
genmatrix,200,49,42
linpack,200,11,6
linpack,200,646,642
fastfouriertransform,200,11,6
genmatrix,200,52,42
genmatrix,200,4,4
matrixmul,200,650,644
linpack,200,11,6
fastfouriertransform,200,634,629
fastfouriertransform,200,337,333
fastfouriertransform,200,147,142
genmatrix,200,51,42
fastfouriertransform,200,10,6
matrixmul,200,971,965
matrixmul,200,17,11
fetchdata,200,84,84
matrixmul,200,525,519
matrixmul,200,334,328
matrixmul,200,246,240
genmatrix,200,50,43
fastfouriertransform,200,11,6
genmatrix,200,12,10
matrixmul,200,667,661
genmatrix,200,11,10
linpack,200,14,10
matrixmul,200,1080,1074
fastfouriertransform,200,612,608
fetchdata,200,86,86
genmatrix,200,51,43
matrixmul,200,1213,1197
matrixmul,200,1113,1107
matrixmul,200,123,116
matrixmul,200,36,28
matrixmul,200,444,438
fetchdata,200,84,84
linpack,200,686,681
linpack,200,11,6
fastfouriertransform,200,1112,1108
genmatrix,200,12,10
matrixmul,200,17,11
linpack,200,11,6
fetchdata,200,88,87
linpack,200,12,7
fastfouriertransform,200,1519,1514
fastfouriertransform,200,322,317
fastfouriertransform,200,11,6
fetchdata,200,86,86
genmatrix,200,50,42
genmatrix,200,10,8
linpack,200,647,642
fastfouriertransform,200,608,604
fastfouriertransform,200,515,510
fetchdata,200,92,92
linpack,200,11,7
linpack,200,14,10
matrixmul,200,525,519
matrixmul,200,239,233
fetchdata,200,85,85
genmatrix,200,11,10
genmatrix,200,47,40
genmatrix,200,5,4
genmatrix,200,51,43
genmatrix,200,46,34
linpack,200,11,7
matrixmul,200,17,11
matrixmul,200,50,44
genmatrix,200,60,42
fetchdata,200,85,85
matrixmul,200,523,517
fetchdata,200,81,81
linpack,200,649,645
genmatrix,200,56,42
matrixmul,502,46,42
matrixmul,200,744,738
matrixmul,200,455,449
matrixmul,200,371,365
matrixmul,200,174,168
fetchdata,200,84,84
fastfouriertransform,200,11,6
linpack,200,12,6
genmatrix,200,5,5
matrixmul,200,17,11
fastfouriertransform,200,11,6
fetchdata,200,85,85
fetchdata,200,83,83
genmatrix,200,52,43
linpack,200,678,673
matrixmul,200,524,518
matrixmul,200,319,314
genmatrix,200,51,43
matrixmul,200,17,11
genmatrix,200,5,5
fastfouriertransform,200,611,606
fastfouriertransform,200,216,212
fastfouriertransform,200,125,120
linpack,200,687,682
fetchdata,200,84,84
genmatrix,200,5,4
fastfouriertransform,200,612,606
fastfouriertransform,200,512,507
genmatrix,200,12,10
matrixmul,200,17,11
fetchdata,200,84,84
matrixmul,200,22,16
fetchdata,200,84,83
fastfouriertransform,200,1017,1012
fetchdata,200,85,85
linpack,200,11,6
fetchdata,200,85,85
linpack,200,11,6
fetchdata,200,83,83
genmatrix,200,11,10
fastfouriertransform,200,1340,1336
genmatrix,200,49,40
linpack,200,656,650
genmatrix,200,46,39
linpack,200,11,7
genmatrix,200,48,41
fastfouriertransform,200,1848,1842
genmatrix,200,44,38
matrixmul,200,23,16
genmatrix,200,10,8
genmatrix,200,5,4
fastfouriertransform,200,1050,1045
genmatrix,200,52,41
genmatrix,200,45,36
genmatrix,200,4,4
matrixmul,200,579,573
matrixmul,200,396,379
fastfouriertransform,200,1349,1345
fastfouriertransform,200,662,658
fastfouriertransform,200,59,54
fastfouriertransform,200,11,6
fetchdata,200,83,83
genmatrix,200,5,4
matrixmul,200,526,519
fetchdata,200,82,82
genmatrix,200,50,42
fetchdata,200,85,85
fastfouriertransform,200,11,6
matrixmul,200,745,739
matrixmul,200,43,37
genmatrix,200,12,10
fetchdata,200,131,131
matrixmul,200,16,11
fastfouriertransform,200,610,605
fetchdata,200,84,83
linpack,200,682,677
genmatrix,200,5,5
genmatrix,200,11,10
genmatrix,200,53,40
genmatrix,200,4,4
matrixmul,200,17,11
fetchdata,200,83,83
linpack,200,825,821
linpack,200,729,725
matrixmul,200,33,27
genmatrix,200,5,5
matrixmul,200,17,11
genmatrix,200,53,43
genmatrix,200,51,42
genmatrix,200,42,34
matrixmul,200,16,11
genmatrix,200,5,4
fetchdata,200,84,84
fastfouriertransform,200,608,604
fastfouriertransform,200,15,9
fastfouriertransform,200,11,6
matrixmul,200,16,11
genmatrix,200,51,42
matrixmul,200,16,11
linpack,200,651,646
linpack,200,555,551
fetchdata,200,84,84
matrixmul,200,17,11
linpack,200,11,7
genmatrix,200,50,42
fastfouriertransform,200,608,604
fastfouriertransform,200,413,408
fetchdata,200,87,87
matrixmul,200,576,562
genmatrix,200,5,5
genmatrix,200,5,5
linpack,200,652,648
linpack,200,557,552
fetchdata,200,85,85
fastfouriertransform,200,609,603
fastfouriertransform,200,12,7
genmatrix,200,56,43
genmatrix,200,4,4
matrixmul,200,524,519
linpack,200,899,893
fetchdata,200,84,84
fetchdata,200,84,84
linpack,200,106,101
matrixmul,200,546,540
matrixmul,200,363,357
fetchdata,200,85,85
linpack,200,12,7
fetchdata,200,86,86
fetchdata,200,82,81
genmatrix,200,5,5
fastfouriertransform,200,608,603
fastfouriertransform,200,312,308
linpack,200,12,7
genmatrix,200,5,4
fetchdata,200,86,86
genmatrix,200,5,4
fastfouriertransform,200,11,6
fastfouriertransform,200,11,6
fetchdata,200,85,85
genmatrix,200,5,5
fetchdata,200,86,86
matrixmul,200,16,11
fastfouriertransform,200,629,624
fastfouriertransform,200,229,225
fastfouriertransform,200,36,31
linpack,200,11,7
linpack,200,66,62
linpack,200,12,7
fastfouriertransform,200,607,602
matrixmul,200,525,519
matrixmul,200,17,11
fastfouriertransform,200,913,908
fastfouriertransform,200,425,421
linpack,200,649,644
linpack,200,11,6
matrixmul,200,545,540
matrixmul,200,457,451
matrixmul,200,268,262
genmatrix,200,51,43
linpack,200,27,22
genmatrix,200,12,10
fastfouriertransform,200,726,722
linpack,200,11,7
genmatrix,200,11,10
linpack,200,11,7
matrixmul,200,114,107
linpack,200,11,7
fastfouriertransform,200,1129,1117
fastfouriertransform,200,935,724
fastfouriertransform,200,144,140
fetchdata,200,84,84
matrixmul,200,17,12
genmatrix,200,11,10
matrixmul,200,526,521
fetchdata,200,85,84
fastfouriertransform,200,609,605
fastfouriertransform,200,110,105
matrixmul,200,947,941
matrixmul,200,854,848
matrixmul,200,367,361
genmatrix,200,5,5
linpack,200,15,10
linpack,200,14,9
fastfouriertransform,200,614,609
fastfouriertransform,200,520,516
matrixmul,200,1189,1182
genmatrix,200,53,42
matrixmul,200,121,115
genmatrix,200,5,4
linpack,200,697,688
fastfouriertransform,200,623,619
fetchdata,200,85,85
matrixmul,200,16,11
fastfouriertransform,200,930,925
linpack,200,844,839
linpack,200,650,645
matrixmul,200,92,86
genmatrix,200,5,4
fastfouriertransform,200,938,933
fetchdata,200,84,84
linpack,200,893,888
linpack,200,698,694
linpack,200,505,500
genmatrix,200,11,10
linpack,200,411,407
linpack,200,320,314
genmatrix,200,4,4
fetchdata,200,84,84
linpack,200,11,7
matrixmul,200,22,17
fastfouriertransform,200,1340,1335
fetchdata,200,84,84
fastfouriertransform,200,11,7
linpack,200,107,101
fetchdata,200,84,84
genmatrix,200,64,43
genmatrix,200,45,35
linpack,200,11,6
matrixmul,200,559,553
fastfouriertransform,200,11,6
fetchdata,200,85,85
fastfouriertransform,200,12,7
matrixmul,200,978,972
matrixmul,200,92,85
fetchdata,200,85,85
fastfouriertransform,200,611,605
matrixmul,200,526,520
genmatrix,200,50,43
linpack,200,648,644
genmatrix,200,5,4
fastfouriertransform,200,609,605
matrixmul,200,853,847
matrixmul,200,564,559
fetchdata,200,86,85
fastfouriertransform,200,11,7
genmatrix,200,5,4
linpack,200,696,691
linpack,200,596,592
linpack,200,303,298
fetchdata,200,85,85
genmatrix,200,11,10
fastfouriertransform,200,12,7
matrixmul,200,17,11
matrixmul,200,17,11
fetchdata,200,85,85
linpack,200,12,6
fetchdata,200,85,85
linpack,200,20,6
genmatrix,200,5,4
matrixmul,200,17,11
fastfouriertransform,200,615,610
fetchdata,200,86,86
linpack,200,653,643
genmatrix,200,5,5
matrixmul,200,525,518
matrixmul,200,135,129
matrixmul,200,17,11
fastfouriertransform,200,1123,1118
fetchdata,200,97,97
linpack,200,1197,1192
genmatrix,200,5,4
genmatrix,200,5,5
fastfouriertransform,200,1121,1117
fastfouriertransform,200,32,27
matrixmul,200,577,572
genmatrix,200,11,10
linpack,200,941,936
linpack,200,844,839
linpack,200,254,249
fetchdata,200,88,88
genmatrix,200,5,4
fastfouriertransform,200,2270,2265
fetchdata,200,91,91
fetchdata,200,91,90
linpack,200,11,7
fastfouriertransform,200,2476,2472
fastfouriertransform,200,1178,1174
fastfouriertransform,200,783,778
fastfouriertransform,200,387,383
linpack,200,11,6
genmatrix,200,5,4
matrixmul,200,529,523
matrixmul,200,338,333
matrixmul,200,17,11
genmatrix,200,11,10
genmatrix,200,51,43
linpack,200,744,740
linpack,200,246,241
matrixmul,200,526,521
genmatrix,200,12,10
fastfouriertransform,200,612,607
fastfouriertransform,200,422,416
linpack,200,23,18
fastfouriertransform,200,227,223
fastfouriertransform,200,129,125
matrixmul,200,547,542
linpack,200,12,7
linpack,200,11,7
fetchdata,200,97,96
matrixmul,200,525,519
fastfouriertransform,200,612,607
fetchdata,200,86,86
linpack,200,650,645
linpack,200,558,553
fetchdata,200,86,86
linpack,200,52,47
linpack,200,12,6
fastfouriertransform,200,722,718
genmatrix,200,11,10
genmatrix,200,10,9
matrixmul,200,555,549
genmatrix,200,5,5
linpack,200,101,96
genmatrix,200,5,4
fastfouriertransform,200,1229,1224
fastfouriertransform,200,1139,1135
linpack,200,11,6
matrixmul,200,573,568
genmatrix,200,52,43
linpack,200,11,6
genmatrix,200,5,4
fetchdata,200,89,89
matrixmul,200,593,586
linpack,200,215,7
genmatrix,200,50,43
matrixmul,200,17,12
linpack,200,12,8
genmatrix,200,5,5
matrixmul,200,17,11
genmatrix,200,5,4
genmatrix,200,11,10
fastfouriertransform,200,609,605
fetchdata,200,86,86
genmatrix,200,12,10
linpack,200,748,743
linpack,200,554,549
fetchdata,200,87,87
fetchdata,200,86,86
linpack,200,14,10
linpack,200,14,9
genmatrix,200,50,42
fetchdata,200,86,86
fastfouriertransform,200,609,605
matrixmul,200,17,11
fastfouriertransform,200,514,509
fetchdata,200,90,90
linpack,200,15,10
matrixmul,200,115,109
fetchdata,200,89,88
genmatrix,200,11,10
matrixmul,200,532,526
matrixmul,200,247,241
fetchdata,200,88,88
linpack,200,671,666
linpack,200,482,477
fetchdata,200,87,87
genmatrix,200,5,5
matrixmul,200,527,521
matrixmul,200,438,431
linpack,200,824,819
genmatrix,200,5,4
fetchdata,200,88,87
matrixmul,200,547,541
matrixmul,200,58,52
fetchdata,200,88,87
fastfouriertransform,200,11,7
linpack,200,1166,1161
linpack,200,974,970
linpack,200,583,578
linpack,200,690,685
matrixmul,200,525,519
fetchdata,200,132,132
fetchdata,200,84,84
genmatrix,200,5,4
fastfouriertransform,200,609,605
genmatrix,200,5,4
linpack,200,648,643
fetchdata,200,95,95
genmatrix,200,11,10
fetchdata,200,87,87
linpack,200,11,7
fastfouriertransform,200,1132,1128
genmatrix,200,5,5
fetchdata,200,96,96
linpack,200,12,7
matrixmul,200,532,526
matrixmul,200,17,11
genmatrix,200,5,5
fastfouriertransform,200,1439,1428
fastfouriertransform,200,545,540
genmatrix,200,5,4
fastfouriertransform,200,11,7
matrixmul,200,18,12
fastfouriertransform,200,14,9
matrixmul,200,24,11
fetchdata,200,99,99
linpack,200,652,647
linpack,200,358,353
linpack,200,264,260
fetchdata,200,96,96
matrixmul,200,17,11
fetchdata,200,91,91
matrixmul,200,17,11
fastfouriertransform,200,14,9
genmatrix,200,5,4
linpack,200,753,748
linpack,200,258,253
linpack,200,164,160
linpack,200,69,65
fastfouriertransform,200,14,9
genmatrix,200,50,43
matrixmul,200,526,520
fetchdata,200,87,87
genmatrix,200,5,5
fastfouriertransform,200,633,629
matrixmul,200,869,863
fetchdata,200,98,98
matrixmul,200,17,11
matrixmul,200,17,11
fetchdata,200,99,99
matrixmul,200,17,11
linpack,200,651,646
fastfouriertransform,200,1154,1150
fastfouriertransform,200,958,953
fastfouriertransform,200,167,162
genmatrix,200,5,4
genmatrix,200,51,42
matrixmul,200,17,11
fastfouriertransform,200,1373,1369
fastfouriertransform,200,478,473
fetchdata,200,87,87
genmatrix,200,5,4
genmatrix,200,11,10
matrixmul,200,525,519
fastfouriertransform,200,987,982
fastfouriertransform,200,587,379
genmatrix,200,5,5
matrixmul,200,525,520
fastfouriertransform,200,794,790
fastfouriertransform,200,103,98
fetchdata,200,92,92
genmatrix,200,11,10
matrixmul,200,950,944
matrixmul,200,358,352
matrixmul,200,768,763
fastfouriertransform,200,11,6
linpack,200,649,644
genmatrix,200,49,41
genmatrix,200,11,9
matrixmul,200,1191,1185
matrixmul,200,803,796
matrixmul,200,213,207
matrixmul,200,125,118
genmatrix,200,49,41
fastfouriertransform,200,12,6
matrixmul,200,544,536
matrixmul,200,458,452
linpack,200,15,10
fetchdata,200,84,84
fetchdata,200,84,84
matrixmul,200,779,773
fetchdata,200,91,91
fetchdata,200,92,92
genmatrix,200,11,10
fastfouriertransform,200,12,6
fetchdata,200,85,85
matrixmul,200,1097,1091
matrixmul,200,715,701
matrixmul,200,313,307
genmatrix,200,11,10
fastfouriertransform,200,11,6
fetchdata,200,86,86
genmatrix,200,11,10
matrixmul,200,532,524
genmatrix,200,46,39
genmatrix,200,4,4
fastfouriertransform,200,11,7
fetchdata,200,87,87
genmatrix,200,12,10
matrixmul,200,66,60
matrixmul,200,17,11
fastfouriertransform,200,11,7
linpack,200,724,719
linpack,200,634,629
fetchdata,200,88,88
matrixmul,200,114,105
genmatrix,200,53,40
genmatrix,200,44,36
fastfouriertransform,200,610,606
fastfouriertransform,200,104,99
linpack,200,977,971
genmatrix,200,5,4
fetchdata,200,87,87
fastfouriertransform,200,11,6
fetchdata,200,86,85
matrixmul,200,16,11
linpack,200,719,714
linpack,200,425,420
genmatrix,200,49,42
matrixmul,200,16,11
fetchdata,200,86,86
fastfouriertransform,200,11,6
genmatrix,200,11,10
matrixmul,200,17,11
linpack,200,650,644
linpack,200,18,6
fetchdata,200,87,87
matrixmul,200,526,520
matrixmul,200,140,134
fetchdata,200,89,89
fetchdata,200,85,85
fastfouriertransform,200,624,619
fastfouriertransform,200,13,8
linpack,200,651,647
linpack,200,459,455
linpack,200,264,258
fetchdata,200,87,86
fetchdata,200,85,85
genmatrix,200,51,43
fetchdata,200,92,92
fetchdata,200,84,84
fetchdata,200,85,85
genmatrix,200,51,43
linpack,200,650,645
fastfouriertransform,200,648,643
fetchdata,200,88,87
fetchdata,200,88,87
linpack,200,989,984
linpack,200,702,697
linpack,200,605,600
linpack,200,13,8
linpack,200,421,416
linpack,200,225,221
fastfouriertransform,200,11,6
fastfouriertransform,200,11,7
fetchdata,200,87,87
matrixmul,200,23,16
linpack,200,770,765
genmatrix,200,12,10
fetchdata,200,89,89
fastfouriertransform,200,608,603
fastfouriertransform,200,14,10
linpack,200,1017,1012
matrixmul,200,572,556
matrixmul,200,487,481
fetchdata,200,87,87
genmatrix,200,52,43
genmatrix,200,45,38
genmatrix,200,10,9
linpack,200,1263,1258
linpack,200,371,366
fetchdata,200,86,86
matrixmul,200,804,797
linpack,200,14,7
fetchdata,200,85,85
matrixmul,200,1221,1215
matrixmul,200,135,128
fetchdata,200,90,90
fastfouriertransform,200,609,604
matrixmul,200,17,11
matrixmul,200,17,11
fetchdata,200,87,87
linpack,200,11,6
genmatrix,200,5,5
fetchdata,200,87,87
fastfouriertransform,200,1006,1002
fetchdata,200,96,96
fastfouriertransform,200,1318,1313
matrixmul,200,527,521
matrixmul,200,441,435
linpack,200,649,645
genmatrix,200,12,10
fastfouriertransform,200,919,915
fastfouriertransform,200,526,521
linpack,200,894,889
fetchdata,200,85,85
genmatrix,200,11,10
genmatrix,200,5,4
matrixmul,200,530,524
matrixmul,200,16,11
fastfouriertransform,200,630,626
fetchdata,200,97,97
linpack,200,1335,1331
linpack,200,1047,1042
linpack,200,852,848
linpack,200,257,253
fetchdata,200,86,86
linpack,200,700,695
fastfouriertransform,200,609,605
genmatrix,200,52,43
genmatrix,200,5,4
fetchdata,200,85,84
matrixmul,200,526,520
fastfouriertransform,200,11,7
linpack,200,1146,1141
fetchdata,200,85,85
genmatrix,200,12,10
fetchdata,200,90,90
genmatrix,200,50,43
linpack,200,1691,1686
linpack,200,1596,1591
linpack,200,1501,1496
genmatrix,200,5,4
matrixmul,200,17,11
genmatrix,200,53,43
genmatrix,200,41,34
matrixmul,200,17,11
linpack,200,1544,1539
matrixmul,200,18,12
genmatrix,200,11,9
linpack,200,1687,1683
linpack,200,896,891
fetchdata,200,84,84
fastfouriertransform,200,610,606
fastfouriertransform,200,414,410
fastfouriertransform,200,22,17
matrixmul,200,526,521
matrixmul,200,141,136
linpack,200,1339,1334
fetchdata,200,93,92
fetchdata,200,86,86
fastfouriertransform,200,14,10
genmatrix,200,12,10
linpack,200,1582,1577
fetchdata,200,84,84
linpack,200,1290,1286
linpack,200,897,893
fetchdata,200,84,84
matrixmul,200,17,11
fastfouriertransform,200,637,632
fastfouriertransform,200,41,37
fetchdata,200,84,84
fetchdata,200,83,83
linpack,200,1444,1439
genmatrix,200,51,43
linpack,200,1152,1147
linpack,200,4058,4054
linpack,200,3462,3457
linpack,200,567,561
matrixmul,200,114,108
fetchdata,200,88,88
genmatrix,200,50,43
matrixmul,200,567,562
matrixmul,200,79,74
fetchdata,200,85,85
linpack,200,650,645
fetchdata,200,86,86
genmatrix,200,51,42
fetchdata,200,86,85
linpack,200,12,8
genmatrix,200,8,7
linpack,200,1199,1195
fastfouriertransform,200,11,6
matrixmul,200,530,523
fetchdata,200,91,91
linpack,200,1442,1437
matrixmul,200,953,947
genmatrix,200,37,28
linpack,200,651,646
fetchdata,200,86,86
fastfouriertransform,200,614,609
genmatrix,200,35,28
genmatrix,200,4,3
matrixmul,200,975,969
matrixmul,200,383,377
matrixmul,200,596,590
linpack,200,12,7
fetchdata,200,98,98
linpack,200,12,7
fastfouriertransform,200,1117,1112
fastfouriertransform,200,425,419
fetchdata,200,95,95
genmatrix,200,38,27
matrixmul,200,17,11
linpack,200,12,8
fetchdata,200,151,150
matrixmul,200,17,11
fastfouriertransform,200,607,603
fetchdata,200,87,86
genmatrix,200,8,7
fastfouriertransform,200,15,10
linpack,200,11,7
linpack,200,18,6
matrixmul,200,529,522
fastfouriertransform,200,15,10
matrixmul,200,17,11
matrixmul,200,17,11
genmatrix,200,4,3
linpack,200,11,7
genmatrix,200,8,7
fastfouriertransform,200,649,644
linpack,200,14,10
matrixmul,200,16,11
genmatrix,200,4,3
fastfouriertransform,200,956,951
fetchdata,200,93,93
matrixmul,200,22,17
genmatrix,200,46,37
linpack,200,648,644
fetchdata,200,92,92
genmatrix,200,10,8
linpack,200,15,10
fastfouriertransform,200,761,757
fetchdata,200,85,85
linpack,200,11,6
fastfouriertransform,200,1964,1959
fetchdata,200,95,95
genmatrix,200,5,4
matrixmul,200,561,555
matrixmul,200,18,11
linpack,200,686,682
genmatrix,200,11,10
linpack,200,11,7
fastfouriertransform,200,868,862
fastfouriertransform,200,773,768
linpack,200,11,6
genmatrix,200,50,43
matrixmul,200,527,522
genmatrix,200,43,35
fetchdata,200,87,86
genmatrix,200,5,4
fastfouriertransform,200,1075,1070
matrixmul,200,17,11
linpack,200,107,102
genmatrix,200,52,43
genmatrix,200,11,10
linpack,200,11,7
fastfouriertransform,200,774,769
fastfouriertransform,200,285,280
fetchdata,200,86,86
matrixmul,200,17,11
matrixmul,200,17,11
matrixmul,200,17,11
fetchdata,200,85,85
linpack,200,689,684
linpack,200,393,389
genmatrix,200,5,4
linpack,200,107,102
linpack,200,651,646
linpack,200,355,351
linpack,200,25,20
fastfouriertransform,200,10,6
linpack,200,11,6
linpack,200,11,7
fetchdata,200,88,88
genmatrix,200,51,43
linpack,200,900,895
matrixmul,200,17,11
fetchdata,200,88,87
fastfouriertransform,200,11,7
matrixmul,200,24,11
matrixmul,200,55,49
matrixmul,200,17,11
fastfouriertransform,200,11,6
linpack,200,651,647
matrixmul,200,17,11
genmatrix,200,50,43
genmatrix,200,5,5
linpack,200,669,664
fetchdata,200,86,86
fastfouriertransform,200,607,603
fastfouriertransform,200,309,304
fastfouriertransform,200,117,113
fastfouriertransform,200,23,19
genmatrix,200,11,10
matrixmul,200,568,562
matrixmul,200,281,274
fetchdata,200,91,91
fastfouriertransform,200,11,7
linpack,200,12,7
genmatrix,200,5,4
matrixmul,200,529,522
fetchdata,200,86,85
fetchdata,200,87,87
fetchdata,200,83,83
matrixmul,200,950,945
matrixmul,200,358,351
fetchdata,200,90,90
matrixmul,200,1382,1376
matrixmul,200,493,487
fastfouriertransform,200,607,602
fetchdata,200,86,85
fetchdata,200,86,85
fastfouriertransform,200,11,7
linpack,200,649,644
linpack,200,779,774
fastfouriertransform,200,14,9
matrixmul,200,616,611
matrixmul,200,227,220
fetchdata,200,86,86
fastfouriertransform,200,13,9
linpack,200,20,16
matrixmul,200,17,11
linpack,200,11,7
fastfouriertransform,200,643,639
fastfouriertransform,200,450,446
fetchdata,200,87,86
genmatrix,200,5,4
genmatrix,200,5,4
fastfouriertransform,200,951,947
fastfouriertransform,200,659,655
linpack,200,651,647
linpack,200,356,352
genmatrix,200,5,4
linpack,200,11,6
linpack,200,747,742
linpack,200,354,349
fetchdata,200,85,85
matrixmul,200,526,520
matrixmul,200,136,130
matrixmul,200,49,44
genmatrix,200,52,43
matrixmul,200,16,11
genmatrix,200,51,43
fetchdata,200,85,85
fetchdata,200,91,90
matrixmul,200,536,520
matrixmul,200,335,328
genmatrix,200,50,43
fetchdata,200,91,90
fastfouriertransform,200,11,6
linpack,200,15,10
linpack,200,649,644
fetchdata,200,85,85
fetchdata,200,83,83
fetchdata,200,84,84
matrixmul,200,527,521
genmatrix,200,5,5
linpack,200,11,7
fetchdata,200,88,88
genmatrix,200,12,10
linpack,200,11,6
fastfouriertransform,200,609,605
fastfouriertransform,200,17,13
fetchdata,200,86,86
linpack,200,15,10
matrixmul,200,20,15
genmatrix,200,11,10
fastfouriertransform,200,11,7
fetchdata,200,98,98
fastfouriertransform,200,11,6
matrixmul,200,19,13
linpack,200,14,10
fetchdata,200,85,85
fetchdata,200,83,83
linpack,200,14,10
genmatrix,200,217,10
genmatrix,200,11,10
genmatrix,200,11,9
matrixmul,200,527,521
matrixmul,200,38,32
fetchdata,200,86,86
genmatrix,200,11,10
fastfouriertransform,200,14,10
fetchdata,200,85,85
matrixmul,200,527,521
linpack,200,768,762
fetchdata,200,84,84
genmatrix,200,50,41
linpack,200,11,7
fetchdata,200,85,84
genmatrix,200,5,4
fetchdata,200,85,85
linpack,200,12,8
matrixmul,200,547,541
matrixmul,200,256,251
genmatrix,200,11,10
matrixmul,200,17,11
fetchdata,200,93,93
genmatrix,200,5,4
fetchdata,200,90,90
matrixmul,200,524,519
fetchdata,200,87,87
fastfouriertransform,200,15,10
fastfouriertransform,200,14,10
fastfouriertransform,200,17,12
matrixmul,200,16,11
linpack,200,650,645
fetchdata,200,94,94
fetchdata,200,88,88
fetchdata,200,85,85
fastfouriertransform,200,14,10
fastfouriertransform,200,16,10
matrixmul,200,526,521
matrixmul,200,238,232
fastfouriertransform,200,14,10
genmatrix,200,51,41
linpack,200,676,671
linpack,200,183,179
genmatrix,200,4,4
linpack,200,11,6
matrixmul,200,16,11
linpack,200,672,668
fastfouriertransform,200,14,10
linpack,200,11,7
fetchdata,200,88,87
linpack,200,11,6
genmatrix,200,11,10
genmatrix,200,11,9
linpack,200,12,7
fetchdata,200,87,86
matrixmul,200,526,520
fastfouriertransform,200,667,663
fastfouriertransform,200,273,268
fastfouriertransform,200,178,174
fastfouriertransform,200,11,7
fetchdata,200,87,87
matrixmul,200,546,541
matrixmul,200,458,452
matrixmul,200,368,363
genmatrix,200,50,42
fastfouriertransform,200,11,7
fastfouriertransform,200,12,7
fetchdata,200,84,84
matrixmul,200,588,582
genmatrix,200,5,5
fastfouriertransform,200,11,7
genmatrix,200,50,42
linpack,200,12,6
fastfouriertransform,200,11,7
genmatrix,200,5,5
linpack,200,767,762
fetchdata,200,85,85
fetchdata,200,83,82
matrixmul,200,34,29
genmatrix,200,5,4
linpack,200,106,102
matrixmul,200,17,11
fetchdata,200,97,97
fastfouriertransform,200,59,55
genmatrix,200,5,4
linpack,200,649,645
linpack,200,679,674
fetchdata,200,85,85
genmatrix,200,51,42
linpack,200,12,7
genmatrix,200,11,10
fastfouriertransform,200,611,607
fastfouriertransform,200,117,113
genmatrix,200,51,42
matrixmul,200,556,550
matrixmul,200,267,262
fetchdata,200,89,89
linpack,200,11,6
matrixmul,200,585,580
fetchdata,200,88,88
matrixmul,200,297,291
fastfouriertransform,200,11,6
genmatrix,200,5,4
matrixmul,200,112,106
fetchdata,200,85,85
linpack,200,651,646
genmatrix,200,5,4
fastfouriertransform,200,13,9
genmatrix,200,11,10
genmatrix,200,10,9
fastfouriertransform,200,15,10
matrixmul,200,525,520
fastfouriertransform,200,14,9
linpack,200,11,6
fastfouriertransform,200,13,9
linpack,200,11,6
matrixmul,200,528,523
linpack,200,11,6
genmatrix,200,11,10
linpack,200,672,666
fastfouriertransform,200,649,644
linpack,200,11,6
linpack,200,11,6
fetchdata,200,85,85
matrixmul,200,573,567
matrixmul,200,83,77
fetchdata,200,85,85
genmatrix,200,11,10
fastfouriertransform,200,854,850
fastfouriertransform,200,659,654
matrixmul,200,17,11
fastfouriertransform,200,11,6
genmatrix,200,12,10
matrixmul,200,529,524
fetchdata,200,131,130
linpack,200,15,6
fetchdata,200,87,87
matrixmul,200,952,944
genmatrix,200,54,43
matrixmul,200,863,856
matrixmul,200,373,368
matrixmul,200,601,577
linpack,200,15,10
genmatrix,200,12,10
fastfouriertransform,200,607,603
linpack,200,12,7
matrixmul,200,527,521
fetchdata,200,83,83
genmatrix,200,5,4
genmatrix,200,52,43
matrixmul,200,949,943
matrixmul,200,860,855
fetchdata,200,87,86
fastfouriertransform,200,11,7
matrixmul,200,781,775
fetchdata,200,91,91
matrixmul,200,591,584
linpack,200,12,7
linpack,200,11,7
fetchdata,200,89,88
genmatrix,200,58,43
matrixmul,200,912,904
genmatrix,200,5,4
genmatrix,200,56,43
fetchdata,200,89,89
matrixmul,200,1329,1324
matrixmul,200,841,835
matrixmul,200,451,445
fastfouriertransform,200,632,627
matrixmul,200,570,564
matrixmul,200,81,76
fastfouriertransform,200,636,632
linpack,200,693,688
linpack,200,201,197
linpack,200,683,678
linpack,200,589,585
fetchdata,200,89,89
genmatrix,200,5,4
linpack,200,12,7
fastfouriertransform,200,740,735
fastfouriertransform,200,547,542
linpack,200,214,7
fastfouriertransform,200,11,6
genmatrix,200,5,4
linpack,200,12,6
linpack,200,11,7
matrixmul,200,527,520
matrixmul,200,437,431
linpack,200,11,6
linpack,200,11,7
linpack,200,12,8
linpack,200,11,6
genmatrix,200,5,5
matrixmul,200,527,520
genmatrix,200,11,10
fastfouriertransform,200,99,94
fetchdata,200,89,89
genmatrix,200,12,10
matrixmul,200,947,940
matrixmul,200,558,551
matrixmul,200,68,62
genmatrix,200,12,10
linpack,200,747,742
genmatrix,200,52,43
fastfouriertransform,200,614,610
matrixmul,200,527,521
fetchdata,200,84,84
fetchdata,200,84,84
fetchdata,200,84,84
fetchdata,200,83,83
matrixmul,200,22,11
fastfouriertransform,200,1021,1017
fastfouriertransform,200,928,924
fastfouriertransform,200,834,822
fastfouriertransform,200,639,634
matrixmul,200,67,61
fetchdata,200,97,96
fastfouriertransform,200,12,7
linpack,200,12,7
linpack,200,649,645
fastfouriertransform,200,12,7
matrixmul,200,533,527
matrixmul,200,245,239
fetchdata,200,84,84
genmatrix,200,54,43
fastfouriertransform,200,11,6
fastfouriertransform,200,11,6
matrixmul,200,664,658
fetchdata,200,83,83
genmatrix,200,5,4
matrixmul,200,17,11
genmatrix,200,57,43
matrixmul,200,17,11
genmatrix,200,52,43
matrixmul,200,16,11
matrixmul,200,17,11
genmatrix,200,12,10
linpack,200,109,104
genmatrix,200,57,43
linpack,200,15,10
fetchdata,200,87,86
fastfouriertransform,200,608,603
fastfouriertransform,200,14,10
genmatrix,200,5,4
fetchdata,200,84,84
fetchdata,200,82,82
linpack,200,15,10
matrixmul,200,528,521
linpack,200,38,33
matrixmul,200,240,234
matrixmul,200,150,144
fetchdata,200,86,86
fetchdata,200,83,83
genmatrix,200,5,4
linpack,200,687,682
fetchdata,200,85,84
matrixmul,200,17,11
fetchdata,200,84,83
matrixmul,200,16,11
linpack,200,11,6
fastfouriertransform,200,617,612
fetchdata,200,86,86
linpack,200,15,10
fetchdata,200,94,93
matrixmul,200,622,614
fastfouriertransform,200,1122,1117
fetchdata,200,86,86
genmatrix,200,5,4
linpack,200,13,7
matrixmul,200,1046,1040
linpack,200,15,10
genmatrix,200,52,43
fastfouriertransform,200,762,757
genmatrix,200,45,36
fastfouriertransform,200,12,7
matrixmul,200,1486,1480
matrixmul,200,797,790
matrixmul,200,108,101
matrixmul,200,718,712
fetchdata,200,97,97
fastfouriertransform,200,11,6
fetchdata,200,95,95
genmatrix,200,11,10
fetchdata,200,98,98
linpack,200,11,7
fastfouriertransform,200,611,605
genmatrix,200,51,42
linpack,200,15,10
matrixmul,200,17,11
linpack,200,11,7
fetchdata,200,86,86
fastfouriertransform,200,1015,1011
fastfouriertransform,200,122,117
fastfouriertransform,200,928,923
genmatrix,200,51,43
genmatrix,200,45,34
linpack,200,11,7
genmatrix,200,53,42
genmatrix,200,10,8
linpack,200,15,10
fastfouriertransform,200,12,6
matrixmul,200,16,11
genmatrix,200,54,43
fetchdata,200,85,85
fetchdata,200,83,82
linpack,200,718,713
fetchdata,200,83,83
genmatrix,200,5,4
fetchdata,200,84,83
genmatrix,200,54,43
matrixmul,200,525,519
linpack,200,14,10
genmatrix,200,54,43
genmatrix,200,10,8
linpack,200,15,10
matrixmul,200,746,740
matrixmul,200,657,651
fastfouriertransform,200,608,604
fastfouriertransform,200,14,9
genmatrix,200,5,5
matrixmul,200,676,670
fetchdata,200,86,86
matrixmul,200,387,381
fetchdata,200,87,87
genmatrix,200,12,10
genmatrix,200,11,9
linpack,200,11,6
linpack,200,679,674
fetchdata,200,87,87
fastfouriertransform,200,14,9
fastfouriertransform,200,14,9
fastfouriertransform,200,14,9
matrixmul,200,558,552
matrixmul,200,269,263
fetchdata,200,87,87
fetchdata,200,84,84
genmatrix,200,5,4
genmatrix,200,5,4
matrixmul,200,589,583
genmatrix,200,11,10
fastfouriertransform,200,630,624
fetchdata,200,93,92
matrixmul,200,114,108
genmatrix,200,53,43
fetchdata,200,95,95
fastfouriertransform,200,637,626
fastfouriertransform,200,142,137
fastfouriertransform,200,49,44
fetchdata,200,87,87
fastfouriertransform,200,11,6
linpack,200,11,7
linpack,200,11,6
matrixmul,200,17,11
fastfouriertransform,200,11,6
genmatrix,200,5,5
matrixmul,200,69,63
fetchdata,200,93,93
fastfouriertransform,200,11,6
matrixmul,200,18,11
fastfouriertransform,200,11,6
genmatrix,200,11,10
genmatrix,200,5,4
matrixmul,200,18,11
fetchdata,200,86,86
linpack,200,11,7
fastfouriertransform,200,12,7
fetchdata,200,84,84
genmatrix,200,53,40
fetchdata,200,85,85
fetchdata,200,82,82
linpack,200,15,10
matrixmul,200,17,11
fastfouriertransform,200,11,7
fetchdata,200,88,88
linpack,200,14,10
fetchdata,200,89,89
genmatrix,200,52,43
fastfouriertransform,200,11,7
linpack,200,16,10
matrixmul,200,539,532
linpack,200,15,10
fastfouriertransform,200,11,7
genmatrix,200,5,5
linpack,200,15,10
matrixmul,200,971,965
linpack,200,14,9
fastfouriertransform,200,13,9
linpack,200,677,672
fastfouriertransform,200,15,9
linpack,200,14,10
matrixmul,200,527,521
linpack,200,14,9
genmatrix,200,11,10
fetchdata,200,86,86
genmatrix,200,55,42
matrixmul,200,660,653
matrixmul,200,863,842
fetchdata,200,84,84
fastfouriertransform,200,15,10
fetchdata,200,86,85
linpack,200,685,680
linpack,200,292,286
matrixmul,200,17,11
matrixmul,200,17,11
fastfouriertransform,200,646,642
genmatrix,200,5,5
linpack,200,651,647
genmatrix,200,5,4
fastfouriertransform,200,1055,1051
fetchdata,200,98,97
genmatrix,200,11,10
linpack,200,1194,1189
linpack,200,502,498
linpack,200,910,905
linpack,200,815,810
matrixmul,200,17,11
linpack,200,221,216
fetchdata,200,94,94
fetchdata,200,83,83
matrixmul,200,17,11
matrixmul,200,17,11
fastfouriertransform,200,613,608
linpack,200,25,19
genmatrix,200,53,43
fetchdata,200,90,90
fastfouriertransform,200,10,7
fetchdata,200,85,85
fastfouriertransform,200,11,7
linpack,200,12,7
genmatrix,200,5,4
genmatrix,200,5,4
genmatrix,200,54,41
fastfouriertransform,200,12,7
matrixmul,200,551,545
genmatrix,200,10,9
genmatrix,200,53,40
linpack,200,12,7
matrixmul,200,17,11
genmatrix,200,5,5
matrixmul,200,17,11
fastfouriertransform,200,609,604
fetchdata,200,133,133
fetchdata,200,118,118
linpack,200,11,6
fastfouriertransform,200,1010,1006
fastfouriertransform,200,418,414
fastfouriertransform,200,326,322
fastfouriertransform,200,130,126
fetchdata,200,87,87
fetchdata,200,84,84
linpack,200,15,10
genmatrix,200,5,5
matrixmul,200,526,520
matrixmul,200,439,432
matrixmul,200,149,143
matrixmul,200,17,11
genmatrix,200,12,10
fastfouriertransform,200,14,10
genmatrix,200,5,4
linpack,200,14,10
fastfouriertransform,200,14,9
fetchdata,200,95,95
genmatrix,200,12,10
genmatrix,200,5,4
fastfouriertransform,200,654,650
fetchdata,200,86,86
linpack,200,687,682
fetchdata,200,85,85
fastfouriertransform,200,759,753
fetchdata,200,89,89
matrixmul,200,526,519
matrixmul,200,37,30
fetchdata,200,96,96
genmatrix,200,56,43
linpack,200,1031,1026
linpack,200,937,932
fastfouriertransform,200,1762,1757
matrixmul,200,17,11
genmatrix,200,5,4
fetchdata,200,96,96
fetchdata,200,96,95
matrixmul,200,23,17
linpack,200,1381,1376
linpack,200,1187,1183
fastfouriertransform,200,766,761
fastfouriertransform,200,672,667
fetchdata,200,97,97
genmatrix,200,5,4
fastfouriertransform,200,11,6
genmatrix,200,12,10
fastfouriertransform,200,11,7
fastfouriertransform,200,12,7
fetchdata,200,96,96
matrixmul,200,22,16
linpack,200,650,645
linpack,200,55,51
fetchdata,200,86,86
genmatrix,200,11,10
genmatrix,200,11,9
genmatrix,200,52,9
fetchdata,200,91,91
fastfouriertransform,200,697,693
fetchdata,200,96,95
linpack,200,12,7
fetchdata,200,99,98
matrixmul,200,563,557
fetchdata,200,94,94
fetchdata,200,89,89
genmatrix,200,12,10
genmatrix,200,4,4
matrixmul,200,526,520
matrixmul,200,438,432
fastfouriertransform,200,12,7
genmatrix,200,55,43
linpack,200,649,644
linpack,200,56,51
fetchdata,200,94,94
fetchdata,200,85,85
fetchdata,200,84,84
matrixmul,200,17,11
fastfouriertransform,200,11,7
genmatrix,200,12,10
fetchdata,200,88,88
linpack,200,12,7
linpack,200,11,6
matrixmul,200,526,520
fetchdata,200,85,84
fastfouriertransform,200,611,606
fastfouriertransform,200,510,506
fastfouriertransform,200,425,421
fastfouriertransform,200,328,323
fastfouriertransform,200,29,23
fastfouriertransform,200,11,7
fastfouriertransform,200,12,7
matrixmul,200,527,520
matrixmul,200,38,31
matrixmul,200,17,11
linpack,200,649,644
fetchdata,200,89,89
matrixmul,200,17,11
fastfouriertransform,200,609,604
fastfouriertransform,200,515,511
genmatrix,200,5,4
fetchdata,200,99,98
genmatrix,200,12,10
matrixmul,200,526,520
matrixmul,200,337,332
fetchdata,200,96,96
linpack,200,13,7
fastfouriertransform,200,611,606
linpack,200,12,7
genmatrix,200,12,10
matrixmul,200,17,11
matrixmul,200,17,11
matrixmul,200,16,11
matrixmul,200,17,11
linpack,200,107,101
linpack,200,14,9
matrixmul,200,17,11
genmatrix,200,12,10
fastfouriertransform,200,620,616
genmatrix,200,54,43
fetchdata,200,85,85
genmatrix,200,55,43
linpack,200,664,659
fetchdata,200,85,85
genmatrix,200,5,4
matrixmul,200,619,613
matrixmul,200,133,126
genmatrix,200,50,42
fetchdata,200,88,88
fastfouriertransform,200,14,10
fetchdata,200,84,84
linpack,200,1125,1120
linpack,200,28,23
fastfouriertransform,200,14,10
genmatrix,200,5,5
fetchdata,200,87,87
genmatrix,200,50,40
fastfouriertransform,200,14,9
genmatrix,200,55,43
linpack,200,856,851
matrixmul,200,17,11
genmatrix,200,5,4
matrixmul,200,18,11
fastfouriertransform,200,15,9
linpack,200,996,984
linpack,200,604,600
linpack,200,509,495
fetchdata,200,90,89
fetchdata,200,93,93
fetchdata,200,88,88
fetchdata,200,85,85
linpack,200,648,644
linpack,200,455,450
fastfouriertransform,200,646,641
genmatrix,200,1640,1640
genmatrix,200,154,153
genmatrix,200,10,9
fetchdata,200,1879,1878
linpack,200,1718,1710
fastfouriertransform,200,2123,2113
fastfouriertransform,200,752,744
fetchdata,200,455,455
fastfouriertransform,200,368,359
fastfouriertransform,200,1557,1549
fastfouriertransform,200,1460,1452
fastfouriertransform,200,1868,1860
fastfouriertransform,200,15,7
fetchdata,200,1036,1036
fetchdata,200,1512,1512
genmatrix,200,41,33
linpack,200,1532,1524
linpack,200,1935,1924
linpack,200,1847,1839
fetchdata,200,79,79
fastfouriertransform,200,727,722
fastfouriertransform,200,643,639
fastfouriertransform,200,246,242
genmatrix,200,9,8
genmatrix,200,4,4
genmatrix,200,8,7
linpack,200,2435,2427
fetchdata,200,78,78
genmatrix,200,39,29
fastfouriertransform,200,724,715
fastfouriertransform,200,833,625
fastfouriertransform,200,134,130
fetchdata,200,85,84
fetchdata,200,83,83
matrixmul,200,2688,2679
matrixmul,200,1917,1912
matrixmul,200,2338,2319
genmatrix,200,45,29
linpack,200,2162,2155
genmatrix,200,5,5
fetchdata,200,86,86
genmatrix,200,12,10
genmatrix,200,5,4
matrixmul,200,669,664
fetchdata,200,76,76
genmatrix,200,4,4
linpack,200,4436,4427
genmatrix,200,10,6
fetchdata,200,81,81
linpack,200,103,99
genmatrix,200,36,28
matrixmul,200,549,544
matrixmul,200,468,463
linpack,200,2954,2950
linpack,200,1357,1349
linpack,200,2861,2857
genmatrix,200,10,10
fetchdata,200,85,85
matrixmul,200,21,16
fastfouriertransform,200,81,77
fetchdata,200,78,78
linpack,200,714,707
fetchdata,200,76,76
linpack,200,697,693
matrixmul,200,23,12
matrixmul,200,21,14
matrixmul,200,21,13
genmatrix,200,35,28
genmatrix,200,7,6
fastfouriertransform,200,730,718
fastfouriertransform,200,337,333
fastfouriertransform,200,251,247
genmatrix,200,12,10
fetchdata,200,83,83
fastfouriertransform,200,11,7
genmatrix,200,43,32
fetchdata,200,79,78
linpack,200,711,707
fastfouriertransform,200,11,7
genmatrix,200,49,33
linpack,200,12,8
fetchdata,200,81,81
genmatrix,200,4,3
linpack,200,13,7
fastfouriertransform,200,11,7
genmatrix,200,14,12
fastfouriertransform,200,19,15
genmatrix,200,10,8
fetchdata,200,77,77
fetchdata,200,83,83
fastfouriertransform,200,12,8
matrixmul,200,25,19
linpack,200,13,9
fetchdata,200,82,82
matrixmul,200,16,11
fetchdata,200,78,78
linpack,200,11,7
matrixmul,200,20,15
linpack,200,12,7
fetchdata,200,78,78
genmatrix,200,8,7
genmatrix,200,8,7
fastfouriertransform,200,13,9
fetchdata,200,89,89
genmatrix,200,6,6
linpack,200,10,6
fetchdata,200,81,81
fetchdata,200,83,83
fastfouriertransform,200,13,9
linpack,200,726,723
fastfouriertransform,200,12,8
fastfouriertransform,200,15,11
genmatrix,200,4,3
linpack,200,10,7
genmatrix,200,43,31
matrixmul,200,24,19
linpack,200,19,15
linpack,200,13,10
matrixmul,200,19,15
fetchdata,200,84,84
fastfouriertransform,200,20,7
matrixmul,200,561,556
fastfouriertransform,200,10,6
fastfouriertransform,200,12,8
genmatrix,200,6,6
fetchdata,200,88,87
matrixmul,200,814,808
fetchdata,200,78,78
genmatrix,200,9,8
fetchdata,200,87,87
matrixmul,200,1250,1245
matrixmul,200,1164,1159
matrixmul,200,875,870
matrixmul,200,490,485
matrixmul,200,403,397
matrixmul,200,111,104
fastfouriertransform,200,12,8
linpack,200,12,7
fastfouriertransform,200,10,6
fetchdata,200,96,96
fetchdata,200,89,88
fastfouriertransform,200,13,9
matrixmul,200,567,561
matrixmul,200,279,272
linpack,200,17,12
fetchdata,200,78,78
fetchdata,200,77,76
linpack,200,21,17
matrixmul,200,737,732
linpack,200,13,9
genmatrix,200,7,6
fastfouriertransform,200,15,11
linpack,200,11,7
matrixmul,200,1195,1190
matrixmul,200,1108,1100
fastfouriertransform,200,12,7
matrixmul,200,916,911
matrixmul,200,228,223
fastfouriertransform,200,14,8
fastfouriertransform,200,17,13
fastfouriertransform,200,22,11
fetchdata,200,84,84
fastfouriertransform,200,11,6
fetchdata,200,78,77
linpack,200,14,9
linpack,200,18,14
matrixmul,200,21,14
linpack,200,12,9
genmatrix,200,4,3
genmatrix,200,4,3
genmatrix,200,15,14
fetchdata,200,82,82
genmatrix,200,9,8
genmatrix,200,4,3
linpack,200,710,705
linpack,200,11,7
linpack,200,14,10
fetchdata,200,78,78
genmatrix,200,9,7
fastfouriertransform,200,722,717
fastfouriertransform,200,526,520
fastfouriertransform,200,138,133
fetchdata,200,77,77
linpack,200,13,9
genmatrix,200,48,36
linpack,200,15,11
linpack,200,721,716
fastfouriertransform,200,11,7
genmatrix,200,4,3
fastfouriertransform,200,12,8
linpack,200,18,14
genmatrix,200,12,10
linpack,200,12,7
genmatrix,200,4,3
linpack,200,721,716
genmatrix,200,36,28
fastfouriertransform,200,11,7
fastfouriertransform,200,15,7
genmatrix,200,5,4
genmatrix,200,4,3
matrixmul,200,576,571
fastfouriertransform,200,12,8
fastfouriertransform,200,13,8
fetchdata,200,84,84
matrixmul,200,951,946
matrixmul,200,566,560
matrixmul,200,475,470
linpack,200,10,7
fetchdata,200,76,76
fetchdata,200,82,82
genmatrix,200,10,8
fetchdata,200,87,86
fastfouriertransform,200,705,701
fetchdata,200,77,77
linpack,200,12,8
fetchdata,200,91,91
fetchdata,200,85,84
matrixmul,200,18,13
fastfouriertransform,200,925,921
fetchdata,200,77,76
genmatrix,200,9,7
linpack,200,704,698
fetchdata,200,77,76
fetchdata,200,84,84
fetchdata,200,84,83
fastfouriertransform,200,1344,1340
genmatrix,200,4,3
fetchdata,200,81,80
fetchdata,200,85,85
genmatrix,200,16,12
matrixmul,200,554,548
genmatrix,200,40,29
fastfouriertransform,200,1061,1057
genmatrix,200,5,4
linpack,200,712,708
genmatrix,200,39,28
fastfouriertransform,200,1679,1676
genmatrix,200,8,7
linpack,200,717,706
genmatrix,200,5,4
matrixmul,200,19,14
linpack,200,799,794
linpack,200,303,298
linpack,200,13,8
fastfouriertransform,200,1687,1683
fastfouriertransform,200,1296,1292
linpack,200,1113,1109
linpack,200,613,609
fetchdata,200,77,77
matrixmul,200,17,12
genmatrix,200,37,29
genmatrix,200,47,36
genmatrix,200,41,30
genmatrix,200,42,34
fastfouriertransform,200,1208,1204
fastfouriertransform,200,311,308
fastfouriertransform,200,1715,1710
genmatrix,200,57,42
fetchdata,200,85,85
matrixmul,200,596,590
matrixmul,200,507,501
matrixmul,200,216,211
matrixmul,200,127,115
fetchdata,200,77,77
matrixmul,200,17,12
genmatrix,200,5,5
matrixmul,200,21,16
linpack,200,11,6
genmatrix,200,9,7
linpack,200,704,700
fetchdata,200,85,85
fastfouriertransform,200,749,745
fetchdata,200,84,84
linpack,200,12,8
matrixmul,200,564,558
matrixmul,200,374,368
genmatrix,200,13,9
fetchdata,200,87,87
fastfouriertransform,200,736,731
fastfouriertransform,200,450,446
fastfouriertransform,200,155,150
fetchdata,200,77,76
linpack,200,12,7
linpack,200,719,714
linpack,200,12,7
fetchdata,200,85,85
fastfouriertransform,200,11,8
matrixmul,200,566,561
fetchdata,200,77,76
fastfouriertransform,200,14,11
fetchdata,200,85,85
matrixmul,200,910,904
matrixmul,200,826,812
matrixmul,200,540,535
matrixmul,200,50,44
matrixmul,200,17,11
linpack,200,29,24
linpack,200,712,706
matrixmul,200,17,12
fetchdata,200,79,79
genmatrix,200,4,4
linpack,200,706,702
genmatrix,200,42,31
linpack,200,708,702
fetchdata,200,85,85
matrixmul,200,556,550
matrixmul,200,268,262
matrixmul,200,79,74
genmatrix,200,4,4
genmatrix,200,8,7
genmatrix,200,47,38
fastfouriertransform,200,13,9
fetchdata,200,88,87
matrixmul,200,18,13
linpack,200,1318,1312
fetchdata,200,82,82
fetchdata,200,78,78
genmatrix,200,44,32
fastfouriertransform,200,11,7
linpack,200,11,7
matrixmul,200,568,563
fastfouriertransform,200,11,7
genmatrix,200,15,14
linpack,200,12,7
matrixmul,200,931,925
fetchdata,200,122,122
fetchdata,200,106,106
fastfouriertransform,200,725,721
genmatrix,200,47,34
matrixmul,200,1282,1277
fetchdata,200,77,77
fetchdata,200,76,75
linpack,200,12,7
linpack,200,18,13
matrixmul,200,1523,1517
matrixmul,200,1232,1227
fastfouriertransform,200,753,748
fastfouriertransform,200,13,8
matrixmul,200,1374,1367
matrixmul,200,1093,1087
matrixmul,200,402,397
matrixmul,200,311,305
matrixmul,200,727,720
fetchdata,200,92,92
genmatrix,200,14,12
fastfouriertransform,200,710,706
matrixmul,200,666,659
linpack,200,15,11
genmatrix,200,7,6
fetchdata,200,76,76
matrixmul,200,919,912
fastfouriertransform,200,821,817
fastfouriertransform,200,428,423
fastfouriertransform,200,734,729
fastfouriertransform,200,347,335
fastfouriertransform,200,151,146
fetchdata,200,76,76
fetchdata,200,83,82
fastfouriertransform,200,13,8
fetchdata,200,85,85
genmatrix,200,11,10
matrixmul,200,1376,1372
fetchdata,200,77,77
linpack,200,11,7
fastfouriertransform,200,12,7
genmatrix,200,7,6
linpack,200,15,10
genmatrix,200,46,34
fetchdata,200,77,76
linpack,200,15,10
fetchdata,200,89,88
genmatrix,200,44,33
linpack,200,15,10
matrixmul,200,568,562
linpack,200,11,6
genmatrix,200,40,28
matrixmul,200,17,11
genmatrix,200,4,4
linpack,200,13,9
genmatrix,200,5,4
genmatrix,200,36,28
fetchdata,200,88,88
matrixmul,200,560,555
matrixmul,200,271,265
fetchdata,200,81,81
linpack,200,11,7
genmatrix,200,37,28
fastfouriertransform,200,722,718
genmatrix,200,6,6
matrixmul,200,558,552
matrixmul,200,176,171
matrixmul,200,83,77
linpack,200,706,702
linpack,200,11,6
linpack,200,708,703
genmatrix,200,6,5
fastfouriertransform,200,707,703
genmatrix,200,9,7
genmatrix,200,8,7
matrixmul,200,595,589
matrixmul,200,299,294
linpack,200,11,7
genmatrix,200,37,29
fetchdata,200,86,85
fastfouriertransform,200,916,911
fastfouriertransform,200,224,220
fetchdata,200,81,80
linpack,200,11,6
fastfouriertransform,200,21,9
genmatrix,200,7,6
matrixmul,200,550,545
matrixmul,200,361,355
fetchdata,200,77,77
matrixmul,200,808,801
matrixmul,200,518,512
matrixmul,200,231,224
matrixmul,200,44,38
genmatrix,200,36,28
genmatrix,200,9,7
linpack,200,716,712
fetchdata,200,86,85
linpack,200,735,731
fetchdata,200,81,80
fastfouriertransform,200,14,10
linpack,200,13,8
matrixmul,200,556,550
fetchdata,200,79,79
fetchdata,200,78,78
linpack,200,14,9
linpack,200,1247,1242
fastfouriertransform,200,15,10
genmatrix,200,4,3
genmatrix,200,7,6
matrixmul,200,580,573
genmatrix,200,4,3
linpack,200,13,8
genmatrix,200,5,4
linpack,200,728,724
fastfouriertransform,200,19,8
genmatrix,200,43,36
fetchdata,200,77,77
matrixmul,200,16,11
fastfouriertransform,200,14,10
genmatrix,200,10,9
genmatrix,200,5,5
matrixmul,200,555,549
matrixmul,200,278,272
matrixmul,200,77,71
linpack,200,18,13
fetchdata,200,77,77
genmatrix,200,4,4
fastfouriertransform,200,720,715
fetchdata,200,78,78
linpack,200,17,12
linpack,200,17,12
fastfouriertransform,200,1227,1222
genmatrix,200,42,28
fastfouriertransform,200,937,932
linpack,200,703,697
linpack,200,19,7
fastfouriertransform,200,16,11
fastfouriertransform,200,14,9
matrixmul,200,594,588
linpack,200,715,710
fetchdata,200,79,79
fastfouriertransform,200,12,6
fetchdata,200,80,80
linpack,200,12,8
fetchdata,200,88,88
matrixmul,200,930,924
genmatrix,200,4,3
fetchdata,200,77,77
genmatrix,200,38,28
matrixmul,200,578,571
matrixmul,200,91,84
fetchdata,200,85,84
linpack,200,14,7
linpack,200,726,722
fetchdata,200,83,83
fastfouriertransform,200,14,9
fetchdata,200,77,76
fetchdata,200,76,76
fetchdata,200,86,86
fastfouriertransform,200,14,10
genmatrix,200,43,33
matrixmul,200,17,11
matrixmul,200,18,12
genmatrix,200,42,33
linpack,200,12,7
fastfouriertransform,200,11,6
linpack,200,726,721
genmatrix,200,42,29
matrixmul,200,560,545
genmatrix,200,5,5
linpack,200,12,7
genmatrix,200,41,28
matrixmul,200,898,892
fastfouriertransform,200,723,718
fastfouriertransform,200,427,423
fastfouriertransform,200,239,235
fastfouriertransform,200,46,41
matrixmul,200,17,11
fetchdata,200,87,87
matrixmul,200,555,549
matrixmul,200,359,353
matrixmul,200,274,268
genmatrix,200,48,39
fastfouriertransform,200,13,9
genmatrix,200,9,8
matrixmul,200,719,712
genmatrix,200,15,13
linpack,200,42,38
matrixmul,200,1174,1167
fastfouriertransform,200,728,723
fetchdata,200,77,77
genmatrix,200,37,29
matrixmul,200,1321,1315
matrixmul,200,1235,1229
matrixmul,200,547,542
matrixmul,200,256,250
matrixmul,200,174,169
fetchdata,200,80,80
linpack,200,708,703
linpack,200,11,7
genmatrix,200,8,7
matrixmul,200,16,11
fastfouriertransform,200,1339,1335
linpack,200,17,10
fetchdata,200,85,85
linpack,200,13,7
fastfouriertransform,200,1845,1833
fastfouriertransform,200,660,655
fastfouriertransform,200,164,159
fetchdata,200,85,84
genmatrix,200,41,32
genmatrix,200,9,8
linpack,200,697,692
fetchdata,200,77,76
linpack,200,11,6
fastfouriertransform,200,766,762
fastfouriertransform,200,670,665
linpack,200,14,8
matrixmul,200,545,540
matrixmul,200,247,241
fetchdata,200,88,88
genmatrix,200,12,11
genmatrix,200,35,28
genmatrix,200,4,3
genmatrix,200,37,28
genmatrix,200,44,34
linpack,200,16,12
matrixmul,200,21,15
matrixmul,200,20,13
genmatrix,200,36,28
fetchdata,200,85,84
fetchdata,200,80,79
matrixmul,200,650,645
genmatrix,200,36,28
linpack,200,709,703
fetchdata,200,78,78
matrixmul,200,910,904
fastfouriertransform,200,11,7
matrixmul,200,625,619
matrixmul,200,540,533
matrixmul,200,353,347
linpack,200,11,7
genmatrix,200,4,3
fastfouriertransform,200,17,12
matrixmul,200,804,798
matrixmul,200,307,300
fetchdata,200,83,82
fetchdata,200,76,76
genmatrix,200,37,30
linpack,200,739,723
genmatrix,200,38,29
matrixmul,200,568,562
matrixmul,200,381,376
matrixmul,200,18,12
genmatrix,200,11,11
fastfouriertransform,200,719,715
fastfouriertransform,200,328,322
fastfouriertransform,200,233,228
linpack,200,718,713
fetchdata,200,78,78
genmatrix,200,5,5
genmatrix,200,14,11
fastfouriertransform,200,772,767
fastfouriertransform,200,674,670
matrixmul,200,21,14
fetchdata,200,76,76
matrixmul,200,17,12
fetchdata,200,76,75
fetchdata,200,82,82
linpack,200,16,10
fastfouriertransform,200,1293,1288
fetchdata,200,79,79
linpack,200,11,7
fetchdata,200,78,77
genmatrix,200,10,9
genmatrix,200,38,28
linpack,200,710,705
genmatrix,200,43,33
linpack,200,13,8
fastfouriertransform,200,1716,1711
genmatrix,200,38,30
genmatrix,200,38,30
matrixmul,200,19,14
genmatrix,200,9,8
genmatrix,200,6,6
fastfouriertransform,200,923,918
genmatrix,200,35,28
genmatrix,200,39,28
genmatrix,200,5,5
matrixmul,200,566,560
matrixmul,200,367,362
fastfouriertransform,200,1328,1323
genmatrix,200,4,3
fetchdata,200,124,124
matrixmul,200,551,545
fetchdata,200,81,81
genmatrix,200,43,33
fastfouriertransform,200,3709,3706
fastfouriertransform,200,1318,1313
fastfouriertransform,200,725,721
fastfouriertransform,200,633,628
fetchdata,200,80,80
fastfouriertransform,200,11,8
matrixmul,200,797,791
matrixmul,200,16,11
genmatrix,200,11,9
fetchdata,200,143,142
matrixmul,200,19,13
fetchdata,200,78,78
fastfouriertransform,200,707,703
linpack,200,700,695
linpack,200,105,98
genmatrix,200,4,3
genmatrix,200,15,11
genmatrix,200,41,32
genmatrix,200,5,4
matrixmul,200,17,11
linpack,200,711,707
fetchdata,200,77,77
matrixmul,200,17,11
genmatrix,200,5,4
matrixmul,200,18,13
genmatrix,200,74,34
genmatrix,200,37,29
genmatrix,200,38,28
matrixmul,200,21,15
genmatrix,200,7,6
fetchdata,200,83,82
fastfouriertransform,200,716,712
fastfouriertransform,200,120,116
fastfouriertransform,200,11,7
matrixmul,200,18,12
genmatrix,200,40,32
matrixmul,200,23,16
fetchdata,200,80,80
linpack,200,702,697
linpack,200,601,597
matrixmul,200,20,13
linpack,200,14,9
genmatrix,200,45,37
fastfouriertransform,200,710,705
fastfouriertransform,200,515,507
fetchdata,200,82,82
matrixmul,200,590,585
genmatrix,200,6,6
genmatrix,200,4,4
linpack,200,705,701
linpack,200,614,609
fetchdata,200,77,77
fastfouriertransform,200,720,716
fastfouriertransform,200,126,121
genmatrix,200,38,29
genmatrix,200,11,10
matrixmul,200,576,567
fetchdata,200,77,77
linpack,200,1007,1002
fetchdata,200,76,76
linpack,200,12,7
matrixmul,200,630,624
matrixmul,200,441,436
fetchdata,200,86,86
linpack,200,13,8
fetchdata,200,77,77
fetchdata,200,80,80
genmatrix,200,16,15
linpack,200,14,9
fastfouriertransform,200,757,752
fastfouriertransform,200,460,456
genmatrix,200,6,5
fetchdata,200,77,77
genmatrix,200,4,3
fastfouriertransform,200,11,7
fastfouriertransform,200,15,10
fetchdata,200,80,80
genmatrix,200,6,6
fetchdata,200,77,76
matrixmul,200,35,29
fastfouriertransform,200,751,743
fastfouriertransform,200,350,346
fastfouriertransform,200,167,162
linpack,200,11,6
linpack,200,11,6
linpack,200,14,9
matrixmul,200,550,546
matrixmul,200,19,13
fastfouriertransform,200,786,782
linpack,200,756,751
linpack,200,17,10
matrixmul,200,561,555
matrixmul,200,478,472
matrixmul,200,287,285
fastfouriertransform,200,1200,1196
fastfouriertransform,200,713,708
genmatrix,200,40,28
linpack,200,11,6
genmatrix,200,11,9
linpack,200,17,10
genmatrix,200,11,8
linpack,200,12,7
matrixmul,200,17,11
fastfouriertransform,200,1138,1133
linpack,200,11,6
fetchdata,200,84,84
matrixmul,200,23,15
fastfouriertransform,200,1655,1649
fastfouriertransform,200,1464,1460
fastfouriertransform,200,667,663
genmatrix,200,10,8
matrixmul,200,561,551
fetchdata,200,91,90
fastfouriertransform,200,727,723
fastfouriertransform,200,233,228
genmatrix,200,4,3
matrixmul,200,1014,1007
matrixmul,200,928,922
matrixmul,200,442,436
linpack,200,19,14
linpack,200,17,11
genmatrix,200,36,28
matrixmul,200,1295,1289
matrixmul,200,17,12
fastfouriertransform,200,843,838
fastfouriertransform,200,748,743
genmatrix,200,6,5
linpack,200,726,721
fetchdata,200,87,87
matrixmul,200,18,12
fastfouriertransform,200,964,958
linpack,200,936,931
linpack,200,746,742
matrixmul,200,54,49
fastfouriertransform,200,1384,1165
genmatrix,200,4,3
fetchdata,200,90,89
genmatrix,200,12,10
genmatrix,200,5,5
linpack,200,1050,1044
linpack,200,656,652
linpack,200,559,555
linpack,200,871,865
linpack,200,474,470
fetchdata,200,77,76
linpack,200,11,7
matrixmul,200,18,12
fastfouriertransform,200,1499,1494
fetchdata,200,78,77
linpack,200,13,11
fetchdata,200,76,76
genmatrix,200,39,28
fastfouriertransform,200,2010,2009
fastfouriertransform,200,623,618
genmatrix,200,37,28
linpack,200,16,7
matrixmul,200,553,548
fastfouriertransform,200,17,12
fetchdata,200,82,82
fastfouriertransform,200,13,8
matrixmul,200,1008,1001
matrixmul,200,117,111
fetchdata,200,85,85
fastfouriertransform,200,743,738
matrixmul,200,599,592
genmatrix,200,36,28
linpack,200,735,732
genmatrix,200,7,6
fetchdata,200,82,82
matrixmul,200,956,948
matrixmul,200,671,665
fastfouriertransform,200,856,852
fastfouriertransform,200,66,61
genmatrix,200,4,4
fetchdata,200,80,80
genmatrix,200,18,16
linpack,200,834,830
linpack,200,740,735
linpack,200,451,445
fastfouriertransform,200,13,9
matrixmul,200,22,16
matrixmul,200,17,11
fetchdata,200,77,76
linpack,200,11,6
fetchdata,200,89,88
linpack,200,17,12
genmatrix,200,5,4
matrixmul,200,18,12
fastfouriertransform,200,732,727
fetchdata,200,82,82
genmatrix,200,7,7
linpack,200,745,738
matrixmul,200,562,556
matrixmul,200,175,168
matrixmul,200,20,14
fetchdata,200,77,77
fastfouriertransform,200,1353,1349
genmatrix,200,9,8
genmatrix,200,7,6
linpack,200,1348,1343
matrixmul,200,571,565
genmatrix,200,10,9
fastfouriertransform,200,1976,1971
fastfouriertransform,200,385,380
fastfouriertransform,200,286,281
fetchdata,200,80,80
genmatrix,200,6,5
linpack,200,1151,1147
linpack,200,1061,1056
linpack,200,473,468
fetchdata,200,82,82
fetchdata,200,78,78
linpack,200,12,7
fastfouriertransform,200,2361,2356
linpack,200,18,13
genmatrix,200,4,4
matrixmul,200,574,568
matrixmul,200,382,376
matrixmul,200,17,11
genmatrix,200,9,8
fastfouriertransform,200,3008,3004
fastfouriertransform,200,1411,1406
fastfouriertransform,200,1019,1015
genmatrix,200,42,33
linpack,200,711,707
linpack,200,214,209
matrixmul,200,567,560
genmatrix,200,9,7
linpack,200,13,8
matrixmul,200,619,614
fastfouriertransform,200,708,701
fastfouriertransform,200,531,526
fastfouriertransform,200,238,233
fastfouriertransform,200,343,338
linpack,200,11,6
linpack,200,11,7
fetchdata,200,82,82
matrixmul,200,575,570
fastfouriertransform,200,723,718
fetchdata,200,86,86
fetchdata,200,104,104
linpack,200,755,750
linpack,200,665,661
linpack,200,15,10
linpack,200,12,7
genmatrix,200,9,7
genmatrix,200,8,7
fastfouriertransform,200,938,933
matrixmul,200,570,563
linpack,200,15,10
genmatrix,200,7,6
genmatrix,200,5,5
linpack,200,12,6
matrixmul,200,633,627
genmatrix,200,41,35
fastfouriertransform,200,1546,1542
fastfouriertransform,200,1456,1451
linpack,200,13,8
genmatrix,200,13,13
linpack,200,15,10
fetchdata,200,85,85
genmatrix,200,37,29
matrixmul,200,693,687
matrixmul,200,17,11
linpack,200,11,6
genmatrix,200,7,6
matrixmul,200,17,11
genmatrix,200,4,3
genmatrix,200,11,8
fastfouriertransform,200,748,743
fetchdata,200,82,81
genmatrix,200,12,10
linpack,200,735,729
linpack,200,541,537
fetchdata,200,77,77
fetchdata,200,77,76
linpack,200,58,47
linpack,200,17,11
genmatrix,200,45,38
fetchdata,200,77,77
matrixmul,200,19,13
fastfouriertransform,200,735,730
fastfouriertransform,200,636,632
fetchdata,200,77,77
linpack,200,11,6
matrixmul,200,20,13
fetchdata,200,83,83
genmatrix,200,9,8
matrixmul,200,588,582
matrixmul,200,298,292
fetchdata,200,87,87
linpack,200,725,720
linpack,200,535,530
fetchdata,200,82,82
genmatrix,200,7,6
matrixmul,200,559,553
matrixmul,200,470,463
linpack,200,955,951
genmatrix,200,5,4
fetchdata,200,86,86
matrixmul,200,560,553
matrixmul,200,70,64
fetchdata,200,82,81
fastfouriertransform,200,11,6
linpack,200,1364,1359
linpack,200,1167,1162
linpack,200,874,864
linpack,200,783,779
fetchdata,200,127,127
matrixmul,200,567,561
fetchdata,200,75,75
genmatrix,200,5,5
genmatrix,200,4,3
fastfouriertransform,200,728,724
fetchdata,200,82,82
genmatrix,200,12,11
linpack,200,711,706
fetchdata,200,85,85
linpack,200,12,7
genmatrix,200,4,3
fastfouriertransform,200,1342,1337
fastfouriertransform,200,149,145
fetchdata,200,80,79
linpack,200,15,9
matrixmul,200,571,566
matrixmul,200,21,15
genmatrix,200,5,5
genmatrix,200,4,4
matrixmul,200,18,12
fastfouriertransform,200,1750,1745
fastfouriertransform,200,161,156
fastfouriertransform,200,12,7
matrixmul,200,23,17
fetchdata,200,78,77
fetchdata,200,79,79
matrixmul,200,17,12
linpack,200,735,731
linpack,200,442,438
linpack,200,348,343
fetchdata,200,85,85
matrixmul,200,19,13
fastfouriertransform,200,11,7
genmatrix,200,7,6
linpack,200,734,728
linpack,200,237,233
linpack,200,146,141
linpack,200,55,50
fastfouriertransform,200,79,75
genmatrix,200,36,28
matrixmul,200,571,565
fetchdata,200,85,85
genmatrix,200,4,4
matrixmul,200,922,916
fastfouriertransform,200,730,725
fetchdata,200,87,87
matrixmul,200,21,14
matrixmul,200,22,16
fetchdata,200,83,83
matrixmul,200,16,11
genmatrix,200,4,3
linpack,200,711,706
fastfouriertransform,200,1336,1331
fastfouriertransform,200,1133,1128
fastfouriertransform,200,345,341
genmatrix,200,46,39
matrixmul,200,21,14
fetchdata,200,77,76
genmatrix,200,5,5
fastfouriertransform,200,1672,1668
fastfouriertransform,200,787,781
genmatrix,200,12,10
matrixmul,200,561,555
genmatrix,200,4,3
fastfouriertransform,200,1391,1383
fastfouriertransform,200,1000,996
matrixmul,200,554,548
fetchdata,200,77,77
genmatrix,200,8,7
matrixmul,200,1006,1000
matrixmul,200,417,410
matrixmul,200,831,824
fastfouriertransform,200,1310,1306
fastfouriertransform,200,617,612
linpack,200,731,724
fastfouriertransform,200,124,118
genmatrix,200,47,34
genmatrix,200,16,15
matrixmul,200,1278,1272
matrixmul,200,887,881
matrixmul,200,303,298
matrixmul,200,220,207
genmatrix,200,47,40
fastfouriertransform,200,12,8
linpack,200,13,8
matrixmul,200,667,661
matrixmul,200,567,560
fetchdata,200,83,82
fetchdata,200,87,87
fetchdata,200,81,81
fetchdata,200,78,78
genmatrix,200,9,7
matrixmul,200,931,925
fastfouriertransform,200,11,7
fetchdata,200,89,89
genmatrix,200,9,7
matrixmul,200,1289,1283
matrixmul,200,900,893
matrixmul,200,513,507
fastfouriertransform,200,11,7
fetchdata,200,78,78
genmatrix,200,8,7
genmatrix,200,37,28
genmatrix,200,5,5
fastfouriertransform,200,15,10
matrixmul,200,754,747
fetchdata,200,77,77
genmatrix,200,9,7
matrixmul,200,23,17
matrixmul,200,20,14
fastfouriertransform,200,12,7
linpack,200,730,725
linpack,200,640,635
fetchdata,200,78,78
matrixmul,200,18,13
genmatrix,200,41,34
genmatrix,200,46,33
genmatrix,200,4,4
linpack,200,1036,1031
fastfouriertransform,200,791,787
fastfouriertransform,200,295,291
fetchdata,200,77,77
fastfouriertransform,200,14,8
fetchdata,200,84,84
matrixmul,200,22,15
genmatrix,200,35,28
linpack,200,840,835
linpack,200,546,540
matrixmul,200,17,11
fetchdata,200,84,83
fastfouriertransform,200,15,9
genmatrix,200,10,8
matrixmul,200,21,15
linpack,200,749,745
linpack,200,53,48
fetchdata,200,82,82
matrixmul,200,593,587
matrixmul,200,211,205
fetchdata,200,77,76
fetchdata,200,78,78
fastfouriertransform,200,739,733
fastfouriertransform,200,47,42
fetchdata,200,86,86
linpack,200,724,719
linpack,200,528,523
linpack,200,330,325
fetchdata,200,91,90
genmatrix,200,36,28
fetchdata,200,78,78
fetchdata,200,84,83
fetchdata,200,79,79
genmatrix,200,37,30
linpack,200,705,700
fastfouriertransform,200,751,746
fetchdata,200,96,96
fetchdata,200,86,86
linpack,200,1107,1103
linpack,200,796,792
linpack,200,517,511
fastfouriertransform,200,16,12
linpack,200,725,721
linpack,200,327,322
fastfouriertransform,200,15,8
fetchdata,200,84,84
matrixmul,200,17,11
genmatrix,200,9,8
linpack,200,934,929
linpack,200,843,838
fetchdata,200,87,87
fastfouriertransform,200,730,726
fastfouriertransform,200,132,128
linpack,200,1251,1246
matrixmul,200,567,561
matrixmul,200,485,480
fetchdata,200,90,90
genmatrix,200,43,34
genmatrix,200,36,28
genmatrix,200,9,7
fetchdata,200,77,76
matrixmul,200,825,819
linpack,200,1542,1537
linpack,200,648,643
linpack,200,158,152
fetchdata,200,91,91
fetchdata,200,77,76
matrixmul,200,1304,1299
matrixmul,200,217,211
matrixmul,200,19,12
matrixmul,200,22,16
fastfouriertransform,200,744,738
fetchdata,200,87,86
linpack,200,12,7
genmatrix,200,4,3
fetchdata,200,77,77
fastfouriertransform,200,1263,1259
fetchdata,200,78,77
matrixmul,200,574,566
matrixmul,200,489,483
linpack,200,714,709
genmatrix,200,11,10
fastfouriertransform,200,1697,1692
fetchdata,200,79,78
genmatrix,200,8,7
linpack,200,1013,1009
genmatrix,200,5,5
matrixmul,200,562,556
matrixmul,200,23,17
fastfouriertransform,200,1420,1417
fastfouriertransform,200,1027,1022
fetchdata,200,86,86
linpack,200,1508,1503
linpack,200,1217,1213
linpack,200,1021,1016
linpack,200,430,426
fastfouriertransform,200,1247,1241
fetchdata,200,92,92
genmatrix,200,37,29
genmatrix,200,4,3
linpack,200,927,922
fetchdata,200,80,80
matrixmul,200,556,549
fastfouriertransform,200,1184,1179
fastfouriertransform,200,17,10
fetchdata,200,77,76
genmatrix,200,9,7
linpack,200,1421,1416
linpack,502,23,18
fetchdata,200,84,83
genmatrix,200,41,34
genmatrix,200,5,5
matrixmul,200,19,12
genmatrix,200,36,28
genmatrix,200,37,28
linpack,200,2041,2037
linpack,200,1948,1944
linpack,200,1860,1856
matrixmul,200,20,14
matrixmul,200,19,13
genmatrix,200,8,7
linpack,200,1978,1973
linpack,200,1887,1882
linpack,200,1288,1283
linpack,200,700,695
fetchdata,200,79,78
fastfouriertransform,200,721,716
fastfouriertransform,200,524,519
fastfouriertransform,200,133,129
matrixmul,200,561,548
matrixmul,200,171,167
linpack,200,1216,1211
fetchdata,200,83,82
fetchdata,200,82,82
fastfouriertransform,200,11,6
genmatrix,200,11,10
linpack,200,1528,1523
linpack,200,1236,1232
linpack,200,844,840
fetchdata,200,88,88
fetchdata,200,88,88
matrixmul,200,17,11
fastfouriertransform,200,741,736
fastfouriertransform,200,145,139
fetchdata,200,78,78
fetchdata,200,79,78
genmatrix,200,41,31
linpack,200,1466,1462
linpack,200,1173,1168
linpack,200,582,578
matrixmul,200,21,14
fetchdata,200,77,77
genmatrix,200,45,38
matrixmul,200,584,578
matrixmul,200,80,74
fetchdata,200,86,85
fetchdata,200,77,76
linpack,200,722,718
genmatrix,200,36,28
fetchdata,200,80,79
linpack,200,17,13
genmatrix,200,8,7
fastfouriertransform,200,11,6
linpack,200,1329,1325
matrixmul,200,581,573
fetchdata,200,83,83
genmatrix,200,37,28
matrixmul,200,1050,1041
linpack,200,722,717
linpack,200,1623,1618
fetchdata,200,84,83
genmatrix,200,39,32
genmatrix,200,8,7
fastfouriertransform,200,720,715
linpack,200,13,7
matrixmul,200,1112,1098
matrixmul,200,517,511
matrixmul,200,728,721
linpack,200,12,7
fetchdata,200,123,123
fetchdata,200,86,86
fastfouriertransform,200,1333,1328
genmatrix,200,46,37
fastfouriertransform,200,647,642
matrixmul,200,17,11
linpack,200,11,6
fetchdata,200,124,124
matrixmul,200,17,11
fetchdata,200,84,84
genmatrix,200,10,8
fastfouriertransform,200,857,852
fastfouriertransform,200,13,8
linpack,200,12,7
linpack,200,11,6
matrixmul,200,570,564
fastfouriertransform,200,12,7
matrixmul,200,19,13
matrixmul,200,19,13
genmatrix,200,6,4
linpack,200,54,49
genmatrix,200,13,12
linpack,200,19,12
fastfouriertransform,200,719,714
matrixmul,200,19,13
genmatrix,200,4,4
fetchdata,200,85,85
matrixmul,200,20,14
fastfouriertransform,200,1133,1128
genmatrix,200,40,32
fetchdata,200,78,78
linpack,200,702,697
genmatrix,200,8,7
linpack,200,12,7
fetchdata,200,78,78
linpack,200,12,7
fastfouriertransform,200,1650,1645
fetchdata,200,77,77
genmatrix,200,4,4
matrixmul,200,589,583
matrixmul,200,24,18
linpack,200,738,733
fastfouriertransform,200,1759,1754
genmatrix,200,11,9
linpack,200,12,7
linpack,200,12,7
genmatrix,200,36,28
genmatrix,200,38,29
matrixmul,200,559,551
fetchdata,200,91,91
fastfouriertransform,200,1367,1362
fastfouriertransform,200,1275,1270
genmatrix,200,12,11
matrixmul,200,17,11
linpack,200,12,7
genmatrix,200,36,28
genmatrix,200,10,9
linpack,200,14,9
fastfouriertransform,200,796,792
fastfouriertransform,200,305,301
fetchdata,200,85,85
matrixmul,200,17,11
matrixmul,200,18,11
matrixmul,200,16,11
fastfouriertransform,200,2421,2417
fetchdata,200,82,82
linpack,200,711,707
linpack,200,416,411
genmatrix,200,4,4
linpack,200,740,734
linpack,200,451,446
linpack,200,258,253
fastfouriertransform,200,14,9
linpack,200,13,8
linpack,200,11,6
fetchdata,200,77,77
linpack,200,811,805
linpack,200,517,511
genmatrix,200,39,31
matrixmul,200,21,15
fetchdata,200,85,84
fastfouriertransform,200,11,7
matrixmul,200,17,11
matrixmul,200,19,13
matrixmul,200,31,15
fastfouriertransform,200,15,10
matrixmul,200,17,11
linpack,200,729,724
genmatrix,200,37,28
genmatrix,200,5,5
linpack,200,724,719
fetchdata,200,88,88
fastfouriertransform,200,733,729
fastfouriertransform,200,442,437
fastfouriertransform,200,248,243
fastfouriertransform,200,155,149
genmatrix,200,9,7
matrixmul,200,561,553
matrixmul,200,274,268
fetchdata,200,94,93
fastfouriertransform,200,11,6
linpack,200,11,6
genmatrix,200,8,8
matrixmul,200,567,561
fetchdata,200,82,82
fetchdata,200,82,81
fetchdata,200,78,78
matrixmul,200,1021,1016
matrixmul,200,433,427
fetchdata,200,83,82
fetchdata,200,78,78
matrixmul,200,1495,1488
matrixmul,200,605,599
fastfouriertransform,200,736,731
fetchdata,200,76,76
fastfouriertransform,200,12,7
linpack,200,720,714
linpack,200,713,708
fastfouriertransform,200,14,8
fetchdata,200,83,83
fastfouriertransform,200,11,6
matrixmul,200,762,756
matrixmul,200,372,365
linpack,200,12,7
matrixmul,200,18,12
linpack,200,25,20
fastfouriertransform,200,725,720
fastfouriertransform,200,536,532
fetchdata,200,79,78
genmatrix,200,4,4
genmatrix,200,4,4
linpack,200,735,730
linpack,200,442,437
fastfouriertransform,200,1149,1144
fastfouriertransform,200,853,849
genmatrix,200,4,4
linpack,200,12,8
linpack,200,724,719
linpack,200,333,327
fetchdata,200,86,85
matrixmul,200,579,572
matrixmul,200,199,190
matrixmul,200,105,99
genmatrix,200,37,28
matrixmul,200,23,16
genmatrix,200,40,29
fetchdata,200,83,83
fetchdata,200,77,77
genmatrix,200,62,31
matrixmul,200,564,558
matrixmul,200,372,366
fetchdata,200,89,89
fastfouriertransform,200,17,13
linpack,200,12,7
linpack,200,731,726
fetchdata,200,78,78
fetchdata,200,78,78
fetchdata,200,84,83
matrixmul,200,560,554
genmatrix,200,9,9
linpack,200,18,13
fetchdata,200,78,78
genmatrix,200,10,8
linpack,200,12,7
fastfouriertransform,200,745,740
fastfouriertransform,200,152,147
fetchdata,200,85,85
linpack,200,12,7
matrixmul,200,17,11
genmatrix,200,8,7
fastfouriertransform,200,12,7
fetchdata,200,85,85
fastfouriertransform,200,19,8
matrixmul,200,20,15
linpack,200,12,7
fetchdata,200,76,76
fetchdata,200,77,77
genmatrix,200,13,10
linpack,200,15,9
genmatrix,200,11,10
genmatrix,200,9,8
matrixmul,200,578,573
matrixmul,200,92,86
fetchdata,200,84,84
genmatrix,200,9,8
fastfouriertransform,200,11,6
fetchdata,200,76,76
linpack,200,704,700
matrixmul,200,564,558
fetchdata,200,78,78
genmatrix,200,41,30
linpack,200,17,11
fetchdata,200,77,76
genmatrix,200,4,4
fetchdata,200,85,85
linpack,200,19,14
matrixmul,200,572,566
matrixmul,200,286,280
genmatrix,200,11,8
matrixmul,200,19,13
fetchdata,200,77,77
genmatrix,200,5,5
fetchdata,200,91,91
matrixmul,200,564,558
fetchdata,200,85,85
fastfouriertransform,200,13,8
fastfouriertransform,200,11,7
fastfouriertransform,200,12,7
matrixmul,200,19,13
fetchdata,200,89,89
linpack,200,724,717
fetchdata,200,94,94
fetchdata,200,87,86
fastfouriertransform,200,12,7
fastfouriertransform,200,21,17
matrixmul,200,577,571
matrixmul,200,286,276
fastfouriertransform,200,11,6
genmatrix,200,50,28
genmatrix,200,6,5
linpack,200,716,710
linpack,200,22,13
matrixmul,200,23,17
linpack,200,710,705
linpack,200,519,514
fastfouriertransform,200,12,8
linpack,200,12,7
fetchdata,200,82,81
linpack,200,11,7
genmatrix,200,10,8
genmatrix,200,10,8
linpack,200,12,7
fetchdata,200,77,77
matrixmul,200,561,554
fastfouriertransform,200,740,735
fastfouriertransform,200,355,343
fastfouriertransform,200,257,252
fastfouriertransform,200,11,6
fetchdata,200,77,77
matrixmul,200,613,602
matrixmul,200,529,523
genmatrix,200,51,36
matrixmul,200,451,429
fastfouriertransform,200,22,15
fastfouriertransform,200,15,11
fetchdata,200,77,76
genmatrix,200,4,4
matrixmul,200,690,684
fastfouriertransform,200,15,11
genmatrix,200,50,33
linpack,200,14,9
fastfouriertransform,200,11,6
genmatrix,200,5,4
linpack,200,710,705
fetchdata,200,77,77
fetchdata,200,80,79
matrixmul,200,21,15
genmatrix,200,6,5
linpack,200,15,10
matrixmul,200,20,13
fetchdata,200,90,89
fastfouriertransform,200,13,9
genmatrix,200,5,5
linpack,200,717,712
fetchdata,200,76,76
linpack,200,704,699
genmatrix,200,36,28
linpack,200,13,8
genmatrix,200,11,10
fastfouriertransform,200,715,711
fastfouriertransform,200,227,222
genmatrix,200,44,28
matrixmul,200,572,566
matrixmul,200,286,281
fetchdata,200,81,81
linpack,200,71,67
fetchdata,200,77,76
fastfouriertransform,200,11,6
matrixmul,200,649,644
matrixmul,200,360,353
genmatrix,200,4,3
matrixmul,200,18,12
fetchdata,200,85,84
genmatrix,200,5,4
linpack,200,716,712
fastfouriertransform,200,12,7
genmatrix,200,9,8
genmatrix,200,9,8
fastfouriertransform,200,16,11
fastfouriertransform,200,15,8
matrixmul,200,646,639
linpack,200,11,7
fastfouriertransform,200,11,6
linpack,200,49,45
matrixmul,200,569,563
linpack,200,13,7
genmatrix,200,9,8
linpack,200,697,692
linpack,200,23,18
fastfouriertransform,200,748,744
linpack,200,14,9
fetchdata,200,130,130
matrixmul,200,580,574
matrixmul,200,92,86
fetchdata,200,77,76
genmatrix,200,10,9
matrixmul,200,17,11
fastfouriertransform,200,1059,1054
fastfouriertransform,200,68,64
fastfouriertransform,200,876,871
genmatrix,200,9,7
fetchdata,200,125,125
matrixmul,200,613,574
linpack,200,13,8
fetchdata,200,82,82
genmatrix,200,45,30
matrixmul,200,1045,1039
matrixmul,200,955,949
matrixmul,200,467,461
matrixmul,200,680,670
linpack,200,51,47
genmatrix,200,9,7
linpack,200,12,7
fastfouriertransform,200,718,713
matrixmul,200,640,634
fetchdata,200,77,77
genmatrix,200,4,4
genmatrix,200,44,35
fetchdata,200,77,77
matrixmul,200,1103,1096
matrixmul,200,1014,1007
fastfouriertransform,200,13,8
fetchdata,200,88,87
linpack,200,14,9
linpack,200,17,12
matrixmul,200,974,968
matrixmul,200,785,778
fetchdata,200,80,80
genmatrix,200,40,28
genmatrix,200,6,5
matrixmul,200,1031,1025
genmatrix,200,36,28
fetchdata,200,77,76
fastfouriertransform,200,727,722
matrixmul,200,1676,1669
matrixmul,200,1091,1085
matrixmul,200,704,697
matrixmul,200,847,841
matrixmul,200,358,350
linpack,200,706,705
linpack,200,518,513
fastfouriertransform,200,827,822
fetchdata,200,86,85
genmatrix,200,8,7
linpack,200,723,716
linpack,200,331,326
linpack,200,18,13
linpack,200,72,67
genmatrix,200,8,7
fastfouriertransform,200,1037,1032
fastfouriertransform,200,847,842
fastfouriertransform,200,154,149
linpack,200,14,8
linpack,200,15,11
matrixmul,200,565,559
matrixmul,200,476,470
linpack,200,17,12
linpack,200,13,9
linpack,200,18,12
linpack,200,15,11
genmatrix,200,7,6
matrixmul,200,578,575
genmatrix,200,9,7
fastfouriertransform,200,11,7
fetchdata,200,87,87
genmatrix,200,11,9
matrixmul,200,1035,1029
matrixmul,200,647,641
matrixmul,200,159,147
genmatrix,200,10,8
linpack,200,707,703
genmatrix,200,39,29
matrixmul,200,568,561
fastfouriertransform,200,726,722
fetchdata,200,77,77
fetchdata,200,80,79
fetchdata,200,90,90
fetchdata,200,82,82
matrixmul,200,17,11
matrixmul,200,17,11
fastfouriertransform,200,1237,1232
fastfouriertransform,200,1143,1138
fastfouriertransform,200,1050,1035
fastfouriertransform,200,858,852
fetchdata,200,77,76
fastfouriertransform,200,16,10
linpack,200,13,8
linpack,200,719,713
fastfouriertransform,200,13,7
matrixmul,200,587,581
matrixmul,200,302,294
fetchdata,200,76,76
genmatrix,200,41,32
fastfouriertransform,200,16,12
fastfouriertransform,200,15,10
fetchdata,200,84,84
genmatrix,200,4,4
matrixmul,200,768,763
matrixmul,200,17,11
genmatrix,200,36,28
matrixmul,200,17,11
genmatrix,200,39,30
matrixmul,200,29,17
matrixmul,200,23,17
genmatrix,200,9,7
linpack,200,12,7
genmatrix,200,44,34
linpack,200,13,8
fetchdata,200,83,83
genmatrix,200,4,3
fastfouriertransform,200,721,716
fastfouriertransform,200,126,115
fetchdata,200,76,76
fetchdata,200,84,84
linpack,200,17,12
linpack,200,12,7
matrixmul,200,567,561
matrixmul,200,279,273
matrixmul,200,189,183
fetchdata,200,86,85
fetchdata,200,85,84
genmatrix,200,5,5
linpack,200,735,731
fetchdata,200,76,76
matrixmul,200,56,50
fetchdata,200,87,87
matrixmul,200,20,14
linpack,200,13,8
fastfouriertransform,200,744,738
fetchdata,200,84,83
linpack,200,17,11
matrixmul,200,579,573
fetchdata,200,82,82
fetchdata,200,76,76
genmatrix,200,4,4
fastfouriertransform,200,1354,1349
linpack,200,12,8
matrixmul,200,1031,1026
linpack,200,12,7
genmatrix,200,38,29
genmatrix,200,245,28
matrixmul,200,1472,1467
fastfouriertransform,200,1066,1062
fastfouriertransform,200,174,169
matrixmul,200,786,780
matrixmul,200,101,94
matrixmul,200,715,707
fetchdata,200,93,93
fastfouriertransform,200,13,8
fetchdata,200,86,86
genmatrix,200,9,7
fetchdata,200,86,86
linpack,200,12,7
genmatrix,200,37,28
linpack,200,11,7
fastfouriertransform,200,724,720
matrixmul,200,17,11
linpack,200,11,7
fetchdata,200,85,84
genmatrix,200,42,33
genmatrix,200,39,28
linpack,200,11,6
fastfouriertransform,200,1247,1243
fastfouriertransform,200,350,347
fastfouriertransform,200,1159,1154
genmatrix,200,39,28
genmatrix,200,9,7
linpack,200,16,11
fastfouriertransform,200,15,8
matrixmul,200,17,11
genmatrix,200,37,28
fetchdata,200,77,77
fetchdata,200,85,85
linpack,200,735,729
fetchdata,200,89,88
genmatrix,200,12,11
fetchdata,200,76,76
genmatrix,200,39,30
matrixmul,200,586,580
linpack,200,13,8
genmatrix,200,38,28
genmatrix,200,8,7
linpack,200,13,8
matrixmul,200,839,831
matrixmul,200,751,745
fastfouriertransform,200,730,726
fastfouriertransform,200,134,129
genmatrix,200,5,4
fetchdata,200,76,76
fetchdata,200,78,78
matrixmul,200,811,803
genmatrix,200,17,8
matrixmul,200,523,516
genmatrix,200,14,12
linpack,200,12,8
fetchdata,200,77,76
linpack,200,710,705
fastfouriertransform,200,11,6
fastfouriertransform,200,15,11
fastfouriertransform,200,14,9
matrixmul,200,595,590
matrixmul,200,307,301
fetchdata,200,77,77
fetchdata,200,85,85
genmatrix,200,6,6
genmatrix,200,6,6
genmatrix,200,12,10
matrixmul,200,683,677
fastfouriertransform,200,727,723
fetchdata,200,76,76
matrixmul,200,18,11
genmatrix,200,56,41
fetchdata,200,88,88
fetchdata,200,77,77
fastfouriertransform,200,844,840
fastfouriertransform,200,352,346
fastfouriertransform,200,258,254
fastfouriertransform,200,64,60
linpack,200,27,22
linpack,200,14,7
matrixmul,200,25,16
fastfouriertransform,200,12,8
genmatrix,200,5,4
matrixmul,200,19,11
fetchdata,200,82,82
fastfouriertransform,200,15,11
matrixmul,200,21,16
fastfouriertransform,200,12,7
genmatrix,200,13,11
genmatrix,200,4,3
matrixmul,200,18,12
fetchdata,200,88,87
linpack,200,17,12
fastfouriertransform,200,13,9
fetchdata,200,79,79
genmatrix,200,38,28
fetchdata,200,80,80
fetchdata,200,89,89
linpack,200,19,13
matrixmul,200,18,12
fastfouriertransform,200,14,10
fetchdata,200,80,80
linpack,200,11,7
fetchdata,200,86,85
genmatrix,200,39,29
fastfouriertransform,200,11,7
linpack,200,11,7
matrixmul,200,579,572
linpack,200,12,7
fastfouriertransform,200,13,9
genmatrix,200,5,5
linpack,200,13,7
linpack,200,12,7
matrixmul,200,1046,1032
fastfouriertransform,200,12,7
linpack,200,731,726
fastfouriertransform,200,12,8
linpack,200,11,6
matrixmul,200,569,563
linpack,200,12,8
genmatrix,200,10,8
fetchdata,200,95,95
genmatrix,200,42,32
matrixmul,200,932,926
matrixmul,200,743,738
fetchdata,200,77,77
fastfouriertransform,200,12,7
linpack,200,12,7
fetchdata,200,85,85
linpack,200,722,717
matrixmul,200,17,11
matrixmul,200,17,11
fastfouriertransform,200,738,732
genmatrix,200,5,5
genmatrix,200,6,5
linpack,200,721,716
fetchdata,200,77,77
genmatrix,200,12,10
fastfouriertransform,200,1288,1283
matrixmul,200,22,16
linpack,200,1331,1327
linpack,200,1037,1032
linpack,200,942,937
linpack,200,649,645
linpack,200,356,351
fetchdata,200,77,76
fetchdata,200,75,75
matrixmul,200,30,25
matrixmul,200,19,12
linpack,200,14,9
genmatrix,200,46,35
fastfouriertransform,200,743,738
fetchdata,200,81,81
fastfouriertransform,200,11,6
fetchdata,200,77,77
fastfouriertransform,200,12,7
linpack,200,17,11
genmatrix,200,6,6
genmatrix,200,4,4
genmatrix,200,41,28
fastfouriertransform,200,12,7
matrixmul,200,578,572
genmatrix,200,9,7
genmatrix,200,44,34
linpack,200,15,10
matrixmul,200,17,11
genmatrix,200,4,4
matrixmul,200,21,15
fetchdata,200,134,133
fastfouriertransform,200,759,754
fetchdata,200,111,111
linpack,200,11,7
fetchdata,200,87,87
fastfouriertransform,200,1299,1295
fastfouriertransform,200,707,703
fastfouriertransform,200,617,612
fastfouriertransform,200,421,416
fetchdata,200,77,77
linpack,200,12,8
genmatrix,200,5,4
matrixmul,200,564,555
matrixmul,200,477,471
matrixmul,200,190,184
matrixmul,200,22,13
genmatrix,200,10,8
fastfouriertransform,200,11,7
genmatrix,200,4,3
linpack,200,12,7
fastfouriertransform,200,11,7
fetchdata,200,84,84
genmatrix,200,9,7
genmatrix,200,4,4
fetchdata,200,87,87
fastfouriertransform,200,740,735
linpack,200,709,704
fetchdata,200,79,79
fetchdata,200,83,82
fastfouriertransform,200,1350,1346
matrixmul,200,578,572
matrixmul,200,88,82
fetchdata,200,79,78
genmatrix,200,38,28
linpack,200,1104,1100
linpack,200,1011,1006
matrixmul,200,26,20
genmatrix,200,6,5
fastfouriertransform,200,1662,1656
fetchdata,200,83,83
fetchdata,200,77,77
matrixmul,200,17,12
fetchdata,200,76,76
genmatrix,200,4,4
linpack,200,1506,1501
linpack,200,1312,1298
genmatrix,200,12,11
fastfouriertransform,200,1178,1174
fastfouriertransform,200,1086,1083
fastfouriertransform,200,293,288
fastfouriertransform,200,12,7
fastfouriertransform,200,11,6
fetchdata,200,78,78
matrixmul,200,18,13
linpack,200,717,711
linpack,200,123,118
fetchdata,200,85,84
genmatrix,200,8,7
genmatrix,200,8,7
genmatrix,200,10,9
fetchdata,200,93,92
fastfouriertransform,200,714,709
fetchdata,200,79,79
linpack,200,12,7
fetchdata,200,77,76
matrixmul,200,574,568
fetchdata,200,76,76
fetchdata,200,85,85
genmatrix,200,9,7
genmatrix,200,4,3
matrixmul,200,583,577
matrixmul,200,495,487
fastfouriertransform,200,11,6
genmatrix,200,44,31
linpack,200,739,734
linpack,200,146,141
fetchdata,200,82,82
fetchdata,200,93,93
fetchdata,200,76,76
matrixmul,200,17,11
fastfouriertransform,200,12,7
genmatrix,200,10,8
fetchdata,200,84,84
linpack,200,11,6
linpack,200,11,6
matrixmul,200,571,565
fetchdata,200,77,77
fastfouriertransform,200,734,729
fastfouriertransform,200,637,632
fastfouriertransform,200,542,538
fastfouriertransform,200,450,446
fastfouriertransform,200,155,151
fastfouriertransform,200,14,9
fastfouriertransform,200,13,8
matrixmul,200,572,566
matrixmul,200,82,77
matrixmul,200,71,11
linpack,200,720,715
fetchdata,200,78,78
matrixmul,200,22,15
fastfouriertransform,200,743,738
fastfouriertransform,200,651,646
genmatrix,200,4,3
fetchdata,200,79,78
genmatrix,200,8,7
matrixmul,200,553,546
matrixmul,200,364,358
fetchdata,200,93,92
linpack,200,14,10
linpack,200,13,8
genmatrix,200,8,7
fastfouriertransform,200,866,862
matrixmul,200,20,14
matrixmul,200,38,32
matrixmul,200,18,13
matrixmul,200,24,18
linpack,200,13,8
linpack,200,12,7
matrixmul,200,18,12
genmatrix,200,8,7
fastfouriertransform,200,725,720
genmatrix,200,42,32
fetchdata,200,77,76
genmatrix,200,38,28
fetchdata,200,79,79
genmatrix,200,7,6
linpack,200,707,703
matrixmul,200,583,577
matrixmul,200,95,89
genmatrix,200,41,32
fetchdata,200,78,78
fastfouriertransform,200,12,7
fetchdata,200,76,76
linpack,200,1229,1224
fastfouriertransform,200,14,8
linpack,200,136,130
genmatrix,200,5,4
fetchdata,200,78,78
genmatrix,200,39,28
fastfouriertransform,200,12,7
genmatrix,200,55,37
linpack,200,739,733
matrixmul,200,20,11
genmatrix,200,4,4
matrixmul,200,21,14
fastfouriertransform,200,18,9
fetchdata,200,93,93
linpack,200,1147,1142
linpack,200,652,647
linpack,200,764,759
fetchdata,200,79,79
fetchdata,200,78,78
fetchdata,200,86,86
linpack,200,713,709
linpack,200,519,512
fastfouriertransform,200,722,718
fastfouriertransform,200,1785,1775
fastfouriertransform,200,407,399
fastfouriertransform,200,1223,1214
fastfouriertransform,200,1126,1118
fastfouriertransform,200,1528,1520
fastfouriertransform,200,39,31
linpack,200,1732,1723
linpack,200,1151,1144
genmatrix,200,183,182
genmatrix,200,562,562
genmatrix,200,2068,2067
fastfouriertransform,200,13,9
fetchdata,200,2351,2351
genmatrix,200,42,32
fetchdata,200,1426,1425
fetchdata,200,1011,1011
fetchdata,200,2001,2000
linpack,200,1764,1756
fetchdata,200,78,78
fastfouriertransform,200,752,746
fastfouriertransform,200,652,647
fastfouriertransform,200,256,248
fastfouriertransform,200,73,66
genmatrix,200,12,10
genmatrix,200,6,6
genmatrix,200,10,8
linpack,200,2252,2244
fetchdata,200,77,77
genmatrix,200,38,28
fastfouriertransform,200,725,717
fastfouriertransform,200,138,133
fetchdata,200,88,88
matrixmul,200,2561,2553
fetchdata,200,88,87
matrixmul,200,1786,1782
matrixmul,200,2201,2197
genmatrix,200,39,29
linpack,200,2158,2155
genmatrix,200,4,4
fetchdata,200,79,79
genmatrix,200,11,9
matrixmul,200,543,535
genmatrix,200,6,6
fetchdata,200,81,80
genmatrix,200,4,4
linpack,200,4446,4438
linpack,200,4050,4043
genmatrix,200,7,7
fetchdata,200,84,84
genmatrix,200,39,28
matrixmul,200,567,562
matrixmul,200,478,473
linpack,200,2981,2971
linpack,200,2888,2883
linpack,200,1388,1378
linpack,200,301,297
genmatrix,200,4,4
fetchdata,200,88,88
matrixmul,200,20,15
fastfouriertransform,200,11,7
fetchdata,200,78,78
fetchdata,200,78,78
linpack,200,795,791
matrixmul,200,16,11
matrixmul,200,22,17
matrixmul,200,22,17
genmatrix,200,43,31
linpack,200,1401,1392
genmatrix,200,7,7
fastfouriertransform,200,740,740
fastfouriertransform,200,356,351
fastfouriertransform,200,265,261
genmatrix,200,10,9
fetchdata,200,84,84
fastfouriertransform,200,12,6
genmatrix,200,43,30
fetchdata,200,78,77
linpack,200,708,704
fastfouriertransform,200,12,7
genmatrix,200,42,35
linpack,200,18,15
fetchdata,200,85,85
genmatrix,200,4,3
linpack,200,11,7
fastfouriertransform,200,51,47
genmatrix,200,14,12
fastfouriertransform,200,14,10
genmatrix,200,10,8
fetchdata,200,78,78
fetchdata,200,78,78
fastfouriertransform,200,14,10
matrixmul,200,21,19
linpack,200,13,9
fetchdata,200,79,79
matrixmul,200,17,12
fetchdata,200,76,76
linpack,200,12,8
matrixmul,200,21,15
linpack,200,13,9
fetchdata,200,85,84
genmatrix,200,10,7
genmatrix,200,8,7
fastfouriertransform,200,17,8
fetchdata,200,88,87
genmatrix,200,10,9
linpack,200,13,9
fetchdata,200,76,75
fetchdata,200,79,79
linpack,200,712,708
fastfouriertransform,200,12,8
fastfouriertransform,200,15,8
fastfouriertransform,200,14,10
genmatrix,200,5,5
linpack,200,11,7
genmatrix,200,41,29
matrixmul,200,26,18
linpack,200,17,12
linpack,200,12,8
matrixmul,200,18,13
fetchdata,200,80,80
fastfouriertransform,200,18,14
matrixmul,200,568,563
fastfouriertransform,200,11,7
fastfouriertransform,200,11,7
genmatrix,200,7,6
fetchdata,200,82,82
matrixmul,200,817,604
fetchdata,200,83,83
genmatrix,200,9,7
fetchdata,200,83,82
matrixmul,200,1269,1264
matrixmul,200,1191,1185
matrixmul,200,897,890
matrixmul,200,514,507
fastfouriertransform,200,15,9
matrixmul,200,426,421
matrixmul,200,138,132
linpack,200,12,8
fastfouriertransform,200,10,6
fetchdata,200,77,77
fetchdata,200,87,87
fastfouriertransform,200,13,8
matrixmul,200,557,551
matrixmul,200,265,259
linpack,200,14,11
fetchdata,200,88,88
fetchdata,200,79,79
matrixmul,200,718,714
linpack,200,11,7
linpack,200,11,6
genmatrix,200,7,6
fastfouriertransform,200,98,93
linpack,200,15,10
matrixmul,200,1160,1151
matrixmul,200,1072,1067
matrixmul,200,885,879
matrixmul,200,199,192
fastfouriertransform,200,14,11
fastfouriertransform,200,11,6
fastfouriertransform,200,11,7
fastfouriertransform,200,12,8
fetchdata,200,83,82
fastfouriertransform,200,14,10
fetchdata,200,81,81
linpack,200,11,7
linpack,200,12,7
matrixmul,200,17,12
linpack,200,13,8
genmatrix,200,4,4
genmatrix,200,4,3
genmatrix,200,9,7
fetchdata,200,78,78
genmatrix,200,12,9
genmatrix,200,6,6
linpack,200,712,707
linpack,200,13,7
linpack,200,11,6
fetchdata,200,87,87
genmatrix,200,9,7
fastfouriertransform,200,707,703
fastfouriertransform,200,519,514
fastfouriertransform,200,121,117
fetchdata,200,78,77
linpack,200,13,7
genmatrix,200,40,31
linpack,200,706,701
linpack,200,52,47
fastfouriertransform,200,12,8
genmatrix,200,4,4
fastfouriertransform,200,12,6
linpack,200,11,7
genmatrix,200,15,14
linpack,200,14,9
genmatrix,200,5,5
linpack,200,763,758
genmatrix,200,37,29
fastfouriertransform,200,11,7
fastfouriertransform,200,13,8
genmatrix,200,5,5
genmatrix,200,4,3
matrixmul,200,574,569
fastfouriertransform,200,10,6
fastfouriertransform,200,21,16
fetchdata,200,85,84
matrixmul,200,933,927
matrixmul,200,546,537
matrixmul,200,455,447
linpack,200,11,7
fetchdata,200,77,76
fetchdata,200,79,79
genmatrix,200,9,8
fetchdata,200,83,83
fastfouriertransform,200,712,707
fetchdata,200,82,82
linpack,200,11,6
fetchdata,200,87,87
fetchdata,200,85,85
matrixmul,200,22,16
fastfouriertransform,200,925,920
fetchdata,200,80,80
genmatrix,200,9,7
linpack,200,708,703
fetchdata,200,76,76
fetchdata,200,76,75
fetchdata,200,83,83
fastfouriertransform,200,1343,1339
genmatrix,200,4,4
fetchdata,200,78,77
fetchdata,200,78,78
genmatrix,200,8,7
matrixmul,200,556,551
genmatrix,200,45,32
fastfouriertransform,200,1042,825
genmatrix,200,4,4
linpack,200,713,700
genmatrix,200,45,32
fastfouriertransform,200,1655,1650
genmatrix,200,9,7
linpack,200,722,717
genmatrix,200,7,6
matrixmul,200,26,16
linpack,200,1007,1002
linpack,200,309,303
fastfouriertransform,200,1653,1648
fastfouriertransform,200,1256,1252
linpack,200,910,906
linpack,200,621,617
linpack,200,123,119
fetchdata,200,77,76
matrixmul,200,17,11
genmatrix,200,40,28
genmatrix,200,41,28
genmatrix,200,47,35
genmatrix,200,46,33
fastfouriertransform,200,1171,1166
fastfouriertransform,200,271,266
fastfouriertransform,200,1686,1682
genmatrix,200,87,28
fetchdata,200,83,83
matrixmul,200,552,546
matrixmul,200,467,460
matrixmul,200,183,175
matrixmul,200,96,90
fetchdata,200,84,83
matrixmul,200,16,11
genmatrix,200,8,8
matrixmul,200,22,16
linpack,200,13,8
genmatrix,200,9,7
linpack,200,705,699
fetchdata,200,78,78
fastfouriertransform,200,719,714
fetchdata,200,87,87
linpack,200,12,8
matrixmul,200,564,557
matrixmul,200,371,365
genmatrix,200,4,3
fetchdata,200,84,83
fastfouriertransform,200,707,702
fastfouriertransform,200,412,408
fastfouriertransform,200,109,105
fetchdata,200,91,91
linpack,200,11,7
linpack,200,714,710
linpack,200,12,7
fetchdata,200,104,104
fastfouriertransform,200,13,9
matrixmul,200,575,571
fetchdata,200,81,80
fastfouriertransform,200,13,9
fetchdata,200,85,84
matrixmul,200,929,923
matrixmul,200,842,836
matrixmul,200,559,553
matrixmul,200,65,59
matrixmul,200,18,12
linpack,200,12,6
matrixmul,200,19,14
linpack,200,737,734
fetchdata,200,84,84
genmatrix,200,4,4
linpack,200,700,695
genmatrix,200,36,28
linpack,200,732,727
fetchdata,200,93,92
matrixmul,200,551,544
matrixmul,200,261,256
matrixmul,200,75,69
genmatrix,200,6,5
genmatrix,200,8,7
genmatrix,200,36,28
fastfouriertransform,200,11,7
fetchdata,200,85,85
matrixmul,200,25,13
linpack,200,1337,1333
fetchdata,200,86,86
fetchdata,200,81,81
genmatrix,200,38,28
fastfouriertransform,200,14,9
linpack,200,13,9
matrixmul,200,569,563
fastfouriertransform,200,12,7
genmatrix,200,10,8
linpack,200,13,8
matrixmul,200,919,912
fetchdata,200,125,125
fetchdata,200,103,103
fastfouriertransform,200,725,722
genmatrix,200,50,38
matrixmul,200,1272,1266
fetchdata,200,80,80
fetchdata,200,77,77
linpack,200,62,58
matrixmul,200,1510,1503
linpack,200,13,9
matrixmul,200,1223,1216
fastfouriertransform,200,755,749
fastfouriertransform,200,15,9
matrixmul,200,1375,1368
matrixmul,200,1082,1075
matrixmul,200,402,395
matrixmul,200,312,305
matrixmul,200,720,713
fetchdata,200,78,78
genmatrix,200,12,10
fastfouriertransform,200,732,728
matrixmul,200,675,669
linpack,200,11,6
genmatrix,200,5,4
fetchdata,200,79,79
matrixmul,200,929,923
fastfouriertransform,200,850,846
fastfouriertransform,200,460,456
fastfouriertransform,200,771,767
fetchdata,200,77,77
fastfouriertransform,200,377,371
fastfouriertransform,200,180,175
fetchdata,200,79,79
fastfouriertransform,200,11,7
fetchdata,200,81,81
genmatrix,200,12,11
matrixmul,200,1373,1368
fetchdata,200,84,84
linpack,200,10,7
fastfouriertransform,200,11,6
genmatrix,200,5,4
linpack,200,15,9
genmatrix,200,47,39
fetchdata,200,78,77
linpack,200,10,6
fetchdata,200,78,78
genmatrix,200,42,38
linpack,200,14,8
matrixmul,200,563,557
linpack,200,14,9
genmatrix,200,40,29
matrixmul,200,51,45
genmatrix,200,4,3
linpack,200,12,8
genmatrix,200,5,5
genmatrix,200,38,28
fetchdata,200,83,82
matrixmul,200,557,550
matrixmul,200,249,243
fetchdata,200,86,86
linpack,200,16,10
genmatrix,200,39,30
fastfouriertransform,200,731,726
genmatrix,200,7,6
matrixmul,200,562,557
matrixmul,200,178,170
matrixmul,200,89,83
linpack,200,728,723
linpack,200,32,27
linpack,200,708,704
genmatrix,200,6,6
fastfouriertransform,200,729,726
genmatrix,200,9,8
genmatrix,200,8,7
matrixmul,200,581,574
matrixmul,200,295,290
linpack,200,11,6
genmatrix,200,40,28
fetchdata,200,93,88
fastfouriertransform,200,959,955
fastfouriertransform,200,264,260
fetchdata,200,84,84
linpack,200,11,6
fastfouriertransform,200,11,7
genmatrix,200,6,6
matrixmul,200,571,551
matrixmul,200,365,359
fetchdata,200,80,80
matrixmul,200,814,807
matrixmul,200,517,512
matrixmul,200,232,225
matrixmul,200,44,38
genmatrix,200,44,35
linpack,200,706,702
genmatrix,200,10,9
fetchdata,200,78,78
linpack,200,712,707
fetchdata,200,81,81
fastfouriertransform,200,14,9
linpack,200,13,9
matrixmul,200,548,542
fetchdata,200,82,82
fetchdata,200,77,77
linpack,200,12,7
linpack,200,1209,1204
fastfouriertransform,200,13,9
genmatrix,200,5,4
genmatrix,200,4,4
matrixmul,200,587,578
genmatrix,200,4,3
linpack,200,12,7
genmatrix,200,6,6
linpack,200,717,712
fastfouriertransform,200,17,12
genmatrix,200,41,33
fetchdata,200,78,77
matrixmul,200,16,11
fastfouriertransform,200,12,7
genmatrix,200,11,10
genmatrix,200,6,6
matrixmul,200,586,579
matrixmul,200,294,288
linpack,200,14,8
matrixmul,200,230,14
fetchdata,200,77,77
genmatrix,200,4,3
fastfouriertransform,200,737,733
fetchdata,200,77,77
linpack,200,14,9
linpack,200,20,10
genmatrix,200,36,28
fastfouriertransform,200,1268,1263
fastfouriertransform,200,975,971
linpack,200,702,697
linpack,200,11,7
fastfouriertransform,200,12,7
fastfouriertransform,200,19,15
matrixmul,200,555,549
linpack,200,712,707
fetchdata,200,89,89
fastfouriertransform,200,13,9
fetchdata,200,77,77
linpack,200,11,7
fetchdata,200,79,79
matrixmul,200,914,908
genmatrix,200,5,4
fetchdata,200,77,77
genmatrix,200,41,33
matrixmul,200,587,581
matrixmul,200,100,94
fetchdata,200,82,82
linpack,200,14,9
linpack,200,714,707
fetchdata,200,86,85
fastfouriertransform,200,12,7
fetchdata,200,76,76
fetchdata,200,77,77
fetchdata,200,84,84
fastfouriertransform,200,14,9
genmatrix,200,44,36
matrixmul,200,17,12
matrixmul,200,16,11
genmatrix,200,39,30
linpack,200,13,8
fastfouriertransform,200,11,7
linpack,200,721,712
genmatrix,200,45,29
matrixmul,200,567,558
genmatrix,200,5,4
linpack,200,11,7
genmatrix,200,37,28
matrixmul,200,924,918
fastfouriertransform,200,733,729
fastfouriertransform,200,444,442
fastfouriertransform,200,250,246
fastfouriertransform,200,58,53
matrixmul,200,16,11
fetchdata,200,88,88
matrixmul,200,562,555
matrixmul,200,376,370
matrixmul,200,292,286
genmatrix,200,44,32
fastfouriertransform,200,13,8
genmatrix,200,12,10
matrixmul,200,744,738
genmatrix,200,10,8
linpack,200,13,8
matrixmul,200,1198,1193
fastfouriertransform,200,726,722
fetchdata,200,77,77
genmatrix,200,39,28
matrixmul,200,1351,1345
matrixmul,200,1259,1252
matrixmul,200,569,563
fetchdata,200,83,83
matrixmul,200,272,263
matrixmul,200,193,186
linpack,200,701,696
linpack,200,16,11
genmatrix,200,8,7
matrixmul,200,16,11
fastfouriertransform,200,1337,1333
linpack,200,17,8
fetchdata,200,86,86
linpack,200,12,7
fastfouriertransform,200,1846,1841
fastfouriertransform,200,652,647
fastfouriertransform,200,160,156
fetchdata,200,88,88
genmatrix,200,44,34
genmatrix,200,9,7
linpack,200,701,696
fetchdata,200,84,84
linpack,200,12,6
fastfouriertransform,200,771,767
fastfouriertransform,200,676,671
linpack,200,16,11
matrixmul,200,563,556
matrixmul,200,270,264
fetchdata,200,88,88
genmatrix,200,13,11
genmatrix,200,40,32
genmatrix,200,4,3
genmatrix,200,36,28
genmatrix,200,37,29
linpack,200,14,9
matrixmul,200,64,14
matrixmul,200,20,13
genmatrix,200,39,30
fetchdata,200,82,81
matrixmul,200,574,568
fetchdata,200,81,81
genmatrix,200,39,28
linpack,200,711,705
matrixmul,200,823,816
matrixmul,200,535,528
matrixmul,200,450,444
matrixmul,200,258,252
fetchdata,200,88,88
fastfouriertransform,200,11,7
linpack,200,11,6
genmatrix,200,4,3
matrixmul,200,706,700
matrixmul,200,214,208
fastfouriertransform,200,15,10
fetchdata,200,81,80
fetchdata,200,79,79
genmatrix,200,39,31
linpack,200,719,713
genmatrix,200,41,28
matrixmul,200,571,565
matrixmul,200,383,377
matrixmul,200,17,12
genmatrix,200,7,6
fastfouriertransform,200,727,722
fastfouriertransform,200,332,327
fastfouriertransform,200,243,238
linpack,200,701,696
fetchdata,200,79,79
genmatrix,200,4,3
genmatrix,200,13,12
fastfouriertransform,200,778,772
fastfouriertransform,200,685,680
matrixmul,200,18,12
fetchdata,200,78,78
matrixmul,200,17,11
fetchdata,200,78,78
fetchdata,200,84,84
linpack,200,14,10
fastfouriertransform,200,1303,1299
fetchdata,200,78,77
linpack,200,11,6
fetchdata,200,77,76
genmatrix,200,10,9
genmatrix,200,48,33
linpack,200,717,712
genmatrix,200,48,31
fastfouriertransform,200,1707,1703
linpack,200,13,8
genmatrix,200,38,29
genmatrix,200,40,29
matrixmul,200,18,12
genmatrix,200,10,9
genmatrix,200,5,5
fastfouriertransform,200,923,919
genmatrix,200,37,30
genmatrix,200,44,36
genmatrix,200,6,6
matrixmul,200,552,545
matrixmul,200,367,363
fastfouriertransform,200,1327,1323
fetchdata,200,77,77
genmatrix,200,5,5
matrixmul,200,543,537
fetchdata,200,85,84
genmatrix,200,41,32
fastfouriertransform,200,3735,3730
fastfouriertransform,200,1343,1339
fastfouriertransform,200,753,749
fastfouriertransform,200,660,656
fetchdata,200,83,83
fastfouriertransform,200,11,7
matrixmul,200,787,782
matrixmul,200,17,11
genmatrix,200,10,9
fetchdata,200,131,131
matrixmul,200,17,11
fetchdata,200,86,85
fastfouriertransform,200,719,715
linpack,200,706,700
genmatrix,200,8,8
genmatrix,200,11,9
genmatrix,200,42,34
genmatrix,200,4,4
matrixmul,200,17,11
linpack,200,708,703
linpack,200,621,616
fetchdata,200,77,77
matrixmul,200,19,14
genmatrix,200,8,8
matrixmul,200,22,15
genmatrix,200,48,35
genmatrix,200,36,29
genmatrix,200,35,29
matrixmul,200,18,12
genmatrix,200,6,6
fetchdata,200,86,85
fastfouriertransform,200,703,699
fastfouriertransform,200,108,103
fastfouriertransform,200,12,7
matrixmul,200,17,11
genmatrix,200,50,40
matrixmul,200,21,15
fetchdata,200,79,79
linpack,200,703,699
linpack,200,609,605
matrixmul,200,16,11
linpack,200,12,8
genmatrix,200,47,38
fastfouriertransform,200,718,713
fastfouriertransform,200,525,521
fetchdata,200,77,77
matrixmul,200,565,558
genmatrix,200,5,5
genmatrix,200,5,4
linpack,200,704,700
linpack,200,617,612
fetchdata,200,78,77
fastfouriertransform,200,719,718
genmatrix,200,37,29
fastfouriertransform,200,135,131
genmatrix,200,6,5
matrixmul,200,554,548
fetchdata,200,84,83
linpack,200,1006,1001
fetchdata,200,77,77
linpack,200,12,7
matrixmul,200,605,598
matrixmul,200,414,408
fetchdata,200,89,88
linpack,200,15,10
fetchdata,200,79,79
fetchdata,200,77,77
genmatrix,200,4,4
fastfouriertransform,200,749,745
linpack,200,53,48
fastfouriertransform,200,452,447
genmatrix,200,7,7
fetchdata,200,85,85
genmatrix,200,4,4
fastfouriertransform,200,11,7
fastfouriertransform,200,12,7
fetchdata,200,87,86
genmatrix,200,5,5
fetchdata,200,80,80
matrixmul,200,21,15
fastfouriertransform,200,730,726
fastfouriertransform,200,335,330
fastfouriertransform,200,148,142
linpack,200,13,9
linpack,200,12,8
linpack,200,11,6
matrixmul,200,566,557
matrixmul,200,25,12
fastfouriertransform,200,782,777
linpack,200,714,708
linpack,200,17,11
matrixmul,200,572,564
matrixmul,200,480,475
matrixmul,200,294,289
fastfouriertransform,200,1194,1189
fastfouriertransform,200,703,697
genmatrix,200,46,38
linpack,200,11,6
genmatrix,200,8,7
linpack,200,11,6
genmatrix,200,9,7
linpack,200,16,10
matrixmul,200,22,16
fastfouriertransform,200,1135,1131
linpack,200,11,6
fetchdata,200,78,78
matrixmul,200,17,11
fastfouriertransform,200,1637,1632
fastfouriertransform,200,1436,1432
fastfouriertransform,200,652,648
genmatrix,200,9,7
matrixmul,200,580,573
fetchdata,200,76,76
fastfouriertransform,200,723,719
fastfouriertransform,200,227,220
genmatrix,200,4,3
matrixmul,200,1052,1046
matrixmul,200,963,958
matrixmul,200,473,467
linpack,200,11,6
linpack,200,11,6
genmatrix,200,39,30
matrixmul,200,1344,1326
matrixmul,200,42,36
fastfouriertransform,200,851,847
fastfouriertransform,200,759,754
genmatrix,200,4,4
linpack,200,700,694
fetchdata,200,86,86
matrixmul,200,20,14
fastfouriertransform,200,978,968
linpack,200,895,891
linpack,200,703,698
matrixmul,200,17,12
fastfouriertransform,200,1396,1391
genmatrix,200,4,3
fetchdata,200,77,77
genmatrix,200,8,7
linpack,200,993,988
linpack,200,602,597
genmatrix,200,4,4
linpack,200,505,500
linpack,200,813,808
linpack,200,419,413
fetchdata,200,86,86
linpack,200,14,9
matrixmul,200,18,12
fastfouriertransform,200,1502,1498
fetchdata,200,77,77
linpack,200,12,6
fetchdata,200,88,88
genmatrix,200,44,35
fastfouriertransform,200,2012,2007
fastfouriertransform,200,614,610
genmatrix,200,37,29
linpack,200,18,13
matrixmul,200,578,572
fastfouriertransform,200,11,6
fetchdata,200,79,78
fastfouriertransform,200,15,8
matrixmul,200,1055,1049
matrixmul,200,169,156
fetchdata,200,83,82
fastfouriertransform,200,749,744
matrixmul,200,629,623
genmatrix,200,37,28
linpack,200,714,708
genmatrix,200,4,4
fetchdata,200,87,87
matrixmul,200,983,976
matrixmul,200,695,688
fastfouriertransform,200,881,876
fastfouriertransform,200,90,86
genmatrix,200,4,4
fetchdata,200,83,82
linpack,200,814,809
genmatrix,200,9,7
linpack,200,719,714
linpack,200,420,413
fastfouriertransform,200,12,8
matrixmul,200,21,14
matrixmul,200,25,20
fetchdata,200,90,90
linpack,200,11,6
fetchdata,200,78,77
linpack,200,11,6
genmatrix,200,5,4
matrixmul,200,19,14
fastfouriertransform,200,756,752
fetchdata,200,78,77
genmatrix,200,5,4
linpack,200,702,697
matrixmul,200,567,559
matrixmul,200,169,163
matrixmul,200,18,12
fetchdata,200,83,83
fastfouriertransform,200,1372,1367
genmatrix,200,4,4
linpack,200,1295,1290
genmatrix,200,4,3
matrixmul,200,558,552
genmatrix,200,11,10
fastfouriertransform,200,1998,1994
fastfouriertransform,200,406,401
fastfouriertransform,200,311,307
fetchdata,200,77,77
linpack,200,1086,1082
linpack,200,997,992
genmatrix,200,4,4
linpack,200,405,401
fetchdata,200,84,84
fetchdata,200,85,84
linpack,200,11,7
fastfouriertransform,200,2337,2332
linpack,200,12,8
genmatrix,200,5,5
matrixmul,200,548,542
matrixmul,200,358,351
matrixmul,200,20,14
genmatrix,200,8,7
fastfouriertransform,200,2954,2949
fastfouriertransform,200,1367,1363
fastfouriertransform,200,967,963
genmatrix,200,64,37
linpack,200,703,698
linpack,200,211,206
matrixmul,200,559,553
genmatrix,200,9,8
linpack,200,12,7
matrixmul,200,607,598
fastfouriertransform,200,765,760
fastfouriertransform,200,568,563
fastfouriertransform,200,375,371
fastfouriertransform,200,284,279
linpack,200,60,55
linpack,200,11,7
fetchdata,200,79,78
matrixmul,200,565,557
fastfouriertransform,200,740,735
fetchdata,200,77,77
fetchdata,200,80,79
linpack,200,701,697
linpack,200,609,604
linpack,200,25,21
linpack,200,16,12
genmatrix,200,10,8
genmatrix,200,9,8
fastfouriertransform,200,957,951
matrixmul,200,580,574
linpack,200,11,7
genmatrix,200,4,3
genmatrix,200,4,4
linpack,200,13,8
matrixmul,200,626,621
genmatrix,200,45,37
fastfouriertransform,200,1574,1569
fastfouriertransform,200,1482,1477
linpack,200,12,7
genmatrix,200,4,4
linpack,200,12,7
fetchdata,200,89,89
genmatrix,200,41,33
matrixmul,200,669,662
matrixmul,200,20,13
linpack,200,15,11
genmatrix,200,4,4
matrixmul,200,20,14
genmatrix,200,7,7
genmatrix,200,8,7
fastfouriertransform,200,719,714
fetchdata,200,76,76
genmatrix,200,8,7
linpack,200,710,706
linpack,200,517,513
fetchdata,200,84,84
fetchdata,200,83,82
linpack,200,11,7
linpack,200,12,6
genmatrix,200,38,31
fetchdata,200,90,90
matrixmul,200,20,14
fastfouriertransform,200,724,719
fastfouriertransform,200,633,628
fetchdata,200,81,80
linpack,200,11,7
matrixmul,200,17,11
fetchdata,200,84,84
genmatrix,200,9,7
matrixmul,200,581,575
matrixmul,200,294,287
fetchdata,200,77,77
linpack,200,715,706
linpack,200,522,517
fetchdata,200,81,81
genmatrix,200,4,3
matrixmul,200,568,562
matrixmul,200,478,473
linpack,200,919,915
genmatrix,200,5,4
fetchdata,200,79,79
matrixmul,200,571,563
matrixmul,200,81,75
fetchdata,200,76,76
fastfouriertransform,200,12,7
linpack,200,1323,1318
linpack,200,1128,1123
linpack,200,840,835
linpack,200,742,738
fetchdata,200,127,127
matrixmul,200,565,557
fetchdata,200,87,87
genmatrix,200,7,7
genmatrix,200,6,5
fastfouriertransform,200,716,711
fetchdata,200,78,78
genmatrix,200,8,7
linpack,200,704,699
fetchdata,200,79,78
linpack,200,13,8
genmatrix,200,5,4
fastfouriertransform,200,1323,1318
fastfouriertransform,200,130,125
fetchdata,200,78,78
linpack,200,11,7
matrixmul,200,572,567
matrixmul,200,16,11
genmatrix,200,4,3
genmatrix,200,5,5
matrixmul,200,22,16
fastfouriertransform,200,1742,1738
fastfouriertransform,200,149,145
fastfouriertransform,200,11,7
matrixmul,200,17,11
fetchdata,200,89,88
fetchdata,200,81,81
linpack,200,698,694
linpack,200,403,398
linpack,200,308,302
matrixmul,200,20,12
fetchdata,200,80,79
matrixmul,200,21,15
fastfouriertransform,200,18,12
genmatrix,200,9,9
linpack,200,739,733
linpack,200,251,247
linpack,200,158,154
linpack,200,62,58
fastfouriertransform,200,12,8
genmatrix,200,47,40
matrixmul,200,568,562
fetchdata,200,77,77
genmatrix,200,7,6
matrixmul,200,932,926
fastfouriertransform,200,731,725
fetchdata,200,78,78
matrixmul,200,16,11
matrixmul,200,18,11
fetchdata,200,83,83
matrixmul,200,24,18
linpack,200,704,699
genmatrix,200,5,4
fastfouriertransform,200,1336,1332
fastfouriertransform,200,1139,1134
fastfouriertransform,200,342,337
genmatrix,200,37,29
matrixmul,200,20,13
fetchdata,200,79,79
genmatrix,200,4,4
fastfouriertransform,200,1661,1655
fastfouriertransform,200,771,766
genmatrix,200,8,7
matrixmul,200,562,556
genmatrix,200,7,6
fastfouriertransform,200,1389,1385
fastfouriertransform,200,999,994
matrixmul,200,575,568
fetchdata,200,87,87
genmatrix,200,9,7
matrixmul,200,1042,1035
matrixmul,200,448,442
matrixmul,200,864,858
linpack,200,714,709
fastfouriertransform,200,1308,1304
fastfouriertransform,200,619,614
fastfouriertransform,200,123,119
genmatrix,200,37,29
genmatrix,200,9,8
matrixmul,200,1320,1314
matrixmul,200,929,922
matrixmul,200,345,338
matrixmul,200,256,251
genmatrix,200,39,28
fastfouriertransform,200,14,9
linpack,200,13,8
matrixmul,200,718,712
fetchdata,200,86,85
fetchdata,200,82,82
fetchdata,200,82,82
fetchdata,200,103,103
genmatrix,200,14,12
matrixmul,200,968,963
fastfouriertransform,200,78,73
fetchdata,200,86,86
genmatrix,200,8,7
matrixmul,200,1318,1311
fastfouriertransform,200,16,11
matrixmul,200,935,929
matrixmul,200,549,542
fetchdata,200,101,101
genmatrix,200,9,8
genmatrix,200,37,29
genmatrix,200,4,3
fastfouriertransform,200,12,7
matrixmul,200,803,796
matrixmul,200,2309,2303
fetchdata,200,87,87
genmatrix,200,12,10
matrixmul,200,20,14
matrixmul,200,17,11
fastfouriertransform,200,13,7
linpack,200,735,731
linpack,200,639,634
fetchdata,200,85,85
matrixmul,200,18,12
genmatrix,200,36,28
genmatrix,200,35,28
genmatrix,200,6,5
linpack,200,1043,1038
fastfouriertransform,200,763,757
fastfouriertransform,200,252,247
fetchdata,200,93,93
fastfouriertransform,200,11,7
fetchdata,200,83,83
matrixmul,200,59,41
genmatrix,200,46,37
linpack,200,842,837
linpack,200,549,544
matrixmul,200,21,14
fetchdata,200,83,82
fastfouriertransform,200,11,7
genmatrix,200,9,8
matrixmul,200,21,15
linpack,200,750,745
linpack,200,60,55
fetchdata,200,77,77
matrixmul,200,566,559
matrixmul,200,175,169
fetchdata,200,85,85
fetchdata,200,84,84
fastfouriertransform,200,718,714
fastfouriertransform,200,31,27
fetchdata,200,79,79
linpack,200,720,716
linpack,200,524,519
linpack,200,333,328
fetchdata,200,82,82
genmatrix,200,48,40
fetchdata,200,94,93
fetchdata,200,77,76
fetchdata,200,92,92
genmatrix,200,48,40
linpack,200,707,703
fastfouriertransform,200,735,730
fetchdata,200,77,77
fetchdata,200,89,89
linpack,200,1108,1103
linpack,200,806,801
fastfouriertransform,200,11,7
linpack,200,520,515
linpack,200,733,729
linpack,200,343,337
fastfouriertransform,200,11,6
fetchdata,200,87,87
matrixmul,200,22,14
genmatrix,200,9,8
linpack,200,933,928
linpack,200,843,838
fetchdata,200,76,76
fastfouriertransform,200,726,722
fastfouriertransform,200,129,123
linpack,200,1239,1234
fetchdata,200,78,78
matrixmul,200,599,588
matrixmul,200,510,504
genmatrix,200,36,32
genmatrix,200,48,39
genmatrix,200,13,11
fetchdata,200,84,83
matrixmul,200,876,870
linpack,200,1535,1530
linpack,200,639,635
linpack,200,143,139
fetchdata,200,77,77
fetchdata,200,82,82
matrixmul,200,1339,1332
matrixmul,200,250,246
matrixmul,200,26,20
matrixmul,200,19,13
fastfouriertransform,200,721,717
fetchdata,200,78,78
linpack,200,14,10
genmatrix,200,6,5
fetchdata,200,82,82
fastfouriertransform,200,1243,1231
fetchdata,200,85,85
matrixmul,200,573,568
matrixmul,200,497,480
linpack,200,713,708
genmatrix,200,9,7
fastfouriertransform,200,1671,1666
fetchdata,200,82,81
genmatrix,200,9,7
linpack,200,1017,1011
genmatrix,200,4,3
matrixmul,200,578,572
matrixmul,200,17,11
fastfouriertransform,200,1384,1379
fastfouriertransform,200,995,991
fetchdata,200,83,83
linpack,200,1511,1505
linpack,200,1222,1217
linpack,200,1027,1022
linpack,200,437,433
fastfouriertransform,200,1210,1205
fetchdata,200,88,88
genmatrix,200,49,40
genmatrix,200,5,4
linpack,200,929,925
fetchdata,200,83,83
fastfouriertransform,200,1121,1116
matrixmul,200,578,572
fastfouriertransform,200,12,7
fetchdata,200,96,95
genmatrix,200,14,13
linpack,200,1423,1418
linpack,502,23,19
fetchdata,200,80,80
genmatrix,200,37,29
genmatrix,200,6,5
matrixmul,200,25,16
genmatrix,200,39,32
linpack,200,2031,2026
linpack,200,1932,1927
genmatrix,200,38,30
linpack,200,1842,1838
matrixmul,200,17,12
matrixmul,200,23,17
genmatrix,200,12,10
linpack,200,1942,1937
linpack,200,1848,1843
linpack,200,1255,1250
linpack,200,664,659
fetchdata,200,105,105
fastfouriertransform,200,719,714
fastfouriertransform,200,528,524
fastfouriertransform,200,137,132
linpack,200,1163,1159
matrixmul,200,585,579
matrixmul,200,199,193
fetchdata,200,97,97
fetchdata,200,100,100
fastfouriertransform,200,15,11
genmatrix,200,9,7
linpack,200,1460,1456
linpack,200,1164,1159
linpack,200,771,766
fetchdata,200,92,92
fetchdata,200,90,90
matrixmul,200,24,17
fastfouriertransform,200,716,712
fastfouriertransform,200,120,116
fetchdata,200,91,91
linpack,200,1367,1363
linpack,200,1071,1066
linpack,200,474,474
fetchdata,200,91,91
genmatrix,200,42,28
matrixmul,200,19,13
fetchdata,200,100,99
genmatrix,200,37,28
matrixmul,200,582,575
matrixmul,200,91,86
fetchdata,200,111,111
fetchdata,200,101,101
linpack,200,723,719
genmatrix,200,37,29
fetchdata,200,88,88
genmatrix,200,13,10
fastfouriertransform,200,13,7
linpack,200,1328,1323
matrixmul,200,592,586
fetchdata,200,94,94
genmatrix,200,40,32
matrixmul,200,1056,1050
linpack,200,696,692
linpack,200,1633,1626
linpack,200,1040,1035
fetchdata,200,92,92
genmatrix,200,41,30
genmatrix,200,10,9
fastfouriertransform,200,726,722
linpack,200,13,8
matrixmul,200,1117,1111
matrixmul,200,523,517
matrixmul,200,744,737
fetchdata,200,91,91
linpack,200,11,7
fetchdata,200,98,98
genmatrix,200,48,39
fastfouriertransform,200,1346,1334
fastfouriertransform,200,652,646
matrixmul,200,23,17
linpack,200,12,7
fetchdata,200,148,148
matrixmul,200,18,12
fetchdata,200,92,92
genmatrix,200,9,8
fastfouriertransform,200,859,854
fastfouriertransform,200,13,8
linpack,200,13,9
linpack,200,11,7
matrixmul,200,571,562
fastfouriertransform,200,10,6
matrixmul,200,17,11
matrixmul,200,21,15
genmatrix,200,6,5
linpack,200,11,7
genmatrix,200,8,7
linpack,200,16,11
fastfouriertransform,200,746,742
matrixmul,200,20,15
genmatrix,200,4,4
fetchdata,200,108,107
matrixmul,200,20,13
genmatrix,200,45,35
fastfouriertransform,200,1157,1153
fetchdata,200,91,91
linpack,200,703,698
genmatrix,200,13,11
linpack,200,12,7
fetchdata,200,95,94
linpack,200,12,7
fastfouriertransform,200,1668,1664
genmatrix,200,4,4
fetchdata,200,106,105
matrixmul,200,582,576
matrixmul,200,19,12
linpack,200,706,699
fastfouriertransform,200,1783,1779
genmatrix,200,11,10
linpack,200,15,11
linpack,200,12,7
genmatrix,200,39,29
genmatrix,200,35,28
matrixmul,200,568,561
fetchdata,200,107,107
genmatrix,200,6,6
fastfouriertransform,200,1393,1387
fastfouriertransform,200,1301,1297
matrixmul,200,23,17
linpack,200,12,8
genmatrix,200,42,32
genmatrix,200,12,10
linpack,200,13,8
fastfouriertransform,200,830,825
fastfouriertransform,200,335,330
fetchdata,200,112,112
matrixmul,200,21,15
matrixmul,200,17,11
matrixmul,200,16,11
fastfouriertransform,200,2452,2448
fetchdata,200,111,111
linpack,200,728,723
linpack,200,236,226
linpack,200,45,41
genmatrix,200,4,4
linpack,200,11,7
linpack,200,727,722
linpack,200,638,633
fastfouriertransform,200,15,10
linpack,200,18,9
linpack,200,12,7
fetchdata,200,93,93
genmatrix,200,38,29
matrixmul,200,17,11
linpack,200,1048,1042
fetchdata,200,100,100
fastfouriertransform,200,14,9
matrixmul,200,17,12
matrixmul,200,17,11
matrixmul,200,19,12
fastfouriertransform,200,50,44
linpack,200,706,701
matrixmul,200,21,14
genmatrix,200,47,30
genmatrix,200,4,3
linpack,200,706,700
fetchdata,200,94,94
fastfouriertransform,200,738,733
fastfouriertransform,200,446,441
fastfouriertransform,200,253,248
fastfouriertransform,200,156,152
genmatrix,200,10,8
matrixmul,200,572,566
matrixmul,200,281,275
fetchdata,200,90,90
fastfouriertransform,200,12,7
linpack,200,11,7
genmatrix,200,4,3
matrixmul,200,576,570
fetchdata,200,90,89
fetchdata,200,94,94
fetchdata,200,86,86
matrixmul,200,1040,1035
matrixmul,200,453,442
fetchdata,200,115,115
fetchdata,200,104,104
matrixmul,200,1522,1516
matrixmul,200,632,626
fastfouriertransform,200,735,730
fetchdata,200,105,105
fastfouriertransform,200,11,7
linpack,200,703,698
linpack,200,717,712
fastfouriertransform,200,16,10
fetchdata,200,108,108
fastfouriertransform,200,12,8
matrixmul,200,802,796
matrixmul,200,415,409
linpack,200,11,6
matrixmul,200,26,15
linpack,200,20,7
fastfouriertransform,200,725,720
fastfouriertransform,200,531,525
fetchdata,200,86,85
genmatrix,200,6,6
genmatrix,200,5,5
linpack,200,708,703
linpack,200,417,412
fastfouriertransform,200,1165,1161
fastfouriertransform,200,875,870
genmatrix,200,5,4
linpack,200,702,697
linpack,200,310,304
linpack,200,11,6
fetchdata,200,92,91
matrixmul,200,559,554
matrixmul,200,172,166
matrixmul,200,89,82
genmatrix,200,37,29
matrixmul,200,19,13
genmatrix,200,37,28
fetchdata,200,93,93
fetchdata,200,96,96
genmatrix,200,36,29
matrixmul,200,582,575
matrixmul,200,390,384
fetchdata,200,100,99
fastfouriertransform,200,19,14
linpack,200,13,9
linpack,200,697,692
fetchdata,200,103,103
fetchdata,200,95,94
fetchdata,200,95,95
genmatrix,200,7,6
matrixmul,200,607,601
linpack,200,17,11
fetchdata,200,112,111
genmatrix,200,9,7
linpack,200,12,7
fastfouriertransform,200,730,724
fastfouriertransform,200,139,134
fetchdata,200,83,83
linpack,200,14,8
matrixmul,200,65,58
genmatrix,200,13,12
fastfouriertransform,200,11,6
fetchdata,200,90,90
fastfouriertransform,200,12,7
matrixmul,200,17,12
linpack,200,13,7
fetchdata,200,85,85
fetchdata,200,81,81
genmatrix,200,8,7
linpack,200,13,8
genmatrix,200,10,9
genmatrix,200,14,12
matrixmul,200,581,572
matrixmul,200,89,82
fetchdata,200,111,111
genmatrix,200,12,9
fastfouriertransform,200,15,10
fetchdata,200,105,105
linpack,200,706,701
matrixmul,200,569,564
fetchdata,200,107,107
genmatrix,200,37,28
linpack,200,11,6
fetchdata,200,102,102
genmatrix,200,7,6
fetchdata,200,101,101
linpack,200,11,7
matrixmul,200,567,561
matrixmul,200,286,281
genmatrix,200,8,7
matrixmul,200,26,16
fetchdata,200,103,102
genmatrix,200,4,3
fetchdata,200,93,92
matrixmul,200,565,559
fetchdata,200,101,101
fastfouriertransform,200,15,11
fastfouriertransform,200,17,12
fastfouriertransform,200,12,8
matrixmul,200,17,11
fetchdata,200,85,85
linpack,200,717,712
fetchdata,200,83,82
fetchdata,200,91,91
fastfouriertransform,200,14,10
fastfouriertransform,200,12,7
matrixmul,200,572,566
matrixmul,200,281,276
fastfouriertransform,200,15,9
genmatrix,200,40,31
genmatrix,200,4,4
linpack,200,734,729
linpack,200,11,6
matrixmul,200,20,13
linpack,200,706,701
linpack,200,511,505
fastfouriertransform,200,13,8
linpack,200,14,8
fetchdata,200,84,84
linpack,200,12,7
genmatrix,200,9,7
genmatrix,200,9,7
linpack,200,14,9
fetchdata,200,77,76
matrixmul,200,574,568
fastfouriertransform,200,745,741
fastfouriertransform,200,355,351
fastfouriertransform,200,263,258
fastfouriertransform,200,13,7
fetchdata,200,78,77
genmatrix,200,38,28
matrixmul,200,639,632
matrixmul,200,550,544
matrixmul,200,470,456
fastfouriertransform,200,12,8
fastfouriertransform,200,16,11
fetchdata,200,84,83
genmatrix,200,5,5
fastfouriertransform,200,11,6
matrixmul,200,728,722
genmatrix,200,42,31
linpack,200,13,8
fastfouriertransform,200,14,10
genmatrix,200,6,5
linpack,200,705,701
fetchdata,200,78,78
fetchdata,200,79,78
matrixmul,200,17,11
genmatrix,200,4,4
linpack,200,17,12
matrixmul,200,18,11
fetchdata,200,76,76
fastfouriertransform,200,16,12
genmatrix,200,4,4
linpack,200,729,722
fetchdata,200,83,83
linpack,200,719,713
genmatrix,200,37,29
linpack,200,11,6
genmatrix,200,14,13
fastfouriertransform,200,747,742
fastfouriertransform,200,254,250
genmatrix,200,38,30
matrixmul,200,581,575
matrixmul,200,291,285
fetchdata,200,78,78
linpack,200,11,6
fetchdata,200,81,80
fastfouriertransform,200,13,7
matrixmul,200,653,647
matrixmul,200,365,359
genmatrix,200,4,4
matrixmul,200,17,11
fetchdata,200,80,80
genmatrix,200,6,5
linpack,200,707,702
fastfouriertransform,200,12,7
genmatrix,200,8,7
genmatrix,200,9,7
fastfouriertransform,200,11,7
matrixmul,200,569,561
fastfouriertransform,200,14,8
linpack,200,13,9
fastfouriertransform,200,11,6
linpack,200,12,7
matrixmul,200,565,557
linpack,200,17,12
genmatrix,200,13,12
linpack,200,701,696
linpack,200,11,6
fastfouriertransform,200,783,778
linpack,200,11,6
fetchdata,200,85,85
matrixmul,200,544,538
matrixmul,200,57,48
fetchdata,200,83,83
genmatrix,200,11,9
matrixmul,200,20,13
fastfouriertransform,200,1094,1090
fastfouriertransform,200,102,98
fastfouriertransform,200,907,903
genmatrix,200,10,9
fetchdata,200,137,137
matrixmul,200,580,574
linpack,200,11,6
fetchdata,200,90,89
genmatrix,200,48,36
matrixmul,200,1038,1032
matrixmul,200,947,941
matrixmul,200,458,446
matrixmul,200,670,664
linpack,200,18,11
genmatrix,200,15,15
fastfouriertransform,200,718,714
linpack,200,34,29
matrixmul,200,629,621
fetchdata,200,77,77
genmatrix,200,4,4
genmatrix,200,44,31
matrixmul,200,1080,1074
fetchdata,200,84,84
matrixmul,200,991,985
fastfouriertransform,200,11,6
fetchdata,200,79,79
linpack,200,16,11
matrixmul,200,942,935
linpack,200,48,42
matrixmul,200,799,744
fetchdata,200,80,80
genmatrix,200,36,28
genmatrix,200,8,7
matrixmul,200,1103,1096
genmatrix,200,49,39
fetchdata,200,89,89
fastfouriertransform,200,726,720
matrixmul,200,1559,1553
matrixmul,200,1072,1065
matrixmul,200,681,675
matrixmul,200,842,836
matrixmul,200,355,349
linpack,200,712,708
linpack,200,518,511
fastfouriertransform,200,832,827
fetchdata,200,78,77
genmatrix,200,5,4
linpack,200,715,710
linpack,200,324,319
linpack,200,18,11
linpack,200,22,14
genmatrix,200,4,3
fastfouriertransform,200,1038,1033
fastfouriertransform,200,846,842
fastfouriertransform,200,150,145
linpack,200,15,9
linpack,200,13,8
matrixmul,200,561,555
matrixmul,200,474,469
linpack,200,17,12
linpack,200,12,7
linpack,200,29,24
linpack,200,16,11
genmatrix,200,6,5
genmatrix,200,9,8
matrixmul,200,650,576
fastfouriertransform,200,11,6
fetchdata,200,77,76
genmatrix,200,11,10
matrixmul,200,1036,1030
matrixmul,200,648,642
matrixmul,200,159,152
genmatrix,200,12,10
linpack,200,720,715
genmatrix,200,43,33
matrixmul,200,569,564
fastfouriertransform,200,748,743
fetchdata,200,78,78
fetchdata,200,76,76
fetchdata,200,80,79
fetchdata,200,90,89
matrixmul,200,20,13
matrixmul,200,18,12
fastfouriertransform,200,1263,1258
fastfouriertransform,200,1168,1163
fetchdata,200,81,80
fastfouriertransform,200,1076,1072
fastfouriertransform,200,883,879
fastfouriertransform,200,11,6
linpack,200,13,7
linpack,200,710,705
fastfouriertransform,200,11,7
matrixmul,200,583,574
matrixmul,200,293,287
fetchdata,200,78,78
genmatrix,200,35,28
fastfouriertransform,200,13,7
fastfouriertransform,200,18,14
fetchdata,200,86,86
genmatrix,200,5,4
matrixmul,200,749,743
matrixmul,200,22,14
genmatrix,200,38,28
matrixmul,200,17,11
genmatrix,200,40,30
matrixmul,200,21,14
matrixmul,200,21,15
genmatrix,200,9,7
genmatrix,200,44,30
linpack,200,16,11
linpack,200,228,16
fetchdata,200,86,85
genmatrix,200,4,4
fastfouriertransform,200,725,720
fastfouriertransform,200,130,125
fetchdata,200,78,78
fetchdata,200,80,79
linpack,200,22,10
linpack,200,12,7
matrixmul,200,578,571
matrixmul,200,291,285
matrixmul,200,200,194
fetchdata,200,80,79
fetchdata,200,86,86
genmatrix,200,7,6
linpack,200,721,715
fetchdata,200,85,85
matrixmul,200,20,13
fetchdata,200,84,84
matrixmul,200,22,14
linpack,200,12,8
fastfouriertransform,200,726,721
fetchdata,200,79,79
linpack,200,13,8
matrixmul,200,569,563
fetchdata,200,85,85
fetchdata,200,84,84
genmatrix,200,4,4
fastfouriertransform,200,1337,1329
linpack,200,15,9
matrixmul,200,1026,1020
linpack,200,22,17
genmatrix,200,46,35
genmatrix,200,47,37
fastfouriertransform,200,1047,1042
fastfouriertransform,200,155,151
matrixmul,200,1485,1479
matrixmul,200,796,790
matrixmul,200,108,102
matrixmul,200,718,712
fetchdata,200,77,76
fastfouriertransform,200,12,7
fetchdata,200,90,90
genmatrix,200,16,14
fetchdata,200,81,80
linpack,200,22,14
genmatrix,200,46,36
linpack,200,13,7
fastfouriertransform,200,715,711
matrixmul,200,18,12
linpack,200,12,7
fetchdata,200,82,81
genmatrix,200,44,37
genmatrix,200,45,38
linpack,200,16,12
fastfouriertransform,200,1225,1221
fastfouriertransform,200,333,328
fastfouriertransform,200,1142,1137
genmatrix,200,40,28
genmatrix,200,8,7
linpack,200,12,7
fastfouriertransform,200,14,9
matrixmul,200,19,12
genmatrix,200,39,29
fetchdata,200,77,77
fetchdata,200,78,77
linpack,200,702,698
fetchdata,200,80,80
genmatrix,200,7,7
fetchdata,200,84,84
genmatrix,200,39,31
matrixmul,200,574,568
linpack,200,15,9
genmatrix,200,46,38
genmatrix,200,9,7
linpack,200,12,6
matrixmul,200,824,819
matrixmul,200,737,731
fastfouriertransform,200,715,711
fastfouriertransform,200,126,121
genmatrix,200,9,8
fetchdata,200,79,79
fetchdata,200,77,77
matrixmul,200,799,793
genmatrix,200,8,7
matrixmul,200,510,498
genmatrix,200,10,9
linpack,200,13,8
fetchdata,200,84,84
linpack,200,734,729
fastfouriertransform,200,11,7
fastfouriertransform,200,11,6
fastfouriertransform,200,14,9
matrixmul,200,559,552
matrixmul,200,273,267
fetchdata,200,78,78
fetchdata,200,77,77
genmatrix,200,4,4
genmatrix,200,5,4
genmatrix,200,13,11
matrixmul,200,632,627
fastfouriertransform,200,726,721
fetchdata,200,79,79
matrixmul,200,17,11
genmatrix,200,37,29
fetchdata,200,80,80
fetchdata,200,85,85
fastfouriertransform,200,866,861
fastfouriertransform,200,371,371
fastfouriertransform,200,280,275
fastfouriertransform,200,87,82
linpack,200,11,6
linpack,200,12,7
matrixmul,200,19,13
fastfouriertransform,200,17,13
genmatrix,200,6,5
matrixmul,200,24,18
fetchdata,200,80,80
fastfouriertransform,200,11,7
matrixmul,200,18,12
fastfouriertransform,200,19,14
genmatrix,200,11,9
genmatrix,200,6,5
matrixmul,200,17,12
fetchdata,200,78,78
linpack,200,11,7
fastfouriertransform,200,17,10
fetchdata,200,84,84
genmatrix,200,45,34
fetchdata,200,78,78
fetchdata,200,77,77
linpack,200,13,7
matrixmul,200,22,15
fastfouriertransform,200,16,8
fetchdata,200,92,92
linpack,200,11,6
fetchdata,200,95,94
genmatrix,200,44,33
fastfouriertransform,200,12,8
linpack,200,12,7
matrixmul,200,578,571
linpack,200,11,6
fastfouriertransform,200,15,10
genmatrix,200,6,5
linpack,200,13,9
linpack,200,11,7
matrixmul,200,1035,1029
fastfouriertransform,200,15,10
linpack,200,714,709
fastfouriertransform,200,13,8
linpack,200,12,7
matrixmul,200,560,554
linpack,200,11,7
genmatrix,200,9,7
fetchdata,200,78,78
genmatrix,200,40,32
matrixmul,200,910,903
matrixmul,200,725,716
fetchdata,200,91,90
fastfouriertransform,200,12,7
linpack,200,13,8
fetchdata,200,77,77
linpack,200,735,730
matrixmul,200,17,12
matrixmul,200,18,12
fastfouriertransform,200,734,730
genmatrix,200,4,4
genmatrix,200,7,7
linpack,200,723,717
linpack,200,332,328
linpack,200,240,236
linpack,200,14,9
linpack,200,757,749
fetchdata,200,79,79
genmatrix,200,9,7
linpack,200,11,6
fastfouriertransform,200,1238,1233
matrixmul,200,20,14
fetchdata,200,84,84
fetchdata,200,84,84
matrixmul,200,19,13
matrixmul,200,17,11
linpack,200,12,6
fastfouriertransform,200,711,707
genmatrix,200,39,28
fetchdata,200,80,79
fastfouriertransform,200,17,12
fetchdata,200,88,87
fastfouriertransform,200,12,7
linpack,200,12,8
genmatrix,200,4,3
genmatrix,200,9,8
genmatrix,200,49,34
fastfouriertransform,200,12,7
matrixmul,200,572,566
genmatrix,200,8,7
genmatrix,200,39,28
linpack,200,14,9
matrixmul,200,20,15
genmatrix,200,6,6
matrixmul,200,17,11
fetchdata,200,123,123
fastfouriertransform,200,731,726
fetchdata,200,100,99
linpack,200,18,13
fetchdata,200,82,82
fastfouriertransform,200,1249,1242
fastfouriertransform,200,656,652
fastfouriertransform,200,563,559
fastfouriertransform,200,369,365
fetchdata,200,79,79
linpack,200,17,11
genmatrix,200,5,5
matrixmul,200,576,570
matrixmul,200,492,485
matrixmul,200,205,196
matrixmul,200,21,13
genmatrix,200,8,7
fastfouriertransform,200,11,6
genmatrix,200,5,4
linpack,200,13,8
fastfouriertransform,200,12,7
fetchdata,200,79,78
genmatrix,200,10,9
genmatrix,200,6,5
fetchdata,200,77,77
fastfouriertransform,200,749,745
linpack,200,718,714
fetchdata,200,84,84
fetchdata,200,77,76
fastfouriertransform,200,1362,1358
matrixmul,200,612,606
matrixmul,200,143,119
fetchdata,200,76,76
genmatrix,200,40,29
linpack,200,1108,1103
linpack,200,1014,1009
matrixmul,200,19,14
genmatrix,200,4,3
fetchdata,200,77,77
fastfouriertransform,200,1671,1666
fetchdata,200,76,76
matrixmul,200,18,13
fetchdata,200,86,85
linpack,200,1506,1500
genmatrix,200,5,5
linpack,200,1315,1310
genmatrix,200,8,7
fastfouriertransform,200,1183,1178
fastfouriertransform,200,1087,1082
fastfouriertransform,200,295,291
fastfouriertransform,200,11,6
fastfouriertransform,200,11,6
fetchdata,200,87,87
matrixmul,200,24,17
linpack,200,706,701
linpack,200,112,107
fetchdata,200,78,78
genmatrix,200,10,8
genmatrix,200,16,15
genmatrix,200,14,12
fetchdata,200,77,77
fastfouriertransform,200,726,722
fetchdata,200,77,77
linpack,200,87,83
fetchdata,200,81,81
matrixmul,200,564,559
fetchdata,200,89,88
fetchdata,200,77,77
genmatrix,200,8,7
genmatrix,200,6,5
matrixmul,200,565,560
matrixmul,200,477,472
fastfouriertransform,200,13,8
genmatrix,200,52,38
linpack,200,706,701
linpack,200,117,113
fetchdata,200,77,77
fetchdata,200,79,79
fetchdata,200,77,77
matrixmul,200,23,16
fastfouriertransform,200,16,12
genmatrix,200,14,13
fetchdata,200,79,79
linpack,200,15,11
linpack,200,15,9
matrixmul,200,601,595
fetchdata,200,83,83
fastfouriertransform,200,722,715
fastfouriertransform,200,631,626
fastfouriertransform,200,537,532
fastfouriertransform,200,442,438
fastfouriertransform,200,146,142
fastfouriertransform,200,12,7
fastfouriertransform,200,12,8
matrixmul,200,579,573
matrixmul,200,95,89
matrixmul,200,25,19
linpack,200,725,721
fetchdata,200,88,87
matrixmul,200,20,13
fastfouriertransform,200,713,709
genmatrix,200,5,4
fetchdata,200,84,83
genmatrix,200,11,10
matrixmul,200,567,561
matrixmul,200,376,371
fetchdata,200,77,77
linpack,200,13,8
linpack,200,14,10
genmatrix,200,9,7
fastfouriertransform,200,829,825
fastfouriertransform,200,1340,1335
matrixmul,200,21,14
matrixmul,200,21,14
matrixmul,200,18,13
matrixmul,200,17,11
linpack,200,13,9
linpack,200,14,7
matrixmul,200,24,19
genmatrix,200,9,8
fastfouriertransform,200,731,726
genmatrix,200,37,29
fetchdata,200,90,90
genmatrix,200,52,39
fetchdata,200,84,83
linpack,200,698,693
genmatrix,200,4,4
matrixmul,200,575,569
matrixmul,200,87,80
genmatrix,200,42,29
fetchdata,200,79,79
fastfouriertransform,200,19,10
fetchdata,200,87,86
linpack,200,1216,1212
fastfouriertransform,200,11,6
linpack,200,122,118
genmatrix,200,4,3
fetchdata,200,78,78
genmatrix,200,43,34
fastfouriertransform,200,13,8
genmatrix,200,40,29
linpack,200,705,699
matrixmul,200,19,12
genmatrix,200,8,7
matrixmul,200,24,18
fastfouriertransform,200,12,7
fetchdata,200,81,80
linpack,200,1106,1102
linpack,200,611,606
linpack,200,721,717
fetchdata,200,78,77
fetchdata,200,81,81
fetchdata,200,77,76
linpack,200,715,710
linpack,200,519,514
fastfouriertransform,200,753,744
