index,request_id,function,size,type,status,latency_ms,ttfb_ms,output_transfer_ms,execution_time_ms,system_overhead_ms,in_flight
0,0,mobilenet,small,cold,200,1792.12,1792.12,0.01,54.74,1737.38,1
1,1,resnet,small,cold,200,2135.78,2135.77,0.01,214.6,1921.17,2
2,2,mobilenet,small,cold,200,2300.2,2300.2,0.0,18.69,2281.5,3
3,3,mobilenet,large,cold,200,2277.81,2277.81,0.01,19.13,2258.68,4
4,4,mobilenet,large,cold,200,1874.01,1874.01,0.0,46.38,1827.63,5
5,5,resnet,small,cold,200,3391.26,3391.25,0.01,201.05,3190.2,6
6,6,mobilenet,small,cold,200,1562.42,1562.42,0.01,49.01,1513.4,7
7,7,mobilenet,small,cold,200,1537.11,1537.1,0.0,28.71,1508.39,8
8,8,mobilenet,large,cold,200,1561.23,1561.23,0.0,34.08,1527.14,9
9,9,mobilenet,large,cold,200,1472.07,1472.07,0.0,33.38,1438.69,10
10,10,resnet,small,cold,200,3707.32,3707.31,0.01,243.72,3463.59,11
11,11,resnet,large,cold,200,2037.5,2037.49,0.0,181.41,1856.08,12
12,12,resnet,small,cold,200,1799.92,1799.91,0.01,200.71,1599.2,13
13,13,mobilenet,large,cold,200,1340.91,1340.9,0.01,33.44,1307.47,14
14,14,resnet,medium,cold,200,2150.51,2150.5,0.01,267.41,1883.09,15
15,15,resnet,small,cold,200,5261.49,5261.49,0.0,252.44,5009.05,16
16,16,mobilenet,medium,cold,200,1231.81,1231.8,0.01,33.26,1198.54,17
17,17,mobilenet,small,cold,200,1257.17,1257.17,0.0,31.22,1225.95,18
18,18,resnet,small,cold,200,2164.29,2164.29,0.0,211.86,1952.43,19
19,19,resnet,medium,cold,200,2345.1,2345.1,0.01,230.72,2114.38,20
20,20,resnet,small,cold,200,4150.05,4150.05,0.0,245.25,3904.79,21
21,21,resnet,large,cold,200,3853.59,3853.59,0.01,269.93,3583.66,22
22,22,mobilenet,medium,cold,200,1070.59,1070.58,0.0,29.28,1041.3,23
23,23,mobilenet,large,warm,200,985.3,985.3,0.01,25.35,959.95,24
24,24,resnet,large,cold,200,4250.06,4250.05,0.01,135.15,4114.9,25
25,25,resnet,large,cold,200,4505.84,4505.83,0.0,299.83,4206.0,26
26,26,mobilenet,large,warm,200,908.54,908.53,0.01,40.58,867.95,27
27,27,mobilenet,small,warm,200,908.95,908.95,0.01,44.53,864.41,28
28,28,mobilenet,medium,warm,200,892.98,892.98,0.01,35.75,857.23,29
29,29,mobilenet,small,warm,200,912.05,912.05,0.0,28.87,883.18,30
30,30,mobilenet,medium,warm,200,826.53,826.52,0.01,33.61,792.91,31
31,31,resnet,medium,cold,200,3771.07,3771.07,0.0,167.38,3603.69,32
32,32,resnet,small,cold,200,3030.15,3030.15,0.01,236.37,2793.78,33
33,33,resnet,medium,cold,200,2748.1,2748.1,0.01,181.13,2566.97,34
34,34,mobilenet,large,warm,200,687.24,687.24,0.01,24.8,662.44,35
35,35,resnet,large,cold,200,2211.38,2211.37,0.01,321.84,1889.54,36
36,36,mobilenet,large,warm,200,649.81,649.8,0.0,23.88,625.92,36
37,37,mobilenet,large,warm,200,635.33,635.32,0.01,27.27,608.06,37
38,38,mobilenet,small,warm,200,611.76,611.75,0.0,23.24,588.52,36
39,39,resnet,medium,cold,200,1482.28,1482.28,0.0,138.26,1344.02,36
40,40,resnet,large,cold,200,4180.38,4180.38,0.01,178.07,4002.3,35
41,41,mobilenet,large,warm,200,483.98,483.97,0.01,24.2,459.77,35
42,42,resnet,small,cold,200,4222.92,4222.91,0.01,134.56,4088.35,35
43,43,mobilenet,small,warm,200,408.91,408.9,0.01,27.54,381.36,34
44,44,resnet,medium,cold,200,4390.94,4390.93,0.01,267.65,4123.28,33
45,45,resnet,small,cold,200,7415.2,7415.2,0.01,222.65,7192.54,33
46,46,mobilenet,large,warm,200,283.47,283.47,0.01,18.09,265.38,32
47,47,resnet,small,cold,200,7516.41,7516.41,0.01,205.22,7311.19,32
48,48,resnet,medium,cold,200,4439.48,4439.47,0.01,249.25,4190.23,29
49,49,resnet,small,cold,200,7555.22,7555.21,0.01,135.24,7419.97,28
50,50,resnet,small,cold,200,7767.91,7767.91,0.01,262.17,7505.73,28
51,51,mobilenet,large,warm,200,58.79,58.79,0.01,20.17,38.61,27
52,52,resnet,large,cold,200,4467.46,4467.46,0.0,225.64,4241.82,25
53,53,resnet,large,cold,200,7884.73,7884.72,0.01,255.6,7629.12,25
54,54,resnet,medium,cold,200,8002.47,8002.46,0.01,172.8,7829.66,26
55,55,mobilenet,small,warm,200,42.02,42.02,0.01,28.35,13.67,27
56,56,resnet,small,cold,200,8053.41,8053.4,0.01,143.04,7910.36,27
57,57,mobilenet,small,warm,200,37.57,37.57,0.0,24.6,12.97,27
58,58,mobilenet,large,warm,200,51.5,51.5,0.0,36.11,15.39,27
59,59,mobilenet,large,warm,200,47.16,47.15,0.0,35.31,11.84,28
60,60,resnet,large,cold,200,4202.9,4202.9,0.01,129.23,4073.66,27
61,61,mobilenet,medium,warm,200,43.69,43.69,0.01,26.29,17.4,28
62,62,resnet,large,cold,200,4255.46,4255.46,0.0,147.94,4107.52,27
63,63,resnet,large,cold,200,7960.41,7960.4,0.01,258.75,7701.66,28
64,64,resnet,large,cold,200,8189.22,8189.21,0.01,279.95,7909.26,29
65,65,mobilenet,large,warm,200,47.77,47.77,0.01,32.59,15.18,30
66,66,mobilenet,large,warm,200,30.9,30.9,0.01,17.84,13.05,30
67,67,resnet,large,cold,200,4280.56,4280.55,0.0,280.43,4000.12,29
68,68,resnet,small,cold,200,8143.52,8143.51,0.01,146.96,7996.55,30
69,69,resnet,medium,cold,200,4480.9,4480.89,0.01,296.46,4184.43,30
70,70,mobilenet,medium,warm,200,57.58,57.58,0.01,38.54,19.03,31
71,71,mobilenet,large,warm,200,41.92,41.92,0.01,27.18,14.74,32
72,72,resnet,large,cold,200,8077.69,8077.69,0.01,132.57,7945.12,31
73,73,mobilenet,large,warm,200,45.15,45.14,0.0,30.73,14.41,31
74,74,mobilenet,large,warm,200,47.96,47.95,0.01,31.22,16.73,31
75,75,resnet,large,cold,200,4349.18,4349.17,0.01,165.64,4183.54,31
76,76,mobilenet,small,warm,200,36.22,36.22,0.0,22.24,13.98,32
77,77,resnet,small,cold,200,8116.36,8116.35,0.0,291.91,7824.44,32
78,78,mobilenet,large,warm,200,31.33,31.33,0.01,18.37,12.95,33
79,79,resnet,medium,cold,200,8236.87,8236.86,0.01,218.05,8018.82,33
80,80,mobilenet,small,warm,200,28.85,28.84,0.0,18.17,10.68,33
81,81,resnet,medium,cold,200,4205.09,4205.09,0.0,152.48,4052.61,33
82,82,mobilenet,small,warm,200,27.65,27.65,0.0,17.72,9.93,34
83,83,mobilenet,large,warm,200,37.28,37.27,0.01,24.36,12.91,34
84,84,mobilenet,small,warm,200,35.18,35.17,0.01,20.6,14.57,34
85,85,resnet,small,cold,200,4273.42,4273.41,0.01,275.07,3998.34,33
86,86,mobilenet,small,warm,200,31.27,31.26,0.0,18.27,12.99,34
87,87,resnet,large,cold,200,8010.14,8010.13,0.01,175.09,7835.05,34
88,88,mobilenet,medium,warm,200,41.86,41.85,0.01,26.81,15.04,34
89,89,resnet,small,cold,200,4288.69,4288.68,0.01,208.48,4080.2,34
90,90,mobilenet,large,warm,200,44.79,44.79,0.01,30.04,14.75,35
91,91,resnet,medium,cold,200,7943.18,7943.18,0.01,133.12,7810.06,35
92,92,resnet,medium,cold,200,8146.15,8146.15,0.01,246.83,7899.31,36
93,93,resnet,small,cold,200,4320.07,4320.07,0.0,231.78,4088.28,36
94,94,mobilenet,small,warm,200,31.45,31.45,0.01,20.06,11.38,37
95,95,mobilenet,medium,warm,200,43.4,43.4,0.01,31.94,11.46,37
96,96,mobilenet,large,warm,200,34.72,34.72,0.01,17.77,16.95,37
97,97,mobilenet,large,warm,200,31.41,31.41,0.01,18.38,13.02,37
98,98,mobilenet,small,warm,200,28.2,28.2,0.01,17.91,10.29,37
99,99,mobilenet,large,warm,200,38.58,38.57,0.01,22.69,15.88,36
100,100,mobilenet,small,warm,200,37.7,37.7,0.01,19.11,18.58,36
101,101,mobilenet,small,warm,200,39.58,39.58,0.01,25.71,13.87,36
102,102,resnet,small,cold,200,4051.64,4051.64,0.0,182.01,3869.63,36
103,103,mobilenet,medium,warm,200,30.92,30.92,0.01,17.96,12.96,36
104,104,resnet,small,cold,200,4236.14,4236.13,0.01,281.35,3954.78,36
105,105,mobilenet,large,warm,200,50.83,50.83,0.0,35.62,15.21,37
106,106,resnet,small,warm,200,183.7,183.7,0.01,165.42,18.28,37
107,107,resnet,medium,warm,200,500.11,500.1,0.01,363.19,136.91,37
108,108,mobilenet,small,warm,200,60.83,60.82,0.0,29.98,30.84,38
109,109,mobilenet,large,warm,200,112.15,112.15,0.01,92.09,20.05,38
110,110,resnet,medium,warm,200,516.75,516.74,0.01,164.63,352.1,37
111,111,resnet,medium,warm,200,276.32,276.32,0.01,257.51,18.8,38
112,112,resnet,large,warm,200,550.94,550.93,0.01,138.3,412.63,38
113,113,mobilenet,large,warm,200,110.56,110.56,0.0,76.55,34.0,39
114,114,mobilenet,small,warm,200,48.33,48.33,0.0,19.64,28.69,40
115,115,resnet,large,warm,200,214.94,214.94,0.01,133.39,81.55,40
116,116,resnet,small,warm,200,286.97,286.96,0.01,123.35,163.61,39
117,117,mobilenet,small,warm,200,34.96,34.96,0.01,18.67,16.29,38
118,118,mobilenet,large,warm,200,35.92,35.92,0.01,22.02,13.9,38
119,119,resnet,small,warm,200,145.52,145.52,0.01,131.73,13.79,38
120,120,resnet,small,warm,200,249.44,249.43,0.0,151.1,98.33,38
121,121,resnet,medium,warm,200,230.94,230.93,0.0,130.71,100.23,37
122,122,mobilenet,small,warm,200,44.13,44.12,0.01,32.14,11.98,36
123,123,resnet,large,warm,200,379.52,379.51,0.01,241.87,137.64,36
124,124,mobilenet,small,warm,200,29.69,29.69,0.01,17.9,11.78,35
125,125,mobilenet,small,warm,200,29.88,29.88,0.01,18.4,11.48,34
126,126,mobilenet,small,warm,200,39.45,39.44,0.01,26.05,13.39,33
127,127,resnet,medium,warm,200,367.26,367.25,0.01,349.62,17.63,32
128,128,resnet,small,warm,200,296.75,296.75,0.0,282.54,14.21,33
129,129,resnet,small,warm,200,504.67,504.66,0.0,250.63,254.03,34
130,130,mobilenet,medium,warm,200,49.55,49.54,0.01,34.19,15.35,35
131,131,mobilenet,medium,warm,200,55.6,55.59,0.01,38.51,17.09,34
132,132,resnet,medium,warm,200,261.18,261.18,0.01,248.74,12.44,34
133,133,resnet,medium,warm,200,222.34,222.33,0.01,150.42,71.91,34
134,134,resnet,small,warm,200,416.21,416.21,0.01,158.53,257.68,35
135,135,mobilenet,medium,warm,200,30.1,30.09,0.01,17.53,12.56,34
136,136,mobilenet,small,warm,200,31.13,31.13,0.01,17.66,13.46,34
137,137,mobilenet,large,warm,200,32.36,32.35,0.0,17.73,14.62,33
138,138,resnet,small,warm,200,136.35,136.34,0.01,120.76,15.58,31
139,139,mobilenet,large,warm,200,33.39,33.38,0.01,22.77,10.61,32
140,140,resnet,large,warm,200,243.01,243.0,0.01,130.65,112.35,31
141,141,mobilenet,small,warm,200,31.16,31.15,0.01,19.76,11.39,31
142,142,mobilenet,small,warm,200,35.71,35.71,0.01,19.67,16.04,30
143,143,mobilenet,large,warm,200,38.67,38.67,0.01,27.39,11.27,29
144,144,mobilenet,large,warm,200,33.96,33.96,0.01,20.62,13.34,28
145,145,mobilenet,medium,warm,200,37.97,37.97,0.0,22.7,15.27,27
146,146,mobilenet,large,warm,200,46.11,46.1,0.01,31.01,15.09,27
147,147,mobilenet,large,warm,200,67.15,67.15,0.01,50.69,16.46,28
148,148,mobilenet,large,warm,200,44.94,44.93,0.01,29.45,15.48,27
149,149,mobilenet,medium,warm,200,35.91,35.91,0.01,21.55,14.35,26
150,150,resnet,medium,warm,200,148.16,148.16,0.01,135.23,12.93,26
151,151,mobilenet,large,warm,200,35.58,35.57,0.01,23.59,11.98,27
152,152,resnet,small,warm,200,244.06,244.06,0.01,227.42,16.64,27
153,153,resnet,medium,warm,200,205.44,205.43,0.01,187.38,18.05,26
154,154,mobilenet,large,warm,200,38.94,38.94,0.0,22.99,15.94,27
155,155,resnet,medium,warm,200,201.0,200.99,0.01,182.45,18.54,27
156,156,resnet,small,warm,200,240.16,240.16,0.01,181.95,58.21,28
157,157,mobilenet,medium,warm,200,36.56,36.56,0.01,19.54,17.01,28
158,158,mobilenet,small,warm,200,37.79,37.79,0.0,19.67,18.11,27
159,159,mobilenet,large,warm,200,30.42,30.41,0.01,18.05,12.36,25
160,160,resnet,small,warm,200,164.59,164.58,0.01,148.82,15.76,25
161,161,resnet,small,warm,200,243.92,243.92,0.01,222.9,21.02,25
162,162,mobilenet,medium,warm,200,44.11,44.11,0.0,29.43,14.68,25
163,163,resnet,small,warm,200,192.48,192.48,0.01,180.69,11.78,26
164,164,resnet,large,warm,200,306.57,306.56,0.01,288.12,18.44,25
165,165,resnet,large,warm,200,314.77,314.76,0.01,273.44,41.32,25
166,166,mobilenet,large,warm,200,48.84,48.84,0.01,32.41,16.43,25
167,167,resnet,large,warm,200,203.36,203.35,0.01,187.62,15.73,24
168,168,mobilenet,small,warm,200,40.22,40.21,0.0,24.59,15.62,25
169,169,resnet,small,warm,200,238.36,238.36,0.01,127.84,110.52,25
170,170,mobilenet,large,warm,200,36.62,36.61,0.01,19.38,17.23,26
171,171,mobilenet,medium,warm,200,47.24,47.24,0.01,32.17,15.07,24
172,172,resnet,large,warm,200,260.35,260.34,0.01,175.15,85.19,22
173,173,mobilenet,large,warm,200,29.31,29.31,0.01,17.94,11.37,23
174,174,resnet,small,warm,200,297.02,297.01,0.01,284.88,12.13,22
175,175,resnet,large,warm,200,221.26,221.25,0.01,206.57,14.69,22
176,176,resnet,medium,warm,200,184.77,184.76,0.01,168.06,16.7,23
177,177,mobilenet,small,warm,200,64.37,64.36,0.01,45.04,19.32,24
178,178,resnet,medium,warm,200,251.08,251.07,0.01,179.37,71.7,24
179,179,mobilenet,small,warm,200,36.17,36.16,0.01,22.29,13.87,24
180,180,resnet,small,warm,200,150.79,150.79,0.0,137.58,13.21,20
181,181,resnet,small,warm,200,163.06,163.05,0.01,149.44,13.61,21
182,182,resnet,large,warm,200,168.89,168.88,0.01,154.06,14.82,22
183,183,resnet,large,warm,200,273.54,273.54,0.01,255.74,17.79,23
184,184,mobilenet,small,warm,200,75.07,75.06,0.01,59.49,15.57,21
185,185,mobilenet,large,warm,200,139.16,139.16,0.01,115.73,23.43,21
186,186,mobilenet,large,warm,200,66.62,66.61,0.01,48.41,18.2,20
187,187,mobilenet,medium,warm,200,71.66,71.65,0.0,50.57,21.08,21
188,188,mobilenet,medium,warm,200,32.43,32.43,0.0,18.34,14.09,20
189,189,mobilenet,small,warm,200,36.2,36.2,0.01,20.01,16.19,17
190,190,resnet,medium,warm,200,138.58,138.57,0.01,122.86,15.72,17
191,191,mobilenet,medium,warm,200,30.08,30.07,0.01,17.63,12.44,18
192,192,mobilenet,large,warm,200,40.75,40.74,0.01,26.72,14.02,18
193,193,mobilenet,large,warm,200,49.84,49.84,0.01,35.87,13.96,17
194,194,mobilenet,medium,warm,200,32.4,32.4,0.01,19.53,12.87,17
195,195,resnet,large,warm,200,180.49,180.48,0.01,161.03,19.45,16
196,196,mobilenet,small,warm,200,35.08,35.07,0.01,19.25,15.82,17
197,197,mobilenet,small,warm,200,29.67,29.66,0.01,17.77,11.9,17
198,198,resnet,small,warm,200,266.18,266.17,0.01,251.47,14.7,16
199,199,mobilenet,large,warm,200,31.46,31.45,0.01,19.85,11.6,16
200,200,resnet,medium,warm,200,193.84,193.83,0.01,177.79,16.04,16
201,201,mobilenet,medium,warm,200,38.61,38.61,0.01,24.4,14.2,16
202,202,mobilenet,large,warm,200,47.71,47.7,0.01,31.28,16.43,16
203,203,mobilenet,medium,warm,200,35.05,35.05,0.01,20.72,14.33,17
204,204,mobilenet,medium,warm,200,32.52,32.52,0.01,19.27,13.25,14
205,205,mobilenet,small,warm,200,38.99,38.98,0.01,22.81,16.17,14
206,206,resnet,medium,warm,200,226.76,226.75,0.01,208.27,18.48,13
207,207,resnet,small,warm,200,142.39,142.39,0.01,127.32,15.07,14
208,208,mobilenet,small,warm,200,43.43,43.43,0.01,31.71,11.72,15
209,209,mobilenet,medium,warm,200,28.46,28.46,0.01,17.47,10.99,15
210,210,resnet,medium,warm,200,156.22,156.21,0.01,140.23,15.98,14
211,211,mobilenet,medium,warm,200,32.67,32.66,0.01,17.6,15.06,13
212,212,resnet,large,warm,200,160.68,160.68,0.01,147.73,12.95,13
213,213,resnet,large,warm,200,151.84,151.84,0.01,139.74,12.1,13
214,214,resnet,small,warm,200,152.88,152.87,0.0,135.98,16.9,14
215,215,mobilenet,medium,warm,200,31.77,31.77,0.01,18.2,13.57,14
216,216,mobilenet,large,warm,200,31.44,31.43,0.01,18.51,12.92,13
217,217,resnet,small,warm,200,296.7,296.69,0.01,282.01,14.68,10
218,218,mobilenet,large,warm,200,38.83,38.83,0.01,21.96,16.87,11
219,219,resnet,medium,warm,200,321.2,321.19,0.01,298.15,23.04,11
220,220,resnet,medium,warm,200,210.69,210.69,0.01,195.62,15.07,12
221,221,mobilenet,medium,warm,200,50.35,50.34,0.01,25.1,25.24,13
222,222,mobilenet,medium,warm,200,36.18,36.18,0.01,20.44,15.74,13
223,223,mobilenet,large,warm,200,46.64,46.64,0.01,28.89,17.74,12
224,224,resnet,small,warm,200,255.0,254.99,0.01,237.97,17.03,11
225,225,mobilenet,medium,warm,200,33.61,33.6,0.01,17.74,15.86,11
226,226,resnet,small,warm,200,149.18,149.17,0.01,137.65,11.52,10
227,227,resnet,large,warm,200,155.72,155.71,0.01,140.55,15.16,11
228,228,resnet,large,warm,200,146.13,146.12,0.01,132.96,13.16,11
229,229,mobilenet,large,warm,200,30.08,30.07,0.01,17.85,12.23,11
230,230,resnet,large,warm,200,169.03,169.02,0.01,154.09,14.94,10
231,231,resnet,large,warm,200,154.55,154.55,0.01,140.89,13.66,8
232,232,resnet,medium,warm,200,341.63,341.62,0.01,226.44,115.19,9
233,233,resnet,large,warm,200,307.11,307.11,0.01,284.21,22.9,10
234,234,resnet,large,warm,200,238.52,238.52,0.0,222.27,16.25,9
235,235,mobilenet,small,warm,200,33.94,33.93,0.01,19.37,14.57,9
236,236,resnet,large,warm,200,227.55,227.55,0.01,210.28,17.27,9
237,237,resnet,large,warm,200,242.4,242.4,0.0,223.38,19.02,10
238,238,mobilenet,large,warm,200,39.9,39.9,0.0,24.76,15.14,11
239,239,resnet,medium,warm,200,152.85,152.84,0.01,135.0,17.84,9
240,240,mobilenet,medium,warm,200,34.45,34.45,0.01,18.18,16.27,8
241,241,resnet,small,warm,200,176.81,176.8,0.01,165.87,10.93,7
242,242,resnet,large,warm,200,236.46,236.45,0.01,217.22,19.24,7
243,243,resnet,medium,warm,200,147.61,147.6,0.01,132.93,14.67,7
244,244,resnet,medium,warm,200,166.74,166.73,0.01,154.18,12.56,7
245,245,mobilenet,large,warm,200,38.01,38.0,0.01,23.48,14.52,7
246,246,resnet,large,warm,200,151.3,151.29,0.01,135.33,15.97,7
247,247,mobilenet,large,warm,200,36.52,36.51,0.01,20.65,15.86,6
248,248,mobilenet,medium,warm,200,34.31,34.31,0.01,17.98,16.33,4
249,249,resnet,small,warm,200,189.64,189.63,0.01,174.68,14.96,3
250,250,mobilenet,large,warm,200,35.6,35.59,0.01,21.23,14.36,3
251,251,resnet,small,warm,200,227.05,227.05,0.01,210.69,16.35,3
252,252,mobilenet,small,warm,200,69.48,69.47,0.01,44.37,25.11,4
253,253,mobilenet,small,warm,200,38.92,38.91,0.01,23.13,15.79,4
254,254,mobilenet,medium,warm,200,71.27,71.26,0.01,57.2,14.06,3
255,255,mobilenet,medium,warm,200,40.35,40.34,0.01,23.16,17.18,3
256,256,resnet,large,warm,200,218.27,218.26,0.01,205.9,12.37,1
257,257,mobilenet,large,warm,200,45.06,45.06,0.01,27.32,17.74,2
258,258,resnet,medium,warm,200,139.63,139.62,0.01,126.41,13.21,2
259,259,resnet,small,warm,200,148.72,148.71,0.01,136.1,12.61,3
260,260,mobilenet,large,warm,200,48.08,48.07,0.01,31.38,16.69,4
261,261,mobilenet,small,warm,200,46.22,46.22,0.01,29.39,16.82,2
262,262,resnet,small,warm,200,146.89,146.89,0.01,133.64,13.25,2
263,263,mobilenet,large,warm,200,37.06,37.06,0.01,21.1,15.96,2
264,264,resnet,small,warm,200,210.06,210.06,0.01,193.74,16.31,2
265,265,mobilenet,small,warm,200,35.03,35.02,0.01,20.29,14.73,2
266,266,resnet,small,warm,200,263.16,263.16,0.0,252.22,10.93,2
267,267,resnet,large,warm,200,245.52,245.52,0.01,231.1,14.42,3
268,268,resnet,medium,warm,200,248.83,248.82,0.01,231.95,16.87,4
269,269,resnet,large,warm,200,435.36,435.36,0.01,237.04,198.31,4
270,270,resnet,small,warm,200,240.93,240.93,0.0,228.63,12.3,5
271,271,resnet,medium,warm,200,242.87,242.87,0.01,229.4,13.47,6
272,272,resnet,small,warm,200,222.54,222.53,0.01,212.51,10.02,5
273,273,resnet,large,warm,200,264.65,264.64,0.01,249.82,14.82,5
274,274,resnet,large,warm,200,137.58,137.57,0.0,124.37,13.21,6
275,275,mobilenet,medium,warm,200,80.67,80.67,0.0,60.61,20.06,6
276,276,resnet,small,warm,200,155.46,155.46,0.0,135.22,20.24,6
277,277,resnet,small,warm,200,168.48,168.47,0.01,156.17,12.3,4
278,278,resnet,medium,warm,200,174.92,174.92,0.0,164.16,10.75,4
279,279,resnet,large,warm,200,162.31,162.31,0.01,142.37,19.94,4
280,280,mobilenet,small,warm,200,36.02,36.01,0.01,24.05,11.96,4
281,281,mobilenet,small,warm,200,40.04,40.03,0.01,25.31,14.72,3
282,282,resnet,large,warm,200,222.76,222.75,0.0,210.96,11.8,2
283,283,mobilenet,large,warm,200,39.26,39.25,0.01,22.11,17.14,2
284,284,mobilenet,small,warm,200,40.28,40.27,0.0,26.34,13.94,2
285,285,resnet,medium,warm,200,252.34,252.33,0.01,238.54,13.8,2
286,286,resnet,large,warm,200,222.53,222.52,0.01,210.68,11.85,3
287,287,resnet,medium,warm,200,195.98,195.98,0.01,179.54,16.44,3
288,288,mobilenet,small,warm,200,33.45,33.45,0.0,22.95,10.5,4
289,289,resnet,medium,warm,200,218.19,218.18,0.01,207.45,10.73,4
290,290,mobilenet,large,warm,200,30.47,30.47,0.01,18.48,11.98,5
291,291,resnet,medium,warm,200,145.14,145.13,0.0,131.76,13.37,2
292,292,mobilenet,medium,warm,200,33.71,33.71,0.01,17.61,16.1,3
293,293,resnet,medium,warm,200,148.49,148.48,0.01,137.19,11.29,3
294,294,resnet,large,warm,200,163.52,163.52,0.0,150.03,13.49,3
295,295,mobilenet,medium,warm,200,32.16,32.16,0.0,18.12,14.04,3
296,296,mobilenet,medium,warm,200,31.32,31.32,0.01,17.61,13.7,2
297,297,resnet,medium,warm,200,156.14,156.14,0.0,139.74,16.4,2
298,298,mobilenet,medium,warm,200,38.95,38.94,0.0,26.3,12.64,2
299,299,resnet,large,warm,200,286.55,286.55,0.01,274.64,11.9,2
300,300,resnet,large,warm,200,336.08,336.07,0.01,323.37,12.71,3
301,301,mobilenet,medium,warm,200,45.08,45.08,0.01,23.16,21.92,3
302,302,mobilenet,large,warm,200,36.11,36.1,0.01,23.47,12.63,3
303,303,mobilenet,medium,warm,200,42.38,42.37,0.01,27.78,14.6,3
304,304,mobilenet,small,warm,200,36.81,36.81,0.01,22.1,14.71,3
305,305,resnet,small,warm,200,158.37,158.36,0.0,144.35,14.02,2
306,306,resnet,small,warm,200,135.62,135.62,0.01,123.47,12.15,3
307,307,mobilenet,medium,warm,200,92.16,92.15,0.01,76.5,15.65,3
308,308,resnet,medium,warm,200,151.11,151.1,0.01,140.15,10.95,4
309,309,mobilenet,medium,warm,200,35.83,35.82,0.01,25.01,10.81,2
310,310,resnet,medium,warm,200,151.44,151.44,0.0,141.4,10.04,2
311,311,resnet,medium,warm,200,154.53,154.52,0.0,141.07,13.46,3
312,312,resnet,medium,warm,200,151.85,151.84,0.0,140.14,11.7,3
313,313,mobilenet,medium,warm,200,32.11,32.1,0.01,20.41,11.7,4
314,314,mobilenet,large,warm,200,68.39,68.38,0.01,48.62,19.77,3
315,315,mobilenet,medium,warm,200,49.63,49.62,0.01,33.24,16.38,3
316,316,mobilenet,large,warm,200,63.69,63.69,0.01,42.22,21.47,1
317,317,mobilenet,large,warm,200,58.04,58.03,0.0,44.06,13.97,2
318,318,mobilenet,small,warm,200,49.54,49.54,0.0,35.44,14.1,2
319,319,mobilenet,small,warm,200,39.58,39.58,0.01,22.33,17.24,2
320,320,mobilenet,large,warm,200,41.4,41.39,0.01,24.57,16.83,1
321,321,mobilenet,small,warm,200,41.64,41.63,0.01,28.97,12.66,1
322,322,mobilenet,medium,warm,200,33.3,33.29,0.01,22.09,11.21,1
323,323,mobilenet,large,warm,200,29.7,29.7,0.01,18.88,10.82,1
324,324,mobilenet,medium,warm,200,30.03,30.02,0.01,18.04,11.98,1
325,325,resnet,medium,warm,200,306.67,306.66,0.0,282.3,24.36,1
326,326,mobilenet,large,warm,200,123.31,123.31,0.0,110.67,12.63,2
327,327,mobilenet,small,warm,200,27.01,27.0,0.01,17.52,9.48,3
328,328,resnet,small,warm,200,161.0,160.99,0.01,147.55,13.44,3
329,329,mobilenet,medium,warm,200,128.85,128.84,0.01,113.57,15.27,3
330,330,resnet,medium,warm,200,341.34,341.34,0.01,329.98,11.35,4
331,331,mobilenet,small,warm,200,64.57,64.56,0.01,48.47,16.09,5
332,332,mobilenet,small,warm,200,45.21,45.21,0.01,28.32,16.89,3
333,333,resnet,large,warm,200,214.81,214.81,0.01,200.09,14.71,2
334,334,mobilenet,large,warm,200,39.17,39.16,0.01,27.6,11.56,3
335,335,mobilenet,medium,warm,200,62.64,62.63,0.0,50.84,11.79,3
336,336,resnet,large,warm,200,138.26,138.26,0.01,125.82,12.44,4
337,337,resnet,small,warm,200,206.3,206.3,0.0,191.98,14.32,3
338,338,resnet,small,warm,200,150.81,150.8,0.0,138.58,12.23,3
339,339,resnet,medium,warm,200,173.32,173.32,0.01,158.71,14.61,3
340,340,mobilenet,medium,warm,200,34.95,34.95,0.01,20.23,14.72,4
341,341,resnet,large,warm,200,236.35,236.34,0.01,224.26,12.09,3
342,342,resnet,large,warm,200,177.64,177.64,0.0,164.18,13.46,3
343,343,mobilenet,medium,warm,200,37.64,37.63,0.01,24.84,12.79,3
344,344,mobilenet,large,warm,200,33.8,33.79,0.01,17.78,16.01,3
345,345,resnet,large,warm,200,219.52,219.51,0.01,208.46,11.05,3
346,346,resnet,medium,warm,200,374.33,374.33,0.01,361.08,13.25,2
347,347,resnet,large,warm,200,204.56,204.56,0.0,193.46,11.1,3
348,348,resnet,medium,warm,200,251.44,251.43,0.01,237.13,14.3,4
349,349,mobilenet,small,warm,200,33.79,33.78,0.01,21.02,12.76,5
350,350,resnet,medium,warm,200,135.39,135.39,0.01,122.65,12.74,4
351,351,mobilenet,medium,warm,200,28.27,28.27,0.01,17.4,10.87,5
352,352,resnet,medium,warm,200,165.78,165.77,0.01,155.96,9.82,4
353,353,mobilenet,medium,warm,200,30.83,30.82,0.01,17.98,12.84,3
354,354,resnet,small,warm,200,156.66,156.65,0.0,143.96,12.69,2
355,355,resnet,small,warm,200,147.05,147.04,0.01,134.34,12.71,3
356,356,resnet,medium,warm,200,165.95,165.94,0.0,152.02,13.93,3
357,357,resnet,medium,warm,200,144.08,144.08,0.0,133.82,10.26,4
358,358,resnet,large,warm,200,223.68,223.68,0.01,208.17,15.51,3
359,359,mobilenet,large,warm,200,42.57,42.56,0.01,26.33,16.23,4
360,360,mobilenet,small,warm,200,41.02,41.02,0.01,27.05,13.97,2
361,361,mobilenet,large,warm,200,41.94,41.94,0.01,29.4,12.54,2
362,362,resnet,medium,warm,200,197.94,197.94,0.01,186.89,11.05,2
363,363,mobilenet,large,warm,200,39.79,39.79,0.01,24.29,15.5,2
364,364,resnet,large,warm,200,206.43,206.43,0.0,196.31,10.11,2
365,365,resnet,medium,warm,200,195.72,195.71,0.01,183.53,12.18,3
366,366,mobilenet,small,warm,200,42.13,42.12,0.01,27.77,14.35,3
367,367,resnet,small,warm,200,197.69,197.69,0.0,138.13,59.56,3
368,368,resnet,large,warm,200,276.15,276.14,0.0,130.14,146.01,4
369,369,mobilenet,medium,warm,200,30.78,30.77,0.01,17.74,13.03,3
370,370,resnet,medium,warm,200,144.09,144.09,0.01,131.45,12.63,3
371,371,resnet,medium,warm,200,204.2,204.2,0.0,191.08,13.12,3
372,372,resnet,medium,warm,200,212.02,212.02,0.01,197.52,14.49,4
373,373,resnet,medium,warm,200,207.54,207.54,0.01,196.38,11.16,4
374,374,resnet,medium,warm,200,297.58,297.57,0.01,274.8,22.76,4
375,375,mobilenet,small,warm,200,46.59,46.59,0.01,27.73,18.86,5
376,376,mobilenet,medium,warm,200,39.99,39.98,0.01,26.47,13.51,4
377,377,mobilenet,large,warm,200,34.91,34.9,0.0,23.23,11.68,3
378,378,mobilenet,small,warm,200,34.89,34.88,0.01,21.16,13.72,2
379,379,mobilenet,large,warm,200,34.92,34.92,0.01,22.53,12.38,2
380,380,resnet,medium,warm,200,217.29,217.28,0.01,204.74,12.54,1
381,381,resnet,small,warm,200,139.01,139.0,0.01,124.58,14.42,2
382,382,mobilenet,medium,warm,200,30.11,30.1,0.0,17.8,12.3,3
383,383,mobilenet,medium,warm,200,34.51,34.5,0.01,19.45,15.05,3
384,384,mobilenet,medium,warm,200,30.6,30.59,0.0,18.18,12.41,2
385,385,mobilenet,large,warm,200,31.0,30.99,0.01,18.23,12.76,1
386,386,mobilenet,medium,warm,200,28.31,28.31,0.01,18.38,9.93,1
387,387,mobilenet,small,warm,200,32.12,32.12,0.01,21.58,10.54,1
388,388,resnet,large,warm,200,233.82,233.82,0.01,220.43,13.39,1
389,389,mobilenet,large,warm,200,37.84,37.84,0.01,22.01,15.82,2
390,390,resnet,small,warm,200,339.57,339.56,0.01,323.56,16.0,2
391,391,mobilenet,large,warm,200,34.66,34.65,0.01,22.74,11.91,3
392,392,resnet,medium,warm,200,291.42,291.41,0.0,276.89,14.53,3
393,393,resnet,medium,warm,200,161.26,161.26,0.01,148.12,13.14,3
394,394,resnet,small,warm,200,369.84,369.83,0.01,176.04,193.79,4
395,395,mobilenet,medium,warm,200,30.65,30.65,0.0,17.97,12.68,5
396,396,resnet,small,warm,200,134.99,134.98,0.01,122.88,12.1,5
397,397,mobilenet,medium,warm,200,32.44,32.43,0.01,18.05,14.39,4
398,398,resnet,small,warm,200,163.24,163.23,0.01,152.38,10.85,3
399,399,mobilenet,small,warm,200,34.95,34.94,0.01,20.37,14.57,3
400,400,mobilenet,large,warm,200,33.73,33.73,0.01,18.81,14.91,3
401,401,resnet,small,warm,200,146.62,146.62,0.0,132.1,14.52,3
402,402,mobilenet,small,warm,200,28.62,28.61,0.01,17.65,10.96,2
403,403,resnet,large,warm,200,269.0,268.99,0.01,252.7,16.29,2
404,404,mobilenet,large,warm,200,46.57,46.56,0.01,31.98,14.58,2
405,405,resnet,medium,warm,200,308.52,308.52,0.0,296.98,11.53,2
406,406,resnet,medium,warm,200,255.93,255.92,0.0,241.21,14.72,3
407,407,resnet,medium,warm,200,217.87,217.87,0.0,204.8,13.06,4
408,408,mobilenet,large,warm,200,41.24,41.23,0.01,23.56,17.67,5
409,409,mobilenet,small,warm,200,41.09,41.08,0.01,27.09,14.0,4
410,410,mobilenet,medium,warm,200,30.48,30.48,0.01,18.09,12.39,4
411,411,mobilenet,small,warm,200,34.67,34.67,0.01,18.26,16.41,4
412,412,mobilenet,small,warm,200,31.2,31.19,0.01,18.52,12.67,1
413,413,mobilenet,small,warm,200,28.97,28.96,0.01,18.01,10.95,1
414,414,mobilenet,medium,warm,200,40.54,40.54,0.01,28.07,12.47,1
415,415,resnet,large,warm,200,166.06,166.06,0.01,156.66,9.39,1
416,416,resnet,medium,warm,200,160.2,160.2,0.0,147.55,12.65,2
417,417,mobilenet,small,warm,200,27.09,27.08,0.01,18.36,8.72,3
418,418,resnet,large,warm,200,233.18,233.18,0.01,220.07,13.1,3
419,419,resnet,large,warm,200,206.18,206.17,0.01,190.39,15.78,3
420,420,resnet,small,warm,200,181.57,181.57,0.0,154.43,27.14,3
421,421,mobilenet,medium,warm,200,37.8,37.79,0.01,22.41,15.39,4
422,422,mobilenet,medium,warm,200,44.33,44.32,0.01,27.24,17.08,4
423,423,mobilenet,large,warm,200,35.5,35.49,0.0,22.15,13.34,3
424,424,mobilenet,large,warm,200,45.61,45.6,0.01,31.66,13.94,1
425,425,mobilenet,medium,warm,200,86.4,86.39,0.01,74.0,12.39,1
426,426,mobilenet,small,warm,200,41.34,41.33,0.01,23.9,17.44,2
427,427,mobilenet,small,warm,200,43.78,43.77,0.0,25.41,18.36,1
428,428,resnet,large,warm,200,160.36,160.36,0.01,147.25,13.11,1
429,429,resnet,medium,warm,200,146.24,146.24,0.0,134.97,11.26,2
430,430,mobilenet,medium,warm,200,26.81,26.81,0.0,18.05,8.75,3
431,431,resnet,large,warm,200,159.04,159.04,0.01,149.06,9.97,3
432,432,resnet,medium,warm,200,158.29,158.29,0.01,144.68,13.61,2
433,433,resnet,medium,warm,200,154.22,154.21,0.01,136.69,17.52,3
434,434,mobilenet,large,warm,200,30.3,30.29,0.01,18.94,11.35,4
435,435,mobilenet,medium,warm,200,29.28,29.27,0.0,18.44,10.83,3
436,436,resnet,large,warm,200,275.17,275.17,0.01,260.06,15.1,1
437,437,resnet,small,warm,200,297.11,297.1,0.01,276.62,20.48,2
438,438,mobilenet,small,warm,200,50.99,50.99,0.0,27.45,23.54,3
439,439,mobilenet,large,warm,200,42.63,42.62,0.0,29.42,13.2,4
440,440,resnet,large,warm,200,243.93,243.92,0.01,232.58,11.34,3
441,441,mobilenet,small,warm,200,37.52,37.52,0.01,21.09,16.43,4
442,442,resnet,large,warm,200,302.69,302.68,0.01,288.33,14.35,3
443,443,resnet,medium,warm,200,131.33,131.32,0.01,119.92,11.4,3
444,444,mobilenet,large,warm,200,91.85,91.84,0.0,63.19,28.66,4
445,445,resnet,large,warm,200,151.57,151.57,0.01,138.34,13.22,4
446,446,resnet,small,warm,200,134.3,134.29,0.01,120.22,14.08,3
447,447,resnet,medium,warm,200,154.08,154.07,0.01,140.95,13.12,4
448,448,resnet,medium,warm,200,179.76,179.76,0.01,138.51,41.25,5
449,449,resnet,large,warm,200,153.73,153.73,0.0,142.05,11.67,3
450,450,mobilenet,small,warm,200,32.26,32.25,0.01,21.68,10.57,4
451,451,resnet,medium,warm,200,152.55,152.54,0.01,140.47,12.07,3
452,452,resnet,medium,warm,200,171.21,171.21,0.0,156.61,14.6,3
453,453,resnet,large,warm,200,190.72,190.71,0.01,178.44,12.27,3
454,454,mobilenet,medium,warm,200,71.57,71.56,0.01,54.34,17.22,4
455,455,mobilenet,medium,warm,200,57.93,57.92,0.0,35.14,22.79,4
456,456,resnet,medium,warm,200,230.24,230.24,0.01,215.57,14.66,3
457,457,mobilenet,medium,warm,200,41.32,41.32,0.01,30.97,10.34,2
458,458,mobilenet,large,warm,200,64.22,64.21,0.01,49.35,14.86,2
459,459,resnet,medium,warm,200,183.66,183.65,0.01,172.27,11.38,3
460,460,mobilenet,small,warm,200,32.79,32.78,0.01,18.46,14.32,3
461,461,resnet,large,warm,200,173.31,173.3,0.01,161.88,11.42,2
462,462,resnet,large,warm,200,150.71,150.7,0.01,137.89,12.81,3
463,463,resnet,small,warm,200,145.13,145.12,0.01,132.91,12.21,3
464,464,mobilenet,medium,warm,200,31.89,31.89,0.01,22.08,9.81,4
465,465,mobilenet,medium,warm,200,31.26,31.26,0.01,18.27,12.99,2
466,466,resnet,large,warm,200,200.39,200.38,0.01,179.3,21.09,1
467,467,resnet,small,warm,200,297.7,297.7,0.01,286.44,11.26,2
468,468,mobilenet,large,warm,200,37.66,37.66,0.0,25.91,11.75,3
469,469,mobilenet,large,warm,200,38.86,38.85,0.0,27.89,10.96,3
470,470,mobilenet,medium,warm,200,36.33,36.33,0.01,20.11,16.21,2
471,471,mobilenet,large,warm,200,52.72,52.71,0.01,35.32,17.39,2
472,472,resnet,small,warm,200,234.74,234.73,0.01,216.78,17.95,2
473,473,mobilenet,small,warm,200,39.72,39.71,0.01,27.8,11.91,2
474,474,resnet,small,warm,200,152.99,152.99,0.0,141.05,11.94,2
475,475,mobilenet,medium,warm,200,26.97,26.96,0.0,17.66,9.3,3
476,476,resnet,large,warm,200,157.84,157.83,0.0,146.48,11.35,3
477,477,resnet,medium,warm,200,142.34,142.34,0.01,131.74,10.59,3
478,478,resnet,medium,warm,200,151.71,151.7,0.01,139.25,12.45,3
479,479,mobilenet,medium,warm,200,29.95,29.94,0.01,20.89,9.05,4
480,480,mobilenet,medium,warm,200,38.35,38.34,0.01,26.42,11.93,2
481,481,mobilenet,large,warm,200,46.04,46.03,0.01,31.36,14.67,1
482,482,mobilenet,small,warm,200,45.46,45.45,0.01,34.05,11.4,1
483,483,resnet,medium,warm,200,230.67,230.67,0.01,220.17,10.5,1
484,484,resnet,large,warm,200,208.95,208.95,0.0,196.02,12.92,2
485,485,resnet,small,warm,200,209.47,209.47,0.01,198.76,10.71,3
486,486,resnet,large,warm,200,227.95,227.94,0.01,213.33,14.61,4
487,487,resnet,large,warm,200,161.98,161.98,0.0,148.35,13.63,5
488,488,resnet,small,warm,200,191.56,191.56,0.0,131.49,60.06,5
489,489,resnet,large,warm,200,145.58,145.57,0.01,132.46,13.11,5
490,490,resnet,medium,warm,200,152.42,152.42,0.0,139.96,12.45,5
491,491,resnet,large,warm,200,183.86,183.85,0.0,139.41,44.44,4
492,492,resnet,medium,warm,200,160.48,160.47,0.02,150.56,9.9,3
493,493,resnet,small,warm,200,152.51,152.51,0.0,137.84,14.67,4
494,494,mobilenet,large,warm,200,32.23,32.23,0.0,18.11,14.11,4
495,495,resnet,small,warm,200,236.08,236.08,0.0,219.53,16.55,3
496,496,resnet,small,warm,200,262.18,262.17,0.0,251.01,11.16,3
497,497,resnet,large,warm,200,271.86,271.86,0.01,257.79,14.07,3
498,498,resnet,large,warm,200,284.64,284.64,0.01,263.66,20.98,4
499,499,resnet,medium,warm,200,499.88,499.88,0.01,266.2,233.68,5
500,500,mobilenet,medium,warm,200,54.13,54.12,0.01,39.72,14.4,5
501,501,mobilenet,small,warm,200,46.68,46.67,0.01,31.75,14.92,6
502,502,resnet,small,warm,200,133.16,133.15,0.01,121.98,11.17,4
503,503,resnet,small,warm,200,225.43,225.43,0.01,210.89,14.54,4
504,504,resnet,small,warm,200,155.18,155.18,0.01,144.04,11.13,4
505,505,mobilenet,medium,warm,200,30.1,30.09,0.01,18.62,11.47,4
506,506,mobilenet,small,warm,200,33.16,33.15,0.01,21.02,12.14,4
507,507,resnet,medium,warm,200,130.01,130.0,0.01,119.36,10.64,4
508,508,resnet,large,warm,200,163.66,163.66,0.01,150.59,13.07,3
509,509,resnet,large,warm,200,154.47,154.46,0.01,141.04,13.42,4
510,510,mobilenet,medium,warm,200,31.56,31.55,0.0,19.92,11.63,3
511,511,resnet,medium,warm,200,154.14,154.13,0.01,140.43,13.71,3
512,512,resnet,large,warm,200,172.04,172.04,0.01,157.46,14.58,3
513,513,mobilenet,large,warm,200,40.76,40.75,0.01,31.66,9.09,3
514,514,mobilenet,small,warm,200,40.15,40.14,0.0,26.47,13.67,3
515,515,resnet,small,warm,200,327.91,327.9,0.01,310.44,17.46,2
516,516,mobilenet,medium,warm,200,75.52,75.52,0.0,49.68,25.84,2
517,517,mobilenet,large,warm,200,37.51,37.5,0.01,25.15,12.35,3
518,518,mobilenet,medium,warm,200,79.21,79.21,0.0,22.42,56.79,2
519,519,mobilenet,large,warm,200,69.19,69.19,0.0,46.35,22.84,3
520,520,resnet,small,warm,200,170.03,170.03,0.01,155.32,14.71,3
521,521,mobilenet,medium,warm,200,43.88,43.87,0.01,26.59,17.27,3
522,522,mobilenet,medium,warm,200,32.07,32.06,0.01,18.91,13.15,2
523,523,resnet,medium,warm,200,173.66,173.65,0.0,158.37,15.28,2
524,524,resnet,small,warm,200,157.6,157.6,0.0,146.92,10.68,2
525,525,mobilenet,large,warm,200,27.7,27.69,0.01,17.61,10.08,3
526,526,resnet,large,warm,200,145.29,145.29,0.01,132.72,12.57,3
527,527,mobilenet,small,warm,200,28.45,28.44,0.01,18.62,9.83,3
528,528,mobilenet,small,warm,200,26.96,26.95,0.01,17.66,9.29,2
529,529,resnet,large,warm,200,373.26,373.26,0.0,360.69,12.57,1
530,530,mobilenet,medium,warm,200,38.05,38.05,0.01,26.05,12.0,2
531,531,mobilenet,small,warm,200,135.75,135.74,0.01,98.12,37.62,2
532,532,resnet,large,warm,200,234.41,234.41,0.01,219.87,14.54,3
533,533,resnet,medium,warm,200,239.43,239.42,0.01,228.45,10.97,4
534,534,resnet,large,warm,200,211.5,211.5,0.01,196.48,15.01,4
535,535,mobilenet,medium,warm,200,54.65,54.65,0.01,42.34,12.31,5
536,536,resnet,large,warm,200,150.26,150.25,0.01,137.61,12.64,6
537,537,mobilenet,small,warm,200,27.87,27.87,0.01,18.11,9.76,4
538,538,resnet,medium,warm,200,141.09,141.08,0.01,127.78,13.3,3
539,539,resnet,large,warm,200,227.53,227.52,0.01,215.64,11.88,3
540,540,resnet,large,warm,200,150.85,150.84,0.0,139.55,11.29,3
541,541,resnet,medium,warm,200,167.27,167.26,0.01,155.45,11.82,3
542,542,resnet,small,warm,200,150.88,150.88,0.01,138.92,11.96,4
543,543,resnet,medium,warm,200,136.87,136.86,0.01,126.92,9.95,5
544,544,mobilenet,small,warm,200,33.39,33.38,0.01,19.1,14.29,4
545,545,resnet,large,warm,200,155.67,155.66,0.01,143.59,12.07,2
546,546,resnet,large,warm,200,289.84,289.83,0.01,275.35,14.48,2
547,547,resnet,large,warm,200,262.14,262.14,0.01,245.53,16.61,3
548,548,resnet,small,warm,200,236.77,236.77,0.01,226.8,9.97,3
549,549,resnet,medium,warm,200,223.81,223.81,0.01,211.7,12.11,4
550,550,mobilenet,large,warm,200,34.41,34.41,0.01,22.86,11.55,5
551,551,mobilenet,large,warm,200,34.57,34.56,0.01,19.63,14.93,5
552,552,resnet,medium,warm,200,180.39,180.39,0.0,169.64,10.75,4
553,553,mobilenet,large,warm,200,29.82,29.81,0.01,18.18,11.63,3
554,554,resnet,small,warm,200,168.0,168.0,0.01,156.53,11.47,2
555,555,mobilenet,large,warm,200,32.24,32.24,0.01,19.9,12.33,3
556,556,resnet,large,warm,200,140.69,140.69,0.01,127.66,13.03,2
557,557,mobilenet,large,warm,200,42.27,42.26,0.01,28.82,13.44,3
558,558,mobilenet,large,warm,200,30.93,30.93,0.01,18.14,12.78,2
559,559,mobilenet,medium,warm,200,31.23,31.22,0.01,20.54,10.69,1
560,560,resnet,small,warm,200,267.07,267.06,0.0,251.46,15.61,1
561,561,resnet,large,warm,200,331.75,331.74,0.01,310.79,20.95,2
562,562,mobilenet,small,warm,200,84.99,84.99,0.01,71.09,13.9,3
563,563,resnet,medium,warm,200,212.53,212.52,0.01,196.91,15.61,4
564,564,resnet,small,warm,200,269.97,269.96,0.01,260.6,9.37,4
565,565,mobilenet,small,warm,200,30.68,30.68,0.0,19.53,11.15,5
566,566,resnet,large,warm,200,300.72,300.72,0.01,288.07,12.65,4
567,567,resnet,small,warm,200,172.29,172.28,0.01,156.09,16.19,5
568,568,resnet,medium,warm,200,142.2,142.19,0.01,130.66,11.53,4
569,569,resnet,large,warm,200,160.0,160.0,0.01,146.28,13.72,5
570,570,resnet,small,warm,200,151.14,151.13,0.0,136.57,14.56,5
571,571,resnet,small,warm,200,224.89,224.88,0.0,214.77,10.12,4
572,572,mobilenet,small,warm,200,29.19,29.19,0.01,17.55,11.64,4
573,573,resnet,large,warm,200,155.77,155.76,0.0,143.04,12.72,2
574,574,resnet,small,warm,200,179.4,179.4,0.01,168.4,11.0,3
575,575,resnet,small,warm,200,294.61,294.6,0.01,281.67,12.94,4
576,576,resnet,large,warm,200,307.29,307.28,0.01,288.74,18.55,4
577,577,mobilenet,medium,warm,200,62.98,62.97,0.01,45.56,17.41,4
578,578,resnet,large,warm,200,199.82,199.82,0.0,186.65,13.17,4
579,579,resnet,large,warm,200,224.31,224.31,0.01,212.99,11.32,4
580,580,resnet,large,warm,200,231.42,231.41,0.01,220.56,10.85,5
581,581,resnet,small,warm,200,166.21,166.21,0.0,153.79,12.42,5
582,582,mobilenet,medium,warm,200,31.44,31.43,0.01,18.12,13.31,5
583,583,mobilenet,large,warm,200,30.51,30.5,0.0,17.69,12.81,4
584,584,resnet,large,warm,200,164.94,164.93,0.01,149.62,15.31,3
585,585,mobilenet,large,warm,200,34.66,34.66,0.01,23.17,11.49,2
586,586,mobilenet,large,warm,200,30.91,30.91,0.01,19.5,11.41,2
587,587,resnet,large,warm,200,151.0,151.0,0.01,141.14,9.86,2
588,588,resnet,large,warm,200,150.58,150.58,0.01,137.62,12.96,2
589,589,resnet,small,warm,200,258.34,258.33,0.0,246.27,12.06,3
590,590,mobilenet,small,warm,200,33.36,33.36,0.01,18.27,15.09,3
591,591,mobilenet,medium,warm,200,59.5,59.49,0.01,39.76,19.73,2
592,592,resnet,small,warm,200,252.73,252.73,0.0,239.86,12.87,3
593,593,mobilenet,small,warm,200,37.65,37.65,0.0,25.24,12.41,3
594,594,mobilenet,medium,warm,200,48.26,48.26,0.01,32.45,15.8,3
595,595,resnet,medium,warm,200,215.41,215.41,0.0,204.58,10.83,2
596,596,resnet,large,warm,200,140.73,140.73,0.01,130.2,10.52,3
597,597,mobilenet,medium,warm,200,41.24,41.23,0.01,30.25,10.98,4
598,598,mobilenet,medium,warm,200,28.53,28.52,0.01,17.5,11.02,3
599,599,resnet,medium,warm,200,178.94,178.94,0.0,169.09,9.85,2
600,600,mobilenet,large,warm,200,29.86,29.85,0.01,17.47,12.38,2
601,601,resnet,small,warm,200,217.02,217.02,0.01,203.77,13.25,2
602,602,resnet,medium,warm,200,154.02,154.01,0.0,141.36,12.65,3
603,603,mobilenet,medium,warm,200,27.0,27.0,0.0,17.54,9.46,3
604,604,mobilenet,large,warm,200,28.71,28.7,0.0,17.84,10.86,3
605,605,resnet,large,warm,200,161.65,161.65,0.0,151.62,10.03,2
606,606,resnet,small,warm,200,350.95,350.95,0.0,340.59,10.36,2
607,607,resnet,medium,warm,200,304.37,304.37,0.01,290.2,14.17,3
608,608,mobilenet,small,warm,200,50.67,50.67,0.0,39.3,11.37,4
609,609,resnet,small,warm,200,181.57,181.57,0.01,167.0,14.57,4
610,610,mobilenet,large,warm,200,38.3,38.29,0.01,27.15,11.15,4
611,611,mobilenet,small,warm,200,52.44,52.43,0.01,33.03,19.41,4
612,612,resnet,small,warm,200,135.05,135.04,0.01,122.15,12.89,4
613,613,mobilenet,large,warm,200,31.02,31.02,0.01,17.66,13.35,4
614,614,mobilenet,small,warm,200,33.49,33.48,0.0,21.47,12.01,2
615,615,mobilenet,large,warm,200,26.89,26.89,0.01,17.59,9.29,1
616,616,mobilenet,small,warm,200,43.16,43.15,0.01,33.54,9.61,1
617,617,resnet,small,warm,200,164.77,164.77,0.01,151.22,13.55,1
618,618,mobilenet,medium,warm,200,41.6,41.59,0.01,28.41,13.18,2
619,619,mobilenet,small,warm,200,33.53,33.52,0.01,20.42,13.1,2
620,620,resnet,small,warm,200,424.49,424.49,0.01,404.52,19.97,2
621,621,mobilenet,large,warm,200,121.88,121.88,0.01,98.7,23.18,2
622,622,mobilenet,small,warm,200,44.06,44.06,0.0,33.72,10.34,3
623,623,mobilenet,medium,warm,200,67.04,67.03,0.01,41.51,25.53,3
624,624,mobilenet,large,warm,200,168.49,168.49,0.0,150.56,17.93,3
625,625,resnet,small,warm,200,166.13,166.12,0.01,156.4,9.72,3
626,626,mobilenet,medium,warm,200,37.51,37.5,0.01,24.75,12.76,4
627,627,mobilenet,small,warm,200,30.92,30.91,0.01,17.77,13.14,4
628,628,resnet,large,warm,200,136.54,136.54,0.0,126.42,10.12,3
629,629,mobilenet,large,warm,200,27.05,27.04,0.01,17.99,9.05,2
630,630,mobilenet,medium,warm,200,25.83,25.82,0.01,18.06,7.77,2
631,631,resnet,medium,warm,200,144.89,144.88,0.01,134.49,10.39,1
632,632,mobilenet,medium,warm,200,26.3,26.3,0.01,17.48,8.81,2
633,633,mobilenet,large,warm,200,26.31,26.31,0.0,17.92,8.39,2
634,634,mobilenet,large,warm,200,31.18,31.17,0.01,20.57,10.6,1
635,635,resnet,medium,warm,200,189.9,189.89,0.0,179.16,10.73,1
636,636,mobilenet,small,warm,200,37.92,37.91,0.01,27.93,9.99,2
637,637,resnet,medium,warm,200,258.11,258.1,0.01,247.63,10.47,2
638,638,resnet,large,warm,200,281.22,281.21,0.01,270.07,11.14,3
639,639,mobilenet,medium,warm,200,30.82,30.81,0.01,20.53,10.28,3
640,640,resnet,small,warm,200,300.96,300.95,0.0,286.17,14.79,3
641,641,mobilenet,medium,warm,200,36.25,36.25,0.01,23.06,13.19,4
642,642,mobilenet,small,warm,200,45.19,45.18,0.01,29.39,15.8,4
643,643,mobilenet,medium,warm,200,33.82,33.82,0.0,24.84,8.98,3
644,644,resnet,medium,warm,200,257.65,257.64,0.01,245.39,12.25,2
645,645,resnet,medium,warm,200,163.37,163.37,0.01,154.92,8.44,3
646,646,resnet,small,warm,200,136.25,136.25,0.0,125.94,10.31,4
647,647,mobilenet,large,warm,200,34.06,34.05,0.0,24.25,9.8,4
648,648,mobilenet,medium,warm,200,28.75,28.75,0.0,19.46,9.29,4
649,649,resnet,small,warm,200,183.35,183.34,0.0,173.69,9.65,2
650,650,resnet,medium,warm,200,176.57,176.57,0.01,164.46,12.11,2
651,651,resnet,medium,warm,200,169.32,169.31,0.01,157.66,11.66,3
652,652,resnet,large,warm,200,165.24,165.24,0.01,154.65,10.59,4
653,653,mobilenet,medium,warm,200,34.17,34.17,0.01,18.0,16.16,4
654,654,resnet,medium,warm,200,178.6,178.6,0.0,166.63,11.97,3
655,655,resnet,medium,warm,200,382.43,382.43,0.0,367.59,14.84,3
656,656,mobilenet,large,warm,200,79.49,79.49,0.0,52.03,27.45,3
657,657,resnet,small,warm,200,239.44,239.43,0.01,224.13,15.3,4
658,658,mobilenet,small,warm,200,45.13,45.13,0.0,31.73,13.4,3
659,659,mobilenet,medium,warm,200,65.19,65.19,0.0,47.11,18.08,3
660,660,mobilenet,large,warm,200,43.57,43.56,0.01,24.7,18.86,4
661,661,resnet,small,warm,200,138.12,138.12,0.01,127.64,10.48,3
662,662,mobilenet,large,warm,200,34.48,34.48,0.01,21.62,12.85,3
663,663,resnet,large,warm,200,161.47,161.46,0.0,152.26,9.2,2
664,664,mobilenet,medium,warm,200,28.34,28.33,0.0,18.59,9.75,2
665,665,resnet,large,warm,200,152.53,152.52,0.01,142.2,10.33,2
666,666,resnet,large,warm,200,172.62,172.61,0.01,163.82,8.79,3
667,667,mobilenet,medium,warm,200,42.22,42.21,0.01,31.82,10.4,3
668,668,resnet,medium,warm,200,183.75,183.74,0.01,172.37,11.37,2
669,669,mobilenet,large,warm,200,42.33,42.32,0.01,24.2,18.12,3
670,670,mobilenet,small,warm,200,38.55,38.55,0.01,26.06,12.49,2
671,671,resnet,small,warm,200,271.86,271.86,0.0,254.22,17.64,2
672,672,mobilenet,medium,warm,200,45.77,45.76,0.01,35.35,10.41,2
673,673,resnet,small,warm,200,211.79,211.79,0.01,202.14,9.64,2
674,674,resnet,large,warm,200,215.83,215.82,0.01,205.47,10.35,3
675,675,mobilenet,medium,warm,200,35.0,35.0,0.01,23.23,11.77,4
676,676,mobilenet,large,warm,200,31.4,31.39,0.01,18.09,13.3,4
677,677,resnet,small,warm,200,179.83,179.83,0.01,169.17,10.66,3
678,678,mobilenet,medium,warm,200,29.41,29.41,0.01,17.6,11.81,3
679,679,resnet,medium,warm,200,195.96,195.96,0.0,185.9,10.05,2
680,680,resnet,small,warm,200,162.27,162.26,0.01,150.1,12.16,3
681,681,mobilenet,small,warm,200,27.58,27.58,0.01,18.68,8.9,3
682,682,resnet,small,warm,200,173.44,173.44,0.01,160.14,13.3,3
683,683,mobilenet,large,warm,200,34.13,34.12,0.01,22.05,12.08,3
684,684,mobilenet,small,warm,200,38.28,38.28,0.01,24.0,14.28,2
685,685,mobilenet,medium,warm,200,47.1,47.09,0.01,30.55,16.54,2
686,686,resnet,medium,warm,200,240.33,240.32,0.01,230.16,10.16,1
687,687,resnet,small,warm,200,258.86,258.84,0.02,244.78,14.06,2
688,688,resnet,medium,warm,200,175.03,175.02,0.01,164.98,10.05,3
689,689,resnet,large,warm,200,218.03,218.03,0.01,203.61,14.42,4
690,690,mobilenet,small,warm,200,41.46,41.46,0.01,26.89,14.57,5
691,691,mobilenet,small,warm,200,38.72,38.72,0.01,26.47,12.25,4
692,692,mobilenet,large,warm,200,39.92,39.91,0.0,20.49,19.43,3
693,693,mobilenet,medium,warm,200,29.21,29.2,0.01,17.61,11.59,2
694,694,resnet,large,warm,200,182.18,182.17,0.01,172.11,10.06,1
695,695,resnet,medium,warm,200,167.15,167.14,0.0,156.46,10.68,2
696,696,resnet,medium,warm,200,153.16,153.15,0.01,135.6,17.55,3
697,697,resnet,small,warm,200,154.01,154.01,0.01,139.49,14.52,4
698,698,mobilenet,medium,warm,200,47.05,47.04,0.01,26.0,21.04,4
699,699,resnet,small,warm,200,240.88,240.88,0.0,230.16,10.72,2
700,700,resnet,large,warm,200,264.46,264.46,0.01,250.05,14.41,3
701,701,resnet,large,warm,200,286.0,286.0,0.0,274.02,11.98,3
702,702,resnet,small,warm,200,225.35,225.34,0.01,215.8,9.54,4
703,703,mobilenet,medium,warm,200,30.2,30.2,0.01,20.87,9.33,5
704,704,mobilenet,small,warm,200,36.34,36.34,0.01,24.68,11.66,4
705,705,mobilenet,medium,warm,200,36.18,36.17,0.01,26.04,10.13,4
706,706,mobilenet,small,warm,200,28.65,28.65,0.0,20.43,8.22,3
707,707,resnet,medium,warm,200,148.05,148.05,0.0,136.14,11.9,1
708,708,resnet,small,warm,200,151.29,151.29,0.0,143.01,8.28,2
709,709,mobilenet,medium,warm,200,30.97,30.97,0.0,19.33,11.64,3
710,710,resnet,small,warm,200,144.91,144.91,0.01,136.12,8.79,2
711,711,mobilenet,medium,warm,200,27.76,27.75,0.01,17.67,10.08,3
712,712,mobilenet,large,warm,200,30.86,30.86,0.01,21.25,9.61,2
713,713,resnet,small,warm,200,319.01,319.01,0.01,304.71,14.3,1
714,714,resnet,large,warm,200,252.82,252.81,0.0,241.03,11.78,2
715,715,mobilenet,medium,warm,200,39.9,39.89,0.0,26.62,13.28,3
716,716,mobilenet,medium,warm,200,34.29,34.28,0.01,22.27,12.02,3
717,717,mobilenet,medium,warm,200,31.94,31.94,0.01,23.33,8.61,3
718,718,resnet,large,warm,200,138.31,138.3,0.01,127.58,10.72,3
719,719,resnet,large,warm,200,148.59,148.58,0.01,135.88,12.7,4
720,720,resnet,medium,warm,200,213.98,213.98,0.0,199.26,14.72,3
721,721,mobilenet,medium,warm,200,28.04,28.03,0.01,17.88,10.15,3
722,722,mobilenet,medium,warm,200,28.44,28.43,0.01,18.18,10.25,2
723,723,mobilenet,large,warm,200,27.16,27.16,0.01,17.92,9.23,2
724,724,resnet,large,warm,200,141.09,141.09,0.01,131.42,9.66,2
725,725,resnet,small,warm,200,210.6,210.6,0.01,198.53,12.07,2
726,726,resnet,small,warm,200,149.67,149.66,0.0,139.16,10.51,3
727,727,mobilenet,medium,warm,200,31.32,31.31,0.0,21.2,10.12,3
728,728,resnet,large,warm,200,295.14,295.13,0.01,286.24,8.89,3
729,729,mobilenet,medium,warm,200,52.35,52.34,0.0,36.1,16.24,4
730,730,resnet,large,warm,200,231.59,231.58,0.01,218.31,13.27,3
731,731,resnet,small,warm,200,236.82,236.82,0.01,223.98,12.83,3
732,732,resnet,small,warm,200,407.62,407.61,0.01,397.51,10.11,4
733,733,mobilenet,large,warm,200,96.32,96.31,0.01,73.96,22.35,5
734,734,mobilenet,large,warm,200,39.27,39.27,0.0,21.43,17.83,5
735,735,mobilenet,medium,warm,200,75.79,75.79,0.01,61.23,14.56,3
736,736,resnet,large,warm,200,130.89,130.88,0.0,121.44,9.44,3
737,737,mobilenet,small,warm,200,27.97,27.97,0.0,17.77,10.19,3
738,738,mobilenet,small,warm,200,82.67,82.66,0.01,68.54,14.12,3
739,739,resnet,small,warm,200,152.08,152.08,0.0,140.85,11.23,3
740,740,mobilenet,large,warm,200,28.51,28.5,0.01,18.19,10.31,3
741,741,mobilenet,large,warm,200,26.71,26.7,0.01,18.18,8.53,2
742,742,mobilenet,small,warm,200,30.24,30.23,0.0,17.74,12.49,2
743,743,resnet,medium,warm,200,139.25,139.25,0.0,130.85,8.4,1
744,744,resnet,large,warm,200,174.49,174.49,0.0,166.09,8.4,2
745,745,resnet,large,warm,200,238.44,238.44,0.01,229.54,8.9,3
746,746,resnet,small,warm,200,206.49,206.49,0.01,195.28,11.2,3
747,747,resnet,small,warm,200,277.71,277.71,0.01,266.39,11.32,4
748,748,resnet,medium,warm,200,263.87,263.86,0.01,253.18,10.68,4
749,749,resnet,medium,warm,200,227.47,227.47,0.01,214.01,13.46,5
750,750,mobilenet,medium,warm,200,37.26,37.25,0.01,25.24,12.01,5
751,751,mobilenet,medium,warm,200,41.58,41.58,0.01,28.33,13.24,4
752,752,resnet,medium,warm,200,220.87,220.86,0.01,205.44,15.42,4
753,753,mobilenet,small,warm,200,32.97,32.96,0.0,17.99,14.97,4
754,754,resnet,medium,warm,200,140.65,140.65,0.0,129.21,11.44,2
755,755,mobilenet,large,warm,200,31.54,31.53,0.01,22.51,9.03,3
756,756,mobilenet,large,warm,200,34.0,34.0,0.01,20.4,13.59,3
757,757,resnet,medium,warm,200,139.25,139.24,0.01,128.08,11.16,1
758,758,mobilenet,medium,warm,200,30.07,30.06,0.01,18.96,11.11,2
759,759,mobilenet,medium,warm,200,26.02,26.02,0.01,18.05,7.97,2
760,760,resnet,large,warm,200,254.82,254.82,0.0,238.87,15.95,1
761,761,mobilenet,small,warm,200,37.21,37.2,0.01,27.33,9.87,2
762,762,resnet,small,warm,200,376.84,376.83,0.01,362.1,14.73,2
763,763,resnet,large,warm,200,252.89,252.89,0.01,240.19,12.7,3
764,764,mobilenet,large,warm,200,36.74,36.73,0.01,25.32,11.41,4
765,765,mobilenet,small,warm,200,81.13,81.13,0.01,66.24,14.89,4
766,766,mobilenet,large,warm,200,38.25,38.25,0.0,26.45,11.8,4
767,767,resnet,medium,warm,200,141.1,141.09,0.0,131.15,9.95,3
768,768,mobilenet,medium,warm,200,28.9,28.9,0.01,19.54,9.35,4
769,769,resnet,medium,warm,200,201.64,201.63,0.01,190.9,10.74,3
770,770,resnet,medium,warm,200,160.12,160.11,0.0,146.29,13.83,2
771,771,resnet,large,warm,200,136.15,136.14,0.01,124.46,11.68,3
772,772,mobilenet,large,warm,200,29.8,29.79,0.0,20.36,9.44,4
773,773,resnet,small,warm,200,160.2,160.2,0.0,151.05,9.14,4
774,774,resnet,small,warm,200,154.58,154.57,0.01,144.35,10.22,2
775,775,resnet,medium,warm,200,154.84,154.84,0.01,145.27,9.57,3
776,776,resnet,large,warm,200,152.5,152.5,0.0,143.8,8.7,4
777,777,mobilenet,medium,warm,200,27.29,27.29,0.01,17.6,9.69,4
778,778,mobilenet,large,warm,200,28.01,28.0,0.0,18.51,9.5,3
779,779,mobilenet,medium,warm,200,30.5,30.49,0.01,17.94,12.55,2
780,780,resnet,large,warm,200,276.34,276.33,0.01,264.31,12.02,1
781,781,resnet,small,warm,200,336.14,336.14,0.01,325.86,10.28,2
782,782,mobilenet,medium,warm,200,30.99,30.99,0.01,21.69,9.3,3
783,783,resnet,large,warm,200,217.99,217.99,0.0,206.97,11.01,3
784,784,resnet,small,warm,200,210.47,210.47,0.01,200.01,10.46,4
785,785,mobilenet,large,warm,200,39.55,39.55,0.0,26.52,13.03,5
786,786,resnet,large,warm,200,136.3,136.29,0.01,126.6,9.69,4
787,787,resnet,small,warm,200,145.98,145.98,0.01,131.89,14.08,5
788,788,resnet,medium,warm,200,180.23,180.23,0.01,172.31,7.92,4
789,789,mobilenet,small,warm,200,39.18,39.18,0.01,28.45,10.73,3
790,790,resnet,medium,warm,200,152.19,152.18,0.01,142.78,9.4,2
791,791,mobilenet,small,warm,200,31.01,31.0,0.0,23.46,7.54,3
792,792,mobilenet,small,warm,200,27.87,27.86,0.01,17.75,10.11,2
793,793,mobilenet,medium,warm,200,39.73,39.73,0.01,29.33,10.4,2
794,794,mobilenet,large,warm,200,30.5,30.5,0.01,19.16,11.33,1
795,795,mobilenet,large,warm,200,30.88,30.87,0.01,20.99,9.89,1
796,796,resnet,large,warm,200,328.37,328.36,0.01,318.66,9.7,1
797,797,mobilenet,large,warm,200,48.86,48.85,0.01,36.6,12.25,2
798,798,resnet,small,warm,200,237.11,237.1,0.01,224.06,13.04,2
799,799,mobilenet,small,warm,200,32.89,32.88,0.01,24.84,8.04,3
800,800,mobilenet,large,warm,200,40.13,40.12,0.01,29.43,10.69,3
801,801,resnet,small,warm,200,132.62,132.62,0.0,122.31,10.3,3
802,802,resnet,medium,warm,200,130.66,130.65,0.01,120.36,10.29,4
803,803,mobilenet,medium,warm,200,30.68,30.68,0.01,22.31,8.36,3
804,804,resnet,large,warm,200,159.53,159.53,0.01,149.94,9.59,2
805,805,resnet,small,warm,200,155.22,155.22,0.01,144.14,11.08,2
806,806,mobilenet,medium,warm,200,32.42,32.41,0.01,19.93,12.49,3
807,807,resnet,small,warm,200,149.21,149.21,0.0,140.01,9.2,3
808,808,resnet,large,warm,200,142.36,142.36,0.0,133.51,8.84,3
809,809,resnet,medium,warm,200,210.72,210.71,0.01,201.92,8.79,3
810,810,resnet,medium,warm,200,227.05,227.04,0.01,209.01,18.03,3
811,811,resnet,small,warm,200,300.38,300.37,0.0,290.5,9.87,3
812,812,mobilenet,large,warm,200,44.44,44.44,0.0,33.8,10.64,4
813,813,mobilenet,medium,warm,200,32.62,32.62,0.01,23.51,9.11,4
814,814,mobilenet,large,warm,200,38.79,38.78,0.01,25.27,13.51,3
815,815,resnet,medium,warm,200,343.43,343.43,0.0,333.52,9.91,2
816,816,mobilenet,large,warm,200,65.3,65.29,0.01,45.84,19.46,3
817,817,mobilenet,medium,warm,200,31.98,31.98,0.0,19.18,12.8,4
818,818,mobilenet,small,warm,200,29.19,29.18,0.01,18.46,10.72,2
819,819,resnet,medium,warm,200,142.22,142.21,0.01,129.81,12.4,2
820,820,mobilenet,medium,warm,200,92.5,92.5,0.0,75.88,16.62,3
821,821,mobilenet,small,warm,200,29.28,29.27,0.01,17.66,11.61,4
822,822,resnet,medium,warm,200,154.54,154.53,0.01,145.32,9.21,1
823,823,mobilenet,medium,warm,200,28.81,28.8,0.01,17.9,10.91,2
824,824,mobilenet,medium,warm,200,28.11,28.11,0.0,17.57,10.54,2
825,825,resnet,small,warm,200,165.71,165.71,0.0,157.72,7.99,2
826,826,resnet,small,warm,200,181.18,181.17,0.01,170.34,10.83,2
827,827,resnet,small,warm,200,343.51,343.5,0.0,278.77,64.73,3
828,828,mobilenet,medium,warm,200,44.37,44.37,0.01,34.35,10.01,4
829,829,mobilenet,large,warm,200,36.61,36.61,0.01,23.38,13.22,3
830,830,resnet,small,warm,200,177.83,177.82,0.01,168.41,9.42,2
831,831,mobilenet,small,warm,200,30.83,30.82,0.01,20.9,9.92,3
832,832,resnet,medium,warm,200,181.25,181.24,0.01,173.42,7.83,3
833,833,mobilenet,large,warm,200,35.69,35.68,0.0,21.24,14.44,4
834,834,resnet,medium,warm,200,277.31,277.3,0.01,267.17,10.13,2
835,835,mobilenet,small,warm,200,78.42,78.42,0.01,66.18,12.23,3
836,836,mobilenet,medium,warm,200,29.61,29.61,0.0,17.76,11.85,3
837,837,mobilenet,small,warm,200,66.15,66.14,0.0,49.93,16.21,2
838,838,resnet,small,warm,200,149.91,149.9,0.01,138.63,11.27,3
839,839,resnet,small,warm,200,153.16,153.15,0.01,143.06,10.09,3
840,840,resnet,small,warm,200,165.07,165.07,0.01,155.85,9.21,3
841,841,mobilenet,small,warm,200,37.61,37.6,0.0,25.82,11.78,3
842,842,resnet,large,warm,200,262.09,262.09,0.01,252.0,10.08,3
843,843,resnet,small,warm,200,223.41,223.4,0.01,213.16,10.24,3
844,844,mobilenet,medium,warm,200,54.36,54.36,0.0,41.67,12.68,3
845,845,mobilenet,large,warm,200,49.36,49.36,0.0,39.18,10.18,4
846,846,mobilenet,large,warm,200,36.14,36.13,0.01,23.07,13.06,4
847,847,mobilenet,medium,warm,200,35.18,35.17,0.01,24.86,10.3,3
848,848,resnet,small,warm,200,131.68,131.68,0.01,123.5,8.18,1
849,849,resnet,small,warm,200,127.12,127.12,0.01,118.61,8.51,2
850,850,resnet,small,warm,200,146.2,146.2,0.01,138.71,7.49,3
851,851,mobilenet,large,warm,200,24.79,24.79,0.01,17.48,7.31,3
852,852,resnet,small,warm,200,140.87,140.86,0.0,130.56,10.3,2
853,853,mobilenet,medium,warm,200,27.39,27.39,0.01,17.73,9.65,2
854,854,resnet,small,warm,200,182.38,182.37,0.01,172.98,9.39,2
855,855,resnet,medium,warm,200,252.3,252.29,0.01,241.33,10.97,2
856,856,resnet,large,warm,200,242.53,242.52,0.01,233.53,8.99,3
857,857,mobilenet,medium,warm,200,92.29,92.29,0.0,62.77,29.51,4
858,858,mobilenet,medium,warm,200,39.95,39.94,0.01,25.17,14.77,4
859,859,mobilenet,large,warm,200,31.12,31.11,0.01,21.3,9.81,3
860,860,mobilenet,large,warm,200,32.26,32.25,0.01,20.12,12.13,3
861,861,resnet,small,warm,200,194.2,194.2,0.0,183.71,10.49,1
862,862,mobilenet,medium,warm,200,34.16,34.15,0.0,25.89,8.26,2
863,863,resnet,large,warm,200,139.26,139.25,0.01,124.83,14.42,2
864,864,mobilenet,large,warm,200,25.73,25.73,0.0,18.09,7.64,3
865,865,resnet,large,warm,200,129.25,129.24,0.0,120.17,9.08,2
866,866,resnet,large,warm,200,151.54,151.54,0.01,144.01,7.53,2
867,867,mobilenet,small,warm,200,28.25,28.25,0.0,21.3,6.95,3
868,868,mobilenet,large,warm,200,27.26,27.26,0.01,18.0,9.26,2
869,869,resnet,small,warm,200,153.76,153.75,0.01,143.51,10.24,2
870,870,resnet,small,warm,200,156.33,156.33,0.01,145.76,10.57,2
871,871,mobilenet,small,warm,200,28.39,28.38,0.01,20.88,7.5,3
872,872,mobilenet,medium,warm,200,28.72,28.72,0.0,18.32,10.39,2
873,873,resnet,large,warm,200,279.49,279.48,0.01,269.86,9.63,2
874,874,resnet,large,warm,200,311.97,311.97,0.01,300.32,11.65,2
875,875,resnet,medium,warm,200,268.09,268.09,0.0,256.99,11.09,3
876,876,mobilenet,large,warm,200,33.05,33.04,0.01,24.59,8.46,4
877,877,mobilenet,medium,warm,200,36.59,36.58,0.0,26.87,9.71,4
878,878,resnet,small,warm,200,224.78,224.78,0.0,211.8,12.98,4
879,879,resnet,medium,warm,200,159.74,159.73,0.01,148.86,10.88,4
880,880,mobilenet,medium,warm,200,28.2,28.19,0.01,17.9,10.29,5
881,881,resnet,medium,warm,200,256.74,256.73,0.01,192.91,63.82,3
882,882,resnet,medium,warm,200,145.46,145.45,0.0,134.98,10.48,4
883,883,resnet,small,warm,200,175.91,175.9,0.01,167.36,8.54,3
884,884,resnet,large,warm,200,159.9,159.9,0.01,145.47,14.43,4
885,885,resnet,medium,warm,200,153.59,153.58,0.01,145.48,8.1,4
886,886,resnet,small,warm,200,152.63,152.63,0.01,144.97,7.66,5
887,887,resnet,small,warm,200,339.19,339.18,0.01,324.69,14.5,4
888,888,resnet,large,warm,200,271.29,271.29,0.0,256.82,14.47,4
889,889,mobilenet,large,warm,200,49.43,49.42,0.01,30.86,18.57,4
890,890,resnet,medium,warm,200,208.25,208.24,0.01,194.51,13.73,3
891,891,mobilenet,small,warm,200,34.2,34.2,0.0,21.96,12.24,4
892,892,resnet,large,warm,200,451.42,451.42,0.0,361.27,90.15,4
893,893,resnet,medium,warm,200,206.55,206.54,0.0,198.73,7.81,5
894,894,resnet,large,warm,200,132.73,132.73,0.01,121.16,11.56,4
895,895,resnet,small,warm,200,200.22,200.21,0.0,188.77,11.44,4
896,896,resnet,medium,warm,200,148.21,148.21,0.0,140.97,7.24,5
897,897,resnet,small,warm,200,388.2,388.19,0.0,288.82,99.37,5
898,898,resnet,large,warm,200,133.58,133.57,0.0,124.77,8.8,5
899,899,resnet,medium,warm,200,144.54,144.53,0.01,134.48,10.06,4
900,900,mobilenet,small,warm,200,109.44,109.43,0.0,92.79,16.64,5
901,901,resnet,medium,warm,200,145.85,145.84,0.01,135.44,10.4,5
902,902,mobilenet,small,warm,200,31.24,31.23,0.01,17.7,13.54,4
903,903,mobilenet,large,warm,200,44.01,44.0,0.01,27.48,16.52,3
904,904,resnet,small,warm,200,161.48,161.48,0.01,151.13,10.35,2
905,905,mobilenet,small,warm,200,31.53,31.53,0.01,21.57,9.96,2
906,906,mobilenet,large,warm,200,27.2,27.19,0.0,17.89,9.3,2
907,907,resnet,medium,warm,200,195.97,195.97,0.01,186.38,9.59,2
908,908,resnet,large,warm,200,297.07,297.07,0.01,288.07,8.99,2
909,909,mobilenet,large,warm,200,51.16,51.15,0.0,39.24,11.91,3
910,910,mobilenet,large,warm,200,44.82,44.81,0.01,26.18,18.63,4
911,911,resnet,medium,warm,200,206.21,206.21,0.01,197.28,8.92,2
912,912,resnet,medium,warm,200,230.48,230.48,0.0,222.74,7.74,3
913,913,mobilenet,large,warm,200,33.66,33.65,0.0,24.92,8.74,4
914,914,mobilenet,large,warm,200,29.13,29.13,0.01,18.09,11.04,3
915,915,resnet,medium,warm,200,186.78,186.77,0.01,175.22,11.55,3
916,916,resnet,large,warm,200,137.39,137.38,0.0,128.74,8.64,3
917,917,resnet,small,warm,200,130.24,130.23,0.0,121.47,8.76,3
918,918,mobilenet,small,warm,200,24.29,24.28,0.0,17.69,6.59,4
919,919,mobilenet,medium,warm,200,26.58,26.57,0.01,17.57,9.0,2
920,920,resnet,large,warm,200,187.45,187.44,0.01,178.88,8.57,1
921,921,mobilenet,medium,warm,200,25.84,25.83,0.0,17.64,8.19,2
922,922,resnet,large,warm,200,146.78,146.77,0.01,137.32,9.45,2
923,923,resnet,small,warm,200,175.77,175.76,0.01,167.76,8.0,3
924,924,resnet,large,warm,200,151.68,151.68,0.0,143.27,8.41,3
925,925,resnet,small,warm,200,312.43,312.43,0.0,299.11,13.32,3
926,926,mobilenet,small,warm,200,84.92,84.9,0.01,69.35,15.55,4
927,927,mobilenet,medium,warm,200,42.19,42.18,0.01,29.24,12.94,4
928,928,mobilenet,large,warm,200,41.88,41.88,0.01,29.72,12.16,2
929,929,resnet,small,warm,200,180.69,180.69,0.01,170.03,10.66,2
930,930,resnet,large,warm,200,165.15,165.15,0.01,154.46,10.69,3
931,931,resnet,large,warm,200,226.85,226.85,0.01,216.33,10.52,4
932,932,mobilenet,large,warm,200,28.19,28.18,0.01,18.49,9.69,4
933,933,resnet,medium,warm,200,156.93,156.93,0.01,145.96,10.97,3
934,934,mobilenet,large,warm,200,58.42,58.41,0.01,41.94,16.48,3
935,935,mobilenet,medium,warm,200,27.02,27.02,0.0,17.36,9.65,4
936,936,mobilenet,small,warm,200,41.7,41.69,0.01,31.27,10.42,2
937,937,mobilenet,small,warm,200,26.81,26.8,0.0,17.33,9.47,1
938,938,mobilenet,medium,warm,200,30.98,30.98,0.01,18.34,12.64,1
939,939,mobilenet,medium,warm,200,27.58,27.57,0.01,17.43,10.14,1
940,940,resnet,medium,warm,200,163.93,163.93,0.0,149.97,13.96,1
941,941,mobilenet,large,warm,200,25.65,25.65,0.01,17.73,7.92,2
942,942,mobilenet,small,warm,200,31.03,31.03,0.01,20.89,10.13,2
943,943,resnet,medium,warm,200,362.79,362.78,0.01,349.04,13.75,2
944,944,resnet,large,warm,200,238.31,238.3,0.01,228.72,9.58,2
945,945,resnet,medium,warm,200,212.11,212.11,0.01,202.17,9.94,3
946,946,mobilenet,small,warm,200,30.77,30.76,0.01,20.78,9.98,4
947,947,resnet,large,warm,200,151.15,151.15,0.0,141.02,10.14,4
948,948,mobilenet,medium,warm,200,83.17,83.17,0.0,72.94,10.23,5
949,949,resnet,large,warm,200,201.6,201.6,0.0,192.5,9.09,5
950,950,resnet,small,warm,200,141.18,141.17,0.01,133.78,7.39,4
951,951,mobilenet,small,warm,200,26.45,26.45,0.01,19.58,6.87,3
952,952,resnet,large,warm,200,134.98,134.97,0.01,125.53,9.44,3
953,953,mobilenet,small,warm,200,28.08,28.07,0.01,17.65,10.42,3
954,954,mobilenet,medium,warm,200,29.84,29.84,0.01,17.57,12.26,2
955,955,mobilenet,small,warm,200,31.41,31.4,0.01,19.98,11.42,1
956,956,resnet,large,warm,200,141.26,141.26,0.0,131.29,9.97,1
957,957,mobilenet,medium,warm,200,25.94,25.93,0.0,17.76,8.18,2
958,958,resnet,small,warm,200,187.52,187.51,0.0,179.62,7.89,2
959,959,resnet,small,warm,200,263.89,263.89,0.0,255.06,8.83,2
960,960,resnet,small,warm,200,248.31,248.31,0.0,235.12,13.19,3
961,961,resnet,large,warm,200,314.36,314.36,0.01,305.54,8.81,4
962,962,mobilenet,large,warm,200,32.52,32.51,0.01,22.52,9.99,4
963,963,mobilenet,large,warm,200,31.94,31.93,0.01,19.43,12.5,4
964,964,mobilenet,small,warm,200,37.39,37.38,0.01,23.14,14.24,4
965,965,resnet,large,warm,200,306.97,306.96,0.01,297.35,9.62,2
966,966,mobilenet,small,warm,200,30.1,30.09,0.0,21.36,8.73,3
967,967,mobilenet,small,warm,200,29.7,29.7,0.0,17.56,12.14,3
968,968,resnet,large,warm,200,134.12,134.12,0.0,125.6,8.51,2
969,969,mobilenet,large,warm,200,27.45,27.45,0.01,18.59,8.85,3
970,970,resnet,large,warm,200,148.2,148.2,0.0,139.77,8.42,3
971,971,mobilenet,medium,warm,200,26.6,26.6,0.0,17.64,8.96,3
972,972,resnet,large,warm,200,155.34,155.33,0.0,143.35,11.98,2
973,973,resnet,medium,warm,200,145.0,145.0,0.01,136.43,8.56,2
974,974,mobilenet,large,warm,200,33.77,33.77,0.0,23.17,10.6,3
975,975,resnet,medium,warm,200,209.48,209.47,0.01,200.32,9.15,2
976,976,resnet,small,warm,200,275.96,275.95,0.01,264.07,11.89,2
977,977,mobilenet,small,warm,200,42.61,42.61,0.0,31.26,11.35,3
978,978,resnet,medium,warm,200,267.76,267.75,0.01,255.91,11.84,3
979,979,resnet,medium,warm,200,253.1,253.1,0.01,240.8,12.29,4
980,980,mobilenet,medium,warm,200,33.01,33.0,0.01,21.54,11.47,4
981,981,mobilenet,medium,warm,200,37.12,37.12,0.01,27.6,9.51,4
982,982,resnet,large,warm,200,146.61,146.61,0.01,138.76,7.84,3
983,983,resnet,medium,warm,200,202.01,202.01,0.0,190.75,11.25,4
984,984,mobilenet,medium,warm,200,30.1,30.09,0.01,19.94,10.15,4
985,985,mobilenet,medium,warm,200,25.35,25.34,0.01,17.8,7.54,2
986,986,mobilenet,medium,warm,200,41.96,41.96,0.01,31.25,10.71,2
987,987,mobilenet,medium,warm,200,26.27,26.27,0.01,17.5,8.77,2
988,988,resnet,small,warm,200,141.04,141.03,0.01,131.73,9.3,1
989,989,mobilenet,small,warm,200,24.81,24.81,0.01,17.73,7.08,2
990,990,mobilenet,medium,warm,200,28.68,28.68,0.01,20.18,8.49,2
991,991,resnet,large,warm,200,232.69,232.68,0.0,213.49,19.19,1
992,992,resnet,small,warm,200,303.43,303.42,0.0,293.23,10.19,2
993,993,mobilenet,medium,warm,200,50.53,50.52,0.0,35.36,15.16,3
994,994,resnet,small,warm,200,229.96,229.95,0.01,220.8,9.16,4
995,995,mobilenet,medium,warm,200,34.39,34.39,0.0,23.03,11.35,4
996,996,resnet,medium,warm,200,131.49,131.49,0.0,122.13,9.36,3
997,997,resnet,medium,warm,200,171.36,171.36,0.01,162.99,8.37,4
998,998,mobilenet,small,warm,200,31.18,31.18,0.0,17.93,13.25,5
999,999,resnet,large,warm,200,232.66,232.65,0.01,221.12,11.53,2
1000,1000,resnet,small,warm,200,125.87,125.87,0.01,118.28,7.59,3
1001,1001,mobilenet,large,warm,200,27.69,27.69,0.01,18.44,9.25,3
1002,1002,resnet,small,warm,200,144.01,144.0,0.01,134.49,9.51,3
1003,1003,mobilenet,medium,warm,200,24.98,24.97,0.0,17.93,7.05,3
1004,1004,resnet,large,warm,200,179.68,179.68,0.0,170.11,9.57,2
1005,1005,resnet,medium,warm,200,200.87,200.86,0.01,188.3,12.56,2
1006,1006,mobilenet,small,warm,200,65.73,65.72,0.01,52.08,13.65,3
1007,1007,resnet,small,warm,200,162.65,162.65,0.0,153.52,9.13,4
1008,1008,resnet,large,warm,200,228.04,228.03,0.0,217.32,10.71,3
1009,1009,resnet,medium,warm,200,373.76,373.75,0.0,363.97,9.78,4
1010,1010,resnet,small,warm,200,253.24,253.24,0.0,243.4,9.84,4
1011,1011,resnet,small,warm,200,303.03,303.03,0.01,291.65,11.38,4
1012,1012,mobilenet,medium,warm,200,37.22,37.21,0.01,25.69,11.53,5
1013,1013,resnet,small,warm,200,162.09,162.08,0.01,153.65,8.44,4
1014,1014,resnet,large,warm,200,301.23,301.22,0.01,237.44,63.78,5
1015,1015,resnet,large,warm,200,195.91,195.9,0.01,184.56,11.34,6
1016,1016,resnet,large,warm,200,364.05,364.04,0.01,306.66,57.38,6
1017,1017,mobilenet,small,warm,200,27.93,27.92,0.01,17.96,9.96,4
1018,1018,mobilenet,medium,warm,200,35.34,35.33,0.01,25.08,10.25,4
1019,1019,resnet,medium,warm,200,216.03,216.03,0.01,206.07,9.96,3
1020,1020,resnet,small,warm,200,157.93,157.93,0.0,150.23,7.7,4
1021,1021,mobilenet,large,warm,200,59.82,59.81,0.01,51.31,8.5,4
1022,1022,resnet,large,warm,200,142.1,142.1,0.01,133.98,8.12,5
1023,1023,mobilenet,small,warm,200,35.3,35.29,0.01,26.04,9.26,5
1024,1024,mobilenet,small,warm,200,26.5,26.49,0.01,17.77,8.72,2
1025,1025,resnet,medium,warm,200,154.86,154.86,0.01,144.23,10.63,1
1026,1026,resnet,small,warm,200,275.2,275.19,0.01,262.56,12.63,2
1027,1027,mobilenet,medium,warm,200,50.64,50.64,0.01,33.59,17.05,3
1028,1028,resnet,small,warm,200,231.34,231.33,0.01,223.37,7.96,3
1029,1029,resnet,large,warm,200,186.53,186.53,0.01,176.27,10.26,3
1030,1030,resnet,large,warm,200,203.72,203.71,0.0,195.06,8.65,4
1031,1031,resnet,large,warm,200,160.48,160.48,0.01,151.97,8.51,5
1032,1032,resnet,large,warm,200,162.41,162.4,0.01,154.62,7.78,5
1033,1033,resnet,medium,warm,200,130.81,130.81,0.01,121.57,9.24,4
1034,1034,mobilenet,medium,warm,200,44.77,44.77,0.01,35.61,9.16,5
1035,1035,resnet,large,warm,200,139.97,139.96,0.01,129.24,10.73,3
1036,1036,mobilenet,medium,warm,200,26.03,26.02,0.01,17.84,8.19,2
1037,1037,resnet,large,warm,200,158.72,158.72,0.0,148.9,9.82,2
1038,1038,mobilenet,large,warm,200,28.1,28.09,0.01,19.77,8.32,2
1039,1039,resnet,medium,warm,200,162.38,162.37,0.01,154.01,8.36,2
1040,1040,mobilenet,large,warm,200,41.87,41.87,0.0,28.69,13.18,3
1041,1041,mobilenet,large,warm,200,31.93,31.93,0.01,20.63,11.3,2
1042,1042,resnet,small,warm,200,264.81,264.8,0.01,248.65,16.15,2
1043,1043,resnet,small,warm,200,255.9,255.89,0.0,246.99,8.91,2
1044,1044,mobilenet,small,warm,200,43.52,43.52,0.01,33.66,9.85,3
1045,1045,mobilenet,small,warm,200,36.43,36.43,0.01,27.67,8.75,3
1046,1046,mobilenet,medium,warm,200,46.49,46.49,0.01,31.88,14.6,3
1047,1047,resnet,medium,warm,200,151.97,151.96,0.01,143.79,8.18,3
1048,1048,mobilenet,medium,warm,200,37.19,37.18,0.01,25.95,11.23,3
1049,1049,mobilenet,medium,warm,200,33.39,33.39,0.01,24.02,9.36,2
1050,1050,resnet,large,warm,200,165.76,165.75,0.01,157.04,8.72,2
1051,1051,mobilenet,large,warm,200,29.39,29.39,0.01,21.07,8.32,2
1052,1052,mobilenet,large,warm,200,38.21,38.2,0.0,30.65,7.55,2
1053,1053,mobilenet,large,warm,200,27.27,27.27,0.01,17.91,9.35,2
1054,1054,resnet,large,warm,200,143.14,143.14,0.0,134.23,8.9,1
1055,1055,resnet,large,warm,200,204.16,204.15,0.0,194.59,9.56,2
1056,1056,resnet,medium,warm,200,274.81,274.8,0.01,266.11,8.69,3
1057,1057,mobilenet,medium,warm,200,54.88,54.88,0.0,38.02,16.86,3
1058,1058,resnet,large,warm,200,266.03,266.03,0.0,257.13,8.9,4
1059,1059,resnet,large,warm,200,271.0,271.0,0.01,259.84,11.15,4
1060,1060,resnet,large,warm,200,210.57,210.57,0.0,202.25,8.32,4
1061,1061,resnet,small,warm,200,236.77,236.76,0.0,224.82,11.95,5
1062,1062,mobilenet,medium,warm,200,43.76,43.75,0.01,36.44,7.31,5
1063,1063,resnet,small,warm,200,251.95,251.95,0.01,234.23,17.72,5
1064,1064,resnet,medium,warm,200,196.17,196.17,0.01,188.11,8.06,5
1065,1065,mobilenet,large,warm,200,39.07,39.06,0.01,27.07,12.0,4
1066,1066,resnet,medium,warm,200,169.59,169.58,0.01,160.58,9.0,3
1067,1067,resnet,medium,warm,200,183.27,183.26,0.01,172.77,10.49,4
1068,1068,resnet,medium,warm,200,146.57,146.56,0.0,138.3,8.26,4
1069,1069,mobilenet,large,warm,200,28.84,28.84,0.01,18.06,10.78,4
1070,1070,resnet,medium,warm,200,145.28,145.28,0.0,137.28,8.0,3
1071,1071,resnet,small,warm,200,138.06,138.06,0.01,131.08,6.98,2
1072,1072,resnet,small,warm,200,140.6,140.59,0.0,132.98,7.61,3
1073,1073,resnet,large,warm,200,268.78,268.78,0.0,261.46,7.32,3
1074,1074,mobilenet,medium,warm,200,30.99,30.98,0.0,23.23,7.75,3
1075,1075,resnet,large,warm,200,363.92,363.92,0.0,355.94,7.98,2
1076,1076,resnet,large,warm,200,248.64,248.63,0.0,240.56,8.07,3
1077,1077,resnet,small,warm,200,255.03,255.03,0.0,246.1,8.93,4
1078,1078,mobilenet,large,warm,200,59.1,59.09,0.0,47.02,12.07,5
1079,1079,resnet,large,warm,200,190.91,190.9,0.01,181.51,9.4,5
1080,1080,resnet,small,warm,200,422.9,422.9,0.01,302.62,120.28,5
1081,1081,mobilenet,large,warm,200,26.0,25.99,0.01,19.36,6.64,5
1082,1082,mobilenet,small,warm,200,26.0,25.99,0.01,17.66,8.34,5
1083,1083,mobilenet,large,warm,200,26.48,26.47,0.0,17.91,8.56,2
1084,1084,mobilenet,large,warm,200,25.39,25.39,0.01,17.81,7.57,2
1085,1085,mobilenet,small,warm,200,26.25,26.24,0.01,18.85,7.39,2
1086,1086,mobilenet,medium,warm,200,26.41,26.41,0.0,18.05,8.36,2
1087,1087,resnet,large,warm,200,139.7,139.69,0.0,130.97,8.73,2
1088,1088,resnet,small,warm,200,139.11,139.1,0.0,131.55,7.55,3
1089,1089,mobilenet,small,warm,200,25.09,25.09,0.01,17.96,7.13,3
1090,1090,mobilenet,medium,warm,200,31.84,31.83,0.01,23.24,8.58,2
1091,1091,resnet,medium,warm,200,375.92,375.91,0.0,367.55,8.36,1
1092,1092,mobilenet,medium,warm,200,54.67,54.67,0.0,36.56,18.11,2
1093,1093,resnet,medium,warm,200,227.04,227.03,0.01,217.18,9.85,3
1094,1094,mobilenet,small,warm,200,32.18,32.18,0.01,23.62,8.56,3
1095,1095,mobilenet,large,warm,200,29.47,29.46,0.01,20.41,9.06,3
1096,1096,mobilenet,small,warm,200,30.28,30.27,0.01,20.31,9.96,3
1097,1097,resnet,small,warm,200,131.95,131.94,0.01,121.08,10.86,3
1098,1098,mobilenet,medium,warm,200,25.01,25.0,0.0,17.57,7.44,3
1099,1099,resnet,small,warm,200,155.55,155.55,0.01,148.65,6.9,2
1100,1100,resnet,small,warm,200,159.49,159.48,0.01,151.79,7.69,2
1101,1101,mobilenet,medium,warm,200,25.7,25.7,0.0,18.03,7.67,3
1102,1102,mobilenet,medium,warm,200,28.04,28.04,0.01,17.91,10.13,3
1103,1103,resnet,medium,warm,200,140.61,140.6,0.01,133.48,7.12,2
1104,1104,resnet,small,warm,200,158.92,158.92,0.0,150.53,8.39,2
1105,1105,resnet,medium,warm,200,255.29,255.29,0.0,246.84,8.45,3
1106,1106,mobilenet,small,warm,200,32.53,32.53,0.01,25.18,7.35,3
1107,1107,resnet,small,warm,200,256.36,256.36,0.0,248.22,8.13,3
1108,1108,resnet,large,warm,200,224.39,224.38,0.01,212.38,12.0,3
1109,1109,resnet,large,warm,200,259.46,259.45,0.0,251.05,8.41,4
1110,1110,mobilenet,small,warm,200,45.01,45.01,0.0,30.81,14.2,5
1111,1111,resnet,medium,warm,200,198.35,198.34,0.01,188.71,9.63,4
1112,1112,mobilenet,small,warm,200,46.98,46.98,0.01,38.28,8.7,5
1113,1113,resnet,medium,warm,200,228.05,228.05,0.0,219.07,8.98,3
1114,1114,resnet,small,warm,200,132.75,132.75,0.0,125.52,7.23,4
1115,1115,resnet,large,warm,200,128.09,128.09,0.0,119.89,8.2,3
1116,1116,mobilenet,small,warm,200,32.16,32.15,0.0,21.47,10.69,4
1117,1117,mobilenet,medium,warm,200,24.91,24.91,0.01,17.68,7.23,3
1118,1118,resnet,small,warm,200,138.28,138.27,0.01,128.0,10.27,1
1119,1119,mobilenet,medium,warm,200,31.46,31.45,0.01,21.1,10.35,2
1120,1120,resnet,small,warm,200,127.58,127.57,0.0,120.01,7.56,2
1121,1121,resnet,medium,warm,200,158.63,158.62,0.0,150.97,7.65,2
1122,1122,resnet,medium,warm,200,138.82,138.81,0.01,132.06,6.75,3
1123,1123,mobilenet,medium,warm,200,26.45,26.44,0.01,17.68,8.76,3
1124,1124,resnet,large,warm,200,132.33,132.33,0.0,123.09,9.24,3
1125,1125,mobilenet,small,warm,200,33.13,33.13,0.01,24.29,8.84,2
1126,1126,mobilenet,medium,warm,200,27.46,27.45,0.01,18.69,8.76,2
1127,1127,resnet,small,warm,200,131.04,131.03,0.0,119.64,11.39,1
1128,1128,resnet,large,warm,200,170.41,170.4,0.01,162.58,7.82,2
1129,1129,resnet,large,warm,200,142.53,142.52,0.01,134.16,8.36,3
1130,1130,mobilenet,large,warm,200,25.35,25.34,0.01,17.85,7.5,3
1131,1131,resnet,medium,warm,200,168.63,168.63,0.0,161.05,7.58,3
1132,1132,mobilenet,small,warm,200,52.05,52.05,0.01,35.81,16.24,2
1133,1133,mobilenet,medium,warm,200,25.34,25.33,0.01,17.64,7.69,3
1134,1134,mobilenet,medium,warm,200,57.54,57.54,0.0,49.09,8.44,2
1135,1135,resnet,medium,warm,200,195.81,195.81,0.01,187.73,8.08,2
1136,1136,resnet,large,warm,200,266.47,266.46,0.0,257.05,9.42,2
1137,1137,mobilenet,small,warm,200,36.6,36.59,0.01,25.1,11.5,3
1138,1138,mobilenet,large,warm,200,35.62,35.61,0.0,27.68,7.93,3
1139,1139,resnet,large,warm,200,278.3,278.29,0.01,268.15,10.14,2
1140,1140,resnet,small,warm,200,213.66,213.66,0.01,203.56,10.09,3
1141,1141,mobilenet,small,warm,200,31.82,31.82,0.0,22.75,9.07,4
1142,1142,mobilenet,large,warm,200,35.04,35.03,0.01,24.95,10.08,3
1143,1143,mobilenet,small,warm,200,44.02,44.02,0.0,31.93,12.08,3
1144,1144,resnet,large,warm,200,212.35,212.35,0.01,203.01,9.34,3
1145,1145,resnet,small,warm,200,141.42,141.42,0.01,133.61,7.8,2
1146,1146,mobilenet,large,warm,200,39.26,39.25,0.0,32.53,6.73,3
1147,1147,resnet,small,warm,200,139.19,139.19,0.01,132.53,6.66,3
1148,1148,resnet,small,warm,200,156.97,156.97,0.0,148.89,8.08,3
1149,1149,resnet,small,warm,200,261.25,261.25,0.01,254.09,7.15,3
1150,1150,resnet,medium,warm,200,318.75,318.75,0.0,310.61,8.14,3
1151,1151,mobilenet,large,warm,200,54.28,54.28,0.0,41.46,12.82,4
1152,1152,resnet,large,warm,200,288.49,288.49,0.01,280.52,7.97,4
1153,1153,resnet,large,warm,200,218.88,218.87,0.01,210.28,8.58,4
1154,1154,mobilenet,medium,warm,200,32.31,32.3,0.01,23.3,9.0,5
1155,1155,resnet,small,warm,200,416.68,416.67,0.0,409.6,7.07,4
1156,1156,mobilenet,large,warm,200,31.89,31.89,0.01,23.63,8.25,5
1157,1157,mobilenet,small,warm,200,25.44,25.43,0.01,17.66,7.77,4
1158,1158,resnet,medium,warm,200,173.87,173.86,0.01,165.41,8.45,2
1159,1159,mobilenet,large,warm,200,26.29,26.29,0.0,17.7,8.59,3
1160,1160,mobilenet,small,warm,200,29.07,29.07,0.0,20.82,8.25,3
1161,1161,resnet,small,warm,200,175.53,175.52,0.01,168.55,6.97,3
1162,1162,resnet,medium,warm,200,165.35,165.34,0.01,156.89,8.45,3
1163,1163,mobilenet,small,warm,200,32.61,32.61,0.01,18.94,13.66,4
1164,1164,resnet,medium,warm,200,180.5,180.49,0.01,153.05,27.44,3
1165,1165,resnet,medium,warm,200,147.15,147.15,0.01,135.98,11.17,3
1166,1166,resnet,medium,warm,200,180.52,180.51,0.01,171.33,9.18,3
1167,1167,mobilenet,large,warm,200,29.17,29.17,0.0,21.83,7.34,4
1168,1168,mobilenet,large,warm,200,44.35,44.34,0.01,32.51,11.83,2
1169,1169,resnet,small,warm,200,202.73,202.72,0.0,195.16,7.56,2
1170,1170,mobilenet,large,warm,200,64.84,64.84,0.01,48.21,16.63,2
1171,1171,resnet,large,warm,200,207.52,207.51,0.0,194.48,13.03,3
1172,1172,mobilenet,large,warm,200,32.08,32.08,0.0,24.62,7.46,3
1173,1173,mobilenet,small,warm,200,46.63,46.62,0.0,35.03,11.6,3
1174,1174,mobilenet,medium,warm,200,37.05,37.04,0.01,28.89,8.15,2
1175,1175,resnet,large,warm,200,140.39,140.38,0.01,130.79,9.59,2
1176,1176,resnet,large,warm,200,244.79,244.79,0.01,233.12,11.66,2
1177,1177,resnet,small,warm,200,147.41,147.4,0.01,140.51,6.89,3
1178,1178,mobilenet,medium,warm,200,24.8,24.79,0.0,17.95,6.85,3
1179,1179,resnet,small,warm,200,144.84,144.84,0.0,137.66,7.18,3
1180,1180,resnet,small,warm,200,156.16,156.15,0.01,149.91,6.24,3
1181,1181,mobilenet,small,warm,200,30.3,30.3,0.01,19.22,11.08,3
1182,1182,resnet,large,warm,200,195.18,195.18,0.01,187.7,7.48,2
1183,1183,mobilenet,small,warm,200,29.02,29.01,0.0,17.63,11.38,3
1184,1184,mobilenet,small,warm,200,31.14,31.13,0.0,23.04,8.09,2
1185,1185,mobilenet,large,warm,200,36.3,36.3,0.01,23.21,13.09,2
1186,1186,mobilenet,medium,warm,200,44.05,44.04,0.01,33.37,10.67,1
1187,1187,mobilenet,small,warm,200,62.92,62.91,0.0,50.83,12.08,1
1188,1188,mobilenet,medium,warm,200,35.74,35.73,0.01,23.12,12.61,2
1189,1189,resnet,small,warm,200,334.57,334.57,0.01,326.59,7.98,1
1190,1190,mobilenet,small,warm,200,36.28,36.28,0.0,29.75,6.53,2
1191,1191,mobilenet,large,warm,200,39.74,39.74,0.01,31.94,7.8,2
1192,1192,resnet,small,warm,200,134.11,134.1,0.01,125.64,8.47,2
1193,1193,resnet,large,warm,200,133.35,133.34,0.01,123.13,10.21,3
1194,1194,resnet,small,warm,200,170.46,170.45,0.01,163.37,7.08,4
1195,1195,resnet,small,warm,200,142.44,142.43,0.01,134.71,7.73,4
1196,1196,mobilenet,medium,warm,200,46.58,46.58,0.01,38.08,8.5,3
1197,1197,resnet,medium,warm,200,138.05,138.05,0.01,128.92,9.12,3
1198,1198,mobilenet,large,warm,200,29.9,29.89,0.01,18.49,11.4,2
1199,1199,mobilenet,large,warm,200,29.25,29.25,0.01,21.7,7.54,2
1200,1200,resnet,large,warm,200,273.17,273.17,0.0,263.0,10.17,1
1201,1201,resnet,small,warm,200,274.71,274.7,0.01,262.11,12.59,2
1202,1202,resnet,large,warm,200,269.77,269.76,0.01,261.97,7.79,3
1203,1203,resnet,large,warm,200,398.15,398.15,0.01,177.48,220.67,4
1204,1204,resnet,large,warm,200,203.73,203.73,0.0,195.05,8.68,5
1205,1205,resnet,medium,warm,200,200.93,200.92,0.01,190.48,10.44,6
1206,1206,mobilenet,medium,warm,200,36.42,36.42,0.01,25.99,10.43,6
1207,1207,resnet,small,warm,200,259.7,259.7,0.01,159.28,100.42,5
1208,1208,resnet,small,warm,200,151.76,151.75,0.01,143.76,7.99,5
1209,1209,mobilenet,medium,warm,200,24.92,24.92,0.01,18.31,6.61,5
1210,1210,mobilenet,medium,warm,200,33.55,33.54,0.01,22.99,10.55,4
1211,1211,mobilenet,large,warm,200,26.46,26.46,0.01,17.91,8.55,2
1212,1212,resnet,medium,warm,200,144.49,144.48,0.01,136.89,7.59,2
1213,1213,mobilenet,medium,warm,200,25.05,25.04,0.01,17.87,7.17,2
1214,1214,mobilenet,medium,warm,200,25.84,25.84,0.0,19.02,6.82,2
1215,1215,mobilenet,medium,warm,200,37.09,37.08,0.01,26.31,10.77,1
1216,1216,mobilenet,medium,warm,200,42.9,42.9,0.01,32.59,10.31,1
1217,1217,resnet,small,warm,200,221.35,221.35,0.01,211.18,10.17,1
1218,1218,mobilenet,small,warm,200,31.56,31.56,0.0,24.62,6.94,2
1219,1219,resnet,medium,warm,200,175.68,175.67,0.0,168.94,6.73,2
1220,1220,mobilenet,small,warm,200,33.94,33.94,0.01,23.73,10.21,3
1221,1221,mobilenet,large,warm,200,43.4,43.4,0.01,26.33,17.07,3
1222,1222,mobilenet,medium,warm,200,29.68,29.68,0.0,18.62,11.06,2
1223,1223,mobilenet,medium,warm,200,33.14,33.13,0.01,26.43,6.71,1
1224,1224,resnet,small,warm,200,158.06,158.06,0.01,151.26,6.8,1
1225,1225,mobilenet,small,warm,200,24.31,24.31,0.01,17.46,6.85,2
1226,1226,mobilenet,large,warm,200,25.86,25.86,0.0,17.84,8.02,2
1227,1227,resnet,small,warm,200,140.18,140.17,0.01,133.38,6.8,2
1228,1228,mobilenet,medium,warm,200,27.11,27.1,0.0,20.54,6.57,2
1229,1229,mobilenet,large,warm,200,24.62,24.61,0.01,17.57,7.04,2
1230,1230,resnet,medium,warm,200,232.63,232.62,0.0,226.88,5.75,1
1231,1231,resnet,medium,warm,200,541.66,541.66,0.0,327.66,214.0,2
1232,1232,resnet,medium,warm,200,312.71,312.7,0.01,303.78,8.92,3
1233,1233,resnet,medium,warm,200,222.02,222.02,0.0,214.74,7.28,4
1234,1234,resnet,medium,warm,200,188.09,188.08,0.01,180.6,7.48,5
1235,1235,mobilenet,large,warm,200,76.54,76.54,0.0,61.48,15.06,5
1236,1236,resnet,medium,warm,200,129.23,129.22,0.01,121.8,7.42,6
1237,1237,mobilenet,medium,warm,200,27.23,27.23,0.01,21.25,5.98,6
1238,1238,resnet,medium,warm,200,212.23,212.23,0.0,201.52,10.71,4
1239,1239,mobilenet,large,warm,200,27.34,27.33,0.01,20.39,6.94,3
1240,1240,mobilenet,large,warm,200,67.13,67.12,0.0,53.65,13.47,3
1241,1241,mobilenet,small,warm,200,31.99,31.98,0.0,20.1,11.88,4
1242,1242,resnet,large,warm,200,167.9,167.89,0.0,159.01,8.88,2
1243,1243,resnet,medium,warm,200,147.04,147.03,0.01,137.95,9.08,2
1244,1244,mobilenet,small,warm,200,23.8,23.79,0.0,17.8,5.99,3
1245,1245,resnet,small,warm,200,183.74,183.74,0.0,176.11,7.63,3
1246,1246,resnet,large,warm,200,226.32,226.31,0.0,217.08,9.23,2
1247,1247,mobilenet,medium,warm,200,32.55,32.55,0.0,24.36,8.19,3
1248,1248,resnet,medium,warm,200,440.93,440.93,0.0,311.05,129.87,3
1249,1249,resnet,large,warm,200,316.04,316.03,0.01,308.42,7.61,3
1250,1250,resnet,medium,warm,200,226.82,226.81,0.0,218.12,8.7,4
1251,1251,mobilenet,large,warm,200,31.88,31.88,0.0,23.8,8.08,4
1252,1252,resnet,small,warm,200,212.45,212.45,0.01,204.62,7.82,4
1253,1253,mobilenet,large,warm,200,26.46,26.45,0.01,19.09,7.36,5
1254,1254,resnet,small,warm,200,139.7,139.69,0.01,132.0,7.7,5
1255,1255,mobilenet,large,warm,200,32.49,32.48,0.01,23.48,9.0,5
1256,1256,mobilenet,small,warm,200,24.85,24.85,0.0,17.85,7.0,4
1257,1257,mobilenet,small,warm,200,47.7,47.7,0.01,39.64,8.06,1
1258,1258,resnet,small,warm,200,150.67,150.67,0.01,144.28,6.38,1
1259,1259,mobilenet,small,warm,200,23.84,23.84,0.0,17.3,6.53,2
1260,1260,mobilenet,small,warm,200,28.5,28.49,0.0,17.79,10.7,2
1261,1261,mobilenet,large,warm,200,27.21,27.2,0.01,17.87,9.33,2
1262,1262,resnet,medium,warm,200,140.05,140.04,0.0,133.02,7.03,1
1263,1263,mobilenet,large,warm,200,25.59,25.59,0.01,17.66,7.93,2
1264,1264,resnet,large,warm,200,244.73,244.73,0.0,237.49,7.24,2
1265,1265,resnet,small,warm,200,279.3,279.29,0.01,267.31,11.98,2
1266,1266,mobilenet,large,warm,200,36.47,36.46,0.0,25.67,10.8,3
1267,1267,resnet,small,warm,200,299.56,299.55,0.0,290.56,8.99,3
1268,1268,mobilenet,large,warm,200,31.41,31.41,0.0,23.72,7.68,4
1269,1269,resnet,large,warm,200,294.5,294.49,0.01,287.42,7.07,3
1270,1270,resnet,small,warm,200,168.39,168.39,0.0,160.6,7.79,4
1271,1271,resnet,small,warm,200,210.35,210.35,0.0,202.16,8.18,4
1272,1272,mobilenet,small,warm,200,68.65,68.65,0.01,60.98,7.67,5
1273,1273,mobilenet,small,warm,200,104.61,104.61,0.0,78.3,26.3,6
1274,1274,mobilenet,large,warm,200,89.3,89.3,0.0,39.97,49.33,4
1275,1275,resnet,medium,warm,200,192.69,192.69,0.01,184.81,7.88,4
1276,1276,resnet,medium,warm,200,151.0,151.0,0.0,136.97,14.03,2
1277,1277,mobilenet,medium,warm,200,25.33,25.33,0.01,18.1,7.23,3
1278,1278,resnet,medium,warm,200,131.63,131.62,0.01,122.57,9.06,3
1279,1279,mobilenet,large,warm,200,25.7,25.69,0.01,18.24,7.45,2
1280,1280,mobilenet,medium,warm,200,34.92,34.91,0.01,25.26,9.65,2
1281,1281,mobilenet,large,warm,200,38.39,38.38,0.01,26.34,12.05,1
1282,1282,mobilenet,small,warm,200,52.55,52.54,0.01,42.98,9.57,1
1283,1283,resnet,medium,warm,200,227.99,227.98,0.01,220.8,7.19,2
1284,1284,resnet,large,warm,200,184.33,184.32,0.01,176.67,7.65,2
1285,1285,resnet,small,warm,200,145.73,145.72,0.01,133.44,12.28,3
1286,1286,mobilenet,large,warm,200,33.21,33.21,0.01,25.82,7.39,4
1287,1287,mobilenet,small,warm,200,37.25,37.24,0.01,26.94,10.3,4
1288,1288,resnet,medium,warm,200,131.39,131.38,0.01,123.76,7.62,1
1289,1289,resnet,large,warm,200,180.02,180.01,0.01,171.88,8.14,2
1290,1290,mobilenet,large,warm,200,35.24,35.23,0.0,21.98,13.25,3
1291,1291,mobilenet,small,warm,200,40.06,40.05,0.01,27.91,12.15,2
1292,1292,mobilenet,large,warm,200,26.08,26.07,0.01,18.04,8.04,2
1293,1293,resnet,medium,warm,200,163.43,163.43,0.01,156.08,7.35,1
1294,1294,mobilenet,small,warm,200,33.9,33.9,0.01,17.91,15.99,2
1295,1295,resnet,large,warm,200,237.24,237.23,0.01,229.77,7.46,2
1296,1296,mobilenet,small,warm,200,33.9,33.9,0.01,25.68,8.22,3
1297,1297,resnet,small,warm,200,326.36,326.35,0.0,314.49,11.86,2
1298,1298,mobilenet,large,warm,200,46.39,46.38,0.01,37.28,9.1,3
1299,1299,mobilenet,large,warm,200,55.59,55.59,0.01,38.04,17.55,3
1300,1300,resnet,small,warm,200,279.82,279.81,0.01,268.23,11.58,3
1301,1301,resnet,small,warm,200,203.36,203.35,0.0,195.34,8.01,3
1302,1302,mobilenet,large,warm,200,45.03,45.03,0.01,31.66,13.37,4
1303,1303,resnet,large,warm,200,225.77,225.77,0.01,120.73,105.04,4
1304,1304,resnet,medium,warm,200,224.14,224.14,0.01,213.52,10.62,4
1305,1305,mobilenet,large,warm,200,32.42,32.41,0.01,22.94,9.47,5
1306,1306,mobilenet,large,warm,200,47.9,47.89,0.01,35.08,12.82,3
1307,1307,resnet,small,warm,200,313.46,313.45,0.01,304.45,9.0,3
1308,1308,mobilenet,medium,warm,200,78.42,78.42,0.01,59.28,19.14,3
1309,1309,mobilenet,small,warm,200,99.66,99.65,0.01,72.29,27.36,3
1310,1310,resnet,large,warm,200,179.88,179.87,0.01,172.24,7.64,3
1311,1311,resnet,medium,warm,200,265.12,265.12,0.0,247.18,17.94,3
1312,1312,mobilenet,large,warm,200,65.44,65.43,0.0,50.07,15.36,4
1313,1313,resnet,medium,warm,200,297.35,297.34,0.01,288.89,8.45,5
1314,1314,resnet,small,warm,200,553.8,553.79,0.01,544.76,9.04,3
1315,1315,resnet,large,warm,200,809.34,809.33,0.01,297.3,512.03,4
1316,1316,resnet,medium,warm,200,331.59,331.58,0.01,184.44,147.14,5
1317,1317,mobilenet,large,warm,200,155.1,155.09,0.01,133.3,21.79,5
1318,1318,resnet,small,warm,200,1286.44,1286.44,0.01,626.13,660.31,6
1319,1319,resnet,small,warm,200,304.87,304.86,0.01,120.19,184.67,6
1320,1320,mobilenet,small,warm,200,137.9,137.9,0.01,123.67,14.23,7
1321,1321,resnet,small,warm,200,340.61,340.61,0.01,135.11,205.5,7
1322,1322,resnet,large,warm,200,604.75,604.74,0.01,171.12,433.62,8
1323,1323,mobilenet,large,warm,200,108.39,108.38,0.01,92.1,16.28,7
1324,1324,resnet,medium,warm,200,1337.18,1337.18,0.01,350.74,986.43,8
1325,1325,resnet,small,warm,200,278.61,278.6,0.01,134.61,143.99,9
1326,1326,mobilenet,small,warm,200,103.89,103.89,0.01,89.09,14.8,7
1327,1327,resnet,medium,warm,200,646.72,646.72,0.01,292.8,353.92,8
1328,1328,resnet,medium,cold,200,1585.25,1585.24,0.01,446.76,1138.48,8
1329,1329,mobilenet,small,warm,200,117.29,117.28,0.01,105.38,11.9,8
1330,1330,mobilenet,small,warm,200,189.25,189.25,0.01,122.22,67.03,9
1331,1331,resnet,medium,warm,200,624.55,624.54,0.01,178.89,445.65,9
1332,1332,resnet,small,cold,200,1717.72,1717.71,0.01,332.39,1385.32,8
1333,1333,mobilenet,small,warm,200,181.4,181.4,0.01,121.45,59.95,9
1334,1334,resnet,large,warm,200,600.01,600.0,0.0,121.39,478.61,9
1335,1335,mobilenet,large,warm,200,159.88,159.87,0.01,91.0,68.87,9
1336,1336,resnet,medium,warm,200,638.49,638.49,0.0,138.79,499.7,10
1337,1337,mobilenet,medium,warm,200,156.67,156.66,0.01,92.12,64.54,10
1338,1338,resnet,medium,cold,200,1353.17,1353.16,0.01,202.3,1150.87,11
1339,1339,mobilenet,large,warm,200,192.55,192.54,0.01,121.02,71.53,11
1340,1340,mobilenet,large,warm,200,192.93,192.93,0.01,51.65,141.28,11
1341,1341,mobilenet,large,warm,200,324.81,324.81,0.01,101.55,223.26,11
1342,1342,resnet,small,cold,200,2156.53,2156.52,0.01,556.75,1599.77,12
1343,1343,mobilenet,medium,warm,200,115.47,115.46,0.01,77.47,37.99,12
1344,1344,resnet,medium,warm,200,390.09,390.08,0.01,149.88,240.2,10
1345,1345,resnet,small,warm,200,532.92,532.92,0.01,188.18,344.74,11
1346,1346,mobilenet,small,warm,200,140.62,140.61,0.01,68.37,72.24,11
1347,1347,resnet,medium,warm,200,697.74,697.73,0.01,267.38,430.35,11
1348,1348,resnet,medium,warm,200,1301.26,1301.26,0.01,380.88,920.38,11
1349,1349,resnet,small,warm,200,928.47,928.47,0.01,128.44,800.03,10
1350,1350,resnet,medium,cold,200,1923.78,1923.78,0.01,123.56,1800.21,11
1351,1351,mobilenet,large,warm,200,67.8,67.79,0.01,59.58,8.21,11
1352,1352,resnet,large,warm,200,910.06,910.05,0.01,126.96,783.1,11
1353,1353,mobilenet,medium,warm,200,100.96,100.94,0.01,75.93,25.01,11
1354,1354,mobilenet,small,warm,200,161.69,161.68,0.01,113.26,48.43,12
1355,1355,resnet,small,cold,200,1802.41,1802.4,0.01,125.13,1677.27,13
1356,1356,resnet,medium,warm,200,858.1,858.1,0.01,138.21,719.89,12
1357,1357,resnet,medium,cold,200,1858.66,1858.66,0.01,155.31,1703.35,13
1358,1358,resnet,medium,cold,200,2059.44,2059.43,0.01,246.78,1812.66,13
1359,1359,resnet,large,cold,200,2260.29,2260.28,0.01,250.06,2010.22,14
1360,1360,mobilenet,medium,warm,200,71.43,71.42,0.01,56.8,14.62,14
1361,1361,resnet,large,warm,200,741.51,741.5,0.01,134.23,607.27,14
1362,1362,mobilenet,medium,warm,200,69.18,69.17,0.01,60.76,8.41,14
1363,1363,resnet,small,cold,200,2241.36,2241.35,0.01,181.82,2059.53,15
1364,1364,resnet,medium,cold,200,2326.43,2326.43,0.01,134.84,2191.58,15
1365,1365,resnet,large,warm,200,778.99,778.99,0.01,234.83,544.16,16
1366,1366,resnet,large,cold,200,3198.61,3198.61,0.01,142.88,3055.73,16
1367,1367,mobilenet,medium,warm,200,140.13,140.12,0.01,130.93,9.19,16
1368,1368,resnet,medium,warm,200,901.23,901.22,0.01,269.36,631.86,16
1369,1369,resnet,medium,cold,200,3360.31,3360.31,0.01,313.34,3046.97,17
1370,1370,mobilenet,large,warm,200,102.98,102.97,0.01,82.09,20.88,17
1371,1371,mobilenet,large,warm,200,170.79,170.78,0.01,116.81,53.97,17
1372,1372,mobilenet,large,warm,200,209.31,209.3,0.01,85.02,124.28,18
1373,1373,mobilenet,large,warm,200,290.19,290.18,0.01,120.48,169.71,18
1374,1374,resnet,large,cold,200,2077.2,2077.19,0.01,246.71,1830.48,17
1375,1375,mobilenet,medium,warm,200,264.61,264.6,0.01,72.0,192.6,17
1376,1376,resnet,large,cold,200,2281.56,2281.56,0.01,306.85,1974.71,17
1377,1377,mobilenet,medium,warm,200,205.48,205.48,0.01,44.8,160.68,17
1378,1378,resnet,small,cold,200,2310.01,2310.0,0.01,123.31,2186.69,18
1379,1379,resnet,small,cold,200,5103.33,5103.32,0.01,184.29,4919.03,18
1380,1380,resnet,large,cold,200,5176.53,5176.53,0.01,124.62,5051.91,19
1381,1381,mobilenet,large,warm,200,44.03,44.02,0.01,33.93,10.09,18
1382,1382,resnet,medium,cold,200,2252.39,2252.38,0.01,138.89,2113.5,17
1383,1383,mobilenet,medium,warm,200,67.69,67.69,0.01,58.99,8.69,18
1384,1384,resnet,large,cold,200,5101.43,5101.43,0.01,122.15,4979.27,19
1385,1385,resnet,large,cold,200,5220.06,5220.05,0.01,167.08,5052.97,19
1386,1386,resnet,large,cold,200,2717.75,2717.75,0.01,206.28,2511.47,18
1387,1387,mobilenet,medium,warm,200,28.55,28.54,0.01,21.56,6.98,19
1388,1388,mobilenet,small,warm,200,36.14,36.14,0.01,27.72,8.41,19
1389,1389,mobilenet,large,warm,200,32.59,32.59,0.01,25.21,7.37,18
1390,1390,resnet,small,cold,200,2646.09,2646.08,0.01,125.13,2520.95,18
1391,1391,mobilenet,large,warm,200,40.46,40.45,0.01,32.98,7.47,19
1392,1392,resnet,medium,cold,200,2667.07,2667.07,0.01,121.42,2545.65,18
1393,1393,resnet,small,cold,200,4995.3,4995.29,0.01,176.25,4819.04,19
1394,1394,mobilenet,small,warm,200,25.55,25.54,0.01,18.86,6.69,20
1395,1395,resnet,small,cold,200,2645.57,2645.57,0.01,126.39,2519.18,19
1396,1396,mobilenet,medium,warm,200,36.61,36.6,0.01,26.44,10.16,20
1397,1397,resnet,medium,cold,200,5014.17,5014.16,0.0,214.41,4799.75,20
1398,1398,resnet,large,cold,200,5277.28,5277.27,0.01,314.27,4963.0,21
1399,1399,mobilenet,medium,warm,200,33.59,33.57,0.01,24.63,8.95,22
1400,1400,mobilenet,medium,warm,200,38.34,38.33,0.01,25.48,12.85,21
1401,1401,mobilenet,medium,warm,200,35.46,35.46,0.01,25.52,9.93,21
1402,1402,resnet,small,cold,200,2448.9,2448.89,0.01,151.77,2297.13,21
1403,1403,mobilenet,large,warm,200,33.36,33.35,0.01,25.01,8.34,22
1404,1404,mobilenet,medium,warm,200,27.98,27.97,0.01,21.48,6.49,22
1405,1405,resnet,medium,cold,200,2588.98,2588.97,0.01,287.71,2301.26,21
1406,1406,resnet,small,cold,200,5004.64,5004.64,0.01,125.76,4878.87,22
1407,1407,resnet,medium,cold,200,5081.93,5081.92,0.01,122.29,4959.63,23
1408,1408,resnet,small,cold,200,2719.76,2719.76,0.01,279.41,2440.35,23
1409,1409,resnet,large,cold,200,5102.26,5102.26,0.01,122.54,4979.72,24
1410,1410,resnet,medium,cold,200,5232.91,5232.9,0.01,178.87,5054.03,25
1411,1411,mobilenet,medium,warm,200,25.75,25.74,0.01,19.78,5.97,25
1412,1412,mobilenet,large,warm,200,43.37,43.36,0.01,31.61,11.75,25
1413,1413,mobilenet,small,warm,200,63.82,63.82,0.01,50.57,13.25,25
1414,1414,resnet,large,cold,200,2548.83,2548.82,0.01,128.68,2420.14,26
1415,1415,mobilenet,large,warm,200,43.3,43.3,0.01,34.75,8.55,26
1416,1416,mobilenet,large,warm,200,60.97,60.97,0.01,46.14,14.83,25
1417,1417,mobilenet,large,warm,200,38.04,38.03,0.01,25.84,12.2,26
1418,1418,mobilenet,large,warm,200,30.63,30.62,0.01,24.38,6.24,25
1419,1419,mobilenet,medium,warm,200,40.62,40.61,0.01,34.27,6.34,25
1420,1420,resnet,medium,cold,200,2384.12,2384.12,0.0,134.73,2249.39,25
1421,1421,mobilenet,medium,warm,200,30.38,30.38,0.01,24.28,6.1,26
1422,1422,mobilenet,small,warm,200,34.52,34.51,0.01,28.29,6.22,25
1423,1423,resnet,medium,cold,200,2370.32,2370.31,0.01,135.0,2235.32,25
1424,1424,mobilenet,large,warm,200,37.48,37.48,0.01,31.23,6.25,26
1425,1425,mobilenet,medium,warm,200,40.07,40.06,0.01,33.4,6.66,25
1426,1426,resnet,medium,cold,200,2565.68,2565.67,0.01,342.56,2223.11,25
1427,1427,mobilenet,large,warm,200,29.55,29.55,0.01,20.8,8.75,26
1428,1428,mobilenet,small,warm,200,24.46,24.45,0.01,18.06,6.39,25
1429,1429,resnet,large,warm,200,236.85,236.84,0.01,226.21,10.64,25
1430,1430,mobilenet,large,warm,200,26.15,26.14,0.01,18.13,8.01,25
1431,1431,mobilenet,large,warm,200,44.03,44.02,0.01,36.12,7.9,25
1432,1432,mobilenet,medium,warm,200,73.55,73.54,0.01,65.42,8.12,25
1433,1433,resnet,small,warm,200,389.99,389.98,0.01,351.42,38.56,26
1434,1434,resnet,small,warm,200,566.0,566.0,0.01,222.65,343.34,25
1435,1435,resnet,large,warm,200,895.64,895.64,0.01,183.25,712.38,26
1436,1436,resnet,large,warm,200,1205.83,1205.82,0.0,354.81,851.01,27
1437,1437,resnet,large,cold,200,1464.71,1464.7,0.01,309.61,1155.09,27
1438,1438,resnet,large,cold,200,1550.98,1550.97,0.01,135.37,1415.61,28
1439,1439,resnet,large,cold,200,1649.72,1649.71,0.01,148.12,1501.59,29
1440,1440,mobilenet,medium,warm,200,35.24,35.23,0.01,27.62,7.61,30
1441,1441,resnet,medium,warm,200,409.28,409.27,0.01,193.25,216.02,28
1442,1442,mobilenet,large,warm,200,23.27,23.27,0.01,17.62,5.65,29
1443,1443,resnet,large,cold,200,2046.2,2046.2,0.0,251.91,1794.29,28
1444,1444,mobilenet,large,warm,200,24.27,24.27,0.01,18.11,6.15,29
1445,1445,mobilenet,medium,warm,200,26.12,26.11,0.01,18.5,7.62,29
1446,1446,mobilenet,small,warm,200,23.69,23.68,0.01,17.43,6.25,27
1447,1447,resnet,small,cold,200,1590.11,1590.11,0.0,339.14,1250.97,27
1448,1448,mobilenet,medium,warm,200,23.77,23.76,0.01,17.8,5.96,27
1449,1449,mobilenet,large,warm,200,24.72,24.72,0.01,18.58,6.13,27
1450,1450,resnet,medium,cold,200,1960.07,1960.06,0.01,264.96,1695.1,26
1451,1451,mobilenet,large,warm,200,29.09,29.09,0.01,21.84,7.25,26
1452,1452,resnet,medium,cold,200,2522.55,2522.54,0.01,279.02,2243.52,26
1453,1453,mobilenet,medium,warm,200,43.32,43.31,0.01,32.8,10.51,26
1454,1454,mobilenet,large,warm,200,65.75,65.74,0.01,46.86,18.88,26
1455,1455,mobilenet,medium,warm,200,75.48,75.47,0.01,58.78,16.69,27
1456,1456,resnet,small,cold,200,1835.04,1835.03,0.01,166.51,1668.52,27
1457,1457,mobilenet,medium,warm,200,51.93,51.93,0.01,43.91,8.02,26
1458,1458,resnet,large,cold,200,2451.67,2451.66,0.01,228.25,2223.41,27
1459,1459,mobilenet,medium,warm,200,34.82,34.81,0.01,23.77,11.04,27
1460,1460,mobilenet,medium,warm,200,33.68,33.67,0.01,27.69,5.99,27
1461,1461,mobilenet,small,warm,200,32.94,32.94,0.01,26.04,6.89,26
1462,1462,resnet,large,cold,200,1738.75,1738.75,0.01,208.34,1530.41,26
1463,1463,resnet,medium,cold,200,2424.72,2424.72,0.01,221.47,2203.24,26
1464,1464,resnet,medium,warm,200,182.92,182.91,0.01,167.97,14.95,27
1465,1465,resnet,medium,warm,200,161.3,161.29,0.01,151.36,9.93,27
1466,1466,mobilenet,small,warm,200,30.9,30.9,0.0,24.47,6.43,28
1467,1467,mobilenet,small,warm,200,23.84,23.84,0.01,17.86,5.98,27
1468,1468,resnet,small,warm,200,151.49,151.48,0.01,142.29,9.19,25
1469,1469,resnet,small,warm,200,164.5,164.49,0.01,157.94,6.56,25
1470,1470,resnet,small,warm,200,338.51,338.51,0.01,278.91,59.6,25
1471,1471,resnet,large,warm,200,404.3,404.3,0.01,338.23,66.07,25
1472,1472,resnet,large,warm,200,592.79,592.79,0.01,237.47,355.32,24
1473,1473,mobilenet,large,warm,200,48.19,48.19,0.01,34.62,13.57,24
1474,1474,mobilenet,medium,warm,200,38.88,38.87,0.01,30.7,8.17,24
1475,1475,resnet,large,warm,200,329.76,329.75,0.01,240.49,89.26,24
1476,1476,mobilenet,large,warm,200,40.62,40.61,0.0,26.26,14.35,25
1477,1477,resnet,large,warm,200,465.5,465.5,0.01,121.09,344.41,24
1478,1478,mobilenet,medium,warm,200,37.67,37.66,0.01,29.28,8.38,24
1479,1479,mobilenet,large,warm,200,48.13,48.13,0.01,31.95,16.18,23
1480,1480,mobilenet,medium,warm,200,31.13,31.12,0.01,21.8,9.32,22
1481,1481,mobilenet,medium,warm,200,46.68,46.67,0.01,39.68,6.99,22
1482,1482,resnet,medium,warm,200,403.07,403.07,0.01,188.02,215.05,20
1483,1483,mobilenet,medium,warm,200,35.95,35.94,0.01,26.61,9.33,21
1484,1484,mobilenet,small,warm,200,26.36,26.35,0.01,18.76,7.59,18
1485,1485,mobilenet,large,warm,200,27.18,27.17,0.01,17.87,9.3,18
1486,1486,resnet,large,warm,200,178.48,178.48,0.01,172.24,6.24,18
1487,1487,resnet,small,warm,200,285.49,285.48,0.01,155.91,129.57,17
1488,1488,mobilenet,small,warm,200,27.23,27.22,0.01,19.6,7.62,18
1489,1489,mobilenet,small,warm,200,35.6,35.6,0.01,19.33,16.27,18
1490,1490,resnet,large,warm,200,176.26,176.26,0.01,167.7,8.56,15
1491,1491,resnet,large,warm,200,287.23,287.22,0.01,195.66,91.56,15
1492,1492,mobilenet,medium,warm,200,26.07,26.07,0.01,17.93,8.14,16
1493,1493,resnet,medium,warm,200,211.67,211.66,0.01,182.72,28.94,13
1494,1494,resnet,large,warm,200,419.83,419.82,0.01,285.32,134.51,13
1495,1495,mobilenet,small,warm,200,37.2,37.2,0.01,26.23,10.96,14
1496,1496,resnet,small,warm,200,770.13,770.12,0.01,218.68,551.44,14
1497,1497,resnet,large,warm,200,497.34,497.34,0.01,226.51,270.82,13
1498,1498,mobilenet,large,warm,200,34.29,34.29,0.01,24.71,9.58,12
1499,1499,mobilenet,small,warm,200,47.76,47.76,0.01,35.81,11.94,12
1500,1500,mobilenet,large,warm,200,37.56,37.55,0.01,26.2,11.35,12
1501,1501,resnet,small,warm,200,184.24,184.23,0.01,172.92,11.3,12
1502,1502,resnet,medium,warm,200,668.29,668.28,0.01,192.8,475.47,13
1503,1503,mobilenet,large,warm,200,33.83,33.82,0.01,25.01,8.81,12
1504,1504,resnet,large,warm,200,174.26,174.25,0.01,158.44,15.81,11
1505,1505,resnet,medium,warm,200,134.1,134.09,0.01,121.08,13.01,11
1506,1506,resnet,small,warm,200,229.33,229.33,0.01,151.29,78.03,12
1507,1507,mobilenet,medium,warm,200,26.15,26.14,0.01,18.69,7.45,10
1508,1508,resnet,large,warm,200,142.54,142.53,0.01,132.04,10.49,8
1509,1509,resnet,medium,warm,200,134.7,134.69,0.01,126.53,8.16,8
1510,1510,resnet,medium,warm,200,266.95,266.94,0.01,179.91,87.04,9
1511,1511,mobilenet,large,warm,200,45.91,45.9,0.01,36.33,9.57,8
1512,1512,mobilenet,large,warm,200,51.65,51.64,0.01,43.22,8.42,4
1513,1513,resnet,large,warm,200,142.84,142.83,0.01,135.25,7.58,5
1514,1514,resnet,small,warm,200,145.12,145.12,0.01,132.84,12.28,5
1515,1515,resnet,small,warm,200,161.74,161.74,0.01,150.52,11.22,5
1516,1516,resnet,small,warm,200,218.58,218.58,0.01,212.05,6.53,3
1517,1517,resnet,medium,warm,200,266.03,266.02,0.01,257.02,9.0,3
1518,1518,resnet,medium,warm,200,297.72,297.71,0.01,288.59,9.12,4
1519,1519,resnet,large,warm,200,261.14,261.13,0.01,244.24,16.89,4
1520,1520,mobilenet,large,warm,200,41.13,41.12,0.01,33.65,7.47,5
1521,1521,resnet,medium,warm,200,376.16,376.15,0.01,227.88,148.27,4
1522,1522,mobilenet,small,warm,200,41.08,41.07,0.01,31.25,9.82,5
1523,1523,mobilenet,large,warm,200,35.33,35.32,0.01,27.17,8.15,4
1524,1524,resnet,small,warm,200,135.56,135.56,0.01,128.02,7.54,3
1525,1525,mobilenet,small,warm,200,37.37,37.36,0.01,24.94,12.42,3
1526,1526,resnet,medium,warm,200,135.57,135.56,0.01,128.17,7.39,3
1527,1527,mobilenet,medium,warm,200,25.55,25.54,0.01,18.25,7.29,3
1528,1528,mobilenet,large,warm,200,29.24,29.23,0.01,19.67,9.56,3
1529,1529,mobilenet,large,warm,200,24.83,24.82,0.01,18.1,6.73,1
1530,1530,resnet,small,warm,200,206.49,206.48,0.0,199.12,7.36,1
1531,1531,resnet,small,warm,200,155.05,155.05,0.01,147.29,7.76,2
1532,1532,resnet,medium,warm,200,153.66,153.65,0.01,146.56,7.09,3
1533,1533,mobilenet,medium,warm,200,24.77,24.76,0.01,17.94,6.83,4
1534,1534,mobilenet,small,warm,200,34.32,34.31,0.01,27.93,6.38,4
1535,1535,resnet,large,warm,200,149.7,149.69,0.01,141.67,8.02,2
1536,1536,resnet,large,warm,200,253.01,253.0,0.01,237.99,15.01,2
1537,1537,mobilenet,medium,warm,200,27.57,27.57,0.01,19.06,8.51,3
1538,1538,mobilenet,large,warm,200,70.41,70.4,0.01,58.08,12.32,2
1539,1539,mobilenet,small,warm,200,75.86,75.86,0.01,53.57,22.29,3
1540,1540,mobilenet,medium,warm,200,67.49,67.48,0.01,40.7,26.78,3
1541,1541,mobilenet,small,warm,200,63.87,63.86,0.01,43.87,19.99,3
1542,1542,mobilenet,large,warm,200,53.83,53.83,0.01,39.51,14.31,2
1543,1543,resnet,small,warm,200,196.32,196.31,0.01,188.24,8.07,2
1544,1544,mobilenet,large,warm,200,31.28,31.28,0.01,24.47,6.8,2
1545,1545,resnet,small,warm,200,131.91,131.9,0.01,125.64,6.26,2
1546,1546,resnet,large,warm,200,203.48,203.47,0.01,195.63,7.84,3
1547,1547,mobilenet,medium,warm,200,36.95,36.94,0.01,29.84,7.11,3
1548,1548,mobilenet,small,warm,200,40.91,40.9,0.01,31.23,9.67,2
1549,1549,resnet,small,warm,200,153.46,153.46,0.01,147.41,6.05,2
1550,1550,mobilenet,small,warm,200,24.53,24.53,0.01,18.09,6.43,3
1551,1551,resnet,medium,warm,200,140.52,140.51,0.01,133.39,7.12,2
1552,1552,resnet,small,warm,200,202.17,202.16,0.01,194.62,7.54,3
1553,1553,resnet,small,warm,200,193.46,193.45,0.01,185.79,7.66,3
1554,1554,mobilenet,small,warm,200,34.45,34.45,0.01,22.68,11.77,3
1555,1555,mobilenet,large,warm,200,51.58,51.58,0.0,35.96,15.62,3
1556,1556,mobilenet,medium,warm,200,53.34,53.33,0.01,42.75,10.58,4
1557,1557,resnet,large,warm,200,299.83,299.82,0.0,287.47,12.36,2
1558,1558,mobilenet,large,warm,200,38.59,38.58,0.01,26.23,12.35,2
1559,1559,mobilenet,medium,warm,200,46.3,46.3,0.01,33.95,12.34,2
1560,1560,resnet,small,warm,200,221.23,221.23,0.01,202.81,18.42,2
1561,1561,mobilenet,small,warm,200,34.16,34.15,0.01,25.87,8.28,3
1562,1562,mobilenet,small,warm,200,50.27,50.26,0.01,42.23,8.03,3
1563,1563,resnet,medium,warm,200,127.77,127.76,0.01,120.54,7.22,2
1564,1564,resnet,medium,warm,200,145.61,145.6,0.01,137.61,8.0,3
1565,1565,mobilenet,small,warm,200,32.27,32.26,0.01,25.14,7.12,3
1566,1566,resnet,large,warm,200,142.02,142.01,0.01,135.11,6.9,2
1567,1567,mobilenet,small,warm,200,27.02,27.01,0.01,17.81,9.2,2
1568,1568,resnet,large,warm,200,159.75,159.74,0.01,152.74,7.01,2
1569,1569,mobilenet,large,warm,200,24.3,24.29,0.01,17.87,6.42,2
1570,1570,resnet,small,warm,200,202.53,202.52,0.01,195.16,7.36,2
1571,1571,mobilenet,large,warm,200,33.45,33.44,0.01,22.5,10.94,3
1572,1572,resnet,medium,warm,200,352.64,352.63,0.01,340.93,11.7,2
1573,1573,mobilenet,small,warm,200,44.63,44.62,0.01,31.07,13.55,3
1574,1574,resnet,medium,warm,200,214.65,214.65,0.01,202.69,11.96,2
1575,1575,mobilenet,small,warm,200,30.44,30.43,0.01,22.97,7.46,3
1576,1576,resnet,large,warm,200,143.09,143.09,0.01,135.97,7.12,3
1577,1577,mobilenet,large,warm,200,35.34,35.33,0.01,22.75,12.58,4
1578,1578,mobilenet,medium,warm,200,32.72,32.71,0.01,24.41,8.3,4
1579,1579,resnet,small,warm,200,129.94,129.93,0.01,123.98,5.95,2
1580,1580,resnet,large,warm,200,160.77,160.76,0.01,152.84,7.92,2
1581,1581,resnet,medium,warm,200,163.45,163.45,0.01,154.9,8.55,3
1582,1582,mobilenet,medium,warm,200,31.7,31.69,0.01,22.18,9.51,3
1583,1583,mobilenet,small,warm,200,27.51,27.51,0.01,18.52,8.99,3
1584,1584,mobilenet,small,warm,200,24.04,24.04,0.01,17.63,6.41,2
1585,1585,resnet,small,warm,200,152.79,152.79,0.01,147.23,5.56,1
1586,1586,mobilenet,small,warm,200,33.64,33.63,0.01,20.51,13.13,2
1587,1587,resnet,large,warm,200,263.27,263.26,0.01,251.9,11.36,2
1588,1588,resnet,large,warm,200,351.33,351.32,0.01,341.67,9.64,3
1589,1589,resnet,medium,warm,200,193.24,193.23,0.01,185.95,7.28,3
1590,1590,resnet,small,warm,200,219.46,219.45,0.01,211.73,7.72,4
1591,1591,mobilenet,medium,warm,200,32.69,32.69,0.01,22.56,10.13,5
1592,1592,mobilenet,medium,warm,200,30.53,30.52,0.01,22.78,7.74,5
1593,1593,mobilenet,large,warm,200,36.24,36.24,0.01,29.64,6.59,3
1594,1594,mobilenet,small,warm,200,36.09,36.08,0.01,29.56,6.52,3
1595,1595,resnet,medium,warm,200,179.82,179.82,0.01,169.31,10.51,1
1596,1596,mobilenet,medium,warm,200,31.12,31.11,0.01,23.13,7.98,2
1597,1597,resnet,large,warm,200,152.38,152.37,0.01,145.63,6.73,2
1598,1598,mobilenet,small,warm,200,36.83,36.82,0.01,25.19,11.64,3
1599,1599,mobilenet,small,warm,200,24.4,24.39,0.01,17.99,6.4,2
1600,1600,resnet,small,warm,200,156.26,156.26,0.01,150.13,6.12,2
1601,1601,resnet,large,warm,200,162.51,162.5,0.01,152.82,9.68,2
1602,1602,mobilenet,medium,warm,200,25.98,25.97,0.01,19.88,6.09,3
1603,1603,mobilenet,small,warm,200,25.67,25.66,0.01,17.65,8.01,3
1604,1604,mobilenet,large,warm,200,42.09,42.08,0.01,33.91,8.17,2
1605,1605,mobilenet,large,warm,200,40.58,40.58,0.01,29.73,10.85,1
1606,1606,mobilenet,small,warm,200,47.32,47.32,0.01,35.39,11.93,1
1607,1607,resnet,medium,warm,200,187.26,187.25,0.01,180.87,6.38,1
1608,1608,resnet,small,warm,200,185.95,185.94,0.01,179.99,5.96,2
1609,1609,resnet,small,warm,200,235.63,235.62,0.01,224.5,11.12,3
1610,1610,resnet,large,warm,200,194.8,194.8,0.01,187.68,7.11,4
1611,1611,mobilenet,small,warm,200,32.87,32.87,0.01,26.21,6.66,4
1612,1612,resnet,medium,warm,200,128.63,128.62,0.0,122.77,5.86,3
1613,1613,resnet,large,warm,200,149.33,149.32,0.01,142.84,6.48,4
1614,1614,mobilenet,medium,warm,200,25.31,25.31,0.01,17.9,7.4,3
1615,1615,mobilenet,medium,warm,200,25.49,25.49,0.01,18.96,6.52,2
1616,1616,resnet,large,warm,200,147.32,147.31,0.01,140.61,6.71,2
1617,1617,resnet,small,warm,200,147.69,147.68,0.0,141.04,6.64,2
1618,1618,resnet,large,warm,200,184.56,184.55,0.01,165.51,19.04,3
1619,1619,mobilenet,medium,warm,200,30.89,30.89,0.01,23.67,7.22,3
1620,1620,mobilenet,medium,warm,200,33.57,33.57,0.01,26.25,7.32,2
1621,1621,mobilenet,large,warm,200,52.27,52.26,0.01,45.17,7.09,2
1622,1622,mobilenet,small,warm,200,64.06,64.05,0.01,57.23,6.83,2
1623,1623,mobilenet,small,warm,200,51.55,51.54,0.01,34.38,17.17,2
1624,1624,mobilenet,small,warm,200,43.65,43.64,0.01,36.05,7.59,2
1625,1625,mobilenet,medium,warm,200,63.05,63.04,0.01,42.99,20.06,1
1626,1626,resnet,medium,warm,200,219.4,219.39,0.01,213.9,5.49,2
1627,1627,mobilenet,small,warm,200,42.57,42.57,0.01,36.99,5.57,2
1628,1628,mobilenet,large,warm,200,38.49,38.48,0.01,32.72,5.76,2
1629,1629,resnet,small,warm,200,148.27,148.26,0.01,142.29,5.97,2
1630,1630,resnet,small,warm,200,153.8,153.79,0.01,147.93,5.86,3
1631,1631,resnet,large,warm,200,148.99,148.98,0.01,142.14,6.84,3
1632,1632,resnet,medium,warm,200,166.75,166.75,0.01,160.6,6.15,3
1633,1633,mobilenet,large,warm,200,32.9,32.89,0.01,23.98,8.92,4
1634,1634,resnet,small,warm,200,146.64,146.63,0.01,140.52,6.12,2
1635,1635,mobilenet,small,warm,200,28.01,28.01,0.01,21.16,6.85,3
1636,1636,mobilenet,large,warm,200,28.87,28.86,0.01,23.1,5.76,2
1637,1637,mobilenet,medium,warm,200,43.71,43.71,0.01,35.52,8.18,1
1638,1638,mobilenet,medium,warm,200,61.5,61.5,0.01,55.05,6.45,1
1639,1639,resnet,medium,warm,200,209.2,209.2,0.01,202.64,6.55,2
1640,1640,resnet,small,warm,200,267.61,267.6,0.01,260.59,7.01,2
1641,1641,resnet,small,warm,200,178.59,178.59,0.01,170.89,7.69,3
1642,1642,resnet,small,warm,200,220.0,220.0,0.01,211.66,8.34,4
1643,1643,resnet,large,warm,200,238.24,238.24,0.01,228.23,10.0,5
1644,1644,resnet,large,warm,200,136.93,136.92,0.01,130.56,6.36,5
1645,1645,mobilenet,medium,warm,200,30.78,30.78,0.0,24.61,6.16,5
1646,1646,resnet,large,warm,200,126.19,126.19,0.01,121.18,5.01,4
1647,1647,resnet,small,warm,200,174.04,174.03,0.01,168.59,5.45,3
1648,1648,mobilenet,small,warm,200,23.25,23.24,0.01,18.06,5.19,3
1649,1649,mobilenet,medium,warm,200,38.19,38.18,0.01,32.16,6.02,2
1650,1650,mobilenet,small,warm,200,23.82,23.82,0.0,18.17,5.65,2
1651,1651,resnet,large,warm,200,149.47,149.46,0.01,140.42,9.05,1
1652,1652,mobilenet,medium,warm,200,24.71,24.71,0.01,18.12,6.59,2
1653,1653,mobilenet,large,warm,200,27.41,27.4,0.01,20.55,6.85,2
1654,1654,resnet,large,warm,200,271.18,271.17,0.01,263.18,7.99,1
1655,1655,resnet,small,warm,200,241.48,241.47,0.01,233.9,7.57,2
1656,1656,mobilenet,large,warm,200,44.73,44.72,0.01,34.57,10.15,3
1657,1657,mobilenet,medium,warm,200,39.94,39.93,0.01,27.75,12.18,3
1658,1658,resnet,small,warm,200,195.12,195.11,0.01,188.89,6.22,3
1659,1659,mobilenet,large,warm,200,30.01,30.0,0.01,23.49,6.51,4
1660,1660,resnet,small,warm,200,252.27,252.26,0.01,246.19,6.08,2
1661,1661,mobilenet,small,warm,200,35.84,35.84,0.01,27.57,8.27,3
1662,1662,resnet,large,warm,200,167.26,167.25,0.01,160.81,6.44,2
1663,1663,resnet,medium,warm,200,128.53,128.53,0.0,122.89,5.64,3
1664,1664,mobilenet,large,warm,200,28.44,28.44,0.01,21.91,6.53,4
1665,1665,mobilenet,large,warm,200,23.84,23.84,0.0,18.18,5.66,4
1666,1666,mobilenet,large,warm,200,23.26,23.25,0.01,17.86,5.39,1
1667,1667,resnet,small,warm,200,193.76,193.76,0.01,188.67,5.09,1
1668,1668,mobilenet,medium,warm,200,24.04,24.03,0.01,18.55,5.48,2
1669,1669,mobilenet,small,warm,200,22.85,22.84,0.01,17.51,5.33,2
1670,1670,resnet,medium,warm,200,136.46,136.45,0.01,128.21,8.24,2
1671,1671,resnet,medium,warm,200,162.42,162.42,0.01,153.87,8.55,2
1672,1672,resnet,medium,warm,200,293.23,293.22,0.01,287.24,5.98,3
1673,1673,resnet,medium,warm,200,289.47,289.46,0.01,278.43,11.03,3
1674,1674,mobilenet,small,warm,200,52.4,52.4,0.01,42.06,10.33,4
1675,1675,mobilenet,small,warm,200,49.63,49.63,0.01,40.27,9.36,4
1676,1676,mobilenet,small,warm,200,49.45,49.44,0.01,37.8,11.65,3
1677,1677,mobilenet,small,warm,200,36.61,36.6,0.01,30.38,6.22,3
1678,1678,resnet,medium,warm,200,138.56,138.55,0.0,129.46,9.09,2
1679,1679,resnet,medium,warm,200,126.5,126.5,0.01,120.54,5.96,2
1680,1680,mobilenet,large,warm,200,36.63,36.62,0.01,29.47,7.15,3
1681,1681,resnet,small,warm,200,131.87,131.86,0.0,126.18,5.68,2
1682,1682,resnet,medium,warm,200,147.02,147.01,0.01,141.68,5.33,2
1683,1683,resnet,medium,warm,200,157.66,157.65,0.01,150.83,6.82,3
1684,1684,mobilenet,small,warm,200,24.37,24.37,0.01,18.04,6.33,3
1685,1685,mobilenet,large,warm,200,24.89,24.88,0.01,18.17,6.71,2
1686,1686,resnet,large,warm,200,149.41,149.41,0.01,143.16,6.25,2
1687,1687,mobilenet,small,warm,200,22.95,22.95,0.01,17.53,5.42,2
1688,1688,resnet,small,warm,200,288.93,288.93,0.01,280.98,7.95,2
1689,1689,mobilenet,large,warm,200,58.57,58.56,0.01,48.19,10.37,2
1690,1690,mobilenet,medium,warm,200,68.09,68.09,0.01,56.13,11.95,3
1691,1691,resnet,large,warm,200,280.67,280.66,0.01,274.43,6.23,3
1692,1692,mobilenet,large,warm,200,51.95,51.94,0.01,43.13,8.8,3
1693,1693,resnet,medium,warm,200,158.03,158.03,0.01,151.49,6.54,4
1694,1694,mobilenet,small,warm,200,36.61,36.6,0.01,29.68,6.93,3
1695,1695,resnet,medium,warm,200,182.06,182.06,0.01,176.0,6.06,3
1696,1696,mobilenet,small,warm,200,32.78,32.78,0.0,26.8,5.98,4
1697,1697,resnet,small,warm,200,126.62,126.61,0.01,121.27,5.34,2
1698,1698,mobilenet,small,warm,200,47.98,47.98,0.01,39.2,8.78,3
1699,1699,mobilenet,small,warm,200,34.65,34.64,0.0,29.83,4.82,2
1700,1700,mobilenet,small,warm,200,51.78,51.78,0.0,43.31,8.46,1
1701,1701,mobilenet,medium,warm,200,22.43,22.42,0.0,17.63,4.79,2
1702,1702,resnet,large,warm,200,142.57,142.57,0.01,136.19,6.38,1
1703,1703,mobilenet,large,warm,200,31.84,31.83,0.01,24.96,6.87,2
1704,1704,resnet,small,warm,200,267.37,267.36,0.01,261.24,6.13,2
1705,1705,mobilenet,small,warm,200,67.69,67.68,0.01,53.73,13.95,2
1706,1706,mobilenet,large,warm,200,76.38,76.37,0.01,61.26,15.11,3
1707,1707,resnet,small,warm,200,257.49,257.49,0.0,251.71,5.78,3
1708,1708,mobilenet,medium,warm,200,57.7,57.69,0.01,51.66,6.03,3
1709,1709,mobilenet,small,warm,200,51.69,51.68,0.01,41.84,9.85,4
1710,1710,resnet,small,warm,200,210.34,210.33,0.01,202.07,8.26,3
1711,1711,mobilenet,large,warm,200,37.91,37.9,0.01,28.96,8.94,3
1712,1712,resnet,large,warm,200,184.15,184.14,0.01,178.58,5.57,3
1713,1713,resnet,medium,warm,200,232.26,232.25,0.01,224.04,8.21,3
1714,1714,mobilenet,medium,warm,200,30.17,30.16,0.01,24.58,5.58,4
1715,1715,resnet,small,warm,200,203.62,203.61,0.01,198.08,5.53,3
1716,1716,resnet,small,warm,200,163.82,163.81,0.01,158.57,5.24,3
1717,1717,mobilenet,medium,warm,200,27.01,27.01,0.01,17.85,9.15,4
1718,1718,resnet,medium,warm,200,141.32,141.32,0.0,134.94,6.37,3
1719,1719,mobilenet,small,warm,200,22.92,22.91,0.0,17.64,5.27,4
1720,1720,mobilenet,large,warm,200,27.29,27.29,0.01,20.05,7.24,2
1721,1721,resnet,medium,warm,200,231.6,231.6,0.01,223.27,8.33,1
1722,1722,resnet,large,warm,200,187.06,187.05,0.01,181.21,5.84,2
1723,1723,resnet,small,warm,200,288.18,288.17,0.01,279.24,8.94,3
1724,1724,mobilenet,medium,warm,200,55.14,55.13,0.01,46.11,9.02,4
1725,1725,resnet,small,warm,200,291.46,291.45,0.01,284.96,6.49,5
1726,1726,resnet,small,warm,200,277.26,277.25,0.01,271.2,6.05,3
1727,1727,mobilenet,large,warm,200,55.65,55.64,0.01,43.17,12.47,4
1728,1728,mobilenet,medium,warm,200,54.05,54.05,0.01,45.26,8.79,5
1729,1729,resnet,medium,warm,200,239.31,239.3,0.01,231.39,7.91,4
1730,1730,resnet,medium,warm,200,159.14,159.14,0.01,150.9,8.24,4
1731,1731,resnet,medium,warm,200,199.34,199.34,0.01,167.58,31.76,4
1732,1732,resnet,small,warm,200,173.91,173.9,0.01,168.54,5.37,4
1733,1733,mobilenet,medium,warm,200,23.97,23.96,0.0,17.55,6.41,5
1734,1734,mobilenet,small,warm,200,29.66,29.66,0.01,24.3,5.36,3
1735,1735,resnet,small,warm,200,210.15,210.14,0.0,202.32,7.83,2
1736,1736,resnet,large,warm,200,152.57,152.57,0.0,147.13,5.44,2
1737,1737,resnet,large,warm,200,152.75,152.75,0.0,147.93,4.82,3
1738,1738,mobilenet,small,warm,200,37.5,37.49,0.01,24.78,12.71,4
1739,1739,mobilenet,small,warm,200,26.73,26.73,0.01,19.83,6.9,4
1740,1740,mobilenet,medium,warm,200,38.01,38.01,0.01,28.12,9.89,2
1741,1741,mobilenet,small,warm,200,23.19,23.19,0.01,17.87,5.32,1
1742,1742,resnet,medium,warm,200,242.7,242.69,0.01,230.07,12.62,1
1743,1743,mobilenet,small,warm,200,26.14,26.14,0.01,18.29,7.85,2
1744,1744,mobilenet,large,warm,200,57.38,57.38,0.01,45.61,11.76,2
1745,1745,resnet,large,warm,200,183.97,183.97,0.01,172.17,11.8,3
1746,1746,resnet,large,warm,200,227.8,227.8,0.0,221.95,5.85,3
1747,1747,mobilenet,large,warm,200,33.65,33.64,0.01,24.76,8.88,3
1748,1748,resnet,large,warm,200,141.61,141.6,0.01,136.22,5.39,3
1749,1749,mobilenet,large,warm,200,30.76,30.76,0.01,24.53,6.23,3
1750,1750,mobilenet,medium,warm,200,26.04,26.04,0.01,20.8,5.24,3
1751,1751,resnet,small,warm,200,148.26,148.26,0.01,143.56,4.7,1
1752,1752,resnet,small,warm,200,142.11,142.11,0.01,136.82,5.28,2
1753,1753,mobilenet,small,warm,200,36.21,36.21,0.01,25.15,11.05,3
1754,1754,mobilenet,large,warm,200,27.57,27.57,0.01,17.89,9.68,2
1755,1755,mobilenet,small,warm,200,22.39,22.39,0.01,17.68,4.71,1
1756,1756,resnet,small,warm,200,163.71,163.7,0.01,158.41,5.29,1
1757,1757,resnet,large,warm,200,256.01,256.0,0.01,247.08,8.92,2
1758,1758,mobilenet,small,warm,200,30.49,30.49,0.01,24.64,5.85,3
1759,1759,resnet,large,warm,200,290.58,290.57,0.01,281.22,9.35,3
1760,1760,mobilenet,medium,warm,200,68.13,68.12,0.01,61.47,6.65,3
1761,1761,mobilenet,small,warm,200,46.72,46.72,0.01,25.08,21.63,4
1762,1762,mobilenet,large,warm,200,38.49,38.49,0.01,31.83,6.66,3
1763,1763,mobilenet,small,warm,200,32.67,32.66,0.01,25.43,7.24,2
1764,1764,resnet,small,warm,200,196.36,196.35,0.01,190.82,5.53,2
1765,1765,resnet,large,warm,200,124.8,124.79,0.01,120.2,4.59,2
1766,1766,resnet,large,warm,200,221.02,221.02,0.01,215.18,5.84,3
1767,1767,mobilenet,medium,warm,200,29.47,29.47,0.01,22.66,6.81,4
1768,1768,resnet,medium,warm,200,150.75,150.75,0.01,145.07,5.68,2
1769,1769,mobilenet,small,warm,200,29.71,29.71,0.01,23.99,5.72,3
1770,1770,resnet,large,warm,200,164.68,164.67,0.01,159.94,4.73,3
1771,1771,resnet,large,warm,200,161.26,161.25,0.01,153.41,7.84,3
1772,1772,resnet,small,warm,200,137.78,137.77,0.01,131.95,5.82,3
1773,1773,resnet,small,warm,200,160.52,160.51,0.01,154.55,5.96,4
1774,1774,mobilenet,medium,warm,200,22.85,22.84,0.01,18.08,4.76,4
1775,1775,resnet,large,warm,200,282.37,282.36,0.01,275.3,7.06,2
1776,1776,resnet,small,warm,200,242.22,242.21,0.01,229.31,12.89,3
1777,1777,mobilenet,large,warm,200,51.36,51.36,0.01,44.79,6.57,3
1778,1778,mobilenet,large,warm,200,56.99,56.98,0.01,47.76,9.22,4
1779,1779,resnet,large,warm,200,349.89,349.88,0.01,267.65,82.23,4
1780,1780,mobilenet,small,warm,200,30.04,30.03,0.01,22.27,7.77,4
1781,1781,resnet,large,warm,200,211.7,211.7,0.01,206.68,5.02,2
1782,1782,mobilenet,large,warm,200,31.24,31.23,0.01,25.62,5.61,3
1783,1783,mobilenet,medium,warm,200,33.51,33.51,0.01,25.94,7.56,3
1784,1784,mobilenet,medium,warm,200,33.05,33.05,0.01,27.41,5.64,3
1785,1785,mobilenet,small,warm,200,29.77,29.76,0.0,24.81,4.95,3
1786,1786,resnet,medium,warm,200,152.62,152.61,0.01,147.28,5.33,1
1787,1787,mobilenet,large,warm,200,32.47,32.46,0.0,26.47,5.99,2
1788,1788,mobilenet,large,warm,200,34.55,34.54,0.01,29.3,5.24,2
1789,1789,resnet,medium,warm,200,143.11,143.1,0.01,138.49,4.61,2
1790,1790,mobilenet,medium,warm,200,22.39,22.38,0.01,18.01,4.37,2
1791,1791,mobilenet,small,warm,200,22.93,22.93,0.01,17.68,5.25,2
1792,1792,mobilenet,medium,warm,200,22.43,22.42,0.01,17.52,4.9,1
1793,1793,resnet,small,warm,200,273.3,273.29,0.01,266.98,6.31,1
1794,1794,mobilenet,small,warm,200,38.49,38.49,0.01,31.66,6.83,2
1795,1795,resnet,medium,warm,200,246.88,246.88,0.01,233.74,13.14,2
1796,1796,resnet,small,warm,200,223.27,223.26,0.01,217.2,6.06,3
1797,1797,resnet,medium,warm,200,190.98,190.97,0.01,184.14,6.83,4
1798,1798,resnet,medium,warm,200,228.2,228.19,0.01,220.82,7.38,5
1799,1799,resnet,small,warm,200,306.74,306.74,0.01,231.56,75.18,5
1800,1800,resnet,large,warm,200,196.65,196.65,0.01,188.54,8.11,5
1801,1801,mobilenet,small,warm,200,28.11,28.11,0.0,20.83,7.28,4
1802,1802,resnet,small,warm,200,209.58,209.57,0.01,203.61,5.97,4
1803,1803,mobilenet,medium,warm,200,22.98,22.97,0.01,17.97,5.0,4
1804,1804,mobilenet,medium,warm,200,22.59,22.58,0.01,17.79,4.8,3
1805,1805,resnet,small,warm,200,126.44,126.43,0.01,121.36,5.07,3
1806,1806,mobilenet,medium,warm,200,21.9,21.9,0.01,17.7,4.2,3
1807,1807,mobilenet,medium,warm,200,22.99,22.99,0.01,17.77,5.21,2
1808,1808,mobilenet,large,warm,200,25.06,25.06,0.01,18.6,6.46,1
1809,1809,mobilenet,large,warm,200,22.05,22.04,0.01,17.59,4.46,1
1810,1810,mobilenet,medium,warm,200,22.21,22.2,0.01,17.8,4.4,1
1811,1811,resnet,large,warm,200,218.78,218.77,0.01,213.34,5.44,1
1812,1812,mobilenet,medium,warm,200,37.88,37.87,0.01,28.23,9.64,2
1813,1813,mobilenet,large,warm,200,46.94,46.93,0.01,37.13,9.8,2
1814,1814,resnet,small,warm,200,243.65,243.65,0.0,238.16,5.49,2
1815,1815,mobilenet,small,warm,200,48.71,48.71,0.01,39.08,9.63,3
1816,1816,resnet,small,warm,200,305.59,305.58,0.01,296.86,8.71,2
1817,1817,mobilenet,medium,warm,200,30.48,30.48,0.01,24.36,6.12,3
1818,1818,resnet,large,warm,200,147.25,147.24,0.0,141.83,5.42,3
1819,1819,resnet,medium,warm,200,167.28,167.27,0.01,160.02,7.25,3
1820,1820,mobilenet,small,warm,200,32.12,32.11,0.0,26.96,5.15,4
1821,1821,mobilenet,medium,warm,200,33.86,33.86,0.01,28.86,5.0,3
1822,1822,resnet,small,warm,200,143.51,143.51,0.0,138.45,5.05,3
1823,1823,mobilenet,medium,warm,200,28.91,28.91,0.01,22.7,6.2,2
1824,1824,mobilenet,medium,warm,200,23.32,23.31,0.01,18.38,4.93,2
1825,1825,mobilenet,medium,warm,200,27.66,27.66,0.0,17.57,10.08,1
1826,1826,resnet,small,warm,200,164.52,164.51,0.01,158.27,6.24,1
1827,1827,mobilenet,small,warm,200,26.73,26.72,0.01,20.95,5.77,2
1828,1828,mobilenet,small,warm,200,32.16,32.16,0.01,26.41,5.75,2
1829,1829,resnet,small,warm,200,310.56,310.56,0.0,303.68,6.88,2
1830,1830,resnet,small,warm,200,258.81,258.81,0.01,248.85,9.96,2
1831,1831,resnet,medium,warm,200,208.63,208.63,0.0,198.82,9.8,3
1832,1832,resnet,medium,warm,200,184.64,184.64,0.01,179.3,5.34,4
1833,1833,resnet,small,warm,200,187.77,187.77,0.0,178.59,9.18,5
1834,1834,resnet,small,warm,200,267.51,267.51,0.0,261.45,6.06,6
1835,1835,resnet,medium,warm,200,283.66,283.66,0.0,271.9,11.76,7
1836,1836,resnet,small,warm,200,130.19,130.19,0.0,125.62,4.56,4
1837,1837,resnet,small,warm,200,144.8,144.8,0.01,139.62,5.18,4
1838,1838,resnet,medium,warm,200,150.24,150.23,0.0,144.12,6.11,5
1839,1839,resnet,medium,warm,200,169.64,169.63,0.01,165.17,4.46,5
1840,1840,mobilenet,medium,warm,200,32.7,32.69,0.0,26.74,5.95,4
1841,1841,mobilenet,small,warm,200,23.62,23.61,0.0,18.58,5.03,3
1842,1842,mobilenet,small,warm,200,22.31,22.3,0.0,18.36,3.95,2
1843,1843,resnet,large,warm,200,142.3,142.3,0.0,134.89,7.41,1
1844,1844,resnet,large,warm,200,145.64,145.64,0.01,141.18,4.46,2
1845,1845,mobilenet,large,warm,200,23.15,23.14,0.01,18.1,5.04,3
1846,1846,mobilenet,medium,warm,200,23.77,23.76,0.01,17.81,5.95,2
1847,1847,resnet,large,warm,200,292.97,292.97,0.01,287.96,5.0,1
1848,1848,resnet,large,warm,200,273.09,273.08,0.01,265.59,7.49,2
1849,1849,mobilenet,medium,warm,200,50.27,50.27,0.01,39.21,11.06,3
1850,1850,resnet,small,warm,200,211.19,211.18,0.01,203.12,8.06,4
1851,1851,resnet,large,warm,200,252.72,252.72,0.0,244.97,7.74,4
1852,1852,mobilenet,large,warm,200,30.02,30.01,0.01,23.93,6.08,5
1853,1853,mobilenet,small,warm,200,53.42,53.41,0.01,43.89,9.52,4
1854,1854,resnet,small,warm,200,233.47,233.46,0.01,226.19,7.27,4
1855,1855,mobilenet,small,warm,200,38.29,38.28,0.01,28.6,9.69,3
1856,1856,mobilenet,small,warm,200,45.21,45.2,0.01,37.23,7.97,3
1857,1857,mobilenet,medium,warm,200,42.59,42.58,0.01,30.47,12.11,2
1858,1858,mobilenet,large,warm,200,43.15,43.15,0.0,36.23,6.92,2
1859,1859,resnet,small,warm,200,162.34,162.33,0.0,156.24,6.1,1
1860,1860,mobilenet,large,warm,200,24.69,24.68,0.01,18.89,5.79,2
1861,1861,resnet,medium,warm,200,157.64,157.63,0.0,151.55,6.08,2
1862,1862,mobilenet,small,warm,200,23.36,23.36,0.01,18.13,5.23,3
1863,1863,resnet,large,warm,200,156.76,156.75,0.01,150.03,6.73,2
1864,1864,resnet,large,warm,200,175.98,175.98,0.01,168.27,7.71,3
1865,1865,resnet,medium,warm,200,201.14,201.13,0.0,194.94,6.2,3
1866,1866,resnet,small,warm,200,298.4,298.4,0.0,292.69,5.71,4
1867,1867,resnet,small,warm,200,223.03,223.02,0.01,215.14,7.88,4
1868,1868,resnet,small,warm,200,212.37,212.36,0.01,205.59,6.77,4
1869,1869,mobilenet,large,warm,200,27.18,27.17,0.0,21.35,5.82,5
1870,1870,mobilenet,small,warm,200,62.23,62.23,0.01,52.99,9.24,4
1871,1871,mobilenet,medium,warm,200,67.5,67.49,0.0,54.45,13.05,5
1872,1872,resnet,medium,warm,200,227.05,227.04,0.01,218.62,8.42,3
1873,1873,resnet,medium,warm,200,132.47,132.46,0.01,126.53,5.93,2
1874,1874,resnet,large,warm,200,378.85,378.85,0.0,366.06,12.78,3
1875,1875,resnet,small,warm,200,136.45,136.45,0.01,131.48,4.96,4
1876,1876,mobilenet,medium,warm,200,23.5,23.5,0.01,17.79,5.71,4
1877,1877,resnet,small,warm,200,234.65,234.64,0.01,229.06,5.58,3
1878,1878,resnet,small,warm,200,155.84,155.83,0.0,150.87,4.96,3
1879,1879,resnet,medium,warm,200,192.79,192.79,0.01,185.0,7.79,4
1880,1880,mobilenet,small,warm,200,33.13,33.12,0.0,27.94,5.18,5
1881,1881,resnet,medium,warm,200,191.41,191.4,0.01,182.41,9.0,5
1882,1882,resnet,small,warm,200,291.22,291.21,0.01,276.86,14.36,3
1883,1883,resnet,medium,warm,200,444.35,444.34,0.01,349.24,95.1,3
1884,1884,resnet,medium,warm,200,252.92,252.91,0.01,244.54,8.36,4
1885,1885,resnet,large,warm,200,302.64,302.64,0.0,294.14,8.5,4
1886,1886,mobilenet,small,warm,200,50.41,50.41,0.0,38.28,12.12,5
1887,1887,mobilenet,medium,warm,200,79.93,79.93,0.01,64.87,15.06,5
1888,1888,resnet,medium,warm,200,462.38,462.38,0.01,454.49,7.89,5
1889,1889,resnet,large,warm,200,385.53,385.52,0.0,370.68,14.84,5
1890,1890,resnet,large,warm,200,620.09,620.09,0.01,285.02,335.07,5
1891,1891,mobilenet,small,warm,200,38.37,38.37,0.0,27.19,11.18,6
1892,1892,resnet,small,warm,200,171.26,171.25,0.01,165.61,5.65,4
1893,1893,resnet,large,warm,200,288.55,288.55,0.01,280.61,7.94,5
1894,1894,resnet,large,warm,200,191.41,191.4,0.0,183.78,7.63,6
1895,1895,resnet,small,warm,200,364.65,364.64,0.01,251.47,113.17,7
1896,1896,mobilenet,small,warm,200,26.62,26.61,0.01,19.96,6.66,7
1897,1897,resnet,large,warm,200,176.15,176.14,0.01,170.03,6.11,6
1898,1898,resnet,small,warm,200,318.97,318.96,0.01,190.85,128.11,5
1899,1899,mobilenet,small,warm,200,27.06,27.06,0.01,20.13,6.92,5
1900,1900,mobilenet,small,warm,200,34.65,34.65,0.01,28.66,5.99,5
1901,1901,mobilenet,small,warm,200,26.63,26.62,0.0,18.19,8.43,4
1902,1902,mobilenet,medium,warm,200,23.02,23.01,0.01,18.02,4.99,4
1903,1903,mobilenet,medium,warm,200,35.55,35.54,0.01,29.32,6.22,2
1904,1904,mobilenet,medium,warm,200,33.63,33.62,0.01,28.81,4.81,2
1905,1905,resnet,medium,warm,200,143.38,143.38,0.01,135.85,7.52,1
1906,1906,resnet,large,warm,200,227.38,227.37,0.01,217.66,9.71,2
1907,1907,mobilenet,large,warm,200,35.25,35.25,0.01,27.02,8.23,3
1908,1908,mobilenet,small,warm,200,41.72,41.72,0.0,36.08,5.64,2
1909,1909,resnet,medium,warm,200,313.34,313.33,0.01,308.17,5.16,2
1910,1910,resnet,small,warm,200,248.35,248.34,0.01,240.56,7.79,3
1911,1911,resnet,large,warm,200,193.98,193.97,0.02,187.67,6.3,3
1912,1912,resnet,medium,warm,200,236.58,236.57,0.01,231.03,5.55,4
1913,1913,mobilenet,medium,warm,200,27.06,27.05,0.01,19.92,7.13,5
1914,1914,mobilenet,medium,warm,200,30.92,30.9,0.02,23.7,7.2,5
1915,1915,mobilenet,medium,warm,200,30.64,30.64,0.0,24.21,6.43,3
1916,1916,mobilenet,small,warm,200,37.12,37.12,0.0,27.16,9.96,2
1917,1917,mobilenet,small,warm,200,35.53,35.52,0.01,28.72,6.8,1
1918,1918,mobilenet,large,warm,200,28.72,28.71,0.01,23.52,5.19,1
1919,1919,mobilenet,medium,warm,200,27.15,27.14,0.01,17.85,9.29,1
1920,1920,resnet,large,warm,200,206.25,206.24,0.01,199.99,6.26,1
1921,1921,mobilenet,large,warm,200,27.47,27.46,0.01,21.3,6.16,2
1922,1922,mobilenet,medium,warm,200,27.3,27.29,0.01,20.77,6.52,2
1923,1923,mobilenet,large,warm,200,43.41,43.4,0.01,34.24,9.16,2
1924,1924,mobilenet,large,warm,200,74.62,74.61,0.01,63.39,11.22,2
1925,1925,mobilenet,small,warm,200,100.58,100.57,0.01,66.48,34.09,2
1926,1926,resnet,large,warm,200,265.46,265.45,0.01,259.77,5.68,2
1927,1927,resnet,large,warm,200,233.15,233.14,0.01,227.92,5.22,3
1928,1928,resnet,medium,warm,200,304.09,304.09,0.01,120.05,184.04,3
1929,1929,resnet,medium,warm,200,137.77,137.77,0.01,131.98,5.79,4
1930,1930,resnet,medium,warm,200,151.72,151.71,0.01,145.2,6.52,5
1931,1931,mobilenet,medium,warm,200,30.53,30.52,0.01,24.01,6.51,6
1932,1932,resnet,large,warm,200,145.63,145.63,0.01,138.67,6.95,3
1933,1933,resnet,large,warm,200,160.8,160.8,0.01,155.54,5.26,4
1934,1934,mobilenet,small,warm,200,41.86,41.85,0.01,36.59,5.26,4
1935,1935,resnet,large,warm,200,138.59,138.58,0.01,133.18,5.4,2
1936,1936,resnet,medium,warm,200,169.46,169.46,0.01,161.41,8.05,3
1937,1937,mobilenet,medium,warm,200,22.86,22.85,0.01,17.89,4.96,3
1938,1938,mobilenet,medium,warm,200,26.94,26.93,0.01,20.67,6.26,2
1939,1939,resnet,large,warm,200,473.98,473.98,0.01,468.39,5.59,2
1940,1940,resnet,medium,warm,200,270.56,270.55,0.01,264.89,5.66,2
1941,1941,resnet,large,warm,200,204.06,204.05,0.01,192.99,11.06,3
1942,1942,resnet,small,warm,200,237.83,237.82,0.01,232.77,5.05,4
1943,1943,mobilenet,large,warm,200,33.17,33.16,0.01,20.4,12.76,5
1944,1944,mobilenet,small,warm,200,31.26,31.25,0.01,24.75,6.5,5
1945,1945,resnet,large,warm,200,209.09,209.09,0.01,182.59,26.5,5
1946,1946,resnet,large,warm,200,188.97,188.96,0.01,182.29,6.67,4
1947,1947,mobilenet,large,warm,200,28.34,28.33,0.01,22.84,5.49,4
1948,1948,mobilenet,large,warm,200,33.01,33.01,0.01,27.42,5.59,4
1949,1949,resnet,medium,warm,200,147.97,147.96,0.01,143.0,4.96,3
1950,1950,resnet,medium,warm,200,168.67,168.66,0.01,161.34,7.32,2
1951,1951,resnet,medium,warm,200,152.34,152.33,0.01,146.35,5.98,3
1952,1952,mobilenet,large,warm,200,24.1,24.09,0.01,19.24,4.85,3
1953,1953,mobilenet,medium,warm,200,23.51,23.5,0.01,17.8,5.69,3
1954,1954,mobilenet,large,warm,200,24.56,24.55,0.0,17.89,6.66,2
1955,1955,resnet,large,warm,200,298.7,298.69,0.01,293.76,4.94,1
1956,1956,resnet,large,warm,200,339.0,338.99,0.01,333.5,5.49,2
1957,1957,resnet,small,warm,200,251.58,251.57,0.01,244.66,6.91,3
1958,1958,mobilenet,medium,warm,200,102.37,102.36,0.01,91.05,11.31,4
1959,1959,mobilenet,medium,warm,200,94.17,94.16,0.01,40.61,53.55,5
1960,1960,mobilenet,large,warm,200,84.75,84.74,0.01,38.06,46.68,6
1961,1961,resnet,large,warm,200,141.41,141.41,0.01,133.12,8.29,4
1962,1962,mobilenet,large,warm,200,55.21,55.2,0.02,48.87,6.33,4
1963,1963,resnet,large,warm,200,249.39,249.38,0.01,243.91,5.47,3
1964,1964,mobilenet,small,warm,200,60.16,60.13,0.03,55.36,4.78,2
1965,1965,resnet,small,warm,200,145.74,145.74,0.01,141.19,4.55,3
1966,1966,resnet,medium,warm,200,172.51,172.51,0.01,166.38,6.12,3
1967,1967,resnet,medium,warm,200,225.82,225.81,0.01,174.33,51.48,4
1968,1968,resnet,large,warm,200,172.48,172.48,0.01,167.21,5.27,3
1969,1969,resnet,medium,warm,200,165.91,165.9,0.01,158.96,6.95,4
1970,1970,mobilenet,medium,warm,200,23.34,23.34,0.01,18.39,4.94,4
1971,1971,mobilenet,large,warm,200,22.76,22.76,0.01,17.65,5.1,4
1972,1972,mobilenet,medium,warm,200,24.23,24.22,0.01,17.66,6.56,2
1973,1973,mobilenet,large,warm,200,25.18,25.17,0.01,20.15,5.02,1
1974,1974,mobilenet,large,warm,200,33.32,33.31,0.01,26.15,7.16,1
1975,1975,resnet,large,warm,200,324.28,324.27,0.02,314.97,9.29,1
1976,1976,resnet,medium,warm,200,296.32,296.3,0.02,290.13,6.18,2
1977,1977,mobilenet,small,warm,200,33.66,33.64,0.02,21.98,11.66,3
1978,1978,mobilenet,small,warm,200,41.93,41.91,0.02,29.99,11.92,3
1979,1979,resnet,medium,warm,200,181.41,181.4,0.01,174.86,6.53,3
1980,1980,resnet,small,warm,200,156.34,156.32,0.01,150.18,6.14,4
1981,1981,resnet,large,warm,200,136.73,136.72,0.01,129.59,7.14,5
1982,1982,mobilenet,small,warm,200,33.53,33.51,0.01,24.04,9.47,4
1983,1983,resnet,medium,warm,200,159.78,159.77,0.01,154.7,5.07,3
1984,1984,mobilenet,medium,warm,200,52.3,52.3,0.01,46.84,5.45,2
1985,1985,mobilenet,small,warm,200,43.51,43.5,0.01,36.15,7.35,3
1986,1986,resnet,medium,warm,200,139.72,139.7,0.02,132.62,7.09,2
1987,1987,mobilenet,small,warm,200,27.47,27.46,0.01,21.26,6.2,2
1988,1988,mobilenet,medium,warm,200,23.23,23.21,0.02,18.35,4.86,2
1989,1989,mobilenet,small,warm,200,25.72,25.7,0.02,19.87,5.83,1
1990,1990,resnet,large,warm,200,286.97,286.96,0.01,276.82,10.14,1
1991,1991,resnet,medium,warm,200,319.33,319.32,0.01,311.45,7.87,2
1992,1992,resnet,medium,warm,200,252.13,252.12,0.02,244.88,7.24,3
1993,1993,resnet,small,warm,200,216.98,216.97,0.02,210.94,6.02,4
1994,1994,mobilenet,large,warm,200,31.57,31.56,0.02,21.43,10.13,5
1995,1995,mobilenet,large,warm,200,34.01,34.0,0.01,22.87,11.12,5
1996,1996,resnet,small,warm,200,128.89,128.87,0.01,122.66,6.22,4
1997,1997,resnet,large,warm,200,143.37,143.36,0.01,124.54,18.82,5
1998,1998,mobilenet,small,warm,200,28.97,28.95,0.02,22.63,6.33,3
1999,1999,mobilenet,large,warm,200,39.48,39.47,0.01,33.16,6.31,2
2000,2000,mobilenet,small,warm,200,44.82,44.79,0.03,35.42,9.38,1
