request_id,function,size,type,status,latency_ms,ttfb_ms,execution_time_ms,system_overhead_ms,in_flight
0,mobilenet,small,cold,200,1754.93,1754.91,63.23,1691.68,1
1,resnet,small,cold,200,1763.25,1763.23,221.15,1542.08,2
2,mobilenet,small,warm,200,36.86,36.83,30.62,6.22,2
3,mobilenet,large,warm,200,46.89,46.87,33.91,12.96,1
4,mobilenet,large,warm,200,36.98,36.96,25.3,11.67,1
5,resnet,small,warm,200,187.21,187.19,180.17,7.03,1
6,mobilenet,small,warm,200,58.03,58.01,46.13,11.87,1
7,mobilenet,small,warm,200,23.28,23.27,17.99,5.28,1
8,mobilenet,large,warm,200,33.56,33.55,23.68,9.88,1
9,mobilenet,large,warm,200,45.54,45.53,36.9,8.63,1
10,resnet,small,warm,200,332.38,332.37,326.64,5.73,1
11,resnet,large,warm,200,170.21,170.2,164.97,5.23,1
12,resnet,small,warm,200,151.42,151.41,145.75,5.65,1
13,mobilenet,large,warm,200,72.96,72.93,56.8,16.14,1
14,resnet,medium,warm,200,175.92,175.89,167.48,8.41,1
15,resnet,small,warm,200,150.44,150.42,144.5,5.93,1
16,mobilenet,medium,warm,200,63.5,63.48,56.89,6.59,1
17,mobilenet,small,warm,200,34.26,34.24,27.59,6.65,1
18,resnet,small,warm,200,146.44,146.43,139.99,6.44,1
19,resnet,medium,warm,200,180.43,180.42,174.81,5.61,1
20,resnet,small,warm,200,204.44,204.44,198.49,5.94,1
21,resnet,large,warm,200,132.42,132.41,127.14,5.27,1
22,mobilenet,medium,warm,200,35.98,35.97,30.82,5.15,1
23,mobilenet,large,warm,200,41.7,41.7,32.18,9.51,1
24,resnet,large,warm,200,149.77,149.76,143.51,6.25,1
25,resnet,large,warm,200,144.52,144.5,138.39,6.11,1
26,mobilenet,large,warm,200,36.68,36.66,29.54,7.12,1
27,mobilenet,small,warm,200,39.22,39.2,29.71,9.49,1
28,mobilenet,medium,warm,200,28.75,28.73,21.55,7.19,1
29,mobilenet,small,warm,200,41.51,41.49,34.56,6.93,1
30,mobilenet,medium,warm,200,65.96,65.94,58.04,7.9,1
31,resnet,medium,warm,200,163.74,163.72,157.34,6.38,1
32,resnet,small,warm,200,158.16,158.15,152.57,5.58,1
33,resnet,medium,warm,200,226.39,226.39,220.51,5.87,1
34,mobilenet,large,warm,200,78.93,78.92,72.18,6.75,1
35,resnet,large,warm,200,148.11,148.1,139.75,8.35,1
36,mobilenet,large,warm,200,57.02,57.02,50.26,6.76,1
37,mobilenet,large,warm,200,60.17,60.16,49.21,10.95,1
38,mobilenet,small,warm,200,53.61,53.6,44.88,8.72,1
39,resnet,medium,warm,200,154.32,154.31,148.39,5.92,1
40,resnet,large,warm,200,230.65,230.63,224.63,6.0,1
41,mobilenet,large,warm,200,81.86,81.84,72.85,8.99,1
42,resnet,small,warm,200,132.59,132.57,126.92,5.65,1
43,mobilenet,small,warm,200,77.37,77.36,71.68,5.68,1
44,resnet,medium,warm,200,288.53,288.52,276.0,12.52,1
45,resnet,small,warm,200,142.72,142.72,136.53,6.18,1
46,mobilenet,large,warm,200,82.24,82.24,71.85,10.39,1
47,resnet,small,warm,200,249.38,249.37,243.74,5.63,1
48,resnet,medium,warm,200,252.83,252.82,246.77,6.05,1
49,resnet,small,warm,200,161.69,161.67,155.83,5.84,1
50,resnet,small,warm,200,268.1,268.08,261.71,6.37,1
51,mobilenet,large,warm,200,34.04,34.02,23.83,10.19,1
52,resnet,large,warm,200,138.27,138.26,132.99,5.27,1
53,resnet,large,warm,200,174.29,174.27,168.09,6.19,1
54,resnet,medium,warm,200,185.37,185.35,178.8,6.55,1
55,mobilenet,small,warm,200,38.04,38.01,31.1,6.91,1
56,resnet,small,warm,200,133.15,133.13,127.21,5.92,1
57,mobilenet,small,warm,200,40.7,40.69,35.39,5.3,1
58,mobilenet,large,warm,200,28.96,28.95,22.86,6.09,1
59,mobilenet,large,warm,200,26.78,26.78,21.58,5.2,1
60,resnet,large,warm,200,178.17,178.16,171.38,6.78,1
61,mobilenet,medium,warm,200,70.39,70.38,58.76,11.62,1
62,resnet,large,warm,200,158.76,158.75,152.98,5.77,1
63,resnet,large,warm,200,151.42,151.41,145.66,5.76,1
64,resnet,large,warm,200,292.14,292.12,284.61,7.52,1
65,mobilenet,large,warm,200,27.81,27.79,20.84,6.95,1
66,mobilenet,large,warm,200,38.69,38.67,32.21,6.46,1
67,resnet,large,warm,200,273.17,273.15,266.69,6.46,1
68,resnet,small,warm,200,188.5,188.49,182.44,6.05,1
69,resnet,medium,warm,200,159.47,159.44,152.76,6.68,1
70,mobilenet,medium,warm,200,62.2,62.2,56.22,5.98,1
71,mobilenet,large,warm,200,54.43,54.42,48.79,5.63,1
72,resnet,large,warm,200,140.72,140.71,136.0,4.71,1
73,mobilenet,large,warm,200,69.7,69.69,61.77,7.92,1
74,mobilenet,large,warm,200,37.05,37.04,31.86,5.18,1
75,resnet,large,warm,200,140.78,140.77,134.77,6.0,1
76,mobilenet,small,warm,200,70.03,70.01,59.8,10.21,1
77,resnet,small,warm,200,244.45,244.43,237.62,6.8,1
78,mobilenet,large,warm,200,34.16,34.14,23.61,10.53,1
79,resnet,medium,warm,200,149.56,149.55,143.22,6.33,1
80,mobilenet,small,warm,200,37.51,37.49,30.73,6.76,1
81,resnet,medium,warm,200,155.77,155.75,143.34,12.41,1
82,mobilenet,small,warm,200,49.47,49.46,41.92,7.54,1
83,mobilenet,large,warm,200,37.03,37.02,28.03,8.99,1
84,mobilenet,small,warm,200,74.94,74.93,69.96,4.98,1
85,resnet,small,warm,200,142.74,142.73,137.58,5.15,1
86,mobilenet,small,warm,200,77.03,77.02,66.19,10.83,1
87,resnet,large,warm,200,162.36,162.35,157.13,5.22,1
88,mobilenet,medium,warm,200,91.54,91.53,83.18,8.36,1
89,resnet,small,warm,200,304.52,304.5,297.92,6.58,1
90,mobilenet,large,warm,200,64.43,64.42,55.2,9.21,1
91,resnet,medium,warm,200,141.92,141.91,136.53,5.38,1
92,resnet,medium,warm,200,237.63,237.61,230.78,6.83,1
93,resnet,small,warm,200,137.08,137.07,130.91,6.16,1
94,mobilenet,small,warm,200,35.64,35.63,28.72,6.91,1
95,mobilenet,medium,warm,200,37.32,37.3,27.13,10.17,1
96,mobilenet,large,warm,200,35.94,35.92,30.02,5.9,1
97,mobilenet,large,warm,200,29.6,29.59,22.68,6.92,1
98,mobilenet,small,warm,200,79.87,79.87,73.98,5.89,1
99,mobilenet,large,warm,200,64.45,64.44,50.93,13.52,1
100,mobilenet,small,warm,200,75.49,75.48,70.45,5.02,1
101,mobilenet,small,warm,200,89.65,89.64,73.9,15.74,1
102,resnet,small,warm,200,324.98,324.96,311.79,13.17,1
103,mobilenet,medium,warm,200,76.87,76.85,70.98,5.87,1
104,resnet,small,warm,200,134.72,134.7,128.12,6.58,1
105,mobilenet,large,warm,200,51.59,51.57,44.0,7.57,1
106,resnet,small,warm,200,184.17,184.15,176.78,7.37,1
107,resnet,medium,warm,200,147.22,147.2,141.66,5.54,1
108,mobilenet,small,warm,200,91.23,91.21,83.77,7.45,1
109,mobilenet,large,warm,200,62.25,62.24,53.33,8.91,1
110,resnet,medium,warm,200,133.56,133.54,127.75,5.79,1
111,resnet,medium,warm,200,171.52,171.51,165.78,5.73,1
112,resnet,large,warm,200,260.45,260.45,254.62,5.83,1
113,mobilenet,large,warm,200,29.63,29.63,21.0,8.63,1
114,mobilenet,small,warm,200,64.83,64.82,59.07,5.75,1
115,resnet,large,warm,200,231.31,231.3,225.94,5.36,1
116,resnet,small,warm,200,172.06,172.05,162.42,9.63,1
117,mobilenet,small,warm,200,63.6,63.59,53.33,10.26,1
118,mobilenet,large,warm,200,64.54,64.53,54.07,10.46,1
119,resnet,small,warm,200,307.85,307.81,301.45,6.36,1
120,resnet,small,warm,200,150.41,150.39,144.87,5.52,1
121,resnet,medium,warm,200,205.92,205.91,198.7,7.21,1
122,mobilenet,small,warm,200,30.75,30.73,24.44,6.29,1
123,resnet,large,warm,200,141.08,141.07,134.72,6.35,1
124,mobilenet,small,warm,200,48.0,48.0,41.56,6.44,1
125,mobilenet,small,warm,200,31.42,31.41,24.87,6.54,1
126,mobilenet,small,warm,200,33.7,33.69,26.45,7.25,1
127,resnet,medium,warm,200,287.3,287.3,281.8,5.5,1
128,resnet,small,warm,200,236.96,236.96,231.23,5.73,1
129,resnet,small,warm,200,149.24,149.22,143.2,6.02,1
130,mobilenet,medium,warm,200,39.93,39.92,33.33,6.58,1
131,mobilenet,medium,warm,200,34.27,34.24,26.9,7.34,1
132,resnet,medium,warm,200,158.39,158.37,151.9,6.47,1
133,resnet,medium,warm,200,159.3,159.28,152.57,6.71,1
134,resnet,small,warm,200,232.18,232.16,225.62,6.55,1
135,mobilenet,medium,warm,200,73.61,73.6,63.48,10.12,1
136,mobilenet,small,warm,200,46.17,46.16,39.28,6.88,1
137,mobilenet,large,warm,200,44.34,44.34,36.14,8.2,1
138,resnet,small,warm,200,140.5,140.5,134.69,5.81,1
139,mobilenet,large,warm,200,81.75,81.74,75.59,6.15,1
140,resnet,large,warm,200,218.18,218.18,211.47,6.71,1
141,mobilenet,small,warm,200,36.23,36.23,31.05,5.18,1
142,mobilenet,small,warm,200,49.34,49.33,40.55,8.78,1
143,mobilenet,large,warm,200,34.29,34.28,27.21,7.07,1
144,mobilenet,large,warm,200,27.17,27.16,22.31,4.85,1
145,mobilenet,medium,warm,200,33.32,33.3,26.07,7.23,1
146,mobilenet,large,warm,200,79.23,79.23,72.78,6.44,1
147,mobilenet,large,warm,200,31.74,31.74,25.2,6.54,1
148,mobilenet,large,warm,200,41.35,41.35,27.56,13.79,1
149,mobilenet,medium,warm,200,23.98,23.97,18.51,5.46,1
150,resnet,medium,warm,200,142.5,142.49,136.98,5.51,1
151,mobilenet,large,warm,200,34.03,34.02,25.98,8.04,1
152,resnet,small,warm,200,281.23,281.22,274.3,6.93,1
153,resnet,medium,warm,200,134.07,134.06,127.39,6.67,1
154,mobilenet,large,warm,200,73.64,73.63,67.89,5.75,1
155,resnet,medium,warm,200,299.53,299.52,294.31,5.21,1
156,resnet,small,warm,200,162.27,162.26,156.33,5.93,1
157,mobilenet,medium,warm,200,38.29,38.28,29.54,8.74,1
158,mobilenet,small,warm,200,23.07,23.06,17.93,5.13,1
159,mobilenet,large,warm,200,31.86,31.84,25.97,5.87,1
160,resnet,small,warm,200,130.89,130.88,124.91,5.97,1
161,resnet,small,warm,200,251.04,251.03,244.21,6.83,1
162,mobilenet,medium,warm,200,29.36,29.36,23.94,5.42,1
163,resnet,small,warm,200,132.12,132.11,126.5,5.61,1
164,resnet,large,warm,200,281.59,281.59,276.05,5.54,1
165,resnet,large,warm,200,161.24,161.23,156.06,5.17,1
166,mobilenet,large,warm,200,30.46,30.46,25.12,5.33,1
167,resnet,large,warm,200,248.2,248.2,242.5,5.69,1
168,mobilenet,small,warm,200,30.52,30.51,25.04,5.47,1
169,resnet,small,warm,200,151.5,151.48,145.5,5.98,1
170,mobilenet,large,warm,200,46.48,46.46,38.9,7.56,1
171,mobilenet,medium,warm,200,76.82,76.8,70.78,6.02,1
172,resnet,large,warm,200,135.85,135.84,130.53,5.32,1
173,mobilenet,large,warm,200,88.97,88.96,75.01,13.95,1
174,resnet,small,warm,200,154.82,154.81,149.51,5.3,1
175,resnet,large,warm,200,197.73,197.72,191.96,5.76,1
176,resnet,medium,warm,200,286.36,286.35,277.81,8.54,1
177,mobilenet,small,warm,200,92.32,92.31,86.05,6.26,1
178,resnet,medium,warm,200,145.98,145.97,140.57,5.4,1
179,mobilenet,small,warm,200,96.81,96.81,84.73,12.08,1
180,resnet,small,warm,200,191.81,191.8,185.26,6.55,1
181,resnet,small,warm,200,144.45,144.45,139.09,5.36,1
182,resnet,large,warm,200,234.12,234.11,228.03,6.08,1
183,resnet,large,warm,200,236.71,236.71,230.58,6.12,1
184,mobilenet,small,warm,200,62.37,62.36,52.48,9.88,1
185,mobilenet,large,warm,200,70.23,70.23,61.73,8.49,1
186,mobilenet,large,warm,200,62.7,62.69,53.6,9.1,1
187,mobilenet,medium,warm,200,51.83,51.82,45.95,5.87,1
188,mobilenet,medium,warm,200,35.48,35.48,30.09,5.39,1
189,mobilenet,small,warm,200,56.78,56.73,49.35,7.39,1
190,resnet,medium,warm,200,141.74,141.69,135.22,6.47,1
191,mobilenet,medium,warm,200,90.92,90.91,84.42,6.49,1
192,mobilenet,large,warm,200,64.64,64.63,49.87,14.76,1
193,mobilenet,large,warm,200,74.28,74.27,67.94,6.34,1
194,mobilenet,medium,warm,200,61.97,61.96,54.42,7.54,1
195,resnet,large,warm,200,205.66,205.65,200.19,5.47,1
196,mobilenet,small,warm,200,75.18,75.17,63.12,12.05,1
197,mobilenet,small,warm,200,41.13,41.13,35.43,5.7,1
198,resnet,small,warm,200,153.3,153.29,147.75,5.55,1
199,mobilenet,large,warm,200,43.91,43.88,36.05,7.83,1
200,resnet,medium,warm,200,170.87,170.86,164.35,6.51,1
201,mobilenet,medium,warm,200,95.44,95.42,85.61,9.81,1
202,mobilenet,large,warm,200,91.95,91.93,83.58,8.36,1
203,mobilenet,medium,warm,200,75.32,75.3,69.77,5.53,1
204,mobilenet,medium,warm,200,90.75,90.73,83.9,6.83,1
205,mobilenet,small,warm,200,50.47,50.45,44.48,5.97,1
206,resnet,medium,warm,200,274.48,274.48,267.54,6.94,1
207,resnet,small,warm,200,176.26,176.25,170.96,5.29,1
208,mobilenet,small,warm,200,77.73,77.73,72.42,5.31,1
209,mobilenet,medium,warm,200,69.61,69.6,57.79,11.82,1
210,resnet,medium,warm,200,149.83,149.83,143.44,6.39,1
211,mobilenet,medium,warm,200,57.21,57.2,44.95,12.25,1
212,resnet,large,warm,200,196.09,196.08,190.16,5.92,1
213,resnet,large,warm,200,328.84,328.83,323.03,5.8,1
214,resnet,small,warm,200,132.23,132.22,126.92,5.3,1
215,mobilenet,medium,warm,200,64.06,64.05,53.95,10.1,1
216,mobilenet,large,warm,200,82.14,82.13,75.02,7.11,1
217,resnet,small,warm,200,156.14,156.13,150.01,6.12,1
218,mobilenet,large,warm,200,91.07,91.06,78.54,12.51,1
219,resnet,medium,warm,200,314.38,314.37,308.04,6.33,1
220,resnet,medium,warm,200,141.44,141.43,136.22,5.22,1
221,mobilenet,medium,warm,200,75.07,75.06,67.82,7.24,1
222,mobilenet,medium,warm,200,25.3,25.28,18.73,6.56,1
223,mobilenet,large,warm,200,33.63,33.62,26.28,7.34,1
224,resnet,small,warm,200,153.54,153.53,148.3,5.23,1
225,mobilenet,medium,warm,200,39.08,39.08,27.93,11.15,1
226,resnet,small,warm,200,149.48,149.47,143.71,5.76,1
227,resnet,large,warm,200,166.16,166.15,160.74,5.41,1
228,resnet,large,warm,200,245.13,245.12,238.51,6.61,1
229,mobilenet,large,warm,200,25.9,25.89,18.7,7.19,1
230,resnet,large,warm,200,135.02,135.02,129.92,5.09,1
231,resnet,large,warm,200,152.6,152.59,147.32,5.27,1
232,resnet,medium,warm,200,244.43,244.42,238.64,5.78,1
233,resnet,large,warm,200,148.28,148.27,142.26,6.01,1
234,resnet,large,warm,200,180.71,180.7,174.38,6.32,1
235,mobilenet,small,warm,200,45.43,45.41,32.91,12.5,1
236,resnet,large,warm,200,232.52,232.5,226.38,6.12,1
237,resnet,large,warm,200,167.0,166.98,160.81,6.17,1
238,mobilenet,large,warm,200,71.85,71.84,64.51,7.33,1
239,resnet,medium,warm,200,186.95,186.94,180.77,6.18,1
240,mobilenet,medium,warm,200,70.03,70.03,60.12,9.91,1
241,resnet,small,warm,200,222.92,222.91,216.92,5.99,1
242,resnet,large,warm,200,188.65,188.64,183.15,5.49,1
243,resnet,medium,warm,200,175.03,175.02,169.5,5.52,1
244,resnet,medium,warm,200,232.38,232.36,225.44,6.92,1
245,mobilenet,large,warm,200,54.33,54.33,45.79,8.54,1
246,resnet,large,warm,200,134.14,134.13,128.07,6.05,1
247,mobilenet,large,warm,200,69.85,69.83,61.05,8.79,1
248,mobilenet,medium,warm,200,55.17,55.15,48.98,6.17,1
249,resnet,small,warm,200,133.91,133.91,127.95,5.95,1
250,mobilenet,large,warm,200,56.62,56.62,49.67,6.94,1
251,resnet,small,warm,200,225.57,225.57,220.11,5.46,1
252,mobilenet,small,warm,200,29.35,29.35,24.24,5.1,1
253,mobilenet,small,warm,200,79.99,79.98,73.29,6.69,1
254,mobilenet,medium,warm,200,28.6,28.6,23.46,5.13,1
255,mobilenet,medium,warm,200,31.91,31.9,26.3,5.59,1
256,resnet,large,warm,200,191.4,191.38,184.1,7.28,1
257,mobilenet,large,warm,200,41.47,41.46,33.99,7.47,1
258,resnet,medium,warm,200,144.3,144.28,138.34,5.94,1
259,resnet,small,warm,200,133.88,133.86,127.38,6.48,1
260,mobilenet,large,warm,200,43.81,43.8,37.66,6.15,1
261,mobilenet,small,warm,200,23.4,23.39,18.02,5.37,1
262,resnet,small,warm,200,183.97,183.96,178.5,5.46,1
263,mobilenet,large,warm,200,34.65,34.64,28.92,5.72,1
264,resnet,small,warm,200,189.26,189.25,184.14,5.12,1
265,mobilenet,small,warm,200,28.75,28.75,22.28,6.47,1
266,resnet,small,warm,200,146.74,146.73,140.64,6.1,1
267,resnet,large,warm,200,243.41,243.4,233.13,10.27,1
268,resnet,medium,warm,200,168.34,168.32,157.78,10.54,1
269,resnet,large,warm,200,133.49,133.47,127.08,6.39,1
270,resnet,small,warm,200,165.81,165.79,159.46,6.33,1
271,resnet,medium,warm,200,296.95,296.93,289.88,7.05,1
272,resnet,small,warm,200,137.87,137.87,132.29,5.58,1
273,resnet,large,warm,200,180.22,180.21,173.68,6.53,1
274,resnet,large,warm,200,230.11,230.11,224.32,5.79,1
275,mobilenet,medium,warm,200,28.71,28.7,18.62,10.09,1
276,resnet,small,warm,200,142.99,142.98,137.91,5.07,1
277,resnet,small,warm,200,290.83,290.82,279.83,10.99,1
278,resnet,medium,warm,200,150.0,149.98,143.65,6.33,1
279,resnet,large,warm,200,157.59,157.57,150.77,6.8,1
280,mobilenet,small,warm,200,66.74,66.7,57.67,9.03,1
281,mobilenet,small,warm,200,57.29,57.27,47.38,9.89,1
282,resnet,large,warm,200,189.1,189.09,182.24,6.85,1
283,mobilenet,large,warm,200,69.51,69.49,60.22,9.27,1
284,mobilenet,small,warm,200,67.95,67.95,59.52,8.42,1
285,resnet,medium,warm,200,152.86,152.85,147.81,5.04,1
286,resnet,large,warm,200,270.58,270.57,264.49,6.08,1
287,resnet,medium,warm,200,230.15,230.14,224.92,5.22,1
288,mobilenet,small,warm,200,40.23,40.22,34.39,5.83,1
289,resnet,medium,warm,200,250.37,250.36,241.01,9.35,1
290,mobilenet,large,warm,200,36.03,36.02,29.82,6.2,1
291,resnet,medium,warm,200,154.21,154.2,149.16,5.04,1
292,mobilenet,medium,warm,200,40.57,40.56,30.8,9.76,1
293,resnet,medium,warm,200,180.84,180.83,174.85,5.98,1
294,resnet,large,warm,200,157.32,157.31,151.85,5.46,1
295,mobilenet,medium,warm,200,41.72,41.72,33.36,8.36,1
296,mobilenet,medium,warm,200,31.9,31.89,22.95,8.94,1
297,resnet,medium,warm,200,171.22,171.21,166.06,5.15,1
298,mobilenet,medium,warm,200,49.04,49.04,36.99,12.05,1
299,resnet,large,warm,200,232.22,232.21,226.44,5.77,1
300,resnet,large,warm,200,143.16,143.14,137.33,5.82,1
301,mobilenet,medium,warm,200,49.18,49.16,42.3,6.86,1
302,mobilenet,large,warm,200,33.25,33.24,26.75,6.48,1
303,mobilenet,medium,warm,200,28.48,28.46,22.41,6.05,1
304,mobilenet,small,warm,200,65.59,65.57,56.34,9.23,1
305,resnet,small,warm,200,226.52,226.52,221.04,5.48,1
306,resnet,small,warm,200,139.35,139.35,134.47,4.87,1
307,mobilenet,medium,warm,200,83.12,83.11,77.09,6.02,1
308,resnet,medium,warm,200,292.61,292.6,284.35,8.25,1
309,mobilenet,medium,warm,200,80.28,80.27,74.19,6.08,1
310,resnet,medium,warm,200,235.29,235.28,229.1,6.18,1
311,resnet,medium,warm,200,320.6,320.58,314.0,6.58,1
312,resnet,medium,warm,200,136.92,136.9,130.56,6.35,1
313,mobilenet,medium,warm,200,85.25,85.23,75.78,9.46,1
314,mobilenet,large,warm,200,68.29,68.27,60.59,7.68,1
315,mobilenet,medium,warm,200,32.11,32.09,25.89,6.2,1
316,mobilenet,large,warm,200,33.88,33.87,28.02,5.85,1
317,mobilenet,large,warm,200,49.02,49.02,33.91,15.1,1
318,mobilenet,small,warm,200,23.21,23.2,18.49,4.71,1
319,mobilenet,small,warm,200,44.03,44.02,38.49,5.53,1
320,mobilenet,large,warm,200,57.38,57.38,41.36,16.02,1
321,mobilenet,small,warm,200,41.26,41.26,28.4,12.85,1
322,mobilenet,medium,warm,200,46.3,46.29,39.1,7.19,1
323,mobilenet,large,warm,200,71.22,71.2,63.66,7.55,1
324,mobilenet,medium,warm,200,65.4,65.38,57.47,7.91,1
325,resnet,medium,warm,200,141.45,141.44,135.01,6.42,1
326,mobilenet,large,warm,200,71.77,71.76,60.74,11.02,1
327,mobilenet,small,warm,200,80.21,80.2,71.89,8.31,1
328,resnet,small,warm,200,144.63,144.62,136.49,8.13,1
329,mobilenet,medium,warm,200,56.65,56.64,51.09,5.56,1
330,resnet,medium,warm,200,134.09,134.08,128.04,6.04,1
331,mobilenet,small,warm,200,84.59,84.58,78.07,6.51,1
332,mobilenet,small,warm,200,67.39,67.39,59.21,8.18,1
333,resnet,large,warm,200,141.51,141.49,135.62,5.88,1
334,mobilenet,large,warm,200,92.88,92.87,82.09,10.77,1
335,mobilenet,medium,warm,200,55.69,55.68,46.32,9.35,1
336,resnet,large,warm,200,141.94,141.93,136.48,5.44,1
337,resnet,small,warm,200,199.04,199.03,193.04,5.99,1
338,resnet,small,warm,200,210.7,210.67,204.2,6.47,1
339,resnet,medium,warm,200,167.45,167.44,162.26,5.18,1
340,mobilenet,medium,warm,200,57.31,57.31,46.14,11.17,1
341,resnet,large,warm,200,191.03,191.02,182.75,8.27,1
342,resnet,large,warm,200,133.69,133.68,128.13,5.55,1
343,mobilenet,medium,warm,200,74.33,74.32,64.53,9.79,1
344,mobilenet,large,warm,200,58.51,58.49,48.23,10.26,1
345,resnet,large,warm,200,169.82,169.8,164.01,5.79,1
346,resnet,medium,warm,200,256.34,256.33,249.38,6.96,1
347,resnet,large,warm,200,239.97,239.96,233.2,6.76,1
348,resnet,medium,warm,200,165.62,165.6,159.28,6.32,1
349,mobilenet,small,warm,200,70.48,70.46,59.67,10.79,1
350,resnet,medium,warm,200,165.74,165.74,160.29,5.45,1
351,mobilenet,medium,warm,200,96.2,96.19,86.47,9.72,1
352,resnet,medium,warm,200,263.77,263.77,257.81,5.95,1
353,mobilenet,medium,warm,200,59.4,59.4,52.28,7.11,1
354,resnet,small,warm,200,154.48,154.47,149.24,5.23,1
355,resnet,small,warm,200,276.2,276.19,270.74,5.45,1
356,resnet,medium,warm,200,150.01,150.0,143.96,6.04,1
357,resnet,medium,warm,200,151.0,150.99,144.87,6.12,1
358,resnet,large,warm,200,267.2,267.17,260.33,6.84,1
359,mobilenet,large,warm,200,68.12,68.12,60.83,7.29,1
360,mobilenet,small,warm,200,54.03,54.01,46.1,7.92,1
361,mobilenet,large,warm,200,67.36,67.34,58.07,9.27,1
362,resnet,medium,warm,200,266.45,266.44,260.37,6.08,1
363,mobilenet,large,warm,200,61.69,61.68,53.09,8.59,1
364,resnet,large,warm,200,242.65,242.64,236.76,5.88,1
365,resnet,medium,warm,200,167.85,167.84,162.43,5.41,1
366,mobilenet,small,warm,200,80.38,80.37,74.91,5.46,1
367,resnet,small,warm,200,248.37,248.36,242.53,5.82,1
368,resnet,large,warm,200,238.8,238.79,232.55,6.24,1
369,mobilenet,medium,warm,200,81.29,81.28,73.48,7.8,1
370,resnet,medium,warm,200,169.81,169.8,162.33,7.46,1
371,resnet,medium,warm,200,307.47,307.45,299.17,8.28,1
372,resnet,medium,warm,200,135.13,135.1,129.03,6.07,1
373,resnet,medium,warm,200,135.21,135.2,129.73,5.47,1
374,resnet,medium,warm,200,255.44,255.43,249.62,5.81,1
375,mobilenet,small,warm,200,32.62,32.61,27.0,5.61,1
376,mobilenet,medium,warm,200,65.02,65.01,59.5,5.51,1
377,mobilenet,large,warm,200,65.26,65.25,53.28,11.97,1
378,mobilenet,small,warm,200,57.93,57.92,46.27,11.65,1
379,mobilenet,large,warm,200,45.44,45.43,37.48,7.95,1
380,resnet,medium,warm,200,338.19,338.17,330.45,7.72,1
381,resnet,small,warm,200,150.24,150.22,144.1,6.13,1
382,mobilenet,medium,warm,200,48.33,48.32,41.43,6.89,1
383,mobilenet,medium,warm,200,28.69,28.64,19.91,8.73,1
384,mobilenet,medium,warm,200,92.82,92.8,83.14,9.66,1
385,mobilenet,large,warm,200,87.59,87.58,81.05,6.53,1
386,mobilenet,medium,warm,200,93.57,93.56,80.88,12.68,1
387,mobilenet,small,warm,200,94.07,94.07,78.46,15.6,1
388,resnet,large,warm,200,270.04,270.03,261.85,8.18,1
389,mobilenet,large,warm,200,76.81,76.8,69.68,7.12,1
390,resnet,small,warm,200,147.24,147.23,141.73,5.5,1
391,mobilenet,large,warm,200,75.57,75.56,65.65,9.91,1
392,resnet,medium,warm,200,203.64,203.62,197.56,6.05,1
393,resnet,medium,warm,200,149.48,149.46,143.52,5.95,1
394,resnet,small,warm,200,161.87,161.86,155.84,6.02,1
395,mobilenet,medium,warm,200,82.48,82.46,66.38,16.08,1
396,resnet,small,warm,200,132.78,132.77,127.45,5.32,1
397,mobilenet,medium,warm,200,85.18,85.18,74.34,10.84,1
398,resnet,small,warm,200,213.01,213.0,207.66,5.34,1
399,mobilenet,small,warm,200,24.05,24.05,18.96,5.09,1
400,mobilenet,large,warm,200,54.91,54.91,47.87,7.04,1
401,resnet,small,warm,200,236.02,236.01,229.85,6.16,1
402,mobilenet,small,warm,200,62.62,62.6,52.41,10.19,1
403,resnet,large,warm,200,156.33,156.32,150.36,5.96,1
404,mobilenet,large,warm,200,74.17,74.16,57.04,17.12,1
405,resnet,medium,warm,200,174.0,173.98,167.41,6.58,1
406,resnet,medium,warm,200,147.37,147.36,141.24,6.12,1
407,resnet,medium,warm,200,228.06,228.05,221.02,7.03,1
408,mobilenet,large,warm,200,33.05,33.04,22.89,10.15,1
409,mobilenet,small,warm,200,44.97,44.96,36.02,8.95,1
410,mobilenet,medium,warm,200,62.41,62.4,52.94,9.46,1
411,mobilenet,small,warm,200,59.67,59.66,53.11,6.55,1
412,mobilenet,small,warm,200,84.95,84.94,79.69,5.26,1
413,mobilenet,small,warm,200,93.29,93.29,85.42,7.87,1
414,mobilenet,medium,warm,200,70.73,70.72,61.23,9.5,1
415,resnet,large,warm,200,160.48,160.47,155.1,5.36,1
416,resnet,medium,warm,200,208.36,208.35,201.36,6.99,1
417,mobilenet,small,warm,200,54.1,54.09,44.21,9.88,1
418,resnet,large,warm,200,158.98,158.97,153.18,5.79,1
419,resnet,large,warm,200,252.66,252.65,238.63,14.02,1
420,resnet,small,warm,200,152.77,152.76,147.04,5.72,1
421,mobilenet,medium,warm,200,56.95,56.94,48.93,8.0,1
422,mobilenet,medium,warm,200,63.43,63.42,56.94,6.48,1
423,mobilenet,large,warm,200,42.45,42.44,32.69,9.75,1
424,mobilenet,large,warm,200,76.92,76.91,65.47,11.45,1
425,mobilenet,medium,warm,200,100.97,100.97,84.76,16.21,1
426,mobilenet,small,warm,200,50.3,50.3,45.25,5.05,1
427,mobilenet,small,warm,200,91.51,91.5,78.6,12.9,1
428,resnet,large,warm,200,250.72,250.71,243.7,7.01,1
429,resnet,medium,warm,200,289.38,289.37,279.59,9.78,1
430,mobilenet,medium,warm,200,81.97,81.96,71.05,10.91,1
431,resnet,large,warm,200,230.12,230.11,224.35,5.76,1
432,resnet,medium,warm,200,171.45,171.45,164.57,6.88,1
433,resnet,medium,warm,200,137.41,137.4,132.12,5.28,1
434,mobilenet,large,warm,200,67.07,67.06,60.6,6.46,1
435,mobilenet,medium,warm,200,37.26,37.25,26.19,11.06,1
436,resnet,large,warm,200,169.44,169.43,163.82,5.6,1
437,resnet,small,warm,200,156.62,156.61,151.6,5.01,1
438,mobilenet,small,warm,200,67.37,67.36,59.61,7.75,1
439,mobilenet,large,warm,200,70.06,70.05,56.69,13.36,1
440,resnet,large,warm,200,128.54,128.53,122.51,6.02,1
441,mobilenet,small,warm,200,63.97,63.96,57.68,6.27,1
442,resnet,large,warm,200,148.91,148.9,143.83,5.07,1
443,resnet,medium,warm,200,151.3,151.3,145.5,5.8,1
444,mobilenet,large,warm,200,72.54,72.52,64.13,8.4,1
445,resnet,large,warm,200,162.96,162.95,157.56,5.39,1
446,resnet,small,warm,200,170.34,170.32,164.06,6.27,1
447,resnet,medium,warm,200,157.12,157.1,151.11,5.99,1
448,resnet,medium,warm,200,266.31,266.29,257.82,8.48,1
449,resnet,large,warm,200,146.51,146.46,139.86,6.6,1
450,mobilenet,small,warm,200,67.86,67.84,56.36,11.48,1
451,resnet,medium,warm,200,193.59,193.58,185.79,7.8,1
452,resnet,medium,warm,200,152.01,152.0,147.11,4.89,1
453,resnet,large,warm,200,239.13,239.12,233.56,5.55,1
454,mobilenet,medium,warm,200,62.18,62.18,54.12,8.06,1
455,mobilenet,medium,warm,200,64.36,64.35,56.56,7.79,1
456,resnet,medium,warm,200,199.49,199.46,193.09,6.37,1
457,mobilenet,medium,warm,200,63.97,63.96,56.79,7.16,1
458,mobilenet,large,warm,200,61.68,61.67,53.35,8.31,1
459,resnet,medium,warm,200,170.06,170.04,163.72,6.32,1
460,mobilenet,small,warm,200,56.03,56.02,48.14,7.88,1
461,resnet,large,warm,200,170.35,170.33,163.04,7.29,1
462,resnet,large,warm,200,187.62,187.62,182.12,5.5,1
463,resnet,small,warm,200,270.61,270.61,264.49,6.12,1
464,mobilenet,medium,warm,200,32.27,32.26,26.5,5.76,1
465,mobilenet,medium,warm,200,37.24,37.23,28.79,8.44,1
466,resnet,large,warm,200,267.12,267.11,259.72,7.4,1
467,resnet,small,warm,200,153.59,153.59,148.76,4.83,1
468,mobilenet,large,warm,200,40.79,40.78,30.18,10.6,1
469,mobilenet,large,warm,200,27.14,27.12,20.33,6.79,1
470,mobilenet,medium,warm,200,29.17,29.15,22.08,7.07,1
471,mobilenet,large,warm,200,38.6,38.59,31.53,7.06,1
472,resnet,small,warm,200,246.8,246.8,240.44,6.36,1
473,mobilenet,small,warm,200,31.37,31.36,26.24,5.13,1
474,resnet,small,warm,200,167.51,167.51,161.59,5.92,1
475,mobilenet,medium,warm,200,81.16,81.15,68.78,12.38,1
476,resnet,large,warm,200,148.37,148.36,141.67,6.7,1
477,resnet,medium,warm,200,132.39,132.39,127.23,5.15,1
478,resnet,medium,warm,200,211.8,211.79,205.79,6.0,1
479,mobilenet,medium,warm,200,37.45,37.44,30.27,7.16,1
480,mobilenet,medium,warm,200,25.03,25.02,20.05,4.97,1
481,mobilenet,large,warm,200,37.79,37.77,30.85,6.92,1
482,mobilenet,small,warm,200,75.39,75.37,68.03,7.35,1
483,resnet,medium,warm,200,170.29,170.28,164.41,5.87,1
484,resnet,large,warm,200,163.52,163.52,157.55,5.97,1
485,resnet,small,warm,200,242.22,242.22,236.51,5.71,1
486,resnet,large,warm,200,177.73,177.72,167.72,10.0,1
487,resnet,large,warm,200,148.14,148.13,142.9,5.22,1
488,resnet,small,warm,200,225.57,225.56,219.62,5.93,1
489,resnet,large,warm,200,204.02,204.01,197.87,6.15,1
490,resnet,medium,warm,200,153.26,153.25,148.09,5.16,1
491,resnet,large,warm,200,195.11,195.1,189.6,5.5,1
492,resnet,medium,warm,200,237.04,237.03,230.7,6.33,1
493,resnet,small,warm,200,146.0,145.99,140.52,5.47,1
494,mobilenet,large,warm,200,44.9,44.89,37.55,7.34,1
495,resnet,small,warm,200,258.61,258.6,252.44,6.16,1
496,resnet,small,warm,200,156.53,156.52,151.0,5.52,1
497,resnet,large,warm,200,173.86,173.85,168.79,5.06,1
498,resnet,large,warm,200,274.76,274.75,268.86,5.89,1
499,resnet,medium,warm,200,193.54,193.53,187.98,5.55,1
500,mobilenet,medium,warm,200,79.01,79.01,66.89,12.11,1
501,mobilenet,small,warm,200,65.26,65.24,55.74,9.5,1
502,resnet,small,warm,200,135.26,135.25,129.44,5.81,1
503,resnet,small,warm,200,127.48,127.47,121.7,5.78,1
504,resnet,small,warm,200,287.13,287.12,279.97,7.15,1
505,mobilenet,medium,warm,200,65.82,65.81,54.74,11.07,1
506,mobilenet,small,warm,200,67.55,67.54,61.15,6.39,1
507,resnet,medium,warm,200,327.46,327.45,321.31,6.14,1
508,resnet,large,warm,200,153.44,153.43,148.52,4.92,1
509,resnet,large,warm,200,177.47,177.46,171.71,5.75,1
510,mobilenet,medium,warm,200,31.57,31.56,23.88,7.68,1
511,resnet,medium,warm,200,149.93,149.92,144.32,5.6,1
512,resnet,large,warm,200,217.8,217.79,211.29,6.5,1
513,mobilenet,large,warm,200,69.68,69.67,60.48,9.2,1
514,mobilenet,small,warm,200,52.27,52.26,46.04,6.22,1
515,resnet,small,warm,200,162.13,162.11,155.43,6.69,1
516,mobilenet,medium,warm,200,40.56,40.54,28.37,12.17,1
517,mobilenet,large,warm,200,42.35,42.34,36.38,5.96,1
518,mobilenet,medium,warm,200,38.24,38.23,30.77,7.46,1
519,mobilenet,large,warm,200,31.86,31.86,21.42,10.44,1
520,resnet,small,warm,200,154.4,154.39,148.02,6.37,1
521,mobilenet,medium,warm,200,37.39,37.38,31.6,5.78,1
522,mobilenet,medium,warm,200,31.45,31.44,25.43,6.01,1
523,resnet,medium,warm,200,179.1,179.09,173.42,5.67,1
524,resnet,small,warm,200,135.19,135.17,129.81,5.36,1
525,mobilenet,large,warm,200,50.37,50.36,37.51,12.85,1
526,resnet,large,warm,200,236.21,236.19,229.9,6.29,1
527,mobilenet,small,warm,200,76.76,76.74,70.35,6.39,1
528,mobilenet,small,warm,200,36.47,36.45,27.57,8.88,1
529,resnet,large,warm,200,260.71,260.7,254.97,5.73,1
530,mobilenet,medium,warm,200,38.25,38.24,32.97,5.27,1
531,mobilenet,small,warm,200,65.27,65.27,50.81,14.46,1
532,resnet,large,warm,200,247.18,247.17,240.06,7.11,1
533,resnet,medium,warm,200,196.01,196.01,190.63,5.38,1
534,resnet,large,warm,200,152.5,152.5,147.53,4.97,1
535,mobilenet,medium,warm,200,74.91,74.9,64.65,10.25,1
536,resnet,large,warm,200,294.37,294.35,287.94,6.41,1
537,mobilenet,small,warm,200,53.05,53.03,45.89,7.14,1
538,resnet,medium,warm,200,179.75,179.73,173.64,6.09,1
539,resnet,large,warm,200,247.01,247.01,241.42,5.59,1
540,resnet,large,warm,200,135.53,135.53,129.9,5.63,1
541,resnet,medium,warm,200,147.9,147.89,142.49,5.41,1
542,resnet,small,warm,200,192.23,192.23,186.02,6.21,1
543,resnet,medium,warm,200,205.76,205.76,200.28,5.48,1
544,mobilenet,small,warm,200,67.01,67.0,58.9,8.1,1
545,resnet,large,warm,200,238.72,238.71,233.07,5.65,1
546,resnet,large,warm,200,249.76,249.74,241.86,7.88,1
547,resnet,large,warm,200,153.55,153.54,147.77,5.77,1
548,resnet,small,warm,200,200.31,200.3,194.72,5.58,1
549,resnet,medium,warm,200,325.54,325.52,319.77,5.76,1
550,mobilenet,large,warm,200,58.1,58.08,44.99,13.09,1
551,mobilenet,large,warm,200,89.87,89.86,80.48,9.38,1
552,resnet,medium,warm,200,202.44,202.43,196.91,5.52,1
553,mobilenet,large,warm,200,77.56,77.55,70.03,7.52,1
554,resnet,small,warm,200,188.06,188.05,181.87,6.18,1
555,mobilenet,large,warm,200,71.7,71.69,57.67,14.03,1
556,resnet,large,warm,200,163.34,163.33,157.79,5.54,1
557,mobilenet,large,warm,200,68.53,68.53,59.29,9.23,1
558,mobilenet,large,warm,200,25.91,25.9,20.29,5.61,1
559,mobilenet,medium,warm,200,36.99,36.98,26.34,10.64,1
560,resnet,small,warm,200,149.02,149.01,143.04,5.97,1
561,resnet,large,warm,200,226.21,226.2,218.43,7.76,1
562,mobilenet,small,warm,200,43.99,43.97,37.21,6.77,1
563,resnet,medium,warm,200,139.83,139.81,133.64,6.17,1
564,resnet,small,warm,200,140.04,140.03,134.42,5.61,1
565,mobilenet,small,warm,200,79.75,79.74,67.67,12.07,1
566,resnet,large,warm,200,166.29,166.28,161.1,5.18,1
567,resnet,small,warm,200,179.07,179.06,173.96,5.1,1
568,resnet,medium,warm,200,210.7,210.69,205.29,5.4,1
569,resnet,large,warm,200,324.83,324.81,317.99,6.82,1
570,resnet,small,warm,200,153.86,153.85,148.44,5.41,1
571,resnet,small,warm,200,171.9,171.89,166.43,5.46,1
572,mobilenet,small,warm,200,92.13,92.12,80.3,11.83,1
573,resnet,large,warm,200,223.9,223.89,218.8,5.09,1
574,resnet,small,warm,200,138.63,138.63,133.72,4.91,1
575,resnet,small,warm,200,178.41,178.41,172.81,5.6,1
576,resnet,large,warm,200,174.11,174.11,168.38,5.72,1
577,mobilenet,medium,warm,200,67.13,67.12,61.92,5.2,1
578,resnet,large,warm,200,218.3,218.29,213.02,5.27,1
579,resnet,large,warm,200,239.54,239.54,229.67,9.87,1
580,resnet,large,warm,200,169.33,169.31,163.18,6.13,1
581,resnet,small,warm,200,160.19,160.18,153.69,6.49,1
582,mobilenet,medium,warm,200,94.8,94.78,84.47,10.32,1
583,mobilenet,large,warm,200,78.29,78.27,69.97,8.3,1
584,resnet,large,warm,200,151.59,151.57,145.15,6.42,1
585,mobilenet,large,warm,200,96.08,96.06,86.35,9.71,1
586,mobilenet,large,warm,200,77.11,77.1,71.4,5.69,1
587,resnet,large,warm,200,139.41,139.4,133.43,5.97,1
588,resnet,large,warm,200,351.75,351.74,346.09,5.64,1
589,resnet,small,warm,200,138.04,138.04,132.71,5.33,1
590,mobilenet,small,warm,200,89.87,89.86,84.09,5.77,1
591,mobilenet,medium,warm,200,81.87,81.85,73.03,8.82,1
592,resnet,small,warm,200,139.66,139.65,133.51,6.14,1
593,mobilenet,small,warm,200,84.64,84.58,77.58,7.0,1
594,mobilenet,medium,warm,200,79.35,79.33,72.18,7.15,1
595,resnet,medium,warm,200,153.0,152.98,146.35,6.63,1
596,resnet,large,warm,200,152.95,152.94,147.1,5.84,1
597,mobilenet,medium,warm,200,90.36,90.35,81.02,9.33,1
598,mobilenet,medium,warm,200,82.56,82.55,74.84,7.71,1
599,resnet,medium,warm,200,191.89,191.89,186.96,4.93,1
600,mobilenet,large,warm,200,73.18,73.18,66.9,6.28,1
601,resnet,small,warm,200,310.35,310.34,305.17,5.17,1
602,resnet,medium,warm,200,141.06,141.05,135.8,5.25,1
603,mobilenet,medium,warm,200,81.81,81.8,73.39,8.41,1
604,mobilenet,large,warm,200,30.42,30.41,25.39,5.02,1
605,resnet,large,warm,200,160.82,160.81,155.01,5.79,1
606,resnet,small,warm,200,249.65,249.63,242.71,6.92,1
607,resnet,medium,warm,200,244.87,244.86,236.69,8.16,1
608,mobilenet,small,warm,200,37.08,37.07,31.22,5.85,1
609,resnet,small,warm,200,137.24,137.23,131.75,5.48,1
610,mobilenet,large,warm,200,49.76,49.75,37.13,12.62,1
611,mobilenet,small,warm,200,23.21,23.2,18.03,5.17,1
612,resnet,small,warm,200,143.11,143.11,137.89,5.22,1
613,mobilenet,large,warm,200,90.21,90.21,83.39,6.82,1
614,mobilenet,small,warm,200,70.48,70.46,61.27,9.19,1
615,mobilenet,large,warm,200,74.34,74.33,65.68,8.65,1
616,mobilenet,small,warm,200,75.3,75.28,69.35,5.93,1
617,resnet,small,warm,200,174.89,174.87,167.97,6.9,1
618,mobilenet,medium,warm,200,39.19,39.18,32.66,6.51,1
619,mobilenet,small,warm,200,74.03,74.01,65.2,8.81,1
620,resnet,small,warm,200,196.8,196.79,191.38,5.41,1
621,mobilenet,large,warm,200,89.19,89.18,80.78,8.4,1
622,mobilenet,small,warm,200,91.6,91.6,84.43,7.17,1
623,mobilenet,medium,warm,200,59.47,59.46,54.61,4.85,1
624,mobilenet,large,warm,200,51.55,51.55,45.34,6.21,1
625,resnet,small,warm,200,176.7,176.69,170.76,5.94,1
626,mobilenet,medium,warm,200,61.0,60.98,54.65,6.32,1
627,mobilenet,small,warm,200,94.51,94.5,75.57,18.93,1
628,resnet,large,warm,200,145.56,145.54,139.46,6.08,1
629,mobilenet,large,warm,200,57.8,57.78,50.88,6.9,1
630,mobilenet,medium,warm,200,64.59,64.57,56.63,7.94,1
631,resnet,medium,warm,200,158.23,158.21,151.42,6.79,1
632,mobilenet,medium,warm,200,71.31,71.3,65.28,6.02,1
633,mobilenet,large,warm,200,57.48,57.48,50.54,6.94,1
634,mobilenet,large,warm,200,54.12,54.11,46.64,7.47,1
635,resnet,medium,warm,200,142.44,142.44,136.95,5.48,1
636,mobilenet,small,warm,200,73.25,73.25,64.09,9.15,1
637,resnet,medium,warm,200,231.5,231.49,224.89,6.6,1
638,resnet,large,warm,200,143.92,143.92,138.49,5.42,1
639,mobilenet,medium,warm,200,81.04,81.04,73.41,7.63,1
640,resnet,small,warm,200,143.21,143.2,136.94,6.26,1
641,mobilenet,medium,warm,200,38.23,38.21,31.14,7.08,1
642,mobilenet,small,warm,200,36.9,36.89,29.88,7.01,1
643,mobilenet,medium,warm,200,25.69,25.69,20.02,5.67,1
644,resnet,medium,warm,200,167.9,167.89,161.79,6.1,1
645,resnet,medium,warm,200,257.06,257.05,251.57,5.49,1
646,resnet,small,warm,200,200.63,200.63,194.94,5.68,1
647,mobilenet,large,warm,200,34.04,34.03,28.25,5.78,1
648,mobilenet,medium,warm,200,35.7,35.68,28.73,6.95,1
649,resnet,small,warm,200,174.53,174.51,165.58,8.93,1
650,resnet,medium,warm,200,159.06,159.06,153.47,5.59,1
651,resnet,medium,warm,200,234.76,234.75,228.45,6.3,1
652,resnet,large,warm,200,234.01,234.0,225.8,8.2,1
653,mobilenet,medium,warm,200,42.3,42.29,33.92,8.37,1
654,resnet,medium,warm,200,290.34,290.34,282.56,7.78,1
655,resnet,medium,warm,200,165.94,165.93,159.25,6.69,1
656,mobilenet,large,warm,200,36.36,36.35,27.97,8.38,1
657,resnet,small,warm,200,248.08,248.08,242.18,5.9,1
658,mobilenet,small,warm,200,64.33,64.33,50.5,13.83,1
659,mobilenet,medium,warm,200,54.89,54.88,47.21,7.68,1
660,mobilenet,large,warm,200,77.64,77.62,71.19,6.43,1
661,resnet,small,warm,200,187.9,187.89,181.54,6.34,1
662,mobilenet,large,warm,200,62.21,62.19,47.25,14.94,1
663,resnet,large,warm,200,258.28,258.27,252.27,6.0,1
664,mobilenet,medium,warm,200,68.77,68.74,58.99,9.75,1
665,resnet,large,warm,200,146.5,146.48,139.93,6.55,1
666,resnet,large,warm,200,171.53,171.53,165.86,5.66,1
667,mobilenet,medium,warm,200,65.05,65.04,57.55,7.49,1
668,resnet,medium,warm,200,140.05,140.04,135.01,5.03,1
669,mobilenet,large,warm,200,93.37,93.37,84.62,8.75,1
670,mobilenet,small,warm,200,46.86,46.85,41.56,5.29,1
671,resnet,small,warm,200,155.03,155.02,149.25,5.77,1
672,mobilenet,medium,warm,200,38.79,38.77,32.06,6.71,1
673,resnet,small,warm,200,396.46,396.44,389.67,6.77,1
674,resnet,large,warm,200,144.16,144.14,138.03,6.11,1
675,mobilenet,medium,warm,200,77.85,77.84,69.23,8.6,1
676,mobilenet,large,warm,200,69.54,69.53,59.79,9.74,1
677,resnet,small,warm,200,153.43,153.42,148.45,4.97,1
678,mobilenet,medium,warm,200,86.03,86.02,72.88,13.14,1
679,resnet,medium,warm,200,186.34,186.33,180.76,5.57,1
680,resnet,small,warm,200,160.43,160.42,155.17,5.25,1
681,mobilenet,small,warm,200,89.1,89.09,73.91,15.19,1
682,resnet,small,warm,200,233.54,233.53,227.48,6.05,1
683,mobilenet,large,warm,200,62.23,62.22,48.42,13.8,1
684,mobilenet,small,warm,200,89.06,89.04,79.75,9.29,1
685,mobilenet,medium,warm,200,54.03,54.01,47.65,6.36,1
686,resnet,medium,warm,200,148.86,148.85,142.81,6.04,1
687,resnet,small,warm,200,229.53,229.51,221.73,7.78,1
688,resnet,medium,warm,200,182.46,182.45,173.22,9.23,1
689,resnet,large,warm,200,179.75,179.74,174.16,5.58,1
690,mobilenet,small,warm,200,80.8,80.8,73.29,7.5,1
691,mobilenet,small,warm,200,92.48,92.47,85.81,6.66,1
692,mobilenet,large,warm,200,55.29,55.29,48.34,6.94,1
693,mobilenet,medium,warm,200,66.45,66.43,60.18,6.25,1
694,resnet,large,warm,200,229.99,229.98,223.79,6.18,1
695,resnet,medium,warm,200,141.39,141.37,135.77,5.59,1
696,resnet,medium,warm,200,253.54,253.53,247.75,5.78,1
697,resnet,small,warm,200,160.75,160.74,154.89,5.85,1
698,mobilenet,medium,warm,200,81.52,81.5,72.17,9.33,1
699,resnet,small,warm,200,258.18,258.17,250.11,8.06,1
700,resnet,large,warm,200,159.79,159.78,145.45,14.32,1
701,resnet,large,warm,200,146.53,146.53,141.53,5.0,1
702,resnet,small,warm,200,200.96,200.96,194.01,6.94,1
703,mobilenet,medium,warm,200,57.87,57.86,45.15,12.71,1
704,mobilenet,small,warm,200,25.04,25.04,19.45,5.58,1
705,mobilenet,medium,warm,200,58.18,58.17,51.6,6.57,1
706,mobilenet,small,warm,200,68.32,68.31,61.57,6.74,1
707,resnet,medium,warm,200,151.26,151.24,144.86,6.38,1
708,resnet,small,warm,200,174.26,174.24,160.4,13.84,1
709,mobilenet,medium,warm,200,77.33,77.32,65.14,12.18,1
710,resnet,small,warm,200,139.86,139.84,133.54,6.3,1
711,mobilenet,medium,warm,200,89.97,89.96,81.96,8.0,1
712,mobilenet,large,warm,200,85.24,85.24,77.31,7.92,1
713,resnet,small,warm,200,136.74,136.73,131.92,4.81,1
714,resnet,large,warm,200,142.91,142.91,137.24,5.67,1
715,mobilenet,medium,warm,200,97.63,97.63,78.73,18.9,1
716,mobilenet,medium,warm,200,82.83,82.81,74.02,8.79,1
717,mobilenet,medium,warm,200,68.91,68.9,58.82,10.09,1
718,resnet,large,warm,200,232.56,232.54,224.36,8.18,1
719,resnet,large,warm,200,306.2,306.2,299.23,6.96,1
720,resnet,medium,warm,200,172.0,171.98,166.25,5.73,1
721,mobilenet,medium,warm,200,38.2,38.18,27.24,10.94,1
722,mobilenet,medium,warm,200,22.9,22.89,18.19,4.7,1
723,mobilenet,large,warm,200,27.75,27.74,22.61,5.13,1
724,resnet,large,warm,200,178.84,178.83,173.11,5.72,1
725,resnet,small,warm,200,247.64,247.64,241.54,6.09,1
726,resnet,small,warm,200,135.37,135.37,128.19,7.18,1
727,mobilenet,medium,warm,200,37.1,37.09,30.27,6.82,1
728,resnet,large,warm,200,256.46,256.45,249.16,7.29,1
729,mobilenet,medium,warm,200,28.74,28.72,22.38,6.35,1
730,resnet,large,warm,200,188.05,188.04,181.65,6.38,1
731,resnet,small,warm,200,296.63,296.61,289.87,6.74,1
732,resnet,small,warm,200,152.2,152.19,146.36,5.82,1
733,mobilenet,large,warm,200,92.93,92.92,81.0,11.92,1
734,mobilenet,large,warm,200,30.47,30.46,24.74,5.72,1
735,mobilenet,medium,warm,200,44.46,44.45,35.93,8.52,1
736,resnet,large,warm,200,280.5,280.49,274.84,5.65,1
737,mobilenet,small,warm,200,33.67,33.66,28.11,5.55,1
738,mobilenet,small,warm,200,30.49,30.49,24.65,5.84,1
739,resnet,small,warm,200,196.68,196.67,183.48,13.19,1
740,mobilenet,large,warm,200,28.07,28.06,20.79,7.27,1
741,mobilenet,large,warm,200,33.23,33.21,26.28,6.94,1
742,mobilenet,small,warm,200,62.42,62.41,52.19,10.22,1
743,resnet,medium,warm,200,299.73,299.72,292.5,7.22,1
744,resnet,large,warm,200,129.86,129.84,123.16,6.68,1
745,resnet,large,warm,200,236.43,236.42,231.33,5.09,1
746,resnet,small,warm,200,158.14,158.14,152.74,5.39,1
747,resnet,small,warm,200,203.31,203.31,198.04,5.26,1
748,resnet,medium,warm,200,262.12,262.12,256.8,5.32,1
749,resnet,medium,warm,200,138.32,138.32,132.96,5.36,1
750,mobilenet,medium,warm,200,33.38,33.36,26.33,7.03,1
751,mobilenet,medium,warm,200,37.45,37.43,28.96,8.47,1
752,resnet,medium,warm,200,142.96,142.95,136.82,6.12,1
753,mobilenet,small,warm,200,41.96,41.95,36.16,5.79,1
754,resnet,medium,warm,200,304.09,304.08,293.87,10.21,1
755,mobilenet,large,warm,200,58.93,58.92,53.04,5.88,1
756,mobilenet,large,warm,200,73.14,73.13,62.89,10.25,1
757,resnet,medium,warm,200,238.22,238.22,230.16,8.06,1
758,mobilenet,medium,warm,200,74.4,74.39,66.25,8.14,1
759,mobilenet,medium,warm,200,76.75,76.74,68.42,8.32,1
760,resnet,large,warm,200,174.23,174.22,167.25,6.97,1
761,mobilenet,small,warm,200,45.19,45.19,36.56,8.63,1
762,resnet,small,warm,200,215.55,215.53,209.07,6.47,1
763,resnet,large,warm,200,220.34,220.31,214.22,6.09,1
764,mobilenet,large,warm,200,69.8,69.78,61.92,7.86,1
765,mobilenet,small,warm,200,80.09,80.08,72.64,7.44,1
766,mobilenet,large,warm,200,58.42,58.4,49.58,8.82,1
767,resnet,medium,warm,200,146.54,146.53,140.6,5.93,1
768,mobilenet,medium,warm,200,61.77,61.76,53.21,8.55,1
769,resnet,medium,warm,200,166.04,166.03,160.44,5.59,1
770,resnet,medium,warm,200,144.84,144.82,139.65,5.17,1
771,resnet,large,warm,200,226.83,226.83,216.34,10.49,1
772,mobilenet,large,warm,200,25.49,25.48,20.32,5.16,1
773,resnet,small,warm,200,145.44,145.43,138.7,6.73,1
774,resnet,small,warm,200,241.97,241.95,235.09,6.86,1
775,resnet,medium,warm,200,269.23,269.22,263.1,6.12,1
776,resnet,large,warm,200,139.8,139.79,133.23,6.55,1
777,mobilenet,medium,warm,200,92.6,92.58,85.23,7.36,1
778,mobilenet,large,warm,200,61.72,61.7,46.03,15.68,1
779,mobilenet,medium,warm,200,26.11,26.1,20.21,5.9,1
780,resnet,large,warm,200,147.6,147.59,142.6,4.99,1
781,resnet,small,warm,200,286.43,286.43,280.32,6.11,1
782,mobilenet,medium,warm,200,32.56,32.56,27.45,5.1,1
783,resnet,large,warm,200,164.0,164.0,158.55,5.45,1
784,resnet,small,warm,200,271.33,271.31,264.55,6.77,1
785,mobilenet,large,warm,200,90.84,90.83,80.75,10.08,1
786,resnet,large,warm,200,139.26,139.24,132.88,6.35,1
787,resnet,small,warm,200,196.25,196.23,189.55,6.68,1
788,resnet,medium,warm,200,189.98,189.96,182.09,7.87,1
789,mobilenet,small,warm,200,80.09,80.07,73.68,6.39,1
790,resnet,medium,warm,200,180.28,180.27,174.83,5.44,1
791,mobilenet,small,warm,200,78.6,78.6,68.34,10.26,1
792,mobilenet,small,warm,200,65.29,65.28,54.49,10.79,1
793,mobilenet,medium,warm,200,100.57,100.57,89.66,10.91,1
794,mobilenet,large,warm,200,49.96,49.95,43.61,6.34,1
795,mobilenet,large,warm,200,27.8,27.79,18.02,9.77,1
796,resnet,large,warm,200,166.39,166.38,155.56,10.82,1
797,mobilenet,large,warm,200,65.5,65.48,55.26,10.22,1
798,resnet,small,warm,200,164.51,164.49,157.84,6.65,1
799,mobilenet,small,warm,200,70.26,70.22,63.62,6.6,1
800,mobilenet,large,warm,200,68.43,68.42,57.36,11.06,1
801,resnet,small,warm,200,162.56,162.55,156.39,6.16,1
802,resnet,medium,warm,200,145.8,145.78,139.62,6.16,1
803,mobilenet,medium,warm,200,74.3,74.28,64.09,10.18,1
804,resnet,large,warm,200,158.41,158.39,151.85,6.54,1
805,resnet,small,warm,200,146.61,146.59,140.74,5.85,1
806,mobilenet,medium,warm,200,69.53,69.51,50.61,18.9,1
807,resnet,small,warm,200,160.1,160.08,153.6,6.49,1
808,resnet,large,warm,200,157.47,157.46,151.99,5.47,1
809,resnet,medium,warm,200,279.45,279.44,272.99,6.45,1
810,resnet,medium,warm,200,209.36,209.35,203.45,5.9,1
811,resnet,small,warm,200,150.25,150.24,144.23,6.02,1
812,mobilenet,large,warm,200,77.83,77.82,71.68,6.14,1
813,mobilenet,medium,warm,200,24.75,24.73,18.15,6.58,1
814,mobilenet,large,warm,200,56.9,56.88,46.54,10.34,1
815,resnet,medium,warm,200,249.2,249.19,200.23,48.96,1
816,mobilenet,large,warm,200,66.31,66.29,59.74,6.56,1
817,mobilenet,medium,warm,200,45.24,45.22,38.8,6.42,1
818,mobilenet,small,warm,200,43.18,43.16,35.85,7.31,1
819,resnet,medium,warm,200,236.16,236.15,230.93,5.23,1
820,mobilenet,medium,warm,200,40.73,40.73,31.98,8.75,1
821,mobilenet,small,warm,200,34.14,34.14,27.71,6.43,1
822,resnet,medium,warm,200,161.71,161.7,156.35,5.35,1
823,mobilenet,medium,warm,200,40.22,40.21,32.39,7.83,1
824,mobilenet,medium,warm,200,41.19,41.18,31.77,9.41,1
825,resnet,small,warm,200,233.21,233.19,226.67,6.52,1
826,resnet,small,warm,200,144.18,144.16,138.22,5.94,1
827,resnet,small,warm,200,160.32,160.3,153.46,6.84,1
828,mobilenet,medium,warm,200,68.62,68.61,57.94,10.67,1
829,mobilenet,large,warm,200,51.93,51.91,45.11,6.79,1
830,resnet,small,warm,200,162.96,162.95,157.67,5.28,1
831,mobilenet,small,warm,200,58.42,58.42,52.33,6.09,1
832,resnet,medium,warm,200,135.77,135.77,130.19,5.57,1
833,mobilenet,large,warm,200,82.6,82.6,76.67,5.93,1
834,resnet,medium,warm,200,279.24,279.23,270.46,8.77,1
835,mobilenet,small,warm,200,57.96,57.96,48.35,9.61,1
836,mobilenet,medium,warm,200,64.97,64.95,49.66,15.28,1
837,mobilenet,small,warm,200,46.75,46.73,36.79,9.94,1
838,resnet,small,warm,200,156.11,156.1,149.55,6.55,1
839,resnet,small,warm,200,127.56,127.54,120.81,6.73,1
840,resnet,small,warm,200,229.83,229.82,224.42,5.4,1
841,mobilenet,small,warm,200,36.96,36.94,28.62,8.33,1
842,resnet,large,warm,200,261.22,261.21,255.63,5.59,1
843,resnet,small,warm,200,153.32,153.31,148.29,5.02,1
844,mobilenet,medium,warm,200,34.88,34.87,28.13,6.74,1
845,mobilenet,large,warm,200,33.18,33.17,27.21,5.96,1
846,mobilenet,large,warm,200,32.09,32.09,26.34,5.74,1
847,mobilenet,medium,warm,200,39.36,39.34,32.05,7.3,1
848,resnet,small,warm,200,246.56,246.54,232.32,14.22,1
849,resnet,small,warm,200,367.14,367.12,358.52,8.6,1
850,resnet,small,warm,200,168.64,168.63,162.78,5.85,1
851,mobilenet,large,warm,200,95.77,95.76,87.31,8.45,1
852,resnet,small,warm,200,271.65,271.63,257.3,14.33,1
853,mobilenet,medium,warm,200,84.62,84.61,76.4,8.21,1
854,resnet,small,warm,200,166.58,166.58,161.6,4.97,1
855,resnet,medium,warm,200,208.44,208.43,202.97,5.46,1
856,resnet,large,warm,200,271.66,271.65,261.92,9.73,1
857,mobilenet,medium,warm,200,75.35,75.35,68.08,7.27,1
858,mobilenet,medium,warm,200,101.59,101.58,91.56,10.02,1
859,mobilenet,large,warm,200,58.22,58.21,52.68,5.53,1
860,mobilenet,large,warm,200,59.81,59.8,54.2,5.6,1
861,resnet,small,warm,200,247.45,247.44,241.89,5.55,1
862,mobilenet,medium,warm,200,52.4,52.39,46.98,5.41,1
863,resnet,large,warm,200,173.04,173.03,167.04,6.0,1
864,mobilenet,large,warm,200,81.45,81.44,68.88,12.56,1
865,resnet,large,warm,200,145.66,145.65,140.28,5.37,1
866,resnet,large,warm,200,158.08,158.07,152.75,5.32,1
867,mobilenet,small,warm,200,81.11,81.1,73.02,8.08,1
868,mobilenet,large,warm,200,75.1,75.09,69.54,5.55,1
869,resnet,small,warm,200,142.23,142.23,136.31,5.92,1
870,resnet,small,warm,200,215.25,215.23,209.3,5.93,1
871,mobilenet,small,warm,200,59.53,59.52,53.37,6.15,1
872,mobilenet,medium,warm,200,62.46,62.43,55.43,7.0,1
873,resnet,large,warm,200,254.81,254.8,248.25,6.55,1
874,resnet,large,warm,200,151.22,151.21,142.99,8.22,1
875,resnet,medium,warm,200,138.81,138.79,132.76,6.03,1
876,mobilenet,large,warm,200,88.56,88.55,81.09,7.46,1
877,mobilenet,medium,warm,200,84.43,84.42,77.26,7.17,1
878,resnet,small,warm,200,145.38,145.37,140.07,5.31,1
879,resnet,medium,warm,200,221.43,221.42,215.67,5.75,1
880,mobilenet,medium,warm,200,90.34,90.34,77.03,13.31,1
881,resnet,medium,warm,200,139.13,139.11,133.15,5.96,1
882,resnet,medium,warm,200,186.15,186.13,180.46,5.67,1
883,resnet,small,warm,200,313.88,313.87,307.29,6.58,1
884,resnet,large,warm,200,163.1,163.08,156.19,6.89,1
885,resnet,medium,warm,200,150.18,150.16,143.99,6.17,1
886,resnet,small,warm,200,213.46,213.44,207.08,6.36,1
887,resnet,small,warm,200,211.51,211.51,206.16,5.34,1
888,resnet,large,warm,200,143.77,143.76,138.6,5.16,1
889,mobilenet,large,warm,200,83.49,83.48,77.53,5.95,1
890,resnet,medium,warm,200,263.73,263.73,253.1,10.63,1
891,mobilenet,small,warm,200,46.21,46.2,37.43,8.77,1
892,resnet,large,warm,200,206.52,206.51,200.4,6.11,1
893,resnet,medium,warm,200,218.74,218.73,209.78,8.95,1
894,resnet,large,warm,200,156.08,156.07,149.79,6.28,1
895,resnet,small,warm,200,165.8,165.78,159.62,6.16,1
896,resnet,medium,warm,200,245.65,245.64,239.36,6.27,1
897,resnet,small,warm,200,140.99,140.97,134.23,6.74,1
898,resnet,large,warm,200,145.76,145.76,139.56,6.2,1
899,resnet,medium,warm,200,221.01,221.01,215.31,5.7,1
900,mobilenet,small,warm,200,81.63,81.63,75.56,6.07,1
901,resnet,medium,warm,200,147.89,147.88,142.62,5.27,1
902,mobilenet,small,warm,200,78.6,78.59,70.87,7.72,1
903,mobilenet,large,warm,200,57.94,57.93,46.71,11.23,1
904,resnet,small,warm,200,149.52,149.51,144.14,5.36,1
905,mobilenet,small,warm,200,78.81,78.79,68.19,10.61,1
906,mobilenet,large,warm,200,30.54,30.52,24.54,5.98,1
907,resnet,medium,warm,200,157.06,157.04,150.48,6.56,1
908,resnet,large,warm,200,202.21,202.19,195.14,7.05,1
909,mobilenet,large,warm,200,64.38,64.37,57.69,6.68,1
910,mobilenet,large,warm,200,55.96,55.95,48.93,7.02,1
911,resnet,medium,warm,200,266.05,266.04,260.22,5.82,1
912,resnet,medium,warm,200,230.9,230.9,224.99,5.91,1
913,mobilenet,large,warm,200,53.29,53.29,43.32,9.96,1
914,mobilenet,large,warm,200,42.73,42.72,37.11,5.61,1
915,resnet,medium,warm,200,235.7,235.69,229.4,6.29,1
916,resnet,large,warm,200,192.51,192.5,185.59,6.9,1
917,resnet,small,warm,200,185.51,185.49,178.81,6.68,1
918,mobilenet,small,warm,200,77.55,77.53,66.15,11.38,1
919,mobilenet,medium,warm,200,61.04,61.02,51.33,9.7,1
920,resnet,large,warm,200,147.07,147.05,140.48,6.57,1
921,mobilenet,medium,warm,200,72.12,72.12,62.7,9.41,1
922,resnet,large,warm,200,228.12,228.11,222.73,5.37,1
923,resnet,small,warm,200,153.56,153.55,148.36,5.19,1
924,resnet,large,warm,200,222.63,222.62,217.09,5.53,1
925,resnet,small,warm,200,252.15,252.14,246.88,5.26,1
926,mobilenet,small,warm,200,30.79,30.78,24.18,6.59,1
927,mobilenet,medium,warm,200,37.73,37.72,29.18,8.54,1
928,mobilenet,large,warm,200,87.23,87.21,80.9,6.31,1
929,resnet,small,warm,200,150.39,150.37,143.47,6.9,1
930,resnet,large,warm,200,191.62,191.6,185.41,6.19,1
931,resnet,large,warm,200,248.72,248.7,240.99,7.71,1
932,mobilenet,large,warm,200,62.05,62.05,48.87,13.18,1
933,resnet,medium,warm,200,165.06,165.06,159.81,5.24,1
934,mobilenet,large,warm,200,65.16,65.15,57.16,7.99,1
935,mobilenet,medium,warm,200,65.25,65.24,51.25,14.0,1
936,mobilenet,small,warm,200,67.82,67.81,61.74,6.08,1
937,mobilenet,small,warm,200,81.57,81.56,65.11,16.45,1
938,mobilenet,medium,warm,200,54.47,54.46,49.39,5.07,1
939,mobilenet,medium,warm,200,69.37,69.35,61.68,7.67,1
940,resnet,medium,warm,200,310.38,310.37,298.23,12.13,1
941,mobilenet,large,warm,200,57.95,57.92,48.88,9.04,1
942,mobilenet,small,warm,200,68.35,68.34,56.07,12.27,1
943,resnet,medium,warm,200,155.81,155.81,150.28,5.52,1
944,resnet,large,warm,200,159.15,159.14,153.6,5.54,1
945,resnet,medium,warm,200,252.59,252.58,245.35,7.23,1
946,mobilenet,small,warm,200,60.53,60.53,55.49,5.03,1
947,resnet,large,warm,200,172.88,172.88,167.55,5.33,1
948,mobilenet,medium,warm,200,61.22,61.22,51.83,9.39,1
949,resnet,large,warm,200,171.55,171.53,165.42,6.11,1
950,resnet,small,warm,200,138.35,138.33,132.13,6.2,1
951,mobilenet,small,warm,200,60.33,60.31,54.0,6.31,1
952,resnet,large,warm,200,300.58,300.56,293.02,7.54,1
953,mobilenet,small,warm,200,79.01,78.99,69.26,9.73,1
954,mobilenet,medium,warm,200,54.35,54.33,45.7,8.63,1
955,mobilenet,small,warm,200,41.81,41.8,30.26,11.54,1
956,resnet,large,warm,200,134.5,134.49,129.39,5.1,1
957,mobilenet,medium,warm,200,37.6,37.59,29.64,7.96,1
958,resnet,small,warm,200,286.56,286.55,280.23,6.33,1
959,resnet,small,warm,200,160.19,160.18,154.79,5.39,1
960,resnet,small,warm,200,166.64,166.63,160.67,5.96,1
961,resnet,large,warm,200,267.94,267.93,260.86,7.07,1
962,mobilenet,large,warm,200,31.03,31.01,23.49,7.52,1
963,mobilenet,large,warm,200,42.27,42.26,31.09,11.17,1
964,mobilenet,small,warm,200,35.35,35.33,26.24,9.09,1
965,resnet,large,warm,200,133.47,133.45,127.21,6.24,1
966,mobilenet,small,warm,200,42.08,42.07,31.17,10.9,1
967,mobilenet,small,warm,200,28.5,28.49,21.6,6.89,1
968,resnet,large,warm,200,157.57,157.56,152.28,5.29,1
969,mobilenet,large,warm,200,88.44,88.43,80.55,7.88,1
970,resnet,large,warm,200,243.59,243.58,238.55,5.03,1
971,mobilenet,medium,warm,200,54.33,54.32,47.09,7.23,1
972,resnet,large,warm,200,235.43,235.41,229.04,6.37,1
973,resnet,medium,warm,200,246.83,246.82,240.45,6.37,1
974,mobilenet,large,warm,200,28.53,28.51,22.17,6.35,1
975,resnet,medium,warm,200,188.45,188.43,181.99,6.44,1
976,resnet,small,warm,200,317.27,317.25,311.23,6.02,1
977,mobilenet,small,warm,200,54.75,54.74,47.27,7.47,1
978,resnet,medium,warm,200,147.67,147.66,142.68,4.98,1
979,resnet,medium,warm,200,251.33,251.32,245.09,6.23,1
980,mobilenet,medium,warm,200,60.59,60.59,54.33,6.25,1
981,mobilenet,medium,warm,200,68.7,68.7,60.91,7.78,1
982,resnet,large,warm,200,260.68,260.68,255.23,5.45,1
983,resnet,medium,warm,200,202.97,202.95,196.94,6.01,1
984,mobilenet,medium,warm,200,54.39,54.38,45.48,8.9,1
985,mobilenet,medium,warm,200,67.07,67.05,60.0,7.05,1
986,mobilenet,medium,warm,200,63.84,63.82,47.47,16.34,1
987,mobilenet,medium,warm,200,58.18,58.17,46.6,11.57,1
988,resnet,small,warm,200,167.78,167.76,161.58,6.18,1
989,mobilenet,small,warm,200,68.48,68.47,58.07,10.4,1
990,mobilenet,medium,warm,200,33.19,33.17,26.65,6.53,1
991,resnet,large,warm,200,231.47,231.45,225.32,6.13,1
992,resnet,small,warm,200,248.91,248.89,239.82,9.07,1
993,mobilenet,medium,warm,200,57.36,57.34,48.93,8.41,1
994,resnet,small,warm,200,236.41,236.39,229.77,6.62,1
995,mobilenet,medium,warm,200,41.46,41.44,29.55,11.9,1
996,resnet,medium,warm,200,236.7,236.68,230.09,6.59,1
997,resnet,medium,warm,200,166.99,166.99,154.67,12.32,1
998,mobilenet,small,warm,200,73.95,73.94,62.8,11.15,1
999,resnet,large,warm,200,180.21,180.2,174.89,5.31,1
1000,resnet,small,warm,200,144.01,144.0,138.88,5.12,1
1001,mobilenet,large,warm,200,81.59,81.58,73.41,8.17,1
1002,resnet,small,warm,200,182.07,182.06,176.33,5.73,1
1003,mobilenet,medium,warm,200,94.21,94.19,85.69,8.5,1
1004,resnet,large,warm,200,291.08,291.07,285.08,5.99,1
1005,resnet,medium,warm,200,153.45,153.43,147.95,5.49,1
1006,mobilenet,small,warm,200,86.55,86.52,76.33,10.19,1
1007,resnet,small,warm,200,258.47,258.45,251.84,6.61,1
1008,resnet,large,warm,200,125.57,125.57,120.18,5.39,1
1009,resnet,medium,warm,200,172.49,172.48,166.98,5.5,1
1010,resnet,small,warm,200,131.25,131.24,126.24,5.01,1
1011,resnet,small,warm,200,150.66,150.65,145.53,5.12,1
1012,mobilenet,medium,warm,200,77.6,77.59,61.65,15.95,1
1013,resnet,small,warm,200,173.87,173.86,168.91,4.95,1
1014,resnet,large,warm,200,152.09,152.09,146.91,5.17,1
1015,resnet,large,warm,200,235.49,235.47,228.99,6.48,1
1016,resnet,large,warm,200,247.45,247.44,241.24,6.2,1
1017,mobilenet,small,warm,200,66.47,66.45,53.69,12.76,1
1018,mobilenet,medium,warm,200,50.55,50.53,43.33,7.2,1
1019,resnet,medium,warm,200,197.48,197.47,191.41,6.06,1
1020,resnet,small,warm,200,151.98,151.97,146.76,5.21,1
1021,mobilenet,large,warm,200,72.15,72.14,60.37,11.77,1
1022,resnet,large,warm,200,169.31,169.3,163.02,6.28,1
1023,mobilenet,small,warm,200,67.63,67.62,61.43,6.2,1
1024,mobilenet,small,warm,200,91.6,91.59,84.25,7.34,1
1025,resnet,medium,warm,200,182.34,182.33,174.95,7.37,1
1026,resnet,small,warm,200,144.23,144.21,137.77,6.44,1
1027,mobilenet,medium,warm,200,71.89,71.88,63.09,8.78,1
1028,resnet,small,warm,200,137.54,137.53,131.24,6.29,1
1029,resnet,large,warm,200,228.13,228.08,220.26,7.83,1
1030,resnet,large,warm,200,233.75,233.73,226.4,7.33,1
1031,resnet,large,warm,200,155.09,155.07,148.17,6.9,1
1032,resnet,large,warm,200,158.99,158.97,151.89,7.08,1
1033,resnet,medium,warm,200,196.55,196.55,190.6,5.95,1
1034,mobilenet,medium,warm,200,38.26,38.25,30.59,7.66,1
1035,resnet,large,warm,200,151.96,151.96,147.11,4.84,1
1036,mobilenet,medium,warm,200,40.89,40.88,32.01,8.87,1
1037,resnet,large,warm,200,195.73,195.73,190.15,5.58,1
1038,mobilenet,large,warm,200,32.31,32.29,26.3,5.99,1
1039,resnet,medium,warm,200,151.28,151.26,144.91,6.35,1
1040,mobilenet,large,warm,200,51.77,51.76,39.51,12.25,1
1041,mobilenet,large,warm,200,28.34,28.33,19.65,8.68,1
1042,resnet,small,warm,200,144.13,144.12,138.23,5.89,1
1043,resnet,small,warm,200,239.38,239.37,227.95,11.42,1
1044,mobilenet,small,warm,200,34.97,34.96,29.59,5.37,1
1045,mobilenet,small,warm,200,57.01,57.0,44.24,12.76,1
1046,mobilenet,medium,warm,200,66.73,66.72,57.15,9.57,1
1047,resnet,medium,warm,200,146.5,146.5,141.11,5.39,1
1048,mobilenet,medium,warm,200,94.25,94.25,79.74,14.5,1
1049,mobilenet,medium,warm,200,73.14,73.13,65.45,7.69,1
1050,resnet,large,warm,200,232.02,232.01,225.45,6.56,1
1051,mobilenet,large,warm,200,85.68,85.66,78.78,6.88,1
1052,mobilenet,large,warm,200,77.16,77.14,68.87,8.27,1
1053,mobilenet,large,warm,200,103.41,103.39,87.4,15.99,1
1054,resnet,large,warm,200,251.82,251.8,243.45,8.36,1
1055,resnet,large,warm,200,140.76,140.76,135.01,5.74,1
1056,resnet,medium,warm,200,168.29,168.28,162.2,6.08,1
1057,mobilenet,medium,warm,200,64.96,64.95,49.23,15.72,1
1058,resnet,large,warm,200,137.97,137.97,132.76,5.2,1
1059,resnet,large,warm,200,146.06,146.05,140.24,5.82,1
1060,resnet,large,warm,200,243.12,243.11,237.06,6.05,1
1061,resnet,small,warm,200,200.48,200.47,193.88,6.59,1
1062,mobilenet,medium,warm,200,56.7,56.68,49.63,7.05,1
1063,resnet,small,warm,200,182.28,182.26,176.19,6.07,1
1064,resnet,medium,warm,200,246.54,246.52,239.81,6.72,1
1065,mobilenet,large,warm,200,71.39,71.38,65.05,6.33,1
1066,resnet,medium,warm,200,254.8,254.79,248.84,5.94,1
1067,resnet,medium,warm,200,285.99,285.97,278.93,7.04,1
1068,resnet,medium,warm,200,168.11,168.09,161.52,6.57,1
1069,mobilenet,large,warm,200,67.85,67.85,57.56,10.29,1
1070,resnet,medium,warm,200,239.11,239.11,230.13,8.97,1
1071,resnet,small,warm,200,206.79,206.78,201.4,5.38,1
1072,resnet,small,warm,200,165.43,165.42,160.27,5.15,1
1073,resnet,large,warm,200,181.67,181.66,171.93,9.73,1
1074,mobilenet,medium,warm,200,77.38,77.37,63.42,13.95,1
1075,resnet,large,warm,200,137.8,137.78,131.33,6.45,1
1076,resnet,large,warm,200,141.81,141.79,131.62,10.17,1
1077,resnet,small,warm,200,276.24,276.22,270.05,6.17,1
1078,mobilenet,large,warm,200,28.13,28.12,22.5,5.62,1
1079,resnet,large,warm,200,142.3,142.29,136.7,5.59,1
1080,resnet,small,warm,200,209.35,209.33,203.56,5.78,1
1081,mobilenet,large,warm,200,91.44,91.42,84.88,6.55,1
1082,mobilenet,small,warm,200,78.14,78.13,73.03,5.1,1
1083,mobilenet,large,warm,200,83.0,82.99,70.97,12.02,1
1084,mobilenet,large,warm,200,59.71,59.71,53.9,5.81,1
1085,mobilenet,small,warm,200,48.62,48.61,43.08,5.53,1
1086,mobilenet,medium,warm,200,98.17,98.16,91.73,6.44,1
1087,resnet,large,warm,200,186.88,186.87,180.5,6.37,1
1088,resnet,small,warm,200,157.97,157.97,152.7,5.27,1
1089,mobilenet,small,warm,200,90.14,90.14,83.78,6.36,1
1090,mobilenet,medium,warm,200,73.47,73.46,68.26,5.2,1
1091,resnet,medium,warm,200,143.71,143.7,135.72,7.98,1
1092,mobilenet,medium,warm,200,80.88,80.87,66.81,14.06,1
1093,resnet,medium,warm,200,168.45,168.43,161.63,6.8,1
1094,mobilenet,small,warm,200,69.96,69.95,62.47,7.48,1
1095,mobilenet,large,warm,200,63.72,63.72,51.14,12.58,1
1096,mobilenet,small,warm,200,27.62,27.61,22.96,4.66,1
1097,resnet,small,warm,200,145.06,145.05,140.24,4.81,1
1098,mobilenet,medium,warm,200,52.28,52.27,36.56,15.7,1
1099,resnet,small,warm,200,154.55,154.54,149.2,5.34,1
1100,resnet,small,warm,200,150.17,150.16,144.95,5.21,1
1101,mobilenet,medium,warm,200,62.24,62.23,53.95,8.28,1
1102,mobilenet,medium,warm,200,50.77,50.76,45.52,5.24,1
1103,resnet,medium,warm,200,267.66,267.65,261.36,6.29,1
1104,resnet,small,warm,200,226.83,226.83,220.96,5.87,1
1105,resnet,medium,warm,200,144.93,144.92,139.9,5.02,1
1106,mobilenet,small,warm,200,86.44,86.43,76.9,9.53,1
1107,resnet,small,warm,200,159.84,159.83,149.15,10.69,1
1108,resnet,large,warm,200,174.12,174.11,168.71,5.4,1
1109,resnet,large,warm,200,277.44,277.43,269.2,8.23,1
1110,mobilenet,small,warm,200,25.38,25.36,19.99,5.37,1
1111,resnet,medium,warm,200,146.35,146.34,141.14,5.21,1
1112,mobilenet,small,warm,200,47.39,47.38,39.46,7.92,1
1113,resnet,medium,warm,200,246.15,246.14,240.33,5.81,1
1114,resnet,small,warm,200,146.16,146.16,140.82,5.33,1
1115,resnet,large,warm,200,136.34,136.33,131.1,5.23,1
1116,mobilenet,small,warm,200,92.49,92.48,79.39,13.09,1
1117,mobilenet,medium,warm,200,23.82,23.81,18.01,5.8,1
1118,resnet,small,warm,200,169.16,169.15,163.36,5.79,1
1119,mobilenet,medium,warm,200,39.27,39.26,31.74,7.52,1
1120,resnet,small,warm,200,252.06,252.04,244.34,7.7,1
1121,resnet,medium,warm,200,139.82,139.8,133.14,6.66,1
1122,resnet,medium,warm,200,169.54,169.53,163.21,6.32,1
1123,mobilenet,medium,warm,200,59.59,59.57,49.04,10.53,1
1124,resnet,large,warm,200,153.22,153.21,147.12,6.09,1
1125,mobilenet,small,warm,200,43.08,43.07,35.01,8.07,1
1126,mobilenet,medium,warm,200,36.39,36.39,25.0,11.39,1
1127,resnet,small,warm,200,172.32,172.31,165.15,7.16,1
1128,resnet,large,warm,200,158.61,158.6,153.18,5.42,1
1129,resnet,large,warm,200,216.78,216.77,211.05,5.72,1
1130,mobilenet,large,warm,200,40.87,40.85,33.52,7.34,1
1131,resnet,medium,warm,200,134.32,134.3,127.34,6.96,1
1132,mobilenet,small,warm,200,49.67,49.65,37.51,12.14,1
1133,mobilenet,medium,warm,200,35.53,35.52,29.58,5.95,1
1134,mobilenet,medium,warm,200,61.97,61.95,56.32,5.63,1
1135,resnet,medium,warm,200,152.13,152.11,144.24,7.88,1
1136,resnet,large,warm,200,232.42,232.41,226.73,5.68,1
1137,mobilenet,small,warm,200,58.38,58.37,50.08,8.29,1
1138,mobilenet,large,warm,200,62.07,62.06,56.36,5.7,1
1139,resnet,large,warm,200,325.71,325.7,319.85,5.85,1
1140,resnet,small,warm,200,155.13,155.12,149.46,5.66,1
1141,mobilenet,small,warm,200,77.74,77.72,64.84,12.89,1
1142,mobilenet,large,warm,200,53.67,53.65,43.95,9.7,1
1143,mobilenet,small,warm,200,38.12,38.1,32.11,5.99,1
1144,resnet,large,warm,200,144.41,144.4,138.24,6.16,1
1145,resnet,small,warm,200,294.32,294.31,284.8,9.51,1
1146,mobilenet,large,warm,200,26.06,26.03,19.94,6.1,1
1147,resnet,small,warm,200,161.79,161.78,156.68,5.1,1
1148,resnet,small,warm,200,238.98,238.98,233.38,5.6,1
1149,resnet,small,warm,200,179.68,179.67,174.4,5.27,1
1150,resnet,medium,warm,200,181.46,181.46,175.92,5.54,1
1151,mobilenet,large,warm,200,78.71,78.7,70.58,8.12,1
1152,resnet,large,warm,200,169.28,169.27,162.83,6.44,1
1153,resnet,large,warm,200,145.96,145.94,140.14,5.8,1
1154,mobilenet,medium,warm,200,85.45,85.44,76.35,9.09,1
1155,resnet,small,warm,200,179.63,179.62,174.12,5.5,1
1156,mobilenet,large,warm,200,63.28,63.27,56.83,6.45,1
1157,mobilenet,small,warm,200,82.58,82.57,68.61,13.96,1
1158,resnet,medium,warm,200,132.78,132.78,127.51,5.27,1
1159,mobilenet,large,warm,200,65.94,65.93,60.06,5.87,1
1160,mobilenet,small,warm,200,69.67,69.66,56.03,13.63,1
1161,resnet,small,warm,200,142.93,142.92,137.74,5.18,1
1162,resnet,medium,warm,200,127.9,127.89,122.29,5.6,1
1163,mobilenet,small,warm,200,69.13,69.13,58.83,10.29,1
1164,resnet,medium,warm,200,180.42,180.39,168.63,11.76,1
1165,resnet,medium,warm,200,173.4,173.38,167.8,5.58,1
1166,resnet,medium,warm,200,235.72,235.72,229.65,6.07,1
1167,mobilenet,large,warm,200,38.22,38.21,30.07,8.14,1
1168,mobilenet,large,warm,200,35.6,35.59,27.11,8.48,1
1169,resnet,small,warm,200,266.06,266.05,259.78,6.27,1
1170,mobilenet,large,warm,200,33.02,33.02,26.18,6.84,1
1171,resnet,large,warm,200,196.65,196.64,191.08,5.56,1
1172,mobilenet,large,warm,200,101.85,101.84,89.58,12.26,1
1173,mobilenet,small,warm,200,75.4,75.39,69.67,5.72,1
1174,mobilenet,medium,warm,200,85.04,85.03,79.37,5.67,1
1175,resnet,large,warm,200,344.94,344.92,338.69,6.23,1
1176,resnet,large,warm,200,156.79,156.78,150.83,5.95,1
1177,resnet,small,warm,200,157.44,157.43,152.27,5.17,1
1178,mobilenet,medium,warm,200,66.5,66.49,56.08,10.42,1
1179,resnet,small,warm,200,156.37,156.36,150.48,5.87,1
1180,resnet,small,warm,200,165.74,165.73,160.41,5.32,1
1181,mobilenet,small,warm,200,93.44,93.43,75.77,17.66,1
1182,resnet,large,warm,200,133.11,133.1,127.5,5.6,1
1183,mobilenet,small,warm,200,85.56,85.55,75.68,9.87,1
1184,mobilenet,small,warm,200,82.67,82.67,76.89,5.78,1
1185,mobilenet,large,warm,200,80.08,80.07,70.01,10.06,1
1186,mobilenet,medium,warm,200,71.91,71.89,64.4,7.49,1
1187,mobilenet,small,warm,200,26.81,26.79,20.98,5.81,1
1188,mobilenet,medium,warm,200,38.47,38.45,24.3,14.15,1
1189,resnet,small,warm,200,177.34,177.33,170.47,6.86,1
1190,mobilenet,small,warm,200,77.75,77.73,68.43,9.3,1
1191,mobilenet,large,warm,200,77.35,77.33,68.61,8.73,1
1192,resnet,small,warm,200,166.32,166.31,161.03,5.28,1
1193,resnet,large,warm,200,254.15,254.14,248.38,5.76,1
1194,resnet,small,warm,200,150.21,150.2,144.93,5.28,1
1195,resnet,small,warm,200,202.97,202.96,197.34,5.63,1
1196,mobilenet,medium,warm,200,62.44,62.44,55.55,6.89,1
1197,resnet,medium,warm,200,141.26,141.24,135.29,5.95,1
1198,mobilenet,large,warm,200,50.08,50.06,41.91,8.15,1
1199,mobilenet,large,warm,200,41.04,41.02,34.36,6.66,1
1200,resnet,large,warm,200,149.44,149.43,143.78,5.64,1
1201,resnet,small,warm,200,155.94,155.92,149.06,6.86,1
1202,resnet,large,warm,200,262.13,262.12,255.08,7.04,1
1203,resnet,large,warm,200,143.44,143.44,138.16,5.28,1
1204,resnet,large,warm,200,157.08,157.07,151.67,5.4,1
1205,resnet,medium,warm,200,290.03,290.02,283.85,6.17,1
1206,mobilenet,medium,warm,200,57.33,57.32,51.72,5.6,1
1207,resnet,small,warm,200,142.56,142.55,136.86,5.7,1
1208,resnet,small,warm,200,276.33,276.31,269.7,6.6,1
1209,mobilenet,medium,warm,200,49.45,49.42,43.12,6.3,1
1210,mobilenet,medium,warm,200,92.19,92.17,83.95,8.23,1
1211,mobilenet,large,warm,200,76.8,76.78,67.35,9.43,1
1212,resnet,medium,warm,200,149.57,149.51,140.38,9.13,1
1213,mobilenet,medium,warm,200,69.2,69.2,57.74,11.46,1
1214,mobilenet,medium,warm,200,27.63,27.61,18.83,8.78,1
1215,mobilenet,medium,warm,200,60.86,60.86,50.84,10.02,1
1216,mobilenet,medium,warm,200,55.34,55.33,47.63,7.71,1
1217,resnet,small,warm,200,234.98,234.97,229.15,5.82,1
1218,mobilenet,small,warm,200,36.32,36.32,31.32,5.0,1
1219,resnet,medium,warm,200,194.06,194.05,188.91,5.14,1
1220,mobilenet,small,warm,200,63.38,63.37,55.87,7.5,1
1221,mobilenet,large,warm,200,31.49,31.47,25.41,6.06,1
1222,mobilenet,medium,warm,200,74.53,74.51,67.64,6.87,1
1223,mobilenet,medium,warm,200,31.62,31.59,22.7,8.89,1
1224,resnet,small,warm,200,179.39,179.37,172.49,6.88,1
1225,mobilenet,small,warm,200,87.3,87.29,80.22,7.06,1
1226,mobilenet,large,warm,200,66.61,66.6,56.54,10.06,1
1227,resnet,small,warm,200,151.5,151.5,145.96,5.54,1
1228,mobilenet,medium,warm,200,78.91,78.9,73.28,5.62,1
1229,mobilenet,large,warm,200,89.43,89.42,73.27,16.15,1
1230,resnet,medium,warm,200,132.3,132.29,127.51,4.78,1
1231,resnet,medium,warm,200,172.49,172.47,166.62,5.85,1
1232,resnet,medium,warm,200,228.41,228.39,221.57,6.81,1
1233,resnet,medium,warm,200,279.03,279.02,272.08,6.93,1
1234,resnet,medium,warm,200,133.6,133.57,127.18,6.4,1
1235,mobilenet,large,warm,200,91.81,91.79,80.42,11.38,1
1236,resnet,medium,warm,200,311.49,311.47,305.14,6.33,1
1237,mobilenet,medium,warm,200,53.27,53.26,44.07,9.19,1
1238,resnet,medium,warm,200,210.04,210.03,204.28,5.74,1
1239,mobilenet,large,warm,200,26.82,26.82,19.89,6.93,1
1240,mobilenet,large,warm,200,125.35,125.34,26.87,98.47,1
1241,mobilenet,small,warm,200,46.46,46.45,39.14,7.31,1
1242,resnet,large,warm,200,243.63,243.62,237.5,6.13,1
1243,resnet,medium,warm,200,176.79,176.77,169.86,6.92,1
1244,mobilenet,small,warm,200,49.75,49.73,39.15,10.58,1
1245,resnet,small,warm,200,205.51,205.5,199.19,6.32,1
1246,resnet,large,warm,200,146.75,146.74,141.58,5.16,1
1247,mobilenet,medium,warm,200,68.15,68.15,54.75,13.39,1
1248,resnet,medium,warm,200,280.76,280.75,275.65,5.1,1
1249,resnet,large,warm,200,148.02,148.01,142.66,5.35,1
1250,resnet,medium,warm,200,237.49,237.48,231.18,6.31,1
1251,mobilenet,large,warm,200,55.86,55.85,46.69,9.17,1
1252,resnet,small,warm,200,143.04,143.03,138.03,5.0,1
1253,mobilenet,large,warm,200,64.72,64.71,54.12,10.59,1
1254,resnet,small,warm,200,285.13,285.11,278.56,6.55,1
1255,mobilenet,large,warm,200,61.51,61.5,56.25,5.25,1
1256,mobilenet,small,warm,200,38.65,38.64,32.73,5.9,1
1257,mobilenet,small,warm,200,22.92,22.92,17.89,5.03,1
1258,resnet,small,warm,200,166.43,166.42,161.44,4.98,1
1259,mobilenet,small,warm,200,77.48,77.48,64.84,12.63,1
1260,mobilenet,small,warm,200,76.16,76.15,69.92,6.24,1
1261,mobilenet,large,warm,200,69.38,69.37,61.15,8.22,1
1262,resnet,medium,warm,200,245.68,245.66,238.94,6.72,1
1263,mobilenet,large,warm,200,59.97,59.96,53.04,6.92,1
1264,resnet,large,warm,200,154.26,154.26,145.12,9.13,1
1265,resnet,small,warm,200,185.23,185.21,178.94,6.27,1
1266,mobilenet,large,warm,200,63.72,63.69,55.86,7.83,1
1267,resnet,small,warm,200,153.56,153.55,147.42,6.12,1
1268,mobilenet,large,warm,200,72.9,72.9,64.71,8.18,1
1269,resnet,large,warm,200,300.77,300.76,295.09,5.67,1
1270,resnet,small,warm,200,149.42,149.41,144.05,5.36,1
1271,resnet,small,warm,200,165.91,165.9,160.8,5.1,1
1272,mobilenet,small,warm,200,89.37,89.36,81.22,8.14,1
1273,mobilenet,small,warm,200,33.48,33.47,28.5,4.98,1
1274,mobilenet,large,warm,200,40.34,40.33,33.81,6.52,1
1275,resnet,medium,warm,200,237.7,237.64,227.51,10.12,1
1276,resnet,medium,warm,200,261.61,261.59,255.18,6.41,1
1277,mobilenet,medium,warm,200,38.42,38.4,31.44,6.96,1
1278,resnet,medium,warm,200,172.52,172.5,166.14,6.36,1
1279,mobilenet,large,warm,200,37.12,37.11,26.28,10.83,1
1280,mobilenet,medium,warm,200,30.09,30.08,21.98,8.1,1
1281,mobilenet,large,warm,200,43.99,43.99,38.07,5.92,1
1282,mobilenet,small,warm,200,24.13,24.13,18.75,5.38,1
1283,resnet,medium,warm,200,148.66,148.65,142.14,6.51,1
1284,resnet,large,warm,200,167.06,167.05,161.37,5.68,1
1285,resnet,small,warm,200,206.21,206.18,199.98,6.2,1
1286,mobilenet,large,warm,200,81.12,81.11,67.62,13.49,1
1287,mobilenet,small,warm,200,64.13,64.12,57.9,6.22,1
1288,resnet,medium,warm,200,290.01,289.99,283.94,6.06,1
1289,resnet,large,warm,200,163.69,163.68,156.82,6.86,1
1290,mobilenet,large,warm,200,49.64,49.58,40.97,8.61,1
1291,mobilenet,small,warm,200,56.09,56.08,41.63,14.45,1
1292,mobilenet,large,warm,200,42.01,42.01,33.8,8.21,1
1293,resnet,medium,warm,200,146.73,146.72,141.23,5.49,1
1294,mobilenet,small,warm,200,65.03,65.02,58.38,6.64,1
1295,resnet,large,warm,200,147.76,147.76,142.55,5.21,1
1296,mobilenet,small,warm,200,36.81,36.8,31.65,5.15,1
1297,resnet,small,warm,200,287.72,287.7,277.85,9.85,1
1298,mobilenet,large,warm,200,24.84,24.83,18.13,6.69,1
1299,mobilenet,large,warm,200,39.36,39.35,32.43,6.91,1
1300,resnet,small,warm,200,264.16,264.14,257.92,6.22,1
1301,resnet,small,warm,200,146.06,146.04,139.12,6.92,1
1302,mobilenet,large,warm,200,31.89,31.87,24.23,7.64,1
1303,resnet,large,warm,200,267.38,267.37,259.56,7.81,1
1304,resnet,medium,warm,200,163.38,163.37,157.27,6.1,1
1305,mobilenet,large,warm,200,97.94,97.93,88.28,9.65,1
1306,mobilenet,large,warm,200,30.45,30.45,25.26,5.19,1
1307,resnet,small,warm,200,147.59,147.58,137.43,10.15,1
1308,mobilenet,medium,warm,200,42.65,42.64,36.6,6.04,1
1309,mobilenet,small,warm,200,24.82,24.8,18.12,6.68,1
1310,resnet,large,warm,200,165.8,165.78,158.04,7.74,1
1311,resnet,medium,warm,200,151.02,151.0,144.74,6.27,1
1312,mobilenet,large,warm,200,84.37,84.35,77.9,6.45,1
1313,resnet,medium,warm,200,208.7,208.69,202.61,6.07,1
1314,resnet,small,warm,200,158.22,158.2,151.91,6.29,1
1315,resnet,large,warm,200,188.73,188.71,178.47,10.24,1
1316,resnet,medium,warm,200,246.82,246.81,240.72,6.1,1
1317,mobilenet,large,warm,200,28.35,28.34,23.09,5.25,1
1318,resnet,small,warm,200,170.39,170.39,164.55,5.84,1
1319,resnet,small,warm,200,261.03,261.02,254.92,6.1,1
1320,mobilenet,small,warm,200,77.11,77.11,69.74,7.36,1
1321,resnet,small,warm,200,157.84,157.83,152.73,5.1,1
1322,resnet,large,warm,200,264.77,264.76,256.95,7.81,1
1323,mobilenet,large,warm,200,44.3,44.3,39.4,4.89,1
1324,resnet,medium,warm,200,160.16,160.14,154.28,5.86,1
1325,resnet,small,warm,200,242.46,242.44,235.74,6.71,1
1326,mobilenet,small,warm,200,32.73,32.72,26.88,5.84,1
1327,resnet,medium,warm,200,156.88,156.86,150.74,6.12,1
1328,resnet,medium,warm,200,248.69,248.67,242.31,6.36,1
1329,mobilenet,small,warm,200,64.68,64.66,51.59,13.06,1
1330,mobilenet,small,warm,200,77.75,77.74,64.15,13.59,1
1331,resnet,medium,warm,200,189.91,189.9,184.34,5.57,1
1332,resnet,small,warm,200,172.42,172.42,161.35,11.06,1
1333,mobilenet,small,warm,200,56.06,56.06,50.27,5.79,1
1334,resnet,large,warm,200,261.52,261.51,252.25,9.26,1
1335,mobilenet,large,warm,200,63.21,63.21,57.34,5.86,1
1336,resnet,medium,warm,200,161.82,161.8,155.48,6.32,1
1337,mobilenet,medium,warm,200,41.46,41.44,34.16,7.28,1
1338,resnet,medium,warm,200,155.05,155.03,148.33,6.7,1
1339,mobilenet,large,warm,200,40.77,40.75,31.22,9.53,1
1340,mobilenet,large,warm,200,45.45,45.44,36.39,9.04,1
1341,mobilenet,large,warm,200,24.74,24.72,18.66,6.06,1
1342,resnet,small,warm,200,157.31,157.31,152.34,4.96,1
1343,mobilenet,medium,warm,200,40.76,40.76,34.89,5.86,1
1344,resnet,medium,warm,200,163.36,163.35,157.91,5.44,1
1345,resnet,small,warm,200,175.68,175.67,170.97,4.7,1
1346,mobilenet,small,warm,200,89.1,89.09,79.78,9.31,1
1347,resnet,medium,warm,200,157.15,157.13,150.49,6.64,1
1348,resnet,medium,warm,200,172.25,172.23,166.01,6.21,1
1349,resnet,small,warm,200,212.25,212.23,205.56,6.67,1
1350,resnet,medium,warm,200,200.06,200.04,193.26,6.78,1
1351,mobilenet,large,warm,200,66.11,66.09,55.3,10.8,1
1352,resnet,large,warm,200,194.65,194.63,187.35,7.29,1
1353,mobilenet,medium,warm,200,70.12,70.11,57.43,12.68,1
1354,mobilenet,small,warm,200,35.21,35.19,28.96,6.22,1
1355,resnet,small,warm,200,147.75,147.74,142.54,5.2,1
1356,resnet,medium,warm,200,284.38,284.38,278.22,6.16,1
1357,resnet,medium,warm,200,157.08,157.08,150.38,6.69,1
1358,resnet,medium,warm,200,142.5,142.49,137.0,5.49,1
1359,resnet,large,warm,200,206.27,206.27,200.58,5.69,1
1360,mobilenet,medium,warm,200,62.34,62.34,54.0,8.34,1
1361,resnet,large,warm,200,139.02,139.0,132.21,6.79,1
1362,mobilenet,medium,warm,200,73.24,73.22,61.26,11.96,1
1363,resnet,small,warm,200,240.52,240.5,234.33,6.18,1
1364,resnet,medium,warm,200,142.94,142.92,136.73,6.19,1
1365,resnet,large,warm,200,186.26,186.24,179.66,6.57,1
1366,resnet,large,warm,200,264.51,264.49,257.82,6.67,1
1367,mobilenet,medium,warm,200,71.26,71.25,64.47,6.78,1
1368,resnet,medium,warm,200,263.55,263.55,257.23,6.32,1
1369,resnet,medium,warm,200,232.86,232.85,227.92,4.93,1
1370,mobilenet,large,warm,200,52.73,52.72,47.16,5.56,1
1371,mobilenet,large,warm,200,67.97,67.96,61.09,6.87,1
1372,mobilenet,large,warm,200,65.78,65.76,54.41,11.35,1
1373,mobilenet,large,warm,200,42.12,42.11,36.35,5.75,1
1374,resnet,large,warm,200,163.15,163.14,156.47,6.66,1
1375,mobilenet,medium,warm,200,28.73,28.71,22.48,6.23,1
1376,resnet,large,warm,200,159.23,159.21,151.01,8.2,1
1377,mobilenet,medium,warm,200,39.92,39.9,32.69,7.21,1
1378,resnet,small,warm,200,268.82,268.81,263.16,5.65,1
1379,resnet,small,warm,200,131.58,131.57,126.14,5.43,1
1380,resnet,large,warm,200,128.28,128.27,123.23,5.04,1
1381,mobilenet,large,warm,200,38.34,38.34,31.1,7.23,1
1382,resnet,medium,warm,200,131.65,131.65,126.61,5.04,1
1383,mobilenet,medium,warm,200,65.92,65.92,55.36,10.55,1
1384,resnet,large,warm,200,231.76,231.74,225.0,6.74,1
1385,resnet,large,warm,200,136.32,136.3,130.24,6.07,1
1386,resnet,large,warm,200,149.02,149.0,142.87,6.12,1
1387,mobilenet,medium,warm,200,62.66,62.66,55.66,6.99,1
1388,mobilenet,small,warm,200,47.67,47.65,41.67,5.98,1
1389,mobilenet,large,warm,200,40.18,40.16,32.34,7.81,1
1390,resnet,small,warm,200,267.99,267.98,258.8,9.18,1
1391,mobilenet,large,warm,200,34.42,34.41,29.22,5.19,1
1392,resnet,medium,warm,200,199.83,199.83,194.23,5.59,1
1393,resnet,small,warm,200,254.47,254.46,249.64,4.82,1
1394,mobilenet,small,warm,200,52.96,52.95,47.26,5.69,1
1395,resnet,small,warm,200,212.18,212.16,200.13,12.03,1
1396,mobilenet,medium,warm,200,38.55,38.53,29.71,8.82,1
1397,resnet,medium,warm,200,157.97,157.96,151.47,6.48,1
1398,resnet,large,warm,200,232.49,232.46,225.58,6.88,1
1399,mobilenet,medium,warm,200,41.97,41.95,31.6,10.35,1
1400,mobilenet,medium,warm,200,25.7,25.68,19.4,6.28,1
1401,mobilenet,medium,warm,200,61.92,61.91,54.5,7.41,1
1402,resnet,small,warm,200,260.58,260.58,255.52,5.06,1
1403,mobilenet,large,warm,200,53.73,53.73,48.71,5.02,1
1404,mobilenet,medium,warm,200,61.61,61.6,53.92,7.68,1
1405,resnet,medium,warm,200,258.18,258.17,252.35,5.82,1
1406,resnet,small,warm,200,142.1,142.09,136.62,5.47,1
1407,resnet,medium,warm,200,153.21,153.19,146.44,6.74,1
1408,resnet,small,warm,200,284.03,284.01,275.85,8.16,1
1409,resnet,large,warm,200,149.97,149.95,144.07,5.88,1
1410,resnet,medium,warm,200,144.11,144.1,137.51,6.58,1
1411,mobilenet,medium,warm,200,74.0,73.99,64.89,9.1,1
1412,mobilenet,large,warm,200,54.73,54.71,45.71,9.0,1
1413,mobilenet,small,warm,200,63.78,63.78,58.06,5.72,1
1414,resnet,large,warm,200,286.27,286.27,277.38,8.89,1
1415,mobilenet,large,warm,200,62.07,62.07,48.45,13.62,1
1416,mobilenet,large,warm,200,81.01,81.0,72.62,8.39,1
1417,mobilenet,large,warm,200,38.45,38.44,28.88,9.56,1
1418,mobilenet,large,warm,200,26.14,26.13,18.64,7.49,1
1419,mobilenet,medium,warm,200,85.23,85.23,79.26,5.97,1
1420,resnet,medium,warm,200,328.41,328.4,321.88,6.53,1
1421,mobilenet,medium,warm,200,57.56,57.55,48.79,8.76,1
1422,mobilenet,small,warm,200,73.54,73.54,64.7,8.83,1
1423,resnet,medium,warm,200,237.83,237.83,230.09,7.73,1
1424,mobilenet,large,warm,200,57.76,57.75,48.5,9.26,1
1425,mobilenet,medium,warm,200,45.47,45.47,37.21,8.26,1
1426,resnet,medium,warm,200,226.35,226.34,220.55,5.8,1
1427,mobilenet,large,warm,200,67.95,67.94,60.95,6.99,1
1428,mobilenet,small,warm,200,73.31,73.3,64.71,8.59,1
1429,resnet,large,warm,200,150.18,150.17,143.89,6.28,1
1430,mobilenet,large,warm,200,85.1,85.09,70.29,14.8,1
1431,mobilenet,large,warm,200,87.01,87.0,79.7,7.3,1
1432,mobilenet,medium,warm,200,57.1,57.1,44.23,12.86,1
1433,resnet,small,warm,200,162.27,162.26,154.39,7.87,1
1434,resnet,small,warm,200,203.52,203.52,197.15,6.37,1
1435,resnet,large,warm,200,159.11,159.1,153.69,5.41,1
1436,resnet,large,warm,200,143.65,143.64,137.98,5.66,1
1437,resnet,large,warm,200,225.99,225.98,220.01,5.96,1
1438,resnet,large,warm,200,143.96,143.94,136.95,6.99,1
1439,resnet,large,warm,200,165.12,165.11,158.68,6.43,1
1440,mobilenet,medium,warm,200,44.67,44.65,35.93,8.72,1
1441,resnet,medium,warm,200,162.58,162.58,155.41,7.17,1
1442,mobilenet,large,warm,200,83.03,83.01,67.54,15.47,1
1443,resnet,large,warm,200,211.11,211.1,202.34,8.76,1
1444,mobilenet,large,warm,200,54.23,54.22,48.67,5.55,1
1445,mobilenet,medium,warm,200,65.86,65.85,59.22,6.63,1
1446,mobilenet,small,warm,200,53.59,53.59,44.28,9.31,1
1447,resnet,small,warm,200,158.07,158.06,152.74,5.33,1
1448,mobilenet,medium,warm,200,67.02,67.01,59.68,7.33,1
1449,mobilenet,large,warm,200,47.85,47.84,41.4,6.44,1
1450,resnet,medium,warm,200,154.63,154.63,148.79,5.83,1
1451,mobilenet,large,warm,200,74.25,74.24,67.0,7.24,1
1452,resnet,medium,warm,200,157.16,157.15,151.75,5.4,1
1453,mobilenet,medium,warm,200,35.58,35.57,26.55,9.02,1
1454,mobilenet,large,warm,200,29.76,29.76,24.87,4.89,1
1455,mobilenet,medium,warm,200,43.86,43.85,37.06,6.8,1
1456,resnet,small,warm,200,230.4,230.4,224.61,5.78,1
1457,mobilenet,medium,warm,200,78.17,78.16,70.19,7.97,1
1458,resnet,large,warm,200,233.72,233.71,228.33,5.37,1
1459,mobilenet,medium,warm,200,65.36,65.36,54.47,10.88,1
1460,mobilenet,medium,warm,200,37.18,37.17,32.27,4.9,1
1461,mobilenet,small,warm,200,74.19,74.18,66.12,8.06,1
1462,resnet,large,warm,200,371.92,371.91,358.65,13.26,1
1463,resnet,medium,warm,200,143.83,143.82,138.8,5.03,1
1464,resnet,medium,warm,200,208.99,208.99,203.73,5.25,1
1465,resnet,medium,warm,200,285.34,285.33,274.69,10.64,1
1466,mobilenet,small,warm,200,57.96,57.96,47.1,10.86,1
1467,mobilenet,small,warm,200,76.15,76.15,70.41,5.74,1
1468,resnet,small,warm,200,215.57,215.56,209.85,5.71,1
1469,resnet,small,warm,200,195.0,194.99,190.03,4.96,1
1470,resnet,small,warm,200,150.64,150.62,144.93,5.69,1
1471,resnet,large,warm,200,212.25,212.24,206.37,5.87,1
1472,resnet,large,warm,200,215.26,215.25,209.3,5.94,1
1473,mobilenet,large,warm,200,53.73,53.72,47.79,5.93,1
1474,mobilenet,medium,warm,200,67.39,67.38,58.51,8.87,1
1475,resnet,large,warm,200,244.11,244.1,238.93,5.18,1
1476,mobilenet,large,warm,200,69.06,69.05,61.07,7.98,1
1477,resnet,large,warm,200,182.17,182.16,176.61,5.54,1
1478,mobilenet,medium,warm,200,64.17,64.16,54.99,9.17,1
1479,mobilenet,large,warm,200,74.06,74.05,65.54,8.51,1
1480,mobilenet,medium,warm,200,64.66,64.65,54.36,10.28,1
1481,mobilenet,medium,warm,200,32.92,32.91,24.0,8.91,1
1482,resnet,medium,warm,200,142.05,142.04,135.83,6.22,1
1483,mobilenet,medium,warm,200,65.4,65.39,55.1,10.28,1
1484,mobilenet,small,warm,200,67.38,67.37,56.39,10.98,1
1485,mobilenet,large,warm,200,54.8,54.79,46.69,8.1,1
1486,resnet,large,warm,200,183.21,183.2,176.76,6.44,1
1487,resnet,small,warm,200,299.4,299.39,287.94,11.45,1
1488,mobilenet,small,warm,200,24.42,24.41,19.53,4.88,1
1489,mobilenet,small,warm,200,51.86,51.85,39.75,12.09,1
1490,resnet,large,warm,200,235.62,235.6,229.54,6.06,1
1491,resnet,large,warm,200,141.55,141.55,135.33,6.22,1
1492,mobilenet,medium,warm,200,38.13,38.13,29.22,8.91,1
1493,resnet,medium,warm,200,199.22,199.22,193.81,5.41,1
1494,resnet,large,warm,200,155.72,155.71,150.22,5.49,1
1495,mobilenet,small,warm,200,41.81,41.81,35.65,6.15,1
1496,resnet,small,warm,200,190.69,190.69,185.64,5.05,1
1497,resnet,large,warm,200,163.35,163.34,157.72,5.62,1
1498,mobilenet,large,warm,200,67.79,67.78,60.06,7.72,1
1499,mobilenet,small,warm,200,32.15,32.14,26.45,5.69,1
1500,mobilenet,large,warm,200,25.74,25.73,19.96,5.77,1
1501,resnet,small,warm,200,200.44,200.42,194.03,6.39,1
1502,resnet,medium,warm,200,255.18,255.16,248.01,7.14,1
1503,mobilenet,large,warm,200,34.7,34.68,28.69,5.99,1
1504,resnet,large,warm,200,155.11,155.1,148.88,6.22,1
1505,resnet,medium,warm,200,226.07,226.06,220.82,5.25,1
1506,resnet,small,warm,200,230.34,230.33,224.36,5.97,1
1507,mobilenet,medium,warm,200,28.08,28.08,23.0,5.08,1
1508,resnet,large,warm,200,182.88,182.88,177.4,5.48,1
1509,resnet,medium,warm,200,258.15,258.14,252.31,5.83,1
1510,resnet,medium,warm,200,154.24,154.23,148.81,5.43,1
1511,mobilenet,large,warm,200,90.22,90.2,78.6,11.6,1
1512,mobilenet,large,warm,200,63.66,63.64,53.74,9.9,1
1513,resnet,large,warm,200,147.43,147.41,141.14,6.28,1
1514,resnet,small,warm,200,150.81,150.8,145.0,5.79,1
1515,resnet,small,warm,200,285.4,285.4,279.62,5.77,1
1516,resnet,small,warm,200,150.15,150.13,144.13,6.0,1
1517,resnet,medium,warm,200,145.47,145.46,140.31,5.15,1
1518,resnet,medium,warm,200,249.87,249.86,244.48,5.38,1
1519,resnet,large,warm,200,230.57,230.56,223.53,7.04,1
1520,mobilenet,large,warm,200,77.14,77.13,71.67,5.45,1
1521,resnet,medium,warm,200,194.69,194.68,185.22,9.47,1
1522,mobilenet,small,warm,200,30.19,30.18,23.91,6.27,1
1523,mobilenet,large,warm,200,32.32,32.31,26.06,6.24,1
1524,resnet,small,warm,200,190.32,190.31,184.22,6.1,1
1525,mobilenet,small,warm,200,92.31,92.29,84.73,7.56,1
1526,resnet,medium,warm,200,162.95,162.94,156.77,6.17,1
1527,mobilenet,medium,warm,200,88.19,88.17,81.31,6.87,1
1528,mobilenet,large,warm,200,55.9,55.89,50.57,5.32,1
1529,mobilenet,large,warm,200,64.52,64.51,52.01,12.5,1
1530,resnet,small,warm,200,133.26,133.25,127.78,5.47,1
1531,resnet,small,warm,200,163.53,163.52,158.35,5.17,1
1532,resnet,medium,warm,200,265.32,265.32,255.58,9.74,1
1533,mobilenet,medium,warm,200,77.97,77.96,69.73,8.23,1
1534,mobilenet,small,warm,200,97.39,97.37,88.83,8.54,1
1535,resnet,large,warm,200,229.27,229.25,222.82,6.43,1
1536,resnet,large,warm,200,130.41,130.4,125.06,5.33,1
1537,mobilenet,medium,warm,200,68.05,68.03,59.39,8.64,1
1538,mobilenet,large,warm,200,47.32,47.31,39.01,8.3,1
1539,mobilenet,small,warm,200,90.79,90.78,79.94,10.85,1
1540,mobilenet,medium,warm,200,77.05,77.05,65.91,11.13,1
1541,mobilenet,small,warm,200,58.38,58.37,52.3,6.07,1
1542,mobilenet,large,warm,200,77.94,77.94,69.72,8.22,1
1543,resnet,small,warm,200,260.4,260.4,254.26,6.13,1
1544,mobilenet,large,warm,200,59.28,59.28,53.35,5.92,1
1545,resnet,small,warm,200,158.24,158.23,152.18,6.04,1
1546,resnet,large,warm,200,217.59,217.56,211.18,6.39,1
1547,mobilenet,medium,warm,200,26.92,26.9,21.08,5.82,1
1548,mobilenet,small,warm,200,50.18,50.16,36.8,13.36,1
1549,resnet,small,warm,200,209.91,209.89,203.47,6.42,1
1550,mobilenet,small,warm,200,46.22,46.21,36.9,9.31,1
1551,resnet,medium,warm,200,162.39,162.38,154.18,8.2,1
1552,resnet,small,warm,200,153.44,153.43,148.26,5.17,1
1553,resnet,small,warm,200,287.38,287.37,275.66,11.71,1
1554,mobilenet,small,warm,200,23.15,23.14,18.16,4.98,1
1555,mobilenet,large,warm,200,43.02,43.01,35.71,7.3,1
1556,mobilenet,medium,warm,200,64.34,64.33,54.86,9.48,1
1557,resnet,large,warm,200,148.05,148.03,141.52,6.51,1
1558,mobilenet,large,warm,200,73.14,73.13,62.8,10.33,1
1559,mobilenet,medium,warm,200,73.45,73.44,55.77,17.67,1
1560,resnet,small,warm,200,153.13,153.12,147.68,5.44,1
1561,mobilenet,small,warm,200,91.93,91.92,80.32,11.61,1
1562,mobilenet,small,warm,200,67.35,67.35,59.94,7.41,1
1563,resnet,medium,warm,200,136.28,136.27,131.21,5.06,1
1564,resnet,medium,warm,200,176.45,176.45,171.4,5.05,1
1565,mobilenet,small,warm,200,78.9,78.89,71.41,7.48,1
1566,resnet,large,warm,200,132.28,132.28,127.28,4.99,1
1567,mobilenet,small,warm,200,70.14,70.12,54.33,15.79,1
1568,resnet,large,warm,200,280.56,280.55,274.41,6.15,1
1569,mobilenet,large,warm,200,60.49,60.48,53.66,6.82,1
1570,resnet,small,warm,200,133.37,133.36,127.72,5.64,1
1571,mobilenet,large,warm,200,58.61,58.6,52.12,6.48,1
1572,resnet,medium,warm,200,135.88,135.87,131.05,4.83,1
1573,mobilenet,small,warm,200,76.19,76.18,70.97,5.21,1
1574,resnet,medium,warm,200,326.72,326.71,318.04,8.67,1
1575,mobilenet,small,warm,200,76.11,76.09,70.16,5.93,1
1576,resnet,large,warm,200,198.32,198.3,192.1,6.21,1
1577,mobilenet,large,warm,200,60.37,60.36,48.34,12.02,1
1578,mobilenet,medium,warm,200,33.08,33.06,24.82,8.24,1
1579,resnet,small,warm,200,157.21,157.19,150.89,6.3,1
1580,resnet,large,warm,200,231.39,231.38,223.96,7.41,1
1581,resnet,medium,warm,200,164.67,164.66,158.78,5.87,1
1582,mobilenet,medium,warm,200,66.36,66.34,57.74,8.61,1
1583,mobilenet,small,warm,200,34.32,34.31,26.17,8.14,1
1584,mobilenet,small,warm,200,34.07,34.06,28.94,5.12,1
1585,resnet,small,warm,200,240.32,240.31,234.75,5.56,1
1586,mobilenet,small,warm,200,38.89,38.88,31.01,7.87,1
1587,resnet,large,warm,200,143.49,143.48,137.84,5.64,1
1588,resnet,large,warm,200,231.08,231.03,225.04,6.0,1
1589,resnet,medium,warm,200,218.48,218.46,212.16,6.31,1
1590,resnet,small,warm,200,134.06,134.04,127.82,6.22,1
1591,mobilenet,medium,warm,200,102.19,102.17,82.42,19.75,1
1592,mobilenet,medium,warm,200,25.95,25.93,19.4,6.53,1
1593,mobilenet,large,warm,200,30.26,30.25,24.38,5.87,1
1594,mobilenet,small,warm,200,55.28,55.27,48.79,6.47,1
1595,resnet,medium,warm,200,205.22,205.22,199.49,5.72,1
1596,mobilenet,medium,warm,200,82.95,82.95,69.06,13.89,1
1597,resnet,large,warm,200,223.98,223.97,216.41,7.56,1
1598,mobilenet,small,warm,200,60.87,60.86,52.81,8.04,1
1599,mobilenet,small,warm,200,60.75,60.74,53.34,7.41,1
1600,resnet,small,warm,200,278.78,278.77,271.68,7.09,1
1601,resnet,large,warm,200,170.09,170.08,163.88,6.19,1
1602,mobilenet,medium,warm,200,58.44,58.42,47.96,10.46,1
1603,mobilenet,small,warm,200,37.26,37.24,29.64,7.61,1
1604,mobilenet,large,warm,200,36.05,36.03,26.38,9.64,1
1605,mobilenet,large,warm,200,41.44,41.42,34.97,6.45,1
1606,mobilenet,small,warm,200,48.9,48.89,41.0,7.89,1
1607,resnet,medium,warm,200,134.33,134.33,128.69,5.64,1
1608,resnet,small,warm,200,162.4,162.39,157.04,5.35,1
1609,resnet,small,warm,200,188.93,188.92,181.54,7.38,1
1610,resnet,large,warm,200,337.71,337.7,331.85,5.85,1
1611,mobilenet,small,warm,200,28.72,28.68,22.79,5.89,1
1612,resnet,medium,warm,200,152.71,152.7,146.0,6.7,1
1613,resnet,large,warm,200,310.34,310.31,304.13,6.18,1
1614,mobilenet,medium,warm,200,28.37,28.36,22.63,5.72,1
1615,mobilenet,medium,warm,200,38.7,38.67,31.22,7.46,1
1616,resnet,large,warm,200,252.79,252.77,245.69,7.08,1
1617,resnet,small,warm,200,155.21,155.21,150.08,5.13,1
1618,resnet,large,warm,200,209.17,209.16,204.03,5.14,1
1619,mobilenet,medium,warm,200,34.21,34.2,26.49,7.71,1
1620,mobilenet,medium,warm,200,28.55,28.55,23.1,5.45,1
1621,mobilenet,large,warm,200,39.82,39.82,32.11,7.71,1
1622,mobilenet,small,warm,200,41.33,41.32,29.44,11.88,1
1623,mobilenet,small,warm,200,25.25,25.23,19.44,5.79,1
1624,mobilenet,small,warm,200,38.44,38.43,31.25,7.17,1
1625,mobilenet,medium,warm,200,32.66,32.65,25.8,6.85,1
1626,resnet,medium,warm,200,163.25,163.23,156.75,6.49,1
1627,mobilenet,small,warm,200,70.32,70.3,53.73,16.57,1
1628,mobilenet,large,warm,200,58.63,58.61,50.41,8.2,1
1629,resnet,small,warm,200,145.35,145.35,139.88,5.47,1
1630,resnet,small,warm,200,186.83,186.82,181.88,4.94,1
1631,resnet,large,warm,200,254.81,254.8,249.41,5.39,1
1632,resnet,medium,warm,200,171.24,171.23,165.55,5.68,1
1633,mobilenet,large,warm,200,73.82,73.81,67.95,5.86,1
1634,resnet,small,warm,200,308.95,308.93,302.33,6.61,1
1635,mobilenet,small,warm,200,25.28,25.26,19.2,6.06,1
1636,mobilenet,large,warm,200,49.83,49.82,41.38,8.44,1
1637,mobilenet,medium,warm,200,36.16,36.15,26.26,9.89,1
1638,mobilenet,medium,warm,200,77.06,77.06,71.82,5.24,1
1639,resnet,medium,warm,200,151.48,151.47,145.97,5.51,1
1640,resnet,small,warm,200,263.78,263.77,258.01,5.76,1
1641,resnet,small,warm,200,146.35,146.34,140.64,5.7,1
1642,resnet,small,warm,200,164.91,164.9,159.68,5.22,1
1643,resnet,large,warm,200,252.25,252.24,246.12,6.12,1
1644,resnet,large,warm,200,232.78,232.76,226.12,6.65,1
1645,mobilenet,medium,warm,200,78.01,77.99,69.1,8.89,1
1646,resnet,large,warm,200,178.55,178.54,171.8,6.74,1
1647,resnet,small,warm,200,353.45,353.43,343.58,9.85,1
1648,mobilenet,small,warm,200,57.7,57.68,49.21,8.47,1
1649,mobilenet,medium,warm,200,85.71,85.69,72.25,13.44,1
1650,mobilenet,small,warm,200,53.87,53.84,43.95,9.89,1
1651,resnet,large,warm,200,238.51,238.5,232.06,6.44,1
1652,mobilenet,medium,warm,200,54.73,54.72,46.64,8.08,1
1653,mobilenet,large,warm,200,48.89,48.88,39.95,8.92,1
1654,resnet,large,warm,200,253.6,253.59,246.06,7.53,1
1655,resnet,small,warm,200,354.36,354.34,348.4,5.95,1
1656,mobilenet,large,warm,200,45.46,45.45,39.47,5.98,1
1657,mobilenet,medium,warm,200,42.44,42.42,34.75,7.68,1
1658,resnet,small,warm,200,138.92,138.91,132.37,6.53,1
1659,mobilenet,large,warm,200,37.9,37.89,30.43,7.46,1
1660,resnet,small,warm,200,290.92,290.9,275.61,15.29,1
1661,mobilenet,small,warm,200,79.52,79.51,74.25,5.27,1
1662,resnet,large,warm,200,171.74,171.73,166.54,5.19,1
1663,resnet,medium,warm,200,264.45,264.45,256.63,7.82,1
1664,mobilenet,large,warm,200,77.89,77.88,70.56,7.32,1
1665,mobilenet,large,warm,200,88.01,88.0,82.95,5.05,1
1666,mobilenet,large,warm,200,56.98,56.96,47.84,9.12,1
1667,resnet,small,warm,200,145.77,145.76,139.5,6.26,1
1668,mobilenet,medium,warm,200,66.15,66.14,58.59,7.54,1
1669,mobilenet,small,warm,200,46.32,46.3,37.36,8.93,1
1670,resnet,medium,warm,200,153.82,153.8,147.67,6.13,1
1671,resnet,medium,warm,200,147.18,147.16,140.88,6.28,1
1672,resnet,medium,warm,200,254.88,254.87,247.9,6.97,1
1673,resnet,medium,warm,200,163.11,163.11,157.23,5.88,1
1674,mobilenet,small,warm,200,76.1,76.1,65.06,11.04,1
1675,mobilenet,small,warm,200,86.49,86.48,65.76,20.72,1
1676,mobilenet,small,warm,200,53.92,53.92,48.01,5.9,1
1677,mobilenet,small,warm,200,91.48,91.47,79.3,12.17,1
1678,resnet,medium,warm,200,241.51,241.49,231.51,9.98,1
1679,resnet,medium,warm,200,158.05,158.04,151.24,6.8,1
1680,mobilenet,large,warm,200,66.38,66.37,57.85,8.52,1
1681,resnet,small,warm,200,215.72,215.71,210.19,5.52,1
1682,resnet,medium,warm,200,165.63,165.6,158.92,6.68,1
1683,resnet,medium,warm,200,195.07,195.06,189.54,5.52,1
1684,mobilenet,small,warm,200,59.79,59.79,53.87,5.92,1
1685,mobilenet,large,warm,200,49.01,49.0,43.56,5.44,1
1686,resnet,large,warm,200,271.83,271.82,266.57,5.26,1
1687,mobilenet,small,warm,200,31.99,31.98,26.07,5.91,1
1688,resnet,small,warm,200,151.23,151.22,145.98,5.24,1
1689,mobilenet,large,warm,200,38.94,38.94,33.25,5.69,1
1690,mobilenet,medium,warm,200,44.85,44.84,39.0,5.84,1
1691,resnet,large,warm,200,257.63,257.62,248.56,9.06,1
1692,mobilenet,large,warm,200,78.35,78.35,73.11,5.24,1
1693,resnet,medium,warm,200,237.81,237.8,225.55,12.24,1
1694,mobilenet,small,warm,200,27.43,27.42,21.67,5.75,1
1695,resnet,medium,warm,200,148.02,148.02,142.38,5.64,1
1696,mobilenet,small,warm,200,41.28,41.28,33.46,7.82,1
1697,resnet,small,warm,200,281.46,281.45,275.72,5.72,1
1698,mobilenet,small,warm,200,28.07,28.06,23.04,5.02,1
1699,mobilenet,small,warm,200,44.36,44.35,34.23,10.12,1
1700,mobilenet,small,warm,200,48.51,48.5,41.84,6.65,1
1701,mobilenet,medium,warm,200,28.16,28.15,22.82,5.33,1
1702,resnet,large,warm,200,158.8,158.78,152.97,5.81,1
1703,mobilenet,large,warm,200,42.32,42.31,26.46,15.85,1
1704,resnet,small,warm,200,170.42,170.4,164.08,6.32,1
1705,mobilenet,small,warm,200,52.56,52.54,43.09,9.46,1
1706,mobilenet,large,warm,200,33.09,33.07,25.07,8.0,1
1707,resnet,small,warm,200,355.63,355.62,349.45,6.18,1
1708,mobilenet,medium,warm,200,38.02,38.01,30.41,7.61,1
1709,mobilenet,small,warm,200,39.23,39.23,33.48,5.74,1
1710,resnet,small,warm,200,195.4,195.39,185.8,9.59,1
1711,mobilenet,large,warm,200,85.97,85.96,75.79,10.17,1
1712,resnet,large,warm,200,215.3,215.3,209.68,5.62,1
1713,resnet,medium,warm,200,274.1,274.09,267.3,6.79,1
1714,mobilenet,medium,warm,200,58.19,58.17,45.05,13.13,1
1715,resnet,small,warm,200,165.64,165.62,159.25,6.37,1
1716,resnet,small,warm,200,231.71,231.7,210.53,21.17,1
1717,mobilenet,medium,warm,200,81.9,81.89,31.33,50.56,1
1718,resnet,medium,warm,200,160.05,160.04,154.31,5.73,1
1719,mobilenet,small,warm,200,47.12,47.12,35.26,11.85,1
1720,mobilenet,large,warm,200,34.78,34.77,29.96,4.81,1
1721,resnet,medium,warm,200,145.14,145.13,139.79,5.34,1
1722,resnet,large,warm,200,257.58,257.57,251.37,6.2,1
1723,resnet,small,warm,200,145.12,145.11,140.27,4.84,1
1724,mobilenet,medium,warm,200,47.26,47.25,40.73,6.52,1
1725,resnet,small,warm,200,256.58,256.56,240.81,15.75,1
1726,resnet,small,warm,200,164.37,164.35,158.05,6.3,1
1727,mobilenet,large,warm,200,50.92,50.91,40.68,10.23,1
1728,mobilenet,medium,warm,200,36.01,36.0,26.02,9.98,1
1729,resnet,medium,warm,200,152.21,152.2,146.54,5.65,1
1730,resnet,medium,warm,200,208.07,208.07,202.79,5.28,1
1731,resnet,medium,warm,200,232.07,232.06,226.42,5.64,1
1732,resnet,small,warm,200,158.35,158.35,150.17,8.18,1
1733,mobilenet,medium,warm,200,74.28,74.27,67.71,6.56,1
1734,mobilenet,small,warm,200,62.04,62.03,54.77,7.26,1
1735,resnet,small,warm,200,184.76,184.76,179.0,5.75,1
1736,resnet,large,warm,200,169.4,169.39,163.91,5.48,1
1737,resnet,large,warm,200,205.76,205.74,199.18,6.56,1
1738,mobilenet,small,warm,200,66.48,66.47,53.04,13.43,1
1739,mobilenet,small,warm,200,79.99,79.97,73.38,6.59,1
1740,mobilenet,medium,warm,200,74.27,74.26,65.07,9.19,1
1741,mobilenet,small,warm,200,65.8,65.77,57.25,8.52,1
1742,resnet,medium,warm,200,158.6,158.59,153.53,5.07,1
1743,mobilenet,small,warm,200,46.6,46.6,31.9,14.7,1
1744,mobilenet,large,warm,200,22.85,22.85,17.99,4.86,1
1745,resnet,large,warm,200,163.85,163.85,158.84,5.01,1
1746,resnet,large,warm,200,250.98,250.97,244.64,6.33,1
1747,mobilenet,large,warm,200,32.32,32.3,26.36,5.94,1
1748,resnet,large,warm,200,181.4,181.39,175.91,5.48,1
1749,mobilenet,large,warm,200,88.35,88.33,80.34,7.99,1
1750,mobilenet,medium,warm,200,77.02,77.01,71.09,5.91,1
1751,resnet,small,warm,200,143.71,143.69,137.95,5.74,1
1752,resnet,small,warm,200,228.9,228.88,218.19,10.69,1
1753,mobilenet,small,warm,200,38.38,38.38,33.69,4.69,1
1754,mobilenet,large,warm,200,29.75,29.75,22.12,7.63,1
1755,mobilenet,small,warm,200,59.21,59.19,48.89,10.29,1
1756,resnet,small,warm,200,195.5,195.5,190.25,5.25,1
1757,resnet,large,warm,200,160.82,160.81,155.17,5.65,1
1758,mobilenet,small,warm,200,70.44,70.43,60.53,9.9,1
1759,resnet,large,warm,200,244.53,244.53,238.84,5.68,1
1760,mobilenet,medium,warm,200,86.57,86.56,78.01,8.55,1
1761,mobilenet,small,warm,200,76.76,76.75,69.0,7.75,1
1762,mobilenet,large,warm,200,25.31,25.29,18.79,6.5,1
1763,mobilenet,small,warm,200,44.01,44.0,37.77,6.23,1
1764,resnet,small,warm,200,270.18,270.17,262.62,7.55,1
1765,resnet,large,warm,200,140.53,140.53,134.74,5.78,1
1766,resnet,large,warm,200,169.03,169.03,162.34,6.69,1
1767,mobilenet,medium,warm,200,67.38,67.37,59.97,7.4,1
1768,resnet,medium,warm,200,147.93,147.92,142.49,5.43,1
1769,mobilenet,small,warm,200,75.41,75.4,69.71,5.69,1
1770,resnet,large,warm,200,256.41,256.4,250.08,6.33,1
1771,resnet,large,warm,200,221.11,221.09,207.66,13.43,1
1772,resnet,small,warm,200,149.21,149.18,142.94,6.23,1
1773,resnet,small,warm,200,224.07,224.06,217.63,6.42,1
1774,mobilenet,medium,warm,200,82.59,82.58,73.38,9.19,1
1775,resnet,large,warm,200,136.27,136.25,129.93,6.32,1
1776,resnet,small,warm,200,211.65,211.65,206.38,5.27,1
1777,mobilenet,large,warm,200,61.98,61.98,53.26,8.72,1
1778,mobilenet,large,warm,200,51.34,51.33,46.51,4.82,1
1779,resnet,large,warm,200,140.83,140.82,134.87,5.95,1
1780,mobilenet,small,warm,200,37.06,37.05,27.63,9.43,1
1781,resnet,large,warm,200,170.8,170.78,163.04,7.74,1
1782,mobilenet,large,warm,200,35.05,35.04,29.24,5.79,1
1783,mobilenet,medium,warm,200,56.89,56.87,38.06,18.81,1
1784,mobilenet,medium,warm,200,79.69,79.68,72.88,6.8,1
1785,mobilenet,small,warm,200,83.91,83.9,77.28,6.62,1
1786,resnet,medium,warm,200,184.47,184.45,178.24,6.21,1
1787,mobilenet,large,warm,200,90.02,90.01,82.06,7.95,1
1788,mobilenet,large,warm,200,39.36,39.36,34.59,4.77,1
1789,resnet,medium,warm,200,148.16,148.15,142.74,5.4,1
1790,mobilenet,medium,warm,200,73.79,73.78,60.04,13.74,1
1791,mobilenet,small,warm,200,56.69,56.68,43.23,13.45,1
1792,mobilenet,medium,warm,200,65.79,65.78,57.04,8.75,1
1793,resnet,small,warm,200,254.67,254.66,245.76,8.9,1
1794,mobilenet,small,warm,200,25.43,25.42,19.57,5.85,1
1795,resnet,medium,warm,200,142.91,142.89,136.41,6.48,1
1796,resnet,small,warm,200,209.34,209.32,203.28,6.04,1
1797,resnet,medium,warm,200,298.48,298.46,291.4,7.06,1
1798,resnet,medium,warm,200,137.09,137.08,131.3,5.78,1
1799,resnet,small,warm,200,144.88,144.87,139.47,5.4,1
1800,resnet,large,warm,200,266.19,266.18,260.16,6.03,1
1801,mobilenet,small,warm,200,27.07,27.06,21.48,5.58,1
1802,resnet,small,warm,200,146.92,146.91,141.59,5.32,1
1803,mobilenet,medium,warm,200,44.92,44.92,31.34,13.58,1
1804,mobilenet,medium,warm,200,64.21,64.2,56.34,7.86,1
1805,resnet,small,warm,200,144.33,144.31,137.87,6.44,1
1806,mobilenet,medium,warm,200,66.57,66.56,60.22,6.34,1
1807,mobilenet,medium,warm,200,54.48,54.46,47.2,7.26,1
1808,mobilenet,large,warm,200,64.07,64.05,49.54,14.51,1
1809,mobilenet,large,warm,200,90.41,90.4,82.11,8.28,1
1810,mobilenet,medium,warm,200,26.14,26.13,20.68,5.44,1
1811,resnet,large,warm,200,148.25,148.24,143.04,5.2,1
1812,mobilenet,medium,warm,200,42.0,41.99,32.47,9.52,1
1813,mobilenet,large,warm,200,37.93,37.92,26.84,11.09,1
1814,resnet,small,warm,200,157.08,157.08,152.07,5.01,1
1815,mobilenet,small,warm,200,36.99,36.99,30.83,6.15,1
1816,resnet,small,warm,200,282.6,282.56,275.86,6.7,1
1817,mobilenet,medium,warm,200,25.4,25.38,18.56,6.82,1
1818,resnet,large,warm,200,148.81,148.8,142.47,6.32,1
1819,resnet,medium,warm,200,282.46,282.44,274.27,8.17,1
1820,mobilenet,small,warm,200,42.72,42.71,35.0,7.71,1
1821,mobilenet,medium,warm,200,27.38,27.37,22.5,4.87,1
1822,resnet,small,warm,200,145.54,145.54,140.27,5.26,1
1823,mobilenet,medium,warm,200,36.92,36.91,30.74,6.17,1
1824,mobilenet,medium,warm,200,49.65,49.65,44.32,5.33,1
1825,mobilenet,medium,warm,200,68.95,68.94,59.62,9.32,1
1826,resnet,small,warm,200,246.3,246.29,238.69,7.6,1
1827,mobilenet,small,warm,200,58.06,58.05,50.28,7.77,1
1828,mobilenet,small,warm,200,81.11,81.09,72.91,8.18,1
1829,resnet,small,warm,200,211.75,211.73,200.84,10.89,1
1830,resnet,small,warm,200,143.93,143.91,137.31,6.59,1
1831,resnet,medium,warm,200,220.81,220.79,213.97,6.82,1
1832,resnet,medium,warm,200,190.89,190.88,184.88,5.99,1
1833,resnet,small,warm,200,155.16,155.16,149.77,5.38,1
1834,resnet,small,warm,200,242.89,242.89,236.73,6.16,1
1835,resnet,medium,warm,200,207.99,207.98,202.83,5.15,1
1836,resnet,small,warm,200,150.65,150.63,145.44,5.19,1
1837,resnet,small,warm,200,188.02,188.02,182.49,5.53,1
1838,resnet,medium,warm,200,298.71,298.7,291.35,7.34,1
1839,resnet,medium,warm,200,169.38,169.37,163.17,6.2,1
1840,mobilenet,medium,warm,200,68.11,68.1,54.19,13.91,1
1841,mobilenet,small,warm,200,60.86,60.84,48.65,12.19,1
1842,mobilenet,small,warm,200,26.0,25.98,19.01,6.97,1
1843,resnet,large,warm,200,139.05,139.04,132.83,6.21,1
1844,resnet,large,warm,200,265.8,265.8,259.87,5.93,1
1845,mobilenet,large,warm,200,39.35,39.35,30.65,8.69,1
1846,mobilenet,medium,warm,200,33.52,33.51,22.92,10.58,1
1847,resnet,large,warm,200,183.34,183.34,174.0,9.34,1
1848,resnet,large,warm,200,275.45,275.44,268.44,7.01,1
1849,mobilenet,medium,warm,200,37.95,37.95,29.28,8.66,1
1850,resnet,small,warm,200,179.85,179.83,173.43,6.4,1
1851,resnet,large,warm,200,271.23,271.22,263.88,7.33,1
1852,mobilenet,large,warm,200,30.79,30.78,23.56,7.22,1
1853,mobilenet,small,warm,200,66.03,66.03,60.53,5.5,1
1854,resnet,small,warm,200,175.18,175.17,168.14,7.03,1
1855,mobilenet,small,warm,200,60.2,60.19,52.54,7.65,1
1856,mobilenet,small,warm,200,68.59,68.59,57.72,10.86,1
1857,mobilenet,medium,warm,200,37.86,37.84,31.69,6.15,1
1858,mobilenet,large,warm,200,28.58,28.57,20.47,8.1,1
1859,resnet,small,warm,200,177.21,177.2,171.76,5.44,1
1860,mobilenet,large,warm,200,72.88,72.87,56.64,16.23,1
1861,resnet,medium,warm,200,164.12,164.11,158.46,5.65,1
1862,mobilenet,small,warm,200,60.98,60.96,51.39,9.57,1
1863,resnet,large,warm,200,243.25,243.23,236.16,7.07,1
1864,resnet,large,warm,200,140.06,140.04,134.14,5.9,1
1865,resnet,medium,warm,200,174.78,174.77,166.64,8.13,1
1866,resnet,small,warm,200,218.1,218.09,209.92,8.17,1
1867,resnet,small,warm,200,131.96,131.95,126.55,5.4,1
1868,resnet,small,warm,200,159.8,159.79,154.42,5.37,1
1869,mobilenet,large,warm,200,55.63,55.62,47.93,7.7,1
1870,mobilenet,small,warm,200,77.52,77.51,72.11,5.4,1
1871,mobilenet,medium,warm,200,91.58,91.57,76.69,14.88,1
1872,resnet,medium,warm,200,314.82,314.81,308.61,6.2,1
1873,resnet,medium,warm,200,133.94,133.92,128.16,5.77,1
1874,resnet,large,warm,200,127.39,127.38,121.45,5.93,1
1875,resnet,small,warm,200,248.36,248.34,241.73,6.62,1
1876,mobilenet,medium,warm,200,30.09,30.06,22.22,7.84,1
1877,resnet,small,warm,200,152.43,152.43,146.63,5.8,1
1878,resnet,small,warm,200,236.83,236.83,229.28,7.54,1
1879,resnet,medium,warm,200,137.88,137.87,132.56,5.31,1
1880,mobilenet,small,warm,200,60.95,60.94,53.64,7.31,1
1881,resnet,medium,warm,200,273.51,273.51,267.7,5.8,1
1882,resnet,small,warm,200,125.24,125.23,119.82,5.41,1
1883,resnet,medium,warm,200,175.2,175.19,169.61,5.57,1
1884,resnet,medium,warm,200,142.89,142.89,137.2,5.69,1
1885,resnet,large,warm,200,229.99,229.97,223.73,6.25,1
1886,mobilenet,small,warm,200,62.98,62.97,52.12,10.85,1
1887,mobilenet,medium,warm,200,58.73,58.72,50.36,8.35,1
1888,resnet,medium,warm,200,187.37,187.36,180.78,6.58,1
1889,resnet,large,warm,200,258.87,258.84,251.71,7.13,1
1890,resnet,large,warm,200,146.25,146.24,140.57,5.67,1
1891,mobilenet,small,warm,200,67.51,67.5,59.01,8.49,1
1892,resnet,small,warm,200,228.86,228.85,223.89,4.97,1
1893,resnet,large,warm,200,153.66,153.66,148.23,5.43,1
1894,resnet,large,warm,200,233.19,233.18,227.32,5.86,1
1895,resnet,small,warm,200,236.36,236.36,227.16,9.2,1
1896,mobilenet,small,warm,200,77.84,77.81,67.64,10.17,1
1897,resnet,large,warm,200,204.33,204.32,191.56,12.76,1
1898,resnet,small,warm,200,236.21,236.18,229.42,6.76,1
1899,mobilenet,small,warm,200,39.26,39.25,33.9,5.35,1
1900,mobilenet,small,warm,200,78.39,78.38,69.66,8.72,1
1901,mobilenet,small,warm,200,38.52,38.5,31.85,6.65,1
1902,mobilenet,medium,warm,200,32.77,32.77,25.78,6.99,1
1903,mobilenet,medium,warm,200,74.63,74.62,67.12,7.5,1
1904,mobilenet,medium,warm,200,58.52,58.51,53.71,4.8,1
1905,resnet,medium,warm,200,152.38,152.37,146.61,5.76,1
1906,resnet,large,warm,200,210.93,210.92,204.97,5.95,1
1907,mobilenet,large,warm,200,57.54,57.53,51.48,6.05,1
1908,mobilenet,small,warm,200,57.31,57.3,46.61,10.68,1
1909,resnet,medium,warm,200,172.95,172.93,166.11,6.82,1
1910,resnet,small,warm,200,274.98,274.97,269.09,5.88,1
1911,resnet,large,warm,200,134.6,134.58,129.05,5.54,1
1912,resnet,medium,warm,200,145.75,145.73,139.31,6.42,1
1913,mobilenet,medium,warm,200,64.84,64.83,48.86,15.97,1
1914,mobilenet,medium,warm,200,35.39,35.38,30.15,5.23,1
1915,mobilenet,medium,warm,200,37.07,37.06,29.3,7.77,1
1916,mobilenet,small,warm,200,31.21,31.2,24.3,6.9,1
1917,mobilenet,small,warm,200,30.52,30.51,24.96,5.55,1
1918,mobilenet,large,warm,200,42.38,42.38,36.22,6.15,1
1919,mobilenet,medium,warm,200,41.22,41.21,35.03,6.18,1
1920,resnet,large,warm,200,249.94,249.93,243.94,6.0,1
1921,mobilenet,large,warm,200,35.07,35.04,28.32,6.72,1
1922,mobilenet,medium,warm,200,41.87,41.86,36.19,5.68,1
1923,mobilenet,large,warm,200,53.36,53.34,43.79,9.55,1
1924,mobilenet,large,warm,200,45.04,45.02,38.78,6.24,1
1925,mobilenet,small,warm,200,41.85,41.84,36.23,5.62,1
1926,resnet,large,warm,200,281.22,281.21,274.97,6.25,1
1927,resnet,large,warm,200,176.73,176.73,171.14,5.58,1
1928,resnet,medium,warm,200,143.82,143.81,138.07,5.74,1
1929,resnet,medium,warm,200,223.4,223.39,218.17,5.22,1
1930,resnet,medium,warm,200,255.72,255.72,249.37,6.34,1
1931,mobilenet,medium,warm,200,44.1,44.08,37.23,6.85,1
1932,resnet,large,warm,200,163.55,163.54,156.69,6.85,1
1933,resnet,large,warm,200,265.17,265.16,259.3,5.85,1
1934,mobilenet,small,warm,200,33.31,33.29,27.01,6.28,1
1935,resnet,large,warm,200,154.67,154.66,147.97,6.68,1
1936,resnet,medium,warm,200,250.89,250.87,238.53,12.34,1
1937,mobilenet,medium,warm,200,33.5,33.49,25.64,7.86,1
1938,mobilenet,medium,warm,200,40.57,40.57,31.61,8.95,1
1939,resnet,large,warm,200,276.22,276.21,269.31,6.9,1
1940,resnet,medium,warm,200,162.4,162.39,155.14,7.25,1
1941,resnet,large,warm,200,135.63,135.63,130.65,4.98,1
1942,resnet,small,warm,200,163.96,163.95,158.56,5.39,1
1943,mobilenet,large,warm,200,37.46,37.45,28.47,8.99,1
1944,mobilenet,small,warm,200,32.35,32.34,26.93,5.41,1
1945,resnet,large,warm,200,155.25,155.23,146.59,8.64,1
1946,resnet,large,warm,200,184.59,184.57,178.06,6.51,1
1947,mobilenet,large,warm,200,34.18,34.16,26.77,7.4,1
1948,mobilenet,large,warm,200,31.63,31.63,26.46,5.17,1
1949,resnet,medium,warm,200,184.41,184.4,178.9,5.51,1
1950,resnet,medium,warm,200,291.54,291.53,284.13,7.4,1
1951,resnet,medium,warm,200,136.23,136.23,130.46,5.76,1
1952,mobilenet,large,warm,200,52.23,52.22,46.42,5.81,1
1953,mobilenet,medium,warm,200,50.13,50.12,44.07,6.05,1
1954,mobilenet,large,warm,200,35.25,35.24,27.98,7.26,1
1955,resnet,large,warm,200,227.04,227.03,219.61,7.41,1
1956,resnet,large,warm,200,254.67,254.66,248.88,5.77,1
1957,resnet,small,warm,200,171.53,171.51,164.77,6.74,1
1958,mobilenet,medium,warm,200,82.37,82.35,74.84,7.51,1
1959,mobilenet,medium,warm,200,87.79,87.78,79.27,8.51,1
1960,mobilenet,large,warm,200,53.57,53.57,48.28,5.29,1
1961,resnet,large,warm,200,132.06,132.05,126.76,5.28,1
1962,mobilenet,large,warm,200,32.53,32.52,26.7,5.82,1
1963,resnet,large,warm,200,142.56,142.56,137.26,5.3,1
1964,mobilenet,small,warm,200,56.03,56.02,45.8,10.22,1
1965,resnet,small,warm,200,226.69,226.67,220.63,6.05,1
1966,resnet,medium,warm,200,154.42,154.4,148.44,5.95,1
1967,resnet,medium,warm,200,191.08,191.07,181.35,9.72,1
1968,resnet,large,warm,200,365.2,365.19,356.46,8.74,1
1969,resnet,medium,warm,200,146.59,146.58,140.19,6.39,1
1970,mobilenet,medium,warm,200,68.78,68.78,60.41,8.37,1
1971,mobilenet,large,warm,200,73.15,73.14,65.1,8.04,1
1972,mobilenet,medium,warm,200,24.13,24.12,19.19,4.93,1
1973,mobilenet,large,warm,200,37.11,37.11,26.11,11.0,1
1974,mobilenet,large,warm,200,36.88,36.87,27.77,9.1,1
1975,resnet,large,warm,200,132.89,132.89,127.42,5.47,1
1976,resnet,medium,warm,200,333.47,333.46,326.56,6.9,1
1977,mobilenet,small,warm,200,32.06,32.04,26.3,5.74,1
1978,mobilenet,small,warm,200,83.4,83.39,76.62,6.77,1
1979,resnet,medium,warm,200,230.68,230.66,223.42,7.24,1
1980,resnet,small,warm,200,175.57,175.55,168.83,6.73,1
1981,resnet,large,warm,200,149.1,149.09,143.88,5.21,1
1982,mobilenet,small,warm,200,93.51,93.51,83.94,9.57,1
1983,resnet,medium,warm,200,159.9,159.89,154.58,5.31,1
1984,mobilenet,medium,warm,200,74.6,74.59,68.22,6.37,1
1985,mobilenet,small,warm,200,36.23,36.23,30.86,5.36,1
1986,resnet,medium,warm,200,173.77,173.76,167.52,6.24,1
1987,mobilenet,small,warm,200,33.44,33.44,27.91,5.53,1
1988,mobilenet,medium,warm,200,47.61,47.6,37.11,10.49,1
1989,mobilenet,small,warm,200,32.82,32.8,25.81,6.99,1
1990,resnet,large,warm,200,143.24,143.23,137.32,5.9,1
1991,resnet,medium,warm,200,291.92,291.91,282.16,9.75,1
1992,resnet,medium,warm,200,224.56,224.55,218.97,5.58,1
1993,resnet,small,warm,200,162.56,162.53,156.44,6.09,1
1994,mobilenet,large,warm,200,40.84,40.83,29.11,11.71,1
1995,mobilenet,large,warm,200,30.63,30.62,25.44,5.19,1
1996,resnet,small,warm,200,153.12,153.11,147.97,5.14,1
1997,resnet,large,warm,200,188.92,188.91,182.64,6.27,1
1998,mobilenet,small,warm,200,85.17,85.17,76.49,8.68,1
1999,mobilenet,large,warm,200,74.14,74.13,68.67,5.46,1
