index,request_id,function,size,type,status,latency_ms,ttfb_ms,output_transfer_ms,execution_time_ms,system_overhead_ms,cold_start_server,io_ms,binary_read_ms,json_parsing_ms,parameter_extraction_ms,compute_ms,total_server_ms,in_flight
0,0,fastfouriertransform,small,cold,200,1549.29,1549.29,0.0,6.18,1543.1,True,,0.0,3.95,0.0,2.22,6.18,1
1,1,genmatrix,small,cold,200,1373.22,1373.21,0.0,6.74,1366.47,True,,0.0,0.04,,6.7,6.74,2
2,2,fetchdata,small,cold,200,1618.48,1618.48,0.0,125.72,1492.76,True,125.68,0.0,0.02,0.0,,125.72,3
3,3,fastfouriertransform,large,cold,200,1276.0,1275.99,0.01,4.76,1271.24,False,,0.0,3.92,0.01,0.82,4.76,4
4,4,linpack,small,cold,200,1385.12,1385.12,0.0,5.56,1379.56,True,,0.0,0.39,4.14,1.02,5.56,5
5,5,linpack,medium,cold,200,2564.43,2564.42,0.0,641.2,1923.22,False,,0.0,0.35,3.98,636.87,641.2,6
6,6,fastfouriertransform,small,warm,200,974.02,974.02,0.0,4.72,969.3,False,,0.0,3.89,0.01,0.82,4.72,7
7,7,fastfouriertransform,small,warm,200,863.59,863.59,0.01,4.82,858.76,False,,0.0,3.93,0.0,0.88,4.82,8
8,8,fetchdata,large,cold,200,1180.28,1180.27,0.0,75.69,1104.58,False,75.66,0.0,0.02,0.0,,75.69,9
9,9,linpack,small,cold,200,2182.1,2182.1,0.0,5.06,2177.04,False,,0.0,0.35,3.99,0.72,5.06,10
10,10,linpack,small,cold,200,2075.25,2075.25,0.0,5.06,2070.19,False,,0.0,0.36,3.98,0.72,5.06,11
11,11,linpack,medium,warm,200,1326.4,1326.4,0.0,640.62,685.78,False,,0.0,0.33,3.98,636.3,640.61,12
12,12,fetchdata,medium,warm,200,698.87,698.87,0.0,76.17,622.7,False,76.14,0.0,0.02,0.0,,76.17,13
13,13,linpack,medium,cold,200,3081.04,3081.04,0.0,646.7,2434.34,False,,0.0,0.37,3.99,642.34,646.7,14
14,14,fastfouriertransform,small,warm,200,160.77,160.76,0.0,4.58,156.18,False,,0.0,3.81,0.0,0.76,4.58,15
15,15,matrixmul,medium,cold,200,2364.04,2355.03,9.01,507.13,1847.9,True,,0.0,0.4,4.16,502.56,507.12,15
16,16,genmatrix,small,warm,200,16.56,16.55,0.0,0.12,16.43,False,,0.0,0.03,,0.09,0.12,11
17,17,fetchdata,medium,warm,200,354.96,354.95,0.0,75.54,279.41,False,75.51,0.0,0.02,0.0,,75.54,11
18,18,fastfouriertransform,small,warm,200,25.96,25.95,0.0,4.57,21.38,False,,0.0,3.8,0.0,0.76,4.57,11
19,19,matrixmul,small,cold,200,1975.89,1970.92,4.97,4.96,1965.96,False,,0.0,0.37,4.02,0.57,4.96,9
20,20,genmatrix,medium,warm,200,29.51,20.54,8.97,0.31,20.23,False,,0.0,0.04,,0.27,0.31,9
21,21,linpack,medium,warm,200,1634.08,1634.08,0.0,651.41,982.66,False,,0.0,0.32,3.98,647.11,651.41,8
22,22,fastfouriertransform,large,warm,200,24.92,24.92,0.0,4.59,20.33,False,,0.0,3.82,0.0,0.76,4.59,9
23,23,matrixmul,large,cold,200,1574.92,1569.15,5.76,4.92,1564.23,False,,0.0,0.38,3.97,0.57,4.92,9
24,24,fastfouriertransform,medium,warm,200,658.88,658.88,0.0,638.96,19.92,False,,0.0,3.82,0.0,635.13,638.96,10
25,25,fastfouriertransform,large,warm,200,570.45,570.45,0.0,4.55,565.89,False,,0.0,3.79,0.0,0.75,4.55,10
26,26,genmatrix,large,warm,200,92.08,51.73,40.35,1.3,50.43,False,,0.0,0.03,,1.26,1.29,11
27,27,linpack,medium,cold,200,2320.3,2320.29,0.0,642.29,1678.0,False,,0.0,0.34,4.0,637.95,642.29,11
28,28,linpack,small,cold,200,2229.81,2229.8,0.01,5.04,2224.76,False,,0.0,0.33,3.98,0.72,5.04,12
29,29,fastfouriertransform,small,warm,200,176.51,176.51,0.0,4.6,171.91,False,,0.0,3.8,0.0,0.8,4.6,13
30,30,fetchdata,medium,warm,200,88.74,88.74,0.0,77.04,11.7,False,77.01,0.0,0.02,0.0,,77.04,14
31,31,fastfouriertransform,small,warm,200,29.02,29.02,0.0,4.64,24.38,False,,0.0,3.81,0.0,0.82,4.64,8
32,32,fastfouriertransform,medium,warm,200,670.15,670.15,0.0,648.13,22.02,False,,0.0,3.82,0.0,644.29,648.12,8
33,33,genmatrix,medium,warm,200,28.85,20.03,8.82,0.3,19.73,False,,0.0,0.03,,0.26,0.3,9
34,34,genmatrix,small,warm,200,15.57,15.57,0.0,0.15,15.41,False,,0.0,0.03,,0.12,0.15,9
35,35,genmatrix,medium,warm,200,23.8,19.39,4.42,0.28,19.11,False,,0.0,0.03,,0.24,0.28,9
36,36,fetchdata,large,warm,200,89.77,89.76,0.0,77.75,12.02,False,77.72,0.0,0.02,0.0,,77.75,9
37,37,genmatrix,large,warm,200,81.0,48.9,32.1,1.15,47.75,False,,0.0,0.03,,1.11,1.15,9
38,38,fastfouriertransform,large,warm,200,76.54,76.53,0.0,4.52,72.01,False,,0.0,3.81,0.0,0.71,4.52,8
39,39,fetchdata,large,warm,200,89.69,89.69,0.0,75.98,13.7,False,75.95,0.0,0.02,0.0,,75.98,4
40,40,fetchdata,small,warm,200,90.44,90.44,0.0,79.43,11.01,False,79.4,0.0,0.03,0.0,,79.43,4
41,41,matrixmul,medium,warm,200,539.5,529.27,10.23,508.52,20.75,False,,0.0,0.36,3.98,504.17,508.52,4
42,42,genmatrix,large,warm,200,69.38,51.66,17.71,1.11,50.55,False,,0.0,0.03,,1.08,1.11,5
43,43,linpack,small,warm,200,21.4,21.39,0.0,5.21,16.18,True,,0.0,0.36,4.0,0.85,5.21,5
44,44,genmatrix,small,warm,200,15.94,15.94,0.0,0.15,15.79,False,,0.0,0.03,,0.12,0.15,4
45,45,fetchdata,small,warm,200,89.25,89.25,0.0,77.02,12.23,False,76.99,0.0,0.02,0.0,,77.02,4
46,46,genmatrix,medium,warm,200,20.61,20.6,0.01,0.29,20.31,False,,0.0,0.02,,0.26,0.29,4
47,47,genmatrix,small,warm,200,15.42,15.42,0.0,0.14,15.28,False,,0.0,0.02,,0.11,0.14,3
48,48,fetchdata,large,warm,200,88.91,88.91,0.0,77.23,11.68,False,77.21,0.0,0.02,0.0,,77.23,3
49,49,genmatrix,small,warm,200,15.25,15.25,0.0,0.14,15.11,False,,0.0,0.02,,0.11,0.14,3
50,50,matrixmul,medium,warm,200,527.94,527.93,0.0,507.27,20.66,False,,0.0,0.34,4.0,502.92,507.27,3
51,51,matrixmul,small,warm,200,445.14,445.14,0.0,4.89,440.25,False,,0.0,0.33,4.0,0.56,4.89,2
52,52,genmatrix,small,warm,200,13.35,13.35,0.0,0.14,13.2,False,,0.0,0.02,,0.11,0.14,3
53,53,fetchdata,large,warm,200,90.04,90.03,0.0,76.29,13.74,False,76.27,0.0,0.02,0.0,,76.29,3
54,54,linpack,large,warm,200,19.53,19.52,0.0,5.09,14.43,False,,0.0,0.35,4.01,0.73,5.09,3
55,55,genmatrix,large,warm,200,99.44,56.55,42.88,1.2,55.35,False,,0.01,0.03,,1.16,1.2,3
56,56,linpack,medium,warm,200,663.1,663.1,0.0,645.54,17.56,False,,0.0,0.34,3.96,641.23,645.53,2
57,57,linpack,medium,warm,200,657.12,657.12,0.0,642.27,14.85,False,,0.0,0.34,3.98,637.94,642.26,2
58,58,genmatrix,small,warm,200,14.78,14.77,0.0,0.14,14.63,False,,0.0,0.03,,0.11,0.14,3
59,59,fetchdata,large,warm,200,86.85,86.84,0.0,76.48,10.36,False,76.46,0.0,0.02,0.0,,76.48,3
60,60,matrixmul,small,warm,200,22.34,22.34,0.0,4.92,17.42,False,,0.0,0.35,4.0,0.56,4.91,3
61,61,fastfouriertransform,small,warm,200,27.58,27.58,0.0,4.6,22.97,False,,0.0,3.82,0.0,0.78,4.6,3
62,62,fetchdata,large,warm,200,96.27,96.26,0.0,84.71,11.55,False,84.68,0.0,0.02,0.0,,84.71,3
63,63,fetchdata,large,warm,200,93.34,93.33,0.0,82.12,11.21,False,82.09,0.0,0.02,0.0,,82.12,3
64,64,matrixmul,large,warm,200,34.35,25.25,9.11,4.9,20.35,False,,0.0,0.36,3.97,0.56,4.9,1
65,65,fastfouriertransform,medium,warm,200,727.94,727.94,0.0,704.26,23.68,False,,0.0,6.05,0.0,698.19,704.26,1
66,66,matrixmul,large,warm,200,23.13,23.12,0.0,4.92,18.2,False,,0.0,0.34,4.01,0.57,4.92,2
67,67,matrixmul,large,warm,200,36.47,27.1,9.38,4.89,22.2,False,,0.0,0.34,3.99,0.56,4.89,2
68,68,genmatrix,large,warm,200,72.95,55.25,17.69,1.19,54.06,False,,0.0,0.02,,1.16,1.19,2
69,69,fastfouriertransform,large,warm,200,330.48,330.47,0.0,4.56,325.92,False,,0.0,3.82,0.0,0.73,4.56,2
70,70,fastfouriertransform,large,warm,200,237.44,237.44,0.0,4.58,232.86,False,,0.0,3.8,0.0,0.77,4.58,3
71,71,linpack,medium,warm,200,661.95,661.95,0.0,645.65,16.3,False,,0.0,0.35,3.98,641.32,645.65,4
72,72,genmatrix,small,warm,200,15.72,15.71,0.0,0.14,15.57,False,,0.0,0.03,,0.11,0.14,5
73,73,genmatrix,medium,warm,200,20.18,20.18,0.0,0.3,19.89,False,,0.0,0.03,,0.26,0.29,2
74,74,fetchdata,medium,warm,200,93.65,93.65,0.0,82.28,11.36,False,82.26,0.0,0.02,0.0,,82.28,2
75,75,fastfouriertransform,large,warm,200,27.87,27.87,0.0,4.6,23.27,False,,0.0,3.82,0.0,0.77,4.6,2
76,76,genmatrix,large,warm,200,97.16,52.84,44.32,1.2,51.64,False,,0.0,0.03,,1.17,1.2,2
77,77,fetchdata,large,warm,200,86.23,86.23,0.0,75.53,10.69,False,75.51,0.0,0.02,0.0,,75.53,3
78,78,fastfouriertransform,large,warm,200,23.49,23.48,0.0,4.61,18.88,False,,0.0,3.83,0.0,0.77,4.6,1
79,79,genmatrix,large,warm,200,71.38,53.56,17.81,1.18,52.38,False,,0.0,0.03,,1.16,1.18,1
80,80,linpack,large,warm,200,18.46,18.46,0.0,5.06,13.4,False,,0.0,0.36,3.97,0.72,5.05,1
81,81,fetchdata,small,warm,200,86.14,86.14,0.0,75.53,10.61,False,75.5,0.0,0.02,0.0,,75.53,1
82,82,genmatrix,small,warm,200,12.92,12.92,0.0,0.14,12.78,False,,0.0,0.02,,0.11,0.14,1
83,83,linpack,large,warm,200,17.5,17.5,0.0,5.04,12.46,False,,0.0,0.33,3.98,0.73,5.04,1
84,84,fastfouriertransform,large,warm,200,26.19,26.19,0.0,4.58,21.61,False,,0.0,3.81,0.0,0.77,4.58,1
85,85,genmatrix,medium,warm,200,20.26,20.25,0.0,0.29,19.96,False,,0.0,0.02,,0.26,0.29,1
86,86,fastfouriertransform,small,warm,200,27.15,27.14,0.0,4.58,22.57,False,,0.0,3.81,0.0,0.77,4.58,1
87,87,genmatrix,medium,warm,200,19.93,19.92,0.0,0.27,19.65,False,,0.0,0.02,,0.24,0.27,1
88,88,fetchdata,small,warm,200,88.59,88.59,0.0,75.3,13.29,False,75.28,0.0,0.02,0.0,,75.3,1
89,89,fetchdata,large,warm,200,87.36,87.35,0.0,75.62,11.73,False,75.59,0.0,0.02,0.0,,75.62,1
90,90,fastfouriertransform,small,warm,200,27.74,27.73,0.0,4.82,22.91,False,,0.0,3.96,0.0,0.86,4.82,1
91,91,matrixmul,small,warm,200,31.51,31.5,0.0,7.77,23.73,False,,0.0,0.53,6.36,0.87,7.77,1
92,92,linpack,small,warm,200,22.05,22.05,0.0,7.53,14.52,False,,0.0,0.48,5.95,1.09,7.53,1
93,93,fetchdata,large,warm,200,88.86,88.85,0.0,75.19,13.66,False,75.16,0.0,0.02,0.0,,75.19,1
94,94,matrixmul,large,warm,200,29.81,29.81,0.0,7.75,22.06,False,,0.0,0.52,6.35,0.87,7.75,1
95,95,fetchdata,medium,warm,200,88.99,88.99,0.0,78.21,10.78,False,78.19,0.0,0.02,0.0,,78.21,1
96,96,linpack,large,warm,200,21.9,21.9,0.0,5.06,16.83,False,,0.0,0.33,4.0,0.73,5.06,1
97,97,matrixmul,small,warm,200,29.36,29.36,0.0,7.78,21.58,False,,0.0,0.51,6.4,0.86,7.78,1
98,98,linpack,large,warm,200,19.96,19.96,0.0,5.05,14.91,False,,0.0,0.33,3.98,0.74,5.05,1
99,99,fetchdata,large,warm,200,87.14,87.14,0.0,76.77,10.36,False,76.75,0.0,0.02,0.0,,76.77,1
100,100,genmatrix,medium,warm,200,22.14,22.14,0.0,0.57,21.57,False,,0.0,0.02,,0.54,0.57,1
101,101,genmatrix,medium,warm,200,20.79,20.78,0.0,0.27,20.51,False,,0.0,0.02,,0.25,0.27,1
102,102,linpack,medium,warm,200,681.83,681.82,0.0,666.94,14.89,False,,0.0,0.53,6.37,660.03,666.93,1
103,103,fastfouriertransform,small,warm,200,26.25,26.24,0.0,4.64,21.6,False,,0.0,3.89,0.0,0.74,4.64,2
104,104,fetchdata,small,warm,200,89.35,89.34,0.0,76.59,12.75,False,76.57,0.0,0.02,0.0,,76.59,2
105,105,genmatrix,small,warm,200,15.61,15.6,0.0,0.11,15.49,False,,0.0,0.02,,0.09,0.11,2
106,106,linpack,large,warm,200,20.09,20.08,0.01,5.05,15.03,False,,0.0,0.33,3.99,0.73,5.05,2
107,107,fetchdata,large,warm,200,88.55,88.54,0.0,77.27,11.28,False,77.24,0.0,0.02,0.0,,77.26,2
108,108,fetchdata,small,warm,200,94.53,94.53,0.0,80.1,14.43,False,80.08,0.0,0.02,0.0,,80.1,2
109,109,fastfouriertransform,large,warm,200,26.43,26.43,0.0,4.61,21.82,False,,0.0,3.86,0.0,0.74,4.61,1
110,110,fastfouriertransform,small,warm,200,24.61,24.6,0.0,4.57,20.03,False,,0.0,3.82,0.0,0.74,4.57,1
111,111,fastfouriertransform,small,warm,200,23.3,23.29,0.0,4.61,18.68,False,,0.0,3.85,0.0,0.75,4.61,1
112,112,genmatrix,small,warm,200,13.03,13.03,0.0,0.11,12.92,False,,0.0,0.02,,0.09,0.11,1
113,113,linpack,small,warm,200,22.72,22.72,0.0,8.02,14.69,False,,0.0,0.52,6.37,1.14,8.02,1
114,114,genmatrix,large,warm,200,57.21,39.39,17.83,0.79,38.6,False,,0.0,0.02,,0.77,0.79,1
115,115,matrixmul,small,warm,200,30.93,30.93,0.0,7.74,23.19,False,,0.0,0.52,6.35,0.87,7.74,1
116,116,linpack,small,warm,200,24.5,24.49,0.0,8.08,16.41,False,,0.0,0.52,6.41,1.15,8.08,1
117,117,linpack,large,warm,200,21.3,21.29,0.0,5.11,16.19,False,,0.0,0.39,3.97,0.75,5.11,1
118,118,matrixmul,small,warm,200,39.44,30.61,8.83,7.78,22.82,False,,0.0,0.52,6.39,0.87,7.78,1
119,119,matrixmul,medium,warm,200,560.65,560.65,0.0,542.39,18.26,False,,0.0,0.51,5.94,535.92,542.38,1
120,120,fetchdata,small,warm,200,104.02,104.01,0.0,86.32,17.69,False,86.29,0.0,0.02,0.0,,86.32,2
121,121,fastfouriertransform,large,warm,200,29.08,29.07,0.0,7.22,21.85,False,,0.0,6.08,0.0,1.13,7.22,3
122,122,matrixmul,medium,warm,200,789.33,789.33,0.0,519.61,269.71,False,,0.0,0.38,3.99,515.25,519.61,2
123,123,matrixmul,medium,warm,200,1210.69,1210.68,0.0,512.67,698.01,False,,0.0,0.38,4.71,507.57,512.67,3
124,124,matrixmul,large,cold,200,1120.31,1120.3,0.0,6.29,1114.02,False,,0.0,0.38,5.14,0.76,6.29,4
125,125,fastfouriertransform,large,warm,200,29.88,29.87,0.0,7.27,22.61,False,,0.0,6.12,0.0,1.14,7.27,4
126,126,fastfouriertransform,small,warm,200,27.11,27.11,0.0,6.8,20.31,False,,0.0,5.72,0.0,1.07,6.8,4
127,127,matrixmul,large,warm,200,835.44,835.44,0.0,5.11,830.33,False,,0.13,0.36,4.04,0.58,5.11,4
128,128,genmatrix,small,warm,200,12.87,12.86,0.0,0.1,12.76,False,,0.0,0.02,,0.08,0.1,5
129,129,fetchdata,small,warm,200,102.63,102.62,0.0,85.53,17.09,False,85.5,0.0,0.02,0.0,,85.53,5
130,130,fetchdata,large,warm,200,93.89,93.89,0.0,82.71,11.18,False,82.68,0.0,0.02,0.0,,82.71,4
131,131,matrixmul,small,warm,200,450.16,450.16,0.0,5.6,444.56,False,,0.0,0.36,4.68,0.56,5.6,4
132,132,matrixmul,small,warm,200,375.19,375.19,0.0,5.28,369.9,False,,0.0,0.51,4.21,0.56,5.28,5
133,133,genmatrix,medium,warm,200,17.56,17.56,0.0,0.2,17.35,False,,0.0,0.02,,0.18,0.2,6
134,134,fetchdata,small,warm,200,104.4,104.39,0.0,90.64,13.75,False,90.61,0.0,0.02,0.0,,90.64,6
135,135,matrixmul,large,warm,200,59.93,59.93,0.0,5.47,54.46,False,,0.0,0.34,4.56,0.56,5.47,7
136,136,fastfouriertransform,small,warm,200,30.08,30.08,0.01,7.24,22.83,False,,0.0,6.09,0.0,1.14,7.24,1
137,137,linpack,small,warm,200,24.57,24.57,0.0,8.02,16.55,False,,0.0,0.54,6.34,1.14,8.02,1
138,138,fastfouriertransform,small,warm,200,29.83,29.82,0.0,7.23,22.59,False,,0.0,6.08,0.0,1.14,7.23,1
139,139,fetchdata,medium,warm,200,98.45,98.44,0.0,85.24,13.2,False,85.21,0.0,0.02,0.0,,85.24,1
140,140,matrixmul,medium,warm,200,533.61,533.6,0.0,513.13,20.47,False,,0.0,0.35,4.02,508.75,513.13,1
141,141,fetchdata,medium,warm,200,99.32,99.32,0.0,85.22,14.1,False,85.19,0.0,0.02,0.0,,85.22,2
142,142,fastfouriertransform,small,warm,200,27.15,27.15,0.0,7.25,19.89,False,,0.0,6.11,0.0,1.14,7.25,2
143,143,matrixmul,small,warm,200,249.35,249.34,0.0,5.52,243.82,False,,0.0,0.83,4.1,0.59,5.52,2
144,144,matrixmul,medium,warm,200,665.46,665.46,0.0,512.11,153.35,False,,0.0,0.34,4.75,507.01,512.11,3
145,145,matrixmul,medium,warm,200,1092.25,1092.25,0.0,517.03,575.22,False,,0.0,0.36,4.67,511.99,517.03,4
146,146,matrixmul,large,cold,200,1010.7,1010.7,0.01,5.8,1004.9,False,,0.0,0.62,4.6,0.58,5.8,3
147,147,linpack,large,warm,200,22.3,22.3,0.0,7.54,14.76,False,,0.0,0.48,5.98,1.07,7.54,4
148,148,matrixmul,small,warm,200,818.7,818.7,0.0,5.65,813.05,False,,0.0,0.37,4.7,0.58,5.65,4
149,149,fetchdata,medium,warm,200,97.27,97.26,0.0,84.98,12.28,False,84.95,0.0,0.02,0.0,,84.98,5
150,150,fetchdata,small,warm,200,93.59,93.59,0.0,82.75,10.84,False,82.72,0.0,0.02,0.0,,82.75,5
151,151,linpack,large,warm,200,23.27,23.27,0.0,5.26,18.01,False,,0.0,0.35,4.11,0.8,5.26,4
152,152,linpack,small,warm,200,19.92,19.92,0.0,5.05,14.87,False,,0.0,0.34,3.97,0.73,5.05,4
153,153,genmatrix,small,warm,200,13.19,13.19,0.0,0.14,13.05,False,,0.0,0.02,,0.11,0.14,4
154,154,fastfouriertransform,large,warm,200,26.94,26.94,0.0,7.31,19.63,False,,0.0,6.16,0.0,1.14,7.31,4
155,155,matrixmul,large,warm,200,127.55,127.55,0.0,5.64,121.91,False,,0.0,0.34,4.72,0.57,5.64,4
156,156,linpack,small,warm,200,25.79,25.79,0.01,7.97,17.82,False,,0.0,0.52,6.3,1.15,7.97,4
157,157,fastfouriertransform,large,warm,200,26.52,26.51,0.0,7.26,19.25,False,,0.0,6.11,0.0,1.14,7.26,1
158,158,fastfouriertransform,small,warm,200,26.56,26.56,0.0,6.8,19.75,False,,0.0,5.72,0.0,1.07,6.8,1
159,159,fastfouriertransform,large,warm,200,27.06,27.05,0.0,7.59,19.46,False,,0.0,5.93,0.01,1.64,7.59,1
160,160,fastfouriertransform,large,warm,200,26.66,26.66,0.0,6.8,19.86,False,,0.0,5.72,0.0,1.07,6.8,1
161,161,fetchdata,medium,warm,200,96.87,96.87,0.0,86.17,10.7,False,86.14,0.0,0.03,0.0,,86.17,1
162,162,fastfouriertransform,large,warm,200,30.14,30.14,0.0,7.26,22.88,False,,0.0,6.11,0.0,1.15,7.26,1
163,163,fetchdata,large,warm,200,96.12,96.12,0.0,83.9,12.22,False,83.87,0.0,0.03,0.0,,83.9,1
164,164,linpack,small,warm,200,18.82,18.82,0.0,5.12,13.7,False,,0.0,0.36,3.96,0.79,5.12,2
165,165,linpack,small,warm,200,20.9,20.89,0.0,5.23,15.66,False,,0.0,0.34,3.98,0.91,5.23,1
166,166,matrixmul,large,warm,200,23.01,23.0,0.0,4.97,18.03,False,,0.0,0.39,4.01,0.56,4.97,1
167,167,linpack,large,warm,200,20.94,20.93,0.0,5.19,15.74,False,,0.0,0.35,4.1,0.74,5.19,1
168,168,linpack,medium,warm,200,658.81,658.8,0.0,643.18,15.62,False,,0.0,0.34,3.95,638.89,643.18,1
169,169,genmatrix,small,warm,200,15.41,15.4,0.0,0.14,15.26,False,,0.0,0.03,,0.11,0.14,2
170,170,genmatrix,small,warm,200,14.83,14.83,0.0,0.14,14.69,False,,0.0,0.02,,0.11,0.13,2
171,171,genmatrix,medium,warm,200,21.7,21.7,0.0,0.28,21.42,False,,0.0,0.02,,0.25,0.28,2
172,172,fetchdata,large,warm,200,98.29,98.29,0.0,85.19,13.1,False,85.15,0.0,0.02,0.0,,85.18,2
173,173,genmatrix,medium,warm,200,21.32,21.32,0.0,0.28,21.03,False,,0.0,0.02,,0.26,0.28,2
174,174,genmatrix,small,warm,200,14.75,14.74,0.0,0.13,14.61,False,,0.0,0.02,,0.1,0.13,2
175,175,fastfouriertransform,medium,warm,200,693.86,693.86,0.0,674.52,19.34,False,,0.0,6.1,0.0,668.41,674.52,1
176,176,linpack,large,warm,200,19.49,19.49,0.0,5.05,14.44,False,,0.0,0.33,3.98,0.73,5.05,2
177,177,fastfouriertransform,small,warm,200,500.25,500.25,0.01,4.6,495.65,False,,0.0,3.83,0.0,0.77,4.6,2
178,178,linpack,small,warm,200,21.29,21.28,0.0,5.06,16.22,False,,0.0,0.33,3.99,0.73,5.06,3
179,179,linpack,medium,warm,200,660.38,660.37,0.0,644.03,16.34,False,,0.0,0.35,3.96,639.72,644.03,3
180,180,fetchdata,medium,warm,200,98.63,98.63,0.0,86.15,12.48,False,86.12,0.0,0.03,0.0,,86.15,4
181,181,fastfouriertransform,small,warm,200,112.25,112.25,0.0,4.56,107.68,False,,0.0,3.82,0.0,0.73,4.56,4
182,182,genmatrix,medium,warm,200,23.17,23.16,0.0,0.29,22.87,False,,0.0,0.03,,0.26,0.29,3
183,183,fetchdata,medium,warm,200,96.23,96.23,0.0,83.95,12.28,False,83.92,0.0,0.02,0.0,,83.95,2
184,184,linpack,large,warm,200,21.54,21.53,0.0,5.05,16.48,False,,0.0,0.33,3.99,0.73,5.05,2
185,185,genmatrix,large,warm,200,66.56,48.39,18.17,1.05,47.34,False,,0.0,0.02,,1.03,1.05,2
186,186,linpack,small,warm,200,21.12,21.11,0.0,5.08,16.03,False,,0.0,0.34,3.99,0.76,5.08,1
187,187,linpack,medium,warm,200,659.09,659.08,0.0,642.57,16.52,False,,0.0,0.35,3.94,638.27,642.57,1
188,188,fastfouriertransform,small,warm,200,26.81,26.81,0.0,4.59,22.21,False,,0.0,3.83,0.0,0.75,4.59,2
189,189,genmatrix,small,warm,200,15.94,15.94,0.0,0.14,15.8,False,,0.0,0.02,,0.11,0.14,2
190,190,fastfouriertransform,large,warm,200,25.36,25.36,0.0,4.59,20.77,False,,0.0,3.84,0.0,0.75,4.59,2
191,191,linpack,small,warm,200,22.44,22.44,0.0,5.09,17.35,False,,0.0,0.33,3.99,0.76,5.08,2
192,192,genmatrix,medium,warm,200,20.82,20.82,0.0,0.29,20.53,False,,0.0,0.03,,0.26,0.29,2
193,193,linpack,small,warm,200,21.04,21.04,0.0,5.08,15.95,False,,0.0,0.33,4.0,0.74,5.08,2
194,194,genmatrix,small,warm,200,15.37,15.36,0.0,0.14,15.22,False,,0.0,0.02,,0.11,0.14,1
195,195,genmatrix,large,warm,200,72.26,54.31,17.95,1.19,53.12,False,,0.0,0.02,,1.16,1.19,1
196,196,matrixmul,medium,warm,200,572.94,572.93,0.0,551.38,21.56,False,,0.0,0.52,6.38,544.47,551.38,1
197,197,fastfouriertransform,small,warm,200,27.28,27.27,0.0,4.58,22.69,False,,0.0,3.82,0.0,0.75,4.58,2
198,198,matrixmul,medium,warm,200,892.49,892.48,0.01,512.93,379.56,False,,0.0,0.59,4.47,507.86,512.93,2
199,199,fastfouriertransform,small,warm,200,26.2,26.2,0.0,4.61,21.59,False,,0.0,3.85,0.0,0.75,4.6,3
200,200,genmatrix,small,warm,200,13.1,13.1,0.0,0.14,12.95,False,,0.0,0.03,,0.11,0.14,3
201,201,genmatrix,small,warm,200,12.7,12.7,0.0,0.14,12.56,False,,0.0,0.02,,0.11,0.14,3
202,202,matrixmul,large,warm,200,509.92,509.91,0.01,5.38,504.53,False,,0.0,0.34,4.47,0.57,5.38,2
203,203,matrixmul,large,warm,200,419.09,419.09,0.0,5.49,413.59,False,,0.0,0.37,4.53,0.58,5.49,3
204,204,fastfouriertransform,small,warm,200,24.36,24.36,0.0,4.59,19.77,False,,0.0,3.84,0.0,0.74,4.58,4
205,205,fastfouriertransform,large,warm,200,23.26,23.26,0.0,4.58,18.68,False,,0.0,3.83,0.0,0.75,4.58,4
206,206,fetchdata,large,warm,200,88.23,88.23,0.0,75.92,12.3,False,75.9,0.0,0.02,0.0,,75.92,4
207,207,fastfouriertransform,medium,warm,200,665.57,665.57,0.0,643.49,22.08,False,,0.0,3.84,0.0,639.64,643.49,3
208,208,linpack,large,warm,200,23.53,23.52,0.0,8.0,15.52,False,,0.0,0.52,6.33,1.14,8.0,2
209,209,fetchdata,medium,warm,200,88.92,88.92,0.0,75.55,13.37,False,75.52,0.0,0.02,0.0,,75.55,2
210,210,fetchdata,small,warm,200,87.66,87.66,0.0,75.11,12.55,False,75.09,0.0,0.02,0.0,,75.11,2
211,211,genmatrix,medium,warm,200,16.38,16.38,0.0,0.25,16.13,False,,0.0,0.02,,0.22,0.25,2
212,212,fastfouriertransform,medium,warm,200,768.12,768.11,0.01,600.63,167.47,False,,0.0,3.83,0.0,596.79,600.63,2
213,213,fetchdata,large,warm,200,86.55,86.54,0.0,75.0,11.54,False,74.98,0.0,0.02,0.0,,75.0,3
214,214,fetchdata,large,warm,200,87.1,87.1,0.0,75.44,11.66,False,75.42,0.0,0.02,0.0,,75.44,2
215,215,fastfouriertransform,medium,warm,200,1172.4,1172.39,0.0,703.54,468.85,False,,0.0,3.83,0.0,699.7,703.54,2
216,216,linpack,medium,warm,200,692.5,692.49,0.0,677.7,14.79,False,,0.0,0.51,6.3,670.89,677.7,3
217,217,linpack,large,warm,200,24.29,24.28,0.0,7.98,16.3,False,,0.0,0.54,6.31,1.13,7.98,4
218,218,fetchdata,small,warm,200,87.3,87.3,0.0,75.57,11.72,False,75.55,0.0,0.02,0.0,,75.57,4
219,219,fetchdata,small,warm,200,90.63,90.63,0.01,75.7,14.93,False,75.67,0.0,0.02,0.0,,75.7,4
220,220,matrixmul,small,warm,200,26.31,26.3,0.0,4.93,21.38,False,,0.0,0.35,4.0,0.57,4.93,3
221,221,fetchdata,large,warm,200,88.74,88.74,0.0,75.34,13.4,False,75.31,0.0,0.02,0.0,,75.34,3
222,222,genmatrix,medium,warm,200,19.43,19.42,0.0,0.29,19.14,False,,0.0,0.02,,0.26,0.29,3
223,223,fetchdata,medium,warm,200,86.46,86.45,0.0,75.61,10.85,False,75.58,0.0,0.02,0.0,,75.61,2
224,224,fetchdata,large,warm,200,88.83,88.82,0.0,75.74,13.08,False,75.72,0.0,0.02,0.0,,75.74,2
225,225,fastfouriertransform,medium,warm,200,791.32,791.31,0.0,618.51,172.8,False,,0.0,4.81,0.0,613.7,618.51,2
226,226,fastfouriertransform,medium,warm,200,1303.06,1303.06,0.0,604.39,698.66,False,,0.0,3.84,0.0,600.54,604.39,3
227,227,fetchdata,small,warm,200,85.39,85.38,0.0,75.85,9.53,False,75.83,0.0,0.02,0.0,,75.85,3
228,228,matrixmul,medium,warm,200,530.45,530.45,0.0,509.71,20.74,False,,0.0,0.35,4.0,505.35,509.71,3
229,229,genmatrix,small,warm,200,11.82,11.81,0.0,0.11,11.71,False,,0.0,0.02,,0.08,0.11,4
230,230,fetchdata,small,warm,200,86.93,86.92,0.0,75.33,11.59,False,75.31,0.0,0.02,0.0,,75.33,4
231,231,fetchdata,medium,warm,200,89.09,89.08,0.0,75.98,13.1,False,75.96,0.0,0.02,0.0,,75.98,4
232,232,genmatrix,medium,warm,200,18.89,18.89,0.0,0.2,18.69,False,,0.0,0.02,,0.18,0.2,4
233,233,fastfouriertransform,medium,warm,200,1206.26,1206.26,0.0,601.66,604.6,False,,0.0,3.82,0.0,597.84,601.66,3
234,234,genmatrix,large,warm,200,55.56,38.85,16.7,0.79,38.06,False,,0.0,0.02,,0.77,0.79,3
235,235,linpack,medium,warm,200,659.75,659.75,0.0,643.53,16.22,False,,0.0,0.34,3.96,639.22,643.53,3
236,236,linpack,medium,warm,200,695.42,695.42,0.0,679.82,15.6,False,,0.0,0.52,6.36,672.93,679.82,4
237,237,fastfouriertransform,small,warm,200,807.96,807.95,0.0,4.68,803.27,False,,0.0,3.9,0.0,0.77,4.68,5
238,238,genmatrix,small,warm,200,14.13,14.12,0.0,0.11,14.01,False,,0.0,0.02,,0.08,0.11,6
239,239,linpack,medium,warm,200,903.2,903.19,0.0,642.54,260.65,False,,0.0,0.33,3.96,638.25,642.54,5
240,240,fastfouriertransform,small,warm,200,514.98,514.98,0.0,4.57,510.41,False,,0.0,3.81,0.0,0.75,4.57,6
241,241,linpack,medium,warm,200,844.03,844.03,0.0,645.16,198.87,False,,0.0,0.33,4.03,640.79,645.16,7
242,242,genmatrix,large,warm,200,52.5,35.96,16.54,0.79,35.16,False,,0.0,0.02,,0.77,0.79,7
243,243,genmatrix,medium,warm,200,17.19,17.18,0.0,0.2,16.99,False,,0.0,0.02,,0.18,0.2,7
244,244,linpack,large,warm,200,552.18,552.17,0.01,5.25,546.93,False,,0.0,0.37,4.12,0.75,5.24,6
245,245,fastfouriertransform,medium,warm,200,620.77,620.77,0.0,601.06,19.71,False,,0.0,3.9,0.0,597.15,601.06,7
246,246,linpack,small,warm,200,205.1,205.1,0.0,5.02,200.08,False,,0.0,0.33,3.97,0.72,5.02,5
247,247,genmatrix,small,warm,200,14.98,14.98,0.0,0.11,14.87,False,,0.0,0.02,,0.08,0.11,6
248,248,matrixmul,small,warm,200,28.71,28.7,0.0,6.9,21.81,False,,0.0,0.46,5.65,0.77,6.9,6
249,249,linpack,large,warm,200,20.01,20.01,0.0,5.07,14.94,False,,0.0,0.37,3.97,0.73,5.07,4
250,250,fetchdata,medium,warm,200,89.77,89.76,0.0,75.94,13.82,False,75.92,0.0,0.02,0.0,,75.94,2
251,251,matrixmul,small,warm,200,31.15,31.14,0.01,7.78,23.37,False,,0.0,0.52,6.37,0.88,7.77,2
252,252,genmatrix,large,warm,200,55.2,38.44,16.76,0.78,37.67,False,,0.0,0.02,,0.76,0.78,1
253,253,genmatrix,large,warm,200,56.33,39.25,17.08,0.77,38.48,False,,0.0,0.02,,0.74,0.77,1
254,254,fastfouriertransform,large,warm,200,24.95,24.95,0.0,4.59,20.36,False,,0.0,3.84,0.0,0.75,4.59,1
255,255,genmatrix,large,warm,200,54.07,37.19,16.88,0.77,36.42,False,,0.0,0.02,,0.75,0.77,1
256,256,genmatrix,large,warm,200,60.56,37.78,22.78,0.78,37.0,False,,0.0,0.02,,0.75,0.77,1
257,257,matrixmul,medium,warm,200,563.01,563.01,0.0,542.03,20.97,False,,0.0,0.52,6.39,535.11,542.03,1
258,258,matrixmul,large,warm,200,469.76,469.76,0.01,5.0,464.75,False,,0.0,0.4,4.02,0.58,5.0,2
259,259,genmatrix,large,warm,200,60.33,35.63,24.69,0.78,34.86,False,,0.0,0.02,,0.75,0.78,3
260,260,fetchdata,small,warm,200,95.17,95.17,0.0,83.25,11.92,False,83.21,0.0,0.03,0.0,,83.24,3
261,261,matrixmul,large,warm,200,180.87,180.87,0.0,4.92,175.95,False,,0.0,0.36,3.99,0.56,4.92,3
262,262,matrixmul,large,warm,200,95.36,95.36,0.0,4.98,90.38,False,,0.0,0.37,4.03,0.57,4.98,4
263,263,fetchdata,large,warm,200,95.48,95.47,0.0,83.94,11.54,False,83.91,0.0,0.02,0.0,,83.93,1
264,264,linpack,medium,warm,200,691.3,691.29,0.0,679.12,12.17,False,,0.0,0.34,3.97,674.81,679.12,1
265,265,matrixmul,large,warm,200,23.68,23.67,0.0,4.94,18.73,False,,0.0,0.37,4.0,0.57,4.94,2
266,266,fastfouriertransform,medium,warm,200,661.57,661.56,0.0,638.72,22.84,False,,0.0,3.82,0.0,634.9,638.72,2
267,267,genmatrix,small,warm,200,14.53,14.53,0.0,0.11,14.42,False,,0.0,0.02,,0.08,0.11,3
268,268,matrixmul,large,warm,200,25.08,25.08,0.0,4.94,20.14,False,,0.0,0.35,4.02,0.57,4.94,3
269,269,linpack,large,warm,200,19.4,19.4,0.0,5.14,14.26,False,,0.0,0.35,4.03,0.76,5.14,3
270,270,genmatrix,medium,warm,200,15.64,15.63,0.0,0.21,15.43,False,,0.0,0.02,,0.18,0.21,3
271,271,matrixmul,medium,warm,200,533.97,533.97,0.0,514.2,19.77,False,,0.0,0.37,3.99,509.83,514.2,2
272,272,fetchdata,large,warm,200,97.68,97.67,0.0,84.29,13.38,False,84.26,0.0,0.02,0.0,,84.29,3
273,273,matrixmul,large,warm,200,342.82,342.82,0.0,5.42,337.4,False,,0.0,0.34,4.46,0.61,5.42,2
274,274,fetchdata,large,warm,200,98.35,98.34,0.0,84.98,13.36,False,84.94,0.0,0.03,0.0,,84.98,3
275,275,fastfouriertransform,medium,warm,200,661.28,661.28,0.0,641.27,20.01,False,,0.0,3.88,0.0,637.38,641.27,3
276,276,linpack,large,warm,200,21.55,21.54,0.0,5.09,16.45,False,,0.0,0.34,4.01,0.74,5.09,4
277,277,linpack,medium,warm,200,662.58,662.58,0.01,646.25,16.33,False,,0.0,0.35,3.97,641.92,646.25,2
278,278,fastfouriertransform,small,warm,200,372.38,372.37,0.01,4.58,367.79,False,,0.0,3.84,0.0,0.73,4.58,3
279,279,genmatrix,small,warm,200,10.57,10.57,0.0,0.13,10.44,False,,0.0,0.02,,0.11,0.13,4
280,280,fetchdata,small,warm,200,96.15,96.15,0.0,83.63,12.52,False,83.6,0.0,0.02,0.0,,83.63,4
281,281,fastfouriertransform,small,warm,200,78.16,78.15,0.0,4.59,73.56,False,,0.0,3.85,0.0,0.73,4.59,4
282,282,fetchdata,medium,warm,200,96.39,96.38,0.0,83.1,13.28,False,83.08,0.0,0.02,0.0,,83.1,2
283,283,linpack,small,warm,200,20.48,20.47,0.01,5.22,15.25,False,,0.0,0.35,4.01,0.85,5.22,2
284,284,matrixmul,medium,warm,200,530.19,530.19,0.0,510.11,20.08,False,,0.0,0.38,4.02,505.71,510.11,1
285,285,linpack,small,warm,200,24.38,24.38,0.01,5.22,19.16,False,,0.0,0.36,4.06,0.79,5.22,2
286,286,matrixmul,medium,warm,200,845.39,845.38,0.0,509.14,336.24,False,,0.0,0.34,4.02,504.77,509.14,2
287,287,matrixmul,small,warm,200,759.29,759.29,0.0,4.94,754.34,False,,0.0,0.35,4.01,0.57,4.94,3
288,288,fetchdata,large,warm,200,103.83,103.82,0.0,83.97,19.85,False,83.94,0.0,0.02,0.0,,83.97,4
289,289,fastfouriertransform,small,warm,200,26.68,26.67,0.0,4.61,22.06,False,,0.0,3.87,0.0,0.74,4.61,5
290,290,matrixmul,small,warm,200,467.43,467.43,0.0,4.91,462.52,False,,0.0,0.33,4.01,0.56,4.91,3
291,291,fetchdata,large,warm,200,96.68,96.67,0.0,84.14,12.53,False,84.11,0.0,0.02,0.0,,84.14,4
292,292,linpack,medium,warm,200,656.44,656.44,0.0,642.85,13.59,False,,0.0,0.33,3.97,638.55,642.85,4
293,293,fastfouriertransform,large,warm,200,25.03,25.03,0.0,4.6,20.43,False,,0.0,3.84,0.0,0.75,4.6,5
294,294,fetchdata,small,warm,200,97.69,97.69,0.0,83.68,14.01,False,83.65,0.0,0.02,0.0,,83.68,5
295,295,matrixmul,small,warm,200,24.65,24.65,0.0,4.99,19.66,False,,0.0,0.39,4.03,0.57,4.99,2
296,296,matrixmul,large,warm,200,24.83,24.82,0.0,4.91,19.91,False,,0.0,0.35,3.99,0.56,4.91,2
297,297,linpack,large,warm,200,25.54,25.54,0.0,8.01,17.52,False,,0.0,0.52,6.36,1.13,8.01,2
298,298,linpack,medium,warm,200,695.93,695.92,0.0,680.7,15.22,False,,0.0,0.49,5.94,674.27,680.7,2
299,299,matrixmul,large,warm,200,25.32,25.32,0.01,4.92,20.39,False,,0.0,0.35,4.0,0.57,4.92,2
300,300,linpack,medium,warm,200,657.36,657.35,0.0,643.39,13.97,False,,0.0,0.35,3.94,639.09,643.38,2
301,301,linpack,medium,warm,200,1197.57,1197.57,0.0,642.63,554.94,False,,0.0,0.34,3.97,638.31,642.62,3
302,302,fetchdata,large,warm,200,98.65,98.65,0.0,84.2,14.45,False,84.16,0.0,0.03,0.0,,84.2,4
303,303,matrixmul,medium,warm,200,542.91,542.91,0.0,522.97,19.94,False,,0.0,0.35,4.01,518.6,522.96,5
304,304,genmatrix,small,warm,200,13.85,13.85,0.0,0.14,13.71,False,,0.0,0.02,,0.11,0.14,5
305,305,genmatrix,large,warm,200,68.74,48.98,19.75,1.21,47.77,False,,0.0,0.02,,1.18,1.21,4
306,306,matrixmul,large,warm,200,252.48,252.47,0.0,6.51,245.97,False,,0.0,0.44,5.31,0.75,6.5,4
307,307,fetchdata,medium,warm,200,97.86,97.85,0.0,83.87,13.98,False,83.83,0.0,0.03,0.0,,83.87,4
308,308,matrixmul,small,warm,200,68.32,68.32,0.01,6.54,61.77,False,,0.0,0.5,5.3,0.74,6.54,4
309,309,genmatrix,small,warm,200,17.14,17.13,0.0,0.14,16.99,False,,0.0,0.02,,0.11,0.14,2
310,310,genmatrix,medium,warm,200,21.84,21.84,0.0,0.29,21.55,False,,0.0,0.02,,0.26,0.29,2
311,311,genmatrix,large,warm,200,66.11,49.81,16.3,1.11,48.7,False,,0.0,0.02,,1.08,1.11,2
312,312,fastfouriertransform,small,warm,200,25.37,25.37,0.0,4.65,20.72,False,,0.0,3.9,0.0,0.74,4.65,2
313,313,fetchdata,small,warm,200,95.48,95.48,0.0,83.39,12.09,False,83.35,0.0,0.03,0.0,,83.39,1
314,314,matrixmul,large,warm,200,25.64,25.64,0.0,4.91,20.73,False,,0.0,0.35,3.99,0.56,4.91,1
315,315,fetchdata,large,warm,200,97.34,97.34,0.0,83.34,14.0,False,83.3,0.0,0.03,0.0,,83.34,1
316,316,fetchdata,small,warm,200,96.74,96.73,0.0,82.49,14.24,False,82.46,0.0,0.02,0.0,,82.49,2
317,317,matrixmul,medium,warm,200,531.53,531.52,0.0,510.89,20.63,False,,0.0,0.35,4.02,506.51,510.89,1
318,318,genmatrix,large,warm,200,67.15,50.9,16.25,1.21,49.69,False,,0.0,0.02,,1.18,1.2,2
319,319,matrixmul,medium,warm,200,843.95,843.95,0.0,510.6,333.35,False,,0.0,0.33,4.04,506.22,510.6,2
320,320,fastfouriertransform,small,warm,200,24.04,24.04,0.0,4.63,19.41,False,,0.0,3.88,0.0,0.75,4.63,3
321,321,matrixmul,medium,warm,200,1159.07,1159.06,0.0,510.62,648.44,False,,0.0,0.36,4.0,506.25,510.62,3
322,322,linpack,large,warm,200,20.42,20.42,0.0,5.05,15.36,False,,0.0,0.34,3.98,0.73,5.05,4
323,323,fastfouriertransform,large,warm,200,22.75,22.74,0.0,4.58,18.17,False,,0.0,3.83,0.0,0.74,4.58,3
324,324,matrixmul,medium,warm,200,1378.67,1378.67,0.0,510.38,868.29,False,,0.0,0.34,4.04,506.01,510.38,3
325,325,fastfouriertransform,medium,warm,200,742.88,742.88,0.0,723.07,19.8,False,,0.0,3.87,0.0,719.19,723.07,4
326,326,genmatrix,medium,warm,200,21.18,21.18,0.0,0.29,20.89,False,,0.0,0.02,,0.26,0.28,5
327,327,matrixmul,large,cold,200,1089.53,1089.53,0.01,4.92,1084.61,False,,0.0,0.33,4.02,0.56,4.91,5
328,328,linpack,large,warm,200,19.71,19.7,0.0,5.07,14.63,False,,0.0,0.35,3.99,0.73,5.07,5
329,329,fetchdata,medium,warm,200,134.83,134.83,0.0,122.43,12.4,False,122.41,0.0,0.02,0.0,,122.43,5
330,330,fetchdata,medium,warm,200,114.9,114.9,0.0,74.59,40.3,False,74.57,0.0,0.02,0.0,,74.59,6
331,331,matrixmul,medium,warm,200,1216.35,1216.34,0.0,510.69,705.65,False,,0.0,0.36,4.01,506.32,510.69,6
332,332,fastfouriertransform,medium,warm,200,653.23,653.22,0.01,604.94,48.28,False,,0.0,3.83,0.0,601.1,604.94,6
333,333,genmatrix,large,warm,200,84.55,48.55,35.99,1.23,47.32,False,,0.0,0.03,,1.2,1.23,5
334,334,matrixmul,large,warm,200,403.4,403.4,0.0,4.92,398.48,False,,0.0,0.36,3.98,0.56,4.92,5
335,335,fetchdata,medium,warm,200,86.24,86.24,0.0,76.19,10.05,False,76.17,0.0,0.02,0.0,,76.19,6
336,336,fetchdata,large,warm,200,88.38,88.37,0.0,75.42,12.95,False,75.38,0.0,0.04,0.0,,75.42,6
337,337,linpack,small,warm,200,22.87,22.87,0.0,8.0,14.87,False,,0.0,0.51,6.34,1.15,8.0,6
338,338,matrixmul,large,warm,200,531.35,531.35,0.0,4.95,526.39,False,,0.0,0.34,4.03,0.57,4.95,4
339,339,linpack,large,warm,200,17.82,17.82,0.0,5.07,12.74,False,,0.0,0.34,4.01,0.73,5.07,3
340,340,fastfouriertransform,small,warm,200,28.48,28.47,0.0,5.01,23.46,False,,0.0,4.19,0.0,0.81,5.01,3
341,341,matrixmul,small,warm,200,235.25,235.24,0.0,4.94,230.3,False,,0.0,0.37,4.0,0.57,4.94,3
342,342,matrixmul,small,warm,200,151.77,151.77,0.0,4.92,146.85,False,,0.0,0.34,4.01,0.56,4.92,4
343,343,fastfouriertransform,medium,warm,200,680.25,680.24,0.0,659.51,20.73,False,,0.0,4.41,0.0,655.09,659.51,5
344,344,matrixmul,medium,warm,200,527.92,527.91,0.0,510.0,17.91,False,,0.0,0.37,3.99,505.64,510.0,2
345,345,fetchdata,medium,warm,200,85.92,85.92,0.0,76.12,9.79,False,76.1,0.0,0.02,0.0,,76.12,3
346,346,genmatrix,medium,warm,200,22.21,22.2,0.01,0.27,21.93,False,,0.0,0.02,,0.25,0.27,3
347,347,matrixmul,medium,warm,200,1011.75,1007.84,3.91,509.73,498.1,False,,0.0,0.34,4.02,505.37,509.73,3
348,348,matrixmul,medium,warm,200,1157.21,1157.21,0.0,509.82,647.39,False,,0.0,0.37,3.98,505.47,509.82,4
349,349,fastfouriertransform,medium,warm,200,681.65,681.64,0.0,602.84,78.81,False,,0.0,3.81,0.0,599.02,602.83,5
350,350,fastfouriertransform,large,warm,200,594.55,594.54,0.01,4.55,589.99,False,,0.0,3.83,0.0,0.72,4.55,4
351,351,linpack,small,warm,200,23.42,23.42,0.0,7.96,15.46,False,,0.0,0.51,6.3,1.15,7.96,5
352,352,genmatrix,small,warm,200,12.06,12.06,0.0,0.11,11.95,False,,0.0,0.02,,0.09,0.11,5
353,353,fastfouriertransform,large,warm,200,304.92,304.92,0.0,4.68,300.24,False,,0.0,3.9,0.0,0.77,4.68,5
354,354,fastfouriertransform,small,warm,200,204.76,204.75,0.0,4.55,200.2,False,,0.0,3.83,0.0,0.71,4.55,6
355,355,fetchdata,small,warm,200,98.72,98.71,0.01,79.99,18.72,False,79.96,0.0,0.02,0.0,,79.99,7
356,356,fastfouriertransform,large,warm,200,32.46,32.46,0.01,4.59,27.87,False,,0.0,3.84,0.0,0.74,4.59,3
357,357,fetchdata,small,warm,200,85.98,85.98,0.0,76.08,9.9,False,76.06,0.0,0.02,0.0,,76.08,3
358,358,fetchdata,medium,warm,200,87.53,87.53,0.0,76.07,11.46,False,76.04,0.0,0.02,0.0,,76.07,2
359,359,fastfouriertransform,large,warm,200,22.16,22.16,0.0,4.6,17.56,False,,0.0,3.84,0.0,0.75,4.6,2
360,360,fetchdata,medium,warm,200,88.21,88.2,0.0,75.56,12.64,False,75.54,0.0,0.02,0.0,,75.56,1
361,361,genmatrix,medium,warm,200,17.2,17.19,0.0,0.23,16.97,False,,0.0,0.02,,0.2,0.23,1
362,362,fetchdata,large,warm,200,88.12,88.12,0.0,75.17,12.94,False,75.15,0.0,0.02,0.0,,75.17,1
363,363,linpack,large,warm,200,24.21,24.21,0.0,7.97,16.23,False,,0.0,0.51,6.3,1.16,7.97,1
364,364,fastfouriertransform,small,warm,200,25.22,25.21,0.0,4.59,20.62,False,,0.0,3.84,0.0,0.74,4.59,1
365,365,genmatrix,small,warm,200,13.94,13.94,0.0,0.11,13.83,False,,0.0,0.02,,0.08,0.11,1
366,366,linpack,small,warm,200,20.69,20.68,0.0,7.95,12.73,False,,0.0,0.51,6.31,1.14,7.95,1
367,367,genmatrix,large,warm,200,62.68,35.15,27.53,0.79,34.36,False,,0.0,0.02,,0.76,0.78,1
368,368,matrixmul,medium,warm,200,528.46,528.46,0.01,510.74,17.72,False,,0.0,0.35,4.01,506.37,510.74,1
369,369,fetchdata,small,warm,200,87.38,87.38,0.0,75.82,11.56,False,75.79,0.0,0.02,0.0,,75.82,2
370,370,linpack,large,warm,200,22.57,22.57,0.0,7.93,14.64,False,,0.0,0.51,6.28,1.13,7.93,2
371,371,fetchdata,small,warm,200,87.37,87.37,0.0,76.75,10.62,False,76.72,0.0,0.02,0.0,,76.75,2
372,372,genmatrix,large,warm,200,62.07,38.3,23.77,0.78,37.52,False,,0.0,0.02,,0.76,0.78,2
373,373,linpack,small,warm,200,21.39,21.39,0.0,7.95,13.44,False,,0.0,0.51,6.31,1.13,7.95,2
374,374,linpack,small,warm,200,21.72,21.72,0.0,7.43,14.28,False,,0.0,0.48,5.89,1.06,7.43,1
375,375,genmatrix,large,warm,200,77.41,37.79,39.62,0.79,37.0,False,,0.0,0.02,,0.77,0.79,1
376,376,matrixmul,large,warm,200,22.82,22.82,0.01,4.93,17.89,False,,0.0,0.35,3.99,0.58,4.93,1
377,377,genmatrix,small,warm,200,10.3,10.29,0.0,0.11,10.19,False,,0.0,0.02,,0.08,0.1,1
378,378,linpack,large,warm,200,22.87,22.87,0.0,7.94,14.93,False,,0.0,0.51,6.3,1.13,7.94,1
379,379,genmatrix,small,warm,200,10.5,10.49,0.0,0.1,10.39,False,,0.0,0.02,,0.08,0.1,1
380,380,matrixmul,medium,warm,200,543.13,543.13,0.0,521.02,22.11,False,,0.0,0.34,4.02,516.65,521.02,1
381,381,fastfouriertransform,medium,warm,200,700.41,700.4,0.0,679.32,21.08,False,,0.0,6.13,0.0,673.18,679.32,2
382,382,genmatrix,large,warm,200,67.11,35.23,31.88,0.79,34.44,False,,0.0,0.02,,0.77,0.79,3
383,383,matrixmul,large,warm,200,251.06,251.05,0.0,5.64,245.41,False,,0.0,0.34,4.71,0.58,5.64,3
384,384,fetchdata,medium,warm,200,94.15,94.15,0.0,83.11,11.03,False,83.08,0.0,0.02,0.0,,83.11,4
385,385,fetchdata,large,warm,200,93.67,93.67,0.0,79.89,13.77,False,79.86,0.0,0.02,0.0,,79.89,4
386,386,linpack,large,warm,200,24.28,24.27,0.0,7.99,16.28,False,,0.0,0.53,6.31,1.13,7.99,2
387,387,genmatrix,large,warm,200,51.75,35.85,15.9,0.77,35.08,False,,0.0,0.02,,0.74,0.77,2
388,388,linpack,medium,warm,200,706.67,706.67,0.0,691.45,15.22,False,,0.0,0.49,5.94,685.02,691.45,1
389,389,matrixmul,medium,warm,200,534.62,534.61,0.01,514.44,20.17,False,,0.0,0.37,4.04,510.03,514.44,2
390,390,linpack,medium,warm,200,678.84,678.84,0.0,664.51,14.33,False,,0.0,0.54,6.33,657.63,664.51,3
391,391,genmatrix,small,warm,200,14.38,14.37,0.0,0.11,14.27,False,,0.0,0.02,,0.09,0.11,4
392,392,fastfouriertransform,medium,warm,200,663.78,663.77,0.0,645.0,18.77,False,,0.0,3.92,0.0,641.08,645.0,4
393,393,matrixmul,small,warm,200,152.04,152.04,0.0,5.82,146.22,False,,0.0,0.56,4.65,0.61,5.82,5
394,394,matrixmul,large,warm,200,66.14,66.13,0.0,5.65,60.49,False,,0.0,0.36,4.71,0.57,5.65,6
395,395,linpack,large,warm,200,22.57,22.56,0.0,5.03,17.53,False,,0.0,0.33,3.97,0.73,5.03,4
396,396,matrixmul,medium,warm,200,551.43,551.42,0.01,531.71,19.72,False,,0.0,0.38,4.16,527.17,531.71,3
397,397,fastfouriertransform,medium,warm,200,783.62,783.61,0.01,610.35,173.26,False,,0.0,3.81,0.0,606.53,610.35,3
398,398,genmatrix,small,warm,200,14.54,14.54,0.0,0.14,14.39,False,,0.0,0.02,,0.11,0.14,4
399,399,matrixmul,small,warm,200,260.43,260.43,0.01,5.63,254.8,False,,0.0,0.33,4.72,0.57,5.63,3
400,400,genmatrix,medium,warm,200,22.77,22.76,0.0,0.29,22.47,False,,0.0,0.03,,0.26,0.29,4
401,401,genmatrix,medium,warm,200,22.07,17.5,4.57,0.28,17.22,False,,0.0,0.02,,0.25,0.28,4
402,402,linpack,large,warm,200,22.85,22.84,0.0,5.05,17.79,False,,0.0,0.33,3.99,0.73,5.05,2
403,403,genmatrix,large,warm,200,73.41,53.02,20.39,1.18,51.85,False,,0.0,0.02,,1.15,1.17,2
404,404,fastfouriertransform,large,warm,200,83.86,83.85,0.01,4.53,79.32,False,,0.0,3.82,0.0,0.71,4.53,2
405,405,fetchdata,small,warm,200,99.79,99.79,0.01,84.07,15.72,False,84.04,0.0,0.02,0.0,,84.07,1
406,406,fetchdata,large,warm,200,99.14,99.14,0.01,81.83,17.31,False,81.8,0.0,0.02,0.0,,81.83,1
407,407,matrixmul,medium,warm,200,581.54,581.54,0.01,556.36,25.17,False,,0.0,0.39,4.02,551.95,556.36,2
408,408,linpack,small,warm,200,22.55,22.54,0.01,5.03,17.51,False,,0.0,0.33,3.96,0.73,5.03,2
409,409,matrixmul,large,warm,200,399.17,399.16,0.01,5.64,393.52,False,,0.0,0.54,4.52,0.57,5.64,2
410,410,matrixmul,medium,warm,200,807.56,807.56,0.01,514.69,292.87,False,,0.0,0.38,4.67,509.64,514.69,3
411,411,fastfouriertransform,small,warm,200,29.49,29.48,0.01,4.71,24.78,False,,0.0,3.87,0.0,0.83,4.71,4
412,412,genmatrix,small,warm,200,14.78,14.78,0.01,0.14,14.64,False,,0.0,0.02,,0.11,0.14,4
413,413,matrixmul,large,warm,200,532.82,532.81,0.01,6.42,526.39,False,,0.0,0.34,5.48,0.6,6.42,3
414,414,fetchdata,medium,warm,200,98.78,98.77,0.01,84.63,14.14,False,84.6,0.0,0.03,0.0,,84.63,3
415,415,linpack,medium,warm,200,658.85,658.84,0.01,642.14,16.7,False,,0.0,0.33,4.0,637.8,642.14,3
416,416,matrixmul,large,warm,200,299.07,299.07,0.01,4.95,294.12,False,,0.0,0.35,4.01,0.59,4.95,4
417,417,linpack,medium,warm,200,664.58,664.57,0.01,643.62,20.95,False,,0.0,0.34,3.98,639.3,643.62,5
418,418,matrixmul,large,warm,200,42.7,42.69,0.01,5.56,37.13,False,,0.0,0.34,4.64,0.58,5.56,6
419,419,linpack,medium,warm,200,898.3,898.3,0.0,641.85,256.45,False,,0.0,0.33,3.98,637.53,641.85,3
420,420,genmatrix,large,warm,200,80.19,54.31,25.88,1.19,53.12,False,,0.0,0.02,,1.16,1.19,4
421,421,matrixmul,medium,warm,200,540.97,540.96,0.01,512.45,28.51,False,,0.0,0.35,4.01,508.09,512.45,4
422,422,genmatrix,medium,warm,200,24.56,24.55,0.01,0.29,24.27,False,,0.0,0.03,,0.26,0.29,4
423,423,fetchdata,small,warm,200,99.82,99.81,0.01,83.98,15.84,False,83.94,0.0,0.02,0.0,,83.98,4
424,424,fetchdata,medium,warm,200,94.92,94.92,0.01,80.7,14.22,False,80.67,0.0,0.02,0.0,,80.7,3
425,425,fastfouriertransform,large,warm,200,32.28,32.27,0.01,4.69,27.58,False,,0.0,3.9,0.0,0.78,4.69,3
426,426,linpack,large,warm,200,25.87,25.86,0.01,5.06,20.8,False,,0.0,0.34,3.97,0.75,5.06,3
427,427,fetchdata,small,warm,200,100.25,100.24,0.01,81.12,19.12,False,81.09,0.0,0.02,0.0,,81.12,2
428,428,fetchdata,large,warm,200,97.04,97.04,0.01,81.55,15.49,False,81.52,0.0,0.02,0.0,,81.55,1
429,429,matrixmul,medium,warm,200,540.8,540.8,0.01,512.16,28.64,False,,0.0,0.35,4.01,507.79,512.15,2
430,430,linpack,large,warm,200,22.51,22.5,0.01,5.07,17.43,False,,0.0,0.33,4.0,0.73,5.07,2
431,431,linpack,medium,warm,200,663.75,663.74,0.01,644.99,18.75,False,,0.0,0.33,3.96,640.69,644.99,2
432,432,fastfouriertransform,small,warm,200,32.95,32.95,0.01,4.63,28.32,False,,0.0,3.87,0.0,0.75,4.63,3
433,433,genmatrix,small,warm,200,17.72,17.71,0.01,0.14,17.57,False,,0.0,0.03,,0.11,0.14,3
434,434,genmatrix,small,warm,200,17.22,17.21,0.01,0.14,17.07,False,,0.0,0.02,,0.11,0.14,3
435,435,genmatrix,small,warm,200,16.94,16.93,0.01,0.14,16.8,False,,0.0,0.02,,0.11,0.14,2
436,436,linpack,small,warm,200,24.63,24.63,0.01,5.04,19.58,False,,0.0,0.34,3.97,0.73,5.04,2
437,437,genmatrix,small,warm,200,15.97,15.97,0.01,0.16,15.81,False,,0.0,0.04,,0.11,0.15,2
438,438,fastfouriertransform,large,warm,200,35.91,35.9,0.01,7.31,28.59,False,,0.0,6.17,0.0,1.14,7.31,1
439,439,genmatrix,large,warm,200,113.07,57.41,55.67,1.22,56.19,False,,0.0,0.02,,1.19,1.22,1
440,440,fetchdata,large,warm,200,99.91,99.9,0.01,84.02,15.88,False,83.99,0.0,0.02,0.0,,84.02,2
441,441,matrixmul,small,warm,200,26.13,26.13,0.01,4.96,21.17,False,,0.0,0.35,4.03,0.58,4.96,1
442,442,fastfouriertransform,large,warm,200,31.74,31.74,0.01,7.28,24.46,False,,0.0,6.13,0.0,1.14,7.28,1
443,443,genmatrix,medium,warm,200,22.7,22.69,0.01,0.28,22.41,False,,0.0,0.02,,0.25,0.28,1
444,444,matrixmul,medium,warm,200,536.1,536.09,0.01,513.16,22.93,False,,0.0,0.35,4.01,508.8,513.16,1
445,445,genmatrix,small,warm,200,15.25,15.25,0.01,0.14,15.11,False,,0.0,0.02,,0.11,0.14,2
446,446,fastfouriertransform,medium,warm,200,677.64,677.64,0.01,653.48,24.15,False,,0.0,5.17,0.0,648.3,653.48,2
447,447,matrixmul,small,warm,200,254.44,254.43,0.01,5.63,248.8,False,,0.0,0.59,4.46,0.59,5.63,3
448,448,fastfouriertransform,medium,warm,200,1113.7,1113.69,0.01,628.99,484.7,False,,0.0,3.84,0.0,625.13,628.99,4
449,449,matrixmul,small,warm,200,66.85,66.84,0.01,5.69,61.15,False,,0.0,0.38,4.72,0.58,5.69,5
450,450,linpack,large,warm,200,29.64,29.64,0.01,8.02,21.62,False,,0.0,0.51,6.35,1.15,8.02,3
451,451,fastfouriertransform,small,warm,200,822.29,822.28,0.01,5.68,816.6,False,,0.0,4.24,0.01,1.42,5.68,3
452,452,fetchdata,large,warm,200,96.8,96.79,0.01,76.79,20.0,False,76.76,0.0,0.02,0.0,,76.79,4
453,453,genmatrix,small,warm,200,18.15,18.14,0.01,0.14,18.0,False,,0.0,0.02,,0.11,0.14,3
454,454,fetchdata,small,warm,200,89.24,89.23,0.01,75.73,13.51,False,75.7,0.0,0.02,0.0,,75.73,3
455,455,linpack,medium,warm,200,689.05,689.04,0.01,669.53,19.51,False,,0.0,0.51,6.3,662.71,669.53,3
456,456,linpack,large,warm,200,29.32,29.31,0.01,7.99,21.32,False,,0.0,0.51,6.35,1.12,7.99,4
457,457,linpack,small,warm,200,27.93,27.93,0.01,7.51,20.42,False,,0.0,0.49,5.94,1.07,7.5,4
458,458,linpack,medium,warm,200,694.58,694.57,0.01,675.55,19.03,False,,0.0,0.48,5.96,669.1,675.55,4
459,459,matrixmul,medium,warm,200,556.29,556.29,0.01,534.59,21.7,False,,0.0,0.35,4.0,530.24,534.59,5
460,460,genmatrix,large,warm,200,82.87,58.27,24.61,1.24,57.02,False,,0.0,0.07,,1.17,1.24,4
461,461,matrixmul,medium,warm,200,877.7,877.69,0.01,516.1,361.59,False,,0.0,0.33,4.67,511.11,516.1,4
462,462,linpack,large,warm,200,22.34,22.33,0.01,5.03,17.3,False,,0.0,0.33,3.95,0.74,5.03,4
463,463,fastfouriertransform,large,warm,200,28.99,28.99,0.01,4.61,24.38,False,,0.0,3.85,0.0,0.75,4.61,4
464,464,fastfouriertransform,small,warm,200,32.2,32.19,0.01,4.69,27.5,False,,0.0,3.93,0.0,0.75,4.69,4
465,465,fetchdata,medium,warm,200,92.21,92.21,0.01,76.05,16.15,False,76.03,0.0,0.02,0.0,,76.05,2
466,466,fastfouriertransform,small,warm,200,47.14,47.13,0.01,4.65,42.48,False,,0.0,3.89,0.0,0.76,4.65,2
467,467,fetchdata,small,warm,200,91.96,91.95,0.01,75.68,16.27,False,75.65,0.0,0.02,0.0,,75.67,2
468,468,linpack,small,warm,200,25.06,25.05,0.01,5.06,19.99,False,,0.0,0.33,3.97,0.75,5.06,2
469,469,fetchdata,small,warm,200,95.89,95.88,0.01,75.81,20.07,False,75.78,0.0,0.02,0.0,,75.81,2
470,470,matrixmul,medium,warm,200,540.36,540.36,0.01,513.17,27.18,False,,0.0,0.34,3.99,508.83,513.17,1
471,471,linpack,medium,warm,200,660.7,660.69,0.01,642.3,18.39,False,,0.0,0.33,3.97,637.99,642.3,2
472,472,genmatrix,small,warm,200,17.07,17.06,0.01,0.11,16.95,False,,0.0,0.02,,0.08,0.11,3
473,473,fetchdata,medium,warm,200,92.7,92.7,0.01,75.21,17.49,False,75.19,0.0,0.02,0.0,,75.21,3
474,474,genmatrix,large,warm,200,65.46,39.5,25.96,0.81,38.7,False,,0.0,0.02,,0.78,0.8,3
475,475,matrixmul,small,warm,200,50.46,50.46,0.01,5.62,44.84,False,,0.0,0.33,4.68,0.6,5.62,3
476,476,fetchdata,medium,warm,200,89.89,89.89,0.01,75.85,14.04,False,75.82,0.0,0.02,0.0,,75.85,2
477,477,linpack,large,warm,200,25.28,25.28,0.01,5.06,20.21,False,,0.0,0.33,3.99,0.73,5.06,2
478,478,fetchdata,medium,warm,200,93.49,93.48,0.01,76.39,17.09,False,76.37,0.0,0.02,0.0,,76.39,1
479,479,fastfouriertransform,large,warm,200,30.91,30.9,0.01,4.6,26.3,False,,0.0,3.85,0.0,0.74,4.6,1
480,480,fetchdata,large,warm,200,92.55,92.54,0.01,76.73,15.81,False,76.71,0.0,0.02,0.0,,76.73,1
481,481,fetchdata,medium,warm,200,89.48,89.47,0.01,75.38,14.09,False,75.36,0.0,0.02,0.0,,75.38,1
482,482,fetchdata,small,warm,200,93.85,93.84,0.01,75.78,18.07,False,75.75,0.0,0.02,0.0,,75.78,1
483,483,fastfouriertransform,small,warm,200,31.51,31.5,0.01,4.59,26.91,False,,0.0,3.84,0.0,0.75,4.59,1
484,484,genmatrix,large,warm,200,62.94,38.95,23.99,0.78,38.17,False,,0.0,0.02,,0.75,0.78,1
485,485,linpack,medium,warm,200,662.45,662.44,0.01,642.65,19.79,False,,0.0,0.34,3.99,638.33,642.65,1
486,486,matrixmul,small,warm,200,26.85,26.84,0.01,5.02,21.82,False,,0.0,0.34,4.09,0.58,5.02,2
487,487,matrixmul,large,warm,200,30.08,30.07,0.01,4.94,25.13,False,,0.0,0.36,4.0,0.58,4.94,2
488,488,genmatrix,large,warm,200,63.68,39.77,23.91,0.78,38.99,False,,0.0,0.02,,0.76,0.78,2
489,489,matrixmul,medium,warm,200,538.73,538.72,0.01,514.1,24.62,False,,0.0,0.36,4.07,509.66,514.1,2
490,490,linpack,large,warm,200,20.07,20.07,0.01,5.06,15.01,False,,0.0,0.33,3.98,0.74,5.06,3
491,491,matrixmul,medium,warm,200,859.83,859.82,0.01,513.61,346.21,False,,0.0,0.34,4.71,508.56,513.61,3
492,492,fastfouriertransform,large,warm,200,28.47,28.47,0.01,4.6,23.87,False,,0.0,3.85,0.0,0.75,4.6,3
493,493,fastfouriertransform,medium,warm,200,693.49,693.48,0.01,665.15,28.34,False,,0.0,3.84,0.0,661.3,665.14,3
494,494,genmatrix,large,warm,200,65.54,41.63,23.91,0.78,40.85,False,,0.0,0.02,,0.76,0.78,4
495,495,genmatrix,small,warm,200,15.48,15.47,0.01,0.11,15.37,False,,0.0,0.02,,0.08,0.11,3
496,496,fastfouriertransform,small,warm,200,398.69,398.69,0.01,4.59,394.1,False,,0.0,3.83,0.0,0.75,4.59,3
497,497,linpack,large,warm,200,20.81,20.81,0.01,5.09,15.72,False,,0.0,0.35,3.99,0.74,5.09,4
498,498,fastfouriertransform,large,warm,200,222.49,222.48,0.01,4.62,217.86,False,,0.0,3.86,0.0,0.76,4.62,4
499,499,genmatrix,large,warm,200,62.83,37.19,25.65,0.79,36.39,False,,0.0,0.02,,0.77,0.79,5
500,500,fastfouriertransform,small,warm,200,30.45,30.44,0.01,4.69,25.75,False,,0.0,3.88,0.0,0.81,4.69,2
501,501,matrixmul,large,warm,200,26.77,26.76,0.01,4.95,21.81,False,,0.0,0.34,4.02,0.59,4.95,1
502,502,matrixmul,medium,warm,200,540.55,540.55,0.01,516.12,24.42,False,,0.0,0.36,3.99,511.76,516.12,1
503,503,fetchdata,large,warm,200,99.98,99.97,0.01,83.9,16.07,False,83.87,0.0,0.02,0.0,,83.9,2
504,504,matrixmul,large,warm,200,357.77,357.76,0.01,5.56,352.21,False,,0.0,0.33,4.66,0.57,5.56,2
505,505,matrixmul,small,warm,200,271.41,271.41,0.0,5.13,266.28,False,,0.0,0.49,4.06,0.57,5.13,3
506,506,matrixmul,medium,warm,200,694.73,694.72,0.01,519.61,175.11,False,,0.01,0.35,4.72,514.52,519.61,4
507,507,matrixmul,medium,warm,200,1122.08,1122.08,0.01,531.04,591.04,False,,0.0,0.34,5.07,525.62,531.04,5
508,508,genmatrix,large,warm,200,67.23,43.46,23.77,0.78,42.68,False,,0.0,0.03,,0.75,0.78,3
509,509,fastfouriertransform,small,warm,200,31.7,31.69,0.01,4.62,27.07,False,,0.0,3.87,0.0,0.75,4.62,3
510,510,genmatrix,medium,warm,200,17.01,17.0,0.01,0.22,16.79,False,,0.0,0.02,,0.19,0.21,3
511,511,matrixmul,medium,warm,200,1246.97,1246.97,0.01,516.01,730.95,False,,0.0,0.6,4.44,510.97,516.01,3
512,512,matrixmul,large,cold,200,1171.36,1171.35,0.01,5.61,1165.74,False,,0.0,0.34,4.67,0.59,5.61,4
513,513,fastfouriertransform,medium,warm,200,667.58,667.58,0.01,641.01,26.57,False,,0.0,3.85,0.0,637.15,641.01,4
514,514,fastfouriertransform,medium,warm,200,1173.19,1173.19,0.01,603.13,570.05,False,,0.0,3.84,0.0,599.29,603.13,5
515,515,genmatrix,medium,warm,200,21.22,21.22,0.01,0.27,20.94,False,,0.0,0.02,,0.24,0.27,6
516,516,fastfouriertransform,medium,warm,200,1582.0,1582.0,0.01,603.5,978.5,False,,0.0,3.86,0.0,599.63,603.49,6
517,517,linpack,small,warm,200,25.39,25.39,0.01,7.54,17.85,False,,0.0,0.48,5.96,1.09,7.54,7
518,518,linpack,medium,warm,200,656.33,656.33,0.01,641.01,15.32,False,,0.0,0.33,3.99,636.68,641.0,7
519,519,matrixmul,small,warm,200,480.49,480.49,0.01,5.65,474.84,False,,0.0,0.61,4.46,0.58,5.65,7
520,520,fetchdata,large,warm,200,97.62,97.62,0.01,84.68,12.94,False,84.65,0.0,0.03,0.0,,84.68,7
521,521,genmatrix,large,warm,200,86.72,52.83,33.89,1.18,51.64,False,,0.0,0.02,,1.15,1.18,7
522,522,matrixmul,large,warm,200,179.17,179.16,0.01,5.53,173.63,False,,0.0,0.34,4.62,0.57,5.53,7
523,523,matrixmul,small,warm,200,104.25,104.25,0.0,5.75,98.5,False,,0.0,0.35,4.82,0.58,5.75,8
524,524,fetchdata,medium,warm,200,97.93,97.93,0.01,82.96,14.96,False,82.93,0.0,0.03,0.0,,82.96,4
525,525,linpack,small,warm,200,22.86,22.85,0.01,5.09,17.77,False,,0.0,0.33,3.99,0.76,5.09,4
526,526,genmatrix,medium,warm,200,23.08,23.08,0.01,0.3,22.78,False,,0.0,0.02,,0.27,0.3,2
527,527,matrixmul,small,warm,200,24.83,24.82,0.01,4.92,19.9,False,,0.0,0.34,4.02,0.56,4.92,2
528,528,fastfouriertransform,large,warm,200,383.74,383.74,0.01,4.57,379.17,False,,0.0,3.84,0.0,0.72,4.57,2
529,529,linpack,small,warm,200,22.08,22.08,0.01,5.11,16.97,False,,0.0,0.34,4.01,0.76,5.1,3
530,530,fetchdata,medium,warm,200,97.0,96.99,0.01,82.61,14.38,False,82.57,0.0,0.03,0.0,,82.61,3
531,531,linpack,small,warm,200,23.23,23.22,0.01,5.07,18.15,False,,0.0,0.34,3.98,0.75,5.07,3
532,532,linpack,medium,warm,200,660.96,660.95,0.01,643.85,17.11,False,,0.0,0.33,3.95,639.56,643.85,1
533,533,fastfouriertransform,small,warm,200,30.5,30.49,0.01,4.66,25.84,False,,0.0,3.86,0.0,0.79,4.66,2
534,534,fastfouriertransform,medium,warm,200,663.62,663.61,0.01,639.85,23.77,False,,0.0,3.83,0.0,636.01,639.85,2
535,535,fastfouriertransform,large,warm,200,571.29,571.28,0.01,4.58,566.7,False,,0.0,3.82,0.0,0.76,4.58,3
536,536,fetchdata,medium,warm,200,98.94,98.93,0.01,84.06,14.88,False,84.02,0.0,0.03,0.0,,84.05,4
537,537,genmatrix,large,warm,200,77.83,55.26,22.56,1.18,54.08,False,,0.0,0.02,,1.15,1.18,4
538,538,genmatrix,medium,warm,200,20.79,20.78,0.01,0.26,20.52,False,,0.0,0.02,,0.23,0.26,4
539,539,matrixmul,medium,warm,200,538.86,538.85,0.01,515.33,23.52,False,,0.0,0.36,4.04,510.92,515.32,3
540,540,fetchdata,medium,warm,200,99.29,99.28,0.01,84.06,15.22,False,84.03,0.0,0.02,0.0,,84.06,4
541,541,linpack,small,warm,200,25.02,25.01,0.01,5.09,19.92,False,,0.0,0.33,4.02,0.73,5.09,2
542,542,matrixmul,small,warm,200,251.02,251.02,0.01,5.63,245.38,False,,0.0,0.33,4.73,0.57,5.63,2
543,543,linpack,large,warm,200,20.68,20.68,0.01,5.17,15.51,False,,0.0,0.36,4.05,0.76,5.17,3
544,544,fetchdata,small,warm,200,96.27,96.26,0.01,81.37,14.9,False,81.34,0.0,0.02,0.0,,81.36,3
545,545,genmatrix,medium,warm,200,21.98,21.97,0.01,0.29,21.69,False,,0.0,0.02,,0.26,0.29,1
546,546,genmatrix,large,warm,200,110.44,50.42,60.03,1.11,49.3,False,,0.0,0.02,,1.09,1.11,1
547,547,genmatrix,small,warm,200,32.51,32.5,0.01,0.13,32.37,False,,0.0,0.02,,0.1,0.13,2
548,548,genmatrix,large,warm,200,74.76,51.06,23.7,1.05,50.0,False,,0.0,0.02,,1.03,1.05,1
549,549,genmatrix,large,warm,200,74.86,51.42,23.44,1.07,50.35,False,,0.0,0.02,,1.04,1.06,1
550,550,linpack,large,warm,200,23.12,23.12,0.01,5.05,18.07,False,,0.0,0.33,3.97,0.74,5.05,1
551,551,matrixmul,small,warm,200,26.3,26.29,0.01,4.93,21.37,False,,0.0,0.34,4.01,0.56,4.92,1
552,552,matrixmul,large,warm,200,27.63,27.62,0.01,4.92,22.7,False,,0.0,0.34,4.01,0.56,4.92,1
553,553,matrixmul,medium,warm,200,534.48,534.47,0.01,513.42,21.05,False,,0.0,0.34,3.99,509.08,513.42,1
554,554,genmatrix,large,warm,200,77.0,54.65,22.35,1.22,53.43,False,,0.0,0.02,,1.19,1.22,2
555,555,linpack,medium,warm,200,665.16,665.15,0.01,647.25,17.9,False,,0.0,0.33,4.0,642.91,647.25,2
556,556,matrixmul,medium,warm,200,756.4,756.39,0.01,517.54,238.85,False,,0.0,0.36,4.49,512.69,517.54,3
557,557,fetchdata,large,warm,200,94.89,94.88,0.01,80.33,14.55,False,80.3,0.0,0.02,0.0,,80.33,4
558,558,fetchdata,large,warm,200,98.83,98.83,0.01,85.89,12.93,False,85.87,0.0,0.02,0.0,,85.89,4
559,559,matrixmul,small,warm,200,472.48,472.47,0.01,5.38,467.09,False,,0.0,0.33,4.48,0.57,5.38,3
560,560,matrixmul,small,warm,200,396.52,396.51,0.01,5.66,390.86,False,,0.0,0.36,4.72,0.57,5.66,4
561,561,genmatrix,large,warm,200,106.67,52.67,54.01,1.19,51.48,False,,0.0,0.02,,1.16,1.19,5
562,562,matrixmul,large,warm,200,199.4,199.39,0.01,5.59,193.8,False,,0.0,0.35,4.67,0.57,5.59,5
563,563,matrixmul,medium,warm,200,625.36,625.35,0.01,515.51,109.84,False,,0.0,0.36,4.69,510.45,515.51,5
564,564,fetchdata,medium,warm,200,91.79,91.79,0.01,76.01,15.78,False,75.98,0.0,0.02,0.0,,76.01,3
565,565,fastfouriertransform,small,warm,200,28.01,28.01,0.01,4.62,23.39,False,,0.0,3.87,0.0,0.75,4.62,2
566,566,linpack,large,warm,200,23.64,23.63,0.01,5.1,18.53,False,,0.0,0.33,3.99,0.77,5.1,2
567,567,genmatrix,small,warm,200,15.17,15.16,0.01,0.14,15.03,False,,0.0,0.02,,0.11,0.14,2
568,568,matrixmul,small,warm,200,133.21,133.2,0.01,5.65,127.55,False,,0.0,0.33,4.72,0.6,5.65,2
569,569,linpack,medium,warm,200,689.0,688.99,0.01,670.66,18.34,False,,0.0,0.33,3.96,666.36,670.65,3
570,570,fastfouriertransform,large,warm,200,29.44,29.44,0.01,4.62,24.82,False,,0.0,3.86,0.0,0.76,4.62,2
571,571,fetchdata,medium,warm,200,91.77,91.77,0.01,76.6,15.17,False,76.57,0.0,0.02,0.0,,76.59,2
572,572,fetchdata,small,warm,200,89.69,89.68,0.01,76.56,13.12,False,76.53,0.0,0.02,0.0,,76.56,2
573,573,matrixmul,medium,warm,200,537.08,537.07,0.01,512.83,24.24,False,,0.0,0.34,3.99,508.49,512.83,2
574,574,genmatrix,large,warm,200,89.86,57.14,32.72,1.19,55.95,False,,0.0,0.02,,1.16,1.18,3
575,575,matrixmul,large,warm,200,350.46,350.45,0.01,5.61,344.84,False,,0.0,0.33,4.7,0.57,5.61,3
576,576,fastfouriertransform,medium,warm,200,752.03,752.02,0.01,724.48,27.54,False,,0.0,3.87,0.0,720.6,724.48,3
577,577,linpack,medium,warm,200,662.73,662.73,0.01,643.07,19.66,False,,0.0,0.34,3.97,638.75,643.07,4
578,578,genmatrix,large,warm,200,83.69,60.83,22.86,1.19,59.64,False,,0.0,0.03,,1.16,1.19,5
579,579,matrixmul,large,warm,200,27.56,27.55,0.01,4.97,22.59,False,,0.0,0.35,4.04,0.58,4.97,3
580,580,fastfouriertransform,large,warm,200,351.52,351.52,0.01,4.58,346.94,False,,0.0,3.83,0.0,0.74,4.57,3
581,581,fastfouriertransform,small,warm,200,263.09,263.08,0.01,4.71,258.37,False,,0.0,3.88,0.0,0.83,4.71,4
582,582,genmatrix,small,warm,200,15.45,15.45,0.01,0.14,15.31,False,,0.0,0.03,,0.11,0.14,5
583,583,fastfouriertransform,medium,warm,200,674.12,674.11,0.01,603.96,70.16,False,,0.0,3.83,0.0,600.12,603.95,5
584,584,fastfouriertransform,large,warm,200,578.79,578.79,0.01,4.57,574.21,False,,0.0,3.86,0.0,0.71,4.57,2
585,585,fastfouriertransform,medium,warm,200,1075.54,1075.53,0.01,602.34,473.19,False,,0.0,3.86,0.0,598.47,602.34,3
586,586,fetchdata,large,warm,200,90.28,90.27,0.01,76.45,13.83,False,76.42,0.0,0.02,0.0,,76.45,4
587,587,genmatrix,small,warm,200,14.61,14.6,0.01,0.11,14.5,False,,0.0,0.02,,0.08,0.11,4
588,588,fastfouriertransform,medium,warm,200,1402.24,1402.23,0.01,620.95,781.28,False,,0.0,3.84,0.0,617.1,620.95,4
589,589,fastfouriertransform,medium,cold,200,1910.57,1910.56,0.01,602.92,1307.64,False,,0.0,3.87,0.0,599.04,602.92,5
590,590,genmatrix,medium,warm,200,17.03,17.03,0.01,0.2,16.82,False,,0.0,0.02,,0.18,0.2,4
591,591,matrixmul,small,warm,200,25.68,25.67,0.01,4.93,20.74,False,,0.0,0.34,4.01,0.58,4.93,4
592,592,fetchdata,large,warm,200,92.85,92.84,0.01,76.45,16.4,False,76.42,0.0,0.02,0.0,,76.45,4
593,593,matrixmul,large,warm,200,26.59,26.58,0.01,4.97,21.61,False,,0.0,0.37,4.01,0.58,4.97,4
594,594,fetchdata,small,warm,200,88.22,88.22,0.01,75.83,12.38,False,75.81,0.0,0.02,0.0,,75.83,4
595,595,fetchdata,small,warm,200,89.31,89.31,0.01,76.06,13.24,False,76.04,0.0,0.02,0.0,,76.06,4
596,596,linpack,medium,warm,200,710.47,710.47,0.01,682.33,28.14,False,,0.0,0.52,6.5,675.31,682.33,3
597,597,linpack,large,warm,200,22.87,22.86,0.01,5.05,17.81,False,,0.0,0.33,3.96,0.76,5.05,4
598,598,fetchdata,medium,warm,200,86.98,86.98,0.01,75.28,11.7,False,75.25,0.0,0.02,0.0,,75.27,4
599,599,linpack,small,warm,200,22.88,22.87,0.01,5.06,17.81,False,,0.0,0.33,3.98,0.74,5.06,4
600,600,fetchdata,medium,warm,200,92.92,92.91,0.01,77.34,15.57,False,77.32,0.0,0.02,0.0,,77.34,4
601,601,genmatrix,medium,warm,200,16.91,16.9,0.01,0.2,16.7,False,,0.0,0.02,,0.18,0.2,4
602,602,genmatrix,large,warm,200,63.53,42.09,21.44,0.8,41.29,False,,0.0,0.02,,0.78,0.8,3
603,603,fastfouriertransform,medium,warm,200,1110.09,1110.09,0.01,602.59,507.5,False,,0.0,3.84,0.0,598.74,602.59,3
604,604,genmatrix,large,warm,200,62.11,40.93,21.18,0.78,40.14,False,,0.0,0.02,,0.76,0.78,3
605,605,linpack,small,warm,200,22.16,22.15,0.01,5.04,17.11,False,,0.0,0.33,3.97,0.74,5.04,3
606,606,fastfouriertransform,medium,warm,200,1409.84,1409.84,0.01,599.32,810.52,False,,0.0,3.88,0.0,595.43,599.31,3
607,607,genmatrix,large,warm,200,64.4,41.9,22.5,0.78,41.13,False,,0.0,0.02,,0.76,0.78,4
608,608,genmatrix,large,warm,200,124.72,40.81,83.91,0.79,40.03,False,,0.0,0.02,,0.76,0.79,4
609,609,matrixmul,large,warm,200,41.7,41.69,0.01,4.94,36.76,False,,0.0,0.35,4.01,0.57,4.94,4
610,610,genmatrix,medium,warm,200,18.79,18.79,0.01,0.2,18.59,False,,0.0,0.02,,0.17,0.2,3
611,611,genmatrix,small,warm,200,14.93,14.92,0.01,0.11,14.82,False,,0.0,0.02,,0.08,0.1,3
612,612,matrixmul,medium,warm,200,574.2,574.2,0.01,550.29,23.9,False,,0.0,0.52,6.4,543.37,550.29,3
613,613,fastfouriertransform,small,warm,200,723.02,723.01,0.01,4.57,718.44,False,,0.0,3.86,0.0,0.7,4.57,4
614,614,matrixmul,large,warm,200,384.82,384.81,0.01,4.92,379.89,False,,0.0,0.33,4.02,0.56,4.92,5
615,615,genmatrix,large,warm,200,71.39,39.3,32.09,0.8,38.5,False,,0.0,0.02,,0.78,0.8,5
616,616,genmatrix,large,warm,200,90.64,42.8,47.83,0.8,42.01,False,,0.0,0.02,,0.77,0.8,5
617,617,genmatrix,small,warm,200,15.19,15.19,0.01,0.11,15.08,False,,0.0,0.02,,0.08,0.11,5
618,618,matrixmul,medium,warm,200,542.08,542.07,0.0,519.14,22.93,False,,0.0,0.37,4.04,514.73,519.14,3
619,619,fastfouriertransform,large,warm,200,127.97,127.96,0.01,4.63,123.33,False,,0.0,3.86,0.0,0.76,4.63,4
620,620,fastfouriertransform,large,warm,200,37.03,37.02,0.01,4.54,32.48,False,,0.0,3.84,0.0,0.7,4.54,5
621,621,matrixmul,medium,warm,200,770.83,770.83,0.01,514.3,256.52,False,,0.0,0.34,4.72,509.24,514.3,2
622,622,fetchdata,large,warm,200,146.57,146.57,0.01,130.61,15.95,False,130.58,0.0,0.03,0.0,,130.61,3
623,623,genmatrix,small,warm,200,16.09,16.08,0.01,0.1,15.98,False,,0.0,0.02,,0.08,0.1,4
624,624,fetchdata,large,warm,200,96.41,96.4,0.01,83.66,12.74,False,83.63,0.0,0.02,0.0,,83.66,2
625,625,genmatrix,large,warm,200,64.72,42.71,22.01,0.79,41.92,False,,0.0,0.02,,0.77,0.79,2
626,626,fetchdata,large,warm,200,97.92,97.91,0.01,84.4,13.51,False,84.37,0.0,0.02,0.0,,84.4,2
627,627,fastfouriertransform,large,warm,200,28.93,28.93,0.01,4.6,24.32,False,,0.0,3.86,0.0,0.74,4.6,2
628,628,fastfouriertransform,medium,warm,200,631.08,631.08,0.01,603.49,27.59,False,,0.0,3.88,0.0,599.6,603.49,2
629,629,matrixmul,small,warm,200,25.8,25.79,0.01,4.92,20.87,False,,0.0,0.34,4.0,0.58,4.92,2
630,630,linpack,medium,warm,200,704.7,704.7,0.01,685.43,19.27,False,,0.0,0.51,6.34,678.57,685.42,2
631,631,fetchdata,small,warm,200,146.11,146.1,0.01,132.56,13.55,False,132.53,0.0,0.03,0.0,,132.56,3
632,632,genmatrix,medium,warm,200,19.05,19.04,0.01,0.2,18.85,False,,0.0,0.02,,0.18,0.2,4
633,633,matrixmul,small,warm,200,27.25,27.25,0.01,5.35,21.9,False,,0.0,0.4,4.29,0.65,5.34,3
634,634,fetchdata,small,warm,200,102.99,102.99,0.01,85.24,17.75,False,85.21,0.0,0.03,0.0,,85.24,3
635,635,linpack,medium,warm,200,659.75,659.74,0.01,641.8,17.94,False,,0.0,0.34,4.0,637.46,641.8,3
636,636,linpack,large,warm,200,109.03,109.02,0.01,5.16,103.86,False,,0.0,0.35,4.01,0.79,5.16,3
637,637,genmatrix,small,warm,200,15.68,15.68,0.0,0.14,15.54,False,,0.0,0.02,,0.11,0.14,4
638,638,genmatrix,medium,warm,200,20.83,20.83,0.01,0.29,20.53,False,,0.0,0.02,,0.27,0.29,2
639,639,genmatrix,large,warm,200,70.42,49.48,20.94,1.13,48.35,False,,0.0,0.02,,1.1,1.13,2
640,640,genmatrix,small,warm,200,15.28,15.28,0.01,0.12,15.15,False,,0.0,0.02,,0.1,0.12,2
641,641,matrixmul,small,warm,200,25.7,25.69,0.01,4.96,20.74,False,,0.0,0.35,4.02,0.59,4.96,2
642,642,fetchdata,small,warm,200,95.01,95.01,0.01,82.46,12.55,False,82.43,0.0,0.02,0.0,,82.46,1
643,643,matrixmul,large,warm,200,26.02,26.02,0.01,4.96,21.05,False,,0.0,0.35,4.02,0.59,4.96,1
644,644,genmatrix,small,warm,200,14.89,14.89,0.01,0.14,14.74,False,,0.0,0.02,,0.11,0.14,1
645,645,matrixmul,small,warm,200,23.88,23.88,0.01,4.96,18.92,False,,0.0,0.35,4.02,0.59,4.96,1
646,646,genmatrix,large,warm,200,76.56,55.72,20.85,1.18,54.53,False,,0.0,0.02,,1.16,1.18,1
647,647,fastfouriertransform,medium,warm,200,627.48,627.47,0.01,603.79,23.68,False,,0.0,3.91,0.0,599.87,603.79,1
648,648,genmatrix,large,warm,200,91.22,54.26,36.96,1.17,53.08,False,,0.0,0.03,,1.14,1.17,2
649,649,genmatrix,large,warm,200,82.47,46.47,36.0,0.98,45.49,False,,0.0,0.02,,0.95,0.98,2
650,650,matrixmul,large,warm,200,26.3,26.29,0.01,5.02,21.27,False,,0.0,0.35,4.08,0.59,5.02,2
651,651,genmatrix,small,warm,200,14.74,14.73,0.01,0.14,14.59,False,,0.0,0.03,,0.11,0.14,2
652,652,fetchdata,medium,warm,200,97.25,97.25,0.01,81.58,15.66,False,81.55,0.0,0.02,0.0,,81.58,2
653,653,fastfouriertransform,large,warm,200,38.31,38.3,0.01,4.57,33.73,False,,0.0,3.84,0.0,0.72,4.57,2
654,654,linpack,medium,warm,200,709.31,709.31,0.0,682.04,27.26,False,,0.0,0.52,6.37,675.14,682.04,1
655,655,linpack,small,warm,200,609.79,609.78,0.01,5.06,604.72,False,,0.0,0.33,4.0,0.73,5.06,2
656,656,fastfouriertransform,large,warm,200,30.87,30.87,0.01,4.72,26.15,False,,0.0,3.9,0.0,0.81,4.72,3
657,657,matrixmul,large,warm,200,31.7,31.7,0.01,4.94,26.76,False,,0.0,0.36,4.0,0.57,4.93,3
658,658,genmatrix,large,warm,200,88.66,54.66,34.0,1.21,53.46,False,,0.0,0.04,,1.16,1.21,3
659,659,matrixmul,small,warm,200,28.48,28.47,0.01,4.99,23.48,False,,0.0,0.38,4.04,0.57,4.99,3
660,660,fetchdata,small,warm,200,110.99,110.98,0.01,84.64,26.34,False,84.61,0.0,0.02,0.0,,84.64,3
661,661,fastfouriertransform,medium,warm,200,624.4,624.4,0.01,602.87,21.53,False,,0.0,3.88,0.0,598.97,602.86,4
662,662,matrixmul,small,warm,200,30.11,30.11,0.01,4.95,25.15,False,,0.0,0.34,4.03,0.58,4.95,2
663,663,fastfouriertransform,small,warm,200,436.29,436.28,0.0,4.59,431.69,False,,0.0,3.84,0.0,0.74,4.59,2
664,664,linpack,small,warm,200,23.0,22.99,0.01,5.06,17.93,False,,0.0,0.33,3.98,0.75,5.06,3
665,665,matrixmul,medium,warm,200,608.28,608.27,0.01,587.27,21.0,False,,0.0,0.53,6.38,580.36,587.27,3
666,666,genmatrix,large,warm,200,89.22,51.9,37.32,1.17,50.73,False,,0.0,0.02,,1.14,1.17,4
667,667,linpack,medium,warm,200,661.79,661.79,0.01,645.66,16.13,False,,0.0,0.34,3.99,641.32,645.66,4
668,668,linpack,large,warm,200,576.12,576.11,0.01,5.08,571.03,False,,0.0,0.33,4.02,0.73,5.08,3
669,669,fetchdata,medium,warm,200,98.4,98.4,0.01,82.78,15.62,False,82.75,0.0,0.02,0.0,,82.78,4
670,670,fastfouriertransform,medium,warm,200,626.28,626.28,0.01,601.51,24.77,False,,0.0,3.89,0.0,597.62,601.51,4
671,671,linpack,medium,warm,200,917.77,917.77,0.01,642.06,275.71,False,,0.0,0.33,3.97,637.76,642.06,5
672,672,genmatrix,small,warm,200,14.11,14.1,0.01,0.14,13.96,False,,0.0,0.02,,0.12,0.14,5
673,673,genmatrix,small,warm,200,16.04,16.03,0.01,0.13,15.9,False,,0.0,0.02,,0.11,0.13,5
674,674,matrixmul,medium,warm,200,534.09,534.08,0.01,514.43,19.65,False,,0.0,0.34,4.02,510.06,514.43,3
675,675,fetchdata,medium,warm,200,107.33,107.32,0.01,84.32,23.0,False,84.29,0.0,0.02,0.0,,84.32,4
676,676,fastfouriertransform,large,warm,200,32.75,32.75,0.0,4.55,28.19,False,,0.0,3.84,0.0,0.71,4.55,5
677,677,genmatrix,large,warm,200,73.15,54.51,18.64,1.21,53.3,False,,0.0,0.02,,1.18,1.21,3
678,678,genmatrix,small,warm,200,16.22,16.21,0.01,0.12,16.09,False,,0.0,0.02,,0.1,0.12,3
679,679,matrixmul,medium,warm,200,760.47,760.46,0.01,511.97,248.49,False,,0.0,0.35,3.99,507.63,511.97,3
680,680,fetchdata,small,warm,200,86.14,86.13,0.01,76.15,9.98,False,76.13,0.0,0.02,0.0,,76.15,3
681,681,matrixmul,small,warm,200,24.01,24.0,0.01,5.02,18.99,False,,0.0,0.35,4.07,0.59,5.02,2
682,682,fetchdata,large,warm,200,89.14,89.13,0.01,75.81,13.32,False,75.79,0.0,0.02,0.0,,75.81,2
683,683,linpack,small,warm,200,20.18,20.17,0.01,5.06,15.11,False,,0.0,0.34,3.98,0.74,5.06,2
684,684,fastfouriertransform,medium,warm,200,626.29,626.29,0.01,601.99,24.3,False,,0.0,3.88,0.0,598.1,601.99,2
685,685,fetchdata,small,warm,200,88.14,88.13,0.01,76.23,11.9,False,76.2,0.0,0.02,0.0,,76.23,3
686,686,linpack,small,warm,200,22.59,22.59,0.01,5.07,17.51,False,,0.0,0.35,3.97,0.75,5.07,3
687,687,fastfouriertransform,large,warm,200,337.89,337.89,0.0,4.54,333.35,False,,0.0,3.82,0.0,0.71,4.54,2
688,688,fetchdata,large,warm,200,88.38,88.37,0.01,75.22,13.16,False,75.19,0.0,0.02,0.0,,75.21,3
689,689,fetchdata,small,warm,200,87.15,87.15,0.01,75.49,11.66,False,75.46,0.0,0.02,0.0,,75.48,3
690,690,genmatrix,small,warm,200,13.2,13.19,0.01,0.14,13.06,False,,0.0,0.02,,0.11,0.14,3
691,691,linpack,small,warm,200,20.17,20.17,0.01,5.06,15.11,False,,0.0,0.33,3.98,0.74,5.06,1
692,692,genmatrix,small,warm,200,13.95,13.95,0.01,0.14,13.81,False,,0.0,0.02,,0.11,0.14,1
693,693,fetchdata,large,warm,200,93.71,93.71,0.01,81.87,11.84,False,81.84,0.0,0.02,0.0,,81.87,1
694,694,genmatrix,small,warm,200,14.23,14.23,0.01,0.14,14.09,False,,0.0,0.02,,0.11,0.14,1
695,695,fastfouriertransform,large,warm,200,28.72,28.72,0.01,5.34,23.38,False,,0.0,4.38,0.01,0.95,5.34,1
696,696,fastfouriertransform,small,warm,200,29.88,29.87,0.01,4.92,24.96,False,,0.0,4.03,0.0,0.87,4.91,1
697,697,fastfouriertransform,medium,warm,200,626.89,626.88,0.01,606.01,20.88,False,,0.0,3.87,0.0,602.13,606.01,1
698,698,fetchdata,large,warm,200,89.36,89.36,0.01,75.38,13.98,False,75.35,0.0,0.02,0.0,,75.38,2
699,699,genmatrix,small,warm,200,16.18,16.18,0.01,0.13,16.05,False,,0.0,0.02,,0.1,0.13,2
700,700,fetchdata,medium,warm,200,88.1,88.09,0.01,76.27,11.82,False,76.25,0.0,0.02,0.0,,76.27,2
701,701,fastfouriertransform,small,warm,200,239.85,239.84,0.01,4.58,235.26,False,,0.0,3.86,0.0,0.72,4.58,2
702,702,matrixmul,large,warm,200,27.23,27.22,0.01,4.92,22.3,False,,0.0,0.35,4.0,0.57,4.92,3
703,703,fastfouriertransform,large,warm,200,40.77,40.76,0.0,4.61,36.15,False,,0.0,3.86,0.0,0.75,4.61,3
704,704,fastfouriertransform,medium,warm,200,627.58,627.57,0.01,602.39,25.19,False,,0.0,3.87,0.0,598.51,602.39,1
705,705,matrixmul,medium,warm,200,535.04,535.03,0.0,511.28,23.75,False,,0.0,0.35,4.03,506.9,511.28,2
706,706,linpack,large,warm,200,22.74,22.73,0.01,6.67,16.06,False,,0.0,0.44,5.28,0.96,6.67,3
707,707,fastfouriertransform,medium,warm,200,935.64,935.63,0.01,606.18,329.45,False,,0.0,3.85,0.0,602.32,606.17,3
708,708,linpack,small,warm,200,21.81,21.8,0.01,8.04,13.76,False,,0.0,0.52,6.37,1.15,8.04,4
709,709,linpack,small,warm,200,22.55,22.54,0.01,7.54,15.0,False,,0.0,0.48,5.96,1.09,7.54,4
710,710,linpack,medium,warm,200,683.17,683.16,0.01,667.44,15.72,False,,0.0,0.49,5.96,660.99,667.44,4
711,711,matrixmul,large,warm,200,27.1,27.09,0.01,4.93,22.16,False,,0.0,0.35,4.02,0.56,4.93,3
712,712,fastfouriertransform,small,warm,200,441.52,441.51,0.01,4.56,436.96,False,,0.0,3.86,0.0,0.69,4.56,3
713,713,matrixmul,medium,warm,200,562.95,562.94,0.01,542.41,20.53,False,,0.0,0.35,4.02,538.03,542.41,4
714,714,matrixmul,large,warm,200,472.39,472.38,0.01,4.94,467.45,False,,0.0,0.33,4.02,0.59,4.93,5
715,715,fastfouriertransform,medium,warm,200,743.17,743.16,0.01,599.4,143.76,False,,0.0,3.9,0.0,595.49,599.4,6
716,716,matrixmul,small,warm,200,285.09,285.09,0.01,4.97,280.11,False,,0.0,0.37,4.03,0.57,4.97,7
717,717,fastfouriertransform,medium,warm,200,1153.3,1153.29,0.01,606.06,547.23,False,,0.0,3.85,0.0,602.2,606.06,5
718,718,linpack,small,warm,200,22.1,22.09,0.01,5.06,17.03,False,,0.0,0.33,3.98,0.74,5.06,6
719,719,fastfouriertransform,small,warm,200,963.83,963.83,0.01,4.61,959.21,False,,0.0,3.86,0.0,0.75,4.61,3
720,720,genmatrix,large,warm,200,67.59,40.13,27.46,0.78,39.35,False,,0.0,0.02,,0.76,0.78,4
721,721,linpack,large,warm,200,21.28,21.27,0.01,5.05,16.22,False,,0.0,0.34,3.97,0.74,5.05,4
722,722,genmatrix,medium,warm,200,16.02,16.01,0.01,0.2,15.81,False,,0.0,0.02,,0.18,0.2,4
723,723,linpack,large,warm,200,21.68,21.68,0.01,5.07,16.61,False,,0.0,0.33,3.99,0.75,5.07,3
724,724,genmatrix,medium,warm,200,16.05,16.04,0.01,0.2,15.84,False,,0.0,0.02,,0.18,0.2,3
725,725,linpack,large,warm,200,21.13,21.13,0.01,5.08,16.05,False,,0.0,0.33,4.0,0.74,5.08,3
726,726,matrixmul,small,warm,200,24.07,24.07,0.01,4.93,19.14,False,,0.0,0.35,4.01,0.56,4.93,3
727,727,fastfouriertransform,large,warm,200,166.02,166.02,0.0,4.53,161.49,False,,0.0,3.83,0.0,0.7,4.53,3
728,728,linpack,large,warm,200,21.39,21.39,0.01,5.08,16.31,False,,0.0,0.35,3.97,0.75,5.08,4
729,729,fetchdata,medium,warm,200,99.29,99.28,0.01,83.97,15.31,False,83.94,0.0,0.03,0.0,,83.97,1
730,730,matrixmul,small,warm,200,23.41,23.4,0.01,4.96,18.44,False,,0.0,0.35,4.04,0.57,4.96,1
731,731,matrixmul,medium,warm,200,543.01,543.0,0.01,525.34,17.66,False,,0.0,0.35,4.01,520.98,525.34,1
732,732,matrixmul,medium,warm,200,974.36,974.36,0.01,514.7,459.66,False,,0.0,0.33,4.47,509.89,514.7,2
733,733,matrixmul,large,warm,200,886.29,886.28,0.01,5.67,880.61,False,,0.0,0.4,4.69,0.57,5.67,3
734,734,fastfouriertransform,medium,warm,200,623.46,623.45,0.01,601.74,21.71,False,,0.0,3.92,0.0,597.82,601.74,4
735,735,matrixmul,medium,warm,200,1211.74,1211.74,0.01,516.54,695.2,False,,0.0,0.66,4.15,511.72,516.54,5
736,736,genmatrix,medium,warm,200,18.45,18.45,0.01,0.2,18.25,False,,0.0,0.02,,0.18,0.2,6
737,737,fetchdata,large,warm,200,99.29,99.28,0.01,84.78,14.5,False,84.75,0.0,0.02,0.0,,84.78,5
738,738,matrixmul,small,warm,200,392.51,392.51,0.01,5.69,386.82,False,,0.0,0.33,4.75,0.6,5.69,5
739,739,fastfouriertransform,small,warm,200,136.06,136.05,0.01,4.56,131.49,False,,0.0,3.84,0.0,0.71,4.56,6
740,740,fastfouriertransform,medium,warm,200,634.91,634.91,0.01,601.45,33.46,False,,0.0,3.87,0.0,597.58,601.45,7
741,741,fastfouriertransform,large,warm,200,544.96,544.96,0.01,4.56,540.4,False,,0.0,3.84,0.0,0.71,4.56,6
742,742,genmatrix,small,warm,200,13.3,13.3,0.01,0.11,13.19,False,,0.0,0.02,,0.08,0.11,4
743,743,linpack,small,warm,200,21.66,21.65,0.01,5.1,16.55,False,,0.0,0.33,4.02,0.75,5.1,4
744,744,linpack,large,warm,200,22.28,22.27,0.01,6.13,16.14,False,,0.0,0.35,4.92,0.86,6.13,4
745,745,linpack,medium,warm,200,665.29,665.28,0.01,648.53,16.76,False,,0.0,0.35,4.04,644.14,648.53,4
746,746,fastfouriertransform,medium,warm,200,648.11,648.1,0.01,606.02,42.08,False,,0.0,3.87,0.0,602.14,606.01,5
747,747,genmatrix,large,warm,200,55.85,38.0,17.84,0.8,37.2,False,,0.0,0.02,,0.78,0.8,4
748,748,matrixmul,large,warm,200,26.79,26.78,0.01,5.19,21.59,False,,0.0,0.37,4.12,0.69,5.19,3
749,749,fastfouriertransform,medium,warm,200,959.2,959.2,0.01,607.17,352.03,False,,0.0,3.85,0.0,603.31,607.17,3
750,750,linpack,medium,warm,200,814.62,814.62,0.01,645.39,169.22,False,,0.0,0.33,3.98,641.08,645.39,4
751,751,genmatrix,small,warm,200,14.92,14.92,0.01,0.14,14.77,False,,0.0,0.02,,0.11,0.14,5
752,752,linpack,large,warm,200,620.17,620.16,0.01,5.04,615.11,False,,0.0,0.33,3.99,0.72,5.04,4
753,753,fetchdata,small,warm,200,97.88,97.87,0.01,84.82,13.05,False,84.78,0.0,0.03,0.0,,84.82,4
754,754,matrixmul,small,warm,200,23.08,23.08,0.01,4.99,18.09,False,,0.0,0.35,4.04,0.6,4.99,4
755,755,fastfouriertransform,medium,warm,200,952.48,952.47,0.01,600.87,351.6,False,,0.0,3.85,0.0,597.01,600.87,4
756,756,linpack,medium,warm,200,890.17,890.16,0.01,667.58,222.59,False,,0.0,0.32,3.99,663.26,667.57,5
757,757,fastfouriertransform,medium,warm,200,1369.45,1369.44,0.01,601.16,768.28,False,,0.0,3.88,0.0,597.27,601.16,6
758,758,linpack,small,warm,200,699.13,699.13,0.01,5.04,694.09,False,,0.0,0.34,3.98,0.71,5.04,7
759,759,matrixmul,large,warm,200,25.06,25.05,0.01,5.03,20.02,False,,0.0,0.35,4.09,0.59,5.03,5
760,760,linpack,large,warm,200,503.67,503.66,0.01,5.04,498.62,False,,0.0,0.35,3.97,0.72,5.04,5
761,761,linpack,small,warm,200,412.78,412.78,0.01,5.06,407.72,False,,0.0,0.34,3.97,0.75,5.06,6
762,762,linpack,large,warm,200,318.52,318.51,0.0,5.01,313.5,False,,0.0,0.32,3.97,0.72,5.01,7
763,763,genmatrix,small,warm,200,11.96,11.95,0.01,0.14,11.81,False,,0.0,0.03,,0.11,0.14,8
764,764,fetchdata,medium,warm,200,96.61,96.61,0.0,84.63,11.98,False,84.6,0.0,0.03,0.0,,84.63,8
765,765,genmatrix,medium,warm,200,119.1,20.98,98.12,0.3,20.68,False,,0.0,0.02,,0.27,0.29,5
766,766,genmatrix,small,warm,200,21.79,21.79,0.01,0.14,21.65,False,,0.0,0.02,,0.11,0.14,3
767,767,fetchdata,small,warm,200,95.19,95.18,0.01,84.33,10.85,False,84.3,0.0,0.02,0.0,,84.33,2
768,768,linpack,large,warm,200,23.51,23.51,0.01,5.05,18.46,False,,0.0,0.35,3.97,0.73,5.05,2
769,769,matrixmul,small,warm,200,29.9,29.9,0.01,7.8,22.1,False,,0.0,0.52,6.41,0.87,7.8,2
770,770,fetchdata,large,warm,200,103.47,103.47,0.01,83.38,20.08,False,83.35,0.0,0.02,0.0,,83.38,2
771,771,fastfouriertransform,small,warm,200,29.57,29.56,0.01,4.71,24.85,False,,0.0,3.88,0.0,0.82,4.71,2
772,772,linpack,small,warm,200,20.43,20.42,0.01,5.05,15.37,False,,0.0,0.33,3.99,0.73,5.05,1
773,773,matrixmul,medium,warm,200,570.96,570.96,0.01,551.64,19.31,False,,0.0,0.54,6.38,544.71,551.64,1
774,774,matrixmul,medium,warm,200,988.94,988.93,0.01,512.99,475.94,False,,0.0,0.33,4.01,508.65,512.99,2
775,775,fetchdata,medium,warm,200,94.29,94.28,0.01,83.7,10.57,False,83.67,0.0,0.03,0.0,,83.7,3
776,776,genmatrix,large,warm,200,71.62,54.91,16.71,1.21,53.7,False,,0.0,0.02,,1.18,1.21,3
777,777,genmatrix,large,warm,200,64.2,47.82,16.39,1.02,46.8,False,,0.0,0.02,,0.99,1.01,3
778,778,linpack,small,warm,200,19.5,19.49,0.01,5.07,14.42,False,,0.0,0.33,4.0,0.74,5.07,3
779,779,fastfouriertransform,small,warm,200,27.58,27.57,0.01,4.73,22.85,False,,0.0,3.9,0.0,0.82,4.73,2
780,780,fetchdata,large,warm,200,97.53,97.53,0.01,82.99,14.53,False,82.97,0.0,0.02,0.0,,82.99,2
781,781,fastfouriertransform,large,warm,200,28.79,28.79,0.01,4.63,24.16,False,,0.0,3.87,0.0,0.75,4.63,2
782,782,fastfouriertransform,medium,warm,200,627.46,627.45,0.01,604.66,22.79,False,,0.0,3.89,0.0,600.77,604.66,2
783,783,matrixmul,large,warm,200,98.24,98.24,0.01,4.91,93.32,False,,0.0,0.33,4.0,0.58,4.91,3
784,784,matrixmul,medium,warm,200,531.0,531.0,0.01,513.02,17.97,False,,0.0,0.34,4.01,508.67,513.02,2
785,785,linpack,medium,warm,200,658.6,658.6,0.01,643.82,14.78,False,,0.0,0.33,3.99,639.5,643.82,3
786,786,matrixmul,medium,warm,200,860.1,860.1,0.01,512.84,347.26,False,,0.0,0.34,4.03,508.47,512.84,4
787,787,fetchdata,large,warm,200,97.23,97.23,0.01,84.11,13.12,False,84.08,0.0,0.02,0.0,,84.11,5
788,788,fastfouriertransform,medium,warm,200,630.61,630.61,0.01,600.93,29.67,False,,0.0,3.85,0.0,597.07,600.93,5
789,789,matrixmul,small,warm,200,571.66,571.66,0.01,4.94,566.71,False,,0.0,0.35,4.01,0.58,4.94,5
790,790,genmatrix,large,warm,200,70.53,53.44,17.09,1.18,52.26,False,,0.0,0.02,,1.15,1.18,5
791,791,linpack,medium,warm,200,703.52,703.51,0.01,642.82,60.7,False,,0.0,0.33,3.98,638.5,642.82,5
792,792,linpack,large,warm,200,613.03,613.02,0.01,5.03,608.0,False,,0.0,0.35,3.95,0.72,5.03,5
793,793,genmatrix,small,warm,200,15.22,15.22,0.01,0.14,15.08,False,,0.0,0.02,,0.11,0.14,6
794,794,fetchdata,medium,warm,200,99.65,99.65,0.01,81.61,18.04,False,81.57,0.0,0.02,0.0,,81.6,6
795,795,linpack,small,warm,200,321.97,321.97,0.01,5.06,316.91,False,,0.0,0.34,3.98,0.74,5.06,4
796,796,fastfouriertransform,small,warm,200,33.23,33.22,0.01,4.7,28.53,False,,0.0,3.88,0.0,0.81,4.7,4
797,797,genmatrix,small,warm,200,14.72,14.71,0.01,0.14,14.57,False,,0.0,0.02,,0.11,0.14,4
798,798,fetchdata,medium,warm,200,88.33,88.33,0.01,76.13,12.19,False,76.11,0.0,0.02,0.0,,76.13,4
799,799,genmatrix,medium,warm,200,21.98,21.97,0.01,0.29,21.68,False,,0.0,0.02,,0.26,0.29,1
800,800,fastfouriertransform,small,warm,200,28.18,28.17,0.01,4.63,23.54,False,,0.0,3.87,0.0,0.75,4.63,1
801,801,matrixmul,large,warm,200,23.92,23.92,0.01,4.94,18.97,False,,0.0,0.35,4.01,0.58,4.94,1
802,802,matrixmul,small,warm,200,25.75,25.74,0.01,4.95,20.8,False,,0.0,0.34,4.02,0.58,4.95,1
803,803,fetchdata,medium,warm,200,88.86,88.85,0.01,75.79,13.06,False,75.77,0.0,0.02,0.0,,75.79,1
804,804,linpack,large,warm,200,20.35,20.35,0.01,5.06,15.29,False,,0.0,0.33,3.99,0.74,5.06,1
805,805,fetchdata,large,warm,200,88.98,88.97,0.01,75.79,13.18,False,75.76,0.0,0.02,0.0,,75.79,1
806,806,linpack,large,warm,200,22.22,22.21,0.01,5.03,17.18,False,,0.0,0.33,3.97,0.73,5.03,1
807,807,genmatrix,small,warm,200,16.62,16.61,0.01,0.14,16.47,False,,0.0,0.03,,0.11,0.14,1
808,808,matrixmul,large,warm,200,26.42,26.42,0.01,4.96,21.46,False,,0.0,0.35,4.02,0.59,4.96,1
809,809,fastfouriertransform,medium,warm,200,726.25,726.24,0.01,698.26,27.98,False,,0.0,3.88,0.0,694.37,698.26,1
810,810,fastfouriertransform,medium,warm,200,1217.75,1217.75,0.01,599.65,618.1,False,,0.0,3.86,0.0,595.77,599.64,2
811,811,fastfouriertransform,medium,cold,200,2338.56,2338.56,0.01,601.65,1736.9,False,,0.0,3.85,0.0,597.8,601.65,3
812,812,linpack,medium,warm,200,674.99,674.98,0.01,660.96,14.02,False,,0.0,0.44,5.28,655.24,660.96,4
813,813,linpack,medium,warm,200,1223.08,1223.08,0.01,642.41,580.67,False,,0.0,0.33,4.01,638.07,642.41,5
814,814,matrixmul,medium,warm,200,533.96,533.95,0.01,513.64,20.32,False,,0.0,0.34,4.03,509.26,513.64,6
815,815,fastfouriertransform,medium,cold,200,2534.7,2534.69,0.01,600.32,1934.37,False,,0.0,3.91,0.0,596.41,600.32,7
816,816,fastfouriertransform,medium,warm,200,1221.82,1221.81,0.01,603.31,618.5,False,,0.0,3.87,0.0,599.43,603.31,8
817,817,fetchdata,large,warm,200,90.99,90.99,0.01,77.88,13.11,False,77.85,0.0,0.02,0.0,,77.88,8
818,818,matrixmul,large,warm,200,143.49,143.49,0.01,4.95,138.54,False,,0.0,0.34,4.02,0.59,4.94,8
819,819,genmatrix,small,warm,200,11.97,11.96,0.01,0.11,11.85,False,,0.0,0.02,,0.09,0.11,8
820,820,matrixmul,small,warm,200,24.67,24.67,0.01,4.93,19.74,False,,0.0,0.35,4.0,0.57,4.93,6
821,821,fetchdata,medium,warm,200,86.84,86.83,0.01,75.97,10.86,False,75.94,0.0,0.02,0.0,,75.96,6
822,822,linpack,medium,warm,200,962.03,962.03,0.01,642.0,320.03,False,,0.0,0.33,3.98,637.69,642.0,6
823,823,linpack,small,warm,200,872.65,872.64,0.01,5.05,867.58,False,,0.0,0.34,3.98,0.73,5.05,6
824,824,matrixmul,medium,warm,200,532.87,532.86,0.01,514.85,18.01,False,,0.0,0.35,4.04,510.46,514.85,7
825,825,genmatrix,small,warm,200,11.16,11.15,0.01,0.1,11.05,False,,0.0,0.02,,0.08,0.1,8
826,826,genmatrix,small,warm,200,16.01,16.01,0.01,0.11,15.9,False,,0.0,0.02,,0.08,0.11,7
827,827,fastfouriertransform,large,warm,200,128.09,128.09,0.01,4.58,123.51,False,,0.0,3.88,0.0,0.7,4.58,7
828,828,fastfouriertransform,large,cold,200,1261.5,1261.49,0.0,4.62,1256.87,False,,0.0,3.88,0.0,0.74,4.62,8
829,829,linpack,small,warm,200,280.04,280.04,0.01,5.03,275.01,False,,0.0,0.33,3.97,0.72,5.03,7
830,830,genmatrix,medium,warm,200,18.53,18.52,0.01,0.21,18.32,False,,0.0,0.02,,0.18,0.21,7
831,831,fetchdata,small,warm,200,86.74,86.74,0.0,76.05,10.69,False,76.02,0.0,0.02,0.0,,76.05,7
832,832,fastfouriertransform,small,warm,200,842.2,842.19,0.01,4.55,837.64,False,,0.0,3.85,0.0,0.69,4.55,4
833,833,genmatrix,small,warm,200,11.96,11.96,0.01,0.1,11.85,False,,0.0,0.02,,0.08,0.1,5
834,834,fetchdata,large,warm,200,88.34,88.33,0.01,75.81,12.53,False,75.78,0.0,0.02,0.0,,75.8,5
835,835,fetchdata,large,warm,200,87.84,87.83,0.01,75.91,11.93,False,75.88,0.0,0.02,0.0,,75.9,4
836,836,fastfouriertransform,small,warm,200,450.63,450.63,0.01,4.64,445.99,False,,0.0,3.87,0.0,0.77,4.64,4
837,837,matrixmul,medium,warm,200,535.45,535.44,0.01,515.36,20.08,False,,0.0,0.34,4.01,511.0,515.36,5
838,838,linpack,large,warm,200,19.25,19.24,0.01,5.05,14.2,False,,0.0,0.33,3.97,0.74,5.04,6
839,839,matrixmul,large,warm,200,344.85,344.85,0.0,5.73,339.12,False,,0.0,0.34,4.78,0.6,5.73,6
840,840,linpack,large,warm,200,19.17,19.17,0.01,5.05,14.11,False,,0.0,0.33,3.98,0.73,5.05,7
841,841,linpack,medium,warm,200,676.46,676.45,0.01,652.03,24.42,False,,0.0,0.33,3.96,647.74,652.03,3
842,842,genmatrix,small,warm,200,14.84,14.83,0.01,0.11,14.73,False,,0.0,0.02,,0.09,0.11,4
843,843,matrixmul,small,warm,200,26.8,26.79,0.01,4.95,21.84,False,,0.0,0.34,4.01,0.59,4.95,2
844,844,matrixmul,medium,warm,200,537.6,537.59,0.01,516.42,21.18,False,,0.0,0.36,4.01,512.04,516.41,2
845,845,genmatrix,medium,warm,200,15.03,15.03,0.01,0.2,14.82,False,,0.0,0.02,,0.18,0.2,3
846,846,linpack,small,warm,200,181.61,181.61,0.0,5.04,176.57,False,,0.0,0.33,3.97,0.73,5.04,3
847,847,genmatrix,large,warm,200,54.2,38.6,15.6,0.83,37.78,False,,0.0,0.02,,0.8,0.83,4
848,848,fastfouriertransform,medium,warm,200,625.69,625.69,0.01,602.85,22.84,False,,0.0,3.87,0.0,598.97,602.85,2
849,849,matrixmul,medium,warm,200,571.96,571.96,0.0,525.39,46.57,False,,0.0,0.34,4.71,520.34,525.39,3
850,850,fastfouriertransform,small,warm,200,433.45,433.44,0.01,4.56,428.89,False,,0.0,3.85,0.0,0.7,4.55,3
851,851,genmatrix,medium,warm,200,15.36,15.36,0.01,0.2,15.16,False,,0.0,0.02,,0.18,0.2,4
852,852,fastfouriertransform,large,warm,200,239.41,239.4,0.01,4.64,234.77,False,,0.0,3.88,0.0,0.75,4.64,4
853,853,fastfouriertransform,large,warm,200,146.69,146.68,0.0,4.59,142.09,False,,0.0,3.83,0.0,0.75,4.59,5
854,854,linpack,large,warm,200,19.32,19.31,0.01,5.1,14.21,False,,0.0,0.34,4.01,0.74,5.1,6
855,855,matrixmul,medium,warm,200,535.38,535.37,0.01,515.98,19.39,False,,0.0,0.35,4.02,511.61,515.98,1
856,856,linpack,large,warm,200,23.95,23.94,0.01,5.06,18.88,False,,0.0,0.34,3.99,0.74,5.06,2
857,857,fastfouriertransform,medium,warm,200,630.22,630.22,0.01,609.33,20.88,False,,0.0,3.89,0.0,605.44,609.33,2
858,858,linpack,large,warm,200,19.83,19.83,0.01,5.05,14.78,False,,0.0,0.33,3.98,0.74,5.05,3
859,859,fetchdata,medium,warm,200,93.83,93.83,0.01,81.33,12.5,False,81.29,0.0,0.02,0.0,,81.33,3
860,860,linpack,medium,warm,200,690.15,690.15,0.0,674.42,15.73,False,,0.0,0.33,3.98,670.11,674.42,3
861,861,linpack,small,warm,200,599.43,599.43,0.01,5.13,594.3,False,,0.0,0.33,4.07,0.72,5.13,3
862,862,fastfouriertransform,medium,warm,200,740.51,740.51,0.01,606.44,134.06,False,,0.0,3.86,0.0,602.58,606.44,4
863,863,fastfouriertransform,medium,warm,200,1244.91,1244.9,0.01,602.92,641.98,False,,0.0,3.86,0.0,599.05,602.92,5
864,864,fastfouriertransform,large,cold,200,1147.17,1147.17,0.01,4.56,1142.61,False,,0.0,3.85,0.0,0.7,4.56,5
865,865,fetchdata,small,warm,200,97.79,97.78,0.01,84.07,13.72,False,84.03,0.0,0.03,0.0,,84.06,6
866,866,fetchdata,large,warm,200,93.36,93.35,0.01,81.0,12.35,False,80.97,0.0,0.02,0.0,,81.0,6
867,867,matrixmul,medium,warm,200,558.04,558.04,0.01,537.12,20.91,False,,0.0,0.36,4.37,532.39,537.12,5
868,868,linpack,large,warm,200,22.26,22.26,0.01,5.09,17.17,False,,0.0,0.33,4.0,0.75,5.09,5
869,869,linpack,small,warm,200,19.31,19.3,0.01,5.06,14.24,False,,0.0,0.33,3.98,0.75,5.06,5
870,870,genmatrix,medium,warm,200,18.99,18.98,0.01,0.29,18.7,False,,0.0,0.03,,0.26,0.29,4
871,871,genmatrix,medium,warm,200,19.36,19.35,0.01,0.27,19.08,False,,0.0,0.02,,0.24,0.27,4
872,872,matrixmul,medium,warm,200,578.69,578.68,0.01,515.56,63.12,False,,0.0,0.36,4.81,510.38,515.56,4
873,873,linpack,small,warm,200,19.58,19.57,0.01,5.1,14.47,False,,0.0,0.33,4.02,0.75,5.1,4
874,874,genmatrix,small,warm,200,14.75,14.75,0.01,0.14,14.61,False,,0.0,0.02,,0.11,0.14,4
875,875,genmatrix,small,warm,200,14.96,14.95,0.01,0.14,14.81,False,,0.0,0.03,,0.11,0.14,4
876,876,linpack,large,warm,200,22.32,22.32,0.01,5.06,17.25,False,,0.0,0.33,3.98,0.75,5.06,2
877,877,matrixmul,medium,warm,200,597.78,597.78,0.01,514.71,83.06,False,,0.0,0.34,4.69,509.68,514.71,2
878,878,genmatrix,large,warm,200,67.39,51.43,15.95,1.22,50.22,False,,0.0,0.03,,1.19,1.22,2
879,879,linpack,small,warm,200,19.76,19.76,0.01,5.08,14.67,False,,0.0,0.33,3.99,0.75,5.08,2
880,880,genmatrix,small,warm,200,15.07,15.06,0.01,0.14,14.92,False,,0.0,0.02,,0.11,0.14,2
881,881,linpack,large,warm,200,19.92,19.92,0.01,5.09,14.83,False,,0.0,0.35,3.99,0.74,5.09,2
882,882,fetchdata,medium,warm,200,97.74,97.73,0.0,84.51,13.22,False,84.47,0.0,0.03,0.0,,84.5,2
883,883,genmatrix,large,warm,200,68.69,52.85,15.84,1.22,51.63,False,,0.0,0.02,,1.19,1.22,1
884,884,matrixmul,small,warm,200,24.25,24.25,0.01,4.95,19.29,False,,0.0,0.35,4.03,0.57,4.95,1
885,885,linpack,large,warm,200,20.1,20.1,0.01,5.07,15.03,False,,0.0,0.33,3.97,0.77,5.07,1
886,886,fastfouriertransform,medium,warm,200,625.82,625.81,0.01,600.19,25.63,False,,0.0,3.9,0.0,596.28,600.18,1
887,887,linpack,medium,warm,200,661.67,661.67,0.01,646.57,15.1,False,,0.0,0.34,3.98,642.25,646.57,2
888,888,genmatrix,small,warm,200,15.16,15.15,0.01,0.14,15.01,False,,0.0,0.02,,0.11,0.14,3
889,889,linpack,small,warm,200,469.8,469.8,0.01,5.11,464.69,False,,0.0,0.33,4.05,0.72,5.11,3
890,890,matrixmul,large,warm,200,23.63,23.62,0.01,5.05,18.58,False,,0.0,0.37,4.08,0.6,5.05,4
891,891,genmatrix,small,warm,200,14.24,14.24,0.01,0.14,14.1,False,,0.0,0.03,,0.11,0.14,4
892,892,genmatrix,medium,warm,200,20.94,17.11,3.83,0.29,16.82,False,,0.0,0.02,,0.26,0.29,4
893,893,fetchdata,small,warm,200,96.34,96.33,0.01,83.65,12.69,False,83.61,0.0,0.03,0.0,,83.65,3
894,894,genmatrix,medium,warm,200,19.91,19.91,0.01,0.31,19.59,False,,0.0,0.02,,0.28,0.31,1
895,895,fetchdata,small,warm,200,98.82,98.82,0.01,84.06,14.76,False,84.03,0.0,0.02,0.0,,84.06,1
896,896,fetchdata,small,warm,200,99.26,99.26,0.01,86.73,12.52,False,86.7,0.0,0.03,0.0,,86.73,2
897,897,fastfouriertransform,medium,warm,200,621.79,621.78,0.01,600.33,21.45,False,,0.0,3.91,0.0,596.41,600.33,1
898,898,fastfouriertransform,large,warm,200,530.08,530.08,0.0,4.57,525.51,False,,0.0,3.86,0.0,0.7,4.57,2
899,899,linpack,large,warm,200,19.1,19.1,0.01,5.09,14.01,False,,0.0,0.33,4.01,0.75,5.09,3
900,900,linpack,small,warm,200,19.44,19.43,0.01,5.07,14.37,False,,0.0,0.33,3.99,0.74,5.06,3
901,901,genmatrix,large,warm,200,75.4,50.95,24.46,1.18,49.76,False,,0.0,0.03,,1.15,1.18,3
902,902,fetchdata,large,warm,200,98.26,98.26,0.01,87.52,10.74,False,87.48,0.0,0.02,0.0,,87.51,3
903,903,matrixmul,small,warm,200,26.26,26.26,0.0,4.98,21.28,False,,0.0,0.35,4.04,0.58,4.98,3
904,904,fetchdata,small,warm,200,98.14,98.13,0.01,82.86,15.27,False,82.83,0.0,0.02,0.0,,82.86,1
905,905,linpack,small,warm,200,19.01,19.01,0.01,5.12,13.88,False,,0.0,0.36,4.01,0.75,5.12,1
906,906,matrixmul,small,warm,200,25.49,25.49,0.01,4.95,20.54,False,,0.0,0.36,4.01,0.58,4.95,1
907,907,matrixmul,medium,warm,200,537.94,537.93,0.01,515.59,22.34,False,,0.0,0.34,4.01,511.23,515.59,1
908,908,fetchdata,medium,warm,200,95.66,95.65,0.01,83.43,12.22,False,83.4,0.0,0.03,0.0,,83.43,2
909,909,linpack,medium,warm,200,686.1,686.09,0.01,673.47,12.63,False,,0.0,0.34,3.97,669.15,673.46,2
910,910,matrixmul,small,warm,200,252.76,252.76,0.01,5.64,247.12,False,,0.0,0.33,4.73,0.58,5.64,3
911,911,linpack,small,warm,200,495.64,495.63,0.01,5.1,490.53,False,,0.0,0.33,4.03,0.73,5.1,4
912,912,genmatrix,medium,warm,200,18.4,18.4,0.01,0.29,18.11,False,,0.0,0.02,,0.26,0.29,5
913,913,fetchdata,medium,warm,200,101.83,101.83,0.01,84.59,17.24,False,84.56,0.0,0.02,0.0,,84.59,3
914,914,linpack,medium,warm,200,839.08,839.07,0.01,649.28,189.8,False,,0.0,0.33,4.08,644.86,649.27,3
915,915,matrixmul,medium,warm,200,536.91,536.9,0.01,517.05,19.86,False,,0.0,0.34,4.0,512.7,517.05,4
916,916,matrixmul,large,warm,200,451.19,451.19,0.01,5.49,445.69,False,,0.0,0.5,4.39,0.6,5.49,3
917,917,linpack,medium,warm,200,1191.53,1191.53,0.01,644.94,546.59,False,,0.0,0.39,3.99,640.56,644.94,4
918,918,fetchdata,small,warm,200,92.47,92.46,0.01,79.06,13.4,False,79.04,0.0,0.02,0.0,,79.06,5
919,919,linpack,small,warm,200,999.17,999.17,0.01,5.18,993.98,False,,0.0,0.36,4.06,0.75,5.18,5
920,920,genmatrix,small,warm,200,13.94,13.93,0.01,0.14,13.79,False,,0.0,0.02,,0.11,0.14,6
921,921,matrixmul,medium,warm,200,555.31,555.3,0.01,535.77,19.53,False,,0.0,0.35,4.0,531.41,535.77,4
922,922,linpack,small,warm,200,711.14,711.14,0.0,5.09,706.04,False,,0.0,0.32,4.04,0.72,5.09,5
923,923,linpack,small,warm,200,608.33,608.32,0.01,5.13,603.19,False,,0.0,0.33,4.08,0.72,5.13,5
924,924,genmatrix,small,warm,200,10.88,10.87,0.01,0.13,10.74,False,,0.0,0.02,,0.1,0.13,6
925,925,fetchdata,medium,warm,200,133.59,133.59,0.01,121.3,12.28,False,121.28,0.0,0.02,0.0,,121.3,6
926,926,matrixmul,large,warm,200,69.07,69.07,0.01,5.78,63.29,False,,0.0,0.34,4.84,0.6,5.78,7
927,927,fetchdata,medium,warm,200,88.6,88.6,0.01,76.4,12.19,False,76.38,0.0,0.02,0.0,,76.4,5
928,928,fastfouriertransform,small,warm,200,25.37,25.36,0.01,4.78,20.58,False,,0.0,4.01,0.0,0.76,4.78,5
929,929,matrixmul,medium,warm,200,533.67,533.66,0.01,515.55,18.11,False,,0.0,0.35,4.01,511.19,515.55,4
930,930,fastfouriertransform,medium,warm,200,707.85,707.84,0.01,685.01,22.82,False,,0.0,3.97,0.0,681.04,685.01,2
931,931,fastfouriertransform,medium,warm,200,1209.86,1209.86,0.01,603.14,606.71,False,,0.0,3.87,0.0,599.26,603.14,3
932,932,linpack,medium,warm,200,656.7,656.69,0.01,643.97,12.72,False,,0.0,0.34,3.99,639.65,643.97,4
933,933,fetchdata,medium,warm,200,135.36,135.35,0.01,122.65,12.7,False,122.63,0.0,0.02,0.0,,122.65,5
934,934,fastfouriertransform,medium,warm,200,1516.84,1516.84,0.01,605.58,911.26,False,,0.0,3.89,0.0,601.68,605.58,6
935,935,fetchdata,small,warm,200,84.98,84.97,0.01,75.35,9.62,False,75.33,0.0,0.02,0.0,,75.35,5
936,936,genmatrix,small,warm,200,19.26,19.26,0.01,0.15,19.11,False,,0.0,0.03,,0.11,0.15,5
937,937,genmatrix,small,warm,200,11.98,11.98,0.01,0.13,11.85,False,,0.0,0.02,,0.1,0.13,5
938,938,fetchdata,small,warm,200,88.37,88.36,0.01,76.41,11.95,False,76.39,0.0,0.02,0.0,,76.41,4
939,939,genmatrix,medium,warm,200,19.12,15.3,3.82,0.21,15.09,False,,0.0,0.02,,0.19,0.21,3
940,940,fetchdata,large,warm,200,86.98,86.97,0.01,76.6,10.38,False,76.57,0.0,0.02,0.0,,76.59,3
941,941,matrixmul,medium,warm,200,532.57,532.56,0.01,515.18,17.38,False,,0.0,0.35,4.01,510.81,515.18,3
942,942,linpack,small,warm,200,18.77,18.76,0.01,5.07,13.7,False,,0.0,0.33,4.0,0.73,5.07,4
943,943,fastfouriertransform,small,warm,200,626.37,626.36,0.0,5.74,620.62,False,,0.0,4.87,0.0,0.86,5.74,4
944,944,genmatrix,small,warm,200,13.07,13.07,0.01,0.11,12.96,False,,0.0,0.02,,0.09,0.11,4
945,945,fetchdata,large,warm,200,87.35,87.34,0.01,75.5,11.85,False,75.47,0.0,0.02,0.0,,75.5,4
946,946,linpack,large,warm,200,19.09,19.08,0.01,5.06,14.02,False,,0.0,0.35,3.96,0.75,5.06,4
947,947,matrixmul,small,warm,200,25.76,25.75,0.01,4.95,20.81,False,,0.0,0.35,4.02,0.58,4.95,3
948,948,genmatrix,small,warm,200,13.23,13.23,0.01,0.11,13.12,False,,0.0,0.02,,0.08,0.11,3
949,949,genmatrix,small,warm,200,10.83,10.82,0.01,0.1,10.72,False,,0.0,0.02,,0.08,0.1,3
950,950,fastfouriertransform,small,warm,200,25.74,25.73,0.01,6.48,19.25,False,,0.0,5.45,0.0,1.02,6.48,1
951,951,matrixmul,large,warm,200,22.85,22.85,0.01,4.97,17.88,False,,0.0,0.35,4.03,0.59,4.97,1
952,952,linpack,medium,warm,200,669.91,669.91,0.01,654.16,15.75,False,,0.0,0.33,4.0,649.82,654.15,1
953,953,fastfouriertransform,small,warm,200,29.26,29.25,0.01,7.34,21.91,False,,0.0,6.19,0.0,1.14,7.34,2
954,954,matrixmul,large,warm,200,24.58,24.58,0.01,4.94,19.64,False,,0.0,0.35,4.0,0.59,4.94,2
955,955,linpack,small,warm,200,368.7,368.69,0.01,5.13,363.56,False,,0.0,0.33,4.07,0.73,5.13,2
956,956,linpack,large,warm,200,281.66,281.65,0.01,5.14,276.51,False,,0.0,0.38,4.01,0.75,5.14,3
957,957,fetchdata,large,warm,200,89.05,89.05,0.01,76.1,12.95,False,76.07,0.0,0.02,0.0,,76.1,4
958,958,fetchdata,medium,warm,200,87.31,87.3,0.01,76.03,11.27,False,76.01,0.0,0.02,0.0,,76.03,4
959,959,matrixmul,small,warm,200,24.69,24.68,0.01,4.97,19.71,False,,0.0,0.35,4.03,0.59,4.97,1
960,960,linpack,medium,warm,200,681.66,681.66,0.01,668.26,13.4,False,,0.0,0.33,3.97,663.95,668.26,1
961,961,fetchdata,large,warm,200,93.79,93.78,0.01,82.25,11.53,False,82.23,0.0,0.02,0.0,,82.25,2
962,962,matrixmul,small,warm,200,26.06,26.05,0.01,5.21,20.84,False,,0.0,0.37,4.07,0.77,5.21,2
963,963,fastfouriertransform,large,warm,200,28.69,28.68,0.01,6.89,21.8,False,,0.0,5.8,0.0,1.08,6.88,2
964,964,genmatrix,small,warm,200,12.64,12.64,0.01,0.11,12.53,False,,0.0,0.02,,0.08,0.11,2
965,965,linpack,large,warm,200,191.88,191.87,0.01,5.27,186.59,False,,0.0,0.43,4.02,0.82,5.27,2
966,966,linpack,large,warm,200,98.78,98.78,0.01,5.22,93.56,False,,0.0,0.34,4.09,0.78,5.22,3
967,967,linpack,small,warm,200,19.98,19.97,0.01,5.09,14.89,False,,0.0,0.33,3.99,0.75,5.08,1
968,968,matrixmul,medium,warm,200,544.06,544.05,0.01,525.51,18.54,False,,0.0,0.35,4.05,521.11,525.51,1
969,969,fastfouriertransform,large,warm,200,28.39,28.39,0.01,7.46,20.92,False,,0.0,6.31,0.0,1.15,7.46,2
970,970,matrixmul,medium,warm,200,895.11,895.1,0.01,539.06,356.04,False,,0.0,0.33,4.73,533.99,539.06,2
971,971,genmatrix,large,warm,200,50.44,36.39,14.05,0.79,35.61,False,,0.0,0.02,,0.77,0.79,3
972,972,fastfouriertransform,medium,warm,200,671.61,671.6,0.01,649.18,22.42,False,,0.0,6.25,0.0,642.93,649.18,3
973,973,fastfouriertransform,medium,warm,200,1181.88,1181.88,0.01,607.54,574.34,False,,0.0,3.86,0.0,603.68,607.54,4
974,974,fetchdata,large,warm,200,94.8,94.79,0.01,84.37,10.42,False,84.34,0.0,0.02,0.0,,84.37,4
975,975,fastfouriertransform,large,warm,200,992.27,992.26,0.01,4.63,987.63,False,,0.0,3.86,0.0,0.76,4.63,4
976,976,genmatrix,small,warm,200,19.67,19.67,0.01,0.11,19.56,False,,0.0,0.02,,0.08,0.11,5
977,977,fastfouriertransform,medium,warm,200,1394.7,1394.7,0.01,601.39,793.31,False,,0.0,3.87,0.0,597.51,601.39,5
978,978,linpack,medium,warm,200,683.46,683.46,0.0,671.74,11.72,False,,0.0,0.33,3.99,667.41,671.74,6
979,979,fetchdata,large,warm,200,96.41,96.41,0.01,83.62,12.79,False,83.59,0.0,0.02,0.0,,83.62,5
980,980,matrixmul,large,warm,200,24.64,24.63,0.01,4.96,19.67,False,,0.0,0.35,4.02,0.59,4.96,5
981,981,matrixmul,large,warm,200,25.18,25.18,0.01,4.93,20.25,False,,0.0,0.34,4.0,0.59,4.93,5
982,982,fetchdata,small,warm,200,93.18,93.17,0.01,83.67,9.49,False,83.64,0.0,0.02,0.0,,83.67,5
983,983,fastfouriertransform,large,warm,200,194.51,194.5,0.01,4.55,189.95,False,,0.0,3.84,0.0,0.71,4.55,5
984,984,matrixmul,small,warm,200,22.63,22.63,0.01,4.99,17.63,False,,0.0,0.35,4.05,0.59,4.99,6
985,985,genmatrix,small,warm,200,12.52,12.51,0.01,0.1,12.41,False,,0.0,0.02,,0.08,0.1,2
986,986,fastfouriertransform,small,warm,200,510.85,510.85,0.01,4.62,506.23,False,,0.0,3.89,0.0,0.72,4.62,2
987,987,fastfouriertransform,medium,warm,200,1006.23,1006.23,0.01,603.01,403.21,False,,0.0,3.86,0.0,599.15,603.01,3
988,988,genmatrix,large,warm,200,63.25,48.91,14.34,1.21,47.7,False,,0.0,0.03,,1.18,1.21,4
989,989,matrixmul,large,warm,200,22.67,22.66,0.01,5.19,17.47,False,,0.0,0.35,4.24,0.6,5.19,4
990,990,matrixmul,medium,warm,200,534.03,534.02,0.01,515.06,18.96,False,,0.0,0.34,4.07,510.64,515.06,4
991,991,fastfouriertransform,large,warm,200,617.48,617.47,0.01,4.55,612.91,False,,0.0,3.85,0.0,0.69,4.55,4
992,992,fetchdata,medium,warm,200,94.85,94.85,0.01,83.41,11.44,False,83.38,0.0,0.02,0.0,,83.41,4
993,993,genmatrix,small,warm,200,14.4,14.4,0.01,0.14,14.25,False,,0.0,0.02,,0.11,0.14,4
994,994,genmatrix,medium,warm,200,17.34,17.34,0.01,0.29,17.05,False,,0.0,0.02,,0.26,0.29,4
995,995,fastfouriertransform,medium,warm,200,817.06,817.05,0.01,599.47,217.58,False,,0.0,3.85,0.0,595.61,599.47,4
996,996,matrixmul,medium,warm,200,537.86,537.85,0.01,520.59,17.26,False,,0.0,0.35,4.02,516.22,520.59,4
997,997,matrixmul,medium,warm,200,964.4,964.4,0.01,517.35,447.05,False,,0.0,0.58,4.5,512.26,517.34,5
998,998,genmatrix,small,warm,200,13.02,13.01,0.01,0.14,12.87,False,,0.0,0.02,,0.11,0.14,4
999,999,matrixmul,large,warm,200,791.3,791.3,0.01,5.05,786.25,False,,0.0,0.38,4.05,0.6,5.05,4
1000,1000,matrixmul,medium,warm,200,1214.65,1214.65,0.01,517.22,697.43,False,,0.0,0.38,4.7,512.13,517.22,5
1001,1001,linpack,medium,warm,200,656.42,656.41,0.01,642.89,13.52,False,,0.0,0.33,4.0,638.56,642.89,6
1002,1002,fastfouriertransform,large,warm,200,125.18,125.17,0.01,4.55,120.62,False,,0.0,3.86,0.0,0.69,4.55,6
1003,1003,matrixmul,small,warm,200,377.58,377.57,0.01,5.7,371.87,False,,0.0,0.58,4.52,0.59,5.7,7
1004,1004,matrixmul,large,warm,200,830.33,830.32,0.01,4.97,825.35,False,,0.0,0.34,4.05,0.58,4.97,6
1005,1005,fetchdata,large,warm,200,95.76,95.76,0.01,84.26,11.49,False,84.23,0.0,0.03,0.0,,84.26,7
1006,1006,genmatrix,medium,warm,200,16.63,16.63,0.01,0.29,16.34,False,,0.0,0.02,,0.26,0.29,7
1007,1007,fastfouriertransform,small,warm,200,25.82,25.81,0.01,4.64,21.17,False,,0.0,3.9,0.0,0.74,4.64,4
1008,1008,genmatrix,large,warm,200,77.86,50.4,27.46,1.2,49.2,False,,0.0,0.03,,1.17,1.2,3
1009,1009,genmatrix,medium,warm,200,16.1,16.1,0.01,0.24,15.86,False,,0.0,0.02,,0.21,0.23,3
1010,1010,matrixmul,large,warm,200,240.42,240.42,0.0,5.6,234.82,False,,0.0,0.36,4.66,0.58,5.6,3
1011,1011,matrixmul,small,warm,200,152.28,152.27,0.01,5.65,146.62,False,,0.0,0.35,4.71,0.58,5.65,4
1012,1012,matrixmul,medium,warm,200,571.06,571.05,0.01,518.34,52.72,False,,0.0,0.35,4.67,513.31,518.34,5
1013,1013,matrixmul,small,warm,200,486.08,486.07,0.01,5.44,480.63,False,,0.0,0.82,4.04,0.58,5.44,2
1014,1014,genmatrix,large,warm,200,62.2,48.3,13.91,1.19,47.1,False,,0.0,0.03,,1.16,1.19,3
1015,1015,matrixmul,medium,warm,200,813.47,813.46,0.01,516.23,297.23,False,,0.0,0.34,4.7,511.19,516.23,3
1016,1016,fastfouriertransform,small,warm,200,24.91,24.9,0.01,4.64,20.26,False,,0.0,3.89,0.0,0.75,4.64,4
1017,1017,matrixmul,medium,warm,200,1127.18,1127.18,0.01,516.58,610.6,False,,0.0,0.35,4.67,511.54,516.58,4
1018,1018,linpack,large,warm,200,23.9,23.89,0.01,8.06,15.83,False,,0.0,0.52,6.39,1.15,8.06,3
1019,1019,fetchdata,small,warm,200,91.78,91.78,0.01,83.15,8.62,False,83.12,0.0,0.02,0.0,,83.15,3
1020,1020,fetchdata,large,warm,200,92.96,92.95,0.01,80.62,12.33,False,80.59,0.0,0.02,0.0,,80.62,3
1021,1021,matrixmul,small,warm,200,746.54,746.53,0.01,5.38,741.15,False,,0.0,0.33,4.46,0.59,5.38,3
1022,1022,fetchdata,small,warm,200,95.2,95.2,0.01,82.91,12.29,False,82.88,0.0,0.02,0.0,,82.91,4
1023,1023,fetchdata,large,warm,200,91.46,91.45,0.01,80.17,11.28,False,80.14,0.0,0.02,0.0,,80.17,4
1024,1024,genmatrix,medium,warm,200,17.12,17.12,0.01,0.28,16.83,False,,0.0,0.02,,0.26,0.28,3
1025,1025,matrixmul,large,warm,200,354.78,354.78,0.01,5.62,349.16,False,,0.0,0.34,4.7,0.58,5.62,3
1026,1026,fastfouriertransform,large,warm,200,24.39,24.39,0.01,4.63,19.76,False,,0.0,3.88,0.0,0.74,4.63,4
1027,1027,fetchdata,large,warm,200,94.14,94.13,0.01,82.77,11.37,False,82.73,0.0,0.02,0.0,,82.76,4
1028,1028,matrixmul,medium,warm,200,574.57,574.57,0.01,514.4,60.17,False,,0.0,0.35,4.68,509.36,514.4,4
1029,1029,genmatrix,medium,warm,200,19.85,19.85,0.01,0.29,19.56,False,,0.0,0.03,,0.26,0.29,2
1030,1030,fastfouriertransform,large,warm,200,24.32,24.31,0.01,4.64,19.67,False,,0.0,3.89,0.0,0.74,4.64,2
1031,1031,fetchdata,large,warm,200,96.51,96.51,0.01,85.77,10.74,False,85.74,0.0,0.02,0.0,,85.77,2
1032,1032,genmatrix,medium,warm,200,21.13,17.74,3.4,0.28,17.45,False,,0.0,0.02,,0.26,0.28,2
1033,1033,genmatrix,large,warm,200,93.66,48.85,44.81,1.12,47.73,False,,0.0,0.02,,1.09,1.12,2
1034,1034,genmatrix,small,warm,200,11.01,11.01,0.01,0.13,10.88,False,,0.0,0.02,,0.1,0.12,1
1035,1035,fastfouriertransform,small,warm,200,24.78,24.78,0.01,4.64,20.14,False,,0.0,3.89,0.0,0.75,4.64,1
1036,1036,fetchdata,medium,warm,200,86.87,86.86,0.01,75.91,10.96,False,75.88,0.0,0.02,0.0,,75.9,1
1037,1037,linpack,medium,warm,200,696.69,696.68,0.01,680.76,15.92,False,,0.0,0.52,6.35,673.88,680.76,1
1038,1038,linpack,small,warm,200,615.92,615.91,0.01,5.11,610.81,False,,0.0,0.36,4.0,0.74,5.1,2
1039,1039,genmatrix,medium,warm,200,20.12,16.64,3.48,0.29,16.35,False,,0.0,0.02,,0.26,0.29,3
1040,1040,matrixmul,small,warm,200,21.37,21.37,0.01,4.99,16.38,False,,0.0,0.35,4.04,0.59,4.99,3
1041,1041,linpack,medium,warm,200,947.4,947.39,0.01,641.82,305.57,False,,0.0,0.34,3.94,637.54,641.82,3
1042,1042,matrixmul,small,warm,200,27.21,23.71,3.5,4.95,18.76,False,,0.0,0.34,4.01,0.59,4.95,4
1043,1043,fastfouriertransform,small,warm,200,24.36,24.36,0.01,4.66,19.7,False,,0.0,3.91,0.0,0.75,4.66,4
1044,1044,fastfouriertransform,medium,warm,200,693.45,693.44,0.01,671.81,21.63,False,,0.0,3.91,0.0,667.89,671.81,3
1045,1045,fetchdata,large,warm,200,85.46,85.45,0.01,75.46,10.0,False,75.43,0.0,0.02,0.0,,75.46,3
1046,1046,matrixmul,small,warm,200,25.21,25.2,0.01,4.94,20.26,False,,0.0,0.35,4.02,0.57,4.94,3
1047,1047,genmatrix,large,warm,200,66.46,52.94,13.52,1.2,51.75,False,,0.0,0.03,,1.17,1.2,3
1048,1048,genmatrix,large,warm,200,90.5,43.67,46.83,0.95,42.73,False,,0.0,0.02,,0.92,0.95,3
1049,1049,fastfouriertransform,large,warm,200,193.79,193.79,0.01,4.94,188.85,False,,0.0,3.99,0.01,0.93,4.94,3
1050,1050,linpack,medium,warm,200,694.16,694.15,0.01,643.02,51.13,False,,0.0,0.33,3.95,638.73,643.02,4
1051,1051,genmatrix,small,warm,200,11.66,11.66,0.01,0.14,11.51,False,,0.0,0.02,,0.11,0.14,2
1052,1052,fetchdata,medium,warm,200,88.04,88.03,0.01,76.22,11.81,False,76.19,0.0,0.02,0.0,,76.22,2
1053,1053,linpack,small,warm,200,402.26,402.25,0.01,5.14,397.12,False,,0.0,0.34,4.01,0.79,5.14,2
1054,1054,fastfouriertransform,small,warm,200,26.12,26.11,0.01,4.65,21.46,False,,0.0,3.9,0.0,0.75,4.65,3
1055,1055,fetchdata,small,warm,200,88.05,88.04,0.01,76.12,11.92,False,76.09,0.0,0.02,0.0,,76.12,3
1056,1056,matrixmul,small,warm,200,22.15,22.15,0.01,4.93,17.21,False,,0.0,0.35,4.01,0.57,4.93,3
1057,1057,genmatrix,large,warm,200,70.74,41.04,29.7,0.81,40.23,False,,0.0,0.02,,0.79,0.81,2
1058,1058,linpack,medium,warm,200,656.64,656.64,0.01,642.79,13.85,False,,0.0,0.33,3.97,638.48,642.79,1
1059,1059,matrixmul,large,warm,200,24.86,24.85,0.01,4.95,19.9,False,,0.0,0.34,4.03,0.57,4.95,2
1060,1060,fetchdata,large,warm,200,86.32,86.31,0.01,75.77,10.54,False,75.75,0.0,0.02,0.0,,75.77,2
1061,1061,fastfouriertransform,small,warm,200,26.93,26.93,0.01,4.63,22.3,False,,0.0,3.88,0.0,0.74,4.63,2
1062,1062,genmatrix,medium,warm,200,15.02,15.01,0.01,0.2,14.81,False,,0.0,0.02,,0.18,0.2,2
1063,1063,matrixmul,large,warm,200,21.93,21.92,0.01,4.96,16.96,False,,0.0,0.35,4.0,0.6,4.96,2
1064,1064,matrixmul,medium,warm,200,536.57,536.57,0.01,516.86,19.71,False,,0.0,0.36,4.03,512.46,516.86,2
1065,1065,linpack,small,warm,200,18.63,18.62,0.01,5.04,13.58,False,,0.0,0.33,3.97,0.74,5.04,2
1066,1066,fetchdata,medium,warm,200,88.9,88.89,0.01,77.71,11.18,False,77.68,0.0,0.02,0.0,,77.71,2
1067,1067,fastfouriertransform,medium,warm,200,622.7,622.7,0.01,601.41,21.29,False,,0.0,3.87,0.0,597.53,601.41,2
1068,1068,matrixmul,large,warm,200,154.77,154.76,0.01,5.67,149.09,False,,0.0,0.34,4.73,0.6,5.67,3
1069,1069,linpack,medium,warm,200,658.63,658.62,0.01,643.9,14.73,False,,0.0,0.33,3.98,639.58,643.89,4
1070,1070,fetchdata,large,warm,200,85.64,85.63,0.01,75.07,10.57,False,75.04,0.0,0.02,0.0,,75.06,3
1071,1071,linpack,small,warm,200,463.1,463.09,0.01,5.03,458.06,False,,0.0,0.33,3.98,0.72,5.03,3
1072,1072,fetchdata,medium,warm,200,84.35,84.34,0.01,75.7,8.65,False,75.67,0.0,0.02,0.0,,75.7,4
1073,1073,linpack,small,warm,200,270.08,270.08,0.01,5.06,265.01,False,,0.0,0.34,3.97,0.75,5.06,4
1074,1074,fastfouriertransform,large,warm,200,29.82,29.82,0.01,6.51,23.31,False,,0.0,5.46,0.0,1.04,6.51,4
1075,1075,fetchdata,medium,warm,200,86.3,86.29,0.01,75.99,10.31,False,75.96,0.0,0.02,0.0,,75.98,4
1076,1076,fetchdata,small,warm,200,86.37,86.36,0.01,75.8,10.56,False,75.78,0.0,0.02,0.0,,75.8,1
1077,1077,genmatrix,large,warm,200,54.59,35.15,19.44,0.79,34.36,False,,0.0,0.02,,0.77,0.79,1
1078,1078,fetchdata,medium,warm,200,86.81,86.8,0.01,75.59,11.22,False,75.56,0.0,0.02,0.0,,75.58,1
1079,1079,linpack,medium,warm,200,655.34,655.33,0.01,642.62,12.71,False,,0.0,0.33,3.98,638.31,642.62,1
1080,1080,fastfouriertransform,medium,warm,200,663.15,663.15,0.01,639.65,23.5,False,,0.0,6.15,0.0,633.49,639.65,2
1081,1081,fetchdata,large,warm,200,95.39,95.38,0.01,83.26,12.12,False,83.23,0.0,0.02,0.0,,83.26,3
1082,1082,linpack,medium,warm,200,1005.45,1005.44,0.01,652.56,352.88,False,,0.0,0.33,3.99,648.24,652.56,3
1083,1083,fetchdata,large,warm,200,94.21,94.21,0.01,83.3,10.91,False,83.27,0.0,0.02,0.0,,83.3,4
1084,1084,genmatrix,large,warm,200,61.77,36.61,25.16,0.77,35.84,False,,0.0,0.02,,0.75,0.77,4
1085,1085,linpack,small,warm,200,713.28,713.28,0.01,5.1,708.17,False,,0.0,0.34,3.99,0.76,5.1,4
1086,1086,linpack,large,warm,200,624.39,624.38,0.01,5.04,619.34,False,,0.0,0.33,3.99,0.72,5.04,4
1087,1087,fetchdata,large,warm,200,93.61,93.6,0.01,83.47,10.13,False,83.44,0.0,0.02,0.0,,83.47,4
1088,1088,linpack,small,warm,200,429.64,429.63,0.0,6.68,422.96,False,,0.0,0.34,5.57,0.76,6.68,4
1089,1089,fetchdata,large,warm,200,93.34,93.34,0.01,83.52,9.82,False,83.48,0.0,0.02,0.0,,83.51,5
1090,1090,linpack,large,warm,200,238.75,238.74,0.01,5.06,233.68,False,,0.0,0.35,3.98,0.73,5.06,5
1091,1091,linpack,medium,warm,200,786.51,786.5,0.01,650.37,136.14,False,,0.0,0.35,3.96,646.05,650.36,6
1092,1092,linpack,small,warm,200,698.76,698.75,0.01,5.1,693.65,False,,0.0,0.37,3.99,0.73,5.1,7
1093,1093,fastfouriertransform,small,warm,200,26.4,26.39,0.01,4.68,21.72,False,,0.0,3.9,0.0,0.76,4.68,3
1094,1094,fastfouriertransform,large,warm,200,25.28,25.28,0.01,4.64,20.64,False,,0.0,3.89,0.0,0.75,4.64,3
1095,1095,linpack,medium,warm,200,1058.99,1058.98,0.01,662.57,396.42,False,,0.0,0.33,3.99,658.25,662.57,3
1096,1096,fetchdata,large,warm,200,96.56,96.55,0.01,83.99,12.55,False,83.96,0.0,0.02,0.0,,83.99,4
1097,1097,matrixmul,large,warm,200,30.1,30.1,0.01,7.78,22.31,False,,0.0,0.52,6.38,0.88,7.78,4
1098,1098,fastfouriertransform,medium,warm,200,621.35,621.35,0.01,602.11,19.23,False,,0.0,3.88,0.0,598.22,602.11,4
1099,1099,linpack,medium,warm,200,1305.2,1305.2,0.01,641.72,663.48,False,,0.0,0.33,3.98,637.4,641.72,3
1100,1100,genmatrix,medium,warm,200,14.81,14.8,0.01,0.2,14.6,False,,0.0,0.02,,0.18,0.2,4
1101,1101,fetchdata,large,warm,200,94.85,94.84,0.01,83.4,11.44,False,83.37,0.0,0.02,0.0,,83.4,4
1102,1102,matrixmul,medium,warm,200,584.83,584.82,0.01,567.1,17.73,False,,0.0,0.52,6.41,560.16,567.1,4
1103,1103,matrixmul,small,warm,200,499.59,499.58,0.01,4.94,494.65,False,,0.0,0.33,4.02,0.58,4.94,5
1104,1104,fastfouriertransform,small,warm,200,27.88,27.88,0.01,4.71,23.16,False,,0.0,3.89,0.0,0.82,4.71,6
1105,1105,matrixmul,medium,warm,200,818.71,812.52,6.19,513.0,299.52,False,,0.0,0.33,4.0,508.66,513.0,5
1106,1106,matrixmul,medium,warm,200,1233.13,1233.12,0.01,513.39,719.73,False,,0.0,0.37,4.02,509.0,513.39,5
1107,1107,fetchdata,medium,warm,200,94.74,94.74,0.01,82.21,12.53,False,82.18,0.0,0.02,0.0,,82.21,6
1108,1108,linpack,small,warm,200,406.88,406.87,0.01,5.03,401.84,False,,0.0,0.33,3.99,0.71,5.03,4
1109,1109,genmatrix,large,warm,200,62.69,50.41,12.28,1.2,49.21,False,,0.0,0.02,,1.17,1.2,5
1110,1110,genmatrix,large,warm,200,66.45,41.95,24.5,0.94,41.01,False,,0.0,0.02,,0.92,0.94,5
1111,1111,genmatrix,medium,warm,200,17.37,17.37,0.01,0.25,17.12,False,,0.0,0.02,,0.22,0.25,5
1112,1112,fetchdata,medium,warm,200,93.92,93.91,0.01,83.69,10.22,False,83.66,0.0,0.02,0.0,,83.69,5
1113,1113,linpack,large,warm,200,17.54,17.53,0.01,5.04,12.49,False,,0.0,0.33,3.97,0.73,5.04,3
1114,1114,fastfouriertransform,medium,warm,200,623.16,623.16,0.01,601.61,21.55,False,,0.0,3.89,0.0,597.71,601.61,2
1115,1115,fetchdata,medium,warm,200,96.4,96.4,0.01,85.84,10.55,False,85.81,0.0,0.02,0.0,,85.84,3
1116,1116,fastfouriertransform,medium,warm,200,1022.75,1022.74,0.01,600.64,422.1,False,,0.0,3.89,0.0,596.75,600.64,3
1117,1117,matrixmul,small,warm,200,148.25,148.24,0.01,4.92,143.32,False,,0.0,0.33,4.01,0.57,4.92,4
1118,1118,fetchdata,small,warm,200,92.45,92.44,0.01,82.86,9.58,False,82.83,0.0,0.02,0.0,,82.86,5
1119,1119,fastfouriertransform,medium,warm,200,1328.25,1328.25,0.01,602.23,726.02,False,,0.0,3.88,0.0,598.34,602.23,3
1120,1120,matrixmul,large,warm,200,22.96,22.95,0.01,4.93,18.03,False,,0.0,0.34,4.01,0.57,4.93,4
1121,1121,matrixmul,small,warm,200,22.45,22.45,0.01,4.93,17.52,False,,0.0,0.35,4.01,0.57,4.93,3
1122,1122,fetchdata,medium,warm,200,92.07,92.07,0.01,83.29,8.77,False,83.26,0.0,0.02,0.0,,83.29,3
1123,1123,linpack,large,warm,200,17.28,17.27,0.01,5.04,12.23,False,,0.0,0.34,3.96,0.73,5.04,3
1124,1124,genmatrix,small,warm,200,10.76,10.76,0.01,0.14,10.62,False,,0.0,0.02,,0.11,0.14,3
1125,1125,fetchdata,medium,warm,200,96.0,95.99,0.01,84.4,11.59,False,84.37,0.0,0.02,0.0,,84.4,3
1126,1126,linpack,medium,warm,200,654.35,654.34,0.01,642.7,11.64,False,,0.0,0.33,3.98,638.39,642.7,3
1127,1127,matrixmul,medium,warm,200,533.23,533.22,0.01,514.21,19.02,False,,0.0,0.35,4.02,509.83,514.21,3
1128,1128,matrixmul,small,warm,200,440.98,440.97,0.0,4.94,436.03,False,,0.0,0.34,4.03,0.58,4.94,4
1129,1129,fastfouriertransform,medium,warm,200,928.4,928.39,0.01,599.44,328.96,False,,0.0,3.86,0.0,595.57,599.43,5
1130,1130,linpack,medium,warm,200,897.14,897.13,0.01,642.79,254.34,False,,0.0,0.33,4.01,638.44,642.79,6
1131,1131,fetchdata,small,warm,200,95.65,95.64,0.01,84.31,11.32,False,84.28,0.0,0.02,0.0,,84.31,7
1132,1132,linpack,medium,warm,200,1341.73,1341.73,0.01,642.17,699.56,False,,0.0,0.34,3.97,637.86,642.17,7
1133,1133,fastfouriertransform,small,warm,200,538.49,538.49,0.01,4.62,533.87,False,,0.0,3.87,0.0,0.74,4.62,4
1134,1134,genmatrix,medium,warm,200,17.94,17.93,0.01,0.29,17.64,False,,0.0,0.02,,0.26,0.29,5
1135,1135,linpack,large,cold,200,1045.47,1045.46,0.01,5.07,1040.39,False,,0.0,0.36,3.98,0.73,5.07,5
1136,1136,matrixmul,medium,warm,200,796.17,796.16,0.01,513.35,282.81,False,,0.0,0.35,4.03,508.96,513.35,6
1137,1137,linpack,small,warm,200,851.76,851.75,0.01,5.01,846.74,False,,0.0,0.33,3.96,0.72,5.01,7
1138,1138,fastfouriertransform,medium,warm,200,638.85,638.85,0.01,601.58,37.27,False,,0.0,3.85,0.0,597.73,601.58,8
1139,1139,fetchdata,medium,warm,200,93.39,93.39,0.01,83.17,10.22,False,83.14,0.0,0.02,0.0,,83.17,6
1140,1140,genmatrix,medium,warm,200,15.71,15.71,0.01,0.29,15.42,False,,0.0,0.02,,0.26,0.29,6
1141,1141,genmatrix,small,warm,200,10.66,10.66,0.01,0.14,10.52,False,,0.0,0.02,,0.11,0.13,6
1142,1142,matrixmul,small,warm,200,204.08,204.07,0.01,4.99,199.09,False,,0.0,0.34,4.03,0.61,4.99,6
1143,1143,linpack,large,warm,200,261.01,261.0,0.01,5.04,255.97,False,,0.0,0.35,3.96,0.72,5.03,7
1144,1144,fetchdata,medium,warm,200,93.69,93.69,0.01,83.38,10.31,False,83.35,0.0,0.02,0.0,,83.38,7
1145,1145,linpack,medium,warm,200,703.15,703.15,0.01,642.87,60.27,False,,0.0,0.33,3.98,638.55,642.87,5
1146,1146,fastfouriertransform,medium,warm,200,619.77,619.77,0.01,599.96,19.81,False,,0.0,3.86,0.0,596.1,599.96,2
1147,1147,linpack,medium,warm,200,1153.71,1153.7,0.01,644.41,509.3,False,,0.0,0.33,4.02,640.05,644.41,3
1148,1148,linpack,medium,cold,200,1692.57,1692.57,0.01,644.1,1048.46,False,,0.0,0.34,3.99,639.78,644.1,4
1149,1149,linpack,large,cold,200,1600.94,1600.93,0.01,5.04,1595.89,False,,0.0,0.34,3.98,0.72,5.04,5
1150,1150,linpack,small,cold,200,1509.67,1509.67,0.01,5.08,1504.59,False,,0.0,0.37,3.98,0.73,5.08,6
1151,1151,fetchdata,small,warm,200,93.39,93.38,0.01,82.91,10.48,False,82.87,0.0,0.02,0.0,,82.91,7
1152,1152,matrixmul,medium,warm,200,552.0,551.99,0.01,534.52,17.47,False,,0.0,0.35,4.02,530.14,534.52,7
1153,1153,genmatrix,large,warm,200,74.72,49.29,25.43,1.21,48.08,False,,0.0,0.02,,1.18,1.21,6
1154,1154,genmatrix,small,warm,200,10.03,10.02,0.01,0.12,9.9,False,,0.0,0.02,,0.1,0.12,6
1155,1155,fetchdata,large,warm,200,86.7,86.69,0.01,77.74,8.96,False,77.71,0.0,0.02,0.0,,77.74,6
1156,1156,linpack,medium,warm,200,1549.45,1549.44,0.01,642.44,907.01,False,,0.0,0.33,3.99,638.11,642.44,6
1157,1157,linpack,small,cold,200,4076.66,4076.65,0.0,5.04,4071.61,False,,0.0,0.33,3.97,0.74,5.04,7
1158,1158,fastfouriertransform,small,warm,200,25.89,25.88,0.01,4.64,21.24,False,,0.0,3.88,0.0,0.75,4.64,7
1159,1159,fetchdata,large,warm,200,85.36,85.36,0.01,76.2,9.16,False,76.17,0.0,0.02,0.0,,76.19,6
1160,1160,genmatrix,medium,warm,200,20.79,18.02,2.77,0.32,17.7,False,,0.0,0.03,,0.28,0.32,6
1161,1161,linpack,medium,cold,200,1695.16,1695.16,0.01,642.95,1052.21,False,,0.0,0.34,3.97,638.63,642.94,6
1162,1162,fetchdata,large,warm,200,86.0,85.99,0.01,75.63,10.36,False,75.61,0.0,0.02,0.0,,75.63,7
1163,1163,linpack,small,cold,200,3476.99,3476.99,0.01,5.05,3471.94,False,,0.0,0.35,3.98,0.73,5.05,7
1164,1164,genmatrix,large,warm,200,58.84,48.62,10.22,1.18,47.44,False,,0.0,0.03,,1.15,1.18,8
1165,1165,genmatrix,small,warm,200,11.22,11.22,0.0,0.12,11.09,False,,0.0,0.02,,0.1,0.12,7
1166,1166,matrixmul,large,warm,200,23.62,20.97,2.64,4.94,16.03,False,,0.0,0.35,4.02,0.57,4.94,5
1167,1167,genmatrix,large,warm,200,75.79,48.95,26.84,1.19,47.76,False,,0.0,0.02,,1.16,1.19,5
1168,1168,genmatrix,large,warm,200,51.28,40.41,10.87,0.96,39.45,False,,0.0,0.02,,0.93,0.95,5
1169,1169,linpack,large,warm,200,907.05,907.05,0.01,5.07,901.98,False,,0.0,0.33,4.0,0.74,5.07,5
1170,1170,matrixmul,large,warm,200,22.58,22.58,0.01,4.95,17.63,False,,0.0,0.34,4.03,0.57,4.95,6
1171,1171,linpack,medium,warm,200,1350.14,1350.14,0.01,643.83,706.3,False,,0.0,0.34,3.97,639.52,643.83,6
1172,1172,matrixmul,small,warm,200,21.81,21.8,0.01,4.97,16.84,False,,0.0,0.36,4.03,0.57,4.96,6
1173,1173,genmatrix,medium,warm,200,18.63,16.16,2.47,0.26,15.9,False,,0.0,0.03,,0.23,0.26,6
1174,1174,fastfouriertransform,medium,warm,200,621.97,621.96,0.0,603.84,18.12,False,,0.0,3.9,0.0,599.93,603.84,6
1175,1175,linpack,medium,warm,200,1593.07,1593.06,0.01,643.32,949.74,False,,0.0,0.37,3.99,638.96,643.32,7
1176,1176,fastfouriertransform,large,warm,200,430.03,430.02,0.01,4.57,425.46,False,,0.0,3.85,0.0,0.71,4.57,8
1177,1177,matrixmul,medium,warm,200,531.33,528.71,2.62,513.1,15.61,False,,0.0,0.34,4.02,508.73,513.1,9
1178,1178,linpack,large,cold,200,1303.47,1303.46,0.01,5.1,1298.36,False,,0.0,0.33,4.01,0.75,5.1,9
1179,1179,fetchdata,large,warm,200,83.6,83.59,0.01,75.46,8.14,False,75.43,0.0,0.02,0.0,,75.46,9
1180,1180,fastfouriertransform,large,warm,200,33.94,33.93,0.01,4.6,29.33,False,,0.0,3.85,0.0,0.74,4.6,9
1181,1181,matrixmul,small,warm,200,137.0,136.99,0.01,4.93,132.06,False,,0.0,0.33,4.02,0.57,4.93,7
1182,1182,linpack,large,warm,200,909.81,909.8,0.0,5.05,904.76,False,,0.0,0.35,3.97,0.72,5.05,8
1183,1183,linpack,medium,warm,200,1468.34,1468.34,0.01,649.12,819.21,False,,0.0,0.34,3.95,644.83,649.12,7
1184,1184,fetchdata,large,warm,200,85.13,85.13,0.01,75.51,9.61,False,75.49,0.0,0.02,0.0,,75.51,8
1185,1185,fetchdata,small,warm,200,86.23,86.23,0.01,75.81,10.42,False,75.79,0.0,0.02,0.0,,75.81,7
1186,1186,linpack,large,cold,200,1176.28,1176.28,0.01,5.12,1171.16,False,,0.0,0.37,3.99,0.75,5.11,7
1187,1187,fastfouriertransform,small,warm,200,25.33,25.33,0.01,4.7,20.62,False,,0.0,3.89,0.0,0.8,4.7,8
1188,1188,fastfouriertransform,medium,warm,200,632.85,632.84,0.01,612.07,20.77,False,,0.0,3.88,0.0,608.19,612.07,8
1189,1189,genmatrix,medium,warm,200,14.9,14.89,0.01,0.2,14.69,False,,0.0,0.02,,0.18,0.2,9
1190,1190,fetchdata,medium,warm,200,85.97,85.97,0.01,75.53,10.44,False,75.5,0.0,0.02,0.0,,75.53,9
1191,1191,fetchdata,medium,warm,200,86.36,86.36,0.01,76.34,10.02,False,76.31,0.0,0.02,0.0,,76.34,8
1192,1192,linpack,large,warm,200,585.63,585.62,0.01,5.06,580.56,False,,0.0,0.33,3.99,0.74,5.06,6
1193,1193,matrixmul,large,warm,200,24.76,24.76,0.01,4.94,19.82,False,,0.0,0.35,4.02,0.57,4.94,7
1194,1194,fastfouriertransform,large,warm,200,40.23,40.23,0.01,4.57,35.65,False,,0.0,3.87,0.0,0.7,4.57,7
1195,1195,fetchdata,large,warm,200,87.34,87.34,0.01,76.06,11.28,False,76.03,0.0,0.02,0.0,,76.06,6
1196,1196,fetchdata,large,warm,200,86.22,86.21,0.01,75.34,10.88,False,75.31,0.0,0.02,0.0,,75.33,6
1197,1197,genmatrix,large,warm,200,52.16,34.37,17.8,0.79,33.58,False,,0.0,0.02,,0.77,0.79,6
1198,1198,matrixmul,large,warm,200,23.15,23.14,0.01,4.93,18.21,False,,0.0,0.35,4.01,0.57,4.93,1
1199,1199,matrixmul,medium,warm,200,545.34,542.76,2.58,525.16,17.6,False,,0.0,0.36,4.02,520.78,525.16,1
1200,1200,fetchdata,medium,warm,200,93.16,93.15,0.01,82.63,10.52,False,82.6,0.0,0.02,0.0,,82.63,2
1201,1201,linpack,medium,warm,200,672.85,672.84,0.01,660.23,12.62,False,,0.0,0.36,3.99,655.86,660.22,2
1202,1202,linpack,medium,warm,200,1218.77,1218.77,0.01,645.12,573.65,False,,0.0,0.33,4.01,640.76,645.11,3
1203,1203,genmatrix,large,warm,200,52.15,34.43,17.73,0.78,33.64,False,,0.0,0.02,,0.76,0.78,4
1204,1204,matrixmul,small,warm,200,58.21,58.2,0.01,6.91,51.29,False,,0.0,0.46,5.67,0.78,6.91,4
1205,1205,fetchdata,medium,warm,200,93.92,93.91,0.01,83.76,10.16,False,83.73,0.0,0.02,0.0,,83.76,3
1206,1206,linpack,medium,warm,200,1497.43,1497.43,0.01,675.04,822.39,False,,0.0,0.36,3.98,670.69,675.04,3
1207,1207,fetchdata,medium,warm,200,93.49,93.49,0.01,83.41,10.07,False,83.38,0.0,0.02,0.0,,83.41,4
1208,1208,genmatrix,large,warm,200,50.99,35.68,15.31,0.77,34.91,False,,0.0,0.02,,0.74,0.77,3
1209,1209,fetchdata,large,warm,200,93.63,93.63,0.01,83.97,9.66,False,83.93,0.0,0.02,0.0,,83.96,3
1210,1210,matrixmul,medium,warm,200,1171.47,1171.47,0.01,515.78,655.69,False,,0.0,0.33,4.02,511.42,515.78,3
1211,1211,matrixmul,medium,warm,200,534.17,531.73,2.44,514.17,17.56,False,,0.0,0.35,4.05,509.77,514.17,4
1212,1212,linpack,large,warm,200,24.55,24.55,0.01,8.24,16.31,True,,0.0,0.55,6.43,1.25,8.23,5
1213,1213,genmatrix,medium,warm,200,16.11,13.52,2.59,0.2,13.32,False,,0.0,0.02,,0.18,0.2,5
1214,1214,fastfouriertransform,large,warm,200,23.05,23.04,0.0,4.66,18.39,False,,0.0,3.91,0.0,0.74,4.66,5
1215,1215,linpack,medium,warm,200,702.62,702.61,0.01,690.5,12.11,False,,0.0,0.58,6.34,683.58,690.5,4
1216,1216,matrixmul,medium,warm,200,1109.28,1109.27,0.01,535.58,573.7,False,,0.0,0.33,4.02,531.22,535.58,5
1217,1217,fetchdata,medium,warm,200,94.76,94.76,0.01,84.49,10.26,False,84.46,0.0,0.02,0.0,,84.49,5
1218,1218,fastfouriertransform,medium,warm,200,624.08,624.08,0.01,603.72,20.36,False,,0.0,3.87,0.0,599.84,603.72,5
1219,1219,fastfouriertransform,medium,warm,200,1131.46,1131.45,0.01,602.29,529.16,False,,0.0,3.87,0.0,598.41,602.29,6
1220,1220,matrixmul,large,warm,200,183.19,183.18,0.01,4.93,178.25,False,,0.0,0.33,4.01,0.58,4.93,7
1221,1221,genmatrix,large,warm,200,50.37,35.26,15.11,0.79,34.48,False,,0.0,0.02,,0.77,0.79,7
1222,1222,matrixmul,small,warm,200,521.76,521.76,0.0,4.99,516.77,False,,0.0,0.34,4.06,0.58,4.99,5
1223,1223,fetchdata,large,warm,200,92.38,92.37,0.01,81.69,10.68,False,81.66,0.0,0.02,0.0,,81.69,5
1224,1224,genmatrix,large,warm,200,62.82,47.45,15.38,1.11,46.34,False,,0.0,0.02,,1.08,1.11,5
1225,1225,genmatrix,small,warm,200,11.75,11.75,0.01,0.13,11.61,False,,0.0,0.02,,0.11,0.13,4
1226,1226,fastfouriertransform,large,warm,200,438.69,438.69,0.01,4.55,434.14,False,,0.0,3.86,0.0,0.68,4.55,4
1227,1227,linpack,small,warm,200,19.16,19.15,0.01,5.09,14.06,False,,0.0,0.36,4.0,0.73,5.09,5
1228,1228,fetchdata,small,warm,200,95.14,95.14,0.01,85.73,9.4,False,85.7,0.0,0.02,0.0,,85.73,3
1229,1229,linpack,small,warm,200,18.26,18.25,0.01,5.08,13.17,False,,0.0,0.34,3.99,0.74,5.08,3
1230,1230,fetchdata,small,warm,200,93.33,93.33,0.01,83.88,9.45,False,83.84,0.0,0.02,0.0,,83.87,3
1231,1231,fastfouriertransform,medium,warm,200,644.08,644.08,0.01,625.25,18.83,False,,0.0,3.87,0.0,621.37,625.25,1
1232,1232,genmatrix,large,warm,200,63.6,47.94,15.66,1.21,46.72,False,,0.0,0.02,,1.18,1.21,2
1233,1233,matrixmul,small,warm,200,22.55,22.55,0.01,4.95,17.59,False,,0.0,0.35,4.02,0.58,4.95,2
1234,1234,fetchdata,small,warm,200,139.34,139.33,0.01,130.24,9.1,False,130.21,0.0,0.02,0.0,,130.24,2
1235,1235,linpack,small,warm,200,17.29,17.29,0.01,5.07,12.22,False,,0.0,0.34,3.99,0.74,5.07,3
1236,1236,matrixmul,large,warm,200,22.82,22.82,0.01,4.98,17.84,False,,0.0,0.35,4.05,0.57,4.97,2
1237,1237,matrixmul,medium,warm,200,532.91,532.9,0.01,514.54,18.36,False,,0.0,0.35,4.01,510.18,514.54,2
1238,1238,fetchdata,medium,warm,200,94.87,94.86,0.01,85.35,9.52,False,85.32,0.0,0.02,0.0,,85.35,2
1239,1239,genmatrix,medium,warm,200,18.51,18.5,0.01,0.31,18.19,False,,0.0,0.03,,0.28,0.31,2
1240,1240,fastfouriertransform,small,warm,200,24.67,24.67,0.01,4.67,19.99,False,,0.0,3.92,0.0,0.75,4.67,2
1241,1241,linpack,small,warm,200,17.74,17.74,0.01,5.08,12.66,False,,0.0,0.34,3.99,0.74,5.08,2
1242,1242,linpack,large,warm,200,17.95,17.95,0.01,5.06,12.89,False,,0.0,0.34,3.98,0.73,5.06,2
1243,1243,fastfouriertransform,small,warm,200,22.86,22.86,0.01,4.64,18.22,False,,0.0,3.89,0.0,0.74,4.64,1
1244,1244,matrixmul,small,warm,200,21.82,21.82,0.01,4.95,16.87,False,,0.0,0.34,4.03,0.57,4.95,1
1245,1245,fastfouriertransform,medium,warm,200,621.73,621.72,0.0,600.51,21.21,False,,0.0,3.88,0.0,596.62,600.51,1
1246,1246,matrixmul,small,warm,200,24.05,24.05,0.01,5.0,19.05,False,,0.0,0.34,4.06,0.59,5.0,2
1247,1247,genmatrix,small,warm,200,11.62,11.62,0.01,0.14,11.48,False,,0.0,0.03,,0.11,0.14,2
1248,1248,fastfouriertransform,medium,warm,200,920.3,920.29,0.01,600.42,319.87,False,,0.0,3.87,0.0,596.54,600.42,2
1249,1249,linpack,large,warm,200,17.46,17.45,0.01,5.09,12.37,False,,0.0,0.34,4.01,0.74,5.09,3
1250,1250,fastfouriertransform,medium,cold,200,1928.28,1928.28,0.01,601.19,1327.08,False,,0.0,3.88,0.0,597.3,601.19,3
1251,1251,genmatrix,medium,warm,200,18.3,15.84,2.46,0.29,15.55,False,,0.0,0.03,,0.26,0.29,4
1252,1252,linpack,large,warm,200,16.84,16.83,0.01,5.07,11.76,False,,0.0,0.34,3.99,0.74,5.07,3
1253,1253,matrixmul,small,warm,200,23.93,21.52,2.41,4.99,16.53,False,,0.0,0.35,4.03,0.6,4.99,3
1254,1254,linpack,medium,warm,200,667.16,667.16,0.01,654.77,12.39,False,,0.0,0.34,4.0,650.42,654.76,3
1255,1255,genmatrix,small,warm,200,14.22,14.22,0.01,0.14,14.07,False,,0.0,0.02,,0.11,0.14,4
1256,1256,fastfouriertransform,medium,warm,200,720.7,720.69,0.01,599.53,121.16,False,,0.0,3.87,0.0,595.65,599.53,4
1257,1257,fetchdata,large,warm,200,95.36,95.35,0.01,84.32,11.03,False,84.28,0.0,0.02,0.0,,84.31,5
1258,1258,matrixmul,large,warm,200,32.68,27.25,5.43,7.9,19.35,False,,0.0,0.52,6.44,0.93,7.9,4
1259,1259,genmatrix,large,warm,200,65.44,48.88,16.56,1.2,47.68,False,,0.0,0.02,,1.17,1.2,4
1260,1260,fetchdata,small,warm,200,92.47,92.46,0.01,83.46,9.01,False,83.43,0.0,0.02,0.0,,83.46,4
1261,1261,genmatrix,medium,warm,200,20.06,14.88,5.17,0.27,14.61,False,,0.0,0.02,,0.24,0.27,3
1262,1262,linpack,large,warm,200,17.77,17.76,0.01,5.09,12.67,False,,0.0,0.34,4.0,0.74,5.09,3
1263,1263,fetchdata,small,warm,200,92.51,92.51,0.01,82.97,9.53,False,82.94,0.0,0.02,0.0,,82.97,3
1264,1264,linpack,large,warm,200,292.21,292.21,0.01,5.21,286.99,False,,0.0,0.37,4.07,0.77,5.21,2
1265,1265,matrixmul,medium,warm,200,571.77,571.76,0.01,553.5,18.26,False,,0.0,0.52,6.39,546.58,553.5,3
1266,1266,linpack,medium,warm,200,692.45,692.45,0.01,679.87,12.57,False,,0.0,0.34,4.01,675.52,679.87,4
1267,1267,fastfouriertransform,medium,warm,200,852.87,852.87,0.01,621.99,230.88,False,,0.0,3.86,0.0,618.12,621.99,4
1268,1268,fastfouriertransform,small,warm,200,757.77,757.76,0.01,4.62,753.14,False,,0.0,3.88,0.0,0.74,4.62,5
1269,1269,fetchdata,medium,warm,200,88.11,88.1,0.01,79.92,8.18,False,79.89,0.0,0.03,0.0,,79.92,6
1270,1270,genmatrix,small,warm,200,9.99,9.98,0.01,0.14,9.84,False,,0.0,0.02,,0.11,0.14,5
1271,1271,fastfouriertransform,medium,warm,200,1058.97,1058.97,0.01,599.45,459.52,False,,0.0,3.86,0.0,595.59,599.45,4
1272,1272,matrixmul,small,warm,200,23.46,21.15,2.3,5.03,16.12,False,,0.0,0.34,4.09,0.6,5.03,5
1273,1273,matrixmul,medium,warm,200,532.97,532.96,0.01,515.79,17.17,False,,0.0,0.34,4.04,511.4,515.79,4
1274,1274,genmatrix,medium,warm,200,15.58,15.57,0.01,0.29,15.29,False,,0.0,0.03,,0.26,0.29,5
1275,1275,linpack,large,warm,200,21.52,21.52,0.01,9.37,12.15,False,,0.0,0.5,8.06,0.79,9.36,5
1276,1276,linpack,small,warm,200,19.16,19.15,0.01,5.09,14.06,False,,0.0,0.35,4.0,0.73,5.09,3
1277,1277,genmatrix,large,warm,200,63.89,49.35,14.55,1.19,48.16,False,,0.0,0.03,,1.16,1.18,3
1278,1278,genmatrix,large,warm,200,60.66,42.27,18.4,0.94,41.33,False,,0.0,0.02,,0.91,0.94,3
1279,1279,fetchdata,small,warm,200,85.11,85.11,0.01,75.51,9.59,False,75.49,0.0,0.02,0.0,,75.51,2
1280,1280,fastfouriertransform,medium,warm,200,763.15,763.14,0.01,602.43,160.71,False,,0.0,3.87,0.0,598.55,602.43,2
1281,1281,genmatrix,small,warm,200,10.87,10.86,0.01,0.11,10.75,False,,0.0,0.02,,0.08,0.11,3
1282,1282,matrixmul,large,warm,200,21.08,21.07,0.01,4.98,16.09,False,,0.0,0.35,4.04,0.58,4.98,2
1283,1283,linpack,large,warm,200,16.29,16.28,0.01,5.11,11.17,False,,0.0,0.34,4.01,0.75,5.1,2
1284,1284,genmatrix,large,warm,200,57.65,34.57,23.09,0.79,33.77,False,,0.0,0.02,,0.77,0.79,2
1285,1285,fastfouriertransform,large,warm,200,266.79,266.79,0.01,4.57,262.21,False,,0.0,3.87,0.0,0.7,4.57,2
1286,1286,genmatrix,medium,warm,200,14.91,12.64,2.27,0.2,12.44,False,,0.0,0.02,,0.18,0.2,3
1287,1287,linpack,small,warm,200,18.03,18.03,0.01,5.07,12.96,False,,0.0,0.34,3.99,0.73,5.07,3
1288,1288,fetchdata,small,warm,200,84.75,84.74,0.01,75.42,9.32,False,75.39,0.0,0.02,0.0,,75.42,1
1289,1289,matrixmul,small,warm,200,23.39,23.38,0.01,4.95,18.43,False,,0.0,0.35,4.03,0.57,4.95,1
1290,1290,matrixmul,large,warm,200,23.48,21.04,2.44,4.94,16.09,False,,0.0,0.35,4.02,0.57,4.94,1
1291,1291,linpack,medium,warm,200,659.71,659.7,0.01,646.87,12.83,False,,0.0,0.35,3.99,642.52,646.87,1
1292,1292,matrixmul,large,warm,200,21.54,21.53,0.01,4.94,16.6,False,,0.0,0.35,4.01,0.57,4.94,2
1293,1293,linpack,medium,warm,200,680.54,680.54,0.01,668.52,12.02,False,,0.0,0.51,6.33,661.67,668.52,2
1294,1294,linpack,large,warm,200,589.09,589.08,0.01,5.07,584.01,False,,0.0,0.35,3.98,0.74,5.07,3
1295,1295,fetchdata,small,warm,200,83.49,83.49,0.01,75.52,7.97,False,75.5,0.0,0.02,0.0,,75.52,4
1296,1296,linpack,small,warm,200,165.71,165.7,0.01,5.14,160.56,False,,0.0,0.39,3.99,0.76,5.14,4
1297,1297,linpack,medium,warm,200,933.15,933.14,0.01,642.41,290.74,False,,0.0,0.34,3.96,638.1,642.41,5
1298,1298,linpack,large,warm,200,15.8,15.79,0.01,5.06,10.74,False,,0.0,0.33,3.99,0.73,5.06,4
1299,1299,genmatrix,small,warm,200,10.45,10.44,0.01,0.11,10.34,False,,0.0,0.02,,0.09,0.11,4
1300,1300,linpack,small,warm,200,16.53,16.53,0.01,5.09,11.44,False,,0.0,0.33,4.01,0.74,5.09,2
1301,1301,fastfouriertransform,large,warm,200,23.96,23.96,0.01,4.65,19.31,False,,0.0,3.9,0.0,0.75,4.65,2
1302,1302,linpack,small,warm,200,16.82,16.82,0.01,5.11,11.71,False,,0.0,0.33,4.02,0.75,5.1,2
1303,1303,linpack,large,warm,200,16.19,16.19,0.01,5.13,11.06,False,,0.0,0.33,3.97,0.82,5.13,2
1304,1304,fetchdata,small,warm,200,85.04,85.03,0.01,75.54,9.49,False,75.52,0.0,0.02,0.0,,75.54,2
1305,1305,genmatrix,large,warm,200,46.93,34.95,11.99,0.79,34.15,False,,0.0,0.02,,0.77,0.79,2
1306,1306,matrixmul,small,warm,200,22.27,22.27,0.01,4.98,17.29,False,,0.0,0.35,4.04,0.59,4.98,2
1307,1307,fetchdata,large,warm,200,85.05,85.05,0.01,75.06,9.99,False,75.04,0.0,0.02,0.0,,75.06,1
1308,1308,linpack,medium,warm,200,658.96,658.95,0.01,645.42,13.53,False,,0.0,0.34,3.99,641.09,645.42,1
1309,1309,fastfouriertransform,large,warm,200,25.05,25.05,0.01,4.68,20.37,False,,0.0,3.91,0.0,0.76,4.68,2
1310,1310,matrixmul,small,warm,200,20.35,20.34,0.01,4.94,15.4,False,,0.0,0.34,4.02,0.57,4.94,2
1311,1311,matrixmul,small,warm,200,22.14,22.14,0.01,4.97,17.16,False,,0.0,0.35,4.05,0.57,4.97,2
1312,1312,linpack,medium,warm,200,657.64,657.64,0.01,646.29,11.34,False,,0.0,0.34,3.99,641.96,646.29,2
1313,1313,matrixmul,large,warm,200,22.41,22.4,0.01,4.95,17.46,False,,0.0,0.35,4.02,0.58,4.94,3
1314,1314,fastfouriertransform,large,warm,200,23.7,23.7,0.01,4.64,19.05,False,,0.0,3.89,0.0,0.74,4.64,3
1315,1315,matrixmul,large,warm,200,21.96,21.95,0.01,4.94,17.01,False,,0.0,0.35,4.03,0.57,4.94,2
1316,1316,genmatrix,large,warm,200,49.64,33.42,16.22,0.78,32.64,False,,0.0,0.02,,0.76,0.78,2
1317,1317,fastfouriertransform,medium,warm,200,623.28,623.27,0.01,605.22,18.06,False,,0.0,3.89,0.0,601.32,605.22,2
1318,1318,genmatrix,small,warm,200,9.73,9.72,0.01,0.11,9.61,False,,0.0,0.02,,0.09,0.11,3
1319,1319,fetchdata,large,warm,200,92.74,92.73,0.01,83.48,9.26,False,83.44,0.0,0.02,0.0,,83.48,2
1320,1320,fastfouriertransform,small,warm,200,329.71,329.7,0.01,4.58,325.13,False,,0.0,3.87,0.0,0.7,4.57,2
1321,1321,matrixmul,medium,warm,200,566.88,566.88,0.01,550.04,16.84,False,,0.0,0.52,6.4,543.11,550.03,3
1322,1322,fastfouriertransform,large,warm,200,139.5,139.49,0.01,4.59,134.9,False,,0.0,3.86,0.0,0.73,4.59,4
1323,1323,fastfouriertransform,small,warm,200,42.95,42.94,0.0,4.7,38.25,False,,0.0,3.96,0.0,0.74,4.7,5
1324,1324,matrixmul,small,warm,200,278.07,275.41,2.65,4.96,270.45,False,,0.0,0.33,4.02,0.61,4.96,2
1325,1325,genmatrix,medium,warm,200,14.19,14.18,0.01,0.2,13.98,False,,0.0,0.02,,0.18,0.2,3
1326,1326,fetchdata,small,warm,200,93.33,93.33,0.01,83.27,10.06,False,83.24,0.0,0.02,0.0,,83.27,3
1327,1327,matrixmul,medium,warm,200,544.66,544.65,0.01,528.17,16.48,False,,0.0,0.35,4.05,523.77,528.17,1
1328,1328,matrixmul,medium,warm,200,972.56,968.59,3.97,517.37,451.22,False,,0.0,0.78,4.33,512.26,517.37,2
1329,1329,matrixmul,medium,warm,200,1411.06,1411.06,0.01,521.83,889.23,False,,0.0,0.61,4.55,516.66,521.83,3
1330,1330,fastfouriertransform,large,warm,200,22.98,22.97,0.01,4.68,18.29,False,,0.0,3.9,0.0,0.77,4.68,4
1331,1331,linpack,small,warm,200,20.09,20.08,0.01,8.06,12.02,False,,0.0,0.51,6.39,1.16,8.06,4
1332,1332,genmatrix,small,warm,200,10.96,10.96,0.01,0.14,10.82,False,,0.0,0.02,,0.11,0.14,4
1333,1333,fetchdata,large,warm,200,91.29,91.29,0.01,83.03,8.25,False,83.0,0.0,0.02,0.0,,83.03,3
1334,1334,matrixmul,large,warm,200,384.72,382.31,2.41,5.72,376.58,False,,0.0,0.59,4.53,0.6,5.72,3
1335,1335,fetchdata,large,warm,200,90.27,90.27,0.01,81.94,8.33,False,81.9,0.0,0.02,0.0,,81.93,4
1336,1336,fetchdata,small,warm,200,89.4,89.4,0.01,80.97,8.43,False,80.94,0.0,0.02,0.0,,80.97,4
1337,1337,fastfouriertransform,medium,warm,200,661.1,661.1,0.01,642.56,18.54,False,,0.0,8.28,0.0,634.26,642.56,4
1338,1338,matrixmul,large,warm,200,527.07,522.34,4.74,5.67,516.66,False,,0.0,0.6,4.48,0.58,5.67,3
1339,1339,linpack,medium,warm,200,676.25,676.25,0.01,665.31,10.94,False,,0.0,0.52,6.38,658.41,665.31,4
1340,1340,linpack,medium,warm,200,892.11,892.1,0.01,673.43,218.67,False,,0.0,0.36,4.03,669.04,673.43,5
1341,1341,fetchdata,small,warm,200,91.98,91.98,0.01,83.23,8.74,False,83.2,0.0,0.02,0.0,,83.23,6
1342,1342,matrixmul,medium,warm,200,669.48,667.28,2.2,538.6,128.68,False,,0.0,0.35,5.02,533.22,538.6,6
1343,1343,fetchdata,medium,warm,200,90.04,90.03,0.01,81.2,8.84,False,81.17,0.0,0.02,0.0,,81.19,7
1344,1344,fetchdata,large,warm,200,90.72,90.72,0.01,82.16,8.56,False,82.13,0.0,0.02,0.0,,82.16,4
1345,1345,fastfouriertransform,small,warm,200,22.7,22.69,0.01,4.67,18.03,False,,0.0,3.9,0.0,0.76,4.66,4
1346,1346,matrixmul,large,warm,200,279.99,279.98,0.01,5.63,274.35,False,,0.0,0.33,4.69,0.6,5.62,3
1347,1347,fastfouriertransform,small,warm,200,24.15,24.15,0.01,4.65,19.5,False,,0.0,3.89,0.0,0.75,4.65,4
1348,1348,fetchdata,small,warm,200,91.58,91.58,0.0,84.09,7.49,False,84.06,0.0,0.02,0.0,,84.09,4
1349,1349,fastfouriertransform,large,warm,200,24.57,24.57,0.01,4.64,19.93,False,,0.0,3.88,0.0,0.75,4.64,1
1350,1350,fastfouriertransform,medium,warm,200,623.01,623.0,0.01,603.56,19.44,False,,0.0,3.92,0.0,599.63,603.56,1
1351,1351,linpack,large,warm,200,15.36,15.35,0.01,5.13,10.22,False,,0.0,0.36,4.01,0.75,5.13,2
1352,1352,fastfouriertransform,small,warm,200,429.69,429.68,0.01,4.61,425.07,False,,0.0,3.87,0.0,0.73,4.61,2
1353,1353,fastfouriertransform,medium,warm,200,935.36,935.35,0.01,601.49,333.86,False,,0.0,3.87,0.0,597.62,601.49,3
1354,1354,matrixmul,small,warm,200,24.94,21.01,3.93,4.95,16.06,False,,0.0,0.35,4.03,0.57,4.95,4
1355,1355,linpack,small,warm,200,16.89,16.88,0.01,5.05,11.83,False,,0.0,0.34,3.98,0.73,5.05,4
1356,1356,fastfouriertransform,small,warm,200,641.94,641.93,0.01,4.61,637.32,False,,0.0,3.86,0.0,0.75,4.61,4
1357,1357,linpack,medium,warm,200,658.36,658.36,0.01,646.45,11.9,False,,0.0,0.33,4.02,642.1,646.45,3
1358,1358,fetchdata,large,warm,200,93.82,93.82,0.01,84.65,9.16,False,84.62,0.0,0.02,0.0,,84.65,4
1359,1359,linpack,medium,warm,200,653.72,653.71,0.01,643.6,10.11,False,,0.0,0.34,4.0,639.25,643.6,4
1360,1360,linpack,large,warm,200,562.81,562.81,0.01,5.11,557.7,False,,0.0,0.35,4.0,0.76,5.11,5
1361,1361,genmatrix,small,warm,200,9.53,9.53,0.01,0.14,9.39,False,,0.0,0.02,,0.11,0.14,6
1362,1362,genmatrix,small,warm,200,10.71,10.71,0.01,0.14,10.57,False,,0.0,0.03,,0.11,0.14,6
1363,1363,linpack,small,warm,200,67.36,67.35,0.01,5.14,62.21,False,,0.0,0.32,4.09,0.72,5.14,4
1364,1364,matrixmul,medium,warm,200,537.78,535.77,2.01,519.56,16.21,False,,0.0,0.35,4.04,515.17,519.56,3
1365,1365,genmatrix,small,warm,200,9.32,9.32,0.01,0.14,9.18,False,,0.0,0.02,,0.11,0.14,4
1366,1366,linpack,large,warm,200,16.39,16.39,0.01,5.11,11.28,False,,0.0,0.33,4.04,0.73,5.11,2
1367,1367,fetchdata,large,warm,200,92.69,92.68,0.01,83.3,9.39,False,83.26,0.0,0.02,0.0,,83.29,2
1368,1368,matrixmul,large,warm,200,148.13,148.12,0.01,5.41,142.72,False,,0.0,0.39,4.4,0.61,5.4,2
1369,1369,matrixmul,small,warm,200,61.78,61.78,0.01,5.76,56.02,False,,0.0,0.35,4.81,0.6,5.76,3
1370,1370,genmatrix,large,warm,200,58.99,48.05,10.95,1.22,46.83,False,,0.0,0.02,,1.19,1.22,1
1371,1371,matrixmul,large,warm,200,25.98,21.93,4.04,5.01,16.92,False,,0.0,0.34,4.07,0.59,5.01,1
1372,1372,genmatrix,large,warm,200,68.91,49.19,19.72,1.19,48.0,False,,0.0,0.02,,1.16,1.19,1
1373,1373,matrixmul,medium,warm,200,532.02,532.02,0.01,515.88,16.14,False,,0.0,0.34,4.07,511.46,515.88,1
1374,1374,fetchdata,medium,warm,200,92.14,92.14,0.01,83.61,8.52,False,83.58,0.0,0.02,0.0,,83.61,2
1375,1375,matrixmul,small,warm,200,346.34,344.06,2.27,5.73,338.34,False,,0.0,0.58,4.55,0.59,5.72,2
1376,1376,linpack,medium,warm,200,672.25,672.24,0.01,660.35,11.89,False,,0.0,0.33,3.98,656.04,660.35,3
1377,1377,fetchdata,small,warm,200,92.81,92.8,0.01,84.41,8.39,False,84.38,0.0,0.02,0.0,,84.41,4
1378,1378,genmatrix,large,warm,200,65.25,52.32,12.93,1.18,51.13,False,,0.0,0.02,,1.16,1.18,4
1379,1379,fetchdata,medium,warm,200,92.27,92.26,0.01,83.68,8.58,False,83.65,0.0,0.02,0.0,,83.68,2
1380,1380,fastfouriertransform,large,warm,200,23.75,23.74,0.01,4.65,19.09,False,,0.0,3.9,0.0,0.74,4.65,2
1381,1381,matrixmul,medium,warm,200,535.56,533.19,2.38,515.57,17.61,False,,0.0,0.35,4.07,511.15,515.57,2
1382,1382,linpack,large,warm,200,16.1,16.09,0.01,5.07,11.02,False,,0.0,0.34,3.99,0.74,5.07,3
1383,1383,fetchdata,medium,warm,200,93.43,93.42,0.01,84.6,8.82,False,84.57,0.0,0.02,0.0,,84.6,2
1384,1384,fetchdata,medium,warm,200,89.45,89.45,0.01,80.63,8.81,False,80.61,0.0,0.02,0.0,,80.63,2
1385,1385,fetchdata,medium,warm,200,91.47,91.46,0.01,83.47,7.99,False,83.44,0.0,0.02,0.0,,83.47,2
1386,1386,fastfouriertransform,medium,warm,200,644.3,644.3,0.01,622.38,21.92,False,,0.0,3.89,0.0,618.48,622.38,2
1387,1387,genmatrix,small,warm,200,10.79,10.78,0.01,0.14,10.64,False,,0.0,0.02,,0.11,0.14,2
1388,1388,linpack,large,warm,200,17.09,17.08,0.01,5.1,11.98,False,,0.0,0.34,4.01,0.74,5.09,2
1389,1389,fetchdata,small,warm,200,93.91,93.9,0.01,84.85,9.05,False,84.82,0.0,0.02,0.0,,84.85,2
1390,1390,genmatrix,medium,warm,200,16.96,16.95,0.01,0.3,16.66,False,,0.0,0.02,,0.27,0.29,2
1391,1391,linpack,large,warm,200,19.05,19.04,0.01,7.24,11.8,False,,0.0,0.46,5.77,1.01,7.24,2
1392,1392,fastfouriertransform,small,warm,200,47.32,47.31,0.01,4.57,42.75,False,,0.0,3.84,0.0,0.72,4.57,2
1393,1393,fetchdata,large,warm,200,85.42,85.41,0.01,77.13,8.28,False,77.11,0.0,0.02,0.0,,77.13,1
1394,1394,linpack,small,warm,200,16.63,16.61,0.01,5.11,11.51,False,,0.0,0.34,4.0,0.77,5.11,1
1395,1395,matrixmul,small,warm,200,23.98,20.12,3.86,4.97,15.15,False,,0.0,0.35,4.04,0.57,4.97,1
1396,1396,genmatrix,medium,warm,200,17.83,15.78,2.05,0.29,15.5,False,,0.0,0.02,,0.26,0.29,1
1397,1397,fastfouriertransform,small,warm,200,22.89,22.88,0.01,4.67,18.22,False,,0.0,3.91,0.0,0.76,4.67,1
1398,1398,fetchdata,large,warm,200,82.94,82.94,0.01,75.87,7.07,False,75.85,0.0,0.02,0.0,,75.87,1
1399,1399,fastfouriertransform,large,warm,200,22.84,22.83,0.01,4.64,18.2,False,,0.0,3.88,0.0,0.75,4.64,1
1400,1400,matrixmul,small,warm,200,24.7,21.1,3.59,4.95,16.15,False,,0.0,0.34,4.03,0.57,4.95,1
1401,1401,linpack,large,warm,200,285.92,285.92,0.0,8.05,277.87,False,,0.0,0.53,6.36,1.15,8.04,1
1402,1402,fetchdata,medium,warm,200,84.86,84.85,0.01,76.93,7.92,False,76.91,0.0,0.02,0.0,,76.93,2
1403,1403,fetchdata,large,warm,200,83.17,83.16,0.01,75.98,7.18,False,75.96,0.0,0.02,0.0,,75.98,2
1404,1404,genmatrix,medium,warm,200,18.58,15.81,2.77,0.29,15.52,False,,0.0,0.03,,0.26,0.29,1
1405,1405,matrixmul,medium,warm,200,531.45,531.45,0.01,515.66,15.79,False,,0.0,0.35,4.06,511.25,515.66,1
1406,1406,linpack,large,warm,200,22.83,22.82,0.01,7.98,14.84,False,,0.0,0.52,6.33,1.13,7.97,2
1407,1407,genmatrix,medium,warm,200,19.55,15.87,3.68,0.28,15.58,False,,0.0,0.03,,0.25,0.28,2
1408,1408,genmatrix,medium,warm,200,18.07,14.36,3.71,0.28,14.08,False,,0.0,0.02,,0.25,0.28,2
1409,1409,linpack,medium,warm,200,695.06,695.06,0.01,682.49,12.57,False,,0.0,0.51,6.34,675.63,682.49,2
1410,1410,matrixmul,small,warm,200,43.49,43.48,0.01,5.74,37.74,False,,0.0,0.7,4.45,0.59,5.74,3
1411,1411,matrixmul,medium,warm,200,532.17,530.41,1.76,514.89,15.52,False,,0.0,0.35,4.02,510.52,514.89,2
1412,1412,fetchdata,medium,warm,200,83.4,83.39,0.01,75.53,7.86,False,75.51,0.0,0.02,0.0,,75.53,3
1413,1413,genmatrix,medium,warm,200,17.07,13.71,3.36,0.25,13.46,False,,0.0,0.02,,0.22,0.25,3
1414,1414,fastfouriertransform,large,warm,200,23.35,23.35,0.01,4.66,18.69,False,,0.0,3.9,0.0,0.75,4.66,3
1415,1415,fetchdata,large,warm,200,83.41,83.4,0.01,75.65,7.75,False,75.63,0.0,0.02,0.0,,75.65,3
1416,1416,fetchdata,small,warm,200,84.28,84.27,0.01,76.31,7.96,False,76.29,0.0,0.02,0.0,,76.31,2
1417,1417,genmatrix,large,warm,200,41.16,33.72,7.45,0.78,32.93,False,,0.0,0.02,,0.76,0.78,1
1418,1418,linpack,large,warm,200,17.15,17.15,0.01,5.09,12.06,False,,0.0,0.34,3.98,0.76,5.09,1
1419,1419,matrixmul,medium,warm,200,557.76,556.07,1.69,538.59,17.48,False,,0.0,0.36,4.01,534.21,538.59,1
1420,1420,fetchdata,small,warm,200,85.01,85.01,0.01,76.24,8.77,False,76.21,0.0,0.02,0.0,,76.24,2
1421,1421,genmatrix,small,warm,200,9.53,9.52,0.01,0.11,9.41,False,,0.0,0.02,,0.09,0.11,2
1422,1422,matrixmul,large,warm,200,266.5,264.64,1.86,4.94,259.7,False,,0.0,0.34,4.03,0.57,4.94,2
1423,1423,fetchdata,medium,warm,200,83.31,83.3,0.01,75.79,7.51,False,75.77,0.0,0.02,0.0,,75.79,3
1424,1424,linpack,large,warm,200,17.01,17.0,0.01,5.07,11.93,False,,0.0,0.34,3.99,0.73,5.07,3
1425,1425,genmatrix,medium,warm,200,14.53,12.7,1.83,0.22,12.48,False,,0.0,0.02,,0.2,0.22,1
1426,1426,matrixmul,large,warm,200,24.93,21.46,3.48,4.98,16.48,False,,0.0,0.34,4.05,0.58,4.98,1
1427,1427,matrixmul,medium,warm,200,534.4,534.39,0.01,513.84,20.56,False,,0.0,0.37,4.05,509.41,513.83,1
1428,1428,fetchdata,large,warm,200,83.96,83.96,0.01,75.7,8.26,False,75.67,0.0,0.02,0.0,,75.69,2
1429,1429,genmatrix,small,warm,200,8.37,8.36,0.01,0.11,8.26,False,,0.0,0.02,,0.08,0.1,2
1430,1430,fetchdata,large,warm,200,83.21,83.2,0.01,75.62,7.58,False,75.6,0.0,0.02,0.0,,75.62,2
1431,1431,linpack,medium,warm,200,655.45,655.44,0.01,643.59,11.85,False,,0.0,0.34,3.99,639.26,643.59,2
1432,1432,fetchdata,large,warm,200,84.29,84.29,0.01,75.78,8.51,False,75.76,0.0,0.02,0.0,,75.78,3
1433,1433,fastfouriertransform,large,warm,200,22.25,22.25,0.01,4.67,17.57,False,,0.0,3.92,0.0,0.75,4.67,2
1434,1434,fastfouriertransform,small,warm,200,22.59,22.58,0.01,4.63,17.95,False,,0.0,3.88,0.0,0.74,4.63,2
1435,1435,fastfouriertransform,small,warm,200,22.39,22.39,0.01,4.68,17.71,False,,0.0,3.92,0.0,0.75,4.68,2
1436,1436,matrixmul,small,warm,200,23.35,19.95,3.4,4.96,14.99,False,,0.0,0.35,4.04,0.57,4.96,2
1437,1437,fetchdata,small,warm,200,84.19,84.18,0.01,75.95,8.23,False,75.93,0.0,0.02,0.0,,75.95,2
1438,1438,fetchdata,small,warm,200,90.26,90.26,0.01,81.37,8.88,False,81.34,0.0,0.02,0.0,,81.37,1
1439,1439,fetchdata,large,warm,200,90.16,90.16,0.01,81.08,9.08,False,81.05,0.0,0.02,0.0,,81.08,1
1440,1440,matrixmul,medium,warm,200,531.09,531.09,0.01,514.78,16.31,False,,0.0,0.34,4.04,510.39,514.78,1
1441,1441,fastfouriertransform,large,warm,200,26.63,26.62,0.01,7.33,19.29,False,,0.0,6.19,0.0,1.14,7.33,2
1442,1442,linpack,medium,warm,200,660.58,660.57,0.01,645.82,14.75,False,,0.0,0.34,4.03,641.45,645.82,2
1443,1443,matrixmul,small,warm,200,242.04,239.95,2.09,4.96,234.99,False,,0.0,0.33,4.05,0.57,4.96,3
1444,1444,fastfouriertransform,large,warm,200,25.56,25.56,0.01,7.36,18.2,False,,0.0,6.15,0.0,1.2,7.36,4
1445,1445,linpack,medium,warm,200,686.16,686.15,0.01,674.4,11.76,False,,0.0,0.52,6.42,667.45,674.39,4
1446,1446,fastfouriertransform,small,warm,200,25.96,25.96,0.01,7.29,18.66,False,,0.0,6.15,0.0,1.14,7.29,3
1447,1447,linpack,large,warm,200,166.2,166.19,0.01,5.03,161.16,False,,0.0,0.32,3.98,0.73,5.03,3
1448,1448,genmatrix,large,warm,200,43.17,32.54,10.63,0.79,31.75,False,,0.0,0.02,,0.77,0.79,4
1449,1449,genmatrix,small,warm,200,8.86,8.85,0.01,0.1,8.75,False,,0.0,0.02,,0.08,0.1,2
1450,1450,linpack,large,warm,200,14.84,14.83,0.01,5.05,9.78,False,,0.0,0.34,3.98,0.73,5.05,2
1451,1451,matrixmul,small,warm,200,22.83,19.62,3.21,4.93,14.68,False,,0.0,0.35,4.02,0.57,4.93,2
1452,1452,fastfouriertransform,small,warm,200,25.34,25.33,0.01,7.01,18.32,False,,0.0,5.8,0.0,1.21,7.01,1
1453,1453,linpack,small,warm,200,14.84,14.83,0.01,5.07,9.76,False,,0.0,0.34,3.99,0.73,5.07,1
1454,1454,fetchdata,small,warm,200,92.69,92.68,0.01,83.74,8.94,False,83.71,0.0,0.02,0.0,,83.74,1
1455,1455,linpack,large,warm,200,15.7,15.7,0.01,5.05,10.65,False,,0.0,0.33,3.99,0.72,5.05,1
1456,1456,genmatrix,medium,warm,200,13.6,11.84,1.75,0.2,11.64,False,,0.0,0.02,,0.18,0.2,1
1457,1457,genmatrix,medium,warm,200,15.2,11.93,3.27,0.2,11.73,False,,0.0,0.02,,0.18,0.2,1
1458,1458,fastfouriertransform,medium,warm,200,665.2,665.19,0.01,646.98,18.21,False,,0.0,6.15,0.0,640.82,646.98,1
1459,1459,matrixmul,medium,warm,200,555.11,555.11,0.01,538.96,16.15,False,,0.0,0.34,4.04,534.57,538.96,2
1460,1460,linpack,small,warm,200,18.01,18.0,0.01,7.07,10.93,False,,0.0,0.41,5.63,1.03,7.07,3
1461,1461,fetchdata,medium,warm,200,90.76,90.76,0.01,83.49,7.26,False,83.46,0.0,0.02,0.0,,83.49,3
1462,1462,fastfouriertransform,large,warm,200,272.22,272.21,0.0,4.64,267.57,False,,0.0,3.85,0.0,0.79,4.64,3
1463,1463,fastfouriertransform,small,warm,200,180.58,180.57,0.0,4.65,175.93,False,,0.0,3.9,0.0,0.74,4.65,4
1464,1464,matrixmul,medium,warm,200,578.36,575.44,2.92,514.37,61.07,False,,0.0,0.33,4.08,509.95,514.37,5
1465,1465,matrixmul,large,warm,200,485.24,485.24,0.01,4.96,480.28,False,,0.0,0.33,4.05,0.57,4.96,2
1466,1466,matrixmul,small,warm,200,400.97,399.26,1.71,4.93,394.33,False,,0.0,0.33,4.02,0.57,4.93,3
1467,1467,fastfouriertransform,large,warm,200,20.74,20.74,0.01,4.65,16.08,False,,0.0,3.9,0.0,0.75,4.65,4
1468,1468,fetchdata,small,warm,200,91.05,91.04,0.01,82.52,8.52,False,82.49,0.0,0.02,0.0,,82.52,4
1469,1469,matrixmul,medium,warm,200,619.62,617.88,1.74,513.18,104.7,False,,0.0,0.37,4.02,508.78,513.18,4
1470,1470,genmatrix,large,warm,200,60.02,44.65,15.37,1.14,43.52,False,,0.0,0.02,,1.11,1.13,2
1471,1471,fastfouriertransform,large,warm,200,21.59,21.58,0.01,4.61,16.97,False,,0.0,3.86,0.0,0.74,4.61,2
1472,1472,fastfouriertransform,small,warm,200,21.52,21.52,0.01,4.72,16.79,False,,0.0,3.97,0.0,0.75,4.72,2
1473,1473,fetchdata,large,warm,200,91.8,91.79,0.01,83.17,8.62,False,83.14,0.0,0.02,0.0,,83.17,2
1474,1474,linpack,medium,warm,200,677.63,677.63,0.01,665.57,12.06,False,,0.0,0.52,6.37,658.67,665.56,2
1475,1475,genmatrix,small,warm,200,10.26,10.25,0.01,0.14,10.11,False,,0.0,0.03,,0.11,0.14,3
1476,1476,fastfouriertransform,large,warm,200,23.74,23.74,0.01,4.63,19.11,False,,0.0,3.88,0.0,0.75,4.63,2
1477,1477,genmatrix,large,warm,200,63.26,47.99,15.27,1.19,46.8,False,,0.0,0.02,,1.16,1.19,2
1478,1478,linpack,large,warm,200,16.96,16.95,0.01,5.09,11.86,False,,0.0,0.33,3.99,0.76,5.09,2
1479,1479,fastfouriertransform,small,warm,200,22.6,22.6,0.01,4.64,17.96,False,,0.0,3.89,0.0,0.74,4.64,2
1480,1480,genmatrix,small,warm,200,9.96,9.96,0.01,0.14,9.82,False,,0.0,0.03,,0.11,0.14,2
1481,1481,fetchdata,large,warm,200,91.72,91.71,0.01,83.42,8.29,False,83.39,0.0,0.02,0.0,,83.42,1
1482,1482,fetchdata,large,warm,200,89.07,89.06,0.01,80.54,8.52,False,80.52,0.0,0.02,0.0,,80.54,1
1483,1483,matrixmul,small,warm,200,21.11,19.61,1.5,4.96,14.65,False,,0.0,0.35,4.04,0.57,4.96,1
1484,1484,genmatrix,small,warm,200,9.42,9.41,0.01,0.14,9.27,False,,0.0,0.02,,0.11,0.14,1
1485,1485,linpack,small,warm,200,15.42,15.41,0.01,5.1,10.31,False,,0.0,0.34,4.01,0.75,5.1,1
1486,1486,linpack,medium,warm,200,655.56,655.55,0.01,645.41,10.14,False,,0.0,0.33,4.01,641.07,645.41,1
1487,1487,linpack,medium,warm,200,654.02,654.01,0.01,643.32,10.69,False,,0.0,0.34,3.98,639.0,643.32,2
1488,1488,matrixmul,large,warm,200,21.57,21.56,0.01,4.97,16.59,False,,0.0,0.34,4.05,0.58,4.97,3
1489,1489,fetchdata,large,warm,200,92.83,92.82,0.01,83.2,9.62,False,83.17,0.0,0.02,0.0,,83.2,3
1490,1490,fastfouriertransform,large,warm,200,24.07,24.07,0.01,4.64,19.43,False,,0.0,3.88,0.0,0.75,4.64,3
1491,1491,genmatrix,small,warm,200,9.81,9.8,0.01,0.14,9.66,False,,0.0,0.02,,0.11,0.14,3
1492,1492,fastfouriertransform,medium,warm,200,622.45,622.44,0.01,604.33,18.11,False,,0.0,3.9,0.0,600.42,604.33,3
1493,1493,fetchdata,small,warm,200,92.04,92.03,0.01,83.9,8.14,False,83.87,0.0,0.02,0.0,,83.9,3
1494,1494,genmatrix,large,warm,200,57.12,49.09,8.03,1.2,47.89,False,,0.0,0.02,,1.17,1.2,2
1495,1495,linpack,large,warm,200,15.21,15.2,0.01,5.1,10.11,False,,0.0,0.33,4.01,0.75,5.09,2
1496,1496,matrixmul,medium,warm,200,531.43,528.44,2.99,513.56,14.88,False,,0.0,0.34,4.04,509.18,513.56,2
1497,1497,fastfouriertransform,large,warm,200,130.37,130.36,0.01,4.59,125.77,False,,0.0,3.87,0.0,0.72,4.59,3
1498,1498,genmatrix,medium,warm,200,17.04,15.46,1.58,0.29,15.17,False,,0.0,0.03,,0.26,0.29,4
1499,1499,matrixmul,small,warm,200,243.47,240.14,3.33,4.97,235.17,False,,0.0,0.33,4.05,0.58,4.97,2
1500,1500,genmatrix,large,warm,200,55.6,48.75,6.84,1.19,47.56,False,,0.0,0.02,,1.16,1.19,3
1501,1501,matrixmul,medium,warm,200,561.54,558.43,3.11,514.19,44.24,False,,0.0,0.34,4.02,509.82,514.18,3
1502,1502,fetchdata,large,warm,200,88.5,88.49,0.01,81.23,7.26,False,81.2,0.0,0.02,0.0,,81.23,2
1503,1503,linpack,large,warm,200,18.18,18.18,0.01,8.05,10.12,False,,0.0,0.51,6.38,1.15,8.05,2
1504,1504,matrixmul,small,warm,200,275.38,272.29,3.09,4.94,267.35,False,,0.0,0.33,4.03,0.58,4.94,2
1505,1505,linpack,medium,warm,200,655.29,655.29,0.01,644.61,10.67,False,,0.0,0.34,3.98,640.29,644.61,3
1506,1506,fetchdata,large,warm,200,89.18,89.18,0.01,79.1,10.08,False,79.06,0.0,0.02,0.0,,79.1,4
1507,1507,fastfouriertransform,small,warm,200,22.08,22.08,0.01,4.64,17.44,False,,0.0,3.89,0.0,0.75,4.64,2
1508,1508,genmatrix,small,warm,200,9.14,9.14,0.01,0.14,9.0,False,,0.0,0.02,,0.11,0.14,2
1509,1509,matrixmul,large,warm,200,20.02,20.02,0.01,4.93,15.09,False,,0.0,0.34,4.02,0.57,4.93,2
1510,1510,fetchdata,large,warm,200,83.29,83.29,0.01,75.77,7.52,False,75.74,0.0,0.02,0.0,,75.77,2
1511,1511,matrixmul,medium,warm,200,530.85,527.62,3.22,512.89,14.73,False,,0.0,0.34,4.02,508.53,512.89,2
1512,1512,genmatrix,small,warm,200,11.53,8.82,2.71,0.14,8.68,False,,0.0,0.02,,0.11,0.14,2
1513,1513,fastfouriertransform,small,warm,200,25.2,25.2,0.01,7.3,17.9,False,,0.0,6.15,0.0,1.14,7.3,2
1514,1514,genmatrix,medium,warm,200,16.58,15.13,1.45,0.31,14.81,False,,0.0,0.02,,0.28,0.31,2
1515,1515,genmatrix,medium,warm,200,16.61,13.68,2.93,0.27,13.41,False,,0.0,0.02,,0.24,0.27,2
1516,1516,fastfouriertransform,small,warm,200,25.72,25.72,0.01,7.31,18.4,False,,0.0,6.17,0.0,1.14,7.31,2
1517,1517,fastfouriertransform,small,warm,200,25.06,25.06,0.01,6.88,18.17,False,,0.0,5.8,0.0,1.07,6.88,1
1518,1518,matrixmul,medium,warm,200,532.06,529.08,2.99,514.05,15.02,False,,0.0,0.36,4.01,509.68,514.05,1
1519,1519,linpack,large,warm,200,14.49,14.48,0.01,5.09,9.39,False,,0.0,0.34,4.0,0.75,5.09,2
1520,1520,linpack,medium,warm,200,880.1,880.09,0.01,663.85,216.24,False,,0.0,0.34,3.99,659.51,663.85,2
1521,1521,fastfouriertransform,small,warm,200,27.04,27.04,0.01,7.64,19.4,False,,0.0,6.35,0.0,1.28,7.64,3
1522,1522,fastfouriertransform,medium,warm,200,763.26,763.25,0.01,744.56,18.69,False,,0.0,5.48,0.0,739.07,744.56,3
1523,1523,linpack,small,warm,200,15.3,15.3,0.01,5.08,10.21,False,,0.0,0.33,4.01,0.73,5.08,4
1524,1524,linpack,large,warm,200,14.22,14.22,0.01,5.07,9.15,False,,0.0,0.33,3.99,0.75,5.07,3
1525,1525,genmatrix,medium,warm,200,17.7,14.97,2.74,0.29,14.68,False,,0.0,0.02,,0.26,0.29,3
1526,1526,fastfouriertransform,medium,warm,200,968.78,968.77,0.01,604.62,364.16,False,,0.0,4.0,0.0,600.61,604.62,3
1527,1527,matrixmul,medium,warm,200,557.0,554.5,2.5,538.71,15.79,False,,0.0,0.54,6.42,531.75,538.71,4
1528,1528,fastfouriertransform,large,warm,200,777.29,777.28,0.01,4.67,772.61,False,,0.0,3.94,0.0,0.72,4.67,5
1529,1529,linpack,small,warm,200,15.31,15.31,0.01,5.11,10.2,False,,0.0,0.33,4.03,0.75,5.11,5
1530,1530,linpack,large,warm,200,15.4,15.39,0.01,5.08,10.31,False,,0.0,0.34,3.98,0.75,5.08,4
1531,1531,fetchdata,large,warm,200,128.98,128.97,0.01,120.72,8.25,False,120.69,0.0,0.02,0.0,,120.71,4
1532,1532,matrixmul,small,warm,200,69.86,68.5,1.36,5.63,62.87,False,,0.0,0.33,4.72,0.57,5.63,5
1533,1533,fetchdata,medium,warm,200,83.98,83.98,0.01,75.62,8.36,False,75.59,0.0,0.02,0.0,,75.62,3
1534,1534,genmatrix,medium,warm,200,15.25,12.55,2.7,0.21,12.34,False,,0.0,0.02,,0.18,0.21,3
1535,1535,matrixmul,small,warm,200,20.12,20.11,0.01,4.97,15.14,False,,0.0,0.34,4.05,0.57,4.97,3
1536,1536,fastfouriertransform,small,warm,200,22.65,22.64,0.01,4.67,17.97,False,,0.0,3.89,0.0,0.78,4.67,1
1537,1537,matrixmul,medium,warm,200,532.83,529.96,2.87,514.26,15.7,False,,0.0,0.34,4.05,509.87,514.26,1
1538,1538,matrixmul,medium,warm,200,963.88,963.87,0.01,514.83,449.04,False,,0.0,0.35,4.1,510.37,514.83,2
1539,1539,matrixmul,small,warm,200,867.75,867.75,0.0,4.97,862.78,False,,0.0,0.35,4.04,0.58,4.97,3
1540,1540,genmatrix,medium,warm,200,11.24,11.23,0.01,0.2,11.04,False,,0.0,0.02,,0.18,0.2,4
1541,1541,fetchdata,large,warm,200,129.52,129.52,0.01,121.4,8.12,False,121.37,0.0,0.02,0.0,,121.4,4
1542,1542,matrixmul,large,warm,200,587.56,584.84,2.72,4.94,579.9,False,,0.0,0.32,4.04,0.58,4.94,5
1543,1543,linpack,small,warm,200,14.92,14.92,0.01,5.06,9.85,False,,0.0,0.34,3.99,0.73,5.06,4
1544,1544,matrixmul,small,warm,200,376.37,376.36,0.01,4.97,371.39,False,,0.0,0.33,4.06,0.58,4.97,4
1545,1545,fetchdata,medium,warm,200,83.89,83.88,0.01,76.5,7.38,False,76.48,0.0,0.02,0.0,,76.5,5
1546,1546,fastfouriertransform,medium,warm,200,623.17,623.16,0.01,602.87,20.29,False,,0.0,3.93,0.0,598.93,602.87,5
1547,1547,genmatrix,large,warm,200,45.99,32.86,13.13,0.81,32.05,False,,0.0,0.02,,0.79,0.81,6
1548,1548,matrixmul,medium,warm,200,530.54,528.04,2.5,513.68,14.36,False,,0.0,0.35,4.06,509.26,513.67,2
1549,1549,matrixmul,medium,warm,200,950.6,948.02,2.57,513.3,434.73,False,,0.0,0.32,4.05,508.92,513.29,3
1550,1550,matrixmul,large,warm,200,860.14,858.73,1.41,4.98,853.75,False,,0.0,0.34,4.05,0.58,4.98,4
1551,1551,linpack,small,warm,200,13.9,13.89,0.01,5.08,8.82,False,,0.0,0.34,4.0,0.74,5.08,5
1552,1552,genmatrix,medium,warm,200,14.73,12.21,2.52,0.2,12.01,False,,0.0,0.02,,0.18,0.2,5
1553,1553,linpack,large,warm,200,14.8,14.79,0.01,5.08,9.71,False,,0.0,0.33,4.0,0.74,5.08,4
1554,1554,fetchdata,medium,warm,200,83.82,83.81,0.01,76.1,7.71,False,76.07,0.0,0.02,0.0,,76.1,3
1555,1555,genmatrix,small,warm,200,8.41,8.41,0.01,0.11,8.3,False,,0.0,0.02,,0.09,0.11,3
1556,1556,matrixmul,medium,warm,200,781.45,780.23,1.23,513.77,266.46,False,,0.0,0.32,4.05,509.39,513.76,3
1557,1557,genmatrix,large,warm,200,45.78,33.46,12.31,0.79,32.67,False,,0.0,0.02,,0.77,0.79,4
1558,1558,matrixmul,large,warm,200,592.45,589.22,3.23,4.96,584.26,False,,0.0,0.34,4.04,0.58,4.96,4
1559,1559,fetchdata,medium,warm,200,91.09,91.08,0.01,83.18,7.91,False,83.14,0.0,0.03,0.0,,83.17,3
1560,1560,matrixmul,medium,warm,200,923.37,922.21,1.16,524.46,397.76,False,,0.0,0.33,4.05,520.08,524.46,3
1561,1561,matrixmul,medium,warm,200,1341.51,1339.07,2.45,514.52,824.55,False,,0.0,0.36,4.06,510.09,514.52,4
1562,1562,fastfouriertransform,large,warm,200,22.45,22.45,0.01,4.67,17.78,False,,0.0,3.86,0.0,0.8,4.67,5
1563,1563,fetchdata,large,warm,200,89.93,89.93,0.01,82.13,7.79,False,82.1,0.0,0.02,0.0,,82.13,5
1564,1564,linpack,small,warm,200,18.86,18.85,0.01,8.2,10.65,False,,0.0,0.51,6.53,1.16,8.2,3
1565,1565,linpack,small,warm,200,18.4,18.4,0.01,7.77,10.62,False,,0.0,0.57,6.11,1.09,7.77,3
1566,1566,matrixmul,large,warm,200,853.87,851.31,2.56,4.96,846.36,False,,0.0,0.33,4.04,0.58,4.95,3
1567,1567,fetchdata,medium,warm,200,90.41,90.4,0.01,83.34,7.06,False,83.3,0.0,0.02,0.0,,83.33,4
1568,1568,genmatrix,large,warm,200,43.96,33.01,10.95,0.79,32.22,False,,0.0,0.02,,0.77,0.79,4
1569,1569,fastfouriertransform,medium,warm,200,651.76,651.75,0.01,633.36,18.4,False,,0.0,3.97,0.0,629.37,633.35,4
1570,1570,matrixmul,small,warm,200,466.18,463.96,2.22,4.95,459.01,False,,0.0,0.34,4.03,0.58,4.95,4
1571,1571,genmatrix,small,warm,200,9.78,7.49,2.29,0.1,7.38,False,,0.0,0.02,,0.08,0.1,5
1572,1572,genmatrix,large,warm,200,44.53,32.16,12.38,0.79,31.37,False,,0.0,0.02,,0.77,0.79,5
1573,1573,fetchdata,large,warm,200,92.13,92.12,0.01,84.24,7.89,False,84.2,0.0,0.03,0.0,,84.23,5
1574,1574,matrixmul,medium,warm,200,590.05,587.82,2.23,517.84,69.98,False,,0.0,0.35,4.06,513.42,517.84,5
1575,1575,fastfouriertransform,medium,warm,200,661.63,661.62,0.01,607.6,54.02,False,,0.0,3.96,0.0,603.64,607.6,3
1576,1576,linpack,medium,warm,200,680.99,680.98,0.01,669.81,11.18,False,,0.0,0.55,6.0,663.25,669.81,3
1577,1577,linpack,medium,warm,200,693.75,693.74,0.01,682.16,11.58,False,,0.0,0.51,6.43,675.21,682.16,4
1578,1578,linpack,large,warm,200,486.64,486.63,0.01,5.05,481.58,False,,0.0,0.34,3.97,0.75,5.05,5
1579,1579,matrixmul,large,warm,200,108.86,98.17,10.69,5.22,92.96,False,,0.0,0.34,4.17,0.7,5.22,6
1580,1580,fastfouriertransform,medium,warm,200,770.99,770.98,0.01,606.16,164.82,False,,0.0,3.94,0.0,602.21,606.16,6
1581,1581,linpack,large,warm,200,300.98,300.97,0.01,5.16,295.81,False,,0.0,0.4,4.03,0.73,5.16,6
1582,1582,fastfouriertransform,small,warm,200,575.82,575.81,0.01,4.64,571.16,False,,0.0,3.95,0.0,0.69,4.64,6
1583,1583,fetchdata,large,warm,200,90.89,90.89,0.01,83.1,7.78,False,83.07,0.0,0.02,0.0,,83.1,5
1584,1584,genmatrix,small,warm,200,10.43,9.24,1.19,0.14,9.1,False,,0.0,0.03,,0.11,0.14,3
1585,1585,linpack,small,warm,200,15.23,15.22,0.01,5.07,10.15,False,,0.0,0.33,4.01,0.73,5.07,3
1586,1586,linpack,large,warm,200,15.4,15.39,0.01,5.1,10.3,False,,0.0,0.34,4.0,0.75,5.1,3
1587,1587,matrixmul,medium,warm,200,531.68,529.15,2.53,513.78,15.37,False,,0.0,0.36,4.02,509.38,513.78,3
1588,1588,matrixmul,small,warm,200,441.75,440.59,1.16,4.97,435.62,False,,0.0,0.35,4.02,0.58,4.96,2
1589,1589,fastfouriertransform,small,warm,200,21.53,21.52,0.01,4.62,16.91,False,,0.0,3.87,0.0,0.74,4.61,3
1590,1590,genmatrix,small,warm,200,8.75,8.75,0.01,0.14,8.61,False,,0.0,0.02,,0.11,0.14,3
1591,1591,linpack,large,warm,200,15.17,15.16,0.01,5.15,10.01,False,,0.0,0.34,4.02,0.78,5.15,3
1592,1592,linpack,large,warm,200,15.04,15.03,0.01,5.09,9.95,False,,0.0,0.34,3.99,0.75,5.08,3
1593,1593,linpack,large,warm,200,14.85,14.85,0.01,5.16,9.69,False,,0.0,0.34,4.06,0.76,5.16,1
1594,1594,linpack,small,warm,200,15.13,15.13,0.01,5.14,9.99,False,,0.0,0.34,4.03,0.76,5.13,1
1595,1595,matrixmul,medium,warm,200,529.79,529.79,0.01,514.21,15.57,False,,0.0,0.34,4.04,509.82,514.21,1
1596,1596,matrixmul,medium,warm,200,951.62,948.25,3.37,513.62,434.62,False,,0.0,0.33,4.04,509.25,513.62,2
1597,1597,linpack,large,warm,200,14.95,14.95,0.01,5.11,9.83,False,,0.0,0.34,4.01,0.76,5.11,3
1598,1598,linpack,small,warm,200,14.67,14.67,0.01,5.1,9.57,False,,0.0,0.33,4.01,0.75,5.1,3
1599,1599,genmatrix,small,warm,200,9.55,9.55,0.01,0.14,9.41,False,,0.0,0.02,,0.11,0.14,3
1600,1600,matrixmul,small,warm,200,564.36,562.0,2.36,5.01,556.99,False,,0.0,0.33,4.05,0.63,5.01,3
1601,1601,genmatrix,medium,warm,200,16.61,14.26,2.35,0.29,13.97,False,,0.0,0.02,,0.27,0.29,3
1602,1602,fastfouriertransform,small,warm,200,21.57,21.56,0.01,4.77,16.79,False,,0.0,3.93,0.0,0.84,4.77,3
1603,1603,fetchdata,medium,warm,200,90.9,90.89,0.01,83.84,7.05,False,83.81,0.0,0.02,0.0,,83.84,3
1604,1604,genmatrix,medium,warm,200,17.15,13.88,3.27,0.29,13.59,False,,0.0,0.03,,0.26,0.29,3
1605,1605,matrixmul,small,warm,200,75.13,71.92,3.21,5.01,66.91,False,,0.0,0.35,4.05,0.6,5.01,3
1606,1606,linpack,medium,warm,200,656.63,656.63,0.01,646.22,10.41,False,,0.0,0.33,3.98,641.9,646.22,1
1607,1607,genmatrix,medium,warm,200,15.94,13.48,2.46,0.28,13.2,False,,0.0,0.02,,0.26,0.28,2
1608,1608,fastfouriertransform,medium,warm,200,624.78,624.77,0.01,607.78,16.99,False,,0.0,3.9,0.0,603.87,607.78,2
1609,1609,matrixmul,medium,warm,200,529.96,527.56,2.4,513.49,14.07,False,,0.0,0.34,4.04,509.1,513.49,3
1610,1610,fastfouriertransform,medium,warm,200,1028.63,1028.62,0.01,601.82,426.8,False,,0.0,3.93,0.0,597.88,601.82,4
1611,1611,fastfouriertransform,large,warm,200,936.27,936.27,0.01,4.68,931.59,False,,0.0,3.88,0.0,0.79,4.67,5
1612,1612,fastfouriertransform,small,warm,200,841.32,841.31,0.01,4.7,836.61,False,,0.0,3.97,0.0,0.73,4.7,6
1613,1613,genmatrix,large,warm,200,59.1,46.27,12.82,1.18,45.09,False,,0.0,0.02,,1.15,1.18,6
1614,1614,fastfouriertransform,large,warm,200,646.76,646.76,0.0,4.7,642.06,False,,0.0,3.93,0.0,0.76,4.7,6
1615,1615,fetchdata,large,warm,200,91.12,91.11,0.01,83.42,7.69,False,83.38,0.0,0.02,0.0,,83.41,5
1616,1616,fetchdata,large,warm,200,88.66,88.65,0.01,81.09,7.56,False,81.06,0.0,0.02,0.0,,81.09,5
1617,1617,fetchdata,large,warm,200,89.12,89.12,0.01,81.08,8.03,False,81.06,0.0,0.02,0.0,,81.08,5
1618,1618,fetchdata,medium,warm,200,87.56,87.56,0.01,81.2,6.36,False,81.17,0.0,0.02,0.0,,81.2,5
1619,1619,linpack,medium,warm,200,655.95,655.95,0.01,646.29,9.66,False,,0.0,0.34,3.99,641.96,646.28,5
1620,1620,matrixmul,small,warm,200,21.3,19.25,2.06,4.97,14.28,False,,0.0,0.34,4.05,0.57,4.97,6
1621,1621,matrixmul,large,warm,200,21.29,19.09,2.2,4.98,14.12,False,,0.0,0.34,4.04,0.59,4.98,2
1622,1622,fetchdata,small,warm,200,96.27,96.26,0.01,86.69,9.57,False,86.66,0.0,0.03,0.0,,86.69,2
1623,1623,matrixmul,medium,warm,200,549.33,547.18,2.16,531.31,15.87,False,,0.0,0.34,4.07,526.89,531.31,2
1624,1624,fastfouriertransform,large,warm,200,21.16,21.16,0.01,4.72,16.44,False,,0.0,3.89,0.0,0.82,4.72,3
1625,1625,linpack,small,warm,200,15.06,15.05,0.01,5.13,9.92,False,,0.0,0.36,4.01,0.76,5.13,3
1626,1626,matrixmul,large,warm,200,264.3,261.97,2.32,7.05,254.92,False,,0.0,0.69,5.61,0.76,7.05,2
1627,1627,matrixmul,medium,warm,200,687.74,685.62,2.13,519.3,166.31,False,,0.0,0.42,5.8,513.08,519.3,3
1628,1628,fastfouriertransform,large,warm,200,22.24,22.23,0.01,5.02,17.21,False,,0.0,4.02,0.0,0.99,5.02,4
1629,1629,fetchdata,small,warm,200,82.25,82.25,0.01,75.39,6.86,False,75.36,0.0,0.02,0.0,,75.39,2
1630,1630,genmatrix,large,warm,200,51.14,44.23,6.91,1.18,43.06,False,,0.0,0.02,,1.15,1.18,2
1631,1631,fastfouriertransform,large,warm,200,21.85,21.85,0.01,4.72,17.13,False,,0.0,3.89,0.0,0.82,4.72,2
1632,1632,fastfouriertransform,large,warm,200,20.88,20.87,0.01,4.76,16.11,False,,0.0,3.94,0.0,0.82,4.76,2
1633,1633,fetchdata,medium,warm,200,83.61,83.6,0.01,76.17,7.43,False,76.15,0.0,0.02,0.0,,76.17,2
1634,1634,genmatrix,small,warm,200,9.61,7.68,1.93,0.14,7.54,False,,0.0,0.02,,0.11,0.14,1
1635,1635,matrixmul,small,warm,200,21.05,18.9,2.14,4.93,13.97,False,,0.0,0.34,4.02,0.57,4.93,1
1636,1636,genmatrix,large,warm,200,52.24,42.99,9.25,1.14,41.85,False,,0.0,0.02,,1.11,1.13,1
1637,1637,matrixmul,large,warm,200,21.6,20.56,1.04,5.1,15.45,False,,0.0,0.34,4.11,0.65,5.1,1
1638,1638,genmatrix,large,warm,200,50.22,42.02,8.2,1.05,40.97,False,,0.0,0.02,,1.02,1.05,1
1639,1639,matrixmul,large,warm,200,20.62,18.54,2.08,4.96,13.58,False,,0.0,0.34,4.04,0.57,4.96,1
1640,1640,matrixmul,large,warm,200,21.53,19.41,2.12,4.97,14.45,False,,0.0,0.34,4.05,0.57,4.97,1
1641,1641,fastfouriertransform,medium,warm,200,710.92,710.92,0.01,692.57,18.35,False,,0.0,3.92,0.0,688.64,692.57,1
1642,1642,genmatrix,medium,warm,200,16.3,13.49,2.81,0.29,13.21,False,,0.0,0.03,,0.26,0.29,2
1643,1643,linpack,small,warm,200,14.98,14.98,0.01,5.07,9.91,False,,0.0,0.34,3.99,0.73,5.07,2
1644,1644,genmatrix,large,warm,200,51.21,44.91,6.3,1.18,43.73,False,,0.0,0.03,,1.15,1.18,2
1645,1645,linpack,small,warm,200,18.24,18.23,0.01,8.12,10.11,False,,0.0,0.52,6.43,1.17,8.12,2
1646,1646,fetchdata,medium,warm,200,83.42,83.41,0.01,75.98,7.43,False,75.96,0.0,0.02,0.0,,75.98,2
1647,1647,fastfouriertransform,small,warm,200,115.82,115.82,0.01,4.56,111.25,False,,0.0,3.84,0.0,0.71,4.56,2
1648,1648,genmatrix,small,warm,200,10.65,8.58,2.07,0.14,8.45,False,,0.0,0.02,,0.11,0.14,3
1649,1649,fetchdata,medium,warm,200,83.04,83.03,0.01,76.06,6.97,False,76.04,0.0,0.02,0.0,,76.06,1
1650,1650,fetchdata,large,warm,200,81.36,81.35,0.01,75.35,6.0,False,75.32,0.0,0.02,0.0,,75.35,1
1651,1651,matrixmul,medium,warm,200,533.54,531.56,1.97,517.42,14.14,False,,0.0,0.34,4.05,513.03,517.42,1
1652,1652,linpack,small,warm,200,13.52,13.51,0.01,5.12,8.4,False,,0.0,0.33,4.02,0.76,5.11,2
1653,1653,linpack,medium,warm,200,691.85,691.84,0.01,681.31,10.53,False,,0.0,0.51,6.48,674.31,681.31,2
1654,1654,matrixmul,small,warm,200,246.85,243.77,3.08,5.66,238.11,False,,0.0,0.58,4.5,0.58,5.66,3
1655,1655,matrixmul,large,warm,200,156.93,154.92,2.01,5.67,149.24,False,,0.0,0.35,4.73,0.58,5.67,4
1656,1656,linpack,large,warm,200,14.67,14.66,0.01,5.07,9.59,False,,0.0,0.34,4.0,0.73,5.07,5
1657,1657,fetchdata,large,warm,200,81.97,81.96,0.01,75.97,5.99,False,75.94,0.0,0.02,0.0,,75.97,2
1658,1658,fetchdata,medium,warm,200,83.1,83.1,0.01,75.69,7.41,False,75.66,0.0,0.02,0.0,,75.68,2
1659,1659,genmatrix,small,warm,200,7.96,7.95,0.01,0.1,7.85,False,,0.0,0.02,,0.08,0.1,2
1660,1660,fetchdata,medium,warm,200,82.42,82.42,0.01,76.07,6.35,False,76.04,0.0,0.02,0.0,,76.06,1
1661,1661,matrixmul,large,warm,200,22.99,19.93,3.06,4.95,14.98,False,,0.0,0.34,4.04,0.57,4.95,1
1662,1662,fastfouriertransform,medium,warm,200,619.44,619.43,0.01,602.01,17.42,False,,0.0,3.92,0.0,598.09,602.01,1
1663,1663,fastfouriertransform,medium,warm,200,1131.29,1131.28,0.01,609.19,522.09,False,,0.0,3.86,0.0,605.32,609.19,2
1664,1664,fetchdata,small,warm,200,82.1,82.09,0.01,75.6,6.49,False,75.57,0.0,0.02,0.0,,75.6,3
1665,1665,matrixmul,large,warm,200,21.14,19.25,1.89,4.96,14.29,False,,0.0,0.36,4.02,0.58,4.96,3
1666,1666,linpack,large,warm,200,15.0,15.0,0.01,5.04,9.96,False,,0.0,0.33,3.98,0.72,5.04,3
1667,1667,matrixmul,medium,warm,200,530.99,529.95,1.04,515.06,14.89,False,,0.0,0.34,4.04,510.67,515.06,3
1668,1668,matrixmul,medium,warm,200,953.59,951.69,1.89,515.32,436.37,False,,0.0,0.34,4.06,510.91,515.32,4
1669,1669,matrixmul,medium,warm,200,1404.19,1403.14,1.05,543.78,859.36,False,,0.0,0.35,4.05,539.38,543.78,4
1670,1670,fetchdata,small,warm,200,81.48,81.47,0.01,74.5,6.97,False,74.48,0.0,0.02,0.0,,74.5,5
1671,1671,linpack,small,warm,200,15.57,15.56,0.01,5.1,10.47,False,,0.0,0.35,4.0,0.74,5.1,5
1672,1672,fetchdata,medium,warm,200,81.04,81.03,0.01,74.54,6.49,False,74.52,0.0,0.02,0.0,,74.54,5
1673,1673,fastfouriertransform,medium,warm,200,754.49,754.48,0.01,621.45,133.03,False,,0.0,4.86,0.0,616.58,621.45,4
1674,1674,fetchdata,large,warm,200,88.04,88.03,0.01,81.99,6.04,False,81.96,0.0,0.02,0.0,,81.99,5
1675,1675,genmatrix,small,warm,200,7.13,7.12,0.01,0.11,7.02,False,,0.0,0.02,,0.08,0.11,4
1676,1676,matrixmul,large,warm,200,715.31,712.52,2.8,5.02,707.49,False,,0.0,0.34,4.07,0.61,5.02,4
1677,1677,matrixmul,large,warm,200,637.42,635.47,1.95,4.98,630.49,False,,0.0,0.34,4.07,0.57,4.98,5
1678,1678,linpack,small,warm,200,15.62,15.61,0.01,5.1,10.51,False,,0.0,0.34,4.01,0.75,5.1,5
1679,1679,linpack,small,warm,200,13.99,13.99,0.01,5.16,8.82,False,,0.0,0.35,4.02,0.79,5.16,5
1680,1680,genmatrix,large,warm,200,39.48,32.8,6.68,0.79,32.01,False,,0.0,0.02,,0.76,0.79,5
1681,1681,genmatrix,large,warm,200,44.09,32.29,11.79,0.78,31.51,False,,0.0,0.02,,0.75,0.78,4
1682,1682,fastfouriertransform,large,warm,200,21.24,21.23,0.01,4.64,16.59,False,,0.0,3.89,0.0,0.75,4.64,4
1683,1683,matrixmul,large,warm,200,26.59,23.9,2.69,5.0,18.9,False,,0.0,0.33,4.07,0.6,5.0,4
1684,1684,fetchdata,medium,warm,200,90.74,90.74,0.01,83.98,6.76,False,83.95,0.0,0.02,0.0,,83.98,1
1685,1685,fastfouriertransform,large,warm,200,22.45,22.45,0.01,4.78,17.67,False,,0.0,3.93,0.0,0.84,4.77,1
1686,1686,fetchdata,medium,warm,200,89.83,89.83,0.01,82.65,7.18,False,82.61,0.0,0.03,0.0,,82.64,1
1687,1687,fastfouriertransform,medium,warm,200,619.14,619.13,0.01,602.88,16.26,False,,0.0,3.87,0.0,599.0,602.88,1
1688,1688,genmatrix,medium,warm,200,12.68,10.83,1.86,0.2,10.63,False,,0.0,0.02,,0.18,0.2,2
1689,1689,fastfouriertransform,medium,warm,200,1024.56,1024.56,0.01,603.39,421.17,False,,0.0,3.87,0.0,599.51,603.39,2
1690,1690,fastfouriertransform,small,warm,200,937.61,937.6,0.01,4.58,933.02,False,,0.0,3.86,0.0,0.72,4.58,3
1691,1691,fetchdata,large,warm,200,89.98,89.98,0.01,83.02,6.96,False,82.98,0.0,0.02,0.0,,83.01,4
1692,1692,linpack,large,warm,200,18.48,18.47,0.01,8.02,10.45,False,,0.0,0.51,6.35,1.16,8.02,4
1693,1693,genmatrix,large,warm,200,39.24,31.57,7.67,0.79,30.79,False,,0.0,0.02,,0.76,0.79,4
1694,1694,linpack,large,warm,200,17.75,17.74,0.01,8.19,9.56,False,,0.0,0.52,6.5,1.17,8.19,3
1695,1695,matrixmul,small,warm,200,20.36,18.6,1.76,5.01,13.59,False,,0.0,0.35,4.09,0.58,5.01,3
1696,1696,linpack,small,warm,200,17.58,17.58,0.01,8.03,9.55,False,,0.0,0.51,6.36,1.15,8.03,3
1697,1697,fetchdata,small,warm,200,89.24,89.23,0.01,82.81,6.42,False,82.78,0.0,0.02,0.0,,82.81,3
1698,1698,fastfouriertransform,large,warm,200,130.63,130.62,0.01,4.57,126.05,False,,0.0,3.86,0.0,0.7,4.57,3
1699,1699,genmatrix,large,warm,200,38.61,31.94,6.67,0.78,31.16,False,,0.0,0.02,,0.75,0.78,4
1700,1700,genmatrix,large,warm,200,39.47,32.04,7.42,0.78,31.27,False,,0.0,0.02,,0.75,0.78,1
1701,1701,linpack,small,warm,200,14.38,14.38,0.01,5.11,9.27,False,,0.0,0.34,4.02,0.75,5.11,1
1702,1702,genmatrix,large,warm,200,52.83,45.22,7.6,1.17,44.05,False,,0.0,0.02,,1.15,1.17,1
1703,1703,genmatrix,medium,warm,200,15.91,12.69,3.22,0.26,12.43,False,,0.0,0.02,,0.23,0.26,1
1704,1704,linpack,medium,warm,200,677.89,677.88,0.01,667.6,10.28,False,,0.0,0.52,6.38,660.69,667.6,1
1705,1705,linpack,large,warm,200,18.36,18.35,0.01,8.09,10.26,False,,0.0,0.51,6.39,1.18,8.09,2
1706,1706,fastfouriertransform,small,warm,200,22.64,22.63,0.01,4.62,18.01,False,,0.0,3.87,0.0,0.74,4.62,2
1707,1707,matrixmul,small,warm,200,19.76,18.15,1.61,4.99,13.16,False,,0.0,0.34,4.08,0.57,4.99,2
1708,1708,genmatrix,large,warm,200,54.11,46.51,7.6,1.18,45.33,False,,0.0,0.02,,1.15,1.18,2
1709,1709,fetchdata,large,warm,200,89.77,89.76,0.01,82.95,6.81,False,82.92,0.0,0.02,0.0,,82.95,2
1710,1710,fetchdata,small,warm,200,86.33,86.32,0.01,79.97,6.35,False,79.94,0.0,0.02,0.0,,79.97,2
1711,1711,fetchdata,large,warm,200,88.32,88.31,0.01,81.13,7.19,False,81.1,0.0,0.02,0.0,,81.13,1
1712,1712,genmatrix,small,warm,200,9.65,8.14,1.51,0.14,8.0,False,,0.0,0.02,,0.11,0.14,1
1713,1713,matrixmul,medium,warm,200,530.14,527.05,3.09,513.31,13.75,False,,0.0,0.34,4.03,508.92,513.3,1
1714,1714,fetchdata,large,warm,200,90.37,90.36,0.01,83.85,6.51,False,83.82,0.0,0.02,0.0,,83.85,2
1715,1715,genmatrix,large,warm,200,52.88,46.35,6.54,1.2,45.15,False,,0.0,0.02,,1.17,1.2,2
1716,1716,matrixmul,medium,warm,200,749.16,747.41,1.75,514.24,233.17,False,,0.0,0.33,4.04,509.86,514.24,2
1717,1717,matrixmul,small,warm,200,661.18,658.01,3.17,5.0,653.02,False,,0.0,0.35,4.05,0.59,5.0,3
1718,1718,fastfouriertransform,medium,warm,200,617.99,617.98,0.01,601.76,16.22,False,,0.0,3.88,0.0,597.88,601.76,4
1719,1719,linpack,large,warm,200,18.81,18.8,0.01,8.0,10.8,False,,0.0,0.53,6.32,1.14,8.0,4
1720,1720,genmatrix,large,warm,200,54.39,46.07,8.32,1.17,44.89,False,,0.0,0.03,,1.14,1.17,4
1721,1721,genmatrix,medium,warm,200,14.38,11.4,2.97,0.23,11.17,False,,0.0,0.02,,0.21,0.23,4
1722,1722,matrixmul,medium,warm,200,683.24,678.81,4.43,514.75,164.07,False,,0.0,0.33,4.06,510.35,514.75,4
1723,1723,linpack,small,warm,200,14.58,14.58,0.01,5.12,9.45,False,,0.0,0.34,4.04,0.74,5.12,5
1724,1724,fastfouriertransform,large,warm,200,24.94,24.93,0.01,4.59,20.35,False,,0.0,3.87,0.0,0.71,4.58,3
1725,1725,matrixmul,large,warm,200,393.43,390.08,3.36,4.97,385.1,False,,0.0,0.34,4.05,0.58,4.97,2
1726,1726,genmatrix,small,warm,200,9.64,8.8,0.84,0.14,8.66,False,,0.0,0.03,,0.11,0.14,3
1727,1727,linpack,medium,warm,200,690.47,690.47,0.0,680.59,9.88,False,,0.0,0.53,6.31,673.74,680.59,3
1728,1728,fetchdata,medium,warm,200,92.72,92.72,0.01,86.42,6.29,False,86.39,0.0,0.02,0.0,,86.42,4
1729,1729,fetchdata,medium,warm,200,89.71,89.7,0.01,83.54,6.17,False,83.51,0.0,0.02,0.0,,83.54,2
1730,1730,genmatrix,medium,warm,200,16.06,13.24,2.82,0.29,12.95,False,,0.0,0.02,,0.26,0.29,2
1731,1731,genmatrix,medium,warm,200,15.79,12.87,2.92,0.27,12.59,False,,0.0,0.02,,0.24,0.27,2
1732,1732,linpack,large,warm,200,14.05,14.04,0.01,5.22,8.82,False,,0.0,0.33,4.0,0.89,5.22,2
1733,1733,fetchdata,large,warm,200,89.92,89.91,0.01,83.52,6.39,False,83.49,0.0,0.02,0.0,,83.52,2
1734,1734,matrixmul,medium,warm,200,559.07,556.92,2.14,542.68,14.24,False,,0.0,0.53,6.41,535.73,542.68,1
1735,1735,fastfouriertransform,small,warm,200,25.35,25.35,0.01,7.36,17.99,False,,0.0,6.21,0.0,1.14,7.36,2
1736,1736,fastfouriertransform,large,warm,200,25.26,25.26,0.01,6.87,18.39,False,,0.0,5.79,0.0,1.07,6.87,2
1737,1737,matrixmul,small,warm,200,270.23,267.99,2.23,5.03,262.96,False,,0.0,0.34,4.08,0.6,5.03,2
1738,1738,fastfouriertransform,small,warm,200,23.75,23.74,0.01,7.29,16.46,False,,0.0,6.14,0.0,1.14,7.28,3
1739,1739,matrixmul,medium,warm,200,590.01,589.21,0.81,513.83,75.38,False,,0.0,0.39,4.01,509.42,513.82,3
1740,1740,fastfouriertransform,medium,warm,200,656.91,656.9,0.01,641.04,15.86,False,,0.0,6.12,0.0,634.91,641.04,2
1741,1741,fetchdata,large,warm,200,89.82,89.81,0.01,79.47,10.34,False,79.44,0.0,0.02,0.0,,79.47,3
1742,1742,fetchdata,large,warm,200,95.43,95.42,0.01,88.07,7.35,False,88.02,0.0,0.04,0.0,,88.07,3
1743,1743,genmatrix,small,warm,200,9.86,7.96,1.9,0.14,7.82,False,,0.0,0.02,,0.11,0.14,3
1744,1744,genmatrix,small,warm,200,9.16,7.39,1.77,0.14,7.25,False,,0.0,0.02,,0.11,0.14,3
1745,1745,genmatrix,medium,warm,200,16.23,12.93,3.3,0.29,12.64,False,,0.0,0.02,,0.26,0.29,2
1746,1746,fastfouriertransform,medium,warm,200,686.48,686.47,0.01,626.82,59.65,False,,0.0,3.85,0.0,622.97,626.82,2
1747,1747,fetchdata,small,warm,200,82.05,82.04,0.01,76.09,5.95,False,76.07,0.0,0.02,0.0,,76.09,2
1748,1748,matrixmul,large,warm,200,18.81,18.35,0.46,4.98,13.37,False,,0.0,0.35,4.03,0.59,4.98,2
1749,1749,genmatrix,large,warm,200,54.78,47.31,7.47,1.18,46.14,False,,0.0,0.02,,1.15,1.18,2
1750,1750,fetchdata,medium,warm,200,81.46,81.45,0.01,75.93,5.52,False,75.91,0.0,0.02,0.0,,75.93,2
1751,1751,fastfouriertransform,large,warm,200,193.27,193.26,0.01,4.59,188.67,False,,0.0,3.87,0.0,0.72,4.59,2
1752,1752,fastfouriertransform,small,warm,200,100.2,100.19,0.01,4.63,95.56,False,,0.0,3.86,0.0,0.77,4.63,3
1753,1753,fetchdata,medium,warm,200,82.01,82.0,0.01,75.83,6.17,False,75.81,0.0,0.02,0.0,,75.83,1
1754,1754,fastfouriertransform,small,warm,200,20.44,20.44,0.01,4.68,15.76,False,,0.0,3.87,0.0,0.81,4.68,1
1755,1755,linpack,small,warm,200,14.86,14.86,0.01,5.1,9.75,False,,0.0,0.35,3.99,0.77,5.1,1
1756,1756,linpack,large,warm,200,17.53,17.52,0.01,8.03,9.49,False,,0.0,0.51,6.35,1.16,8.03,1
1757,1757,matrixmul,small,warm,200,20.44,18.59,1.85,5.02,13.57,False,,0.0,0.34,4.09,0.58,5.02,1
1758,1758,fastfouriertransform,large,warm,200,21.13,21.13,0.01,4.71,16.42,False,,0.0,3.94,0.0,0.76,4.71,1
1759,1759,genmatrix,small,warm,200,9.88,8.74,1.14,0.14,8.6,False,,0.0,0.03,,0.11,0.14,1
1760,1760,matrixmul,large,warm,200,21.4,18.51,2.88,4.95,13.56,False,,0.0,0.34,4.03,0.57,4.95,1
1761,1761,fetchdata,medium,warm,200,82.31,82.3,0.01,75.83,6.48,False,75.8,0.0,0.02,0.0,,75.83,1
1762,1762,fastfouriertransform,small,warm,200,24.63,24.62,0.01,5.06,19.56,False,,0.0,3.99,0.0,1.06,5.06,1
1763,1763,matrixmul,small,warm,200,18.41,17.63,0.78,4.97,12.67,False,,0.0,0.34,4.05,0.57,4.96,1
1764,1764,fastfouriertransform,small,warm,200,20.46,20.45,0.01,4.62,15.84,False,,0.0,3.86,0.0,0.74,4.61,1
1765,1765,genmatrix,medium,warm,200,22.17,18.34,3.83,0.3,18.04,False,,0.0,0.03,,0.27,0.3,1
1766,1766,genmatrix,small,warm,200,9.52,7.93,1.59,0.13,7.8,False,,0.0,0.03,,0.1,0.13,1
1767,1767,matrixmul,small,warm,200,20.06,18.53,1.53,4.97,13.56,False,,0.0,0.34,4.06,0.57,4.97,1
1768,1768,fetchdata,small,warm,200,81.61,81.6,0.01,76.09,5.51,False,76.07,0.0,0.02,0.0,,76.09,1
1769,1769,linpack,large,warm,200,18.47,18.46,0.01,8.05,10.41,False,,0.0,0.53,6.36,1.15,8.05,1
1770,1770,fastfouriertransform,large,warm,200,20.48,20.46,0.01,4.64,15.82,False,,0.0,3.89,0.0,0.75,4.64,1
1771,1771,fetchdata,medium,warm,200,83.11,83.11,0.01,77.06,6.05,False,77.03,0.0,0.02,0.0,,77.05,1
1772,1772,genmatrix,large,warm,200,37.72,31.17,6.55,0.79,30.38,False,,0.0,0.02,,0.77,0.79,1
1773,1773,fetchdata,large,warm,200,81.37,81.36,0.01,76.43,4.93,False,76.4,0.0,0.02,0.0,,76.43,1
1774,1774,fetchdata,medium,warm,200,83.37,83.36,0.01,78.0,5.36,False,77.97,0.0,0.02,0.0,,78.0,1
1775,1775,linpack,large,warm,200,17.05,17.05,0.01,8.06,8.99,False,,0.0,0.51,6.39,1.15,8.06,1
1776,1776,matrixmul,small,warm,200,20.88,19.16,1.72,4.98,14.18,False,,0.0,0.35,4.06,0.57,4.98,1
1777,1777,fastfouriertransform,small,warm,200,20.84,20.84,0.01,4.64,16.2,False,,0.0,3.88,0.0,0.75,4.64,1
1778,1778,fetchdata,small,warm,200,83.4,83.4,0.01,76.91,6.49,False,76.89,0.0,0.02,0.0,,76.91,1
1779,1779,linpack,large,warm,200,17.15,17.15,0.01,7.56,9.58,False,,0.0,0.48,5.99,1.09,7.56,1
1780,1780,matrixmul,medium,warm,200,543.93,541.64,2.29,526.84,14.8,False,,0.0,0.34,4.06,522.43,526.84,1
1781,1781,matrixmul,medium,warm,200,974.23,970.92,3.3,523.66,447.26,False,,0.0,0.43,5.34,517.88,523.66,2
1782,1782,fetchdata,small,warm,200,82.97,82.97,0.01,77.21,5.75,False,77.19,0.0,0.02,0.0,,77.21,3
1783,1783,genmatrix,large,warm,200,37.57,30.73,6.83,0.78,29.96,False,,0.0,0.02,,0.75,0.78,3
1784,1784,fastfouriertransform,small,warm,200,20.21,20.21,0.01,4.61,15.6,False,,0.0,3.86,0.0,0.74,4.61,3
1785,1785,linpack,large,warm,200,17.4,17.39,0.01,8.06,9.34,False,,0.0,0.52,6.39,1.15,8.06,3
1786,1786,linpack,large,warm,200,17.6,17.6,0.01,7.51,10.09,False,,0.0,0.48,5.95,1.07,7.51,2
1787,1787,linpack,medium,warm,200,694.05,694.05,0.01,684.67,9.37,False,,0.0,0.52,6.36,677.79,684.67,2
1788,1788,fastfouriertransform,large,warm,200,22.01,22.0,0.01,4.73,17.27,False,,0.0,3.96,0.0,0.76,4.73,3
1789,1789,genmatrix,small,warm,200,7.7,6.07,1.63,0.11,5.97,False,,0.0,0.02,,0.08,0.11,3
1790,1790,linpack,large,warm,200,17.12,17.11,0.01,8.02,9.09,False,,0.0,0.51,6.36,1.14,8.02,3
1791,1791,linpack,small,warm,200,16.25,16.25,0.01,7.61,8.64,False,,0.0,0.48,5.98,1.14,7.61,2
1792,1792,matrixmul,medium,warm,200,532.98,529.3,3.68,515.51,13.79,False,,0.0,0.35,4.07,511.09,515.51,2
1793,1793,fastfouriertransform,small,warm,200,24.04,24.03,0.01,7.29,16.75,False,,0.0,6.14,0.0,1.14,7.28,3
1794,1794,matrixmul,medium,warm,200,854.97,853.89,1.08,516.62,337.27,False,,0.0,0.33,4.03,512.25,516.62,2
1795,1795,fastfouriertransform,small,warm,200,23.63,23.62,0.01,7.31,16.31,False,,0.0,6.13,0.0,1.17,7.31,3
1796,1796,matrixmul,large,warm,200,667.25,663.84,3.41,4.99,658.85,False,,0.0,0.33,4.05,0.6,4.99,3
1797,1797,linpack,small,warm,200,16.67,16.67,0.01,6.88,9.79,False,,0.0,0.47,5.42,0.99,6.88,4
1798,1798,linpack,small,warm,200,15.53,15.52,0.01,7.1,8.42,False,,0.0,0.46,5.63,1.01,7.1,3
1799,1799,genmatrix,medium,warm,200,13.32,9.82,3.49,0.2,9.62,False,,0.0,0.02,,0.18,0.2,3
1800,1800,fetchdata,medium,warm,200,91.89,91.89,0.01,84.93,6.95,False,84.9,0.0,0.02,0.0,,84.93,3
1801,1801,linpack,medium,warm,200,677.12,677.12,0.01,668.85,8.27,False,,0.0,0.52,6.36,661.96,668.85,3
1802,1802,genmatrix,large,warm,200,38.75,31.26,7.49,0.79,30.47,False,,0.0,0.02,,0.77,0.79,4
1803,1803,fetchdata,medium,warm,200,91.42,91.41,0.01,84.6,6.81,False,84.57,0.0,0.03,0.0,,84.6,2
1804,1804,fastfouriertransform,small,warm,200,24.29,24.29,0.01,7.35,16.93,False,,0.0,6.2,0.0,1.14,7.35,2
1805,1805,linpack,small,warm,200,283.79,283.78,0.01,5.05,278.73,False,,0.0,0.33,3.98,0.74,5.05,2
1806,1806,fastfouriertransform,medium,warm,200,663.96,663.95,0.01,645.41,18.55,False,,0.0,6.17,0.0,639.23,645.41,3
1807,1807,fetchdata,small,warm,200,92.03,92.02,0.01,85.24,6.78,False,85.21,0.0,0.03,0.0,,85.24,4
1808,1808,fastfouriertransform,medium,warm,200,1067.81,1067.81,0.01,602.09,465.71,False,,0.0,3.88,0.0,598.21,602.09,2
1809,1809,linpack,medium,warm,200,675.37,675.37,0.01,667.03,8.34,False,,0.0,0.38,4.16,662.49,667.03,3
1810,1810,linpack,medium,warm,200,1219.67,1219.66,0.01,643.42,576.24,False,,0.0,0.34,3.99,639.09,643.42,4
1811,1811,matrixmul,large,warm,200,20.3,18.47,1.83,5.0,13.46,False,,0.0,0.35,4.07,0.59,5.0,5
1812,1812,matrixmul,small,warm,200,22.0,18.58,3.42,4.95,13.63,False,,0.0,0.35,4.03,0.58,4.95,5
1813,1813,linpack,large,warm,200,934.95,934.95,0.01,5.06,929.88,False,,0.0,0.35,3.97,0.74,5.06,4
1814,1814,linpack,small,warm,200,840.75,840.74,0.0,5.05,835.7,False,,0.0,0.33,3.98,0.74,5.05,5
1815,1815,genmatrix,small,warm,200,7.26,6.34,0.92,0.11,6.23,False,,0.0,0.02,,0.08,0.11,6
1816,1816,genmatrix,small,warm,200,9.29,7.14,2.14,0.1,7.04,False,,0.0,0.02,,0.08,0.1,5
1817,1817,linpack,small,warm,200,527.07,527.06,0.01,5.09,521.97,False,,0.0,0.34,4.0,0.75,5.09,5
1818,1818,fetchdata,large,warm,200,90.79,90.78,0.01,84.5,6.28,False,84.47,0.0,0.03,0.0,,84.5,6
1819,1819,genmatrix,medium,warm,200,16.48,13.04,3.43,0.29,12.75,False,,0.0,0.03,,0.26,0.29,5
1820,1820,linpack,large,warm,200,246.26,246.26,0.0,5.04,241.22,False,,0.0,0.34,3.96,0.73,5.03,5
1821,1821,fastfouriertransform,medium,warm,200,619.18,619.17,0.01,603.42,15.75,False,,0.0,3.88,0.0,599.54,603.42,6
1822,1822,matrixmul,large,warm,200,20.53,18.04,2.49,4.98,13.06,False,,0.0,0.35,4.06,0.57,4.98,7
1823,1823,fetchdata,small,warm,200,91.25,91.25,0.01,84.66,6.59,False,84.62,0.0,0.02,0.0,,84.66,2
1824,1824,fetchdata,small,warm,200,88.51,88.51,0.01,82.38,6.13,False,82.35,0.0,0.02,0.0,,82.38,2
1825,1825,matrixmul,small,warm,200,19.13,17.45,1.67,4.97,12.49,False,,0.0,0.35,4.05,0.57,4.97,2
1826,1826,matrixmul,large,warm,200,22.54,18.63,3.91,4.98,13.65,False,,0.0,0.34,4.06,0.57,4.98,2
1827,1827,linpack,small,warm,200,13.68,13.68,0.01,5.1,8.57,False,,0.0,0.36,4.0,0.73,5.1,2
1828,1828,genmatrix,large,warm,200,52.78,45.2,7.58,1.18,44.02,False,,0.0,0.03,,1.15,1.18,1
1829,1829,fetchdata,small,warm,200,92.85,92.85,0.01,86.52,6.32,False,86.49,0.0,0.03,0.0,,86.52,1
1830,1830,fastfouriertransform,large,warm,200,21.48,21.48,0.01,4.71,16.76,False,,0.0,3.9,0.0,0.8,4.71,1
1831,1831,fetchdata,large,warm,200,88.84,88.84,0.01,82.96,5.88,False,82.93,0.0,0.02,0.0,,82.96,1
1832,1832,fastfouriertransform,small,warm,200,19.83,19.83,0.01,4.64,15.19,False,,0.0,3.89,0.0,0.74,4.64,1
1833,1833,matrixmul,medium,warm,200,553.65,551.52,2.12,538.47,13.05,False,,0.0,0.35,4.04,534.08,538.47,1
1834,1834,linpack,large,warm,200,13.43,13.42,0.01,5.09,8.33,False,,0.0,0.34,4.0,0.75,5.09,2
1835,1835,genmatrix,small,warm,200,8.82,7.4,1.43,0.14,7.25,False,,0.0,0.03,,0.11,0.14,2
1836,1836,genmatrix,small,warm,200,9.29,8.13,1.17,0.14,7.98,False,,0.0,0.02,,0.11,0.14,2
1837,1837,genmatrix,large,warm,200,51.43,45.39,6.03,1.18,44.21,False,,0.0,0.02,,1.15,1.18,2
1838,1838,fastfouriertransform,small,warm,200,20.4,20.39,0.01,4.63,15.76,False,,0.0,3.88,0.0,0.75,4.63,2
1839,1839,genmatrix,medium,warm,200,14.27,11.98,2.29,0.28,11.7,False,,0.0,0.03,,0.26,0.28,1
1840,1840,genmatrix,large,warm,200,49.33,43.17,6.17,1.11,42.06,False,,0.0,0.02,,1.08,1.11,1
1841,1841,fastfouriertransform,medium,warm,200,616.8,616.79,0.01,601.24,15.55,False,,0.0,3.87,0.0,597.36,601.24,1
1842,1842,linpack,large,warm,200,13.51,13.51,0.01,5.08,8.43,False,,0.0,0.36,3.99,0.73,5.08,2
1843,1843,fastfouriertransform,medium,warm,200,1019.99,1019.99,0.01,601.02,418.97,False,,0.0,3.84,0.0,597.17,601.02,2
1844,1844,matrixmul,large,warm,200,19.93,16.66,3.27,4.99,11.67,False,,0.0,0.34,4.05,0.59,4.99,3
1845,1845,genmatrix,small,warm,200,9.5,8.21,1.29,0.14,8.07,False,,0.0,0.02,,0.11,0.14,3
1846,1846,matrixmul,large,warm,200,20.76,18.63,2.13,5.0,13.63,False,,0.0,0.35,4.05,0.6,5.0,3
1847,1847,fetchdata,medium,warm,200,134.99,134.98,0.01,128.8,6.19,False,128.77,0.0,0.02,0.0,,128.8,3
1848,1848,fetchdata,medium,warm,200,118.78,118.78,0.01,81.69,37.08,False,81.66,0.0,0.02,0.0,,81.69,3
1849,1849,fastfouriertransform,large,warm,200,425.99,425.98,0.01,4.56,421.42,False,,0.0,3.86,0.0,0.69,4.56,3
1850,1850,fastfouriertransform,small,warm,200,332.87,332.86,0.0,4.64,328.22,False,,0.0,3.92,0.0,0.71,4.64,3
1851,1851,linpack,small,warm,200,13.99,13.99,0.01,5.08,8.91,False,,0.0,0.34,3.99,0.75,5.08,4
1852,1852,fastfouriertransform,small,warm,200,138.91,138.9,0.0,4.58,134.33,False,,0.0,3.84,0.0,0.73,4.58,4
1853,1853,fetchdata,small,warm,200,90.24,90.23,0.01,83.83,6.4,False,83.79,0.0,0.02,0.0,,83.83,5
1854,1854,matrixmul,medium,warm,200,532.11,529.08,3.03,516.37,12.7,False,,0.0,0.34,4.04,511.99,516.37,1
1855,1855,matrixmul,small,warm,200,443.57,441.66,1.9,5.15,436.51,False,,0.0,0.47,4.09,0.6,5.15,2
1856,1856,fetchdata,small,warm,200,88.9,88.89,0.01,83.02,5.88,False,82.99,0.0,0.02,0.0,,83.02,3
1857,1857,linpack,large,warm,200,16.41,16.4,0.01,8.01,8.39,False,,0.0,0.51,6.36,1.13,8.01,3
1858,1858,matrixmul,small,warm,200,154.68,151.86,2.82,5.71,146.15,False,,0.0,0.35,4.75,0.6,5.71,3
1859,1859,genmatrix,small,warm,200,8.95,8.02,0.93,0.14,7.88,False,,0.0,0.02,,0.11,0.14,4
1860,1860,matrixmul,large,warm,200,22.67,19.33,3.34,5.03,14.3,False,,0.0,0.35,4.08,0.59,5.03,1
1861,1861,genmatrix,medium,warm,200,16.84,12.32,4.52,0.29,12.03,False,,0.0,0.02,,0.26,0.29,1
1862,1862,fastfouriertransform,large,warm,200,20.26,20.25,0.01,4.66,15.59,False,,0.0,3.91,0.0,0.75,4.66,1
1863,1863,genmatrix,small,warm,200,9.46,7.88,1.57,0.14,7.74,False,,0.0,0.02,,0.11,0.14,1
1864,1864,linpack,large,warm,200,16.98,16.98,0.01,8.11,8.87,False,,0.0,0.52,6.42,1.17,8.1,1
1865,1865,fastfouriertransform,small,warm,200,20.68,20.67,0.01,4.66,16.01,False,,0.0,3.91,0.0,0.74,4.66,1
1866,1866,fetchdata,large,warm,200,82.71,82.7,0.01,76.61,6.09,False,76.58,0.0,0.02,0.0,,76.61,1
1867,1867,fastfouriertransform,medium,warm,200,616.93,616.93,0.0,601.89,15.04,False,,0.0,3.89,0.0,598.0,601.89,1
1868,1868,fastfouriertransform,medium,warm,200,1179.41,1179.41,0.01,659.02,520.39,False,,0.0,3.88,0.0,655.14,659.02,2
1869,1869,genmatrix,medium,warm,200,15.1,12.47,2.63,0.29,12.18,False,,0.0,0.02,,0.26,0.29,3
1870,1870,genmatrix,small,warm,200,9.77,8.77,1.0,0.14,8.63,False,,0.0,0.03,,0.11,0.14,3
1871,1871,linpack,medium,warm,200,688.31,688.3,0.01,679.32,8.98,False,,0.0,0.52,6.36,672.44,679.32,3
1872,1872,fastfouriertransform,medium,warm,200,1416.84,1416.84,0.0,637.37,779.46,False,,0.0,4.09,0.0,633.27,637.37,4
1873,1873,fetchdata,medium,warm,200,82.47,82.47,0.0,76.43,6.04,False,76.4,0.0,0.02,0.0,,76.42,5
1874,1874,linpack,medium,warm,200,1034.11,1034.11,0.01,643.86,390.24,False,,0.0,0.33,4.0,639.53,643.86,4
1875,1875,linpack,small,warm,200,939.2,939.19,0.01,5.05,934.14,False,,0.0,0.34,3.98,0.73,5.05,5
1876,1876,matrixmul,medium,warm,200,530.49,528.17,2.32,515.11,13.07,False,,0.0,0.35,4.06,510.69,515.1,6
1877,1877,linpack,medium,warm,200,1383.49,1383.48,0.01,642.68,740.8,False,,0.0,0.37,3.97,638.33,642.68,7
1878,1878,fetchdata,large,warm,200,82.8,82.79,0.0,76.68,6.11,False,76.65,0.0,0.02,0.0,,76.67,7
1879,1879,linpack,small,cold,200,1190.55,1190.55,0.01,5.08,1185.46,False,,0.0,0.34,4.0,0.75,5.08,7
1880,1880,fetchdata,small,warm,200,81.74,81.73,0.01,76.19,5.55,False,76.16,0.0,0.02,0.0,,76.19,7
1881,1881,matrixmul,small,warm,200,38.85,37.72,1.13,5.01,32.71,False,,0.0,0.33,4.1,0.58,5.01,7
1882,1882,fetchdata,large,warm,200,82.71,82.7,0.0,76.97,5.73,False,76.95,0.0,0.02,0.0,,76.97,6
1883,1883,genmatrix,large,warm,200,50.71,43.78,6.93,1.12,42.66,False,,0.0,0.02,,1.09,1.11,6
1884,1884,fastfouriertransform,medium,warm,200,821.83,821.83,0.0,601.82,220.0,False,,0.0,3.86,0.0,597.95,601.82,6
1885,1885,fastfouriertransform,large,warm,200,727.62,727.62,0.0,4.61,723.01,False,,0.0,3.87,0.0,0.74,4.61,5
1886,1886,matrixmul,large,warm,200,21.82,18.44,3.38,5.03,13.41,False,,0.0,0.34,4.09,0.59,5.03,6
1887,1887,genmatrix,small,warm,200,8.75,7.29,1.46,0.12,7.17,False,,0.0,0.02,,0.1,0.12,5
1888,1888,fetchdata,large,warm,200,80.7,80.69,0.01,76.3,4.4,False,76.27,0.0,0.02,0.0,,76.3,5
1889,1889,fetchdata,medium,warm,200,82.03,82.02,0.01,76.35,5.68,False,76.32,0.0,0.02,0.0,,76.34,5
1890,1890,matrixmul,small,warm,200,27.06,23.67,3.39,8.1,15.57,False,,0.0,0.52,6.66,0.91,8.1,5
1891,1891,fetchdata,large,warm,200,82.51,82.51,0.01,76.2,6.3,False,76.18,0.0,0.02,0.0,,76.2,3
1892,1892,genmatrix,small,warm,200,8.21,6.69,1.53,0.12,6.57,False,,0.0,0.03,,0.09,0.12,3
1893,1893,fastfouriertransform,small,warm,200,18.49,18.49,0.0,4.65,13.84,False,,0.0,3.9,0.0,0.74,4.65,1
1894,1894,linpack,medium,warm,200,657.14,657.13,0.01,648.27,8.86,False,,0.0,0.37,4.07,643.83,648.27,1
1895,1895,genmatrix,medium,warm,200,11.76,9.75,2.01,0.21,9.55,False,,0.0,0.02,,0.18,0.2,2
1896,1896,fastfouriertransform,large,warm,200,19.15,19.15,0.01,4.64,14.51,False,,0.0,3.89,0.0,0.74,4.64,2
1897,1897,fastfouriertransform,large,warm,200,19.87,19.86,0.0,4.71,15.15,False,,0.0,3.96,0.0,0.75,4.71,2
1898,1898,fetchdata,large,warm,200,81.65,81.64,0.01,75.72,5.92,False,75.69,0.0,0.02,0.0,,75.72,2
1899,1899,matrixmul,small,warm,200,26.91,24.22,2.69,8.16,16.07,False,,0.0,0.52,6.71,0.93,8.16,2
1900,1900,linpack,large,warm,200,64.19,64.19,0.01,5.15,59.04,False,,0.0,0.34,4.07,0.74,5.15,2
1901,1901,fastfouriertransform,medium,warm,200,615.11,615.1,0.01,601.68,13.42,False,,0.0,3.88,0.0,597.8,601.68,1
1902,1902,fetchdata,small,warm,200,82.21,82.21,0.01,76.29,5.92,False,76.26,0.0,0.02,0.0,,76.29,2
1903,1903,genmatrix,medium,warm,200,11.76,10.69,1.07,0.2,10.49,False,,0.0,0.02,,0.18,0.2,2
1904,1904,genmatrix,medium,warm,200,13.59,9.78,3.82,0.2,9.58,False,,0.0,0.02,,0.18,0.2,2
1905,1905,genmatrix,medium,warm,200,12.84,9.31,3.53,0.2,9.11,False,,0.0,0.02,,0.18,0.2,2
1906,1906,matrixmul,medium,warm,200,570.74,565.58,5.16,551.54,14.04,False,,0.0,0.52,6.44,544.57,551.54,2
1907,1907,fetchdata,small,warm,200,83.3,83.29,0.01,77.87,5.43,False,77.84,0.0,0.02,0.0,,77.87,3
1908,1908,fetchdata,small,warm,200,82.66,82.66,0.01,77.29,5.36,False,77.27,0.0,0.02,0.0,,77.29,2
1909,1909,linpack,small,warm,200,14.36,14.36,0.01,5.18,9.18,False,,0.0,0.38,4.03,0.76,5.18,2
1910,1910,fetchdata,small,warm,200,88.44,88.43,0.0,83.12,5.31,False,83.09,0.0,0.02,0.0,,83.12,2
1911,1911,fetchdata,medium,warm,200,88.37,88.37,0.0,83.47,4.9,False,83.44,0.0,0.02,0.0,,83.47,2
1912,1912,matrixmul,medium,warm,200,535.22,532.16,3.06,517.68,14.49,False,,0.0,0.34,4.05,513.27,517.68,1
1913,1913,matrixmul,small,warm,200,445.77,444.1,1.67,5.64,438.45,False,,0.0,0.36,4.69,0.58,5.64,2
1914,1914,linpack,medium,warm,200,662.63,662.63,0.01,652.74,9.88,False,,0.0,0.43,4.03,648.28,652.74,3
1915,1915,fetchdata,medium,warm,200,90.99,90.98,0.01,85.01,5.97,False,84.97,0.0,0.03,0.0,,85.01,4
1916,1916,genmatrix,medium,warm,200,14.25,10.11,4.14,0.2,9.91,False,,0.0,0.02,,0.18,0.2,4
1917,1917,genmatrix,small,warm,200,8.73,7.46,1.27,0.1,7.36,False,,0.0,0.02,,0.08,0.1,4
1918,1918,fastfouriertransform,small,warm,200,19.61,19.61,0.0,4.64,14.96,False,,0.0,3.89,0.0,0.75,4.64,2
1919,1919,genmatrix,large,warm,200,37.11,31.21,5.9,0.78,30.43,False,,0.0,0.02,,0.76,0.78,2
1920,1920,linpack,small,warm,200,69.62,69.62,0.01,5.15,64.46,False,,0.0,0.34,4.07,0.75,5.15,2
1921,1921,fetchdata,medium,warm,200,90.64,90.63,0.01,84.57,6.06,False,84.54,0.0,0.03,0.0,,84.57,1
1922,1922,fetchdata,small,warm,200,86.9,86.89,0.01,81.64,5.25,False,81.61,0.0,0.02,0.0,,81.64,1
1923,1923,fetchdata,medium,warm,200,88.07,88.06,0.01,82.34,5.71,False,82.31,0.0,0.02,0.0,,82.34,1
1924,1924,matrixmul,large,warm,200,19.65,17.75,1.9,4.99,12.77,False,,0.0,0.35,4.04,0.59,4.98,1
1925,1925,fastfouriertransform,large,warm,200,17.8,17.79,0.0,4.67,13.12,False,,0.0,3.92,0.0,0.75,4.67,1
1926,1926,genmatrix,medium,warm,200,12.74,9.98,2.76,0.2,9.78,False,,0.0,0.02,,0.18,0.2,1
1927,1927,fetchdata,small,warm,200,90.76,90.76,0.01,85.17,5.58,False,85.14,0.0,0.03,0.0,,85.17,1
1928,1928,matrixmul,medium,warm,200,537.4,532.94,4.46,518.24,14.7,False,,0.0,0.34,4.04,513.85,518.24,1
1929,1929,linpack,large,warm,200,13.91,13.91,0.01,5.17,8.74,False,,0.0,0.37,3.99,0.8,5.17,2
1930,1930,linpack,small,warm,200,13.12,13.11,0.0,5.37,7.74,False,,0.0,0.39,4.11,0.87,5.37,2
1931,1931,fastfouriertransform,medium,warm,200,620.07,620.06,0.01,604.81,15.25,False,,0.0,3.88,0.0,600.92,604.81,2
1932,1932,fastfouriertransform,small,warm,200,527.87,527.86,0.01,4.58,523.28,False,,0.0,3.86,0.0,0.71,4.58,3
1933,1933,fastfouriertransform,small,warm,200,433.68,433.67,0.01,4.62,429.05,False,,0.0,3.89,0.0,0.73,4.62,4
1934,1934,fastfouriertransform,small,warm,200,341.18,341.17,0.01,4.65,336.51,False,,0.0,3.92,0.0,0.73,4.65,4
1935,1935,fetchdata,small,warm,200,89.77,89.77,0.01,84.42,5.35,False,84.39,0.0,0.03,0.0,,84.42,5
1936,1936,matrixmul,medium,warm,200,535.47,532.38,3.08,516.79,15.6,False,,0.0,0.37,4.08,512.33,516.79,5
1937,1937,fastfouriertransform,large,warm,200,46.09,46.09,0.01,4.6,41.48,False,,0.0,3.88,0.0,0.72,4.6,6
1938,1938,linpack,medium,warm,200,656.84,656.83,0.01,647.6,9.23,False,,0.0,0.36,3.98,643.26,647.6,2
1939,1939,fastfouriertransform,small,warm,200,25.02,25.01,0.01,4.63,20.38,False,,0.0,3.88,0.0,0.74,4.63,3
1940,1940,fastfouriertransform,small,warm,200,21.7,21.69,0.01,4.62,17.07,False,,0.0,3.88,0.0,0.74,4.62,3
1941,1941,matrixmul,small,warm,200,46.79,44.12,2.66,4.99,39.13,False,,0.0,0.35,4.06,0.58,4.99,3
1942,1942,fastfouriertransform,medium,warm,200,622.79,622.78,0.01,603.75,19.04,False,,0.0,3.89,0.0,599.85,603.74,2
1943,1943,fastfouriertransform,small,warm,200,528.38,528.37,0.01,4.59,523.78,False,,0.0,3.88,0.0,0.7,4.59,3
1944,1944,matrixmul,small,warm,200,20.33,17.73,2.6,4.96,12.77,False,,0.0,0.34,4.05,0.56,4.96,4
1945,1945,fetchdata,large,warm,200,90.25,90.24,0.01,84.31,5.93,False,84.28,0.0,0.03,0.0,,84.31,3
1946,1946,matrixmul,large,warm,200,21.44,18.48,2.97,5.03,13.45,False,,0.0,0.37,4.09,0.58,5.03,3
1947,1947,matrixmul,medium,warm,200,529.62,525.95,3.68,513.02,12.93,False,,0.0,0.34,4.04,508.63,513.02,3
1948,1948,fastfouriertransform,medium,warm,200,631.98,631.98,0.01,600.62,31.36,False,,0.0,3.87,0.0,596.74,600.62,4
1949,1949,matrixmul,small,warm,200,339.43,336.47,2.96,4.93,331.54,False,,0.0,0.34,4.01,0.58,4.93,3
1950,1950,genmatrix,small,warm,200,9.13,7.82,1.31,0.14,7.68,False,,0.0,0.02,,0.11,0.14,4
1951,1951,fetchdata,medium,warm,200,91.46,91.45,0.01,84.8,6.64,False,84.77,0.0,0.03,0.0,,84.8,4
1952,1952,genmatrix,medium,warm,200,15.81,13.04,2.77,0.3,12.74,False,,0.0,0.03,,0.26,0.29,4
1953,1953,fetchdata,small,warm,200,89.75,89.74,0.01,84.45,5.29,False,84.42,0.0,0.03,0.0,,84.45,2
1954,1954,linpack,large,warm,200,14.34,14.33,0.01,5.09,9.24,False,,0.0,0.34,3.99,0.76,5.09,2
1955,1955,linpack,small,warm,200,14.49,14.49,0.01,5.09,9.4,False,,0.0,0.34,4.0,0.74,5.09,1
1956,1956,genmatrix,medium,warm,200,17.08,13.56,3.52,0.29,13.27,False,,0.0,0.02,,0.26,0.29,1
1957,1957,matrixmul,large,warm,200,20.21,18.44,1.77,4.99,13.45,False,,0.0,0.35,4.07,0.57,4.99,1
1958,1958,matrixmul,small,warm,200,26.22,22.17,4.06,6.91,15.25,False,,0.0,0.46,5.67,0.78,6.91,1
1959,1959,fastfouriertransform,medium,warm,200,641.27,641.24,0.02,623.16,18.09,False,,0.0,6.24,0.0,616.91,623.16,1
1960,1960,matrixmul,small,warm,200,27.21,23.58,3.63,7.83,15.74,False,,0.0,0.51,6.43,0.88,7.83,2
1961,1961,matrixmul,small,warm,200,26.09,22.52,3.57,6.91,15.6,False,,0.0,0.46,5.67,0.78,6.91,2
1962,1962,linpack,small,warm,200,14.59,14.58,0.01,5.08,9.5,False,,0.0,0.34,4.0,0.73,5.08,2
1963,1963,linpack,small,warm,200,13.43,13.42,0.01,5.1,8.32,False,,0.0,0.34,4.0,0.75,5.1,2
1964,1964,matrixmul,large,warm,200,27.43,24.3,3.13,7.85,16.45,False,,0.0,0.53,6.44,0.88,7.85,2
1965,1965,genmatrix,medium,warm,200,14.41,12.55,1.86,0.29,12.27,False,,0.0,0.02,,0.26,0.29,2
1966,1966,linpack,medium,warm,200,658.11,658.1,0.01,649.51,8.59,False,,0.0,0.34,4.0,645.16,649.5,1
1967,1967,genmatrix,large,warm,200,50.43,45.04,5.4,1.19,43.84,False,,0.0,0.03,,1.16,1.19,2
1968,1968,linpack,medium,warm,200,1106.91,1106.89,0.02,646.78,460.11,False,,0.0,0.33,4.06,642.39,646.78,2
1969,1969,matrixmul,medium,warm,200,560.41,557.34,3.07,542.15,15.2,False,,0.0,0.54,6.38,535.23,542.15,3
1970,1970,fetchdata,small,warm,200,91.4,91.39,0.01,84.59,6.8,False,84.56,0.0,0.02,0.0,,84.59,4
1971,1971,genmatrix,large,warm,200,52.14,45.2,6.94,1.17,44.03,False,,0.0,0.02,,1.14,1.17,4
1972,1972,fetchdata,small,warm,200,90.04,90.03,0.01,84.74,5.28,False,84.71,0.0,0.02,0.0,,84.74,4
1973,1973,genmatrix,small,warm,200,9.79,7.91,1.87,0.14,7.77,False,,0.0,0.02,,0.11,0.14,3
1974,1974,matrixmul,large,warm,200,71.02,68.37,2.66,4.96,63.4,False,,0.0,0.34,4.03,0.59,4.96,3
1975,1975,genmatrix,large,warm,200,52.96,46.12,6.84,1.18,44.94,False,,0.0,0.02,,1.15,1.18,2
1976,1976,fetchdata,small,warm,200,99.68,99.67,0.01,93.47,6.21,False,93.43,0.0,0.02,0.0,,93.46,2
1977,1977,fastfouriertransform,small,warm,200,21.5,21.49,0.01,4.71,16.79,False,,0.0,3.92,0.0,0.79,4.71,2
1978,1978,fetchdata,medium,warm,200,94.25,94.23,0.02,85.34,8.89,False,85.31,0.0,0.02,0.0,,85.34,2
1979,1979,linpack,large,warm,200,16.25,16.25,0.0,5.11,11.14,False,,0.0,0.37,4.0,0.74,5.11,2
1980,1980,fastfouriertransform,small,warm,200,35.73,35.72,0.01,4.62,31.1,False,,0.0,3.87,0.0,0.74,4.62,1
1981,1981,linpack,medium,warm,200,679.7,679.7,0.01,647.29,32.41,False,,0.0,0.34,4.01,642.93,647.29,1
1982,1982,genmatrix,small,warm,200,9.5,7.83,1.67,0.14,7.69,False,,0.0,0.03,,0.11,0.14,2
1983,1983,fetchdata,small,warm,200,82.12,82.1,0.02,76.2,5.9,False,76.17,0.0,0.02,0.0,,76.2,2
1984,1984,linpack,medium,warm,200,1008.38,1008.37,0.02,648.98,359.39,False,,0.0,0.34,4.06,644.57,648.97,2
1985,1985,genmatrix,large,warm,200,51.9,45.84,6.06,1.19,44.66,False,,0.0,0.02,,1.16,1.19,3
1986,1986,fastfouriertransform,large,warm,200,20.5,20.49,0.01,4.64,15.85,False,,0.0,3.89,0.0,0.74,4.64,3
1987,1987,genmatrix,large,warm,200,52.83,46.19,6.64,1.17,45.02,False,,0.0,0.02,,1.14,1.17,3
1988,1988,linpack,small,warm,200,614.99,614.98,0.02,5.19,609.79,False,,0.0,0.43,4.0,0.76,5.18,2
1989,1989,linpack,small,warm,200,522.82,522.81,0.01,5.22,517.59,False,,0.0,0.45,4.0,0.76,5.21,3
1990,1990,matrixmul,large,warm,200,24.05,20.75,3.29,4.97,15.78,False,,0.0,0.35,4.05,0.57,4.97,4
1991,1991,genmatrix,small,warm,200,8.15,7.29,0.86,0.14,7.15,False,,0.0,0.03,,0.11,0.14,4
1992,1992,matrixmul,small,warm,200,24.11,20.74,3.37,4.97,15.77,False,,0.0,0.35,4.05,0.57,4.96,4
1993,1993,fastfouriertransform,small,warm,200,35.88,35.87,0.01,4.71,31.16,False,,0.0,3.92,0.0,0.78,4.71,4
1994,1994,fetchdata,large,warm,200,82.45,82.43,0.02,76.26,6.17,False,76.23,0.0,0.02,0.0,,76.26,4
1995,1995,fetchdata,small,warm,200,83.38,83.37,0.02,75.94,7.43,False,75.92,0.0,0.02,0.0,,75.94,1
1996,1996,linpack,medium,warm,200,661.24,661.23,0.02,646.84,14.38,False,,0.0,0.34,3.99,642.5,646.84,1
1997,1997,fastfouriertransform,medium,warm,200,699.52,699.5,0.02,664.17,35.33,False,,0.0,4.11,0.01,660.05,664.17,2
1998,1998,linpack,small,warm,200,467.75,467.74,0.02,5.13,462.61,False,,0.0,0.33,4.05,0.74,5.13,3
1999,1999,fetchdata,medium,warm,200,81.39,81.38,0.02,75.52,5.86,False,75.49,0.0,0.02,0.0,,75.51,4
2000,2000,fetchdata,medium,warm,200,81.43,81.41,0.02,75.26,6.15,False,75.24,0.0,0.02,0.0,,75.26,4
