request_id,function,size,type,status,latency_ms,ttfb_ms,execution_time_ms,system_overhead_ms,in_flight
0,mobilenet,small,cold,200,1840.58,1840.57,27.08,1813.5,1
1,resnet,small,cold,200,1718.98,1718.97,127.93,1591.04,2
2,mobilenet,small,warm,200,25.23,25.22,18.49,6.73,2
3,mobilenet,large,warm,200,32.81,32.8,23.27,9.53,1
4,mobilenet,large,warm,200,29.66,29.66,22.92,6.74,1
5,resnet,small,warm,200,130.33,130.33,123.58,6.75,1
6,mobilenet,small,warm,200,29.34,29.33,23.06,6.27,1
7,mobilenet,small,warm,200,29.66,29.65,23.02,6.63,1
8,mobilenet,large,warm,200,30.04,30.03,23.38,6.65,1
9,mobilenet,large,warm,200,24.05,24.04,17.73,6.31,1
10,resnet,small,warm,200,158.05,158.05,151.48,6.57,1
11,resnet,large,warm,200,137.86,137.84,129.58,8.26,1
12,resnet,small,warm,200,141.43,141.42,133.97,7.46,1
13,mobilenet,large,warm,200,23.5,23.49,17.93,5.56,1
14,resnet,medium,warm,200,134.63,134.62,128.06,6.56,1
15,resnet,small,warm,200,131.64,131.64,123.61,8.03,1
16,mobilenet,medium,warm,200,32.94,32.93,23.62,9.3,1
17,mobilenet,small,warm,200,32.91,32.9,23.36,9.54,1
18,resnet,small,warm,200,144.81,144.8,137.81,7.0,1
19,resnet,medium,warm,200,168.19,168.17,161.6,6.57,1
20,resnet,small,warm,200,131.85,131.84,124.51,7.33,1
21,resnet,large,warm,200,141.58,141.56,133.95,7.61,1
22,mobilenet,medium,warm,200,42.7,42.68,29.13,13.55,1
23,mobilenet,large,warm,200,27.5,27.48,18.18,9.3,1
24,resnet,large,warm,200,164.47,164.45,158.38,6.08,1
25,resnet,large,warm,200,135.46,135.44,126.73,8.71,1
26,mobilenet,large,warm,200,32.78,32.76,23.36,9.4,1
27,mobilenet,small,warm,200,32.42,32.4,23.23,9.17,1
28,mobilenet,medium,warm,200,31.66,31.64,22.95,8.69,1
29,mobilenet,small,warm,200,30.1,30.08,22.89,7.19,1
30,mobilenet,medium,warm,200,30.21,30.19,22.88,7.32,1
31,resnet,medium,warm,200,131.28,131.26,122.87,8.38,1
32,resnet,small,warm,200,143.27,143.25,134.82,8.43,1
33,resnet,medium,warm,200,146.63,146.61,138.63,7.98,1
34,mobilenet,large,warm,200,29.7,29.7,23.7,6.0,1
35,resnet,large,warm,200,130.72,130.7,123.03,7.67,1
36,mobilenet,large,warm,200,26.28,26.26,17.57,8.69,1
37,mobilenet,large,warm,200,25.53,25.52,17.66,7.86,1
38,mobilenet,small,warm,200,33.43,33.41,22.72,10.69,1
39,resnet,medium,warm,200,147.91,147.89,139.77,8.13,1
40,resnet,large,warm,200,132.89,132.89,125.03,7.86,1
41,mobilenet,large,warm,200,45.07,45.05,36.56,8.49,1
42,resnet,small,warm,200,139.59,139.58,132.9,6.68,1
43,mobilenet,small,warm,200,30.03,30.02,19.28,10.73,1
44,resnet,medium,warm,200,156.76,156.74,149.5,7.25,1
45,resnet,small,warm,200,129.31,129.29,121.85,7.44,1
46,mobilenet,large,warm,200,59.08,59.07,52.29,6.78,1
47,resnet,small,warm,200,141.15,141.13,133.31,7.82,1
48,resnet,medium,warm,200,136.41,136.41,128.58,7.82,1
49,resnet,small,warm,200,147.88,147.87,140.64,7.23,1
50,resnet,small,warm,200,151.87,151.86,145.43,6.43,1
51,mobilenet,large,warm,200,36.77,36.77,26.19,10.58,1
52,resnet,large,warm,200,127.3,127.28,120.03,7.25,1
53,resnet,large,warm,200,190.23,190.21,181.16,9.04,1
54,resnet,medium,warm,200,142.31,142.29,134.49,7.8,1
55,mobilenet,small,warm,200,30.84,30.83,22.47,8.35,1
56,resnet,small,warm,200,158.6,158.59,150.26,8.33,1
57,mobilenet,small,warm,200,35.53,35.52,24.98,10.54,1
58,mobilenet,large,warm,200,29.46,29.45,22.33,7.12,1
59,mobilenet,large,warm,200,25.34,25.32,17.88,7.44,1
60,resnet,large,warm,200,137.24,137.23,130.15,7.08,1
61,mobilenet,medium,warm,200,25.49,25.48,18.42,7.06,1
62,resnet,large,warm,200,160.49,160.48,151.73,8.75,1
63,resnet,large,warm,200,132.42,132.4,123.71,8.69,1
64,resnet,large,warm,200,136.91,136.91,129.35,7.55,1
65,mobilenet,large,warm,200,39.39,39.37,31.88,7.48,1
66,mobilenet,large,warm,200,33.29,33.28,23.23,10.05,1
67,resnet,large,warm,200,132.57,132.55,126.18,6.37,1
68,resnet,small,warm,200,145.92,145.91,138.44,7.46,1
69,resnet,medium,warm,200,139.12,139.1,131.91,7.19,1
70,mobilenet,medium,warm,200,26.54,26.53,18.13,8.4,1
71,mobilenet,large,warm,200,25.57,25.55,17.8,7.75,1
72,resnet,large,warm,200,131.59,131.57,123.99,7.59,1
73,mobilenet,large,warm,200,24.68,24.66,17.53,7.12,1
74,mobilenet,large,warm,200,36.73,36.73,26.86,9.87,1
75,resnet,large,warm,200,159.44,159.44,153.4,6.04,1
76,mobilenet,small,warm,200,33.47,33.47,23.87,9.6,1
77,resnet,small,warm,200,172.87,172.86,166.39,6.48,1
78,mobilenet,large,warm,200,30.72,30.72,23.61,7.11,1
79,resnet,medium,warm,200,131.63,131.62,124.85,6.77,1
80,mobilenet,small,warm,200,29.98,29.97,22.93,7.04,1
81,resnet,medium,warm,200,157.7,157.69,149.7,7.98,1
82,mobilenet,small,warm,200,45.22,45.2,37.59,7.61,1
83,mobilenet,large,warm,200,24.21,24.19,17.58,6.62,1
84,mobilenet,small,warm,200,24.59,24.58,17.5,7.08,1
85,resnet,small,warm,200,135.44,135.42,127.8,7.62,1
86,mobilenet,small,warm,200,33.44,33.42,23.18,10.24,1
87,resnet,large,warm,200,158.48,158.46,149.46,9.0,1
88,mobilenet,medium,warm,200,30.68,30.66,23.21,7.45,1
89,resnet,small,warm,200,229.64,229.62,221.33,8.29,1
90,mobilenet,large,warm,200,33.15,33.13,22.77,10.36,1
91,resnet,medium,warm,200,144.38,144.37,136.62,7.74,1
92,resnet,medium,warm,200,135.88,135.86,127.84,8.03,1
93,resnet,small,warm,200,164.02,164.0,156.06,7.94,1
94,mobilenet,small,warm,200,24.06,24.05,18.04,6.01,1
95,mobilenet,medium,warm,200,27.58,27.54,18.58,8.96,1
96,mobilenet,large,warm,200,32.21,32.19,23.09,9.11,1
97,mobilenet,large,warm,200,31.35,31.33,23.6,7.73,1
98,mobilenet,small,warm,200,33.44,33.42,22.9,10.52,1
99,mobilenet,large,warm,200,31.22,31.2,22.84,8.36,1
100,mobilenet,small,warm,200,31.55,31.53,22.84,8.68,1
101,mobilenet,small,warm,200,33.12,33.11,22.85,10.26,1
102,resnet,small,warm,200,137.74,137.73,130.9,6.83,1
103,mobilenet,medium,warm,200,43.99,43.97,36.84,7.13,1
104,resnet,small,warm,200,131.85,131.83,124.09,7.74,1
105,mobilenet,large,warm,200,26.21,26.19,17.66,8.53,1
106,resnet,small,warm,200,139.34,139.32,131.08,8.24,1
107,resnet,medium,warm,200,423.07,423.05,154.09,268.96,1
108,mobilenet,small,warm,200,56.36,56.34,47.32,9.02,1
109,mobilenet,large,warm,200,30.11,30.1,23.3,6.81,1
110,resnet,medium,warm,200,143.95,143.94,136.93,7.01,1
111,resnet,medium,warm,200,140.88,140.88,133.69,7.19,1
112,resnet,large,warm,200,203.57,203.57,196.46,7.11,1
113,mobilenet,large,warm,200,33.06,33.05,23.25,9.81,1
114,mobilenet,small,warm,200,33.3,33.29,22.79,10.5,1
115,resnet,large,warm,200,143.82,143.8,135.63,8.17,1
116,resnet,small,warm,200,135.3,135.28,127.59,7.69,1
117,mobilenet,small,warm,200,25.99,25.97,17.64,8.33,1
118,mobilenet,large,warm,200,25.33,25.31,17.89,7.42,1
119,resnet,small,warm,200,159.24,159.23,151.76,7.47,1
120,resnet,small,warm,200,131.31,131.29,124.54,6.75,1
121,resnet,medium,warm,200,134.86,134.83,126.78,8.05,1
122,mobilenet,small,warm,200,30.12,30.11,23.23,6.88,1
123,resnet,large,warm,200,131.21,131.2,124.25,6.95,1
124,mobilenet,small,warm,200,30.25,30.24,23.1,7.14,1
125,mobilenet,small,warm,200,30.9,30.89,23.89,7.0,1
126,mobilenet,small,warm,200,30.86,30.85,23.2,7.66,1
127,resnet,medium,warm,200,132.8,132.8,125.95,6.85,1
128,resnet,small,warm,200,138.15,138.15,130.64,7.51,1
129,resnet,small,warm,200,132.25,132.24,125.86,6.38,1
130,mobilenet,medium,warm,200,26.93,26.92,19.75,7.17,1
131,mobilenet,medium,warm,200,26.37,26.37,18.94,7.43,1
132,resnet,medium,warm,200,159.74,159.72,152.81,6.91,1
133,resnet,medium,warm,200,136.02,136.02,129.86,6.15,1
134,resnet,small,warm,200,143.66,143.65,137.34,6.32,1
135,mobilenet,medium,warm,200,32.83,32.83,24.68,8.14,1
136,mobilenet,small,warm,200,32.68,32.67,25.14,7.54,1
137,mobilenet,large,warm,200,29.92,29.91,22.98,6.93,1
138,resnet,small,warm,200,159.66,159.66,152.72,6.93,1
139,mobilenet,large,warm,200,35.04,35.03,26.31,8.72,1
140,resnet,large,warm,200,138.43,138.41,129.89,8.52,1
141,mobilenet,small,warm,200,25.6,25.58,17.85,7.73,1
142,mobilenet,small,warm,200,28.92,28.91,17.49,11.41,1
143,mobilenet,large,warm,200,33.65,33.58,23.02,10.57,1
144,mobilenet,large,warm,200,33.09,33.09,23.16,9.93,1
145,mobilenet,medium,warm,200,33.27,33.27,23.4,9.87,1
146,mobilenet,large,warm,200,33.67,33.66,23.59,10.07,1
147,mobilenet,large,warm,200,29.45,29.45,22.96,6.49,1
148,mobilenet,large,warm,200,31.17,31.17,23.63,7.54,1
149,mobilenet,medium,warm,200,32.87,32.87,23.83,9.04,1
150,resnet,medium,warm,200,143.4,143.39,134.96,8.42,1
151,mobilenet,large,warm,200,25.09,25.07,17.64,7.44,1
152,resnet,small,warm,200,133.25,133.24,125.83,7.41,1
153,resnet,medium,warm,200,165.61,165.59,156.98,8.61,1
154,mobilenet,large,warm,200,24.6,24.6,18.04,6.55,1
155,resnet,medium,warm,200,143.83,143.82,135.56,8.25,1
156,resnet,small,warm,200,131.1,131.09,124.19,6.9,1
157,mobilenet,medium,warm,200,29.53,29.53,23.37,6.16,1
158,mobilenet,small,warm,200,30.67,30.66,23.12,7.54,1
159,mobilenet,large,warm,200,30.93,30.92,23.44,7.48,1
160,resnet,small,warm,200,133.25,133.25,127.51,5.74,1
161,resnet,small,warm,200,353.04,353.02,134.74,218.28,1
162,mobilenet,medium,warm,200,35.76,35.74,24.12,11.62,1
163,resnet,small,warm,200,141.94,141.92,133.43,8.49,1
164,resnet,large,warm,200,157.37,157.35,149.71,7.63,1
165,resnet,large,warm,200,140.08,140.07,132.19,7.88,1
166,mobilenet,large,warm,200,25.9,25.88,18.0,7.88,1
167,resnet,large,warm,200,132.88,132.86,125.16,7.7,1
168,mobilenet,small,warm,200,30.84,30.82,23.25,7.57,1
169,resnet,small,warm,200,132.6,132.58,124.94,7.65,1
170,mobilenet,large,warm,200,33.11,33.09,23.96,9.13,1
171,mobilenet,medium,warm,200,32.76,32.74,23.13,9.61,1
172,resnet,large,warm,200,131.3,131.28,123.1,8.18,1
173,mobilenet,large,warm,200,28.79,28.77,18.04,10.73,1
174,resnet,small,warm,200,138.19,138.17,130.51,7.65,1
175,resnet,large,warm,200,137.19,137.18,129.75,7.42,1
176,resnet,medium,warm,200,153.78,153.77,145.44,8.33,1
177,mobilenet,small,warm,200,24.43,24.41,17.73,6.68,1
178,resnet,medium,warm,200,140.46,140.43,131.89,8.55,1
179,mobilenet,small,warm,200,32.05,32.03,24.2,7.83,1
180,resnet,small,warm,200,132.99,132.97,125.12,7.84,1
181,resnet,small,warm,200,148.73,148.72,142.38,6.34,1
182,resnet,large,warm,200,252.96,252.95,246.83,6.12,1
183,resnet,large,warm,200,132.84,132.84,125.69,7.14,1
184,mobilenet,small,warm,200,36.69,36.69,28.41,8.28,1
185,mobilenet,large,warm,200,56.28,56.27,48.19,8.08,1
186,mobilenet,large,warm,200,25.53,25.52,17.91,7.61,1
187,mobilenet,medium,warm,200,25.81,25.79,18.02,7.78,1
188,mobilenet,medium,warm,200,26.38,26.36,17.71,8.65,1
189,mobilenet,small,warm,200,32.57,32.56,22.03,10.53,1
190,resnet,medium,warm,200,160.57,160.55,152.33,8.22,1
191,mobilenet,medium,warm,200,33.19,33.17,22.88,10.29,1
192,mobilenet,large,warm,200,31.3,31.29,23.03,8.26,1
193,mobilenet,large,warm,200,32.35,32.33,24.24,8.09,1
194,mobilenet,medium,warm,200,34.15,34.13,25.84,8.29,1
195,resnet,large,warm,200,156.73,156.71,150.02,6.69,1
196,mobilenet,small,warm,200,29.3,29.28,18.29,11.0,1
197,mobilenet,small,warm,200,36.18,36.16,28.9,7.26,1
198,resnet,small,warm,200,130.47,130.45,122.86,7.6,1
199,mobilenet,large,warm,200,24.87,24.85,17.62,7.23,1
200,resnet,medium,warm,200,137.72,137.7,129.2,8.5,1
201,mobilenet,medium,warm,200,31.37,31.36,23.4,7.96,1
202,mobilenet,large,warm,200,33.07,33.05,23.39,9.66,1
203,mobilenet,medium,warm,200,31.97,31.95,23.25,8.71,1
204,mobilenet,medium,warm,200,31.01,31.01,23.23,7.78,1
205,mobilenet,small,warm,200,31.5,31.46,22.75,8.71,1
206,resnet,medium,warm,200,141.9,141.88,133.62,8.27,1
207,resnet,small,warm,200,135.29,135.27,126.73,8.54,1
208,mobilenet,small,warm,200,53.59,53.57,40.57,13.0,1
209,mobilenet,medium,warm,200,31.67,31.65,20.44,11.21,1
210,resnet,medium,warm,200,165.56,165.54,157.67,7.87,1
211,mobilenet,medium,warm,200,27.98,27.97,17.66,10.31,1
212,resnet,large,warm,200,138.44,138.42,131.02,7.41,1
213,resnet,large,warm,200,144.5,144.49,137.4,7.09,1
214,resnet,small,warm,200,131.51,131.5,125.07,6.43,1
215,mobilenet,medium,warm,200,32.21,32.18,24.07,8.11,1
216,mobilenet,large,warm,200,31.35,31.34,24.0,7.34,1
217,resnet,small,warm,200,145.58,145.57,139.21,6.36,1
218,mobilenet,large,warm,200,32.74,32.73,24.16,8.57,1
219,resnet,medium,warm,200,140.32,140.31,134.28,6.02,1
220,resnet,medium,warm,200,144.35,144.35,137.56,6.79,1
221,mobilenet,medium,warm,200,24.62,24.61,17.86,6.76,1
222,mobilenet,medium,warm,200,24.89,24.88,18.14,6.74,1
223,mobilenet,large,warm,200,25.06,25.06,18.49,6.57,1
224,resnet,small,warm,200,160.1,160.09,152.33,7.76,1
225,mobilenet,medium,warm,200,31.78,31.78,22.71,9.07,1
226,resnet,small,warm,200,139.21,139.19,131.79,7.4,1
227,resnet,large,warm,200,214.24,214.22,206.05,8.17,1
228,resnet,large,warm,200,218.14,218.13,210.38,7.75,1
229,mobilenet,large,warm,200,32.73,32.71,22.95,9.76,1
230,resnet,large,warm,200,156.82,156.8,148.4,8.4,1
231,resnet,large,warm,200,134.92,134.9,126.58,8.32,1
232,resnet,medium,warm,200,140.43,140.41,131.99,8.42,1
233,resnet,large,warm,200,134.8,134.78,125.73,9.05,1
234,resnet,large,warm,200,137.94,137.93,130.69,7.24,1
235,mobilenet,small,warm,200,24.56,24.56,17.73,6.83,1
236,resnet,large,warm,200,168.33,168.31,159.83,8.48,1
237,resnet,large,warm,200,131.39,131.37,124.16,7.2,1
238,mobilenet,large,warm,200,34.45,34.43,26.01,8.42,1
239,resnet,medium,warm,200,133.26,133.24,126.23,7.01,1
240,mobilenet,medium,warm,200,30.72,30.7,22.9,7.8,1
241,resnet,small,warm,200,132.41,132.39,125.18,7.21,1
242,resnet,large,warm,200,159.32,159.3,150.67,8.64,1
243,resnet,medium,warm,200,158.53,158.51,149.87,8.65,1
244,resnet,medium,warm,200,129.79,129.78,122.21,7.57,1
245,mobilenet,large,warm,200,26.59,26.57,18.0,8.56,1
246,resnet,large,warm,200,130.22,130.2,122.05,8.15,1
247,mobilenet,large,warm,200,29.2,29.19,22.82,6.37,1
248,mobilenet,medium,warm,200,29.32,29.31,22.74,6.57,1
249,resnet,small,warm,200,161.46,161.45,154.69,6.76,1
250,mobilenet,large,warm,200,30.35,30.35,22.89,7.46,1
251,resnet,small,warm,200,327.35,327.34,319.35,7.99,1
252,mobilenet,small,warm,200,29.41,29.4,22.77,6.64,1
253,mobilenet,small,warm,200,34.82,34.82,27.92,6.89,1
254,mobilenet,medium,warm,200,25.22,25.21,18.3,6.91,1
255,mobilenet,medium,warm,200,25.09,25.07,18.11,6.96,1
256,resnet,large,warm,200,153.36,153.35,144.62,8.73,1
257,mobilenet,large,warm,200,24.76,24.76,17.77,6.99,1
258,resnet,medium,warm,200,128.95,128.95,122.65,6.3,1
259,resnet,small,warm,200,140.46,140.45,134.17,6.29,1
260,mobilenet,large,warm,200,41.28,41.27,33.99,7.28,1
261,mobilenet,small,warm,200,32.34,32.33,22.78,9.55,1
262,resnet,small,warm,200,154.39,154.38,148.41,5.98,1
263,mobilenet,large,warm,200,31.32,31.3,23.06,8.24,1
264,resnet,small,warm,200,129.3,129.3,123.11,6.19,1
265,mobilenet,small,warm,200,30.22,30.2,21.98,8.22,1
266,resnet,small,warm,200,139.27,139.27,131.09,8.18,1
267,resnet,large,warm,200,141.81,141.8,133.74,8.06,1
268,resnet,medium,warm,200,169.27,169.27,162.9,6.37,1
269,resnet,large,warm,200,143.83,143.83,136.98,6.84,1
270,resnet,small,warm,200,146.28,146.26,138.81,7.45,1
271,resnet,medium,warm,200,132.87,132.85,127.6,5.25,1
272,resnet,small,warm,200,131.45,131.43,122.26,9.16,1
273,resnet,large,warm,200,226.72,226.72,219.0,7.72,1
274,resnet,large,warm,200,129.56,129.56,122.94,6.61,1
275,mobilenet,medium,warm,200,32.24,32.23,23.95,8.28,1
276,resnet,small,warm,200,134.63,134.58,127.17,7.41,1
277,resnet,small,warm,200,140.1,140.09,132.75,7.34,1
278,resnet,medium,warm,200,142.6,142.59,136.0,6.59,1
279,resnet,large,warm,200,155.68,155.67,147.24,8.43,1
280,mobilenet,small,warm,200,24.17,24.16,17.66,6.5,1
281,mobilenet,small,warm,200,25.96,25.94,17.91,8.03,1
282,resnet,large,warm,200,131.02,131.0,123.35,7.66,1
283,mobilenet,large,warm,200,31.56,31.54,22.9,8.64,1
284,mobilenet,small,warm,200,33.13,33.11,23.53,9.57,1
285,resnet,medium,warm,200,158.39,158.37,149.54,8.84,1
286,resnet,large,warm,200,131.05,131.03,123.94,7.09,1
287,resnet,medium,warm,200,141.04,141.02,133.39,7.63,1
288,mobilenet,small,warm,200,32.96,32.94,22.78,10.16,1
289,resnet,medium,warm,200,143.95,143.94,136.51,7.42,1
290,mobilenet,large,warm,200,25.16,25.15,17.57,7.58,1
291,resnet,medium,warm,200,159.82,159.81,152.05,7.77,1
292,mobilenet,medium,warm,200,25.32,25.3,17.62,7.68,1
293,resnet,medium,warm,200,141.95,141.95,135.24,6.71,1
294,resnet,large,warm,200,138.46,138.44,131.02,7.42,1
295,mobilenet,medium,warm,200,30.54,30.52,22.86,7.67,1
296,mobilenet,medium,warm,200,32.99,32.97,24.32,8.65,1
297,resnet,medium,warm,200,249.85,249.83,239.55,10.28,1
298,mobilenet,medium,warm,200,32.71,32.7,22.92,9.78,1
299,resnet,large,warm,200,143.51,143.48,135.82,7.66,1
300,resnet,large,warm,200,132.33,132.31,124.47,7.85,1
301,mobilenet,medium,warm,200,34.04,34.02,26.92,7.1,1
302,mobilenet,large,warm,200,53.33,53.31,40.38,12.93,1
303,mobilenet,medium,warm,200,26.79,26.77,17.79,8.99,1
304,mobilenet,small,warm,200,25.06,25.04,18.01,7.03,1
305,resnet,small,warm,200,168.21,168.19,159.88,8.3,1
306,resnet,small,warm,200,140.09,140.07,130.79,9.28,1
307,mobilenet,medium,warm,200,31.58,31.57,23.16,8.4,1
308,resnet,medium,warm,200,148.75,148.73,141.57,7.16,1
309,mobilenet,medium,warm,200,32.57,32.57,22.92,9.65,1
310,resnet,medium,warm,200,171.97,171.96,164.76,7.2,1
311,resnet,medium,warm,200,140.65,140.64,134.69,5.95,1
312,resnet,medium,warm,200,142.14,142.13,135.96,6.17,1
313,mobilenet,medium,warm,200,77.81,77.81,70.59,7.22,1
314,mobilenet,large,warm,200,35.59,35.58,29.58,6.0,1
315,mobilenet,medium,warm,200,24.2,24.19,18.42,5.77,1
316,mobilenet,large,warm,200,24.66,24.64,17.57,7.06,1
317,mobilenet,large,warm,200,33.05,33.03,23.21,9.82,1
318,mobilenet,small,warm,200,32.69,32.69,23.18,9.5,1
319,mobilenet,small,warm,200,30.66,30.65,23.3,7.36,1
320,mobilenet,large,warm,200,30.73,30.72,23.01,7.71,1
321,mobilenet,small,warm,200,29.72,29.71,22.85,6.87,1
322,mobilenet,medium,warm,200,29.58,29.57,22.68,6.89,1
323,mobilenet,large,warm,200,36.02,36.01,27.86,8.15,1
324,mobilenet,medium,warm,200,30.22,30.21,21.6,8.61,1
325,resnet,medium,warm,200,156.2,156.19,148.83,7.36,1
326,mobilenet,large,warm,200,28.53,28.52,17.91,10.61,1
327,mobilenet,small,warm,200,28.63,28.63,17.71,10.91,1
328,resnet,small,warm,200,163.96,163.95,157.75,6.2,1
329,mobilenet,medium,warm,200,33.33,33.32,23.04,10.27,1
330,resnet,medium,warm,200,135.84,135.83,129.93,5.9,1
331,mobilenet,small,warm,200,30.46,30.46,23.0,7.46,1
332,mobilenet,small,warm,200,29.59,29.58,22.82,6.76,1
333,resnet,large,warm,200,140.19,140.18,133.0,7.19,1
334,mobilenet,large,warm,200,33.82,33.81,23.0,10.81,1
335,mobilenet,medium,warm,200,28.75,28.75,17.86,10.88,1
336,resnet,large,warm,200,153.16,153.14,146.13,7.0,1
337,resnet,small,warm,200,142.61,142.6,134.91,7.69,1
338,resnet,small,warm,200,142.05,142.04,135.38,6.67,1
339,resnet,medium,warm,200,133.7,133.7,128.06,5.64,1
340,mobilenet,medium,warm,200,33.12,33.11,24.34,8.78,1
341,resnet,large,warm,200,146.41,146.4,138.96,7.44,1
342,resnet,large,warm,200,150.3,150.29,143.61,6.68,1
343,mobilenet,medium,warm,200,29.91,29.9,23.01,6.89,1
344,mobilenet,large,warm,200,29.94,29.93,22.85,7.09,1
345,resnet,large,warm,200,142.4,142.39,135.02,7.37,1
346,resnet,medium,warm,200,139.23,139.23,133.35,5.87,1
347,resnet,large,warm,200,164.2,164.2,157.49,6.71,1
348,resnet,medium,warm,200,129.53,129.52,123.5,6.02,1
349,mobilenet,small,warm,200,25.11,25.1,17.8,7.31,1
350,resnet,medium,warm,200,133.24,133.23,127.04,6.2,1
351,mobilenet,medium,warm,200,24.42,24.41,17.7,6.71,1
352,resnet,medium,warm,200,140.72,140.71,134.69,6.02,1
353,mobilenet,medium,warm,200,30.77,30.76,22.84,7.91,1
354,resnet,small,warm,200,155.87,155.86,148.37,7.49,1
355,resnet,small,warm,200,143.03,143.02,135.84,7.18,1
356,resnet,medium,warm,200,131.21,131.2,125.01,6.19,1
357,resnet,medium,warm,200,133.02,133.01,126.65,6.36,1
358,resnet,large,warm,200,143.4,143.39,136.05,7.34,1
359,mobilenet,large,warm,200,31.96,31.94,24.36,7.58,1
360,mobilenet,small,warm,200,24.68,24.65,17.83,6.82,1
361,mobilenet,large,warm,200,25.54,25.52,17.58,7.94,1
362,resnet,medium,warm,200,158.03,158.01,149.66,8.34,1
363,mobilenet,large,warm,200,32.67,32.66,23.15,9.51,1
364,resnet,large,warm,200,131.1,131.08,122.34,8.74,1
365,resnet,medium,warm,200,167.92,167.9,159.06,8.84,1
366,mobilenet,small,warm,200,32.1,32.08,23.24,8.84,1
367,resnet,small,warm,200,217.08,217.06,209.52,7.54,1
368,resnet,large,warm,200,141.51,141.49,133.54,7.95,1
369,mobilenet,medium,warm,200,37.01,37.0,27.22,9.78,1
370,resnet,medium,warm,200,140.43,140.42,133.9,6.52,1
371,resnet,medium,warm,200,146.75,146.74,139.81,6.93,1
372,resnet,medium,warm,200,142.12,142.11,134.99,7.12,1
373,resnet,medium,warm,200,156.63,156.62,149.94,6.68,1
374,resnet,medium,warm,200,139.53,139.51,132.58,6.93,1
375,mobilenet,small,warm,200,73.3,73.28,61.27,12.01,1
376,mobilenet,medium,warm,200,29.3,29.28,18.47,10.81,1
377,mobilenet,large,warm,200,25.31,25.3,17.74,7.55,1
378,mobilenet,small,warm,200,29.37,29.35,17.67,11.68,1
379,mobilenet,large,warm,200,24.38,24.37,17.56,6.81,1
380,resnet,medium,warm,200,156.9,156.89,150.16,6.73,1
381,resnet,small,warm,200,148.66,148.65,141.52,7.13,1
382,mobilenet,medium,warm,200,39.53,39.52,32.02,7.5,1
383,mobilenet,medium,warm,200,29.36,29.35,17.52,11.83,1
384,mobilenet,medium,warm,200,23.32,23.32,17.66,5.66,1
385,mobilenet,large,warm,200,24.51,24.51,17.83,6.68,1
386,mobilenet,medium,warm,200,26.67,26.65,18.14,8.51,1
387,mobilenet,small,warm,200,39.77,39.75,30.71,9.04,1
388,resnet,large,warm,200,150.65,150.64,143.76,6.89,1
389,mobilenet,large,warm,200,34.24,34.23,23.19,11.04,1
390,resnet,small,warm,200,142.18,142.17,134.98,7.19,1
391,mobilenet,large,warm,200,31.77,31.77,23.83,7.94,1
392,resnet,medium,warm,200,140.76,140.75,132.68,8.07,1
393,resnet,medium,warm,200,178.14,178.13,169.85,8.28,1
394,resnet,small,warm,200,138.14,138.13,131.08,7.05,1
395,mobilenet,medium,warm,200,25.06,25.05,17.98,7.06,1
396,resnet,small,warm,200,128.75,128.75,122.72,6.03,1
397,mobilenet,medium,warm,200,23.64,23.63,17.8,5.83,1
398,resnet,small,warm,200,142.59,142.58,135.7,6.88,1
399,mobilenet,small,warm,200,29.36,29.36,22.95,6.41,1
400,mobilenet,large,warm,200,30.82,30.82,23.09,7.72,1
401,resnet,small,warm,200,154.2,154.2,148.51,5.69,1
402,mobilenet,small,warm,200,30.54,30.53,23.24,7.29,1
403,resnet,large,warm,200,135.48,135.47,127.89,7.58,1
404,mobilenet,large,warm,200,34.32,34.3,26.13,8.17,1
405,resnet,medium,warm,200,142.21,142.19,133.95,8.25,1
406,resnet,medium,warm,200,148.47,148.45,140.26,8.2,1
407,resnet,medium,warm,200,159.15,159.14,150.92,8.22,1
408,mobilenet,large,warm,200,29.21,29.19,17.69,11.5,1
409,mobilenet,small,warm,200,24.74,24.72,17.75,6.97,1
410,mobilenet,medium,warm,200,31.74,31.72,22.94,8.79,1
411,mobilenet,small,warm,200,31.29,31.27,22.85,8.42,1
412,mobilenet,small,warm,200,32.12,32.11,23.58,8.53,1
413,mobilenet,small,warm,200,33.13,33.11,22.71,10.41,1
414,mobilenet,medium,warm,200,31.41,31.4,22.81,8.58,1
415,resnet,large,warm,200,145.59,145.55,137.78,7.77,1
416,resnet,medium,warm,200,132.36,132.33,124.81,7.52,1
417,mobilenet,small,warm,200,28.57,28.56,19.74,8.81,1
418,resnet,large,warm,200,133.06,133.04,125.42,7.62,1
419,resnet,large,warm,200,152.32,152.3,144.77,7.52,1
420,resnet,small,warm,200,130.99,130.98,122.95,8.03,1
421,mobilenet,medium,warm,200,35.34,35.33,27.26,8.07,1
422,mobilenet,medium,warm,200,31.27,31.26,23.16,8.09,1
423,mobilenet,large,warm,200,31.57,31.55,22.7,8.86,1
424,mobilenet,large,warm,200,30.27,30.26,22.83,7.42,1
425,mobilenet,medium,warm,200,33.14,33.12,23.35,9.76,1
426,mobilenet,small,warm,200,30.78,30.75,22.96,7.8,1
427,mobilenet,small,warm,200,41.68,41.66,27.45,14.21,1
428,resnet,large,warm,200,130.94,130.92,123.04,7.88,1
429,resnet,medium,warm,200,132.11,132.1,125.13,6.97,1
430,mobilenet,medium,warm,200,29.45,29.44,23.0,6.44,1
431,resnet,large,warm,200,157.12,157.11,149.76,7.35,1
432,resnet,medium,warm,200,354.6,354.6,136.07,218.53,1
433,resnet,medium,warm,200,153.98,153.97,145.46,8.52,1
434,mobilenet,large,warm,200,29.98,29.97,22.68,7.3,1
435,mobilenet,medium,warm,200,30.66,30.66,23.07,7.59,1
436,resnet,large,warm,200,134.01,134.0,126.24,7.76,1
437,resnet,small,warm,200,141.51,141.49,133.76,7.73,1
438,mobilenet,small,warm,200,31.28,31.27,23.34,7.93,1
439,mobilenet,large,warm,200,25.51,25.49,17.8,7.7,1
440,resnet,large,warm,200,132.65,132.63,124.17,8.46,1
441,mobilenet,small,warm,200,23.99,23.98,17.39,6.59,1
442,resnet,large,warm,200,168.05,168.03,160.59,7.44,1
443,resnet,medium,warm,200,132.78,132.76,125.57,7.19,1
444,mobilenet,large,warm,200,31.02,31.0,22.97,8.03,1
445,resnet,large,warm,200,132.97,132.96,125.69,7.27,1
446,resnet,small,warm,200,141.82,141.8,134.94,6.86,1
447,resnet,medium,warm,200,212.7,212.68,204.66,8.02,1
448,resnet,medium,warm,200,261.2,261.19,253.4,7.79,1
449,resnet,large,warm,200,151.23,151.22,144.47,6.75,1
450,mobilenet,small,warm,200,34.01,34.01,24.94,9.06,1
451,resnet,medium,warm,200,133.51,133.51,126.86,6.65,1
452,resnet,medium,warm,200,147.6,147.59,140.54,7.05,1
453,resnet,large,warm,200,157.14,157.13,149.94,7.2,1
454,mobilenet,medium,warm,200,23.12,23.12,17.74,5.38,1
455,mobilenet,medium,warm,200,28.97,28.95,22.25,6.7,1
456,resnet,medium,warm,200,130.72,130.71,123.06,7.64,1
457,mobilenet,medium,warm,200,30.82,30.81,23.04,7.77,1
458,mobilenet,large,warm,200,41.08,41.06,28.71,12.35,1
459,resnet,medium,warm,200,158.11,158.09,150.69,7.39,1
460,mobilenet,small,warm,200,37.52,37.5,29.91,7.59,1
461,resnet,large,warm,200,147.48,147.46,139.81,7.65,1
462,resnet,large,warm,200,144.32,144.3,137.1,7.21,1
463,resnet,small,warm,200,146.84,146.82,139.37,7.45,1
464,mobilenet,medium,warm,200,24.91,24.89,17.58,7.3,1
465,mobilenet,medium,warm,200,24.92,24.9,17.61,7.29,1
466,resnet,large,warm,200,158.01,157.99,150.31,7.69,1
467,resnet,small,warm,200,143.35,143.33,135.27,8.06,1
468,mobilenet,large,warm,200,31.85,31.83,23.44,8.39,1
469,mobilenet,large,warm,200,32.01,31.99,23.06,8.94,1
470,mobilenet,medium,warm,200,30.3,30.29,22.99,7.3,1
471,mobilenet,large,warm,200,31.62,31.61,22.95,8.66,1
472,resnet,small,warm,200,151.29,151.28,141.44,9.84,1
473,mobilenet,small,warm,200,36.53,36.51,25.76,10.75,1
474,resnet,small,warm,200,129.23,129.21,122.69,6.52,1
475,mobilenet,medium,warm,200,26.05,26.03,18.21,7.82,1
476,resnet,large,warm,200,131.03,131.01,122.37,8.64,1
477,resnet,medium,warm,200,165.0,164.98,157.14,7.84,1
478,resnet,medium,warm,200,152.42,152.4,144.44,7.95,1
479,mobilenet,medium,warm,200,31.04,31.02,23.27,7.75,1
480,mobilenet,medium,warm,200,32.27,32.24,22.79,9.45,1
481,mobilenet,large,warm,200,31.02,31.0,22.81,8.19,1
482,mobilenet,small,warm,200,31.94,31.92,22.93,8.99,1
483,resnet,medium,warm,200,145.43,145.41,137.47,7.94,1
484,resnet,large,warm,200,142.81,142.79,135.07,7.72,1
485,resnet,small,warm,200,144.88,144.82,138.48,6.34,1
486,resnet,large,warm,200,132.91,132.89,125.1,7.79,1
487,resnet,large,warm,200,142.25,142.24,135.82,6.41,1
488,resnet,small,warm,200,159.78,159.77,152.08,7.69,1
489,resnet,large,warm,200,137.59,137.57,131.26,6.31,1
490,resnet,medium,warm,200,142.09,142.08,133.45,8.62,1
491,resnet,large,warm,200,134.82,134.81,127.34,7.47,1
492,resnet,medium,warm,200,139.78,139.76,131.3,8.45,1
493,resnet,small,warm,200,218.73,218.71,208.19,10.52,1
494,mobilenet,large,warm,200,29.25,29.24,22.21,7.03,1
495,resnet,small,warm,200,137.72,137.71,130.02,7.69,1
496,resnet,small,warm,200,141.46,141.44,132.95,8.49,1
497,resnet,large,warm,200,133.09,133.07,125.74,7.33,1
498,resnet,large,warm,200,135.3,135.28,126.97,8.3,1
499,resnet,medium,warm,200,155.72,155.71,147.46,8.25,1
500,mobilenet,medium,warm,200,29.24,29.22,17.6,11.63,1
501,mobilenet,small,warm,200,27.94,27.92,17.68,10.25,1
502,resnet,small,warm,200,134.56,134.55,127.35,7.2,1
503,resnet,small,warm,200,153.2,153.17,146.32,6.86,1
504,resnet,small,warm,200,163.73,163.71,155.71,8.01,1
505,mobilenet,medium,warm,200,31.54,31.51,23.01,8.5,1
506,mobilenet,small,warm,200,31.96,31.94,23.5,8.44,1
507,resnet,medium,warm,200,132.85,132.83,124.89,7.94,1
508,resnet,large,warm,200,139.42,139.4,131.19,8.21,1
509,resnet,large,warm,200,145.74,145.72,138.23,7.49,1
510,mobilenet,medium,warm,200,25.72,25.69,18.0,7.69,1
511,resnet,medium,warm,200,160.57,160.55,153.02,7.53,1
512,resnet,large,warm,200,133.98,133.95,125.11,8.84,1
513,mobilenet,large,warm,200,33.09,33.08,23.74,9.34,1
514,mobilenet,small,warm,200,30.23,30.23,22.95,7.28,1
515,resnet,small,warm,200,145.9,145.89,137.39,8.5,1
516,mobilenet,medium,warm,200,30.95,30.93,23.12,7.82,1
517,mobilenet,large,warm,200,30.9,30.88,23.19,7.69,1
518,mobilenet,medium,warm,200,31.84,31.81,22.9,8.91,1
519,mobilenet,large,warm,200,32.65,32.62,23.64,8.98,1
520,resnet,small,warm,200,140.36,140.33,132.7,7.64,1
521,mobilenet,medium,warm,200,26.65,26.6,17.61,8.99,1
522,mobilenet,medium,warm,200,25.56,25.54,18.11,7.43,1
523,resnet,medium,warm,200,162.35,162.33,154.78,7.55,1
524,resnet,small,warm,200,132.87,132.85,124.73,8.12,1
525,mobilenet,large,warm,200,30.62,30.6,22.9,7.7,1
526,resnet,large,warm,200,133.57,133.55,125.23,8.33,1
527,mobilenet,small,warm,200,31.41,31.39,23.3,8.09,1
528,mobilenet,small,warm,200,31.57,31.56,23.17,8.4,1
529,resnet,large,warm,200,164.11,164.1,156.97,7.13,1
530,mobilenet,medium,warm,200,33.63,33.62,23.72,9.9,1
531,mobilenet,small,warm,200,25.08,25.06,17.81,7.25,1
532,resnet,large,warm,200,137.04,137.02,129.68,7.34,1
533,resnet,medium,warm,200,142.89,142.87,135.17,7.7,1
534,resnet,large,warm,200,156.02,156.0,148.76,7.24,1
535,mobilenet,medium,warm,200,28.94,28.92,17.83,11.09,1
536,resnet,large,warm,200,134.88,134.82,126.8,8.02,1
537,mobilenet,small,warm,200,30.93,30.91,23.14,7.77,1
538,resnet,medium,warm,200,141.44,141.42,132.89,8.54,1
539,resnet,large,warm,200,135.21,135.19,127.86,7.33,1
540,resnet,large,warm,200,167.69,167.68,158.56,9.12,1
541,resnet,medium,warm,200,136.5,136.48,128.7,7.78,1
542,resnet,small,warm,200,130.27,130.27,123.86,6.41,1
543,resnet,medium,warm,200,133.02,133.02,127.15,5.86,1
544,mobilenet,small,warm,200,24.92,24.91,17.69,7.22,1
545,resnet,large,warm,200,159.81,159.8,152.6,7.2,1
546,resnet,large,warm,200,147.17,147.17,140.69,6.48,1
547,resnet,large,warm,200,148.26,148.25,141.12,7.13,1
548,resnet,small,warm,200,140.98,140.97,134.1,6.87,1
549,resnet,medium,warm,200,134.61,134.59,127.39,7.2,1
550,mobilenet,large,warm,200,31.58,31.57,23.17,8.4,1
551,mobilenet,large,warm,200,31.41,31.4,23.65,7.75,1
552,resnet,medium,warm,200,260.82,260.82,252.95,7.86,1
553,mobilenet,large,warm,200,29.46,29.44,22.9,6.53,1
554,resnet,small,warm,200,143.09,143.08,136.78,6.3,1
555,mobilenet,large,warm,200,31.4,31.4,22.24,9.16,1
556,resnet,large,warm,200,133.63,133.62,126.03,7.6,1
557,mobilenet,large,warm,200,24.79,24.78,17.99,6.79,1
558,mobilenet,large,warm,200,24.96,24.95,18.0,6.95,1
559,mobilenet,medium,warm,200,32.85,32.84,23.25,9.6,1
560,resnet,small,warm,200,157.78,157.76,149.49,8.28,1
561,resnet,large,warm,200,148.86,148.84,141.56,7.28,1
562,mobilenet,small,warm,200,30.12,30.1,23.0,7.1,1
563,resnet,medium,warm,200,145.43,145.42,139.15,6.26,1
564,resnet,small,warm,200,142.57,142.54,135.06,7.48,1
565,mobilenet,small,warm,200,30.57,30.56,22.81,7.75,1
566,resnet,large,warm,200,158.02,158.01,151.01,7.0,1
567,resnet,small,warm,200,132.67,132.66,127.15,5.51,1
568,resnet,medium,warm,200,139.39,139.39,132.55,6.83,1
569,resnet,large,warm,200,148.58,148.57,143.19,5.38,1
570,resnet,small,warm,200,135.29,135.29,128.69,6.59,1
571,resnet,small,warm,200,135.92,135.9,128.17,7.73,1
572,mobilenet,small,warm,200,32.62,32.61,22.82,9.79,1
573,resnet,large,warm,200,162.6,162.58,154.98,7.59,1
574,resnet,small,warm,200,238.22,238.21,228.86,9.35,1
575,resnet,small,warm,200,207.32,207.31,198.22,9.09,1
576,resnet,large,warm,200,130.55,130.54,122.72,7.82,1
577,mobilenet,medium,warm,200,31.05,31.04,23.13,7.91,1
578,resnet,large,warm,200,141.61,141.61,134.96,6.65,1
579,resnet,large,warm,200,137.03,137.03,131.03,6.0,1
580,resnet,large,warm,200,155.42,155.41,149.02,6.39,1
581,resnet,small,warm,200,140.88,140.88,133.56,7.31,1
582,mobilenet,medium,warm,200,23.87,23.87,17.82,6.04,1
583,mobilenet,large,warm,200,32.13,32.11,23.89,8.23,1
584,resnet,large,warm,200,161.42,161.41,154.66,6.74,1
585,mobilenet,large,warm,200,31.92,31.9,23.0,8.9,1
586,mobilenet,large,warm,200,32.96,32.95,23.12,9.83,1
587,resnet,large,warm,200,133.06,133.04,125.66,7.39,1
588,resnet,large,warm,200,140.67,140.66,133.69,6.98,1
589,resnet,small,warm,200,141.67,141.66,135.85,5.81,1
590,mobilenet,small,warm,200,77.61,77.6,67.5,10.1,1
591,mobilenet,medium,warm,200,24.41,24.41,17.94,6.46,1
592,resnet,small,warm,200,156.71,156.7,148.61,8.09,1
593,mobilenet,small,warm,200,24.85,24.84,18.0,6.85,1
594,mobilenet,medium,warm,200,32.77,32.75,23.47,9.28,1
595,resnet,medium,warm,200,135.36,135.35,127.59,7.76,1
596,resnet,large,warm,200,137.76,137.74,130.21,7.53,1
597,mobilenet,medium,warm,200,38.41,38.4,30.17,8.22,1
598,mobilenet,medium,warm,200,31.51,31.49,23.06,8.42,1
599,resnet,medium,warm,200,147.12,147.1,139.92,7.18,1
600,mobilenet,large,warm,200,31.16,31.13,22.88,8.26,1
601,resnet,small,warm,200,149.06,149.04,141.77,7.27,1
602,resnet,medium,warm,200,143.07,143.06,135.02,8.04,1
603,mobilenet,medium,warm,200,35.82,35.8,24.56,11.24,1
604,mobilenet,large,warm,200,25.3,25.28,17.67,7.61,1
605,resnet,large,warm,200,164.17,164.15,155.22,8.93,1
606,resnet,small,warm,200,135.12,135.1,126.28,8.82,1
607,resnet,medium,warm,200,135.61,135.6,127.59,8.01,1
608,mobilenet,small,warm,200,32.03,32.01,23.04,8.97,1
609,resnet,small,warm,200,139.34,139.33,132.54,6.79,1
610,mobilenet,large,warm,200,33.38,33.37,23.0,10.37,1
611,mobilenet,small,warm,200,33.57,33.54,23.24,10.3,1
612,resnet,small,warm,200,162.71,162.69,154.44,8.24,1
613,mobilenet,large,warm,200,25.77,25.75,18.06,7.69,1
614,mobilenet,small,warm,200,24.61,24.6,17.96,6.64,1
615,mobilenet,large,warm,200,26.4,26.38,18.17,8.21,1
616,mobilenet,small,warm,200,24.2,24.18,17.62,6.57,1
617,resnet,small,warm,200,145.87,145.85,137.91,7.95,1
618,mobilenet,medium,warm,200,36.97,36.96,24.5,12.46,1
619,mobilenet,small,warm,200,30.7,30.69,22.9,7.79,1
620,resnet,small,warm,200,188.18,188.17,179.72,8.46,1
621,mobilenet,large,warm,200,29.5,29.49,22.62,6.88,1
622,mobilenet,small,warm,200,29.39,29.38,22.73,6.65,1
623,mobilenet,medium,warm,200,37.16,37.16,28.01,9.15,1
624,mobilenet,large,warm,200,28.85,28.84,22.05,6.79,1
625,resnet,small,warm,200,164.2,164.19,157.63,6.56,1
626,mobilenet,medium,warm,200,26.09,26.07,17.56,8.51,1
627,mobilenet,small,warm,200,25.43,25.42,17.76,7.65,1
628,resnet,large,warm,200,132.97,132.96,125.25,7.71,1
629,mobilenet,large,warm,200,31.07,31.06,23.01,8.05,1
630,mobilenet,medium,warm,200,29.57,29.56,22.69,6.86,1
631,resnet,medium,warm,200,163.39,163.37,155.68,7.69,1
632,mobilenet,medium,warm,200,30.17,30.16,22.78,7.38,1
633,mobilenet,large,warm,200,31.22,31.2,22.93,8.28,1
634,mobilenet,large,warm,200,30.09,30.08,23.28,6.8,1
635,resnet,medium,warm,200,133.42,133.41,126.22,7.19,1
636,mobilenet,small,warm,200,25.95,25.93,17.73,8.2,1
637,resnet,medium,warm,200,165.8,165.78,157.41,8.37,1
638,resnet,large,warm,200,157.19,157.17,149.23,7.95,1
639,mobilenet,medium,warm,200,29.0,28.99,17.58,11.41,1
640,resnet,small,warm,200,139.92,139.89,133.06,6.83,1
641,mobilenet,medium,warm,200,37.04,37.02,26.4,10.63,1
642,mobilenet,small,warm,200,30.52,30.51,23.49,7.01,1
643,mobilenet,medium,warm,200,30.77,30.76,22.81,7.94,1
644,resnet,medium,warm,200,162.06,162.04,153.69,8.36,1
645,resnet,medium,warm,200,273.87,273.86,264.99,8.87,1
646,resnet,small,warm,200,147.3,147.28,139.23,8.05,1
647,mobilenet,large,warm,200,31.57,31.55,22.88,8.67,1
648,mobilenet,medium,warm,200,49.19,49.17,31.06,18.11,1
649,resnet,small,warm,200,131.14,131.12,123.84,7.28,1
650,resnet,medium,warm,200,150.48,150.46,142.02,8.45,1
651,resnet,medium,warm,200,145.46,145.44,137.54,7.9,1
652,resnet,large,warm,200,131.56,131.54,122.78,8.76,1
653,mobilenet,medium,warm,200,29.22,29.2,17.93,11.28,1
654,resnet,medium,warm,200,132.1,132.09,125.76,6.33,1
655,resnet,medium,warm,200,159.09,159.08,150.83,8.24,1
656,mobilenet,large,warm,200,31.84,31.83,23.03,8.79,1
657,resnet,small,warm,200,144.79,144.77,137.6,7.16,1
658,mobilenet,small,warm,200,30.09,30.08,22.98,7.09,1
659,mobilenet,medium,warm,200,41.58,41.57,32.72,8.85,1
660,mobilenet,large,warm,200,44.51,44.49,29.56,14.93,1
661,resnet,small,warm,200,162.42,162.42,154.53,7.89,1
662,mobilenet,large,warm,200,24.39,24.38,17.5,6.89,1
663,resnet,large,warm,200,132.8,132.77,125.21,7.56,1
664,mobilenet,medium,warm,200,25.26,25.25,18.08,7.17,1
665,resnet,large,warm,200,136.52,136.5,129.66,6.85,1
666,resnet,large,warm,200,155.76,155.75,149.16,6.59,1
667,mobilenet,medium,warm,200,33.69,33.68,25.07,8.62,1
668,resnet,medium,warm,200,249.96,249.95,242.98,6.98,1
669,mobilenet,large,warm,200,32.91,32.91,22.94,9.97,1
670,mobilenet,small,warm,200,37.35,37.35,27.47,9.88,1
671,resnet,small,warm,200,143.85,143.84,137.0,6.84,1
672,mobilenet,medium,warm,200,24.81,24.79,17.64,7.15,1
673,resnet,small,warm,200,180.25,180.23,172.13,8.11,1
674,resnet,large,warm,200,143.29,143.28,136.5,6.78,1
675,mobilenet,medium,warm,200,25.93,25.91,17.68,8.23,1
676,mobilenet,large,warm,200,33.02,33.0,23.17,9.83,1
677,resnet,small,warm,200,140.32,140.3,132.23,8.06,1
678,mobilenet,medium,warm,200,36.68,36.67,24.29,12.39,1
679,resnet,medium,warm,200,147.83,147.81,139.79,8.02,1
680,resnet,small,warm,200,132.89,132.86,124.58,8.28,1
681,mobilenet,small,warm,200,31.56,31.54,23.71,7.83,1
682,resnet,small,warm,200,130.28,130.27,122.83,7.44,1
683,mobilenet,large,warm,200,29.19,29.17,21.33,7.84,1
684,mobilenet,small,warm,200,23.36,23.35,17.74,5.61,1
685,mobilenet,medium,warm,200,24.04,24.04,17.62,6.41,1
686,resnet,medium,warm,200,162.37,162.36,156.44,5.93,1
687,resnet,small,warm,200,141.31,141.31,135.16,6.15,1
688,resnet,medium,warm,200,130.93,130.92,123.93,6.99,1
689,resnet,large,warm,200,143.85,143.85,137.78,6.07,1
690,mobilenet,small,warm,200,33.37,33.36,22.92,10.44,1
691,mobilenet,small,warm,200,30.14,30.13,23.29,6.85,1
692,mobilenet,large,warm,200,30.55,30.55,23.72,6.83,1
693,mobilenet,medium,warm,200,38.27,38.25,30.35,7.9,1
694,resnet,large,warm,200,157.12,157.11,151.53,5.58,1
695,resnet,medium,warm,200,148.57,148.55,141.15,7.4,1
696,resnet,medium,warm,200,130.64,130.62,123.12,7.5,1
697,resnet,small,warm,200,169.61,169.6,162.06,7.54,1
698,mobilenet,medium,warm,200,72.8,72.79,66.33,6.46,1
699,resnet,small,warm,200,144.74,144.73,136.61,8.11,1
700,resnet,large,warm,200,142.93,142.9,135.2,7.7,1
701,resnet,large,warm,200,135.51,135.5,128.04,7.46,1
702,resnet,small,warm,200,146.73,146.72,138.89,7.83,1
703,mobilenet,medium,warm,200,29.53,29.51,22.3,7.21,1
704,mobilenet,small,warm,200,40.19,40.17,32.34,7.83,1
705,mobilenet,medium,warm,200,25.42,25.41,18.07,7.34,1
706,mobilenet,small,warm,200,81.04,81.03,70.89,10.14,1
707,resnet,medium,warm,200,141.71,141.71,134.05,7.65,1
708,resnet,small,warm,200,155.48,155.46,147.35,8.11,1
709,mobilenet,medium,warm,200,33.14,33.12,25.36,7.76,1
710,resnet,small,warm,200,131.57,131.56,124.99,6.58,1
711,mobilenet,medium,warm,200,30.14,30.13,22.79,7.34,1
712,mobilenet,large,warm,200,45.28,45.26,37.71,7.55,1
713,resnet,small,warm,200,243.07,243.06,235.97,7.08,1
714,resnet,large,warm,200,263.88,263.86,257.11,6.75,1
715,mobilenet,medium,warm,200,24.31,24.31,17.68,6.62,1
716,mobilenet,medium,warm,200,36.39,36.39,28.26,8.13,1
717,mobilenet,medium,warm,200,23.46,23.45,17.82,5.63,1
718,resnet,large,warm,200,133.55,133.53,124.92,8.61,1
719,resnet,large,warm,200,147.49,147.47,140.18,7.29,1
720,resnet,medium,warm,200,141.75,141.73,134.79,6.94,1
721,mobilenet,medium,warm,200,24.06,24.05,18.49,5.56,1
722,mobilenet,medium,warm,200,25.87,25.86,17.97,7.89,1
723,mobilenet,large,warm,200,30.41,30.39,22.83,7.56,1
724,resnet,large,warm,200,166.98,166.96,159.71,7.25,1
725,resnet,small,warm,200,143.84,143.82,136.48,7.34,1
726,resnet,small,warm,200,144.22,144.2,136.05,8.15,1
727,mobilenet,medium,warm,200,31.62,31.61,22.93,8.68,1
728,resnet,large,warm,200,130.6,130.57,122.59,7.98,1
729,mobilenet,medium,warm,200,57.18,57.16,47.25,9.91,1
730,resnet,large,warm,200,155.59,155.54,146.84,8.69,1
731,resnet,small,warm,200,134.69,134.69,127.28,7.41,1
732,resnet,small,warm,200,140.29,140.28,132.88,7.4,1
733,mobilenet,large,warm,200,33.22,33.2,22.88,10.32,1
734,mobilenet,large,warm,200,30.49,30.48,22.85,7.63,1
735,mobilenet,medium,warm,200,32.71,32.71,22.93,9.77,1
736,resnet,large,warm,200,221.56,221.53,213.31,8.22,1
737,mobilenet,small,warm,200,30.98,30.95,23.05,7.9,1
738,mobilenet,small,warm,200,31.13,31.12,23.29,7.83,1
739,resnet,small,warm,200,151.33,151.31,136.14,15.17,1
740,mobilenet,large,warm,200,24.94,24.93,18.71,6.22,1
741,mobilenet,large,warm,200,34.11,34.09,26.77,7.32,1
742,mobilenet,small,warm,200,24.54,24.53,17.66,6.87,1
743,resnet,medium,warm,200,164.18,164.17,157.24,6.93,1
744,resnet,large,warm,200,128.86,128.85,122.7,6.15,1
745,resnet,large,warm,200,150.4,150.38,142.48,7.9,1
746,resnet,small,warm,200,129.45,129.44,122.22,7.23,1
747,resnet,small,warm,200,141.04,141.03,134.12,6.9,1
748,resnet,medium,warm,200,144.05,144.03,134.91,9.13,1
749,resnet,medium,warm,200,170.52,170.52,163.33,7.19,1
750,mobilenet,medium,warm,200,30.71,30.71,23.24,7.47,1
751,mobilenet,medium,warm,200,26.15,26.13,17.69,8.44,1
752,resnet,medium,warm,200,131.02,131.0,123.23,7.77,1
753,mobilenet,small,warm,200,35.29,35.28,24.4,10.88,1
754,resnet,medium,warm,200,143.39,143.38,135.8,7.58,1
755,mobilenet,large,warm,200,25.22,25.21,17.95,7.26,1
756,mobilenet,large,warm,200,31.76,31.74,23.27,8.47,1
757,resnet,medium,warm,200,157.08,157.08,150.35,6.73,1
758,mobilenet,medium,warm,200,33.21,33.2,23.62,9.59,1
759,mobilenet,medium,warm,200,29.54,29.54,22.29,7.25,1
760,resnet,large,warm,200,195.7,195.7,188.11,7.59,1
761,mobilenet,small,warm,200,30.43,30.42,22.96,7.46,1
762,resnet,small,warm,200,151.75,151.73,143.4,8.33,1
763,resnet,large,warm,200,132.69,132.68,124.34,8.35,1
764,mobilenet,large,warm,200,25.48,25.46,17.61,7.85,1
765,mobilenet,small,warm,200,26.47,26.45,17.8,8.65,1
766,mobilenet,large,warm,200,25.85,25.83,17.69,8.14,1
767,resnet,medium,warm,200,130.84,130.84,124.71,6.12,1
768,mobilenet,medium,warm,200,24.67,24.67,17.64,7.03,1
769,resnet,medium,warm,200,164.72,164.7,158.42,6.29,1
770,resnet,medium,warm,200,139.74,139.73,132.05,7.68,1
771,resnet,large,warm,200,134.37,134.35,126.59,7.76,1
772,mobilenet,large,warm,200,29.93,29.92,22.96,6.95,1
773,resnet,small,warm,200,163.57,163.55,155.49,8.06,1
774,resnet,small,warm,200,131.02,131.0,123.51,7.49,1
775,resnet,medium,warm,200,147.71,147.7,139.28,8.42,1
776,resnet,large,warm,200,129.77,129.75,122.95,6.8,1
777,mobilenet,medium,warm,200,26.35,26.33,17.92,8.41,1
778,mobilenet,large,warm,200,26.14,26.12,18.15,7.97,1
779,mobilenet,medium,warm,200,24.87,24.85,17.72,7.13,1
780,resnet,large,warm,200,154.41,154.39,146.07,8.32,1
781,resnet,small,warm,200,137.31,137.3,129.08,8.21,1
782,mobilenet,medium,warm,200,32.84,32.82,23.4,9.42,1
783,resnet,large,warm,200,204.05,204.04,195.99,8.05,1
784,resnet,small,warm,200,182.65,182.63,175.95,6.68,1
785,mobilenet,large,warm,200,30.18,30.17,22.76,7.41,1
786,resnet,large,warm,200,152.48,152.46,145.29,7.17,1
787,resnet,small,warm,200,142.16,142.14,134.04,8.09,1
788,resnet,medium,warm,200,131.52,131.5,124.85,6.65,1
789,mobilenet,small,warm,200,25.6,25.58,17.84,7.75,1
790,resnet,medium,warm,200,138.94,138.93,130.98,7.96,1
791,mobilenet,small,warm,200,26.13,26.1,17.57,8.53,1
792,mobilenet,small,warm,200,24.84,24.82,17.73,7.09,1
793,mobilenet,medium,warm,200,31.17,31.16,23.13,8.02,1
794,mobilenet,large,warm,200,31.03,31.01,22.88,8.14,1
795,mobilenet,large,warm,200,30.75,30.73,23.18,7.56,1
796,resnet,large,warm,200,207.35,207.33,196.88,10.45,1
797,mobilenet,large,warm,200,30.97,30.95,23.34,7.62,1
798,resnet,small,warm,200,146.14,146.11,138.02,8.1,1
799,mobilenet,small,warm,200,83.16,83.15,76.46,6.69,1
800,mobilenet,large,warm,200,24.66,24.66,17.99,6.66,1
801,resnet,small,warm,200,155.2,155.17,148.19,6.99,1
802,resnet,medium,warm,200,135.05,135.03,128.8,6.22,1
803,mobilenet,medium,warm,200,50.58,50.56,41.2,9.36,1
804,resnet,large,warm,200,131.95,131.93,123.86,8.06,1
805,resnet,small,warm,200,139.98,139.96,132.04,7.92,1
806,mobilenet,medium,warm,200,29.01,28.99,17.5,11.49,1
807,resnet,small,warm,200,158.03,158.01,150.34,7.67,1
808,resnet,large,warm,200,131.68,131.68,125.33,6.34,1
809,resnet,medium,warm,200,130.23,130.22,125.45,4.78,1
810,resnet,medium,warm,200,140.1,140.08,131.45,8.63,1
811,resnet,small,warm,200,143.52,143.5,134.82,8.68,1
812,mobilenet,large,warm,200,34.38,34.37,26.32,8.04,1
813,mobilenet,medium,warm,200,23.14,23.13,17.48,5.66,1
814,mobilenet,large,warm,200,23.5,23.5,17.66,5.84,1
815,resnet,medium,warm,200,166.72,166.71,159.64,7.07,1
816,mobilenet,large,warm,200,30.21,30.21,22.91,7.3,1
817,mobilenet,medium,warm,200,29.22,29.21,23.06,6.15,1
818,mobilenet,small,warm,200,30.98,30.97,23.68,7.29,1
819,resnet,medium,warm,200,287.24,287.22,279.37,7.85,1
820,mobilenet,medium,warm,200,33.19,33.19,25.63,7.56,1
821,mobilenet,small,warm,200,48.31,48.31,38.75,9.56,1
822,resnet,medium,warm,200,360.39,360.39,143.3,217.09,1
823,mobilenet,medium,warm,200,33.16,33.15,23.26,9.89,1
824,mobilenet,medium,warm,200,25.14,25.12,17.66,7.46,1
825,resnet,small,warm,200,136.74,136.74,129.69,7.04,1
826,resnet,small,warm,200,147.05,147.04,140.08,6.96,1
827,resnet,small,warm,200,143.88,143.87,137.66,6.21,1
828,mobilenet,medium,warm,200,29.87,29.86,23.46,6.4,1
829,mobilenet,large,warm,200,32.11,32.1,23.63,8.47,1
830,resnet,small,warm,200,165.41,165.4,157.6,7.81,1
831,mobilenet,small,warm,200,32.83,32.82,22.67,10.15,1
832,resnet,medium,warm,200,131.32,131.31,124.79,6.52,1
833,mobilenet,large,warm,200,24.76,24.75,17.93,6.82,1
834,resnet,medium,warm,200,139.12,139.11,132.52,6.6,1
835,mobilenet,small,warm,200,24.27,24.26,17.91,6.35,1
836,mobilenet,medium,warm,200,34.99,34.98,27.79,7.19,1
837,mobilenet,small,warm,200,22.58,22.58,17.8,4.78,1
838,resnet,small,warm,200,162.52,162.52,156.12,6.4,1
839,resnet,small,warm,200,136.78,136.77,130.82,5.95,1
840,resnet,small,warm,200,141.72,141.71,134.51,7.2,1
841,mobilenet,small,warm,200,32.95,32.94,23.62,9.32,1
842,resnet,large,warm,200,232.14,232.14,226.51,5.63,1
843,resnet,small,warm,200,131.3,131.29,125.27,6.02,1
844,mobilenet,medium,warm,200,29.42,29.42,22.59,6.83,1
845,mobilenet,large,warm,200,31.16,31.14,23.37,7.77,1
846,mobilenet,large,warm,200,25.36,25.34,17.6,7.74,1
847,mobilenet,medium,warm,200,24.68,24.67,17.57,7.11,1
848,resnet,small,warm,200,160.9,160.89,154.21,6.69,1
849,resnet,small,warm,200,138.97,138.97,131.94,7.03,1
850,resnet,small,warm,200,350.11,350.1,132.04,218.06,1
851,mobilenet,large,warm,200,29.84,29.83,23.04,6.79,1
852,resnet,small,warm,200,137.86,137.85,131.71,6.14,1
853,mobilenet,medium,warm,200,30.38,30.38,22.82,7.56,1
854,resnet,small,warm,200,134.76,134.75,126.61,8.14,1
855,resnet,medium,warm,200,136.78,136.77,130.15,6.62,1
856,resnet,large,warm,200,139.91,139.9,132.14,7.75,1
857,mobilenet,medium,warm,200,66.75,66.73,59.41,7.33,1
858,mobilenet,medium,warm,200,47.97,47.96,40.15,7.8,1
859,mobilenet,large,warm,200,23.88,23.87,18.39,5.48,1
860,mobilenet,large,warm,200,25.29,25.28,17.83,7.45,1
861,resnet,small,warm,200,155.3,155.28,148.83,6.45,1
862,mobilenet,medium,warm,200,31.09,31.08,22.94,8.14,1
863,resnet,large,warm,200,144.93,144.91,135.72,9.19,1
864,mobilenet,large,warm,200,31.68,31.66,22.85,8.81,1
865,resnet,large,warm,200,204.23,204.22,197.81,6.41,1
866,resnet,large,warm,200,151.66,151.65,143.83,7.81,1
867,mobilenet,small,warm,200,31.18,31.17,22.87,8.3,1
868,mobilenet,large,warm,200,25.06,25.04,17.92,7.12,1
869,resnet,small,warm,200,161.8,161.79,154.89,6.9,1
870,resnet,small,warm,200,142.44,142.44,134.53,7.91,1
871,mobilenet,small,warm,200,25.31,25.3,17.62,7.67,1
872,mobilenet,medium,warm,200,24.91,24.9,19.16,5.74,1
873,resnet,large,warm,200,139.64,139.57,130.86,8.71,1
874,resnet,large,warm,200,151.62,151.61,144.05,7.56,1
875,resnet,medium,warm,200,141.88,141.88,134.78,7.1,1
876,mobilenet,large,warm,200,31.16,31.14,22.79,8.36,1
877,mobilenet,medium,warm,200,30.97,30.95,22.94,8.0,1
878,resnet,small,warm,200,141.29,141.28,133.99,7.3,1
879,resnet,medium,warm,200,141.28,141.28,133.85,7.43,1
880,mobilenet,medium,warm,200,33.66,33.66,21.19,12.47,1
881,resnet,medium,warm,200,161.55,161.55,154.76,6.79,1
882,resnet,medium,warm,200,136.43,136.4,128.91,7.49,1
883,resnet,small,warm,200,148.09,148.07,140.07,8.0,1
884,resnet,large,warm,200,140.66,140.65,134.05,6.61,1
885,resnet,medium,warm,200,138.92,138.91,131.13,7.78,1
886,resnet,small,warm,200,133.23,133.22,125.5,7.72,1
887,resnet,small,warm,200,159.14,159.14,152.99,6.15,1
888,resnet,large,warm,200,164.26,164.23,156.5,7.74,1
889,mobilenet,large,warm,200,29.56,29.55,23.23,6.33,1
890,resnet,medium,warm,200,129.75,129.74,122.06,7.68,1
891,mobilenet,small,warm,200,31.6,31.59,25.72,5.87,1
892,resnet,large,warm,200,130.02,130.01,122.5,7.52,1
893,resnet,medium,warm,200,150.67,150.66,144.73,5.94,1
894,resnet,large,warm,200,140.27,140.27,134.03,6.23,1
895,resnet,small,warm,200,140.89,140.88,133.21,7.66,1
896,resnet,medium,warm,200,139.16,139.15,131.96,7.19,1
897,resnet,small,warm,200,144.34,144.33,127.66,16.67,1
898,resnet,large,warm,200,146.67,146.65,138.6,8.05,1
899,resnet,medium,warm,200,145.89,145.87,138.73,7.14,1
900,mobilenet,small,warm,200,60.43,60.42,53.1,7.32,1
901,resnet,medium,warm,200,138.48,138.48,131.82,6.66,1
902,mobilenet,small,warm,200,24.06,24.05,17.87,6.18,1
903,mobilenet,large,warm,200,58.59,58.59,47.68,10.9,1
904,resnet,small,warm,200,156.32,156.31,150.05,6.26,1
905,mobilenet,small,warm,200,23.95,23.94,18.28,5.67,1
906,mobilenet,large,warm,200,33.93,33.93,25.32,8.61,1
907,resnet,medium,warm,200,141.89,141.88,134.93,6.95,1
908,resnet,large,warm,200,131.59,131.58,123.76,7.82,1
909,mobilenet,large,warm,200,29.99,29.98,22.98,7.0,1
910,mobilenet,large,warm,200,30.36,30.35,23.73,6.62,1
911,resnet,medium,warm,200,190.33,190.33,183.27,7.06,1
912,resnet,medium,warm,200,144.31,144.31,136.99,7.32,1
913,mobilenet,large,warm,200,34.17,34.16,26.94,7.22,1
914,mobilenet,large,warm,200,41.25,41.24,30.25,10.99,1
915,resnet,medium,warm,200,133.32,133.32,125.74,7.58,1
916,resnet,large,warm,200,130.32,130.3,122.77,7.53,1
917,resnet,small,warm,200,155.43,155.42,148.93,6.49,1
918,mobilenet,small,warm,200,36.24,36.22,28.67,7.55,1
919,mobilenet,medium,warm,200,30.52,30.5,23.05,7.45,1
920,resnet,large,warm,200,140.88,140.86,132.32,8.54,1
921,mobilenet,medium,warm,200,33.09,33.07,23.29,9.78,1
922,resnet,large,warm,200,131.33,131.31,124.36,6.95,1
923,resnet,small,warm,200,260.43,260.42,248.24,12.18,1
924,resnet,large,warm,200,129.5,129.48,122.51,6.97,1
925,resnet,small,warm,200,134.42,134.4,126.09,8.31,1
926,mobilenet,small,warm,200,57.82,57.8,44.11,13.69,1
927,mobilenet,medium,warm,200,34.42,34.4,25.11,9.3,1
928,mobilenet,large,warm,200,26.8,26.79,17.59,9.19,1
929,resnet,small,warm,200,162.08,162.07,154.36,7.71,1
930,resnet,large,warm,200,140.68,140.67,132.86,7.81,1
931,resnet,large,warm,200,150.09,150.08,141.72,8.35,1
932,mobilenet,large,warm,200,31.21,31.19,23.28,7.92,1
933,resnet,medium,warm,200,138.31,138.29,130.22,8.07,1
934,mobilenet,large,warm,200,30.92,30.9,23.04,7.86,1
935,mobilenet,medium,warm,200,30.09,30.08,22.89,7.19,1
936,mobilenet,small,warm,200,30.94,30.93,22.67,8.26,1
937,mobilenet,small,warm,200,25.08,25.07,17.6,7.47,1
938,mobilenet,medium,warm,200,24.51,24.5,17.55,6.95,1
939,mobilenet,medium,warm,200,24.99,24.98,17.86,7.12,1
940,resnet,medium,warm,200,160.22,160.2,153.28,6.92,1
941,mobilenet,large,warm,200,28.83,28.81,17.68,11.13,1
942,mobilenet,small,warm,200,33.17,33.15,23.2,9.95,1
943,resnet,medium,warm,200,144.0,143.98,135.11,8.87,1
944,resnet,large,warm,200,131.18,131.15,122.98,8.17,1
945,resnet,medium,warm,200,216.63,216.62,208.01,8.6,1
946,mobilenet,small,warm,200,33.11,33.1,23.07,10.02,1
947,resnet,large,warm,200,141.13,141.11,133.1,8.01,1
948,mobilenet,medium,warm,200,46.24,46.22,37.54,8.69,1
949,resnet,large,warm,200,139.01,138.99,132.43,6.56,1
950,resnet,small,warm,200,139.09,139.07,131.06,8.01,1
951,mobilenet,small,warm,200,23.87,23.86,17.88,5.98,1
952,resnet,large,warm,200,155.02,155.0,147.77,7.22,1
953,mobilenet,small,warm,200,24.82,24.81,17.65,7.15,1
954,mobilenet,medium,warm,200,31.99,31.96,24.0,7.96,1
955,mobilenet,small,warm,200,33.21,33.19,23.28,9.91,1
956,resnet,large,warm,200,143.29,143.27,135.13,8.14,1
957,mobilenet,medium,warm,200,31.65,31.63,23.94,7.69,1
958,resnet,small,warm,200,147.43,147.41,141.12,6.29,1
959,resnet,small,warm,200,132.19,132.17,125.59,6.59,1
960,resnet,small,warm,200,132.18,132.16,124.74,7.42,1
961,resnet,large,warm,200,139.77,139.77,133.18,6.59,1
962,mobilenet,large,warm,200,23.52,23.51,17.84,5.67,1
963,mobilenet,large,warm,200,24.85,24.84,17.83,7.02,1
964,mobilenet,small,warm,200,23.62,23.62,17.7,5.91,1
965,resnet,large,warm,200,156.38,156.37,149.59,6.78,1
966,mobilenet,small,warm,200,32.09,32.08,25.0,7.09,1
967,mobilenet,small,warm,200,30.15,30.14,23.46,6.68,1
968,resnet,large,warm,200,211.84,211.84,203.78,8.06,1
969,mobilenet,large,warm,200,36.83,36.82,28.27,8.55,1
970,resnet,large,warm,200,142.04,142.02,133.2,8.83,1
971,mobilenet,medium,warm,200,62.2,62.19,51.94,10.24,1
972,resnet,large,warm,200,140.55,140.52,132.97,7.55,1
973,resnet,medium,warm,200,138.68,138.66,129.92,8.74,1
974,mobilenet,large,warm,200,32.88,32.87,25.56,7.31,1
975,resnet,medium,warm,200,141.03,141.02,133.4,7.61,1
976,resnet,small,warm,200,166.47,166.45,158.68,7.77,1
977,mobilenet,small,warm,200,31.11,31.09,22.72,8.37,1
978,resnet,medium,warm,200,131.41,131.4,123.11,8.29,1
979,resnet,medium,warm,200,132.83,132.82,127.24,5.59,1
980,mobilenet,medium,warm,200,33.12,33.1,23.25,9.86,1
981,mobilenet,medium,warm,200,32.09,32.07,23.34,8.73,1
982,resnet,large,warm,200,162.12,162.11,154.52,7.59,1
983,resnet,medium,warm,200,146.37,146.36,138.53,7.83,1
984,mobilenet,medium,warm,200,23.76,23.75,17.67,6.09,1
985,mobilenet,medium,warm,200,26.22,26.2,17.8,8.4,1
986,mobilenet,medium,warm,200,24.01,24.0,17.54,6.46,1
987,mobilenet,medium,warm,200,25.76,25.74,17.75,8.0,1
988,resnet,small,warm,200,162.53,162.51,154.62,7.89,1
989,mobilenet,small,warm,200,40.21,40.19,32.68,7.51,1
990,mobilenet,medium,warm,200,32.37,32.35,22.95,9.41,1
991,resnet,large,warm,200,140.96,140.95,132.8,8.15,1
992,resnet,small,warm,200,151.91,151.88,144.59,7.3,1
993,mobilenet,medium,warm,200,31.43,31.42,23.14,8.28,1
994,resnet,small,warm,200,177.12,177.1,167.2,9.9,1
995,mobilenet,medium,warm,200,26.5,26.48,18.38,8.1,1
996,resnet,medium,warm,200,133.13,133.11,125.79,7.32,1
997,resnet,medium,warm,200,132.6,132.55,124.35,8.2,1
998,mobilenet,small,warm,200,25.41,25.38,17.74,7.64,1
999,resnet,large,warm,200,156.16,156.15,147.9,8.25,1
1000,resnet,small,warm,200,132.02,132.0,123.38,8.62,1
1001,mobilenet,large,warm,200,33.21,33.2,23.35,9.85,1
1002,resnet,small,warm,200,131.67,131.65,123.66,7.98,1
1003,mobilenet,medium,warm,200,30.46,30.45,23.58,6.87,1
1004,resnet,large,warm,200,159.68,159.62,151.62,8.0,1
1005,resnet,medium,warm,200,350.48,350.46,131.61,218.84,1
1006,mobilenet,small,warm,200,32.63,32.61,23.1,9.5,1
1007,resnet,small,warm,200,158.35,158.33,150.31,8.02,1
1008,resnet,large,warm,200,154.11,154.1,145.56,8.54,1
1009,resnet,medium,warm,200,139.99,139.98,133.26,6.72,1
1010,resnet,small,warm,200,151.23,151.2,142.61,8.59,1
1011,resnet,small,warm,200,132.38,132.36,125.03,7.34,1
1012,mobilenet,medium,warm,200,41.07,41.06,32.63,8.42,1
1013,resnet,small,warm,200,132.86,132.85,124.71,8.13,1
1014,resnet,large,warm,200,143.3,143.29,135.64,7.65,1
1015,resnet,large,warm,200,161.42,161.41,154.8,6.6,1
1016,resnet,large,warm,200,327.94,327.92,318.5,9.42,1
1017,mobilenet,small,warm,200,30.67,30.65,23.13,7.53,1
1018,mobilenet,medium,warm,200,56.33,56.31,48.46,7.85,1
1019,resnet,medium,warm,200,139.22,139.2,131.01,8.2,1
1020,resnet,small,warm,200,134.01,133.99,125.15,8.84,1
1021,mobilenet,large,warm,200,34.08,34.05,26.25,7.79,1
1022,resnet,large,warm,200,159.24,159.23,151.41,7.82,1
1023,mobilenet,small,warm,200,31.31,31.29,22.76,8.52,1
1024,mobilenet,small,warm,200,29.0,28.99,22.54,6.45,1
1025,resnet,medium,warm,200,143.38,143.36,135.44,7.93,1
1026,resnet,small,warm,200,130.82,130.8,123.29,7.51,1
1027,mobilenet,medium,warm,200,31.19,31.17,22.94,8.24,1
1028,resnet,small,warm,200,139.65,139.63,131.7,7.93,1
1029,resnet,large,warm,200,139.38,139.36,132.27,7.1,1
1030,resnet,large,warm,200,131.14,131.12,122.89,8.23,1
1031,resnet,large,warm,200,133.55,133.54,125.76,7.78,1
1032,resnet,large,warm,200,135.84,135.82,123.46,12.36,1
1033,resnet,medium,warm,200,165.93,165.91,157.4,8.51,1
1034,mobilenet,medium,warm,200,32.63,32.61,24.69,7.92,1
1035,resnet,large,warm,200,145.61,145.59,137.65,7.94,1
1036,mobilenet,medium,warm,200,30.96,30.95,22.96,7.98,1
1037,resnet,large,warm,200,140.44,140.43,132.09,8.34,1
1038,mobilenet,large,warm,200,32.0,31.98,23.18,8.8,1
1039,resnet,medium,warm,200,295.7,295.69,289.03,6.66,1
1040,mobilenet,large,warm,200,31.91,31.9,23.09,8.82,1
1041,mobilenet,large,warm,200,35.2,35.18,24.7,10.49,1
1042,resnet,small,warm,200,136.25,136.23,128.12,8.11,1
1043,resnet,small,warm,200,136.11,136.09,127.88,8.21,1
1044,mobilenet,small,warm,200,28.88,28.86,17.91,10.96,1
1045,mobilenet,small,warm,200,25.28,25.26,17.61,7.65,1
1046,mobilenet,medium,warm,200,30.19,30.17,22.35,7.82,1
1047,resnet,medium,warm,200,159.62,159.6,151.34,8.27,1
1048,mobilenet,medium,warm,200,32.94,32.93,22.64,10.29,1
1049,mobilenet,medium,warm,200,48.7,48.69,40.8,7.89,1
1050,resnet,large,warm,200,133.43,133.41,125.45,7.96,1
1051,mobilenet,large,warm,200,31.59,31.57,23.31,8.27,1
1052,mobilenet,large,warm,200,31.71,31.7,24.55,7.15,1
1053,mobilenet,large,warm,200,37.05,37.04,27.69,9.34,1
1054,resnet,large,warm,200,154.01,153.99,147.63,6.36,1
1055,resnet,large,warm,200,133.94,133.92,125.44,8.48,1
1056,resnet,medium,warm,200,130.2,130.18,122.17,8.01,1
1057,mobilenet,medium,warm,200,26.93,26.92,17.48,9.43,1
1058,resnet,large,warm,200,129.06,129.06,122.6,6.46,1
1059,resnet,large,warm,200,134.21,134.21,127.72,6.49,1
1060,resnet,large,warm,200,160.77,160.77,153.91,6.86,1
1061,resnet,small,warm,200,153.23,153.23,146.19,7.04,1
1062,mobilenet,medium,warm,200,33.05,33.04,23.41,9.63,1
1063,resnet,small,warm,200,140.57,140.57,133.37,7.2,1
1064,resnet,medium,warm,200,141.64,141.63,135.17,6.46,1
1065,mobilenet,large,warm,200,26.74,26.72,17.88,8.84,1
1066,resnet,medium,warm,200,157.52,157.5,150.38,7.12,1
1067,resnet,medium,warm,200,143.96,143.95,136.92,7.04,1
1068,resnet,medium,warm,200,130.97,130.97,124.69,6.27,1
1069,mobilenet,large,warm,200,24.75,24.73,18.91,5.82,1
1070,resnet,medium,warm,200,141.02,141.02,133.8,7.21,1
1071,resnet,small,warm,200,159.84,159.82,153.36,6.46,1
1072,resnet,small,warm,200,158.59,158.59,152.58,6.0,1
1073,resnet,large,warm,200,134.97,134.97,127.68,7.29,1
1074,mobilenet,medium,warm,200,33.04,33.04,22.96,10.08,1
1075,resnet,large,warm,200,176.62,176.62,169.28,7.33,1
1076,resnet,large,warm,200,134.23,134.23,122.73,11.49,1
1077,resnet,small,warm,200,131.34,131.33,124.86,6.47,1
1078,mobilenet,large,warm,200,50.16,50.15,33.96,16.19,1
1079,resnet,large,warm,200,155.81,155.8,148.92,6.89,1
1080,resnet,small,warm,200,132.28,132.27,125.05,7.22,1
1081,mobilenet,large,warm,200,22.66,22.65,17.53,5.12,1
1082,mobilenet,small,warm,200,30.46,30.45,22.86,7.59,1
1083,mobilenet,large,warm,200,31.03,31.02,22.81,8.21,1
1084,mobilenet,large,warm,200,32.96,32.95,23.1,9.85,1
1085,mobilenet,small,warm,200,30.43,30.42,23.12,7.31,1
1086,mobilenet,medium,warm,200,36.25,36.24,28.36,7.89,1
1087,resnet,large,warm,200,135.08,135.07,127.34,7.73,1
1088,resnet,small,warm,200,136.08,136.07,128.61,7.46,1
1089,mobilenet,small,warm,200,29.88,29.87,23.22,6.65,1
1090,mobilenet,medium,warm,200,29.45,29.43,21.8,7.63,1
1091,resnet,medium,warm,200,135.62,135.61,127.9,7.71,1
1092,mobilenet,medium,warm,200,26.13,26.11,18.51,7.61,1
1093,resnet,medium,warm,200,167.17,167.14,158.57,8.58,1
1094,mobilenet,small,warm,200,30.77,30.75,22.39,8.36,1
1095,mobilenet,large,warm,200,32.22,32.2,23.12,9.08,1
1096,mobilenet,small,warm,200,31.02,31.0,22.99,8.01,1
1097,resnet,small,warm,200,135.29,135.28,126.5,8.78,1
1098,mobilenet,medium,warm,200,32.56,32.54,23.12,9.42,1
1099,resnet,small,warm,200,159.83,159.81,151.13,8.67,1
1100,resnet,small,warm,200,133.89,133.88,125.69,8.19,1
1101,mobilenet,medium,warm,200,42.09,42.07,34.12,7.96,1
1102,mobilenet,medium,warm,200,25.95,25.94,17.77,8.16,1
1103,resnet,medium,warm,200,134.45,134.43,126.39,8.04,1
1104,resnet,small,warm,200,146.28,146.26,138.81,7.45,1
1105,resnet,medium,warm,200,141.3,141.28,133.28,8.0,1
1106,mobilenet,small,warm,200,33.14,33.13,22.7,10.44,1
1107,resnet,small,warm,200,143.1,143.08,135.64,7.44,1
1108,resnet,large,warm,200,234.06,234.04,226.23,7.82,1
1109,resnet,large,warm,200,142.16,142.15,135.3,6.84,1
1110,mobilenet,small,warm,200,31.24,31.23,22.88,8.35,1
1111,resnet,medium,warm,200,147.31,147.29,139.39,7.91,1
1112,mobilenet,small,warm,200,37.37,37.35,26.17,11.18,1
1113,resnet,medium,warm,200,145.95,145.93,137.7,8.23,1
1114,resnet,small,warm,200,146.03,146.01,138.5,7.51,1
1115,resnet,large,warm,200,159.07,159.05,150.39,8.65,1
1116,mobilenet,small,warm,200,25.36,25.34,17.66,7.68,1
1117,mobilenet,medium,warm,200,34.68,34.66,22.84,11.83,1
1118,resnet,small,warm,200,133.21,133.19,125.36,7.82,1
1119,mobilenet,medium,warm,200,30.61,30.59,22.87,7.72,1
1120,resnet,small,warm,200,134.4,134.37,126.61,7.76,1
1121,resnet,medium,warm,200,180.99,180.99,173.25,7.73,1
1122,resnet,medium,warm,200,138.29,138.28,130.6,7.67,1
1123,mobilenet,medium,warm,200,25.92,25.9,17.59,8.31,1
1124,resnet,large,warm,200,131.38,131.37,124.67,6.71,1
1125,mobilenet,small,warm,200,26.18,26.16,17.55,8.61,1
1126,mobilenet,medium,warm,200,25.23,25.22,17.76,7.46,1
1127,resnet,small,warm,200,166.29,166.28,158.25,8.03,1
1128,resnet,large,warm,200,143.98,143.97,136.4,7.57,1
1129,resnet,large,warm,200,159.32,159.31,151.91,7.39,1
1130,mobilenet,large,warm,200,31.46,31.44,23.52,7.91,1
1131,resnet,medium,warm,200,134.08,134.08,127.93,6.15,1
1132,mobilenet,small,warm,200,32.74,32.73,23.23,9.49,1
1133,mobilenet,medium,warm,200,30.17,30.16,23.15,7.01,1
1134,mobilenet,medium,warm,200,30.55,30.55,22.78,7.76,1
1135,resnet,medium,warm,200,143.61,143.61,137.56,6.04,1
1136,resnet,large,warm,200,140.09,140.09,133.86,6.23,1
1137,mobilenet,small,warm,200,25.15,25.13,17.64,7.5,1
1138,mobilenet,large,warm,200,25.54,25.52,17.64,7.88,1
1139,resnet,large,warm,200,152.41,152.39,144.84,7.55,1
1140,resnet,small,warm,200,140.29,140.26,132.16,8.1,1
1141,mobilenet,small,warm,200,33.19,33.17,24.26,8.9,1
1142,mobilenet,large,warm,200,32.22,32.2,23.09,9.11,1
1143,mobilenet,small,warm,200,44.99,44.97,36.88,8.08,1
1144,resnet,large,warm,200,268.29,268.28,259.43,8.84,1
1145,resnet,small,warm,200,136.29,136.27,128.39,7.88,1
1146,mobilenet,large,warm,200,29.24,29.22,18.82,10.4,1
1147,resnet,small,warm,200,134.34,134.32,126.87,7.45,1
1148,resnet,small,warm,200,132.02,132.0,124.36,7.64,1
1149,resnet,small,warm,200,136.05,136.04,130.28,5.76,1
1150,resnet,medium,warm,200,172.44,172.42,165.32,7.1,1
1151,mobilenet,large,warm,200,59.73,59.72,51.73,7.99,1
1152,resnet,large,warm,200,134.53,134.52,127.01,7.51,1
1153,resnet,large,warm,200,139.95,139.93,132.59,7.34,1
1154,mobilenet,medium,warm,200,24.54,24.49,17.66,6.83,1
1155,resnet,small,warm,200,143.9,143.88,134.7,9.18,1
1156,mobilenet,large,warm,200,27.39,27.36,17.84,9.52,1
1157,mobilenet,small,warm,200,32.14,32.11,22.84,9.28,1
1158,resnet,medium,warm,200,142.79,142.77,135.22,7.55,1
1159,mobilenet,large,warm,200,38.35,38.33,30.41,7.92,1
1160,mobilenet,small,warm,200,25.04,25.02,17.58,7.44,1
1161,resnet,small,warm,200,172.05,172.04,163.64,8.4,1
1162,resnet,medium,warm,200,130.1,130.07,122.46,7.62,1
1163,mobilenet,small,warm,200,33.1,33.08,22.89,10.19,1
1164,resnet,medium,warm,200,137.76,137.74,130.89,6.85,1
1165,resnet,medium,warm,200,141.81,141.8,133.23,8.56,1
1166,resnet,medium,warm,200,139.74,139.72,131.87,7.85,1
1167,mobilenet,large,warm,200,42.03,42.01,32.87,9.13,1
1168,mobilenet,large,warm,200,31.98,31.96,23.48,8.48,1
1169,resnet,small,warm,200,134.08,134.06,126.17,7.9,1
1170,mobilenet,large,warm,200,40.34,40.32,31.92,8.4,1
1171,resnet,large,warm,200,135.13,135.11,126.72,8.4,1
1172,mobilenet,large,warm,200,41.13,41.11,28.83,12.28,1
1173,mobilenet,small,warm,200,27.06,27.05,18.03,9.01,1
1174,mobilenet,medium,warm,200,33.43,33.41,22.81,10.61,1
1175,resnet,large,warm,200,158.75,158.73,149.99,8.74,1
1176,resnet,large,warm,200,136.5,136.48,127.64,8.84,1
1177,resnet,small,warm,200,143.29,143.27,136.38,6.9,1
1178,mobilenet,medium,warm,200,29.29,29.28,21.76,7.52,1
1179,resnet,small,warm,200,151.89,151.87,145.03,6.85,1
1180,resnet,small,warm,200,141.43,141.41,133.2,8.21,1
1181,mobilenet,small,warm,200,32.9,32.89,22.92,9.97,1
1182,resnet,large,warm,200,150.42,150.4,142.62,7.78,1
1183,mobilenet,small,warm,200,24.76,24.76,17.86,6.89,1
1184,mobilenet,small,warm,200,23.67,23.66,17.74,5.92,1
1185,mobilenet,large,warm,200,25.74,25.73,17.87,7.86,1
1186,mobilenet,medium,warm,200,23.98,23.97,17.69,6.28,1
1187,mobilenet,small,warm,200,30.05,30.04,23.23,6.82,1
1188,mobilenet,medium,warm,200,32.46,32.45,21.81,10.64,1
1189,resnet,small,warm,200,158.72,158.7,150.77,7.93,1
1190,mobilenet,small,warm,200,30.37,30.35,23.35,7.0,1
1191,mobilenet,large,warm,200,31.05,31.03,23.03,8.0,1
1192,resnet,small,warm,200,129.26,129.25,122.85,6.4,1
1193,resnet,large,warm,200,145.55,145.53,138.33,7.21,1
1194,resnet,small,warm,200,143.15,143.14,135.45,7.69,1
1195,resnet,small,warm,200,159.32,159.3,151.63,7.67,1
1196,mobilenet,medium,warm,200,24.74,24.72,18.04,6.68,1
1197,resnet,medium,warm,200,138.4,138.38,130.75,7.63,1
1198,mobilenet,large,warm,200,31.16,31.15,22.96,8.19,1
1199,mobilenet,large,warm,200,30.59,30.58,23.0,7.58,1
1200,resnet,large,warm,200,130.18,130.16,122.27,7.89,1
1201,resnet,small,warm,200,165.15,165.13,157.28,7.86,1
1202,resnet,large,warm,200,140.21,140.19,131.55,8.65,1
1203,resnet,large,warm,200,139.25,139.23,131.91,7.32,1
1204,resnet,large,warm,200,138.69,138.67,131.03,7.64,1
1205,resnet,medium,warm,200,149.27,149.25,141.76,7.49,1
1206,mobilenet,medium,warm,200,29.7,29.68,21.97,7.72,1
1207,resnet,small,warm,200,152.56,152.54,144.37,8.17,1
1208,resnet,small,warm,200,139.36,139.35,130.86,8.49,1
1209,mobilenet,medium,warm,200,31.25,31.23,23.5,7.73,1
1210,mobilenet,medium,warm,200,31.04,31.03,23.13,7.89,1
1211,mobilenet,large,warm,200,31.73,31.7,22.78,8.92,1
1212,resnet,medium,warm,200,154.02,154.0,146.4,7.6,1
1213,mobilenet,medium,warm,200,30.99,30.97,23.04,7.94,1
1214,mobilenet,medium,warm,200,33.21,33.19,22.93,10.26,1
1215,mobilenet,medium,warm,200,33.78,33.75,21.98,11.77,1
1216,mobilenet,medium,warm,200,73.7,73.69,64.32,9.36,1
1217,resnet,small,warm,200,147.49,147.47,140.52,6.95,1
1218,mobilenet,small,warm,200,33.41,33.38,25.05,8.34,1
1219,resnet,medium,warm,200,157.88,157.86,149.75,8.1,1
1220,mobilenet,small,warm,200,25.25,25.24,18.65,6.59,1
1221,mobilenet,large,warm,200,39.16,39.15,31.25,7.89,1
1222,mobilenet,medium,warm,200,29.99,29.98,22.97,7.01,1
1223,mobilenet,medium,warm,200,31.85,31.83,23.44,8.4,1
1224,resnet,small,warm,200,166.64,166.63,159.06,7.57,1
1225,mobilenet,small,warm,200,30.76,30.72,23.26,7.46,1
1226,mobilenet,large,warm,200,31.37,31.36,23.23,8.13,1
1227,resnet,small,warm,200,139.36,139.34,132.44,6.9,1
1228,mobilenet,medium,warm,200,25.34,25.32,17.66,7.66,1
1229,mobilenet,large,warm,200,25.24,25.23,17.67,7.56,1
1230,resnet,medium,warm,200,171.08,171.06,162.81,8.25,1
1231,resnet,medium,warm,200,132.78,132.78,125.49,7.29,1
1232,resnet,medium,warm,200,140.03,140.01,131.89,8.12,1
1233,resnet,medium,warm,200,151.14,151.12,143.11,8.0,1
1234,resnet,medium,warm,200,129.44,129.43,123.27,6.16,1
1235,mobilenet,large,warm,200,31.14,31.13,22.58,8.55,1
1236,resnet,medium,warm,200,289.96,289.95,282.95,7.0,1
1237,mobilenet,medium,warm,200,33.47,33.45,24.69,8.77,1
1238,resnet,medium,warm,200,130.93,130.91,122.91,8.01,1
1239,mobilenet,large,warm,200,32.74,32.74,24.61,8.13,1
1240,mobilenet,large,warm,200,28.14,28.12,18.86,9.26,1
1241,mobilenet,small,warm,200,26.99,26.97,18.38,8.59,1
1242,resnet,large,warm,200,152.85,152.81,144.37,8.44,1
1243,resnet,medium,warm,200,137.92,137.9,129.24,8.66,1
1244,mobilenet,small,warm,200,32.28,32.26,23.36,8.89,1
1245,resnet,small,warm,200,155.88,155.86,147.76,8.1,1
1246,resnet,large,warm,200,142.45,142.44,134.87,7.57,1
1247,mobilenet,medium,warm,200,32.15,32.13,23.06,9.07,1
1248,resnet,medium,warm,200,136.67,136.61,129.2,7.41,1
1249,resnet,large,warm,200,142.35,142.33,135.74,6.6,1
1250,resnet,medium,warm,200,131.52,131.5,122.92,8.58,1
1251,mobilenet,large,warm,200,56.38,56.37,49.14,7.23,1
1252,resnet,small,warm,200,129.3,129.29,122.03,7.25,1
1253,mobilenet,large,warm,200,32.21,32.2,24.84,7.36,1
1254,resnet,small,warm,200,154.11,154.08,146.08,8.0,1
1255,mobilenet,large,warm,200,32.4,32.38,22.88,9.5,1
1256,mobilenet,small,warm,200,29.97,29.95,21.83,8.12,1
1257,mobilenet,small,warm,200,31.45,31.43,22.9,8.53,1
1258,resnet,small,warm,200,194.34,194.32,185.75,8.57,1
1259,mobilenet,small,warm,200,30.27,30.25,22.92,7.32,1
1260,mobilenet,small,warm,200,29.25,29.24,23.14,6.1,1
1261,mobilenet,large,warm,200,33.04,33.02,23.23,9.78,1
1262,resnet,medium,warm,200,143.58,143.57,137.42,6.15,1
1263,mobilenet,large,warm,200,31.33,31.32,25.03,6.29,1
1264,resnet,large,warm,200,149.74,149.73,143.44,6.29,1
1265,resnet,small,warm,200,157.85,157.84,150.32,7.51,1
1266,mobilenet,large,warm,200,24.63,24.61,17.69,6.92,1
1267,resnet,small,warm,200,132.27,132.25,125.54,6.71,1
1268,mobilenet,large,warm,200,30.26,30.25,22.01,8.24,1
1269,resnet,large,warm,200,137.47,137.45,129.85,7.6,1
1270,resnet,small,warm,200,133.83,133.8,125.71,8.1,1
1271,resnet,small,warm,200,133.02,133.0,125.93,7.06,1
1272,mobilenet,small,warm,200,43.68,43.66,34.81,8.85,1
1273,mobilenet,small,warm,200,25.13,25.11,17.89,7.22,1
1274,mobilenet,large,warm,200,82.46,82.46,72.35,10.11,1
1275,resnet,medium,warm,200,145.58,145.54,138.07,7.46,1
1276,resnet,medium,warm,200,154.88,154.86,147.58,7.28,1
1277,mobilenet,medium,warm,200,33.69,33.67,25.23,8.44,1
1278,resnet,medium,warm,200,148.92,148.9,140.9,8.0,1
1279,mobilenet,large,warm,200,32.51,32.5,23.33,9.16,1
1280,mobilenet,medium,warm,200,31.2,31.19,24.32,6.87,1
1281,mobilenet,large,warm,200,31.38,31.36,22.95,8.42,1
1282,mobilenet,small,warm,200,44.72,44.71,37.05,7.66,1
1283,resnet,medium,warm,200,140.85,140.84,133.79,7.05,1
1284,resnet,large,warm,200,135.41,135.4,125.06,10.34,1
1285,resnet,small,warm,200,131.35,131.34,125.05,6.29,1
1286,mobilenet,large,warm,200,24.0,23.99,17.78,6.21,1
1287,mobilenet,small,warm,200,24.14,24.13,17.52,6.61,1
1288,resnet,medium,warm,200,159.67,159.67,152.69,6.97,1
1289,resnet,large,warm,200,140.64,140.64,134.37,6.27,1
1290,mobilenet,large,warm,200,30.77,30.75,22.83,7.92,1
1291,mobilenet,small,warm,200,31.37,31.37,24.01,7.36,1
1292,mobilenet,large,warm,200,30.56,30.54,23.16,7.38,1
1293,resnet,medium,warm,200,151.19,151.19,144.3,6.89,1
1294,mobilenet,small,warm,200,32.95,32.95,23.32,9.63,1
1295,resnet,large,warm,200,146.12,146.11,139.7,6.41,1
1296,mobilenet,small,warm,200,24.45,24.44,17.89,6.56,1
1297,resnet,small,warm,200,130.43,130.43,124.48,5.95,1
1298,mobilenet,large,warm,200,30.11,30.1,22.9,7.2,1
1299,mobilenet,large,warm,200,25.83,25.82,17.63,8.19,1
1300,resnet,small,warm,200,145.54,145.53,137.25,8.28,1
1301,resnet,small,warm,200,141.99,141.98,134.01,7.97,1
1302,mobilenet,large,warm,200,30.5,30.48,22.84,7.64,1
1303,resnet,large,warm,200,139.74,139.73,133.74,5.99,1
1304,resnet,medium,warm,200,140.88,140.88,134.51,6.37,1
1305,mobilenet,large,warm,200,45.73,45.72,38.03,7.69,1
1306,mobilenet,large,warm,200,26.53,26.51,18.95,7.57,1
1307,resnet,small,warm,200,142.96,142.94,135.59,7.35,1
1308,mobilenet,medium,warm,200,41.63,41.61,33.58,8.04,1
1309,mobilenet,small,warm,200,25.04,25.02,17.54,7.48,1
1310,resnet,large,warm,200,143.28,143.26,134.2,9.06,1
1311,resnet,medium,warm,200,155.4,155.38,148.69,6.68,1
1312,mobilenet,large,warm,200,30.2,30.2,22.91,7.29,1
1313,resnet,medium,warm,200,133.08,133.08,126.15,6.93,1
1314,resnet,small,warm,200,144.57,144.56,137.06,7.5,1
1315,resnet,large,warm,200,143.2,143.18,135.97,7.21,1
1316,resnet,medium,warm,200,140.3,140.29,131.74,8.55,1
1317,mobilenet,large,warm,200,31.88,31.87,25.34,6.53,1
1318,resnet,small,warm,200,135.29,135.27,126.9,8.37,1
1319,resnet,small,warm,200,132.95,132.93,124.77,8.16,1
1320,mobilenet,small,warm,200,41.29,41.27,31.93,9.35,1
1321,resnet,small,warm,200,134.84,134.82,126.41,8.41,1
1322,resnet,large,warm,200,161.74,161.72,153.56,8.17,1
1323,mobilenet,large,warm,200,29.61,29.55,17.48,12.06,1
1324,resnet,medium,warm,200,130.19,130.18,123.3,6.88,1
1325,resnet,small,warm,200,133.34,133.32,125.74,7.58,1
1326,mobilenet,small,warm,200,30.99,30.97,22.2,8.77,1
1327,resnet,medium,warm,200,146.82,146.81,139.56,7.26,1
1328,resnet,medium,warm,200,181.91,181.89,173.51,8.38,1
1329,mobilenet,small,warm,200,33.71,33.69,23.3,10.39,1
1330,mobilenet,small,warm,200,29.71,29.69,21.86,7.83,1
1331,resnet,medium,warm,200,133.43,133.42,124.79,8.63,1
1332,resnet,small,warm,200,129.63,129.61,122.79,6.82,1
1333,mobilenet,small,warm,200,25.2,25.18,17.67,7.51,1
1334,resnet,large,warm,200,150.84,150.82,142.7,8.12,1
1335,mobilenet,large,warm,200,26.0,25.99,18.29,7.69,1
1336,resnet,medium,warm,200,142.98,142.96,135.82,7.14,1
1337,mobilenet,medium,warm,200,31.66,31.64,23.27,8.38,1
1338,resnet,medium,warm,200,130.44,130.42,123.1,7.33,1
1339,mobilenet,large,warm,200,41.09,41.05,33.35,7.7,1
1340,mobilenet,large,warm,200,27.62,27.6,17.92,9.68,1
1341,mobilenet,large,warm,200,26.22,26.2,17.86,8.34,1
1342,resnet,small,warm,200,130.68,130.67,122.99,7.67,1
1343,mobilenet,medium,warm,200,26.2,26.18,17.91,8.26,1
1344,resnet,medium,warm,200,130.44,130.42,122.53,7.89,1
1345,resnet,small,warm,200,133.47,133.45,124.48,8.98,1
1346,mobilenet,small,warm,200,28.92,28.9,17.73,11.16,1
1347,resnet,medium,warm,200,159.69,159.66,153.62,6.04,1
1348,resnet,medium,warm,200,130.72,130.7,123.65,7.06,1
1349,resnet,small,warm,200,133.65,133.63,125.97,7.66,1
1350,resnet,medium,warm,200,139.18,139.16,130.26,8.9,1
1351,mobilenet,large,warm,200,63.24,63.22,53.64,9.58,1
1352,resnet,large,warm,200,203.96,203.94,195.66,8.28,1
1353,mobilenet,medium,warm,200,33.67,33.65,25.2,8.46,1
1354,mobilenet,small,warm,200,25.86,25.84,17.67,8.17,1
1355,resnet,small,warm,200,141.95,141.93,134.06,7.88,1
1356,resnet,medium,warm,200,132.02,132.0,123.0,9.01,1
1357,resnet,medium,warm,200,139.06,139.05,131.21,7.84,1
1358,resnet,medium,warm,200,163.38,163.38,156.91,6.47,1
1359,resnet,large,warm,200,131.04,131.03,125.02,6.01,1
1360,mobilenet,medium,warm,200,39.53,39.52,32.32,7.2,1
1361,resnet,large,warm,200,143.67,143.66,136.67,6.99,1
1362,mobilenet,medium,warm,200,30.15,30.14,22.94,7.2,1
1363,resnet,small,warm,200,137.29,137.27,129.78,7.49,1
1364,resnet,medium,warm,200,135.31,135.3,127.38,7.92,1
1365,resnet,large,warm,200,148.52,148.5,140.67,7.83,1
1366,resnet,large,warm,200,133.03,133.01,125.55,7.47,1
1367,mobilenet,medium,warm,200,60.68,60.66,51.73,8.94,1
1368,resnet,medium,warm,200,150.24,150.22,142.61,7.61,1
1369,resnet,medium,warm,200,159.43,159.41,151.23,8.18,1
1370,mobilenet,large,warm,200,29.54,29.52,21.87,7.65,1
1371,mobilenet,large,warm,200,33.44,33.42,23.28,10.14,1
1372,mobilenet,large,warm,200,33.46,33.44,23.4,10.05,1
1373,mobilenet,large,warm,200,31.35,31.33,23.14,8.19,1
1374,resnet,large,warm,200,163.84,163.82,155.73,8.09,1
1375,mobilenet,medium,warm,200,32.23,32.21,23.09,9.13,1
1376,resnet,large,warm,200,138.8,138.79,131.49,7.3,1
1377,mobilenet,medium,warm,200,29.11,29.1,22.46,6.64,1
1378,resnet,small,warm,200,138.77,138.77,132.58,6.18,1
1379,resnet,small,warm,200,139.32,139.31,132.78,6.53,1
1380,resnet,large,warm,200,154.56,154.56,147.08,7.47,1
1381,mobilenet,large,warm,200,26.76,26.75,19.08,7.67,1
1382,resnet,medium,warm,200,138.92,138.91,131.57,7.34,1
1383,mobilenet,medium,warm,200,32.35,32.34,22.98,9.35,1
1384,resnet,large,warm,200,130.28,130.27,124.28,5.99,1
1385,resnet,large,warm,200,143.47,143.46,137.51,5.95,1
1386,resnet,large,warm,200,136.17,136.16,131.18,4.99,1
1387,mobilenet,medium,warm,200,40.57,40.57,34.01,6.55,1
1388,mobilenet,small,warm,200,25.69,25.68,18.91,6.77,1
1389,mobilenet,large,warm,200,25.91,25.9,18.02,7.88,1
1390,resnet,small,warm,200,135.77,135.76,128.84,6.92,1
1391,mobilenet,large,warm,200,25.44,25.42,17.81,7.61,1
1392,resnet,medium,warm,200,155.53,155.51,148.38,7.13,1
1393,resnet,small,warm,200,137.28,137.28,130.67,6.61,1
1394,mobilenet,small,warm,200,34.36,34.35,23.71,10.64,1
1395,resnet,small,warm,200,142.07,142.07,135.28,6.79,1
1396,mobilenet,medium,warm,200,32.44,32.43,24.56,7.86,1
1397,resnet,medium,warm,200,194.71,194.7,187.41,7.29,1
1398,resnet,large,warm,200,255.91,255.9,248.96,6.94,1
1399,mobilenet,medium,warm,200,31.14,31.13,23.58,7.55,1
1400,mobilenet,medium,warm,200,38.26,38.24,29.37,8.88,1
1401,mobilenet,medium,warm,200,29.14,29.12,17.84,11.28,1
1402,resnet,small,warm,200,141.81,141.78,135.71,6.07,1
1403,mobilenet,large,warm,200,25.8,25.79,17.82,7.97,1
1404,mobilenet,medium,warm,200,28.96,28.95,19.44,9.51,1
1405,resnet,medium,warm,200,156.73,156.72,147.92,8.81,1
1406,resnet,small,warm,200,143.3,143.28,135.13,8.15,1
1407,resnet,medium,warm,200,134.61,134.6,128.36,6.25,1
1408,resnet,small,warm,200,131.36,131.35,124.33,7.03,1
1409,resnet,large,warm,200,147.36,147.35,140.21,7.14,1
1410,resnet,medium,warm,200,132.42,132.42,125.8,6.61,1
1411,mobilenet,medium,warm,200,32.23,32.22,24.27,7.96,1
1412,mobilenet,large,warm,200,30.2,30.2,23.22,6.97,1
1413,mobilenet,small,warm,200,28.98,28.98,20.73,8.24,1
1414,resnet,large,warm,200,130.33,130.32,123.56,6.76,1
1415,mobilenet,large,warm,200,25.04,25.04,18.55,6.49,1
1416,mobilenet,large,warm,200,24.08,24.07,17.77,6.3,1
1417,mobilenet,large,warm,200,26.1,26.08,18.01,8.07,1
1418,mobilenet,large,warm,200,30.55,30.54,23.04,7.51,1
1419,mobilenet,medium,warm,200,32.4,32.38,23.47,8.91,1
1420,resnet,medium,warm,200,155.26,155.24,146.85,8.4,1
1421,mobilenet,medium,warm,200,33.98,33.96,22.84,11.12,1
1422,mobilenet,small,warm,200,31.84,31.81,23.04,8.77,1
1423,resnet,medium,warm,200,143.93,143.86,136.45,7.41,1
1424,mobilenet,large,warm,200,33.29,33.27,23.68,9.6,1
1425,mobilenet,medium,warm,200,26.7,26.67,17.89,8.78,1
1426,resnet,medium,warm,200,151.77,151.75,143.62,8.13,1
1427,mobilenet,large,warm,200,29.86,29.84,22.15,7.69,1
1428,mobilenet,small,warm,200,24.77,24.75,17.52,7.22,1
1429,resnet,large,warm,200,148.3,148.28,140.08,8.2,1
1430,mobilenet,large,warm,200,34.21,34.19,23.29,10.9,1
1431,mobilenet,large,warm,200,32.15,32.13,23.18,8.96,1
1432,mobilenet,medium,warm,200,32.23,32.21,22.85,9.36,1
1433,resnet,small,warm,200,168.25,168.24,160.13,8.1,1
1434,resnet,small,warm,200,131.78,131.76,124.93,6.83,1
1435,resnet,large,warm,200,143.52,143.5,134.8,8.7,1
1436,resnet,large,warm,200,143.42,143.4,134.62,8.78,1
1437,resnet,large,warm,200,130.41,130.39,123.77,6.62,1
1438,resnet,large,warm,200,130.83,130.82,123.14,7.68,1
1439,resnet,large,warm,200,164.48,164.46,156.65,7.81,1
1440,mobilenet,medium,warm,200,27.06,27.05,19.07,7.98,1
1441,resnet,medium,warm,200,139.67,139.64,132.4,7.24,1
1442,mobilenet,large,warm,200,32.3,32.29,23.29,9.0,1
1443,resnet,large,warm,200,148.72,148.7,140.76,7.94,1
1444,mobilenet,large,warm,200,33.38,33.36,22.91,10.46,1
1445,mobilenet,medium,warm,200,33.43,33.43,25.98,7.45,1
1446,mobilenet,small,warm,200,29.11,29.1,22.66,6.44,1
1447,resnet,small,warm,200,135.23,135.22,125.53,9.69,1
1448,mobilenet,medium,warm,200,29.11,29.1,22.77,6.33,1
1449,mobilenet,large,warm,200,23.44,23.43,17.85,5.58,1
1450,resnet,medium,warm,200,139.18,139.18,133.19,5.99,1
1451,mobilenet,large,warm,200,23.05,23.04,17.62,5.42,1
1452,resnet,medium,warm,200,152.45,152.45,145.38,7.06,1
1453,mobilenet,medium,warm,200,25.33,25.32,18.34,6.98,1
1454,mobilenet,large,warm,200,32.96,32.94,24.64,8.3,1
1455,mobilenet,medium,warm,200,30.71,30.7,22.98,7.72,1
1456,resnet,small,warm,200,141.43,141.42,135.45,5.97,1
1457,mobilenet,medium,warm,200,29.48,29.48,22.38,7.1,1
1458,resnet,large,warm,200,182.57,182.56,176.34,6.22,1
1459,mobilenet,medium,warm,200,30.03,30.02,23.12,6.9,1
1460,mobilenet,medium,warm,200,28.54,28.54,23.03,5.5,1
1461,mobilenet,small,warm,200,39.24,39.23,32.48,6.75,1
1462,resnet,large,warm,200,129.93,129.91,122.76,7.15,1
1463,resnet,medium,warm,200,159.11,159.1,150.88,8.21,1
1464,resnet,medium,warm,200,140.4,140.39,134.29,6.1,1
1465,resnet,medium,warm,200,139.57,139.57,132.99,6.57,1
1466,mobilenet,small,warm,200,32.99,32.98,25.7,7.28,1
1467,mobilenet,small,warm,200,32.89,32.88,23.23,9.65,1
1468,resnet,small,warm,200,154.09,154.08,145.54,8.54,1
1469,resnet,small,warm,200,141.3,141.3,134.26,7.04,1
1470,resnet,small,warm,200,130.36,130.34,122.31,8.03,1
1471,resnet,large,warm,200,149.61,149.6,142.05,7.56,1
1472,resnet,large,warm,200,131.57,131.56,123.01,8.55,1
1473,mobilenet,large,warm,200,35.4,35.38,27.81,7.58,1
1474,mobilenet,medium,warm,200,23.34,23.33,17.75,5.58,1
1475,resnet,large,warm,200,167.07,167.06,160.01,7.05,1
1476,mobilenet,large,warm,200,25.28,25.27,17.7,7.57,1
1477,resnet,large,warm,200,136.98,136.97,130.49,6.48,1
1478,mobilenet,medium,warm,200,29.55,29.55,22.92,6.62,1
1479,mobilenet,large,warm,200,29.98,29.97,23.5,6.47,1
1480,mobilenet,medium,warm,200,30.28,30.28,22.92,7.35,1
1481,mobilenet,medium,warm,200,32.89,32.88,23.06,9.83,1
1482,resnet,medium,warm,200,132.02,132.01,123.72,8.28,1
1483,mobilenet,medium,warm,200,34.88,34.87,24.52,10.34,1
1484,mobilenet,small,warm,200,25.13,25.11,17.8,7.32,1
1485,mobilenet,large,warm,200,35.66,35.62,27.65,7.97,1
1486,resnet,large,warm,200,153.24,153.22,146.05,7.17,1
1487,resnet,small,warm,200,131.56,131.54,124.62,6.93,1
1488,mobilenet,small,warm,200,32.79,32.77,22.0,10.77,1
1489,mobilenet,small,warm,200,31.07,31.05,22.84,8.21,1
1490,resnet,large,warm,200,140.35,140.33,131.99,8.34,1
1491,resnet,large,warm,200,132.54,132.52,124.74,7.78,1
1492,mobilenet,medium,warm,200,33.31,33.3,23.9,9.4,1
1493,resnet,medium,warm,200,159.32,159.31,152.87,6.44,1
1494,resnet,large,warm,200,131.33,131.31,123.94,7.36,1
1495,mobilenet,small,warm,200,30.73,30.71,23.31,7.41,1
1496,resnet,small,warm,200,132.16,132.15,125.19,6.96,1
1497,resnet,large,warm,200,131.74,131.72,125.05,6.67,1
1498,mobilenet,large,warm,200,25.64,25.64,18.12,7.51,1
1499,mobilenet,small,warm,200,24.88,24.86,17.58,7.28,1
1500,mobilenet,large,warm,200,25.57,25.56,17.91,7.64,1
1501,resnet,small,warm,200,159.87,159.85,152.47,7.38,1
1502,resnet,medium,warm,200,139.22,139.2,131.13,8.06,1
1503,mobilenet,large,warm,200,30.21,30.2,22.94,7.26,1
1504,resnet,large,warm,200,208.8,208.79,201.39,7.41,1
1505,resnet,medium,warm,200,256.01,255.99,249.71,6.28,1
1506,resnet,small,warm,200,141.81,141.79,134.57,7.22,1
1507,mobilenet,medium,warm,200,30.96,30.94,21.84,9.09,1
1508,resnet,large,warm,200,153.28,153.26,145.47,7.79,1
1509,resnet,medium,warm,200,140.57,140.55,133.36,7.19,1
1510,resnet,medium,warm,200,142.58,142.56,135.63,6.93,1
1511,mobilenet,large,warm,200,26.45,26.44,17.69,8.75,1
1512,mobilenet,large,warm,200,25.92,25.91,17.68,8.22,1
1513,resnet,large,warm,200,155.9,155.88,147.31,8.56,1
1514,resnet,small,warm,200,141.43,141.42,134.98,6.44,1
1515,resnet,small,warm,200,138.7,138.69,131.31,7.38,1
1516,resnet,small,warm,200,146.72,146.72,138.85,7.87,1
1517,resnet,medium,warm,200,150.94,150.94,143.98,6.95,1
1518,resnet,medium,warm,200,143.73,143.72,137.17,6.55,1
1519,resnet,large,warm,200,173.41,173.41,166.74,6.67,1
1520,mobilenet,large,warm,200,75.46,75.46,66.91,8.55,1
1521,resnet,medium,warm,200,141.7,141.69,134.91,6.78,1
1522,mobilenet,small,warm,200,29.01,29.01,18.42,10.58,1
1523,mobilenet,large,warm,200,25.15,25.14,17.7,7.44,1
1524,resnet,small,warm,200,137.1,137.09,129.47,7.62,1
1525,mobilenet,small,warm,200,29.99,29.98,23.07,6.91,1
1526,resnet,medium,warm,200,160.36,160.35,153.59,6.76,1
1527,mobilenet,medium,warm,200,28.67,28.66,22.74,5.93,1
1528,mobilenet,large,warm,200,28.99,28.98,22.94,6.05,1
1529,mobilenet,large,warm,200,29.05,29.04,22.84,6.2,1
1530,resnet,small,warm,200,128.45,128.44,122.43,6.01,1
1531,resnet,small,warm,200,136.7,136.64,129.42,7.22,1
1532,resnet,medium,warm,200,159.78,159.77,153.15,6.62,1
1533,mobilenet,medium,warm,200,28.76,28.75,18.21,10.54,1
1534,mobilenet,small,warm,200,24.33,24.32,17.94,6.39,1
1535,resnet,large,warm,200,135.1,135.09,126.39,8.7,1
1536,resnet,large,warm,200,142.89,142.87,135.15,7.72,1
1537,mobilenet,medium,warm,200,33.18,33.16,23.91,9.25,1
1538,mobilenet,large,warm,200,30.96,30.94,23.45,7.49,1
1539,mobilenet,small,warm,200,30.71,30.67,23.02,7.65,1
1540,mobilenet,medium,warm,200,30.4,30.39,23.12,7.26,1
1541,mobilenet,small,warm,200,29.99,29.98,22.65,7.32,1
1542,mobilenet,large,warm,200,29.0,28.98,17.79,11.19,1
1543,resnet,small,warm,200,133.5,133.48,125.67,7.81,1
1544,mobilenet,large,warm,200,29.02,29.0,17.68,11.32,1
1545,resnet,small,warm,200,149.97,149.95,141.84,8.11,1
1546,resnet,large,warm,200,139.71,139.68,131.37,8.31,1
1547,mobilenet,medium,warm,200,30.73,30.71,22.89,7.81,1
1548,mobilenet,small,warm,200,30.91,30.9,22.84,8.06,1
1549,resnet,small,warm,200,137.23,137.21,130.53,6.68,1
1550,mobilenet,small,warm,200,31.92,31.9,23.08,8.82,1
1551,resnet,medium,warm,200,221.35,221.33,213.18,8.15,1
1552,resnet,small,warm,200,154.93,154.91,146.2,8.71,1
1553,resnet,small,warm,200,149.62,149.61,141.94,7.67,1
1554,mobilenet,small,warm,200,32.48,32.46,25.45,7.02,1
1555,mobilenet,large,warm,200,33.22,33.19,25.48,7.71,1
1556,mobilenet,medium,warm,200,24.63,24.61,17.61,7.01,1
1557,resnet,large,warm,200,158.76,158.74,151.04,7.7,1
1558,mobilenet,large,warm,200,28.72,28.7,17.65,11.05,1
1559,mobilenet,medium,warm,200,35.75,35.73,22.94,12.8,1
1560,resnet,small,warm,200,131.71,131.69,124.47,7.21,1
1561,mobilenet,small,warm,200,32.76,32.74,23.0,9.74,1
1562,mobilenet,small,warm,200,30.22,30.2,22.8,7.39,1
1563,resnet,medium,warm,200,246.19,246.17,238.71,7.46,1
1564,resnet,medium,warm,200,140.4,140.39,133.5,6.89,1
1565,mobilenet,small,warm,200,29.64,29.63,22.77,6.86,1
1566,resnet,large,warm,200,129.33,129.33,122.11,7.21,1
1567,mobilenet,small,warm,200,23.72,23.72,17.76,5.95,1
1568,resnet,large,warm,200,161.99,161.98,154.95,7.03,1
1569,mobilenet,large,warm,200,25.27,25.26,17.53,7.73,1
1570,resnet,small,warm,200,132.29,132.27,123.66,8.61,1
1571,mobilenet,large,warm,200,30.44,30.43,22.32,8.11,1
1572,resnet,medium,warm,200,130.03,130.02,123.67,6.35,1
1573,mobilenet,small,warm,200,31.56,31.54,23.16,8.38,1
1574,resnet,medium,warm,200,174.82,174.8,167.91,6.89,1
1575,mobilenet,small,warm,200,31.32,31.3,22.91,8.39,1
1576,resnet,large,warm,200,131.56,131.55,124.35,7.19,1
1577,mobilenet,large,warm,200,29.65,29.63,22.4,7.23,1
1578,mobilenet,medium,warm,200,41.74,41.72,32.99,8.73,1
1579,resnet,small,warm,200,137.3,137.28,129.28,8.0,1
1580,resnet,large,warm,200,162.17,162.16,155.16,7.01,1
1581,resnet,medium,warm,200,146.87,146.86,141.12,5.74,1
1582,mobilenet,medium,warm,200,31.13,31.13,23.32,7.81,1
1583,mobilenet,small,warm,200,31.17,31.17,24.98,6.19,1
1584,mobilenet,small,warm,200,29.49,29.48,22.9,6.58,1
1585,resnet,small,warm,200,133.34,133.34,127.64,5.7,1
1586,mobilenet,small,warm,200,33.43,33.43,23.08,10.35,1
1587,resnet,large,warm,200,145.39,145.38,139.06,6.32,1
1588,resnet,large,warm,200,131.08,131.07,125.69,5.39,1
1589,resnet,medium,warm,200,139.8,139.79,133.74,6.05,1
1590,resnet,small,warm,200,133.99,133.98,128.03,5.95,1
1591,mobilenet,medium,warm,200,35.97,35.96,28.9,7.06,1
1592,mobilenet,medium,warm,200,23.54,23.53,17.69,5.84,1
1593,mobilenet,large,warm,200,28.64,28.64,22.03,6.61,1
1594,mobilenet,small,warm,200,30.58,30.55,22.67,7.88,1
1595,resnet,medium,warm,200,173.36,173.34,164.78,8.56,1
1596,mobilenet,medium,warm,200,33.45,33.45,24.25,9.19,1
1597,resnet,large,warm,200,160.68,160.67,155.07,5.6,1
1598,mobilenet,small,warm,200,29.85,29.84,23.08,6.76,1
1599,mobilenet,small,warm,200,30.34,30.32,22.83,7.49,1
1600,resnet,small,warm,200,140.35,140.34,133.18,7.15,1
1601,resnet,large,warm,200,160.58,160.57,153.63,6.94,1
1602,mobilenet,medium,warm,200,23.86,23.85,17.91,5.94,1
1603,mobilenet,small,warm,200,28.79,28.77,17.83,10.94,1
1604,mobilenet,large,warm,200,29.22,29.2,18.13,11.07,1
1605,mobilenet,large,warm,200,45.13,45.13,37.52,7.61,1
1606,mobilenet,small,warm,200,31.97,31.95,23.08,8.87,1
1607,resnet,medium,warm,200,168.2,168.18,160.25,7.93,1
1608,resnet,small,warm,200,129.86,129.84,122.68,7.16,1
1609,resnet,small,warm,200,176.03,176.02,168.77,7.25,1
1610,resnet,large,warm,200,141.3,141.29,133.21,8.08,1
1611,mobilenet,small,warm,200,53.17,53.14,42.75,10.4,1
1612,resnet,medium,warm,200,164.94,164.93,159.0,5.93,1
1613,resnet,large,warm,200,142.79,142.78,135.15,7.63,1
1614,mobilenet,medium,warm,200,22.81,22.8,17.77,5.04,1
1615,mobilenet,medium,warm,200,24.15,24.15,17.93,6.22,1
1616,resnet,large,warm,200,127.97,127.97,122.05,5.92,1
1617,resnet,small,warm,200,142.23,142.22,136.42,5.8,1
1618,resnet,large,warm,200,165.58,165.57,158.02,7.55,1
1619,mobilenet,medium,warm,200,29.65,29.64,23.0,6.64,1
1620,mobilenet,medium,warm,200,29.11,29.1,22.99,6.11,1
1621,mobilenet,large,warm,200,29.69,29.68,23.02,6.66,1
1622,mobilenet,small,warm,200,29.67,29.66,22.93,6.74,1
1623,mobilenet,small,warm,200,24.52,24.52,17.78,6.74,1
1624,mobilenet,small,warm,200,24.63,24.61,17.61,6.99,1
1625,mobilenet,medium,warm,200,24.84,24.83,17.47,7.36,1
1626,resnet,medium,warm,200,150.58,150.57,144.0,6.58,1
1627,mobilenet,small,warm,200,23.97,23.96,17.5,6.46,1
1628,mobilenet,large,warm,200,33.01,33.01,23.57,9.43,1
1629,resnet,small,warm,200,134.56,134.55,126.83,7.72,1
1630,resnet,small,warm,200,129.52,129.49,121.91,7.58,1
1631,resnet,large,warm,200,144.48,144.46,137.93,6.53,1
1632,resnet,medium,warm,200,241.89,241.87,228.16,13.71,1
1633,mobilenet,large,warm,200,30.35,30.33,22.7,7.64,1
1634,resnet,small,warm,200,130.82,130.8,123.8,7.0,1
1635,mobilenet,small,warm,200,24.96,24.94,17.92,7.02,1
1636,mobilenet,large,warm,200,25.76,25.74,17.77,7.98,1
1637,mobilenet,medium,warm,200,25.63,25.61,17.71,7.9,1
1638,mobilenet,medium,warm,200,26.1,26.08,17.89,8.2,1
1639,resnet,medium,warm,200,166.26,166.24,157.26,8.98,1
1640,resnet,small,warm,200,133.52,133.5,125.95,7.55,1
1641,resnet,small,warm,200,159.13,159.11,149.97,9.14,1
1642,resnet,small,warm,200,343.62,343.6,125.43,218.18,1
1643,resnet,large,warm,200,146.94,146.92,137.62,9.3,1
1644,resnet,large,warm,200,128.71,128.69,122.04,6.65,1
1645,mobilenet,medium,warm,200,31.89,31.87,23.2,8.67,1
1646,resnet,large,warm,200,154.36,154.34,146.26,8.08,1
1647,resnet,small,warm,200,140.55,140.54,132.53,8.01,1
1648,mobilenet,small,warm,200,26.13,26.1,19.13,6.98,1
1649,mobilenet,medium,warm,200,25.56,25.55,18.13,7.41,1
1650,mobilenet,small,warm,200,25.51,25.49,17.93,7.57,1
1651,resnet,large,warm,200,149.36,149.34,141.81,7.53,1
1652,mobilenet,medium,warm,200,32.52,32.5,23.52,8.99,1
1653,mobilenet,large,warm,200,31.71,31.7,23.37,8.33,1
1654,resnet,large,warm,200,138.03,138.02,130.68,7.33,1
1655,resnet,small,warm,200,236.86,236.84,228.31,8.53,1
1656,mobilenet,large,warm,200,32.92,32.9,24.0,8.9,1
1657,mobilenet,medium,warm,200,41.94,41.94,34.85,7.08,1
1658,resnet,small,warm,200,162.07,162.06,154.78,7.28,1
1659,mobilenet,large,warm,200,24.32,24.31,17.84,6.47,1
1660,resnet,small,warm,200,137.81,137.8,130.8,7.0,1
1661,mobilenet,small,warm,200,23.73,23.72,17.53,6.19,1
1662,resnet,large,warm,200,128.55,128.54,122.33,6.21,1
1663,resnet,medium,warm,200,136.09,136.08,128.57,7.51,1
1664,mobilenet,large,warm,200,30.36,30.34,22.5,7.84,1
1665,mobilenet,large,warm,200,31.4,31.38,22.9,8.49,1
1666,mobilenet,large,warm,200,31.34,31.32,22.89,8.43,1
1667,resnet,small,warm,200,139.48,139.47,130.35,9.12,1
1668,mobilenet,medium,warm,200,32.28,32.26,22.8,9.46,1
1669,mobilenet,small,warm,200,25.32,25.3,17.55,7.75,1
1670,resnet,medium,warm,200,135.95,135.94,127.68,8.26,1
1671,resnet,medium,warm,200,141.82,141.8,134.19,7.61,1
1672,resnet,medium,warm,200,155.01,155.0,149.14,5.86,1
1673,resnet,medium,warm,200,133.09,133.08,125.56,7.52,1
1674,mobilenet,small,warm,200,31.02,31.0,22.98,8.02,1
1675,mobilenet,small,warm,200,33.45,33.43,24.85,8.58,1
1676,mobilenet,small,warm,200,32.58,32.56,22.85,9.71,1
1677,mobilenet,small,warm,200,32.09,32.07,22.73,9.34,1
1678,resnet,medium,warm,200,233.72,233.71,226.38,7.33,1
1679,resnet,medium,warm,200,134.21,134.18,126.42,7.76,1
1680,mobilenet,large,warm,200,61.99,61.97,52.33,9.64,1
1681,resnet,small,warm,200,146.39,146.37,137.95,8.41,1
1682,resnet,medium,warm,200,139.47,139.45,131.72,7.73,1
1683,resnet,medium,warm,200,135.57,135.55,127.79,7.76,1
1684,mobilenet,small,warm,200,33.7,33.68,25.83,7.85,1
1685,mobilenet,large,warm,200,28.03,28.02,19.85,8.16,1
1686,resnet,large,warm,200,154.22,154.2,145.78,8.42,1
1687,mobilenet,small,warm,200,31.54,31.52,22.73,8.79,1
1688,resnet,small,warm,200,138.81,138.79,130.28,8.51,1
1689,mobilenet,large,warm,200,31.56,31.54,23.12,8.41,1
1690,mobilenet,medium,warm,200,36.94,36.93,27.87,9.06,1
1691,resnet,large,warm,200,153.33,153.32,145.63,7.69,1
1692,mobilenet,large,warm,200,50.92,50.91,41.64,9.28,1
1693,resnet,medium,warm,200,140.94,140.94,133.64,7.3,1
1694,mobilenet,small,warm,200,24.58,24.58,18.26,6.32,1
1695,resnet,medium,warm,200,141.88,141.87,135.58,6.29,1
1696,mobilenet,small,warm,200,25.35,25.34,17.65,7.7,1
1697,resnet,small,warm,200,161.32,161.31,153.59,7.72,1
1698,mobilenet,small,warm,200,30.62,30.61,22.94,7.67,1
1699,mobilenet,small,warm,200,32.92,32.91,23.69,9.23,1
1700,mobilenet,small,warm,200,31.3,31.3,23.21,8.08,1
1701,mobilenet,medium,warm,200,29.52,29.51,22.94,6.57,1
1702,resnet,large,warm,200,145.99,145.99,138.88,7.11,1
1703,mobilenet,large,warm,200,29.44,29.44,23.12,6.32,1
1704,resnet,small,warm,200,154.05,154.04,147.46,6.58,1
1705,mobilenet,small,warm,200,25.63,25.63,17.78,7.84,1
1706,mobilenet,large,warm,200,29.98,29.97,19.24,10.72,1
1707,resnet,small,warm,200,144.62,144.62,136.94,7.67,1
1708,mobilenet,medium,warm,200,25.13,25.12,17.72,7.4,1
1709,mobilenet,small,warm,200,31.08,31.07,24.13,6.94,1
1710,resnet,small,warm,200,149.99,149.99,143.04,6.95,1
1711,mobilenet,large,warm,200,40.0,39.99,33.66,6.33,1
1712,resnet,large,warm,200,144.42,144.41,138.17,6.24,1
1713,resnet,medium,warm,200,143.18,143.17,137.08,6.09,1
1714,mobilenet,medium,warm,200,30.28,30.27,23.11,7.16,1
1715,resnet,small,warm,200,171.42,171.41,164.23,7.18,1
1716,resnet,small,warm,200,132.41,132.39,124.33,8.06,1
1717,mobilenet,medium,warm,200,36.96,36.94,25.11,11.84,1
1718,resnet,medium,warm,200,142.22,142.2,134.35,7.86,1
1719,mobilenet,small,warm,200,30.11,30.09,22.88,7.21,1
1720,mobilenet,large,warm,200,31.84,31.83,23.2,8.63,1
1721,resnet,medium,warm,200,157.23,157.21,150.32,6.89,1
1722,resnet,large,warm,200,139.73,139.72,131.13,8.58,1
1723,resnet,small,warm,200,186.79,186.77,178.42,8.35,1
1724,mobilenet,medium,warm,200,30.92,30.91,23.28,7.63,1
1725,resnet,small,warm,200,133.13,133.11,125.54,7.58,1
1726,resnet,small,warm,200,147.29,147.27,139.45,7.82,1
1727,mobilenet,large,warm,200,34.32,34.31,25.69,8.61,1
1728,mobilenet,medium,warm,200,32.71,32.7,24.54,8.15,1
1729,resnet,medium,warm,200,136.45,136.44,128.39,8.04,1
1730,resnet,medium,warm,200,144.86,144.85,137.62,7.23,1
1731,resnet,medium,warm,200,134.28,134.26,126.43,7.84,1
1732,resnet,small,warm,200,158.67,158.65,151.46,7.19,1
1733,mobilenet,medium,warm,200,29.91,29.9,22.99,6.9,1
1734,mobilenet,small,warm,200,30.94,30.92,22.72,8.2,1
1735,resnet,small,warm,200,134.54,134.52,126.09,8.43,1
1736,resnet,large,warm,200,144.99,144.97,137.14,7.83,1
1737,resnet,large,warm,200,161.57,161.55,154.87,6.68,1
1738,mobilenet,small,warm,200,25.54,25.52,17.84,7.68,1
1739,mobilenet,small,warm,200,36.37,36.36,28.96,7.39,1
1740,mobilenet,medium,warm,200,35.27,35.25,27.73,7.53,1
1741,mobilenet,small,warm,200,29.0,28.98,18.14,10.84,1
1742,resnet,medium,warm,200,131.58,131.54,124.13,7.41,1
1743,mobilenet,small,warm,200,30.64,30.57,22.8,7.77,1
1744,mobilenet,large,warm,200,31.73,31.71,22.84,8.87,1
1745,resnet,large,warm,200,165.91,165.89,157.81,8.09,1
1746,resnet,large,warm,200,198.82,198.8,191.36,7.44,1
1747,mobilenet,large,warm,200,31.71,31.69,22.85,8.84,1
1748,resnet,large,warm,200,131.58,131.54,124.19,7.35,1
1749,mobilenet,large,warm,200,30.6,30.58,22.91,7.67,1
1750,mobilenet,medium,warm,200,49.39,49.37,40.39,8.99,1
1751,resnet,small,warm,200,159.14,159.11,151.03,8.08,1
1752,resnet,small,warm,200,147.85,147.82,140.13,7.69,1
1753,mobilenet,small,warm,200,29.55,29.55,22.81,6.74,1
1754,mobilenet,large,warm,200,24.68,24.68,18.2,6.47,1
1755,mobilenet,small,warm,200,30.35,30.35,23.17,7.18,1
1756,resnet,small,warm,200,156.73,156.72,149.53,7.19,1
1757,resnet,large,warm,200,144.1,144.1,137.06,7.04,1
1758,mobilenet,small,warm,200,31.39,31.37,23.28,8.1,1
1759,resnet,large,warm,200,133.12,133.11,125.52,7.58,1
1760,mobilenet,medium,warm,200,32.75,32.74,23.66,9.08,1
1761,mobilenet,small,warm,200,23.29,23.29,17.64,5.65,1
1762,mobilenet,large,warm,200,41.68,41.67,31.32,10.36,1
1763,mobilenet,small,warm,200,34.84,34.83,28.68,6.15,1
1764,resnet,small,warm,200,176.49,176.48,168.94,7.54,1
1765,resnet,large,warm,200,144.84,144.83,137.41,7.42,1
1766,resnet,large,warm,200,136.17,136.17,129.01,7.15,1
1767,mobilenet,medium,warm,200,31.07,31.06,22.32,8.74,1
1768,resnet,medium,warm,200,132.91,132.9,125.25,7.65,1
1769,mobilenet,small,warm,200,33.09,33.07,23.21,9.86,1
1770,resnet,large,warm,200,258.63,258.61,248.15,10.46,1
1771,resnet,large,warm,200,134.04,134.02,125.57,8.45,1
1772,resnet,small,warm,200,129.99,129.97,122.21,7.76,1
1773,resnet,small,warm,200,145.42,145.4,137.3,8.1,1
1774,mobilenet,medium,warm,200,33.04,33.02,21.99,11.03,1
1775,resnet,large,warm,200,168.64,168.62,160.29,8.33,1
1776,resnet,small,warm,200,131.25,131.23,122.73,8.49,1
1777,mobilenet,large,warm,200,32.92,32.9,22.28,10.63,1
1778,mobilenet,large,warm,200,31.83,31.78,23.18,8.6,1
1779,resnet,large,warm,200,134.38,134.36,126.46,7.91,1
1780,mobilenet,small,warm,200,32.55,32.53,23.59,8.95,1
1781,resnet,large,warm,200,154.03,154.01,145.43,8.57,1
1782,mobilenet,large,warm,200,33.4,33.38,23.33,10.06,1
1783,mobilenet,medium,warm,200,31.45,31.44,23.35,8.09,1
1784,mobilenet,medium,warm,200,35.09,35.07,27.94,7.14,1
1785,mobilenet,small,warm,200,34.76,34.74,26.67,8.07,1
1786,resnet,medium,warm,200,144.81,144.79,135.56,9.23,1
1787,mobilenet,large,warm,200,25.76,25.74,17.87,7.87,1
1788,mobilenet,large,warm,200,25.07,25.05,17.64,7.41,1
1789,resnet,medium,warm,200,138.69,138.67,130.05,8.62,1
1790,mobilenet,medium,warm,200,35.03,35.01,26.33,8.68,1
1791,mobilenet,small,warm,200,31.35,31.33,22.75,8.58,1
1792,mobilenet,medium,warm,200,31.88,31.86,22.82,9.04,1
1793,resnet,small,warm,200,213.36,213.35,205.75,7.6,1
1794,mobilenet,small,warm,200,30.72,30.67,23.15,7.52,1
1795,resnet,medium,warm,200,155.36,155.34,148.16,7.18,1
1796,resnet,small,warm,200,131.7,131.69,123.78,7.9,1
1797,resnet,medium,warm,200,133.35,133.34,124.71,8.63,1
1798,resnet,medium,warm,200,132.88,132.86,124.69,8.17,1
1799,resnet,small,warm,200,158.31,158.29,149.93,8.36,1
1800,resnet,large,warm,200,142.76,142.74,134.28,8.46,1
1801,mobilenet,small,warm,200,33.13,33.12,24.35,8.76,1
1802,resnet,small,warm,200,142.64,142.62,133.94,8.68,1
1803,mobilenet,medium,warm,200,32.66,32.64,24.47,8.18,1
1804,mobilenet,medium,warm,200,35.98,35.95,27.05,8.9,1
1805,resnet,small,warm,200,142.75,142.73,134.95,7.78,1
1806,mobilenet,medium,warm,200,31.99,31.97,23.34,8.62,1
1807,mobilenet,medium,warm,200,24.27,24.25,17.94,6.31,1
1808,mobilenet,large,warm,200,32.97,32.95,20.65,12.31,1
1809,mobilenet,large,warm,200,26.25,26.23,17.82,8.41,1
1810,mobilenet,medium,warm,200,28.32,28.3,17.52,10.78,1
1811,resnet,large,warm,200,161.33,161.32,153.99,7.34,1
1812,mobilenet,medium,warm,200,30.77,30.76,22.94,7.82,1
1813,mobilenet,large,warm,200,31.5,31.49,23.0,8.49,1
1814,resnet,small,warm,200,132.58,132.57,125.74,6.84,1
1815,mobilenet,small,warm,200,29.67,29.66,22.87,6.79,1
1816,resnet,small,warm,200,199.74,199.73,192.89,6.84,1
1817,mobilenet,medium,warm,200,32.21,32.19,22.9,9.29,1
1818,resnet,large,warm,200,143.11,143.09,135.11,7.98,1
1819,resnet,medium,warm,200,131.34,131.33,125.09,6.24,1
1820,mobilenet,small,warm,200,28.79,28.77,17.82,10.96,1
1821,mobilenet,medium,warm,200,28.24,28.23,17.9,10.34,1
1822,resnet,small,warm,200,151.26,151.25,143.95,7.3,1
1823,mobilenet,medium,warm,200,25.31,25.3,17.86,7.44,1
1824,mobilenet,medium,warm,200,29.29,29.28,23.24,6.04,1
1825,mobilenet,medium,warm,200,31.14,31.13,24.3,6.83,1
1826,resnet,small,warm,200,130.19,130.19,123.49,6.7,1
1827,mobilenet,small,warm,200,30.15,30.15,22.95,7.2,1
1828,mobilenet,small,warm,200,30.25,30.24,23.12,7.12,1
1829,resnet,small,warm,200,147.81,147.79,138.26,9.53,1
1830,resnet,small,warm,200,132.01,132.0,124.88,7.12,1
1831,resnet,medium,warm,200,138.19,138.18,130.45,7.73,1
1832,resnet,medium,warm,200,138.68,138.67,131.8,6.87,1
1833,resnet,small,warm,200,137.44,137.43,129.81,7.62,1
1834,resnet,small,warm,200,154.57,154.56,147.86,6.7,1
1835,resnet,medium,warm,200,132.41,132.4,125.89,6.51,1
1836,resnet,small,warm,200,129.65,129.64,123.4,6.24,1
1837,resnet,small,warm,200,141.12,141.1,133.17,7.93,1
1838,resnet,medium,warm,200,131.44,131.42,123.6,7.82,1
1839,resnet,medium,warm,200,142.76,142.75,135.72,7.03,1
1840,mobilenet,medium,warm,200,30.57,30.56,22.71,7.85,1
1841,mobilenet,small,warm,200,31.06,31.04,22.95,8.09,1
1842,mobilenet,small,warm,200,30.89,30.88,23.2,7.67,1
1843,resnet,large,warm,200,144.84,144.83,136.89,7.93,1
1844,resnet,large,warm,200,139.99,139.97,132.15,7.82,1
1845,mobilenet,large,warm,200,36.2,36.19,27.95,8.24,1
1846,mobilenet,medium,warm,200,25.82,25.78,18.32,7.47,1
1847,resnet,large,warm,200,156.3,156.28,148.54,7.73,1
1848,resnet,large,warm,200,133.65,133.63,126.37,7.27,1
1849,mobilenet,medium,warm,200,34.95,34.92,27.09,7.83,1
1850,resnet,small,warm,200,133.67,133.64,126.36,7.29,1
1851,resnet,large,warm,200,133.61,133.59,125.25,8.34,1
1852,mobilenet,large,warm,200,35.66,35.64,28.09,7.55,1
1853,mobilenet,small,warm,200,31.26,31.24,22.81,8.43,1
1854,resnet,small,warm,200,155.65,155.64,148.36,7.28,1
1855,mobilenet,small,warm,200,55.83,55.81,46.71,9.11,1
1856,mobilenet,small,warm,200,27.95,27.92,18.62,9.31,1
1857,mobilenet,medium,warm,200,25.92,25.9,17.91,7.99,1
1858,mobilenet,large,warm,200,26.2,26.18,17.91,8.27,1
1859,resnet,small,warm,200,146.42,146.42,138.54,7.88,1
1860,mobilenet,large,warm,200,34.1,34.1,23.14,10.95,1
1861,resnet,medium,warm,200,157.42,157.42,150.85,6.57,1
1862,mobilenet,small,warm,200,30.87,30.86,22.83,8.03,1
1863,resnet,large,warm,200,148.96,148.94,140.93,8.01,1
1864,resnet,large,warm,200,128.92,128.91,123.04,5.87,1
1865,resnet,medium,warm,200,141.28,141.27,133.98,7.29,1
1866,resnet,small,warm,200,139.34,139.33,132.47,6.85,1
1867,resnet,small,warm,200,159.13,159.12,152.56,6.56,1
1868,resnet,small,warm,200,140.35,140.34,132.53,7.81,1
1869,mobilenet,large,warm,200,28.23,28.22,21.39,6.83,1
1870,mobilenet,small,warm,200,24.24,24.23,17.57,6.66,1
1871,mobilenet,medium,warm,200,30.54,30.53,23.24,7.29,1
1872,resnet,medium,warm,200,174.51,174.5,167.94,6.57,1
1873,resnet,medium,warm,200,142.58,142.57,135.77,6.8,1
1874,resnet,large,warm,200,133.27,133.27,126.8,6.47,1
1875,resnet,small,warm,200,350.16,350.15,343.96,6.19,1
1876,mobilenet,medium,warm,200,31.74,31.72,22.89,8.83,1
1877,resnet,small,warm,200,144.93,144.93,138.01,6.91,1
1878,resnet,small,warm,200,160.3,160.29,153.28,7.02,1
1879,resnet,medium,warm,200,133.21,133.2,126.29,6.91,1
1880,mobilenet,small,warm,200,26.05,26.04,17.61,8.43,1
1881,resnet,medium,warm,200,144.22,144.22,137.95,6.27,1
1882,resnet,small,warm,200,141.29,141.28,134.68,6.6,1
1883,resnet,medium,warm,200,152.29,152.27,145.33,6.94,1
1884,resnet,medium,warm,200,135.57,135.54,127.15,8.39,1
1885,resnet,large,warm,200,134.4,134.39,125.9,8.49,1
1886,mobilenet,small,warm,200,41.35,41.34,32.95,8.38,1
1887,mobilenet,medium,warm,200,32.23,32.21,23.25,8.96,1
1888,resnet,medium,warm,200,142.72,142.7,136.52,6.18,1
1889,resnet,large,warm,200,159.9,159.88,152.43,7.45,1
1890,resnet,large,warm,200,129.8,129.78,122.73,7.05,1
1891,mobilenet,small,warm,200,23.53,23.52,17.95,5.57,1
1892,resnet,small,warm,200,129.3,129.29,123.58,5.71,1
1893,resnet,large,warm,200,146.69,146.68,139.94,6.74,1
1894,resnet,large,warm,200,182.12,182.12,173.62,8.49,1
1895,resnet,small,warm,200,151.7,151.7,144.38,7.32,1
1896,mobilenet,small,warm,200,30.83,30.83,23.58,7.24,1
1897,resnet,large,warm,200,232.78,232.78,224.24,8.54,1
1898,resnet,small,warm,200,309.69,309.67,301.18,8.49,1
1899,mobilenet,small,warm,200,30.12,30.11,22.94,7.16,1
1900,mobilenet,small,warm,200,36.86,36.84,25.7,11.14,1
1901,mobilenet,small,warm,200,29.32,29.3,17.94,11.36,1
1902,mobilenet,medium,warm,200,25.39,25.37,18.09,7.28,1
1903,mobilenet,medium,warm,200,25.47,25.45,18.06,7.39,1
1904,mobilenet,medium,warm,200,25.48,25.45,17.77,7.69,1
1905,resnet,medium,warm,200,158.91,158.89,149.92,8.98,1
1906,resnet,large,warm,200,140.44,140.42,132.05,8.37,1
1907,mobilenet,large,warm,200,32.44,32.41,22.86,9.55,1
1908,mobilenet,small,warm,200,31.71,31.68,23.01,8.67,1
1909,resnet,medium,warm,200,165.87,165.85,157.6,8.25,1
1910,resnet,small,warm,200,134.1,134.08,125.97,8.12,1
1911,resnet,large,warm,200,156.17,156.14,148.65,7.49,1
1912,resnet,medium,warm,200,131.09,131.07,122.63,8.45,1
1913,mobilenet,medium,warm,200,75.35,75.33,58.66,16.67,1
1914,mobilenet,medium,warm,200,25.33,25.3,18.48,6.82,1
1915,mobilenet,medium,warm,200,25.81,25.79,18.27,7.52,1
1916,mobilenet,small,warm,200,29.03,29.01,17.49,11.52,1
1917,mobilenet,small,warm,200,25.33,25.31,17.82,7.49,1
1918,mobilenet,large,warm,200,32.85,32.83,23.96,8.87,1
1919,mobilenet,medium,warm,200,31.89,31.87,22.85,9.01,1
1920,resnet,large,warm,200,244.77,244.75,235.8,8.95,1
1921,mobilenet,large,warm,200,32.18,32.16,23.11,9.05,1
1922,mobilenet,medium,warm,200,33.56,33.55,22.91,10.63,1
1923,mobilenet,large,warm,200,33.18,33.16,23.3,9.86,1
1924,mobilenet,large,warm,200,36.79,36.77,25.17,11.6,1
1925,mobilenet,small,warm,200,26.4,26.38,17.83,8.55,1
1926,resnet,large,warm,200,155.49,155.47,147.24,8.23,1
1927,resnet,large,warm,200,135.77,135.75,126.93,8.82,1
1928,resnet,medium,warm,200,131.11,131.1,122.73,8.36,1
1929,resnet,medium,warm,200,133.86,133.83,126.25,7.58,1
1930,resnet,medium,warm,200,139.3,139.28,131.47,7.81,1
1931,mobilenet,medium,warm,200,33.43,33.41,22.88,10.53,1
1932,resnet,large,warm,200,181.22,181.2,172.86,8.34,1
1933,resnet,large,warm,200,223.08,223.08,215.54,7.54,1
1934,mobilenet,small,warm,200,31.96,31.94,23.17,8.77,1
1935,resnet,large,warm,200,133.87,133.85,124.79,9.06,1
1936,resnet,medium,warm,200,132.05,132.05,124.35,7.7,1
1937,mobilenet,medium,warm,200,28.61,28.59,19.17,9.42,1
1938,mobilenet,medium,warm,200,25.62,25.59,17.88,7.72,1
1939,resnet,large,warm,200,163.4,163.38,155.26,8.12,1
1940,resnet,medium,warm,200,141.74,141.71,132.72,8.99,1
1941,resnet,large,warm,200,134.5,134.48,127.23,7.25,1
1942,resnet,small,warm,200,140.29,140.28,132.24,8.04,1
1943,mobilenet,large,warm,200,67.25,67.24,59.37,7.87,1
1944,mobilenet,small,warm,200,24.57,24.55,17.85,6.71,1
1945,resnet,large,warm,200,131.51,131.5,124.69,6.81,1
1946,resnet,large,warm,200,131.87,131.86,123.86,8.0,1
1947,mobilenet,large,warm,200,26.09,26.07,18.0,8.07,1
1948,mobilenet,large,warm,200,52.83,52.82,45.58,7.24,1
1949,resnet,medium,warm,200,144.11,144.09,136.32,7.77,1
1950,resnet,medium,warm,200,171.77,171.75,162.96,8.8,1
1951,resnet,medium,warm,200,135.2,135.19,126.71,8.47,1
1952,mobilenet,large,warm,200,32.12,32.1,23.11,8.99,1
1953,mobilenet,medium,warm,200,32.97,32.95,23.35,9.61,1
1954,mobilenet,large,warm,200,32.89,32.88,25.75,7.13,1
1955,resnet,large,warm,200,228.83,228.82,221.09,7.73,1
1956,resnet,large,warm,200,296.26,296.25,288.97,7.28,1
1957,resnet,small,warm,200,139.87,139.86,132.77,7.09,1
1958,mobilenet,medium,warm,200,36.17,36.15,28.24,7.91,1
1959,mobilenet,medium,warm,200,28.53,28.52,21.18,7.34,1
1960,mobilenet,large,warm,200,41.02,41.0,29.82,11.19,1
1961,resnet,large,warm,200,154.05,154.04,145.98,8.06,1
1962,mobilenet,large,warm,200,28.42,28.4,17.73,10.67,1
1963,resnet,large,warm,200,134.22,134.21,126.26,7.95,1
1964,mobilenet,small,warm,200,30.79,30.77,23.15,7.61,1
1965,resnet,small,warm,200,144.14,144.12,135.25,8.87,1
1966,resnet,medium,warm,200,160.55,160.53,152.76,7.78,1
1967,resnet,medium,warm,200,145.57,145.55,137.36,8.19,1
1968,resnet,large,warm,200,131.22,131.2,122.64,8.56,1
1969,resnet,medium,warm,200,132.19,132.17,124.46,7.71,1
1970,mobilenet,medium,warm,200,42.28,42.26,34.35,7.91,1
1971,mobilenet,large,warm,200,34.25,34.23,24.16,10.07,1
1972,mobilenet,medium,warm,200,27.86,27.84,17.73,10.1,1
1973,mobilenet,large,warm,200,25.51,25.49,17.77,7.72,1
1974,mobilenet,large,warm,200,26.06,26.04,17.74,8.3,1
1975,resnet,large,warm,200,162.08,162.06,154.57,7.5,1
1976,resnet,medium,warm,200,138.54,138.52,130.83,7.69,1
1977,mobilenet,small,warm,200,31.9,31.88,23.06,8.82,1
1978,mobilenet,small,warm,200,29.96,29.95,22.77,7.18,1
1979,resnet,medium,warm,200,285.66,285.64,278.99,6.64,1
1980,resnet,small,warm,200,132.42,132.4,124.48,7.93,1
1981,resnet,large,warm,200,166.96,166.94,158.74,8.19,1
1982,mobilenet,small,warm,200,36.56,36.54,29.42,7.12,1
1983,resnet,medium,warm,200,134.67,134.65,127.15,7.5,1
1984,mobilenet,medium,warm,200,25.12,25.1,17.91,7.19,1
1985,mobilenet,small,warm,200,24.2,24.19,17.55,6.64,1
1986,resnet,medium,warm,200,136.24,136.24,129.04,7.2,1
1987,mobilenet,small,warm,200,30.79,30.77,23.19,7.58,1
1988,mobilenet,medium,warm,200,30.58,30.57,23.23,7.34,1
1989,mobilenet,small,warm,200,30.33,30.31,23.45,6.87,1
1990,resnet,large,warm,200,163.41,163.39,154.59,8.8,1
1991,resnet,medium,warm,200,153.57,153.56,146.23,7.33,1
1992,resnet,medium,warm,200,144.28,144.26,136.27,7.99,1
1993,resnet,small,warm,200,136.24,136.22,128.5,7.71,1
1994,mobilenet,large,warm,200,33.99,33.98,26.92,7.06,1
1995,mobilenet,large,warm,200,36.34,36.32,28.58,7.74,1
1996,resnet,small,warm,200,153.86,153.83,146.38,7.46,1
1997,resnet,large,warm,200,134.35,134.34,127.26,7.08,1
1998,mobilenet,small,warm,200,35.51,35.49,23.04,12.46,1
1999,mobilenet,large,warm,200,31.43,31.42,22.9,8.52,1
