I0505 16:38:01.055480       1 serving.go:386] Generated self-signed cert in-memory
W0505 16:38:01.056102       1 client_config.go:683] Neither --kubeconfig nor --master was specified.  Using the inClusterConfig.  This might not work.
I0505 16:38:01.073770       1 scheduler.go:283] ===  SCHEDULer New  ===
I0505 16:38:01.076209       1 scheduler.go:457] "fonction New() construit le scheduler, mais ne commence pas à scheduler les pods, c'est la fonction Run() qui commence le scheduling des pods." duration ="2.407887ms"
I0505 16:38:01.078174       1 server.go:175] "Starting Kubernetes Scheduler" version="v0.0.0-master+$Format:%H$"
I0505 16:38:01.078242       1 server.go:177] "Golang settings" GOGC="" GOMAXPROCS="" GOTRACEBACK=""
I0505 16:38:01.083150       1 requestheader_controller.go:180] Starting RequestHeaderAuthRequestController
I0505 16:38:01.083153       1 configmap_cafile_content.go:205] "Starting controller" name="client-ca::kube-system::extension-apiserver-authentication::client-ca-file"
I0505 16:38:01.083173       1 shared_informer.go:375] "Waiting for caches to sync"
I0505 16:38:01.083177       1 shared_informer.go:375] "Waiting for caches to sync"
I0505 16:38:01.083207       1 configmap_cafile_content.go:205] "Starting controller" name="client-ca::kube-system::extension-apiserver-authentication::requestheader-client-ca-file"
I0505 16:38:01.083217       1 shared_informer.go:375] "Waiting for caches to sync"
I0505 16:38:01.083618       1 secure_serving.go:211] Serving securely on [::]:10259
I0505 16:38:01.083684       1 tlsconfig.go:243] "Starting DynamicServingCertificateController"
I0505 16:38:01.283661       1 shared_informer.go:382] "Caches are synced"
I0505 16:38:01.283661       1 shared_informer.go:382] "Caches are synced"
I0505 16:38:01.283670       1 shared_informer.go:382] "Caches are synced"
I0505 16:38:01.284460       1 scheduler.go:542] ===  SCHEDULing RUN ===
I0505 16:38:01.284524       1 schedule_one.go:67] === MON SCHEDULER MODIFIÉ EST EN TRAIN DE TOURNER ===
I0506 07:45:50.183460       1 schedule_one.go:67] === MON SCHEDULER MODIFIÉ EST EN TRAIN DE TOURNER ===
I0506 07:45:50.184926       1 schedule_one.go:67] === MON SCHEDULER MODIFIÉ EST EN TRAIN DE TOURNER ===
I0506 07:45:50.186150       1 schedule_one.go:67] === MON SCHEDULER MODIFIÉ EST EN TRAIN DE TOURNER ===
I0506 07:45:50.188771       1 schedule_one.go:67] === MON SCHEDULER MODIFIÉ EST EN TRAIN DE TOURNER ===
I0506 07:45:50.215232       1 schedule_one.go:166] "scheduling algorithm completed" duration ="33.875393ms" pod="default/fastfouriertransform-00001-deployment-5f7f4bb84b-x5xdt"
I0506 07:45:50.216569       1 schedule_one.go:67] === MON SCHEDULER MODIFIÉ EST EN TRAIN DE TOURNER ===
I0506 07:45:50.241880       1 schedule_one.go:166] "scheduling algorithm completed" duration ="53.807927ms" pod="default/graphgen-00001-deployment-778bbfcf48-g6lmj"
I0506 07:45:50.243481       1 schedule_one.go:166] "scheduling algorithm completed" duration ="57.836752ms" pod="default/resnet-00001-deployment-57c4bfb987-nxlk8"
I0506 07:45:50.305746       1 schedule_one.go:166] "scheduling algorithm completed" duration ="122.243083ms" pod="default/matrixmul-00001-deployment-7dc7847b4f-8wzpl"
I0506 07:45:50.347360       1 schedule_one.go:166] "scheduling algorithm completed" duration ="131.613582ms" pod="default/matrixmul-00001-deployment-7dc7847b4f-5plm5"
I0506 07:45:50.499530       1 schedule_one.go:67] === MON SCHEDULER MODIFIÉ EST EN TRAIN DE TOURNER ===
I0506 07:45:50.536158       1 schedule_one.go:67] === MON SCHEDULER MODIFIÉ EST EN TRAIN DE TOURNER ===
I0506 07:45:50.539477       1 schedule_one.go:67] === MON SCHEDULER MODIFIÉ EST EN TRAIN DE TOURNER ===
I0506 07:45:50.581612       1 schedule_one.go:166] "scheduling algorithm completed" duration ="82.650571ms" pod="default/graphgen-00001-deployment-778bbfcf48-4mv2l"
I0506 07:45:50.590513       1 schedule_one.go:166] "scheduling algorithm completed" duration ="55.047999ms" pod="default/genmatrix-00001-deployment-7dbddd585-95vgw"
I0506 07:45:50.617197       1 schedule_one.go:67] === MON SCHEDULER MODIFIÉ EST EN TRAIN DE TOURNER ===
I0506 07:45:50.663687       1 schedule_one.go:166] "scheduling algorithm completed" duration ="47.301625ms" pod="default/mobilenet-00001-deployment-59bbf999b6-6z5wj"
I0506 07:45:50.703072       1 schedule_one.go:166] "scheduling algorithm completed" duration ="164.188312ms" pod="default/resnet-00001-deployment-57c4bfb987-mq5p9"
I0506 07:45:50.726440       1 schedule_one.go:67] === MON SCHEDULER MODIFIÉ EST EN TRAIN DE TOURNER ===
I0506 07:45:50.727795       1 schedule_one.go:67] === MON SCHEDULER MODIFIÉ EST EN TRAIN DE TOURNER ===
I0506 07:45:50.772771       1 schedule_one.go:166] "scheduling algorithm completed" duration ="47.493532ms" pod="default/fetchdata-00001-deployment-99f85775b-ffqrr"
I0506 07:45:50.772879       1 schedule_one.go:166] "scheduling algorithm completed" duration ="46.187257ms" pod="default/genmatrix-00001-deployment-7dbddd585-wmt92"
I0506 07:45:50.809984       1 schedule_one.go:67] === MON SCHEDULER MODIFIÉ EST EN TRAIN DE TOURNER ===
I0506 07:45:50.815130       1 schedule_one.go:67] === MON SCHEDULER MODIFIÉ EST EN TRAIN DE TOURNER ===
I0506 07:45:50.843574       1 schedule_one.go:166] "scheduling algorithm completed" duration ="29.077793ms" pod="default/fetchdata-00001-deployment-99f85775b-6vlh9"
I0506 07:45:50.878244       1 schedule_one.go:166] "scheduling algorithm completed" duration ="68.807174ms" pod="default/grayscale-00001-deployment-94d4646fd-l2n7l"
I0506 07:45:50.887476       1 schedule_one.go:67] === MON SCHEDULER MODIFIÉ EST EN TRAIN DE TOURNER ===
I0506 07:45:50.906376       1 schedule_one.go:166] "scheduling algorithm completed" duration ="19.949478ms" pod="default/grayscale-00001-deployment-94d4646fd-2d9xh"
I0506 07:45:50.945847       1 schedule_one.go:67] === MON SCHEDULER MODIFIÉ EST EN TRAIN DE TOURNER ===
I0506 07:45:50.948214       1 schedule_one.go:67] === MON SCHEDULER MODIFIÉ EST EN TRAIN DE TOURNER ===
I0506 07:45:50.981975       1 schedule_one.go:166] "scheduling algorithm completed" duration ="36.872239ms" pod="default/linpack-00001-deployment-5f6694d7c6-4sjr4"
I0506 07:45:51.010191       1 schedule_one.go:166] "scheduling algorithm completed" duration ="63.551092ms" pod="default/pagerank-00001-deployment-7d5555f8bb-ng8fb"
I0506 07:45:51.048573       1 schedule_one.go:67] === MON SCHEDULER MODIFIÉ EST EN TRAIN DE TOURNER ===
I0506 07:45:51.051662       1 schedule_one.go:67] === MON SCHEDULER MODIFIÉ EST EN TRAIN DE TOURNER ===
I0506 07:45:51.088894       1 schedule_one.go:166] "scheduling algorithm completed" duration ="41.363693ms" pod="default/pagerank-00001-deployment-7d5555f8bb-pvs5k"
I0506 07:45:51.110805       1 schedule_one.go:166] "scheduling algorithm completed" duration ="60.953356ms" pod="default/linpack-00001-deployment-5f6694d7c6-dvkt7"
I0506 07:45:51.955730       1 schedule_one.go:67] === MON SCHEDULER MODIFIÉ EST EN TRAIN DE TOURNER ===
I0506 07:45:52.016654       1 schedule_one.go:166] "scheduling algorithm completed" duration ="61.556319ms" pod="default/fastfouriertransform-00001-deployment-5f7f4bb84b-5blvv"
I0506 07:45:52.036690       1 schedule_one.go:67] === MON SCHEDULER MODIFIÉ EST EN TRAIN DE TOURNER ===
I0506 07:45:52.082003       1 schedule_one.go:166] "scheduling algorithm completed" duration ="45.955036ms" pod="default/fetchdata-00001-deployment-99f85775b-s8rfp"
I0506 07:45:52.175562       1 schedule_one.go:67] === MON SCHEDULER MODIFIÉ EST EN TRAIN DE TOURNER ===
I0506 07:45:52.236564       1 schedule_one.go:166] "scheduling algorithm completed" duration ="61.767707ms" pod="default/grayscale-00001-deployment-94d4646fd-9cbn7"
I0506 07:45:52.309409       1 schedule_one.go:67] === MON SCHEDULER MODIFIÉ EST EN TRAIN DE TOURNER ===
I0506 07:45:52.316265       1 schedule_one.go:67] === MON SCHEDULER MODIFIÉ EST EN TRAIN DE TOURNER ===
I0506 07:45:52.339362       1 schedule_one.go:166] "scheduling algorithm completed" duration ="30.617326ms" pod="default/linpack-00001-deployment-5f6694d7c6-4xkrw"
I0506 07:45:52.394098       1 schedule_one.go:166] "scheduling algorithm completed" duration ="78.569135ms" pod="default/matrixmul-00001-deployment-7dc7847b4f-jw5w7"
I0506 07:45:54.365707       1 schedule_one.go:67] === MON SCHEDULER MODIFIÉ EST EN TRAIN DE TOURNER ===
I0506 07:45:54.399655       1 schedule_one.go:166] "scheduling algorithm completed" duration ="34.777391ms" pod="default/grayscale-00001-deployment-94d4646fd-qvtlq"
I0506 07:45:54.472396       1 schedule_one.go:67] === MON SCHEDULER MODIFIÉ EST EN TRAIN DE TOURNER ===
I0506 07:45:54.483409       1 schedule_one.go:166] "scheduling algorithm completed" duration ="11.89642ms" pod="default/graphgen-00001-deployment-778bbfcf48-flpqq"
I0506 07:45:54.657562       1 schedule_one.go:67] === MON SCHEDULER MODIFIÉ EST EN TRAIN DE TOURNER ===
I0506 07:45:54.702267       1 schedule_one.go:166] "scheduling algorithm completed" duration ="45.731351ms" pod="default/linpack-00001-deployment-5f6694d7c6-mlgg9"
I0506 07:45:55.002862       1 schedule_one.go:67] === MON SCHEDULER MODIFIÉ EST EN TRAIN DE TOURNER ===
I0506 07:45:55.009880       1 schedule_one.go:166] "scheduling algorithm completed" duration ="7.747743ms" pod="default/mobilenet-00001-deployment-59bbf999b6-skbms"
I0506 07:45:55.123893       1 schedule_one.go:67] === MON SCHEDULER MODIFIÉ EST EN TRAIN DE TOURNER ===
I0506 07:45:55.132439       1 schedule_one.go:166] "scheduling algorithm completed" duration ="9.803054ms" pod="default/pagerank-00001-deployment-7d5555f8bb-p4wzm"
I0506 07:45:55.242835       1 schedule_one.go:67] === MON SCHEDULER MODIFIÉ EST EN TRAIN DE TOURNER ===
I0506 07:45:55.248985       1 schedule_one.go:166] "scheduling algorithm completed" duration ="6.985486ms" pod="default/resnet-00001-deployment-57c4bfb987-tfs4s"
I0506 07:45:55.399476       1 schedule_one.go:67] === MON SCHEDULER MODIFIÉ EST EN TRAIN DE TOURNER ===
I0506 07:45:55.530968       1 schedule_one.go:166] "scheduling algorithm completed" duration ="134.111058ms" pod="default/fetchdata-00001-deployment-99f85775b-j9xb7"
I0506 07:45:56.315319       1 schedule_one.go:67] === MON SCHEDULER MODIFIÉ EST EN TRAIN DE TOURNER ===
I0506 07:45:56.329946       1 schedule_one.go:166] "scheduling algorithm completed" duration ="19.565367ms" pod="default/matrixmul-00001-deployment-7dc7847b4f-447mj"
I0506 07:45:56.441607       1 schedule_one.go:67] === MON SCHEDULER MODIFIÉ EST EN TRAIN DE TOURNER ===
I0506 07:45:56.535313       1 schedule_one.go:166] "scheduling algorithm completed" duration ="94.380325ms" pod="default/resnet-00001-deployment-57c4bfb987-s7kl9"
I0506 07:45:56.587052       1 schedule_one.go:67] === MON SCHEDULER MODIFIÉ EST EN TRAIN DE TOURNER ===
I0506 07:45:56.677447       1 schedule_one.go:166] "scheduling algorithm completed" duration ="91.191091ms" pod="default/fetchdata-00001-deployment-99f85775b-c5dmm"
I0506 07:45:56.983331       1 schedule_one.go:67] === MON SCHEDULER MODIFIÉ EST EN TRAIN DE TOURNER ===
I0506 07:45:57.068415       1 schedule_one.go:166] "scheduling algorithm completed" duration ="85.849916ms" pod="default/grayscale-00001-deployment-94d4646fd-g58xx"
I0506 07:45:58.107632       1 schedule_one.go:67] === MON SCHEDULER MODIFIÉ EST EN TRAIN DE TOURNER ===
I0506 07:45:58.143074       1 schedule_one.go:166] "scheduling algorithm completed" duration ="37.457738ms" pod="default/grayscale-00001-deployment-94d4646fd-fmcxl"
I0506 07:45:58.296590       1 schedule_one.go:67] === MON SCHEDULER MODIFIÉ EST EN TRAIN DE TOURNER ===
I0506 07:45:58.321023       1 schedule_one.go:166] "scheduling algorithm completed" duration ="26.573075ms" pod="default/linpack-00001-deployment-5f6694d7c6-s4qfs"
I0506 07:45:58.361950       1 schedule_one.go:67] === MON SCHEDULER MODIFIÉ EST EN TRAIN DE TOURNER ===
I0506 07:45:58.415146       1 schedule_one.go:166] "scheduling algorithm completed" duration ="53.804445ms" pod="default/resnet-00001-deployment-57c4bfb987-w6sjg"
I0506 07:46:00.023737       1 schedule_one.go:67] === MON SCHEDULER MODIFIÉ EST EN TRAIN DE TOURNER ===
I0506 07:46:00.045558       1 schedule_one.go:67] === MON SCHEDULER MODIFIÉ EST EN TRAIN DE TOURNER ===
I0506 07:46:00.081795       1 schedule_one.go:166] "scheduling algorithm completed" duration ="61.411059ms" pod="default/resnet-00001-deployment-57c4bfb987-qvz4r"
I0506 07:46:00.121445       1 schedule_one.go:67] === MON SCHEDULER MODIFIÉ EST EN TRAIN DE TOURNER ===
I0506 07:46:00.127111       1 schedule_one.go:166] "scheduling algorithm completed" duration ="83.979476ms" pod="default/graphgen-00001-deployment-778bbfcf48-8gw5b"
I0506 07:46:00.192790       1 schedule_one.go:166] "scheduling algorithm completed" duration ="72.585518ms" pod="default/resnet-00001-deployment-57c4bfb987-xbv4r"
I0506 07:46:00.211570       1 schedule_one.go:67] === MON SCHEDULER MODIFIÉ EST EN TRAIN DE TOURNER ===
I0506 07:46:00.314190       1 schedule_one.go:166] "scheduling algorithm completed" duration ="103.806899ms" pod="default/grayscale-00001-deployment-94d4646fd-h2pqw"
I0506 07:46:00.412614       1 schedule_one.go:67] === MON SCHEDULER MODIFIÉ EST EN TRAIN DE TOURNER ===
I0506 07:46:00.470730       1 schedule_one.go:166] "scheduling algorithm completed" duration ="58.899249ms" pod="default/grayscale-00001-deployment-94d4646fd-thvvd"
I0506 07:46:01.901394       1 schedule_one.go:67] === MON SCHEDULER MODIFIÉ EST EN TRAIN DE TOURNER ===
I0506 07:46:01.941296       1 schedule_one.go:166] "scheduling algorithm completed" duration ="41.039787ms" pod="default/grayscale-00001-deployment-94d4646fd-bgqqw"
I0506 07:46:01.949207       1 schedule_one.go:67] === MON SCHEDULER MODIFIÉ EST EN TRAIN DE TOURNER ===
I0506 07:46:01.983275       1 schedule_one.go:166] "scheduling algorithm completed" duration ="34.708373ms" pod="default/resnet-00001-deployment-57c4bfb987-qksbq"
I0506 07:46:03.919508       1 schedule_one.go:67] === MON SCHEDULER MODIFIÉ EST EN TRAIN DE TOURNER ===
I0506 07:46:03.935654       1 schedule_one.go:166] "scheduling algorithm completed" duration ="17.124298ms" pod="default/grayscale-00001-deployment-94d4646fd-f8ngp"
I0506 07:46:03.977223       1 schedule_one.go:67] === MON SCHEDULER MODIFIÉ EST EN TRAIN DE TOURNER ===
I0506 07:46:04.001202       1 schedule_one.go:166] "scheduling algorithm completed" duration ="24.82769ms" pod="default/grayscale-00001-deployment-94d4646fd-p7lw6"
I0506 07:46:05.899571       1 schedule_one.go:67] === MON SCHEDULER MODIFIÉ EST EN TRAIN DE TOURNER ===
I0506 07:46:05.910767       1 schedule_one.go:166] "scheduling algorithm completed" duration ="12.050068ms" pod="default/fastfouriertransform-00001-deployment-5f7f4bb84b-kd9mk"
I0506 07:46:05.999217       1 schedule_one.go:67] === MON SCHEDULER MODIFIÉ EST EN TRAIN DE TOURNER ===
I0506 07:46:06.028655       1 schedule_one.go:166] "scheduling algorithm completed" duration ="33.236802ms" pod="default/grayscale-00001-deployment-94d4646fd-mwkm5"
I0506 07:46:07.897858       1 schedule_one.go:67] === MON SCHEDULER MODIFIÉ EST EN TRAIN DE TOURNER ===
I0506 07:46:07.926398       1 schedule_one.go:166] "scheduling algorithm completed" duration ="29.672051ms" pod="default/fastfouriertransform-00001-deployment-5f7f4bb84b-tbcwj"
I0506 07:46:08.041158       1 schedule_one.go:67] === MON SCHEDULER MODIFIÉ EST EN TRAIN DE TOURNER ===
I0506 07:46:08.101918       1 schedule_one.go:166] "scheduling algorithm completed" duration ="61.670577ms" pod="default/grayscale-00001-deployment-94d4646fd-rh464"
I0506 07:46:09.856692       1 schedule_one.go:67] === MON SCHEDULER MODIFIÉ EST EN TRAIN DE TOURNER ===
I0506 07:46:09.869973       1 schedule_one.go:166] "scheduling algorithm completed" duration ="14.033694ms" pod="default/grayscale-00001-deployment-94d4646fd-sjc8j"
I0506 07:46:11.904623       1 schedule_one.go:67] === MON SCHEDULER MODIFIÉ EST EN TRAIN DE TOURNER ===
I0506 07:46:11.905610       1 schedule_one.go:67] === MON SCHEDULER MODIFIÉ EST EN TRAIN DE TOURNER ===
I0506 07:46:11.940765       1 schedule_one.go:166] "scheduling algorithm completed" duration ="36.04ms" pod="default/grayscale-00001-deployment-94d4646fd-xgfgk"
I0506 07:46:11.942056       1 schedule_one.go:166] "scheduling algorithm completed" duration ="38.509495ms" pod="default/fastfouriertransform-00001-deployment-5f7f4bb84b-7wzc6"
I0506 07:51:14.759355       1 schedule_one.go:67] === MON SCHEDULER MODIFIÉ EST EN TRAIN DE TOURNER ===
I0506 07:51:14.760627       1 schedule_one.go:67] === MON SCHEDULER MODIFIÉ EST EN TRAIN DE TOURNER ===
I0506 07:51:14.762469       1 schedule_one.go:67] === MON SCHEDULER MODIFIÉ EST EN TRAIN DE TOURNER ===
I0506 07:51:14.765049       1 schedule_one.go:67] === MON SCHEDULER MODIFIÉ EST EN TRAIN DE TOURNER ===
I0506 07:51:14.785369       1 schedule_one.go:166] "scheduling algorithm completed" duration ="25.96976ms" pod="default/grayscale-00001-deployment-94d4646fd-7zmpg"
I0506 07:51:14.803559       1 schedule_one.go:166] "scheduling algorithm completed" duration ="45.360609ms" pod="default/fetchdata-00001-deployment-99f85775b-zww99"
I0506 07:51:14.811411       1 schedule_one.go:166] "scheduling algorithm completed" duration ="50.745857ms" pod="default/resnet-00001-deployment-57c4bfb987-sszzt"
I0506 07:51:14.902898       1 schedule_one.go:166] "scheduling algorithm completed" duration ="140.39428ms" pod="default/linpack-00001-deployment-5f6694d7c6-4plfv"
I0506 07:51:14.967993       1 schedule_one.go:67] === MON SCHEDULER MODIFIÉ EST EN TRAIN DE TOURNER ===
I0506 07:51:15.040322       1 schedule_one.go:166] "scheduling algorithm completed" duration ="73.642198ms" pod="default/graphgen-00001-deployment-778bbfcf48-cxbc7"
I0506 07:51:15.103013       1 schedule_one.go:67] === MON SCHEDULER MODIFIÉ EST EN TRAIN DE TOURNER ===
I0506 07:51:15.156119       1 schedule_one.go:166] "scheduling algorithm completed" duration ="54.327201ms" pod="default/fastfouriertransform-00001-deployment-5f7f4bb84b-c8sm6"
I0506 07:51:15.170009       1 schedule_one.go:67] === MON SCHEDULER MODIFIÉ EST EN TRAIN DE TOURNER ===
I0506 07:51:15.247187       1 schedule_one.go:166] "scheduling algorithm completed" duration ="77.774689ms" pod="default/mobilenet-00001-deployment-59bbf999b6-rz24c"
I0506 07:51:15.443111       1 schedule_one.go:67] === MON SCHEDULER MODIFIÉ EST EN TRAIN DE TOURNER ===
I0506 07:51:15.496685       1 schedule_one.go:166] "scheduling algorithm completed" duration ="55.407459ms" pod="default/matrixmul-00001-deployment-7dc7847b4f-cpdsb"
I0506 07:51:15.852477       1 schedule_one.go:67] === MON SCHEDULER MODIFIÉ EST EN TRAIN DE TOURNER ===
I0506 07:51:15.884924       1 schedule_one.go:166] "scheduling algorithm completed" duration ="33.074023ms" pod="default/pagerank-00001-deployment-7d5555f8bb-h7585"
I0506 07:51:15.906871       1 schedule_one.go:67] === MON SCHEDULER MODIFIÉ EST EN TRAIN DE TOURNER ===
I0506 07:51:15.931254       1 schedule_one.go:166] "scheduling algorithm completed" duration ="25.015133ms" pod="default/genmatrix-00001-deployment-7dbddd585-clgk2"
I0506 07:51:16.059036       1 schedule_one.go:67] === MON SCHEDULER MODIFIÉ EST EN TRAIN DE TOURNER ===
I0506 07:51:16.100034       1 schedule_one.go:166] "scheduling algorithm completed" duration ="41.949301ms" pod="default/fetchdata-00001-deployment-99f85775b-pjkz7"
I0506 07:51:18.244831       1 schedule_one.go:67] === MON SCHEDULER MODIFIÉ EST EN TRAIN DE TOURNER ===
I0506 07:51:18.272596       1 schedule_one.go:67] === MON SCHEDULER MODIFIÉ EST EN TRAIN DE TOURNER ===
I0506 07:51:18.282989       1 schedule_one.go:166] "scheduling algorithm completed" duration ="38.87303ms" pod="default/resnet-00001-deployment-57c4bfb987-9kmfq"
I0506 07:51:18.323493       1 schedule_one.go:166] "scheduling algorithm completed" duration ="51.570521ms" pod="default/graphgen-00001-deployment-778bbfcf48-qzfdj"
I0506 07:51:18.327732       1 schedule_one.go:67] === MON SCHEDULER MODIFIÉ EST EN TRAIN DE TOURNER ===
I0506 07:51:18.368446       1 schedule_one.go:166] "scheduling algorithm completed" duration ="42.042097ms" pod="default/matrixmul-00001-deployment-7dc7847b4f-qjcxj"
I0506 07:51:18.392690       1 schedule_one.go:67] === MON SCHEDULER MODIFIÉ EST EN TRAIN DE TOURNER ===
I0506 07:51:18.413365       1 schedule_one.go:166] "scheduling algorithm completed" duration ="21.271066ms" pod="default/matrixmul-00001-deployment-7dc7847b4f-k2mwk"
I0506 07:51:18.423547       1 schedule_one.go:67] === MON SCHEDULER MODIFIÉ EST EN TRAIN DE TOURNER ===
I0506 07:51:18.439516       1 schedule_one.go:166] "scheduling algorithm completed" duration ="17.220408ms" pod="default/genmatrix-00001-deployment-7dbddd585-tvcll"
I0506 07:51:18.520625       1 schedule_one.go:67] === MON SCHEDULER MODIFIÉ EST EN TRAIN DE TOURNER ===
I0506 07:51:18.602946       1 schedule_one.go:166] "scheduling algorithm completed" duration ="82.987197ms" pod="default/pagerank-00001-deployment-7d5555f8bb-shkw8"
I0506 07:51:18.906087       1 schedule_one.go:67] === MON SCHEDULER MODIFIÉ EST EN TRAIN DE TOURNER ===
I0506 07:51:18.929813       1 schedule_one.go:67] === MON SCHEDULER MODIFIÉ EST EN TRAIN DE TOURNER ===
I0506 07:51:18.955552       1 schedule_one.go:166] "scheduling algorithm completed" duration ="50.41621ms" pod="default/fetchdata-00001-deployment-99f85775b-f8j52"
I0506 07:51:18.995768       1 schedule_one.go:166] "scheduling algorithm completed" duration ="67.17223ms" pod="default/grayscale-00001-deployment-94d4646fd-vztcs"
I0506 07:51:19.008800       1 schedule_one.go:67] === MON SCHEDULER MODIFIÉ EST EN TRAIN DE TOURNER ===
I0506 07:51:19.053058       1 schedule_one.go:67] === MON SCHEDULER MODIFIÉ EST EN TRAIN DE TOURNER ===
I0506 07:51:19.079845       1 schedule_one.go:166] "scheduling algorithm completed" duration ="72.554033ms" pod="default/grayscale-00001-deployment-94d4646fd-t6dtr"
I0506 07:51:19.095299       1 schedule_one.go:166] "scheduling algorithm completed" duration ="42.443911ms" pod="default/linpack-00001-deployment-5f6694d7c6-pfbgt"
I0506 07:51:19.146423       1 schedule_one.go:67] === MON SCHEDULER MODIFIÉ EST EN TRAIN DE TOURNER ===
I0506 07:51:19.180191       1 schedule_one.go:166] "scheduling algorithm completed" duration ="35.143223ms" pod="default/linpack-00001-deployment-5f6694d7c6-v9x28"
I0506 07:51:19.231302       1 schedule_one.go:67] === MON SCHEDULER MODIFIÉ EST EN TRAIN DE TOURNER ===
I0506 07:51:19.287847       1 schedule_one.go:166] "scheduling algorithm completed" duration ="57.127102ms" pod="default/fastfouriertransform-00001-deployment-5f7f4bb84b-nj8s7"
I0506 07:51:19.955144       1 schedule_one.go:67] === MON SCHEDULER MODIFIÉ EST EN TRAIN DE TOURNER ===
I0506 07:51:20.010562       1 schedule_one.go:67] === MON SCHEDULER MODIFIÉ EST EN TRAIN DE TOURNER ===
I0506 07:51:20.028971       1 schedule_one.go:166] "scheduling algorithm completed" duration ="77.824782ms" pod="default/resnet-00001-deployment-57c4bfb987-k92vb"
I0506 07:51:20.073276       1 schedule_one.go:166] "scheduling algorithm completed" duration ="63.496589ms" pod="default/pagerank-00001-deployment-7d5555f8bb-gxlnt"
I0506 07:51:22.038434       1 schedule_one.go:67] === MON SCHEDULER MODIFIÉ EST EN TRAIN DE TOURNER ===
I0506 07:51:22.112217       1 schedule_one.go:166] "scheduling algorithm completed" duration ="74.827862ms" pod="default/matrixmul-00001-deployment-7dc7847b4f-6smkk"
I0506 07:51:22.124323       1 schedule_one.go:67] === MON SCHEDULER MODIFIÉ EST EN TRAIN DE TOURNER ===
I0506 07:51:22.170575       1 schedule_one.go:166] "scheduling algorithm completed" duration ="47.313252ms" pod="default/fastfouriertransform-00001-deployment-5f7f4bb84b-q9mxq"
I0506 07:51:22.181528       1 schedule_one.go:67] === MON SCHEDULER MODIFIÉ EST EN TRAIN DE TOURNER ===
I0506 07:51:22.229649       1 schedule_one.go:166] "scheduling algorithm completed" duration ="48.939601ms" pod="default/matrixmul-00001-deployment-7dc7847b4f-5kf2h"
I0506 07:51:22.412655       1 schedule_one.go:67] === MON SCHEDULER MODIFIÉ EST EN TRAIN DE TOURNER ===
I0506 07:51:22.466477       1 schedule_one.go:67] === MON SCHEDULER MODIFIÉ EST EN TRAIN DE TOURNER ===
I0506 07:51:22.548036       1 schedule_one.go:166] "scheduling algorithm completed" duration ="136.401714ms" pod="default/grayscale-00001-deployment-94d4646fd-tzmfw"
I0506 07:51:22.548350       1 schedule_one.go:166] "scheduling algorithm completed" duration ="84.100157ms" pod="default/resnet-00001-deployment-57c4bfb987-vnv26"
I0506 07:51:22.574201       1 schedule_one.go:67] === MON SCHEDULER MODIFIÉ EST EN TRAIN DE TOURNER ===
I0506 07:51:22.617797       1 schedule_one.go:166] "scheduling algorithm completed" duration ="45.596312ms" pod="default/grayscale-00001-deployment-94d4646fd-jblqf"
I0506 07:51:22.722512       1 schedule_one.go:67] === MON SCHEDULER MODIFIÉ EST EN TRAIN DE TOURNER ===
I0506 07:51:22.798876       1 schedule_one.go:166] "scheduling algorithm completed" duration ="77.362171ms" pod="default/resnet-00001-deployment-57c4bfb987-47whg"
I0506 07:51:22.799821       1 schedule_one.go:67] === MON SCHEDULER MODIFIÉ EST EN TRAIN DE TOURNER ===
I0506 07:51:22.804071       1 schedule_one.go:67] === MON SCHEDULER MODIFIÉ EST EN TRAIN DE TOURNER ===
I0506 07:51:22.869619       1 schedule_one.go:166] "scheduling algorithm completed" duration ="66.364398ms" pod="default/linpack-00001-deployment-5f6694d7c6-lmfqk"
I0506 07:51:22.870440       1 schedule_one.go:166] "scheduling algorithm completed" duration ="71.625702ms" pod="default/graphgen-00001-deployment-778bbfcf48-xdmmw"
I0506 07:51:23.924782       1 schedule_one.go:67] === MON SCHEDULER MODIFIÉ EST EN TRAIN DE TOURNER ===
I0506 07:51:23.953416       1 schedule_one.go:166] "scheduling algorithm completed" duration ="29.360031ms" pod="default/resnet-00001-deployment-57c4bfb987-rgdtn"
I0506 07:51:24.041428       1 schedule_one.go:67] === MON SCHEDULER MODIFIÉ EST EN TRAIN DE TOURNER ===
I0506 07:51:24.116413       1 schedule_one.go:166] "scheduling algorithm completed" duration ="75.605583ms" pod="default/grayscale-00001-deployment-94d4646fd-p9spm"
I0506 07:51:24.141423       1 schedule_one.go:67] === MON SCHEDULER MODIFIÉ EST EN TRAIN DE TOURNER ===
I0506 07:51:24.226403       1 schedule_one.go:166] "scheduling algorithm completed" duration ="85.705673ms" pod="default/grayscale-00001-deployment-94d4646fd-kgk99"
I0506 07:51:25.883579       1 schedule_one.go:67] === MON SCHEDULER MODIFIÉ EST EN TRAIN DE TOURNER ===
I0506 07:51:25.901077       1 schedule_one.go:166] "scheduling algorithm completed" duration ="22.811489ms" pod="default/grayscale-00001-deployment-94d4646fd-c7wd2"
I0506 07:51:26.009566       1 schedule_one.go:67] === MON SCHEDULER MODIFIÉ EST EN TRAIN DE TOURNER ===
I0506 07:51:26.017676       1 schedule_one.go:67] === MON SCHEDULER MODIFIÉ EST EN TRAIN DE TOURNER ===
I0506 07:51:26.123508       1 schedule_one.go:166] "scheduling algorithm completed" duration ="106.70798ms" pod="default/resnet-00001-deployment-57c4bfb987-lpvt7"
I0506 07:51:26.186616       1 schedule_one.go:166] "scheduling algorithm completed" duration ="178.013571ms" pod="default/grayscale-00001-deployment-94d4646fd-v5ztb"
I0506 07:51:27.963819       1 schedule_one.go:67] === MON SCHEDULER MODIFIÉ EST EN TRAIN DE TOURNER ===
I0506 07:51:27.987235       1 schedule_one.go:67] === MON SCHEDULER MODIFIÉ EST EN TRAIN DE TOURNER ===
I0506 07:51:28.022076       1 schedule_one.go:166] "scheduling algorithm completed" duration ="35.530129ms" pod="default/mobilenet-00001-deployment-59bbf999b6-8t5wq"
I0506 07:51:28.038571       1 schedule_one.go:67] === MON SCHEDULER MODIFIÉ EST EN TRAIN DE TOURNER ===
I0506 07:51:28.098286       1 schedule_one.go:166] "scheduling algorithm completed" duration ="60.27854ms" pod="default/grayscale-00001-deployment-94d4646fd-9qdkf"
I0506 07:51:28.130789       1 schedule_one.go:166] "scheduling algorithm completed" duration ="167.731667ms" pod="default/grayscale-00001-deployment-94d4646fd-h6s2b"
I0506 07:51:29.957771       1 schedule_one.go:67] === MON SCHEDULER MODIFIÉ EST EN TRAIN DE TOURNER ===
I0506 07:51:30.002898       1 schedule_one.go:166] "scheduling algorithm completed" duration ="45.994218ms" pod="default/grayscale-00001-deployment-94d4646fd-6c4hb"
I0506 07:51:30.106778       1 schedule_one.go:67] === MON SCHEDULER MODIFIÉ EST EN TRAIN DE TOURNER ===
I0506 07:51:30.136125       1 schedule_one.go:67] === MON SCHEDULER MODIFIÉ EST EN TRAIN DE TOURNER ===
I0506 07:51:30.150023       1 schedule_one.go:166] "scheduling algorithm completed" duration ="43.927778ms" pod="default/grayscale-00001-deployment-94d4646fd-8bsg6"
I0506 07:51:30.181794       1 schedule_one.go:166] "scheduling algorithm completed" duration ="46.986531ms" pod="default/mobilenet-00001-deployment-59bbf999b6-rk7z4"
I0506 07:51:31.936410       1 schedule_one.go:67] === MON SCHEDULER MODIFIÉ EST EN TRAIN DE TOURNER ===
I0506 07:51:32.017362       1 schedule_one.go:166] "scheduling algorithm completed" duration ="81.690292ms" pod="default/mobilenet-00001-deployment-59bbf999b6-xt2sk"
I0506 07:51:32.120036       1 schedule_one.go:67] === MON SCHEDULER MODIFIÉ EST EN TRAIN DE TOURNER ===
I0506 07:51:32.146437       1 schedule_one.go:166] "scheduling algorithm completed" duration ="27.374721ms" pod="default/grayscale-00001-deployment-94d4646fd-tpn9n"
I0506 07:51:33.882681       1 schedule_one.go:67] === MON SCHEDULER MODIFIÉ EST EN TRAIN DE TOURNER ===
I0506 07:51:33.913285       1 schedule_one.go:166] "scheduling algorithm completed" duration ="31.967526ms" pod="default/grayscale-00001-deployment-94d4646fd-dl4gg"
I0506 07:51:35.970243       1 schedule_one.go:67] === MON SCHEDULER MODIFIÉ EST EN TRAIN DE TOURNER ===
I0506 07:51:36.004806       1 schedule_one.go:166] "scheduling algorithm completed" duration ="35.597388ms" pod="default/grayscale-00001-deployment-94d4646fd-dj4s8"
I0506 07:51:37.957368       1 schedule_one.go:67] === MON SCHEDULER MODIFIÉ EST EN TRAIN DE TOURNER ===
I0506 07:51:37.993693       1 schedule_one.go:166] "scheduling algorithm completed" duration ="37.060663ms" pod="default/grayscale-00001-deployment-94d4646fd-qlkw5"
I0506 07:57:04.497349       1 schedule_one.go:67] === MON SCHEDULER MODIFIÉ EST EN TRAIN DE TOURNER ===
I0506 07:57:04.500971       1 schedule_one.go:67] === MON SCHEDULER MODIFIÉ EST EN TRAIN DE TOURNER ===
I0506 07:57:04.528289       1 schedule_one.go:166] "scheduling algorithm completed" duration ="27.895423ms" pod="default/linpack-00001-deployment-5f6694d7c6-hnxtn"
I0506 07:57:04.639707       1 schedule_one.go:166] "scheduling algorithm completed" duration ="143.093919ms" pod="default/fetchdata-00001-deployment-99f85775b-vdqj8"
I0506 07:57:04.657316       1 schedule_one.go:67] === MON SCHEDULER MODIFIÉ EST EN TRAIN DE TOURNER ===
I0506 07:57:04.819261       1 schedule_one.go:166] "scheduling algorithm completed" duration ="162.464378ms" pod="default/grayscale-00001-deployment-94d4646fd-wrcmp"
I0506 07:57:04.950110       1 schedule_one.go:67] === MON SCHEDULER MODIFIÉ EST EN TRAIN DE TOURNER ===
I0506 07:57:04.996902       1 schedule_one.go:166] "scheduling algorithm completed" duration ="47.426603ms" pod="default/resnet-00001-deployment-57c4bfb987-9bc46"
I0506 07:57:05.100528       1 schedule_one.go:67] === MON SCHEDULER MODIFIÉ EST EN TRAIN DE TOURNER ===
I0506 07:57:05.162855       1 schedule_one.go:166] "scheduling algorithm completed" duration ="62.897737ms" pod="default/graphgen-00001-deployment-778bbfcf48-drghr"
I0506 07:57:05.209498       1 schedule_one.go:67] === MON SCHEDULER MODIFIÉ EST EN TRAIN DE TOURNER ===
I0506 07:57:05.302979       1 schedule_one.go:166] "scheduling algorithm completed" duration ="94.078227ms" pod="default/fastfouriertransform-00001-deployment-5f7f4bb84b-ghmn9"
I0506 07:57:05.324370       1 schedule_one.go:67] === MON SCHEDULER MODIFIÉ EST EN TRAIN DE TOURNER ===
I0506 07:57:05.370041       1 schedule_one.go:166] "scheduling algorithm completed" duration ="46.199976ms" pod="default/mobilenet-00001-deployment-59bbf999b6-n9vxx"
I0506 07:57:05.371414       1 schedule_one.go:67] === MON SCHEDULER MODIFIÉ EST EN TRAIN DE TOURNER ===
I0506 07:57:05.438078       1 schedule_one.go:166] "scheduling algorithm completed" duration ="67.471968ms" pod="default/matrixmul-00001-deployment-7dc7847b4f-r7qsn"
I0506 07:57:05.560776       1 schedule_one.go:67] === MON SCHEDULER MODIFIÉ EST EN TRAIN DE TOURNER ===
I0506 07:57:05.631226       1 schedule_one.go:166] "scheduling algorithm completed" duration ="71.243534ms" pod="default/pagerank-00001-deployment-7d5555f8bb-fsrf7"
I0506 07:57:05.678323       1 schedule_one.go:67] === MON SCHEDULER MODIFIÉ EST EN TRAIN DE TOURNER ===
I0506 07:57:05.733539       1 schedule_one.go:166] "scheduling algorithm completed" duration ="56.082715ms" pod="default/genmatrix-00001-deployment-7dbddd585-kxpdq"
I0506 07:57:05.964966       1 schedule_one.go:67] === MON SCHEDULER MODIFIÉ EST EN TRAIN DE TOURNER ===
I0506 07:57:05.971992       1 schedule_one.go:166] "scheduling algorithm completed" duration ="7.617836ms" pod="default/grayscale-00001-deployment-94d4646fd-6sk7k"
I0506 07:57:06.016481       1 schedule_one.go:67] === MON SCHEDULER MODIFIÉ EST EN TRAIN DE TOURNER ===
I0506 07:57:06.037253       1 schedule_one.go:166] "scheduling algorithm completed" duration ="21.725232ms" pod="default/fetchdata-00001-deployment-99f85775b-wj9hw"
I0506 07:57:07.906693       1 schedule_one.go:67] === MON SCHEDULER MODIFIÉ EST EN TRAIN DE TOURNER ===
I0506 07:57:07.926262       1 schedule_one.go:67] === MON SCHEDULER MODIFIÉ EST EN TRAIN DE TOURNER ===
I0506 07:57:07.937460       1 schedule_one.go:166] "scheduling algorithm completed" duration ="31.5916ms" pod="default/pagerank-00001-deployment-7d5555f8bb-j8vl8"
I0506 07:57:07.965589       1 schedule_one.go:166] "scheduling algorithm completed" duration ="39.962656ms" pod="default/fastfouriertransform-00001-deployment-5f7f4bb84b-thxfs"
I0506 07:57:08.055878       1 schedule_one.go:67] === MON SCHEDULER MODIFIÉ EST EN TRAIN DE TOURNER ===
I0506 07:57:08.123065       1 schedule_one.go:166] "scheduling algorithm completed" duration ="67.940782ms" pod="default/graphgen-00001-deployment-778bbfcf48-xnfmw"
I0506 07:57:08.224516       1 schedule_one.go:67] === MON SCHEDULER MODIFIÉ EST EN TRAIN DE TOURNER ===
I0506 07:57:08.279100       1 schedule_one.go:166] "scheduling algorithm completed" duration ="55.612641ms" pod="default/matrixmul-00001-deployment-7dc7847b4f-ts7xc"
I0506 07:57:08.292283       1 schedule_one.go:67] === MON SCHEDULER MODIFIÉ EST EN TRAIN DE TOURNER ===
I0506 07:57:08.361105       1 schedule_one.go:166] "scheduling algorithm completed" duration ="72.753717ms" pod="default/grayscale-00001-deployment-94d4646fd-c64qf"
I0506 07:57:08.469905       1 schedule_one.go:67] === MON SCHEDULER MODIFIÉ EST EN TRAIN DE TOURNER ===
I0506 07:57:08.523665       1 schedule_one.go:67] === MON SCHEDULER MODIFIÉ EST EN TRAIN DE TOURNER ===
I0506 07:57:08.609890       1 schedule_one.go:166] "scheduling algorithm completed" duration ="140.693721ms" pod="default/matrixmul-00001-deployment-7dc7847b4f-dqjcg"
I0506 07:57:08.609885       1 schedule_one.go:166] "scheduling algorithm completed" duration ="87.01713ms" pod="default/fetchdata-00001-deployment-99f85775b-q777j"
I0506 07:57:08.768492       1 schedule_one.go:67] === MON SCHEDULER MODIFIÉ EST EN TRAIN DE TOURNER ===
I0506 07:57:08.846697       1 schedule_one.go:166] "scheduling algorithm completed" duration ="78.930333ms" pod="default/linpack-00001-deployment-5f6694d7c6-7xp8s"
I0506 07:57:08.888417       1 schedule_one.go:67] === MON SCHEDULER MODIFIÉ EST EN TRAIN DE TOURNER ===
I0506 07:57:08.894679       1 schedule_one.go:67] === MON SCHEDULER MODIFIÉ EST EN TRAIN DE TOURNER ===
I0506 07:57:08.947445       1 schedule_one.go:67] === MON SCHEDULER MODIFIÉ EST EN TRAIN DE TOURNER ===
I0506 07:57:09.000118       1 schedule_one.go:166] "scheduling algorithm completed" duration ="106.059368ms" pod="default/resnet-00001-deployment-57c4bfb987-z6tlq"
I0506 07:57:09.000119       1 schedule_one.go:166] "scheduling algorithm completed" duration ="112.751354ms" pod="default/genmatrix-00001-deployment-7dbddd585-4ltgb"
I0506 07:57:09.005910       1 schedule_one.go:67] === MON SCHEDULER MODIFIÉ EST EN TRAIN DE TOURNER ===
I0506 07:57:09.014266       1 schedule_one.go:166] "scheduling algorithm completed" duration ="67.510949ms" pod="default/linpack-00001-deployment-5f6694d7c6-qbgrm"
I0506 07:57:09.176125       1 schedule_one.go:166] "scheduling algorithm completed" duration ="171.221878ms" pod="default/resnet-00001-deployment-57c4bfb987-gxtkd"
I0506 07:57:09.941652       1 schedule_one.go:67] === MON SCHEDULER MODIFIÉ EST EN TRAIN DE TOURNER ===
I0506 07:57:09.991870       1 schedule_one.go:166] "scheduling algorithm completed" duration ="52.036464ms" pod="default/resnet-00001-deployment-57c4bfb987-jlj4t"
I0506 07:57:10.162269       1 schedule_one.go:67] === MON SCHEDULER MODIFIÉ EST EN TRAIN DE TOURNER ===
I0506 07:57:10.209397       1 schedule_one.go:67] === MON SCHEDULER MODIFIÉ EST EN TRAIN DE TOURNER ===
I0506 07:57:10.234660       1 schedule_one.go:166] "scheduling algorithm completed" duration ="73.224808ms" pod="default/grayscale-00001-deployment-94d4646fd-hbddd"
I0506 07:57:10.287778       1 schedule_one.go:67] === MON SCHEDULER MODIFIÉ EST EN TRAIN DE TOURNER ===
I0506 07:57:10.312529       1 schedule_one.go:166] "scheduling algorithm completed" duration ="104.556834ms" pod="default/graphgen-00001-deployment-778bbfcf48-cddfc"
I0506 07:57:10.378255       1 schedule_one.go:166] "scheduling algorithm completed" duration ="91.489362ms" pod="default/matrixmul-00001-deployment-7dc7847b4f-wz28q"
I0506 07:57:11.926591       1 schedule_one.go:67] === MON SCHEDULER MODIFIÉ EST EN TRAIN DE TOURNER ===
I0506 07:57:11.934660       1 schedule_one.go:67] === MON SCHEDULER MODIFIÉ EST EN TRAIN DE TOURNER ===
I0506 07:57:11.972208       1 schedule_one.go:166] "scheduling algorithm completed" duration ="46.300716ms" pod="default/graphgen-00001-deployment-778bbfcf48-ljfzj"
I0506 07:57:11.985288       1 schedule_one.go:166] "scheduling algorithm completed" duration ="51.21691ms" pod="default/resnet-00001-deployment-57c4bfb987-nlwt4"
I0506 07:57:12.011091       1 schedule_one.go:67] === MON SCHEDULER MODIFIÉ EST EN TRAIN DE TOURNER ===
I0506 07:57:12.072181       1 schedule_one.go:166] "scheduling algorithm completed" duration ="61.776443ms" pod="default/resnet-00001-deployment-57c4bfb987-467vx"
I0506 07:57:12.126817       1 schedule_one.go:67] === MON SCHEDULER MODIFIÉ EST EN TRAIN DE TOURNER ===
I0506 07:57:12.213340       1 schedule_one.go:166] "scheduling algorithm completed" duration ="88.298683ms" pod="default/fastfouriertransform-00001-deployment-5f7f4bb84b-gtgg9"
I0506 07:57:12.287357       1 schedule_one.go:67] === MON SCHEDULER MODIFIÉ EST EN TRAIN DE TOURNER ===
I0506 07:57:12.361762       1 schedule_one.go:166] "scheduling algorithm completed" duration ="76.053561ms" pod="default/matrixmul-00001-deployment-7dc7847b4f-qzf56"
I0506 07:57:12.414635       1 schedule_one.go:67] === MON SCHEDULER MODIFIÉ EST EN TRAIN DE TOURNER ===
I0506 07:57:12.484348       1 schedule_one.go:166] "scheduling algorithm completed" duration ="70.006592ms" pod="default/grayscale-00001-deployment-94d4646fd-f642c"
I0506 07:57:13.040844       1 schedule_one.go:67] === MON SCHEDULER MODIFIÉ EST EN TRAIN DE TOURNER ===
I0506 07:57:13.088730       1 schedule_one.go:166] "scheduling algorithm completed" duration ="48.594916ms" pod="default/linpack-00001-deployment-5f6694d7c6-7qw87"
I0506 07:57:13.904716       1 schedule_one.go:67] === MON SCHEDULER MODIFIÉ EST EN TRAIN DE TOURNER ===
I0506 07:57:13.907093       1 schedule_one.go:67] === MON SCHEDULER MODIFIÉ EST EN TRAIN DE TOURNER ===
I0506 07:57:13.925061       1 schedule_one.go:166] "scheduling algorithm completed" duration ="21.483177ms" pod="default/fastfouriertransform-00001-deployment-5f7f4bb84b-nrlhx"
I0506 07:57:14.073126       1 schedule_one.go:166] "scheduling algorithm completed" duration ="166.769628ms" pod="default/resnet-00001-deployment-57c4bfb987-dv2xb"
I0506 07:57:16.505204       1 schedule_one.go:67] === MON SCHEDULER MODIFIÉ EST EN TRAIN DE TOURNER ===
I0506 07:57:16.514463       1 schedule_one.go:67] === MON SCHEDULER MODIFIÉ EST EN TRAIN DE TOURNER ===
I0506 07:57:16.632383       1 schedule_one.go:166] "scheduling algorithm completed" duration ="119.28071ms" pod="default/grayscale-00001-deployment-94d4646fd-bkxcr"
I0506 07:57:16.675211       1 schedule_one.go:166] "scheduling algorithm completed" duration ="170.742861ms" pod="default/fastfouriertransform-00001-deployment-5f7f4bb84b-zhz4x"
I0506 07:57:17.266499       1 schedule_one.go:67] === MON SCHEDULER MODIFIÉ EST EN TRAIN DE TOURNER ===
I0506 07:57:17.325518       1 schedule_one.go:166] "scheduling algorithm completed" duration ="60.08252ms" pod="default/resnet-00001-deployment-57c4bfb987-njx6j"
I0506 07:57:17.969547       1 schedule_one.go:67] === MON SCHEDULER MODIFIÉ EST EN TRAIN DE TOURNER ===
I0506 07:57:17.996051       1 schedule_one.go:67] === MON SCHEDULER MODIFIÉ EST EN TRAIN DE TOURNER ===
I0506 07:57:18.018903       1 schedule_one.go:166] "scheduling algorithm completed" duration ="50.752318ms" pod="default/grayscale-00001-deployment-94d4646fd-84q6x"
I0506 07:57:18.035279       1 schedule_one.go:166] "scheduling algorithm completed" duration ="40.463489ms" pod="default/fastfouriertransform-00001-deployment-5f7f4bb84b-dh6vq"
I0506 07:57:19.988787       1 schedule_one.go:67] === MON SCHEDULER MODIFIÉ EST EN TRAIN DE TOURNER ===
I0506 07:57:20.109612       1 schedule_one.go:166] "scheduling algorithm completed" duration ="121.586798ms" pod="default/grayscale-00001-deployment-94d4646fd-mqjsq"
I0506 07:57:21.920854       1 schedule_one.go:67] === MON SCHEDULER MODIFIÉ EST EN TRAIN DE TOURNER ===
I0506 07:57:21.938406       1 schedule_one.go:166] "scheduling algorithm completed" duration ="18.697146ms" pod="default/grayscale-00001-deployment-94d4646fd-xr7ft"
I0506 07:57:21.979434       1 schedule_one.go:67] === MON SCHEDULER MODIFIÉ EST EN TRAIN DE TOURNER ===
I0506 07:57:22.022738       1 schedule_one.go:166] "scheduling algorithm completed" duration ="44.350999ms" pod="default/grayscale-00001-deployment-94d4646fd-vqbqt"
I0506 07:57:23.922630       1 schedule_one.go:67] === MON SCHEDULER MODIFIÉ EST EN TRAIN DE TOURNER ===
I0506 07:57:23.959499       1 schedule_one.go:166] "scheduling algorithm completed" duration ="38.181308ms" pod="default/grayscale-00001-deployment-94d4646fd-r82zh"
I0506 07:57:25.958870       1 schedule_one.go:67] === MON SCHEDULER MODIFIÉ EST EN TRAIN DE TOURNER ===
I0506 07:57:25.962858       1 schedule_one.go:67] === MON SCHEDULER MODIFIÉ EST EN TRAIN DE TOURNER ===
I0506 07:57:25.977902       1 schedule_one.go:67] === MON SCHEDULER MODIFIÉ EST EN TRAIN DE TOURNER ===
I0506 07:57:26.015237       1 schedule_one.go:166] "scheduling algorithm completed" duration ="53.114684ms" pod="default/grayscale-00001-deployment-94d4646fd-dls4b"
I0506 07:57:26.022695       1 schedule_one.go:166] "scheduling algorithm completed" duration ="64.58016ms" pod="default/pagerank-00001-deployment-7d5555f8bb-hkt6j"
I0506 07:57:26.079213       1 schedule_one.go:166] "scheduling algorithm completed" duration ="102.024692ms" pod="default/grayscale-00001-deployment-94d4646fd-lxbj4"
I0506 07:57:27.911589       1 schedule_one.go:67] === MON SCHEDULER MODIFIÉ EST EN TRAIN DE TOURNER ===
I0506 07:57:27.928094       1 schedule_one.go:67] === MON SCHEDULER MODIFIÉ EST EN TRAIN DE TOURNER ===
I0506 07:57:27.946367       1 schedule_one.go:166] "scheduling algorithm completed" duration ="40.308952ms" pod="default/grayscale-00001-deployment-94d4646fd-59mvr"
I0506 07:57:27.962653       1 schedule_one.go:166] "scheduling algorithm completed" duration ="35.414481ms" pod="default/grayscale-00001-deployment-94d4646fd-bsj84"
I0506 07:57:30.031828       1 schedule_one.go:67] === MON SCHEDULER MODIFIÉ EST EN TRAIN DE TOURNER ===
I0506 07:57:30.046302       1 schedule_one.go:166] "scheduling algorithm completed" duration ="15.257949ms" pod="default/mobilenet-00001-deployment-59bbf999b6-4bxlv"
I0506 07:57:30.284096       1 schedule_one.go:67] === MON SCHEDULER MODIFIÉ EST EN TRAIN DE TOURNER ===
I0506 07:57:30.345523       1 schedule_one.go:166] "scheduling algorithm completed" duration ="63.402847ms" pod="default/grayscale-00001-deployment-94d4646fd-kxg64"
I0506 08:02:29.917003       1 schedule_one.go:67] === MON SCHEDULER MODIFIÉ EST EN TRAIN DE TOURNER ===
I0506 08:02:29.922771       1 schedule_one.go:67] === MON SCHEDULER MODIFIÉ EST EN TRAIN DE TOURNER ===
I0506 08:02:29.939067       1 schedule_one.go:67] === MON SCHEDULER MODIFIÉ EST EN TRAIN DE TOURNER ===
I0506 08:02:29.959180       1 schedule_one.go:67] === MON SCHEDULER MODIFIÉ EST EN TRAIN DE TOURNER ===
I0506 08:02:29.985630       1 schedule_one.go:166] "scheduling algorithm completed" duration ="47.045807ms" pod="default/fetchdata-00001-deployment-99f85775b-4xc7q"
I0506 08:02:29.986324       1 schedule_one.go:166] "scheduling algorithm completed" duration ="70.039184ms" pod="default/linpack-00001-deployment-5f6694d7c6-4btg7"
I0506 08:02:29.987602       1 schedule_one.go:166] "scheduling algorithm completed" duration ="65.403157ms" pod="default/resnet-00001-deployment-57c4bfb987-qn4qj"
I0506 08:02:29.988045       1 schedule_one.go:166] "scheduling algorithm completed" duration ="28.952772ms" pod="default/grayscale-00001-deployment-94d4646fd-mtgg8"
I0506 08:02:30.081240       1 schedule_one.go:67] === MON SCHEDULER MODIFIÉ EST EN TRAIN DE TOURNER ===
I0506 08:02:30.151748       1 schedule_one.go:166] "scheduling algorithm completed" duration ="71.273552ms" pod="default/graphgen-00001-deployment-778bbfcf48-vjcrh"
I0506 08:02:30.230009       1 schedule_one.go:67] === MON SCHEDULER MODIFIÉ EST EN TRAIN DE TOURNER ===
I0506 08:02:30.233245       1 schedule_one.go:67] === MON SCHEDULER MODIFIÉ EST EN TRAIN DE TOURNER ===
I0506 08:02:30.263146       1 schedule_one.go:166] "scheduling algorithm completed" duration ="30.464157ms" pod="default/mobilenet-00001-deployment-59bbf999b6-wtd77"
I0506 08:02:30.263146       1 schedule_one.go:166] "scheduling algorithm completed" duration ="33.76591ms" pod="default/fastfouriertransform-00001-deployment-5f7f4bb84b-9trkh"
I0506 08:02:30.298815       1 schedule_one.go:67] === MON SCHEDULER MODIFIÉ EST EN TRAIN DE TOURNER ===
I0506 08:02:30.368563       1 schedule_one.go:166] "scheduling algorithm completed" duration ="70.295165ms" pod="default/matrixmul-00001-deployment-7dc7847b4f-gd9n5"
I0506 08:02:30.502538       1 schedule_one.go:67] === MON SCHEDULER MODIFIÉ EST EN TRAIN DE TOURNER ===
I0506 08:02:30.514463       1 schedule_one.go:166] "scheduling algorithm completed" duration ="12.649288ms" pod="default/pagerank-00001-deployment-7d5555f8bb-fwcbq"
I0506 08:02:30.632810       1 schedule_one.go:67] === MON SCHEDULER MODIFIÉ EST EN TRAIN DE TOURNER ===
I0506 08:02:30.689410       1 schedule_one.go:166] "scheduling algorithm completed" duration ="57.192101ms" pod="default/genmatrix-00001-deployment-7dbddd585-77zs5"
I0506 08:02:32.009227       1 schedule_one.go:67] === MON SCHEDULER MODIFIÉ EST EN TRAIN DE TOURNER ===
I0506 08:02:32.063258       1 schedule_one.go:166] "scheduling algorithm completed" duration ="55.459178ms" pod="default/resnet-00001-deployment-57c4bfb987-255tk"
I0506 08:02:32.071393       1 schedule_one.go:67] === MON SCHEDULER MODIFIÉ EST EN TRAIN DE TOURNER ===
I0506 08:02:32.231856       1 schedule_one.go:166] "scheduling algorithm completed" duration ="161.384082ms" pod="default/genmatrix-00001-deployment-7dbddd585-vzd5v"
I0506 08:02:32.397844       1 schedule_one.go:67] === MON SCHEDULER MODIFIÉ EST EN TRAIN DE TOURNER ===
I0506 08:02:32.406819       1 schedule_one.go:67] === MON SCHEDULER MODIFIÉ EST EN TRAIN DE TOURNER ===
I0506 08:02:32.455552       1 schedule_one.go:166] "scheduling algorithm completed" duration ="49.567247ms" pod="default/graphgen-00001-deployment-778bbfcf48-kchxl"
I0506 08:02:32.523624       1 schedule_one.go:166] "scheduling algorithm completed" duration ="126.430471ms" pod="default/fastfouriertransform-00001-deployment-5f7f4bb84b-274cv"
I0506 08:02:32.709006       1 schedule_one.go:67] === MON SCHEDULER MODIFIÉ EST EN TRAIN DE TOURNER ===
I0506 08:02:32.803288       1 schedule_one.go:166] "scheduling algorithm completed" duration ="95.058186ms" pod="default/matrixmul-00001-deployment-7dc7847b4f-jsbbt"
I0506 08:02:32.977784       1 schedule_one.go:67] === MON SCHEDULER MODIFIÉ EST EN TRAIN DE TOURNER ===
I0506 08:02:32.996018       1 schedule_one.go:67] === MON SCHEDULER MODIFIÉ EST EN TRAIN DE TOURNER ===
I0506 08:02:33.076762       1 schedule_one.go:166] "scheduling algorithm completed" duration ="99.702362ms" pod="default/pagerank-00001-deployment-7d5555f8bb-44l7l"
I0506 08:02:33.109187       1 schedule_one.go:166] "scheduling algorithm completed" duration ="113.866943ms" pod="default/fetchdata-00001-deployment-99f85775b-84c5t"
I0506 08:02:33.122433       1 schedule_one.go:67] === MON SCHEDULER MODIFIÉ EST EN TRAIN DE TOURNER ===
I0506 08:02:33.164262       1 schedule_one.go:166] "scheduling algorithm completed" duration ="42.423132ms" pod="default/fetchdata-00001-deployment-99f85775b-j64w2"
I0506 08:02:33.195654       1 schedule_one.go:67] === MON SCHEDULER MODIFIÉ EST EN TRAIN DE TOURNER ===
I0506 08:02:33.235483       1 schedule_one.go:166] "scheduling algorithm completed" duration ="40.569877ms" pod="default/grayscale-00001-deployment-94d4646fd-98kql"
I0506 08:02:33.302310       1 schedule_one.go:67] === MON SCHEDULER MODIFIÉ EST EN TRAIN DE TOURNER ===
I0506 08:02:33.374336       1 schedule_one.go:166] "scheduling algorithm completed" duration ="72.718974ms" pod="default/linpack-00001-deployment-5f6694d7c6-6bqbz"
I0506 08:02:34.038686       1 schedule_one.go:67] === MON SCHEDULER MODIFIÉ EST EN TRAIN DE TOURNER ===
I0506 08:02:34.055615       1 schedule_one.go:166] "scheduling algorithm completed" duration ="18.527553ms" pod="default/grayscale-00001-deployment-94d4646fd-zxrq4"
I0506 08:02:34.068425       1 schedule_one.go:67] === MON SCHEDULER MODIFIÉ EST EN TRAIN DE TOURNER ===
I0506 08:02:34.119958       1 schedule_one.go:166] "scheduling algorithm completed" duration ="52.319092ms" pod="default/mobilenet-00001-deployment-59bbf999b6-stcqp"
I0506 08:02:34.346387       1 schedule_one.go:67] === MON SCHEDULER MODIFIÉ EST EN TRAIN DE TOURNER ===
I0506 08:02:34.439621       1 schedule_one.go:166] "scheduling algorithm completed" duration ="94.097577ms" pod="default/linpack-00001-deployment-5f6694d7c6-4g4wf"
I0506 08:02:34.452297       1 schedule_one.go:67] === MON SCHEDULER MODIFIÉ EST EN TRAIN DE TOURNER ===
I0506 08:02:34.530266       1 schedule_one.go:67] === MON SCHEDULER MODIFIÉ EST EN TRAIN DE TOURNER ===
I0506 08:02:34.543414       1 schedule_one.go:166] "scheduling algorithm completed" duration ="92.622377ms" pod="default/resnet-00001-deployment-57c4bfb987-mjm5x"
I0506 08:02:34.595605       1 schedule_one.go:166] "scheduling algorithm completed" duration ="65.9436ms" pod="default/matrixmul-00001-deployment-7dc7847b4f-lfv6m"
I0506 08:02:35.915531       1 schedule_one.go:67] === MON SCHEDULER MODIFIÉ EST EN TRAIN DE TOURNER ===
I0506 08:02:35.980570       1 schedule_one.go:67] === MON SCHEDULER MODIFIÉ EST EN TRAIN DE TOURNER ===
I0506 08:02:36.019167       1 schedule_one.go:166] "scheduling algorithm completed" duration ="109.845007ms" pod="default/graphgen-00001-deployment-778bbfcf48-4l747"
I0506 08:02:36.049323       1 schedule_one.go:166] "scheduling algorithm completed" duration ="70.822349ms" pod="default/resnet-00001-deployment-57c4bfb987-wtw9l"
I0506 08:02:36.695760       1 schedule_one.go:67] === MON SCHEDULER MODIFIÉ EST EN TRAIN DE TOURNER ===
I0506 08:02:36.917280       1 schedule_one.go:166] "scheduling algorithm completed" duration ="222.451007ms" pod="default/matrixmul-00001-deployment-7dc7847b4f-7rx5k"
I0506 08:02:37.417436       1 schedule_one.go:67] === MON SCHEDULER MODIFIÉ EST EN TRAIN DE TOURNER ===
I0506 08:02:37.460339       1 schedule_one.go:67] === MON SCHEDULER MODIFIÉ EST EN TRAIN DE TOURNER ===
I0506 08:02:37.541514       1 schedule_one.go:166] "scheduling algorithm completed" duration ="126.011417ms" pod="default/grayscale-00001-deployment-94d4646fd-f58tw"
I0506 08:02:37.552227       1 schedule_one.go:166] "scheduling algorithm completed" duration ="93.122654ms" pod="default/pagerank-00001-deployment-7d5555f8bb-qpcxd"
I0506 08:02:37.577836       1 schedule_one.go:67] === MON SCHEDULER MODIFIÉ EST EN TRAIN DE TOURNER ===
I0506 08:02:37.685398       1 schedule_one.go:166] "scheduling algorithm completed" duration ="109.681063ms" pod="default/fetchdata-00001-deployment-99f85775b-xz5jg"
I0506 08:02:38.081676       1 schedule_one.go:67] === MON SCHEDULER MODIFIÉ EST EN TRAIN DE TOURNER ===
I0506 08:02:38.086878       1 schedule_one.go:67] === MON SCHEDULER MODIFIÉ EST EN TRAIN DE TOURNER ===
I0506 08:02:38.102179       1 schedule_one.go:166] "scheduling algorithm completed" duration ="21.686916ms" pod="default/resnet-00001-deployment-57c4bfb987-f6cnn"
I0506 08:02:38.133726       1 schedule_one.go:166] "scheduling algorithm completed" duration ="47.720472ms" pod="default/matrixmul-00001-deployment-7dc7847b4f-dj966"
I0506 08:02:38.589049       1 schedule_one.go:67] === MON SCHEDULER MODIFIÉ EST EN TRAIN DE TOURNER ===
I0506 08:02:38.601822       1 schedule_one.go:166] "scheduling algorithm completed" duration ="13.529472ms" pod="default/grayscale-00001-deployment-94d4646fd-4wdsm"
I0506 08:02:38.652240       1 schedule_one.go:67] === MON SCHEDULER MODIFIÉ EST EN TRAIN DE TOURNER ===
I0506 08:02:38.664883       1 schedule_one.go:166] "scheduling algorithm completed" duration ="13.419731ms" pod="default/grayscale-00001-deployment-94d4646fd-t9fnv"
I0506 08:02:39.928759       1 schedule_one.go:67] === MON SCHEDULER MODIFIÉ EST EN TRAIN DE TOURNER ===
I0506 08:02:39.930461       1 schedule_one.go:67] === MON SCHEDULER MODIFIÉ EST EN TRAIN DE TOURNER ===
I0506 08:02:39.950793       1 schedule_one.go:67] === MON SCHEDULER MODIFIÉ EST EN TRAIN DE TOURNER ===
I0506 08:02:39.958955       1 schedule_one.go:67] === MON SCHEDULER MODIFIÉ EST EN TRAIN DE TOURNER ===
I0506 08:02:39.988702       1 schedule_one.go:166] "scheduling algorithm completed" duration ="30.514583ms" pod="default/grayscale-00001-deployment-94d4646fd-k72tl"
I0506 08:02:39.992481       1 schedule_one.go:166] "scheduling algorithm completed" duration ="62.940478ms" pod="default/grayscale-00001-deployment-94d4646fd-fsgnt"
I0506 08:02:39.994889       1 schedule_one.go:166] "scheduling algorithm completed" duration ="66.840228ms" pod="default/resnet-00001-deployment-57c4bfb987-sx5cz"
I0506 08:02:40.030542       1 schedule_one.go:166] "scheduling algorithm completed" duration ="80.408532ms" pod="default/grayscale-00001-deployment-94d4646fd-dvhx5"
I0506 08:02:41.879066       1 schedule_one.go:67] === MON SCHEDULER MODIFIÉ EST EN TRAIN DE TOURNER ===
I0506 08:02:41.902112       1 schedule_one.go:166] "scheduling algorithm completed" duration ="27.639552ms" pod="default/grayscale-00001-deployment-94d4646fd-cfflw"
I0506 08:02:41.925820       1 schedule_one.go:67] === MON SCHEDULER MODIFIÉ EST EN TRAIN DE TOURNER ===
I0506 08:02:41.949860       1 schedule_one.go:166] "scheduling algorithm completed" duration ="29.765233ms" pod="default/grayscale-00001-deployment-94d4646fd-zjn5n"
I0506 08:02:43.904146       1 schedule_one.go:67] === MON SCHEDULER MODIFIÉ EST EN TRAIN DE TOURNER ===
I0506 08:02:43.931551       1 schedule_one.go:166] "scheduling algorithm completed" duration ="28.143421ms" pod="default/grayscale-00001-deployment-94d4646fd-tsvsd"
I0506 08:02:43.946050       1 schedule_one.go:67] === MON SCHEDULER MODIFIÉ EST EN TRAIN DE TOURNER ===
I0506 08:02:43.973698       1 schedule_one.go:67] === MON SCHEDULER MODIFIÉ EST EN TRAIN DE TOURNER ===
I0506 08:02:44.003610       1 schedule_one.go:166] "scheduling algorithm completed" duration ="34.294001ms" pod="default/grayscale-00001-deployment-94d4646fd-2nm29"
I0506 08:02:44.003771       1 schedule_one.go:166] "scheduling algorithm completed" duration ="60.134038ms" pod="default/fastfouriertransform-00001-deployment-5f7f4bb84b-qsfjc"
I0506 08:02:45.989199       1 schedule_one.go:67] === MON SCHEDULER MODIFIÉ EST EN TRAIN DE TOURNER ===
I0506 08:02:46.000439       1 schedule_one.go:166] "scheduling algorithm completed" duration ="12.050307ms" pod="default/graphgen-00001-deployment-778bbfcf48-7jwsd"
I0506 08:02:48.070867       1 schedule_one.go:67] === MON SCHEDULER MODIFIÉ EST EN TRAIN DE TOURNER ===
I0506 08:02:48.159415       1 schedule_one.go:166] "scheduling algorithm completed" duration ="89.388402ms" pod="default/fastfouriertransform-00001-deployment-5f7f4bb84b-wr6m2"
I0506 08:02:48.166904       1 schedule_one.go:67] === MON SCHEDULER MODIFIÉ EST EN TRAIN DE TOURNER ===
I0506 08:02:48.256968       1 schedule_one.go:166] "scheduling algorithm completed" duration ="90.985899ms" pod="default/fastfouriertransform-00001-deployment-5f7f4bb84b-nlczm"
I0506 08:02:55.070531       1 schedule_one.go:67] === MON SCHEDULER MODIFIÉ EST EN TRAIN DE TOURNER ===
I0506 08:02:55.095393       1 schedule_one.go:166] "scheduling algorithm completed" duration ="26.155555ms" pod="default/grayscale-00001-deployment-94d4646fd-9rxbb"
I0506 08:10:20.088565       1 schedule_one.go:67] === MON SCHEDULER MODIFIÉ EST EN TRAIN DE TOURNER ===
I0506 08:10:20.108369       1 schedule_one.go:166] "scheduling algorithm completed" duration ="20.566662ms" pod="default/fetchdata-00001-deployment-99f85775b-66tcr"
I0506 08:10:20.126566       1 schedule_one.go:67] === MON SCHEDULER MODIFIÉ EST EN TRAIN DE TOURNER ===
I0506 08:10:20.160297       1 schedule_one.go:166] "scheduling algorithm completed" duration ="34.318382ms" pod="default/linpack-00001-deployment-5f6694d7c6-64gxb"
I0506 08:10:20.173795       1 schedule_one.go:67] === MON SCHEDULER MODIFIÉ EST EN TRAIN DE TOURNER ===
I0506 08:10:20.251607       1 schedule_one.go:166] "scheduling algorithm completed" duration ="78.403186ms" pod="default/grayscale-00001-deployment-94d4646fd-vd2zc"
I0506 08:10:20.283241       1 schedule_one.go:67] === MON SCHEDULER MODIFIÉ EST EN TRAIN DE TOURNER ===
I0506 08:10:20.501257       1 schedule_one.go:166] "scheduling algorithm completed" duration ="218.573747ms" pod="default/resnet-00001-deployment-57c4bfb987-cwpm9"
I0506 08:10:20.692549       1 schedule_one.go:67] === MON SCHEDULER MODIFIÉ EST EN TRAIN DE TOURNER ===
I0506 08:10:20.762216       1 schedule_one.go:67] === MON SCHEDULER MODIFIÉ EST EN TRAIN DE TOURNER ===
I0506 08:10:20.799693       1 schedule_one.go:166] "scheduling algorithm completed" duration ="107.915994ms" pod="default/graphgen-00001-deployment-778bbfcf48-9h8n8"
I0506 08:10:20.883364       1 schedule_one.go:166] "scheduling algorithm completed" duration ="121.762121ms" pod="default/fastfouriertransform-00001-deployment-5f7f4bb84b-dg42f"
I0506 08:10:21.004104       1 schedule_one.go:67] === MON SCHEDULER MODIFIÉ EST EN TRAIN DE TOURNER ===
I0506 08:10:21.021477       1 schedule_one.go:67] === MON SCHEDULER MODIFIÉ EST EN TRAIN DE TOURNER ===
I0506 08:10:21.034882       1 schedule_one.go:166] "scheduling algorithm completed" duration ="31.386326ms" pod="default/matrixmul-00001-deployment-7dc7847b4f-p9sjn"
I0506 08:10:21.081995       1 schedule_one.go:166] "scheduling algorithm completed" duration ="61.035319ms" pod="default/mobilenet-00001-deployment-59bbf999b6-jgjrq"
I0506 08:10:21.092379       1 schedule_one.go:67] === MON SCHEDULER MODIFIÉ EST EN TRAIN DE TOURNER ===
I0506 08:10:21.099003       1 schedule_one.go:67] === MON SCHEDULER MODIFIÉ EST EN TRAIN DE TOURNER ===
I0506 08:10:21.154051       1 schedule_one.go:166] "scheduling algorithm completed" duration ="55.608025ms" pod="default/genmatrix-00001-deployment-7dbddd585-rpl2v"
I0506 08:10:21.161573       1 schedule_one.go:166] "scheduling algorithm completed" duration ="69.796021ms" pod="default/pagerank-00001-deployment-7d5555f8bb-fssrj"
I0506 08:10:21.856017       1 schedule_one.go:67] === MON SCHEDULER MODIFIÉ EST EN TRAIN DE TOURNER ===
I0506 08:10:21.893381       1 schedule_one.go:67] === MON SCHEDULER MODIFIÉ EST EN TRAIN DE TOURNER ===
I0506 08:10:21.896595       1 schedule_one.go:166] "scheduling algorithm completed" duration ="41.268547ms" pod="default/fetchdata-00001-deployment-99f85775b-49v9m"
I0506 08:10:21.968698       1 schedule_one.go:166] "scheduling algorithm completed" duration ="76.23402ms" pod="default/resnet-00001-deployment-57c4bfb987-b44zq"
I0506 08:10:22.133460       1 schedule_one.go:67] === MON SCHEDULER MODIFIÉ EST EN TRAIN DE TOURNER ===
I0506 08:10:22.189413       1 schedule_one.go:67] === MON SCHEDULER MODIFIÉ EST EN TRAIN DE TOURNER ===
I0506 08:10:22.393314       1 schedule_one.go:166] "scheduling algorithm completed" duration ="260.779644ms" pod="default/fastfouriertransform-00001-deployment-5f7f4bb84b-f9qbw"
I0506 08:10:22.398027       1 schedule_one.go:67] === MON SCHEDULER MODIFIÉ EST EN TRAIN DE TOURNER ===
I0506 08:10:22.436498       1 schedule_one.go:67] === MON SCHEDULER MODIFIÉ EST EN TRAIN DE TOURNER ===
I0506 08:10:22.516981       1 schedule_one.go:166] "scheduling algorithm completed" duration ="81.175759ms" pod="default/matrixmul-00001-deployment-7dc7847b4f-p9h4h"
I0506 08:10:22.546487       1 schedule_one.go:166] "scheduling algorithm completed" duration ="149.403688ms" pod="default/pagerank-00001-deployment-7d5555f8bb-mrsl2"
I0506 08:10:22.667864       1 schedule_one.go:166] "scheduling algorithm completed" duration ="479.512335ms" pod="default/graphgen-00001-deployment-778bbfcf48-4xn92"
I0506 08:10:22.843852       1 schedule_one.go:67] === MON SCHEDULER MODIFIÉ EST EN TRAIN DE TOURNER ===
I0506 08:10:22.917582       1 schedule_one.go:166] "scheduling algorithm completed" duration ="78.981908ms" pod="default/linpack-00001-deployment-5f6694d7c6-2zgph"
I0506 08:10:23.009716       1 schedule_one.go:67] === MON SCHEDULER MODIFIÉ EST EN TRAIN DE TOURNER ===
I0506 08:10:23.031450       1 schedule_one.go:166] "scheduling algorithm completed" duration ="23.415772ms" pod="default/grayscale-00001-deployment-94d4646fd-7txmq"
I0506 08:10:24.007324       1 schedule_one.go:67] === MON SCHEDULER MODIFIÉ EST EN TRAIN DE TOURNER ===
I0506 08:10:24.018405       1 schedule_one.go:166] "scheduling algorithm completed" duration ="11.882867ms" pod="default/linpack-00001-deployment-5f6694d7c6-txsmx"
I0506 08:10:24.076762       1 schedule_one.go:67] === MON SCHEDULER MODIFIÉ EST EN TRAIN DE TOURNER ===
I0506 08:10:24.092257       1 schedule_one.go:166] "scheduling algorithm completed" duration ="17.720551ms" pod="default/graphgen-00001-deployment-778bbfcf48-89g5s"
I0506 08:10:24.320534       1 schedule_one.go:67] === MON SCHEDULER MODIFIÉ EST EN TRAIN DE TOURNER ===
I0506 08:10:24.418104       1 schedule_one.go:166] "scheduling algorithm completed" duration ="98.223292ms" pod="default/genmatrix-00001-deployment-7dbddd585-wrpzw"
I0506 08:10:24.912920       1 schedule_one.go:67] === MON SCHEDULER MODIFIÉ EST EN TRAIN DE TOURNER ===
I0506 08:10:25.019031       1 schedule_one.go:166] "scheduling algorithm completed" duration ="106.83579ms" pod="default/matrixmul-00001-deployment-7dc7847b4f-c26xd"
I0506 08:10:25.213858       1 schedule_one.go:67] === MON SCHEDULER MODIFIÉ EST EN TRAIN DE TOURNER ===
I0506 08:10:25.289436       1 schedule_one.go:166] "scheduling algorithm completed" duration ="76.818223ms" pod="default/mobilenet-00001-deployment-59bbf999b6-b2p4t"
I0506 08:10:25.533369       1 schedule_one.go:67] === MON SCHEDULER MODIFIÉ EST EN TRAIN DE TOURNER ===
I0506 08:10:25.592608       1 schedule_one.go:166] "scheduling algorithm completed" duration ="60.153096ms" pod="default/fetchdata-00001-deployment-99f85775b-sl7wj"
I0506 08:10:26.119493       1 schedule_one.go:67] === MON SCHEDULER MODIFIÉ EST EN TRAIN DE TOURNER ===
I0506 08:10:26.135932       1 schedule_one.go:166] "scheduling algorithm completed" duration ="19.683773ms" pod="default/resnet-00001-deployment-57c4bfb987-cs5js"
I0506 08:10:26.290150       1 schedule_one.go:67] === MON SCHEDULER MODIFIÉ EST EN TRAIN DE TOURNER ===
I0506 08:10:26.363956       1 schedule_one.go:166] "scheduling algorithm completed" duration ="74.514427ms" pod="default/grayscale-00001-deployment-94d4646fd-g54r9"
I0506 08:10:26.376162       1 schedule_one.go:67] === MON SCHEDULER MODIFIÉ EST EN TRAIN DE TOURNER ===
I0506 08:10:26.435644       1 schedule_one.go:166] "scheduling algorithm completed" duration ="61.186374ms" pod="default/resnet-00001-deployment-57c4bfb987-qkf7k"
I0506 08:10:26.442609       1 schedule_one.go:67] === MON SCHEDULER MODIFIÉ EST EN TRAIN DE TOURNER ===
I0506 08:10:26.897356       1 schedule_one.go:166] "scheduling algorithm completed" duration ="455.609168ms" pod="default/linpack-00001-deployment-5f6694d7c6-4ltbx"
I0506 08:10:26.898513       1 schedule_one.go:67] === MON SCHEDULER MODIFIÉ EST EN TRAIN DE TOURNER ===
I0506 08:10:26.959646       1 schedule_one.go:166] "scheduling algorithm completed" duration ="61.590374ms" pod="default/grayscale-00001-deployment-94d4646fd-nkz8s"
I0506 08:10:27.886561       1 schedule_one.go:67] === MON SCHEDULER MODIFIÉ EST EN TRAIN DE TOURNER ===
I0506 08:10:27.896513       1 schedule_one.go:166] "scheduling algorithm completed" duration ="10.670294ms" pod="default/resnet-00001-deployment-57c4bfb987-xr76w"
I0506 08:10:27.899781       1 schedule_one.go:67] === MON SCHEDULER MODIFIÉ EST EN TRAIN DE TOURNER ===
I0506 08:10:27.927841       1 schedule_one.go:166] "scheduling algorithm completed" duration ="28.795752ms" pod="default/graphgen-00001-deployment-778bbfcf48-lltzp"
I0506 08:10:28.165698       1 schedule_one.go:67] === MON SCHEDULER MODIFIÉ EST EN TRAIN DE TOURNER ===
I0506 08:10:28.168456       1 schedule_one.go:67] === MON SCHEDULER MODIFIÉ EST EN TRAIN DE TOURNER ===
I0506 08:10:28.229823       1 schedule_one.go:166] "scheduling algorithm completed" duration ="64.935355ms" pod="default/grayscale-00001-deployment-94d4646fd-m42sc"
I0506 08:10:28.339496       1 schedule_one.go:67] === MON SCHEDULER MODIFIÉ EST EN TRAIN DE TOURNER ===
I0506 08:10:28.424491       1 schedule_one.go:166] "scheduling algorithm completed" duration ="86.068571ms" pod="default/linpack-00001-deployment-5f6694d7c6-vnxmg"
I0506 08:10:28.647196       1 schedule_one.go:166] "scheduling algorithm completed" duration ="479.702696ms" pod="default/matrixmul-00001-deployment-7dc7847b4f-tzwdg"
I0506 08:10:29.956921       1 schedule_one.go:67] === MON SCHEDULER MODIFIÉ EST EN TRAIN DE TOURNER ===
I0506 08:10:29.969559       1 schedule_one.go:166] "scheduling algorithm completed" duration ="13.539238ms" pod="default/grayscale-00001-deployment-94d4646fd-pg4ht"
I0506 08:10:30.008331       1 schedule_one.go:67] === MON SCHEDULER MODIFIÉ EST EN TRAIN DE TOURNER ===
I0506 08:10:30.037229       1 schedule_one.go:67] === MON SCHEDULER MODIFIÉ EST EN TRAIN DE TOURNER ===
I0506 08:10:30.107297       1 schedule_one.go:166] "scheduling algorithm completed" duration ="99.737031ms" pod="default/grayscale-00001-deployment-94d4646fd-mfjb4"
I0506 08:10:30.113518       1 schedule_one.go:166] "scheduling algorithm completed" duration ="78.015406ms" pod="default/grayscale-00001-deployment-94d4646fd-9rkgv"
I0506 08:10:31.904415       1 schedule_one.go:67] === MON SCHEDULER MODIFIÉ EST EN TRAIN DE TOURNER ===
I0506 08:10:31.936999       1 schedule_one.go:166] "scheduling algorithm completed" duration ="33.361992ms" pod="default/grayscale-00001-deployment-94d4646fd-nmvqr"
I0506 08:10:31.953813       1 schedule_one.go:67] === MON SCHEDULER MODIFIÉ EST EN TRAIN DE TOURNER ===
I0506 08:10:31.982030       1 schedule_one.go:67] === MON SCHEDULER MODIFIÉ EST EN TRAIN DE TOURNER ===
I0506 08:10:32.002232       1 schedule_one.go:67] === MON SCHEDULER MODIFIÉ EST EN TRAIN DE TOURNER ===
I0506 08:10:32.030685       1 schedule_one.go:166] "scheduling algorithm completed" duration ="77.543443ms" pod="default/grayscale-00001-deployment-94d4646fd-fc2lx"
I0506 08:10:32.087711       1 schedule_one.go:166] "scheduling algorithm completed" duration ="108.151601ms" pod="default/grayscale-00001-deployment-94d4646fd-8q2bm"
I0506 08:10:32.145607       1 schedule_one.go:166] "scheduling algorithm completed" duration ="144.495241ms" pod="default/linpack-00001-deployment-5f6694d7c6-lgn5r"
I0506 08:10:33.942282       1 schedule_one.go:67] === MON SCHEDULER MODIFIÉ EST EN TRAIN DE TOURNER ===
I0506 08:10:33.968027       1 schedule_one.go:166] "scheduling algorithm completed" duration ="26.560882ms" pod="default/resnet-00001-deployment-57c4bfb987-v4v8z"
I0506 08:10:34.011763       1 schedule_one.go:67] === MON SCHEDULER MODIFIÉ EST EN TRAIN DE TOURNER ===
I0506 08:10:34.020468       1 schedule_one.go:166] "scheduling algorithm completed" duration ="9.603387ms" pod="default/grayscale-00001-deployment-94d4646fd-rjfvw"
I0506 08:10:34.052893       1 schedule_one.go:67] === MON SCHEDULER MODIFIÉ EST EN TRAIN DE TOURNER ===
I0506 08:10:34.093656       1 schedule_one.go:166] "scheduling algorithm completed" duration ="41.494174ms" pod="default/grayscale-00001-deployment-94d4646fd-7dn44"
I0506 08:10:35.888054       1 schedule_one.go:67] === MON SCHEDULER MODIFIÉ EST EN TRAIN DE TOURNER ===
I0506 08:10:35.911445       1 schedule_one.go:166] "scheduling algorithm completed" duration ="24.693827ms" pod="default/fastfouriertransform-00001-deployment-5f7f4bb84b-prkwt"
I0506 08:10:37.944330       1 schedule_one.go:67] === MON SCHEDULER MODIFIÉ EST EN TRAIN DE TOURNER ===
I0506 08:10:37.962765       1 schedule_one.go:67] === MON SCHEDULER MODIFIÉ EST EN TRAIN DE TOURNER ===
I0506 08:10:37.980546       1 schedule_one.go:166] "scheduling algorithm completed" duration ="37.020212ms" pod="default/fastfouriertransform-00001-deployment-5f7f4bb84b-gbfwn"
I0506 08:10:37.997405       1 schedule_one.go:166] "scheduling algorithm completed" duration ="35.50899ms" pod="default/fastfouriertransform-00001-deployment-5f7f4bb84b-4wzq2"
I0506 08:10:39.872863       1 schedule_one.go:67] === MON SCHEDULER MODIFIÉ EST EN TRAIN DE TOURNER ===
I0506 08:10:39.884494       1 schedule_one.go:166] "scheduling algorithm completed" duration ="12.335348ms" pod="default/fastfouriertransform-00001-deployment-5f7f4bb84b-s48r6"
I0506 08:10:42.026036       1 schedule_one.go:67] === MON SCHEDULER MODIFIÉ EST EN TRAIN DE TOURNER ===
I0506 08:10:42.061444       1 schedule_one.go:67] === MON SCHEDULER MODIFIÉ EST EN TRAIN DE TOURNER ===
I0506 08:10:42.091048       1 schedule_one.go:166] "scheduling algorithm completed" duration ="30.311899ms" pod="default/grayscale-00001-deployment-94d4646fd-jjj88"
I0506 08:10:42.181839       1 schedule_one.go:166] "scheduling algorithm completed" duration ="156.569437ms" pod="default/resnet-00001-deployment-57c4bfb987-sv6sh"
I0506 08:10:49.865974       1 schedule_one.go:67] === MON SCHEDULER MODIFIÉ EST EN TRAIN DE TOURNER ===
I0506 08:10:49.896093       1 schedule_one.go:166] "scheduling algorithm completed" duration ="30.99175ms" pod="default/pagerank-00001-deployment-7d5555f8bb-jftq2"
I0506 08:17:25.398618       1 schedule_one.go:67] === MON SCHEDULER MODIFIÉ EST EN TRAIN DE TOURNER ===
I0506 08:17:25.403063       1 schedule_one.go:67] === MON SCHEDULER MODIFIÉ EST EN TRAIN DE TOURNER ===
I0506 08:17:25.416729       1 schedule_one.go:166] "scheduling algorithm completed" duration ="19.091998ms" pod="default/fetchdata-00001-deployment-99f85775b-csz45"
I0506 08:17:25.425050       1 schedule_one.go:166] "scheduling algorithm completed" duration ="22.572419ms" pod="default/linpack-00001-deployment-5f6694d7c6-jkcns"
I0506 08:17:25.647088       1 schedule_one.go:67] === MON SCHEDULER MODIFIÉ EST EN TRAIN DE TOURNER ===
I0506 08:17:25.724727       1 schedule_one.go:67] === MON SCHEDULER MODIFIÉ EST EN TRAIN DE TOURNER ===
I0506 08:17:25.794763       1 schedule_one.go:166] "scheduling algorithm completed" duration ="148.479317ms" pod="default/grayscale-00001-deployment-94d4646fd-2dzmx"
I0506 08:17:25.895371       1 schedule_one.go:166] "scheduling algorithm completed" duration ="171.274644ms" pod="default/resnet-00001-deployment-57c4bfb987-xjcmh"
I0506 08:17:26.120888       1 schedule_one.go:67] === MON SCHEDULER MODIFIÉ EST EN TRAIN DE TOURNER ===
I0506 08:17:26.184317       1 schedule_one.go:67] === MON SCHEDULER MODIFIÉ EST EN TRAIN DE TOURNER ===
I0506 08:17:26.212826       1 schedule_one.go:166] "scheduling algorithm completed" duration ="29.180505ms" pod="default/graphgen-00001-deployment-778bbfcf48-5t2gk"
I0506 08:17:26.247185       1 schedule_one.go:166] "scheduling algorithm completed" duration ="126.886563ms" pod="default/fastfouriertransform-00001-deployment-5f7f4bb84b-89cq6"
I0506 08:17:26.383387       1 schedule_one.go:67] === MON SCHEDULER MODIFIÉ EST EN TRAIN DE TOURNER ===
I0506 08:17:26.423613       1 schedule_one.go:166] "scheduling algorithm completed" duration ="40.813362ms" pod="default/mobilenet-00001-deployment-59bbf999b6-zb476"
I0506 08:17:26.584623       1 schedule_one.go:67] === MON SCHEDULER MODIFIÉ EST EN TRAIN DE TOURNER ===
I0506 08:17:26.601212       1 schedule_one.go:67] === MON SCHEDULER MODIFIÉ EST EN TRAIN DE TOURNER ===
I0506 08:17:26.672787       1 schedule_one.go:166] "scheduling algorithm completed" duration ="72.20742ms" pod="default/matrixmul-00001-deployment-7dc7847b4f-lkx28"
I0506 08:17:26.687884       1 schedule_one.go:166] "scheduling algorithm completed" duration ="103.807033ms" pod="default/pagerank-00001-deployment-7d5555f8bb-pdmhn"
I0506 08:17:26.727554       1 schedule_one.go:67] === MON SCHEDULER MODIFIÉ EST EN TRAIN DE TOURNER ===
I0506 08:17:26.768860       1 schedule_one.go:166] "scheduling algorithm completed" duration ="42.054286ms" pod="default/genmatrix-00001-deployment-7dbddd585-r9ddk"
I0506 08:17:27.938744       1 schedule_one.go:67] === MON SCHEDULER MODIFIÉ EST EN TRAIN DE TOURNER ===
I0506 08:17:28.024817       1 schedule_one.go:166] "scheduling algorithm completed" duration ="86.9762ms" pod="default/resnet-00001-deployment-57c4bfb987-bf9cm"
I0506 08:17:28.182524       1 schedule_one.go:67] === MON SCHEDULER MODIFIÉ EST EN TRAIN DE TOURNER ===
I0506 08:17:28.360450       1 schedule_one.go:166] "scheduling algorithm completed" duration ="179.250653ms" pod="default/matrixmul-00001-deployment-7dc7847b4f-969vq"
I0506 08:17:28.390780       1 schedule_one.go:67] === MON SCHEDULER MODIFIÉ EST EN TRAIN DE TOURNER ===
I0506 08:17:28.449985       1 schedule_one.go:67] === MON SCHEDULER MODIFIÉ EST EN TRAIN DE TOURNER ===
I0506 08:17:28.566304       1 schedule_one.go:166] "scheduling algorithm completed" duration ="177.301747ms" pod="default/fastfouriertransform-00001-deployment-5f7f4bb84b-6h84r"
I0506 08:17:28.624650       1 schedule_one.go:166] "scheduling algorithm completed" duration ="175.434583ms" pod="default/genmatrix-00001-deployment-7dbddd585-mfxgr"
I0506 08:17:28.683257       1 schedule_one.go:67] === MON SCHEDULER MODIFIÉ EST EN TRAIN DE TOURNER ===
I0506 08:17:28.875492       1 schedule_one.go:166] "scheduling algorithm completed" duration ="193.883025ms" pod="default/graphgen-00001-deployment-778bbfcf48-5xp2h"
I0506 08:17:29.185096       1 schedule_one.go:67] === MON SCHEDULER MODIFIÉ EST EN TRAIN DE TOURNER ===
I0506 08:17:29.203297       1 schedule_one.go:67] === MON SCHEDULER MODIFIÉ EST EN TRAIN DE TOURNER ===
I0506 08:17:29.254713       1 schedule_one.go:166] "scheduling algorithm completed" duration ="70.2497ms" pod="default/pagerank-00001-deployment-7d5555f8bb-m6k5r"
I0506 08:17:29.271732       1 schedule_one.go:166] "scheduling algorithm completed" duration ="69.051275ms" pod="default/fetchdata-00001-deployment-99f85775b-f7mlj"
I0506 08:17:29.313807       1 schedule_one.go:67] === MON SCHEDULER MODIFIÉ EST EN TRAIN DE TOURNER ===
I0506 08:17:29.353612       1 schedule_one.go:166] "scheduling algorithm completed" duration ="40.535122ms" pod="default/fetchdata-00001-deployment-99f85775b-t6zc7"
I0506 08:17:29.361001       1 schedule_one.go:67] === MON SCHEDULER MODIFIÉ EST EN TRAIN DE TOURNER ===
I0506 08:17:29.365830       1 schedule_one.go:67] === MON SCHEDULER MODIFIÉ EST EN TRAIN DE TOURNER ===
I0506 08:17:29.459407       1 schedule_one.go:166] "scheduling algorithm completed" duration ="99.141723ms" pod="default/grayscale-00001-deployment-94d4646fd-d8cwh"
I0506 08:17:29.459407       1 schedule_one.go:166] "scheduling algorithm completed" duration ="94.335432ms" pod="default/linpack-00001-deployment-5f6694d7c6-xmhhl"
I0506 08:17:29.472896       1 schedule_one.go:67] === MON SCHEDULER MODIFIÉ EST EN TRAIN DE TOURNER ===
I0506 08:17:29.475382       1 schedule_one.go:67] === MON SCHEDULER MODIFIÉ EST EN TRAIN DE TOURNER ===
I0506 08:17:29.513074       1 schedule_one.go:166] "scheduling algorithm completed" duration ="38.446809ms" pod="default/linpack-00001-deployment-5f6694d7c6-2jntp"
I0506 08:17:29.513329       1 schedule_one.go:166] "scheduling algorithm completed" duration ="41.189806ms" pod="default/grayscale-00001-deployment-94d4646fd-qfnhg"
I0506 08:17:30.060693       1 schedule_one.go:67] === MON SCHEDULER MODIFIÉ EST EN TRAIN DE TOURNER ===
I0506 08:17:30.105031       1 schedule_one.go:166] "scheduling algorithm completed" duration ="44.972135ms" pod="default/graphgen-00001-deployment-778bbfcf48-c6tms"
I0506 08:17:30.111442       1 schedule_one.go:67] === MON SCHEDULER MODIFIÉ EST EN TRAIN DE TOURNER ===
I0506 08:17:30.146068       1 schedule_one.go:166] "scheduling algorithm completed" duration ="35.218387ms" pod="default/resnet-00001-deployment-57c4bfb987-kw4sk"
I0506 08:17:30.245067       1 schedule_one.go:67] === MON SCHEDULER MODIFIÉ EST EN TRAIN DE TOURNER ===
I0506 08:17:30.571907       1 schedule_one.go:166] "scheduling algorithm completed" duration ="327.41369ms" pod="default/matrixmul-00001-deployment-7dc7847b4f-pg8sx"
I0506 08:17:30.641272       1 schedule_one.go:67] === MON SCHEDULER MODIFIÉ EST EN TRAIN DE TOURNER ===
I0506 08:17:30.652517       1 schedule_one.go:67] === MON SCHEDULER MODIFIÉ EST EN TRAIN DE TOURNER ===
I0506 08:17:30.714120       1 schedule_one.go:166] "scheduling algorithm completed" duration ="73.593899ms" pod="default/mobilenet-00001-deployment-59bbf999b6-lrt6x"
I0506 08:17:30.714968       1 schedule_one.go:166] "scheduling algorithm completed" duration ="63.341226ms" pod="default/pagerank-00001-deployment-7d5555f8bb-t7gd5"
I0506 08:17:32.314050       1 schedule_one.go:67] === MON SCHEDULER MODIFIÉ EST EN TRAIN DE TOURNER ===
I0506 08:17:32.324243       1 schedule_one.go:67] === MON SCHEDULER MODIFIÉ EST EN TRAIN DE TOURNER ===
I0506 08:17:32.330700       1 schedule_one.go:67] === MON SCHEDULER MODIFIÉ EST EN TRAIN DE TOURNER ===
I0506 08:17:32.521543       1 schedule_one.go:166] "scheduling algorithm completed" duration ="208.438027ms" pod="default/fastfouriertransform-00001-deployment-5f7f4bb84b-4svdt"
I0506 08:17:32.523056       1 schedule_one.go:166] "scheduling algorithm completed" duration ="200.650091ms" pod="default/graphgen-00001-deployment-778bbfcf48-xm7df"
I0506 08:17:32.530869       1 schedule_one.go:166] "scheduling algorithm completed" duration ="200.992312ms" pod="default/matrixmul-00001-deployment-7dc7847b4f-hh4n5"
I0506 08:17:32.653134       1 schedule_one.go:67] === MON SCHEDULER MODIFIÉ EST EN TRAIN DE TOURNER ===
I0506 08:17:32.853173       1 schedule_one.go:166] "scheduling algorithm completed" duration ="201.357498ms" pod="default/grayscale-00001-deployment-94d4646fd-bmbct"
I0506 08:17:32.862047       1 schedule_one.go:67] === MON SCHEDULER MODIFIÉ EST EN TRAIN DE TOURNER ===
I0506 08:17:32.947236       1 schedule_one.go:166] "scheduling algorithm completed" duration ="86.361385ms" pod="default/grayscale-00001-deployment-94d4646fd-wxzdv"
I0506 08:17:33.504767       1 schedule_one.go:67] === MON SCHEDULER MODIFIÉ EST EN TRAIN DE TOURNER ===
I0506 08:17:33.556190       1 schedule_one.go:166] "scheduling algorithm completed" duration ="52.33846ms" pod="default/resnet-00001-deployment-57c4bfb987-mcxs9"
I0506 08:17:33.704629       1 schedule_one.go:67] === MON SCHEDULER MODIFIÉ EST EN TRAIN DE TOURNER ===
I0506 08:17:33.780085       1 schedule_one.go:166] "scheduling algorithm completed" duration ="76.415229ms" pod="default/resnet-00001-deployment-57c4bfb987-kvr72"
I0506 08:17:34.258258       1 schedule_one.go:67] === MON SCHEDULER MODIFIÉ EST EN TRAIN DE TOURNER ===
I0506 08:17:34.292945       1 schedule_one.go:166] "scheduling algorithm completed" duration ="35.351183ms" pod="default/grayscale-00001-deployment-94d4646fd-9tkcz"
I0506 08:17:34.415673       1 schedule_one.go:67] === MON SCHEDULER MODIFIÉ EST EN TRAIN DE TOURNER ===
I0506 08:17:34.477505       1 schedule_one.go:166] "scheduling algorithm completed" duration ="63.144392ms" pod="default/resnet-00001-deployment-57c4bfb987-lwxw2"
I0506 08:17:36.299693       1 schedule_one.go:67] === MON SCHEDULER MODIFIÉ EST EN TRAIN DE TOURNER ===
I0506 08:17:36.358294       1 schedule_one.go:166] "scheduling algorithm completed" duration ="59.899563ms" pod="default/grayscale-00001-deployment-94d4646fd-66fws"
I0506 08:17:36.366081       1 schedule_one.go:67] === MON SCHEDULER MODIFIÉ EST EN TRAIN DE TOURNER ===
I0506 08:17:36.449851       1 schedule_one.go:67] === MON SCHEDULER MODIFIÉ EST EN TRAIN DE TOURNER ===
I0506 08:17:36.463519       1 schedule_one.go:67] === MON SCHEDULER MODIFIÉ EST EN TRAIN DE TOURNER ===
I0506 08:17:36.522881       1 schedule_one.go:166] "scheduling algorithm completed" duration ="158.392655ms" pod="default/grayscale-00001-deployment-94d4646fd-g668l"
I0506 08:17:36.563847       1 schedule_one.go:166] "scheduling algorithm completed" duration ="122.931177ms" pod="default/grayscale-00001-deployment-94d4646fd-rzrqn"
I0506 08:17:36.563847       1 schedule_one.go:166] "scheduling algorithm completed" duration ="106.437084ms" pod="default/graphgen-00001-deployment-778bbfcf48-qhzmq"
I0506 08:17:37.944827       1 schedule_one.go:67] === MON SCHEDULER MODIFIÉ EST EN TRAIN DE TOURNER ===
I0506 08:17:38.004482       1 schedule_one.go:166] "scheduling algorithm completed" duration ="60.425098ms" pod="default/grayscale-00001-deployment-94d4646fd-hm2sp"
I0506 08:17:38.012265       1 schedule_one.go:67] === MON SCHEDULER MODIFIÉ EST EN TRAIN DE TOURNER ===
I0506 08:17:38.098140       1 schedule_one.go:166] "scheduling algorithm completed" duration ="86.916273ms" pod="default/grayscale-00001-deployment-94d4646fd-48mcr"
I0506 08:17:39.861664       1 schedule_one.go:67] === MON SCHEDULER MODIFIÉ EST EN TRAIN DE TOURNER ===
I0506 08:17:39.900692       1 schedule_one.go:166] "scheduling algorithm completed" duration ="40.06614ms" pod="default/grayscale-00001-deployment-94d4646fd-g85xf"
I0506 08:17:43.970612       1 schedule_one.go:67] === MON SCHEDULER MODIFIÉ EST EN TRAIN DE TOURNER ===
I0506 08:17:43.987718       1 schedule_one.go:166] "scheduling algorithm completed" duration ="17.932739ms" pod="default/grayscale-00001-deployment-94d4646fd-vpsxf"
I0506 08:17:45.931986       1 schedule_one.go:67] === MON SCHEDULER MODIFIÉ EST EN TRAIN DE TOURNER ===
I0506 08:17:46.015923       1 schedule_one.go:166] "scheduling algorithm completed" duration ="84.599275ms" pod="default/grayscale-00001-deployment-94d4646fd-lbkrd"
I0506 08:17:47.958475       1 schedule_one.go:67] === MON SCHEDULER MODIFIÉ EST EN TRAIN DE TOURNER ===
I0506 08:17:47.982888       1 schedule_one.go:166] "scheduling algorithm completed" duration ="25.806174ms" pod="default/grayscale-00001-deployment-94d4646fd-c5swr"
I0506 08:17:48.015418       1 schedule_one.go:67] === MON SCHEDULER MODIFIÉ EST EN TRAIN DE TOURNER ===
I0506 08:17:48.079798       1 schedule_one.go:166] "scheduling algorithm completed" duration ="66.011851ms" pod="default/grayscale-00001-deployment-94d4646fd-c25qx"
I0506 08:25:29.158754       1 schedule_one.go:67] === MON SCHEDULER MODIFIÉ EST EN TRAIN DE TOURNER ===
I0506 08:25:29.161843       1 schedule_one.go:67] === MON SCHEDULER MODIFIÉ EST EN TRAIN DE TOURNER ===
I0506 08:25:29.163874       1 schedule_one.go:67] === MON SCHEDULER MODIFIÉ EST EN TRAIN DE TOURNER ===
I0506 08:25:29.208670       1 schedule_one.go:166] "scheduling algorithm completed" duration ="50.744053ms" pod="default/resnet-00001-deployment-57c4bfb987-wbdsj"
I0506 08:25:29.211183       1 schedule_one.go:166] "scheduling algorithm completed" duration ="50.047702ms" pod="default/linpack-00001-deployment-5f6694d7c6-zlqm2"
I0506 08:25:29.244398       1 schedule_one.go:166] "scheduling algorithm completed" duration ="81.411932ms" pod="default/grayscale-00001-deployment-94d4646fd-kgn5v"
I0506 08:25:29.245606       1 schedule_one.go:67] === MON SCHEDULER MODIFIÉ EST EN TRAIN DE TOURNER ===
I0506 08:25:29.247841       1 schedule_one.go:67] === MON SCHEDULER MODIFIÉ EST EN TRAIN DE TOURNER ===
I0506 08:25:29.291499       1 schedule_one.go:166] "scheduling algorithm completed" duration ="47.070891ms" pod="default/fetchdata-00001-deployment-99f85775b-nv8wj"
I0506 08:25:29.291585       1 schedule_one.go:166] "scheduling algorithm completed" duration ="44.882654ms" pod="default/fastfouriertransform-00001-deployment-5f7f4bb84b-cb9gc"
I0506 08:25:29.354821       1 schedule_one.go:67] === MON SCHEDULER MODIFIÉ EST EN TRAIN DE TOURNER ===
I0506 08:25:29.394448       1 schedule_one.go:67] === MON SCHEDULER MODIFIÉ EST EN TRAIN DE TOURNER ===
I0506 08:25:29.446416       1 schedule_one.go:166] "scheduling algorithm completed" duration ="92.270341ms" pod="default/mobilenet-00001-deployment-59bbf999b6-sx7cv"
I0506 08:25:29.701174       1 schedule_one.go:166] "scheduling algorithm completed" duration ="307.42668ms" pod="default/graphgen-00001-deployment-778bbfcf48-5s72d"
I0506 08:25:29.861189       1 schedule_one.go:67] === MON SCHEDULER MODIFIÉ EST EN TRAIN DE TOURNER ===
I0506 08:25:29.893278       1 schedule_one.go:166] "scheduling algorithm completed" duration ="32.773969ms" pod="default/matrixmul-00001-deployment-7dc7847b4f-p56lb"
I0506 08:25:29.995774       1 schedule_one.go:67] === MON SCHEDULER MODIFIÉ EST EN TRAIN DE TOURNER ===
I0506 08:25:30.000030       1 schedule_one.go:67] === MON SCHEDULER MODIFIÉ EST EN TRAIN DE TOURNER ===
I0506 08:25:30.047849       1 schedule_one.go:166] "scheduling algorithm completed" duration ="52.669642ms" pod="default/genmatrix-00001-deployment-7dbddd585-7t8zz"
I0506 08:25:30.066387       1 schedule_one.go:166] "scheduling algorithm completed" duration ="66.899194ms" pod="default/pagerank-00001-deployment-7d5555f8bb-7m5ls"
I0506 08:25:32.298562       1 schedule_one.go:67] === MON SCHEDULER MODIFIÉ EST EN TRAIN DE TOURNER ===
I0506 08:25:32.417248       1 schedule_one.go:166] "scheduling algorithm completed" duration ="119.691206ms" pod="default/fastfouriertransform-00001-deployment-5f7f4bb84b-w5z5b"
I0506 08:25:32.497464       1 schedule_one.go:67] === MON SCHEDULER MODIFIÉ EST EN TRAIN DE TOURNER ===
I0506 08:25:32.592659       1 schedule_one.go:166] "scheduling algorithm completed" duration ="95.846483ms" pod="default/pagerank-00001-deployment-7d5555f8bb-lxncj"
I0506 08:25:32.594549       1 schedule_one.go:67] === MON SCHEDULER MODIFIÉ EST EN TRAIN DE TOURNER ===
I0506 08:25:32.632879       1 schedule_one.go:166] "scheduling algorithm completed" duration ="39.259977ms" pod="default/grayscale-00001-deployment-94d4646fd-4s4m9"
I0506 08:25:32.645818       1 schedule_one.go:67] === MON SCHEDULER MODIFIÉ EST EN TRAIN DE TOURNER ===
I0506 08:25:32.701871       1 schedule_one.go:166] "scheduling algorithm completed" duration ="56.62571ms" pod="default/grayscale-00001-deployment-94d4646fd-xvhvm"
I0506 08:25:32.709735       1 schedule_one.go:67] === MON SCHEDULER MODIFIÉ EST EN TRAIN DE TOURNER ===
I0506 08:25:32.760921       1 schedule_one.go:166] "scheduling algorithm completed" duration ="52.010106ms" pod="default/genmatrix-00001-deployment-7dbddd585-48t4v"
I0506 08:25:32.809304       1 schedule_one.go:67] === MON SCHEDULER MODIFIÉ EST EN TRAIN DE TOURNER ===
I0506 08:25:32.890115       1 schedule_one.go:166] "scheduling algorithm completed" duration ="81.579339ms" pod="default/resnet-00001-deployment-57c4bfb987-qfhfx"
I0506 08:25:32.922103       1 schedule_one.go:67] === MON SCHEDULER MODIFIÉ EST EN TRAIN DE TOURNER ===
I0506 08:25:32.959659       1 schedule_one.go:166] "scheduling algorithm completed" duration ="38.357923ms" pod="default/graphgen-00001-deployment-778bbfcf48-zlh9k"
I0506 08:25:32.998764       1 schedule_one.go:67] === MON SCHEDULER MODIFIÉ EST EN TRAIN DE TOURNER ===
I0506 08:25:33.048895       1 schedule_one.go:67] === MON SCHEDULER MODIFIÉ EST EN TRAIN DE TOURNER ===
I0506 08:25:33.086868       1 schedule_one.go:166] "scheduling algorithm completed" duration ="88.717531ms" pod="default/matrixmul-00001-deployment-7dc7847b4f-j6cnd"
I0506 08:25:33.117376       1 schedule_one.go:166] "scheduling algorithm completed" duration ="69.066765ms" pod="default/matrixmul-00001-deployment-7dc7847b4f-b8gvl"
I0506 08:25:33.188616       1 schedule_one.go:67] === MON SCHEDULER MODIFIÉ EST EN TRAIN DE TOURNER ===
I0506 08:25:33.190341       1 schedule_one.go:67] === MON SCHEDULER MODIFIÉ EST EN TRAIN DE TOURNER ===
I0506 08:25:33.282195       1 schedule_one.go:166] "scheduling algorithm completed" duration ="94.787336ms" pod="default/linpack-00001-deployment-5f6694d7c6-nn9md"
I0506 08:25:33.282384       1 schedule_one.go:166] "scheduling algorithm completed" duration ="92.90034ms" pod="default/fetchdata-00001-deployment-99f85775b-zm8nx"
I0506 08:25:33.288311       1 schedule_one.go:67] === MON SCHEDULER MODIFIÉ EST EN TRAIN DE TOURNER ===
I0506 08:25:33.430958       1 schedule_one.go:67] === MON SCHEDULER MODIFIÉ EST EN TRAIN DE TOURNER ===
I0506 08:25:33.471122       1 schedule_one.go:166] "scheduling algorithm completed" duration ="184.237312ms" pod="default/fetchdata-00001-deployment-99f85775b-bdb7r"
I0506 08:25:33.527047       1 schedule_one.go:166] "scheduling algorithm completed" duration ="96.829463ms" pod="default/mobilenet-00001-deployment-59bbf999b6-887sq"
I0506 08:25:34.133846       1 schedule_one.go:67] === MON SCHEDULER MODIFIÉ EST EN TRAIN DE TOURNER ===
I0506 08:25:34.162850       1 schedule_one.go:67] === MON SCHEDULER MODIFIÉ EST EN TRAIN DE TOURNER ===
I0506 08:25:34.169311       1 schedule_one.go:166] "scheduling algorithm completed" duration ="36.194815ms" pod="default/resnet-00001-deployment-57c4bfb987-mzpbr"
I0506 08:25:34.210935       1 schedule_one.go:166] "scheduling algorithm completed" duration ="48.843315ms" pod="default/graphgen-00001-deployment-778bbfcf48-jfmbp"
I0506 08:25:34.353542       1 schedule_one.go:67] === MON SCHEDULER MODIFIÉ EST EN TRAIN DE TOURNER ===
I0506 08:25:34.384977       1 schedule_one.go:166] "scheduling algorithm completed" duration ="32.155118ms" pod="default/linpack-00001-deployment-5f6694d7c6-ztkcc"
I0506 08:25:36.398745       1 schedule_one.go:67] === MON SCHEDULER MODIFIÉ EST EN TRAIN DE TOURNER ===
I0506 08:25:36.418099       1 schedule_one.go:67] === MON SCHEDULER MODIFIÉ EST EN TRAIN DE TOURNER ===
I0506 08:25:36.503264       1 schedule_one.go:166] "scheduling algorithm completed" duration ="85.786054ms" pod="default/grayscale-00001-deployment-94d4646fd-lzgvh"
I0506 08:25:36.507597       1 schedule_one.go:166] "scheduling algorithm completed" duration ="109.569074ms" pod="default/resnet-00001-deployment-57c4bfb987-9n2mr"
I0506 08:25:36.556289       1 schedule_one.go:67] === MON SCHEDULER MODIFIÉ EST EN TRAIN DE TOURNER ===
I0506 08:25:36.735399       1 schedule_one.go:67] === MON SCHEDULER MODIFIÉ EST EN TRAIN DE TOURNER ===
I0506 08:25:36.744914       1 schedule_one.go:166] "scheduling algorithm completed" duration ="189.270062ms" pod="default/grayscale-00001-deployment-94d4646fd-d6lw9"
I0506 08:25:36.843323       1 schedule_one.go:166] "scheduling algorithm completed" duration ="108.762ms" pod="default/linpack-00001-deployment-5f6694d7c6-sv8sb"
I0506 08:25:36.865355       1 schedule_one.go:67] === MON SCHEDULER MODIFIÉ EST EN TRAIN DE TOURNER ===
I0506 08:25:36.975691       1 schedule_one.go:166] "scheduling algorithm completed" duration ="111.371163ms" pod="default/linpack-00001-deployment-5f6694d7c6-dfk7j"
I0506 08:25:37.284928       1 schedule_one.go:67] === MON SCHEDULER MODIFIÉ EST EN TRAIN DE TOURNER ===
I0506 08:25:37.383545       1 schedule_one.go:166] "scheduling algorithm completed" duration ="106.764503ms" pod="default/matrixmul-00001-deployment-7dc7847b4f-7x7tj"
I0506 08:25:37.391859       1 schedule_one.go:67] === MON SCHEDULER MODIFIÉ EST EN TRAIN DE TOURNER ===
I0506 08:25:37.466395       1 schedule_one.go:166] "scheduling algorithm completed" duration ="75.024274ms" pod="default/matrixmul-00001-deployment-7dc7847b4f-8szzf"
I0506 08:25:37.904669       1 schedule_one.go:67] === MON SCHEDULER MODIFIÉ EST EN TRAIN DE TOURNER ===
I0506 08:25:37.922265       1 schedule_one.go:67] === MON SCHEDULER MODIFIÉ EST EN TRAIN DE TOURNER ===
I0506 08:25:37.937591       1 schedule_one.go:67] === MON SCHEDULER MODIFIÉ EST EN TRAIN DE TOURNER ===
I0506 08:25:37.957248       1 schedule_one.go:166] "scheduling algorithm completed" duration ="53.241586ms" pod="default/resnet-00001-deployment-57c4bfb987-l26bc"
I0506 08:25:37.958749       1 schedule_one.go:166] "scheduling algorithm completed" duration ="22.27867ms" pod="default/resnet-00001-deployment-57c4bfb987-r2h7p"
I0506 08:25:37.959502       1 schedule_one.go:166] "scheduling algorithm completed" duration ="38.201627ms" pod="default/graphgen-00001-deployment-778bbfcf48-7j56f"
I0506 08:25:38.123078       1 schedule_one.go:67] === MON SCHEDULER MODIFIÉ EST EN TRAIN DE TOURNER ===
I0506 08:25:38.164981       1 schedule_one.go:166] "scheduling algorithm completed" duration ="42.721842ms" pod="default/grayscale-00001-deployment-94d4646fd-4j8k8"
I0506 08:25:39.973622       1 schedule_one.go:67] === MON SCHEDULER MODIFIÉ EST EN TRAIN DE TOURNER ===
I0506 08:25:40.008353       1 schedule_one.go:67] === MON SCHEDULER MODIFIÉ EST EN TRAIN DE TOURNER ===
I0506 08:25:40.054072       1 schedule_one.go:166] "scheduling algorithm completed" duration ="84.542611ms" pod="default/resnet-00001-deployment-57c4bfb987-mcsz4"
I0506 08:25:40.058084       1 schedule_one.go:166] "scheduling algorithm completed" duration ="51.743847ms" pod="default/fastfouriertransform-00001-deployment-5f7f4bb84b-njwjt"
I0506 08:25:40.116115       1 schedule_one.go:67] === MON SCHEDULER MODIFIÉ EST EN TRAIN DE TOURNER ===
I0506 08:25:40.260852       1 schedule_one.go:67] === MON SCHEDULER MODIFIÉ EST EN TRAIN DE TOURNER ===
I0506 08:25:40.316047       1 schedule_one.go:166] "scheduling algorithm completed" duration ="55.849489ms" pod="default/grayscale-00001-deployment-94d4646fd-2s59s"
I0506 08:25:40.376280       1 schedule_one.go:166] "scheduling algorithm completed" duration ="260.882748ms" pod="default/grayscale-00001-deployment-94d4646fd-4fws9"
I0506 08:25:41.981850       1 schedule_one.go:67] === MON SCHEDULER MODIFIÉ EST EN TRAIN DE TOURNER ===
I0506 08:25:42.031839       1 schedule_one.go:67] === MON SCHEDULER MODIFIÉ EST EN TRAIN DE TOURNER ===
I0506 08:25:42.040446       1 schedule_one.go:166] "scheduling algorithm completed" duration ="59.31878ms" pod="default/resnet-00001-deployment-57c4bfb987-mkpmw"
I0506 08:25:42.095966       1 schedule_one.go:166] "scheduling algorithm completed" duration ="64.822141ms" pod="default/grayscale-00001-deployment-94d4646fd-82ph2"
I0506 08:25:42.154292       1 schedule_one.go:67] === MON SCHEDULER MODIFIÉ EST EN TRAIN DE TOURNER ===
I0506 08:25:42.203599       1 schedule_one.go:166] "scheduling algorithm completed" duration ="50.085739ms" pod="default/grayscale-00001-deployment-94d4646fd-6lqzm"
I0506 08:25:43.866755       1 schedule_one.go:67] === MON SCHEDULER MODIFIÉ EST EN TRAIN DE TOURNER ===
I0506 08:25:43.885684       1 schedule_one.go:166] "scheduling algorithm completed" duration ="19.725007ms" pod="default/grayscale-00001-deployment-94d4646fd-wj9xj"
I0506 08:25:43.893040       1 schedule_one.go:67] === MON SCHEDULER MODIFIÉ EST EN TRAIN DE TOURNER ===
I0506 08:25:43.956570       1 schedule_one.go:166] "scheduling algorithm completed" duration ="64.69329ms" pod="default/grayscale-00001-deployment-94d4646fd-5z55d"
I0506 08:25:45.951291       1 schedule_one.go:67] === MON SCHEDULER MODIFIÉ EST EN TRAIN DE TOURNER ===
I0506 08:25:45.992195       1 schedule_one.go:166] "scheduling algorithm completed" duration ="43.040286ms" pod="default/fastfouriertransform-00001-deployment-5f7f4bb84b-htq2g"
I0506 08:25:45.993250       1 schedule_one.go:67] === MON SCHEDULER MODIFIÉ EST EN TRAIN DE TOURNER ===
I0506 08:25:46.070739       1 schedule_one.go:166] "scheduling algorithm completed" duration ="78.960324ms" pod="default/grayscale-00001-deployment-94d4646fd-vm2bz"
I0506 08:25:49.914033       1 schedule_one.go:67] === MON SCHEDULER MODIFIÉ EST EN TRAIN DE TOURNER ===
I0506 08:25:49.954663       1 schedule_one.go:166] "scheduling algorithm completed" duration ="41.568955ms" pod="default/grayscale-00001-deployment-94d4646fd-nrp74"
I0506 08:25:49.963687       1 schedule_one.go:67] === MON SCHEDULER MODIFIÉ EST EN TRAIN DE TOURNER ===
I0506 08:25:50.035240       1 schedule_one.go:166] "scheduling algorithm completed" duration ="78.523176ms" pod="default/pagerank-00001-deployment-7d5555f8bb-9kktz"
I0506 08:25:55.897009       1 schedule_one.go:67] === MON SCHEDULER MODIFIÉ EST EN TRAIN DE TOURNER ===
I0506 08:25:55.933143       1 schedule_one.go:166] "scheduling algorithm completed" duration ="37.680702ms" pod="default/grayscale-00001-deployment-94d4646fd-rffh6"
I0506 08:33:47.637924       1 schedule_one.go:67] === MON SCHEDULER MODIFIÉ EST EN TRAIN DE TOURNER ===
I0506 08:33:47.647791       1 schedule_one.go:166] "scheduling algorithm completed" duration ="10.571427ms" pod="default/fetchdata-00001-deployment-99f85775b-r8vwh"
I0506 08:33:47.657231       1 schedule_one.go:67] === MON SCHEDULER MODIFIÉ EST EN TRAIN DE TOURNER ===
I0506 08:33:47.682421       1 schedule_one.go:166] "scheduling algorithm completed" duration ="25.772883ms" pod="default/linpack-00001-deployment-5f6694d7c6-9jkpt"
I0506 08:33:47.800434       1 schedule_one.go:67] === MON SCHEDULER MODIFIÉ EST EN TRAIN DE TOURNER ===
I0506 08:33:48.011896       1 schedule_one.go:166] "scheduling algorithm completed" duration ="212.205216ms" pod="default/grayscale-00001-deployment-94d4646fd-2nrtm"
I0506 08:33:48.148328       1 schedule_one.go:67] === MON SCHEDULER MODIFIÉ EST EN TRAIN DE TOURNER ===
I0506 08:33:48.221250       1 schedule_one.go:166] "scheduling algorithm completed" duration ="73.703412ms" pod="default/graphgen-00001-deployment-778bbfcf48-dvdxh"
I0506 08:33:48.343982       1 schedule_one.go:67] === MON SCHEDULER MODIFIÉ EST EN TRAIN DE TOURNER ===
I0506 08:33:48.413940       1 schedule_one.go:166] "scheduling algorithm completed" duration ="70.74664ms" pod="default/fastfouriertransform-00001-deployment-5f7f4bb84b-c9sh2"
I0506 08:33:48.461127       1 schedule_one.go:67] === MON SCHEDULER MODIFIÉ EST EN TRAIN DE TOURNER ===
I0506 08:33:48.497835       1 schedule_one.go:166] "scheduling algorithm completed" duration ="37.271511ms" pod="default/resnet-00001-deployment-57c4bfb987-s5tjt"
I0506 08:33:48.630347       1 schedule_one.go:67] === MON SCHEDULER MODIFIÉ EST EN TRAIN DE TOURNER ===
I0506 08:33:48.649382       1 schedule_one.go:166] "scheduling algorithm completed" duration ="20.131206ms" pod="default/mobilenet-00001-deployment-59bbf999b6-nk9m4"
I0506 08:33:48.744989       1 schedule_one.go:67] === MON SCHEDULER MODIFIÉ EST EN TRAIN DE TOURNER ===
I0506 08:33:48.787219       1 schedule_one.go:166] "scheduling algorithm completed" duration ="42.836095ms" pod="default/matrixmul-00001-deployment-7dc7847b4f-rslmm"
I0506 08:33:48.832167       1 schedule_one.go:67] === MON SCHEDULER MODIFIÉ EST EN TRAIN DE TOURNER ===
I0506 08:33:48.862789       1 schedule_one.go:67] === MON SCHEDULER MODIFIÉ EST EN TRAIN DE TOURNER ===
I0506 08:33:48.887519       1 schedule_one.go:166] "scheduling algorithm completed" duration ="56.09298ms" pod="default/pagerank-00001-deployment-7d5555f8bb-tn28q"
I0506 08:33:48.928883       1 schedule_one.go:166] "scheduling algorithm completed" duration ="66.821054ms" pod="default/genmatrix-00001-deployment-7dbddd585-7qdh2"
I0506 08:33:49.898545       1 schedule_one.go:67] === MON SCHEDULER MODIFIÉ EST EN TRAIN DE TOURNER ===
I0506 08:33:49.912001       1 schedule_one.go:67] === MON SCHEDULER MODIFIÉ EST EN TRAIN DE TOURNER ===
I0506 08:33:49.937181       1 schedule_one.go:166] "scheduling algorithm completed" duration ="26.789603ms" pod="default/graphgen-00001-deployment-778bbfcf48-v4t2s"
I0506 08:33:49.947342       1 schedule_one.go:166] "scheduling algorithm completed" duration ="50.841711ms" pod="default/resnet-00001-deployment-57c4bfb987-fzcmx"
I0506 08:33:50.181659       1 schedule_one.go:67] === MON SCHEDULER MODIFIÉ EST EN TRAIN DE TOURNER ===
I0506 08:33:50.238567       1 schedule_one.go:67] === MON SCHEDULER MODIFIÉ EST EN TRAIN DE TOURNER ===
I0506 08:33:50.367064       1 schedule_one.go:166] "scheduling algorithm completed" duration ="129.091133ms" pod="default/pagerank-00001-deployment-7d5555f8bb-lkjvw"
I0506 08:33:50.509135       1 schedule_one.go:67] === MON SCHEDULER MODIFIÉ EST EN TRAIN DE TOURNER ===
I0506 08:33:50.591606       1 schedule_one.go:166] "scheduling algorithm completed" duration ="83.127933ms" pod="default/fetchdata-00001-deployment-99f85775b-gcsmg"
I0506 08:33:50.694817       1 schedule_one.go:67] === MON SCHEDULER MODIFIÉ EST EN TRAIN DE TOURNER ===
I0506 08:33:50.750324       1 schedule_one.go:166] "scheduling algorithm completed" duration ="569.337315ms" pod="default/matrixmul-00001-deployment-7dc7847b4f-ffrfs"
I0506 08:33:50.819804       1 schedule_one.go:166] "scheduling algorithm completed" duration ="125.972898ms" pod="default/linpack-00001-deployment-5f6694d7c6-cvfgk"
I0506 08:33:50.832890       1 schedule_one.go:67] === MON SCHEDULER MODIFIÉ EST EN TRAIN DE TOURNER ===
I0506 08:33:50.863072       1 schedule_one.go:67] === MON SCHEDULER MODIFIÉ EST EN TRAIN DE TOURNER ===
I0506 08:33:50.953614       1 schedule_one.go:67] === MON SCHEDULER MODIFIÉ EST EN TRAIN DE TOURNER ===
I0506 08:33:50.999650       1 schedule_one.go:166] "scheduling algorithm completed" duration ="167.88079ms" pod="default/fetchdata-00001-deployment-99f85775b-q7wxf"
I0506 08:33:50.999652       1 schedule_one.go:166] "scheduling algorithm completed" duration ="143.544646ms" pod="default/grayscale-00001-deployment-94d4646fd-tdg5s"
I0506 08:33:51.050073       1 schedule_one.go:166] "scheduling algorithm completed" duration ="97.225391ms" pod="default/fastfouriertransform-00001-deployment-5f7f4bb84b-6hlsg"
I0506 08:33:51.915190       1 schedule_one.go:67] === MON SCHEDULER MODIFIÉ EST EN TRAIN DE TOURNER ===
I0506 08:33:51.970704       1 schedule_one.go:166] "scheduling algorithm completed" duration ="56.23522ms" pod="default/resnet-00001-deployment-57c4bfb987-7zt6p"
I0506 08:33:51.991085       1 schedule_one.go:67] === MON SCHEDULER MODIFIÉ EST EN TRAIN DE TOURNER ===
I0506 08:33:52.212606       1 schedule_one.go:166] "scheduling algorithm completed" duration ="222.326365ms" pod="default/genmatrix-00001-deployment-7dbddd585-xnn5k"
I0506 08:33:52.253984       1 schedule_one.go:67] === MON SCHEDULER MODIFIÉ EST EN TRAIN DE TOURNER ===
I0506 08:33:52.579410       1 schedule_one.go:166] "scheduling algorithm completed" duration ="326.147152ms" pod="default/grayscale-00001-deployment-94d4646fd-7t8mh"
I0506 08:33:52.660683       1 schedule_one.go:67] === MON SCHEDULER MODIFIÉ EST EN TRAIN DE TOURNER ===
I0506 08:33:52.717903       1 schedule_one.go:166] "scheduling algorithm completed" duration ="57.865013ms" pod="default/linpack-00001-deployment-5f6694d7c6-mcjfx"
I0506 08:33:52.770457       1 schedule_one.go:67] === MON SCHEDULER MODIFIÉ EST EN TRAIN DE TOURNER ===
I0506 08:33:52.884803       1 schedule_one.go:166] "scheduling algorithm completed" duration ="115.027232ms" pod="default/matrixmul-00001-deployment-7dc7847b4f-fvzng"
I0506 08:33:53.919115       1 schedule_one.go:67] === MON SCHEDULER MODIFIÉ EST EN TRAIN DE TOURNER ===
I0506 08:33:53.969962       1 schedule_one.go:166] "scheduling algorithm completed" duration ="52.353393ms" pod="default/graphgen-00001-deployment-778bbfcf48-kg5ws"
I0506 08:33:54.045314       1 schedule_one.go:67] === MON SCHEDULER MODIFIÉ EST EN TRAIN DE TOURNER ===
I0506 08:33:54.068025       1 schedule_one.go:67] === MON SCHEDULER MODIFIÉ EST EN TRAIN DE TOURNER ===
I0506 08:33:54.106984       1 schedule_one.go:166] "scheduling algorithm completed" duration ="65.344482ms" pod="default/matrixmul-00001-deployment-7dc7847b4f-6zkv2"
I0506 08:33:54.285038       1 schedule_one.go:166] "scheduling algorithm completed" duration ="221.250441ms" pod="default/resnet-00001-deployment-57c4bfb987-8zxdg"
I0506 08:33:54.587956       1 schedule_one.go:67] === MON SCHEDULER MODIFIÉ EST EN TRAIN DE TOURNER ===
I0506 08:33:54.604484       1 schedule_one.go:67] === MON SCHEDULER MODIFIÉ EST EN TRAIN DE TOURNER ===
I0506 08:33:54.699375       1 schedule_one.go:67] === MON SCHEDULER MODIFIÉ EST EN TRAIN DE TOURNER ===
I0506 08:33:54.777050       1 schedule_one.go:166] "scheduling algorithm completed" duration ="173.16117ms" pod="default/pagerank-00001-deployment-7d5555f8bb-g4xgg"
I0506 08:33:54.780955       1 schedule_one.go:166] "scheduling algorithm completed" duration ="193.631858ms" pod="default/grayscale-00001-deployment-94d4646fd-86dr6"
I0506 08:33:54.886515       1 schedule_one.go:166] "scheduling algorithm completed" duration ="188.09109ms" pod="default/pagerank-00001-deployment-7d5555f8bb-msm8m"
I0506 08:33:55.998398       1 schedule_one.go:67] === MON SCHEDULER MODIFIÉ EST EN TRAIN DE TOURNER ===
I0506 08:33:55.999604       1 schedule_one.go:67] === MON SCHEDULER MODIFIÉ EST EN TRAIN DE TOURNER ===
I0506 08:33:56.053982       1 schedule_one.go:166] "scheduling algorithm completed" duration ="55.484017ms" pod="default/grayscale-00001-deployment-94d4646fd-t58dx"
I0506 08:33:56.071262       1 schedule_one.go:166] "scheduling algorithm completed" duration ="73.718338ms" pod="default/resnet-00001-deployment-57c4bfb987-46qfp"
I0506 08:33:56.093234       1 schedule_one.go:67] === MON SCHEDULER MODIFIÉ EST EN TRAIN DE TOURNER ===
I0506 08:33:56.122951       1 schedule_one.go:166] "scheduling algorithm completed" duration ="30.513152ms" pod="default/grayscale-00001-deployment-94d4646fd-mz55j"
I0506 08:33:56.180001       1 schedule_one.go:67] === MON SCHEDULER MODIFIÉ EST EN TRAIN DE TOURNER ===
I0506 08:33:56.250611       1 schedule_one.go:166] "scheduling algorithm completed" duration ="72.989487ms" pod="default/resnet-00001-deployment-57c4bfb987-c7wmt"
I0506 08:33:58.025792       1 schedule_one.go:67] === MON SCHEDULER MODIFIÉ EST EN TRAIN DE TOURNER ===
I0506 08:33:58.083181       1 schedule_one.go:67] === MON SCHEDULER MODIFIÉ EST EN TRAIN DE TOURNER ===
I0506 08:33:58.140229       1 schedule_one.go:166] "scheduling algorithm completed" duration ="115.174694ms" pod="default/fastfouriertransform-00001-deployment-5f7f4bb84b-rxpjn"
I0506 08:33:58.279084       1 schedule_one.go:166] "scheduling algorithm completed" duration ="196.616648ms" pod="default/grayscale-00001-deployment-94d4646fd-cgsxb"
I0506 08:33:58.310524       1 schedule_one.go:67] === MON SCHEDULER MODIFIÉ EST EN TRAIN DE TOURNER ===
I0506 08:33:58.352075       1 schedule_one.go:67] === MON SCHEDULER MODIFIÉ EST EN TRAIN DE TOURNER ===
I0506 08:33:58.442355       1 schedule_one.go:166] "scheduling algorithm completed" duration ="132.484776ms" pod="default/grayscale-00001-deployment-94d4646fd-5qflp"
I0506 08:33:58.506473       1 schedule_one.go:166] "scheduling algorithm completed" duration ="155.0232ms" pod="default/grayscale-00001-deployment-94d4646fd-44pr7"
I0506 08:33:58.528618       1 schedule_one.go:67] === MON SCHEDULER MODIFIÉ EST EN TRAIN DE TOURNER ===
I0506 08:33:58.609396       1 schedule_one.go:166] "scheduling algorithm completed" duration ="81.484177ms" pod="default/linpack-00001-deployment-5f6694d7c6-jm2mb"
I0506 08:33:59.958354       1 schedule_one.go:67] === MON SCHEDULER MODIFIÉ EST EN TRAIN DE TOURNER ===
I0506 08:34:00.028253       1 schedule_one.go:166] "scheduling algorithm completed" duration ="71.085158ms" pod="default/fastfouriertransform-00001-deployment-5f7f4bb84b-d2r4q"
I0506 08:34:00.121756       1 schedule_one.go:67] === MON SCHEDULER MODIFIÉ EST EN TRAIN DE TOURNER ===
I0506 08:34:00.211611       1 schedule_one.go:166] "scheduling algorithm completed" duration ="91.850678ms" pod="default/grayscale-00001-deployment-94d4646fd-mtcll"
I0506 08:34:01.935229       1 schedule_one.go:67] === MON SCHEDULER MODIFIÉ EST EN TRAIN DE TOURNER ===
I0506 08:34:01.956901       1 schedule_one.go:166] "scheduling algorithm completed" duration ="22.345332ms" pod="default/grayscale-00001-deployment-94d4646fd-fmgpf"
I0506 08:34:02.035712       1 schedule_one.go:67] === MON SCHEDULER MODIFIÉ EST EN TRAIN DE TOURNER ===
I0506 08:34:02.084850       1 schedule_one.go:166] "scheduling algorithm completed" duration ="50.055007ms" pod="default/mobilenet-00001-deployment-59bbf999b6-k4mt4"
I0506 08:34:03.868350       1 schedule_one.go:67] === MON SCHEDULER MODIFIÉ EST EN TRAIN DE TOURNER ===
I0506 08:34:03.888148       1 schedule_one.go:166] "scheduling algorithm completed" duration ="20.520557ms" pod="default/fastfouriertransform-00001-deployment-5f7f4bb84b-tb8gm"
I0506 08:34:05.886984       1 schedule_one.go:67] === MON SCHEDULER MODIFIÉ EST EN TRAIN DE TOURNER ===
I0506 08:34:05.907028       1 schedule_one.go:166] "scheduling algorithm completed" duration ="20.819983ms" pod="default/grayscale-00001-deployment-94d4646fd-f7z9h"
I0506 08:34:07.953875       1 schedule_one.go:67] === MON SCHEDULER MODIFIÉ EST EN TRAIN DE TOURNER ===
I0506 08:34:07.974841       1 schedule_one.go:67] === MON SCHEDULER MODIFIÉ EST EN TRAIN DE TOURNER ===
I0506 08:34:07.984519       1 schedule_one.go:166] "scheduling algorithm completed" duration ="31.633909ms" pod="default/grayscale-00001-deployment-94d4646fd-nzjlj"
I0506 08:34:08.000474       1 schedule_one.go:166] "scheduling algorithm completed" duration ="26.445937ms" pod="default/grayscale-00001-deployment-94d4646fd-dl98n"
I0506 08:34:09.943751       1 schedule_one.go:67] === MON SCHEDULER MODIFIÉ EST EN TRAIN DE TOURNER ===
I0506 08:34:09.974164       1 schedule_one.go:166] "scheduling algorithm completed" duration ="31.304465ms" pod="default/grayscale-00001-deployment-94d4646fd-884k8"
I0506 08:34:11.868684       1 schedule_one.go:67] === MON SCHEDULER MODIFIÉ EST EN TRAIN DE TOURNER ===
I0506 08:34:11.879450       1 schedule_one.go:166] "scheduling algorithm completed" duration ="11.43061ms" pod="default/grayscale-00001-deployment-94d4646fd-hhzw4"
I0506 08:34:11.892388       1 schedule_one.go:67] === MON SCHEDULER MODIFIÉ EST EN TRAIN DE TOURNER ===
I0506 08:34:11.914531       1 schedule_one.go:166] "scheduling algorithm completed" duration ="23.32383ms" pod="default/grayscale-00001-deployment-94d4646fd-ftkbs"
I0506 08:39:43.016890       1 schedule_one.go:67] === MON SCHEDULER MODIFIÉ EST EN TRAIN DE TOURNER ===
I0506 08:39:43.018310       1 schedule_one.go:67] === MON SCHEDULER MODIFIÉ EST EN TRAIN DE TOURNER ===
I0506 08:39:43.046722       1 schedule_one.go:166] "scheduling algorithm completed" duration ="30.535743ms" pod="default/linpack-00001-deployment-5f6694d7c6-bs6jx"
I0506 08:39:43.051464       1 schedule_one.go:166] "scheduling algorithm completed" duration ="33.799441ms" pod="default/fetchdata-00001-deployment-99f85775b-tgq9b"
I0506 08:39:43.103292       1 schedule_one.go:67] === MON SCHEDULER MODIFIÉ EST EN TRAIN DE TOURNER ===
I0506 08:39:43.117633       1 schedule_one.go:67] === MON SCHEDULER MODIFIÉ EST EN TRAIN DE TOURNER ===
I0506 08:39:43.132077       1 schedule_one.go:166] "scheduling algorithm completed" duration ="29.7393ms" pod="default/grayscale-00001-deployment-94d4646fd-vjb6m"
I0506 08:39:43.148901       1 schedule_one.go:166] "scheduling algorithm completed" duration ="31.846445ms" pod="default/resnet-00001-deployment-57c4bfb987-vrmp8"
I0506 08:39:43.336783       1 schedule_one.go:67] === MON SCHEDULER MODIFIÉ EST EN TRAIN DE TOURNER ===
I0506 08:39:43.337860       1 schedule_one.go:67] === MON SCHEDULER MODIFIÉ EST EN TRAIN DE TOURNER ===
I0506 08:39:43.394207       1 schedule_one.go:166] "scheduling algorithm completed" duration ="58.046844ms" pod="default/graphgen-00001-deployment-778bbfcf48-5nswm"
I0506 08:39:43.461233       1 schedule_one.go:166] "scheduling algorithm completed" duration ="124.419987ms" pod="default/fastfouriertransform-00001-deployment-5f7f4bb84b-9thsx"
I0506 08:39:43.588748       1 schedule_one.go:67] === MON SCHEDULER MODIFIÉ EST EN TRAIN DE TOURNER ===
I0506 08:39:43.671589       1 schedule_one.go:166] "scheduling algorithm completed" duration ="83.418744ms" pod="default/mobilenet-00001-deployment-59bbf999b6-hkwrr"
I0506 08:39:43.754857       1 schedule_one.go:67] === MON SCHEDULER MODIFIÉ EST EN TRAIN DE TOURNER ===
I0506 08:39:43.802226       1 schedule_one.go:67] === MON SCHEDULER MODIFIÉ EST EN TRAIN DE TOURNER ===
I0506 08:39:43.811688       1 schedule_one.go:166] "scheduling algorithm completed" duration ="57.440603ms" pod="default/matrixmul-00001-deployment-7dc7847b4f-r2z2v"
I0506 08:39:43.871255       1 schedule_one.go:166] "scheduling algorithm completed" duration ="69.58112ms" pod="default/pagerank-00001-deployment-7d5555f8bb-cbfft"
I0506 08:39:44.090078       1 schedule_one.go:67] === MON SCHEDULER MODIFIÉ EST EN TRAIN DE TOURNER ===
I0506 08:39:44.173972       1 schedule_one.go:166] "scheduling algorithm completed" duration ="84.450519ms" pod="default/genmatrix-00001-deployment-7dbddd585-hgvbn"
I0506 08:39:46.004662       1 schedule_one.go:67] === MON SCHEDULER MODIFIÉ EST EN TRAIN DE TOURNER ===
I0506 08:39:46.045429       1 schedule_one.go:166] "scheduling algorithm completed" duration ="41.566853ms" pod="default/resnet-00001-deployment-57c4bfb987-gpkzv"
I0506 08:39:46.259465       1 schedule_one.go:67] === MON SCHEDULER MODIFIÉ EST EN TRAIN DE TOURNER ===
I0506 08:39:46.263604       1 schedule_one.go:67] === MON SCHEDULER MODIFIÉ EST EN TRAIN DE TOURNER ===
I0506 08:39:46.312017       1 schedule_one.go:166] "scheduling algorithm completed" duration ="49.027748ms" pod="default/matrixmul-00001-deployment-7dc7847b4f-k2flf"
I0506 08:39:46.321103       1 schedule_one.go:166] "scheduling algorithm completed" duration ="62.324058ms" pod="default/graphgen-00001-deployment-778bbfcf48-5rfz4"
I0506 08:39:46.326198       1 schedule_one.go:67] === MON SCHEDULER MODIFIÉ EST EN TRAIN DE TOURNER ===
I0506 08:39:46.327159       1 schedule_one.go:67] === MON SCHEDULER MODIFIÉ EST EN TRAIN DE TOURNER ===
I0506 08:39:46.347285       1 schedule_one.go:67] === MON SCHEDULER MODIFIÉ EST EN TRAIN DE TOURNER ===
I0506 08:39:46.383226       1 schedule_one.go:166] "scheduling algorithm completed" duration ="57.624715ms" pod="default/mobilenet-00001-deployment-59bbf999b6-pc5ts"
I0506 08:39:46.465340       1 schedule_one.go:166] "scheduling algorithm completed" duration ="138.993925ms" pod="default/fastfouriertransform-00001-deployment-5f7f4bb84b-lschd"
I0506 08:39:46.503282       1 schedule_one.go:166] "scheduling algorithm completed" duration ="156.655857ms" pod="default/matrixmul-00001-deployment-7dc7847b4f-kr5nl"
I0506 08:39:46.833257       1 schedule_one.go:67] === MON SCHEDULER MODIFIÉ EST EN TRAIN DE TOURNER ===
I0506 08:39:46.896229       1 schedule_one.go:166] "scheduling algorithm completed" duration ="63.700408ms" pod="default/fetchdata-00001-deployment-99f85775b-259n5"
I0506 08:39:46.902970       1 schedule_one.go:67] === MON SCHEDULER MODIFIÉ EST EN TRAIN DE TOURNER ===
I0506 08:39:46.993386       1 schedule_one.go:67] === MON SCHEDULER MODIFIÉ EST EN TRAIN DE TOURNER ===
I0506 08:39:47.049566       1 schedule_one.go:166] "scheduling algorithm completed" duration ="149.471037ms" pod="default/pagerank-00001-deployment-7d5555f8bb-sxw92"
I0506 08:39:47.079504       1 schedule_one.go:166] "scheduling algorithm completed" duration ="87.045755ms" pod="default/fetchdata-00001-deployment-99f85775b-9wbwl"
I0506 08:39:47.101314       1 schedule_one.go:67] === MON SCHEDULER MODIFIÉ EST EN TRAIN DE TOURNER ===
I0506 08:39:47.114419       1 schedule_one.go:67] === MON SCHEDULER MODIFIÉ EST EN TRAIN DE TOURNER ===
I0506 08:39:47.178141       1 schedule_one.go:166] "scheduling algorithm completed" duration ="64.360296ms" pod="default/linpack-00001-deployment-5f6694d7c6-vs96w"
I0506 08:39:47.188644       1 schedule_one.go:166] "scheduling algorithm completed" duration ="87.922051ms" pod="default/grayscale-00001-deployment-94d4646fd-q9jtk"
I0506 08:39:47.194562       1 schedule_one.go:67] === MON SCHEDULER MODIFIÉ EST EN TRAIN DE TOURNER ===
I0506 08:39:47.272554       1 schedule_one.go:166] "scheduling algorithm completed" duration ="78.786048ms" pod="default/grayscale-00001-deployment-94d4646fd-7ntdv"
I0506 08:39:47.374385       1 schedule_one.go:67] === MON SCHEDULER MODIFIÉ EST EN TRAIN DE TOURNER ===
I0506 08:39:47.467643       1 schedule_one.go:166] "scheduling algorithm completed" duration ="94.46715ms" pod="default/genmatrix-00001-deployment-7dbddd585-v2qg5"
I0506 08:39:48.001668       1 schedule_one.go:67] === MON SCHEDULER MODIFIÉ EST EN TRAIN DE TOURNER ===
I0506 08:39:48.094122       1 schedule_one.go:166] "scheduling algorithm completed" duration ="93.478319ms" pod="default/resnet-00001-deployment-57c4bfb987-v6xhj"
I0506 08:39:48.106835       1 schedule_one.go:67] === MON SCHEDULER MODIFIÉ EST EN TRAIN DE TOURNER ===
I0506 08:39:48.176468       1 schedule_one.go:166] "scheduling algorithm completed" duration ="71.222469ms" pod="default/fetchdata-00001-deployment-99f85775b-7hrc9"
I0506 08:39:48.283402       1 schedule_one.go:67] === MON SCHEDULER MODIFIÉ EST EN TRAIN DE TOURNER ===
I0506 08:39:48.342553       1 schedule_one.go:166] "scheduling algorithm completed" duration ="59.947562ms" pod="default/linpack-00001-deployment-5f6694d7c6-89srm"
I0506 08:39:50.114076       1 schedule_one.go:67] === MON SCHEDULER MODIFIÉ EST EN TRAIN DE TOURNER ===
I0506 08:39:50.176951       1 schedule_one.go:166] "scheduling algorithm completed" duration ="63.983129ms" pod="default/graphgen-00001-deployment-778bbfcf48-prtzv"
I0506 08:39:50.308027       1 schedule_one.go:67] === MON SCHEDULER MODIFIÉ EST EN TRAIN DE TOURNER ===
I0506 08:39:50.350724       1 schedule_one.go:166] "scheduling algorithm completed" duration ="43.453239ms" pod="default/matrixmul-00001-deployment-7dc7847b4f-xt89h"
I0506 08:39:50.476365       1 schedule_one.go:67] === MON SCHEDULER MODIFIÉ EST EN TRAIN DE TOURNER ===
I0506 08:39:50.560865       1 schedule_one.go:166] "scheduling algorithm completed" duration ="86.216591ms" pod="default/resnet-00001-deployment-57c4bfb987-5jd8l"
I0506 08:39:50.585172       1 schedule_one.go:67] === MON SCHEDULER MODIFIÉ EST EN TRAIN DE TOURNER ===
I0506 08:39:50.681465       1 schedule_one.go:166] "scheduling algorithm completed" duration ="97.832645ms" pod="default/linpack-00001-deployment-5f6694d7c6-hwbqr"
I0506 08:39:50.689749       1 schedule_one.go:67] === MON SCHEDULER MODIFIÉ EST EN TRAIN DE TOURNER ===
I0506 08:39:50.706171       1 schedule_one.go:67] === MON SCHEDULER MODIFIÉ EST EN TRAIN DE TOURNER ===
I0506 08:39:50.757776       1 schedule_one.go:166] "scheduling algorithm completed" duration ="68.732825ms" pod="default/linpack-00001-deployment-5f6694d7c6-j84pk"
I0506 08:39:50.802373       1 schedule_one.go:166] "scheduling algorithm completed" duration ="96.846924ms" pod="default/grayscale-00001-deployment-94d4646fd-4tl68"
I0506 08:39:50.834197       1 schedule_one.go:67] === MON SCHEDULER MODIFIÉ EST EN TRAIN DE TOURNER ===
I0506 08:39:51.438051       1 schedule_one.go:166] "scheduling algorithm completed" duration ="604.465892ms" pod="default/grayscale-00001-deployment-94d4646fd-2fdqk"
I0506 08:39:51.917272       1 schedule_one.go:67] === MON SCHEDULER MODIFIÉ EST EN TRAIN DE TOURNER ===
I0506 08:39:51.947282       1 schedule_one.go:166] "scheduling algorithm completed" duration ="31.02802ms" pod="default/resnet-00001-deployment-57c4bfb987-rbrkx"
I0506 08:39:51.960924       1 schedule_one.go:67] === MON SCHEDULER MODIFIÉ EST EN TRAIN DE TOURNER ===
I0506 08:39:51.983923       1 schedule_one.go:166] "scheduling algorithm completed" duration ="23.637718ms" pod="default/grayscale-00001-deployment-94d4646fd-qlvpl"
I0506 08:39:52.003601       1 schedule_one.go:67] === MON SCHEDULER MODIFIÉ EST EN TRAIN DE TOURNER ===
I0506 08:39:52.024156       1 schedule_one.go:166] "scheduling algorithm completed" duration ="21.762296ms" pod="default/grayscale-00001-deployment-94d4646fd-4klj4"
I0506 08:39:54.105295       1 schedule_one.go:67] === MON SCHEDULER MODIFIÉ EST EN TRAIN DE TOURNER ===
I0506 08:39:54.106532       1 schedule_one.go:67] === MON SCHEDULER MODIFIÉ EST EN TRAIN DE TOURNER ===
I0506 08:39:54.267762       1 schedule_one.go:166] "scheduling algorithm completed" duration ="163.354346ms" pod="default/fastfouriertransform-00001-deployment-5f7f4bb84b-djnwf"
I0506 08:39:54.272315       1 schedule_one.go:166] "scheduling algorithm completed" duration ="166.98632ms" pod="default/grayscale-00001-deployment-94d4646fd-pnh75"
I0506 08:39:54.357381       1 schedule_one.go:67] === MON SCHEDULER MODIFIÉ EST EN TRAIN DE TOURNER ===
I0506 08:39:54.563883       1 schedule_one.go:166] "scheduling algorithm completed" duration ="207.896972ms" pod="default/resnet-00001-deployment-57c4bfb987-q7zkb"
I0506 08:39:56.031897       1 schedule_one.go:67] === MON SCHEDULER MODIFIÉ EST EN TRAIN DE TOURNER ===
I0506 08:39:56.086829       1 schedule_one.go:67] === MON SCHEDULER MODIFIÉ EST EN TRAIN DE TOURNER ===
I0506 08:39:56.101944       1 schedule_one.go:166] "scheduling algorithm completed" duration ="70.761062ms" pod="default/fastfouriertransform-00001-deployment-5f7f4bb84b-xh6wt"
I0506 08:39:56.173184       1 schedule_one.go:67] === MON SCHEDULER MODIFIÉ EST EN TRAIN DE TOURNER ===
I0506 08:39:56.192797       1 schedule_one.go:166] "scheduling algorithm completed" duration ="106.644647ms" pod="default/grayscale-00001-deployment-94d4646fd-xqbwh"
I0506 08:39:56.267757       1 schedule_one.go:166] "scheduling algorithm completed" duration ="97.585959ms" pod="default/grayscale-00001-deployment-94d4646fd-55htb"
I0506 08:39:57.890210       1 schedule_one.go:67] === MON SCHEDULER MODIFIÉ EST EN TRAIN DE TOURNER ===
I0506 08:39:57.958708       1 schedule_one.go:166] "scheduling algorithm completed" duration ="71.583875ms" pod="default/fastfouriertransform-00001-deployment-5f7f4bb84b-qr72x"
I0506 08:39:58.112738       1 schedule_one.go:67] === MON SCHEDULER MODIFIÉ EST EN TRAIN DE TOURNER ===
I0506 08:39:58.167389       1 schedule_one.go:67] === MON SCHEDULER MODIFIÉ EST EN TRAIN DE TOURNER ===
I0506 08:39:58.196688       1 schedule_one.go:166] "scheduling algorithm completed" duration ="84.942055ms" pod="default/grayscale-00001-deployment-94d4646fd-45mkn"
I0506 08:39:58.255253       1 schedule_one.go:166] "scheduling algorithm completed" duration ="90.632065ms" pod="default/grayscale-00001-deployment-94d4646fd-gh2xg"
I0506 08:39:59.910792       1 schedule_one.go:67] === MON SCHEDULER MODIFIÉ EST EN TRAIN DE TOURNER ===
I0506 08:39:59.942789       1 schedule_one.go:166] "scheduling algorithm completed" duration ="36.789639ms" pod="default/grayscale-00001-deployment-94d4646fd-g75kd"
I0506 08:40:01.886995       1 schedule_one.go:67] === MON SCHEDULER MODIFIÉ EST EN TRAIN DE TOURNER ===
I0506 08:40:01.899013       1 schedule_one.go:166] "scheduling algorithm completed" duration ="13.32881ms" pod="default/fastfouriertransform-00001-deployment-5f7f4bb84b-4sbjm"
I0506 08:40:03.982434       1 schedule_one.go:67] === MON SCHEDULER MODIFIÉ EST EN TRAIN DE TOURNER ===
I0506 08:40:04.017440       1 schedule_one.go:166] "scheduling algorithm completed" duration ="35.805567ms" pod="default/pagerank-00001-deployment-7d5555f8bb-vnzcz"
I0506 08:40:05.905106       1 schedule_one.go:67] === MON SCHEDULER MODIFIÉ EST EN TRAIN DE TOURNER ===
I0506 08:40:06.038848       1 schedule_one.go:166] "scheduling algorithm completed" duration ="136.046097ms" pod="default/grayscale-00001-deployment-94d4646fd-zkckt"
