Date,Time,Power_W,Voltage_V,Current_A,Energy_kWh
2026-06-19,11:41:08,75.0,241.9,0.54,9.594
2026-06-19,11:41:09,75.0,241.9,0.54,9.594
2026-06-19,11:41:10,75.0,241.9,0.54,9.594
2026-06-19,11:41:11,75.0,241.9,0.54,9.594
2026-06-19,11:41:12,75.0,241.9,0.54,9.594
2026-06-19,11:41:13,75.0,241.9,0.54,9.594
2026-06-19,11:41:14,75.0,241.9,0.54,9.594
2026-06-19,11:41:15,75.0,241.9,0.54,9.594
2026-06-19,11:41:16,75.0,241.9,0.54,9.594
2026-06-19,11:41:17,75.0,241.9,0.54,9.594
2026-06-19,11:41:18,75.0,241.9,0.54,9.594
2026-06-19,11:41:19,75.0,241.9,0.54,9.594
2026-06-19,11:41:20,75.0,241.9,0.54,9.594
2026-06-19,11:41:21,75.0,241.9,0.54,9.594
2026-06-19,11:41:22,75.0,241.9,0.54,9.594
2026-06-19,11:41:23,75.0,241.9,0.54,9.594
2026-06-19,11:41:24,75.0,241.9,0.54,9.594
2026-06-19,11:41:25,75.0,241.9,0.54,9.594
2026-06-19,11:41:26,75.0,241.9,0.54,9.594
2026-06-19,11:41:27,75.0,241.9,0.54,9.594
2026-06-19,11:41:28,75.0,241.9,0.54,9.594
2026-06-19,11:41:29,75.0,241.9,0.54,9.594
2026-06-19,11:41:30,75.0,241.9,0.54,9.594
2026-06-19,11:41:31,75.0,241.9,0.54,9.594
2026-06-19,11:41:32,75.0,241.9,0.54,9.594
2026-06-19,11:41:33,95.7,242.0,0.656,9.594
2026-06-19,11:41:34,95.7,242.0,0.656,9.594
2026-06-19,11:41:35,95.7,242.0,0.656,9.594
2026-06-19,11:41:36,95.7,242.0,0.656,9.594
2026-06-19,11:41:37,95.7,242.0,0.656,9.594
2026-06-19,11:41:38,95.7,242.0,0.656,9.594
2026-06-19,11:41:39,95.7,242.0,0.656,9.594
2026-06-19,11:41:40,95.7,242.0,0.656,9.594
2026-06-19,11:41:41,95.7,242.0,0.656,9.594
2026-06-19,11:41:42,95.7,242.0,0.656,9.594
2026-06-19,11:41:43,95.7,242.0,0.656,9.594
2026-06-19,11:41:44,95.7,242.0,0.656,9.594
2026-06-19,11:41:45,95.7,242.0,0.656,9.594
2026-06-19,11:41:46,95.7,242.0,0.656,9.594
2026-06-19,11:41:47,95.7,242.0,0.656,9.594
2026-06-19,11:41:48,95.7,242.0,0.656,9.594
2026-06-19,11:41:49,95.7,242.0,0.656,9.594
2026-06-19,11:41:50,95.7,242.0,0.656,9.594
2026-06-19,11:41:51,95.7,242.0,0.656,9.594
2026-06-19,11:41:52,95.7,242.0,0.656,9.594
2026-06-19,11:41:53,95.7,242.0,0.656,9.594
2026-06-19,11:41:54,95.7,242.0,0.656,9.594
2026-06-19,11:41:55,95.7,242.0,0.656,9.594
2026-06-19,11:41:56,95.7,242.0,0.656,9.594
2026-06-19,11:41:57,95.7,242.0,0.656,9.594
2026-06-19,11:41:58,95.7,242.0,0.656,9.594
2026-06-19,11:41:59,95.7,242.0,0.656,9.594
2026-06-19,11:42:00,95.7,242.0,0.656,9.594
2026-06-19,11:42:01,95.7,242.0,0.656,9.594
2026-06-19,11:42:02,95.7,242.0,0.656,9.594
2026-06-19,11:42:03,95.7,242.0,0.656,9.594
2026-06-19,11:42:04,95.7,242.0,0.656,9.594
2026-06-19,11:42:05,95.7,242.0,0.656,9.594
2026-06-19,11:42:06,95.7,242.0,0.656,9.594
2026-06-19,11:42:07,95.7,242.0,0.656,9.594
2026-06-19,11:42:08,95.7,242.0,0.656,9.594
2026-06-19,11:42:09,95.7,242.0,0.656,9.594
2026-06-19,11:42:10,95.7,242.0,0.656,9.594
2026-06-19,11:42:11,95.7,242.0,0.656,9.594
2026-06-19,11:42:12,95.7,242.0,0.656,9.594
2026-06-19,11:42:13,95.7,242.0,0.656,9.594
2026-06-19,11:42:14,95.7,242.0,0.656,9.594
2026-06-19,11:42:15,95.7,242.0,0.656,9.594
2026-06-19,11:42:16,95.7,242.0,0.656,9.594
2026-06-19,11:42:17,95.7,242.0,0.656,9.594
2026-06-19,11:42:18,95.7,242.0,0.656,9.594
2026-06-19,11:42:19,95.7,242.0,0.656,9.594
2026-06-19,11:42:20,95.7,242.0,0.656,9.594
2026-06-19,11:42:21,95.7,242.0,0.656,9.594
2026-06-19,11:42:22,95.7,242.0,0.656,9.594
2026-06-19,11:42:23,95.7,242.0,0.656,9.594
2026-06-19,11:42:24,95.7,242.0,0.656,9.594
2026-06-19,11:42:25,95.7,242.0,0.656,9.594
2026-06-19,11:42:26,95.7,242.0,0.656,9.594
2026-06-19,11:42:27,95.7,242.0,0.656,9.594
2026-06-19,11:42:28,95.7,242.0,0.656,9.594
2026-06-19,11:42:29,95.7,242.0,0.656,9.594
2026-06-19,11:42:30,95.7,242.0,0.656,9.594
2026-06-19,11:42:31,95.7,242.0,0.656,9.594
2026-06-19,11:42:32,95.7,242.0,0.656,9.594
2026-06-19,11:42:33,95.7,242.0,0.656,9.594
2026-06-19,11:42:34,95.7,242.0,0.656,9.594
2026-06-19,11:42:35,95.7,242.0,0.656,9.594
2026-06-19,11:42:36,95.7,242.0,0.656,9.594
2026-06-19,11:42:37,95.7,242.0,0.656,9.594
2026-06-19,11:42:38,95.7,242.0,0.656,9.594
2026-06-19,11:42:39,95.7,242.0,0.656,9.594
2026-06-19,11:42:40,95.7,242.0,0.656,9.594
2026-06-19,11:42:41,95.7,242.0,0.656,9.594
2026-06-19,11:42:42,95.7,242.0,0.656,9.594
2026-06-19,11:42:43,95.7,242.0,0.656,9.594
2026-06-19,11:42:44,95.7,242.0,0.656,9.594
2026-06-19,11:42:45,95.7,242.0,0.656,9.594
2026-06-19,11:42:46,95.7,242.0,0.656,9.594
2026-06-19,11:42:47,95.7,242.0,0.656,9.594
2026-06-19,11:42:48,95.7,242.0,0.656,9.594
2026-06-19,11:42:49,95.7,242.0,0.656,9.594
2026-06-19,11:42:50,95.7,242.0,0.656,9.594
2026-06-19,11:42:51,95.7,242.0,0.656,9.594
2026-06-19,11:42:52,95.7,242.0,0.656,9.594
2026-06-19,11:42:53,95.7,242.0,0.656,9.594
2026-06-19,11:42:54,95.7,242.0,0.656,9.594
2026-06-19,11:42:55,95.7,242.0,0.656,9.594
2026-06-19,11:42:56,95.7,242.0,0.656,9.594
2026-06-19,11:42:57,95.7,242.0,0.656,9.594
2026-06-19,11:42:59,95.7,242.0,0.656,9.594
2026-06-19,11:43:00,95.7,242.0,0.656,9.594
2026-06-19,11:43:01,95.7,242.0,0.656,9.594
2026-06-19,11:43:02,95.7,242.0,0.656,9.594
2026-06-19,11:43:03,95.7,242.0,0.656,9.594
2026-06-19,11:43:04,95.7,242.0,0.656,9.594
2026-06-19,11:43:05,95.7,242.0,0.656,9.594
2026-06-19,11:43:06,95.7,242.0,0.656,9.594
2026-06-19,11:43:07,95.7,242.0,0.656,9.594
2026-06-19,11:43:08,95.7,242.0,0.656,9.594
2026-06-19,11:43:09,95.7,242.0,0.656,9.594
2026-06-19,11:43:10,95.7,242.0,0.656,9.594
2026-06-19,11:43:11,95.7,242.0,0.656,9.594
2026-06-19,11:43:12,95.7,242.0,0.656,9.594
2026-06-19,11:43:13,95.7,242.0,0.656,9.594
2026-06-19,11:43:14,95.7,242.0,0.656,9.594
2026-06-19,11:43:15,95.7,242.0,0.656,9.594
2026-06-19,11:43:16,95.7,242.0,0.656,9.594
2026-06-19,11:43:17,95.7,242.0,0.656,9.594
2026-06-19,11:43:18,95.7,242.0,0.656,9.594
2026-06-19,11:43:19,95.7,242.0,0.656,9.594
2026-06-19,11:43:20,95.7,242.0,0.656,9.594
2026-06-19,11:43:21,95.7,242.0,0.656,9.594
2026-06-19,11:43:22,95.7,242.0,0.656,9.594
2026-06-19,11:43:23,95.7,242.0,0.656,9.594
2026-06-19,11:43:24,95.7,242.0,0.656,9.594
2026-06-19,11:43:25,95.7,242.0,0.656,9.594
2026-06-19,11:43:26,95.7,242.0,0.656,9.594
2026-06-19,11:43:27,95.7,242.0,0.656,9.594
2026-06-19,11:43:28,95.7,242.0,0.656,9.594
2026-06-19,11:43:29,95.7,242.0,0.656,9.594
2026-06-19,11:43:30,95.7,242.0,0.656,9.594
2026-06-19,11:43:31,95.7,242.0,0.656,9.594
2026-06-19,11:43:32,95.7,242.0,0.656,9.594
2026-06-19,11:43:33,95.7,242.0,0.656,9.594
2026-06-19,11:43:34,95.7,242.0,0.656,9.594
2026-06-19,11:43:35,95.7,242.0,0.656,9.594
2026-06-19,11:43:36,95.7,242.0,0.656,9.594
2026-06-19,11:43:37,95.7,242.0,0.656,9.594
2026-06-19,11:43:38,95.7,242.0,0.656,9.594
2026-06-19,11:43:39,95.7,242.0,0.656,9.594
2026-06-19,11:43:40,95.7,242.0,0.656,9.594
2026-06-19,11:43:41,95.7,242.0,0.656,9.594
2026-06-19,11:43:42,95.7,242.0,0.656,9.594
2026-06-19,11:43:43,95.7,242.0,0.656,9.594
2026-06-19,11:43:44,95.7,242.0,0.656,9.594
2026-06-19,11:43:45,95.7,242.0,0.656,9.594
2026-06-19,11:43:46,95.7,242.0,0.656,9.594
2026-06-19,11:43:47,95.7,242.0,0.656,9.594
2026-06-19,11:43:48,95.7,242.0,0.656,9.594
2026-06-19,11:43:49,95.7,242.0,0.656,9.594
2026-06-19,11:43:50,95.7,242.0,0.656,9.594
2026-06-19,11:43:51,95.7,242.0,0.656,9.594
2026-06-19,11:43:52,95.7,242.0,0.656,9.594
2026-06-19,11:43:53,95.7,242.0,0.656,9.594
2026-06-19,11:43:54,95.7,242.0,0.656,9.594
2026-06-19,11:43:55,95.7,242.0,0.656,9.594
2026-06-19,11:43:56,95.7,242.0,0.656,9.594
2026-06-19,11:43:57,95.7,242.0,0.656,9.594
2026-06-19,11:43:58,95.7,242.0,0.656,9.594
2026-06-19,11:43:59,95.7,242.0,0.656,9.594
2026-06-19,11:44:00,95.7,242.0,0.656,9.594
2026-06-19,11:44:01,95.7,242.0,0.656,9.594
2026-06-19,11:44:02,95.7,242.0,0.656,9.594
2026-06-19,11:44:03,95.7,242.0,0.656,9.594
2026-06-19,11:44:04,95.7,242.0,0.656,9.594
2026-06-19,11:44:05,95.7,242.0,0.656,9.594
2026-06-19,11:44:06,95.7,242.0,0.656,9.594
2026-06-19,11:44:07,95.7,242.0,0.656,9.594
2026-06-19,11:44:08,95.7,242.0,0.656,9.594
2026-06-19,11:44:09,95.7,242.0,0.656,9.594
2026-06-19,11:44:10,95.7,242.0,0.656,9.594
2026-06-19,11:44:11,95.7,242.0,0.656,9.594
2026-06-19,11:44:12,95.7,242.0,0.656,9.594
2026-06-19,11:44:13,95.7,242.0,0.656,9.594
2026-06-19,11:44:14,95.7,242.0,0.656,9.594
2026-06-19,11:44:15,95.7,242.0,0.656,9.594
2026-06-19,11:44:16,95.7,242.0,0.656,9.594
2026-06-19,11:44:17,95.7,242.0,0.656,9.594
2026-06-19,11:44:18,95.7,242.0,0.656,9.594
2026-06-19,11:44:19,95.7,242.0,0.656,9.594
2026-06-19,11:44:20,95.7,242.0,0.656,9.594
2026-06-19,11:44:21,95.7,242.0,0.656,9.594
2026-06-19,11:44:22,95.7,242.0,0.656,9.594
2026-06-19,11:44:23,95.7,242.0,0.656,9.594
2026-06-19,11:44:24,95.7,242.0,0.656,9.594
2026-06-19,11:44:25,95.7,242.0,0.656,9.594
2026-06-19,11:44:26,95.7,242.0,0.656,9.594
2026-06-19,11:44:27,95.7,242.0,0.656,9.594
2026-06-19,11:44:28,95.7,242.0,0.656,9.594
2026-06-19,11:44:29,95.7,242.0,0.656,9.594
2026-06-19,11:44:30,95.7,242.0,0.656,9.594
2026-06-19,11:44:31,95.7,242.0,0.656,9.594
2026-06-19,11:44:32,95.7,242.0,0.656,9.594
2026-06-19,11:44:33,95.7,242.0,0.656,9.594
2026-06-19,11:44:34,95.7,242.0,0.656,9.594
2026-06-19,11:44:35,95.7,242.0,0.656,9.594
2026-06-19,11:44:36,95.7,242.0,0.656,9.594
2026-06-19,11:44:37,95.7,242.0,0.656,9.594
2026-06-19,11:44:38,95.7,242.0,0.656,9.594
2026-06-19,11:44:39,95.7,242.0,0.656,9.594
2026-06-19,11:44:40,95.7,242.0,0.656,9.594
2026-06-19,11:44:41,95.7,242.0,0.656,9.594
2026-06-19,11:44:42,95.7,242.0,0.656,9.594
2026-06-19,11:44:43,95.7,242.0,0.656,9.594
2026-06-19,11:44:44,95.7,242.0,0.656,9.594
2026-06-19,11:44:45,95.7,242.0,0.656,9.594
2026-06-19,11:44:46,95.7,242.0,0.656,9.594
2026-06-19,11:44:47,95.7,242.0,0.656,9.594
2026-06-19,11:44:48,95.7,242.0,0.656,9.594
2026-06-19,11:44:49,95.7,242.0,0.656,9.594
2026-06-19,11:44:50,95.7,242.0,0.656,9.594
2026-06-19,11:44:51,95.7,242.0,0.656,9.594
2026-06-19,11:44:52,95.7,242.0,0.656,9.594
2026-06-19,11:44:53,95.7,242.0,0.656,9.594
2026-06-19,11:44:54,95.7,242.0,0.656,9.594
2026-06-19,11:44:55,95.7,242.0,0.656,9.594
2026-06-19,11:44:56,95.7,242.0,0.656,9.594
2026-06-19,11:44:57,95.7,242.0,0.656,9.594
2026-06-19,11:44:58,95.7,242.0,0.656,9.594
2026-06-19,11:44:59,95.7,242.0,0.656,9.594
2026-06-19,11:45:00,95.7,242.0,0.656,9.594
2026-06-19,11:45:01,95.7,242.0,0.656,9.594
2026-06-19,11:45:02,95.7,242.0,0.656,9.594
2026-06-19,11:45:03,95.7,242.0,0.656,9.594
2026-06-19,11:45:04,95.7,242.0,0.656,9.594
2026-06-19,11:45:05,95.7,242.0,0.656,9.594
2026-06-19,11:45:06,95.7,242.0,0.656,9.594
2026-06-19,11:45:07,95.7,242.0,0.656,9.594
2026-06-19,11:45:08,95.7,242.0,0.656,9.594
2026-06-19,11:45:09,95.7,242.0,0.656,9.594
2026-06-19,11:45:10,95.7,242.0,0.656,9.594
2026-06-19,11:45:11,95.7,242.0,0.656,9.594
2026-06-19,11:45:12,95.7,242.0,0.656,9.594
2026-06-19,11:45:13,95.7,242.0,0.656,9.594
2026-06-19,11:45:14,95.7,242.0,0.656,9.594
2026-06-19,11:45:15,95.7,242.0,0.656,9.594
2026-06-19,11:45:16,95.7,242.0,0.656,9.594
2026-06-19,11:45:17,95.7,242.0,0.656,9.594
2026-06-19,11:45:18,95.7,242.0,0.656,9.594
2026-06-19,11:45:19,95.7,242.0,0.656,9.594
2026-06-19,11:45:20,95.7,242.0,0.656,9.594
2026-06-19,11:45:21,95.7,242.0,0.656,9.594
2026-06-19,11:45:22,95.7,242.0,0.656,9.594
2026-06-19,11:45:23,95.7,242.0,0.656,9.594
2026-06-19,11:45:24,95.7,242.0,0.656,9.594
2026-06-19,11:45:25,95.7,242.0,0.656,9.594
2026-06-19,11:45:27,95.7,242.0,0.656,9.594
2026-06-19,11:45:28,95.7,242.0,0.656,9.594
2026-06-19,11:45:29,95.7,242.0,0.656,9.594
2026-06-19,11:45:30,95.7,242.0,0.656,9.594
2026-06-19,11:45:31,95.7,242.0,0.656,9.594
2026-06-19,11:45:32,95.7,242.0,0.656,9.594
2026-06-19,11:45:33,95.7,242.0,0.656,9.594
2026-06-19,11:45:34,95.7,242.0,0.656,9.594
2026-06-19,11:45:35,95.7,242.0,0.656,9.594
2026-06-19,11:45:36,95.7,242.0,0.656,9.594
2026-06-19,11:45:37,95.7,242.0,0.656,9.594
2026-06-19,11:45:38,95.7,242.0,0.656,9.594
2026-06-19,11:45:39,95.7,242.0,0.656,9.594
2026-06-19,11:45:40,95.7,242.0,0.656,9.594
2026-06-19,11:45:41,95.7,242.0,0.656,9.594
2026-06-19,11:45:42,95.7,242.0,0.656,9.594
2026-06-19,11:45:43,95.7,242.0,0.656,9.594
2026-06-19,11:45:44,95.7,242.0,0.656,9.594
2026-06-19,11:45:45,95.7,242.0,0.656,9.594
2026-06-19,11:45:46,95.7,242.0,0.656,9.594
2026-06-19,11:45:47,95.7,242.0,0.656,9.594
2026-06-19,11:45:48,95.7,242.0,0.656,9.594
2026-06-19,11:45:49,95.7,242.0,0.656,9.594
2026-06-19,11:45:50,95.7,242.0,0.656,9.594
2026-06-19,11:45:51,95.7,242.0,0.656,9.594
2026-06-19,11:45:52,95.7,242.0,0.656,9.594
2026-06-19,11:45:53,95.7,242.0,0.656,9.594
2026-06-19,11:45:54,95.7,242.0,0.656,9.594
2026-06-19,11:45:55,95.7,242.0,0.656,9.594
2026-06-19,11:45:56,95.7,242.0,0.656,9.594
2026-06-19,11:45:57,95.7,242.0,0.656,9.594
2026-06-19,11:45:58,95.7,242.0,0.656,9.594
2026-06-19,11:45:59,95.7,242.0,0.656,9.594
2026-06-19,11:46:00,95.7,242.0,0.656,9.594
2026-06-19,11:46:01,95.7,242.0,0.656,9.594
2026-06-19,11:46:02,95.7,242.0,0.656,9.594
2026-06-19,11:46:03,95.7,242.0,0.656,9.594
2026-06-19,11:46:04,95.7,242.0,0.656,9.594
2026-06-19,11:46:05,95.7,242.0,0.656,9.594
2026-06-19,11:46:06,95.7,242.0,0.656,9.594
2026-06-19,11:46:07,95.7,242.0,0.656,9.594
2026-06-19,11:46:08,95.7,242.0,0.656,9.594
2026-06-19,11:46:09,95.7,242.0,0.656,9.594
2026-06-19,11:46:10,95.7,242.0,0.656,9.594
2026-06-19,11:46:11,95.7,242.0,0.656,9.594
2026-06-19,11:46:12,95.7,242.0,0.656,9.594
2026-06-19,11:46:13,95.7,242.0,0.656,9.594
2026-06-19,11:46:14,95.7,242.0,0.656,9.594
2026-06-19,11:46:15,95.7,242.0,0.656,9.594
2026-06-19,11:46:16,95.7,242.0,0.656,9.594
2026-06-19,11:46:17,95.7,242.0,0.656,9.594
2026-06-19,11:46:18,95.7,242.0,0.656,9.594
2026-06-19,11:46:19,95.7,242.0,0.656,9.594
2026-06-19,11:46:20,95.7,242.0,0.656,9.594
2026-06-19,11:46:21,95.7,242.0,0.656,9.594
2026-06-19,11:46:22,95.7,242.0,0.656,9.594
2026-06-19,11:46:23,95.7,242.0,0.656,9.594
2026-06-19,11:46:24,95.7,242.0,0.656,9.594
2026-06-19,11:46:25,95.7,242.0,0.656,9.594
2026-06-19,11:46:26,95.7,242.0,0.656,9.594
2026-06-19,11:46:27,95.7,242.0,0.656,9.594
2026-06-19,11:46:28,95.7,242.0,0.656,9.594
2026-06-19,11:46:29,95.7,242.0,0.656,9.594
2026-06-19,11:46:30,95.7,242.0,0.656,9.594
2026-06-19,11:46:31,95.7,242.0,0.656,9.594
2026-06-19,11:46:32,95.7,242.0,0.656,9.594
2026-06-19,11:46:33,95.7,242.0,0.656,9.594
2026-06-19,11:46:34,95.7,242.0,0.656,9.594
2026-06-19,11:46:35,95.7,242.0,0.656,9.594
2026-06-19,11:46:36,95.7,242.0,0.656,9.594
2026-06-19,11:46:37,95.7,242.0,0.656,9.594
2026-06-19,11:46:38,95.7,242.0,0.656,9.594
2026-06-19,11:46:39,95.7,242.0,0.656,9.594
2026-06-19,11:46:40,95.7,242.0,0.656,9.594
2026-06-19,11:46:41,95.7,242.0,0.656,9.594
2026-06-19,11:46:42,95.7,242.0,0.656,9.594
2026-06-19,11:46:43,95.7,242.0,0.656,9.594
2026-06-19,11:46:44,95.7,242.0,0.656,9.594
2026-06-19,11:46:45,95.7,242.0,0.656,9.594
2026-06-19,11:46:46,95.7,242.0,0.656,9.594
2026-06-19,11:46:47,95.7,242.0,0.656,9.594
2026-06-19,11:46:48,95.7,242.0,0.656,9.594
2026-06-19,11:46:49,95.7,242.0,0.656,9.594
2026-06-19,11:46:50,95.7,242.0,0.656,9.594
2026-06-19,11:46:51,95.7,242.0,0.656,9.594
2026-06-19,11:46:52,95.7,242.0,0.656,9.594
2026-06-19,11:46:53,95.7,242.0,0.656,9.594
2026-06-19,11:46:54,95.7,242.0,0.656,9.594
2026-06-19,11:46:55,95.7,242.0,0.656,9.594
2026-06-19,11:46:56,95.7,242.0,0.656,9.594
2026-06-19,11:46:57,95.7,242.0,0.656,9.594
2026-06-19,11:46:58,95.7,242.0,0.656,9.594
2026-06-19,11:46:59,95.7,242.0,0.656,9.594
2026-06-19,11:47:00,95.7,242.0,0.656,9.594
2026-06-19,11:47:01,95.7,242.0,0.656,9.594
2026-06-19,11:47:02,95.7,242.0,0.656,9.594
2026-06-19,11:47:03,95.7,242.0,0.656,9.594
2026-06-19,11:47:04,95.7,242.0,0.656,9.594
2026-06-19,11:47:05,95.7,242.0,0.656,9.594
2026-06-19,11:47:06,95.7,242.0,0.656,9.594
2026-06-19,11:47:07,95.7,242.0,0.656,9.594
2026-06-19,11:47:08,95.7,242.0,0.656,9.594
2026-06-19,11:47:09,95.7,242.0,0.656,9.594
2026-06-19,11:47:10,95.7,242.0,0.656,9.594
2026-06-19,11:47:11,95.7,242.0,0.656,9.594
2026-06-19,11:47:12,95.7,242.0,0.656,9.594
2026-06-19,11:47:13,95.7,242.0,0.656,9.594
2026-06-19,11:47:14,95.7,242.0,0.656,9.594
2026-06-19,11:47:15,95.7,242.0,0.656,9.594
2026-06-19,11:47:16,95.7,242.0,0.656,9.594
2026-06-19,11:47:17,95.7,242.0,0.656,9.594
2026-06-19,11:47:18,95.7,242.0,0.656,9.594
2026-06-19,11:47:19,95.7,242.0,0.656,9.594
2026-06-19,11:47:20,95.7,242.0,0.656,9.594
2026-06-19,11:47:21,95.7,242.0,0.656,9.594
2026-06-19,11:47:22,95.7,242.0,0.656,9.594
2026-06-19,11:47:23,95.7,242.0,0.656,9.594
2026-06-19,11:47:24,95.7,242.0,0.656,9.594
2026-06-19,11:47:25,95.7,242.0,0.656,9.594
2026-06-19,11:47:26,95.7,242.0,0.656,9.594
2026-06-19,11:47:27,95.7,242.0,0.656,9.594
2026-06-19,11:47:28,95.7,242.0,0.656,9.594
2026-06-19,11:47:29,95.7,242.0,0.656,9.594
2026-06-19,11:47:30,95.7,242.0,0.656,9.594
2026-06-19,11:47:31,95.7,242.0,0.656,9.594
2026-06-19,11:47:32,95.7,242.0,0.656,9.594
2026-06-19,11:47:33,95.7,242.0,0.656,9.594
2026-06-19,11:47:34,95.7,242.0,0.656,9.594
2026-06-19,11:47:35,95.7,242.0,0.656,9.594
2026-06-19,11:47:36,95.7,242.0,0.656,9.594
2026-06-19,11:47:37,95.7,242.0,0.656,9.594
2026-06-19,11:47:38,95.7,242.0,0.656,9.594
2026-06-19,11:47:39,95.7,242.0,0.656,9.594
2026-06-19,11:47:40,95.7,242.0,0.656,9.594
2026-06-19,11:47:41,95.7,242.0,0.656,9.594
2026-06-19,11:47:42,95.7,242.0,0.656,9.594
2026-06-19,11:47:43,95.7,242.0,0.656,9.594
2026-06-19,11:47:44,95.7,242.0,0.656,9.594
2026-06-19,11:47:45,95.7,242.0,0.656,9.594
2026-06-19,11:47:46,95.7,242.0,0.656,9.594
2026-06-19,11:47:47,95.7,242.0,0.656,9.594
2026-06-19,11:47:48,95.7,242.0,0.656,9.594
2026-06-19,11:47:49,95.7,242.0,0.656,9.594
2026-06-19,11:47:50,95.7,242.0,0.656,9.594
2026-06-19,11:47:51,95.7,242.0,0.656,9.594
2026-06-19,11:47:52,95.7,242.0,0.656,9.594
2026-06-19,11:47:53,95.7,242.0,0.656,9.594
2026-06-19,11:47:54,95.7,242.0,0.656,9.594
2026-06-19,11:47:55,95.7,242.0,0.656,9.594
2026-06-19,11:47:56,95.7,242.0,0.656,9.594
2026-06-19,11:47:57,95.7,242.0,0.656,9.594
2026-06-19,11:47:58,95.7,242.0,0.656,9.594
2026-06-19,11:47:59,95.7,242.0,0.656,9.594
2026-06-19,11:48:00,95.7,242.0,0.656,9.594
2026-06-19,11:48:01,95.7,242.0,0.656,9.594
2026-06-19,11:48:02,95.7,242.0,0.656,9.594
2026-06-19,11:48:03,95.7,242.0,0.656,9.594
2026-06-19,11:48:05,95.7,242.0,0.656,9.594
2026-06-19,11:48:06,95.7,242.0,0.656,9.594
2026-06-19,11:48:07,95.7,242.0,0.656,9.594
2026-06-19,11:48:08,95.7,242.0,0.656,9.594
2026-06-19,11:48:09,95.7,242.0,0.656,9.594
2026-06-19,11:48:10,95.7,242.0,0.656,9.594
2026-06-19,11:48:11,95.7,242.0,0.656,9.594
2026-06-19,11:48:12,95.7,242.0,0.656,9.594
2026-06-19,11:48:13,95.7,242.0,0.656,9.594
2026-06-19,11:48:14,95.7,242.0,0.656,9.594
2026-06-19,11:48:15,95.7,242.0,0.656,9.594
2026-06-19,11:48:16,95.7,242.0,0.656,9.594
2026-06-19,11:48:17,95.7,242.0,0.656,9.594
2026-06-19,11:48:18,95.7,242.0,0.656,9.594
2026-06-19,11:48:19,95.7,242.0,0.656,9.594
2026-06-19,11:48:20,95.7,242.0,0.656,9.594
2026-06-19,11:48:21,95.7,242.0,0.656,9.594
2026-06-19,11:48:22,95.7,242.0,0.656,9.594
2026-06-19,11:48:23,95.7,242.0,0.656,9.594
2026-06-19,11:48:24,95.7,242.0,0.656,9.594
2026-06-19,11:48:25,95.7,242.0,0.656,9.594
2026-06-19,11:48:26,95.7,242.0,0.656,9.594
2026-06-19,11:48:27,95.7,242.0,0.656,9.594
2026-06-19,11:48:28,95.7,242.0,0.656,9.594
2026-06-19,11:48:29,95.7,242.0,0.656,9.594
2026-06-19,11:48:30,95.7,242.0,0.656,9.594
2026-06-19,11:48:31,95.7,242.0,0.656,9.594
2026-06-19,11:48:32,95.7,242.0,0.656,9.594
2026-06-19,11:48:33,95.7,242.0,0.656,9.594
2026-06-19,11:48:34,95.7,242.0,0.656,9.594
2026-06-19,11:48:35,95.7,242.0,0.656,9.594
2026-06-19,11:48:36,95.7,242.0,0.656,9.594
2026-06-19,11:48:37,95.7,242.0,0.656,9.594
2026-06-19,11:48:38,95.7,242.0,0.656,9.594
2026-06-19,11:48:39,95.7,242.0,0.656,9.594
2026-06-19,11:48:40,95.7,242.0,0.656,9.594
2026-06-19,11:48:41,95.7,242.0,0.656,9.594
2026-06-19,11:48:42,95.7,242.0,0.656,9.594
2026-06-19,11:48:43,95.7,242.0,0.656,9.594
2026-06-19,11:48:44,95.7,242.0,0.656,9.594
2026-06-19,11:48:45,95.7,242.0,0.656,9.594
2026-06-19,11:48:46,95.7,242.0,0.656,9.594
2026-06-19,11:48:47,95.7,242.0,0.656,9.594
2026-06-19,11:48:48,95.7,242.0,0.656,9.594
2026-06-19,11:48:49,95.7,242.0,0.656,9.594
2026-06-19,11:48:50,95.7,242.0,0.656,9.594
2026-06-19,11:48:51,95.7,242.0,0.656,9.594
2026-06-19,11:48:52,95.7,242.0,0.656,9.594
2026-06-19,11:48:53,95.7,242.0,0.656,9.594
2026-06-19,11:48:54,95.7,242.0,0.656,9.594
2026-06-19,11:48:55,95.7,242.0,0.656,9.594
2026-06-19,11:48:56,95.7,242.0,0.656,9.594
2026-06-19,11:48:57,95.7,242.0,0.656,9.594
2026-06-19,11:48:58,95.7,242.0,0.656,9.594
2026-06-19,11:48:59,95.7,242.0,0.656,9.594
2026-06-19,11:49:00,95.7,242.0,0.656,9.594
2026-06-19,11:49:01,95.7,242.0,0.656,9.594
2026-06-19,11:49:02,95.7,242.0,0.656,9.594
2026-06-19,11:49:03,95.7,242.0,0.656,9.594
2026-06-19,11:49:04,95.7,242.0,0.656,9.594
2026-06-19,11:49:05,95.7,242.0,0.656,9.594
2026-06-19,11:49:06,95.7,242.0,0.656,9.594
2026-06-19,11:49:07,95.7,242.0,0.656,9.594
2026-06-19,11:49:08,95.7,242.0,0.656,9.594
2026-06-19,11:49:09,95.7,242.0,0.656,9.594
2026-06-19,11:49:10,95.7,242.0,0.656,9.594
2026-06-19,11:49:11,95.7,242.0,0.656,9.594
2026-06-19,11:49:12,95.7,242.0,0.656,9.594
2026-06-19,11:49:13,95.7,242.0,0.656,9.594
2026-06-19,11:49:14,95.7,242.0,0.656,9.594
2026-06-19,11:49:15,95.7,242.0,0.656,9.594
2026-06-19,11:49:16,95.7,242.0,0.656,9.594
2026-06-19,11:49:17,95.7,242.0,0.656,9.594
2026-06-19,11:49:18,95.7,242.0,0.656,9.594
2026-06-19,11:49:19,95.7,242.0,0.656,9.594
2026-06-19,11:49:20,95.7,242.0,0.656,9.594
2026-06-19,11:49:21,95.7,242.0,0.656,9.594
2026-06-19,11:49:22,95.7,242.0,0.656,9.594
2026-06-19,11:49:23,95.7,242.0,0.656,9.594
2026-06-19,11:49:24,95.7,242.0,0.656,9.594
2026-06-19,11:49:25,95.7,242.0,0.656,9.594
2026-06-19,11:49:26,95.7,242.0,0.656,9.594
2026-06-19,11:49:27,95.7,242.0,0.656,9.594
2026-06-19,11:49:28,95.7,242.0,0.656,9.594
2026-06-19,11:49:29,95.7,242.0,0.656,9.594
2026-06-19,11:49:30,95.7,242.0,0.656,9.594
2026-06-19,11:49:31,95.7,242.0,0.656,9.594
2026-06-19,11:49:32,95.7,242.0,0.656,9.594
2026-06-19,11:49:33,95.7,242.0,0.656,9.594
2026-06-19,11:49:34,95.7,242.0,0.656,9.594
2026-06-19,11:49:35,95.7,242.0,0.656,9.594
2026-06-19,11:49:36,95.7,242.0,0.656,9.594
2026-06-19,11:49:37,95.7,242.0,0.656,9.594
2026-06-19,11:49:38,95.7,242.0,0.656,9.594
2026-06-19,11:49:39,95.7,242.0,0.656,9.594
2026-06-19,11:49:40,95.7,242.0,0.656,9.594
2026-06-19,11:49:41,95.7,242.0,0.656,9.594
2026-06-19,11:49:42,95.7,242.0,0.656,9.594
2026-06-19,11:49:43,95.7,242.0,0.656,9.594
2026-06-19,11:49:44,95.7,242.0,0.656,9.594
2026-06-19,11:49:45,95.7,242.0,0.656,9.594
2026-06-19,11:49:46,95.7,242.0,0.656,9.594
2026-06-19,11:49:47,95.7,242.0,0.656,9.594
2026-06-19,11:49:48,95.7,242.0,0.656,9.594
2026-06-19,11:49:49,95.7,242.0,0.656,9.594
2026-06-19,11:49:50,95.7,242.0,0.656,9.594
2026-06-19,11:49:51,95.7,242.0,0.656,9.594
2026-06-19,11:49:52,95.7,242.0,0.656,9.594
2026-06-19,11:49:53,95.7,242.0,0.656,9.594
2026-06-19,11:49:54,95.7,242.0,0.656,9.594
2026-06-19,11:49:55,95.7,242.0,0.656,9.594
2026-06-19,11:49:56,95.7,242.0,0.656,9.594
2026-06-19,11:49:57,95.7,242.0,0.656,9.594
2026-06-19,11:49:58,95.7,242.0,0.656,9.594
2026-06-19,11:49:59,95.7,242.0,0.656,9.594
2026-06-19,11:50:00,95.7,242.0,0.656,9.594
2026-06-19,11:50:01,95.7,242.0,0.656,9.594
2026-06-19,11:50:02,95.7,242.0,0.656,9.594
2026-06-19,11:50:03,95.7,242.0,0.656,9.594
2026-06-19,11:50:04,95.7,242.0,0.656,9.594
2026-06-19,11:50:05,95.7,242.0,0.656,9.594
2026-06-19,11:50:06,95.7,242.0,0.656,9.594
2026-06-19,11:50:07,95.7,242.0,0.656,9.594
2026-06-19,11:50:08,95.7,242.0,0.656,9.594
2026-06-19,11:50:09,95.7,242.0,0.656,9.594
2026-06-19,11:50:10,95.7,242.0,0.656,9.594
2026-06-19,11:50:11,95.7,242.0,0.656,9.594
2026-06-19,11:50:12,95.7,242.0,0.656,9.594
2026-06-19,11:50:13,95.7,242.0,0.656,9.594
2026-06-19,11:50:14,95.7,242.0,0.656,9.594
2026-06-19,11:50:15,95.7,242.0,0.656,9.594
2026-06-19,11:50:16,95.7,242.0,0.656,9.594
2026-06-19,11:50:17,95.7,242.0,0.656,9.594
2026-06-19,11:50:18,95.7,242.0,0.656,9.594
2026-06-19,11:50:19,95.7,242.0,0.656,9.594
2026-06-19,11:50:20,95.7,242.0,0.656,9.594
2026-06-19,11:50:21,95.7,242.0,0.656,9.594
2026-06-19,11:50:22,95.7,242.0,0.656,9.594
2026-06-19,11:50:23,95.7,242.0,0.656,9.594
2026-06-19,11:50:24,95.7,242.0,0.656,9.594
2026-06-19,11:50:25,95.7,242.0,0.656,9.594
2026-06-19,11:50:26,95.7,242.0,0.656,9.594
2026-06-19,11:50:27,95.7,242.0,0.656,9.594
2026-06-19,11:50:28,95.7,242.0,0.656,9.594
2026-06-19,11:50:29,95.7,242.0,0.656,9.594
2026-06-19,11:50:30,95.7,242.0,0.656,9.594
2026-06-19,11:50:31,95.7,242.0,0.656,9.594
2026-06-19,11:50:32,95.7,242.0,0.656,9.594
2026-06-19,11:50:33,95.7,242.0,0.656,9.594
2026-06-19,11:50:34,95.7,242.0,0.656,9.594
2026-06-19,11:50:35,95.7,242.0,0.656,9.594
2026-06-19,11:50:36,95.7,242.0,0.656,9.594
2026-06-19,11:50:37,95.7,242.0,0.656,9.594
2026-06-19,11:50:38,95.7,242.0,0.656,9.594
2026-06-19,11:50:39,95.7,242.0,0.656,9.594
2026-06-19,11:50:40,95.7,242.0,0.656,9.594
2026-06-19,11:50:41,95.7,242.0,0.656,9.594
2026-06-19,11:50:43,95.7,242.0,0.656,9.594
2026-06-19,11:50:44,95.7,242.0,0.656,9.594
2026-06-19,11:50:45,95.7,242.0,0.656,9.594
2026-06-19,11:50:46,95.7,242.0,0.656,9.594
2026-06-19,11:50:47,95.7,242.0,0.656,9.594
2026-06-19,11:50:48,95.7,242.0,0.656,9.594
2026-06-19,11:50:49,95.7,242.0,0.656,9.594
2026-06-19,11:50:50,95.7,242.0,0.656,9.594
2026-06-19,11:50:51,95.7,242.0,0.656,9.594
2026-06-19,11:50:52,95.7,242.0,0.656,9.594
2026-06-19,11:50:53,95.7,242.0,0.656,9.594
2026-06-19,11:50:54,95.7,242.0,0.656,9.594
2026-06-19,11:50:55,95.7,242.0,0.656,9.594
2026-06-19,11:50:56,95.7,242.0,0.656,9.594
2026-06-19,11:50:57,95.7,242.0,0.656,9.594
2026-06-19,11:50:58,95.7,242.0,0.656,9.594
2026-06-19,11:50:59,95.7,242.0,0.656,9.594
2026-06-19,11:51:00,95.7,242.0,0.656,9.594
2026-06-19,11:51:01,95.7,242.0,0.656,9.594
2026-06-19,11:51:02,95.7,242.0,0.656,9.594
2026-06-19,11:51:03,95.7,242.0,0.656,9.594
2026-06-19,11:51:04,95.7,242.0,0.656,9.594
2026-06-19,11:51:05,95.7,242.0,0.656,9.594
2026-06-19,11:51:06,95.7,242.0,0.656,9.594
2026-06-19,11:51:07,95.7,242.0,0.656,9.594
2026-06-19,11:51:08,95.7,242.0,0.656,9.594
2026-06-19,11:51:09,95.7,242.0,0.656,9.594
2026-06-19,11:51:10,95.7,242.0,0.656,9.594
2026-06-19,11:51:11,95.7,242.0,0.656,9.594
2026-06-19,11:51:12,95.7,242.0,0.656,9.594
2026-06-19,11:51:13,95.7,242.0,0.656,9.594
2026-06-19,11:51:14,95.7,242.0,0.656,9.594
2026-06-19,11:51:15,95.7,242.0,0.656,9.594
2026-06-19,11:51:16,95.7,242.0,0.656,9.594
2026-06-19,11:51:17,95.7,242.0,0.656,9.594
2026-06-19,11:51:18,95.7,242.0,0.656,9.594
2026-06-19,11:51:19,95.7,242.0,0.656,9.594
2026-06-19,11:51:20,95.7,242.0,0.656,9.594
2026-06-19,11:51:21,95.7,242.0,0.656,9.594
2026-06-19,11:51:22,95.7,242.0,0.656,9.594
2026-06-19,11:51:23,95.7,242.0,0.656,9.594
2026-06-19,11:51:24,95.7,242.0,0.656,9.594
2026-06-19,11:51:25,95.7,242.0,0.656,9.594
2026-06-19,11:51:26,95.7,242.0,0.656,9.594
2026-06-19,11:51:27,95.7,242.0,0.656,9.594
2026-06-19,11:51:28,95.7,242.0,0.656,9.594
2026-06-19,11:51:29,95.7,242.0,0.656,9.594
2026-06-19,11:51:30,95.7,242.0,0.656,9.594
2026-06-19,11:51:31,95.7,242.0,0.656,9.594
2026-06-19,11:51:32,95.7,242.0,0.656,9.594
2026-06-19,11:51:33,95.7,242.0,0.656,9.594
2026-06-19,11:51:34,95.7,242.0,0.656,9.594
2026-06-19,11:51:35,95.7,242.0,0.656,9.594
2026-06-19,11:51:36,95.7,242.0,0.656,9.594
2026-06-19,11:51:37,95.7,242.0,0.656,9.594
2026-06-19,11:51:38,95.7,242.0,0.656,9.594
2026-06-19,11:51:39,95.7,242.0,0.656,9.594
2026-06-19,11:51:40,95.7,242.0,0.656,9.594
2026-06-19,11:51:41,95.7,242.0,0.656,9.594
2026-06-19,11:51:42,95.7,242.0,0.656,9.594
2026-06-19,11:51:43,95.7,242.0,0.656,9.594
2026-06-19,11:51:44,95.7,242.0,0.656,9.594
2026-06-19,11:51:45,95.7,242.0,0.656,9.594
2026-06-19,11:51:46,95.7,242.0,0.656,9.594
2026-06-19,11:51:47,95.7,242.0,0.656,9.594
2026-06-19,11:51:48,95.7,242.0,0.656,9.594
2026-06-19,11:51:49,95.7,242.0,0.656,9.594
2026-06-19,11:51:50,95.7,242.0,0.656,9.594
2026-06-19,11:51:51,95.7,242.0,0.656,9.594
2026-06-19,11:51:52,95.7,242.0,0.656,9.594
2026-06-19,11:51:53,95.7,242.0,0.656,9.594
2026-06-19,11:51:54,95.7,242.0,0.656,9.594
2026-06-19,11:51:55,95.7,242.0,0.656,9.594
2026-06-19,11:51:56,95.7,242.0,0.656,9.594
2026-06-19,11:51:57,95.7,242.0,0.656,9.594
2026-06-19,11:51:58,95.7,242.0,0.656,9.594
2026-06-19,11:51:59,95.7,242.0,0.656,9.594
2026-06-19,11:52:00,95.7,242.0,0.656,9.594
2026-06-19,11:52:01,95.7,242.0,0.656,9.594
2026-06-19,11:52:02,95.7,242.0,0.656,9.594
2026-06-19,11:52:03,95.7,242.0,0.656,9.594
2026-06-19,11:52:04,95.7,242.0,0.656,9.594
2026-06-19,11:52:05,95.7,242.0,0.656,9.594
2026-06-19,11:52:06,95.7,242.0,0.656,9.594
2026-06-19,11:52:07,95.7,242.0,0.656,9.594
2026-06-19,11:52:08,95.7,242.0,0.656,9.594
2026-06-19,11:52:09,95.7,242.0,0.656,9.594
2026-06-19,11:52:10,95.7,242.0,0.656,9.594
2026-06-19,11:52:11,95.7,242.0,0.656,9.594
2026-06-19,11:52:12,95.7,242.0,0.656,9.594
2026-06-19,11:52:13,95.7,242.0,0.656,9.594
2026-06-19,11:52:14,95.7,242.0,0.656,9.594
2026-06-19,11:52:15,95.7,242.0,0.656,9.594
2026-06-19,11:52:16,95.7,242.0,0.656,9.594
2026-06-19,11:52:17,95.7,242.0,0.656,9.594
2026-06-19,11:52:18,95.7,242.0,0.656,9.594
2026-06-19,11:52:19,95.7,242.0,0.656,9.594
2026-06-19,11:52:20,95.7,242.0,0.656,9.594
2026-06-19,11:52:21,95.7,242.0,0.656,9.594
2026-06-19,11:52:22,95.7,242.0,0.656,9.594
2026-06-19,11:52:23,95.7,242.0,0.656,9.594
2026-06-19,11:52:24,95.7,242.0,0.656,9.594
2026-06-19,11:52:25,95.7,242.0,0.656,9.594
2026-06-19,11:52:26,95.7,242.0,0.656,9.594
2026-06-19,11:52:27,95.7,242.0,0.656,9.594
2026-06-19,11:52:28,95.7,242.0,0.656,9.594
2026-06-19,11:52:29,95.7,242.0,0.656,9.594
2026-06-19,11:52:30,95.7,242.0,0.656,9.594
2026-06-19,11:52:31,95.7,242.0,0.656,9.594
2026-06-19,11:52:32,95.7,242.0,0.656,9.594
2026-06-19,11:52:33,95.7,242.0,0.656,9.594
2026-06-19,11:52:34,95.7,242.0,0.656,9.594
2026-06-19,11:52:35,95.7,242.0,0.656,9.594
2026-06-19,11:52:36,95.7,242.0,0.656,9.594
2026-06-19,11:52:37,95.7,242.0,0.656,9.594
2026-06-19,11:52:38,95.7,242.0,0.656,9.594
2026-06-19,11:52:39,95.7,242.0,0.656,9.594
2026-06-19,11:52:40,95.7,242.0,0.656,9.594
2026-06-19,11:52:41,95.7,242.0,0.656,9.594
2026-06-19,11:52:42,95.7,242.0,0.656,9.594
2026-06-19,11:52:43,95.7,242.0,0.656,9.594
2026-06-19,11:52:44,95.7,242.0,0.656,9.594
2026-06-19,11:52:45,95.7,242.0,0.656,9.594
2026-06-19,11:52:46,95.7,242.0,0.656,9.594
2026-06-19,11:52:47,95.7,242.0,0.656,9.594
2026-06-19,11:52:48,95.7,242.0,0.656,9.594
2026-06-19,11:52:49,95.7,242.0,0.656,9.594
2026-06-19,11:52:50,95.7,242.0,0.656,9.594
2026-06-19,11:52:51,95.7,242.0,0.656,9.594
2026-06-19,11:52:52,95.7,242.0,0.656,9.594
2026-06-19,11:52:53,95.7,242.0,0.656,9.594
2026-06-19,11:52:54,95.7,242.0,0.656,9.594
2026-06-19,11:52:55,95.7,242.0,0.656,9.594
2026-06-19,11:52:56,95.7,242.0,0.656,9.594
2026-06-19,11:52:57,95.7,242.0,0.656,9.594
2026-06-19,11:52:58,95.7,242.0,0.656,9.594
2026-06-19,11:52:59,95.7,242.0,0.656,9.594
2026-06-19,11:53:00,95.7,242.0,0.656,9.594
2026-06-19,11:53:01,95.7,242.0,0.656,9.594
2026-06-19,11:53:02,95.7,242.0,0.656,9.594
2026-06-19,11:53:03,95.7,242.0,0.656,9.594
2026-06-19,11:53:04,95.7,242.0,0.656,9.594
2026-06-19,11:53:05,95.7,242.0,0.656,9.594
2026-06-19,11:53:06,95.7,242.0,0.656,9.594
2026-06-19,11:53:07,95.7,242.0,0.656,9.594
2026-06-19,11:53:08,95.7,242.0,0.656,9.594
2026-06-19,11:53:09,95.7,242.0,0.656,9.594
2026-06-19,11:53:10,95.7,242.0,0.656,9.594
2026-06-19,11:53:11,95.7,242.0,0.656,9.594
2026-06-19,11:53:12,95.7,242.0,0.656,9.594
2026-06-19,11:53:13,95.7,242.0,0.656,9.594
2026-06-19,11:53:14,95.7,242.0,0.656,9.594
2026-06-19,11:53:15,95.7,242.0,0.656,9.594
2026-06-19,11:53:16,95.7,242.0,0.656,9.594
2026-06-19,11:53:17,95.7,242.0,0.656,9.594
2026-06-19,11:53:18,95.7,242.0,0.656,9.594
2026-06-19,11:53:19,95.7,242.0,0.656,9.594
2026-06-19,11:53:21,95.7,242.0,0.656,9.594
2026-06-19,11:53:22,95.7,242.0,0.656,9.594
2026-06-19,11:53:23,95.7,242.0,0.656,9.594
2026-06-19,11:53:24,95.7,242.0,0.656,9.594
2026-06-19,11:53:25,95.7,242.0,0.656,9.594
2026-06-19,11:53:26,95.7,242.0,0.656,9.594
2026-06-19,11:53:27,95.7,242.0,0.656,9.594
2026-06-19,11:53:28,95.7,242.0,0.656,9.594
2026-06-19,11:53:29,95.7,242.0,0.656,9.594
2026-06-19,11:53:30,95.7,242.0,0.656,9.594
2026-06-19,11:53:31,95.7,242.0,0.656,9.594
2026-06-19,11:53:32,95.7,242.0,0.656,9.594
2026-06-19,11:53:33,95.7,242.0,0.656,9.594
2026-06-19,11:53:34,95.7,242.0,0.656,9.594
2026-06-19,11:53:35,95.7,242.0,0.656,9.594
2026-06-19,11:53:36,95.7,242.0,0.656,9.594
2026-06-19,11:53:37,95.7,242.0,0.656,9.594
2026-06-19,11:53:38,95.7,242.0,0.656,9.594
2026-06-19,11:53:39,95.7,242.0,0.656,9.594
2026-06-19,11:53:40,95.7,242.0,0.656,9.594
2026-06-19,11:53:41,95.7,242.0,0.656,9.594
2026-06-19,11:53:42,95.7,242.0,0.656,9.594
2026-06-19,11:53:43,95.7,242.0,0.656,9.594
2026-06-19,11:53:44,95.7,242.0,0.656,9.594
2026-06-19,11:53:45,95.7,242.0,0.656,9.594
2026-06-19,11:53:46,95.7,242.0,0.656,9.594
2026-06-19,11:53:47,95.7,242.0,0.656,9.594
2026-06-19,11:53:48,95.7,242.0,0.656,9.594
2026-06-19,11:53:49,95.7,242.0,0.656,9.594
2026-06-19,11:53:50,95.7,242.0,0.656,9.594
2026-06-19,11:53:51,95.7,242.0,0.656,9.594
2026-06-19,11:53:52,95.7,242.0,0.656,9.594
2026-06-19,11:53:53,95.7,242.0,0.656,9.594
2026-06-19,11:53:54,95.7,242.0,0.656,9.594
2026-06-19,11:53:55,95.7,242.0,0.656,9.594
2026-06-19,11:53:56,95.7,242.0,0.656,9.594
2026-06-19,11:53:57,95.7,242.0,0.656,9.594
2026-06-19,11:53:58,95.7,242.0,0.656,9.594
2026-06-19,11:53:59,95.7,242.0,0.656,9.594
2026-06-19,11:54:00,95.7,242.0,0.656,9.594
2026-06-19,11:54:01,95.7,242.0,0.656,9.594
2026-06-19,11:54:02,95.7,242.0,0.656,9.594
2026-06-19,11:54:03,95.7,242.0,0.656,9.594
2026-06-19,11:54:04,95.7,242.0,0.656,9.594
2026-06-19,11:54:05,95.7,242.0,0.656,9.594
2026-06-19,11:54:06,95.7,242.0,0.656,9.594
2026-06-19,11:54:07,95.7,242.0,0.656,9.594
2026-06-19,11:54:08,95.7,242.0,0.656,9.594
2026-06-19,11:54:09,95.7,242.0,0.656,9.594
2026-06-19,11:54:10,95.7,242.0,0.656,9.594
2026-06-19,11:54:11,95.7,242.0,0.656,9.594
2026-06-19,11:54:12,95.7,242.0,0.656,9.594
2026-06-19,11:54:13,95.7,242.0,0.656,9.594
2026-06-19,11:54:14,95.7,242.0,0.656,9.594
2026-06-19,11:54:15,95.7,242.0,0.656,9.594
2026-06-19,11:54:16,95.7,242.0,0.656,9.594
2026-06-19,11:54:17,95.7,242.0,0.656,9.594
2026-06-19,11:54:18,95.7,242.0,0.656,9.594
2026-06-19,11:54:19,95.7,242.0,0.656,9.594
2026-06-19,11:54:20,95.7,242.0,0.656,9.594
2026-06-19,11:54:21,95.7,242.0,0.656,9.594
2026-06-19,11:54:22,95.7,242.0,0.656,9.594
2026-06-19,11:54:23,95.7,242.0,0.656,9.594
2026-06-19,11:54:24,95.7,242.0,0.656,9.594
2026-06-19,11:54:25,95.7,242.0,0.656,9.594
2026-06-19,11:54:26,95.7,242.0,0.656,9.594
2026-06-19,11:54:27,95.7,242.0,0.656,9.594
2026-06-19,11:54:28,95.7,242.0,0.656,9.594
2026-06-19,11:54:29,95.7,242.0,0.656,9.594
2026-06-19,11:54:30,95.7,242.0,0.656,9.594
2026-06-19,11:54:31,95.7,242.0,0.656,9.594
2026-06-19,11:54:32,95.7,242.0,0.656,9.594
2026-06-19,11:54:33,95.7,242.0,0.656,9.594
2026-06-19,11:54:34,95.7,242.0,0.656,9.594
2026-06-19,11:54:35,95.7,242.0,0.656,9.594
2026-06-19,11:54:36,95.7,242.0,0.656,9.594
2026-06-19,11:54:37,95.7,242.0,0.656,9.594
2026-06-19,11:54:38,95.7,242.0,0.656,9.594
2026-06-19,11:54:39,95.7,242.0,0.656,9.594
2026-06-19,11:54:40,95.7,242.0,0.656,9.594
2026-06-19,11:54:41,95.7,242.0,0.656,9.594
2026-06-19,11:54:42,95.7,242.0,0.656,9.594
2026-06-19,11:54:43,95.7,242.0,0.656,9.594
2026-06-19,11:54:44,95.7,242.0,0.656,9.594
2026-06-19,11:54:45,95.7,242.0,0.656,9.594
2026-06-19,11:54:46,95.7,242.0,0.656,9.594
2026-06-19,11:54:47,95.7,242.0,0.656,9.594
2026-06-19,11:54:48,95.7,242.0,0.656,9.594
2026-06-19,11:54:49,95.7,242.0,0.656,9.594
2026-06-19,11:54:50,95.7,242.0,0.656,9.594
2026-06-19,11:54:51,95.7,242.0,0.656,9.594
2026-06-19,11:54:52,95.7,242.0,0.656,9.594
2026-06-19,11:54:53,95.7,242.0,0.656,9.594
2026-06-19,11:54:54,95.7,242.0,0.656,9.594
2026-06-19,11:54:55,95.7,242.0,0.656,9.594
2026-06-19,11:54:56,95.7,242.0,0.656,9.594
2026-06-19,11:54:57,95.7,242.0,0.656,9.594
2026-06-19,11:54:58,95.7,242.0,0.656,9.594
2026-06-19,11:54:59,95.7,242.0,0.656,9.594
2026-06-19,11:55:00,95.7,242.0,0.656,9.594
2026-06-19,11:55:01,95.7,242.0,0.656,9.594
2026-06-19,11:55:02,95.7,242.0,0.656,9.594
2026-06-19,11:55:03,95.7,242.0,0.656,9.594
2026-06-19,11:55:04,95.7,242.0,0.656,9.594
2026-06-19,11:55:05,95.7,242.0,0.656,9.594
2026-06-19,11:55:06,95.7,242.0,0.656,9.594
2026-06-19,11:55:07,95.7,242.0,0.656,9.594
2026-06-19,11:55:08,95.7,242.0,0.656,9.594
2026-06-19,11:55:09,78.4,242.4,0.572,9.594
2026-06-19,11:55:10,78.4,242.4,0.572,9.594
2026-06-19,11:55:11,78.4,242.4,0.572,9.594
2026-06-19,11:55:12,78.4,242.4,0.572,9.594
2026-06-19,11:55:13,78.4,242.4,0.572,9.594
2026-06-19,11:55:14,78.4,242.4,0.572,9.594
2026-06-19,11:55:15,78.4,242.4,0.572,9.594
2026-06-19,11:55:16,78.4,242.4,0.572,9.594
2026-06-19,11:55:17,78.4,242.4,0.572,9.594
2026-06-19,11:55:18,78.4,242.4,0.572,9.594
2026-06-19,11:55:19,78.4,242.4,0.572,9.594
2026-06-19,11:55:20,78.4,242.4,0.572,9.594
2026-06-19,11:55:21,78.4,242.4,0.572,9.594
2026-06-19,11:55:22,78.4,242.4,0.572,9.594
2026-06-19,11:55:23,78.4,242.4,0.572,9.594
2026-06-19,11:55:24,78.4,242.4,0.572,9.594
2026-06-19,11:55:25,78.4,242.4,0.572,9.594
2026-06-19,11:55:26,78.4,242.4,0.572,9.594
2026-06-19,11:55:27,78.4,242.4,0.572,9.594
2026-06-19,11:55:28,78.4,242.4,0.572,9.594
2026-06-19,11:55:29,78.4,242.4,0.572,9.594
2026-06-19,11:55:30,78.4,242.4,0.572,9.594
2026-06-19,11:55:31,78.4,242.4,0.572,9.594
2026-06-19,11:55:32,78.4,242.4,0.572,9.594
2026-06-19,11:55:33,78.4,242.4,0.572,9.594
2026-06-19,11:55:34,78.4,242.4,0.572,9.594
2026-06-19,11:55:35,78.4,242.4,0.572,9.594
2026-06-19,11:55:36,78.4,242.4,0.572,9.594
2026-06-19,11:55:37,78.4,242.4,0.572,9.594
2026-06-19,11:55:38,78.4,242.4,0.572,9.594
2026-06-19,11:55:39,78.4,242.4,0.572,9.594
2026-06-19,11:55:40,78.4,242.4,0.572,9.594
2026-06-19,11:55:41,78.4,242.4,0.572,9.594
2026-06-19,11:55:42,78.4,242.4,0.572,9.594
2026-06-19,11:55:43,99.7,241.7,0.691,9.594
2026-06-19,11:55:44,99.7,241.7,0.691,9.594
2026-06-19,11:55:45,99.7,241.7,0.691,9.594
2026-06-19,11:55:46,99.7,241.7,0.691,9.594
2026-06-19,11:55:47,99.7,241.7,0.691,9.594
2026-06-19,11:55:48,99.7,241.7,0.691,9.594
2026-06-19,11:55:49,99.7,241.7,0.691,9.594
2026-06-19,11:55:50,99.7,241.7,0.691,9.594
2026-06-19,11:55:51,99.7,241.7,0.691,9.594
2026-06-19,11:55:52,99.7,241.7,0.691,9.594
2026-06-19,11:55:53,99.7,241.7,0.691,9.594
2026-06-19,11:55:54,99.7,241.7,0.691,9.594
2026-06-19,11:55:55,99.7,241.7,0.691,9.594
2026-06-19,11:55:56,99.7,241.7,0.691,9.594
2026-06-19,11:55:57,99.7,241.7,0.691,9.594
2026-06-19,11:55:58,99.7,241.7,0.691,9.594
2026-06-19,11:56:00,99.7,241.7,0.691,9.594
2026-06-19,11:56:01,99.7,241.7,0.691,9.594
2026-06-19,11:56:02,99.7,241.7,0.691,9.594
2026-06-19,11:56:03,99.7,241.7,0.691,9.594
2026-06-19,11:56:04,99.7,241.7,0.691,9.594
2026-06-19,11:56:05,99.7,241.7,0.691,9.594
2026-06-19,11:56:06,99.7,241.7,0.691,9.594
2026-06-19,11:56:07,99.7,241.7,0.691,9.594
2026-06-19,11:56:08,99.7,241.7,0.691,9.594
2026-06-19,11:56:09,99.7,241.7,0.691,9.594
2026-06-19,11:56:10,99.7,241.7,0.691,9.594
2026-06-19,11:56:11,99.7,241.7,0.691,9.594
2026-06-19,11:56:12,99.7,241.7,0.691,9.594
2026-06-19,11:56:13,99.7,241.7,0.691,9.594
2026-06-19,11:56:14,99.7,241.7,0.691,9.594
2026-06-19,11:56:15,99.7,241.7,0.691,9.594
2026-06-19,11:56:16,99.7,241.7,0.691,9.594
2026-06-19,11:56:17,99.7,241.7,0.691,9.594
2026-06-19,11:56:18,99.7,241.7,0.691,9.594
2026-06-19,11:56:19,99.7,241.7,0.691,9.594
2026-06-19,11:56:20,99.7,241.7,0.691,9.594
2026-06-19,11:56:21,99.7,241.7,0.691,9.594
2026-06-19,11:56:22,99.7,241.7,0.691,9.594
2026-06-19,11:56:23,99.7,241.7,0.691,9.594
2026-06-19,11:56:24,99.7,241.7,0.691,9.594
2026-06-19,11:56:25,99.7,241.7,0.691,9.594
2026-06-19,11:56:26,99.7,241.7,0.691,9.594
2026-06-19,11:56:27,99.7,241.7,0.691,9.594
2026-06-19,11:56:28,99.7,241.7,0.691,9.594
2026-06-19,11:56:29,99.7,241.7,0.691,9.594
2026-06-19,11:56:30,99.7,241.7,0.691,9.594
2026-06-19,11:56:31,99.7,241.7,0.691,9.594
2026-06-19,11:56:32,99.7,241.7,0.691,9.594
2026-06-19,11:56:33,99.7,241.7,0.691,9.594
2026-06-19,11:56:34,99.7,241.7,0.691,9.594
2026-06-19,11:56:35,99.7,241.7,0.691,9.594
2026-06-19,11:56:36,99.7,241.7,0.691,9.594
2026-06-19,11:56:37,99.7,241.7,0.691,9.594
2026-06-19,11:56:38,99.7,241.7,0.691,9.594
2026-06-19,11:56:39,99.7,241.7,0.691,9.594
2026-06-19,11:56:40,99.7,241.7,0.691,9.594
2026-06-19,11:56:41,99.7,241.7,0.691,9.594
2026-06-19,11:56:42,99.7,241.7,0.691,9.594
2026-06-19,11:56:43,99.7,241.7,0.691,9.594
2026-06-19,11:56:44,99.7,241.7,0.691,9.594
2026-06-19,11:56:45,99.7,241.7,0.691,9.594
2026-06-19,11:56:46,99.7,241.7,0.691,9.594
2026-06-19,11:56:47,99.7,241.7,0.691,9.594
2026-06-19,11:56:48,99.7,241.7,0.691,9.594
2026-06-19,11:56:49,99.7,241.7,0.691,9.594
2026-06-19,11:56:50,99.7,241.7,0.691,9.594
2026-06-19,11:56:51,99.7,241.7,0.691,9.594
2026-06-19,11:56:52,99.7,241.7,0.691,9.594
2026-06-19,11:56:53,99.7,241.7,0.691,9.594
2026-06-19,11:56:54,99.7,241.7,0.691,9.594
2026-06-19,11:56:55,99.7,241.7,0.691,9.594
2026-06-19,11:56:56,99.7,241.7,0.691,9.594
2026-06-19,11:56:57,99.7,241.7,0.691,9.594
2026-06-19,11:56:58,99.7,241.7,0.691,9.594
2026-06-19,11:56:59,99.7,241.7,0.691,9.594
2026-06-19,11:57:00,99.7,241.7,0.691,9.594
2026-06-19,11:57:01,99.7,241.7,0.691,9.594
2026-06-19,11:57:02,99.7,241.7,0.691,9.594
2026-06-19,11:57:03,99.7,241.7,0.691,9.594
2026-06-19,11:57:04,99.7,241.7,0.691,9.594
2026-06-19,11:57:05,99.7,241.7,0.691,9.594
2026-06-19,11:57:06,99.7,241.7,0.691,9.594
2026-06-19,11:57:07,99.7,241.7,0.691,9.594
2026-06-19,11:57:08,99.7,241.7,0.691,9.594
2026-06-19,11:57:09,99.7,241.7,0.691,9.594
2026-06-19,11:57:10,99.7,241.7,0.691,9.594
2026-06-19,11:57:11,99.7,241.7,0.691,9.594
2026-06-19,11:57:12,99.7,241.7,0.691,9.594
2026-06-19,11:57:13,99.7,241.7,0.691,9.594
2026-06-19,11:57:14,99.7,241.7,0.691,9.594
2026-06-19,11:57:15,99.7,241.7,0.691,9.594
2026-06-19,11:57:16,99.7,241.7,0.691,9.594
2026-06-19,11:57:17,99.7,241.7,0.691,9.594
2026-06-19,11:57:18,99.7,241.7,0.691,9.594
2026-06-19,11:57:19,99.7,241.7,0.691,9.594
2026-06-19,11:57:20,99.7,241.7,0.691,9.594
2026-06-19,11:57:21,99.7,241.7,0.691,9.594
2026-06-19,11:57:22,99.7,241.7,0.691,9.594
2026-06-19,11:57:23,99.7,241.7,0.691,9.594
2026-06-19,11:57:24,99.7,241.7,0.691,9.594
2026-06-19,11:57:25,99.7,241.7,0.691,9.594
2026-06-19,11:57:26,99.7,241.7,0.691,9.594
2026-06-19,11:57:27,99.7,241.7,0.691,9.594
2026-06-19,11:57:28,99.7,241.7,0.691,9.594
2026-06-19,11:57:29,99.7,241.7,0.691,9.594
2026-06-19,11:57:30,99.7,241.7,0.691,9.594
2026-06-19,11:57:31,99.7,241.7,0.691,9.594
2026-06-19,11:57:32,99.7,241.7,0.691,9.594
2026-06-19,11:57:33,99.7,241.7,0.691,9.594
2026-06-19,11:57:34,99.7,241.7,0.691,9.594
2026-06-19,11:57:35,99.7,241.7,0.691,9.594
2026-06-19,11:57:36,99.7,241.7,0.691,9.594
2026-06-19,11:57:37,99.7,241.7,0.691,9.594
2026-06-19,11:57:38,99.7,241.7,0.691,9.594
2026-06-19,11:57:39,99.7,241.7,0.691,9.594
2026-06-19,11:57:40,99.7,241.7,0.691,9.594
2026-06-19,11:57:41,99.7,241.7,0.691,9.594
2026-06-19,11:57:42,99.7,241.7,0.691,9.594
2026-06-19,11:57:43,99.7,241.7,0.691,9.594
2026-06-19,11:57:44,99.7,241.7,0.691,9.594
2026-06-19,11:57:45,99.7,241.7,0.691,9.594
2026-06-19,11:57:46,99.7,241.7,0.691,9.594
2026-06-19,11:57:47,99.7,241.7,0.691,9.594
2026-06-19,11:57:48,99.7,241.7,0.691,9.594
2026-06-19,11:57:49,101.2,242.4,0.708,9.594
2026-06-19,11:57:50,101.2,242.4,0.708,9.594
2026-06-19,11:57:51,101.2,242.4,0.708,9.594
2026-06-19,11:57:52,101.2,242.4,0.708,9.594
2026-06-19,11:57:53,101.2,242.4,0.708,9.594
2026-06-19,11:57:54,101.2,242.4,0.708,9.594
2026-06-19,11:57:55,101.2,242.4,0.708,9.594
2026-06-19,11:57:56,101.2,242.4,0.708,9.594
2026-06-19,11:57:57,101.2,242.4,0.708,9.594
2026-06-19,11:57:58,101.2,242.4,0.708,9.594
2026-06-19,11:57:59,101.2,242.4,0.708,9.594
2026-06-19,11:58:00,101.2,242.4,0.708,9.594
2026-06-19,11:58:01,101.2,242.4,0.708,9.594
2026-06-19,11:58:02,101.2,242.4,0.708,9.594
2026-06-19,11:58:03,101.2,242.4,0.708,9.594
2026-06-19,11:58:04,101.2,242.4,0.708,9.594
2026-06-19,11:58:05,101.2,242.4,0.708,9.594
2026-06-19,11:58:06,101.2,242.4,0.708,9.594
2026-06-19,11:58:07,101.2,242.4,0.708,9.594
2026-06-19,11:58:08,101.2,242.4,0.708,9.594
2026-06-19,11:58:09,101.2,242.4,0.708,9.594
2026-06-19,11:58:10,101.2,242.4,0.708,9.594
2026-06-19,11:58:11,101.2,242.4,0.708,9.594
2026-06-19,11:58:12,101.2,242.4,0.708,9.594
2026-06-19,11:58:13,101.2,242.4,0.708,9.594
2026-06-19,11:58:14,101.2,242.4,0.708,9.594
2026-06-19,11:58:15,101.2,242.4,0.708,9.594
2026-06-19,11:58:16,101.2,242.4,0.708,9.594
2026-06-19,11:58:17,101.2,242.4,0.708,9.594
2026-06-19,11:58:18,101.2,242.4,0.708,9.594
2026-06-19,11:58:19,101.2,242.4,0.708,9.594
2026-06-19,11:58:20,101.2,242.4,0.708,9.594
2026-06-19,11:58:21,101.2,242.4,0.708,9.594
2026-06-19,11:58:22,101.2,242.4,0.708,9.594
2026-06-19,11:58:23,101.2,242.4,0.708,9.594
2026-06-19,11:58:24,101.2,242.4,0.708,9.594
2026-06-19,11:58:25,101.2,242.4,0.708,9.594
2026-06-19,11:58:26,101.2,242.4,0.708,9.594
2026-06-19,11:58:27,101.2,242.4,0.708,9.594
2026-06-19,11:58:28,101.2,242.4,0.708,9.594
2026-06-19,11:58:29,101.2,242.4,0.708,9.594
2026-06-19,11:58:30,101.2,242.4,0.708,9.594
2026-06-19,11:58:31,101.2,242.4,0.708,9.594
2026-06-19,11:58:32,101.2,242.4,0.708,9.594
2026-06-19,11:58:33,101.2,242.4,0.708,9.594
2026-06-19,11:58:34,101.2,242.4,0.708,9.594
2026-06-19,11:58:35,101.2,242.4,0.708,9.594
2026-06-19,11:58:36,101.2,242.4,0.708,9.594
2026-06-19,11:58:37,101.2,242.4,0.708,9.594
2026-06-19,11:58:38,101.2,242.4,0.708,9.594
2026-06-19,11:58:40,101.2,242.4,0.708,9.594
2026-06-19,11:58:41,101.2,242.4,0.708,9.594
2026-06-19,11:58:42,101.2,242.4,0.708,9.594
2026-06-19,11:58:43,101.2,242.4,0.708,9.594
2026-06-19,11:58:44,101.2,242.4,0.708,9.594
2026-06-19,11:58:45,101.2,242.4,0.708,9.594
2026-06-19,11:58:46,101.2,242.4,0.708,9.594
2026-06-19,11:58:47,101.2,242.4,0.708,9.594
2026-06-19,11:58:48,101.2,242.4,0.708,9.594
2026-06-19,11:58:49,101.2,242.4,0.708,9.594
2026-06-19,11:58:50,101.2,242.4,0.708,9.594
2026-06-19,11:58:51,101.2,242.4,0.708,9.594
2026-06-19,11:58:52,101.2,242.4,0.708,9.594
2026-06-19,11:58:53,101.2,242.4,0.708,9.594
2026-06-19,11:58:54,101.2,242.4,0.708,9.594
2026-06-19,11:58:55,101.2,242.4,0.708,9.594
2026-06-19,11:58:56,101.2,242.4,0.708,9.594
2026-06-19,11:58:57,101.2,242.4,0.708,9.594
2026-06-19,11:58:58,101.2,242.4,0.708,9.594
2026-06-19,11:58:59,101.2,242.4,0.708,9.594
2026-06-19,11:59:00,101.2,242.4,0.708,9.594
2026-06-19,11:59:01,101.2,242.4,0.708,9.594
2026-06-19,11:59:02,101.2,242.4,0.708,9.594
2026-06-19,11:59:03,101.2,242.4,0.708,9.594
2026-06-19,11:59:04,101.2,242.4,0.708,9.594
2026-06-19,11:59:05,101.2,242.4,0.708,9.594
2026-06-19,11:59:06,101.2,242.4,0.708,9.594
2026-06-19,11:59:07,101.2,242.4,0.708,9.594
2026-06-19,11:59:08,101.2,242.4,0.708,9.594
2026-06-19,11:59:09,101.2,242.4,0.708,9.594
2026-06-19,11:59:10,101.2,242.4,0.708,9.594
2026-06-19,11:59:11,101.2,242.4,0.708,9.594
2026-06-19,11:59:12,101.2,242.4,0.708,9.594
2026-06-19,11:59:13,101.2,242.4,0.708,9.594
2026-06-19,11:59:14,101.2,242.4,0.708,9.594
2026-06-19,11:59:15,101.2,242.4,0.708,9.594
2026-06-19,11:59:16,101.2,242.4,0.708,9.594
2026-06-19,11:59:17,101.2,242.4,0.708,9.594
2026-06-19,11:59:18,101.2,242.4,0.708,9.594
2026-06-19,11:59:19,101.2,242.4,0.708,9.594
2026-06-19,11:59:20,101.2,242.4,0.708,9.594
2026-06-19,11:59:21,101.2,242.4,0.708,9.594
2026-06-19,11:59:22,101.2,242.4,0.708,9.594
2026-06-19,11:59:23,101.2,242.4,0.708,9.594
2026-06-19,11:59:24,101.2,242.4,0.708,9.594
2026-06-19,11:59:25,101.2,242.4,0.708,9.594
2026-06-19,11:59:26,101.2,242.4,0.708,9.594
2026-06-19,11:59:27,101.2,242.4,0.708,9.594
2026-06-19,11:59:28,101.2,242.4,0.708,9.594
2026-06-19,11:59:29,101.2,242.4,0.708,9.594
2026-06-19,11:59:30,101.2,242.4,0.708,9.594
2026-06-19,11:59:31,101.2,242.4,0.708,9.594
2026-06-19,11:59:32,101.2,242.4,0.708,9.594
2026-06-19,11:59:33,101.2,242.4,0.708,9.594
2026-06-19,11:59:34,101.2,242.4,0.708,9.594
2026-06-19,11:59:35,101.2,242.4,0.708,9.637
2026-06-19,11:59:36,101.2,242.4,0.708,9.637
2026-06-19,11:59:37,101.2,242.4,0.708,9.637
2026-06-19,11:59:38,101.2,242.4,0.708,9.637
2026-06-19,11:59:39,101.2,242.4,0.708,9.637
2026-06-19,11:59:40,101.2,242.4,0.708,9.637
2026-06-19,11:59:41,101.2,242.4,0.708,9.637
2026-06-19,11:59:42,101.2,242.4,0.708,9.637
2026-06-19,11:59:43,101.2,242.4,0.708,9.637
2026-06-19,11:59:44,101.2,242.4,0.708,9.637
2026-06-19,11:59:45,101.2,242.4,0.708,9.637
2026-06-19,11:59:46,101.2,242.4,0.708,9.637
2026-06-19,11:59:47,101.2,242.4,0.708,9.637
2026-06-19,11:59:48,101.2,242.4,0.708,9.637
2026-06-19,11:59:49,101.2,242.4,0.708,9.637
2026-06-19,11:59:50,101.2,242.4,0.708,9.637
2026-06-19,11:59:51,101.2,242.4,0.708,9.637
2026-06-19,11:59:52,101.2,242.4,0.708,9.637
2026-06-19,11:59:53,101.2,242.4,0.708,9.637
2026-06-19,11:59:54,101.2,242.4,0.708,9.637
2026-06-19,11:59:55,101.2,242.4,0.708,9.637
2026-06-19,11:59:56,101.2,242.4,0.708,9.637
2026-06-19,11:59:57,101.2,242.4,0.708,9.637
2026-06-19,11:59:58,101.2,242.4,0.708,9.637
2026-06-19,11:59:59,101.2,242.4,0.708,9.637
2026-06-19,12:00:00,101.2,242.4,0.708,9.637
2026-06-19,12:00:01,101.2,242.4,0.708,9.637
2026-06-19,12:00:02,101.2,242.4,0.708,9.637
2026-06-19,12:00:03,101.2,242.4,0.708,9.637
2026-06-19,12:00:04,101.2,242.4,0.708,9.637
2026-06-19,12:00:05,101.2,242.4,0.708,9.637
2026-06-19,12:00:06,101.2,242.4,0.708,9.637
2026-06-19,12:00:07,101.2,242.4,0.708,9.637
2026-06-19,12:00:08,101.2,242.4,0.708,9.637
2026-06-19,12:00:09,101.2,242.4,0.708,9.637
2026-06-19,12:00:10,101.2,242.4,0.708,9.637
2026-06-19,12:00:11,101.2,242.4,0.708,9.637
2026-06-19,12:00:12,101.2,242.4,0.708,9.637
2026-06-19,12:00:13,101.2,242.4,0.708,9.637
2026-06-19,12:00:14,101.2,242.4,0.708,9.637
2026-06-19,12:00:15,101.2,242.4,0.708,9.637
2026-06-19,12:00:16,101.2,242.4,0.708,9.637
2026-06-19,12:00:17,101.2,242.4,0.708,9.637
2026-06-19,12:00:18,101.2,242.4,0.708,9.637
2026-06-19,12:00:19,101.2,242.4,0.708,9.637
2026-06-19,12:00:20,101.2,242.4,0.708,9.637
2026-06-19,12:00:21,101.2,242.4,0.708,9.637
2026-06-19,12:00:22,101.2,242.4,0.708,9.637
2026-06-19,12:00:23,101.2,242.4,0.708,9.637
2026-06-19,12:00:24,101.2,242.4,0.708,9.637
2026-06-19,12:00:25,101.2,242.4,0.708,9.637
2026-06-19,12:00:26,101.2,242.4,0.708,9.637
2026-06-19,12:00:27,101.2,242.4,0.708,9.637
2026-06-19,12:00:28,101.2,242.4,0.708,9.637
2026-06-19,12:00:29,101.2,242.4,0.708,9.637
2026-06-19,12:00:30,101.2,242.4,0.708,9.637
2026-06-19,12:00:31,101.2,242.4,0.708,9.637
2026-06-19,12:00:32,101.2,242.4,0.708,9.637
2026-06-19,12:00:33,101.2,242.4,0.708,9.637
2026-06-19,12:00:34,101.2,242.4,0.708,9.637
2026-06-19,12:00:35,101.2,242.4,0.708,9.637
2026-06-19,12:00:36,101.2,242.4,0.708,9.637
2026-06-19,12:00:37,101.2,242.4,0.708,9.637
2026-06-19,12:00:38,101.2,242.4,0.708,9.637
2026-06-19,12:00:39,101.2,242.4,0.708,9.637
2026-06-19,12:00:40,101.2,242.4,0.708,9.637
2026-06-19,12:00:41,101.2,242.4,0.708,9.637
2026-06-19,12:00:42,101.2,242.4,0.708,9.637
2026-06-19,12:00:43,101.2,242.4,0.708,9.637
2026-06-19,12:00:44,101.2,242.4,0.708,9.637
2026-06-19,12:00:45,101.2,242.4,0.708,9.637
2026-06-19,12:00:46,101.2,242.4,0.708,9.637
2026-06-19,12:00:47,101.2,242.4,0.708,9.637
2026-06-19,12:00:48,101.2,242.4,0.708,9.637
2026-06-19,12:00:49,101.2,242.4,0.708,9.637
2026-06-19,12:00:50,101.2,242.4,0.708,9.637
2026-06-19,12:00:51,101.2,242.4,0.708,9.637
2026-06-19,12:00:52,101.2,242.4,0.708,9.637
2026-06-19,12:00:53,101.2,242.4,0.708,9.637
2026-06-19,12:00:54,101.2,242.4,0.708,9.637
2026-06-19,12:00:55,101.2,242.4,0.708,9.637
2026-06-19,12:00:56,101.2,242.4,0.708,9.637
2026-06-19,12:00:57,101.2,242.4,0.708,9.637
2026-06-19,12:00:58,101.2,242.4,0.708,9.637
2026-06-19,12:00:59,101.2,242.4,0.708,9.637
2026-06-19,12:01:00,101.2,242.4,0.708,9.637
2026-06-19,12:01:01,101.2,242.4,0.708,9.637
2026-06-19,12:01:02,101.2,242.4,0.708,9.637
2026-06-19,12:01:03,101.2,242.4,0.708,9.637
2026-06-19,12:01:04,101.2,242.4,0.708,9.637
2026-06-19,12:01:05,101.2,242.4,0.708,9.637
2026-06-19,12:01:06,101.2,242.4,0.708,9.637
2026-06-19,12:01:07,101.2,242.4,0.708,9.637
2026-06-19,12:01:08,101.2,242.4,0.708,9.637
2026-06-19,12:01:09,101.2,242.4,0.708,9.637
2026-06-19,12:01:10,101.2,242.4,0.708,9.637
2026-06-19,12:01:11,101.2,242.4,0.708,9.637
2026-06-19,12:01:12,101.2,242.4,0.708,9.637
2026-06-19,12:01:13,101.2,242.4,0.708,9.637
2026-06-19,12:01:14,101.2,242.4,0.708,9.637
2026-06-19,12:01:16,101.2,242.4,0.708,9.637
2026-06-19,12:01:17,101.2,242.4,0.708,9.637
2026-06-19,12:01:18,101.2,242.4,0.708,9.637
2026-06-19,12:01:19,101.2,242.4,0.708,9.637
2026-06-19,12:01:20,101.2,242.4,0.708,9.637
2026-06-19,12:01:21,101.2,242.4,0.708,9.637
2026-06-19,12:01:22,101.2,242.4,0.708,9.637
2026-06-19,12:01:23,101.2,242.4,0.708,9.637
2026-06-19,12:01:24,101.2,242.4,0.708,9.637
2026-06-19,12:01:25,101.2,242.4,0.708,9.637
2026-06-19,12:01:26,101.2,242.4,0.708,9.637
2026-06-19,12:01:27,101.2,242.4,0.708,9.637
2026-06-19,12:01:28,101.2,242.4,0.708,9.637
2026-06-19,12:01:29,101.2,242.4,0.708,9.637
2026-06-19,12:01:30,101.2,242.4,0.708,9.637
2026-06-19,12:01:31,101.2,242.4,0.708,9.637
2026-06-19,12:01:32,101.2,242.4,0.708,9.637
2026-06-19,12:01:33,101.2,242.4,0.708,9.637
2026-06-19,12:01:34,101.2,242.4,0.708,9.637
2026-06-19,12:01:35,101.2,242.4,0.708,9.637
2026-06-19,12:01:36,101.2,242.4,0.708,9.637
2026-06-19,12:01:37,101.2,242.4,0.708,9.637
2026-06-19,12:01:38,101.2,242.4,0.708,9.637
2026-06-19,12:01:39,101.2,242.4,0.708,9.637
2026-06-19,12:01:40,101.2,242.4,0.708,9.637
2026-06-19,12:01:41,101.2,242.4,0.708,9.637
2026-06-19,12:01:42,101.2,242.4,0.708,9.637
2026-06-19,12:01:43,101.2,242.4,0.708,9.637
2026-06-19,12:01:44,101.2,242.4,0.708,9.637
2026-06-19,12:01:45,101.2,242.4,0.708,9.637
2026-06-19,12:01:46,101.2,242.4,0.708,9.637
2026-06-19,12:01:47,101.2,242.4,0.708,9.637
2026-06-19,12:01:48,101.2,242.4,0.708,9.637
2026-06-19,12:01:49,101.2,242.4,0.708,9.637
2026-06-19,12:01:50,101.2,242.4,0.708,9.637
2026-06-19,12:01:51,101.2,242.4,0.708,9.637
2026-06-19,12:01:52,101.2,242.4,0.708,9.637
2026-06-19,12:01:53,101.2,242.4,0.708,9.637
2026-06-19,12:01:54,101.2,242.4,0.708,9.637
2026-06-19,12:01:55,101.2,242.4,0.708,9.637
2026-06-19,12:01:56,101.2,242.4,0.708,9.637
2026-06-19,12:01:57,101.2,242.4,0.708,9.637
2026-06-19,12:01:58,101.2,242.4,0.708,9.637
2026-06-19,12:01:59,101.2,242.4,0.708,9.637
2026-06-19,12:02:00,101.2,242.4,0.708,9.637
2026-06-19,12:02:01,101.2,242.4,0.708,9.637
2026-06-19,12:02:02,101.2,242.4,0.708,9.637
2026-06-19,12:02:03,101.2,242.4,0.708,9.637
2026-06-19,12:02:04,101.2,242.4,0.708,9.637
2026-06-19,12:02:05,101.2,242.4,0.708,9.637
2026-06-19,12:02:06,101.2,242.4,0.708,9.637
2026-06-19,12:02:07,101.2,242.4,0.708,9.637
2026-06-19,12:02:08,101.2,242.4,0.708,9.637
2026-06-19,12:02:09,101.2,242.4,0.708,9.637
2026-06-19,12:02:10,101.2,242.4,0.708,9.637
2026-06-19,12:02:11,101.2,242.4,0.708,9.637
2026-06-19,12:02:12,101.2,242.4,0.708,9.637
2026-06-19,12:02:13,101.2,242.4,0.708,9.637
2026-06-19,12:02:14,101.2,242.4,0.708,9.637
2026-06-19,12:02:15,101.2,242.4,0.708,9.637
2026-06-19,12:02:16,101.2,242.4,0.708,9.637
2026-06-19,12:02:17,101.2,242.4,0.708,9.637
2026-06-19,12:02:18,101.2,242.4,0.708,9.637
2026-06-19,12:02:19,101.2,242.4,0.708,9.637
2026-06-19,12:02:20,101.2,242.4,0.708,9.637
2026-06-19,12:02:21,101.2,242.4,0.708,9.637
2026-06-19,12:02:22,101.2,242.4,0.708,9.637
2026-06-19,12:02:23,101.2,242.4,0.708,9.637
2026-06-19,12:02:24,101.2,242.4,0.708,9.637
2026-06-19,12:02:25,101.2,242.4,0.708,9.637
2026-06-19,12:02:26,101.2,242.4,0.708,9.637
2026-06-19,12:02:27,101.2,242.4,0.708,9.637
2026-06-19,12:02:28,101.2,242.4,0.708,9.637
2026-06-19,12:02:29,101.2,242.4,0.708,9.637
2026-06-19,12:02:30,101.2,242.4,0.708,9.637
2026-06-19,12:02:31,101.2,242.4,0.708,9.637
2026-06-19,12:02:32,101.2,242.4,0.708,9.637
2026-06-19,12:02:33,101.2,242.4,0.708,9.637
2026-06-19,12:02:34,101.2,242.4,0.708,9.637
2026-06-19,12:02:35,101.2,242.4,0.708,9.637
2026-06-19,12:02:36,101.2,242.4,0.708,9.637
2026-06-19,12:02:37,101.2,242.4,0.708,9.637
2026-06-19,12:02:38,101.2,242.4,0.708,9.637
2026-06-19,12:02:39,101.2,242.4,0.708,9.637
2026-06-19,12:02:40,101.2,242.4,0.708,9.637
2026-06-19,12:02:41,101.2,242.4,0.708,9.637
2026-06-19,12:02:42,101.2,242.4,0.708,9.637
2026-06-19,12:02:43,101.2,242.4,0.708,9.637
2026-06-19,12:02:44,101.2,242.4,0.708,9.637
2026-06-19,12:02:45,101.2,242.4,0.708,9.637
2026-06-19,12:02:46,101.2,242.4,0.708,9.637
2026-06-19,12:02:47,101.2,242.4,0.708,9.637
2026-06-19,12:02:48,101.2,242.4,0.708,9.637
2026-06-19,12:02:49,101.2,242.4,0.708,9.637
2026-06-19,12:02:50,101.2,242.4,0.708,9.637
2026-06-19,12:02:51,101.2,242.4,0.708,9.637
2026-06-19,12:02:52,101.2,242.4,0.708,9.637
2026-06-19,12:02:53,101.2,242.4,0.708,9.637
2026-06-19,12:02:54,101.2,242.4,0.708,9.637
2026-06-19,12:02:55,101.2,242.4,0.708,9.637
2026-06-19,12:02:56,101.2,242.4,0.708,9.637
2026-06-19,12:02:57,101.2,242.4,0.708,9.637
2026-06-19,12:02:58,101.2,242.4,0.708,9.637
2026-06-19,12:02:59,101.2,242.4,0.708,9.637
2026-06-19,12:03:00,101.2,242.4,0.708,9.637
2026-06-19,12:03:01,101.2,242.4,0.708,9.637
2026-06-19,12:03:02,101.2,242.4,0.708,9.637
2026-06-19,12:03:03,101.2,242.4,0.708,9.637
2026-06-19,12:03:04,101.2,242.4,0.708,9.637
2026-06-19,12:03:05,101.2,242.4,0.708,9.637
2026-06-19,12:03:06,101.2,242.4,0.708,9.637
2026-06-19,12:03:07,101.2,242.4,0.708,9.637
2026-06-19,12:03:08,101.2,242.4,0.708,9.637
2026-06-19,12:03:09,101.2,242.4,0.708,9.637
2026-06-19,12:03:10,101.2,242.4,0.708,9.637
2026-06-19,12:03:11,101.2,242.4,0.708,9.637
2026-06-19,12:03:12,101.2,242.4,0.708,9.637
2026-06-19,12:03:13,101.2,242.4,0.708,9.637
2026-06-19,12:03:14,101.2,242.4,0.708,9.637
2026-06-19,12:03:15,101.2,242.4,0.708,9.637
2026-06-19,12:03:16,101.2,242.4,0.708,9.637
2026-06-19,12:03:17,101.2,242.4,0.708,9.637
2026-06-19,12:03:18,101.2,242.4,0.708,9.637
2026-06-19,12:03:19,101.2,242.4,0.708,9.637
2026-06-19,12:03:20,101.2,242.4,0.708,9.637
2026-06-19,12:03:21,101.2,242.4,0.708,9.637
2026-06-19,12:03:22,101.2,242.4,0.708,9.637
2026-06-19,12:03:23,101.2,242.4,0.708,9.637
2026-06-19,12:03:24,101.2,242.4,0.708,9.637
2026-06-19,12:03:25,101.2,242.4,0.708,9.637
2026-06-19,12:03:26,101.2,242.4,0.708,9.637
2026-06-19,12:03:27,101.2,242.4,0.708,9.637
2026-06-19,12:03:28,101.2,242.4,0.708,9.637
2026-06-19,12:03:29,101.2,242.4,0.708,9.637
2026-06-19,12:03:30,101.2,242.4,0.708,9.637
2026-06-19,12:03:31,101.2,242.4,0.708,9.637
2026-06-19,12:03:32,101.2,242.4,0.708,9.637
2026-06-19,12:03:33,101.2,242.4,0.708,9.637
2026-06-19,12:03:34,101.2,242.4,0.708,9.637
2026-06-19,12:03:35,101.2,242.4,0.708,9.637
2026-06-19,12:03:36,101.2,242.4,0.708,9.637
2026-06-19,12:03:37,101.2,242.4,0.708,9.637
2026-06-19,12:03:38,101.2,242.4,0.708,9.637
2026-06-19,12:03:39,101.2,242.4,0.708,9.637
2026-06-19,12:03:40,101.2,242.4,0.708,9.637
2026-06-19,12:03:41,101.2,242.4,0.708,9.637
2026-06-19,12:03:42,101.2,242.4,0.708,9.637
2026-06-19,12:03:43,101.2,242.4,0.708,9.637
2026-06-19,12:03:44,101.2,242.4,0.708,9.637
2026-06-19,12:03:45,101.2,242.4,0.708,9.637
2026-06-19,12:03:46,101.2,242.4,0.708,9.637
2026-06-19,12:03:47,101.2,242.4,0.708,9.637
2026-06-19,12:03:48,101.2,242.4,0.708,9.637
2026-06-19,12:03:49,101.2,242.4,0.708,9.637
2026-06-19,12:03:50,101.2,242.4,0.708,9.637
2026-06-19,12:03:51,101.2,242.4,0.708,9.637
2026-06-19,12:03:52,101.2,242.4,0.708,9.637
2026-06-19,12:03:53,101.2,242.4,0.708,9.637
2026-06-19,12:03:54,101.2,242.4,0.708,9.637
2026-06-19,12:03:55,101.2,242.4,0.708,9.637
2026-06-19,12:03:56,101.2,242.4,0.708,9.637
2026-06-19,12:03:58,101.2,242.4,0.708,9.637
2026-06-19,12:03:59,101.2,242.4,0.708,9.637
2026-06-19,12:04:00,101.2,242.4,0.708,9.637
2026-06-19,12:04:01,101.2,242.4,0.708,9.637
2026-06-19,12:04:02,101.2,242.4,0.708,9.637
2026-06-19,12:04:03,101.2,242.4,0.708,9.637
2026-06-19,12:04:04,101.2,242.4,0.708,9.637
2026-06-19,12:04:05,101.2,242.4,0.708,9.637
2026-06-19,12:04:06,101.2,242.4,0.708,9.637
2026-06-19,12:04:07,101.2,242.4,0.708,9.637
2026-06-19,12:04:08,101.2,242.4,0.708,9.637
2026-06-19,12:04:09,101.2,242.4,0.708,9.637
2026-06-19,12:04:10,101.2,242.4,0.708,9.637
2026-06-19,12:04:11,101.2,242.4,0.708,9.637
2026-06-19,12:04:12,101.2,242.4,0.708,9.637
2026-06-19,12:04:13,101.2,242.4,0.708,9.637
2026-06-19,12:04:14,101.2,242.4,0.708,9.637
2026-06-19,12:04:15,101.2,242.4,0.708,9.637
2026-06-19,12:04:16,101.2,242.4,0.708,9.637
2026-06-19,12:04:17,101.2,242.4,0.708,9.637
2026-06-19,12:04:18,101.2,242.4,0.708,9.637
2026-06-19,12:04:19,101.2,242.4,0.708,9.637
2026-06-19,12:04:20,101.2,242.4,0.708,9.637
2026-06-19,12:04:21,101.2,242.4,0.708,9.637
2026-06-19,12:04:22,101.2,242.4,0.708,9.637
2026-06-19,12:04:23,101.2,242.4,0.708,9.637
2026-06-19,12:04:24,101.2,242.4,0.708,9.637
2026-06-19,12:04:25,101.2,242.4,0.708,9.637
2026-06-19,12:04:26,101.2,242.4,0.708,9.637
2026-06-19,12:04:27,101.2,242.4,0.708,9.637
2026-06-19,12:04:28,101.2,242.4,0.708,9.637
2026-06-19,12:04:29,101.2,242.4,0.708,9.637
2026-06-19,12:04:30,101.2,242.4,0.708,9.637
2026-06-19,12:04:31,101.2,242.4,0.708,9.637
2026-06-19,12:04:32,101.2,242.4,0.708,9.637
2026-06-19,12:04:33,101.2,242.4,0.708,9.637
2026-06-19,12:04:34,101.2,242.4,0.708,9.637
2026-06-19,12:04:35,101.2,242.4,0.708,9.637
2026-06-19,12:04:36,101.2,242.4,0.708,9.637
2026-06-19,12:04:37,101.2,242.4,0.708,9.637
2026-06-19,12:04:38,101.2,242.4,0.708,9.637
2026-06-19,12:04:39,101.2,242.4,0.708,9.637
2026-06-19,12:04:40,101.2,242.4,0.708,9.637
2026-06-19,12:04:41,101.2,242.4,0.708,9.637
2026-06-19,12:04:42,101.2,242.4,0.708,9.637
2026-06-19,12:04:43,101.2,242.4,0.708,9.637
2026-06-19,12:04:44,101.2,242.4,0.708,9.637
2026-06-19,12:04:45,101.2,242.4,0.708,9.637
2026-06-19,12:04:46,101.2,242.4,0.708,9.637
2026-06-19,12:04:47,101.2,242.4,0.708,9.637
2026-06-19,12:04:48,101.2,242.4,0.708,9.637
2026-06-19,12:04:49,101.2,242.4,0.708,9.637
2026-06-19,12:04:50,101.2,242.4,0.708,9.637
2026-06-19,12:04:51,101.2,242.4,0.708,9.637
2026-06-19,12:04:52,101.2,242.4,0.708,9.637
2026-06-19,12:04:53,101.2,242.4,0.708,9.637
2026-06-19,12:04:54,101.2,242.4,0.708,9.637
2026-06-19,12:04:55,101.2,242.4,0.708,9.637
2026-06-19,12:04:56,101.2,242.4,0.708,9.637
2026-06-19,12:04:57,101.2,242.4,0.708,9.637
2026-06-19,12:04:58,101.2,242.4,0.708,9.637
2026-06-19,12:04:59,101.2,242.4,0.708,9.637
2026-06-19,12:05:00,101.2,242.4,0.708,9.637
2026-06-19,12:05:01,101.2,242.4,0.708,9.637
2026-06-19,12:05:02,101.2,242.4,0.708,9.637
2026-06-19,12:05:03,101.2,242.4,0.708,9.637
2026-06-19,12:05:04,101.2,242.4,0.708,9.637
2026-06-19,12:05:05,101.2,242.4,0.708,9.637
2026-06-19,12:05:06,101.2,242.4,0.708,9.637
2026-06-19,12:05:07,101.2,242.4,0.708,9.637
2026-06-19,12:05:08,101.2,242.4,0.708,9.637
2026-06-19,12:05:09,101.2,242.4,0.708,9.637
2026-06-19,12:05:10,101.2,242.4,0.708,9.637
2026-06-19,12:05:11,101.2,242.4,0.708,9.637
2026-06-19,12:05:12,101.2,242.4,0.708,9.637
2026-06-19,12:05:13,101.2,242.4,0.708,9.637
2026-06-19,12:05:14,101.2,242.4,0.708,9.637
2026-06-19,12:05:15,101.2,242.4,0.708,9.637
2026-06-19,12:05:16,101.2,242.4,0.708,9.637
2026-06-19,12:05:17,101.2,242.4,0.708,9.637
2026-06-19,12:05:18,101.2,242.4,0.708,9.637
2026-06-19,12:05:19,101.2,242.4,0.708,9.637
2026-06-19,12:05:20,101.2,242.4,0.708,9.637
2026-06-19,12:05:21,101.2,242.4,0.708,9.637
2026-06-19,12:05:22,101.2,242.4,0.708,9.637
2026-06-19,12:05:23,101.2,242.4,0.708,9.637
2026-06-19,12:05:24,101.2,242.4,0.708,9.637
2026-06-19,12:05:25,101.2,242.4,0.708,9.637
2026-06-19,12:05:26,101.2,242.4,0.708,9.637
2026-06-19,12:05:27,101.2,242.4,0.708,9.637
2026-06-19,12:05:28,101.2,242.4,0.708,9.637
2026-06-19,12:05:29,101.2,242.4,0.708,9.637
2026-06-19,12:05:30,101.2,242.4,0.708,9.637
2026-06-19,12:05:31,101.2,242.4,0.708,9.637
2026-06-19,12:05:32,101.2,242.4,0.708,9.637
2026-06-19,12:05:33,101.2,242.4,0.708,9.637
2026-06-19,12:05:34,101.2,242.4,0.708,9.637
2026-06-19,12:05:35,101.2,242.4,0.708,9.637
2026-06-19,12:05:36,101.2,242.4,0.708,9.637
2026-06-19,12:05:37,101.2,242.4,0.708,9.637
2026-06-19,12:05:38,101.2,242.4,0.708,9.637
2026-06-19,12:05:39,101.2,242.4,0.708,9.637
2026-06-19,12:05:40,101.2,242.4,0.708,9.637
2026-06-19,12:05:41,101.2,242.4,0.708,9.637
2026-06-19,12:05:42,101.2,242.4,0.708,9.637
2026-06-19,12:05:43,101.2,242.4,0.708,9.637
2026-06-19,12:05:44,101.2,242.4,0.708,9.637
2026-06-19,12:05:45,101.2,242.4,0.708,9.637
2026-06-19,12:05:46,101.2,242.4,0.708,9.637
2026-06-19,12:05:47,101.2,242.4,0.708,9.637
2026-06-19,12:05:48,101.2,242.4,0.708,9.637
2026-06-19,12:05:49,101.2,242.4,0.708,9.637
2026-06-19,12:05:50,101.2,242.4,0.708,9.637
2026-06-19,12:05:51,101.2,242.4,0.708,9.637
2026-06-19,12:05:52,101.2,242.4,0.708,9.637
2026-06-19,12:05:53,101.2,242.4,0.708,9.637
2026-06-19,12:05:54,101.2,242.4,0.708,9.637
2026-06-19,12:05:55,101.2,242.4,0.708,9.637
2026-06-19,12:05:56,101.2,242.4,0.708,9.637
2026-06-19,12:05:57,101.2,242.4,0.708,9.637
2026-06-19,12:05:58,101.2,242.4,0.708,9.637
2026-06-19,12:05:59,101.2,242.4,0.708,9.637
2026-06-19,12:06:00,101.2,242.4,0.708,9.637
2026-06-19,12:06:01,101.2,242.4,0.708,9.637
2026-06-19,12:06:02,101.2,242.4,0.708,9.637
2026-06-19,12:06:03,101.2,242.4,0.708,9.637
2026-06-19,12:06:04,101.2,242.4,0.708,9.637
2026-06-19,12:06:05,101.2,242.4,0.708,9.637
2026-06-19,12:06:06,101.2,242.4,0.708,9.637
2026-06-19,12:06:07,101.2,242.4,0.708,9.637
2026-06-19,12:06:08,101.2,242.4,0.708,9.637
2026-06-19,12:06:09,101.2,242.4,0.708,9.637
2026-06-19,12:06:10,101.2,242.4,0.708,9.637
2026-06-19,12:06:11,101.2,242.4,0.708,9.637
2026-06-19,12:06:12,101.2,242.4,0.708,9.637
2026-06-19,12:06:13,101.2,242.4,0.708,9.637
2026-06-19,12:06:14,101.2,242.4,0.708,9.637
2026-06-19,12:06:15,101.2,242.4,0.708,9.637
2026-06-19,12:06:16,101.2,242.4,0.708,9.637
2026-06-19,12:06:17,101.2,242.4,0.708,9.637
2026-06-19,12:06:18,101.2,242.4,0.708,9.637
2026-06-19,12:06:19,101.2,242.4,0.708,9.637
2026-06-19,12:06:20,101.2,242.4,0.708,9.637
2026-06-19,12:06:21,101.2,242.4,0.708,9.637
2026-06-19,12:06:22,101.2,242.4,0.708,9.637
2026-06-19,12:06:23,101.2,242.4,0.708,9.637
2026-06-19,12:06:24,101.2,242.4,0.708,9.637
2026-06-19,12:06:25,101.2,242.4,0.708,9.637
2026-06-19,12:06:26,101.2,242.4,0.708,9.637
2026-06-19,12:06:27,101.2,242.4,0.708,9.637
2026-06-19,12:06:28,101.2,242.4,0.708,9.637
2026-06-19,12:06:29,101.2,242.4,0.708,9.637
2026-06-19,12:06:30,101.2,242.4,0.708,9.637
2026-06-19,12:06:31,101.2,242.4,0.708,9.637
2026-06-19,12:06:32,101.2,242.4,0.708,9.637
2026-06-19,12:06:33,101.2,242.4,0.708,9.637
2026-06-19,12:06:34,101.2,242.4,0.708,9.637
2026-06-19,12:06:35,101.2,242.4,0.708,9.637
2026-06-19,12:06:36,101.2,242.4,0.708,9.637
2026-06-19,12:06:37,101.2,242.4,0.708,9.637
2026-06-19,12:06:38,101.2,242.4,0.708,9.637
2026-06-19,12:06:39,101.2,242.4,0.708,9.637
2026-06-19,12:06:40,101.2,242.4,0.708,9.637
2026-06-19,12:06:41,101.2,242.4,0.708,9.637
2026-06-19,12:06:42,101.2,242.4,0.708,9.637
2026-06-19,12:06:43,101.2,242.4,0.708,9.637
2026-06-19,12:06:44,101.2,242.4,0.708,9.637
2026-06-19,12:06:45,101.2,242.4,0.708,9.637
2026-06-19,12:06:46,101.2,242.4,0.708,9.637
2026-06-19,12:06:47,101.2,242.4,0.708,9.637
2026-06-19,12:06:49,101.2,242.4,0.708,9.637
2026-06-19,12:06:50,101.2,242.4,0.708,9.637
2026-06-19,12:06:51,101.2,242.4,0.708,9.637
2026-06-19,12:06:52,101.2,242.4,0.708,9.637
2026-06-19,12:06:53,101.2,242.4,0.708,9.637
2026-06-19,12:06:54,101.2,242.4,0.708,9.637
2026-06-19,12:06:55,101.2,242.4,0.708,9.637
2026-06-19,12:06:56,101.2,242.4,0.708,9.637
2026-06-19,12:06:57,101.2,242.4,0.708,9.637
2026-06-19,12:06:58,101.2,242.4,0.708,9.637
2026-06-19,12:06:59,101.2,242.4,0.708,9.637
2026-06-19,12:07:00,101.2,242.4,0.708,9.637
2026-06-19,12:07:01,101.2,242.4,0.708,9.637
2026-06-19,12:07:02,101.2,242.4,0.708,9.637
2026-06-19,12:07:03,101.2,242.4,0.708,9.637
2026-06-19,12:07:04,101.2,242.4,0.708,9.637
2026-06-19,12:07:05,101.2,242.4,0.708,9.637
2026-06-19,12:07:06,101.2,242.4,0.708,9.637
2026-06-19,12:07:07,101.2,242.4,0.708,9.637
2026-06-19,12:07:08,101.2,242.4,0.708,9.637
2026-06-19,12:07:09,101.2,242.4,0.708,9.637
2026-06-19,12:07:10,101.2,242.4,0.708,9.637
2026-06-19,12:07:11,101.2,242.4,0.708,9.637
2026-06-19,12:07:12,101.2,242.4,0.708,9.637
2026-06-19,12:07:13,101.2,242.4,0.708,9.637
2026-06-19,12:07:14,101.2,242.4,0.708,9.637
2026-06-19,12:07:15,101.2,242.4,0.708,9.637
2026-06-19,12:07:16,101.2,242.4,0.708,9.637
2026-06-19,12:07:17,101.2,242.4,0.708,9.637
2026-06-19,12:07:18,101.2,242.4,0.708,9.637
2026-06-19,12:07:19,101.2,242.4,0.708,9.637
2026-06-19,12:07:20,101.2,242.4,0.708,9.637
2026-06-19,12:07:21,101.2,242.4,0.708,9.637
2026-06-19,12:07:22,101.2,242.4,0.708,9.637
2026-06-19,12:07:23,101.2,242.4,0.708,9.637
2026-06-19,12:07:24,101.2,242.4,0.708,9.637
2026-06-19,12:07:25,101.2,242.4,0.708,9.637
2026-06-19,12:07:26,101.2,242.4,0.708,9.637
2026-06-19,12:07:27,101.2,242.4,0.708,9.637
2026-06-19,12:07:28,101.2,242.4,0.708,9.637
2026-06-19,12:07:29,101.2,242.4,0.708,9.637
2026-06-19,12:07:30,101.2,242.4,0.708,9.637
2026-06-19,12:07:31,101.2,242.4,0.708,9.637
2026-06-19,12:07:32,101.2,242.4,0.708,9.637
2026-06-19,12:07:33,101.2,242.4,0.708,9.637
2026-06-19,12:07:34,101.2,242.4,0.708,9.637
2026-06-19,12:07:35,101.2,242.4,0.708,9.637
2026-06-19,12:07:36,101.2,242.4,0.708,9.637
2026-06-19,12:07:37,101.2,242.4,0.708,9.637
2026-06-19,12:07:38,101.2,242.4,0.708,9.637
2026-06-19,12:07:39,101.2,242.4,0.708,9.637
2026-06-19,12:07:40,101.2,242.4,0.708,9.637
2026-06-19,12:07:41,101.2,242.4,0.708,9.637
2026-06-19,12:07:42,101.2,242.4,0.708,9.637
2026-06-19,12:07:43,101.2,242.4,0.708,9.637
2026-06-19,12:07:44,101.2,242.4,0.708,9.637
2026-06-19,12:07:45,101.2,242.4,0.708,9.637
2026-06-19,12:07:46,101.2,242.4,0.708,9.637
2026-06-19,12:07:47,101.2,242.4,0.708,9.637
2026-06-19,12:07:48,101.2,242.4,0.708,9.637
2026-06-19,12:07:49,101.2,242.4,0.708,9.637
2026-06-19,12:07:50,101.2,242.4,0.708,9.637
2026-06-19,12:07:51,101.2,242.4,0.708,9.637
2026-06-19,12:07:52,101.2,242.4,0.708,9.637
2026-06-19,12:07:53,101.2,242.4,0.708,9.637
2026-06-19,12:07:54,101.2,242.4,0.708,9.637
2026-06-19,12:07:55,101.2,242.4,0.708,9.637
2026-06-19,12:07:56,101.2,242.4,0.708,9.637
2026-06-19,12:07:57,101.2,242.4,0.708,9.637
2026-06-19,12:07:58,101.2,242.4,0.708,9.637
2026-06-19,12:07:59,101.2,242.4,0.708,9.637
2026-06-19,12:08:00,101.2,242.4,0.708,9.637
2026-06-19,12:08:01,101.2,242.4,0.708,9.637
2026-06-19,12:08:02,101.2,242.4,0.708,9.637
2026-06-19,12:08:03,101.2,242.4,0.708,9.637
2026-06-19,12:08:04,101.2,242.4,0.708,9.637
2026-06-19,12:08:05,101.2,242.4,0.708,9.637
2026-06-19,12:08:06,101.2,242.4,0.708,9.637
2026-06-19,12:08:07,101.2,242.4,0.708,9.637
2026-06-19,12:08:08,101.2,242.4,0.708,9.637
2026-06-19,12:08:09,101.2,242.4,0.708,9.637
2026-06-19,12:08:10,101.2,242.4,0.708,9.637
2026-06-19,12:08:11,101.2,242.4,0.708,9.637
2026-06-19,12:08:12,101.2,242.4,0.708,9.637
2026-06-19,12:08:13,101.2,242.4,0.708,9.637
2026-06-19,12:08:14,101.2,242.4,0.708,9.637
2026-06-19,12:08:15,101.2,242.4,0.708,9.637
2026-06-19,12:08:16,101.2,242.4,0.708,9.637
2026-06-19,12:08:17,101.2,242.4,0.708,9.637
2026-06-19,12:08:18,101.2,242.4,0.708,9.637
2026-06-19,12:08:19,101.2,242.4,0.708,9.637
2026-06-19,12:08:20,101.2,242.4,0.708,9.637
2026-06-19,12:08:21,101.2,242.4,0.708,9.637
2026-06-19,12:08:22,101.2,242.4,0.708,9.637
2026-06-19,12:08:23,101.2,242.4,0.708,9.637
2026-06-19,12:08:24,101.2,242.4,0.708,9.637
2026-06-19,12:08:25,101.2,242.4,0.708,9.637
2026-06-19,12:08:26,101.2,242.4,0.708,9.637
2026-06-19,12:08:27,101.2,242.4,0.708,9.637
2026-06-19,12:08:28,101.2,242.4,0.708,9.637
2026-06-19,12:08:29,101.2,242.4,0.708,9.637
2026-06-19,12:08:30,101.2,242.4,0.708,9.637
2026-06-19,12:08:31,101.2,242.4,0.708,9.637
2026-06-19,12:08:32,101.2,242.4,0.708,9.637
2026-06-19,12:08:33,101.2,242.4,0.708,9.637
2026-06-19,12:08:34,101.2,242.4,0.708,9.637
2026-06-19,12:08:35,101.2,242.4,0.708,9.637
2026-06-19,12:08:36,101.2,242.4,0.708,9.637
2026-06-19,12:08:37,101.2,242.4,0.708,9.637
2026-06-19,12:08:38,101.2,242.4,0.708,9.637
2026-06-19,12:08:39,101.2,242.4,0.708,9.637
2026-06-19,12:08:40,101.2,242.4,0.708,9.637
2026-06-19,12:08:41,101.2,242.4,0.708,9.637
2026-06-19,12:08:42,101.2,242.4,0.708,9.637
2026-06-19,12:08:43,101.2,242.4,0.708,9.637
2026-06-19,12:08:44,101.2,242.4,0.708,9.637
2026-06-19,12:08:45,101.2,242.4,0.708,9.637
2026-06-19,12:08:46,101.2,242.4,0.708,9.637
2026-06-19,12:08:47,101.2,242.4,0.708,9.637
2026-06-19,12:08:48,101.2,242.4,0.708,9.637
2026-06-19,12:08:49,101.2,242.4,0.708,9.637
2026-06-19,12:08:50,101.2,242.4,0.708,9.637
2026-06-19,12:08:51,101.2,242.4,0.708,9.637
2026-06-19,12:08:52,101.2,242.4,0.708,9.637
2026-06-19,12:08:53,101.2,242.4,0.708,9.637
2026-06-19,12:08:54,101.2,242.4,0.708,9.637
2026-06-19,12:08:55,101.2,242.4,0.708,9.637
2026-06-19,12:08:56,101.2,242.4,0.708,9.637
2026-06-19,12:08:57,101.2,242.4,0.708,9.637
2026-06-19,12:08:58,101.2,242.4,0.708,9.637
2026-06-19,12:08:59,101.2,242.4,0.708,9.637
2026-06-19,12:09:00,101.2,242.4,0.708,9.637
2026-06-19,12:09:01,101.2,242.4,0.708,9.637
2026-06-19,12:09:02,101.2,242.4,0.708,9.637
2026-06-19,12:09:03,101.2,242.4,0.708,9.637
2026-06-19,12:09:04,101.2,242.4,0.708,9.637
2026-06-19,12:09:05,101.2,242.4,0.708,9.637
2026-06-19,12:09:06,101.2,242.4,0.708,9.637
2026-06-19,12:09:07,101.2,242.4,0.708,9.637
2026-06-19,12:09:08,101.2,242.4,0.708,9.637
2026-06-19,12:09:09,101.2,242.4,0.708,9.637
2026-06-19,12:09:10,101.2,242.4,0.708,9.637
2026-06-19,12:09:11,101.2,242.4,0.708,9.637
2026-06-19,12:09:12,101.2,242.4,0.708,9.637
2026-06-19,12:09:13,101.2,242.4,0.708,9.637
2026-06-19,12:09:14,101.2,242.4,0.708,9.637
2026-06-19,12:09:15,101.2,242.4,0.708,9.637
2026-06-19,12:09:16,101.2,242.4,0.708,9.637
2026-06-19,12:09:17,101.2,242.4,0.708,9.637
2026-06-19,12:09:18,101.2,242.4,0.708,9.637
2026-06-19,12:09:19,101.2,242.4,0.708,9.637
2026-06-19,12:09:20,101.2,242.4,0.708,9.637
2026-06-19,12:09:21,101.2,242.4,0.708,9.637
2026-06-19,12:09:22,101.2,242.4,0.708,9.637
2026-06-19,12:09:23,101.2,242.4,0.708,9.637
2026-06-19,12:09:24,101.2,242.4,0.708,9.637
2026-06-19,12:09:25,101.2,242.4,0.708,9.637
2026-06-19,12:09:26,101.2,242.4,0.708,9.637
2026-06-19,12:09:27,101.2,242.4,0.708,9.637
2026-06-19,12:09:28,101.2,242.4,0.708,9.637
2026-06-19,12:09:29,101.2,242.4,0.708,9.637
2026-06-19,12:09:30,101.2,242.4,0.708,9.637
2026-06-19,12:09:31,101.2,242.4,0.708,9.637
2026-06-19,12:09:32,101.2,242.4,0.708,9.637
2026-06-19,12:09:34,101.2,242.4,0.708,9.637
2026-06-19,12:09:35,101.2,242.4,0.708,9.637
2026-06-19,12:09:36,101.2,242.4,0.708,9.637
2026-06-19,12:09:37,101.2,242.4,0.708,9.637
2026-06-19,12:09:38,101.2,242.4,0.708,9.637
2026-06-19,12:09:39,101.2,242.4,0.708,9.637
2026-06-19,12:09:40,101.2,242.4,0.708,9.637
2026-06-19,12:09:41,101.2,242.4,0.708,9.637
2026-06-19,12:09:42,101.2,242.4,0.708,9.637
2026-06-19,12:09:43,101.2,242.4,0.708,9.637
2026-06-19,12:09:44,101.2,242.4,0.708,9.637
2026-06-19,12:09:45,101.2,242.4,0.708,9.637
2026-06-19,12:09:46,101.2,242.4,0.708,9.637
2026-06-19,12:09:47,101.2,242.4,0.708,9.637
2026-06-19,12:09:48,101.2,242.4,0.708,9.637
2026-06-19,12:09:49,101.2,242.4,0.708,9.637
2026-06-19,12:09:50,101.2,242.4,0.708,9.637
2026-06-19,12:09:51,101.2,242.4,0.708,9.637
2026-06-19,12:09:52,101.2,242.4,0.708,9.637
2026-06-19,12:09:53,101.2,242.4,0.708,9.637
2026-06-19,12:09:54,101.2,242.4,0.708,9.637
2026-06-19,12:09:55,101.2,242.4,0.708,9.637
2026-06-19,12:09:56,101.2,242.4,0.708,9.637
2026-06-19,12:09:57,101.2,242.4,0.708,9.637
2026-06-19,12:09:58,101.2,242.4,0.708,9.637
2026-06-19,12:09:59,101.2,242.4,0.708,9.637
2026-06-19,12:10:00,101.2,242.4,0.708,9.637
2026-06-19,12:10:01,101.2,242.4,0.708,9.637
2026-06-19,12:10:02,101.2,242.4,0.708,9.637
2026-06-19,12:10:03,101.2,242.4,0.708,9.637
2026-06-19,12:10:04,101.2,242.4,0.708,9.637
2026-06-19,12:10:05,101.2,242.4,0.708,9.637
2026-06-19,12:10:06,101.2,242.4,0.708,9.637
2026-06-19,12:10:07,101.2,242.4,0.708,9.637
2026-06-19,12:10:08,101.2,242.4,0.708,9.637
2026-06-19,12:10:09,101.2,242.4,0.708,9.637
2026-06-19,12:10:10,101.2,242.4,0.708,9.637
2026-06-19,12:10:11,101.2,242.4,0.708,9.637
2026-06-19,12:10:12,101.2,242.4,0.708,9.637
2026-06-19,12:10:13,101.2,242.4,0.708,9.637
2026-06-19,12:10:14,101.2,242.4,0.708,9.637
2026-06-19,12:10:15,101.2,242.4,0.708,9.637
2026-06-19,12:10:16,101.2,242.4,0.708,9.637
2026-06-19,12:10:17,101.2,242.4,0.708,9.637
2026-06-19,12:10:18,101.2,242.4,0.708,9.637
2026-06-19,12:10:19,101.2,242.4,0.708,9.637
2026-06-19,12:10:20,101.2,242.4,0.708,9.637
2026-06-19,12:10:21,101.2,242.4,0.708,9.637
2026-06-19,12:10:22,101.2,242.4,0.708,9.637
2026-06-19,12:10:23,101.2,242.4,0.708,9.637
2026-06-19,12:10:24,101.2,242.4,0.708,9.637
2026-06-19,12:10:25,101.2,242.4,0.708,9.637
2026-06-19,12:10:26,101.2,242.4,0.708,9.637
2026-06-19,12:10:27,101.2,242.4,0.708,9.637
2026-06-19,12:10:28,101.2,242.4,0.708,9.637
2026-06-19,12:10:29,101.2,242.4,0.708,9.637
2026-06-19,12:10:30,101.2,242.4,0.708,9.637
2026-06-19,12:10:31,101.2,242.4,0.708,9.637
2026-06-19,12:10:32,101.2,242.4,0.708,9.637
2026-06-19,12:10:33,101.2,242.4,0.708,9.637
2026-06-19,12:10:34,101.2,242.4,0.708,9.637
2026-06-19,12:10:35,101.2,242.4,0.708,9.637
2026-06-19,12:10:36,101.2,242.4,0.708,9.637
2026-06-19,12:10:37,101.2,242.4,0.708,9.637
2026-06-19,12:10:38,101.2,242.4,0.708,9.637
2026-06-19,12:10:39,101.2,242.4,0.708,9.637
2026-06-19,12:10:40,101.2,242.4,0.708,9.637
2026-06-19,12:10:41,101.2,242.4,0.708,9.637
2026-06-19,12:10:42,101.2,242.4,0.708,9.637
2026-06-19,12:10:43,101.2,242.4,0.708,9.637
2026-06-19,12:10:44,101.2,242.4,0.708,9.637
2026-06-19,12:10:45,101.2,242.4,0.708,9.637
2026-06-19,12:10:46,101.2,242.4,0.708,9.637
2026-06-19,12:10:47,101.2,242.4,0.708,9.637
2026-06-19,12:10:48,101.2,242.4,0.708,9.637
2026-06-19,12:10:49,101.2,242.4,0.708,9.637
2026-06-19,12:10:50,101.2,242.4,0.708,9.637
2026-06-19,12:10:51,101.2,242.4,0.708,9.637
2026-06-19,12:10:52,101.2,242.4,0.708,9.637
2026-06-19,12:10:53,101.2,242.4,0.708,9.637
2026-06-19,12:10:54,101.2,242.4,0.708,9.637
2026-06-19,12:10:55,101.2,242.4,0.708,9.637
2026-06-19,12:10:56,101.2,242.4,0.708,9.637
2026-06-19,12:10:57,101.2,242.4,0.708,9.637
2026-06-19,12:10:58,101.2,242.4,0.708,9.637
2026-06-19,12:10:59,101.2,242.4,0.708,9.637
2026-06-19,12:11:00,101.2,242.4,0.708,9.637
2026-06-19,12:11:01,101.2,242.4,0.708,9.637
2026-06-19,12:11:02,101.2,242.4,0.708,9.637
2026-06-19,12:11:03,101.2,242.4,0.708,9.637
2026-06-19,12:11:04,101.2,242.4,0.708,9.637
2026-06-19,12:11:05,101.2,242.4,0.708,9.637
2026-06-19,12:11:06,101.2,242.4,0.708,9.637
2026-06-19,12:11:07,101.2,242.4,0.708,9.637
2026-06-19,12:11:08,101.2,242.4,0.708,9.637
2026-06-19,12:11:09,101.2,242.4,0.708,9.637
2026-06-19,12:11:10,101.2,242.4,0.708,9.637
2026-06-19,12:11:11,101.2,242.4,0.708,9.637
2026-06-19,12:11:12,101.2,242.4,0.708,9.637
2026-06-19,12:11:13,101.2,242.4,0.708,9.637
2026-06-19,12:11:14,101.2,242.4,0.708,9.637
2026-06-19,12:11:15,101.2,242.4,0.708,9.637
2026-06-19,12:11:16,101.2,242.4,0.708,9.637
2026-06-19,12:11:17,101.2,242.4,0.708,9.637
2026-06-19,12:11:18,101.2,242.4,0.708,9.637
2026-06-19,12:11:19,101.2,242.4,0.708,9.637
2026-06-19,12:11:20,101.2,242.4,0.708,9.637
2026-06-19,12:11:21,101.2,242.4,0.708,9.637
2026-06-19,12:11:22,101.2,242.4,0.708,9.637
2026-06-19,12:11:23,101.2,242.4,0.708,9.637
2026-06-19,12:11:24,101.2,242.4,0.708,9.637
2026-06-19,12:11:25,101.2,242.4,0.708,9.637
2026-06-19,12:11:26,101.2,242.4,0.708,9.637
2026-06-19,12:11:27,101.2,242.4,0.708,9.637
2026-06-19,12:11:28,101.2,242.4,0.708,9.637
2026-06-19,12:11:29,101.2,242.4,0.708,9.637
2026-06-19,12:11:30,101.2,242.4,0.708,9.637
2026-06-19,12:11:31,101.2,242.4,0.708,9.637
2026-06-19,12:11:32,101.2,242.4,0.708,9.637
2026-06-19,12:11:33,101.2,242.4,0.708,9.637
2026-06-19,12:11:34,101.2,242.4,0.708,9.637
2026-06-19,12:11:35,101.2,242.4,0.708,9.637
2026-06-19,12:11:36,101.2,242.4,0.708,9.637
2026-06-19,12:11:37,101.2,242.4,0.708,9.637
2026-06-19,12:11:38,101.2,242.4,0.708,9.637
2026-06-19,12:11:39,101.2,242.4,0.708,9.637
2026-06-19,12:11:40,101.2,242.4,0.708,9.637
2026-06-19,12:11:41,101.2,242.4,0.708,9.637
2026-06-19,12:11:42,101.2,242.4,0.708,9.637
2026-06-19,12:11:43,101.2,242.4,0.708,9.637
2026-06-19,12:11:44,101.2,242.4,0.708,9.637
2026-06-19,12:11:45,101.2,242.4,0.708,9.637
2026-06-19,12:11:46,101.2,242.4,0.708,9.637
2026-06-19,12:11:47,101.2,242.4,0.708,9.637
2026-06-19,12:11:48,101.2,242.4,0.708,9.637
2026-06-19,12:11:49,101.2,242.4,0.708,9.637
2026-06-19,12:11:50,101.2,242.4,0.708,9.637
2026-06-19,12:11:51,101.2,242.4,0.708,9.637
2026-06-19,12:11:52,101.2,242.4,0.708,9.637
2026-06-19,12:11:53,101.2,242.4,0.708,9.637
2026-06-19,12:11:54,101.2,242.4,0.708,9.637
2026-06-19,12:11:55,101.2,242.4,0.708,9.637
2026-06-19,12:11:56,101.2,242.4,0.708,9.637
2026-06-19,12:11:57,101.2,242.4,0.708,9.637
2026-06-19,12:11:58,101.2,242.4,0.708,9.637
2026-06-19,12:11:59,101.2,242.4,0.708,9.637
2026-06-19,12:12:00,101.2,242.4,0.708,9.637
2026-06-19,12:12:01,101.2,242.4,0.708,9.637
2026-06-19,12:12:02,101.2,242.4,0.708,9.637
2026-06-19,12:12:03,101.2,242.4,0.708,9.637
2026-06-19,12:12:04,101.2,242.4,0.708,9.637
2026-06-19,12:12:05,101.2,242.4,0.708,9.637
2026-06-19,12:12:06,101.2,242.4,0.708,9.637
2026-06-19,12:12:07,101.2,242.4,0.708,9.637
2026-06-19,12:12:08,101.2,242.4,0.708,9.637
2026-06-19,12:12:09,101.2,242.4,0.708,9.637
2026-06-19,12:12:10,101.2,242.4,0.708,9.637
2026-06-19,12:12:11,101.2,242.4,0.708,9.637
2026-06-19,12:12:12,101.2,242.4,0.708,9.637
2026-06-19,12:12:13,101.2,242.4,0.708,9.637
2026-06-19,12:12:14,101.2,242.4,0.708,9.637
2026-06-19,12:12:15,101.2,242.4,0.708,9.637
2026-06-19,12:12:16,101.2,242.4,0.708,9.637
2026-06-19,12:12:17,101.2,242.4,0.708,9.637
2026-06-19,12:12:19,101.2,242.4,0.708,9.637
2026-06-19,12:12:20,101.2,242.4,0.708,9.637
2026-06-19,12:12:21,101.2,242.4,0.708,9.637
2026-06-19,12:12:22,101.2,242.4,0.708,9.637
2026-06-19,12:12:23,101.2,242.4,0.708,9.637
2026-06-19,12:12:24,101.2,242.4,0.708,9.637
2026-06-19,12:12:25,101.2,242.4,0.708,9.637
2026-06-19,12:12:26,101.2,242.4,0.708,9.637
2026-06-19,12:12:27,101.2,242.4,0.708,9.637
2026-06-19,12:12:28,101.2,242.4,0.708,9.637
2026-06-19,12:12:29,101.2,242.4,0.708,9.637
2026-06-19,12:12:30,101.2,242.4,0.708,9.637
2026-06-19,12:12:31,101.2,242.4,0.708,9.637
2026-06-19,12:12:32,101.2,242.4,0.708,9.637
2026-06-19,12:12:33,101.2,242.4,0.708,9.637
2026-06-19,12:12:34,101.2,242.4,0.708,9.637
2026-06-19,12:12:35,101.2,242.4,0.708,9.637
2026-06-19,12:12:36,101.2,242.4,0.708,9.637
2026-06-19,12:12:37,101.2,242.4,0.708,9.637
2026-06-19,12:12:38,101.2,242.4,0.708,9.637
2026-06-19,12:12:39,101.2,242.4,0.708,9.637
2026-06-19,12:12:40,101.2,242.4,0.708,9.637
2026-06-19,12:12:41,101.2,242.4,0.708,9.637
2026-06-19,12:12:42,101.2,242.4,0.708,9.637
2026-06-19,12:12:43,101.2,242.4,0.708,9.637
2026-06-19,12:12:44,101.2,242.4,0.708,9.637
2026-06-19,12:12:45,101.2,242.4,0.708,9.637
2026-06-19,12:12:46,101.2,242.4,0.708,9.637
2026-06-19,12:12:47,101.2,242.4,0.708,9.637
2026-06-19,12:12:48,101.2,242.4,0.708,9.637
2026-06-19,12:12:49,101.2,242.4,0.708,9.637
2026-06-19,12:12:50,101.2,242.4,0.708,9.637
2026-06-19,12:12:51,101.2,242.4,0.708,9.637
2026-06-19,12:12:52,101.2,242.4,0.708,9.637
2026-06-19,12:12:53,101.2,242.4,0.708,9.637
2026-06-19,12:12:54,101.2,242.4,0.708,9.637
2026-06-19,12:12:55,101.2,242.4,0.708,9.637
2026-06-19,12:12:56,101.2,242.4,0.708,9.637
2026-06-19,12:12:57,101.2,242.4,0.708,9.637
2026-06-19,12:12:58,101.2,242.4,0.708,9.637
2026-06-19,12:12:59,101.2,242.4,0.708,9.637
2026-06-19,12:13:00,101.2,242.4,0.708,9.637
2026-06-19,12:13:01,101.2,242.4,0.708,9.637
2026-06-19,12:13:02,101.2,242.4,0.708,9.637
2026-06-19,12:13:03,101.2,242.4,0.708,9.637
2026-06-19,12:13:04,101.2,242.4,0.708,9.637
2026-06-19,12:13:05,101.2,242.4,0.708,9.637
2026-06-19,12:13:06,101.2,242.4,0.708,9.637
2026-06-19,12:13:07,101.2,242.4,0.708,9.637
2026-06-19,12:13:08,101.2,242.4,0.708,9.637
2026-06-19,12:13:09,101.2,242.4,0.708,9.637
2026-06-19,12:13:10,101.2,242.4,0.708,9.637
2026-06-19,12:13:11,101.2,242.4,0.708,9.637
2026-06-19,12:13:12,101.2,242.4,0.708,9.637
2026-06-19,12:13:13,101.2,242.4,0.708,9.637
2026-06-19,12:13:14,101.2,242.4,0.708,9.637
2026-06-19,12:13:15,101.2,242.4,0.708,9.637
2026-06-19,12:13:16,101.2,242.4,0.708,9.637
2026-06-19,12:13:17,101.2,242.4,0.708,9.637
2026-06-19,12:13:18,101.2,242.4,0.708,9.637
2026-06-19,12:13:19,101.2,242.4,0.708,9.637
2026-06-19,12:13:20,101.2,242.4,0.708,9.637
2026-06-19,12:13:21,101.2,242.4,0.708,9.637
2026-06-19,12:13:22,101.2,242.4,0.708,9.637
2026-06-19,12:13:23,101.2,242.4,0.708,9.637
2026-06-19,12:13:24,101.2,242.4,0.708,9.637
2026-06-19,12:13:25,101.2,242.4,0.708,9.637
2026-06-19,12:13:26,101.2,242.4,0.708,9.637
2026-06-19,12:13:27,101.2,242.4,0.708,9.637
2026-06-19,12:13:28,101.2,242.4,0.708,9.637
2026-06-19,12:13:29,101.2,242.4,0.708,9.637
2026-06-19,12:13:30,101.2,242.4,0.708,9.637
2026-06-19,12:13:31,101.2,242.4,0.708,9.637
2026-06-19,12:13:32,101.2,242.4,0.708,9.637
2026-06-19,12:13:33,101.2,242.4,0.708,9.637
2026-06-19,12:13:34,101.2,242.4,0.708,9.637
2026-06-19,12:13:35,101.2,242.4,0.708,9.637
2026-06-19,12:13:36,101.2,242.4,0.708,9.637
2026-06-19,12:13:37,101.2,242.4,0.708,9.637
2026-06-19,12:13:38,101.2,242.4,0.708,9.637
2026-06-19,12:13:39,101.2,242.4,0.708,9.637
2026-06-19,12:13:40,101.2,242.4,0.708,9.637
2026-06-19,12:13:41,101.2,242.4,0.708,9.637
2026-06-19,12:13:42,101.2,242.4,0.708,9.637
2026-06-19,12:13:43,101.2,242.4,0.708,9.637
2026-06-19,12:13:44,101.2,242.4,0.708,9.637
2026-06-19,12:13:45,101.2,242.4,0.708,9.637
2026-06-19,12:13:46,101.2,242.4,0.708,9.637
2026-06-19,12:13:47,101.2,242.4,0.708,9.637
2026-06-19,12:13:48,101.2,242.4,0.708,9.637
2026-06-19,12:13:49,101.2,242.4,0.708,9.637
2026-06-19,12:13:50,101.2,242.4,0.708,9.637
2026-06-19,12:13:51,101.2,242.4,0.708,9.637
2026-06-19,12:13:52,101.2,242.4,0.708,9.637
2026-06-19,12:13:53,101.2,242.4,0.708,9.637
2026-06-19,12:13:54,101.2,242.4,0.708,9.637
2026-06-19,12:13:55,101.2,242.4,0.708,9.637
2026-06-19,12:13:56,101.2,242.4,0.708,9.637
2026-06-19,12:13:57,101.2,242.4,0.708,9.637
2026-06-19,12:13:58,101.2,242.4,0.708,9.637
2026-06-19,12:13:59,101.2,242.4,0.708,9.637
2026-06-19,12:14:00,101.2,242.4,0.708,9.637
2026-06-19,12:14:01,101.2,242.4,0.708,9.637
2026-06-19,12:14:02,101.2,242.4,0.708,9.637
2026-06-19,12:14:03,101.2,242.4,0.708,9.637
2026-06-19,12:14:04,101.2,242.4,0.708,9.637
2026-06-19,12:14:05,101.2,242.4,0.708,9.637
2026-06-19,12:14:06,101.2,242.4,0.708,9.637
2026-06-19,12:14:07,101.2,242.4,0.708,9.637
2026-06-19,12:14:08,101.2,242.4,0.708,9.637
2026-06-19,12:14:09,101.2,242.4,0.708,9.637
2026-06-19,12:14:10,101.2,242.4,0.708,9.637
2026-06-19,12:14:11,101.2,242.4,0.708,9.637
2026-06-19,12:14:12,101.2,242.4,0.708,9.637
2026-06-19,12:14:13,101.2,242.4,0.708,9.637
2026-06-19,12:14:14,101.2,242.4,0.708,9.637
2026-06-19,12:14:15,101.2,242.4,0.708,9.637
2026-06-19,12:14:16,101.2,242.4,0.708,9.637
2026-06-19,12:14:17,101.2,242.4,0.708,9.637
2026-06-19,12:14:18,101.2,242.4,0.708,9.637
2026-06-19,12:14:19,101.2,242.4,0.708,9.637
2026-06-19,12:14:20,101.2,242.4,0.708,9.637
2026-06-19,12:14:21,101.2,242.4,0.708,9.637
2026-06-19,12:14:22,101.2,242.4,0.708,9.637
2026-06-19,12:14:23,101.2,242.4,0.708,9.637
2026-06-19,12:14:24,101.2,242.4,0.708,9.637
2026-06-19,12:14:25,101.2,242.4,0.708,9.637
2026-06-19,12:14:26,101.2,242.4,0.708,9.637
2026-06-19,12:14:27,101.2,242.4,0.708,9.637
2026-06-19,12:14:28,101.2,242.4,0.708,9.637
2026-06-19,12:14:29,101.2,242.4,0.708,9.637
2026-06-19,12:14:30,101.2,242.4,0.708,9.637
2026-06-19,12:14:31,101.2,242.4,0.708,9.637
2026-06-19,12:14:32,101.2,242.4,0.708,9.637
2026-06-19,12:14:33,101.2,242.4,0.708,9.637
2026-06-19,12:14:34,101.2,242.4,0.708,9.637
2026-06-19,12:14:35,101.2,242.4,0.708,9.637
2026-06-19,12:14:36,101.2,242.4,0.708,9.637
2026-06-19,12:14:37,101.2,242.4,0.708,9.637
2026-06-19,12:14:38,101.2,242.4,0.708,9.637
2026-06-19,12:14:39,101.2,242.4,0.708,9.637
2026-06-19,12:14:40,101.2,242.4,0.708,9.637
2026-06-19,12:14:41,101.2,242.4,0.708,9.637
2026-06-19,12:14:42,101.2,242.4,0.708,9.637
2026-06-19,12:14:43,101.2,242.4,0.708,9.637
2026-06-19,12:14:44,101.2,242.4,0.708,9.637
2026-06-19,12:14:45,101.2,242.4,0.708,9.637
2026-06-19,12:14:46,101.2,242.4,0.708,9.637
2026-06-19,12:14:47,101.2,242.4,0.708,9.637
2026-06-19,12:14:48,101.2,242.4,0.708,9.637
2026-06-19,12:14:49,101.2,242.4,0.708,9.637
2026-06-19,12:14:50,101.2,242.4,0.708,9.637
2026-06-19,12:14:51,101.2,242.4,0.708,9.637
2026-06-19,12:14:52,101.2,242.4,0.708,9.637
2026-06-19,12:14:53,101.2,242.4,0.708,9.637
2026-06-19,12:14:54,101.2,242.4,0.708,9.637
2026-06-19,12:14:55,101.2,242.4,0.708,9.637
2026-06-19,12:14:56,101.2,242.4,0.708,9.637
2026-06-19,12:14:57,101.2,242.4,0.708,9.637
2026-06-19,12:14:58,101.2,242.4,0.708,9.637
2026-06-19,12:14:59,101.2,242.4,0.708,9.637
2026-06-19,12:15:00,101.2,242.4,0.708,9.637
2026-06-19,12:15:01,101.2,242.4,0.708,9.637
2026-06-19,12:15:02,101.2,242.4,0.708,9.637
2026-06-19,12:15:03,101.2,242.4,0.708,9.637
2026-06-19,12:15:04,101.2,242.4,0.708,9.637
2026-06-19,12:15:05,101.2,242.4,0.708,9.637
2026-06-19,12:15:06,101.2,242.4,0.708,9.637
2026-06-19,12:15:07,101.2,242.4,0.708,9.637
2026-06-19,12:15:08,101.2,242.4,0.708,9.637
2026-06-19,12:15:09,101.2,242.4,0.708,9.637
2026-06-19,12:15:10,101.2,242.4,0.708,9.637
2026-06-19,12:15:11,101.2,242.4,0.708,9.637
2026-06-19,12:15:12,101.2,242.4,0.708,9.637
2026-06-19,12:15:13,101.2,242.4,0.708,9.637
2026-06-19,12:15:14,101.2,242.4,0.708,9.637
2026-06-19,12:15:16,101.2,242.4,0.708,9.637
2026-06-19,12:15:17,101.2,242.4,0.708,9.637
2026-06-19,12:15:18,101.2,242.4,0.708,9.637
2026-06-19,12:15:19,101.2,242.4,0.708,9.637
2026-06-19,12:15:20,101.2,242.4,0.708,9.637
2026-06-19,12:15:21,101.2,242.4,0.708,9.637
2026-06-19,12:15:22,101.2,242.4,0.708,9.637
2026-06-19,12:15:23,101.2,242.4,0.708,9.637
2026-06-19,12:15:24,101.2,242.4,0.708,9.637
2026-06-19,12:15:25,101.2,242.4,0.708,9.637
2026-06-19,12:15:26,101.2,242.4,0.708,9.637
2026-06-19,12:15:27,101.2,242.4,0.708,9.637
2026-06-19,12:15:28,101.2,242.4,0.708,9.637
2026-06-19,12:15:29,101.2,242.4,0.708,9.637
2026-06-19,12:15:30,101.2,242.4,0.708,9.637
2026-06-19,12:15:31,101.2,242.4,0.708,9.637
2026-06-19,12:15:32,101.2,242.4,0.708,9.637
2026-06-19,12:15:33,101.2,242.4,0.708,9.637
2026-06-19,12:15:34,101.2,242.4,0.708,9.637
2026-06-19,12:15:35,101.2,242.4,0.708,9.637
2026-06-19,12:15:36,101.2,242.4,0.708,9.637
2026-06-19,12:15:37,101.2,242.4,0.708,9.637
2026-06-19,12:15:38,101.2,242.4,0.708,9.637
2026-06-19,12:15:39,101.2,242.4,0.708,9.637
2026-06-19,12:15:40,101.2,242.4,0.708,9.637
2026-06-19,12:15:41,101.2,242.4,0.708,9.637
2026-06-19,12:15:42,101.2,242.4,0.708,9.637
2026-06-19,12:15:43,101.2,242.4,0.708,9.637
2026-06-19,12:15:44,101.2,242.4,0.708,9.637
2026-06-19,12:15:45,101.2,242.4,0.708,9.637
2026-06-19,12:15:46,101.2,242.4,0.708,9.637
2026-06-19,12:15:47,101.2,242.4,0.708,9.637
2026-06-19,12:15:48,101.2,242.4,0.708,9.637
2026-06-19,12:15:49,101.2,242.4,0.708,9.637
2026-06-19,12:15:50,101.2,242.4,0.708,9.637
2026-06-19,12:15:51,101.2,242.4,0.708,9.637
2026-06-19,12:15:52,101.2,242.4,0.708,9.637
2026-06-19,12:15:53,101.2,242.4,0.708,9.637
2026-06-19,12:15:54,101.2,242.4,0.708,9.637
2026-06-19,12:15:55,101.2,242.4,0.708,9.637
2026-06-19,12:15:56,101.2,242.4,0.708,9.637
2026-06-19,12:15:57,101.2,242.4,0.708,9.637
2026-06-19,12:15:58,101.2,242.4,0.708,9.637
2026-06-19,12:15:59,101.2,242.4,0.708,9.637
2026-06-19,12:16:00,101.2,242.4,0.708,9.637
2026-06-19,12:16:01,101.2,242.4,0.708,9.637
2026-06-19,12:16:02,101.2,242.4,0.708,9.637
2026-06-19,12:16:03,101.2,242.4,0.708,9.637
2026-06-19,12:16:04,101.2,242.4,0.708,9.637
2026-06-19,12:16:05,101.2,242.4,0.708,9.637
2026-06-19,12:16:06,101.2,242.4,0.708,9.637
2026-06-19,12:16:07,101.2,242.4,0.708,9.637
2026-06-19,12:16:08,101.2,242.4,0.708,9.637
2026-06-19,12:16:09,101.2,242.4,0.708,9.637
2026-06-19,12:16:10,101.2,242.4,0.708,9.637
2026-06-19,12:16:11,101.2,242.4,0.708,9.637
2026-06-19,12:16:12,101.2,242.4,0.708,9.637
2026-06-19,12:16:13,101.2,242.4,0.708,9.637
2026-06-19,12:16:14,101.2,242.4,0.708,9.637
2026-06-19,12:16:15,101.2,242.4,0.708,9.637
2026-06-19,12:16:16,101.2,242.4,0.708,9.637
2026-06-19,12:16:17,101.2,242.4,0.708,9.637
2026-06-19,12:16:18,101.2,242.4,0.708,9.637
2026-06-19,12:16:19,101.2,242.4,0.708,9.637
2026-06-19,12:16:20,101.2,242.4,0.708,9.637
2026-06-19,12:16:21,101.2,242.4,0.708,9.637
2026-06-19,12:16:22,101.2,242.4,0.708,9.637
2026-06-19,12:16:23,101.2,242.4,0.708,9.637
2026-06-19,12:16:24,101.2,242.4,0.708,9.637
2026-06-19,12:16:25,101.2,242.4,0.708,9.637
2026-06-19,12:16:26,101.2,242.4,0.708,9.637
2026-06-19,12:16:27,101.2,242.4,0.708,9.637
2026-06-19,12:16:28,101.2,242.4,0.708,9.637
2026-06-19,12:16:29,101.2,242.4,0.708,9.637
2026-06-19,12:16:30,101.2,242.4,0.708,9.637
2026-06-19,12:16:31,101.2,242.4,0.708,9.637
2026-06-19,12:16:32,101.2,242.4,0.708,9.637
2026-06-19,12:16:33,101.2,242.4,0.708,9.637
2026-06-19,12:16:34,101.2,242.4,0.708,9.637
2026-06-19,12:16:35,101.2,242.4,0.708,9.637
2026-06-19,12:16:36,101.2,242.4,0.708,9.637
2026-06-19,12:16:37,101.2,242.4,0.708,9.637
2026-06-19,12:16:38,101.2,242.4,0.708,9.637
2026-06-19,12:16:39,101.2,242.4,0.708,9.637
2026-06-19,12:16:40,101.2,242.4,0.708,9.637
2026-06-19,12:16:41,101.2,242.4,0.708,9.637
2026-06-19,12:16:42,101.2,242.4,0.708,9.637
2026-06-19,12:16:43,101.2,242.4,0.708,9.637
2026-06-19,12:16:44,101.2,242.4,0.708,9.637
2026-06-19,12:16:45,101.2,242.4,0.708,9.637
2026-06-19,12:16:46,101.2,242.4,0.708,9.637
2026-06-19,12:16:47,101.2,242.4,0.708,9.637
2026-06-19,12:16:48,101.2,242.4,0.708,9.637
2026-06-19,12:16:49,101.2,242.4,0.708,9.637
2026-06-19,12:16:50,101.2,242.4,0.708,9.637
2026-06-19,12:16:51,101.2,242.4,0.708,9.637
2026-06-19,12:16:52,101.2,242.4,0.708,9.637
2026-06-19,12:16:53,101.2,242.4,0.708,9.637
2026-06-19,12:16:54,101.2,242.4,0.708,9.637
2026-06-19,12:16:55,101.2,242.4,0.708,9.637
2026-06-19,12:16:56,101.2,242.4,0.708,9.637
2026-06-19,12:16:57,101.2,242.4,0.708,9.637
2026-06-19,12:16:58,101.2,242.4,0.708,9.637
2026-06-19,12:16:59,101.2,242.4,0.708,9.637
2026-06-19,12:17:00,101.2,242.4,0.708,9.637
2026-06-19,12:17:01,101.2,242.4,0.708,9.637
2026-06-19,12:17:02,101.2,242.4,0.708,9.637
2026-06-19,12:17:03,101.2,242.4,0.708,9.637
2026-06-19,12:17:04,101.2,242.4,0.708,9.637
2026-06-19,12:17:05,101.2,242.4,0.708,9.637
2026-06-19,12:17:06,101.2,242.4,0.708,9.637
2026-06-19,12:17:07,101.2,242.4,0.708,9.637
2026-06-19,12:17:08,101.2,242.4,0.708,9.637
2026-06-19,12:17:09,101.2,242.4,0.708,9.637
2026-06-19,12:17:10,101.2,242.4,0.708,9.637
2026-06-19,12:17:11,101.2,242.4,0.708,9.637
2026-06-19,12:17:12,101.2,242.4,0.708,9.637
2026-06-19,12:17:13,101.2,242.4,0.708,9.637
2026-06-19,12:17:14,101.2,242.4,0.708,9.637
2026-06-19,12:17:15,101.2,242.4,0.708,9.637
2026-06-19,12:17:16,101.2,242.4,0.708,9.637
2026-06-19,12:17:17,101.2,242.4,0.708,9.637
2026-06-19,12:17:18,101.2,242.4,0.708,9.637
2026-06-19,12:17:19,101.2,242.4,0.708,9.637
2026-06-19,12:17:20,101.2,242.4,0.708,9.637
2026-06-19,12:17:21,101.2,242.4,0.708,9.637
2026-06-19,12:17:22,101.2,242.4,0.708,9.637
2026-06-19,12:17:23,101.2,242.4,0.708,9.637
2026-06-19,12:17:24,101.2,242.4,0.708,9.637
2026-06-19,12:17:25,101.2,242.4,0.708,9.637
2026-06-19,12:17:26,101.2,242.4,0.708,9.637
2026-06-19,12:17:27,101.2,242.4,0.708,9.637
2026-06-19,12:17:28,101.2,242.4,0.708,9.637
2026-06-19,12:17:29,101.2,242.4,0.708,9.637
2026-06-19,12:17:30,101.2,242.4,0.708,9.637
2026-06-19,12:17:31,101.2,242.4,0.708,9.637
2026-06-19,12:17:32,101.2,242.4,0.708,9.637
2026-06-19,12:17:33,101.2,242.4,0.708,9.637
2026-06-19,12:17:34,101.2,242.4,0.708,9.637
2026-06-19,12:17:35,101.2,242.4,0.708,9.637
2026-06-19,12:17:36,101.2,242.4,0.708,9.637
2026-06-19,12:17:37,101.2,242.4,0.708,9.637
2026-06-19,12:17:38,101.2,242.4,0.708,9.637
2026-06-19,12:17:39,101.2,242.4,0.708,9.637
2026-06-19,12:17:40,101.2,242.4,0.708,9.637
2026-06-19,12:17:41,101.2,242.4,0.708,9.637
2026-06-19,12:17:42,101.2,242.4,0.708,9.637
2026-06-19,12:17:43,101.2,242.4,0.708,9.637
2026-06-19,12:17:44,101.2,242.4,0.708,9.637
2026-06-19,12:17:45,101.2,242.4,0.708,9.637
2026-06-19,12:17:46,101.2,242.4,0.708,9.637
2026-06-19,12:17:47,101.2,242.4,0.708,9.637
2026-06-19,12:17:48,101.2,242.4,0.708,9.637
2026-06-19,12:17:49,101.2,242.4,0.708,9.637
2026-06-19,12:17:50,101.2,242.4,0.708,9.637
2026-06-19,12:17:51,101.2,242.4,0.708,9.637
2026-06-19,12:17:52,101.2,242.4,0.708,9.637
2026-06-19,12:17:53,101.2,242.4,0.708,9.637
2026-06-19,12:17:54,101.2,242.4,0.708,9.637
2026-06-19,12:17:56,101.2,242.4,0.708,9.637
2026-06-19,12:17:57,101.2,242.4,0.708,9.637
2026-06-19,12:17:58,101.2,242.4,0.708,9.637
2026-06-19,12:17:59,101.2,242.4,0.708,9.637
2026-06-19,12:18:00,101.2,242.4,0.708,9.637
2026-06-19,12:18:01,101.2,242.4,0.708,9.637
2026-06-19,12:18:02,101.2,242.4,0.708,9.637
2026-06-19,12:18:03,101.2,242.4,0.708,9.637
2026-06-19,12:18:04,101.2,242.4,0.708,9.637
2026-06-19,12:18:05,101.2,242.4,0.708,9.637
2026-06-19,12:18:06,101.2,242.4,0.708,9.637
2026-06-19,12:18:07,101.2,242.4,0.708,9.637
2026-06-19,12:18:08,101.2,242.4,0.708,9.637
2026-06-19,12:18:09,101.2,242.4,0.708,9.637
2026-06-19,12:18:10,101.2,242.4,0.708,9.637
2026-06-19,12:18:11,101.2,242.4,0.708,9.637
2026-06-19,12:18:12,101.2,242.4,0.708,9.637
2026-06-19,12:18:13,101.2,242.4,0.708,9.637
2026-06-19,12:18:14,101.2,242.4,0.708,9.637
2026-06-19,12:18:15,101.2,242.4,0.708,9.637
2026-06-19,12:18:16,101.2,242.4,0.708,9.637
2026-06-19,12:18:17,101.2,242.4,0.708,9.637
2026-06-19,12:18:18,101.2,242.4,0.708,9.637
2026-06-19,12:18:19,101.2,242.4,0.708,9.637
2026-06-19,12:18:20,101.2,242.4,0.708,9.637
2026-06-19,12:18:21,101.2,242.4,0.708,9.637
2026-06-19,12:18:22,101.2,242.4,0.708,9.637
2026-06-19,12:18:23,101.2,242.4,0.708,9.637
2026-06-19,12:18:24,101.2,242.4,0.708,9.637
2026-06-19,12:18:25,101.2,242.4,0.708,9.637
2026-06-19,12:18:26,101.2,242.4,0.708,9.637
2026-06-19,12:18:27,101.2,242.4,0.708,9.637
2026-06-19,12:18:28,101.2,242.4,0.708,9.637
2026-06-19,12:18:29,101.2,242.4,0.708,9.637
2026-06-19,12:18:30,101.2,242.4,0.708,9.637
2026-06-19,12:18:31,101.2,242.4,0.708,9.637
2026-06-19,12:18:32,101.2,242.4,0.708,9.637
2026-06-19,12:18:33,101.2,242.4,0.708,9.637
2026-06-19,12:18:34,101.2,242.4,0.708,9.637
2026-06-19,12:18:35,101.2,242.4,0.708,9.637
2026-06-19,12:18:36,101.2,242.4,0.708,9.637
2026-06-19,12:18:37,101.2,242.4,0.708,9.637
2026-06-19,12:18:38,101.2,242.4,0.708,9.637
2026-06-19,12:18:39,101.2,242.4,0.708,9.637
2026-06-19,12:18:40,101.2,242.4,0.708,9.637
2026-06-19,12:18:41,101.2,242.4,0.708,9.637
2026-06-19,12:18:42,101.2,242.4,0.708,9.637
2026-06-19,12:18:43,101.2,242.4,0.708,9.637
2026-06-19,12:18:44,101.2,242.4,0.708,9.637
2026-06-19,12:18:45,101.2,242.4,0.708,9.637
2026-06-19,12:18:46,101.2,242.4,0.708,9.637
2026-06-19,12:18:47,101.2,242.4,0.708,9.637
2026-06-19,12:18:48,101.2,242.4,0.708,9.637
2026-06-19,12:18:49,101.2,242.4,0.708,9.637
2026-06-19,12:18:50,101.2,242.4,0.708,9.637
2026-06-19,12:18:51,101.2,242.4,0.708,9.637
2026-06-19,12:18:52,101.2,242.4,0.708,9.637
2026-06-19,12:18:53,101.2,242.4,0.708,9.637
2026-06-19,12:18:54,101.2,242.4,0.708,9.637
2026-06-19,12:18:55,101.2,242.4,0.708,9.637
2026-06-19,12:18:56,101.2,242.4,0.708,9.637
2026-06-19,12:18:57,101.2,242.4,0.708,9.637
2026-06-19,12:18:58,101.2,242.4,0.708,9.637
2026-06-19,12:18:59,101.2,242.4,0.708,9.637
2026-06-19,12:19:00,101.2,242.4,0.708,9.637
2026-06-19,12:19:01,101.2,242.4,0.708,9.637
2026-06-19,12:19:02,101.2,242.4,0.708,9.637
2026-06-19,12:19:03,101.2,242.4,0.708,9.637
2026-06-19,12:19:04,101.2,242.4,0.708,9.637
2026-06-19,12:19:05,101.2,242.4,0.708,9.637
2026-06-19,12:19:06,101.2,242.4,0.708,9.637
2026-06-19,12:19:07,101.2,242.4,0.708,9.637
2026-06-19,12:19:08,101.2,242.4,0.708,9.637
2026-06-19,12:19:09,101.2,242.4,0.708,9.637
2026-06-19,12:19:10,101.2,242.4,0.708,9.637
2026-06-19,12:19:11,101.2,242.4,0.708,9.637
2026-06-19,12:19:12,101.2,242.4,0.708,9.637
2026-06-19,12:19:13,101.2,242.4,0.708,9.637
2026-06-19,12:19:14,101.2,242.4,0.708,9.637
2026-06-19,12:19:15,101.2,242.4,0.708,9.637
2026-06-19,12:19:16,101.2,242.4,0.708,9.637
2026-06-19,12:19:17,101.2,242.4,0.708,9.637
2026-06-19,12:19:18,101.2,242.4,0.708,9.637
2026-06-19,12:19:19,101.2,242.4,0.708,9.637
2026-06-19,12:19:20,101.2,242.4,0.708,9.637
2026-06-19,12:19:21,101.2,242.4,0.708,9.637
2026-06-19,12:19:22,101.2,242.4,0.708,9.637
2026-06-19,12:19:23,101.2,242.4,0.708,9.637
2026-06-19,12:19:24,101.2,242.4,0.708,9.637
2026-06-19,12:19:25,101.2,242.4,0.708,9.637
2026-06-19,12:19:26,101.2,242.4,0.708,9.637
2026-06-19,12:19:27,101.2,242.4,0.708,9.637
2026-06-19,12:19:28,101.2,242.4,0.708,9.637
2026-06-19,12:19:29,101.2,242.4,0.708,9.637
2026-06-19,12:19:30,101.2,242.4,0.708,9.637
2026-06-19,12:19:31,101.2,242.4,0.708,9.637
2026-06-19,12:19:32,101.2,242.4,0.708,9.637
2026-06-19,12:19:33,101.2,242.4,0.708,9.637
2026-06-19,12:19:34,101.2,242.4,0.708,9.637
2026-06-19,12:19:35,101.2,242.4,0.708,9.637
2026-06-19,12:19:36,101.2,242.4,0.708,9.637
2026-06-19,12:19:37,101.2,242.4,0.708,9.637
2026-06-19,12:19:38,101.2,242.4,0.708,9.637
2026-06-19,12:19:39,101.2,242.4,0.708,9.637
2026-06-19,12:19:40,101.2,242.4,0.708,9.637
2026-06-19,12:19:41,101.2,242.4,0.708,9.637
2026-06-19,12:19:42,101.2,242.4,0.708,9.637
2026-06-19,12:19:43,101.2,242.4,0.708,9.637
2026-06-19,12:19:44,101.2,242.4,0.708,9.637
2026-06-19,12:19:45,101.2,242.4,0.708,9.637
2026-06-19,12:19:46,101.2,242.4,0.708,9.637
2026-06-19,12:19:47,101.2,242.4,0.708,9.637
2026-06-19,12:19:48,101.2,242.4,0.708,9.637
2026-06-19,12:19:49,101.2,242.4,0.708,9.637
2026-06-19,12:19:50,101.2,242.4,0.708,9.637
2026-06-19,12:19:51,101.2,242.4,0.708,9.637
2026-06-19,12:19:52,101.2,242.4,0.708,9.637
2026-06-19,12:19:53,101.2,242.4,0.708,9.637
2026-06-19,12:19:54,101.2,242.4,0.708,9.637
2026-06-19,12:19:55,101.2,242.4,0.708,9.637
2026-06-19,12:19:56,101.2,242.4,0.708,9.637
2026-06-19,12:19:57,101.2,242.4,0.708,9.637
2026-06-19,12:19:58,101.2,242.4,0.708,9.637
2026-06-19,12:19:59,101.2,242.4,0.708,9.637
2026-06-19,12:20:00,101.2,242.4,0.708,9.637
2026-06-19,12:20:01,101.2,242.4,0.708,9.637
2026-06-19,12:20:02,101.2,242.4,0.708,9.637
2026-06-19,12:20:03,101.2,242.4,0.708,9.637
2026-06-19,12:20:04,101.2,242.4,0.708,9.637
2026-06-19,12:20:05,101.2,242.4,0.708,9.637
2026-06-19,12:20:06,101.2,242.4,0.708,9.637
2026-06-19,12:20:07,101.2,242.4,0.708,9.637
2026-06-19,12:20:08,101.2,242.4,0.708,9.637
2026-06-19,12:20:09,101.2,242.4,0.708,9.637
2026-06-19,12:20:10,101.2,242.4,0.708,9.637
2026-06-19,12:20:11,101.2,242.4,0.708,9.637
2026-06-19,12:20:12,101.2,242.4,0.708,9.637
2026-06-19,12:20:13,101.2,242.4,0.708,9.637
2026-06-19,12:20:14,101.2,242.4,0.708,9.637
2026-06-19,12:20:15,101.2,242.4,0.708,9.637
2026-06-19,12:20:16,101.2,242.4,0.708,9.637
2026-06-19,12:20:17,101.2,242.4,0.708,9.637
2026-06-19,12:20:18,101.2,242.4,0.708,9.637
2026-06-19,12:20:19,101.2,242.4,0.708,9.637
2026-06-19,12:20:20,101.2,242.4,0.708,9.637
2026-06-19,12:20:21,101.2,242.4,0.708,9.637
2026-06-19,12:20:22,101.2,242.4,0.708,9.637
2026-06-19,12:20:23,101.2,242.4,0.708,9.637
2026-06-19,12:20:24,101.2,242.4,0.708,9.637
2026-06-19,12:20:25,101.2,242.4,0.708,9.637
2026-06-19,12:20:26,101.2,242.4,0.708,9.637
2026-06-19,12:20:27,101.2,242.4,0.708,9.637
2026-06-19,12:20:28,101.2,242.4,0.708,9.637
2026-06-19,12:20:29,101.2,242.4,0.708,9.637
2026-06-19,12:20:30,101.2,242.4,0.708,9.637
2026-06-19,12:20:31,101.2,242.4,0.708,9.637
2026-06-19,12:20:32,101.2,242.4,0.708,9.637
2026-06-19,12:20:33,101.2,242.4,0.708,9.637
2026-06-19,12:20:34,101.2,242.4,0.708,9.637
2026-06-19,12:20:35,101.2,242.4,0.708,9.637
2026-06-19,12:20:36,101.2,242.4,0.708,9.637
2026-06-19,12:20:37,101.2,242.4,0.708,9.637
2026-06-19,12:20:38,101.2,242.4,0.708,9.637
2026-06-19,12:20:39,101.2,242.4,0.708,9.637
2026-06-19,12:20:40,101.2,242.4,0.708,9.637
2026-06-19,12:20:41,101.2,242.4,0.708,9.637
2026-06-19,12:20:42,101.2,242.4,0.708,9.637
2026-06-19,12:20:43,101.2,242.4,0.708,9.637
2026-06-19,12:20:44,101.2,242.4,0.708,9.637
2026-06-19,12:20:45,101.2,242.4,0.708,9.637
2026-06-19,12:20:46,101.2,242.4,0.708,9.637
2026-06-19,12:20:47,101.2,242.4,0.708,9.637
2026-06-19,12:20:48,101.2,242.4,0.708,9.637
2026-06-19,12:20:49,101.2,242.4,0.708,9.637
2026-06-19,12:20:50,101.2,242.4,0.708,9.637
2026-06-19,12:20:51,101.2,242.4,0.708,9.637
2026-06-19,12:20:52,101.2,242.4,0.708,9.637
2026-06-19,12:20:53,101.2,242.4,0.708,9.637
2026-06-19,12:20:54,101.2,242.4,0.708,9.637
2026-06-19,12:20:55,101.2,242.4,0.708,9.637
2026-06-19,12:20:57,101.2,242.4,0.708,9.637
2026-06-19,12:20:58,101.2,242.4,0.708,9.637
2026-06-19,12:20:59,101.2,242.4,0.708,9.637
2026-06-19,12:21:00,101.2,242.4,0.708,9.637
2026-06-19,12:21:01,101.2,242.4,0.708,9.637
2026-06-19,12:21:02,101.2,242.4,0.708,9.637
2026-06-19,12:21:03,101.2,242.4,0.708,9.637
2026-06-19,12:21:04,101.2,242.4,0.708,9.637
2026-06-19,12:21:05,101.2,242.4,0.708,9.637
2026-06-19,12:21:06,101.2,242.4,0.708,9.637
2026-06-19,12:21:07,101.2,242.4,0.708,9.637
2026-06-19,12:21:08,101.2,242.4,0.708,9.637
2026-06-19,12:21:09,101.2,242.4,0.708,9.637
2026-06-19,12:21:10,101.2,242.4,0.708,9.637
2026-06-19,12:21:11,101.2,242.4,0.708,9.637
2026-06-19,12:21:12,101.2,242.4,0.708,9.637
2026-06-19,12:21:13,101.2,242.4,0.708,9.637
2026-06-19,12:21:14,101.2,242.4,0.708,9.637
2026-06-19,12:21:15,101.2,242.4,0.708,9.637
2026-06-19,12:21:16,101.2,242.4,0.708,9.637
2026-06-19,12:21:17,101.2,242.4,0.708,9.637
2026-06-19,12:21:18,101.2,242.4,0.708,9.637
2026-06-19,12:21:19,101.2,242.4,0.708,9.637
2026-06-19,12:21:20,101.2,242.4,0.708,9.637
2026-06-19,12:21:21,101.2,242.4,0.708,9.637
2026-06-19,12:21:22,101.2,242.4,0.708,9.637
2026-06-19,12:21:23,101.2,242.4,0.708,9.637
2026-06-19,12:21:24,101.2,242.4,0.708,9.637
2026-06-19,12:21:25,101.2,242.4,0.708,9.637
2026-06-19,12:21:26,101.2,242.4,0.708,9.637
2026-06-19,12:21:27,101.2,242.4,0.708,9.637
2026-06-19,12:21:28,101.2,242.4,0.708,9.637
2026-06-19,12:21:29,101.2,242.4,0.708,9.637
2026-06-19,12:21:30,101.2,242.4,0.708,9.637
2026-06-19,12:21:31,101.2,242.4,0.708,9.637
2026-06-19,12:21:32,101.2,242.4,0.708,9.637
2026-06-19,12:21:33,101.2,242.4,0.708,9.637
2026-06-19,12:21:34,101.2,242.4,0.708,9.637
2026-06-19,12:21:35,101.2,242.4,0.708,9.637
2026-06-19,12:21:36,101.2,242.4,0.708,9.637
2026-06-19,12:21:37,101.2,242.4,0.708,9.637
2026-06-19,12:21:38,101.2,242.4,0.708,9.637
2026-06-19,12:21:39,101.2,242.4,0.708,9.637
2026-06-19,12:21:40,101.2,242.4,0.708,9.637
2026-06-19,12:21:41,101.2,242.4,0.708,9.637
2026-06-19,12:21:42,101.2,242.4,0.708,9.637
2026-06-19,12:21:43,101.2,242.4,0.708,9.637
2026-06-19,12:21:44,101.2,242.4,0.708,9.637
2026-06-19,12:21:45,101.2,242.4,0.708,9.637
2026-06-19,12:21:46,101.2,242.4,0.708,9.637
2026-06-19,12:21:47,101.2,242.4,0.708,9.637
2026-06-19,12:21:48,101.2,242.4,0.708,9.637
2026-06-19,12:21:49,101.2,242.4,0.708,9.637
2026-06-19,12:21:50,101.2,242.4,0.708,9.637
2026-06-19,12:21:51,101.2,242.4,0.708,9.637
2026-06-19,12:21:52,101.2,242.4,0.708,9.637
2026-06-19,12:21:53,101.2,242.4,0.708,9.637
2026-06-19,12:21:54,101.2,242.4,0.708,9.637
2026-06-19,12:21:55,101.2,242.4,0.708,9.637
2026-06-19,12:21:56,101.2,242.4,0.708,9.637
2026-06-19,12:21:57,101.2,242.4,0.708,9.637
2026-06-19,12:21:58,101.2,242.4,0.708,9.637
2026-06-19,12:21:59,101.2,242.4,0.708,9.637
2026-06-19,12:22:00,101.2,242.4,0.708,9.637
2026-06-19,12:22:01,101.2,242.4,0.708,9.637
2026-06-19,12:22:02,101.2,242.4,0.708,9.637
2026-06-19,12:22:03,101.2,242.4,0.708,9.637
2026-06-19,12:22:04,101.2,242.4,0.708,9.637
2026-06-19,12:22:05,101.2,242.4,0.708,9.637
2026-06-19,12:22:06,101.2,242.4,0.708,9.637
2026-06-19,12:22:07,101.2,242.4,0.708,9.637
2026-06-19,12:22:08,101.2,242.4,0.708,9.637
2026-06-19,12:22:09,101.2,242.4,0.708,9.637
2026-06-19,12:22:10,101.2,242.4,0.708,9.637
2026-06-19,12:22:11,101.2,242.4,0.708,9.637
2026-06-19,12:22:12,101.2,242.4,0.708,9.637
2026-06-19,12:22:13,101.2,242.4,0.708,9.637
2026-06-19,12:22:14,101.2,242.4,0.708,9.637
2026-06-19,12:22:15,101.2,242.4,0.708,9.637
2026-06-19,12:22:16,101.2,242.4,0.708,9.637
2026-06-19,12:22:17,101.2,242.4,0.708,9.637
2026-06-19,12:22:18,101.2,242.4,0.708,9.637
2026-06-19,12:22:19,101.2,242.4,0.708,9.637
2026-06-19,12:22:20,101.2,242.4,0.708,9.637
2026-06-19,12:22:21,101.2,242.4,0.708,9.637
2026-06-19,12:22:22,101.2,242.4,0.708,9.637
2026-06-19,12:22:23,101.2,242.4,0.708,9.637
2026-06-19,12:22:24,101.2,242.4,0.708,9.637
2026-06-19,12:22:25,101.2,242.4,0.708,9.637
2026-06-19,12:22:26,101.2,242.4,0.708,9.637
2026-06-19,12:22:27,101.2,242.4,0.708,9.637
2026-06-19,12:22:28,101.2,242.4,0.708,9.637
2026-06-19,12:22:29,101.2,242.4,0.708,9.637
2026-06-19,12:22:30,101.2,242.4,0.708,9.637
2026-06-19,12:22:31,101.2,242.4,0.708,9.637
2026-06-19,12:22:32,101.2,242.4,0.708,9.637
2026-06-19,12:22:33,101.2,242.4,0.708,9.637
2026-06-19,12:22:34,101.2,242.4,0.708,9.637
2026-06-19,12:22:35,101.2,242.4,0.708,9.637
2026-06-19,12:22:36,101.2,242.4,0.708,9.637
2026-06-19,12:22:37,101.2,242.4,0.708,9.637
2026-06-19,12:22:38,101.2,242.4,0.708,9.637
2026-06-19,12:22:39,101.2,242.4,0.708,9.637
2026-06-19,12:22:40,101.2,242.4,0.708,9.637
2026-06-19,12:22:41,101.2,242.4,0.708,9.637
2026-06-19,12:22:42,101.2,242.4,0.708,9.637
2026-06-19,12:22:43,101.2,242.4,0.708,9.637
2026-06-19,12:22:44,101.2,242.4,0.708,9.637
2026-06-19,12:22:45,101.2,242.4,0.708,9.637
2026-06-19,12:22:46,101.2,242.4,0.708,9.637
2026-06-19,12:22:47,101.2,242.4,0.708,9.637
2026-06-19,12:22:48,101.2,242.4,0.708,9.637
2026-06-19,12:22:49,101.2,242.4,0.708,9.637
2026-06-19,12:22:50,101.2,242.4,0.708,9.637
2026-06-19,12:22:51,101.2,242.4,0.708,9.637
2026-06-19,12:22:52,101.2,242.4,0.708,9.637
2026-06-19,12:22:53,101.2,242.4,0.708,9.637
2026-06-19,12:22:54,101.2,242.4,0.708,9.637
2026-06-19,12:22:55,101.2,242.4,0.708,9.637
2026-06-19,12:22:56,101.2,242.4,0.708,9.637
2026-06-19,12:22:57,101.2,242.4,0.708,9.637
2026-06-19,12:22:58,101.2,242.4,0.708,9.637
2026-06-19,12:22:59,101.2,242.4,0.708,9.637
2026-06-19,12:23:00,101.2,242.4,0.708,9.637
2026-06-19,12:23:01,101.2,242.4,0.708,9.637
2026-06-19,12:23:02,101.2,242.4,0.708,9.637
2026-06-19,12:23:03,101.2,242.4,0.708,9.637
2026-06-19,12:23:04,101.2,242.4,0.708,9.637
2026-06-19,12:23:05,101.2,242.4,0.708,9.637
2026-06-19,12:23:06,101.2,242.4,0.708,9.637
2026-06-19,12:23:07,101.2,242.4,0.708,9.637
2026-06-19,12:23:08,101.2,242.4,0.708,9.637
2026-06-19,12:23:09,101.2,242.4,0.708,9.637
2026-06-19,12:23:10,101.2,242.4,0.708,9.637
2026-06-19,12:23:11,101.2,242.4,0.708,9.637
2026-06-19,12:23:12,101.2,242.4,0.708,9.637
2026-06-19,12:23:13,101.2,242.4,0.708,9.637
2026-06-19,12:23:14,101.2,242.4,0.708,9.637
2026-06-19,12:23:15,101.2,242.4,0.708,9.637
2026-06-19,12:23:16,101.2,242.4,0.708,9.637
2026-06-19,12:23:17,101.2,242.4,0.708,9.637
2026-06-19,12:23:18,101.2,242.4,0.708,9.637
2026-06-19,12:23:19,101.2,242.4,0.708,9.637
2026-06-19,12:23:20,101.2,242.4,0.708,9.637
2026-06-19,12:23:21,101.2,242.4,0.708,9.637
2026-06-19,12:23:22,101.2,242.4,0.708,9.637
2026-06-19,12:23:23,101.2,242.4,0.708,9.637
2026-06-19,12:23:24,101.2,242.4,0.708,9.637
2026-06-19,12:23:25,101.2,242.4,0.708,9.637
2026-06-19,12:23:26,101.2,242.4,0.708,9.637
2026-06-19,12:23:27,101.2,242.4,0.708,9.637
2026-06-19,12:23:28,101.2,242.4,0.708,9.637
2026-06-19,12:23:29,101.2,242.4,0.708,9.637
2026-06-19,12:23:30,101.2,242.4,0.708,9.637
2026-06-19,12:23:31,101.2,242.4,0.708,9.637
2026-06-19,12:23:32,101.2,242.4,0.708,9.637
2026-06-19,12:23:33,101.2,242.4,0.708,9.637
2026-06-19,12:23:34,101.2,242.4,0.708,9.637
2026-06-19,12:23:35,101.2,242.4,0.708,9.637
2026-06-19,12:23:36,101.2,242.4,0.708,9.637
2026-06-19,12:23:37,101.2,242.4,0.708,9.637
2026-06-19,12:23:38,101.2,242.4,0.708,9.637
2026-06-19,12:23:39,101.2,242.4,0.708,9.637
2026-06-19,12:23:40,101.2,242.4,0.708,9.637
2026-06-19,12:23:41,101.2,242.4,0.708,9.637
2026-06-19,12:23:42,101.2,242.4,0.708,9.637
2026-06-19,12:23:43,101.2,242.4,0.708,9.637
2026-06-19,12:23:44,101.2,242.4,0.708,9.637
2026-06-19,12:23:45,101.2,242.4,0.708,9.637
2026-06-19,12:23:46,101.2,242.4,0.708,9.637
2026-06-19,12:23:47,101.2,242.4,0.708,9.637
2026-06-19,12:23:48,101.2,242.4,0.708,9.637
2026-06-19,12:23:50,101.2,242.4,0.708,9.637
2026-06-19,12:23:51,101.2,242.4,0.708,9.637
2026-06-19,12:23:52,101.2,242.4,0.708,9.637
2026-06-19,12:23:53,101.2,242.4,0.708,9.637
2026-06-19,12:23:54,101.2,242.4,0.708,9.637
2026-06-19,12:23:55,101.2,242.4,0.708,9.637
2026-06-19,12:23:56,101.2,242.4,0.708,9.637
2026-06-19,12:23:57,101.2,242.4,0.708,9.637
2026-06-19,12:23:58,101.2,242.4,0.708,9.637
2026-06-19,12:23:59,101.2,242.4,0.708,9.637
2026-06-19,12:24:00,101.2,242.4,0.708,9.637
2026-06-19,12:24:01,101.2,242.4,0.708,9.637
2026-06-19,12:24:02,101.2,242.4,0.708,9.637
2026-06-19,12:24:03,101.2,242.4,0.708,9.637
2026-06-19,12:24:04,101.2,242.4,0.708,9.637
2026-06-19,12:24:05,101.2,242.4,0.708,9.637
2026-06-19,12:24:06,101.2,242.4,0.708,9.637
2026-06-19,12:24:07,101.2,242.4,0.708,9.637
2026-06-19,12:24:08,101.2,242.4,0.708,9.637
2026-06-19,12:24:09,101.2,242.4,0.708,9.637
2026-06-19,12:24:10,101.2,242.4,0.708,9.637
2026-06-19,12:24:11,101.2,242.4,0.708,9.637
2026-06-19,12:24:12,101.2,242.4,0.708,9.637
2026-06-19,12:24:13,101.2,242.4,0.708,9.637
2026-06-19,12:24:14,101.2,242.4,0.708,9.637
2026-06-19,12:24:15,101.2,242.4,0.708,9.637
2026-06-19,12:24:16,101.2,242.4,0.708,9.637
2026-06-19,12:24:17,101.2,242.4,0.708,9.637
2026-06-19,12:24:18,101.2,242.4,0.708,9.637
2026-06-19,12:24:19,101.2,242.4,0.708,9.637
2026-06-19,12:24:20,101.2,242.4,0.708,9.637
2026-06-19,12:24:21,101.2,242.4,0.708,9.637
2026-06-19,12:24:22,101.2,242.4,0.708,9.637
2026-06-19,12:24:23,101.2,242.4,0.708,9.637
2026-06-19,12:24:24,101.2,242.4,0.708,9.637
2026-06-19,12:24:25,101.2,242.4,0.708,9.637
2026-06-19,12:24:26,101.2,242.4,0.708,9.637
2026-06-19,12:24:27,101.2,242.4,0.708,9.637
2026-06-19,12:24:28,101.2,242.4,0.708,9.637
2026-06-19,12:24:29,101.2,242.4,0.708,9.637
2026-06-19,12:24:30,101.2,242.4,0.708,9.637
2026-06-19,12:24:31,101.2,242.4,0.708,9.637
2026-06-19,12:24:32,101.2,242.4,0.708,9.637
2026-06-19,12:24:33,101.2,242.4,0.708,9.637
2026-06-19,12:24:34,101.2,242.4,0.708,9.637
2026-06-19,12:24:35,101.2,242.4,0.708,9.637
2026-06-19,12:24:36,101.2,242.4,0.708,9.637
2026-06-19,12:24:37,101.2,242.4,0.708,9.637
2026-06-19,12:24:38,101.2,242.4,0.708,9.637
2026-06-19,12:24:39,101.2,242.4,0.708,9.637
2026-06-19,12:24:40,101.2,242.4,0.708,9.637
2026-06-19,12:24:41,101.2,242.4,0.708,9.637
2026-06-19,12:24:42,101.2,242.4,0.708,9.637
2026-06-19,12:24:43,101.2,242.4,0.708,9.637
2026-06-19,12:24:44,101.2,242.4,0.708,9.637
2026-06-19,12:24:45,101.2,242.4,0.708,9.637
2026-06-19,12:24:46,101.2,242.4,0.708,9.637
2026-06-19,12:24:47,101.2,242.4,0.708,9.637
2026-06-19,12:24:48,101.2,242.4,0.708,9.637
2026-06-19,12:24:49,101.2,242.4,0.708,9.637
2026-06-19,12:24:50,101.2,242.4,0.708,9.637
2026-06-19,12:24:51,101.2,242.4,0.708,9.637
2026-06-19,12:24:52,101.2,242.4,0.708,9.637
2026-06-19,12:24:53,101.2,242.4,0.708,9.637
2026-06-19,12:24:54,101.2,242.4,0.708,9.637
2026-06-19,12:24:55,101.2,242.4,0.708,9.637
2026-06-19,12:24:56,101.2,242.4,0.708,9.637
2026-06-19,12:24:57,101.2,242.4,0.708,9.637
2026-06-19,12:24:58,101.2,242.4,0.708,9.637
2026-06-19,12:24:59,101.2,242.4,0.708,9.637
2026-06-19,12:25:00,101.2,242.4,0.708,9.637
2026-06-19,12:25:01,101.2,242.4,0.708,9.637
2026-06-19,12:25:02,101.2,242.4,0.708,9.637
2026-06-19,12:25:03,101.2,242.4,0.708,9.637
2026-06-19,12:25:04,101.2,242.4,0.708,9.637
2026-06-19,12:25:05,101.2,242.4,0.708,9.637
2026-06-19,12:25:06,101.2,242.4,0.708,9.637
2026-06-19,12:25:07,101.2,242.4,0.708,9.637
2026-06-19,12:25:08,101.2,242.4,0.708,9.637
2026-06-19,12:25:09,101.2,242.4,0.708,9.637
2026-06-19,12:25:10,101.2,242.4,0.708,9.637
2026-06-19,12:25:11,101.2,242.4,0.708,9.637
2026-06-19,12:25:12,101.2,242.4,0.708,9.637
2026-06-19,12:25:13,101.2,242.4,0.708,9.637
2026-06-19,12:25:14,101.2,242.4,0.708,9.637
2026-06-19,12:25:15,101.2,242.4,0.708,9.637
2026-06-19,12:25:16,101.2,242.4,0.708,9.637
2026-06-19,12:25:17,101.2,242.4,0.708,9.637
2026-06-19,12:25:18,101.2,242.4,0.708,9.637
2026-06-19,12:25:19,101.2,242.4,0.708,9.637
2026-06-19,12:25:20,101.2,242.4,0.708,9.637
2026-06-19,12:25:21,101.2,242.4,0.708,9.637
2026-06-19,12:25:22,101.2,242.4,0.708,9.637
2026-06-19,12:25:23,101.2,242.4,0.708,9.637
2026-06-19,12:25:24,101.2,242.4,0.708,9.637
2026-06-19,12:25:25,101.2,242.4,0.708,9.637
2026-06-19,12:25:26,101.2,242.4,0.708,9.637
2026-06-19,12:25:27,101.2,242.4,0.708,9.637
2026-06-19,12:25:28,101.2,242.4,0.708,9.637
2026-06-19,12:25:29,101.2,242.4,0.708,9.637
2026-06-19,12:25:30,101.2,242.4,0.708,9.637
2026-06-19,12:25:31,101.2,242.4,0.708,9.637
2026-06-19,12:25:32,101.2,242.4,0.708,9.637
2026-06-19,12:25:33,101.2,242.4,0.708,9.637
2026-06-19,12:25:34,101.2,242.4,0.708,9.637
2026-06-19,12:25:35,101.2,242.4,0.708,9.637
2026-06-19,12:25:36,101.2,242.4,0.708,9.637
2026-06-19,12:25:37,101.2,242.4,0.708,9.637
2026-06-19,12:25:38,101.2,242.4,0.708,9.637
2026-06-19,12:25:39,101.2,242.4,0.708,9.637
2026-06-19,12:25:40,101.2,242.4,0.708,9.637
2026-06-19,12:25:41,101.2,242.4,0.708,9.637
2026-06-19,12:25:42,101.2,242.4,0.708,9.637
2026-06-19,12:25:43,101.2,242.4,0.708,9.637
2026-06-19,12:25:44,101.2,242.4,0.708,9.637
2026-06-19,12:25:45,101.2,242.4,0.708,9.637
2026-06-19,12:25:46,101.2,242.4,0.708,9.637
2026-06-19,12:25:47,101.2,242.4,0.708,9.637
2026-06-19,12:25:48,101.2,242.4,0.708,9.637
2026-06-19,12:25:49,101.2,242.4,0.708,9.637
2026-06-19,12:25:50,101.2,242.4,0.708,9.637
2026-06-19,12:25:51,101.2,242.4,0.708,9.637
2026-06-19,12:25:52,101.2,242.4,0.708,9.637
2026-06-19,12:25:53,101.2,242.4,0.708,9.637
2026-06-19,12:25:54,101.2,242.4,0.708,9.637
2026-06-19,12:25:55,67.4,241.5,0.514,9.637
2026-06-19,12:25:56,67.4,241.5,0.514,9.637
2026-06-19,12:25:57,67.4,241.5,0.514,9.637
2026-06-19,12:25:58,67.4,241.5,0.514,9.637
2026-06-19,12:25:59,67.4,241.5,0.514,9.637
2026-06-19,12:26:00,67.4,241.5,0.514,9.637
2026-06-19,12:26:01,67.4,241.5,0.514,9.637
2026-06-19,12:26:02,67.4,241.5,0.514,9.637
2026-06-19,12:26:03,67.4,241.5,0.514,9.637
2026-06-19,12:26:04,67.4,241.5,0.514,9.637
2026-06-19,12:26:05,67.4,241.5,0.514,9.637
2026-06-19,12:26:06,67.4,241.5,0.514,9.637
2026-06-19,12:26:07,67.4,241.5,0.514,9.637
2026-06-19,12:26:08,67.4,241.5,0.514,9.637
2026-06-19,12:26:09,67.4,241.5,0.514,9.637
2026-06-19,12:26:10,67.4,241.5,0.514,9.637
2026-06-19,12:26:11,67.4,241.5,0.514,9.637
2026-06-19,12:26:12,67.4,241.5,0.514,9.637
2026-06-19,12:26:13,67.4,241.5,0.514,9.637
2026-06-19,12:26:14,67.4,241.5,0.514,9.637
2026-06-19,12:26:15,67.4,241.5,0.514,9.637
2026-06-19,12:26:16,67.4,241.5,0.514,9.637
2026-06-19,12:26:17,67.4,241.5,0.514,9.637
2026-06-19,12:26:18,67.4,241.5,0.514,9.637
2026-06-19,12:26:19,67.4,241.5,0.514,9.637
2026-06-19,12:26:20,67.4,241.5,0.514,9.637
2026-06-19,12:26:21,67.4,241.5,0.514,9.637
2026-06-19,12:26:22,67.4,241.5,0.514,9.637
2026-06-19,12:26:24,67.4,241.5,0.514,9.637
2026-06-19,12:26:25,67.4,241.5,0.514,9.637
2026-06-19,12:26:26,67.4,241.5,0.514,9.637
2026-06-19,12:26:27,67.4,241.5,0.514,9.637
2026-06-19,12:26:28,67.4,241.5,0.514,9.637
2026-06-19,12:26:29,67.4,241.5,0.514,9.637
2026-06-19,12:26:30,67.4,241.5,0.514,9.637
2026-06-19,12:26:31,67.4,241.5,0.514,9.637
2026-06-19,12:26:32,67.4,241.5,0.514,9.637
2026-06-19,12:26:33,67.4,241.5,0.514,9.637
2026-06-19,12:26:34,67.4,241.5,0.514,9.637
2026-06-19,12:26:35,67.4,241.5,0.514,9.637
2026-06-19,12:26:36,67.4,241.5,0.514,9.637
2026-06-19,12:26:37,67.4,241.5,0.514,9.637
2026-06-19,12:26:38,67.4,241.5,0.514,9.637
2026-06-19,12:26:39,67.4,241.5,0.514,9.637
2026-06-19,12:26:40,67.4,241.5,0.514,9.637
2026-06-19,12:26:41,67.4,241.5,0.514,9.637
2026-06-19,12:26:42,67.4,241.5,0.514,9.637
2026-06-19,12:26:43,67.4,241.5,0.514,9.637
2026-06-19,12:26:44,67.4,241.5,0.514,9.637
2026-06-19,12:26:45,67.4,241.5,0.514,9.637
2026-06-19,12:26:46,67.4,241.5,0.514,9.637
2026-06-19,12:26:47,67.4,241.5,0.514,9.637
2026-06-19,12:26:48,67.4,241.5,0.514,9.637
2026-06-19,12:26:49,67.4,241.5,0.514,9.637
2026-06-19,12:26:50,67.4,241.5,0.514,9.637
2026-06-19,12:26:51,67.4,241.5,0.514,9.637
2026-06-19,12:26:52,67.4,241.5,0.514,9.637
2026-06-19,12:26:53,67.4,241.5,0.514,9.637
2026-06-19,12:26:54,67.4,241.5,0.514,9.637
2026-06-19,12:26:55,67.4,241.5,0.514,9.637
2026-06-19,12:26:56,67.4,241.5,0.514,9.637
2026-06-19,12:26:57,67.4,241.5,0.514,9.637
2026-06-19,12:26:58,67.4,241.5,0.514,9.637
2026-06-19,12:26:59,67.4,241.5,0.514,9.637
2026-06-19,12:27:00,94.5,241.6,0.677,9.637
2026-06-19,12:27:01,94.5,241.6,0.677,9.637
2026-06-19,12:27:02,94.5,241.6,0.677,9.637
2026-06-19,12:27:03,94.5,241.6,0.677,9.637
2026-06-19,12:27:04,94.5,241.6,0.677,9.637
2026-06-19,12:27:05,94.5,241.6,0.677,9.637
2026-06-19,12:27:06,94.5,241.6,0.677,9.637
2026-06-19,12:27:07,94.5,241.6,0.677,9.637
2026-06-19,12:27:08,94.5,241.6,0.677,9.637
2026-06-19,12:27:09,94.5,241.6,0.677,9.637
2026-06-19,12:27:10,94.5,241.6,0.677,9.637
2026-06-19,12:27:11,94.5,241.6,0.677,9.637
2026-06-19,12:27:12,94.5,241.6,0.677,9.637
2026-06-19,12:27:13,94.5,241.6,0.677,9.637
2026-06-19,12:27:14,94.5,241.6,0.677,9.637
2026-06-19,12:27:15,94.5,241.6,0.677,9.637
2026-06-19,12:27:16,94.5,241.6,0.677,9.637
2026-06-19,12:27:17,94.5,241.6,0.677,9.637
2026-06-19,12:27:18,94.5,241.6,0.677,9.637
2026-06-19,12:27:19,94.5,241.6,0.677,9.637
2026-06-19,12:27:20,94.5,241.6,0.677,9.637
2026-06-19,12:27:21,94.5,241.6,0.677,9.637
2026-06-19,12:27:22,94.5,241.6,0.677,9.637
2026-06-19,12:27:23,94.5,241.6,0.677,9.637
2026-06-19,12:27:24,94.5,241.6,0.677,9.637
2026-06-19,12:27:25,94.5,241.6,0.677,9.637
2026-06-19,12:27:26,94.5,241.6,0.677,9.637
2026-06-19,12:27:27,94.5,241.6,0.677,9.637
2026-06-19,12:27:28,94.5,241.6,0.677,9.637
2026-06-19,12:27:29,94.5,241.6,0.677,9.637
2026-06-19,12:27:30,94.5,241.6,0.677,9.637
2026-06-19,12:27:31,94.5,241.6,0.677,9.637
2026-06-19,12:27:32,94.5,241.6,0.677,9.637
2026-06-19,12:27:33,94.5,241.6,0.677,9.637
2026-06-19,12:27:34,94.5,241.6,0.677,9.637
2026-06-19,12:27:35,94.5,241.6,0.677,9.637
2026-06-19,12:27:36,94.5,241.6,0.677,9.637
2026-06-19,12:27:37,94.5,241.6,0.677,9.637
2026-06-19,12:27:38,94.5,241.6,0.677,9.637
2026-06-19,12:27:39,94.5,241.6,0.677,9.637
2026-06-19,12:27:40,94.5,241.6,0.677,9.637
2026-06-19,12:27:41,94.5,241.6,0.677,9.637
2026-06-19,12:27:42,94.5,241.6,0.677,9.637
2026-06-19,12:27:43,94.5,241.6,0.677,9.637
2026-06-19,12:27:44,94.5,241.6,0.677,9.637
2026-06-19,12:27:45,94.5,241.6,0.677,9.637
2026-06-19,12:27:46,94.5,241.6,0.677,9.637
2026-06-19,12:27:47,94.5,241.6,0.677,9.637
2026-06-19,12:27:48,94.5,241.6,0.677,9.637
2026-06-19,12:27:49,94.5,241.6,0.677,9.637
2026-06-19,12:27:50,94.5,241.6,0.677,9.637
2026-06-19,12:27:51,94.5,241.6,0.677,9.637
2026-06-19,12:27:52,94.5,241.6,0.677,9.637
2026-06-19,12:27:53,94.5,241.6,0.677,9.637
2026-06-19,12:27:54,94.5,241.6,0.677,9.637
2026-06-19,12:27:55,94.5,241.6,0.677,9.637
2026-06-19,12:27:56,94.5,241.6,0.677,9.637
2026-06-19,12:27:57,94.5,241.6,0.677,9.637
2026-06-19,12:27:58,94.5,241.6,0.677,9.637
2026-06-19,12:27:59,94.5,241.6,0.677,9.637
2026-06-19,12:28:00,94.5,241.6,0.677,9.637
2026-06-19,12:28:01,94.5,241.6,0.677,9.637
2026-06-19,12:28:02,94.5,241.6,0.677,9.637
2026-06-19,12:28:03,94.5,241.6,0.677,9.637
2026-06-19,12:28:04,94.5,241.6,0.677,9.637
2026-06-19,12:28:05,94.5,241.6,0.677,9.637
2026-06-19,12:28:06,94.5,241.6,0.677,9.637
2026-06-19,12:28:07,94.5,241.6,0.677,9.637
2026-06-19,12:28:08,94.5,241.6,0.677,9.637
2026-06-19,12:28:09,94.5,241.6,0.677,9.637
2026-06-19,12:28:10,94.5,241.6,0.677,9.637
2026-06-19,12:28:11,94.5,241.6,0.677,9.637
2026-06-19,12:28:12,94.5,241.6,0.677,9.637
2026-06-19,12:28:13,94.5,241.6,0.677,9.637
2026-06-19,12:28:14,94.5,241.6,0.677,9.637
2026-06-19,12:28:15,94.5,241.6,0.677,9.637
2026-06-19,12:28:16,94.5,241.6,0.677,9.637
2026-06-19,12:28:17,94.5,241.6,0.677,9.637
2026-06-19,12:28:18,94.5,241.6,0.677,9.637
2026-06-19,12:28:19,94.5,241.6,0.677,9.637
2026-06-19,12:28:20,94.5,241.6,0.677,9.637
2026-06-19,12:28:21,94.5,241.6,0.677,9.637
2026-06-19,12:28:22,94.5,241.6,0.677,9.637
2026-06-19,12:28:23,94.5,241.6,0.677,9.637
2026-06-19,12:28:24,94.5,241.6,0.677,9.637
2026-06-19,12:28:25,94.5,241.6,0.677,9.637
2026-06-19,12:28:26,94.5,241.6,0.677,9.637
2026-06-19,12:28:27,94.5,241.6,0.677,9.637
2026-06-19,12:28:28,94.5,241.6,0.677,9.637
2026-06-19,12:28:29,94.5,241.6,0.677,9.637
2026-06-19,12:28:30,94.5,241.6,0.677,9.637
2026-06-19,12:28:31,94.5,241.6,0.677,9.637
2026-06-19,12:28:32,94.5,241.6,0.677,9.637
2026-06-19,12:28:33,94.5,241.6,0.677,9.637
2026-06-19,12:28:34,94.5,241.6,0.677,9.637
2026-06-19,12:28:35,94.5,241.6,0.677,9.637
2026-06-19,12:28:36,94.5,241.6,0.677,9.637
2026-06-19,12:28:37,94.5,241.6,0.677,9.637
2026-06-19,12:28:38,94.5,241.6,0.677,9.637
2026-06-19,12:28:39,94.5,241.6,0.677,9.637
2026-06-19,12:28:40,94.5,241.6,0.677,9.637
2026-06-19,12:28:41,94.5,241.6,0.677,9.637
2026-06-19,12:28:42,94.5,241.6,0.677,9.637
2026-06-19,12:28:43,94.5,241.6,0.677,9.637
2026-06-19,12:28:44,94.5,241.6,0.677,9.637
2026-06-19,12:28:45,94.5,241.6,0.677,9.637
2026-06-19,12:28:46,94.5,241.6,0.677,9.637
2026-06-19,12:28:47,94.5,241.6,0.677,9.637
2026-06-19,12:28:48,94.5,241.6,0.677,9.637
2026-06-19,12:28:49,94.5,241.6,0.677,9.637
2026-06-19,12:28:50,94.5,241.6,0.677,9.637
2026-06-19,12:28:51,94.5,241.6,0.677,9.637
2026-06-19,12:28:52,94.5,241.6,0.677,9.637
2026-06-19,12:28:53,94.5,241.6,0.677,9.637
2026-06-19,12:28:54,94.5,241.6,0.677,9.637
2026-06-19,12:28:55,94.5,241.6,0.677,9.637
2026-06-19,12:28:56,94.5,241.6,0.677,9.637
2026-06-19,12:28:57,94.5,241.6,0.677,9.637
2026-06-19,12:28:58,94.5,241.6,0.677,9.637
2026-06-19,12:28:59,94.5,241.6,0.677,9.637
2026-06-19,12:29:00,94.5,241.6,0.677,9.637
2026-06-19,12:29:01,94.5,241.6,0.677,9.637
2026-06-19,12:29:02,94.5,241.6,0.677,9.637
2026-06-19,12:29:03,94.5,241.6,0.677,9.637
2026-06-19,12:29:04,94.5,241.6,0.677,9.637
2026-06-19,12:29:05,94.5,241.6,0.677,9.637
2026-06-19,12:29:06,94.5,241.6,0.677,9.637
2026-06-19,12:29:07,94.5,241.6,0.677,9.637
2026-06-19,12:29:09,94.5,241.6,0.677,9.637
2026-06-19,12:29:10,94.5,241.6,0.677,9.637
2026-06-19,12:29:11,94.5,241.6,0.677,9.637
2026-06-19,12:29:12,94.5,241.6,0.677,9.637
2026-06-19,12:29:13,94.5,241.6,0.677,9.637
2026-06-19,12:29:14,94.5,241.6,0.677,9.637
2026-06-19,12:29:15,94.5,241.6,0.677,9.637
2026-06-19,12:29:16,94.5,241.6,0.677,9.637
2026-06-19,12:29:17,94.5,241.6,0.677,9.637
2026-06-19,12:29:18,94.5,241.6,0.677,9.637
2026-06-19,12:29:19,94.5,241.6,0.677,9.637
2026-06-19,12:29:20,94.5,241.6,0.677,9.637
2026-06-19,12:29:21,94.5,241.6,0.677,9.637
2026-06-19,12:29:22,94.5,241.6,0.677,9.637
2026-06-19,12:29:23,94.5,241.6,0.677,9.637
2026-06-19,12:29:24,94.5,241.6,0.677,9.637
2026-06-19,12:29:25,94.5,241.6,0.677,9.637
2026-06-19,12:29:26,94.5,241.6,0.677,9.637
2026-06-19,12:29:27,94.5,241.6,0.677,9.637
2026-06-19,12:29:28,94.5,241.6,0.677,9.637
2026-06-19,12:29:29,94.5,241.6,0.677,9.637
2026-06-19,12:29:30,94.5,241.6,0.677,9.637
2026-06-19,12:29:31,94.5,241.6,0.677,9.637
2026-06-19,12:29:32,94.5,241.6,0.677,9.637
2026-06-19,12:29:33,94.5,241.6,0.677,9.637
2026-06-19,12:29:34,94.5,241.6,0.677,9.637
2026-06-19,12:29:35,94.5,241.6,0.677,9.637
2026-06-19,12:29:36,94.5,241.6,0.677,9.68599999999999
2026-06-19,12:29:37,94.5,241.6,0.677,9.68599999999999
2026-06-19,12:29:38,94.5,241.6,0.677,9.68599999999999
2026-06-19,12:29:39,94.5,241.6,0.677,9.68599999999999
2026-06-19,12:29:40,94.5,241.6,0.677,9.68599999999999
2026-06-19,12:29:41,94.5,241.6,0.677,9.68599999999999
2026-06-19,12:29:42,94.5,241.6,0.677,9.68599999999999
2026-06-19,12:29:43,94.5,241.6,0.677,9.68599999999999
2026-06-19,12:29:44,94.5,241.6,0.677,9.68599999999999
2026-06-19,12:29:45,94.5,241.6,0.677,9.68599999999999
2026-06-19,12:29:46,94.5,241.6,0.677,9.68599999999999
2026-06-19,12:29:47,94.5,241.6,0.677,9.68599999999999
2026-06-19,12:29:48,94.5,241.6,0.677,9.68599999999999
2026-06-19,12:29:49,94.5,241.6,0.677,9.68599999999999
2026-06-19,12:29:50,94.5,241.6,0.677,9.68599999999999
2026-06-19,12:29:51,94.5,241.6,0.677,9.68599999999999
2026-06-19,12:29:52,94.5,241.6,0.677,9.68599999999999
2026-06-19,12:29:53,94.5,241.6,0.677,9.68599999999999
2026-06-19,12:29:54,94.5,241.6,0.677,9.68599999999999
2026-06-19,12:29:55,94.5,241.6,0.677,9.68599999999999
2026-06-19,12:29:56,94.5,241.6,0.677,9.68599999999999
2026-06-19,12:29:57,94.5,241.6,0.677,9.68599999999999
2026-06-19,12:29:58,94.5,241.6,0.677,9.68599999999999
2026-06-19,12:29:59,94.5,241.6,0.677,9.68599999999999
2026-06-19,12:30:00,94.5,241.6,0.677,9.68599999999999
2026-06-19,12:30:01,94.5,241.6,0.677,9.68599999999999
2026-06-19,12:30:02,94.5,241.6,0.677,9.68599999999999
2026-06-19,12:30:03,94.5,241.6,0.677,9.68599999999999
2026-06-19,12:30:04,94.5,241.6,0.677,9.68599999999999
2026-06-19,12:30:05,94.5,241.6,0.677,9.68599999999999
2026-06-19,12:30:06,94.5,241.6,0.677,9.68599999999999
2026-06-19,12:30:07,94.5,241.6,0.677,9.68599999999999
2026-06-19,12:30:08,94.5,241.6,0.677,9.68599999999999
2026-06-19,12:30:09,94.5,241.6,0.677,9.68599999999999
2026-06-19,12:30:10,94.5,241.6,0.677,9.68599999999999
2026-06-19,12:30:11,94.5,241.6,0.677,9.68599999999999
2026-06-19,12:30:12,94.5,241.6,0.677,9.68599999999999
2026-06-19,12:30:13,94.5,241.6,0.677,9.68599999999999
2026-06-19,12:30:14,94.5,241.6,0.677,9.68599999999999
2026-06-19,12:30:15,94.5,241.6,0.677,9.68599999999999
2026-06-19,12:30:16,94.5,241.6,0.677,9.68599999999999
2026-06-19,12:30:17,94.5,241.6,0.677,9.68599999999999
2026-06-19,12:30:18,94.5,241.6,0.677,9.68599999999999
2026-06-19,12:30:19,94.5,241.6,0.677,9.68599999999999
2026-06-19,12:30:20,94.5,241.6,0.677,9.68599999999999
2026-06-19,12:30:21,94.5,241.6,0.677,9.68599999999999
2026-06-19,12:30:22,94.5,241.6,0.677,9.68599999999999
2026-06-19,12:30:23,94.5,241.6,0.677,9.68599999999999
2026-06-19,12:30:24,94.5,241.6,0.677,9.68599999999999
2026-06-19,12:30:25,94.5,241.6,0.677,9.68599999999999
2026-06-19,12:30:26,94.5,241.6,0.677,9.68599999999999
2026-06-19,12:30:27,94.5,241.6,0.677,9.68599999999999
2026-06-19,12:30:28,94.5,241.6,0.677,9.68599999999999
2026-06-19,12:30:29,94.5,241.6,0.677,9.68599999999999
2026-06-19,12:30:30,94.5,241.6,0.677,9.68599999999999
2026-06-19,12:30:31,94.5,241.6,0.677,9.68599999999999
2026-06-19,12:30:32,94.5,241.6,0.677,9.68599999999999
2026-06-19,12:30:33,94.5,241.6,0.677,9.68599999999999
2026-06-19,12:30:34,94.5,241.6,0.677,9.68599999999999
2026-06-19,12:30:35,94.5,241.6,0.677,9.68599999999999
2026-06-19,12:30:36,94.5,241.6,0.677,9.68599999999999
2026-06-19,12:30:37,94.5,241.6,0.677,9.68599999999999
2026-06-19,12:30:38,94.5,241.6,0.677,9.68599999999999
2026-06-19,12:30:39,94.5,241.6,0.677,9.68599999999999
2026-06-19,12:30:40,94.5,241.6,0.677,9.68599999999999
2026-06-19,12:30:41,94.5,241.6,0.677,9.68599999999999
2026-06-19,12:30:42,94.5,241.6,0.677,9.68599999999999
2026-06-19,12:30:43,94.5,241.6,0.677,9.68599999999999
2026-06-19,12:30:44,94.5,241.6,0.677,9.68599999999999
2026-06-19,12:30:45,94.5,241.6,0.677,9.68599999999999
2026-06-19,12:30:46,94.5,241.6,0.677,9.68599999999999
2026-06-19,12:30:47,94.5,241.6,0.677,9.68599999999999
2026-06-19,12:30:48,94.5,241.6,0.677,9.68599999999999
2026-06-19,12:30:49,94.5,241.6,0.677,9.68599999999999
2026-06-19,12:30:50,94.5,241.6,0.677,9.68599999999999
2026-06-19,12:30:51,94.5,241.6,0.677,9.68599999999999
2026-06-19,12:30:52,94.5,241.6,0.677,9.68599999999999
2026-06-19,12:30:53,94.5,241.6,0.677,9.68599999999999
2026-06-19,12:30:54,94.5,241.6,0.677,9.68599999999999
2026-06-19,12:30:55,94.5,241.6,0.677,9.68599999999999
2026-06-19,12:30:56,94.5,241.6,0.677,9.68599999999999
2026-06-19,12:30:57,94.5,241.6,0.677,9.68599999999999
2026-06-19,12:30:58,94.5,241.6,0.677,9.68599999999999
2026-06-19,12:30:59,94.5,241.6,0.677,9.68599999999999
2026-06-19,12:31:00,94.5,241.6,0.677,9.68599999999999
2026-06-19,12:31:01,94.5,241.6,0.677,9.68599999999999
2026-06-19,12:31:02,94.5,241.6,0.677,9.68599999999999
2026-06-19,12:31:03,94.5,241.6,0.677,9.68599999999999
2026-06-19,12:31:04,94.5,241.6,0.677,9.68599999999999
2026-06-19,12:31:05,94.5,241.6,0.677,9.68599999999999
2026-06-19,12:31:06,94.5,241.6,0.677,9.68599999999999
2026-06-19,12:31:07,94.5,241.6,0.677,9.68599999999999
2026-06-19,12:31:08,94.5,241.6,0.677,9.68599999999999
2026-06-19,12:31:09,94.5,241.6,0.677,9.68599999999999
2026-06-19,12:31:10,94.5,241.6,0.677,9.68599999999999
2026-06-19,12:31:11,94.5,241.6,0.677,9.68599999999999
2026-06-19,12:31:12,94.5,241.6,0.677,9.68599999999999
2026-06-19,12:31:13,94.5,241.6,0.677,9.68599999999999
2026-06-19,12:31:14,94.5,241.6,0.677,9.68599999999999
2026-06-19,12:31:15,94.5,241.6,0.677,9.68599999999999
2026-06-19,12:31:16,94.5,241.6,0.677,9.68599999999999
2026-06-19,12:31:17,94.5,241.6,0.677,9.68599999999999
2026-06-19,12:31:18,94.5,241.6,0.677,9.68599999999999
2026-06-19,12:31:19,94.5,241.6,0.677,9.68599999999999
2026-06-19,12:31:20,94.5,241.6,0.677,9.68599999999999
2026-06-19,12:31:21,94.5,241.6,0.677,9.68599999999999
2026-06-19,12:31:22,94.5,241.6,0.677,9.68599999999999
2026-06-19,12:31:23,94.5,241.6,0.677,9.68599999999999
2026-06-19,12:31:24,94.5,241.6,0.677,9.68599999999999
2026-06-19,12:31:25,94.5,241.6,0.677,9.68599999999999
2026-06-19,12:31:26,94.5,241.6,0.677,9.68599999999999
2026-06-19,12:31:27,94.5,241.6,0.677,9.68599999999999
2026-06-19,12:31:28,94.5,241.6,0.677,9.68599999999999
2026-06-19,12:31:29,94.5,241.6,0.677,9.68599999999999
2026-06-19,12:31:30,94.5,241.6,0.677,9.68599999999999
2026-06-19,12:31:31,94.5,241.6,0.677,9.68599999999999
2026-06-19,12:31:32,94.5,241.6,0.677,9.68599999999999
2026-06-19,12:31:33,94.5,241.6,0.677,9.68599999999999
2026-06-19,12:31:34,94.5,241.6,0.677,9.68599999999999
2026-06-19,12:31:35,94.5,241.6,0.677,9.68599999999999
2026-06-19,12:31:36,94.5,241.6,0.677,9.68599999999999
2026-06-19,12:31:37,94.5,241.6,0.677,9.68599999999999
2026-06-19,12:31:38,94.5,241.6,0.677,9.68599999999999
2026-06-19,12:31:39,94.5,241.6,0.677,9.68599999999999
2026-06-19,12:31:40,94.5,241.6,0.677,9.68599999999999
2026-06-19,12:31:41,94.5,241.6,0.677,9.68599999999999
2026-06-19,12:31:42,94.5,241.6,0.677,9.68599999999999
2026-06-19,12:31:43,94.5,241.6,0.677,9.68599999999999
2026-06-19,12:31:44,94.5,241.6,0.677,9.68599999999999
2026-06-19,12:31:45,94.5,241.6,0.677,9.68599999999999
2026-06-19,12:31:46,94.5,241.6,0.677,9.68599999999999
2026-06-19,12:31:47,94.5,241.6,0.677,9.68599999999999
2026-06-19,12:31:48,94.5,241.6,0.677,9.68599999999999
2026-06-19,12:31:49,94.5,241.6,0.677,9.68599999999999
2026-06-19,12:31:51,94.5,241.6,0.677,9.68599999999999
2026-06-19,12:31:52,94.5,241.6,0.677,9.68599999999999
2026-06-19,12:31:53,94.5,241.6,0.677,9.68599999999999
2026-06-19,12:31:54,94.5,241.6,0.677,9.68599999999999
2026-06-19,12:31:55,94.5,241.6,0.677,9.68599999999999
2026-06-19,12:31:56,94.5,241.6,0.677,9.68599999999999
2026-06-19,12:31:57,94.5,241.6,0.677,9.68599999999999
2026-06-19,12:31:58,94.5,241.6,0.677,9.68599999999999
2026-06-19,12:31:59,94.5,241.6,0.677,9.68599999999999
2026-06-19,12:32:00,94.5,241.6,0.677,9.68599999999999
2026-06-19,12:32:01,94.5,241.6,0.677,9.68599999999999
2026-06-19,12:32:02,94.5,241.6,0.677,9.68599999999999
2026-06-19,12:32:03,94.5,241.6,0.677,9.68599999999999
2026-06-19,12:32:04,94.5,241.6,0.677,9.68599999999999
2026-06-19,12:32:05,94.5,241.6,0.677,9.68599999999999
2026-06-19,12:32:06,94.5,241.6,0.677,9.68599999999999
2026-06-19,12:32:07,94.5,241.6,0.677,9.68599999999999
2026-06-19,12:32:08,94.5,241.6,0.677,9.68599999999999
2026-06-19,12:32:09,94.5,241.6,0.677,9.68599999999999
2026-06-19,12:32:10,94.5,241.6,0.677,9.68599999999999
2026-06-19,12:32:11,94.5,241.6,0.677,9.68599999999999
2026-06-19,12:32:12,94.5,241.6,0.677,9.68599999999999
2026-06-19,12:32:13,94.5,241.6,0.677,9.68599999999999
2026-06-19,12:32:14,94.5,241.6,0.677,9.68599999999999
2026-06-19,12:32:15,94.5,241.6,0.677,9.68599999999999
2026-06-19,12:32:16,94.5,241.6,0.677,9.68599999999999
2026-06-19,12:32:17,94.5,241.6,0.677,9.68599999999999
2026-06-19,12:32:18,94.5,241.6,0.677,9.68599999999999
2026-06-19,12:32:19,94.5,241.6,0.677,9.68599999999999
2026-06-19,12:32:20,94.5,241.6,0.677,9.68599999999999
2026-06-19,12:32:21,94.5,241.6,0.677,9.68599999999999
2026-06-19,12:32:22,94.5,241.6,0.677,9.68599999999999
2026-06-19,12:32:23,94.5,241.6,0.677,9.68599999999999
2026-06-19,12:32:24,94.5,241.6,0.677,9.68599999999999
2026-06-19,12:32:25,94.5,241.6,0.677,9.68599999999999
2026-06-19,12:32:26,94.5,241.6,0.677,9.68599999999999
2026-06-19,12:32:27,94.5,241.6,0.677,9.68599999999999
2026-06-19,12:32:28,94.5,241.6,0.677,9.68599999999999
2026-06-19,12:32:29,94.5,241.6,0.677,9.68599999999999
2026-06-19,12:32:30,94.5,241.6,0.677,9.68599999999999
2026-06-19,12:32:31,94.5,241.6,0.677,9.68599999999999
2026-06-19,12:32:32,94.5,241.6,0.677,9.68599999999999
2026-06-19,12:32:33,94.5,241.6,0.677,9.68599999999999
2026-06-19,12:32:34,94.5,241.6,0.677,9.68599999999999
2026-06-19,12:32:35,94.5,241.6,0.677,9.68599999999999
2026-06-19,12:32:36,94.5,241.6,0.677,9.68599999999999
2026-06-19,12:32:37,94.5,241.6,0.677,9.68599999999999
2026-06-19,12:32:38,94.5,241.6,0.677,9.68599999999999
2026-06-19,12:32:39,94.5,241.6,0.677,9.68599999999999
2026-06-19,12:32:40,94.5,241.6,0.677,9.68599999999999
2026-06-19,12:32:41,94.5,241.6,0.677,9.68599999999999
2026-06-19,12:32:42,94.5,241.6,0.677,9.68599999999999
2026-06-19,12:32:43,94.5,241.6,0.677,9.68599999999999
2026-06-19,12:32:44,94.5,241.6,0.677,9.68599999999999
2026-06-19,12:32:45,94.5,241.6,0.677,9.68599999999999
2026-06-19,12:32:46,94.5,241.6,0.677,9.68599999999999
2026-06-19,12:32:47,94.5,241.6,0.677,9.68599999999999
2026-06-19,12:32:48,94.5,241.6,0.677,9.68599999999999
2026-06-19,12:32:49,94.5,241.6,0.677,9.68599999999999
2026-06-19,12:32:50,94.5,241.6,0.677,9.68599999999999
2026-06-19,12:32:51,94.5,241.6,0.677,9.68599999999999
2026-06-19,12:32:52,94.5,241.6,0.677,9.68599999999999
2026-06-19,12:32:53,94.5,241.6,0.677,9.68599999999999
2026-06-19,12:32:54,94.5,241.6,0.677,9.68599999999999
2026-06-19,12:32:55,94.5,241.6,0.677,9.68599999999999
2026-06-19,12:32:56,94.5,241.6,0.677,9.68599999999999
2026-06-19,12:32:57,94.5,241.6,0.677,9.68599999999999
2026-06-19,12:32:58,94.5,241.6,0.677,9.68599999999999
2026-06-19,12:32:59,94.5,241.6,0.677,9.68599999999999
2026-06-19,12:33:00,94.5,241.6,0.677,9.68599999999999
2026-06-19,12:33:01,94.5,241.6,0.677,9.68599999999999
2026-06-19,12:33:02,94.5,241.6,0.677,9.68599999999999
2026-06-19,12:33:03,94.5,241.6,0.677,9.68599999999999
2026-06-19,12:33:04,94.5,241.6,0.677,9.68599999999999
2026-06-19,12:33:05,94.5,241.6,0.677,9.68599999999999
2026-06-19,12:33:06,94.5,241.6,0.677,9.68599999999999
2026-06-19,12:33:07,94.5,241.6,0.677,9.68599999999999
2026-06-19,12:33:08,94.5,241.6,0.677,9.68599999999999
2026-06-19,12:33:09,94.5,241.6,0.677,9.68599999999999
2026-06-19,12:33:10,94.5,241.6,0.677,9.68599999999999
2026-06-19,12:33:11,94.5,241.6,0.677,9.68599999999999
2026-06-19,12:33:12,94.5,241.6,0.677,9.68599999999999
2026-06-19,12:33:13,94.5,241.6,0.677,9.68599999999999
2026-06-19,12:33:14,94.5,241.6,0.677,9.68599999999999
2026-06-19,12:33:15,94.5,241.6,0.677,9.68599999999999
2026-06-19,12:33:16,94.5,241.6,0.677,9.68599999999999
2026-06-19,12:33:17,94.5,241.6,0.677,9.68599999999999
2026-06-19,12:33:18,94.5,241.6,0.677,9.68599999999999
2026-06-19,12:33:19,94.5,241.6,0.677,9.68599999999999
2026-06-19,12:33:20,94.5,241.6,0.677,9.68599999999999
2026-06-19,12:33:21,94.5,241.6,0.677,9.68599999999999
2026-06-19,12:33:22,94.5,241.6,0.677,9.68599999999999
2026-06-19,12:33:23,94.5,241.6,0.677,9.68599999999999
2026-06-19,12:33:24,94.5,241.6,0.677,9.68599999999999
2026-06-19,12:33:25,94.5,241.6,0.677,9.68599999999999
2026-06-19,12:33:26,94.5,241.6,0.677,9.68599999999999
2026-06-19,12:33:27,94.5,241.6,0.677,9.68599999999999
2026-06-19,12:33:28,94.5,241.6,0.677,9.68599999999999
2026-06-19,12:33:29,94.5,241.6,0.677,9.68599999999999
2026-06-19,12:33:30,94.5,241.6,0.677,9.68599999999999
2026-06-19,12:33:31,94.5,241.6,0.677,9.68599999999999
2026-06-19,12:33:32,94.5,241.6,0.677,9.68599999999999
2026-06-19,12:33:33,94.5,241.6,0.677,9.68599999999999
2026-06-19,12:33:34,94.5,241.6,0.677,9.68599999999999
2026-06-19,12:33:35,94.5,241.6,0.677,9.68599999999999
2026-06-19,12:33:36,94.5,241.6,0.677,9.68599999999999
2026-06-19,12:33:37,94.5,241.6,0.677,9.68599999999999
2026-06-19,12:33:38,94.5,241.6,0.677,9.68599999999999
2026-06-19,12:33:39,94.5,241.6,0.677,9.68599999999999
2026-06-19,12:33:40,94.5,241.6,0.677,9.68599999999999
2026-06-19,12:33:41,94.5,241.6,0.677,9.68599999999999
2026-06-19,12:33:42,94.5,241.6,0.677,9.68599999999999
2026-06-19,12:33:43,94.5,241.6,0.677,9.68599999999999
2026-06-19,12:33:44,94.5,241.6,0.677,9.68599999999999
2026-06-19,12:33:45,94.5,241.6,0.677,9.68599999999999
2026-06-19,12:33:46,94.5,241.6,0.677,9.68599999999999
2026-06-19,12:33:47,94.5,241.6,0.677,9.68599999999999
2026-06-19,12:33:48,94.5,241.6,0.677,9.68599999999999
2026-06-19,12:33:49,94.5,241.6,0.677,9.68599999999999
2026-06-19,12:33:50,94.5,241.6,0.677,9.68599999999999
2026-06-19,12:33:51,94.5,241.6,0.677,9.68599999999999
2026-06-19,12:33:52,94.5,241.6,0.677,9.68599999999999
2026-06-19,12:33:53,94.5,241.6,0.677,9.68599999999999
2026-06-19,12:33:54,94.5,241.6,0.677,9.68599999999999
2026-06-19,12:33:55,94.5,241.6,0.677,9.68599999999999
2026-06-19,12:33:56,94.5,241.6,0.677,9.68599999999999
2026-06-19,12:33:57,94.5,241.6,0.677,9.68599999999999
2026-06-19,12:33:58,94.5,241.6,0.677,9.68599999999999
2026-06-19,12:33:59,94.5,241.6,0.677,9.68599999999999
2026-06-19,12:34:00,94.5,241.6,0.677,9.68599999999999
2026-06-19,12:34:01,94.5,241.6,0.677,9.68599999999999
2026-06-19,12:34:02,94.5,241.6,0.677,9.68599999999999
2026-06-19,12:34:03,94.5,241.6,0.677,9.68599999999999
2026-06-19,12:34:04,94.5,241.6,0.677,9.68599999999999
2026-06-19,12:34:05,94.5,241.6,0.677,9.68599999999999
2026-06-19,12:34:06,94.5,241.6,0.677,9.68599999999999
2026-06-19,12:34:07,94.5,241.6,0.677,9.68599999999999
2026-06-19,12:34:08,94.5,241.6,0.677,9.68599999999999
2026-06-19,12:34:09,94.5,241.6,0.677,9.68599999999999
2026-06-19,12:34:10,94.5,241.6,0.677,9.68599999999999
2026-06-19,12:34:11,94.5,241.6,0.677,9.68599999999999
2026-06-19,12:34:12,94.5,241.6,0.677,9.68599999999999
2026-06-19,12:34:13,94.5,241.6,0.677,9.68599999999999
2026-06-19,12:34:14,94.5,241.6,0.677,9.68599999999999
2026-06-19,12:34:15,94.5,241.6,0.677,9.68599999999999
2026-06-19,12:34:16,94.5,241.6,0.677,9.68599999999999
2026-06-19,12:34:17,94.5,241.6,0.677,9.68599999999999
2026-06-19,12:34:18,94.5,241.6,0.677,9.68599999999999
2026-06-19,12:34:20,94.5,241.6,0.677,9.68599999999999
2026-06-19,12:34:21,94.5,241.6,0.677,9.68599999999999
2026-06-19,12:34:22,94.5,241.6,0.677,9.68599999999999
2026-06-19,12:34:23,94.5,241.6,0.677,9.68599999999999
2026-06-19,12:34:24,94.5,241.6,0.677,9.68599999999999
2026-06-19,12:34:25,94.5,241.6,0.677,9.68599999999999
2026-06-19,12:34:26,94.5,241.6,0.677,9.68599999999999
2026-06-19,12:34:27,94.5,241.6,0.677,9.68599999999999
2026-06-19,12:34:28,94.5,241.6,0.677,9.68599999999999
2026-06-19,12:34:29,94.5,241.6,0.677,9.68599999999999
2026-06-19,12:34:30,94.5,241.6,0.677,9.68599999999999
2026-06-19,12:34:31,94.5,241.6,0.677,9.68599999999999
2026-06-19,12:34:32,94.5,241.6,0.677,9.68599999999999
2026-06-19,12:34:33,94.5,241.6,0.677,9.68599999999999
2026-06-19,12:34:34,94.5,241.6,0.677,9.68599999999999
2026-06-19,12:34:35,94.5,241.6,0.677,9.68599999999999
2026-06-19,12:34:36,94.5,241.6,0.677,9.68599999999999
2026-06-19,12:34:37,94.5,241.6,0.677,9.68599999999999
2026-06-19,12:34:38,94.5,241.6,0.677,9.68599999999999
2026-06-19,12:34:39,94.5,241.6,0.677,9.68599999999999
2026-06-19,12:34:40,94.5,241.6,0.677,9.68599999999999
2026-06-19,12:34:41,94.5,241.6,0.677,9.68599999999999
2026-06-19,12:34:42,94.5,241.6,0.677,9.68599999999999
2026-06-19,12:34:43,94.5,241.6,0.677,9.68599999999999
2026-06-19,12:34:44,94.5,241.6,0.677,9.68599999999999
2026-06-19,12:34:45,94.5,241.6,0.677,9.68599999999999
2026-06-19,12:34:46,94.5,241.6,0.677,9.68599999999999
2026-06-19,12:34:47,94.5,241.6,0.677,9.68599999999999
2026-06-19,12:34:48,94.5,241.6,0.677,9.68599999999999
2026-06-19,12:34:49,94.5,241.6,0.677,9.68599999999999
2026-06-19,12:34:50,94.5,241.6,0.677,9.68599999999999
2026-06-19,12:34:51,94.5,241.6,0.677,9.68599999999999
2026-06-19,12:34:52,94.5,241.6,0.677,9.68599999999999
2026-06-19,12:34:53,94.5,241.6,0.677,9.68599999999999
2026-06-19,12:34:54,94.5,241.6,0.677,9.68599999999999
2026-06-19,12:34:55,94.5,241.6,0.677,9.68599999999999
2026-06-19,12:34:56,94.5,241.6,0.677,9.68599999999999
2026-06-19,12:34:57,94.5,241.6,0.677,9.68599999999999
2026-06-19,12:34:58,94.5,241.6,0.677,9.68599999999999
2026-06-19,12:34:59,94.5,241.6,0.677,9.68599999999999
2026-06-19,12:35:00,94.5,241.6,0.677,9.68599999999999
2026-06-19,12:35:01,94.5,241.6,0.677,9.68599999999999
2026-06-19,12:35:02,94.5,241.6,0.677,9.68599999999999
2026-06-19,12:35:03,94.5,241.6,0.677,9.68599999999999
2026-06-19,12:35:04,94.5,241.6,0.677,9.68599999999999
2026-06-19,12:35:05,69.6,241.6,0.524,9.68599999999999
2026-06-19,12:35:06,69.6,241.6,0.524,9.68599999999999
2026-06-19,12:35:07,69.6,241.6,0.524,9.68599999999999
2026-06-19,12:35:08,69.6,241.6,0.524,9.68599999999999
2026-06-19,12:35:09,69.6,241.6,0.524,9.68599999999999
2026-06-19,12:35:10,69.6,241.6,0.524,9.68599999999999
2026-06-19,12:35:11,69.6,241.6,0.524,9.68599999999999
2026-06-19,12:35:12,69.6,241.6,0.524,9.68599999999999
2026-06-19,12:35:13,69.6,241.6,0.524,9.68599999999999
2026-06-19,12:35:14,69.6,241.6,0.524,9.68599999999999
2026-06-19,12:35:15,69.6,241.6,0.524,9.68599999999999
2026-06-19,12:35:16,69.6,241.6,0.524,9.68599999999999
2026-06-19,12:35:17,69.6,241.6,0.524,9.68599999999999
2026-06-19,12:35:18,69.6,241.6,0.524,9.68599999999999
2026-06-19,12:35:19,69.6,241.6,0.524,9.68599999999999
2026-06-19,12:35:20,69.6,241.6,0.524,9.68599999999999
2026-06-19,12:35:21,69.6,241.6,0.524,9.68599999999999
2026-06-19,12:35:22,69.6,241.6,0.524,9.68599999999999
2026-06-19,12:35:23,69.6,241.6,0.524,9.68599999999999
2026-06-19,12:35:24,69.6,241.6,0.524,9.68599999999999
2026-06-19,12:35:25,69.6,241.6,0.524,9.68599999999999
2026-06-19,12:35:26,69.6,241.6,0.524,9.68599999999999
2026-06-19,12:35:27,69.6,241.6,0.524,9.68599999999999
2026-06-19,12:35:28,69.6,241.6,0.524,9.68599999999999
2026-06-19,12:35:29,69.6,241.6,0.524,9.68599999999999
2026-06-19,12:35:30,69.6,241.6,0.524,9.68599999999999
2026-06-19,12:35:31,69.6,241.6,0.524,9.68599999999999
2026-06-19,12:35:32,69.6,241.6,0.524,9.68599999999999
2026-06-19,12:35:33,69.6,241.6,0.524,9.68599999999999
2026-06-19,12:35:34,69.6,241.6,0.524,9.68599999999999
2026-06-19,12:35:35,69.6,241.6,0.524,9.68599999999999
2026-06-19,12:35:36,69.6,241.6,0.524,9.68599999999999
2026-06-19,12:35:37,69.6,241.6,0.524,9.68599999999999
2026-06-19,12:35:38,69.6,241.6,0.524,9.68599999999999
2026-06-19,12:35:39,69.6,241.6,0.524,9.68599999999999
2026-06-19,12:35:40,69.6,241.6,0.524,9.68599999999999
2026-06-19,12:35:41,69.6,241.6,0.524,9.68599999999999
2026-06-19,12:35:42,69.6,241.6,0.524,9.68599999999999
2026-06-19,12:35:43,69.6,241.6,0.524,9.68599999999999
2026-06-19,12:35:44,69.6,241.6,0.524,9.68599999999999
2026-06-19,12:35:45,69.6,241.6,0.524,9.68599999999999
2026-06-19,12:35:46,69.6,241.6,0.524,9.68599999999999
2026-06-19,12:35:47,69.6,241.6,0.524,9.68599999999999
2026-06-19,12:35:48,69.6,241.6,0.524,9.68599999999999
2026-06-19,12:35:49,69.6,241.6,0.524,9.68599999999999
2026-06-19,12:35:50,69.6,241.6,0.524,9.68599999999999
2026-06-19,12:35:51,69.6,241.6,0.524,9.68599999999999
2026-06-19,12:35:52,69.6,241.6,0.524,9.68599999999999
2026-06-19,12:35:53,69.6,241.6,0.524,9.68599999999999
2026-06-19,12:35:54,69.6,241.6,0.524,9.68599999999999
2026-06-19,12:35:55,69.6,241.6,0.524,9.68599999999999
2026-06-19,12:35:56,69.6,241.6,0.524,9.68599999999999
2026-06-19,12:35:57,69.6,241.6,0.524,9.68599999999999
2026-06-19,12:35:58,69.6,241.6,0.524,9.68599999999999
2026-06-19,12:35:59,69.6,241.6,0.524,9.68599999999999
2026-06-19,12:36:00,69.6,241.6,0.524,9.68599999999999
2026-06-19,12:36:01,69.6,241.6,0.524,9.68599999999999
2026-06-19,12:36:02,69.6,241.6,0.524,9.68599999999999
2026-06-19,12:36:03,69.6,241.6,0.524,9.68599999999999
2026-06-19,12:36:04,69.6,241.6,0.524,9.68599999999999
2026-06-19,12:36:05,69.6,241.6,0.524,9.68599999999999
2026-06-19,12:36:06,69.6,241.6,0.524,9.68599999999999
2026-06-19,12:36:07,69.6,241.6,0.524,9.68599999999999
2026-06-19,12:36:08,69.6,241.6,0.524,9.68599999999999
2026-06-19,12:36:09,69.6,241.6,0.524,9.68599999999999
2026-06-19,12:36:10,69.6,241.6,0.524,9.68599999999999
2026-06-19,12:36:11,69.6,241.6,0.524,9.68599999999999
2026-06-19,12:36:12,69.6,241.6,0.524,9.68599999999999
2026-06-19,12:36:13,69.6,241.6,0.524,9.68599999999999
2026-06-19,12:36:14,69.6,241.6,0.524,9.68599999999999
2026-06-19,12:36:15,69.6,241.6,0.524,9.68599999999999
2026-06-19,12:36:16,69.6,241.6,0.524,9.68599999999999
2026-06-19,12:36:17,69.6,241.6,0.524,9.68599999999999
2026-06-19,12:36:18,69.6,241.6,0.524,9.68599999999999
2026-06-19,12:36:19,69.6,241.6,0.524,9.68599999999999
2026-06-19,12:36:20,69.6,241.6,0.524,9.68599999999999
2026-06-19,12:36:21,69.6,241.6,0.524,9.68599999999999
2026-06-19,12:36:22,69.6,241.6,0.524,9.68599999999999
2026-06-19,12:36:23,69.6,241.6,0.524,9.68599999999999
2026-06-19,12:36:24,69.6,241.6,0.524,9.68599999999999
2026-06-19,12:36:25,69.6,241.6,0.524,9.68599999999999
2026-06-19,12:36:26,69.6,241.6,0.524,9.68599999999999
2026-06-19,12:36:27,69.6,241.6,0.524,9.68599999999999
2026-06-19,12:36:28,69.6,241.6,0.524,9.68599999999999
2026-06-19,12:36:29,69.6,241.6,0.524,9.68599999999999
2026-06-19,12:36:31,69.6,241.6,0.524,9.68599999999999
2026-06-19,12:36:32,69.6,241.6,0.524,9.68599999999999
2026-06-19,12:36:33,69.6,241.6,0.524,9.68599999999999
2026-06-19,12:36:34,69.6,241.6,0.524,9.68599999999999
2026-06-19,12:36:35,69.6,241.6,0.524,9.68599999999999
2026-06-19,12:36:36,69.6,241.6,0.524,9.68599999999999
2026-06-19,12:36:37,69.6,241.6,0.524,9.68599999999999
2026-06-19,12:36:38,69.6,241.6,0.524,9.68599999999999
2026-06-19,12:36:39,69.6,241.6,0.524,9.68599999999999
2026-06-19,12:36:40,69.6,241.6,0.524,9.68599999999999
2026-06-19,12:36:41,69.6,241.6,0.524,9.68599999999999
2026-06-19,12:36:42,69.6,241.6,0.524,9.68599999999999
2026-06-19,12:36:43,69.6,241.6,0.524,9.68599999999999
2026-06-19,12:36:44,69.6,241.6,0.524,9.68599999999999
2026-06-19,12:36:45,69.6,241.6,0.524,9.68599999999999
2026-06-19,12:36:46,69.6,241.6,0.524,9.68599999999999
2026-06-19,12:36:47,69.6,241.6,0.524,9.68599999999999
2026-06-19,12:36:48,69.6,241.6,0.524,9.68599999999999
2026-06-19,12:36:49,69.6,241.6,0.524,9.68599999999999
2026-06-19,12:36:50,69.6,241.6,0.524,9.68599999999999
2026-06-19,12:36:51,69.6,241.6,0.524,9.68599999999999
2026-06-19,12:36:52,69.6,241.6,0.524,9.68599999999999
2026-06-19,12:36:53,69.6,241.6,0.524,9.68599999999999
2026-06-19,12:36:54,69.6,241.6,0.524,9.68599999999999
2026-06-19,12:36:55,69.6,241.6,0.524,9.68599999999999
2026-06-19,12:36:56,69.6,241.6,0.524,9.68599999999999
2026-06-19,12:36:57,69.6,241.6,0.524,9.68599999999999
2026-06-19,12:36:58,69.6,241.6,0.524,9.68599999999999
2026-06-19,12:36:59,69.6,241.6,0.524,9.68599999999999
2026-06-19,12:37:00,69.6,241.6,0.524,9.68599999999999
2026-06-19,12:37:01,69.6,241.6,0.524,9.68599999999999
2026-06-19,12:37:02,69.6,241.6,0.524,9.68599999999999
2026-06-19,12:37:03,69.6,241.6,0.524,9.68599999999999
2026-06-19,12:37:04,69.6,241.6,0.524,9.68599999999999
2026-06-19,12:37:05,69.6,241.6,0.524,9.68599999999999
2026-06-19,12:37:06,69.6,241.6,0.524,9.68599999999999
2026-06-19,12:37:07,69.6,241.6,0.524,9.68599999999999
2026-06-19,12:37:08,69.6,241.6,0.524,9.68599999999999
2026-06-19,12:37:09,69.6,241.6,0.524,9.68599999999999
2026-06-19,12:37:10,69.6,241.6,0.524,9.68599999999999
2026-06-19,12:37:11,69.6,241.6,0.524,9.68599999999999
2026-06-19,12:37:12,69.6,241.6,0.524,9.68599999999999
2026-06-19,12:37:13,69.6,241.6,0.524,9.68599999999999
2026-06-19,12:37:14,69.6,241.6,0.524,9.68599999999999
2026-06-19,12:37:15,69.6,241.6,0.524,9.68599999999999
2026-06-19,12:37:16,69.6,241.6,0.524,9.68599999999999
2026-06-19,12:37:17,69.6,241.6,0.524,9.68599999999999
2026-06-19,12:37:18,69.6,241.6,0.524,9.68599999999999
2026-06-19,12:37:19,69.6,241.6,0.524,9.68599999999999
2026-06-19,12:37:20,69.6,241.6,0.524,9.68599999999999
2026-06-19,12:37:21,69.6,241.6,0.524,9.68599999999999
2026-06-19,12:37:22,69.6,241.6,0.524,9.68599999999999
2026-06-19,12:37:23,69.6,241.6,0.524,9.68599999999999
2026-06-19,12:37:24,69.6,241.6,0.524,9.68599999999999
2026-06-19,12:37:25,69.6,241.6,0.524,9.68599999999999
2026-06-19,12:37:26,69.6,241.6,0.524,9.68599999999999
2026-06-19,12:37:27,69.6,241.6,0.524,9.68599999999999
2026-06-19,12:37:28,69.6,241.6,0.524,9.68599999999999
2026-06-19,12:37:29,69.6,241.6,0.524,9.68599999999999
2026-06-19,12:37:30,69.6,241.6,0.524,9.68599999999999
2026-06-19,12:37:31,69.6,241.6,0.524,9.68599999999999
2026-06-19,12:37:32,69.6,241.6,0.524,9.68599999999999
2026-06-19,12:37:33,69.6,241.6,0.524,9.68599999999999
2026-06-19,12:37:34,69.6,241.6,0.524,9.68599999999999
2026-06-19,12:37:35,69.6,241.6,0.524,9.68599999999999
2026-06-19,12:37:36,69.6,241.6,0.524,9.68599999999999
2026-06-19,12:37:37,69.6,241.6,0.524,9.68599999999999
2026-06-19,12:37:38,69.6,241.6,0.524,9.68599999999999
2026-06-19,12:37:39,69.6,241.6,0.524,9.68599999999999
2026-06-19,12:37:40,97.5,241.6,0.683,9.68599999999999
2026-06-19,12:37:41,97.5,241.6,0.683,9.68599999999999
2026-06-19,12:37:42,97.5,241.6,0.683,9.68599999999999
2026-06-19,12:37:43,97.5,241.6,0.683,9.68599999999999
2026-06-19,12:37:44,97.5,241.6,0.683,9.68599999999999
2026-06-19,12:37:45,97.5,241.6,0.683,9.68599999999999
2026-06-19,12:37:46,97.5,241.6,0.683,9.68599999999999
2026-06-19,12:37:47,97.5,241.6,0.683,9.68599999999999
2026-06-19,12:37:48,97.5,241.6,0.683,9.68599999999999
2026-06-19,12:37:49,97.5,241.6,0.683,9.68599999999999
2026-06-19,12:37:50,97.5,241.6,0.683,9.68599999999999
2026-06-19,12:37:51,97.5,241.6,0.683,9.68599999999999
2026-06-19,12:37:52,97.5,241.6,0.683,9.68599999999999
2026-06-19,12:37:53,97.5,241.6,0.683,9.68599999999999
2026-06-19,12:37:54,97.5,241.6,0.683,9.68599999999999
2026-06-19,12:37:55,97.5,241.6,0.683,9.68599999999999
2026-06-19,12:37:56,97.5,241.6,0.683,9.68599999999999
2026-06-19,12:37:57,97.5,241.6,0.683,9.68599999999999
2026-06-19,12:37:58,97.5,241.6,0.683,9.68599999999999
2026-06-19,12:37:59,97.5,241.6,0.683,9.68599999999999
2026-06-19,12:38:00,97.5,241.6,0.683,9.68599999999999
2026-06-19,12:38:01,97.5,241.6,0.683,9.68599999999999
2026-06-19,12:38:02,97.5,241.6,0.683,9.68599999999999
2026-06-19,12:38:03,97.5,241.6,0.683,9.68599999999999
2026-06-19,12:38:04,97.5,241.6,0.683,9.68599999999999
2026-06-19,12:38:05,97.5,241.6,0.683,9.68599999999999
2026-06-19,12:38:06,97.5,241.6,0.683,9.68599999999999
2026-06-19,12:38:07,97.5,241.6,0.683,9.68599999999999
2026-06-19,12:38:08,97.5,241.6,0.683,9.68599999999999
2026-06-19,12:38:09,97.5,241.6,0.683,9.68599999999999
2026-06-19,12:38:10,97.5,241.6,0.683,9.68599999999999
2026-06-19,12:38:11,97.5,241.6,0.683,9.68599999999999
2026-06-19,12:38:12,97.5,241.6,0.683,9.68599999999999
2026-06-19,12:38:13,97.5,241.6,0.683,9.68599999999999
2026-06-19,12:38:14,97.5,241.6,0.683,9.68599999999999
2026-06-19,12:38:15,97.5,241.6,0.683,9.68599999999999
2026-06-19,12:38:16,97.5,241.6,0.683,9.68599999999999
2026-06-19,12:38:17,97.5,241.6,0.683,9.68599999999999
2026-06-19,12:38:18,97.5,241.6,0.683,9.68599999999999
2026-06-19,12:38:19,97.5,241.6,0.683,9.68599999999999
2026-06-19,12:38:20,97.5,241.6,0.683,9.68599999999999
2026-06-19,12:38:21,97.5,241.6,0.683,9.68599999999999
2026-06-19,12:38:22,97.5,241.6,0.683,9.68599999999999
2026-06-19,12:38:23,97.5,241.6,0.683,9.68599999999999
2026-06-19,12:38:24,97.5,241.6,0.683,9.68599999999999
2026-06-19,12:38:25,97.5,241.6,0.683,9.68599999999999
2026-06-19,12:38:26,97.5,241.6,0.683,9.68599999999999
2026-06-19,12:38:27,97.5,241.6,0.683,9.68599999999999
2026-06-19,12:38:28,97.5,241.6,0.683,9.68599999999999
2026-06-19,12:38:29,97.5,241.6,0.683,9.68599999999999
2026-06-19,12:38:30,97.5,241.6,0.683,9.68599999999999
2026-06-19,12:38:31,97.5,241.6,0.683,9.68599999999999
2026-06-19,12:38:32,97.5,241.6,0.683,9.68599999999999
2026-06-19,12:38:33,97.5,241.6,0.683,9.68599999999999
2026-06-19,12:38:34,97.5,241.6,0.683,9.68599999999999
2026-06-19,12:38:35,97.5,241.6,0.683,9.68599999999999
2026-06-19,12:38:36,97.5,241.6,0.683,9.68599999999999
2026-06-19,12:38:37,97.5,241.6,0.683,9.68599999999999
2026-06-19,12:38:38,97.5,241.6,0.683,9.68599999999999
2026-06-19,12:38:39,97.5,241.6,0.683,9.68599999999999
2026-06-19,12:38:40,97.5,241.6,0.683,9.68599999999999
2026-06-19,12:38:41,97.5,241.6,0.683,9.68599999999999
2026-06-19,12:38:42,97.5,241.6,0.683,9.68599999999999
2026-06-19,12:38:43,97.5,241.6,0.683,9.68599999999999
2026-06-19,12:38:44,97.5,241.6,0.683,9.68599999999999
2026-06-19,12:38:45,97.5,241.6,0.683,9.68599999999999
2026-06-19,12:38:46,97.5,241.6,0.683,9.68599999999999
2026-06-19,12:38:47,97.5,241.6,0.683,9.68599999999999
2026-06-19,12:38:48,97.5,241.6,0.683,9.68599999999999
2026-06-19,12:38:49,97.5,241.6,0.683,9.68599999999999
2026-06-19,12:38:51,97.5,241.6,0.683,9.68599999999999
2026-06-19,12:38:52,97.5,241.6,0.683,9.68599999999999
2026-06-19,12:38:53,97.5,241.6,0.683,9.68599999999999
2026-06-19,12:38:54,97.5,241.6,0.683,9.68599999999999
2026-06-19,12:38:55,97.5,241.6,0.683,9.68599999999999
2026-06-19,12:38:56,97.5,241.6,0.683,9.68599999999999
2026-06-19,12:38:57,97.5,241.6,0.683,9.68599999999999
2026-06-19,12:38:58,97.5,241.6,0.683,9.68599999999999
2026-06-19,12:38:59,97.5,241.6,0.683,9.68599999999999
2026-06-19,12:39:00,97.5,241.6,0.683,9.68599999999999
2026-06-19,12:39:01,97.5,241.6,0.683,9.68599999999999
2026-06-19,12:39:02,97.5,241.6,0.683,9.68599999999999
2026-06-19,12:39:03,97.5,241.6,0.683,9.68599999999999
2026-06-19,12:39:04,97.5,241.6,0.683,9.68599999999999
2026-06-19,12:39:05,97.5,241.6,0.683,9.68599999999999
2026-06-19,12:39:06,97.5,241.6,0.683,9.68599999999999
2026-06-19,12:39:07,97.5,241.6,0.683,9.68599999999999
2026-06-19,12:39:08,97.5,241.6,0.683,9.68599999999999
2026-06-19,12:39:09,97.5,241.6,0.683,9.68599999999999
2026-06-19,12:39:10,97.5,241.6,0.683,9.68599999999999
2026-06-19,12:39:11,97.5,241.6,0.683,9.68599999999999
2026-06-19,12:39:12,97.5,241.6,0.683,9.68599999999999
2026-06-19,12:39:13,97.5,241.6,0.683,9.68599999999999
2026-06-19,12:39:14,97.5,241.6,0.683,9.68599999999999
2026-06-19,12:39:15,97.5,241.6,0.683,9.68599999999999
2026-06-19,12:39:16,97.5,241.6,0.683,9.68599999999999
2026-06-19,12:39:17,97.5,241.6,0.683,9.68599999999999
2026-06-19,12:39:18,97.5,241.6,0.683,9.68599999999999
2026-06-19,12:39:19,97.5,241.6,0.683,9.68599999999999
2026-06-19,12:39:20,97.5,241.6,0.683,9.68599999999999
2026-06-19,12:39:21,97.5,241.6,0.683,9.68599999999999
2026-06-19,12:39:22,97.5,241.6,0.683,9.68599999999999
2026-06-19,12:39:23,97.5,241.6,0.683,9.68599999999999
2026-06-19,12:39:24,97.5,241.6,0.683,9.68599999999999
2026-06-19,12:39:25,97.5,241.6,0.683,9.68599999999999
2026-06-19,12:39:26,97.5,241.6,0.683,9.68599999999999
2026-06-19,12:39:27,97.5,241.6,0.683,9.68599999999999
2026-06-19,12:39:28,97.5,241.6,0.683,9.68599999999999
2026-06-19,12:39:29,97.5,241.6,0.683,9.68599999999999
2026-06-19,12:39:30,97.5,241.6,0.683,9.68599999999999
2026-06-19,12:39:31,97.5,241.6,0.683,9.68599999999999
2026-06-19,12:39:32,97.5,241.6,0.683,9.68599999999999
2026-06-19,12:39:33,97.5,241.6,0.683,9.68599999999999
2026-06-19,12:39:34,97.5,241.6,0.683,9.68599999999999
2026-06-19,12:39:35,97.5,241.6,0.683,9.68599999999999
2026-06-19,12:39:36,97.5,241.6,0.683,9.68599999999999
2026-06-19,12:39:37,97.5,241.6,0.683,9.68599999999999
2026-06-19,12:39:38,97.5,241.6,0.683,9.68599999999999
2026-06-19,12:39:39,97.5,241.6,0.683,9.68599999999999
2026-06-19,12:39:40,97.5,241.6,0.683,9.68599999999999
2026-06-19,12:39:41,97.5,241.6,0.683,9.68599999999999
2026-06-19,12:39:42,97.5,241.6,0.683,9.68599999999999
2026-06-19,12:39:43,97.5,241.6,0.683,9.68599999999999
2026-06-19,12:39:44,97.5,241.6,0.683,9.68599999999999
2026-06-19,12:39:45,97.5,241.6,0.683,9.68599999999999
2026-06-19,12:39:46,97.5,241.6,0.683,9.68599999999999
2026-06-19,12:39:47,97.5,241.6,0.683,9.68599999999999
2026-06-19,12:39:48,97.5,241.6,0.683,9.68599999999999
2026-06-19,12:39:49,97.5,241.6,0.683,9.68599999999999
2026-06-19,12:39:50,97.5,241.6,0.683,9.68599999999999
2026-06-19,12:39:51,97.5,241.6,0.683,9.68599999999999
2026-06-19,12:39:52,97.5,241.6,0.683,9.68599999999999
2026-06-19,12:39:53,97.5,241.6,0.683,9.68599999999999
2026-06-19,12:39:54,97.5,241.6,0.683,9.68599999999999
2026-06-19,12:39:55,97.5,241.6,0.683,9.68599999999999
2026-06-19,12:39:56,97.5,241.6,0.683,9.68599999999999
2026-06-19,12:39:57,97.5,241.6,0.683,9.68599999999999
2026-06-19,12:39:58,97.5,241.6,0.683,9.68599999999999
2026-06-19,12:39:59,97.5,241.6,0.683,9.68599999999999
2026-06-19,12:40:00,97.5,241.6,0.683,9.68599999999999
2026-06-19,12:40:01,97.5,241.6,0.683,9.68599999999999
2026-06-19,12:40:02,97.5,241.6,0.683,9.68599999999999
2026-06-19,12:40:03,97.5,241.6,0.683,9.68599999999999
2026-06-19,12:40:04,97.5,241.6,0.683,9.68599999999999
2026-06-19,12:40:05,97.5,241.6,0.683,9.68599999999999
2026-06-19,12:40:06,97.5,241.6,0.683,9.68599999999999
2026-06-19,12:40:07,97.5,241.6,0.683,9.68599999999999
2026-06-19,12:40:08,97.5,241.6,0.683,9.68599999999999
2026-06-19,12:40:09,97.5,241.6,0.683,9.68599999999999
2026-06-19,12:40:10,97.5,241.6,0.683,9.68599999999999
2026-06-19,12:40:11,97.5,241.6,0.683,9.68599999999999
2026-06-19,12:40:12,97.5,241.6,0.683,9.68599999999999
2026-06-19,12:40:13,97.5,241.6,0.683,9.68599999999999
2026-06-19,12:40:14,97.5,241.6,0.683,9.68599999999999
2026-06-19,12:40:15,97.5,241.6,0.683,9.68599999999999
2026-06-19,12:40:16,97.5,241.6,0.683,9.68599999999999
2026-06-19,12:40:17,97.5,241.6,0.683,9.68599999999999
2026-06-19,12:40:18,97.5,241.6,0.683,9.68599999999999
2026-06-19,12:40:19,97.5,241.6,0.683,9.68599999999999
2026-06-19,12:40:20,97.5,241.6,0.683,9.68599999999999
2026-06-19,12:40:21,97.5,241.6,0.683,9.68599999999999
2026-06-19,12:40:22,97.5,241.6,0.683,9.68599999999999
2026-06-19,12:40:23,97.5,241.6,0.683,9.68599999999999
2026-06-19,12:40:24,97.5,241.6,0.683,9.68599999999999
2026-06-19,12:40:25,97.5,241.6,0.683,9.68599999999999
2026-06-19,12:40:26,97.5,241.6,0.683,9.68599999999999
2026-06-19,12:40:27,97.5,241.6,0.683,9.68599999999999
2026-06-19,12:40:28,97.5,241.6,0.683,9.68599999999999
2026-06-19,12:40:29,97.5,241.6,0.683,9.68599999999999
2026-06-19,12:40:30,97.5,241.6,0.683,9.68599999999999
2026-06-19,12:40:31,97.5,241.6,0.683,9.68599999999999
2026-06-19,12:40:32,97.5,241.6,0.683,9.68599999999999
2026-06-19,12:40:33,97.5,241.6,0.683,9.68599999999999
2026-06-19,12:40:34,97.5,241.6,0.683,9.68599999999999
2026-06-19,12:40:35,97.5,241.6,0.683,9.68599999999999
2026-06-19,12:40:36,97.5,241.6,0.683,9.68599999999999
2026-06-19,12:40:37,97.5,241.6,0.683,9.68599999999999
2026-06-19,12:40:38,97.5,241.6,0.683,9.68599999999999
2026-06-19,12:40:39,97.5,241.6,0.683,9.68599999999999
2026-06-19,12:40:40,97.5,241.6,0.683,9.68599999999999
2026-06-19,12:40:41,97.5,241.6,0.683,9.68599999999999
2026-06-19,12:40:42,97.5,241.6,0.683,9.68599999999999
2026-06-19,12:40:43,97.5,241.6,0.683,9.68599999999999
2026-06-19,12:40:44,97.5,241.6,0.683,9.68599999999999
2026-06-19,12:40:45,97.5,241.6,0.683,9.68599999999999
2026-06-19,12:40:46,97.5,241.6,0.683,9.68599999999999
2026-06-19,12:40:47,97.5,241.6,0.683,9.68599999999999
2026-06-19,12:40:48,97.5,241.6,0.683,9.68599999999999
2026-06-19,12:40:49,97.5,241.6,0.683,9.68599999999999
2026-06-19,12:40:50,97.5,241.6,0.683,9.68599999999999
2026-06-19,12:40:51,97.5,241.6,0.683,9.68599999999999
2026-06-19,12:40:52,97.5,241.6,0.683,9.68599999999999
2026-06-19,12:40:53,97.5,241.6,0.683,9.68599999999999
2026-06-19,12:40:54,97.5,241.6,0.683,9.68599999999999
2026-06-19,12:40:55,97.5,241.6,0.683,9.68599999999999
2026-06-19,12:40:56,97.5,241.6,0.683,9.68599999999999
2026-06-19,12:40:57,97.5,241.6,0.683,9.68599999999999
2026-06-19,12:40:58,97.5,241.6,0.683,9.68599999999999
2026-06-19,12:40:59,97.5,241.6,0.683,9.68599999999999
2026-06-19,12:41:00,97.5,241.6,0.683,9.68599999999999
2026-06-19,12:41:01,97.5,241.6,0.683,9.68599999999999
2026-06-19,12:41:02,97.5,241.6,0.683,9.68599999999999
2026-06-19,12:41:03,97.5,241.6,0.683,9.68599999999999
2026-06-19,12:41:04,97.5,241.6,0.683,9.68599999999999
2026-06-19,12:41:05,97.5,241.6,0.683,9.68599999999999
2026-06-19,12:41:06,97.5,241.6,0.683,9.68599999999999
2026-06-19,12:41:07,97.5,241.6,0.683,9.68599999999999
2026-06-19,12:41:08,97.5,241.6,0.683,9.68599999999999
2026-06-19,12:41:09,97.5,241.6,0.683,9.68599999999999
2026-06-19,12:41:10,97.5,241.6,0.683,9.68599999999999
2026-06-19,12:41:11,97.5,241.6,0.683,9.68599999999999
2026-06-19,12:41:12,97.5,241.6,0.683,9.68599999999999
2026-06-19,12:41:13,97.5,241.6,0.683,9.68599999999999
2026-06-19,12:41:14,97.5,241.6,0.683,9.68599999999999
2026-06-19,12:41:15,97.5,241.6,0.683,9.68599999999999
2026-06-19,12:41:16,97.5,241.6,0.683,9.68599999999999
2026-06-19,12:41:17,97.5,241.6,0.683,9.68599999999999
2026-06-19,12:41:18,97.5,241.6,0.683,9.68599999999999
2026-06-19,12:41:19,97.5,241.6,0.683,9.68599999999999
2026-06-19,12:41:20,97.5,241.6,0.683,9.68599999999999
2026-06-19,12:41:21,97.5,241.6,0.683,9.68599999999999
2026-06-19,12:41:22,97.5,241.6,0.683,9.68599999999999
2026-06-19,12:41:23,97.5,241.6,0.683,9.68599999999999
2026-06-19,12:41:24,97.5,241.6,0.683,9.68599999999999
2026-06-19,12:41:25,97.5,241.6,0.683,9.68599999999999
2026-06-19,12:41:26,97.5,241.6,0.683,9.68599999999999
2026-06-19,12:41:27,97.5,241.6,0.683,9.68599999999999
2026-06-19,12:41:28,97.5,241.6,0.683,9.68599999999999
2026-06-19,12:41:29,97.5,241.6,0.683,9.68599999999999
2026-06-19,12:41:30,97.5,241.6,0.683,9.68599999999999
2026-06-19,12:41:31,97.5,241.6,0.683,9.68599999999999
2026-06-19,12:41:32,97.5,241.6,0.683,9.68599999999999
2026-06-19,12:41:33,97.5,241.6,0.683,9.68599999999999
2026-06-19,12:41:34,97.5,241.6,0.683,9.68599999999999
2026-06-19,12:41:35,97.5,241.6,0.683,9.68599999999999
2026-06-19,12:41:36,97.5,241.6,0.683,9.68599999999999
2026-06-19,12:41:37,97.5,241.6,0.683,9.68599999999999
2026-06-19,12:41:39,97.5,241.6,0.683,9.68599999999999
2026-06-19,12:41:40,97.5,241.6,0.683,9.68599999999999
2026-06-19,12:41:41,97.5,241.6,0.683,9.68599999999999
2026-06-19,12:41:42,97.5,241.6,0.683,9.68599999999999
2026-06-19,12:41:43,97.5,241.6,0.683,9.68599999999999
2026-06-19,12:41:44,97.5,241.6,0.683,9.68599999999999
2026-06-19,12:41:45,97.5,241.6,0.683,9.68599999999999
2026-06-19,12:41:46,97.5,241.6,0.683,9.68599999999999
2026-06-19,12:41:47,97.5,241.6,0.683,9.68599999999999
2026-06-19,12:41:48,97.5,241.6,0.683,9.68599999999999
2026-06-19,12:41:49,97.5,241.6,0.683,9.68599999999999
2026-06-19,12:41:50,97.5,241.6,0.683,9.68599999999999
2026-06-19,12:41:51,97.5,241.6,0.683,9.68599999999999
2026-06-19,12:41:52,97.5,241.6,0.683,9.68599999999999
2026-06-19,12:41:53,97.5,241.6,0.683,9.68599999999999
2026-06-19,12:41:54,97.5,241.6,0.683,9.68599999999999
2026-06-19,12:41:55,97.5,241.6,0.683,9.68599999999999
2026-06-19,12:41:56,97.5,241.6,0.683,9.68599999999999
2026-06-19,12:41:57,97.5,241.6,0.683,9.68599999999999
2026-06-19,12:41:58,97.5,241.6,0.683,9.68599999999999
2026-06-19,12:41:59,97.5,241.6,0.683,9.68599999999999
2026-06-19,12:42:00,97.5,241.6,0.683,9.68599999999999
2026-06-19,12:42:01,97.5,241.6,0.683,9.68599999999999
2026-06-19,12:42:02,97.5,241.6,0.683,9.68599999999999
2026-06-19,12:42:03,97.5,241.6,0.683,9.68599999999999
2026-06-19,12:42:04,97.5,241.6,0.683,9.68599999999999
2026-06-19,12:42:05,97.5,241.6,0.683,9.68599999999999
2026-06-19,12:42:06,97.5,241.6,0.683,9.68599999999999
2026-06-19,12:42:07,97.5,241.6,0.683,9.68599999999999
2026-06-19,12:42:08,97.5,241.6,0.683,9.68599999999999
2026-06-19,12:42:09,97.5,241.6,0.683,9.68599999999999
2026-06-19,12:42:10,97.5,241.6,0.683,9.68599999999999
2026-06-19,12:42:11,97.5,241.6,0.683,9.68599999999999
2026-06-19,12:42:12,97.5,241.6,0.683,9.68599999999999
2026-06-19,12:42:13,97.5,241.6,0.683,9.68599999999999
2026-06-19,12:42:14,97.5,241.6,0.683,9.68599999999999
2026-06-19,12:42:15,97.5,241.6,0.683,9.68599999999999
2026-06-19,12:42:16,97.5,241.6,0.683,9.68599999999999
2026-06-19,12:42:17,97.5,241.6,0.683,9.68599999999999
2026-06-19,12:42:18,97.5,241.6,0.683,9.68599999999999
2026-06-19,12:42:19,97.5,241.6,0.683,9.68599999999999
2026-06-19,12:42:20,97.5,241.6,0.683,9.68599999999999
2026-06-19,12:42:21,97.5,241.6,0.683,9.68599999999999
2026-06-19,12:42:22,97.5,241.6,0.683,9.68599999999999
2026-06-19,12:42:23,97.5,241.6,0.683,9.68599999999999
2026-06-19,12:42:24,97.5,241.6,0.683,9.68599999999999
2026-06-19,12:42:25,97.5,241.6,0.683,9.68599999999999
2026-06-19,12:42:26,97.5,241.6,0.683,9.68599999999999
2026-06-19,12:42:27,97.5,241.6,0.683,9.68599999999999
2026-06-19,12:42:28,97.5,241.6,0.683,9.68599999999999
2026-06-19,12:42:29,97.5,241.6,0.683,9.68599999999999
2026-06-19,12:42:30,97.5,241.6,0.683,9.68599999999999
2026-06-19,12:42:31,97.5,241.6,0.683,9.68599999999999
2026-06-19,12:42:32,97.5,241.6,0.683,9.68599999999999
2026-06-19,12:42:33,97.5,241.6,0.683,9.68599999999999
2026-06-19,12:42:34,97.5,241.6,0.683,9.68599999999999
2026-06-19,12:42:35,97.5,241.6,0.683,9.68599999999999
2026-06-19,12:42:36,97.5,241.6,0.683,9.68599999999999
2026-06-19,12:42:37,97.5,241.6,0.683,9.68599999999999
2026-06-19,12:42:38,97.5,241.6,0.683,9.68599999999999
2026-06-19,12:42:39,97.5,241.6,0.683,9.68599999999999
2026-06-19,12:42:40,97.5,241.6,0.683,9.68599999999999
2026-06-19,12:42:41,97.5,241.6,0.683,9.68599999999999
2026-06-19,12:42:42,97.5,241.6,0.683,9.68599999999999
2026-06-19,12:42:43,97.5,241.6,0.683,9.68599999999999
2026-06-19,12:42:44,97.5,241.6,0.683,9.68599999999999
2026-06-19,12:42:45,97.5,241.6,0.683,9.68599999999999
2026-06-19,12:42:46,97.5,241.6,0.683,9.68599999999999
2026-06-19,12:42:47,97.5,241.6,0.683,9.68599999999999
2026-06-19,12:42:48,97.5,241.6,0.683,9.68599999999999
2026-06-19,12:42:49,97.5,241.6,0.683,9.68599999999999
2026-06-19,12:42:50,97.5,241.6,0.683,9.68599999999999
2026-06-19,12:42:51,97.5,241.6,0.683,9.68599999999999
2026-06-19,12:42:52,97.5,241.6,0.683,9.68599999999999
2026-06-19,12:42:53,97.5,241.6,0.683,9.68599999999999
2026-06-19,12:42:54,97.5,241.6,0.683,9.68599999999999
2026-06-19,12:42:55,97.5,241.6,0.683,9.68599999999999
2026-06-19,12:42:56,97.5,241.6,0.683,9.68599999999999
2026-06-19,12:42:57,97.5,241.6,0.683,9.68599999999999
2026-06-19,12:42:58,97.5,241.6,0.683,9.68599999999999
2026-06-19,12:42:59,97.5,241.6,0.683,9.68599999999999
2026-06-19,12:43:00,97.5,241.6,0.683,9.68599999999999
2026-06-19,12:43:01,97.5,241.6,0.683,9.68599999999999
2026-06-19,12:43:02,97.5,241.6,0.683,9.68599999999999
2026-06-19,12:43:03,97.5,241.6,0.683,9.68599999999999
2026-06-19,12:43:04,97.5,241.6,0.683,9.68599999999999
2026-06-19,12:43:05,97.5,241.6,0.683,9.68599999999999
2026-06-19,12:43:06,97.5,241.6,0.683,9.68599999999999
2026-06-19,12:43:07,97.5,241.6,0.683,9.68599999999999
2026-06-19,12:43:08,97.5,241.6,0.683,9.68599999999999
2026-06-19,12:43:09,97.5,241.6,0.683,9.68599999999999
2026-06-19,12:43:10,97.5,241.6,0.683,9.68599999999999
2026-06-19,12:43:11,97.5,241.6,0.683,9.68599999999999
2026-06-19,12:43:12,97.5,241.6,0.683,9.68599999999999
2026-06-19,12:43:13,97.5,241.6,0.683,9.68599999999999
2026-06-19,12:43:14,97.5,241.6,0.683,9.68599999999999
2026-06-19,12:43:15,97.5,241.6,0.683,9.68599999999999
2026-06-19,12:43:16,97.5,241.6,0.683,9.68599999999999
2026-06-19,12:43:17,97.5,241.6,0.683,9.68599999999999
2026-06-19,12:43:18,97.5,241.6,0.683,9.68599999999999
2026-06-19,12:43:19,97.5,241.6,0.683,9.68599999999999
2026-06-19,12:43:20,97.5,241.6,0.683,9.68599999999999
2026-06-19,12:43:21,97.5,241.6,0.683,9.68599999999999
2026-06-19,12:43:22,97.5,241.6,0.683,9.68599999999999
2026-06-19,12:43:23,97.5,241.6,0.683,9.68599999999999
2026-06-19,12:43:24,97.5,241.6,0.683,9.68599999999999
2026-06-19,12:43:25,97.5,241.6,0.683,9.68599999999999
2026-06-19,12:43:26,97.5,241.6,0.683,9.68599999999999
2026-06-19,12:43:27,97.5,241.6,0.683,9.68599999999999
2026-06-19,12:43:28,97.5,241.6,0.683,9.68599999999999
2026-06-19,12:43:29,97.5,241.6,0.683,9.68599999999999
2026-06-19,12:43:30,97.5,241.6,0.683,9.68599999999999
2026-06-19,12:43:31,97.5,241.6,0.683,9.68599999999999
2026-06-19,12:43:32,97.5,241.6,0.683,9.68599999999999
2026-06-19,12:43:33,97.5,241.6,0.683,9.68599999999999
2026-06-19,12:43:34,97.5,241.6,0.683,9.68599999999999
2026-06-19,12:43:35,97.5,241.6,0.683,9.68599999999999
2026-06-19,12:43:36,97.5,241.6,0.683,9.68599999999999
2026-06-19,12:43:37,97.5,241.6,0.683,9.68599999999999
2026-06-19,12:43:38,97.5,241.6,0.683,9.68599999999999
2026-06-19,12:43:39,97.5,241.6,0.683,9.68599999999999
2026-06-19,12:43:40,97.5,241.6,0.683,9.68599999999999
2026-06-19,12:43:41,97.5,241.6,0.683,9.68599999999999
2026-06-19,12:43:42,97.5,241.6,0.683,9.68599999999999
2026-06-19,12:43:43,97.5,241.6,0.683,9.68599999999999
2026-06-19,12:43:44,97.5,241.6,0.683,9.68599999999999
2026-06-19,12:43:45,97.5,241.6,0.683,9.68599999999999
2026-06-19,12:43:46,97.5,241.6,0.683,9.68599999999999
2026-06-19,12:43:47,97.5,241.6,0.683,9.68599999999999
2026-06-19,12:43:48,97.5,241.6,0.683,9.68599999999999
2026-06-19,12:43:49,97.5,241.6,0.683,9.68599999999999
2026-06-19,12:43:50,97.5,241.6,0.683,9.68599999999999
2026-06-19,12:43:51,97.5,241.6,0.683,9.68599999999999
2026-06-19,12:43:52,97.5,241.6,0.683,9.68599999999999
2026-06-19,12:43:53,97.5,241.6,0.683,9.68599999999999
2026-06-19,12:43:54,97.5,241.6,0.683,9.68599999999999
2026-06-19,12:43:55,97.5,241.6,0.683,9.68599999999999
2026-06-19,12:43:56,97.5,241.6,0.683,9.68599999999999
2026-06-19,12:43:57,97.5,241.6,0.683,9.68599999999999
2026-06-19,12:43:58,97.5,241.6,0.683,9.68599999999999
2026-06-19,12:43:59,97.5,241.6,0.683,9.68599999999999
2026-06-19,12:44:00,97.5,241.6,0.683,9.68599999999999
2026-06-19,12:44:01,97.5,241.6,0.683,9.68599999999999
2026-06-19,12:44:02,97.5,241.6,0.683,9.68599999999999
2026-06-19,12:44:03,97.5,241.6,0.683,9.68599999999999
2026-06-19,12:44:04,97.5,241.6,0.683,9.68599999999999
2026-06-19,12:44:05,97.5,241.6,0.683,9.68599999999999
2026-06-19,12:44:06,97.5,241.6,0.683,9.68599999999999
2026-06-19,12:44:07,97.5,241.6,0.683,9.68599999999999
2026-06-19,12:44:08,97.5,241.6,0.683,9.68599999999999
2026-06-19,12:44:09,97.5,241.6,0.683,9.68599999999999
2026-06-19,12:44:10,97.5,241.6,0.683,9.68599999999999
2026-06-19,12:44:11,97.5,241.6,0.683,9.68599999999999
2026-06-19,12:44:13,97.5,241.6,0.683,9.68599999999999
2026-06-19,12:44:14,97.5,241.6,0.683,9.68599999999999
2026-06-19,12:44:15,97.5,241.6,0.683,9.68599999999999
2026-06-19,12:44:16,97.5,241.6,0.683,9.68599999999999
2026-06-19,12:44:17,97.5,241.6,0.683,9.68599999999999
2026-06-19,12:44:18,97.5,241.6,0.683,9.68599999999999
2026-06-19,12:44:19,97.5,241.6,0.683,9.68599999999999
2026-06-19,12:44:20,97.5,241.6,0.683,9.68599999999999
2026-06-19,12:44:21,97.5,241.6,0.683,9.68599999999999
2026-06-19,12:44:22,97.5,241.6,0.683,9.68599999999999
2026-06-19,12:44:23,97.5,241.6,0.683,9.68599999999999
2026-06-19,12:44:24,97.5,241.6,0.683,9.68599999999999
2026-06-19,12:44:25,97.5,241.6,0.683,9.68599999999999
2026-06-19,12:44:26,97.5,241.6,0.683,9.68599999999999
2026-06-19,12:44:27,97.5,241.6,0.683,9.68599999999999
2026-06-19,12:44:28,97.5,241.6,0.683,9.68599999999999
2026-06-19,12:44:29,97.5,241.6,0.683,9.68599999999999
2026-06-19,12:44:30,97.5,241.6,0.683,9.68599999999999
2026-06-19,12:44:31,97.5,241.6,0.683,9.68599999999999
2026-06-19,12:44:32,97.5,241.6,0.683,9.68599999999999
2026-06-19,12:44:33,97.5,241.6,0.683,9.68599999999999
2026-06-19,12:44:34,97.5,241.6,0.683,9.68599999999999
2026-06-19,12:44:35,97.5,241.6,0.683,9.68599999999999
2026-06-19,12:44:36,97.5,241.6,0.683,9.68599999999999
2026-06-19,12:44:37,97.5,241.6,0.683,9.68599999999999
2026-06-19,12:44:38,97.5,241.6,0.683,9.68599999999999
2026-06-19,12:44:39,97.5,241.6,0.683,9.68599999999999
2026-06-19,12:44:40,97.5,241.6,0.683,9.68599999999999
2026-06-19,12:44:41,97.5,241.6,0.683,9.68599999999999
2026-06-19,12:44:42,97.5,241.6,0.683,9.68599999999999
2026-06-19,12:44:43,97.5,241.6,0.683,9.68599999999999
2026-06-19,12:44:44,97.5,241.6,0.683,9.68599999999999
2026-06-19,12:44:45,97.5,241.6,0.683,9.68599999999999
2026-06-19,12:44:46,97.5,241.6,0.683,9.68599999999999
2026-06-19,12:44:47,97.5,241.6,0.683,9.68599999999999
2026-06-19,12:44:48,97.5,241.6,0.683,9.68599999999999
2026-06-19,12:44:49,97.5,241.6,0.683,9.68599999999999
2026-06-19,12:44:50,97.5,241.6,0.683,9.68599999999999
2026-06-19,12:44:51,97.5,241.6,0.683,9.68599999999999
2026-06-19,12:44:52,97.5,241.6,0.683,9.68599999999999
2026-06-19,12:44:53,97.5,241.6,0.683,9.68599999999999
2026-06-19,12:44:54,97.5,241.6,0.683,9.68599999999999
2026-06-19,12:44:55,97.5,241.6,0.683,9.68599999999999
2026-06-19,12:44:56,97.5,241.6,0.683,9.68599999999999
2026-06-19,12:44:57,97.5,241.6,0.683,9.68599999999999
2026-06-19,12:44:58,97.5,241.6,0.683,9.68599999999999
2026-06-19,12:44:59,97.5,241.6,0.683,9.68599999999999
2026-06-19,12:45:00,97.5,241.6,0.683,9.68599999999999
2026-06-19,12:45:01,97.5,241.6,0.683,9.68599999999999
2026-06-19,12:45:02,97.5,241.6,0.683,9.68599999999999
2026-06-19,12:45:03,97.5,241.6,0.683,9.68599999999999
2026-06-19,12:45:04,97.5,241.6,0.683,9.68599999999999
2026-06-19,12:45:05,97.5,241.6,0.683,9.68599999999999
2026-06-19,12:45:06,97.5,241.6,0.683,9.68599999999999
2026-06-19,12:45:07,97.5,241.6,0.683,9.68599999999999
2026-06-19,12:45:08,97.5,241.6,0.683,9.68599999999999
2026-06-19,12:45:09,97.5,241.6,0.683,9.68599999999999
2026-06-19,12:45:10,97.5,241.6,0.683,9.68599999999999
2026-06-19,12:45:11,97.5,241.6,0.683,9.68599999999999
2026-06-19,12:45:12,97.5,241.6,0.683,9.68599999999999
2026-06-19,12:45:13,97.5,241.6,0.683,9.68599999999999
2026-06-19,12:45:14,97.5,241.6,0.683,9.68599999999999
2026-06-19,12:45:15,97.5,241.6,0.683,9.68599999999999
2026-06-19,12:45:16,97.5,241.6,0.683,9.68599999999999
2026-06-19,12:45:17,97.5,241.6,0.683,9.68599999999999
2026-06-19,12:45:18,97.5,241.6,0.683,9.68599999999999
2026-06-19,12:45:19,97.5,241.6,0.683,9.68599999999999
2026-06-19,12:45:20,97.5,241.6,0.683,9.68599999999999
2026-06-19,12:45:21,97.5,241.6,0.683,9.68599999999999
2026-06-19,12:45:22,97.5,241.6,0.683,9.68599999999999
2026-06-19,12:45:23,97.5,241.6,0.683,9.68599999999999
2026-06-19,12:45:24,97.5,241.6,0.683,9.68599999999999
2026-06-19,12:45:25,97.5,241.6,0.683,9.68599999999999
2026-06-19,12:45:26,97.5,241.6,0.683,9.68599999999999
2026-06-19,12:45:27,97.5,241.6,0.683,9.68599999999999
2026-06-19,12:45:28,97.5,241.6,0.683,9.68599999999999
2026-06-19,12:45:29,97.5,241.6,0.683,9.68599999999999
2026-06-19,12:45:30,97.5,241.6,0.683,9.68599999999999
2026-06-19,12:45:31,97.5,241.6,0.683,9.68599999999999
2026-06-19,12:45:32,97.5,241.6,0.683,9.68599999999999
2026-06-19,12:45:33,97.5,241.6,0.683,9.68599999999999
2026-06-19,12:45:34,97.5,241.6,0.683,9.68599999999999
2026-06-19,12:45:35,97.5,241.6,0.683,9.68599999999999
2026-06-19,12:45:36,97.5,241.6,0.683,9.68599999999999
2026-06-19,12:45:37,97.5,241.6,0.683,9.68599999999999
2026-06-19,12:45:38,97.5,241.6,0.683,9.68599999999999
2026-06-19,12:45:39,97.5,241.6,0.683,9.68599999999999
2026-06-19,12:45:40,97.5,241.6,0.683,9.68599999999999
2026-06-19,12:45:41,97.5,241.6,0.683,9.68599999999999
2026-06-19,12:45:42,97.5,241.6,0.683,9.68599999999999
2026-06-19,12:45:43,97.5,241.6,0.683,9.68599999999999
2026-06-19,12:45:44,97.5,241.6,0.683,9.68599999999999
2026-06-19,12:45:45,97.5,241.6,0.683,9.68599999999999
2026-06-19,12:45:46,97.5,241.6,0.683,9.68599999999999
2026-06-19,12:45:47,97.5,241.6,0.683,9.68599999999999
2026-06-19,12:45:48,97.5,241.6,0.683,9.68599999999999
2026-06-19,12:45:49,97.5,241.6,0.683,9.68599999999999
2026-06-19,12:45:50,97.5,241.6,0.683,9.68599999999999
2026-06-19,12:45:51,97.5,241.6,0.683,9.68599999999999
2026-06-19,12:45:52,97.5,241.6,0.683,9.68599999999999
2026-06-19,12:45:53,97.5,241.6,0.683,9.68599999999999
2026-06-19,12:45:54,97.5,241.6,0.683,9.68599999999999
2026-06-19,12:45:55,97.5,241.6,0.683,9.68599999999999
2026-06-19,12:45:56,97.5,241.6,0.683,9.68599999999999
2026-06-19,12:45:57,97.5,241.6,0.683,9.68599999999999
2026-06-19,12:45:58,97.5,241.6,0.683,9.68599999999999
2026-06-19,12:45:59,97.5,241.6,0.683,9.68599999999999
2026-06-19,12:46:00,97.5,241.6,0.683,9.68599999999999
2026-06-19,12:46:01,97.5,241.6,0.683,9.68599999999999
2026-06-19,12:46:02,97.5,241.6,0.683,9.68599999999999
2026-06-19,12:46:03,97.5,241.6,0.683,9.68599999999999
2026-06-19,12:46:04,97.5,241.6,0.683,9.68599999999999
2026-06-19,12:46:05,97.5,241.6,0.683,9.68599999999999
2026-06-19,12:46:06,97.5,241.6,0.683,9.68599999999999
2026-06-19,12:46:07,97.5,241.6,0.683,9.68599999999999
2026-06-19,12:46:08,97.5,241.6,0.683,9.68599999999999
2026-06-19,12:46:09,97.5,241.6,0.683,9.68599999999999
2026-06-19,12:46:10,97.5,241.6,0.683,9.68599999999999
2026-06-19,12:46:11,97.5,241.6,0.683,9.68599999999999
2026-06-19,12:46:12,97.5,241.6,0.683,9.68599999999999
2026-06-19,12:46:13,97.5,241.6,0.683,9.68599999999999
2026-06-19,12:46:14,97.5,241.6,0.683,9.68599999999999
2026-06-19,12:46:15,69.6,241.7,0.516,9.68599999999999
2026-06-19,12:46:16,69.6,241.7,0.516,9.68599999999999
2026-06-19,12:46:17,69.6,241.7,0.516,9.68599999999999
2026-06-19,12:46:18,69.6,241.7,0.516,9.68599999999999
2026-06-19,12:46:19,69.6,241.7,0.516,9.68599999999999
2026-06-19,12:46:20,69.6,241.7,0.516,9.68599999999999
2026-06-19,12:46:21,69.6,241.7,0.516,9.68599999999999
2026-06-19,12:46:22,69.6,241.7,0.516,9.68599999999999
2026-06-19,12:46:23,69.6,241.7,0.516,9.68599999999999
2026-06-19,12:46:24,69.6,241.7,0.516,9.68599999999999
2026-06-19,12:46:25,69.6,241.7,0.516,9.68599999999999
2026-06-19,12:46:26,69.6,241.7,0.516,9.68599999999999
2026-06-19,12:46:27,69.6,241.7,0.516,9.68599999999999
2026-06-19,12:46:28,69.6,241.7,0.516,9.68599999999999
2026-06-19,12:46:29,69.6,241.7,0.516,9.68599999999999
2026-06-19,12:46:30,69.6,241.7,0.516,9.68599999999999
2026-06-19,12:46:31,69.6,241.7,0.516,9.68599999999999
2026-06-19,12:46:32,69.6,241.7,0.516,9.68599999999999
2026-06-19,12:46:33,69.6,241.7,0.516,9.68599999999999
2026-06-19,12:46:34,69.6,241.7,0.516,9.68599999999999
2026-06-19,12:46:35,69.6,241.7,0.516,9.68599999999999
2026-06-19,12:46:36,69.6,241.7,0.516,9.68599999999999
2026-06-19,12:46:37,69.6,241.7,0.516,9.68599999999999
2026-06-19,12:46:38,69.6,241.7,0.516,9.68599999999999
2026-06-19,12:46:39,69.6,241.7,0.516,9.68599999999999
2026-06-19,12:46:40,69.6,241.7,0.516,9.68599999999999
2026-06-19,12:46:41,69.6,241.7,0.516,9.68599999999999
2026-06-19,12:46:42,69.6,241.7,0.516,9.68599999999999
2026-06-19,12:46:43,69.6,241.7,0.516,9.68599999999999
2026-06-19,12:46:44,69.6,241.7,0.516,9.68599999999999
2026-06-19,12:46:45,69.6,241.7,0.516,9.68599999999999
2026-06-19,12:46:46,69.6,241.7,0.516,9.68599999999999
2026-06-19,12:46:47,69.6,241.7,0.516,9.68599999999999
2026-06-19,12:46:48,69.6,241.7,0.516,9.68599999999999
2026-06-19,12:46:49,69.6,241.7,0.516,9.68599999999999
2026-06-19,12:46:50,69.6,241.7,0.516,9.68599999999999
2026-06-19,12:46:52,69.6,241.7,0.516,9.68599999999999
2026-06-19,12:46:53,69.6,241.7,0.516,9.68599999999999
2026-06-19,12:46:54,69.6,241.7,0.516,9.68599999999999
2026-06-19,12:46:55,69.6,241.7,0.516,9.68599999999999
2026-06-19,12:46:56,69.6,241.7,0.516,9.68599999999999
2026-06-19,12:46:57,69.6,241.7,0.516,9.68599999999999
2026-06-19,12:46:58,69.6,241.7,0.516,9.68599999999999
2026-06-19,12:46:59,69.6,241.7,0.516,9.68599999999999
2026-06-19,12:47:00,69.6,241.7,0.516,9.68599999999999
2026-06-19,12:47:01,69.6,241.7,0.516,9.68599999999999
2026-06-19,12:47:02,69.6,241.7,0.516,9.68599999999999
2026-06-19,12:47:03,69.6,241.7,0.516,9.68599999999999
2026-06-19,12:47:04,69.6,241.7,0.516,9.68599999999999
2026-06-19,12:47:05,69.6,241.7,0.516,9.68599999999999
2026-06-19,12:47:06,69.6,241.7,0.516,9.68599999999999
2026-06-19,12:47:07,69.6,241.7,0.516,9.68599999999999
2026-06-19,12:47:08,69.6,241.7,0.516,9.68599999999999
2026-06-19,12:47:09,69.6,241.7,0.516,9.68599999999999
2026-06-19,12:47:10,69.6,241.7,0.516,9.68599999999999
2026-06-19,12:47:11,69.6,241.7,0.516,9.68599999999999
2026-06-19,12:47:12,69.6,241.7,0.516,9.68599999999999
2026-06-19,12:47:13,69.6,241.7,0.516,9.68599999999999
2026-06-19,12:47:14,69.6,241.7,0.516,9.68599999999999
2026-06-19,12:47:15,69.6,241.7,0.516,9.68599999999999
2026-06-19,12:47:16,69.6,241.7,0.516,9.68599999999999
2026-06-19,12:47:17,69.6,241.7,0.516,9.68599999999999
2026-06-19,12:47:18,69.6,241.7,0.516,9.68599999999999
2026-06-19,12:47:19,69.6,241.7,0.516,9.68599999999999
2026-06-19,12:47:20,69.6,241.7,0.516,9.68599999999999
2026-06-19,12:47:21,69.6,241.7,0.516,9.68599999999999
2026-06-19,12:47:22,69.6,241.7,0.516,9.68599999999999
2026-06-19,12:47:23,69.6,241.7,0.516,9.68599999999999
2026-06-19,12:47:24,69.6,241.7,0.516,9.68599999999999
2026-06-19,12:47:25,69.6,241.7,0.516,9.68599999999999
2026-06-19,12:47:26,69.6,241.7,0.516,9.68599999999999
2026-06-19,12:47:27,69.6,241.7,0.516,9.68599999999999
2026-06-19,12:47:28,69.6,241.7,0.516,9.68599999999999
2026-06-19,12:47:29,69.6,241.7,0.516,9.68599999999999
2026-06-19,12:47:30,69.6,241.7,0.516,9.68599999999999
2026-06-19,12:47:31,69.6,241.7,0.516,9.68599999999999
2026-06-19,12:47:32,69.6,241.7,0.516,9.68599999999999
2026-06-19,12:47:33,69.6,241.7,0.516,9.68599999999999
2026-06-19,12:47:34,69.6,241.7,0.516,9.68599999999999
2026-06-19,12:47:35,69.6,241.7,0.516,9.68599999999999
2026-06-19,12:47:36,69.6,241.7,0.516,9.68599999999999
2026-06-19,12:47:37,69.6,241.7,0.516,9.68599999999999
2026-06-19,12:47:38,69.6,241.7,0.516,9.68599999999999
2026-06-19,12:47:39,69.6,241.7,0.516,9.68599999999999
2026-06-19,12:47:40,69.6,241.7,0.516,9.68599999999999
2026-06-19,12:47:41,69.6,241.7,0.516,9.68599999999999
2026-06-19,12:47:42,69.6,241.7,0.516,9.68599999999999
2026-06-19,12:47:43,69.6,241.7,0.516,9.68599999999999
2026-06-19,12:47:44,69.6,241.7,0.516,9.68599999999999
2026-06-19,12:47:45,69.6,241.7,0.516,9.68599999999999
2026-06-19,12:47:46,69.6,241.7,0.516,9.68599999999999
2026-06-19,12:47:47,69.6,241.7,0.516,9.68599999999999
2026-06-19,12:47:48,69.6,241.7,0.516,9.68599999999999
2026-06-19,12:47:49,69.6,241.7,0.516,9.68599999999999
2026-06-19,12:47:50,69.6,241.7,0.516,9.68599999999999
2026-06-19,12:47:51,69.6,241.7,0.516,9.68599999999999
2026-06-19,12:47:52,69.6,241.7,0.516,9.68599999999999
2026-06-19,12:47:53,69.6,241.7,0.516,9.68599999999999
2026-06-19,12:47:54,69.6,241.7,0.516,9.68599999999999
2026-06-19,12:47:55,69.6,241.7,0.516,9.68599999999999
2026-06-19,12:47:56,69.6,241.7,0.516,9.68599999999999
2026-06-19,12:47:57,69.6,241.7,0.516,9.68599999999999
2026-06-19,12:47:58,69.6,241.7,0.516,9.68599999999999
2026-06-19,12:47:59,69.6,241.7,0.516,9.68599999999999
2026-06-19,12:48:00,69.6,241.7,0.516,9.68599999999999
2026-06-19,12:48:01,69.6,241.7,0.516,9.68599999999999
2026-06-19,12:48:02,69.6,241.7,0.516,9.68599999999999
2026-06-19,12:48:03,69.6,241.7,0.516,9.68599999999999
2026-06-19,12:48:04,69.6,241.7,0.516,9.68599999999999
2026-06-19,12:48:05,69.6,241.7,0.516,9.68599999999999
2026-06-19,12:48:06,69.6,241.7,0.516,9.68599999999999
2026-06-19,12:48:07,69.6,241.7,0.516,9.68599999999999
2026-06-19,12:48:08,69.6,241.7,0.516,9.68599999999999
2026-06-19,12:48:09,69.6,241.7,0.516,9.68599999999999
2026-06-19,12:48:10,69.6,241.7,0.516,9.68599999999999
2026-06-19,12:48:11,69.6,241.7,0.516,9.68599999999999
2026-06-19,12:48:12,69.6,241.7,0.516,9.68599999999999
2026-06-19,12:48:13,69.6,241.7,0.516,9.68599999999999
2026-06-19,12:48:14,69.6,241.7,0.516,9.68599999999999
2026-06-19,12:48:15,69.6,241.7,0.516,9.68599999999999
2026-06-19,12:48:16,69.6,241.7,0.516,9.68599999999999
2026-06-19,12:48:17,69.6,241.7,0.516,9.68599999999999
2026-06-19,12:48:18,69.6,241.7,0.516,9.68599999999999
2026-06-19,12:48:19,69.6,241.7,0.516,9.68599999999999
2026-06-19,12:48:20,69.6,241.7,0.516,9.68599999999999
2026-06-19,12:48:21,69.6,241.7,0.516,9.68599999999999
2026-06-19,12:48:22,69.6,241.7,0.516,9.68599999999999
2026-06-19,12:48:23,69.6,241.7,0.516,9.68599999999999
2026-06-19,12:48:24,69.6,241.7,0.516,9.68599999999999
2026-06-19,12:48:25,69.6,241.7,0.516,9.68599999999999
2026-06-19,12:48:26,69.6,241.7,0.516,9.68599999999999
2026-06-19,12:48:27,69.6,241.7,0.516,9.68599999999999
2026-06-19,12:48:28,69.6,241.7,0.516,9.68599999999999
2026-06-19,12:48:29,69.6,241.7,0.516,9.68599999999999
2026-06-19,12:48:30,69.6,241.7,0.516,9.68599999999999
2026-06-19,12:48:31,69.6,241.7,0.516,9.68599999999999
2026-06-19,12:48:32,69.6,241.7,0.516,9.68599999999999
2026-06-19,12:48:33,69.6,241.7,0.516,9.68599999999999
2026-06-19,12:48:34,69.6,241.7,0.516,9.68599999999999
2026-06-19,12:48:35,69.6,241.7,0.516,9.68599999999999
2026-06-19,12:48:36,69.6,241.7,0.516,9.68599999999999
2026-06-19,12:48:37,69.6,241.7,0.516,9.68599999999999
2026-06-19,12:48:38,69.6,241.7,0.516,9.68599999999999
2026-06-19,12:48:39,69.6,241.7,0.516,9.68599999999999
2026-06-19,12:48:40,69.6,241.7,0.516,9.68599999999999
2026-06-19,12:48:41,69.6,241.7,0.516,9.68599999999999
2026-06-19,12:48:42,69.6,241.7,0.516,9.68599999999999
2026-06-19,12:48:43,69.6,241.7,0.516,9.68599999999999
2026-06-19,12:48:44,69.6,241.7,0.516,9.68599999999999
2026-06-19,12:48:45,69.6,241.7,0.516,9.68599999999999
2026-06-19,12:48:46,69.6,241.7,0.516,9.68599999999999
2026-06-19,12:48:47,69.6,241.7,0.516,9.68599999999999
2026-06-19,12:48:48,69.6,241.7,0.516,9.68599999999999
2026-06-19,12:48:49,69.6,241.7,0.516,9.68599999999999
2026-06-19,12:48:50,69.6,241.7,0.516,9.68599999999999
2026-06-19,12:48:51,97.8,242.9,0.688,9.68599999999999
2026-06-19,12:48:52,97.8,242.9,0.688,9.68599999999999
2026-06-19,12:48:53,97.8,242.9,0.688,9.68599999999999
2026-06-19,12:48:54,97.8,242.9,0.688,9.68599999999999
2026-06-19,12:48:55,97.8,242.9,0.688,9.68599999999999
2026-06-19,12:48:56,97.8,242.9,0.688,9.68599999999999
2026-06-19,12:48:57,97.8,242.9,0.688,9.68599999999999
2026-06-19,12:48:58,97.8,242.9,0.688,9.68599999999999
2026-06-19,12:48:59,97.8,242.9,0.688,9.68599999999999
2026-06-19,12:49:00,97.8,242.9,0.688,9.68599999999999
2026-06-19,12:49:01,97.8,242.9,0.688,9.68599999999999
2026-06-19,12:49:02,97.8,242.9,0.688,9.68599999999999
2026-06-19,12:49:03,97.8,242.9,0.688,9.68599999999999
2026-06-19,12:49:04,97.8,242.9,0.688,9.68599999999999
2026-06-19,12:49:05,97.8,242.9,0.688,9.68599999999999
2026-06-19,12:49:06,97.8,242.9,0.688,9.68599999999999
2026-06-19,12:49:07,97.8,242.9,0.688,9.68599999999999
2026-06-19,12:49:08,97.8,242.9,0.688,9.68599999999999
2026-06-19,12:49:09,97.8,242.9,0.688,9.68599999999999
2026-06-19,12:49:11,97.8,242.9,0.688,9.68599999999999
2026-06-19,12:49:12,97.8,242.9,0.688,9.68599999999999
2026-06-19,12:49:13,97.8,242.9,0.688,9.68599999999999
2026-06-19,12:49:14,97.8,242.9,0.688,9.68599999999999
2026-06-19,12:49:15,97.8,242.9,0.688,9.68599999999999
2026-06-19,12:49:16,97.8,242.9,0.688,9.68599999999999
2026-06-19,12:49:17,97.8,242.9,0.688,9.68599999999999
2026-06-19,12:49:18,97.8,242.9,0.688,9.68599999999999
2026-06-19,12:49:19,97.8,242.9,0.688,9.68599999999999
2026-06-19,12:49:20,97.8,242.9,0.688,9.68599999999999
2026-06-19,12:49:21,97.8,242.9,0.688,9.68599999999999
2026-06-19,12:49:22,97.8,242.9,0.688,9.68599999999999
2026-06-19,12:49:23,97.8,242.9,0.688,9.68599999999999
2026-06-19,12:49:24,97.8,242.9,0.688,9.68599999999999
2026-06-19,12:49:25,97.8,242.9,0.688,9.68599999999999
2026-06-19,12:49:26,97.8,242.9,0.688,9.68599999999999
2026-06-19,12:49:27,97.8,242.9,0.688,9.68599999999999
2026-06-19,12:49:28,97.8,242.9,0.688,9.68599999999999
2026-06-19,12:49:29,97.8,242.9,0.688,9.68599999999999
2026-06-19,12:49:30,97.8,242.9,0.688,9.68599999999999
2026-06-19,12:49:31,97.8,242.9,0.688,9.68599999999999
2026-06-19,12:49:32,97.8,242.9,0.688,9.68599999999999
2026-06-19,12:49:33,97.8,242.9,0.688,9.68599999999999
2026-06-19,12:49:34,97.8,242.9,0.688,9.68599999999999
2026-06-19,12:49:35,97.8,242.9,0.688,9.68599999999999
2026-06-19,12:49:36,97.8,242.9,0.688,9.68599999999999
2026-06-19,12:49:37,97.8,242.9,0.688,9.68599999999999
2026-06-19,12:49:38,97.8,242.9,0.688,9.68599999999999
2026-06-19,12:49:39,97.8,242.9,0.688,9.68599999999999
2026-06-19,12:49:40,97.8,242.9,0.688,9.68599999999999
2026-06-19,12:49:41,97.8,242.9,0.688,9.68599999999999
2026-06-19,12:49:42,97.8,242.9,0.688,9.68599999999999
2026-06-19,12:49:43,97.8,242.9,0.688,9.68599999999999
2026-06-19,12:49:44,97.8,242.9,0.688,9.68599999999999
2026-06-19,12:49:45,97.8,242.9,0.688,9.68599999999999
2026-06-19,12:49:46,97.8,242.9,0.688,9.68599999999999
2026-06-19,12:49:47,97.8,242.9,0.688,9.68599999999999
2026-06-19,12:49:48,97.8,242.9,0.688,9.68599999999999
2026-06-19,12:49:49,97.8,242.9,0.688,9.68599999999999
2026-06-19,12:49:50,97.8,242.9,0.688,9.68599999999999
2026-06-19,12:49:51,97.8,242.9,0.688,9.68599999999999
2026-06-19,12:49:52,97.8,242.9,0.688,9.68599999999999
2026-06-19,12:49:53,97.8,242.9,0.688,9.68599999999999
2026-06-19,12:49:54,97.8,242.9,0.688,9.68599999999999
2026-06-19,12:49:55,97.8,242.9,0.688,9.68599999999999
2026-06-19,12:49:56,97.8,242.9,0.688,9.68599999999999
2026-06-19,12:49:57,97.8,242.9,0.688,9.68599999999999
2026-06-19,12:49:58,97.8,242.9,0.688,9.68599999999999
2026-06-19,12:49:59,97.8,242.9,0.688,9.68599999999999
2026-06-19,12:50:00,97.8,242.9,0.688,9.68599999999999
2026-06-19,12:50:01,97.8,242.9,0.688,9.68599999999999
2026-06-19,12:50:02,97.8,242.9,0.688,9.68599999999999
2026-06-19,12:50:03,97.8,242.9,0.688,9.68599999999999
2026-06-19,12:50:04,97.8,242.9,0.688,9.68599999999999
2026-06-19,12:50:05,97.8,242.9,0.688,9.68599999999999
2026-06-19,12:50:06,97.8,242.9,0.688,9.68599999999999
2026-06-19,12:50:07,97.8,242.9,0.688,9.68599999999999
2026-06-19,12:50:08,97.8,242.9,0.688,9.68599999999999
2026-06-19,12:50:09,97.8,242.9,0.688,9.68599999999999
2026-06-19,12:50:10,97.8,242.9,0.688,9.68599999999999
2026-06-19,12:50:11,97.8,242.9,0.688,9.68599999999999
2026-06-19,12:50:12,97.8,242.9,0.688,9.68599999999999
2026-06-19,12:50:13,97.8,242.9,0.688,9.68599999999999
2026-06-19,12:50:14,97.8,242.9,0.688,9.68599999999999
2026-06-19,12:50:15,97.8,242.9,0.688,9.68599999999999
2026-06-19,12:50:16,97.8,242.9,0.688,9.68599999999999
2026-06-19,12:50:17,97.8,242.9,0.688,9.68599999999999
2026-06-19,12:50:18,97.8,242.9,0.688,9.68599999999999
2026-06-19,12:50:19,97.8,242.9,0.688,9.68599999999999
2026-06-19,12:50:20,97.8,242.9,0.688,9.68599999999999
2026-06-19,12:50:21,97.8,242.9,0.688,9.68599999999999
2026-06-19,12:50:22,97.8,242.9,0.688,9.68599999999999
2026-06-19,12:50:23,97.8,242.9,0.688,9.68599999999999
2026-06-19,12:50:24,97.8,242.9,0.688,9.68599999999999
2026-06-19,12:50:25,97.8,242.9,0.688,9.68599999999999
2026-06-19,12:50:26,97.8,242.9,0.688,9.68599999999999
2026-06-19,12:50:27,97.8,242.9,0.688,9.68599999999999
2026-06-19,12:50:28,97.8,242.9,0.688,9.68599999999999
2026-06-19,12:50:29,97.8,242.9,0.688,9.68599999999999
2026-06-19,12:50:30,97.8,242.9,0.688,9.68599999999999
2026-06-19,12:50:31,97.8,242.9,0.688,9.68599999999999
2026-06-19,12:50:32,97.8,242.9,0.688,9.68599999999999
2026-06-19,12:50:33,97.8,242.9,0.688,9.68599999999999
2026-06-19,12:50:34,97.8,242.9,0.688,9.68599999999999
2026-06-19,12:50:35,97.8,242.9,0.688,9.68599999999999
2026-06-19,12:50:36,97.8,242.9,0.688,9.68599999999999
2026-06-19,12:50:37,97.8,242.9,0.688,9.68599999999999
2026-06-19,12:50:38,97.8,242.9,0.688,9.68599999999999
2026-06-19,12:50:39,97.8,242.9,0.688,9.68599999999999
2026-06-19,12:50:40,97.8,242.9,0.688,9.68599999999999
2026-06-19,12:50:41,97.8,242.9,0.688,9.68599999999999
2026-06-19,12:50:42,97.8,242.9,0.688,9.68599999999999
2026-06-19,12:50:43,97.8,242.9,0.688,9.68599999999999
2026-06-19,12:50:44,97.8,242.9,0.688,9.68599999999999
2026-06-19,12:50:45,97.8,242.9,0.688,9.68599999999999
2026-06-19,12:50:46,97.8,242.9,0.688,9.68599999999999
2026-06-19,12:50:47,97.8,242.9,0.688,9.68599999999999
2026-06-19,12:50:48,97.8,242.9,0.688,9.68599999999999
2026-06-19,12:50:49,97.8,242.9,0.688,9.68599999999999
2026-06-19,12:50:50,97.8,242.9,0.688,9.68599999999999
2026-06-19,12:50:51,97.8,242.9,0.688,9.68599999999999
2026-06-19,12:50:52,97.8,242.9,0.688,9.68599999999999
2026-06-19,12:50:53,97.8,242.9,0.688,9.68599999999999
2026-06-19,12:50:54,97.8,242.9,0.688,9.68599999999999
2026-06-19,12:50:55,97.8,242.9,0.688,9.68599999999999
2026-06-19,12:50:56,97.8,242.9,0.688,9.68599999999999
2026-06-19,12:50:57,97.8,242.9,0.688,9.68599999999999
2026-06-19,12:50:58,97.8,242.9,0.688,9.68599999999999
2026-06-19,12:50:59,97.8,242.9,0.688,9.68599999999999
2026-06-19,12:51:00,97.8,242.9,0.688,9.68599999999999
2026-06-19,12:51:01,97.8,242.9,0.688,9.68599999999999
2026-06-19,12:51:02,97.8,242.9,0.688,9.68599999999999
2026-06-19,12:51:03,97.8,242.9,0.688,9.68599999999999
2026-06-19,12:51:04,97.8,242.9,0.688,9.68599999999999
2026-06-19,12:51:05,97.8,242.9,0.688,9.68599999999999
2026-06-19,12:51:06,97.8,242.9,0.688,9.68599999999999
2026-06-19,12:51:07,97.8,242.9,0.688,9.68599999999999
2026-06-19,12:51:08,97.8,242.9,0.688,9.68599999999999
2026-06-19,12:51:09,97.8,242.9,0.688,9.68599999999999
2026-06-19,12:51:10,97.8,242.9,0.688,9.68599999999999
2026-06-19,12:51:11,97.8,242.9,0.688,9.68599999999999
2026-06-19,12:51:12,97.8,242.9,0.688,9.68599999999999
2026-06-19,12:51:13,97.8,242.9,0.688,9.68599999999999
2026-06-19,12:51:14,97.8,242.9,0.688,9.68599999999999
2026-06-19,12:51:15,97.8,242.9,0.688,9.68599999999999
2026-06-19,12:51:16,97.8,242.9,0.688,9.68599999999999
2026-06-19,12:51:17,97.8,242.9,0.688,9.68599999999999
2026-06-19,12:51:18,97.8,242.9,0.688,9.68599999999999
2026-06-19,12:51:19,97.8,242.9,0.688,9.68599999999999
2026-06-19,12:51:20,97.8,242.9,0.688,9.68599999999999
2026-06-19,12:51:21,97.8,242.9,0.688,9.68599999999999
2026-06-19,12:51:22,97.8,242.9,0.688,9.68599999999999
2026-06-19,12:51:23,97.8,242.9,0.688,9.68599999999999
2026-06-19,12:51:24,97.8,242.9,0.688,9.68599999999999
2026-06-19,12:51:25,97.8,242.9,0.688,9.68599999999999
2026-06-19,12:51:26,97.8,242.9,0.688,9.68599999999999
2026-06-19,12:51:27,97.8,242.9,0.688,9.68599999999999
2026-06-19,12:51:28,97.8,242.9,0.688,9.68599999999999
2026-06-19,12:51:29,97.8,242.9,0.688,9.68599999999999
2026-06-19,12:51:30,97.8,242.9,0.688,9.68599999999999
2026-06-19,12:51:31,97.8,242.9,0.688,9.68599999999999
2026-06-19,12:51:32,97.8,242.9,0.688,9.68599999999999
2026-06-19,12:51:33,97.8,242.9,0.688,9.68599999999999
2026-06-19,12:51:34,97.8,242.9,0.688,9.68599999999999
2026-06-19,12:51:35,97.8,242.9,0.688,9.68599999999999
2026-06-19,12:51:36,97.8,242.9,0.688,9.68599999999999
2026-06-19,12:51:37,97.8,242.9,0.688,9.68599999999999
2026-06-19,12:51:38,97.8,242.9,0.688,9.68599999999999
2026-06-19,12:51:39,97.8,242.9,0.688,9.68599999999999
2026-06-19,12:51:40,97.8,242.9,0.688,9.68599999999999
2026-06-19,12:51:41,97.8,242.9,0.688,9.68599999999999
2026-06-19,12:51:42,97.8,242.9,0.688,9.68599999999999
2026-06-19,12:51:43,97.8,242.9,0.688,9.68599999999999
2026-06-19,12:51:44,97.8,242.9,0.688,9.68599999999999
2026-06-19,12:51:45,97.8,242.9,0.688,9.68599999999999
2026-06-19,12:51:46,97.8,242.9,0.688,9.68599999999999
2026-06-19,12:51:47,97.8,242.9,0.688,9.68599999999999
2026-06-19,12:51:48,97.8,242.9,0.688,9.68599999999999
2026-06-19,12:51:49,97.8,242.9,0.688,9.68599999999999
2026-06-19,12:51:50,97.8,242.9,0.688,9.68599999999999
2026-06-19,12:51:52,97.8,242.9,0.688,9.68599999999999
2026-06-19,12:51:53,97.8,242.9,0.688,9.68599999999999
2026-06-19,12:51:54,97.8,242.9,0.688,9.68599999999999
2026-06-19,12:51:55,97.8,242.9,0.688,9.68599999999999
2026-06-19,12:51:56,97.8,242.9,0.688,9.68599999999999
2026-06-19,12:51:57,97.8,242.9,0.688,9.68599999999999
2026-06-19,12:51:58,97.8,242.9,0.688,9.68599999999999
2026-06-19,12:51:59,97.8,242.9,0.688,9.68599999999999
2026-06-19,12:52:00,97.8,242.9,0.688,9.68599999999999
2026-06-19,12:52:01,97.8,242.9,0.688,9.68599999999999
2026-06-19,12:52:02,97.8,242.9,0.688,9.68599999999999
2026-06-19,12:52:03,97.8,242.9,0.688,9.68599999999999
2026-06-19,12:52:04,97.8,242.9,0.688,9.68599999999999
2026-06-19,12:52:05,97.8,242.9,0.688,9.68599999999999
2026-06-19,12:52:06,97.8,242.9,0.688,9.68599999999999
2026-06-19,12:52:07,97.8,242.9,0.688,9.68599999999999
2026-06-19,12:52:08,97.8,242.9,0.688,9.68599999999999
2026-06-19,12:52:09,97.8,242.9,0.688,9.68599999999999
2026-06-19,12:52:10,97.8,242.9,0.688,9.68599999999999
2026-06-19,12:52:11,97.8,242.9,0.688,9.68599999999999
2026-06-19,12:52:12,97.8,242.9,0.688,9.68599999999999
2026-06-19,12:52:13,97.8,242.9,0.688,9.68599999999999
2026-06-19,12:52:14,97.8,242.9,0.688,9.68599999999999
2026-06-19,12:52:15,97.8,242.9,0.688,9.68599999999999
2026-06-19,12:52:16,97.8,242.9,0.688,9.68599999999999
2026-06-19,12:52:17,97.8,242.9,0.688,9.68599999999999
2026-06-19,12:52:18,97.8,242.9,0.688,9.68599999999999
2026-06-19,12:52:19,97.8,242.9,0.688,9.68599999999999
2026-06-19,12:52:20,97.8,242.9,0.688,9.68599999999999
2026-06-19,12:52:21,97.8,242.9,0.688,9.68599999999999
2026-06-19,12:52:22,97.8,242.9,0.688,9.68599999999999
2026-06-19,12:52:23,97.8,242.9,0.688,9.68599999999999
2026-06-19,12:52:24,97.8,242.9,0.688,9.68599999999999
2026-06-19,12:52:25,97.8,242.9,0.688,9.68599999999999
2026-06-19,12:52:26,97.8,242.9,0.688,9.68599999999999
2026-06-19,12:52:27,97.8,242.9,0.688,9.68599999999999
2026-06-19,12:52:28,97.8,242.9,0.688,9.68599999999999
2026-06-19,12:52:29,97.8,242.9,0.688,9.68599999999999
2026-06-19,12:52:30,97.8,242.9,0.688,9.68599999999999
2026-06-19,12:52:31,97.8,242.9,0.688,9.68599999999999
2026-06-19,12:52:32,97.8,242.9,0.688,9.68599999999999
2026-06-19,12:52:33,97.8,242.9,0.688,9.68599999999999
2026-06-19,12:52:34,97.8,242.9,0.688,9.68599999999999
2026-06-19,12:52:35,97.8,242.9,0.688,9.68599999999999
2026-06-19,12:52:36,97.8,242.9,0.688,9.68599999999999
2026-06-19,12:52:37,97.8,242.9,0.688,9.68599999999999
2026-06-19,12:52:38,97.8,242.9,0.688,9.68599999999999
2026-06-19,12:52:39,97.8,242.9,0.688,9.68599999999999
2026-06-19,12:52:40,97.8,242.9,0.688,9.68599999999999
2026-06-19,12:52:41,97.8,242.9,0.688,9.68599999999999
2026-06-19,12:52:42,97.8,242.9,0.688,9.68599999999999
2026-06-19,12:52:43,97.8,242.9,0.688,9.68599999999999
2026-06-19,12:52:44,97.8,242.9,0.688,9.68599999999999
2026-06-19,12:52:45,97.8,242.9,0.688,9.68599999999999
2026-06-19,12:52:46,97.8,242.9,0.688,9.68599999999999
2026-06-19,12:52:47,97.8,242.9,0.688,9.68599999999999
2026-06-19,12:52:48,97.8,242.9,0.688,9.68599999999999
2026-06-19,12:52:49,97.8,242.9,0.688,9.68599999999999
2026-06-19,12:52:50,97.8,242.9,0.688,9.68599999999999
2026-06-19,12:52:51,97.8,242.9,0.688,9.68599999999999
2026-06-19,12:52:52,97.8,242.9,0.688,9.68599999999999
2026-06-19,12:52:53,97.8,242.9,0.688,9.68599999999999
2026-06-19,12:52:54,97.8,242.9,0.688,9.68599999999999
2026-06-19,12:52:55,97.8,242.9,0.688,9.68599999999999
2026-06-19,12:52:56,97.8,242.9,0.688,9.68599999999999
2026-06-19,12:52:57,97.8,242.9,0.688,9.68599999999999
2026-06-19,12:52:58,97.8,242.9,0.688,9.68599999999999
2026-06-19,12:52:59,97.8,242.9,0.688,9.68599999999999
2026-06-19,12:53:00,97.8,242.9,0.688,9.68599999999999
2026-06-19,12:53:01,97.8,242.9,0.688,9.68599999999999
2026-06-19,12:53:02,97.8,242.9,0.688,9.68599999999999
2026-06-19,12:53:03,97.8,242.9,0.688,9.68599999999999
2026-06-19,12:53:04,97.8,242.9,0.688,9.68599999999999
2026-06-19,12:53:05,97.8,242.9,0.688,9.68599999999999
2026-06-19,12:53:06,97.8,242.9,0.688,9.68599999999999
2026-06-19,12:53:07,97.8,242.9,0.688,9.68599999999999
2026-06-19,12:53:08,97.8,242.9,0.688,9.68599999999999
2026-06-19,12:53:09,97.8,242.9,0.688,9.68599999999999
2026-06-19,12:53:10,97.8,242.9,0.688,9.68599999999999
2026-06-19,12:53:11,97.8,242.9,0.688,9.68599999999999
2026-06-19,12:53:12,97.8,242.9,0.688,9.68599999999999
2026-06-19,12:53:13,97.8,242.9,0.688,9.68599999999999
2026-06-19,12:53:14,97.8,242.9,0.688,9.68599999999999
2026-06-19,12:53:15,97.8,242.9,0.688,9.68599999999999
2026-06-19,12:53:16,97.8,242.9,0.688,9.68599999999999
2026-06-19,12:53:17,97.8,242.9,0.688,9.68599999999999
2026-06-19,12:53:18,97.8,242.9,0.688,9.68599999999999
2026-06-19,12:53:19,97.8,242.9,0.688,9.68599999999999
2026-06-19,12:53:20,97.8,242.9,0.688,9.68599999999999
2026-06-19,12:53:21,97.8,242.9,0.688,9.68599999999999
2026-06-19,12:53:22,97.8,242.9,0.688,9.68599999999999
2026-06-19,12:53:23,97.8,242.9,0.688,9.68599999999999
2026-06-19,12:53:24,97.8,242.9,0.688,9.68599999999999
2026-06-19,12:53:25,97.8,242.9,0.688,9.68599999999999
2026-06-19,12:53:26,97.8,242.9,0.688,9.68599999999999
2026-06-19,12:53:27,97.8,242.9,0.688,9.68599999999999
2026-06-19,12:53:28,97.8,242.9,0.688,9.68599999999999
2026-06-19,12:53:29,97.8,242.9,0.688,9.68599999999999
2026-06-19,12:53:30,97.8,242.9,0.688,9.68599999999999
2026-06-19,12:53:31,97.8,242.9,0.688,9.68599999999999
2026-06-19,12:53:32,97.8,242.9,0.688,9.68599999999999
2026-06-19,12:53:33,97.8,242.9,0.688,9.68599999999999
2026-06-19,12:53:34,97.8,242.9,0.688,9.68599999999999
2026-06-19,12:53:35,97.8,242.9,0.688,9.68599999999999
2026-06-19,12:53:36,97.8,242.9,0.688,9.68599999999999
2026-06-19,12:53:37,97.8,242.9,0.688,9.68599999999999
2026-06-19,12:53:38,97.8,242.9,0.688,9.68599999999999
2026-06-19,12:53:39,97.8,242.9,0.688,9.68599999999999
2026-06-19,12:53:40,97.8,242.9,0.688,9.68599999999999
2026-06-19,12:53:41,97.8,242.9,0.688,9.68599999999999
2026-06-19,12:53:42,97.8,242.9,0.688,9.68599999999999
2026-06-19,12:53:43,97.8,242.9,0.688,9.68599999999999
2026-06-19,12:53:44,97.8,242.9,0.688,9.68599999999999
2026-06-19,12:53:45,97.8,242.9,0.688,9.68599999999999
2026-06-19,12:53:46,97.8,242.9,0.688,9.68599999999999
2026-06-19,12:53:47,97.8,242.9,0.688,9.68599999999999
2026-06-19,12:53:48,97.8,242.9,0.688,9.68599999999999
2026-06-19,12:53:49,97.8,242.9,0.688,9.68599999999999
2026-06-19,12:53:50,97.8,242.9,0.688,9.68599999999999
2026-06-19,12:53:51,97.8,242.9,0.688,9.68599999999999
2026-06-19,12:53:52,97.8,242.9,0.688,9.68599999999999
2026-06-19,12:53:53,97.8,242.9,0.688,9.68599999999999
2026-06-19,12:53:54,97.8,242.9,0.688,9.68599999999999
2026-06-19,12:53:55,97.8,242.9,0.688,9.68599999999999
2026-06-19,12:53:56,97.8,242.9,0.688,9.68599999999999
2026-06-19,12:53:57,97.8,242.9,0.688,9.68599999999999
2026-06-19,12:53:58,97.8,242.9,0.688,9.68599999999999
2026-06-19,12:53:59,97.8,242.9,0.688,9.68599999999999
2026-06-19,12:54:00,97.8,242.9,0.688,9.68599999999999
2026-06-19,12:54:01,97.8,242.9,0.688,9.68599999999999
2026-06-19,12:54:02,97.8,242.9,0.688,9.68599999999999
2026-06-19,12:54:03,97.8,242.9,0.688,9.68599999999999
2026-06-19,12:54:04,97.8,242.9,0.688,9.68599999999999
2026-06-19,12:54:05,97.8,242.9,0.688,9.68599999999999
2026-06-19,12:54:06,97.8,242.9,0.688,9.68599999999999
2026-06-19,12:54:07,97.8,242.9,0.688,9.68599999999999
2026-06-19,12:54:08,97.8,242.9,0.688,9.68599999999999
2026-06-19,12:54:09,97.8,242.9,0.688,9.68599999999999
2026-06-19,12:54:10,97.8,242.9,0.688,9.68599999999999
2026-06-19,12:54:11,97.8,242.9,0.688,9.68599999999999
2026-06-19,12:54:12,97.8,242.9,0.688,9.68599999999999
2026-06-19,12:54:13,97.8,242.9,0.688,9.68599999999999
2026-06-19,12:54:14,97.8,242.9,0.688,9.68599999999999
2026-06-19,12:54:15,97.8,242.9,0.688,9.68599999999999
2026-06-19,12:54:16,97.8,242.9,0.688,9.68599999999999
2026-06-19,12:54:17,97.8,242.9,0.688,9.68599999999999
2026-06-19,12:54:18,97.8,242.9,0.688,9.68599999999999
2026-06-19,12:54:19,97.8,242.9,0.688,9.68599999999999
2026-06-19,12:54:20,97.8,242.9,0.688,9.68599999999999
2026-06-19,12:54:21,97.8,242.9,0.688,9.68599999999999
2026-06-19,12:54:22,97.8,242.9,0.688,9.68599999999999
2026-06-19,12:54:23,97.8,242.9,0.688,9.68599999999999
2026-06-19,12:54:24,97.8,242.9,0.688,9.68599999999999
2026-06-19,12:54:25,97.8,242.9,0.688,9.68599999999999
2026-06-19,12:54:26,97.8,242.9,0.688,9.68599999999999
2026-06-19,12:54:27,97.8,242.9,0.688,9.68599999999999
2026-06-19,12:54:28,97.8,242.9,0.688,9.68599999999999
2026-06-19,12:54:29,97.8,242.9,0.688,9.68599999999999
2026-06-19,12:54:31,97.8,242.9,0.688,9.68599999999999
2026-06-19,12:54:32,97.8,242.9,0.688,9.68599999999999
2026-06-19,12:54:33,97.8,242.9,0.688,9.68599999999999
2026-06-19,12:54:34,97.8,242.9,0.688,9.68599999999999
2026-06-19,12:54:35,97.8,242.9,0.688,9.68599999999999
2026-06-19,12:54:36,97.8,242.9,0.688,9.68599999999999
2026-06-19,12:54:37,97.8,242.9,0.688,9.68599999999999
2026-06-19,12:54:38,97.8,242.9,0.688,9.68599999999999
2026-06-19,12:54:39,97.8,242.9,0.688,9.68599999999999
2026-06-19,12:54:40,97.8,242.9,0.688,9.68599999999999
2026-06-19,12:54:41,97.8,242.9,0.688,9.68599999999999
2026-06-19,12:54:42,97.8,242.9,0.688,9.68599999999999
2026-06-19,12:54:43,97.8,242.9,0.688,9.68599999999999
2026-06-19,12:54:44,97.8,242.9,0.688,9.68599999999999
2026-06-19,12:54:45,97.8,242.9,0.688,9.68599999999999
2026-06-19,12:54:46,97.8,242.9,0.688,9.68599999999999
2026-06-19,12:54:47,97.8,242.9,0.688,9.68599999999999
2026-06-19,12:54:48,97.8,242.9,0.688,9.68599999999999
2026-06-19,12:54:49,97.8,242.9,0.688,9.68599999999999
2026-06-19,12:54:50,97.8,242.9,0.688,9.68599999999999
2026-06-19,12:54:51,97.8,242.9,0.688,9.68599999999999
2026-06-19,12:54:52,97.8,242.9,0.688,9.68599999999999
2026-06-19,12:54:53,97.8,242.9,0.688,9.68599999999999
2026-06-19,12:54:54,97.8,242.9,0.688,9.68599999999999
2026-06-19,12:54:55,97.8,242.9,0.688,9.68599999999999
2026-06-19,12:54:56,97.8,242.9,0.688,9.68599999999999
2026-06-19,12:54:57,97.8,242.9,0.688,9.68599999999999
2026-06-19,12:54:58,97.8,242.9,0.688,9.68599999999999
2026-06-19,12:54:59,97.8,242.9,0.688,9.68599999999999
2026-06-19,12:55:00,97.8,242.9,0.688,9.68599999999999
2026-06-19,12:55:01,97.8,242.9,0.688,9.68599999999999
2026-06-19,12:55:02,97.8,242.9,0.688,9.68599999999999
2026-06-19,12:55:03,97.8,242.9,0.688,9.68599999999999
2026-06-19,12:55:04,97.8,242.9,0.688,9.68599999999999
2026-06-19,12:55:05,97.8,242.9,0.688,9.68599999999999
2026-06-19,12:55:06,97.8,242.9,0.688,9.68599999999999
2026-06-19,12:55:07,97.8,242.9,0.688,9.68599999999999
2026-06-19,12:55:08,97.8,242.9,0.688,9.68599999999999
2026-06-19,12:55:09,97.8,242.9,0.688,9.68599999999999
2026-06-19,12:55:10,97.8,242.9,0.688,9.68599999999999
2026-06-19,12:55:11,97.8,242.9,0.688,9.68599999999999
2026-06-19,12:55:12,97.8,242.9,0.688,9.68599999999999
2026-06-19,12:55:13,97.8,242.9,0.688,9.68599999999999
2026-06-19,12:55:14,97.8,242.9,0.688,9.68599999999999
2026-06-19,12:55:15,97.8,242.9,0.688,9.68599999999999
2026-06-19,12:55:16,97.8,242.9,0.688,9.68599999999999
2026-06-19,12:55:17,97.8,242.9,0.688,9.68599999999999
2026-06-19,12:55:18,97.8,242.9,0.688,9.68599999999999
2026-06-19,12:55:19,97.8,242.9,0.688,9.68599999999999
2026-06-19,12:55:20,97.8,242.9,0.688,9.68599999999999
2026-06-19,12:55:21,97.8,242.9,0.688,9.68599999999999
2026-06-19,12:55:22,97.8,242.9,0.688,9.68599999999999
2026-06-19,12:55:23,97.8,242.9,0.688,9.68599999999999
2026-06-19,12:55:24,97.8,242.9,0.688,9.68599999999999
2026-06-19,12:55:25,97.8,242.9,0.688,9.68599999999999
2026-06-19,12:55:26,97.8,242.9,0.688,9.68599999999999
2026-06-19,12:55:27,97.8,242.9,0.688,9.68599999999999
2026-06-19,12:55:28,97.8,242.9,0.688,9.68599999999999
2026-06-19,12:55:29,97.8,242.9,0.688,9.68599999999999
2026-06-19,12:55:30,97.8,242.9,0.688,9.68599999999999
2026-06-19,12:55:31,97.8,242.9,0.688,9.68599999999999
2026-06-19,12:55:32,97.8,242.9,0.688,9.68599999999999
2026-06-19,12:55:33,97.8,242.9,0.688,9.68599999999999
2026-06-19,12:55:34,97.8,242.9,0.688,9.68599999999999
2026-06-19,12:55:35,97.8,242.9,0.688,9.68599999999999
2026-06-19,12:55:36,97.8,242.9,0.688,9.68599999999999
2026-06-19,12:55:37,97.8,242.9,0.688,9.68599999999999
2026-06-19,12:55:38,97.8,242.9,0.688,9.68599999999999
2026-06-19,12:55:39,97.8,242.9,0.688,9.68599999999999
2026-06-19,12:55:40,97.8,242.9,0.688,9.68599999999999
2026-06-19,12:55:41,97.8,242.9,0.688,9.68599999999999
2026-06-19,12:55:42,97.8,242.9,0.688,9.68599999999999
2026-06-19,12:55:43,97.8,242.9,0.688,9.68599999999999
2026-06-19,12:55:44,97.8,242.9,0.688,9.68599999999999
2026-06-19,12:55:45,97.8,242.9,0.688,9.68599999999999
2026-06-19,12:55:46,97.8,242.9,0.688,9.68599999999999
2026-06-19,12:55:47,97.8,242.9,0.688,9.68599999999999
2026-06-19,12:55:48,97.8,242.9,0.688,9.68599999999999
2026-06-19,12:55:49,97.8,242.9,0.688,9.68599999999999
2026-06-19,12:55:50,97.8,242.9,0.688,9.68599999999999
2026-06-19,12:55:51,97.8,242.9,0.688,9.68599999999999
2026-06-19,12:55:52,97.8,242.9,0.688,9.68599999999999
2026-06-19,12:55:53,97.8,242.9,0.688,9.68599999999999
2026-06-19,12:55:54,97.8,242.9,0.688,9.68599999999999
2026-06-19,12:55:55,97.8,242.9,0.688,9.68599999999999
2026-06-19,12:55:56,97.8,242.9,0.688,9.68599999999999
2026-06-19,12:55:57,97.8,242.9,0.688,9.68599999999999
2026-06-19,12:55:58,97.8,242.9,0.688,9.68599999999999
2026-06-19,12:55:59,97.8,242.9,0.688,9.68599999999999
2026-06-19,12:56:00,97.8,242.9,0.688,9.68599999999999
2026-06-19,12:56:01,97.8,242.9,0.688,9.68599999999999
2026-06-19,12:56:02,97.8,242.9,0.688,9.68599999999999
2026-06-19,12:56:03,97.8,242.9,0.688,9.68599999999999
2026-06-19,12:56:04,97.8,242.9,0.688,9.68599999999999
2026-06-19,12:56:05,97.8,242.9,0.688,9.68599999999999
2026-06-19,12:56:06,97.8,242.9,0.688,9.68599999999999
2026-06-19,12:56:07,97.8,242.9,0.688,9.68599999999999
2026-06-19,12:56:08,97.8,242.9,0.688,9.68599999999999
2026-06-19,12:56:09,97.8,242.9,0.688,9.68599999999999
2026-06-19,12:56:10,97.8,242.9,0.688,9.68599999999999
2026-06-19,12:56:11,97.8,242.9,0.688,9.68599999999999
2026-06-19,12:56:12,97.8,242.9,0.688,9.68599999999999
2026-06-19,12:56:13,97.8,242.9,0.688,9.68599999999999
2026-06-19,12:56:14,97.8,242.9,0.688,9.68599999999999
2026-06-19,12:56:15,97.8,242.9,0.688,9.68599999999999
2026-06-19,12:56:16,97.8,242.9,0.688,9.68599999999999
2026-06-19,12:56:17,97.8,242.9,0.688,9.68599999999999
2026-06-19,12:56:18,97.8,242.9,0.688,9.68599999999999
2026-06-19,12:56:19,97.8,242.9,0.688,9.68599999999999
2026-06-19,12:56:20,97.8,242.9,0.688,9.68599999999999
2026-06-19,12:56:21,97.8,242.9,0.688,9.68599999999999
2026-06-19,12:56:22,97.8,242.9,0.688,9.68599999999999
2026-06-19,12:56:23,97.8,242.9,0.688,9.68599999999999
2026-06-19,12:56:24,97.8,242.9,0.688,9.68599999999999
2026-06-19,12:56:25,97.8,242.9,0.688,9.68599999999999
2026-06-19,12:56:26,97.8,242.9,0.688,9.68599999999999
2026-06-19,12:56:27,97.8,242.9,0.688,9.68599999999999
2026-06-19,12:56:28,97.8,242.9,0.688,9.68599999999999
2026-06-19,12:56:29,97.8,242.9,0.688,9.68599999999999
2026-06-19,12:56:30,97.8,242.9,0.688,9.68599999999999
2026-06-19,12:56:31,97.8,242.9,0.688,9.68599999999999
2026-06-19,12:56:32,97.8,242.9,0.688,9.68599999999999
2026-06-19,12:56:33,97.8,242.9,0.688,9.68599999999999
2026-06-19,12:56:34,97.8,242.9,0.688,9.68599999999999
2026-06-19,12:56:35,97.8,242.9,0.688,9.68599999999999
2026-06-19,12:56:36,97.8,242.9,0.688,9.68599999999999
2026-06-19,12:56:37,97.8,242.9,0.688,9.68599999999999
2026-06-19,12:56:38,97.8,242.9,0.688,9.68599999999999
2026-06-19,12:56:39,97.8,242.9,0.688,9.68599999999999
2026-06-19,12:56:40,97.8,242.9,0.688,9.68599999999999
2026-06-19,12:56:41,97.8,242.9,0.688,9.68599999999999
2026-06-19,12:56:42,97.8,242.9,0.688,9.68599999999999
2026-06-19,12:56:43,97.8,242.9,0.688,9.68599999999999
2026-06-19,12:56:44,97.8,242.9,0.688,9.68599999999999
2026-06-19,12:56:45,97.8,242.9,0.688,9.68599999999999
2026-06-19,12:56:46,97.8,242.9,0.688,9.68599999999999
2026-06-19,12:56:47,97.8,242.9,0.688,9.68599999999999
2026-06-19,12:56:48,97.8,242.9,0.688,9.68599999999999
2026-06-19,12:56:49,97.8,242.9,0.688,9.68599999999999
2026-06-19,12:56:50,97.8,242.9,0.688,9.68599999999999
2026-06-19,12:56:51,97.8,242.9,0.688,9.68599999999999
2026-06-19,12:56:52,97.8,242.9,0.688,9.68599999999999
2026-06-19,12:56:53,97.8,242.9,0.688,9.68599999999999
2026-06-19,12:56:54,97.8,242.9,0.688,9.68599999999999
2026-06-19,12:56:55,97.8,242.9,0.688,9.68599999999999
2026-06-19,12:56:56,97.8,242.9,0.688,9.68599999999999
2026-06-19,12:56:57,97.8,242.9,0.688,9.68599999999999
2026-06-19,12:56:58,97.8,242.9,0.688,9.68599999999999
2026-06-19,12:56:59,97.8,242.9,0.688,9.68599999999999
2026-06-19,12:57:00,97.8,242.9,0.688,9.68599999999999
2026-06-19,12:57:01,97.8,242.9,0.688,9.68599999999999
2026-06-19,12:57:02,97.8,242.9,0.688,9.68599999999999
2026-06-19,12:57:03,97.8,242.9,0.688,9.68599999999999
2026-06-19,12:57:04,97.8,242.9,0.688,9.68599999999999
2026-06-19,12:57:05,97.8,242.9,0.688,9.68599999999999
2026-06-19,12:57:07,97.8,242.9,0.688,9.68599999999999
2026-06-19,12:57:08,97.8,242.9,0.688,9.68599999999999
2026-06-19,12:57:09,97.8,242.9,0.688,9.68599999999999
2026-06-19,12:57:10,97.8,242.9,0.688,9.68599999999999
2026-06-19,12:57:11,97.8,242.9,0.688,9.68599999999999
2026-06-19,12:57:12,97.8,242.9,0.688,9.68599999999999
2026-06-19,12:57:13,97.8,242.9,0.688,9.68599999999999
2026-06-19,12:57:14,97.8,242.9,0.688,9.68599999999999
2026-06-19,12:57:15,97.8,242.9,0.688,9.68599999999999
2026-06-19,12:57:16,97.8,242.9,0.688,9.68599999999999
2026-06-19,12:57:17,97.8,242.9,0.688,9.68599999999999
2026-06-19,12:57:18,97.8,242.9,0.688,9.68599999999999
2026-06-19,12:57:19,97.8,242.9,0.688,9.68599999999999
2026-06-19,12:57:20,97.8,242.9,0.688,9.68599999999999
2026-06-19,12:57:21,97.8,242.9,0.688,9.68599999999999
2026-06-19,12:57:22,97.8,242.9,0.688,9.68599999999999
2026-06-19,12:57:23,97.8,242.9,0.688,9.68599999999999
2026-06-19,12:57:24,97.8,242.9,0.688,9.68599999999999
2026-06-19,12:57:25,97.8,242.9,0.688,9.68599999999999
2026-06-19,12:57:26,97.8,242.9,0.688,9.68599999999999
2026-06-19,12:57:27,97.8,242.9,0.688,9.68599999999999
2026-06-19,12:57:28,97.8,242.9,0.688,9.68599999999999
2026-06-19,12:57:29,97.8,242.9,0.688,9.68599999999999
2026-06-19,12:57:30,97.8,242.9,0.688,9.68599999999999
2026-06-19,12:57:31,97.8,242.9,0.688,9.68599999999999
2026-06-19,12:57:32,97.8,242.9,0.688,9.68599999999999
2026-06-19,12:57:33,97.8,242.9,0.688,9.68599999999999
2026-06-19,12:57:34,97.8,242.9,0.688,9.68599999999999
2026-06-19,12:57:35,97.8,242.9,0.688,9.68599999999999
2026-06-19,12:57:36,97.8,242.9,0.688,9.68599999999999
2026-06-19,12:57:37,97.8,242.9,0.688,9.68599999999999
2026-06-19,12:57:38,97.8,242.9,0.688,9.68599999999999
2026-06-19,12:57:39,97.8,242.9,0.688,9.68599999999999
2026-06-19,12:57:40,97.8,242.9,0.688,9.68599999999999
2026-06-19,12:57:41,97.8,242.9,0.688,9.68599999999999
2026-06-19,12:57:42,97.8,242.9,0.688,9.68599999999999
2026-06-19,12:57:43,97.8,242.9,0.688,9.68599999999999
2026-06-19,12:57:44,97.8,242.9,0.688,9.68599999999999
2026-06-19,12:57:45,97.8,242.9,0.688,9.68599999999999
2026-06-19,12:57:46,97.8,242.9,0.688,9.68599999999999
2026-06-19,12:57:47,97.8,242.9,0.688,9.68599999999999
2026-06-19,12:57:48,97.8,242.9,0.688,9.68599999999999
2026-06-19,12:57:49,97.8,242.9,0.688,9.68599999999999
2026-06-19,12:57:50,97.8,242.9,0.688,9.68599999999999
2026-06-19,12:57:51,97.8,242.9,0.688,9.68599999999999
2026-06-19,12:57:52,97.8,242.9,0.688,9.68599999999999
2026-06-19,12:57:53,97.8,242.9,0.688,9.68599999999999
2026-06-19,12:57:54,97.8,242.9,0.688,9.68599999999999
2026-06-19,12:57:55,97.8,242.9,0.688,9.68599999999999
2026-06-19,12:57:56,70.6,242.4,0.538,9.68599999999999
2026-06-19,12:57:57,70.6,242.4,0.538,9.68599999999999
2026-06-19,12:57:58,70.6,242.4,0.538,9.68599999999999
2026-06-19,12:57:59,70.6,242.4,0.538,9.68599999999999
2026-06-19,12:58:00,70.6,242.4,0.538,9.68599999999999
2026-06-19,12:58:01,70.6,242.4,0.538,9.68599999999999
2026-06-19,12:58:02,70.6,242.4,0.538,9.68599999999999
2026-06-19,12:58:03,70.6,242.4,0.538,9.68599999999999
2026-06-19,12:58:04,70.6,242.4,0.538,9.68599999999999
2026-06-19,12:58:05,70.6,242.4,0.538,9.68599999999999
2026-06-19,12:58:06,70.6,242.4,0.538,9.68599999999999
2026-06-19,12:58:07,70.6,242.4,0.538,9.68599999999999
2026-06-19,12:58:08,70.6,242.4,0.538,9.68599999999999
2026-06-19,12:58:09,70.6,242.4,0.538,9.68599999999999
2026-06-19,12:58:10,70.6,242.4,0.538,9.68599999999999
2026-06-19,12:58:11,70.6,242.4,0.538,9.68599999999999
2026-06-19,12:58:12,70.6,242.4,0.538,9.68599999999999
2026-06-19,12:58:13,70.6,242.4,0.538,9.68599999999999
2026-06-19,12:58:14,70.6,242.4,0.538,9.68599999999999
2026-06-19,12:58:15,70.6,242.4,0.538,9.68599999999999
2026-06-19,12:58:16,70.6,242.4,0.538,9.68599999999999
2026-06-19,12:58:17,70.6,242.4,0.538,9.68599999999999
2026-06-19,12:58:18,70.6,242.4,0.538,9.68599999999999
2026-06-19,12:58:19,70.6,242.4,0.538,9.68599999999999
2026-06-19,12:58:20,70.6,242.4,0.538,9.68599999999999
2026-06-19,12:58:21,70.6,242.4,0.538,9.68599999999999
2026-06-19,12:58:22,70.6,242.4,0.538,9.68599999999999
2026-06-19,12:58:23,70.6,242.4,0.538,9.68599999999999
2026-06-19,12:58:24,70.6,242.4,0.538,9.68599999999999
2026-06-19,12:58:25,70.6,242.4,0.538,9.68599999999999
2026-06-19,12:58:26,70.6,242.4,0.538,9.68599999999999
2026-06-19,12:58:27,70.6,242.4,0.538,9.68599999999999
2026-06-19,12:58:28,70.6,242.4,0.538,9.68599999999999
2026-06-19,12:58:29,70.6,242.4,0.538,9.68599999999999
2026-06-19,12:58:30,70.6,242.4,0.538,9.68599999999999
2026-06-19,12:58:31,70.6,242.4,0.538,9.68599999999999
2026-06-19,12:58:32,70.6,242.4,0.538,9.68599999999999
2026-06-19,12:58:33,70.6,242.4,0.538,9.68599999999999
2026-06-19,12:58:34,70.6,242.4,0.538,9.68599999999999
2026-06-19,12:58:35,70.6,242.4,0.538,9.68599999999999
2026-06-19,12:58:36,70.6,242.4,0.538,9.68599999999999
2026-06-19,12:58:37,70.6,242.4,0.538,9.68599999999999
2026-06-19,12:58:38,70.6,242.4,0.538,9.68599999999999
2026-06-19,12:58:39,70.6,242.4,0.538,9.68599999999999
2026-06-19,12:58:40,70.6,242.4,0.538,9.68599999999999
2026-06-19,12:58:41,70.6,242.4,0.538,9.68599999999999
2026-06-19,12:58:42,70.6,242.4,0.538,9.68599999999999
2026-06-19,12:58:43,70.6,242.4,0.538,9.68599999999999
2026-06-19,12:58:44,70.6,242.4,0.538,9.68599999999999
2026-06-19,12:58:45,70.6,242.4,0.538,9.68599999999999
2026-06-19,12:58:46,70.6,242.4,0.538,9.68599999999999
2026-06-19,12:58:47,70.6,242.4,0.538,9.68599999999999
2026-06-19,12:58:48,70.6,242.4,0.538,9.68599999999999
2026-06-19,12:58:49,70.6,242.4,0.538,9.68599999999999
2026-06-19,12:58:50,70.6,242.4,0.538,9.68599999999999
2026-06-19,12:58:51,70.6,242.4,0.538,9.68599999999999
2026-06-19,12:58:52,70.6,242.4,0.538,9.68599999999999
2026-06-19,12:58:53,70.6,242.4,0.538,9.68599999999999
2026-06-19,12:58:54,70.6,242.4,0.538,9.68599999999999
2026-06-19,12:58:55,70.6,242.4,0.538,9.68599999999999
2026-06-19,12:58:56,70.6,242.4,0.538,9.68599999999999
2026-06-19,12:58:57,70.6,242.4,0.538,9.68599999999999
2026-06-19,12:58:58,70.6,242.4,0.538,9.68599999999999
2026-06-19,12:58:59,70.6,242.4,0.538,9.68599999999999
2026-06-19,12:59:00,70.6,242.4,0.538,9.68599999999999
2026-06-19,12:59:01,70.6,242.4,0.538,9.68599999999999
2026-06-19,12:59:02,70.6,242.4,0.538,9.68599999999999
2026-06-19,12:59:03,70.6,242.4,0.538,9.68599999999999
2026-06-19,12:59:04,70.6,242.4,0.538,9.68599999999999
2026-06-19,12:59:05,70.6,242.4,0.538,9.68599999999999
2026-06-19,12:59:06,70.6,242.4,0.538,9.68599999999999
2026-06-19,12:59:07,70.6,242.4,0.538,9.68599999999999
2026-06-19,12:59:08,70.6,242.4,0.538,9.68599999999999
2026-06-19,12:59:09,70.6,242.4,0.538,9.68599999999999
2026-06-19,12:59:10,70.6,242.4,0.538,9.68599999999999
2026-06-19,12:59:11,70.6,242.4,0.538,9.68599999999999
2026-06-19,12:59:12,70.6,242.4,0.538,9.68599999999999
2026-06-19,12:59:13,70.6,242.4,0.538,9.68599999999999
2026-06-19,12:59:14,70.6,242.4,0.538,9.68599999999999
2026-06-19,12:59:15,70.6,242.4,0.538,9.68599999999999
2026-06-19,12:59:16,70.6,242.4,0.538,9.68599999999999
2026-06-19,12:59:17,70.6,242.4,0.538,9.68599999999999
2026-06-19,12:59:18,70.6,242.4,0.538,9.68599999999999
2026-06-19,12:59:19,70.6,242.4,0.538,9.68599999999999
2026-06-19,12:59:20,70.6,242.4,0.538,9.68599999999999
2026-06-19,12:59:22,70.6,242.4,0.538,9.68599999999999
2026-06-19,12:59:23,70.6,242.4,0.538,9.68599999999999
2026-06-19,12:59:24,70.6,242.4,0.538,9.68599999999999
2026-06-19,12:59:25,70.6,242.4,0.538,9.68599999999999
2026-06-19,12:59:26,70.6,242.4,0.538,9.68599999999999
2026-06-19,12:59:27,70.6,242.4,0.538,9.68599999999999
2026-06-19,12:59:28,70.6,242.4,0.538,9.68599999999999
2026-06-19,12:59:29,70.6,242.4,0.538,9.68599999999999
2026-06-19,12:59:30,70.6,242.4,0.538,9.68599999999999
2026-06-19,12:59:31,70.6,242.4,0.538,9.68599999999999
2026-06-19,12:59:32,70.6,242.4,0.538,9.68599999999999
2026-06-19,12:59:33,70.6,242.4,0.538,9.68599999999999
2026-06-19,12:59:34,70.6,242.4,0.538,9.68599999999999
2026-06-19,12:59:35,70.6,242.4,0.538,9.68599999999999
2026-06-19,12:59:36,70.6,242.4,0.538,9.68599999999999
2026-06-19,12:59:37,70.6,242.4,0.538,9.68599999999999
2026-06-19,12:59:38,70.6,242.4,0.538,9.73199999999999
2026-06-19,12:59:39,70.6,242.4,0.538,9.73199999999999
2026-06-19,12:59:40,70.6,242.4,0.538,9.73199999999999
2026-06-19,12:59:41,70.6,242.4,0.538,9.73199999999999
2026-06-19,12:59:42,70.6,242.4,0.538,9.73199999999999
2026-06-19,12:59:43,70.6,242.4,0.538,9.73199999999999
2026-06-19,12:59:44,70.6,242.4,0.538,9.73199999999999
2026-06-19,12:59:45,70.6,242.4,0.538,9.73199999999999
2026-06-19,12:59:46,70.6,242.4,0.538,9.73199999999999
2026-06-19,12:59:47,70.6,242.4,0.538,9.73199999999999
2026-06-19,12:59:48,70.6,242.4,0.538,9.73199999999999
2026-06-19,12:59:49,70.6,242.4,0.538,9.73199999999999
2026-06-19,12:59:50,70.6,242.4,0.538,9.73199999999999
2026-06-19,12:59:51,70.6,242.4,0.538,9.73199999999999
2026-06-19,12:59:52,70.6,242.4,0.538,9.73199999999999
2026-06-19,12:59:53,70.6,242.4,0.538,9.73199999999999
2026-06-19,12:59:54,70.6,242.4,0.538,9.73199999999999
2026-06-19,12:59:55,70.6,242.4,0.538,9.73199999999999
2026-06-19,12:59:56,70.6,242.4,0.538,9.73199999999999
2026-06-19,12:59:57,70.6,242.4,0.538,9.73199999999999
2026-06-19,12:59:58,70.6,242.4,0.538,9.73199999999999
2026-06-19,12:59:59,70.6,242.4,0.538,9.73199999999999
2026-06-19,13:00:00,70.6,242.4,0.538,9.73199999999999
2026-06-19,13:00:01,70.6,242.4,0.538,9.73199999999999
2026-06-19,13:00:02,70.6,242.4,0.538,9.73199999999999
2026-06-19,13:00:03,70.6,242.4,0.538,9.73199999999999
2026-06-19,13:00:04,70.6,242.4,0.538,9.73199999999999
2026-06-19,13:00:05,70.6,242.4,0.538,9.73199999999999
2026-06-19,13:00:06,70.6,242.4,0.538,9.73199999999999
2026-06-19,13:00:07,70.6,242.4,0.538,9.73199999999999
2026-06-19,13:00:08,70.6,242.4,0.538,9.73199999999999
2026-06-19,13:00:09,70.6,242.4,0.538,9.73199999999999
2026-06-19,13:00:10,70.6,242.4,0.538,9.73199999999999
2026-06-19,13:00:11,70.6,242.4,0.538,9.73199999999999
2026-06-19,13:00:12,70.6,242.4,0.538,9.73199999999999
2026-06-19,13:00:13,70.6,242.4,0.538,9.73199999999999
2026-06-19,13:00:14,70.6,242.4,0.538,9.73199999999999
2026-06-19,13:00:15,70.6,242.4,0.538,9.73199999999999
2026-06-19,13:00:16,70.6,242.4,0.538,9.73199999999999
2026-06-19,13:00:17,70.6,242.4,0.538,9.73199999999999
2026-06-19,13:00:18,70.6,242.4,0.538,9.73199999999999
2026-06-19,13:00:19,70.6,242.4,0.538,9.73199999999999
2026-06-19,13:00:20,70.6,242.4,0.538,9.73199999999999
2026-06-19,13:00:21,70.6,242.4,0.538,9.73199999999999
2026-06-19,13:00:22,70.6,242.4,0.538,9.73199999999999
2026-06-19,13:00:23,70.6,242.4,0.538,9.73199999999999
2026-06-19,13:00:24,70.6,242.4,0.538,9.73199999999999
2026-06-19,13:00:25,70.6,242.4,0.538,9.73199999999999
2026-06-19,13:00:26,70.6,242.4,0.538,9.73199999999999
2026-06-19,13:00:27,70.6,242.4,0.538,9.73199999999999
2026-06-19,13:00:28,70.6,242.4,0.538,9.73199999999999
2026-06-19,13:00:29,70.6,242.4,0.538,9.73199999999999
2026-06-19,13:00:30,70.6,242.4,0.538,9.73199999999999
2026-06-19,13:00:31,70.6,242.4,0.538,9.73199999999999
2026-06-19,13:00:32,70.6,242.4,0.538,9.73199999999999
2026-06-19,13:00:33,70.6,242.4,0.538,9.73199999999999
2026-06-19,13:00:34,70.6,242.4,0.538,9.73199999999999
2026-06-19,13:00:35,70.6,242.4,0.538,9.73199999999999
2026-06-19,13:00:36,70.6,242.4,0.538,9.73199999999999
2026-06-19,13:00:37,70.6,242.4,0.538,9.73199999999999
2026-06-19,13:00:38,70.6,242.4,0.538,9.73199999999999
2026-06-19,13:00:39,70.6,242.4,0.538,9.73199999999999
2026-06-19,13:00:40,70.6,242.4,0.538,9.73199999999999
2026-06-19,13:00:41,70.6,242.4,0.538,9.73199999999999
2026-06-19,13:00:42,70.6,242.4,0.538,9.73199999999999
2026-06-19,13:00:43,70.6,242.4,0.538,9.73199999999999
2026-06-19,13:00:44,70.6,242.4,0.538,9.73199999999999
2026-06-19,13:00:45,70.6,242.4,0.538,9.73199999999999
2026-06-19,13:00:46,70.6,242.4,0.538,9.73199999999999
2026-06-19,13:00:47,70.6,242.4,0.538,9.73199999999999
2026-06-19,13:00:48,70.6,242.4,0.538,9.73199999999999
2026-06-19,13:00:49,70.6,242.4,0.538,9.73199999999999
2026-06-19,13:00:50,70.6,242.4,0.538,9.73199999999999
2026-06-19,13:00:51,70.6,242.4,0.538,9.73199999999999
2026-06-19,13:00:52,70.6,242.4,0.538,9.73199999999999
2026-06-19,13:00:53,70.6,242.4,0.538,9.73199999999999
2026-06-19,13:00:54,70.6,242.4,0.538,9.73199999999999
2026-06-19,13:00:55,70.6,242.4,0.538,9.73199999999999
2026-06-19,13:00:56,70.6,242.4,0.538,9.73199999999999
2026-06-19,13:00:57,70.6,242.4,0.538,9.73199999999999
2026-06-19,13:00:58,70.6,242.4,0.538,9.73199999999999
2026-06-19,13:00:59,70.6,242.4,0.538,9.73199999999999
2026-06-19,13:01:00,70.6,242.4,0.538,9.73199999999999
2026-06-19,13:01:01,98.2,241.9,0.689,9.73199999999999
2026-06-19,13:01:02,98.2,241.9,0.689,9.73199999999999
2026-06-19,13:01:03,98.2,241.9,0.689,9.73199999999999
2026-06-19,13:01:04,98.2,241.9,0.689,9.73199999999999
2026-06-19,13:01:05,98.2,241.9,0.689,9.73199999999999
2026-06-19,13:01:06,98.2,241.9,0.689,9.73199999999999
2026-06-19,13:01:07,98.2,241.9,0.689,9.73199999999999
2026-06-19,13:01:08,98.2,241.9,0.689,9.73199999999999
2026-06-19,13:01:09,98.2,241.9,0.689,9.73199999999999
2026-06-19,13:01:10,98.2,241.9,0.689,9.73199999999999
2026-06-19,13:01:11,98.2,241.9,0.689,9.73199999999999
2026-06-19,13:01:12,98.2,241.9,0.689,9.73199999999999
2026-06-19,13:01:13,98.2,241.9,0.689,9.73199999999999
2026-06-19,13:01:14,98.2,241.9,0.689,9.73199999999999
2026-06-19,13:01:15,98.2,241.9,0.689,9.73199999999999
2026-06-19,13:01:16,98.2,241.9,0.689,9.73199999999999
2026-06-19,13:01:17,98.2,241.9,0.689,9.73199999999999
2026-06-19,13:01:18,98.2,241.9,0.689,9.73199999999999
2026-06-19,13:01:19,98.2,241.9,0.689,9.73199999999999
2026-06-19,13:01:20,98.2,241.9,0.689,9.73199999999999
2026-06-19,13:01:21,98.2,241.9,0.689,9.73199999999999
2026-06-19,13:01:22,98.2,241.9,0.689,9.73199999999999
2026-06-19,13:01:23,98.2,241.9,0.689,9.73199999999999
2026-06-19,13:01:24,98.2,241.9,0.689,9.73199999999999
2026-06-19,13:01:25,98.2,241.9,0.689,9.73199999999999
2026-06-19,13:01:26,98.2,241.9,0.689,9.73199999999999
2026-06-19,13:01:27,98.2,241.9,0.689,9.73199999999999
2026-06-19,13:01:28,98.2,241.9,0.689,9.73199999999999
2026-06-19,13:01:29,98.2,241.9,0.689,9.73199999999999
2026-06-19,13:01:30,98.2,241.9,0.689,9.73199999999999
2026-06-19,13:01:31,98.2,241.9,0.689,9.73199999999999
2026-06-19,13:01:32,98.2,241.9,0.689,9.73199999999999
2026-06-19,13:01:33,98.2,241.9,0.689,9.73199999999999
2026-06-19,13:01:34,98.2,241.9,0.689,9.73199999999999
2026-06-19,13:01:35,98.2,241.9,0.689,9.73199999999999
2026-06-19,13:01:36,98.2,241.9,0.689,9.73199999999999
2026-06-19,13:01:37,98.2,241.9,0.689,9.73199999999999
2026-06-19,13:01:39,98.2,241.9,0.689,9.73199999999999
2026-06-19,13:01:40,98.2,241.9,0.689,9.73199999999999
2026-06-19,13:01:41,98.2,241.9,0.689,9.73199999999999
2026-06-19,13:01:42,98.2,241.9,0.689,9.73199999999999
2026-06-19,13:01:43,98.2,241.9,0.689,9.73199999999999
2026-06-19,13:01:44,98.2,241.9,0.689,9.73199999999999
2026-06-19,13:01:45,98.2,241.9,0.689,9.73199999999999
2026-06-19,13:01:46,98.2,241.9,0.689,9.73199999999999
2026-06-19,13:01:47,98.2,241.9,0.689,9.73199999999999
2026-06-19,13:01:48,98.2,241.9,0.689,9.73199999999999
2026-06-19,13:01:49,98.2,241.9,0.689,9.73199999999999
2026-06-19,13:01:50,98.2,241.9,0.689,9.73199999999999
2026-06-19,13:01:51,98.2,241.9,0.689,9.73199999999999
2026-06-19,13:01:52,98.2,241.9,0.689,9.73199999999999
2026-06-19,13:01:53,98.2,241.9,0.689,9.73199999999999
2026-06-19,13:01:54,98.2,241.9,0.689,9.73199999999999
2026-06-19,13:01:55,98.2,241.9,0.689,9.73199999999999
2026-06-19,13:01:56,98.2,241.9,0.689,9.73199999999999
2026-06-19,13:01:57,98.2,241.9,0.689,9.73199999999999
2026-06-19,13:01:58,98.2,241.9,0.689,9.73199999999999
2026-06-19,13:01:59,98.2,241.9,0.689,9.73199999999999
2026-06-19,13:02:00,98.2,241.9,0.689,9.73199999999999
2026-06-19,13:02:01,98.2,241.9,0.689,9.73199999999999
2026-06-19,13:02:02,98.2,241.9,0.689,9.73199999999999
2026-06-19,13:02:03,98.2,241.9,0.689,9.73199999999999
2026-06-19,13:02:04,98.2,241.9,0.689,9.73199999999999
2026-06-19,13:02:05,98.2,241.9,0.689,9.73199999999999
2026-06-19,13:02:06,98.2,241.9,0.689,9.73199999999999
2026-06-19,13:02:07,98.2,241.9,0.689,9.73199999999999
2026-06-19,13:02:08,98.2,241.9,0.689,9.73199999999999
2026-06-19,13:02:09,98.2,241.9,0.689,9.73199999999999
2026-06-19,13:02:10,98.2,241.9,0.689,9.73199999999999
2026-06-19,13:02:11,98.2,241.9,0.689,9.73199999999999
2026-06-19,13:02:12,98.2,241.9,0.689,9.73199999999999
2026-06-19,13:02:13,98.2,241.9,0.689,9.73199999999999
2026-06-19,13:02:14,98.2,241.9,0.689,9.73199999999999
2026-06-19,13:02:15,98.2,241.9,0.689,9.73199999999999
2026-06-19,13:02:16,98.2,241.9,0.689,9.73199999999999
2026-06-19,13:02:17,98.2,241.9,0.689,9.73199999999999
2026-06-19,13:02:18,98.2,241.9,0.689,9.73199999999999
2026-06-19,13:02:19,98.2,241.9,0.689,9.73199999999999
2026-06-19,13:02:20,98.2,241.9,0.689,9.73199999999999
2026-06-19,13:02:21,98.2,241.9,0.689,9.73199999999999
2026-06-19,13:02:22,98.2,241.9,0.689,9.73199999999999
2026-06-19,13:02:23,98.2,241.9,0.689,9.73199999999999
2026-06-19,13:02:24,98.2,241.9,0.689,9.73199999999999
2026-06-19,13:02:25,98.2,241.9,0.689,9.73199999999999
2026-06-19,13:02:26,98.2,241.9,0.689,9.73199999999999
2026-06-19,13:02:27,98.2,241.9,0.689,9.73199999999999
2026-06-19,13:02:28,98.2,241.9,0.689,9.73199999999999
2026-06-19,13:02:29,98.2,241.9,0.689,9.73199999999999
2026-06-19,13:02:30,98.2,241.9,0.689,9.73199999999999
2026-06-19,13:02:31,98.2,241.9,0.689,9.73199999999999
2026-06-19,13:02:32,98.2,241.9,0.689,9.73199999999999
2026-06-19,13:02:33,98.2,241.9,0.689,9.73199999999999
2026-06-19,13:02:34,98.2,241.9,0.689,9.73199999999999
2026-06-19,13:02:35,98.2,241.9,0.689,9.73199999999999
2026-06-19,13:02:36,98.2,241.9,0.689,9.73199999999999
2026-06-19,13:02:37,98.2,241.9,0.689,9.73199999999999
2026-06-19,13:02:38,98.2,241.9,0.689,9.73199999999999
2026-06-19,13:02:39,98.2,241.9,0.689,9.73199999999999
2026-06-19,13:02:40,98.2,241.9,0.689,9.73199999999999
2026-06-19,13:02:41,98.2,241.9,0.689,9.73199999999999
2026-06-19,13:02:42,98.2,241.9,0.689,9.73199999999999
2026-06-19,13:02:43,98.2,241.9,0.689,9.73199999999999
2026-06-19,13:02:44,98.2,241.9,0.689,9.73199999999999
2026-06-19,13:02:45,98.2,241.9,0.689,9.73199999999999
2026-06-19,13:02:46,98.2,241.9,0.689,9.73199999999999
2026-06-19,13:02:47,98.2,241.9,0.689,9.73199999999999
2026-06-19,13:02:48,98.2,241.9,0.689,9.73199999999999
2026-06-19,13:02:49,98.2,241.9,0.689,9.73199999999999
2026-06-19,13:02:50,98.2,241.9,0.689,9.73199999999999
2026-06-19,13:02:51,98.2,241.9,0.689,9.73199999999999
2026-06-19,13:02:52,98.2,241.9,0.689,9.73199999999999
2026-06-19,13:02:53,98.2,241.9,0.689,9.73199999999999
2026-06-19,13:02:54,98.2,241.9,0.689,9.73199999999999
2026-06-19,13:02:55,98.2,241.9,0.689,9.73199999999999
2026-06-19,13:02:56,98.2,241.9,0.689,9.73199999999999
2026-06-19,13:02:57,98.2,241.9,0.689,9.73199999999999
2026-06-19,13:02:58,98.2,241.9,0.689,9.73199999999999
2026-06-19,13:02:59,98.2,241.9,0.689,9.73199999999999
2026-06-19,13:03:00,98.2,241.9,0.689,9.73199999999999
2026-06-19,13:03:01,98.2,241.9,0.689,9.73199999999999
2026-06-19,13:03:02,98.2,241.9,0.689,9.73199999999999
2026-06-19,13:03:03,98.2,241.9,0.689,9.73199999999999
2026-06-19,13:03:04,98.2,241.9,0.689,9.73199999999999
2026-06-19,13:03:05,98.2,241.9,0.689,9.73199999999999
2026-06-19,13:03:06,98.2,241.9,0.689,9.73199999999999
2026-06-19,13:03:07,98.2,241.9,0.689,9.73199999999999
2026-06-19,13:03:08,98.2,241.9,0.689,9.73199999999999
2026-06-19,13:03:09,98.2,241.9,0.689,9.73199999999999
2026-06-19,13:03:10,98.2,241.9,0.689,9.73199999999999
2026-06-19,13:03:11,98.2,241.9,0.689,9.73199999999999
2026-06-19,13:03:12,98.2,241.9,0.689,9.73199999999999
2026-06-19,13:03:13,98.2,241.9,0.689,9.73199999999999
2026-06-19,13:03:14,98.2,241.9,0.689,9.73199999999999
2026-06-19,13:03:15,98.2,241.9,0.689,9.73199999999999
2026-06-19,13:03:16,98.2,241.9,0.689,9.73199999999999
2026-06-19,13:03:17,98.2,241.9,0.689,9.73199999999999
2026-06-19,13:03:18,98.2,241.9,0.689,9.73199999999999
2026-06-19,13:03:19,98.2,241.9,0.689,9.73199999999999
2026-06-19,13:03:20,98.2,241.9,0.689,9.73199999999999
2026-06-19,13:03:21,98.2,241.9,0.689,9.73199999999999
2026-06-19,13:03:22,98.2,241.9,0.689,9.73199999999999
2026-06-19,13:03:23,98.2,241.9,0.689,9.73199999999999
2026-06-19,13:03:24,98.2,241.9,0.689,9.73199999999999
2026-06-19,13:03:25,98.2,241.9,0.689,9.73199999999999
2026-06-19,13:03:26,98.2,241.9,0.689,9.73199999999999
2026-06-19,13:03:27,98.2,241.9,0.689,9.73199999999999
2026-06-19,13:03:28,98.2,241.9,0.689,9.73199999999999
2026-06-19,13:03:29,98.2,241.9,0.689,9.73199999999999
2026-06-19,13:03:30,98.2,241.9,0.689,9.73199999999999
2026-06-19,13:03:31,98.2,241.9,0.689,9.73199999999999
2026-06-19,13:03:32,98.2,241.9,0.689,9.73199999999999
2026-06-19,13:03:33,98.2,241.9,0.689,9.73199999999999
2026-06-19,13:03:34,98.2,241.9,0.689,9.73199999999999
2026-06-19,13:03:35,98.2,241.9,0.689,9.73199999999999
2026-06-19,13:03:36,98.2,241.9,0.689,9.73199999999999
2026-06-19,13:03:37,98.2,241.9,0.689,9.73199999999999
2026-06-19,13:03:38,98.2,241.9,0.689,9.73199999999999
2026-06-19,13:03:39,98.2,241.9,0.689,9.73199999999999
2026-06-19,13:03:40,98.2,241.9,0.689,9.73199999999999
2026-06-19,13:03:41,98.2,241.9,0.689,9.73199999999999
2026-06-19,13:03:42,98.2,241.9,0.689,9.73199999999999
2026-06-19,13:03:43,98.2,241.9,0.689,9.73199999999999
2026-06-19,13:03:44,98.2,241.9,0.689,9.73199999999999
2026-06-19,13:03:45,98.2,241.9,0.689,9.73199999999999
2026-06-19,13:03:46,98.2,241.9,0.689,9.73199999999999
2026-06-19,13:03:47,98.2,241.9,0.689,9.73199999999999
2026-06-19,13:03:48,98.2,241.9,0.689,9.73199999999999
2026-06-19,13:03:49,98.2,241.9,0.689,9.73199999999999
2026-06-19,13:03:50,98.2,241.9,0.689,9.73199999999999
2026-06-19,13:03:51,98.2,241.9,0.689,9.73199999999999
2026-06-19,13:03:52,98.2,241.9,0.689,9.73199999999999
2026-06-19,13:03:53,98.2,241.9,0.689,9.73199999999999
2026-06-19,13:03:54,98.2,241.9,0.689,9.73199999999999
2026-06-19,13:03:55,98.2,241.9,0.689,9.73199999999999
2026-06-19,13:03:56,98.2,241.9,0.689,9.73199999999999
2026-06-19,13:03:57,98.2,241.9,0.689,9.73199999999999
2026-06-19,13:03:58,98.2,241.9,0.689,9.73199999999999
2026-06-19,13:03:59,98.2,241.9,0.689,9.73199999999999
2026-06-19,13:04:00,98.2,241.9,0.689,9.73199999999999
2026-06-19,13:04:01,98.2,241.9,0.689,9.73199999999999
2026-06-19,13:04:02,98.2,241.9,0.689,9.73199999999999
2026-06-19,13:04:03,98.2,241.9,0.689,9.73199999999999
2026-06-19,13:04:04,98.2,241.9,0.689,9.73199999999999
2026-06-19,13:04:05,98.2,241.9,0.689,9.73199999999999
2026-06-19,13:04:06,98.2,241.9,0.689,9.73199999999999
2026-06-19,13:04:07,98.2,241.9,0.689,9.73199999999999
2026-06-19,13:04:08,98.2,241.9,0.689,9.73199999999999
2026-06-19,13:04:09,98.2,241.9,0.689,9.73199999999999
2026-06-19,13:04:10,98.2,241.9,0.689,9.73199999999999
2026-06-19,13:04:11,98.2,241.9,0.689,9.73199999999999
2026-06-19,13:04:12,98.2,241.9,0.689,9.73199999999999
2026-06-19,13:04:13,98.2,241.9,0.689,9.73199999999999
2026-06-19,13:04:14,98.2,241.9,0.689,9.73199999999999
2026-06-19,13:04:15,98.2,241.9,0.689,9.73199999999999
2026-06-19,13:04:16,98.2,241.9,0.689,9.73199999999999
2026-06-19,13:04:17,98.2,241.9,0.689,9.73199999999999
2026-06-19,13:04:18,98.2,241.9,0.689,9.73199999999999
2026-06-19,13:04:19,98.2,241.9,0.689,9.73199999999999
2026-06-19,13:04:20,98.2,241.9,0.689,9.73199999999999
2026-06-19,13:04:21,98.2,241.9,0.689,9.73199999999999
2026-06-19,13:04:22,98.2,241.9,0.689,9.73199999999999
2026-06-19,13:04:23,98.2,241.9,0.689,9.73199999999999
2026-06-19,13:04:24,98.2,241.9,0.689,9.73199999999999
2026-06-19,13:04:25,98.2,241.9,0.689,9.73199999999999
2026-06-19,13:04:26,98.2,241.9,0.689,9.73199999999999
2026-06-19,13:04:27,98.2,241.9,0.689,9.73199999999999
2026-06-19,13:04:29,98.2,241.9,0.689,9.73199999999999
2026-06-19,13:04:30,98.2,241.9,0.689,9.73199999999999
2026-06-19,13:04:31,98.2,241.9,0.689,9.73199999999999
2026-06-19,13:04:32,98.2,241.9,0.689,9.73199999999999
2026-06-19,13:04:33,98.2,241.9,0.689,9.73199999999999
2026-06-19,13:04:34,98.2,241.9,0.689,9.73199999999999
2026-06-19,13:04:35,98.2,241.9,0.689,9.73199999999999
2026-06-19,13:04:36,98.2,241.9,0.689,9.73199999999999
2026-06-19,13:04:37,98.2,241.9,0.689,9.73199999999999
2026-06-19,13:04:38,98.2,241.9,0.689,9.73199999999999
2026-06-19,13:04:39,98.2,241.9,0.689,9.73199999999999
2026-06-19,13:04:40,98.2,241.9,0.689,9.73199999999999
2026-06-19,13:04:41,98.2,241.9,0.689,9.73199999999999
2026-06-19,13:04:42,98.2,241.9,0.689,9.73199999999999
2026-06-19,13:04:43,98.2,241.9,0.689,9.73199999999999
2026-06-19,13:04:44,98.2,241.9,0.689,9.73199999999999
2026-06-19,13:04:45,98.2,241.9,0.689,9.73199999999999
2026-06-19,13:04:46,98.2,241.9,0.689,9.73199999999999
2026-06-19,13:04:47,98.2,241.9,0.689,9.73199999999999
2026-06-19,13:04:48,98.2,241.9,0.689,9.73199999999999
2026-06-19,13:04:49,98.2,241.9,0.689,9.73199999999999
2026-06-19,13:04:50,98.2,241.9,0.689,9.73199999999999
2026-06-19,13:04:51,98.2,241.9,0.689,9.73199999999999
2026-06-19,13:04:52,98.2,241.9,0.689,9.73199999999999
2026-06-19,13:04:53,98.2,241.9,0.689,9.73199999999999
2026-06-19,13:04:54,98.2,241.9,0.689,9.73199999999999
2026-06-19,13:04:55,98.2,241.9,0.689,9.73199999999999
2026-06-19,13:04:56,98.2,241.9,0.689,9.73199999999999
2026-06-19,13:04:57,98.2,241.9,0.689,9.73199999999999
2026-06-19,13:04:58,98.2,241.9,0.689,9.73199999999999
2026-06-19,13:04:59,98.2,241.9,0.689,9.73199999999999
2026-06-19,13:05:00,98.2,241.9,0.689,9.73199999999999
2026-06-19,13:05:01,98.2,241.9,0.689,9.73199999999999
2026-06-19,13:05:02,98.2,241.9,0.689,9.73199999999999
2026-06-19,13:05:03,98.2,241.9,0.689,9.73199999999999
2026-06-19,13:05:04,98.2,241.9,0.689,9.73199999999999
2026-06-19,13:05:05,98.2,241.9,0.689,9.73199999999999
2026-06-19,13:05:06,98.2,241.9,0.689,9.73199999999999
2026-06-19,13:05:07,98.2,241.9,0.689,9.73199999999999
2026-06-19,13:05:08,98.2,241.9,0.689,9.73199999999999
2026-06-19,13:05:09,98.2,241.9,0.689,9.73199999999999
2026-06-19,13:05:10,98.2,241.9,0.689,9.73199999999999
2026-06-19,13:05:11,98.2,241.9,0.689,9.73199999999999
2026-06-19,13:05:12,98.2,241.9,0.689,9.73199999999999
2026-06-19,13:05:13,98.2,241.9,0.689,9.73199999999999
2026-06-19,13:05:14,98.2,241.9,0.689,9.73199999999999
2026-06-19,13:05:15,98.2,241.9,0.689,9.73199999999999
2026-06-19,13:05:16,98.2,241.9,0.689,9.73199999999999
2026-06-19,13:05:17,98.2,241.9,0.689,9.73199999999999
2026-06-19,13:05:18,98.2,241.9,0.689,9.73199999999999
2026-06-19,13:05:19,98.2,241.9,0.689,9.73199999999999
2026-06-19,13:05:20,98.2,241.9,0.689,9.73199999999999
2026-06-19,13:05:21,98.2,241.9,0.689,9.73199999999999
2026-06-19,13:05:22,98.2,241.9,0.689,9.73199999999999
2026-06-19,13:05:23,98.2,241.9,0.689,9.73199999999999
2026-06-19,13:05:24,98.2,241.9,0.689,9.73199999999999
2026-06-19,13:05:25,98.2,241.9,0.689,9.73199999999999
2026-06-19,13:05:26,98.2,241.9,0.689,9.73199999999999
2026-06-19,13:05:27,98.2,241.9,0.689,9.73199999999999
2026-06-19,13:05:28,98.2,241.9,0.689,9.73199999999999
2026-06-19,13:05:29,98.2,241.9,0.689,9.73199999999999
2026-06-19,13:05:30,98.2,241.9,0.689,9.73199999999999
2026-06-19,13:05:31,98.2,241.9,0.689,9.73199999999999
2026-06-19,13:05:32,98.2,241.9,0.689,9.73199999999999
2026-06-19,13:05:33,98.2,241.9,0.689,9.73199999999999
2026-06-19,13:05:34,98.2,241.9,0.689,9.73199999999999
2026-06-19,13:05:35,98.2,241.9,0.689,9.73199999999999
2026-06-19,13:05:36,98.2,241.9,0.689,9.73199999999999
2026-06-19,13:05:37,98.2,241.9,0.689,9.73199999999999
2026-06-19,13:05:38,98.2,241.9,0.689,9.73199999999999
2026-06-19,13:05:39,98.2,241.9,0.689,9.73199999999999
2026-06-19,13:05:40,98.2,241.9,0.689,9.73199999999999
2026-06-19,13:05:41,98.2,241.9,0.689,9.73199999999999
2026-06-19,13:05:42,98.2,241.9,0.689,9.73199999999999
2026-06-19,13:05:43,98.2,241.9,0.689,9.73199999999999
2026-06-19,13:05:44,98.2,241.9,0.689,9.73199999999999
2026-06-19,13:05:45,98.2,241.9,0.689,9.73199999999999
2026-06-19,13:05:46,98.2,241.9,0.689,9.73199999999999
2026-06-19,13:05:47,98.2,241.9,0.689,9.73199999999999
2026-06-19,13:05:48,98.2,241.9,0.689,9.73199999999999
2026-06-19,13:05:49,98.2,241.9,0.689,9.73199999999999
2026-06-19,13:05:50,98.2,241.9,0.689,9.73199999999999
2026-06-19,13:05:51,98.2,241.9,0.689,9.73199999999999
2026-06-19,13:05:52,98.2,241.9,0.689,9.73199999999999
2026-06-19,13:05:53,98.2,241.9,0.689,9.73199999999999
2026-06-19,13:05:54,98.2,241.9,0.689,9.73199999999999
2026-06-19,13:05:55,98.2,241.9,0.689,9.73199999999999
2026-06-19,13:05:56,98.2,241.9,0.689,9.73199999999999
2026-06-19,13:05:57,98.2,241.9,0.689,9.73199999999999
2026-06-19,13:05:58,98.2,241.9,0.689,9.73199999999999
2026-06-19,13:05:59,98.2,241.9,0.689,9.73199999999999
2026-06-19,13:06:00,98.2,241.9,0.689,9.73199999999999
2026-06-19,13:06:01,98.2,241.9,0.689,9.73199999999999
2026-06-19,13:06:02,98.2,241.9,0.689,9.73199999999999
2026-06-19,13:06:03,98.2,241.9,0.689,9.73199999999999
2026-06-19,13:06:04,98.2,241.9,0.689,9.73199999999999
2026-06-19,13:06:05,98.2,241.9,0.689,9.73199999999999
2026-06-19,13:06:06,98.2,241.9,0.689,9.73199999999999
2026-06-19,13:06:07,98.2,241.9,0.689,9.73199999999999
2026-06-19,13:06:08,98.2,241.9,0.689,9.73199999999999
2026-06-19,13:06:09,98.2,241.9,0.689,9.73199999999999
2026-06-19,13:06:10,98.2,241.9,0.689,9.73199999999999
2026-06-19,13:06:11,98.2,241.9,0.689,9.73199999999999
2026-06-19,13:06:12,98.2,241.9,0.689,9.73199999999999
2026-06-19,13:06:13,98.2,241.9,0.689,9.73199999999999
2026-06-19,13:06:14,98.2,241.9,0.689,9.73199999999999
2026-06-19,13:06:15,98.2,241.9,0.689,9.73199999999999
2026-06-19,13:06:16,98.2,241.9,0.689,9.73199999999999
2026-06-19,13:06:17,98.2,241.9,0.689,9.73199999999999
2026-06-19,13:06:18,98.2,241.9,0.689,9.73199999999999
2026-06-19,13:06:19,98.2,241.9,0.689,9.73199999999999
2026-06-19,13:06:20,98.2,241.9,0.689,9.73199999999999
2026-06-19,13:06:21,98.2,241.9,0.689,9.73199999999999
2026-06-19,13:06:22,98.2,241.9,0.689,9.73199999999999
2026-06-19,13:06:23,98.2,241.9,0.689,9.73199999999999
2026-06-19,13:06:24,98.2,241.9,0.689,9.73199999999999
2026-06-19,13:06:25,98.2,241.9,0.689,9.73199999999999
2026-06-19,13:06:26,98.2,241.9,0.689,9.73199999999999
2026-06-19,13:06:27,98.2,241.9,0.689,9.73199999999999
2026-06-19,13:06:28,98.2,241.9,0.689,9.73199999999999
2026-06-19,13:06:29,98.2,241.9,0.689,9.73199999999999
2026-06-19,13:06:30,98.2,241.9,0.689,9.73199999999999
2026-06-19,13:06:31,98.2,241.9,0.689,9.73199999999999
2026-06-19,13:06:32,98.2,241.9,0.689,9.73199999999999
2026-06-19,13:06:33,98.2,241.9,0.689,9.73199999999999
2026-06-19,13:06:34,98.2,241.9,0.689,9.73199999999999
2026-06-19,13:06:35,98.2,241.9,0.689,9.73199999999999
2026-06-19,13:06:36,98.2,241.9,0.689,9.73199999999999
2026-06-19,13:06:37,98.2,241.9,0.689,9.73199999999999
2026-06-19,13:06:38,98.2,241.9,0.689,9.73199999999999
2026-06-19,13:06:39,98.2,241.9,0.689,9.73199999999999
2026-06-19,13:06:40,98.2,241.9,0.689,9.73199999999999
2026-06-19,13:06:41,98.2,241.9,0.689,9.73199999999999
2026-06-19,13:06:42,98.2,241.9,0.689,9.73199999999999
2026-06-19,13:06:43,98.2,241.9,0.689,9.73199999999999
2026-06-19,13:06:44,98.2,241.9,0.689,9.73199999999999
2026-06-19,13:06:45,98.2,241.9,0.689,9.73199999999999
2026-06-19,13:06:46,98.2,241.9,0.689,9.73199999999999
2026-06-19,13:06:47,98.2,241.9,0.689,9.73199999999999
2026-06-19,13:06:48,98.2,241.9,0.689,9.73199999999999
2026-06-19,13:06:49,98.2,241.9,0.689,9.73199999999999
2026-06-19,13:06:50,98.2,241.9,0.689,9.73199999999999
2026-06-19,13:06:51,98.2,241.9,0.689,9.73199999999999
2026-06-19,13:06:52,98.2,241.9,0.689,9.73199999999999
2026-06-19,13:06:53,98.2,241.9,0.689,9.73199999999999
2026-06-19,13:06:54,98.2,241.9,0.689,9.73199999999999
2026-06-19,13:06:55,98.2,241.9,0.689,9.73199999999999
2026-06-19,13:06:56,98.2,241.9,0.689,9.73199999999999
2026-06-19,13:06:57,98.2,241.9,0.689,9.73199999999999
2026-06-19,13:06:58,98.2,241.9,0.689,9.73199999999999
2026-06-19,13:06:59,98.2,241.9,0.689,9.73199999999999
2026-06-19,13:07:00,98.2,241.9,0.689,9.73199999999999
2026-06-19,13:07:01,98.2,241.9,0.689,9.73199999999999
2026-06-19,13:07:02,98.2,241.9,0.689,9.73199999999999
2026-06-19,13:07:03,98.2,241.9,0.689,9.73199999999999
2026-06-19,13:07:04,98.2,241.9,0.689,9.73199999999999
2026-06-19,13:07:06,98.2,241.9,0.689,9.73199999999999
2026-06-19,13:07:07,98.2,241.9,0.689,9.73199999999999
2026-06-19,13:07:08,98.2,241.9,0.689,9.73199999999999
2026-06-19,13:07:09,98.2,241.9,0.689,9.73199999999999
2026-06-19,13:07:10,98.2,241.9,0.689,9.73199999999999
2026-06-19,13:07:11,98.2,241.9,0.689,9.73199999999999
2026-06-19,13:07:12,98.2,241.9,0.689,9.73199999999999
2026-06-19,13:07:13,98.2,241.9,0.689,9.73199999999999
2026-06-19,13:07:14,98.2,241.9,0.689,9.73199999999999
2026-06-19,13:07:15,98.2,241.9,0.689,9.73199999999999
2026-06-19,13:07:16,98.2,241.9,0.689,9.73199999999999
2026-06-19,13:07:17,98.2,241.9,0.689,9.73199999999999
2026-06-19,13:07:18,98.2,241.9,0.689,9.73199999999999
2026-06-19,13:07:19,98.2,241.9,0.689,9.73199999999999
2026-06-19,13:07:20,98.2,241.9,0.689,9.73199999999999
2026-06-19,13:07:21,98.2,241.9,0.689,9.73199999999999
2026-06-19,13:07:22,98.2,241.9,0.689,9.73199999999999
2026-06-19,13:07:23,98.2,241.9,0.689,9.73199999999999
2026-06-19,13:07:24,98.2,241.9,0.689,9.73199999999999
2026-06-19,13:07:25,98.2,241.9,0.689,9.73199999999999
2026-06-19,13:07:26,98.2,241.9,0.689,9.73199999999999
2026-06-19,13:07:27,98.2,241.9,0.689,9.73199999999999
2026-06-19,13:07:28,98.2,241.9,0.689,9.73199999999999
2026-06-19,13:07:29,98.2,241.9,0.689,9.73199999999999
2026-06-19,13:07:30,98.2,241.9,0.689,9.73199999999999
2026-06-19,13:07:31,98.2,241.9,0.689,9.73199999999999
2026-06-19,13:07:32,98.2,241.9,0.689,9.73199999999999
2026-06-19,13:07:33,98.2,241.9,0.689,9.73199999999999
2026-06-19,13:07:34,98.2,241.9,0.689,9.73199999999999
2026-06-19,13:07:35,98.2,241.9,0.689,9.73199999999999
2026-06-19,13:07:36,98.2,241.9,0.689,9.73199999999999
2026-06-19,13:07:37,98.2,241.9,0.689,9.73199999999999
2026-06-19,13:07:38,98.2,241.9,0.689,9.73199999999999
2026-06-19,13:07:39,98.2,241.9,0.689,9.73199999999999
2026-06-19,13:07:40,98.2,241.9,0.689,9.73199999999999
2026-06-19,13:07:41,98.2,241.9,0.689,9.73199999999999
2026-06-19,13:07:42,98.2,241.9,0.689,9.73199999999999
2026-06-19,13:07:43,98.2,241.9,0.689,9.73199999999999
2026-06-19,13:07:44,98.2,241.9,0.689,9.73199999999999
2026-06-19,13:07:45,98.2,241.9,0.689,9.73199999999999
2026-06-19,13:07:46,98.2,241.9,0.689,9.73199999999999
2026-06-19,13:07:47,98.2,241.9,0.689,9.73199999999999
2026-06-19,13:07:48,98.2,241.9,0.689,9.73199999999999
2026-06-19,13:07:49,98.2,241.9,0.689,9.73199999999999
2026-06-19,13:07:50,98.2,241.9,0.689,9.73199999999999
2026-06-19,13:07:51,98.2,241.9,0.689,9.73199999999999
2026-06-19,13:07:52,98.2,241.9,0.689,9.73199999999999
2026-06-19,13:07:53,98.2,241.9,0.689,9.73199999999999
2026-06-19,13:07:54,98.2,241.9,0.689,9.73199999999999
2026-06-19,13:07:55,98.2,241.9,0.689,9.73199999999999
2026-06-19,13:07:56,98.2,241.9,0.689,9.73199999999999
2026-06-19,13:07:57,98.2,241.9,0.689,9.73199999999999
2026-06-19,13:07:58,98.2,241.9,0.689,9.73199999999999
2026-06-19,13:07:59,98.2,241.9,0.689,9.73199999999999
2026-06-19,13:08:00,98.2,241.9,0.689,9.73199999999999
2026-06-19,13:08:01,98.2,241.9,0.689,9.73199999999999
2026-06-19,13:08:02,98.2,241.9,0.689,9.73199999999999
2026-06-19,13:08:03,98.2,241.9,0.689,9.73199999999999
2026-06-19,13:08:04,98.2,241.9,0.689,9.73199999999999
2026-06-19,13:08:05,98.2,241.9,0.689,9.73199999999999
2026-06-19,13:08:06,98.2,241.9,0.689,9.73199999999999
2026-06-19,13:08:07,98.2,241.9,0.689,9.73199999999999
2026-06-19,13:08:08,98.2,241.9,0.689,9.73199999999999
2026-06-19,13:08:09,98.2,241.9,0.689,9.73199999999999
2026-06-19,13:08:10,98.2,241.9,0.689,9.73199999999999
2026-06-19,13:08:11,98.2,241.9,0.689,9.73199999999999
2026-06-19,13:08:12,98.2,241.9,0.689,9.73199999999999
2026-06-19,13:08:13,98.2,241.9,0.689,9.73199999999999
2026-06-19,13:08:14,98.2,241.9,0.689,9.73199999999999
2026-06-19,13:08:15,98.2,241.9,0.689,9.73199999999999
2026-06-19,13:08:16,98.2,241.9,0.689,9.73199999999999
2026-06-19,13:08:17,98.2,241.9,0.689,9.73199999999999
2026-06-19,13:08:18,98.2,241.9,0.689,9.73199999999999
2026-06-19,13:08:19,98.2,241.9,0.689,9.73199999999999
2026-06-19,13:08:20,98.2,241.9,0.689,9.73199999999999
2026-06-19,13:08:21,98.2,241.9,0.689,9.73199999999999
2026-06-19,13:08:22,98.2,241.9,0.689,9.73199999999999
2026-06-19,13:08:23,98.2,241.9,0.689,9.73199999999999
2026-06-19,13:08:24,98.2,241.9,0.689,9.73199999999999
2026-06-19,13:08:25,98.2,241.9,0.689,9.73199999999999
2026-06-19,13:08:26,98.2,241.9,0.689,9.73199999999999
2026-06-19,13:08:27,98.2,241.9,0.689,9.73199999999999
2026-06-19,13:08:28,98.2,241.9,0.689,9.73199999999999
2026-06-19,13:08:29,98.2,241.9,0.689,9.73199999999999
2026-06-19,13:08:30,98.2,241.9,0.689,9.73199999999999
2026-06-19,13:08:31,98.2,241.9,0.689,9.73199999999999
2026-06-19,13:08:32,98.2,241.9,0.689,9.73199999999999
2026-06-19,13:08:33,98.2,241.9,0.689,9.73199999999999
2026-06-19,13:08:34,98.2,241.9,0.689,9.73199999999999
2026-06-19,13:08:35,98.2,241.9,0.689,9.73199999999999
2026-06-19,13:08:36,98.2,241.9,0.689,9.73199999999999
2026-06-19,13:08:37,98.2,241.9,0.689,9.73199999999999
2026-06-19,13:08:38,98.2,241.9,0.689,9.73199999999999
2026-06-19,13:08:39,98.2,241.9,0.689,9.73199999999999
2026-06-19,13:08:40,98.2,241.9,0.689,9.73199999999999
2026-06-19,13:08:41,98.2,241.9,0.689,9.73199999999999
2026-06-19,13:08:42,98.2,241.9,0.689,9.73199999999999
2026-06-19,13:08:43,98.2,241.9,0.689,9.73199999999999
2026-06-19,13:08:44,98.2,241.9,0.689,9.73199999999999
2026-06-19,13:08:45,98.2,241.9,0.689,9.73199999999999
2026-06-19,13:08:46,98.2,241.9,0.689,9.73199999999999
2026-06-19,13:08:47,98.2,241.9,0.689,9.73199999999999
2026-06-19,13:08:48,98.2,241.9,0.689,9.73199999999999
2026-06-19,13:08:49,98.2,241.9,0.689,9.73199999999999
2026-06-19,13:08:50,98.2,241.9,0.689,9.73199999999999
2026-06-19,13:08:51,98.2,241.9,0.689,9.73199999999999
2026-06-19,13:08:52,98.2,241.9,0.689,9.73199999999999
2026-06-19,13:08:53,98.2,241.9,0.689,9.73199999999999
2026-06-19,13:08:54,98.2,241.9,0.689,9.73199999999999
2026-06-19,13:08:55,98.2,241.9,0.689,9.73199999999999
2026-06-19,13:08:56,98.2,241.9,0.689,9.73199999999999
2026-06-19,13:08:57,98.2,241.9,0.689,9.73199999999999
2026-06-19,13:08:58,98.2,241.9,0.689,9.73199999999999
2026-06-19,13:08:59,98.2,241.9,0.689,9.73199999999999
2026-06-19,13:09:00,98.2,241.9,0.689,9.73199999999999
2026-06-19,13:09:01,98.2,241.9,0.689,9.73199999999999
2026-06-19,13:09:02,98.2,241.9,0.689,9.73199999999999
2026-06-19,13:09:03,98.2,241.9,0.689,9.73199999999999
2026-06-19,13:09:04,98.2,241.9,0.689,9.73199999999999
2026-06-19,13:09:05,98.2,241.9,0.689,9.73199999999999
2026-06-19,13:09:06,98.2,241.9,0.689,9.73199999999999
2026-06-19,13:09:07,98.2,241.9,0.689,9.73199999999999
2026-06-19,13:09:08,98.2,241.9,0.689,9.73199999999999
2026-06-19,13:09:09,98.2,241.9,0.689,9.73199999999999
2026-06-19,13:09:10,98.2,241.9,0.689,9.73199999999999
2026-06-19,13:09:11,98.2,241.9,0.689,9.73199999999999
2026-06-19,13:09:12,98.2,241.9,0.689,9.73199999999999
2026-06-19,13:09:13,98.2,241.9,0.689,9.73199999999999
2026-06-19,13:09:14,98.2,241.9,0.689,9.73199999999999
2026-06-19,13:09:15,98.2,241.9,0.689,9.73199999999999
2026-06-19,13:09:16,98.2,241.9,0.689,9.73199999999999
2026-06-19,13:09:17,98.2,241.9,0.689,9.73199999999999
2026-06-19,13:09:18,98.2,241.9,0.689,9.73199999999999
2026-06-19,13:09:19,98.2,241.9,0.689,9.73199999999999
2026-06-19,13:09:20,98.2,241.9,0.689,9.73199999999999
2026-06-19,13:09:21,98.2,241.9,0.689,9.73199999999999
2026-06-19,13:09:22,98.2,241.9,0.689,9.73199999999999
2026-06-19,13:09:23,98.2,241.9,0.689,9.73199999999999
2026-06-19,13:09:24,98.2,241.9,0.689,9.73199999999999
2026-06-19,13:09:25,98.2,241.9,0.689,9.73199999999999
2026-06-19,13:09:26,98.2,241.9,0.689,9.73199999999999
2026-06-19,13:09:27,98.2,241.9,0.689,9.73199999999999
2026-06-19,13:09:28,98.2,241.9,0.689,9.73199999999999
2026-06-19,13:09:29,98.2,241.9,0.689,9.73199999999999
2026-06-19,13:09:30,98.2,241.9,0.689,9.73199999999999
2026-06-19,13:09:31,98.2,241.9,0.689,9.73199999999999
2026-06-19,13:09:32,98.2,241.9,0.689,9.73199999999999
2026-06-19,13:09:33,98.2,241.9,0.689,9.73199999999999
2026-06-19,13:09:34,98.2,241.9,0.689,9.73199999999999
2026-06-19,13:09:35,98.2,241.9,0.689,9.73199999999999
2026-06-19,13:09:36,98.2,241.9,0.689,9.73199999999999
2026-06-19,13:09:38,98.2,241.9,0.689,9.73199999999999
2026-06-19,13:09:39,98.2,241.9,0.689,9.73199999999999
2026-06-19,13:09:40,98.2,241.9,0.689,9.73199999999999
2026-06-19,13:09:41,98.2,241.9,0.689,9.73199999999999
2026-06-19,13:09:42,98.2,241.9,0.689,9.73199999999999
2026-06-19,13:09:43,98.2,241.9,0.689,9.73199999999999
2026-06-19,13:09:44,98.2,241.9,0.689,9.73199999999999
2026-06-19,13:09:45,98.2,241.9,0.689,9.73199999999999
2026-06-19,13:09:46,98.2,241.9,0.689,9.73199999999999
2026-06-19,13:09:47,98.2,241.9,0.689,9.73199999999999
2026-06-19,13:09:48,98.2,241.9,0.689,9.73199999999999
2026-06-19,13:09:49,98.2,241.9,0.689,9.73199999999999
2026-06-19,13:09:50,98.2,241.9,0.689,9.73199999999999
2026-06-19,13:09:51,98.2,241.9,0.689,9.73199999999999
2026-06-19,13:09:52,98.2,241.9,0.689,9.73199999999999
2026-06-19,13:09:53,98.2,241.9,0.689,9.73199999999999
2026-06-19,13:09:54,98.2,241.9,0.689,9.73199999999999
2026-06-19,13:09:55,98.2,241.9,0.689,9.73199999999999
2026-06-19,13:09:56,98.2,241.9,0.689,9.73199999999999
2026-06-19,13:09:57,98.2,241.9,0.689,9.73199999999999
2026-06-19,13:09:58,98.2,241.9,0.689,9.73199999999999
2026-06-19,13:09:59,98.2,241.9,0.689,9.73199999999999
2026-06-19,13:10:00,98.2,241.9,0.689,9.73199999999999
2026-06-19,13:10:01,98.2,241.9,0.689,9.73199999999999
2026-06-19,13:10:02,98.2,241.9,0.689,9.73199999999999
2026-06-19,13:10:03,98.2,241.9,0.689,9.73199999999999
2026-06-19,13:10:04,98.2,241.9,0.689,9.73199999999999
2026-06-19,13:10:05,98.2,241.9,0.689,9.73199999999999
2026-06-19,13:10:06,98.2,241.9,0.689,9.73199999999999
2026-06-19,13:10:07,98.2,241.9,0.689,9.73199999999999
2026-06-19,13:10:08,98.2,241.9,0.689,9.73199999999999
2026-06-19,13:10:09,98.2,241.9,0.689,9.73199999999999
2026-06-19,13:10:10,98.2,241.9,0.689,9.73199999999999
2026-06-19,13:10:11,98.2,241.9,0.689,9.73199999999999
2026-06-19,13:10:12,98.2,241.9,0.689,9.73199999999999
2026-06-19,13:10:13,98.2,241.9,0.689,9.73199999999999
2026-06-19,13:10:14,98.2,241.9,0.689,9.73199999999999
2026-06-19,13:10:15,98.2,241.9,0.689,9.73199999999999
2026-06-19,13:10:16,98.2,241.9,0.689,9.73199999999999
2026-06-19,13:10:17,98.2,241.9,0.689,9.73199999999999
2026-06-19,13:10:18,98.2,241.9,0.689,9.73199999999999
2026-06-19,13:10:19,98.2,241.9,0.689,9.73199999999999
2026-06-19,13:10:20,98.2,241.9,0.689,9.73199999999999
2026-06-19,13:10:21,98.2,241.9,0.689,9.73199999999999
2026-06-19,13:10:22,98.2,241.9,0.689,9.73199999999999
2026-06-19,13:10:23,98.2,241.9,0.689,9.73199999999999
2026-06-19,13:10:24,98.2,241.9,0.689,9.73199999999999
2026-06-19,13:10:25,98.2,241.9,0.689,9.73199999999999
2026-06-19,13:10:26,98.2,241.9,0.689,9.73199999999999
2026-06-19,13:10:27,98.2,241.9,0.689,9.73199999999999
2026-06-19,13:10:28,98.2,241.9,0.689,9.73199999999999
2026-06-19,13:10:29,98.2,241.9,0.689,9.73199999999999
2026-06-19,13:10:30,98.2,241.9,0.689,9.73199999999999
2026-06-19,13:10:31,98.2,241.9,0.689,9.73199999999999
2026-06-19,13:10:32,98.2,241.9,0.689,9.73199999999999
2026-06-19,13:10:33,98.2,241.9,0.689,9.73199999999999
2026-06-19,13:10:34,98.2,241.9,0.689,9.73199999999999
2026-06-19,13:10:35,98.2,241.9,0.689,9.73199999999999
2026-06-19,13:10:36,98.2,241.9,0.689,9.73199999999999
2026-06-19,13:10:37,98.2,241.9,0.689,9.73199999999999
2026-06-19,13:10:38,98.2,241.9,0.689,9.73199999999999
2026-06-19,13:10:39,98.2,241.9,0.689,9.73199999999999
2026-06-19,13:10:40,98.2,241.9,0.689,9.73199999999999
2026-06-19,13:10:41,98.2,241.9,0.689,9.73199999999999
2026-06-19,13:10:42,98.2,241.9,0.689,9.73199999999999
2026-06-19,13:10:43,98.2,241.9,0.689,9.73199999999999
2026-06-19,13:10:44,98.2,241.9,0.689,9.73199999999999
2026-06-19,13:10:45,98.2,241.9,0.689,9.73199999999999
2026-06-19,13:10:46,98.2,241.9,0.689,9.73199999999999
2026-06-19,13:10:47,98.2,241.9,0.689,9.73199999999999
2026-06-19,13:10:48,98.2,241.9,0.689,9.73199999999999
2026-06-19,13:10:49,98.2,241.9,0.689,9.73199999999999
2026-06-19,13:10:50,98.2,241.9,0.689,9.73199999999999
2026-06-19,13:10:51,98.2,241.9,0.689,9.73199999999999
2026-06-19,13:10:52,98.2,241.9,0.689,9.73199999999999
2026-06-19,13:10:53,98.2,241.9,0.689,9.73199999999999
2026-06-19,13:10:54,98.2,241.9,0.689,9.73199999999999
2026-06-19,13:10:55,98.2,241.9,0.689,9.73199999999999
2026-06-19,13:10:56,98.2,241.9,0.689,9.73199999999999
2026-06-19,13:10:57,98.2,241.9,0.689,9.73199999999999
2026-06-19,13:10:58,98.2,241.9,0.689,9.73199999999999
2026-06-19,13:10:59,98.2,241.9,0.689,9.73199999999999
2026-06-19,13:11:00,98.2,241.9,0.689,9.73199999999999
2026-06-19,13:11:01,98.2,241.9,0.689,9.73199999999999
2026-06-19,13:11:02,98.2,241.9,0.689,9.73199999999999
2026-06-19,13:11:03,98.2,241.9,0.689,9.73199999999999
2026-06-19,13:11:04,98.2,241.9,0.689,9.73199999999999
2026-06-19,13:11:05,98.2,241.9,0.689,9.73199999999999
2026-06-19,13:11:06,98.2,241.9,0.689,9.73199999999999
2026-06-19,13:11:07,98.2,241.9,0.689,9.73199999999999
2026-06-19,13:11:08,98.2,241.9,0.689,9.73199999999999
2026-06-19,13:11:09,98.2,241.9,0.689,9.73199999999999
2026-06-19,13:11:10,98.2,241.9,0.689,9.73199999999999
2026-06-19,13:11:11,98.2,241.9,0.689,9.73199999999999
2026-06-19,13:11:12,98.2,241.9,0.689,9.73199999999999
2026-06-19,13:11:13,98.2,241.9,0.689,9.73199999999999
2026-06-19,13:11:14,98.2,241.9,0.689,9.73199999999999
2026-06-19,13:11:15,98.2,241.9,0.689,9.73199999999999
2026-06-19,13:11:16,98.2,241.9,0.689,9.73199999999999
2026-06-19,13:11:17,98.2,241.9,0.689,9.73199999999999
2026-06-19,13:11:18,98.2,241.9,0.689,9.73199999999999
2026-06-19,13:11:19,98.2,241.9,0.689,9.73199999999999
2026-06-19,13:11:20,98.2,241.9,0.689,9.73199999999999
2026-06-19,13:11:21,98.2,241.9,0.689,9.73199999999999
2026-06-19,13:11:22,98.2,241.9,0.689,9.73199999999999
2026-06-19,13:11:23,98.2,241.9,0.689,9.73199999999999
2026-06-19,13:11:24,98.2,241.9,0.689,9.73199999999999
2026-06-19,13:11:25,98.2,241.9,0.689,9.73199999999999
2026-06-19,13:11:26,98.2,241.9,0.689,9.73199999999999
2026-06-19,13:11:27,98.2,241.9,0.689,9.73199999999999
2026-06-19,13:11:28,98.2,241.9,0.689,9.73199999999999
2026-06-19,13:11:29,98.2,241.9,0.689,9.73199999999999
2026-06-19,13:11:30,98.2,241.9,0.689,9.73199999999999
2026-06-19,13:11:31,98.2,241.9,0.689,9.73199999999999
2026-06-19,13:11:32,98.2,241.9,0.689,9.73199999999999
2026-06-19,13:11:33,98.2,241.9,0.689,9.73199999999999
2026-06-19,13:11:34,98.2,241.9,0.689,9.73199999999999
2026-06-19,13:11:35,98.2,241.9,0.689,9.73199999999999
2026-06-19,13:11:36,98.2,241.9,0.689,9.73199999999999
2026-06-19,13:11:37,98.2,241.9,0.689,9.73199999999999
2026-06-19,13:11:38,98.2,241.9,0.689,9.73199999999999
2026-06-19,13:11:39,98.2,241.9,0.689,9.73199999999999
2026-06-19,13:11:40,98.2,241.9,0.689,9.73199999999999
2026-06-19,13:11:41,98.2,241.9,0.689,9.73199999999999
2026-06-19,13:11:42,98.2,241.9,0.689,9.73199999999999
2026-06-19,13:11:43,98.2,241.9,0.689,9.73199999999999
2026-06-19,13:11:44,98.2,241.9,0.689,9.73199999999999
2026-06-19,13:11:45,98.2,241.9,0.689,9.73199999999999
2026-06-19,13:11:46,98.2,241.9,0.689,9.73199999999999
2026-06-19,13:11:47,98.2,241.9,0.689,9.73199999999999
2026-06-19,13:11:48,98.2,241.9,0.689,9.73199999999999
2026-06-19,13:11:49,98.2,241.9,0.689,9.73199999999999
2026-06-19,13:11:50,98.2,241.9,0.689,9.73199999999999
2026-06-19,13:11:51,98.2,241.9,0.689,9.73199999999999
2026-06-19,13:11:52,98.2,241.9,0.689,9.73199999999999
2026-06-19,13:11:53,98.2,241.9,0.689,9.73199999999999
2026-06-19,13:11:54,98.2,241.9,0.689,9.73199999999999
2026-06-19,13:11:55,98.2,241.9,0.689,9.73199999999999
2026-06-19,13:11:56,98.2,241.9,0.689,9.73199999999999
2026-06-19,13:11:57,98.2,241.9,0.689,9.73199999999999
2026-06-19,13:11:58,98.2,241.9,0.689,9.73199999999999
2026-06-19,13:11:59,98.2,241.9,0.689,9.73199999999999
2026-06-19,13:12:00,98.2,241.9,0.689,9.73199999999999
2026-06-19,13:12:01,98.2,241.9,0.689,9.73199999999999
2026-06-19,13:12:03,98.2,241.9,0.689,9.73199999999999
2026-06-19,13:12:04,98.2,241.9,0.689,9.73199999999999
2026-06-19,13:12:05,98.2,241.9,0.689,9.73199999999999
2026-06-19,13:12:06,98.2,241.9,0.689,9.73199999999999
2026-06-19,13:12:07,98.2,241.9,0.689,9.73199999999999
2026-06-19,13:12:08,98.2,241.9,0.689,9.73199999999999
2026-06-19,13:12:09,98.2,241.9,0.689,9.73199999999999
2026-06-19,13:12:10,98.2,241.9,0.689,9.73199999999999
2026-06-19,13:12:11,98.2,241.9,0.689,9.73199999999999
2026-06-19,13:12:12,98.2,241.9,0.689,9.73199999999999
2026-06-19,13:12:13,98.2,241.9,0.689,9.73199999999999
2026-06-19,13:12:14,98.2,241.9,0.689,9.73199999999999
2026-06-19,13:12:15,98.2,241.9,0.689,9.73199999999999
2026-06-19,13:12:16,98.2,241.9,0.689,9.73199999999999
2026-06-19,13:12:17,98.2,241.9,0.689,9.73199999999999
2026-06-19,13:12:18,98.2,241.9,0.689,9.73199999999999
2026-06-19,13:12:19,98.2,241.9,0.689,9.73199999999999
2026-06-19,13:12:20,98.2,241.9,0.689,9.73199999999999
2026-06-19,13:12:21,98.2,241.9,0.689,9.73199999999999
2026-06-19,13:12:22,98.2,241.9,0.689,9.73199999999999
2026-06-19,13:12:23,98.2,241.9,0.689,9.73199999999999
2026-06-19,13:12:24,98.2,241.9,0.689,9.73199999999999
2026-06-19,13:12:25,98.2,241.9,0.689,9.73199999999999
2026-06-19,13:12:26,98.2,241.9,0.689,9.73199999999999
2026-06-19,13:12:27,98.2,241.9,0.689,9.73199999999999
2026-06-19,13:12:28,98.2,241.9,0.689,9.73199999999999
2026-06-19,13:12:29,98.2,241.9,0.689,9.73199999999999
2026-06-19,13:12:30,98.2,241.9,0.689,9.73199999999999
2026-06-19,13:12:31,98.2,241.9,0.689,9.73199999999999
2026-06-19,13:12:32,98.2,241.9,0.689,9.73199999999999
2026-06-19,13:12:33,98.2,241.9,0.689,9.73199999999999
2026-06-19,13:12:34,98.2,241.9,0.689,9.73199999999999
2026-06-19,13:12:35,98.2,241.9,0.689,9.73199999999999
2026-06-19,13:12:36,98.2,241.9,0.689,9.73199999999999
2026-06-19,13:12:37,98.2,241.9,0.689,9.73199999999999
2026-06-19,13:12:38,98.2,241.9,0.689,9.73199999999999
2026-06-19,13:12:39,98.2,241.9,0.689,9.73199999999999
2026-06-19,13:12:40,98.2,241.9,0.689,9.73199999999999
2026-06-19,13:12:41,98.2,241.9,0.689,9.73199999999999
2026-06-19,13:12:42,98.2,241.9,0.689,9.73199999999999
2026-06-19,13:12:43,98.2,241.9,0.689,9.73199999999999
2026-06-19,13:12:44,98.2,241.9,0.689,9.73199999999999
2026-06-19,13:12:45,98.2,241.9,0.689,9.73199999999999
2026-06-19,13:12:46,98.2,241.9,0.689,9.73199999999999
2026-06-19,13:12:47,98.2,241.9,0.689,9.73199999999999
2026-06-19,13:12:48,98.2,241.9,0.689,9.73199999999999
2026-06-19,13:12:49,98.2,241.9,0.689,9.73199999999999
2026-06-19,13:12:50,98.2,241.9,0.689,9.73199999999999
2026-06-19,13:12:51,98.2,241.9,0.689,9.73199999999999
2026-06-19,13:12:52,98.2,241.9,0.689,9.73199999999999
2026-06-19,13:12:53,98.2,241.9,0.689,9.73199999999999
2026-06-19,13:12:54,98.2,241.9,0.689,9.73199999999999
2026-06-19,13:12:55,98.2,241.9,0.689,9.73199999999999
2026-06-19,13:12:56,98.2,241.9,0.689,9.73199999999999
2026-06-19,13:12:57,98.2,241.9,0.689,9.73199999999999
2026-06-19,13:12:58,98.2,241.9,0.689,9.73199999999999
2026-06-19,13:12:59,98.2,241.9,0.689,9.73199999999999
2026-06-19,13:13:00,98.2,241.9,0.689,9.73199999999999
2026-06-19,13:13:01,98.2,241.9,0.689,9.73199999999999
2026-06-19,13:13:02,98.2,241.9,0.689,9.73199999999999
2026-06-19,13:13:03,98.2,241.9,0.689,9.73199999999999
2026-06-19,13:13:04,98.2,241.9,0.689,9.73199999999999
2026-06-19,13:13:05,98.2,241.9,0.689,9.73199999999999
2026-06-19,13:13:06,98.2,241.9,0.689,9.73199999999999
2026-06-19,13:13:07,98.2,241.9,0.689,9.73199999999999
2026-06-19,13:13:08,98.2,241.9,0.689,9.73199999999999
2026-06-19,13:13:09,98.2,241.9,0.689,9.73199999999999
2026-06-19,13:13:10,98.2,241.9,0.689,9.73199999999999
2026-06-19,13:13:11,98.2,241.9,0.689,9.73199999999999
2026-06-19,13:13:12,98.2,241.9,0.689,9.73199999999999
2026-06-19,13:13:13,98.2,241.9,0.689,9.73199999999999
2026-06-19,13:13:14,98.2,241.9,0.689,9.73199999999999
2026-06-19,13:13:15,98.2,241.9,0.689,9.73199999999999
2026-06-19,13:13:16,98.2,241.9,0.689,9.73199999999999
2026-06-19,13:13:17,98.2,241.9,0.689,9.73199999999999
2026-06-19,13:13:18,98.2,241.9,0.689,9.73199999999999
2026-06-19,13:13:19,98.2,241.9,0.689,9.73199999999999
2026-06-19,13:13:20,98.2,241.9,0.689,9.73199999999999
2026-06-19,13:13:21,98.2,241.9,0.689,9.73199999999999
2026-06-19,13:13:22,98.2,241.9,0.689,9.73199999999999
2026-06-19,13:13:23,98.2,241.9,0.689,9.73199999999999
2026-06-19,13:13:24,98.2,241.9,0.689,9.73199999999999
2026-06-19,13:13:25,98.2,241.9,0.689,9.73199999999999
2026-06-19,13:13:26,98.2,241.9,0.689,9.73199999999999
2026-06-19,13:13:27,98.2,241.9,0.689,9.73199999999999
2026-06-19,13:13:28,98.2,241.9,0.689,9.73199999999999
2026-06-19,13:13:29,98.2,241.9,0.689,9.73199999999999
2026-06-19,13:13:30,98.2,241.9,0.689,9.73199999999999
2026-06-19,13:13:31,98.2,241.9,0.689,9.73199999999999
2026-06-19,13:13:32,98.2,241.9,0.689,9.73199999999999
2026-06-19,13:13:33,98.2,241.9,0.689,9.73199999999999
2026-06-19,13:13:34,98.2,241.9,0.689,9.73199999999999
2026-06-19,13:13:35,98.2,241.9,0.689,9.73199999999999
2026-06-19,13:13:36,98.2,241.9,0.689,9.73199999999999
2026-06-19,13:13:37,98.2,241.9,0.689,9.73199999999999
2026-06-19,13:13:38,98.2,241.9,0.689,9.73199999999999
2026-06-19,13:13:39,98.2,241.9,0.689,9.73199999999999
2026-06-19,13:13:40,98.2,241.9,0.689,9.73199999999999
2026-06-19,13:13:41,98.2,241.9,0.689,9.73199999999999
2026-06-19,13:13:42,98.2,241.9,0.689,9.73199999999999
2026-06-19,13:13:43,98.2,241.9,0.689,9.73199999999999
2026-06-19,13:13:44,98.2,241.9,0.689,9.73199999999999
2026-06-19,13:13:45,98.2,241.9,0.689,9.73199999999999
2026-06-19,13:13:46,98.2,241.9,0.689,9.73199999999999
2026-06-19,13:13:47,98.2,241.9,0.689,9.73199999999999
2026-06-19,13:13:48,98.2,241.9,0.689,9.73199999999999
2026-06-19,13:13:49,98.2,241.9,0.689,9.73199999999999
2026-06-19,13:13:50,98.2,241.9,0.689,9.73199999999999
2026-06-19,13:13:51,98.2,241.9,0.689,9.73199999999999
2026-06-19,13:13:52,98.2,241.9,0.689,9.73199999999999
2026-06-19,13:13:53,98.2,241.9,0.689,9.73199999999999
2026-06-19,13:13:54,98.2,241.9,0.689,9.73199999999999
2026-06-19,13:13:55,98.2,241.9,0.689,9.73199999999999
2026-06-19,13:13:56,98.2,241.9,0.689,9.73199999999999
2026-06-19,13:13:57,98.2,241.9,0.689,9.73199999999999
2026-06-19,13:13:58,98.2,241.9,0.689,9.73199999999999
2026-06-19,13:13:59,98.2,241.9,0.689,9.73199999999999
2026-06-19,13:14:00,98.2,241.9,0.689,9.73199999999999
2026-06-19,13:14:01,98.2,241.9,0.689,9.73199999999999
2026-06-19,13:14:02,98.2,241.9,0.689,9.73199999999999
2026-06-19,13:14:03,98.2,241.9,0.689,9.73199999999999
2026-06-19,13:14:04,98.2,241.9,0.689,9.73199999999999
2026-06-19,13:14:05,98.2,241.9,0.689,9.73199999999999
2026-06-19,13:14:06,98.2,241.9,0.689,9.73199999999999
2026-06-19,13:14:07,98.2,241.9,0.689,9.73199999999999
2026-06-19,13:14:08,98.2,241.9,0.689,9.73199999999999
2026-06-19,13:14:09,98.2,241.9,0.689,9.73199999999999
2026-06-19,13:14:10,98.2,241.9,0.689,9.73199999999999
2026-06-19,13:14:11,98.2,241.9,0.689,9.73199999999999
2026-06-19,13:14:12,98.2,241.9,0.689,9.73199999999999
2026-06-19,13:14:13,98.2,241.9,0.689,9.73199999999999
2026-06-19,13:14:14,98.2,241.9,0.689,9.73199999999999
2026-06-19,13:14:15,98.2,241.9,0.689,9.73199999999999
2026-06-19,13:14:16,98.2,241.9,0.689,9.73199999999999
2026-06-19,13:14:17,98.2,241.9,0.689,9.73199999999999
2026-06-19,13:14:18,98.2,241.9,0.689,9.73199999999999
2026-06-19,13:14:19,98.2,241.9,0.689,9.73199999999999
2026-06-19,13:14:20,98.2,241.9,0.689,9.73199999999999
2026-06-19,13:14:21,98.2,241.9,0.689,9.73199999999999
2026-06-19,13:14:22,98.2,241.9,0.689,9.73199999999999
2026-06-19,13:14:23,98.2,241.9,0.689,9.73199999999999
2026-06-19,13:14:24,98.2,241.9,0.689,9.73199999999999
2026-06-19,13:14:25,98.2,241.9,0.689,9.73199999999999
2026-06-19,13:14:26,98.2,241.9,0.689,9.73199999999999
2026-06-19,13:14:27,98.2,241.9,0.689,9.73199999999999
2026-06-19,13:14:28,98.2,241.9,0.689,9.73199999999999
2026-06-19,13:14:29,98.2,241.9,0.689,9.73199999999999
2026-06-19,13:14:30,98.2,241.9,0.689,9.73199999999999
2026-06-19,13:14:31,98.2,241.9,0.689,9.73199999999999
2026-06-19,13:14:32,98.2,241.9,0.689,9.73199999999999
2026-06-19,13:14:33,98.2,241.9,0.689,9.73199999999999
2026-06-19,13:14:34,98.2,241.9,0.689,9.73199999999999
2026-06-19,13:14:35,98.2,241.9,0.689,9.73199999999999
2026-06-19,13:14:36,98.2,241.9,0.689,9.73199999999999
2026-06-19,13:14:37,98.2,241.9,0.689,9.73199999999999
2026-06-19,13:14:38,98.2,241.9,0.689,9.73199999999999
2026-06-19,13:14:39,98.2,241.9,0.689,9.73199999999999
2026-06-19,13:14:40,98.2,241.9,0.689,9.73199999999999
2026-06-19,13:14:41,98.2,241.9,0.689,9.73199999999999
2026-06-19,13:14:42,98.2,241.9,0.689,9.73199999999999
2026-06-19,13:14:43,98.2,241.9,0.689,9.73199999999999
2026-06-19,13:14:44,98.2,241.9,0.689,9.73199999999999
2026-06-19,13:14:45,98.2,241.9,0.689,9.73199999999999
2026-06-19,13:14:46,98.2,241.9,0.689,9.73199999999999
2026-06-19,13:14:47,98.2,241.9,0.689,9.73199999999999
2026-06-19,13:14:48,98.2,241.9,0.689,9.73199999999999
2026-06-19,13:14:49,98.2,241.9,0.689,9.73199999999999
2026-06-19,13:14:50,98.2,241.9,0.689,9.73199999999999
2026-06-19,13:14:51,98.2,241.9,0.689,9.73199999999999
2026-06-19,13:14:52,98.2,241.9,0.689,9.73199999999999
2026-06-19,13:14:53,98.2,241.9,0.689,9.73199999999999
2026-06-19,13:14:54,98.2,241.9,0.689,9.73199999999999
2026-06-19,13:14:55,98.2,241.9,0.689,9.73199999999999
2026-06-19,13:14:56,98.2,241.9,0.689,9.73199999999999
2026-06-19,13:14:58,98.2,241.9,0.689,9.73199999999999
2026-06-19,13:14:59,98.2,241.9,0.689,9.73199999999999
2026-06-19,13:15:00,98.2,241.9,0.689,9.73199999999999
2026-06-19,13:15:01,98.2,241.9,0.689,9.73199999999999
2026-06-19,13:15:02,98.2,241.9,0.689,9.73199999999999
2026-06-19,13:15:03,98.2,241.9,0.689,9.73199999999999
2026-06-19,13:15:04,98.2,241.9,0.689,9.73199999999999
2026-06-19,13:15:05,98.2,241.9,0.689,9.73199999999999
2026-06-19,13:15:06,98.2,241.9,0.689,9.73199999999999
2026-06-19,13:15:07,76.3,241.9,0.579,9.73199999999999
2026-06-19,13:15:08,76.3,241.9,0.579,9.73199999999999
2026-06-19,13:15:09,76.3,241.9,0.579,9.73199999999999
2026-06-19,13:15:10,76.3,241.9,0.579,9.73199999999999
2026-06-19,13:15:11,76.3,241.9,0.579,9.73199999999999
2026-06-19,13:15:12,76.3,241.9,0.579,9.73199999999999
2026-06-19,13:15:13,76.3,241.9,0.579,9.73199999999999
2026-06-19,13:15:14,76.3,241.9,0.579,9.73199999999999
2026-06-19,13:15:15,76.3,241.9,0.579,9.73199999999999
2026-06-19,13:15:16,76.3,241.9,0.579,9.73199999999999
2026-06-19,13:15:17,76.3,241.9,0.579,9.73199999999999
2026-06-19,13:15:18,76.3,241.9,0.579,9.73199999999999
2026-06-19,13:15:19,76.3,241.9,0.579,9.73199999999999
2026-06-19,13:15:20,76.3,241.9,0.579,9.73199999999999
2026-06-19,13:15:21,76.3,241.9,0.579,9.73199999999999
2026-06-19,13:15:22,76.3,241.9,0.579,9.73199999999999
2026-06-19,13:15:23,76.3,241.9,0.579,9.73199999999999
2026-06-19,13:15:24,76.3,241.9,0.579,9.73199999999999
2026-06-19,13:15:25,76.3,241.9,0.579,9.73199999999999
2026-06-19,13:15:26,76.3,241.9,0.579,9.73199999999999
2026-06-19,13:15:27,76.3,241.9,0.579,9.73199999999999
2026-06-19,13:15:28,76.3,241.9,0.579,9.73199999999999
2026-06-19,13:15:29,76.3,241.9,0.579,9.73199999999999
2026-06-19,13:15:30,76.3,241.9,0.579,9.73199999999999
2026-06-19,13:15:31,76.3,241.9,0.579,9.73199999999999
2026-06-19,13:15:32,76.3,241.9,0.579,9.73199999999999
2026-06-19,13:15:33,76.3,241.9,0.579,9.73199999999999
2026-06-19,13:15:34,76.3,241.9,0.579,9.73199999999999
2026-06-19,13:15:35,76.3,241.9,0.579,9.73199999999999
2026-06-19,13:15:36,76.3,241.9,0.579,9.73199999999999
2026-06-19,13:15:37,76.3,241.9,0.579,9.73199999999999
2026-06-19,13:15:38,76.3,241.9,0.579,9.73199999999999
2026-06-19,13:15:39,76.3,241.9,0.579,9.73199999999999
2026-06-19,13:15:40,76.3,241.9,0.579,9.73199999999999
2026-06-19,13:15:41,76.3,241.9,0.579,9.73199999999999
2026-06-19,13:15:42,96.2,241.7,0.676,9.73199999999999
2026-06-19,13:15:43,96.2,241.7,0.676,9.73199999999999
2026-06-19,13:15:44,96.2,241.7,0.676,9.73199999999999
2026-06-19,13:15:45,96.2,241.7,0.676,9.73199999999999
2026-06-19,13:15:46,96.2,241.7,0.676,9.73199999999999
2026-06-19,13:15:47,96.2,241.7,0.676,9.73199999999999
2026-06-19,13:15:48,96.2,241.7,0.676,9.73199999999999
2026-06-19,13:15:49,96.2,241.7,0.676,9.73199999999999
2026-06-19,13:15:50,96.2,241.7,0.676,9.73199999999999
2026-06-19,13:15:51,96.2,241.7,0.676,9.73199999999999
2026-06-19,13:15:52,96.2,241.7,0.676,9.73199999999999
2026-06-19,13:15:53,96.2,241.7,0.676,9.73199999999999
2026-06-19,13:15:54,96.2,241.7,0.676,9.73199999999999
2026-06-19,13:15:55,96.2,241.7,0.676,9.73199999999999
2026-06-19,13:15:56,96.2,241.7,0.676,9.73199999999999
2026-06-19,13:15:57,96.2,241.7,0.676,9.73199999999999
2026-06-19,13:15:58,96.2,241.7,0.676,9.73199999999999
2026-06-19,13:15:59,96.2,241.7,0.676,9.73199999999999
2026-06-19,13:16:00,96.2,241.7,0.676,9.73199999999999
2026-06-19,13:16:01,96.2,241.7,0.676,9.73199999999999
2026-06-19,13:16:02,96.2,241.7,0.676,9.73199999999999
2026-06-19,13:16:03,96.2,241.7,0.676,9.73199999999999
2026-06-19,13:16:04,96.2,241.7,0.676,9.73199999999999
2026-06-19,13:16:05,96.2,241.7,0.676,9.73199999999999
2026-06-19,13:16:06,96.2,241.7,0.676,9.73199999999999
2026-06-19,13:16:07,96.2,241.7,0.676,9.73199999999999
2026-06-19,13:16:08,96.2,241.7,0.676,9.73199999999999
2026-06-19,13:16:09,96.2,241.7,0.676,9.73199999999999
2026-06-19,13:16:10,96.2,241.7,0.676,9.73199999999999
2026-06-19,13:16:11,96.2,241.7,0.676,9.73199999999999
2026-06-19,13:16:12,96.2,241.7,0.676,9.73199999999999
2026-06-19,13:16:13,96.2,241.7,0.676,9.73199999999999
2026-06-19,13:16:14,96.2,241.7,0.676,9.73199999999999
2026-06-19,13:16:15,96.2,241.7,0.676,9.73199999999999
2026-06-19,13:16:16,96.2,241.7,0.676,9.73199999999999
2026-06-19,13:16:17,96.2,241.7,0.676,9.73199999999999
2026-06-19,13:16:18,96.2,241.7,0.676,9.73199999999999
2026-06-19,13:16:19,96.2,241.7,0.676,9.73199999999999
2026-06-19,13:16:20,96.2,241.7,0.676,9.73199999999999
2026-06-19,13:16:21,96.2,241.7,0.676,9.73199999999999
2026-06-19,13:16:22,96.2,241.7,0.676,9.73199999999999
2026-06-19,13:16:23,96.2,241.7,0.676,9.73199999999999
2026-06-19,13:16:24,96.2,241.7,0.676,9.73199999999999
2026-06-19,13:16:25,96.2,241.7,0.676,9.73199999999999
2026-06-19,13:16:26,96.2,241.7,0.676,9.73199999999999
2026-06-19,13:16:27,96.2,241.7,0.676,9.73199999999999
2026-06-19,13:16:28,96.2,241.7,0.676,9.73199999999999
2026-06-19,13:16:29,96.2,241.7,0.676,9.73199999999999
2026-06-19,13:16:30,96.2,241.7,0.676,9.73199999999999
2026-06-19,13:16:31,96.2,241.7,0.676,9.73199999999999
2026-06-19,13:16:32,96.2,241.7,0.676,9.73199999999999
2026-06-19,13:16:33,96.2,241.7,0.676,9.73199999999999
2026-06-19,13:16:34,96.2,241.7,0.676,9.73199999999999
2026-06-19,13:16:35,96.2,241.7,0.676,9.73199999999999
2026-06-19,13:16:36,96.2,241.7,0.676,9.73199999999999
2026-06-19,13:16:37,96.2,241.7,0.676,9.73199999999999
2026-06-19,13:16:38,96.2,241.7,0.676,9.73199999999999
2026-06-19,13:16:39,96.2,241.7,0.676,9.73199999999999
2026-06-19,13:16:40,96.2,241.7,0.676,9.73199999999999
2026-06-19,13:16:41,96.2,241.7,0.676,9.73199999999999
2026-06-19,13:16:42,96.2,241.7,0.676,9.73199999999999
2026-06-19,13:16:43,96.2,241.7,0.676,9.73199999999999
2026-06-19,13:16:44,96.2,241.7,0.676,9.73199999999999
2026-06-19,13:16:45,96.2,241.7,0.676,9.73199999999999
2026-06-19,13:16:46,96.2,241.7,0.676,9.73199999999999
2026-06-19,13:16:47,96.2,241.7,0.676,9.73199999999999
2026-06-19,13:16:48,96.2,241.7,0.676,9.73199999999999
2026-06-19,13:16:49,96.2,241.7,0.676,9.73199999999999
2026-06-19,13:16:50,96.2,241.7,0.676,9.73199999999999
2026-06-19,13:16:51,96.2,241.7,0.676,9.73199999999999
2026-06-19,13:16:52,96.2,241.7,0.676,9.73199999999999
2026-06-19,13:16:53,96.2,241.7,0.676,9.73199999999999
2026-06-19,13:16:54,96.2,241.7,0.676,9.73199999999999
2026-06-19,13:16:55,96.2,241.7,0.676,9.73199999999999
2026-06-19,13:16:56,96.2,241.7,0.676,9.73199999999999
2026-06-19,13:16:57,96.2,241.7,0.676,9.73199999999999
2026-06-19,13:16:58,96.2,241.7,0.676,9.73199999999999
2026-06-19,13:16:59,96.2,241.7,0.676,9.73199999999999
2026-06-19,13:17:00,96.2,241.7,0.676,9.73199999999999
2026-06-19,13:17:01,96.2,241.7,0.676,9.73199999999999
2026-06-19,13:17:02,96.2,241.7,0.676,9.73199999999999
2026-06-19,13:17:03,96.2,241.7,0.676,9.73199999999999
2026-06-19,13:17:04,96.2,241.7,0.676,9.73199999999999
2026-06-19,13:17:05,96.2,241.7,0.676,9.73199999999999
2026-06-19,13:17:06,96.2,241.7,0.676,9.73199999999999
2026-06-19,13:17:07,96.2,241.7,0.676,9.73199999999999
2026-06-19,13:17:08,96.2,241.7,0.676,9.73199999999999
2026-06-19,13:17:09,96.2,241.7,0.676,9.73199999999999
2026-06-19,13:17:10,96.2,241.7,0.676,9.73199999999999
2026-06-19,13:17:11,96.2,241.7,0.676,9.73199999999999
2026-06-19,13:17:12,96.2,241.7,0.676,9.73199999999999
2026-06-19,13:17:13,96.2,241.7,0.676,9.73199999999999
2026-06-19,13:17:14,96.2,241.7,0.676,9.73199999999999
2026-06-19,13:17:15,96.2,241.7,0.676,9.73199999999999
2026-06-19,13:17:16,96.2,241.7,0.676,9.73199999999999
2026-06-19,13:17:17,96.2,241.7,0.676,9.73199999999999
2026-06-19,13:17:18,96.2,241.7,0.676,9.73199999999999
2026-06-19,13:17:19,96.2,241.7,0.676,9.73199999999999
2026-06-19,13:17:20,96.2,241.7,0.676,9.73199999999999
2026-06-19,13:17:21,96.2,241.7,0.676,9.73199999999999
2026-06-19,13:17:22,96.2,241.7,0.676,9.73199999999999
2026-06-19,13:17:23,96.2,241.7,0.676,9.73199999999999
2026-06-19,13:17:24,96.2,241.7,0.676,9.73199999999999
2026-06-19,13:17:25,96.2,241.7,0.676,9.73199999999999
2026-06-19,13:17:26,96.2,241.7,0.676,9.73199999999999
2026-06-19,13:17:27,96.2,241.7,0.676,9.73199999999999
2026-06-19,13:17:28,96.2,241.7,0.676,9.73199999999999
2026-06-19,13:17:29,96.2,241.7,0.676,9.73199999999999
2026-06-19,13:17:30,96.2,241.7,0.676,9.73199999999999
2026-06-19,13:17:31,96.2,241.7,0.676,9.73199999999999
2026-06-19,13:17:32,96.2,241.7,0.676,9.73199999999999
2026-06-19,13:17:33,96.2,241.7,0.676,9.73199999999999
2026-06-19,13:17:34,96.2,241.7,0.676,9.73199999999999
2026-06-19,13:17:35,96.2,241.7,0.676,9.73199999999999
2026-06-19,13:17:36,96.2,241.7,0.676,9.73199999999999
2026-06-19,13:17:37,96.2,241.7,0.676,9.73199999999999
2026-06-19,13:17:38,96.2,241.7,0.676,9.73199999999999
2026-06-19,13:17:39,96.2,241.7,0.676,9.73199999999999
2026-06-19,13:17:40,96.2,241.7,0.676,9.73199999999999
2026-06-19,13:17:41,96.2,241.7,0.676,9.73199999999999
2026-06-19,13:17:42,96.2,241.7,0.676,9.73199999999999
2026-06-19,13:17:43,96.2,241.7,0.676,9.73199999999999
2026-06-19,13:17:44,96.2,241.7,0.676,9.73199999999999
2026-06-19,13:17:45,96.2,241.7,0.676,9.73199999999999
2026-06-19,13:17:46,96.2,241.7,0.676,9.73199999999999
2026-06-19,13:17:47,96.2,241.7,0.676,9.73199999999999
2026-06-19,13:17:48,96.2,241.7,0.676,9.73199999999999
2026-06-19,13:17:49,96.2,241.7,0.676,9.73199999999999
2026-06-19,13:17:50,96.2,241.7,0.676,9.73199999999999
2026-06-19,13:17:51,96.2,241.7,0.676,9.73199999999999
2026-06-19,13:17:53,96.2,241.7,0.676,9.73199999999999
2026-06-19,13:17:54,96.2,241.7,0.676,9.73199999999999
2026-06-19,13:17:55,96.2,241.7,0.676,9.73199999999999
2026-06-19,13:17:56,96.2,241.7,0.676,9.73199999999999
2026-06-19,13:17:57,96.2,241.7,0.676,9.73199999999999
2026-06-19,13:17:58,96.2,241.7,0.676,9.73199999999999
2026-06-19,13:17:59,96.2,241.7,0.676,9.73199999999999
2026-06-19,13:18:00,96.2,241.7,0.676,9.73199999999999
2026-06-19,13:18:01,96.2,241.7,0.676,9.73199999999999
2026-06-19,13:18:02,96.2,241.7,0.676,9.73199999999999
2026-06-19,13:18:03,96.2,241.7,0.676,9.73199999999999
2026-06-19,13:18:04,96.2,241.7,0.676,9.73199999999999
2026-06-19,13:18:05,96.2,241.7,0.676,9.73199999999999
2026-06-19,13:18:06,96.2,241.7,0.676,9.73199999999999
2026-06-19,13:18:07,96.2,241.7,0.676,9.73199999999999
2026-06-19,13:18:08,96.2,241.7,0.676,9.73199999999999
2026-06-19,13:18:09,96.2,241.7,0.676,9.73199999999999
2026-06-19,13:18:10,96.2,241.7,0.676,9.73199999999999
2026-06-19,13:18:11,96.2,241.7,0.676,9.73199999999999
2026-06-19,13:18:12,96.2,241.7,0.676,9.73199999999999
2026-06-19,13:18:13,96.2,241.7,0.676,9.73199999999999
2026-06-19,13:18:14,96.2,241.7,0.676,9.73199999999999
2026-06-19,13:18:15,96.2,241.7,0.676,9.73199999999999
2026-06-19,13:18:16,96.2,241.7,0.676,9.73199999999999
2026-06-19,13:18:17,96.2,241.7,0.676,9.73199999999999
2026-06-19,13:18:18,96.2,241.7,0.676,9.73199999999999
2026-06-19,13:18:19,96.2,241.7,0.676,9.73199999999999
2026-06-19,13:18:20,96.2,241.7,0.676,9.73199999999999
2026-06-19,13:18:21,96.2,241.7,0.676,9.73199999999999
2026-06-19,13:18:22,96.2,241.7,0.676,9.73199999999999
2026-06-19,13:18:23,96.2,241.7,0.676,9.73199999999999
2026-06-19,13:18:24,96.2,241.7,0.676,9.73199999999999
2026-06-19,13:18:25,96.2,241.7,0.676,9.73199999999999
2026-06-19,13:18:26,96.2,241.7,0.676,9.73199999999999
2026-06-19,13:18:27,96.2,241.7,0.676,9.73199999999999
2026-06-19,13:18:28,96.2,241.7,0.676,9.73199999999999
2026-06-19,13:18:29,96.2,241.7,0.676,9.73199999999999
2026-06-19,13:18:30,96.2,241.7,0.676,9.73199999999999
2026-06-19,13:18:31,96.2,241.7,0.676,9.73199999999999
2026-06-19,13:18:32,96.2,241.7,0.676,9.73199999999999
2026-06-19,13:18:33,96.2,241.7,0.676,9.73199999999999
2026-06-19,13:18:34,96.2,241.7,0.676,9.73199999999999
2026-06-19,13:18:35,96.2,241.7,0.676,9.73199999999999
2026-06-19,13:18:36,96.2,241.7,0.676,9.73199999999999
2026-06-19,13:18:37,96.2,241.7,0.676,9.73199999999999
2026-06-19,13:18:38,96.2,241.7,0.676,9.73199999999999
2026-06-19,13:18:39,96.2,241.7,0.676,9.73199999999999
2026-06-19,13:18:40,96.2,241.7,0.676,9.73199999999999
2026-06-19,13:18:41,96.2,241.7,0.676,9.73199999999999
2026-06-19,13:18:42,96.2,241.7,0.676,9.73199999999999
2026-06-19,13:18:43,96.2,241.7,0.676,9.73199999999999
2026-06-19,13:18:44,96.2,241.7,0.676,9.73199999999999
2026-06-19,13:18:45,96.2,241.7,0.676,9.73199999999999
2026-06-19,13:18:46,96.2,241.7,0.676,9.73199999999999
2026-06-19,13:18:47,96.2,241.7,0.676,9.73199999999999
2026-06-19,13:18:48,96.2,241.7,0.676,9.73199999999999
2026-06-19,13:18:49,96.2,241.7,0.676,9.73199999999999
2026-06-19,13:18:50,96.2,241.7,0.676,9.73199999999999
2026-06-19,13:18:51,96.2,241.7,0.676,9.73199999999999
2026-06-19,13:18:52,96.2,241.7,0.676,9.73199999999999
2026-06-19,13:18:53,96.2,241.7,0.676,9.73199999999999
2026-06-19,13:18:54,96.2,241.7,0.676,9.73199999999999
2026-06-19,13:18:55,96.2,241.7,0.676,9.73199999999999
2026-06-19,13:18:56,96.2,241.7,0.676,9.73199999999999
2026-06-19,13:18:57,96.2,241.7,0.676,9.73199999999999
2026-06-19,13:18:58,96.2,241.7,0.676,9.73199999999999
2026-06-19,13:18:59,96.2,241.7,0.676,9.73199999999999
2026-06-19,13:19:00,96.2,241.7,0.676,9.73199999999999
2026-06-19,13:19:01,96.2,241.7,0.676,9.73199999999999
2026-06-19,13:19:02,96.2,241.7,0.676,9.73199999999999
2026-06-19,13:19:03,96.2,241.7,0.676,9.73199999999999
2026-06-19,13:19:04,96.2,241.7,0.676,9.73199999999999
2026-06-19,13:19:05,96.2,241.7,0.676,9.73199999999999
2026-06-19,13:19:06,96.2,241.7,0.676,9.73199999999999
2026-06-19,13:19:07,96.2,241.7,0.676,9.73199999999999
2026-06-19,13:19:08,96.2,241.7,0.676,9.73199999999999
2026-06-19,13:19:09,96.2,241.7,0.676,9.73199999999999
2026-06-19,13:19:10,96.2,241.7,0.676,9.73199999999999
2026-06-19,13:19:11,96.2,241.7,0.676,9.73199999999999
2026-06-19,13:19:12,96.2,241.7,0.676,9.73199999999999
2026-06-19,13:19:13,96.2,241.7,0.676,9.73199999999999
2026-06-19,13:19:14,96.2,241.7,0.676,9.73199999999999
2026-06-19,13:19:15,96.2,241.7,0.676,9.73199999999999
2026-06-19,13:19:16,96.2,241.7,0.676,9.73199999999999
2026-06-19,13:19:17,96.2,241.7,0.676,9.73199999999999
2026-06-19,13:19:18,96.2,241.7,0.676,9.73199999999999
2026-06-19,13:19:19,96.2,241.7,0.676,9.73199999999999
2026-06-19,13:19:20,96.2,241.7,0.676,9.73199999999999
2026-06-19,13:19:21,96.2,241.7,0.676,9.73199999999999
2026-06-19,13:19:22,96.2,241.7,0.676,9.73199999999999
2026-06-19,13:19:23,96.2,241.7,0.676,9.73199999999999
2026-06-19,13:19:24,96.2,241.7,0.676,9.73199999999999
2026-06-19,13:19:25,96.2,241.7,0.676,9.73199999999999
2026-06-19,13:19:26,96.2,241.7,0.676,9.73199999999999
2026-06-19,13:19:27,96.2,241.7,0.676,9.73199999999999
2026-06-19,13:19:28,96.2,241.7,0.676,9.73199999999999
2026-06-19,13:19:29,96.2,241.7,0.676,9.73199999999999
2026-06-19,13:19:30,96.2,241.7,0.676,9.73199999999999
2026-06-19,13:19:31,96.2,241.7,0.676,9.73199999999999
2026-06-19,13:19:32,96.2,241.7,0.676,9.73199999999999
2026-06-19,13:19:33,96.2,241.7,0.676,9.73199999999999
2026-06-19,13:19:34,96.2,241.7,0.676,9.73199999999999
2026-06-19,13:19:35,96.2,241.7,0.676,9.73199999999999
2026-06-19,13:19:36,96.2,241.7,0.676,9.73199999999999
2026-06-19,13:19:37,96.2,241.7,0.676,9.73199999999999
2026-06-19,13:19:38,96.2,241.7,0.676,9.73199999999999
2026-06-19,13:19:39,96.2,241.7,0.676,9.73199999999999
2026-06-19,13:19:40,96.2,241.7,0.676,9.73199999999999
2026-06-19,13:19:41,96.2,241.7,0.676,9.73199999999999
2026-06-19,13:19:42,96.2,241.7,0.676,9.73199999999999
2026-06-19,13:19:43,96.2,241.7,0.676,9.73199999999999
2026-06-19,13:19:44,96.2,241.7,0.676,9.73199999999999
2026-06-19,13:19:45,96.2,241.7,0.676,9.73199999999999
2026-06-19,13:19:46,96.2,241.7,0.676,9.73199999999999
2026-06-19,13:19:47,96.2,241.7,0.676,9.73199999999999
2026-06-19,13:19:48,96.2,241.7,0.676,9.73199999999999
2026-06-19,13:19:49,96.2,241.7,0.676,9.73199999999999
2026-06-19,13:19:50,96.2,241.7,0.676,9.73199999999999
2026-06-19,13:19:51,96.2,241.7,0.676,9.73199999999999
2026-06-19,13:19:52,96.2,241.7,0.676,9.73199999999999
2026-06-19,13:19:53,96.2,241.7,0.676,9.73199999999999
2026-06-19,13:19:54,96.2,241.7,0.676,9.73199999999999
2026-06-19,13:19:55,96.2,241.7,0.676,9.73199999999999
2026-06-19,13:19:56,96.2,241.7,0.676,9.73199999999999
2026-06-19,13:19:57,96.2,241.7,0.676,9.73199999999999
2026-06-19,13:19:58,96.2,241.7,0.676,9.73199999999999
2026-06-19,13:19:59,96.2,241.7,0.676,9.73199999999999
2026-06-19,13:20:00,96.2,241.7,0.676,9.73199999999999
2026-06-19,13:20:01,96.2,241.7,0.676,9.73199999999999
2026-06-19,13:20:02,96.2,241.7,0.676,9.73199999999999
2026-06-19,13:20:03,96.2,241.7,0.676,9.73199999999999
2026-06-19,13:20:04,96.2,241.7,0.676,9.73199999999999
2026-06-19,13:20:05,96.2,241.7,0.676,9.73199999999999
2026-06-19,13:20:06,96.2,241.7,0.676,9.73199999999999
2026-06-19,13:20:07,96.2,241.7,0.676,9.73199999999999
2026-06-19,13:20:08,96.2,241.7,0.676,9.73199999999999
2026-06-19,13:20:09,96.2,241.7,0.676,9.73199999999999
2026-06-19,13:20:10,96.2,241.7,0.676,9.73199999999999
2026-06-19,13:20:11,96.2,241.7,0.676,9.73199999999999
2026-06-19,13:20:12,96.2,241.7,0.676,9.73199999999999
2026-06-19,13:20:13,96.2,241.7,0.676,9.73199999999999
2026-06-19,13:20:14,96.2,241.7,0.676,9.73199999999999
2026-06-19,13:20:15,96.2,241.7,0.676,9.73199999999999
2026-06-19,13:20:16,96.2,241.7,0.676,9.73199999999999
2026-06-19,13:20:17,96.2,241.7,0.676,9.73199999999999
2026-06-19,13:20:18,96.2,241.7,0.676,9.73199999999999
2026-06-19,13:20:19,96.2,241.7,0.676,9.73199999999999
2026-06-19,13:20:20,96.2,241.7,0.676,9.73199999999999
2026-06-19,13:20:21,96.2,241.7,0.676,9.73199999999999
2026-06-19,13:20:22,96.2,241.7,0.676,9.73199999999999
2026-06-19,13:20:23,96.2,241.7,0.676,9.73199999999999
2026-06-19,13:20:24,96.2,241.7,0.676,9.73199999999999
2026-06-19,13:20:26,96.2,241.7,0.676,9.73199999999999
2026-06-19,13:20:27,96.2,241.7,0.676,9.73199999999999
2026-06-19,13:20:28,96.2,241.7,0.676,9.73199999999999
2026-06-19,13:20:29,96.2,241.7,0.676,9.73199999999999
2026-06-19,13:20:30,96.2,241.7,0.676,9.73199999999999
2026-06-19,13:20:31,96.2,241.7,0.676,9.73199999999999
2026-06-19,13:20:32,96.2,241.7,0.676,9.73199999999999
2026-06-19,13:20:33,96.2,241.7,0.676,9.73199999999999
2026-06-19,13:20:34,96.2,241.7,0.676,9.73199999999999
2026-06-19,13:20:35,96.2,241.7,0.676,9.73199999999999
2026-06-19,13:20:36,96.2,241.7,0.676,9.73199999999999
2026-06-19,13:20:37,96.2,241.7,0.676,9.73199999999999
2026-06-19,13:20:38,96.2,241.7,0.676,9.73199999999999
2026-06-19,13:20:39,96.2,241.7,0.676,9.73199999999999
2026-06-19,13:20:40,96.2,241.7,0.676,9.73199999999999
2026-06-19,13:20:41,96.2,241.7,0.676,9.73199999999999
2026-06-19,13:20:42,96.2,241.7,0.676,9.73199999999999
2026-06-19,13:20:43,96.2,241.7,0.676,9.73199999999999
2026-06-19,13:20:44,96.2,241.7,0.676,9.73199999999999
2026-06-19,13:20:45,96.2,241.7,0.676,9.73199999999999
2026-06-19,13:20:46,96.2,241.7,0.676,9.73199999999999
2026-06-19,13:20:47,96.2,241.7,0.676,9.73199999999999
2026-06-19,13:20:48,96.2,241.7,0.676,9.73199999999999
2026-06-19,13:20:49,96.2,241.7,0.676,9.73199999999999
2026-06-19,13:20:50,96.2,241.7,0.676,9.73199999999999
2026-06-19,13:20:51,96.2,241.7,0.676,9.73199999999999
2026-06-19,13:20:52,96.2,241.7,0.676,9.73199999999999
2026-06-19,13:20:53,96.2,241.7,0.676,9.73199999999999
2026-06-19,13:20:54,96.2,241.7,0.676,9.73199999999999
2026-06-19,13:20:55,96.2,241.7,0.676,9.73199999999999
2026-06-19,13:20:56,96.2,241.7,0.676,9.73199999999999
2026-06-19,13:20:57,96.2,241.7,0.676,9.73199999999999
2026-06-19,13:20:58,96.2,241.7,0.676,9.73199999999999
2026-06-19,13:20:59,96.2,241.7,0.676,9.73199999999999
2026-06-19,13:21:00,96.2,241.7,0.676,9.73199999999999
2026-06-19,13:21:01,96.2,241.7,0.676,9.73199999999999
2026-06-19,13:21:02,96.2,241.7,0.676,9.73199999999999
2026-06-19,13:21:03,96.2,241.7,0.676,9.73199999999999
2026-06-19,13:21:04,96.2,241.7,0.676,9.73199999999999
2026-06-19,13:21:05,96.2,241.7,0.676,9.73199999999999
2026-06-19,13:21:06,96.2,241.7,0.676,9.73199999999999
2026-06-19,13:21:07,96.2,241.7,0.676,9.73199999999999
2026-06-19,13:21:08,96.2,241.7,0.676,9.73199999999999
2026-06-19,13:21:09,96.2,241.7,0.676,9.73199999999999
2026-06-19,13:21:10,96.2,241.7,0.676,9.73199999999999
2026-06-19,13:21:11,96.2,241.7,0.676,9.73199999999999
2026-06-19,13:21:12,96.2,241.7,0.676,9.73199999999999
2026-06-19,13:21:13,96.2,241.7,0.676,9.73199999999999
2026-06-19,13:21:14,96.2,241.7,0.676,9.73199999999999
2026-06-19,13:21:15,96.2,241.7,0.676,9.73199999999999
2026-06-19,13:21:16,96.2,241.7,0.676,9.73199999999999
2026-06-19,13:21:17,96.2,241.7,0.676,9.73199999999999
2026-06-19,13:21:18,96.2,241.7,0.676,9.73199999999999
2026-06-19,13:21:19,96.2,241.7,0.676,9.73199999999999
2026-06-19,13:21:20,96.2,241.7,0.676,9.73199999999999
2026-06-19,13:21:21,96.2,241.7,0.676,9.73199999999999
2026-06-19,13:21:22,96.2,241.7,0.676,9.73199999999999
2026-06-19,13:21:23,96.2,241.7,0.676,9.73199999999999
2026-06-19,13:21:24,96.2,241.7,0.676,9.73199999999999
2026-06-19,13:21:25,96.2,241.7,0.676,9.73199999999999
2026-06-19,13:21:26,96.2,241.7,0.676,9.73199999999999
2026-06-19,13:21:27,96.2,241.7,0.676,9.73199999999999
2026-06-19,13:21:28,96.2,241.7,0.676,9.73199999999999
2026-06-19,13:21:29,96.2,241.7,0.676,9.73199999999999
2026-06-19,13:21:30,96.2,241.7,0.676,9.73199999999999
2026-06-19,13:21:31,96.2,241.7,0.676,9.73199999999999
2026-06-19,13:21:32,96.2,241.7,0.676,9.73199999999999
2026-06-19,13:21:33,96.2,241.7,0.676,9.73199999999999
2026-06-19,13:21:34,96.2,241.7,0.676,9.73199999999999
2026-06-19,13:21:35,96.2,241.7,0.676,9.73199999999999
2026-06-19,13:21:36,96.2,241.7,0.676,9.73199999999999
2026-06-19,13:21:37,96.2,241.7,0.676,9.73199999999999
2026-06-19,13:21:38,96.2,241.7,0.676,9.73199999999999
2026-06-19,13:21:39,96.2,241.7,0.676,9.73199999999999
2026-06-19,13:21:40,96.2,241.7,0.676,9.73199999999999
2026-06-19,13:21:41,96.2,241.7,0.676,9.73199999999999
2026-06-19,13:21:42,96.2,241.7,0.676,9.73199999999999
2026-06-19,13:21:43,96.2,241.7,0.676,9.73199999999999
2026-06-19,13:21:44,96.2,241.7,0.676,9.73199999999999
2026-06-19,13:21:45,96.2,241.7,0.676,9.73199999999999
2026-06-19,13:21:46,96.2,241.7,0.676,9.73199999999999
2026-06-19,13:21:47,96.2,241.7,0.676,9.73199999999999
2026-06-19,13:21:48,96.2,241.7,0.676,9.73199999999999
2026-06-19,13:21:49,96.2,241.7,0.676,9.73199999999999
2026-06-19,13:21:50,96.2,241.7,0.676,9.73199999999999
2026-06-19,13:21:51,96.2,241.7,0.676,9.73199999999999
2026-06-19,13:21:52,96.2,241.7,0.676,9.73199999999999
2026-06-19,13:21:53,96.2,241.7,0.676,9.73199999999999
2026-06-19,13:21:54,96.2,241.7,0.676,9.73199999999999
2026-06-19,13:21:55,96.2,241.7,0.676,9.73199999999999
2026-06-19,13:21:56,96.2,241.7,0.676,9.73199999999999
2026-06-19,13:21:57,96.2,241.7,0.676,9.73199999999999
2026-06-19,13:21:58,96.2,241.7,0.676,9.73199999999999
2026-06-19,13:21:59,96.2,241.7,0.676,9.73199999999999
2026-06-19,13:22:00,96.2,241.7,0.676,9.73199999999999
2026-06-19,13:22:01,96.2,241.7,0.676,9.73199999999999
2026-06-19,13:22:02,96.2,241.7,0.676,9.73199999999999
2026-06-19,13:22:03,96.2,241.7,0.676,9.73199999999999
2026-06-19,13:22:04,96.2,241.7,0.676,9.73199999999999
2026-06-19,13:22:05,96.2,241.7,0.676,9.73199999999999
2026-06-19,13:22:06,96.2,241.7,0.676,9.73199999999999
2026-06-19,13:22:07,96.2,241.7,0.676,9.73199999999999
2026-06-19,13:22:08,96.2,241.7,0.676,9.73199999999999
2026-06-19,13:22:09,96.2,241.7,0.676,9.73199999999999
2026-06-19,13:22:10,96.2,241.7,0.676,9.73199999999999
2026-06-19,13:22:11,96.2,241.7,0.676,9.73199999999999
2026-06-19,13:22:12,96.2,241.7,0.676,9.73199999999999
2026-06-19,13:22:13,96.2,241.7,0.676,9.73199999999999
2026-06-19,13:22:14,96.2,241.7,0.676,9.73199999999999
2026-06-19,13:22:15,96.2,241.7,0.676,9.73199999999999
2026-06-19,13:22:16,96.2,241.7,0.676,9.73199999999999
2026-06-19,13:22:17,96.2,241.7,0.676,9.73199999999999
2026-06-19,13:22:18,96.2,241.7,0.676,9.73199999999999
2026-06-19,13:22:19,96.2,241.7,0.676,9.73199999999999
2026-06-19,13:22:20,96.2,241.7,0.676,9.73199999999999
2026-06-19,13:22:21,96.2,241.7,0.676,9.73199999999999
2026-06-19,13:22:22,96.2,241.7,0.676,9.73199999999999
2026-06-19,13:22:23,96.2,241.7,0.676,9.73199999999999
2026-06-19,13:22:24,96.2,241.7,0.676,9.73199999999999
2026-06-19,13:22:25,96.2,241.7,0.676,9.73199999999999
2026-06-19,13:22:26,96.2,241.7,0.676,9.73199999999999
2026-06-19,13:22:27,96.2,241.7,0.676,9.73199999999999
2026-06-19,13:22:28,96.2,241.7,0.676,9.73199999999999
2026-06-19,13:22:29,96.2,241.7,0.676,9.73199999999999
2026-06-19,13:22:30,96.2,241.7,0.676,9.73199999999999
2026-06-19,13:22:31,96.2,241.7,0.676,9.73199999999999
2026-06-19,13:22:32,96.2,241.7,0.676,9.73199999999999
2026-06-19,13:22:33,96.2,241.7,0.676,9.73199999999999
2026-06-19,13:22:34,96.2,241.7,0.676,9.73199999999999
2026-06-19,13:22:35,96.2,241.7,0.676,9.73199999999999
2026-06-19,13:22:36,96.2,241.7,0.676,9.73199999999999
2026-06-19,13:22:37,96.2,241.7,0.676,9.73199999999999
2026-06-19,13:22:38,96.2,241.7,0.676,9.73199999999999
2026-06-19,13:22:39,96.2,241.7,0.676,9.73199999999999
2026-06-19,13:22:40,96.2,241.7,0.676,9.73199999999999
2026-06-19,13:22:41,96.2,241.7,0.676,9.73199999999999
2026-06-19,13:22:42,96.2,241.7,0.676,9.73199999999999
2026-06-19,13:22:43,96.2,241.7,0.676,9.73199999999999
2026-06-19,13:22:44,96.2,241.7,0.676,9.73199999999999
2026-06-19,13:22:45,96.2,241.7,0.676,9.73199999999999
2026-06-19,13:22:46,96.2,241.7,0.676,9.73199999999999
2026-06-19,13:22:47,96.2,241.7,0.676,9.73199999999999
2026-06-19,13:22:48,96.2,241.7,0.676,9.73199999999999
2026-06-19,13:22:49,96.2,241.7,0.676,9.73199999999999
2026-06-19,13:22:50,96.2,241.7,0.676,9.73199999999999
2026-06-19,13:22:51,96.2,241.7,0.676,9.73199999999999
2026-06-19,13:22:52,96.2,241.7,0.676,9.73199999999999
2026-06-19,13:22:53,96.2,241.7,0.676,9.73199999999999
2026-06-19,13:22:54,96.2,241.7,0.676,9.73199999999999
2026-06-19,13:22:55,96.2,241.7,0.676,9.73199999999999
2026-06-19,13:22:56,96.2,241.7,0.676,9.73199999999999
2026-06-19,13:22:57,96.2,241.7,0.676,9.73199999999999
2026-06-19,13:22:58,96.2,241.7,0.676,9.73199999999999
2026-06-19,13:22:59,96.2,241.7,0.676,9.73199999999999
2026-06-19,13:23:00,96.2,241.7,0.676,9.73199999999999
2026-06-19,13:23:01,96.2,241.7,0.676,9.73199999999999
2026-06-19,13:23:02,96.2,241.7,0.676,9.73199999999999
2026-06-19,13:23:03,96.2,241.7,0.676,9.73199999999999
2026-06-19,13:23:05,96.2,241.7,0.676,9.73199999999999
2026-06-19,13:23:06,96.2,241.7,0.676,9.73199999999999
2026-06-19,13:23:07,96.2,241.7,0.676,9.73199999999999
2026-06-19,13:23:08,96.2,241.7,0.676,9.73199999999999
2026-06-19,13:23:09,96.2,241.7,0.676,9.73199999999999
2026-06-19,13:23:10,96.2,241.7,0.676,9.73199999999999
2026-06-19,13:23:11,96.2,241.7,0.676,9.73199999999999
2026-06-19,13:23:12,96.2,241.7,0.676,9.73199999999999
2026-06-19,13:23:13,96.2,241.7,0.676,9.73199999999999
2026-06-19,13:23:14,96.2,241.7,0.676,9.73199999999999
2026-06-19,13:23:15,96.2,241.7,0.676,9.73199999999999
2026-06-19,13:23:16,96.2,241.7,0.676,9.73199999999999
2026-06-19,13:23:17,96.2,241.7,0.676,9.73199999999999
2026-06-19,13:23:18,96.2,241.7,0.676,9.73199999999999
2026-06-19,13:23:19,96.2,241.7,0.676,9.73199999999999
2026-06-19,13:23:20,96.2,241.7,0.676,9.73199999999999
2026-06-19,13:23:21,96.2,241.7,0.676,9.73199999999999
2026-06-19,13:23:22,96.2,241.7,0.676,9.73199999999999
2026-06-19,13:23:23,96.2,241.7,0.676,9.73199999999999
2026-06-19,13:23:24,96.2,241.7,0.676,9.73199999999999
2026-06-19,13:23:25,96.2,241.7,0.676,9.73199999999999
2026-06-19,13:23:26,96.2,241.7,0.676,9.73199999999999
2026-06-19,13:23:27,96.2,241.7,0.676,9.73199999999999
2026-06-19,13:23:28,96.2,241.7,0.676,9.73199999999999
2026-06-19,13:23:29,96.2,241.7,0.676,9.73199999999999
2026-06-19,13:23:30,96.2,241.7,0.676,9.73199999999999
2026-06-19,13:23:31,96.2,241.7,0.676,9.73199999999999
2026-06-19,13:23:32,96.2,241.7,0.676,9.73199999999999
2026-06-19,13:23:33,96.2,241.7,0.676,9.73199999999999
2026-06-19,13:23:34,96.2,241.7,0.676,9.73199999999999
2026-06-19,13:23:35,96.2,241.7,0.676,9.73199999999999
2026-06-19,13:23:36,96.2,241.7,0.676,9.73199999999999
2026-06-19,13:23:37,96.2,241.7,0.676,9.73199999999999
2026-06-19,13:23:38,96.2,241.7,0.676,9.73199999999999
2026-06-19,13:23:39,96.2,241.7,0.676,9.73199999999999
2026-06-19,13:23:40,96.2,241.7,0.676,9.73199999999999
2026-06-19,13:23:41,96.2,241.7,0.676,9.73199999999999
2026-06-19,13:23:42,96.2,241.7,0.676,9.73199999999999
2026-06-19,13:23:43,96.2,241.7,0.676,9.73199999999999
2026-06-19,13:23:44,96.2,241.7,0.676,9.73199999999999
2026-06-19,13:23:45,96.2,241.7,0.676,9.73199999999999
2026-06-19,13:23:46,96.2,241.7,0.676,9.73199999999999
2026-06-19,13:23:47,96.2,241.7,0.676,9.73199999999999
2026-06-19,13:23:48,96.2,241.7,0.676,9.73199999999999
2026-06-19,13:23:49,96.2,241.7,0.676,9.73199999999999
2026-06-19,13:23:50,96.2,241.7,0.676,9.73199999999999
2026-06-19,13:23:51,96.2,241.7,0.676,9.73199999999999
2026-06-19,13:23:52,96.2,241.7,0.676,9.73199999999999
2026-06-19,13:23:53,96.2,241.7,0.676,9.73199999999999
2026-06-19,13:23:54,96.2,241.7,0.676,9.73199999999999
2026-06-19,13:23:55,96.2,241.7,0.676,9.73199999999999
2026-06-19,13:23:56,96.2,241.7,0.676,9.73199999999999
2026-06-19,13:23:57,96.2,241.7,0.676,9.73199999999999
2026-06-19,13:23:58,96.2,241.7,0.676,9.73199999999999
2026-06-19,13:23:59,96.2,241.7,0.676,9.73199999999999
2026-06-19,13:24:00,96.2,241.7,0.676,9.73199999999999
2026-06-19,13:24:01,96.2,241.7,0.676,9.73199999999999
2026-06-19,13:24:02,96.2,241.7,0.676,9.73199999999999
2026-06-19,13:24:03,96.2,241.7,0.676,9.73199999999999
2026-06-19,13:24:04,96.2,241.7,0.676,9.73199999999999
2026-06-19,13:24:05,96.2,241.7,0.676,9.73199999999999
2026-06-19,13:24:06,96.2,241.7,0.676,9.73199999999999
2026-06-19,13:24:07,96.2,241.7,0.676,9.73199999999999
2026-06-19,13:24:08,96.2,241.7,0.676,9.73199999999999
2026-06-19,13:24:09,96.2,241.7,0.676,9.73199999999999
2026-06-19,13:24:10,96.2,241.7,0.676,9.73199999999999
2026-06-19,13:24:11,96.2,241.7,0.676,9.73199999999999
2026-06-19,13:24:12,96.2,241.7,0.676,9.73199999999999
2026-06-19,13:24:13,96.2,241.7,0.676,9.73199999999999
2026-06-19,13:24:14,96.2,241.7,0.676,9.73199999999999
2026-06-19,13:24:15,96.2,241.7,0.676,9.73199999999999
2026-06-19,13:24:16,96.2,241.7,0.676,9.73199999999999
2026-06-19,13:24:17,96.2,241.7,0.676,9.73199999999999
2026-06-19,13:24:18,96.2,241.7,0.676,9.73199999999999
2026-06-19,13:24:19,96.2,241.7,0.676,9.73199999999999
2026-06-19,13:24:20,96.2,241.7,0.676,9.73199999999999
2026-06-19,13:24:21,96.2,241.7,0.676,9.73199999999999
2026-06-19,13:24:22,96.2,241.7,0.676,9.73199999999999
2026-06-19,13:24:23,96.2,241.7,0.676,9.73199999999999
2026-06-19,13:24:24,96.2,241.7,0.676,9.73199999999999
2026-06-19,13:24:25,96.2,241.7,0.676,9.73199999999999
2026-06-19,13:24:26,96.2,241.7,0.676,9.73199999999999
2026-06-19,13:24:27,96.2,241.7,0.676,9.73199999999999
2026-06-19,13:24:28,96.2,241.7,0.676,9.73199999999999
2026-06-19,13:24:29,96.2,241.7,0.676,9.73199999999999
2026-06-19,13:24:30,96.2,241.7,0.676,9.73199999999999
2026-06-19,13:24:31,96.2,241.7,0.676,9.73199999999999
2026-06-19,13:24:32,96.2,241.7,0.676,9.73199999999999
2026-06-19,13:24:33,96.2,241.7,0.676,9.73199999999999
2026-06-19,13:24:34,96.2,241.7,0.676,9.73199999999999
2026-06-19,13:24:35,96.2,241.7,0.676,9.73199999999999
2026-06-19,13:24:36,96.2,241.7,0.676,9.73199999999999
2026-06-19,13:24:37,96.2,241.7,0.676,9.73199999999999
2026-06-19,13:24:38,96.2,241.7,0.676,9.73199999999999
2026-06-19,13:24:39,96.2,241.7,0.676,9.73199999999999
2026-06-19,13:24:40,96.2,241.7,0.676,9.73199999999999
2026-06-19,13:24:41,96.2,241.7,0.676,9.73199999999999
2026-06-19,13:24:42,96.2,241.7,0.676,9.73199999999999
2026-06-19,13:24:43,96.2,241.7,0.676,9.73199999999999
2026-06-19,13:24:44,96.2,241.7,0.676,9.73199999999999
2026-06-19,13:24:45,96.2,241.7,0.676,9.73199999999999
2026-06-19,13:24:46,96.2,241.7,0.676,9.73199999999999
2026-06-19,13:24:47,96.2,241.7,0.676,9.73199999999999
2026-06-19,13:24:48,96.2,241.7,0.676,9.73199999999999
2026-06-19,13:24:49,96.2,241.7,0.676,9.73199999999999
2026-06-19,13:24:50,96.2,241.7,0.676,9.73199999999999
2026-06-19,13:24:51,96.2,241.7,0.676,9.73199999999999
2026-06-19,13:24:52,96.2,241.7,0.676,9.73199999999999
2026-06-19,13:24:53,96.2,241.7,0.676,9.73199999999999
2026-06-19,13:24:54,96.2,241.7,0.676,9.73199999999999
2026-06-19,13:24:55,96.2,241.7,0.676,9.73199999999999
2026-06-19,13:24:56,96.2,241.7,0.676,9.73199999999999
2026-06-19,13:24:57,96.2,241.7,0.676,9.73199999999999
2026-06-19,13:24:58,96.2,241.7,0.676,9.73199999999999
2026-06-19,13:24:59,96.2,241.7,0.676,9.73199999999999
2026-06-19,13:25:00,96.2,241.7,0.676,9.73199999999999
2026-06-19,13:25:01,96.2,241.7,0.676,9.73199999999999
2026-06-19,13:25:02,96.2,241.7,0.676,9.73199999999999
2026-06-19,13:25:03,96.2,241.7,0.676,9.73199999999999
2026-06-19,13:25:04,96.2,241.7,0.676,9.73199999999999
2026-06-19,13:25:05,96.2,241.7,0.676,9.73199999999999
2026-06-19,13:25:06,96.2,241.7,0.676,9.73199999999999
2026-06-19,13:25:07,96.2,241.7,0.676,9.73199999999999
2026-06-19,13:25:08,96.2,241.7,0.676,9.73199999999999
2026-06-19,13:25:09,96.2,241.7,0.676,9.73199999999999
2026-06-19,13:25:10,96.2,241.7,0.676,9.73199999999999
2026-06-19,13:25:11,96.2,241.7,0.676,9.73199999999999
2026-06-19,13:25:12,96.2,241.7,0.676,9.73199999999999
2026-06-19,13:25:13,96.2,241.7,0.676,9.73199999999999
2026-06-19,13:25:14,96.2,241.7,0.676,9.73199999999999
2026-06-19,13:25:15,96.2,241.7,0.676,9.73199999999999
2026-06-19,13:25:16,96.2,241.7,0.676,9.73199999999999
2026-06-19,13:25:17,96.2,241.7,0.676,9.73199999999999
2026-06-19,13:25:18,96.2,241.7,0.676,9.73199999999999
2026-06-19,13:25:19,96.2,241.7,0.676,9.73199999999999
2026-06-19,13:25:20,96.2,241.7,0.676,9.73199999999999
2026-06-19,13:25:21,96.2,241.7,0.676,9.73199999999999
2026-06-19,13:25:22,96.2,241.7,0.676,9.73199999999999
2026-06-19,13:25:23,96.2,241.7,0.676,9.73199999999999
2026-06-19,13:25:24,96.2,241.7,0.676,9.73199999999999
2026-06-19,13:25:25,96.2,241.7,0.676,9.73199999999999
2026-06-19,13:25:26,96.2,241.7,0.676,9.73199999999999
2026-06-19,13:25:27,96.2,241.7,0.676,9.73199999999999
2026-06-19,13:25:28,96.2,241.7,0.676,9.73199999999999
2026-06-19,13:25:29,96.2,241.7,0.676,9.73199999999999
2026-06-19,13:25:30,96.2,241.7,0.676,9.73199999999999
2026-06-19,13:25:31,96.2,241.7,0.676,9.73199999999999
2026-06-19,13:25:32,96.2,241.7,0.676,9.73199999999999
2026-06-19,13:25:33,96.2,241.7,0.676,9.73199999999999
2026-06-19,13:25:34,96.2,241.7,0.676,9.73199999999999
2026-06-19,13:25:35,96.2,241.7,0.676,9.73199999999999
2026-06-19,13:25:36,96.2,241.7,0.676,9.73199999999999
2026-06-19,13:25:37,96.2,241.7,0.676,9.73199999999999
2026-06-19,13:25:38,96.2,241.7,0.676,9.73199999999999
2026-06-19,13:25:39,96.2,241.7,0.676,9.73199999999999
2026-06-19,13:25:40,96.2,241.7,0.676,9.73199999999999
2026-06-19,13:25:41,96.2,241.7,0.676,9.73199999999999
2026-06-19,13:25:42,96.2,241.7,0.676,9.73199999999999
2026-06-19,13:25:43,96.2,241.7,0.676,9.73199999999999
2026-06-19,13:25:44,96.2,241.7,0.676,9.73199999999999
2026-06-19,13:25:45,96.2,241.7,0.676,9.73199999999999
2026-06-19,13:25:46,96.2,241.7,0.676,9.73199999999999
2026-06-19,13:25:47,96.2,241.7,0.676,9.73199999999999
2026-06-19,13:25:48,96.2,241.7,0.676,9.73199999999999
2026-06-19,13:25:49,96.2,241.7,0.676,9.73199999999999
2026-06-19,13:25:50,96.2,241.7,0.676,9.73199999999999
2026-06-19,13:25:52,96.2,241.7,0.676,9.73199999999999
2026-06-19,13:25:53,96.2,241.7,0.676,9.73199999999999
2026-06-19,13:25:54,96.2,241.7,0.676,9.73199999999999
2026-06-19,13:25:55,96.2,241.7,0.676,9.73199999999999
2026-06-19,13:25:56,96.2,241.7,0.676,9.73199999999999
2026-06-19,13:25:57,96.2,241.7,0.676,9.73199999999999
2026-06-19,13:25:58,96.2,241.7,0.676,9.73199999999999
2026-06-19,13:25:59,96.2,241.7,0.676,9.73199999999999
2026-06-19,13:26:00,96.2,241.7,0.676,9.73199999999999
2026-06-19,13:26:01,96.2,241.7,0.676,9.73199999999999
2026-06-19,13:26:02,96.2,241.7,0.676,9.73199999999999
2026-06-19,13:26:03,96.2,241.7,0.676,9.73199999999999
2026-06-19,13:26:04,96.2,241.7,0.676,9.73199999999999
2026-06-19,13:26:05,96.2,241.7,0.676,9.73199999999999
2026-06-19,13:26:06,96.2,241.7,0.676,9.73199999999999
2026-06-19,13:26:07,96.2,241.7,0.676,9.73199999999999
2026-06-19,13:26:08,96.2,241.7,0.676,9.73199999999999
2026-06-19,13:26:09,96.2,241.7,0.676,9.73199999999999
2026-06-19,13:26:10,96.2,241.7,0.676,9.73199999999999
2026-06-19,13:26:11,96.2,241.7,0.676,9.73199999999999
2026-06-19,13:26:12,96.2,241.7,0.676,9.73199999999999
2026-06-19,13:26:13,96.2,241.7,0.676,9.73199999999999
2026-06-19,13:26:14,96.2,241.7,0.676,9.73199999999999
2026-06-19,13:26:15,96.2,241.7,0.676,9.73199999999999
2026-06-19,13:26:16,96.2,241.7,0.676,9.73199999999999
2026-06-19,13:26:17,96.2,241.7,0.676,9.73199999999999
2026-06-19,13:26:18,96.2,241.7,0.676,9.73199999999999
2026-06-19,13:26:19,96.2,241.7,0.676,9.73199999999999
2026-06-19,13:26:20,96.2,241.7,0.676,9.73199999999999
2026-06-19,13:26:21,96.2,241.7,0.676,9.73199999999999
2026-06-19,13:26:22,96.2,241.7,0.676,9.73199999999999
2026-06-19,13:26:23,96.2,241.7,0.676,9.73199999999999
2026-06-19,13:26:24,96.2,241.7,0.676,9.73199999999999
2026-06-19,13:26:25,96.2,241.7,0.676,9.73199999999999
2026-06-19,13:26:26,96.2,241.7,0.676,9.73199999999999
2026-06-19,13:26:27,96.2,241.7,0.676,9.73199999999999
2026-06-19,13:26:28,96.2,241.7,0.676,9.73199999999999
2026-06-19,13:26:29,96.2,241.7,0.676,9.73199999999999
2026-06-19,13:26:30,96.2,241.7,0.676,9.73199999999999
2026-06-19,13:26:31,96.2,241.7,0.676,9.73199999999999
2026-06-19,13:26:32,96.2,241.7,0.676,9.73199999999999
2026-06-19,13:26:33,96.2,241.7,0.676,9.73199999999999
2026-06-19,13:26:34,96.2,241.7,0.676,9.73199999999999
2026-06-19,13:26:35,96.2,241.7,0.676,9.73199999999999
2026-06-19,13:26:36,96.2,241.7,0.676,9.73199999999999
2026-06-19,13:26:37,96.2,241.7,0.676,9.73199999999999
2026-06-19,13:26:38,96.2,241.7,0.676,9.73199999999999
2026-06-19,13:26:39,96.2,241.7,0.676,9.73199999999999
2026-06-19,13:26:40,96.2,241.7,0.676,9.73199999999999
2026-06-19,13:26:41,96.2,241.7,0.676,9.73199999999999
2026-06-19,13:26:42,96.2,241.7,0.676,9.73199999999999
2026-06-19,13:26:43,96.2,241.7,0.676,9.73199999999999
2026-06-19,13:26:44,96.2,241.7,0.676,9.73199999999999
2026-06-19,13:26:45,96.2,241.7,0.676,9.73199999999999
2026-06-19,13:26:46,96.2,241.7,0.676,9.73199999999999
2026-06-19,13:26:47,96.2,241.7,0.676,9.73199999999999
2026-06-19,13:26:48,96.2,241.7,0.676,9.73199999999999
2026-06-19,13:26:49,96.2,241.7,0.676,9.73199999999999
2026-06-19,13:26:50,96.2,241.7,0.676,9.73199999999999
2026-06-19,13:26:51,96.2,241.7,0.676,9.73199999999999
2026-06-19,13:26:52,96.2,241.7,0.676,9.73199999999999
2026-06-19,13:26:53,96.2,241.7,0.676,9.73199999999999
2026-06-19,13:26:54,96.2,241.7,0.676,9.73199999999999
2026-06-19,13:26:55,96.2,241.7,0.676,9.73199999999999
2026-06-19,13:26:56,96.2,241.7,0.676,9.73199999999999
2026-06-19,13:26:57,96.2,241.7,0.676,9.73199999999999
2026-06-19,13:26:58,96.2,241.7,0.676,9.73199999999999
2026-06-19,13:26:59,96.2,241.7,0.676,9.73199999999999
2026-06-19,13:27:00,96.2,241.7,0.676,9.73199999999999
2026-06-19,13:27:01,96.2,241.7,0.676,9.73199999999999
2026-06-19,13:27:02,96.2,241.7,0.676,9.73199999999999
2026-06-19,13:27:03,96.2,241.7,0.676,9.73199999999999
2026-06-19,13:27:04,96.2,241.7,0.676,9.73199999999999
2026-06-19,13:27:05,96.2,241.7,0.676,9.73199999999999
2026-06-19,13:27:06,96.2,241.7,0.676,9.73199999999999
2026-06-19,13:27:07,96.2,241.7,0.676,9.73199999999999
2026-06-19,13:27:08,96.2,241.7,0.676,9.73199999999999
2026-06-19,13:27:09,96.2,241.7,0.676,9.73199999999999
2026-06-19,13:27:10,96.2,241.7,0.676,9.73199999999999
2026-06-19,13:27:11,96.2,241.7,0.676,9.73199999999999
2026-06-19,13:27:12,96.2,241.7,0.676,9.73199999999999
2026-06-19,13:27:13,96.2,241.7,0.676,9.73199999999999
2026-06-19,13:27:14,96.2,241.7,0.676,9.73199999999999
2026-06-19,13:27:15,96.2,241.7,0.676,9.73199999999999
2026-06-19,13:27:16,96.2,241.7,0.676,9.73199999999999
2026-06-19,13:27:17,96.2,241.7,0.676,9.73199999999999
2026-06-19,13:27:18,96.2,241.7,0.676,9.73199999999999
2026-06-19,13:27:19,96.2,241.7,0.676,9.73199999999999
2026-06-19,13:27:20,96.2,241.7,0.676,9.73199999999999
2026-06-19,13:27:21,96.2,241.7,0.676,9.73199999999999
2026-06-19,13:27:22,96.2,241.7,0.676,9.73199999999999
2026-06-19,13:27:23,96.2,241.7,0.676,9.73199999999999
2026-06-19,13:27:24,96.2,241.7,0.676,9.73199999999999
2026-06-19,13:27:25,96.2,241.7,0.676,9.73199999999999
2026-06-19,13:27:26,96.2,241.7,0.676,9.73199999999999
2026-06-19,13:27:27,96.2,241.7,0.676,9.73199999999999
2026-06-19,13:27:28,96.2,241.7,0.676,9.73199999999999
2026-06-19,13:27:29,96.2,241.7,0.676,9.73199999999999
2026-06-19,13:27:30,96.2,241.7,0.676,9.73199999999999
2026-06-19,13:27:31,96.2,241.7,0.676,9.73199999999999
2026-06-19,13:27:32,96.2,241.7,0.676,9.73199999999999
2026-06-19,13:27:33,96.2,241.7,0.676,9.73199999999999
2026-06-19,13:27:34,96.2,241.7,0.676,9.73199999999999
2026-06-19,13:27:35,96.2,241.7,0.676,9.73199999999999
2026-06-19,13:27:36,96.2,241.7,0.676,9.73199999999999
2026-06-19,13:27:37,96.2,241.7,0.676,9.73199999999999
2026-06-19,13:27:38,96.2,241.7,0.676,9.73199999999999
2026-06-19,13:27:39,96.2,241.7,0.676,9.73199999999999
2026-06-19,13:27:40,96.2,241.7,0.676,9.73199999999999
2026-06-19,13:27:41,96.2,241.7,0.676,9.73199999999999
2026-06-19,13:27:42,96.2,241.7,0.676,9.73199999999999
2026-06-19,13:27:43,96.2,241.7,0.676,9.73199999999999
2026-06-19,13:27:44,96.2,241.7,0.676,9.73199999999999
2026-06-19,13:27:45,96.2,241.7,0.676,9.73199999999999
2026-06-19,13:27:46,96.2,241.7,0.676,9.73199999999999
2026-06-19,13:27:47,96.2,241.7,0.676,9.73199999999999
2026-06-19,13:27:48,96.2,241.7,0.676,9.73199999999999
2026-06-19,13:27:49,96.2,241.7,0.676,9.73199999999999
2026-06-19,13:27:50,96.2,241.7,0.676,9.73199999999999
2026-06-19,13:27:51,96.2,241.7,0.676,9.73199999999999
2026-06-19,13:27:52,96.2,241.7,0.676,9.73199999999999
2026-06-19,13:27:53,96.2,241.7,0.676,9.73199999999999
2026-06-19,13:27:54,96.2,241.7,0.676,9.73199999999999
2026-06-19,13:27:55,96.2,241.7,0.676,9.73199999999999
2026-06-19,13:27:56,96.2,241.7,0.676,9.73199999999999
2026-06-19,13:27:57,96.2,241.7,0.676,9.73199999999999
2026-06-19,13:27:58,96.2,241.7,0.676,9.73199999999999
2026-06-19,13:27:59,96.2,241.7,0.676,9.73199999999999
2026-06-19,13:28:00,96.2,241.7,0.676,9.73199999999999
2026-06-19,13:28:01,96.2,241.7,0.676,9.73199999999999
2026-06-19,13:28:02,96.2,241.7,0.676,9.73199999999999
2026-06-19,13:28:03,96.2,241.7,0.676,9.73199999999999
2026-06-19,13:28:04,96.2,241.7,0.676,9.73199999999999
2026-06-19,13:28:05,96.2,241.7,0.676,9.73199999999999
2026-06-19,13:28:06,96.2,241.7,0.676,9.73199999999999
2026-06-19,13:28:07,96.2,241.7,0.676,9.73199999999999
2026-06-19,13:28:08,96.2,241.7,0.676,9.73199999999999
2026-06-19,13:28:09,96.2,241.7,0.676,9.73199999999999
2026-06-19,13:28:10,96.2,241.7,0.676,9.73199999999999
2026-06-19,13:28:11,96.2,241.7,0.676,9.73199999999999
2026-06-19,13:28:12,96.2,241.7,0.676,9.73199999999999
2026-06-19,13:28:13,96.2,241.7,0.676,9.73199999999999
2026-06-19,13:28:14,96.2,241.7,0.676,9.73199999999999
2026-06-19,13:28:15,96.2,241.7,0.676,9.73199999999999
2026-06-19,13:28:16,96.2,241.7,0.676,9.73199999999999
2026-06-19,13:28:17,96.2,241.7,0.676,9.73199999999999
2026-06-19,13:28:18,96.2,241.7,0.676,9.73199999999999
2026-06-19,13:28:19,96.2,241.7,0.676,9.73199999999999
2026-06-19,13:28:20,96.2,241.7,0.676,9.73199999999999
2026-06-19,13:28:21,96.2,241.7,0.676,9.73199999999999
2026-06-19,13:28:22,96.2,241.7,0.676,9.73199999999999
2026-06-19,13:28:23,96.2,241.7,0.676,9.73199999999999
2026-06-19,13:28:24,96.2,241.7,0.676,9.73199999999999
2026-06-19,13:28:25,96.2,241.7,0.676,9.73199999999999
2026-06-19,13:28:26,96.2,241.7,0.676,9.73199999999999
2026-06-19,13:28:27,96.2,241.7,0.676,9.73199999999999
2026-06-19,13:28:28,96.2,241.7,0.676,9.73199999999999
2026-06-19,13:28:29,96.2,241.7,0.676,9.73199999999999
2026-06-19,13:28:30,96.2,241.7,0.676,9.73199999999999
2026-06-19,13:28:31,96.2,241.7,0.676,9.73199999999999
2026-06-19,13:28:32,96.2,241.7,0.676,9.73199999999999
2026-06-19,13:28:33,96.2,241.7,0.676,9.73199999999999
2026-06-19,13:28:34,96.2,241.7,0.676,9.73199999999999
2026-06-19,13:28:35,96.2,241.7,0.676,9.73199999999999
2026-06-19,13:28:36,96.2,241.7,0.676,9.73199999999999
2026-06-19,13:28:37,96.2,241.7,0.676,9.73199999999999
2026-06-19,13:28:38,96.2,241.7,0.676,9.73199999999999
2026-06-19,13:28:39,96.2,241.7,0.676,9.73199999999999
2026-06-19,13:28:40,96.2,241.7,0.676,9.73199999999999
2026-06-19,13:28:41,96.2,241.7,0.676,9.73199999999999
2026-06-19,13:28:42,96.2,241.7,0.676,9.73199999999999
2026-06-19,13:28:43,96.2,241.7,0.676,9.73199999999999
2026-06-19,13:28:44,96.2,241.7,0.676,9.73199999999999
2026-06-19,13:28:45,96.2,241.7,0.676,9.73199999999999
2026-06-19,13:28:46,96.2,241.7,0.676,9.73199999999999
2026-06-19,13:28:47,96.2,241.7,0.676,9.73199999999999
2026-06-19,13:28:48,96.2,241.7,0.676,9.73199999999999
2026-06-19,13:28:49,96.2,241.7,0.676,9.73199999999999
2026-06-19,13:28:50,96.2,241.7,0.676,9.73199999999999
2026-06-19,13:28:51,96.2,241.7,0.676,9.73199999999999
2026-06-19,13:28:53,96.2,241.7,0.676,9.73199999999999
2026-06-19,13:28:54,96.2,241.7,0.676,9.73199999999999
2026-06-19,13:28:55,96.2,241.7,0.676,9.73199999999999
2026-06-19,13:28:56,96.2,241.7,0.676,9.73199999999999
2026-06-19,13:28:57,96.2,241.7,0.676,9.73199999999999
2026-06-19,13:28:58,96.2,241.7,0.676,9.73199999999999
2026-06-19,13:28:59,96.2,241.7,0.676,9.73199999999999
2026-06-19,13:29:00,96.2,241.7,0.676,9.73199999999999
2026-06-19,13:29:01,96.2,241.7,0.676,9.73199999999999
2026-06-19,13:29:02,96.2,241.7,0.676,9.73199999999999
2026-06-19,13:29:03,96.2,241.7,0.676,9.73199999999999
2026-06-19,13:29:04,96.2,241.7,0.676,9.73199999999999
2026-06-19,13:29:05,96.2,241.7,0.676,9.73199999999999
2026-06-19,13:29:06,96.2,241.7,0.676,9.73199999999999
2026-06-19,13:29:07,96.2,241.7,0.676,9.73199999999999
2026-06-19,13:29:08,96.2,241.7,0.676,9.73199999999999
2026-06-19,13:29:09,96.2,241.7,0.676,9.73199999999999
2026-06-19,13:29:10,96.2,241.7,0.676,9.73199999999999
2026-06-19,13:29:11,96.2,241.7,0.676,9.73199999999999
2026-06-19,13:29:12,96.2,241.7,0.676,9.73199999999999
2026-06-19,13:29:13,96.2,241.7,0.676,9.73199999999999
2026-06-19,13:29:14,96.2,241.7,0.676,9.73199999999999
2026-06-19,13:29:15,96.2,241.7,0.676,9.73199999999999
2026-06-19,13:29:16,96.2,241.7,0.676,9.73199999999999
2026-06-19,13:29:17,96.2,241.7,0.676,9.73199999999999
2026-06-19,13:29:18,96.2,241.7,0.676,9.73199999999999
2026-06-19,13:29:19,96.2,241.7,0.676,9.73199999999999
2026-06-19,13:29:20,96.2,241.7,0.676,9.73199999999999
2026-06-19,13:29:21,96.2,241.7,0.676,9.73199999999999
2026-06-19,13:29:22,96.2,241.7,0.676,9.73199999999999
2026-06-19,13:29:23,96.2,241.7,0.676,9.73199999999999
2026-06-19,13:29:24,96.2,241.7,0.676,9.73199999999999
2026-06-19,13:29:25,96.2,241.7,0.676,9.73199999999999
2026-06-19,13:29:26,96.2,241.7,0.676,9.73199999999999
2026-06-19,13:29:27,96.2,241.7,0.676,9.73199999999999
2026-06-19,13:29:28,96.2,241.7,0.676,9.73199999999999
2026-06-19,13:29:29,96.2,241.7,0.676,9.73199999999999
2026-06-19,13:29:30,96.2,241.7,0.676,9.73199999999999
2026-06-19,13:29:31,96.2,241.7,0.676,9.73199999999999
2026-06-19,13:29:32,96.2,241.7,0.676,9.73199999999999
2026-06-19,13:29:33,96.2,241.7,0.676,9.73199999999999
2026-06-19,13:29:34,96.2,241.7,0.676,9.73199999999999
2026-06-19,13:29:35,96.2,241.7,0.676,9.73199999999999
2026-06-19,13:29:36,96.2,241.7,0.676,9.73199999999999
2026-06-19,13:29:37,96.2,241.7,0.676,9.73199999999999
2026-06-19,13:29:38,96.2,241.7,0.676,9.73199999999999
2026-06-19,13:29:39,96.2,241.7,0.676,9.78099999999999
2026-06-19,13:29:40,96.2,241.7,0.676,9.78099999999999
2026-06-19,13:29:41,96.2,241.7,0.676,9.78099999999999
2026-06-19,13:29:42,96.2,241.7,0.676,9.78099999999999
2026-06-19,13:29:43,96.2,241.7,0.676,9.78099999999999
2026-06-19,13:29:44,96.2,241.7,0.676,9.78099999999999
2026-06-19,13:29:45,96.2,241.7,0.676,9.78099999999999
2026-06-19,13:29:46,96.2,241.7,0.676,9.78099999999999
2026-06-19,13:29:47,96.2,241.7,0.676,9.78099999999999
2026-06-19,13:29:48,72.9,243.1,0.539,9.78099999999999
2026-06-19,13:29:49,72.9,243.1,0.539,9.78099999999999
2026-06-19,13:29:50,72.9,243.1,0.539,9.78099999999999
2026-06-19,13:29:51,72.9,243.1,0.539,9.78099999999999
2026-06-19,13:29:52,72.9,243.1,0.539,9.78099999999999
2026-06-19,13:29:53,72.9,243.1,0.539,9.78099999999999
2026-06-19,13:29:54,72.9,243.1,0.539,9.78099999999999
2026-06-19,13:29:55,72.9,243.1,0.539,9.78099999999999
2026-06-19,13:29:56,72.9,243.1,0.539,9.78099999999999
2026-06-19,13:29:57,72.9,243.1,0.539,9.78099999999999
2026-06-19,13:29:58,72.9,243.1,0.539,9.78099999999999
2026-06-19,13:29:59,72.9,243.1,0.539,9.78099999999999
2026-06-19,13:30:00,72.9,243.1,0.539,9.78099999999999
2026-06-19,13:30:01,72.9,243.1,0.539,9.78099999999999
2026-06-19,13:30:02,72.9,243.1,0.539,9.78099999999999
2026-06-19,13:30:03,72.9,243.1,0.539,9.78099999999999
2026-06-19,13:30:04,72.9,243.1,0.539,9.78099999999999
2026-06-19,13:30:05,72.9,243.1,0.539,9.78099999999999
2026-06-19,13:30:06,72.9,243.1,0.539,9.78099999999999
2026-06-19,13:30:07,72.9,243.1,0.539,9.78099999999999
2026-06-19,13:30:08,72.9,243.1,0.539,9.78099999999999
2026-06-19,13:30:09,72.9,243.1,0.539,9.78099999999999
2026-06-19,13:30:10,72.9,243.1,0.539,9.78099999999999
2026-06-19,13:30:11,72.9,243.1,0.539,9.78099999999999
2026-06-19,13:30:12,72.9,243.1,0.539,9.78099999999999
2026-06-19,13:30:13,72.9,243.1,0.539,9.78099999999999
2026-06-19,13:30:14,72.9,243.1,0.539,9.78099999999999
2026-06-19,13:30:15,72.9,243.1,0.539,9.78099999999999
2026-06-19,13:30:16,72.9,243.1,0.539,9.78099999999999
2026-06-19,13:30:17,72.9,243.1,0.539,9.78099999999999
2026-06-19,13:30:18,72.9,243.1,0.539,9.78099999999999
2026-06-19,13:30:19,72.9,243.1,0.539,9.78099999999999
2026-06-19,13:30:20,72.9,243.1,0.539,9.78099999999999
2026-06-19,13:30:21,72.9,243.1,0.539,9.78099999999999
2026-06-19,13:30:22,96.2,241.8,0.68,9.78099999999999
2026-06-19,13:30:23,96.2,241.8,0.68,9.78099999999999
2026-06-19,13:30:24,96.2,241.8,0.68,9.78099999999999
2026-06-19,13:30:25,96.2,241.8,0.68,9.78099999999999
2026-06-19,13:30:26,96.2,241.8,0.68,9.78099999999999
2026-06-19,13:30:27,96.2,241.8,0.68,9.78099999999999
2026-06-19,13:30:28,96.2,241.8,0.68,9.78099999999999
2026-06-19,13:30:29,96.2,241.8,0.68,9.78099999999999
2026-06-19,13:30:30,96.2,241.8,0.68,9.78099999999999
2026-06-19,13:30:31,96.2,241.8,0.68,9.78099999999999
2026-06-19,13:30:32,96.2,241.8,0.68,9.78099999999999
2026-06-19,13:30:33,96.2,241.8,0.68,9.78099999999999
2026-06-19,13:30:34,96.2,241.8,0.68,9.78099999999999
2026-06-19,13:30:35,96.2,241.8,0.68,9.78099999999999
2026-06-19,13:30:36,96.2,241.8,0.68,9.78099999999999
2026-06-19,13:30:37,96.2,241.8,0.68,9.78099999999999
2026-06-19,13:30:38,96.2,241.8,0.68,9.78099999999999
2026-06-19,13:30:39,96.2,241.8,0.68,9.78099999999999
2026-06-19,13:30:40,96.2,241.8,0.68,9.78099999999999
2026-06-19,13:30:41,96.2,241.8,0.68,9.78099999999999
2026-06-19,13:30:42,96.2,241.8,0.68,9.78099999999999
2026-06-19,13:30:43,96.2,241.8,0.68,9.78099999999999
2026-06-19,13:30:44,96.2,241.8,0.68,9.78099999999999
2026-06-19,13:30:45,96.2,241.8,0.68,9.78099999999999
2026-06-19,13:30:46,96.2,241.8,0.68,9.78099999999999
2026-06-19,13:30:47,96.2,241.8,0.68,9.78099999999999
2026-06-19,13:30:48,96.2,241.8,0.68,9.78099999999999
2026-06-19,13:30:49,96.2,241.8,0.68,9.78099999999999
2026-06-19,13:30:50,96.2,241.8,0.68,9.78099999999999
2026-06-19,13:30:51,96.2,241.8,0.68,9.78099999999999
2026-06-19,13:30:52,96.2,241.8,0.68,9.78099999999999
2026-06-19,13:30:53,96.2,241.8,0.68,9.78099999999999
2026-06-19,13:30:54,96.2,241.8,0.68,9.78099999999999
2026-06-19,13:30:55,96.2,241.8,0.68,9.78099999999999
2026-06-19,13:30:56,96.2,241.8,0.68,9.78099999999999
2026-06-19,13:30:57,96.2,241.8,0.68,9.78099999999999
2026-06-19,13:30:58,96.2,241.8,0.68,9.78099999999999
2026-06-19,13:30:59,96.2,241.8,0.68,9.78099999999999
2026-06-19,13:31:00,96.2,241.8,0.68,9.78099999999999
2026-06-19,13:31:01,96.2,241.8,0.68,9.78099999999999
2026-06-19,13:31:02,96.2,241.8,0.68,9.78099999999999
2026-06-19,13:31:03,96.2,241.8,0.68,9.78099999999999
2026-06-19,13:31:04,96.2,241.8,0.68,9.78099999999999
2026-06-19,13:31:05,96.2,241.8,0.68,9.78099999999999
2026-06-19,13:31:06,96.2,241.8,0.68,9.78099999999999
2026-06-19,13:31:07,96.2,241.8,0.68,9.78099999999999
2026-06-19,13:31:08,96.2,241.8,0.68,9.78099999999999
2026-06-19,13:31:09,96.2,241.8,0.68,9.78099999999999
2026-06-19,13:31:10,96.2,241.8,0.68,9.78099999999999
2026-06-19,13:31:11,96.2,241.8,0.68,9.78099999999999
2026-06-19,13:31:12,96.2,241.8,0.68,9.78099999999999
2026-06-19,13:31:13,96.2,241.8,0.68,9.78099999999999
2026-06-19,13:31:14,96.2,241.8,0.68,9.78099999999999
2026-06-19,13:31:15,96.2,241.8,0.68,9.78099999999999
2026-06-19,13:31:16,96.2,241.8,0.68,9.78099999999999
2026-06-19,13:31:17,96.2,241.8,0.68,9.78099999999999
2026-06-19,13:31:18,96.2,241.8,0.68,9.78099999999999
2026-06-19,13:31:19,96.2,241.8,0.68,9.78099999999999
2026-06-19,13:31:20,96.2,241.8,0.68,9.78099999999999
2026-06-19,13:31:21,96.2,241.8,0.68,9.78099999999999
2026-06-19,13:31:22,96.2,241.8,0.68,9.78099999999999
2026-06-19,13:31:24,96.2,241.8,0.68,9.78099999999999
2026-06-19,13:31:25,96.2,241.8,0.68,9.78099999999999
2026-06-19,13:31:26,96.2,241.8,0.68,9.78099999999999
2026-06-19,13:31:27,96.2,241.8,0.68,9.78099999999999
2026-06-19,13:31:28,96.2,241.8,0.68,9.78099999999999
2026-06-19,13:31:29,96.2,241.8,0.68,9.78099999999999
2026-06-19,13:31:30,96.2,241.8,0.68,9.78099999999999
2026-06-19,13:31:31,96.2,241.8,0.68,9.78099999999999
2026-06-19,13:31:32,96.2,241.8,0.68,9.78099999999999
2026-06-19,13:31:33,96.2,241.8,0.68,9.78099999999999
2026-06-19,13:31:34,96.2,241.8,0.68,9.78099999999999
2026-06-19,13:31:35,96.2,241.8,0.68,9.78099999999999
2026-06-19,13:31:36,96.2,241.8,0.68,9.78099999999999
2026-06-19,13:31:37,96.2,241.8,0.68,9.78099999999999
2026-06-19,13:31:38,96.2,241.8,0.68,9.78099999999999
2026-06-19,13:31:39,96.2,241.8,0.68,9.78099999999999
2026-06-19,13:31:40,96.2,241.8,0.68,9.78099999999999
2026-06-19,13:31:41,96.2,241.8,0.68,9.78099999999999
2026-06-19,13:31:42,96.2,241.8,0.68,9.78099999999999
2026-06-19,13:31:43,96.2,241.8,0.68,9.78099999999999
2026-06-19,13:31:44,96.2,241.8,0.68,9.78099999999999
2026-06-19,13:31:45,96.2,241.8,0.68,9.78099999999999
2026-06-19,13:31:46,96.2,241.8,0.68,9.78099999999999
2026-06-19,13:31:47,96.2,241.8,0.68,9.78099999999999
2026-06-19,13:31:48,96.2,241.8,0.68,9.78099999999999
2026-06-19,13:31:49,96.2,241.8,0.68,9.78099999999999
2026-06-19,13:31:50,96.2,241.8,0.68,9.78099999999999
2026-06-19,13:31:51,96.2,241.8,0.68,9.78099999999999
2026-06-19,13:31:52,96.2,241.8,0.68,9.78099999999999
2026-06-19,13:31:53,96.2,241.8,0.68,9.78099999999999
2026-06-19,13:31:54,96.2,241.8,0.68,9.78099999999999
2026-06-19,13:31:55,96.2,241.8,0.68,9.78099999999999
2026-06-19,13:31:56,96.2,241.8,0.68,9.78099999999999
2026-06-19,13:31:57,96.2,241.8,0.68,9.78099999999999
2026-06-19,13:31:58,96.2,241.8,0.68,9.78099999999999
2026-06-19,13:31:59,96.2,241.8,0.68,9.78099999999999
2026-06-19,13:32:00,96.2,241.8,0.68,9.78099999999999
2026-06-19,13:32:01,96.2,241.8,0.68,9.78099999999999
2026-06-19,13:32:02,96.2,241.8,0.68,9.78099999999999
2026-06-19,13:32:03,96.2,241.8,0.68,9.78099999999999
2026-06-19,13:32:04,96.2,241.8,0.68,9.78099999999999
2026-06-19,13:32:05,96.2,241.8,0.68,9.78099999999999
2026-06-19,13:32:06,96.2,241.8,0.68,9.78099999999999
2026-06-19,13:32:07,96.2,241.8,0.68,9.78099999999999
2026-06-19,13:32:08,96.2,241.8,0.68,9.78099999999999
2026-06-19,13:32:09,96.2,241.8,0.68,9.78099999999999
2026-06-19,13:32:10,96.2,241.8,0.68,9.78099999999999
2026-06-19,13:32:11,96.2,241.8,0.68,9.78099999999999
2026-06-19,13:32:12,96.2,241.8,0.68,9.78099999999999
2026-06-19,13:32:13,96.2,241.8,0.68,9.78099999999999
2026-06-19,13:32:14,96.2,241.8,0.68,9.78099999999999
2026-06-19,13:32:15,96.2,241.8,0.68,9.78099999999999
2026-06-19,13:32:16,96.2,241.8,0.68,9.78099999999999
2026-06-19,13:32:17,96.2,241.8,0.68,9.78099999999999
2026-06-19,13:32:18,96.2,241.8,0.68,9.78099999999999
2026-06-19,13:32:19,96.2,241.8,0.68,9.78099999999999
2026-06-19,13:32:20,96.2,241.8,0.68,9.78099999999999
2026-06-19,13:32:21,96.2,241.8,0.68,9.78099999999999
2026-06-19,13:32:22,96.2,241.8,0.68,9.78099999999999
2026-06-19,13:32:23,96.2,241.8,0.68,9.78099999999999
2026-06-19,13:32:24,96.2,241.8,0.68,9.78099999999999
2026-06-19,13:32:25,96.2,241.8,0.68,9.78099999999999
2026-06-19,13:32:26,96.2,241.8,0.68,9.78099999999999
2026-06-19,13:32:27,96.2,241.8,0.68,9.78099999999999
2026-06-19,13:32:28,96.2,241.8,0.68,9.78099999999999
2026-06-19,13:32:29,96.2,241.8,0.68,9.78099999999999
2026-06-19,13:32:30,96.2,241.8,0.68,9.78099999999999
2026-06-19,13:32:31,96.2,241.8,0.68,9.78099999999999
2026-06-19,13:32:32,96.2,241.8,0.68,9.78099999999999
2026-06-19,13:32:33,96.2,241.8,0.68,9.78099999999999
2026-06-19,13:32:34,96.2,241.8,0.68,9.78099999999999
2026-06-19,13:32:35,96.2,241.8,0.68,9.78099999999999
2026-06-19,13:32:36,96.2,241.8,0.68,9.78099999999999
2026-06-19,13:32:37,96.2,241.8,0.68,9.78099999999999
2026-06-19,13:32:38,96.2,241.8,0.68,9.78099999999999
2026-06-19,13:32:39,96.2,241.8,0.68,9.78099999999999
2026-06-19,13:32:40,96.2,241.8,0.68,9.78099999999999
2026-06-19,13:32:41,96.2,241.8,0.68,9.78099999999999
2026-06-19,13:32:42,96.2,241.8,0.68,9.78099999999999
2026-06-19,13:32:43,96.2,241.8,0.68,9.78099999999999
2026-06-19,13:32:44,96.2,241.8,0.68,9.78099999999999
2026-06-19,13:32:45,96.2,241.8,0.68,9.78099999999999
2026-06-19,13:32:46,96.2,241.8,0.68,9.78099999999999
2026-06-19,13:32:47,96.2,241.8,0.68,9.78099999999999
2026-06-19,13:32:48,96.2,241.8,0.68,9.78099999999999
2026-06-19,13:32:49,96.2,241.8,0.68,9.78099999999999
2026-06-19,13:32:50,96.2,241.8,0.68,9.78099999999999
2026-06-19,13:32:51,96.2,241.8,0.68,9.78099999999999
2026-06-19,13:32:52,96.2,241.8,0.68,9.78099999999999
2026-06-19,13:32:53,96.2,241.8,0.68,9.78099999999999
2026-06-19,13:32:54,96.2,241.8,0.68,9.78099999999999
2026-06-19,13:32:55,96.2,241.8,0.68,9.78099999999999
2026-06-19,13:32:56,96.2,241.8,0.68,9.78099999999999
2026-06-19,13:32:57,96.2,241.8,0.68,9.78099999999999
2026-06-19,13:32:58,96.2,241.8,0.68,9.78099999999999
2026-06-19,13:32:59,96.2,241.8,0.68,9.78099999999999
2026-06-19,13:33:00,96.2,241.8,0.68,9.78099999999999
2026-06-19,13:33:01,96.2,241.8,0.68,9.78099999999999
2026-06-19,13:33:02,96.2,241.8,0.68,9.78099999999999
2026-06-19,13:33:03,96.2,241.8,0.68,9.78099999999999
2026-06-19,13:33:04,96.2,241.8,0.68,9.78099999999999
2026-06-19,13:33:05,96.2,241.8,0.68,9.78099999999999
2026-06-19,13:33:06,96.2,241.8,0.68,9.78099999999999
2026-06-19,13:33:07,96.2,241.8,0.68,9.78099999999999
2026-06-19,13:33:08,96.2,241.8,0.68,9.78099999999999
2026-06-19,13:33:09,96.2,241.8,0.68,9.78099999999999
2026-06-19,13:33:10,96.2,241.8,0.68,9.78099999999999
2026-06-19,13:33:11,96.2,241.8,0.68,9.78099999999999
2026-06-19,13:33:12,96.2,241.8,0.68,9.78099999999999
2026-06-19,13:33:13,96.2,241.8,0.68,9.78099999999999
2026-06-19,13:33:14,96.2,241.8,0.68,9.78099999999999
2026-06-19,13:33:15,96.2,241.8,0.68,9.78099999999999
2026-06-19,13:33:16,96.2,241.8,0.68,9.78099999999999
2026-06-19,13:33:17,96.2,241.8,0.68,9.78099999999999
2026-06-19,13:33:18,96.2,241.8,0.68,9.78099999999999
2026-06-19,13:33:19,96.2,241.8,0.68,9.78099999999999
2026-06-19,13:33:20,96.2,241.8,0.68,9.78099999999999
2026-06-19,13:33:21,96.2,241.8,0.68,9.78099999999999
2026-06-19,13:33:22,96.2,241.8,0.68,9.78099999999999
2026-06-19,13:33:23,96.2,241.8,0.68,9.78099999999999
2026-06-19,13:33:24,96.2,241.8,0.68,9.78099999999999
2026-06-19,13:33:25,96.2,241.8,0.68,9.78099999999999
2026-06-19,13:33:26,96.2,241.8,0.68,9.78099999999999
2026-06-19,13:33:27,96.2,241.8,0.68,9.78099999999999
2026-06-19,13:33:28,96.2,241.8,0.68,9.78099999999999
2026-06-19,13:33:29,96.2,241.8,0.68,9.78099999999999
2026-06-19,13:33:30,96.2,241.8,0.68,9.78099999999999
2026-06-19,13:33:31,96.2,241.8,0.68,9.78099999999999
2026-06-19,13:33:32,96.2,241.8,0.68,9.78099999999999
2026-06-19,13:33:33,96.2,241.8,0.68,9.78099999999999
2026-06-19,13:33:34,96.2,241.8,0.68,9.78099999999999
2026-06-19,13:33:35,96.2,241.8,0.68,9.78099999999999
2026-06-19,13:33:36,96.2,241.8,0.68,9.78099999999999
2026-06-19,13:33:37,96.2,241.8,0.68,9.78099999999999
2026-06-19,13:33:38,96.2,241.8,0.68,9.78099999999999
2026-06-19,13:33:39,96.2,241.8,0.68,9.78099999999999
2026-06-19,13:33:40,96.2,241.8,0.68,9.78099999999999
2026-06-19,13:33:41,96.2,241.8,0.68,9.78099999999999
2026-06-19,13:33:42,96.2,241.8,0.68,9.78099999999999
2026-06-19,13:33:43,96.2,241.8,0.68,9.78099999999999
2026-06-19,13:33:44,96.2,241.8,0.68,9.78099999999999
2026-06-19,13:33:45,96.2,241.8,0.68,9.78099999999999
2026-06-19,13:33:46,96.2,241.8,0.68,9.78099999999999
2026-06-19,13:33:47,96.2,241.8,0.68,9.78099999999999
2026-06-19,13:33:48,96.2,241.8,0.68,9.78099999999999
2026-06-19,13:33:49,96.2,241.8,0.68,9.78099999999999
2026-06-19,13:33:50,96.2,241.8,0.68,9.78099999999999
2026-06-19,13:33:51,96.2,241.8,0.68,9.78099999999999
2026-06-19,13:33:52,96.2,241.8,0.68,9.78099999999999
2026-06-19,13:33:53,96.2,241.8,0.68,9.78099999999999
2026-06-19,13:33:54,96.2,241.8,0.68,9.78099999999999
2026-06-19,13:33:55,96.2,241.8,0.68,9.78099999999999
2026-06-19,13:33:56,96.2,241.8,0.68,9.78099999999999
2026-06-19,13:33:57,96.2,241.8,0.68,9.78099999999999
2026-06-19,13:33:58,96.2,241.8,0.68,9.78099999999999
2026-06-19,13:33:59,96.2,241.8,0.68,9.78099999999999
2026-06-19,13:34:00,96.2,241.8,0.68,9.78099999999999
2026-06-19,13:34:01,96.2,241.8,0.68,9.78099999999999
2026-06-19,13:34:02,96.2,241.8,0.68,9.78099999999999
2026-06-19,13:34:03,96.2,241.8,0.68,9.78099999999999
2026-06-19,13:34:04,96.2,241.8,0.68,9.78099999999999
2026-06-19,13:34:06,96.2,241.8,0.68,9.78099999999999
2026-06-19,13:34:07,96.2,241.8,0.68,9.78099999999999
2026-06-19,13:34:08,96.2,241.8,0.68,9.78099999999999
2026-06-19,13:34:09,96.2,241.8,0.68,9.78099999999999
2026-06-19,13:34:10,96.2,241.8,0.68,9.78099999999999
2026-06-19,13:34:11,96.2,241.8,0.68,9.78099999999999
2026-06-19,13:34:12,96.2,241.8,0.68,9.78099999999999
2026-06-19,13:34:13,96.2,241.8,0.68,9.78099999999999
2026-06-19,13:34:14,96.2,241.8,0.68,9.78099999999999
2026-06-19,13:34:15,96.2,241.8,0.68,9.78099999999999
2026-06-19,13:34:16,96.2,241.8,0.68,9.78099999999999
2026-06-19,13:34:17,96.2,241.8,0.68,9.78099999999999
2026-06-19,13:34:18,96.2,241.8,0.68,9.78099999999999
2026-06-19,13:34:19,96.2,241.8,0.68,9.78099999999999
2026-06-19,13:34:20,96.2,241.8,0.68,9.78099999999999
2026-06-19,13:34:21,96.2,241.8,0.68,9.78099999999999
2026-06-19,13:34:22,96.2,241.8,0.68,9.78099999999999
2026-06-19,13:34:23,96.2,241.8,0.68,9.78099999999999
2026-06-19,13:34:24,96.2,241.8,0.68,9.78099999999999
2026-06-19,13:34:25,96.2,241.8,0.68,9.78099999999999
2026-06-19,13:34:26,96.2,241.8,0.68,9.78099999999999
2026-06-19,13:34:27,96.2,241.8,0.68,9.78099999999999
2026-06-19,13:34:28,96.2,241.8,0.68,9.78099999999999
2026-06-19,13:34:29,96.2,241.8,0.68,9.78099999999999
2026-06-19,13:34:30,96.2,241.8,0.68,9.78099999999999
2026-06-19,13:34:31,96.2,241.8,0.68,9.78099999999999
2026-06-19,13:34:32,96.2,241.8,0.68,9.78099999999999
2026-06-19,13:34:33,96.2,241.8,0.68,9.78099999999999
2026-06-19,13:34:34,96.2,241.8,0.68,9.78099999999999
2026-06-19,13:34:35,96.2,241.8,0.68,9.78099999999999
2026-06-19,13:34:36,96.2,241.8,0.68,9.78099999999999
2026-06-19,13:34:37,96.2,241.8,0.68,9.78099999999999
2026-06-19,13:34:38,96.2,241.8,0.68,9.78099999999999
2026-06-19,13:34:39,96.2,241.8,0.68,9.78099999999999
2026-06-19,13:34:40,96.2,241.8,0.68,9.78099999999999
2026-06-19,13:34:41,96.2,241.8,0.68,9.78099999999999
2026-06-19,13:34:42,96.2,241.8,0.68,9.78099999999999
2026-06-19,13:34:43,96.2,241.8,0.68,9.78099999999999
2026-06-19,13:34:44,96.2,241.8,0.68,9.78099999999999
2026-06-19,13:34:45,96.2,241.8,0.68,9.78099999999999
2026-06-19,13:34:46,96.2,241.8,0.68,9.78099999999999
2026-06-19,13:34:47,96.2,241.8,0.68,9.78099999999999
2026-06-19,13:34:48,96.2,241.8,0.68,9.78099999999999
2026-06-19,13:34:49,96.2,241.8,0.68,9.78099999999999
2026-06-19,13:34:50,96.2,241.8,0.68,9.78099999999999
2026-06-19,13:34:51,96.2,241.8,0.68,9.78099999999999
2026-06-19,13:34:52,96.2,241.8,0.68,9.78099999999999
2026-06-19,13:34:53,96.2,241.8,0.68,9.78099999999999
2026-06-19,13:34:54,96.2,241.8,0.68,9.78099999999999
2026-06-19,13:34:55,96.2,241.8,0.68,9.78099999999999
2026-06-19,13:34:56,96.2,241.8,0.68,9.78099999999999
2026-06-19,13:34:57,96.2,241.8,0.68,9.78099999999999
2026-06-19,13:34:58,96.2,241.8,0.68,9.78099999999999
2026-06-19,13:34:59,96.2,241.8,0.68,9.78099999999999
2026-06-19,13:35:00,96.2,241.8,0.68,9.78099999999999
2026-06-19,13:35:01,96.2,241.8,0.68,9.78099999999999
2026-06-19,13:35:02,96.2,241.8,0.68,9.78099999999999
2026-06-19,13:35:03,96.2,241.8,0.68,9.78099999999999
2026-06-19,13:35:04,96.2,241.8,0.68,9.78099999999999
2026-06-19,13:35:05,96.2,241.8,0.68,9.78099999999999
2026-06-19,13:35:06,96.2,241.8,0.68,9.78099999999999
2026-06-19,13:35:07,96.2,241.8,0.68,9.78099999999999
2026-06-19,13:35:08,96.2,241.8,0.68,9.78099999999999
2026-06-19,13:35:09,96.2,241.8,0.68,9.78099999999999
2026-06-19,13:35:10,96.2,241.8,0.68,9.78099999999999
2026-06-19,13:35:11,96.2,241.8,0.68,9.78099999999999
2026-06-19,13:35:12,96.2,241.8,0.68,9.78099999999999
2026-06-19,13:35:13,96.2,241.8,0.68,9.78099999999999
2026-06-19,13:35:14,96.2,241.8,0.68,9.78099999999999
2026-06-19,13:35:15,96.2,241.8,0.68,9.78099999999999
2026-06-19,13:35:16,96.2,241.8,0.68,9.78099999999999
2026-06-19,13:35:17,96.2,241.8,0.68,9.78099999999999
2026-06-19,13:35:18,96.2,241.8,0.68,9.78099999999999
2026-06-19,13:35:19,96.2,241.8,0.68,9.78099999999999
2026-06-19,13:35:20,96.2,241.8,0.68,9.78099999999999
2026-06-19,13:35:21,96.2,241.8,0.68,9.78099999999999
2026-06-19,13:35:22,96.2,241.8,0.68,9.78099999999999
2026-06-19,13:35:23,96.2,241.8,0.68,9.78099999999999
2026-06-19,13:35:24,96.2,241.8,0.68,9.78099999999999
2026-06-19,13:35:25,96.2,241.8,0.68,9.78099999999999
2026-06-19,13:35:26,96.2,241.8,0.68,9.78099999999999
2026-06-19,13:35:27,96.2,241.8,0.68,9.78099999999999
2026-06-19,13:35:28,96.2,241.8,0.68,9.78099999999999
2026-06-19,13:35:29,96.2,241.8,0.68,9.78099999999999
2026-06-19,13:35:30,96.2,241.8,0.68,9.78099999999999
2026-06-19,13:35:31,96.2,241.8,0.68,9.78099999999999
2026-06-19,13:35:32,96.2,241.8,0.68,9.78099999999999
2026-06-19,13:35:33,96.2,241.8,0.68,9.78099999999999
2026-06-19,13:35:34,96.2,241.8,0.68,9.78099999999999
2026-06-19,13:35:35,96.2,241.8,0.68,9.78099999999999
2026-06-19,13:35:36,96.2,241.8,0.68,9.78099999999999
2026-06-19,13:35:37,96.2,241.8,0.68,9.78099999999999
2026-06-19,13:35:38,96.2,241.8,0.68,9.78099999999999
2026-06-19,13:35:39,96.2,241.8,0.68,9.78099999999999
2026-06-19,13:35:40,96.2,241.8,0.68,9.78099999999999
2026-06-19,13:35:41,96.2,241.8,0.68,9.78099999999999
2026-06-19,13:35:42,96.2,241.8,0.68,9.78099999999999
2026-06-19,13:35:43,96.2,241.8,0.68,9.78099999999999
2026-06-19,13:35:44,96.2,241.8,0.68,9.78099999999999
2026-06-19,13:35:45,96.2,241.8,0.68,9.78099999999999
2026-06-19,13:35:46,96.2,241.8,0.68,9.78099999999999
2026-06-19,13:35:47,96.2,241.8,0.68,9.78099999999999
2026-06-19,13:35:48,96.2,241.8,0.68,9.78099999999999
2026-06-19,13:35:49,96.2,241.8,0.68,9.78099999999999
2026-06-19,13:35:50,96.2,241.8,0.68,9.78099999999999
2026-06-19,13:35:51,96.2,241.8,0.68,9.78099999999999
2026-06-19,13:35:52,96.2,241.8,0.68,9.78099999999999
2026-06-19,13:35:53,96.2,241.8,0.68,9.78099999999999
2026-06-19,13:35:54,96.2,241.8,0.68,9.78099999999999
2026-06-19,13:35:55,96.2,241.8,0.68,9.78099999999999
2026-06-19,13:35:56,96.2,241.8,0.68,9.78099999999999
2026-06-19,13:35:57,96.2,241.8,0.68,9.78099999999999
2026-06-19,13:35:58,96.2,241.8,0.68,9.78099999999999
2026-06-19,13:35:59,96.2,241.8,0.68,9.78099999999999
2026-06-19,13:36:00,96.2,241.8,0.68,9.78099999999999
2026-06-19,13:36:01,96.2,241.8,0.68,9.78099999999999
2026-06-19,13:36:02,96.2,241.8,0.68,9.78099999999999
2026-06-19,13:36:03,96.2,241.8,0.68,9.78099999999999
2026-06-19,13:36:04,96.2,241.8,0.68,9.78099999999999
2026-06-19,13:36:05,96.2,241.8,0.68,9.78099999999999
2026-06-19,13:36:06,96.2,241.8,0.68,9.78099999999999
2026-06-19,13:36:07,96.2,241.8,0.68,9.78099999999999
2026-06-19,13:36:08,96.2,241.8,0.68,9.78099999999999
2026-06-19,13:36:09,96.2,241.8,0.68,9.78099999999999
2026-06-19,13:36:10,96.2,241.8,0.68,9.78099999999999
2026-06-19,13:36:11,96.2,241.8,0.68,9.78099999999999
2026-06-19,13:36:12,96.2,241.8,0.68,9.78099999999999
2026-06-19,13:36:13,96.2,241.8,0.68,9.78099999999999
2026-06-19,13:36:14,96.2,241.8,0.68,9.78099999999999
2026-06-19,13:36:15,96.2,241.8,0.68,9.78099999999999
2026-06-19,13:36:16,96.2,241.8,0.68,9.78099999999999
2026-06-19,13:36:17,96.2,241.8,0.68,9.78099999999999
2026-06-19,13:36:18,96.2,241.8,0.68,9.78099999999999
2026-06-19,13:36:19,96.2,241.8,0.68,9.78099999999999
2026-06-19,13:36:20,96.2,241.8,0.68,9.78099999999999
2026-06-19,13:36:21,96.2,241.8,0.68,9.78099999999999
2026-06-19,13:36:22,96.2,241.8,0.68,9.78099999999999
2026-06-19,13:36:23,96.2,241.8,0.68,9.78099999999999
2026-06-19,13:36:24,96.2,241.8,0.68,9.78099999999999
2026-06-19,13:36:25,96.2,241.8,0.68,9.78099999999999
2026-06-19,13:36:26,96.2,241.8,0.68,9.78099999999999
2026-06-19,13:36:27,96.2,241.8,0.68,9.78099999999999
2026-06-19,13:36:28,96.2,241.8,0.68,9.78099999999999
2026-06-19,13:36:29,96.2,241.8,0.68,9.78099999999999
2026-06-19,13:36:30,96.2,241.8,0.68,9.78099999999999
2026-06-19,13:36:31,96.2,241.8,0.68,9.78099999999999
2026-06-19,13:36:32,96.2,241.8,0.68,9.78099999999999
2026-06-19,13:36:33,96.2,241.8,0.68,9.78099999999999
2026-06-19,13:36:34,96.2,241.8,0.68,9.78099999999999
2026-06-19,13:36:35,96.2,241.8,0.68,9.78099999999999
2026-06-19,13:36:36,96.2,241.8,0.68,9.78099999999999
2026-06-19,13:36:37,96.2,241.8,0.68,9.78099999999999
2026-06-19,13:36:38,96.2,241.8,0.68,9.78099999999999
2026-06-19,13:36:39,96.2,241.8,0.68,9.78099999999999
2026-06-19,13:36:41,96.2,241.8,0.68,9.78099999999999
2026-06-19,13:36:42,96.2,241.8,0.68,9.78099999999999
2026-06-19,13:36:43,96.2,241.8,0.68,9.78099999999999
2026-06-19,13:36:44,96.2,241.8,0.68,9.78099999999999
2026-06-19,13:36:45,96.2,241.8,0.68,9.78099999999999
2026-06-19,13:36:46,96.2,241.8,0.68,9.78099999999999
2026-06-19,13:36:47,96.2,241.8,0.68,9.78099999999999
2026-06-19,13:36:48,96.2,241.8,0.68,9.78099999999999
2026-06-19,13:36:49,96.2,241.8,0.68,9.78099999999999
2026-06-19,13:36:50,96.2,241.8,0.68,9.78099999999999
2026-06-19,13:36:51,96.2,241.8,0.68,9.78099999999999
2026-06-19,13:36:52,96.2,241.8,0.68,9.78099999999999
2026-06-19,13:36:53,96.2,241.8,0.68,9.78099999999999
2026-06-19,13:36:54,96.2,241.8,0.68,9.78099999999999
2026-06-19,13:36:55,96.2,241.8,0.68,9.78099999999999
2026-06-19,13:36:56,96.2,241.8,0.68,9.78099999999999
2026-06-19,13:36:57,96.2,241.8,0.68,9.78099999999999
2026-06-19,13:36:58,96.2,241.8,0.68,9.78099999999999
2026-06-19,13:36:59,96.2,241.8,0.68,9.78099999999999
2026-06-19,13:37:00,96.2,241.8,0.68,9.78099999999999
2026-06-19,13:37:01,96.2,241.8,0.68,9.78099999999999
2026-06-19,13:37:02,96.2,241.8,0.68,9.78099999999999
2026-06-19,13:37:03,96.2,241.8,0.68,9.78099999999999
2026-06-19,13:37:04,96.2,241.8,0.68,9.78099999999999
2026-06-19,13:37:05,96.2,241.8,0.68,9.78099999999999
2026-06-19,13:37:06,96.2,241.8,0.68,9.78099999999999
2026-06-19,13:37:07,96.2,241.8,0.68,9.78099999999999
2026-06-19,13:37:08,96.2,241.8,0.68,9.78099999999999
2026-06-19,13:37:09,96.2,241.8,0.68,9.78099999999999
2026-06-19,13:37:10,96.2,241.8,0.68,9.78099999999999
2026-06-19,13:37:11,96.2,241.8,0.68,9.78099999999999
2026-06-19,13:37:12,96.2,241.8,0.68,9.78099999999999
2026-06-19,13:37:13,96.2,241.8,0.68,9.78099999999999
2026-06-19,13:37:14,96.2,241.8,0.68,9.78099999999999
2026-06-19,13:37:15,96.2,241.8,0.68,9.78099999999999
2026-06-19,13:37:16,96.2,241.8,0.68,9.78099999999999
2026-06-19,13:37:17,96.2,241.8,0.68,9.78099999999999
2026-06-19,13:37:18,96.2,241.8,0.68,9.78099999999999
2026-06-19,13:37:19,96.2,241.8,0.68,9.78099999999999
2026-06-19,13:37:20,96.2,241.8,0.68,9.78099999999999
2026-06-19,13:37:21,96.2,241.8,0.68,9.78099999999999
2026-06-19,13:37:22,96.2,241.8,0.68,9.78099999999999
2026-06-19,13:37:23,96.2,241.8,0.68,9.78099999999999
2026-06-19,13:37:24,96.2,241.8,0.68,9.78099999999999
2026-06-19,13:37:25,96.2,241.8,0.68,9.78099999999999
2026-06-19,13:37:26,96.2,241.8,0.68,9.78099999999999
2026-06-19,13:37:27,96.2,241.8,0.68,9.78099999999999
2026-06-19,13:37:28,96.2,241.8,0.68,9.78099999999999
2026-06-19,13:37:29,96.2,241.8,0.68,9.78099999999999
2026-06-19,13:37:30,96.2,241.8,0.68,9.78099999999999
2026-06-19,13:37:31,96.2,241.8,0.68,9.78099999999999
2026-06-19,13:37:32,96.2,241.8,0.68,9.78099999999999
2026-06-19,13:37:33,96.2,241.8,0.68,9.78099999999999
2026-06-19,13:37:34,96.2,241.8,0.68,9.78099999999999
2026-06-19,13:37:35,96.2,241.8,0.68,9.78099999999999
2026-06-19,13:37:36,96.2,241.8,0.68,9.78099999999999
2026-06-19,13:37:37,96.2,241.8,0.68,9.78099999999999
2026-06-19,13:37:38,96.2,241.8,0.68,9.78099999999999
2026-06-19,13:37:39,96.2,241.8,0.68,9.78099999999999
2026-06-19,13:37:40,96.2,241.8,0.68,9.78099999999999
2026-06-19,13:37:41,96.2,241.8,0.68,9.78099999999999
2026-06-19,13:37:42,96.2,241.8,0.68,9.78099999999999
2026-06-19,13:37:43,96.2,241.8,0.68,9.78099999999999
2026-06-19,13:37:44,96.2,241.8,0.68,9.78099999999999
2026-06-19,13:37:45,96.2,241.8,0.68,9.78099999999999
2026-06-19,13:37:46,96.2,241.8,0.68,9.78099999999999
2026-06-19,13:37:47,96.2,241.8,0.68,9.78099999999999
2026-06-19,13:37:48,96.2,241.8,0.68,9.78099999999999
2026-06-19,13:37:49,96.2,241.8,0.68,9.78099999999999
2026-06-19,13:37:50,96.2,241.8,0.68,9.78099999999999
2026-06-19,13:37:51,96.2,241.8,0.68,9.78099999999999
2026-06-19,13:37:52,96.2,241.8,0.68,9.78099999999999
2026-06-19,13:37:53,96.2,241.8,0.68,9.78099999999999
2026-06-19,13:37:54,96.2,241.8,0.68,9.78099999999999
2026-06-19,13:37:55,96.2,241.8,0.68,9.78099999999999
2026-06-19,13:37:56,96.2,241.8,0.68,9.78099999999999
2026-06-19,13:37:57,96.2,241.8,0.68,9.78099999999999
2026-06-19,13:37:58,96.2,241.8,0.68,9.78099999999999
2026-06-19,13:37:59,96.2,241.8,0.68,9.78099999999999
2026-06-19,13:38:00,96.2,241.8,0.68,9.78099999999999
2026-06-19,13:38:01,96.2,241.8,0.68,9.78099999999999
2026-06-19,13:38:02,96.2,241.8,0.68,9.78099999999999
2026-06-19,13:38:03,96.2,241.8,0.68,9.78099999999999
2026-06-19,13:38:04,96.2,241.8,0.68,9.78099999999999
2026-06-19,13:38:05,96.2,241.8,0.68,9.78099999999999
2026-06-19,13:38:06,96.2,241.8,0.68,9.78099999999999
2026-06-19,13:38:07,96.2,241.8,0.68,9.78099999999999
2026-06-19,13:38:08,96.2,241.8,0.68,9.78099999999999
2026-06-19,13:38:09,96.2,241.8,0.68,9.78099999999999
2026-06-19,13:38:10,96.2,241.8,0.68,9.78099999999999
2026-06-19,13:38:11,96.2,241.8,0.68,9.78099999999999
2026-06-19,13:38:12,96.2,241.8,0.68,9.78099999999999
2026-06-19,13:38:13,96.2,241.8,0.68,9.78099999999999
2026-06-19,13:38:14,96.2,241.8,0.68,9.78099999999999
2026-06-19,13:38:15,96.2,241.8,0.68,9.78099999999999
2026-06-19,13:38:16,96.2,241.8,0.68,9.78099999999999
2026-06-19,13:38:17,96.2,241.8,0.68,9.78099999999999
2026-06-19,13:38:18,96.2,241.8,0.68,9.78099999999999
2026-06-19,13:38:19,96.2,241.8,0.68,9.78099999999999
2026-06-19,13:38:20,96.2,241.8,0.68,9.78099999999999
2026-06-19,13:38:21,96.2,241.8,0.68,9.78099999999999
2026-06-19,13:38:22,96.2,241.8,0.68,9.78099999999999
2026-06-19,13:38:23,96.2,241.8,0.68,9.78099999999999
2026-06-19,13:38:24,96.2,241.8,0.68,9.78099999999999
2026-06-19,13:38:25,96.2,241.8,0.68,9.78099999999999
2026-06-19,13:38:26,96.2,241.8,0.68,9.78099999999999
2026-06-19,13:38:27,96.2,241.8,0.68,9.78099999999999
2026-06-19,13:38:28,96.2,241.8,0.68,9.78099999999999
2026-06-19,13:38:29,96.2,241.8,0.68,9.78099999999999
2026-06-19,13:38:30,96.2,241.8,0.68,9.78099999999999
2026-06-19,13:38:31,96.2,241.8,0.68,9.78099999999999
2026-06-19,13:38:32,96.2,241.8,0.68,9.78099999999999
2026-06-19,13:38:33,96.2,241.8,0.68,9.78099999999999
2026-06-19,13:38:34,96.2,241.8,0.68,9.78099999999999
2026-06-19,13:38:35,96.2,241.8,0.68,9.78099999999999
2026-06-19,13:38:36,96.2,241.8,0.68,9.78099999999999
2026-06-19,13:38:37,96.2,241.8,0.68,9.78099999999999
2026-06-19,13:38:38,96.2,241.8,0.68,9.78099999999999
2026-06-19,13:38:39,96.2,241.8,0.68,9.78099999999999
2026-06-19,13:38:40,96.2,241.8,0.68,9.78099999999999
2026-06-19,13:38:41,96.2,241.8,0.68,9.78099999999999
2026-06-19,13:38:42,96.2,241.8,0.68,9.78099999999999
2026-06-19,13:38:43,96.2,241.8,0.68,9.78099999999999
2026-06-19,13:38:44,96.2,241.8,0.68,9.78099999999999
2026-06-19,13:38:45,96.2,241.8,0.68,9.78099999999999
2026-06-19,13:38:46,96.2,241.8,0.68,9.78099999999999
2026-06-19,13:38:47,96.2,241.8,0.68,9.78099999999999
2026-06-19,13:38:48,96.2,241.8,0.68,9.78099999999999
2026-06-19,13:38:49,96.2,241.8,0.68,9.78099999999999
2026-06-19,13:38:50,96.2,241.8,0.68,9.78099999999999
2026-06-19,13:38:51,96.2,241.8,0.68,9.78099999999999
2026-06-19,13:38:52,96.2,241.8,0.68,9.78099999999999
2026-06-19,13:38:53,96.2,241.8,0.68,9.78099999999999
2026-06-19,13:38:54,96.2,241.8,0.68,9.78099999999999
2026-06-19,13:38:55,96.2,241.8,0.68,9.78099999999999
2026-06-19,13:38:56,96.2,241.8,0.68,9.78099999999999
2026-06-19,13:38:57,96.2,241.8,0.68,9.78099999999999
2026-06-19,13:38:58,96.2,241.8,0.68,9.78099999999999
2026-06-19,13:38:59,96.2,241.8,0.68,9.78099999999999
2026-06-19,13:39:00,96.2,241.8,0.68,9.78099999999999
2026-06-19,13:39:01,96.2,241.8,0.68,9.78099999999999
2026-06-19,13:39:02,96.2,241.8,0.68,9.78099999999999
2026-06-19,13:39:03,96.2,241.8,0.68,9.78099999999999
2026-06-19,13:39:04,96.2,241.8,0.68,9.78099999999999
2026-06-19,13:39:05,96.2,241.8,0.68,9.78099999999999
2026-06-19,13:39:06,96.2,241.8,0.68,9.78099999999999
2026-06-19,13:39:07,96.2,241.8,0.68,9.78099999999999
2026-06-19,13:39:08,96.2,241.8,0.68,9.78099999999999
2026-06-19,13:39:09,96.2,241.8,0.68,9.78099999999999
2026-06-19,13:39:10,96.2,241.8,0.68,9.78099999999999
2026-06-19,13:39:11,96.2,241.8,0.68,9.78099999999999
2026-06-19,13:39:12,96.2,241.8,0.68,9.78099999999999
2026-06-19,13:39:13,96.2,241.8,0.68,9.78099999999999
2026-06-19,13:39:14,96.2,241.8,0.68,9.78099999999999
2026-06-19,13:39:15,96.2,241.8,0.68,9.78099999999999
2026-06-19,13:39:16,96.2,241.8,0.68,9.78099999999999
2026-06-19,13:39:17,96.2,241.8,0.68,9.78099999999999
2026-06-19,13:39:18,96.2,241.8,0.68,9.78099999999999
2026-06-19,13:39:19,96.2,241.8,0.68,9.78099999999999
2026-06-19,13:39:20,96.2,241.8,0.68,9.78099999999999
2026-06-19,13:39:21,96.2,241.8,0.68,9.78099999999999
2026-06-19,13:39:22,96.2,241.8,0.68,9.78099999999999
2026-06-19,13:39:23,96.2,241.8,0.68,9.78099999999999
2026-06-19,13:39:24,96.2,241.8,0.68,9.78099999999999
2026-06-19,13:39:25,96.2,241.8,0.68,9.78099999999999
2026-06-19,13:39:26,96.2,241.8,0.68,9.78099999999999
2026-06-19,13:39:27,96.2,241.8,0.68,9.78099999999999
2026-06-19,13:39:28,96.2,241.8,0.68,9.78099999999999
2026-06-19,13:39:29,96.2,241.8,0.68,9.78099999999999
2026-06-19,13:39:31,96.2,241.8,0.68,9.78099999999999
2026-06-19,13:39:32,96.2,241.8,0.68,9.78099999999999
2026-06-19,13:39:33,96.2,241.8,0.68,9.78099999999999
2026-06-19,13:39:34,96.2,241.8,0.68,9.78099999999999
2026-06-19,13:39:35,96.2,241.8,0.68,9.78099999999999
2026-06-19,13:39:36,96.2,241.8,0.68,9.78099999999999
2026-06-19,13:39:37,96.2,241.8,0.68,9.78099999999999
2026-06-19,13:39:38,96.2,241.8,0.68,9.78099999999999
2026-06-19,13:39:39,96.2,241.8,0.68,9.78099999999999
2026-06-19,13:39:40,96.2,241.8,0.68,9.78099999999999
2026-06-19,13:39:41,96.2,241.8,0.68,9.78099999999999
2026-06-19,13:39:42,96.2,241.8,0.68,9.78099999999999
2026-06-19,13:39:43,96.2,241.8,0.68,9.78099999999999
2026-06-19,13:39:44,96.2,241.8,0.68,9.78099999999999
2026-06-19,13:39:45,96.2,241.8,0.68,9.78099999999999
2026-06-19,13:39:46,96.2,241.8,0.68,9.78099999999999
2026-06-19,13:39:47,96.2,241.8,0.68,9.78099999999999
2026-06-19,13:39:48,96.2,241.8,0.68,9.78099999999999
2026-06-19,13:39:49,96.2,241.8,0.68,9.78099999999999
2026-06-19,13:39:50,96.2,241.8,0.68,9.78099999999999
2026-06-19,13:39:51,96.2,241.8,0.68,9.78099999999999
2026-06-19,13:39:52,96.2,241.8,0.68,9.78099999999999
2026-06-19,13:39:53,96.2,241.8,0.68,9.78099999999999
2026-06-19,13:39:54,96.2,241.8,0.68,9.78099999999999
2026-06-19,13:39:55,96.2,241.8,0.68,9.78099999999999
2026-06-19,13:39:56,96.2,241.8,0.68,9.78099999999999
2026-06-19,13:39:57,96.2,241.8,0.68,9.78099999999999
2026-06-19,13:39:58,96.2,241.8,0.68,9.78099999999999
2026-06-19,13:39:59,96.2,241.8,0.68,9.78099999999999
2026-06-19,13:40:00,96.2,241.8,0.68,9.78099999999999
2026-06-19,13:40:01,96.2,241.8,0.68,9.78099999999999
2026-06-19,13:40:02,96.2,241.8,0.68,9.78099999999999
2026-06-19,13:40:03,96.2,241.8,0.68,9.78099999999999
2026-06-19,13:40:04,96.2,241.8,0.68,9.78099999999999
2026-06-19,13:40:05,96.2,241.8,0.68,9.78099999999999
2026-06-19,13:40:06,96.2,241.8,0.68,9.78099999999999
2026-06-19,13:40:07,96.2,241.8,0.68,9.78099999999999
2026-06-19,13:40:08,96.2,241.8,0.68,9.78099999999999
2026-06-19,13:40:09,96.2,241.8,0.68,9.78099999999999
2026-06-19,13:40:10,96.2,241.8,0.68,9.78099999999999
2026-06-19,13:40:11,96.2,241.8,0.68,9.78099999999999
2026-06-19,13:40:12,96.2,241.8,0.68,9.78099999999999
2026-06-19,13:40:13,96.2,241.8,0.68,9.78099999999999
2026-06-19,13:40:14,96.2,241.8,0.68,9.78099999999999
2026-06-19,13:40:15,96.2,241.8,0.68,9.78099999999999
2026-06-19,13:40:16,96.2,241.8,0.68,9.78099999999999
2026-06-19,13:40:17,96.2,241.8,0.68,9.78099999999999
2026-06-19,13:40:18,96.2,241.8,0.68,9.78099999999999
2026-06-19,13:40:19,96.2,241.8,0.68,9.78099999999999
2026-06-19,13:40:20,96.2,241.8,0.68,9.78099999999999
2026-06-19,13:40:21,96.2,241.8,0.68,9.78099999999999
2026-06-19,13:40:22,96.2,241.8,0.68,9.78099999999999
2026-06-19,13:40:23,96.2,241.8,0.68,9.78099999999999
2026-06-19,13:40:24,96.2,241.8,0.68,9.78099999999999
2026-06-19,13:40:25,96.2,241.8,0.68,9.78099999999999
2026-06-19,13:40:26,96.2,241.8,0.68,9.78099999999999
2026-06-19,13:40:27,96.2,241.8,0.68,9.78099999999999
2026-06-19,13:40:28,75.4,242.4,0.56,9.78099999999999
2026-06-19,13:40:29,75.4,242.4,0.56,9.78099999999999
2026-06-19,13:40:30,75.4,242.4,0.56,9.78099999999999
2026-06-19,13:40:31,75.4,242.4,0.56,9.78099999999999
2026-06-19,13:40:32,75.4,242.4,0.56,9.78099999999999
2026-06-19,13:40:33,75.4,242.4,0.56,9.78099999999999
2026-06-19,13:40:34,75.4,242.4,0.56,9.78099999999999
2026-06-19,13:40:35,75.4,242.4,0.56,9.78099999999999
2026-06-19,13:40:36,75.4,242.4,0.56,9.78099999999999
2026-06-19,13:40:37,75.4,242.4,0.56,9.78099999999999
2026-06-19,13:40:38,75.4,242.4,0.56,9.78099999999999
2026-06-19,13:40:39,75.4,242.4,0.56,9.78099999999999
2026-06-19,13:40:40,75.4,242.4,0.56,9.78099999999999
2026-06-19,13:40:41,75.4,242.4,0.56,9.78099999999999
2026-06-19,13:40:42,75.4,242.4,0.56,9.78099999999999
2026-06-19,13:40:43,75.4,242.4,0.56,9.78099999999999
2026-06-19,13:40:44,75.4,242.4,0.56,9.78099999999999
2026-06-19,13:40:45,75.4,242.4,0.56,9.78099999999999
2026-06-19,13:40:46,75.4,242.4,0.56,9.78099999999999
2026-06-19,13:40:47,75.4,242.4,0.56,9.78099999999999
2026-06-19,13:40:48,75.4,242.4,0.56,9.78099999999999
2026-06-19,13:40:49,75.4,242.4,0.56,9.78099999999999
2026-06-19,13:40:50,75.4,242.4,0.56,9.78099999999999
2026-06-19,13:40:51,75.4,242.4,0.56,9.78099999999999
2026-06-19,13:40:52,75.4,242.4,0.56,9.78099999999999
2026-06-19,13:40:53,75.4,242.4,0.56,9.78099999999999
2026-06-19,13:40:54,75.4,242.4,0.56,9.78099999999999
2026-06-19,13:40:55,75.4,242.4,0.56,9.78099999999999
2026-06-19,13:40:56,75.4,242.4,0.56,9.78099999999999
2026-06-19,13:40:57,75.4,242.4,0.56,9.78099999999999
2026-06-19,13:40:58,75.4,242.4,0.56,9.78099999999999
2026-06-19,13:40:59,75.4,242.4,0.56,9.78099999999999
2026-06-19,13:41:00,75.4,242.4,0.56,9.78099999999999
2026-06-19,13:41:01,75.4,242.4,0.56,9.78099999999999
2026-06-19,13:41:02,75.4,242.4,0.56,9.78099999999999
2026-06-19,13:41:03,97.7,242.7,0.686,9.78099999999999
2026-06-19,13:41:04,97.7,242.7,0.686,9.78099999999999
2026-06-19,13:41:05,97.7,242.7,0.686,9.78099999999999
2026-06-19,13:41:06,97.7,242.7,0.686,9.78099999999999
2026-06-19,13:41:07,97.7,242.7,0.686,9.78099999999999
2026-06-19,13:41:08,97.7,242.7,0.686,9.78099999999999
2026-06-19,13:41:09,97.7,242.7,0.686,9.78099999999999
2026-06-19,13:41:10,97.7,242.7,0.686,9.78099999999999
2026-06-19,13:41:11,97.7,242.7,0.686,9.78099999999999
2026-06-19,13:41:12,97.7,242.7,0.686,9.78099999999999
2026-06-19,13:41:13,97.7,242.7,0.686,9.78099999999999
2026-06-19,13:41:14,97.7,242.7,0.686,9.78099999999999
2026-06-19,13:41:15,97.7,242.7,0.686,9.78099999999999
2026-06-19,13:41:16,97.7,242.7,0.686,9.78099999999999
2026-06-19,13:41:17,97.7,242.7,0.686,9.78099999999999
2026-06-19,13:41:18,97.7,242.7,0.686,9.78099999999999
2026-06-19,13:41:19,97.7,242.7,0.686,9.78099999999999
2026-06-19,13:41:20,97.7,242.7,0.686,9.78099999999999
2026-06-19,13:41:21,97.7,242.7,0.686,9.78099999999999
2026-06-19,13:41:22,97.7,242.7,0.686,9.78099999999999
2026-06-19,13:41:23,97.7,242.7,0.686,9.78099999999999
2026-06-19,13:41:24,97.7,242.7,0.686,9.78099999999999
2026-06-19,13:41:25,97.7,242.7,0.686,9.78099999999999
2026-06-19,13:41:26,97.7,242.7,0.686,9.78099999999999
2026-06-19,13:41:27,97.7,242.7,0.686,9.78099999999999
2026-06-19,13:41:28,97.7,242.7,0.686,9.78099999999999
2026-06-19,13:41:29,97.7,242.7,0.686,9.78099999999999
2026-06-19,13:41:30,97.7,242.7,0.686,9.78099999999999
2026-06-19,13:41:31,97.7,242.7,0.686,9.78099999999999
2026-06-19,13:41:32,97.7,242.7,0.686,9.78099999999999
2026-06-19,13:41:33,97.7,242.7,0.686,9.78099999999999
2026-06-19,13:41:34,97.7,242.7,0.686,9.78099999999999
2026-06-19,13:41:35,97.7,242.7,0.686,9.78099999999999
2026-06-19,13:41:36,97.7,242.7,0.686,9.78099999999999
2026-06-19,13:41:37,97.7,242.7,0.686,9.78099999999999
2026-06-19,13:41:38,97.7,242.7,0.686,9.78099999999999
2026-06-19,13:41:39,97.7,242.7,0.686,9.78099999999999
2026-06-19,13:41:40,97.7,242.7,0.686,9.78099999999999
2026-06-19,13:41:41,97.7,242.7,0.686,9.78099999999999
2026-06-19,13:41:42,97.7,242.7,0.686,9.78099999999999
2026-06-19,13:41:43,97.7,242.7,0.686,9.78099999999999
2026-06-19,13:41:44,97.7,242.7,0.686,9.78099999999999
2026-06-19,13:41:45,97.7,242.7,0.686,9.78099999999999
2026-06-19,13:41:46,97.7,242.7,0.686,9.78099999999999
2026-06-19,13:41:47,97.7,242.7,0.686,9.78099999999999
2026-06-19,13:41:48,97.7,242.7,0.686,9.78099999999999
2026-06-19,13:41:49,97.7,242.7,0.686,9.78099999999999
2026-06-19,13:41:50,97.7,242.7,0.686,9.78099999999999
2026-06-19,13:41:51,97.7,242.7,0.686,9.78099999999999
2026-06-19,13:41:52,97.7,242.7,0.686,9.78099999999999
2026-06-19,13:41:53,97.7,242.7,0.686,9.78099999999999
2026-06-19,13:41:54,97.7,242.7,0.686,9.78099999999999
2026-06-19,13:41:55,97.7,242.7,0.686,9.78099999999999
2026-06-19,13:41:56,97.7,242.7,0.686,9.78099999999999
2026-06-19,13:41:57,97.7,242.7,0.686,9.78099999999999
2026-06-19,13:41:58,97.7,242.7,0.686,9.78099999999999
2026-06-19,13:41:59,97.7,242.7,0.686,9.78099999999999
2026-06-19,13:42:00,97.7,242.7,0.686,9.78099999999999
2026-06-19,13:42:01,97.7,242.7,0.686,9.78099999999999
2026-06-19,13:42:02,97.7,242.7,0.686,9.78099999999999
2026-06-19,13:42:03,97.7,242.7,0.686,9.78099999999999
2026-06-19,13:42:04,97.7,242.7,0.686,9.78099999999999
2026-06-19,13:42:05,97.7,242.7,0.686,9.78099999999999
2026-06-19,13:42:06,97.7,242.7,0.686,9.78099999999999
2026-06-19,13:42:07,97.7,242.7,0.686,9.78099999999999
2026-06-19,13:42:08,97.7,242.7,0.686,9.78099999999999
2026-06-19,13:42:09,97.7,242.7,0.686,9.78099999999999
2026-06-19,13:42:10,97.7,242.7,0.686,9.78099999999999
2026-06-19,13:42:11,97.7,242.7,0.686,9.78099999999999
2026-06-19,13:42:12,97.7,242.7,0.686,9.78099999999999
2026-06-19,13:42:13,97.7,242.7,0.686,9.78099999999999
2026-06-19,13:42:14,97.7,242.7,0.686,9.78099999999999
2026-06-19,13:42:15,97.7,242.7,0.686,9.78099999999999
2026-06-19,13:42:17,97.7,242.7,0.686,9.78099999999999
2026-06-19,13:42:18,97.7,242.7,0.686,9.78099999999999
2026-06-19,13:42:19,97.7,242.7,0.686,9.78099999999999
2026-06-19,13:42:20,97.7,242.7,0.686,9.78099999999999
2026-06-19,13:42:21,97.7,242.7,0.686,9.78099999999999
2026-06-19,13:42:22,97.7,242.7,0.686,9.78099999999999
2026-06-19,13:42:23,97.7,242.7,0.686,9.78099999999999
2026-06-19,13:42:24,97.7,242.7,0.686,9.78099999999999
2026-06-19,13:42:25,97.7,242.7,0.686,9.78099999999999
2026-06-19,13:42:26,97.7,242.7,0.686,9.78099999999999
2026-06-19,13:42:27,97.7,242.7,0.686,9.78099999999999
2026-06-19,13:42:28,97.7,242.7,0.686,9.78099999999999
2026-06-19,13:42:29,97.7,242.7,0.686,9.78099999999999
2026-06-19,13:42:30,97.7,242.7,0.686,9.78099999999999
2026-06-19,13:42:31,97.7,242.7,0.686,9.78099999999999
2026-06-19,13:42:32,97.7,242.7,0.686,9.78099999999999
2026-06-19,13:42:33,97.7,242.7,0.686,9.78099999999999
2026-06-19,13:42:34,97.7,242.7,0.686,9.78099999999999
2026-06-19,13:42:35,97.7,242.7,0.686,9.78099999999999
2026-06-19,13:42:36,97.7,242.7,0.686,9.78099999999999
2026-06-19,13:42:37,97.7,242.7,0.686,9.78099999999999
2026-06-19,13:42:38,97.7,242.7,0.686,9.78099999999999
2026-06-19,13:42:39,97.7,242.7,0.686,9.78099999999999
2026-06-19,13:42:40,97.7,242.7,0.686,9.78099999999999
2026-06-19,13:42:41,97.7,242.7,0.686,9.78099999999999
2026-06-19,13:42:42,97.7,242.7,0.686,9.78099999999999
2026-06-19,13:42:43,97.7,242.7,0.686,9.78099999999999
2026-06-19,13:42:44,97.7,242.7,0.686,9.78099999999999
2026-06-19,13:42:45,97.7,242.7,0.686,9.78099999999999
2026-06-19,13:42:46,97.7,242.7,0.686,9.78099999999999
2026-06-19,13:42:47,97.7,242.7,0.686,9.78099999999999
2026-06-19,13:42:48,97.7,242.7,0.686,9.78099999999999
2026-06-19,13:42:49,97.7,242.7,0.686,9.78099999999999
2026-06-19,13:42:50,97.7,242.7,0.686,9.78099999999999
2026-06-19,13:42:51,97.7,242.7,0.686,9.78099999999999
2026-06-19,13:42:52,97.7,242.7,0.686,9.78099999999999
2026-06-19,13:42:53,97.7,242.7,0.686,9.78099999999999
2026-06-19,13:42:54,97.7,242.7,0.686,9.78099999999999
2026-06-19,13:42:55,97.7,242.7,0.686,9.78099999999999
2026-06-19,13:42:56,97.7,242.7,0.686,9.78099999999999
2026-06-19,13:42:57,97.7,242.7,0.686,9.78099999999999
2026-06-19,13:42:58,97.7,242.7,0.686,9.78099999999999
2026-06-19,13:42:59,97.7,242.7,0.686,9.78099999999999
2026-06-19,13:43:00,97.7,242.7,0.686,9.78099999999999
2026-06-19,13:43:01,97.7,242.7,0.686,9.78099999999999
2026-06-19,13:43:02,97.7,242.7,0.686,9.78099999999999
2026-06-19,13:43:03,97.7,242.7,0.686,9.78099999999999
2026-06-19,13:43:04,97.7,242.7,0.686,9.78099999999999
2026-06-19,13:43:05,97.7,242.7,0.686,9.78099999999999
2026-06-19,13:43:06,97.7,242.7,0.686,9.78099999999999
2026-06-19,13:43:07,97.7,242.7,0.686,9.78099999999999
2026-06-19,13:43:08,97.7,242.7,0.686,9.78099999999999
2026-06-19,13:43:09,97.7,242.7,0.686,9.78099999999999
2026-06-19,13:43:10,97.7,242.7,0.686,9.78099999999999
2026-06-19,13:43:11,97.7,242.7,0.686,9.78099999999999
2026-06-19,13:43:12,97.7,242.7,0.686,9.78099999999999
2026-06-19,13:43:13,97.7,242.7,0.686,9.78099999999999
2026-06-19,13:43:14,97.7,242.7,0.686,9.78099999999999
2026-06-19,13:43:15,97.7,242.7,0.686,9.78099999999999
2026-06-19,13:43:16,97.7,242.7,0.686,9.78099999999999
2026-06-19,13:43:17,97.7,242.7,0.686,9.78099999999999
2026-06-19,13:43:18,97.7,242.7,0.686,9.78099999999999
2026-06-19,13:43:19,97.7,242.7,0.686,9.78099999999999
2026-06-19,13:43:20,97.7,242.7,0.686,9.78099999999999
2026-06-19,13:43:21,97.7,242.7,0.686,9.78099999999999
2026-06-19,13:43:22,97.7,242.7,0.686,9.78099999999999
2026-06-19,13:43:23,97.7,242.7,0.686,9.78099999999999
2026-06-19,13:43:24,97.7,242.7,0.686,9.78099999999999
2026-06-19,13:43:25,97.7,242.7,0.686,9.78099999999999
2026-06-19,13:43:26,97.7,242.7,0.686,9.78099999999999
2026-06-19,13:43:27,97.7,242.7,0.686,9.78099999999999
2026-06-19,13:43:28,97.7,242.7,0.686,9.78099999999999
2026-06-19,13:43:29,97.7,242.7,0.686,9.78099999999999
2026-06-19,13:43:30,97.7,242.7,0.686,9.78099999999999
2026-06-19,13:43:31,97.7,242.7,0.686,9.78099999999999
2026-06-19,13:43:32,97.7,242.7,0.686,9.78099999999999
2026-06-19,13:43:33,97.7,242.7,0.686,9.78099999999999
2026-06-19,13:43:34,97.7,242.7,0.686,9.78099999999999
2026-06-19,13:43:35,97.7,242.7,0.686,9.78099999999999
2026-06-19,13:43:36,97.7,242.7,0.686,9.78099999999999
2026-06-19,13:43:37,97.7,242.7,0.686,9.78099999999999
2026-06-19,13:43:38,97.7,242.7,0.686,9.78099999999999
2026-06-19,13:43:39,97.7,242.7,0.686,9.78099999999999
2026-06-19,13:43:40,97.7,242.7,0.686,9.78099999999999
2026-06-19,13:43:41,97.7,242.7,0.686,9.78099999999999
2026-06-19,13:43:42,97.7,242.7,0.686,9.78099999999999
2026-06-19,13:43:43,97.7,242.7,0.686,9.78099999999999
2026-06-19,13:43:44,97.7,242.7,0.686,9.78099999999999
2026-06-19,13:43:45,97.7,242.7,0.686,9.78099999999999
2026-06-19,13:43:46,97.7,242.7,0.686,9.78099999999999
2026-06-19,13:43:47,97.7,242.7,0.686,9.78099999999999
2026-06-19,13:43:48,97.7,242.7,0.686,9.78099999999999
2026-06-19,13:43:49,97.7,242.7,0.686,9.78099999999999
2026-06-19,13:43:50,97.7,242.7,0.686,9.78099999999999
2026-06-19,13:43:51,97.7,242.7,0.686,9.78099999999999
2026-06-19,13:43:52,97.7,242.7,0.686,9.78099999999999
2026-06-19,13:43:53,97.7,242.7,0.686,9.78099999999999
2026-06-19,13:43:54,97.7,242.7,0.686,9.78099999999999
2026-06-19,13:43:55,97.7,242.7,0.686,9.78099999999999
2026-06-19,13:43:56,97.7,242.7,0.686,9.78099999999999
2026-06-19,13:43:57,97.7,242.7,0.686,9.78099999999999
2026-06-19,13:43:58,97.7,242.7,0.686,9.78099999999999
2026-06-19,13:43:59,97.7,242.7,0.686,9.78099999999999
2026-06-19,13:44:00,97.7,242.7,0.686,9.78099999999999
2026-06-19,13:44:01,97.7,242.7,0.686,9.78099999999999
2026-06-19,13:44:02,97.7,242.7,0.686,9.78099999999999
2026-06-19,13:44:03,97.7,242.7,0.686,9.78099999999999
2026-06-19,13:44:04,97.7,242.7,0.686,9.78099999999999
2026-06-19,13:44:05,97.7,242.7,0.686,9.78099999999999
2026-06-19,13:44:06,97.7,242.7,0.686,9.78099999999999
2026-06-19,13:44:07,97.7,242.7,0.686,9.78099999999999
2026-06-19,13:44:08,97.7,242.7,0.686,9.78099999999999
2026-06-19,13:44:09,97.7,242.7,0.686,9.78099999999999
2026-06-19,13:44:10,97.7,242.7,0.686,9.78099999999999
2026-06-19,13:44:11,97.7,242.7,0.686,9.78099999999999
2026-06-19,13:44:12,97.7,242.7,0.686,9.78099999999999
2026-06-19,13:44:13,97.7,242.7,0.686,9.78099999999999
2026-06-19,13:44:14,97.7,242.7,0.686,9.78099999999999
2026-06-19,13:44:15,97.7,242.7,0.686,9.78099999999999
2026-06-19,13:44:16,97.7,242.7,0.686,9.78099999999999
2026-06-19,13:44:17,97.7,242.7,0.686,9.78099999999999
2026-06-19,13:44:18,97.7,242.7,0.686,9.78099999999999
2026-06-19,13:44:19,97.7,242.7,0.686,9.78099999999999
2026-06-19,13:44:20,97.7,242.7,0.686,9.78099999999999
2026-06-19,13:44:21,97.7,242.7,0.686,9.78099999999999
2026-06-19,13:44:22,97.7,242.7,0.686,9.78099999999999
2026-06-19,13:44:23,97.7,242.7,0.686,9.78099999999999
2026-06-19,13:44:24,97.7,242.7,0.686,9.78099999999999
2026-06-19,13:44:25,97.7,242.7,0.686,9.78099999999999
2026-06-19,13:44:26,97.7,242.7,0.686,9.78099999999999
2026-06-19,13:44:27,97.7,242.7,0.686,9.78099999999999
2026-06-19,13:44:28,97.7,242.7,0.686,9.78099999999999
2026-06-19,13:44:29,97.7,242.7,0.686,9.78099999999999
2026-06-19,13:44:30,97.7,242.7,0.686,9.78099999999999
2026-06-19,13:44:31,97.7,242.7,0.686,9.78099999999999
2026-06-19,13:44:32,97.7,242.7,0.686,9.78099999999999
2026-06-19,13:44:33,97.7,242.7,0.686,9.78099999999999
2026-06-19,13:44:34,97.7,242.7,0.686,9.78099999999999
2026-06-19,13:44:35,97.7,242.7,0.686,9.78099999999999
2026-06-19,13:44:36,97.7,242.7,0.686,9.78099999999999
2026-06-19,13:44:37,97.7,242.7,0.686,9.78099999999999
2026-06-19,13:44:38,97.7,242.7,0.686,9.78099999999999
2026-06-19,13:44:39,97.7,242.7,0.686,9.78099999999999
2026-06-19,13:44:40,97.7,242.7,0.686,9.78099999999999
2026-06-19,13:44:41,97.7,242.7,0.686,9.78099999999999
2026-06-19,13:44:42,97.7,242.7,0.686,9.78099999999999
2026-06-19,13:44:43,97.7,242.7,0.686,9.78099999999999
2026-06-19,13:44:44,97.7,242.7,0.686,9.78099999999999
2026-06-19,13:44:45,97.7,242.7,0.686,9.78099999999999
2026-06-19,13:44:46,97.7,242.7,0.686,9.78099999999999
2026-06-19,13:44:47,97.7,242.7,0.686,9.78099999999999
2026-06-19,13:44:48,97.7,242.7,0.686,9.78099999999999
2026-06-19,13:44:49,97.7,242.7,0.686,9.78099999999999
2026-06-19,13:44:50,97.7,242.7,0.686,9.78099999999999
2026-06-19,13:44:51,97.7,242.7,0.686,9.78099999999999
2026-06-19,13:44:52,97.7,242.7,0.686,9.78099999999999
2026-06-19,13:44:53,97.7,242.7,0.686,9.78099999999999
2026-06-19,13:44:54,97.7,242.7,0.686,9.78099999999999
2026-06-19,13:44:55,97.7,242.7,0.686,9.78099999999999
2026-06-19,13:44:56,97.7,242.7,0.686,9.78099999999999
2026-06-19,13:44:57,97.7,242.7,0.686,9.78099999999999
2026-06-19,13:44:58,97.7,242.7,0.686,9.78099999999999
2026-06-19,13:45:00,97.7,242.7,0.686,9.78099999999999
2026-06-19,13:45:01,97.7,242.7,0.686,9.78099999999999
2026-06-19,13:45:02,97.7,242.7,0.686,9.78099999999999
2026-06-19,13:45:03,97.7,242.7,0.686,9.78099999999999
2026-06-19,13:45:04,97.7,242.7,0.686,9.78099999999999
2026-06-19,13:45:05,97.7,242.7,0.686,9.78099999999999
2026-06-19,13:45:06,97.7,242.7,0.686,9.78099999999999
2026-06-19,13:45:07,97.7,242.7,0.686,9.78099999999999
2026-06-19,13:45:08,97.7,242.7,0.686,9.78099999999999
2026-06-19,13:45:09,97.7,242.7,0.686,9.78099999999999
2026-06-19,13:45:10,97.7,242.7,0.686,9.78099999999999
2026-06-19,13:45:11,97.7,242.7,0.686,9.78099999999999
2026-06-19,13:45:12,97.7,242.7,0.686,9.78099999999999
2026-06-19,13:45:13,97.7,242.7,0.686,9.78099999999999
2026-06-19,13:45:14,97.7,242.7,0.686,9.78099999999999
2026-06-19,13:45:15,97.7,242.7,0.686,9.78099999999999
2026-06-19,13:45:16,97.7,242.7,0.686,9.78099999999999
2026-06-19,13:45:17,97.7,242.7,0.686,9.78099999999999
2026-06-19,13:45:18,97.7,242.7,0.686,9.78099999999999
2026-06-19,13:45:19,97.7,242.7,0.686,9.78099999999999
2026-06-19,13:45:20,97.7,242.7,0.686,9.78099999999999
2026-06-19,13:45:21,97.7,242.7,0.686,9.78099999999999
2026-06-19,13:45:22,97.7,242.7,0.686,9.78099999999999
2026-06-19,13:45:23,97.7,242.7,0.686,9.78099999999999
2026-06-19,13:45:24,97.7,242.7,0.686,9.78099999999999
2026-06-19,13:45:25,97.7,242.7,0.686,9.78099999999999
2026-06-19,13:45:26,97.7,242.7,0.686,9.78099999999999
2026-06-19,13:45:27,97.7,242.7,0.686,9.78099999999999
2026-06-19,13:45:28,97.7,242.7,0.686,9.78099999999999
2026-06-19,13:45:29,97.7,242.7,0.686,9.78099999999999
2026-06-19,13:45:30,97.7,242.7,0.686,9.78099999999999
2026-06-19,13:45:31,97.7,242.7,0.686,9.78099999999999
2026-06-19,13:45:32,97.7,242.7,0.686,9.78099999999999
2026-06-19,13:45:33,97.7,242.7,0.686,9.78099999999999
2026-06-19,13:45:34,97.7,242.7,0.686,9.78099999999999
2026-06-19,13:45:35,97.7,242.7,0.686,9.78099999999999
2026-06-19,13:45:36,97.7,242.7,0.686,9.78099999999999
2026-06-19,13:45:37,97.7,242.7,0.686,9.78099999999999
2026-06-19,13:45:38,97.7,242.7,0.686,9.78099999999999
2026-06-19,13:45:39,97.7,242.7,0.686,9.78099999999999
2026-06-19,13:45:40,97.7,242.7,0.686,9.78099999999999
2026-06-19,13:45:41,97.7,242.7,0.686,9.78099999999999
2026-06-19,13:45:42,97.7,242.7,0.686,9.78099999999999
2026-06-19,13:45:43,97.7,242.7,0.686,9.78099999999999
2026-06-19,13:45:44,97.7,242.7,0.686,9.78099999999999
2026-06-19,13:45:45,97.7,242.7,0.686,9.78099999999999
2026-06-19,13:45:46,97.7,242.7,0.686,9.78099999999999
2026-06-19,13:45:47,97.7,242.7,0.686,9.78099999999999
2026-06-19,13:45:48,97.7,242.7,0.686,9.78099999999999
2026-06-19,13:45:49,97.7,242.7,0.686,9.78099999999999
2026-06-19,13:45:50,97.7,242.7,0.686,9.78099999999999
2026-06-19,13:45:51,97.7,242.7,0.686,9.78099999999999
2026-06-19,13:45:52,97.7,242.7,0.686,9.78099999999999
2026-06-19,13:45:53,97.7,242.7,0.686,9.78099999999999
2026-06-19,13:45:54,97.7,242.7,0.686,9.78099999999999
2026-06-19,13:45:55,97.7,242.7,0.686,9.78099999999999
2026-06-19,13:45:56,97.7,242.7,0.686,9.78099999999999
2026-06-19,13:45:57,97.7,242.7,0.686,9.78099999999999
2026-06-19,13:45:58,97.7,242.7,0.686,9.78099999999999
2026-06-19,13:45:59,97.7,242.7,0.686,9.78099999999999
2026-06-19,13:46:00,97.7,242.7,0.686,9.78099999999999
2026-06-19,13:46:01,97.7,242.7,0.686,9.78099999999999
2026-06-19,13:46:02,97.7,242.7,0.686,9.78099999999999
2026-06-19,13:46:03,97.7,242.7,0.686,9.78099999999999
2026-06-19,13:46:04,97.7,242.7,0.686,9.78099999999999
2026-06-19,13:46:05,97.7,242.7,0.686,9.78099999999999
2026-06-19,13:46:06,97.7,242.7,0.686,9.78099999999999
2026-06-19,13:46:07,97.7,242.7,0.686,9.78099999999999
2026-06-19,13:46:08,97.7,242.7,0.686,9.78099999999999
2026-06-19,13:46:09,97.7,242.7,0.686,9.78099999999999
2026-06-19,13:46:10,97.7,242.7,0.686,9.78099999999999
2026-06-19,13:46:11,97.7,242.7,0.686,9.78099999999999
2026-06-19,13:46:12,97.7,242.7,0.686,9.78099999999999
2026-06-19,13:46:13,97.7,242.7,0.686,9.78099999999999
2026-06-19,13:46:14,97.7,242.7,0.686,9.78099999999999
2026-06-19,13:46:15,97.7,242.7,0.686,9.78099999999999
2026-06-19,13:46:16,97.7,242.7,0.686,9.78099999999999
2026-06-19,13:46:17,97.7,242.7,0.686,9.78099999999999
2026-06-19,13:46:18,97.7,242.7,0.686,9.78099999999999
2026-06-19,13:46:19,97.7,242.7,0.686,9.78099999999999
2026-06-19,13:46:20,97.7,242.7,0.686,9.78099999999999
2026-06-19,13:46:21,97.7,242.7,0.686,9.78099999999999
2026-06-19,13:46:22,97.7,242.7,0.686,9.78099999999999
2026-06-19,13:46:23,97.7,242.7,0.686,9.78099999999999
2026-06-19,13:46:24,97.7,242.7,0.686,9.78099999999999
2026-06-19,13:46:25,97.7,242.7,0.686,9.78099999999999
2026-06-19,13:46:26,97.7,242.7,0.686,9.78099999999999
2026-06-19,13:46:27,97.7,242.7,0.686,9.78099999999999
2026-06-19,13:46:28,97.7,242.7,0.686,9.78099999999999
2026-06-19,13:46:29,97.7,242.7,0.686,9.78099999999999
2026-06-19,13:46:30,97.7,242.7,0.686,9.78099999999999
2026-06-19,13:46:31,97.7,242.7,0.686,9.78099999999999
2026-06-19,13:46:32,97.7,242.7,0.686,9.78099999999999
2026-06-19,13:46:33,97.7,242.7,0.686,9.78099999999999
2026-06-19,13:46:34,97.7,242.7,0.686,9.78099999999999
2026-06-19,13:46:35,97.7,242.7,0.686,9.78099999999999
2026-06-19,13:46:36,97.7,242.7,0.686,9.78099999999999
2026-06-19,13:46:37,97.7,242.7,0.686,9.78099999999999
2026-06-19,13:46:38,97.7,242.7,0.686,9.78099999999999
2026-06-19,13:46:39,97.7,242.7,0.686,9.78099999999999
2026-06-19,13:46:40,97.7,242.7,0.686,9.78099999999999
2026-06-19,13:46:41,97.7,242.7,0.686,9.78099999999999
2026-06-19,13:46:42,97.7,242.7,0.686,9.78099999999999
2026-06-19,13:46:43,97.7,242.7,0.686,9.78099999999999
2026-06-19,13:46:44,97.7,242.7,0.686,9.78099999999999
2026-06-19,13:46:45,97.7,242.7,0.686,9.78099999999999
2026-06-19,13:46:46,97.7,242.7,0.686,9.78099999999999
2026-06-19,13:46:47,97.7,242.7,0.686,9.78099999999999
2026-06-19,13:46:48,97.7,242.7,0.686,9.78099999999999
2026-06-19,13:46:49,97.7,242.7,0.686,9.78099999999999
2026-06-19,13:46:50,97.7,242.7,0.686,9.78099999999999
2026-06-19,13:46:51,97.7,242.7,0.686,9.78099999999999
2026-06-19,13:46:52,97.7,242.7,0.686,9.78099999999999
2026-06-19,13:46:53,97.7,242.7,0.686,9.78099999999999
2026-06-19,13:46:54,97.7,242.7,0.686,9.78099999999999
2026-06-19,13:46:55,97.7,242.7,0.686,9.78099999999999
2026-06-19,13:46:56,97.7,242.7,0.686,9.78099999999999
2026-06-19,13:46:57,97.7,242.7,0.686,9.78099999999999
2026-06-19,13:46:58,97.7,242.7,0.686,9.78099999999999
2026-06-19,13:46:59,97.7,242.7,0.686,9.78099999999999
2026-06-19,13:47:00,97.7,242.7,0.686,9.78099999999999
2026-06-19,13:47:01,97.7,242.7,0.686,9.78099999999999
2026-06-19,13:47:02,97.7,242.7,0.686,9.78099999999999
2026-06-19,13:47:03,97.7,242.7,0.686,9.78099999999999
2026-06-19,13:47:04,97.7,242.7,0.686,9.78099999999999
2026-06-19,13:47:05,97.7,242.7,0.686,9.78099999999999
2026-06-19,13:47:06,97.7,242.7,0.686,9.78099999999999
2026-06-19,13:47:07,97.7,242.7,0.686,9.78099999999999
2026-06-19,13:47:08,97.7,242.7,0.686,9.78099999999999
2026-06-19,13:47:09,97.7,242.7,0.686,9.78099999999999
2026-06-19,13:47:10,97.7,242.7,0.686,9.78099999999999
2026-06-19,13:47:11,97.7,242.7,0.686,9.78099999999999
2026-06-19,13:47:12,97.7,242.7,0.686,9.78099999999999
2026-06-19,13:47:13,97.7,242.7,0.686,9.78099999999999
2026-06-19,13:47:14,97.7,242.7,0.686,9.78099999999999
2026-06-19,13:47:15,97.7,242.7,0.686,9.78099999999999
2026-06-19,13:47:16,97.7,242.7,0.686,9.78099999999999
2026-06-19,13:47:17,97.7,242.7,0.686,9.78099999999999
2026-06-19,13:47:18,97.7,242.7,0.686,9.78099999999999
2026-06-19,13:47:19,97.7,242.7,0.686,9.78099999999999
2026-06-19,13:47:20,97.7,242.7,0.686,9.78099999999999
2026-06-19,13:47:21,97.7,242.7,0.686,9.78099999999999
2026-06-19,13:47:22,97.7,242.7,0.686,9.78099999999999
2026-06-19,13:47:23,97.7,242.7,0.686,9.78099999999999
2026-06-19,13:47:24,97.7,242.7,0.686,9.78099999999999
2026-06-19,13:47:25,97.7,242.7,0.686,9.78099999999999
2026-06-19,13:47:26,97.7,242.7,0.686,9.78099999999999
2026-06-19,13:47:27,97.7,242.7,0.686,9.78099999999999
2026-06-19,13:47:28,97.7,242.7,0.686,9.78099999999999
2026-06-19,13:47:29,97.7,242.7,0.686,9.78099999999999
2026-06-19,13:47:30,97.7,242.7,0.686,9.78099999999999
2026-06-19,13:47:31,97.7,242.7,0.686,9.78099999999999
2026-06-19,13:47:32,97.7,242.7,0.686,9.78099999999999
2026-06-19,13:47:33,97.7,242.7,0.686,9.78099999999999
2026-06-19,13:47:34,97.7,242.7,0.686,9.78099999999999
2026-06-19,13:47:35,97.7,242.7,0.686,9.78099999999999
2026-06-19,13:47:36,97.7,242.7,0.686,9.78099999999999
2026-06-19,13:47:37,97.7,242.7,0.686,9.78099999999999
2026-06-19,13:47:38,97.7,242.7,0.686,9.78099999999999
2026-06-19,13:47:39,97.7,242.7,0.686,9.78099999999999
2026-06-19,13:47:40,97.7,242.7,0.686,9.78099999999999
2026-06-19,13:47:41,97.7,242.7,0.686,9.78099999999999
2026-06-19,13:47:42,97.7,242.7,0.686,9.78099999999999
2026-06-19,13:47:43,97.7,242.7,0.686,9.78099999999999
2026-06-19,13:47:44,97.7,242.7,0.686,9.78099999999999
2026-06-19,13:47:45,97.7,242.7,0.686,9.78099999999999
2026-06-19,13:47:46,97.7,242.7,0.686,9.78099999999999
2026-06-19,13:47:47,97.7,242.7,0.686,9.78099999999999
2026-06-19,13:47:48,97.7,242.7,0.686,9.78099999999999
2026-06-19,13:47:49,97.7,242.7,0.686,9.78099999999999
2026-06-19,13:47:51,97.7,242.7,0.686,9.78099999999999
2026-06-19,13:47:52,97.7,242.7,0.686,9.78099999999999
2026-06-19,13:47:53,97.7,242.7,0.686,9.78099999999999
2026-06-19,13:47:54,97.7,242.7,0.686,9.78099999999999
2026-06-19,13:47:55,97.7,242.7,0.686,9.78099999999999
2026-06-19,13:47:56,97.7,242.7,0.686,9.78099999999999
2026-06-19,13:47:57,97.7,242.7,0.686,9.78099999999999
2026-06-19,13:47:58,97.7,242.7,0.686,9.78099999999999
2026-06-19,13:47:59,97.7,242.7,0.686,9.78099999999999
2026-06-19,13:48:00,97.7,242.7,0.686,9.78099999999999
2026-06-19,13:48:01,97.7,242.7,0.686,9.78099999999999
2026-06-19,13:48:02,97.7,242.7,0.686,9.78099999999999
2026-06-19,13:48:03,97.7,242.7,0.686,9.78099999999999
2026-06-19,13:48:04,97.7,242.7,0.686,9.78099999999999
2026-06-19,13:48:05,97.7,242.7,0.686,9.78099999999999
2026-06-19,13:48:06,97.7,242.7,0.686,9.78099999999999
2026-06-19,13:48:07,97.7,242.7,0.686,9.78099999999999
2026-06-19,13:48:08,97.7,242.7,0.686,9.78099999999999
2026-06-19,13:48:09,97.7,242.7,0.686,9.78099999999999
2026-06-19,13:48:10,97.7,242.7,0.686,9.78099999999999
2026-06-19,13:48:11,97.7,242.7,0.686,9.78099999999999
2026-06-19,13:48:12,97.7,242.7,0.686,9.78099999999999
2026-06-19,13:48:13,97.7,242.7,0.686,9.78099999999999
2026-06-19,13:48:14,97.7,242.7,0.686,9.78099999999999
2026-06-19,13:48:15,97.7,242.7,0.686,9.78099999999999
2026-06-19,13:48:16,97.7,242.7,0.686,9.78099999999999
2026-06-19,13:48:17,97.7,242.7,0.686,9.78099999999999
2026-06-19,13:48:18,97.7,242.7,0.686,9.78099999999999
2026-06-19,13:48:19,97.7,242.7,0.686,9.78099999999999
2026-06-19,13:48:20,97.7,242.7,0.686,9.78099999999999
2026-06-19,13:48:21,97.7,242.7,0.686,9.78099999999999
2026-06-19,13:48:22,97.7,242.7,0.686,9.78099999999999
2026-06-19,13:48:23,97.7,242.7,0.686,9.78099999999999
2026-06-19,13:48:24,97.7,242.7,0.686,9.78099999999999
2026-06-19,13:48:25,97.7,242.7,0.686,9.78099999999999
2026-06-19,13:48:26,97.7,242.7,0.686,9.78099999999999
2026-06-19,13:48:27,97.7,242.7,0.686,9.78099999999999
2026-06-19,13:48:28,97.7,242.7,0.686,9.78099999999999
2026-06-19,13:48:29,97.7,242.7,0.686,9.78099999999999
2026-06-19,13:48:30,97.7,242.7,0.686,9.78099999999999
2026-06-19,13:48:31,97.7,242.7,0.686,9.78099999999999
2026-06-19,13:48:32,97.7,242.7,0.686,9.78099999999999
2026-06-19,13:48:33,97.7,242.7,0.686,9.78099999999999
2026-06-19,13:48:34,97.7,242.7,0.686,9.78099999999999
2026-06-19,13:48:35,97.7,242.7,0.686,9.78099999999999
2026-06-19,13:48:36,97.7,242.7,0.686,9.78099999999999
2026-06-19,13:48:37,97.7,242.7,0.686,9.78099999999999
2026-06-19,13:48:38,97.7,242.7,0.686,9.78099999999999
2026-06-19,13:48:39,97.7,242.7,0.686,9.78099999999999
2026-06-19,13:48:40,97.7,242.7,0.686,9.78099999999999
2026-06-19,13:48:41,97.7,242.7,0.686,9.78099999999999
2026-06-19,13:48:42,97.7,242.7,0.686,9.78099999999999
2026-06-19,13:48:43,97.7,242.7,0.686,9.78099999999999
2026-06-19,13:48:44,97.7,242.7,0.686,9.78099999999999
2026-06-19,13:48:45,97.7,242.7,0.686,9.78099999999999
2026-06-19,13:48:46,97.7,242.7,0.686,9.78099999999999
2026-06-19,13:48:47,97.7,242.7,0.686,9.78099999999999
2026-06-19,13:48:48,97.7,242.7,0.686,9.78099999999999
2026-06-19,13:48:49,97.7,242.7,0.686,9.78099999999999
2026-06-19,13:48:50,97.7,242.7,0.686,9.78099999999999
2026-06-19,13:48:51,97.7,242.7,0.686,9.78099999999999
2026-06-19,13:48:52,97.7,242.7,0.686,9.78099999999999
2026-06-19,13:48:53,97.7,242.7,0.686,9.78099999999999
2026-06-19,13:48:54,97.7,242.7,0.686,9.78099999999999
2026-06-19,13:48:55,97.7,242.7,0.686,9.78099999999999
2026-06-19,13:48:56,97.7,242.7,0.686,9.78099999999999
2026-06-19,13:48:57,97.7,242.7,0.686,9.78099999999999
2026-06-19,13:48:58,97.7,242.7,0.686,9.78099999999999
2026-06-19,13:48:59,97.7,242.7,0.686,9.78099999999999
2026-06-19,13:49:00,97.7,242.7,0.686,9.78099999999999
2026-06-19,13:49:01,97.7,242.7,0.686,9.78099999999999
2026-06-19,13:49:02,97.7,242.7,0.686,9.78099999999999
2026-06-19,13:49:03,97.7,242.7,0.686,9.78099999999999
2026-06-19,13:49:04,97.7,242.7,0.686,9.78099999999999
2026-06-19,13:49:05,97.7,242.7,0.686,9.78099999999999
2026-06-19,13:49:06,97.7,242.7,0.686,9.78099999999999
2026-06-19,13:49:07,97.7,242.7,0.686,9.78099999999999
2026-06-19,13:49:08,97.7,242.7,0.686,9.78099999999999
2026-06-19,13:49:09,97.7,242.7,0.686,9.78099999999999
2026-06-19,13:49:10,97.7,242.7,0.686,9.78099999999999
2026-06-19,13:49:11,97.7,242.7,0.686,9.78099999999999
2026-06-19,13:49:12,97.7,242.7,0.686,9.78099999999999
2026-06-19,13:49:13,97.7,242.7,0.686,9.78099999999999
2026-06-19,13:49:14,97.7,242.7,0.686,9.78099999999999
2026-06-19,13:49:15,97.7,242.7,0.686,9.78099999999999
2026-06-19,13:49:16,97.7,242.7,0.686,9.78099999999999
2026-06-19,13:49:17,97.7,242.7,0.686,9.78099999999999
2026-06-19,13:49:18,97.7,242.7,0.686,9.78099999999999
2026-06-19,13:49:19,97.7,242.7,0.686,9.78099999999999
2026-06-19,13:49:20,97.7,242.7,0.686,9.78099999999999
2026-06-19,13:49:21,97.7,242.7,0.686,9.78099999999999
2026-06-19,13:49:22,97.7,242.7,0.686,9.78099999999999
2026-06-19,13:49:23,97.7,242.7,0.686,9.78099999999999
2026-06-19,13:49:24,97.7,242.7,0.686,9.78099999999999
2026-06-19,13:49:25,97.7,242.7,0.686,9.78099999999999
2026-06-19,13:49:26,97.7,242.7,0.686,9.78099999999999
2026-06-19,13:49:27,97.7,242.7,0.686,9.78099999999999
2026-06-19,13:49:28,97.7,242.7,0.686,9.78099999999999
2026-06-19,13:49:29,97.7,242.7,0.686,9.78099999999999
2026-06-19,13:49:30,97.7,242.7,0.686,9.78099999999999
2026-06-19,13:49:31,97.7,242.7,0.686,9.78099999999999
2026-06-19,13:49:32,97.7,242.7,0.686,9.78099999999999
2026-06-19,13:49:33,97.7,242.7,0.686,9.78099999999999
2026-06-19,13:49:34,97.7,242.7,0.686,9.78099999999999
2026-06-19,13:49:35,97.7,242.7,0.686,9.78099999999999
2026-06-19,13:49:36,97.7,242.7,0.686,9.78099999999999
2026-06-19,13:49:37,97.7,242.7,0.686,9.78099999999999
2026-06-19,13:49:38,97.7,242.7,0.686,9.78099999999999
2026-06-19,13:49:39,97.7,242.7,0.686,9.78099999999999
2026-06-19,13:49:40,97.7,242.7,0.686,9.78099999999999
2026-06-19,13:49:41,97.7,242.7,0.686,9.78099999999999
2026-06-19,13:49:42,97.7,242.7,0.686,9.78099999999999
2026-06-19,13:49:43,97.7,242.7,0.686,9.78099999999999
2026-06-19,13:49:44,97.7,242.7,0.686,9.78099999999999
2026-06-19,13:49:45,97.7,242.7,0.686,9.78099999999999
2026-06-19,13:49:46,97.7,242.7,0.686,9.78099999999999
2026-06-19,13:49:47,97.7,242.7,0.686,9.78099999999999
2026-06-19,13:49:48,97.7,242.7,0.686,9.78099999999999
2026-06-19,13:49:49,97.7,242.7,0.686,9.78099999999999
2026-06-19,13:49:50,97.7,242.7,0.686,9.78099999999999
2026-06-19,13:49:51,97.7,242.7,0.686,9.78099999999999
2026-06-19,13:49:52,97.7,242.7,0.686,9.78099999999999
2026-06-19,13:49:53,97.7,242.7,0.686,9.78099999999999
2026-06-19,13:49:54,97.7,242.7,0.686,9.78099999999999
2026-06-19,13:49:55,97.7,242.7,0.686,9.78099999999999
2026-06-19,13:49:56,97.7,242.7,0.686,9.78099999999999
2026-06-19,13:49:57,97.7,242.7,0.686,9.78099999999999
2026-06-19,13:49:58,97.7,242.7,0.686,9.78099999999999
2026-06-19,13:49:59,97.7,242.7,0.686,9.78099999999999
2026-06-19,13:50:00,97.7,242.7,0.686,9.78099999999999
2026-06-19,13:50:01,97.7,242.7,0.686,9.78099999999999
2026-06-19,13:50:02,97.7,242.7,0.686,9.78099999999999
2026-06-19,13:50:03,97.7,242.7,0.686,9.78099999999999
2026-06-19,13:50:04,97.7,242.7,0.686,9.78099999999999
2026-06-19,13:50:05,97.7,242.7,0.686,9.78099999999999
2026-06-19,13:50:06,97.7,242.7,0.686,9.78099999999999
2026-06-19,13:50:07,97.7,242.7,0.686,9.78099999999999
2026-06-19,13:50:08,97.7,242.7,0.686,9.78099999999999
2026-06-19,13:50:09,97.7,242.7,0.686,9.78099999999999
2026-06-19,13:50:10,97.7,242.7,0.686,9.78099999999999
2026-06-19,13:50:11,97.7,242.7,0.686,9.78099999999999
2026-06-19,13:50:12,97.7,242.7,0.686,9.78099999999999
2026-06-19,13:50:13,97.7,242.7,0.686,9.78099999999999
2026-06-19,13:50:14,97.7,242.7,0.686,9.78099999999999
2026-06-19,13:50:15,97.7,242.7,0.686,9.78099999999999
2026-06-19,13:50:16,97.7,242.7,0.686,9.78099999999999
2026-06-19,13:50:17,97.7,242.7,0.686,9.78099999999999
2026-06-19,13:50:18,97.7,242.7,0.686,9.78099999999999
2026-06-19,13:50:19,97.7,242.7,0.686,9.78099999999999
2026-06-19,13:50:20,97.7,242.7,0.686,9.78099999999999
2026-06-19,13:50:21,97.7,242.7,0.686,9.78099999999999
2026-06-19,13:50:22,97.7,242.7,0.686,9.78099999999999
2026-06-19,13:50:23,97.7,242.7,0.686,9.78099999999999
2026-06-19,13:50:24,97.7,242.7,0.686,9.78099999999999
2026-06-19,13:50:25,97.7,242.7,0.686,9.78099999999999
2026-06-19,13:50:26,97.7,242.7,0.686,9.78099999999999
2026-06-19,13:50:27,97.7,242.7,0.686,9.78099999999999
2026-06-19,13:50:28,97.7,242.7,0.686,9.78099999999999
2026-06-19,13:50:30,97.7,242.7,0.686,9.78099999999999
2026-06-19,13:50:31,97.7,242.7,0.686,9.78099999999999
2026-06-19,13:50:32,97.7,242.7,0.686,9.78099999999999
2026-06-19,13:50:33,97.7,242.7,0.686,9.78099999999999
2026-06-19,13:50:34,97.7,242.7,0.686,9.78099999999999
2026-06-19,13:50:35,97.7,242.7,0.686,9.78099999999999
2026-06-19,13:50:36,97.7,242.7,0.686,9.78099999999999
2026-06-19,13:50:37,97.7,242.7,0.686,9.78099999999999
2026-06-19,13:50:38,97.7,242.7,0.686,9.78099999999999
2026-06-19,13:50:39,97.7,242.7,0.686,9.78099999999999
2026-06-19,13:50:40,97.7,242.7,0.686,9.78099999999999
2026-06-19,13:50:41,97.7,242.7,0.686,9.78099999999999
2026-06-19,13:50:42,97.7,242.7,0.686,9.78099999999999
2026-06-19,13:50:43,97.7,242.7,0.686,9.78099999999999
2026-06-19,13:50:44,97.7,242.7,0.686,9.78099999999999
2026-06-19,13:50:45,97.7,242.7,0.686,9.78099999999999
2026-06-19,13:50:46,97.7,242.7,0.686,9.78099999999999
2026-06-19,13:50:47,97.7,242.7,0.686,9.78099999999999
2026-06-19,13:50:48,97.7,242.7,0.686,9.78099999999999
2026-06-19,13:50:49,97.7,242.7,0.686,9.78099999999999
2026-06-19,13:50:50,97.7,242.7,0.686,9.78099999999999
2026-06-19,13:50:51,97.7,242.7,0.686,9.78099999999999
2026-06-19,13:50:52,97.7,242.7,0.686,9.78099999999999
2026-06-19,13:50:53,97.7,242.7,0.686,9.78099999999999
2026-06-19,13:50:54,97.7,242.7,0.686,9.78099999999999
2026-06-19,13:50:55,97.7,242.7,0.686,9.78099999999999
2026-06-19,13:50:56,97.7,242.7,0.686,9.78099999999999
2026-06-19,13:50:57,97.7,242.7,0.686,9.78099999999999
2026-06-19,13:50:58,97.7,242.7,0.686,9.78099999999999
2026-06-19,13:50:59,97.7,242.7,0.686,9.78099999999999
2026-06-19,13:51:00,97.7,242.7,0.686,9.78099999999999
2026-06-19,13:51:01,97.7,242.7,0.686,9.78099999999999
2026-06-19,13:51:02,97.7,242.7,0.686,9.78099999999999
2026-06-19,13:51:03,97.7,242.7,0.686,9.78099999999999
2026-06-19,13:51:04,97.7,242.7,0.686,9.78099999999999
2026-06-19,13:51:05,97.7,242.7,0.686,9.78099999999999
2026-06-19,13:51:06,97.7,242.7,0.686,9.78099999999999
2026-06-19,13:51:07,97.7,242.7,0.686,9.78099999999999
2026-06-19,13:51:08,97.7,242.7,0.686,9.78099999999999
2026-06-19,13:51:09,97.7,242.7,0.686,9.78099999999999
2026-06-19,13:51:10,97.7,242.7,0.686,9.78099999999999
2026-06-19,13:51:11,97.7,242.7,0.686,9.78099999999999
2026-06-19,13:51:12,97.7,242.7,0.686,9.78099999999999
2026-06-19,13:51:13,97.7,242.7,0.686,9.78099999999999
2026-06-19,13:51:14,97.7,242.7,0.686,9.78099999999999
2026-06-19,13:51:15,97.7,242.7,0.686,9.78099999999999
2026-06-19,13:51:16,97.7,242.7,0.686,9.78099999999999
2026-06-19,13:51:17,97.7,242.7,0.686,9.78099999999999
2026-06-19,13:51:18,97.7,242.7,0.686,9.78099999999999
2026-06-19,13:51:19,97.7,242.7,0.686,9.78099999999999
2026-06-19,13:51:20,97.7,242.7,0.686,9.78099999999999
2026-06-19,13:51:21,97.7,242.7,0.686,9.78099999999999
2026-06-19,13:51:22,97.7,242.7,0.686,9.78099999999999
2026-06-19,13:51:23,97.7,242.7,0.686,9.78099999999999
2026-06-19,13:51:24,97.7,242.7,0.686,9.78099999999999
2026-06-19,13:51:25,97.7,242.7,0.686,9.78099999999999
2026-06-19,13:51:26,97.7,242.7,0.686,9.78099999999999
2026-06-19,13:51:27,97.7,242.7,0.686,9.78099999999999
2026-06-19,13:51:28,97.7,242.7,0.686,9.78099999999999
2026-06-19,13:51:29,97.7,242.7,0.686,9.78099999999999
2026-06-19,13:51:30,97.7,242.7,0.686,9.78099999999999
2026-06-19,13:51:31,97.7,242.7,0.686,9.78099999999999
2026-06-19,13:51:32,97.7,242.7,0.686,9.78099999999999
2026-06-19,13:51:33,97.7,242.7,0.686,9.78099999999999
2026-06-19,13:51:34,97.7,242.7,0.686,9.78099999999999
2026-06-19,13:51:35,97.7,242.7,0.686,9.78099999999999
2026-06-19,13:51:36,97.7,242.7,0.686,9.78099999999999
2026-06-19,13:51:37,97.7,242.7,0.686,9.78099999999999
2026-06-19,13:51:38,97.7,242.7,0.686,9.78099999999999
2026-06-19,13:51:39,97.7,242.7,0.686,9.78099999999999
2026-06-19,13:51:40,97.7,242.7,0.686,9.78099999999999
2026-06-19,13:51:41,97.7,242.7,0.686,9.78099999999999
2026-06-19,13:51:42,97.7,242.7,0.686,9.78099999999999
2026-06-19,13:51:43,97.7,242.7,0.686,9.78099999999999
2026-06-19,13:51:44,97.7,242.7,0.686,9.78099999999999
2026-06-19,13:51:45,97.7,242.7,0.686,9.78099999999999
2026-06-19,13:51:46,97.7,242.7,0.686,9.78099999999999
2026-06-19,13:51:47,97.7,242.7,0.686,9.78099999999999
2026-06-19,13:51:48,97.7,242.7,0.686,9.78099999999999
2026-06-19,13:51:49,97.7,242.7,0.686,9.78099999999999
2026-06-19,13:51:50,97.7,242.7,0.686,9.78099999999999
2026-06-19,13:51:51,97.7,242.7,0.686,9.78099999999999
2026-06-19,13:51:52,97.7,242.7,0.686,9.78099999999999
2026-06-19,13:51:53,97.7,242.7,0.686,9.78099999999999
2026-06-19,13:51:54,97.7,242.7,0.686,9.78099999999999
2026-06-19,13:51:55,97.7,242.7,0.686,9.78099999999999
2026-06-19,13:51:56,97.7,242.7,0.686,9.78099999999999
2026-06-19,13:51:57,97.7,242.7,0.686,9.78099999999999
2026-06-19,13:51:58,97.7,242.7,0.686,9.78099999999999
2026-06-19,13:51:59,97.7,242.7,0.686,9.78099999999999
2026-06-19,13:52:00,97.7,242.7,0.686,9.78099999999999
2026-06-19,13:52:01,97.7,242.7,0.686,9.78099999999999
2026-06-19,13:52:02,97.7,242.7,0.686,9.78099999999999
2026-06-19,13:52:03,97.7,242.7,0.686,9.78099999999999
2026-06-19,13:52:04,97.7,242.7,0.686,9.78099999999999
2026-06-19,13:52:05,97.7,242.7,0.686,9.78099999999999
2026-06-19,13:52:06,97.7,242.7,0.686,9.78099999999999
2026-06-19,13:52:07,97.7,242.7,0.686,9.78099999999999
2026-06-19,13:52:08,69.5,242.8,0.527,9.78099999999999
2026-06-19,13:52:09,69.5,242.8,0.527,9.78099999999999
2026-06-19,13:52:10,69.5,242.8,0.527,9.78099999999999
2026-06-19,13:52:11,69.5,242.8,0.527,9.78099999999999
2026-06-19,13:52:12,69.5,242.8,0.527,9.78099999999999
2026-06-19,13:52:13,69.5,242.8,0.527,9.78099999999999
2026-06-19,13:52:14,69.5,242.8,0.527,9.78099999999999
2026-06-19,13:52:15,69.5,242.8,0.527,9.78099999999999
2026-06-19,13:52:16,69.5,242.8,0.527,9.78099999999999
2026-06-19,13:52:17,69.5,242.8,0.527,9.78099999999999
2026-06-19,13:52:18,69.5,242.8,0.527,9.78099999999999
2026-06-19,13:52:19,69.5,242.8,0.527,9.78099999999999
2026-06-19,13:52:20,69.5,242.8,0.527,9.78099999999999
2026-06-19,13:52:21,69.5,242.8,0.527,9.78099999999999
2026-06-19,13:52:22,69.5,242.8,0.527,9.78099999999999
2026-06-19,13:52:23,69.5,242.8,0.527,9.78099999999999
2026-06-19,13:52:24,69.5,242.8,0.527,9.78099999999999
2026-06-19,13:52:25,69.5,242.8,0.527,9.78099999999999
2026-06-19,13:52:26,69.5,242.8,0.527,9.78099999999999
2026-06-19,13:52:27,69.5,242.8,0.527,9.78099999999999
2026-06-19,13:52:28,69.5,242.8,0.527,9.78099999999999
2026-06-19,13:52:29,69.5,242.8,0.527,9.78099999999999
2026-06-19,13:52:30,69.5,242.8,0.527,9.78099999999999
2026-06-19,13:52:31,69.5,242.8,0.527,9.78099999999999
2026-06-19,13:52:32,69.5,242.8,0.527,9.78099999999999
2026-06-19,13:52:33,69.5,242.8,0.527,9.78099999999999
2026-06-19,13:52:34,69.5,242.8,0.527,9.78099999999999
2026-06-19,13:52:35,69.5,242.8,0.527,9.78099999999999
2026-06-19,13:52:36,69.5,242.8,0.527,9.78099999999999
2026-06-19,13:52:37,69.5,242.8,0.527,9.78099999999999
2026-06-19,13:52:38,69.5,242.8,0.527,9.78099999999999
2026-06-19,13:52:39,69.5,242.8,0.527,9.78099999999999
2026-06-19,13:52:40,69.5,242.8,0.527,9.78099999999999
2026-06-19,13:52:41,69.5,242.8,0.527,9.78099999999999
2026-06-19,13:52:42,69.5,242.8,0.527,9.78099999999999
2026-06-19,13:52:43,69.5,242.8,0.527,9.78099999999999
2026-06-19,13:52:44,69.5,242.8,0.527,9.78099999999999
2026-06-19,13:52:45,69.5,242.8,0.527,9.78099999999999
2026-06-19,13:52:46,69.5,242.8,0.527,9.78099999999999
2026-06-19,13:52:47,69.5,242.8,0.527,9.78099999999999
2026-06-19,13:52:48,69.5,242.8,0.527,9.78099999999999
2026-06-19,13:52:49,69.5,242.8,0.527,9.78099999999999
2026-06-19,13:52:50,69.5,242.8,0.527,9.78099999999999
2026-06-19,13:52:51,69.5,242.8,0.527,9.78099999999999
2026-06-19,13:52:52,69.5,242.8,0.527,9.78099999999999
2026-06-19,13:52:53,69.5,242.8,0.527,9.78099999999999
2026-06-19,13:52:54,69.5,242.8,0.527,9.78099999999999
2026-06-19,13:52:55,69.5,242.8,0.527,9.78099999999999
2026-06-19,13:52:56,69.5,242.8,0.527,9.78099999999999
2026-06-19,13:52:57,69.5,242.8,0.527,9.78099999999999
2026-06-19,13:52:58,69.5,242.8,0.527,9.78099999999999
2026-06-19,13:52:59,69.5,242.8,0.527,9.78099999999999
2026-06-19,13:53:00,69.5,242.8,0.527,9.78099999999999
2026-06-19,13:53:01,69.5,242.8,0.527,9.78099999999999
2026-06-19,13:53:02,69.5,242.8,0.527,9.78099999999999
2026-06-19,13:53:03,69.5,242.8,0.527,9.78099999999999
2026-06-19,13:53:04,69.5,242.8,0.527,9.78099999999999
2026-06-19,13:53:05,69.5,242.8,0.527,9.78099999999999
2026-06-19,13:53:06,69.5,242.8,0.527,9.78099999999999
2026-06-19,13:53:07,69.5,242.8,0.527,9.78099999999999
2026-06-19,13:53:09,69.5,242.8,0.527,9.78099999999999
2026-06-19,13:53:10,69.5,242.8,0.527,9.78099999999999
2026-06-19,13:53:11,69.5,242.8,0.527,9.78099999999999
2026-06-19,13:53:12,69.5,242.8,0.527,9.78099999999999
2026-06-19,13:53:13,69.5,242.8,0.527,9.78099999999999
2026-06-19,13:53:14,69.5,242.8,0.527,9.78099999999999
2026-06-19,13:53:15,69.5,242.8,0.527,9.78099999999999
2026-06-19,13:53:16,69.5,242.8,0.527,9.78099999999999
2026-06-19,13:53:17,69.5,242.8,0.527,9.78099999999999
2026-06-19,13:53:18,69.5,242.8,0.527,9.78099999999999
2026-06-19,13:53:19,69.5,242.8,0.527,9.78099999999999
2026-06-19,13:53:20,69.5,242.8,0.527,9.78099999999999
2026-06-19,13:53:21,69.5,242.8,0.527,9.78099999999999
2026-06-19,13:53:22,69.5,242.8,0.527,9.78099999999999
2026-06-19,13:53:23,69.5,242.8,0.527,9.78099999999999
2026-06-19,13:53:24,69.5,242.8,0.527,9.78099999999999
2026-06-19,13:53:25,69.5,242.8,0.527,9.78099999999999
2026-06-19,13:53:26,69.5,242.8,0.527,9.78099999999999
2026-06-19,13:53:27,69.5,242.8,0.527,9.78099999999999
2026-06-19,13:53:28,69.5,242.8,0.527,9.78099999999999
2026-06-19,13:53:29,69.5,242.8,0.527,9.78099999999999
2026-06-19,13:53:30,69.5,242.8,0.527,9.78099999999999
2026-06-19,13:53:31,69.5,242.8,0.527,9.78099999999999
2026-06-19,13:53:32,69.5,242.8,0.527,9.78099999999999
2026-06-19,13:53:33,69.5,242.8,0.527,9.78099999999999
2026-06-19,13:53:34,69.5,242.8,0.527,9.78099999999999
2026-06-19,13:53:35,69.5,242.8,0.527,9.78099999999999
2026-06-19,13:53:36,69.5,242.8,0.527,9.78099999999999
2026-06-19,13:53:37,69.5,242.8,0.527,9.78099999999999
2026-06-19,13:53:38,69.5,242.8,0.527,9.78099999999999
2026-06-19,13:53:39,69.5,242.8,0.527,9.78099999999999
2026-06-19,13:53:40,69.5,242.8,0.527,9.78099999999999
2026-06-19,13:53:41,69.5,242.8,0.527,9.78099999999999
2026-06-19,13:53:42,69.5,242.8,0.527,9.78099999999999
2026-06-19,13:53:43,69.5,242.8,0.527,9.78099999999999
2026-06-19,13:53:44,69.5,242.8,0.527,9.78099999999999
2026-06-19,13:53:45,69.5,242.8,0.527,9.78099999999999
2026-06-19,13:53:46,69.5,242.8,0.527,9.78099999999999
2026-06-19,13:53:47,69.5,242.8,0.527,9.78099999999999
2026-06-19,13:53:48,69.5,242.8,0.527,9.78099999999999
2026-06-19,13:53:49,69.5,242.8,0.527,9.78099999999999
2026-06-19,13:53:50,69.5,242.8,0.527,9.78099999999999
2026-06-19,13:53:51,69.5,242.8,0.527,9.78099999999999
2026-06-19,13:53:52,69.5,242.8,0.527,9.78099999999999
2026-06-19,13:53:53,69.5,242.8,0.527,9.78099999999999
2026-06-19,13:53:54,69.5,242.8,0.527,9.78099999999999
2026-06-19,13:53:55,69.5,242.8,0.527,9.78099999999999
2026-06-19,13:53:56,69.5,242.8,0.527,9.78099999999999
2026-06-19,13:53:57,69.5,242.8,0.527,9.78099999999999
2026-06-19,13:53:58,69.5,242.8,0.527,9.78099999999999
2026-06-19,13:53:59,69.5,242.8,0.527,9.78099999999999
2026-06-19,13:54:00,69.5,242.8,0.527,9.78099999999999
2026-06-19,13:54:01,69.5,242.8,0.527,9.78099999999999
2026-06-19,13:54:02,69.5,242.8,0.527,9.78099999999999
2026-06-19,13:54:03,69.5,242.8,0.527,9.78099999999999
2026-06-19,13:54:04,69.5,242.8,0.527,9.78099999999999
2026-06-19,13:54:05,69.5,242.8,0.527,9.78099999999999
2026-06-19,13:54:06,69.5,242.8,0.527,9.78099999999999
2026-06-19,13:54:07,69.5,242.8,0.527,9.78099999999999
2026-06-19,13:54:08,69.5,242.8,0.527,9.78099999999999
2026-06-19,13:54:09,69.5,242.8,0.527,9.78099999999999
2026-06-19,13:54:10,69.5,242.8,0.527,9.78099999999999
2026-06-19,13:54:11,69.5,242.8,0.527,9.78099999999999
2026-06-19,13:54:12,69.5,242.8,0.527,9.78099999999999
2026-06-19,13:54:13,69.5,242.8,0.527,9.78099999999999
2026-06-19,13:54:14,69.5,242.8,0.527,9.78099999999999
2026-06-19,13:54:15,69.5,242.8,0.527,9.78099999999999
2026-06-19,13:54:16,69.5,242.8,0.527,9.78099999999999
2026-06-19,13:54:17,69.5,242.8,0.527,9.78099999999999
2026-06-19,13:54:18,69.5,242.8,0.527,9.78099999999999
2026-06-19,13:54:19,69.5,242.8,0.527,9.78099999999999
2026-06-19,13:54:20,69.5,242.8,0.527,9.78099999999999
2026-06-19,13:54:21,69.5,242.8,0.527,9.78099999999999
2026-06-19,13:54:22,69.5,242.8,0.527,9.78099999999999
2026-06-19,13:54:23,69.5,242.8,0.527,9.78099999999999
2026-06-19,13:54:24,69.5,242.8,0.527,9.78099999999999
2026-06-19,13:54:25,69.5,242.8,0.527,9.78099999999999
2026-06-19,13:54:26,69.5,242.8,0.527,9.78099999999999
2026-06-19,13:54:27,69.5,242.8,0.527,9.78099999999999
2026-06-19,13:54:28,69.5,242.8,0.527,9.78099999999999
2026-06-19,13:54:29,69.5,242.8,0.527,9.78099999999999
2026-06-19,13:54:30,69.5,242.8,0.527,9.78099999999999
2026-06-19,13:54:31,69.5,242.8,0.527,9.78099999999999
2026-06-19,13:54:32,69.5,242.8,0.527,9.78099999999999
2026-06-19,13:54:33,69.5,242.8,0.527,9.78099999999999
2026-06-19,13:54:34,69.5,242.8,0.527,9.78099999999999
2026-06-19,13:54:35,69.5,242.8,0.527,9.78099999999999
2026-06-19,13:54:36,69.5,242.8,0.527,9.78099999999999
2026-06-19,13:54:37,69.5,242.8,0.527,9.78099999999999
2026-06-19,13:54:38,69.5,242.8,0.527,9.78099999999999
2026-06-19,13:54:39,69.5,242.8,0.527,9.78099999999999
2026-06-19,13:54:40,69.5,242.8,0.527,9.78099999999999
2026-06-19,13:54:41,69.5,242.8,0.527,9.78099999999999
2026-06-19,13:54:42,69.5,242.8,0.527,9.78099999999999
2026-06-19,13:54:43,69.5,242.8,0.527,9.78099999999999
2026-06-19,13:54:44,69.5,242.8,0.527,9.78099999999999
2026-06-19,13:54:45,69.5,242.8,0.527,9.78099999999999
2026-06-19,13:54:46,69.5,242.8,0.527,9.78099999999999
2026-06-19,13:54:47,69.5,242.8,0.527,9.78099999999999
2026-06-19,13:54:48,69.5,242.8,0.527,9.78099999999999
2026-06-19,13:54:49,69.5,242.8,0.527,9.78099999999999
2026-06-19,13:54:50,69.5,242.8,0.527,9.78099999999999
2026-06-19,13:54:51,69.5,242.8,0.527,9.78099999999999
2026-06-19,13:54:52,69.5,242.8,0.527,9.78099999999999
2026-06-19,13:54:53,69.5,242.8,0.527,9.78099999999999
2026-06-19,13:54:54,69.5,242.8,0.527,9.78099999999999
2026-06-19,13:54:55,69.5,242.8,0.527,9.78099999999999
2026-06-19,13:54:56,69.5,242.8,0.527,9.78099999999999
2026-06-19,13:54:57,69.5,242.8,0.527,9.78099999999999
2026-06-19,13:54:58,69.5,242.8,0.527,9.78099999999999
2026-06-19,13:54:59,69.5,242.8,0.527,9.78099999999999
2026-06-19,13:55:00,69.5,242.8,0.527,9.78099999999999
2026-06-19,13:55:01,69.5,242.8,0.527,9.78099999999999
2026-06-19,13:55:02,69.5,242.8,0.527,9.78099999999999
2026-06-19,13:55:03,69.5,242.8,0.527,9.78099999999999
2026-06-19,13:55:04,69.5,242.8,0.527,9.78099999999999
2026-06-19,13:55:05,69.5,242.8,0.527,9.78099999999999
2026-06-19,13:55:06,69.5,242.8,0.527,9.78099999999999
2026-06-19,13:55:07,69.5,242.8,0.527,9.78099999999999
2026-06-19,13:55:08,69.5,242.8,0.527,9.78099999999999
2026-06-19,13:55:09,69.5,242.8,0.527,9.78099999999999
2026-06-19,13:55:10,69.5,242.8,0.527,9.78099999999999
2026-06-19,13:55:11,69.5,242.8,0.527,9.78099999999999
2026-06-19,13:55:12,69.5,242.8,0.527,9.78099999999999
2026-06-19,13:55:13,69.5,242.8,0.527,9.78099999999999
2026-06-19,13:55:14,69.5,242.8,0.527,9.78099999999999
2026-06-19,13:55:15,69.5,242.8,0.527,9.78099999999999
2026-06-19,13:55:16,69.5,242.8,0.527,9.78099999999999
2026-06-19,13:55:18,69.5,242.8,0.527,9.78099999999999
2026-06-19,13:55:19,69.5,242.8,0.527,9.78099999999999
2026-06-19,13:55:20,69.5,242.8,0.527,9.78099999999999
2026-06-19,13:55:21,69.5,242.8,0.527,9.78099999999999
2026-06-19,13:55:22,69.5,242.8,0.527,9.78099999999999
2026-06-19,13:55:23,69.5,242.8,0.527,9.78099999999999
2026-06-19,13:55:24,69.5,242.8,0.527,9.78099999999999
2026-06-19,13:55:25,69.5,242.8,0.527,9.78099999999999
2026-06-19,13:55:26,69.5,242.8,0.527,9.78099999999999
2026-06-19,13:55:27,69.5,242.8,0.527,9.78099999999999
2026-06-19,13:55:28,69.5,242.8,0.527,9.78099999999999
2026-06-19,13:55:29,69.5,242.8,0.527,9.78099999999999
2026-06-19,13:55:30,69.5,242.8,0.527,9.78099999999999
2026-06-19,13:55:31,69.5,242.8,0.527,9.78099999999999
2026-06-19,13:55:32,69.5,242.8,0.527,9.78099999999999
2026-06-19,13:55:33,69.5,242.8,0.527,9.78099999999999
2026-06-19,13:55:34,69.5,242.8,0.527,9.78099999999999
2026-06-19,13:55:35,69.5,242.8,0.527,9.78099999999999
2026-06-19,13:55:36,69.5,242.8,0.527,9.78099999999999
2026-06-19,13:55:37,69.5,242.8,0.527,9.78099999999999
2026-06-19,13:55:38,69.5,242.8,0.527,9.78099999999999
2026-06-19,13:55:39,69.5,242.8,0.527,9.78099999999999
2026-06-19,13:55:40,69.5,242.8,0.527,9.78099999999999
2026-06-19,13:55:41,69.5,242.8,0.527,9.78099999999999
2026-06-19,13:55:42,69.5,242.8,0.527,9.78099999999999
2026-06-19,13:55:43,69.5,242.8,0.527,9.78099999999999
2026-06-19,13:55:44,69.5,242.8,0.527,9.78099999999999
2026-06-19,13:55:45,69.5,242.8,0.527,9.78099999999999
2026-06-19,13:55:46,69.5,242.8,0.527,9.78099999999999
2026-06-19,13:55:47,69.5,242.8,0.527,9.78099999999999
2026-06-19,13:55:48,69.5,242.8,0.527,9.78099999999999
2026-06-19,13:55:49,69.5,242.8,0.527,9.78099999999999
2026-06-19,13:55:50,69.5,242.8,0.527,9.78099999999999
2026-06-19,13:55:51,69.5,242.8,0.527,9.78099999999999
2026-06-19,13:55:52,69.5,242.8,0.527,9.78099999999999
2026-06-19,13:55:53,69.5,242.8,0.527,9.78099999999999
2026-06-19,13:55:54,69.5,242.8,0.527,9.78099999999999
2026-06-19,13:55:55,69.5,242.8,0.527,9.78099999999999
2026-06-19,13:55:56,69.5,242.8,0.527,9.78099999999999
2026-06-19,13:55:57,69.5,242.8,0.527,9.78099999999999
2026-06-19,13:55:58,69.5,242.8,0.527,9.78099999999999
2026-06-19,13:55:59,69.5,242.8,0.527,9.78099999999999
2026-06-19,13:56:00,69.5,242.8,0.527,9.78099999999999
2026-06-19,13:56:01,69.5,242.8,0.527,9.78099999999999
2026-06-19,13:56:02,69.5,242.8,0.527,9.78099999999999
2026-06-19,13:56:03,69.5,242.8,0.527,9.78099999999999
2026-06-19,13:56:04,69.5,242.8,0.527,9.78099999999999
2026-06-19,13:56:05,69.5,242.8,0.527,9.78099999999999
2026-06-19,13:56:06,69.5,242.8,0.527,9.78099999999999
2026-06-19,13:56:07,69.5,242.8,0.527,9.78099999999999
2026-06-19,13:56:08,69.5,242.8,0.527,9.78099999999999
2026-06-19,13:56:09,69.5,242.8,0.527,9.78099999999999
2026-06-19,13:56:10,69.5,242.8,0.527,9.78099999999999
2026-06-19,13:56:11,69.5,242.8,0.527,9.78099999999999
2026-06-19,13:56:12,69.5,242.8,0.527,9.78099999999999
2026-06-19,13:56:13,69.5,242.8,0.527,9.78099999999999
2026-06-19,13:56:14,69.5,242.8,0.527,9.78099999999999
2026-06-19,13:56:15,69.5,242.8,0.527,9.78099999999999
2026-06-19,13:56:16,69.5,242.8,0.527,9.78099999999999
2026-06-19,13:56:17,69.5,242.8,0.527,9.78099999999999
2026-06-19,13:56:18,69.5,242.8,0.527,9.78099999999999
2026-06-19,13:56:19,69.5,242.8,0.527,9.78099999999999
2026-06-19,13:56:20,69.5,242.8,0.527,9.78099999999999
2026-06-19,13:56:21,69.5,242.8,0.527,9.78099999999999
2026-06-19,13:56:22,69.5,242.8,0.527,9.78099999999999
2026-06-19,13:56:23,69.5,242.8,0.527,9.78099999999999
2026-06-19,13:56:24,69.5,242.8,0.527,9.78099999999999
2026-06-19,13:56:25,69.5,242.8,0.527,9.78099999999999
2026-06-19,13:56:26,69.5,242.8,0.527,9.78099999999999
2026-06-19,13:56:27,69.5,242.8,0.527,9.78099999999999
2026-06-19,13:56:28,69.5,242.8,0.527,9.78099999999999
2026-06-19,13:56:29,69.5,242.8,0.527,9.78099999999999
2026-06-19,13:56:30,69.5,242.8,0.527,9.78099999999999
2026-06-19,13:56:31,69.5,242.8,0.527,9.78099999999999
2026-06-19,13:56:32,69.5,242.8,0.527,9.78099999999999
2026-06-19,13:56:33,69.5,242.8,0.527,9.78099999999999
2026-06-19,13:56:34,69.5,242.8,0.527,9.78099999999999
2026-06-19,13:56:35,69.5,242.8,0.527,9.78099999999999
2026-06-19,13:56:36,69.5,242.8,0.527,9.78099999999999
2026-06-19,13:56:37,69.5,242.8,0.527,9.78099999999999
2026-06-19,13:56:38,69.5,242.8,0.527,9.78099999999999
2026-06-19,13:56:39,69.5,242.8,0.527,9.78099999999999
2026-06-19,13:56:40,69.5,242.8,0.527,9.78099999999999
2026-06-19,13:56:41,69.5,242.8,0.527,9.78099999999999
2026-06-19,13:56:42,69.5,242.8,0.527,9.78099999999999
2026-06-19,13:56:43,69.5,242.8,0.527,9.78099999999999
2026-06-19,13:56:44,69.5,242.8,0.527,9.78099999999999
2026-06-19,13:56:45,69.5,242.8,0.527,9.78099999999999
2026-06-19,13:56:46,69.5,242.8,0.527,9.78099999999999
2026-06-19,13:56:47,69.5,242.8,0.527,9.78099999999999
2026-06-19,13:56:48,69.5,242.8,0.527,9.78099999999999
2026-06-19,13:56:49,69.5,242.8,0.527,9.78099999999999
2026-06-19,13:56:50,69.5,242.8,0.527,9.78099999999999
2026-06-19,13:56:51,69.5,242.8,0.527,9.78099999999999
2026-06-19,13:56:52,69.5,242.8,0.527,9.78099999999999
2026-06-19,13:56:53,69.5,242.8,0.527,9.78099999999999
2026-06-19,13:56:54,69.5,242.8,0.527,9.78099999999999
2026-06-19,13:56:55,69.5,242.8,0.527,9.78099999999999
2026-06-19,13:56:56,69.5,242.8,0.527,9.78099999999999
2026-06-19,13:56:57,69.5,242.8,0.527,9.78099999999999
2026-06-19,13:56:58,69.5,242.8,0.527,9.78099999999999
2026-06-19,13:56:59,69.5,242.8,0.527,9.78099999999999
2026-06-19,13:57:00,69.5,242.8,0.527,9.78099999999999
2026-06-19,13:57:01,69.5,242.8,0.527,9.78099999999999
2026-06-19,13:57:02,69.5,242.8,0.527,9.78099999999999
2026-06-19,13:57:03,69.5,242.8,0.527,9.78099999999999
2026-06-19,13:57:04,69.5,242.8,0.527,9.78099999999999
2026-06-19,13:57:05,69.5,242.8,0.527,9.78099999999999
2026-06-19,13:57:06,69.5,242.8,0.527,9.78099999999999
2026-06-19,13:57:07,69.5,242.8,0.527,9.78099999999999
2026-06-19,13:57:08,69.5,242.8,0.527,9.78099999999999
2026-06-19,13:57:09,69.5,242.8,0.527,9.78099999999999
2026-06-19,13:57:10,69.5,242.8,0.527,9.78099999999999
2026-06-19,13:57:11,69.5,242.8,0.527,9.78099999999999
2026-06-19,13:57:12,69.5,242.8,0.527,9.78099999999999
2026-06-19,13:57:13,69.5,242.8,0.527,9.78099999999999
2026-06-19,13:57:14,69.5,242.8,0.527,9.78099999999999
2026-06-19,13:57:15,69.5,242.8,0.527,9.78099999999999
2026-06-19,13:57:16,69.5,242.8,0.527,9.78099999999999
2026-06-19,13:57:17,69.5,242.8,0.527,9.78099999999999
2026-06-19,13:57:18,69.5,242.8,0.527,9.78099999999999
2026-06-19,13:57:19,69.5,242.8,0.527,9.78099999999999
2026-06-19,13:57:20,69.5,242.8,0.527,9.78099999999999
2026-06-19,13:57:21,69.5,242.8,0.527,9.78099999999999
2026-06-19,13:57:22,69.5,242.8,0.527,9.78099999999999
2026-06-19,13:57:23,69.5,242.8,0.527,9.78099999999999
2026-06-19,13:57:24,69.5,242.8,0.527,9.78099999999999
2026-06-19,13:57:26,69.5,242.8,0.527,9.78099999999999
2026-06-19,13:57:27,69.5,242.8,0.527,9.78099999999999
2026-06-19,13:57:28,69.5,242.8,0.527,9.78099999999999
2026-06-19,13:57:29,69.5,242.8,0.527,9.78099999999999
2026-06-19,13:57:30,69.5,242.8,0.527,9.78099999999999
2026-06-19,13:57:31,69.5,242.8,0.527,9.78099999999999
2026-06-19,13:57:32,69.5,242.8,0.527,9.78099999999999
2026-06-19,13:57:33,69.5,242.8,0.527,9.78099999999999
2026-06-19,13:57:34,69.5,242.8,0.527,9.78099999999999
2026-06-19,13:57:35,69.5,242.8,0.527,9.78099999999999
2026-06-19,13:57:36,69.5,242.8,0.527,9.78099999999999
2026-06-19,13:57:37,69.5,242.8,0.527,9.78099999999999
2026-06-19,13:57:38,69.5,242.8,0.527,9.78099999999999
2026-06-19,13:57:39,69.5,242.8,0.527,9.78099999999999
2026-06-19,13:57:40,69.5,242.8,0.527,9.78099999999999
2026-06-19,13:57:41,69.5,242.8,0.527,9.78099999999999
2026-06-19,13:57:42,69.5,242.8,0.527,9.78099999999999
2026-06-19,13:57:43,69.5,242.8,0.527,9.78099999999999
2026-06-19,13:57:44,69.5,242.8,0.527,9.78099999999999
2026-06-19,13:57:45,69.5,242.8,0.527,9.78099999999999
2026-06-19,13:57:46,69.5,242.8,0.527,9.78099999999999
2026-06-19,13:57:47,69.5,242.8,0.527,9.78099999999999
2026-06-19,13:57:48,69.5,242.8,0.527,9.78099999999999
2026-06-19,13:57:49,69.5,242.8,0.527,9.78099999999999
2026-06-19,13:57:50,69.5,242.8,0.527,9.78099999999999
2026-06-19,13:57:51,69.5,242.8,0.527,9.78099999999999
2026-06-19,13:57:52,69.5,242.8,0.527,9.78099999999999
2026-06-19,13:57:53,69.5,242.8,0.527,9.78099999999999
2026-06-19,13:57:54,69.5,242.8,0.527,9.78099999999999
2026-06-19,13:57:55,69.5,242.8,0.527,9.78099999999999
2026-06-19,13:57:56,69.5,242.8,0.527,9.78099999999999
2026-06-19,13:57:57,69.5,242.8,0.527,9.78099999999999
2026-06-19,13:57:58,69.5,242.8,0.527,9.78099999999999
2026-06-19,13:57:59,69.5,242.8,0.527,9.78099999999999
2026-06-19,13:58:00,69.5,242.8,0.527,9.78099999999999
2026-06-19,13:58:01,69.5,242.8,0.527,9.78099999999999
2026-06-19,13:58:02,69.5,242.8,0.527,9.78099999999999
2026-06-19,13:58:03,69.5,242.8,0.527,9.78099999999999
2026-06-19,13:58:04,69.5,242.8,0.527,9.78099999999999
2026-06-19,13:58:05,69.5,242.8,0.527,9.78099999999999
2026-06-19,13:58:06,69.5,242.8,0.527,9.78099999999999
2026-06-19,13:58:07,69.5,242.8,0.527,9.78099999999999
2026-06-19,13:58:08,69.5,242.8,0.527,9.78099999999999
2026-06-19,13:58:09,69.5,242.8,0.527,9.78099999999999
2026-06-19,13:58:10,69.5,242.8,0.527,9.78099999999999
2026-06-19,13:58:11,69.5,242.8,0.527,9.78099999999999
2026-06-19,13:58:12,69.5,242.8,0.527,9.78099999999999
2026-06-19,13:58:13,69.5,242.8,0.527,9.78099999999999
2026-06-19,13:58:14,69.5,242.8,0.527,9.78099999999999
2026-06-19,13:58:15,69.5,242.8,0.527,9.78099999999999
2026-06-19,13:58:16,69.5,242.8,0.527,9.78099999999999
2026-06-19,13:58:17,69.5,242.8,0.527,9.78099999999999
2026-06-19,13:58:18,69.5,242.8,0.527,9.78099999999999
2026-06-19,13:58:19,69.5,242.8,0.527,9.78099999999999
2026-06-19,13:58:20,69.5,242.8,0.527,9.78099999999999
2026-06-19,13:58:21,69.5,242.8,0.527,9.78099999999999
2026-06-19,13:58:22,69.5,242.8,0.527,9.78099999999999
2026-06-19,13:58:23,69.5,242.8,0.527,9.78099999999999
2026-06-19,13:58:24,69.5,242.8,0.527,9.78099999999999
2026-06-19,13:58:25,69.5,242.8,0.527,9.78099999999999
2026-06-19,13:58:26,69.5,242.8,0.527,9.78099999999999
2026-06-19,13:58:27,69.5,242.8,0.527,9.78099999999999
2026-06-19,13:58:28,69.5,242.8,0.527,9.78099999999999
2026-06-19,13:58:29,69.5,242.8,0.527,9.78099999999999
2026-06-19,13:58:30,69.5,242.8,0.527,9.78099999999999
2026-06-19,13:58:31,69.5,242.8,0.527,9.78099999999999
2026-06-19,13:58:32,69.5,242.8,0.527,9.78099999999999
2026-06-19,13:58:33,69.5,242.8,0.527,9.78099999999999
2026-06-19,13:58:34,69.5,242.8,0.527,9.78099999999999
2026-06-19,13:58:35,69.5,242.8,0.527,9.78099999999999
2026-06-19,13:58:36,69.5,242.8,0.527,9.78099999999999
2026-06-19,13:58:37,69.5,242.8,0.527,9.78099999999999
2026-06-19,13:58:38,69.5,242.8,0.527,9.78099999999999
2026-06-19,13:58:39,69.5,242.8,0.527,9.78099999999999
2026-06-19,13:58:40,69.5,242.8,0.527,9.78099999999999
2026-06-19,13:58:41,69.5,242.8,0.527,9.78099999999999
2026-06-19,13:58:42,69.5,242.8,0.527,9.78099999999999
2026-06-19,13:58:43,69.5,242.8,0.527,9.78099999999999
2026-06-19,13:58:44,69.5,242.8,0.527,9.78099999999999
2026-06-19,13:58:45,69.5,242.8,0.527,9.78099999999999
2026-06-19,13:58:46,69.5,242.8,0.527,9.78099999999999
2026-06-19,13:58:47,69.5,242.8,0.527,9.78099999999999
2026-06-19,13:58:48,69.5,242.8,0.527,9.78099999999999
2026-06-19,13:58:49,69.5,242.8,0.527,9.78099999999999
2026-06-19,13:58:50,69.5,242.8,0.527,9.78099999999999
2026-06-19,13:58:51,69.5,242.8,0.527,9.78099999999999
2026-06-19,13:58:52,69.5,242.8,0.527,9.78099999999999
2026-06-19,13:58:53,69.5,242.8,0.527,9.78099999999999
2026-06-19,13:58:54,69.5,242.8,0.527,9.78099999999999
2026-06-19,13:58:55,69.5,242.8,0.527,9.78099999999999
2026-06-19,13:58:56,69.5,242.8,0.527,9.78099999999999
2026-06-19,13:58:57,69.5,242.8,0.527,9.78099999999999
2026-06-19,13:58:58,69.5,242.8,0.527,9.78099999999999
2026-06-19,13:58:59,69.5,242.8,0.527,9.78099999999999
2026-06-19,13:59:00,69.5,242.8,0.527,9.78099999999999
2026-06-19,13:59:01,69.5,242.8,0.527,9.78099999999999
2026-06-19,13:59:02,69.5,242.8,0.527,9.78099999999999
2026-06-19,13:59:03,69.5,242.8,0.527,9.78099999999999
2026-06-19,13:59:04,69.5,242.8,0.527,9.78099999999999
2026-06-19,13:59:05,69.5,242.8,0.527,9.78099999999999
2026-06-19,13:59:06,69.5,242.8,0.527,9.78099999999999
2026-06-19,13:59:07,69.5,242.8,0.527,9.78099999999999
2026-06-19,13:59:08,69.5,242.8,0.527,9.78099999999999
2026-06-19,13:59:09,69.5,242.8,0.527,9.78099999999999
2026-06-19,13:59:10,69.5,242.8,0.527,9.78099999999999
2026-06-19,13:59:11,69.5,242.8,0.527,9.78099999999999
2026-06-19,13:59:12,69.5,242.8,0.527,9.78099999999999
2026-06-19,13:59:13,69.5,242.8,0.527,9.78099999999999
2026-06-19,13:59:14,69.5,242.8,0.527,9.78099999999999
2026-06-19,13:59:15,69.5,242.8,0.527,9.78099999999999
2026-06-19,13:59:16,69.5,242.8,0.527,9.78099999999999
2026-06-19,13:59:17,69.5,242.8,0.527,9.78099999999999
2026-06-19,13:59:18,69.5,242.8,0.527,9.78099999999999
2026-06-19,13:59:19,69.5,242.8,0.527,9.78099999999999
2026-06-19,13:59:20,69.5,242.8,0.527,9.78099999999999
2026-06-19,13:59:21,69.5,242.8,0.527,9.78099999999999
2026-06-19,13:59:22,69.5,242.8,0.527,9.78099999999999
2026-06-19,13:59:23,69.5,242.8,0.527,9.78099999999999
2026-06-19,13:59:24,69.5,242.8,0.527,9.78099999999999
2026-06-19,13:59:25,69.5,242.8,0.527,9.78099999999999
2026-06-19,13:59:26,69.5,242.8,0.527,9.78099999999999
2026-06-19,13:59:27,69.5,242.8,0.527,9.78099999999999
2026-06-19,13:59:28,69.5,242.8,0.527,9.78099999999999
2026-06-19,13:59:29,69.5,242.8,0.527,9.78099999999999
2026-06-19,13:59:30,69.5,242.8,0.527,9.78099999999999
2026-06-19,13:59:31,69.5,242.8,0.527,9.78099999999999
2026-06-19,13:59:32,69.5,242.8,0.527,9.78099999999999
2026-06-19,13:59:33,69.5,242.8,0.527,9.78099999999999
2026-06-19,13:59:35,69.5,242.8,0.527,9.78099999999999
2026-06-19,13:59:36,69.5,242.8,0.527,9.78099999999999
2026-06-19,13:59:37,69.5,242.8,0.527,9.78099999999999
2026-06-19,13:59:38,69.5,242.8,0.527,9.78099999999999
2026-06-19,13:59:39,69.5,242.8,0.527,9.78099999999999
2026-06-19,13:59:40,69.5,242.8,0.527,9.82599999999999
2026-06-19,13:59:41,69.5,242.8,0.527,9.82599999999999
2026-06-19,13:59:42,69.5,242.8,0.527,9.82599999999999
2026-06-19,13:59:43,69.5,242.8,0.527,9.82599999999999
2026-06-19,13:59:44,69.5,242.8,0.527,9.82599999999999
2026-06-19,13:59:45,69.5,242.8,0.527,9.82599999999999
2026-06-19,13:59:46,69.5,242.8,0.527,9.82599999999999
2026-06-19,13:59:47,69.5,242.8,0.527,9.82599999999999
2026-06-19,13:59:48,69.5,242.8,0.527,9.82599999999999
2026-06-19,13:59:49,69.5,242.8,0.527,9.82599999999999
2026-06-19,13:59:50,69.5,242.8,0.527,9.82599999999999
2026-06-19,13:59:51,69.5,242.8,0.527,9.82599999999999
2026-06-19,13:59:52,69.5,242.8,0.527,9.82599999999999
2026-06-19,13:59:53,69.5,242.8,0.527,9.82599999999999
2026-06-19,13:59:54,69.5,242.8,0.527,9.82599999999999
2026-06-19,13:59:55,69.5,242.8,0.527,9.82599999999999
2026-06-19,13:59:56,69.5,242.8,0.527,9.82599999999999
2026-06-19,13:59:57,69.5,242.8,0.527,9.82599999999999
2026-06-19,13:59:58,69.5,242.8,0.527,9.82599999999999
2026-06-19,13:59:59,69.5,242.8,0.527,9.82599999999999
2026-06-19,14:00:00,69.5,242.8,0.527,9.82599999999999
2026-06-19,14:00:01,69.5,242.8,0.527,9.82599999999999
2026-06-19,14:00:02,69.5,242.8,0.527,9.82599999999999
2026-06-19,14:00:03,69.5,242.8,0.527,9.82599999999999
2026-06-19,14:00:04,69.5,242.8,0.527,9.82599999999999
2026-06-19,14:00:05,69.5,242.8,0.527,9.82599999999999
2026-06-19,14:00:06,69.5,242.8,0.527,9.82599999999999
2026-06-19,14:00:07,69.5,242.8,0.527,9.82599999999999
2026-06-19,14:00:08,69.5,242.8,0.527,9.82599999999999
2026-06-19,14:00:09,69.5,242.8,0.527,9.82599999999999
2026-06-19,14:00:10,69.5,242.8,0.527,9.82599999999999
2026-06-19,14:00:11,69.5,242.8,0.527,9.82599999999999
2026-06-19,14:00:12,69.5,242.8,0.527,9.82599999999999
2026-06-19,14:00:13,69.5,242.8,0.527,9.82599999999999
2026-06-19,14:00:14,69.5,242.8,0.527,9.82599999999999
2026-06-19,14:00:15,69.5,242.8,0.527,9.82599999999999
2026-06-19,14:00:16,69.5,242.8,0.527,9.82599999999999
2026-06-19,14:00:17,69.5,242.8,0.527,9.82599999999999
2026-06-19,14:00:18,69.5,242.8,0.527,9.82599999999999
2026-06-19,14:00:19,69.5,242.8,0.527,9.82599999999999
2026-06-19,14:00:20,69.5,242.8,0.527,9.82599999999999
2026-06-19,14:00:21,69.5,242.8,0.527,9.82599999999999
2026-06-19,14:00:22,69.5,242.8,0.527,9.82599999999999
2026-06-19,14:00:23,69.5,242.8,0.527,9.82599999999999
2026-06-19,14:00:24,69.5,242.8,0.527,9.82599999999999
2026-06-19,14:00:25,69.5,242.8,0.527,9.82599999999999
2026-06-19,14:00:26,69.5,242.8,0.527,9.82599999999999
2026-06-19,14:00:27,69.5,242.8,0.527,9.82599999999999
2026-06-19,14:00:28,69.5,242.8,0.527,9.82599999999999
2026-06-19,14:00:29,69.5,242.8,0.527,9.82599999999999
2026-06-19,14:00:30,69.5,242.8,0.527,9.82599999999999
2026-06-19,14:00:31,69.5,242.8,0.527,9.82599999999999
2026-06-19,14:00:32,69.5,242.8,0.527,9.82599999999999
2026-06-19,14:00:33,69.5,242.8,0.527,9.82599999999999
2026-06-19,14:00:34,69.5,242.8,0.527,9.82599999999999
2026-06-19,14:00:35,69.5,242.8,0.527,9.82599999999999
2026-06-19,14:00:36,69.5,242.8,0.527,9.82599999999999
2026-06-19,14:00:37,69.5,242.8,0.527,9.82599999999999
2026-06-19,14:00:38,69.5,242.8,0.527,9.82599999999999
2026-06-19,14:00:39,69.5,242.8,0.527,9.82599999999999
2026-06-19,14:00:40,69.5,242.8,0.527,9.82599999999999
2026-06-19,14:00:41,69.5,242.8,0.527,9.82599999999999
2026-06-19,14:00:42,69.5,242.8,0.527,9.82599999999999
2026-06-19,14:00:43,69.5,242.8,0.527,9.82599999999999
2026-06-19,14:00:44,69.5,242.8,0.527,9.82599999999999
2026-06-19,14:00:45,69.5,242.8,0.527,9.82599999999999
2026-06-19,14:00:46,69.5,242.8,0.527,9.82599999999999
2026-06-19,14:00:47,69.5,242.8,0.527,9.82599999999999
2026-06-19,14:00:48,69.5,242.8,0.527,9.82599999999999
2026-06-19,14:00:49,69.5,242.8,0.527,9.82599999999999
2026-06-19,14:00:50,69.5,242.8,0.527,9.82599999999999
2026-06-19,14:00:51,69.5,242.8,0.527,9.82599999999999
2026-06-19,14:00:52,69.5,242.8,0.527,9.82599999999999
2026-06-19,14:00:53,69.5,242.8,0.527,9.82599999999999
2026-06-19,14:00:54,69.5,242.8,0.527,9.82599999999999
2026-06-19,14:00:55,69.5,242.8,0.527,9.82599999999999
2026-06-19,14:00:56,69.5,242.8,0.527,9.82599999999999
2026-06-19,14:00:57,69.5,242.8,0.527,9.82599999999999
2026-06-19,14:00:58,69.5,242.8,0.527,9.82599999999999
2026-06-19,14:00:59,69.5,242.8,0.527,9.82599999999999
2026-06-19,14:01:00,69.5,242.8,0.527,9.82599999999999
2026-06-19,14:01:01,69.5,242.8,0.527,9.82599999999999
2026-06-19,14:01:02,69.5,242.8,0.527,9.82599999999999
2026-06-19,14:01:03,69.5,242.8,0.527,9.82599999999999
2026-06-19,14:01:04,69.5,242.8,0.527,9.82599999999999
2026-06-19,14:01:05,69.5,242.8,0.527,9.82599999999999
2026-06-19,14:01:06,69.5,242.8,0.527,9.82599999999999
2026-06-19,14:01:07,69.5,242.8,0.527,9.82599999999999
2026-06-19,14:01:08,69.5,242.8,0.527,9.82599999999999
2026-06-19,14:01:09,69.5,242.8,0.527,9.82599999999999
2026-06-19,14:01:10,69.5,242.8,0.527,9.82599999999999
2026-06-19,14:01:11,69.5,242.8,0.527,9.82599999999999
2026-06-19,14:01:12,69.5,242.8,0.527,9.82599999999999
2026-06-19,14:01:13,69.5,242.8,0.527,9.82599999999999
2026-06-19,14:01:14,69.5,242.8,0.527,9.82599999999999
2026-06-19,14:01:15,69.5,242.8,0.527,9.82599999999999
2026-06-19,14:01:16,69.5,242.8,0.527,9.82599999999999
2026-06-19,14:01:17,69.5,242.8,0.527,9.82599999999999
2026-06-19,14:01:18,69.5,242.8,0.527,9.82599999999999
2026-06-19,14:01:19,69.5,242.8,0.527,9.82599999999999
2026-06-19,14:01:20,69.5,242.8,0.527,9.82599999999999
2026-06-19,14:01:21,69.5,242.8,0.527,9.82599999999999
2026-06-19,14:01:22,69.5,242.8,0.527,9.82599999999999
2026-06-19,14:01:23,69.5,242.8,0.527,9.82599999999999
2026-06-19,14:01:24,69.5,242.8,0.527,9.82599999999999
2026-06-19,14:01:25,69.5,242.8,0.527,9.82599999999999
2026-06-19,14:01:26,69.5,242.8,0.527,9.82599999999999
2026-06-19,14:01:27,69.5,242.8,0.527,9.82599999999999
2026-06-19,14:01:28,69.5,242.8,0.527,9.82599999999999
2026-06-19,14:01:29,69.5,242.8,0.527,9.82599999999999
2026-06-19,14:01:30,69.5,242.8,0.527,9.82599999999999
2026-06-19,14:01:31,69.5,242.8,0.527,9.82599999999999
2026-06-19,14:01:32,69.5,242.8,0.527,9.82599999999999
2026-06-19,14:01:33,69.5,242.8,0.527,9.82599999999999
2026-06-19,14:01:34,69.5,242.8,0.527,9.82599999999999
2026-06-19,14:01:35,69.5,242.8,0.527,9.82599999999999
2026-06-19,14:01:36,69.5,242.8,0.527,9.82599999999999
2026-06-19,14:01:37,69.5,242.8,0.527,9.82599999999999
2026-06-19,14:01:38,69.5,242.8,0.527,9.82599999999999
2026-06-19,14:01:39,69.5,242.8,0.527,9.82599999999999
2026-06-19,14:01:40,69.5,242.8,0.527,9.82599999999999
2026-06-19,14:01:41,69.5,242.8,0.527,9.82599999999999
2026-06-19,14:01:42,69.5,242.8,0.527,9.82599999999999
2026-06-19,14:01:43,69.5,242.8,0.527,9.82599999999999
2026-06-19,14:01:44,69.5,242.8,0.527,9.82599999999999
2026-06-19,14:01:46,69.5,242.8,0.527,9.82599999999999
2026-06-19,14:01:47,69.5,242.8,0.527,9.82599999999999
2026-06-19,14:01:48,69.5,242.8,0.527,9.82599999999999
2026-06-19,14:01:49,69.5,242.8,0.527,9.82599999999999
2026-06-19,14:01:50,69.5,242.8,0.527,9.82599999999999
2026-06-19,14:01:51,69.5,242.8,0.527,9.82599999999999
2026-06-19,14:01:52,69.5,242.8,0.527,9.82599999999999
2026-06-19,14:01:53,69.5,242.8,0.527,9.82599999999999
2026-06-19,14:01:54,69.5,242.8,0.527,9.82599999999999
2026-06-19,14:01:55,69.5,242.8,0.527,9.82599999999999
2026-06-19,14:01:56,69.5,242.8,0.527,9.82599999999999
2026-06-19,14:01:57,69.5,242.8,0.527,9.82599999999999
2026-06-19,14:01:58,69.5,242.8,0.527,9.82599999999999
2026-06-19,14:01:59,69.5,242.8,0.527,9.82599999999999
2026-06-19,14:02:00,69.5,242.8,0.527,9.82599999999999
2026-06-19,14:02:01,69.5,242.8,0.527,9.82599999999999
2026-06-19,14:02:02,69.5,242.8,0.527,9.82599999999999
2026-06-19,14:02:03,69.5,242.8,0.527,9.82599999999999
2026-06-19,14:02:04,69.5,242.8,0.527,9.82599999999999
2026-06-19,14:02:05,69.5,242.8,0.527,9.82599999999999
2026-06-19,14:02:06,69.5,242.8,0.527,9.82599999999999
2026-06-19,14:02:07,69.5,242.8,0.527,9.82599999999999
2026-06-19,14:02:08,69.5,242.8,0.527,9.82599999999999
2026-06-19,14:02:09,69.5,242.8,0.527,9.82599999999999
2026-06-19,14:02:10,69.5,242.8,0.527,9.82599999999999
2026-06-19,14:02:11,69.5,242.8,0.527,9.82599999999999
2026-06-19,14:02:12,69.5,242.8,0.527,9.82599999999999
2026-06-19,14:02:13,69.5,242.8,0.527,9.82599999999999
2026-06-19,14:02:14,69.5,242.8,0.527,9.82599999999999
2026-06-19,14:02:15,69.5,242.8,0.527,9.82599999999999
2026-06-19,14:02:16,69.5,242.8,0.527,9.82599999999999
2026-06-19,14:02:17,69.5,242.8,0.527,9.82599999999999
2026-06-19,14:02:18,69.5,242.8,0.527,9.82599999999999
2026-06-19,14:02:19,69.5,242.8,0.527,9.82599999999999
2026-06-19,14:02:20,69.5,242.8,0.527,9.82599999999999
2026-06-19,14:02:21,69.5,242.8,0.527,9.82599999999999
2026-06-19,14:02:22,69.5,242.8,0.527,9.82599999999999
2026-06-19,14:02:23,69.5,242.8,0.527,9.82599999999999
2026-06-19,14:02:24,69.5,242.8,0.527,9.82599999999999
2026-06-19,14:02:25,69.5,242.8,0.527,9.82599999999999
2026-06-19,14:02:26,69.5,242.8,0.527,9.82599999999999
2026-06-19,14:02:27,69.5,242.8,0.527,9.82599999999999
2026-06-19,14:02:28,69.5,242.8,0.527,9.82599999999999
2026-06-19,14:02:29,69.5,242.8,0.527,9.82599999999999
2026-06-19,14:02:30,69.5,242.8,0.527,9.82599999999999
2026-06-19,14:02:31,69.5,242.8,0.527,9.82599999999999
2026-06-19,14:02:32,69.5,242.8,0.527,9.82599999999999
2026-06-19,14:02:33,69.5,242.8,0.527,9.82599999999999
2026-06-19,14:02:34,69.5,242.8,0.527,9.82599999999999
2026-06-19,14:02:35,69.5,242.8,0.527,9.82599999999999
2026-06-19,14:02:36,69.5,242.8,0.527,9.82599999999999
2026-06-19,14:02:37,69.5,242.8,0.527,9.82599999999999
2026-06-19,14:02:38,69.5,242.8,0.527,9.82599999999999
2026-06-19,14:02:39,69.5,242.8,0.527,9.82599999999999
2026-06-19,14:02:40,69.5,242.8,0.527,9.82599999999999
2026-06-19,14:02:41,69.5,242.8,0.527,9.82599999999999
2026-06-19,14:02:42,69.5,242.8,0.527,9.82599999999999
2026-06-19,14:02:43,69.5,242.8,0.527,9.82599999999999
2026-06-19,14:02:44,69.5,242.8,0.527,9.82599999999999
2026-06-19,14:02:45,69.5,242.8,0.527,9.82599999999999
2026-06-19,14:02:46,69.5,242.8,0.527,9.82599999999999
2026-06-19,14:02:47,69.5,242.8,0.527,9.82599999999999
2026-06-19,14:02:48,69.5,242.8,0.527,9.82599999999999
2026-06-19,14:02:49,69.5,242.8,0.527,9.82599999999999
2026-06-19,14:02:50,69.5,242.8,0.527,9.82599999999999
2026-06-19,14:02:51,69.5,242.8,0.527,9.82599999999999
2026-06-19,14:02:52,69.5,242.8,0.527,9.82599999999999
2026-06-19,14:02:53,69.5,242.8,0.527,9.82599999999999
2026-06-19,14:02:54,69.5,242.8,0.527,9.82599999999999
2026-06-19,14:02:55,69.5,242.8,0.527,9.82599999999999
2026-06-19,14:02:56,69.5,242.8,0.527,9.82599999999999
2026-06-19,14:02:57,69.5,242.8,0.527,9.82599999999999
2026-06-19,14:02:58,69.5,242.8,0.527,9.82599999999999
2026-06-19,14:02:59,69.5,242.8,0.527,9.82599999999999
2026-06-19,14:03:00,69.5,242.8,0.527,9.82599999999999
2026-06-19,14:03:01,69.5,242.8,0.527,9.82599999999999
2026-06-19,14:03:02,69.5,242.8,0.527,9.82599999999999
2026-06-19,14:03:03,69.5,242.8,0.527,9.82599999999999
2026-06-19,14:03:04,69.5,242.8,0.527,9.82599999999999
2026-06-19,14:03:05,69.5,242.8,0.527,9.82599999999999
2026-06-19,14:03:06,69.5,242.8,0.527,9.82599999999999
2026-06-19,14:03:07,69.5,242.8,0.527,9.82599999999999
2026-06-19,14:03:08,69.5,242.8,0.527,9.82599999999999
2026-06-19,14:03:09,69.5,242.8,0.527,9.82599999999999
2026-06-19,14:03:10,69.5,242.8,0.527,9.82599999999999
2026-06-19,14:03:11,69.5,242.8,0.527,9.82599999999999
2026-06-19,14:03:12,69.5,242.8,0.527,9.82599999999999
2026-06-19,14:03:13,69.5,242.8,0.527,9.82599999999999
2026-06-19,14:03:14,69.5,242.8,0.527,9.82599999999999
2026-06-19,14:03:15,69.5,242.8,0.527,9.82599999999999
2026-06-19,14:03:16,69.5,242.8,0.527,9.82599999999999
2026-06-19,14:03:17,69.5,242.8,0.527,9.82599999999999
2026-06-19,14:03:18,69.5,242.8,0.527,9.82599999999999
2026-06-19,14:03:19,69.5,242.8,0.527,9.82599999999999
2026-06-19,14:03:20,69.5,242.8,0.527,9.82599999999999
2026-06-19,14:03:21,69.5,242.8,0.527,9.82599999999999
2026-06-19,14:03:22,69.5,242.8,0.527,9.82599999999999
2026-06-19,14:03:23,69.5,242.8,0.527,9.82599999999999
2026-06-19,14:03:24,69.5,242.8,0.527,9.82599999999999
2026-06-19,14:03:25,69.5,242.8,0.527,9.82599999999999
2026-06-19,14:03:26,69.5,242.8,0.527,9.82599999999999
2026-06-19,14:03:27,69.5,242.8,0.527,9.82599999999999
2026-06-19,14:03:28,69.5,242.8,0.527,9.82599999999999
2026-06-19,14:03:29,69.5,242.8,0.527,9.82599999999999
2026-06-19,14:03:30,69.5,242.8,0.527,9.82599999999999
2026-06-19,14:03:31,69.5,242.8,0.527,9.82599999999999
2026-06-19,14:03:32,69.5,242.8,0.527,9.82599999999999
2026-06-19,14:03:33,69.5,242.8,0.527,9.82599999999999
2026-06-19,14:03:34,69.5,242.8,0.527,9.82599999999999
2026-06-19,14:03:35,69.5,242.8,0.527,9.82599999999999
2026-06-19,14:03:36,69.5,242.8,0.527,9.82599999999999
2026-06-19,14:03:37,69.5,242.8,0.527,9.82599999999999
2026-06-19,14:03:38,69.5,242.8,0.527,9.82599999999999
2026-06-19,14:03:39,69.5,242.8,0.527,9.82599999999999
2026-06-19,14:03:40,69.5,242.8,0.527,9.82599999999999
2026-06-19,14:03:41,69.5,242.8,0.527,9.82599999999999
2026-06-19,14:03:42,69.5,242.8,0.527,9.82599999999999
2026-06-19,14:03:43,69.5,242.8,0.527,9.82599999999999
2026-06-19,14:03:44,69.5,242.8,0.527,9.82599999999999
2026-06-19,14:03:45,69.5,242.8,0.527,9.82599999999999
2026-06-19,14:03:46,69.5,242.8,0.527,9.82599999999999
2026-06-19,14:03:47,69.5,242.8,0.527,9.82599999999999
2026-06-19,14:03:48,69.5,242.8,0.527,9.82599999999999
2026-06-19,14:03:49,69.5,242.8,0.527,9.82599999999999
2026-06-19,14:03:50,69.5,242.8,0.527,9.82599999999999
2026-06-19,14:03:51,69.5,242.8,0.527,9.82599999999999
2026-06-19,14:03:52,69.5,242.8,0.527,9.82599999999999
2026-06-19,14:03:53,69.5,242.8,0.527,9.82599999999999
2026-06-19,14:03:54,69.5,242.8,0.527,9.82599999999999
2026-06-19,14:03:55,69.5,242.8,0.527,9.82599999999999
2026-06-19,14:03:57,69.5,242.8,0.527,9.82599999999999
2026-06-19,14:03:58,69.5,242.8,0.527,9.82599999999999
2026-06-19,14:03:59,69.5,242.8,0.527,9.82599999999999
2026-06-19,14:04:00,69.5,242.8,0.527,9.82599999999999
2026-06-19,14:04:01,69.5,242.8,0.527,9.82599999999999
2026-06-19,14:04:02,69.5,242.8,0.527,9.82599999999999
2026-06-19,14:04:03,69.5,242.8,0.527,9.82599999999999
2026-06-19,14:04:04,69.5,242.8,0.527,9.82599999999999
2026-06-19,14:04:05,69.5,242.8,0.527,9.82599999999999
2026-06-19,14:04:06,69.5,242.8,0.527,9.82599999999999
2026-06-19,14:04:07,69.5,242.8,0.527,9.82599999999999
2026-06-19,14:04:08,69.5,242.8,0.527,9.82599999999999
2026-06-19,14:04:09,69.5,242.8,0.527,9.82599999999999
2026-06-19,14:04:10,69.5,242.8,0.527,9.82599999999999
2026-06-19,14:04:11,69.5,242.8,0.527,9.82599999999999
2026-06-19,14:04:12,69.5,242.8,0.527,9.82599999999999
2026-06-19,14:04:13,69.5,242.8,0.527,9.82599999999999
2026-06-19,14:04:14,69.5,242.8,0.527,9.82599999999999
2026-06-19,14:04:15,69.5,242.8,0.527,9.82599999999999
2026-06-19,14:04:16,69.5,242.8,0.527,9.82599999999999
2026-06-19,14:04:17,69.5,242.8,0.527,9.82599999999999
2026-06-19,14:04:18,69.5,242.8,0.527,9.82599999999999
2026-06-19,14:04:19,69.5,242.8,0.527,9.82599999999999
2026-06-19,14:04:20,69.5,242.8,0.527,9.82599999999999
2026-06-19,14:04:21,69.5,242.8,0.527,9.82599999999999
2026-06-19,14:04:22,69.5,242.8,0.527,9.82599999999999
2026-06-19,14:04:23,69.5,242.8,0.527,9.82599999999999
2026-06-19,14:04:24,69.5,242.8,0.527,9.82599999999999
2026-06-19,14:04:25,69.5,242.8,0.527,9.82599999999999
2026-06-19,14:04:26,69.5,242.8,0.527,9.82599999999999
2026-06-19,14:04:27,69.5,242.8,0.527,9.82599999999999
2026-06-19,14:04:28,69.5,242.8,0.527,9.82599999999999
2026-06-19,14:04:29,69.5,242.8,0.527,9.82599999999999
2026-06-19,14:04:30,69.5,242.8,0.527,9.82599999999999
2026-06-19,14:04:31,69.5,242.8,0.527,9.82599999999999
2026-06-19,14:04:32,69.5,242.8,0.527,9.82599999999999
2026-06-19,14:04:33,69.5,242.8,0.527,9.82599999999999
2026-06-19,14:04:34,69.5,242.8,0.527,9.82599999999999
2026-06-19,14:04:35,69.5,242.8,0.527,9.82599999999999
2026-06-19,14:04:36,69.5,242.8,0.527,9.82599999999999
2026-06-19,14:04:37,69.5,242.8,0.527,9.82599999999999
2026-06-19,14:04:38,69.5,242.8,0.527,9.82599999999999
2026-06-19,14:04:39,69.5,242.8,0.527,9.82599999999999
2026-06-19,14:04:40,69.5,242.8,0.527,9.82599999999999
2026-06-19,14:04:41,69.5,242.8,0.527,9.82599999999999
2026-06-19,14:04:42,69.5,242.8,0.527,9.82599999999999
2026-06-19,14:04:43,69.5,242.8,0.527,9.82599999999999
2026-06-19,14:04:44,69.5,242.8,0.527,9.82599999999999
2026-06-19,14:04:45,69.5,242.8,0.527,9.82599999999999
2026-06-19,14:04:46,69.5,242.8,0.527,9.82599999999999
2026-06-19,14:04:47,69.5,242.8,0.527,9.82599999999999
2026-06-19,14:04:48,69.5,242.8,0.527,9.82599999999999
2026-06-19,14:04:49,69.5,242.8,0.527,9.82599999999999
2026-06-19,14:04:50,69.5,242.8,0.527,9.82599999999999
2026-06-19,14:04:51,69.5,242.8,0.527,9.82599999999999
2026-06-19,14:04:52,69.5,242.8,0.527,9.82599999999999
2026-06-19,14:04:53,69.5,242.8,0.527,9.82599999999999
2026-06-19,14:04:54,69.5,242.8,0.527,9.82599999999999
2026-06-19,14:04:55,69.5,242.8,0.527,9.82599999999999
2026-06-19,14:04:56,69.5,242.8,0.527,9.82599999999999
2026-06-19,14:04:57,69.5,242.8,0.527,9.82599999999999
2026-06-19,14:04:58,69.5,242.8,0.527,9.82599999999999
2026-06-19,14:04:59,69.5,242.8,0.527,9.82599999999999
2026-06-19,14:05:00,69.5,242.8,0.527,9.82599999999999
2026-06-19,14:05:01,69.5,242.8,0.527,9.82599999999999
2026-06-19,14:05:02,69.5,242.8,0.527,9.82599999999999
2026-06-19,14:05:03,69.5,242.8,0.527,9.82599999999999
