index,request_id,function,size,type,status,latency_ms,ttfb_ms,output_transfer_ms,execution_time_ms,system_overhead_ms,in_flight
0,0,mobilenet,small,cold,200,1904.15,1904.14,0.01,96.0,1808.14,1
1,1,resnet,small,cold,200,2041.3,2041.3,0.01,348.67,1692.63,2
2,2,mobilenet,small,cold,200,2518.83,2518.82,0.01,35.28,2483.55,3
3,3,mobilenet,large,cold,200,1977.8,1977.79,0.01,78.66,1899.13,4
4,4,mobilenet,large,cold,200,2052.94,2052.94,0.01,86.73,1966.21,5
5,5,resnet,small,cold,200,16369.72,16369.71,0.0,131.47,16238.24,6
6,6,mobilenet,small,cold,200,3693.46,3693.46,0.0,50.24,3643.22,7
7,7,mobilenet,small,cold,200,3627.91,3627.91,0.01,46.39,3581.52,8
8,8,mobilenet,large,cold,200,3580.3,3580.3,0.0,50.73,3529.57,9
9,9,mobilenet,large,cold,200,3517.11,3517.11,0.01,40.66,3476.45,10
10,10,resnet,small,cold,200,15768.11,15768.1,0.0,724.24,15043.86,11
11,11,resnet,large,cold,200,16181.61,16181.61,0.0,420.58,15761.03,12
12,12,resnet,small,cold,200,10557.38,10557.38,0.0,197.44,10359.94,13
13,13,mobilenet,large,cold,200,4139.82,4139.81,0.01,41.43,4098.38,14
14,14,resnet,medium,cold,200,13029.85,13029.84,0.0,557.15,12472.69,15
15,15,resnet,small,cold,200,11820.86,11820.86,0.0,616.92,11203.93,16
16,16,mobilenet,medium,cold,200,3404.9,3404.9,0.0,28.63,3376.27,17
17,17,mobilenet,small,cold,200,3365.71,3365.71,0.0,29.8,3335.91,18
18,18,resnet,small,cold,200,11166.12,11166.11,0.01,662.62,10503.49,19
19,19,resnet,medium,cold,200,20936.16,20936.15,0.01,565.8,20370.34,20
20,20,resnet,small,cold,200,14942.48,14942.47,0.0,696.34,14246.14,21
21,21,resnet,large,cold,200,14232.13,14232.12,0.01,915.54,13316.58,22
22,22,mobilenet,medium,cold,200,3283.64,3283.63,0.0,17.72,3265.91,23
23,23,mobilenet,large,cold,200,3851.79,3851.79,0.0,45.31,3806.47,24
24,24,resnet,large,cold,200,12394.37,12394.36,0.0,647.63,11746.73,25
25,25,resnet,large,cold,200,13269.72,13269.72,0.0,166.66,13103.06,26
26,26,mobilenet,large,cold,200,3772.22,3772.21,0.0,78.43,3693.78,27
27,27,mobilenet,small,cold,200,3854.78,3854.78,0.01,48.09,3806.68,28
28,28,mobilenet,medium,cold,200,3152.09,3152.08,0.0,34.3,3117.78,29
29,29,mobilenet,small,cold,200,3113.56,3113.55,0.0,41.43,3072.12,30
30,30,mobilenet,medium,cold,200,3058.99,3058.98,0.0,31.27,3027.72,31
31,31,resnet,medium,cold,200,13043.52,13043.51,0.0,175.86,12867.66,32
32,32,resnet,small,cold,200,9807.5,9807.5,0.01,856.66,8950.84,33
33,33,resnet,medium,cold,200,21696.07,21696.06,0.01,905.35,20790.71,34
34,34,mobilenet,large,cold,200,2978.22,2978.21,0.01,31.0,2947.21,35
35,35,resnet,large,cold,200,2094.68,2094.68,0.01,183.44,1911.24,36
36,36,mobilenet,large,cold,200,3129.61,3129.61,0.0,21.3,3108.31,37
37,37,mobilenet,large,cold,200,3093.38,3093.38,0.0,24.52,3068.86,38
38,38,mobilenet,small,cold,200,2868.83,2868.82,0.01,35.08,2833.74,39
39,39,resnet,medium,cold,200,1878.32,1878.31,0.01,198.79,1679.52,40
40,40,resnet,large,cold,200,6381.6,6381.59,0.0,297.82,6083.77,41
41,41,mobilenet,large,cold,200,2800.36,2800.35,0.01,38.84,2761.51,42
42,42,resnet,small,cold,200,20131.56,20131.56,0.01,893.05,19238.51,43
43,43,mobilenet,small,cold,200,2736.21,2736.2,0.01,47.29,2688.91,44
44,44,resnet,medium,cold,200,19221.93,19221.92,0.01,701.99,18519.94,45
45,45,resnet,small,cold,200,18504.5,18504.5,0.0,750.44,17754.06,46
46,46,mobilenet,large,cold,200,2614.65,2614.64,0.01,48.84,2565.8,47
47,47,resnet,small,cold,200,16463.38,16463.38,0.01,515.13,15948.25,48
48,48,resnet,medium,cold,200,8781.36,8781.35,0.0,607.66,8173.69,49
49,49,resnet,small,cold,200,7803.16,7803.16,0.0,458.7,7344.46,50
50,50,resnet,small,cold,200,8160.7,8160.7,0.01,359.12,7801.58,51
51,51,mobilenet,large,cold,200,1643.66,1643.66,0.01,55.62,1588.04,52
52,52,resnet,large,cold,200,7318.95,7318.94,0.01,300.12,7018.83,53
53,53,resnet,large,cold,200,7001.84,7001.83,0.0,150.4,6851.43,54
54,54,resnet,medium,cold,200,6837.65,6837.65,0.01,331.72,6505.93,55
55,55,mobilenet,small,cold,200,3618.73,3618.72,0.01,34.57,3584.15,56
56,56,resnet,small,cold,200,6482.71,6482.7,0.01,267.99,6214.71,57
57,57,mobilenet,small,cold,200,1813.85,1813.85,0.01,35.35,1778.5,58
58,58,mobilenet,large,cold,200,3649.36,3649.35,0.01,50.56,3598.79,59
59,59,mobilenet,large,cold,200,2191.68,2191.68,0.01,44.01,2147.67,60
60,60,resnet,large,cold,200,5881.6,5881.6,0.0,146.25,5735.34,61
61,61,mobilenet,medium,cold,200,3295.57,3295.57,0.01,32.47,3263.1,62
62,62,resnet,large,cold,200,5713.41,5713.4,0.0,216.16,5497.25,63
63,63,resnet,large,cold,200,5481.14,5481.13,0.0,587.17,4893.96,64
64,64,resnet,large,cold,200,4882.94,4882.93,0.0,569.44,4313.5,65
65,65,mobilenet,large,cold,200,3224.14,3224.14,0.01,50.93,3173.21,66
66,66,mobilenet,large,cold,200,2237.09,2237.09,0.01,61.45,2175.64,67
67,67,resnet,large,cold,200,3795.09,3795.09,0.0,263.99,3531.1,68
68,68,resnet,small,cold,200,3505.5,3505.5,0.0,239.22,3266.28,69
69,69,resnet,medium,cold,200,3255.24,3255.24,0.0,137.01,3118.23,70
70,70,mobilenet,medium,cold,200,2126.39,2126.38,0.01,49.53,2076.85,71
71,71,mobilenet,large,cold,200,1546.85,1546.84,0.01,35.82,1511.02,72
72,72,resnet,large,cold,200,2726.15,2726.15,0.0,185.17,2540.98,73
73,73,mobilenet,large,cold,200,2004.48,2004.47,0.01,46.76,1957.71,74
74,74,mobilenet,large,cold,200,2550.84,2550.84,0.01,40.47,2510.37,75
75,75,resnet,large,cold,200,2507.86,2507.86,0.0,203.7,2304.15,76
76,76,mobilenet,small,cold,200,2362.0,2361.99,0.0,46.28,2315.72,77
77,77,resnet,small,cold,200,2277.02,2277.02,0.01,240.47,2036.54,78
78,78,mobilenet,large,cold,200,1714.55,1714.55,0.01,36.56,1677.99,79
79,79,resnet,medium,cold,200,2022.13,2022.12,0.0,354.18,1667.95,80
80,80,mobilenet,small,cold,200,1625.9,1625.9,0.01,42.96,1582.94,81
81,81,resnet,medium,cold,200,9649.92,9649.92,0.0,147.49,9502.42,82
82,82,mobilenet,small,cold,200,1523.41,1523.4,0.01,44.92,1478.48,83
83,83,mobilenet,large,cold,200,1464.99,1464.98,0.01,28.83,1436.15,84
84,84,mobilenet,small,cold,200,1380.79,1380.78,0.01,42.55,1338.23,85
85,85,resnet,small,cold,200,9456.82,9456.82,0.01,188.06,9268.76,86
86,86,mobilenet,small,cold,200,1324.37,1324.36,0.01,30.28,1294.08,87
87,87,resnet,large,cold,200,21489.91,21489.89,0.02,325.38,21164.51,88
88,88,mobilenet,medium,cold,200,3072.59,3072.59,0.0,45.08,3027.51,89
89,89,resnet,small,cold,200,4065.26,4065.26,0.01,489.83,3575.42,90
90,90,mobilenet,large,cold,200,2916.27,2916.27,0.0,60.46,2855.81,91
91,91,resnet,medium,cold,200,17278.91,17278.91,0.01,557.87,16721.03,92
92,92,resnet,medium,cold,200,16710.97,16710.97,0.0,689.18,16021.79,93
93,93,resnet,small,cold,200,2884.21,2884.21,0.0,365.79,2518.42,94
94,94,mobilenet,small,cold,200,1523.73,1523.72,0.0,33.41,1490.31,95
95,95,mobilenet,medium,cold,200,2076.89,2076.89,0.01,66.31,2010.58,96
96,96,mobilenet,large,cold,200,2000.82,2000.81,0.01,65.3,1935.51,97
97,97,mobilenet,large,cold,200,1715.3,1715.3,0.01,56.77,1658.52,98
98,98,mobilenet,small,cold,200,1643.27,1643.26,0.01,53.02,1590.25,99
99,99,mobilenet,large,cold,200,1577.4,1577.39,0.01,32.9,1544.49,100
100,100,mobilenet,small,cold,200,2414.17,2414.17,0.0,41.81,2372.36,100
101,101,mobilenet,small,cold,200,2358.14,2358.14,0.0,43.71,2314.43,100
102,102,resnet,small,cold,200,20940.75,20940.75,0.01,620.49,20320.26,100
103,103,mobilenet,medium,cold,200,2338.32,2338.31,0.01,65.07,2273.24,100
104,104,resnet,small,cold,200,25021.31,25021.3,0.01,683.68,24337.62,100
105,105,mobilenet,large,cold,200,2287.68,2287.67,0.0,35.77,2251.9,100
106,106,resnet,small,cold,200,25696.94,25696.93,0.01,752.19,24944.74,100
107,107,resnet,medium,cold,200,21346.35,21346.35,0.0,613.35,20733.0,100
108,108,mobilenet,small,cold,200,2230.02,2230.01,0.01,28.77,2201.25,100
109,109,mobilenet,large,cold,200,2245.41,2245.41,0.01,39.74,2205.67,100
110,110,resnet,medium,cold,200,26061.15,26061.14,0.01,451.71,25609.43,100
111,111,resnet,medium,cold,200,26905.24,26905.24,0.0,910.78,25994.45,100
112,112,resnet,large,cold,200,27311.46,27311.45,0.02,449.9,26861.55,100
113,113,mobilenet,large,cold,200,2142.65,2142.65,0.0,54.51,2088.14,100
114,114,mobilenet,small,cold,200,2203.15,2203.15,0.0,66.86,2136.28,100
115,115,resnet,large,cold,200,21443.09,21443.08,0.01,337.43,21105.65,100
116,116,resnet,small,cold,200,28034.38,28034.37,0.01,825.09,27209.28,100
117,117,mobilenet,small,cold,200,2145.27,2145.26,0.01,54.71,2090.55,100
118,118,mobilenet,large,cold,200,2149.18,2149.17,0.0,55.92,2093.25,100
119,119,resnet,small,cold,200,28506.75,28506.75,0.01,625.79,27880.95,100
120,120,resnet,small,cold,200,29287.13,29287.12,0.01,823.8,28463.32,100
121,121,resnet,medium,cold,200,30013.13,30013.12,0.01,763.1,29250.02,100
122,122,mobilenet,small,cold,200,2052.48,2052.48,0.01,80.56,1971.92,100
123,123,resnet,large,cold,200,21766.95,21766.94,0.0,637.37,21129.57,100
124,124,mobilenet,small,cold,200,2061.14,2061.14,0.0,92.65,1968.49,100
125,125,mobilenet,small,cold,200,2085.79,2085.78,0.0,92.66,1993.12,100
126,126,mobilenet,small,cold,200,2113.64,2113.63,0.0,84.36,2029.27,100
127,127,resnet,medium,cold,200,22058.0,22057.99,0.0,506.74,21551.25,100
128,128,resnet,small,cold,200,30514.6,30514.59,0.01,797.6,29716.99,100
129,129,resnet,small,cold,200,30670.62,30670.6,0.02,203.41,30467.2,100
130,130,mobilenet,medium,cold,200,2026.89,2026.89,0.01,54.97,1971.91,100
131,131,mobilenet,medium,cold,200,2029.87,2029.86,0.0,45.7,1984.16,100
132,132,resnet,medium,cold,200,22457.09,22457.08,0.01,598.34,21858.74,100
133,133,resnet,medium,cold,200,30688.03,30688.02,0.01,150.81,30537.22,100
134,134,resnet,small,cold,200,30834.88,30834.88,0.0,177.75,30657.12,100
135,135,mobilenet,medium,warm,200,47.2,47.19,0.0,33.43,13.76,100
136,136,mobilenet,small,warm,200,39.07,39.06,0.0,24.8,14.26,100
137,137,mobilenet,large,warm,200,46.41,46.41,0.01,21.69,24.72,100
138,138,resnet,small,cold,200,30886.34,30886.34,0.0,160.46,30725.88,99
139,139,mobilenet,large,warm,200,60.64,60.64,0.0,39.21,21.43,100
140,140,resnet,large,cold,200,31145.03,31145.02,0.01,281.01,30864.01,100
141,141,mobilenet,small,warm,200,58.34,58.34,0.0,32.77,25.56,100
142,142,mobilenet,small,warm,200,115.41,115.41,0.01,28.98,86.43,100
143,143,mobilenet,large,warm,200,68.83,68.82,0.0,27.49,41.33,100
144,144,mobilenet,large,warm,200,240.43,240.42,0.0,69.14,171.28,100
145,145,mobilenet,medium,warm,200,141.0,140.99,0.0,70.86,70.14,100
146,146,mobilenet,large,warm,200,337.24,337.23,0.0,45.61,291.62,99
147,147,mobilenet,large,warm,200,373.4,373.39,0.0,33.77,339.62,100
148,148,mobilenet,large,warm,200,205.51,205.5,0.0,40.5,165.0,99
149,149,mobilenet,medium,warm,200,376.36,376.35,0.0,35.45,340.9,100
150,150,resnet,medium,cold,200,22917.81,22917.8,0.01,769.05,22148.76,99
151,151,mobilenet,large,warm,200,225.97,225.97,0.01,43.82,182.15,100
152,152,resnet,small,cold,200,31283.73,31283.73,0.01,317.29,30966.44,100
153,153,resnet,medium,cold,200,31587.14,31587.14,0.01,330.87,31256.27,100
154,154,mobilenet,large,warm,200,275.18,275.18,0.01,20.44,254.73,100
155,155,resnet,medium,warm,200,300.58,300.57,0.0,279.35,21.22,100
156,156,resnet,small,warm,200,287.38,287.38,0.0,267.68,19.69,100
157,157,mobilenet,medium,warm,200,83.62,83.62,0.0,62.77,20.84,100
158,158,mobilenet,small,warm,200,204.2,204.19,0.0,29.7,174.49,100
159,159,mobilenet,large,warm,200,95.66,95.65,0.01,77.71,17.94,100
160,160,resnet,small,warm,200,714.48,714.47,0.01,691.37,23.1,100
161,161,resnet,small,warm,200,455.47,455.47,0.0,262.13,193.33,100
162,162,mobilenet,medium,warm,200,50.88,50.88,0.0,36.02,14.85,100
163,163,resnet,small,warm,200,617.07,617.07,0.0,188.72,428.36,100
164,164,resnet,large,warm,200,378.37,378.37,0.0,358.03,20.34,100
165,165,resnet,large,warm,200,936.94,936.94,0.01,355.04,581.89,100
166,166,mobilenet,large,warm,200,201.76,201.76,0.01,163.2,38.55,100
167,167,resnet,large,warm,200,554.92,554.91,0.0,194.23,360.69,100
168,168,mobilenet,small,warm,200,34.89,34.88,0.01,22.92,11.96,100
169,169,resnet,small,warm,200,229.22,229.22,0.0,210.78,18.44,100
170,170,mobilenet,large,warm,200,85.23,85.23,0.01,63.16,22.06,100
171,171,mobilenet,medium,warm,200,46.74,46.73,0.01,30.11,16.62,99
172,172,resnet,large,warm,200,365.02,365.01,0.0,303.65,61.36,100
173,173,mobilenet,large,warm,200,264.84,264.84,0.0,125.65,139.19,100
174,174,resnet,small,warm,200,1192.37,1192.36,0.0,342.33,850.03,100
175,175,resnet,large,cold,200,1399.61,1399.61,0.0,237.23,1162.38,100
176,176,resnet,medium,warm,200,353.38,353.37,0.0,208.18,145.19,100
177,177,mobilenet,small,warm,200,41.7,41.69,0.01,29.32,12.37,100
178,178,resnet,medium,warm,200,609.16,609.15,0.0,323.0,286.16,100
179,179,mobilenet,small,warm,200,35.21,35.2,0.01,23.43,11.77,100
180,180,resnet,small,warm,200,585.82,585.82,0.0,285.93,299.89,100
181,181,resnet,small,warm,200,948.43,948.43,0.01,500.66,447.77,100
182,182,resnet,large,warm,200,1314.12,1314.11,0.0,368.43,945.69,100
183,183,resnet,large,warm,200,695.82,695.82,0.0,340.2,355.62,100
184,184,mobilenet,small,warm,200,39.14,39.14,0.0,27.06,12.08,100
185,185,mobilenet,large,warm,200,168.48,168.48,0.0,88.2,80.28,100
186,186,mobilenet,large,warm,200,53.8,53.8,0.0,37.88,15.91,99
187,187,mobilenet,medium,warm,200,40.28,40.27,0.01,22.05,18.23,100
188,188,mobilenet,medium,warm,200,45.49,45.49,0.0,30.02,15.47,100
189,189,mobilenet,small,warm,200,45.96,45.95,0.0,31.8,14.15,100
190,190,resnet,medium,warm,200,794.86,794.86,0.01,375.38,419.48,100
191,191,mobilenet,medium,warm,200,42.99,42.99,0.0,24.89,18.1,100
192,192,mobilenet,large,warm,200,63.01,63.0,0.0,27.52,35.49,100
193,193,mobilenet,large,warm,200,33.8,33.79,0.0,19.72,14.08,100
194,194,mobilenet,medium,warm,200,64.76,64.75,0.0,20.63,44.12,100
195,195,resnet,large,warm,200,880.06,880.05,0.0,359.89,520.16,100
196,196,mobilenet,small,warm,200,68.37,68.37,0.01,23.25,45.11,98
197,197,mobilenet,small,warm,200,38.29,38.28,0.0,23.98,14.3,99
198,198,resnet,small,warm,200,1369.95,1369.94,0.01,531.2,838.74,100
199,199,mobilenet,large,warm,200,33.38,33.38,0.0,21.34,12.05,100
200,200,resnet,medium,cold,200,2242.15,2242.15,0.0,270.06,1972.08,100
201,201,mobilenet,medium,warm,200,44.39,44.39,0.0,29.28,15.11,98
202,202,mobilenet,large,warm,200,43.68,43.67,0.0,28.14,15.53,99
203,203,mobilenet,medium,warm,200,124.94,124.94,0.0,104.54,20.4,100
204,204,mobilenet,medium,warm,200,65.97,65.97,0.0,26.19,39.78,99
205,205,mobilenet,small,warm,200,42.74,42.74,0.0,27.11,15.63,100
206,206,resnet,medium,cold,200,2000.22,2000.22,0.01,391.62,1608.6,100
207,207,resnet,small,warm,200,762.93,762.92,0.01,472.4,290.52,100
208,208,mobilenet,small,warm,200,49.72,49.71,0.0,36.49,13.22,100
209,209,mobilenet,medium,warm,200,49.61,49.61,0.0,25.25,24.36,99
210,210,resnet,medium,warm,200,934.97,934.97,0.01,281.52,653.45,100
211,211,mobilenet,medium,warm,200,34.53,34.52,0.0,23.0,11.52,99
212,212,resnet,large,cold,200,2433.44,2433.43,0.01,534.62,1898.8,100
213,213,resnet,large,cold,200,1373.76,1373.75,0.0,370.97,1002.78,100
214,214,resnet,small,warm,200,1243.93,1243.92,0.0,256.24,987.68,100
215,215,mobilenet,medium,warm,200,81.31,81.31,0.0,66.16,15.15,100
216,216,mobilenet,large,warm,200,47.57,47.57,0.01,30.68,16.88,100
217,217,resnet,small,warm,200,985.94,985.94,0.0,274.92,711.02,100
218,218,mobilenet,large,warm,200,48.88,48.88,0.0,33.52,15.36,100
219,219,resnet,medium,cold,200,1596.52,1596.51,0.01,278.01,1318.5,100
220,220,resnet,medium,cold,200,2624.48,2624.47,0.01,541.05,2083.43,99
221,221,mobilenet,medium,warm,200,37.04,37.04,0.0,22.52,14.52,100
222,222,mobilenet,medium,warm,200,93.54,93.53,0.01,64.76,28.77,99
223,223,mobilenet,large,warm,200,124.9,124.9,0.0,108.58,16.32,100
224,224,resnet,small,cold,200,1518.79,1518.78,0.01,357.87,1160.91,99
225,225,mobilenet,medium,warm,200,92.94,92.93,0.0,28.66,64.27,100
226,226,resnet,small,cold,200,1738.04,1738.03,0.0,194.17,1543.86,99
227,227,resnet,large,cold,200,2712.99,2712.98,0.0,412.52,2300.47,100
228,228,resnet,large,cold,200,1899.44,1899.44,0.01,182.1,1717.34,100
229,229,mobilenet,large,warm,200,116.02,116.01,0.01,70.67,45.34,100
230,230,resnet,large,cold,200,3718.6,3718.6,0.0,739.56,2979.03,100
231,231,resnet,large,cold,200,2993.86,2993.85,0.01,507.12,2486.73,99
232,232,resnet,medium,cold,200,3000.63,3000.63,0.0,379.2,2621.43,100
233,233,resnet,large,cold,200,3955.75,3955.75,0.01,463.01,3492.74,100
234,234,resnet,large,cold,200,1626.95,1626.94,0.01,619.78,1007.16,100
235,235,mobilenet,small,warm,200,66.49,66.48,0.0,47.39,19.1,100
236,236,resnet,large,cold,200,3577.07,3577.07,0.0,653.88,2923.19,99
237,237,resnet,large,cold,200,4131.52,4131.51,0.0,511.16,3620.35,100
238,238,mobilenet,large,warm,200,118.22,118.22,0.0,102.58,15.64,100
239,239,resnet,medium,cold,200,4054.31,4054.3,0.01,369.92,3684.38,100
240,240,mobilenet,medium,warm,200,48.4,48.39,0.01,35.96,12.43,100
241,241,resnet,small,warm,200,723.84,723.84,0.01,214.23,509.61,100
242,242,resnet,large,cold,200,3963.49,3963.49,0.0,221.87,3741.62,100
243,243,resnet,medium,warm,200,928.95,928.94,0.0,333.8,595.15,100
244,244,resnet,medium,cold,200,1713.3,1713.3,0.0,216.22,1497.07,100
245,245,mobilenet,large,warm,200,46.66,46.66,0.01,34.36,12.3,100
246,246,resnet,large,cold,200,5428.76,5428.75,0.0,700.16,4728.59,100
247,247,mobilenet,large,warm,200,125.66,125.66,0.0,78.96,46.69,100
248,248,mobilenet,medium,warm,200,68.0,67.99,0.0,54.32,13.68,100
249,249,resnet,small,cold,200,5974.51,5974.5,0.01,641.25,5333.26,100
250,250,mobilenet,large,warm,200,41.76,41.76,0.01,27.48,14.28,100
251,251,resnet,small,warm,200,907.0,907.0,0.0,411.91,495.09,100
252,252,mobilenet,small,warm,200,34.03,34.02,0.0,18.53,15.49,100
253,253,mobilenet,small,warm,200,61.67,61.66,0.01,43.77,17.89,100
254,254,mobilenet,medium,warm,200,122.43,122.43,0.0,102.9,19.53,100
255,255,mobilenet,medium,warm,200,41.84,41.83,0.01,27.99,13.85,100
256,256,resnet,large,cold,200,1811.12,1811.12,0.0,375.15,1435.96,100
257,257,mobilenet,large,warm,200,72.65,72.65,0.0,60.09,12.56,100
258,258,resnet,medium,cold,200,2270.99,2270.98,0.0,481.76,1789.22,100
259,259,resnet,small,cold,200,2766.7,2766.69,0.01,303.85,2462.84,100
260,260,mobilenet,large,warm,200,61.35,61.35,0.0,49.4,11.95,100
261,261,mobilenet,small,warm,200,43.96,43.96,0.0,29.43,14.52,100
262,262,resnet,small,warm,200,1145.54,1145.53,0.0,329.18,816.35,100
263,263,mobilenet,large,warm,200,97.98,97.97,0.0,81.65,16.32,98
264,264,resnet,small,warm,200,1051.93,1051.93,0.0,500.8,551.13,99
265,265,mobilenet,small,warm,200,44.1,44.09,0.0,27.83,16.26,100
266,266,resnet,small,cold,200,3842.95,3842.95,0.01,291.07,3551.88,100
267,267,resnet,large,cold,200,2813.02,2813.02,0.01,648.79,2164.22,100
268,268,resnet,medium,cold,200,1375.86,1375.86,0.01,204.08,1171.78,100
269,269,resnet,large,cold,200,1273.69,1273.69,0.0,227.9,1045.78,100
270,270,resnet,small,cold,200,4326.17,4326.16,0.0,421.12,3905.04,100
271,271,resnet,medium,cold,200,1625.1,1625.09,0.0,437.41,1187.69,100
272,272,resnet,small,cold,200,4408.83,4408.83,0.01,741.55,3667.28,100
273,273,resnet,large,cold,200,1772.66,1772.65,0.0,556.66,1215.99,100
274,274,resnet,large,cold,200,3911.21,3911.21,0.0,650.92,3260.28,100
275,275,mobilenet,medium,warm,200,110.62,110.62,0.0,94.27,16.35,100
276,276,resnet,small,cold,200,2752.21,2752.2,0.0,479.01,2273.2,100
277,277,resnet,small,cold,200,4546.1,4546.09,0.01,755.51,3790.58,100
278,278,resnet,medium,cold,200,1890.54,1890.53,0.0,527.21,1363.33,100
279,279,resnet,large,cold,200,3098.13,3098.12,0.0,608.03,2490.09,100
280,280,mobilenet,small,warm,200,27.01,27.01,0.01,17.83,9.17,100
281,281,mobilenet,small,warm,200,28.54,28.54,0.0,18.65,9.88,100
282,282,resnet,large,warm,200,234.01,234.0,0.0,218.59,15.41,100
283,283,mobilenet,large,warm,200,106.34,106.34,0.0,93.98,12.36,100
284,284,mobilenet,small,warm,200,75.42,75.41,0.01,58.24,17.17,100
285,285,resnet,medium,cold,200,3571.17,3571.17,0.01,757.93,2813.24,99
286,286,resnet,large,cold,200,1328.45,1328.44,0.0,184.01,1144.43,100
287,287,resnet,medium,warm,200,234.41,234.41,0.01,218.09,16.31,100
288,288,mobilenet,small,warm,200,50.31,50.3,0.01,38.14,12.16,100
289,289,resnet,medium,cold,200,7009.06,7009.05,0.01,698.4,6310.66,100
290,290,mobilenet,large,warm,200,63.91,63.9,0.0,53.4,10.5,100
291,291,resnet,medium,cold,200,2722.15,2722.15,0.0,139.29,2582.86,100
292,292,mobilenet,medium,warm,200,42.18,42.17,0.01,29.55,12.62,100
293,293,resnet,medium,warm,200,237.89,237.88,0.01,222.49,15.39,100
294,294,resnet,large,cold,200,1267.36,1267.35,0.0,144.29,1123.06,100
295,295,mobilenet,medium,warm,200,51.02,51.02,0.01,37.79,13.23,100
296,296,mobilenet,medium,warm,200,52.79,52.78,0.01,38.54,14.25,100
297,297,resnet,medium,warm,200,253.61,253.61,0.0,243.98,9.63,100
298,298,mobilenet,medium,warm,200,37.1,37.09,0.01,23.08,14.01,100
299,299,resnet,large,cold,200,1355.49,1355.49,0.0,174.85,1180.63,100
300,300,resnet,large,cold,200,2861.14,2861.13,0.0,265.15,2595.98,100
301,301,mobilenet,medium,warm,200,39.04,39.03,0.01,22.86,16.18,100
302,302,mobilenet,large,warm,200,77.9,77.89,0.01,60.45,17.44,100
303,303,mobilenet,medium,warm,200,35.78,35.78,0.01,17.69,18.08,100
304,304,mobilenet,small,warm,200,53.4,53.4,0.0,40.11,13.29,100
305,305,resnet,small,warm,200,606.14,606.14,0.01,579.56,26.58,100
306,306,resnet,small,cold,200,4002.44,4002.43,0.0,652.63,3349.8,100
307,307,mobilenet,medium,warm,200,44.1,44.09,0.01,31.62,12.48,100
308,308,resnet,medium,cold,200,2133.04,2133.02,0.02,553.07,1579.95,100
309,309,mobilenet,medium,warm,200,43.21,43.21,0.0,29.62,13.59,100
310,310,resnet,medium,cold,200,2427.7,2427.7,0.0,333.62,2094.08,100
311,311,resnet,medium,cold,200,4040.34,4040.34,0.0,512.32,3528.02,100
312,312,resnet,medium,warm,200,526.52,526.51,0.01,483.24,43.28,99
313,313,mobilenet,medium,warm,200,52.72,52.71,0.01,41.15,11.57,100
314,314,mobilenet,large,warm,200,200.99,200.99,0.0,173.23,27.75,100
315,315,mobilenet,medium,warm,200,154.35,154.34,0.01,138.29,16.05,100
316,316,mobilenet,large,warm,200,133.66,133.66,0.0,123.23,10.43,100
317,317,mobilenet,large,warm,200,89.23,89.23,0.0,75.35,13.88,100
318,318,mobilenet,small,warm,200,100.23,100.22,0.01,87.17,13.06,100
319,319,mobilenet,small,warm,200,113.41,113.41,0.0,94.66,18.75,100
320,320,mobilenet,large,warm,200,168.43,168.42,0.01,84.8,83.62,100
321,321,mobilenet,small,warm,200,51.58,51.58,0.0,38.57,13.01,100
322,322,mobilenet,medium,warm,200,73.62,73.62,0.0,56.64,16.98,100
323,323,mobilenet,large,warm,200,116.55,116.55,0.0,92.47,24.08,100
324,324,mobilenet,medium,warm,200,117.68,117.67,0.01,101.36,16.32,100
325,325,resnet,medium,warm,200,309.14,309.13,0.01,279.6,29.54,100
326,326,mobilenet,large,warm,200,40.28,40.28,0.01,25.98,14.3,99
327,327,mobilenet,small,warm,200,150.44,150.43,0.01,131.93,18.5,100
328,328,resnet,small,warm,200,420.04,420.04,0.01,240.76,179.27,100
329,329,mobilenet,medium,warm,200,55.2,55.19,0.01,33.75,21.45,100
330,330,resnet,medium,warm,200,636.14,636.13,0.01,415.65,220.49,99
331,331,mobilenet,small,warm,200,165.21,165.2,0.0,144.95,20.26,100
332,332,mobilenet,small,warm,200,102.5,102.5,0.01,72.81,29.69,100
333,333,resnet,large,warm,200,1041.45,1041.44,0.0,444.62,596.82,100
334,334,mobilenet,large,warm,200,90.62,90.62,0.0,74.72,15.89,100
335,335,mobilenet,medium,warm,200,184.43,184.43,0.0,152.66,31.77,100
336,336,resnet,large,cold,200,2246.34,2246.34,0.0,336.85,1909.49,100
337,337,resnet,small,cold,200,4562.39,4562.39,0.0,642.16,3920.22,100
338,338,resnet,small,cold,200,2752.62,2752.61,0.0,511.28,2241.33,100
339,339,resnet,medium,warm,200,1001.98,1001.97,0.0,382.54,619.43,100
340,340,mobilenet,medium,warm,200,196.25,196.24,0.01,181.14,15.1,100
341,341,resnet,large,warm,200,302.95,302.95,0.0,291.94,11.0,100
342,342,resnet,large,warm,200,514.18,514.18,0.0,221.35,292.83,100
343,343,mobilenet,medium,warm,200,171.63,171.63,0.01,151.5,20.13,100
344,344,mobilenet,large,warm,200,37.96,37.95,0.0,24.48,13.47,100
345,345,resnet,large,cold,200,3882.48,3882.47,0.0,634.17,3248.3,100
346,346,resnet,medium,cold,200,4177.33,4177.33,0.0,304.78,3872.55,100
347,347,resnet,large,cold,200,3267.89,3267.89,0.0,689.69,2578.2,100
348,348,resnet,medium,warm,200,149.14,149.13,0.01,137.13,12.0,100
349,349,mobilenet,small,warm,200,65.04,65.04,0.0,40.61,24.43,100
350,350,resnet,medium,warm,200,336.69,336.69,0.0,216.67,120.02,100
351,351,mobilenet,medium,warm,200,108.99,108.99,0.01,87.23,21.76,100
352,352,resnet,medium,warm,200,202.79,202.78,0.01,191.4,11.38,100
353,353,mobilenet,medium,warm,200,104.97,104.96,0.0,92.46,12.51,100
354,354,resnet,small,warm,200,1067.9,1067.89,0.0,450.24,617.66,100
355,355,resnet,small,cold,200,3771.47,3771.47,0.0,664.98,3106.49,100
356,356,resnet,medium,cold,200,4970.56,4970.56,0.01,783.12,4187.44,100
357,357,resnet,medium,cold,200,2452.86,2452.86,0.01,642.76,1810.09,100
358,358,resnet,large,warm,200,532.08,532.07,0.0,406.19,125.88,100
359,359,mobilenet,large,warm,200,127.28,127.27,0.0,108.23,19.04,100
360,360,mobilenet,small,warm,200,101.81,101.81,0.0,86.78,15.02,100
361,361,mobilenet,large,warm,200,64.71,64.71,0.0,49.26,15.45,100
362,362,resnet,medium,cold,200,2492.26,2492.25,0.01,426.27,2065.99,100
363,363,mobilenet,large,warm,200,155.38,155.37,0.01,123.63,31.74,100
364,364,resnet,large,warm,200,411.98,411.97,0.01,400.77,11.2,100
365,365,resnet,medium,warm,200,470.07,470.06,0.01,402.6,67.47,100
366,366,mobilenet,small,warm,200,74.9,74.9,0.01,62.59,12.3,100
367,367,resnet,small,warm,200,732.04,732.03,0.0,347.52,384.51,100
368,368,resnet,large,warm,200,997.0,996.99,0.0,279.55,717.44,100
369,369,mobilenet,medium,warm,200,92.6,92.6,0.0,75.59,17.01,100
370,370,resnet,medium,warm,200,1432.21,1432.21,0.0,455.54,976.66,100
371,371,resnet,medium,warm,200,749.98,749.98,0.0,401.31,348.67,100
372,372,resnet,medium,cold,200,1623.28,1623.28,0.0,389.33,1233.95,100
373,373,resnet,medium,warm,200,802.69,802.68,0.0,483.63,319.05,100
374,374,resnet,medium,cold,200,2196.48,2196.47,0.0,626.27,1570.2,100
375,375,mobilenet,small,warm,200,139.39,139.38,0.01,120.89,18.49,100
376,376,mobilenet,medium,warm,200,146.24,146.24,0.0,125.97,20.27,100
377,377,mobilenet,large,warm,200,136.89,136.88,0.01,116.63,20.25,100
378,378,mobilenet,small,warm,200,152.9,152.89,0.0,131.91,20.98,100
379,379,mobilenet,large,warm,200,152.98,152.98,0.0,132.03,20.94,100
380,380,resnet,medium,warm,200,333.29,333.29,0.0,317.98,15.31,100
381,381,resnet,small,warm,200,882.53,882.53,0.0,472.62,409.91,99
382,382,mobilenet,medium,warm,200,95.74,95.73,0.01,73.46,22.28,100
383,383,mobilenet,medium,warm,200,193.26,193.26,0.0,90.14,103.12,100
384,384,mobilenet,medium,warm,200,165.63,165.62,0.01,97.48,68.14,100
385,385,mobilenet,large,warm,200,171.47,171.46,0.01,153.87,17.6,100
386,386,mobilenet,medium,warm,200,67.08,67.07,0.0,49.6,17.47,100
387,387,mobilenet,small,warm,200,76.94,76.94,0.0,57.25,19.69,100
388,388,resnet,large,cold,200,3905.11,3905.11,0.01,684.92,3220.19,100
389,389,mobilenet,large,warm,200,150.43,150.42,0.0,130.75,19.67,100
390,390,resnet,small,warm,200,1052.71,1052.7,0.01,346.74,705.96,100
391,391,mobilenet,large,warm,200,45.87,45.87,0.0,32.6,13.26,100
392,392,resnet,medium,cold,200,2402.06,2402.05,0.0,709.23,1692.82,100
393,393,resnet,medium,warm,200,654.99,654.98,0.0,484.61,170.38,100
394,394,resnet,small,warm,200,315.77,315.76,0.01,233.75,82.01,99
395,395,mobilenet,medium,warm,200,98.9,98.9,0.0,85.07,13.82,100
396,396,resnet,small,warm,200,796.26,796.26,0.01,478.15,318.11,99
397,397,mobilenet,medium,warm,200,129.9,129.9,0.0,108.23,21.67,100
398,398,resnet,small,cold,200,2207.42,2207.42,0.01,606.1,1601.32,100
399,399,mobilenet,small,warm,200,51.46,51.45,0.01,36.37,15.08,100
400,400,mobilenet,large,warm,200,112.5,112.49,0.0,95.41,17.09,100
401,401,resnet,small,cold,200,2783.79,2783.78,0.0,514.65,2269.13,99
402,402,mobilenet,small,warm,200,35.39,35.39,0.0,23.3,12.09,100
403,403,resnet,large,warm,200,184.84,184.83,0.0,172.09,12.75,100
404,404,mobilenet,large,warm,200,40.03,40.03,0.0,28.79,11.23,100
405,405,resnet,medium,warm,200,364.06,364.06,0.0,178.11,185.95,100
406,406,resnet,medium,cold,200,3092.07,3092.06,0.01,360.74,2731.32,100
407,407,resnet,medium,warm,200,464.88,464.87,0.01,139.91,324.96,100
408,408,mobilenet,large,warm,200,138.87,138.87,0.0,121.79,17.08,100
409,409,mobilenet,small,warm,200,132.71,132.71,0.0,120.91,11.79,100
410,410,mobilenet,medium,warm,200,94.4,94.39,0.0,82.44,11.96,100
411,411,mobilenet,small,warm,200,167.38,167.37,0.0,141.15,26.22,100
412,412,mobilenet,small,warm,200,45.24,45.24,0.0,31.25,13.99,100
413,413,mobilenet,small,warm,200,106.78,106.77,0.01,90.6,16.17,100
414,414,mobilenet,medium,warm,200,205.86,205.85,0.01,101.72,104.13,100
415,415,resnet,large,cold,200,1987.7,1987.7,0.0,412.79,1574.91,100
416,416,resnet,medium,warm,200,1148.7,1148.7,0.0,689.96,458.74,100
417,417,mobilenet,small,warm,200,45.37,45.37,0.0,34.35,11.01,100
418,418,resnet,large,cold,200,2809.07,2809.07,0.01,797.34,2011.73,100
419,419,resnet,large,warm,200,249.59,249.58,0.01,229.58,20.0,100
420,420,resnet,small,warm,200,791.99,791.98,0.0,538.11,253.87,100
421,421,mobilenet,medium,warm,200,126.61,126.61,0.01,112.84,13.76,100
422,422,mobilenet,medium,warm,200,32.06,32.06,0.01,18.36,13.7,100
423,423,mobilenet,large,warm,200,157.82,157.82,0.0,64.32,93.5,100
424,424,mobilenet,large,warm,200,38.12,38.12,0.0,19.26,18.86,100
425,425,mobilenet,medium,warm,200,134.55,134.55,0.0,121.74,12.81,100
426,426,mobilenet,small,warm,200,139.96,139.96,0.0,128.16,11.8,100
427,427,mobilenet,small,warm,200,155.59,155.58,0.01,127.8,27.78,99
428,428,resnet,large,warm,200,1146.55,1146.54,0.0,837.2,309.34,100
429,429,resnet,medium,cold,200,2975.01,2975.0,0.0,597.06,2377.94,100
430,430,mobilenet,medium,warm,200,88.61,88.61,0.0,73.37,15.23,100
431,431,resnet,large,cold,200,4262.79,4262.78,0.0,997.31,3265.47,100
432,432,resnet,medium,warm,200,1429.02,1429.01,0.01,505.53,923.49,100
433,433,resnet,medium,warm,200,777.15,777.15,0.01,746.61,30.54,100
434,434,mobilenet,large,warm,200,150.85,150.84,0.01,132.04,18.8,100
435,435,mobilenet,medium,warm,200,60.21,60.2,0.01,33.2,27.0,99
436,436,resnet,large,cold,200,2982.92,2982.92,0.01,437.23,2545.68,100
437,437,resnet,small,cold,200,2197.05,2197.05,0.01,464.11,1732.94,99
438,438,mobilenet,small,warm,200,294.71,294.71,0.0,271.76,22.95,100
439,439,mobilenet,large,warm,200,48.92,48.92,0.01,33.41,15.5,100
440,440,resnet,large,warm,200,1043.46,1043.46,0.01,538.64,504.82,100
441,441,mobilenet,small,warm,200,253.54,253.53,0.01,136.69,116.84,100
442,442,resnet,large,warm,200,1303.35,1303.35,0.0,588.41,714.93,99
443,443,resnet,medium,cold,200,1300.51,1300.5,0.01,262.94,1037.56,100
444,444,mobilenet,large,warm,200,42.19,42.18,0.01,29.38,12.8,100
445,445,resnet,large,cold,200,1895.48,1895.47,0.0,630.33,1265.15,100
446,446,resnet,small,cold,200,1682.04,1682.04,0.01,443.32,1238.71,100
447,447,resnet,medium,cold,200,2137.22,2137.22,0.0,635.42,1501.8,100
448,448,resnet,medium,cold,200,3718.99,3718.98,0.0,874.58,2844.41,100
449,449,resnet,large,cold,200,2453.94,2453.94,0.0,653.89,1800.04,100
450,450,mobilenet,small,warm,200,40.69,40.68,0.0,26.79,13.89,100
451,451,resnet,medium,cold,200,2969.07,2969.07,0.0,335.31,2633.75,100
452,452,resnet,medium,cold,200,2154.93,2154.92,0.0,767.97,1386.95,100
453,453,resnet,large,cold,200,2995.11,2995.11,0.0,853.61,2141.49,100
454,454,mobilenet,medium,warm,200,262.51,262.51,0.0,245.5,17.0,100
455,455,mobilenet,medium,warm,200,80.36,80.35,0.0,58.33,22.03,100
456,456,resnet,medium,warm,200,392.32,392.32,0.01,366.67,25.65,100
457,457,mobilenet,medium,warm,200,187.04,187.04,0.0,167.14,19.89,100
458,458,mobilenet,large,warm,200,152.32,152.31,0.0,135.14,17.18,100
459,459,resnet,medium,warm,200,1136.28,1136.27,0.0,536.44,599.83,100
460,460,mobilenet,small,warm,200,158.05,158.05,0.0,146.05,11.99,100
461,461,resnet,large,warm,200,305.44,305.44,0.0,292.13,13.31,100
462,462,resnet,large,warm,200,968.04,968.04,0.0,163.32,804.71,100
463,463,resnet,small,warm,200,675.28,675.28,0.0,647.42,27.86,99
464,464,mobilenet,medium,warm,200,98.46,98.46,0.0,77.73,20.73,100
465,465,mobilenet,medium,warm,200,186.78,186.78,0.0,153.07,33.71,100
466,466,resnet,large,warm,200,987.46,987.46,0.0,415.35,572.11,100
467,467,resnet,small,cold,200,2147.36,2147.35,0.0,567.0,1580.35,100
468,468,mobilenet,large,warm,200,88.69,88.68,0.01,60.41,28.27,100
469,469,mobilenet,large,warm,200,84.3,84.29,0.01,57.4,26.89,100
470,470,mobilenet,medium,warm,200,150.47,150.46,0.01,130.33,20.13,100
471,471,mobilenet,large,warm,200,150.35,150.35,0.01,115.7,34.64,100
472,472,resnet,small,warm,200,227.97,227.97,0.01,204.67,23.3,100
473,473,mobilenet,small,warm,200,125.71,125.7,0.01,103.11,22.59,100
474,474,resnet,small,cold,200,3456.06,3456.05,0.0,1028.32,2427.73,100
475,475,mobilenet,medium,warm,200,180.9,180.89,0.0,164.49,16.4,100
476,476,resnet,large,cold,200,2870.47,2870.46,0.0,557.83,2312.63,100
477,477,resnet,medium,warm,200,682.44,682.44,0.0,666.63,15.81,100
478,478,resnet,medium,warm,200,800.27,800.27,0.01,188.95,611.32,100
479,479,mobilenet,medium,warm,200,44.08,44.07,0.01,33.85,10.22,100
480,480,mobilenet,medium,warm,200,173.43,173.43,0.0,152.51,20.92,100
481,481,mobilenet,large,warm,200,176.7,176.7,0.0,160.63,16.06,100
482,482,mobilenet,small,warm,200,136.6,136.6,0.0,121.46,15.14,100
483,483,resnet,medium,cold,200,2613.92,2613.92,0.0,794.3,1819.62,100
484,484,resnet,large,warm,200,1437.71,1437.7,0.0,798.54,639.16,100
485,485,resnet,small,warm,200,195.99,195.99,0.01,184.55,11.44,100
486,486,resnet,large,warm,200,369.06,369.06,0.0,189.27,179.79,100
487,487,resnet,large,warm,200,1421.25,1421.25,0.0,657.97,763.27,100
488,488,resnet,small,warm,200,143.97,143.96,0.0,127.44,16.52,100
489,489,resnet,large,warm,200,323.33,323.32,0.01,183.5,139.82,100
490,490,resnet,medium,warm,200,1257.01,1257.01,0.0,633.99,623.02,100
491,491,resnet,large,cold,200,1721.28,1721.28,0.0,488.94,1232.34,100
492,492,resnet,medium,warm,200,434.15,434.15,0.01,163.54,270.6,100
493,493,resnet,small,cold,200,1874.35,1874.34,0.01,651.9,1222.44,99
494,494,mobilenet,large,warm,200,187.02,187.02,0.01,153.94,33.08,100
495,495,resnet,small,warm,200,551.93,551.92,0.0,390.22,161.7,100
496,496,resnet,small,cold,200,1772.36,1772.35,0.0,422.93,1349.42,100
497,497,resnet,large,cold,200,2283.33,2283.32,0.01,700.5,1582.82,100
498,498,resnet,large,warm,200,643.61,643.61,0.0,424.91,218.7,100
499,499,resnet,medium,cold,200,2252.06,2252.06,0.0,659.39,1592.67,100
500,500,mobilenet,medium,warm,200,118.15,118.15,0.01,102.16,15.99,100
501,501,mobilenet,small,warm,200,164.66,164.65,0.0,136.97,27.69,100
502,502,resnet,small,cold,200,2114.12,2114.12,0.01,921.96,1192.16,100
503,503,resnet,small,cold,200,3047.35,3047.34,0.0,613.81,2433.53,100
504,504,resnet,small,cold,200,1490.01,1490.01,0.01,462.07,1027.94,100
505,505,mobilenet,medium,warm,200,68.82,68.81,0.0,49.77,19.04,100
506,506,mobilenet,small,warm,200,145.11,145.11,0.01,109.73,35.37,99
507,507,resnet,medium,cold,200,2717.18,2717.17,0.0,692.83,2024.34,100
508,508,resnet,large,cold,200,2823.13,2823.13,0.01,722.13,2101.0,100
509,509,resnet,large,cold,200,3682.23,3682.22,0.0,931.76,2750.47,100
510,510,mobilenet,medium,warm,200,131.14,131.13,0.0,114.36,16.77,99
511,511,resnet,medium,warm,200,814.47,814.46,0.0,793.74,20.72,100
512,512,resnet,large,warm,200,897.94,897.94,0.0,297.1,600.84,99
513,513,mobilenet,large,warm,200,160.42,160.41,0.0,137.38,23.04,100
514,514,mobilenet,small,warm,200,171.32,171.32,0.01,143.45,27.87,100
515,515,resnet,small,cold,200,3317.61,3317.6,0.0,768.85,2548.75,100
516,516,mobilenet,medium,warm,200,109.44,109.43,0.01,84.29,25.15,100
517,517,mobilenet,large,warm,200,155.94,155.93,0.0,125.55,30.38,100
518,518,mobilenet,medium,warm,200,293.81,293.81,0.0,247.72,46.09,100
519,519,mobilenet,large,warm,200,201.84,201.83,0.0,178.91,22.93,100
520,520,resnet,small,cold,200,2900.69,2900.69,0.0,843.76,2056.93,100
521,521,mobilenet,medium,warm,200,43.59,43.59,0.0,27.15,16.44,100
522,522,mobilenet,medium,warm,200,124.64,124.64,0.01,107.65,16.99,100
523,523,resnet,medium,warm,200,1950.26,1950.25,0.0,952.65,997.6,99
524,524,resnet,small,warm,200,987.65,987.64,0.01,957.17,30.47,100
525,525,mobilenet,large,warm,200,116.89,116.89,0.01,96.72,20.17,99
526,526,resnet,large,warm,200,475.7,475.7,0.0,453.26,22.44,100
527,527,mobilenet,small,warm,200,206.14,206.13,0.01,179.81,26.32,100
528,528,mobilenet,small,warm,200,87.41,87.41,0.0,73.53,13.87,100
529,529,resnet,large,cold,200,2950.95,2950.94,0.0,509.41,2441.54,100
530,530,mobilenet,medium,warm,200,98.11,98.11,0.01,79.61,18.5,100
531,531,mobilenet,small,warm,200,135.54,135.53,0.0,110.38,25.15,100
532,532,resnet,large,cold,200,3327.14,3327.14,0.0,857.45,2469.7,100
533,533,resnet,medium,warm,200,548.04,548.03,0.0,502.13,45.9,100
534,534,resnet,large,cold,200,1757.81,1757.81,0.0,595.13,1162.68,100
535,535,mobilenet,medium,warm,200,137.28,137.27,0.01,119.2,18.07,100
536,536,resnet,large,warm,200,865.31,865.3,0.0,586.57,278.73,100
537,537,mobilenet,small,warm,200,165.69,165.68,0.01,156.92,8.76,100
538,538,resnet,medium,cold,200,3507.27,3507.26,0.01,885.71,2621.55,100
539,539,resnet,large,cold,200,2437.83,2437.82,0.01,790.64,1647.18,100
540,540,resnet,large,warm,200,537.88,537.88,0.0,524.36,13.52,100
541,541,resnet,medium,warm,200,987.52,987.52,0.01,662.06,325.46,100
542,542,resnet,small,warm,200,792.35,792.35,0.0,374.52,417.83,100
543,543,resnet,medium,warm,200,1593.82,1593.81,0.0,681.48,912.33,100
544,544,mobilenet,small,warm,200,124.02,124.0,0.02,100.03,23.97,100
545,545,resnet,large,warm,200,515.3,515.3,0.01,492.63,22.67,100
546,546,resnet,large,warm,200,1285.87,1285.87,0.01,664.35,621.52,100
547,547,resnet,large,cold,200,2068.17,2068.16,0.0,662.28,1405.88,100
548,548,resnet,small,warm,200,1435.38,1435.38,0.0,862.76,572.62,100
549,549,resnet,medium,cold,200,2175.99,2175.99,0.01,747.61,1428.38,100
550,550,mobilenet,large,warm,200,75.67,75.67,0.0,64.49,11.18,100
551,551,mobilenet,large,warm,200,128.84,128.83,0.0,110.28,18.55,100
552,552,resnet,medium,cold,200,2526.0,2526.0,0.0,742.67,1783.33,100
553,553,mobilenet,large,warm,200,197.25,197.24,0.0,169.49,27.76,99
554,554,resnet,small,warm,200,954.78,954.77,0.0,916.59,38.19,100
555,555,mobilenet,large,warm,200,181.02,181.02,0.0,155.9,25.12,100
556,556,resnet,large,warm,200,743.08,743.07,0.0,720.42,22.66,100
557,557,mobilenet,large,warm,200,89.5,89.49,0.01,71.25,18.24,100
558,558,mobilenet,large,warm,200,279.74,279.74,0.0,138.68,141.06,100
559,559,mobilenet,medium,warm,200,117.21,117.2,0.01,108.3,8.9,100
560,560,resnet,small,cold,200,3607.27,3607.27,0.01,878.84,2728.42,100
561,561,resnet,large,cold,200,1668.48,1668.47,0.0,477.71,1190.76,100
562,562,mobilenet,small,warm,200,95.33,95.32,0.01,77.45,17.87,100
563,563,resnet,medium,cold,200,1876.69,1876.69,0.01,795.86,1080.83,100
564,564,resnet,small,cold,200,3321.51,3321.51,0.01,953.18,2368.33,100
565,565,mobilenet,small,warm,200,142.07,142.06,0.01,127.48,14.58,100
566,566,resnet,large,warm,200,778.33,778.33,0.0,752.06,26.27,99
567,567,resnet,small,warm,200,589.43,589.43,0.0,566.92,22.5,100
568,568,resnet,medium,warm,200,626.14,626.13,0.01,609.47,16.66,100
569,569,resnet,large,warm,200,1501.39,1501.39,0.0,755.82,745.57,100
570,570,resnet,small,warm,200,669.35,669.35,0.0,582.92,86.43,100
571,571,resnet,small,warm,200,536.21,536.2,0.01,517.85,18.35,100
572,572,mobilenet,small,warm,200,187.12,187.11,0.0,164.83,22.29,100
573,573,resnet,large,cold,200,3092.68,3092.68,0.01,956.01,2136.67,100
574,574,resnet,small,cold,200,3432.41,3432.41,0.01,918.59,2513.82,100
575,575,resnet,small,warm,200,1504.9,1504.9,0.0,1043.95,460.94,100
576,576,resnet,large,cold,200,1904.47,1904.46,0.0,473.91,1430.56,100
577,577,mobilenet,medium,warm,200,151.19,151.18,0.01,132.94,18.24,100
578,578,resnet,large,warm,200,724.07,724.07,0.0,272.65,451.41,100
579,579,resnet,large,cold,200,2784.17,2784.17,0.01,675.98,2108.19,100
580,580,resnet,large,cold,200,2479.67,2479.66,0.01,975.06,1504.6,99
581,581,resnet,small,cold,200,1780.76,1780.75,0.01,566.32,1214.43,100
582,582,mobilenet,medium,warm,200,65.51,65.51,0.01,53.27,12.24,100
583,583,mobilenet,large,warm,200,152.29,152.28,0.0,132.39,19.89,100
584,584,resnet,large,cold,200,3319.56,3319.56,0.0,813.51,2506.05,100
585,585,mobilenet,large,warm,200,173.02,173.01,0.01,143.27,29.75,100
586,586,mobilenet,large,warm,200,123.29,123.28,0.01,103.26,20.03,100
587,587,resnet,large,cold,200,2522.51,2522.51,0.0,829.08,1693.42,100
588,588,resnet,large,cold,200,2244.77,2244.76,0.0,885.34,1359.42,100
589,589,resnet,small,cold,200,2268.52,2268.52,0.01,920.89,1347.63,100
590,590,mobilenet,small,warm,200,152.89,152.88,0.01,121.69,31.2,100
591,591,mobilenet,medium,warm,200,151.14,151.13,0.01,133.81,17.32,100
592,592,resnet,small,cold,200,2216.39,2216.39,0.0,890.09,1326.3,100
593,593,mobilenet,small,warm,200,185.15,185.15,0.0,171.92,13.23,100
594,594,mobilenet,medium,warm,200,79.1,79.1,0.01,67.06,12.03,100
595,595,resnet,medium,warm,200,971.75,971.75,0.0,914.96,56.79,100
596,596,resnet,large,warm,200,1661.8,1661.79,0.01,698.33,963.46,100
597,597,mobilenet,medium,warm,200,126.84,126.84,0.01,113.3,13.53,100
598,598,mobilenet,medium,warm,200,228.16,228.15,0.01,214.81,13.34,100
599,599,resnet,medium,cold,200,2533.21,2533.2,0.01,926.98,1606.23,100
600,600,mobilenet,large,warm,200,167.17,167.16,0.0,130.47,36.69,100
601,601,resnet,small,warm,200,1570.11,1570.11,0.0,680.08,890.03,100
602,602,resnet,medium,cold,200,2718.95,2718.94,0.01,714.92,2004.02,100
603,603,mobilenet,medium,warm,200,185.0,184.99,0.0,167.66,17.33,100
604,604,mobilenet,large,warm,200,99.3,99.29,0.01,79.43,19.86,100
605,605,resnet,large,warm,200,799.74,799.74,0.0,625.01,174.73,99
606,606,resnet,small,warm,200,766.9,766.89,0.0,748.23,18.66,100
607,607,resnet,medium,warm,200,672.63,672.63,0.01,487.27,185.36,100
608,608,mobilenet,small,warm,200,226.49,226.48,0.01,212.19,14.29,100
609,609,resnet,small,warm,200,650.73,650.72,0.0,637.49,13.23,100
610,610,mobilenet,large,warm,200,222.3,222.29,0.0,183.71,38.58,100
611,611,mobilenet,small,warm,200,214.77,214.76,0.0,189.9,24.87,100
612,612,resnet,small,cold,200,2299.32,2299.32,0.0,429.03,1870.29,100
613,613,mobilenet,large,warm,200,153.57,153.57,0.0,130.24,23.33,100
614,614,mobilenet,small,warm,200,143.97,143.97,0.0,119.0,24.97,100
615,615,mobilenet,large,warm,200,73.46,73.45,0.0,56.05,17.4,100
616,616,mobilenet,small,warm,200,200.75,200.74,0.0,174.72,26.02,100
617,617,resnet,small,warm,200,803.06,803.06,0.0,778.79,24.26,100
618,618,mobilenet,medium,warm,200,119.09,119.09,0.0,107.27,11.82,100
619,619,mobilenet,small,warm,200,105.76,105.75,0.0,92.9,12.86,100
620,620,resnet,small,cold,200,3094.69,3094.68,0.0,935.41,2159.28,100
621,621,mobilenet,large,warm,200,139.27,139.26,0.0,124.84,14.42,100
622,622,mobilenet,small,warm,200,240.8,240.8,0.0,185.05,55.75,99
623,623,mobilenet,medium,warm,200,138.66,138.66,0.0,71.83,66.82,100
624,624,mobilenet,large,warm,200,148.93,148.93,0.01,94.33,54.6,100
625,625,resnet,small,warm,200,666.4,666.4,0.0,634.21,32.19,100
626,626,mobilenet,medium,warm,200,257.96,257.94,0.01,144.09,113.86,99
627,627,mobilenet,small,warm,200,207.72,207.71,0.0,191.09,16.62,100
628,628,resnet,large,warm,200,1365.99,1365.98,0.0,698.58,667.4,100
629,629,mobilenet,large,warm,200,159.59,159.58,0.0,129.51,30.07,100
630,630,mobilenet,medium,warm,200,185.64,185.64,0.0,170.77,14.87,100
631,631,resnet,medium,cold,200,3553.34,3553.32,0.02,1131.84,2421.49,100
632,632,mobilenet,medium,warm,200,274.76,274.75,0.01,134.45,140.3,100
633,633,mobilenet,large,warm,200,124.94,124.94,0.0,113.96,10.98,99
634,634,mobilenet,large,warm,200,144.84,144.83,0.0,132.79,12.05,100
635,635,resnet,medium,warm,200,777.85,777.85,0.0,758.53,19.31,100
636,636,mobilenet,small,warm,200,108.66,108.65,0.0,87.56,21.09,100
637,637,resnet,medium,warm,200,791.28,791.28,0.0,328.54,462.73,100
638,638,resnet,large,warm,200,425.34,425.34,0.0,410.07,15.27,100
639,639,mobilenet,medium,warm,200,167.58,167.57,0.0,122.7,44.87,100
640,640,resnet,small,cold,200,2392.13,2392.13,0.0,937.69,1454.44,100
641,641,mobilenet,medium,warm,200,124.92,124.92,0.0,100.87,24.05,100
642,642,mobilenet,small,warm,200,189.04,189.03,0.0,180.38,8.65,100
643,643,mobilenet,medium,warm,200,206.33,206.32,0.0,184.29,22.03,100
644,644,resnet,medium,warm,200,841.48,841.48,0.0,657.87,183.61,100
645,645,resnet,medium,warm,200,961.63,961.63,0.0,756.75,204.88,100
646,646,resnet,small,warm,200,1164.78,1164.77,0.0,1139.84,24.93,100
647,647,mobilenet,large,warm,200,74.04,74.03,0.0,54.0,20.04,99
648,648,mobilenet,medium,warm,200,116.23,116.22,0.0,89.5,26.72,100
649,649,resnet,small,warm,200,1204.55,1204.55,0.01,860.41,344.14,100
650,650,resnet,medium,warm,200,1417.43,1417.42,0.01,921.13,496.29,100
651,651,resnet,medium,cold,200,1948.4,1948.39,0.0,499.84,1448.55,100
652,652,resnet,large,cold,200,1982.47,1982.46,0.0,915.46,1067.0,100
653,653,mobilenet,medium,warm,200,156.75,156.74,0.01,141.33,15.41,100
654,654,resnet,medium,warm,200,1590.89,1590.89,0.0,916.56,674.33,100
655,655,resnet,medium,warm,200,667.14,667.13,0.01,623.45,43.68,100
656,656,mobilenet,large,warm,200,112.22,112.21,0.01,100.17,12.04,100
657,657,resnet,small,warm,200,303.29,303.29,0.0,292.86,10.43,100
658,658,mobilenet,small,warm,200,163.45,163.44,0.0,154.34,9.1,100
659,659,mobilenet,medium,warm,200,70.06,70.05,0.0,59.76,10.29,100
660,660,mobilenet,large,warm,200,195.02,195.02,0.0,175.75,19.26,100
661,661,resnet,small,cold,200,2185.26,2185.26,0.0,541.58,1643.68,100
662,662,mobilenet,large,warm,200,123.93,123.93,0.0,100.07,23.86,100
663,663,resnet,large,warm,200,1307.36,1307.35,0.0,732.18,575.17,100
664,664,mobilenet,medium,warm,200,92.5,92.5,0.0,81.89,10.6,100
665,665,resnet,large,cold,200,1849.03,1849.02,0.0,818.92,1030.1,100
666,666,resnet,large,cold,200,1869.44,1869.44,0.0,589.44,1279.99,100
667,667,mobilenet,medium,warm,200,175.74,175.74,0.01,148.43,27.31,100
668,668,resnet,medium,warm,200,1070.41,1070.41,0.0,722.52,347.89,100
669,669,mobilenet,large,warm,200,219.55,219.55,0.0,136.4,83.15,100
670,670,mobilenet,small,warm,200,138.07,138.06,0.01,114.05,24.01,100
671,671,resnet,small,cold,200,1705.78,1705.77,0.01,509.92,1195.85,100
672,672,mobilenet,medium,warm,200,78.03,78.02,0.0,50.48,27.54,100
673,673,resnet,small,cold,200,2633.12,2633.11,0.0,890.44,1742.67,100
674,674,resnet,large,cold,200,2762.52,2762.51,0.01,737.01,2025.5,99
675,675,mobilenet,medium,warm,200,110.82,110.81,0.01,88.56,22.25,100
676,676,mobilenet,large,warm,200,138.04,138.04,0.01,57.28,80.75,100
677,677,resnet,small,cold,200,2419.65,2419.64,0.0,732.67,1686.98,100
678,678,mobilenet,medium,warm,200,108.29,108.29,0.0,92.14,16.15,99
679,679,resnet,medium,warm,200,516.7,516.7,0.0,460.51,56.18,100
680,680,resnet,small,warm,200,1012.06,1012.05,0.01,976.6,35.45,100
681,681,mobilenet,small,warm,200,189.59,189.59,0.0,82.7,106.89,100
682,682,resnet,small,cold,200,3989.75,3989.75,0.0,1119.41,2870.34,100
683,683,mobilenet,large,warm,200,145.25,145.25,0.0,134.5,10.76,100
684,684,mobilenet,small,warm,200,110.62,110.62,0.0,91.36,19.25,100
685,685,mobilenet,medium,warm,200,49.61,49.61,0.0,39.35,10.26,100
686,686,resnet,medium,cold,200,2558.1,2558.1,0.0,728.78,1829.32,99
687,687,resnet,small,warm,200,1310.24,1310.23,0.0,862.0,448.24,100
688,688,resnet,medium,warm,200,1643.76,1643.75,0.0,775.03,868.73,100
689,689,resnet,large,cold,200,3071.59,3071.58,0.0,607.72,2463.86,100
690,690,mobilenet,small,warm,200,114.88,114.87,0.01,102.67,12.2,100
691,691,mobilenet,small,warm,200,81.41,81.4,0.01,69.95,11.45,100
692,692,mobilenet,large,warm,200,110.75,110.75,0.0,101.33,9.42,100
693,693,mobilenet,medium,warm,200,161.61,161.61,0.0,139.26,22.35,100
694,694,resnet,large,cold,200,3430.65,3430.64,0.0,924.61,2506.04,100
695,695,resnet,medium,cold,200,2510.07,2510.06,0.01,990.9,1519.16,100
696,696,resnet,medium,warm,200,827.45,827.45,0.0,808.39,19.06,100
697,697,resnet,small,warm,200,649.97,649.97,0.0,639.13,10.83,100
698,698,mobilenet,medium,warm,200,223.27,223.26,0.0,213.52,9.74,100
699,699,resnet,small,cold,200,2231.25,2231.24,0.01,829.88,1401.36,100
700,700,resnet,large,cold,200,2746.98,2746.97,0.0,1060.12,1686.85,100
701,701,resnet,large,warm,200,1009.32,1009.31,0.0,985.87,23.44,100
702,702,resnet,small,warm,200,1470.4,1470.39,0.0,732.68,737.71,100
703,703,mobilenet,medium,warm,200,366.42,366.41,0.01,335.81,30.61,100
704,704,mobilenet,small,warm,200,88.13,88.13,0.0,77.07,11.06,100
705,705,mobilenet,medium,warm,200,280.42,280.42,0.0,254.69,25.73,100
706,706,mobilenet,small,warm,200,166.66,166.66,0.0,147.17,19.48,100
707,707,resnet,medium,warm,200,1534.55,1534.54,0.01,646.6,887.94,100
708,708,resnet,small,cold,200,6669.08,6669.08,0.01,1073.14,5595.93,100
709,709,mobilenet,medium,warm,200,210.33,210.33,0.0,191.41,18.92,100
710,710,resnet,small,cold,200,2107.66,2107.66,0.0,793.23,1314.43,100
711,711,mobilenet,medium,warm,200,111.89,111.89,0.0,102.86,9.03,100
712,712,mobilenet,large,warm,200,233.99,233.98,0.01,210.9,23.09,100
713,713,resnet,small,warm,200,851.61,851.61,0.0,837.59,14.02,100
714,714,resnet,large,warm,200,761.35,761.35,0.0,626.15,135.19,100
715,715,mobilenet,medium,warm,200,121.95,121.94,0.0,107.62,14.32,100
716,716,mobilenet,medium,warm,200,394.51,394.51,0.01,212.56,181.95,100
717,717,mobilenet,medium,warm,200,208.24,208.24,0.01,127.4,80.84,100
718,718,resnet,large,warm,200,768.24,768.23,0.0,542.96,225.27,100
719,719,resnet,large,warm,200,1520.84,1520.84,0.01,754.08,766.75,100
720,720,resnet,medium,cold,200,2192.7,2192.7,0.0,1065.23,1127.46,100
721,721,mobilenet,medium,warm,200,235.03,235.02,0.01,223.76,11.26,100
722,722,mobilenet,medium,warm,200,117.4,117.4,0.0,91.77,25.62,100
723,723,mobilenet,large,warm,200,173.86,173.85,0.0,158.45,15.41,100
724,724,resnet,large,warm,200,600.72,600.72,0.0,354.87,245.85,100
725,725,resnet,small,warm,200,811.68,811.67,0.01,367.17,444.5,100
726,726,resnet,small,warm,200,712.2,712.19,0.01,551.91,160.28,100
727,727,mobilenet,medium,warm,200,134.52,134.51,0.01,116.34,18.17,100
728,728,resnet,large,cold,200,3887.84,3887.84,0.0,682.5,3205.34,100
729,729,mobilenet,medium,warm,200,144.04,144.04,0.01,128.88,15.15,100
730,730,resnet,large,warm,200,993.03,993.03,0.01,211.62,781.41,100
731,731,resnet,small,warm,200,872.38,872.37,0.0,381.57,490.8,100
732,732,resnet,small,warm,200,560.23,560.22,0.0,546.54,13.68,100
733,733,mobilenet,large,warm,200,140.66,140.65,0.01,120.87,19.78,100
734,734,mobilenet,large,warm,200,152.57,152.56,0.01,135.1,17.46,100
735,735,mobilenet,medium,warm,200,142.38,142.37,0.01,124.12,18.25,100
736,736,resnet,large,warm,200,973.47,973.47,0.0,644.18,329.28,100
737,737,mobilenet,small,warm,200,168.11,168.1,0.01,151.78,16.33,100
738,738,mobilenet,small,warm,200,322.54,322.54,0.0,159.57,162.97,100
739,739,resnet,small,warm,200,1635.33,1635.33,0.01,852.45,782.87,100
740,740,mobilenet,large,warm,200,185.46,185.45,0.01,159.08,26.37,100
741,741,mobilenet,large,warm,200,184.17,184.16,0.01,163.76,20.41,100
742,742,mobilenet,small,warm,200,127.43,127.43,0.01,105.79,21.64,100
743,743,resnet,medium,warm,200,1285.13,1285.13,0.0,731.67,553.46,100
744,744,resnet,large,warm,200,1022.15,1022.15,0.0,611.89,410.26,100
745,745,resnet,large,warm,200,1660.41,1660.41,0.0,793.61,866.79,100
746,746,resnet,small,cold,200,2346.3,2346.3,0.0,814.09,1532.21,100
747,747,resnet,small,warm,200,1080.19,1080.19,0.0,849.96,230.22,100
748,748,resnet,medium,cold,200,2280.03,2280.02,0.0,558.37,1721.66,100
749,749,resnet,medium,cold,200,2192.2,2192.2,0.01,853.18,1339.01,100
750,750,mobilenet,medium,warm,200,190.43,190.43,0.01,161.53,28.9,100
751,751,mobilenet,medium,warm,200,180.89,180.88,0.0,169.28,11.6,100
752,752,resnet,medium,cold,200,3877.14,3877.13,0.01,886.19,2990.94,100
753,753,mobilenet,small,warm,200,81.32,81.32,0.0,73.09,8.23,100
754,754,resnet,medium,warm,200,1521.72,1521.71,0.0,550.1,971.61,100
755,755,mobilenet,large,warm,200,88.38,88.38,0.0,75.98,12.4,100
756,756,mobilenet,large,warm,200,157.64,157.64,0.0,129.97,27.67,100
757,757,resnet,medium,warm,200,693.53,693.52,0.01,603.33,90.19,100
758,758,mobilenet,medium,warm,200,186.2,186.19,0.0,169.46,16.73,100
759,759,mobilenet,medium,warm,200,139.26,139.25,0.01,123.51,15.75,100
760,760,resnet,large,cold,200,1986.85,1986.85,0.01,607.03,1379.82,100
761,761,mobilenet,small,warm,200,200.98,200.98,0.01,103.3,97.68,100
762,762,resnet,small,warm,200,999.31,999.31,0.0,463.71,535.6,100
763,763,resnet,large,cold,200,1822.22,1822.22,0.0,384.46,1437.75,100
764,764,mobilenet,large,warm,200,87.92,87.92,0.0,58.87,29.04,100
765,765,mobilenet,small,warm,200,136.4,136.39,0.0,119.93,16.46,99
766,766,mobilenet,large,warm,200,159.97,159.97,0.0,142.57,17.4,100
767,767,resnet,medium,cold,200,2030.62,2030.61,0.0,668.66,1361.96,100
768,768,mobilenet,medium,warm,200,175.49,175.48,0.0,154.8,20.68,100
769,769,resnet,medium,warm,200,557.22,557.21,0.0,520.13,37.08,100
770,770,resnet,medium,cold,200,2853.7,2853.7,0.0,835.17,2018.53,100
771,771,resnet,large,cold,200,2008.61,2008.61,0.0,791.21,1217.4,100
772,772,mobilenet,large,warm,200,165.11,165.11,0.0,67.18,97.93,100
773,773,resnet,small,warm,200,625.16,625.15,0.01,614.82,10.33,100
774,774,resnet,small,warm,200,1387.46,1387.46,0.0,665.71,721.75,100
775,775,resnet,medium,warm,200,1616.65,1616.65,0.0,744.38,872.27,100
776,776,resnet,large,warm,200,1267.62,1267.61,0.0,803.84,463.78,100
777,777,mobilenet,medium,warm,200,121.46,121.46,0.0,111.02,10.44,100
778,778,mobilenet,large,warm,200,167.62,167.62,0.0,148.59,19.03,100
779,779,mobilenet,medium,warm,200,176.04,176.04,0.0,65.1,110.93,100
780,780,resnet,large,warm,200,1231.44,1231.44,0.0,673.02,558.42,100
781,781,resnet,small,cold,200,1750.83,1750.82,0.0,573.88,1176.94,100
782,782,mobilenet,medium,warm,200,267.38,267.38,0.0,245.95,21.43,100
783,783,resnet,large,warm,200,146.3,146.29,0.01,136.29,10.0,100
784,784,resnet,small,cold,200,2395.43,2395.42,0.01,1018.33,1377.09,100
785,785,mobilenet,large,warm,200,92.91,92.91,0.0,75.03,17.88,100
786,786,resnet,large,cold,200,1981.27,1981.27,0.0,883.94,1097.33,100
787,787,resnet,small,cold,200,2068.09,2068.08,0.0,640.44,1427.65,100
788,788,resnet,medium,cold,200,2855.4,2855.39,0.0,1104.42,1750.97,100
789,789,mobilenet,small,warm,200,136.79,136.79,0.0,118.63,18.15,100
790,790,resnet,medium,cold,200,2059.09,2059.08,0.0,425.31,1633.77,100
791,791,mobilenet,small,warm,200,156.54,156.54,0.0,133.23,23.31,100
792,792,mobilenet,small,warm,200,258.6,258.59,0.01,143.33,115.26,100
793,793,mobilenet,medium,warm,200,136.1,136.09,0.01,123.98,12.11,100
794,794,mobilenet,large,warm,200,148.55,148.54,0.01,130.35,18.19,100
795,795,mobilenet,large,warm,200,103.11,103.11,0.01,86.52,16.59,100
796,796,resnet,large,cold,200,2402.55,2402.55,0.0,820.04,1582.51,100
797,797,mobilenet,large,warm,200,76.49,76.49,0.0,62.32,14.16,100
798,798,resnet,small,warm,200,1263.05,1263.05,0.0,595.75,667.3,100
799,799,mobilenet,small,warm,200,158.45,158.45,0.01,129.7,28.75,100
800,800,mobilenet,large,warm,200,230.62,230.62,0.01,142.87,87.74,100
801,801,resnet,small,cold,200,1889.89,1889.88,0.01,857.46,1032.42,100
802,802,resnet,medium,warm,200,899.89,899.88,0.0,796.59,103.29,100
803,803,mobilenet,medium,warm,200,158.38,158.37,0.01,143.03,15.35,100
804,804,resnet,large,cold,200,2532.35,2532.34,0.01,644.08,1888.26,100
805,805,resnet,small,cold,200,2905.82,2905.82,0.0,1129.3,1776.51,100
806,806,mobilenet,medium,warm,200,311.46,311.45,0.0,270.63,40.83,100
807,807,resnet,small,cold,200,3887.47,3887.47,0.0,985.0,2902.47,100
808,808,resnet,large,cold,200,2066.17,2066.16,0.0,756.36,1309.81,100
809,809,resnet,medium,warm,200,995.68,995.68,0.0,814.26,181.41,100
810,810,resnet,medium,warm,200,1558.81,1558.81,0.0,913.56,645.25,100
811,811,resnet,small,cold,200,3214.4,3214.4,0.0,864.76,2349.64,100
812,812,mobilenet,large,warm,200,172.26,172.26,0.0,148.45,23.81,100
813,813,mobilenet,medium,warm,200,258.12,258.11,0.01,248.24,9.87,100
814,814,mobilenet,large,warm,200,391.64,391.64,0.0,177.41,214.23,99
815,815,resnet,medium,cold,200,1904.11,1904.11,0.0,692.36,1211.74,100
816,816,mobilenet,large,warm,200,299.23,299.22,0.0,258.39,40.83,100
817,817,mobilenet,medium,warm,200,166.42,166.41,0.01,137.36,29.05,100
818,818,mobilenet,small,warm,200,180.1,180.1,0.0,154.65,25.44,100
819,819,resnet,medium,cold,200,2873.7,2873.7,0.0,900.7,1973.0,100
820,820,mobilenet,medium,warm,200,243.15,243.14,0.0,151.6,91.54,100
821,821,mobilenet,small,warm,200,244.64,244.63,0.0,128.04,116.59,100
822,822,resnet,medium,cold,200,3789.62,3789.61,0.01,760.02,3029.59,100
823,823,mobilenet,medium,warm,200,93.09,93.08,0.0,79.0,14.09,100
824,824,mobilenet,medium,warm,200,179.44,179.44,0.0,104.95,74.49,100
825,825,resnet,small,warm,200,247.55,247.55,0.0,237.42,10.13,100
826,826,resnet,small,warm,200,677.14,677.14,0.0,659.28,17.86,100
827,827,resnet,small,warm,200,664.47,664.46,0.0,520.39,144.07,100
828,828,mobilenet,medium,warm,200,162.19,162.18,0.0,147.04,15.15,100
829,829,mobilenet,large,warm,200,268.13,268.13,0.01,227.38,40.75,100
830,830,resnet,small,warm,200,1013.86,1013.86,0.01,419.07,594.78,100
831,831,mobilenet,small,warm,200,197.83,197.83,0.0,188.01,9.82,100
832,832,resnet,medium,cold,200,2106.47,2106.47,0.01,821.82,1284.65,100
833,833,mobilenet,large,warm,200,133.62,133.62,0.0,123.74,9.88,100
834,834,resnet,medium,warm,200,1216.53,1216.52,0.0,821.45,395.07,100
835,835,mobilenet,small,warm,200,89.38,89.37,0.01,81.02,8.35,100
836,836,mobilenet,medium,warm,200,172.27,172.27,0.0,164.31,7.95,100
837,837,mobilenet,small,warm,200,59.85,59.84,0.0,45.06,14.78,100
838,838,resnet,small,cold,200,1969.02,1969.02,0.01,920.93,1048.08,100
839,839,resnet,small,warm,200,795.3,795.3,0.0,777.31,17.99,100
840,840,resnet,small,warm,200,443.5,443.5,0.0,435.95,7.54,100
841,841,mobilenet,small,warm,200,229.43,229.43,0.01,200.96,28.47,100
842,842,resnet,large,warm,200,1316.66,1316.66,0.0,882.03,434.63,100
843,843,resnet,small,warm,200,401.27,401.26,0.0,381.49,19.77,100
844,844,mobilenet,medium,warm,200,114.74,114.73,0.01,94.3,20.43,100
845,845,mobilenet,large,warm,200,104.65,104.65,0.01,94.35,10.3,100
846,846,mobilenet,large,warm,200,118.53,118.52,0.0,111.62,6.9,100
847,847,mobilenet,medium,warm,200,227.97,227.97,0.01,148.83,79.14,100
848,848,resnet,small,warm,200,413.14,413.14,0.0,398.33,14.81,100
849,849,resnet,small,cold,200,1723.86,1723.86,0.0,716.24,1007.62,100
850,850,resnet,small,warm,200,757.7,757.69,0.0,475.65,282.04,100
851,851,mobilenet,large,warm,200,79.92,79.92,0.01,63.61,16.31,100
852,852,resnet,small,warm,200,1228.51,1228.51,0.0,816.26,412.25,100
853,853,mobilenet,medium,warm,200,252.71,252.7,0.0,217.98,34.72,100
854,854,resnet,small,warm,200,580.56,580.55,0.0,569.29,11.27,100
855,855,resnet,medium,cold,200,1937.47,1937.46,0.0,848.18,1089.28,100
856,856,resnet,large,cold,200,3282.09,3282.09,0.0,806.71,2475.38,100
857,857,mobilenet,medium,warm,200,138.23,138.23,0.01,129.36,8.86,100
858,858,mobilenet,medium,warm,200,226.61,226.61,0.01,216.54,10.07,100
859,859,mobilenet,large,warm,200,103.53,103.52,0.01,90.11,13.41,100
860,860,mobilenet,large,warm,200,156.64,156.64,0.0,149.31,7.33,100
861,861,resnet,small,cold,200,1737.01,1737.0,0.0,721.55,1015.45,100
862,862,mobilenet,medium,warm,200,180.34,180.34,0.01,100.78,79.56,100
863,863,resnet,large,warm,200,1191.43,1191.43,0.0,729.55,461.88,100
864,864,mobilenet,large,warm,200,175.47,175.46,0.0,160.94,14.52,100
865,865,resnet,large,warm,200,1293.67,1293.67,0.0,779.7,513.97,100
866,866,resnet,large,warm,200,1231.13,1231.13,0.0,324.01,907.12,100
867,867,mobilenet,small,warm,200,278.86,278.86,0.01,191.51,87.35,100
868,868,mobilenet,large,warm,200,175.7,175.69,0.0,151.23,24.46,100
869,869,resnet,small,warm,200,1059.38,1059.37,0.01,1025.17,34.2,100
870,870,resnet,small,warm,200,383.89,383.89,0.01,344.73,39.15,100
871,871,mobilenet,small,warm,200,154.23,154.22,0.01,128.34,25.88,100
872,872,mobilenet,medium,warm,200,150.89,150.89,0.0,137.88,13.01,100
873,873,resnet,large,warm,200,1061.39,1061.39,0.0,719.87,341.52,100
874,874,resnet,large,cold,200,2243.66,2243.65,0.01,666.41,1577.24,100
875,875,resnet,medium,warm,200,525.49,525.49,0.0,470.57,54.92,100
876,876,mobilenet,large,warm,200,303.01,303.0,0.0,99.07,203.93,100
877,877,mobilenet,medium,warm,200,146.61,146.6,0.01,129.92,16.69,100
878,878,resnet,small,warm,200,1432.03,1432.02,0.01,1033.7,398.32,100
879,879,resnet,medium,cold,200,2928.8,2928.79,0.0,1146.39,1782.41,100
880,880,mobilenet,medium,warm,200,215.54,215.53,0.01,119.19,96.34,100
881,881,resnet,medium,cold,200,1682.74,1682.74,0.01,673.81,1008.92,100
882,882,resnet,medium,warm,200,1754.07,1754.07,0.01,851.73,902.33,100
883,883,resnet,small,cold,200,1227.53,1227.53,0.0,170.81,1056.72,100
884,884,resnet,large,cold,200,1768.58,1768.57,0.01,719.41,1049.16,100
885,885,resnet,medium,warm,200,1692.98,1692.98,0.0,791.14,901.84,100
886,886,resnet,small,warm,200,1482.36,1482.35,0.01,1099.07,383.29,100
887,887,resnet,small,cold,200,3887.99,3887.98,0.01,1047.63,2840.35,100
888,888,resnet,large,cold,200,2520.53,2520.52,0.0,863.68,1656.84,100
889,889,mobilenet,large,warm,200,86.28,86.28,0.0,72.76,13.52,100
890,890,resnet,medium,warm,200,1572.02,1572.02,0.0,725.85,846.16,100
891,891,mobilenet,small,warm,200,86.09,86.08,0.0,73.1,12.99,100
892,892,resnet,large,cold,200,1793.81,1793.81,0.0,462.0,1331.81,100
893,893,resnet,medium,warm,200,1130.49,1130.49,0.0,815.38,315.11,100
894,894,resnet,large,cold,200,2492.26,2492.24,0.01,860.8,1631.44,100
895,895,resnet,small,warm,200,611.47,611.46,0.0,458.45,153.01,100
896,896,resnet,medium,warm,200,852.37,852.37,0.0,842.53,9.84,100
897,897,resnet,small,cold,200,3416.73,3416.7,0.02,860.99,2555.71,100
898,898,resnet,large,cold,200,2043.87,2043.87,0.0,590.68,1453.19,100
899,899,resnet,medium,cold,200,2792.73,2792.73,0.0,757.58,2035.15,100
900,900,mobilenet,small,warm,200,217.84,217.83,0.0,206.66,11.17,100
901,901,resnet,medium,cold,200,2114.03,2114.03,0.0,1081.39,1032.64,100
902,902,mobilenet,small,warm,200,208.13,208.13,0.01,194.13,14.0,100
903,903,mobilenet,large,warm,200,91.98,91.98,0.0,72.07,19.9,100
904,904,resnet,small,cold,200,2697.34,2697.33,0.01,1116.81,1580.52,100
905,905,mobilenet,small,warm,200,52.89,52.89,0.0,45.33,7.56,100
906,906,mobilenet,large,warm,200,257.79,257.79,0.0,236.85,20.94,100
907,907,resnet,medium,cold,200,4583.2,4583.19,0.01,882.08,3701.11,100
908,908,resnet,large,cold,200,3250.57,3250.55,0.02,725.98,2524.57,100
909,909,mobilenet,large,warm,200,202.58,202.58,0.0,185.29,17.29,100
910,910,mobilenet,large,warm,200,224.24,224.24,0.0,197.81,26.43,100
911,911,resnet,medium,cold,200,2403.0,2402.99,0.01,1303.63,1099.36,100
912,912,resnet,medium,cold,200,2995.5,2995.48,0.02,525.97,2469.51,100
913,913,mobilenet,large,warm,200,81.3,81.3,0.0,70.24,11.06,100
914,914,mobilenet,large,warm,200,259.68,259.68,0.0,84.91,174.76,100
915,915,resnet,medium,warm,200,1221.68,1221.68,0.01,342.31,879.37,100
916,916,resnet,large,cold,200,2413.44,2413.44,0.0,911.04,1502.39,100
917,917,resnet,small,warm,200,892.33,892.33,0.0,409.93,482.4,100
918,918,mobilenet,small,warm,200,205.24,205.24,0.01,173.85,31.39,100
919,919,mobilenet,medium,warm,200,209.68,209.68,0.01,193.18,16.5,99
920,920,resnet,large,warm,200,580.09,580.08,0.0,573.23,6.85,100
921,921,mobilenet,medium,warm,200,116.03,116.03,0.01,103.95,12.08,100
922,922,resnet,large,warm,200,1399.02,1399.02,0.01,751.93,647.09,100
923,923,resnet,small,cold,200,1239.26,1239.25,0.0,144.85,1094.4,100
924,924,resnet,large,cold,200,3120.02,3120.0,0.02,988.82,2131.19,100
925,925,resnet,small,warm,200,900.9,900.9,0.0,430.6,470.3,100
926,926,mobilenet,small,warm,200,227.45,227.44,0.0,157.52,69.93,100
927,927,mobilenet,medium,warm,200,210.76,210.75,0.0,197.41,13.35,100
928,928,mobilenet,large,warm,200,117.65,117.64,0.0,82.72,34.92,100
929,929,resnet,small,warm,200,1660.02,1660.02,0.0,916.22,743.8,100
930,930,resnet,large,warm,200,687.6,687.59,0.01,135.92,551.67,100
931,931,resnet,large,cold,200,2393.58,2393.58,0.0,770.58,1623.01,100
932,932,mobilenet,large,warm,200,114.24,114.24,0.0,93.14,21.1,100
933,933,resnet,medium,warm,200,1269.16,1269.16,0.01,746.53,522.63,100
934,934,mobilenet,large,warm,200,171.84,171.84,0.0,159.82,12.02,100
935,935,mobilenet,medium,warm,200,217.35,217.34,0.01,123.2,94.14,100
936,936,mobilenet,small,warm,200,161.82,161.82,0.0,153.41,8.42,100
937,937,mobilenet,small,warm,200,81.65,81.64,0.01,68.35,13.3,100
938,938,mobilenet,medium,warm,200,138.48,138.48,0.0,129.32,9.16,100
939,939,mobilenet,medium,warm,200,162.09,162.09,0.0,136.9,25.19,100
940,940,resnet,medium,warm,200,1754.44,1754.44,0.01,975.51,778.92,100
941,941,mobilenet,large,warm,200,223.12,223.12,0.0,80.62,142.5,100
942,942,mobilenet,small,warm,200,148.69,148.69,0.0,139.39,9.3,100
943,943,resnet,medium,cold,200,2480.45,2480.43,0.03,1093.95,1386.47,100
944,944,resnet,large,warm,200,145.21,145.21,0.0,138.85,6.36,100
945,945,resnet,medium,cold,200,3270.8,3270.79,0.01,672.84,2597.95,100
946,946,mobilenet,small,warm,200,275.55,275.54,0.01,208.13,67.41,100
947,947,resnet,large,cold,200,2250.31,2250.29,0.02,723.99,1526.3,100
948,948,mobilenet,medium,warm,200,167.38,167.38,0.0,139.52,27.86,100
949,949,resnet,large,warm,200,1881.7,1881.69,0.01,911.92,969.78,100
950,950,resnet,small,error,502,1319.84,1319.84,0.01,,,100
951,951,mobilenet,small,warm,200,276.56,276.56,0.0,261.41,15.15,100
952,952,resnet,large,warm,200,1262.49,1262.49,0.0,774.08,488.41,100
953,953,mobilenet,small,warm,200,166.2,166.19,0.0,151.19,15.0,100
954,954,mobilenet,medium,warm,200,96.27,96.26,0.0,80.52,15.74,100
955,955,mobilenet,small,warm,200,288.65,288.65,0.0,83.9,204.75,100
956,956,resnet,large,cold,200,2633.47,2633.45,0.02,767.92,1865.53,100
957,957,mobilenet,medium,warm,200,123.87,123.87,0.0,102.34,21.53,100
958,958,resnet,small,cold,200,3754.64,3754.63,0.01,1043.64,2710.99,100
959,959,resnet,small,cold,200,3101.43,3101.43,0.01,873.41,2228.01,100
960,960,resnet,small,cold,200,1982.1,1982.09,0.0,535.09,1447.0,100
961,961,resnet,large,warm,200,183.0,183.0,0.0,176.89,6.11,100
962,962,mobilenet,large,warm,200,166.84,166.84,0.0,149.5,17.33,100
963,963,mobilenet,large,warm,200,58.3,58.28,0.01,44.27,14.01,100
964,964,mobilenet,small,warm,200,197.31,197.3,0.0,186.53,10.77,100
965,965,resnet,large,cold,200,3379.26,3379.26,0.01,656.94,2722.32,100
966,966,mobilenet,small,warm,200,134.97,134.97,0.01,91.75,43.21,100
967,967,mobilenet,small,warm,200,209.42,209.42,0.0,176.34,33.08,100
968,968,resnet,large,cold,200,3178.28,3178.27,0.01,578.44,2599.83,100
969,969,mobilenet,large,warm,200,223.83,223.83,0.0,199.71,24.12,100
970,970,resnet,large,cold,200,2487.84,2487.82,0.02,630.73,1857.09,100
971,971,mobilenet,medium,warm,200,300.72,300.71,0.0,99.74,200.97,100
972,972,resnet,large,cold,200,1650.44,1650.44,0.0,649.5,1000.93,100
973,973,resnet,medium,warm,200,459.41,459.4,0.0,400.23,59.18,100
974,974,mobilenet,large,warm,200,114.85,114.85,0.0,64.27,50.58,100
975,975,resnet,medium,warm,200,224.0,223.99,0.01,217.29,6.7,100
976,976,resnet,small,warm,200,1171.37,1171.37,0.0,758.04,413.33,99
977,977,mobilenet,small,warm,200,202.08,202.07,0.01,123.58,78.49,100
978,978,resnet,medium,cold,200,4814.88,4814.87,0.01,905.51,3909.37,100
979,979,resnet,medium,warm,200,1328.44,1328.43,0.01,665.6,662.83,100
980,980,mobilenet,medium,warm,200,35.04,35.04,0.0,28.6,6.44,99
981,981,mobilenet,medium,warm,200,123.63,123.62,0.01,115.31,8.31,100
982,982,resnet,large,warm,200,855.19,855.19,0.01,713.54,141.65,100
983,983,resnet,medium,cold,200,3414.82,3414.81,0.01,974.05,2440.77,100
984,984,mobilenet,medium,warm,200,135.65,135.65,0.0,119.92,15.72,100
985,985,mobilenet,medium,warm,200,146.92,146.91,0.0,137.96,8.95,100
986,986,mobilenet,medium,warm,200,185.68,185.68,0.01,158.67,27.01,100
987,987,mobilenet,medium,warm,200,35.85,35.84,0.01,21.35,14.49,100
988,988,resnet,small,warm,200,453.96,453.95,0.01,440.62,13.33,100
989,989,mobilenet,small,warm,200,135.98,135.97,0.0,120.92,15.05,100
990,990,mobilenet,medium,warm,200,76.42,76.42,0.0,56.08,20.33,100
991,991,resnet,large,warm,200,1464.01,1464.01,0.0,718.69,745.32,100
992,992,resnet,small,warm,200,547.04,547.04,0.0,286.29,260.75,100
993,993,mobilenet,medium,warm,200,134.89,134.88,0.01,108.95,25.94,100
994,994,resnet,small,cold,200,2288.75,2288.74,0.01,893.13,1395.61,100
995,995,mobilenet,medium,warm,200,113.3,113.29,0.0,98.81,14.48,100
996,996,resnet,medium,error,502,63.93,63.93,0.0,,,100
997,997,resnet,medium,warm,200,418.69,418.69,0.0,403.45,15.23,100
998,998,mobilenet,small,warm,200,51.2,51.2,0.01,37.73,13.46,100
999,999,resnet,large,cold,200,2224.11,2224.1,0.01,923.39,1300.71,100
1000,1000,resnet,small,cold,200,2342.81,2342.8,0.01,1032.43,1310.37,100
1001,1001,mobilenet,large,warm,200,209.29,209.29,0.01,144.59,64.69,100
1002,1002,resnet,small,warm,200,1157.94,1157.93,0.0,835.86,322.07,100
1003,1003,mobilenet,medium,warm,200,85.05,85.04,0.0,74.63,10.41,100
1004,1004,resnet,large,warm,200,674.98,674.97,0.01,634.97,40.0,100
1005,1005,resnet,medium,warm,200,558.32,558.32,0.01,547.06,11.26,100
1006,1006,mobilenet,small,warm,200,358.5,358.5,0.0,342.78,15.72,100
1007,1007,resnet,small,cold,200,4394.22,4394.21,0.01,1143.15,3251.06,100
1008,1008,resnet,large,warm,200,348.08,348.07,0.0,338.41,9.66,100
1009,1009,resnet,medium,warm,200,1218.25,1218.25,0.0,886.23,332.03,100
1010,1010,resnet,small,warm,200,872.05,872.04,0.01,569.27,302.77,100
1011,1011,resnet,small,cold,200,1523.13,1523.12,0.01,432.69,1090.44,100
1012,1012,mobilenet,medium,warm,200,203.83,203.82,0.01,196.42,7.4,100
1013,1013,resnet,small,cold,200,2854.93,2854.92,0.01,803.58,2051.34,100
1014,1014,resnet,large,warm,200,600.92,600.91,0.01,276.54,324.37,100
1015,1015,resnet,large,cold,200,3958.09,3958.08,0.01,1158.4,2799.68,100
1016,1016,resnet,large,warm,200,631.17,631.16,0.0,606.33,24.83,100
1017,1017,mobilenet,small,warm,200,178.94,178.93,0.0,154.93,24.01,100
1018,1018,mobilenet,medium,warm,200,337.02,337.01,0.01,170.17,166.84,100
1019,1019,resnet,medium,warm,200,1234.96,1234.95,0.01,808.8,426.14,100
1020,1020,resnet,small,cold,200,2682.81,2682.81,0.01,881.75,1801.06,100
1021,1021,mobilenet,large,warm,200,216.58,216.57,0.0,200.55,16.02,100
1022,1022,resnet,large,error,502,1799.77,1799.75,0.02,,,100
1023,1023,mobilenet,small,warm,200,165.13,165.12,0.01,128.39,36.73,100
1024,1024,mobilenet,small,warm,200,207.08,207.07,0.01,181.94,25.13,99
1025,1025,resnet,medium,cold,200,1833.62,1833.61,0.01,610.73,1222.89,100
1026,1026,resnet,small,cold,200,1738.32,1738.3,0.02,648.96,1089.34,100
1027,1027,mobilenet,medium,warm,200,220.34,220.34,0.01,205.18,15.16,100
1028,1028,resnet,small,warm,200,1949.58,1949.58,0.01,978.07,971.51,100
1029,1029,resnet,large,warm,200,949.6,949.59,0.0,436.14,513.46,100
1030,1030,resnet,large,cold,200,2382.74,2382.73,0.01,859.99,1522.75,100
1031,1031,resnet,large,warm,200,1753.42,1753.42,0.01,1209.34,544.08,100
1032,1032,resnet,large,warm,200,766.27,766.27,0.0,520.3,245.97,100
1033,1033,resnet,medium,warm,200,1532.22,1532.21,0.01,785.36,746.85,100
1034,1034,mobilenet,medium,warm,200,145.27,145.26,0.0,133.4,11.86,100
1035,1035,resnet,large,cold,200,1910.14,1910.13,0.01,871.04,1039.09,100
1036,1036,mobilenet,medium,warm,200,145.46,145.46,0.0,129.67,15.79,100
1037,1037,resnet,large,cold,200,2383.7,2383.69,0.01,1171.76,1211.93,100
1038,1038,mobilenet,large,warm,200,143.76,143.75,0.0,131.11,12.64,100
1039,1039,resnet,medium,warm,200,377.06,377.05,0.0,370.15,6.9,100
1040,1040,mobilenet,large,warm,200,159.63,159.62,0.01,98.56,61.06,100
1041,1041,mobilenet,large,warm,200,135.99,135.99,0.0,118.96,17.03,100
1042,1042,resnet,small,cold,200,2595.66,2595.65,0.01,813.96,1781.69,100
1043,1043,resnet,small,warm,200,696.72,696.71,0.01,561.57,135.14,99
1044,1044,mobilenet,small,warm,200,128.49,128.49,0.0,103.29,25.2,100
1045,1045,mobilenet,small,warm,200,123.74,123.74,0.0,113.24,10.5,100
1046,1046,mobilenet,medium,warm,200,180.85,180.85,0.01,171.66,9.18,100
1047,1047,resnet,medium,cold,200,2016.48,2016.47,0.01,695.03,1321.44,100
1048,1048,mobilenet,medium,warm,200,152.75,152.74,0.0,93.02,59.73,100
1049,1049,mobilenet,medium,warm,200,66.71,66.71,0.0,51.68,15.03,100
1050,1050,resnet,large,cold,200,1983.88,1983.87,0.01,668.21,1315.67,100
1051,1051,mobilenet,large,warm,200,132.56,132.55,0.0,123.81,8.74,100
1052,1052,mobilenet,large,warm,200,146.75,146.75,0.01,134.38,12.37,100
1053,1053,mobilenet,large,warm,200,215.55,215.54,0.01,154.84,60.7,100
1054,1054,resnet,large,warm,200,385.88,385.87,0.0,378.44,7.44,100
1055,1055,resnet,large,warm,200,361.0,360.99,0.01,348.21,12.78,100
1056,1056,resnet,medium,cold,200,1833.22,1833.21,0.02,603.79,1229.41,100
1057,1057,mobilenet,medium,warm,200,68.65,68.65,0.0,61.99,6.66,100
1058,1058,resnet,large,cold,200,2092.13,2092.12,0.01,641.27,1450.86,100
1059,1059,resnet,large,warm,200,884.73,884.72,0.01,533.02,351.7,100
1060,1060,resnet,large,warm,200,1629.53,1629.52,0.01,765.33,864.19,100
1061,1061,resnet,small,warm,200,1044.93,1044.91,0.02,596.16,448.74,100
1062,1062,mobilenet,medium,warm,200,164.13,164.12,0.01,147.08,17.04,100
1063,1063,resnet,small,cold,200,1551.65,1551.65,0.01,520.86,1030.79,100
1064,1064,resnet,medium,cold,200,1958.57,1958.56,0.01,631.76,1326.81,100
1065,1065,mobilenet,large,warm,200,56.33,56.32,0.0,46.0,10.33,100
1066,1066,resnet,medium,warm,200,377.65,377.65,0.01,363.05,14.6,100
1067,1067,resnet,medium,cold,200,3028.18,3028.17,0.01,1117.03,1911.14,100
1068,1068,resnet,medium,cold,200,2750.35,2750.34,0.01,830.57,1919.78,100
1069,1069,mobilenet,large,warm,200,123.0,123.0,0.01,103.34,19.66,100
1070,1070,resnet,medium,warm,200,1052.01,1051.99,0.02,847.76,204.23,100
1071,1071,resnet,small,cold,200,1769.53,1769.52,0.01,759.0,1010.52,100
1072,1072,resnet,small,cold,200,3350.81,3350.8,0.01,720.2,2630.6,100
1073,1073,resnet,large,cold,200,2582.48,2582.48,0.01,851.43,1731.05,100
1074,1074,mobilenet,medium,warm,200,123.42,123.41,0.01,102.0,21.41,100
1075,1075,resnet,large,cold,200,2360.59,2360.59,0.01,743.21,1617.38,100
1076,1076,resnet,large,warm,200,1104.47,1104.46,0.0,812.93,291.53,100
1077,1077,resnet,small,warm,200,298.19,298.19,0.01,283.53,14.66,99
1078,1078,mobilenet,large,warm,200,36.21,36.21,0.0,25.51,10.7,100
1079,1079,resnet,large,cold,200,2281.53,2281.52,0.01,912.62,1368.9,100
1080,1080,resnet,small,cold,200,2926.22,2926.21,0.01,965.33,1960.89,100
1081,1081,mobilenet,large,warm,200,60.98,60.97,0.0,50.98,9.99,100
1082,1082,mobilenet,small,warm,200,23.37,23.37,0.01,17.35,6.02,100
1083,1083,mobilenet,large,warm,200,118.82,118.81,0.01,98.72,20.09,100
1084,1084,mobilenet,large,warm,200,57.9,57.9,0.01,50.74,7.16,100
1085,1085,mobilenet,small,warm,200,178.62,178.6,0.02,167.04,11.56,100
1086,1086,mobilenet,medium,warm,200,140.3,140.29,0.01,130.24,10.05,100
1087,1087,resnet,large,warm,200,767.77,767.75,0.02,684.43,83.32,100
1088,1088,resnet,small,cold,200,3392.97,3392.95,0.02,891.21,2501.74,100
1089,1089,mobilenet,small,warm,200,58.35,58.35,0.01,46.24,12.1,100
1090,1090,mobilenet,medium,warm,200,149.09,149.09,0.01,125.29,23.79,100
1091,1091,resnet,medium,warm,200,1802.95,1802.94,0.01,954.55,848.39,100
1092,1092,mobilenet,medium,warm,200,98.46,98.45,0.01,92.69,5.76,100
1093,1093,resnet,medium,cold,200,1868.09,1868.08,0.01,471.93,1396.15,100
1094,1094,mobilenet,small,warm,200,63.85,63.85,0.0,52.48,11.36,100
1095,1095,mobilenet,large,warm,200,135.26,135.26,0.01,124.63,10.63,100
1096,1096,mobilenet,small,warm,200,133.22,133.21,0.01,66.59,66.63,100
1097,1097,resnet,small,warm,200,657.3,657.28,0.02,646.07,11.21,100
1098,1098,mobilenet,medium,warm,200,227.64,227.62,0.02,193.15,34.47,100
1099,1099,resnet,small,cold,200,2610.98,2610.98,0.01,768.14,1842.84,100
1100,1100,resnet,small,warm,200,184.48,184.47,0.01,171.53,12.94,100
1101,1101,mobilenet,medium,warm,200,86.37,86.36,0.01,73.66,12.7,100
1102,1102,mobilenet,medium,warm,200,141.39,141.38,0.01,128.86,12.52,100
1103,1103,resnet,medium,warm,200,1186.23,1186.22,0.01,613.05,573.17,100
1104,1104,resnet,small,cold,200,2999.0,2998.98,0.01,739.09,2259.9,100
1105,1105,resnet,medium,cold,200,1727.85,1727.84,0.01,548.21,1179.63,100
1106,1106,mobilenet,small,warm,200,144.93,144.92,0.01,133.96,10.96,100
1107,1107,resnet,small,cold,200,2843.75,2843.74,0.01,819.99,2023.75,100
1108,1108,resnet,large,cold,200,2442.71,2442.7,0.01,830.37,1612.33,100
1109,1109,resnet,large,warm,200,670.04,670.03,0.01,661.23,8.8,100
1110,1110,mobilenet,small,warm,200,201.16,201.14,0.02,185.03,16.11,100
1111,1111,resnet,medium,warm,200,1253.61,1253.6,0.01,604.58,649.03,100
1112,1112,mobilenet,small,warm,200,180.31,180.29,0.02,157.68,22.62,100
1113,1113,resnet,medium,cold,200,2551.62,2551.61,0.01,890.33,1661.28,100
1114,1114,resnet,small,warm,200,1199.63,1199.62,0.01,617.01,582.6,100
1115,1115,resnet,large,warm,200,976.18,976.17,0.01,555.29,420.88,100
1116,1116,mobilenet,small,warm,200,86.77,86.75,0.01,74.33,12.42,100
1117,1117,mobilenet,medium,warm,200,158.24,158.22,0.02,134.81,23.41,100
1118,1118,resnet,small,warm,200,1260.03,1260.02,0.01,374.91,885.11,100
1119,1119,mobilenet,medium,warm,200,188.74,188.73,0.02,175.17,13.56,100
1120,1120,resnet,small,cold,200,1820.28,1820.27,0.0,787.25,1033.02,99
1121,1121,resnet,medium,warm,200,1733.59,1733.58,0.01,785.26,948.32,100
1122,1122,resnet,medium,cold,200,2114.69,2114.67,0.01,897.99,1216.68,100
1123,1123,mobilenet,medium,warm,200,204.82,204.8,0.02,174.38,30.42,100
1124,1124,resnet,large,warm,200,393.67,393.66,0.01,379.54,14.12,100
1125,1125,mobilenet,small,warm,200,84.37,84.35,0.02,67.22,17.13,100
1126,1126,mobilenet,medium,warm,200,180.06,180.04,0.01,155.86,24.18,100
1127,1127,resnet,small,cold,200,2537.7,2537.69,0.01,913.86,1623.83,100
1128,1128,resnet,large,warm,200,1475.88,1475.86,0.02,682.62,793.24,100
1129,1129,resnet,large,warm,200,692.17,692.16,0.01,674.38,17.78,100
1130,1130,mobilenet,large,warm,200,80.81,80.8,0.02,57.49,23.3,100
1131,1131,resnet,medium,cold,200,1974.98,1974.97,0.01,824.34,1150.63,100
1132,1132,mobilenet,small,warm,200,95.14,95.13,0.01,78.77,16.36,100
1133,1133,mobilenet,medium,warm,200,173.51,173.5,0.01,156.5,17.01,100
1134,1134,mobilenet,medium,warm,200,160.54,160.53,0.01,152.87,7.66,100
1135,1135,resnet,medium,warm,200,1517.19,1517.19,0.0,1043.9,473.29,100
1136,1136,resnet,large,warm,200,1826.82,1826.81,0.01,983.91,842.9,99
1137,1137,mobilenet,small,warm,200,185.05,185.04,0.0,169.47,15.58,100
1138,1138,mobilenet,large,warm,200,183.54,183.53,0.01,173.32,10.21,100
1139,1139,resnet,large,cold,200,3761.03,3761.02,0.01,714.27,3046.75,100
1140,1140,resnet,small,cold,200,2143.17,2143.16,0.01,764.65,1378.5,100
1141,1141,mobilenet,small,warm,200,157.57,157.57,0.01,144.95,12.61,100
1142,1142,mobilenet,large,warm,200,219.54,219.54,0.01,84.96,134.57,100
1143,1143,mobilenet,small,warm,200,134.6,134.6,0.01,125.83,8.77,100
1144,1144,resnet,large,warm,200,960.98,960.97,0.01,610.19,350.78,100
1145,1145,resnet,small,warm,200,823.66,823.66,0.01,725.38,98.28,100
1146,1146,mobilenet,large,warm,200,135.24,135.24,0.0,114.27,20.98,100
1147,1147,resnet,small,warm,200,1839.94,1839.93,0.01,845.11,994.82,100
1148,1148,resnet,small,warm,200,977.05,977.04,0.01,452.94,524.09,100
1149,1149,resnet,small,cold,200,2937.59,2937.59,0.01,1240.79,1696.8,100
1150,1150,resnet,medium,warm,200,740.62,740.61,0.01,514.5,226.12,100
1151,1151,mobilenet,large,warm,200,184.16,184.15,0.01,157.94,26.22,100
1152,1152,resnet,large,warm,200,1456.16,1456.15,0.01,825.19,630.96,100
1153,1153,resnet,large,warm,200,1824.07,1824.06,0.01,895.07,929.0,100
1154,1154,mobilenet,medium,warm,200,81.15,81.14,0.01,69.81,11.33,100
1155,1155,resnet,small,warm,200,1456.16,1456.16,0.01,743.47,712.69,100
1156,1156,mobilenet,large,warm,200,151.27,151.26,0.0,140.73,10.54,100
1157,1157,mobilenet,small,warm,200,221.13,221.12,0.01,202.24,18.87,99
1158,1158,resnet,medium,cold,200,2391.8,2391.78,0.02,670.04,1721.74,100
1159,1159,mobilenet,large,warm,200,175.48,175.47,0.01,169.0,6.47,100
1160,1160,mobilenet,small,warm,200,143.44,143.44,0.01,119.57,23.86,100
1161,1161,resnet,small,cold,200,2323.23,2323.21,0.02,678.25,1644.97,100
1162,1162,resnet,medium,cold,200,3164.75,3164.74,0.0,1077.83,2086.91,100
1163,1163,mobilenet,small,warm,200,166.3,166.29,0.01,98.02,68.27,100
1164,1164,resnet,medium,cold,200,2636.83,2636.81,0.01,743.86,1892.95,100
1165,1165,resnet,medium,warm,200,1318.1,1318.09,0.01,779.34,538.75,100
1166,1166,resnet,medium,cold,200,2565.02,2565.01,0.01,1002.65,1562.36,100
1167,1167,mobilenet,large,warm,200,141.84,141.83,0.01,116.78,25.05,100
1168,1168,mobilenet,large,warm,200,190.47,190.46,0.01,176.45,14.01,100
1169,1169,resnet,small,warm,200,1071.57,1071.56,0.01,796.35,275.22,100
1170,1170,mobilenet,large,warm,200,150.73,150.72,0.01,114.72,35.99,100
1171,1171,resnet,large,warm,200,958.25,958.25,0.01,810.75,147.5,100
1172,1172,mobilenet,large,warm,200,110.17,110.16,0.01,84.61,25.56,100
1173,1173,mobilenet,small,warm,200,127.33,127.32,0.01,120.25,7.07,100
1174,1174,mobilenet,medium,warm,200,137.41,137.4,0.01,129.63,7.77,100
1175,1175,resnet,large,cold,200,2048.77,2048.76,0.01,536.08,1512.68,100
1176,1176,resnet,large,cold,200,2665.71,2665.71,0.01,641.52,2024.19,100
1177,1177,resnet,small,cold,200,2101.84,2101.84,0.01,910.51,1191.32,100
1178,1178,mobilenet,medium,warm,200,134.11,134.1,0.01,112.62,21.48,100
1179,1179,resnet,small,cold,200,3854.23,3854.23,0.01,728.8,3125.42,100
1180,1180,resnet,small,cold,200,1558.26,1558.25,0.01,472.35,1085.89,100
1181,1181,mobilenet,small,warm,200,168.21,168.21,0.01,152.31,15.9,100
1182,1182,resnet,large,cold,200,2867.61,2867.61,0.01,897.72,1969.89,100
1183,1183,mobilenet,small,warm,200,42.75,42.74,0.01,33.57,9.17,100
1184,1184,mobilenet,small,warm,200,182.91,182.9,0.01,164.93,17.97,100
1185,1185,mobilenet,large,warm,200,67.89,67.87,0.01,60.71,7.17,100
1186,1186,mobilenet,medium,warm,200,70.07,70.06,0.01,62.11,7.94,100
1187,1187,mobilenet,small,warm,200,102.37,102.36,0.01,89.41,12.95,100
1188,1188,mobilenet,medium,warm,200,247.85,247.84,0.01,136.86,110.98,100
1189,1189,resnet,small,cold,200,4732.92,4732.92,0.01,973.31,3759.61,100
1190,1190,mobilenet,small,warm,200,71.35,71.35,0.01,53.06,18.28,100
1191,1191,mobilenet,large,warm,200,75.02,75.01,0.01,62.57,12.44,100
1192,1192,resnet,small,warm,200,1522.85,1522.84,0.01,740.34,782.5,100
1193,1193,resnet,large,cold,200,1905.12,1905.11,0.01,716.56,1188.55,100
1194,1194,resnet,small,cold,200,2964.93,2964.92,0.01,725.25,2239.68,100
1195,1195,resnet,small,cold,200,1957.7,1957.7,0.01,759.15,1198.54,100
1196,1196,mobilenet,medium,warm,200,101.09,101.08,0.01,95.31,5.77,100
1197,1197,resnet,medium,warm,200,704.66,704.65,0.0,614.67,89.98,100
1198,1198,mobilenet,large,warm,200,73.04,73.03,0.01,50.11,22.92,100
1199,1199,mobilenet,large,warm,200,101.89,101.88,0.01,84.9,16.98,100
1200,1200,resnet,large,cold,200,1653.85,1653.84,0.01,444.26,1209.58,100
1201,1201,resnet,small,cold,200,2527.25,2527.24,0.01,999.25,1527.99,100
1202,1202,resnet,large,cold,200,2784.58,2784.57,0.01,873.07,1911.49,100
1203,1203,resnet,large,warm,200,1338.77,1338.75,0.01,773.19,565.56,100
1204,1204,resnet,large,cold,200,2673.66,2673.66,0.01,931.79,1741.86,100
1205,1205,resnet,medium,cold,200,2348.3,2348.3,0.01,854.44,1493.85,100
1206,1206,mobilenet,medium,warm,200,47.44,47.43,0.01,37.35,10.09,100
1207,1207,resnet,small,warm,200,839.43,839.42,0.01,224.63,614.79,100
1208,1208,resnet,small,warm,200,1341.51,1341.48,0.03,804.54,536.94,100
1209,1209,mobilenet,medium,warm,200,90.51,90.5,0.01,76.02,14.48,100
1210,1210,mobilenet,medium,warm,200,88.56,88.55,0.01,71.11,17.44,99
1211,1211,mobilenet,large,warm,200,249.29,249.28,0.01,224.61,24.66,100
1212,1212,resnet,medium,cold,200,3086.89,3086.88,0.01,898.58,2188.3,100
1213,1213,mobilenet,medium,warm,200,444.61,444.59,0.02,218.66,225.93,100
1214,1214,mobilenet,medium,warm,200,136.74,136.72,0.01,110.03,26.69,100
1215,1215,mobilenet,medium,warm,200,54.77,54.76,0.01,46.46,8.31,100
1216,1216,mobilenet,medium,warm,200,182.77,182.76,0.01,160.19,22.57,100
1217,1217,resnet,small,warm,200,1182.95,1182.93,0.02,459.38,723.56,100
1218,1218,mobilenet,small,warm,200,206.85,206.83,0.02,190.34,16.49,100
1219,1219,resnet,medium,warm,200,829.95,829.95,0.01,818.37,11.58,100
1220,1220,mobilenet,small,warm,200,250.84,250.83,0.02,232.43,18.39,100
1221,1221,mobilenet,large,warm,200,202.76,202.74,0.02,188.66,14.09,99
1222,1222,mobilenet,medium,warm,200,98.41,98.4,0.01,73.68,24.71,100
1223,1223,mobilenet,medium,warm,200,218.78,218.77,0.02,198.18,20.59,100
1224,1224,resnet,small,cold,200,3514.59,3514.58,0.01,1010.71,2503.87,100
1225,1225,mobilenet,small,warm,200,469.5,469.49,0.01,254.01,215.48,100
1226,1226,mobilenet,large,warm,200,158.43,158.42,0.02,140.47,17.94,100
1227,1227,resnet,small,cold,200,3335.99,3335.99,0.01,983.82,2352.17,100
1228,1228,mobilenet,medium,warm,200,307.3,307.29,0.01,83.76,223.53,100
1229,1229,mobilenet,large,warm,200,97.84,97.82,0.02,88.42,9.4,100
1230,1230,resnet,medium,cold,200,2088.19,2088.19,0.01,795.94,1292.25,100
1231,1231,resnet,medium,warm,200,1143.28,1143.27,0.01,513.25,630.01,100
1232,1232,resnet,medium,cold,200,2795.68,2795.67,0.01,713.55,2082.12,100
1233,1233,resnet,medium,warm,200,1861.62,1861.6,0.02,874.46,987.14,100
1234,1234,resnet,medium,cold,200,2788.38,2788.37,0.01,877.51,1910.86,100
1235,1235,mobilenet,large,warm,200,161.0,160.99,0.01,150.25,10.74,100
1236,1236,resnet,medium,warm,200,1720.88,1720.87,0.01,986.9,733.98,100
1237,1237,mobilenet,medium,warm,200,129.77,129.76,0.0,114.06,15.71,100
1238,1238,resnet,medium,cold,200,1885.04,1885.03,0.01,873.63,1011.4,100
1239,1239,mobilenet,large,warm,200,134.38,134.37,0.01,125.1,9.26,100
1240,1240,mobilenet,large,warm,200,140.32,140.31,0.0,128.13,12.18,100
1241,1241,mobilenet,small,warm,200,101.28,101.28,0.0,87.33,13.96,100
1242,1242,resnet,large,warm,200,1155.88,1155.87,0.02,734.05,421.82,100
1243,1243,resnet,medium,warm,200,913.13,913.12,0.01,711.21,201.91,100
1244,1244,mobilenet,small,warm,200,128.41,128.41,0.0,114.48,13.93,100
1245,1245,resnet,small,cold,200,2584.38,2584.37,0.01,532.63,2051.74,100
1246,1246,resnet,large,cold,200,3741.31,3741.3,0.01,750.41,2990.89,100
1247,1247,mobilenet,medium,warm,200,211.79,211.78,0.01,187.73,24.05,100
1248,1248,resnet,medium,warm,200,1285.75,1285.74,0.01,623.42,662.32,100
1249,1249,resnet,large,cold,200,3570.88,3570.87,0.01,1081.53,2489.34,100
1250,1250,resnet,medium,warm,200,1569.38,1569.38,0.01,843.41,725.97,100
1251,1251,mobilenet,large,warm,200,165.12,165.11,0.01,141.39,23.72,100
1252,1252,resnet,small,cold,200,2467.56,2467.56,0.01,848.45,1619.1,100
1253,1253,mobilenet,large,warm,200,165.04,165.03,0.01,151.91,13.11,100
1254,1254,resnet,small,warm,200,1540.3,1540.29,0.02,891.71,648.58,100
1255,1255,mobilenet,large,warm,200,120.77,120.76,0.01,108.06,12.71,100
1256,1256,mobilenet,small,warm,200,161.13,161.12,0.01,141.45,19.68,100
1257,1257,mobilenet,small,warm,200,216.4,216.39,0.01,187.52,28.87,100
1258,1258,resnet,small,cold,200,3252.48,3252.48,0.0,851.61,2400.86,100
1259,1259,mobilenet,small,warm,200,164.9,164.89,0.01,143.81,21.08,99
1260,1260,mobilenet,small,warm,200,137.54,137.53,0.01,108.85,28.68,100
1261,1261,mobilenet,large,warm,200,213.74,213.73,0.01,169.19,44.54,100
1262,1262,resnet,medium,cold,200,2211.31,2211.3,0.01,783.1,1428.2,100
1263,1263,mobilenet,large,warm,200,167.41,167.4,0.01,103.63,63.77,100
1264,1264,resnet,large,warm,200,1503.11,1503.1,0.01,831.67,671.43,100
1265,1265,resnet,small,warm,200,508.81,508.8,0.01,498.15,10.66,100
1266,1266,mobilenet,large,warm,200,172.03,172.02,0.01,141.91,30.12,100
1267,1267,resnet,small,cold,200,2616.9,2616.89,0.01,940.3,1676.59,100
1268,1268,mobilenet,large,warm,200,167.93,167.92,0.01,157.72,10.21,100
1269,1269,resnet,large,warm,200,971.21,971.2,0.01,622.64,348.56,100
1270,1270,resnet,small,warm,200,808.08,808.07,0.01,459.95,348.12,100
1271,1271,resnet,small,warm,200,919.24,919.23,0.01,603.33,315.9,100
1272,1272,mobilenet,small,warm,200,145.93,145.92,0.01,127.37,18.55,100
1273,1273,mobilenet,small,warm,200,131.33,131.33,0.01,111.98,19.34,100
1274,1274,mobilenet,large,warm,200,103.23,103.23,0.01,91.06,12.17,100
1275,1275,resnet,medium,cold,200,1896.96,1896.95,0.01,832.82,1064.13,100
1276,1276,resnet,medium,warm,200,1641.23,1641.22,0.01,768.18,873.05,100
1277,1277,mobilenet,medium,warm,200,104.49,104.47,0.01,88.99,15.48,100
1278,1278,resnet,medium,cold,200,1776.41,1776.4,0.01,626.88,1149.52,100
1279,1279,mobilenet,large,warm,200,122.84,122.83,0.01,104.23,18.6,100
1280,1280,mobilenet,medium,warm,200,176.43,176.42,0.01,143.48,32.94,100
1281,1281,mobilenet,large,warm,200,127.93,127.92,0.01,118.23,9.68,100
1282,1282,mobilenet,small,warm,200,213.16,213.14,0.01,185.28,27.87,100
1283,1283,resnet,medium,warm,200,1091.91,1091.9,0.01,794.22,297.69,100
1284,1284,resnet,large,cold,200,1719.35,1719.35,0.01,631.22,1088.12,100
1285,1285,resnet,small,cold,200,2953.55,2953.55,0.01,552.72,2400.82,100
1286,1286,mobilenet,large,warm,200,132.06,132.05,0.01,119.51,12.54,100
1287,1287,mobilenet,small,warm,200,111.75,111.74,0.01,100.01,11.73,100
1288,1288,resnet,medium,warm,200,1273.46,1273.45,0.01,670.38,603.07,100
1289,1289,resnet,large,cold,200,2653.19,2653.18,0.01,892.23,1760.96,100
1290,1290,mobilenet,large,warm,200,125.19,125.18,0.01,112.45,12.73,100
1291,1291,mobilenet,small,warm,200,64.1,64.09,0.01,56.86,7.23,100
1292,1292,mobilenet,large,warm,200,118.27,118.27,0.01,78.28,39.98,100
1293,1293,resnet,medium,warm,200,1172.47,1172.46,0.01,655.62,516.84,100
1294,1294,mobilenet,small,warm,200,115.6,115.59,0.01,101.16,14.43,100
1295,1295,resnet,large,warm,200,967.46,967.45,0.01,746.42,221.03,100
1296,1296,mobilenet,small,warm,200,134.75,134.74,0.01,121.92,12.82,100
1297,1297,resnet,small,warm,200,1225.15,1225.15,0.01,614.36,610.78,100
1298,1298,mobilenet,large,warm,200,91.51,91.5,0.01,72.96,18.55,100
1299,1299,mobilenet,large,warm,200,210.35,210.33,0.01,94.85,115.48,100
1300,1300,resnet,small,cold,200,3260.96,3260.95,0.01,800.61,2460.34,100
1301,1301,resnet,small,cold,200,1663.45,1663.44,0.01,464.81,1198.63,100
1302,1302,mobilenet,large,warm,200,201.83,201.82,0.01,191.63,10.19,100
1303,1303,resnet,large,cold,200,1853.84,1853.83,0.01,818.08,1035.75,100
1304,1304,resnet,medium,warm,200,1311.55,1311.54,0.01,968.65,342.89,100
1305,1305,mobilenet,large,warm,200,170.51,170.49,0.03,162.76,7.72,100
1306,1306,mobilenet,large,warm,200,95.99,95.98,0.01,82.8,13.17,100
1307,1307,resnet,small,warm,200,1231.57,1231.56,0.0,701.51,530.05,100
1308,1308,mobilenet,medium,warm,200,104.02,104.01,0.02,90.14,13.86,100
1309,1309,mobilenet,small,warm,200,149.28,149.28,0.01,118.98,30.29,100
1310,1310,resnet,large,cold,200,1963.69,1963.69,0.01,517.92,1445.77,100
1311,1311,resnet,medium,warm,200,1401.29,1401.28,0.01,1017.71,383.58,100
1312,1312,mobilenet,large,warm,200,92.54,92.54,0.01,79.72,12.82,100
1313,1313,resnet,medium,cold,200,2383.63,2383.62,0.01,841.26,1542.35,100
1314,1314,resnet,small,warm,200,1654.01,1654.0,0.01,774.6,879.41,100
1315,1315,resnet,large,cold,200,2555.16,2555.15,0.0,834.0,1721.15,100
1316,1316,resnet,medium,warm,200,1114.68,1114.67,0.01,866.28,248.4,100
1317,1317,mobilenet,large,warm,200,94.22,94.21,0.01,81.77,12.44,100
1318,1318,resnet,small,warm,200,1299.29,1299.28,0.01,405.59,893.69,100
1319,1319,resnet,small,cold,200,1759.77,1759.77,0.01,606.38,1153.39,100
1320,1320,mobilenet,small,warm,200,154.36,154.35,0.01,139.41,14.94,100
1321,1321,resnet,small,warm,200,1461.71,1461.7,0.01,753.48,708.23,99
1322,1322,resnet,large,cold,200,1987.28,1987.27,0.01,678.85,1308.42,100
1323,1323,mobilenet,large,warm,200,209.11,209.09,0.02,189.98,19.1,100
1324,1324,resnet,medium,cold,200,3482.96,3482.96,0.01,587.29,2895.67,100
1325,1325,resnet,small,cold,200,1969.4,1969.4,0.01,882.49,1086.9,100
1326,1326,mobilenet,small,warm,200,230.34,230.33,0.01,207.5,22.84,100
1327,1327,resnet,medium,cold,200,3698.29,3698.29,0.01,1028.9,2669.38,100
1328,1328,resnet,medium,cold,200,2493.29,2493.28,0.01,976.53,1516.75,100
1329,1329,mobilenet,small,warm,200,178.63,178.63,0.01,153.62,25.0,100
1330,1330,mobilenet,small,warm,200,243.92,243.92,0.0,221.59,22.32,100
1331,1331,resnet,medium,cold,200,2933.37,2933.36,0.0,589.01,2344.35,100
1332,1332,resnet,small,cold,200,2268.54,2268.54,0.0,870.68,1397.86,100
1333,1333,mobilenet,small,warm,200,219.59,219.57,0.02,199.91,19.67,100
1334,1334,resnet,large,cold,200,2751.53,2751.53,0.01,957.42,1794.1,100
1335,1335,mobilenet,large,warm,200,226.55,226.54,0.01,203.49,23.05,100
1336,1336,resnet,medium,cold,200,3056.12,3056.12,0.0,858.28,2197.84,100
1337,1337,mobilenet,medium,warm,200,210.05,210.04,0.02,189.64,20.39,100
1338,1338,resnet,medium,warm,200,1669.91,1669.91,0.01,677.82,992.09,100
1339,1339,mobilenet,large,warm,200,200.17,200.17,0.01,187.09,13.08,100
1340,1340,mobilenet,large,warm,200,252.18,252.16,0.02,215.63,36.54,100
1341,1341,mobilenet,large,warm,200,124.88,124.87,0.0,114.37,10.5,100
1342,1342,resnet,small,cold,200,2316.26,2316.25,0.01,962.24,1354.02,100
1343,1343,mobilenet,medium,warm,200,169.78,169.76,0.02,155.29,14.48,100
1344,1344,resnet,medium,cold,200,2680.12,2680.11,0.01,758.58,1921.53,100
1345,1345,resnet,small,cold,200,3315.06,3315.05,0.01,1109.9,2205.15,100
1346,1346,mobilenet,small,warm,200,156.47,156.46,0.02,146.76,9.7,100
1347,1347,resnet,medium,warm,200,1211.74,1211.73,0.01,812.63,399.1,100
1348,1348,resnet,medium,cold,200,2401.25,2401.24,0.01,926.18,1475.07,100
1349,1349,resnet,small,cold,200,3464.41,3464.4,0.01,963.23,2501.17,100
1350,1350,resnet,medium,cold,200,3368.78,3368.78,0.01,823.68,2545.09,100
1351,1351,mobilenet,large,warm,200,213.62,213.61,0.01,190.23,23.39,100
1352,1352,resnet,large,cold,200,1846.78,1846.77,0.0,589.97,1256.8,100
1353,1353,mobilenet,medium,warm,200,175.42,175.42,0.01,154.91,20.51,100
1354,1354,mobilenet,small,warm,200,184.73,184.73,0.01,165.73,18.99,100
1355,1355,resnet,small,warm,200,1693.14,1693.14,0.0,964.55,728.59,100
1356,1356,resnet,medium,cold,200,2427.61,2427.6,0.01,658.46,1769.15,100
1357,1357,resnet,medium,warm,200,1481.05,1481.05,0.01,701.38,779.66,100
1358,1358,resnet,medium,warm,200,960.97,960.96,0.01,539.91,421.05,100
1359,1359,resnet,large,cold,200,2882.73,2882.72,0.01,872.28,2010.44,100
1360,1360,mobilenet,medium,warm,200,207.36,207.35,0.01,179.12,28.23,100
1361,1361,resnet,large,warm,200,849.25,849.24,0.01,719.08,130.16,100
1362,1362,mobilenet,medium,warm,200,226.84,226.84,0.01,191.24,35.59,100
1363,1363,resnet,small,cold,200,3086.45,3086.45,0.01,847.54,2238.91,100
1364,1364,resnet,medium,cold,200,3339.72,3339.71,0.01,1144.73,2194.98,100
1365,1365,resnet,large,warm,200,504.15,504.14,0.01,403.33,100.82,100
1366,1366,resnet,large,warm,200,1678.93,1678.93,0.01,755.55,923.37,100
1367,1367,mobilenet,medium,warm,200,205.07,205.06,0.01,197.21,7.85,100
1368,1368,resnet,medium,warm,200,1445.25,1445.25,0.01,777.22,668.03,100
1369,1369,resnet,medium,cold,200,2507.95,2507.94,0.01,1026.52,1481.42,100
1370,1370,mobilenet,large,warm,200,111.88,111.87,0.01,101.21,10.67,100
1371,1371,mobilenet,large,warm,200,107.52,107.52,0.01,101.56,5.95,100
1372,1372,mobilenet,large,warm,200,345.95,345.93,0.02,225.69,120.24,100
1373,1373,mobilenet,large,warm,200,182.22,182.21,0.01,175.26,6.95,100
1374,1374,resnet,large,cold,200,2815.45,2815.44,0.01,1114.86,1700.58,100
1375,1375,mobilenet,medium,warm,200,222.46,222.45,0.01,104.21,118.24,100
1376,1376,resnet,large,warm,200,1410.26,1410.26,0.0,779.86,630.39,100
1377,1377,mobilenet,medium,warm,200,107.45,107.45,0.01,88.77,18.68,100
1378,1378,resnet,small,cold,200,2143.67,2143.66,0.01,725.89,1417.78,100
1379,1379,resnet,small,cold,200,2125.45,2125.45,0.01,670.29,1455.16,100
1380,1380,resnet,large,cold,200,3527.8,3527.79,0.01,750.15,2777.64,99
1381,1381,mobilenet,large,warm,200,73.62,73.61,0.01,63.93,9.68,100
1382,1382,resnet,medium,cold,200,1540.5,1540.49,0.01,471.47,1069.02,100
1383,1383,mobilenet,medium,warm,200,141.22,141.21,0.01,117.14,24.07,100
1384,1384,resnet,large,error,502,2754.01,2754.01,0.01,,,100
1385,1385,resnet,large,warm,200,858.85,858.85,0.0,845.64,13.2,100
1386,1386,resnet,large,warm,200,856.06,856.05,0.01,675.15,180.91,100
1387,1387,mobilenet,medium,warm,200,334.75,334.75,0.01,179.09,155.65,100
1388,1388,mobilenet,small,warm,200,116.88,116.87,0.01,100.25,16.62,100
1389,1389,mobilenet,large,warm,200,82.84,82.83,0.01,71.83,11.0,100
1390,1390,resnet,small,cold,200,1918.2,1918.2,0.01,825.06,1093.14,100
1391,1391,mobilenet,large,warm,200,68.38,68.37,0.01,59.41,8.96,100
1392,1392,resnet,medium,warm,200,995.52,995.51,0.01,936.73,58.78,100
1393,1393,resnet,small,warm,200,1239.38,1239.37,0.01,893.85,345.52,100
1394,1394,mobilenet,small,warm,200,132.93,132.92,0.01,108.66,24.27,100
1395,1395,resnet,small,cold,200,3942.58,3942.57,0.01,1075.24,2867.33,100
1396,1396,mobilenet,medium,warm,200,300.32,300.32,0.01,275.04,25.27,100
1397,1397,resnet,medium,cold,200,2033.55,2033.55,0.0,833.74,1199.8,100
1398,1398,resnet,large,cold,200,2612.58,2612.57,0.01,726.87,1885.7,100
1399,1399,mobilenet,medium,warm,200,509.46,509.46,0.01,232.08,277.37,100
1400,1400,mobilenet,medium,warm,200,125.9,125.89,0.01,101.19,24.7,100
1401,1401,mobilenet,medium,warm,200,140.72,140.71,0.01,125.79,14.92,100
1402,1402,resnet,small,cold,200,3587.76,3587.76,0.0,891.06,2696.69,100
1403,1403,mobilenet,large,warm,200,63.34,63.33,0.01,43.9,19.43,100
1404,1404,mobilenet,medium,warm,200,58.24,58.23,0.01,42.29,15.95,100
1405,1405,resnet,medium,cold,200,3085.4,3085.39,0.01,861.55,2223.83,100
1406,1406,resnet,small,warm,200,1502.12,1502.11,0.01,677.92,824.18,100
1407,1407,resnet,medium,cold,200,6044.76,6044.76,0.01,857.72,5187.04,100
1408,1408,resnet,small,warm,200,1182.4,1182.39,0.01,614.3,568.1,100
1409,1409,resnet,large,cold,200,1496.12,1496.12,0.01,375.06,1121.06,100
1410,1410,resnet,medium,cold,200,1686.06,1686.06,0.01,646.12,1039.94,100
1411,1411,mobilenet,medium,warm,200,144.45,144.44,0.01,127.95,16.49,100
1412,1412,mobilenet,large,warm,200,137.56,137.55,0.01,125.32,12.23,100
1413,1413,mobilenet,small,warm,200,410.42,410.41,0.01,386.21,24.19,100
1414,1414,resnet,large,cold,200,2254.01,2254.01,0.0,663.73,1590.27,100
1415,1415,mobilenet,large,warm,200,282.17,282.17,0.01,263.08,19.08,100
1416,1416,mobilenet,large,warm,200,186.35,186.34,0.01,174.44,11.9,100
1417,1417,mobilenet,large,warm,200,188.25,188.24,0.01,142.32,45.92,100
1418,1418,mobilenet,large,warm,200,238.48,238.47,0.01,196.41,42.06,100
1419,1419,mobilenet,medium,warm,200,444.36,444.35,0.01,215.16,229.2,100
1420,1420,resnet,medium,cold,200,2973.07,2973.06,0.01,814.98,2158.08,100
1421,1421,mobilenet,medium,warm,200,93.2,93.19,0.01,83.11,10.08,100
1422,1422,mobilenet,small,warm,200,311.26,311.24,0.02,242.12,69.11,100
1423,1423,resnet,medium,cold,200,2541.47,2541.46,0.01,852.67,1688.79,100
1424,1424,mobilenet,large,warm,200,278.5,278.49,0.01,152.94,125.55,100
1425,1425,mobilenet,medium,warm,200,287.27,287.26,0.01,267.16,20.11,100
1426,1426,resnet,medium,warm,200,837.05,837.05,0.0,825.87,11.17,100
1427,1427,mobilenet,large,warm,200,302.77,302.77,0.01,226.56,76.2,100
1428,1428,mobilenet,small,warm,200,320.46,320.46,0.01,151.52,168.94,100
1429,1429,resnet,large,cold,200,2915.99,2915.98,0.01,876.65,2039.33,100
1430,1430,mobilenet,large,warm,200,326.12,326.11,0.01,132.73,193.38,100
1431,1431,mobilenet,large,warm,200,356.56,356.56,0.01,117.67,238.88,100
1432,1432,mobilenet,medium,warm,200,324.06,324.05,0.01,178.04,146.02,100
1433,1433,resnet,small,cold,200,2587.32,2587.31,0.01,1041.09,1546.23,100
1434,1434,resnet,small,warm,200,738.46,738.45,0.01,718.75,19.7,100
1435,1435,resnet,large,cold,200,2125.02,2125.02,0.01,893.18,1231.83,100
1436,1436,resnet,large,warm,200,1480.1,1480.1,0.01,728.79,751.31,100
1437,1437,resnet,large,warm,200,945.0,944.99,0.01,577.91,367.08,100
1438,1438,resnet,large,cold,200,2812.69,2812.68,0.01,761.65,2051.03,100
1439,1439,resnet,large,cold,200,2974.97,2974.97,0.01,801.8,2173.17,100
1440,1440,mobilenet,medium,warm,200,199.14,199.14,0.01,187.65,11.49,100
1441,1441,resnet,medium,cold,200,2382.05,2382.04,0.01,1235.5,1146.55,100
1442,1442,mobilenet,large,warm,200,175.92,175.91,0.01,155.44,20.46,100
1443,1443,resnet,large,warm,200,958.78,958.77,0.0,924.7,34.07,100
1444,1444,mobilenet,large,warm,200,106.05,106.05,0.01,93.88,12.17,100
1445,1445,mobilenet,medium,warm,200,349.55,349.54,0.01,176.51,173.03,100
1446,1446,mobilenet,small,warm,200,220.53,220.52,0.01,199.12,21.4,100
1447,1447,resnet,small,warm,200,1271.2,1271.19,0.01,685.88,585.31,100
1448,1448,mobilenet,medium,warm,200,439.54,439.54,0.0,219.86,219.68,100
1449,1449,mobilenet,large,warm,200,236.34,236.33,0.01,127.09,109.24,100
1450,1450,resnet,medium,cold,200,2261.34,2261.33,0.01,519.65,1741.67,100
1451,1451,mobilenet,large,warm,200,196.58,196.58,0.01,189.22,7.35,100
1452,1452,resnet,medium,cold,200,3531.23,3531.22,0.01,1036.71,2494.51,100
1453,1453,mobilenet,medium,warm,200,100.14,100.13,0.01,92.91,7.22,100
1454,1454,mobilenet,large,warm,200,236.19,236.19,0.0,141.08,95.1,100
1455,1455,mobilenet,medium,warm,200,272.6,272.59,0.0,128.62,143.98,100
1456,1456,resnet,small,warm,200,1577.93,1577.92,0.01,793.5,784.42,100
1457,1457,mobilenet,medium,warm,200,191.76,191.75,0.0,170.26,21.49,100
1458,1458,resnet,large,warm,200,1221.22,1221.21,0.01,884.29,336.93,100
1459,1459,mobilenet,medium,warm,200,185.54,185.53,0.0,163.04,22.49,100
1460,1460,mobilenet,medium,warm,200,106.93,106.92,0.01,87.32,19.6,100
1461,1461,mobilenet,small,warm,200,301.46,301.45,0.01,162.94,138.52,100
1462,1462,resnet,large,error,502,1079.89,1079.89,0.01,,,100
1463,1463,resnet,medium,cold,200,1921.66,1921.66,0.0,861.63,1060.03,100
1464,1464,resnet,medium,cold,200,3424.09,3424.08,0.01,1021.3,2402.78,100
1465,1465,resnet,medium,cold,200,4574.93,4574.93,0.0,919.93,3655.0,100
1466,1466,mobilenet,small,warm,200,124.66,124.66,0.0,104.2,20.46,100
1467,1467,mobilenet,small,warm,200,163.8,163.8,0.0,127.53,36.27,100
1468,1468,resnet,small,cold,200,2134.52,2134.51,0.0,546.1,1588.41,100
1469,1469,resnet,small,cold,200,3109.49,3109.49,0.0,1009.51,2099.97,100
1470,1470,resnet,small,cold,200,2485.9,2485.89,0.01,935.34,1550.55,100
1471,1471,resnet,large,cold,200,3280.63,3280.63,0.01,1012.18,2268.44,100
1472,1472,resnet,large,warm,200,1595.96,1595.96,0.01,829.47,766.48,100
1473,1473,mobilenet,large,warm,200,169.77,169.76,0.01,159.27,10.49,100
1474,1474,mobilenet,medium,warm,200,100.79,100.79,0.0,72.08,28.7,100
1475,1475,resnet,large,cold,200,3829.31,3829.3,0.01,1022.74,2806.57,100
1476,1476,mobilenet,large,warm,200,247.14,247.13,0.01,129.54,117.59,100
1477,1477,resnet,large,cold,200,3447.59,3447.59,0.0,968.08,2479.51,100
1478,1478,mobilenet,medium,warm,200,120.03,120.03,0.01,106.32,13.71,100
1479,1479,mobilenet,large,warm,200,140.96,140.95,0.01,128.37,12.58,100
1480,1480,mobilenet,medium,warm,200,252.55,252.54,0.01,136.54,116.0,100
1481,1481,mobilenet,medium,warm,200,103.4,103.4,0.0,87.54,15.86,100
1482,1482,resnet,medium,warm,200,1278.52,1278.51,0.01,1191.94,86.57,100
1483,1483,mobilenet,medium,warm,200,143.78,143.77,0.0,133.45,10.32,100
1484,1484,mobilenet,small,warm,200,296.7,296.69,0.01,133.5,163.19,100
1485,1485,mobilenet,large,warm,200,241.61,241.6,0.01,225.5,16.1,100
1486,1486,resnet,large,warm,200,1397.73,1397.73,0.01,959.21,438.52,100
1487,1487,resnet,small,error,502,2705.72,2705.72,0.01,,,100
1488,1488,mobilenet,small,warm,200,150.31,150.31,0.01,127.41,22.9,100
1489,1489,mobilenet,small,warm,200,170.21,170.2,0.0,155.63,14.57,100
1490,1490,resnet,large,cold,200,2271.71,2271.7,0.01,860.53,1411.18,100
1491,1491,resnet,large,cold,200,2054.77,2054.76,0.01,910.02,1144.74,100
1492,1492,mobilenet,medium,warm,200,211.93,211.92,0.01,71.41,140.51,100
1493,1493,resnet,medium,warm,200,1145.97,1145.96,0.01,853.29,292.67,100
1494,1494,resnet,large,warm,200,1072.42,1072.41,0.01,1057.03,15.38,100
1495,1495,mobilenet,small,warm,200,161.15,161.14,0.01,154.07,7.07,100
1496,1496,resnet,small,cold,200,2028.37,2028.37,0.01,728.59,1299.77,100
1497,1497,resnet,large,cold,200,1660.48,1660.48,0.01,545.7,1114.78,100
1498,1498,mobilenet,large,warm,200,211.62,211.62,0.01,78.0,133.62,100
1499,1499,mobilenet,small,warm,200,201.04,201.03,0.01,136.12,64.91,100
1500,1500,mobilenet,large,warm,200,156.1,156.09,0.01,120.14,35.95,100
1501,1501,resnet,small,warm,200,1011.73,1011.72,0.01,781.09,230.64,100
1502,1502,resnet,medium,warm,200,1264.19,1264.18,0.01,675.56,588.62,100
1503,1503,mobilenet,large,warm,200,143.85,143.84,0.01,131.92,11.92,100
1504,1504,resnet,large,warm,200,979.45,979.44,0.01,543.4,436.03,100
1505,1505,resnet,medium,error,502,197.29,197.28,0.01,,,100
1506,1506,resnet,small,cold,200,2158.5,2158.49,0.01,1049.79,1108.7,100
1507,1507,mobilenet,medium,warm,200,90.03,90.02,0.01,83.87,6.15,100
1508,1508,resnet,large,cold,200,2298.17,2298.17,0.0,793.37,1504.8,100
1509,1509,resnet,medium,warm,200,1229.43,1229.43,0.01,536.62,692.81,100
1510,1510,resnet,medium,warm,200,1349.35,1349.35,0.01,772.42,576.93,100
1511,1511,mobilenet,large,warm,200,104.4,104.39,0.01,83.43,20.97,100
1512,1512,mobilenet,large,warm,200,293.74,293.73,0.0,277.93,15.8,100
1513,1513,resnet,large,cold,200,4101.4,4101.39,0.01,563.16,3538.22,100
1514,1514,resnet,small,warm,200,1535.36,1535.36,0.0,709.23,826.13,100
1515,1515,resnet,small,cold,200,3959.59,3959.58,0.0,1162.79,2796.8,100
1516,1516,resnet,small,cold,200,1721.75,1721.74,0.01,634.57,1087.17,100
1517,1517,resnet,medium,warm,200,1389.98,1389.96,0.01,623.89,766.07,100
1518,1518,resnet,medium,cold,200,2241.49,2241.49,0.01,975.39,1266.1,100
1519,1519,resnet,large,warm,200,1165.68,1165.67,0.01,758.56,407.11,100
1520,1520,mobilenet,large,warm,200,301.56,301.55,0.01,293.6,7.95,100
1521,1521,resnet,medium,cold,200,2757.23,2757.23,0.01,873.07,1884.16,100
1522,1522,mobilenet,small,warm,200,175.52,175.52,0.01,156.34,19.17,100
1523,1523,mobilenet,large,warm,200,120.13,120.13,0.01,104.09,16.04,100
1524,1524,resnet,small,cold,200,3511.4,3511.39,0.0,681.28,2830.11,100
1525,1525,mobilenet,small,warm,200,304.31,304.3,0.01,235.47,68.83,100
1526,1526,resnet,medium,cold,200,2428.92,2428.92,0.0,887.46,1541.46,100
1527,1527,mobilenet,medium,warm,200,117.44,117.43,0.01,81.14,36.29,100
1528,1528,mobilenet,large,warm,200,220.29,220.28,0.01,194.12,26.16,100
1529,1529,mobilenet,large,warm,200,204.91,204.91,0.0,185.84,19.07,100
1530,1530,resnet,small,cold,200,2094.66,2094.65,0.01,760.49,1334.16,100
1531,1531,resnet,small,warm,200,1169.76,1169.75,0.01,577.08,592.67,100
1532,1532,resnet,medium,cold,200,1991.4,1991.4,0.01,819.65,1171.75,100
1533,1533,mobilenet,medium,warm,200,388.83,388.82,0.01,286.85,101.97,100
1534,1534,mobilenet,small,warm,200,159.8,159.79,0.01,149.75,10.05,100
1535,1535,resnet,large,cold,200,2509.29,2509.28,0.01,742.19,1767.09,100
1536,1536,resnet,large,cold,200,1919.35,1919.34,0.0,782.2,1137.14,100
1537,1537,mobilenet,medium,warm,200,255.01,255.01,0.01,178.08,76.93,100
1538,1538,mobilenet,large,warm,200,106.18,106.18,0.01,89.28,16.89,100
1539,1539,mobilenet,small,warm,200,150.26,150.25,0.01,126.04,24.22,100
1540,1540,mobilenet,medium,warm,200,195.78,195.77,0.01,172.99,22.78,100
1541,1541,mobilenet,small,warm,200,275.21,275.2,0.01,147.51,127.69,100
1542,1542,mobilenet,large,warm,200,118.84,118.83,0.01,103.74,15.09,100
1543,1543,resnet,small,warm,200,1076.07,1076.06,0.01,348.7,727.36,100
1544,1544,mobilenet,large,warm,200,172.09,172.08,0.01,158.71,13.37,100
1545,1545,resnet,small,cold,200,7297.53,7297.52,0.0,721.54,6575.98,100
1546,1546,resnet,large,cold,200,2569.83,2569.83,0.01,764.44,1805.39,100
1547,1547,mobilenet,medium,warm,200,362.85,362.85,0.01,199.56,163.28,100
1548,1548,mobilenet,small,warm,200,187.37,187.36,0.01,121.93,65.43,100
1549,1549,resnet,small,cold,200,3110.78,3110.78,0.0,1043.88,2066.9,100
1550,1550,mobilenet,small,warm,200,283.99,283.98,0.01,207.5,76.48,100
1551,1551,resnet,medium,warm,200,805.16,805.15,0.01,588.68,216.47,100
1552,1552,resnet,small,warm,200,1131.44,1131.43,0.01,457.36,674.08,100
1553,1553,resnet,small,cold,200,1945.59,1945.58,0.01,524.9,1420.69,100
1554,1554,mobilenet,small,warm,200,127.24,127.23,0.01,119.73,7.5,100
1555,1555,mobilenet,large,warm,200,169.2,169.2,0.01,153.87,15.33,100
1556,1556,mobilenet,medium,warm,200,197.69,197.68,0.01,63.42,134.26,100
1557,1557,resnet,large,warm,200,1730.34,1730.33,0.01,1028.02,702.31,100
1558,1558,mobilenet,large,warm,200,173.09,173.08,0.01,144.26,28.82,100
1559,1559,mobilenet,medium,warm,200,146.8,146.8,0.01,112.24,34.56,100
1560,1560,resnet,small,cold,200,2622.25,2622.25,0.01,1038.01,1584.24,100
1561,1561,mobilenet,small,warm,200,89.24,89.23,0.01,80.05,9.19,100
1562,1562,mobilenet,small,warm,200,185.34,185.33,0.01,168.66,16.67,100
1563,1563,resnet,medium,warm,200,1460.4,1460.4,0.01,742.71,717.69,100
1564,1564,resnet,medium,warm,200,1476.17,1476.16,0.01,883.84,592.33,100
1565,1565,mobilenet,small,warm,200,84.97,84.96,0.01,66.15,18.81,100
1566,1566,resnet,large,cold,200,2275.63,2275.63,0.0,677.16,1598.47,100
1567,1567,mobilenet,small,warm,200,195.77,195.76,0.01,180.95,14.81,100
1568,1568,resnet,large,warm,200,1071.46,1071.46,0.01,623.3,448.16,100
1569,1569,mobilenet,large,warm,200,251.6,251.6,0.01,121.48,130.12,100
1570,1570,resnet,small,cold,200,3123.94,3123.94,0.0,995.79,2128.16,100
1571,1571,mobilenet,large,warm,200,144.35,144.34,0.01,125.87,18.47,100
1572,1572,resnet,medium,error,502,538.43,538.42,0.01,,,100
1573,1573,mobilenet,small,warm,200,171.74,171.74,0.0,154.45,17.29,100
1574,1574,resnet,medium,cold,200,2508.15,2508.14,0.01,757.93,1750.22,100
1575,1575,mobilenet,small,warm,200,186.53,186.53,0.01,169.01,17.51,100
1576,1576,resnet,large,cold,200,1844.38,1844.37,0.0,805.62,1038.75,100
1577,1577,mobilenet,large,warm,200,330.71,330.7,0.01,194.78,135.91,100
1578,1578,mobilenet,medium,warm,200,156.23,156.22,0.0,124.46,31.76,100
1579,1579,resnet,small,cold,200,2107.71,2107.7,0.01,843.77,1263.94,100
1580,1580,resnet,large,cold,200,1886.25,1886.24,0.01,599.66,1286.58,100
1581,1581,resnet,medium,cold,200,2813.78,2813.78,0.0,1007.39,1806.39,100
1582,1582,mobilenet,medium,warm,200,202.9,202.89,0.01,166.2,36.69,100
1583,1583,mobilenet,small,warm,200,129.61,129.61,0.01,109.79,19.81,100
1584,1584,mobilenet,small,warm,200,34.31,34.3,0.01,24.74,9.55,100
1585,1585,resnet,small,warm,200,1824.78,1824.77,0.01,916.21,908.56,100
1586,1586,mobilenet,small,warm,200,268.86,268.86,0.01,138.83,130.02,100
1587,1587,resnet,large,cold,200,3871.31,3871.3,0.02,828.24,3043.06,100
1588,1588,resnet,large,cold,200,2884.12,2884.11,0.0,1087.11,1797.0,100
1589,1589,resnet,medium,cold,200,1825.48,1825.47,0.01,615.54,1209.93,100
1590,1590,resnet,small,cold,200,2691.56,2691.56,0.0,1000.35,1691.21,100
1591,1591,mobilenet,medium,warm,200,244.07,244.07,0.01,231.92,12.14,100
1592,1592,mobilenet,medium,warm,200,84.59,84.59,0.01,72.21,12.38,100
1593,1593,mobilenet,large,warm,200,366.66,366.66,0.01,151.39,215.27,100
1594,1594,mobilenet,small,warm,200,118.91,118.9,0.01,105.41,13.49,100
1595,1595,resnet,medium,warm,200,1544.03,1544.02,0.0,785.51,758.51,100
1596,1596,mobilenet,medium,warm,200,132.22,132.21,0.01,115.91,16.3,100
1597,1597,resnet,large,cold,200,2273.87,2273.86,0.01,754.01,1519.85,100
1598,1598,mobilenet,small,warm,200,117.12,117.11,0.01,100.36,16.75,100
1599,1599,mobilenet,small,warm,200,126.95,126.94,0.01,110.24,16.7,100
1600,1600,resnet,small,warm,200,1264.92,1264.92,0.01,719.32,545.59,100
1601,1601,resnet,large,cold,200,5057.75,5057.75,0.01,1182.82,3874.92,100
1602,1602,mobilenet,medium,warm,200,202.11,202.1,0.01,189.5,12.6,100
1603,1603,mobilenet,small,warm,200,370.82,370.82,0.01,176.5,194.32,100
1604,1604,mobilenet,large,warm,200,77.64,77.64,0.01,63.43,14.21,100
1605,1605,mobilenet,large,warm,200,160.52,160.52,0.01,134.01,26.51,100
1606,1606,mobilenet,small,warm,200,166.73,166.72,0.01,157.51,9.21,100
1607,1607,resnet,medium,warm,200,1138.41,1138.4,0.01,847.1,291.31,100
1608,1608,resnet,small,error,502,1261.25,1261.25,0.0,,,100
1609,1609,resnet,small,warm,200,1517.37,1517.37,0.01,1058.24,459.13,100
1610,1610,resnet,large,cold,200,3519.27,3519.26,0.01,823.31,2695.95,100
1611,1611,mobilenet,small,warm,200,109.92,109.91,0.0,104.04,5.87,100
1612,1612,resnet,medium,warm,200,2065.09,2065.08,0.01,1114.87,950.22,100
1613,1613,resnet,large,cold,200,2181.21,2181.2,0.01,762.45,1418.75,100
1614,1614,mobilenet,medium,warm,200,181.96,181.96,0.01,141.15,40.8,100
1615,1615,mobilenet,medium,warm,200,101.45,101.45,0.01,81.99,19.46,100
1616,1616,resnet,large,cold,200,2352.45,2352.45,0.0,343.07,2009.38,100
1617,1617,resnet,small,warm,200,951.19,951.18,0.01,943.01,8.17,100
1618,1618,resnet,large,cold,200,3489.98,3489.96,0.02,968.82,2521.14,100
1619,1619,mobilenet,medium,warm,200,139.34,139.33,0.01,128.35,10.98,100
1620,1620,mobilenet,medium,warm,200,52.32,52.32,0.0,46.03,6.29,100
1621,1621,mobilenet,large,warm,200,101.5,101.5,0.0,53.45,48.05,100
1622,1622,mobilenet,small,warm,200,95.71,95.7,0.0,80.54,15.16,100
1623,1623,mobilenet,small,warm,200,369.44,369.43,0.01,190.13,179.3,100
1624,1624,mobilenet,small,warm,200,100.86,100.86,0.0,94.17,6.68,100
1625,1625,mobilenet,medium,warm,200,138.2,138.2,0.01,76.61,61.59,100
1626,1626,resnet,medium,warm,200,1607.55,1607.55,0.01,787.05,820.5,100
1627,1627,mobilenet,small,warm,200,142.94,142.93,0.01,39.86,103.07,100
1628,1628,mobilenet,large,warm,200,156.25,156.25,0.01,88.91,67.33,100
1629,1629,resnet,small,warm,200,1426.92,1426.91,0.01,490.67,936.24,100
1630,1630,resnet,small,cold,200,1682.54,1682.54,0.0,597.84,1084.7,99
1631,1631,resnet,large,cold,200,2232.05,2232.05,0.0,875.83,1356.22,100
1632,1632,resnet,medium,cold,200,2996.6,2996.59,0.01,916.4,2080.19,100
1633,1633,mobilenet,large,warm,200,142.67,142.66,0.01,117.94,24.72,100
1634,1634,resnet,small,warm,200,1170.4,1170.39,0.01,953.99,216.4,100
1635,1635,mobilenet,small,warm,200,226.93,226.93,0.01,200.58,26.35,100
1636,1636,mobilenet,large,warm,200,199.01,199.01,0.01,170.29,28.72,100
1637,1637,mobilenet,medium,warm,200,218.18,218.17,0.01,140.48,77.69,100
1638,1638,mobilenet,medium,warm,200,170.82,170.81,0.01,160.73,10.08,100
1639,1639,resnet,medium,cold,200,2442.98,2442.98,0.01,426.49,2016.48,100
1640,1640,resnet,small,cold,200,1945.83,1945.82,0.0,716.55,1229.27,100
1641,1641,resnet,small,cold,200,2703.5,2703.49,0.01,983.84,1719.65,100
1642,1642,resnet,small,cold,200,1923.98,1923.98,0.0,857.78,1066.19,100
1643,1643,resnet,large,cold,200,2469.82,2469.81,0.01,564.24,1905.57,100
1644,1644,resnet,large,cold,200,2064.17,2064.17,0.0,844.56,1219.6,100
1645,1645,mobilenet,medium,warm,200,197.02,197.01,0.0,175.06,21.95,100
1646,1646,resnet,large,warm,200,828.55,828.55,0.01,807.44,21.11,100
1647,1647,resnet,small,cold,200,2042.37,2042.37,0.0,1020.45,1021.92,100
1648,1648,mobilenet,small,warm,200,212.59,212.59,0.01,125.92,86.66,100
1649,1649,mobilenet,medium,warm,200,251.0,251.0,0.01,206.62,44.38,100
1650,1650,mobilenet,small,warm,200,141.36,141.35,0.01,129.0,12.35,100
1651,1651,resnet,large,cold,200,2358.36,2358.34,0.01,1066.81,1291.53,100
1652,1652,mobilenet,medium,warm,200,315.08,315.08,0.0,164.26,150.81,100
1653,1653,mobilenet,large,warm,200,174.89,174.88,0.01,150.55,24.33,100
1654,1654,resnet,large,cold,200,2692.19,2692.18,0.01,752.18,1940.0,100
1655,1655,resnet,small,warm,200,1292.41,1292.4,0.01,743.73,548.67,100
1656,1656,mobilenet,large,warm,200,221.41,221.4,0.01,206.02,15.39,100
1657,1657,mobilenet,medium,warm,200,107.19,107.18,0.01,95.97,11.21,100
1658,1658,resnet,small,cold,200,2923.06,2923.04,0.02,1094.65,1828.39,100
1659,1659,mobilenet,large,warm,200,286.0,286.0,0.01,125.62,160.38,100
1660,1660,resnet,small,warm,200,1815.39,1815.39,0.0,936.45,878.94,100
1661,1661,mobilenet,small,warm,200,203.04,203.04,0.01,140.64,62.4,100
1662,1662,resnet,large,cold,200,2239.93,2239.92,0.02,605.62,1634.29,100
1663,1663,resnet,medium,cold,200,3860.58,3860.58,0.01,920.21,2940.37,100
1664,1664,mobilenet,large,warm,200,104.23,104.22,0.01,91.4,12.82,99
1665,1665,mobilenet,large,warm,200,116.01,116.0,0.01,97.93,18.07,100
1666,1666,mobilenet,large,warm,200,278.73,278.71,0.01,189.55,89.16,100
1667,1667,resnet,small,cold,200,2132.93,2132.92,0.01,810.29,1322.62,100
1668,1668,mobilenet,medium,warm,200,144.16,144.15,0.01,129.39,14.76,100
1669,1669,mobilenet,small,warm,200,205.17,205.16,0.0,193.44,11.73,100
1670,1670,resnet,medium,cold,200,2060.91,2060.9,0.01,735.8,1325.1,100
1671,1671,resnet,medium,cold,200,1687.96,1687.96,0.0,686.15,1001.8,100
1672,1672,resnet,medium,warm,200,1748.41,1748.41,0.0,757.83,990.58,100
1673,1673,resnet,medium,cold,200,2554.78,2554.77,0.01,887.58,1667.2,100
1674,1674,mobilenet,small,warm,200,125.04,125.03,0.01,97.14,27.89,100
1675,1675,mobilenet,small,warm,200,141.54,141.54,0.01,110.0,31.54,100
1676,1676,mobilenet,small,warm,200,163.31,163.3,0.01,63.1,100.2,100
1677,1677,mobilenet,small,warm,200,174.04,174.04,0.01,124.7,49.34,100
1678,1678,resnet,medium,warm,200,1205.38,1205.37,0.01,898.78,306.59,100
1679,1679,resnet,medium,cold,200,2869.88,2869.88,0.0,928.53,1941.35,100
1680,1680,mobilenet,large,warm,200,274.27,274.27,0.01,222.38,51.89,100
1681,1681,resnet,small,cold,200,2741.06,2741.05,0.01,1044.62,1696.43,100
1682,1682,resnet,medium,cold,200,2521.93,2521.86,0.07,1045.71,1476.16,100
1683,1683,resnet,medium,cold,200,2207.17,2207.15,0.02,780.84,1426.32,100
1684,1684,mobilenet,small,warm,200,194.93,194.92,0.01,178.45,16.48,100
1685,1685,mobilenet,large,warm,200,214.25,214.24,0.01,196.86,17.38,100
1686,1686,resnet,large,cold,200,2015.85,2015.83,0.01,881.77,1134.06,100
1687,1687,mobilenet,small,warm,200,74.05,74.04,0.01,30.8,43.24,100
1688,1688,resnet,small,cold,200,6498.02,6498.01,0.01,710.43,5787.58,100
1689,1689,mobilenet,large,warm,200,103.67,103.66,0.01,76.99,26.67,100
1690,1690,mobilenet,medium,warm,200,368.71,368.7,0.01,174.73,193.97,100
1691,1691,resnet,large,cold,200,2615.32,2615.3,0.01,851.99,1763.31,100
1692,1692,mobilenet,large,warm,200,97.53,97.52,0.01,82.55,14.97,100
1693,1693,resnet,medium,cold,200,3294.03,3294.03,0.01,588.15,2705.87,100
1694,1694,mobilenet,small,warm,200,67.22,67.21,0.01,57.57,9.64,100
1695,1695,resnet,medium,cold,200,3029.17,3029.17,0.01,627.12,2402.05,100
1696,1696,mobilenet,small,warm,200,166.16,166.15,0.01,155.33,10.82,100
1697,1697,resnet,small,cold,200,2621.87,2621.85,0.01,949.21,1672.65,100
1698,1698,mobilenet,small,warm,200,172.99,172.98,0.01,148.72,24.27,100
1699,1699,mobilenet,small,warm,200,274.63,274.62,0.01,142.3,132.32,100
1700,1700,mobilenet,small,warm,200,64.51,64.51,0.01,53.93,10.58,100
1701,1701,mobilenet,medium,warm,200,132.74,132.74,0.01,95.97,36.76,100
1702,1702,resnet,large,cold,200,3924.17,3924.16,0.01,809.41,3114.76,100
1703,1703,mobilenet,large,warm,200,101.5,101.49,0.01,83.4,18.09,100
1704,1704,resnet,small,warm,200,1512.31,1512.3,0.01,969.38,542.91,100
1705,1705,mobilenet,small,warm,200,233.68,233.67,0.01,228.23,5.44,100
1706,1706,mobilenet,large,warm,200,180.24,180.24,0.01,166.67,13.57,100
1707,1707,resnet,small,cold,200,2364.88,2364.87,0.01,796.04,1568.82,100
1708,1708,mobilenet,medium,warm,200,225.17,225.17,0.01,102.11,123.05,100
1709,1709,mobilenet,small,warm,200,53.44,53.43,0.01,46.03,7.4,100
1710,1710,resnet,small,cold,200,4694.42,4694.42,0.01,1059.75,3634.67,100
1711,1711,mobilenet,large,warm,200,119.36,119.36,0.01,86.48,32.88,100
1712,1712,resnet,large,cold,200,1965.95,1965.95,0.01,658.25,1307.7,100
1713,1713,resnet,medium,warm,200,1000.96,1000.96,0.0,921.98,78.98,100
1714,1714,mobilenet,medium,warm,200,292.55,292.54,0.01,220.83,71.71,100
1715,1715,resnet,small,cold,200,2231.64,2231.63,0.01,623.39,1608.25,99
1716,1716,resnet,small,cold,200,2081.45,2081.44,0.01,663.33,1418.11,100
1717,1717,mobilenet,medium,warm,200,90.47,90.47,0.01,74.12,16.35,100
1718,1718,resnet,medium,cold,200,2466.04,2466.04,0.0,840.5,1625.54,100
1719,1719,mobilenet,small,warm,200,159.59,159.58,0.01,144.15,15.43,100
1720,1720,mobilenet,large,warm,200,176.04,176.03,0.01,164.23,11.8,100
1721,1721,resnet,medium,cold,200,2745.25,2745.25,0.0,808.32,1936.93,100
1722,1722,resnet,large,cold,200,5466.91,5466.9,0.01,908.7,4558.2,100
1723,1723,resnet,small,cold,200,2643.63,2643.62,0.0,863.34,1780.28,100
1724,1724,mobilenet,medium,warm,200,415.12,415.12,0.01,244.48,170.63,100
1725,1725,resnet,small,cold,200,3535.11,3535.09,0.02,815.55,2719.54,100
1726,1726,resnet,small,warm,200,1042.84,1042.83,0.0,690.27,352.56,100
1727,1727,mobilenet,large,warm,200,275.96,275.96,0.0,260.87,15.09,100
1728,1728,mobilenet,medium,warm,200,101.97,101.97,0.01,65.92,36.05,100
1729,1729,resnet,medium,cold,200,3976.84,3976.83,0.02,790.67,3186.16,100
1730,1730,resnet,medium,cold,200,2682.39,2682.38,0.0,709.54,1972.84,100
1731,1731,resnet,medium,cold,200,2850.08,2850.08,0.01,749.5,2100.57,100
1732,1732,resnet,small,cold,200,2366.09,2366.08,0.0,735.04,1631.04,100
1733,1733,mobilenet,medium,warm,200,113.41,113.4,0.01,106.67,6.73,100
1734,1734,mobilenet,small,warm,200,264.1,264.1,0.0,216.65,47.45,100
1735,1735,resnet,small,cold,200,2636.65,2636.64,0.0,510.43,2126.21,100
1736,1736,resnet,large,cold,200,2814.03,2814.03,0.01,708.38,2105.65,100
1737,1737,resnet,large,cold,200,2910.93,2910.92,0.01,828.53,2082.4,100
1738,1738,mobilenet,small,warm,200,375.59,375.58,0.01,171.58,204.0,100
1739,1739,mobilenet,small,warm,200,305.31,305.3,0.01,290.06,15.24,100
1740,1740,mobilenet,medium,warm,200,290.74,290.74,0.01,188.3,102.44,100
1741,1741,mobilenet,small,warm,200,190.02,190.01,0.01,173.17,16.84,100
1742,1742,resnet,medium,warm,200,1539.11,1539.1,0.01,739.0,800.11,100
1743,1743,mobilenet,small,warm,200,179.39,179.38,0.01,173.27,6.11,100
1744,1744,mobilenet,large,warm,200,171.05,171.05,0.01,156.95,14.1,100
1745,1745,resnet,large,cold,200,4792.35,4792.35,0.01,690.13,4102.22,100
1746,1746,resnet,large,warm,200,1095.85,1095.83,0.02,407.82,688.01,100
1747,1747,mobilenet,large,warm,200,202.62,202.61,0.0,178.55,24.07,100
1748,1748,resnet,large,cold,200,3994.75,3994.74,0.01,1027.04,2967.7,100
1749,1749,mobilenet,large,warm,200,287.29,287.29,0.01,141.35,145.94,100
1750,1750,mobilenet,medium,warm,200,131.52,131.51,0.01,123.13,8.38,100
1751,1751,resnet,small,cold,200,5393.8,5393.8,0.0,686.27,4707.53,100
1752,1752,resnet,small,cold,200,2138.52,2138.51,0.01,923.9,1214.62,100
1753,1753,mobilenet,small,warm,200,200.39,200.38,0.0,192.26,8.13,100
1754,1754,mobilenet,large,warm,200,118.38,118.38,0.0,110.56,7.82,100
1755,1755,mobilenet,small,warm,200,135.78,135.78,0.0,118.58,17.2,100
1756,1756,resnet,small,warm,200,962.59,962.57,0.01,706.08,256.49,100
1757,1757,resnet,large,warm,200,1967.67,1967.66,0.0,1004.21,963.46,100
1758,1758,mobilenet,small,warm,200,301.75,301.74,0.0,213.74,88.0,100
1759,1759,resnet,large,warm,200,1446.17,1446.16,0.02,1041.7,404.46,100
1760,1760,mobilenet,medium,warm,200,323.77,323.76,0.0,258.19,65.58,100
1761,1761,mobilenet,small,warm,200,195.66,195.65,0.0,164.62,31.04,100
1762,1762,mobilenet,large,warm,200,136.6,136.6,0.01,101.87,34.73,100
1763,1763,mobilenet,small,warm,200,125.48,125.48,0.0,116.81,8.67,100
1764,1764,resnet,small,cold,200,2299.88,2299.88,0.0,937.88,1361.99,100
1765,1765,resnet,large,cold,200,2015.34,2015.34,0.0,545.33,1470.01,100
1766,1766,resnet,large,warm,200,1012.82,1012.81,0.01,622.27,390.54,100
1767,1767,mobilenet,medium,warm,200,265.31,265.3,0.0,250.6,14.7,100
1768,1768,resnet,medium,warm,200,977.17,977.16,0.01,422.74,554.42,100
1769,1769,mobilenet,small,warm,200,200.65,200.65,0.0,153.25,47.4,100
1770,1770,resnet,large,cold,200,1737.75,1737.74,0.01,649.62,1088.13,100
1771,1771,resnet,large,cold,200,1783.3,1783.29,0.0,459.4,1323.9,100
1772,1772,resnet,small,cold,200,1572.85,1572.85,0.01,556.66,1016.19,100
1773,1773,resnet,small,warm,200,918.43,918.42,0.01,844.25,74.17,100
1774,1774,mobilenet,medium,warm,200,181.12,181.12,0.0,103.1,78.02,100
1775,1775,resnet,large,cold,200,2580.26,2580.26,0.01,757.66,1822.59,100
1776,1776,resnet,small,warm,200,1360.08,1360.07,0.01,830.71,529.35,100
1777,1777,mobilenet,large,warm,200,245.46,245.45,0.0,184.67,60.78,100
1778,1778,mobilenet,large,warm,200,251.41,251.41,0.0,177.26,74.15,100
1779,1779,resnet,large,cold,200,2331.78,2331.76,0.01,632.29,1699.47,100
1780,1780,mobilenet,small,warm,200,97.46,97.46,0.0,82.58,14.88,100
1781,1781,resnet,large,warm,200,1290.16,1290.14,0.01,980.57,309.58,100
1782,1782,mobilenet,large,warm,200,167.79,167.78,0.0,153.0,14.78,100
1783,1783,mobilenet,medium,warm,200,225.89,225.89,0.0,197.17,28.71,100
1784,1784,mobilenet,medium,warm,200,224.05,224.04,0.0,198.77,25.27,100
1785,1785,mobilenet,small,warm,200,254.75,254.74,0.01,91.58,163.17,100
1786,1786,resnet,medium,cold,200,2248.36,2248.34,0.02,771.31,1477.03,100
1787,1787,mobilenet,large,warm,200,359.28,359.27,0.01,168.02,191.25,100
1788,1788,mobilenet,large,warm,200,186.68,186.68,0.0,166.53,20.14,100
1789,1789,resnet,medium,cold,200,2711.87,2711.87,0.0,790.82,1921.05,100
1790,1790,mobilenet,medium,warm,200,161.67,161.67,0.0,125.63,36.04,100
1791,1791,mobilenet,small,warm,200,316.2,316.19,0.01,185.75,130.44,100
1792,1792,mobilenet,medium,warm,200,267.36,267.34,0.01,147.99,119.35,100
1793,1793,resnet,small,warm,200,1615.75,1615.74,0.0,965.77,649.97,100
1794,1794,mobilenet,small,warm,200,247.01,247.0,0.01,157.96,89.04,100
1795,1795,resnet,medium,cold,200,2378.29,2378.28,0.01,793.85,1584.44,100
1796,1796,resnet,small,cold,200,1886.61,1886.6,0.01,401.35,1485.25,100
1797,1797,resnet,medium,warm,200,1709.23,1709.22,0.0,850.42,858.8,100
1798,1798,resnet,medium,cold,200,2999.28,2999.28,0.01,1135.09,1864.18,100
1799,1799,resnet,small,warm,200,1212.67,1212.66,0.01,676.64,536.02,100
1800,1800,resnet,large,cold,200,2878.23,2878.22,0.02,763.91,2114.31,100
1801,1801,mobilenet,small,warm,200,158.11,158.1,0.01,125.57,32.53,100
1802,1802,resnet,small,cold,200,4020.98,4020.97,0.01,669.28,3351.69,100
1803,1803,mobilenet,medium,warm,200,92.04,92.03,0.01,81.12,10.91,100
1804,1804,mobilenet,medium,warm,200,364.81,364.79,0.02,200.89,163.91,100
1805,1805,resnet,small,cold,200,2268.98,2268.97,0.01,932.34,1336.64,100
1806,1806,mobilenet,medium,warm,200,88.19,88.18,0.01,67.02,21.16,100
1807,1807,mobilenet,medium,warm,200,169.93,169.92,0.01,58.04,111.89,100
1808,1808,mobilenet,large,warm,200,142.2,142.18,0.01,131.74,10.44,100
1809,1809,mobilenet,large,warm,200,339.16,339.14,0.02,60.42,278.72,100
1810,1810,mobilenet,medium,warm,200,134.81,134.8,0.01,121.42,13.38,100
1811,1811,resnet,large,warm,200,1178.85,1178.84,0.0,268.47,910.37,100
1812,1812,mobilenet,medium,warm,200,127.64,127.63,0.01,115.62,12.0,100
1813,1813,mobilenet,large,warm,200,68.58,68.56,0.01,60.57,7.99,100
1814,1814,resnet,small,cold,200,2990.21,2990.2,0.01,851.33,2138.87,100
1815,1815,mobilenet,small,warm,200,239.01,239.0,0.01,173.42,65.58,100
1816,1816,resnet,small,warm,200,1485.88,1485.88,0.0,821.37,664.51,100
1817,1817,mobilenet,medium,warm,200,159.09,159.08,0.01,142.68,16.4,99
1818,1818,resnet,large,cold,200,2637.43,2637.41,0.02,1125.34,1512.08,100
1819,1819,resnet,medium,warm,200,1266.89,1266.88,0.0,909.89,357.0,100
1820,1820,mobilenet,small,warm,200,201.55,201.54,0.01,128.29,73.25,100
1821,1821,mobilenet,medium,warm,200,133.92,133.9,0.02,114.8,19.1,100
1822,1822,resnet,small,cold,200,4117.22,4117.21,0.01,1015.63,3101.58,100
1823,1823,mobilenet,medium,warm,200,304.62,304.61,0.01,229.02,75.59,100
1824,1824,mobilenet,medium,warm,200,453.55,453.55,0.01,166.95,286.59,100
1825,1825,mobilenet,medium,warm,200,102.27,102.25,0.02,93.93,8.33,100
1826,1826,resnet,small,cold,200,3388.38,3388.37,0.0,841.86,2546.51,100
1827,1827,mobilenet,small,warm,200,162.15,162.13,0.02,138.63,23.5,100
1828,1828,mobilenet,small,warm,200,187.34,187.33,0.01,171.8,15.52,100
1829,1829,resnet,small,cold,200,1795.58,1795.57,0.01,614.96,1180.61,100
1830,1830,resnet,small,cold,200,2241.16,2241.15,0.01,857.47,1383.67,100
1831,1831,resnet,medium,cold,200,2118.34,2118.32,0.02,927.61,1190.71,100
1832,1832,resnet,medium,cold,200,2302.37,2302.35,0.01,880.84,1421.51,100
1833,1833,resnet,small,warm,200,1151.95,1151.95,0.0,195.32,956.63,100
1834,1834,resnet,small,cold,200,2485.71,2485.69,0.02,731.22,1754.47,100
1835,1835,resnet,medium,cold,200,2207.62,2207.61,0.01,783.85,1423.76,100
1836,1836,resnet,small,cold,200,1362.25,1362.24,0.0,253.59,1108.65,100
1837,1837,resnet,small,warm,200,672.57,672.56,0.01,604.52,68.04,100
1838,1838,resnet,medium,cold,200,2631.78,2631.77,0.01,719.29,1912.48,100
1839,1839,resnet,medium,warm,200,1476.32,1476.32,0.01,589.86,886.45,100
1840,1840,mobilenet,medium,warm,200,226.36,226.35,0.01,208.54,17.8,100
1841,1841,mobilenet,small,warm,200,220.82,220.81,0.01,204.84,15.97,99
1842,1842,mobilenet,small,warm,200,191.53,191.53,0.01,172.44,19.09,100
1843,1843,resnet,large,warm,200,1053.75,1053.75,0.0,469.47,584.28,100
1844,1844,resnet,large,cold,200,2755.76,2755.76,0.01,688.58,2067.18,100
1845,1845,mobilenet,large,warm,200,141.82,141.81,0.01,120.88,20.93,100
1846,1846,mobilenet,medium,warm,200,162.77,162.76,0.0,155.01,7.76,100
1847,1847,resnet,large,warm,200,1329.73,1329.72,0.01,599.17,730.55,100
1848,1848,resnet,large,cold,200,2982.07,2982.06,0.0,746.97,2235.09,100
1849,1849,mobilenet,medium,warm,200,222.63,222.61,0.02,142.44,80.18,100
1850,1850,resnet,small,cold,200,2368.99,2368.99,0.01,1295.07,1073.92,100
1851,1851,resnet,large,error,502,265.51,265.5,0.01,,,100
1852,1852,mobilenet,large,warm,200,162.89,162.88,0.02,146.1,16.78,100
1853,1853,mobilenet,small,warm,200,243.92,243.91,0.01,200.25,43.66,100
1854,1854,resnet,small,warm,200,1561.19,1561.18,0.01,823.54,737.64,100
1855,1855,mobilenet,small,warm,200,140.92,140.91,0.02,130.51,10.4,100
1856,1856,mobilenet,small,warm,200,160.52,160.5,0.02,134.37,26.14,100
1857,1857,mobilenet,medium,warm,200,59.94,59.93,0.01,42.77,17.16,99
1858,1858,mobilenet,large,warm,200,192.3,192.26,0.04,178.76,13.5,100
1859,1859,resnet,small,cold,200,2497.6,2497.59,0.01,1015.46,1482.13,100
1860,1860,mobilenet,large,warm,200,180.73,180.71,0.01,152.13,28.59,100
1861,1861,resnet,medium,cold,200,2448.06,2448.06,0.01,805.35,1642.7,100
1862,1862,mobilenet,small,warm,200,174.27,174.26,0.01,165.2,9.06,100
1863,1863,resnet,large,warm,200,1292.95,1292.94,0.01,586.81,706.13,100
1864,1864,resnet,large,cold,200,2871.42,2871.42,0.0,663.13,2208.29,100
1865,1865,resnet,medium,warm,200,1049.8,1049.8,0.01,356.84,692.96,100
1866,1866,resnet,small,cold,200,2139.06,2139.05,0.01,754.42,1384.63,100
1867,1867,resnet,small,cold,200,2254.14,2254.13,0.01,644.68,1609.45,100
1868,1868,resnet,small,cold,200,3619.55,3619.55,0.0,879.95,2739.6,100
1869,1869,mobilenet,large,warm,200,77.2,77.18,0.01,59.41,17.77,100
1870,1870,mobilenet,small,warm,200,150.02,150.01,0.01,140.08,9.93,100
1871,1871,mobilenet,medium,warm,200,154.61,154.59,0.02,131.74,22.85,100
1872,1872,resnet,medium,warm,200,744.98,744.97,0.01,533.37,211.6,100
1873,1873,resnet,medium,cold,200,4346.78,4346.77,0.01,360.29,3986.48,100
1874,1874,resnet,large,warm,200,1160.14,1160.13,0.02,955.18,204.95,100
1875,1875,resnet,small,warm,200,1546.47,1546.46,0.01,635.05,911.42,100
1876,1876,mobilenet,medium,warm,200,86.51,86.5,0.01,74.38,12.12,100
1877,1877,resnet,small,cold,200,2181.01,2181.0,0.01,979.74,1201.26,100
1878,1878,resnet,small,warm,200,1480.78,1480.78,0.01,794.96,685.82,100
1879,1879,resnet,medium,cold,200,2580.52,2580.52,0.0,923.8,1656.72,100
1880,1880,mobilenet,small,warm,200,80.2,80.19,0.01,66.54,13.66,100
1881,1881,resnet,medium,cold,200,1823.72,1823.72,0.01,755.5,1068.22,100
1882,1882,resnet,small,cold,200,2045.17,2045.17,0.01,526.87,1518.3,100
1883,1883,resnet,medium,cold,200,3428.84,3428.84,0.01,911.32,2517.51,100
1884,1884,resnet,medium,cold,200,2617.87,2617.87,0.0,555.26,2062.61,100
1885,1885,resnet,large,cold,200,3044.54,3044.53,0.01,439.03,2605.5,100
1886,1886,mobilenet,small,warm,200,134.53,134.52,0.0,127.06,7.47,100
1887,1887,mobilenet,medium,warm,200,168.05,168.04,0.0,158.36,9.68,100
1888,1888,resnet,medium,warm,200,1407.96,1407.96,0.01,776.18,631.78,100
1889,1889,resnet,large,warm,200,1845.02,1845.02,0.01,1148.57,696.45,100
1890,1890,resnet,large,cold,200,2860.32,2860.31,0.01,753.0,2107.31,100
1891,1891,mobilenet,small,warm,200,136.98,136.97,0.0,122.78,14.19,100
1892,1892,resnet,small,cold,200,1962.78,1962.78,0.01,737.11,1225.66,100
1893,1893,resnet,large,cold,200,2883.44,2883.43,0.01,1168.82,1714.61,100
1894,1894,resnet,large,warm,200,1398.95,1398.94,0.0,792.98,605.96,100
1895,1895,resnet,small,cold,200,1855.09,1855.08,0.0,579.76,1275.32,100
1896,1896,mobilenet,small,warm,200,165.79,165.78,0.0,146.5,19.28,100
1897,1897,resnet,large,cold,200,1917.41,1917.4,0.01,229.69,1687.71,100
1898,1898,resnet,small,cold,200,1768.92,1768.91,0.01,578.28,1190.62,100
1899,1899,mobilenet,small,warm,200,192.04,192.03,0.01,180.39,11.64,100
1900,1900,mobilenet,small,warm,200,202.99,202.99,0.0,188.46,14.53,100
1901,1901,mobilenet,small,warm,200,86.08,86.08,0.0,72.8,13.27,100
1902,1902,mobilenet,medium,warm,200,140.89,140.89,0.0,135.61,5.28,100
1903,1903,mobilenet,medium,warm,200,174.8,174.8,0.0,146.3,28.5,100
1904,1904,mobilenet,medium,warm,200,165.05,165.05,0.0,150.59,14.45,100
1905,1905,resnet,medium,cold,200,1780.45,1780.44,0.01,406.44,1374.01,100
1906,1906,resnet,large,cold,200,1561.04,1561.01,0.03,554.42,1006.6,100
1907,1907,mobilenet,large,warm,200,198.09,198.08,0.01,61.02,137.05,100
1908,1908,mobilenet,small,warm,200,133.53,133.53,0.01,122.71,10.82,100
1909,1909,resnet,medium,cold,200,1799.99,1799.99,0.01,621.33,1178.66,100
1910,1910,resnet,small,cold,200,2834.49,2834.47,0.01,631.02,2203.45,100
1911,1911,resnet,large,cold,200,1819.41,1819.4,0.0,259.82,1559.58,100
1912,1912,resnet,medium,warm,200,1324.17,1324.16,0.01,913.07,411.09,100
1913,1913,mobilenet,medium,warm,200,76.05,76.05,0.0,64.09,11.96,100
1914,1914,mobilenet,medium,warm,200,187.37,187.36,0.01,176.06,11.3,100
1915,1915,mobilenet,medium,warm,200,57.05,57.04,0.01,42.26,14.78,100
1916,1916,mobilenet,small,warm,200,191.84,191.84,0.01,180.84,11.0,100
1917,1917,mobilenet,small,warm,200,106.63,106.63,0.0,89.47,17.16,100
1918,1918,mobilenet,large,warm,200,104.93,104.92,0.01,90.16,14.76,100
1919,1919,mobilenet,medium,warm,200,147.91,147.89,0.01,137.08,10.81,100
1920,1920,resnet,large,cold,200,2312.13,2312.12,0.01,945.14,1366.98,100
1921,1921,mobilenet,large,warm,200,119.05,119.03,0.01,102.57,16.46,100
1922,1922,mobilenet,medium,warm,200,324.21,324.2,0.01,160.67,163.53,100
1923,1923,mobilenet,large,warm,200,102.06,102.05,0.01,94.48,7.57,100
1924,1924,mobilenet,large,warm,200,216.12,216.11,0.01,115.49,100.62,100
1925,1925,mobilenet,small,warm,200,182.95,182.94,0.01,147.95,34.99,100
1926,1926,resnet,large,cold,200,1743.44,1743.43,0.0,567.09,1176.34,100
1927,1927,resnet,large,cold,200,2195.53,2195.53,0.0,643.96,1551.57,100
1928,1928,resnet,medium,cold,200,1581.6,1581.59,0.01,508.31,1073.28,99
1929,1929,resnet,medium,cold,200,1901.34,1901.33,0.0,577.52,1323.82,100
1930,1930,resnet,medium,cold,200,2780.64,2780.64,0.0,630.38,2150.26,100
1931,1931,mobilenet,medium,warm,200,82.34,82.33,0.01,55.36,26.97,100
1932,1932,resnet,large,cold,200,2946.51,2946.51,0.01,457.82,2488.69,100
1933,1933,resnet,large,warm,200,618.67,618.65,0.02,611.97,6.68,100
1934,1934,mobilenet,small,warm,200,206.29,206.28,0.01,185.09,21.19,100
1935,1935,resnet,large,cold,200,3301.36,3301.35,0.01,569.66,2731.69,100
1936,1936,resnet,medium,cold,200,1885.59,1885.59,0.01,298.61,1586.98,100
1937,1937,mobilenet,medium,warm,200,80.49,80.48,0.0,51.18,29.31,100
1938,1938,mobilenet,medium,warm,200,87.11,87.11,0.01,79.52,7.59,100
1939,1939,resnet,large,warm,200,1209.84,1209.83,0.01,651.95,557.87,100
1940,1940,resnet,medium,cold,200,1973.55,1973.54,0.0,657.27,1316.27,100
1941,1941,resnet,large,cold,200,2510.81,2510.8,0.01,1071.61,1439.19,100
1942,1942,resnet,small,cold,200,1891.24,1891.24,0.01,640.82,1250.42,100
1943,1943,mobilenet,large,warm,200,207.87,207.86,0.01,104.82,103.04,100
1944,1944,mobilenet,small,warm,200,198.78,198.77,0.01,182.38,16.39,100
1945,1945,resnet,large,cold,200,2040.7,2040.7,0.01,753.23,1287.47,100
1946,1946,resnet,large,cold,200,2180.67,2180.66,0.01,767.71,1412.94,100
1947,1947,mobilenet,large,warm,200,160.23,160.22,0.01,150.65,9.57,100
1948,1948,mobilenet,large,warm,200,221.47,221.45,0.02,161.75,59.71,100
1949,1949,resnet,medium,cold,200,3027.09,3027.09,0.0,311.89,2715.19,100
1950,1950,resnet,medium,cold,200,2995.45,2995.45,0.01,459.84,2535.61,100
1951,1951,resnet,medium,warm,200,1351.75,1351.75,0.0,467.44,884.31,100
1952,1952,mobilenet,large,warm,200,190.11,190.1,0.01,173.9,16.2,100
1953,1953,mobilenet,medium,warm,200,212.75,212.74,0.01,194.4,18.34,100
1954,1954,mobilenet,large,warm,200,232.92,232.91,0.01,212.9,20.01,100
1955,1955,resnet,large,cold,200,2006.16,2006.15,0.01,651.26,1354.9,100
1956,1956,resnet,large,cold,200,2098.47,2098.45,0.01,624.62,1473.83,100
1957,1957,resnet,small,cold,200,2025.8,2025.79,0.01,798.05,1227.74,100
1958,1958,mobilenet,medium,warm,200,220.26,220.24,0.02,203.83,16.41,100
1959,1959,mobilenet,medium,warm,200,171.73,171.72,0.02,161.34,10.38,100
1960,1960,mobilenet,large,warm,200,200.35,200.33,0.02,183.58,16.75,100
1961,1961,resnet,large,cold,200,3022.55,3022.54,0.01,438.0,2584.54,100
1962,1962,mobilenet,large,warm,200,147.79,147.77,0.02,113.49,34.28,100
1963,1963,resnet,large,warm,200,1636.49,1636.49,0.0,709.72,926.78,100
1964,1964,mobilenet,small,warm,200,276.3,276.29,0.01,264.94,11.35,100
1965,1965,resnet,small,cold,200,3383.49,3383.48,0.01,393.77,2989.71,100
1966,1966,resnet,medium,cold,200,2065.14,2065.13,0.02,146.36,1918.76,100
1967,1967,resnet,medium,cold,200,2218.68,2218.68,0.0,545.83,1672.85,100
1968,1968,resnet,large,cold,200,2277.2,2277.2,0.0,253.54,2023.65,100
1969,1969,resnet,medium,cold,200,2090.67,2090.67,0.01,660.87,1429.8,100
1970,1970,mobilenet,medium,warm,200,195.14,195.13,0.01,179.23,15.89,100
1971,1971,mobilenet,large,warm,200,435.38,435.36,0.02,266.1,169.26,100
1972,1972,mobilenet,medium,warm,200,213.38,213.37,0.01,198.14,15.23,100
1973,1973,mobilenet,large,warm,200,180.9,180.89,0.01,152.23,28.66,100
1974,1974,mobilenet,large,warm,200,163.9,163.88,0.02,148.66,15.22,100
1975,1975,resnet,large,cold,200,2122.78,2122.77,0.01,635.53,1487.24,100
1976,1976,resnet,medium,warm,200,1108.74,1108.74,0.0,370.73,738.01,99
1977,1977,mobilenet,small,warm,200,163.84,163.83,0.01,154.01,9.82,100
1978,1978,mobilenet,small,warm,200,267.73,267.71,0.01,167.87,99.84,100
1979,1979,resnet,medium,cold,200,2111.7,2111.69,0.0,527.93,1583.76,100
1980,1980,resnet,small,cold,200,1642.15,1642.14,0.01,555.24,1086.9,100
1981,1981,resnet,large,error,502,1027.7,1027.7,0.0,,,100
1982,1982,mobilenet,small,warm,200,132.58,132.57,0.0,118.58,14.0,100
1983,1983,resnet,medium,cold,200,2074.12,2074.12,0.01,213.5,1860.62,100
1984,1984,mobilenet,medium,warm,200,166.53,166.52,0.01,60.72,105.8,100
1985,1985,mobilenet,small,warm,200,276.29,276.29,0.01,60.65,215.64,100
1986,1986,resnet,medium,cold,200,1628.5,1628.49,0.01,337.24,1291.25,100
1987,1987,mobilenet,small,warm,200,167.86,167.84,0.02,146.06,21.78,100
1988,1988,mobilenet,medium,warm,200,84.78,84.78,0.0,74.0,10.78,100
1989,1989,mobilenet,small,warm,200,190.78,190.73,0.05,182.07,8.67,100
1990,1990,resnet,large,cold,200,2068.26,2068.26,0.01,139.69,1928.56,100
1991,1991,resnet,medium,cold,200,1704.06,1704.05,0.02,159.3,1544.75,100
1992,1992,resnet,medium,warm,200,1274.63,1274.62,0.01,331.46,943.16,100
1993,1993,resnet,small,cold,200,1766.07,1766.07,0.0,332.16,1433.91,100
1994,1994,mobilenet,large,warm,200,172.37,172.36,0.01,150.35,22.01,100
1995,1995,mobilenet,large,warm,200,281.3,281.29,0.01,202.02,79.27,100
1996,1996,resnet,small,cold,200,1933.48,1933.47,0.01,202.55,1730.92,100
1997,1997,resnet,large,cold,200,2224.54,2224.54,0.0,668.14,1556.39,100
1998,1998,mobilenet,small,warm,200,164.77,164.77,0.01,141.27,23.5,100
1999,1999,mobilenet,large,warm,200,149.6,149.59,0.01,137.95,11.64,100
