2026/06/02 16:08:07 Registering 4 clients
2026/06/02 16:08:07 Registering 5 informer factories
2026/06/02 16:08:07 Registering 5 informers
2026/06/02 16:08:07 Registering 1 filtered informers
2026/06/02 16:08:07 Registering 2 controllers
{"severity":"INFO","timestamp":"2026-06-02T16:08:07.194736702Z","caller":"logging/config.go:80","message":"Unable to read vcs.revision from binary"}
{"severity":"INFO","timestamp":"2026-06-02T16:08:07.203956878Z","logger":"autoscaler","caller":"kpa/controller.go:75","message":"Setting up ConfigMap receivers"}
{"severity":"INFO","timestamp":"2026-06-02T16:08:07.204132619Z","logger":"autoscaler","caller":"kpa/controller.go:89","message":"Setting up KPA-Class event handlers"}
I0602 16:08:07.308335       1 warnings.go:110] "Warning: v1 Endpoints is deprecated in v1.33+; use discovery.k8s.io/v1 EndpointSlice"
I0602 16:08:07.315329       1 warnings.go:110] "Warning: v1 Endpoints is deprecated in v1.33+; use discovery.k8s.io/v1 EndpointSlice"
{"severity":"INFO","timestamp":"2026-06-02T16:08:07.408209754Z","logger":"autoscaler","caller":"autoscaler/main.go:193","message":"Running with Standard leader election"}
{"severity":"INFO","timestamp":"2026-06-02T16:08:07.408407161Z","logger":"autoscaler","caller":"leaderelection/context.go:147","message":"autoscaler-bucket-00-of-01 will run in leader-elected mode with id \"autoscaler-598cd77f7f-bxdls_10.42.6.52\""}
{"severity":"INFO","timestamp":"2026-06-02T16:08:07.40849142Z","logger":"autoscaler","caller":"controller/controller.go:474","message":"Starting controller and workers","knative.dev/controller":"knative.dev.serving.pkg.reconciler.metric.reconciler","knative.dev/kind":"autoscaling.internal.knative.dev.Metric","threadiness":2}
{"severity":"INFO","timestamp":"2026-06-02T16:08:07.408504068Z","logger":"autoscaler","caller":"controller/controller.go:484","message":"Started workers","knative.dev/controller":"knative.dev.serving.pkg.reconciler.metric.reconciler","knative.dev/kind":"autoscaling.internal.knative.dev.Metric"}
I0602 16:08:07.408675       1 leaderelection.go:257] attempting to acquire leader lease knative-serving/autoscaler-bucket-00-of-01...
{"severity":"INFO","timestamp":"2026-06-02T16:08:07.408869568Z","logger":"autoscaler.stats-websocket-server","caller":"statserver/server.go:98","message":"Starting","address":":8080"}
{"severity":"INFO","timestamp":"2026-06-02T16:08:07.416063524Z","logger":"autoscaler","caller":"controller/controller.go:474","message":"Starting controller and workers","knative.dev/controller":"knative.dev.serving.pkg.reconciler.autoscaling.kpa.Reconciler","knative.dev/kind":"autoscaling.internal.knative.dev.PodAutoscaler","threadiness":2}
{"severity":"INFO","timestamp":"2026-06-02T16:08:07.416098357Z","logger":"autoscaler","caller":"controller/controller.go:484","message":"Started workers","knative.dev/controller":"knative.dev.serving.pkg.reconciler.autoscaling.kpa.Reconciler","knative.dev/kind":"autoscaling.internal.knative.dev.PodAutoscaler"}
I0602 16:08:07.420096       1 leaderelection.go:271] successfully acquired lease knative-serving/autoscaler-bucket-00-of-01
{"severity":"INFO","timestamp":"2026-06-02T16:08:07.420375001Z","logger":"autoscaler","caller":"leaderelection/context.go:156","message":"\"autoscaler-598cd77f7f-bxdls_10.42.6.52\" has started leading \"autoscaler-bucket-00-of-01\""}
{"severity":"INFO","timestamp":"2026-06-02T16:08:07.420614205Z","logger":"autoscaler","caller":"controller/controller.go:530","message":"Reconcile succeeded","knative.dev/controller":"knative.dev.serving.pkg.reconciler.metric.reconciler","knative.dev/kind":"autoscaling.internal.knative.dev.Metric","knative.dev/traceid":"46fe8554-315a-4800-a8c0-c66677813b96","knative.dev/key":"default/linpack-00001","duration":"117.481µs"}
{"severity":"INFO","timestamp":"2026-06-02T16:08:07.420768612Z","logger":"autoscaler","caller":"controller/controller.go:530","message":"Reconcile succeeded","knative.dev/controller":"knative.dev.serving.pkg.reconciler.metric.reconciler","knative.dev/kind":"autoscaling.internal.knative.dev.Metric","knative.dev/traceid":"e802dd29-66a2-4d22-8871-5b29d4c8d926","knative.dev/key":"default/matrixmul-00001","duration":"64.815µs"}
{"severity":"INFO","timestamp":"2026-06-02T16:08:07.421193575Z","logger":"autoscaler","caller":"kpa/kpa.go:193","message":"SKS should be in Proxy mode: want = -1, ebc = -206, #act's = 3 PA Inactive? = true","knative.dev/controller":"knative.dev.serving.pkg.reconciler.autoscaling.kpa.Reconciler","knative.dev/kind":"autoscaling.internal.knative.dev.PodAutoscaler","knative.dev/traceid":"1f0789e2-0df2-4206-b9f4-76f0a47f265e","knative.dev/key":"default/linpack-00001"}
{"severity":"INFO","timestamp":"2026-06-02T16:08:07.421241167Z","logger":"autoscaler","caller":"kpa/kpa.go:221","message":"KPA Scale decision for revision default/linpack-00001: currentPods=0, calculatedWant=-1, desiredPods=-1, excessBurstCapacity=-206","knative.dev/controller":"knative.dev.serving.pkg.reconciler.autoscaling.kpa.Reconciler","knative.dev/kind":"autoscaling.internal.knative.dev.PodAutoscaler","knative.dev/traceid":"1f0789e2-0df2-4206-b9f4-76f0a47f265e","knative.dev/key":"default/linpack-00001"}
{"severity":"INFO","timestamp":"2026-06-02T16:08:07.421259519Z","logger":"autoscaler","caller":"kpa/kpa.go:239","message":"Observed pod counts=kpa.podCounts{want:-1, ready:0, notReady:0, pending:0, terminating:0}","knative.dev/controller":"knative.dev.serving.pkg.reconciler.autoscaling.kpa.Reconciler","knative.dev/kind":"autoscaling.internal.knative.dev.PodAutoscaler","knative.dev/traceid":"1f0789e2-0df2-4206-b9f4-76f0a47f265e","knative.dev/key":"default/linpack-00001"}
{"severity":"INFO","timestamp":"2026-06-02T16:08:07.421347186Z","logger":"autoscaler","caller":"kpa/kpa.go:298","message":"KPA Status for revision default/linpack-00001 after reconcile: currentPods=0, desiredPods=-1, conditions=[Active=False Ready=False SKSReady=Unknown ScaleTargetInitialized=True]","knative.dev/controller":"knative.dev.serving.pkg.reconciler.autoscaling.kpa.Reconciler","knative.dev/kind":"autoscaling.internal.knative.dev.PodAutoscaler","knative.dev/traceid":"1f0789e2-0df2-4206-b9f4-76f0a47f265e","knative.dev/key":"default/linpack-00001"}
{"severity":"INFO","timestamp":"2026-06-02T16:08:07.421404408Z","logger":"autoscaler","caller":"kpa/kpa.go:242","message":"Cold start final  took: 480.222µs","knative.dev/controller":"knative.dev.serving.pkg.reconciler.autoscaling.kpa.Reconciler","knative.dev/kind":"autoscaling.internal.knative.dev.PodAutoscaler","knative.dev/traceid":"1f0789e2-0df2-4206-b9f4-76f0a47f265e","knative.dev/key":"default/linpack-00001"}
{"severity":"INFO","timestamp":"2026-06-02T16:08:07.421437945Z","logger":"autoscaler","caller":"controller/controller.go:530","message":"Reconcile succeeded","knative.dev/controller":"knative.dev.serving.pkg.reconciler.autoscaling.kpa.Reconciler","knative.dev/kind":"autoscaling.internal.knative.dev.PodAutoscaler","knative.dev/traceid":"1f0789e2-0df2-4206-b9f4-76f0a47f265e","knative.dev/key":"default/linpack-00001","duration":"586.888µs"}
{"severity":"INFO","timestamp":"2026-06-02T16:08:07.421808259Z","logger":"autoscaler","caller":"kpa/kpa.go:193","message":"SKS should be in Proxy mode: want = -1, ebc = -206, #act's = 3 PA Inactive? = true","knative.dev/controller":"knative.dev.serving.pkg.reconciler.autoscaling.kpa.Reconciler","knative.dev/kind":"autoscaling.internal.knative.dev.PodAutoscaler","knative.dev/traceid":"78a480c7-6074-40dd-a52b-bb80a0242d60","knative.dev/key":"default/matrixmul-00001"}
{"severity":"INFO","timestamp":"2026-06-02T16:08:07.421865222Z","logger":"autoscaler","caller":"kpa/kpa.go:221","message":"KPA Scale decision for revision default/matrixmul-00001: currentPods=0, calculatedWant=-1, desiredPods=-1, excessBurstCapacity=-206","knative.dev/controller":"knative.dev.serving.pkg.reconciler.autoscaling.kpa.Reconciler","knative.dev/kind":"autoscaling.internal.knative.dev.PodAutoscaler","knative.dev/traceid":"78a480c7-6074-40dd-a52b-bb80a0242d60","knative.dev/key":"default/matrixmul-00001"}
{"severity":"INFO","timestamp":"2026-06-02T16:08:07.421881018Z","logger":"autoscaler","caller":"kpa/kpa.go:239","message":"Observed pod counts=kpa.podCounts{want:-1, ready:0, notReady:0, pending:0, terminating:0}","knative.dev/controller":"knative.dev.serving.pkg.reconciler.autoscaling.kpa.Reconciler","knative.dev/kind":"autoscaling.internal.knative.dev.PodAutoscaler","knative.dev/traceid":"78a480c7-6074-40dd-a52b-bb80a0242d60","knative.dev/key":"default/matrixmul-00001"}
{"severity":"INFO","timestamp":"2026-06-02T16:08:07.421895296Z","logger":"autoscaler","caller":"kpa/kpa.go:298","message":"KPA Status for revision default/matrixmul-00001 after reconcile: currentPods=0, desiredPods=-1, conditions=[Active=False Ready=False SKSReady=Unknown ScaleTargetInitialized=True]","knative.dev/controller":"knative.dev.serving.pkg.reconciler.autoscaling.kpa.Reconciler","knative.dev/kind":"autoscaling.internal.knative.dev.PodAutoscaler","knative.dev/traceid":"78a480c7-6074-40dd-a52b-bb80a0242d60","knative.dev/key":"default/matrixmul-00001"}
{"severity":"INFO","timestamp":"2026-06-02T16:08:07.421929574Z","logger":"autoscaler","caller":"kpa/kpa.go:242","message":"Cold start final  took: 371.518µs","knative.dev/controller":"knative.dev.serving.pkg.reconciler.autoscaling.kpa.Reconciler","knative.dev/kind":"autoscaling.internal.knative.dev.PodAutoscaler","knative.dev/traceid":"78a480c7-6074-40dd-a52b-bb80a0242d60","knative.dev/key":"default/matrixmul-00001"}
{"severity":"INFO","timestamp":"2026-06-02T16:08:07.421962129Z","logger":"autoscaler","caller":"controller/controller.go:530","message":"Reconcile succeeded","knative.dev/controller":"knative.dev.serving.pkg.reconciler.autoscaling.kpa.Reconciler","knative.dev/kind":"autoscaling.internal.knative.dev.PodAutoscaler","knative.dev/traceid":"78a480c7-6074-40dd-a52b-bb80a0242d60","knative.dev/key":"default/matrixmul-00001","duration":"441.018µs"}
{"severity":"INFO","timestamp":"2026-06-02T16:08:07.422092185Z","logger":"autoscaler","caller":"controller/controller.go:530","message":"Reconcile succeeded","knative.dev/controller":"knative.dev.serving.pkg.reconciler.metric.reconciler","knative.dev/kind":"autoscaling.internal.knative.dev.Metric","knative.dev/traceid":"0adbd0ab-3519-4993-ab96-3783c5499728","knative.dev/key":"default/fastfouriertransform-00001","duration":"56.889µs"}
{"severity":"INFO","timestamp":"2026-06-02T16:08:07.422229185Z","logger":"autoscaler","caller":"controller/controller.go:530","message":"Reconcile succeeded","knative.dev/controller":"knative.dev.serving.pkg.reconciler.metric.reconciler","knative.dev/kind":"autoscaling.internal.knative.dev.Metric","knative.dev/traceid":"8090e5da-6615-454d-a1e2-f59911663c79","knative.dev/key":"default/fetchdata-00001","duration":"53.482µs"}
{"severity":"INFO","timestamp":"2026-06-02T16:08:07.422534092Z","logger":"autoscaler","caller":"kpa/kpa.go:193","message":"SKS should be in Proxy mode: want = -1, ebc = -206, #act's = 3 PA Inactive? = true","knative.dev/controller":"knative.dev.serving.pkg.reconciler.autoscaling.kpa.Reconciler","knative.dev/kind":"autoscaling.internal.knative.dev.PodAutoscaler","knative.dev/traceid":"afda9691-360d-4422-9e83-14df4486a35f","knative.dev/key":"default/fastfouriertransform-00001"}
{"severity":"INFO","timestamp":"2026-06-02T16:08:07.422561129Z","logger":"autoscaler","caller":"kpa/kpa.go:221","message":"KPA Scale decision for revision default/fastfouriertransform-00001: currentPods=0, calculatedWant=-1, desiredPods=-1, excessBurstCapacity=-206","knative.dev/controller":"knative.dev.serving.pkg.reconciler.autoscaling.kpa.Reconciler","knative.dev/kind":"autoscaling.internal.knative.dev.PodAutoscaler","knative.dev/traceid":"afda9691-360d-4422-9e83-14df4486a35f","knative.dev/key":"default/fastfouriertransform-00001"}
{"severity":"INFO","timestamp":"2026-06-02T16:08:07.42257311Z","logger":"autoscaler","caller":"kpa/kpa.go:239","message":"Observed pod counts=kpa.podCounts{want:-1, ready:0, notReady:0, pending:0, terminating:0}","knative.dev/controller":"knative.dev.serving.pkg.reconciler.autoscaling.kpa.Reconciler","knative.dev/kind":"autoscaling.internal.knative.dev.PodAutoscaler","knative.dev/traceid":"afda9691-360d-4422-9e83-14df4486a35f","knative.dev/key":"default/fastfouriertransform-00001"}
{"severity":"INFO","timestamp":"2026-06-02T16:08:07.422587036Z","logger":"autoscaler","caller":"kpa/kpa.go:298","message":"KPA Status for revision default/fastfouriertransform-00001 after reconcile: currentPods=0, desiredPods=-1, conditions=[Active=False Ready=False SKSReady=Unknown ScaleTargetInitialized=True]","knative.dev/controller":"knative.dev.serving.pkg.reconciler.autoscaling.kpa.Reconciler","knative.dev/kind":"autoscaling.internal.knative.dev.PodAutoscaler","knative.dev/traceid":"afda9691-360d-4422-9e83-14df4486a35f","knative.dev/key":"default/fastfouriertransform-00001"}
{"severity":"INFO","timestamp":"2026-06-02T16:08:07.42260261Z","logger":"autoscaler","caller":"kpa/kpa.go:242","message":"Cold start final  took: 297.148µs","knative.dev/controller":"knative.dev.serving.pkg.reconciler.autoscaling.kpa.Reconciler","knative.dev/kind":"autoscaling.internal.knative.dev.PodAutoscaler","knative.dev/traceid":"afda9691-360d-4422-9e83-14df4486a35f","knative.dev/key":"default/fastfouriertransform-00001"}
{"severity":"INFO","timestamp":"2026-06-02T16:08:07.422628147Z","logger":"autoscaler","caller":"controller/controller.go:530","message":"Reconcile succeeded","knative.dev/controller":"knative.dev.serving.pkg.reconciler.autoscaling.kpa.Reconciler","knative.dev/kind":"autoscaling.internal.knative.dev.PodAutoscaler","knative.dev/traceid":"afda9691-360d-4422-9e83-14df4486a35f","knative.dev/key":"default/fastfouriertransform-00001","duration":"360.148µs"}
{"severity":"INFO","timestamp":"2026-06-02T16:08:07.422903147Z","logger":"autoscaler","caller":"kpa/kpa.go:193","message":"SKS should be in Proxy mode: want = -1, ebc = -206, #act's = 3 PA Inactive? = true","knative.dev/controller":"knative.dev.serving.pkg.reconciler.autoscaling.kpa.Reconciler","knative.dev/kind":"autoscaling.internal.knative.dev.PodAutoscaler","knative.dev/traceid":"b07e8f5f-154e-456a-a7ad-36e8960dffa9","knative.dev/key":"default/fetchdata-00001"}
{"severity":"INFO","timestamp":"2026-06-02T16:08:07.422925758Z","logger":"autoscaler","caller":"kpa/kpa.go:221","message":"KPA Scale decision for revision default/fetchdata-00001: currentPods=0, calculatedWant=-1, desiredPods=-1, excessBurstCapacity=-206","knative.dev/controller":"knative.dev.serving.pkg.reconciler.autoscaling.kpa.Reconciler","knative.dev/kind":"autoscaling.internal.knative.dev.PodAutoscaler","knative.dev/traceid":"b07e8f5f-154e-456a-a7ad-36e8960dffa9","knative.dev/key":"default/fetchdata-00001"}
{"severity":"INFO","timestamp":"2026-06-02T16:08:07.422937314Z","logger":"autoscaler","caller":"kpa/kpa.go:239","message":"Observed pod counts=kpa.podCounts{want:-1, ready:0, notReady:0, pending:0, terminating:0}","knative.dev/controller":"knative.dev.serving.pkg.reconciler.autoscaling.kpa.Reconciler","knative.dev/kind":"autoscaling.internal.knative.dev.PodAutoscaler","knative.dev/traceid":"b07e8f5f-154e-456a-a7ad-36e8960dffa9","knative.dev/key":"default/fetchdata-00001"}
{"severity":"INFO","timestamp":"2026-06-02T16:08:07.422950666Z","logger":"autoscaler","caller":"kpa/kpa.go:298","message":"KPA Status for revision default/fetchdata-00001 after reconcile: currentPods=0, desiredPods=-1, conditions=[Active=False Ready=False SKSReady=Unknown ScaleTargetInitialized=True]","knative.dev/controller":"knative.dev.serving.pkg.reconciler.autoscaling.kpa.Reconciler","knative.dev/kind":"autoscaling.internal.knative.dev.PodAutoscaler","knative.dev/traceid":"b07e8f5f-154e-456a-a7ad-36e8960dffa9","knative.dev/key":"default/fetchdata-00001"}
{"severity":"INFO","timestamp":"2026-06-02T16:08:07.42296561Z","logger":"autoscaler","caller":"kpa/kpa.go:242","message":"Cold start final  took: 275.74µs","knative.dev/controller":"knative.dev.serving.pkg.reconciler.autoscaling.kpa.Reconciler","knative.dev/kind":"autoscaling.internal.knative.dev.PodAutoscaler","knative.dev/traceid":"b07e8f5f-154e-456a-a7ad-36e8960dffa9","knative.dev/key":"default/fetchdata-00001"}
{"severity":"INFO","timestamp":"2026-06-02T16:08:07.422992295Z","logger":"autoscaler","caller":"controller/controller.go:530","message":"Reconcile succeeded","knative.dev/controller":"knative.dev.serving.pkg.reconciler.autoscaling.kpa.Reconciler","knative.dev/kind":"autoscaling.internal.knative.dev.PodAutoscaler","knative.dev/traceid":"b07e8f5f-154e-456a-a7ad-36e8960dffa9","knative.dev/key":"default/fetchdata-00001","duration":"350.111µs"}
{"severity":"INFO","timestamp":"2026-06-02T16:08:07.423042795Z","logger":"autoscaler","caller":"controller/controller.go:530","message":"Reconcile succeeded","knative.dev/controller":"knative.dev.serving.pkg.reconciler.metric.reconciler","knative.dev/kind":"autoscaling.internal.knative.dev.Metric","knative.dev/traceid":"47de66ed-c3af-443e-bf26-1a9d4e86a07b","knative.dev/key":"default/genmatrix-00001","duration":"29.352µs"}
{"severity":"INFO","timestamp":"2026-06-02T16:08:07.423301536Z","logger":"autoscaler","caller":"kpa/kpa.go:193","message":"SKS should be in Proxy mode: want = -1, ebc = -206, #act's = 3 PA Inactive? = true","knative.dev/controller":"knative.dev.serving.pkg.reconciler.autoscaling.kpa.Reconciler","knative.dev/kind":"autoscaling.internal.knative.dev.PodAutoscaler","knative.dev/traceid":"caf6e1fe-f917-4547-b9b3-e5965a883bbb","knative.dev/key":"default/genmatrix-00001"}
{"severity":"INFO","timestamp":"2026-06-02T16:08:07.423324147Z","logger":"autoscaler","caller":"kpa/kpa.go:221","message":"KPA Scale decision for revision default/genmatrix-00001: currentPods=0, calculatedWant=-1, desiredPods=-1, excessBurstCapacity=-206","knative.dev/controller":"knative.dev.serving.pkg.reconciler.autoscaling.kpa.Reconciler","knative.dev/kind":"autoscaling.internal.knative.dev.PodAutoscaler","knative.dev/traceid":"caf6e1fe-f917-4547-b9b3-e5965a883bbb","knative.dev/key":"default/genmatrix-00001"}
{"severity":"INFO","timestamp":"2026-06-02T16:08:07.423335554Z","logger":"autoscaler","caller":"kpa/kpa.go:239","message":"Observed pod counts=kpa.podCounts{want:-1, ready:0, notReady:0, pending:0, terminating:0}","knative.dev/controller":"knative.dev.serving.pkg.reconciler.autoscaling.kpa.Reconciler","knative.dev/kind":"autoscaling.internal.knative.dev.PodAutoscaler","knative.dev/traceid":"caf6e1fe-f917-4547-b9b3-e5965a883bbb","knative.dev/key":"default/genmatrix-00001"}
{"severity":"INFO","timestamp":"2026-06-02T16:08:07.423348887Z","logger":"autoscaler","caller":"kpa/kpa.go:298","message":"KPA Status for revision default/genmatrix-00001 after reconcile: currentPods=0, desiredPods=-1, conditions=[Active=False Ready=False SKSReady=Unknown ScaleTargetInitialized=True]","knative.dev/controller":"knative.dev.serving.pkg.reconciler.autoscaling.kpa.Reconciler","knative.dev/kind":"autoscaling.internal.knative.dev.PodAutoscaler","knative.dev/traceid":"caf6e1fe-f917-4547-b9b3-e5965a883bbb","knative.dev/key":"default/genmatrix-00001"}
{"severity":"INFO","timestamp":"2026-06-02T16:08:07.423365017Z","logger":"autoscaler","caller":"kpa/kpa.go:242","message":"Cold start final  took: 271.963µs","knative.dev/controller":"knative.dev.serving.pkg.reconciler.autoscaling.kpa.Reconciler","knative.dev/kind":"autoscaling.internal.knative.dev.PodAutoscaler","knative.dev/traceid":"caf6e1fe-f917-4547-b9b3-e5965a883bbb","knative.dev/key":"default/genmatrix-00001"}
{"severity":"INFO","timestamp":"2026-06-02T16:08:07.423390906Z","logger":"autoscaler","caller":"controller/controller.go:530","message":"Reconcile succeeded","knative.dev/controller":"knative.dev.serving.pkg.reconciler.autoscaling.kpa.Reconciler","knative.dev/kind":"autoscaling.internal.knative.dev.PodAutoscaler","knative.dev/traceid":"caf6e1fe-f917-4547-b9b3-e5965a883bbb","knative.dev/key":"default/genmatrix-00001","duration":"324.444µs"}
{"severity":"INFO","timestamp":"2026-06-02T16:08:07.432685804Z","logger":"autoscaler","caller":"statforwarder/leases.go:196","message":"Created Service for Lease knative-serving/autoscaler-bucket-00-of-01"}
I0602 16:08:07.435874       1 warnings.go:110] "Warning: v1 Endpoints is deprecated in v1.33+; use discovery.k8s.io/v1 EndpointSlice"
{"severity":"INFO","timestamp":"2026-06-02T16:08:07.435984505Z","logger":"autoscaler","caller":"statforwarder/leases.go:276","message":"Bucket Endpoints autoscaler-bucket-00-of-01 updated with IP 10.42.6.52"}
{"severity":"INFO","timestamp":"2026-06-02T16:08:07.436041505Z","logger":"autoscaler","caller":"statforwarder/leases.go:202","message":"Created Endpoints for Lease knative-serving/autoscaler-bucket-00-of-01"}
I0602 16:17:15.312659       1 warnings.go:110] "Warning: v1 Endpoints is deprecated in v1.33+; use discovery.k8s.io/v1 EndpointSlice"
I0602 16:24:07.315584       1 warnings.go:110] "Warning: v1 Endpoints is deprecated in v1.33+; use discovery.k8s.io/v1 EndpointSlice"
I0602 16:30:31.318284       1 warnings.go:110] "Warning: v1 Endpoints is deprecated in v1.33+; use discovery.k8s.io/v1 EndpointSlice"
I0602 16:36:40.321013       1 warnings.go:110] "Warning: v1 Endpoints is deprecated in v1.33+; use discovery.k8s.io/v1 EndpointSlice"
I0602 16:42:29.324235       1 warnings.go:110] "Warning: v1 Endpoints is deprecated in v1.33+; use discovery.k8s.io/v1 EndpointSlice"
I0602 16:51:31.327501       1 warnings.go:110] "Warning: v1 Endpoints is deprecated in v1.33+; use discovery.k8s.io/v1 EndpointSlice"
I0602 16:56:56.329193       1 warnings.go:110] "Warning: v1 Endpoints is deprecated in v1.33+; use discovery.k8s.io/v1 EndpointSlice"
I0602 17:02:24.331204       1 warnings.go:110] "Warning: v1 Endpoints is deprecated in v1.33+; use discovery.k8s.io/v1 EndpointSlice"
I0602 17:11:48.334588       1 warnings.go:110] "Warning: v1 Endpoints is deprecated in v1.33+; use discovery.k8s.io/v1 EndpointSlice"
I0602 17:21:33.338399       1 warnings.go:110] "Warning: v1 Endpoints is deprecated in v1.33+; use discovery.k8s.io/v1 EndpointSlice"
I0602 17:27:32.340416       1 warnings.go:110] "Warning: v1 Endpoints is deprecated in v1.33+; use discovery.k8s.io/v1 EndpointSlice"
I0602 17:37:05.343120       1 warnings.go:110] "Warning: v1 Endpoints is deprecated in v1.33+; use discovery.k8s.io/v1 EndpointSlice"
I0602 17:43:49.346949       1 warnings.go:110] "Warning: v1 Endpoints is deprecated in v1.33+; use discovery.k8s.io/v1 EndpointSlice"
I0602 17:52:24.349105       1 warnings.go:110] "Warning: v1 Endpoints is deprecated in v1.33+; use discovery.k8s.io/v1 EndpointSlice"
I0602 18:01:02.353512       1 warnings.go:110] "Warning: v1 Endpoints is deprecated in v1.33+; use discovery.k8s.io/v1 EndpointSlice"
I0602 18:09:12.356910       1 warnings.go:110] "Warning: v1 Endpoints is deprecated in v1.33+; use discovery.k8s.io/v1 EndpointSlice"
I0602 18:18:28.359849       1 warnings.go:110] "Warning: v1 Endpoints is deprecated in v1.33+; use discovery.k8s.io/v1 EndpointSlice"
I0602 18:24:43.362250       1 warnings.go:110] "Warning: v1 Endpoints is deprecated in v1.33+; use discovery.k8s.io/v1 EndpointSlice"
I0602 18:32:53.365091       1 warnings.go:110] "Warning: v1 Endpoints is deprecated in v1.33+; use discovery.k8s.io/v1 EndpointSlice"
I0602 18:40:16.367876       1 warnings.go:110] "Warning: v1 Endpoints is deprecated in v1.33+; use discovery.k8s.io/v1 EndpointSlice"
I0602 18:46:46.370380       1 warnings.go:110] "Warning: v1 Endpoints is deprecated in v1.33+; use discovery.k8s.io/v1 EndpointSlice"
I0602 18:54:08.373284       1 warnings.go:110] "Warning: v1 Endpoints is deprecated in v1.33+; use discovery.k8s.io/v1 EndpointSlice"
I0602 19:01:42.376283       1 warnings.go:110] "Warning: v1 Endpoints is deprecated in v1.33+; use discovery.k8s.io/v1 EndpointSlice"
I0602 19:07:42.378760       1 warnings.go:110] "Warning: v1 Endpoints is deprecated in v1.33+; use discovery.k8s.io/v1 EndpointSlice"
I0602 19:13:35.381585       1 warnings.go:110] "Warning: v1 Endpoints is deprecated in v1.33+; use discovery.k8s.io/v1 EndpointSlice"
I0602 19:21:54.384453       1 warnings.go:110] "Warning: v1 Endpoints is deprecated in v1.33+; use discovery.k8s.io/v1 EndpointSlice"
I0602 19:31:14.387270       1 warnings.go:110] "Warning: v1 Endpoints is deprecated in v1.33+; use discovery.k8s.io/v1 EndpointSlice"
I0602 19:39:57.389985       1 warnings.go:110] "Warning: v1 Endpoints is deprecated in v1.33+; use discovery.k8s.io/v1 EndpointSlice"
I0602 19:49:24.393894       1 warnings.go:110] "Warning: v1 Endpoints is deprecated in v1.33+; use discovery.k8s.io/v1 EndpointSlice"
I0602 19:58:37.395968       1 warnings.go:110] "Warning: v1 Endpoints is deprecated in v1.33+; use discovery.k8s.io/v1 EndpointSlice"
I0602 20:07:41.399551       1 warnings.go:110] "Warning: v1 Endpoints is deprecated in v1.33+; use discovery.k8s.io/v1 EndpointSlice"
I0602 20:15:17.402672       1 warnings.go:110] "Warning: v1 Endpoints is deprecated in v1.33+; use discovery.k8s.io/v1 EndpointSlice"
I0602 20:21:51.405653       1 warnings.go:110] "Warning: v1 Endpoints is deprecated in v1.33+; use discovery.k8s.io/v1 EndpointSlice"
I0602 20:29:45.409755       1 warnings.go:110] "Warning: v1 Endpoints is deprecated in v1.33+; use discovery.k8s.io/v1 EndpointSlice"
I0602 20:38:11.412405       1 warnings.go:110] "Warning: v1 Endpoints is deprecated in v1.33+; use discovery.k8s.io/v1 EndpointSlice"
I0602 20:45:39.414285       1 warnings.go:110] "Warning: v1 Endpoints is deprecated in v1.33+; use discovery.k8s.io/v1 EndpointSlice"
I0602 20:52:29.417539       1 warnings.go:110] "Warning: v1 Endpoints is deprecated in v1.33+; use discovery.k8s.io/v1 EndpointSlice"
I0602 20:57:39.421171       1 warnings.go:110] "Warning: v1 Endpoints is deprecated in v1.33+; use discovery.k8s.io/v1 EndpointSlice"
I0602 21:06:50.423284       1 warnings.go:110] "Warning: v1 Endpoints is deprecated in v1.33+; use discovery.k8s.io/v1 EndpointSlice"
I0602 21:16:28.425551       1 warnings.go:110] "Warning: v1 Endpoints is deprecated in v1.33+; use discovery.k8s.io/v1 EndpointSlice"
I0602 21:26:09.429013       1 warnings.go:110] "Warning: v1 Endpoints is deprecated in v1.33+; use discovery.k8s.io/v1 EndpointSlice"
I0602 21:35:40.430895       1 warnings.go:110] "Warning: v1 Endpoints is deprecated in v1.33+; use discovery.k8s.io/v1 EndpointSlice"
I0602 21:41:36.434477       1 warnings.go:110] "Warning: v1 Endpoints is deprecated in v1.33+; use discovery.k8s.io/v1 EndpointSlice"
I0602 21:49:56.437900       1 warnings.go:110] "Warning: v1 Endpoints is deprecated in v1.33+; use discovery.k8s.io/v1 EndpointSlice"
I0602 21:57:09.440219       1 warnings.go:110] "Warning: v1 Endpoints is deprecated in v1.33+; use discovery.k8s.io/v1 EndpointSlice"
I0602 22:04:43.443302       1 warnings.go:110] "Warning: v1 Endpoints is deprecated in v1.33+; use discovery.k8s.io/v1 EndpointSlice"
I0602 22:11:40.445947       1 warnings.go:110] "Warning: v1 Endpoints is deprecated in v1.33+; use discovery.k8s.io/v1 EndpointSlice"
I0602 22:17:16.448671       1 warnings.go:110] "Warning: v1 Endpoints is deprecated in v1.33+; use discovery.k8s.io/v1 EndpointSlice"
I0602 22:23:52.451427       1 warnings.go:110] "Warning: v1 Endpoints is deprecated in v1.33+; use discovery.k8s.io/v1 EndpointSlice"
I0602 22:31:15.453713       1 warnings.go:110] "Warning: v1 Endpoints is deprecated in v1.33+; use discovery.k8s.io/v1 EndpointSlice"
I0602 22:37:35.456075       1 warnings.go:110] "Warning: v1 Endpoints is deprecated in v1.33+; use discovery.k8s.io/v1 EndpointSlice"
I0602 22:47:02.458118       1 warnings.go:110] "Warning: v1 Endpoints is deprecated in v1.33+; use discovery.k8s.io/v1 EndpointSlice"
I0602 22:52:33.461825       1 warnings.go:110] "Warning: v1 Endpoints is deprecated in v1.33+; use discovery.k8s.io/v1 EndpointSlice"
I0602 22:58:40.465011       1 warnings.go:110] "Warning: v1 Endpoints is deprecated in v1.33+; use discovery.k8s.io/v1 EndpointSlice"
I0602 23:04:45.467618       1 warnings.go:110] "Warning: v1 Endpoints is deprecated in v1.33+; use discovery.k8s.io/v1 EndpointSlice"
I0602 23:11:03.469364       1 warnings.go:110] "Warning: v1 Endpoints is deprecated in v1.33+; use discovery.k8s.io/v1 EndpointSlice"
I0602 23:16:22.471082       1 warnings.go:110] "Warning: v1 Endpoints is deprecated in v1.33+; use discovery.k8s.io/v1 EndpointSlice"
I0602 23:25:55.475123       1 warnings.go:110] "Warning: v1 Endpoints is deprecated in v1.33+; use discovery.k8s.io/v1 EndpointSlice"
I0602 23:34:38.476408       1 warnings.go:110] "Warning: v1 Endpoints is deprecated in v1.33+; use discovery.k8s.io/v1 EndpointSlice"
I0602 23:40:10.479069       1 warnings.go:110] "Warning: v1 Endpoints is deprecated in v1.33+; use discovery.k8s.io/v1 EndpointSlice"
I0602 23:46:38.481337       1 warnings.go:110] "Warning: v1 Endpoints is deprecated in v1.33+; use discovery.k8s.io/v1 EndpointSlice"
I0602 23:51:49.485068       1 warnings.go:110] "Warning: v1 Endpoints is deprecated in v1.33+; use discovery.k8s.io/v1 EndpointSlice"
I0603 00:00:35.487859       1 warnings.go:110] "Warning: v1 Endpoints is deprecated in v1.33+; use discovery.k8s.io/v1 EndpointSlice"
I0603 00:08:38.490784       1 warnings.go:110] "Warning: v1 Endpoints is deprecated in v1.33+; use discovery.k8s.io/v1 EndpointSlice"
I0603 00:16:49.494416       1 warnings.go:110] "Warning: v1 Endpoints is deprecated in v1.33+; use discovery.k8s.io/v1 EndpointSlice"
I0603 00:24:27.497575       1 warnings.go:110] "Warning: v1 Endpoints is deprecated in v1.33+; use discovery.k8s.io/v1 EndpointSlice"
I0603 00:31:23.500706       1 warnings.go:110] "Warning: v1 Endpoints is deprecated in v1.33+; use discovery.k8s.io/v1 EndpointSlice"
I0603 00:39:11.505081       1 warnings.go:110] "Warning: v1 Endpoints is deprecated in v1.33+; use discovery.k8s.io/v1 EndpointSlice"
I0603 00:45:24.507922       1 warnings.go:110] "Warning: v1 Endpoints is deprecated in v1.33+; use discovery.k8s.io/v1 EndpointSlice"
I0603 00:50:30.511429       1 warnings.go:110] "Warning: v1 Endpoints is deprecated in v1.33+; use discovery.k8s.io/v1 EndpointSlice"
I0603 01:00:28.513755       1 warnings.go:110] "Warning: v1 Endpoints is deprecated in v1.33+; use discovery.k8s.io/v1 EndpointSlice"
I0603 01:09:45.517092       1 warnings.go:110] "Warning: v1 Endpoints is deprecated in v1.33+; use discovery.k8s.io/v1 EndpointSlice"
I0603 01:15:12.519329       1 warnings.go:110] "Warning: v1 Endpoints is deprecated in v1.33+; use discovery.k8s.io/v1 EndpointSlice"
I0603 01:20:26.522351       1 warnings.go:110] "Warning: v1 Endpoints is deprecated in v1.33+; use discovery.k8s.io/v1 EndpointSlice"
I0603 01:28:53.524733       1 warnings.go:110] "Warning: v1 Endpoints is deprecated in v1.33+; use discovery.k8s.io/v1 EndpointSlice"
I0603 01:37:41.526430       1 warnings.go:110] "Warning: v1 Endpoints is deprecated in v1.33+; use discovery.k8s.io/v1 EndpointSlice"
I0603 01:47:04.529426       1 warnings.go:110] "Warning: v1 Endpoints is deprecated in v1.33+; use discovery.k8s.io/v1 EndpointSlice"
I0603 01:56:53.532383       1 warnings.go:110] "Warning: v1 Endpoints is deprecated in v1.33+; use discovery.k8s.io/v1 EndpointSlice"
I0603 02:04:01.534514       1 warnings.go:110] "Warning: v1 Endpoints is deprecated in v1.33+; use discovery.k8s.io/v1 EndpointSlice"
{"severity":"INFO","timestamp":"2026-06-03T02:08:07.313977236Z","logger":"autoscaler","caller":"kpa/kpa.go:193","message":"SKS should be in Proxy mode: want = -1, ebc = -206, #act's = 3 PA Inactive? = true","knative.dev/controller":"knative.dev.serving.pkg.reconciler.autoscaling.kpa.Reconciler","knative.dev/kind":"autoscaling.internal.knative.dev.PodAutoscaler","knative.dev/traceid":"01b75de6-9f6c-4d12-9428-ef060882af6b","knative.dev/key":"default/fastfouriertransform-00001"}
{"severity":"INFO","timestamp":"2026-06-03T02:08:07.314049347Z","logger":"autoscaler","caller":"kpa/kpa.go:221","message":"KPA Scale decision for revision default/fastfouriertransform-00001: currentPods=0, calculatedWant=-1, desiredPods=-1, excessBurstCapacity=-206","knative.dev/controller":"knative.dev.serving.pkg.reconciler.autoscaling.kpa.Reconciler","knative.dev/kind":"autoscaling.internal.knative.dev.PodAutoscaler","knative.dev/traceid":"01b75de6-9f6c-4d12-9428-ef060882af6b","knative.dev/key":"default/fastfouriertransform-00001"}
{"severity":"INFO","timestamp":"2026-06-03T02:08:07.314072699Z","logger":"autoscaler","caller":"kpa/kpa.go:239","message":"Observed pod counts=kpa.podCounts{want:-1, ready:0, notReady:0, pending:0, terminating:0}","knative.dev/controller":"knative.dev.serving.pkg.reconciler.autoscaling.kpa.Reconciler","knative.dev/kind":"autoscaling.internal.knative.dev.PodAutoscaler","knative.dev/traceid":"01b75de6-9f6c-4d12-9428-ef060882af6b","knative.dev/key":"default/fastfouriertransform-00001"}
{"severity":"INFO","timestamp":"2026-06-03T02:08:07.314097069Z","logger":"autoscaler","caller":"kpa/kpa.go:298","message":"KPA Status for revision default/fastfouriertransform-00001 after reconcile: currentPods=0, desiredPods=-1, conditions=[Active=False Ready=False SKSReady=Unknown ScaleTargetInitialized=True]","knative.dev/controller":"knative.dev.serving.pkg.reconciler.autoscaling.kpa.Reconciler","knative.dev/kind":"autoscaling.internal.knative.dev.PodAutoscaler","knative.dev/traceid":"01b75de6-9f6c-4d12-9428-ef060882af6b","knative.dev/key":"default/fastfouriertransform-00001"}
{"severity":"INFO","timestamp":"2026-06-03T02:08:07.314120013Z","logger":"autoscaler","caller":"kpa/kpa.go:242","message":"Cold start final  took: 525.277µs","knative.dev/controller":"knative.dev.serving.pkg.reconciler.autoscaling.kpa.Reconciler","knative.dev/kind":"autoscaling.internal.knative.dev.PodAutoscaler","knative.dev/traceid":"01b75de6-9f6c-4d12-9428-ef060882af6b","knative.dev/key":"default/fastfouriertransform-00001"}
{"severity":"INFO","timestamp":"2026-06-03T02:08:07.314299328Z","logger":"autoscaler","caller":"controller/controller.go:530","message":"Reconcile succeeded","knative.dev/controller":"knative.dev.serving.pkg.reconciler.autoscaling.kpa.Reconciler","knative.dev/kind":"autoscaling.internal.knative.dev.PodAutoscaler","knative.dev/traceid":"01b75de6-9f6c-4d12-9428-ef060882af6b","knative.dev/key":"default/fastfouriertransform-00001","duration":"816.518µs"}
{"severity":"INFO","timestamp":"2026-06-03T02:08:07.314801957Z","logger":"autoscaler","caller":"kpa/kpa.go:193","message":"SKS should be in Proxy mode: want = -1, ebc = -206, #act's = 3 PA Inactive? = true","knative.dev/controller":"knative.dev.serving.pkg.reconciler.autoscaling.kpa.Reconciler","knative.dev/kind":"autoscaling.internal.knative.dev.PodAutoscaler","knative.dev/traceid":"c6d29811-9b2b-47fb-80b2-aeebf99b66ee","knative.dev/key":"default/fetchdata-00001"}
{"severity":"INFO","timestamp":"2026-06-03T02:08:07.314897216Z","logger":"autoscaler","caller":"kpa/kpa.go:221","message":"KPA Scale decision for revision default/fetchdata-00001: currentPods=0, calculatedWant=-1, desiredPods=-1, excessBurstCapacity=-206","knative.dev/controller":"knative.dev.serving.pkg.reconciler.autoscaling.kpa.Reconciler","knative.dev/kind":"autoscaling.internal.knative.dev.PodAutoscaler","knative.dev/traceid":"c6d29811-9b2b-47fb-80b2-aeebf99b66ee","knative.dev/key":"default/fetchdata-00001"}
{"severity":"INFO","timestamp":"2026-06-03T02:08:07.314923772Z","logger":"autoscaler","caller":"kpa/kpa.go:239","message":"Observed pod counts=kpa.podCounts{want:-1, ready:0, notReady:0, pending:0, terminating:0}","knative.dev/controller":"knative.dev.serving.pkg.reconciler.autoscaling.kpa.Reconciler","knative.dev/kind":"autoscaling.internal.knative.dev.PodAutoscaler","knative.dev/traceid":"c6d29811-9b2b-47fb-80b2-aeebf99b66ee","knative.dev/key":"default/fetchdata-00001"}
{"severity":"INFO","timestamp":"2026-06-03T02:08:07.315044105Z","logger":"autoscaler","caller":"kpa/kpa.go:298","message":"KPA Status for revision default/fetchdata-00001 after reconcile: currentPods=0, desiredPods=-1, conditions=[Active=False Ready=False SKSReady=Unknown ScaleTargetInitialized=True]","knative.dev/controller":"knative.dev.serving.pkg.reconciler.autoscaling.kpa.Reconciler","knative.dev/kind":"autoscaling.internal.knative.dev.PodAutoscaler","knative.dev/traceid":"c6d29811-9b2b-47fb-80b2-aeebf99b66ee","knative.dev/key":"default/fetchdata-00001"}
{"severity":"INFO","timestamp":"2026-06-03T02:08:07.315108456Z","logger":"autoscaler","caller":"kpa/kpa.go:242","message":"Cold start final  took: 664.295µs","knative.dev/controller":"knative.dev.serving.pkg.reconciler.autoscaling.kpa.Reconciler","knative.dev/kind":"autoscaling.internal.knative.dev.PodAutoscaler","knative.dev/traceid":"c6d29811-9b2b-47fb-80b2-aeebf99b66ee","knative.dev/key":"default/fetchdata-00001"}
{"severity":"INFO","timestamp":"2026-06-03T02:08:07.315206993Z","logger":"autoscaler","caller":"controller/controller.go:530","message":"Reconcile succeeded","knative.dev/controller":"knative.dev.serving.pkg.reconciler.autoscaling.kpa.Reconciler","knative.dev/kind":"autoscaling.internal.knative.dev.PodAutoscaler","knative.dev/traceid":"c6d29811-9b2b-47fb-80b2-aeebf99b66ee","knative.dev/key":"default/fetchdata-00001","duration":"820.128µs"}
{"severity":"INFO","timestamp":"2026-06-03T02:08:07.315780067Z","logger":"autoscaler","caller":"kpa/kpa.go:193","message":"SKS should be in Proxy mode: want = -1, ebc = -206, #act's = 3 PA Inactive? = true","knative.dev/controller":"knative.dev.serving.pkg.reconciler.autoscaling.kpa.Reconciler","knative.dev/kind":"autoscaling.internal.knative.dev.PodAutoscaler","knative.dev/traceid":"dd2a63e4-8cd8-472c-aa5a-2b8693655fc5","knative.dev/key":"default/genmatrix-00001"}
{"severity":"INFO","timestamp":"2026-06-03T02:08:07.315867622Z","logger":"autoscaler","caller":"kpa/kpa.go:221","message":"KPA Scale decision for revision default/genmatrix-00001: currentPods=0, calculatedWant=-1, desiredPods=-1, excessBurstCapacity=-206","knative.dev/controller":"knative.dev.serving.pkg.reconciler.autoscaling.kpa.Reconciler","knative.dev/kind":"autoscaling.internal.knative.dev.PodAutoscaler","knative.dev/traceid":"dd2a63e4-8cd8-472c-aa5a-2b8693655fc5","knative.dev/key":"default/genmatrix-00001"}
{"severity":"INFO","timestamp":"2026-06-03T02:08:07.315891437Z","logger":"autoscaler","caller":"kpa/kpa.go:239","message":"Observed pod counts=kpa.podCounts{want:-1, ready:0, notReady:0, pending:0, terminating:0}","knative.dev/controller":"knative.dev.serving.pkg.reconciler.autoscaling.kpa.Reconciler","knative.dev/kind":"autoscaling.internal.knative.dev.PodAutoscaler","knative.dev/traceid":"dd2a63e4-8cd8-472c-aa5a-2b8693655fc5","knative.dev/key":"default/genmatrix-00001"}
{"severity":"INFO","timestamp":"2026-06-03T02:08:07.316000363Z","logger":"autoscaler","caller":"kpa/kpa.go:298","message":"KPA Status for revision default/genmatrix-00001 after reconcile: currentPods=0, desiredPods=-1, conditions=[Active=False Ready=False SKSReady=Unknown ScaleTargetInitialized=True]","knative.dev/controller":"knative.dev.serving.pkg.reconciler.autoscaling.kpa.Reconciler","knative.dev/kind":"autoscaling.internal.knative.dev.PodAutoscaler","knative.dev/traceid":"dd2a63e4-8cd8-472c-aa5a-2b8693655fc5","knative.dev/key":"default/genmatrix-00001"}
{"severity":"INFO","timestamp":"2026-06-03T02:08:07.316062233Z","logger":"autoscaler","caller":"kpa/kpa.go:242","message":"Cold start final  took: 630.426µs","knative.dev/controller":"knative.dev.serving.pkg.reconciler.autoscaling.kpa.Reconciler","knative.dev/kind":"autoscaling.internal.knative.dev.PodAutoscaler","knative.dev/traceid":"dd2a63e4-8cd8-472c-aa5a-2b8693655fc5","knative.dev/key":"default/genmatrix-00001"}
{"severity":"INFO","timestamp":"2026-06-03T02:08:07.316151492Z","logger":"autoscaler","caller":"controller/controller.go:530","message":"Reconcile succeeded","knative.dev/controller":"knative.dev.serving.pkg.reconciler.autoscaling.kpa.Reconciler","knative.dev/kind":"autoscaling.internal.knative.dev.PodAutoscaler","knative.dev/traceid":"dd2a63e4-8cd8-472c-aa5a-2b8693655fc5","knative.dev/key":"default/genmatrix-00001","duration":"782.036µs"}
{"severity":"INFO","timestamp":"2026-06-03T02:08:07.316556695Z","logger":"autoscaler","caller":"kpa/kpa.go:193","message":"SKS should be in Proxy mode: want = -1, ebc = -206, #act's = 3 PA Inactive? = true","knative.dev/controller":"knative.dev.serving.pkg.reconciler.autoscaling.kpa.Reconciler","knative.dev/kind":"autoscaling.internal.knative.dev.PodAutoscaler","knative.dev/traceid":"5776661b-2f97-4216-a45a-32a1df1d9b03","knative.dev/key":"default/linpack-00001"}
{"severity":"INFO","timestamp":"2026-06-03T02:08:07.31659451Z","logger":"autoscaler","caller":"kpa/kpa.go:221","message":"KPA Scale decision for revision default/linpack-00001: currentPods=0, calculatedWant=-1, desiredPods=-1, excessBurstCapacity=-206","knative.dev/controller":"knative.dev.serving.pkg.reconciler.autoscaling.kpa.Reconciler","knative.dev/kind":"autoscaling.internal.knative.dev.PodAutoscaler","knative.dev/traceid":"5776661b-2f97-4216-a45a-32a1df1d9b03","knative.dev/key":"default/linpack-00001"}
{"severity":"INFO","timestamp":"2026-06-03T02:08:07.31661251Z","logger":"autoscaler","caller":"kpa/kpa.go:239","message":"Observed pod counts=kpa.podCounts{want:-1, ready:0, notReady:0, pending:0, terminating:0}","knative.dev/controller":"knative.dev.serving.pkg.reconciler.autoscaling.kpa.Reconciler","knative.dev/kind":"autoscaling.internal.knative.dev.PodAutoscaler","knative.dev/traceid":"5776661b-2f97-4216-a45a-32a1df1d9b03","knative.dev/key":"default/linpack-00001"}
{"severity":"INFO","timestamp":"2026-06-03T02:08:07.316637992Z","logger":"autoscaler","caller":"kpa/kpa.go:298","message":"KPA Status for revision default/linpack-00001 after reconcile: currentPods=0, desiredPods=-1, conditions=[Active=False Ready=False SKSReady=Unknown ScaleTargetInitialized=True]","knative.dev/controller":"knative.dev.serving.pkg.reconciler.autoscaling.kpa.Reconciler","knative.dev/kind":"autoscaling.internal.knative.dev.PodAutoscaler","knative.dev/traceid":"5776661b-2f97-4216-a45a-32a1df1d9b03","knative.dev/key":"default/linpack-00001"}
{"severity":"INFO","timestamp":"2026-06-03T02:08:07.31665551Z","logger":"autoscaler","caller":"kpa/kpa.go:242","message":"Cold start final  took: 413.869µs","knative.dev/controller":"knative.dev.serving.pkg.reconciler.autoscaling.kpa.Reconciler","knative.dev/kind":"autoscaling.internal.knative.dev.PodAutoscaler","knative.dev/traceid":"5776661b-2f97-4216-a45a-32a1df1d9b03","knative.dev/key":"default/linpack-00001"}
{"severity":"INFO","timestamp":"2026-06-03T02:08:07.316713121Z","logger":"autoscaler","caller":"controller/controller.go:530","message":"Reconcile succeeded","knative.dev/controller":"knative.dev.serving.pkg.reconciler.autoscaling.kpa.Reconciler","knative.dev/kind":"autoscaling.internal.knative.dev.PodAutoscaler","knative.dev/traceid":"5776661b-2f97-4216-a45a-32a1df1d9b03","knative.dev/key":"default/linpack-00001","duration":"536.24µs"}
{"severity":"INFO","timestamp":"2026-06-03T02:08:07.316910306Z","logger":"autoscaler","caller":"controller/controller.go:530","message":"Reconcile succeeded","knative.dev/controller":"knative.dev.serving.pkg.reconciler.metric.reconciler","knative.dev/kind":"autoscaling.internal.knative.dev.Metric","knative.dev/traceid":"7d251612-8829-403e-956f-1f208208e389","knative.dev/key":"default/matrixmul-00001","duration":"82.796µs"}
{"severity":"INFO","timestamp":"2026-06-03T02:08:07.317375842Z","logger":"autoscaler","caller":"kpa/kpa.go:193","message":"SKS should be in Proxy mode: want = -1, ebc = -206, #act's = 3 PA Inactive? = true","knative.dev/controller":"knative.dev.serving.pkg.reconciler.autoscaling.kpa.Reconciler","knative.dev/kind":"autoscaling.internal.knative.dev.PodAutoscaler","knative.dev/traceid":"cf75623c-7581-4cf4-aaff-4db8bfa96dfd","knative.dev/key":"default/matrixmul-00001"}
{"severity":"INFO","timestamp":"2026-06-03T02:08:07.317415268Z","logger":"autoscaler","caller":"kpa/kpa.go:221","message":"KPA Scale decision for revision default/matrixmul-00001: currentPods=0, calculatedWant=-1, desiredPods=-1, excessBurstCapacity=-206","knative.dev/controller":"knative.dev.serving.pkg.reconciler.autoscaling.kpa.Reconciler","knative.dev/kind":"autoscaling.internal.knative.dev.PodAutoscaler","knative.dev/traceid":"cf75623c-7581-4cf4-aaff-4db8bfa96dfd","knative.dev/key":"default/matrixmul-00001"}
{"severity":"INFO","timestamp":"2026-06-03T02:08:07.317433972Z","logger":"autoscaler","caller":"kpa/kpa.go:239","message":"Observed pod counts=kpa.podCounts{want:-1, ready:0, notReady:0, pending:0, terminating:0}","knative.dev/controller":"knative.dev.serving.pkg.reconciler.autoscaling.kpa.Reconciler","knative.dev/kind":"autoscaling.internal.knative.dev.PodAutoscaler","knative.dev/traceid":"cf75623c-7581-4cf4-aaff-4db8bfa96dfd","knative.dev/key":"default/matrixmul-00001"}
{"severity":"INFO","timestamp":"2026-06-03T02:08:07.317484139Z","logger":"autoscaler","caller":"kpa/kpa.go:298","message":"KPA Status for revision default/matrixmul-00001 after reconcile: currentPods=0, desiredPods=-1, conditions=[Active=False Ready=False SKSReady=Unknown ScaleTargetInitialized=True]","knative.dev/controller":"knative.dev.serving.pkg.reconciler.autoscaling.kpa.Reconciler","knative.dev/kind":"autoscaling.internal.knative.dev.PodAutoscaler","knative.dev/traceid":"cf75623c-7581-4cf4-aaff-4db8bfa96dfd","knative.dev/key":"default/matrixmul-00001"}
{"severity":"INFO","timestamp":"2026-06-03T02:08:07.317504342Z","logger":"autoscaler","caller":"kpa/kpa.go:242","message":"Cold start final  took: 446.351µs","knative.dev/controller":"knative.dev.serving.pkg.reconciler.autoscaling.kpa.Reconciler","knative.dev/kind":"autoscaling.internal.knative.dev.PodAutoscaler","knative.dev/traceid":"cf75623c-7581-4cf4-aaff-4db8bfa96dfd","knative.dev/key":"default/matrixmul-00001"}
{"severity":"INFO","timestamp":"2026-06-03T02:08:07.317569305Z","logger":"autoscaler","caller":"controller/controller.go:530","message":"Reconcile succeeded","knative.dev/controller":"knative.dev.serving.pkg.reconciler.autoscaling.kpa.Reconciler","knative.dev/kind":"autoscaling.internal.knative.dev.PodAutoscaler","knative.dev/traceid":"cf75623c-7581-4cf4-aaff-4db8bfa96dfd","knative.dev/key":"default/matrixmul-00001","duration":"552.518µs"}
{"severity":"INFO","timestamp":"2026-06-03T02:08:07.317953731Z","logger":"autoscaler","caller":"kpa/kpa.go:193","message":"SKS should be in Proxy mode: want = -1, ebc = -206, #act's = 3 PA Inactive? = true","knative.dev/controller":"knative.dev.serving.pkg.reconciler.autoscaling.kpa.Reconciler","knative.dev/kind":"autoscaling.internal.knative.dev.PodAutoscaler","knative.dev/traceid":"37139bf0-673a-49b4-b6e5-a7a799f844ff","knative.dev/key":"default/linpack-00001"}
{"severity":"INFO","timestamp":"2026-06-03T02:08:07.318032638Z","logger":"autoscaler","caller":"kpa/kpa.go:221","message":"KPA Scale decision for revision default/linpack-00001: currentPods=0, calculatedWant=-1, desiredPods=-1, excessBurstCapacity=-206","knative.dev/controller":"knative.dev.serving.pkg.reconciler.autoscaling.kpa.Reconciler","knative.dev/kind":"autoscaling.internal.knative.dev.PodAutoscaler","knative.dev/traceid":"37139bf0-673a-49b4-b6e5-a7a799f844ff","knative.dev/key":"default/linpack-00001"}
{"severity":"INFO","timestamp":"2026-06-03T02:08:07.318056582Z","logger":"autoscaler","caller":"kpa/kpa.go:239","message":"Observed pod counts=kpa.podCounts{want:-1, ready:0, notReady:0, pending:0, terminating:0}","knative.dev/controller":"knative.dev.serving.pkg.reconciler.autoscaling.kpa.Reconciler","knative.dev/kind":"autoscaling.internal.knative.dev.PodAutoscaler","knative.dev/traceid":"37139bf0-673a-49b4-b6e5-a7a799f844ff","knative.dev/key":"default/linpack-00001"}
{"severity":"INFO","timestamp":"2026-06-03T02:08:07.318119323Z","logger":"autoscaler","caller":"kpa/kpa.go:298","message":"KPA Status for revision default/linpack-00001 after reconcile: currentPods=0, desiredPods=-1, conditions=[Active=False Ready=False SKSReady=Unknown ScaleTargetInitialized=True]","knative.dev/controller":"knative.dev.serving.pkg.reconciler.autoscaling.kpa.Reconciler","knative.dev/kind":"autoscaling.internal.knative.dev.PodAutoscaler","knative.dev/traceid":"37139bf0-673a-49b4-b6e5-a7a799f844ff","knative.dev/key":"default/linpack-00001"}
{"severity":"INFO","timestamp":"2026-06-03T02:08:07.31815123Z","logger":"autoscaler","caller":"kpa/kpa.go:242","message":"Cold start final  took: 510.574µs","knative.dev/controller":"knative.dev.serving.pkg.reconciler.autoscaling.kpa.Reconciler","knative.dev/kind":"autoscaling.internal.knative.dev.PodAutoscaler","knative.dev/traceid":"37139bf0-673a-49b4-b6e5-a7a799f844ff","knative.dev/key":"default/linpack-00001"}
{"severity":"INFO","timestamp":"2026-06-03T02:08:07.318233656Z","logger":"autoscaler","caller":"controller/controller.go:530","message":"Reconcile succeeded","knative.dev/controller":"knative.dev.serving.pkg.reconciler.autoscaling.kpa.Reconciler","knative.dev/kind":"autoscaling.internal.knative.dev.PodAutoscaler","knative.dev/traceid":"37139bf0-673a-49b4-b6e5-a7a799f844ff","knative.dev/key":"default/linpack-00001","duration":"642.98µs"}
{"severity":"INFO","timestamp":"2026-06-03T02:08:07.318686526Z","logger":"autoscaler","caller":"kpa/kpa.go:193","message":"SKS should be in Proxy mode: want = -1, ebc = -206, #act's = 3 PA Inactive? = true","knative.dev/controller":"knative.dev.serving.pkg.reconciler.autoscaling.kpa.Reconciler","knative.dev/kind":"autoscaling.internal.knative.dev.PodAutoscaler","knative.dev/traceid":"81746092-875f-497f-83fd-d8dd07557f2f","knative.dev/key":"default/fastfouriertransform-00001"}
{"severity":"INFO","timestamp":"2026-06-03T02:08:07.318777692Z","logger":"autoscaler","caller":"kpa/kpa.go:221","message":"KPA Scale decision for revision default/fastfouriertransform-00001: currentPods=0, calculatedWant=-1, desiredPods=-1, excessBurstCapacity=-206","knative.dev/controller":"knative.dev.serving.pkg.reconciler.autoscaling.kpa.Reconciler","knative.dev/kind":"autoscaling.internal.knative.dev.PodAutoscaler","knative.dev/traceid":"81746092-875f-497f-83fd-d8dd07557f2f","knative.dev/key":"default/fastfouriertransform-00001"}
{"severity":"INFO","timestamp":"2026-06-03T02:08:07.318802341Z","logger":"autoscaler","caller":"kpa/kpa.go:239","message":"Observed pod counts=kpa.podCounts{want:-1, ready:0, notReady:0, pending:0, terminating:0}","knative.dev/controller":"knative.dev.serving.pkg.reconciler.autoscaling.kpa.Reconciler","knative.dev/kind":"autoscaling.internal.knative.dev.PodAutoscaler","knative.dev/traceid":"81746092-875f-497f-83fd-d8dd07557f2f","knative.dev/key":"default/fastfouriertransform-00001"}
{"severity":"INFO","timestamp":"2026-06-03T02:08:07.318852563Z","logger":"autoscaler","caller":"kpa/kpa.go:298","message":"KPA Status for revision default/fastfouriertransform-00001 after reconcile: currentPods=0, desiredPods=-1, conditions=[Active=False Ready=False SKSReady=Unknown ScaleTargetInitialized=True]","knative.dev/controller":"knative.dev.serving.pkg.reconciler.autoscaling.kpa.Reconciler","knative.dev/kind":"autoscaling.internal.knative.dev.PodAutoscaler","knative.dev/traceid":"81746092-875f-497f-83fd-d8dd07557f2f","knative.dev/key":"default/fastfouriertransform-00001"}
{"severity":"INFO","timestamp":"2026-06-03T02:08:07.318874915Z","logger":"autoscaler","caller":"kpa/kpa.go:242","message":"Cold start final  took: 504.463µs","knative.dev/controller":"knative.dev.serving.pkg.reconciler.autoscaling.kpa.Reconciler","knative.dev/kind":"autoscaling.internal.knative.dev.PodAutoscaler","knative.dev/traceid":"81746092-875f-497f-83fd-d8dd07557f2f","knative.dev/key":"default/fastfouriertransform-00001"}
{"severity":"INFO","timestamp":"2026-06-03T02:08:07.318920081Z","logger":"autoscaler","caller":"controller/controller.go:530","message":"Reconcile succeeded","knative.dev/controller":"knative.dev.serving.pkg.reconciler.autoscaling.kpa.Reconciler","knative.dev/kind":"autoscaling.internal.knative.dev.PodAutoscaler","knative.dev/traceid":"81746092-875f-497f-83fd-d8dd07557f2f","knative.dev/key":"default/fastfouriertransform-00001","duration":"590.036µs"}
{"severity":"INFO","timestamp":"2026-06-03T02:08:07.319283581Z","logger":"autoscaler","caller":"kpa/kpa.go:193","message":"SKS should be in Proxy mode: want = -1, ebc = -206, #act's = 3 PA Inactive? = true","knative.dev/controller":"knative.dev.serving.pkg.reconciler.autoscaling.kpa.Reconciler","knative.dev/kind":"autoscaling.internal.knative.dev.PodAutoscaler","knative.dev/traceid":"d77ee9b4-e61d-42c3-adf3-046145a62899","knative.dev/key":"default/fetchdata-00001"}
{"severity":"INFO","timestamp":"2026-06-03T02:08:07.319315192Z","logger":"autoscaler","caller":"kpa/kpa.go:221","message":"KPA Scale decision for revision default/fetchdata-00001: currentPods=0, calculatedWant=-1, desiredPods=-1, excessBurstCapacity=-206","knative.dev/controller":"knative.dev.serving.pkg.reconciler.autoscaling.kpa.Reconciler","knative.dev/kind":"autoscaling.internal.knative.dev.PodAutoscaler","knative.dev/traceid":"d77ee9b4-e61d-42c3-adf3-046145a62899","knative.dev/key":"default/fetchdata-00001"}
{"severity":"INFO","timestamp":"2026-06-03T02:08:07.319333618Z","logger":"autoscaler","caller":"kpa/kpa.go:239","message":"Observed pod counts=kpa.podCounts{want:-1, ready:0, notReady:0, pending:0, terminating:0}","knative.dev/controller":"knative.dev.serving.pkg.reconciler.autoscaling.kpa.Reconciler","knative.dev/kind":"autoscaling.internal.knative.dev.PodAutoscaler","knative.dev/traceid":"d77ee9b4-e61d-42c3-adf3-046145a62899","knative.dev/key":"default/fetchdata-00001"}
{"severity":"INFO","timestamp":"2026-06-03T02:08:07.319355414Z","logger":"autoscaler","caller":"kpa/kpa.go:298","message":"KPA Status for revision default/fetchdata-00001 after reconcile: currentPods=0, desiredPods=-1, conditions=[Active=False Ready=False SKSReady=Unknown ScaleTargetInitialized=True]","knative.dev/controller":"knative.dev.serving.pkg.reconciler.autoscaling.kpa.Reconciler","knative.dev/kind":"autoscaling.internal.knative.dev.PodAutoscaler","knative.dev/traceid":"d77ee9b4-e61d-42c3-adf3-046145a62899","knative.dev/key":"default/fetchdata-00001"}
{"severity":"INFO","timestamp":"2026-06-03T02:08:07.319372599Z","logger":"autoscaler","caller":"kpa/kpa.go:242","message":"Cold start final  took: 398.537µs","knative.dev/controller":"knative.dev.serving.pkg.reconciler.autoscaling.kpa.Reconciler","knative.dev/kind":"autoscaling.internal.knative.dev.PodAutoscaler","knative.dev/traceid":"d77ee9b4-e61d-42c3-adf3-046145a62899","knative.dev/key":"default/fetchdata-00001"}
{"severity":"INFO","timestamp":"2026-06-03T02:08:07.319428803Z","logger":"autoscaler","caller":"controller/controller.go:530","message":"Reconcile succeeded","knative.dev/controller":"knative.dev.serving.pkg.reconciler.autoscaling.kpa.Reconciler","knative.dev/kind":"autoscaling.internal.knative.dev.PodAutoscaler","knative.dev/traceid":"d77ee9b4-e61d-42c3-adf3-046145a62899","knative.dev/key":"default/fetchdata-00001","duration":"490.222µs"}
{"severity":"INFO","timestamp":"2026-06-03T02:08:07.319830043Z","logger":"autoscaler","caller":"kpa/kpa.go:193","message":"SKS should be in Proxy mode: want = -1, ebc = -206, #act's = 3 PA Inactive? = true","knative.dev/controller":"knative.dev.serving.pkg.reconciler.autoscaling.kpa.Reconciler","knative.dev/kind":"autoscaling.internal.knative.dev.PodAutoscaler","knative.dev/traceid":"3b709940-9aa3-48d8-bf8d-0e82a2e985c1","knative.dev/key":"default/genmatrix-00001"}
{"severity":"INFO","timestamp":"2026-06-03T02:08:07.31986671Z","logger":"autoscaler","caller":"kpa/kpa.go:221","message":"KPA Scale decision for revision default/genmatrix-00001: currentPods=0, calculatedWant=-1, desiredPods=-1, excessBurstCapacity=-206","knative.dev/controller":"knative.dev.serving.pkg.reconciler.autoscaling.kpa.Reconciler","knative.dev/kind":"autoscaling.internal.knative.dev.PodAutoscaler","knative.dev/traceid":"3b709940-9aa3-48d8-bf8d-0e82a2e985c1","knative.dev/key":"default/genmatrix-00001"}
{"severity":"INFO","timestamp":"2026-06-03T02:08:07.319906339Z","logger":"autoscaler","caller":"kpa/kpa.go:239","message":"Observed pod counts=kpa.podCounts{want:-1, ready:0, notReady:0, pending:0, terminating:0}","knative.dev/controller":"knative.dev.serving.pkg.reconciler.autoscaling.kpa.Reconciler","knative.dev/kind":"autoscaling.internal.knative.dev.PodAutoscaler","knative.dev/traceid":"3b709940-9aa3-48d8-bf8d-0e82a2e985c1","knative.dev/key":"default/genmatrix-00001"}
{"severity":"INFO","timestamp":"2026-06-03T02:08:07.319929617Z","logger":"autoscaler","caller":"kpa/kpa.go:298","message":"KPA Status for revision default/genmatrix-00001 after reconcile: currentPods=0, desiredPods=-1, conditions=[Active=False Ready=False SKSReady=Unknown ScaleTargetInitialized=True]","knative.dev/controller":"knative.dev.serving.pkg.reconciler.autoscaling.kpa.Reconciler","knative.dev/kind":"autoscaling.internal.knative.dev.PodAutoscaler","knative.dev/traceid":"3b709940-9aa3-48d8-bf8d-0e82a2e985c1","knative.dev/key":"default/genmatrix-00001"}
{"severity":"INFO","timestamp":"2026-06-03T02:08:07.319946561Z","logger":"autoscaler","caller":"kpa/kpa.go:242","message":"Cold start final  took: 423.629µs","knative.dev/controller":"knative.dev.serving.pkg.reconciler.autoscaling.kpa.Reconciler","knative.dev/kind":"autoscaling.internal.knative.dev.PodAutoscaler","knative.dev/traceid":"3b709940-9aa3-48d8-bf8d-0e82a2e985c1","knative.dev/key":"default/genmatrix-00001"}
{"severity":"INFO","timestamp":"2026-06-03T02:08:07.320013691Z","logger":"autoscaler","caller":"controller/controller.go:530","message":"Reconcile succeeded","knative.dev/controller":"knative.dev.serving.pkg.reconciler.autoscaling.kpa.Reconciler","knative.dev/kind":"autoscaling.internal.knative.dev.PodAutoscaler","knative.dev/traceid":"3b709940-9aa3-48d8-bf8d-0e82a2e985c1","knative.dev/key":"default/genmatrix-00001","duration":"524.888µs"}
{"severity":"INFO","timestamp":"2026-06-03T02:08:07.32041682Z","logger":"autoscaler","caller":"kpa/kpa.go:193","message":"SKS should be in Proxy mode: want = -1, ebc = -206, #act's = 3 PA Inactive? = true","knative.dev/controller":"knative.dev.serving.pkg.reconciler.autoscaling.kpa.Reconciler","knative.dev/kind":"autoscaling.internal.knative.dev.PodAutoscaler","knative.dev/traceid":"5876af6b-1b52-4b73-b9ae-091573751a5d","knative.dev/key":"default/matrixmul-00001"}
{"severity":"INFO","timestamp":"2026-06-03T02:08:07.320449672Z","logger":"autoscaler","caller":"kpa/kpa.go:221","message":"KPA Scale decision for revision default/matrixmul-00001: currentPods=0, calculatedWant=-1, desiredPods=-1, excessBurstCapacity=-206","knative.dev/controller":"knative.dev.serving.pkg.reconciler.autoscaling.kpa.Reconciler","knative.dev/kind":"autoscaling.internal.knative.dev.PodAutoscaler","knative.dev/traceid":"5876af6b-1b52-4b73-b9ae-091573751a5d","knative.dev/key":"default/matrixmul-00001"}
{"severity":"INFO","timestamp":"2026-06-03T02:08:07.320466561Z","logger":"autoscaler","caller":"kpa/kpa.go:239","message":"Observed pod counts=kpa.podCounts{want:-1, ready:0, notReady:0, pending:0, terminating:0}","knative.dev/controller":"knative.dev.serving.pkg.reconciler.autoscaling.kpa.Reconciler","knative.dev/kind":"autoscaling.internal.knative.dev.PodAutoscaler","knative.dev/traceid":"5876af6b-1b52-4b73-b9ae-091573751a5d","knative.dev/key":"default/matrixmul-00001"}
{"severity":"INFO","timestamp":"2026-06-03T02:08:07.320560468Z","logger":"autoscaler","caller":"kpa/kpa.go:298","message":"KPA Status for revision default/matrixmul-00001 after reconcile: currentPods=0, desiredPods=-1, conditions=[Active=False Ready=False SKSReady=Unknown ScaleTargetInitialized=True]","knative.dev/controller":"knative.dev.serving.pkg.reconciler.autoscaling.kpa.Reconciler","knative.dev/kind":"autoscaling.internal.knative.dev.PodAutoscaler","knative.dev/traceid":"5876af6b-1b52-4b73-b9ae-091573751a5d","knative.dev/key":"default/matrixmul-00001"}
{"severity":"INFO","timestamp":"2026-06-03T02:08:07.320625727Z","logger":"autoscaler","caller":"kpa/kpa.go:242","message":"Cold start final  took: 556.388µs","knative.dev/controller":"knative.dev.serving.pkg.reconciler.autoscaling.kpa.Reconciler","knative.dev/kind":"autoscaling.internal.knative.dev.PodAutoscaler","knative.dev/traceid":"5876af6b-1b52-4b73-b9ae-091573751a5d","knative.dev/key":"default/matrixmul-00001"}
{"severity":"INFO","timestamp":"2026-06-03T02:08:07.320724579Z","logger":"autoscaler","caller":"controller/controller.go:530","message":"Reconcile succeeded","knative.dev/controller":"knative.dev.serving.pkg.reconciler.autoscaling.kpa.Reconciler","knative.dev/kind":"autoscaling.internal.knative.dev.PodAutoscaler","knative.dev/traceid":"5876af6b-1b52-4b73-b9ae-091573751a5d","knative.dev/key":"default/matrixmul-00001","duration":"689.925µs"}
{"severity":"INFO","timestamp":"2026-06-03T02:08:07.321161263Z","logger":"autoscaler","caller":"kpa/kpa.go:193","message":"SKS should be in Proxy mode: want = -1, ebc = -206, #act's = 3 PA Inactive? = true","knative.dev/controller":"knative.dev.serving.pkg.reconciler.autoscaling.kpa.Reconciler","knative.dev/kind":"autoscaling.internal.knative.dev.PodAutoscaler","knative.dev/traceid":"5c0ccc03-4f22-4859-84f2-418e5e63d83a","knative.dev/key":"default/fetchdata-00001"}
{"severity":"INFO","timestamp":"2026-06-03T02:08:07.32119793Z","logger":"autoscaler","caller":"kpa/kpa.go:221","message":"KPA Scale decision for revision default/fetchdata-00001: currentPods=0, calculatedWant=-1, desiredPods=-1, excessBurstCapacity=-206","knative.dev/controller":"knative.dev.serving.pkg.reconciler.autoscaling.kpa.Reconciler","knative.dev/kind":"autoscaling.internal.knative.dev.PodAutoscaler","knative.dev/traceid":"5c0ccc03-4f22-4859-84f2-418e5e63d83a","knative.dev/key":"default/fetchdata-00001"}
{"severity":"INFO","timestamp":"2026-06-03T02:08:07.321240967Z","logger":"autoscaler","caller":"kpa/kpa.go:239","message":"Observed pod counts=kpa.podCounts{want:-1, ready:0, notReady:0, pending:0, terminating:0}","knative.dev/controller":"knative.dev.serving.pkg.reconciler.autoscaling.kpa.Reconciler","knative.dev/kind":"autoscaling.internal.knative.dev.PodAutoscaler","knative.dev/traceid":"5c0ccc03-4f22-4859-84f2-418e5e63d83a","knative.dev/key":"default/fetchdata-00001"}
{"severity":"INFO","timestamp":"2026-06-03T02:08:07.321315689Z","logger":"autoscaler","caller":"kpa/kpa.go:298","message":"KPA Status for revision default/fetchdata-00001 after reconcile: currentPods=0, desiredPods=-1, conditions=[Active=False Ready=False SKSReady=Unknown ScaleTargetInitialized=True]","knative.dev/controller":"knative.dev.serving.pkg.reconciler.autoscaling.kpa.Reconciler","knative.dev/kind":"autoscaling.internal.knative.dev.PodAutoscaler","knative.dev/traceid":"5c0ccc03-4f22-4859-84f2-418e5e63d83a","knative.dev/key":"default/fetchdata-00001"}
{"severity":"INFO","timestamp":"2026-06-03T02:08:07.321377226Z","logger":"autoscaler","caller":"kpa/kpa.go:242","message":"Cold start final  took: 524.221µs","knative.dev/controller":"knative.dev.serving.pkg.reconciler.autoscaling.kpa.Reconciler","knative.dev/kind":"autoscaling.internal.knative.dev.PodAutoscaler","knative.dev/traceid":"5c0ccc03-4f22-4859-84f2-418e5e63d83a","knative.dev/key":"default/fetchdata-00001"}
{"severity":"INFO","timestamp":"2026-06-03T02:08:07.321424059Z","logger":"autoscaler","caller":"controller/controller.go:530","message":"Reconcile succeeded","knative.dev/controller":"knative.dev.serving.pkg.reconciler.autoscaling.kpa.Reconciler","knative.dev/kind":"autoscaling.internal.knative.dev.PodAutoscaler","knative.dev/traceid":"5c0ccc03-4f22-4859-84f2-418e5e63d83a","knative.dev/key":"default/fetchdata-00001","duration":"611.314µs"}
{"severity":"INFO","timestamp":"2026-06-03T02:08:07.321636152Z","logger":"autoscaler","caller":"controller/controller.go:530","message":"Reconcile succeeded","knative.dev/controller":"knative.dev.serving.pkg.reconciler.metric.reconciler","knative.dev/kind":"autoscaling.internal.knative.dev.Metric","knative.dev/traceid":"acf7b10c-a4fc-4b08-860a-03a6f5b30f88","knative.dev/key":"default/fastfouriertransform-00001","duration":"84.463µs"}
{"severity":"INFO","timestamp":"2026-06-03T02:08:07.32175054Z","logger":"autoscaler","caller":"controller/controller.go:530","message":"Reconcile succeeded","knative.dev/controller":"knative.dev.serving.pkg.reconciler.metric.reconciler","knative.dev/kind":"autoscaling.internal.knative.dev.Metric","knative.dev/traceid":"5869ca64-d081-4b9a-9bc1-935885c52233","knative.dev/key":"default/fetchdata-00001","duration":"87.093µs"}
{"severity":"INFO","timestamp":"2026-06-03T02:08:07.321905559Z","logger":"autoscaler","caller":"controller/controller.go:530","message":"Reconcile succeeded","knative.dev/controller":"knative.dev.serving.pkg.reconciler.metric.reconciler","knative.dev/kind":"autoscaling.internal.knative.dev.Metric","knative.dev/traceid":"64234285-82b4-4f84-9fd7-b31b6568728c","knative.dev/key":"default/genmatrix-00001","duration":"60.093µs"}
{"severity":"INFO","timestamp":"2026-06-03T02:08:07.322032318Z","logger":"autoscaler","caller":"controller/controller.go:530","message":"Reconcile succeeded","knative.dev/controller":"knative.dev.serving.pkg.reconciler.metric.reconciler","knative.dev/kind":"autoscaling.internal.knative.dev.Metric","knative.dev/traceid":"a6ba7e20-6dfb-43a5-b83e-86cebcffa29c","knative.dev/key":"default/linpack-00001","duration":"40.815µs"}
{"severity":"INFO","timestamp":"2026-06-03T02:08:07.322492762Z","logger":"autoscaler","caller":"kpa/kpa.go:193","message":"SKS should be in Proxy mode: want = -1, ebc = -206, #act's = 3 PA Inactive? = true","knative.dev/controller":"knative.dev.serving.pkg.reconciler.autoscaling.kpa.Reconciler","knative.dev/kind":"autoscaling.internal.knative.dev.PodAutoscaler","knative.dev/traceid":"484c4240-cf86-4a7a-9311-563e6ddb7288","knative.dev/key":"default/genmatrix-00001"}
{"severity":"INFO","timestamp":"2026-06-03T02:08:07.322581688Z","logger":"autoscaler","caller":"kpa/kpa.go:221","message":"KPA Scale decision for revision default/genmatrix-00001: currentPods=0, calculatedWant=-1, desiredPods=-1, excessBurstCapacity=-206","knative.dev/controller":"knative.dev.serving.pkg.reconciler.autoscaling.kpa.Reconciler","knative.dev/kind":"autoscaling.internal.knative.dev.PodAutoscaler","knative.dev/traceid":"484c4240-cf86-4a7a-9311-563e6ddb7288","knative.dev/key":"default/genmatrix-00001"}
{"severity":"INFO","timestamp":"2026-06-03T02:08:07.322604762Z","logger":"autoscaler","caller":"kpa/kpa.go:239","message":"Observed pod counts=kpa.podCounts{want:-1, ready:0, notReady:0, pending:0, terminating:0}","knative.dev/controller":"knative.dev.serving.pkg.reconciler.autoscaling.kpa.Reconciler","knative.dev/kind":"autoscaling.internal.knative.dev.PodAutoscaler","knative.dev/traceid":"484c4240-cf86-4a7a-9311-563e6ddb7288","knative.dev/key":"default/genmatrix-00001"}
{"severity":"INFO","timestamp":"2026-06-03T02:08:07.322705317Z","logger":"autoscaler","caller":"kpa/kpa.go:298","message":"KPA Status for revision default/genmatrix-00001 after reconcile: currentPods=0, desiredPods=-1, conditions=[Active=False Ready=False SKSReady=Unknown ScaleTargetInitialized=True]","knative.dev/controller":"knative.dev.serving.pkg.reconciler.autoscaling.kpa.Reconciler","knative.dev/kind":"autoscaling.internal.knative.dev.PodAutoscaler","knative.dev/traceid":"484c4240-cf86-4a7a-9311-563e6ddb7288","knative.dev/key":"default/genmatrix-00001"}
{"severity":"INFO","timestamp":"2026-06-03T02:08:07.322774224Z","logger":"autoscaler","caller":"kpa/kpa.go:242","message":"Cold start final  took: 559.906µs","knative.dev/controller":"knative.dev.serving.pkg.reconciler.autoscaling.kpa.Reconciler","knative.dev/kind":"autoscaling.internal.knative.dev.PodAutoscaler","knative.dev/traceid":"484c4240-cf86-4a7a-9311-563e6ddb7288","knative.dev/key":"default/genmatrix-00001"}
{"severity":"INFO","timestamp":"2026-06-03T02:08:07.32286878Z","logger":"autoscaler","caller":"controller/controller.go:530","message":"Reconcile succeeded","knative.dev/controller":"knative.dev.serving.pkg.reconciler.autoscaling.kpa.Reconciler","knative.dev/kind":"autoscaling.internal.knative.dev.PodAutoscaler","knative.dev/traceid":"484c4240-cf86-4a7a-9311-563e6ddb7288","knative.dev/key":"default/genmatrix-00001","duration":"752.721µs"}
{"severity":"INFO","timestamp":"2026-06-03T02:08:07.323315816Z","logger":"autoscaler","caller":"kpa/kpa.go:193","message":"SKS should be in Proxy mode: want = -1, ebc = -206, #act's = 3 PA Inactive? = true","knative.dev/controller":"knative.dev.serving.pkg.reconciler.autoscaling.kpa.Reconciler","knative.dev/kind":"autoscaling.internal.knative.dev.PodAutoscaler","knative.dev/traceid":"0742c5d4-cef3-406b-a9f1-0f3964e41c8c","knative.dev/key":"default/linpack-00001"}
{"severity":"INFO","timestamp":"2026-06-03T02:08:07.323400668Z","logger":"autoscaler","caller":"kpa/kpa.go:221","message":"KPA Scale decision for revision default/linpack-00001: currentPods=0, calculatedWant=-1, desiredPods=-1, excessBurstCapacity=-206","knative.dev/controller":"knative.dev.serving.pkg.reconciler.autoscaling.kpa.Reconciler","knative.dev/kind":"autoscaling.internal.knative.dev.PodAutoscaler","knative.dev/traceid":"0742c5d4-cef3-406b-a9f1-0f3964e41c8c","knative.dev/key":"default/linpack-00001"}
{"severity":"INFO","timestamp":"2026-06-03T02:08:07.323425094Z","logger":"autoscaler","caller":"kpa/kpa.go:239","message":"Observed pod counts=kpa.podCounts{want:-1, ready:0, notReady:0, pending:0, terminating:0}","knative.dev/controller":"knative.dev.serving.pkg.reconciler.autoscaling.kpa.Reconciler","knative.dev/kind":"autoscaling.internal.knative.dev.PodAutoscaler","knative.dev/traceid":"0742c5d4-cef3-406b-a9f1-0f3964e41c8c","knative.dev/key":"default/linpack-00001"}
{"severity":"INFO","timestamp":"2026-06-03T02:08:07.323532372Z","logger":"autoscaler","caller":"kpa/kpa.go:298","message":"KPA Status for revision default/linpack-00001 after reconcile: currentPods=0, desiredPods=-1, conditions=[Active=False Ready=False SKSReady=Unknown ScaleTargetInitialized=True]","knative.dev/controller":"knative.dev.serving.pkg.reconciler.autoscaling.kpa.Reconciler","knative.dev/kind":"autoscaling.internal.knative.dev.PodAutoscaler","knative.dev/traceid":"0742c5d4-cef3-406b-a9f1-0f3964e41c8c","knative.dev/key":"default/linpack-00001"}
{"severity":"INFO","timestamp":"2026-06-03T02:08:07.323558168Z","logger":"autoscaler","caller":"kpa/kpa.go:242","message":"Cold start final  took: 556.999µs","knative.dev/controller":"knative.dev.serving.pkg.reconciler.autoscaling.kpa.Reconciler","knative.dev/kind":"autoscaling.internal.knative.dev.PodAutoscaler","knative.dev/traceid":"0742c5d4-cef3-406b-a9f1-0f3964e41c8c","knative.dev/key":"default/linpack-00001"}
{"severity":"INFO","timestamp":"2026-06-03T02:08:07.32359902Z","logger":"autoscaler","caller":"controller/controller.go:530","message":"Reconcile succeeded","knative.dev/controller":"knative.dev.serving.pkg.reconciler.autoscaling.kpa.Reconciler","knative.dev/kind":"autoscaling.internal.knative.dev.PodAutoscaler","knative.dev/traceid":"0742c5d4-cef3-406b-a9f1-0f3964e41c8c","knative.dev/key":"default/linpack-00001","duration":"660.574µs"}
I0603 02:11:18.538245       1 warnings.go:110] "Warning: v1 Endpoints is deprecated in v1.33+; use discovery.k8s.io/v1 EndpointSlice"
I0603 02:18:50.541435       1 warnings.go:110] "Warning: v1 Endpoints is deprecated in v1.33+; use discovery.k8s.io/v1 EndpointSlice"
I0603 02:27:50.543801       1 warnings.go:110] "Warning: v1 Endpoints is deprecated in v1.33+; use discovery.k8s.io/v1 EndpointSlice"
I0603 02:35:46.546965       1 warnings.go:110] "Warning: v1 Endpoints is deprecated in v1.33+; use discovery.k8s.io/v1 EndpointSlice"
I0603 02:44:51.549170       1 warnings.go:110] "Warning: v1 Endpoints is deprecated in v1.33+; use discovery.k8s.io/v1 EndpointSlice"
I0603 02:50:26.551360       1 warnings.go:110] "Warning: v1 Endpoints is deprecated in v1.33+; use discovery.k8s.io/v1 EndpointSlice"
I0603 02:59:25.554029       1 warnings.go:110] "Warning: v1 Endpoints is deprecated in v1.33+; use discovery.k8s.io/v1 EndpointSlice"
I0603 03:04:44.556103       1 warnings.go:110] "Warning: v1 Endpoints is deprecated in v1.33+; use discovery.k8s.io/v1 EndpointSlice"
I0603 03:09:44.557752       1 warnings.go:110] "Warning: v1 Endpoints is deprecated in v1.33+; use discovery.k8s.io/v1 EndpointSlice"
I0603 03:17:05.561810       1 warnings.go:110] "Warning: v1 Endpoints is deprecated in v1.33+; use discovery.k8s.io/v1 EndpointSlice"
I0603 03:22:23.564678       1 warnings.go:110] "Warning: v1 Endpoints is deprecated in v1.33+; use discovery.k8s.io/v1 EndpointSlice"
I0603 03:28:54.567621       1 warnings.go:110] "Warning: v1 Endpoints is deprecated in v1.33+; use discovery.k8s.io/v1 EndpointSlice"
I0603 03:38:06.571369       1 warnings.go:110] "Warning: v1 Endpoints is deprecated in v1.33+; use discovery.k8s.io/v1 EndpointSlice"
I0603 03:46:17.574560       1 warnings.go:110] "Warning: v1 Endpoints is deprecated in v1.33+; use discovery.k8s.io/v1 EndpointSlice"
I0603 03:55:48.577112       1 warnings.go:110] "Warning: v1 Endpoints is deprecated in v1.33+; use discovery.k8s.io/v1 EndpointSlice"
I0603 04:04:13.579475       1 warnings.go:110] "Warning: v1 Endpoints is deprecated in v1.33+; use discovery.k8s.io/v1 EndpointSlice"
I0603 04:13:59.582759       1 warnings.go:110] "Warning: v1 Endpoints is deprecated in v1.33+; use discovery.k8s.io/v1 EndpointSlice"
I0603 04:21:16.586070       1 warnings.go:110] "Warning: v1 Endpoints is deprecated in v1.33+; use discovery.k8s.io/v1 EndpointSlice"
I0603 04:27:43.588988       1 warnings.go:110] "Warning: v1 Endpoints is deprecated in v1.33+; use discovery.k8s.io/v1 EndpointSlice"
I0603 04:33:35.591649       1 warnings.go:110] "Warning: v1 Endpoints is deprecated in v1.33+; use discovery.k8s.io/v1 EndpointSlice"
I0603 04:43:27.593721       1 warnings.go:110] "Warning: v1 Endpoints is deprecated in v1.33+; use discovery.k8s.io/v1 EndpointSlice"
I0603 04:52:04.595714       1 warnings.go:110] "Warning: v1 Endpoints is deprecated in v1.33+; use discovery.k8s.io/v1 EndpointSlice"
I0603 04:59:31.599507       1 warnings.go:110] "Warning: v1 Endpoints is deprecated in v1.33+; use discovery.k8s.io/v1 EndpointSlice"
I0603 05:06:00.602159       1 warnings.go:110] "Warning: v1 Endpoints is deprecated in v1.33+; use discovery.k8s.io/v1 EndpointSlice"
I0603 05:15:17.604408       1 warnings.go:110] "Warning: v1 Endpoints is deprecated in v1.33+; use discovery.k8s.io/v1 EndpointSlice"
I0603 05:21:19.608049       1 warnings.go:110] "Warning: v1 Endpoints is deprecated in v1.33+; use discovery.k8s.io/v1 EndpointSlice"
I0603 05:28:29.610788       1 warnings.go:110] "Warning: v1 Endpoints is deprecated in v1.33+; use discovery.k8s.io/v1 EndpointSlice"
I0603 05:37:46.614245       1 warnings.go:110] "Warning: v1 Endpoints is deprecated in v1.33+; use discovery.k8s.io/v1 EndpointSlice"
I0603 05:44:21.619362       1 warnings.go:110] "Warning: v1 Endpoints is deprecated in v1.33+; use discovery.k8s.io/v1 EndpointSlice"
I0603 05:50:50.622580       1 warnings.go:110] "Warning: v1 Endpoints is deprecated in v1.33+; use discovery.k8s.io/v1 EndpointSlice"
I0603 06:00:34.624951       1 warnings.go:110] "Warning: v1 Endpoints is deprecated in v1.33+; use discovery.k8s.io/v1 EndpointSlice"
I0603 06:07:15.629115       1 warnings.go:110] "Warning: v1 Endpoints is deprecated in v1.33+; use discovery.k8s.io/v1 EndpointSlice"
I0603 06:15:41.632332       1 warnings.go:110] "Warning: v1 Endpoints is deprecated in v1.33+; use discovery.k8s.io/v1 EndpointSlice"
I0603 06:22:34.635076       1 warnings.go:110] "Warning: v1 Endpoints is deprecated in v1.33+; use discovery.k8s.io/v1 EndpointSlice"
I0603 06:32:32.638751       1 warnings.go:110] "Warning: v1 Endpoints is deprecated in v1.33+; use discovery.k8s.io/v1 EndpointSlice"
I0603 06:41:45.641188       1 warnings.go:110] "Warning: v1 Endpoints is deprecated in v1.33+; use discovery.k8s.io/v1 EndpointSlice"
I0603 06:47:08.642924       1 warnings.go:110] "Warning: v1 Endpoints is deprecated in v1.33+; use discovery.k8s.io/v1 EndpointSlice"
I0603 06:55:27.644499       1 warnings.go:110] "Warning: v1 Endpoints is deprecated in v1.33+; use discovery.k8s.io/v1 EndpointSlice"
I0603 07:01:47.648233       1 warnings.go:110] "Warning: v1 Endpoints is deprecated in v1.33+; use discovery.k8s.io/v1 EndpointSlice"
I0603 07:09:33.650794       1 warnings.go:110] "Warning: v1 Endpoints is deprecated in v1.33+; use discovery.k8s.io/v1 EndpointSlice"
I0603 07:15:35.654511       1 warnings.go:110] "Warning: v1 Endpoints is deprecated in v1.33+; use discovery.k8s.io/v1 EndpointSlice"
{"severity":"INFO","timestamp":"2026-06-03T07:16:39.421035453Z","logger":"autoscaler","caller":"scaling/autoscaler.go:207","message":"For metric concurrency observed values: stable = 2.0; panic = 2.0; target = 3.5 Desired StablePodCount = 1, PanicPodCount = 1, ReadyEndpointCount = 0, MaxScaleUp = 1000, MaxScaleDown = 0","knative.dev/key":"default/linpack-00001"}
{"severity":"INFO","timestamp":"2026-06-03T07:16:39.421126305Z","logger":"autoscaler","caller":"scaling/autoscaler.go:314","message":"Autoscaler: stable=2.033697 panic=2.033697 target=3.500000 pods=%!d(float64=1) desired=1 excessBC=-214.000000","knative.dev/key":"default/linpack-00001"}
{"severity":"INFO","timestamp":"2026-06-03T07:16:39.421152805Z","logger":"autoscaler","caller":"scaling/autoscaler.go:318","message":"⏱ Autoscaler decision: 144.759µs.","knative.dev/key":"default/linpack-00001"}
{"severity":"INFO","timestamp":"2026-06-03T07:16:39.423189968Z","logger":"autoscaler","caller":"scaling/autoscaler.go:207","message":"For metric concurrency observed values: stable = 1.0; panic = 1.0; target = 3.5 Desired StablePodCount = 1, PanicPodCount = 1, ReadyEndpointCount = 0, MaxScaleUp = 1000, MaxScaleDown = 0","knative.dev/key":"default/genmatrix-00001"}
{"severity":"INFO","timestamp":"2026-06-03T07:16:39.423237802Z","logger":"autoscaler","caller":"scaling/autoscaler.go:314","message":"Autoscaler: stable=1.000000 panic=1.000000 target=3.500000 pods=%!d(float64=1) desired=1 excessBC=-212.000000","knative.dev/key":"default/genmatrix-00001"}
{"severity":"INFO","timestamp":"2026-06-03T07:16:39.423260302Z","logger":"autoscaler","caller":"scaling/autoscaler.go:318","message":"⏱ Autoscaler decision: 87.926µs.","knative.dev/key":"default/genmatrix-00001"}
{"severity":"INFO","timestamp":"2026-06-03T07:16:39.423825745Z","logger":"autoscaler","caller":"scaling/autoscaler.go:207","message":"For metric concurrency observed values: stable = 1.2; panic = 1.2; target = 3.5 Desired StablePodCount = 1, PanicPodCount = 1, ReadyEndpointCount = 0, MaxScaleUp = 1000, MaxScaleDown = 0","knative.dev/key":"default/fastfouriertransform-00001"}
{"severity":"INFO","timestamp":"2026-06-03T07:16:39.423856856Z","logger":"autoscaler","caller":"scaling/autoscaler.go:314","message":"Autoscaler: stable=1.203657 panic=1.203657 target=3.500000 pods=%!d(float64=1) desired=1 excessBC=-213.000000","knative.dev/key":"default/fastfouriertransform-00001"}
{"severity":"INFO","timestamp":"2026-06-03T07:16:39.423877319Z","logger":"autoscaler","caller":"scaling/autoscaler.go:318","message":"⏱ Autoscaler decision: 58.87µs.","knative.dev/key":"default/fastfouriertransform-00001"}
{"severity":"INFO","timestamp":"2026-06-03T07:16:39.423920504Z","logger":"autoscaler","caller":"scaling/autoscaler.go:207","message":"For metric concurrency observed values: stable = 1.3; panic = 1.3; target = 3.5 Desired StablePodCount = 1, PanicPodCount = 1, ReadyEndpointCount = 0, MaxScaleUp = 1000, MaxScaleDown = 0","knative.dev/key":"default/fetchdata-00001"}
{"severity":"INFO","timestamp":"2026-06-03T07:16:39.423938523Z","logger":"autoscaler","caller":"scaling/autoscaler.go:314","message":"Autoscaler: stable=1.258636 panic=1.258636 target=3.500000 pods=%!d(float64=1) desired=1 excessBC=-213.000000","knative.dev/key":"default/fetchdata-00001"}
{"severity":"INFO","timestamp":"2026-06-03T07:16:39.423956727Z","logger":"autoscaler","caller":"scaling/autoscaler.go:318","message":"⏱ Autoscaler decision: 43.407µs.","knative.dev/key":"default/fetchdata-00001"}
{"severity":"INFO","timestamp":"2026-06-03T07:16:39.642791393Z","logger":"autoscaler","caller":"kpa/scaler.go:380","message":"Scaling from 0 to 1","knative.dev/controller":"knative.dev.serving.pkg.reconciler.autoscaling.kpa.Reconciler","knative.dev/kind":"autoscaling.internal.knative.dev.PodAutoscaler","knative.dev/traceid":"deae1de2-9546-426d-ae4b-ee5f79a26e3a","knative.dev/key":"default/linpack-00001"}
{"severity":"INFO","timestamp":"2026-06-03T07:16:39.644818204Z","logger":"autoscaler","caller":"kpa/scaler.go:380","message":"Scaling from 0 to 1","knative.dev/controller":"knative.dev.serving.pkg.reconciler.autoscaling.kpa.Reconciler","knative.dev/kind":"autoscaling.internal.knative.dev.PodAutoscaler","knative.dev/traceid":"f8c25f0e-4b72-4156-94b0-464b887de804","knative.dev/key":"default/genmatrix-00001"}
{"severity":"INFO","timestamp":"2026-06-03T07:16:39.655419225Z","logger":"autoscaler","caller":"kpa/kpa.go:193","message":"SKS should be in Proxy mode: want = 1, ebc = -214, #act's = 3 PA Inactive? = true","knative.dev/controller":"knative.dev.serving.pkg.reconciler.autoscaling.kpa.Reconciler","knative.dev/kind":"autoscaling.internal.knative.dev.PodAutoscaler","knative.dev/traceid":"deae1de2-9546-426d-ae4b-ee5f79a26e3a","knative.dev/key":"default/linpack-00001"}
{"severity":"INFO","timestamp":"2026-06-03T07:16:39.655512892Z","logger":"autoscaler","caller":"kpa/kpa.go:221","message":"KPA Scale decision for revision default/linpack-00001: currentPods=0, calculatedWant=1, desiredPods=1, excessBurstCapacity=-214","knative.dev/controller":"knative.dev.serving.pkg.reconciler.autoscaling.kpa.Reconciler","knative.dev/kind":"autoscaling.internal.knative.dev.PodAutoscaler","knative.dev/traceid":"deae1de2-9546-426d-ae4b-ee5f79a26e3a","knative.dev/key":"default/linpack-00001"}
{"severity":"INFO","timestamp":"2026-06-03T07:16:39.65553817Z","logger":"autoscaler","caller":"kpa/kpa.go:239","message":"Observed pod counts=kpa.podCounts{want:1, ready:0, notReady:0, pending:0, terminating:0}","knative.dev/controller":"knative.dev.serving.pkg.reconciler.autoscaling.kpa.Reconciler","knative.dev/kind":"autoscaling.internal.knative.dev.PodAutoscaler","knative.dev/traceid":"deae1de2-9546-426d-ae4b-ee5f79a26e3a","knative.dev/key":"default/linpack-00001"}
{"severity":"INFO","timestamp":"2026-06-03T07:16:39.655614855Z","logger":"autoscaler","caller":"kpa/kpa.go:298","message":"KPA Status for revision default/linpack-00001 after reconcile: currentPods=0, desiredPods=1, conditions=[Active=False Ready=False SKSReady=Unknown ScaleTargetInitialized=True]","knative.dev/controller":"knative.dev.serving.pkg.reconciler.autoscaling.kpa.Reconciler","knative.dev/kind":"autoscaling.internal.knative.dev.PodAutoscaler","knative.dev/traceid":"deae1de2-9546-426d-ae4b-ee5f79a26e3a","knative.dev/key":"default/linpack-00001"}
{"severity":"INFO","timestamp":"2026-06-03T07:16:39.655693114Z","logger":"autoscaler","caller":"kpa/kpa.go:242","message":"Cold start final  took: 234.295809ms","knative.dev/controller":"knative.dev.serving.pkg.reconciler.autoscaling.kpa.Reconciler","knative.dev/kind":"autoscaling.internal.knative.dev.PodAutoscaler","knative.dev/traceid":"deae1de2-9546-426d-ae4b-ee5f79a26e3a","knative.dev/key":"default/linpack-00001"}
{"severity":"INFO","timestamp":"2026-06-03T07:16:39.663657342Z","logger":"autoscaler","caller":"kpa/kpa.go:193","message":"SKS should be in Proxy mode: want = 1, ebc = -212, #act's = 3 PA Inactive? = true","knative.dev/controller":"knative.dev.serving.pkg.reconciler.autoscaling.kpa.Reconciler","knative.dev/kind":"autoscaling.internal.knative.dev.PodAutoscaler","knative.dev/traceid":"f8c25f0e-4b72-4156-94b0-464b887de804","knative.dev/key":"default/genmatrix-00001"}
{"severity":"INFO","timestamp":"2026-06-03T07:16:39.663774287Z","logger":"autoscaler","caller":"kpa/kpa.go:221","message":"KPA Scale decision for revision default/genmatrix-00001: currentPods=0, calculatedWant=1, desiredPods=1, excessBurstCapacity=-212","knative.dev/controller":"knative.dev.serving.pkg.reconciler.autoscaling.kpa.Reconciler","knative.dev/kind":"autoscaling.internal.knative.dev.PodAutoscaler","knative.dev/traceid":"f8c25f0e-4b72-4156-94b0-464b887de804","knative.dev/key":"default/genmatrix-00001"}
{"severity":"INFO","timestamp":"2026-06-03T07:16:39.663832064Z","logger":"autoscaler","caller":"kpa/kpa.go:239","message":"Observed pod counts=kpa.podCounts{want:1, ready:0, notReady:0, pending:0, terminating:0}","knative.dev/controller":"knative.dev.serving.pkg.reconciler.autoscaling.kpa.Reconciler","knative.dev/kind":"autoscaling.internal.knative.dev.PodAutoscaler","knative.dev/traceid":"f8c25f0e-4b72-4156-94b0-464b887de804","knative.dev/key":"default/genmatrix-00001"}
{"severity":"INFO","timestamp":"2026-06-03T07:16:39.663858694Z","logger":"autoscaler","caller":"kpa/kpa.go:298","message":"KPA Status for revision default/genmatrix-00001 after reconcile: currentPods=0, desiredPods=1, conditions=[Active=False Ready=False SKSReady=Unknown ScaleTargetInitialized=True]","knative.dev/controller":"knative.dev.serving.pkg.reconciler.autoscaling.kpa.Reconciler","knative.dev/kind":"autoscaling.internal.knative.dev.PodAutoscaler","knative.dev/traceid":"f8c25f0e-4b72-4156-94b0-464b887de804","knative.dev/key":"default/genmatrix-00001"}
{"severity":"INFO","timestamp":"2026-06-03T07:16:39.663885546Z","logger":"autoscaler","caller":"kpa/kpa.go:242","message":"Cold start final  took: 240.477207ms","knative.dev/controller":"knative.dev.serving.pkg.reconciler.autoscaling.kpa.Reconciler","knative.dev/kind":"autoscaling.internal.knative.dev.PodAutoscaler","knative.dev/traceid":"f8c25f0e-4b72-4156-94b0-464b887de804","knative.dev/key":"default/genmatrix-00001"}
{"severity":"INFO","timestamp":"2026-06-03T07:16:39.675926787Z","logger":"autoscaler","caller":"controller/controller.go:530","message":"Reconcile succeeded","knative.dev/controller":"knative.dev.serving.pkg.reconciler.autoscaling.kpa.Reconciler","knative.dev/kind":"autoscaling.internal.knative.dev.PodAutoscaler","knative.dev/traceid":"deae1de2-9546-426d-ae4b-ee5f79a26e3a","knative.dev/key":"default/linpack-00001","duration":"254.717593ms"}
{"severity":"INFO","timestamp":"2026-06-03T07:16:39.6765476Z","logger":"autoscaler","caller":"kpa/scaler.go:380","message":"Scaling from 0 to 1","knative.dev/controller":"knative.dev.serving.pkg.reconciler.autoscaling.kpa.Reconciler","knative.dev/kind":"autoscaling.internal.knative.dev.PodAutoscaler","knative.dev/traceid":"a1f257b5-4ced-4c37-8420-c7376def8ebc","knative.dev/key":"default/fastfouriertransform-00001"}
{"severity":"INFO","timestamp":"2026-06-03T07:16:39.685034495Z","logger":"autoscaler","caller":"controller/controller.go:530","message":"Reconcile succeeded","knative.dev/controller":"knative.dev.serving.pkg.reconciler.autoscaling.kpa.Reconciler","knative.dev/kind":"autoscaling.internal.knative.dev.PodAutoscaler","knative.dev/traceid":"f8c25f0e-4b72-4156-94b0-464b887de804","knative.dev/key":"default/genmatrix-00001","duration":"261.718675ms"}
{"severity":"INFO","timestamp":"2026-06-03T07:16:39.685528272Z","logger":"autoscaler","caller":"kpa/scaler.go:380","message":"Scaling from 0 to 1","knative.dev/controller":"knative.dev.serving.pkg.reconciler.autoscaling.kpa.Reconciler","knative.dev/kind":"autoscaling.internal.knative.dev.PodAutoscaler","knative.dev/traceid":"deebcb8a-5c65-42d6-a225-1f3eb8812ef1","knative.dev/key":"default/fetchdata-00001"}
{"severity":"INFO","timestamp":"2026-06-03T07:16:39.700516194Z","logger":"autoscaler","caller":"kpa/kpa.go:193","message":"SKS should be in Proxy mode: want = 1, ebc = -213, #act's = 3 PA Inactive? = true","knative.dev/controller":"knative.dev.serving.pkg.reconciler.autoscaling.kpa.Reconciler","knative.dev/kind":"autoscaling.internal.knative.dev.PodAutoscaler","knative.dev/traceid":"a1f257b5-4ced-4c37-8420-c7376def8ebc","knative.dev/key":"default/fastfouriertransform-00001"}
{"severity":"INFO","timestamp":"2026-06-03T07:16:39.700642416Z","logger":"autoscaler","caller":"kpa/kpa.go:221","message":"KPA Scale decision for revision default/fastfouriertransform-00001: currentPods=0, calculatedWant=1, desiredPods=1, excessBurstCapacity=-213","knative.dev/controller":"knative.dev.serving.pkg.reconciler.autoscaling.kpa.Reconciler","knative.dev/kind":"autoscaling.internal.knative.dev.PodAutoscaler","knative.dev/traceid":"a1f257b5-4ced-4c37-8420-c7376def8ebc","knative.dev/key":"default/fastfouriertransform-00001"}
{"severity":"INFO","timestamp":"2026-06-03T07:16:39.700667341Z","logger":"autoscaler","caller":"kpa/kpa.go:239","message":"Observed pod counts=kpa.podCounts{want:1, ready:0, notReady:0, pending:0, terminating:0}","knative.dev/controller":"knative.dev.serving.pkg.reconciler.autoscaling.kpa.Reconciler","knative.dev/kind":"autoscaling.internal.knative.dev.PodAutoscaler","knative.dev/traceid":"a1f257b5-4ced-4c37-8420-c7376def8ebc","knative.dev/key":"default/fastfouriertransform-00001"}
{"severity":"INFO","timestamp":"2026-06-03T07:16:39.700752304Z","logger":"autoscaler","caller":"kpa/kpa.go:298","message":"KPA Status for revision default/fastfouriertransform-00001 after reconcile: currentPods=0, desiredPods=1, conditions=[Active=False Ready=False SKSReady=Unknown ScaleTargetInitialized=True]","knative.dev/controller":"knative.dev.serving.pkg.reconciler.autoscaling.kpa.Reconciler","knative.dev/kind":"autoscaling.internal.knative.dev.PodAutoscaler","knative.dev/traceid":"a1f257b5-4ced-4c37-8420-c7376def8ebc","knative.dev/key":"default/fastfouriertransform-00001"}
{"severity":"INFO","timestamp":"2026-06-03T07:16:39.701040378Z","logger":"autoscaler","caller":"kpa/kpa.go:242","message":"Cold start final  took: 24.926018ms","knative.dev/controller":"knative.dev.serving.pkg.reconciler.autoscaling.kpa.Reconciler","knative.dev/kind":"autoscaling.internal.knative.dev.PodAutoscaler","knative.dev/traceid":"a1f257b5-4ced-4c37-8420-c7376def8ebc","knative.dev/key":"default/fastfouriertransform-00001"}
{"severity":"INFO","timestamp":"2026-06-03T07:16:39.711444788Z","logger":"autoscaler","caller":"kpa/kpa.go:193","message":"SKS should be in Proxy mode: want = 1, ebc = -213, #act's = 3 PA Inactive? = true","knative.dev/controller":"knative.dev.serving.pkg.reconciler.autoscaling.kpa.Reconciler","knative.dev/kind":"autoscaling.internal.knative.dev.PodAutoscaler","knative.dev/traceid":"deebcb8a-5c65-42d6-a225-1f3eb8812ef1","knative.dev/key":"default/fetchdata-00001"}
{"severity":"INFO","timestamp":"2026-06-03T07:16:39.711549491Z","logger":"autoscaler","caller":"kpa/kpa.go:221","message":"KPA Scale decision for revision default/fetchdata-00001: currentPods=0, calculatedWant=1, desiredPods=1, excessBurstCapacity=-213","knative.dev/controller":"knative.dev.serving.pkg.reconciler.autoscaling.kpa.Reconciler","knative.dev/kind":"autoscaling.internal.knative.dev.PodAutoscaler","knative.dev/traceid":"deebcb8a-5c65-42d6-a225-1f3eb8812ef1","knative.dev/key":"default/fetchdata-00001"}
{"severity":"INFO","timestamp":"2026-06-03T07:16:39.711574399Z","logger":"autoscaler","caller":"kpa/kpa.go:239","message":"Observed pod counts=kpa.podCounts{want:1, ready:0, notReady:0, pending:0, terminating:0}","knative.dev/controller":"knative.dev.serving.pkg.reconciler.autoscaling.kpa.Reconciler","knative.dev/kind":"autoscaling.internal.knative.dev.PodAutoscaler","knative.dev/traceid":"deebcb8a-5c65-42d6-a225-1f3eb8812ef1","knative.dev/key":"default/fetchdata-00001"}
{"severity":"INFO","timestamp":"2026-06-03T07:16:39.711631528Z","logger":"autoscaler","caller":"kpa/kpa.go:298","message":"KPA Status for revision default/fetchdata-00001 after reconcile: currentPods=0, desiredPods=1, conditions=[Active=False Ready=False SKSReady=Unknown ScaleTargetInitialized=True]","knative.dev/controller":"knative.dev.serving.pkg.reconciler.autoscaling.kpa.Reconciler","knative.dev/kind":"autoscaling.internal.knative.dev.PodAutoscaler","knative.dev/traceid":"deebcb8a-5c65-42d6-a225-1f3eb8812ef1","knative.dev/key":"default/fetchdata-00001"}
{"severity":"INFO","timestamp":"2026-06-03T07:16:39.711663602Z","logger":"autoscaler","caller":"kpa/kpa.go:242","message":"Cold start final  took: 26.467904ms","knative.dev/controller":"knative.dev.serving.pkg.reconciler.autoscaling.kpa.Reconciler","knative.dev/kind":"autoscaling.internal.knative.dev.PodAutoscaler","knative.dev/traceid":"deebcb8a-5c65-42d6-a225-1f3eb8812ef1","knative.dev/key":"default/fetchdata-00001"}
{"severity":"INFO","timestamp":"2026-06-03T07:16:39.720393848Z","logger":"autoscaler","caller":"controller/controller.go:530","message":"Reconcile succeeded","knative.dev/controller":"knative.dev.serving.pkg.reconciler.autoscaling.kpa.Reconciler","knative.dev/kind":"autoscaling.internal.knative.dev.PodAutoscaler","knative.dev/traceid":"a1f257b5-4ced-4c37-8420-c7376def8ebc","knative.dev/key":"default/fastfouriertransform-00001","duration":"44.415858ms"}
{"severity":"INFO","timestamp":"2026-06-03T07:16:39.720608867Z","logger":"autoscaler","caller":"kpa/kpa.go:193","message":"SKS should be in Proxy mode: want = 1, ebc = -214, #act's = 3 PA Inactive? = false","knative.dev/controller":"knative.dev.serving.pkg.reconciler.autoscaling.kpa.Reconciler","knative.dev/kind":"autoscaling.internal.knative.dev.PodAutoscaler","knative.dev/traceid":"0d1d40d9-385b-499d-bf8e-777883d8ab39","knative.dev/key":"default/linpack-00001"}
{"severity":"INFO","timestamp":"2026-06-03T07:16:39.720666866Z","logger":"autoscaler","caller":"kpa/kpa.go:221","message":"KPA Scale decision for revision default/linpack-00001: currentPods=0, calculatedWant=1, desiredPods=1, excessBurstCapacity=-214","knative.dev/controller":"knative.dev.serving.pkg.reconciler.autoscaling.kpa.Reconciler","knative.dev/kind":"autoscaling.internal.knative.dev.PodAutoscaler","knative.dev/traceid":"0d1d40d9-385b-499d-bf8e-777883d8ab39","knative.dev/key":"default/linpack-00001"}
{"severity":"INFO","timestamp":"2026-06-03T07:16:39.720686459Z","logger":"autoscaler","caller":"kpa/kpa.go:239","message":"Observed pod counts=kpa.podCounts{want:1, ready:0, notReady:0, pending:0, terminating:0}","knative.dev/controller":"knative.dev.serving.pkg.reconciler.autoscaling.kpa.Reconciler","knative.dev/kind":"autoscaling.internal.knative.dev.PodAutoscaler","knative.dev/traceid":"0d1d40d9-385b-499d-bf8e-777883d8ab39","knative.dev/key":"default/linpack-00001"}
{"severity":"INFO","timestamp":"2026-06-03T07:16:39.720706496Z","logger":"autoscaler","caller":"kpa/kpa.go:298","message":"KPA Status for revision default/linpack-00001 after reconcile: currentPods=0, desiredPods=1, conditions=[Active=Unknown Ready=Unknown SKSReady=Unknown ScaleTargetInitialized=True]","knative.dev/controller":"knative.dev.serving.pkg.reconciler.autoscaling.kpa.Reconciler","knative.dev/kind":"autoscaling.internal.knative.dev.PodAutoscaler","knative.dev/traceid":"0d1d40d9-385b-499d-bf8e-777883d8ab39","knative.dev/key":"default/linpack-00001"}
{"severity":"INFO","timestamp":"2026-06-03T07:16:39.720724589Z","logger":"autoscaler","caller":"kpa/kpa.go:242","message":"Cold start final  took: 190.611µs","knative.dev/controller":"knative.dev.serving.pkg.reconciler.autoscaling.kpa.Reconciler","knative.dev/kind":"autoscaling.internal.knative.dev.PodAutoscaler","knative.dev/traceid":"0d1d40d9-385b-499d-bf8e-777883d8ab39","knative.dev/key":"default/linpack-00001"}
{"severity":"INFO","timestamp":"2026-06-03T07:16:39.720773922Z","logger":"autoscaler","caller":"controller/controller.go:530","message":"Reconcile succeeded","knative.dev/controller":"knative.dev.serving.pkg.reconciler.autoscaling.kpa.Reconciler","knative.dev/kind":"autoscaling.internal.knative.dev.PodAutoscaler","knative.dev/traceid":"0d1d40d9-385b-499d-bf8e-777883d8ab39","knative.dev/key":"default/linpack-00001","duration":"314.184µs"}
{"severity":"INFO","timestamp":"2026-06-03T07:16:39.720859607Z","logger":"autoscaler","caller":"kpa/kpa.go:193","message":"SKS should be in Proxy mode: want = 1, ebc = -212, #act's = 3 PA Inactive? = false","knative.dev/controller":"knative.dev.serving.pkg.reconciler.autoscaling.kpa.Reconciler","knative.dev/kind":"autoscaling.internal.knative.dev.PodAutoscaler","knative.dev/traceid":"8692a115-df88-4fa8-a82c-d7723763f283","knative.dev/key":"default/genmatrix-00001"}
{"severity":"INFO","timestamp":"2026-06-03T07:16:39.720915607Z","logger":"autoscaler","caller":"kpa/kpa.go:221","message":"KPA Scale decision for revision default/genmatrix-00001: currentPods=0, calculatedWant=1, desiredPods=1, excessBurstCapacity=-212","knative.dev/controller":"knative.dev.serving.pkg.reconciler.autoscaling.kpa.Reconciler","knative.dev/kind":"autoscaling.internal.knative.dev.PodAutoscaler","knative.dev/traceid":"8692a115-df88-4fa8-a82c-d7723763f283","knative.dev/key":"default/genmatrix-00001"}
{"severity":"INFO","timestamp":"2026-06-03T07:16:39.720929866Z","logger":"autoscaler","caller":"kpa/kpa.go:239","message":"Observed pod counts=kpa.podCounts{want:1, ready:0, notReady:0, pending:0, terminating:0}","knative.dev/controller":"knative.dev.serving.pkg.reconciler.autoscaling.kpa.Reconciler","knative.dev/kind":"autoscaling.internal.knative.dev.PodAutoscaler","knative.dev/traceid":"8692a115-df88-4fa8-a82c-d7723763f283","knative.dev/key":"default/genmatrix-00001"}
{"severity":"INFO","timestamp":"2026-06-03T07:16:39.720946014Z","logger":"autoscaler","caller":"kpa/kpa.go:298","message":"KPA Status for revision default/genmatrix-00001 after reconcile: currentPods=0, desiredPods=1, conditions=[Active=Unknown Ready=Unknown SKSReady=Unknown ScaleTargetInitialized=True]","knative.dev/controller":"knative.dev.serving.pkg.reconciler.autoscaling.kpa.Reconciler","knative.dev/kind":"autoscaling.internal.knative.dev.PodAutoscaler","knative.dev/traceid":"8692a115-df88-4fa8-a82c-d7723763f283","knative.dev/key":"default/genmatrix-00001"}
{"severity":"INFO","timestamp":"2026-06-03T07:16:39.720960347Z","logger":"autoscaler","caller":"kpa/kpa.go:242","message":"Cold start final  took: 134.74µs","knative.dev/controller":"knative.dev.serving.pkg.reconciler.autoscaling.kpa.Reconciler","knative.dev/kind":"autoscaling.internal.knative.dev.PodAutoscaler","knative.dev/traceid":"8692a115-df88-4fa8-a82c-d7723763f283","knative.dev/key":"default/genmatrix-00001"}
{"severity":"INFO","timestamp":"2026-06-03T07:16:39.72099157Z","logger":"autoscaler","caller":"controller/controller.go:530","message":"Reconcile succeeded","knative.dev/controller":"knative.dev.serving.pkg.reconciler.autoscaling.kpa.Reconciler","knative.dev/kind":"autoscaling.internal.knative.dev.PodAutoscaler","knative.dev/traceid":"8692a115-df88-4fa8-a82c-d7723763f283","knative.dev/key":"default/genmatrix-00001","duration":"202.203µs"}
{"severity":"INFO","timestamp":"2026-06-03T07:16:39.72107957Z","logger":"autoscaler","caller":"kpa/kpa.go:193","message":"SKS should be in Proxy mode: want = 1, ebc = -213, #act's = 3 PA Inactive? = false","knative.dev/controller":"knative.dev.serving.pkg.reconciler.autoscaling.kpa.Reconciler","knative.dev/kind":"autoscaling.internal.knative.dev.PodAutoscaler","knative.dev/traceid":"43a2c8c3-046d-4565-a0a9-d64a243b0c92","knative.dev/key":"default/fastfouriertransform-00001"}
{"severity":"INFO","timestamp":"2026-06-03T07:16:39.721119051Z","logger":"autoscaler","caller":"kpa/kpa.go:221","message":"KPA Scale decision for revision default/fastfouriertransform-00001: currentPods=0, calculatedWant=1, desiredPods=1, excessBurstCapacity=-213","knative.dev/controller":"knative.dev.serving.pkg.reconciler.autoscaling.kpa.Reconciler","knative.dev/kind":"autoscaling.internal.knative.dev.PodAutoscaler","knative.dev/traceid":"43a2c8c3-046d-4565-a0a9-d64a243b0c92","knative.dev/key":"default/fastfouriertransform-00001"}
{"severity":"INFO","timestamp":"2026-06-03T07:16:39.721132755Z","logger":"autoscaler","caller":"kpa/kpa.go:239","message":"Observed pod counts=kpa.podCounts{want:1, ready:0, notReady:0, pending:0, terminating:0}","knative.dev/controller":"knative.dev.serving.pkg.reconciler.autoscaling.kpa.Reconciler","knative.dev/kind":"autoscaling.internal.knative.dev.PodAutoscaler","knative.dev/traceid":"43a2c8c3-046d-4565-a0a9-d64a243b0c92","knative.dev/key":"default/fastfouriertransform-00001"}
{"severity":"INFO","timestamp":"2026-06-03T07:16:39.721148477Z","logger":"autoscaler","caller":"kpa/kpa.go:298","message":"KPA Status for revision default/fastfouriertransform-00001 after reconcile: currentPods=0, desiredPods=1, conditions=[Active=Unknown Ready=Unknown SKSReady=Unknown ScaleTargetInitialized=True]","knative.dev/controller":"knative.dev.serving.pkg.reconciler.autoscaling.kpa.Reconciler","knative.dev/kind":"autoscaling.internal.knative.dev.PodAutoscaler","knative.dev/traceid":"43a2c8c3-046d-4565-a0a9-d64a243b0c92","knative.dev/key":"default/fastfouriertransform-00001"}
{"severity":"INFO","timestamp":"2026-06-03T07:16:39.721164477Z","logger":"autoscaler","caller":"kpa/kpa.go:242","message":"Cold start final  took: 116.592µs","knative.dev/controller":"knative.dev.serving.pkg.reconciler.autoscaling.kpa.Reconciler","knative.dev/kind":"autoscaling.internal.knative.dev.PodAutoscaler","knative.dev/traceid":"43a2c8c3-046d-4565-a0a9-d64a243b0c92","knative.dev/key":"default/fastfouriertransform-00001"}
{"severity":"INFO","timestamp":"2026-06-03T07:16:39.721197069Z","logger":"autoscaler","caller":"controller/controller.go:530","message":"Reconcile succeeded","knative.dev/controller":"knative.dev.serving.pkg.reconciler.autoscaling.kpa.Reconciler","knative.dev/kind":"autoscaling.internal.knative.dev.PodAutoscaler","knative.dev/traceid":"43a2c8c3-046d-4565-a0a9-d64a243b0c92","knative.dev/key":"default/fastfouriertransform-00001","duration":"191.24µs"}
{"severity":"INFO","timestamp":"2026-06-03T07:16:39.725013008Z","logger":"autoscaler","caller":"controller/controller.go:530","message":"Reconcile succeeded","knative.dev/controller":"knative.dev.serving.pkg.reconciler.autoscaling.kpa.Reconciler","knative.dev/kind":"autoscaling.internal.knative.dev.PodAutoscaler","knative.dev/traceid":"deebcb8a-5c65-42d6-a225-1f3eb8812ef1","knative.dev/key":"default/fetchdata-00001","duration":"39.925735ms"}
{"severity":"INFO","timestamp":"2026-06-03T07:16:39.725237248Z","logger":"autoscaler","caller":"kpa/kpa.go:193","message":"SKS should be in Proxy mode: want = 1, ebc = -213, #act's = 3 PA Inactive? = false","knative.dev/controller":"knative.dev.serving.pkg.reconciler.autoscaling.kpa.Reconciler","knative.dev/kind":"autoscaling.internal.knative.dev.PodAutoscaler","knative.dev/traceid":"6198236d-2df4-47db-a9ea-03f9433f333b","knative.dev/key":"default/fetchdata-00001"}
{"severity":"INFO","timestamp":"2026-06-03T07:16:39.725305415Z","logger":"autoscaler","caller":"kpa/kpa.go:221","message":"KPA Scale decision for revision default/fetchdata-00001: currentPods=0, calculatedWant=1, desiredPods=1, excessBurstCapacity=-213","knative.dev/controller":"knative.dev.serving.pkg.reconciler.autoscaling.kpa.Reconciler","knative.dev/kind":"autoscaling.internal.knative.dev.PodAutoscaler","knative.dev/traceid":"6198236d-2df4-47db-a9ea-03f9433f333b","knative.dev/key":"default/fetchdata-00001"}
{"severity":"INFO","timestamp":"2026-06-03T07:16:39.725328545Z","logger":"autoscaler","caller":"kpa/kpa.go:239","message":"Observed pod counts=kpa.podCounts{want:1, ready:0, notReady:0, pending:0, terminating:0}","knative.dev/controller":"knative.dev.serving.pkg.reconciler.autoscaling.kpa.Reconciler","knative.dev/kind":"autoscaling.internal.knative.dev.PodAutoscaler","knative.dev/traceid":"6198236d-2df4-47db-a9ea-03f9433f333b","knative.dev/key":"default/fetchdata-00001"}
{"severity":"INFO","timestamp":"2026-06-03T07:16:39.725366359Z","logger":"autoscaler","caller":"kpa/kpa.go:298","message":"KPA Status for revision default/fetchdata-00001 after reconcile: currentPods=0, desiredPods=1, conditions=[Active=Unknown Ready=Unknown SKSReady=Unknown ScaleTargetInitialized=True]","knative.dev/controller":"knative.dev.serving.pkg.reconciler.autoscaling.kpa.Reconciler","knative.dev/kind":"autoscaling.internal.knative.dev.PodAutoscaler","knative.dev/traceid":"6198236d-2df4-47db-a9ea-03f9433f333b","knative.dev/key":"default/fetchdata-00001"}
{"severity":"INFO","timestamp":"2026-06-03T07:16:39.725406174Z","logger":"autoscaler","caller":"kpa/kpa.go:242","message":"Cold start final  took: 236.481µs","knative.dev/controller":"knative.dev.serving.pkg.reconciler.autoscaling.kpa.Reconciler","knative.dev/kind":"autoscaling.internal.knative.dev.PodAutoscaler","knative.dev/traceid":"6198236d-2df4-47db-a9ea-03f9433f333b","knative.dev/key":"default/fetchdata-00001"}
{"severity":"INFO","timestamp":"2026-06-03T07:16:39.725457081Z","logger":"autoscaler","caller":"controller/controller.go:530","message":"Reconcile succeeded","knative.dev/controller":"knative.dev.serving.pkg.reconciler.autoscaling.kpa.Reconciler","knative.dev/kind":"autoscaling.internal.knative.dev.PodAutoscaler","knative.dev/traceid":"6198236d-2df4-47db-a9ea-03f9433f333b","knative.dev/key":"default/fetchdata-00001","duration":"393.944µs"}
{"severity":"INFO","timestamp":"2026-06-03T07:16:39.958181504Z","logger":"autoscaler","caller":"kpa/kpa.go:193","message":"SKS should be in Proxy mode: want = 1, ebc = -212, #act's = 3 PA Inactive? = false","knative.dev/controller":"knative.dev.serving.pkg.reconciler.autoscaling.kpa.Reconciler","knative.dev/kind":"autoscaling.internal.knative.dev.PodAutoscaler","knative.dev/traceid":"a0e0ce5e-c4c9-4c64-9437-a138190c88d4","knative.dev/key":"default/genmatrix-00001"}
{"severity":"INFO","timestamp":"2026-06-03T07:16:39.958263893Z","logger":"autoscaler","caller":"kpa/kpa.go:221","message":"KPA Scale decision for revision default/genmatrix-00001: currentPods=0, calculatedWant=1, desiredPods=1, excessBurstCapacity=-212","knative.dev/controller":"knative.dev.serving.pkg.reconciler.autoscaling.kpa.Reconciler","knative.dev/kind":"autoscaling.internal.knative.dev.PodAutoscaler","knative.dev/traceid":"a0e0ce5e-c4c9-4c64-9437-a138190c88d4","knative.dev/key":"default/genmatrix-00001"}
{"severity":"INFO","timestamp":"2026-06-03T07:16:39.958285023Z","logger":"autoscaler","caller":"kpa/kpa.go:239","message":"Observed pod counts=kpa.podCounts{want:1, ready:0, notReady:1, pending:1, terminating:0}","knative.dev/controller":"knative.dev.serving.pkg.reconciler.autoscaling.kpa.Reconciler","knative.dev/kind":"autoscaling.internal.knative.dev.PodAutoscaler","knative.dev/traceid":"a0e0ce5e-c4c9-4c64-9437-a138190c88d4","knative.dev/key":"default/genmatrix-00001"}
{"severity":"INFO","timestamp":"2026-06-03T07:16:39.958347893Z","logger":"autoscaler","caller":"kpa/kpa.go:298","message":"KPA Status for revision default/genmatrix-00001 after reconcile: currentPods=0, desiredPods=1, conditions=[Active=Unknown Ready=Unknown SKSReady=Unknown ScaleTargetInitialized=True]","knative.dev/controller":"knative.dev.serving.pkg.reconciler.autoscaling.kpa.Reconciler","knative.dev/kind":"autoscaling.internal.knative.dev.PodAutoscaler","knative.dev/traceid":"a0e0ce5e-c4c9-4c64-9437-a138190c88d4","knative.dev/key":"default/genmatrix-00001"}
{"severity":"INFO","timestamp":"2026-06-03T07:16:39.958401985Z","logger":"autoscaler","caller":"kpa/kpa.go:242","message":"Cold start final  took: 495.184µs","knative.dev/controller":"knative.dev.serving.pkg.reconciler.autoscaling.kpa.Reconciler","knative.dev/kind":"autoscaling.internal.knative.dev.PodAutoscaler","knative.dev/traceid":"a0e0ce5e-c4c9-4c64-9437-a138190c88d4","knative.dev/key":"default/genmatrix-00001"}
{"severity":"INFO","timestamp":"2026-06-03T07:16:39.95846893Z","logger":"autoscaler","caller":"controller/controller.go:530","message":"Reconcile succeeded","knative.dev/controller":"knative.dev.serving.pkg.reconciler.autoscaling.kpa.Reconciler","knative.dev/kind":"autoscaling.internal.knative.dev.PodAutoscaler","knative.dev/traceid":"a0e0ce5e-c4c9-4c64-9437-a138190c88d4","knative.dev/key":"default/genmatrix-00001","duration":"634.555µs"}
{"severity":"INFO","timestamp":"2026-06-03T07:16:39.959287984Z","logger":"autoscaler","caller":"kpa/kpa.go:193","message":"SKS should be in Proxy mode: want = 1, ebc = -213, #act's = 3 PA Inactive? = false","knative.dev/controller":"knative.dev.serving.pkg.reconciler.autoscaling.kpa.Reconciler","knative.dev/kind":"autoscaling.internal.knative.dev.PodAutoscaler","knative.dev/traceid":"510a1a00-7fc8-4ec2-8ee7-4046f0f21488","knative.dev/key":"default/fetchdata-00001"}
{"severity":"INFO","timestamp":"2026-06-03T07:16:39.959365373Z","logger":"autoscaler","caller":"kpa/kpa.go:221","message":"KPA Scale decision for revision default/fetchdata-00001: currentPods=0, calculatedWant=1, desiredPods=1, excessBurstCapacity=-213","knative.dev/controller":"knative.dev.serving.pkg.reconciler.autoscaling.kpa.Reconciler","knative.dev/kind":"autoscaling.internal.knative.dev.PodAutoscaler","knative.dev/traceid":"510a1a00-7fc8-4ec2-8ee7-4046f0f21488","knative.dev/key":"default/fetchdata-00001"}
{"severity":"INFO","timestamp":"2026-06-03T07:16:39.95939915Z","logger":"autoscaler","caller":"kpa/kpa.go:239","message":"Observed pod counts=kpa.podCounts{want:1, ready:0, notReady:1, pending:1, terminating:0}","knative.dev/controller":"knative.dev.serving.pkg.reconciler.autoscaling.kpa.Reconciler","knative.dev/kind":"autoscaling.internal.knative.dev.PodAutoscaler","knative.dev/traceid":"510a1a00-7fc8-4ec2-8ee7-4046f0f21488","knative.dev/key":"default/fetchdata-00001"}
{"severity":"INFO","timestamp":"2026-06-03T07:16:39.959431706Z","logger":"autoscaler","caller":"kpa/kpa.go:298","message":"KPA Status for revision default/fetchdata-00001 after reconcile: currentPods=0, desiredPods=1, conditions=[Active=Unknown Ready=Unknown SKSReady=Unknown ScaleTargetInitialized=True]","knative.dev/controller":"knative.dev.serving.pkg.reconciler.autoscaling.kpa.Reconciler","knative.dev/kind":"autoscaling.internal.knative.dev.PodAutoscaler","knative.dev/traceid":"510a1a00-7fc8-4ec2-8ee7-4046f0f21488","knative.dev/key":"default/fetchdata-00001"}
{"severity":"INFO","timestamp":"2026-06-03T07:16:39.959468706Z","logger":"autoscaler","caller":"kpa/kpa.go:242","message":"Cold start final  took: 518.018µs","knative.dev/controller":"knative.dev.serving.pkg.reconciler.autoscaling.kpa.Reconciler","knative.dev/kind":"autoscaling.internal.knative.dev.PodAutoscaler","knative.dev/traceid":"510a1a00-7fc8-4ec2-8ee7-4046f0f21488","knative.dev/key":"default/fetchdata-00001"}
{"severity":"INFO","timestamp":"2026-06-03T07:16:39.959522947Z","logger":"autoscaler","caller":"controller/controller.go:530","message":"Reconcile succeeded","knative.dev/controller":"knative.dev.serving.pkg.reconciler.autoscaling.kpa.Reconciler","knative.dev/kind":"autoscaling.internal.knative.dev.PodAutoscaler","knative.dev/traceid":"510a1a00-7fc8-4ec2-8ee7-4046f0f21488","knative.dev/key":"default/fetchdata-00001","duration":"634.388µs"}
{"severity":"INFO","timestamp":"2026-06-03T07:16:39.960405982Z","logger":"autoscaler","caller":"kpa/kpa.go:193","message":"SKS should be in Proxy mode: want = 1, ebc = -214, #act's = 3 PA Inactive? = false","knative.dev/controller":"knative.dev.serving.pkg.reconciler.autoscaling.kpa.Reconciler","knative.dev/kind":"autoscaling.internal.knative.dev.PodAutoscaler","knative.dev/traceid":"5fb6a6c1-2c33-487a-8a4c-43af03629ab9","knative.dev/key":"default/linpack-00001"}
{"severity":"INFO","timestamp":"2026-06-03T07:16:39.960584482Z","logger":"autoscaler","caller":"kpa/kpa.go:221","message":"KPA Scale decision for revision default/linpack-00001: currentPods=0, calculatedWant=1, desiredPods=1, excessBurstCapacity=-214","knative.dev/controller":"knative.dev.serving.pkg.reconciler.autoscaling.kpa.Reconciler","knative.dev/kind":"autoscaling.internal.knative.dev.PodAutoscaler","knative.dev/traceid":"5fb6a6c1-2c33-487a-8a4c-43af03629ab9","knative.dev/key":"default/linpack-00001"}
{"severity":"INFO","timestamp":"2026-06-03T07:16:39.960621075Z","logger":"autoscaler","caller":"kpa/kpa.go:239","message":"Observed pod counts=kpa.podCounts{want:1, ready:0, notReady:1, pending:1, terminating:0}","knative.dev/controller":"knative.dev.serving.pkg.reconciler.autoscaling.kpa.Reconciler","knative.dev/kind":"autoscaling.internal.knative.dev.PodAutoscaler","knative.dev/traceid":"5fb6a6c1-2c33-487a-8a4c-43af03629ab9","knative.dev/key":"default/linpack-00001"}
{"severity":"INFO","timestamp":"2026-06-03T07:16:39.96064413Z","logger":"autoscaler","caller":"kpa/kpa.go:298","message":"KPA Status for revision default/linpack-00001 after reconcile: currentPods=0, desiredPods=1, conditions=[Active=Unknown Ready=Unknown SKSReady=Unknown ScaleTargetInitialized=True]","knative.dev/controller":"knative.dev.serving.pkg.reconciler.autoscaling.kpa.Reconciler","knative.dev/kind":"autoscaling.internal.knative.dev.PodAutoscaler","knative.dev/traceid":"5fb6a6c1-2c33-487a-8a4c-43af03629ab9","knative.dev/key":"default/linpack-00001"}
{"severity":"INFO","timestamp":"2026-06-03T07:16:39.960662445Z","logger":"autoscaler","caller":"kpa/kpa.go:242","message":"Cold start final  took: 500.851µs","knative.dev/controller":"knative.dev.serving.pkg.reconciler.autoscaling.kpa.Reconciler","knative.dev/kind":"autoscaling.internal.knative.dev.PodAutoscaler","knative.dev/traceid":"5fb6a6c1-2c33-487a-8a4c-43af03629ab9","knative.dev/key":"default/linpack-00001"}
{"severity":"INFO","timestamp":"2026-06-03T07:16:39.960706056Z","logger":"autoscaler","caller":"controller/controller.go:530","message":"Reconcile succeeded","knative.dev/controller":"knative.dev.serving.pkg.reconciler.autoscaling.kpa.Reconciler","knative.dev/kind":"autoscaling.internal.knative.dev.PodAutoscaler","knative.dev/traceid":"5fb6a6c1-2c33-487a-8a4c-43af03629ab9","knative.dev/key":"default/linpack-00001","duration":"609.999µs"}
{"severity":"INFO","timestamp":"2026-06-03T07:16:39.961497629Z","logger":"autoscaler","caller":"kpa/kpa.go:193","message":"SKS should be in Proxy mode: want = 1, ebc = -213, #act's = 3 PA Inactive? = false","knative.dev/controller":"knative.dev.serving.pkg.reconciler.autoscaling.kpa.Reconciler","knative.dev/kind":"autoscaling.internal.knative.dev.PodAutoscaler","knative.dev/traceid":"84e78f9e-5b66-4e17-babd-26df42a3395a","knative.dev/key":"default/fastfouriertransform-00001"}
{"severity":"INFO","timestamp":"2026-06-03T07:16:39.961805239Z","logger":"autoscaler","caller":"kpa/kpa.go:221","message":"KPA Scale decision for revision default/fastfouriertransform-00001: currentPods=0, calculatedWant=1, desiredPods=1, excessBurstCapacity=-213","knative.dev/controller":"knative.dev.serving.pkg.reconciler.autoscaling.kpa.Reconciler","knative.dev/kind":"autoscaling.internal.knative.dev.PodAutoscaler","knative.dev/traceid":"84e78f9e-5b66-4e17-babd-26df42a3395a","knative.dev/key":"default/fastfouriertransform-00001"}
{"severity":"INFO","timestamp":"2026-06-03T07:16:39.961857999Z","logger":"autoscaler","caller":"kpa/kpa.go:239","message":"Observed pod counts=kpa.podCounts{want:1, ready:0, notReady:1, pending:1, terminating:0}","knative.dev/controller":"knative.dev.serving.pkg.reconciler.autoscaling.kpa.Reconciler","knative.dev/kind":"autoscaling.internal.knative.dev.PodAutoscaler","knative.dev/traceid":"84e78f9e-5b66-4e17-babd-26df42a3395a","knative.dev/key":"default/fastfouriertransform-00001"}
{"severity":"INFO","timestamp":"2026-06-03T07:16:39.961894036Z","logger":"autoscaler","caller":"kpa/kpa.go:298","message":"KPA Status for revision default/fastfouriertransform-00001 after reconcile: currentPods=0, desiredPods=1, conditions=[Active=Unknown Ready=Unknown SKSReady=Unknown ScaleTargetInitialized=True]","knative.dev/controller":"knative.dev.serving.pkg.reconciler.autoscaling.kpa.Reconciler","knative.dev/kind":"autoscaling.internal.knative.dev.PodAutoscaler","knative.dev/traceid":"84e78f9e-5b66-4e17-babd-26df42a3395a","knative.dev/key":"default/fastfouriertransform-00001"}
{"severity":"INFO","timestamp":"2026-06-03T07:16:39.96191585Z","logger":"autoscaler","caller":"kpa/kpa.go:242","message":"Cold start final  took: 651.462µs","knative.dev/controller":"knative.dev.serving.pkg.reconciler.autoscaling.kpa.Reconciler","knative.dev/kind":"autoscaling.internal.knative.dev.PodAutoscaler","knative.dev/traceid":"84e78f9e-5b66-4e17-babd-26df42a3395a","knative.dev/key":"default/fastfouriertransform-00001"}
{"severity":"INFO","timestamp":"2026-06-03T07:16:39.961952147Z","logger":"autoscaler","caller":"controller/controller.go:530","message":"Reconcile succeeded","knative.dev/controller":"knative.dev.serving.pkg.reconciler.autoscaling.kpa.Reconciler","knative.dev/kind":"autoscaling.internal.knative.dev.PodAutoscaler","knative.dev/traceid":"84e78f9e-5b66-4e17-babd-26df42a3395a","knative.dev/key":"default/fastfouriertransform-00001","duration":"745.221µs"}
{"severity":"INFO","timestamp":"2026-06-03T07:16:39.967784693Z","logger":"autoscaler","caller":"kpa/kpa.go:193","message":"SKS should be in Proxy mode: want = 1, ebc = -212, #act's = 3 PA Inactive? = false","knative.dev/controller":"knative.dev.serving.pkg.reconciler.autoscaling.kpa.Reconciler","knative.dev/kind":"autoscaling.internal.knative.dev.PodAutoscaler","knative.dev/traceid":"d78440d7-a76a-4a6b-8263-7f43debd2d5b","knative.dev/key":"default/genmatrix-00001"}
{"severity":"INFO","timestamp":"2026-06-03T07:16:39.967837341Z","logger":"autoscaler","caller":"kpa/kpa.go:221","message":"KPA Scale decision for revision default/genmatrix-00001: currentPods=0, calculatedWant=1, desiredPods=1, excessBurstCapacity=-212","knative.dev/controller":"knative.dev.serving.pkg.reconciler.autoscaling.kpa.Reconciler","knative.dev/kind":"autoscaling.internal.knative.dev.PodAutoscaler","knative.dev/traceid":"d78440d7-a76a-4a6b-8263-7f43debd2d5b","knative.dev/key":"default/genmatrix-00001"}
{"severity":"INFO","timestamp":"2026-06-03T07:16:39.967852249Z","logger":"autoscaler","caller":"kpa/kpa.go:239","message":"Observed pod counts=kpa.podCounts{want:1, ready:0, notReady:1, pending:1, terminating:0}","knative.dev/controller":"knative.dev.serving.pkg.reconciler.autoscaling.kpa.Reconciler","knative.dev/kind":"autoscaling.internal.knative.dev.PodAutoscaler","knative.dev/traceid":"d78440d7-a76a-4a6b-8263-7f43debd2d5b","knative.dev/key":"default/genmatrix-00001"}
{"severity":"INFO","timestamp":"2026-06-03T07:16:39.967867471Z","logger":"autoscaler","caller":"kpa/kpa.go:298","message":"KPA Status for revision default/genmatrix-00001 after reconcile: currentPods=0, desiredPods=1, conditions=[Active=Unknown Ready=Unknown SKSReady=Unknown ScaleTargetInitialized=True]","knative.dev/controller":"knative.dev.serving.pkg.reconciler.autoscaling.kpa.Reconciler","knative.dev/kind":"autoscaling.internal.knative.dev.PodAutoscaler","knative.dev/traceid":"d78440d7-a76a-4a6b-8263-7f43debd2d5b","knative.dev/key":"default/genmatrix-00001"}
{"severity":"INFO","timestamp":"2026-06-03T07:16:39.96788586Z","logger":"autoscaler","caller":"kpa/kpa.go:242","message":"Cold start final  took: 346.444µs","knative.dev/controller":"knative.dev.serving.pkg.reconciler.autoscaling.kpa.Reconciler","knative.dev/kind":"autoscaling.internal.knative.dev.PodAutoscaler","knative.dev/traceid":"d78440d7-a76a-4a6b-8263-7f43debd2d5b","knative.dev/key":"default/genmatrix-00001"}
{"severity":"INFO","timestamp":"2026-06-03T07:16:39.967918637Z","logger":"autoscaler","caller":"controller/controller.go:530","message":"Reconcile succeeded","knative.dev/controller":"knative.dev.serving.pkg.reconciler.autoscaling.kpa.Reconciler","knative.dev/kind":"autoscaling.internal.knative.dev.PodAutoscaler","knative.dev/traceid":"d78440d7-a76a-4a6b-8263-7f43debd2d5b","knative.dev/key":"default/genmatrix-00001","duration":"435.889µs"}
{"severity":"INFO","timestamp":"2026-06-03T07:16:39.971917261Z","logger":"autoscaler","caller":"kpa/kpa.go:193","message":"SKS should be in Proxy mode: want = 1, ebc = -214, #act's = 3 PA Inactive? = false","knative.dev/controller":"knative.dev.serving.pkg.reconciler.autoscaling.kpa.Reconciler","knative.dev/kind":"autoscaling.internal.knative.dev.PodAutoscaler","knative.dev/traceid":"13bd37bc-612d-4370-abd5-9e047ae8ba9a","knative.dev/key":"default/linpack-00001"}
{"severity":"INFO","timestamp":"2026-06-03T07:16:39.971968298Z","logger":"autoscaler","caller":"kpa/kpa.go:221","message":"KPA Scale decision for revision default/linpack-00001: currentPods=0, calculatedWant=1, desiredPods=1, excessBurstCapacity=-214","knative.dev/controller":"knative.dev.serving.pkg.reconciler.autoscaling.kpa.Reconciler","knative.dev/kind":"autoscaling.internal.knative.dev.PodAutoscaler","knative.dev/traceid":"13bd37bc-612d-4370-abd5-9e047ae8ba9a","knative.dev/key":"default/linpack-00001"}
{"severity":"INFO","timestamp":"2026-06-03T07:16:39.971983853Z","logger":"autoscaler","caller":"kpa/kpa.go:239","message":"Observed pod counts=kpa.podCounts{want:1, ready:0, notReady:1, pending:1, terminating:0}","knative.dev/controller":"knative.dev.serving.pkg.reconciler.autoscaling.kpa.Reconciler","knative.dev/kind":"autoscaling.internal.knative.dev.PodAutoscaler","knative.dev/traceid":"13bd37bc-612d-4370-abd5-9e047ae8ba9a","knative.dev/key":"default/linpack-00001"}
{"severity":"INFO","timestamp":"2026-06-03T07:16:39.971999261Z","logger":"autoscaler","caller":"kpa/kpa.go:298","message":"KPA Status for revision default/linpack-00001 after reconcile: currentPods=0, desiredPods=1, conditions=[Active=Unknown Ready=Unknown SKSReady=Unknown ScaleTargetInitialized=True]","knative.dev/controller":"knative.dev.serving.pkg.reconciler.autoscaling.kpa.Reconciler","knative.dev/kind":"autoscaling.internal.knative.dev.PodAutoscaler","knative.dev/traceid":"13bd37bc-612d-4370-abd5-9e047ae8ba9a","knative.dev/key":"default/linpack-00001"}
{"severity":"INFO","timestamp":"2026-06-03T07:16:39.972014779Z","logger":"autoscaler","caller":"kpa/kpa.go:242","message":"Cold start final  took: 336.203µs","knative.dev/controller":"knative.dev.serving.pkg.reconciler.autoscaling.kpa.Reconciler","knative.dev/kind":"autoscaling.internal.knative.dev.PodAutoscaler","knative.dev/traceid":"13bd37bc-612d-4370-abd5-9e047ae8ba9a","knative.dev/key":"default/linpack-00001"}
{"severity":"INFO","timestamp":"2026-06-03T07:16:39.972053872Z","logger":"autoscaler","caller":"controller/controller.go:530","message":"Reconcile succeeded","knative.dev/controller":"knative.dev.serving.pkg.reconciler.autoscaling.kpa.Reconciler","knative.dev/kind":"autoscaling.internal.knative.dev.PodAutoscaler","knative.dev/traceid":"13bd37bc-612d-4370-abd5-9e047ae8ba9a","knative.dev/key":"default/linpack-00001","duration":"432.426µs"}
{"severity":"INFO","timestamp":"2026-06-03T07:16:39.975691774Z","logger":"autoscaler","caller":"kpa/kpa.go:193","message":"SKS should be in Proxy mode: want = 1, ebc = -213, #act's = 3 PA Inactive? = false","knative.dev/controller":"knative.dev.serving.pkg.reconciler.autoscaling.kpa.Reconciler","knative.dev/kind":"autoscaling.internal.knative.dev.PodAutoscaler","knative.dev/traceid":"3b597a53-9865-40c9-9ab7-970507efe4c1","knative.dev/key":"default/fetchdata-00001"}
{"severity":"INFO","timestamp":"2026-06-03T07:16:39.975739551Z","logger":"autoscaler","caller":"kpa/kpa.go:221","message":"KPA Scale decision for revision default/fetchdata-00001: currentPods=0, calculatedWant=1, desiredPods=1, excessBurstCapacity=-213","knative.dev/controller":"knative.dev.serving.pkg.reconciler.autoscaling.kpa.Reconciler","knative.dev/kind":"autoscaling.internal.knative.dev.PodAutoscaler","knative.dev/traceid":"3b597a53-9865-40c9-9ab7-970507efe4c1","knative.dev/key":"default/fetchdata-00001"}
{"severity":"INFO","timestamp":"2026-06-03T07:16:39.97575444Z","logger":"autoscaler","caller":"kpa/kpa.go:239","message":"Observed pod counts=kpa.podCounts{want:1, ready:0, notReady:1, pending:1, terminating:0}","knative.dev/controller":"knative.dev.serving.pkg.reconciler.autoscaling.kpa.Reconciler","knative.dev/kind":"autoscaling.internal.knative.dev.PodAutoscaler","knative.dev/traceid":"3b597a53-9865-40c9-9ab7-970507efe4c1","knative.dev/key":"default/fetchdata-00001"}
{"severity":"INFO","timestamp":"2026-06-03T07:16:39.975771459Z","logger":"autoscaler","caller":"kpa/kpa.go:298","message":"KPA Status for revision default/fetchdata-00001 after reconcile: currentPods=0, desiredPods=1, conditions=[Active=Unknown Ready=Unknown SKSReady=Unknown ScaleTargetInitialized=True]","knative.dev/controller":"knative.dev.serving.pkg.reconciler.autoscaling.kpa.Reconciler","knative.dev/kind":"autoscaling.internal.knative.dev.PodAutoscaler","knative.dev/traceid":"3b597a53-9865-40c9-9ab7-970507efe4c1","knative.dev/key":"default/fetchdata-00001"}
{"severity":"INFO","timestamp":"2026-06-03T07:16:39.97578844Z","logger":"autoscaler","caller":"kpa/kpa.go:242","message":"Cold start final  took: 333.055µs","knative.dev/controller":"knative.dev.serving.pkg.reconciler.autoscaling.kpa.Reconciler","knative.dev/kind":"autoscaling.internal.knative.dev.PodAutoscaler","knative.dev/traceid":"3b597a53-9865-40c9-9ab7-970507efe4c1","knative.dev/key":"default/fetchdata-00001"}
{"severity":"INFO","timestamp":"2026-06-03T07:16:39.97582107Z","logger":"autoscaler","caller":"controller/controller.go:530","message":"Reconcile succeeded","knative.dev/controller":"knative.dev.serving.pkg.reconciler.autoscaling.kpa.Reconciler","knative.dev/kind":"autoscaling.internal.knative.dev.PodAutoscaler","knative.dev/traceid":"3b597a53-9865-40c9-9ab7-970507efe4c1","knative.dev/key":"default/fetchdata-00001","duration":"419.703µs"}
{"severity":"INFO","timestamp":"2026-06-03T07:16:39.976676791Z","logger":"autoscaler","caller":"kpa/kpa.go:193","message":"SKS should be in Proxy mode: want = 1, ebc = -213, #act's = 3 PA Inactive? = false","knative.dev/controller":"knative.dev.serving.pkg.reconciler.autoscaling.kpa.Reconciler","knative.dev/kind":"autoscaling.internal.knative.dev.PodAutoscaler","knative.dev/traceid":"11e587dc-ddd1-46bf-87e7-dff2e1adbcbb","knative.dev/key":"default/fastfouriertransform-00001"}
{"severity":"INFO","timestamp":"2026-06-03T07:16:39.976728402Z","logger":"autoscaler","caller":"kpa/kpa.go:221","message":"KPA Scale decision for revision default/fastfouriertransform-00001: currentPods=0, calculatedWant=1, desiredPods=1, excessBurstCapacity=-213","knative.dev/controller":"knative.dev.serving.pkg.reconciler.autoscaling.kpa.Reconciler","knative.dev/kind":"autoscaling.internal.knative.dev.PodAutoscaler","knative.dev/traceid":"11e587dc-ddd1-46bf-87e7-dff2e1adbcbb","knative.dev/key":"default/fastfouriertransform-00001"}
{"severity":"INFO","timestamp":"2026-06-03T07:16:39.97674568Z","logger":"autoscaler","caller":"kpa/kpa.go:239","message":"Observed pod counts=kpa.podCounts{want:1, ready:0, notReady:1, pending:1, terminating:0}","knative.dev/controller":"knative.dev.serving.pkg.reconciler.autoscaling.kpa.Reconciler","knative.dev/kind":"autoscaling.internal.knative.dev.PodAutoscaler","knative.dev/traceid":"11e587dc-ddd1-46bf-87e7-dff2e1adbcbb","knative.dev/key":"default/fastfouriertransform-00001"}
{"severity":"INFO","timestamp":"2026-06-03T07:16:39.976760328Z","logger":"autoscaler","caller":"kpa/kpa.go:298","message":"KPA Status for revision default/fastfouriertransform-00001 after reconcile: currentPods=0, desiredPods=1, conditions=[Active=Unknown Ready=Unknown SKSReady=Unknown ScaleTargetInitialized=True]","knative.dev/controller":"knative.dev.serving.pkg.reconciler.autoscaling.kpa.Reconciler","knative.dev/kind":"autoscaling.internal.knative.dev.PodAutoscaler","knative.dev/traceid":"11e587dc-ddd1-46bf-87e7-dff2e1adbcbb","knative.dev/key":"default/fastfouriertransform-00001"}
{"severity":"INFO","timestamp":"2026-06-03T07:16:39.976775272Z","logger":"autoscaler","caller":"kpa/kpa.go:242","message":"Cold start final  took: 337.907µs","knative.dev/controller":"knative.dev.serving.pkg.reconciler.autoscaling.kpa.Reconciler","knative.dev/kind":"autoscaling.internal.knative.dev.PodAutoscaler","knative.dev/traceid":"11e587dc-ddd1-46bf-87e7-dff2e1adbcbb","knative.dev/key":"default/fastfouriertransform-00001"}
{"severity":"INFO","timestamp":"2026-06-03T07:16:39.976807587Z","logger":"autoscaler","caller":"controller/controller.go:530","message":"Reconcile succeeded","knative.dev/controller":"knative.dev.serving.pkg.reconciler.autoscaling.kpa.Reconciler","knative.dev/kind":"autoscaling.internal.knative.dev.PodAutoscaler","knative.dev/traceid":"11e587dc-ddd1-46bf-87e7-dff2e1adbcbb","knative.dev/key":"default/fastfouriertransform-00001","duration":"421.795µs"}
{"severity":"INFO","timestamp":"2026-06-03T07:16:39.988579106Z","logger":"autoscaler","caller":"kpa/kpa.go:193","message":"SKS should be in Proxy mode: want = 1, ebc = -212, #act's = 3 PA Inactive? = false","knative.dev/controller":"knative.dev.serving.pkg.reconciler.autoscaling.kpa.Reconciler","knative.dev/kind":"autoscaling.internal.knative.dev.PodAutoscaler","knative.dev/traceid":"f2073325-e39d-4a40-802e-8b361dda303e","knative.dev/key":"default/genmatrix-00001"}
{"severity":"INFO","timestamp":"2026-06-03T07:16:39.988647513Z","logger":"autoscaler","caller":"kpa/kpa.go:221","message":"KPA Scale decision for revision default/genmatrix-00001: currentPods=0, calculatedWant=1, desiredPods=1, excessBurstCapacity=-212","knative.dev/controller":"knative.dev.serving.pkg.reconciler.autoscaling.kpa.Reconciler","knative.dev/kind":"autoscaling.internal.knative.dev.PodAutoscaler","knative.dev/traceid":"f2073325-e39d-4a40-802e-8b361dda303e","knative.dev/key":"default/genmatrix-00001"}
{"severity":"INFO","timestamp":"2026-06-03T07:16:39.988665161Z","logger":"autoscaler","caller":"kpa/kpa.go:239","message":"Observed pod counts=kpa.podCounts{want:1, ready:0, notReady:1, pending:1, terminating:0}","knative.dev/controller":"knative.dev.serving.pkg.reconciler.autoscaling.kpa.Reconciler","knative.dev/kind":"autoscaling.internal.knative.dev.PodAutoscaler","knative.dev/traceid":"f2073325-e39d-4a40-802e-8b361dda303e","knative.dev/key":"default/genmatrix-00001"}
{"severity":"INFO","timestamp":"2026-06-03T07:16:39.988682698Z","logger":"autoscaler","caller":"kpa/kpa.go:298","message":"KPA Status for revision default/genmatrix-00001 after reconcile: currentPods=0, desiredPods=1, conditions=[Active=Unknown Ready=Unknown SKSReady=Unknown ScaleTargetInitialized=True]","knative.dev/controller":"knative.dev.serving.pkg.reconciler.autoscaling.kpa.Reconciler","knative.dev/kind":"autoscaling.internal.knative.dev.PodAutoscaler","knative.dev/traceid":"f2073325-e39d-4a40-802e-8b361dda303e","knative.dev/key":"default/genmatrix-00001"}
{"severity":"INFO","timestamp":"2026-06-03T07:16:39.988709013Z","logger":"autoscaler","caller":"kpa/kpa.go:242","message":"Cold start final  took: 379.092µs","knative.dev/controller":"knative.dev.serving.pkg.reconciler.autoscaling.kpa.Reconciler","knative.dev/kind":"autoscaling.internal.knative.dev.PodAutoscaler","knative.dev/traceid":"f2073325-e39d-4a40-802e-8b361dda303e","knative.dev/key":"default/genmatrix-00001"}
{"severity":"INFO","timestamp":"2026-06-03T07:16:39.988756772Z","logger":"autoscaler","caller":"controller/controller.go:530","message":"Reconcile succeeded","knative.dev/controller":"knative.dev.serving.pkg.reconciler.autoscaling.kpa.Reconciler","knative.dev/kind":"autoscaling.internal.knative.dev.PodAutoscaler","knative.dev/traceid":"f2073325-e39d-4a40-802e-8b361dda303e","knative.dev/key":"default/genmatrix-00001","duration":"487.296µs"}
{"severity":"INFO","timestamp":"2026-06-03T07:16:40.000015366Z","logger":"autoscaler","caller":"kpa/kpa.go:193","message":"SKS should be in Proxy mode: want = 1, ebc = -213, #act's = 3 PA Inactive? = false","knative.dev/controller":"knative.dev.serving.pkg.reconciler.autoscaling.kpa.Reconciler","knative.dev/kind":"autoscaling.internal.knative.dev.PodAutoscaler","knative.dev/traceid":"edb78d79-b44b-457a-858a-620de0d0aa68","knative.dev/key":"default/fetchdata-00001"}
{"severity":"INFO","timestamp":"2026-06-03T07:16:40.000085848Z","logger":"autoscaler","caller":"kpa/kpa.go:221","message":"KPA Scale decision for revision default/fetchdata-00001: currentPods=0, calculatedWant=1, desiredPods=1, excessBurstCapacity=-213","knative.dev/controller":"knative.dev.serving.pkg.reconciler.autoscaling.kpa.Reconciler","knative.dev/kind":"autoscaling.internal.knative.dev.PodAutoscaler","knative.dev/traceid":"edb78d79-b44b-457a-858a-620de0d0aa68","knative.dev/key":"default/fetchdata-00001"}
{"severity":"INFO","timestamp":"2026-06-03T07:16:40.000104459Z","logger":"autoscaler","caller":"kpa/kpa.go:239","message":"Observed pod counts=kpa.podCounts{want:1, ready:0, notReady:1, pending:1, terminating:0}","knative.dev/controller":"knative.dev.serving.pkg.reconciler.autoscaling.kpa.Reconciler","knative.dev/kind":"autoscaling.internal.knative.dev.PodAutoscaler","knative.dev/traceid":"edb78d79-b44b-457a-858a-620de0d0aa68","knative.dev/key":"default/fetchdata-00001"}
{"severity":"INFO","timestamp":"2026-06-03T07:16:40.000123533Z","logger":"autoscaler","caller":"kpa/kpa.go:298","message":"KPA Status for revision default/fetchdata-00001 after reconcile: currentPods=0, desiredPods=1, conditions=[Active=Unknown Ready=Unknown SKSReady=Unknown ScaleTargetInitialized=True]","knative.dev/controller":"knative.dev.serving.pkg.reconciler.autoscaling.kpa.Reconciler","knative.dev/kind":"autoscaling.internal.knative.dev.PodAutoscaler","knative.dev/traceid":"edb78d79-b44b-457a-858a-620de0d0aa68","knative.dev/key":"default/fetchdata-00001"}
{"severity":"INFO","timestamp":"2026-06-03T07:16:40.000147681Z","logger":"autoscaler","caller":"kpa/kpa.go:242","message":"Cold start final  took: 387.888µs","knative.dev/controller":"knative.dev.serving.pkg.reconciler.autoscaling.kpa.Reconciler","knative.dev/kind":"autoscaling.internal.knative.dev.PodAutoscaler","knative.dev/traceid":"edb78d79-b44b-457a-858a-620de0d0aa68","knative.dev/key":"default/fetchdata-00001"}
{"severity":"INFO","timestamp":"2026-06-03T07:16:40.000188755Z","logger":"autoscaler","caller":"controller/controller.go:530","message":"Reconcile succeeded","knative.dev/controller":"knative.dev.serving.pkg.reconciler.autoscaling.kpa.Reconciler","knative.dev/kind":"autoscaling.internal.knative.dev.PodAutoscaler","knative.dev/traceid":"edb78d79-b44b-457a-858a-620de0d0aa68","knative.dev/key":"default/fetchdata-00001","duration":"510.295µs"}
{"severity":"INFO","timestamp":"2026-06-03T07:16:40.003870768Z","logger":"autoscaler","caller":"kpa/kpa.go:193","message":"SKS should be in Proxy mode: want = 1, ebc = -213, #act's = 3 PA Inactive? = false","knative.dev/controller":"knative.dev.serving.pkg.reconciler.autoscaling.kpa.Reconciler","knative.dev/kind":"autoscaling.internal.knative.dev.PodAutoscaler","knative.dev/traceid":"bf34d70d-a724-45bf-bb50-4dba6ee1defa","knative.dev/key":"default/fastfouriertransform-00001"}
{"severity":"INFO","timestamp":"2026-06-03T07:16:40.003935675Z","logger":"autoscaler","caller":"kpa/kpa.go:221","message":"KPA Scale decision for revision default/fastfouriertransform-00001: currentPods=0, calculatedWant=1, desiredPods=1, excessBurstCapacity=-213","knative.dev/controller":"knative.dev.serving.pkg.reconciler.autoscaling.kpa.Reconciler","knative.dev/kind":"autoscaling.internal.knative.dev.PodAutoscaler","knative.dev/traceid":"bf34d70d-a724-45bf-bb50-4dba6ee1defa","knative.dev/key":"default/fastfouriertransform-00001"}
{"severity":"INFO","timestamp":"2026-06-03T07:16:40.003953342Z","logger":"autoscaler","caller":"kpa/kpa.go:239","message":"Observed pod counts=kpa.podCounts{want:1, ready:0, notReady:1, pending:1, terminating:0}","knative.dev/controller":"knative.dev.serving.pkg.reconciler.autoscaling.kpa.Reconciler","knative.dev/kind":"autoscaling.internal.knative.dev.PodAutoscaler","knative.dev/traceid":"bf34d70d-a724-45bf-bb50-4dba6ee1defa","knative.dev/key":"default/fastfouriertransform-00001"}
{"severity":"INFO","timestamp":"2026-06-03T07:16:40.003972175Z","logger":"autoscaler","caller":"kpa/kpa.go:298","message":"KPA Status for revision default/fastfouriertransform-00001 after reconcile: currentPods=0, desiredPods=1, conditions=[Active=Unknown Ready=Unknown SKSReady=Unknown ScaleTargetInitialized=True]","knative.dev/controller":"knative.dev.serving.pkg.reconciler.autoscaling.kpa.Reconciler","knative.dev/kind":"autoscaling.internal.knative.dev.PodAutoscaler","knative.dev/traceid":"bf34d70d-a724-45bf-bb50-4dba6ee1defa","knative.dev/key":"default/fastfouriertransform-00001"}
{"severity":"INFO","timestamp":"2026-06-03T07:16:40.003994675Z","logger":"autoscaler","caller":"kpa/kpa.go:242","message":"Cold start final  took: 383.888µs","knative.dev/controller":"knative.dev.serving.pkg.reconciler.autoscaling.kpa.Reconciler","knative.dev/kind":"autoscaling.internal.knative.dev.PodAutoscaler","knative.dev/traceid":"bf34d70d-a724-45bf-bb50-4dba6ee1defa","knative.dev/key":"default/fastfouriertransform-00001"}
{"severity":"INFO","timestamp":"2026-06-03T07:16:40.004032323Z","logger":"autoscaler","caller":"controller/controller.go:530","message":"Reconcile succeeded","knative.dev/controller":"knative.dev.serving.pkg.reconciler.autoscaling.kpa.Reconciler","knative.dev/kind":"autoscaling.internal.knative.dev.PodAutoscaler","knative.dev/traceid":"bf34d70d-a724-45bf-bb50-4dba6ee1defa","knative.dev/key":"default/fastfouriertransform-00001","duration":"494.944µs"}
{"severity":"INFO","timestamp":"2026-06-03T07:16:40.004801748Z","logger":"autoscaler","caller":"kpa/kpa.go:193","message":"SKS should be in Proxy mode: want = 1, ebc = -214, #act's = 3 PA Inactive? = false","knative.dev/controller":"knative.dev.serving.pkg.reconciler.autoscaling.kpa.Reconciler","knative.dev/kind":"autoscaling.internal.knative.dev.PodAutoscaler","knative.dev/traceid":"8b065992-dcf6-4dea-bbb1-d8935956be12","knative.dev/key":"default/linpack-00001"}
{"severity":"INFO","timestamp":"2026-06-03T07:16:40.00486784Z","logger":"autoscaler","caller":"kpa/kpa.go:221","message":"KPA Scale decision for revision default/linpack-00001: currentPods=0, calculatedWant=1, desiredPods=1, excessBurstCapacity=-214","knative.dev/controller":"knative.dev.serving.pkg.reconciler.autoscaling.kpa.Reconciler","knative.dev/kind":"autoscaling.internal.knative.dev.PodAutoscaler","knative.dev/traceid":"8b065992-dcf6-4dea-bbb1-d8935956be12","knative.dev/key":"default/linpack-00001"}
{"severity":"INFO","timestamp":"2026-06-03T07:16:40.004884748Z","logger":"autoscaler","caller":"kpa/kpa.go:239","message":"Observed pod counts=kpa.podCounts{want:1, ready:0, notReady:1, pending:1, terminating:0}","knative.dev/controller":"knative.dev.serving.pkg.reconciler.autoscaling.kpa.Reconciler","knative.dev/kind":"autoscaling.internal.knative.dev.PodAutoscaler","knative.dev/traceid":"8b065992-dcf6-4dea-bbb1-d8935956be12","knative.dev/key":"default/linpack-00001"}
{"severity":"INFO","timestamp":"2026-06-03T07:16:40.004900785Z","logger":"autoscaler","caller":"kpa/kpa.go:298","message":"KPA Status for revision default/linpack-00001 after reconcile: currentPods=0, desiredPods=1, conditions=[Active=Unknown Ready=Unknown SKSReady=Unknown ScaleTargetInitialized=True]","knative.dev/controller":"knative.dev.serving.pkg.reconciler.autoscaling.kpa.Reconciler","knative.dev/kind":"autoscaling.internal.knative.dev.PodAutoscaler","knative.dev/traceid":"8b065992-dcf6-4dea-bbb1-d8935956be12","knative.dev/key":"default/linpack-00001"}
{"severity":"INFO","timestamp":"2026-06-03T07:16:40.004916285Z","logger":"autoscaler","caller":"kpa/kpa.go:242","message":"Cold start final  took: 394.389µs","knative.dev/controller":"knative.dev.serving.pkg.reconciler.autoscaling.kpa.Reconciler","knative.dev/kind":"autoscaling.internal.knative.dev.PodAutoscaler","knative.dev/traceid":"8b065992-dcf6-4dea-bbb1-d8935956be12","knative.dev/key":"default/linpack-00001"}
{"severity":"INFO","timestamp":"2026-06-03T07:16:40.004948359Z","logger":"autoscaler","caller":"controller/controller.go:530","message":"Reconcile succeeded","knative.dev/controller":"knative.dev.serving.pkg.reconciler.autoscaling.kpa.Reconciler","knative.dev/kind":"autoscaling.internal.knative.dev.PodAutoscaler","knative.dev/traceid":"8b065992-dcf6-4dea-bbb1-d8935956be12","knative.dev/key":"default/linpack-00001","duration":"504.851µs"}
{"severity":"INFO","timestamp":"2026-06-03T07:16:40.989828505Z","logger":"autoscaler","caller":"kpa/kpa.go:193","message":"SKS should be in Proxy mode: want = 1, ebc = -213, #act's = 3 PA Inactive? = false","knative.dev/controller":"knative.dev.serving.pkg.reconciler.autoscaling.kpa.Reconciler","knative.dev/kind":"autoscaling.internal.knative.dev.PodAutoscaler","knative.dev/traceid":"fd7dd2ca-cbc5-4d55-af44-db2f63db7b8e","knative.dev/key":"default/fetchdata-00001"}
{"severity":"INFO","timestamp":"2026-06-03T07:16:40.989900523Z","logger":"autoscaler","caller":"kpa/kpa.go:221","message":"KPA Scale decision for revision default/fetchdata-00001: currentPods=0, calculatedWant=1, desiredPods=1, excessBurstCapacity=-213","knative.dev/controller":"knative.dev.serving.pkg.reconciler.autoscaling.kpa.Reconciler","knative.dev/kind":"autoscaling.internal.knative.dev.PodAutoscaler","knative.dev/traceid":"fd7dd2ca-cbc5-4d55-af44-db2f63db7b8e","knative.dev/key":"default/fetchdata-00001"}
{"severity":"INFO","timestamp":"2026-06-03T07:16:40.989920227Z","logger":"autoscaler","caller":"kpa/kpa.go:239","message":"Observed pod counts=kpa.podCounts{want:1, ready:0, notReady:1, pending:0, terminating:0}","knative.dev/controller":"knative.dev.serving.pkg.reconciler.autoscaling.kpa.Reconciler","knative.dev/kind":"autoscaling.internal.knative.dev.PodAutoscaler","knative.dev/traceid":"fd7dd2ca-cbc5-4d55-af44-db2f63db7b8e","knative.dev/key":"default/fetchdata-00001"}
{"severity":"INFO","timestamp":"2026-06-03T07:16:40.989937393Z","logger":"autoscaler","caller":"kpa/kpa.go:298","message":"KPA Status for revision default/fetchdata-00001 after reconcile: currentPods=0, desiredPods=1, conditions=[Active=Unknown Ready=Unknown SKSReady=Unknown ScaleTargetInitialized=True]","knative.dev/controller":"knative.dev.serving.pkg.reconciler.autoscaling.kpa.Reconciler","knative.dev/kind":"autoscaling.internal.knative.dev.PodAutoscaler","knative.dev/traceid":"fd7dd2ca-cbc5-4d55-af44-db2f63db7b8e","knative.dev/key":"default/fetchdata-00001"}
{"severity":"INFO","timestamp":"2026-06-03T07:16:40.98996056Z","logger":"autoscaler","caller":"kpa/kpa.go:242","message":"Cold start final  took: 397.981µs","knative.dev/controller":"knative.dev.serving.pkg.reconciler.autoscaling.kpa.Reconciler","knative.dev/kind":"autoscaling.internal.knative.dev.PodAutoscaler","knative.dev/traceid":"fd7dd2ca-cbc5-4d55-af44-db2f63db7b8e","knative.dev/key":"default/fetchdata-00001"}
{"severity":"INFO","timestamp":"2026-06-03T07:16:40.989999504Z","logger":"autoscaler","caller":"controller/controller.go:530","message":"Reconcile succeeded","knative.dev/controller":"knative.dev.serving.pkg.reconciler.autoscaling.kpa.Reconciler","knative.dev/kind":"autoscaling.internal.knative.dev.PodAutoscaler","knative.dev/traceid":"fd7dd2ca-cbc5-4d55-af44-db2f63db7b8e","knative.dev/key":"default/fetchdata-00001","duration":"503.018µs"}
{"severity":"INFO","timestamp":"2026-06-03T07:16:41.027730984Z","logger":"autoscaler","caller":"kpa/kpa.go:193","message":"SKS should be in Proxy mode: want = 1, ebc = -213, #act's = 3 PA Inactive? = false","knative.dev/controller":"knative.dev.serving.pkg.reconciler.autoscaling.kpa.Reconciler","knative.dev/kind":"autoscaling.internal.knative.dev.PodAutoscaler","knative.dev/traceid":"8d62d826-393f-4252-9477-7c28a9138f3e","knative.dev/key":"default/fastfouriertransform-00001"}
{"severity":"INFO","timestamp":"2026-06-03T07:16:41.027797002Z","logger":"autoscaler","caller":"kpa/kpa.go:221","message":"KPA Scale decision for revision default/fastfouriertransform-00001: currentPods=0, calculatedWant=1, desiredPods=1, excessBurstCapacity=-213","knative.dev/controller":"knative.dev.serving.pkg.reconciler.autoscaling.kpa.Reconciler","knative.dev/kind":"autoscaling.internal.knative.dev.PodAutoscaler","knative.dev/traceid":"8d62d826-393f-4252-9477-7c28a9138f3e","knative.dev/key":"default/fastfouriertransform-00001"}
{"severity":"INFO","timestamp":"2026-06-03T07:16:41.027812576Z","logger":"autoscaler","caller":"kpa/kpa.go:239","message":"Observed pod counts=kpa.podCounts{want:1, ready:0, notReady:1, pending:0, terminating:0}","knative.dev/controller":"knative.dev.serving.pkg.reconciler.autoscaling.kpa.Reconciler","knative.dev/kind":"autoscaling.internal.knative.dev.PodAutoscaler","knative.dev/traceid":"8d62d826-393f-4252-9477-7c28a9138f3e","knative.dev/key":"default/fastfouriertransform-00001"}
{"severity":"INFO","timestamp":"2026-06-03T07:16:41.027828076Z","logger":"autoscaler","caller":"kpa/kpa.go:298","message":"KPA Status for revision default/fastfouriertransform-00001 after reconcile: currentPods=0, desiredPods=1, conditions=[Active=Unknown Ready=Unknown SKSReady=Unknown ScaleTargetInitialized=True]","knative.dev/controller":"knative.dev.serving.pkg.reconciler.autoscaling.kpa.Reconciler","knative.dev/kind":"autoscaling.internal.knative.dev.PodAutoscaler","knative.dev/traceid":"8d62d826-393f-4252-9477-7c28a9138f3e","knative.dev/key":"default/fastfouriertransform-00001"}
{"severity":"INFO","timestamp":"2026-06-03T07:16:41.027843113Z","logger":"autoscaler","caller":"kpa/kpa.go:242","message":"Cold start final  took: 367.147µs","knative.dev/controller":"knative.dev.serving.pkg.reconciler.autoscaling.kpa.Reconciler","knative.dev/kind":"autoscaling.internal.knative.dev.PodAutoscaler","knative.dev/traceid":"8d62d826-393f-4252-9477-7c28a9138f3e","knative.dev/key":"default/fastfouriertransform-00001"}
{"severity":"INFO","timestamp":"2026-06-03T07:16:41.027875206Z","logger":"autoscaler","caller":"controller/controller.go:530","message":"Reconcile succeeded","knative.dev/controller":"knative.dev.serving.pkg.reconciler.autoscaling.kpa.Reconciler","knative.dev/kind":"autoscaling.internal.knative.dev.PodAutoscaler","knative.dev/traceid":"8d62d826-393f-4252-9477-7c28a9138f3e","knative.dev/key":"default/fastfouriertransform-00001","duration":"467.573µs"}
{"severity":"INFO","timestamp":"2026-06-03T07:16:41.35433593Z","logger":"autoscaler","caller":"kpa/kpa.go:193","message":"SKS should be in Proxy mode: want = 1, ebc = -214, #act's = 3 PA Inactive? = false","knative.dev/controller":"knative.dev.serving.pkg.reconciler.autoscaling.kpa.Reconciler","knative.dev/kind":"autoscaling.internal.knative.dev.PodAutoscaler","knative.dev/traceid":"25ff7e8a-0c1d-49ee-bfee-93475de74507","knative.dev/key":"default/linpack-00001"}
{"severity":"INFO","timestamp":"2026-06-03T07:16:41.354501078Z","logger":"autoscaler","caller":"kpa/kpa.go:221","message":"KPA Scale decision for revision default/linpack-00001: currentPods=0, calculatedWant=1, desiredPods=1, excessBurstCapacity=-214","knative.dev/controller":"knative.dev.serving.pkg.reconciler.autoscaling.kpa.Reconciler","knative.dev/kind":"autoscaling.internal.knative.dev.PodAutoscaler","knative.dev/traceid":"25ff7e8a-0c1d-49ee-bfee-93475de74507","knative.dev/key":"default/linpack-00001"}
{"severity":"INFO","timestamp":"2026-06-03T07:16:41.354525985Z","logger":"autoscaler","caller":"kpa/kpa.go:239","message":"Observed pod counts=kpa.podCounts{want:1, ready:0, notReady:1, pending:0, terminating:0}","knative.dev/controller":"knative.dev.serving.pkg.reconciler.autoscaling.kpa.Reconciler","knative.dev/kind":"autoscaling.internal.knative.dev.PodAutoscaler","knative.dev/traceid":"25ff7e8a-0c1d-49ee-bfee-93475de74507","knative.dev/key":"default/linpack-00001"}
{"severity":"INFO","timestamp":"2026-06-03T07:16:41.354545393Z","logger":"autoscaler","caller":"kpa/kpa.go:298","message":"KPA Status for revision default/linpack-00001 after reconcile: currentPods=0, desiredPods=1, conditions=[Active=Unknown Ready=Unknown SKSReady=Unknown ScaleTargetInitialized=True]","knative.dev/controller":"knative.dev.serving.pkg.reconciler.autoscaling.kpa.Reconciler","knative.dev/kind":"autoscaling.internal.knative.dev.PodAutoscaler","knative.dev/traceid":"25ff7e8a-0c1d-49ee-bfee-93475de74507","knative.dev/key":"default/linpack-00001"}
{"severity":"INFO","timestamp":"2026-06-03T07:16:41.354569596Z","logger":"autoscaler","caller":"kpa/kpa.go:242","message":"Cold start final  took: 652.222µs","knative.dev/controller":"knative.dev.serving.pkg.reconciler.autoscaling.kpa.Reconciler","knative.dev/kind":"autoscaling.internal.knative.dev.PodAutoscaler","knative.dev/traceid":"25ff7e8a-0c1d-49ee-bfee-93475de74507","knative.dev/key":"default/linpack-00001"}
{"severity":"INFO","timestamp":"2026-06-03T07:16:41.354796318Z","logger":"autoscaler","caller":"controller/controller.go:530","message":"Reconcile succeeded","knative.dev/controller":"knative.dev.serving.pkg.reconciler.autoscaling.kpa.Reconciler","knative.dev/kind":"autoscaling.internal.knative.dev.PodAutoscaler","knative.dev/traceid":"25ff7e8a-0c1d-49ee-bfee-93475de74507","knative.dev/key":"default/linpack-00001","duration":"965.11µs"}
{"severity":"INFO","timestamp":"2026-06-03T07:16:41.367810372Z","logger":"autoscaler","caller":"kpa/kpa.go:193","message":"SKS should be in Proxy mode: want = 1, ebc = -214, #act's = 3 PA Inactive? = false","knative.dev/controller":"knative.dev.serving.pkg.reconciler.autoscaling.kpa.Reconciler","knative.dev/kind":"autoscaling.internal.knative.dev.PodAutoscaler","knative.dev/traceid":"e88cd6b3-cb79-43cc-a732-6f47f53ab83d","knative.dev/key":"default/linpack-00001"}
{"severity":"INFO","timestamp":"2026-06-03T07:16:41.367996946Z","logger":"autoscaler","caller":"kpa/kpa.go:221","message":"KPA Scale decision for revision default/linpack-00001: currentPods=1, calculatedWant=1, desiredPods=1, excessBurstCapacity=-214","knative.dev/controller":"knative.dev.serving.pkg.reconciler.autoscaling.kpa.Reconciler","knative.dev/kind":"autoscaling.internal.knative.dev.PodAutoscaler","knative.dev/traceid":"e88cd6b3-cb79-43cc-a732-6f47f53ab83d","knative.dev/key":"default/linpack-00001"}
{"severity":"INFO","timestamp":"2026-06-03T07:16:41.368042372Z","logger":"autoscaler","caller":"kpa/kpa.go:239","message":"Observed pod counts=kpa.podCounts{want:1, ready:1, notReady:0, pending:0, terminating:0}","knative.dev/controller":"knative.dev.serving.pkg.reconciler.autoscaling.kpa.Reconciler","knative.dev/kind":"autoscaling.internal.knative.dev.PodAutoscaler","knative.dev/traceid":"e88cd6b3-cb79-43cc-a732-6f47f53ab83d","knative.dev/key":"default/linpack-00001"}
{"severity":"INFO","timestamp":"2026-06-03T07:16:41.368065057Z","logger":"autoscaler","caller":"kpa/kpa.go:298","message":"KPA Status for revision default/linpack-00001 after reconcile: currentPods=1, desiredPods=1, conditions=[Active=Unknown Ready=Unknown SKSReady=Unknown ScaleTargetInitialized=True]","knative.dev/controller":"knative.dev.serving.pkg.reconciler.autoscaling.kpa.Reconciler","knative.dev/kind":"autoscaling.internal.knative.dev.PodAutoscaler","knative.dev/traceid":"e88cd6b3-cb79-43cc-a732-6f47f53ab83d","knative.dev/key":"default/linpack-00001"}
{"severity":"INFO","timestamp":"2026-06-03T07:16:41.368107705Z","logger":"autoscaler","caller":"kpa/kpa.go:242","message":"Cold start final  took: 644.48µs","knative.dev/controller":"knative.dev.serving.pkg.reconciler.autoscaling.kpa.Reconciler","knative.dev/kind":"autoscaling.internal.knative.dev.PodAutoscaler","knative.dev/traceid":"e88cd6b3-cb79-43cc-a732-6f47f53ab83d","knative.dev/key":"default/linpack-00001"}
{"severity":"INFO","timestamp":"2026-06-03T07:16:41.377551969Z","logger":"autoscaler","caller":"controller/controller.go:530","message":"Reconcile succeeded","knative.dev/controller":"knative.dev.serving.pkg.reconciler.autoscaling.kpa.Reconciler","knative.dev/kind":"autoscaling.internal.knative.dev.PodAutoscaler","knative.dev/traceid":"e88cd6b3-cb79-43cc-a732-6f47f53ab83d","knative.dev/key":"default/linpack-00001","duration":"10.164985ms"}
{"severity":"INFO","timestamp":"2026-06-03T07:16:41.379650873Z","logger":"autoscaler","caller":"kpa/kpa.go:193","message":"SKS should be in Proxy mode: want = 1, ebc = -214, #act's = 3 PA Inactive? = false","knative.dev/controller":"knative.dev.serving.pkg.reconciler.autoscaling.kpa.Reconciler","knative.dev/kind":"autoscaling.internal.knative.dev.PodAutoscaler","knative.dev/traceid":"4fb9d084-a02e-4246-b5a1-9c508845ac53","knative.dev/key":"default/linpack-00001"}
{"severity":"INFO","timestamp":"2026-06-03T07:16:41.379717206Z","logger":"autoscaler","caller":"kpa/kpa.go:221","message":"KPA Scale decision for revision default/linpack-00001: currentPods=1, calculatedWant=1, desiredPods=1, excessBurstCapacity=-214","knative.dev/controller":"knative.dev.serving.pkg.reconciler.autoscaling.kpa.Reconciler","knative.dev/kind":"autoscaling.internal.knative.dev.PodAutoscaler","knative.dev/traceid":"4fb9d084-a02e-4246-b5a1-9c508845ac53","knative.dev/key":"default/linpack-00001"}
{"severity":"INFO","timestamp":"2026-06-03T07:16:41.379735928Z","logger":"autoscaler","caller":"kpa/kpa.go:239","message":"Observed pod counts=kpa.podCounts{want:1, ready:1, notReady:0, pending:0, terminating:0}","knative.dev/controller":"knative.dev.serving.pkg.reconciler.autoscaling.kpa.Reconciler","knative.dev/kind":"autoscaling.internal.knative.dev.PodAutoscaler","knative.dev/traceid":"4fb9d084-a02e-4246-b5a1-9c508845ac53","knative.dev/key":"default/linpack-00001"}
{"severity":"INFO","timestamp":"2026-06-03T07:16:41.379757854Z","logger":"autoscaler","caller":"kpa/kpa.go:298","message":"KPA Status for revision default/linpack-00001 after reconcile: currentPods=1, desiredPods=1, conditions=[Active=True Ready=Unknown SKSReady=Unknown ScaleTargetInitialized=True]","knative.dev/controller":"knative.dev.serving.pkg.reconciler.autoscaling.kpa.Reconciler","knative.dev/kind":"autoscaling.internal.knative.dev.PodAutoscaler","knative.dev/traceid":"4fb9d084-a02e-4246-b5a1-9c508845ac53","knative.dev/key":"default/linpack-00001"}
{"severity":"INFO","timestamp":"2026-06-03T07:16:41.379784632Z","logger":"autoscaler","caller":"kpa/kpa.go:242","message":"Cold start final  took: 211.888µs","knative.dev/controller":"knative.dev.serving.pkg.reconciler.autoscaling.kpa.Reconciler","knative.dev/kind":"autoscaling.internal.knative.dev.PodAutoscaler","knative.dev/traceid":"4fb9d084-a02e-4246-b5a1-9c508845ac53","knative.dev/key":"default/linpack-00001"}
{"severity":"INFO","timestamp":"2026-06-03T07:16:41.379829539Z","logger":"autoscaler","caller":"controller/controller.go:530","message":"Reconcile succeeded","knative.dev/controller":"knative.dev.serving.pkg.reconciler.autoscaling.kpa.Reconciler","knative.dev/kind":"autoscaling.internal.knative.dev.PodAutoscaler","knative.dev/traceid":"4fb9d084-a02e-4246-b5a1-9c508845ac53","knative.dev/key":"default/linpack-00001","duration":"332.129µs"}
{"severity":"INFO","timestamp":"2026-06-03T07:16:41.383110627Z","logger":"autoscaler","caller":"kpa/kpa.go:193","message":"SKS should be in Proxy mode: want = 1, ebc = -214, #act's = 3 PA Inactive? = false","knative.dev/controller":"knative.dev.serving.pkg.reconciler.autoscaling.kpa.Reconciler","knative.dev/kind":"autoscaling.internal.knative.dev.PodAutoscaler","knative.dev/traceid":"1d9c98a5-f6a0-4c91-b1f6-23aa95eaa354","knative.dev/key":"default/linpack-00001"}
{"severity":"INFO","timestamp":"2026-06-03T07:16:41.383196886Z","logger":"autoscaler","caller":"kpa/kpa.go:221","message":"KPA Scale decision for revision default/linpack-00001: currentPods=1, calculatedWant=1, desiredPods=1, excessBurstCapacity=-214","knative.dev/controller":"knative.dev.serving.pkg.reconciler.autoscaling.kpa.Reconciler","knative.dev/kind":"autoscaling.internal.knative.dev.PodAutoscaler","knative.dev/traceid":"1d9c98a5-f6a0-4c91-b1f6-23aa95eaa354","knative.dev/key":"default/linpack-00001"}
{"severity":"INFO","timestamp":"2026-06-03T07:16:41.383220664Z","logger":"autoscaler","caller":"kpa/kpa.go:239","message":"Observed pod counts=kpa.podCounts{want:1, ready:1, notReady:0, pending:0, terminating:0}","knative.dev/controller":"knative.dev.serving.pkg.reconciler.autoscaling.kpa.Reconciler","knative.dev/kind":"autoscaling.internal.knative.dev.PodAutoscaler","knative.dev/traceid":"1d9c98a5-f6a0-4c91-b1f6-23aa95eaa354","knative.dev/key":"default/linpack-00001"}
{"severity":"INFO","timestamp":"2026-06-03T07:16:41.38324359Z","logger":"autoscaler","caller":"kpa/kpa.go:298","message":"KPA Status for revision default/linpack-00001 after reconcile: currentPods=1, desiredPods=1, conditions=[Active=True Ready=True SKSReady=True ScaleTargetInitialized=True]","knative.dev/controller":"knative.dev.serving.pkg.reconciler.autoscaling.kpa.Reconciler","knative.dev/kind":"autoscaling.internal.knative.dev.PodAutoscaler","knative.dev/traceid":"1d9c98a5-f6a0-4c91-b1f6-23aa95eaa354","knative.dev/key":"default/linpack-00001"}
{"severity":"INFO","timestamp":"2026-06-03T07:16:41.383269404Z","logger":"autoscaler","caller":"kpa/kpa.go:242","message":"Cold start final  took: 434.759µs","knative.dev/controller":"knative.dev.serving.pkg.reconciler.autoscaling.kpa.Reconciler","knative.dev/kind":"autoscaling.internal.knative.dev.PodAutoscaler","knative.dev/traceid":"1d9c98a5-f6a0-4c91-b1f6-23aa95eaa354","knative.dev/key":"default/linpack-00001"}
{"severity":"INFO","timestamp":"2026-06-03T07:16:41.391124652Z","logger":"autoscaler","caller":"controller/controller.go:530","message":"Reconcile succeeded","knative.dev/controller":"knative.dev.serving.pkg.reconciler.autoscaling.kpa.Reconciler","knative.dev/kind":"autoscaling.internal.knative.dev.PodAutoscaler","knative.dev/traceid":"1d9c98a5-f6a0-4c91-b1f6-23aa95eaa354","knative.dev/key":"default/linpack-00001","duration":"8.364043ms"}
{"severity":"INFO","timestamp":"2026-06-03T07:16:41.391375707Z","logger":"autoscaler","caller":"kpa/kpa.go:193","message":"SKS should be in Proxy mode: want = 1, ebc = -214, #act's = 3 PA Inactive? = false","knative.dev/controller":"knative.dev.serving.pkg.reconciler.autoscaling.kpa.Reconciler","knative.dev/kind":"autoscaling.internal.knative.dev.PodAutoscaler","knative.dev/traceid":"bbe58244-3fe1-413a-b9fa-dd5267f0fe84","knative.dev/key":"default/linpack-00001"}
{"severity":"INFO","timestamp":"2026-06-03T07:16:41.391441373Z","logger":"autoscaler","caller":"kpa/kpa.go:221","message":"KPA Scale decision for revision default/linpack-00001: currentPods=1, calculatedWant=1, desiredPods=1, excessBurstCapacity=-214","knative.dev/controller":"knative.dev.serving.pkg.reconciler.autoscaling.kpa.Reconciler","knative.dev/kind":"autoscaling.internal.knative.dev.PodAutoscaler","knative.dev/traceid":"bbe58244-3fe1-413a-b9fa-dd5267f0fe84","knative.dev/key":"default/linpack-00001"}
{"severity":"INFO","timestamp":"2026-06-03T07:16:41.391473151Z","logger":"autoscaler","caller":"kpa/kpa.go:239","message":"Observed pod counts=kpa.podCounts{want:1, ready:1, notReady:0, pending:0, terminating:0}","knative.dev/controller":"knative.dev.serving.pkg.reconciler.autoscaling.kpa.Reconciler","knative.dev/kind":"autoscaling.internal.knative.dev.PodAutoscaler","knative.dev/traceid":"bbe58244-3fe1-413a-b9fa-dd5267f0fe84","knative.dev/key":"default/linpack-00001"}
{"severity":"INFO","timestamp":"2026-06-03T07:16:41.391509577Z","logger":"autoscaler","caller":"kpa/kpa.go:298","message":"KPA Status for revision default/linpack-00001 after reconcile: currentPods=1, desiredPods=1, conditions=[Active=True Ready=True SKSReady=True ScaleTargetInitialized=True]","knative.dev/controller":"knative.dev.serving.pkg.reconciler.autoscaling.kpa.Reconciler","knative.dev/kind":"autoscaling.internal.knative.dev.PodAutoscaler","knative.dev/traceid":"bbe58244-3fe1-413a-b9fa-dd5267f0fe84","knative.dev/key":"default/linpack-00001"}
{"severity":"INFO","timestamp":"2026-06-03T07:16:41.391539595Z","logger":"autoscaler","caller":"kpa/kpa.go:242","message":"Cold start final  took: 269.481µs","knative.dev/controller":"knative.dev.serving.pkg.reconciler.autoscaling.kpa.Reconciler","knative.dev/kind":"autoscaling.internal.knative.dev.PodAutoscaler","knative.dev/traceid":"bbe58244-3fe1-413a-b9fa-dd5267f0fe84","knative.dev/key":"default/linpack-00001"}
{"severity":"INFO","timestamp":"2026-06-03T07:16:41.391588336Z","logger":"autoscaler","caller":"controller/controller.go:530","message":"Reconcile succeeded","knative.dev/controller":"knative.dev.serving.pkg.reconciler.autoscaling.kpa.Reconciler","knative.dev/kind":"autoscaling.internal.knative.dev.PodAutoscaler","knative.dev/traceid":"bbe58244-3fe1-413a-b9fa-dd5267f0fe84","knative.dev/key":"default/linpack-00001","duration":"406.518µs"}
{"severity":"INFO","timestamp":"2026-06-03T07:16:41.421839753Z","logger":"autoscaler","caller":"scaling/autoscaler.go:207","message":"For metric concurrency observed values: stable = 5.0; panic = 5.0; target = 3.5 Desired StablePodCount = 2, PanicPodCount = 2, ReadyEndpointCount = 1, MaxScaleUp = 1000, MaxScaleDown = 0","knative.dev/key":"default/linpack-00001"}
{"severity":"INFO","timestamp":"2026-06-03T07:16:41.421873123Z","logger":"autoscaler","caller":"scaling/autoscaler.go:230","message":"PANICKING.","knative.dev/key":"default/linpack-00001"}
{"severity":"INFO","timestamp":"2026-06-03T07:16:41.421884383Z","logger":"autoscaler","caller":"scaling/autoscaler.go:255","message":"Increasing pods count from 1 to 2.","knative.dev/key":"default/linpack-00001"}
{"severity":"INFO","timestamp":"2026-06-03T07:16:41.421899253Z","logger":"autoscaler","caller":"scaling/autoscaler.go:314","message":"Autoscaler: stable=5.025897 panic=5.025897 target=3.500000 pods=%!d(float64=1) desired=2 excessBC=-212.000000","knative.dev/key":"default/linpack-00001"}
{"severity":"INFO","timestamp":"2026-06-03T07:16:41.421915123Z","logger":"autoscaler","caller":"scaling/autoscaler.go:318","message":"⏱ Autoscaler decision: 95.37µs.","knative.dev/key":"default/linpack-00001"}
{"severity":"INFO","timestamp":"2026-06-03T07:16:41.422308789Z","logger":"autoscaler","caller":"kpa/scaler.go:380","message":"Scaling from 1 to 2","knative.dev/controller":"knative.dev.serving.pkg.reconciler.autoscaling.kpa.Reconciler","knative.dev/kind":"autoscaling.internal.knative.dev.PodAutoscaler","knative.dev/traceid":"9f03ffdc-27d5-4ffc-8100-4f2138079c0f","knative.dev/key":"default/linpack-00001"}
{"severity":"INFO","timestamp":"2026-06-03T07:16:41.425793099Z","logger":"autoscaler","caller":"scaling/autoscaler.go:207","message":"For metric concurrency observed values: stable = 3.8; panic = 3.8; target = 3.5 Desired StablePodCount = 2, PanicPodCount = 2, ReadyEndpointCount = 0, MaxScaleUp = 1000, MaxScaleDown = 0","knative.dev/key":"default/fastfouriertransform-00001"}
{"severity":"INFO","timestamp":"2026-06-03T07:16:41.425844932Z","logger":"autoscaler","caller":"scaling/autoscaler.go:230","message":"PANICKING.","knative.dev/key":"default/fastfouriertransform-00001"}
{"severity":"INFO","timestamp":"2026-06-03T07:16:41.425855951Z","logger":"autoscaler","caller":"scaling/autoscaler.go:255","message":"Increasing pods count from 0 to 2.","knative.dev/key":"default/fastfouriertransform-00001"}
{"severity":"INFO","timestamp":"2026-06-03T07:16:41.425869136Z","logger":"autoscaler","caller":"scaling/autoscaler.go:314","message":"Autoscaler: stable=3.806240 panic=3.806240 target=3.500000 pods=%!d(float64=1) desired=2 excessBC=-215.000000","knative.dev/key":"default/fastfouriertransform-00001"}
{"severity":"INFO","timestamp":"2026-06-03T07:16:41.425882821Z","logger":"autoscaler","caller":"scaling/autoscaler.go:318","message":"⏱ Autoscaler decision: 121.889µs.","knative.dev/key":"default/fastfouriertransform-00001"}
{"severity":"INFO","timestamp":"2026-06-03T07:16:41.426721857Z","logger":"autoscaler","caller":"kpa/scaler.go:380","message":"Scaling from 1 to 2","knative.dev/controller":"knative.dev.serving.pkg.reconciler.autoscaling.kpa.Reconciler","knative.dev/kind":"autoscaling.internal.knative.dev.PodAutoscaler","knative.dev/traceid":"448ae5c3-597c-40aa-bfcb-80c0b3a42bfa","knative.dev/key":"default/fastfouriertransform-00001"}
{"severity":"INFO","timestamp":"2026-06-03T07:16:41.431376572Z","logger":"autoscaler","caller":"scaling/autoscaler.go:207","message":"For metric concurrency observed values: stable = 2.8; panic = 2.8; target = 3.5 Desired StablePodCount = 1, PanicPodCount = 1, ReadyEndpointCount = 0, MaxScaleUp = 1000, MaxScaleDown = 0","knative.dev/key":"default/fetchdata-00001"}
{"severity":"INFO","timestamp":"2026-06-03T07:16:41.431413498Z","logger":"autoscaler","caller":"scaling/autoscaler.go:314","message":"Autoscaler: stable=2.792485 panic=2.792485 target=3.500000 pods=%!d(float64=1) desired=1 excessBC=-214.000000","knative.dev/key":"default/fetchdata-00001"}
{"severity":"INFO","timestamp":"2026-06-03T07:16:41.431430109Z","logger":"autoscaler","caller":"scaling/autoscaler.go:318","message":"⏱ Autoscaler decision: 99.389µs.","knative.dev/key":"default/fetchdata-00001"}
{"severity":"INFO","timestamp":"2026-06-03T07:16:41.431487146Z","logger":"autoscaler","caller":"scaling/autoscaler.go:207","message":"For metric concurrency observed values: stable = 1.9; panic = 1.9; target = 3.5 Desired StablePodCount = 1, PanicPodCount = 1, ReadyEndpointCount = 0, MaxScaleUp = 1000, MaxScaleDown = 0","knative.dev/key":"default/genmatrix-00001"}
{"severity":"INFO","timestamp":"2026-06-03T07:16:41.431502257Z","logger":"autoscaler","caller":"scaling/autoscaler.go:314","message":"Autoscaler: stable=1.940517 panic=1.940517 target=3.500000 pods=%!d(float64=1) desired=1 excessBC=-213.000000","knative.dev/key":"default/genmatrix-00001"}
{"severity":"INFO","timestamp":"2026-06-03T07:16:41.431525294Z","logger":"autoscaler","caller":"scaling/autoscaler.go:318","message":"⏱ Autoscaler decision: 49.981µs.","knative.dev/key":"default/genmatrix-00001"}
{"severity":"INFO","timestamp":"2026-06-03T07:16:41.431547331Z","logger":"autoscaler","caller":"scaling/autoscaler.go:207","message":"For metric concurrency observed values: stable = 2.0; panic = 2.0; target = 3.5 Desired StablePodCount = 1, PanicPodCount = 1, ReadyEndpointCount = 0, MaxScaleUp = 1000, MaxScaleDown = 0","knative.dev/key":"default/matrixmul-00001"}
{"severity":"INFO","timestamp":"2026-06-03T07:16:41.431564683Z","logger":"autoscaler","caller":"scaling/autoscaler.go:314","message":"Autoscaler: stable=1.958791 panic=1.958791 target=3.500000 pods=%!d(float64=1) desired=1 excessBC=-213.000000","knative.dev/key":"default/matrixmul-00001"}
{"severity":"INFO","timestamp":"2026-06-03T07:16:41.431578627Z","logger":"autoscaler","caller":"scaling/autoscaler.go:318","message":"⏱ Autoscaler decision: 9.825429ms.","knative.dev/key":"default/matrixmul-00001"}
{"severity":"INFO","timestamp":"2026-06-03T07:16:41.436675175Z","logger":"autoscaler","caller":"kpa/kpa.go:193","message":"SKS should be in Proxy mode: want = 2, ebc = -212, #act's = 3 PA Inactive? = false","knative.dev/controller":"knative.dev.serving.pkg.reconciler.autoscaling.kpa.Reconciler","knative.dev/kind":"autoscaling.internal.knative.dev.PodAutoscaler","knative.dev/traceid":"9f03ffdc-27d5-4ffc-8100-4f2138079c0f","knative.dev/key":"default/linpack-00001"}
{"severity":"INFO","timestamp":"2026-06-03T07:16:41.43674936Z","logger":"autoscaler","caller":"kpa/kpa.go:221","message":"KPA Scale decision for revision default/linpack-00001: currentPods=1, calculatedWant=2, desiredPods=2, excessBurstCapacity=-212","knative.dev/controller":"knative.dev.serving.pkg.reconciler.autoscaling.kpa.Reconciler","knative.dev/kind":"autoscaling.internal.knative.dev.PodAutoscaler","knative.dev/traceid":"9f03ffdc-27d5-4ffc-8100-4f2138079c0f","knative.dev/key":"default/linpack-00001"}
{"severity":"INFO","timestamp":"2026-06-03T07:16:41.436767656Z","logger":"autoscaler","caller":"kpa/kpa.go:239","message":"Observed pod counts=kpa.podCounts{want:2, ready:1, notReady:0, pending:0, terminating:0}","knative.dev/controller":"knative.dev.serving.pkg.reconciler.autoscaling.kpa.Reconciler","knative.dev/kind":"autoscaling.internal.knative.dev.PodAutoscaler","knative.dev/traceid":"9f03ffdc-27d5-4ffc-8100-4f2138079c0f","knative.dev/key":"default/linpack-00001"}
{"severity":"INFO","timestamp":"2026-06-03T07:16:41.436788656Z","logger":"autoscaler","caller":"kpa/kpa.go:298","message":"KPA Status for revision default/linpack-00001 after reconcile: currentPods=1, desiredPods=2, conditions=[Active=True Ready=True SKSReady=True ScaleTargetInitialized=True]","knative.dev/controller":"knative.dev.serving.pkg.reconciler.autoscaling.kpa.Reconciler","knative.dev/kind":"autoscaling.internal.knative.dev.PodAutoscaler","knative.dev/traceid":"9f03ffdc-27d5-4ffc-8100-4f2138079c0f","knative.dev/key":"default/linpack-00001"}
{"severity":"INFO","timestamp":"2026-06-03T07:16:41.436818137Z","logger":"autoscaler","caller":"kpa/kpa.go:242","message":"Cold start final  took: 14.775162ms","knative.dev/controller":"knative.dev.serving.pkg.reconciler.autoscaling.kpa.Reconciler","knative.dev/kind":"autoscaling.internal.knative.dev.PodAutoscaler","knative.dev/traceid":"9f03ffdc-27d5-4ffc-8100-4f2138079c0f","knative.dev/key":"default/linpack-00001"}
{"severity":"INFO","timestamp":"2026-06-03T07:16:41.452308262Z","logger":"autoscaler","caller":"kpa/kpa.go:193","message":"SKS should be in Proxy mode: want = 2, ebc = -215, #act's = 3 PA Inactive? = false","knative.dev/controller":"knative.dev.serving.pkg.reconciler.autoscaling.kpa.Reconciler","knative.dev/kind":"autoscaling.internal.knative.dev.PodAutoscaler","knative.dev/traceid":"448ae5c3-597c-40aa-bfcb-80c0b3a42bfa","knative.dev/key":"default/fastfouriertransform-00001"}
{"severity":"INFO","timestamp":"2026-06-03T07:16:41.452382669Z","logger":"autoscaler","caller":"kpa/kpa.go:221","message":"KPA Scale decision for revision default/fastfouriertransform-00001: currentPods=1, calculatedWant=2, desiredPods=2, excessBurstCapacity=-215","knative.dev/controller":"knative.dev.serving.pkg.reconciler.autoscaling.kpa.Reconciler","knative.dev/kind":"autoscaling.internal.knative.dev.PodAutoscaler","knative.dev/traceid":"448ae5c3-597c-40aa-bfcb-80c0b3a42bfa","knative.dev/key":"default/fastfouriertransform-00001"}
{"severity":"INFO","timestamp":"2026-06-03T07:16:41.452399225Z","logger":"autoscaler","caller":"kpa/kpa.go:239","message":"Observed pod counts=kpa.podCounts{want:2, ready:1, notReady:0, pending:0, terminating:0}","knative.dev/controller":"knative.dev.serving.pkg.reconciler.autoscaling.kpa.Reconciler","knative.dev/kind":"autoscaling.internal.knative.dev.PodAutoscaler","knative.dev/traceid":"448ae5c3-597c-40aa-bfcb-80c0b3a42bfa","knative.dev/key":"default/fastfouriertransform-00001"}
{"severity":"INFO","timestamp":"2026-06-03T07:16:41.452416503Z","logger":"autoscaler","caller":"kpa/kpa.go:298","message":"KPA Status for revision default/fastfouriertransform-00001 after reconcile: currentPods=1, desiredPods=2, conditions=[Active=Unknown Ready=Unknown SKSReady=True ScaleTargetInitialized=True]","knative.dev/controller":"knative.dev.serving.pkg.reconciler.autoscaling.kpa.Reconciler","knative.dev/kind":"autoscaling.internal.knative.dev.PodAutoscaler","knative.dev/traceid":"448ae5c3-597c-40aa-bfcb-80c0b3a42bfa","knative.dev/key":"default/fastfouriertransform-00001"}
{"severity":"INFO","timestamp":"2026-06-03T07:16:41.452443595Z","logger":"autoscaler","caller":"kpa/kpa.go:242","message":"Cold start final  took: 26.089386ms","knative.dev/controller":"knative.dev.serving.pkg.reconciler.autoscaling.kpa.Reconciler","knative.dev/kind":"autoscaling.internal.knative.dev.PodAutoscaler","knative.dev/traceid":"448ae5c3-597c-40aa-bfcb-80c0b3a42bfa","knative.dev/key":"default/fastfouriertransform-00001"}
{"severity":"INFO","timestamp":"2026-06-03T07:16:41.453336927Z","logger":"autoscaler","caller":"controller/controller.go:530","message":"Reconcile succeeded","knative.dev/controller":"knative.dev.serving.pkg.reconciler.autoscaling.kpa.Reconciler","knative.dev/kind":"autoscaling.internal.knative.dev.PodAutoscaler","knative.dev/traceid":"9f03ffdc-27d5-4ffc-8100-4f2138079c0f","knative.dev/key":"default/linpack-00001","duration":"31.381693ms"}
{"severity":"INFO","timestamp":"2026-06-03T07:16:41.45368526Z","logger":"autoscaler","caller":"kpa/scaler.go:380","message":"Scaling from 0 to 1","knative.dev/controller":"knative.dev.serving.pkg.reconciler.autoscaling.kpa.Reconciler","knative.dev/kind":"autoscaling.internal.knative.dev.PodAutoscaler","knative.dev/traceid":"e62f438e-d0ed-43b7-8a55-2c855d57816f","knative.dev/key":"default/matrixmul-00001"}
{"severity":"INFO","timestamp":"2026-06-03T07:16:41.464280522Z","logger":"autoscaler","caller":"controller/controller.go:530","message":"Reconcile succeeded","knative.dev/controller":"knative.dev.serving.pkg.reconciler.autoscaling.kpa.Reconciler","knative.dev/kind":"autoscaling.internal.knative.dev.PodAutoscaler","knative.dev/traceid":"448ae5c3-597c-40aa-bfcb-80c0b3a42bfa","knative.dev/key":"default/fastfouriertransform-00001","duration":"38.064312ms"}
{"severity":"INFO","timestamp":"2026-06-03T07:16:41.464691317Z","logger":"autoscaler","caller":"kpa/kpa.go:193","message":"SKS should be in Proxy mode: want = 1, ebc = -214, #act's = 3 PA Inactive? = false","knative.dev/controller":"knative.dev.serving.pkg.reconciler.autoscaling.kpa.Reconciler","knative.dev/kind":"autoscaling.internal.knative.dev.PodAutoscaler","knative.dev/traceid":"7ca3ee27-6724-4d11-81ab-9a01e09515fa","knative.dev/key":"default/fetchdata-00001"}
{"severity":"INFO","timestamp":"2026-06-03T07:16:41.464752502Z","logger":"autoscaler","caller":"kpa/kpa.go:221","message":"KPA Scale decision for revision default/fetchdata-00001: currentPods=1, calculatedWant=1, desiredPods=1, excessBurstCapacity=-214","knative.dev/controller":"knative.dev.serving.pkg.reconciler.autoscaling.kpa.Reconciler","knative.dev/kind":"autoscaling.internal.knative.dev.PodAutoscaler","knative.dev/traceid":"7ca3ee27-6724-4d11-81ab-9a01e09515fa","knative.dev/key":"default/fetchdata-00001"}
{"severity":"INFO","timestamp":"2026-06-03T07:16:41.46477091Z","logger":"autoscaler","caller":"kpa/kpa.go:239","message":"Observed pod counts=kpa.podCounts{want:1, ready:1, notReady:0, pending:0, terminating:0}","knative.dev/controller":"knative.dev.serving.pkg.reconciler.autoscaling.kpa.Reconciler","knative.dev/kind":"autoscaling.internal.knative.dev.PodAutoscaler","knative.dev/traceid":"7ca3ee27-6724-4d11-81ab-9a01e09515fa","knative.dev/key":"default/fetchdata-00001"}
{"severity":"INFO","timestamp":"2026-06-03T07:16:41.464787891Z","logger":"autoscaler","caller":"kpa/kpa.go:298","message":"KPA Status for revision default/fetchdata-00001 after reconcile: currentPods=1, desiredPods=1, conditions=[Active=Unknown Ready=Unknown SKSReady=True ScaleTargetInitialized=True]","knative.dev/controller":"knative.dev.serving.pkg.reconciler.autoscaling.kpa.Reconciler","knative.dev/kind":"autoscaling.internal.knative.dev.PodAutoscaler","knative.dev/traceid":"7ca3ee27-6724-4d11-81ab-9a01e09515fa","knative.dev/key":"default/fetchdata-00001"}
{"severity":"INFO","timestamp":"2026-06-03T07:16:41.464821039Z","logger":"autoscaler","caller":"kpa/kpa.go:242","message":"Cold start final  took: 401.258µs","knative.dev/controller":"knative.dev.serving.pkg.reconciler.autoscaling.kpa.Reconciler","knative.dev/kind":"autoscaling.internal.knative.dev.PodAutoscaler","knative.dev/traceid":"7ca3ee27-6724-4d11-81ab-9a01e09515fa","knative.dev/key":"default/fetchdata-00001"}
{"severity":"INFO","timestamp":"2026-06-03T07:16:41.46669237Z","logger":"autoscaler","caller":"kpa/kpa.go:193","message":"SKS should be in Proxy mode: want = 1, ebc = -213, #act's = 3 PA Inactive? = true","knative.dev/controller":"knative.dev.serving.pkg.reconciler.autoscaling.kpa.Reconciler","knative.dev/kind":"autoscaling.internal.knative.dev.PodAutoscaler","knative.dev/traceid":"e62f438e-d0ed-43b7-8a55-2c855d57816f","knative.dev/key":"default/matrixmul-00001"}
{"severity":"INFO","timestamp":"2026-06-03T07:16:41.466752462Z","logger":"autoscaler","caller":"kpa/kpa.go:221","message":"KPA Scale decision for revision default/matrixmul-00001: currentPods=0, calculatedWant=1, desiredPods=1, excessBurstCapacity=-213","knative.dev/controller":"knative.dev.serving.pkg.reconciler.autoscaling.kpa.Reconciler","knative.dev/kind":"autoscaling.internal.knative.dev.PodAutoscaler","knative.dev/traceid":"e62f438e-d0ed-43b7-8a55-2c855d57816f","knative.dev/key":"default/matrixmul-00001"}
{"severity":"INFO","timestamp":"2026-06-03T07:16:41.466769684Z","logger":"autoscaler","caller":"kpa/kpa.go:239","message":"Observed pod counts=kpa.podCounts{want:1, ready:0, notReady:0, pending:0, terminating:0}","knative.dev/controller":"knative.dev.serving.pkg.reconciler.autoscaling.kpa.Reconciler","knative.dev/kind":"autoscaling.internal.knative.dev.PodAutoscaler","knative.dev/traceid":"e62f438e-d0ed-43b7-8a55-2c855d57816f","knative.dev/key":"default/matrixmul-00001"}
{"severity":"INFO","timestamp":"2026-06-03T07:16:41.466820129Z","logger":"autoscaler","caller":"kpa/kpa.go:298","message":"KPA Status for revision default/matrixmul-00001 after reconcile: currentPods=0, desiredPods=1, conditions=[Active=False Ready=False SKSReady=Unknown ScaleTargetInitialized=True]","knative.dev/controller":"knative.dev.serving.pkg.reconciler.autoscaling.kpa.Reconciler","knative.dev/kind":"autoscaling.internal.knative.dev.PodAutoscaler","knative.dev/traceid":"e62f438e-d0ed-43b7-8a55-2c855d57816f","knative.dev/key":"default/matrixmul-00001"}
{"severity":"INFO","timestamp":"2026-06-03T07:16:41.466848314Z","logger":"autoscaler","caller":"kpa/kpa.go:242","message":"Cold start final  took: 13.404831ms","knative.dev/controller":"knative.dev.serving.pkg.reconciler.autoscaling.kpa.Reconciler","knative.dev/kind":"autoscaling.internal.knative.dev.PodAutoscaler","knative.dev/traceid":"e62f438e-d0ed-43b7-8a55-2c855d57816f","knative.dev/key":"default/matrixmul-00001"}
{"severity":"INFO","timestamp":"2026-06-03T07:16:41.486052488Z","logger":"autoscaler","caller":"controller/controller.go:530","message":"Reconcile succeeded","knative.dev/controller":"knative.dev.serving.pkg.reconciler.autoscaling.kpa.Reconciler","knative.dev/kind":"autoscaling.internal.knative.dev.PodAutoscaler","knative.dev/traceid":"7ca3ee27-6724-4d11-81ab-9a01e09515fa","knative.dev/key":"default/fetchdata-00001","duration":"21.703004ms"}
{"severity":"INFO","timestamp":"2026-06-03T07:16:41.486443062Z","logger":"autoscaler","caller":"kpa/kpa.go:193","message":"SKS should be in Proxy mode: want = 2, ebc = -212, #act's = 3 PA Inactive? = false","knative.dev/controller":"knative.dev.serving.pkg.reconciler.autoscaling.kpa.Reconciler","knative.dev/kind":"autoscaling.internal.knative.dev.PodAutoscaler","knative.dev/traceid":"087b7544-9a96-4cc8-b93a-457d6bfb5341","knative.dev/key":"default/linpack-00001"}
{"severity":"INFO","timestamp":"2026-06-03T07:16:41.486516728Z","logger":"autoscaler","caller":"kpa/kpa.go:221","message":"KPA Scale decision for revision default/linpack-00001: currentPods=1, calculatedWant=2, desiredPods=2, excessBurstCapacity=-212","knative.dev/controller":"knative.dev.serving.pkg.reconciler.autoscaling.kpa.Reconciler","knative.dev/kind":"autoscaling.internal.knative.dev.PodAutoscaler","knative.dev/traceid":"087b7544-9a96-4cc8-b93a-457d6bfb5341","knative.dev/key":"default/linpack-00001"}
{"severity":"INFO","timestamp":"2026-06-03T07:16:41.486543284Z","logger":"autoscaler","caller":"kpa/kpa.go:239","message":"Observed pod counts=kpa.podCounts{want:2, ready:1, notReady:1, pending:1, terminating:0}","knative.dev/controller":"knative.dev.serving.pkg.reconciler.autoscaling.kpa.Reconciler","knative.dev/kind":"autoscaling.internal.knative.dev.PodAutoscaler","knative.dev/traceid":"087b7544-9a96-4cc8-b93a-457d6bfb5341","knative.dev/key":"default/linpack-00001"}
{"severity":"INFO","timestamp":"2026-06-03T07:16:41.486563895Z","logger":"autoscaler","caller":"kpa/kpa.go:298","message":"KPA Status for revision default/linpack-00001 after reconcile: currentPods=1, desiredPods=2, conditions=[Active=True Ready=True SKSReady=True ScaleTargetInitialized=True]","knative.dev/controller":"knative.dev.serving.pkg.reconciler.autoscaling.kpa.Reconciler","knative.dev/kind":"autoscaling.internal.knative.dev.PodAutoscaler","knative.dev/traceid":"087b7544-9a96-4cc8-b93a-457d6bfb5341","knative.dev/key":"default/linpack-00001"}
{"severity":"INFO","timestamp":"2026-06-03T07:16:41.486591376Z","logger":"autoscaler","caller":"kpa/kpa.go:242","message":"Cold start final  took: 373.203µs","knative.dev/controller":"knative.dev.serving.pkg.reconciler.autoscaling.kpa.Reconciler","knative.dev/kind":"autoscaling.internal.knative.dev.PodAutoscaler","knative.dev/traceid":"087b7544-9a96-4cc8-b93a-457d6bfb5341","knative.dev/key":"default/linpack-00001"}
{"severity":"INFO","timestamp":"2026-06-03T07:16:41.48664408Z","logger":"autoscaler","caller":"controller/controller.go:530","message":"Reconcile succeeded","knative.dev/controller":"knative.dev.serving.pkg.reconciler.autoscaling.kpa.Reconciler","knative.dev/kind":"autoscaling.internal.knative.dev.PodAutoscaler","knative.dev/traceid":"087b7544-9a96-4cc8-b93a-457d6bfb5341","knative.dev/key":"default/linpack-00001","duration":"534.925µs"}
{"severity":"INFO","timestamp":"2026-06-03T07:16:41.486799376Z","logger":"autoscaler","caller":"kpa/kpa.go:193","message":"SKS should be in Proxy mode: want = 2, ebc = -215, #act's = 3 PA Inactive? = false","knative.dev/controller":"knative.dev.serving.pkg.reconciler.autoscaling.kpa.Reconciler","knative.dev/kind":"autoscaling.internal.knative.dev.PodAutoscaler","knative.dev/traceid":"018b41c1-8573-49c2-9ac4-7fa4645fa1d6","knative.dev/key":"default/fastfouriertransform-00001"}
{"severity":"INFO","timestamp":"2026-06-03T07:16:41.486837617Z","logger":"autoscaler","caller":"kpa/kpa.go:221","message":"KPA Scale decision for revision default/fastfouriertransform-00001: currentPods=1, calculatedWant=2, desiredPods=2, excessBurstCapacity=-215","knative.dev/controller":"knative.dev.serving.pkg.reconciler.autoscaling.kpa.Reconciler","knative.dev/kind":"autoscaling.internal.knative.dev.PodAutoscaler","knative.dev/traceid":"018b41c1-8573-49c2-9ac4-7fa4645fa1d6","knative.dev/key":"default/fastfouriertransform-00001"}
{"severity":"INFO","timestamp":"2026-06-03T07:16:41.486851487Z","logger":"autoscaler","caller":"kpa/kpa.go:239","message":"Observed pod counts=kpa.podCounts{want:2, ready:1, notReady:1, pending:1, terminating:0}","knative.dev/controller":"knative.dev.serving.pkg.reconciler.autoscaling.kpa.Reconciler","knative.dev/kind":"autoscaling.internal.knative.dev.PodAutoscaler","knative.dev/traceid":"018b41c1-8573-49c2-9ac4-7fa4645fa1d6","knative.dev/key":"default/fastfouriertransform-00001"}
{"severity":"INFO","timestamp":"2026-06-03T07:16:41.486867413Z","logger":"autoscaler","caller":"kpa/kpa.go:298","message":"KPA Status for revision default/fastfouriertransform-00001 after reconcile: currentPods=1, desiredPods=2, conditions=[Active=True Ready=True SKSReady=True ScaleTargetInitialized=True]","knative.dev/controller":"knative.dev.serving.pkg.reconciler.autoscaling.kpa.Reconciler","knative.dev/kind":"autoscaling.internal.knative.dev.PodAutoscaler","knative.dev/traceid":"018b41c1-8573-49c2-9ac4-7fa4645fa1d6","knative.dev/key":"default/fastfouriertransform-00001"}
{"severity":"INFO","timestamp":"2026-06-03T07:16:41.486898635Z","logger":"autoscaler","caller":"kpa/kpa.go:242","message":"Cold start final  took: 169.407µs","knative.dev/controller":"knative.dev.serving.pkg.reconciler.autoscaling.kpa.Reconciler","knative.dev/kind":"autoscaling.internal.knative.dev.PodAutoscaler","knative.dev/traceid":"018b41c1-8573-49c2-9ac4-7fa4645fa1d6","knative.dev/key":"default/fastfouriertransform-00001"}
{"severity":"INFO","timestamp":"2026-06-03T07:16:41.486941617Z","logger":"autoscaler","caller":"controller/controller.go:530","message":"Reconcile succeeded","knative.dev/controller":"knative.dev.serving.pkg.reconciler.autoscaling.kpa.Reconciler","knative.dev/kind":"autoscaling.internal.knative.dev.PodAutoscaler","knative.dev/traceid":"018b41c1-8573-49c2-9ac4-7fa4645fa1d6","knative.dev/key":"default/fastfouriertransform-00001","duration":"271.388µs"}
{"severity":"INFO","timestamp":"2026-06-03T07:16:41.48761469Z","logger":"autoscaler","caller":"kpa/kpa.go:193","message":"SKS should be in Proxy mode: want = 1, ebc = -214, #act's = 3 PA Inactive? = false","knative.dev/controller":"knative.dev.serving.pkg.reconciler.autoscaling.kpa.Reconciler","knative.dev/kind":"autoscaling.internal.knative.dev.PodAutoscaler","knative.dev/traceid":"75252d2e-3acb-45bd-95ba-40ac2f3451c8","knative.dev/key":"default/fetchdata-00001"}
{"severity":"INFO","timestamp":"2026-06-03T07:16:41.487664653Z","logger":"autoscaler","caller":"kpa/kpa.go:221","message":"KPA Scale decision for revision default/fetchdata-00001: currentPods=1, calculatedWant=1, desiredPods=1, excessBurstCapacity=-214","knative.dev/controller":"knative.dev.serving.pkg.reconciler.autoscaling.kpa.Reconciler","knative.dev/kind":"autoscaling.internal.knative.dev.PodAutoscaler","knative.dev/traceid":"75252d2e-3acb-45bd-95ba-40ac2f3451c8","knative.dev/key":"default/fetchdata-00001"}
{"severity":"INFO","timestamp":"2026-06-03T07:16:41.487683282Z","logger":"autoscaler","caller":"kpa/kpa.go:239","message":"Observed pod counts=kpa.podCounts{want:1, ready:1, notReady:0, pending:0, terminating:0}","knative.dev/controller":"knative.dev.serving.pkg.reconciler.autoscaling.kpa.Reconciler","knative.dev/kind":"autoscaling.internal.knative.dev.PodAutoscaler","knative.dev/traceid":"75252d2e-3acb-45bd-95ba-40ac2f3451c8","knative.dev/key":"default/fetchdata-00001"}
{"severity":"INFO","timestamp":"2026-06-03T07:16:41.487702282Z","logger":"autoscaler","caller":"kpa/kpa.go:298","message":"KPA Status for revision default/fetchdata-00001 after reconcile: currentPods=1, desiredPods=1, conditions=[Active=True Ready=True SKSReady=True ScaleTargetInitialized=True]","knative.dev/controller":"knative.dev.serving.pkg.reconciler.autoscaling.kpa.Reconciler","knative.dev/kind":"autoscaling.internal.knative.dev.PodAutoscaler","knative.dev/traceid":"75252d2e-3acb-45bd-95ba-40ac2f3451c8","knative.dev/key":"default/fetchdata-00001"}
{"severity":"INFO","timestamp":"2026-06-03T07:16:41.487727652Z","logger":"autoscaler","caller":"kpa/kpa.go:242","message":"Cold start final  took: 177.148µs","knative.dev/controller":"knative.dev.serving.pkg.reconciler.autoscaling.kpa.Reconciler","knative.dev/kind":"autoscaling.internal.knative.dev.PodAutoscaler","knative.dev/traceid":"75252d2e-3acb-45bd-95ba-40ac2f3451c8","knative.dev/key":"default/fetchdata-00001"}
{"severity":"INFO","timestamp":"2026-06-03T07:16:41.487767652Z","logger":"autoscaler","caller":"controller/controller.go:530","message":"Reconcile succeeded","knative.dev/controller":"knative.dev.serving.pkg.reconciler.autoscaling.kpa.Reconciler","knative.dev/kind":"autoscaling.internal.knative.dev.PodAutoscaler","knative.dev/traceid":"75252d2e-3acb-45bd-95ba-40ac2f3451c8","knative.dev/key":"default/fetchdata-00001","duration":"273.315µs"}
{"severity":"INFO","timestamp":"2026-06-03T07:16:41.491866516Z","logger":"autoscaler","caller":"controller/controller.go:530","message":"Reconcile succeeded","knative.dev/controller":"knative.dev.serving.pkg.reconciler.autoscaling.kpa.Reconciler","knative.dev/kind":"autoscaling.internal.knative.dev.PodAutoscaler","knative.dev/traceid":"e62f438e-d0ed-43b7-8a55-2c855d57816f","knative.dev/key":"default/matrixmul-00001","duration":"38.487496ms"}
{"severity":"INFO","timestamp":"2026-06-03T07:16:41.492301423Z","logger":"autoscaler","caller":"kpa/kpa.go:193","message":"SKS should be in Proxy mode: want = 1, ebc = -213, #act's = 3 PA Inactive? = true","knative.dev/controller":"knative.dev.serving.pkg.reconciler.autoscaling.kpa.Reconciler","knative.dev/kind":"autoscaling.internal.knative.dev.PodAutoscaler","knative.dev/traceid":"3e61dbaf-b4c0-4ff9-9097-8f05f0184fa6","knative.dev/key":"default/matrixmul-00001"}
{"severity":"INFO","timestamp":"2026-06-03T07:16:41.492373108Z","logger":"autoscaler","caller":"kpa/kpa.go:221","message":"KPA Scale decision for revision default/matrixmul-00001: currentPods=0, calculatedWant=1, desiredPods=1, excessBurstCapacity=-213","knative.dev/controller":"knative.dev.serving.pkg.reconciler.autoscaling.kpa.Reconciler","knative.dev/kind":"autoscaling.internal.knative.dev.PodAutoscaler","knative.dev/traceid":"3e61dbaf-b4c0-4ff9-9097-8f05f0184fa6","knative.dev/key":"default/matrixmul-00001"}
{"severity":"INFO","timestamp":"2026-06-03T07:16:41.492398127Z","logger":"autoscaler","caller":"kpa/kpa.go:239","message":"Observed pod counts=kpa.podCounts{want:1, ready:0, notReady:1, pending:1, terminating:0}","knative.dev/controller":"knative.dev.serving.pkg.reconciler.autoscaling.kpa.Reconciler","knative.dev/kind":"autoscaling.internal.knative.dev.PodAutoscaler","knative.dev/traceid":"3e61dbaf-b4c0-4ff9-9097-8f05f0184fa6","knative.dev/key":"default/matrixmul-00001"}
{"severity":"INFO","timestamp":"2026-06-03T07:16:41.492415849Z","logger":"autoscaler","caller":"kpa/kpa.go:298","message":"KPA Status for revision default/matrixmul-00001 after reconcile: currentPods=0, desiredPods=1, conditions=[Active=False Ready=False SKSReady=Unknown ScaleTargetInitialized=True]","knative.dev/controller":"knative.dev.serving.pkg.reconciler.autoscaling.kpa.Reconciler","knative.dev/kind":"autoscaling.internal.knative.dev.PodAutoscaler","knative.dev/traceid":"3e61dbaf-b4c0-4ff9-9097-8f05f0184fa6","knative.dev/key":"default/matrixmul-00001"}
{"severity":"INFO","timestamp":"2026-06-03T07:16:41.492441664Z","logger":"autoscaler","caller":"kpa/kpa.go:242","message":"Cold start final  took: 425.351µs","knative.dev/controller":"knative.dev.serving.pkg.reconciler.autoscaling.kpa.Reconciler","knative.dev/kind":"autoscaling.internal.knative.dev.PodAutoscaler","knative.dev/traceid":"3e61dbaf-b4c0-4ff9-9097-8f05f0184fa6","knative.dev/key":"default/matrixmul-00001"}
{"severity":"INFO","timestamp":"2026-06-03T07:16:41.497910026Z","logger":"autoscaler","caller":"kpa/kpa.go:193","message":"SKS should be in Proxy mode: want = 2, ebc = -215, #act's = 3 PA Inactive? = false","knative.dev/controller":"knative.dev.serving.pkg.reconciler.autoscaling.kpa.Reconciler","knative.dev/kind":"autoscaling.internal.knative.dev.PodAutoscaler","knative.dev/traceid":"b64c953b-ed39-458e-9ba1-636fcb800700","knative.dev/key":"default/fastfouriertransform-00001"}
{"severity":"INFO","timestamp":"2026-06-03T07:16:41.497983563Z","logger":"autoscaler","caller":"kpa/kpa.go:221","message":"KPA Scale decision for revision default/fastfouriertransform-00001: currentPods=1, calculatedWant=2, desiredPods=2, excessBurstCapacity=-215","knative.dev/controller":"knative.dev.serving.pkg.reconciler.autoscaling.kpa.Reconciler","knative.dev/kind":"autoscaling.internal.knative.dev.PodAutoscaler","knative.dev/traceid":"b64c953b-ed39-458e-9ba1-636fcb800700","knative.dev/key":"default/fastfouriertransform-00001"}
{"severity":"INFO","timestamp":"2026-06-03T07:16:41.498000081Z","logger":"autoscaler","caller":"kpa/kpa.go:239","message":"Observed pod counts=kpa.podCounts{want:2, ready:1, notReady:1, pending:1, terminating:0}","knative.dev/controller":"knative.dev.serving.pkg.reconciler.autoscaling.kpa.Reconciler","knative.dev/kind":"autoscaling.internal.knative.dev.PodAutoscaler","knative.dev/traceid":"b64c953b-ed39-458e-9ba1-636fcb800700","knative.dev/key":"default/fastfouriertransform-00001"}
{"severity":"INFO","timestamp":"2026-06-03T07:16:41.4980161Z","logger":"autoscaler","caller":"kpa/kpa.go:298","message":"KPA Status for revision default/fastfouriertransform-00001 after reconcile: currentPods=1, desiredPods=2, conditions=[Active=True Ready=True SKSReady=True ScaleTargetInitialized=True]","knative.dev/controller":"knative.dev.serving.pkg.reconciler.autoscaling.kpa.Reconciler","knative.dev/kind":"autoscaling.internal.knative.dev.PodAutoscaler","knative.dev/traceid":"b64c953b-ed39-458e-9ba1-636fcb800700","knative.dev/key":"default/fastfouriertransform-00001"}
{"severity":"INFO","timestamp":"2026-06-03T07:16:41.498041433Z","logger":"autoscaler","caller":"kpa/kpa.go:242","message":"Cold start final  took: 436.722µs","knative.dev/controller":"knative.dev.serving.pkg.reconciler.autoscaling.kpa.Reconciler","knative.dev/kind":"autoscaling.internal.knative.dev.PodAutoscaler","knative.dev/traceid":"b64c953b-ed39-458e-9ba1-636fcb800700","knative.dev/key":"default/fastfouriertransform-00001"}
{"severity":"INFO","timestamp":"2026-06-03T07:16:41.498082081Z","logger":"autoscaler","caller":"controller/controller.go:530","message":"Reconcile succeeded","knative.dev/controller":"knative.dev.serving.pkg.reconciler.autoscaling.kpa.Reconciler","knative.dev/kind":"autoscaling.internal.knative.dev.PodAutoscaler","knative.dev/traceid":"b64c953b-ed39-458e-9ba1-636fcb800700","knative.dev/key":"default/fastfouriertransform-00001","duration":"547.092µs"}
{"severity":"INFO","timestamp":"2026-06-03T07:16:41.515605351Z","logger":"autoscaler","caller":"controller/controller.go:530","message":"Reconcile succeeded","knative.dev/controller":"knative.dev.serving.pkg.reconciler.autoscaling.kpa.Reconciler","knative.dev/kind":"autoscaling.internal.knative.dev.PodAutoscaler","knative.dev/traceid":"3e61dbaf-b4c0-4ff9-9097-8f05f0184fa6","knative.dev/key":"default/matrixmul-00001","duration":"23.676112ms"}
{"severity":"INFO","timestamp":"2026-06-03T07:16:41.515827424Z","logger":"autoscaler","caller":"kpa/kpa.go:193","message":"SKS should be in Proxy mode: want = 1, ebc = -213, #act's = 3 PA Inactive? = false","knative.dev/controller":"knative.dev.serving.pkg.reconciler.autoscaling.kpa.Reconciler","knative.dev/kind":"autoscaling.internal.knative.dev.PodAutoscaler","knative.dev/traceid":"8b7b0b18-5846-4bb0-a841-e9a00c167193","knative.dev/key":"default/matrixmul-00001"}
{"severity":"INFO","timestamp":"2026-06-03T07:16:41.515892128Z","logger":"autoscaler","caller":"kpa/kpa.go:221","message":"KPA Scale decision for revision default/matrixmul-00001: currentPods=0, calculatedWant=1, desiredPods=1, excessBurstCapacity=-213","knative.dev/controller":"knative.dev.serving.pkg.reconciler.autoscaling.kpa.Reconciler","knative.dev/kind":"autoscaling.internal.knative.dev.PodAutoscaler","knative.dev/traceid":"8b7b0b18-5846-4bb0-a841-e9a00c167193","knative.dev/key":"default/matrixmul-00001"}
{"severity":"INFO","timestamp":"2026-06-03T07:16:41.515909628Z","logger":"autoscaler","caller":"kpa/kpa.go:239","message":"Observed pod counts=kpa.podCounts{want:1, ready:0, notReady:1, pending:1, terminating:0}","knative.dev/controller":"knative.dev.serving.pkg.reconciler.autoscaling.kpa.Reconciler","knative.dev/kind":"autoscaling.internal.knative.dev.PodAutoscaler","knative.dev/traceid":"8b7b0b18-5846-4bb0-a841-e9a00c167193","knative.dev/key":"default/matrixmul-00001"}
{"severity":"INFO","timestamp":"2026-06-03T07:16:41.515929109Z","logger":"autoscaler","caller":"kpa/kpa.go:298","message":"KPA Status for revision default/matrixmul-00001 after reconcile: currentPods=0, desiredPods=1, conditions=[Active=Unknown Ready=Unknown SKSReady=Unknown ScaleTargetInitialized=True]","knative.dev/controller":"knative.dev.serving.pkg.reconciler.autoscaling.kpa.Reconciler","knative.dev/kind":"autoscaling.internal.knative.dev.PodAutoscaler","knative.dev/traceid":"8b7b0b18-5846-4bb0-a841-e9a00c167193","knative.dev/key":"default/matrixmul-00001"}
{"severity":"INFO","timestamp":"2026-06-03T07:16:41.51594722Z","logger":"autoscaler","caller":"kpa/kpa.go:242","message":"Cold start final  took: 212.851µs","knative.dev/controller":"knative.dev.serving.pkg.reconciler.autoscaling.kpa.Reconciler","knative.dev/kind":"autoscaling.internal.knative.dev.PodAutoscaler","knative.dev/traceid":"8b7b0b18-5846-4bb0-a841-e9a00c167193","knative.dev/key":"default/matrixmul-00001"}
{"severity":"INFO","timestamp":"2026-06-03T07:16:41.515982757Z","logger":"autoscaler","caller":"controller/controller.go:530","message":"Reconcile succeeded","knative.dev/controller":"knative.dev.serving.pkg.reconciler.autoscaling.kpa.Reconciler","knative.dev/kind":"autoscaling.internal.knative.dev.PodAutoscaler","knative.dev/traceid":"8b7b0b18-5846-4bb0-a841-e9a00c167193","knative.dev/key":"default/matrixmul-00001","duration":"325.666µs"}
{"severity":"INFO","timestamp":"2026-06-03T07:16:41.519288586Z","logger":"autoscaler","caller":"kpa/kpa.go:193","message":"SKS should be in Proxy mode: want = 1, ebc = -213, #act's = 3 PA Inactive? = false","knative.dev/controller":"knative.dev.serving.pkg.reconciler.autoscaling.kpa.Reconciler","knative.dev/kind":"autoscaling.internal.knative.dev.PodAutoscaler","knative.dev/traceid":"ed6ce79c-ed96-4305-a36b-0ce4fcf11ba1","knative.dev/key":"default/matrixmul-00001"}
{"severity":"INFO","timestamp":"2026-06-03T07:16:41.519360419Z","logger":"autoscaler","caller":"kpa/kpa.go:221","message":"KPA Scale decision for revision default/matrixmul-00001: currentPods=0, calculatedWant=1, desiredPods=1, excessBurstCapacity=-213","knative.dev/controller":"knative.dev.serving.pkg.reconciler.autoscaling.kpa.Reconciler","knative.dev/kind":"autoscaling.internal.knative.dev.PodAutoscaler","knative.dev/traceid":"ed6ce79c-ed96-4305-a36b-0ce4fcf11ba1","knative.dev/key":"default/matrixmul-00001"}
{"severity":"INFO","timestamp":"2026-06-03T07:16:41.519381993Z","logger":"autoscaler","caller":"kpa/kpa.go:239","message":"Observed pod counts=kpa.podCounts{want:1, ready:0, notReady:1, pending:1, terminating:0}","knative.dev/controller":"knative.dev.serving.pkg.reconciler.autoscaling.kpa.Reconciler","knative.dev/kind":"autoscaling.internal.knative.dev.PodAutoscaler","knative.dev/traceid":"ed6ce79c-ed96-4305-a36b-0ce4fcf11ba1","knative.dev/key":"default/matrixmul-00001"}
{"severity":"INFO","timestamp":"2026-06-03T07:16:41.519402937Z","logger":"autoscaler","caller":"kpa/kpa.go:298","message":"KPA Status for revision default/matrixmul-00001 after reconcile: currentPods=0, desiredPods=1, conditions=[Active=Unknown Ready=Unknown SKSReady=Unknown ScaleTargetInitialized=True]","knative.dev/controller":"knative.dev.serving.pkg.reconciler.autoscaling.kpa.Reconciler","knative.dev/kind":"autoscaling.internal.knative.dev.PodAutoscaler","knative.dev/traceid":"ed6ce79c-ed96-4305-a36b-0ce4fcf11ba1","knative.dev/key":"default/matrixmul-00001"}
{"severity":"INFO","timestamp":"2026-06-03T07:16:41.519426289Z","logger":"autoscaler","caller":"kpa/kpa.go:242","message":"Cold start final  took: 513.962µs","knative.dev/controller":"knative.dev.serving.pkg.reconciler.autoscaling.kpa.Reconciler","knative.dev/kind":"autoscaling.internal.knative.dev.PodAutoscaler","knative.dev/traceid":"ed6ce79c-ed96-4305-a36b-0ce4fcf11ba1","knative.dev/key":"default/matrixmul-00001"}
{"severity":"INFO","timestamp":"2026-06-03T07:16:41.519471956Z","logger":"autoscaler","caller":"controller/controller.go:530","message":"Reconcile succeeded","knative.dev/controller":"knative.dev.serving.pkg.reconciler.autoscaling.kpa.Reconciler","knative.dev/kind":"autoscaling.internal.knative.dev.PodAutoscaler","knative.dev/traceid":"ed6ce79c-ed96-4305-a36b-0ce4fcf11ba1","knative.dev/key":"default/matrixmul-00001","duration":"624.666µs"}
{"severity":"INFO","timestamp":"2026-06-03T07:16:41.765829302Z","logger":"autoscaler","caller":"kpa/kpa.go:193","message":"SKS should be in Proxy mode: want = 1, ebc = -213, #act's = 3 PA Inactive? = false","knative.dev/controller":"knative.dev.serving.pkg.reconciler.autoscaling.kpa.Reconciler","knative.dev/kind":"autoscaling.internal.knative.dev.PodAutoscaler","knative.dev/traceid":"c2f00daf-588e-45ad-b9e6-88f980d83117","knative.dev/key":"default/genmatrix-00001"}
{"severity":"INFO","timestamp":"2026-06-03T07:16:41.76616045Z","logger":"autoscaler","caller":"kpa/kpa.go:221","message":"KPA Scale decision for revision default/genmatrix-00001: currentPods=0, calculatedWant=1, desiredPods=1, excessBurstCapacity=-213","knative.dev/controller":"knative.dev.serving.pkg.reconciler.autoscaling.kpa.Reconciler","knative.dev/kind":"autoscaling.internal.knative.dev.PodAutoscaler","knative.dev/traceid":"c2f00daf-588e-45ad-b9e6-88f980d83117","knative.dev/key":"default/genmatrix-00001"}
{"severity":"INFO","timestamp":"2026-06-03T07:16:41.766217524Z","logger":"autoscaler","caller":"kpa/kpa.go:239","message":"Observed pod counts=kpa.podCounts{want:1, ready:0, notReady:1, pending:0, terminating:0}","knative.dev/controller":"knative.dev.serving.pkg.reconciler.autoscaling.kpa.Reconciler","knative.dev/kind":"autoscaling.internal.knative.dev.PodAutoscaler","knative.dev/traceid":"c2f00daf-588e-45ad-b9e6-88f980d83117","knative.dev/key":"default/genmatrix-00001"}
{"severity":"INFO","timestamp":"2026-06-03T07:16:41.766243487Z","logger":"autoscaler","caller":"kpa/kpa.go:298","message":"KPA Status for revision default/genmatrix-00001 after reconcile: currentPods=0, desiredPods=1, conditions=[Active=Unknown Ready=Unknown SKSReady=Unknown ScaleTargetInitialized=True]","knative.dev/controller":"knative.dev.serving.pkg.reconciler.autoscaling.kpa.Reconciler","knative.dev/kind":"autoscaling.internal.knative.dev.PodAutoscaler","knative.dev/traceid":"c2f00daf-588e-45ad-b9e6-88f980d83117","knative.dev/key":"default/genmatrix-00001"}
{"severity":"INFO","timestamp":"2026-06-03T07:16:41.766330209Z","logger":"autoscaler","caller":"kpa/kpa.go:242","message":"Cold start final  took: 753.443µs","knative.dev/controller":"knative.dev.serving.pkg.reconciler.autoscaling.kpa.Reconciler","knative.dev/kind":"autoscaling.internal.knative.dev.PodAutoscaler","knative.dev/traceid":"c2f00daf-588e-45ad-b9e6-88f980d83117","knative.dev/key":"default/genmatrix-00001"}
{"severity":"INFO","timestamp":"2026-06-03T07:16:41.766401264Z","logger":"autoscaler","caller":"controller/controller.go:530","message":"Reconcile succeeded","knative.dev/controller":"knative.dev.serving.pkg.reconciler.autoscaling.kpa.Reconciler","knative.dev/kind":"autoscaling.internal.knative.dev.PodAutoscaler","knative.dev/traceid":"c2f00daf-588e-45ad-b9e6-88f980d83117","knative.dev/key":"default/genmatrix-00001","duration":"890.073µs"}
{"severity":"INFO","timestamp":"2026-06-03T07:16:41.780917427Z","logger":"autoscaler","caller":"kpa/kpa.go:193","message":"SKS should be in Proxy mode: want = 1, ebc = -213, #act's = 3 PA Inactive? = false","knative.dev/controller":"knative.dev.serving.pkg.reconciler.autoscaling.kpa.Reconciler","knative.dev/kind":"autoscaling.internal.knative.dev.PodAutoscaler","knative.dev/traceid":"26fc2ca4-09e7-46cf-ace3-47af2acffb44","knative.dev/key":"default/genmatrix-00001"}
{"severity":"INFO","timestamp":"2026-06-03T07:16:41.780985335Z","logger":"autoscaler","caller":"kpa/kpa.go:221","message":"KPA Scale decision for revision default/genmatrix-00001: currentPods=1, calculatedWant=1, desiredPods=1, excessBurstCapacity=-213","knative.dev/controller":"knative.dev.serving.pkg.reconciler.autoscaling.kpa.Reconciler","knative.dev/kind":"autoscaling.internal.knative.dev.PodAutoscaler","knative.dev/traceid":"26fc2ca4-09e7-46cf-ace3-47af2acffb44","knative.dev/key":"default/genmatrix-00001"}
{"severity":"INFO","timestamp":"2026-06-03T07:16:41.781001242Z","logger":"autoscaler","caller":"kpa/kpa.go:239","message":"Observed pod counts=kpa.podCounts{want:1, ready:1, notReady:0, pending:0, terminating:0}","knative.dev/controller":"knative.dev.serving.pkg.reconciler.autoscaling.kpa.Reconciler","knative.dev/kind":"autoscaling.internal.knative.dev.PodAutoscaler","knative.dev/traceid":"26fc2ca4-09e7-46cf-ace3-47af2acffb44","knative.dev/key":"default/genmatrix-00001"}
{"severity":"INFO","timestamp":"2026-06-03T07:16:41.781018001Z","logger":"autoscaler","caller":"kpa/kpa.go:298","message":"KPA Status for revision default/genmatrix-00001 after reconcile: currentPods=1, desiredPods=1, conditions=[Active=Unknown Ready=Unknown SKSReady=Unknown ScaleTargetInitialized=True]","knative.dev/controller":"knative.dev.serving.pkg.reconciler.autoscaling.kpa.Reconciler","knative.dev/kind":"autoscaling.internal.knative.dev.PodAutoscaler","knative.dev/traceid":"26fc2ca4-09e7-46cf-ace3-47af2acffb44","knative.dev/key":"default/genmatrix-00001"}
{"severity":"INFO","timestamp":"2026-06-03T07:16:41.781047724Z","logger":"autoscaler","caller":"kpa/kpa.go:242","message":"Cold start final  took: 485.018µs","knative.dev/controller":"knative.dev.serving.pkg.reconciler.autoscaling.kpa.Reconciler","knative.dev/kind":"autoscaling.internal.knative.dev.PodAutoscaler","knative.dev/traceid":"26fc2ca4-09e7-46cf-ace3-47af2acffb44","knative.dev/key":"default/genmatrix-00001"}
{"severity":"INFO","timestamp":"2026-06-03T07:16:41.789531507Z","logger":"autoscaler","caller":"controller/controller.go:530","message":"Reconcile succeeded","knative.dev/controller":"knative.dev.serving.pkg.reconciler.autoscaling.kpa.Reconciler","knative.dev/kind":"autoscaling.internal.knative.dev.PodAutoscaler","knative.dev/traceid":"26fc2ca4-09e7-46cf-ace3-47af2acffb44","knative.dev/key":"default/genmatrix-00001","duration":"9.032745ms"}
{"severity":"INFO","timestamp":"2026-06-03T07:16:41.790079025Z","logger":"autoscaler","caller":"kpa/kpa.go:193","message":"SKS should be in Proxy mode: want = 1, ebc = -213, #act's = 3 PA Inactive? = false","knative.dev/controller":"knative.dev.serving.pkg.reconciler.autoscaling.kpa.Reconciler","knative.dev/kind":"autoscaling.internal.knative.dev.PodAutoscaler","knative.dev/traceid":"e9a2a479-5ae0-4d02-aa1d-16c7c13cb140","knative.dev/key":"default/genmatrix-00001"}
{"severity":"INFO","timestamp":"2026-06-03T07:16:41.790274802Z","logger":"autoscaler","caller":"kpa/kpa.go:221","message":"KPA Scale decision for revision default/genmatrix-00001: currentPods=1, calculatedWant=1, desiredPods=1, excessBurstCapacity=-213","knative.dev/controller":"knative.dev.serving.pkg.reconciler.autoscaling.kpa.Reconciler","knative.dev/kind":"autoscaling.internal.knative.dev.PodAutoscaler","knative.dev/traceid":"e9a2a479-5ae0-4d02-aa1d-16c7c13cb140","knative.dev/key":"default/genmatrix-00001"}
{"severity":"INFO","timestamp":"2026-06-03T07:16:41.790304728Z","logger":"autoscaler","caller":"kpa/kpa.go:239","message":"Observed pod counts=kpa.podCounts{want:1, ready:1, notReady:0, pending:0, terminating:0}","knative.dev/controller":"knative.dev.serving.pkg.reconciler.autoscaling.kpa.Reconciler","knative.dev/kind":"autoscaling.internal.knative.dev.PodAutoscaler","knative.dev/traceid":"e9a2a479-5ae0-4d02-aa1d-16c7c13cb140","knative.dev/key":"default/genmatrix-00001"}
{"severity":"INFO","timestamp":"2026-06-03T07:16:41.790325172Z","logger":"autoscaler","caller":"kpa/kpa.go:298","message":"KPA Status for revision default/genmatrix-00001 after reconcile: currentPods=1, desiredPods=1, conditions=[Active=True Ready=Unknown SKSReady=Unknown ScaleTargetInitialized=True]","knative.dev/controller":"knative.dev.serving.pkg.reconciler.autoscaling.kpa.Reconciler","knative.dev/kind":"autoscaling.internal.knative.dev.PodAutoscaler","knative.dev/traceid":"e9a2a479-5ae0-4d02-aa1d-16c7c13cb140","knative.dev/key":"default/genmatrix-00001"}
{"severity":"INFO","timestamp":"2026-06-03T07:16:41.790358746Z","logger":"autoscaler","caller":"kpa/kpa.go:242","message":"Cold start final  took: 383.833µs","knative.dev/controller":"knative.dev.serving.pkg.reconciler.autoscaling.kpa.Reconciler","knative.dev/kind":"autoscaling.internal.knative.dev.PodAutoscaler","knative.dev/traceid":"e9a2a479-5ae0-4d02-aa1d-16c7c13cb140","knative.dev/key":"default/genmatrix-00001"}
{"severity":"INFO","timestamp":"2026-06-03T07:16:41.790406376Z","logger":"autoscaler","caller":"controller/controller.go:530","message":"Reconcile succeeded","knative.dev/controller":"knative.dev.serving.pkg.reconciler.autoscaling.kpa.Reconciler","knative.dev/kind":"autoscaling.internal.knative.dev.PodAutoscaler","knative.dev/traceid":"e9a2a479-5ae0-4d02-aa1d-16c7c13cb140","knative.dev/key":"default/genmatrix-00001","duration":"817.499µs"}
{"severity":"INFO","timestamp":"2026-06-03T07:16:41.794002426Z","logger":"autoscaler","caller":"kpa/kpa.go:193","message":"SKS should be in Proxy mode: want = 1, ebc = -213, #act's = 3 PA Inactive? = false","knative.dev/controller":"knative.dev.serving.pkg.reconciler.autoscaling.kpa.Reconciler","knative.dev/kind":"autoscaling.internal.knative.dev.PodAutoscaler","knative.dev/traceid":"1ffcb120-4e6c-4e65-a065-8f6d0f3b251c","knative.dev/key":"default/genmatrix-00001"}
{"severity":"INFO","timestamp":"2026-06-03T07:16:41.794174055Z","logger":"autoscaler","caller":"kpa/kpa.go:221","message":"KPA Scale decision for revision default/genmatrix-00001: currentPods=1, calculatedWant=1, desiredPods=1, excessBurstCapacity=-213","knative.dev/controller":"knative.dev.serving.pkg.reconciler.autoscaling.kpa.Reconciler","knative.dev/kind":"autoscaling.internal.knative.dev.PodAutoscaler","knative.dev/traceid":"1ffcb120-4e6c-4e65-a065-8f6d0f3b251c","knative.dev/key":"default/genmatrix-00001"}
{"severity":"INFO","timestamp":"2026-06-03T07:16:41.794204055Z","logger":"autoscaler","caller":"kpa/kpa.go:239","message":"Observed pod counts=kpa.podCounts{want:1, ready:1, notReady:0, pending:0, terminating:0}","knative.dev/controller":"knative.dev.serving.pkg.reconciler.autoscaling.kpa.Reconciler","knative.dev/kind":"autoscaling.internal.knative.dev.PodAutoscaler","knative.dev/traceid":"1ffcb120-4e6c-4e65-a065-8f6d0f3b251c","knative.dev/key":"default/genmatrix-00001"}
{"severity":"INFO","timestamp":"2026-06-03T07:16:41.794224592Z","logger":"autoscaler","caller":"kpa/kpa.go:298","message":"KPA Status for revision default/genmatrix-00001 after reconcile: currentPods=1, desiredPods=1, conditions=[Active=True Ready=True SKSReady=True ScaleTargetInitialized=True]","knative.dev/controller":"knative.dev.serving.pkg.reconciler.autoscaling.kpa.Reconciler","knative.dev/kind":"autoscaling.internal.knative.dev.PodAutoscaler","knative.dev/traceid":"1ffcb120-4e6c-4e65-a065-8f6d0f3b251c","knative.dev/key":"default/genmatrix-00001"}
{"severity":"INFO","timestamp":"2026-06-03T07:16:41.794252203Z","logger":"autoscaler","caller":"kpa/kpa.go:242","message":"Cold start final  took: 523.629µs","knative.dev/controller":"knative.dev.serving.pkg.reconciler.autoscaling.kpa.Reconciler","knative.dev/kind":"autoscaling.internal.knative.dev.PodAutoscaler","knative.dev/traceid":"1ffcb120-4e6c-4e65-a065-8f6d0f3b251c","knative.dev/key":"default/genmatrix-00001"}
{"severity":"INFO","timestamp":"2026-06-03T07:16:41.803914911Z","logger":"autoscaler","caller":"controller/controller.go:530","message":"Reconcile succeeded","knative.dev/controller":"knative.dev.serving.pkg.reconciler.autoscaling.kpa.Reconciler","knative.dev/kind":"autoscaling.internal.knative.dev.PodAutoscaler","knative.dev/traceid":"1ffcb120-4e6c-4e65-a065-8f6d0f3b251c","knative.dev/key":"default/genmatrix-00001","duration":"10.262855ms"}
{"severity":"INFO","timestamp":"2026-06-03T07:16:41.804220633Z","logger":"autoscaler","caller":"kpa/kpa.go:193","message":"SKS should be in Proxy mode: want = 1, ebc = -213, #act's = 3 PA Inactive? = false","knative.dev/controller":"knative.dev.serving.pkg.reconciler.autoscaling.kpa.Reconciler","knative.dev/kind":"autoscaling.internal.knative.dev.PodAutoscaler","knative.dev/traceid":"cd8e3276-ded0-4876-b77e-0a0673bb7870","knative.dev/key":"default/genmatrix-00001"}
{"severity":"INFO","timestamp":"2026-06-03T07:16:41.804641113Z","logger":"autoscaler","caller":"kpa/kpa.go:221","message":"KPA Scale decision for revision default/genmatrix-00001: currentPods=1, calculatedWant=1, desiredPods=1, excessBurstCapacity=-213","knative.dev/controller":"knative.dev.serving.pkg.reconciler.autoscaling.kpa.Reconciler","knative.dev/kind":"autoscaling.internal.knative.dev.PodAutoscaler","knative.dev/traceid":"cd8e3276-ded0-4876-b77e-0a0673bb7870","knative.dev/key":"default/genmatrix-00001"}
{"severity":"INFO","timestamp":"2026-06-03T07:16:41.804674021Z","logger":"autoscaler","caller":"kpa/kpa.go:239","message":"Observed pod counts=kpa.podCounts{want:1, ready:1, notReady:0, pending:0, terminating:0}","knative.dev/controller":"knative.dev.serving.pkg.reconciler.autoscaling.kpa.Reconciler","knative.dev/kind":"autoscaling.internal.knative.dev.PodAutoscaler","knative.dev/traceid":"cd8e3276-ded0-4876-b77e-0a0673bb7870","knative.dev/key":"default/genmatrix-00001"}
{"severity":"INFO","timestamp":"2026-06-03T07:16:41.804697021Z","logger":"autoscaler","caller":"kpa/kpa.go:298","message":"KPA Status for revision default/genmatrix-00001 after reconcile: currentPods=1, desiredPods=1, conditions=[Active=True Ready=True SKSReady=True ScaleTargetInitialized=True]","knative.dev/controller":"knative.dev.serving.pkg.reconciler.autoscaling.kpa.Reconciler","knative.dev/kind":"autoscaling.internal.knative.dev.PodAutoscaler","knative.dev/traceid":"cd8e3276-ded0-4876-b77e-0a0673bb7870","knative.dev/key":"default/genmatrix-00001"}
{"severity":"INFO","timestamp":"2026-06-03T07:16:41.804725113Z","logger":"autoscaler","caller":"kpa/kpa.go:242","message":"Cold start final  took: 602.11µs","knative.dev/controller":"knative.dev.serving.pkg.reconciler.autoscaling.kpa.Reconciler","knative.dev/kind":"autoscaling.internal.knative.dev.PodAutoscaler","knative.dev/traceid":"cd8e3276-ded0-4876-b77e-0a0673bb7870","knative.dev/key":"default/genmatrix-00001"}
{"severity":"INFO","timestamp":"2026-06-03T07:16:41.804772373Z","logger":"autoscaler","caller":"controller/controller.go:530","message":"Reconcile succeeded","knative.dev/controller":"knative.dev.serving.pkg.reconciler.autoscaling.kpa.Reconciler","knative.dev/kind":"autoscaling.internal.knative.dev.PodAutoscaler","knative.dev/traceid":"cd8e3276-ded0-4876-b77e-0a0673bb7870","knative.dev/key":"default/genmatrix-00001","duration":"803.573µs"}
{"severity":"INFO","timestamp":"2026-06-03T07:16:42.635661698Z","logger":"autoscaler","caller":"kpa/kpa.go:193","message":"SKS should be in Proxy mode: want = 2, ebc = -215, #act's = 3 PA Inactive? = false","knative.dev/controller":"knative.dev.serving.pkg.reconciler.autoscaling.kpa.Reconciler","knative.dev/kind":"autoscaling.internal.knative.dev.PodAutoscaler","knative.dev/traceid":"28d64c5b-1759-4e3c-b454-82a2c756e6e7","knative.dev/key":"default/fastfouriertransform-00001"}
{"severity":"INFO","timestamp":"2026-06-03T07:16:42.635796123Z","logger":"autoscaler","caller":"kpa/kpa.go:221","message":"KPA Scale decision for revision default/fastfouriertransform-00001: currentPods=1, calculatedWant=2, desiredPods=2, excessBurstCapacity=-215","knative.dev/controller":"knative.dev.serving.pkg.reconciler.autoscaling.kpa.Reconciler","knative.dev/kind":"autoscaling.internal.knative.dev.PodAutoscaler","knative.dev/traceid":"28d64c5b-1759-4e3c-b454-82a2c756e6e7","knative.dev/key":"default/fastfouriertransform-00001"}
{"severity":"INFO","timestamp":"2026-06-03T07:16:42.635834846Z","logger":"autoscaler","caller":"kpa/kpa.go:239","message":"Observed pod counts=kpa.podCounts{want:2, ready:1, notReady:1, pending:0, terminating:0}","knative.dev/controller":"knative.dev.serving.pkg.reconciler.autoscaling.kpa.Reconciler","knative.dev/kind":"autoscaling.internal.knative.dev.PodAutoscaler","knative.dev/traceid":"28d64c5b-1759-4e3c-b454-82a2c756e6e7","knative.dev/key":"default/fastfouriertransform-00001"}
{"severity":"INFO","timestamp":"2026-06-03T07:16:42.635856383Z","logger":"autoscaler","caller":"kpa/kpa.go:298","message":"KPA Status for revision default/fastfouriertransform-00001 after reconcile: currentPods=1, desiredPods=2, conditions=[Active=True Ready=True SKSReady=True ScaleTargetInitialized=True]","knative.dev/controller":"knative.dev.serving.pkg.reconciler.autoscaling.kpa.Reconciler","knative.dev/kind":"autoscaling.internal.knative.dev.PodAutoscaler","knative.dev/traceid":"28d64c5b-1759-4e3c-b454-82a2c756e6e7","knative.dev/key":"default/fastfouriertransform-00001"}
{"severity":"INFO","timestamp":"2026-06-03T07:16:42.635906586Z","logger":"autoscaler","caller":"kpa/kpa.go:242","message":"Cold start final  took: 522.37µs","knative.dev/controller":"knative.dev.serving.pkg.reconciler.autoscaling.kpa.Reconciler","knative.dev/kind":"autoscaling.internal.knative.dev.PodAutoscaler","knative.dev/traceid":"28d64c5b-1759-4e3c-b454-82a2c756e6e7","knative.dev/key":"default/fastfouriertransform-00001"}
{"severity":"INFO","timestamp":"2026-06-03T07:16:42.636024623Z","logger":"autoscaler","caller":"controller/controller.go:530","message":"Reconcile succeeded","knative.dev/controller":"knative.dev.serving.pkg.reconciler.autoscaling.kpa.Reconciler","knative.dev/kind":"autoscaling.internal.knative.dev.PodAutoscaler","knative.dev/traceid":"28d64c5b-1759-4e3c-b454-82a2c756e6e7","knative.dev/key":"default/fastfouriertransform-00001","duration":"717.369µs"}
{"severity":"INFO","timestamp":"2026-06-03T07:16:42.664341358Z","logger":"autoscaler","caller":"kpa/kpa.go:193","message":"SKS should be in Proxy mode: want = 1, ebc = -213, #act's = 3 PA Inactive? = false","knative.dev/controller":"knative.dev.serving.pkg.reconciler.autoscaling.kpa.Reconciler","knative.dev/kind":"autoscaling.internal.knative.dev.PodAutoscaler","knative.dev/traceid":"72431186-ff92-43b1-a341-fd1661a0a48b","knative.dev/key":"default/matrixmul-00001"}
{"severity":"INFO","timestamp":"2026-06-03T07:16:42.664406543Z","logger":"autoscaler","caller":"kpa/kpa.go:221","message":"KPA Scale decision for revision default/matrixmul-00001: currentPods=0, calculatedWant=1, desiredPods=1, excessBurstCapacity=-213","knative.dev/controller":"knative.dev.serving.pkg.reconciler.autoscaling.kpa.Reconciler","knative.dev/kind":"autoscaling.internal.knative.dev.PodAutoscaler","knative.dev/traceid":"72431186-ff92-43b1-a341-fd1661a0a48b","knative.dev/key":"default/matrixmul-00001"}
{"severity":"INFO","timestamp":"2026-06-03T07:16:42.664423228Z","logger":"autoscaler","caller":"kpa/kpa.go:239","message":"Observed pod counts=kpa.podCounts{want:1, ready:0, notReady:1, pending:0, terminating:0}","knative.dev/controller":"knative.dev.serving.pkg.reconciler.autoscaling.kpa.Reconciler","knative.dev/kind":"autoscaling.internal.knative.dev.PodAutoscaler","knative.dev/traceid":"72431186-ff92-43b1-a341-fd1661a0a48b","knative.dev/key":"default/matrixmul-00001"}
{"severity":"INFO","timestamp":"2026-06-03T07:16:42.664443043Z","logger":"autoscaler","caller":"kpa/kpa.go:298","message":"KPA Status for revision default/matrixmul-00001 after reconcile: currentPods=0, desiredPods=1, conditions=[Active=Unknown Ready=Unknown SKSReady=Unknown ScaleTargetInitialized=True]","knative.dev/controller":"knative.dev.serving.pkg.reconciler.autoscaling.kpa.Reconciler","knative.dev/kind":"autoscaling.internal.knative.dev.PodAutoscaler","knative.dev/traceid":"72431186-ff92-43b1-a341-fd1661a0a48b","knative.dev/key":"default/matrixmul-00001"}
{"severity":"INFO","timestamp":"2026-06-03T07:16:42.664460209Z","logger":"autoscaler","caller":"kpa/kpa.go:242","message":"Cold start final  took: 370.351µs","knative.dev/controller":"knative.dev.serving.pkg.reconciler.autoscaling.kpa.Reconciler","knative.dev/kind":"autoscaling.internal.knative.dev.PodAutoscaler","knative.dev/traceid":"72431186-ff92-43b1-a341-fd1661a0a48b","knative.dev/key":"default/matrixmul-00001"}
{"severity":"INFO","timestamp":"2026-06-03T07:16:42.664492209Z","logger":"autoscaler","caller":"controller/controller.go:530","message":"Reconcile succeeded","knative.dev/controller":"knative.dev.serving.pkg.reconciler.autoscaling.kpa.Reconciler","knative.dev/kind":"autoscaling.internal.knative.dev.PodAutoscaler","knative.dev/traceid":"72431186-ff92-43b1-a341-fd1661a0a48b","knative.dev/key":"default/matrixmul-00001","duration":"464.611µs"}
{"severity":"INFO","timestamp":"2026-06-03T07:16:42.833465081Z","logger":"autoscaler","caller":"kpa/kpa.go:193","message":"SKS should be in Proxy mode: want = 2, ebc = -212, #act's = 3 PA Inactive? = false","knative.dev/controller":"knative.dev.serving.pkg.reconciler.autoscaling.kpa.Reconciler","knative.dev/kind":"autoscaling.internal.knative.dev.PodAutoscaler","knative.dev/traceid":"d56ba393-24f7-4259-9b4e-dbd352e2f19e","knative.dev/key":"default/linpack-00001"}
{"severity":"INFO","timestamp":"2026-06-03T07:16:42.833563748Z","logger":"autoscaler","caller":"kpa/kpa.go:221","message":"KPA Scale decision for revision default/linpack-00001: currentPods=1, calculatedWant=2, desiredPods=2, excessBurstCapacity=-212","knative.dev/controller":"knative.dev.serving.pkg.reconciler.autoscaling.kpa.Reconciler","knative.dev/kind":"autoscaling.internal.knative.dev.PodAutoscaler","knative.dev/traceid":"d56ba393-24f7-4259-9b4e-dbd352e2f19e","knative.dev/key":"default/linpack-00001"}
{"severity":"INFO","timestamp":"2026-06-03T07:16:42.833586414Z","logger":"autoscaler","caller":"kpa/kpa.go:239","message":"Observed pod counts=kpa.podCounts{want:2, ready:1, notReady:1, pending:0, terminating:0}","knative.dev/controller":"knative.dev.serving.pkg.reconciler.autoscaling.kpa.Reconciler","knative.dev/kind":"autoscaling.internal.knative.dev.PodAutoscaler","knative.dev/traceid":"d56ba393-24f7-4259-9b4e-dbd352e2f19e","knative.dev/key":"default/linpack-00001"}
{"severity":"INFO","timestamp":"2026-06-03T07:16:42.833604081Z","logger":"autoscaler","caller":"kpa/kpa.go:298","message":"KPA Status for revision default/linpack-00001 after reconcile: currentPods=1, desiredPods=2, conditions=[Active=True Ready=True SKSReady=True ScaleTargetInitialized=True]","knative.dev/controller":"knative.dev.serving.pkg.reconciler.autoscaling.kpa.Reconciler","knative.dev/kind":"autoscaling.internal.knative.dev.PodAutoscaler","knative.dev/traceid":"d56ba393-24f7-4259-9b4e-dbd352e2f19e","knative.dev/key":"default/linpack-00001"}
{"severity":"INFO","timestamp":"2026-06-03T07:16:42.833647951Z","logger":"autoscaler","caller":"kpa/kpa.go:242","message":"Cold start final  took: 445.796µs","knative.dev/controller":"knative.dev.serving.pkg.reconciler.autoscaling.kpa.Reconciler","knative.dev/kind":"autoscaling.internal.knative.dev.PodAutoscaler","knative.dev/traceid":"d56ba393-24f7-4259-9b4e-dbd352e2f19e","knative.dev/key":"default/linpack-00001"}
{"severity":"INFO","timestamp":"2026-06-03T07:16:42.833885173Z","logger":"autoscaler","caller":"controller/controller.go:530","message":"Reconcile succeeded","knative.dev/controller":"knative.dev.serving.pkg.reconciler.autoscaling.kpa.Reconciler","knative.dev/kind":"autoscaling.internal.knative.dev.PodAutoscaler","knative.dev/traceid":"d56ba393-24f7-4259-9b4e-dbd352e2f19e","knative.dev/key":"default/linpack-00001","duration":"754.721µs"}
{"severity":"INFO","timestamp":"2026-06-03T07:16:42.83612367Z","logger":"autoscaler","caller":"kpa/kpa.go:193","message":"SKS should be in Proxy mode: want = 2, ebc = -215, #act's = 3 PA Inactive? = false","knative.dev/controller":"knative.dev.serving.pkg.reconciler.autoscaling.kpa.Reconciler","knative.dev/kind":"autoscaling.internal.knative.dev.PodAutoscaler","knative.dev/traceid":"9e16b8a8-af53-4dca-b57e-dd8d8ed40398","knative.dev/key":"default/fastfouriertransform-00001"}
{"severity":"INFO","timestamp":"2026-06-03T07:16:42.836213503Z","logger":"autoscaler","caller":"kpa/kpa.go:221","message":"KPA Scale decision for revision default/fastfouriertransform-00001: currentPods=2, calculatedWant=2, desiredPods=2, excessBurstCapacity=-215","knative.dev/controller":"knative.dev.serving.pkg.reconciler.autoscaling.kpa.Reconciler","knative.dev/kind":"autoscaling.internal.knative.dev.PodAutoscaler","knative.dev/traceid":"9e16b8a8-af53-4dca-b57e-dd8d8ed40398","knative.dev/key":"default/fastfouriertransform-00001"}
{"severity":"INFO","timestamp":"2026-06-03T07:16:42.836257929Z","logger":"autoscaler","caller":"kpa/kpa.go:239","message":"Observed pod counts=kpa.podCounts{want:2, ready:2, notReady:0, pending:0, terminating:0}","knative.dev/controller":"knative.dev.serving.pkg.reconciler.autoscaling.kpa.Reconciler","knative.dev/kind":"autoscaling.internal.knative.dev.PodAutoscaler","knative.dev/traceid":"9e16b8a8-af53-4dca-b57e-dd8d8ed40398","knative.dev/key":"default/fastfouriertransform-00001"}
{"severity":"INFO","timestamp":"2026-06-03T07:16:42.836312058Z","logger":"autoscaler","caller":"kpa/kpa.go:298","message":"KPA Status for revision default/fastfouriertransform-00001 after reconcile: currentPods=2, desiredPods=2, conditions=[Active=True Ready=True SKSReady=True ScaleTargetInitialized=True]","knative.dev/controller":"knative.dev.serving.pkg.reconciler.autoscaling.kpa.Reconciler","knative.dev/kind":"autoscaling.internal.knative.dev.PodAutoscaler","knative.dev/traceid":"9e16b8a8-af53-4dca-b57e-dd8d8ed40398","knative.dev/key":"default/fastfouriertransform-00001"}
{"severity":"INFO","timestamp":"2026-06-03T07:16:42.836372021Z","logger":"autoscaler","caller":"kpa/kpa.go:242","message":"Cold start final  took: 562.314µs","knative.dev/controller":"knative.dev.serving.pkg.reconciler.autoscaling.kpa.Reconciler","knative.dev/kind":"autoscaling.internal.knative.dev.PodAutoscaler","knative.dev/traceid":"9e16b8a8-af53-4dca-b57e-dd8d8ed40398","knative.dev/key":"default/fastfouriertransform-00001"}
{"severity":"INFO","timestamp":"2026-06-03T07:16:42.844015121Z","logger":"autoscaler","caller":"controller/controller.go:530","message":"Reconcile succeeded","knative.dev/controller":"knative.dev.serving.pkg.reconciler.autoscaling.kpa.Reconciler","knative.dev/kind":"autoscaling.internal.knative.dev.PodAutoscaler","knative.dev/traceid":"9e16b8a8-af53-4dca-b57e-dd8d8ed40398","knative.dev/key":"default/fastfouriertransform-00001","duration":"8.327339ms"}
{"severity":"INFO","timestamp":"2026-06-03T07:16:42.845191267Z","logger":"autoscaler","caller":"kpa/kpa.go:193","message":"SKS should be in Proxy mode: want = 2, ebc = -215, #act's = 3 PA Inactive? = false","knative.dev/controller":"knative.dev.serving.pkg.reconciler.autoscaling.kpa.Reconciler","knative.dev/kind":"autoscaling.internal.knative.dev.PodAutoscaler","knative.dev/traceid":"ee040134-e7be-475f-8ef6-2bfe8756f5df","knative.dev/key":"default/fastfouriertransform-00001"}
{"severity":"INFO","timestamp":"2026-06-03T07:16:42.845255063Z","logger":"autoscaler","caller":"kpa/kpa.go:221","message":"KPA Scale decision for revision default/fastfouriertransform-00001: currentPods=2, calculatedWant=2, desiredPods=2, excessBurstCapacity=-215","knative.dev/controller":"knative.dev.serving.pkg.reconciler.autoscaling.kpa.Reconciler","knative.dev/kind":"autoscaling.internal.knative.dev.PodAutoscaler","knative.dev/traceid":"ee040134-e7be-475f-8ef6-2bfe8756f5df","knative.dev/key":"default/fastfouriertransform-00001"}
{"severity":"INFO","timestamp":"2026-06-03T07:16:42.845272248Z","logger":"autoscaler","caller":"kpa/kpa.go:239","message":"Observed pod counts=kpa.podCounts{want:2, ready:2, notReady:0, pending:0, terminating:0}","knative.dev/controller":"knative.dev.serving.pkg.reconciler.autoscaling.kpa.Reconciler","knative.dev/kind":"autoscaling.internal.knative.dev.PodAutoscaler","knative.dev/traceid":"ee040134-e7be-475f-8ef6-2bfe8756f5df","knative.dev/key":"default/fastfouriertransform-00001"}
{"severity":"INFO","timestamp":"2026-06-03T07:16:42.845291082Z","logger":"autoscaler","caller":"kpa/kpa.go:298","message":"KPA Status for revision default/fastfouriertransform-00001 after reconcile: currentPods=2, desiredPods=2, conditions=[Active=True Ready=True SKSReady=True ScaleTargetInitialized=True]","knative.dev/controller":"knative.dev.serving.pkg.reconciler.autoscaling.kpa.Reconciler","knative.dev/kind":"autoscaling.internal.knative.dev.PodAutoscaler","knative.dev/traceid":"ee040134-e7be-475f-8ef6-2bfe8756f5df","knative.dev/key":"default/fastfouriertransform-00001"}
{"severity":"INFO","timestamp":"2026-06-03T07:16:42.845309471Z","logger":"autoscaler","caller":"kpa/kpa.go:242","message":"Cold start final  took: 505.907µs","knative.dev/controller":"knative.dev.serving.pkg.reconciler.autoscaling.kpa.Reconciler","knative.dev/kind":"autoscaling.internal.knative.dev.PodAutoscaler","knative.dev/traceid":"ee040134-e7be-475f-8ef6-2bfe8756f5df","knative.dev/key":"default/fastfouriertransform-00001"}
{"severity":"INFO","timestamp":"2026-06-03T07:16:42.84534673Z","logger":"autoscaler","caller":"controller/controller.go:530","message":"Reconcile succeeded","knative.dev/controller":"knative.dev.serving.pkg.reconciler.autoscaling.kpa.Reconciler","knative.dev/kind":"autoscaling.internal.knative.dev.PodAutoscaler","knative.dev/traceid":"ee040134-e7be-475f-8ef6-2bfe8756f5df","knative.dev/key":"default/fastfouriertransform-00001","duration":"610.036µs"}
{"severity":"INFO","timestamp":"2026-06-03T07:16:42.847436152Z","logger":"autoscaler","caller":"kpa/kpa.go:193","message":"SKS should be in Proxy mode: want = 2, ebc = -212, #act's = 3 PA Inactive? = false","knative.dev/controller":"knative.dev.serving.pkg.reconciler.autoscaling.kpa.Reconciler","knative.dev/kind":"autoscaling.internal.knative.dev.PodAutoscaler","knative.dev/traceid":"5332b972-af78-4529-9326-858baed7b14e","knative.dev/key":"default/linpack-00001"}
{"severity":"INFO","timestamp":"2026-06-03T07:16:42.847510949Z","logger":"autoscaler","caller":"kpa/kpa.go:221","message":"KPA Scale decision for revision default/linpack-00001: currentPods=2, calculatedWant=2, desiredPods=2, excessBurstCapacity=-212","knative.dev/controller":"knative.dev.serving.pkg.reconciler.autoscaling.kpa.Reconciler","knative.dev/kind":"autoscaling.internal.knative.dev.PodAutoscaler","knative.dev/traceid":"5332b972-af78-4529-9326-858baed7b14e","knative.dev/key":"default/linpack-00001"}
{"severity":"INFO","timestamp":"2026-06-03T07:16:42.847534449Z","logger":"autoscaler","caller":"kpa/kpa.go:239","message":"Observed pod counts=kpa.podCounts{want:2, ready:2, notReady:0, pending:0, terminating:0}","knative.dev/controller":"knative.dev.serving.pkg.reconciler.autoscaling.kpa.Reconciler","knative.dev/kind":"autoscaling.internal.knative.dev.PodAutoscaler","knative.dev/traceid":"5332b972-af78-4529-9326-858baed7b14e","knative.dev/key":"default/linpack-00001"}
{"severity":"INFO","timestamp":"2026-06-03T07:16:42.847553615Z","logger":"autoscaler","caller":"kpa/kpa.go:298","message":"KPA Status for revision default/linpack-00001 after reconcile: currentPods=2, desiredPods=2, conditions=[Active=True Ready=True SKSReady=True ScaleTargetInitialized=True]","knative.dev/controller":"knative.dev.serving.pkg.reconciler.autoscaling.kpa.Reconciler","knative.dev/kind":"autoscaling.internal.knative.dev.PodAutoscaler","knative.dev/traceid":"5332b972-af78-4529-9326-858baed7b14e","knative.dev/key":"default/linpack-00001"}
{"severity":"INFO","timestamp":"2026-06-03T07:16:42.847577134Z","logger":"autoscaler","caller":"kpa/kpa.go:242","message":"Cold start final  took: 414.648µs","knative.dev/controller":"knative.dev.serving.pkg.reconciler.autoscaling.kpa.Reconciler","knative.dev/kind":"autoscaling.internal.knative.dev.PodAutoscaler","knative.dev/traceid":"5332b972-af78-4529-9326-858baed7b14e","knative.dev/key":"default/linpack-00001"}
{"severity":"INFO","timestamp":"2026-06-03T07:16:42.856058287Z","logger":"autoscaler","caller":"controller/controller.go:530","message":"Reconcile succeeded","knative.dev/controller":"knative.dev.serving.pkg.reconciler.autoscaling.kpa.Reconciler","knative.dev/kind":"autoscaling.internal.knative.dev.PodAutoscaler","knative.dev/traceid":"5332b972-af78-4529-9326-858baed7b14e","knative.dev/key":"default/linpack-00001","duration":"8.963838ms"}
{"severity":"INFO","timestamp":"2026-06-03T07:16:42.856781305Z","logger":"autoscaler","caller":"kpa/kpa.go:193","message":"SKS should be in Proxy mode: want = 2, ebc = -212, #act's = 3 PA Inactive? = false","knative.dev/controller":"knative.dev.serving.pkg.reconciler.autoscaling.kpa.Reconciler","knative.dev/kind":"autoscaling.internal.knative.dev.PodAutoscaler","knative.dev/traceid":"a18b02cf-0149-417d-a750-f33683a598f8","knative.dev/key":"default/linpack-00001"}
{"severity":"INFO","timestamp":"2026-06-03T07:16:42.856842527Z","logger":"autoscaler","caller":"kpa/kpa.go:221","message":"KPA Scale decision for revision default/linpack-00001: currentPods=2, calculatedWant=2, desiredPods=2, excessBurstCapacity=-212","knative.dev/controller":"knative.dev.serving.pkg.reconciler.autoscaling.kpa.Reconciler","knative.dev/kind":"autoscaling.internal.knative.dev.PodAutoscaler","knative.dev/traceid":"a18b02cf-0149-417d-a750-f33683a598f8","knative.dev/key":"default/linpack-00001"}
{"severity":"INFO","timestamp":"2026-06-03T07:16:42.856862805Z","logger":"autoscaler","caller":"kpa/kpa.go:239","message":"Observed pod counts=kpa.podCounts{want:2, ready:2, notReady:0, pending:0, terminating:0}","knative.dev/controller":"knative.dev.serving.pkg.reconciler.autoscaling.kpa.Reconciler","knative.dev/kind":"autoscaling.internal.knative.dev.PodAutoscaler","knative.dev/traceid":"a18b02cf-0149-417d-a750-f33683a598f8","knative.dev/key":"default/linpack-00001"}
{"severity":"INFO","timestamp":"2026-06-03T07:16:42.856880045Z","logger":"autoscaler","caller":"kpa/kpa.go:298","message":"KPA Status for revision default/linpack-00001 after reconcile: currentPods=2, desiredPods=2, conditions=[Active=True Ready=True SKSReady=True ScaleTargetInitialized=True]","knative.dev/controller":"knative.dev.serving.pkg.reconciler.autoscaling.kpa.Reconciler","knative.dev/kind":"autoscaling.internal.knative.dev.PodAutoscaler","knative.dev/traceid":"a18b02cf-0149-417d-a750-f33683a598f8","knative.dev/key":"default/linpack-00001"}
{"severity":"INFO","timestamp":"2026-06-03T07:16:42.856903249Z","logger":"autoscaler","caller":"kpa/kpa.go:242","message":"Cold start final  took: 208.296µs","knative.dev/controller":"knative.dev.serving.pkg.reconciler.autoscaling.kpa.Reconciler","knative.dev/kind":"autoscaling.internal.knative.dev.PodAutoscaler","knative.dev/traceid":"a18b02cf-0149-417d-a750-f33683a598f8","knative.dev/key":"default/linpack-00001"}
{"severity":"INFO","timestamp":"2026-06-03T07:16:42.856945064Z","logger":"autoscaler","caller":"controller/controller.go:530","message":"Reconcile succeeded","knative.dev/controller":"knative.dev.serving.pkg.reconciler.autoscaling.kpa.Reconciler","knative.dev/kind":"autoscaling.internal.knative.dev.PodAutoscaler","knative.dev/traceid":"a18b02cf-0149-417d-a750-f33683a598f8","knative.dev/key":"default/linpack-00001","duration":"330.814µs"}
{"severity":"INFO","timestamp":"2026-06-03T07:16:42.91726012Z","logger":"autoscaler","caller":"kpa/kpa.go:193","message":"SKS should be in Proxy mode: want = 1, ebc = -213, #act's = 3 PA Inactive? = false","knative.dev/controller":"knative.dev.serving.pkg.reconciler.autoscaling.kpa.Reconciler","knative.dev/kind":"autoscaling.internal.knative.dev.PodAutoscaler","knative.dev/traceid":"86319385-7a24-456a-9de9-8b0316508072","knative.dev/key":"default/matrixmul-00001"}
{"severity":"INFO","timestamp":"2026-06-03T07:16:42.917326083Z","logger":"autoscaler","caller":"kpa/kpa.go:221","message":"KPA Scale decision for revision default/matrixmul-00001: currentPods=1, calculatedWant=1, desiredPods=1, excessBurstCapacity=-213","knative.dev/controller":"knative.dev.serving.pkg.reconciler.autoscaling.kpa.Reconciler","knative.dev/kind":"autoscaling.internal.knative.dev.PodAutoscaler","knative.dev/traceid":"86319385-7a24-456a-9de9-8b0316508072","knative.dev/key":"default/matrixmul-00001"}
{"severity":"INFO","timestamp":"2026-06-03T07:16:42.917343305Z","logger":"autoscaler","caller":"kpa/kpa.go:239","message":"Observed pod counts=kpa.podCounts{want:1, ready:1, notReady:0, pending:0, terminating:0}","knative.dev/controller":"knative.dev.serving.pkg.reconciler.autoscaling.kpa.Reconciler","knative.dev/kind":"autoscaling.internal.knative.dev.PodAutoscaler","knative.dev/traceid":"86319385-7a24-456a-9de9-8b0316508072","knative.dev/key":"default/matrixmul-00001"}
{"severity":"INFO","timestamp":"2026-06-03T07:16:42.917359972Z","logger":"autoscaler","caller":"kpa/kpa.go:298","message":"KPA Status for revision default/matrixmul-00001 after reconcile: currentPods=1, desiredPods=1, conditions=[Active=Unknown Ready=Unknown SKSReady=Unknown ScaleTargetInitialized=True]","knative.dev/controller":"knative.dev.serving.pkg.reconciler.autoscaling.kpa.Reconciler","knative.dev/kind":"autoscaling.internal.knative.dev.PodAutoscaler","knative.dev/traceid":"86319385-7a24-456a-9de9-8b0316508072","knative.dev/key":"default/matrixmul-00001"}
{"severity":"INFO","timestamp":"2026-06-03T07:16:42.917385731Z","logger":"autoscaler","caller":"kpa/kpa.go:242","message":"Cold start final  took: 380.592µs","knative.dev/controller":"knative.dev.serving.pkg.reconciler.autoscaling.kpa.Reconciler","knative.dev/kind":"autoscaling.internal.knative.dev.PodAutoscaler","knative.dev/traceid":"86319385-7a24-456a-9de9-8b0316508072","knative.dev/key":"default/matrixmul-00001"}
{"severity":"INFO","timestamp":"2026-06-03T07:16:42.925056367Z","logger":"autoscaler","caller":"controller/controller.go:530","message":"Reconcile succeeded","knative.dev/controller":"knative.dev.serving.pkg.reconciler.autoscaling.kpa.Reconciler","knative.dev/kind":"autoscaling.internal.knative.dev.PodAutoscaler","knative.dev/traceid":"86319385-7a24-456a-9de9-8b0316508072","knative.dev/key":"default/matrixmul-00001","duration":"8.114228ms"}
{"severity":"INFO","timestamp":"2026-06-03T07:16:42.925235163Z","logger":"autoscaler","caller":"kpa/kpa.go:193","message":"SKS should be in Proxy mode: want = 1, ebc = -213, #act's = 3 PA Inactive? = false","knative.dev/controller":"knative.dev.serving.pkg.reconciler.autoscaling.kpa.Reconciler","knative.dev/kind":"autoscaling.internal.knative.dev.PodAutoscaler","knative.dev/traceid":"9fa58585-8be7-4e4c-84e4-1629d4e473b7","knative.dev/key":"default/matrixmul-00001"}
{"severity":"INFO","timestamp":"2026-06-03T07:16:42.925271719Z","logger":"autoscaler","caller":"kpa/kpa.go:221","message":"KPA Scale decision for revision default/matrixmul-00001: currentPods=1, calculatedWant=1, desiredPods=1, excessBurstCapacity=-213","knative.dev/controller":"knative.dev.serving.pkg.reconciler.autoscaling.kpa.Reconciler","knative.dev/kind":"autoscaling.internal.knative.dev.PodAutoscaler","knative.dev/traceid":"9fa58585-8be7-4e4c-84e4-1629d4e473b7","knative.dev/key":"default/matrixmul-00001"}
{"severity":"INFO","timestamp":"2026-06-03T07:16:42.925286497Z","logger":"autoscaler","caller":"kpa/kpa.go:239","message":"Observed pod counts=kpa.podCounts{want:1, ready:1, notReady:0, pending:0, terminating:0}","knative.dev/controller":"knative.dev.serving.pkg.reconciler.autoscaling.kpa.Reconciler","knative.dev/kind":"autoscaling.internal.knative.dev.PodAutoscaler","knative.dev/traceid":"9fa58585-8be7-4e4c-84e4-1629d4e473b7","knative.dev/key":"default/matrixmul-00001"}
{"severity":"INFO","timestamp":"2026-06-03T07:16:42.925306256Z","logger":"autoscaler","caller":"kpa/kpa.go:298","message":"KPA Status for revision default/matrixmul-00001 after reconcile: currentPods=1, desiredPods=1, conditions=[Active=True Ready=Unknown SKSReady=Unknown ScaleTargetInitialized=True]","knative.dev/controller":"knative.dev.serving.pkg.reconciler.autoscaling.kpa.Reconciler","knative.dev/kind":"autoscaling.internal.knative.dev.PodAutoscaler","knative.dev/traceid":"9fa58585-8be7-4e4c-84e4-1629d4e473b7","knative.dev/key":"default/matrixmul-00001"}
{"severity":"INFO","timestamp":"2026-06-03T07:16:42.925326756Z","logger":"autoscaler","caller":"kpa/kpa.go:242","message":"Cold start final  took: 171.037µs","knative.dev/controller":"knative.dev.serving.pkg.reconciler.autoscaling.kpa.Reconciler","knative.dev/kind":"autoscaling.internal.knative.dev.PodAutoscaler","knative.dev/traceid":"9fa58585-8be7-4e4c-84e4-1629d4e473b7","knative.dev/key":"default/matrixmul-00001"}
{"severity":"INFO","timestamp":"2026-06-03T07:16:42.925363978Z","logger":"autoscaler","caller":"controller/controller.go:530","message":"Reconcile succeeded","knative.dev/controller":"knative.dev.serving.pkg.reconciler.autoscaling.kpa.Reconciler","knative.dev/kind":"autoscaling.internal.knative.dev.PodAutoscaler","knative.dev/traceid":"9fa58585-8be7-4e4c-84e4-1629d4e473b7","knative.dev/key":"default/matrixmul-00001","duration":"265.462µs"}
{"severity":"INFO","timestamp":"2026-06-03T07:16:42.927002309Z","logger":"autoscaler","caller":"kpa/kpa.go:193","message":"SKS should be in Proxy mode: want = 1, ebc = -213, #act's = 3 PA Inactive? = false","knative.dev/controller":"knative.dev.serving.pkg.reconciler.autoscaling.kpa.Reconciler","knative.dev/kind":"autoscaling.internal.knative.dev.PodAutoscaler","knative.dev/traceid":"bc27777c-80af-4f3b-9dac-98c4fd2c560a","knative.dev/key":"default/matrixmul-00001"}
{"severity":"INFO","timestamp":"2026-06-03T07:16:42.927062327Z","logger":"autoscaler","caller":"kpa/kpa.go:221","message":"KPA Scale decision for revision default/matrixmul-00001: currentPods=1, calculatedWant=1, desiredPods=1, excessBurstCapacity=-213","knative.dev/controller":"knative.dev.serving.pkg.reconciler.autoscaling.kpa.Reconciler","knative.dev/kind":"autoscaling.internal.knative.dev.PodAutoscaler","knative.dev/traceid":"bc27777c-80af-4f3b-9dac-98c4fd2c560a","knative.dev/key":"default/matrixmul-00001"}
{"severity":"INFO","timestamp":"2026-06-03T07:16:42.927083994Z","logger":"autoscaler","caller":"kpa/kpa.go:239","message":"Observed pod counts=kpa.podCounts{want:1, ready:1, notReady:0, pending:0, terminating:0}","knative.dev/controller":"knative.dev.serving.pkg.reconciler.autoscaling.kpa.Reconciler","knative.dev/kind":"autoscaling.internal.knative.dev.PodAutoscaler","knative.dev/traceid":"bc27777c-80af-4f3b-9dac-98c4fd2c560a","knative.dev/key":"default/matrixmul-00001"}
{"severity":"INFO","timestamp":"2026-06-03T07:16:42.927102475Z","logger":"autoscaler","caller":"kpa/kpa.go:298","message":"KPA Status for revision default/matrixmul-00001 after reconcile: currentPods=1, desiredPods=1, conditions=[Active=True Ready=True SKSReady=True ScaleTargetInitialized=True]","knative.dev/controller":"knative.dev.serving.pkg.reconciler.autoscaling.kpa.Reconciler","knative.dev/kind":"autoscaling.internal.knative.dev.PodAutoscaler","knative.dev/traceid":"bc27777c-80af-4f3b-9dac-98c4fd2c560a","knative.dev/key":"default/matrixmul-00001"}
{"severity":"INFO","timestamp":"2026-06-03T07:16:42.927123883Z","logger":"autoscaler","caller":"kpa/kpa.go:242","message":"Cold start final  took: 369.11µs","knative.dev/controller":"knative.dev.serving.pkg.reconciler.autoscaling.kpa.Reconciler","knative.dev/kind":"autoscaling.internal.knative.dev.PodAutoscaler","knative.dev/traceid":"bc27777c-80af-4f3b-9dac-98c4fd2c560a","knative.dev/key":"default/matrixmul-00001"}
{"severity":"INFO","timestamp":"2026-06-03T07:16:42.936106888Z","logger":"autoscaler","caller":"controller/controller.go:530","message":"Reconcile succeeded","knative.dev/controller":"knative.dev.serving.pkg.reconciler.autoscaling.kpa.Reconciler","knative.dev/kind":"autoscaling.internal.knative.dev.PodAutoscaler","knative.dev/traceid":"bc27777c-80af-4f3b-9dac-98c4fd2c560a","knative.dev/key":"default/matrixmul-00001","duration":"9.40593ms"}
{"severity":"INFO","timestamp":"2026-06-03T07:16:42.936287332Z","logger":"autoscaler","caller":"kpa/kpa.go:193","message":"SKS should be in Proxy mode: want = 1, ebc = -213, #act's = 3 PA Inactive? = false","knative.dev/controller":"knative.dev.serving.pkg.reconciler.autoscaling.kpa.Reconciler","knative.dev/kind":"autoscaling.internal.knative.dev.PodAutoscaler","knative.dev/traceid":"120486f2-f827-4b7f-8465-d140c0d576c1","knative.dev/key":"default/matrixmul-00001"}
{"severity":"INFO","timestamp":"2026-06-03T07:16:42.936328591Z","logger":"autoscaler","caller":"kpa/kpa.go:221","message":"KPA Scale decision for revision default/matrixmul-00001: currentPods=1, calculatedWant=1, desiredPods=1, excessBurstCapacity=-213","knative.dev/controller":"knative.dev.serving.pkg.reconciler.autoscaling.kpa.Reconciler","knative.dev/kind":"autoscaling.internal.knative.dev.PodAutoscaler","knative.dev/traceid":"120486f2-f827-4b7f-8465-d140c0d576c1","knative.dev/key":"default/matrixmul-00001"}
{"severity":"INFO","timestamp":"2026-06-03T07:16:42.936344683Z","logger":"autoscaler","caller":"kpa/kpa.go:239","message":"Observed pod counts=kpa.podCounts{want:1, ready:1, notReady:0, pending:0, terminating:0}","knative.dev/controller":"knative.dev.serving.pkg.reconciler.autoscaling.kpa.Reconciler","knative.dev/kind":"autoscaling.internal.knative.dev.PodAutoscaler","knative.dev/traceid":"120486f2-f827-4b7f-8465-d140c0d576c1","knative.dev/key":"default/matrixmul-00001"}
{"severity":"INFO","timestamp":"2026-06-03T07:16:42.936361646Z","logger":"autoscaler","caller":"kpa/kpa.go:298","message":"KPA Status for revision default/matrixmul-00001 after reconcile: currentPods=1, desiredPods=1, conditions=[Active=True Ready=True SKSReady=True ScaleTargetInitialized=True]","knative.dev/controller":"knative.dev.serving.pkg.reconciler.autoscaling.kpa.Reconciler","knative.dev/kind":"autoscaling.internal.knative.dev.PodAutoscaler","knative.dev/traceid":"120486f2-f827-4b7f-8465-d140c0d576c1","knative.dev/key":"default/matrixmul-00001"}
{"severity":"INFO","timestamp":"2026-06-03T07:16:42.936384591Z","logger":"autoscaler","caller":"kpa/kpa.go:242","message":"Cold start final  took: 174.889µs","knative.dev/controller":"knative.dev.serving.pkg.reconciler.autoscaling.kpa.Reconciler","knative.dev/kind":"autoscaling.internal.knative.dev.PodAutoscaler","knative.dev/traceid":"120486f2-f827-4b7f-8465-d140c0d576c1","knative.dev/key":"default/matrixmul-00001"}
{"severity":"INFO","timestamp":"2026-06-03T07:16:42.936421183Z","logger":"autoscaler","caller":"controller/controller.go:530","message":"Reconcile succeeded","knative.dev/controller":"knative.dev.serving.pkg.reconciler.autoscaling.kpa.Reconciler","knative.dev/kind":"autoscaling.internal.knative.dev.PodAutoscaler","knative.dev/traceid":"120486f2-f827-4b7f-8465-d140c0d576c1","knative.dev/key":"default/matrixmul-00001","duration":"271.148µs"}
{"severity":"INFO","timestamp":"2026-06-03T07:16:43.421589647Z","logger":"autoscaler","caller":"scaling/autoscaler.go:207","message":"For metric concurrency observed values: stable = 6.1; panic = 6.1; target = 3.5 Desired StablePodCount = 2, PanicPodCount = 2, ReadyEndpointCount = 2, MaxScaleUp = 2000, MaxScaleDown = 1","knative.dev/key":"default/linpack-00001"}
{"severity":"INFO","timestamp":"2026-06-03T07:16:43.42163411Z","logger":"autoscaler","caller":"scaling/autoscaler.go:314","message":"Autoscaler: stable=6.077441 panic=6.077441 target=3.500000 pods=%!d(float64=2) desired=2 excessBC=-208.000000","knative.dev/key":"default/linpack-00001"}
{"severity":"INFO","timestamp":"2026-06-03T07:16:43.421651258Z","logger":"autoscaler","caller":"scaling/autoscaler.go:318","message":"⏱ Autoscaler decision: 337.351µs.","knative.dev/key":"default/linpack-00001"}
{"severity":"INFO","timestamp":"2026-06-03T07:16:43.421688277Z","logger":"autoscaler","caller":"scaling/autoscaler.go:207","message":"For metric concurrency observed values: stable = 2.7; panic = 2.7; target = 3.5 Desired StablePodCount = 1, PanicPodCount = 1, ReadyEndpointCount = 1, MaxScaleUp = 1000, MaxScaleDown = 0","knative.dev/key":"default/matrixmul-00001"}
{"severity":"INFO","timestamp":"2026-06-03T07:16:43.421705406Z","logger":"autoscaler","caller":"scaling/autoscaler.go:314","message":"Autoscaler: stable=2.718026 panic=2.718026 target=3.500000 pods=%!d(float64=1) desired=1 excessBC=-209.000000","knative.dev/key":"default/matrixmul-00001"}
{"severity":"INFO","timestamp":"2026-06-03T07:16:43.421719573Z","logger":"autoscaler","caller":"scaling/autoscaler.go:318","message":"⏱ Autoscaler decision: 46.759µs.","knative.dev/key":"default/matrixmul-00001"}
{"severity":"INFO","timestamp":"2026-06-03T07:16:43.422598423Z","logger":"autoscaler","caller":"scaling/autoscaler.go:207","message":"For metric concurrency observed values: stable = 4.9; panic = 5.7; target = 3.5 Desired StablePodCount = 2, PanicPodCount = 2, ReadyEndpointCount = 2, MaxScaleUp = 2000, MaxScaleDown = 1","knative.dev/key":"default/fastfouriertransform-00001"}
{"severity":"INFO","timestamp":"2026-06-03T07:16:43.422628627Z","logger":"autoscaler","caller":"scaling/autoscaler.go:314","message":"Autoscaler: stable=4.941696 panic=5.730035 target=3.500000 pods=%!d(float64=2) desired=2 excessBC=-207.000000","knative.dev/key":"default/fastfouriertransform-00001"}
{"severity":"INFO","timestamp":"2026-06-03T07:16:43.422643831Z","logger":"autoscaler","caller":"scaling/autoscaler.go:318","message":"⏱ Autoscaler decision: 77.63µs.","knative.dev/key":"default/fastfouriertransform-00001"}
{"severity":"INFO","timestamp":"2026-06-03T07:16:43.422774404Z","logger":"autoscaler","caller":"scaling/autoscaler.go:207","message":"For metric concurrency observed values: stable = 2.7; panic = 2.7; target = 3.5 Desired StablePodCount = 1, PanicPodCount = 1, ReadyEndpointCount = 1, MaxScaleUp = 1000, MaxScaleDown = 0","knative.dev/key":"default/fetchdata-00001"}
{"severity":"INFO","timestamp":"2026-06-03T07:16:43.422787886Z","logger":"autoscaler","caller":"scaling/autoscaler.go:314","message":"Autoscaler: stable=2.695741 panic=2.695741 target=3.500000 pods=%!d(float64=1) desired=1 excessBC=-209.000000","knative.dev/key":"default/fetchdata-00001"}
{"severity":"INFO","timestamp":"2026-06-03T07:16:43.422799756Z","logger":"autoscaler","caller":"scaling/autoscaler.go:318","message":"⏱ Autoscaler decision: 41.259µs.","knative.dev/key":"default/fetchdata-00001"}
{"severity":"INFO","timestamp":"2026-06-03T07:16:43.423143182Z","logger":"autoscaler","caller":"scaling/autoscaler.go:207","message":"For metric concurrency observed values: stable = 2.2; panic = 2.2; target = 3.5 Desired StablePodCount = 1, PanicPodCount = 1, ReadyEndpointCount = 1, MaxScaleUp = 1000, MaxScaleDown = 0","knative.dev/key":"default/genmatrix-00001"}
{"severity":"INFO","timestamp":"2026-06-03T07:16:43.423166496Z","logger":"autoscaler","caller":"scaling/autoscaler.go:314","message":"Autoscaler: stable=2.201570 panic=2.201570 target=3.500000 pods=%!d(float64=1) desired=1 excessBC=-209.000000","knative.dev/key":"default/genmatrix-00001"}
{"severity":"INFO","timestamp":"2026-06-03T07:16:43.423180293Z","logger":"autoscaler","caller":"scaling/autoscaler.go:318","message":"⏱ Autoscaler decision: 61.814µs.","knative.dev/key":"default/genmatrix-00001"}
{"severity":"INFO","timestamp":"2026-06-03T07:16:45.422020614Z","logger":"autoscaler","caller":"scaling/autoscaler.go:207","message":"For metric concurrency observed values: stable = 5.6; panic = 6.2; target = 3.5 Desired StablePodCount = 2, PanicPodCount = 2, ReadyEndpointCount = 2, MaxScaleUp = 2000, MaxScaleDown = 1","knative.dev/key":"default/linpack-00001"}
{"severity":"INFO","timestamp":"2026-06-03T07:16:45.422066836Z","logger":"autoscaler","caller":"scaling/autoscaler.go:314","message":"Autoscaler: stable=5.553145 panic=6.244044 target=3.500000 pods=%!d(float64=2) desired=2 excessBC=-208.000000","knative.dev/key":"default/linpack-00001"}
{"severity":"INFO","timestamp":"2026-06-03T07:16:45.422089855Z","logger":"autoscaler","caller":"scaling/autoscaler.go:318","message":"⏱ Autoscaler decision: 87.314µs.","knative.dev/key":"default/linpack-00001"}
{"severity":"INFO","timestamp":"2026-06-03T07:16:45.422119114Z","logger":"autoscaler","caller":"scaling/autoscaler.go:207","message":"For metric concurrency observed values: stable = 3.0; panic = 3.3; target = 3.5 Desired StablePodCount = 1, PanicPodCount = 1, ReadyEndpointCount = 1, MaxScaleUp = 1000, MaxScaleDown = 0","knative.dev/key":"default/matrixmul-00001"}
{"severity":"INFO","timestamp":"2026-06-03T07:16:45.422152447Z","logger":"autoscaler","caller":"scaling/autoscaler.go:314","message":"Autoscaler: stable=2.968803 panic=3.320292 target=3.500000 pods=%!d(float64=1) desired=1 excessBC=-210.000000","knative.dev/key":"default/matrixmul-00001"}
{"severity":"INFO","timestamp":"2026-06-03T07:16:45.422174836Z","logger":"autoscaler","caller":"scaling/autoscaler.go:318","message":"⏱ Autoscaler decision: 390.722µs.","knative.dev/key":"default/matrixmul-00001"}
{"severity":"INFO","timestamp":"2026-06-03T07:16:45.422452428Z","logger":"autoscaler","caller":"scaling/autoscaler.go:207","message":"For metric concurrency observed values: stable = 3.8; panic = 4.7; target = 3.5 Desired StablePodCount = 2, PanicPodCount = 2, ReadyEndpointCount = 2, MaxScaleUp = 2000, MaxScaleDown = 1","knative.dev/key":"default/fastfouriertransform-00001"}
{"severity":"INFO","timestamp":"2026-06-03T07:16:45.422482317Z","logger":"autoscaler","caller":"scaling/autoscaler.go:314","message":"Autoscaler: stable=3.831272 panic=4.687500 target=3.500000 pods=%!d(float64=2) desired=2 excessBC=-206.000000","knative.dev/key":"default/fastfouriertransform-00001"}
{"severity":"INFO","timestamp":"2026-06-03T07:16:45.422496836Z","logger":"autoscaler","caller":"scaling/autoscaler.go:318","message":"⏱ Autoscaler decision: 75.351µs.","knative.dev/key":"default/fastfouriertransform-00001"}
{"severity":"INFO","timestamp":"2026-06-03T07:16:45.422733891Z","logger":"autoscaler","caller":"scaling/autoscaler.go:207","message":"For metric concurrency observed values: stable = 2.0; panic = 1.9; target = 3.5 Desired StablePodCount = 1, PanicPodCount = 1, ReadyEndpointCount = 1, MaxScaleUp = 1000, MaxScaleDown = 0","knative.dev/key":"default/fetchdata-00001"}
{"severity":"INFO","timestamp":"2026-06-03T07:16:45.422760835Z","logger":"autoscaler","caller":"scaling/autoscaler.go:314","message":"Autoscaler: stable=1.970792 panic=1.884604 target=3.500000 pods=%!d(float64=1) desired=1 excessBC=-208.000000","knative.dev/key":"default/fetchdata-00001"}
{"severity":"INFO","timestamp":"2026-06-03T07:16:45.422780928Z","logger":"autoscaler","caller":"scaling/autoscaler.go:318","message":"⏱ Autoscaler decision: 61.945µs.","knative.dev/key":"default/fetchdata-00001"}
{"severity":"INFO","timestamp":"2026-06-03T07:16:45.423165872Z","logger":"autoscaler","caller":"scaling/autoscaler.go:207","message":"For metric concurrency observed values: stable = 1.6; panic = 1.7; target = 3.5 Desired StablePodCount = 1, PanicPodCount = 1, ReadyEndpointCount = 1, MaxScaleUp = 1000, MaxScaleDown = 0","knative.dev/key":"default/genmatrix-00001"}
{"severity":"INFO","timestamp":"2026-06-03T07:16:45.423195131Z","logger":"autoscaler","caller":"scaling/autoscaler.go:314","message":"Autoscaler: stable=1.583685 panic=1.734463 target=3.500000 pods=%!d(float64=1) desired=1 excessBC=-208.000000","knative.dev/key":"default/genmatrix-00001"}
{"severity":"INFO","timestamp":"2026-06-03T07:16:45.423215724Z","logger":"autoscaler","caller":"scaling/autoscaler.go:318","message":"⏱ Autoscaler decision: 61.833µs.","knative.dev/key":"default/genmatrix-00001"}
{"severity":"INFO","timestamp":"2026-06-03T07:16:47.421642805Z","logger":"autoscaler","caller":"scaling/autoscaler.go:207","message":"For metric concurrency observed values: stable = 4.4; panic = 3.2; target = 3.5 Desired StablePodCount = 2, PanicPodCount = 1, ReadyEndpointCount = 2, MaxScaleUp = 2000, MaxScaleDown = 1","knative.dev/key":"default/linpack-00001"}
{"severity":"INFO","timestamp":"2026-06-03T07:16:47.421693009Z","logger":"autoscaler","caller":"scaling/autoscaler.go:314","message":"Autoscaler: stable=4.394450 panic=3.215774 target=3.500000 pods=%!d(float64=2) desired=2 excessBC=-205.000000","knative.dev/key":"default/linpack-00001"}
{"severity":"INFO","timestamp":"2026-06-03T07:16:47.421720083Z","logger":"autoscaler","caller":"scaling/autoscaler.go:318","message":"⏱ Autoscaler decision: 107.555µs.","knative.dev/key":"default/linpack-00001"}
{"severity":"INFO","timestamp":"2026-06-03T07:16:47.421758472Z","logger":"autoscaler","caller":"scaling/autoscaler.go:207","message":"For metric concurrency observed values: stable = 2.1; panic = 2.0; target = 3.5 Desired StablePodCount = 1, PanicPodCount = 1, ReadyEndpointCount = 1, MaxScaleUp = 1000, MaxScaleDown = 0","knative.dev/key":"default/matrixmul-00001"}
{"severity":"INFO","timestamp":"2026-06-03T07:16:47.421773731Z","logger":"autoscaler","caller":"scaling/autoscaler.go:314","message":"Autoscaler: stable=2.090313 panic=1.982540 target=3.500000 pods=%!d(float64=1) desired=1 excessBC=-208.000000","knative.dev/key":"default/matrixmul-00001"}
{"severity":"INFO","timestamp":"2026-06-03T07:16:47.42179199Z","logger":"autoscaler","caller":"scaling/autoscaler.go:318","message":"⏱ Autoscaler decision: 44.426µs.","knative.dev/key":"default/matrixmul-00001"}
{"severity":"INFO","timestamp":"2026-06-03T07:16:47.422555359Z","logger":"autoscaler","caller":"scaling/autoscaler.go:207","message":"For metric concurrency observed values: stable = 3.1; panic = 1.2; target = 3.5 Desired StablePodCount = 1, PanicPodCount = 1, ReadyEndpointCount = 2, MaxScaleUp = 2000, MaxScaleDown = 1","knative.dev/key":"default/fastfouriertransform-00001"}
{"severity":"INFO","timestamp":"2026-06-03T07:16:47.422589248Z","logger":"autoscaler","caller":"scaling/autoscaler.go:258","message":"Skipping pod count decrease from 2 to 1.","knative.dev/key":"default/fastfouriertransform-00001"}
{"severity":"INFO","timestamp":"2026-06-03T07:16:47.422609711Z","logger":"autoscaler","caller":"scaling/autoscaler.go:314","message":"Autoscaler: stable=3.091527 panic=1.161646 target=3.500000 pods=%!d(float64=2) desired=2 excessBC=-203.000000","knative.dev/key":"default/fastfouriertransform-00001"}
{"severity":"INFO","timestamp":"2026-06-03T07:16:47.422645081Z","logger":"autoscaler","caller":"scaling/autoscaler.go:318","message":"⏱ Autoscaler decision: 115.204µs.","knative.dev/key":"default/fastfouriertransform-00001"}
{"severity":"INFO","timestamp":"2026-06-03T07:16:47.422730063Z","logger":"autoscaler","caller":"scaling/autoscaler.go:207","message":"For metric concurrency observed values: stable = 1.6; panic = 0.3; target = 3.5 Desired StablePodCount = 1, PanicPodCount = 1, ReadyEndpointCount = 1, MaxScaleUp = 1000, MaxScaleDown = 0","knative.dev/key":"default/fetchdata-00001"}
{"severity":"INFO","timestamp":"2026-06-03T07:16:47.422750137Z","logger":"autoscaler","caller":"scaling/autoscaler.go:314","message":"Autoscaler: stable=1.579445 panic=0.255974 target=3.500000 pods=%!d(float64=1) desired=1 excessBC=-207.000000","knative.dev/key":"default/fetchdata-00001"}
{"severity":"INFO","timestamp":"2026-06-03T07:16:47.422768915Z","logger":"autoscaler","caller":"scaling/autoscaler.go:318","message":"⏱ Autoscaler decision: 52.426µs.","knative.dev/key":"default/fetchdata-00001"}
{"severity":"INFO","timestamp":"2026-06-03T07:16:47.423151766Z","logger":"autoscaler","caller":"scaling/autoscaler.go:207","message":"For metric concurrency observed values: stable = 1.2; panic = 0.0; target = 3.5 Desired StablePodCount = 1, PanicPodCount = 1, ReadyEndpointCount = 1, MaxScaleUp = 1000, MaxScaleDown = 0","knative.dev/key":"default/genmatrix-00001"}
{"severity":"INFO","timestamp":"2026-06-03T07:16:47.423179414Z","logger":"autoscaler","caller":"scaling/autoscaler.go:314","message":"Autoscaler: stable=1.244760 panic=0.049994 target=3.500000 pods=%!d(float64=1) desired=1 excessBC=-207.000000","knative.dev/key":"default/genmatrix-00001"}
{"severity":"INFO","timestamp":"2026-06-03T07:16:47.423199303Z","logger":"autoscaler","caller":"scaling/autoscaler.go:318","message":"⏱ Autoscaler decision: 59.222µs.","knative.dev/key":"default/genmatrix-00001"}
{"severity":"INFO","timestamp":"2026-06-03T07:16:49.421692607Z","logger":"autoscaler","caller":"scaling/autoscaler.go:207","message":"For metric concurrency observed values: stable = 1.9; panic = 0.5; target = 3.5 Desired StablePodCount = 1, PanicPodCount = 1, ReadyEndpointCount = 1, MaxScaleUp = 1000, MaxScaleDown = 0","knative.dev/key":"default/matrixmul-00001"}
{"severity":"INFO","timestamp":"2026-06-03T07:16:49.421726773Z","logger":"autoscaler","caller":"scaling/autoscaler.go:314","message":"Autoscaler: stable=1.881282 panic=0.532497 target=3.500000 pods=%!d(float64=1) desired=1 excessBC=-207.000000","knative.dev/key":"default/matrixmul-00001"}
{"severity":"INFO","timestamp":"2026-06-03T07:16:49.421749477Z","logger":"autoscaler","caller":"scaling/autoscaler.go:318","message":"⏱ Autoscaler decision: 64.314µs.","knative.dev/key":"default/matrixmul-00001"}
{"severity":"INFO","timestamp":"2026-06-03T07:16:49.421530311Z","logger":"autoscaler","caller":"scaling/autoscaler.go:207","message":"For metric concurrency observed values: stable = 3.7; panic = 1.0; target = 3.5 Desired StablePodCount = 2, PanicPodCount = 1, ReadyEndpointCount = 2, MaxScaleUp = 2000, MaxScaleDown = 1","knative.dev/key":"default/linpack-00001"}
{"severity":"INFO","timestamp":"2026-06-03T07:16:49.421875921Z","logger":"autoscaler","caller":"scaling/autoscaler.go:314","message":"Autoscaler: stable=3.663490 panic=0.952419 target=3.500000 pods=%!d(float64=2) desired=2 excessBC=-202.000000","knative.dev/key":"default/linpack-00001"}
{"severity":"INFO","timestamp":"2026-06-03T07:16:49.421907199Z","logger":"autoscaler","caller":"scaling/autoscaler.go:318","message":"⏱ Autoscaler decision: 410.741µs.","knative.dev/key":"default/linpack-00001"}
{"severity":"INFO","timestamp":"2026-06-03T07:16:49.422384735Z","logger":"autoscaler","caller":"scaling/autoscaler.go:207","message":"For metric concurrency observed values: stable = 2.7; panic = 0.5; target = 3.5 Desired StablePodCount = 1, PanicPodCount = 1, ReadyEndpointCount = 2, MaxScaleUp = 2000, MaxScaleDown = 1","knative.dev/key":"default/fastfouriertransform-00001"}
{"severity":"INFO","timestamp":"2026-06-03T07:16:49.422407939Z","logger":"autoscaler","caller":"scaling/autoscaler.go:258","message":"Skipping pod count decrease from 2 to 1.","knative.dev/key":"default/fastfouriertransform-00001"}
{"severity":"INFO","timestamp":"2026-06-03T07:16:49.422426772Z","logger":"autoscaler","caller":"scaling/autoscaler.go:314","message":"Autoscaler: stable=2.659606 panic=0.453019 target=3.500000 pods=%!d(float64=2) desired=2 excessBC=-202.000000","knative.dev/key":"default/fastfouriertransform-00001"}
{"severity":"INFO","timestamp":"2026-06-03T07:16:49.422450087Z","logger":"autoscaler","caller":"scaling/autoscaler.go:318","message":"⏱ Autoscaler decision: 78.908µs.","knative.dev/key":"default/fastfouriertransform-00001"}
{"severity":"INFO","timestamp":"2026-06-03T07:16:49.422752049Z","logger":"autoscaler","caller":"scaling/autoscaler.go:207","message":"For metric concurrency observed values: stable = 1.3; panic = 0.2; target = 3.5 Desired StablePodCount = 1, PanicPodCount = 1, ReadyEndpointCount = 1, MaxScaleUp = 1000, MaxScaleDown = 0","knative.dev/key":"default/fetchdata-00001"}
{"severity":"INFO","timestamp":"2026-06-03T07:16:49.422777142Z","logger":"autoscaler","caller":"scaling/autoscaler.go:314","message":"Autoscaler: stable=1.340086 panic=0.220603 target=3.500000 pods=%!d(float64=1) desired=1 excessBC=-207.000000","knative.dev/key":"default/fetchdata-00001"}
{"severity":"INFO","timestamp":"2026-06-03T07:16:49.422796253Z","logger":"autoscaler","caller":"scaling/autoscaler.go:318","message":"⏱ Autoscaler decision: 57.204µs.","knative.dev/key":"default/fetchdata-00001"}
{"severity":"INFO","timestamp":"2026-06-03T07:16:49.423139086Z","logger":"autoscaler","caller":"scaling/autoscaler.go:207","message":"For metric concurrency observed values: stable = 1.0; panic = 0.0; target = 3.5 Desired StablePodCount = 1, PanicPodCount = 1, ReadyEndpointCount = 1, MaxScaleUp = 1000, MaxScaleDown = 0","knative.dev/key":"default/genmatrix-00001"}
{"severity":"INFO","timestamp":"2026-06-03T07:16:49.423163067Z","logger":"autoscaler","caller":"scaling/autoscaler.go:314","message":"Autoscaler: stable=1.020368 panic=0.034849 target=3.500000 pods=%!d(float64=1) desired=1 excessBC=-207.000000","knative.dev/key":"default/genmatrix-00001"}
{"severity":"INFO","timestamp":"2026-06-03T07:16:49.423183456Z","logger":"autoscaler","caller":"scaling/autoscaler.go:318","message":"⏱ Autoscaler decision: 55.037µs.","knative.dev/key":"default/genmatrix-00001"}
{"severity":"INFO","timestamp":"2026-06-03T07:16:51.421750853Z","logger":"autoscaler","caller":"scaling/autoscaler.go:207","message":"For metric concurrency observed values: stable = 1.9; panic = 1.0; target = 3.5 Desired StablePodCount = 1, PanicPodCount = 1, ReadyEndpointCount = 1, MaxScaleUp = 1000, MaxScaleDown = 0","knative.dev/key":"default/matrixmul-00001"}
{"severity":"INFO","timestamp":"2026-06-03T07:16:51.421800445Z","logger":"autoscaler","caller":"scaling/autoscaler.go:314","message":"Autoscaler: stable=1.888563 panic=0.969987 target=3.500000 pods=%!d(float64=1) desired=1 excessBC=-207.000000","knative.dev/key":"default/matrixmul-00001"}
{"severity":"INFO","timestamp":"2026-06-03T07:16:51.421824186Z","logger":"autoscaler","caller":"scaling/autoscaler.go:318","message":"⏱ Autoscaler decision: 107.704µs.","knative.dev/key":"default/matrixmul-00001"}
{"severity":"INFO","timestamp":"2026-06-03T07:16:51.422098056Z","logger":"autoscaler","caller":"scaling/autoscaler.go:207","message":"For metric concurrency observed values: stable = 3.1; panic = 0.2; target = 3.5 Desired StablePodCount = 1, PanicPodCount = 1, ReadyEndpointCount = 2, MaxScaleUp = 2000, MaxScaleDown = 1","knative.dev/key":"default/linpack-00001"}
{"severity":"INFO","timestamp":"2026-06-03T07:16:51.422125093Z","logger":"autoscaler","caller":"scaling/autoscaler.go:258","message":"Skipping pod count decrease from 2 to 1.","knative.dev/key":"default/linpack-00001"}
{"severity":"INFO","timestamp":"2026-06-03T07:16:51.422158167Z","logger":"autoscaler","caller":"scaling/autoscaler.go:314","message":"Autoscaler: stable=3.103186 panic=0.160656 target=3.500000 pods=%!d(float64=2) desired=2 excessBC=-202.000000","knative.dev/key":"default/linpack-00001"}
{"severity":"INFO","timestamp":"2026-06-03T07:16:51.422176074Z","logger":"autoscaler","caller":"scaling/autoscaler.go:318","message":"⏱ Autoscaler decision: 97.482µs.","knative.dev/key":"default/linpack-00001"}
{"severity":"INFO","timestamp":"2026-06-03T07:16:51.422508814Z","logger":"autoscaler","caller":"scaling/autoscaler.go:207","message":"For metric concurrency observed values: stable = 2.3; panic = 0.2; target = 3.5 Desired StablePodCount = 1, PanicPodCount = 1, ReadyEndpointCount = 2, MaxScaleUp = 2000, MaxScaleDown = 1","knative.dev/key":"default/fastfouriertransform-00001"}
{"severity":"INFO","timestamp":"2026-06-03T07:16:51.422531055Z","logger":"autoscaler","caller":"scaling/autoscaler.go:258","message":"Skipping pod count decrease from 2 to 1.","knative.dev/key":"default/fastfouriertransform-00001"}
{"severity":"INFO","timestamp":"2026-06-03T07:16:51.422552759Z","logger":"autoscaler","caller":"scaling/autoscaler.go:314","message":"Autoscaler: stable=2.285038 panic=0.224564 target=3.500000 pods=%!d(float64=2) desired=2 excessBC=-202.000000","knative.dev/key":"default/fastfouriertransform-00001"}
{"severity":"INFO","timestamp":"2026-06-03T07:16:51.422571407Z","logger":"autoscaler","caller":"scaling/autoscaler.go:318","message":"⏱ Autoscaler decision: 78.925µs.","knative.dev/key":"default/fastfouriertransform-00001"}
{"severity":"INFO","timestamp":"2026-06-03T07:16:51.42273511Z","logger":"autoscaler","caller":"scaling/autoscaler.go:207","message":"For metric concurrency observed values: stable = 1.1; panic = 0.2; target = 3.5 Desired StablePodCount = 1, PanicPodCount = 1, ReadyEndpointCount = 1, MaxScaleUp = 1000, MaxScaleDown = 0","knative.dev/key":"default/fetchdata-00001"}
{"severity":"INFO","timestamp":"2026-06-03T07:16:51.42275824Z","logger":"autoscaler","caller":"scaling/autoscaler.go:314","message":"Autoscaler: stable=1.149793 panic=0.198501 target=3.500000 pods=%!d(float64=1) desired=1 excessBC=-207.000000","knative.dev/key":"default/fetchdata-00001"}
{"severity":"INFO","timestamp":"2026-06-03T07:16:51.422776332Z","logger":"autoscaler","caller":"scaling/autoscaler.go:318","message":"⏱ Autoscaler decision: 52.24µs.","knative.dev/key":"default/fetchdata-00001"}
{"severity":"INFO","timestamp":"2026-06-03T07:16:51.423394554Z","logger":"autoscaler","caller":"scaling/autoscaler.go:207","message":"For metric concurrency observed values: stable = 0.9; panic = 0.0; target = 3.5 Desired StablePodCount = 1, PanicPodCount = 1, ReadyEndpointCount = 1, MaxScaleUp = 1000, MaxScaleDown = 0","knative.dev/key":"default/genmatrix-00001"}
{"severity":"INFO","timestamp":"2026-06-03T07:16:51.42342698Z","logger":"autoscaler","caller":"scaling/autoscaler.go:314","message":"Autoscaler: stable=0.866836 panic=0.018480 target=3.500000 pods=%!d(float64=1) desired=1 excessBC=-207.000000","knative.dev/key":"default/genmatrix-00001"}
{"severity":"INFO","timestamp":"2026-06-03T07:16:51.423447702Z","logger":"autoscaler","caller":"scaling/autoscaler.go:318","message":"⏱ Autoscaler decision: 72.555µs.","knative.dev/key":"default/genmatrix-00001"}
{"severity":"INFO","timestamp":"2026-06-03T07:16:53.421042415Z","logger":"autoscaler","caller":"scaling/autoscaler.go:207","message":"For metric concurrency observed values: stable = 2.8; panic = 0.4; target = 3.5 Desired StablePodCount = 1, PanicPodCount = 1, ReadyEndpointCount = 2, MaxScaleUp = 2000, MaxScaleDown = 1","knative.dev/key":"default/linpack-00001"}
{"severity":"INFO","timestamp":"2026-06-03T07:16:53.421083063Z","logger":"autoscaler","caller":"scaling/autoscaler.go:258","message":"Skipping pod count decrease from 2 to 1.","knative.dev/key":"default/linpack-00001"}
{"severity":"INFO","timestamp":"2026-06-03T07:16:53.421104933Z","logger":"autoscaler","caller":"scaling/autoscaler.go:314","message":"Autoscaler: stable=2.757144 panic=0.352665 target=3.500000 pods=%!d(float64=2) desired=2 excessBC=-202.000000","knative.dev/key":"default/linpack-00001"}
{"severity":"INFO","timestamp":"2026-06-03T07:16:53.421126729Z","logger":"autoscaler","caller":"scaling/autoscaler.go:318","message":"⏱ Autoscaler decision: 103.5µs.","knative.dev/key":"default/linpack-00001"}
{"severity":"INFO","timestamp":"2026-06-03T07:16:53.421837025Z","logger":"autoscaler","caller":"scaling/autoscaler.go:207","message":"For metric concurrency observed values: stable = 2.0; panic = 1.7; target = 3.5 Desired StablePodCount = 1, PanicPodCount = 1, ReadyEndpointCount = 1, MaxScaleUp = 1000, MaxScaleDown = 0","knative.dev/key":"default/matrixmul-00001"}
{"severity":"INFO","timestamp":"2026-06-03T07:16:53.421873302Z","logger":"autoscaler","caller":"scaling/autoscaler.go:314","message":"Autoscaler: stable=1.952146 panic=1.703446 target=3.500000 pods=%!d(float64=1) desired=1 excessBC=-208.000000","knative.dev/key":"default/matrixmul-00001"}
{"severity":"INFO","timestamp":"2026-06-03T07:16:53.421896173Z","logger":"autoscaler","caller":"scaling/autoscaler.go:318","message":"⏱ Autoscaler decision: 87.666µs.","knative.dev/key":"default/matrixmul-00001"}
{"severity":"INFO","timestamp":"2026-06-03T07:16:53.423086874Z","logger":"autoscaler","caller":"scaling/autoscaler.go:207","message":"For metric concurrency observed values: stable = 1.0; panic = 0.2; target = 3.5 Desired StablePodCount = 1, PanicPodCount = 1, ReadyEndpointCount = 1, MaxScaleUp = 1000, MaxScaleDown = 0","knative.dev/key":"default/fetchdata-00001"}
{"severity":"INFO","timestamp":"2026-06-03T07:16:53.423122986Z","logger":"autoscaler","caller":"scaling/autoscaler.go:314","message":"Autoscaler: stable=1.025409 panic=0.180296 target=3.500000 pods=%!d(float64=1) desired=1 excessBC=-207.000000","knative.dev/key":"default/fetchdata-00001"}
{"severity":"INFO","timestamp":"2026-06-03T07:16:53.42314293Z","logger":"autoscaler","caller":"scaling/autoscaler.go:318","message":"⏱ Autoscaler decision: 82.055µs.","knative.dev/key":"default/fetchdata-00001"}
{"severity":"INFO","timestamp":"2026-06-03T07:16:53.423175226Z","logger":"autoscaler","caller":"scaling/autoscaler.go:207","message":"For metric concurrency observed values: stable = 0.8; panic = 0.2; target = 3.5 Desired StablePodCount = 1, PanicPodCount = 1, ReadyEndpointCount = 1, MaxScaleUp = 1000, MaxScaleDown = 0","knative.dev/key":"default/genmatrix-00001"}
{"severity":"INFO","timestamp":"2026-06-03T07:16:53.423198652Z","logger":"autoscaler","caller":"scaling/autoscaler.go:314","message":"Autoscaler: stable=0.767365 panic=0.177632 target=3.500000 pods=%!d(float64=1) desired=1 excessBC=-207.000000","knative.dev/key":"default/genmatrix-00001"}
{"severity":"INFO","timestamp":"2026-06-03T07:16:53.423214652Z","logger":"autoscaler","caller":"scaling/autoscaler.go:318","message":"⏱ Autoscaler decision: 49.186µs.","knative.dev/key":"default/genmatrix-00001"}
{"severity":"INFO","timestamp":"2026-06-03T07:16:53.423624985Z","logger":"autoscaler","caller":"scaling/autoscaler.go:207","message":"For metric concurrency observed values: stable = 2.0; panic = 0.2; target = 3.5 Desired StablePodCount = 1, PanicPodCount = 1, ReadyEndpointCount = 2, MaxScaleUp = 2000, MaxScaleDown = 1","knative.dev/key":"default/fastfouriertransform-00001"}
{"severity":"INFO","timestamp":"2026-06-03T07:16:53.423650059Z","logger":"autoscaler","caller":"scaling/autoscaler.go:258","message":"Skipping pod count decrease from 2 to 1.","knative.dev/key":"default/fastfouriertransform-00001"}
{"severity":"INFO","timestamp":"2026-06-03T07:16:53.4236678Z","logger":"autoscaler","caller":"scaling/autoscaler.go:314","message":"Autoscaler: stable=2.002377 panic=0.224552 target=3.500000 pods=%!d(float64=2) desired=2 excessBC=-202.000000","knative.dev/key":"default/fastfouriertransform-00001"}
{"severity":"INFO","timestamp":"2026-06-03T07:16:53.424467854Z","logger":"autoscaler","caller":"scaling/autoscaler.go:318","message":"⏱ Autoscaler decision: 853.48µs.","knative.dev/key":"default/fastfouriertransform-00001"}
{"severity":"INFO","timestamp":"2026-06-03T07:16:55.421100309Z","logger":"autoscaler","caller":"scaling/autoscaler.go:207","message":"For metric concurrency observed values: stable = 2.5; panic = 0.3; target = 3.5 Desired StablePodCount = 1, PanicPodCount = 1, ReadyEndpointCount = 2, MaxScaleUp = 2000, MaxScaleDown = 1","knative.dev/key":"default/linpack-00001"}
{"severity":"INFO","timestamp":"2026-06-03T07:16:55.421155716Z","logger":"autoscaler","caller":"scaling/autoscaler.go:258","message":"Skipping pod count decrease from 2 to 1.","knative.dev/key":"default/linpack-00001"}
{"severity":"INFO","timestamp":"2026-06-03T07:16:55.42117805Z","logger":"autoscaler","caller":"scaling/autoscaler.go:314","message":"Autoscaler: stable=2.451130 panic=0.265559 target=3.500000 pods=%!d(float64=2) desired=2 excessBC=-202.000000","knative.dev/key":"default/linpack-00001"}
{"severity":"INFO","timestamp":"2026-06-03T07:16:55.421216587Z","logger":"autoscaler","caller":"scaling/autoscaler.go:318","message":"⏱ Autoscaler decision: 126.797µs.","knative.dev/key":"default/linpack-00001"}
{"severity":"INFO","timestamp":"2026-06-03T07:16:55.421839975Z","logger":"autoscaler","caller":"scaling/autoscaler.go:207","message":"For metric concurrency observed values: stable = 1.8; panic = 1.9; target = 3.5 Desired StablePodCount = 1, PanicPodCount = 1, ReadyEndpointCount = 1, MaxScaleUp = 1000, MaxScaleDown = 0","knative.dev/key":"default/matrixmul-00001"}
{"severity":"INFO","timestamp":"2026-06-03T07:16:55.421874956Z","logger":"autoscaler","caller":"scaling/autoscaler.go:314","message":"Autoscaler: stable=1.819072 panic=1.858466 target=3.500000 pods=%!d(float64=1) desired=1 excessBC=-208.000000","knative.dev/key":"default/matrixmul-00001"}
{"severity":"INFO","timestamp":"2026-06-03T07:16:55.421895326Z","logger":"autoscaler","caller":"scaling/autoscaler.go:318","message":"⏱ Autoscaler decision: 88.037µs.","knative.dev/key":"default/matrixmul-00001"}
{"severity":"INFO","timestamp":"2026-06-03T07:16:55.423074528Z","logger":"autoscaler","caller":"scaling/autoscaler.go:207","message":"For metric concurrency observed values: stable = 0.9; panic = 0.2; target = 3.5 Desired StablePodCount = 1, PanicPodCount = 1, ReadyEndpointCount = 1, MaxScaleUp = 1000, MaxScaleDown = 0","knative.dev/key":"default/fetchdata-00001"}
{"severity":"INFO","timestamp":"2026-06-03T07:16:55.423133287Z","logger":"autoscaler","caller":"scaling/autoscaler.go:314","message":"Autoscaler: stable=0.918648 panic=0.170057 target=3.500000 pods=%!d(float64=1) desired=1 excessBC=-207.000000","knative.dev/key":"default/fetchdata-00001"}
{"severity":"INFO","timestamp":"2026-06-03T07:16:55.423173361Z","logger":"autoscaler","caller":"scaling/autoscaler.go:318","message":"⏱ Autoscaler decision: 127.092µs.","knative.dev/key":"default/fetchdata-00001"}
{"severity":"INFO","timestamp":"2026-06-03T07:16:55.423216676Z","logger":"autoscaler","caller":"scaling/autoscaler.go:207","message":"For metric concurrency observed values: stable = 0.7; panic = 0.2; target = 3.5 Desired StablePodCount = 1, PanicPodCount = 1, ReadyEndpointCount = 1, MaxScaleUp = 1000, MaxScaleDown = 0","knative.dev/key":"default/genmatrix-00001"}
{"severity":"INFO","timestamp":"2026-06-03T07:16:55.423246195Z","logger":"autoscaler","caller":"scaling/autoscaler.go:314","message":"Autoscaler: stable=0.722845 panic=0.204951 target=3.500000 pods=%!d(float64=1) desired=1 excessBC=-207.000000","knative.dev/key":"default/genmatrix-00001"}
{"severity":"INFO","timestamp":"2026-06-03T07:16:55.423275676Z","logger":"autoscaler","caller":"scaling/autoscaler.go:318","message":"⏱ Autoscaler decision: 71.944µs.","knative.dev/key":"default/genmatrix-00001"}
{"severity":"INFO","timestamp":"2026-06-03T07:16:55.423898768Z","logger":"autoscaler","caller":"scaling/autoscaler.go:207","message":"For metric concurrency observed values: stable = 1.8; panic = 0.0; target = 3.5 Desired StablePodCount = 1, PanicPodCount = 1, ReadyEndpointCount = 2, MaxScaleUp = 2000, MaxScaleDown = 1","knative.dev/key":"default/fastfouriertransform-00001"}
{"severity":"INFO","timestamp":"2026-06-03T07:16:55.423930934Z","logger":"autoscaler","caller":"scaling/autoscaler.go:258","message":"Skipping pod count decrease from 2 to 1.","knative.dev/key":"default/fastfouriertransform-00001"}
{"severity":"INFO","timestamp":"2026-06-03T07:16:55.423980619Z","logger":"autoscaler","caller":"scaling/autoscaler.go:314","message":"Autoscaler: stable=1.785334 panic=0.039151 target=3.500000 pods=%!d(float64=2) desired=2 excessBC=-202.000000","knative.dev/key":"default/fastfouriertransform-00001"}
{"severity":"INFO","timestamp":"2026-06-03T07:16:55.424000675Z","logger":"autoscaler","caller":"scaling/autoscaler.go:318","message":"⏱ Autoscaler decision: 116.63µs.","knative.dev/key":"default/fastfouriertransform-00001"}
{"severity":"INFO","timestamp":"2026-06-03T07:16:57.421140018Z","logger":"autoscaler","caller":"scaling/autoscaler.go:207","message":"For metric concurrency observed values: stable = 2.3; panic = 0.4; target = 3.5 Desired StablePodCount = 1, PanicPodCount = 1, ReadyEndpointCount = 2, MaxScaleUp = 2000, MaxScaleDown = 1","knative.dev/key":"default/linpack-00001"}
{"severity":"INFO","timestamp":"2026-06-03T07:16:57.421183314Z","logger":"autoscaler","caller":"scaling/autoscaler.go:258","message":"Skipping pod count decrease from 2 to 1.","knative.dev/key":"default/linpack-00001"}
{"severity":"INFO","timestamp":"2026-06-03T07:16:57.421260648Z","logger":"autoscaler","caller":"scaling/autoscaler.go:314","message":"Autoscaler: stable=2.272031 panic=0.365434 target=3.500000 pods=%!d(float64=2) desired=2 excessBC=-202.000000","knative.dev/key":"default/linpack-00001"}
{"severity":"INFO","timestamp":"2026-06-03T07:16:57.421279944Z","logger":"autoscaler","caller":"scaling/autoscaler.go:318","message":"⏱ Autoscaler decision: 166.314µs.","knative.dev/key":"default/linpack-00001"}
{"severity":"INFO","timestamp":"2026-06-03T07:16:57.421974091Z","logger":"autoscaler","caller":"scaling/autoscaler.go:207","message":"For metric concurrency observed values: stable = 1.6; panic = 0.9; target = 3.5 Desired StablePodCount = 1, PanicPodCount = 1, ReadyEndpointCount = 1, MaxScaleUp = 1000, MaxScaleDown = 0","knative.dev/key":"default/matrixmul-00001"}
{"severity":"INFO","timestamp":"2026-06-03T07:16:57.422006924Z","logger":"autoscaler","caller":"scaling/autoscaler.go:314","message":"Autoscaler: stable=1.616953 panic=0.860150 target=3.500000 pods=%!d(float64=1) desired=1 excessBC=-207.000000","knative.dev/key":"default/matrixmul-00001"}
{"severity":"INFO","timestamp":"2026-06-03T07:16:57.422021202Z","logger":"autoscaler","caller":"scaling/autoscaler.go:318","message":"⏱ Autoscaler decision: 71.129µs.","knative.dev/key":"default/matrixmul-00001"}
{"severity":"INFO","timestamp":"2026-06-03T07:16:57.423161534Z","logger":"autoscaler","caller":"scaling/autoscaler.go:207","message":"For metric concurrency observed values: stable = 0.7; panic = 0.2; target = 3.5 Desired StablePodCount = 1, PanicPodCount = 1, ReadyEndpointCount = 1, MaxScaleUp = 1000, MaxScaleDown = 0","knative.dev/key":"default/genmatrix-00001"}
{"severity":"INFO","timestamp":"2026-06-03T07:16:57.423198052Z","logger":"autoscaler","caller":"scaling/autoscaler.go:314","message":"Autoscaler: stable=0.651603 panic=0.220525 target=3.500000 pods=%!d(float64=1) desired=1 excessBC=-207.000000","knative.dev/key":"default/genmatrix-00001"}
{"severity":"INFO","timestamp":"2026-06-03T07:16:57.423213311Z","logger":"autoscaler","caller":"scaling/autoscaler.go:318","message":"⏱ Autoscaler decision: 82.981µs.","knative.dev/key":"default/genmatrix-00001"}
{"severity":"INFO","timestamp":"2026-06-03T07:16:57.42366944Z","logger":"autoscaler","caller":"scaling/autoscaler.go:207","message":"For metric concurrency observed values: stable = 1.6; panic = 0.2; target = 3.5 Desired StablePodCount = 1, PanicPodCount = 1, ReadyEndpointCount = 2, MaxScaleUp = 2000, MaxScaleDown = 1","knative.dev/key":"default/fastfouriertransform-00001"}
{"severity":"INFO","timestamp":"2026-06-03T07:16:57.423687107Z","logger":"autoscaler","caller":"scaling/autoscaler.go:258","message":"Skipping pod count decrease from 2 to 1.","knative.dev/key":"default/fastfouriertransform-00001"}
{"severity":"INFO","timestamp":"2026-06-03T07:16:57.423699107Z","logger":"autoscaler","caller":"scaling/autoscaler.go:314","message":"Autoscaler: stable=1.642077 panic=0.163991 target=3.500000 pods=%!d(float64=2) desired=2 excessBC=-202.000000","knative.dev/key":"default/fastfouriertransform-00001"}
{"severity":"INFO","timestamp":"2026-06-03T07:16:57.42372307Z","logger":"autoscaler","caller":"scaling/autoscaler.go:318","message":"⏱ Autoscaler decision: 60.667µs.","knative.dev/key":"default/fastfouriertransform-00001"}
{"severity":"INFO","timestamp":"2026-06-03T07:16:57.423746644Z","logger":"autoscaler","caller":"scaling/autoscaler.go:207","message":"For metric concurrency observed values: stable = 0.8; panic = 0.1; target = 3.5 Desired StablePodCount = 1, PanicPodCount = 1, ReadyEndpointCount = 1, MaxScaleUp = 1000, MaxScaleDown = 0","knative.dev/key":"default/fetchdata-00001"}
{"severity":"INFO","timestamp":"2026-06-03T07:16:57.423756366Z","logger":"autoscaler","caller":"scaling/autoscaler.go:314","message":"Autoscaler: stable=0.835820 panic=0.139944 target=3.500000 pods=%!d(float64=1) desired=1 excessBC=-207.000000","knative.dev/key":"default/fetchdata-00001"}
{"severity":"INFO","timestamp":"2026-06-03T07:16:57.423795662Z","logger":"autoscaler","caller":"scaling/autoscaler.go:318","message":"⏱ Autoscaler decision: 55.185µs.","knative.dev/key":"default/fetchdata-00001"}
{"severity":"INFO","timestamp":"2026-06-03T07:16:59.42115295Z","logger":"autoscaler","caller":"scaling/autoscaler.go:207","message":"For metric concurrency observed values: stable = 2.1; panic = 0.4; target = 3.5 Desired StablePodCount = 1, PanicPodCount = 1, ReadyEndpointCount = 2, MaxScaleUp = 2000, MaxScaleDown = 1","knative.dev/key":"default/linpack-00001"}
{"severity":"INFO","timestamp":"2026-06-03T07:16:59.421344968Z","logger":"autoscaler","caller":"scaling/autoscaler.go:258","message":"Skipping pod count decrease from 2 to 1.","knative.dev/key":"default/linpack-00001"}
{"severity":"INFO","timestamp":"2026-06-03T07:16:59.421364468Z","logger":"autoscaler","caller":"scaling/autoscaler.go:314","message":"Autoscaler: stable=2.074876 panic=0.435378 target=3.500000 pods=%!d(float64=2) desired=2 excessBC=-202.000000","knative.dev/key":"default/linpack-00001"}
{"severity":"INFO","timestamp":"2026-06-03T07:16:59.421378042Z","logger":"autoscaler","caller":"scaling/autoscaler.go:318","message":"⏱ Autoscaler decision: 252.278µs.","knative.dev/key":"default/linpack-00001"}
{"severity":"INFO","timestamp":"2026-06-03T07:16:59.421848671Z","logger":"autoscaler","caller":"scaling/autoscaler.go:207","message":"For metric concurrency observed values: stable = 1.6; panic = 0.6; target = 3.5 Desired StablePodCount = 1, PanicPodCount = 1, ReadyEndpointCount = 1, MaxScaleUp = 1000, MaxScaleDown = 0","knative.dev/key":"default/matrixmul-00001"}
{"severity":"INFO","timestamp":"2026-06-03T07:16:59.421903634Z","logger":"autoscaler","caller":"scaling/autoscaler.go:314","message":"Autoscaler: stable=1.609091 panic=0.619002 target=3.500000 pods=%!d(float64=1) desired=1 excessBC=-207.000000","knative.dev/key":"default/matrixmul-00001"}
{"severity":"INFO","timestamp":"2026-06-03T07:16:59.421958782Z","logger":"autoscaler","caller":"scaling/autoscaler.go:318","message":"⏱ Autoscaler decision: 129.056µs.","knative.dev/key":"default/matrixmul-00001"}
{"severity":"INFO","timestamp":"2026-06-03T07:16:59.423146577Z","logger":"autoscaler","caller":"scaling/autoscaler.go:207","message":"For metric concurrency observed values: stable = 0.6; panic = 0.0; target = 3.5 Desired StablePodCount = 1, PanicPodCount = 1, ReadyEndpointCount = 1, MaxScaleUp = 1000, MaxScaleDown = 0","knative.dev/key":"default/genmatrix-00001"}
{"severity":"INFO","timestamp":"2026-06-03T07:16:59.423225058Z","logger":"autoscaler","caller":"scaling/autoscaler.go:314","message":"Autoscaler: stable=0.593084 panic=0.035387 target=3.500000 pods=%!d(float64=1) desired=1 excessBC=-207.000000","knative.dev/key":"default/genmatrix-00001"}
{"severity":"INFO","timestamp":"2026-06-03T07:16:59.42327465Z","logger":"autoscaler","caller":"scaling/autoscaler.go:318","message":"⏱ Autoscaler decision: 138.018µs.","knative.dev/key":"default/genmatrix-00001"}
{"severity":"INFO","timestamp":"2026-06-03T07:16:59.423683057Z","logger":"autoscaler","caller":"scaling/autoscaler.go:207","message":"For metric concurrency observed values: stable = 1.5; panic = 0.2; target = 3.5 Desired StablePodCount = 1, PanicPodCount = 1, ReadyEndpointCount = 2, MaxScaleUp = 2000, MaxScaleDown = 1","knative.dev/key":"default/fastfouriertransform-00001"}
{"severity":"INFO","timestamp":"2026-06-03T07:16:59.42373489Z","logger":"autoscaler","caller":"scaling/autoscaler.go:258","message":"Skipping pod count decrease from 2 to 1.","knative.dev/key":"default/fastfouriertransform-00001"}
{"severity":"INFO","timestamp":"2026-06-03T07:16:59.423768539Z","logger":"autoscaler","caller":"scaling/autoscaler.go:314","message":"Autoscaler: stable=1.510410 panic=0.221942 target=3.500000 pods=%!d(float64=2) desired=2 excessBC=-202.000000","knative.dev/key":"default/fastfouriertransform-00001"}
{"severity":"INFO","timestamp":"2026-06-03T07:16:59.42379502Z","logger":"autoscaler","caller":"scaling/autoscaler.go:318","message":"⏱ Autoscaler decision: 123.111µs.","knative.dev/key":"default/fastfouriertransform-00001"}
{"severity":"INFO","timestamp":"2026-06-03T07:16:59.42382115Z","logger":"autoscaler","caller":"scaling/autoscaler.go:207","message":"For metric concurrency observed values: stable = 0.8; panic = 0.3; target = 3.5 Desired StablePodCount = 1, PanicPodCount = 1, ReadyEndpointCount = 1, MaxScaleUp = 1000, MaxScaleDown = 0","knative.dev/key":"default/fetchdata-00001"}
{"severity":"INFO","timestamp":"2026-06-03T07:16:59.423830483Z","logger":"autoscaler","caller":"scaling/autoscaler.go:314","message":"Autoscaler: stable=0.803837 panic=0.288004 target=3.500000 pods=%!d(float64=1) desired=1 excessBC=-207.000000","knative.dev/key":"default/fetchdata-00001"}
{"severity":"INFO","timestamp":"2026-06-03T07:16:59.423841001Z","logger":"autoscaler","caller":"scaling/autoscaler.go:318","message":"⏱ Autoscaler decision: 28.815µs.","knative.dev/key":"default/fetchdata-00001"}
{"severity":"INFO","timestamp":"2026-06-03T07:17:01.422034695Z","logger":"autoscaler","caller":"scaling/autoscaler.go:207","message":"For metric concurrency observed values: stable = 1.9; panic = 0.4; target = 3.5 Desired StablePodCount = 1, PanicPodCount = 1, ReadyEndpointCount = 2, MaxScaleUp = 2000, MaxScaleDown = 1","knative.dev/key":"default/linpack-00001"}
{"severity":"INFO","timestamp":"2026-06-03T07:17:01.422080584Z","logger":"autoscaler","caller":"scaling/autoscaler.go:258","message":"Skipping pod count decrease from 2 to 1.","knative.dev/key":"default/linpack-00001"}
{"severity":"INFO","timestamp":"2026-06-03T07:17:01.422101362Z","logger":"autoscaler","caller":"scaling/autoscaler.go:314","message":"Autoscaler: stable=1.924824 panic=0.396587 target=3.500000 pods=%!d(float64=2) desired=2 excessBC=-202.000000","knative.dev/key":"default/linpack-00001"}
{"severity":"INFO","timestamp":"2026-06-03T07:17:01.422122714Z","logger":"autoscaler","caller":"scaling/autoscaler.go:318","message":"⏱ Autoscaler decision: 105.093µs.","knative.dev/key":"default/linpack-00001"}
{"severity":"INFO","timestamp":"2026-06-03T07:17:01.422160195Z","logger":"autoscaler","caller":"scaling/autoscaler.go:207","message":"For metric concurrency observed values: stable = 1.5; panic = 0.7; target = 3.5 Desired StablePodCount = 1, PanicPodCount = 1, ReadyEndpointCount = 1, MaxScaleUp = 1000, MaxScaleDown = 0","knative.dev/key":"default/matrixmul-00001"}
{"severity":"INFO","timestamp":"2026-06-03T07:17:01.422175436Z","logger":"autoscaler","caller":"scaling/autoscaler.go:314","message":"Autoscaler: stable=1.474845 panic=0.668287 target=3.500000 pods=%!d(float64=1) desired=1 excessBC=-207.000000","knative.dev/key":"default/matrixmul-00001"}
{"severity":"INFO","timestamp":"2026-06-03T07:17:01.422187862Z","logger":"autoscaler","caller":"scaling/autoscaler.go:318","message":"⏱ Autoscaler decision: 435.592µs.","knative.dev/key":"default/matrixmul-00001"}
{"severity":"INFO","timestamp":"2026-06-03T07:17:01.422428972Z","logger":"autoscaler","caller":"scaling/autoscaler.go:207","message":"For metric concurrency observed values: stable = 1.5; panic = 0.6; target = 3.5 Desired StablePodCount = 1, PanicPodCount = 1, ReadyEndpointCount = 2, MaxScaleUp = 2000, MaxScaleDown = 1","knative.dev/key":"default/fastfouriertransform-00001"}
{"severity":"INFO","timestamp":"2026-06-03T07:17:01.422453824Z","logger":"autoscaler","caller":"scaling/autoscaler.go:258","message":"Skipping pod count decrease from 2 to 1.","knative.dev/key":"default/fastfouriertransform-00001"}
{"severity":"INFO","timestamp":"2026-06-03T07:17:01.422471546Z","logger":"autoscaler","caller":"scaling/autoscaler.go:314","message":"Autoscaler: stable=1.486852 panic=0.601595 target=3.500000 pods=%!d(float64=2) desired=2 excessBC=-202.000000","knative.dev/key":"default/fastfouriertransform-00001"}
{"severity":"INFO","timestamp":"2026-06-03T07:17:01.422487824Z","logger":"autoscaler","caller":"scaling/autoscaler.go:318","message":"⏱ Autoscaler decision: 83.111µs.","knative.dev/key":"default/fastfouriertransform-00001"}
{"severity":"INFO","timestamp":"2026-06-03T07:17:01.422774583Z","logger":"autoscaler","caller":"scaling/autoscaler.go:207","message":"For metric concurrency observed values: stable = 0.8; panic = 0.4; target = 3.5 Desired StablePodCount = 1, PanicPodCount = 1, ReadyEndpointCount = 1, MaxScaleUp = 1000, MaxScaleDown = 0","knative.dev/key":"default/fetchdata-00001"}
{"severity":"INFO","timestamp":"2026-06-03T07:17:01.422816916Z","logger":"autoscaler","caller":"scaling/autoscaler.go:314","message":"Autoscaler: stable=0.765169 panic=0.373310 target=3.500000 pods=%!d(float64=1) desired=1 excessBC=-207.000000","knative.dev/key":"default/fetchdata-00001"}
{"severity":"INFO","timestamp":"2026-06-03T07:17:01.422902861Z","logger":"autoscaler","caller":"scaling/autoscaler.go:318","message":"⏱ Autoscaler decision: 139.945µs.","knative.dev/key":"default/fetchdata-00001"}
{"severity":"INFO","timestamp":"2026-06-03T07:17:01.423150249Z","logger":"autoscaler","caller":"scaling/autoscaler.go:207","message":"For metric concurrency observed values: stable = 0.5; panic = 0.0; target = 3.5 Desired StablePodCount = 1, PanicPodCount = 1, ReadyEndpointCount = 1, MaxScaleUp = 1000, MaxScaleDown = 0","knative.dev/key":"default/genmatrix-00001"}
{"severity":"INFO","timestamp":"2026-06-03T07:17:01.423176527Z","logger":"autoscaler","caller":"scaling/autoscaler.go:314","message":"Autoscaler: stable=0.542672 panic=0.033258 target=3.500000 pods=%!d(float64=1) desired=1 excessBC=-207.000000","knative.dev/key":"default/genmatrix-00001"}
{"severity":"INFO","timestamp":"2026-06-03T07:17:01.423197545Z","logger":"autoscaler","caller":"scaling/autoscaler.go:318","message":"⏱ Autoscaler decision: 59.037µs.","knative.dev/key":"default/genmatrix-00001"}
{"severity":"INFO","timestamp":"2026-06-03T07:17:03.422066646Z","logger":"autoscaler","caller":"scaling/autoscaler.go:207","message":"For metric concurrency observed values: stable = 1.9; panic = 0.9; target = 3.5 Desired StablePodCount = 1, PanicPodCount = 1, ReadyEndpointCount = 2, MaxScaleUp = 2000, MaxScaleDown = 1","knative.dev/key":"default/linpack-00001"}
{"severity":"INFO","timestamp":"2026-06-03T07:17:03.422107609Z","logger":"autoscaler","caller":"scaling/autoscaler.go:258","message":"Skipping pod count decrease from 2 to 1.","knative.dev/key":"default/linpack-00001"}
{"severity":"INFO","timestamp":"2026-06-03T07:17:03.42214046Z","logger":"autoscaler","caller":"scaling/autoscaler.go:314","message":"Autoscaler: stable=1.931066 panic=0.943551 target=3.500000 pods=%!d(float64=2) desired=2 excessBC=-202.000000","knative.dev/key":"default/linpack-00001"}
{"severity":"INFO","timestamp":"2026-06-03T07:17:03.422162294Z","logger":"autoscaler","caller":"scaling/autoscaler.go:318","message":"⏱ Autoscaler decision: 107.037µs.","knative.dev/key":"default/linpack-00001"}
{"severity":"INFO","timestamp":"2026-06-03T07:17:03.421845516Z","logger":"autoscaler","caller":"scaling/autoscaler.go:207","message":"For metric concurrency observed values: stable = 1.4; panic = 0.4; target = 3.5 Desired StablePodCount = 1, PanicPodCount = 1, ReadyEndpointCount = 1, MaxScaleUp = 1000, MaxScaleDown = 0","knative.dev/key":"default/matrixmul-00001"}
{"severity":"INFO","timestamp":"2026-06-03T07:17:03.422193331Z","logger":"autoscaler","caller":"scaling/autoscaler.go:314","message":"Autoscaler: stable=1.366865 panic=0.433600 target=3.500000 pods=%!d(float64=1) desired=1 excessBC=-207.000000","knative.dev/key":"default/matrixmul-00001"}
{"severity":"INFO","timestamp":"2026-06-03T07:17:03.422210701Z","logger":"autoscaler","caller":"scaling/autoscaler.go:318","message":"⏱ Autoscaler decision: 401.74µs.","knative.dev/key":"default/matrixmul-00001"}
{"severity":"INFO","timestamp":"2026-06-03T07:17:03.422578386Z","logger":"autoscaler","caller":"scaling/autoscaler.go:207","message":"For metric concurrency observed values: stable = 1.4; panic = 0.9; target = 3.5 Desired StablePodCount = 1, PanicPodCount = 1, ReadyEndpointCount = 2, MaxScaleUp = 2000, MaxScaleDown = 1","knative.dev/key":"default/fastfouriertransform-00001"}
{"severity":"INFO","timestamp":"2026-06-03T07:17:03.422605386Z","logger":"autoscaler","caller":"scaling/autoscaler.go:258","message":"Skipping pod count decrease from 2 to 1.","knative.dev/key":"default/fastfouriertransform-00001"}
{"severity":"INFO","timestamp":"2026-06-03T07:17:03.422623052Z","logger":"autoscaler","caller":"scaling/autoscaler.go:314","message":"Autoscaler: stable=1.428703 panic=0.853165 target=3.500000 pods=%!d(float64=2) desired=2 excessBC=-202.000000","knative.dev/key":"default/fastfouriertransform-00001"}
{"severity":"INFO","timestamp":"2026-06-03T07:17:03.422642349Z","logger":"autoscaler","caller":"scaling/autoscaler.go:318","message":"⏱ Autoscaler decision: 163.055µs.","knative.dev/key":"default/fastfouriertransform-00001"}
{"severity":"INFO","timestamp":"2026-06-03T07:17:03.422741663Z","logger":"autoscaler","caller":"scaling/autoscaler.go:207","message":"For metric concurrency observed values: stable = 0.7; panic = 0.4; target = 3.5 Desired StablePodCount = 1, PanicPodCount = 1, ReadyEndpointCount = 1, MaxScaleUp = 1000, MaxScaleDown = 0","knative.dev/key":"default/fetchdata-00001"}
{"severity":"INFO","timestamp":"2026-06-03T07:17:03.422760959Z","logger":"autoscaler","caller":"scaling/autoscaler.go:314","message":"Autoscaler: stable=0.710242 panic=0.375093 target=3.500000 pods=%!d(float64=1) desired=1 excessBC=-207.000000","knative.dev/key":"default/fetchdata-00001"}
{"severity":"INFO","timestamp":"2026-06-03T07:17:03.422780071Z","logger":"autoscaler","caller":"scaling/autoscaler.go:318","message":"⏱ Autoscaler decision: 50.796µs.","knative.dev/key":"default/fetchdata-00001"}
{"severity":"INFO","timestamp":"2026-06-03T07:17:03.423127496Z","logger":"autoscaler","caller":"scaling/autoscaler.go:207","message":"For metric concurrency observed values: stable = 0.5; panic = 0.0; target = 3.5 Desired StablePodCount = 1, PanicPodCount = 1, ReadyEndpointCount = 1, MaxScaleUp = 1000, MaxScaleDown = 0","knative.dev/key":"default/genmatrix-00001"}
{"severity":"INFO","timestamp":"2026-06-03T07:17:03.423153588Z","logger":"autoscaler","caller":"scaling/autoscaler.go:314","message":"Autoscaler: stable=0.502988 panic=0.025013 target=3.500000 pods=%!d(float64=1) desired=1 excessBC=-207.000000","knative.dev/key":"default/genmatrix-00001"}
{"severity":"INFO","timestamp":"2026-06-03T07:17:03.423174107Z","logger":"autoscaler","caller":"scaling/autoscaler.go:318","message":"⏱ Autoscaler decision: 58.296µs.","knative.dev/key":"default/genmatrix-00001"}
{"severity":"INFO","timestamp":"2026-06-03T07:17:05.421226116Z","logger":"autoscaler","caller":"scaling/autoscaler.go:207","message":"For metric concurrency observed values: stable = 1.8; panic = 1.1; target = 3.5 Desired StablePodCount = 1, PanicPodCount = 1, ReadyEndpointCount = 2, MaxScaleUp = 2000, MaxScaleDown = 1","knative.dev/key":"default/linpack-00001"}
{"severity":"INFO","timestamp":"2026-06-03T07:17:05.421270616Z","logger":"autoscaler","caller":"scaling/autoscaler.go:258","message":"Skipping pod count decrease from 2 to 1.","knative.dev/key":"default/linpack-00001"}
{"severity":"INFO","timestamp":"2026-06-03T07:17:05.421294486Z","logger":"autoscaler","caller":"scaling/autoscaler.go:314","message":"Autoscaler: stable=1.825881 panic=1.057892 target=3.500000 pods=%!d(float64=2) desired=2 excessBC=-203.000000","knative.dev/key":"default/linpack-00001"}
{"severity":"INFO","timestamp":"2026-06-03T07:17:05.421319468Z","logger":"autoscaler","caller":"scaling/autoscaler.go:318","message":"⏱ Autoscaler decision: 154.093µs.","knative.dev/key":"default/linpack-00001"}
{"severity":"INFO","timestamp":"2026-06-03T07:17:05.421686578Z","logger":"autoscaler","caller":"scaling/autoscaler.go:207","message":"For metric concurrency observed values: stable = 1.3; panic = 0.4; target = 3.5 Desired StablePodCount = 1, PanicPodCount = 1, ReadyEndpointCount = 1, MaxScaleUp = 1000, MaxScaleDown = 0","knative.dev/key":"default/matrixmul-00001"}
{"severity":"INFO","timestamp":"2026-06-03T07:17:05.421721689Z","logger":"autoscaler","caller":"scaling/autoscaler.go:314","message":"Autoscaler: stable=1.308538 panic=0.362973 target=3.500000 pods=%!d(float64=1) desired=1 excessBC=-207.000000","knative.dev/key":"default/matrixmul-00001"}
{"severity":"INFO","timestamp":"2026-06-03T07:17:05.421742004Z","logger":"autoscaler","caller":"scaling/autoscaler.go:318","message":"⏱ Autoscaler decision: 94.925µs.","knative.dev/key":"default/matrixmul-00001"}
{"severity":"INFO","timestamp":"2026-06-03T07:17:05.423177669Z","logger":"autoscaler","caller":"scaling/autoscaler.go:207","message":"For metric concurrency observed values: stable = 0.5; panic = 0.1; target = 3.5 Desired StablePodCount = 1, PanicPodCount = 1, ReadyEndpointCount = 1, MaxScaleUp = 1000, MaxScaleDown = 0","knative.dev/key":"default/genmatrix-00001"}
{"severity":"INFO","timestamp":"2026-06-03T07:17:05.423212594Z","logger":"autoscaler","caller":"scaling/autoscaler.go:314","message":"Autoscaler: stable=0.472542 panic=0.058282 target=3.500000 pods=%!d(float64=1) desired=1 excessBC=-207.000000","knative.dev/key":"default/genmatrix-00001"}
{"severity":"INFO","timestamp":"2026-06-03T07:17:05.423234465Z","logger":"autoscaler","caller":"scaling/autoscaler.go:318","message":"⏱ Autoscaler decision: 94.407µs.","knative.dev/key":"default/genmatrix-00001"}
{"severity":"INFO","timestamp":"2026-06-03T07:17:05.423740983Z","logger":"autoscaler","caller":"scaling/autoscaler.go:207","message":"For metric concurrency observed values: stable = 1.3; panic = 0.6; target = 3.5 Desired StablePodCount = 1, PanicPodCount = 1, ReadyEndpointCount = 2, MaxScaleUp = 2000, MaxScaleDown = 1","knative.dev/key":"default/fastfouriertransform-00001"}
{"severity":"INFO","timestamp":"2026-06-03T07:17:05.423769371Z","logger":"autoscaler","caller":"scaling/autoscaler.go:258","message":"Skipping pod count decrease from 2 to 1.","knative.dev/key":"default/fastfouriertransform-00001"}
{"severity":"INFO","timestamp":"2026-06-03T07:17:05.423787223Z","logger":"autoscaler","caller":"scaling/autoscaler.go:314","message":"Autoscaler: stable=1.345451 panic=0.604551 target=3.500000 pods=%!d(float64=2) desired=2 excessBC=-202.000000","knative.dev/key":"default/fastfouriertransform-00001"}
{"severity":"INFO","timestamp":"2026-06-03T07:17:05.42380676Z","logger":"autoscaler","caller":"scaling/autoscaler.go:318","message":"⏱ Autoscaler decision: 90.796µs.","knative.dev/key":"default/fastfouriertransform-00001"}
{"severity":"INFO","timestamp":"2026-06-03T07:17:05.423849186Z","logger":"autoscaler","caller":"scaling/autoscaler.go:207","message":"For metric concurrency observed values: stable = 0.7; panic = 0.1; target = 3.5 Desired StablePodCount = 1, PanicPodCount = 1, ReadyEndpointCount = 1, MaxScaleUp = 1000, MaxScaleDown = 0","knative.dev/key":"default/fetchdata-00001"}
{"severity":"INFO","timestamp":"2026-06-03T07:17:05.423865927Z","logger":"autoscaler","caller":"scaling/autoscaler.go:314","message":"Autoscaler: stable=0.666622 panic=0.148513 target=3.500000 pods=%!d(float64=1) desired=1 excessBC=-207.000000","knative.dev/key":"default/fetchdata-00001"}
{"severity":"INFO","timestamp":"2026-06-03T07:17:05.423883297Z","logger":"autoscaler","caller":"scaling/autoscaler.go:318","message":"⏱ Autoscaler decision: 53.926µs.","knative.dev/key":"default/fetchdata-00001"}
{"severity":"INFO","timestamp":"2026-06-03T07:17:07.421445604Z","logger":"autoscaler","caller":"scaling/autoscaler.go:207","message":"For metric concurrency observed values: stable = 1.7; panic = 0.9; target = 3.5 Desired StablePodCount = 1, PanicPodCount = 1, ReadyEndpointCount = 2, MaxScaleUp = 2000, MaxScaleDown = 1","knative.dev/key":"default/linpack-00001"}
{"severity":"INFO","timestamp":"2026-06-03T07:17:07.421494807Z","logger":"autoscaler","caller":"scaling/autoscaler.go:258","message":"Skipping pod count decrease from 2 to 1.","knative.dev/key":"default/linpack-00001"}
{"severity":"INFO","timestamp":"2026-06-03T07:17:07.421517066Z","logger":"autoscaler","caller":"scaling/autoscaler.go:314","message":"Autoscaler: stable=1.726410 panic=0.943763 target=3.500000 pods=%!d(float64=2) desired=2 excessBC=-202.000000","knative.dev/key":"default/linpack-00001"}
{"severity":"INFO","timestamp":"2026-06-03T07:17:07.421538474Z","logger":"autoscaler","caller":"scaling/autoscaler.go:318","message":"⏱ Autoscaler decision: 132.796µs.","knative.dev/key":"default/linpack-00001"}
{"severity":"INFO","timestamp":"2026-06-03T07:17:07.421979566Z","logger":"autoscaler","caller":"scaling/autoscaler.go:207","message":"For metric concurrency observed values: stable = 1.3; panic = 0.7; target = 3.5 Desired StablePodCount = 1, PanicPodCount = 1, ReadyEndpointCount = 1, MaxScaleUp = 1000, MaxScaleDown = 0","knative.dev/key":"default/matrixmul-00001"}
{"severity":"INFO","timestamp":"2026-06-03T07:17:07.422017566Z","logger":"autoscaler","caller":"scaling/autoscaler.go:314","message":"Autoscaler: stable=1.293365 panic=0.686287 target=3.500000 pods=%!d(float64=1) desired=1 excessBC=-207.000000","knative.dev/key":"default/matrixmul-00001"}
{"severity":"INFO","timestamp":"2026-06-03T07:17:07.422052473Z","logger":"autoscaler","caller":"scaling/autoscaler.go:318","message":"⏱ Autoscaler decision: 306.111µs.","knative.dev/key":"default/matrixmul-00001"}
{"severity":"INFO","timestamp":"2026-06-03T07:17:07.422697842Z","logger":"autoscaler","caller":"scaling/autoscaler.go:207","message":"For metric concurrency observed values: stable = 1.3; panic = 0.4; target = 3.5 Desired StablePodCount = 1, PanicPodCount = 1, ReadyEndpointCount = 2, MaxScaleUp = 2000, MaxScaleDown = 1","knative.dev/key":"default/fastfouriertransform-00001"}
{"severity":"INFO","timestamp":"2026-06-03T07:17:07.422725768Z","logger":"autoscaler","caller":"scaling/autoscaler.go:258","message":"Skipping pod count decrease from 2 to 1.","knative.dev/key":"default/fastfouriertransform-00001"}
{"severity":"INFO","timestamp":"2026-06-03T07:17:07.422745787Z","logger":"autoscaler","caller":"scaling/autoscaler.go:314","message":"Autoscaler: stable=1.286735 panic=0.395244 target=3.500000 pods=%!d(float64=2) desired=2 excessBC=-202.000000","knative.dev/key":"default/fastfouriertransform-00001"}
{"severity":"INFO","timestamp":"2026-06-03T07:17:07.422775472Z","logger":"autoscaler","caller":"scaling/autoscaler.go:318","message":"⏱ Autoscaler decision: 117.278µs.","knative.dev/key":"default/fastfouriertransform-00001"}
{"severity":"INFO","timestamp":"2026-06-03T07:17:07.422814527Z","logger":"autoscaler","caller":"scaling/autoscaler.go:207","message":"For metric concurrency observed values: stable = 0.6; panic = 0.1; target = 3.5 Desired StablePodCount = 1, PanicPodCount = 1, ReadyEndpointCount = 1, MaxScaleUp = 1000, MaxScaleDown = 0","knative.dev/key":"default/fetchdata-00001"}
{"severity":"INFO","timestamp":"2026-06-03T07:17:07.422827805Z","logger":"autoscaler","caller":"scaling/autoscaler.go:314","message":"Autoscaler: stable=0.635857 panic=0.140911 target=3.500000 pods=%!d(float64=1) desired=1 excessBC=-207.000000","knative.dev/key":"default/fetchdata-00001"}
{"severity":"INFO","timestamp":"2026-06-03T07:17:07.422892379Z","logger":"autoscaler","caller":"scaling/autoscaler.go:318","message":"⏱ Autoscaler decision: 87.574µs.","knative.dev/key":"default/fetchdata-00001"}
{"severity":"INFO","timestamp":"2026-06-03T07:17:07.423265175Z","logger":"autoscaler","caller":"scaling/autoscaler.go:207","message":"For metric concurrency observed values: stable = 0.4; panic = 0.0; target = 3.5 Desired StablePodCount = 1, PanicPodCount = 1, ReadyEndpointCount = 1, MaxScaleUp = 1000, MaxScaleDown = 0","knative.dev/key":"default/genmatrix-00001"}
{"severity":"INFO","timestamp":"2026-06-03T07:17:07.423365489Z","logger":"autoscaler","caller":"scaling/autoscaler.go:314","message":"Autoscaler: stable=0.440171 panic=0.047273 target=3.500000 pods=%!d(float64=1) desired=1 excessBC=-207.000000","knative.dev/key":"default/genmatrix-00001"}
{"severity":"INFO","timestamp":"2026-06-03T07:17:07.423448175Z","logger":"autoscaler","caller":"scaling/autoscaler.go:318","message":"⏱ Autoscaler decision: 262.611µs.","knative.dev/key":"default/genmatrix-00001"}
{"severity":"INFO","timestamp":"2026-06-03T07:17:09.421028759Z","logger":"autoscaler","caller":"scaling/autoscaler.go:207","message":"For metric concurrency observed values: stable = 1.7; panic = 0.9; target = 3.5 Desired StablePodCount = 1, PanicPodCount = 1, ReadyEndpointCount = 2, MaxScaleUp = 2000, MaxScaleDown = 1","knative.dev/key":"default/linpack-00001"}
{"severity":"INFO","timestamp":"2026-06-03T07:17:09.42106437Z","logger":"autoscaler","caller":"scaling/autoscaler.go:258","message":"Skipping pod count decrease from 2 to 1.","knative.dev/key":"default/linpack-00001"}
{"severity":"INFO","timestamp":"2026-06-03T07:17:09.421079722Z","logger":"autoscaler","caller":"scaling/autoscaler.go:314","message":"Autoscaler: stable=1.709447 panic=0.943243 target=3.500000 pods=%!d(float64=2) desired=2 excessBC=-202.000000","knative.dev/key":"default/linpack-00001"}
{"severity":"INFO","timestamp":"2026-06-03T07:17:09.421094629Z","logger":"autoscaler","caller":"scaling/autoscaler.go:318","message":"⏱ Autoscaler decision: 82.333µs.","knative.dev/key":"default/linpack-00001"}
{"severity":"INFO","timestamp":"2026-06-03T07:17:09.421705091Z","logger":"autoscaler","caller":"scaling/autoscaler.go:207","message":"For metric concurrency observed values: stable = 1.3; panic = 1.0; target = 3.5 Desired StablePodCount = 1, PanicPodCount = 1, ReadyEndpointCount = 1, MaxScaleUp = 1000, MaxScaleDown = 0","knative.dev/key":"default/matrixmul-00001"}
{"severity":"INFO","timestamp":"2026-06-03T07:17:09.421737739Z","logger":"autoscaler","caller":"scaling/autoscaler.go:314","message":"Autoscaler: stable=1.282827 panic=1.022523 target=3.500000 pods=%!d(float64=1) desired=1 excessBC=-208.000000","knative.dev/key":"default/matrixmul-00001"}
{"severity":"INFO","timestamp":"2026-06-03T07:17:09.421754276Z","logger":"autoscaler","caller":"scaling/autoscaler.go:318","message":"⏱ Autoscaler decision: 85.629µs.","knative.dev/key":"default/matrixmul-00001"}
{"severity":"INFO","timestamp":"2026-06-03T07:17:09.422946311Z","logger":"autoscaler","caller":"scaling/autoscaler.go:207","message":"For metric concurrency observed values: stable = 0.6; panic = 0.2; target = 3.5 Desired StablePodCount = 1, PanicPodCount = 1, ReadyEndpointCount = 1, MaxScaleUp = 1000, MaxScaleDown = 0","knative.dev/key":"default/fetchdata-00001"}
{"severity":"INFO","timestamp":"2026-06-03T07:17:09.422980052Z","logger":"autoscaler","caller":"scaling/autoscaler.go:314","message":"Autoscaler: stable=0.606211 panic=0.187860 target=3.500000 pods=%!d(float64=1) desired=1 excessBC=-207.000000","knative.dev/key":"default/fetchdata-00001"}
{"severity":"INFO","timestamp":"2026-06-03T07:17:09.422995033Z","logger":"autoscaler","caller":"scaling/autoscaler.go:318","message":"⏱ Autoscaler decision: 78.389µs.","knative.dev/key":"default/fetchdata-00001"}
{"severity":"INFO","timestamp":"2026-06-03T07:17:09.423122756Z","logger":"autoscaler","caller":"scaling/autoscaler.go:207","message":"For metric concurrency observed values: stable = 0.4; panic = 0.2; target = 3.5 Desired StablePodCount = 1, PanicPodCount = 1, ReadyEndpointCount = 1, MaxScaleUp = 1000, MaxScaleDown = 0","knative.dev/key":"default/genmatrix-00001"}
{"severity":"INFO","timestamp":"2026-06-03T07:17:09.423158663Z","logger":"autoscaler","caller":"scaling/autoscaler.go:314","message":"Autoscaler: stable=0.444031 panic=0.203841 target=3.500000 pods=%!d(float64=1) desired=1 excessBC=-207.000000","knative.dev/key":"default/genmatrix-00001"}
{"severity":"INFO","timestamp":"2026-06-03T07:17:09.423171811Z","logger":"autoscaler","caller":"scaling/autoscaler.go:318","message":"⏱ Autoscaler decision: 56.167µs.","knative.dev/key":"default/genmatrix-00001"}
{"severity":"INFO","timestamp":"2026-06-03T07:17:09.423310218Z","logger":"autoscaler","caller":"scaling/autoscaler.go:207","message":"For metric concurrency observed values: stable = 1.2; panic = 0.4; target = 3.5 Desired StablePodCount = 1, PanicPodCount = 1, ReadyEndpointCount = 2, MaxScaleUp = 2000, MaxScaleDown = 1","knative.dev/key":"default/fastfouriertransform-00001"}
{"severity":"INFO","timestamp":"2026-06-03T07:17:09.423325274Z","logger":"autoscaler","caller":"scaling/autoscaler.go:258","message":"Skipping pod count decrease from 2 to 1.","knative.dev/key":"default/fastfouriertransform-00001"}
{"severity":"INFO","timestamp":"2026-06-03T07:17:09.423336274Z","logger":"autoscaler","caller":"scaling/autoscaler.go:314","message":"Autoscaler: stable=1.200454 panic=0.393621 target=3.500000 pods=%!d(float64=2) desired=2 excessBC=-202.000000","knative.dev/key":"default/fastfouriertransform-00001"}
{"severity":"INFO","timestamp":"2026-06-03T07:17:09.423357422Z","logger":"autoscaler","caller":"scaling/autoscaler.go:318","message":"⏱ Autoscaler decision: 49.408µs.","knative.dev/key":"default/fastfouriertransform-00001"}
{"severity":"INFO","timestamp":"2026-06-03T07:17:11.421003691Z","logger":"autoscaler","caller":"scaling/autoscaler.go:207","message":"For metric concurrency observed values: stable = 1.6; panic = 0.7; target = 3.5 Desired StablePodCount = 1, PanicPodCount = 1, ReadyEndpointCount = 2, MaxScaleUp = 2000, MaxScaleDown = 1","knative.dev/key":"default/linpack-00001"}
{"severity":"INFO","timestamp":"2026-06-03T07:17:11.421047173Z","logger":"autoscaler","caller":"scaling/autoscaler.go:258","message":"Skipping pod count decrease from 2 to 1.","knative.dev/key":"default/linpack-00001"}
{"severity":"INFO","timestamp":"2026-06-03T07:17:11.421062173Z","logger":"autoscaler","caller":"scaling/autoscaler.go:314","message":"Autoscaler: stable=1.609661 panic=0.688715 target=3.500000 pods=%!d(float64=2) desired=2 excessBC=-202.000000","knative.dev/key":"default/linpack-00001"}
{"severity":"INFO","timestamp":"2026-06-03T07:17:11.421076173Z","logger":"autoscaler","caller":"scaling/autoscaler.go:318","message":"⏱ Autoscaler decision: 89.741µs.","knative.dev/key":"default/linpack-00001"}
{"severity":"INFO","timestamp":"2026-06-03T07:17:11.421885264Z","logger":"autoscaler","caller":"scaling/autoscaler.go:207","message":"For metric concurrency observed values: stable = 1.3; panic = 1.4; target = 3.5 Desired StablePodCount = 1, PanicPodCount = 1, ReadyEndpointCount = 1, MaxScaleUp = 1000, MaxScaleDown = 0","knative.dev/key":"default/matrixmul-00001"}
{"severity":"INFO","timestamp":"2026-06-03T07:17:11.421920171Z","logger":"autoscaler","caller":"scaling/autoscaler.go:314","message":"Autoscaler: stable=1.305066 panic=1.375782 target=3.500000 pods=%!d(float64=1) desired=1 excessBC=-208.000000","knative.dev/key":"default/matrixmul-00001"}
{"severity":"INFO","timestamp":"2026-06-03T07:17:11.421935819Z","logger":"autoscaler","caller":"scaling/autoscaler.go:318","message":"⏱ Autoscaler decision: 78.944µs.","knative.dev/key":"default/matrixmul-00001"}
{"severity":"INFO","timestamp":"2026-06-03T07:17:11.423070429Z","logger":"autoscaler","caller":"scaling/autoscaler.go:207","message":"For metric concurrency observed values: stable = 0.6; panic = 0.2; target = 3.5 Desired StablePodCount = 1, PanicPodCount = 1, ReadyEndpointCount = 1, MaxScaleUp = 1000, MaxScaleDown = 0","knative.dev/key":"default/fetchdata-00001"}
{"severity":"INFO","timestamp":"2026-06-03T07:17:11.42311354Z","logger":"autoscaler","caller":"scaling/autoscaler.go:314","message":"Autoscaler: stable=0.579724 panic=0.186005 target=3.500000 pods=%!d(float64=1) desired=1 excessBC=-207.000000","knative.dev/key":"default/fetchdata-00001"}
{"severity":"INFO","timestamp":"2026-06-03T07:17:11.423130855Z","logger":"autoscaler","caller":"scaling/autoscaler.go:318","message":"⏱ Autoscaler decision: 94.074µs.","knative.dev/key":"default/fetchdata-00001"}
{"severity":"INFO","timestamp":"2026-06-03T07:17:11.42322041Z","logger":"autoscaler","caller":"scaling/autoscaler.go:207","message":"For metric concurrency observed values: stable = 0.4; panic = 0.2; target = 3.5 Desired StablePodCount = 1, PanicPodCount = 1, ReadyEndpointCount = 1, MaxScaleUp = 1000, MaxScaleDown = 0","knative.dev/key":"default/genmatrix-00001"}
{"severity":"INFO","timestamp":"2026-06-03T07:17:11.423246984Z","logger":"autoscaler","caller":"scaling/autoscaler.go:314","message":"Autoscaler: stable=0.420386 panic=0.221556 target=3.500000 pods=%!d(float64=1) desired=1 excessBC=-207.000000","knative.dev/key":"default/genmatrix-00001"}
{"severity":"INFO","timestamp":"2026-06-03T07:17:11.42326178Z","logger":"autoscaler","caller":"scaling/autoscaler.go:318","message":"⏱ Autoscaler decision: 113.129µs.","knative.dev/key":"default/genmatrix-00001"}
{"severity":"INFO","timestamp":"2026-06-03T07:17:11.42365402Z","logger":"autoscaler","caller":"scaling/autoscaler.go:207","message":"For metric concurrency observed values: stable = 1.2; panic = 0.3; target = 3.5 Desired StablePodCount = 1, PanicPodCount = 1, ReadyEndpointCount = 2, MaxScaleUp = 2000, MaxScaleDown = 1","knative.dev/key":"default/fastfouriertransform-00001"}
{"severity":"INFO","timestamp":"2026-06-03T07:17:11.423672335Z","logger":"autoscaler","caller":"scaling/autoscaler.go:258","message":"Skipping pod count decrease from 2 to 1.","knative.dev/key":"default/fastfouriertransform-00001"}
{"severity":"INFO","timestamp":"2026-06-03T07:17:11.423685428Z","logger":"autoscaler","caller":"scaling/autoscaler.go:314","message":"Autoscaler: stable=1.180924 panic=0.339350 target=3.500000 pods=%!d(float64=2) desired=2 excessBC=-202.000000","knative.dev/key":"default/fastfouriertransform-00001"}
{"severity":"INFO","timestamp":"2026-06-03T07:17:11.423704057Z","logger":"autoscaler","caller":"scaling/autoscaler.go:318","message":"⏱ Autoscaler decision: 62.574µs.","knative.dev/key":"default/fastfouriertransform-00001"}
{"severity":"INFO","timestamp":"2026-06-03T07:17:13.421674604Z","logger":"autoscaler","caller":"scaling/autoscaler.go:207","message":"For metric concurrency observed values: stable = 1.4; panic = 2.2; target = 3.5 Desired StablePodCount = 1, PanicPodCount = 1, ReadyEndpointCount = 1, MaxScaleUp = 1000, MaxScaleDown = 0","knative.dev/key":"default/matrixmul-00001"}
{"severity":"INFO","timestamp":"2026-06-03T07:17:13.42162966Z","logger":"autoscaler","caller":"scaling/autoscaler.go:207","message":"For metric concurrency observed values: stable = 1.5; panic = 0.5; target = 3.5 Desired StablePodCount = 1, PanicPodCount = 1, ReadyEndpointCount = 2, MaxScaleUp = 2000, MaxScaleDown = 1","knative.dev/key":"default/linpack-00001"}
{"severity":"INFO","timestamp":"2026-06-03T07:17:13.421969585Z","logger":"autoscaler","caller":"scaling/autoscaler.go:258","message":"Skipping pod count decrease from 2 to 1.","knative.dev/key":"default/linpack-00001"}
{"severity":"INFO","timestamp":"2026-06-03T07:17:13.422003289Z","logger":"autoscaler","caller":"scaling/autoscaler.go:314","message":"Autoscaler: stable=1.504036 panic=0.526373 target=3.500000 pods=%!d(float64=2) desired=2 excessBC=-202.000000","knative.dev/key":"default/linpack-00001"}
{"severity":"INFO","timestamp":"2026-06-03T07:17:13.422028215Z","logger":"autoscaler","caller":"scaling/autoscaler.go:318","message":"⏱ Autoscaler decision: 432.61µs.","knative.dev/key":"default/linpack-00001"}
{"severity":"INFO","timestamp":"2026-06-03T07:17:13.421713882Z","logger":"autoscaler","caller":"scaling/autoscaler.go:314","message":"Autoscaler: stable=1.425347 panic=2.157790 target=3.500000 pods=%!d(float64=1) desired=1 excessBC=-209.000000","knative.dev/key":"default/matrixmul-00001"}
{"severity":"INFO","timestamp":"2026-06-03T07:17:13.422060918Z","logger":"autoscaler","caller":"scaling/autoscaler.go:318","message":"⏱ Autoscaler decision: 396.537µs.","knative.dev/key":"default/matrixmul-00001"}
{"severity":"INFO","timestamp":"2026-06-03T07:17:13.422420233Z","logger":"autoscaler","caller":"scaling/autoscaler.go:207","message":"For metric concurrency observed values: stable = 1.2; panic = 0.6; target = 3.5 Desired StablePodCount = 1, PanicPodCount = 1, ReadyEndpointCount = 2, MaxScaleUp = 2000, MaxScaleDown = 1","knative.dev/key":"default/fastfouriertransform-00001"}
{"severity":"INFO","timestamp":"2026-06-03T07:17:13.422448677Z","logger":"autoscaler","caller":"scaling/autoscaler.go:258","message":"Skipping pod count decrease from 2 to 1.","knative.dev/key":"default/fastfouriertransform-00001"}
{"severity":"INFO","timestamp":"2026-06-03T07:17:13.422467492Z","logger":"autoscaler","caller":"scaling/autoscaler.go:314","message":"Autoscaler: stable=1.156952 panic=0.607062 target=3.500000 pods=%!d(float64=2) desired=2 excessBC=-202.000000","knative.dev/key":"default/fastfouriertransform-00001"}
{"severity":"INFO","timestamp":"2026-06-03T07:17:13.422485603Z","logger":"autoscaler","caller":"scaling/autoscaler.go:318","message":"⏱ Autoscaler decision: 93.111µs.","knative.dev/key":"default/fastfouriertransform-00001"}
{"severity":"INFO","timestamp":"2026-06-03T07:17:13.422734806Z","logger":"autoscaler","caller":"scaling/autoscaler.go:207","message":"For metric concurrency observed values: stable = 0.6; panic = 0.2; target = 3.5 Desired StablePodCount = 1, PanicPodCount = 1, ReadyEndpointCount = 1, MaxScaleUp = 1000, MaxScaleDown = 0","knative.dev/key":"default/fetchdata-00001"}
{"severity":"INFO","timestamp":"2026-06-03T07:17:13.422773862Z","logger":"autoscaler","caller":"scaling/autoscaler.go:314","message":"Autoscaler: stable=0.556331 panic=0.170771 target=3.500000 pods=%!d(float64=1) desired=1 excessBC=-207.000000","knative.dev/key":"default/fetchdata-00001"}
{"severity":"INFO","timestamp":"2026-06-03T07:17:13.42281788Z","logger":"autoscaler","caller":"scaling/autoscaler.go:318","message":"⏱ Autoscaler decision: 100.148µs.","knative.dev/key":"default/fetchdata-00001"}
{"severity":"INFO","timestamp":"2026-06-03T07:17:13.423193306Z","logger":"autoscaler","caller":"scaling/autoscaler.go:207","message":"For metric concurrency observed values: stable = 0.4; panic = 0.2; target = 3.5 Desired StablePodCount = 1, PanicPodCount = 1, ReadyEndpointCount = 1, MaxScaleUp = 1000, MaxScaleDown = 0","knative.dev/key":"default/genmatrix-00001"}
{"severity":"INFO","timestamp":"2026-06-03T07:17:13.423225028Z","logger":"autoscaler","caller":"scaling/autoscaler.go:314","message":"Autoscaler: stable=0.398049 panic=0.233347 target=3.500000 pods=%!d(float64=1) desired=1 excessBC=-207.000000","knative.dev/key":"default/genmatrix-00001"}
{"severity":"INFO","timestamp":"2026-06-03T07:17:13.423253231Z","logger":"autoscaler","caller":"scaling/autoscaler.go:318","message":"⏱ Autoscaler decision: 98.592µs.","knative.dev/key":"default/genmatrix-00001"}
{"severity":"INFO","timestamp":"2026-06-03T07:17:15.421432537Z","logger":"autoscaler","caller":"scaling/autoscaler.go:207","message":"For metric concurrency observed values: stable = 1.5; panic = 0.2; target = 3.5 Desired StablePodCount = 1, PanicPodCount = 1, ReadyEndpointCount = 2, MaxScaleUp = 2000, MaxScaleDown = 1","knative.dev/key":"default/linpack-00001"}
{"severity":"INFO","timestamp":"2026-06-03T07:17:15.421478278Z","logger":"autoscaler","caller":"scaling/autoscaler.go:258","message":"Skipping pod count decrease from 2 to 1.","knative.dev/key":"default/linpack-00001"}
{"severity":"INFO","timestamp":"2026-06-03T07:17:15.4215005Z","logger":"autoscaler","caller":"scaling/autoscaler.go:314","message":"Autoscaler: stable=1.464808 panic=0.221102 target=3.500000 pods=%!d(float64=2) desired=2 excessBC=-202.000000","knative.dev/key":"default/linpack-00001"}
{"severity":"INFO","timestamp":"2026-06-03T07:17:15.421522833Z","logger":"autoscaler","caller":"scaling/autoscaler.go:318","message":"⏱ Autoscaler decision: 127.093µs.","knative.dev/key":"default/linpack-00001"}
{"severity":"INFO","timestamp":"2026-06-03T07:17:15.421688Z","logger":"autoscaler","caller":"scaling/autoscaler.go:207","message":"For metric concurrency observed values: stable = 1.4; panic = 2.2; target = 3.5 Desired StablePodCount = 1, PanicPodCount = 1, ReadyEndpointCount = 1, MaxScaleUp = 1000, MaxScaleDown = 0","knative.dev/key":"default/matrixmul-00001"}
{"severity":"INFO","timestamp":"2026-06-03T07:17:15.421716704Z","logger":"autoscaler","caller":"scaling/autoscaler.go:314","message":"Autoscaler: stable=1.390644 panic=2.223401 target=3.500000 pods=%!d(float64=1) desired=1 excessBC=-209.000000","knative.dev/key":"default/matrixmul-00001"}
{"severity":"INFO","timestamp":"2026-06-03T07:17:15.421737611Z","logger":"autoscaler","caller":"scaling/autoscaler.go:318","message":"⏱ Autoscaler decision: 63.074µs.","knative.dev/key":"default/matrixmul-00001"}
{"severity":"INFO","timestamp":"2026-06-03T07:17:15.42240348Z","logger":"autoscaler","caller":"scaling/autoscaler.go:207","message":"For metric concurrency observed values: stable = 1.1; panic = 0.5; target = 3.5 Desired StablePodCount = 1, PanicPodCount = 1, ReadyEndpointCount = 2, MaxScaleUp = 2000, MaxScaleDown = 1","knative.dev/key":"default/fastfouriertransform-00001"}
{"severity":"INFO","timestamp":"2026-06-03T07:17:15.422435832Z","logger":"autoscaler","caller":"scaling/autoscaler.go:258","message":"Skipping pod count decrease from 2 to 1.","knative.dev/key":"default/fastfouriertransform-00001"}
{"severity":"INFO","timestamp":"2026-06-03T07:17:15.422455591Z","logger":"autoscaler","caller":"scaling/autoscaler.go:314","message":"Autoscaler: stable=1.110613 panic=0.517667 target=3.500000 pods=%!d(float64=2) desired=2 excessBC=-202.000000","knative.dev/key":"default/fastfouriertransform-00001"}
{"severity":"INFO","timestamp":"2026-06-03T07:17:15.422476351Z","logger":"autoscaler","caller":"scaling/autoscaler.go:318","message":"⏱ Autoscaler decision: 87.833µs.","knative.dev/key":"default/fastfouriertransform-00001"}
{"severity":"INFO","timestamp":"2026-06-03T07:17:15.422761165Z","logger":"autoscaler","caller":"scaling/autoscaler.go:207","message":"For metric concurrency observed values: stable = 0.5; panic = 0.2; target = 3.5 Desired StablePodCount = 1, PanicPodCount = 1, ReadyEndpointCount = 1, MaxScaleUp = 1000, MaxScaleDown = 0","knative.dev/key":"default/fetchdata-00001"}
{"severity":"INFO","timestamp":"2026-06-03T07:17:15.422791109Z","logger":"autoscaler","caller":"scaling/autoscaler.go:314","message":"Autoscaler: stable=0.539741 panic=0.187988 target=3.500000 pods=%!d(float64=1) desired=1 excessBC=-207.000000","knative.dev/key":"default/fetchdata-00001"}
{"severity":"INFO","timestamp":"2026-06-03T07:17:15.422812776Z","logger":"autoscaler","caller":"scaling/autoscaler.go:318","message":"⏱ Autoscaler decision: 69.334µs.","knative.dev/key":"default/fetchdata-00001"}
{"severity":"INFO","timestamp":"2026-06-03T07:17:15.423182072Z","logger":"autoscaler","caller":"scaling/autoscaler.go:207","message":"For metric concurrency observed values: stable = 0.4; panic = 0.0; target = 3.5 Desired StablePodCount = 1, PanicPodCount = 1, ReadyEndpointCount = 1, MaxScaleUp = 1000, MaxScaleDown = 0","knative.dev/key":"default/genmatrix-00001"}
{"severity":"INFO","timestamp":"2026-06-03T07:17:15.423211127Z","logger":"autoscaler","caller":"scaling/autoscaler.go:314","message":"Autoscaler: stable=0.377907 panic=0.024738 target=3.500000 pods=%!d(float64=1) desired=1 excessBC=-207.000000","knative.dev/key":"default/genmatrix-00001"}
{"severity":"INFO","timestamp":"2026-06-03T07:17:15.423231349Z","logger":"autoscaler","caller":"scaling/autoscaler.go:318","message":"⏱ Autoscaler decision: 60.723µs.","knative.dev/key":"default/genmatrix-00001"}
{"severity":"INFO","timestamp":"2026-06-03T07:17:17.421808006Z","logger":"autoscaler","caller":"scaling/autoscaler.go:207","message":"For metric concurrency observed values: stable = 1.3; panic = 1.1; target = 3.5 Desired StablePodCount = 1, PanicPodCount = 1, ReadyEndpointCount = 1, MaxScaleUp = 1000, MaxScaleDown = 0","knative.dev/key":"default/matrixmul-00001"}
{"severity":"INFO","timestamp":"2026-06-03T07:17:17.421865155Z","logger":"autoscaler","caller":"scaling/autoscaler.go:314","message":"Autoscaler: stable=1.349594 panic=1.141840 target=3.500000 pods=%!d(float64=1) desired=1 excessBC=-208.000000","knative.dev/key":"default/matrixmul-00001"}
{"severity":"INFO","timestamp":"2026-06-03T07:17:17.421888729Z","logger":"autoscaler","caller":"scaling/autoscaler.go:318","message":"⏱ Autoscaler decision: 115.24µs.","knative.dev/key":"default/matrixmul-00001"}
{"severity":"INFO","timestamp":"2026-06-03T07:17:17.422175598Z","logger":"autoscaler","caller":"scaling/autoscaler.go:207","message":"For metric concurrency observed values: stable = 1.4; panic = 0.3; target = 3.5 Desired StablePodCount = 1, PanicPodCount = 1, ReadyEndpointCount = 2, MaxScaleUp = 2000, MaxScaleDown = 1","knative.dev/key":"default/linpack-00001"}
{"severity":"INFO","timestamp":"2026-06-03T07:17:17.42222358Z","logger":"autoscaler","caller":"scaling/autoscaler.go:258","message":"Skipping pod count decrease from 2 to 1.","knative.dev/key":"default/linpack-00001"}
{"severity":"INFO","timestamp":"2026-06-03T07:17:17.422245672Z","logger":"autoscaler","caller":"scaling/autoscaler.go:314","message":"Autoscaler: stable=1.397562 panic=0.271925 target=3.500000 pods=%!d(float64=2) desired=2 excessBC=-202.000000","knative.dev/key":"default/linpack-00001"}
{"severity":"INFO","timestamp":"2026-06-03T07:17:17.422264358Z","logger":"autoscaler","caller":"scaling/autoscaler.go:318","message":"⏱ Autoscaler decision: 110.574µs.","knative.dev/key":"default/linpack-00001"}
{"severity":"INFO","timestamp":"2026-06-03T07:17:17.422490524Z","logger":"autoscaler","caller":"scaling/autoscaler.go:207","message":"For metric concurrency observed values: stable = 1.1; panic = 0.5; target = 3.5 Desired StablePodCount = 1, PanicPodCount = 1, ReadyEndpointCount = 2, MaxScaleUp = 2000, MaxScaleDown = 1","knative.dev/key":"default/fastfouriertransform-00001"}
{"severity":"INFO","timestamp":"2026-06-03T07:17:17.422515283Z","logger":"autoscaler","caller":"scaling/autoscaler.go:258","message":"Skipping pod count decrease from 2 to 1.","knative.dev/key":"default/fastfouriertransform-00001"}
{"severity":"INFO","timestamp":"2026-06-03T07:17:17.422541228Z","logger":"autoscaler","caller":"scaling/autoscaler.go:314","message":"Autoscaler: stable=1.080083 panic=0.460160 target=3.500000 pods=%!d(float64=2) desired=2 excessBC=-202.000000","knative.dev/key":"default/fastfouriertransform-00001"}
{"severity":"INFO","timestamp":"2026-06-03T07:17:17.42256319Z","logger":"autoscaler","caller":"scaling/autoscaler.go:318","message":"⏱ Autoscaler decision: 89.981µs.","knative.dev/key":"default/fastfouriertransform-00001"}
{"severity":"INFO","timestamp":"2026-06-03T07:17:17.422741801Z","logger":"autoscaler","caller":"scaling/autoscaler.go:207","message":"For metric concurrency observed values: stable = 0.5; panic = 0.2; target = 3.5 Desired StablePodCount = 1, PanicPodCount = 1, ReadyEndpointCount = 1, MaxScaleUp = 1000, MaxScaleDown = 0","knative.dev/key":"default/fetchdata-00001"}
{"severity":"INFO","timestamp":"2026-06-03T07:17:17.422767635Z","logger":"autoscaler","caller":"scaling/autoscaler.go:314","message":"Autoscaler: stable=0.518767 panic=0.167981 target=3.500000 pods=%!d(float64=1) desired=1 excessBC=-207.000000","knative.dev/key":"default/fetchdata-00001"}
{"severity":"INFO","timestamp":"2026-06-03T07:17:17.422797264Z","logger":"autoscaler","caller":"scaling/autoscaler.go:318","message":"⏱ Autoscaler decision: 69.055µs.","knative.dev/key":"default/fetchdata-00001"}
{"severity":"INFO","timestamp":"2026-06-03T07:17:17.423143708Z","logger":"autoscaler","caller":"scaling/autoscaler.go:207","message":"For metric concurrency observed values: stable = 0.4; panic = 0.0; target = 3.5 Desired StablePodCount = 1, PanicPodCount = 1, ReadyEndpointCount = 1, MaxScaleUp = 1000, MaxScaleDown = 0","knative.dev/key":"default/genmatrix-00001"}
{"severity":"INFO","timestamp":"2026-06-03T07:17:17.423176653Z","logger":"autoscaler","caller":"scaling/autoscaler.go:314","message":"Autoscaler: stable=0.362179 panic=0.040514 target=3.500000 pods=%!d(float64=1) desired=1 excessBC=-207.000000","knative.dev/key":"default/genmatrix-00001"}
{"severity":"INFO","timestamp":"2026-06-03T07:17:17.42319793Z","logger":"autoscaler","caller":"scaling/autoscaler.go:318","message":"⏱ Autoscaler decision: 70.499µs.","knative.dev/key":"default/genmatrix-00001"}
{"severity":"INFO","timestamp":"2026-06-03T07:17:19.421033052Z","logger":"autoscaler","caller":"scaling/autoscaler.go:207","message":"For metric concurrency observed values: stable = 1.4; panic = 0.3; target = 3.5 Desired StablePodCount = 1, PanicPodCount = 1, ReadyEndpointCount = 2, MaxScaleUp = 2000, MaxScaleDown = 1","knative.dev/key":"default/linpack-00001"}
{"severity":"INFO","timestamp":"2026-06-03T07:17:19.421077274Z","logger":"autoscaler","caller":"scaling/autoscaler.go:258","message":"Skipping pod count decrease from 2 to 1.","knative.dev/key":"default/linpack-00001"}
{"severity":"INFO","timestamp":"2026-06-03T07:17:19.421098904Z","logger":"autoscaler","caller":"scaling/autoscaler.go:314","message":"Autoscaler: stable=1.358436 panic=0.310118 target=3.500000 pods=%!d(float64=2) desired=2 excessBC=-202.000000","knative.dev/key":"default/linpack-00001"}
{"severity":"INFO","timestamp":"2026-06-03T07:17:19.421120274Z","logger":"autoscaler","caller":"scaling/autoscaler.go:318","message":"⏱ Autoscaler decision: 108.148µs.","knative.dev/key":"default/linpack-00001"}
{"severity":"INFO","timestamp":"2026-06-03T07:17:19.421695291Z","logger":"autoscaler","caller":"scaling/autoscaler.go:207","message":"For metric concurrency observed values: stable = 1.3; panic = 0.7; target = 3.5 Desired StablePodCount = 1, PanicPodCount = 1, ReadyEndpointCount = 1, MaxScaleUp = 1000, MaxScaleDown = 0","knative.dev/key":"default/matrixmul-00001"}
{"severity":"INFO","timestamp":"2026-06-03T07:17:19.421732199Z","logger":"autoscaler","caller":"scaling/autoscaler.go:314","message":"Autoscaler: stable=1.327696 panic=0.653291 target=3.500000 pods=%!d(float64=1) desired=1 excessBC=-207.000000","knative.dev/key":"default/matrixmul-00001"}
{"severity":"INFO","timestamp":"2026-06-03T07:17:19.421749643Z","logger":"autoscaler","caller":"scaling/autoscaler.go:318","message":"⏱ Autoscaler decision: 84.722µs.","knative.dev/key":"default/matrixmul-00001"}
{"severity":"INFO","timestamp":"2026-06-03T07:17:19.422947734Z","logger":"autoscaler","caller":"scaling/autoscaler.go:207","message":"For metric concurrency observed values: stable = 0.5; panic = 0.3; target = 3.5 Desired StablePodCount = 1, PanicPodCount = 1, ReadyEndpointCount = 1, MaxScaleUp = 1000, MaxScaleDown = 0","knative.dev/key":"default/fetchdata-00001"}
{"severity":"INFO","timestamp":"2026-06-03T07:17:19.422978993Z","logger":"autoscaler","caller":"scaling/autoscaler.go:314","message":"Autoscaler: stable=0.517851 panic=0.300330 target=3.500000 pods=%!d(float64=1) desired=1 excessBC=-207.000000","knative.dev/key":"default/fetchdata-00001"}
{"severity":"INFO","timestamp":"2026-06-03T07:17:19.422998382Z","logger":"autoscaler","caller":"scaling/autoscaler.go:318","message":"⏱ Autoscaler decision: 103.981µs.","knative.dev/key":"default/fetchdata-00001"}
{"severity":"INFO","timestamp":"2026-06-03T07:17:19.423147049Z","logger":"autoscaler","caller":"scaling/autoscaler.go:207","message":"For metric concurrency observed values: stable = 0.3; panic = 0.1; target = 3.5 Desired StablePodCount = 1, PanicPodCount = 1, ReadyEndpointCount = 1, MaxScaleUp = 1000, MaxScaleDown = 0","knative.dev/key":"default/genmatrix-00001"}
{"severity":"INFO","timestamp":"2026-06-03T07:17:19.423172567Z","logger":"autoscaler","caller":"scaling/autoscaler.go:314","message":"Autoscaler: stable=0.346459 panic=0.053858 target=3.500000 pods=%!d(float64=1) desired=1 excessBC=-207.000000","knative.dev/key":"default/genmatrix-00001"}
{"severity":"INFO","timestamp":"2026-06-03T07:17:19.423198845Z","logger":"autoscaler","caller":"scaling/autoscaler.go:318","message":"⏱ Autoscaler decision: 78.908µs.","knative.dev/key":"default/genmatrix-00001"}
{"severity":"INFO","timestamp":"2026-06-03T07:17:19.423428493Z","logger":"autoscaler","caller":"scaling/autoscaler.go:207","message":"For metric concurrency observed values: stable = 1.1; panic = 0.5; target = 3.5 Desired StablePodCount = 1, PanicPodCount = 1, ReadyEndpointCount = 2, MaxScaleUp = 2000, MaxScaleDown = 1","knative.dev/key":"default/fastfouriertransform-00001"}
{"severity":"INFO","timestamp":"2026-06-03T07:17:19.423465233Z","logger":"autoscaler","caller":"scaling/autoscaler.go:258","message":"Skipping pod count decrease from 2 to 1.","knative.dev/key":"default/fastfouriertransform-00001"}
{"severity":"INFO","timestamp":"2026-06-03T07:17:19.423488826Z","logger":"autoscaler","caller":"scaling/autoscaler.go:314","message":"Autoscaler: stable=1.058842 panic=0.456328 target=3.500000 pods=%!d(float64=2) desired=2 excessBC=-202.000000","knative.dev/key":"default/fastfouriertransform-00001"}
{"severity":"INFO","timestamp":"2026-06-03T07:17:19.423507826Z","logger":"autoscaler","caller":"scaling/autoscaler.go:318","message":"⏱ Autoscaler decision: 102.759µs.","knative.dev/key":"default/fastfouriertransform-00001"}
{"severity":"INFO","timestamp":"2026-06-03T07:17:21.421545132Z","logger":"autoscaler","caller":"scaling/autoscaler.go:207","message":"For metric concurrency observed values: stable = 1.4; panic = 0.8; target = 3.5 Desired StablePodCount = 1, PanicPodCount = 1, ReadyEndpointCount = 2, MaxScaleUp = 2000, MaxScaleDown = 1","knative.dev/key":"default/linpack-00001"}
{"severity":"INFO","timestamp":"2026-06-03T07:17:21.42158028Z","logger":"autoscaler","caller":"scaling/autoscaler.go:258","message":"Skipping pod count decrease from 2 to 1.","knative.dev/key":"default/linpack-00001"}
{"severity":"INFO","timestamp":"2026-06-03T07:17:21.421596762Z","logger":"autoscaler","caller":"scaling/autoscaler.go:314","message":"Autoscaler: stable=1.351850 panic=0.776776 target=3.500000 pods=%!d(float64=2) desired=2 excessBC=-202.000000","knative.dev/key":"default/linpack-00001"}
{"severity":"INFO","timestamp":"2026-06-03T07:17:21.421611262Z","logger":"autoscaler","caller":"scaling/autoscaler.go:318","message":"⏱ Autoscaler decision: 92.018µs.","knative.dev/key":"default/linpack-00001"}
{"severity":"INFO","timestamp":"2026-06-03T07:17:21.42163678Z","logger":"autoscaler","caller":"scaling/autoscaler.go:207","message":"For metric concurrency observed values: stable = 1.3; panic = 1.0; target = 3.5 Desired StablePodCount = 1, PanicPodCount = 1, ReadyEndpointCount = 1, MaxScaleUp = 1000, MaxScaleDown = 0","knative.dev/key":"default/matrixmul-00001"}
{"severity":"INFO","timestamp":"2026-06-03T07:17:21.421647262Z","logger":"autoscaler","caller":"scaling/autoscaler.go:314","message":"Autoscaler: stable=1.322364 panic=1.025506 target=3.500000 pods=%!d(float64=1) desired=1 excessBC=-208.000000","knative.dev/key":"default/matrixmul-00001"}
{"severity":"INFO","timestamp":"2026-06-03T07:17:21.421657799Z","logger":"autoscaler","caller":"scaling/autoscaler.go:318","message":"⏱ Autoscaler decision: 30µs.","knative.dev/key":"default/matrixmul-00001"}
{"severity":"INFO","timestamp":"2026-06-03T07:17:21.423333444Z","logger":"autoscaler","caller":"scaling/autoscaler.go:207","message":"For metric concurrency observed values: stable = 0.3; panic = 0.0; target = 3.5 Desired StablePodCount = 1, PanicPodCount = 1, ReadyEndpointCount = 1, MaxScaleUp = 1000, MaxScaleDown = 0","knative.dev/key":"default/genmatrix-00001"}
{"severity":"INFO","timestamp":"2026-06-03T07:17:21.423364407Z","logger":"autoscaler","caller":"scaling/autoscaler.go:314","message":"Autoscaler: stable=0.331889 panic=0.042637 target=3.500000 pods=%!d(float64=1) desired=1 excessBC=-207.000000","knative.dev/key":"default/genmatrix-00001"}
{"severity":"INFO","timestamp":"2026-06-03T07:17:21.423379259Z","logger":"autoscaler","caller":"scaling/autoscaler.go:318","message":"⏱ Autoscaler decision: 66.87µs.","knative.dev/key":"default/genmatrix-00001"}
{"severity":"INFO","timestamp":"2026-06-03T07:17:21.423691684Z","logger":"autoscaler","caller":"scaling/autoscaler.go:207","message":"For metric concurrency observed values: stable = 1.0; panic = 0.5; target = 3.5 Desired StablePodCount = 1, PanicPodCount = 1, ReadyEndpointCount = 2, MaxScaleUp = 2000, MaxScaleDown = 1","knative.dev/key":"default/fastfouriertransform-00001"}
{"severity":"INFO","timestamp":"2026-06-03T07:17:21.423713944Z","logger":"autoscaler","caller":"scaling/autoscaler.go:258","message":"Skipping pod count decrease from 2 to 1.","knative.dev/key":"default/fastfouriertransform-00001"}
{"severity":"INFO","timestamp":"2026-06-03T07:17:21.423728425Z","logger":"autoscaler","caller":"scaling/autoscaler.go:314","message":"Autoscaler: stable=1.011276 panic=0.458571 target=3.500000 pods=%!d(float64=2) desired=2 excessBC=-202.000000","knative.dev/key":"default/fastfouriertransform-00001"}
{"severity":"INFO","timestamp":"2026-06-03T07:17:21.42375024Z","logger":"autoscaler","caller":"scaling/autoscaler.go:318","message":"⏱ Autoscaler decision: 69.574µs.","knative.dev/key":"default/fastfouriertransform-00001"}
{"severity":"INFO","timestamp":"2026-06-03T07:17:21.423781555Z","logger":"autoscaler","caller":"scaling/autoscaler.go:207","message":"For metric concurrency observed values: stable = 0.5; panic = 0.3; target = 3.5 Desired StablePodCount = 1, PanicPodCount = 1, ReadyEndpointCount = 1, MaxScaleUp = 1000, MaxScaleDown = 0","knative.dev/key":"default/fetchdata-00001"}
{"severity":"INFO","timestamp":"2026-06-03T07:17:21.423792481Z","logger":"autoscaler","caller":"scaling/autoscaler.go:314","message":"Autoscaler: stable=0.504067 panic=0.323242 target=3.500000 pods=%!d(float64=1) desired=1 excessBC=-207.000000","knative.dev/key":"default/fetchdata-00001"}
{"severity":"INFO","timestamp":"2026-06-03T07:17:21.423802592Z","logger":"autoscaler","caller":"scaling/autoscaler.go:318","message":"⏱ Autoscaler decision: 30.685µs.","knative.dev/key":"default/fetchdata-00001"}
{"severity":"INFO","timestamp":"2026-06-03T07:17:23.421391991Z","logger":"autoscaler","caller":"scaling/autoscaler.go:207","message":"For metric concurrency observed values: stable = 1.3; panic = 0.6; target = 3.5 Desired StablePodCount = 1, PanicPodCount = 1, ReadyEndpointCount = 2, MaxScaleUp = 2000, MaxScaleDown = 1","knative.dev/key":"default/linpack-00001"}
{"severity":"INFO","timestamp":"2026-06-03T07:17:23.421571973Z","logger":"autoscaler","caller":"scaling/autoscaler.go:258","message":"Skipping pod count decrease from 2 to 1.","knative.dev/key":"default/linpack-00001"}
{"severity":"INFO","timestamp":"2026-06-03T07:17:23.421588269Z","logger":"autoscaler","caller":"scaling/autoscaler.go:314","message":"Autoscaler: stable=1.306912 panic=0.628719 target=3.500000 pods=%!d(float64=2) desired=2 excessBC=-202.000000","knative.dev/key":"default/linpack-00001"}
{"severity":"INFO","timestamp":"2026-06-03T07:17:23.421608584Z","logger":"autoscaler","caller":"scaling/autoscaler.go:318","message":"⏱ Autoscaler decision: 236.87µs.","knative.dev/key":"default/linpack-00001"}
{"severity":"INFO","timestamp":"2026-06-03T07:17:23.421641843Z","logger":"autoscaler","caller":"scaling/autoscaler.go:207","message":"For metric concurrency observed values: stable = 1.3; panic = 0.9; target = 3.5 Desired StablePodCount = 1, PanicPodCount = 1, ReadyEndpointCount = 1, MaxScaleUp = 1000, MaxScaleDown = 0","knative.dev/key":"default/matrixmul-00001"}
{"severity":"INFO","timestamp":"2026-06-03T07:17:23.421653491Z","logger":"autoscaler","caller":"scaling/autoscaler.go:314","message":"Autoscaler: stable=1.290340 panic=0.871719 target=3.500000 pods=%!d(float64=1) desired=1 excessBC=-207.000000","knative.dev/key":"default/matrixmul-00001"}
{"severity":"INFO","timestamp":"2026-06-03T07:17:23.421664232Z","logger":"autoscaler","caller":"scaling/autoscaler.go:318","message":"⏱ Autoscaler decision: 33.351µs.","knative.dev/key":"default/matrixmul-00001"}
{"severity":"INFO","timestamp":"2026-06-03T07:17:23.423164044Z","logger":"autoscaler","caller":"scaling/autoscaler.go:207","message":"For metric concurrency observed values: stable = 0.3; panic = 0.0; target = 3.5 Desired StablePodCount = 1, PanicPodCount = 1, ReadyEndpointCount = 1, MaxScaleUp = 1000, MaxScaleDown = 0","knative.dev/key":"default/genmatrix-00001"}
{"severity":"INFO","timestamp":"2026-06-03T07:17:23.423193766Z","logger":"autoscaler","caller":"scaling/autoscaler.go:314","message":"Autoscaler: stable=0.319019 panic=0.041889 target=3.500000 pods=%!d(float64=1) desired=1 excessBC=-207.000000","knative.dev/key":"default/genmatrix-00001"}
{"severity":"INFO","timestamp":"2026-06-03T07:17:23.423210118Z","logger":"autoscaler","caller":"scaling/autoscaler.go:318","message":"⏱ Autoscaler decision: 56.537µs.","knative.dev/key":"default/genmatrix-00001"}
{"severity":"INFO","timestamp":"2026-06-03T07:17:23.423522266Z","logger":"autoscaler","caller":"scaling/autoscaler.go:207","message":"For metric concurrency observed values: stable = 1.0; panic = 0.2; target = 3.5 Desired StablePodCount = 1, PanicPodCount = 1, ReadyEndpointCount = 2, MaxScaleUp = 2000, MaxScaleDown = 1","knative.dev/key":"default/fastfouriertransform-00001"}
{"severity":"INFO","timestamp":"2026-06-03T07:17:23.423542395Z","logger":"autoscaler","caller":"scaling/autoscaler.go:258","message":"Skipping pod count decrease from 2 to 1.","knative.dev/key":"default/fastfouriertransform-00001"}
{"severity":"INFO","timestamp":"2026-06-03T07:17:23.423560155Z","logger":"autoscaler","caller":"scaling/autoscaler.go:314","message":"Autoscaler: stable=0.982386 panic=0.210480 target=3.500000 pods=%!d(float64=2) desired=2 excessBC=-202.000000","knative.dev/key":"default/fastfouriertransform-00001"}
{"severity":"INFO","timestamp":"2026-06-03T07:17:23.423579081Z","logger":"autoscaler","caller":"scaling/autoscaler.go:318","message":"⏱ Autoscaler decision: 66.482µs.","knative.dev/key":"default/fastfouriertransform-00001"}
{"severity":"INFO","timestamp":"2026-06-03T07:17:23.423601284Z","logger":"autoscaler","caller":"scaling/autoscaler.go:207","message":"For metric concurrency observed values: stable = 0.5; panic = 0.3; target = 3.5 Desired StablePodCount = 1, PanicPodCount = 1, ReadyEndpointCount = 1, MaxScaleUp = 1000, MaxScaleDown = 0","knative.dev/key":"default/fetchdata-00001"}
{"severity":"INFO","timestamp":"2026-06-03T07:17:23.423610599Z","logger":"autoscaler","caller":"scaling/autoscaler.go:314","message":"Autoscaler: stable=0.483439 panic=0.304573 target=3.500000 pods=%!d(float64=1) desired=1 excessBC=-207.000000","knative.dev/key":"default/fetchdata-00001"}
{"severity":"INFO","timestamp":"2026-06-03T07:17:23.423621155Z","logger":"autoscaler","caller":"scaling/autoscaler.go:318","message":"⏱ Autoscaler decision: 27.037µs.","knative.dev/key":"default/fetchdata-00001"}
{"severity":"INFO","timestamp":"2026-06-03T07:17:25.421755535Z","logger":"autoscaler","caller":"scaling/autoscaler.go:207","message":"For metric concurrency observed values: stable = 1.3; panic = 0.7; target = 3.5 Desired StablePodCount = 1, PanicPodCount = 1, ReadyEndpointCount = 1, MaxScaleUp = 1000, MaxScaleDown = 0","knative.dev/key":"default/matrixmul-00001"}
{"severity":"INFO","timestamp":"2026-06-03T07:17:25.421810591Z","logger":"autoscaler","caller":"scaling/autoscaler.go:314","message":"Autoscaler: stable=1.264632 panic=0.657674 target=3.500000 pods=%!d(float64=1) desired=1 excessBC=-207.000000","knative.dev/key":"default/matrixmul-00001"}
{"severity":"INFO","timestamp":"2026-06-03T07:17:25.421834146Z","logger":"autoscaler","caller":"scaling/autoscaler.go:318","message":"⏱ Autoscaler decision: 118.926µs.","knative.dev/key":"default/matrixmul-00001"}
{"severity":"INFO","timestamp":"2026-06-03T07:17:25.422124701Z","logger":"autoscaler","caller":"scaling/autoscaler.go:207","message":"For metric concurrency observed values: stable = 1.3; panic = 0.7; target = 3.5 Desired StablePodCount = 1, PanicPodCount = 1, ReadyEndpointCount = 2, MaxScaleUp = 2000, MaxScaleDown = 1","knative.dev/key":"default/linpack-00001"}
{"severity":"INFO","timestamp":"2026-06-03T07:17:25.422177109Z","logger":"autoscaler","caller":"scaling/autoscaler.go:258","message":"Skipping pod count decrease from 2 to 1.","knative.dev/key":"default/linpack-00001"}
{"severity":"INFO","timestamp":"2026-06-03T07:17:25.42219846Z","logger":"autoscaler","caller":"scaling/autoscaler.go:314","message":"Autoscaler: stable=1.282015 panic=0.716766 target=3.500000 pods=%!d(float64=2) desired=2 excessBC=-202.000000","knative.dev/key":"default/linpack-00001"}
{"severity":"INFO","timestamp":"2026-06-03T07:17:25.422219497Z","logger":"autoscaler","caller":"scaling/autoscaler.go:318","message":"⏱ Autoscaler decision: 113.722µs.","knative.dev/key":"default/linpack-00001"}
{"severity":"INFO","timestamp":"2026-06-03T07:17:25.422589719Z","logger":"autoscaler","caller":"scaling/autoscaler.go:207","message":"For metric concurrency observed values: stable = 1.0; panic = 0.4; target = 3.5 Desired StablePodCount = 1, PanicPodCount = 1, ReadyEndpointCount = 2, MaxScaleUp = 2000, MaxScaleDown = 1","knative.dev/key":"default/fastfouriertransform-00001"}
{"severity":"INFO","timestamp":"2026-06-03T07:17:25.422615404Z","logger":"autoscaler","caller":"scaling/autoscaler.go:258","message":"Skipping pod count decrease from 2 to 1.","knative.dev/key":"default/fastfouriertransform-00001"}
{"severity":"INFO","timestamp":"2026-06-03T07:17:25.422633386Z","logger":"autoscaler","caller":"scaling/autoscaler.go:314","message":"Autoscaler: stable=0.966742 panic=0.384023 target=3.500000 pods=%!d(float64=2) desired=2 excessBC=-202.000000","knative.dev/key":"default/fastfouriertransform-00001"}
{"severity":"INFO","timestamp":"2026-06-03T07:17:25.422650201Z","logger":"autoscaler","caller":"scaling/autoscaler.go:318","message":"⏱ Autoscaler decision: 86.926µs.","knative.dev/key":"default/fastfouriertransform-00001"}
{"severity":"INFO","timestamp":"2026-06-03T07:17:25.42273533Z","logger":"autoscaler","caller":"scaling/autoscaler.go:207","message":"For metric concurrency observed values: stable = 0.5; panic = 0.2; target = 3.5 Desired StablePodCount = 1, PanicPodCount = 1, ReadyEndpointCount = 1, MaxScaleUp = 1000, MaxScaleDown = 0","knative.dev/key":"default/fetchdata-00001"}
{"severity":"INFO","timestamp":"2026-06-03T07:17:25.422754071Z","logger":"autoscaler","caller":"scaling/autoscaler.go:314","message":"Autoscaler: stable=0.471304 panic=0.166164 target=3.500000 pods=%!d(float64=1) desired=1 excessBC=-207.000000","knative.dev/key":"default/fetchdata-00001"}
{"severity":"INFO","timestamp":"2026-06-03T07:17:25.42276646Z","logger":"autoscaler","caller":"scaling/autoscaler.go:318","message":"⏱ Autoscaler decision: 44.204µs.","knative.dev/key":"default/fetchdata-00001"}
{"severity":"INFO","timestamp":"2026-06-03T07:17:25.423163644Z","logger":"autoscaler","caller":"scaling/autoscaler.go:207","message":"For metric concurrency observed values: stable = 0.3; panic = 0.0; target = 3.5 Desired StablePodCount = 1, PanicPodCount = 1, ReadyEndpointCount = 1, MaxScaleUp = 1000, MaxScaleDown = 0","knative.dev/key":"default/genmatrix-00001"}
{"severity":"INFO","timestamp":"2026-06-03T07:17:25.423190089Z","logger":"autoscaler","caller":"scaling/autoscaler.go:314","message":"Autoscaler: stable=0.306691 panic=0.035951 target=3.500000 pods=%!d(float64=1) desired=1 excessBC=-207.000000","knative.dev/key":"default/genmatrix-00001"}
{"severity":"INFO","timestamp":"2026-06-03T07:17:25.423210274Z","logger":"autoscaler","caller":"scaling/autoscaler.go:318","message":"⏱ Autoscaler decision: 63.037µs.","knative.dev/key":"default/genmatrix-00001"}
{"severity":"INFO","timestamp":"2026-06-03T07:17:27.42199682Z","logger":"autoscaler","caller":"scaling/autoscaler.go:207","message":"For metric concurrency observed values: stable = 1.3; panic = 0.5; target = 3.5 Desired StablePodCount = 1, PanicPodCount = 1, ReadyEndpointCount = 2, MaxScaleUp = 2000, MaxScaleDown = 1","knative.dev/key":"default/linpack-00001"}
{"severity":"INFO","timestamp":"2026-06-03T07:17:27.422048616Z","logger":"autoscaler","caller":"scaling/autoscaler.go:258","message":"Skipping pod count decrease from 2 to 1.","knative.dev/key":"default/linpack-00001"}
{"severity":"INFO","timestamp":"2026-06-03T07:17:27.42207269Z","logger":"autoscaler","caller":"scaling/autoscaler.go:314","message":"Autoscaler: stable=1.254420 panic=0.534470 target=3.500000 pods=%!d(float64=2) desired=2 excessBC=-202.000000","knative.dev/key":"default/linpack-00001"}
{"severity":"INFO","timestamp":"2026-06-03T07:17:27.422093264Z","logger":"autoscaler","caller":"scaling/autoscaler.go:318","message":"⏱ Autoscaler decision: 109.204µs.","knative.dev/key":"default/linpack-00001"}
{"severity":"INFO","timestamp":"2026-06-03T07:17:27.421776765Z","logger":"autoscaler","caller":"scaling/autoscaler.go:207","message":"For metric concurrency observed values: stable = 1.2; panic = 0.6; target = 3.5 Desired StablePodCount = 1, PanicPodCount = 1, ReadyEndpointCount = 1, MaxScaleUp = 1000, MaxScaleDown = 0","knative.dev/key":"default/matrixmul-00001"}
{"severity":"INFO","timestamp":"2026-06-03T07:17:27.42212495Z","logger":"autoscaler","caller":"scaling/autoscaler.go:314","message":"Autoscaler: stable=1.226759 panic=0.589801 target=3.500000 pods=%!d(float64=1) desired=1 excessBC=-207.000000","knative.dev/key":"default/matrixmul-00001"}
{"severity":"INFO","timestamp":"2026-06-03T07:17:27.422159005Z","logger":"autoscaler","caller":"scaling/autoscaler.go:318","message":"⏱ Autoscaler decision: 415.61µs.","knative.dev/key":"default/matrixmul-00001"}
{"severity":"INFO","timestamp":"2026-06-03T07:17:27.422499116Z","logger":"autoscaler","caller":"scaling/autoscaler.go:207","message":"For metric concurrency observed values: stable = 0.9; panic = 0.4; target = 3.5 Desired StablePodCount = 1, PanicPodCount = 1, ReadyEndpointCount = 2, MaxScaleUp = 2000, MaxScaleDown = 1","knative.dev/key":"default/fastfouriertransform-00001"}
{"severity":"INFO","timestamp":"2026-06-03T07:17:27.422528134Z","logger":"autoscaler","caller":"scaling/autoscaler.go:258","message":"Skipping pod count decrease from 2 to 1.","knative.dev/key":"default/fastfouriertransform-00001"}
{"severity":"INFO","timestamp":"2026-06-03T07:17:27.422546467Z","logger":"autoscaler","caller":"scaling/autoscaler.go:314","message":"Autoscaler: stable=0.928602 panic=0.380392 target=3.500000 pods=%!d(float64=2) desired=2 excessBC=-202.000000","knative.dev/key":"default/fastfouriertransform-00001"}
{"severity":"INFO","timestamp":"2026-06-03T07:17:27.422569616Z","logger":"autoscaler","caller":"scaling/autoscaler.go:318","message":"⏱ Autoscaler decision: 92.204µs.","knative.dev/key":"default/fastfouriertransform-00001"}
{"severity":"INFO","timestamp":"2026-06-03T07:17:27.422729356Z","logger":"autoscaler","caller":"scaling/autoscaler.go:207","message":"For metric concurrency observed values: stable = 0.5; panic = 0.2; target = 3.5 Desired StablePodCount = 1, PanicPodCount = 1, ReadyEndpointCount = 1, MaxScaleUp = 1000, MaxScaleDown = 0","knative.dev/key":"default/fetchdata-00001"}
{"severity":"INFO","timestamp":"2026-06-03T07:17:27.422758152Z","logger":"autoscaler","caller":"scaling/autoscaler.go:314","message":"Autoscaler: stable=0.462182 panic=0.188943 target=3.500000 pods=%!d(float64=1) desired=1 excessBC=-207.000000","knative.dev/key":"default/fetchdata-00001"}
{"severity":"INFO","timestamp":"2026-06-03T07:17:27.4227808Z","logger":"autoscaler","caller":"scaling/autoscaler.go:318","message":"⏱ Autoscaler decision: 63.907µs.","knative.dev/key":"default/fetchdata-00001"}
{"severity":"INFO","timestamp":"2026-06-03T07:17:27.423168559Z","logger":"autoscaler","caller":"scaling/autoscaler.go:207","message":"For metric concurrency observed values: stable = 0.3; panic = 0.0; target = 3.5 Desired StablePodCount = 1, PanicPodCount = 1, ReadyEndpointCount = 1, MaxScaleUp = 1000, MaxScaleDown = 0","knative.dev/key":"default/genmatrix-00001"}
{"severity":"INFO","timestamp":"2026-06-03T07:17:27.423221911Z","logger":"autoscaler","caller":"scaling/autoscaler.go:314","message":"Autoscaler: stable=0.296385 panic=0.036568 target=3.500000 pods=%!d(float64=1) desired=1 excessBC=-207.000000","knative.dev/key":"default/genmatrix-00001"}
{"severity":"INFO","timestamp":"2026-06-03T07:17:27.423245855Z","logger":"autoscaler","caller":"scaling/autoscaler.go:318","message":"⏱ Autoscaler decision: 93.481µs.","knative.dev/key":"default/genmatrix-00001"}
{"severity":"INFO","timestamp":"2026-06-03T07:17:29.421488606Z","logger":"autoscaler","caller":"scaling/autoscaler.go:207","message":"For metric concurrency observed values: stable = 1.2; panic = 0.4; target = 3.5 Desired StablePodCount = 1, PanicPodCount = 1, ReadyEndpointCount = 2, MaxScaleUp = 2000, MaxScaleDown = 1","knative.dev/key":"default/linpack-00001"}
{"severity":"INFO","timestamp":"2026-06-03T07:17:29.42153805Z","logger":"autoscaler","caller":"scaling/autoscaler.go:258","message":"Skipping pod count decrease from 2 to 1.","knative.dev/key":"default/linpack-00001"}
{"severity":"INFO","timestamp":"2026-06-03T07:17:29.42156118Z","logger":"autoscaler","caller":"scaling/autoscaler.go:314","message":"Autoscaler: stable=1.208049 panic=0.403261 target=3.500000 pods=%!d(float64=2) desired=2 excessBC=-202.000000","knative.dev/key":"default/linpack-00001"}
{"severity":"INFO","timestamp":"2026-06-03T07:17:29.421585884Z","logger":"autoscaler","caller":"scaling/autoscaler.go:318","message":"⏱ Autoscaler decision: 335.092µs.","knative.dev/key":"default/linpack-00001"}
{"severity":"INFO","timestamp":"2026-06-03T07:17:29.421623217Z","logger":"autoscaler","caller":"scaling/autoscaler.go:207","message":"For metric concurrency observed values: stable = 1.2; panic = 1.0; target = 3.5 Desired StablePodCount = 1, PanicPodCount = 1, ReadyEndpointCount = 1, MaxScaleUp = 1000, MaxScaleDown = 0","knative.dev/key":"default/matrixmul-00001"}
{"severity":"INFO","timestamp":"2026-06-03T07:17:29.421638624Z","logger":"autoscaler","caller":"scaling/autoscaler.go:314","message":"Autoscaler: stable=1.242069 panic=1.041017 target=3.500000 pods=%!d(float64=1) desired=1 excessBC=-208.000000","knative.dev/key":"default/matrixmul-00001"}
{"severity":"INFO","timestamp":"2026-06-03T07:17:29.421654995Z","logger":"autoscaler","caller":"scaling/autoscaler.go:318","message":"⏱ Autoscaler decision: 43.185µs.","knative.dev/key":"default/matrixmul-00001"}
{"severity":"INFO","timestamp":"2026-06-03T07:17:29.42307277Z","logger":"autoscaler","caller":"scaling/autoscaler.go:207","message":"For metric concurrency observed values: stable = 0.5; panic = 0.3; target = 3.5 Desired StablePodCount = 1, PanicPodCount = 1, ReadyEndpointCount = 1, MaxScaleUp = 1000, MaxScaleDown = 0","knative.dev/key":"default/fetchdata-00001"}
{"severity":"INFO","timestamp":"2026-06-03T07:17:29.423107159Z","logger":"autoscaler","caller":"scaling/autoscaler.go:314","message":"Autoscaler: stable=0.463665 panic=0.346860 target=3.500000 pods=%!d(float64=1) desired=1 excessBC=-207.000000","knative.dev/key":"default/fetchdata-00001"}
{"severity":"INFO","timestamp":"2026-06-03T07:17:29.423126548Z","logger":"autoscaler","caller":"scaling/autoscaler.go:318","message":"⏱ Autoscaler decision: 77.463µs.","knative.dev/key":"default/fetchdata-00001"}
{"severity":"INFO","timestamp":"2026-06-03T07:17:29.423160215Z","logger":"autoscaler","caller":"scaling/autoscaler.go:207","message":"For metric concurrency observed values: stable = 0.3; panic = 0.1; target = 3.5 Desired StablePodCount = 1, PanicPodCount = 1, ReadyEndpointCount = 1, MaxScaleUp = 1000, MaxScaleDown = 0","knative.dev/key":"default/genmatrix-00001"}
{"severity":"INFO","timestamp":"2026-06-03T07:17:29.423176066Z","logger":"autoscaler","caller":"scaling/autoscaler.go:314","message":"Autoscaler: stable=0.286999 panic=0.050201 target=3.500000 pods=%!d(float64=1) desired=1 excessBC=-207.000000","knative.dev/key":"default/genmatrix-00001"}
{"severity":"INFO","timestamp":"2026-06-03T07:17:29.423193437Z","logger":"autoscaler","caller":"scaling/autoscaler.go:318","message":"⏱ Autoscaler decision: 43.314µs.","knative.dev/key":"default/genmatrix-00001"}
{"severity":"INFO","timestamp":"2026-06-03T07:17:29.423576936Z","logger":"autoscaler","caller":"scaling/autoscaler.go:207","message":"For metric concurrency observed values: stable = 0.9; panic = 0.2; target = 3.5 Desired StablePodCount = 1, PanicPodCount = 1, ReadyEndpointCount = 2, MaxScaleUp = 2000, MaxScaleDown = 1","knative.dev/key":"default/fastfouriertransform-00001"}
{"severity":"INFO","timestamp":"2026-06-03T07:17:29.423604344Z","logger":"autoscaler","caller":"scaling/autoscaler.go:258","message":"Skipping pod count decrease from 2 to 1.","knative.dev/key":"default/fastfouriertransform-00001"}
{"severity":"INFO","timestamp":"2026-06-03T07:17:29.423637158Z","logger":"autoscaler","caller":"scaling/autoscaler.go:314","message":"Autoscaler: stable=0.906047 panic=0.150259 target=3.500000 pods=%!d(float64=2) desired=2 excessBC=-202.000000","knative.dev/key":"default/fastfouriertransform-00001"}
{"severity":"INFO","timestamp":"2026-06-03T07:17:29.423662992Z","logger":"autoscaler","caller":"scaling/autoscaler.go:318","message":"⏱ Autoscaler decision: 101.556µs.","knative.dev/key":"default/fastfouriertransform-00001"}
{"severity":"INFO","timestamp":"2026-06-03T07:17:31.421091244Z","logger":"autoscaler","caller":"scaling/autoscaler.go:207","message":"For metric concurrency observed values: stable = 1.2; panic = 0.4; target = 3.5 Desired StablePodCount = 1, PanicPodCount = 1, ReadyEndpointCount = 2, MaxScaleUp = 2000, MaxScaleDown = 1","knative.dev/key":"default/linpack-00001"}
{"severity":"INFO","timestamp":"2026-06-03T07:17:31.421141503Z","logger":"autoscaler","caller":"scaling/autoscaler.go:258","message":"Skipping pod count decrease from 2 to 1.","knative.dev/key":"default/linpack-00001"}
{"severity":"INFO","timestamp":"2026-06-03T07:17:31.421166651Z","logger":"autoscaler","caller":"scaling/autoscaler.go:314","message":"Autoscaler: stable=1.189912 panic=0.428317 target=3.500000 pods=%!d(float64=2) desired=2 excessBC=-202.000000","knative.dev/key":"default/linpack-00001"}
{"severity":"INFO","timestamp":"2026-06-03T07:17:31.421189281Z","logger":"autoscaler","caller":"scaling/autoscaler.go:318","message":"⏱ Autoscaler decision: 136.945µs.","knative.dev/key":"default/linpack-00001"}
{"severity":"INFO","timestamp":"2026-06-03T07:17:31.421927557Z","logger":"autoscaler","caller":"scaling/autoscaler.go:207","message":"For metric concurrency observed values: stable = 1.3; panic = 1.5; target = 3.5 Desired StablePodCount = 1, PanicPodCount = 1, ReadyEndpointCount = 1, MaxScaleUp = 1000, MaxScaleDown = 0","knative.dev/key":"default/matrixmul-00001"}
{"severity":"INFO","timestamp":"2026-06-03T07:17:31.42196615Z","logger":"autoscaler","caller":"scaling/autoscaler.go:314","message":"Autoscaler: stable=1.270318 panic=1.469026 target=3.500000 pods=%!d(float64=1) desired=1 excessBC=-208.000000","knative.dev/key":"default/matrixmul-00001"}
{"severity":"INFO","timestamp":"2026-06-03T07:17:31.421988687Z","logger":"autoscaler","caller":"scaling/autoscaler.go:318","message":"⏱ Autoscaler decision: 92.13µs.","knative.dev/key":"default/matrixmul-00001"}
{"severity":"INFO","timestamp":"2026-06-03T07:17:31.423166796Z","logger":"autoscaler","caller":"scaling/autoscaler.go:207","message":"For metric concurrency observed values: stable = 0.3; panic = 0.1; target = 3.5 Desired StablePodCount = 1, PanicPodCount = 1, ReadyEndpointCount = 1, MaxScaleUp = 1000, MaxScaleDown = 0","knative.dev/key":"default/genmatrix-00001"}
{"severity":"INFO","timestamp":"2026-06-03T07:17:31.423198648Z","logger":"autoscaler","caller":"scaling/autoscaler.go:314","message":"Autoscaler: stable=0.277521 panic=0.050801 target=3.500000 pods=%!d(float64=1) desired=1 excessBC=-207.000000","knative.dev/key":"default/genmatrix-00001"}
{"severity":"INFO","timestamp":"2026-06-03T07:17:31.423233037Z","logger":"autoscaler","caller":"scaling/autoscaler.go:318","message":"⏱ Autoscaler decision: 86.111µs.","knative.dev/key":"default/genmatrix-00001"}
{"severity":"INFO","timestamp":"2026-06-03T07:17:31.423731166Z","logger":"autoscaler","caller":"scaling/autoscaler.go:207","message":"For metric concurrency observed values: stable = 0.9; panic = 0.6; target = 3.5 Desired StablePodCount = 1, PanicPodCount = 1, ReadyEndpointCount = 2, MaxScaleUp = 2000, MaxScaleDown = 1","knative.dev/key":"default/fastfouriertransform-00001"}
{"severity":"INFO","timestamp":"2026-06-03T07:17:31.423757721Z","logger":"autoscaler","caller":"scaling/autoscaler.go:258","message":"Skipping pod count decrease from 2 to 1.","knative.dev/key":"default/fastfouriertransform-00001"}
{"severity":"INFO","timestamp":"2026-06-03T07:17:31.423786888Z","logger":"autoscaler","caller":"scaling/autoscaler.go:314","message":"Autoscaler: stable=0.916546 panic=0.615246 target=3.500000 pods=%!d(float64=2) desired=2 excessBC=-202.000000","knative.dev/key":"default/fastfouriertransform-00001"}
{"severity":"INFO","timestamp":"2026-06-03T07:17:31.423810018Z","logger":"autoscaler","caller":"scaling/autoscaler.go:318","message":"⏱ Autoscaler decision: 93.444µs.","knative.dev/key":"default/fastfouriertransform-00001"}
{"severity":"INFO","timestamp":"2026-06-03T07:17:31.423921573Z","logger":"autoscaler","caller":"scaling/autoscaler.go:207","message":"For metric concurrency observed values: stable = 0.4; panic = 0.3; target = 3.5 Desired StablePodCount = 1, PanicPodCount = 1, ReadyEndpointCount = 1, MaxScaleUp = 1000, MaxScaleDown = 0","knative.dev/key":"default/fetchdata-00001"}
{"severity":"INFO","timestamp":"2026-06-03T07:17:31.42398761Z","logger":"autoscaler","caller":"scaling/autoscaler.go:314","message":"Autoscaler: stable=0.449931 panic=0.285650 target=3.500000 pods=%!d(float64=1) desired=1 excessBC=-207.000000","knative.dev/key":"default/fetchdata-00001"}
{"severity":"INFO","timestamp":"2026-06-03T07:17:31.424013258Z","logger":"autoscaler","caller":"scaling/autoscaler.go:318","message":"⏱ Autoscaler decision: 180.722µs.","knative.dev/key":"default/fetchdata-00001"}
{"severity":"INFO","timestamp":"2026-06-03T07:17:33.421926917Z","logger":"autoscaler","caller":"scaling/autoscaler.go:207","message":"For metric concurrency observed values: stable = 1.2; panic = 0.4; target = 3.5 Desired StablePodCount = 1, PanicPodCount = 1, ReadyEndpointCount = 2, MaxScaleUp = 2000, MaxScaleDown = 1","knative.dev/key":"default/linpack-00001"}
{"severity":"INFO","timestamp":"2026-06-03T07:17:33.421970621Z","logger":"autoscaler","caller":"scaling/autoscaler.go:258","message":"Skipping pod count decrease from 2 to 1.","knative.dev/key":"default/linpack-00001"}
{"severity":"INFO","timestamp":"2026-06-03T07:17:33.421985825Z","logger":"autoscaler","caller":"scaling/autoscaler.go:314","message":"Autoscaler: stable=1.159573 panic=0.433204 target=3.500000 pods=%!d(float64=2) desired=2 excessBC=-202.000000","knative.dev/key":"default/linpack-00001"}
{"severity":"INFO","timestamp":"2026-06-03T07:17:33.422001158Z","logger":"autoscaler","caller":"scaling/autoscaler.go:318","message":"⏱ Autoscaler decision: 86.037µs.","knative.dev/key":"default/linpack-00001"}
{"severity":"INFO","timestamp":"2026-06-03T07:17:33.422021047Z","logger":"autoscaler","caller":"scaling/autoscaler.go:207","message":"For metric concurrency observed values: stable = 1.2; panic = 1.3; target = 3.5 Desired StablePodCount = 1, PanicPodCount = 1, ReadyEndpointCount = 1, MaxScaleUp = 1000, MaxScaleDown = 0","knative.dev/key":"default/matrixmul-00001"}
{"severity":"INFO","timestamp":"2026-06-03T07:17:33.422030343Z","logger":"autoscaler","caller":"scaling/autoscaler.go:314","message":"Autoscaler: stable=1.237534 panic=1.324594 target=3.500000 pods=%!d(float64=1) desired=1 excessBC=-208.000000","knative.dev/key":"default/matrixmul-00001"}
{"severity":"INFO","timestamp":"2026-06-03T07:17:33.42203875Z","logger":"autoscaler","caller":"scaling/autoscaler.go:318","message":"⏱ Autoscaler decision: 298.222µs.","knative.dev/key":"default/matrixmul-00001"}
{"severity":"INFO","timestamp":"2026-06-03T07:17:33.42247712Z","logger":"autoscaler","caller":"scaling/autoscaler.go:207","message":"For metric concurrency observed values: stable = 0.9; panic = 0.6; target = 3.5 Desired StablePodCount = 1, PanicPodCount = 1, ReadyEndpointCount = 2, MaxScaleUp = 2000, MaxScaleDown = 1","knative.dev/key":"default/fastfouriertransform-00001"}
{"severity":"INFO","timestamp":"2026-06-03T07:17:33.422500972Z","logger":"autoscaler","caller":"scaling/autoscaler.go:258","message":"Skipping pod count decrease from 2 to 1.","knative.dev/key":"default/fastfouriertransform-00001"}
{"severity":"INFO","timestamp":"2026-06-03T07:17:33.422519824Z","logger":"autoscaler","caller":"scaling/autoscaler.go:314","message":"Autoscaler: stable=0.895336 panic=0.607907 target=3.500000 pods=%!d(float64=2) desired=2 excessBC=-202.000000","knative.dev/key":"default/fastfouriertransform-00001"}
{"severity":"INFO","timestamp":"2026-06-03T07:17:33.422533213Z","logger":"autoscaler","caller":"scaling/autoscaler.go:318","message":"⏱ Autoscaler decision: 95.592µs.","knative.dev/key":"default/fastfouriertransform-00001"}
{"severity":"INFO","timestamp":"2026-06-03T07:17:33.422737916Z","logger":"autoscaler","caller":"scaling/autoscaler.go:207","message":"For metric concurrency observed values: stable = 0.4; panic = 0.3; target = 3.5 Desired StablePodCount = 1, PanicPodCount = 1, ReadyEndpointCount = 1, MaxScaleUp = 1000, MaxScaleDown = 0","knative.dev/key":"default/fetchdata-00001"}
{"severity":"INFO","timestamp":"2026-06-03T07:17:33.422755397Z","logger":"autoscaler","caller":"scaling/autoscaler.go:314","message":"Autoscaler: stable=0.439549 panic=0.305656 target=3.500000 pods=%!d(float64=1) desired=1 excessBC=-207.000000","knative.dev/key":"default/fetchdata-00001"}
{"severity":"INFO","timestamp":"2026-06-03T07:17:33.422775175Z","logger":"autoscaler","caller":"scaling/autoscaler.go:318","message":"⏱ Autoscaler decision: 47.685µs.","knative.dev/key":"default/fetchdata-00001"}
{"severity":"INFO","timestamp":"2026-06-03T07:17:33.423348878Z","logger":"autoscaler","caller":"scaling/autoscaler.go:207","message":"For metric concurrency observed values: stable = 0.3; panic = 0.1; target = 3.5 Desired StablePodCount = 1, PanicPodCount = 1, ReadyEndpointCount = 1, MaxScaleUp = 1000, MaxScaleDown = 0","knative.dev/key":"default/genmatrix-00001"}
{"severity":"INFO","timestamp":"2026-06-03T07:17:33.42338373Z","logger":"autoscaler","caller":"scaling/autoscaler.go:314","message":"Autoscaler: stable=0.271222 panic=0.064750 target=3.500000 pods=%!d(float64=1) desired=1 excessBC=-207.000000","knative.dev/key":"default/genmatrix-00001"}
{"severity":"INFO","timestamp":"2026-06-03T07:17:33.423399489Z","logger":"autoscaler","caller":"scaling/autoscaler.go:318","message":"⏱ Autoscaler decision: 70.537µs.","knative.dev/key":"default/genmatrix-00001"}
{"severity":"INFO","timestamp":"2026-06-03T07:17:35.421044852Z","logger":"autoscaler","caller":"scaling/autoscaler.go:207","message":"For metric concurrency observed values: stable = 1.1; panic = 0.4; target = 3.5 Desired StablePodCount = 1, PanicPodCount = 1, ReadyEndpointCount = 2, MaxScaleUp = 2000, MaxScaleDown = 1","knative.dev/key":"default/linpack-00001"}
{"severity":"INFO","timestamp":"2026-06-03T07:17:35.421080112Z","logger":"autoscaler","caller":"scaling/autoscaler.go:258","message":"Skipping pod count decrease from 2 to 1.","knative.dev/key":"default/linpack-00001"}
{"severity":"INFO","timestamp":"2026-06-03T07:17:35.421094408Z","logger":"autoscaler","caller":"scaling/autoscaler.go:314","message":"Autoscaler: stable=1.132901 panic=0.392974 target=3.500000 pods=%!d(float64=2) desired=2 excessBC=-202.000000","knative.dev/key":"default/linpack-00001"}
{"severity":"INFO","timestamp":"2026-06-03T07:17:35.421108686Z","logger":"autoscaler","caller":"scaling/autoscaler.go:318","message":"⏱ Autoscaler decision: 79.056µs.","knative.dev/key":"default/linpack-00001"}
{"severity":"INFO","timestamp":"2026-06-03T07:17:35.421701703Z","logger":"autoscaler","caller":"scaling/autoscaler.go:207","message":"For metric concurrency observed values: stable = 1.2; panic = 0.9; target = 3.5 Desired StablePodCount = 1, PanicPodCount = 1, ReadyEndpointCount = 1, MaxScaleUp = 1000, MaxScaleDown = 0","knative.dev/key":"default/matrixmul-00001"}
{"severity":"INFO","timestamp":"2026-06-03T07:17:35.421734851Z","logger":"autoscaler","caller":"scaling/autoscaler.go:314","message":"Autoscaler: stable=1.236436 panic=0.850947 target=3.500000 pods=%!d(float64=1) desired=1 excessBC=-207.000000","knative.dev/key":"default/matrixmul-00001"}
{"severity":"INFO","timestamp":"2026-06-03T07:17:35.421747222Z","logger":"autoscaler","caller":"scaling/autoscaler.go:318","message":"⏱ Autoscaler decision: 80.296µs.","knative.dev/key":"default/matrixmul-00001"}
{"severity":"INFO","timestamp":"2026-06-03T07:17:35.422906183Z","logger":"autoscaler","caller":"scaling/autoscaler.go:207","message":"For metric concurrency observed values: stable = 0.4; panic = 0.1; target = 3.5 Desired StablePodCount = 1, PanicPodCount = 1, ReadyEndpointCount = 1, MaxScaleUp = 1000, MaxScaleDown = 0","knative.dev/key":"default/fetchdata-00001"}
{"severity":"INFO","timestamp":"2026-06-03T07:17:35.422938664Z","logger":"autoscaler","caller":"scaling/autoscaler.go:314","message":"Autoscaler: stable=0.428287 panic=0.148066 target=3.500000 pods=%!d(float64=1) desired=1 excessBC=-207.000000","knative.dev/key":"default/fetchdata-00001"}
{"severity":"INFO","timestamp":"2026-06-03T07:17:35.422954238Z","logger":"autoscaler","caller":"scaling/autoscaler.go:318","message":"⏱ Autoscaler decision: 78.222µs.","knative.dev/key":"default/fetchdata-00001"}
{"severity":"INFO","timestamp":"2026-06-03T07:17:35.423135275Z","logger":"autoscaler","caller":"scaling/autoscaler.go:207","message":"For metric concurrency observed values: stable = 0.3; panic = 0.1; target = 3.5 Desired StablePodCount = 1, PanicPodCount = 1, ReadyEndpointCount = 1, MaxScaleUp = 1000, MaxScaleDown = 0","knative.dev/key":"default/genmatrix-00001"}
{"severity":"INFO","timestamp":"2026-06-03T07:17:35.423154997Z","logger":"autoscaler","caller":"scaling/autoscaler.go:314","message":"Autoscaler: stable=0.263513 panic=0.074469 target=3.500000 pods=%!d(float64=1) desired=1 excessBC=-207.000000","knative.dev/key":"default/genmatrix-00001"}
{"severity":"INFO","timestamp":"2026-06-03T07:17:35.423165238Z","logger":"autoscaler","caller":"scaling/autoscaler.go:318","message":"⏱ Autoscaler decision: 43.704µs.","knative.dev/key":"default/genmatrix-00001"}
{"severity":"INFO","timestamp":"2026-06-03T07:17:35.423305608Z","logger":"autoscaler","caller":"scaling/autoscaler.go:207","message":"For metric concurrency observed values: stable = 0.9; panic = 0.5; target = 3.5 Desired StablePodCount = 1, PanicPodCount = 1, ReadyEndpointCount = 2, MaxScaleUp = 2000, MaxScaleDown = 1","knative.dev/key":"default/fastfouriertransform-00001"}
{"severity":"INFO","timestamp":"2026-06-03T07:17:35.423321941Z","logger":"autoscaler","caller":"scaling/autoscaler.go:258","message":"Skipping pod count decrease from 2 to 1.","knative.dev/key":"default/fastfouriertransform-00001"}
{"severity":"INFO","timestamp":"2026-06-03T07:17:35.423333608Z","logger":"autoscaler","caller":"scaling/autoscaler.go:314","message":"Autoscaler: stable=0.881704 panic=0.465947 target=3.500000 pods=%!d(float64=2) desired=2 excessBC=-202.000000","knative.dev/key":"default/fastfouriertransform-00001"}
{"severity":"INFO","timestamp":"2026-06-03T07:17:35.423353719Z","logger":"autoscaler","caller":"scaling/autoscaler.go:318","message":"⏱ Autoscaler decision: 52.314µs.","knative.dev/key":"default/fastfouriertransform-00001"}
{"severity":"INFO","timestamp":"2026-06-03T07:17:37.421032453Z","logger":"autoscaler","caller":"scaling/autoscaler.go:207","message":"For metric concurrency observed values: stable = 1.1; panic = 0.4; target = 3.5 Desired StablePodCount = 1, PanicPodCount = 1, ReadyEndpointCount = 2, MaxScaleUp = 2000, MaxScaleDown = 1","knative.dev/key":"default/linpack-00001"}
{"severity":"INFO","timestamp":"2026-06-03T07:17:37.421066416Z","logger":"autoscaler","caller":"scaling/autoscaler.go:258","message":"Skipping pod count decrease from 2 to 1.","knative.dev/key":"default/linpack-00001"}
{"severity":"INFO","timestamp":"2026-06-03T07:17:37.421081731Z","logger":"autoscaler","caller":"scaling/autoscaler.go:314","message":"Autoscaler: stable=1.115454 panic=0.414676 target=3.500000 pods=%!d(float64=2) desired=2 excessBC=-202.000000","knative.dev/key":"default/linpack-00001"}
{"severity":"INFO","timestamp":"2026-06-03T07:17:37.421095823Z","logger":"autoscaler","caller":"scaling/autoscaler.go:318","message":"⏱ Autoscaler decision: 78.426µs.","knative.dev/key":"default/linpack-00001"}
{"severity":"INFO","timestamp":"2026-06-03T07:17:37.421639896Z","logger":"autoscaler","caller":"scaling/autoscaler.go:207","message":"For metric concurrency observed values: stable = 1.2; panic = 0.8; target = 3.5 Desired StablePodCount = 1, PanicPodCount = 1, ReadyEndpointCount = 1, MaxScaleUp = 1000, MaxScaleDown = 0","knative.dev/key":"default/matrixmul-00001"}
{"severity":"INFO","timestamp":"2026-06-03T07:17:37.421668748Z","logger":"autoscaler","caller":"scaling/autoscaler.go:314","message":"Autoscaler: stable=1.205697 panic=0.825834 target=3.500000 pods=%!d(float64=1) desired=1 excessBC=-207.000000","knative.dev/key":"default/matrixmul-00001"}
{"severity":"INFO","timestamp":"2026-06-03T07:17:37.421680915Z","logger":"autoscaler","caller":"scaling/autoscaler.go:318","message":"⏱ Autoscaler decision: 68.371µs.","knative.dev/key":"default/matrixmul-00001"}
{"severity":"INFO","timestamp":"2026-06-03T07:17:37.422809858Z","logger":"autoscaler","caller":"scaling/autoscaler.go:207","message":"For metric concurrency observed values: stable = 0.4; panic = 0.1; target = 3.5 Desired StablePodCount = 1, PanicPodCount = 1, ReadyEndpointCount = 1, MaxScaleUp = 1000, MaxScaleDown = 0","knative.dev/key":"default/fetchdata-00001"}
{"severity":"INFO","timestamp":"2026-06-03T07:17:37.422830876Z","logger":"autoscaler","caller":"scaling/autoscaler.go:314","message":"Autoscaler: stable=0.417822 panic=0.125738 target=3.500000 pods=%!d(float64=1) desired=1 excessBC=-207.000000","knative.dev/key":"default/fetchdata-00001"}
{"severity":"INFO","timestamp":"2026-06-03T07:17:37.422845024Z","logger":"autoscaler","caller":"scaling/autoscaler.go:318","message":"⏱ Autoscaler decision: 53.334µs.","knative.dev/key":"default/fetchdata-00001"}
{"severity":"INFO","timestamp":"2026-06-03T07:17:37.423166116Z","logger":"autoscaler","caller":"scaling/autoscaler.go:207","message":"For metric concurrency observed values: stable = 0.3; panic = 0.1; target = 3.5 Desired StablePodCount = 1, PanicPodCount = 1, ReadyEndpointCount = 1, MaxScaleUp = 1000, MaxScaleDown = 0","knative.dev/key":"default/genmatrix-00001"}
{"severity":"INFO","timestamp":"2026-06-03T07:17:37.423187283Z","logger":"autoscaler","caller":"scaling/autoscaler.go:314","message":"Autoscaler: stable=0.256617 panic=0.074555 target=3.500000 pods=%!d(float64=1) desired=1 excessBC=-207.000000","knative.dev/key":"default/genmatrix-00001"}
{"severity":"INFO","timestamp":"2026-06-03T07:17:37.423201542Z","logger":"autoscaler","caller":"scaling/autoscaler.go:318","message":"⏱ Autoscaler decision: 48.686µs.","knative.dev/key":"default/genmatrix-00001"}
{"severity":"INFO","timestamp":"2026-06-03T07:17:37.423235838Z","logger":"autoscaler","caller":"scaling/autoscaler.go:207","message":"For metric concurrency observed values: stable = 0.9; panic = 0.6; target = 3.5 Desired StablePodCount = 1, PanicPodCount = 1, ReadyEndpointCount = 2, MaxScaleUp = 2000, MaxScaleDown = 1","knative.dev/key":"default/fastfouriertransform-00001"}
{"severity":"INFO","timestamp":"2026-06-03T07:17:37.42324545Z","logger":"autoscaler","caller":"scaling/autoscaler.go:258","message":"Skipping pod count decrease from 2 to 1.","knative.dev/key":"default/fastfouriertransform-00001"}
{"severity":"INFO","timestamp":"2026-06-03T07:17:37.423256894Z","logger":"autoscaler","caller":"scaling/autoscaler.go:314","message":"Autoscaler: stable=0.886411 panic=0.632393 target=3.500000 pods=%!d(float64=2) desired=2 excessBC=-202.000000","knative.dev/key":"default/fastfouriertransform-00001"}
{"severity":"INFO","timestamp":"2026-06-03T07:17:37.423268338Z","logger":"autoscaler","caller":"scaling/autoscaler.go:318","message":"⏱ Autoscaler decision: 42µs.","knative.dev/key":"default/fastfouriertransform-00001"}
{"severity":"INFO","timestamp":"2026-06-03T07:17:39.421038813Z","logger":"autoscaler","caller":"scaling/autoscaler.go:207","message":"For metric concurrency observed values: stable = 1.0; panic = 0.4; target = 3.5 Desired StablePodCount = 1, PanicPodCount = 1, ReadyEndpointCount = 2, MaxScaleUp = 2000, MaxScaleDown = 1","knative.dev/key":"default/linpack-00001"}
{"severity":"INFO","timestamp":"2026-06-03T07:17:39.42135609Z","logger":"autoscaler","caller":"scaling/autoscaler.go:258","message":"Skipping pod count decrease from 2 to 1.","knative.dev/key":"default/linpack-00001"}
{"severity":"INFO","timestamp":"2026-06-03T07:17:39.421386479Z","logger":"autoscaler","caller":"scaling/autoscaler.go:314","message":"Autoscaler: stable=0.997464 panic=0.439317 target=3.500000 pods=%!d(float64=2) desired=2 excessBC=-202.000000","knative.dev/key":"default/linpack-00001"}
{"severity":"INFO","timestamp":"2026-06-03T07:17:39.421408979Z","logger":"autoscaler","caller":"scaling/autoscaler.go:318","message":"⏱ Autoscaler decision: 412.685µs.","knative.dev/key":"default/linpack-00001"}
{"severity":"INFO","timestamp":"2026-06-03T07:17:39.42187533Z","logger":"autoscaler","caller":"scaling/autoscaler.go:207","message":"For metric concurrency observed values: stable = 1.2; panic = 0.6; target = 3.5 Desired StablePodCount = 1, PanicPodCount = 1, ReadyEndpointCount = 1, MaxScaleUp = 1000, MaxScaleDown = 0","knative.dev/key":"default/matrixmul-00001"}
{"severity":"INFO","timestamp":"2026-06-03T07:17:39.421910497Z","logger":"autoscaler","caller":"scaling/autoscaler.go:314","message":"Autoscaler: stable=1.185607 panic=0.641386 target=3.500000 pods=%!d(float64=1) desired=1 excessBC=-207.000000","knative.dev/key":"default/matrixmul-00001"}
{"severity":"INFO","timestamp":"2026-06-03T07:17:39.421932386Z","logger":"autoscaler","caller":"scaling/autoscaler.go:318","message":"⏱ Autoscaler decision: 113.833µs.","knative.dev/key":"default/matrixmul-00001"}
{"severity":"INFO","timestamp":"2026-06-03T07:17:39.423232273Z","logger":"autoscaler","caller":"scaling/autoscaler.go:207","message":"For metric concurrency observed values: stable = 0.2; panic = 0.2; target = 3.5 Desired StablePodCount = 1, PanicPodCount = 1, ReadyEndpointCount = 1, MaxScaleUp = 1000, MaxScaleDown = 0","knative.dev/key":"default/genmatrix-00001"}
{"severity":"INFO","timestamp":"2026-06-03T07:17:39.423266347Z","logger":"autoscaler","caller":"scaling/autoscaler.go:314","message":"Autoscaler: stable=0.232659 panic=0.234854 target=3.500000 pods=%!d(float64=1) desired=1 excessBC=-207.000000","knative.dev/key":"default/genmatrix-00001"}
{"severity":"INFO","timestamp":"2026-06-03T07:17:39.423286106Z","logger":"autoscaler","caller":"scaling/autoscaler.go:318","message":"⏱ Autoscaler decision: 101.241µs.","knative.dev/key":"default/genmatrix-00001"}
{"severity":"INFO","timestamp":"2026-06-03T07:17:39.423786938Z","logger":"autoscaler","caller":"scaling/autoscaler.go:207","message":"For metric concurrency observed values: stable = 0.8; panic = 1.1; target = 3.5 Desired StablePodCount = 1, PanicPodCount = 1, ReadyEndpointCount = 2, MaxScaleUp = 2000, MaxScaleDown = 1","knative.dev/key":"default/fastfouriertransform-00001"}
{"severity":"INFO","timestamp":"2026-06-03T07:17:39.423842383Z","logger":"autoscaler","caller":"scaling/autoscaler.go:258","message":"Skipping pod count decrease from 2 to 1.","knative.dev/key":"default/fastfouriertransform-00001"}
{"severity":"INFO","timestamp":"2026-06-03T07:17:39.423865438Z","logger":"autoscaler","caller":"scaling/autoscaler.go:314","message":"Autoscaler: stable=0.821271 panic=1.105776 target=3.500000 pods=%!d(float64=2) desired=2 excessBC=-203.000000","knative.dev/key":"default/fastfouriertransform-00001"}
{"severity":"INFO","timestamp":"2026-06-03T07:17:39.42388966Z","logger":"autoscaler","caller":"scaling/autoscaler.go:318","message":"⏱ Autoscaler decision: 126.925µs.","knative.dev/key":"default/fastfouriertransform-00001"}
{"severity":"INFO","timestamp":"2026-06-03T07:17:39.424067568Z","logger":"autoscaler","caller":"scaling/autoscaler.go:207","message":"For metric concurrency observed values: stable = 0.4; panic = 0.1; target = 3.5 Desired StablePodCount = 1, PanicPodCount = 1, ReadyEndpointCount = 1, MaxScaleUp = 1000, MaxScaleDown = 0","knative.dev/key":"default/fetchdata-00001"}
{"severity":"INFO","timestamp":"2026-06-03T07:17:39.424089086Z","logger":"autoscaler","caller":"scaling/autoscaler.go:314","message":"Autoscaler: stable=0.350390 panic=0.142457 target=3.500000 pods=%!d(float64=1) desired=1 excessBC=-207.000000","knative.dev/key":"default/fetchdata-00001"}
{"severity":"INFO","timestamp":"2026-06-03T07:17:39.424108401Z","logger":"autoscaler","caller":"scaling/autoscaler.go:318","message":"⏱ Autoscaler decision: 56.611µs.","knative.dev/key":"default/fetchdata-00001"}
{"severity":"INFO","timestamp":"2026-06-03T07:17:41.421209302Z","logger":"autoscaler","caller":"scaling/autoscaler.go:207","message":"For metric concurrency observed values: stable = 0.7; panic = 0.4; target = 3.5 Desired StablePodCount = 1, PanicPodCount = 1, ReadyEndpointCount = 2, MaxScaleUp = 2000, MaxScaleDown = 1","knative.dev/key":"default/linpack-00001"}
{"severity":"INFO","timestamp":"2026-06-03T07:17:41.421255562Z","logger":"autoscaler","caller":"scaling/autoscaler.go:258","message":"Skipping pod count decrease from 2 to 1.","knative.dev/key":"default/linpack-00001"}
{"severity":"INFO","timestamp":"2026-06-03T07:17:41.421276747Z","logger":"autoscaler","caller":"scaling/autoscaler.go:314","message":"Autoscaler: stable=0.746288 panic=0.408292 target=3.500000 pods=%!d(float64=2) desired=2 excessBC=-202.000000","knative.dev/key":"default/linpack-00001"}
{"severity":"INFO","timestamp":"2026-06-03T07:17:41.421298469Z","logger":"autoscaler","caller":"scaling/autoscaler.go:318","message":"⏱ Autoscaler decision: 124.092µs.","knative.dev/key":"default/linpack-00001"}
{"severity":"INFO","timestamp":"2026-06-03T07:17:41.421956598Z","logger":"autoscaler","caller":"scaling/autoscaler.go:207","message":"For metric concurrency observed values: stable = 1.1; panic = 0.7; target = 3.5 Desired StablePodCount = 1, PanicPodCount = 1, ReadyEndpointCount = 1, MaxScaleUp = 1000, MaxScaleDown = 0","knative.dev/key":"default/matrixmul-00001"}
{"severity":"INFO","timestamp":"2026-06-03T07:17:41.421995931Z","logger":"autoscaler","caller":"scaling/autoscaler.go:314","message":"Autoscaler: stable=1.126837 panic=0.652967 target=3.500000 pods=%!d(float64=1) desired=1 excessBC=-207.000000","knative.dev/key":"default/matrixmul-00001"}
{"severity":"INFO","timestamp":"2026-06-03T07:17:41.422018338Z","logger":"autoscaler","caller":"scaling/autoscaler.go:318","message":"⏱ Autoscaler decision: 89.796µs.","knative.dev/key":"default/matrixmul-00001"}
{"severity":"INFO","timestamp":"2026-06-03T07:17:41.423224448Z","logger":"autoscaler","caller":"scaling/autoscaler.go:207","message":"For metric concurrency observed values: stable = 0.1; panic = 0.2; target = 3.5 Desired StablePodCount = 1, PanicPodCount = 1, ReadyEndpointCount = 1, MaxScaleUp = 1000, MaxScaleDown = 0","knative.dev/key":"default/genmatrix-00001"}
{"severity":"INFO","timestamp":"2026-06-03T07:17:41.423261503Z","logger":"autoscaler","caller":"scaling/autoscaler.go:314","message":"Autoscaler: stable=0.089875 panic=0.227028 target=3.500000 pods=%!d(float64=1) desired=1 excessBC=-207.000000","knative.dev/key":"default/genmatrix-00001"}
{"severity":"INFO","timestamp":"2026-06-03T07:17:41.423280299Z","logger":"autoscaler","caller":"scaling/autoscaler.go:318","message":"⏱ Autoscaler decision: 80.778µs.","knative.dev/key":"default/genmatrix-00001"}
{"severity":"INFO","timestamp":"2026-06-03T07:17:41.423800706Z","logger":"autoscaler","caller":"scaling/autoscaler.go:207","message":"For metric concurrency observed values: stable = 0.5; panic = 0.9; target = 3.5 Desired StablePodCount = 1, PanicPodCount = 1, ReadyEndpointCount = 2, MaxScaleUp = 2000, MaxScaleDown = 1","knative.dev/key":"default/fastfouriertransform-00001"}
{"severity":"INFO","timestamp":"2026-06-03T07:17:41.423910391Z","logger":"autoscaler","caller":"scaling/autoscaler.go:258","message":"Skipping pod count decrease from 2 to 1.","knative.dev/key":"default/fastfouriertransform-00001"}
{"severity":"INFO","timestamp":"2026-06-03T07:17:41.423929909Z","logger":"autoscaler","caller":"scaling/autoscaler.go:314","message":"Autoscaler: stable=0.525997 panic=0.913015 target=3.500000 pods=%!d(float64=2) desired=2 excessBC=-202.000000","knative.dev/key":"default/fastfouriertransform-00001"}
{"severity":"INFO","timestamp":"2026-06-03T07:17:41.423955854Z","logger":"autoscaler","caller":"scaling/autoscaler.go:318","message":"⏱ Autoscaler decision: 173.407µs.","knative.dev/key":"default/fastfouriertransform-00001"}
{"severity":"INFO","timestamp":"2026-06-03T07:17:41.424052131Z","logger":"autoscaler","caller":"scaling/autoscaler.go:207","message":"For metric concurrency observed values: stable = 0.2; panic = 0.3; target = 3.5 Desired StablePodCount = 1, PanicPodCount = 1, ReadyEndpointCount = 1, MaxScaleUp = 1000, MaxScaleDown = 0","knative.dev/key":"default/fetchdata-00001"}
{"severity":"INFO","timestamp":"2026-06-03T07:17:41.424071983Z","logger":"autoscaler","caller":"scaling/autoscaler.go:314","message":"Autoscaler: stable=0.222210 panic=0.294409 target=3.500000 pods=%!d(float64=1) desired=1 excessBC=-207.000000","knative.dev/key":"default/fetchdata-00001"}
{"severity":"INFO","timestamp":"2026-06-03T07:17:41.424089261Z","logger":"autoscaler","caller":"scaling/autoscaler.go:318","message":"⏱ Autoscaler decision: 107.463µs.","knative.dev/key":"default/fetchdata-00001"}
{"severity":"INFO","timestamp":"2026-06-03T07:17:43.421532921Z","logger":"autoscaler","caller":"scaling/autoscaler.go:207","message":"For metric concurrency observed values: stable = 0.6; panic = 0.6; target = 3.5 Desired StablePodCount = 1, PanicPodCount = 1, ReadyEndpointCount = 2, MaxScaleUp = 2000, MaxScaleDown = 1","knative.dev/key":"default/linpack-00001"}
{"severity":"INFO","timestamp":"2026-06-03T07:17:43.42158494Z","logger":"autoscaler","caller":"scaling/autoscaler.go:238","message":"Un-panicking.","knative.dev/key":"default/linpack-00001"}
{"severity":"INFO","timestamp":"2026-06-03T07:17:43.421608421Z","logger":"autoscaler","caller":"scaling/autoscaler.go:314","message":"Autoscaler: stable=0.575487 panic=0.644718 target=3.500000 pods=%!d(float64=2) desired=1 excessBC=-202.000000","knative.dev/key":"default/linpack-00001"}
{"severity":"INFO","timestamp":"2026-06-03T07:17:43.421629014Z","logger":"autoscaler","caller":"scaling/autoscaler.go:318","message":"⏱ Autoscaler decision: 322.852µs.","knative.dev/key":"default/linpack-00001"}
{"severity":"INFO","timestamp":"2026-06-03T07:17:43.42167718Z","logger":"autoscaler","caller":"scaling/autoscaler.go:207","message":"For metric concurrency observed values: stable = 1.0; panic = 0.5; target = 3.5 Desired StablePodCount = 1, PanicPodCount = 1, ReadyEndpointCount = 1, MaxScaleUp = 1000, MaxScaleDown = 0","knative.dev/key":"default/matrixmul-00001"}
{"severity":"INFO","timestamp":"2026-06-03T07:17:43.421696069Z","logger":"autoscaler","caller":"scaling/autoscaler.go:314","message":"Autoscaler: stable=0.971961 panic=0.471986 target=3.500000 pods=%!d(float64=1) desired=1 excessBC=-207.000000","knative.dev/key":"default/matrixmul-00001"}
{"severity":"INFO","timestamp":"2026-06-03T07:17:43.421712606Z","logger":"autoscaler","caller":"scaling/autoscaler.go:318","message":"⏱ Autoscaler decision: 47.926µs.","knative.dev/key":"default/matrixmul-00001"}
{"severity":"INFO","timestamp":"2026-06-03T07:17:43.422555438Z","logger":"autoscaler","caller":"kpa/scaler.go:380","message":"Scaling from 2 to 1","knative.dev/controller":"knative.dev.serving.pkg.reconciler.autoscaling.kpa.Reconciler","knative.dev/kind":"autoscaling.internal.knative.dev.PodAutoscaler","knative.dev/traceid":"a4f0dd64-4c7a-410e-80a5-bff1d27370f1","knative.dev/key":"default/linpack-00001"}
{"severity":"INFO","timestamp":"2026-06-03T07:17:43.425970174Z","logger":"autoscaler","caller":"scaling/autoscaler.go:207","message":"For metric concurrency observed values: stable = 0.5; panic = 0.4; target = 3.5 Desired StablePodCount = 1, PanicPodCount = 1, ReadyEndpointCount = 2, MaxScaleUp = 2000, MaxScaleDown = 1","knative.dev/key":"default/fastfouriertransform-00001"}
{"severity":"INFO","timestamp":"2026-06-03T07:17:43.426080618Z","logger":"autoscaler","caller":"scaling/autoscaler.go:238","message":"Un-panicking.","knative.dev/key":"default/fastfouriertransform-00001"}
{"severity":"INFO","timestamp":"2026-06-03T07:17:43.42610884Z","logger":"autoscaler","caller":"scaling/autoscaler.go:314","message":"Autoscaler: stable=0.461479 panic=0.448998 target=3.500000 pods=%!d(float64=2) desired=1 excessBC=-202.000000","knative.dev/key":"default/fastfouriertransform-00001"}
{"severity":"INFO","timestamp":"2026-06-03T07:17:43.426147396Z","logger":"autoscaler","caller":"scaling/autoscaler.go:318","message":"⏱ Autoscaler decision: 434.055µs.","knative.dev/key":"default/fastfouriertransform-00001"}
{"severity":"INFO","timestamp":"2026-06-03T07:17:43.426685914Z","logger":"autoscaler","caller":"kpa/scaler.go:380","message":"Scaling from 2 to 1","knative.dev/controller":"knative.dev.serving.pkg.reconciler.autoscaling.kpa.Reconciler","knative.dev/kind":"autoscaling.internal.knative.dev.PodAutoscaler","knative.dev/traceid":"b5b672fc-47e8-443f-b652-b4c3ca0ba9a2","knative.dev/key":"default/fastfouriertransform-00001"}
{"severity":"INFO","timestamp":"2026-06-03T07:17:43.430078445Z","logger":"autoscaler","caller":"scaling/autoscaler.go:207","message":"For metric concurrency observed values: stable = 0.2; panic = 0.3; target = 3.5 Desired StablePodCount = 1, PanicPodCount = 1, ReadyEndpointCount = 1, MaxScaleUp = 1000, MaxScaleDown = 0","knative.dev/key":"default/fetchdata-00001"}
{"severity":"INFO","timestamp":"2026-06-03T07:17:43.430159723Z","logger":"autoscaler","caller":"scaling/autoscaler.go:314","message":"Autoscaler: stable=0.215541 panic=0.272717 target=3.500000 pods=%!d(float64=1) desired=1 excessBC=-207.000000","knative.dev/key":"default/fetchdata-00001"}
{"severity":"INFO","timestamp":"2026-06-03T07:17:43.430202982Z","logger":"autoscaler","caller":"scaling/autoscaler.go:318","message":"⏱ Autoscaler decision: 161.222µs.","knative.dev/key":"default/fetchdata-00001"}
{"severity":"INFO","timestamp":"2026-06-03T07:17:43.430816129Z","logger":"autoscaler","caller":"scaling/autoscaler.go:207","message":"For metric concurrency observed values: stable = 0.1; panic = 0.3; target = 3.5 Desired StablePodCount = 1, PanicPodCount = 1, ReadyEndpointCount = 1, MaxScaleUp = 1000, MaxScaleDown = 0","knative.dev/key":"default/genmatrix-00001"}
{"severity":"INFO","timestamp":"2026-06-03T07:17:43.430861037Z","logger":"autoscaler","caller":"scaling/autoscaler.go:314","message":"Autoscaler: stable=0.091920 panic=0.266538 target=3.500000 pods=%!d(float64=1) desired=1 excessBC=-207.000000","knative.dev/key":"default/genmatrix-00001"}
{"severity":"INFO","timestamp":"2026-06-03T07:17:43.43089487Z","logger":"autoscaler","caller":"scaling/autoscaler.go:318","message":"⏱ Autoscaler decision: 101.37µs.","knative.dev/key":"default/genmatrix-00001"}
{"severity":"INFO","timestamp":"2026-06-03T07:17:43.444724127Z","logger":"autoscaler","caller":"kpa/kpa.go:193","message":"SKS should be in Proxy mode: want = 1, ebc = -202, #act's = 3 PA Inactive? = false","knative.dev/controller":"knative.dev.serving.pkg.reconciler.autoscaling.kpa.Reconciler","knative.dev/kind":"autoscaling.internal.knative.dev.PodAutoscaler","knative.dev/traceid":"a4f0dd64-4c7a-410e-80a5-bff1d27370f1","knative.dev/key":"default/linpack-00001"}
{"severity":"INFO","timestamp":"2026-06-03T07:17:43.444821812Z","logger":"autoscaler","caller":"kpa/kpa.go:221","message":"KPA Scale decision for revision default/linpack-00001: currentPods=2, calculatedWant=1, desiredPods=1, excessBurstCapacity=-202","knative.dev/controller":"knative.dev.serving.pkg.reconciler.autoscaling.kpa.Reconciler","knative.dev/kind":"autoscaling.internal.knative.dev.PodAutoscaler","knative.dev/traceid":"a4f0dd64-4c7a-410e-80a5-bff1d27370f1","knative.dev/key":"default/linpack-00001"}
{"severity":"INFO","timestamp":"2026-06-03T07:17:43.444855478Z","logger":"autoscaler","caller":"kpa/kpa.go:239","message":"Observed pod counts=kpa.podCounts{want:1, ready:2, notReady:0, pending:0, terminating:0}","knative.dev/controller":"knative.dev.serving.pkg.reconciler.autoscaling.kpa.Reconciler","knative.dev/kind":"autoscaling.internal.knative.dev.PodAutoscaler","knative.dev/traceid":"a4f0dd64-4c7a-410e-80a5-bff1d27370f1","knative.dev/key":"default/linpack-00001"}
{"severity":"INFO","timestamp":"2026-06-03T07:17:43.444880534Z","logger":"autoscaler","caller":"kpa/kpa.go:298","message":"KPA Status for revision default/linpack-00001 after reconcile: currentPods=2, desiredPods=1, conditions=[Active=True Ready=True SKSReady=True ScaleTargetInitialized=True]","knative.dev/controller":"knative.dev.serving.pkg.reconciler.autoscaling.kpa.Reconciler","knative.dev/kind":"autoscaling.internal.knative.dev.PodAutoscaler","knative.dev/traceid":"a4f0dd64-4c7a-410e-80a5-bff1d27370f1","knative.dev/key":"default/linpack-00001"}
{"severity":"INFO","timestamp":"2026-06-03T07:17:43.444926349Z","logger":"autoscaler","caller":"kpa/kpa.go:242","message":"Cold start final  took: 23.032557ms","knative.dev/controller":"knative.dev.serving.pkg.reconciler.autoscaling.kpa.Reconciler","knative.dev/kind":"autoscaling.internal.knative.dev.PodAutoscaler","knative.dev/traceid":"a4f0dd64-4c7a-410e-80a5-bff1d27370f1","knative.dev/key":"default/linpack-00001"}
{"severity":"INFO","timestamp":"2026-06-03T07:17:43.44758903Z","logger":"autoscaler","caller":"kpa/kpa.go:193","message":"SKS should be in Proxy mode: want = 1, ebc = -202, #act's = 3 PA Inactive? = false","knative.dev/controller":"knative.dev.serving.pkg.reconciler.autoscaling.kpa.Reconciler","knative.dev/kind":"autoscaling.internal.knative.dev.PodAutoscaler","knative.dev/traceid":"b5b672fc-47e8-443f-b652-b4c3ca0ba9a2","knative.dev/key":"default/fastfouriertransform-00001"}
{"severity":"INFO","timestamp":"2026-06-03T07:17:43.447664845Z","logger":"autoscaler","caller":"kpa/kpa.go:221","message":"KPA Scale decision for revision default/fastfouriertransform-00001: currentPods=2, calculatedWant=1, desiredPods=1, excessBurstCapacity=-202","knative.dev/controller":"knative.dev.serving.pkg.reconciler.autoscaling.kpa.Reconciler","knative.dev/kind":"autoscaling.internal.knative.dev.PodAutoscaler","knative.dev/traceid":"b5b672fc-47e8-443f-b652-b4c3ca0ba9a2","knative.dev/key":"default/fastfouriertransform-00001"}
{"severity":"INFO","timestamp":"2026-06-03T07:17:43.447684622Z","logger":"autoscaler","caller":"kpa/kpa.go:239","message":"Observed pod counts=kpa.podCounts{want:1, ready:2, notReady:0, pending:0, terminating:0}","knative.dev/controller":"knative.dev.serving.pkg.reconciler.autoscaling.kpa.Reconciler","knative.dev/kind":"autoscaling.internal.knative.dev.PodAutoscaler","knative.dev/traceid":"b5b672fc-47e8-443f-b652-b4c3ca0ba9a2","knative.dev/key":"default/fastfouriertransform-00001"}
{"severity":"INFO","timestamp":"2026-06-03T07:17:43.447706826Z","logger":"autoscaler","caller":"kpa/kpa.go:298","message":"KPA Status for revision default/fastfouriertransform-00001 after reconcile: currentPods=2, desiredPods=1, conditions=[Active=True Ready=True SKSReady=True ScaleTargetInitialized=True]","knative.dev/controller":"knative.dev.serving.pkg.reconciler.autoscaling.kpa.Reconciler","knative.dev/kind":"autoscaling.internal.knative.dev.PodAutoscaler","knative.dev/traceid":"b5b672fc-47e8-443f-b652-b4c3ca0ba9a2","knative.dev/key":"default/fastfouriertransform-00001"}
{"severity":"INFO","timestamp":"2026-06-03T07:17:43.447734122Z","logger":"autoscaler","caller":"kpa/kpa.go:242","message":"Cold start final  took: 21.428967ms","knative.dev/controller":"knative.dev.serving.pkg.reconciler.autoscaling.kpa.Reconciler","knative.dev/kind":"autoscaling.internal.knative.dev.PodAutoscaler","knative.dev/traceid":"b5b672fc-47e8-443f-b652-b4c3ca0ba9a2","knative.dev/key":"default/fastfouriertransform-00001"}
{"severity":"INFO","timestamp":"2026-06-03T07:17:43.461398546Z","logger":"autoscaler","caller":"controller/controller.go:530","message":"Reconcile succeeded","knative.dev/controller":"knative.dev.serving.pkg.reconciler.autoscaling.kpa.Reconciler","knative.dev/kind":"autoscaling.internal.knative.dev.PodAutoscaler","knative.dev/traceid":"a4f0dd64-4c7a-410e-80a5-bff1d27370f1","knative.dev/key":"default/linpack-00001","duration":"39.652532ms"}
{"severity":"INFO","timestamp":"2026-06-03T07:17:43.461905452Z","logger":"autoscaler","caller":"kpa/kpa.go:193","message":"SKS should be in Proxy mode: want = 1, ebc = -202, #act's = 3 PA Inactive? = false","knative.dev/controller":"knative.dev.serving.pkg.reconciler.autoscaling.kpa.Reconciler","knative.dev/kind":"autoscaling.internal.knative.dev.PodAutoscaler","knative.dev/traceid":"d6334f81-74fe-45a4-966b-ac61b6f7dc4f","knative.dev/key":"default/linpack-00001"}
{"severity":"INFO","timestamp":"2026-06-03T07:17:43.461996378Z","logger":"autoscaler","caller":"kpa/kpa.go:221","message":"KPA Scale decision for revision default/linpack-00001: currentPods=1, calculatedWant=1, desiredPods=1, excessBurstCapacity=-202","knative.dev/controller":"knative.dev.serving.pkg.reconciler.autoscaling.kpa.Reconciler","knative.dev/kind":"autoscaling.internal.knative.dev.PodAutoscaler","knative.dev/traceid":"d6334f81-74fe-45a4-966b-ac61b6f7dc4f","knative.dev/key":"default/linpack-00001"}
{"severity":"INFO","timestamp":"2026-06-03T07:17:43.462029841Z","logger":"autoscaler","caller":"kpa/kpa.go:239","message":"Observed pod counts=kpa.podCounts{want:1, ready:1, notReady:1, pending:0, terminating:1}","knative.dev/controller":"knative.dev.serving.pkg.reconciler.autoscaling.kpa.Reconciler","knative.dev/kind":"autoscaling.internal.knative.dev.PodAutoscaler","knative.dev/traceid":"d6334f81-74fe-45a4-966b-ac61b6f7dc4f","knative.dev/key":"default/linpack-00001"}
{"severity":"INFO","timestamp":"2026-06-03T07:17:43.462057952Z","logger":"autoscaler","caller":"kpa/kpa.go:298","message":"KPA Status for revision default/linpack-00001 after reconcile: currentPods=1, desiredPods=1, conditions=[Active=True Ready=True SKSReady=True ScaleTargetInitialized=True]","knative.dev/controller":"knative.dev.serving.pkg.reconciler.autoscaling.kpa.Reconciler","knative.dev/kind":"autoscaling.internal.knative.dev.PodAutoscaler","knative.dev/traceid":"d6334f81-74fe-45a4-966b-ac61b6f7dc4f","knative.dev/key":"default/linpack-00001"}
{"severity":"INFO","timestamp":"2026-06-03T07:17:43.462091656Z","logger":"autoscaler","caller":"kpa/kpa.go:242","message":"Cold start final  took: 547.851µs","knative.dev/controller":"knative.dev.serving.pkg.reconciler.autoscaling.kpa.Reconciler","knative.dev/kind":"autoscaling.internal.knative.dev.PodAutoscaler","knative.dev/traceid":"d6334f81-74fe-45a4-966b-ac61b6f7dc4f","knative.dev/key":"default/linpack-00001"}
{"severity":"INFO","timestamp":"2026-06-03T07:17:43.46294221Z","logger":"autoscaler","caller":"controller/controller.go:530","message":"Reconcile succeeded","knative.dev/controller":"knative.dev.serving.pkg.reconciler.autoscaling.kpa.Reconciler","knative.dev/kind":"autoscaling.internal.knative.dev.PodAutoscaler","knative.dev/traceid":"b5b672fc-47e8-443f-b652-b4c3ca0ba9a2","knative.dev/key":"default/fastfouriertransform-00001","duration":"36.7355ms"}
{"severity":"INFO","timestamp":"2026-06-03T07:17:43.463644524Z","logger":"autoscaler","caller":"kpa/kpa.go:193","message":"SKS should be in Proxy mode: want = 1, ebc = -202, #act's = 3 PA Inactive? = false","knative.dev/controller":"knative.dev.serving.pkg.reconciler.autoscaling.kpa.Reconciler","knative.dev/kind":"autoscaling.internal.knative.dev.PodAutoscaler","knative.dev/traceid":"9dec258e-4892-41de-ad95-babd90dca433","knative.dev/key":"default/fastfouriertransform-00001"}
{"severity":"INFO","timestamp":"2026-06-03T07:17:43.463717524Z","logger":"autoscaler","caller":"kpa/kpa.go:221","message":"KPA Scale decision for revision default/fastfouriertransform-00001: currentPods=1, calculatedWant=1, desiredPods=1, excessBurstCapacity=-202","knative.dev/controller":"knative.dev.serving.pkg.reconciler.autoscaling.kpa.Reconciler","knative.dev/kind":"autoscaling.internal.knative.dev.PodAutoscaler","knative.dev/traceid":"9dec258e-4892-41de-ad95-babd90dca433","knative.dev/key":"default/fastfouriertransform-00001"}
{"severity":"INFO","timestamp":"2026-06-03T07:17:43.463744746Z","logger":"autoscaler","caller":"kpa/kpa.go:239","message":"Observed pod counts=kpa.podCounts{want:1, ready:1, notReady:1, pending:0, terminating:1}","knative.dev/controller":"knative.dev.serving.pkg.reconciler.autoscaling.kpa.Reconciler","knative.dev/kind":"autoscaling.internal.knative.dev.PodAutoscaler","knative.dev/traceid":"9dec258e-4892-41de-ad95-babd90dca433","knative.dev/key":"default/fastfouriertransform-00001"}
{"severity":"INFO","timestamp":"2026-06-03T07:17:43.46377219Z","logger":"autoscaler","caller":"kpa/kpa.go:298","message":"KPA Status for revision default/fastfouriertransform-00001 after reconcile: currentPods=1, desiredPods=1, conditions=[Active=True Ready=True SKSReady=True ScaleTargetInitialized=True]","knative.dev/controller":"knative.dev.serving.pkg.reconciler.autoscaling.kpa.Reconciler","knative.dev/kind":"autoscaling.internal.knative.dev.PodAutoscaler","knative.dev/traceid":"9dec258e-4892-41de-ad95-babd90dca433","knative.dev/key":"default/fastfouriertransform-00001"}
{"severity":"INFO","timestamp":"2026-06-03T07:17:43.463801968Z","logger":"autoscaler","caller":"kpa/kpa.go:242","message":"Cold start final  took: 722.629µs","knative.dev/controller":"knative.dev.serving.pkg.reconciler.autoscaling.kpa.Reconciler","knative.dev/kind":"autoscaling.internal.knative.dev.PodAutoscaler","knative.dev/traceid":"9dec258e-4892-41de-ad95-babd90dca433","knative.dev/key":"default/fastfouriertransform-00001"}
{"severity":"INFO","timestamp":"2026-06-03T07:17:43.49254185Z","logger":"autoscaler","caller":"controller/controller.go:530","message":"Reconcile succeeded","knative.dev/controller":"knative.dev.serving.pkg.reconciler.autoscaling.kpa.Reconciler","knative.dev/kind":"autoscaling.internal.knative.dev.PodAutoscaler","knative.dev/traceid":"d6334f81-74fe-45a4-966b-ac61b6f7dc4f","knative.dev/key":"default/linpack-00001","duration":"31.07836ms"}
{"severity":"INFO","timestamp":"2026-06-03T07:17:43.492738998Z","logger":"autoscaler","caller":"kpa/kpa.go:193","message":"SKS should be in Proxy mode: want = 1, ebc = -202, #act's = 3 PA Inactive? = false","knative.dev/controller":"knative.dev.serving.pkg.reconciler.autoscaling.kpa.Reconciler","knative.dev/kind":"autoscaling.internal.knative.dev.PodAutoscaler","knative.dev/traceid":"bde0e5e4-2c37-4759-8283-386eca935c2a","knative.dev/key":"default/linpack-00001"}
{"severity":"INFO","timestamp":"2026-06-03T07:17:43.492800405Z","logger":"autoscaler","caller":"kpa/kpa.go:221","message":"KPA Scale decision for revision default/linpack-00001: currentPods=1, calculatedWant=1, desiredPods=1, excessBurstCapacity=-202","knative.dev/controller":"knative.dev.serving.pkg.reconciler.autoscaling.kpa.Reconciler","knative.dev/kind":"autoscaling.internal.knative.dev.PodAutoscaler","knative.dev/traceid":"bde0e5e4-2c37-4759-8283-386eca935c2a","knative.dev/key":"default/linpack-00001"}
{"severity":"INFO","timestamp":"2026-06-03T07:17:43.492824683Z","logger":"autoscaler","caller":"kpa/kpa.go:239","message":"Observed pod counts=kpa.podCounts{want:1, ready:1, notReady:1, pending:0, terminating:1}","knative.dev/controller":"knative.dev.serving.pkg.reconciler.autoscaling.kpa.Reconciler","knative.dev/kind":"autoscaling.internal.knative.dev.PodAutoscaler","knative.dev/traceid":"bde0e5e4-2c37-4759-8283-386eca935c2a","knative.dev/key":"default/linpack-00001"}
{"severity":"INFO","timestamp":"2026-06-03T07:17:43.49284935Z","logger":"autoscaler","caller":"kpa/kpa.go:298","message":"KPA Status for revision default/linpack-00001 after reconcile: currentPods=1, desiredPods=1, conditions=[Active=True Ready=True SKSReady=True ScaleTargetInitialized=True]","knative.dev/controller":"knative.dev.serving.pkg.reconciler.autoscaling.kpa.Reconciler","knative.dev/kind":"autoscaling.internal.knative.dev.PodAutoscaler","knative.dev/traceid":"bde0e5e4-2c37-4759-8283-386eca935c2a","knative.dev/key":"default/linpack-00001"}
{"severity":"INFO","timestamp":"2026-06-03T07:17:43.492878368Z","logger":"autoscaler","caller":"kpa/kpa.go:242","message":"Cold start final  took: 217.5µs","knative.dev/controller":"knative.dev.serving.pkg.reconciler.autoscaling.kpa.Reconciler","knative.dev/kind":"autoscaling.internal.knative.dev.PodAutoscaler","knative.dev/traceid":"bde0e5e4-2c37-4759-8283-386eca935c2a","knative.dev/key":"default/linpack-00001"}
{"severity":"INFO","timestamp":"2026-06-03T07:17:43.495967289Z","logger":"autoscaler","caller":"controller/controller.go:530","message":"Reconcile succeeded","knative.dev/controller":"knative.dev.serving.pkg.reconciler.autoscaling.kpa.Reconciler","knative.dev/kind":"autoscaling.internal.knative.dev.PodAutoscaler","knative.dev/traceid":"9dec258e-4892-41de-ad95-babd90dca433","knative.dev/key":"default/fastfouriertransform-00001","duration":"32.965931ms"}
{"severity":"INFO","timestamp":"2026-06-03T07:17:43.496172863Z","logger":"autoscaler","caller":"kpa/kpa.go:193","message":"SKS should be in Proxy mode: want = 1, ebc = -202, #act's = 3 PA Inactive? = false","knative.dev/controller":"knative.dev.serving.pkg.reconciler.autoscaling.kpa.Reconciler","knative.dev/kind":"autoscaling.internal.knative.dev.PodAutoscaler","knative.dev/traceid":"91ec5682-3a5c-4428-a640-8fd8a8976811","knative.dev/key":"default/fastfouriertransform-00001"}
{"severity":"INFO","timestamp":"2026-06-03T07:17:43.496226604Z","logger":"autoscaler","caller":"kpa/kpa.go:221","message":"KPA Scale decision for revision default/fastfouriertransform-00001: currentPods=1, calculatedWant=1, desiredPods=1, excessBurstCapacity=-202","knative.dev/controller":"knative.dev.serving.pkg.reconciler.autoscaling.kpa.Reconciler","knative.dev/kind":"autoscaling.internal.knative.dev.PodAutoscaler","knative.dev/traceid":"91ec5682-3a5c-4428-a640-8fd8a8976811","knative.dev/key":"default/fastfouriertransform-00001"}
{"severity":"INFO","timestamp":"2026-06-03T07:17:43.496254419Z","logger":"autoscaler","caller":"kpa/kpa.go:239","message":"Observed pod counts=kpa.podCounts{want:1, ready:1, notReady:1, pending:0, terminating:1}","knative.dev/controller":"knative.dev.serving.pkg.reconciler.autoscaling.kpa.Reconciler","knative.dev/kind":"autoscaling.internal.knative.dev.PodAutoscaler","knative.dev/traceid":"91ec5682-3a5c-4428-a640-8fd8a8976811","knative.dev/key":"default/fastfouriertransform-00001"}
{"severity":"INFO","timestamp":"2026-06-03T07:17:43.496278937Z","logger":"autoscaler","caller":"kpa/kpa.go:298","message":"KPA Status for revision default/fastfouriertransform-00001 after reconcile: currentPods=1, desiredPods=1, conditions=[Active=True Ready=True SKSReady=True ScaleTargetInitialized=True]","knative.dev/controller":"knative.dev.serving.pkg.reconciler.autoscaling.kpa.Reconciler","knative.dev/kind":"autoscaling.internal.knative.dev.PodAutoscaler","knative.dev/traceid":"91ec5682-3a5c-4428-a640-8fd8a8976811","knative.dev/key":"default/fastfouriertransform-00001"}
{"severity":"INFO","timestamp":"2026-06-03T07:17:43.49631027Z","logger":"autoscaler","caller":"kpa/kpa.go:242","message":"Cold start final  took: 229.24µs","knative.dev/controller":"knative.dev.serving.pkg.reconciler.autoscaling.kpa.Reconciler","knative.dev/kind":"autoscaling.internal.knative.dev.PodAutoscaler","knative.dev/traceid":"91ec5682-3a5c-4428-a640-8fd8a8976811","knative.dev/key":"default/fastfouriertransform-00001"}
{"severity":"INFO","timestamp":"2026-06-03T07:17:43.496366974Z","logger":"autoscaler","caller":"controller/controller.go:530","message":"Reconcile succeeded","knative.dev/controller":"knative.dev.serving.pkg.reconciler.autoscaling.kpa.Reconciler","knative.dev/kind":"autoscaling.internal.knative.dev.PodAutoscaler","knative.dev/traceid":"91ec5682-3a5c-4428-a640-8fd8a8976811","knative.dev/key":"default/fastfouriertransform-00001","duration":"351.462µs"}
{"severity":"INFO","timestamp":"2026-06-03T07:17:43.514578613Z","logger":"autoscaler","caller":"controller/controller.go:530","message":"Reconcile succeeded","knative.dev/controller":"knative.dev.serving.pkg.reconciler.autoscaling.kpa.Reconciler","knative.dev/kind":"autoscaling.internal.knative.dev.PodAutoscaler","knative.dev/traceid":"bde0e5e4-2c37-4759-8283-386eca935c2a","knative.dev/key":"default/linpack-00001","duration":"21.982226ms"}
{"severity":"INFO","timestamp":"2026-06-03T07:17:43.514794594Z","logger":"autoscaler","caller":"kpa/kpa.go:193","message":"SKS should be in Proxy mode: want = 1, ebc = -202, #act's = 3 PA Inactive? = false","knative.dev/controller":"knative.dev.serving.pkg.reconciler.autoscaling.kpa.Reconciler","knative.dev/kind":"autoscaling.internal.knative.dev.PodAutoscaler","knative.dev/traceid":"6bb1236e-2b94-4a4b-b107-44a2ee6669b6","knative.dev/key":"default/linpack-00001"}
{"severity":"INFO","timestamp":"2026-06-03T07:17:43.51485652Z","logger":"autoscaler","caller":"kpa/kpa.go:221","message":"KPA Scale decision for revision default/linpack-00001: currentPods=1, calculatedWant=1, desiredPods=1, excessBurstCapacity=-202","knative.dev/controller":"knative.dev.serving.pkg.reconciler.autoscaling.kpa.Reconciler","knative.dev/kind":"autoscaling.internal.knative.dev.PodAutoscaler","knative.dev/traceid":"6bb1236e-2b94-4a4b-b107-44a2ee6669b6","knative.dev/key":"default/linpack-00001"}
{"severity":"INFO","timestamp":"2026-06-03T07:17:43.514880057Z","logger":"autoscaler","caller":"kpa/kpa.go:239","message":"Observed pod counts=kpa.podCounts{want:1, ready:1, notReady:1, pending:0, terminating:1}","knative.dev/controller":"knative.dev.serving.pkg.reconciler.autoscaling.kpa.Reconciler","knative.dev/kind":"autoscaling.internal.knative.dev.PodAutoscaler","knative.dev/traceid":"6bb1236e-2b94-4a4b-b107-44a2ee6669b6","knative.dev/key":"default/linpack-00001"}
{"severity":"INFO","timestamp":"2026-06-03T07:17:43.51490389Z","logger":"autoscaler","caller":"kpa/kpa.go:298","message":"KPA Status for revision default/linpack-00001 after reconcile: currentPods=1, desiredPods=1, conditions=[Active=True Ready=True SKSReady=True ScaleTargetInitialized=True]","knative.dev/controller":"knative.dev.serving.pkg.reconciler.autoscaling.kpa.Reconciler","knative.dev/kind":"autoscaling.internal.knative.dev.PodAutoscaler","knative.dev/traceid":"6bb1236e-2b94-4a4b-b107-44a2ee6669b6","knative.dev/key":"default/linpack-00001"}
{"severity":"INFO","timestamp":"2026-06-03T07:17:43.514955779Z","logger":"autoscaler","caller":"kpa/kpa.go:242","message":"Cold start final  took: 254.055µs","knative.dev/controller":"knative.dev.serving.pkg.reconciler.autoscaling.kpa.Reconciler","knative.dev/kind":"autoscaling.internal.knative.dev.PodAutoscaler","knative.dev/traceid":"6bb1236e-2b94-4a4b-b107-44a2ee6669b6","knative.dev/key":"default/linpack-00001"}
{"severity":"INFO","timestamp":"2026-06-03T07:17:43.515005223Z","logger":"autoscaler","caller":"controller/controller.go:530","message":"Reconcile succeeded","knative.dev/controller":"knative.dev.serving.pkg.reconciler.autoscaling.kpa.Reconciler","knative.dev/kind":"autoscaling.internal.knative.dev.PodAutoscaler","knative.dev/traceid":"6bb1236e-2b94-4a4b-b107-44a2ee6669b6","knative.dev/key":"default/linpack-00001","duration":"375.87µs"}
{"severity":"INFO","timestamp":"2026-06-03T07:17:45.421095968Z","logger":"autoscaler","caller":"scaling/autoscaler.go:207","message":"For metric concurrency observed values: stable = 0.5; panic = 1.0; target = 3.5 Desired StablePodCount = 1, PanicPodCount = 1, ReadyEndpointCount = 1, MaxScaleUp = 1000, MaxScaleDown = 0","knative.dev/key":"default/linpack-00001"}
{"severity":"INFO","timestamp":"2026-06-03T07:17:45.421136282Z","logger":"autoscaler","caller":"scaling/autoscaler.go:314","message":"Autoscaler: stable=0.537945 panic=0.954936 target=3.500000 pods=%!d(float64=1) desired=1 excessBC=-207.000000","knative.dev/key":"default/linpack-00001"}
{"severity":"INFO","timestamp":"2026-06-03T07:17:45.421154856Z","logger":"autoscaler","caller":"scaling/autoscaler.go:318","message":"⏱ Autoscaler decision: 110.297µs.","knative.dev/key":"default/linpack-00001"}
{"severity":"INFO","timestamp":"2026-06-03T07:17:45.421845207Z","logger":"autoscaler","caller":"scaling/autoscaler.go:207","message":"For metric concurrency observed values: stable = 1.0; panic = 0.3; target = 3.5 Desired StablePodCount = 1, PanicPodCount = 1, ReadyEndpointCount = 1, MaxScaleUp = 1000, MaxScaleDown = 0","knative.dev/key":"default/matrixmul-00001"}
{"severity":"INFO","timestamp":"2026-06-03T07:17:45.421871726Z","logger":"autoscaler","caller":"scaling/autoscaler.go:314","message":"Autoscaler: stable=0.953655 panic=0.348486 target=3.500000 pods=%!d(float64=1) desired=1 excessBC=-207.000000","knative.dev/key":"default/matrixmul-00001"}
{"severity":"INFO","timestamp":"2026-06-03T07:17:45.421886503Z","logger":"autoscaler","caller":"scaling/autoscaler.go:318","message":"⏱ Autoscaler decision: 84.333µs.","knative.dev/key":"default/matrixmul-00001"}
{"severity":"INFO","timestamp":"2026-06-03T07:17:45.423002779Z","logger":"autoscaler","caller":"scaling/autoscaler.go:207","message":"For metric concurrency observed values: stable = 0.2; panic = 0.3; target = 3.5 Desired StablePodCount = 1, PanicPodCount = 1, ReadyEndpointCount = 1, MaxScaleUp = 1000, MaxScaleDown = 0","knative.dev/key":"default/fetchdata-00001"}
{"severity":"INFO","timestamp":"2026-06-03T07:17:45.423025057Z","logger":"autoscaler","caller":"scaling/autoscaler.go:314","message":"Autoscaler: stable=0.214761 panic=0.316027 target=3.500000 pods=%!d(float64=1) desired=1 excessBC=-207.000000","knative.dev/key":"default/fetchdata-00001"}
{"severity":"INFO","timestamp":"2026-06-03T07:17:45.423039539Z","logger":"autoscaler","caller":"scaling/autoscaler.go:318","message":"⏱ Autoscaler decision: 67.018µs.","knative.dev/key":"default/fetchdata-00001"}
{"severity":"INFO","timestamp":"2026-06-03T07:17:45.423174964Z","logger":"autoscaler","caller":"scaling/autoscaler.go:207","message":"For metric concurrency observed values: stable = 0.1; panic = 0.1; target = 3.5 Desired StablePodCount = 1, PanicPodCount = 1, ReadyEndpointCount = 1, MaxScaleUp = 1000, MaxScaleDown = 0","knative.dev/key":"default/genmatrix-00001"}
{"severity":"INFO","timestamp":"2026-06-03T07:17:45.423190187Z","logger":"autoscaler","caller":"scaling/autoscaler.go:314","message":"Autoscaler: stable=0.091517 panic=0.071866 target=3.500000 pods=%!d(float64=1) desired=1 excessBC=-207.000000","knative.dev/key":"default/genmatrix-00001"}
{"severity":"INFO","timestamp":"2026-06-03T07:17:45.423201464Z","logger":"autoscaler","caller":"scaling/autoscaler.go:318","message":"⏱ Autoscaler decision: 46.167µs.","knative.dev/key":"default/genmatrix-00001"}
{"severity":"INFO","timestamp":"2026-06-03T07:17:45.423352223Z","logger":"autoscaler","caller":"scaling/autoscaler.go:207","message":"For metric concurrency observed values: stable = 0.5; panic = 0.5; target = 3.5 Desired StablePodCount = 1, PanicPodCount = 1, ReadyEndpointCount = 1, MaxScaleUp = 1000, MaxScaleDown = 0","knative.dev/key":"default/fastfouriertransform-00001"}
{"severity":"INFO","timestamp":"2026-06-03T07:17:45.423368371Z","logger":"autoscaler","caller":"scaling/autoscaler.go:314","message":"Autoscaler: stable=0.464226 panic=0.471460 target=3.500000 pods=%!d(float64=1) desired=1 excessBC=-207.000000","knative.dev/key":"default/fastfouriertransform-00001"}
{"severity":"INFO","timestamp":"2026-06-03T07:17:45.423393149Z","logger":"autoscaler","caller":"scaling/autoscaler.go:318","message":"⏱ Autoscaler decision: 59.315µs.","knative.dev/key":"default/fastfouriertransform-00001"}
{"severity":"INFO","timestamp":"2026-06-03T07:17:47.421041476Z","logger":"autoscaler","caller":"scaling/autoscaler.go:207","message":"For metric concurrency observed values: stable = 0.6; panic = 0.8; target = 3.5 Desired StablePodCount = 1, PanicPodCount = 1, ReadyEndpointCount = 1, MaxScaleUp = 1000, MaxScaleDown = 0","knative.dev/key":"default/linpack-00001"}
{"severity":"INFO","timestamp":"2026-06-03T07:17:47.421083976Z","logger":"autoscaler","caller":"scaling/autoscaler.go:314","message":"Autoscaler: stable=0.564085 panic=0.751167 target=3.500000 pods=%!d(float64=1) desired=1 excessBC=-207.000000","knative.dev/key":"default/linpack-00001"}
{"severity":"INFO","timestamp":"2026-06-03T07:17:47.421102346Z","logger":"autoscaler","caller":"scaling/autoscaler.go:318","message":"⏱ Autoscaler decision: 77.444µs.","knative.dev/key":"default/linpack-00001"}
{"severity":"INFO","timestamp":"2026-06-03T07:17:47.422590918Z","logger":"autoscaler","caller":"scaling/autoscaler.go:207","message":"For metric concurrency observed values: stable = 0.5; panic = 0.7; target = 3.5 Desired StablePodCount = 1, PanicPodCount = 1, ReadyEndpointCount = 1, MaxScaleUp = 1000, MaxScaleDown = 0","knative.dev/key":"default/fastfouriertransform-00001"}
{"severity":"INFO","timestamp":"2026-06-03T07:17:47.422622233Z","logger":"autoscaler","caller":"scaling/autoscaler.go:314","message":"Autoscaler: stable=0.489956 panic=0.653644 target=3.500000 pods=%!d(float64=1) desired=1 excessBC=-207.000000","knative.dev/key":"default/fastfouriertransform-00001"}
{"severity":"INFO","timestamp":"2026-06-03T07:17:47.422637307Z","logger":"autoscaler","caller":"scaling/autoscaler.go:318","message":"⏱ Autoscaler decision: 67.889µs.","knative.dev/key":"default/fastfouriertransform-00001"}
{"severity":"INFO","timestamp":"2026-06-03T07:17:47.422663048Z","logger":"autoscaler","caller":"scaling/autoscaler.go:207","message":"For metric concurrency observed values: stable = 0.9; panic = 0.4; target = 3.5 Desired StablePodCount = 1, PanicPodCount = 1, ReadyEndpointCount = 1, MaxScaleUp = 1000, MaxScaleDown = 0","knative.dev/key":"default/matrixmul-00001"}
{"severity":"INFO","timestamp":"2026-06-03T07:17:47.422675937Z","logger":"autoscaler","caller":"scaling/autoscaler.go:314","message":"Autoscaler: stable=0.945877 panic=0.357673 target=3.500000 pods=%!d(float64=1) desired=1 excessBC=-207.000000","knative.dev/key":"default/matrixmul-00001"}
{"severity":"INFO","timestamp":"2026-06-03T07:17:47.422687325Z","logger":"autoscaler","caller":"scaling/autoscaler.go:318","message":"⏱ Autoscaler decision: 32.981µs.","knative.dev/key":"default/matrixmul-00001"}
{"severity":"INFO","timestamp":"2026-06-03T07:17:47.422769733Z","logger":"autoscaler","caller":"scaling/autoscaler.go:207","message":"For metric concurrency observed values: stable = 0.2; panic = 0.2; target = 3.5 Desired StablePodCount = 1, PanicPodCount = 1, ReadyEndpointCount = 1, MaxScaleUp = 1000, MaxScaleDown = 0","knative.dev/key":"default/fetchdata-00001"}
{"severity":"INFO","timestamp":"2026-06-03T07:17:47.422787807Z","logger":"autoscaler","caller":"scaling/autoscaler.go:314","message":"Autoscaler: stable=0.214237 panic=0.179732 target=3.500000 pods=%!d(float64=1) desired=1 excessBC=-207.000000","knative.dev/key":"default/fetchdata-00001"}
{"severity":"INFO","timestamp":"2026-06-03T07:17:47.422798992Z","logger":"autoscaler","caller":"scaling/autoscaler.go:318","message":"⏱ Autoscaler decision: 82.371µs.","knative.dev/key":"default/fetchdata-00001"}
{"severity":"INFO","timestamp":"2026-06-03T07:17:47.423415676Z","logger":"autoscaler","caller":"scaling/autoscaler.go:207","message":"For metric concurrency observed values: stable = 0.1; panic = 0.1; target = 3.5 Desired StablePodCount = 1, PanicPodCount = 1, ReadyEndpointCount = 1, MaxScaleUp = 1000, MaxScaleDown = 0","knative.dev/key":"default/genmatrix-00001"}
{"severity":"INFO","timestamp":"2026-06-03T07:17:47.423512121Z","logger":"autoscaler","caller":"scaling/autoscaler.go:314","message":"Autoscaler: stable=0.092075 panic=0.062684 target=3.500000 pods=%!d(float64=1) desired=1 excessBC=-207.000000","knative.dev/key":"default/genmatrix-00001"}
{"severity":"INFO","timestamp":"2026-06-03T07:17:47.423534639Z","logger":"autoscaler","caller":"scaling/autoscaler.go:318","message":"⏱ Autoscaler decision: 147.481µs.","knative.dev/key":"default/genmatrix-00001"}
{"severity":"INFO","timestamp":"2026-06-03T07:17:49.421212336Z","logger":"autoscaler","caller":"scaling/autoscaler.go:207","message":"For metric concurrency observed values: stable = 0.6; panic = 0.5; target = 3.5 Desired StablePodCount = 1, PanicPodCount = 1, ReadyEndpointCount = 1, MaxScaleUp = 1000, MaxScaleDown = 0","knative.dev/key":"default/linpack-00001"}
{"severity":"INFO","timestamp":"2026-06-03T07:17:49.421453243Z","logger":"autoscaler","caller":"scaling/autoscaler.go:314","message":"Autoscaler: stable=0.553014 panic=0.465339 target=3.500000 pods=%!d(float64=1) desired=1 excessBC=-207.000000","knative.dev/key":"default/linpack-00001"}
{"severity":"INFO","timestamp":"2026-06-03T07:17:49.421484651Z","logger":"autoscaler","caller":"scaling/autoscaler.go:318","message":"⏱ Autoscaler decision: 299.314µs.","knative.dev/key":"default/linpack-00001"}
{"severity":"INFO","timestamp":"2026-06-03T07:17:49.421887798Z","logger":"autoscaler","caller":"scaling/autoscaler.go:207","message":"For metric concurrency observed values: stable = 1.0; panic = 0.6; target = 3.5 Desired StablePodCount = 1, PanicPodCount = 1, ReadyEndpointCount = 1, MaxScaleUp = 1000, MaxScaleDown = 0","knative.dev/key":"default/matrixmul-00001"}
{"severity":"INFO","timestamp":"2026-06-03T07:17:49.42191165Z","logger":"autoscaler","caller":"scaling/autoscaler.go:314","message":"Autoscaler: stable=0.961908 panic=0.606127 target=3.500000 pods=%!d(float64=1) desired=1 excessBC=-207.000000","knative.dev/key":"default/matrixmul-00001"}
{"severity":"INFO","timestamp":"2026-06-03T07:17:49.421925076Z","logger":"autoscaler","caller":"scaling/autoscaler.go:318","message":"⏱ Autoscaler decision: 67.371µs.","knative.dev/key":"default/matrixmul-00001"}
{"severity":"INFO","timestamp":"2026-06-03T07:17:49.42305976Z","logger":"autoscaler","caller":"scaling/autoscaler.go:207","message":"For metric concurrency observed values: stable = 0.2; panic = 0.2; target = 3.5 Desired StablePodCount = 1, PanicPodCount = 1, ReadyEndpointCount = 1, MaxScaleUp = 1000, MaxScaleDown = 0","knative.dev/key":"default/fetchdata-00001"}
{"severity":"INFO","timestamp":"2026-06-03T07:17:49.423081352Z","logger":"autoscaler","caller":"scaling/autoscaler.go:314","message":"Autoscaler: stable=0.213402 panic=0.177221 target=3.500000 pods=%!d(float64=1) desired=1 excessBC=-207.000000","knative.dev/key":"default/fetchdata-00001"}
{"severity":"INFO","timestamp":"2026-06-03T07:17:49.423095463Z","logger":"autoscaler","caller":"scaling/autoscaler.go:318","message":"⏱ Autoscaler decision: 55.537µs.","knative.dev/key":"default/fetchdata-00001"}
{"severity":"INFO","timestamp":"2026-06-03T07:17:49.423130815Z","logger":"autoscaler","caller":"scaling/autoscaler.go:207","message":"For metric concurrency observed values: stable = 0.1; panic = 0.0; target = 3.5 Desired StablePodCount = 1, PanicPodCount = 1, ReadyEndpointCount = 1, MaxScaleUp = 1000, MaxScaleDown = 0","knative.dev/key":"default/genmatrix-00001"}
{"severity":"INFO","timestamp":"2026-06-03T07:17:49.423140426Z","logger":"autoscaler","caller":"scaling/autoscaler.go:314","message":"Autoscaler: stable=0.091458 panic=0.026882 target=3.500000 pods=%!d(float64=1) desired=1 excessBC=-207.000000","knative.dev/key":"default/genmatrix-00001"}
{"severity":"INFO","timestamp":"2026-06-03T07:17:49.423151519Z","logger":"autoscaler","caller":"scaling/autoscaler.go:318","message":"⏱ Autoscaler decision: 26.982µs.","knative.dev/key":"default/genmatrix-00001"}
{"severity":"INFO","timestamp":"2026-06-03T07:17:49.423389333Z","logger":"autoscaler","caller":"scaling/autoscaler.go:207","message":"For metric concurrency observed values: stable = 0.5; panic = 0.9; target = 3.5 Desired StablePodCount = 1, PanicPodCount = 1, ReadyEndpointCount = 1, MaxScaleUp = 1000, MaxScaleDown = 0","knative.dev/key":"default/fastfouriertransform-00001"}
{"severity":"INFO","timestamp":"2026-06-03T07:17:49.423410722Z","logger":"autoscaler","caller":"scaling/autoscaler.go:314","message":"Autoscaler: stable=0.504610 panic=0.903029 target=3.500000 pods=%!d(float64=1) desired=1 excessBC=-207.000000","knative.dev/key":"default/fastfouriertransform-00001"}
{"severity":"INFO","timestamp":"2026-06-03T07:17:49.423429444Z","logger":"autoscaler","caller":"scaling/autoscaler.go:318","message":"⏱ Autoscaler decision: 45.111µs.","knative.dev/key":"default/fastfouriertransform-00001"}
{"severity":"INFO","timestamp":"2026-06-03T07:17:51.42103079Z","logger":"autoscaler","caller":"scaling/autoscaler.go:207","message":"For metric concurrency observed values: stable = 0.5; panic = 0.2; target = 3.5 Desired StablePodCount = 1, PanicPodCount = 1, ReadyEndpointCount = 1, MaxScaleUp = 1000, MaxScaleDown = 0","knative.dev/key":"default/linpack-00001"}
{"severity":"INFO","timestamp":"2026-06-03T07:17:51.421086123Z","logger":"autoscaler","caller":"scaling/autoscaler.go:314","message":"Autoscaler: stable=0.548501 panic=0.172909 target=3.500000 pods=%!d(float64=1) desired=1 excessBC=-207.000000","knative.dev/key":"default/linpack-00001"}
{"severity":"INFO","timestamp":"2026-06-03T07:17:51.421112734Z","logger":"autoscaler","caller":"scaling/autoscaler.go:318","message":"⏱ Autoscaler decision: 99.666µs.","knative.dev/key":"default/linpack-00001"}
{"severity":"INFO","timestamp":"2026-06-03T07:17:51.421712659Z","logger":"autoscaler","caller":"scaling/autoscaler.go:207","message":"For metric concurrency observed values: stable = 0.9; panic = 0.6; target = 3.5 Desired StablePodCount = 1, PanicPodCount = 1, ReadyEndpointCount = 1, MaxScaleUp = 1000, MaxScaleDown = 0","knative.dev/key":"default/matrixmul-00001"}
{"severity":"INFO","timestamp":"2026-06-03T07:17:51.421755233Z","logger":"autoscaler","caller":"scaling/autoscaler.go:314","message":"Autoscaler: stable=0.900427 panic=0.633706 target=3.500000 pods=%!d(float64=1) desired=1 excessBC=-207.000000","knative.dev/key":"default/matrixmul-00001"}
{"severity":"INFO","timestamp":"2026-06-03T07:17:51.421775622Z","logger":"autoscaler","caller":"scaling/autoscaler.go:318","message":"⏱ Autoscaler decision: 101.963µs.","knative.dev/key":"default/matrixmul-00001"}
{"severity":"INFO","timestamp":"2026-06-03T07:17:51.422978861Z","logger":"autoscaler","caller":"scaling/autoscaler.go:207","message":"For metric concurrency observed values: stable = 0.2; panic = 0.3; target = 3.5 Desired StablePodCount = 1, PanicPodCount = 1, ReadyEndpointCount = 1, MaxScaleUp = 1000, MaxScaleDown = 0","knative.dev/key":"default/fetchdata-00001"}
{"severity":"INFO","timestamp":"2026-06-03T07:17:51.423009009Z","logger":"autoscaler","caller":"scaling/autoscaler.go:314","message":"Autoscaler: stable=0.223333 panic=0.322706 target=3.500000 pods=%!d(float64=1) desired=1 excessBC=-207.000000","knative.dev/key":"default/fetchdata-00001"}
{"severity":"INFO","timestamp":"2026-06-03T07:17:51.423028231Z","logger":"autoscaler","caller":"scaling/autoscaler.go:318","message":"⏱ Autoscaler decision: 108.055µs.","knative.dev/key":"default/fetchdata-00001"}
{"severity":"INFO","timestamp":"2026-06-03T07:17:51.423201398Z","logger":"autoscaler","caller":"scaling/autoscaler.go:207","message":"For metric concurrency observed values: stable = 0.1; panic = 0.2; target = 3.5 Desired StablePodCount = 1, PanicPodCount = 1, ReadyEndpointCount = 1, MaxScaleUp = 1000, MaxScaleDown = 0","knative.dev/key":"default/genmatrix-00001"}
{"severity":"INFO","timestamp":"2026-06-03T07:17:51.423229416Z","logger":"autoscaler","caller":"scaling/autoscaler.go:314","message":"Autoscaler: stable=0.108597 panic=0.209277 target=3.500000 pods=%!d(float64=1) desired=1 excessBC=-207.000000","knative.dev/key":"default/genmatrix-00001"}
{"severity":"INFO","timestamp":"2026-06-03T07:17:51.42325025Z","logger":"autoscaler","caller":"scaling/autoscaler.go:318","message":"⏱ Autoscaler decision: 65.926µs.","knative.dev/key":"default/genmatrix-00001"}
{"severity":"INFO","timestamp":"2026-06-03T07:17:51.423570934Z","logger":"autoscaler","caller":"scaling/autoscaler.go:207","message":"For metric concurrency observed values: stable = 0.6; panic = 1.4; target = 3.5 Desired StablePodCount = 1, PanicPodCount = 1, ReadyEndpointCount = 1, MaxScaleUp = 1000, MaxScaleDown = 0","knative.dev/key":"default/fastfouriertransform-00001"}
{"severity":"INFO","timestamp":"2026-06-03T07:17:51.42360636Z","logger":"autoscaler","caller":"scaling/autoscaler.go:314","message":"Autoscaler: stable=0.570597 panic=1.361950 target=3.500000 pods=%!d(float64=1) desired=1 excessBC=-208.000000","knative.dev/key":"default/fastfouriertransform-00001"}
{"severity":"INFO","timestamp":"2026-06-03T07:17:51.423629138Z","logger":"autoscaler","caller":"scaling/autoscaler.go:318","message":"⏱ Autoscaler decision: 70.703µs.","knative.dev/key":"default/fastfouriertransform-00001"}
{"severity":"INFO","timestamp":"2026-06-03T07:17:53.42163952Z","logger":"autoscaler","caller":"scaling/autoscaler.go:207","message":"For metric concurrency observed values: stable = 0.9; panic = 1.3; target = 3.5 Desired StablePodCount = 1, PanicPodCount = 1, ReadyEndpointCount = 1, MaxScaleUp = 1000, MaxScaleDown = 0","knative.dev/key":"default/matrixmul-00001"}
{"severity":"INFO","timestamp":"2026-06-03T07:17:53.421700002Z","logger":"autoscaler","caller":"scaling/autoscaler.go:314","message":"Autoscaler: stable=0.893750 panic=1.250525 target=3.500000 pods=%!d(float64=1) desired=1 excessBC=-208.000000","knative.dev/key":"default/matrixmul-00001"}
{"severity":"INFO","timestamp":"2026-06-03T07:17:53.42172339Z","logger":"autoscaler","caller":"scaling/autoscaler.go:318","message":"⏱ Autoscaler decision: 97.556µs.","knative.dev/key":"default/matrixmul-00001"}
{"severity":"INFO","timestamp":"2026-06-03T07:17:53.421409539Z","logger":"autoscaler","caller":"scaling/autoscaler.go:207","message":"For metric concurrency observed values: stable = 0.6; panic = 0.4; target = 3.5 Desired StablePodCount = 1, PanicPodCount = 1, ReadyEndpointCount = 1, MaxScaleUp = 1000, MaxScaleDown = 0","knative.dev/key":"default/linpack-00001"}
{"severity":"INFO","timestamp":"2026-06-03T07:17:53.421757501Z","logger":"autoscaler","caller":"scaling/autoscaler.go:314","message":"Autoscaler: stable=0.564534 panic=0.362423 target=3.500000 pods=%!d(float64=1) desired=1 excessBC=-207.000000","knative.dev/key":"default/linpack-00001"}
{"severity":"INFO","timestamp":"2026-06-03T07:17:53.421775631Z","logger":"autoscaler","caller":"scaling/autoscaler.go:318","message":"⏱ Autoscaler decision: 405.425µs.","knative.dev/key":"default/linpack-00001"}
{"severity":"INFO","timestamp":"2026-06-03T07:17:53.423209499Z","logger":"autoscaler","caller":"scaling/autoscaler.go:207","message":"For metric concurrency observed values: stable = 0.1; panic = 0.2; target = 3.5 Desired StablePodCount = 1, PanicPodCount = 1, ReadyEndpointCount = 1, MaxScaleUp = 1000, MaxScaleDown = 0","knative.dev/key":"default/genmatrix-00001"}
{"severity":"INFO","timestamp":"2026-06-03T07:17:53.423248925Z","logger":"autoscaler","caller":"scaling/autoscaler.go:314","message":"Autoscaler: stable=0.092449 panic=0.214532 target=3.500000 pods=%!d(float64=1) desired=1 excessBC=-207.000000","knative.dev/key":"default/genmatrix-00001"}
{"severity":"INFO","timestamp":"2026-06-03T07:17:53.423267407Z","logger":"autoscaler","caller":"scaling/autoscaler.go:318","message":"⏱ Autoscaler decision: 85.981µs.","knative.dev/key":"default/genmatrix-00001"}
{"severity":"INFO","timestamp":"2026-06-03T07:17:53.42374448Z","logger":"autoscaler","caller":"scaling/autoscaler.go:207","message":"For metric concurrency observed values: stable = 0.6; panic = 1.6; target = 3.5 Desired StablePodCount = 1, PanicPodCount = 1, ReadyEndpointCount = 1, MaxScaleUp = 1000, MaxScaleDown = 0","knative.dev/key":"default/fastfouriertransform-00001"}
{"severity":"INFO","timestamp":"2026-06-03T07:17:53.423787221Z","logger":"autoscaler","caller":"scaling/autoscaler.go:314","message":"Autoscaler: stable=0.609702 panic=1.571686 target=3.500000 pods=%!d(float64=1) desired=1 excessBC=-208.000000","knative.dev/key":"default/fastfouriertransform-00001"}
{"severity":"INFO","timestamp":"2026-06-03T07:17:53.423811035Z","logger":"autoscaler","caller":"scaling/autoscaler.go:318","message":"⏱ Autoscaler decision: 81.593µs.","knative.dev/key":"default/fastfouriertransform-00001"}
{"severity":"INFO","timestamp":"2026-06-03T07:17:53.423842517Z","logger":"autoscaler","caller":"scaling/autoscaler.go:207","message":"For metric concurrency observed values: stable = 0.2; panic = 0.4; target = 3.5 Desired StablePodCount = 1, PanicPodCount = 1, ReadyEndpointCount = 1, MaxScaleUp = 1000, MaxScaleDown = 0","knative.dev/key":"default/fetchdata-00001"}
{"severity":"INFO","timestamp":"2026-06-03T07:17:53.423857591Z","logger":"autoscaler","caller":"scaling/autoscaler.go:314","message":"Autoscaler: stable=0.233417 panic=0.357105 target=3.500000 pods=%!d(float64=1) desired=1 excessBC=-207.000000","knative.dev/key":"default/fetchdata-00001"}
{"severity":"INFO","timestamp":"2026-06-03T07:17:53.423869702Z","logger":"autoscaler","caller":"scaling/autoscaler.go:318","message":"⏱ Autoscaler decision: 36.481µs.","knative.dev/key":"default/fetchdata-00001"}
{"severity":"INFO","timestamp":"2026-06-03T07:17:55.421921658Z","logger":"autoscaler","caller":"scaling/autoscaler.go:207","message":"For metric concurrency observed values: stable = 0.9; panic = 0.8; target = 3.5 Desired StablePodCount = 1, PanicPodCount = 1, ReadyEndpointCount = 1, MaxScaleUp = 1000, MaxScaleDown = 0","knative.dev/key":"default/matrixmul-00001"}
{"severity":"INFO","timestamp":"2026-06-03T07:17:55.421977732Z","logger":"autoscaler","caller":"scaling/autoscaler.go:314","message":"Autoscaler: stable=0.894540 panic=0.798869 target=3.500000 pods=%!d(float64=1) desired=1 excessBC=-207.000000","knative.dev/key":"default/matrixmul-00001"}
{"severity":"INFO","timestamp":"2026-06-03T07:17:55.422009936Z","logger":"autoscaler","caller":"scaling/autoscaler.go:318","message":"⏱ Autoscaler decision: 129.76µs.","knative.dev/key":"default/matrixmul-00001"}
{"severity":"INFO","timestamp":"2026-06-03T07:17:55.422396102Z","logger":"autoscaler","caller":"scaling/autoscaler.go:207","message":"For metric concurrency observed values: stable = 0.7; panic = 1.5; target = 3.5 Desired StablePodCount = 1, PanicPodCount = 1, ReadyEndpointCount = 1, MaxScaleUp = 1000, MaxScaleDown = 0","knative.dev/key":"default/fastfouriertransform-00001"}
{"severity":"INFO","timestamp":"2026-06-03T07:17:55.422433509Z","logger":"autoscaler","caller":"scaling/autoscaler.go:314","message":"Autoscaler: stable=0.655434 panic=1.528594 target=3.500000 pods=%!d(float64=1) desired=1 excessBC=-208.000000","knative.dev/key":"default/fastfouriertransform-00001"}
{"severity":"INFO","timestamp":"2026-06-03T07:17:55.422455195Z","logger":"autoscaler","caller":"scaling/autoscaler.go:318","message":"⏱ Autoscaler decision: 85.907µs.","knative.dev/key":"default/fastfouriertransform-00001"}
{"severity":"INFO","timestamp":"2026-06-03T07:17:55.422503269Z","logger":"autoscaler","caller":"scaling/autoscaler.go:207","message":"For metric concurrency observed values: stable = 0.6; panic = 1.1; target = 3.5 Desired StablePodCount = 1, PanicPodCount = 1, ReadyEndpointCount = 1, MaxScaleUp = 1000, MaxScaleDown = 0","knative.dev/key":"default/linpack-00001"}
{"severity":"INFO","timestamp":"2026-06-03T07:17:55.422528694Z","logger":"autoscaler","caller":"scaling/autoscaler.go:314","message":"Autoscaler: stable=0.625484 panic=1.109154 target=3.500000 pods=%!d(float64=1) desired=1 excessBC=-208.000000","knative.dev/key":"default/linpack-00001"}
{"severity":"INFO","timestamp":"2026-06-03T07:17:55.422546546Z","logger":"autoscaler","caller":"scaling/autoscaler.go:318","message":"⏱ Autoscaler decision: 55.26µs.","knative.dev/key":"default/linpack-00001"}
{"severity":"INFO","timestamp":"2026-06-03T07:17:55.42275999Z","logger":"autoscaler","caller":"scaling/autoscaler.go:207","message":"For metric concurrency observed values: stable = 0.2; panic = 0.5; target = 3.5 Desired StablePodCount = 1, PanicPodCount = 1, ReadyEndpointCount = 1, MaxScaleUp = 1000, MaxScaleDown = 0","knative.dev/key":"default/fetchdata-00001"}
{"severity":"INFO","timestamp":"2026-06-03T07:17:55.422796898Z","logger":"autoscaler","caller":"scaling/autoscaler.go:314","message":"Autoscaler: stable=0.235851 panic=0.458013 target=3.500000 pods=%!d(float64=1) desired=1 excessBC=-207.000000","knative.dev/key":"default/fetchdata-00001"}
{"severity":"INFO","timestamp":"2026-06-03T07:17:55.422820879Z","logger":"autoscaler","caller":"scaling/autoscaler.go:318","message":"⏱ Autoscaler decision: 75.648µs.","knative.dev/key":"default/fetchdata-00001"}
{"severity":"INFO","timestamp":"2026-06-03T07:17:55.423142231Z","logger":"autoscaler","caller":"scaling/autoscaler.go:207","message":"For metric concurrency observed values: stable = 0.1; panic = 0.0; target = 3.5 Desired StablePodCount = 1, PanicPodCount = 1, ReadyEndpointCount = 1, MaxScaleUp = 1000, MaxScaleDown = 0","knative.dev/key":"default/genmatrix-00001"}
{"severity":"INFO","timestamp":"2026-06-03T07:17:55.423169268Z","logger":"autoscaler","caller":"scaling/autoscaler.go:314","message":"Autoscaler: stable=0.092273 panic=0.019927 target=3.500000 pods=%!d(float64=1) desired=1 excessBC=-207.000000","knative.dev/key":"default/genmatrix-00001"}
{"severity":"INFO","timestamp":"2026-06-03T07:17:55.423193971Z","logger":"autoscaler","caller":"scaling/autoscaler.go:318","message":"⏱ Autoscaler decision: 62.537µs.","knative.dev/key":"default/genmatrix-00001"}
{"severity":"INFO","timestamp":"2026-06-03T07:17:57.421086298Z","logger":"autoscaler","caller":"scaling/autoscaler.go:207","message":"For metric concurrency observed values: stable = 0.6; panic = 1.2; target = 3.5 Desired StablePodCount = 1, PanicPodCount = 1, ReadyEndpointCount = 1, MaxScaleUp = 1000, MaxScaleDown = 0","knative.dev/key":"default/linpack-00001"}
{"severity":"INFO","timestamp":"2026-06-03T07:17:57.421130261Z","logger":"autoscaler","caller":"scaling/autoscaler.go:314","message":"Autoscaler: stable=0.613321 panic=1.208362 target=3.500000 pods=%!d(float64=1) desired=1 excessBC=-208.000000","knative.dev/key":"default/linpack-00001"}
{"severity":"INFO","timestamp":"2026-06-03T07:17:57.421151058Z","logger":"autoscaler","caller":"scaling/autoscaler.go:318","message":"⏱ Autoscaler decision: 79.981µs.","knative.dev/key":"default/linpack-00001"}
{"severity":"INFO","timestamp":"2026-06-03T07:17:57.422667352Z","logger":"autoscaler","caller":"scaling/autoscaler.go:207","message":"For metric concurrency observed values: stable = 0.7; panic = 1.2; target = 3.5 Desired StablePodCount = 1, PanicPodCount = 1, ReadyEndpointCount = 1, MaxScaleUp = 1000, MaxScaleDown = 0","knative.dev/key":"default/fastfouriertransform-00001"}
{"severity":"INFO","timestamp":"2026-06-03T07:17:57.422709981Z","logger":"autoscaler","caller":"scaling/autoscaler.go:314","message":"Autoscaler: stable=0.666831 panic=1.158290 target=3.500000 pods=%!d(float64=1) desired=1 excessBC=-208.000000","knative.dev/key":"default/fastfouriertransform-00001"}
{"severity":"INFO","timestamp":"2026-06-03T07:17:57.422726518Z","logger":"autoscaler","caller":"scaling/autoscaler.go:318","message":"⏱ Autoscaler decision: 90.667µs.","knative.dev/key":"default/fastfouriertransform-00001"}
{"severity":"INFO","timestamp":"2026-06-03T07:17:57.422750111Z","logger":"autoscaler","caller":"scaling/autoscaler.go:207","message":"For metric concurrency observed values: stable = 0.2; panic = 0.3; target = 3.5 Desired StablePodCount = 1, PanicPodCount = 1, ReadyEndpointCount = 1, MaxScaleUp = 1000, MaxScaleDown = 0","knative.dev/key":"default/fetchdata-00001"}
{"severity":"INFO","timestamp":"2026-06-03T07:17:57.422759592Z","logger":"autoscaler","caller":"scaling/autoscaler.go:314","message":"Autoscaler: stable=0.238813 panic=0.304992 target=3.500000 pods=%!d(float64=1) desired=1 excessBC=-207.000000","knative.dev/key":"default/fetchdata-00001"}
{"severity":"INFO","timestamp":"2026-06-03T07:17:57.422778407Z","logger":"autoscaler","caller":"scaling/autoscaler.go:318","message":"⏱ Autoscaler decision: 36.889µs.","knative.dev/key":"default/fetchdata-00001"}
{"severity":"INFO","timestamp":"2026-06-03T07:17:57.422797129Z","logger":"autoscaler","caller":"scaling/autoscaler.go:207","message":"For metric concurrency observed values: stable = 0.9; panic = 0.7; target = 3.5 Desired StablePodCount = 1, PanicPodCount = 1, ReadyEndpointCount = 1, MaxScaleUp = 1000, MaxScaleDown = 0","knative.dev/key":"default/matrixmul-00001"}
{"severity":"INFO","timestamp":"2026-06-03T07:17:57.422805722Z","logger":"autoscaler","caller":"scaling/autoscaler.go:314","message":"Autoscaler: stable=0.900967 panic=0.656669 target=3.500000 pods=%!d(float64=1) desired=1 excessBC=-207.000000","knative.dev/key":"default/matrixmul-00001"}
{"severity":"INFO","timestamp":"2026-06-03T07:17:57.422815888Z","logger":"autoscaler","caller":"scaling/autoscaler.go:318","message":"⏱ Autoscaler decision: 25.166µs.","knative.dev/key":"default/matrixmul-00001"}
{"severity":"INFO","timestamp":"2026-06-03T07:17:57.423128018Z","logger":"autoscaler","caller":"scaling/autoscaler.go:207","message":"For metric concurrency observed values: stable = 0.1; panic = 0.0; target = 3.5 Desired StablePodCount = 1, PanicPodCount = 1, ReadyEndpointCount = 1, MaxScaleUp = 1000, MaxScaleDown = 0","knative.dev/key":"default/genmatrix-00001"}
{"severity":"INFO","timestamp":"2026-06-03T07:17:57.423148888Z","logger":"autoscaler","caller":"scaling/autoscaler.go:314","message":"Autoscaler: stable=0.092029 panic=0.037035 target=3.500000 pods=%!d(float64=1) desired=1 excessBC=-207.000000","knative.dev/key":"default/genmatrix-00001"}
{"severity":"INFO","timestamp":"2026-06-03T07:17:57.423184832Z","logger":"autoscaler","caller":"scaling/autoscaler.go:318","message":"⏱ Autoscaler decision: 65.222µs.","knative.dev/key":"default/genmatrix-00001"}
{"severity":"INFO","timestamp":"2026-06-03T07:17:59.421636251Z","logger":"autoscaler","caller":"scaling/autoscaler.go:207","message":"For metric concurrency observed values: stable = 0.9; panic = 0.8; target = 3.5 Desired StablePodCount = 1, PanicPodCount = 1, ReadyEndpointCount = 1, MaxScaleUp = 1000, MaxScaleDown = 0","knative.dev/key":"default/matrixmul-00001"}
{"severity":"INFO","timestamp":"2026-06-03T07:17:59.421674233Z","logger":"autoscaler","caller":"scaling/autoscaler.go:314","message":"Autoscaler: stable=0.905410 panic=0.753622 target=3.500000 pods=%!d(float64=1) desired=1 excessBC=-207.000000","knative.dev/key":"default/matrixmul-00001"}
{"severity":"INFO","timestamp":"2026-06-03T07:17:59.421693344Z","logger":"autoscaler","caller":"scaling/autoscaler.go:318","message":"⏱ Autoscaler decision: 64.555µs.","knative.dev/key":"default/matrixmul-00001"}
{"severity":"INFO","timestamp":"2026-06-03T07:17:59.421438289Z","logger":"autoscaler","caller":"scaling/autoscaler.go:207","message":"For metric concurrency observed values: stable = 0.6; panic = 0.9; target = 3.5 Desired StablePodCount = 1, PanicPodCount = 1, ReadyEndpointCount = 1, MaxScaleUp = 1000, MaxScaleDown = 0","knative.dev/key":"default/linpack-00001"}
{"severity":"INFO","timestamp":"2026-06-03T07:17:59.421711177Z","logger":"autoscaler","caller":"scaling/autoscaler.go:314","message":"Autoscaler: stable=0.635720 panic=0.919204 target=3.500000 pods=%!d(float64=1) desired=1 excessBC=-207.000000","knative.dev/key":"default/linpack-00001"}
{"severity":"INFO","timestamp":"2026-06-03T07:17:59.421748307Z","logger":"autoscaler","caller":"scaling/autoscaler.go:318","message":"⏱ Autoscaler decision: 340.962µs.","knative.dev/key":"default/linpack-00001"}
{"severity":"INFO","timestamp":"2026-06-03T07:17:59.422406194Z","logger":"autoscaler","caller":"scaling/autoscaler.go:207","message":"For metric concurrency observed values: stable = 0.6; panic = 0.6; target = 3.5 Desired StablePodCount = 1, PanicPodCount = 1, ReadyEndpointCount = 1, MaxScaleUp = 1000, MaxScaleDown = 0","knative.dev/key":"default/fastfouriertransform-00001"}
{"severity":"INFO","timestamp":"2026-06-03T07:17:59.422430583Z","logger":"autoscaler","caller":"scaling/autoscaler.go:314","message":"Autoscaler: stable=0.646472 panic=0.570161 target=3.500000 pods=%!d(float64=1) desired=1 excessBC=-207.000000","knative.dev/key":"default/fastfouriertransform-00001"}
{"severity":"INFO","timestamp":"2026-06-03T07:17:59.422444065Z","logger":"autoscaler","caller":"scaling/autoscaler.go:318","message":"⏱ Autoscaler decision: 51.185µs.","knative.dev/key":"default/fastfouriertransform-00001"}
{"severity":"INFO","timestamp":"2026-06-03T07:17:59.422859712Z","logger":"autoscaler","caller":"scaling/autoscaler.go:207","message":"For metric concurrency observed values: stable = 0.2; panic = 0.2; target = 3.5 Desired StablePodCount = 1, PanicPodCount = 1, ReadyEndpointCount = 1, MaxScaleUp = 1000, MaxScaleDown = 0","knative.dev/key":"default/fetchdata-00001"}
{"severity":"INFO","timestamp":"2026-06-03T07:17:59.422903583Z","logger":"autoscaler","caller":"scaling/autoscaler.go:314","message":"Autoscaler: stable=0.221025 panic=0.170220 target=3.500000 pods=%!d(float64=1) desired=1 excessBC=-207.000000","knative.dev/key":"default/fetchdata-00001"}
{"severity":"INFO","timestamp":"2026-06-03T07:17:59.423243064Z","logger":"autoscaler","caller":"scaling/autoscaler.go:318","message":"⏱ Autoscaler decision: 393.444µs.","knative.dev/key":"default/fetchdata-00001"}
{"severity":"INFO","timestamp":"2026-06-03T07:17:59.423279915Z","logger":"autoscaler","caller":"scaling/autoscaler.go:207","message":"For metric concurrency observed values: stable = 0.1; panic = 0.0; target = 3.5 Desired StablePodCount = 1, PanicPodCount = 1, ReadyEndpointCount = 1, MaxScaleUp = 1000, MaxScaleDown = 0","knative.dev/key":"default/genmatrix-00001"}
{"severity":"INFO","timestamp":"2026-06-03T07:17:59.423291915Z","logger":"autoscaler","caller":"scaling/autoscaler.go:314","message":"Autoscaler: stable=0.092537 panic=0.038090 target=3.500000 pods=%!d(float64=1) desired=1 excessBC=-207.000000","knative.dev/key":"default/genmatrix-00001"}
{"severity":"INFO","timestamp":"2026-06-03T07:17:59.423302823Z","logger":"autoscaler","caller":"scaling/autoscaler.go:318","message":"⏱ Autoscaler decision: 36.685µs.","knative.dev/key":"default/genmatrix-00001"}
{"severity":"INFO","timestamp":"2026-06-03T07:18:01.421330668Z","logger":"autoscaler","caller":"scaling/autoscaler.go:207","message":"For metric concurrency observed values: stable = 0.7; panic = 1.2; target = 3.5 Desired StablePodCount = 1, PanicPodCount = 1, ReadyEndpointCount = 1, MaxScaleUp = 1000, MaxScaleDown = 0","knative.dev/key":"default/linpack-00001"}
{"severity":"INFO","timestamp":"2026-06-03T07:18:01.42138065Z","logger":"autoscaler","caller":"scaling/autoscaler.go:314","message":"Autoscaler: stable=0.673685 panic=1.175089 target=3.500000 pods=%!d(float64=1) desired=1 excessBC=-208.000000","knative.dev/key":"default/linpack-00001"}
{"severity":"INFO","timestamp":"2026-06-03T07:18:01.421396835Z","logger":"autoscaler","caller":"scaling/autoscaler.go:318","message":"⏱ Autoscaler decision: 100.482µs.","knative.dev/key":"default/linpack-00001"}
{"severity":"INFO","timestamp":"2026-06-03T07:18:01.42209313Z","logger":"autoscaler","caller":"scaling/autoscaler.go:207","message":"For metric concurrency observed values: stable = 0.9; panic = 0.8; target = 3.5 Desired StablePodCount = 1, PanicPodCount = 1, ReadyEndpointCount = 1, MaxScaleUp = 1000, MaxScaleDown = 0","knative.dev/key":"default/matrixmul-00001"}
{"severity":"INFO","timestamp":"2026-06-03T07:18:01.422184982Z","logger":"autoscaler","caller":"scaling/autoscaler.go:314","message":"Autoscaler: stable=0.917932 panic=0.767734 target=3.500000 pods=%!d(float64=1) desired=1 excessBC=-207.000000","knative.dev/key":"default/matrixmul-00001"}
{"severity":"INFO","timestamp":"2026-06-03T07:18:01.422228111Z","logger":"autoscaler","caller":"scaling/autoscaler.go:318","message":"⏱ Autoscaler decision: 158.611µs.","knative.dev/key":"default/matrixmul-00001"}
{"severity":"INFO","timestamp":"2026-06-03T07:18:01.422391574Z","logger":"autoscaler","caller":"scaling/autoscaler.go:207","message":"For metric concurrency observed values: stable = 0.7; panic = 1.6; target = 3.5 Desired StablePodCount = 1, PanicPodCount = 1, ReadyEndpointCount = 1, MaxScaleUp = 1000, MaxScaleDown = 0","knative.dev/key":"default/fastfouriertransform-00001"}
{"severity":"INFO","timestamp":"2026-06-03T07:18:01.422460037Z","logger":"autoscaler","caller":"scaling/autoscaler.go:314","message":"Autoscaler: stable=0.726419 panic=1.620276 target=3.500000 pods=%!d(float64=1) desired=1 excessBC=-208.000000","knative.dev/key":"default/fastfouriertransform-00001"}
{"severity":"INFO","timestamp":"2026-06-03T07:18:01.422505018Z","logger":"autoscaler","caller":"scaling/autoscaler.go:318","message":"⏱ Autoscaler decision: 118.259µs.","knative.dev/key":"default/fastfouriertransform-00001"}
{"severity":"INFO","timestamp":"2026-06-03T07:18:01.422752907Z","logger":"autoscaler","caller":"scaling/autoscaler.go:207","message":"For metric concurrency observed values: stable = 0.2; panic = 0.1; target = 3.5 Desired StablePodCount = 1, PanicPodCount = 1, ReadyEndpointCount = 1, MaxScaleUp = 1000, MaxScaleDown = 0","knative.dev/key":"default/fetchdata-00001"}
{"severity":"INFO","timestamp":"2026-06-03T07:18:01.42280737Z","logger":"autoscaler","caller":"scaling/autoscaler.go:314","message":"Autoscaler: stable=0.215573 panic=0.126006 target=3.500000 pods=%!d(float64=1) desired=1 excessBC=-207.000000","knative.dev/key":"default/fetchdata-00001"}
{"severity":"INFO","timestamp":"2026-06-03T07:18:01.422838962Z","logger":"autoscaler","caller":"scaling/autoscaler.go:318","message":"⏱ Autoscaler decision: 96.222µs.","knative.dev/key":"default/fetchdata-00001"}
{"severity":"INFO","timestamp":"2026-06-03T07:18:01.423130092Z","logger":"autoscaler","caller":"scaling/autoscaler.go:207","message":"For metric concurrency observed values: stable = 0.1; panic = 0.0; target = 3.5 Desired StablePodCount = 1, PanicPodCount = 1, ReadyEndpointCount = 1, MaxScaleUp = 1000, MaxScaleDown = 0","knative.dev/key":"default/genmatrix-00001"}
{"severity":"INFO","timestamp":"2026-06-03T07:18:01.423209091Z","logger":"autoscaler","caller":"scaling/autoscaler.go:314","message":"Autoscaler: stable=0.091968 panic=0.021030 target=3.500000 pods=%!d(float64=1) desired=1 excessBC=-207.000000","knative.dev/key":"default/genmatrix-00001"}
{"severity":"INFO","timestamp":"2026-06-03T07:18:01.423227406Z","logger":"autoscaler","caller":"scaling/autoscaler.go:318","message":"⏱ Autoscaler decision: 107µs.","knative.dev/key":"default/genmatrix-00001"}
{"severity":"INFO","timestamp":"2026-06-03T07:18:03.421645881Z","logger":"autoscaler","caller":"scaling/autoscaler.go:207","message":"For metric concurrency observed values: stable = 0.9; panic = 0.6; target = 3.5 Desired StablePodCount = 1, PanicPodCount = 1, ReadyEndpointCount = 1, MaxScaleUp = 1000, MaxScaleDown = 0","knative.dev/key":"default/matrixmul-00001"}
{"severity":"INFO","timestamp":"2026-06-03T07:18:03.421698103Z","logger":"autoscaler","caller":"scaling/autoscaler.go:314","message":"Autoscaler: stable=0.936134 panic=0.607424 target=3.500000 pods=%!d(float64=1) desired=1 excessBC=-207.000000","knative.dev/key":"default/matrixmul-00001"}
{"severity":"INFO","timestamp":"2026-06-03T07:18:03.421720529Z","logger":"autoscaler","caller":"scaling/autoscaler.go:318","message":"⏱ Autoscaler decision: 92.351µs.","knative.dev/key":"default/matrixmul-00001"}
{"severity":"INFO","timestamp":"2026-06-03T07:18:03.421905825Z","logger":"autoscaler","caller":"scaling/autoscaler.go:207","message":"For metric concurrency observed values: stable = 0.6; panic = 1.0; target = 3.5 Desired StablePodCount = 1, PanicPodCount = 1, ReadyEndpointCount = 1, MaxScaleUp = 1000, MaxScaleDown = 0","knative.dev/key":"default/linpack-00001"}
{"severity":"INFO","timestamp":"2026-06-03T07:18:03.421929436Z","logger":"autoscaler","caller":"scaling/autoscaler.go:314","message":"Autoscaler: stable=0.645768 panic=0.977262 target=3.500000 pods=%!d(float64=1) desired=1 excessBC=-207.000000","knative.dev/key":"default/linpack-00001"}
{"severity":"INFO","timestamp":"2026-06-03T07:18:03.421947399Z","logger":"autoscaler","caller":"scaling/autoscaler.go:318","message":"⏱ Autoscaler decision: 57.482µs.","knative.dev/key":"default/linpack-00001"}
{"severity":"INFO","timestamp":"2026-06-03T07:18:03.422477084Z","logger":"autoscaler","caller":"scaling/autoscaler.go:207","message":"For metric concurrency observed values: stable = 0.8; panic = 2.2; target = 3.5 Desired StablePodCount = 1, PanicPodCount = 1, ReadyEndpointCount = 1, MaxScaleUp = 1000, MaxScaleDown = 0","knative.dev/key":"default/fastfouriertransform-00001"}
{"severity":"INFO","timestamp":"2026-06-03T07:18:03.422516843Z","logger":"autoscaler","caller":"scaling/autoscaler.go:314","message":"Autoscaler: stable=0.786588 panic=2.203498 target=3.500000 pods=%!d(float64=1) desired=1 excessBC=-209.000000","knative.dev/key":"default/fastfouriertransform-00001"}
{"severity":"INFO","timestamp":"2026-06-03T07:18:03.422541065Z","logger":"autoscaler","caller":"scaling/autoscaler.go:318","message":"⏱ Autoscaler decision: 78.056µs.","knative.dev/key":"default/fastfouriertransform-00001"}
{"severity":"INFO","timestamp":"2026-06-03T07:18:03.422731342Z","logger":"autoscaler","caller":"scaling/autoscaler.go:207","message":"For metric concurrency observed values: stable = 0.2; panic = 0.1; target = 3.5 Desired StablePodCount = 1, PanicPodCount = 1, ReadyEndpointCount = 1, MaxScaleUp = 1000, MaxScaleDown = 0","knative.dev/key":"default/fetchdata-00001"}
{"severity":"INFO","timestamp":"2026-06-03T07:18:03.422791768Z","logger":"autoscaler","caller":"scaling/autoscaler.go:314","message":"Autoscaler: stable=0.217616 panic=0.110631 target=3.500000 pods=%!d(float64=1) desired=1 excessBC=-207.000000","knative.dev/key":"default/fetchdata-00001"}
{"severity":"INFO","timestamp":"2026-06-03T07:18:03.422849453Z","logger":"autoscaler","caller":"scaling/autoscaler.go:318","message":"⏱ Autoscaler decision: 111.925µs.","knative.dev/key":"default/fetchdata-00001"}
{"severity":"INFO","timestamp":"2026-06-03T07:18:03.423170916Z","logger":"autoscaler","caller":"scaling/autoscaler.go:207","message":"For metric concurrency observed values: stable = 0.1; panic = 0.0; target = 3.5 Desired StablePodCount = 1, PanicPodCount = 1, ReadyEndpointCount = 1, MaxScaleUp = 1000, MaxScaleDown = 0","knative.dev/key":"default/genmatrix-00001"}
{"severity":"INFO","timestamp":"2026-06-03T07:18:03.423196694Z","logger":"autoscaler","caller":"scaling/autoscaler.go:314","message":"Autoscaler: stable=0.089169 panic=0.017107 target=3.500000 pods=%!d(float64=1) desired=1 excessBC=-207.000000","knative.dev/key":"default/genmatrix-00001"}
{"severity":"INFO","timestamp":"2026-06-03T07:18:03.423245342Z","logger":"autoscaler","caller":"scaling/autoscaler.go:318","message":"⏱ Autoscaler decision: 99.999µs.","knative.dev/key":"default/genmatrix-00001"}
{"severity":"INFO","timestamp":"2026-06-03T07:18:05.421051706Z","logger":"autoscaler","caller":"scaling/autoscaler.go:207","message":"For metric concurrency observed values: stable = 0.6; panic = 0.9; target = 3.5 Desired StablePodCount = 1, PanicPodCount = 1, ReadyEndpointCount = 1, MaxScaleUp = 1000, MaxScaleDown = 0","knative.dev/key":"default/linpack-00001"}
{"severity":"INFO","timestamp":"2026-06-03T07:18:05.421102243Z","logger":"autoscaler","caller":"scaling/autoscaler.go:314","message":"Autoscaler: stable=0.643918 panic=0.948531 target=3.500000 pods=%!d(float64=1) desired=1 excessBC=-207.000000","knative.dev/key":"default/linpack-00001"}
{"severity":"INFO","timestamp":"2026-06-03T07:18:05.421236688Z","logger":"autoscaler","caller":"scaling/autoscaler.go:318","message":"⏱ Autoscaler decision: 215.851µs.","knative.dev/key":"default/linpack-00001"}
{"severity":"INFO","timestamp":"2026-06-03T07:18:05.421965687Z","logger":"autoscaler","caller":"scaling/autoscaler.go:207","message":"For metric concurrency observed values: stable = 0.9; panic = 0.7; target = 3.5 Desired StablePodCount = 1, PanicPodCount = 1, ReadyEndpointCount = 1, MaxScaleUp = 1000, MaxScaleDown = 0","knative.dev/key":"default/matrixmul-00001"}
{"severity":"INFO","timestamp":"2026-06-03T07:18:05.42199989Z","logger":"autoscaler","caller":"scaling/autoscaler.go:314","message":"Autoscaler: stable=0.932356 panic=0.715440 target=3.500000 pods=%!d(float64=1) desired=1 excessBC=-207.000000","knative.dev/key":"default/matrixmul-00001"}
{"severity":"INFO","timestamp":"2026-06-03T07:18:05.422023649Z","logger":"autoscaler","caller":"scaling/autoscaler.go:318","message":"⏱ Autoscaler decision: 81.555µs.","knative.dev/key":"default/matrixmul-00001"}
{"severity":"INFO","timestamp":"2026-06-03T07:18:05.42322687Z","logger":"autoscaler","caller":"scaling/autoscaler.go:207","message":"For metric concurrency observed values: stable = 0.1; panic = 0.0; target = 3.5 Desired StablePodCount = 1, PanicPodCount = 1, ReadyEndpointCount = 1, MaxScaleUp = 1000, MaxScaleDown = 0","knative.dev/key":"default/genmatrix-00001"}
{"severity":"INFO","timestamp":"2026-06-03T07:18:05.423266999Z","logger":"autoscaler","caller":"scaling/autoscaler.go:314","message":"Autoscaler: stable=0.089136 panic=0.018184 target=3.500000 pods=%!d(float64=1) desired=1 excessBC=-207.000000","knative.dev/key":"default/genmatrix-00001"}
{"severity":"INFO","timestamp":"2026-06-03T07:18:05.423353536Z","logger":"autoscaler","caller":"scaling/autoscaler.go:318","message":"⏱ Autoscaler decision: 149.666µs.","knative.dev/key":"default/genmatrix-00001"}
{"severity":"INFO","timestamp":"2026-06-03T07:18:05.424041276Z","logger":"autoscaler","caller":"scaling/autoscaler.go:207","message":"For metric concurrency observed values: stable = 0.8; panic = 2.3; target = 3.5 Desired StablePodCount = 1, PanicPodCount = 1, ReadyEndpointCount = 1, MaxScaleUp = 1000, MaxScaleDown = 0","knative.dev/key":"default/fastfouriertransform-00001"}
{"severity":"INFO","timestamp":"2026-06-03T07:18:05.424075498Z","logger":"autoscaler","caller":"scaling/autoscaler.go:314","message":"Autoscaler: stable=0.834818 panic=2.307829 target=3.500000 pods=%!d(float64=1) desired=1 excessBC=-209.000000","knative.dev/key":"default/fastfouriertransform-00001"}
{"severity":"INFO","timestamp":"2026-06-03T07:18:05.424096443Z","logger":"autoscaler","caller":"scaling/autoscaler.go:318","message":"⏱ Autoscaler decision: 81µs.","knative.dev/key":"default/fastfouriertransform-00001"}
{"severity":"INFO","timestamp":"2026-06-03T07:18:05.424134183Z","logger":"autoscaler","caller":"scaling/autoscaler.go:207","message":"For metric concurrency observed values: stable = 0.2; panic = 0.3; target = 3.5 Desired StablePodCount = 1, PanicPodCount = 1, ReadyEndpointCount = 1, MaxScaleUp = 1000, MaxScaleDown = 0","knative.dev/key":"default/fetchdata-00001"}
{"severity":"INFO","timestamp":"2026-06-03T07:18:05.424150887Z","logger":"autoscaler","caller":"scaling/autoscaler.go:314","message":"Autoscaler: stable=0.231601 panic=0.297901 target=3.500000 pods=%!d(float64=1) desired=1 excessBC=-207.000000","knative.dev/key":"default/fetchdata-00001"}
{"severity":"INFO","timestamp":"2026-06-03T07:18:05.424166628Z","logger":"autoscaler","caller":"scaling/autoscaler.go:318","message":"⏱ Autoscaler decision: 44.111µs.","knative.dev/key":"default/fetchdata-00001"}
{"severity":"INFO","timestamp":"2026-06-03T07:18:07.421306864Z","logger":"autoscaler","caller":"scaling/autoscaler.go:207","message":"For metric concurrency observed values: stable = 0.6; panic = 0.5; target = 3.5 Desired StablePodCount = 1, PanicPodCount = 1, ReadyEndpointCount = 1, MaxScaleUp = 1000, MaxScaleDown = 0","knative.dev/key":"default/linpack-00001"}
{"severity":"INFO","timestamp":"2026-06-03T07:18:07.421366456Z","logger":"autoscaler","caller":"scaling/autoscaler.go:314","message":"Autoscaler: stable=0.630731 panic=0.526342 target=3.500000 pods=%!d(float64=1) desired=1 excessBC=-207.000000","knative.dev/key":"default/linpack-00001"}
{"severity":"INFO","timestamp":"2026-06-03T07:18:07.421390179Z","logger":"autoscaler","caller":"scaling/autoscaler.go:318","message":"⏱ Autoscaler decision: 123.722µs.","knative.dev/key":"default/linpack-00001"}
{"severity":"INFO","timestamp":"2026-06-03T07:18:07.421692511Z","logger":"autoscaler","caller":"scaling/autoscaler.go:207","message":"For metric concurrency observed values: stable = 0.9; panic = 0.8; target = 3.5 Desired StablePodCount = 1, PanicPodCount = 1, ReadyEndpointCount = 1, MaxScaleUp = 1000, MaxScaleDown = 0","knative.dev/key":"default/matrixmul-00001"}
{"severity":"INFO","timestamp":"2026-06-03T07:18:07.421722548Z","logger":"autoscaler","caller":"scaling/autoscaler.go:314","message":"Autoscaler: stable=0.908855 panic=0.757497 target=3.500000 pods=%!d(float64=1) desired=1 excessBC=-207.000000","knative.dev/key":"default/matrixmul-00001"}
{"severity":"INFO","timestamp":"2026-06-03T07:18:07.42174216Z","logger":"autoscaler","caller":"scaling/autoscaler.go:318","message":"⏱ Autoscaler decision: 67.426µs.","knative.dev/key":"default/matrixmul-00001"}
{"severity":"INFO","timestamp":"2026-06-03T07:18:07.423273361Z","logger":"autoscaler","caller":"scaling/autoscaler.go:207","message":"For metric concurrency observed values: stable = 0.1; panic = 0.0; target = 3.5 Desired StablePodCount = 1, PanicPodCount = 1, ReadyEndpointCount = 1, MaxScaleUp = 1000, MaxScaleDown = 0","knative.dev/key":"default/genmatrix-00001"}
{"severity":"INFO","timestamp":"2026-06-03T07:18:07.423302546Z","logger":"autoscaler","caller":"scaling/autoscaler.go:314","message":"Autoscaler: stable=0.091182 panic=0.037158 target=3.500000 pods=%!d(float64=1) desired=1 excessBC=-207.000000","knative.dev/key":"default/genmatrix-00001"}
{"severity":"INFO","timestamp":"2026-06-03T07:18:07.423321694Z","logger":"autoscaler","caller":"scaling/autoscaler.go:318","message":"⏱ Autoscaler decision: 67.852µs.","knative.dev/key":"default/genmatrix-00001"}
{"severity":"INFO","timestamp":"2026-06-03T07:18:07.42369236Z","logger":"autoscaler","caller":"scaling/autoscaler.go:207","message":"For metric concurrency observed values: stable = 0.9; panic = 1.2; target = 3.5 Desired StablePodCount = 1, PanicPodCount = 1, ReadyEndpointCount = 1, MaxScaleUp = 1000, MaxScaleDown = 0","knative.dev/key":"default/fastfouriertransform-00001"}
{"severity":"INFO","timestamp":"2026-06-03T07:18:07.423723564Z","logger":"autoscaler","caller":"scaling/autoscaler.go:314","message":"Autoscaler: stable=0.858787 panic=1.231690 target=3.500000 pods=%!d(float64=1) desired=1 excessBC=-208.000000","knative.dev/key":"default/fastfouriertransform-00001"}
{"severity":"INFO","timestamp":"2026-06-03T07:18:07.423754453Z","logger":"autoscaler","caller":"scaling/autoscaler.go:318","message":"⏱ Autoscaler decision: 78.481µs.","knative.dev/key":"default/fastfouriertransform-00001"}
{"severity":"INFO","timestamp":"2026-06-03T07:18:07.423791027Z","logger":"autoscaler","caller":"scaling/autoscaler.go:207","message":"For metric concurrency observed values: stable = 0.2; panic = 0.4; target = 3.5 Desired StablePodCount = 1, PanicPodCount = 1, ReadyEndpointCount = 1, MaxScaleUp = 1000, MaxScaleDown = 0","knative.dev/key":"default/fetchdata-00001"}
{"severity":"INFO","timestamp":"2026-06-03T07:18:07.423805934Z","logger":"autoscaler","caller":"scaling/autoscaler.go:314","message":"Autoscaler: stable=0.241484 panic=0.434539 target=3.500000 pods=%!d(float64=1) desired=1 excessBC=-207.000000","knative.dev/key":"default/fetchdata-00001"}
{"severity":"INFO","timestamp":"2026-06-03T07:18:07.42382473Z","logger":"autoscaler","caller":"scaling/autoscaler.go:318","message":"⏱ Autoscaler decision: 46.37µs.","knative.dev/key":"default/fetchdata-00001"}
{"severity":"INFO","timestamp":"2026-06-03T07:18:09.421333781Z","logger":"autoscaler","caller":"scaling/autoscaler.go:207","message":"For metric concurrency observed values: stable = 0.6; panic = 0.5; target = 3.5 Desired StablePodCount = 1, PanicPodCount = 1, ReadyEndpointCount = 1, MaxScaleUp = 1000, MaxScaleDown = 0","knative.dev/key":"default/linpack-00001"}
{"severity":"INFO","timestamp":"2026-06-03T07:18:09.421373355Z","logger":"autoscaler","caller":"scaling/autoscaler.go:314","message":"Autoscaler: stable=0.609854 panic=0.525785 target=3.500000 pods=%!d(float64=1) desired=1 excessBC=-207.000000","knative.dev/key":"default/linpack-00001"}
{"severity":"INFO","timestamp":"2026-06-03T07:18:09.421389336Z","logger":"autoscaler","caller":"scaling/autoscaler.go:318","message":"⏱ Autoscaler decision: 286.315µs.","knative.dev/key":"default/linpack-00001"}
{"severity":"INFO","timestamp":"2026-06-03T07:18:09.421788132Z","logger":"autoscaler","caller":"scaling/autoscaler.go:207","message":"For metric concurrency observed values: stable = 0.9; panic = 0.5; target = 3.5 Desired StablePodCount = 1, PanicPodCount = 1, ReadyEndpointCount = 1, MaxScaleUp = 1000, MaxScaleDown = 0","knative.dev/key":"default/matrixmul-00001"}
{"severity":"INFO","timestamp":"2026-06-03T07:18:09.421815706Z","logger":"autoscaler","caller":"scaling/autoscaler.go:314","message":"Autoscaler: stable=0.904222 panic=0.548891 target=3.500000 pods=%!d(float64=1) desired=1 excessBC=-207.000000","knative.dev/key":"default/matrixmul-00001"}
{"severity":"INFO","timestamp":"2026-06-03T07:18:09.421827799Z","logger":"autoscaler","caller":"scaling/autoscaler.go:318","message":"⏱ Autoscaler decision: 61.315µs.","knative.dev/key":"default/matrixmul-00001"}
{"severity":"INFO","timestamp":"2026-06-03T07:18:09.422968464Z","logger":"autoscaler","caller":"scaling/autoscaler.go:207","message":"For metric concurrency observed values: stable = 0.2; panic = 0.3; target = 3.5 Desired StablePodCount = 1, PanicPodCount = 1, ReadyEndpointCount = 1, MaxScaleUp = 1000, MaxScaleDown = 0","knative.dev/key":"default/fetchdata-00001"}
{"severity":"INFO","timestamp":"2026-06-03T07:18:09.422999519Z","logger":"autoscaler","caller":"scaling/autoscaler.go:314","message":"Autoscaler: stable=0.243308 panic=0.338607 target=3.500000 pods=%!d(float64=1) desired=1 excessBC=-207.000000","knative.dev/key":"default/fetchdata-00001"}
{"severity":"INFO","timestamp":"2026-06-03T07:18:09.423165926Z","logger":"autoscaler","caller":"scaling/autoscaler.go:318","message":"⏱ Autoscaler decision: 221.37µs.","knative.dev/key":"default/fetchdata-00001"}
{"severity":"INFO","timestamp":"2026-06-03T07:18:09.423203186Z","logger":"autoscaler","caller":"scaling/autoscaler.go:207","message":"For metric concurrency observed values: stable = 0.1; panic = 0.0; target = 3.5 Desired StablePodCount = 1, PanicPodCount = 1, ReadyEndpointCount = 1, MaxScaleUp = 1000, MaxScaleDown = 0","knative.dev/key":"default/genmatrix-00001"}
{"severity":"INFO","timestamp":"2026-06-03T07:18:09.423213834Z","logger":"autoscaler","caller":"scaling/autoscaler.go:314","message":"Autoscaler: stable=0.073906 panic=0.040922 target=3.500000 pods=%!d(float64=1) desired=1 excessBC=-207.000000","knative.dev/key":"default/genmatrix-00001"}
{"severity":"INFO","timestamp":"2026-06-03T07:18:09.423227056Z","logger":"autoscaler","caller":"scaling/autoscaler.go:318","message":"⏱ Autoscaler decision: 38.278µs.","knative.dev/key":"default/genmatrix-00001"}
{"severity":"INFO","timestamp":"2026-06-03T07:18:09.423661796Z","logger":"autoscaler","caller":"scaling/autoscaler.go:207","message":"For metric concurrency observed values: stable = 0.9; panic = 1.1; target = 3.5 Desired StablePodCount = 1, PanicPodCount = 1, ReadyEndpointCount = 1, MaxScaleUp = 1000, MaxScaleDown = 0","knative.dev/key":"default/fastfouriertransform-00001"}
{"severity":"INFO","timestamp":"2026-06-03T07:18:09.4236835Z","logger":"autoscaler","caller":"scaling/autoscaler.go:314","message":"Autoscaler: stable=0.866649 panic=1.092238 target=3.500000 pods=%!d(float64=1) desired=1 excessBC=-208.000000","knative.dev/key":"default/fastfouriertransform-00001"}
{"severity":"INFO","timestamp":"2026-06-03T07:18:09.42375874Z","logger":"autoscaler","caller":"scaling/autoscaler.go:318","message":"⏱ Autoscaler decision: 110.222µs.","knative.dev/key":"default/fastfouriertransform-00001"}
{"severity":"INFO","timestamp":"2026-06-03T07:18:11.03625247Z","logger":"autoscaler","caller":"kpa/kpa.go:193","message":"SKS should be in Proxy mode: want = 1, ebc = -208, #act's = 3 PA Inactive? = false","knative.dev/controller":"knative.dev.serving.pkg.reconciler.autoscaling.kpa.Reconciler","knative.dev/kind":"autoscaling.internal.knative.dev.PodAutoscaler","knative.dev/traceid":"ab7bfaa4-983f-4337-98c1-72d5121114ee","knative.dev/key":"default/fastfouriertransform-00001"}
{"severity":"INFO","timestamp":"2026-06-03T07:18:11.036618117Z","logger":"autoscaler","caller":"kpa/kpa.go:221","message":"KPA Scale decision for revision default/fastfouriertransform-00001: currentPods=1, calculatedWant=1, desiredPods=1, excessBurstCapacity=-208","knative.dev/controller":"knative.dev.serving.pkg.reconciler.autoscaling.kpa.Reconciler","knative.dev/kind":"autoscaling.internal.knative.dev.PodAutoscaler","knative.dev/traceid":"ab7bfaa4-983f-4337-98c1-72d5121114ee","knative.dev/key":"default/fastfouriertransform-00001"}
{"severity":"INFO","timestamp":"2026-06-03T07:18:11.036647729Z","logger":"autoscaler","caller":"kpa/kpa.go:239","message":"Observed pod counts=kpa.podCounts{want:1, ready:1, notReady:1, pending:0, terminating:1}","knative.dev/controller":"knative.dev.serving.pkg.reconciler.autoscaling.kpa.Reconciler","knative.dev/kind":"autoscaling.internal.knative.dev.PodAutoscaler","knative.dev/traceid":"ab7bfaa4-983f-4337-98c1-72d5121114ee","knative.dev/key":"default/fastfouriertransform-00001"}
{"severity":"INFO","timestamp":"2026-06-03T07:18:11.036704469Z","logger":"autoscaler","caller":"kpa/kpa.go:298","message":"KPA Status for revision default/fastfouriertransform-00001 after reconcile: currentPods=1, desiredPods=1, conditions=[Active=True Ready=True SKSReady=True ScaleTargetInitialized=True]","knative.dev/controller":"knative.dev.serving.pkg.reconciler.autoscaling.kpa.Reconciler","knative.dev/kind":"autoscaling.internal.knative.dev.PodAutoscaler","knative.dev/traceid":"ab7bfaa4-983f-4337-98c1-72d5121114ee","knative.dev/key":"default/fastfouriertransform-00001"}
{"severity":"INFO","timestamp":"2026-06-03T07:18:11.036733414Z","logger":"autoscaler","caller":"kpa/kpa.go:242","message":"Cold start final  took: 752.48µs","knative.dev/controller":"knative.dev.serving.pkg.reconciler.autoscaling.kpa.Reconciler","knative.dev/kind":"autoscaling.internal.knative.dev.PodAutoscaler","knative.dev/traceid":"ab7bfaa4-983f-4337-98c1-72d5121114ee","knative.dev/key":"default/fastfouriertransform-00001"}
{"severity":"INFO","timestamp":"2026-06-03T07:18:11.036792395Z","logger":"autoscaler","caller":"controller/controller.go:530","message":"Reconcile succeeded","knative.dev/controller":"knative.dev.serving.pkg.reconciler.autoscaling.kpa.Reconciler","knative.dev/kind":"autoscaling.internal.knative.dev.PodAutoscaler","knative.dev/traceid":"ab7bfaa4-983f-4337-98c1-72d5121114ee","knative.dev/key":"default/fastfouriertransform-00001","duration":"872.461µs"}
{"severity":"INFO","timestamp":"2026-06-03T07:18:11.357921165Z","logger":"autoscaler","caller":"kpa/kpa.go:193","message":"SKS should be in Proxy mode: want = 1, ebc = -207, #act's = 3 PA Inactive? = false","knative.dev/controller":"knative.dev.serving.pkg.reconciler.autoscaling.kpa.Reconciler","knative.dev/kind":"autoscaling.internal.knative.dev.PodAutoscaler","knative.dev/traceid":"a5df8409-f526-4ec6-ada6-cece9bcc8a62","knative.dev/key":"default/linpack-00001"}
{"severity":"INFO","timestamp":"2026-06-03T07:18:11.357978184Z","logger":"autoscaler","caller":"kpa/kpa.go:221","message":"KPA Scale decision for revision default/linpack-00001: currentPods=1, calculatedWant=1, desiredPods=1, excessBurstCapacity=-207","knative.dev/controller":"knative.dev.serving.pkg.reconciler.autoscaling.kpa.Reconciler","knative.dev/kind":"autoscaling.internal.knative.dev.PodAutoscaler","knative.dev/traceid":"a5df8409-f526-4ec6-ada6-cece9bcc8a62","knative.dev/key":"default/linpack-00001"}
{"severity":"INFO","timestamp":"2026-06-03T07:18:11.357994998Z","logger":"autoscaler","caller":"kpa/kpa.go:239","message":"Observed pod counts=kpa.podCounts{want:1, ready:1, notReady:1, pending:0, terminating:1}","knative.dev/controller":"knative.dev.serving.pkg.reconciler.autoscaling.kpa.Reconciler","knative.dev/kind":"autoscaling.internal.knative.dev.PodAutoscaler","knative.dev/traceid":"a5df8409-f526-4ec6-ada6-cece9bcc8a62","knative.dev/key":"default/linpack-00001"}
{"severity":"INFO","timestamp":"2026-06-03T07:18:11.358015035Z","logger":"autoscaler","caller":"kpa/kpa.go:298","message":"KPA Status for revision default/linpack-00001 after reconcile: currentPods=1, desiredPods=1, conditions=[Active=True Ready=True SKSReady=True ScaleTargetInitialized=True]","knative.dev/controller":"knative.dev.serving.pkg.reconciler.autoscaling.kpa.Reconciler","knative.dev/kind":"autoscaling.internal.knative.dev.PodAutoscaler","knative.dev/traceid":"a5df8409-f526-4ec6-ada6-cece9bcc8a62","knative.dev/key":"default/linpack-00001"}
{"severity":"INFO","timestamp":"2026-06-03T07:18:11.358038443Z","logger":"autoscaler","caller":"kpa/kpa.go:242","message":"Cold start final  took: 369.889µs","knative.dev/controller":"knative.dev.serving.pkg.reconciler.autoscaling.kpa.Reconciler","knative.dev/kind":"autoscaling.internal.knative.dev.PodAutoscaler","knative.dev/traceid":"a5df8409-f526-4ec6-ada6-cece9bcc8a62","knative.dev/key":"default/linpack-00001"}
{"severity":"INFO","timestamp":"2026-06-03T07:18:11.358072313Z","logger":"autoscaler","caller":"controller/controller.go:530","message":"Reconcile succeeded","knative.dev/controller":"knative.dev.serving.pkg.reconciler.autoscaling.kpa.Reconciler","knative.dev/kind":"autoscaling.internal.knative.dev.PodAutoscaler","knative.dev/traceid":"a5df8409-f526-4ec6-ada6-cece9bcc8a62","knative.dev/key":"default/linpack-00001","duration":"466.851µs"}
{"severity":"INFO","timestamp":"2026-06-03T07:18:11.421435531Z","logger":"autoscaler","caller":"scaling/autoscaler.go:207","message":"For metric concurrency observed values: stable = 0.7; panic = 1.3; target = 3.5 Desired StablePodCount = 1, PanicPodCount = 1, ReadyEndpointCount = 1, MaxScaleUp = 1000, MaxScaleDown = 0","knative.dev/key":"default/linpack-00001"}
{"severity":"INFO","timestamp":"2026-06-03T07:18:11.421466976Z","logger":"autoscaler","caller":"scaling/autoscaler.go:314","message":"Autoscaler: stable=0.699510 panic=1.340428 target=3.500000 pods=%!d(float64=1) desired=1 excessBC=-208.000000","knative.dev/key":"default/linpack-00001"}
{"severity":"INFO","timestamp":"2026-06-03T07:18:11.421482087Z","logger":"autoscaler","caller":"scaling/autoscaler.go:318","message":"⏱ Autoscaler decision: 245.147µs.","knative.dev/key":"default/linpack-00001"}
{"severity":"INFO","timestamp":"2026-06-03T07:18:11.421793216Z","logger":"autoscaler","caller":"scaling/autoscaler.go:207","message":"For metric concurrency observed values: stable = 0.8; panic = 0.7; target = 3.5 Desired StablePodCount = 1, PanicPodCount = 1, ReadyEndpointCount = 1, MaxScaleUp = 1000, MaxScaleDown = 0","knative.dev/key":"default/matrixmul-00001"}
{"severity":"INFO","timestamp":"2026-06-03T07:18:11.42181729Z","logger":"autoscaler","caller":"scaling/autoscaler.go:314","message":"Autoscaler: stable=0.828138 panic=0.688286 target=3.500000 pods=%!d(float64=1) desired=1 excessBC=-207.000000","knative.dev/key":"default/matrixmul-00001"}
{"severity":"INFO","timestamp":"2026-06-03T07:18:11.42183142Z","logger":"autoscaler","caller":"scaling/autoscaler.go:318","message":"⏱ Autoscaler decision: 63.019µs.","knative.dev/key":"default/matrixmul-00001"}
{"severity":"INFO","timestamp":"2026-06-03T07:18:11.422990807Z","logger":"autoscaler","caller":"scaling/autoscaler.go:207","message":"For metric concurrency observed values: stable = 0.2; panic = 0.4; target = 3.5 Desired StablePodCount = 1, PanicPodCount = 1, ReadyEndpointCount = 1, MaxScaleUp = 1000, MaxScaleDown = 0","knative.dev/key":"default/fetchdata-00001"}
{"severity":"INFO","timestamp":"2026-06-03T07:18:11.423022011Z","logger":"autoscaler","caller":"scaling/autoscaler.go:314","message":"Autoscaler: stable=0.242861 panic=0.371100 target=3.500000 pods=%!d(float64=1) desired=1 excessBC=-207.000000","knative.dev/key":"default/fetchdata-00001"}
{"severity":"INFO","timestamp":"2026-06-03T07:18:11.423113233Z","logger":"autoscaler","caller":"scaling/autoscaler.go:318","message":"⏱ Autoscaler decision: 149.945µs.","knative.dev/key":"default/fetchdata-00001"}
{"severity":"INFO","timestamp":"2026-06-03T07:18:11.423143955Z","logger":"autoscaler","caller":"scaling/autoscaler.go:207","message":"For metric concurrency observed values: stable = 0.1; panic = 0.0; target = 3.5 Desired StablePodCount = 1, PanicPodCount = 1, ReadyEndpointCount = 1, MaxScaleUp = 1000, MaxScaleDown = 0","knative.dev/key":"default/genmatrix-00001"}
{"severity":"INFO","timestamp":"2026-06-03T07:18:11.423156566Z","logger":"autoscaler","caller":"scaling/autoscaler.go:314","message":"Autoscaler: stable=0.073234 panic=0.029901 target=3.500000 pods=%!d(float64=1) desired=1 excessBC=-207.000000","knative.dev/key":"default/genmatrix-00001"}
{"severity":"INFO","timestamp":"2026-06-03T07:18:11.423166696Z","logger":"autoscaler","caller":"scaling/autoscaler.go:318","message":"⏱ Autoscaler decision: 34.185µs.","knative.dev/key":"default/genmatrix-00001"}
{"severity":"INFO","timestamp":"2026-06-03T07:18:11.423498121Z","logger":"autoscaler","caller":"scaling/autoscaler.go:207","message":"For metric concurrency observed values: stable = 0.9; panic = 0.6; target = 3.5 Desired StablePodCount = 1, PanicPodCount = 1, ReadyEndpointCount = 1, MaxScaleUp = 1000, MaxScaleDown = 0","knative.dev/key":"default/fastfouriertransform-00001"}
{"severity":"INFO","timestamp":"2026-06-03T07:18:11.423516769Z","logger":"autoscaler","caller":"scaling/autoscaler.go:314","message":"Autoscaler: stable=0.861776 panic=0.577502 target=3.500000 pods=%!d(float64=1) desired=1 excessBC=-207.000000","knative.dev/key":"default/fastfouriertransform-00001"}
{"severity":"INFO","timestamp":"2026-06-03T07:18:11.423530343Z","logger":"autoscaler","caller":"scaling/autoscaler.go:318","message":"⏱ Autoscaler decision: 42.574µs.","knative.dev/key":"default/fastfouriertransform-00001"}
{"severity":"INFO","timestamp":"2026-06-03T07:18:13.421624726Z","logger":"autoscaler","caller":"scaling/autoscaler.go:207","message":"For metric concurrency observed values: stable = 0.8; panic = 0.8; target = 3.5 Desired StablePodCount = 1, PanicPodCount = 1, ReadyEndpointCount = 1, MaxScaleUp = 1000, MaxScaleDown = 0","knative.dev/key":"default/matrixmul-00001"}
{"severity":"INFO","timestamp":"2026-06-03T07:18:13.421661041Z","logger":"autoscaler","caller":"scaling/autoscaler.go:314","message":"Autoscaler: stable=0.772556 panic=0.825382 target=3.500000 pods=%!d(float64=1) desired=1 excessBC=-207.000000","knative.dev/key":"default/matrixmul-00001"}
{"severity":"INFO","timestamp":"2026-06-03T07:18:13.421677634Z","logger":"autoscaler","caller":"scaling/autoscaler.go:318","message":"⏱ Autoscaler decision: 60.981µs.","knative.dev/key":"default/matrixmul-00001"}
{"severity":"INFO","timestamp":"2026-06-03T07:18:13.421460634Z","logger":"autoscaler","caller":"scaling/autoscaler.go:207","message":"For metric concurrency observed values: stable = 0.7; panic = 1.2; target = 3.5 Desired StablePodCount = 1, PanicPodCount = 1, ReadyEndpointCount = 1, MaxScaleUp = 1000, MaxScaleDown = 0","knative.dev/key":"default/linpack-00001"}
{"severity":"INFO","timestamp":"2026-06-03T07:18:13.421702448Z","logger":"autoscaler","caller":"scaling/autoscaler.go:314","message":"Autoscaler: stable=0.694195 panic=1.235122 target=3.500000 pods=%!d(float64=1) desired=1 excessBC=-208.000000","knative.dev/key":"default/linpack-00001"}
{"severity":"INFO","timestamp":"2026-06-03T07:18:13.421715708Z","logger":"autoscaler","caller":"scaling/autoscaler.go:318","message":"⏱ Autoscaler decision: 284.203µs.","knative.dev/key":"default/linpack-00001"}
{"severity":"INFO","timestamp":"2026-06-03T07:18:13.423188224Z","logger":"autoscaler","caller":"scaling/autoscaler.go:207","message":"For metric concurrency observed values: stable = 0.1; panic = 0.0; target = 3.5 Desired StablePodCount = 1, PanicPodCount = 1, ReadyEndpointCount = 1, MaxScaleUp = 1000, MaxScaleDown = 0","knative.dev/key":"default/genmatrix-00001"}
{"severity":"INFO","timestamp":"2026-06-03T07:18:13.423220279Z","logger":"autoscaler","caller":"scaling/autoscaler.go:314","message":"Autoscaler: stable=0.073628 panic=0.021613 target=3.500000 pods=%!d(float64=1) desired=1 excessBC=-207.000000","knative.dev/key":"default/genmatrix-00001"}
{"severity":"INFO","timestamp":"2026-06-03T07:18:13.423238131Z","logger":"autoscaler","caller":"scaling/autoscaler.go:318","message":"⏱ Autoscaler decision: 62.629µs.","knative.dev/key":"default/genmatrix-00001"}
{"severity":"INFO","timestamp":"2026-06-03T07:18:13.423518149Z","logger":"autoscaler","caller":"scaling/autoscaler.go:207","message":"For metric concurrency observed values: stable = 0.9; panic = 1.1; target = 3.5 Desired StablePodCount = 1, PanicPodCount = 1, ReadyEndpointCount = 1, MaxScaleUp = 1000, MaxScaleDown = 0","knative.dev/key":"default/fastfouriertransform-00001"}
{"severity":"INFO","timestamp":"2026-06-03T07:18:13.423539872Z","logger":"autoscaler","caller":"scaling/autoscaler.go:314","message":"Autoscaler: stable=0.901948 panic=1.065421 target=3.500000 pods=%!d(float64=1) desired=1 excessBC=-208.000000","knative.dev/key":"default/fastfouriertransform-00001"}
{"severity":"INFO","timestamp":"2026-06-03T07:18:13.423553631Z","logger":"autoscaler","caller":"scaling/autoscaler.go:318","message":"⏱ Autoscaler decision: 45.444µs.","knative.dev/key":"default/fastfouriertransform-00001"}
{"severity":"INFO","timestamp":"2026-06-03T07:18:13.423580594Z","logger":"autoscaler","caller":"scaling/autoscaler.go:207","message":"For metric concurrency observed values: stable = 0.2; panic = 0.2; target = 3.5 Desired StablePodCount = 1, PanicPodCount = 1, ReadyEndpointCount = 1, MaxScaleUp = 1000, MaxScaleDown = 0","knative.dev/key":"default/fetchdata-00001"}
{"severity":"INFO","timestamp":"2026-06-03T07:18:13.42359289Z","logger":"autoscaler","caller":"scaling/autoscaler.go:314","message":"Autoscaler: stable=0.244654 panic=0.207769 target=3.500000 pods=%!d(float64=1) desired=1 excessBC=-207.000000","knative.dev/key":"default/fetchdata-00001"}
{"severity":"INFO","timestamp":"2026-06-03T07:18:13.423602149Z","logger":"autoscaler","caller":"scaling/autoscaler.go:318","message":"⏱ Autoscaler decision: 30.481µs.","knative.dev/key":"default/fetchdata-00001"}
{"severity":"INFO","timestamp":"2026-06-03T07:18:13.944655097Z","logger":"autoscaler","caller":"kpa/kpa.go:193","message":"SKS should be in Proxy mode: want = 1, ebc = -208, #act's = 3 PA Inactive? = false","knative.dev/controller":"knative.dev.serving.pkg.reconciler.autoscaling.kpa.Reconciler","knative.dev/kind":"autoscaling.internal.knative.dev.PodAutoscaler","knative.dev/traceid":"88081da5-5296-4c1c-a8d9-67bf39bf6fab","knative.dev/key":"default/linpack-00001"}
{"severity":"INFO","timestamp":"2026-06-03T07:18:13.944722171Z","logger":"autoscaler","caller":"kpa/kpa.go:221","message":"KPA Scale decision for revision default/linpack-00001: currentPods=1, calculatedWant=1, desiredPods=1, excessBurstCapacity=-208","knative.dev/controller":"knative.dev.serving.pkg.reconciler.autoscaling.kpa.Reconciler","knative.dev/kind":"autoscaling.internal.knative.dev.PodAutoscaler","knative.dev/traceid":"88081da5-5296-4c1c-a8d9-67bf39bf6fab","knative.dev/key":"default/linpack-00001"}
{"severity":"INFO","timestamp":"2026-06-03T07:18:13.944743319Z","logger":"autoscaler","caller":"kpa/kpa.go:239","message":"Observed pod counts=kpa.podCounts{want:1, ready:1, notReady:0, pending:0, terminating:0}","knative.dev/controller":"knative.dev.serving.pkg.reconciler.autoscaling.kpa.Reconciler","knative.dev/kind":"autoscaling.internal.knative.dev.PodAutoscaler","knative.dev/traceid":"88081da5-5296-4c1c-a8d9-67bf39bf6fab","knative.dev/key":"default/linpack-00001"}
{"severity":"INFO","timestamp":"2026-06-03T07:18:13.944761596Z","logger":"autoscaler","caller":"kpa/kpa.go:298","message":"KPA Status for revision default/linpack-00001 after reconcile: currentPods=1, desiredPods=1, conditions=[Active=True Ready=True SKSReady=True ScaleTargetInitialized=True]","knative.dev/controller":"knative.dev.serving.pkg.reconciler.autoscaling.kpa.Reconciler","knative.dev/kind":"autoscaling.internal.knative.dev.PodAutoscaler","knative.dev/traceid":"88081da5-5296-4c1c-a8d9-67bf39bf6fab","knative.dev/key":"default/linpack-00001"}
{"severity":"INFO","timestamp":"2026-06-03T07:18:13.944783282Z","logger":"autoscaler","caller":"kpa/kpa.go:242","message":"Cold start final  took: 405.462µs","knative.dev/controller":"knative.dev.serving.pkg.reconciler.autoscaling.kpa.Reconciler","knative.dev/kind":"autoscaling.internal.knative.dev.PodAutoscaler","knative.dev/traceid":"88081da5-5296-4c1c-a8d9-67bf39bf6fab","knative.dev/key":"default/linpack-00001"}
{"severity":"INFO","timestamp":"2026-06-03T07:18:13.944819467Z","logger":"autoscaler","caller":"controller/controller.go:530","message":"Reconcile succeeded","knative.dev/controller":"knative.dev.serving.pkg.reconciler.autoscaling.kpa.Reconciler","knative.dev/kind":"autoscaling.internal.knative.dev.PodAutoscaler","knative.dev/traceid":"88081da5-5296-4c1c-a8d9-67bf39bf6fab","knative.dev/key":"default/linpack-00001","duration":"511.74µs"}
{"severity":"INFO","timestamp":"2026-06-03T07:18:13.978478341Z","logger":"autoscaler","caller":"kpa/kpa.go:193","message":"SKS should be in Proxy mode: want = 1, ebc = -208, #act's = 3 PA Inactive? = false","knative.dev/controller":"knative.dev.serving.pkg.reconciler.autoscaling.kpa.Reconciler","knative.dev/kind":"autoscaling.internal.knative.dev.PodAutoscaler","knative.dev/traceid":"64fea20e-6c75-4a2b-9968-a0c0973e7773","knative.dev/key":"default/fastfouriertransform-00001"}
{"severity":"INFO","timestamp":"2026-06-03T07:18:13.978536323Z","logger":"autoscaler","caller":"kpa/kpa.go:221","message":"KPA Scale decision for revision default/fastfouriertransform-00001: currentPods=1, calculatedWant=1, desiredPods=1, excessBurstCapacity=-208","knative.dev/controller":"knative.dev.serving.pkg.reconciler.autoscaling.kpa.Reconciler","knative.dev/kind":"autoscaling.internal.knative.dev.PodAutoscaler","knative.dev/traceid":"64fea20e-6c75-4a2b-9968-a0c0973e7773","knative.dev/key":"default/fastfouriertransform-00001"}
{"severity":"INFO","timestamp":"2026-06-03T07:18:13.978579175Z","logger":"autoscaler","caller":"kpa/kpa.go:239","message":"Observed pod counts=kpa.podCounts{want:1, ready:1, notReady:0, pending:0, terminating:0}","knative.dev/controller":"knative.dev.serving.pkg.reconciler.autoscaling.kpa.Reconciler","knative.dev/kind":"autoscaling.internal.knative.dev.PodAutoscaler","knative.dev/traceid":"64fea20e-6c75-4a2b-9968-a0c0973e7773","knative.dev/key":"default/fastfouriertransform-00001"}
{"severity":"INFO","timestamp":"2026-06-03T07:18:13.978602712Z","logger":"autoscaler","caller":"kpa/kpa.go:298","message":"KPA Status for revision default/fastfouriertransform-00001 after reconcile: currentPods=1, desiredPods=1, conditions=[Active=True Ready=True SKSReady=True ScaleTargetInitialized=True]","knative.dev/controller":"knative.dev.serving.pkg.reconciler.autoscaling.kpa.Reconciler","knative.dev/kind":"autoscaling.internal.knative.dev.PodAutoscaler","knative.dev/traceid":"64fea20e-6c75-4a2b-9968-a0c0973e7773","knative.dev/key":"default/fastfouriertransform-00001"}
{"severity":"INFO","timestamp":"2026-06-03T07:18:13.978627193Z","logger":"autoscaler","caller":"kpa/kpa.go:242","message":"Cold start final  took: 431.203µs","knative.dev/controller":"knative.dev.serving.pkg.reconciler.autoscaling.kpa.Reconciler","knative.dev/kind":"autoscaling.internal.knative.dev.PodAutoscaler","knative.dev/traceid":"64fea20e-6c75-4a2b-9968-a0c0973e7773","knative.dev/key":"default/fastfouriertransform-00001"}
{"severity":"INFO","timestamp":"2026-06-03T07:18:13.978698971Z","logger":"autoscaler","caller":"controller/controller.go:530","message":"Reconcile succeeded","knative.dev/controller":"knative.dev.serving.pkg.reconciler.autoscaling.kpa.Reconciler","knative.dev/kind":"autoscaling.internal.knative.dev.PodAutoscaler","knative.dev/traceid":"64fea20e-6c75-4a2b-9968-a0c0973e7773","knative.dev/key":"default/fastfouriertransform-00001","duration":"577.443µs"}
{"severity":"INFO","timestamp":"2026-06-03T07:18:14.188456651Z","logger":"autoscaler","caller":"kpa/kpa.go:193","message":"SKS should be in Proxy mode: want = 1, ebc = -208, #act's = 3 PA Inactive? = false","knative.dev/controller":"knative.dev.serving.pkg.reconciler.autoscaling.kpa.Reconciler","knative.dev/kind":"autoscaling.internal.knative.dev.PodAutoscaler","knative.dev/traceid":"0a00d485-2656-4f5b-b224-87476130d1f9","knative.dev/key":"default/fastfouriertransform-00001"}
{"severity":"INFO","timestamp":"2026-06-03T07:18:14.188543058Z","logger":"autoscaler","caller":"kpa/kpa.go:221","message":"KPA Scale decision for revision default/fastfouriertransform-00001: currentPods=1, calculatedWant=1, desiredPods=1, excessBurstCapacity=-208","knative.dev/controller":"knative.dev.serving.pkg.reconciler.autoscaling.kpa.Reconciler","knative.dev/kind":"autoscaling.internal.knative.dev.PodAutoscaler","knative.dev/traceid":"0a00d485-2656-4f5b-b224-87476130d1f9","knative.dev/key":"default/fastfouriertransform-00001"}
{"severity":"INFO","timestamp":"2026-06-03T07:18:14.188569392Z","logger":"autoscaler","caller":"kpa/kpa.go:239","message":"Observed pod counts=kpa.podCounts{want:1, ready:1, notReady:0, pending:0, terminating:0}","knative.dev/controller":"knative.dev.serving.pkg.reconciler.autoscaling.kpa.Reconciler","knative.dev/kind":"autoscaling.internal.knative.dev.PodAutoscaler","knative.dev/traceid":"0a00d485-2656-4f5b-b224-87476130d1f9","knative.dev/key":"default/fastfouriertransform-00001"}
{"severity":"INFO","timestamp":"2026-06-03T07:18:14.188605929Z","logger":"autoscaler","caller":"kpa/kpa.go:298","message":"KPA Status for revision default/fastfouriertransform-00001 after reconcile: currentPods=1, desiredPods=1, conditions=[Active=True Ready=True SKSReady=True ScaleTargetInitialized=True]","knative.dev/controller":"knative.dev.serving.pkg.reconciler.autoscaling.kpa.Reconciler","knative.dev/kind":"autoscaling.internal.knative.dev.PodAutoscaler","knative.dev/traceid":"0a00d485-2656-4f5b-b224-87476130d1f9","knative.dev/key":"default/fastfouriertransform-00001"}
{"severity":"INFO","timestamp":"2026-06-03T07:18:14.188639225Z","logger":"autoscaler","caller":"kpa/kpa.go:242","message":"Cold start final  took: 571.61µs","knative.dev/controller":"knative.dev.serving.pkg.reconciler.autoscaling.kpa.Reconciler","knative.dev/kind":"autoscaling.internal.knative.dev.PodAutoscaler","knative.dev/traceid":"0a00d485-2656-4f5b-b224-87476130d1f9","knative.dev/key":"default/fastfouriertransform-00001"}
{"severity":"INFO","timestamp":"2026-06-03T07:18:14.188695929Z","logger":"autoscaler","caller":"controller/controller.go:530","message":"Reconcile succeeded","knative.dev/controller":"knative.dev.serving.pkg.reconciler.autoscaling.kpa.Reconciler","knative.dev/kind":"autoscaling.internal.knative.dev.PodAutoscaler","knative.dev/traceid":"0a00d485-2656-4f5b-b224-87476130d1f9","knative.dev/key":"default/fastfouriertransform-00001","duration":"706.388µs"}
{"severity":"INFO","timestamp":"2026-06-03T07:18:14.192719126Z","logger":"autoscaler","caller":"kpa/kpa.go:193","message":"SKS should be in Proxy mode: want = 1, ebc = -208, #act's = 3 PA Inactive? = false","knative.dev/controller":"knative.dev.serving.pkg.reconciler.autoscaling.kpa.Reconciler","knative.dev/kind":"autoscaling.internal.knative.dev.PodAutoscaler","knative.dev/traceid":"2508075b-a5c6-4e7e-8979-e0f8a62c9a9d","knative.dev/key":"default/fastfouriertransform-00001"}
{"severity":"INFO","timestamp":"2026-06-03T07:18:14.192869441Z","logger":"autoscaler","caller":"kpa/kpa.go:221","message":"KPA Scale decision for revision default/fastfouriertransform-00001: currentPods=1, calculatedWant=1, desiredPods=1, excessBurstCapacity=-208","knative.dev/controller":"knative.dev.serving.pkg.reconciler.autoscaling.kpa.Reconciler","knative.dev/kind":"autoscaling.internal.knative.dev.PodAutoscaler","knative.dev/traceid":"2508075b-a5c6-4e7e-8979-e0f8a62c9a9d","knative.dev/key":"default/fastfouriertransform-00001"}
{"severity":"INFO","timestamp":"2026-06-03T07:18:14.19293683Z","logger":"autoscaler","caller":"kpa/kpa.go:239","message":"Observed pod counts=kpa.podCounts{want:1, ready:1, notReady:0, pending:0, terminating:0}","knative.dev/controller":"knative.dev.serving.pkg.reconciler.autoscaling.kpa.Reconciler","knative.dev/kind":"autoscaling.internal.knative.dev.PodAutoscaler","knative.dev/traceid":"2508075b-a5c6-4e7e-8979-e0f8a62c9a9d","knative.dev/key":"default/fastfouriertransform-00001"}
{"severity":"INFO","timestamp":"2026-06-03T07:18:14.192997163Z","logger":"autoscaler","caller":"kpa/kpa.go:298","message":"KPA Status for revision default/fastfouriertransform-00001 after reconcile: currentPods=1, desiredPods=1, conditions=[Active=True Ready=True SKSReady=True ScaleTargetInitialized=True]","knative.dev/controller":"knative.dev.serving.pkg.reconciler.autoscaling.kpa.Reconciler","knative.dev/kind":"autoscaling.internal.knative.dev.PodAutoscaler","knative.dev/traceid":"2508075b-a5c6-4e7e-8979-e0f8a62c9a9d","knative.dev/key":"default/fastfouriertransform-00001"}
{"severity":"INFO","timestamp":"2026-06-03T07:18:14.193059181Z","logger":"autoscaler","caller":"kpa/kpa.go:242","message":"Cold start final  took: 726.462µs","knative.dev/controller":"knative.dev.serving.pkg.reconciler.autoscaling.kpa.Reconciler","knative.dev/kind":"autoscaling.internal.knative.dev.PodAutoscaler","knative.dev/traceid":"2508075b-a5c6-4e7e-8979-e0f8a62c9a9d","knative.dev/key":"default/fastfouriertransform-00001"}
{"severity":"INFO","timestamp":"2026-06-03T07:18:14.193143218Z","logger":"autoscaler","caller":"controller/controller.go:530","message":"Reconcile succeeded","knative.dev/controller":"knative.dev.serving.pkg.reconciler.autoscaling.kpa.Reconciler","knative.dev/kind":"autoscaling.internal.knative.dev.PodAutoscaler","knative.dev/traceid":"2508075b-a5c6-4e7e-8979-e0f8a62c9a9d","knative.dev/key":"default/fastfouriertransform-00001","duration":"893.887µs"}
{"severity":"INFO","timestamp":"2026-06-03T07:18:14.50892783Z","logger":"autoscaler","caller":"kpa/kpa.go:193","message":"SKS should be in Proxy mode: want = 1, ebc = -208, #act's = 3 PA Inactive? = false","knative.dev/controller":"knative.dev.serving.pkg.reconciler.autoscaling.kpa.Reconciler","knative.dev/kind":"autoscaling.internal.knative.dev.PodAutoscaler","knative.dev/traceid":"72f969ad-ffbe-4f95-97e5-41b7ddb2a9c3","knative.dev/key":"default/linpack-00001"}
{"severity":"INFO","timestamp":"2026-06-03T07:18:14.509064848Z","logger":"autoscaler","caller":"kpa/kpa.go:221","message":"KPA Scale decision for revision default/linpack-00001: currentPods=1, calculatedWant=1, desiredPods=1, excessBurstCapacity=-208","knative.dev/controller":"knative.dev.serving.pkg.reconciler.autoscaling.kpa.Reconciler","knative.dev/kind":"autoscaling.internal.knative.dev.PodAutoscaler","knative.dev/traceid":"72f969ad-ffbe-4f95-97e5-41b7ddb2a9c3","knative.dev/key":"default/linpack-00001"}
{"severity":"INFO","timestamp":"2026-06-03T07:18:14.509131959Z","logger":"autoscaler","caller":"kpa/kpa.go:239","message":"Observed pod counts=kpa.podCounts{want:1, ready:1, notReady:0, pending:0, terminating:0}","knative.dev/controller":"knative.dev.serving.pkg.reconciler.autoscaling.kpa.Reconciler","knative.dev/kind":"autoscaling.internal.knative.dev.PodAutoscaler","knative.dev/traceid":"72f969ad-ffbe-4f95-97e5-41b7ddb2a9c3","knative.dev/key":"default/linpack-00001"}
{"severity":"INFO","timestamp":"2026-06-03T07:18:14.509191867Z","logger":"autoscaler","caller":"kpa/kpa.go:298","message":"KPA Status for revision default/linpack-00001 after reconcile: currentPods=1, desiredPods=1, conditions=[Active=True Ready=True SKSReady=True ScaleTargetInitialized=True]","knative.dev/controller":"knative.dev.serving.pkg.reconciler.autoscaling.kpa.Reconciler","knative.dev/kind":"autoscaling.internal.knative.dev.PodAutoscaler","knative.dev/traceid":"72f969ad-ffbe-4f95-97e5-41b7ddb2a9c3","knative.dev/key":"default/linpack-00001"}
{"severity":"INFO","timestamp":"2026-06-03T07:18:14.509249015Z","logger":"autoscaler","caller":"kpa/kpa.go:242","message":"Cold start final  took: 687.795µs","knative.dev/controller":"knative.dev.serving.pkg.reconciler.autoscaling.kpa.Reconciler","knative.dev/kind":"autoscaling.internal.knative.dev.PodAutoscaler","knative.dev/traceid":"72f969ad-ffbe-4f95-97e5-41b7ddb2a9c3","knative.dev/key":"default/linpack-00001"}
{"severity":"INFO","timestamp":"2026-06-03T07:18:14.509350607Z","logger":"autoscaler","caller":"controller/controller.go:530","message":"Reconcile succeeded","knative.dev/controller":"knative.dev.serving.pkg.reconciler.autoscaling.kpa.Reconciler","knative.dev/kind":"autoscaling.internal.knative.dev.PodAutoscaler","knative.dev/traceid":"72f969ad-ffbe-4f95-97e5-41b7ddb2a9c3","knative.dev/key":"default/linpack-00001","duration":"867.924µs"}
{"severity":"INFO","timestamp":"2026-06-03T07:18:14.51137203Z","logger":"autoscaler","caller":"kpa/kpa.go:193","message":"SKS should be in Proxy mode: want = 1, ebc = -208, #act's = 3 PA Inactive? = false","knative.dev/controller":"knative.dev.serving.pkg.reconciler.autoscaling.kpa.Reconciler","knative.dev/kind":"autoscaling.internal.knative.dev.PodAutoscaler","knative.dev/traceid":"268825ef-83c9-4585-a3f8-0926adf9b935","knative.dev/key":"default/linpack-00001"}
{"severity":"INFO","timestamp":"2026-06-03T07:18:14.511510789Z","logger":"autoscaler","caller":"kpa/kpa.go:221","message":"KPA Scale decision for revision default/linpack-00001: currentPods=1, calculatedWant=1, desiredPods=1, excessBurstCapacity=-208","knative.dev/controller":"knative.dev.serving.pkg.reconciler.autoscaling.kpa.Reconciler","knative.dev/kind":"autoscaling.internal.knative.dev.PodAutoscaler","knative.dev/traceid":"268825ef-83c9-4585-a3f8-0926adf9b935","knative.dev/key":"default/linpack-00001"}
{"severity":"INFO","timestamp":"2026-06-03T07:18:14.511572881Z","logger":"autoscaler","caller":"kpa/kpa.go:239","message":"Observed pod counts=kpa.podCounts{want:1, ready:1, notReady:0, pending:0, terminating:0}","knative.dev/controller":"knative.dev.serving.pkg.reconciler.autoscaling.kpa.Reconciler","knative.dev/kind":"autoscaling.internal.knative.dev.PodAutoscaler","knative.dev/traceid":"268825ef-83c9-4585-a3f8-0926adf9b935","knative.dev/key":"default/linpack-00001"}
{"severity":"INFO","timestamp":"2026-06-03T07:18:14.511629159Z","logger":"autoscaler","caller":"kpa/kpa.go:298","message":"KPA Status for revision default/linpack-00001 after reconcile: currentPods=1, desiredPods=1, conditions=[Active=True Ready=True SKSReady=True ScaleTargetInitialized=True]","knative.dev/controller":"knative.dev.serving.pkg.reconciler.autoscaling.kpa.Reconciler","knative.dev/kind":"autoscaling.internal.knative.dev.PodAutoscaler","knative.dev/traceid":"268825ef-83c9-4585-a3f8-0926adf9b935","knative.dev/key":"default/linpack-00001"}
{"severity":"INFO","timestamp":"2026-06-03T07:18:14.511686418Z","logger":"autoscaler","caller":"kpa/kpa.go:242","message":"Cold start final  took: 688.443µs","knative.dev/controller":"knative.dev.serving.pkg.reconciler.autoscaling.kpa.Reconciler","knative.dev/kind":"autoscaling.internal.knative.dev.PodAutoscaler","knative.dev/traceid":"268825ef-83c9-4585-a3f8-0926adf9b935","knative.dev/key":"default/linpack-00001"}
{"severity":"INFO","timestamp":"2026-06-03T07:18:14.511763085Z","logger":"autoscaler","caller":"controller/controller.go:530","message":"Reconcile succeeded","knative.dev/controller":"knative.dev.serving.pkg.reconciler.autoscaling.kpa.Reconciler","knative.dev/kind":"autoscaling.internal.knative.dev.PodAutoscaler","knative.dev/traceid":"268825ef-83c9-4585-a3f8-0926adf9b935","knative.dev/key":"default/linpack-00001","duration":"839.869µs"}
{"severity":"INFO","timestamp":"2026-06-03T07:18:15.4213312Z","logger":"autoscaler","caller":"scaling/autoscaler.go:207","message":"For metric concurrency observed values: stable = 0.7; panic = 1.2; target = 3.5 Desired StablePodCount = 1, PanicPodCount = 1, ReadyEndpointCount = 1, MaxScaleUp = 1000, MaxScaleDown = 0","knative.dev/key":"default/linpack-00001"}
{"severity":"INFO","timestamp":"2026-06-03T07:18:15.421386181Z","logger":"autoscaler","caller":"scaling/autoscaler.go:314","message":"Autoscaler: stable=0.730759 panic=1.233770 target=3.500000 pods=%!d(float64=1) desired=1 excessBC=-208.000000","knative.dev/key":"default/linpack-00001"}
{"severity":"INFO","timestamp":"2026-06-03T07:18:15.421409255Z","logger":"autoscaler","caller":"scaling/autoscaler.go:318","message":"⏱ Autoscaler decision: 140.407µs.","knative.dev/key":"default/linpack-00001"}
{"severity":"INFO","timestamp":"2026-06-03T07:18:15.421671199Z","logger":"autoscaler","caller":"scaling/autoscaler.go:207","message":"For metric concurrency observed values: stable = 0.8; panic = 0.4; target = 3.5 Desired StablePodCount = 1, PanicPodCount = 1, ReadyEndpointCount = 1, MaxScaleUp = 1000, MaxScaleDown = 0","knative.dev/key":"default/matrixmul-00001"}
{"severity":"INFO","timestamp":"2026-06-03T07:18:15.42169531Z","logger":"autoscaler","caller":"scaling/autoscaler.go:314","message":"Autoscaler: stable=0.768484 panic=0.417190 target=3.500000 pods=%!d(float64=1) desired=1 excessBC=-207.000000","knative.dev/key":"default/matrixmul-00001"}
{"severity":"INFO","timestamp":"2026-06-03T07:18:15.421714551Z","logger":"autoscaler","caller":"scaling/autoscaler.go:318","message":"⏱ Autoscaler decision: 70.667µs.","knative.dev/key":"default/matrixmul-00001"}
{"severity":"INFO","timestamp":"2026-06-03T07:18:15.423368012Z","logger":"autoscaler","caller":"scaling/autoscaler.go:207","message":"For metric concurrency observed values: stable = 0.1; panic = 0.2; target = 3.5 Desired StablePodCount = 1, PanicPodCount = 1, ReadyEndpointCount = 1, MaxScaleUp = 1000, MaxScaleDown = 0","knative.dev/key":"default/genmatrix-00001"}
{"severity":"INFO","timestamp":"2026-06-03T07:18:15.423407882Z","logger":"autoscaler","caller":"scaling/autoscaler.go:314","message":"Autoscaler: stable=0.088501 panic=0.208508 target=3.500000 pods=%!d(float64=1) desired=1 excessBC=-207.000000","knative.dev/key":"default/genmatrix-00001"}
{"severity":"INFO","timestamp":"2026-06-03T07:18:15.423428511Z","logger":"autoscaler","caller":"scaling/autoscaler.go:318","message":"⏱ Autoscaler decision: 105.463µs.","knative.dev/key":"default/genmatrix-00001"}
{"severity":"INFO","timestamp":"2026-06-03T07:18:15.424025159Z","logger":"autoscaler","caller":"scaling/autoscaler.go:207","message":"For metric concurrency observed values: stable = 0.9; panic = 0.9; target = 3.5 Desired StablePodCount = 1, PanicPodCount = 1, ReadyEndpointCount = 1, MaxScaleUp = 1000, MaxScaleDown = 0","knative.dev/key":"default/fastfouriertransform-00001"}
{"severity":"INFO","timestamp":"2026-06-03T07:18:15.424056751Z","logger":"autoscaler","caller":"scaling/autoscaler.go:314","message":"Autoscaler: stable=0.902920 panic=0.945665 target=3.500000 pods=%!d(float64=1) desired=1 excessBC=-207.000000","knative.dev/key":"default/fastfouriertransform-00001"}
{"severity":"INFO","timestamp":"2026-06-03T07:18:15.424168492Z","logger":"autoscaler","caller":"scaling/autoscaler.go:318","message":"⏱ Autoscaler decision: 198.685µs.","knative.dev/key":"default/fastfouriertransform-00001"}
{"severity":"INFO","timestamp":"2026-06-03T07:18:15.42423014Z","logger":"autoscaler","caller":"scaling/autoscaler.go:207","message":"For metric concurrency observed values: stable = 0.2; panic = 0.2; target = 3.5 Desired StablePodCount = 1, PanicPodCount = 1, ReadyEndpointCount = 1, MaxScaleUp = 1000, MaxScaleDown = 0","knative.dev/key":"default/fetchdata-00001"}
{"severity":"INFO","timestamp":"2026-06-03T07:18:15.424250566Z","logger":"autoscaler","caller":"scaling/autoscaler.go:314","message":"Autoscaler: stable=0.243166 panic=0.168489 target=3.500000 pods=%!d(float64=1) desired=1 excessBC=-207.000000","knative.dev/key":"default/fetchdata-00001"}
{"severity":"INFO","timestamp":"2026-06-03T07:18:15.424269473Z","logger":"autoscaler","caller":"scaling/autoscaler.go:318","message":"⏱ Autoscaler decision: 66.425µs.","knative.dev/key":"default/fetchdata-00001"}
{"severity":"INFO","timestamp":"2026-06-03T07:18:17.421216766Z","logger":"autoscaler","caller":"scaling/autoscaler.go:207","message":"For metric concurrency observed values: stable = 0.7; panic = 0.6; target = 3.5 Desired StablePodCount = 1, PanicPodCount = 1, ReadyEndpointCount = 1, MaxScaleUp = 1000, MaxScaleDown = 0","knative.dev/key":"default/linpack-00001"}
{"severity":"INFO","timestamp":"2026-06-03T07:18:17.421271969Z","logger":"autoscaler","caller":"scaling/autoscaler.go:314","message":"Autoscaler: stable=0.717751 panic=0.588323 target=3.500000 pods=%!d(float64=1) desired=1 excessBC=-207.000000","knative.dev/key":"default/linpack-00001"}
{"severity":"INFO","timestamp":"2026-06-03T07:18:17.42129871Z","logger":"autoscaler","caller":"scaling/autoscaler.go:318","message":"⏱ Autoscaler decision: 111.408µs.","knative.dev/key":"default/linpack-00001"}
{"severity":"INFO","timestamp":"2026-06-03T07:18:17.421997802Z","logger":"autoscaler","caller":"scaling/autoscaler.go:207","message":"For metric concurrency observed values: stable = 0.8; panic = 0.4; target = 3.5 Desired StablePodCount = 1, PanicPodCount = 1, ReadyEndpointCount = 1, MaxScaleUp = 1000, MaxScaleDown = 0","knative.dev/key":"default/matrixmul-00001"}
{"severity":"INFO","timestamp":"2026-06-03T07:18:17.422033542Z","logger":"autoscaler","caller":"scaling/autoscaler.go:314","message":"Autoscaler: stable=0.755703 panic=0.432289 target=3.500000 pods=%!d(float64=1) desired=1 excessBC=-207.000000","knative.dev/key":"default/matrixmul-00001"}
{"severity":"INFO","timestamp":"2026-06-03T07:18:17.422054783Z","logger":"autoscaler","caller":"scaling/autoscaler.go:318","message":"⏱ Autoscaler decision: 77.722µs.","knative.dev/key":"default/matrixmul-00001"}
{"severity":"INFO","timestamp":"2026-06-03T07:18:17.423197503Z","logger":"autoscaler","caller":"scaling/autoscaler.go:207","message":"For metric concurrency observed values: stable = 0.1; panic = 0.2; target = 3.5 Desired StablePodCount = 1, PanicPodCount = 1, ReadyEndpointCount = 1, MaxScaleUp = 1000, MaxScaleDown = 0","knative.dev/key":"default/genmatrix-00001"}
{"severity":"INFO","timestamp":"2026-06-03T07:18:17.423230763Z","logger":"autoscaler","caller":"scaling/autoscaler.go:314","message":"Autoscaler: stable=0.088342 panic=0.218702 target=3.500000 pods=%!d(float64=1) desired=1 excessBC=-207.000000","knative.dev/key":"default/genmatrix-00001"}
{"severity":"INFO","timestamp":"2026-06-03T07:18:17.423251781Z","logger":"autoscaler","caller":"scaling/autoscaler.go:318","message":"⏱ Autoscaler decision: 75.685µs.","knative.dev/key":"default/genmatrix-00001"}
{"severity":"INFO","timestamp":"2026-06-03T07:18:17.423783632Z","logger":"autoscaler","caller":"scaling/autoscaler.go:207","message":"For metric concurrency observed values: stable = 1.0; panic = 1.3; target = 3.5 Desired StablePodCount = 1, PanicPodCount = 1, ReadyEndpointCount = 1, MaxScaleUp = 1000, MaxScaleDown = 0","knative.dev/key":"default/fastfouriertransform-00001"}
{"severity":"INFO","timestamp":"2026-06-03T07:18:17.423815003Z","logger":"autoscaler","caller":"scaling/autoscaler.go:314","message":"Autoscaler: stable=0.954575 panic=1.305699 target=3.500000 pods=%!d(float64=1) desired=1 excessBC=-208.000000","knative.dev/key":"default/fastfouriertransform-00001"}
{"severity":"INFO","timestamp":"2026-06-03T07:18:17.423835614Z","logger":"autoscaler","caller":"scaling/autoscaler.go:318","message":"⏱ Autoscaler decision: 67.5µs.","knative.dev/key":"default/fastfouriertransform-00001"}
{"severity":"INFO","timestamp":"2026-06-03T07:18:17.423887484Z","logger":"autoscaler","caller":"scaling/autoscaler.go:207","message":"For metric concurrency observed values: stable = 0.2; panic = 0.1; target = 3.5 Desired StablePodCount = 1, PanicPodCount = 1, ReadyEndpointCount = 1, MaxScaleUp = 1000, MaxScaleDown = 0","knative.dev/key":"default/fetchdata-00001"}
{"severity":"INFO","timestamp":"2026-06-03T07:18:17.423903725Z","logger":"autoscaler","caller":"scaling/autoscaler.go:314","message":"Autoscaler: stable=0.244739 panic=0.136445 target=3.500000 pods=%!d(float64=1) desired=1 excessBC=-207.000000","knative.dev/key":"default/fetchdata-00001"}
{"severity":"INFO","timestamp":"2026-06-03T07:18:17.423920447Z","logger":"autoscaler","caller":"scaling/autoscaler.go:318","message":"⏱ Autoscaler decision: 62.166µs.","knative.dev/key":"default/fetchdata-00001"}
{"severity":"INFO","timestamp":"2026-06-03T07:18:19.421055591Z","logger":"autoscaler","caller":"scaling/autoscaler.go:207","message":"For metric concurrency observed values: stable = 0.7; panic = 0.5; target = 3.5 Desired StablePodCount = 1, PanicPodCount = 1, ReadyEndpointCount = 1, MaxScaleUp = 1000, MaxScaleDown = 0","knative.dev/key":"default/linpack-00001"}
{"severity":"INFO","timestamp":"2026-06-03T07:18:19.421102461Z","logger":"autoscaler","caller":"scaling/autoscaler.go:314","message":"Autoscaler: stable=0.717693 panic=0.515537 target=3.500000 pods=%!d(float64=1) desired=1 excessBC=-207.000000","knative.dev/key":"default/linpack-00001"}
{"severity":"INFO","timestamp":"2026-06-03T07:18:19.421125406Z","logger":"autoscaler","caller":"scaling/autoscaler.go:318","message":"⏱ Autoscaler decision: 86.389µs.","knative.dev/key":"default/linpack-00001"}
{"severity":"INFO","timestamp":"2026-06-03T07:18:19.421663331Z","logger":"autoscaler","caller":"scaling/autoscaler.go:207","message":"For metric concurrency observed values: stable = 0.8; panic = 1.3; target = 3.5 Desired StablePodCount = 1, PanicPodCount = 1, ReadyEndpointCount = 1, MaxScaleUp = 1000, MaxScaleDown = 0","knative.dev/key":"default/matrixmul-00001"}
{"severity":"INFO","timestamp":"2026-06-03T07:18:19.421695942Z","logger":"autoscaler","caller":"scaling/autoscaler.go:314","message":"Autoscaler: stable=0.795328 panic=1.265898 target=3.500000 pods=%!d(float64=1) desired=1 excessBC=-208.000000","knative.dev/key":"default/matrixmul-00001"}
{"severity":"INFO","timestamp":"2026-06-03T07:18:19.421717516Z","logger":"autoscaler","caller":"scaling/autoscaler.go:318","message":"⏱ Autoscaler decision: 79.481µs.","knative.dev/key":"default/matrixmul-00001"}
{"severity":"INFO","timestamp":"2026-06-03T07:18:19.42288244Z","logger":"autoscaler","caller":"scaling/autoscaler.go:207","message":"For metric concurrency observed values: stable = 0.2; panic = 0.1; target = 3.5 Desired StablePodCount = 1, PanicPodCount = 1, ReadyEndpointCount = 1, MaxScaleUp = 1000, MaxScaleDown = 0","knative.dev/key":"default/fetchdata-00001"}
{"severity":"INFO","timestamp":"2026-06-03T07:18:19.422920662Z","logger":"autoscaler","caller":"scaling/autoscaler.go:314","message":"Autoscaler: stable=0.229279 panic=0.104895 target=3.500000 pods=%!d(float64=1) desired=1 excessBC=-207.000000","knative.dev/key":"default/fetchdata-00001"}
{"severity":"INFO","timestamp":"2026-06-03T07:18:19.422941199Z","logger":"autoscaler","caller":"scaling/autoscaler.go:318","message":"⏱ Autoscaler decision: 78.833µs.","knative.dev/key":"default/fetchdata-00001"}
{"severity":"INFO","timestamp":"2026-06-03T07:18:19.423156866Z","logger":"autoscaler","caller":"scaling/autoscaler.go:207","message":"For metric concurrency observed values: stable = 0.1; panic = 0.2; target = 3.5 Desired StablePodCount = 1, PanicPodCount = 1, ReadyEndpointCount = 1, MaxScaleUp = 1000, MaxScaleDown = 0","knative.dev/key":"default/genmatrix-00001"}
{"severity":"INFO","timestamp":"2026-06-03T07:18:19.42318631Z","logger":"autoscaler","caller":"scaling/autoscaler.go:314","message":"Autoscaler: stable=0.088292 panic=0.232874 target=3.500000 pods=%!d(float64=1) desired=1 excessBC=-207.000000","knative.dev/key":"default/genmatrix-00001"}
{"severity":"INFO","timestamp":"2026-06-03T07:18:19.423206384Z","logger":"autoscaler","caller":"scaling/autoscaler.go:318","message":"⏱ Autoscaler decision: 66.444µs.","knative.dev/key":"default/genmatrix-00001"}
{"severity":"INFO","timestamp":"2026-06-03T07:18:19.423359273Z","logger":"autoscaler","caller":"scaling/autoscaler.go:207","message":"For metric concurrency observed values: stable = 1.0; panic = 1.5; target = 3.5 Desired StablePodCount = 1, PanicPodCount = 1, ReadyEndpointCount = 1, MaxScaleUp = 1000, MaxScaleDown = 0","knative.dev/key":"default/fastfouriertransform-00001"}
{"severity":"INFO","timestamp":"2026-06-03T07:18:19.423381662Z","logger":"autoscaler","caller":"scaling/autoscaler.go:314","message":"Autoscaler: stable=0.993557 panic=1.530901 target=3.500000 pods=%!d(float64=1) desired=1 excessBC=-208.000000","knative.dev/key":"default/fastfouriertransform-00001"}
{"severity":"INFO","timestamp":"2026-06-03T07:18:19.42339931Z","logger":"autoscaler","caller":"scaling/autoscaler.go:318","message":"⏱ Autoscaler decision: 52.833µs.","knative.dev/key":"default/fastfouriertransform-00001"}
{"severity":"INFO","timestamp":"2026-06-03T07:18:21.421881619Z","logger":"autoscaler","caller":"scaling/autoscaler.go:207","message":"For metric concurrency observed values: stable = 0.9; panic = 1.9; target = 3.5 Desired StablePodCount = 1, PanicPodCount = 1, ReadyEndpointCount = 1, MaxScaleUp = 1000, MaxScaleDown = 0","knative.dev/key":"default/matrixmul-00001"}
{"severity":"INFO","timestamp":"2026-06-03T07:18:21.421940174Z","logger":"autoscaler","caller":"scaling/autoscaler.go:314","message":"Autoscaler: stable=0.858567 panic=1.934641 target=3.500000 pods=%!d(float64=1) desired=1 excessBC=-208.000000","knative.dev/key":"default/matrixmul-00001"}
{"severity":"INFO","timestamp":"2026-06-03T07:18:21.421961711Z","logger":"autoscaler","caller":"scaling/autoscaler.go:318","message":"⏱ Autoscaler decision: 113.926µs.","knative.dev/key":"default/matrixmul-00001"}
{"severity":"INFO","timestamp":"2026-06-03T07:18:21.422544581Z","logger":"autoscaler","caller":"scaling/autoscaler.go:207","message":"For metric concurrency observed values: stable = 1.0; panic = 1.1; target = 3.5 Desired StablePodCount = 1, PanicPodCount = 1, ReadyEndpointCount = 1, MaxScaleUp = 1000, MaxScaleDown = 0","knative.dev/key":"default/fastfouriertransform-00001"}
{"severity":"INFO","timestamp":"2026-06-03T07:18:21.422580877Z","logger":"autoscaler","caller":"scaling/autoscaler.go:314","message":"Autoscaler: stable=0.993420 panic=1.089726 target=3.500000 pods=%!d(float64=1) desired=1 excessBC=-208.000000","knative.dev/key":"default/fastfouriertransform-00001"}
{"severity":"INFO","timestamp":"2026-06-03T07:18:21.422598396Z","logger":"autoscaler","caller":"scaling/autoscaler.go:318","message":"⏱ Autoscaler decision: 80.499µs.","knative.dev/key":"default/fastfouriertransform-00001"}
{"severity":"INFO","timestamp":"2026-06-03T07:18:21.422623562Z","logger":"autoscaler","caller":"scaling/autoscaler.go:207","message":"For metric concurrency observed values: stable = 0.7; panic = 0.3; target = 3.5 Desired StablePodCount = 1, PanicPodCount = 1, ReadyEndpointCount = 1, MaxScaleUp = 1000, MaxScaleDown = 0","knative.dev/key":"default/linpack-00001"}
{"severity":"INFO","timestamp":"2026-06-03T07:18:21.422633951Z","logger":"autoscaler","caller":"scaling/autoscaler.go:314","message":"Autoscaler: stable=0.682010 panic=0.289145 target=3.500000 pods=%!d(float64=1) desired=1 excessBC=-207.000000","knative.dev/key":"default/linpack-00001"}
{"severity":"INFO","timestamp":"2026-06-03T07:18:21.422642488Z","logger":"autoscaler","caller":"scaling/autoscaler.go:318","message":"⏱ Autoscaler decision: 27.259µs.","knative.dev/key":"default/linpack-00001"}
{"severity":"INFO","timestamp":"2026-06-03T07:18:21.42275184Z","logger":"autoscaler","caller":"scaling/autoscaler.go:207","message":"For metric concurrency observed values: stable = 0.2; panic = 0.1; target = 3.5 Desired StablePodCount = 1, PanicPodCount = 1, ReadyEndpointCount = 1, MaxScaleUp = 1000, MaxScaleDown = 0","knative.dev/key":"default/fetchdata-00001"}
{"severity":"INFO","timestamp":"2026-06-03T07:18:21.422768136Z","logger":"autoscaler","caller":"scaling/autoscaler.go:314","message":"Autoscaler: stable=0.230211 panic=0.140343 target=3.500000 pods=%!d(float64=1) desired=1 excessBC=-207.000000","knative.dev/key":"default/fetchdata-00001"}
{"severity":"INFO","timestamp":"2026-06-03T07:18:21.422780025Z","logger":"autoscaler","caller":"scaling/autoscaler.go:318","message":"⏱ Autoscaler decision: 38.351µs.","knative.dev/key":"default/fetchdata-00001"}
{"severity":"INFO","timestamp":"2026-06-03T07:18:21.423399135Z","logger":"autoscaler","caller":"scaling/autoscaler.go:207","message":"For metric concurrency observed values: stable = 0.1; panic = 0.0; target = 3.5 Desired StablePodCount = 1, PanicPodCount = 1, ReadyEndpointCount = 1, MaxScaleUp = 1000, MaxScaleDown = 0","knative.dev/key":"default/genmatrix-00001"}
{"severity":"INFO","timestamp":"2026-06-03T07:18:21.423420265Z","logger":"autoscaler","caller":"scaling/autoscaler.go:314","message":"Autoscaler: stable=0.087743 panic=0.039657 target=3.500000 pods=%!d(float64=1) desired=1 excessBC=-207.000000","knative.dev/key":"default/genmatrix-00001"}
{"severity":"INFO","timestamp":"2026-06-03T07:18:21.423432061Z","logger":"autoscaler","caller":"scaling/autoscaler.go:318","message":"⏱ Autoscaler decision: 46.592µs.","knative.dev/key":"default/genmatrix-00001"}
{"severity":"INFO","timestamp":"2026-06-03T07:18:23.421358186Z","logger":"autoscaler","caller":"scaling/autoscaler.go:207","message":"For metric concurrency observed values: stable = 0.7; panic = 0.9; target = 3.5 Desired StablePodCount = 1, PanicPodCount = 1, ReadyEndpointCount = 1, MaxScaleUp = 1000, MaxScaleDown = 0","knative.dev/key":"default/linpack-00001"}
{"severity":"INFO","timestamp":"2026-06-03T07:18:23.421394204Z","logger":"autoscaler","caller":"scaling/autoscaler.go:314","message":"Autoscaler: stable=0.725215 panic=0.873432 target=3.500000 pods=%!d(float64=1) desired=1 excessBC=-207.000000","knative.dev/key":"default/linpack-00001"}
{"severity":"INFO","timestamp":"2026-06-03T07:18:23.421566148Z","logger":"autoscaler","caller":"scaling/autoscaler.go:318","message":"⏱ Autoscaler decision: 72.833µs.","knative.dev/key":"default/linpack-00001"}
{"severity":"INFO","timestamp":"2026-06-03T07:18:23.421987463Z","logger":"autoscaler","caller":"scaling/autoscaler.go:207","message":"For metric concurrency observed values: stable = 0.8; panic = 1.7; target = 3.5 Desired StablePodCount = 1, PanicPodCount = 1, ReadyEndpointCount = 1, MaxScaleUp = 1000, MaxScaleDown = 0","knative.dev/key":"default/matrixmul-00001"}
{"severity":"INFO","timestamp":"2026-06-03T07:18:23.422013426Z","logger":"autoscaler","caller":"scaling/autoscaler.go:314","message":"Autoscaler: stable=0.848426 panic=1.709031 target=3.500000 pods=%!d(float64=1) desired=1 excessBC=-208.000000","knative.dev/key":"default/matrixmul-00001"}
{"severity":"INFO","timestamp":"2026-06-03T07:18:23.422028314Z","logger":"autoscaler","caller":"scaling/autoscaler.go:318","message":"⏱ Autoscaler decision: 62.352µs.","knative.dev/key":"default/matrixmul-00001"}
{"severity":"INFO","timestamp":"2026-06-03T07:18:23.423270146Z","logger":"autoscaler","caller":"scaling/autoscaler.go:207","message":"For metric concurrency observed values: stable = 0.1; panic = 0.1; target = 3.5 Desired StablePodCount = 1, PanicPodCount = 1, ReadyEndpointCount = 1, MaxScaleUp = 1000, MaxScaleDown = 0","knative.dev/key":"default/genmatrix-00001"}
{"severity":"INFO","timestamp":"2026-06-03T07:18:23.423298331Z","logger":"autoscaler","caller":"scaling/autoscaler.go:314","message":"Autoscaler: stable=0.089716 panic=0.061002 target=3.500000 pods=%!d(float64=1) desired=1 excessBC=-207.000000","knative.dev/key":"default/genmatrix-00001"}
{"severity":"INFO","timestamp":"2026-06-03T07:18:23.423314035Z","logger":"autoscaler","caller":"scaling/autoscaler.go:318","message":"⏱ Autoscaler decision: 67.611µs.","knative.dev/key":"default/genmatrix-00001"}
{"severity":"INFO","timestamp":"2026-06-03T07:18:23.42364333Z","logger":"autoscaler","caller":"scaling/autoscaler.go:207","message":"For metric concurrency observed values: stable = 1.0; panic = 0.3; target = 3.5 Desired StablePodCount = 1, PanicPodCount = 1, ReadyEndpointCount = 1, MaxScaleUp = 1000, MaxScaleDown = 0","knative.dev/key":"default/fastfouriertransform-00001"}
{"severity":"INFO","timestamp":"2026-06-03T07:18:23.423664349Z","logger":"autoscaler","caller":"scaling/autoscaler.go:314","message":"Autoscaler: stable=0.975447 panic=0.279001 target=3.500000 pods=%!d(float64=1) desired=1 excessBC=-207.000000","knative.dev/key":"default/fastfouriertransform-00001"}
{"severity":"INFO","timestamp":"2026-06-03T07:18:23.423677386Z","logger":"autoscaler","caller":"scaling/autoscaler.go:318","message":"⏱ Autoscaler decision: 44.537µs.","knative.dev/key":"default/fastfouriertransform-00001"}
{"severity":"INFO","timestamp":"2026-06-03T07:18:23.423700849Z","logger":"autoscaler","caller":"scaling/autoscaler.go:207","message":"For metric concurrency observed values: stable = 0.2; panic = 0.2; target = 3.5 Desired StablePodCount = 1, PanicPodCount = 1, ReadyEndpointCount = 1, MaxScaleUp = 1000, MaxScaleDown = 0","knative.dev/key":"default/fetchdata-00001"}
{"severity":"INFO","timestamp":"2026-06-03T07:18:23.423711738Z","logger":"autoscaler","caller":"scaling/autoscaler.go:314","message":"Autoscaler: stable=0.230935 panic=0.155517 target=3.500000 pods=%!d(float64=1) desired=1 excessBC=-207.000000","knative.dev/key":"default/fetchdata-00001"}
{"severity":"INFO","timestamp":"2026-06-03T07:18:23.423722164Z","logger":"autoscaler","caller":"scaling/autoscaler.go:318","message":"⏱ Autoscaler decision: 28.723µs.","knative.dev/key":"default/fetchdata-00001"}
{"severity":"INFO","timestamp":"2026-06-03T07:18:25.421231863Z","logger":"autoscaler","caller":"scaling/autoscaler.go:207","message":"For metric concurrency observed values: stable = 0.7; panic = 1.0; target = 3.5 Desired StablePodCount = 1, PanicPodCount = 1, ReadyEndpointCount = 1, MaxScaleUp = 1000, MaxScaleDown = 0","knative.dev/key":"default/linpack-00001"}
{"severity":"INFO","timestamp":"2026-06-03T07:18:25.421271252Z","logger":"autoscaler","caller":"scaling/autoscaler.go:314","message":"Autoscaler: stable=0.733602 panic=1.034690 target=3.500000 pods=%!d(float64=1) desired=1 excessBC=-208.000000","knative.dev/key":"default/linpack-00001"}
{"severity":"INFO","timestamp":"2026-06-03T07:18:25.421287271Z","logger":"autoscaler","caller":"scaling/autoscaler.go:318","message":"⏱ Autoscaler decision: 81.222µs.","knative.dev/key":"default/linpack-00001"}
{"severity":"INFO","timestamp":"2026-06-03T07:18:25.421927177Z","logger":"autoscaler","caller":"scaling/autoscaler.go:207","message":"For metric concurrency observed values: stable = 0.8; panic = 0.7; target = 3.5 Desired StablePodCount = 1, PanicPodCount = 1, ReadyEndpointCount = 1, MaxScaleUp = 1000, MaxScaleDown = 0","knative.dev/key":"default/matrixmul-00001"}
{"severity":"INFO","timestamp":"2026-06-03T07:18:25.421952529Z","logger":"autoscaler","caller":"scaling/autoscaler.go:314","message":"Autoscaler: stable=0.831680 panic=0.692055 target=3.500000 pods=%!d(float64=1) desired=1 excessBC=-207.000000","knative.dev/key":"default/matrixmul-00001"}
{"severity":"INFO","timestamp":"2026-06-03T07:18:25.421967251Z","logger":"autoscaler","caller":"scaling/autoscaler.go:318","message":"⏱ Autoscaler decision: 56.463µs.","knative.dev/key":"default/matrixmul-00001"}
{"severity":"INFO","timestamp":"2026-06-03T07:18:25.423156897Z","logger":"autoscaler","caller":"scaling/autoscaler.go:207","message":"For metric concurrency observed values: stable = 0.1; panic = 0.1; target = 3.5 Desired StablePodCount = 1, PanicPodCount = 1, ReadyEndpointCount = 1, MaxScaleUp = 1000, MaxScaleDown = 0","knative.dev/key":"default/genmatrix-00001"}
{"severity":"INFO","timestamp":"2026-06-03T07:18:25.423178342Z","logger":"autoscaler","caller":"scaling/autoscaler.go:314","message":"Autoscaler: stable=0.089684 panic=0.050784 target=3.500000 pods=%!d(float64=1) desired=1 excessBC=-207.000000","knative.dev/key":"default/genmatrix-00001"}
{"severity":"INFO","timestamp":"2026-06-03T07:18:25.423191416Z","logger":"autoscaler","caller":"scaling/autoscaler.go:318","message":"⏱ Autoscaler decision: 43.055µs.","knative.dev/key":"default/genmatrix-00001"}
{"severity":"INFO","timestamp":"2026-06-03T07:18:25.423407249Z","logger":"autoscaler","caller":"scaling/autoscaler.go:207","message":"For metric concurrency observed values: stable = 1.0; panic = 0.3; target = 3.5 Desired StablePodCount = 1, PanicPodCount = 1, ReadyEndpointCount = 1, MaxScaleUp = 1000, MaxScaleDown = 0","knative.dev/key":"default/fastfouriertransform-00001"}
{"severity":"INFO","timestamp":"2026-06-03T07:18:25.423426286Z","logger":"autoscaler","caller":"scaling/autoscaler.go:314","message":"Autoscaler: stable=0.982579 panic=0.254583 target=3.500000 pods=%!d(float64=1) desired=1 excessBC=-207.000000","knative.dev/key":"default/fastfouriertransform-00001"}
{"severity":"INFO","timestamp":"2026-06-03T07:18:25.423438897Z","logger":"autoscaler","caller":"scaling/autoscaler.go:318","message":"⏱ Autoscaler decision: 40.851µs.","knative.dev/key":"default/fastfouriertransform-00001"}
{"severity":"INFO","timestamp":"2026-06-03T07:18:25.42353636Z","logger":"autoscaler","caller":"scaling/autoscaler.go:207","message":"For metric concurrency observed values: stable = 0.2; panic = 0.2; target = 3.5 Desired StablePodCount = 1, PanicPodCount = 1, ReadyEndpointCount = 1, MaxScaleUp = 1000, MaxScaleDown = 0","knative.dev/key":"default/fetchdata-00001"}
{"severity":"INFO","timestamp":"2026-06-03T07:18:25.423550841Z","logger":"autoscaler","caller":"scaling/autoscaler.go:314","message":"Autoscaler: stable=0.228208 panic=0.183612 target=3.500000 pods=%!d(float64=1) desired=1 excessBC=-207.000000","knative.dev/key":"default/fetchdata-00001"}
{"severity":"INFO","timestamp":"2026-06-03T07:18:25.42356186Z","logger":"autoscaler","caller":"scaling/autoscaler.go:318","message":"⏱ Autoscaler decision: 33.852µs.","knative.dev/key":"default/fetchdata-00001"}
{"severity":"INFO","timestamp":"2026-06-03T07:18:27.421641688Z","logger":"autoscaler","caller":"scaling/autoscaler.go:207","message":"For metric concurrency observed values: stable = 0.8; panic = 1.5; target = 3.5 Desired StablePodCount = 1, PanicPodCount = 1, ReadyEndpointCount = 1, MaxScaleUp = 1000, MaxScaleDown = 0","knative.dev/key":"default/linpack-00001"}
{"severity":"INFO","timestamp":"2026-06-03T07:18:27.42169167Z","logger":"autoscaler","caller":"scaling/autoscaler.go:314","message":"Autoscaler: stable=0.788737 panic=1.485358 target=3.500000 pods=%!d(float64=1) desired=1 excessBC=-208.000000","knative.dev/key":"default/linpack-00001"}
{"severity":"INFO","timestamp":"2026-06-03T07:18:27.421715836Z","logger":"autoscaler","caller":"scaling/autoscaler.go:318","message":"⏱ Autoscaler decision: 111.408µs.","knative.dev/key":"default/linpack-00001"}
{"severity":"INFO","timestamp":"2026-06-03T07:18:27.421751244Z","logger":"autoscaler","caller":"scaling/autoscaler.go:207","message":"For metric concurrency observed values: stable = 0.8; panic = 0.2; target = 3.5 Desired StablePodCount = 1, PanicPodCount = 1, ReadyEndpointCount = 1, MaxScaleUp = 1000, MaxScaleDown = 0","knative.dev/key":"default/matrixmul-00001"}
{"severity":"INFO","timestamp":"2026-06-03T07:18:27.421768707Z","logger":"autoscaler","caller":"scaling/autoscaler.go:314","message":"Autoscaler: stable=0.806384 panic=0.172449 target=3.500000 pods=%!d(float64=1) desired=1 excessBC=-207.000000","knative.dev/key":"default/matrixmul-00001"}
{"severity":"INFO","timestamp":"2026-06-03T07:18:27.42178454Z","logger":"autoscaler","caller":"scaling/autoscaler.go:318","message":"⏱ Autoscaler decision: 43.278µs.","knative.dev/key":"default/matrixmul-00001"}
{"severity":"INFO","timestamp":"2026-06-03T07:18:27.422509261Z","logger":"autoscaler","caller":"scaling/autoscaler.go:207","message":"For metric concurrency observed values: stable = 1.0; panic = 0.4; target = 3.5 Desired StablePodCount = 1, PanicPodCount = 1, ReadyEndpointCount = 1, MaxScaleUp = 1000, MaxScaleDown = 0","knative.dev/key":"default/fastfouriertransform-00001"}
{"severity":"INFO","timestamp":"2026-06-03T07:18:27.422545428Z","logger":"autoscaler","caller":"scaling/autoscaler.go:314","message":"Autoscaler: stable=0.987870 panic=0.445864 target=3.500000 pods=%!d(float64=1) desired=1 excessBC=-207.000000","knative.dev/key":"default/fastfouriertransform-00001"}
{"severity":"INFO","timestamp":"2026-06-03T07:18:27.42256652Z","logger":"autoscaler","caller":"scaling/autoscaler.go:318","message":"⏱ Autoscaler decision: 77.982µs.","knative.dev/key":"default/fastfouriertransform-00001"}
{"severity":"INFO","timestamp":"2026-06-03T07:18:27.422732224Z","logger":"autoscaler","caller":"scaling/autoscaler.go:207","message":"For metric concurrency observed values: stable = 0.2; panic = 0.2; target = 3.5 Desired StablePodCount = 1, PanicPodCount = 1, ReadyEndpointCount = 1, MaxScaleUp = 1000, MaxScaleDown = 0","knative.dev/key":"default/fetchdata-00001"}
{"severity":"INFO","timestamp":"2026-06-03T07:18:27.422756631Z","logger":"autoscaler","caller":"scaling/autoscaler.go:314","message":"Autoscaler: stable=0.236060 panic=0.223108 target=3.500000 pods=%!d(float64=1) desired=1 excessBC=-207.000000","knative.dev/key":"default/fetchdata-00001"}
{"severity":"INFO","timestamp":"2026-06-03T07:18:27.422775483Z","logger":"autoscaler","caller":"scaling/autoscaler.go:318","message":"⏱ Autoscaler decision: 56.222µs.","knative.dev/key":"default/fetchdata-00001"}
{"severity":"INFO","timestamp":"2026-06-03T07:18:27.423744592Z","logger":"autoscaler","caller":"scaling/autoscaler.go:207","message":"For metric concurrency observed values: stable = 0.1; panic = 0.0; target = 3.5 Desired StablePodCount = 1, PanicPodCount = 1, ReadyEndpointCount = 1, MaxScaleUp = 1000, MaxScaleDown = 0","knative.dev/key":"default/genmatrix-00001"}
{"severity":"INFO","timestamp":"2026-06-03T07:18:27.423779703Z","logger":"autoscaler","caller":"scaling/autoscaler.go:314","message":"Autoscaler: stable=0.088517 panic=0.045298 target=3.500000 pods=%!d(float64=1) desired=1 excessBC=-207.000000","knative.dev/key":"default/genmatrix-00001"}
{"severity":"INFO","timestamp":"2026-06-03T07:18:27.423805129Z","logger":"autoscaler","caller":"scaling/autoscaler.go:318","message":"⏱ Autoscaler decision: 76.019µs.","knative.dev/key":"default/genmatrix-00001"}
{"severity":"INFO","timestamp":"2026-06-03T07:18:29.421028552Z","logger":"autoscaler","caller":"scaling/autoscaler.go:207","message":"For metric concurrency observed values: stable = 0.9; panic = 1.9; target = 3.5 Desired StablePodCount = 1, PanicPodCount = 1, ReadyEndpointCount = 1, MaxScaleUp = 1000, MaxScaleDown = 0","knative.dev/key":"default/linpack-00001"}
{"severity":"INFO","timestamp":"2026-06-03T07:18:29.421260422Z","logger":"autoscaler","caller":"scaling/autoscaler.go:314","message":"Autoscaler: stable=0.853142 panic=1.861354 target=3.500000 pods=%!d(float64=1) desired=1 excessBC=-208.000000","knative.dev/key":"default/linpack-00001"}
{"severity":"INFO","timestamp":"2026-06-03T07:18:29.421285681Z","logger":"autoscaler","caller":"scaling/autoscaler.go:318","message":"⏱ Autoscaler decision: 273.074µs.","knative.dev/key":"default/linpack-00001"}
{"severity":"INFO","timestamp":"2026-06-03T07:18:29.421709736Z","logger":"autoscaler","caller":"scaling/autoscaler.go:207","message":"For metric concurrency observed values: stable = 0.8; panic = 0.8; target = 3.5 Desired StablePodCount = 1, PanicPodCount = 1, ReadyEndpointCount = 1, MaxScaleUp = 1000, MaxScaleDown = 0","knative.dev/key":"default/matrixmul-00001"}
{"severity":"INFO","timestamp":"2026-06-03T07:18:29.421742125Z","logger":"autoscaler","caller":"scaling/autoscaler.go:314","message":"Autoscaler: stable=0.775823 panic=0.752212 target=3.500000 pods=%!d(float64=1) desired=1 excessBC=-207.000000","knative.dev/key":"default/matrixmul-00001"}
{"severity":"INFO","timestamp":"2026-06-03T07:18:29.421762643Z","logger":"autoscaler","caller":"scaling/autoscaler.go:318","message":"⏱ Autoscaler decision: 79.74µs.","knative.dev/key":"default/matrixmul-00001"}
{"severity":"INFO","timestamp":"2026-06-03T07:18:29.422992141Z","logger":"autoscaler","caller":"scaling/autoscaler.go:207","message":"For metric concurrency observed values: stable = 0.2; panic = 0.2; target = 3.5 Desired StablePodCount = 1, PanicPodCount = 1, ReadyEndpointCount = 1, MaxScaleUp = 1000, MaxScaleDown = 0","knative.dev/key":"default/fetchdata-00001"}
{"severity":"INFO","timestamp":"2026-06-03T07:18:29.42383514Z","logger":"autoscaler","caller":"scaling/autoscaler.go:314","message":"Autoscaler: stable=0.223167 panic=0.222865 target=3.500000 pods=%!d(float64=1) desired=1 excessBC=-207.000000","knative.dev/key":"default/fetchdata-00001"}
{"severity":"INFO","timestamp":"2026-06-03T07:18:29.42386564Z","logger":"autoscaler","caller":"scaling/autoscaler.go:318","message":"⏱ Autoscaler decision: 894.036µs.","knative.dev/key":"default/fetchdata-00001"}
{"severity":"INFO","timestamp":"2026-06-03T07:18:29.423199697Z","logger":"autoscaler","caller":"scaling/autoscaler.go:207","message":"For metric concurrency observed values: stable = 0.1; panic = 0.0; target = 3.5 Desired StablePodCount = 1, PanicPodCount = 1, ReadyEndpointCount = 1, MaxScaleUp = 1000, MaxScaleDown = 0","knative.dev/key":"default/genmatrix-00001"}
{"severity":"INFO","timestamp":"2026-06-03T07:18:29.423893584Z","logger":"autoscaler","caller":"scaling/autoscaler.go:314","message":"Autoscaler: stable=0.088826 panic=0.030789 target=3.500000 pods=%!d(float64=1) desired=1 excessBC=-207.000000","knative.dev/key":"default/genmatrix-00001"}
{"severity":"INFO","timestamp":"2026-06-03T07:18:29.423910066Z","logger":"autoscaler","caller":"scaling/autoscaler.go:318","message":"⏱ Autoscaler decision: 732.499µs.","knative.dev/key":"default/genmatrix-00001"}
{"severity":"INFO","timestamp":"2026-06-03T07:18:29.423700788Z","logger":"autoscaler","caller":"scaling/autoscaler.go:207","message":"For metric concurrency observed values: stable = 1.0; panic = 0.4; target = 3.5 Desired StablePodCount = 1, PanicPodCount = 1, ReadyEndpointCount = 1, MaxScaleUp = 1000, MaxScaleDown = 0","knative.dev/key":"default/fastfouriertransform-00001"}
{"severity":"INFO","timestamp":"2026-06-03T07:18:29.423929807Z","logger":"autoscaler","caller":"scaling/autoscaler.go:314","message":"Autoscaler: stable=0.973411 panic=0.437608 target=3.500000 pods=%!d(float64=1) desired=1 excessBC=-207.000000","knative.dev/key":"default/fastfouriertransform-00001"}
{"severity":"INFO","timestamp":"2026-06-03T07:18:29.423940621Z","logger":"autoscaler","caller":"scaling/autoscaler.go:318","message":"⏱ Autoscaler decision: 258.5µs.","knative.dev/key":"default/fastfouriertransform-00001"}
{"severity":"INFO","timestamp":"2026-06-03T07:18:31.421023859Z","logger":"autoscaler","caller":"scaling/autoscaler.go:207","message":"For metric concurrency observed values: stable = 0.8; panic = 1.6; target = 3.5 Desired StablePodCount = 1, PanicPodCount = 1, ReadyEndpointCount = 1, MaxScaleUp = 1000, MaxScaleDown = 0","knative.dev/key":"default/linpack-00001"}
{"severity":"INFO","timestamp":"2026-06-03T07:18:31.421248785Z","logger":"autoscaler","caller":"scaling/autoscaler.go:314","message":"Autoscaler: stable=0.847760 panic=1.634533 target=3.500000 pods=%!d(float64=1) desired=1 excessBC=-208.000000","knative.dev/key":"default/linpack-00001"}
{"severity":"INFO","timestamp":"2026-06-03T07:18:31.421275544Z","logger":"autoscaler","caller":"scaling/autoscaler.go:318","message":"⏱ Autoscaler decision: 268.944µs.","knative.dev/key":"default/linpack-00001"}
{"severity":"INFO","timestamp":"2026-06-03T07:18:31.421791654Z","logger":"autoscaler","caller":"scaling/autoscaler.go:207","message":"For metric concurrency observed values: stable = 0.8; panic = 0.9; target = 3.5 Desired StablePodCount = 1, PanicPodCount = 1, ReadyEndpointCount = 1, MaxScaleUp = 1000, MaxScaleDown = 0","knative.dev/key":"default/matrixmul-00001"}
{"severity":"INFO","timestamp":"2026-06-03T07:18:31.421827173Z","logger":"autoscaler","caller":"scaling/autoscaler.go:314","message":"Autoscaler: stable=0.785162 panic=0.945035 target=3.500000 pods=%!d(float64=1) desired=1 excessBC=-207.000000","knative.dev/key":"default/matrixmul-00001"}
{"severity":"INFO","timestamp":"2026-06-03T07:18:31.42184795Z","logger":"autoscaler","caller":"scaling/autoscaler.go:318","message":"⏱ Autoscaler decision: 87.704µs.","knative.dev/key":"default/matrixmul-00001"}
{"severity":"INFO","timestamp":"2026-06-03T07:18:31.423023338Z","logger":"autoscaler","caller":"scaling/autoscaler.go:207","message":"For metric concurrency observed values: stable = 0.2; panic = 0.2; target = 3.5 Desired StablePodCount = 1, PanicPodCount = 1, ReadyEndpointCount = 1, MaxScaleUp = 1000, MaxScaleDown = 0","knative.dev/key":"default/fetchdata-00001"}
{"severity":"INFO","timestamp":"2026-06-03T07:18:31.423052078Z","logger":"autoscaler","caller":"scaling/autoscaler.go:314","message":"Autoscaler: stable=0.224603 panic=0.203800 target=3.500000 pods=%!d(float64=1) desired=1 excessBC=-207.000000","knative.dev/key":"default/fetchdata-00001"}
{"severity":"INFO","timestamp":"2026-06-03T07:18:31.423076097Z","logger":"autoscaler","caller":"scaling/autoscaler.go:318","message":"⏱ Autoscaler decision: 72.574µs.","knative.dev/key":"default/fetchdata-00001"}
{"severity":"INFO","timestamp":"2026-06-03T07:18:31.423194578Z","logger":"autoscaler","caller":"scaling/autoscaler.go:207","message":"For metric concurrency observed values: stable = 0.1; panic = 0.0; target = 3.5 Desired StablePodCount = 1, PanicPodCount = 1, ReadyEndpointCount = 1, MaxScaleUp = 1000, MaxScaleDown = 0","knative.dev/key":"default/genmatrix-00001"}
{"severity":"INFO","timestamp":"2026-06-03T07:18:31.423245078Z","logger":"autoscaler","caller":"scaling/autoscaler.go:314","message":"Autoscaler: stable=0.087124 panic=0.025349 target=3.500000 pods=%!d(float64=1) desired=1 excessBC=-207.000000","knative.dev/key":"default/genmatrix-00001"}
{"severity":"INFO","timestamp":"2026-06-03T07:18:31.4232968Z","logger":"autoscaler","caller":"scaling/autoscaler.go:318","message":"⏱ Autoscaler decision: 85.963µs.","knative.dev/key":"default/genmatrix-00001"}
{"severity":"INFO","timestamp":"2026-06-03T07:18:31.423827836Z","logger":"autoscaler","caller":"scaling/autoscaler.go:207","message":"For metric concurrency observed values: stable = 1.0; panic = 0.9; target = 3.5 Desired StablePodCount = 1, PanicPodCount = 1, ReadyEndpointCount = 1, MaxScaleUp = 1000, MaxScaleDown = 0","knative.dev/key":"default/fastfouriertransform-00001"}
{"severity":"INFO","timestamp":"2026-06-03T07:18:31.42385917Z","logger":"autoscaler","caller":"scaling/autoscaler.go:314","message":"Autoscaler: stable=1.001605 panic=0.894719 target=3.500000 pods=%!d(float64=1) desired=1 excessBC=-207.000000","knative.dev/key":"default/fastfouriertransform-00001"}
{"severity":"INFO","timestamp":"2026-06-03T07:18:31.423879762Z","logger":"autoscaler","caller":"scaling/autoscaler.go:318","message":"⏱ Autoscaler decision: 67.481µs.","knative.dev/key":"default/fastfouriertransform-00001"}
{"severity":"INFO","timestamp":"2026-06-03T07:18:33.422153591Z","logger":"autoscaler","caller":"scaling/autoscaler.go:207","message":"For metric concurrency observed values: stable = 0.9; panic = 1.7; target = 3.5 Desired StablePodCount = 1, PanicPodCount = 1, ReadyEndpointCount = 1, MaxScaleUp = 1000, MaxScaleDown = 0","knative.dev/key":"default/linpack-00001"}
{"severity":"INFO","timestamp":"2026-06-03T07:18:33.422193461Z","logger":"autoscaler","caller":"scaling/autoscaler.go:314","message":"Autoscaler: stable=0.940167 panic=1.711274 target=3.500000 pods=%!d(float64=1) desired=1 excessBC=-208.000000","knative.dev/key":"default/linpack-00001"}
{"severity":"INFO","timestamp":"2026-06-03T07:18:33.422210516Z","logger":"autoscaler","caller":"scaling/autoscaler.go:318","message":"⏱ Autoscaler decision: 84.5µs.","knative.dev/key":"default/linpack-00001"}
{"severity":"INFO","timestamp":"2026-06-03T07:18:33.422233239Z","logger":"autoscaler","caller":"scaling/autoscaler.go:207","message":"For metric concurrency observed values: stable = 0.8; panic = 0.9; target = 3.5 Desired StablePodCount = 1, PanicPodCount = 1, ReadyEndpointCount = 1, MaxScaleUp = 1000, MaxScaleDown = 0","knative.dev/key":"default/matrixmul-00001"}
{"severity":"INFO","timestamp":"2026-06-03T07:18:33.422244998Z","logger":"autoscaler","caller":"scaling/autoscaler.go:314","message":"Autoscaler: stable=0.771478 panic=0.938383 target=3.500000 pods=%!d(float64=1) desired=1 excessBC=-207.000000","knative.dev/key":"default/matrixmul-00001"}
{"severity":"INFO","timestamp":"2026-06-03T07:18:33.422264424Z","logger":"autoscaler","caller":"scaling/autoscaler.go:318","message":"⏱ Autoscaler decision: 369.907µs.","knative.dev/key":"default/matrixmul-00001"}
{"severity":"INFO","timestamp":"2026-06-03T07:18:33.422432831Z","logger":"autoscaler","caller":"scaling/autoscaler.go:207","message":"For metric concurrency observed values: stable = 1.1; panic = 1.3; target = 3.5 Desired StablePodCount = 1, PanicPodCount = 1, ReadyEndpointCount = 1, MaxScaleUp = 1000, MaxScaleDown = 0","knative.dev/key":"default/fastfouriertransform-00001"}
{"severity":"INFO","timestamp":"2026-06-03T07:18:33.422464053Z","logger":"autoscaler","caller":"scaling/autoscaler.go:314","message":"Autoscaler: stable=1.053836 panic=1.335147 target=3.500000 pods=%!d(float64=1) desired=1 excessBC=-208.000000","knative.dev/key":"default/fastfouriertransform-00001"}
{"severity":"INFO","timestamp":"2026-06-03T07:18:33.422482609Z","logger":"autoscaler","caller":"scaling/autoscaler.go:318","message":"⏱ Autoscaler decision: 63.166µs.","knative.dev/key":"default/fastfouriertransform-00001"}
{"severity":"INFO","timestamp":"2026-06-03T07:18:33.422898552Z","logger":"autoscaler","caller":"scaling/autoscaler.go:207","message":"For metric concurrency observed values: stable = 0.2; panic = 0.2; target = 3.5 Desired StablePodCount = 1, PanicPodCount = 1, ReadyEndpointCount = 1, MaxScaleUp = 1000, MaxScaleDown = 0","knative.dev/key":"default/fetchdata-00001"}
{"severity":"INFO","timestamp":"2026-06-03T07:18:33.422923719Z","logger":"autoscaler","caller":"scaling/autoscaler.go:314","message":"Autoscaler: stable=0.223826 panic=0.175150 target=3.500000 pods=%!d(float64=1) desired=1 excessBC=-207.000000","knative.dev/key":"default/fetchdata-00001"}
{"severity":"INFO","timestamp":"2026-06-03T07:18:33.422938737Z","logger":"autoscaler","caller":"scaling/autoscaler.go:318","message":"⏱ Autoscaler decision: 56.129µs.","knative.dev/key":"default/fetchdata-00001"}
{"severity":"INFO","timestamp":"2026-06-03T07:18:33.425040512Z","logger":"autoscaler","caller":"scaling/autoscaler.go:207","message":"For metric concurrency observed values: stable = 0.1; panic = 0.0; target = 3.5 Desired StablePodCount = 1, PanicPodCount = 1, ReadyEndpointCount = 1, MaxScaleUp = 1000, MaxScaleDown = 0","knative.dev/key":"default/genmatrix-00001"}
{"severity":"INFO","timestamp":"2026-06-03T07:18:33.425079345Z","logger":"autoscaler","caller":"scaling/autoscaler.go:314","message":"Autoscaler: stable=0.084253 panic=0.022328 target=3.500000 pods=%!d(float64=1) desired=1 excessBC=-207.000000","knative.dev/key":"default/genmatrix-00001"}
{"severity":"INFO","timestamp":"2026-06-03T07:18:33.425099901Z","logger":"autoscaler","caller":"scaling/autoscaler.go:318","message":"⏱ Autoscaler decision: 73.074µs.","knative.dev/key":"default/genmatrix-00001"}
{"severity":"INFO","timestamp":"2026-06-03T07:18:35.421199325Z","logger":"autoscaler","caller":"scaling/autoscaler.go:207","message":"For metric concurrency observed values: stable = 1.1; panic = 3.3; target = 3.5 Desired StablePodCount = 1, PanicPodCount = 1, ReadyEndpointCount = 1, MaxScaleUp = 1000, MaxScaleDown = 0","knative.dev/key":"default/linpack-00001"}
{"severity":"INFO","timestamp":"2026-06-03T07:18:35.421233881Z","logger":"autoscaler","caller":"scaling/autoscaler.go:314","message":"Autoscaler: stable=1.092143 panic=3.323173 target=3.500000 pods=%!d(float64=1) desired=1 excessBC=-210.000000","knative.dev/key":"default/linpack-00001"}
{"severity":"INFO","timestamp":"2026-06-03T07:18:35.421249251Z","logger":"autoscaler","caller":"scaling/autoscaler.go:318","message":"⏱ Autoscaler decision: 236.629µs.","knative.dev/key":"default/linpack-00001"}
{"severity":"INFO","timestamp":"2026-06-03T07:18:35.421630473Z","logger":"autoscaler","caller":"scaling/autoscaler.go:207","message":"For metric concurrency observed values: stable = 0.7; panic = 0.4; target = 3.5 Desired StablePodCount = 1, PanicPodCount = 1, ReadyEndpointCount = 1, MaxScaleUp = 1000, MaxScaleDown = 0","knative.dev/key":"default/matrixmul-00001"}
{"severity":"INFO","timestamp":"2026-06-03T07:18:35.421650473Z","logger":"autoscaler","caller":"scaling/autoscaler.go:314","message":"Autoscaler: stable=0.744153 panic=0.421491 target=3.500000 pods=%!d(float64=1) desired=1 excessBC=-207.000000","knative.dev/key":"default/matrixmul-00001"}
{"severity":"INFO","timestamp":"2026-06-03T07:18:35.421663751Z","logger":"autoscaler","caller":"scaling/autoscaler.go:318","message":"⏱ Autoscaler decision: 52.759µs.","knative.dev/key":"default/matrixmul-00001"}
{"severity":"INFO","timestamp":"2026-06-03T07:18:35.42278123Z","logger":"autoscaler","caller":"scaling/autoscaler.go:207","message":"For metric concurrency observed values: stable = 0.2; panic = 0.2; target = 3.5 Desired StablePodCount = 1, PanicPodCount = 1, ReadyEndpointCount = 1, MaxScaleUp = 1000, MaxScaleDown = 0","knative.dev/key":"default/fetchdata-00001"}
{"severity":"INFO","timestamp":"2026-06-03T07:18:35.422814675Z","logger":"autoscaler","caller":"scaling/autoscaler.go:314","message":"Autoscaler: stable=0.225389 panic=0.154011 target=3.500000 pods=%!d(float64=1) desired=1 excessBC=-207.000000","knative.dev/key":"default/fetchdata-00001"}
{"severity":"INFO","timestamp":"2026-06-03T07:18:35.423525044Z","logger":"autoscaler","caller":"scaling/autoscaler.go:318","message":"⏱ Autoscaler decision: 760.091µs.","knative.dev/key":"default/fetchdata-00001"}
{"severity":"INFO","timestamp":"2026-06-03T07:18:35.424191802Z","logger":"autoscaler","caller":"scaling/autoscaler.go:207","message":"For metric concurrency observed values: stable = 1.0; panic = 1.0; target = 3.5 Desired StablePodCount = 1, PanicPodCount = 1, ReadyEndpointCount = 1, MaxScaleUp = 1000, MaxScaleDown = 0","knative.dev/key":"default/fastfouriertransform-00001"}
{"severity":"INFO","timestamp":"2026-06-03T07:18:35.424223098Z","logger":"autoscaler","caller":"scaling/autoscaler.go:314","message":"Autoscaler: stable=1.032990 panic=1.024820 target=3.500000 pods=%!d(float64=1) desired=1 excessBC=-208.000000","knative.dev/key":"default/fastfouriertransform-00001"}
{"severity":"INFO","timestamp":"2026-06-03T07:18:35.424310321Z","logger":"autoscaler","caller":"scaling/autoscaler.go:318","message":"⏱ Autoscaler decision: 139.055µs.","knative.dev/key":"default/fastfouriertransform-00001"}
{"severity":"INFO","timestamp":"2026-06-03T07:18:35.424532746Z","logger":"autoscaler","caller":"scaling/autoscaler.go:207","message":"For metric concurrency observed values: stable = 0.1; panic = 0.0; target = 3.5 Desired StablePodCount = 1, PanicPodCount = 1, ReadyEndpointCount = 1, MaxScaleUp = 1000, MaxScaleDown = 0","knative.dev/key":"default/genmatrix-00001"}
{"severity":"INFO","timestamp":"2026-06-03T07:18:35.424610709Z","logger":"autoscaler","caller":"scaling/autoscaler.go:314","message":"Autoscaler: stable=0.085109 panic=0.047918 target=3.500000 pods=%!d(float64=1) desired=1 excessBC=-207.000000","knative.dev/key":"default/genmatrix-00001"}
{"severity":"INFO","timestamp":"2026-06-03T07:18:35.424625246Z","logger":"autoscaler","caller":"scaling/autoscaler.go:318","message":"⏱ Autoscaler decision: 109.019µs.","knative.dev/key":"default/genmatrix-00001"}
{"severity":"INFO","timestamp":"2026-06-03T07:18:37.421651391Z","logger":"autoscaler","caller":"scaling/autoscaler.go:207","message":"For metric concurrency observed values: stable = 0.7; panic = 0.3; target = 3.5 Desired StablePodCount = 1, PanicPodCount = 1, ReadyEndpointCount = 1, MaxScaleUp = 1000, MaxScaleDown = 0","knative.dev/key":"default/matrixmul-00001"}
{"severity":"INFO","timestamp":"2026-06-03T07:18:37.421693225Z","logger":"autoscaler","caller":"scaling/autoscaler.go:314","message":"Autoscaler: stable=0.738826 panic=0.275541 target=3.500000 pods=%!d(float64=1) desired=1 excessBC=-207.000000","knative.dev/key":"default/matrixmul-00001"}
{"severity":"INFO","timestamp":"2026-06-03T07:18:37.421709577Z","logger":"autoscaler","caller":"scaling/autoscaler.go:318","message":"⏱ Autoscaler decision: 88.241µs.","knative.dev/key":"default/matrixmul-00001"}
{"severity":"INFO","timestamp":"2026-06-03T07:18:37.422005095Z","logger":"autoscaler","caller":"scaling/autoscaler.go:207","message":"For metric concurrency observed values: stable = 1.3; panic = 5.0; target = 3.5 Desired StablePodCount = 1, PanicPodCount = 2, ReadyEndpointCount = 1, MaxScaleUp = 1000, MaxScaleDown = 0","knative.dev/key":"default/linpack-00001"}
{"severity":"INFO","timestamp":"2026-06-03T07:18:37.422060539Z","logger":"autoscaler","caller":"scaling/autoscaler.go:230","message":"PANICKING.","knative.dev/key":"default/linpack-00001"}
{"severity":"INFO","timestamp":"2026-06-03T07:18:37.422082983Z","logger":"autoscaler","caller":"scaling/autoscaler.go:255","message":"Increasing pods count from 1 to 2.","knative.dev/key":"default/linpack-00001"}
{"severity":"INFO","timestamp":"2026-06-03T07:18:37.422098372Z","logger":"autoscaler","caller":"scaling/autoscaler.go:314","message":"Autoscaler: stable=1.279985 panic=5.038895 target=3.500000 pods=%!d(float64=1) desired=2 excessBC=-212.000000","knative.dev/key":"default/linpack-00001"}
{"severity":"INFO","timestamp":"2026-06-03T07:18:37.422113243Z","logger":"autoscaler","caller":"scaling/autoscaler.go:318","message":"⏱ Autoscaler decision: 126.074µs.","knative.dev/key":"default/linpack-00001"}
{"severity":"INFO","timestamp":"2026-06-03T07:18:37.422685408Z","logger":"autoscaler","caller":"kpa/scaler.go:380","message":"Scaling from 1 to 2","knative.dev/controller":"knative.dev.serving.pkg.reconciler.autoscaling.kpa.Reconciler","knative.dev/kind":"autoscaling.internal.knative.dev.PodAutoscaler","knative.dev/traceid":"5d84d41f-0d6f-4664-98f4-564cdc68d99f","knative.dev/key":"default/linpack-00001"}
{"severity":"INFO","timestamp":"2026-06-03T07:18:37.425194534Z","logger":"autoscaler","caller":"scaling/autoscaler.go:207","message":"For metric concurrency observed values: stable = 1.0; panic = 0.7; target = 3.5 Desired StablePodCount = 1, PanicPodCount = 1, ReadyEndpointCount = 1, MaxScaleUp = 1000, MaxScaleDown = 0","knative.dev/key":"default/fastfouriertransform-00001"}
{"severity":"INFO","timestamp":"2026-06-03T07:18:37.425231979Z","logger":"autoscaler","caller":"scaling/autoscaler.go:314","message":"Autoscaler: stable=1.017355 panic=0.665150 target=3.500000 pods=%!d(float64=1) desired=1 excessBC=-207.000000","knative.dev/key":"default/fastfouriertransform-00001"}
{"severity":"INFO","timestamp":"2026-06-03T07:18:37.425248145Z","logger":"autoscaler","caller":"scaling/autoscaler.go:318","message":"⏱ Autoscaler decision: 67.259µs.","knative.dev/key":"default/fastfouriertransform-00001"}
{"severity":"INFO","timestamp":"2026-06-03T07:18:37.425308978Z","logger":"autoscaler","caller":"scaling/autoscaler.go:207","message":"For metric concurrency observed values: stable = 0.2; panic = 0.1; target = 3.5 Desired StablePodCount = 1, PanicPodCount = 1, ReadyEndpointCount = 1, MaxScaleUp = 1000, MaxScaleDown = 0","knative.dev/key":"default/fetchdata-00001"}
{"severity":"INFO","timestamp":"2026-06-03T07:18:37.425454552Z","logger":"autoscaler","caller":"scaling/autoscaler.go:314","message":"Autoscaler: stable=0.222816 panic=0.137654 target=3.500000 pods=%!d(float64=1) desired=1 excessBC=-207.000000","knative.dev/key":"default/fetchdata-00001"}
{"severity":"INFO","timestamp":"2026-06-03T07:18:37.425466571Z","logger":"autoscaler","caller":"scaling/autoscaler.go:318","message":"⏱ Autoscaler decision: 184.851µs.","knative.dev/key":"default/fetchdata-00001"}
{"severity":"INFO","timestamp":"2026-06-03T07:18:37.425689848Z","logger":"autoscaler","caller":"scaling/autoscaler.go:207","message":"For metric concurrency observed values: stable = 0.1; panic = 0.0; target = 3.5 Desired StablePodCount = 1, PanicPodCount = 1, ReadyEndpointCount = 1, MaxScaleUp = 1000, MaxScaleDown = 0","knative.dev/key":"default/genmatrix-00001"}
{"severity":"INFO","timestamp":"2026-06-03T07:18:37.425722811Z","logger":"autoscaler","caller":"scaling/autoscaler.go:314","message":"Autoscaler: stable=0.085161 panic=0.046490 target=3.500000 pods=%!d(float64=1) desired=1 excessBC=-207.000000","knative.dev/key":"default/genmatrix-00001"}
{"severity":"INFO","timestamp":"2026-06-03T07:18:37.42573733Z","logger":"autoscaler","caller":"scaling/autoscaler.go:318","message":"⏱ Autoscaler decision: 62.796µs.","knative.dev/key":"default/genmatrix-00001"}
{"severity":"INFO","timestamp":"2026-06-03T07:18:37.437751385Z","logger":"autoscaler","caller":"kpa/kpa.go:193","message":"SKS should be in Proxy mode: want = 2, ebc = -212, #act's = 3 PA Inactive? = false","knative.dev/controller":"knative.dev.serving.pkg.reconciler.autoscaling.kpa.Reconciler","knative.dev/kind":"autoscaling.internal.knative.dev.PodAutoscaler","knative.dev/traceid":"5d84d41f-0d6f-4664-98f4-564cdc68d99f","knative.dev/key":"default/linpack-00001"}
{"severity":"INFO","timestamp":"2026-06-03T07:18:37.437819645Z","logger":"autoscaler","caller":"kpa/kpa.go:221","message":"KPA Scale decision for revision default/linpack-00001: currentPods=1, calculatedWant=2, desiredPods=2, excessBurstCapacity=-212","knative.dev/controller":"knative.dev.serving.pkg.reconciler.autoscaling.kpa.Reconciler","knative.dev/kind":"autoscaling.internal.knative.dev.PodAutoscaler","knative.dev/traceid":"5d84d41f-0d6f-4664-98f4-564cdc68d99f","knative.dev/key":"default/linpack-00001"}
{"severity":"INFO","timestamp":"2026-06-03T07:18:37.43784183Z","logger":"autoscaler","caller":"kpa/kpa.go:239","message":"Observed pod counts=kpa.podCounts{want:2, ready:1, notReady:0, pending:0, terminating:0}","knative.dev/controller":"knative.dev.serving.pkg.reconciler.autoscaling.kpa.Reconciler","knative.dev/kind":"autoscaling.internal.knative.dev.PodAutoscaler","knative.dev/traceid":"5d84d41f-0d6f-4664-98f4-564cdc68d99f","knative.dev/key":"default/linpack-00001"}
{"severity":"INFO","timestamp":"2026-06-03T07:18:37.437859959Z","logger":"autoscaler","caller":"kpa/kpa.go:298","message":"KPA Status for revision default/linpack-00001 after reconcile: currentPods=1, desiredPods=2, conditions=[Active=True Ready=True SKSReady=True ScaleTargetInitialized=True]","knative.dev/controller":"knative.dev.serving.pkg.reconciler.autoscaling.kpa.Reconciler","knative.dev/kind":"autoscaling.internal.knative.dev.PodAutoscaler","knative.dev/traceid":"5d84d41f-0d6f-4664-98f4-564cdc68d99f","knative.dev/key":"default/linpack-00001"}
{"severity":"INFO","timestamp":"2026-06-03T07:18:37.437945885Z","logger":"autoscaler","caller":"kpa/kpa.go:242","message":"Cold start final  took: 15.549291ms","knative.dev/controller":"knative.dev.serving.pkg.reconciler.autoscaling.kpa.Reconciler","knative.dev/kind":"autoscaling.internal.knative.dev.PodAutoscaler","knative.dev/traceid":"5d84d41f-0d6f-4664-98f4-564cdc68d99f","knative.dev/key":"default/linpack-00001"}
{"severity":"INFO","timestamp":"2026-06-03T07:18:37.449714775Z","logger":"autoscaler","caller":"controller/controller.go:530","message":"Reconcile succeeded","knative.dev/controller":"knative.dev.serving.pkg.reconciler.autoscaling.kpa.Reconciler","knative.dev/kind":"autoscaling.internal.knative.dev.PodAutoscaler","knative.dev/traceid":"5d84d41f-0d6f-4664-98f4-564cdc68d99f","knative.dev/key":"default/linpack-00001","duration":"27.486661ms"}
{"severity":"INFO","timestamp":"2026-06-03T07:18:37.450027885Z","logger":"autoscaler","caller":"kpa/kpa.go:193","message":"SKS should be in Proxy mode: want = 2, ebc = -212, #act's = 3 PA Inactive? = false","knative.dev/controller":"knative.dev.serving.pkg.reconciler.autoscaling.kpa.Reconciler","knative.dev/kind":"autoscaling.internal.knative.dev.PodAutoscaler","knative.dev/traceid":"3203ad0f-8e00-4079-8cdb-ed3e8c7ed91b","knative.dev/key":"default/linpack-00001"}
{"severity":"INFO","timestamp":"2026-06-03T07:18:37.450092533Z","logger":"autoscaler","caller":"kpa/kpa.go:221","message":"KPA Scale decision for revision default/linpack-00001: currentPods=1, calculatedWant=2, desiredPods=2, excessBurstCapacity=-212","knative.dev/controller":"knative.dev.serving.pkg.reconciler.autoscaling.kpa.Reconciler","knative.dev/kind":"autoscaling.internal.knative.dev.PodAutoscaler","knative.dev/traceid":"3203ad0f-8e00-4079-8cdb-ed3e8c7ed91b","knative.dev/key":"default/linpack-00001"}
{"severity":"INFO","timestamp":"2026-06-03T07:18:37.450111589Z","logger":"autoscaler","caller":"kpa/kpa.go:239","message":"Observed pod counts=kpa.podCounts{want:2, ready:1, notReady:0, pending:0, terminating:0}","knative.dev/controller":"knative.dev.serving.pkg.reconciler.autoscaling.kpa.Reconciler","knative.dev/kind":"autoscaling.internal.knative.dev.PodAutoscaler","knative.dev/traceid":"3203ad0f-8e00-4079-8cdb-ed3e8c7ed91b","knative.dev/key":"default/linpack-00001"}
{"severity":"INFO","timestamp":"2026-06-03T07:18:37.450138163Z","logger":"autoscaler","caller":"kpa/kpa.go:298","message":"KPA Status for revision default/linpack-00001 after reconcile: currentPods=1, desiredPods=2, conditions=[Active=True Ready=True SKSReady=True ScaleTargetInitialized=True]","knative.dev/controller":"knative.dev.serving.pkg.reconciler.autoscaling.kpa.Reconciler","knative.dev/kind":"autoscaling.internal.knative.dev.PodAutoscaler","knative.dev/traceid":"3203ad0f-8e00-4079-8cdb-ed3e8c7ed91b","knative.dev/key":"default/linpack-00001"}
{"severity":"INFO","timestamp":"2026-06-03T07:18:37.450171885Z","logger":"autoscaler","caller":"kpa/kpa.go:242","message":"Cold start final  took: 341.092µs","knative.dev/controller":"knative.dev.serving.pkg.reconciler.autoscaling.kpa.Reconciler","knative.dev/kind":"autoscaling.internal.knative.dev.PodAutoscaler","knative.dev/traceid":"3203ad0f-8e00-4079-8cdb-ed3e8c7ed91b","knative.dev/key":"default/linpack-00001"}
{"severity":"INFO","timestamp":"2026-06-03T07:18:37.450215107Z","logger":"autoscaler","caller":"controller/controller.go:530","message":"Reconcile succeeded","knative.dev/controller":"knative.dev.serving.pkg.reconciler.autoscaling.kpa.Reconciler","knative.dev/kind":"autoscaling.internal.knative.dev.PodAutoscaler","knative.dev/traceid":"3203ad0f-8e00-4079-8cdb-ed3e8c7ed91b","knative.dev/key":"default/linpack-00001","duration":"453.647µs"}
{"severity":"INFO","timestamp":"2026-06-03T07:18:37.487507754Z","logger":"autoscaler","caller":"kpa/kpa.go:193","message":"SKS should be in Proxy mode: want = 2, ebc = -212, #act's = 3 PA Inactive? = false","knative.dev/controller":"knative.dev.serving.pkg.reconciler.autoscaling.kpa.Reconciler","knative.dev/kind":"autoscaling.internal.knative.dev.PodAutoscaler","knative.dev/traceid":"07cd0257-991a-45fe-805d-39b801e21b0e","knative.dev/key":"default/linpack-00001"}
{"severity":"INFO","timestamp":"2026-06-03T07:18:37.487562995Z","logger":"autoscaler","caller":"kpa/kpa.go:221","message":"KPA Scale decision for revision default/linpack-00001: currentPods=1, calculatedWant=2, desiredPods=2, excessBurstCapacity=-212","knative.dev/controller":"knative.dev.serving.pkg.reconciler.autoscaling.kpa.Reconciler","knative.dev/kind":"autoscaling.internal.knative.dev.PodAutoscaler","knative.dev/traceid":"07cd0257-991a-45fe-805d-39b801e21b0e","knative.dev/key":"default/linpack-00001"}
{"severity":"INFO","timestamp":"2026-06-03T07:18:37.487580291Z","logger":"autoscaler","caller":"kpa/kpa.go:239","message":"Observed pod counts=kpa.podCounts{want:2, ready:1, notReady:1, pending:1, terminating:0}","knative.dev/controller":"knative.dev.serving.pkg.reconciler.autoscaling.kpa.Reconciler","knative.dev/kind":"autoscaling.internal.knative.dev.PodAutoscaler","knative.dev/traceid":"07cd0257-991a-45fe-805d-39b801e21b0e","knative.dev/key":"default/linpack-00001"}
{"severity":"INFO","timestamp":"2026-06-03T07:18:37.487601013Z","logger":"autoscaler","caller":"kpa/kpa.go:298","message":"KPA Status for revision default/linpack-00001 after reconcile: currentPods=1, desiredPods=2, conditions=[Active=True Ready=True SKSReady=True ScaleTargetInitialized=True]","knative.dev/controller":"knative.dev.serving.pkg.reconciler.autoscaling.kpa.Reconciler","knative.dev/kind":"autoscaling.internal.knative.dev.PodAutoscaler","knative.dev/traceid":"07cd0257-991a-45fe-805d-39b801e21b0e","knative.dev/key":"default/linpack-00001"}
{"severity":"INFO","timestamp":"2026-06-03T07:18:37.487623995Z","logger":"autoscaler","caller":"kpa/kpa.go:242","message":"Cold start final  took: 392.221µs","knative.dev/controller":"knative.dev.serving.pkg.reconciler.autoscaling.kpa.Reconciler","knative.dev/kind":"autoscaling.internal.knative.dev.PodAutoscaler","knative.dev/traceid":"07cd0257-991a-45fe-805d-39b801e21b0e","knative.dev/key":"default/linpack-00001"}
{"severity":"INFO","timestamp":"2026-06-03T07:18:37.487662865Z","logger":"autoscaler","caller":"controller/controller.go:530","message":"Reconcile succeeded","knative.dev/controller":"knative.dev.serving.pkg.reconciler.autoscaling.kpa.Reconciler","knative.dev/kind":"autoscaling.internal.knative.dev.PodAutoscaler","knative.dev/traceid":"07cd0257-991a-45fe-805d-39b801e21b0e","knative.dev/key":"default/linpack-00001","duration":"516.722µs"}
{"severity":"INFO","timestamp":"2026-06-03T07:18:37.492730765Z","logger":"autoscaler","caller":"kpa/kpa.go:193","message":"SKS should be in Proxy mode: want = 2, ebc = -212, #act's = 3 PA Inactive? = false","knative.dev/controller":"knative.dev.serving.pkg.reconciler.autoscaling.kpa.Reconciler","knative.dev/kind":"autoscaling.internal.knative.dev.PodAutoscaler","knative.dev/traceid":"f488c7f1-bd57-4c76-9bfb-deb23b7e3b41","knative.dev/key":"default/linpack-00001"}
{"severity":"INFO","timestamp":"2026-06-03T07:18:37.492786524Z","logger":"autoscaler","caller":"kpa/kpa.go:221","message":"KPA Scale decision for revision default/linpack-00001: currentPods=1, calculatedWant=2, desiredPods=2, excessBurstCapacity=-212","knative.dev/controller":"knative.dev.serving.pkg.reconciler.autoscaling.kpa.Reconciler","knative.dev/kind":"autoscaling.internal.knative.dev.PodAutoscaler","knative.dev/traceid":"f488c7f1-bd57-4c76-9bfb-deb23b7e3b41","knative.dev/key":"default/linpack-00001"}
{"severity":"INFO","timestamp":"2026-06-03T07:18:37.492803357Z","logger":"autoscaler","caller":"kpa/kpa.go:239","message":"Observed pod counts=kpa.podCounts{want:2, ready:1, notReady:1, pending:1, terminating:0}","knative.dev/controller":"knative.dev.serving.pkg.reconciler.autoscaling.kpa.Reconciler","knative.dev/kind":"autoscaling.internal.knative.dev.PodAutoscaler","knative.dev/traceid":"f488c7f1-bd57-4c76-9bfb-deb23b7e3b41","knative.dev/key":"default/linpack-00001"}
{"severity":"INFO","timestamp":"2026-06-03T07:18:37.492818709Z","logger":"autoscaler","caller":"kpa/kpa.go:298","message":"KPA Status for revision default/linpack-00001 after reconcile: currentPods=1, desiredPods=2, conditions=[Active=True Ready=True SKSReady=True ScaleTargetInitialized=True]","knative.dev/controller":"knative.dev.serving.pkg.reconciler.autoscaling.kpa.Reconciler","knative.dev/kind":"autoscaling.internal.knative.dev.PodAutoscaler","knative.dev/traceid":"f488c7f1-bd57-4c76-9bfb-deb23b7e3b41","knative.dev/key":"default/linpack-00001"}
{"severity":"INFO","timestamp":"2026-06-03T07:18:37.492838468Z","logger":"autoscaler","caller":"kpa/kpa.go:242","message":"Cold start final  took: 355.684µs","knative.dev/controller":"knative.dev.serving.pkg.reconciler.autoscaling.kpa.Reconciler","knative.dev/kind":"autoscaling.internal.knative.dev.PodAutoscaler","knative.dev/traceid":"f488c7f1-bd57-4c76-9bfb-deb23b7e3b41","knative.dev/key":"default/linpack-00001"}
{"severity":"INFO","timestamp":"2026-06-03T07:18:37.492883746Z","logger":"autoscaler","caller":"controller/controller.go:530","message":"Reconcile succeeded","knative.dev/controller":"knative.dev.serving.pkg.reconciler.autoscaling.kpa.Reconciler","knative.dev/kind":"autoscaling.internal.knative.dev.PodAutoscaler","knative.dev/traceid":"f488c7f1-bd57-4c76-9bfb-deb23b7e3b41","knative.dev/key":"default/linpack-00001","duration":"459.147µs"}
{"severity":"INFO","timestamp":"2026-06-03T07:18:37.512724901Z","logger":"autoscaler","caller":"kpa/kpa.go:193","message":"SKS should be in Proxy mode: want = 2, ebc = -212, #act's = 3 PA Inactive? = false","knative.dev/controller":"knative.dev.serving.pkg.reconciler.autoscaling.kpa.Reconciler","knative.dev/kind":"autoscaling.internal.knative.dev.PodAutoscaler","knative.dev/traceid":"62848a35-995a-4569-9f52-1e429b5fe7df","knative.dev/key":"default/linpack-00001"}
{"severity":"INFO","timestamp":"2026-06-03T07:18:37.51279079Z","logger":"autoscaler","caller":"kpa/kpa.go:221","message":"KPA Scale decision for revision default/linpack-00001: currentPods=1, calculatedWant=2, desiredPods=2, excessBurstCapacity=-212","knative.dev/controller":"knative.dev.serving.pkg.reconciler.autoscaling.kpa.Reconciler","knative.dev/kind":"autoscaling.internal.knative.dev.PodAutoscaler","knative.dev/traceid":"62848a35-995a-4569-9f52-1e429b5fe7df","knative.dev/key":"default/linpack-00001"}
{"severity":"INFO","timestamp":"2026-06-03T07:18:37.512810475Z","logger":"autoscaler","caller":"kpa/kpa.go:239","message":"Observed pod counts=kpa.podCounts{want:2, ready:1, notReady:1, pending:1, terminating:0}","knative.dev/controller":"knative.dev.serving.pkg.reconciler.autoscaling.kpa.Reconciler","knative.dev/kind":"autoscaling.internal.knative.dev.PodAutoscaler","knative.dev/traceid":"62848a35-995a-4569-9f52-1e429b5fe7df","knative.dev/key":"default/linpack-00001"}
{"severity":"INFO","timestamp":"2026-06-03T07:18:37.512831845Z","logger":"autoscaler","caller":"kpa/kpa.go:298","message":"KPA Status for revision default/linpack-00001 after reconcile: currentPods=1, desiredPods=2, conditions=[Active=True Ready=True SKSReady=True ScaleTargetInitialized=True]","knative.dev/controller":"knative.dev.serving.pkg.reconciler.autoscaling.kpa.Reconciler","knative.dev/kind":"autoscaling.internal.knative.dev.PodAutoscaler","knative.dev/traceid":"62848a35-995a-4569-9f52-1e429b5fe7df","knative.dev/key":"default/linpack-00001"}
{"severity":"INFO","timestamp":"2026-06-03T07:18:37.51285616Z","logger":"autoscaler","caller":"kpa/kpa.go:242","message":"Cold start final  took: 396.629µs","knative.dev/controller":"knative.dev.serving.pkg.reconciler.autoscaling.kpa.Reconciler","knative.dev/kind":"autoscaling.internal.knative.dev.PodAutoscaler","knative.dev/traceid":"62848a35-995a-4569-9f52-1e429b5fe7df","knative.dev/key":"default/linpack-00001"}
{"severity":"INFO","timestamp":"2026-06-03T07:18:37.512989678Z","logger":"autoscaler","caller":"controller/controller.go:530","message":"Reconcile succeeded","knative.dev/controller":"knative.dev.serving.pkg.reconciler.autoscaling.kpa.Reconciler","knative.dev/kind":"autoscaling.internal.knative.dev.PodAutoscaler","knative.dev/traceid":"62848a35-995a-4569-9f52-1e429b5fe7df","knative.dev/key":"default/linpack-00001","duration":"601.166µs"}
{"severity":"INFO","timestamp":"2026-06-03T07:18:39.230840286Z","logger":"autoscaler","caller":"kpa/kpa.go:193","message":"SKS should be in Proxy mode: want = 2, ebc = -212, #act's = 3 PA Inactive? = false","knative.dev/controller":"knative.dev.serving.pkg.reconciler.autoscaling.kpa.Reconciler","knative.dev/kind":"autoscaling.internal.knative.dev.PodAutoscaler","knative.dev/traceid":"7681b899-2db2-4f6a-8584-4da90f73badc","knative.dev/key":"default/linpack-00001"}
{"severity":"INFO","timestamp":"2026-06-03T07:18:39.230916786Z","logger":"autoscaler","caller":"kpa/kpa.go:221","message":"KPA Scale decision for revision default/linpack-00001: currentPods=1, calculatedWant=2, desiredPods=2, excessBurstCapacity=-212","knative.dev/controller":"knative.dev.serving.pkg.reconciler.autoscaling.kpa.Reconciler","knative.dev/kind":"autoscaling.internal.knative.dev.PodAutoscaler","knative.dev/traceid":"7681b899-2db2-4f6a-8584-4da90f73badc","knative.dev/key":"default/linpack-00001"}
{"severity":"INFO","timestamp":"2026-06-03T07:18:39.230943008Z","logger":"autoscaler","caller":"kpa/kpa.go:239","message":"Observed pod counts=kpa.podCounts{want:2, ready:1, notReady:1, pending:0, terminating:0}","knative.dev/controller":"knative.dev.serving.pkg.reconciler.autoscaling.kpa.Reconciler","knative.dev/kind":"autoscaling.internal.knative.dev.PodAutoscaler","knative.dev/traceid":"7681b899-2db2-4f6a-8584-4da90f73badc","knative.dev/key":"default/linpack-00001"}
{"severity":"INFO","timestamp":"2026-06-03T07:18:39.230966619Z","logger":"autoscaler","caller":"kpa/kpa.go:298","message":"KPA Status for revision default/linpack-00001 after reconcile: currentPods=1, desiredPods=2, conditions=[Active=True Ready=True SKSReady=True ScaleTargetInitialized=True]","knative.dev/controller":"knative.dev.serving.pkg.reconciler.autoscaling.kpa.Reconciler","knative.dev/kind":"autoscaling.internal.knative.dev.PodAutoscaler","knative.dev/traceid":"7681b899-2db2-4f6a-8584-4da90f73badc","knative.dev/key":"default/linpack-00001"}
{"severity":"INFO","timestamp":"2026-06-03T07:18:39.230991563Z","logger":"autoscaler","caller":"kpa/kpa.go:242","message":"Cold start final  took: 530.351µs","knative.dev/controller":"knative.dev.serving.pkg.reconciler.autoscaling.kpa.Reconciler","knative.dev/kind":"autoscaling.internal.knative.dev.PodAutoscaler","knative.dev/traceid":"7681b899-2db2-4f6a-8584-4da90f73badc","knative.dev/key":"default/linpack-00001"}
{"severity":"INFO","timestamp":"2026-06-03T07:18:39.231041693Z","logger":"autoscaler","caller":"controller/controller.go:530","message":"Reconcile succeeded","knative.dev/controller":"knative.dev.serving.pkg.reconciler.autoscaling.kpa.Reconciler","knative.dev/kind":"autoscaling.internal.knative.dev.PodAutoscaler","knative.dev/traceid":"7681b899-2db2-4f6a-8584-4da90f73badc","knative.dev/key":"default/linpack-00001","duration":"653.128µs"}
{"severity":"INFO","timestamp":"2026-06-03T07:18:39.380890446Z","logger":"autoscaler","caller":"kpa/kpa.go:193","message":"SKS should be in Proxy mode: want = 2, ebc = -212, #act's = 3 PA Inactive? = false","knative.dev/controller":"knative.dev.serving.pkg.reconciler.autoscaling.kpa.Reconciler","knative.dev/kind":"autoscaling.internal.knative.dev.PodAutoscaler","knative.dev/traceid":"891a5ff3-c527-4ce7-89b9-a52f1b115451","knative.dev/key":"default/linpack-00001"}
{"severity":"INFO","timestamp":"2026-06-03T07:18:39.381088594Z","logger":"autoscaler","caller":"kpa/kpa.go:221","message":"KPA Scale decision for revision default/linpack-00001: currentPods=2, calculatedWant=2, desiredPods=2, excessBurstCapacity=-212","knative.dev/controller":"knative.dev.serving.pkg.reconciler.autoscaling.kpa.Reconciler","knative.dev/kind":"autoscaling.internal.knative.dev.PodAutoscaler","knative.dev/traceid":"891a5ff3-c527-4ce7-89b9-a52f1b115451","knative.dev/key":"default/linpack-00001"}
{"severity":"INFO","timestamp":"2026-06-03T07:18:39.381156446Z","logger":"autoscaler","caller":"kpa/kpa.go:239","message":"Observed pod counts=kpa.podCounts{want:2, ready:2, notReady:0, pending:0, terminating:0}","knative.dev/controller":"knative.dev.serving.pkg.reconciler.autoscaling.kpa.Reconciler","knative.dev/kind":"autoscaling.internal.knative.dev.PodAutoscaler","knative.dev/traceid":"891a5ff3-c527-4ce7-89b9-a52f1b115451","knative.dev/key":"default/linpack-00001"}
{"severity":"INFO","timestamp":"2026-06-03T07:18:39.381246816Z","logger":"autoscaler","caller":"kpa/kpa.go:298","message":"KPA Status for revision default/linpack-00001 after reconcile: currentPods=2, desiredPods=2, conditions=[Active=True Ready=True SKSReady=True ScaleTargetInitialized=True]","knative.dev/controller":"knative.dev.serving.pkg.reconciler.autoscaling.kpa.Reconciler","knative.dev/kind":"autoscaling.internal.knative.dev.PodAutoscaler","knative.dev/traceid":"891a5ff3-c527-4ce7-89b9-a52f1b115451","knative.dev/key":"default/linpack-00001"}
{"severity":"INFO","timestamp":"2026-06-03T07:18:39.38132626Z","logger":"autoscaler","caller":"kpa/kpa.go:242","message":"Cold start final  took: 771.314µs","knative.dev/controller":"knative.dev.serving.pkg.reconciler.autoscaling.kpa.Reconciler","knative.dev/kind":"autoscaling.internal.knative.dev.PodAutoscaler","knative.dev/traceid":"891a5ff3-c527-4ce7-89b9-a52f1b115451","knative.dev/key":"default/linpack-00001"}
{"severity":"INFO","timestamp":"2026-06-03T07:18:39.391097523Z","logger":"autoscaler","caller":"controller/controller.go:530","message":"Reconcile succeeded","knative.dev/controller":"knative.dev.serving.pkg.reconciler.autoscaling.kpa.Reconciler","knative.dev/kind":"autoscaling.internal.knative.dev.PodAutoscaler","knative.dev/traceid":"891a5ff3-c527-4ce7-89b9-a52f1b115451","knative.dev/key":"default/linpack-00001","duration":"10.61415ms"}
{"severity":"INFO","timestamp":"2026-06-03T07:18:39.391395115Z","logger":"autoscaler","caller":"kpa/kpa.go:193","message":"SKS should be in Proxy mode: want = 2, ebc = -212, #act's = 3 PA Inactive? = false","knative.dev/controller":"knative.dev.serving.pkg.reconciler.autoscaling.kpa.Reconciler","knative.dev/kind":"autoscaling.internal.knative.dev.PodAutoscaler","knative.dev/traceid":"84ff81b5-3034-4109-997d-f043427a3c4c","knative.dev/key":"default/linpack-00001"}
{"severity":"INFO","timestamp":"2026-06-03T07:18:39.391449838Z","logger":"autoscaler","caller":"kpa/kpa.go:221","message":"KPA Scale decision for revision default/linpack-00001: currentPods=2, calculatedWant=2, desiredPods=2, excessBurstCapacity=-212","knative.dev/controller":"knative.dev.serving.pkg.reconciler.autoscaling.kpa.Reconciler","knative.dev/kind":"autoscaling.internal.knative.dev.PodAutoscaler","knative.dev/traceid":"84ff81b5-3034-4109-997d-f043427a3c4c","knative.dev/key":"default/linpack-00001"}
{"severity":"INFO","timestamp":"2026-06-03T07:18:39.391474782Z","logger":"autoscaler","caller":"kpa/kpa.go:239","message":"Observed pod counts=kpa.podCounts{want:2, ready:2, notReady:0, pending:0, terminating:0}","knative.dev/controller":"knative.dev.serving.pkg.reconciler.autoscaling.kpa.Reconciler","knative.dev/kind":"autoscaling.internal.knative.dev.PodAutoscaler","knative.dev/traceid":"84ff81b5-3034-4109-997d-f043427a3c4c","knative.dev/key":"default/linpack-00001"}
{"severity":"INFO","timestamp":"2026-06-03T07:18:39.391497337Z","logger":"autoscaler","caller":"kpa/kpa.go:298","message":"KPA Status for revision default/linpack-00001 after reconcile: currentPods=2, desiredPods=2, conditions=[Active=True Ready=True SKSReady=True ScaleTargetInitialized=True]","knative.dev/controller":"knative.dev.serving.pkg.reconciler.autoscaling.kpa.Reconciler","knative.dev/kind":"autoscaling.internal.knative.dev.PodAutoscaler","knative.dev/traceid":"84ff81b5-3034-4109-997d-f043427a3c4c","knative.dev/key":"default/linpack-00001"}
{"severity":"INFO","timestamp":"2026-06-03T07:18:39.391523152Z","logger":"autoscaler","caller":"kpa/kpa.go:242","message":"Cold start final  took: 293.296µs","knative.dev/controller":"knative.dev.serving.pkg.reconciler.autoscaling.kpa.Reconciler","knative.dev/kind":"autoscaling.internal.knative.dev.PodAutoscaler","knative.dev/traceid":"84ff81b5-3034-4109-997d-f043427a3c4c","knative.dev/key":"default/linpack-00001"}
{"severity":"INFO","timestamp":"2026-06-03T07:18:39.39156793Z","logger":"autoscaler","caller":"controller/controller.go:530","message":"Reconcile succeeded","knative.dev/controller":"knative.dev.serving.pkg.reconciler.autoscaling.kpa.Reconciler","knative.dev/kind":"autoscaling.internal.knative.dev.PodAutoscaler","knative.dev/traceid":"84ff81b5-3034-4109-997d-f043427a3c4c","knative.dev/key":"default/linpack-00001","duration":"423.87µs"}
{"severity":"INFO","timestamp":"2026-06-03T07:18:39.422065143Z","logger":"autoscaler","caller":"scaling/autoscaler.go:207","message":"For metric concurrency observed values: stable = 1.4; panic = 4.6; target = 3.5 Desired StablePodCount = 1, PanicPodCount = 2, ReadyEndpointCount = 2, MaxScaleUp = 2000, MaxScaleDown = 1","knative.dev/key":"default/linpack-00001"}
{"severity":"INFO","timestamp":"2026-06-03T07:18:39.422102791Z","logger":"autoscaler","caller":"scaling/autoscaler.go:314","message":"Autoscaler: stable=1.376523 panic=4.624703 target=3.500000 pods=%!d(float64=2) desired=2 excessBC=-206.000000","knative.dev/key":"default/linpack-00001"}
{"severity":"INFO","timestamp":"2026-06-03T07:18:39.422127291Z","logger":"autoscaler","caller":"scaling/autoscaler.go:318","message":"⏱ Autoscaler decision: 72.037µs.","knative.dev/key":"default/linpack-00001"}
{"severity":"INFO","timestamp":"2026-06-03T07:18:39.421835958Z","logger":"autoscaler","caller":"scaling/autoscaler.go:207","message":"For metric concurrency observed values: stable = 0.7; panic = 0.3; target = 3.5 Desired StablePodCount = 1, PanicPodCount = 1, ReadyEndpointCount = 1, MaxScaleUp = 1000, MaxScaleDown = 0","knative.dev/key":"default/matrixmul-00001"}
{"severity":"INFO","timestamp":"2026-06-03T07:18:39.422171291Z","logger":"autoscaler","caller":"scaling/autoscaler.go:314","message":"Autoscaler: stable=0.730289 panic=0.284016 target=3.500000 pods=%!d(float64=1) desired=1 excessBC=-207.000000","knative.dev/key":"default/matrixmul-00001"}
{"severity":"INFO","timestamp":"2026-06-03T07:18:39.422186457Z","logger":"autoscaler","caller":"scaling/autoscaler.go:318","message":"⏱ Autoscaler decision: 382.74µs.","knative.dev/key":"default/matrixmul-00001"}
{"severity":"INFO","timestamp":"2026-06-03T07:18:39.422525772Z","logger":"autoscaler","caller":"scaling/autoscaler.go:207","message":"For metric concurrency observed values: stable = 1.0; panic = 0.6; target = 3.5 Desired StablePodCount = 1, PanicPodCount = 1, ReadyEndpointCount = 1, MaxScaleUp = 1000, MaxScaleDown = 0","knative.dev/key":"default/fastfouriertransform-00001"}
{"severity":"INFO","timestamp":"2026-06-03T07:18:39.422544753Z","logger":"autoscaler","caller":"scaling/autoscaler.go:314","message":"Autoscaler: stable=1.004148 panic=0.598916 target=3.500000 pods=%!d(float64=1) desired=1 excessBC=-207.000000","knative.dev/key":"default/fastfouriertransform-00001"}
{"severity":"INFO","timestamp":"2026-06-03T07:18:39.422576975Z","logger":"autoscaler","caller":"scaling/autoscaler.go:318","message":"⏱ Autoscaler decision: 62.314µs.","knative.dev/key":"default/fastfouriertransform-00001"}
{"severity":"INFO","timestamp":"2026-06-03T07:18:39.422744383Z","logger":"autoscaler","caller":"scaling/autoscaler.go:207","message":"For metric concurrency observed values: stable = 0.2; panic = 0.2; target = 3.5 Desired StablePodCount = 1, PanicPodCount = 1, ReadyEndpointCount = 1, MaxScaleUp = 1000, MaxScaleDown = 0","knative.dev/key":"default/fetchdata-00001"}
{"severity":"INFO","timestamp":"2026-06-03T07:18:39.422769308Z","logger":"autoscaler","caller":"scaling/autoscaler.go:314","message":"Autoscaler: stable=0.232978 panic=0.201995 target=3.500000 pods=%!d(float64=1) desired=1 excessBC=-207.000000","knative.dev/key":"default/fetchdata-00001"}
{"severity":"INFO","timestamp":"2026-06-03T07:18:39.422793808Z","logger":"autoscaler","caller":"scaling/autoscaler.go:318","message":"⏱ Autoscaler decision: 59.796µs.","knative.dev/key":"default/fetchdata-00001"}
{"severity":"INFO","timestamp":"2026-06-03T07:18:39.423130567Z","logger":"autoscaler","caller":"scaling/autoscaler.go:207","message":"For metric concurrency observed values: stable = 0.1; panic = 0.1; target = 3.5 Desired StablePodCount = 1, PanicPodCount = 1, ReadyEndpointCount = 1, MaxScaleUp = 1000, MaxScaleDown = 0","knative.dev/key":"default/genmatrix-00001"}
{"severity":"INFO","timestamp":"2026-06-03T07:18:39.423157474Z","logger":"autoscaler","caller":"scaling/autoscaler.go:314","message":"Autoscaler: stable=0.068649 panic=0.052729 target=3.500000 pods=%!d(float64=1) desired=1 excessBC=-207.000000","knative.dev/key":"default/genmatrix-00001"}
{"severity":"INFO","timestamp":"2026-06-03T07:18:39.423175178Z","logger":"autoscaler","caller":"scaling/autoscaler.go:318","message":"⏱ Autoscaler decision: 56.314µs.","knative.dev/key":"default/genmatrix-00001"}
{"severity":"INFO","timestamp":"2026-06-03T07:18:41.421489618Z","logger":"autoscaler","caller":"scaling/autoscaler.go:207","message":"For metric concurrency observed values: stable = 1.4; panic = 3.1; target = 3.5 Desired StablePodCount = 1, PanicPodCount = 1, ReadyEndpointCount = 2, MaxScaleUp = 2000, MaxScaleDown = 1","knative.dev/key":"default/linpack-00001"}
{"severity":"INFO","timestamp":"2026-06-03T07:18:41.421531488Z","logger":"autoscaler","caller":"scaling/autoscaler.go:258","message":"Skipping pod count decrease from 2 to 1.","knative.dev/key":"default/linpack-00001"}
{"severity":"INFO","timestamp":"2026-06-03T07:18:41.421551933Z","logger":"autoscaler","caller":"scaling/autoscaler.go:314","message":"Autoscaler: stable=1.382487 panic=3.066917 target=3.500000 pods=%!d(float64=2) desired=2 excessBC=-205.000000","knative.dev/key":"default/linpack-00001"}
{"severity":"INFO","timestamp":"2026-06-03T07:18:41.421573025Z","logger":"autoscaler","caller":"scaling/autoscaler.go:318","message":"⏱ Autoscaler decision: 331.258µs.","knative.dev/key":"default/linpack-00001"}
{"severity":"INFO","timestamp":"2026-06-03T07:18:41.421622025Z","logger":"autoscaler","caller":"scaling/autoscaler.go:207","message":"For metric concurrency observed values: stable = 0.8; panic = 0.9; target = 3.5 Desired StablePodCount = 1, PanicPodCount = 1, ReadyEndpointCount = 1, MaxScaleUp = 1000, MaxScaleDown = 0","knative.dev/key":"default/matrixmul-00001"}
{"severity":"INFO","timestamp":"2026-06-03T07:18:41.421639636Z","logger":"autoscaler","caller":"scaling/autoscaler.go:314","message":"Autoscaler: stable=0.769667 panic=0.888386 target=3.500000 pods=%!d(float64=1) desired=1 excessBC=-207.000000","knative.dev/key":"default/matrixmul-00001"}
{"severity":"INFO","timestamp":"2026-06-03T07:18:41.421656396Z","logger":"autoscaler","caller":"scaling/autoscaler.go:318","message":"⏱ Autoscaler decision: 48.352µs.","knative.dev/key":"default/matrixmul-00001"}
{"severity":"INFO","timestamp":"2026-06-03T07:18:41.423020245Z","logger":"autoscaler","caller":"scaling/autoscaler.go:207","message":"For metric concurrency observed values: stable = 0.2; panic = 0.2; target = 3.5 Desired StablePodCount = 1, PanicPodCount = 1, ReadyEndpointCount = 1, MaxScaleUp = 1000, MaxScaleDown = 0","knative.dev/key":"default/fetchdata-00001"}
{"severity":"INFO","timestamp":"2026-06-03T07:18:41.423054893Z","logger":"autoscaler","caller":"scaling/autoscaler.go:314","message":"Autoscaler: stable=0.218037 panic=0.226888 target=3.500000 pods=%!d(float64=1) desired=1 excessBC=-207.000000","knative.dev/key":"default/fetchdata-00001"}
{"severity":"INFO","timestamp":"2026-06-03T07:18:41.423074856Z","logger":"autoscaler","caller":"scaling/autoscaler.go:318","message":"⏱ Autoscaler decision: 77.741µs.","knative.dev/key":"default/fetchdata-00001"}
{"severity":"INFO","timestamp":"2026-06-03T07:18:41.423132041Z","logger":"autoscaler","caller":"scaling/autoscaler.go:207","message":"For metric concurrency observed values: stable = 0.1; panic = 0.0; target = 3.5 Desired StablePodCount = 1, PanicPodCount = 1, ReadyEndpointCount = 1, MaxScaleUp = 1000, MaxScaleDown = 0","knative.dev/key":"default/genmatrix-00001"}
{"severity":"INFO","timestamp":"2026-06-03T07:18:41.423148412Z","logger":"autoscaler","caller":"scaling/autoscaler.go:314","message":"Autoscaler: stable=0.068070 panic=0.038877 target=3.500000 pods=%!d(float64=1) desired=1 excessBC=-207.000000","knative.dev/key":"default/genmatrix-00001"}
{"severity":"INFO","timestamp":"2026-06-03T07:18:41.423165838Z","logger":"autoscaler","caller":"scaling/autoscaler.go:318","message":"⏱ Autoscaler decision: 43.649µs.","knative.dev/key":"default/genmatrix-00001"}
{"severity":"INFO","timestamp":"2026-06-03T07:18:41.4235558Z","logger":"autoscaler","caller":"scaling/autoscaler.go:207","message":"For metric concurrency observed values: stable = 1.0; panic = 0.8; target = 3.5 Desired StablePodCount = 1, PanicPodCount = 1, ReadyEndpointCount = 1, MaxScaleUp = 1000, MaxScaleDown = 0","knative.dev/key":"default/fastfouriertransform-00001"}
{"severity":"INFO","timestamp":"2026-06-03T07:18:41.423583633Z","logger":"autoscaler","caller":"scaling/autoscaler.go:314","message":"Autoscaler: stable=1.041818 panic=0.750228 target=3.500000 pods=%!d(float64=1) desired=1 excessBC=-207.000000","knative.dev/key":"default/fastfouriertransform-00001"}
{"severity":"INFO","timestamp":"2026-06-03T07:18:41.423602985Z","logger":"autoscaler","caller":"scaling/autoscaler.go:318","message":"⏱ Autoscaler decision: 62.926µs.","knative.dev/key":"default/fastfouriertransform-00001"}
{"severity":"INFO","timestamp":"2026-06-03T07:18:43.421464241Z","logger":"autoscaler","caller":"scaling/autoscaler.go:207","message":"For metric concurrency observed values: stable = 1.4; panic = 1.0; target = 3.5 Desired StablePodCount = 1, PanicPodCount = 1, ReadyEndpointCount = 2, MaxScaleUp = 2000, MaxScaleDown = 1","knative.dev/key":"default/linpack-00001"}
{"severity":"INFO","timestamp":"2026-06-03T07:18:43.421511944Z","logger":"autoscaler","caller":"scaling/autoscaler.go:258","message":"Skipping pod count decrease from 2 to 1.","knative.dev/key":"default/linpack-00001"}
{"severity":"INFO","timestamp":"2026-06-03T07:18:43.421533463Z","logger":"autoscaler","caller":"scaling/autoscaler.go:314","message":"Autoscaler: stable=1.357647 panic=0.987884 target=3.500000 pods=%!d(float64=2) desired=2 excessBC=-202.000000","knative.dev/key":"default/linpack-00001"}
{"severity":"INFO","timestamp":"2026-06-03T07:18:43.421554037Z","logger":"autoscaler","caller":"scaling/autoscaler.go:318","message":"⏱ Autoscaler decision: 332.167µs.","knative.dev/key":"default/linpack-00001"}
{"severity":"INFO","timestamp":"2026-06-03T07:18:43.42190211Z","logger":"autoscaler","caller":"scaling/autoscaler.go:207","message":"For metric concurrency observed values: stable = 0.8; panic = 0.9; target = 3.5 Desired StablePodCount = 1, PanicPodCount = 1, ReadyEndpointCount = 1, MaxScaleUp = 1000, MaxScaleDown = 0","knative.dev/key":"default/matrixmul-00001"}
{"severity":"INFO","timestamp":"2026-06-03T07:18:43.421933351Z","logger":"autoscaler","caller":"scaling/autoscaler.go:314","message":"Autoscaler: stable=0.777974 panic=0.908322 target=3.500000 pods=%!d(float64=1) desired=1 excessBC=-207.000000","knative.dev/key":"default/matrixmul-00001"}
{"severity":"INFO","timestamp":"2026-06-03T07:18:43.421951222Z","logger":"autoscaler","caller":"scaling/autoscaler.go:318","message":"⏱ Autoscaler decision: 89.537µs.","knative.dev/key":"default/matrixmul-00001"}
{"severity":"INFO","timestamp":"2026-06-03T07:18:43.423326293Z","logger":"autoscaler","caller":"scaling/autoscaler.go:207","message":"For metric concurrency observed values: stable = 0.1; panic = 0.0; target = 3.5 Desired StablePodCount = 1, PanicPodCount = 1, ReadyEndpointCount = 1, MaxScaleUp = 1000, MaxScaleDown = 0","knative.dev/key":"default/genmatrix-00001"}
{"severity":"INFO","timestamp":"2026-06-03T07:18:43.423359349Z","logger":"autoscaler","caller":"scaling/autoscaler.go:314","message":"Autoscaler: stable=0.065621 panic=0.039395 target=3.500000 pods=%!d(float64=1) desired=1 excessBC=-207.000000","knative.dev/key":"default/genmatrix-00001"}
{"severity":"INFO","timestamp":"2026-06-03T07:18:43.423379386Z","logger":"autoscaler","caller":"scaling/autoscaler.go:318","message":"⏱ Autoscaler decision: 97.036µs.","knative.dev/key":"default/genmatrix-00001"}
{"severity":"INFO","timestamp":"2026-06-03T07:18:43.423708274Z","logger":"autoscaler","caller":"scaling/autoscaler.go:207","message":"For metric concurrency observed values: stable = 1.1; panic = 0.9; target = 3.5 Desired StablePodCount = 1, PanicPodCount = 1, ReadyEndpointCount = 1, MaxScaleUp = 1000, MaxScaleDown = 0","knative.dev/key":"default/fastfouriertransform-00001"}
{"severity":"INFO","timestamp":"2026-06-03T07:18:43.423732034Z","logger":"autoscaler","caller":"scaling/autoscaler.go:314","message":"Autoscaler: stable=1.058783 panic=0.903334 target=3.500000 pods=%!d(float64=1) desired=1 excessBC=-207.000000","knative.dev/key":"default/fastfouriertransform-00001"}
{"severity":"INFO","timestamp":"2026-06-03T07:18:43.423750182Z","logger":"autoscaler","caller":"scaling/autoscaler.go:318","message":"⏱ Autoscaler decision: 67.481µs.","knative.dev/key":"default/fastfouriertransform-00001"}
{"severity":"INFO","timestamp":"2026-06-03T07:18:43.423792441Z","logger":"autoscaler","caller":"scaling/autoscaler.go:207","message":"For metric concurrency observed values: stable = 0.2; panic = 0.2; target = 3.5 Desired StablePodCount = 1, PanicPodCount = 1, ReadyEndpointCount = 1, MaxScaleUp = 1000, MaxScaleDown = 0","knative.dev/key":"default/fetchdata-00001"}
{"severity":"INFO","timestamp":"2026-06-03T07:18:43.423809237Z","logger":"autoscaler","caller":"scaling/autoscaler.go:314","message":"Autoscaler: stable=0.217761 panic=0.169297 target=3.500000 pods=%!d(float64=1) desired=1 excessBC=-207.000000","knative.dev/key":"default/fetchdata-00001"}
{"severity":"INFO","timestamp":"2026-06-03T07:18:43.4238267Z","logger":"autoscaler","caller":"scaling/autoscaler.go:318","message":"⏱ Autoscaler decision: 55.704µs.","knative.dev/key":"default/fetchdata-00001"}
{"severity":"INFO","timestamp":"2026-06-03T07:18:45.42125753Z","logger":"autoscaler","caller":"scaling/autoscaler.go:207","message":"For metric concurrency observed values: stable = 1.3; panic = 0.3; target = 3.5 Desired StablePodCount = 1, PanicPodCount = 1, ReadyEndpointCount = 2, MaxScaleUp = 2000, MaxScaleDown = 1","knative.dev/key":"default/linpack-00001"}
{"severity":"INFO","timestamp":"2026-06-03T07:18:45.421309901Z","logger":"autoscaler","caller":"scaling/autoscaler.go:258","message":"Skipping pod count decrease from 2 to 1.","knative.dev/key":"default/linpack-00001"}
{"severity":"INFO","timestamp":"2026-06-03T07:18:45.421333567Z","logger":"autoscaler","caller":"scaling/autoscaler.go:314","message":"Autoscaler: stable=1.339543 panic=0.284117 target=3.500000 pods=%!d(float64=2) desired=2 excessBC=-202.000000","knative.dev/key":"default/linpack-00001"}
{"severity":"INFO","timestamp":"2026-06-03T07:18:45.421355419Z","logger":"autoscaler","caller":"scaling/autoscaler.go:318","message":"⏱ Autoscaler decision: 137.074µs.","knative.dev/key":"default/linpack-00001"}
{"severity":"INFO","timestamp":"2026-06-03T07:18:45.421673511Z","logger":"autoscaler","caller":"scaling/autoscaler.go:207","message":"For metric concurrency observed values: stable = 0.8; panic = 0.5; target = 3.5 Desired StablePodCount = 1, PanicPodCount = 1, ReadyEndpointCount = 1, MaxScaleUp = 1000, MaxScaleDown = 0","knative.dev/key":"default/matrixmul-00001"}
{"severity":"INFO","timestamp":"2026-06-03T07:18:45.421703771Z","logger":"autoscaler","caller":"scaling/autoscaler.go:314","message":"Autoscaler: stable=0.766914 panic=0.539229 target=3.500000 pods=%!d(float64=1) desired=1 excessBC=-207.000000","knative.dev/key":"default/matrixmul-00001"}
{"severity":"INFO","timestamp":"2026-06-03T07:18:45.421723733Z","logger":"autoscaler","caller":"scaling/autoscaler.go:318","message":"⏱ Autoscaler decision: 70.796µs.","knative.dev/key":"default/matrixmul-00001"}
{"severity":"INFO","timestamp":"2026-06-03T07:18:45.423213065Z","logger":"autoscaler","caller":"scaling/autoscaler.go:207","message":"For metric concurrency observed values: stable = 0.1; panic = 0.0; target = 3.5 Desired StablePodCount = 1, PanicPodCount = 1, ReadyEndpointCount = 1, MaxScaleUp = 1000, MaxScaleDown = 0","knative.dev/key":"default/genmatrix-00001"}
{"severity":"INFO","timestamp":"2026-06-03T07:18:45.423237527Z","logger":"autoscaler","caller":"scaling/autoscaler.go:314","message":"Autoscaler: stable=0.065116 panic=0.041148 target=3.500000 pods=%!d(float64=1) desired=1 excessBC=-207.000000","knative.dev/key":"default/genmatrix-00001"}
{"severity":"INFO","timestamp":"2026-06-03T07:18:45.42328125Z","logger":"autoscaler","caller":"scaling/autoscaler.go:318","message":"⏱ Autoscaler decision: 86.241µs.","knative.dev/key":"default/genmatrix-00001"}
{"severity":"INFO","timestamp":"2026-06-03T07:18:45.423977174Z","logger":"autoscaler","caller":"scaling/autoscaler.go:207","message":"For metric concurrency observed values: stable = 1.1; panic = 1.5; target = 3.5 Desired StablePodCount = 1, PanicPodCount = 1, ReadyEndpointCount = 1, MaxScaleUp = 1000, MaxScaleDown = 0","knative.dev/key":"default/fastfouriertransform-00001"}
{"severity":"INFO","timestamp":"2026-06-03T07:18:45.424009971Z","logger":"autoscaler","caller":"scaling/autoscaler.go:314","message":"Autoscaler: stable=1.101328 panic=1.541355 target=3.500000 pods=%!d(float64=1) desired=1 excessBC=-208.000000","knative.dev/key":"default/fastfouriertransform-00001"}
{"severity":"INFO","timestamp":"2026-06-03T07:18:45.424028823Z","logger":"autoscaler","caller":"scaling/autoscaler.go:318","message":"⏱ Autoscaler decision: 66.686µs.","knative.dev/key":"default/fastfouriertransform-00001"}
{"severity":"INFO","timestamp":"2026-06-03T07:18:45.424058508Z","logger":"autoscaler","caller":"scaling/autoscaler.go:207","message":"For metric concurrency observed values: stable = 0.2; panic = 0.3; target = 3.5 Desired StablePodCount = 1, PanicPodCount = 1, ReadyEndpointCount = 1, MaxScaleUp = 1000, MaxScaleDown = 0","knative.dev/key":"default/fetchdata-00001"}
{"severity":"INFO","timestamp":"2026-06-03T07:18:45.424072119Z","logger":"autoscaler","caller":"scaling/autoscaler.go:314","message":"Autoscaler: stable=0.234001 panic=0.334227 target=3.500000 pods=%!d(float64=1) desired=1 excessBC=-207.000000","knative.dev/key":"default/fetchdata-00001"}
{"severity":"INFO","timestamp":"2026-06-03T07:18:45.424088489Z","logger":"autoscaler","caller":"scaling/autoscaler.go:318","message":"⏱ Autoscaler decision: 39.611µs.","knative.dev/key":"default/fetchdata-00001"}
{"severity":"INFO","timestamp":"2026-06-03T07:18:47.421049246Z","logger":"autoscaler","caller":"scaling/autoscaler.go:207","message":"For metric concurrency observed values: stable = 1.3; panic = 0.3; target = 3.5 Desired StablePodCount = 1, PanicPodCount = 1, ReadyEndpointCount = 2, MaxScaleUp = 2000, MaxScaleDown = 1","knative.dev/key":"default/linpack-00001"}
{"severity":"INFO","timestamp":"2026-06-03T07:18:47.421083913Z","logger":"autoscaler","caller":"scaling/autoscaler.go:258","message":"Skipping pod count decrease from 2 to 1.","knative.dev/key":"default/linpack-00001"}
{"severity":"INFO","timestamp":"2026-06-03T07:18:47.421099839Z","logger":"autoscaler","caller":"scaling/autoscaler.go:314","message":"Autoscaler: stable=1.343588 panic=0.292472 target=3.500000 pods=%!d(float64=2) desired=2 excessBC=-202.000000","knative.dev/key":"default/linpack-00001"}
{"severity":"INFO","timestamp":"2026-06-03T07:18:47.421115042Z","logger":"autoscaler","caller":"scaling/autoscaler.go:318","message":"⏱ Autoscaler decision: 92.315µs.","knative.dev/key":"default/linpack-00001"}
{"severity":"INFO","timestamp":"2026-06-03T07:18:47.421773208Z","logger":"autoscaler","caller":"scaling/autoscaler.go:207","message":"For metric concurrency observed values: stable = 0.8; panic = 0.3; target = 3.5 Desired StablePodCount = 1, PanicPodCount = 1, ReadyEndpointCount = 1, MaxScaleUp = 1000, MaxScaleDown = 0","knative.dev/key":"default/matrixmul-00001"}
{"severity":"INFO","timestamp":"2026-06-03T07:18:47.421804597Z","logger":"autoscaler","caller":"scaling/autoscaler.go:314","message":"Autoscaler: stable=0.764086 panic=0.289936 target=3.500000 pods=%!d(float64=1) desired=1 excessBC=-207.000000","knative.dev/key":"default/matrixmul-00001"}
{"severity":"INFO","timestamp":"2026-06-03T07:18:47.421821912Z","logger":"autoscaler","caller":"scaling/autoscaler.go:318","message":"⏱ Autoscaler decision: 72.778µs.","knative.dev/key":"default/matrixmul-00001"}
{"severity":"INFO","timestamp":"2026-06-03T07:18:47.422970928Z","logger":"autoscaler","caller":"scaling/autoscaler.go:207","message":"For metric concurrency observed values: stable = 0.2; panic = 0.3; target = 3.5 Desired StablePodCount = 1, PanicPodCount = 1, ReadyEndpointCount = 1, MaxScaleUp = 1000, MaxScaleDown = 0","knative.dev/key":"default/fetchdata-00001"}
{"severity":"INFO","timestamp":"2026-06-03T07:18:47.423000095Z","logger":"autoscaler","caller":"scaling/autoscaler.go:314","message":"Autoscaler: stable=0.227375 panic=0.279768 target=3.500000 pods=%!d(float64=1) desired=1 excessBC=-207.000000","knative.dev/key":"default/fetchdata-00001"}
{"severity":"INFO","timestamp":"2026-06-03T07:18:47.423015484Z","logger":"autoscaler","caller":"scaling/autoscaler.go:318","message":"⏱ Autoscaler decision: 69.092µs.","knative.dev/key":"default/fetchdata-00001"}
{"severity":"INFO","timestamp":"2026-06-03T07:18:47.423135743Z","logger":"autoscaler","caller":"scaling/autoscaler.go:207","message":"For metric concurrency observed values: stable = 0.1; panic = 0.1; target = 3.5 Desired StablePodCount = 1, PanicPodCount = 1, ReadyEndpointCount = 1, MaxScaleUp = 1000, MaxScaleDown = 0","knative.dev/key":"default/genmatrix-00001"}
{"severity":"INFO","timestamp":"2026-06-03T07:18:47.423152169Z","logger":"autoscaler","caller":"scaling/autoscaler.go:314","message":"Autoscaler: stable=0.067495 panic=0.050214 target=3.500000 pods=%!d(float64=1) desired=1 excessBC=-207.000000","knative.dev/key":"default/genmatrix-00001"}
{"severity":"INFO","timestamp":"2026-06-03T07:18:47.423163891Z","logger":"autoscaler","caller":"scaling/autoscaler.go:318","message":"⏱ Autoscaler decision: 35.982µs.","knative.dev/key":"default/genmatrix-00001"}
{"severity":"INFO","timestamp":"2026-06-03T07:18:47.423292872Z","logger":"autoscaler","caller":"scaling/autoscaler.go:207","message":"For metric concurrency observed values: stable = 1.1; panic = 1.8; target = 3.5 Desired StablePodCount = 1, PanicPodCount = 1, ReadyEndpointCount = 1, MaxScaleUp = 1000, MaxScaleDown = 0","knative.dev/key":"default/fastfouriertransform-00001"}
{"severity":"INFO","timestamp":"2026-06-03T07:18:47.42330915Z","logger":"autoscaler","caller":"scaling/autoscaler.go:314","message":"Autoscaler: stable=1.142433 panic=1.751449 target=3.500000 pods=%!d(float64=1) desired=1 excessBC=-208.000000","knative.dev/key":"default/fastfouriertransform-00001"}
{"severity":"INFO","timestamp":"2026-06-03T07:18:47.423321558Z","logger":"autoscaler","caller":"scaling/autoscaler.go:318","message":"⏱ Autoscaler decision: 37.87µs.","knative.dev/key":"default/fastfouriertransform-00001"}
{"severity":"INFO","timestamp":"2026-06-03T07:18:49.421639609Z","logger":"autoscaler","caller":"scaling/autoscaler.go:207","message":"For metric concurrency observed values: stable = 0.7; panic = 0.2; target = 3.5 Desired StablePodCount = 1, PanicPodCount = 1, ReadyEndpointCount = 1, MaxScaleUp = 1000, MaxScaleDown = 0","knative.dev/key":"default/matrixmul-00001"}
{"severity":"INFO","timestamp":"2026-06-03T07:18:49.421659276Z","logger":"autoscaler","caller":"scaling/autoscaler.go:314","message":"Autoscaler: stable=0.725680 panic=0.244397 target=3.500000 pods=%!d(float64=1) desired=1 excessBC=-207.000000","knative.dev/key":"default/matrixmul-00001"}
{"severity":"INFO","timestamp":"2026-06-03T07:18:49.421674572Z","logger":"autoscaler","caller":"scaling/autoscaler.go:318","message":"⏱ Autoscaler decision: 49.63µs.","knative.dev/key":"default/matrixmul-00001"}
{"severity":"INFO","timestamp":"2026-06-03T07:18:49.421592202Z","logger":"autoscaler","caller":"scaling/autoscaler.go:207","message":"For metric concurrency observed values: stable = 1.4; panic = 0.8; target = 3.5 Desired StablePodCount = 1, PanicPodCount = 1, ReadyEndpointCount = 2, MaxScaleUp = 2000, MaxScaleDown = 1","knative.dev/key":"default/linpack-00001"}
{"severity":"INFO","timestamp":"2026-06-03T07:18:49.421853498Z","logger":"autoscaler","caller":"scaling/autoscaler.go:258","message":"Skipping pod count decrease from 2 to 1.","knative.dev/key":"default/linpack-00001"}
{"severity":"INFO","timestamp":"2026-06-03T07:18:49.421869979Z","logger":"autoscaler","caller":"scaling/autoscaler.go:314","message":"Autoscaler: stable=1.387501 panic=0.824632 target=3.500000 pods=%!d(float64=2) desired=2 excessBC=-202.000000","knative.dev/key":"default/linpack-00001"}
{"severity":"INFO","timestamp":"2026-06-03T07:18:49.421881738Z","logger":"autoscaler","caller":"scaling/autoscaler.go:318","message":"⏱ Autoscaler decision: 316.592µs.","knative.dev/key":"default/linpack-00001"}
{"severity":"INFO","timestamp":"2026-06-03T07:18:49.422439849Z","logger":"autoscaler","caller":"scaling/autoscaler.go:207","message":"For metric concurrency observed values: stable = 1.1; panic = 1.3; target = 3.5 Desired StablePodCount = 1, PanicPodCount = 1, ReadyEndpointCount = 1, MaxScaleUp = 1000, MaxScaleDown = 0","knative.dev/key":"default/fastfouriertransform-00001"}
{"severity":"INFO","timestamp":"2026-06-03T07:18:49.422471423Z","logger":"autoscaler","caller":"scaling/autoscaler.go:314","message":"Autoscaler: stable=1.100555 panic=1.339316 target=3.500000 pods=%!d(float64=1) desired=1 excessBC=-208.000000","knative.dev/key":"default/fastfouriertransform-00001"}
{"severity":"INFO","timestamp":"2026-06-03T07:18:49.422488682Z","logger":"autoscaler","caller":"scaling/autoscaler.go:318","message":"⏱ Autoscaler decision: 72.981µs.","knative.dev/key":"default/fastfouriertransform-00001"}
{"severity":"INFO","timestamp":"2026-06-03T07:18:49.42274533Z","logger":"autoscaler","caller":"scaling/autoscaler.go:207","message":"For metric concurrency observed values: stable = 0.2; panic = 0.1; target = 3.5 Desired StablePodCount = 1, PanicPodCount = 1, ReadyEndpointCount = 1, MaxScaleUp = 1000, MaxScaleDown = 0","knative.dev/key":"default/fetchdata-00001"}
{"severity":"INFO","timestamp":"2026-06-03T07:18:49.422764959Z","logger":"autoscaler","caller":"scaling/autoscaler.go:314","message":"Autoscaler: stable=0.230508 panic=0.127641 target=3.500000 pods=%!d(float64=1) desired=1 excessBC=-207.000000","knative.dev/key":"default/fetchdata-00001"}
{"severity":"INFO","timestamp":"2026-06-03T07:18:49.422777459Z","logger":"autoscaler","caller":"scaling/autoscaler.go:318","message":"⏱ Autoscaler decision: 48.685µs.","knative.dev/key":"default/fetchdata-00001"}
{"severity":"INFO","timestamp":"2026-06-03T07:18:49.423136459Z","logger":"autoscaler","caller":"scaling/autoscaler.go:207","message":"For metric concurrency observed values: stable = 0.1; panic = 0.0; target = 3.5 Desired StablePodCount = 1, PanicPodCount = 1, ReadyEndpointCount = 1, MaxScaleUp = 1000, MaxScaleDown = 0","knative.dev/key":"default/genmatrix-00001"}
{"severity":"INFO","timestamp":"2026-06-03T07:18:49.423161681Z","logger":"autoscaler","caller":"scaling/autoscaler.go:314","message":"Autoscaler: stable=0.051457 panic=0.046385 target=3.500000 pods=%!d(float64=1) desired=1 excessBC=-207.000000","knative.dev/key":"default/genmatrix-00001"}
{"severity":"INFO","timestamp":"2026-06-03T07:18:49.423176033Z","logger":"autoscaler","caller":"scaling/autoscaler.go:318","message":"⏱ Autoscaler decision: 49.296µs.","knative.dev/key":"default/genmatrix-00001"}
{"severity":"INFO","timestamp":"2026-06-03T07:18:51.421692788Z","logger":"autoscaler","caller":"scaling/autoscaler.go:207","message":"For metric concurrency observed values: stable = 1.4; panic = 0.9; target = 3.5 Desired StablePodCount = 1, PanicPodCount = 1, ReadyEndpointCount = 2, MaxScaleUp = 2000, MaxScaleDown = 1","knative.dev/key":"default/linpack-00001"}
{"severity":"INFO","timestamp":"2026-06-03T07:18:51.421758436Z","logger":"autoscaler","caller":"scaling/autoscaler.go:258","message":"Skipping pod count decrease from 2 to 1.","knative.dev/key":"default/linpack-00001"}
{"severity":"INFO","timestamp":"2026-06-03T07:18:51.421781491Z","logger":"autoscaler","caller":"scaling/autoscaler.go:314","message":"Autoscaler: stable=1.398116 panic=0.910139 target=3.500000 pods=%!d(float64=2) desired=2 excessBC=-202.000000","knative.dev/key":"default/linpack-00001"}
{"severity":"INFO","timestamp":"2026-06-03T07:18:51.421825343Z","logger":"autoscaler","caller":"scaling/autoscaler.go:318","message":"⏱ Autoscaler decision: 206.759µs.","knative.dev/key":"default/linpack-00001"}
{"severity":"INFO","timestamp":"2026-06-03T07:18:51.421874509Z","logger":"autoscaler","caller":"scaling/autoscaler.go:207","message":"For metric concurrency observed values: stable = 0.7; panic = 0.3; target = 3.5 Desired StablePodCount = 1, PanicPodCount = 1, ReadyEndpointCount = 1, MaxScaleUp = 1000, MaxScaleDown = 0","knative.dev/key":"default/matrixmul-00001"}
{"severity":"INFO","timestamp":"2026-06-03T07:18:51.421900787Z","logger":"autoscaler","caller":"scaling/autoscaler.go:314","message":"Autoscaler: stable=0.704224 panic=0.343455 target=3.500000 pods=%!d(float64=1) desired=1 excessBC=-207.000000","knative.dev/key":"default/matrixmul-00001"}
{"severity":"INFO","timestamp":"2026-06-03T07:18:51.421918509Z","logger":"autoscaler","caller":"scaling/autoscaler.go:318","message":"⏱ Autoscaler decision: 60.444µs.","knative.dev/key":"default/matrixmul-00001"}
{"severity":"INFO","timestamp":"2026-06-03T07:18:51.42264649Z","logger":"autoscaler","caller":"scaling/autoscaler.go:207","message":"For metric concurrency observed values: stable = 1.1; panic = 0.8; target = 3.5 Desired StablePodCount = 1, PanicPodCount = 1, ReadyEndpointCount = 1, MaxScaleUp = 1000, MaxScaleDown = 0","knative.dev/key":"default/fastfouriertransform-00001"}
{"severity":"INFO","timestamp":"2026-06-03T07:18:51.422678842Z","logger":"autoscaler","caller":"scaling/autoscaler.go:314","message":"Autoscaler: stable=1.077224 panic=0.790795 target=3.500000 pods=%!d(float64=1) desired=1 excessBC=-207.000000","knative.dev/key":"default/fastfouriertransform-00001"}
{"severity":"INFO","timestamp":"2026-06-03T07:18:51.422699842Z","logger":"autoscaler","caller":"scaling/autoscaler.go:318","message":"⏱ Autoscaler decision: 72.037µs.","knative.dev/key":"default/fastfouriertransform-00001"}
{"severity":"INFO","timestamp":"2026-06-03T07:18:51.422731638Z","logger":"autoscaler","caller":"scaling/autoscaler.go:207","message":"For metric concurrency observed values: stable = 0.2; panic = 0.1; target = 3.5 Desired StablePodCount = 1, PanicPodCount = 1, ReadyEndpointCount = 1, MaxScaleUp = 1000, MaxScaleDown = 0","knative.dev/key":"default/fetchdata-00001"}
{"severity":"INFO","timestamp":"2026-06-03T07:18:51.422745267Z","logger":"autoscaler","caller":"scaling/autoscaler.go:314","message":"Autoscaler: stable=0.214739 panic=0.095312 target=3.500000 pods=%!d(float64=1) desired=1 excessBC=-207.000000","knative.dev/key":"default/fetchdata-00001"}
{"severity":"INFO","timestamp":"2026-06-03T07:18:51.422756119Z","logger":"autoscaler","caller":"scaling/autoscaler.go:318","message":"⏱ Autoscaler decision: 34.166µs.","knative.dev/key":"default/fetchdata-00001"}
{"severity":"INFO","timestamp":"2026-06-03T07:18:51.423163822Z","logger":"autoscaler","caller":"scaling/autoscaler.go:207","message":"For metric concurrency observed values: stable = 0.1; panic = 0.0; target = 3.5 Desired StablePodCount = 1, PanicPodCount = 1, ReadyEndpointCount = 1, MaxScaleUp = 1000, MaxScaleDown = 0","knative.dev/key":"default/genmatrix-00001"}
{"severity":"INFO","timestamp":"2026-06-03T07:18:51.423190822Z","logger":"autoscaler","caller":"scaling/autoscaler.go:314","message":"Autoscaler: stable=0.051938 panic=0.035518 target=3.500000 pods=%!d(float64=1) desired=1 excessBC=-207.000000","knative.dev/key":"default/genmatrix-00001"}
{"severity":"INFO","timestamp":"2026-06-03T07:18:51.423209637Z","logger":"autoscaler","caller":"scaling/autoscaler.go:318","message":"⏱ Autoscaler decision: 59.537µs.","knative.dev/key":"default/genmatrix-00001"}
{"severity":"INFO","timestamp":"2026-06-03T07:18:53.421391152Z","logger":"autoscaler","caller":"scaling/autoscaler.go:207","message":"For metric concurrency observed values: stable = 1.4; panic = 0.8; target = 3.5 Desired StablePodCount = 1, PanicPodCount = 1, ReadyEndpointCount = 2, MaxScaleUp = 2000, MaxScaleDown = 1","knative.dev/key":"default/linpack-00001"}
{"severity":"INFO","timestamp":"2026-06-03T07:18:53.42143443Z","logger":"autoscaler","caller":"scaling/autoscaler.go:258","message":"Skipping pod count decrease from 2 to 1.","knative.dev/key":"default/linpack-00001"}
{"severity":"INFO","timestamp":"2026-06-03T07:18:53.421455448Z","logger":"autoscaler","caller":"scaling/autoscaler.go:314","message":"Autoscaler: stable=1.387514 panic=0.824152 target=3.500000 pods=%!d(float64=2) desired=2 excessBC=-202.000000","knative.dev/key":"default/linpack-00001"}
{"severity":"INFO","timestamp":"2026-06-03T07:18:53.421476837Z","logger":"autoscaler","caller":"scaling/autoscaler.go:318","message":"⏱ Autoscaler decision: 316.389µs.","knative.dev/key":"default/linpack-00001"}
{"severity":"INFO","timestamp":"2026-06-03T07:18:53.421775633Z","logger":"autoscaler","caller":"scaling/autoscaler.go:207","message":"For metric concurrency observed values: stable = 0.8; panic = 1.1; target = 3.5 Desired StablePodCount = 1, PanicPodCount = 1, ReadyEndpointCount = 1, MaxScaleUp = 1000, MaxScaleDown = 0","knative.dev/key":"default/matrixmul-00001"}
{"severity":"INFO","timestamp":"2026-06-03T07:18:53.421802207Z","logger":"autoscaler","caller":"scaling/autoscaler.go:314","message":"Autoscaler: stable=0.751377 panic=1.104410 target=3.500000 pods=%!d(float64=1) desired=1 excessBC=-208.000000","knative.dev/key":"default/matrixmul-00001"}
{"severity":"INFO","timestamp":"2026-06-03T07:18:53.421820281Z","logger":"autoscaler","caller":"scaling/autoscaler.go:318","message":"⏱ Autoscaler decision: 66.296µs.","knative.dev/key":"default/matrixmul-00001"}
{"severity":"INFO","timestamp":"2026-06-03T07:18:53.422973872Z","logger":"autoscaler","caller":"scaling/autoscaler.go:207","message":"For metric concurrency observed values: stable = 0.2; panic = 0.2; target = 3.5 Desired StablePodCount = 1, PanicPodCount = 1, ReadyEndpointCount = 1, MaxScaleUp = 1000, MaxScaleDown = 0","knative.dev/key":"default/fetchdata-00001"}
{"severity":"INFO","timestamp":"2026-06-03T07:18:53.423004909Z","logger":"autoscaler","caller":"scaling/autoscaler.go:314","message":"Autoscaler: stable=0.208120 panic=0.185338 target=3.500000 pods=%!d(float64=1) desired=1 excessBC=-207.000000","knative.dev/key":"default/fetchdata-00001"}
{"severity":"INFO","timestamp":"2026-06-03T07:18:53.423023853Z","logger":"autoscaler","caller":"scaling/autoscaler.go:318","message":"⏱ Autoscaler decision: 71.278µs.","knative.dev/key":"default/fetchdata-00001"}
{"severity":"INFO","timestamp":"2026-06-03T07:18:53.423159464Z","logger":"autoscaler","caller":"scaling/autoscaler.go:207","message":"For metric concurrency observed values: stable = 0.1; panic = 0.0; target = 3.5 Desired StablePodCount = 1, PanicPodCount = 1, ReadyEndpointCount = 1, MaxScaleUp = 1000, MaxScaleDown = 0","knative.dev/key":"default/genmatrix-00001"}
{"severity":"INFO","timestamp":"2026-06-03T07:18:53.423179371Z","logger":"autoscaler","caller":"scaling/autoscaler.go:314","message":"Autoscaler: stable=0.051311 panic=0.023230 target=3.500000 pods=%!d(float64=1) desired=1 excessBC=-207.000000","knative.dev/key":"default/genmatrix-00001"}
{"severity":"INFO","timestamp":"2026-06-03T07:18:53.423197668Z","logger":"autoscaler","caller":"scaling/autoscaler.go:318","message":"⏱ Autoscaler decision: 49.019µs.","knative.dev/key":"default/genmatrix-00001"}
{"severity":"INFO","timestamp":"2026-06-03T07:18:53.423638371Z","logger":"autoscaler","caller":"scaling/autoscaler.go:207","message":"For metric concurrency observed values: stable = 1.0; panic = 0.6; target = 3.5 Desired StablePodCount = 1, PanicPodCount = 1, ReadyEndpointCount = 1, MaxScaleUp = 1000, MaxScaleDown = 0","knative.dev/key":"default/fastfouriertransform-00001"}
{"severity":"INFO","timestamp":"2026-06-03T07:18:53.423667908Z","logger":"autoscaler","caller":"scaling/autoscaler.go:314","message":"Autoscaler: stable=1.029842 panic=0.612954 target=3.500000 pods=%!d(float64=1) desired=1 excessBC=-207.000000","knative.dev/key":"default/fastfouriertransform-00001"}
{"severity":"INFO","timestamp":"2026-06-03T07:18:53.423691334Z","logger":"autoscaler","caller":"scaling/autoscaler.go:318","message":"⏱ Autoscaler decision: 67.963µs.","knative.dev/key":"default/fastfouriertransform-00001"}
{"severity":"INFO","timestamp":"2026-06-03T07:18:55.421555886Z","logger":"autoscaler","caller":"scaling/autoscaler.go:207","message":"For metric concurrency observed values: stable = 1.4; panic = 0.8; target = 3.5 Desired StablePodCount = 1, PanicPodCount = 1, ReadyEndpointCount = 2, MaxScaleUp = 2000, MaxScaleDown = 1","knative.dev/key":"default/linpack-00001"}
{"severity":"INFO","timestamp":"2026-06-03T07:18:55.421602571Z","logger":"autoscaler","caller":"scaling/autoscaler.go:258","message":"Skipping pod count decrease from 2 to 1.","knative.dev/key":"default/linpack-00001"}
{"severity":"INFO","timestamp":"2026-06-03T07:18:55.421636775Z","logger":"autoscaler","caller":"scaling/autoscaler.go:314","message":"Autoscaler: stable=1.382023 panic=0.833680 target=3.500000 pods=%!d(float64=2) desired=2 excessBC=-202.000000","knative.dev/key":"default/linpack-00001"}
{"severity":"INFO","timestamp":"2026-06-03T07:18:55.421657238Z","logger":"autoscaler","caller":"scaling/autoscaler.go:318","message":"⏱ Autoscaler decision: 356.685µs.","knative.dev/key":"default/linpack-00001"}
{"severity":"INFO","timestamp":"2026-06-03T07:18:55.421697423Z","logger":"autoscaler","caller":"scaling/autoscaler.go:207","message":"For metric concurrency observed values: stable = 0.7; panic = 1.2; target = 3.5 Desired StablePodCount = 1, PanicPodCount = 1, ReadyEndpointCount = 1, MaxScaleUp = 1000, MaxScaleDown = 0","knative.dev/key":"default/matrixmul-00001"}
{"severity":"INFO","timestamp":"2026-06-03T07:18:55.421717034Z","logger":"autoscaler","caller":"scaling/autoscaler.go:314","message":"Autoscaler: stable=0.742848 panic=1.231370 target=3.500000 pods=%!d(float64=1) desired=1 excessBC=-208.000000","knative.dev/key":"default/matrixmul-00001"}
{"severity":"INFO","timestamp":"2026-06-03T07:18:55.421733478Z","logger":"autoscaler","caller":"scaling/autoscaler.go:318","message":"⏱ Autoscaler decision: 50.703µs.","knative.dev/key":"default/matrixmul-00001"}
{"severity":"INFO","timestamp":"2026-06-03T07:18:55.423162254Z","logger":"autoscaler","caller":"scaling/autoscaler.go:207","message":"For metric concurrency observed values: stable = 0.1; panic = 0.2; target = 3.5 Desired StablePodCount = 1, PanicPodCount = 1, ReadyEndpointCount = 1, MaxScaleUp = 1000, MaxScaleDown = 0","knative.dev/key":"default/genmatrix-00001"}
{"severity":"INFO","timestamp":"2026-06-03T07:18:55.423207513Z","logger":"autoscaler","caller":"scaling/autoscaler.go:314","message":"Autoscaler: stable=0.066343 panic=0.202779 target=3.500000 pods=%!d(float64=1) desired=1 excessBC=-207.000000","knative.dev/key":"default/genmatrix-00001"}
{"severity":"INFO","timestamp":"2026-06-03T07:18:55.423224939Z","logger":"autoscaler","caller":"scaling/autoscaler.go:318","message":"⏱ Autoscaler decision: 88.648µs.","knative.dev/key":"default/genmatrix-00001"}
{"severity":"INFO","timestamp":"2026-06-03T07:18:55.423696142Z","logger":"autoscaler","caller":"scaling/autoscaler.go:207","message":"For metric concurrency observed values: stable = 1.1; panic = 0.9; target = 3.5 Desired StablePodCount = 1, PanicPodCount = 1, ReadyEndpointCount = 1, MaxScaleUp = 1000, MaxScaleDown = 0","knative.dev/key":"default/fastfouriertransform-00001"}
{"severity":"INFO","timestamp":"2026-06-03T07:18:55.423765068Z","logger":"autoscaler","caller":"scaling/autoscaler.go:314","message":"Autoscaler: stable=1.051616 panic=0.886568 target=3.500000 pods=%!d(float64=1) desired=1 excessBC=-207.000000","knative.dev/key":"default/fastfouriertransform-00001"}
{"severity":"INFO","timestamp":"2026-06-03T07:18:55.423856234Z","logger":"autoscaler","caller":"scaling/autoscaler.go:318","message":"⏱ Autoscaler decision: 174.574µs.","knative.dev/key":"default/fastfouriertransform-00001"}
{"severity":"INFO","timestamp":"2026-06-03T07:18:55.424127549Z","logger":"autoscaler","caller":"scaling/autoscaler.go:207","message":"For metric concurrency observed values: stable = 0.2; panic = 0.2; target = 3.5 Desired StablePodCount = 1, PanicPodCount = 1, ReadyEndpointCount = 1, MaxScaleUp = 1000, MaxScaleDown = 0","knative.dev/key":"default/fetchdata-00001"}
{"severity":"INFO","timestamp":"2026-06-03T07:18:55.424149863Z","logger":"autoscaler","caller":"scaling/autoscaler.go:314","message":"Autoscaler: stable=0.204710 panic=0.173009 target=3.500000 pods=%!d(float64=1) desired=1 excessBC=-207.000000","knative.dev/key":"default/fetchdata-00001"}
{"severity":"INFO","timestamp":"2026-06-03T07:18:55.424169752Z","logger":"autoscaler","caller":"scaling/autoscaler.go:318","message":"⏱ Autoscaler decision: 131.592µs.","knative.dev/key":"default/fetchdata-00001"}
{"severity":"INFO","timestamp":"2026-06-03T07:18:57.421373824Z","logger":"autoscaler","caller":"scaling/autoscaler.go:207","message":"For metric concurrency observed values: stable = 1.4; panic = 0.8; target = 3.5 Desired StablePodCount = 1, PanicPodCount = 1, ReadyEndpointCount = 2, MaxScaleUp = 2000, MaxScaleDown = 1","knative.dev/key":"default/linpack-00001"}
{"severity":"INFO","timestamp":"2026-06-03T07:18:57.421420232Z","logger":"autoscaler","caller":"scaling/autoscaler.go:258","message":"Skipping pod count decrease from 2 to 1.","knative.dev/key":"default/linpack-00001"}
{"severity":"INFO","timestamp":"2026-06-03T07:18:57.42144238Z","logger":"autoscaler","caller":"scaling/autoscaler.go:314","message":"Autoscaler: stable=1.355878 panic=0.779488 target=3.500000 pods=%!d(float64=2) desired=2 excessBC=-202.000000","knative.dev/key":"default/linpack-00001"}
{"severity":"INFO","timestamp":"2026-06-03T07:18:57.421465065Z","logger":"autoscaler","caller":"scaling/autoscaler.go:318","message":"⏱ Autoscaler decision: 126.352µs.","knative.dev/key":"default/linpack-00001"}
{"severity":"INFO","timestamp":"2026-06-03T07:18:57.421637713Z","logger":"autoscaler","caller":"scaling/autoscaler.go:207","message":"For metric concurrency observed values: stable = 0.7; panic = 0.7; target = 3.5 Desired StablePodCount = 1, PanicPodCount = 1, ReadyEndpointCount = 1, MaxScaleUp = 1000, MaxScaleDown = 0","knative.dev/key":"default/matrixmul-00001"}
{"severity":"INFO","timestamp":"2026-06-03T07:18:57.421662694Z","logger":"autoscaler","caller":"scaling/autoscaler.go:314","message":"Autoscaler: stable=0.725378 panic=0.709077 target=3.500000 pods=%!d(float64=1) desired=1 excessBC=-207.000000","knative.dev/key":"default/matrixmul-00001"}
{"severity":"INFO","timestamp":"2026-06-03T07:18:57.421683361Z","logger":"autoscaler","caller":"scaling/autoscaler.go:318","message":"⏱ Autoscaler decision: 58.129µs.","knative.dev/key":"default/matrixmul-00001"}
{"severity":"INFO","timestamp":"2026-06-03T07:18:57.422418675Z","logger":"autoscaler","caller":"scaling/autoscaler.go:207","message":"For metric concurrency observed values: stable = 1.0; panic = 0.7; target = 3.5 Desired StablePodCount = 1, PanicPodCount = 1, ReadyEndpointCount = 1, MaxScaleUp = 1000, MaxScaleDown = 0","knative.dev/key":"default/fastfouriertransform-00001"}
{"severity":"INFO","timestamp":"2026-06-03T07:18:57.422454267Z","logger":"autoscaler","caller":"scaling/autoscaler.go:314","message":"Autoscaler: stable=1.037698 panic=0.711655 target=3.500000 pods=%!d(float64=1) desired=1 excessBC=-207.000000","knative.dev/key":"default/fastfouriertransform-00001"}
{"severity":"INFO","timestamp":"2026-06-03T07:18:57.422483989Z","logger":"autoscaler","caller":"scaling/autoscaler.go:318","message":"⏱ Autoscaler decision: 81.111µs.","knative.dev/key":"default/fastfouriertransform-00001"}
{"severity":"INFO","timestamp":"2026-06-03T07:18:57.422740267Z","logger":"autoscaler","caller":"scaling/autoscaler.go:207","message":"For metric concurrency observed values: stable = 0.2; panic = 0.2; target = 3.5 Desired StablePodCount = 1, PanicPodCount = 1, ReadyEndpointCount = 1, MaxScaleUp = 1000, MaxScaleDown = 0","knative.dev/key":"default/fetchdata-00001"}
{"severity":"INFO","timestamp":"2026-06-03T07:18:57.422769007Z","logger":"autoscaler","caller":"scaling/autoscaler.go:314","message":"Autoscaler: stable=0.209622 panic=0.226699 target=3.500000 pods=%!d(float64=1) desired=1 excessBC=-207.000000","knative.dev/key":"default/fetchdata-00001"}
{"severity":"INFO","timestamp":"2026-06-03T07:18:57.422787674Z","logger":"autoscaler","caller":"scaling/autoscaler.go:318","message":"⏱ Autoscaler decision: 69.981µs.","knative.dev/key":"default/fetchdata-00001"}
{"severity":"INFO","timestamp":"2026-06-03T07:18:57.423182729Z","logger":"autoscaler","caller":"scaling/autoscaler.go:207","message":"For metric concurrency observed values: stable = 0.1; panic = 0.2; target = 3.5 Desired StablePodCount = 1, PanicPodCount = 1, ReadyEndpointCount = 1, MaxScaleUp = 1000, MaxScaleDown = 0","knative.dev/key":"default/genmatrix-00001"}
{"severity":"INFO","timestamp":"2026-06-03T07:18:57.423210988Z","logger":"autoscaler","caller":"scaling/autoscaler.go:314","message":"Autoscaler: stable=0.067486 panic=0.227813 target=3.500000 pods=%!d(float64=1) desired=1 excessBC=-207.000000","knative.dev/key":"default/genmatrix-00001"}
{"severity":"INFO","timestamp":"2026-06-03T07:18:57.423371377Z","logger":"autoscaler","caller":"scaling/autoscaler.go:318","message":"⏱ Autoscaler decision: 200.036µs.","knative.dev/key":"default/genmatrix-00001"}
{"severity":"INFO","timestamp":"2026-06-03T07:18:59.421012356Z","logger":"autoscaler","caller":"scaling/autoscaler.go:207","message":"For metric concurrency observed values: stable = 1.3; panic = 0.5; target = 3.5 Desired StablePodCount = 1, PanicPodCount = 1, ReadyEndpointCount = 2, MaxScaleUp = 2000, MaxScaleDown = 1","knative.dev/key":"default/linpack-00001"}
{"severity":"INFO","timestamp":"2026-06-03T07:18:59.421050393Z","logger":"autoscaler","caller":"scaling/autoscaler.go:258","message":"Skipping pod count decrease from 2 to 1.","knative.dev/key":"default/linpack-00001"}
{"severity":"INFO","timestamp":"2026-06-03T07:18:59.421065744Z","logger":"autoscaler","caller":"scaling/autoscaler.go:314","message":"Autoscaler: stable=1.335090 panic=0.480210 target=3.500000 pods=%!d(float64=2) desired=2 excessBC=-202.000000","knative.dev/key":"default/linpack-00001"}
{"severity":"INFO","timestamp":"2026-06-03T07:18:59.421080874Z","logger":"autoscaler","caller":"scaling/autoscaler.go:318","message":"⏱ Autoscaler decision: 85.5µs.","knative.dev/key":"default/linpack-00001"}
{"severity":"INFO","timestamp":"2026-06-03T07:18:59.421763706Z","logger":"autoscaler","caller":"scaling/autoscaler.go:207","message":"For metric concurrency observed values: stable = 0.7; panic = 0.6; target = 3.5 Desired StablePodCount = 1, PanicPodCount = 1, ReadyEndpointCount = 1, MaxScaleUp = 1000, MaxScaleDown = 0","knative.dev/key":"default/matrixmul-00001"}
{"severity":"INFO","timestamp":"2026-06-03T07:18:59.421795762Z","logger":"autoscaler","caller":"scaling/autoscaler.go:314","message":"Autoscaler: stable=0.722809 panic=0.550432 target=3.500000 pods=%!d(float64=1) desired=1 excessBC=-207.000000","knative.dev/key":"default/matrixmul-00001"}
{"severity":"INFO","timestamp":"2026-06-03T07:18:59.421813003Z","logger":"autoscaler","caller":"scaling/autoscaler.go:318","message":"⏱ Autoscaler decision: 78.778µs.","knative.dev/key":"default/matrixmul-00001"}
{"severity":"INFO","timestamp":"2026-06-03T07:18:59.422958242Z","logger":"autoscaler","caller":"scaling/autoscaler.go:207","message":"For metric concurrency observed values: stable = 0.2; panic = 0.2; target = 3.5 Desired StablePodCount = 1, PanicPodCount = 1, ReadyEndpointCount = 1, MaxScaleUp = 1000, MaxScaleDown = 0","knative.dev/key":"default/fetchdata-00001"}
{"severity":"INFO","timestamp":"2026-06-03T07:18:59.422984112Z","logger":"autoscaler","caller":"scaling/autoscaler.go:314","message":"Autoscaler: stable=0.211598 panic=0.209100 target=3.500000 pods=%!d(float64=1) desired=1 excessBC=-207.000000","knative.dev/key":"default/fetchdata-00001"}
{"severity":"INFO","timestamp":"2026-06-03T07:18:59.422996816Z","logger":"autoscaler","caller":"scaling/autoscaler.go:318","message":"⏱ Autoscaler decision: 59.574µs.","knative.dev/key":"default/fetchdata-00001"}
{"severity":"INFO","timestamp":"2026-06-03T07:18:59.423125019Z","logger":"autoscaler","caller":"scaling/autoscaler.go:207","message":"For metric concurrency observed values: stable = 0.1; panic = 0.2; target = 3.5 Desired StablePodCount = 1, PanicPodCount = 1, ReadyEndpointCount = 1, MaxScaleUp = 1000, MaxScaleDown = 0","knative.dev/key":"default/genmatrix-00001"}
{"severity":"INFO","timestamp":"2026-06-03T07:18:59.423143982Z","logger":"autoscaler","caller":"scaling/autoscaler.go:314","message":"Autoscaler: stable=0.068057 panic=0.236923 target=3.500000 pods=%!d(float64=1) desired=1 excessBC=-207.000000","knative.dev/key":"default/genmatrix-00001"}
{"severity":"INFO","timestamp":"2026-06-03T07:18:59.423157593Z","logger":"autoscaler","caller":"scaling/autoscaler.go:318","message":"⏱ Autoscaler decision: 40.334µs.","knative.dev/key":"default/genmatrix-00001"}
{"severity":"INFO","timestamp":"2026-06-03T07:18:59.423297871Z","logger":"autoscaler","caller":"scaling/autoscaler.go:207","message":"For metric concurrency observed values: stable = 1.0; panic = 0.4; target = 3.5 Desired StablePodCount = 1, PanicPodCount = 1, ReadyEndpointCount = 1, MaxScaleUp = 1000, MaxScaleDown = 0","knative.dev/key":"default/fastfouriertransform-00001"}
{"severity":"INFO","timestamp":"2026-06-03T07:18:59.423316982Z","logger":"autoscaler","caller":"scaling/autoscaler.go:314","message":"Autoscaler: stable=0.984496 panic=0.383469 target=3.500000 pods=%!d(float64=1) desired=1 excessBC=-207.000000","knative.dev/key":"default/fastfouriertransform-00001"}
{"severity":"INFO","timestamp":"2026-06-03T07:18:59.423329963Z","logger":"autoscaler","caller":"scaling/autoscaler.go:318","message":"⏱ Autoscaler decision: 42.037µs.","knative.dev/key":"default/fastfouriertransform-00001"}
{"severity":"INFO","timestamp":"2026-06-03T07:19:01.421902719Z","logger":"autoscaler","caller":"scaling/autoscaler.go:207","message":"For metric concurrency observed values: stable = 1.3; panic = 0.2; target = 3.5 Desired StablePodCount = 1, PanicPodCount = 1, ReadyEndpointCount = 2, MaxScaleUp = 2000, MaxScaleDown = 1","knative.dev/key":"default/linpack-00001"}
{"severity":"INFO","timestamp":"2026-06-03T07:19:01.421941144Z","logger":"autoscaler","caller":"scaling/autoscaler.go:258","message":"Skipping pod count decrease from 2 to 1.","knative.dev/key":"default/linpack-00001"}
{"severity":"INFO","timestamp":"2026-06-03T07:19:01.421956404Z","logger":"autoscaler","caller":"scaling/autoscaler.go:314","message":"Autoscaler: stable=1.301137 panic=0.229606 target=3.500000 pods=%!d(float64=2) desired=2 excessBC=-202.000000","knative.dev/key":"default/linpack-00001"}
{"severity":"INFO","timestamp":"2026-06-03T07:19:01.421973478Z","logger":"autoscaler","caller":"scaling/autoscaler.go:318","message":"⏱ Autoscaler decision: 87.259µs.","knative.dev/key":"default/linpack-00001"}
{"severity":"INFO","timestamp":"2026-06-03T07:19:01.422001904Z","logger":"autoscaler","caller":"scaling/autoscaler.go:207","message":"For metric concurrency observed values: stable = 0.7; panic = 0.6; target = 3.5 Desired StablePodCount = 1, PanicPodCount = 1, ReadyEndpointCount = 1, MaxScaleUp = 1000, MaxScaleDown = 0","knative.dev/key":"default/matrixmul-00001"}
{"severity":"INFO","timestamp":"2026-06-03T07:19:01.422012959Z","logger":"autoscaler","caller":"scaling/autoscaler.go:314","message":"Autoscaler: stable=0.731715 panic=0.569733 target=3.500000 pods=%!d(float64=1) desired=1 excessBC=-207.000000","knative.dev/key":"default/matrixmul-00001"}
{"severity":"INFO","timestamp":"2026-06-03T07:19:01.422023237Z","logger":"autoscaler","caller":"scaling/autoscaler.go:318","message":"⏱ Autoscaler decision: 30.723µs.","knative.dev/key":"default/matrixmul-00001"}
{"severity":"INFO","timestamp":"2026-06-03T07:19:01.422844476Z","logger":"autoscaler","caller":"scaling/autoscaler.go:207","message":"For metric concurrency observed values: stable = 0.2; panic = 0.2; target = 3.5 Desired StablePodCount = 1, PanicPodCount = 1, ReadyEndpointCount = 1, MaxScaleUp = 1000, MaxScaleDown = 0","knative.dev/key":"default/fetchdata-00001"}
{"severity":"INFO","timestamp":"2026-06-03T07:19:01.422874069Z","logger":"autoscaler","caller":"scaling/autoscaler.go:314","message":"Autoscaler: stable=0.214815 panic=0.240971 target=3.500000 pods=%!d(float64=1) desired=1 excessBC=-207.000000","knative.dev/key":"default/fetchdata-00001"}
{"severity":"INFO","timestamp":"2026-06-03T07:19:01.422887902Z","logger":"autoscaler","caller":"scaling/autoscaler.go:318","message":"⏱ Autoscaler decision: 71.352µs.","knative.dev/key":"default/fetchdata-00001"}
{"severity":"INFO","timestamp":"2026-06-03T07:19:01.423162346Z","logger":"autoscaler","caller":"scaling/autoscaler.go:207","message":"For metric concurrency observed values: stable = 0.1; panic = 0.0; target = 3.5 Desired StablePodCount = 1, PanicPodCount = 1, ReadyEndpointCount = 1, MaxScaleUp = 1000, MaxScaleDown = 0","knative.dev/key":"default/genmatrix-00001"}
{"severity":"INFO","timestamp":"2026-06-03T07:19:01.423186346Z","logger":"autoscaler","caller":"scaling/autoscaler.go:314","message":"Autoscaler: stable=0.069025 panic=0.029355 target=3.500000 pods=%!d(float64=1) desired=1 excessBC=-207.000000","knative.dev/key":"default/genmatrix-00001"}
{"severity":"INFO","timestamp":"2026-06-03T07:19:01.423198791Z","logger":"autoscaler","caller":"scaling/autoscaler.go:318","message":"⏱ Autoscaler decision: 50.352µs.","knative.dev/key":"default/genmatrix-00001"}
{"severity":"INFO","timestamp":"2026-06-03T07:19:01.423332513Z","logger":"autoscaler","caller":"scaling/autoscaler.go:207","message":"For metric concurrency observed values: stable = 0.9; panic = 0.5; target = 3.5 Desired StablePodCount = 1, PanicPodCount = 1, ReadyEndpointCount = 1, MaxScaleUp = 1000, MaxScaleDown = 0","knative.dev/key":"default/fastfouriertransform-00001"}
{"severity":"INFO","timestamp":"2026-06-03T07:19:01.423351198Z","logger":"autoscaler","caller":"scaling/autoscaler.go:314","message":"Autoscaler: stable=0.885244 panic=0.465223 target=3.500000 pods=%!d(float64=1) desired=1 excessBC=-207.000000","knative.dev/key":"default/fastfouriertransform-00001"}
{"severity":"INFO","timestamp":"2026-06-03T07:19:01.423363698Z","logger":"autoscaler","caller":"scaling/autoscaler.go:318","message":"⏱ Autoscaler decision: 42.518µs.","knative.dev/key":"default/fastfouriertransform-00001"}
{"severity":"INFO","timestamp":"2026-06-03T07:19:03.421415695Z","logger":"autoscaler","caller":"scaling/autoscaler.go:207","message":"For metric concurrency observed values: stable = 1.3; panic = 0.6; target = 3.5 Desired StablePodCount = 1, PanicPodCount = 1, ReadyEndpointCount = 2, MaxScaleUp = 2000, MaxScaleDown = 1","knative.dev/key":"default/linpack-00001"}
{"severity":"INFO","timestamp":"2026-06-03T07:19:03.421465806Z","logger":"autoscaler","caller":"scaling/autoscaler.go:258","message":"Skipping pod count decrease from 2 to 1.","knative.dev/key":"default/linpack-00001"}
{"severity":"INFO","timestamp":"2026-06-03T07:19:03.421491991Z","logger":"autoscaler","caller":"scaling/autoscaler.go:314","message":"Autoscaler: stable=1.323784 panic=0.603064 target=3.500000 pods=%!d(float64=2) desired=2 excessBC=-202.000000","knative.dev/key":"default/linpack-00001"}
{"severity":"INFO","timestamp":"2026-06-03T07:19:03.42151988Z","logger":"autoscaler","caller":"scaling/autoscaler.go:318","message":"⏱ Autoscaler decision: 327.832µs.","knative.dev/key":"default/linpack-00001"}
{"severity":"INFO","timestamp":"2026-06-03T07:19:03.421861657Z","logger":"autoscaler","caller":"scaling/autoscaler.go:207","message":"For metric concurrency observed values: stable = 0.7; panic = 0.7; target = 3.5 Desired StablePodCount = 1, PanicPodCount = 1, ReadyEndpointCount = 1, MaxScaleUp = 1000, MaxScaleDown = 0","knative.dev/key":"default/matrixmul-00001"}
{"severity":"INFO","timestamp":"2026-06-03T07:19:03.421894713Z","logger":"autoscaler","caller":"scaling/autoscaler.go:314","message":"Autoscaler: stable=0.713867 panic=0.652931 target=3.500000 pods=%!d(float64=1) desired=1 excessBC=-207.000000","knative.dev/key":"default/matrixmul-00001"}
{"severity":"INFO","timestamp":"2026-06-03T07:19:03.42191049Z","logger":"autoscaler","caller":"scaling/autoscaler.go:318","message":"⏱ Autoscaler decision: 77.574µs.","knative.dev/key":"default/matrixmul-00001"}
{"severity":"INFO","timestamp":"2026-06-03T07:19:03.423077507Z","logger":"autoscaler","caller":"scaling/autoscaler.go:207","message":"For metric concurrency observed values: stable = 0.2; panic = 0.3; target = 3.5 Desired StablePodCount = 1, PanicPodCount = 1, ReadyEndpointCount = 1, MaxScaleUp = 1000, MaxScaleDown = 0","knative.dev/key":"default/fetchdata-00001"}
{"severity":"INFO","timestamp":"2026-06-03T07:19:03.423105007Z","logger":"autoscaler","caller":"scaling/autoscaler.go:314","message":"Autoscaler: stable=0.217384 panic=0.342133 target=3.500000 pods=%!d(float64=1) desired=1 excessBC=-207.000000","knative.dev/key":"default/fetchdata-00001"}
{"severity":"INFO","timestamp":"2026-06-03T07:19:03.423123044Z","logger":"autoscaler","caller":"scaling/autoscaler.go:318","message":"⏱ Autoscaler decision: 63.722µs.","knative.dev/key":"default/fetchdata-00001"}
{"severity":"INFO","timestamp":"2026-06-03T07:19:03.423160896Z","logger":"autoscaler","caller":"scaling/autoscaler.go:207","message":"For metric concurrency observed values: stable = 0.1; panic = 0.2; target = 3.5 Desired StablePodCount = 1, PanicPodCount = 1, ReadyEndpointCount = 1, MaxScaleUp = 1000, MaxScaleDown = 0","knative.dev/key":"default/genmatrix-00001"}
{"severity":"INFO","timestamp":"2026-06-03T07:19:03.423175155Z","logger":"autoscaler","caller":"scaling/autoscaler.go:314","message":"Autoscaler: stable=0.085028 panic=0.223344 target=3.500000 pods=%!d(float64=1) desired=1 excessBC=-207.000000","knative.dev/key":"default/genmatrix-00001"}
{"severity":"INFO","timestamp":"2026-06-03T07:19:03.42319084Z","logger":"autoscaler","caller":"scaling/autoscaler.go:318","message":"⏱ Autoscaler decision: 40.37µs.","knative.dev/key":"default/genmatrix-00001"}
{"severity":"INFO","timestamp":"2026-06-03T07:19:03.423614636Z","logger":"autoscaler","caller":"scaling/autoscaler.go:207","message":"For metric concurrency observed values: stable = 0.9; panic = 0.4; target = 3.5 Desired StablePodCount = 1, PanicPodCount = 1, ReadyEndpointCount = 1, MaxScaleUp = 1000, MaxScaleDown = 0","knative.dev/key":"default/fastfouriertransform-00001"}
{"severity":"INFO","timestamp":"2026-06-03T07:19:03.423655617Z","logger":"autoscaler","caller":"scaling/autoscaler.go:314","message":"Autoscaler: stable=0.864448 panic=0.409794 target=3.500000 pods=%!d(float64=1) desired=1 excessBC=-207.000000","knative.dev/key":"default/fastfouriertransform-00001"}
{"severity":"INFO","timestamp":"2026-06-03T07:19:03.423771117Z","logger":"autoscaler","caller":"scaling/autoscaler.go:318","message":"⏱ Autoscaler decision: 170.315µs.","knative.dev/key":"default/fastfouriertransform-00001"}
{"severity":"INFO","timestamp":"2026-06-03T07:19:05.42194517Z","logger":"autoscaler","caller":"scaling/autoscaler.go:207","message":"For metric concurrency observed values: stable = 1.3; panic = 0.6; target = 3.5 Desired StablePodCount = 1, PanicPodCount = 1, ReadyEndpointCount = 2, MaxScaleUp = 2000, MaxScaleDown = 1","knative.dev/key":"default/linpack-00001"}
{"severity":"INFO","timestamp":"2026-06-03T07:19:05.422002225Z","logger":"autoscaler","caller":"scaling/autoscaler.go:258","message":"Skipping pod count decrease from 2 to 1.","knative.dev/key":"default/linpack-00001"}
{"severity":"INFO","timestamp":"2026-06-03T07:19:05.422024151Z","logger":"autoscaler","caller":"scaling/autoscaler.go:314","message":"Autoscaler: stable=1.302141 panic=0.587224 target=3.500000 pods=%!d(float64=2) desired=2 excessBC=-202.000000","knative.dev/key":"default/linpack-00001"}
{"severity":"INFO","timestamp":"2026-06-03T07:19:05.422044651Z","logger":"autoscaler","caller":"scaling/autoscaler.go:318","message":"⏱ Autoscaler decision: 117.351µs.","knative.dev/key":"default/linpack-00001"}
{"severity":"INFO","timestamp":"2026-06-03T07:19:05.422077003Z","logger":"autoscaler","caller":"scaling/autoscaler.go:207","message":"For metric concurrency observed values: stable = 0.7; panic = 0.8; target = 3.5 Desired StablePodCount = 1, PanicPodCount = 1, ReadyEndpointCount = 1, MaxScaleUp = 1000, MaxScaleDown = 0","knative.dev/key":"default/matrixmul-00001"}
{"severity":"INFO","timestamp":"2026-06-03T07:19:05.422093577Z","logger":"autoscaler","caller":"scaling/autoscaler.go:314","message":"Autoscaler: stable=0.724339 panic=0.820104 target=3.500000 pods=%!d(float64=1) desired=1 excessBC=-207.000000","knative.dev/key":"default/matrixmul-00001"}
{"severity":"INFO","timestamp":"2026-06-03T07:19:05.422111743Z","logger":"autoscaler","caller":"scaling/autoscaler.go:318","message":"⏱ Autoscaler decision: 409.37µs.","knative.dev/key":"default/matrixmul-00001"}
{"severity":"INFO","timestamp":"2026-06-03T07:19:05.422437206Z","logger":"autoscaler","caller":"scaling/autoscaler.go:207","message":"For metric concurrency observed values: stable = 0.8; panic = 0.4; target = 3.5 Desired StablePodCount = 1, PanicPodCount = 1, ReadyEndpointCount = 1, MaxScaleUp = 1000, MaxScaleDown = 0","knative.dev/key":"default/fastfouriertransform-00001"}
{"severity":"INFO","timestamp":"2026-06-03T07:19:05.422482983Z","logger":"autoscaler","caller":"scaling/autoscaler.go:314","message":"Autoscaler: stable=0.824204 panic=0.449652 target=3.500000 pods=%!d(float64=1) desired=1 excessBC=-207.000000","knative.dev/key":"default/fastfouriertransform-00001"}
{"severity":"INFO","timestamp":"2026-06-03T07:19:05.422507946Z","logger":"autoscaler","caller":"scaling/autoscaler.go:318","message":"⏱ Autoscaler decision: 106.889µs.","knative.dev/key":"default/fastfouriertransform-00001"}
{"severity":"INFO","timestamp":"2026-06-03T07:19:05.422764076Z","logger":"autoscaler","caller":"scaling/autoscaler.go:207","message":"For metric concurrency observed values: stable = 0.2; panic = 0.4; target = 3.5 Desired StablePodCount = 1, PanicPodCount = 1, ReadyEndpointCount = 1, MaxScaleUp = 1000, MaxScaleDown = 0","knative.dev/key":"default/fetchdata-00001"}
{"severity":"INFO","timestamp":"2026-06-03T07:19:05.422805094Z","logger":"autoscaler","caller":"scaling/autoscaler.go:314","message":"Autoscaler: stable=0.221112 panic=0.356612 target=3.500000 pods=%!d(float64=1) desired=1 excessBC=-207.000000","knative.dev/key":"default/fetchdata-00001"}
{"severity":"INFO","timestamp":"2026-06-03T07:19:05.422831298Z","logger":"autoscaler","caller":"scaling/autoscaler.go:318","message":"⏱ Autoscaler decision: 78.259µs.","knative.dev/key":"default/fetchdata-00001"}
{"severity":"INFO","timestamp":"2026-06-03T07:19:05.423178223Z","logger":"autoscaler","caller":"scaling/autoscaler.go:207","message":"For metric concurrency observed values: stable = 0.1; panic = 0.2; target = 3.5 Desired StablePodCount = 1, PanicPodCount = 1, ReadyEndpointCount = 1, MaxScaleUp = 1000, MaxScaleDown = 0","knative.dev/key":"default/genmatrix-00001"}
{"severity":"INFO","timestamp":"2026-06-03T07:19:05.423207871Z","logger":"autoscaler","caller":"scaling/autoscaler.go:314","message":"Autoscaler: stable=0.084446 panic=0.213249 target=3.500000 pods=%!d(float64=1) desired=1 excessBC=-207.000000","knative.dev/key":"default/genmatrix-00001"}
{"severity":"INFO","timestamp":"2026-06-03T07:19:05.423228779Z","logger":"autoscaler","caller":"scaling/autoscaler.go:318","message":"⏱ Autoscaler decision: 72.925µs.","knative.dev/key":"default/genmatrix-00001"}
{"severity":"INFO","timestamp":"2026-06-03T07:19:07.421901219Z","logger":"autoscaler","caller":"scaling/autoscaler.go:207","message":"For metric concurrency observed values: stable = 0.7; panic = 0.7; target = 3.5 Desired StablePodCount = 1, PanicPodCount = 1, ReadyEndpointCount = 1, MaxScaleUp = 1000, MaxScaleDown = 0","knative.dev/key":"default/matrixmul-00001"}
{"severity":"INFO","timestamp":"2026-06-03T07:19:07.42195246Z","logger":"autoscaler","caller":"scaling/autoscaler.go:314","message":"Autoscaler: stable=0.730193 panic=0.689858 target=3.500000 pods=%!d(float64=1) desired=1 excessBC=-207.000000","knative.dev/key":"default/matrixmul-00001"}
{"severity":"INFO","timestamp":"2026-06-03T07:19:07.421976719Z","logger":"autoscaler","caller":"scaling/autoscaler.go:318","message":"⏱ Autoscaler decision: 112.389µs.","knative.dev/key":"default/matrixmul-00001"}
{"severity":"INFO","timestamp":"2026-06-03T07:19:07.422383885Z","logger":"autoscaler","caller":"scaling/autoscaler.go:207","message":"For metric concurrency observed values: stable = 0.8; panic = 0.3; target = 3.5 Desired StablePodCount = 1, PanicPodCount = 1, ReadyEndpointCount = 1, MaxScaleUp = 1000, MaxScaleDown = 0","knative.dev/key":"default/fastfouriertransform-00001"}
{"severity":"INFO","timestamp":"2026-06-03T07:19:07.422420589Z","logger":"autoscaler","caller":"scaling/autoscaler.go:314","message":"Autoscaler: stable=0.804661 panic=0.262607 target=3.500000 pods=%!d(float64=1) desired=1 excessBC=-207.000000","knative.dev/key":"default/fastfouriertransform-00001"}
{"severity":"INFO","timestamp":"2026-06-03T07:19:07.422447718Z","logger":"autoscaler","caller":"scaling/autoscaler.go:318","message":"⏱ Autoscaler decision: 85.185µs.","knative.dev/key":"default/fastfouriertransform-00001"}
{"severity":"INFO","timestamp":"2026-06-03T07:19:07.422489478Z","logger":"autoscaler","caller":"scaling/autoscaler.go:207","message":"For metric concurrency observed values: stable = 1.3; panic = 0.7; target = 3.5 Desired StablePodCount = 1, PanicPodCount = 1, ReadyEndpointCount = 2, MaxScaleUp = 2000, MaxScaleDown = 1","knative.dev/key":"default/linpack-00001"}
{"severity":"INFO","timestamp":"2026-06-03T07:19:07.422504663Z","logger":"autoscaler","caller":"scaling/autoscaler.go:258","message":"Skipping pod count decrease from 2 to 1.","knative.dev/key":"default/linpack-00001"}
{"severity":"INFO","timestamp":"2026-06-03T07:19:07.422520348Z","logger":"autoscaler","caller":"scaling/autoscaler.go:314","message":"Autoscaler: stable=1.318107 panic=0.741618 target=3.500000 pods=%!d(float64=2) desired=2 excessBC=-202.000000","knative.dev/key":"default/linpack-00001"}
{"severity":"INFO","timestamp":"2026-06-03T07:19:07.422537718Z","logger":"autoscaler","caller":"scaling/autoscaler.go:318","message":"⏱ Autoscaler decision: 67.408µs.","knative.dev/key":"default/linpack-00001"}
{"severity":"INFO","timestamp":"2026-06-03T07:19:07.422781885Z","logger":"autoscaler","caller":"scaling/autoscaler.go:207","message":"For metric concurrency observed values: stable = 0.2; panic = 0.3; target = 3.5 Desired StablePodCount = 1, PanicPodCount = 1, ReadyEndpointCount = 1, MaxScaleUp = 1000, MaxScaleDown = 0","knative.dev/key":"default/fetchdata-00001"}
{"severity":"INFO","timestamp":"2026-06-03T07:19:07.422814199Z","logger":"autoscaler","caller":"scaling/autoscaler.go:314","message":"Autoscaler: stable=0.205657 panic=0.304833 target=3.500000 pods=%!d(float64=1) desired=1 excessBC=-207.000000","knative.dev/key":"default/fetchdata-00001"}
{"severity":"INFO","timestamp":"2026-06-03T07:19:07.422834199Z","logger":"autoscaler","caller":"scaling/autoscaler.go:318","message":"⏱ Autoscaler decision: 70.148µs.","knative.dev/key":"default/fetchdata-00001"}
{"severity":"INFO","timestamp":"2026-06-03T07:19:07.423142958Z","logger":"autoscaler","caller":"scaling/autoscaler.go:207","message":"For metric concurrency observed values: stable = 0.1; panic = 0.2; target = 3.5 Desired StablePodCount = 1, PanicPodCount = 1, ReadyEndpointCount = 1, MaxScaleUp = 1000, MaxScaleDown = 0","knative.dev/key":"default/genmatrix-00001"}
{"severity":"INFO","timestamp":"2026-06-03T07:19:07.423178791Z","logger":"autoscaler","caller":"scaling/autoscaler.go:314","message":"Autoscaler: stable=0.084061 panic=0.219955 target=3.500000 pods=%!d(float64=1) desired=1 excessBC=-207.000000","knative.dev/key":"default/genmatrix-00001"}
{"severity":"INFO","timestamp":"2026-06-03T07:19:07.423203736Z","logger":"autoscaler","caller":"scaling/autoscaler.go:318","message":"⏱ Autoscaler decision: 70.093µs.","knative.dev/key":"default/genmatrix-00001"}
{"severity":"INFO","timestamp":"2026-06-03T07:19:09.422125954Z","logger":"autoscaler","caller":"scaling/autoscaler.go:207","message":"For metric concurrency observed values: stable = 1.3; panic = 0.6; target = 3.5 Desired StablePodCount = 1, PanicPodCount = 1, ReadyEndpointCount = 2, MaxScaleUp = 2000, MaxScaleDown = 1","knative.dev/key":"default/linpack-00001"}
{"severity":"INFO","timestamp":"2026-06-03T07:19:09.422199843Z","logger":"autoscaler","caller":"scaling/autoscaler.go:258","message":"Skipping pod count decrease from 2 to 1.","knative.dev/key":"default/linpack-00001"}
{"severity":"INFO","timestamp":"2026-06-03T07:19:09.422221954Z","logger":"autoscaler","caller":"scaling/autoscaler.go:314","message":"Autoscaler: stable=1.298943 panic=0.597305 target=3.500000 pods=%!d(float64=2) desired=2 excessBC=-202.000000","knative.dev/key":"default/linpack-00001"}
{"severity":"INFO","timestamp":"2026-06-03T07:19:09.422242472Z","logger":"autoscaler","caller":"scaling/autoscaler.go:318","message":"⏱ Autoscaler decision: 138.518µs.","knative.dev/key":"default/linpack-00001"}
{"severity":"INFO","timestamp":"2026-06-03T07:19:09.422397583Z","logger":"autoscaler","caller":"scaling/autoscaler.go:207","message":"For metric concurrency observed values: stable = 0.8; panic = 0.4; target = 3.5 Desired StablePodCount = 1, PanicPodCount = 1, ReadyEndpointCount = 1, MaxScaleUp = 1000, MaxScaleDown = 0","knative.dev/key":"default/fastfouriertransform-00001"}
{"severity":"INFO","timestamp":"2026-06-03T07:19:09.422425509Z","logger":"autoscaler","caller":"scaling/autoscaler.go:314","message":"Autoscaler: stable=0.807008 panic=0.365971 target=3.500000 pods=%!d(float64=1) desired=1 excessBC=-207.000000","knative.dev/key":"default/fastfouriertransform-00001"}
{"severity":"INFO","timestamp":"2026-06-03T07:19:09.422445028Z","logger":"autoscaler","caller":"scaling/autoscaler.go:318","message":"⏱ Autoscaler decision: 68.315µs.","knative.dev/key":"default/fastfouriertransform-00001"}
{"severity":"INFO","timestamp":"2026-06-03T07:19:09.42275562Z","logger":"autoscaler","caller":"scaling/autoscaler.go:207","message":"For metric concurrency observed values: stable = 0.2; panic = 0.2; target = 3.5 Desired StablePodCount = 1, PanicPodCount = 1, ReadyEndpointCount = 1, MaxScaleUp = 1000, MaxScaleDown = 0","knative.dev/key":"default/fetchdata-00001"}
{"severity":"INFO","timestamp":"2026-06-03T07:19:09.42279186Z","logger":"autoscaler","caller":"scaling/autoscaler.go:314","message":"Autoscaler: stable=0.203222 panic=0.163496 target=3.500000 pods=%!d(float64=1) desired=1 excessBC=-207.000000","knative.dev/key":"default/fetchdata-00001"}
{"severity":"INFO","timestamp":"2026-06-03T07:19:09.422818027Z","logger":"autoscaler","caller":"scaling/autoscaler.go:318","message":"⏱ Autoscaler decision: 78.463µs.","knative.dev/key":"default/fetchdata-00001"}
{"severity":"INFO","timestamp":"2026-06-03T07:19:09.423031304Z","logger":"autoscaler","caller":"scaling/autoscaler.go:207","message":"For metric concurrency observed values: stable = 0.7; panic = 0.9; target = 3.5 Desired StablePodCount = 1, PanicPodCount = 1, ReadyEndpointCount = 1, MaxScaleUp = 1000, MaxScaleDown = 0","knative.dev/key":"default/matrixmul-00001"}
{"severity":"INFO","timestamp":"2026-06-03T07:19:09.423065712Z","logger":"autoscaler","caller":"scaling/autoscaler.go:314","message":"Autoscaler: stable=0.725893 panic=0.935557 target=3.500000 pods=%!d(float64=1) desired=1 excessBC=-207.000000","knative.dev/key":"default/matrixmul-00001"}
{"severity":"INFO","timestamp":"2026-06-03T07:19:09.423084027Z","logger":"autoscaler","caller":"scaling/autoscaler.go:318","message":"⏱ Autoscaler decision: 1.225405ms.","knative.dev/key":"default/matrixmul-00001"}
{"severity":"INFO","timestamp":"2026-06-03T07:19:09.423216434Z","logger":"autoscaler","caller":"scaling/autoscaler.go:207","message":"For metric concurrency observed values: stable = 0.1; panic = 0.0; target = 3.5 Desired StablePodCount = 1, PanicPodCount = 1, ReadyEndpointCount = 1, MaxScaleUp = 1000, MaxScaleDown = 0","knative.dev/key":"default/genmatrix-00001"}
{"severity":"INFO","timestamp":"2026-06-03T07:19:09.423237063Z","logger":"autoscaler","caller":"scaling/autoscaler.go:314","message":"Autoscaler: stable=0.084971 panic=0.040387 target=3.500000 pods=%!d(float64=1) desired=1 excessBC=-207.000000","knative.dev/key":"default/genmatrix-00001"}
{"severity":"INFO","timestamp":"2026-06-03T07:19:09.423247989Z","logger":"autoscaler","caller":"scaling/autoscaler.go:318","message":"⏱ Autoscaler decision: 44.981µs.","knative.dev/key":"default/genmatrix-00001"}
{"severity":"INFO","timestamp":"2026-06-03T07:19:11.421895226Z","logger":"autoscaler","caller":"scaling/autoscaler.go:207","message":"For metric concurrency observed values: stable = 1.2; panic = 0.6; target = 3.5 Desired StablePodCount = 1, PanicPodCount = 1, ReadyEndpointCount = 2, MaxScaleUp = 2000, MaxScaleDown = 1","knative.dev/key":"default/linpack-00001"}
{"severity":"INFO","timestamp":"2026-06-03T07:19:11.421936819Z","logger":"autoscaler","caller":"scaling/autoscaler.go:258","message":"Skipping pod count decrease from 2 to 1.","knative.dev/key":"default/linpack-00001"}
{"severity":"INFO","timestamp":"2026-06-03T07:19:11.421953523Z","logger":"autoscaler","caller":"scaling/autoscaler.go:314","message":"Autoscaler: stable=1.247649 panic=0.563519 target=3.500000 pods=%!d(float64=2) desired=2 excessBC=-202.000000","knative.dev/key":"default/linpack-00001"}
{"severity":"INFO","timestamp":"2026-06-03T07:19:11.421967911Z","logger":"autoscaler","caller":"scaling/autoscaler.go:318","message":"⏱ Autoscaler decision: 91.519µs.","knative.dev/key":"default/linpack-00001"}
{"severity":"INFO","timestamp":"2026-06-03T07:19:11.421988245Z","logger":"autoscaler","caller":"scaling/autoscaler.go:207","message":"For metric concurrency observed values: stable = 0.7; panic = 0.7; target = 3.5 Desired StablePodCount = 1, PanicPodCount = 1, ReadyEndpointCount = 1, MaxScaleUp = 1000, MaxScaleDown = 0","knative.dev/key":"default/matrixmul-00001"}
{"severity":"INFO","timestamp":"2026-06-03T07:19:11.42199793Z","logger":"autoscaler","caller":"scaling/autoscaler.go:314","message":"Autoscaler: stable=0.729510 panic=0.708966 target=3.500000 pods=%!d(float64=1) desired=1 excessBC=-207.000000","knative.dev/key":"default/matrixmul-00001"}
{"severity":"INFO","timestamp":"2026-06-03T07:19:11.422008078Z","logger":"autoscaler","caller":"scaling/autoscaler.go:318","message":"⏱ Autoscaler decision: 326.388µs.","knative.dev/key":"default/matrixmul-00001"}
{"severity":"INFO","timestamp":"2026-06-03T07:19:11.422438337Z","logger":"autoscaler","caller":"scaling/autoscaler.go:207","message":"For metric concurrency observed values: stable = 0.8; panic = 0.4; target = 3.5 Desired StablePodCount = 1, PanicPodCount = 1, ReadyEndpointCount = 1, MaxScaleUp = 1000, MaxScaleDown = 0","knative.dev/key":"default/fastfouriertransform-00001"}
{"severity":"INFO","timestamp":"2026-06-03T07:19:11.422523744Z","logger":"autoscaler","caller":"scaling/autoscaler.go:314","message":"Autoscaler: stable=0.776778 panic=0.443875 target=3.500000 pods=%!d(float64=1) desired=1 excessBC=-207.000000","knative.dev/key":"default/fastfouriertransform-00001"}
{"severity":"INFO","timestamp":"2026-06-03T07:19:11.422589836Z","logger":"autoscaler","caller":"scaling/autoscaler.go:318","message":"⏱ Autoscaler decision: 184.055µs.","knative.dev/key":"default/fastfouriertransform-00001"}
{"severity":"INFO","timestamp":"2026-06-03T07:19:11.422732595Z","logger":"autoscaler","caller":"scaling/autoscaler.go:207","message":"For metric concurrency observed values: stable = 0.2; panic = 0.3; target = 3.5 Desired StablePodCount = 1, PanicPodCount = 1, ReadyEndpointCount = 1, MaxScaleUp = 1000, MaxScaleDown = 0","knative.dev/key":"default/fetchdata-00001"}
{"severity":"INFO","timestamp":"2026-06-03T07:19:11.422785744Z","logger":"autoscaler","caller":"scaling/autoscaler.go:314","message":"Autoscaler: stable=0.210395 panic=0.269077 target=3.500000 pods=%!d(float64=1) desired=1 excessBC=-207.000000","knative.dev/key":"default/fetchdata-00001"}
{"severity":"INFO","timestamp":"2026-06-03T07:19:11.422828558Z","logger":"autoscaler","caller":"scaling/autoscaler.go:318","message":"⏱ Autoscaler decision: 109.315µs.","knative.dev/key":"default/fetchdata-00001"}
{"severity":"INFO","timestamp":"2026-06-03T07:19:11.423137576Z","logger":"autoscaler","caller":"scaling/autoscaler.go:207","message":"For metric concurrency observed values: stable = 0.1; panic = 0.0; target = 3.5 Desired StablePodCount = 1, PanicPodCount = 1, ReadyEndpointCount = 1, MaxScaleUp = 1000, MaxScaleDown = 0","knative.dev/key":"default/genmatrix-00001"}
{"severity":"INFO","timestamp":"2026-06-03T07:19:11.423155354Z","logger":"autoscaler","caller":"scaling/autoscaler.go:314","message":"Autoscaler: stable=0.085171 panic=0.032592 target=3.500000 pods=%!d(float64=1) desired=1 excessBC=-207.000000","knative.dev/key":"default/genmatrix-00001"}
{"severity":"INFO","timestamp":"2026-06-03T07:19:11.423168317Z","logger":"autoscaler","caller":"scaling/autoscaler.go:318","message":"⏱ Autoscaler decision: 39.13µs.","knative.dev/key":"default/genmatrix-00001"}
{"severity":"INFO","timestamp":"2026-06-03T07:19:13.42186785Z","logger":"autoscaler","caller":"scaling/autoscaler.go:207","message":"For metric concurrency observed values: stable = 1.2; panic = 0.5; target = 3.5 Desired StablePodCount = 1, PanicPodCount = 1, ReadyEndpointCount = 2, MaxScaleUp = 2000, MaxScaleDown = 1","knative.dev/key":"default/linpack-00001"}
{"severity":"INFO","timestamp":"2026-06-03T07:19:13.421898073Z","logger":"autoscaler","caller":"scaling/autoscaler.go:258","message":"Skipping pod count decrease from 2 to 1.","knative.dev/key":"default/linpack-00001"}
{"severity":"INFO","timestamp":"2026-06-03T07:19:13.42191911Z","logger":"autoscaler","caller":"scaling/autoscaler.go:314","message":"Autoscaler: stable=1.241481 panic=0.479451 target=3.500000 pods=%!d(float64=2) desired=2 excessBC=-202.000000","knative.dev/key":"default/linpack-00001"}
{"severity":"INFO","timestamp":"2026-06-03T07:19:13.421934332Z","logger":"autoscaler","caller":"scaling/autoscaler.go:318","message":"⏱ Autoscaler decision: 76.611µs.","knative.dev/key":"default/linpack-00001"}
{"severity":"INFO","timestamp":"2026-06-03T07:19:13.421671962Z","logger":"autoscaler","caller":"scaling/autoscaler.go:207","message":"For metric concurrency observed values: stable = 0.8; panic = 1.4; target = 3.5 Desired StablePodCount = 1, PanicPodCount = 1, ReadyEndpointCount = 1, MaxScaleUp = 1000, MaxScaleDown = 0","knative.dev/key":"default/matrixmul-00001"}
{"severity":"INFO","timestamp":"2026-06-03T07:19:13.421953702Z","logger":"autoscaler","caller":"scaling/autoscaler.go:314","message":"Autoscaler: stable=0.787319 panic=1.399881 target=3.500000 pods=%!d(float64=1) desired=1 excessBC=-208.000000","knative.dev/key":"default/matrixmul-00001"}
{"severity":"INFO","timestamp":"2026-06-03T07:19:13.421963498Z","logger":"autoscaler","caller":"scaling/autoscaler.go:318","message":"⏱ Autoscaler decision: 324.574µs.","knative.dev/key":"default/matrixmul-00001"}
{"severity":"INFO","timestamp":"2026-06-03T07:19:13.422502757Z","logger":"autoscaler","caller":"scaling/autoscaler.go:207","message":"For metric concurrency observed values: stable = 0.8; panic = 0.6; target = 3.5 Desired StablePodCount = 1, PanicPodCount = 1, ReadyEndpointCount = 1, MaxScaleUp = 1000, MaxScaleDown = 0","knative.dev/key":"default/fastfouriertransform-00001"}
{"severity":"INFO","timestamp":"2026-06-03T07:19:13.422600127Z","logger":"autoscaler","caller":"scaling/autoscaler.go:314","message":"Autoscaler: stable=0.776310 panic=0.580562 target=3.500000 pods=%!d(float64=1) desired=1 excessBC=-207.000000","knative.dev/key":"default/fastfouriertransform-00001"}
{"severity":"INFO","timestamp":"2026-06-03T07:19:13.42261622Z","logger":"autoscaler","caller":"scaling/autoscaler.go:318","message":"⏱ Autoscaler decision: 188.722µs.","knative.dev/key":"default/fastfouriertransform-00001"}
{"severity":"INFO","timestamp":"2026-06-03T07:19:13.422765534Z","logger":"autoscaler","caller":"scaling/autoscaler.go:207","message":"For metric concurrency observed values: stable = 0.2; panic = 0.3; target = 3.5 Desired StablePodCount = 1, PanicPodCount = 1, ReadyEndpointCount = 1, MaxScaleUp = 1000, MaxScaleDown = 0","knative.dev/key":"default/fetchdata-00001"}
{"severity":"INFO","timestamp":"2026-06-03T07:19:13.422783534Z","logger":"autoscaler","caller":"scaling/autoscaler.go:314","message":"Autoscaler: stable=0.210983 panic=0.284627 target=3.500000 pods=%!d(float64=1) desired=1 excessBC=-207.000000","knative.dev/key":"default/fetchdata-00001"}
{"severity":"INFO","timestamp":"2026-06-03T07:19:13.422797812Z","logger":"autoscaler","caller":"scaling/autoscaler.go:318","message":"⏱ Autoscaler decision: 42.722µs.","knative.dev/key":"default/fetchdata-00001"}
{"severity":"INFO","timestamp":"2026-06-03T07:19:13.423721088Z","logger":"autoscaler","caller":"scaling/autoscaler.go:207","message":"For metric concurrency observed values: stable = 0.1; panic = 0.0; target = 3.5 Desired StablePodCount = 1, PanicPodCount = 1, ReadyEndpointCount = 1, MaxScaleUp = 1000, MaxScaleDown = 0","knative.dev/key":"default/genmatrix-00001"}
{"severity":"INFO","timestamp":"2026-06-03T07:19:13.424028792Z","logger":"autoscaler","caller":"scaling/autoscaler.go:314","message":"Autoscaler: stable=0.086177 panic=0.027557 target=3.500000 pods=%!d(float64=1) desired=1 excessBC=-207.000000","knative.dev/key":"default/genmatrix-00001"}
{"severity":"INFO","timestamp":"2026-06-03T07:19:13.424139791Z","logger":"autoscaler","caller":"scaling/autoscaler.go:318","message":"⏱ Autoscaler decision: 428.555µs.","knative.dev/key":"default/genmatrix-00001"}
{"severity":"INFO","timestamp":"2026-06-03T07:19:15.421050624Z","logger":"autoscaler","caller":"scaling/autoscaler.go:207","message":"For metric concurrency observed values: stable = 1.2; panic = 0.4; target = 3.5 Desired StablePodCount = 1, PanicPodCount = 1, ReadyEndpointCount = 2, MaxScaleUp = 2000, MaxScaleDown = 1","knative.dev/key":"default/linpack-00001"}
{"severity":"INFO","timestamp":"2026-06-03T07:19:15.421099439Z","logger":"autoscaler","caller":"scaling/autoscaler.go:258","message":"Skipping pod count decrease from 2 to 1.","knative.dev/key":"default/linpack-00001"}
{"severity":"INFO","timestamp":"2026-06-03T07:19:15.42112355Z","logger":"autoscaler","caller":"scaling/autoscaler.go:314","message":"Autoscaler: stable=1.223066 panic=0.350112 target=3.500000 pods=%!d(float64=2) desired=2 excessBC=-202.000000","knative.dev/key":"default/linpack-00001"}
{"severity":"INFO","timestamp":"2026-06-03T07:19:15.421151661Z","logger":"autoscaler","caller":"scaling/autoscaler.go:318","message":"⏱ Autoscaler decision: 120.407µs.","knative.dev/key":"default/linpack-00001"}
{"severity":"INFO","timestamp":"2026-06-03T07:19:15.421847067Z","logger":"autoscaler","caller":"scaling/autoscaler.go:207","message":"For metric concurrency observed values: stable = 0.9; panic = 2.1; target = 3.5 Desired StablePodCount = 1, PanicPodCount = 1, ReadyEndpointCount = 1, MaxScaleUp = 1000, MaxScaleDown = 0","knative.dev/key":"default/matrixmul-00001"}
{"severity":"INFO","timestamp":"2026-06-03T07:19:15.421884752Z","logger":"autoscaler","caller":"scaling/autoscaler.go:314","message":"Autoscaler: stable=0.862562 panic=2.110920 target=3.500000 pods=%!d(float64=1) desired=1 excessBC=-209.000000","knative.dev/key":"default/matrixmul-00001"}
{"severity":"INFO","timestamp":"2026-06-03T07:19:15.421907401Z","logger":"autoscaler","caller":"scaling/autoscaler.go:318","message":"⏱ Autoscaler decision: 90.945µs.","knative.dev/key":"default/matrixmul-00001"}
{"severity":"INFO","timestamp":"2026-06-03T07:19:15.423086288Z","logger":"autoscaler","caller":"scaling/autoscaler.go:207","message":"For metric concurrency observed values: stable = 0.2; panic = 0.3; target = 3.5 Desired StablePodCount = 1, PanicPodCount = 1, ReadyEndpointCount = 1, MaxScaleUp = 1000, MaxScaleDown = 0","knative.dev/key":"default/fetchdata-00001"}
{"severity":"INFO","timestamp":"2026-06-03T07:19:15.423120732Z","logger":"autoscaler","caller":"scaling/autoscaler.go:314","message":"Autoscaler: stable=0.212755 panic=0.304504 target=3.500000 pods=%!d(float64=1) desired=1 excessBC=-207.000000","knative.dev/key":"default/fetchdata-00001"}
{"severity":"INFO","timestamp":"2026-06-03T07:19:15.423142028Z","logger":"autoscaler","caller":"scaling/autoscaler.go:318","message":"⏱ Autoscaler decision: 80.148µs.","knative.dev/key":"default/fetchdata-00001"}
{"severity":"INFO","timestamp":"2026-06-03T07:19:15.423178454Z","logger":"autoscaler","caller":"scaling/autoscaler.go:207","message":"For metric concurrency observed values: stable = 0.1; panic = 0.0; target = 3.5 Desired StablePodCount = 1, PanicPodCount = 1, ReadyEndpointCount = 1, MaxScaleUp = 1000, MaxScaleDown = 0","knative.dev/key":"default/genmatrix-00001"}
{"severity":"INFO","timestamp":"2026-06-03T07:19:15.423193528Z","logger":"autoscaler","caller":"scaling/autoscaler.go:314","message":"Autoscaler: stable=0.070269 panic=0.037280 target=3.500000 pods=%!d(float64=1) desired=1 excessBC=-207.000000","knative.dev/key":"default/genmatrix-00001"}
{"severity":"INFO","timestamp":"2026-06-03T07:19:15.423209825Z","logger":"autoscaler","caller":"scaling/autoscaler.go:318","message":"⏱ Autoscaler decision: 43.018µs.","knative.dev/key":"default/genmatrix-00001"}
{"severity":"INFO","timestamp":"2026-06-03T07:19:15.42395786Z","logger":"autoscaler","caller":"scaling/autoscaler.go:207","message":"For metric concurrency observed values: stable = 0.7; panic = 0.7; target = 3.5 Desired StablePodCount = 1, PanicPodCount = 1, ReadyEndpointCount = 1, MaxScaleUp = 1000, MaxScaleDown = 0","knative.dev/key":"default/fastfouriertransform-00001"}
{"severity":"INFO","timestamp":"2026-06-03T07:19:15.424003212Z","logger":"autoscaler","caller":"scaling/autoscaler.go:314","message":"Autoscaler: stable=0.745798 panic=0.657254 target=3.500000 pods=%!d(float64=1) desired=1 excessBC=-207.000000","knative.dev/key":"default/fastfouriertransform-00001"}
{"severity":"INFO","timestamp":"2026-06-03T07:19:15.424029083Z","logger":"autoscaler","caller":"scaling/autoscaler.go:318","message":"⏱ Autoscaler decision: 88.259µs.","knative.dev/key":"default/fastfouriertransform-00001"}
{"severity":"INFO","timestamp":"2026-06-03T07:19:17.4213898Z","logger":"autoscaler","caller":"scaling/autoscaler.go:207","message":"For metric concurrency observed values: stable = 1.3; panic = 0.6; target = 3.5 Desired StablePodCount = 1, PanicPodCount = 1, ReadyEndpointCount = 2, MaxScaleUp = 2000, MaxScaleDown = 1","knative.dev/key":"default/linpack-00001"}
{"severity":"INFO","timestamp":"2026-06-03T07:19:17.421438559Z","logger":"autoscaler","caller":"scaling/autoscaler.go:258","message":"Skipping pod count decrease from 2 to 1.","knative.dev/key":"default/linpack-00001"}
{"severity":"INFO","timestamp":"2026-06-03T07:19:17.42146654Z","logger":"autoscaler","caller":"scaling/autoscaler.go:314","message":"Autoscaler: stable=1.251614 panic=0.635107 target=3.500000 pods=%!d(float64=2) desired=2 excessBC=-202.000000","knative.dev/key":"default/linpack-00001"}
{"severity":"INFO","timestamp":"2026-06-03T07:19:17.421488244Z","logger":"autoscaler","caller":"scaling/autoscaler.go:318","message":"⏱ Autoscaler decision: 138.574µs.","knative.dev/key":"default/linpack-00001"}
{"severity":"INFO","timestamp":"2026-06-03T07:19:17.421658577Z","logger":"autoscaler","caller":"scaling/autoscaler.go:207","message":"For metric concurrency observed values: stable = 0.9; panic = 2.3; target = 3.5 Desired StablePodCount = 1, PanicPodCount = 1, ReadyEndpointCount = 1, MaxScaleUp = 1000, MaxScaleDown = 0","knative.dev/key":"default/matrixmul-00001"}
{"severity":"INFO","timestamp":"2026-06-03T07:19:17.421686022Z","logger":"autoscaler","caller":"scaling/autoscaler.go:314","message":"Autoscaler: stable=0.882915 panic=2.319547 target=3.500000 pods=%!d(float64=1) desired=1 excessBC=-209.000000","knative.dev/key":"default/matrixmul-00001"}
{"severity":"INFO","timestamp":"2026-06-03T07:19:17.421705262Z","logger":"autoscaler","caller":"scaling/autoscaler.go:318","message":"⏱ Autoscaler decision: 67.851µs.","knative.dev/key":"default/matrixmul-00001"}
{"severity":"INFO","timestamp":"2026-06-03T07:19:17.422404206Z","logger":"autoscaler","caller":"scaling/autoscaler.go:207","message":"For metric concurrency observed values: stable = 0.7; panic = 0.7; target = 3.5 Desired StablePodCount = 1, PanicPodCount = 1, ReadyEndpointCount = 1, MaxScaleUp = 1000, MaxScaleDown = 0","knative.dev/key":"default/fastfouriertransform-00001"}
{"severity":"INFO","timestamp":"2026-06-03T07:19:17.422438336Z","logger":"autoscaler","caller":"scaling/autoscaler.go:314","message":"Autoscaler: stable=0.711972 panic=0.739585 target=3.500000 pods=%!d(float64=1) desired=1 excessBC=-207.000000","knative.dev/key":"default/fastfouriertransform-00001"}
{"severity":"INFO","timestamp":"2026-06-03T07:19:17.422459521Z","logger":"autoscaler","caller":"scaling/autoscaler.go:318","message":"⏱ Autoscaler decision: 70.685µs.","knative.dev/key":"default/fastfouriertransform-00001"}
{"severity":"INFO","timestamp":"2026-06-03T07:19:17.422781965Z","logger":"autoscaler","caller":"scaling/autoscaler.go:207","message":"For metric concurrency observed values: stable = 0.2; panic = 0.1; target = 3.5 Desired StablePodCount = 1, PanicPodCount = 1, ReadyEndpointCount = 1, MaxScaleUp = 1000, MaxScaleDown = 0","knative.dev/key":"default/fetchdata-00001"}
{"severity":"INFO","timestamp":"2026-06-03T07:19:17.422819465Z","logger":"autoscaler","caller":"scaling/autoscaler.go:314","message":"Autoscaler: stable=0.212605 panic=0.138182 target=3.500000 pods=%!d(float64=1) desired=1 excessBC=-207.000000","knative.dev/key":"default/fetchdata-00001"}
{"severity":"INFO","timestamp":"2026-06-03T07:19:17.422842354Z","logger":"autoscaler","caller":"scaling/autoscaler.go:318","message":"⏱ Autoscaler decision: 82.5µs.","knative.dev/key":"default/fetchdata-00001"}
{"severity":"INFO","timestamp":"2026-06-03T07:19:17.423216113Z","logger":"autoscaler","caller":"scaling/autoscaler.go:207","message":"For metric concurrency observed values: stable = 0.1; panic = 0.0; target = 3.5 Desired StablePodCount = 1, PanicPodCount = 1, ReadyEndpointCount = 1, MaxScaleUp = 1000, MaxScaleDown = 0","knative.dev/key":"default/genmatrix-00001"}
{"severity":"INFO","timestamp":"2026-06-03T07:19:17.423245557Z","logger":"autoscaler","caller":"scaling/autoscaler.go:314","message":"Autoscaler: stable=0.070130 panic=0.039453 target=3.500000 pods=%!d(float64=1) desired=1 excessBC=-207.000000","knative.dev/key":"default/genmatrix-00001"}
{"severity":"INFO","timestamp":"2026-06-03T07:19:17.423335131Z","logger":"autoscaler","caller":"scaling/autoscaler.go:318","message":"⏱ Autoscaler decision: 71.259µs.","knative.dev/key":"default/genmatrix-00001"}
{"severity":"INFO","timestamp":"2026-06-03T07:19:19.421242844Z","logger":"autoscaler","caller":"scaling/autoscaler.go:207","message":"For metric concurrency observed values: stable = 1.2; panic = 0.5; target = 3.5 Desired StablePodCount = 1, PanicPodCount = 1, ReadyEndpointCount = 2, MaxScaleUp = 2000, MaxScaleDown = 1","knative.dev/key":"default/linpack-00001"}
{"severity":"INFO","timestamp":"2026-06-03T07:19:19.421498158Z","logger":"autoscaler","caller":"scaling/autoscaler.go:258","message":"Skipping pod count decrease from 2 to 1.","knative.dev/key":"default/linpack-00001"}
{"severity":"INFO","timestamp":"2026-06-03T07:19:19.421533806Z","logger":"autoscaler","caller":"scaling/autoscaler.go:314","message":"Autoscaler: stable=1.243244 panic=0.533599 target=3.500000 pods=%!d(float64=2) desired=2 excessBC=-202.000000","knative.dev/key":"default/linpack-00001"}
{"severity":"INFO","timestamp":"2026-06-03T07:19:19.421561417Z","logger":"autoscaler","caller":"scaling/autoscaler.go:318","message":"⏱ Autoscaler decision: 351.685µs.","knative.dev/key":"default/linpack-00001"}
{"severity":"INFO","timestamp":"2026-06-03T07:19:19.421910491Z","logger":"autoscaler","caller":"scaling/autoscaler.go:207","message":"For metric concurrency observed values: stable = 0.8; panic = 1.7; target = 3.5 Desired StablePodCount = 1, PanicPodCount = 1, ReadyEndpointCount = 1, MaxScaleUp = 1000, MaxScaleDown = 0","knative.dev/key":"default/matrixmul-00001"}
{"severity":"INFO","timestamp":"2026-06-03T07:19:19.421956825Z","logger":"autoscaler","caller":"scaling/autoscaler.go:314","message":"Autoscaler: stable=0.827595 panic=1.694973 target=3.500000 pods=%!d(float64=1) desired=1 excessBC=-208.000000","knative.dev/key":"default/matrixmul-00001"}
{"severity":"INFO","timestamp":"2026-06-03T07:19:19.421979565Z","logger":"autoscaler","caller":"scaling/autoscaler.go:318","message":"⏱ Autoscaler decision: 107.5µs.","knative.dev/key":"default/matrixmul-00001"}
{"severity":"INFO","timestamp":"2026-06-03T07:19:19.423145361Z","logger":"autoscaler","caller":"scaling/autoscaler.go:207","message":"For metric concurrency observed values: stable = 0.1; panic = 0.0; target = 3.5 Desired StablePodCount = 1, PanicPodCount = 1, ReadyEndpointCount = 1, MaxScaleUp = 1000, MaxScaleDown = 0","knative.dev/key":"default/genmatrix-00001"}
{"severity":"INFO","timestamp":"2026-06-03T07:19:19.423171435Z","logger":"autoscaler","caller":"scaling/autoscaler.go:314","message":"Autoscaler: stable=0.068642 panic=0.022535 target=3.500000 pods=%!d(float64=1) desired=1 excessBC=-207.000000","knative.dev/key":"default/genmatrix-00001"}
{"severity":"INFO","timestamp":"2026-06-03T07:19:19.423191546Z","logger":"autoscaler","caller":"scaling/autoscaler.go:318","message":"⏱ Autoscaler decision: 65.593µs.","knative.dev/key":"default/genmatrix-00001"}
{"severity":"INFO","timestamp":"2026-06-03T07:19:19.423762675Z","logger":"autoscaler","caller":"scaling/autoscaler.go:207","message":"For metric concurrency observed values: stable = 0.7; panic = 0.8; target = 3.5 Desired StablePodCount = 1, PanicPodCount = 1, ReadyEndpointCount = 1, MaxScaleUp = 1000, MaxScaleDown = 0","knative.dev/key":"default/fastfouriertransform-00001"}
{"severity":"INFO","timestamp":"2026-06-03T07:19:19.423872027Z","logger":"autoscaler","caller":"scaling/autoscaler.go:314","message":"Autoscaler: stable=0.718803 panic=0.793741 target=3.500000 pods=%!d(float64=1) desired=1 excessBC=-207.000000","knative.dev/key":"default/fastfouriertransform-00001"}
{"severity":"INFO","timestamp":"2026-06-03T07:19:19.42389786Z","logger":"autoscaler","caller":"scaling/autoscaler.go:318","message":"⏱ Autoscaler decision: 152.111µs.","knative.dev/key":"default/fastfouriertransform-00001"}
{"severity":"INFO","timestamp":"2026-06-03T07:19:19.423951082Z","logger":"autoscaler","caller":"scaling/autoscaler.go:207","message":"For metric concurrency observed values: stable = 0.2; panic = 0.3; target = 3.5 Desired StablePodCount = 1, PanicPodCount = 1, ReadyEndpointCount = 1, MaxScaleUp = 1000, MaxScaleDown = 0","knative.dev/key":"default/fetchdata-00001"}
{"severity":"INFO","timestamp":"2026-06-03T07:19:19.424035082Z","logger":"autoscaler","caller":"scaling/autoscaler.go:314","message":"Autoscaler: stable=0.226095 panic=0.265303 target=3.500000 pods=%!d(float64=1) desired=1 excessBC=-207.000000","knative.dev/key":"default/fetchdata-00001"}
{"severity":"INFO","timestamp":"2026-06-03T07:19:19.424057026Z","logger":"autoscaler","caller":"scaling/autoscaler.go:318","message":"⏱ Autoscaler decision: 122.167µs.","knative.dev/key":"default/fetchdata-00001"}
{"severity":"INFO","timestamp":"2026-06-03T07:19:21.421848735Z","logger":"autoscaler","caller":"scaling/autoscaler.go:207","message":"For metric concurrency observed values: stable = 0.8; panic = 0.9; target = 3.5 Desired StablePodCount = 1, PanicPodCount = 1, ReadyEndpointCount = 1, MaxScaleUp = 1000, MaxScaleDown = 0","knative.dev/key":"default/matrixmul-00001"}
{"severity":"INFO","timestamp":"2026-06-03T07:19:21.421902679Z","logger":"autoscaler","caller":"scaling/autoscaler.go:314","message":"Autoscaler: stable=0.809582 panic=0.947770 target=3.500000 pods=%!d(float64=1) desired=1 excessBC=-207.000000","knative.dev/key":"default/matrixmul-00001"}
{"severity":"INFO","timestamp":"2026-06-03T07:19:21.421926642Z","logger":"autoscaler","caller":"scaling/autoscaler.go:318","message":"⏱ Autoscaler decision: 116.851µs.","knative.dev/key":"default/matrixmul-00001"}
{"severity":"INFO","timestamp":"2026-06-03T07:19:21.422248012Z","logger":"autoscaler","caller":"scaling/autoscaler.go:207","message":"For metric concurrency observed values: stable = 1.2; panic = 0.5; target = 3.5 Desired StablePodCount = 1, PanicPodCount = 1, ReadyEndpointCount = 2, MaxScaleUp = 2000, MaxScaleDown = 1","knative.dev/key":"default/linpack-00001"}
{"severity":"INFO","timestamp":"2026-06-03T07:19:21.422292938Z","logger":"autoscaler","caller":"scaling/autoscaler.go:258","message":"Skipping pod count decrease from 2 to 1.","knative.dev/key":"default/linpack-00001"}
{"severity":"INFO","timestamp":"2026-06-03T07:19:21.422313142Z","logger":"autoscaler","caller":"scaling/autoscaler.go:314","message":"Autoscaler: stable=1.230920 panic=0.521991 target=3.500000 pods=%!d(float64=2) desired=2 excessBC=-202.000000","knative.dev/key":"default/linpack-00001"}
{"severity":"INFO","timestamp":"2026-06-03T07:19:21.422333419Z","logger":"autoscaler","caller":"scaling/autoscaler.go:318","message":"⏱ Autoscaler decision: 115.259µs.","knative.dev/key":"default/linpack-00001"}
{"severity":"INFO","timestamp":"2026-06-03T07:19:21.422381938Z","logger":"autoscaler","caller":"scaling/autoscaler.go:207","message":"For metric concurrency observed values: stable = 0.8; panic = 1.4; target = 3.5 Desired StablePodCount = 1, PanicPodCount = 1, ReadyEndpointCount = 1, MaxScaleUp = 1000, MaxScaleDown = 0","knative.dev/key":"default/fastfouriertransform-00001"}
{"severity":"INFO","timestamp":"2026-06-03T07:19:21.422428845Z","logger":"autoscaler","caller":"scaling/autoscaler.go:314","message":"Autoscaler: stable=0.788179 panic=1.372344 target=3.500000 pods=%!d(float64=1) desired=1 excessBC=-208.000000","knative.dev/key":"default/fastfouriertransform-00001"}
{"severity":"INFO","timestamp":"2026-06-03T07:19:21.422447642Z","logger":"autoscaler","caller":"scaling/autoscaler.go:318","message":"⏱ Autoscaler decision: 76.852µs.","knative.dev/key":"default/fastfouriertransform-00001"}
{"severity":"INFO","timestamp":"2026-06-03T07:19:21.42279266Z","logger":"autoscaler","caller":"scaling/autoscaler.go:207","message":"For metric concurrency observed values: stable = 0.2; panic = 0.3; target = 3.5 Desired StablePodCount = 1, PanicPodCount = 1, ReadyEndpointCount = 1, MaxScaleUp = 1000, MaxScaleDown = 0","knative.dev/key":"default/fetchdata-00001"}
{"severity":"INFO","timestamp":"2026-06-03T07:19:21.422830049Z","logger":"autoscaler","caller":"scaling/autoscaler.go:314","message":"Autoscaler: stable=0.226499 panic=0.321278 target=3.500000 pods=%!d(float64=1) desired=1 excessBC=-207.000000","knative.dev/key":"default/fetchdata-00001"}
{"severity":"INFO","timestamp":"2026-06-03T07:19:21.422858012Z","logger":"autoscaler","caller":"scaling/autoscaler.go:318","message":"⏱ Autoscaler decision: 84.982µs.","knative.dev/key":"default/fetchdata-00001"}
{"severity":"INFO","timestamp":"2026-06-03T07:19:21.423157363Z","logger":"autoscaler","caller":"scaling/autoscaler.go:207","message":"For metric concurrency observed values: stable = 0.1; panic = 0.0; target = 3.5 Desired StablePodCount = 1, PanicPodCount = 1, ReadyEndpointCount = 1, MaxScaleUp = 1000, MaxScaleDown = 0","knative.dev/key":"default/genmatrix-00001"}
{"severity":"INFO","timestamp":"2026-06-03T07:19:21.423184252Z","logger":"autoscaler","caller":"scaling/autoscaler.go:314","message":"Autoscaler: stable=0.068330 panic=0.023758 target=3.500000 pods=%!d(float64=1) desired=1 excessBC=-207.000000","knative.dev/key":"default/genmatrix-00001"}
{"severity":"INFO","timestamp":"2026-06-03T07:19:21.42328453Z","logger":"autoscaler","caller":"scaling/autoscaler.go:318","message":"⏱ Autoscaler decision: 137.722µs.","knative.dev/key":"default/genmatrix-00001"}
{"severity":"INFO","timestamp":"2026-06-03T07:19:23.421585604Z","logger":"autoscaler","caller":"scaling/autoscaler.go:207","message":"For metric concurrency observed values: stable = 1.2; panic = 0.5; target = 3.5 Desired StablePodCount = 1, PanicPodCount = 1, ReadyEndpointCount = 2, MaxScaleUp = 2000, MaxScaleDown = 1","knative.dev/key":"default/linpack-00001"}
{"severity":"INFO","timestamp":"2026-06-03T07:19:23.421645437Z","logger":"autoscaler","caller":"scaling/autoscaler.go:207","message":"For metric concurrency observed values: stable = 0.8; panic = 0.7; target = 3.5 Desired StablePodCount = 1, PanicPodCount = 1, ReadyEndpointCount = 1, MaxScaleUp = 1000, MaxScaleDown = 0","knative.dev/key":"default/matrixmul-00001"}
{"severity":"INFO","timestamp":"2026-06-03T07:19:23.421660344Z","logger":"autoscaler","caller":"scaling/autoscaler.go:314","message":"Autoscaler: stable=0.818307 panic=0.699310 target=3.500000 pods=%!d(float64=1) desired=1 excessBC=-207.000000","knative.dev/key":"default/matrixmul-00001"}
{"severity":"INFO","timestamp":"2026-06-03T07:19:23.421679011Z","logger":"autoscaler","caller":"scaling/autoscaler.go:318","message":"⏱ Autoscaler decision: 51.611µs.","knative.dev/key":"default/matrixmul-00001"}
{"severity":"INFO","timestamp":"2026-06-03T07:19:23.421864511Z","logger":"autoscaler","caller":"scaling/autoscaler.go:258","message":"Skipping pod count decrease from 2 to 1.","knative.dev/key":"default/linpack-00001"}
{"severity":"INFO","timestamp":"2026-06-03T07:19:23.421888066Z","logger":"autoscaler","caller":"scaling/autoscaler.go:314","message":"Autoscaler: stable=1.198379 panic=0.477480 target=3.500000 pods=%!d(float64=2) desired=2 excessBC=-202.000000","knative.dev/key":"default/linpack-00001"}
{"severity":"INFO","timestamp":"2026-06-03T07:19:23.421902363Z","logger":"autoscaler","caller":"scaling/autoscaler.go:318","message":"⏱ Autoscaler decision: 344.463µs.","knative.dev/key":"default/linpack-00001"}
{"severity":"INFO","timestamp":"2026-06-03T07:19:23.422375751Z","logger":"autoscaler","caller":"scaling/autoscaler.go:207","message":"For metric concurrency observed values: stable = 0.8; panic = 1.2; target = 3.5 Desired StablePodCount = 1, PanicPodCount = 1, ReadyEndpointCount = 1, MaxScaleUp = 1000, MaxScaleDown = 0","knative.dev/key":"default/fastfouriertransform-00001"}
{"severity":"INFO","timestamp":"2026-06-03T07:19:23.422399251Z","logger":"autoscaler","caller":"scaling/autoscaler.go:314","message":"Autoscaler: stable=0.783986 panic=1.156312 target=3.500000 pods=%!d(float64=1) desired=1 excessBC=-208.000000","knative.dev/key":"default/fastfouriertransform-00001"}
{"severity":"INFO","timestamp":"2026-06-03T07:19:23.422414603Z","logger":"autoscaler","caller":"scaling/autoscaler.go:318","message":"⏱ Autoscaler decision: 49.852µs.","knative.dev/key":"default/fastfouriertransform-00001"}
{"severity":"INFO","timestamp":"2026-06-03T07:19:23.42315401Z","logger":"autoscaler","caller":"scaling/autoscaler.go:207","message":"For metric concurrency observed values: stable = 0.1; panic = 0.1; target = 3.5 Desired StablePodCount = 1, PanicPodCount = 1, ReadyEndpointCount = 1, MaxScaleUp = 1000, MaxScaleDown = 0","knative.dev/key":"default/genmatrix-00001"}
{"severity":"INFO","timestamp":"2026-06-03T07:19:23.423179639Z","logger":"autoscaler","caller":"scaling/autoscaler.go:314","message":"Autoscaler: stable=0.069057 panic=0.058429 target=3.500000 pods=%!d(float64=1) desired=1 excessBC=-207.000000","knative.dev/key":"default/genmatrix-00001"}
{"severity":"INFO","timestamp":"2026-06-03T07:19:23.423194158Z","logger":"autoscaler","caller":"scaling/autoscaler.go:318","message":"⏱ Autoscaler decision: 51.018µs.","knative.dev/key":"default/genmatrix-00001"}
{"severity":"INFO","timestamp":"2026-06-03T07:19:23.423323991Z","logger":"autoscaler","caller":"scaling/autoscaler.go:207","message":"For metric concurrency observed values: stable = 0.2; panic = 0.3; target = 3.5 Desired StablePodCount = 1, PanicPodCount = 1, ReadyEndpointCount = 1, MaxScaleUp = 1000, MaxScaleDown = 0","knative.dev/key":"default/fetchdata-00001"}
{"severity":"INFO","timestamp":"2026-06-03T07:19:23.423341102Z","logger":"autoscaler","caller":"scaling/autoscaler.go:314","message":"Autoscaler: stable=0.223241 panic=0.302529 target=3.500000 pods=%!d(float64=1) desired=1 excessBC=-207.000000","knative.dev/key":"default/fetchdata-00001"}
{"severity":"INFO","timestamp":"2026-06-03T07:19:23.423350491Z","logger":"autoscaler","caller":"scaling/autoscaler.go:318","message":"⏱ Autoscaler decision: 37.426µs.","knative.dev/key":"default/fetchdata-00001"}
{"severity":"INFO","timestamp":"2026-06-03T07:19:25.421641023Z","logger":"autoscaler","caller":"scaling/autoscaler.go:207","message":"For metric concurrency observed values: stable = 0.8; panic = 0.7; target = 3.5 Desired StablePodCount = 1, PanicPodCount = 1, ReadyEndpointCount = 1, MaxScaleUp = 1000, MaxScaleDown = 0","knative.dev/key":"default/matrixmul-00001"}
{"severity":"INFO","timestamp":"2026-06-03T07:19:25.421679338Z","logger":"autoscaler","caller":"scaling/autoscaler.go:314","message":"Autoscaler: stable=0.831144 panic=0.650079 target=3.500000 pods=%!d(float64=1) desired=1 excessBC=-207.000000","knative.dev/key":"default/matrixmul-00001"}
{"severity":"INFO","timestamp":"2026-06-03T07:19:25.421615801Z","logger":"autoscaler","caller":"scaling/autoscaler.go:207","message":"For metric concurrency observed values: stable = 1.2; panic = 0.5; target = 3.5 Desired StablePodCount = 1, PanicPodCount = 1, ReadyEndpointCount = 2, MaxScaleUp = 2000, MaxScaleDown = 1","knative.dev/key":"default/linpack-00001"}
{"severity":"INFO","timestamp":"2026-06-03T07:19:25.421923079Z","logger":"autoscaler","caller":"scaling/autoscaler.go:258","message":"Skipping pod count decrease from 2 to 1.","knative.dev/key":"default/linpack-00001"}
{"severity":"INFO","timestamp":"2026-06-03T07:19:25.421938931Z","logger":"autoscaler","caller":"scaling/autoscaler.go:314","message":"Autoscaler: stable=1.177819 panic=0.460096 target=3.500000 pods=%!d(float64=2) desired=2 excessBC=-202.000000","knative.dev/key":"default/linpack-00001"}
{"severity":"INFO","timestamp":"2026-06-03T07:19:25.421962671Z","logger":"autoscaler","caller":"scaling/autoscaler.go:318","message":"⏱ Autoscaler decision: 378.925µs.","knative.dev/key":"default/linpack-00001"}
{"severity":"INFO","timestamp":"2026-06-03T07:19:25.421696246Z","logger":"autoscaler","caller":"scaling/autoscaler.go:318","message":"⏱ Autoscaler decision: 69.889µs.","knative.dev/key":"default/matrixmul-00001"}
{"severity":"INFO","timestamp":"2026-06-03T07:19:25.422387227Z","logger":"autoscaler","caller":"scaling/autoscaler.go:207","message":"For metric concurrency observed values: stable = 0.8; panic = 0.5; target = 3.5 Desired StablePodCount = 1, PanicPodCount = 1, ReadyEndpointCount = 1, MaxScaleUp = 1000, MaxScaleDown = 0","knative.dev/key":"default/fastfouriertransform-00001"}
{"severity":"INFO","timestamp":"2026-06-03T07:19:25.422410671Z","logger":"autoscaler","caller":"scaling/autoscaler.go:314","message":"Autoscaler: stable=0.800672 panic=0.534577 target=3.500000 pods=%!d(float64=1) desired=1 excessBC=-207.000000","knative.dev/key":"default/fastfouriertransform-00001"}
{"severity":"INFO","timestamp":"2026-06-03T07:19:25.422424097Z","logger":"autoscaler","caller":"scaling/autoscaler.go:318","message":"⏱ Autoscaler decision: 50.815µs.","knative.dev/key":"default/fastfouriertransform-00001"}
{"severity":"INFO","timestamp":"2026-06-03T07:19:25.422752226Z","logger":"autoscaler","caller":"scaling/autoscaler.go:207","message":"For metric concurrency observed values: stable = 0.2; panic = 0.2; target = 3.5 Desired StablePodCount = 1, PanicPodCount = 1, ReadyEndpointCount = 1, MaxScaleUp = 1000, MaxScaleDown = 0","knative.dev/key":"default/fetchdata-00001"}
{"severity":"INFO","timestamp":"2026-06-03T07:19:25.422772819Z","logger":"autoscaler","caller":"scaling/autoscaler.go:314","message":"Autoscaler: stable=0.224775 panic=0.174123 target=3.500000 pods=%!d(float64=1) desired=1 excessBC=-207.000000","knative.dev/key":"default/fetchdata-00001"}
{"severity":"INFO","timestamp":"2026-06-03T07:19:25.4227953Z","logger":"autoscaler","caller":"scaling/autoscaler.go:318","message":"⏱ Autoscaler decision: 50.278µs.","knative.dev/key":"default/fetchdata-00001"}
{"severity":"INFO","timestamp":"2026-06-03T07:19:25.423188318Z","logger":"autoscaler","caller":"scaling/autoscaler.go:207","message":"For metric concurrency observed values: stable = 0.1; panic = 0.0; target = 3.5 Desired StablePodCount = 1, PanicPodCount = 1, ReadyEndpointCount = 1, MaxScaleUp = 1000, MaxScaleDown = 0","knative.dev/key":"default/genmatrix-00001"}
{"severity":"INFO","timestamp":"2026-06-03T07:19:25.423213633Z","logger":"autoscaler","caller":"scaling/autoscaler.go:314","message":"Autoscaler: stable=0.068349 panic=0.044448 target=3.500000 pods=%!d(float64=1) desired=1 excessBC=-207.000000","knative.dev/key":"default/genmatrix-00001"}
{"severity":"INFO","timestamp":"2026-06-03T07:19:25.423227948Z","logger":"autoscaler","caller":"scaling/autoscaler.go:318","message":"⏱ Autoscaler decision: 62.592µs.","knative.dev/key":"default/genmatrix-00001"}
{"severity":"INFO","timestamp":"2026-06-03T07:19:27.42139531Z","logger":"autoscaler","caller":"scaling/autoscaler.go:207","message":"For metric concurrency observed values: stable = 1.1; panic = 0.5; target = 3.5 Desired StablePodCount = 1, PanicPodCount = 1, ReadyEndpointCount = 2, MaxScaleUp = 2000, MaxScaleDown = 1","knative.dev/key":"default/linpack-00001"}
{"severity":"INFO","timestamp":"2026-06-03T07:19:27.421441773Z","logger":"autoscaler","caller":"scaling/autoscaler.go:258","message":"Skipping pod count decrease from 2 to 1.","knative.dev/key":"default/linpack-00001"}
{"severity":"INFO","timestamp":"2026-06-03T07:19:27.421464458Z","logger":"autoscaler","caller":"scaling/autoscaler.go:314","message":"Autoscaler: stable=1.081579 panic=0.461724 target=3.500000 pods=%!d(float64=2) desired=2 excessBC=-202.000000","knative.dev/key":"default/linpack-00001"}
{"severity":"INFO","timestamp":"2026-06-03T07:19:27.421486106Z","logger":"autoscaler","caller":"scaling/autoscaler.go:318","message":"⏱ Autoscaler decision: 126.425µs.","knative.dev/key":"default/linpack-00001"}
{"severity":"INFO","timestamp":"2026-06-03T07:19:27.421684402Z","logger":"autoscaler","caller":"scaling/autoscaler.go:207","message":"For metric concurrency observed values: stable = 0.9; panic = 1.1; target = 3.5 Desired StablePodCount = 1, PanicPodCount = 1, ReadyEndpointCount = 1, MaxScaleUp = 1000, MaxScaleDown = 0","knative.dev/key":"default/matrixmul-00001"}
{"severity":"INFO","timestamp":"2026-06-03T07:19:27.421840421Z","logger":"autoscaler","caller":"scaling/autoscaler.go:314","message":"Autoscaler: stable=0.877809 panic=1.094931 target=3.500000 pods=%!d(float64=1) desired=1 excessBC=-208.000000","knative.dev/key":"default/matrixmul-00001"}
{"severity":"INFO","timestamp":"2026-06-03T07:19:27.421891161Z","logger":"autoscaler","caller":"scaling/autoscaler.go:318","message":"⏱ Autoscaler decision: 218.834µs.","knative.dev/key":"default/matrixmul-00001"}
{"severity":"INFO","timestamp":"2026-06-03T07:19:27.422562975Z","logger":"autoscaler","caller":"scaling/autoscaler.go:207","message":"For metric concurrency observed values: stable = 0.8; panic = 0.9; target = 3.5 Desired StablePodCount = 1, PanicPodCount = 1, ReadyEndpointCount = 1, MaxScaleUp = 1000, MaxScaleDown = 0","knative.dev/key":"default/fastfouriertransform-00001"}
{"severity":"INFO","timestamp":"2026-06-03T07:19:27.422601401Z","logger":"autoscaler","caller":"scaling/autoscaler.go:314","message":"Autoscaler: stable=0.818655 panic=0.850831 target=3.500000 pods=%!d(float64=1) desired=1 excessBC=-207.000000","knative.dev/key":"default/fastfouriertransform-00001"}
{"severity":"INFO","timestamp":"2026-06-03T07:19:27.422618827Z","logger":"autoscaler","caller":"scaling/autoscaler.go:318","message":"⏱ Autoscaler decision: 83.222µs.","knative.dev/key":"default/fastfouriertransform-00001"}
{"severity":"INFO","timestamp":"2026-06-03T07:19:27.422775679Z","logger":"autoscaler","caller":"scaling/autoscaler.go:207","message":"For metric concurrency observed values: stable = 0.2; panic = 0.2; target = 3.5 Desired StablePodCount = 1, PanicPodCount = 1, ReadyEndpointCount = 1, MaxScaleUp = 1000, MaxScaleDown = 0","knative.dev/key":"default/fetchdata-00001"}
{"severity":"INFO","timestamp":"2026-06-03T07:19:27.422801938Z","logger":"autoscaler","caller":"scaling/autoscaler.go:314","message":"Autoscaler: stable=0.224116 panic=0.194881 target=3.500000 pods=%!d(float64=1) desired=1 excessBC=-207.000000","knative.dev/key":"default/fetchdata-00001"}
{"severity":"INFO","timestamp":"2026-06-03T07:19:27.422872975Z","logger":"autoscaler","caller":"scaling/autoscaler.go:318","message":"⏱ Autoscaler decision: 122.055µs.","knative.dev/key":"default/fetchdata-00001"}
{"severity":"INFO","timestamp":"2026-06-03T07:19:27.423151253Z","logger":"autoscaler","caller":"scaling/autoscaler.go:207","message":"For metric concurrency observed values: stable = 0.1; panic = 0.2; target = 3.5 Desired StablePodCount = 1, PanicPodCount = 1, ReadyEndpointCount = 1, MaxScaleUp = 1000, MaxScaleDown = 0","knative.dev/key":"default/genmatrix-00001"}
{"severity":"INFO","timestamp":"2026-06-03T07:19:27.423210716Z","logger":"autoscaler","caller":"scaling/autoscaler.go:314","message":"Autoscaler: stable=0.085749 panic=0.228002 target=3.500000 pods=%!d(float64=1) desired=1 excessBC=-207.000000","knative.dev/key":"default/genmatrix-00001"}
{"severity":"INFO","timestamp":"2026-06-03T07:19:27.423237012Z","logger":"autoscaler","caller":"scaling/autoscaler.go:318","message":"⏱ Autoscaler decision: 105.463µs.","knative.dev/key":"default/genmatrix-00001"}
{"severity":"INFO","timestamp":"2026-06-03T07:19:29.42129424Z","logger":"autoscaler","caller":"scaling/autoscaler.go:207","message":"For metric concurrency observed values: stable = 1.1; panic = 0.3; target = 3.5 Desired StablePodCount = 1, PanicPodCount = 1, ReadyEndpointCount = 2, MaxScaleUp = 2000, MaxScaleDown = 1","knative.dev/key":"default/linpack-00001"}
{"severity":"INFO","timestamp":"2026-06-03T07:19:29.421346406Z","logger":"autoscaler","caller":"scaling/autoscaler.go:258","message":"Skipping pod count decrease from 2 to 1.","knative.dev/key":"default/linpack-00001"}
{"severity":"INFO","timestamp":"2026-06-03T07:19:29.421368795Z","logger":"autoscaler","caller":"scaling/autoscaler.go:314","message":"Autoscaler: stable=1.076109 panic=0.341943 target=3.500000 pods=%!d(float64=2) desired=2 excessBC=-202.000000","knative.dev/key":"default/linpack-00001"}
{"severity":"INFO","timestamp":"2026-06-03T07:19:29.421390388Z","logger":"autoscaler","caller":"scaling/autoscaler.go:318","message":"⏱ Autoscaler decision: 346.944µs.","knative.dev/key":"default/linpack-00001"}
{"severity":"INFO","timestamp":"2026-06-03T07:19:29.421771073Z","logger":"autoscaler","caller":"scaling/autoscaler.go:207","message":"For metric concurrency observed values: stable = 0.8; panic = 0.9; target = 3.5 Desired StablePodCount = 1, PanicPodCount = 1, ReadyEndpointCount = 1, MaxScaleUp = 1000, MaxScaleDown = 0","knative.dev/key":"default/matrixmul-00001"}
{"severity":"INFO","timestamp":"2026-06-03T07:19:29.421997813Z","logger":"autoscaler","caller":"scaling/autoscaler.go:314","message":"Autoscaler: stable=0.825008 panic=0.902525 target=3.500000 pods=%!d(float64=1) desired=1 excessBC=-207.000000","knative.dev/key":"default/matrixmul-00001"}
{"severity":"INFO","timestamp":"2026-06-03T07:19:29.422034406Z","logger":"autoscaler","caller":"scaling/autoscaler.go:318","message":"⏱ Autoscaler decision: 289.5µs.","knative.dev/key":"default/matrixmul-00001"}
{"severity":"INFO","timestamp":"2026-06-03T07:19:29.423218442Z","logger":"autoscaler","caller":"scaling/autoscaler.go:207","message":"For metric concurrency observed values: stable = 0.1; panic = 0.2; target = 3.5 Desired StablePodCount = 1, PanicPodCount = 1, ReadyEndpointCount = 1, MaxScaleUp = 1000, MaxScaleDown = 0","knative.dev/key":"default/genmatrix-00001"}
{"severity":"INFO","timestamp":"2026-06-03T07:19:29.423256645Z","logger":"autoscaler","caller":"scaling/autoscaler.go:314","message":"Autoscaler: stable=0.087484 panic=0.249983 target=3.500000 pods=%!d(float64=1) desired=1 excessBC=-207.000000","knative.dev/key":"default/genmatrix-00001"}
{"severity":"INFO","timestamp":"2026-06-03T07:19:29.423279182Z","logger":"autoscaler","caller":"scaling/autoscaler.go:318","message":"⏱ Autoscaler decision: 85.667µs.","knative.dev/key":"default/genmatrix-00001"}
{"severity":"INFO","timestamp":"2026-06-03T07:19:29.424283459Z","logger":"autoscaler","caller":"scaling/autoscaler.go:207","message":"For metric concurrency observed values: stable = 0.8; panic = 1.2; target = 3.5 Desired StablePodCount = 1, PanicPodCount = 1, ReadyEndpointCount = 1, MaxScaleUp = 1000, MaxScaleDown = 0","knative.dev/key":"default/fastfouriertransform-00001"}
{"severity":"INFO","timestamp":"2026-06-03T07:19:29.424319404Z","logger":"autoscaler","caller":"scaling/autoscaler.go:314","message":"Autoscaler: stable=0.829578 panic=1.208782 target=3.500000 pods=%!d(float64=1) desired=1 excessBC=-208.000000","knative.dev/key":"default/fastfouriertransform-00001"}
{"severity":"INFO","timestamp":"2026-06-03T07:19:29.424340774Z","logger":"autoscaler","caller":"scaling/autoscaler.go:318","message":"⏱ Autoscaler decision: 139.778µs.","knative.dev/key":"default/fastfouriertransform-00001"}
{"severity":"INFO","timestamp":"2026-06-03T07:19:29.4243792Z","logger":"autoscaler","caller":"scaling/autoscaler.go:207","message":"For metric concurrency observed values: stable = 0.2; panic = 0.2; target = 3.5 Desired StablePodCount = 1, PanicPodCount = 1, ReadyEndpointCount = 1, MaxScaleUp = 1000, MaxScaleDown = 0","knative.dev/key":"default/fetchdata-00001"}
{"severity":"INFO","timestamp":"2026-06-03T07:19:29.424397089Z","logger":"autoscaler","caller":"scaling/autoscaler.go:314","message":"Autoscaler: stable=0.221377 panic=0.160563 target=3.500000 pods=%!d(float64=1) desired=1 excessBC=-207.000000","knative.dev/key":"default/fetchdata-00001"}
{"severity":"INFO","timestamp":"2026-06-03T07:19:29.424415385Z","logger":"autoscaler","caller":"scaling/autoscaler.go:318","message":"⏱ Autoscaler decision: 47.889µs.","knative.dev/key":"default/fetchdata-00001"}
{"severity":"INFO","timestamp":"2026-06-03T07:19:31.421243277Z","logger":"autoscaler","caller":"scaling/autoscaler.go:207","message":"For metric concurrency observed values: stable = 1.0; panic = 0.4; target = 3.5 Desired StablePodCount = 1, PanicPodCount = 1, ReadyEndpointCount = 2, MaxScaleUp = 2000, MaxScaleDown = 1","knative.dev/key":"default/linpack-00001"}
{"severity":"INFO","timestamp":"2026-06-03T07:19:31.421301832Z","logger":"autoscaler","caller":"scaling/autoscaler.go:258","message":"Skipping pod count decrease from 2 to 1.","knative.dev/key":"default/linpack-00001"}
{"severity":"INFO","timestamp":"2026-06-03T07:19:31.421325388Z","logger":"autoscaler","caller":"scaling/autoscaler.go:314","message":"Autoscaler: stable=1.027098 panic=0.415205 target=3.500000 pods=%!d(float64=2) desired=2 excessBC=-202.000000","knative.dev/key":"default/linpack-00001"}
{"severity":"INFO","timestamp":"2026-06-03T07:19:31.421365091Z","logger":"autoscaler","caller":"scaling/autoscaler.go:318","message":"⏱ Autoscaler decision: 159.167µs.","knative.dev/key":"default/linpack-00001"}
{"severity":"INFO","timestamp":"2026-06-03T07:19:31.421876461Z","logger":"autoscaler","caller":"scaling/autoscaler.go:207","message":"For metric concurrency observed values: stable = 0.9; panic = 0.8; target = 3.5 Desired StablePodCount = 1, PanicPodCount = 1, ReadyEndpointCount = 1, MaxScaleUp = 1000, MaxScaleDown = 0","knative.dev/key":"default/matrixmul-00001"}
{"severity":"INFO","timestamp":"2026-06-03T07:19:31.421927295Z","logger":"autoscaler","caller":"scaling/autoscaler.go:314","message":"Autoscaler: stable=0.852339 panic=0.821294 target=3.500000 pods=%!d(float64=1) desired=1 excessBC=-207.000000","knative.dev/key":"default/matrixmul-00001"}
{"severity":"INFO","timestamp":"2026-06-03T07:19:31.421951554Z","logger":"autoscaler","caller":"scaling/autoscaler.go:318","message":"⏱ Autoscaler decision: 323.333µs.","knative.dev/key":"default/matrixmul-00001"}
{"severity":"INFO","timestamp":"2026-06-03T07:19:31.422570979Z","logger":"autoscaler","caller":"scaling/autoscaler.go:207","message":"For metric concurrency observed values: stable = 0.8; panic = 0.8; target = 3.5 Desired StablePodCount = 1, PanicPodCount = 1, ReadyEndpointCount = 1, MaxScaleUp = 1000, MaxScaleDown = 0","knative.dev/key":"default/fastfouriertransform-00001"}
{"severity":"INFO","timestamp":"2026-06-03T07:19:31.42260309Z","logger":"autoscaler","caller":"scaling/autoscaler.go:314","message":"Autoscaler: stable=0.775131 panic=0.757224 target=3.500000 pods=%!d(float64=1) desired=1 excessBC=-207.000000","knative.dev/key":"default/fastfouriertransform-00001"}
{"severity":"INFO","timestamp":"2026-06-03T07:19:31.422622924Z","logger":"autoscaler","caller":"scaling/autoscaler.go:318","message":"⏱ Autoscaler decision: 74.333µs.","knative.dev/key":"default/fastfouriertransform-00001"}
{"severity":"INFO","timestamp":"2026-06-03T07:19:31.42272972Z","logger":"autoscaler","caller":"scaling/autoscaler.go:207","message":"For metric concurrency observed values: stable = 0.2; panic = 0.2; target = 3.5 Desired StablePodCount = 1, PanicPodCount = 1, ReadyEndpointCount = 1, MaxScaleUp = 1000, MaxScaleDown = 0","knative.dev/key":"default/fetchdata-00001"}
{"severity":"INFO","timestamp":"2026-06-03T07:19:31.422752516Z","logger":"autoscaler","caller":"scaling/autoscaler.go:314","message":"Autoscaler: stable=0.222310 panic=0.168200 target=3.500000 pods=%!d(float64=1) desired=1 excessBC=-207.000000","knative.dev/key":"default/fetchdata-00001"}
{"severity":"INFO","timestamp":"2026-06-03T07:19:31.422780942Z","logger":"autoscaler","caller":"scaling/autoscaler.go:318","message":"⏱ Autoscaler decision: 59.926µs.","knative.dev/key":"default/fetchdata-00001"}
{"severity":"INFO","timestamp":"2026-06-03T07:19:31.423154145Z","logger":"autoscaler","caller":"scaling/autoscaler.go:207","message":"For metric concurrency observed values: stable = 0.1; panic = 0.1; target = 3.5 Desired StablePodCount = 1, PanicPodCount = 1, ReadyEndpointCount = 1, MaxScaleUp = 1000, MaxScaleDown = 0","knative.dev/key":"default/genmatrix-00001"}
{"severity":"INFO","timestamp":"2026-06-03T07:19:31.423190034Z","logger":"autoscaler","caller":"scaling/autoscaler.go:314","message":"Autoscaler: stable=0.088543 panic=0.068542 target=3.500000 pods=%!d(float64=1) desired=1 excessBC=-207.000000","knative.dev/key":"default/genmatrix-00001"}
{"severity":"INFO","timestamp":"2026-06-03T07:19:31.423368275Z","logger":"autoscaler","caller":"scaling/autoscaler.go:318","message":"⏱ Autoscaler decision: 223.222µs.","knative.dev/key":"default/genmatrix-00001"}
{"severity":"INFO","timestamp":"2026-06-03T07:19:33.421560994Z","logger":"autoscaler","caller":"scaling/autoscaler.go:207","message":"For metric concurrency observed values: stable = 0.9; panic = 0.3; target = 3.5 Desired StablePodCount = 1, PanicPodCount = 1, ReadyEndpointCount = 2, MaxScaleUp = 2000, MaxScaleDown = 1","knative.dev/key":"default/linpack-00001"}
{"severity":"INFO","timestamp":"2026-06-03T07:19:33.421613142Z","logger":"autoscaler","caller":"scaling/autoscaler.go:258","message":"Skipping pod count decrease from 2 to 1.","knative.dev/key":"default/linpack-00001"}
{"severity":"INFO","timestamp":"2026-06-03T07:19:33.421641679Z","logger":"autoscaler","caller":"scaling/autoscaler.go:314","message":"Autoscaler: stable=0.897927 panic=0.291475 target=3.500000 pods=%!d(float64=2) desired=2 excessBC=-202.000000","knative.dev/key":"default/linpack-00001"}
{"severity":"INFO","timestamp":"2026-06-03T07:19:33.421665661Z","logger":"autoscaler","caller":"scaling/autoscaler.go:318","message":"⏱ Autoscaler decision: 349.37µs.","knative.dev/key":"default/linpack-00001"}
{"severity":"INFO","timestamp":"2026-06-03T07:19:33.421708216Z","logger":"autoscaler","caller":"scaling/autoscaler.go:207","message":"For metric concurrency observed values: stable = 0.9; panic = 0.9; target = 3.5 Desired StablePodCount = 1, PanicPodCount = 1, ReadyEndpointCount = 1, MaxScaleUp = 1000, MaxScaleDown = 0","knative.dev/key":"default/matrixmul-00001"}
{"severity":"INFO","timestamp":"2026-06-03T07:19:33.421724568Z","logger":"autoscaler","caller":"scaling/autoscaler.go:314","message":"Autoscaler: stable=0.865399 panic=0.894390 target=3.500000 pods=%!d(float64=1) desired=1 excessBC=-207.000000","knative.dev/key":"default/matrixmul-00001"}
{"severity":"INFO","timestamp":"2026-06-03T07:19:33.421741642Z","logger":"autoscaler","caller":"scaling/autoscaler.go:318","message":"⏱ Autoscaler decision: 49.5µs.","knative.dev/key":"default/matrixmul-00001"}
{"severity":"INFO","timestamp":"2026-06-03T07:19:33.423281604Z","logger":"autoscaler","caller":"scaling/autoscaler.go:207","message":"For metric concurrency observed values: stable = 0.1; panic = 0.0; target = 3.5 Desired StablePodCount = 1, PanicPodCount = 1, ReadyEndpointCount = 1, MaxScaleUp = 1000, MaxScaleDown = 0","knative.dev/key":"default/genmatrix-00001"}
{"severity":"INFO","timestamp":"2026-06-03T07:19:33.4233244Z","logger":"autoscaler","caller":"scaling/autoscaler.go:314","message":"Autoscaler: stable=0.088639 panic=0.049786 target=3.500000 pods=%!d(float64=1) desired=1 excessBC=-207.000000","knative.dev/key":"default/genmatrix-00001"}
{"severity":"INFO","timestamp":"2026-06-03T07:19:33.423456974Z","logger":"autoscaler","caller":"scaling/autoscaler.go:318","message":"⏱ Autoscaler decision: 251.204µs.","knative.dev/key":"default/genmatrix-00001"}
{"severity":"INFO","timestamp":"2026-06-03T07:19:33.42437201Z","logger":"autoscaler","caller":"scaling/autoscaler.go:207","message":"For metric concurrency observed values: stable = 0.8; panic = 0.4; target = 3.5 Desired StablePodCount = 1, PanicPodCount = 1, ReadyEndpointCount = 1, MaxScaleUp = 1000, MaxScaleDown = 0","knative.dev/key":"default/fastfouriertransform-00001"}
{"severity":"INFO","timestamp":"2026-06-03T07:19:33.424434251Z","logger":"autoscaler","caller":"scaling/autoscaler.go:314","message":"Autoscaler: stable=0.773494 panic=0.370863 target=3.500000 pods=%!d(float64=1) desired=1 excessBC=-207.000000","knative.dev/key":"default/fastfouriertransform-00001"}
{"severity":"INFO","timestamp":"2026-06-03T07:19:33.424459473Z","logger":"autoscaler","caller":"scaling/autoscaler.go:318","message":"⏱ Autoscaler decision: 105.907µs.","knative.dev/key":"default/fastfouriertransform-00001"}
{"severity":"INFO","timestamp":"2026-06-03T07:19:33.42453451Z","logger":"autoscaler","caller":"scaling/autoscaler.go:207","message":"For metric concurrency observed values: stable = 0.2; panic = 0.2; target = 3.5 Desired StablePodCount = 1, PanicPodCount = 1, ReadyEndpointCount = 1, MaxScaleUp = 1000, MaxScaleDown = 0","knative.dev/key":"default/fetchdata-00001"}
{"severity":"INFO","timestamp":"2026-06-03T07:19:33.424557454Z","logger":"autoscaler","caller":"scaling/autoscaler.go:314","message":"Autoscaler: stable=0.222992 panic=0.178431 target=3.500000 pods=%!d(float64=1) desired=1 excessBC=-207.000000","knative.dev/key":"default/fetchdata-00001"}
{"severity":"INFO","timestamp":"2026-06-03T07:19:33.424602751Z","logger":"autoscaler","caller":"scaling/autoscaler.go:318","message":"⏱ Autoscaler decision: 82.093µs.","knative.dev/key":"default/fetchdata-00001"}
{"severity":"INFO","timestamp":"2026-06-03T07:19:35.42150756Z","logger":"autoscaler","caller":"scaling/autoscaler.go:207","message":"For metric concurrency observed values: stable = 0.7; panic = 0.3; target = 3.5 Desired StablePodCount = 1, PanicPodCount = 1, ReadyEndpointCount = 2, MaxScaleUp = 2000, MaxScaleDown = 1","knative.dev/key":"default/linpack-00001"}
{"severity":"INFO","timestamp":"2026-06-03T07:19:35.421550689Z","logger":"autoscaler","caller":"scaling/autoscaler.go:258","message":"Skipping pod count decrease from 2 to 1.","knative.dev/key":"default/linpack-00001"}
{"severity":"INFO","timestamp":"2026-06-03T07:19:35.421567263Z","logger":"autoscaler","caller":"scaling/autoscaler.go:314","message":"Autoscaler: stable=0.732819 panic=0.348534 target=3.500000 pods=%!d(float64=2) desired=2 excessBC=-202.000000","knative.dev/key":"default/linpack-00001"}
{"severity":"INFO","timestamp":"2026-06-03T07:19:35.421582449Z","logger":"autoscaler","caller":"scaling/autoscaler.go:318","message":"⏱ Autoscaler decision: 102.037µs.","knative.dev/key":"default/linpack-00001"}
{"severity":"INFO","timestamp":"2026-06-03T07:19:35.421648689Z","logger":"autoscaler","caller":"scaling/autoscaler.go:207","message":"For metric concurrency observed values: stable = 0.9; panic = 0.6; target = 3.5 Desired StablePodCount = 1, PanicPodCount = 1, ReadyEndpointCount = 1, MaxScaleUp = 1000, MaxScaleDown = 0","knative.dev/key":"default/matrixmul-00001"}
{"severity":"INFO","timestamp":"2026-06-03T07:19:35.421662226Z","logger":"autoscaler","caller":"scaling/autoscaler.go:314","message":"Autoscaler: stable=0.860260 panic=0.649344 target=3.500000 pods=%!d(float64=1) desired=1 excessBC=-207.000000","knative.dev/key":"default/matrixmul-00001"}
{"severity":"INFO","timestamp":"2026-06-03T07:19:35.421752782Z","logger":"autoscaler","caller":"scaling/autoscaler.go:318","message":"⏱ Autoscaler decision: 109.463µs.","knative.dev/key":"default/matrixmul-00001"}
{"severity":"INFO","timestamp":"2026-06-03T07:19:35.422426374Z","logger":"autoscaler","caller":"scaling/autoscaler.go:207","message":"For metric concurrency observed values: stable = 0.8; panic = 0.4; target = 3.5 Desired StablePodCount = 1, PanicPodCount = 1, ReadyEndpointCount = 1, MaxScaleUp = 1000, MaxScaleDown = 0","knative.dev/key":"default/fastfouriertransform-00001"}
{"severity":"INFO","timestamp":"2026-06-03T07:19:35.422454411Z","logger":"autoscaler","caller":"scaling/autoscaler.go:314","message":"Autoscaler: stable=0.753904 panic=0.434937 target=3.500000 pods=%!d(float64=1) desired=1 excessBC=-207.000000","knative.dev/key":"default/fastfouriertransform-00001"}
{"severity":"INFO","timestamp":"2026-06-03T07:19:35.422469207Z","logger":"autoscaler","caller":"scaling/autoscaler.go:318","message":"⏱ Autoscaler decision: 64.407µs.","knative.dev/key":"default/fastfouriertransform-00001"}
{"severity":"INFO","timestamp":"2026-06-03T07:19:35.42274541Z","logger":"autoscaler","caller":"scaling/autoscaler.go:207","message":"For metric concurrency observed values: stable = 0.2; panic = 0.2; target = 3.5 Desired StablePodCount = 1, PanicPodCount = 1, ReadyEndpointCount = 1, MaxScaleUp = 1000, MaxScaleDown = 0","knative.dev/key":"default/fetchdata-00001"}
{"severity":"INFO","timestamp":"2026-06-03T07:19:35.422762022Z","logger":"autoscaler","caller":"scaling/autoscaler.go:314","message":"Autoscaler: stable=0.225734 panic=0.175496 target=3.500000 pods=%!d(float64=1) desired=1 excessBC=-207.000000","knative.dev/key":"default/fetchdata-00001"}
{"severity":"INFO","timestamp":"2026-06-03T07:19:35.42277454Z","logger":"autoscaler","caller":"scaling/autoscaler.go:318","message":"⏱ Autoscaler decision: 39.074µs.","knative.dev/key":"default/fetchdata-00001"}
{"severity":"INFO","timestamp":"2026-06-03T07:19:35.423330706Z","logger":"autoscaler","caller":"scaling/autoscaler.go:207","message":"For metric concurrency observed values: stable = 0.1; panic = 0.0; target = 3.5 Desired StablePodCount = 1, PanicPodCount = 1, ReadyEndpointCount = 1, MaxScaleUp = 1000, MaxScaleDown = 0","knative.dev/key":"default/genmatrix-00001"}
{"severity":"INFO","timestamp":"2026-06-03T07:19:35.423356817Z","logger":"autoscaler","caller":"scaling/autoscaler.go:314","message":"Autoscaler: stable=0.086486 panic=0.024881 target=3.500000 pods=%!d(float64=1) desired=1 excessBC=-207.000000","knative.dev/key":"default/genmatrix-00001"}
{"severity":"INFO","timestamp":"2026-06-03T07:19:35.423380521Z","logger":"autoscaler","caller":"scaling/autoscaler.go:318","message":"⏱ Autoscaler decision: 66.092µs.","knative.dev/key":"default/genmatrix-00001"}
{"severity":"INFO","timestamp":"2026-06-03T07:19:37.421436584Z","logger":"autoscaler","caller":"scaling/autoscaler.go:207","message":"For metric concurrency observed values: stable = 0.6; panic = 0.3; target = 3.5 Desired StablePodCount = 1, PanicPodCount = 1, ReadyEndpointCount = 2, MaxScaleUp = 2000, MaxScaleDown = 1","knative.dev/key":"default/linpack-00001"}
{"severity":"INFO","timestamp":"2026-06-03T07:19:37.421483936Z","logger":"autoscaler","caller":"scaling/autoscaler.go:258","message":"Skipping pod count decrease from 2 to 1.","knative.dev/key":"default/linpack-00001"}
{"severity":"INFO","timestamp":"2026-06-03T07:19:37.421498769Z","logger":"autoscaler","caller":"scaling/autoscaler.go:314","message":"Autoscaler: stable=0.562595 panic=0.285257 target=3.500000 pods=%!d(float64=2) desired=2 excessBC=-202.000000","knative.dev/key":"default/linpack-00001"}
{"severity":"INFO","timestamp":"2026-06-03T07:19:37.421513954Z","logger":"autoscaler","caller":"scaling/autoscaler.go:318","message":"⏱ Autoscaler decision: 265.87µs.","knative.dev/key":"default/linpack-00001"}
{"severity":"INFO","timestamp":"2026-06-03T07:19:37.421862509Z","logger":"autoscaler","caller":"scaling/autoscaler.go:207","message":"For metric concurrency observed values: stable = 0.9; panic = 0.4; target = 3.5 Desired StablePodCount = 1, PanicPodCount = 1, ReadyEndpointCount = 1, MaxScaleUp = 1000, MaxScaleDown = 0","knative.dev/key":"default/matrixmul-00001"}
{"severity":"INFO","timestamp":"2026-06-03T07:19:37.421954954Z","logger":"autoscaler","caller":"scaling/autoscaler.go:314","message":"Autoscaler: stable=0.877196 panic=0.412177 target=3.500000 pods=%!d(float64=1) desired=1 excessBC=-207.000000","knative.dev/key":"default/matrixmul-00001"}
{"severity":"INFO","timestamp":"2026-06-03T07:19:37.421993546Z","logger":"autoscaler","caller":"scaling/autoscaler.go:318","message":"⏱ Autoscaler decision: 162.722µs.","knative.dev/key":"default/matrixmul-00001"}
{"severity":"INFO","timestamp":"2026-06-03T07:19:37.423208805Z","logger":"autoscaler","caller":"scaling/autoscaler.go:207","message":"For metric concurrency observed values: stable = 0.1; panic = 0.0; target = 3.5 Desired StablePodCount = 1, PanicPodCount = 1, ReadyEndpointCount = 1, MaxScaleUp = 1000, MaxScaleDown = 0","knative.dev/key":"default/genmatrix-00001"}
{"severity":"INFO","timestamp":"2026-06-03T07:19:37.423239379Z","logger":"autoscaler","caller":"scaling/autoscaler.go:314","message":"Autoscaler: stable=0.087419 panic=0.038725 target=3.500000 pods=%!d(float64=1) desired=1 excessBC=-207.000000","knative.dev/key":"default/genmatrix-00001"}
{"severity":"INFO","timestamp":"2026-06-03T07:19:37.423251175Z","logger":"autoscaler","caller":"scaling/autoscaler.go:318","message":"⏱ Autoscaler decision: 87.519µs.","knative.dev/key":"default/genmatrix-00001"}
{"severity":"INFO","timestamp":"2026-06-03T07:19:37.423610563Z","logger":"autoscaler","caller":"scaling/autoscaler.go:207","message":"For metric concurrency observed values: stable = 0.7; panic = 0.3; target = 3.5 Desired StablePodCount = 1, PanicPodCount = 1, ReadyEndpointCount = 1, MaxScaleUp = 1000, MaxScaleDown = 0","knative.dev/key":"default/fastfouriertransform-00001"}
{"severity":"INFO","timestamp":"2026-06-03T07:19:37.423632971Z","logger":"autoscaler","caller":"scaling/autoscaler.go:314","message":"Autoscaler: stable=0.739960 panic=0.334965 target=3.500000 pods=%!d(float64=1) desired=1 excessBC=-207.000000","knative.dev/key":"default/fastfouriertransform-00001"}
{"severity":"INFO","timestamp":"2026-06-03T07:19:37.423650675Z","logger":"autoscaler","caller":"scaling/autoscaler.go:318","message":"⏱ Autoscaler decision: 53.388µs.","knative.dev/key":"default/fastfouriertransform-00001"}
{"severity":"INFO","timestamp":"2026-06-03T07:19:37.423671193Z","logger":"autoscaler","caller":"scaling/autoscaler.go:207","message":"For metric concurrency observed values: stable = 0.2; panic = 0.2; target = 3.5 Desired StablePodCount = 1, PanicPodCount = 1, ReadyEndpointCount = 1, MaxScaleUp = 1000, MaxScaleDown = 0","knative.dev/key":"default/fetchdata-00001"}
{"severity":"INFO","timestamp":"2026-06-03T07:19:37.423686526Z","logger":"autoscaler","caller":"scaling/autoscaler.go:314","message":"Autoscaler: stable=0.224000 panic=0.207297 target=3.500000 pods=%!d(float64=1) desired=1 excessBC=-207.000000","knative.dev/key":"default/fetchdata-00001"}
{"severity":"INFO","timestamp":"2026-06-03T07:19:37.423695508Z","logger":"autoscaler","caller":"scaling/autoscaler.go:318","message":"⏱ Autoscaler decision: 30.481µs.","knative.dev/key":"default/fetchdata-00001"}
{"severity":"INFO","timestamp":"2026-06-03T07:19:39.421533234Z","logger":"autoscaler","caller":"scaling/autoscaler.go:207","message":"For metric concurrency observed values: stable = 0.5; panic = 0.3; target = 3.5 Desired StablePodCount = 1, PanicPodCount = 1, ReadyEndpointCount = 2, MaxScaleUp = 2000, MaxScaleDown = 1","knative.dev/key":"default/linpack-00001"}
{"severity":"INFO","timestamp":"2026-06-03T07:19:39.421566159Z","logger":"autoscaler","caller":"scaling/autoscaler.go:238","message":"Un-panicking.","knative.dev/key":"default/linpack-00001"}
{"severity":"INFO","timestamp":"2026-06-03T07:19:39.421589159Z","logger":"autoscaler","caller":"scaling/autoscaler.go:314","message":"Autoscaler: stable=0.504656 panic=0.330873 target=3.500000 pods=%!d(float64=2) desired=1 excessBC=-202.000000","knative.dev/key":"default/linpack-00001"}
{"severity":"INFO","timestamp":"2026-06-03T07:19:39.421608419Z","logger":"autoscaler","caller":"scaling/autoscaler.go:318","message":"⏱ Autoscaler decision: 291.981µs.","knative.dev/key":"default/linpack-00001"}
{"severity":"INFO","timestamp":"2026-06-03T07:19:39.421651752Z","logger":"autoscaler","caller":"scaling/autoscaler.go:207","message":"For metric concurrency observed values: stable = 0.9; panic = 0.7; target = 3.5 Desired StablePodCount = 1, PanicPodCount = 1, ReadyEndpointCount = 1, MaxScaleUp = 1000, MaxScaleDown = 0","knative.dev/key":"default/matrixmul-00001"}
{"severity":"INFO","timestamp":"2026-06-03T07:19:39.421664845Z","logger":"autoscaler","caller":"scaling/autoscaler.go:314","message":"Autoscaler: stable=0.872872 panic=0.742464 target=3.500000 pods=%!d(float64=1) desired=1 excessBC=-207.000000","knative.dev/key":"default/matrixmul-00001"}
{"severity":"INFO","timestamp":"2026-06-03T07:19:39.421680659Z","logger":"autoscaler","caller":"scaling/autoscaler.go:318","message":"⏱ Autoscaler decision: 41.111µs.","knative.dev/key":"default/matrixmul-00001"}
{"severity":"INFO","timestamp":"2026-06-03T07:19:39.42220827Z","logger":"autoscaler","caller":"kpa/scaler.go:380","message":"Scaling from 2 to 1","knative.dev/controller":"knative.dev.serving.pkg.reconciler.autoscaling.kpa.Reconciler","knative.dev/kind":"autoscaling.internal.knative.dev.PodAutoscaler","knative.dev/traceid":"dc6ce0e2-3cc1-4401-8cca-552c1188ce4f","knative.dev/key":"default/linpack-00001"}
{"severity":"INFO","timestamp":"2026-06-03T07:19:39.424514861Z","logger":"autoscaler","caller":"scaling/autoscaler.go:207","message":"For metric concurrency observed values: stable = 0.7; panic = 0.2; target = 3.5 Desired StablePodCount = 1, PanicPodCount = 1, ReadyEndpointCount = 1, MaxScaleUp = 1000, MaxScaleDown = 0","knative.dev/key":"default/fastfouriertransform-00001"}
{"severity":"INFO","timestamp":"2026-06-03T07:19:39.424556342Z","logger":"autoscaler","caller":"scaling/autoscaler.go:314","message":"Autoscaler: stable=0.734754 panic=0.158208 target=3.500000 pods=%!d(float64=1) desired=1 excessBC=-207.000000","knative.dev/key":"default/fastfouriertransform-00001"}
{"severity":"INFO","timestamp":"2026-06-03T07:19:39.424575323Z","logger":"autoscaler","caller":"scaling/autoscaler.go:318","message":"⏱ Autoscaler decision: 148.5µs.","knative.dev/key":"default/fastfouriertransform-00001"}
{"severity":"INFO","timestamp":"2026-06-03T07:19:39.424602694Z","logger":"autoscaler","caller":"scaling/autoscaler.go:207","message":"For metric concurrency observed values: stable = 0.2; panic = 0.2; target = 3.5 Desired StablePodCount = 1, PanicPodCount = 1, ReadyEndpointCount = 1, MaxScaleUp = 1000, MaxScaleDown = 0","knative.dev/key":"default/fetchdata-00001"}
{"severity":"INFO","timestamp":"2026-06-03T07:19:39.424616972Z","logger":"autoscaler","caller":"scaling/autoscaler.go:314","message":"Autoscaler: stable=0.221118 panic=0.166129 target=3.500000 pods=%!d(float64=1) desired=1 excessBC=-207.000000","knative.dev/key":"default/fetchdata-00001"}
{"severity":"INFO","timestamp":"2026-06-03T07:19:39.424625453Z","logger":"autoscaler","caller":"scaling/autoscaler.go:318","message":"⏱ Autoscaler decision: 32.556µs.","knative.dev/key":"default/fetchdata-00001"}
{"severity":"INFO","timestamp":"2026-06-03T07:19:39.424888342Z","logger":"autoscaler","caller":"scaling/autoscaler.go:207","message":"For metric concurrency observed values: stable = 0.1; panic = 0.0; target = 3.5 Desired StablePodCount = 1, PanicPodCount = 1, ReadyEndpointCount = 1, MaxScaleUp = 1000, MaxScaleDown = 0","knative.dev/key":"default/genmatrix-00001"}
{"severity":"INFO","timestamp":"2026-06-03T07:19:39.424909323Z","logger":"autoscaler","caller":"scaling/autoscaler.go:314","message":"Autoscaler: stable=0.087177 panic=0.035858 target=3.500000 pods=%!d(float64=1) desired=1 excessBC=-207.000000","knative.dev/key":"default/genmatrix-00001"}
{"severity":"INFO","timestamp":"2026-06-03T07:19:39.424929416Z","logger":"autoscaler","caller":"scaling/autoscaler.go:318","message":"⏱ Autoscaler decision: 52.408µs.","knative.dev/key":"default/genmatrix-00001"}
{"severity":"INFO","timestamp":"2026-06-03T07:19:39.437093182Z","logger":"autoscaler","caller":"kpa/kpa.go:193","message":"SKS should be in Proxy mode: want = 1, ebc = -202, #act's = 3 PA Inactive? = false","knative.dev/controller":"knative.dev.serving.pkg.reconciler.autoscaling.kpa.Reconciler","knative.dev/kind":"autoscaling.internal.knative.dev.PodAutoscaler","knative.dev/traceid":"dc6ce0e2-3cc1-4401-8cca-552c1188ce4f","knative.dev/key":"default/linpack-00001"}
{"severity":"INFO","timestamp":"2026-06-03T07:19:39.437161997Z","logger":"autoscaler","caller":"kpa/kpa.go:221","message":"KPA Scale decision for revision default/linpack-00001: currentPods=2, calculatedWant=1, desiredPods=1, excessBurstCapacity=-202","knative.dev/controller":"knative.dev.serving.pkg.reconciler.autoscaling.kpa.Reconciler","knative.dev/kind":"autoscaling.internal.knative.dev.PodAutoscaler","knative.dev/traceid":"dc6ce0e2-3cc1-4401-8cca-552c1188ce4f","knative.dev/key":"default/linpack-00001"}
{"severity":"INFO","timestamp":"2026-06-03T07:19:39.437181664Z","logger":"autoscaler","caller":"kpa/kpa.go:239","message":"Observed pod counts=kpa.podCounts{want:1, ready:2, notReady:0, pending:0, terminating:0}","knative.dev/controller":"knative.dev.serving.pkg.reconciler.autoscaling.kpa.Reconciler","knative.dev/kind":"autoscaling.internal.knative.dev.PodAutoscaler","knative.dev/traceid":"dc6ce0e2-3cc1-4401-8cca-552c1188ce4f","knative.dev/key":"default/linpack-00001"}
{"severity":"INFO","timestamp":"2026-06-03T07:19:39.437201164Z","logger":"autoscaler","caller":"kpa/kpa.go:298","message":"KPA Status for revision default/linpack-00001 after reconcile: currentPods=2, desiredPods=1, conditions=[Active=True Ready=True SKSReady=True ScaleTargetInitialized=True]","knative.dev/controller":"knative.dev.serving.pkg.reconciler.autoscaling.kpa.Reconciler","knative.dev/kind":"autoscaling.internal.knative.dev.PodAutoscaler","knative.dev/traceid":"dc6ce0e2-3cc1-4401-8cca-552c1188ce4f","knative.dev/key":"default/linpack-00001"}
{"severity":"INFO","timestamp":"2026-06-03T07:19:39.437226256Z","logger":"autoscaler","caller":"kpa/kpa.go:242","message":"Cold start final  took: 15.446838ms","knative.dev/controller":"knative.dev.serving.pkg.reconciler.autoscaling.kpa.Reconciler","knative.dev/kind":"autoscaling.internal.knative.dev.PodAutoscaler","knative.dev/traceid":"dc6ce0e2-3cc1-4401-8cca-552c1188ce4f","knative.dev/key":"default/linpack-00001"}
{"severity":"INFO","timestamp":"2026-06-03T07:19:39.45101367Z","logger":"autoscaler","caller":"controller/controller.go:530","message":"Reconcile succeeded","knative.dev/controller":"knative.dev.serving.pkg.reconciler.autoscaling.kpa.Reconciler","knative.dev/kind":"autoscaling.internal.knative.dev.PodAutoscaler","knative.dev/traceid":"dc6ce0e2-3cc1-4401-8cca-552c1188ce4f","knative.dev/key":"default/linpack-00001","duration":"29.306269ms"}
{"severity":"INFO","timestamp":"2026-06-03T07:19:39.451402818Z","logger":"autoscaler","caller":"kpa/kpa.go:193","message":"SKS should be in Proxy mode: want = 1, ebc = -202, #act's = 3 PA Inactive? = false","knative.dev/controller":"knative.dev.serving.pkg.reconciler.autoscaling.kpa.Reconciler","knative.dev/kind":"autoscaling.internal.knative.dev.PodAutoscaler","knative.dev/traceid":"2d052a81-1cb6-4a71-90c7-246cfb8ebcb4","knative.dev/key":"default/linpack-00001"}
{"severity":"INFO","timestamp":"2026-06-03T07:19:39.451458206Z","logger":"autoscaler","caller":"kpa/kpa.go:221","message":"KPA Scale decision for revision default/linpack-00001: currentPods=1, calculatedWant=1, desiredPods=1, excessBurstCapacity=-202","knative.dev/controller":"knative.dev.serving.pkg.reconciler.autoscaling.kpa.Reconciler","knative.dev/kind":"autoscaling.internal.knative.dev.PodAutoscaler","knative.dev/traceid":"2d052a81-1cb6-4a71-90c7-246cfb8ebcb4","knative.dev/key":"default/linpack-00001"}
{"severity":"INFO","timestamp":"2026-06-03T07:19:39.451477614Z","logger":"autoscaler","caller":"kpa/kpa.go:239","message":"Observed pod counts=kpa.podCounts{want:1, ready:1, notReady:1, pending:0, terminating:1}","knative.dev/controller":"knative.dev.serving.pkg.reconciler.autoscaling.kpa.Reconciler","knative.dev/kind":"autoscaling.internal.knative.dev.PodAutoscaler","knative.dev/traceid":"2d052a81-1cb6-4a71-90c7-246cfb8ebcb4","knative.dev/key":"default/linpack-00001"}
{"severity":"INFO","timestamp":"2026-06-03T07:19:39.451498262Z","logger":"autoscaler","caller":"kpa/kpa.go:298","message":"KPA Status for revision default/linpack-00001 after reconcile: currentPods=1, desiredPods=1, conditions=[Active=True Ready=True SKSReady=True ScaleTargetInitialized=True]","knative.dev/controller":"knative.dev.serving.pkg.reconciler.autoscaling.kpa.Reconciler","knative.dev/kind":"autoscaling.internal.knative.dev.PodAutoscaler","knative.dev/traceid":"2d052a81-1cb6-4a71-90c7-246cfb8ebcb4","knative.dev/key":"default/linpack-00001"}
{"severity":"INFO","timestamp":"2026-06-03T07:19:39.451518947Z","logger":"autoscaler","caller":"kpa/kpa.go:242","message":"Cold start final  took: 390.925µs","knative.dev/controller":"knative.dev.serving.pkg.reconciler.autoscaling.kpa.Reconciler","knative.dev/kind":"autoscaling.internal.knative.dev.PodAutoscaler","knative.dev/traceid":"2d052a81-1cb6-4a71-90c7-246cfb8ebcb4","knative.dev/key":"default/linpack-00001"}
{"severity":"INFO","timestamp":"2026-06-03T07:19:39.481151772Z","logger":"autoscaler","caller":"controller/controller.go:530","message":"Reconcile succeeded","knative.dev/controller":"knative.dev.serving.pkg.reconciler.autoscaling.kpa.Reconciler","knative.dev/kind":"autoscaling.internal.knative.dev.PodAutoscaler","knative.dev/traceid":"2d052a81-1cb6-4a71-90c7-246cfb8ebcb4","knative.dev/key":"default/linpack-00001","duration":"30.089788ms"}
{"severity":"INFO","timestamp":"2026-06-03T07:19:39.481414661Z","logger":"autoscaler","caller":"kpa/kpa.go:193","message":"SKS should be in Proxy mode: want = 1, ebc = -202, #act's = 3 PA Inactive? = false","knative.dev/controller":"knative.dev.serving.pkg.reconciler.autoscaling.kpa.Reconciler","knative.dev/kind":"autoscaling.internal.knative.dev.PodAutoscaler","knative.dev/traceid":"77148067-1911-4f13-a854-c36e7d48a5d0","knative.dev/key":"default/linpack-00001"}
{"severity":"INFO","timestamp":"2026-06-03T07:19:39.481483068Z","logger":"autoscaler","caller":"kpa/kpa.go:221","message":"KPA Scale decision for revision default/linpack-00001: currentPods=1, calculatedWant=1, desiredPods=1, excessBurstCapacity=-202","knative.dev/controller":"knative.dev.serving.pkg.reconciler.autoscaling.kpa.Reconciler","knative.dev/kind":"autoscaling.internal.knative.dev.PodAutoscaler","knative.dev/traceid":"77148067-1911-4f13-a854-c36e7d48a5d0","knative.dev/key":"default/linpack-00001"}
{"severity":"INFO","timestamp":"2026-06-03T07:19:39.481505327Z","logger":"autoscaler","caller":"kpa/kpa.go:239","message":"Observed pod counts=kpa.podCounts{want:1, ready:1, notReady:1, pending:0, terminating:1}","knative.dev/controller":"knative.dev.serving.pkg.reconciler.autoscaling.kpa.Reconciler","knative.dev/kind":"autoscaling.internal.knative.dev.PodAutoscaler","knative.dev/traceid":"77148067-1911-4f13-a854-c36e7d48a5d0","knative.dev/key":"default/linpack-00001"}
{"severity":"INFO","timestamp":"2026-06-03T07:19:39.48152642Z","logger":"autoscaler","caller":"kpa/kpa.go:298","message":"KPA Status for revision default/linpack-00001 after reconcile: currentPods=1, desiredPods=1, conditions=[Active=True Ready=True SKSReady=True ScaleTargetInitialized=True]","knative.dev/controller":"knative.dev.serving.pkg.reconciler.autoscaling.kpa.Reconciler","knative.dev/kind":"autoscaling.internal.knative.dev.PodAutoscaler","knative.dev/traceid":"77148067-1911-4f13-a854-c36e7d48a5d0","knative.dev/key":"default/linpack-00001"}
{"severity":"INFO","timestamp":"2026-06-03T07:19:39.481548975Z","logger":"autoscaler","caller":"kpa/kpa.go:242","message":"Cold start final  took: 252.999µs","knative.dev/controller":"knative.dev.serving.pkg.reconciler.autoscaling.kpa.Reconciler","knative.dev/kind":"autoscaling.internal.knative.dev.PodAutoscaler","knative.dev/traceid":"77148067-1911-4f13-a854-c36e7d48a5d0","knative.dev/key":"default/linpack-00001"}
{"severity":"INFO","timestamp":"2026-06-03T07:19:39.503997751Z","logger":"autoscaler","caller":"controller/controller.go:530","message":"Reconcile succeeded","knative.dev/controller":"knative.dev.serving.pkg.reconciler.autoscaling.kpa.Reconciler","knative.dev/kind":"autoscaling.internal.knative.dev.PodAutoscaler","knative.dev/traceid":"77148067-1911-4f13-a854-c36e7d48a5d0","knative.dev/key":"default/linpack-00001","duration":"22.78685ms"}
{"severity":"INFO","timestamp":"2026-06-03T07:19:39.504157473Z","logger":"autoscaler","caller":"kpa/kpa.go:193","message":"SKS should be in Proxy mode: want = 1, ebc = -202, #act's = 3 PA Inactive? = false","knative.dev/controller":"knative.dev.serving.pkg.reconciler.autoscaling.kpa.Reconciler","knative.dev/kind":"autoscaling.internal.knative.dev.PodAutoscaler","knative.dev/traceid":"c2d42530-c67d-484c-b6bf-de1732627cba","knative.dev/key":"default/linpack-00001"}
{"severity":"INFO","timestamp":"2026-06-03T07:19:39.50420527Z","logger":"autoscaler","caller":"kpa/kpa.go:221","message":"KPA Scale decision for revision default/linpack-00001: currentPods=1, calculatedWant=1, desiredPods=1, excessBurstCapacity=-202","knative.dev/controller":"knative.dev.serving.pkg.reconciler.autoscaling.kpa.Reconciler","knative.dev/kind":"autoscaling.internal.knative.dev.PodAutoscaler","knative.dev/traceid":"c2d42530-c67d-484c-b6bf-de1732627cba","knative.dev/key":"default/linpack-00001"}
{"severity":"INFO","timestamp":"2026-06-03T07:19:39.504221936Z","logger":"autoscaler","caller":"kpa/kpa.go:239","message":"Observed pod counts=kpa.podCounts{want:1, ready:1, notReady:1, pending:0, terminating:1}","knative.dev/controller":"knative.dev.serving.pkg.reconciler.autoscaling.kpa.Reconciler","knative.dev/kind":"autoscaling.internal.knative.dev.PodAutoscaler","knative.dev/traceid":"c2d42530-c67d-484c-b6bf-de1732627cba","knative.dev/key":"default/linpack-00001"}
{"severity":"INFO","timestamp":"2026-06-03T07:19:39.504237288Z","logger":"autoscaler","caller":"kpa/kpa.go:298","message":"KPA Status for revision default/linpack-00001 after reconcile: currentPods=1, desiredPods=1, conditions=[Active=True Ready=True SKSReady=True ScaleTargetInitialized=True]","knative.dev/controller":"knative.dev.serving.pkg.reconciler.autoscaling.kpa.Reconciler","knative.dev/kind":"autoscaling.internal.knative.dev.PodAutoscaler","knative.dev/traceid":"c2d42530-c67d-484c-b6bf-de1732627cba","knative.dev/key":"default/linpack-00001"}
{"severity":"INFO","timestamp":"2026-06-03T07:19:39.504255177Z","logger":"autoscaler","caller":"kpa/kpa.go:242","message":"Cold start final  took: 159.574µs","knative.dev/controller":"knative.dev.serving.pkg.reconciler.autoscaling.kpa.Reconciler","knative.dev/kind":"autoscaling.internal.knative.dev.PodAutoscaler","knative.dev/traceid":"c2d42530-c67d-484c-b6bf-de1732627cba","knative.dev/key":"default/linpack-00001"}
{"severity":"INFO","timestamp":"2026-06-03T07:19:39.504287529Z","logger":"autoscaler","caller":"controller/controller.go:530","message":"Reconcile succeeded","knative.dev/controller":"knative.dev.serving.pkg.reconciler.autoscaling.kpa.Reconciler","knative.dev/kind":"autoscaling.internal.knative.dev.PodAutoscaler","knative.dev/traceid":"c2d42530-c67d-484c-b6bf-de1732627cba","knative.dev/key":"default/linpack-00001","duration":"245.389µs"}
{"severity":"INFO","timestamp":"2026-06-03T07:19:41.421932175Z","logger":"autoscaler","caller":"scaling/autoscaler.go:207","message":"For metric concurrency observed values: stable = 0.8; panic = 0.7; target = 3.5 Desired StablePodCount = 1, PanicPodCount = 1, ReadyEndpointCount = 1, MaxScaleUp = 1000, MaxScaleDown = 0","knative.dev/key":"default/matrixmul-00001"}
{"severity":"INFO","timestamp":"2026-06-03T07:19:41.421981416Z","logger":"autoscaler","caller":"scaling/autoscaler.go:314","message":"Autoscaler: stable=0.842690 panic=0.744413 target=3.500000 pods=%!d(float64=1) desired=1 excessBC=-207.000000","knative.dev/key":"default/matrixmul-00001"}
{"severity":"INFO","timestamp":"2026-06-03T07:19:41.422005379Z","logger":"autoscaler","caller":"scaling/autoscaler.go:318","message":"⏱ Autoscaler decision: 133.667µs.","knative.dev/key":"default/matrixmul-00001"}
{"severity":"INFO","timestamp":"2026-06-03T07:19:41.422498008Z","logger":"autoscaler","caller":"scaling/autoscaler.go:207","message":"For metric concurrency observed values: stable = 0.5; panic = 0.7; target = 3.5 Desired StablePodCount = 1, PanicPodCount = 1, ReadyEndpointCount = 1, MaxScaleUp = 1000, MaxScaleDown = 0","knative.dev/key":"default/linpack-00001"}
{"severity":"INFO","timestamp":"2026-06-03T07:19:41.422541526Z","logger":"autoscaler","caller":"scaling/autoscaler.go:314","message":"Autoscaler: stable=0.529725 panic=0.666846 target=3.500000 pods=%!d(float64=1) desired=1 excessBC=-207.000000","knative.dev/key":"default/linpack-00001"}
{"severity":"INFO","timestamp":"2026-06-03T07:19:41.422565508Z","logger":"autoscaler","caller":"scaling/autoscaler.go:318","message":"⏱ Autoscaler decision: 292.37µs.","knative.dev/key":"default/linpack-00001"}
{"severity":"INFO","timestamp":"2026-06-03T07:19:41.4226296Z","logger":"autoscaler","caller":"scaling/autoscaler.go:207","message":"For metric concurrency observed values: stable = 0.7; panic = 0.5; target = 3.5 Desired StablePodCount = 1, PanicPodCount = 1, ReadyEndpointCount = 1, MaxScaleUp = 1000, MaxScaleDown = 0","knative.dev/key":"default/fastfouriertransform-00001"}
{"severity":"INFO","timestamp":"2026-06-03T07:19:41.422649026Z","logger":"autoscaler","caller":"scaling/autoscaler.go:314","message":"Autoscaler: stable=0.717934 panic=0.493742 target=3.500000 pods=%!d(float64=1) desired=1 excessBC=-207.000000","knative.dev/key":"default/fastfouriertransform-00001"}
{"severity":"INFO","timestamp":"2026-06-03T07:19:41.422667915Z","logger":"autoscaler","caller":"scaling/autoscaler.go:318","message":"⏱ Autoscaler decision: 67.963µs.","knative.dev/key":"default/fastfouriertransform-00001"}
{"severity":"INFO","timestamp":"2026-06-03T07:19:41.422810137Z","logger":"autoscaler","caller":"scaling/autoscaler.go:207","message":"For metric concurrency observed values: stable = 0.2; panic = 0.1; target = 3.5 Desired StablePodCount = 1, PanicPodCount = 1, ReadyEndpointCount = 1, MaxScaleUp = 1000, MaxScaleDown = 0","knative.dev/key":"default/fetchdata-00001"}
{"severity":"INFO","timestamp":"2026-06-03T07:19:41.42285247Z","logger":"autoscaler","caller":"scaling/autoscaler.go:314","message":"Autoscaler: stable=0.219471 panic=0.131615 target=3.500000 pods=%!d(float64=1) desired=1 excessBC=-207.000000","knative.dev/key":"default/fetchdata-00001"}
{"severity":"INFO","timestamp":"2026-06-03T07:19:41.422895193Z","logger":"autoscaler","caller":"scaling/autoscaler.go:318","message":"⏱ Autoscaler decision: 124.593µs.","knative.dev/key":"default/fetchdata-00001"}
{"severity":"INFO","timestamp":"2026-06-03T07:19:41.423147822Z","logger":"autoscaler","caller":"scaling/autoscaler.go:207","message":"For metric concurrency observed values: stable = 0.1; panic = 0.0; target = 3.5 Desired StablePodCount = 1, PanicPodCount = 1, ReadyEndpointCount = 1, MaxScaleUp = 1000, MaxScaleDown = 0","knative.dev/key":"default/genmatrix-00001"}
{"severity":"INFO","timestamp":"2026-06-03T07:19:41.423168878Z","logger":"autoscaler","caller":"scaling/autoscaler.go:314","message":"Autoscaler: stable=0.086102 panic=0.033547 target=3.500000 pods=%!d(float64=1) desired=1 excessBC=-207.000000","knative.dev/key":"default/genmatrix-00001"}
{"severity":"INFO","timestamp":"2026-06-03T07:19:41.423186896Z","logger":"autoscaler","caller":"scaling/autoscaler.go:318","message":"⏱ Autoscaler decision: 61.204µs.","knative.dev/key":"default/genmatrix-00001"}
{"severity":"INFO","timestamp":"2026-06-03T07:19:43.42107828Z","logger":"autoscaler","caller":"scaling/autoscaler.go:207","message":"For metric concurrency observed values: stable = 0.5; panic = 0.5; target = 3.5 Desired StablePodCount = 1, PanicPodCount = 1, ReadyEndpointCount = 1, MaxScaleUp = 1000, MaxScaleDown = 0","knative.dev/key":"default/linpack-00001"}
{"severity":"INFO","timestamp":"2026-06-03T07:19:43.42112691Z","logger":"autoscaler","caller":"scaling/autoscaler.go:314","message":"Autoscaler: stable=0.518705 panic=0.517228 target=3.500000 pods=%!d(float64=1) desired=1 excessBC=-207.000000","knative.dev/key":"default/linpack-00001"}
{"severity":"INFO","timestamp":"2026-06-03T07:19:43.421153669Z","logger":"autoscaler","caller":"scaling/autoscaler.go:318","message":"⏱ Autoscaler decision: 92.481µs.","knative.dev/key":"default/linpack-00001"}
{"severity":"INFO","timestamp":"2026-06-03T07:19:43.421676057Z","logger":"autoscaler","caller":"scaling/autoscaler.go:207","message":"For metric concurrency observed values: stable = 0.8; panic = 0.2; target = 3.5 Desired StablePodCount = 1, PanicPodCount = 1, ReadyEndpointCount = 1, MaxScaleUp = 1000, MaxScaleDown = 0","knative.dev/key":"default/matrixmul-00001"}
{"severity":"INFO","timestamp":"2026-06-03T07:19:43.421707002Z","logger":"autoscaler","caller":"scaling/autoscaler.go:314","message":"Autoscaler: stable=0.847915 panic=0.244518 target=3.500000 pods=%!d(float64=1) desired=1 excessBC=-207.000000","knative.dev/key":"default/matrixmul-00001"}
{"severity":"INFO","timestamp":"2026-06-03T07:19:43.421725539Z","logger":"autoscaler","caller":"scaling/autoscaler.go:318","message":"⏱ Autoscaler decision: 72.445µs.","knative.dev/key":"default/matrixmul-00001"}
{"severity":"INFO","timestamp":"2026-06-03T07:19:43.422992667Z","logger":"autoscaler","caller":"scaling/autoscaler.go:207","message":"For metric concurrency observed values: stable = 0.2; panic = 0.2; target = 3.5 Desired StablePodCount = 1, PanicPodCount = 1, ReadyEndpointCount = 1, MaxScaleUp = 1000, MaxScaleDown = 0","knative.dev/key":"default/fetchdata-00001"}
{"severity":"INFO","timestamp":"2026-06-03T07:19:43.423029241Z","logger":"autoscaler","caller":"scaling/autoscaler.go:314","message":"Autoscaler: stable=0.206955 panic=0.162219 target=3.500000 pods=%!d(float64=1) desired=1 excessBC=-207.000000","knative.dev/key":"default/fetchdata-00001"}
{"severity":"INFO","timestamp":"2026-06-03T07:19:43.423050371Z","logger":"autoscaler","caller":"scaling/autoscaler.go:318","message":"⏱ Autoscaler decision: 84.852µs.","knative.dev/key":"default/fetchdata-00001"}
{"severity":"INFO","timestamp":"2026-06-03T07:19:43.423274482Z","logger":"autoscaler","caller":"scaling/autoscaler.go:207","message":"For metric concurrency observed values: stable = 0.1; panic = 0.0; target = 3.5 Desired StablePodCount = 1, PanicPodCount = 1, ReadyEndpointCount = 1, MaxScaleUp = 1000, MaxScaleDown = 0","knative.dev/key":"default/genmatrix-00001"}
{"severity":"INFO","timestamp":"2026-06-03T07:19:43.423304074Z","logger":"autoscaler","caller":"scaling/autoscaler.go:314","message":"Autoscaler: stable=0.086343 panic=0.037578 target=3.500000 pods=%!d(float64=1) desired=1 excessBC=-207.000000","knative.dev/key":"default/genmatrix-00001"}
{"severity":"INFO","timestamp":"2026-06-03T07:19:43.423326389Z","logger":"autoscaler","caller":"scaling/autoscaler.go:318","message":"⏱ Autoscaler decision: 67.13µs.","knative.dev/key":"default/genmatrix-00001"}
{"severity":"INFO","timestamp":"2026-06-03T07:19:43.423668296Z","logger":"autoscaler","caller":"scaling/autoscaler.go:207","message":"For metric concurrency observed values: stable = 0.7; panic = 0.8; target = 3.5 Desired StablePodCount = 1, PanicPodCount = 1, ReadyEndpointCount = 1, MaxScaleUp = 1000, MaxScaleDown = 0","knative.dev/key":"default/fastfouriertransform-00001"}
{"severity":"INFO","timestamp":"2026-06-03T07:19:43.423695555Z","logger":"autoscaler","caller":"scaling/autoscaler.go:314","message":"Autoscaler: stable=0.692716 panic=0.794490 target=3.500000 pods=%!d(float64=1) desired=1 excessBC=-207.000000","knative.dev/key":"default/fastfouriertransform-00001"}
{"severity":"INFO","timestamp":"2026-06-03T07:19:43.423718333Z","logger":"autoscaler","caller":"scaling/autoscaler.go:318","message":"⏱ Autoscaler decision: 63.944µs.","knative.dev/key":"default/fastfouriertransform-00001"}
{"severity":"INFO","timestamp":"2026-06-03T07:19:45.421757009Z","logger":"autoscaler","caller":"scaling/autoscaler.go:207","message":"For metric concurrency observed values: stable = 0.8; panic = 0.4; target = 3.5 Desired StablePodCount = 1, PanicPodCount = 1, ReadyEndpointCount = 1, MaxScaleUp = 1000, MaxScaleDown = 0","knative.dev/key":"default/matrixmul-00001"}
{"severity":"INFO","timestamp":"2026-06-03T07:19:45.421817268Z","logger":"autoscaler","caller":"scaling/autoscaler.go:314","message":"Autoscaler: stable=0.848567 panic=0.359646 target=3.500000 pods=%!d(float64=1) desired=1 excessBC=-207.000000","knative.dev/key":"default/matrixmul-00001"}
{"severity":"INFO","timestamp":"2026-06-03T07:19:45.421840139Z","logger":"autoscaler","caller":"scaling/autoscaler.go:318","message":"⏱ Autoscaler decision: 116.074µs.","knative.dev/key":"default/matrixmul-00001"}
{"severity":"INFO","timestamp":"2026-06-03T07:19:45.422229805Z","logger":"autoscaler","caller":"scaling/autoscaler.go:207","message":"For metric concurrency observed values: stable = 0.5; panic = 0.0; target = 3.5 Desired StablePodCount = 1, PanicPodCount = 1, ReadyEndpointCount = 1, MaxScaleUp = 1000, MaxScaleDown = 0","knative.dev/key":"default/linpack-00001"}
{"severity":"INFO","timestamp":"2026-06-03T07:19:45.422275935Z","logger":"autoscaler","caller":"scaling/autoscaler.go:314","message":"Autoscaler: stable=0.507061 panic=0.021283 target=3.500000 pods=%!d(float64=1) desired=1 excessBC=-207.000000","knative.dev/key":"default/linpack-00001"}
{"severity":"INFO","timestamp":"2026-06-03T07:19:45.422296898Z","logger":"autoscaler","caller":"scaling/autoscaler.go:318","message":"⏱ Autoscaler decision: 89.167µs.","knative.dev/key":"default/linpack-00001"}
{"severity":"INFO","timestamp":"2026-06-03T07:19:45.422384416Z","logger":"autoscaler","caller":"scaling/autoscaler.go:207","message":"For metric concurrency observed values: stable = 0.7; panic = 0.8; target = 3.5 Desired StablePodCount = 1, PanicPodCount = 1, ReadyEndpointCount = 1, MaxScaleUp = 1000, MaxScaleDown = 0","knative.dev/key":"default/fastfouriertransform-00001"}
{"severity":"INFO","timestamp":"2026-06-03T07:19:45.422425527Z","logger":"autoscaler","caller":"scaling/autoscaler.go:314","message":"Autoscaler: stable=0.655158 panic=0.824029 target=3.500000 pods=%!d(float64=1) desired=1 excessBC=-207.000000","knative.dev/key":"default/fastfouriertransform-00001"}
{"severity":"INFO","timestamp":"2026-06-03T07:19:45.422443305Z","logger":"autoscaler","caller":"scaling/autoscaler.go:318","message":"⏱ Autoscaler decision: 70.371µs.","knative.dev/key":"default/fastfouriertransform-00001"}
{"severity":"INFO","timestamp":"2026-06-03T07:19:45.422780675Z","logger":"autoscaler","caller":"scaling/autoscaler.go:207","message":"For metric concurrency observed values: stable = 0.2; panic = 0.2; target = 3.5 Desired StablePodCount = 1, PanicPodCount = 1, ReadyEndpointCount = 1, MaxScaleUp = 1000, MaxScaleDown = 0","knative.dev/key":"default/fetchdata-00001"}
{"severity":"INFO","timestamp":"2026-06-03T07:19:45.422809693Z","logger":"autoscaler","caller":"scaling/autoscaler.go:314","message":"Autoscaler: stable=0.206768 panic=0.165251 target=3.500000 pods=%!d(float64=1) desired=1 excessBC=-207.000000","knative.dev/key":"default/fetchdata-00001"}
{"severity":"INFO","timestamp":"2026-06-03T07:19:45.422854249Z","logger":"autoscaler","caller":"scaling/autoscaler.go:318","message":"⏱ Autoscaler decision: 89.148µs.","knative.dev/key":"default/fetchdata-00001"}
{"severity":"INFO","timestamp":"2026-06-03T07:19:45.423191175Z","logger":"autoscaler","caller":"scaling/autoscaler.go:207","message":"For metric concurrency observed values: stable = 0.1; panic = 0.0; target = 3.5 Desired StablePodCount = 1, PanicPodCount = 1, ReadyEndpointCount = 1, MaxScaleUp = 1000, MaxScaleDown = 0","knative.dev/key":"default/genmatrix-00001"}
{"severity":"INFO","timestamp":"2026-06-03T07:19:45.423218156Z","logger":"autoscaler","caller":"scaling/autoscaler.go:314","message":"Autoscaler: stable=0.085018 panic=0.032261 target=3.500000 pods=%!d(float64=1) desired=1 excessBC=-207.000000","knative.dev/key":"default/genmatrix-00001"}
{"severity":"INFO","timestamp":"2026-06-03T07:19:45.423244545Z","logger":"autoscaler","caller":"scaling/autoscaler.go:318","message":"⏱ Autoscaler decision: 82.055µs.","knative.dev/key":"default/genmatrix-00001"}
{"severity":"INFO","timestamp":"2026-06-03T07:19:47.421445254Z","logger":"autoscaler","caller":"scaling/autoscaler.go:207","message":"For metric concurrency observed values: stable = 0.5; panic = 1.0; target = 3.5 Desired StablePodCount = 1, PanicPodCount = 1, ReadyEndpointCount = 1, MaxScaleUp = 1000, MaxScaleDown = 0","knative.dev/key":"default/linpack-00001"}
{"severity":"INFO","timestamp":"2026-06-03T07:19:47.42149392Z","logger":"autoscaler","caller":"scaling/autoscaler.go:314","message":"Autoscaler: stable=0.549609 panic=1.023708 target=3.500000 pods=%!d(float64=1) desired=1 excessBC=-208.000000","knative.dev/key":"default/linpack-00001"}
{"severity":"INFO","timestamp":"2026-06-03T07:19:47.421510272Z","logger":"autoscaler","caller":"scaling/autoscaler.go:318","message":"⏱ Autoscaler decision: 97.388µs.","knative.dev/key":"default/linpack-00001"}
{"severity":"INFO","timestamp":"2026-06-03T07:19:47.421617161Z","logger":"autoscaler","caller":"scaling/autoscaler.go:207","message":"For metric concurrency observed values: stable = 0.9; panic = 0.5; target = 3.5 Desired StablePodCount = 1, PanicPodCount = 1, ReadyEndpointCount = 1, MaxScaleUp = 1000, MaxScaleDown = 0","knative.dev/key":"default/matrixmul-00001"}
{"severity":"INFO","timestamp":"2026-06-03T07:19:47.421630531Z","logger":"autoscaler","caller":"scaling/autoscaler.go:314","message":"Autoscaler: stable=0.867271 panic=0.473512 target=3.500000 pods=%!d(float64=1) desired=1 excessBC=-207.000000","knative.dev/key":"default/matrixmul-00001"}
{"severity":"INFO","timestamp":"2026-06-03T07:19:47.421642068Z","logger":"autoscaler","caller":"scaling/autoscaler.go:318","message":"⏱ Autoscaler decision: 32.5µs.","knative.dev/key":"default/matrixmul-00001"}
{"severity":"INFO","timestamp":"2026-06-03T07:19:47.423328641Z","logger":"autoscaler","caller":"scaling/autoscaler.go:207","message":"For metric concurrency observed values: stable = 0.1; panic = 0.2; target = 3.5 Desired StablePodCount = 1, PanicPodCount = 1, ReadyEndpointCount = 1, MaxScaleUp = 1000, MaxScaleDown = 0","knative.dev/key":"default/genmatrix-00001"}
{"severity":"INFO","timestamp":"2026-06-03T07:19:47.423452307Z","logger":"autoscaler","caller":"scaling/autoscaler.go:314","message":"Autoscaler: stable=0.100835 panic=0.209365 target=3.500000 pods=%!d(float64=1) desired=1 excessBC=-207.000000","knative.dev/key":"default/genmatrix-00001"}
{"severity":"INFO","timestamp":"2026-06-03T07:19:47.423473733Z","logger":"autoscaler","caller":"scaling/autoscaler.go:318","message":"⏱ Autoscaler decision: 170.537µs.","knative.dev/key":"default/genmatrix-00001"}
{"severity":"INFO","timestamp":"2026-06-03T07:19:47.423813196Z","logger":"autoscaler","caller":"scaling/autoscaler.go:207","message":"For metric concurrency observed values: stable = 0.7; panic = 1.4; target = 3.5 Desired StablePodCount = 1, PanicPodCount = 1, ReadyEndpointCount = 1, MaxScaleUp = 1000, MaxScaleDown = 0","knative.dev/key":"default/fastfouriertransform-00001"}
{"severity":"INFO","timestamp":"2026-06-03T07:19:47.423831307Z","logger":"autoscaler","caller":"scaling/autoscaler.go:314","message":"Autoscaler: stable=0.692384 panic=1.443825 target=3.500000 pods=%!d(float64=1) desired=1 excessBC=-208.000000","knative.dev/key":"default/fastfouriertransform-00001"}
{"severity":"INFO","timestamp":"2026-06-03T07:19:47.423843622Z","logger":"autoscaler","caller":"scaling/autoscaler.go:318","message":"⏱ Autoscaler decision: 40.834µs.","knative.dev/key":"default/fastfouriertransform-00001"}
{"severity":"INFO","timestamp":"2026-06-03T07:19:47.423864863Z","logger":"autoscaler","caller":"scaling/autoscaler.go:207","message":"For metric concurrency observed values: stable = 0.2; panic = 0.2; target = 3.5 Desired StablePodCount = 1, PanicPodCount = 1, ReadyEndpointCount = 1, MaxScaleUp = 1000, MaxScaleDown = 0","knative.dev/key":"default/fetchdata-00001"}
{"severity":"INFO","timestamp":"2026-06-03T07:19:47.423874622Z","logger":"autoscaler","caller":"scaling/autoscaler.go:314","message":"Autoscaler: stable=0.212998 panic=0.201734 target=3.500000 pods=%!d(float64=1) desired=1 excessBC=-207.000000","knative.dev/key":"default/fetchdata-00001"}
{"severity":"INFO","timestamp":"2026-06-03T07:19:47.423886603Z","logger":"autoscaler","caller":"scaling/autoscaler.go:318","message":"⏱ Autoscaler decision: 29.13µs.","knative.dev/key":"default/fetchdata-00001"}
{"severity":"INFO","timestamp":"2026-06-03T07:19:49.421281457Z","logger":"autoscaler","caller":"scaling/autoscaler.go:207","message":"For metric concurrency observed values: stable = 0.5; panic = 1.2; target = 3.5 Desired StablePodCount = 1, PanicPodCount = 1, ReadyEndpointCount = 1, MaxScaleUp = 1000, MaxScaleDown = 0","knative.dev/key":"default/linpack-00001"}
{"severity":"INFO","timestamp":"2026-06-03T07:19:49.421321068Z","logger":"autoscaler","caller":"scaling/autoscaler.go:314","message":"Autoscaler: stable=0.530428 panic=1.171412 target=3.500000 pods=%!d(float64=1) desired=1 excessBC=-208.000000","knative.dev/key":"default/linpack-00001"}
{"severity":"INFO","timestamp":"2026-06-03T07:19:49.421337679Z","logger":"autoscaler","caller":"scaling/autoscaler.go:318","message":"⏱ Autoscaler decision: 82.481µs.","knative.dev/key":"default/linpack-00001"}
{"severity":"INFO","timestamp":"2026-06-03T07:19:49.421696327Z","logger":"autoscaler","caller":"scaling/autoscaler.go:207","message":"For metric concurrency observed values: stable = 0.9; panic = 0.3; target = 3.5 Desired StablePodCount = 1, PanicPodCount = 1, ReadyEndpointCount = 1, MaxScaleUp = 1000, MaxScaleDown = 0","knative.dev/key":"default/matrixmul-00001"}
{"severity":"INFO","timestamp":"2026-06-03T07:19:49.421720938Z","logger":"autoscaler","caller":"scaling/autoscaler.go:314","message":"Autoscaler: stable=0.873165 panic=0.327569 target=3.500000 pods=%!d(float64=1) desired=1 excessBC=-207.000000","knative.dev/key":"default/matrixmul-00001"}
{"severity":"INFO","timestamp":"2026-06-03T07:19:49.421735734Z","logger":"autoscaler","caller":"scaling/autoscaler.go:318","message":"⏱ Autoscaler decision: 62.278µs.","knative.dev/key":"default/matrixmul-00001"}
{"severity":"INFO","timestamp":"2026-06-03T07:19:49.423171103Z","logger":"autoscaler","caller":"scaling/autoscaler.go:207","message":"For metric concurrency observed values: stable = 0.1; panic = 0.2; target = 3.5 Desired StablePodCount = 1, PanicPodCount = 1, ReadyEndpointCount = 1, MaxScaleUp = 1000, MaxScaleDown = 0","knative.dev/key":"default/genmatrix-00001"}
{"severity":"INFO","timestamp":"2026-06-03T07:19:49.423203585Z","logger":"autoscaler","caller":"scaling/autoscaler.go:314","message":"Autoscaler: stable=0.099954 panic=0.216687 target=3.500000 pods=%!d(float64=1) desired=1 excessBC=-207.000000","knative.dev/key":"default/genmatrix-00001"}
{"severity":"INFO","timestamp":"2026-06-03T07:19:49.423219548Z","logger":"autoscaler","caller":"scaling/autoscaler.go:318","message":"⏱ Autoscaler decision: 82.574µs.","knative.dev/key":"default/genmatrix-00001"}
{"severity":"INFO","timestamp":"2026-06-03T07:19:49.423612307Z","logger":"autoscaler","caller":"scaling/autoscaler.go:207","message":"For metric concurrency observed values: stable = 0.7; panic = 1.1; target = 3.5 Desired StablePodCount = 1, PanicPodCount = 1, ReadyEndpointCount = 1, MaxScaleUp = 1000, MaxScaleDown = 0","knative.dev/key":"default/fastfouriertransform-00001"}
{"severity":"INFO","timestamp":"2026-06-03T07:19:49.423646103Z","logger":"autoscaler","caller":"scaling/autoscaler.go:314","message":"Autoscaler: stable=0.688196 panic=1.096918 target=3.500000 pods=%!d(float64=1) desired=1 excessBC=-208.000000","knative.dev/key":"default/fastfouriertransform-00001"}
{"severity":"INFO","timestamp":"2026-06-03T07:19:49.42365977Z","logger":"autoscaler","caller":"scaling/autoscaler.go:318","message":"⏱ Autoscaler decision: 60.814µs.","knative.dev/key":"default/fastfouriertransform-00001"}
{"severity":"INFO","timestamp":"2026-06-03T07:19:49.423682307Z","logger":"autoscaler","caller":"scaling/autoscaler.go:207","message":"For metric concurrency observed values: stable = 0.2; panic = 0.2; target = 3.5 Desired StablePodCount = 1, PanicPodCount = 1, ReadyEndpointCount = 1, MaxScaleUp = 1000, MaxScaleDown = 0","knative.dev/key":"default/fetchdata-00001"}
{"severity":"INFO","timestamp":"2026-06-03T07:19:49.42369201Z","logger":"autoscaler","caller":"scaling/autoscaler.go:314","message":"Autoscaler: stable=0.216483 panic=0.220817 target=3.500000 pods=%!d(float64=1) desired=1 excessBC=-207.000000","knative.dev/key":"default/fetchdata-00001"}
{"severity":"INFO","timestamp":"2026-06-03T07:19:49.423714769Z","logger":"autoscaler","caller":"scaling/autoscaler.go:318","message":"⏱ Autoscaler decision: 39.537µs.","knative.dev/key":"default/fetchdata-00001"}
{"severity":"INFO","timestamp":"2026-06-03T07:19:51.421618322Z","logger":"autoscaler","caller":"scaling/autoscaler.go:207","message":"For metric concurrency observed values: stable = 0.5; panic = 0.9; target = 3.5 Desired StablePodCount = 1, PanicPodCount = 1, ReadyEndpointCount = 1, MaxScaleUp = 1000, MaxScaleDown = 0","knative.dev/key":"default/linpack-00001"}
{"severity":"INFO","timestamp":"2026-06-03T07:19:51.421663656Z","logger":"autoscaler","caller":"scaling/autoscaler.go:314","message":"Autoscaler: stable=0.526825 panic=0.869892 target=3.500000 pods=%!d(float64=1) desired=1 excessBC=-207.000000","knative.dev/key":"default/linpack-00001"}
{"severity":"INFO","timestamp":"2026-06-03T07:19:51.421680304Z","logger":"autoscaler","caller":"scaling/autoscaler.go:318","message":"⏱ Autoscaler decision: 87.74µs.","knative.dev/key":"default/linpack-00001"}
{"severity":"INFO","timestamp":"2026-06-03T07:19:51.421706896Z","logger":"autoscaler","caller":"scaling/autoscaler.go:207","message":"For metric concurrency observed values: stable = 0.8; panic = 0.4; target = 3.5 Desired StablePodCount = 1, PanicPodCount = 1, ReadyEndpointCount = 1, MaxScaleUp = 1000, MaxScaleDown = 0","knative.dev/key":"default/matrixmul-00001"}
{"severity":"INFO","timestamp":"2026-06-03T07:19:51.421723026Z","logger":"autoscaler","caller":"scaling/autoscaler.go:314","message":"Autoscaler: stable=0.827492 panic=0.397741 target=3.500000 pods=%!d(float64=1) desired=1 excessBC=-207.000000","knative.dev/key":"default/matrixmul-00001"}
{"severity":"INFO","timestamp":"2026-06-03T07:19:51.421734933Z","logger":"autoscaler","caller":"scaling/autoscaler.go:318","message":"⏱ Autoscaler decision: 36.981µs.","knative.dev/key":"default/matrixmul-00001"}
{"severity":"INFO","timestamp":"2026-06-03T07:19:51.422583914Z","logger":"autoscaler","caller":"scaling/autoscaler.go:207","message":"For metric concurrency observed values: stable = 0.7; panic = 0.6; target = 3.5 Desired StablePodCount = 1, PanicPodCount = 1, ReadyEndpointCount = 1, MaxScaleUp = 1000, MaxScaleDown = 0","knative.dev/key":"default/fastfouriertransform-00001"}
{"severity":"INFO","timestamp":"2026-06-03T07:19:51.422614025Z","logger":"autoscaler","caller":"scaling/autoscaler.go:314","message":"Autoscaler: stable=0.666418 panic=0.571746 target=3.500000 pods=%!d(float64=1) desired=1 excessBC=-207.000000","knative.dev/key":"default/fastfouriertransform-00001"}
{"severity":"INFO","timestamp":"2026-06-03T07:19:51.422630433Z","logger":"autoscaler","caller":"scaling/autoscaler.go:318","message":"⏱ Autoscaler decision: 70.778µs.","knative.dev/key":"default/fastfouriertransform-00001"}
{"severity":"INFO","timestamp":"2026-06-03T07:19:51.422728673Z","logger":"autoscaler","caller":"scaling/autoscaler.go:207","message":"For metric concurrency observed values: stable = 0.2; panic = 0.3; target = 3.5 Desired StablePodCount = 1, PanicPodCount = 1, ReadyEndpointCount = 1, MaxScaleUp = 1000, MaxScaleDown = 0","knative.dev/key":"default/fetchdata-00001"}
{"severity":"INFO","timestamp":"2026-06-03T07:19:51.422747469Z","logger":"autoscaler","caller":"scaling/autoscaler.go:314","message":"Autoscaler: stable=0.219709 panic=0.258641 target=3.500000 pods=%!d(float64=1) desired=1 excessBC=-207.000000","knative.dev/key":"default/fetchdata-00001"}
{"severity":"INFO","timestamp":"2026-06-03T07:19:51.422772284Z","logger":"autoscaler","caller":"scaling/autoscaler.go:318","message":"⏱ Autoscaler decision: 51.129µs.","knative.dev/key":"default/fetchdata-00001"}
{"severity":"INFO","timestamp":"2026-06-03T07:19:51.423360784Z","logger":"autoscaler","caller":"scaling/autoscaler.go:207","message":"For metric concurrency observed values: stable = 0.1; panic = 0.2; target = 3.5 Desired StablePodCount = 1, PanicPodCount = 1, ReadyEndpointCount = 1, MaxScaleUp = 1000, MaxScaleDown = 0","knative.dev/key":"default/genmatrix-00001"}
{"severity":"INFO","timestamp":"2026-06-03T07:19:51.423390228Z","logger":"autoscaler","caller":"scaling/autoscaler.go:314","message":"Autoscaler: stable=0.100987 panic=0.225019 target=3.500000 pods=%!d(float64=1) desired=1 excessBC=-207.000000","knative.dev/key":"default/genmatrix-00001"}
{"severity":"INFO","timestamp":"2026-06-03T07:19:51.423406117Z","logger":"autoscaler","caller":"scaling/autoscaler.go:318","message":"⏱ Autoscaler decision: 63.204µs.","knative.dev/key":"default/genmatrix-00001"}
{"severity":"INFO","timestamp":"2026-06-03T07:19:53.421597332Z","logger":"autoscaler","caller":"scaling/autoscaler.go:207","message":"For metric concurrency observed values: stable = 0.5; panic = 0.3; target = 3.5 Desired StablePodCount = 1, PanicPodCount = 1, ReadyEndpointCount = 1, MaxScaleUp = 1000, MaxScaleDown = 0","knative.dev/key":"default/linpack-00001"}
{"severity":"INFO","timestamp":"2026-06-03T07:19:53.42164211Z","logger":"autoscaler","caller":"scaling/autoscaler.go:314","message":"Autoscaler: stable=0.509038 panic=0.301295 target=3.500000 pods=%!d(float64=1) desired=1 excessBC=-207.000000","knative.dev/key":"default/linpack-00001"}
{"severity":"INFO","timestamp":"2026-06-03T07:19:53.421665758Z","logger":"autoscaler","caller":"scaling/autoscaler.go:318","message":"⏱ Autoscaler decision: 276.814µs.","knative.dev/key":"default/linpack-00001"}
{"severity":"INFO","timestamp":"2026-06-03T07:19:53.421705406Z","logger":"autoscaler","caller":"scaling/autoscaler.go:207","message":"For metric concurrency observed values: stable = 0.8; panic = 0.6; target = 3.5 Desired StablePodCount = 1, PanicPodCount = 1, ReadyEndpointCount = 1, MaxScaleUp = 1000, MaxScaleDown = 0","knative.dev/key":"default/matrixmul-00001"}
{"severity":"INFO","timestamp":"2026-06-03T07:19:53.421724073Z","logger":"autoscaler","caller":"scaling/autoscaler.go:314","message":"Autoscaler: stable=0.827109 panic=0.629293 target=3.500000 pods=%!d(float64=1) desired=1 excessBC=-207.000000","knative.dev/key":"default/matrixmul-00001"}
{"severity":"INFO","timestamp":"2026-06-03T07:19:53.421742499Z","logger":"autoscaler","caller":"scaling/autoscaler.go:318","message":"⏱ Autoscaler decision: 50.444µs.","knative.dev/key":"default/matrixmul-00001"}
{"severity":"INFO","timestamp":"2026-06-03T07:19:53.423355256Z","logger":"autoscaler","caller":"scaling/autoscaler.go:207","message":"For metric concurrency observed values: stable = 0.1; panic = 0.2; target = 3.5 Desired StablePodCount = 1, PanicPodCount = 1, ReadyEndpointCount = 1, MaxScaleUp = 1000, MaxScaleDown = 0","knative.dev/key":"default/genmatrix-00001"}
{"severity":"INFO","timestamp":"2026-06-03T07:19:53.423394034Z","logger":"autoscaler","caller":"scaling/autoscaler.go:314","message":"Autoscaler: stable=0.117936 panic=0.221658 target=3.500000 pods=%!d(float64=1) desired=1 excessBC=-207.000000","knative.dev/key":"default/genmatrix-00001"}
{"severity":"INFO","timestamp":"2026-06-03T07:19:53.423415219Z","logger":"autoscaler","caller":"scaling/autoscaler.go:318","message":"⏱ Autoscaler decision: 93.018µs.","knative.dev/key":"default/genmatrix-00001"}
{"severity":"INFO","timestamp":"2026-06-03T07:19:53.423881904Z","logger":"autoscaler","caller":"scaling/autoscaler.go:207","message":"For metric concurrency observed values: stable = 0.7; panic = 0.9; target = 3.5 Desired StablePodCount = 1, PanicPodCount = 1, ReadyEndpointCount = 1, MaxScaleUp = 1000, MaxScaleDown = 0","knative.dev/key":"default/fastfouriertransform-00001"}
{"severity":"INFO","timestamp":"2026-06-03T07:19:53.423913237Z","logger":"autoscaler","caller":"scaling/autoscaler.go:314","message":"Autoscaler: stable=0.682059 panic=0.854144 target=3.500000 pods=%!d(float64=1) desired=1 excessBC=-207.000000","knative.dev/key":"default/fastfouriertransform-00001"}
{"severity":"INFO","timestamp":"2026-06-03T07:19:53.423933886Z","logger":"autoscaler","caller":"scaling/autoscaler.go:318","message":"⏱ Autoscaler decision: 65.666µs.","knative.dev/key":"default/fastfouriertransform-00001"}
{"severity":"INFO","timestamp":"2026-06-03T07:19:53.42397046Z","logger":"autoscaler","caller":"scaling/autoscaler.go:207","message":"For metric concurrency observed values: stable = 0.2; panic = 0.2; target = 3.5 Desired StablePodCount = 1, PanicPodCount = 1, ReadyEndpointCount = 1, MaxScaleUp = 1000, MaxScaleDown = 0","knative.dev/key":"default/fetchdata-00001"}
{"severity":"INFO","timestamp":"2026-06-03T07:19:53.423987904Z","logger":"autoscaler","caller":"scaling/autoscaler.go:314","message":"Autoscaler: stable=0.214930 panic=0.191080 target=3.500000 pods=%!d(float64=1) desired=1 excessBC=-207.000000","knative.dev/key":"default/fetchdata-00001"}
{"severity":"INFO","timestamp":"2026-06-03T07:19:53.424001848Z","logger":"autoscaler","caller":"scaling/autoscaler.go:318","message":"⏱ Autoscaler decision: 42.685µs.","knative.dev/key":"default/fetchdata-00001"}
{"severity":"INFO","timestamp":"2026-06-03T07:19:55.421240875Z","logger":"autoscaler","caller":"scaling/autoscaler.go:207","message":"For metric concurrency observed values: stable = 0.5; panic = 0.3; target = 3.5 Desired StablePodCount = 1, PanicPodCount = 1, ReadyEndpointCount = 1, MaxScaleUp = 1000, MaxScaleDown = 0","knative.dev/key":"default/linpack-00001"}
{"severity":"INFO","timestamp":"2026-06-03T07:19:55.421301875Z","logger":"autoscaler","caller":"scaling/autoscaler.go:314","message":"Autoscaler: stable=0.489016 panic=0.300097 target=3.500000 pods=%!d(float64=1) desired=1 excessBC=-207.000000","knative.dev/key":"default/linpack-00001"}
{"severity":"INFO","timestamp":"2026-06-03T07:19:55.421332486Z","logger":"autoscaler","caller":"scaling/autoscaler.go:318","message":"⏱ Autoscaler decision: 125.537µs.","knative.dev/key":"default/linpack-00001"}
{"severity":"INFO","timestamp":"2026-06-03T07:19:55.421709153Z","logger":"autoscaler","caller":"scaling/autoscaler.go:207","message":"For metric concurrency observed values: stable = 0.8; panic = 0.5; target = 3.5 Desired StablePodCount = 1, PanicPodCount = 1, ReadyEndpointCount = 1, MaxScaleUp = 1000, MaxScaleDown = 0","knative.dev/key":"default/matrixmul-00001"}
{"severity":"INFO","timestamp":"2026-06-03T07:19:55.421741282Z","logger":"autoscaler","caller":"scaling/autoscaler.go:314","message":"Autoscaler: stable=0.810824 panic=0.455779 target=3.500000 pods=%!d(float64=1) desired=1 excessBC=-207.000000","knative.dev/key":"default/matrixmul-00001"}
{"severity":"INFO","timestamp":"2026-06-03T07:19:55.421812912Z","logger":"autoscaler","caller":"scaling/autoscaler.go:318","message":"⏱ Autoscaler decision: 120.167µs.","knative.dev/key":"default/matrixmul-00001"}
{"severity":"INFO","timestamp":"2026-06-03T07:19:55.423165781Z","logger":"autoscaler","caller":"scaling/autoscaler.go:207","message":"For metric concurrency observed values: stable = 0.1; panic = 0.2; target = 3.5 Desired StablePodCount = 1, PanicPodCount = 1, ReadyEndpointCount = 1, MaxScaleUp = 1000, MaxScaleDown = 0","knative.dev/key":"default/genmatrix-00001"}
{"severity":"INFO","timestamp":"2026-06-03T07:19:55.423241651Z","logger":"autoscaler","caller":"scaling/autoscaler.go:314","message":"Autoscaler: stable=0.099933 panic=0.213986 target=3.500000 pods=%!d(float64=1) desired=1 excessBC=-207.000000","knative.dev/key":"default/genmatrix-00001"}
{"severity":"INFO","timestamp":"2026-06-03T07:19:55.423266429Z","logger":"autoscaler","caller":"scaling/autoscaler.go:318","message":"⏱ Autoscaler decision: 118.889µs.","knative.dev/key":"default/genmatrix-00001"}
{"severity":"INFO","timestamp":"2026-06-03T07:19:55.423729614Z","logger":"autoscaler","caller":"scaling/autoscaler.go:207","message":"For metric concurrency observed values: stable = 0.7; panic = 0.9; target = 3.5 Desired StablePodCount = 1, PanicPodCount = 1, ReadyEndpointCount = 1, MaxScaleUp = 1000, MaxScaleDown = 0","knative.dev/key":"default/fastfouriertransform-00001"}
{"severity":"INFO","timestamp":"2026-06-03T07:19:55.423803206Z","logger":"autoscaler","caller":"scaling/autoscaler.go:314","message":"Autoscaler: stable=0.691006 panic=0.920721 target=3.500000 pods=%!d(float64=1) desired=1 excessBC=-207.000000","knative.dev/key":"default/fastfouriertransform-00001"}
{"severity":"INFO","timestamp":"2026-06-03T07:19:55.423828965Z","logger":"autoscaler","caller":"scaling/autoscaler.go:318","message":"⏱ Autoscaler decision: 121.741µs.","knative.dev/key":"default/fastfouriertransform-00001"}
{"severity":"INFO","timestamp":"2026-06-03T07:19:55.423899039Z","logger":"autoscaler","caller":"scaling/autoscaler.go:207","message":"For metric concurrency observed values: stable = 0.2; panic = 0.1; target = 3.5 Desired StablePodCount = 1, PanicPodCount = 1, ReadyEndpointCount = 1, MaxScaleUp = 1000, MaxScaleDown = 0","knative.dev/key":"default/fetchdata-00001"}
{"severity":"INFO","timestamp":"2026-06-03T07:19:55.423941299Z","logger":"autoscaler","caller":"scaling/autoscaler.go:314","message":"Autoscaler: stable=0.212523 panic=0.136506 target=3.500000 pods=%!d(float64=1) desired=1 excessBC=-207.000000","knative.dev/key":"default/fetchdata-00001"}
{"severity":"INFO","timestamp":"2026-06-03T07:19:55.423992521Z","logger":"autoscaler","caller":"scaling/autoscaler.go:318","message":"⏱ Autoscaler decision: 138.648µs.","knative.dev/key":"default/fetchdata-00001"}
{"severity":"INFO","timestamp":"2026-06-03T07:19:57.421226803Z","logger":"autoscaler","caller":"scaling/autoscaler.go:207","message":"For metric concurrency observed values: stable = 0.5; panic = 0.8; target = 3.5 Desired StablePodCount = 1, PanicPodCount = 1, ReadyEndpointCount = 1, MaxScaleUp = 1000, MaxScaleDown = 0","knative.dev/key":"default/linpack-00001"}
{"severity":"INFO","timestamp":"2026-06-03T07:19:57.421280914Z","logger":"autoscaler","caller":"scaling/autoscaler.go:314","message":"Autoscaler: stable=0.532336 panic=0.807992 target=3.500000 pods=%!d(float64=1) desired=1 excessBC=-207.000000","knative.dev/key":"default/linpack-00001"}
{"severity":"INFO","timestamp":"2026-06-03T07:19:57.421304247Z","logger":"autoscaler","caller":"scaling/autoscaler.go:318","message":"⏱ Autoscaler decision: 120.129µs.","knative.dev/key":"default/linpack-00001"}
{"severity":"INFO","timestamp":"2026-06-03T07:19:57.421829302Z","logger":"autoscaler","caller":"scaling/autoscaler.go:207","message":"For metric concurrency observed values: stable = 0.8; panic = 0.4; target = 3.5 Desired StablePodCount = 1, PanicPodCount = 1, ReadyEndpointCount = 1, MaxScaleUp = 1000, MaxScaleDown = 0","knative.dev/key":"default/matrixmul-00001"}
{"severity":"INFO","timestamp":"2026-06-03T07:19:57.421868043Z","logger":"autoscaler","caller":"scaling/autoscaler.go:314","message":"Autoscaler: stable=0.812183 panic=0.390852 target=3.500000 pods=%!d(float64=1) desired=1 excessBC=-207.000000","knative.dev/key":"default/matrixmul-00001"}
{"severity":"INFO","timestamp":"2026-06-03T07:19:57.422044617Z","logger":"autoscaler","caller":"scaling/autoscaler.go:318","message":"⏱ Autoscaler decision: 276.259µs.","knative.dev/key":"default/matrixmul-00001"}
{"severity":"INFO","timestamp":"2026-06-03T07:19:57.423298523Z","logger":"autoscaler","caller":"scaling/autoscaler.go:207","message":"For metric concurrency observed values: stable = 0.1; panic = 0.2; target = 3.5 Desired StablePodCount = 1, PanicPodCount = 1, ReadyEndpointCount = 1, MaxScaleUp = 1000, MaxScaleDown = 0","knative.dev/key":"default/genmatrix-00001"}
{"severity":"INFO","timestamp":"2026-06-03T07:19:57.423331301Z","logger":"autoscaler","caller":"scaling/autoscaler.go:314","message":"Autoscaler: stable=0.102367 panic=0.246449 target=3.500000 pods=%!d(float64=1) desired=1 excessBC=-207.000000","knative.dev/key":"default/genmatrix-00001"}
{"severity":"INFO","timestamp":"2026-06-03T07:19:57.42342469Z","logger":"autoscaler","caller":"scaling/autoscaler.go:318","message":"⏱ Autoscaler decision: 148.537µs.","knative.dev/key":"default/genmatrix-00001"}
{"severity":"INFO","timestamp":"2026-06-03T07:19:57.423968615Z","logger":"autoscaler","caller":"scaling/autoscaler.go:207","message":"For metric concurrency observed values: stable = 0.7; panic = 0.5; target = 3.5 Desired StablePodCount = 1, PanicPodCount = 1, ReadyEndpointCount = 1, MaxScaleUp = 1000, MaxScaleDown = 0","knative.dev/key":"default/fastfouriertransform-00001"}
{"severity":"INFO","timestamp":"2026-06-03T07:19:57.423995485Z","logger":"autoscaler","caller":"scaling/autoscaler.go:314","message":"Autoscaler: stable=0.678261 panic=0.485245 target=3.500000 pods=%!d(float64=1) desired=1 excessBC=-207.000000","knative.dev/key":"default/fastfouriertransform-00001"}
{"severity":"INFO","timestamp":"2026-06-03T07:19:57.424373726Z","logger":"autoscaler","caller":"scaling/autoscaler.go:318","message":"⏱ Autoscaler decision: 417.463µs.","knative.dev/key":"default/fastfouriertransform-00001"}
{"severity":"INFO","timestamp":"2026-06-03T07:19:57.424418078Z","logger":"autoscaler","caller":"scaling/autoscaler.go:207","message":"For metric concurrency observed values: stable = 0.2; panic = 0.1; target = 3.5 Desired StablePodCount = 1, PanicPodCount = 1, ReadyEndpointCount = 1, MaxScaleUp = 1000, MaxScaleDown = 0","knative.dev/key":"default/fetchdata-00001"}
{"severity":"INFO","timestamp":"2026-06-03T07:19:57.424433726Z","logger":"autoscaler","caller":"scaling/autoscaler.go:314","message":"Autoscaler: stable=0.210572 panic=0.138155 target=3.500000 pods=%!d(float64=1) desired=1 excessBC=-207.000000","knative.dev/key":"default/fetchdata-00001"}
{"severity":"INFO","timestamp":"2026-06-03T07:19:57.424455115Z","logger":"autoscaler","caller":"scaling/autoscaler.go:318","message":"⏱ Autoscaler decision: 52.667µs.","knative.dev/key":"default/fetchdata-00001"}
{"severity":"INFO","timestamp":"2026-06-03T07:19:59.421442689Z","logger":"autoscaler","caller":"scaling/autoscaler.go:207","message":"For metric concurrency observed values: stable = 0.6; panic = 1.2; target = 3.5 Desired StablePodCount = 1, PanicPodCount = 1, ReadyEndpointCount = 1, MaxScaleUp = 1000, MaxScaleDown = 0","knative.dev/key":"default/linpack-00001"}
{"severity":"INFO","timestamp":"2026-06-03T07:19:59.421490967Z","logger":"autoscaler","caller":"scaling/autoscaler.go:314","message":"Autoscaler: stable=0.558914 panic=1.187512 target=3.500000 pods=%!d(float64=1) desired=1 excessBC=-208.000000","knative.dev/key":"default/linpack-00001"}
{"severity":"INFO","timestamp":"2026-06-03T07:19:59.421506096Z","logger":"autoscaler","caller":"scaling/autoscaler.go:318","message":"⏱ Autoscaler decision: 94.741µs.","knative.dev/key":"default/linpack-00001"}
{"severity":"INFO","timestamp":"2026-06-03T07:19:59.421776244Z","logger":"autoscaler","caller":"scaling/autoscaler.go:207","message":"For metric concurrency observed values: stable = 0.8; panic = 0.2; target = 3.5 Desired StablePodCount = 1, PanicPodCount = 1, ReadyEndpointCount = 1, MaxScaleUp = 1000, MaxScaleDown = 0","knative.dev/key":"default/matrixmul-00001"}
{"severity":"INFO","timestamp":"2026-06-03T07:19:59.421800652Z","logger":"autoscaler","caller":"scaling/autoscaler.go:314","message":"Autoscaler: stable=0.791757 panic=0.170007 target=3.500000 pods=%!d(float64=1) desired=1 excessBC=-207.000000","knative.dev/key":"default/matrixmul-00001"}
{"severity":"INFO","timestamp":"2026-06-03T07:19:59.421822041Z","logger":"autoscaler","caller":"scaling/autoscaler.go:318","message":"⏱ Autoscaler decision: 164.518µs.","knative.dev/key":"default/matrixmul-00001"}
{"severity":"INFO","timestamp":"2026-06-03T07:19:59.422370151Z","logger":"autoscaler","caller":"scaling/autoscaler.go:207","message":"For metric concurrency observed values: stable = 0.7; panic = 0.2; target = 3.5 Desired StablePodCount = 1, PanicPodCount = 1, ReadyEndpointCount = 1, MaxScaleUp = 1000, MaxScaleDown = 0","knative.dev/key":"default/fastfouriertransform-00001"}
{"severity":"INFO","timestamp":"2026-06-03T07:19:59.422761669Z","logger":"autoscaler","caller":"scaling/autoscaler.go:314","message":"Autoscaler: stable=0.672148 panic=0.234780 target=3.500000 pods=%!d(float64=1) desired=1 excessBC=-207.000000","knative.dev/key":"default/fastfouriertransform-00001"}
{"severity":"INFO","timestamp":"2026-06-03T07:19:59.422778447Z","logger":"autoscaler","caller":"scaling/autoscaler.go:318","message":"⏱ Autoscaler decision: 418.907µs.","knative.dev/key":"default/fastfouriertransform-00001"}
{"severity":"INFO","timestamp":"2026-06-03T07:19:59.422738614Z","logger":"autoscaler","caller":"scaling/autoscaler.go:207","message":"For metric concurrency observed values: stable = 0.2; panic = 0.2; target = 3.5 Desired StablePodCount = 1, PanicPodCount = 1, ReadyEndpointCount = 1, MaxScaleUp = 1000, MaxScaleDown = 0","knative.dev/key":"default/fetchdata-00001"}
{"severity":"INFO","timestamp":"2026-06-03T07:19:59.422795466Z","logger":"autoscaler","caller":"scaling/autoscaler.go:314","message":"Autoscaler: stable=0.208908 panic=0.156578 target=3.500000 pods=%!d(float64=1) desired=1 excessBC=-207.000000","knative.dev/key":"default/fetchdata-00001"}
{"severity":"INFO","timestamp":"2026-06-03T07:19:59.422805003Z","logger":"autoscaler","caller":"scaling/autoscaler.go:318","message":"⏱ Autoscaler decision: 78.389µs.","knative.dev/key":"default/fetchdata-00001"}
{"severity":"INFO","timestamp":"2026-06-03T07:19:59.423125928Z","logger":"autoscaler","caller":"scaling/autoscaler.go:207","message":"For metric concurrency observed values: stable = 0.1; panic = 0.0; target = 3.5 Desired StablePodCount = 1, PanicPodCount = 1, ReadyEndpointCount = 1, MaxScaleUp = 1000, MaxScaleDown = 0","knative.dev/key":"default/genmatrix-00001"}
{"severity":"INFO","timestamp":"2026-06-03T07:19:59.423140595Z","logger":"autoscaler","caller":"scaling/autoscaler.go:314","message":"Autoscaler: stable=0.100843 panic=0.044138 target=3.500000 pods=%!d(float64=1) desired=1 excessBC=-207.000000","knative.dev/key":"default/genmatrix-00001"}
{"severity":"INFO","timestamp":"2026-06-03T07:19:59.42315615Z","logger":"autoscaler","caller":"scaling/autoscaler.go:318","message":"⏱ Autoscaler decision: 38.408µs.","knative.dev/key":"default/genmatrix-00001"}
{"severity":"INFO","timestamp":"2026-06-03T07:20:01.42104935Z","logger":"autoscaler","caller":"scaling/autoscaler.go:207","message":"For metric concurrency observed values: stable = 0.5; panic = 0.8; target = 3.5 Desired StablePodCount = 1, PanicPodCount = 1, ReadyEndpointCount = 1, MaxScaleUp = 1000, MaxScaleDown = 0","knative.dev/key":"default/linpack-00001"}
{"severity":"INFO","timestamp":"2026-06-03T07:20:01.421089239Z","logger":"autoscaler","caller":"scaling/autoscaler.go:314","message":"Autoscaler: stable=0.547591 panic=0.799876 target=3.500000 pods=%!d(float64=1) desired=1 excessBC=-207.000000","knative.dev/key":"default/linpack-00001"}
{"severity":"INFO","timestamp":"2026-06-03T07:20:01.421108683Z","logger":"autoscaler","caller":"scaling/autoscaler.go:318","message":"⏱ Autoscaler decision: 73.37µs.","knative.dev/key":"default/linpack-00001"}
{"severity":"INFO","timestamp":"2026-06-03T07:20:01.42167772Z","logger":"autoscaler","caller":"scaling/autoscaler.go:207","message":"For metric concurrency observed values: stable = 0.8; panic = 0.0; target = 3.5 Desired StablePodCount = 1, PanicPodCount = 1, ReadyEndpointCount = 1, MaxScaleUp = 1000, MaxScaleDown = 0","knative.dev/key":"default/matrixmul-00001"}
{"severity":"INFO","timestamp":"2026-06-03T07:20:01.421706034Z","logger":"autoscaler","caller":"scaling/autoscaler.go:314","message":"Autoscaler: stable=0.769761 panic=0.008296 target=3.500000 pods=%!d(float64=1) desired=1 excessBC=-207.000000","knative.dev/key":"default/matrixmul-00001"}
{"severity":"INFO","timestamp":"2026-06-03T07:20:01.422250404Z","logger":"autoscaler","caller":"scaling/autoscaler.go:318","message":"⏱ Autoscaler decision: 591.888µs.","knative.dev/key":"default/matrixmul-00001"}
{"severity":"INFO","timestamp":"2026-06-03T07:20:01.422458719Z","logger":"autoscaler","caller":"scaling/autoscaler.go:207","message":"For metric concurrency observed values: stable = 0.7; panic = 0.1; target = 3.5 Desired StablePodCount = 1, PanicPodCount = 1, ReadyEndpointCount = 1, MaxScaleUp = 1000, MaxScaleDown = 0","knative.dev/key":"default/fastfouriertransform-00001"}
{"severity":"INFO","timestamp":"2026-06-03T07:20:01.422732904Z","logger":"autoscaler","caller":"scaling/autoscaler.go:314","message":"Autoscaler: stable=0.655199 panic=0.130404 target=3.500000 pods=%!d(float64=1) desired=1 excessBC=-207.000000","knative.dev/key":"default/fastfouriertransform-00001"}
{"severity":"INFO","timestamp":"2026-06-03T07:20:01.422751626Z","logger":"autoscaler","caller":"scaling/autoscaler.go:318","message":"⏱ Autoscaler decision: 306.167µs.","knative.dev/key":"default/fastfouriertransform-00001"}
{"severity":"INFO","timestamp":"2026-06-03T07:20:01.422780071Z","logger":"autoscaler","caller":"scaling/autoscaler.go:207","message":"For metric concurrency observed values: stable = 0.2; panic = 0.1; target = 3.5 Desired StablePodCount = 1, PanicPodCount = 1, ReadyEndpointCount = 1, MaxScaleUp = 1000, MaxScaleDown = 0","knative.dev/key":"default/fetchdata-00001"}
{"severity":"INFO","timestamp":"2026-06-03T07:20:01.422797219Z","logger":"autoscaler","caller":"scaling/autoscaler.go:314","message":"Autoscaler: stable=0.198607 panic=0.086928 target=3.500000 pods=%!d(float64=1) desired=1 excessBC=-207.000000","knative.dev/key":"default/fetchdata-00001"}
{"severity":"INFO","timestamp":"2026-06-03T07:20:01.422808274Z","logger":"autoscaler","caller":"scaling/autoscaler.go:318","message":"⏱ Autoscaler decision: 38.204µs.","knative.dev/key":"default/fetchdata-00001"}
{"severity":"INFO","timestamp":"2026-06-03T07:20:01.423417496Z","logger":"autoscaler","caller":"scaling/autoscaler.go:207","message":"For metric concurrency observed values: stable = 0.1; panic = 0.0; target = 3.5 Desired StablePodCount = 1, PanicPodCount = 1, ReadyEndpointCount = 1, MaxScaleUp = 1000, MaxScaleDown = 0","knative.dev/key":"default/genmatrix-00001"}
{"severity":"INFO","timestamp":"2026-06-03T07:20:01.423438311Z","logger":"autoscaler","caller":"scaling/autoscaler.go:314","message":"Autoscaler: stable=0.100477 panic=0.021469 target=3.500000 pods=%!d(float64=1) desired=1 excessBC=-207.000000","knative.dev/key":"default/genmatrix-00001"}
{"severity":"INFO","timestamp":"2026-06-03T07:20:01.423452088Z","logger":"autoscaler","caller":"scaling/autoscaler.go:318","message":"⏱ Autoscaler decision: 51.389µs.","knative.dev/key":"default/genmatrix-00001"}
{"severity":"INFO","timestamp":"2026-06-03T07:20:03.421653691Z","logger":"autoscaler","caller":"scaling/autoscaler.go:207","message":"For metric concurrency observed values: stable = 0.8; panic = -0.0; target = 3.5 Desired StablePodCount = 1, PanicPodCount = -0, ReadyEndpointCount = 1, MaxScaleUp = 1000, MaxScaleDown = 0","knative.dev/key":"default/matrixmul-00001"}
{"severity":"INFO","timestamp":"2026-06-03T07:20:03.421698839Z","logger":"autoscaler","caller":"scaling/autoscaler.go:314","message":"Autoscaler: stable=0.754694 panic=-0.000000 target=3.500000 pods=%!d(float64=1) desired=1 excessBC=-206.000000","knative.dev/key":"default/matrixmul-00001"}
{"severity":"INFO","timestamp":"2026-06-03T07:20:03.421716024Z","logger":"autoscaler","caller":"scaling/autoscaler.go:318","message":"⏱ Autoscaler decision: 90µs.","knative.dev/key":"default/matrixmul-00001"}
{"severity":"INFO","timestamp":"2026-06-03T07:20:03.422111876Z","logger":"autoscaler","caller":"scaling/autoscaler.go:207","message":"For metric concurrency observed values: stable = 0.5; panic = 0.1; target = 3.5 Desired StablePodCount = 1, PanicPodCount = 1, ReadyEndpointCount = 1, MaxScaleUp = 1000, MaxScaleDown = 0","knative.dev/key":"default/linpack-00001"}
{"severity":"INFO","timestamp":"2026-06-03T07:20:03.422153561Z","logger":"autoscaler","caller":"scaling/autoscaler.go:314","message":"Autoscaler: stable=0.516145 panic=0.092904 target=3.500000 pods=%!d(float64=1) desired=1 excessBC=-207.000000","knative.dev/key":"default/linpack-00001"}
{"severity":"INFO","timestamp":"2026-06-03T07:20:03.422168727Z","logger":"autoscaler","caller":"scaling/autoscaler.go:318","message":"⏱ Autoscaler decision: 75.371µs.","knative.dev/key":"default/linpack-00001"}
{"severity":"INFO","timestamp":"2026-06-03T07:20:03.422405357Z","logger":"autoscaler","caller":"scaling/autoscaler.go:207","message":"For metric concurrency observed values: stable = 0.7; panic = 0.1; target = 3.5 Desired StablePodCount = 1, PanicPodCount = 1, ReadyEndpointCount = 1, MaxScaleUp = 1000, MaxScaleDown = 0","knative.dev/key":"default/fastfouriertransform-00001"}
{"severity":"INFO","timestamp":"2026-06-03T07:20:03.422425227Z","logger":"autoscaler","caller":"scaling/autoscaler.go:314","message":"Autoscaler: stable=0.650261 panic=0.064015 target=3.500000 pods=%!d(float64=1) desired=1 excessBC=-207.000000","knative.dev/key":"default/fastfouriertransform-00001"}
{"severity":"INFO","timestamp":"2026-06-03T07:20:03.422440227Z","logger":"autoscaler","caller":"scaling/autoscaler.go:318","message":"⏱ Autoscaler decision: 47.315µs.","knative.dev/key":"default/fastfouriertransform-00001"}
{"severity":"INFO","timestamp":"2026-06-03T07:20:03.423042467Z","logger":"autoscaler","caller":"scaling/autoscaler.go:207","message":"For metric concurrency observed values: stable = 0.2; panic = 0.0; target = 3.5 Desired StablePodCount = 1, PanicPodCount = 1, ReadyEndpointCount = 1, MaxScaleUp = 1000, MaxScaleDown = 0","knative.dev/key":"default/fetchdata-00001"}
{"severity":"INFO","timestamp":"2026-06-03T07:20:03.423066504Z","logger":"autoscaler","caller":"scaling/autoscaler.go:314","message":"Autoscaler: stable=0.181657 panic=0.010935 target=3.500000 pods=%!d(float64=1) desired=1 excessBC=-207.000000","knative.dev/key":"default/fetchdata-00001"}
{"severity":"INFO","timestamp":"2026-06-03T07:20:03.423082078Z","logger":"autoscaler","caller":"scaling/autoscaler.go:318","message":"⏱ Autoscaler decision: 54.537µs.","knative.dev/key":"default/fetchdata-00001"}
{"severity":"INFO","timestamp":"2026-06-03T07:20:03.423145745Z","logger":"autoscaler","caller":"scaling/autoscaler.go:207","message":"For metric concurrency observed values: stable = 0.1; panic = -0.0; target = 3.5 Desired StablePodCount = 1, PanicPodCount = -0, ReadyEndpointCount = 1, MaxScaleUp = 1000, MaxScaleDown = 0","knative.dev/key":"default/genmatrix-00001"}
{"severity":"INFO","timestamp":"2026-06-03T07:20:03.423159838Z","logger":"autoscaler","caller":"scaling/autoscaler.go:314","message":"Autoscaler: stable=0.083239 panic=-0.000000 target=3.500000 pods=%!d(float64=1) desired=1 excessBC=-206.000000","knative.dev/key":"default/genmatrix-00001"}
{"severity":"INFO","timestamp":"2026-06-03T07:20:03.423170763Z","logger":"autoscaler","caller":"scaling/autoscaler.go:318","message":"⏱ Autoscaler decision: 35.981µs.","knative.dev/key":"default/genmatrix-00001"}
{"severity":"INFO","timestamp":"2026-06-03T07:20:05.421294677Z","logger":"autoscaler","caller":"scaling/autoscaler.go:207","message":"For metric concurrency observed values: stable = 0.5; panic = 0.0; target = 3.5 Desired StablePodCount = 1, PanicPodCount = 0, ReadyEndpointCount = 1, MaxScaleUp = 1000, MaxScaleDown = 0","knative.dev/key":"default/linpack-00001"}
{"severity":"INFO","timestamp":"2026-06-03T07:20:05.421342973Z","logger":"autoscaler","caller":"scaling/autoscaler.go:314","message":"Autoscaler: stable=0.498787 panic=0.000000 target=3.500000 pods=%!d(float64=1) desired=1 excessBC=-206.000000","knative.dev/key":"default/linpack-00001"}
{"severity":"INFO","timestamp":"2026-06-03T07:20:05.421367936Z","logger":"autoscaler","caller":"scaling/autoscaler.go:318","message":"⏱ Autoscaler decision: 103.685µs.","knative.dev/key":"default/linpack-00001"}
{"severity":"INFO","timestamp":"2026-06-03T07:20:05.421646676Z","logger":"autoscaler","caller":"scaling/autoscaler.go:207","message":"For metric concurrency observed values: stable = 0.7; panic = -0.0; target = 3.5 Desired StablePodCount = 1, PanicPodCount = -0, ReadyEndpointCount = 1, MaxScaleUp = 1000, MaxScaleDown = 0","knative.dev/key":"default/matrixmul-00001"}
{"severity":"INFO","timestamp":"2026-06-03T07:20:05.421675917Z","logger":"autoscaler","caller":"scaling/autoscaler.go:314","message":"Autoscaler: stable=0.711959 panic=-0.000000 target=3.500000 pods=%!d(float64=1) desired=1 excessBC=-206.000000","knative.dev/key":"default/matrixmul-00001"}
{"severity":"INFO","timestamp":"2026-06-03T07:20:05.421695787Z","logger":"autoscaler","caller":"scaling/autoscaler.go:318","message":"⏱ Autoscaler decision: 67.352µs.","knative.dev/key":"default/matrixmul-00001"}
{"severity":"INFO","timestamp":"2026-06-03T07:20:05.42317386Z","logger":"autoscaler","caller":"scaling/autoscaler.go:207","message":"For metric concurrency observed values: stable = 0.1; panic = -0.0; target = 3.5 Desired StablePodCount = 1, PanicPodCount = -0, ReadyEndpointCount = 1, MaxScaleUp = 1000, MaxScaleDown = 0","knative.dev/key":"default/genmatrix-00001"}
{"severity":"INFO","timestamp":"2026-06-03T07:20:05.423202193Z","logger":"autoscaler","caller":"scaling/autoscaler.go:314","message":"Autoscaler: stable=0.081904 panic=-0.000000 target=3.500000 pods=%!d(float64=1) desired=1 excessBC=-206.000000","knative.dev/key":"default/genmatrix-00001"}
{"severity":"INFO","timestamp":"2026-06-03T07:20:05.423220397Z","logger":"autoscaler","caller":"scaling/autoscaler.go:318","message":"⏱ Autoscaler decision: 67.759µs.","knative.dev/key":"default/genmatrix-00001"}
{"severity":"INFO","timestamp":"2026-06-03T07:20:05.423552415Z","logger":"autoscaler","caller":"scaling/autoscaler.go:207","message":"For metric concurrency observed values: stable = 0.6; panic = -0.0; target = 3.5 Desired StablePodCount = 1, PanicPodCount = -0, ReadyEndpointCount = 1, MaxScaleUp = 1000, MaxScaleDown = 0","knative.dev/key":"default/fastfouriertransform-00001"}
{"severity":"INFO","timestamp":"2026-06-03T07:20:05.423579008Z","logger":"autoscaler","caller":"scaling/autoscaler.go:314","message":"Autoscaler: stable=0.633169 panic=-0.000000 target=3.500000 pods=%!d(float64=1) desired=1 excessBC=-206.000000","knative.dev/key":"default/fastfouriertransform-00001"}
{"severity":"INFO","timestamp":"2026-06-03T07:20:05.423598286Z","logger":"autoscaler","caller":"scaling/autoscaler.go:318","message":"⏱ Autoscaler decision: 60.018µs.","knative.dev/key":"default/fastfouriertransform-00001"}
{"severity":"INFO","timestamp":"2026-06-03T07:20:05.423630452Z","logger":"autoscaler","caller":"scaling/autoscaler.go:207","message":"For metric concurrency observed values: stable = 0.2; panic = 0.0; target = 3.5 Desired StablePodCount = 1, PanicPodCount = 0, ReadyEndpointCount = 1, MaxScaleUp = 1000, MaxScaleDown = 0","knative.dev/key":"default/fetchdata-00001"}
{"severity":"INFO","timestamp":"2026-06-03T07:20:05.423646989Z","logger":"autoscaler","caller":"scaling/autoscaler.go:314","message":"Autoscaler: stable=0.177202 panic=0.000000 target=3.500000 pods=%!d(float64=1) desired=1 excessBC=-206.000000","knative.dev/key":"default/fetchdata-00001"}
{"severity":"INFO","timestamp":"2026-06-03T07:20:05.423666378Z","logger":"autoscaler","caller":"scaling/autoscaler.go:318","message":"⏱ Autoscaler decision: 46.167µs.","knative.dev/key":"default/fetchdata-00001"}
{"severity":"INFO","timestamp":"2026-06-03T07:20:07.42133351Z","logger":"autoscaler","caller":"scaling/autoscaler.go:207","message":"For metric concurrency observed values: stable = 0.5; panic = 0.0; target = 3.5 Desired StablePodCount = 1, PanicPodCount = 0, ReadyEndpointCount = 1, MaxScaleUp = 1000, MaxScaleDown = 0","knative.dev/key":"default/linpack-00001"}
{"severity":"INFO","timestamp":"2026-06-03T07:20:07.421382362Z","logger":"autoscaler","caller":"scaling/autoscaler.go:314","message":"Autoscaler: stable=0.474713 panic=0.000000 target=3.500000 pods=%!d(float64=1) desired=1 excessBC=-206.000000","knative.dev/key":"default/linpack-00001"}
{"severity":"INFO","timestamp":"2026-06-03T07:20:07.421426714Z","logger":"autoscaler","caller":"scaling/autoscaler.go:318","message":"⏱ Autoscaler decision: 129.519µs.","knative.dev/key":"default/linpack-00001"}
{"severity":"INFO","timestamp":"2026-06-03T07:20:07.421678621Z","logger":"autoscaler","caller":"scaling/autoscaler.go:207","message":"For metric concurrency observed values: stable = 0.7; panic = -0.0; target = 3.5 Desired StablePodCount = 1, PanicPodCount = -0, ReadyEndpointCount = 1, MaxScaleUp = 1000, MaxScaleDown = 0","knative.dev/key":"default/matrixmul-00001"}
{"severity":"INFO","timestamp":"2026-06-03T07:20:07.421709473Z","logger":"autoscaler","caller":"scaling/autoscaler.go:314","message":"Autoscaler: stable=0.701886 panic=-0.000000 target=3.500000 pods=%!d(float64=1) desired=1 excessBC=-206.000000","knative.dev/key":"default/matrixmul-00001"}
{"severity":"INFO","timestamp":"2026-06-03T07:20:07.421939473Z","logger":"autoscaler","caller":"scaling/autoscaler.go:318","message":"⏱ Autoscaler decision: 295.388µs.","knative.dev/key":"default/matrixmul-00001"}
{"severity":"INFO","timestamp":"2026-06-03T07:20:07.422543565Z","logger":"autoscaler","caller":"scaling/autoscaler.go:207","message":"For metric concurrency observed values: stable = 0.6; panic = -0.0; target = 3.5 Desired StablePodCount = 1, PanicPodCount = -0, ReadyEndpointCount = 1, MaxScaleUp = 1000, MaxScaleDown = 0","knative.dev/key":"default/fastfouriertransform-00001"}
{"severity":"INFO","timestamp":"2026-06-03T07:20:07.422572379Z","logger":"autoscaler","caller":"scaling/autoscaler.go:314","message":"Autoscaler: stable=0.619457 panic=-0.000000 target=3.500000 pods=%!d(float64=1) desired=1 excessBC=-206.000000","knative.dev/key":"default/fastfouriertransform-00001"}
{"severity":"INFO","timestamp":"2026-06-03T07:20:07.42259312Z","logger":"autoscaler","caller":"scaling/autoscaler.go:318","message":"⏱ Autoscaler decision: 78.426µs.","knative.dev/key":"default/fastfouriertransform-00001"}
{"severity":"INFO","timestamp":"2026-06-03T07:20:07.422765379Z","logger":"autoscaler","caller":"scaling/autoscaler.go:207","message":"For metric concurrency observed values: stable = 0.2; panic = 0.0; target = 3.5 Desired StablePodCount = 1, PanicPodCount = 0, ReadyEndpointCount = 1, MaxScaleUp = 1000, MaxScaleDown = 0","knative.dev/key":"default/fetchdata-00001"}
{"severity":"INFO","timestamp":"2026-06-03T07:20:07.422788083Z","logger":"autoscaler","caller":"scaling/autoscaler.go:314","message":"Autoscaler: stable=0.171273 panic=0.000000 target=3.500000 pods=%!d(float64=1) desired=1 excessBC=-206.000000","knative.dev/key":"default/fetchdata-00001"}
{"severity":"INFO","timestamp":"2026-06-03T07:20:07.422806564Z","logger":"autoscaler","caller":"scaling/autoscaler.go:318","message":"⏱ Autoscaler decision: 51.944µs.","knative.dev/key":"default/fetchdata-00001"}
{"severity":"INFO","timestamp":"2026-06-03T07:20:07.423861971Z","logger":"autoscaler","caller":"scaling/autoscaler.go:207","message":"For metric concurrency observed values: stable = 0.1; panic = -0.0; target = 3.5 Desired StablePodCount = 1, PanicPodCount = -0, ReadyEndpointCount = 1, MaxScaleUp = 1000, MaxScaleDown = 0","knative.dev/key":"default/genmatrix-00001"}
{"severity":"INFO","timestamp":"2026-06-03T07:20:07.423898804Z","logger":"autoscaler","caller":"scaling/autoscaler.go:314","message":"Autoscaler: stable=0.080225 panic=-0.000000 target=3.500000 pods=%!d(float64=1) desired=1 excessBC=-206.000000","knative.dev/key":"default/genmatrix-00001"}
{"severity":"INFO","timestamp":"2026-06-03T07:20:07.423998397Z","logger":"autoscaler","caller":"scaling/autoscaler.go:318","message":"⏱ Autoscaler decision: 75.704µs.","knative.dev/key":"default/genmatrix-00001"}
{"severity":"INFO","timestamp":"2026-06-03T07:20:09.231059204Z","logger":"autoscaler","caller":"kpa/kpa.go:193","message":"SKS should be in Proxy mode: want = 1, ebc = -206, #act's = 3 PA Inactive? = false","knative.dev/controller":"knative.dev.serving.pkg.reconciler.autoscaling.kpa.Reconciler","knative.dev/kind":"autoscaling.internal.knative.dev.PodAutoscaler","knative.dev/traceid":"78e5dd6a-3e4f-4df2-8a46-e753f2276c11","knative.dev/key":"default/linpack-00001"}
{"severity":"INFO","timestamp":"2026-06-03T07:20:09.231157426Z","logger":"autoscaler","caller":"kpa/kpa.go:221","message":"KPA Scale decision for revision default/linpack-00001: currentPods=1, calculatedWant=1, desiredPods=1, excessBurstCapacity=-206","knative.dev/controller":"knative.dev.serving.pkg.reconciler.autoscaling.kpa.Reconciler","knative.dev/kind":"autoscaling.internal.knative.dev.PodAutoscaler","knative.dev/traceid":"78e5dd6a-3e4f-4df2-8a46-e753f2276c11","knative.dev/key":"default/linpack-00001"}
{"severity":"INFO","timestamp":"2026-06-03T07:20:09.231204444Z","logger":"autoscaler","caller":"kpa/kpa.go:239","message":"Observed pod counts=kpa.podCounts{want:1, ready:1, notReady:1, pending:0, terminating:1}","knative.dev/controller":"knative.dev.serving.pkg.reconciler.autoscaling.kpa.Reconciler","knative.dev/kind":"autoscaling.internal.knative.dev.PodAutoscaler","knative.dev/traceid":"78e5dd6a-3e4f-4df2-8a46-e753f2276c11","knative.dev/key":"default/linpack-00001"}
{"severity":"INFO","timestamp":"2026-06-03T07:20:09.231314926Z","logger":"autoscaler","caller":"kpa/kpa.go:298","message":"KPA Status for revision default/linpack-00001 after reconcile: currentPods=1, desiredPods=1, conditions=[Active=True Ready=True SKSReady=True ScaleTargetInitialized=True]","knative.dev/controller":"knative.dev.serving.pkg.reconciler.autoscaling.kpa.Reconciler","knative.dev/kind":"autoscaling.internal.knative.dev.PodAutoscaler","knative.dev/traceid":"78e5dd6a-3e4f-4df2-8a46-e753f2276c11","knative.dev/key":"default/linpack-00001"}
{"severity":"INFO","timestamp":"2026-06-03T07:20:09.231366092Z","logger":"autoscaler","caller":"kpa/kpa.go:242","message":"Cold start final  took: 679.352µs","knative.dev/controller":"knative.dev.serving.pkg.reconciler.autoscaling.kpa.Reconciler","knative.dev/kind":"autoscaling.internal.knative.dev.PodAutoscaler","knative.dev/traceid":"78e5dd6a-3e4f-4df2-8a46-e753f2276c11","knative.dev/key":"default/linpack-00001"}
{"severity":"INFO","timestamp":"2026-06-03T07:20:09.231476851Z","logger":"autoscaler","caller":"controller/controller.go:530","message":"Reconcile succeeded","knative.dev/controller":"knative.dev.serving.pkg.reconciler.autoscaling.kpa.Reconciler","knative.dev/kind":"autoscaling.internal.knative.dev.PodAutoscaler","knative.dev/traceid":"78e5dd6a-3e4f-4df2-8a46-e753f2276c11","knative.dev/key":"default/linpack-00001","duration":"873.332µs"}
{"severity":"INFO","timestamp":"2026-06-03T07:20:09.421639395Z","logger":"autoscaler","caller":"scaling/autoscaler.go:207","message":"For metric concurrency observed values: stable = 0.7; panic = -0.0; target = 3.5 Desired StablePodCount = 1, PanicPodCount = -0, ReadyEndpointCount = 1, MaxScaleUp = 1000, MaxScaleDown = 0","knative.dev/key":"default/matrixmul-00001"}
{"severity":"INFO","timestamp":"2026-06-03T07:20:09.421688525Z","logger":"autoscaler","caller":"scaling/autoscaler.go:314","message":"Autoscaler: stable=0.662525 panic=-0.000000 target=3.500000 pods=%!d(float64=1) desired=1 excessBC=-206.000000","knative.dev/key":"default/matrixmul-00001"}
{"severity":"INFO","timestamp":"2026-06-03T07:20:09.421758265Z","logger":"autoscaler","caller":"scaling/autoscaler.go:318","message":"⏱ Autoscaler decision: 135.166µs.","knative.dev/key":"default/matrixmul-00001"}
{"severity":"INFO","timestamp":"2026-06-03T07:20:09.422001673Z","logger":"autoscaler","caller":"scaling/autoscaler.go:207","message":"For metric concurrency observed values: stable = 0.5; panic = 0.0; target = 3.5 Desired StablePodCount = 1, PanicPodCount = 0, ReadyEndpointCount = 1, MaxScaleUp = 1000, MaxScaleDown = 0","knative.dev/key":"default/linpack-00001"}
{"severity":"INFO","timestamp":"2026-06-03T07:20:09.422026913Z","logger":"autoscaler","caller":"scaling/autoscaler.go:314","message":"Autoscaler: stable=0.462676 panic=0.000000 target=3.500000 pods=%!d(float64=1) desired=1 excessBC=-206.000000","knative.dev/key":"default/linpack-00001"}
{"severity":"INFO","timestamp":"2026-06-03T07:20:09.42204595Z","logger":"autoscaler","caller":"scaling/autoscaler.go:318","message":"⏱ Autoscaler decision: 485.592µs.","knative.dev/key":"default/linpack-00001"}
{"severity":"INFO","timestamp":"2026-06-03T07:20:09.422513987Z","logger":"autoscaler","caller":"scaling/autoscaler.go:207","message":"For metric concurrency observed values: stable = 0.6; panic = -0.0; target = 3.5 Desired StablePodCount = 1, PanicPodCount = -0, ReadyEndpointCount = 1, MaxScaleUp = 1000, MaxScaleDown = 0","knative.dev/key":"default/fastfouriertransform-00001"}
{"severity":"INFO","timestamp":"2026-06-03T07:20:09.422544357Z","logger":"autoscaler","caller":"scaling/autoscaler.go:314","message":"Autoscaler: stable=0.618462 panic=-0.000000 target=3.500000 pods=%!d(float64=1) desired=1 excessBC=-206.000000","knative.dev/key":"default/fastfouriertransform-00001"}
{"severity":"INFO","timestamp":"2026-06-03T07:20:09.42266519Z","logger":"autoscaler","caller":"scaling/autoscaler.go:318","message":"⏱ Autoscaler decision: 167.667µs.","knative.dev/key":"default/fastfouriertransform-00001"}
{"severity":"INFO","timestamp":"2026-06-03T07:20:09.422760468Z","logger":"autoscaler","caller":"scaling/autoscaler.go:207","message":"For metric concurrency observed values: stable = 0.2; panic = 0.0; target = 3.5 Desired StablePodCount = 1, PanicPodCount = 0, ReadyEndpointCount = 1, MaxScaleUp = 1000, MaxScaleDown = 0","knative.dev/key":"default/fetchdata-00001"}
{"severity":"INFO","timestamp":"2026-06-03T07:20:09.42277895Z","logger":"autoscaler","caller":"scaling/autoscaler.go:314","message":"Autoscaler: stable=0.166787 panic=0.000000 target=3.500000 pods=%!d(float64=1) desired=1 excessBC=-206.000000","knative.dev/key":"default/fetchdata-00001"}
{"severity":"INFO","timestamp":"2026-06-03T07:20:09.422797116Z","logger":"autoscaler","caller":"scaling/autoscaler.go:318","message":"⏱ Autoscaler decision: 69.5µs.","knative.dev/key":"default/fetchdata-00001"}
{"severity":"INFO","timestamp":"2026-06-03T07:20:09.423152431Z","logger":"autoscaler","caller":"scaling/autoscaler.go:207","message":"For metric concurrency observed values: stable = 0.1; panic = -0.0; target = 3.5 Desired StablePodCount = 1, PanicPodCount = -0, ReadyEndpointCount = 1, MaxScaleUp = 1000, MaxScaleDown = 0","knative.dev/key":"default/genmatrix-00001"}
{"severity":"INFO","timestamp":"2026-06-03T07:20:09.423177727Z","logger":"autoscaler","caller":"scaling/autoscaler.go:314","message":"Autoscaler: stable=0.079347 panic=-0.000000 target=3.500000 pods=%!d(float64=1) desired=1 excessBC=-206.000000","knative.dev/key":"default/genmatrix-00001"}
{"severity":"INFO","timestamp":"2026-06-03T07:20:09.423196986Z","logger":"autoscaler","caller":"scaling/autoscaler.go:318","message":"⏱ Autoscaler decision: 56.314µs.","knative.dev/key":"default/genmatrix-00001"}
{"severity":"INFO","timestamp":"2026-06-03T07:20:10.018728372Z","logger":"autoscaler","caller":"kpa/kpa.go:193","message":"SKS should be in Proxy mode: want = 1, ebc = -206, #act's = 3 PA Inactive? = false","knative.dev/controller":"knative.dev.serving.pkg.reconciler.autoscaling.kpa.Reconciler","knative.dev/kind":"autoscaling.internal.knative.dev.PodAutoscaler","knative.dev/traceid":"3a203ebc-3657-4f64-8a8f-369845418b89","knative.dev/key":"default/linpack-00001"}
{"severity":"INFO","timestamp":"2026-06-03T07:20:10.018805742Z","logger":"autoscaler","caller":"kpa/kpa.go:221","message":"KPA Scale decision for revision default/linpack-00001: currentPods=1, calculatedWant=1, desiredPods=1, excessBurstCapacity=-206","knative.dev/controller":"knative.dev.serving.pkg.reconciler.autoscaling.kpa.Reconciler","knative.dev/kind":"autoscaling.internal.knative.dev.PodAutoscaler","knative.dev/traceid":"3a203ebc-3657-4f64-8a8f-369845418b89","knative.dev/key":"default/linpack-00001"}
{"severity":"INFO","timestamp":"2026-06-03T07:20:10.018835835Z","logger":"autoscaler","caller":"kpa/kpa.go:239","message":"Observed pod counts=kpa.podCounts{want:1, ready:1, notReady:0, pending:0, terminating:0}","knative.dev/controller":"knative.dev.serving.pkg.reconciler.autoscaling.kpa.Reconciler","knative.dev/kind":"autoscaling.internal.knative.dev.PodAutoscaler","knative.dev/traceid":"3a203ebc-3657-4f64-8a8f-369845418b89","knative.dev/key":"default/linpack-00001"}
{"severity":"INFO","timestamp":"2026-06-03T07:20:10.018866002Z","logger":"autoscaler","caller":"kpa/kpa.go:298","message":"KPA Status for revision default/linpack-00001 after reconcile: currentPods=1, desiredPods=1, conditions=[Active=True Ready=True SKSReady=True ScaleTargetInitialized=True]","knative.dev/controller":"knative.dev.serving.pkg.reconciler.autoscaling.kpa.Reconciler","knative.dev/kind":"autoscaling.internal.knative.dev.PodAutoscaler","knative.dev/traceid":"3a203ebc-3657-4f64-8a8f-369845418b89","knative.dev/key":"default/linpack-00001"}
{"severity":"INFO","timestamp":"2026-06-03T07:20:10.018899557Z","logger":"autoscaler","caller":"kpa/kpa.go:242","message":"Cold start final  took: 553.943µs","knative.dev/controller":"knative.dev.serving.pkg.reconciler.autoscaling.kpa.Reconciler","knative.dev/kind":"autoscaling.internal.knative.dev.PodAutoscaler","knative.dev/traceid":"3a203ebc-3657-4f64-8a8f-369845418b89","knative.dev/key":"default/linpack-00001"}
{"severity":"INFO","timestamp":"2026-06-03T07:20:10.018961205Z","logger":"autoscaler","caller":"controller/controller.go:530","message":"Reconcile succeeded","knative.dev/controller":"knative.dev.serving.pkg.reconciler.autoscaling.kpa.Reconciler","knative.dev/kind":"autoscaling.internal.knative.dev.PodAutoscaler","knative.dev/traceid":"3a203ebc-3657-4f64-8a8f-369845418b89","knative.dev/key":"default/linpack-00001","duration":"697.129µs"}
{"severity":"INFO","timestamp":"2026-06-03T07:20:10.391985503Z","logger":"autoscaler","caller":"kpa/kpa.go:193","message":"SKS should be in Proxy mode: want = 1, ebc = -206, #act's = 3 PA Inactive? = false","knative.dev/controller":"knative.dev.serving.pkg.reconciler.autoscaling.kpa.Reconciler","knative.dev/kind":"autoscaling.internal.knative.dev.PodAutoscaler","knative.dev/traceid":"1fc4deb0-e634-43cb-b5d2-4f7c39776833","knative.dev/key":"default/linpack-00001"}
{"severity":"INFO","timestamp":"2026-06-03T07:20:10.392069744Z","logger":"autoscaler","caller":"kpa/kpa.go:221","message":"KPA Scale decision for revision default/linpack-00001: currentPods=1, calculatedWant=1, desiredPods=1, excessBurstCapacity=-206","knative.dev/controller":"knative.dev.serving.pkg.reconciler.autoscaling.kpa.Reconciler","knative.dev/kind":"autoscaling.internal.knative.dev.PodAutoscaler","knative.dev/traceid":"1fc4deb0-e634-43cb-b5d2-4f7c39776833","knative.dev/key":"default/linpack-00001"}
{"severity":"INFO","timestamp":"2026-06-03T07:20:10.392098114Z","logger":"autoscaler","caller":"kpa/kpa.go:239","message":"Observed pod counts=kpa.podCounts{want:1, ready:1, notReady:0, pending:0, terminating:0}","knative.dev/controller":"knative.dev.serving.pkg.reconciler.autoscaling.kpa.Reconciler","knative.dev/kind":"autoscaling.internal.knative.dev.PodAutoscaler","knative.dev/traceid":"1fc4deb0-e634-43cb-b5d2-4f7c39776833","knative.dev/key":"default/linpack-00001"}
{"severity":"INFO","timestamp":"2026-06-03T07:20:10.392126484Z","logger":"autoscaler","caller":"kpa/kpa.go:298","message":"KPA Status for revision default/linpack-00001 after reconcile: currentPods=1, desiredPods=1, conditions=[Active=True Ready=True SKSReady=True ScaleTargetInitialized=True]","knative.dev/controller":"knative.dev.serving.pkg.reconciler.autoscaling.kpa.Reconciler","knative.dev/kind":"autoscaling.internal.knative.dev.PodAutoscaler","knative.dev/traceid":"1fc4deb0-e634-43cb-b5d2-4f7c39776833","knative.dev/key":"default/linpack-00001"}
{"severity":"INFO","timestamp":"2026-06-03T07:20:10.392156262Z","logger":"autoscaler","caller":"kpa/kpa.go:242","message":"Cold start final  took: 561.352µs","knative.dev/controller":"knative.dev.serving.pkg.reconciler.autoscaling.kpa.Reconciler","knative.dev/kind":"autoscaling.internal.knative.dev.PodAutoscaler","knative.dev/traceid":"1fc4deb0-e634-43cb-b5d2-4f7c39776833","knative.dev/key":"default/linpack-00001"}
{"severity":"INFO","timestamp":"2026-06-03T07:20:10.392221614Z","logger":"autoscaler","caller":"controller/controller.go:530","message":"Reconcile succeeded","knative.dev/controller":"knative.dev.serving.pkg.reconciler.autoscaling.kpa.Reconciler","knative.dev/kind":"autoscaling.internal.knative.dev.PodAutoscaler","knative.dev/traceid":"1fc4deb0-e634-43cb-b5d2-4f7c39776833","knative.dev/key":"default/linpack-00001","duration":"710.406µs"}
{"severity":"INFO","timestamp":"2026-06-03T07:20:10.395498389Z","logger":"autoscaler","caller":"kpa/kpa.go:193","message":"SKS should be in Proxy mode: want = 1, ebc = -206, #act's = 3 PA Inactive? = false","knative.dev/controller":"knative.dev.serving.pkg.reconciler.autoscaling.kpa.Reconciler","knative.dev/kind":"autoscaling.internal.knative.dev.PodAutoscaler","knative.dev/traceid":"68076141-a5ee-42c1-b860-a10657ae90e9","knative.dev/key":"default/linpack-00001"}
{"severity":"INFO","timestamp":"2026-06-03T07:20:10.395578407Z","logger":"autoscaler","caller":"kpa/kpa.go:221","message":"KPA Scale decision for revision default/linpack-00001: currentPods=1, calculatedWant=1, desiredPods=1, excessBurstCapacity=-206","knative.dev/controller":"knative.dev.serving.pkg.reconciler.autoscaling.kpa.Reconciler","knative.dev/kind":"autoscaling.internal.knative.dev.PodAutoscaler","knative.dev/traceid":"68076141-a5ee-42c1-b860-a10657ae90e9","knative.dev/key":"default/linpack-00001"}
{"severity":"INFO","timestamp":"2026-06-03T07:20:10.395608722Z","logger":"autoscaler","caller":"kpa/kpa.go:239","message":"Observed pod counts=kpa.podCounts{want:1, ready:1, notReady:0, pending:0, terminating:0}","knative.dev/controller":"knative.dev.serving.pkg.reconciler.autoscaling.kpa.Reconciler","knative.dev/kind":"autoscaling.internal.knative.dev.PodAutoscaler","knative.dev/traceid":"68076141-a5ee-42c1-b860-a10657ae90e9","knative.dev/key":"default/linpack-00001"}
{"severity":"INFO","timestamp":"2026-06-03T07:20:10.395638685Z","logger":"autoscaler","caller":"kpa/kpa.go:298","message":"KPA Status for revision default/linpack-00001 after reconcile: currentPods=1, desiredPods=1, conditions=[Active=True Ready=True SKSReady=True ScaleTargetInitialized=True]","knative.dev/controller":"knative.dev.serving.pkg.reconciler.autoscaling.kpa.Reconciler","knative.dev/kind":"autoscaling.internal.knative.dev.PodAutoscaler","knative.dev/traceid":"68076141-a5ee-42c1-b860-a10657ae90e9","knative.dev/key":"default/linpack-00001"}
{"severity":"INFO","timestamp":"2026-06-03T07:20:10.395668185Z","logger":"autoscaler","caller":"kpa/kpa.go:242","message":"Cold start final  took: 537.592µs","knative.dev/controller":"knative.dev.serving.pkg.reconciler.autoscaling.kpa.Reconciler","knative.dev/kind":"autoscaling.internal.knative.dev.PodAutoscaler","knative.dev/traceid":"68076141-a5ee-42c1-b860-a10657ae90e9","knative.dev/key":"default/linpack-00001"}
{"severity":"INFO","timestamp":"2026-06-03T07:20:10.39572537Z","logger":"autoscaler","caller":"controller/controller.go:530","message":"Reconcile succeeded","knative.dev/controller":"knative.dev.serving.pkg.reconciler.autoscaling.kpa.Reconciler","knative.dev/kind":"autoscaling.internal.knative.dev.PodAutoscaler","knative.dev/traceid":"68076141-a5ee-42c1-b860-a10657ae90e9","knative.dev/key":"default/linpack-00001","duration":"671.87µs"}
{"severity":"INFO","timestamp":"2026-06-03T07:20:11.42192198Z","logger":"autoscaler","caller":"scaling/autoscaler.go:207","message":"For metric concurrency observed values: stable = 0.6; panic = -0.0; target = 3.5 Desired StablePodCount = 1, PanicPodCount = -0, ReadyEndpointCount = 1, MaxScaleUp = 1000, MaxScaleDown = 0","knative.dev/key":"default/matrixmul-00001"}
{"severity":"INFO","timestamp":"2026-06-03T07:20:11.421971146Z","logger":"autoscaler","caller":"scaling/autoscaler.go:314","message":"Autoscaler: stable=0.634553 panic=-0.000000 target=3.500000 pods=%!d(float64=1) desired=1 excessBC=-206.000000","knative.dev/key":"default/matrixmul-00001"}
{"severity":"INFO","timestamp":"2026-06-03T07:20:11.421990054Z","logger":"autoscaler","caller":"scaling/autoscaler.go:318","message":"⏱ Autoscaler decision: 102.981µs.","knative.dev/key":"default/matrixmul-00001"}
{"severity":"INFO","timestamp":"2026-06-03T07:20:11.422373257Z","logger":"autoscaler","caller":"scaling/autoscaler.go:207","message":"For metric concurrency observed values: stable = 0.6; panic = -0.0; target = 3.5 Desired StablePodCount = 1, PanicPodCount = -0, ReadyEndpointCount = 1, MaxScaleUp = 1000, MaxScaleDown = 0","knative.dev/key":"default/fastfouriertransform-00001"}
{"severity":"INFO","timestamp":"2026-06-03T07:20:11.422398424Z","logger":"autoscaler","caller":"scaling/autoscaler.go:314","message":"Autoscaler: stable=0.577429 panic=-0.000000 target=3.500000 pods=%!d(float64=1) desired=1 excessBC=-206.000000","knative.dev/key":"default/fastfouriertransform-00001"}
{"severity":"INFO","timestamp":"2026-06-03T07:20:11.42241285Z","logger":"autoscaler","caller":"scaling/autoscaler.go:318","message":"⏱ Autoscaler decision: 51.888µs.","knative.dev/key":"default/fastfouriertransform-00001"}
{"severity":"INFO","timestamp":"2026-06-03T07:20:11.422440165Z","logger":"autoscaler","caller":"scaling/autoscaler.go:207","message":"For metric concurrency observed values: stable = 0.5; panic = 0.0; target = 3.5 Desired StablePodCount = 1, PanicPodCount = 0, ReadyEndpointCount = 1, MaxScaleUp = 1000, MaxScaleDown = 0","knative.dev/key":"default/linpack-00001"}
{"severity":"INFO","timestamp":"2026-06-03T07:20:11.42245159Z","logger":"autoscaler","caller":"scaling/autoscaler.go:314","message":"Autoscaler: stable=0.451031 panic=0.000000 target=3.500000 pods=%!d(float64=1) desired=1 excessBC=-206.000000","knative.dev/key":"default/linpack-00001"}
{"severity":"INFO","timestamp":"2026-06-03T07:20:11.42247359Z","logger":"autoscaler","caller":"scaling/autoscaler.go:318","message":"⏱ Autoscaler decision: 41.204µs.","knative.dev/key":"default/linpack-00001"}
{"severity":"INFO","timestamp":"2026-06-03T07:20:11.422762424Z","logger":"autoscaler","caller":"scaling/autoscaler.go:207","message":"For metric concurrency observed values: stable = 0.1; panic = 0.0; target = 3.5 Desired StablePodCount = 1, PanicPodCount = 0, ReadyEndpointCount = 1, MaxScaleUp = 1000, MaxScaleDown = 0","knative.dev/key":"default/fetchdata-00001"}
{"severity":"INFO","timestamp":"2026-06-03T07:20:11.422784164Z","logger":"autoscaler","caller":"scaling/autoscaler.go:314","message":"Autoscaler: stable=0.149838 panic=0.000000 target=3.500000 pods=%!d(float64=1) desired=1 excessBC=-206.000000","knative.dev/key":"default/fetchdata-00001"}
{"severity":"INFO","timestamp":"2026-06-03T07:20:11.42279759Z","logger":"autoscaler","caller":"scaling/autoscaler.go:318","message":"⏱ Autoscaler decision: 49.889µs.","knative.dev/key":"default/fetchdata-00001"}
{"severity":"INFO","timestamp":"2026-06-03T07:20:11.423800886Z","logger":"autoscaler","caller":"scaling/autoscaler.go:207","message":"For metric concurrency observed values: stable = 0.1; panic = -0.0; target = 3.5 Desired StablePodCount = 1, PanicPodCount = -0, ReadyEndpointCount = 1, MaxScaleUp = 1000, MaxScaleDown = 0","knative.dev/key":"default/genmatrix-00001"}
{"severity":"INFO","timestamp":"2026-06-03T07:20:11.423830348Z","logger":"autoscaler","caller":"scaling/autoscaler.go:314","message":"Autoscaler: stable=0.078727 panic=-0.000000 target=3.500000 pods=%!d(float64=1) desired=1 excessBC=-206.000000","knative.dev/key":"default/genmatrix-00001"}
{"severity":"INFO","timestamp":"2026-06-03T07:20:11.423845015Z","logger":"autoscaler","caller":"scaling/autoscaler.go:318","message":"⏱ Autoscaler decision: 62.111µs.","knative.dev/key":"default/genmatrix-00001"}
{"severity":"INFO","timestamp":"2026-06-03T07:20:13.421104136Z","logger":"autoscaler","caller":"scaling/autoscaler.go:207","message":"For metric concurrency observed values: stable = 0.4; panic = 0.0; target = 3.5 Desired StablePodCount = 1, PanicPodCount = 0, ReadyEndpointCount = 1, MaxScaleUp = 1000, MaxScaleDown = 0","knative.dev/key":"default/linpack-00001"}
{"severity":"INFO","timestamp":"2026-06-03T07:20:13.421281728Z","logger":"autoscaler","caller":"scaling/autoscaler.go:314","message":"Autoscaler: stable=0.433544 panic=0.000000 target=3.500000 pods=%!d(float64=1) desired=1 excessBC=-206.000000","knative.dev/key":"default/linpack-00001"}
{"severity":"INFO","timestamp":"2026-06-03T07:20:13.421299506Z","logger":"autoscaler","caller":"scaling/autoscaler.go:318","message":"⏱ Autoscaler decision: 220.37µs.","knative.dev/key":"default/linpack-00001"}
{"severity":"INFO","timestamp":"2026-06-03T07:20:13.421717913Z","logger":"autoscaler","caller":"scaling/autoscaler.go:207","message":"For metric concurrency observed values: stable = 0.5; panic = -0.0; target = 3.5 Desired StablePodCount = 1, PanicPodCount = -0, ReadyEndpointCount = 1, MaxScaleUp = 1000, MaxScaleDown = 0","knative.dev/key":"default/matrixmul-00001"}
{"severity":"INFO","timestamp":"2026-06-03T07:20:13.421734061Z","logger":"autoscaler","caller":"scaling/autoscaler.go:314","message":"Autoscaler: stable=0.536775 panic=-0.000000 target=3.500000 pods=%!d(float64=1) desired=1 excessBC=-206.000000","knative.dev/key":"default/matrixmul-00001"}
{"severity":"INFO","timestamp":"2026-06-03T07:20:13.42174545Z","logger":"autoscaler","caller":"scaling/autoscaler.go:318","message":"⏱ Autoscaler decision: 43.426µs.","knative.dev/key":"default/matrixmul-00001"}
{"severity":"INFO","timestamp":"2026-06-03T07:20:13.422871356Z","logger":"autoscaler","caller":"scaling/autoscaler.go:207","message":"For metric concurrency observed values: stable = 0.1; panic = 0.0; target = 3.5 Desired StablePodCount = 1, PanicPodCount = 0, ReadyEndpointCount = 1, MaxScaleUp = 1000, MaxScaleDown = 0","knative.dev/key":"default/fetchdata-00001"}
{"severity":"INFO","timestamp":"2026-06-03T07:20:13.422891486Z","logger":"autoscaler","caller":"scaling/autoscaler.go:314","message":"Autoscaler: stable=0.143662 panic=0.000000 target=3.500000 pods=%!d(float64=1) desired=1 excessBC=-206.000000","knative.dev/key":"default/fetchdata-00001"}
{"severity":"INFO","timestamp":"2026-06-03T07:20:13.422903005Z","logger":"autoscaler","caller":"scaling/autoscaler.go:318","message":"⏱ Autoscaler decision: 45.37µs.","knative.dev/key":"default/fetchdata-00001"}
{"severity":"INFO","timestamp":"2026-06-03T07:20:13.423124986Z","logger":"autoscaler","caller":"scaling/autoscaler.go:207","message":"For metric concurrency observed values: stable = 0.1; panic = -0.0; target = 3.5 Desired StablePodCount = 1, PanicPodCount = -0, ReadyEndpointCount = 1, MaxScaleUp = 1000, MaxScaleDown = 0","knative.dev/key":"default/genmatrix-00001"}
{"severity":"INFO","timestamp":"2026-06-03T07:20:13.423146375Z","logger":"autoscaler","caller":"scaling/autoscaler.go:314","message":"Autoscaler: stable=0.076783 panic=-0.000000 target=3.500000 pods=%!d(float64=1) desired=1 excessBC=-206.000000","knative.dev/key":"default/genmatrix-00001"}
{"severity":"INFO","timestamp":"2026-06-03T07:20:13.423160171Z","logger":"autoscaler","caller":"scaling/autoscaler.go:318","message":"⏱ Autoscaler decision: 44.352µs.","knative.dev/key":"default/genmatrix-00001"}
{"severity":"INFO","timestamp":"2026-06-03T07:20:13.423185486Z","logger":"autoscaler","caller":"scaling/autoscaler.go:207","message":"For metric concurrency observed values: stable = 0.6; panic = -0.0; target = 3.5 Desired StablePodCount = 1, PanicPodCount = -0, ReadyEndpointCount = 1, MaxScaleUp = 1000, MaxScaleDown = 0","knative.dev/key":"default/fastfouriertransform-00001"}
{"severity":"INFO","timestamp":"2026-06-03T07:20:13.423199912Z","logger":"autoscaler","caller":"scaling/autoscaler.go:314","message":"Autoscaler: stable=0.565070 panic=-0.000000 target=3.500000 pods=%!d(float64=1) desired=1 excessBC=-206.000000","knative.dev/key":"default/fastfouriertransform-00001"}
{"severity":"INFO","timestamp":"2026-06-03T07:20:13.423208689Z","logger":"autoscaler","caller":"scaling/autoscaler.go:318","message":"⏱ Autoscaler decision: 32.241µs.","knative.dev/key":"default/fastfouriertransform-00001"}
{"severity":"INFO","timestamp":"2026-06-03T07:20:15.421436861Z","logger":"autoscaler","caller":"scaling/autoscaler.go:207","message":"For metric concurrency observed values: stable = 0.4; panic = 0.0; target = 3.5 Desired StablePodCount = 1, PanicPodCount = 0, ReadyEndpointCount = 1, MaxScaleUp = 1000, MaxScaleDown = 0","knative.dev/key":"default/linpack-00001"}
{"severity":"INFO","timestamp":"2026-06-03T07:20:15.421472268Z","logger":"autoscaler","caller":"scaling/autoscaler.go:314","message":"Autoscaler: stable=0.416301 panic=0.000000 target=3.500000 pods=%!d(float64=1) desired=1 excessBC=-206.000000","knative.dev/key":"default/linpack-00001"}
{"severity":"INFO","timestamp":"2026-06-03T07:20:15.421487065Z","logger":"autoscaler","caller":"scaling/autoscaler.go:318","message":"⏱ Autoscaler decision: 74.241µs.","knative.dev/key":"default/linpack-00001"}
{"severity":"INFO","timestamp":"2026-06-03T07:20:15.421699657Z","logger":"autoscaler","caller":"scaling/autoscaler.go:207","message":"For metric concurrency observed values: stable = 0.4; panic = -0.0; target = 3.5 Desired StablePodCount = 1, PanicPodCount = -0, ReadyEndpointCount = 1, MaxScaleUp = 1000, MaxScaleDown = 0","knative.dev/key":"default/matrixmul-00001"}
{"severity":"INFO","timestamp":"2026-06-03T07:20:15.421721768Z","logger":"autoscaler","caller":"scaling/autoscaler.go:314","message":"Autoscaler: stable=0.447432 panic=-0.000000 target=3.500000 pods=%!d(float64=1) desired=1 excessBC=-206.000000","knative.dev/key":"default/matrixmul-00001"}
{"severity":"INFO","timestamp":"2026-06-03T07:20:15.421735749Z","logger":"autoscaler","caller":"scaling/autoscaler.go:318","message":"⏱ Autoscaler decision: 54.704µs.","knative.dev/key":"default/matrixmul-00001"}
{"severity":"INFO","timestamp":"2026-06-03T07:20:15.423208859Z","logger":"autoscaler","caller":"scaling/autoscaler.go:207","message":"For metric concurrency observed values: stable = 0.1; panic = -0.0; target = 3.5 Desired StablePodCount = 1, PanicPodCount = -0, ReadyEndpointCount = 1, MaxScaleUp = 1000, MaxScaleDown = 0","knative.dev/key":"default/genmatrix-00001"}
{"severity":"INFO","timestamp":"2026-06-03T07:20:15.423234896Z","logger":"autoscaler","caller":"scaling/autoscaler.go:314","message":"Autoscaler: stable=0.075548 panic=-0.000000 target=3.500000 pods=%!d(float64=1) desired=1 excessBC=-206.000000","knative.dev/key":"default/genmatrix-00001"}
{"severity":"INFO","timestamp":"2026-06-03T07:20:15.423248248Z","logger":"autoscaler","caller":"scaling/autoscaler.go:318","message":"⏱ Autoscaler decision: 58.629µs.","knative.dev/key":"default/genmatrix-00001"}
{"severity":"INFO","timestamp":"2026-06-03T07:20:15.423586044Z","logger":"autoscaler","caller":"scaling/autoscaler.go:207","message":"For metric concurrency observed values: stable = 0.5; panic = -0.0; target = 3.5 Desired StablePodCount = 1, PanicPodCount = -0, ReadyEndpointCount = 1, MaxScaleUp = 1000, MaxScaleDown = 0","knative.dev/key":"default/fastfouriertransform-00001"}
{"severity":"INFO","timestamp":"2026-06-03T07:20:15.423612025Z","logger":"autoscaler","caller":"scaling/autoscaler.go:314","message":"Autoscaler: stable=0.544088 panic=-0.000000 target=3.500000 pods=%!d(float64=1) desired=1 excessBC=-206.000000","knative.dev/key":"default/fastfouriertransform-00001"}
{"severity":"INFO","timestamp":"2026-06-03T07:20:15.423626785Z","logger":"autoscaler","caller":"scaling/autoscaler.go:318","message":"⏱ Autoscaler decision: 51.834µs.","knative.dev/key":"default/fastfouriertransform-00001"}
{"severity":"INFO","timestamp":"2026-06-03T07:20:15.423649674Z","logger":"autoscaler","caller":"scaling/autoscaler.go:207","message":"For metric concurrency observed values: stable = 0.1; panic = 0.0; target = 3.5 Desired StablePodCount = 1, PanicPodCount = 0, ReadyEndpointCount = 1, MaxScaleUp = 1000, MaxScaleDown = 0","knative.dev/key":"default/fetchdata-00001"}
{"severity":"INFO","timestamp":"2026-06-03T07:20:15.423659322Z","logger":"autoscaler","caller":"scaling/autoscaler.go:314","message":"Autoscaler: stable=0.139617 panic=0.000000 target=3.500000 pods=%!d(float64=1) desired=1 excessBC=-206.000000","knative.dev/key":"default/fetchdata-00001"}
{"severity":"INFO","timestamp":"2026-06-03T07:20:15.423666951Z","logger":"autoscaler","caller":"scaling/autoscaler.go:318","message":"⏱ Autoscaler decision: 25.833µs.","knative.dev/key":"default/fetchdata-00001"}
{"severity":"INFO","timestamp":"2026-06-03T07:20:17.421378805Z","logger":"autoscaler","caller":"scaling/autoscaler.go:207","message":"For metric concurrency observed values: stable = 0.4; panic = 0.0; target = 3.5 Desired StablePodCount = 1, PanicPodCount = 0, ReadyEndpointCount = 1, MaxScaleUp = 1000, MaxScaleDown = 0","knative.dev/key":"default/linpack-00001"}
{"severity":"INFO","timestamp":"2026-06-03T07:20:17.421428045Z","logger":"autoscaler","caller":"scaling/autoscaler.go:314","message":"Autoscaler: stable=0.395579 panic=0.000000 target=3.500000 pods=%!d(float64=1) desired=1 excessBC=-206.000000","knative.dev/key":"default/linpack-00001"}
{"severity":"INFO","timestamp":"2026-06-03T07:20:17.421451619Z","logger":"autoscaler","caller":"scaling/autoscaler.go:318","message":"⏱ Autoscaler decision: 105.5µs.","knative.dev/key":"default/linpack-00001"}
{"severity":"INFO","timestamp":"2026-06-03T07:20:17.421647989Z","logger":"autoscaler","caller":"scaling/autoscaler.go:207","message":"For metric concurrency observed values: stable = 0.4; panic = -0.0; target = 3.5 Desired StablePodCount = 1, PanicPodCount = -0, ReadyEndpointCount = 1, MaxScaleUp = 1000, MaxScaleDown = 0","knative.dev/key":"default/matrixmul-00001"}
{"severity":"INFO","timestamp":"2026-06-03T07:20:17.421700045Z","logger":"autoscaler","caller":"scaling/autoscaler.go:314","message":"Autoscaler: stable=0.414280 panic=-0.000000 target=3.500000 pods=%!d(float64=1) desired=1 excessBC=-206.000000","knative.dev/key":"default/matrixmul-00001"}
{"severity":"INFO","timestamp":"2026-06-03T07:20:17.421721915Z","logger":"autoscaler","caller":"scaling/autoscaler.go:318","message":"⏱ Autoscaler decision: 88.871µs.","knative.dev/key":"default/matrixmul-00001"}
{"severity":"INFO","timestamp":"2026-06-03T07:20:17.422482248Z","logger":"autoscaler","caller":"scaling/autoscaler.go:207","message":"For metric concurrency observed values: stable = 0.5; panic = -0.0; target = 3.5 Desired StablePodCount = 1, PanicPodCount = -0, ReadyEndpointCount = 1, MaxScaleUp = 1000, MaxScaleDown = 0","knative.dev/key":"default/fastfouriertransform-00001"}
{"severity":"INFO","timestamp":"2026-06-03T07:20:17.422524618Z","logger":"autoscaler","caller":"scaling/autoscaler.go:314","message":"Autoscaler: stable=0.514753 panic=-0.000000 target=3.500000 pods=%!d(float64=1) desired=1 excessBC=-206.000000","knative.dev/key":"default/fastfouriertransform-00001"}
{"severity":"INFO","timestamp":"2026-06-03T07:20:17.422547859Z","logger":"autoscaler","caller":"scaling/autoscaler.go:318","message":"⏱ Autoscaler decision: 92.241µs.","knative.dev/key":"default/fastfouriertransform-00001"}
{"severity":"INFO","timestamp":"2026-06-03T07:20:17.422789007Z","logger":"autoscaler","caller":"scaling/autoscaler.go:207","message":"For metric concurrency observed values: stable = 0.1; panic = 0.0; target = 3.5 Desired StablePodCount = 1, PanicPodCount = 0, ReadyEndpointCount = 1, MaxScaleUp = 1000, MaxScaleDown = 0","knative.dev/key":"default/fetchdata-00001"}
{"severity":"INFO","timestamp":"2026-06-03T07:20:17.422814896Z","logger":"autoscaler","caller":"scaling/autoscaler.go:314","message":"Autoscaler: stable=0.138128 panic=0.000000 target=3.500000 pods=%!d(float64=1) desired=1 excessBC=-206.000000","knative.dev/key":"default/fetchdata-00001"}
{"severity":"INFO","timestamp":"2026-06-03T07:20:17.422833711Z","logger":"autoscaler","caller":"scaling/autoscaler.go:318","message":"⏱ Autoscaler decision: 58.166µs.","knative.dev/key":"default/fetchdata-00001"}
{"severity":"INFO","timestamp":"2026-06-03T07:20:17.423293877Z","logger":"autoscaler","caller":"scaling/autoscaler.go:207","message":"For metric concurrency observed values: stable = 0.1; panic = -0.0; target = 3.5 Desired StablePodCount = 1, PanicPodCount = -0, ReadyEndpointCount = 1, MaxScaleUp = 1000, MaxScaleDown = 0","knative.dev/key":"default/genmatrix-00001"}
{"severity":"INFO","timestamp":"2026-06-03T07:20:17.423343192Z","logger":"autoscaler","caller":"scaling/autoscaler.go:314","message":"Autoscaler: stable=0.075298 panic=-0.000000 target=3.500000 pods=%!d(float64=1) desired=1 excessBC=-206.000000","knative.dev/key":"default/genmatrix-00001"}
{"severity":"INFO","timestamp":"2026-06-03T07:20:17.423366451Z","logger":"autoscaler","caller":"scaling/autoscaler.go:318","message":"⏱ Autoscaler decision: 86.092µs.","knative.dev/key":"default/genmatrix-00001"}
{"severity":"INFO","timestamp":"2026-06-03T07:20:19.421063985Z","logger":"autoscaler","caller":"scaling/autoscaler.go:207","message":"For metric concurrency observed values: stable = 0.4; panic = 0.0; target = 3.5 Desired StablePodCount = 1, PanicPodCount = 0, ReadyEndpointCount = 1, MaxScaleUp = 1000, MaxScaleDown = 0","knative.dev/key":"default/linpack-00001"}
{"severity":"INFO","timestamp":"2026-06-03T07:20:19.421108782Z","logger":"autoscaler","caller":"scaling/autoscaler.go:314","message":"Autoscaler: stable=0.381709 panic=0.000000 target=3.500000 pods=%!d(float64=1) desired=1 excessBC=-206.000000","knative.dev/key":"default/linpack-00001"}
{"severity":"INFO","timestamp":"2026-06-03T07:20:19.421131078Z","logger":"autoscaler","caller":"scaling/autoscaler.go:318","message":"⏱ Autoscaler decision: 84.629µs.","knative.dev/key":"default/linpack-00001"}
{"severity":"INFO","timestamp":"2026-06-03T07:20:19.42169217Z","logger":"autoscaler","caller":"scaling/autoscaler.go:207","message":"For metric concurrency observed values: stable = 0.4; panic = -0.0; target = 3.5 Desired StablePodCount = 1, PanicPodCount = -0, ReadyEndpointCount = 1, MaxScaleUp = 1000, MaxScaleDown = 0","knative.dev/key":"default/matrixmul-00001"}
{"severity":"INFO","timestamp":"2026-06-03T07:20:19.421722503Z","logger":"autoscaler","caller":"scaling/autoscaler.go:314","message":"Autoscaler: stable=0.386028 panic=-0.000000 target=3.500000 pods=%!d(float64=1) desired=1 excessBC=-206.000000","knative.dev/key":"default/matrixmul-00001"}
{"severity":"INFO","timestamp":"2026-06-03T07:20:19.421795225Z","logger":"autoscaler","caller":"scaling/autoscaler.go:318","message":"⏱ Autoscaler decision: 120.537µs.","knative.dev/key":"default/matrixmul-00001"}
{"severity":"INFO","timestamp":"2026-06-03T07:20:19.423002484Z","logger":"autoscaler","caller":"scaling/autoscaler.go:207","message":"For metric concurrency observed values: stable = 0.1; panic = 0.0; target = 3.5 Desired StablePodCount = 1, PanicPodCount = 0, ReadyEndpointCount = 1, MaxScaleUp = 1000, MaxScaleDown = 0","knative.dev/key":"default/fetchdata-00001"}
{"severity":"INFO","timestamp":"2026-06-03T07:20:19.423036317Z","logger":"autoscaler","caller":"scaling/autoscaler.go:314","message":"Autoscaler: stable=0.115371 panic=0.000000 target=3.500000 pods=%!d(float64=1) desired=1 excessBC=-206.000000","knative.dev/key":"default/fetchdata-00001"}
{"severity":"INFO","timestamp":"2026-06-03T07:20:19.42305128Z","logger":"autoscaler","caller":"scaling/autoscaler.go:318","message":"⏱ Autoscaler decision: 71.129µs.","knative.dev/key":"default/fetchdata-00001"}
{"severity":"INFO","timestamp":"2026-06-03T07:20:19.423190391Z","logger":"autoscaler","caller":"scaling/autoscaler.go:207","message":"For metric concurrency observed values: stable = 0.1; panic = -0.0; target = 3.5 Desired StablePodCount = 1, PanicPodCount = -0, ReadyEndpointCount = 1, MaxScaleUp = 1000, MaxScaleDown = 0","knative.dev/key":"default/genmatrix-00001"}
{"severity":"INFO","timestamp":"2026-06-03T07:20:19.423211539Z","logger":"autoscaler","caller":"scaling/autoscaler.go:314","message":"Autoscaler: stable=0.074034 panic=-0.000000 target=3.500000 pods=%!d(float64=1) desired=1 excessBC=-206.000000","knative.dev/key":"default/genmatrix-00001"}
{"severity":"INFO","timestamp":"2026-06-03T07:20:19.423229076Z","logger":"autoscaler","caller":"scaling/autoscaler.go:318","message":"⏱ Autoscaler decision: 49.334µs.","knative.dev/key":"default/genmatrix-00001"}
{"severity":"INFO","timestamp":"2026-06-03T07:20:19.423532002Z","logger":"autoscaler","caller":"scaling/autoscaler.go:207","message":"For metric concurrency observed values: stable = 0.4; panic = -0.0; target = 3.5 Desired StablePodCount = 1, PanicPodCount = -0, ReadyEndpointCount = 1, MaxScaleUp = 1000, MaxScaleDown = 0","knative.dev/key":"default/fastfouriertransform-00001"}
{"severity":"INFO","timestamp":"2026-06-03T07:20:19.423558816Z","logger":"autoscaler","caller":"scaling/autoscaler.go:314","message":"Autoscaler: stable=0.433427 panic=-0.000000 target=3.500000 pods=%!d(float64=1) desired=1 excessBC=-206.000000","knative.dev/key":"default/fastfouriertransform-00001"}
{"severity":"INFO","timestamp":"2026-06-03T07:20:19.423577594Z","logger":"autoscaler","caller":"scaling/autoscaler.go:318","message":"⏱ Autoscaler decision: 56.945µs.","knative.dev/key":"default/fastfouriertransform-00001"}
{"severity":"INFO","timestamp":"2026-06-03T07:20:21.421260236Z","logger":"autoscaler","caller":"scaling/autoscaler.go:207","message":"For metric concurrency observed values: stable = 0.4; panic = 0.0; target = 3.5 Desired StablePodCount = 1, PanicPodCount = 0, ReadyEndpointCount = 1, MaxScaleUp = 1000, MaxScaleDown = 0","knative.dev/key":"default/linpack-00001"}
{"severity":"INFO","timestamp":"2026-06-03T07:20:21.421308162Z","logger":"autoscaler","caller":"scaling/autoscaler.go:314","message":"Autoscaler: stable=0.372064 panic=0.000000 target=3.500000 pods=%!d(float64=1) desired=1 excessBC=-206.000000","knative.dev/key":"default/linpack-00001"}
{"severity":"INFO","timestamp":"2026-06-03T07:20:21.421331125Z","logger":"autoscaler","caller":"scaling/autoscaler.go:318","message":"⏱ Autoscaler decision: 101.203µs.","knative.dev/key":"default/linpack-00001"}
{"severity":"INFO","timestamp":"2026-06-03T07:20:21.422151976Z","logger":"autoscaler","caller":"scaling/autoscaler.go:207","message":"For metric concurrency observed values: stable = 0.4; panic = -0.0; target = 3.5 Desired StablePodCount = 1, PanicPodCount = -0, ReadyEndpointCount = 1, MaxScaleUp = 1000, MaxScaleDown = 0","knative.dev/key":"default/matrixmul-00001"}
{"severity":"INFO","timestamp":"2026-06-03T07:20:21.422193328Z","logger":"autoscaler","caller":"scaling/autoscaler.go:314","message":"Autoscaler: stable=0.360113 panic=-0.000000 target=3.500000 pods=%!d(float64=1) desired=1 excessBC=-206.000000","knative.dev/key":"default/matrixmul-00001"}
{"severity":"INFO","timestamp":"2026-06-03T07:20:21.422214328Z","logger":"autoscaler","caller":"scaling/autoscaler.go:318","message":"⏱ Autoscaler decision: 98.204µs.","knative.dev/key":"default/matrixmul-00001"}
{"severity":"INFO","timestamp":"2026-06-03T07:20:21.422364328Z","logger":"autoscaler","caller":"scaling/autoscaler.go:207","message":"For metric concurrency observed values: stable = 0.4; panic = -0.0; target = 3.5 Desired StablePodCount = 1, PanicPodCount = -0, ReadyEndpointCount = 1, MaxScaleUp = 1000, MaxScaleDown = 0","knative.dev/key":"default/fastfouriertransform-00001"}
{"severity":"INFO","timestamp":"2026-06-03T07:20:21.422385809Z","logger":"autoscaler","caller":"scaling/autoscaler.go:314","message":"Autoscaler: stable=0.427295 panic=-0.000000 target=3.500000 pods=%!d(float64=1) desired=1 excessBC=-206.000000","knative.dev/key":"default/fastfouriertransform-00001"}
{"severity":"INFO","timestamp":"2026-06-03T07:20:21.422404198Z","logger":"autoscaler","caller":"scaling/autoscaler.go:318","message":"⏱ Autoscaler decision: 50.277µs.","knative.dev/key":"default/fastfouriertransform-00001"}
{"severity":"INFO","timestamp":"2026-06-03T07:20:21.423073827Z","logger":"autoscaler","caller":"scaling/autoscaler.go:207","message":"For metric concurrency observed values: stable = 0.1; panic = 0.0; target = 3.5 Desired StablePodCount = 1, PanicPodCount = 0, ReadyEndpointCount = 1, MaxScaleUp = 1000, MaxScaleDown = 0","knative.dev/key":"default/fetchdata-00001"}
{"severity":"INFO","timestamp":"2026-06-03T07:20:21.423120049Z","logger":"autoscaler","caller":"scaling/autoscaler.go:314","message":"Autoscaler: stable=0.110877 panic=0.000000 target=3.500000 pods=%!d(float64=1) desired=1 excessBC=-206.000000","knative.dev/key":"default/fetchdata-00001"}
{"severity":"INFO","timestamp":"2026-06-03T07:20:21.423141882Z","logger":"autoscaler","caller":"scaling/autoscaler.go:318","message":"⏱ Autoscaler decision: 83.426µs.","knative.dev/key":"default/fetchdata-00001"}
{"severity":"INFO","timestamp":"2026-06-03T07:20:21.423192105Z","logger":"autoscaler","caller":"scaling/autoscaler.go:207","message":"For metric concurrency observed values: stable = 0.1; panic = -0.0; target = 3.5 Desired StablePodCount = 1, PanicPodCount = -0, ReadyEndpointCount = 1, MaxScaleUp = 1000, MaxScaleDown = 0","knative.dev/key":"default/genmatrix-00001"}
{"severity":"INFO","timestamp":"2026-06-03T07:20:21.42321066Z","logger":"autoscaler","caller":"scaling/autoscaler.go:314","message":"Autoscaler: stable=0.071439 panic=-0.000000 target=3.500000 pods=%!d(float64=1) desired=1 excessBC=-206.000000","knative.dev/key":"default/genmatrix-00001"}
{"severity":"INFO","timestamp":"2026-06-03T07:20:21.423227142Z","logger":"autoscaler","caller":"scaling/autoscaler.go:318","message":"⏱ Autoscaler decision: 59.463µs.","knative.dev/key":"default/genmatrix-00001"}
{"severity":"INFO","timestamp":"2026-06-03T07:20:23.421020242Z","logger":"autoscaler","caller":"scaling/autoscaler.go:207","message":"For metric concurrency observed values: stable = 0.3; panic = 0.0; target = 3.5 Desired StablePodCount = 1, PanicPodCount = 0, ReadyEndpointCount = 1, MaxScaleUp = 1000, MaxScaleDown = 0","knative.dev/key":"default/linpack-00001"}
{"severity":"INFO","timestamp":"2026-06-03T07:20:23.421261094Z","logger":"autoscaler","caller":"scaling/autoscaler.go:314","message":"Autoscaler: stable=0.342936 panic=0.000000 target=3.500000 pods=%!d(float64=1) desired=1 excessBC=-206.000000","knative.dev/key":"default/linpack-00001"}
{"severity":"INFO","timestamp":"2026-06-03T07:20:23.42128402Z","logger":"autoscaler","caller":"scaling/autoscaler.go:318","message":"⏱ Autoscaler decision: 290.888µs.","knative.dev/key":"default/linpack-00001"}
{"severity":"INFO","timestamp":"2026-06-03T07:20:23.421783464Z","logger":"autoscaler","caller":"scaling/autoscaler.go:207","message":"For metric concurrency observed values: stable = 0.3; panic = -0.0; target = 3.5 Desired StablePodCount = 1, PanicPodCount = -0, ReadyEndpointCount = 1, MaxScaleUp = 1000, MaxScaleDown = 0","knative.dev/key":"default/matrixmul-00001"}
{"severity":"INFO","timestamp":"2026-06-03T07:20:23.421896279Z","logger":"autoscaler","caller":"scaling/autoscaler.go:314","message":"Autoscaler: stable=0.343164 panic=-0.000000 target=3.500000 pods=%!d(float64=1) desired=1 excessBC=-206.000000","knative.dev/key":"default/matrixmul-00001"}
{"severity":"INFO","timestamp":"2026-06-03T07:20:23.421916464Z","logger":"autoscaler","caller":"scaling/autoscaler.go:318","message":"⏱ Autoscaler decision: 153.074µs.","knative.dev/key":"default/matrixmul-00001"}
{"severity":"INFO","timestamp":"2026-06-03T07:20:23.42307874Z","logger":"autoscaler","caller":"scaling/autoscaler.go:207","message":"For metric concurrency observed values: stable = 0.1; panic = 0.0; target = 3.5 Desired StablePodCount = 1, PanicPodCount = 0, ReadyEndpointCount = 1, MaxScaleUp = 1000, MaxScaleDown = 0","knative.dev/key":"default/fetchdata-00001"}
{"severity":"INFO","timestamp":"2026-06-03T07:20:23.423106055Z","logger":"autoscaler","caller":"scaling/autoscaler.go:314","message":"Autoscaler: stable=0.103281 panic=0.000000 target=3.500000 pods=%!d(float64=1) desired=1 excessBC=-206.000000","knative.dev/key":"default/fetchdata-00001"}
{"severity":"INFO","timestamp":"2026-06-03T07:20:23.423119777Z","logger":"autoscaler","caller":"scaling/autoscaler.go:318","message":"⏱ Autoscaler decision: 64.611µs.","knative.dev/key":"default/fetchdata-00001"}
{"severity":"INFO","timestamp":"2026-06-03T07:20:23.42315424Z","logger":"autoscaler","caller":"scaling/autoscaler.go:207","message":"For metric concurrency observed values: stable = 0.1; panic = -0.0; target = 3.5 Desired StablePodCount = 1, PanicPodCount = -0, ReadyEndpointCount = 1, MaxScaleUp = 1000, MaxScaleDown = 0","knative.dev/key":"default/genmatrix-00001"}
{"severity":"INFO","timestamp":"2026-06-03T07:20:23.423170444Z","logger":"autoscaler","caller":"scaling/autoscaler.go:314","message":"Autoscaler: stable=0.070267 panic=-0.000000 target=3.500000 pods=%!d(float64=1) desired=1 excessBC=-206.000000","knative.dev/key":"default/genmatrix-00001"}
{"severity":"INFO","timestamp":"2026-06-03T07:20:23.423181944Z","logger":"autoscaler","caller":"scaling/autoscaler.go:318","message":"⏱ Autoscaler decision: 39.555µs.","knative.dev/key":"default/genmatrix-00001"}
{"severity":"INFO","timestamp":"2026-06-03T07:20:23.423583166Z","logger":"autoscaler","caller":"scaling/autoscaler.go:207","message":"For metric concurrency observed values: stable = 0.4; panic = -0.0; target = 3.5 Desired StablePodCount = 1, PanicPodCount = -0, ReadyEndpointCount = 1, MaxScaleUp = 1000, MaxScaleDown = 0","knative.dev/key":"default/fastfouriertransform-00001"}
{"severity":"INFO","timestamp":"2026-06-03T07:20:23.423610758Z","logger":"autoscaler","caller":"scaling/autoscaler.go:314","message":"Autoscaler: stable=0.416760 panic=-0.000000 target=3.500000 pods=%!d(float64=1) desired=1 excessBC=-206.000000","knative.dev/key":"default/fastfouriertransform-00001"}
{"severity":"INFO","timestamp":"2026-06-03T07:20:23.423627018Z","logger":"autoscaler","caller":"scaling/autoscaler.go:318","message":"⏱ Autoscaler decision: 60.092µs.","knative.dev/key":"default/fastfouriertransform-00001"}
{"severity":"INFO","timestamp":"2026-06-03T07:20:25.421363596Z","logger":"autoscaler","caller":"scaling/autoscaler.go:207","message":"For metric concurrency observed values: stable = 0.3; panic = 0.0; target = 3.5 Desired StablePodCount = 1, PanicPodCount = 0, ReadyEndpointCount = 1, MaxScaleUp = 1000, MaxScaleDown = 0","knative.dev/key":"default/linpack-00001"}
{"severity":"INFO","timestamp":"2026-06-03T07:20:25.421399485Z","logger":"autoscaler","caller":"scaling/autoscaler.go:314","message":"Autoscaler: stable=0.342058 panic=0.000000 target=3.500000 pods=%!d(float64=1) desired=1 excessBC=-206.000000","knative.dev/key":"default/linpack-00001"}
{"severity":"INFO","timestamp":"2026-06-03T07:20:25.421415652Z","logger":"autoscaler","caller":"scaling/autoscaler.go:318","message":"⏱ Autoscaler decision: 240.055µs.","knative.dev/key":"default/linpack-00001"}
{"severity":"INFO","timestamp":"2026-06-03T07:20:25.421915392Z","logger":"autoscaler","caller":"scaling/autoscaler.go:207","message":"For metric concurrency observed values: stable = 0.3; panic = -0.0; target = 3.5 Desired StablePodCount = 1, PanicPodCount = -0, ReadyEndpointCount = 1, MaxScaleUp = 1000, MaxScaleDown = 0","knative.dev/key":"default/matrixmul-00001"}
{"severity":"INFO","timestamp":"2026-06-03T07:20:25.421939485Z","logger":"autoscaler","caller":"scaling/autoscaler.go:314","message":"Autoscaler: stable=0.284958 panic=-0.000000 target=3.500000 pods=%!d(float64=1) desired=1 excessBC=-206.000000","knative.dev/key":"default/matrixmul-00001"}
{"severity":"INFO","timestamp":"2026-06-03T07:20:25.42195217Z","logger":"autoscaler","caller":"scaling/autoscaler.go:318","message":"⏱ Autoscaler decision: 54.26µs.","knative.dev/key":"default/matrixmul-00001"}
{"severity":"INFO","timestamp":"2026-06-03T07:20:25.423183743Z","logger":"autoscaler","caller":"scaling/autoscaler.go:207","message":"For metric concurrency observed values: stable = 0.1; panic = -0.0; target = 3.5 Desired StablePodCount = 1, PanicPodCount = -0, ReadyEndpointCount = 1, MaxScaleUp = 1000, MaxScaleDown = 0","knative.dev/key":"default/genmatrix-00001"}
{"severity":"INFO","timestamp":"2026-06-03T07:20:25.423210613Z","logger":"autoscaler","caller":"scaling/autoscaler.go:314","message":"Autoscaler: stable=0.053318 panic=-0.000000 target=3.500000 pods=%!d(float64=1) desired=1 excessBC=-206.000000","knative.dev/key":"default/genmatrix-00001"}
{"severity":"INFO","timestamp":"2026-06-03T07:20:25.423229335Z","logger":"autoscaler","caller":"scaling/autoscaler.go:318","message":"⏱ Autoscaler decision: 63.259µs.","knative.dev/key":"default/genmatrix-00001"}
{"severity":"INFO","timestamp":"2026-06-03T07:20:25.423510816Z","logger":"autoscaler","caller":"scaling/autoscaler.go:207","message":"For metric concurrency observed values: stable = 0.4; panic = -0.0; target = 3.5 Desired StablePodCount = 1, PanicPodCount = -0, ReadyEndpointCount = 1, MaxScaleUp = 1000, MaxScaleDown = 0","knative.dev/key":"default/fastfouriertransform-00001"}
{"severity":"INFO","timestamp":"2026-06-03T07:20:25.423529687Z","logger":"autoscaler","caller":"scaling/autoscaler.go:314","message":"Autoscaler: stable=0.366425 panic=-0.000000 target=3.500000 pods=%!d(float64=1) desired=1 excessBC=-206.000000","knative.dev/key":"default/fastfouriertransform-00001"}
{"severity":"INFO","timestamp":"2026-06-03T07:20:25.423542205Z","logger":"autoscaler","caller":"scaling/autoscaler.go:318","message":"⏱ Autoscaler decision: 41µs.","knative.dev/key":"default/fastfouriertransform-00001"}
{"severity":"INFO","timestamp":"2026-06-03T07:20:25.423563353Z","logger":"autoscaler","caller":"scaling/autoscaler.go:207","message":"For metric concurrency observed values: stable = 0.1; panic = 0.0; target = 3.5 Desired StablePodCount = 1, PanicPodCount = 0, ReadyEndpointCount = 1, MaxScaleUp = 1000, MaxScaleDown = 0","knative.dev/key":"default/fetchdata-00001"}
{"severity":"INFO","timestamp":"2026-06-03T07:20:25.423572983Z","logger":"autoscaler","caller":"scaling/autoscaler.go:314","message":"Autoscaler: stable=0.097101 panic=0.000000 target=3.500000 pods=%!d(float64=1) desired=1 excessBC=-206.000000","knative.dev/key":"default/fetchdata-00001"}
{"severity":"INFO","timestamp":"2026-06-03T07:20:25.423583427Z","logger":"autoscaler","caller":"scaling/autoscaler.go:318","message":"⏱ Autoscaler decision: 26.63µs.","knative.dev/key":"default/fetchdata-00001"}
{"severity":"INFO","timestamp":"2026-06-03T07:20:27.421297854Z","logger":"autoscaler","caller":"scaling/autoscaler.go:207","message":"For metric concurrency observed values: stable = 0.3; panic = 0.0; target = 3.5 Desired StablePodCount = 1, PanicPodCount = 0, ReadyEndpointCount = 1, MaxScaleUp = 1000, MaxScaleDown = 0","knative.dev/key":"default/linpack-00001"}
{"severity":"INFO","timestamp":"2026-06-03T07:20:27.421334836Z","logger":"autoscaler","caller":"scaling/autoscaler.go:314","message":"Autoscaler: stable=0.325109 panic=0.000000 target=3.500000 pods=%!d(float64=1) desired=1 excessBC=-206.000000","knative.dev/key":"default/linpack-00001"}
{"severity":"INFO","timestamp":"2026-06-03T07:20:27.421351558Z","logger":"autoscaler","caller":"scaling/autoscaler.go:318","message":"⏱ Autoscaler decision: 82.574µs.","knative.dev/key":"default/linpack-00001"}
{"severity":"INFO","timestamp":"2026-06-03T07:20:27.421925076Z","logger":"autoscaler","caller":"scaling/autoscaler.go:207","message":"For metric concurrency observed values: stable = 0.3; panic = -0.0; target = 3.5 Desired StablePodCount = 1, PanicPodCount = -0, ReadyEndpointCount = 1, MaxScaleUp = 1000, MaxScaleDown = 0","knative.dev/key":"default/matrixmul-00001"}
{"severity":"INFO","timestamp":"2026-06-03T07:20:27.421953298Z","logger":"autoscaler","caller":"scaling/autoscaler.go:314","message":"Autoscaler: stable=0.267011 panic=-0.000000 target=3.500000 pods=%!d(float64=1) desired=1 excessBC=-206.000000","knative.dev/key":"default/matrixmul-00001"}
{"severity":"INFO","timestamp":"2026-06-03T07:20:27.421969965Z","logger":"autoscaler","caller":"scaling/autoscaler.go:318","message":"⏱ Autoscaler decision: 61.833µs.","knative.dev/key":"default/matrixmul-00001"}
{"severity":"INFO","timestamp":"2026-06-03T07:20:27.423179093Z","logger":"autoscaler","caller":"scaling/autoscaler.go:207","message":"For metric concurrency observed values: stable = 0.1; panic = -0.0; target = 3.5 Desired StablePodCount = 1, PanicPodCount = -0, ReadyEndpointCount = 1, MaxScaleUp = 1000, MaxScaleDown = 0","knative.dev/key":"default/genmatrix-00001"}
{"severity":"INFO","timestamp":"2026-06-03T07:20:27.423218223Z","logger":"autoscaler","caller":"scaling/autoscaler.go:314","message":"Autoscaler: stable=0.050431 panic=-0.000000 target=3.500000 pods=%!d(float64=1) desired=1 excessBC=-206.000000","knative.dev/key":"default/genmatrix-00001"}
{"severity":"INFO","timestamp":"2026-06-03T07:20:27.423234315Z","logger":"autoscaler","caller":"scaling/autoscaler.go:318","message":"⏱ Autoscaler decision: 68.667µs.","knative.dev/key":"default/genmatrix-00001"}
{"severity":"INFO","timestamp":"2026-06-03T07:20:27.42362063Z","logger":"autoscaler","caller":"scaling/autoscaler.go:207","message":"For metric concurrency observed values: stable = 0.3; panic = -0.0; target = 3.5 Desired StablePodCount = 1, PanicPodCount = -0, ReadyEndpointCount = 1, MaxScaleUp = 1000, MaxScaleDown = 0","knative.dev/key":"default/fastfouriertransform-00001"}
{"severity":"INFO","timestamp":"2026-06-03T07:20:27.423642037Z","logger":"autoscaler","caller":"scaling/autoscaler.go:314","message":"Autoscaler: stable=0.314564 panic=-0.000000 target=3.500000 pods=%!d(float64=1) desired=1 excessBC=-206.000000","knative.dev/key":"default/fastfouriertransform-00001"}
{"severity":"INFO","timestamp":"2026-06-03T07:20:27.423654352Z","logger":"autoscaler","caller":"scaling/autoscaler.go:318","message":"⏱ Autoscaler decision: 44.76µs.","knative.dev/key":"default/fastfouriertransform-00001"}
{"severity":"INFO","timestamp":"2026-06-03T07:20:27.423732537Z","logger":"autoscaler","caller":"scaling/autoscaler.go:207","message":"For metric concurrency observed values: stable = 0.1; panic = 0.0; target = 3.5 Desired StablePodCount = 1, PanicPodCount = 0, ReadyEndpointCount = 1, MaxScaleUp = 1000, MaxScaleDown = 0","knative.dev/key":"default/fetchdata-00001"}
{"severity":"INFO","timestamp":"2026-06-03T07:20:27.423748167Z","logger":"autoscaler","caller":"scaling/autoscaler.go:314","message":"Autoscaler: stable=0.091657 panic=0.000000 target=3.500000 pods=%!d(float64=1) desired=1 excessBC=-206.000000","knative.dev/key":"default/fetchdata-00001"}
{"severity":"INFO","timestamp":"2026-06-03T07:20:27.423791444Z","logger":"autoscaler","caller":"scaling/autoscaler.go:318","message":"⏱ Autoscaler decision: 120.389µs.","knative.dev/key":"default/fetchdata-00001"}
{"severity":"INFO","timestamp":"2026-06-03T07:20:29.42131983Z","logger":"autoscaler","caller":"scaling/autoscaler.go:207","message":"For metric concurrency observed values: stable = 0.3; panic = 0.0; target = 3.5 Desired StablePodCount = 1, PanicPodCount = 0, ReadyEndpointCount = 1, MaxScaleUp = 1000, MaxScaleDown = 0","knative.dev/key":"default/linpack-00001"}
{"severity":"INFO","timestamp":"2026-06-03T07:20:29.421373534Z","logger":"autoscaler","caller":"scaling/autoscaler.go:314","message":"Autoscaler: stable=0.312719 panic=0.000000 target=3.500000 pods=%!d(float64=1) desired=1 excessBC=-206.000000","knative.dev/key":"default/linpack-00001"}
{"severity":"INFO","timestamp":"2026-06-03T07:20:29.421395719Z","logger":"autoscaler","caller":"scaling/autoscaler.go:318","message":"⏱ Autoscaler decision: 299.389µs.","knative.dev/key":"default/linpack-00001"}
{"severity":"INFO","timestamp":"2026-06-03T07:20:29.42187583Z","logger":"autoscaler","caller":"scaling/autoscaler.go:207","message":"For metric concurrency observed values: stable = 0.2; panic = -0.0; target = 3.5 Desired StablePodCount = 1, PanicPodCount = -0, ReadyEndpointCount = 1, MaxScaleUp = 1000, MaxScaleDown = 0","knative.dev/key":"default/matrixmul-00001"}
{"severity":"INFO","timestamp":"2026-06-03T07:20:29.421903978Z","logger":"autoscaler","caller":"scaling/autoscaler.go:314","message":"Autoscaler: stable=0.244861 panic=-0.000000 target=3.500000 pods=%!d(float64=1) desired=1 excessBC=-206.000000","knative.dev/key":"default/matrixmul-00001"}
{"severity":"INFO","timestamp":"2026-06-03T07:20:29.421926941Z","logger":"autoscaler","caller":"scaling/autoscaler.go:318","message":"⏱ Autoscaler decision: 74.445µs.","knative.dev/key":"default/matrixmul-00001"}
{"severity":"INFO","timestamp":"2026-06-03T07:20:29.423197218Z","logger":"autoscaler","caller":"scaling/autoscaler.go:207","message":"For metric concurrency observed values: stable = 0.0; panic = -0.0; target = 3.5 Desired StablePodCount = 1, PanicPodCount = -0, ReadyEndpointCount = 1, MaxScaleUp = 1000, MaxScaleDown = 0","knative.dev/key":"default/genmatrix-00001"}
{"severity":"INFO","timestamp":"2026-06-03T07:20:29.423230217Z","logger":"autoscaler","caller":"scaling/autoscaler.go:314","message":"Autoscaler: stable=0.047940 panic=-0.000000 target=3.500000 pods=%!d(float64=1) desired=1 excessBC=-206.000000","knative.dev/key":"default/genmatrix-00001"}
{"severity":"INFO","timestamp":"2026-06-03T07:20:29.423251403Z","logger":"autoscaler","caller":"scaling/autoscaler.go:318","message":"⏱ Autoscaler decision: 74.982µs.","knative.dev/key":"default/genmatrix-00001"}
{"severity":"INFO","timestamp":"2026-06-03T07:20:29.424114606Z","logger":"autoscaler","caller":"scaling/autoscaler.go:207","message":"For metric concurrency observed values: stable = 0.3; panic = -0.0; target = 3.5 Desired StablePodCount = 1, PanicPodCount = -0, ReadyEndpointCount = 1, MaxScaleUp = 1000, MaxScaleDown = 0","knative.dev/key":"default/fastfouriertransform-00001"}
{"severity":"INFO","timestamp":"2026-06-03T07:20:29.424155957Z","logger":"autoscaler","caller":"scaling/autoscaler.go:314","message":"Autoscaler: stable=0.310510 panic=-0.000000 target=3.500000 pods=%!d(float64=1) desired=1 excessBC=-206.000000","knative.dev/key":"default/fastfouriertransform-00001"}
{"severity":"INFO","timestamp":"2026-06-03T07:20:29.424180383Z","logger":"autoscaler","caller":"scaling/autoscaler.go:318","message":"⏱ Autoscaler decision: 87.593µs.","knative.dev/key":"default/fastfouriertransform-00001"}
{"severity":"INFO","timestamp":"2026-06-03T07:20:29.424256809Z","logger":"autoscaler","caller":"scaling/autoscaler.go:207","message":"For metric concurrency observed values: stable = 0.1; panic = 0.0; target = 3.5 Desired StablePodCount = 1, PanicPodCount = 0, ReadyEndpointCount = 1, MaxScaleUp = 1000, MaxScaleDown = 0","knative.dev/key":"default/fetchdata-00001"}
{"severity":"INFO","timestamp":"2026-06-03T07:20:29.424278328Z","logger":"autoscaler","caller":"scaling/autoscaler.go:314","message":"Autoscaler: stable=0.085795 panic=0.000000 target=3.500000 pods=%!d(float64=1) desired=1 excessBC=-206.000000","knative.dev/key":"default/fetchdata-00001"}
{"severity":"INFO","timestamp":"2026-06-03T07:20:29.424338494Z","logger":"autoscaler","caller":"scaling/autoscaler.go:318","message":"⏱ Autoscaler decision: 94.333µs.","knative.dev/key":"default/fetchdata-00001"}
{"severity":"INFO","timestamp":"2026-06-03T07:20:31.421467284Z","logger":"autoscaler","caller":"scaling/autoscaler.go:207","message":"For metric concurrency observed values: stable = 0.3; panic = 0.0; target = 3.5 Desired StablePodCount = 1, PanicPodCount = 0, ReadyEndpointCount = 1, MaxScaleUp = 1000, MaxScaleDown = 0","knative.dev/key":"default/linpack-00001"}
{"severity":"INFO","timestamp":"2026-06-03T07:20:31.421513395Z","logger":"autoscaler","caller":"scaling/autoscaler.go:314","message":"Autoscaler: stable=0.300408 panic=0.000000 target=3.500000 pods=%!d(float64=1) desired=1 excessBC=-206.000000","knative.dev/key":"default/linpack-00001"}
{"severity":"INFO","timestamp":"2026-06-03T07:20:31.421537525Z","logger":"autoscaler","caller":"scaling/autoscaler.go:318","message":"⏱ Autoscaler decision: 128.5µs.","knative.dev/key":"default/linpack-00001"}
{"severity":"INFO","timestamp":"2026-06-03T07:20:31.421730562Z","logger":"autoscaler","caller":"scaling/autoscaler.go:207","message":"For metric concurrency observed values: stable = 0.2; panic = -0.0; target = 3.5 Desired StablePodCount = 1, PanicPodCount = -0, ReadyEndpointCount = 1, MaxScaleUp = 1000, MaxScaleDown = 0","knative.dev/key":"default/matrixmul-00001"}
{"severity":"INFO","timestamp":"2026-06-03T07:20:31.421773173Z","logger":"autoscaler","caller":"scaling/autoscaler.go:314","message":"Autoscaler: stable=0.199252 panic=-0.000000 target=3.500000 pods=%!d(float64=1) desired=1 excessBC=-206.000000","knative.dev/key":"default/matrixmul-00001"}
{"severity":"INFO","timestamp":"2026-06-03T07:20:31.421793432Z","logger":"autoscaler","caller":"scaling/autoscaler.go:318","message":"⏱ Autoscaler decision: 92.982µs.","knative.dev/key":"default/matrixmul-00001"}
{"severity":"INFO","timestamp":"2026-06-03T07:20:31.422420709Z","logger":"autoscaler","caller":"scaling/autoscaler.go:207","message":"For metric concurrency observed values: stable = 0.3; panic = -0.0; target = 3.5 Desired StablePodCount = 1, PanicPodCount = -0, ReadyEndpointCount = 1, MaxScaleUp = 1000, MaxScaleDown = 0","knative.dev/key":"default/fastfouriertransform-00001"}
{"severity":"INFO","timestamp":"2026-06-03T07:20:31.422467617Z","logger":"autoscaler","caller":"scaling/autoscaler.go:314","message":"Autoscaler: stable=0.301099 panic=-0.000000 target=3.500000 pods=%!d(float64=1) desired=1 excessBC=-206.000000","knative.dev/key":"default/fastfouriertransform-00001"}
{"severity":"INFO","timestamp":"2026-06-03T07:20:31.42249232Z","logger":"autoscaler","caller":"scaling/autoscaler.go:318","message":"⏱ Autoscaler decision: 105.759µs.","knative.dev/key":"default/fastfouriertransform-00001"}
{"severity":"INFO","timestamp":"2026-06-03T07:20:31.422763098Z","logger":"autoscaler","caller":"scaling/autoscaler.go:207","message":"For metric concurrency observed values: stable = 0.1; panic = 0.0; target = 3.5 Desired StablePodCount = 1, PanicPodCount = 0, ReadyEndpointCount = 1, MaxScaleUp = 1000, MaxScaleDown = 0","knative.dev/key":"default/fetchdata-00001"}
{"severity":"INFO","timestamp":"2026-06-03T07:20:31.422787616Z","logger":"autoscaler","caller":"scaling/autoscaler.go:314","message":"Autoscaler: stable=0.081376 panic=0.000000 target=3.500000 pods=%!d(float64=1) desired=1 excessBC=-206.000000","knative.dev/key":"default/fetchdata-00001"}
{"severity":"INFO","timestamp":"2026-06-03T07:20:31.422864283Z","logger":"autoscaler","caller":"scaling/autoscaler.go:318","message":"⏱ Autoscaler decision: 124.37µs.","knative.dev/key":"default/fetchdata-00001"}
{"severity":"INFO","timestamp":"2026-06-03T07:20:31.423145097Z","logger":"autoscaler","caller":"scaling/autoscaler.go:207","message":"For metric concurrency observed values: stable = 0.0; panic = -0.0; target = 3.5 Desired StablePodCount = 1, PanicPodCount = -0, ReadyEndpointCount = 1, MaxScaleUp = 1000, MaxScaleDown = 0","knative.dev/key":"default/genmatrix-00001"}
{"severity":"INFO","timestamp":"2026-06-03T07:20:31.423185116Z","logger":"autoscaler","caller":"scaling/autoscaler.go:314","message":"Autoscaler: stable=0.047381 panic=-0.000000 target=3.500000 pods=%!d(float64=1) desired=1 excessBC=-206.000000","knative.dev/key":"default/genmatrix-00001"}
{"severity":"INFO","timestamp":"2026-06-03T07:20:31.423208709Z","logger":"autoscaler","caller":"scaling/autoscaler.go:318","message":"⏱ Autoscaler decision: 89.463µs.","knative.dev/key":"default/genmatrix-00001"}
{"severity":"INFO","timestamp":"2026-06-03T07:20:33.421623864Z","logger":"autoscaler","caller":"scaling/autoscaler.go:207","message":"For metric concurrency observed values: stable = 0.2; panic = -0.0; target = 3.5 Desired StablePodCount = 1, PanicPodCount = -0, ReadyEndpointCount = 1, MaxScaleUp = 1000, MaxScaleDown = 0","knative.dev/key":"default/matrixmul-00001"}
{"severity":"INFO","timestamp":"2026-06-03T07:20:33.421666086Z","logger":"autoscaler","caller":"scaling/autoscaler.go:314","message":"Autoscaler: stable=0.190565 panic=-0.000000 target=3.500000 pods=%!d(float64=1) desired=1 excessBC=-206.000000","knative.dev/key":"default/matrixmul-00001"}
{"severity":"INFO","timestamp":"2026-06-03T07:20:33.421692734Z","logger":"autoscaler","caller":"scaling/autoscaler.go:318","message":"⏱ Autoscaler decision: 75.685µs.","knative.dev/key":"default/matrixmul-00001"}
{"severity":"INFO","timestamp":"2026-06-03T07:20:33.421470994Z","logger":"autoscaler","caller":"scaling/autoscaler.go:207","message":"For metric concurrency observed values: stable = 0.3; panic = 0.0; target = 3.5 Desired StablePodCount = 1, PanicPodCount = 0, ReadyEndpointCount = 1, MaxScaleUp = 1000, MaxScaleDown = 0","knative.dev/key":"default/linpack-00001"}
{"severity":"INFO","timestamp":"2026-06-03T07:20:33.421955271Z","logger":"autoscaler","caller":"scaling/autoscaler.go:314","message":"Autoscaler: stable=0.283459 panic=0.000000 target=3.500000 pods=%!d(float64=1) desired=1 excessBC=-206.000000","knative.dev/key":"default/linpack-00001"}
{"severity":"INFO","timestamp":"2026-06-03T07:20:33.421977752Z","logger":"autoscaler","caller":"scaling/autoscaler.go:318","message":"⏱ Autoscaler decision: 544.407µs.","knative.dev/key":"default/linpack-00001"}
{"severity":"INFO","timestamp":"2026-06-03T07:20:33.422441622Z","logger":"autoscaler","caller":"scaling/autoscaler.go:207","message":"For metric concurrency observed values: stable = 0.3; panic = -0.0; target = 3.5 Desired StablePodCount = 1, PanicPodCount = -0, ReadyEndpointCount = 1, MaxScaleUp = 1000, MaxScaleDown = 0","knative.dev/key":"default/fastfouriertransform-00001"}
{"severity":"INFO","timestamp":"2026-06-03T07:20:33.422474882Z","logger":"autoscaler","caller":"scaling/autoscaler.go:314","message":"Autoscaler: stable=0.274376 panic=-0.000000 target=3.500000 pods=%!d(float64=1) desired=1 excessBC=-206.000000","knative.dev/key":"default/fastfouriertransform-00001"}
{"severity":"INFO","timestamp":"2026-06-03T07:20:33.422496141Z","logger":"autoscaler","caller":"scaling/autoscaler.go:318","message":"⏱ Autoscaler decision: 78.649µs.","knative.dev/key":"default/fastfouriertransform-00001"}
{"severity":"INFO","timestamp":"2026-06-03T07:20:33.42273753Z","logger":"autoscaler","caller":"scaling/autoscaler.go:207","message":"For metric concurrency observed values: stable = 0.1; panic = 0.0; target = 3.5 Desired StablePodCount = 1, PanicPodCount = 0, ReadyEndpointCount = 1, MaxScaleUp = 1000, MaxScaleDown = 0","knative.dev/key":"default/fetchdata-00001"}
{"severity":"INFO","timestamp":"2026-06-03T07:20:33.422763252Z","logger":"autoscaler","caller":"scaling/autoscaler.go:314","message":"Autoscaler: stable=0.073886 panic=0.000000 target=3.500000 pods=%!d(float64=1) desired=1 excessBC=-206.000000","knative.dev/key":"default/fetchdata-00001"}
{"severity":"INFO","timestamp":"2026-06-03T07:20:33.422782252Z","logger":"autoscaler","caller":"scaling/autoscaler.go:318","message":"⏱ Autoscaler decision: 57.037µs.","knative.dev/key":"default/fetchdata-00001"}
{"severity":"INFO","timestamp":"2026-06-03T07:20:33.423222288Z","logger":"autoscaler","caller":"scaling/autoscaler.go:207","message":"For metric concurrency observed values: stable = 0.0; panic = -0.0; target = 3.5 Desired StablePodCount = 1, PanicPodCount = -0, ReadyEndpointCount = 1, MaxScaleUp = 1000, MaxScaleDown = 0","knative.dev/key":"default/genmatrix-00001"}
{"severity":"INFO","timestamp":"2026-06-03T07:20:33.423251992Z","logger":"autoscaler","caller":"scaling/autoscaler.go:314","message":"Autoscaler: stable=0.046111 panic=-0.000000 target=3.500000 pods=%!d(float64=1) desired=1 excessBC=-206.000000","knative.dev/key":"default/genmatrix-00001"}
{"severity":"INFO","timestamp":"2026-06-03T07:20:33.423272196Z","logger":"autoscaler","caller":"scaling/autoscaler.go:318","message":"⏱ Autoscaler decision: 68.296µs.","knative.dev/key":"default/genmatrix-00001"}
{"severity":"INFO","timestamp":"2026-06-03T07:20:35.421277755Z","logger":"autoscaler","caller":"scaling/autoscaler.go:207","message":"For metric concurrency observed values: stable = 0.3; panic = 0.0; target = 3.5 Desired StablePodCount = 1, PanicPodCount = 0, ReadyEndpointCount = 1, MaxScaleUp = 1000, MaxScaleDown = 0","knative.dev/key":"default/linpack-00001"}
{"severity":"INFO","timestamp":"2026-06-03T07:20:35.421329218Z","logger":"autoscaler","caller":"scaling/autoscaler.go:314","message":"Autoscaler: stable=0.282636 panic=0.000000 target=3.500000 pods=%!d(float64=1) desired=1 excessBC=-206.000000","knative.dev/key":"default/linpack-00001"}
{"severity":"INFO","timestamp":"2026-06-03T07:20:35.421352663Z","logger":"autoscaler","caller":"scaling/autoscaler.go:318","message":"⏱ Autoscaler decision: 113.241µs.","knative.dev/key":"default/linpack-00001"}
{"severity":"INFO","timestamp":"2026-06-03T07:20:35.421647459Z","logger":"autoscaler","caller":"scaling/autoscaler.go:207","message":"For metric concurrency observed values: stable = 0.2; panic = -0.0; target = 3.5 Desired StablePodCount = 1, PanicPodCount = -0, ReadyEndpointCount = 1, MaxScaleUp = 1000, MaxScaleDown = 0","knative.dev/key":"default/matrixmul-00001"}
{"severity":"INFO","timestamp":"2026-06-03T07:20:35.421676514Z","logger":"autoscaler","caller":"scaling/autoscaler.go:314","message":"Autoscaler: stable=0.188979 panic=-0.000000 target=3.500000 pods=%!d(float64=1) desired=1 excessBC=-206.000000","knative.dev/key":"default/matrixmul-00001"}
{"severity":"INFO","timestamp":"2026-06-03T07:20:35.421694996Z","logger":"autoscaler","caller":"scaling/autoscaler.go:318","message":"⏱ Autoscaler decision: 62.834µs.","knative.dev/key":"default/matrixmul-00001"}
{"severity":"INFO","timestamp":"2026-06-03T07:20:35.422402328Z","logger":"autoscaler","caller":"scaling/autoscaler.go:207","message":"For metric concurrency observed values: stable = 0.3; panic = -0.0; target = 3.5 Desired StablePodCount = 1, PanicPodCount = -0, ReadyEndpointCount = 1, MaxScaleUp = 1000, MaxScaleDown = 0","knative.dev/key":"default/fastfouriertransform-00001"}
{"severity":"INFO","timestamp":"2026-06-03T07:20:35.422434032Z","logger":"autoscaler","caller":"scaling/autoscaler.go:314","message":"Autoscaler: stable=0.273344 panic=-0.000000 target=3.500000 pods=%!d(float64=1) desired=1 excessBC=-206.000000","knative.dev/key":"default/fastfouriertransform-00001"}
{"severity":"INFO","timestamp":"2026-06-03T07:20:35.422499458Z","logger":"autoscaler","caller":"scaling/autoscaler.go:318","message":"⏱ Autoscaler decision: 138.166µs.","knative.dev/key":"default/fastfouriertransform-00001"}
{"severity":"INFO","timestamp":"2026-06-03T07:20:35.422798346Z","logger":"autoscaler","caller":"scaling/autoscaler.go:207","message":"For metric concurrency observed values: stable = 0.1; panic = 0.0; target = 3.5 Desired StablePodCount = 1, PanicPodCount = 0, ReadyEndpointCount = 1, MaxScaleUp = 1000, MaxScaleDown = 0","knative.dev/key":"default/fetchdata-00001"}
{"severity":"INFO","timestamp":"2026-06-03T07:20:35.422824346Z","logger":"autoscaler","caller":"scaling/autoscaler.go:314","message":"Autoscaler: stable=0.065143 panic=0.000000 target=3.500000 pods=%!d(float64=1) desired=1 excessBC=-206.000000","knative.dev/key":"default/fetchdata-00001"}
{"severity":"INFO","timestamp":"2026-06-03T07:20:35.422843772Z","logger":"autoscaler","caller":"scaling/autoscaler.go:318","message":"⏱ Autoscaler decision: 58.778µs.","knative.dev/key":"default/fetchdata-00001"}
{"severity":"INFO","timestamp":"2026-06-03T07:20:35.42331392Z","logger":"autoscaler","caller":"scaling/autoscaler.go:207","message":"For metric concurrency observed values: stable = 0.0; panic = -0.0; target = 3.5 Desired StablePodCount = 1, PanicPodCount = -0, ReadyEndpointCount = 1, MaxScaleUp = 1000, MaxScaleDown = 0","knative.dev/key":"default/genmatrix-00001"}
{"severity":"INFO","timestamp":"2026-06-03T07:20:35.423336642Z","logger":"autoscaler","caller":"scaling/autoscaler.go:314","message":"Autoscaler: stable=0.045024 panic=-0.000000 target=3.500000 pods=%!d(float64=1) desired=1 excessBC=-206.000000","knative.dev/key":"default/genmatrix-00001"}
{"severity":"INFO","timestamp":"2026-06-03T07:20:35.423354161Z","logger":"autoscaler","caller":"scaling/autoscaler.go:318","message":"⏱ Autoscaler decision: 53.018µs.","knative.dev/key":"default/genmatrix-00001"}
{"severity":"INFO","timestamp":"2026-06-03T07:20:37.42100555Z","logger":"autoscaler","caller":"scaling/autoscaler.go:207","message":"For metric concurrency observed values: stable = 0.3; panic = 0.0; target = 3.5 Desired StablePodCount = 1, PanicPodCount = 0, ReadyEndpointCount = 1, MaxScaleUp = 1000, MaxScaleDown = 0","knative.dev/key":"default/linpack-00001"}
{"severity":"INFO","timestamp":"2026-06-03T07:20:37.421043957Z","logger":"autoscaler","caller":"scaling/autoscaler.go:314","message":"Autoscaler: stable=0.269366 panic=0.000000 target=3.500000 pods=%!d(float64=1) desired=1 excessBC=-206.000000","knative.dev/key":"default/linpack-00001"}
{"severity":"INFO","timestamp":"2026-06-03T07:20:37.421064402Z","logger":"autoscaler","caller":"scaling/autoscaler.go:318","message":"⏱ Autoscaler decision: 73.019µs.","knative.dev/key":"default/linpack-00001"}
{"severity":"INFO","timestamp":"2026-06-03T07:20:37.421744364Z","logger":"autoscaler","caller":"scaling/autoscaler.go:207","message":"For metric concurrency observed values: stable = 0.1; panic = -0.0; target = 3.5 Desired StablePodCount = 1, PanicPodCount = -0, ReadyEndpointCount = 1, MaxScaleUp = 1000, MaxScaleDown = 0","knative.dev/key":"default/matrixmul-00001"}
{"severity":"INFO","timestamp":"2026-06-03T07:20:37.421771957Z","logger":"autoscaler","caller":"scaling/autoscaler.go:314","message":"Autoscaler: stable=0.136560 panic=-0.000000 target=3.500000 pods=%!d(float64=1) desired=1 excessBC=-206.000000","knative.dev/key":"default/matrixmul-00001"}
{"severity":"INFO","timestamp":"2026-06-03T07:20:37.421787994Z","logger":"autoscaler","caller":"scaling/autoscaler.go:318","message":"⏱ Autoscaler decision: 60.241µs.","knative.dev/key":"default/matrixmul-00001"}
{"severity":"INFO","timestamp":"2026-06-03T07:20:37.422929344Z","logger":"autoscaler","caller":"scaling/autoscaler.go:207","message":"For metric concurrency observed values: stable = 0.1; panic = 0.0; target = 3.5 Desired StablePodCount = 1, PanicPodCount = 0, ReadyEndpointCount = 1, MaxScaleUp = 1000, MaxScaleDown = 0","knative.dev/key":"default/fetchdata-00001"}
{"severity":"INFO","timestamp":"2026-06-03T07:20:37.422951141Z","logger":"autoscaler","caller":"scaling/autoscaler.go:314","message":"Autoscaler: stable=0.063304 panic=0.000000 target=3.500000 pods=%!d(float64=1) desired=1 excessBC=-206.000000","knative.dev/key":"default/fetchdata-00001"}
{"severity":"INFO","timestamp":"2026-06-03T07:20:37.422963363Z","logger":"autoscaler","caller":"scaling/autoscaler.go:318","message":"⏱ Autoscaler decision: 52.482µs.","knative.dev/key":"default/fetchdata-00001"}
{"severity":"INFO","timestamp":"2026-06-03T07:20:37.423155696Z","logger":"autoscaler","caller":"scaling/autoscaler.go:207","message":"For metric concurrency observed values: stable = 0.0; panic = -0.0; target = 3.5 Desired StablePodCount = 1, PanicPodCount = -0, ReadyEndpointCount = 1, MaxScaleUp = 1000, MaxScaleDown = 0","knative.dev/key":"default/genmatrix-00001"}
{"severity":"INFO","timestamp":"2026-06-03T07:20:37.4231759Z","logger":"autoscaler","caller":"scaling/autoscaler.go:314","message":"Autoscaler: stable=0.043890 panic=-0.000000 target=3.500000 pods=%!d(float64=1) desired=1 excessBC=-206.000000","knative.dev/key":"default/genmatrix-00001"}
{"severity":"INFO","timestamp":"2026-06-03T07:20:37.423201215Z","logger":"autoscaler","caller":"scaling/autoscaler.go:318","message":"⏱ Autoscaler decision: 55.223µs.","knative.dev/key":"default/genmatrix-00001"}
{"severity":"INFO","timestamp":"2026-06-03T07:20:37.423349751Z","logger":"autoscaler","caller":"scaling/autoscaler.go:207","message":"For metric concurrency observed values: stable = 0.3; panic = -0.0; target = 3.5 Desired StablePodCount = 1, PanicPodCount = -0, ReadyEndpointCount = 1, MaxScaleUp = 1000, MaxScaleDown = 0","knative.dev/key":"default/fastfouriertransform-00001"}
{"severity":"INFO","timestamp":"2026-06-03T07:20:37.423366548Z","logger":"autoscaler","caller":"scaling/autoscaler.go:314","message":"Autoscaler: stable=0.272173 panic=-0.000000 target=3.500000 pods=%!d(float64=1) desired=1 excessBC=-206.000000","knative.dev/key":"default/fastfouriertransform-00001"}
{"severity":"INFO","timestamp":"2026-06-03T07:20:37.423390196Z","logger":"autoscaler","caller":"scaling/autoscaler.go:318","message":"⏱ Autoscaler decision: 49.481µs.","knative.dev/key":"default/fastfouriertransform-00001"}
{"severity":"INFO","timestamp":"2026-06-03T07:20:39.421097082Z","logger":"autoscaler","caller":"scaling/autoscaler.go:207","message":"For metric concurrency observed values: stable = 0.2; panic = 0.0; target = 3.5 Desired StablePodCount = 1, PanicPodCount = 0, ReadyEndpointCount = 1, MaxScaleUp = 1000, MaxScaleDown = 0","knative.dev/key":"default/linpack-00001"}
{"severity":"INFO","timestamp":"2026-06-03T07:20:39.421315748Z","logger":"autoscaler","caller":"scaling/autoscaler.go:314","message":"Autoscaler: stable=0.226372 panic=0.000000 target=3.500000 pods=%!d(float64=1) desired=1 excessBC=-206.000000","knative.dev/key":"default/linpack-00001"}
{"severity":"INFO","timestamp":"2026-06-03T07:20:39.421337507Z","logger":"autoscaler","caller":"scaling/autoscaler.go:318","message":"⏱ Autoscaler decision: 267.87µs.","knative.dev/key":"default/linpack-00001"}
{"severity":"INFO","timestamp":"2026-06-03T07:20:39.421745303Z","logger":"autoscaler","caller":"scaling/autoscaler.go:207","message":"For metric concurrency observed values: stable = 0.1; panic = -0.0; target = 3.5 Desired StablePodCount = 1, PanicPodCount = -0, ReadyEndpointCount = 1, MaxScaleUp = 1000, MaxScaleDown = 0","knative.dev/key":"default/matrixmul-00001"}
{"severity":"INFO","timestamp":"2026-06-03T07:20:39.421765044Z","logger":"autoscaler","caller":"scaling/autoscaler.go:314","message":"Autoscaler: stable=0.126937 panic=-0.000000 target=3.500000 pods=%!d(float64=1) desired=1 excessBC=-206.000000","knative.dev/key":"default/matrixmul-00001"}
{"severity":"INFO","timestamp":"2026-06-03T07:20:39.421781062Z","logger":"autoscaler","caller":"scaling/autoscaler.go:318","message":"⏱ Autoscaler decision: 54.999µs.","knative.dev/key":"default/matrixmul-00001"}
{"severity":"INFO","timestamp":"2026-06-03T07:20:39.422922135Z","logger":"autoscaler","caller":"scaling/autoscaler.go:207","message":"For metric concurrency observed values: stable = 0.1; panic = 0.0; target = 3.5 Desired StablePodCount = 1, PanicPodCount = 0, ReadyEndpointCount = 1, MaxScaleUp = 1000, MaxScaleDown = 0","knative.dev/key":"default/fetchdata-00001"}
{"severity":"INFO","timestamp":"2026-06-03T07:20:39.422943358Z","logger":"autoscaler","caller":"scaling/autoscaler.go:314","message":"Autoscaler: stable=0.058335 panic=0.000000 target=3.500000 pods=%!d(float64=1) desired=1 excessBC=-206.000000","knative.dev/key":"default/fetchdata-00001"}
{"severity":"INFO","timestamp":"2026-06-03T07:20:39.42295895Z","logger":"autoscaler","caller":"scaling/autoscaler.go:318","message":"⏱ Autoscaler decision: 55.018µs.","knative.dev/key":"default/fetchdata-00001"}
{"severity":"INFO","timestamp":"2026-06-03T07:20:39.42314608Z","logger":"autoscaler","caller":"scaling/autoscaler.go:207","message":"For metric concurrency observed values: stable = 0.0; panic = -0.0; target = 3.5 Desired StablePodCount = 1, PanicPodCount = -0, ReadyEndpointCount = 1, MaxScaleUp = 1000, MaxScaleDown = 0","knative.dev/key":"default/genmatrix-00001"}
{"severity":"INFO","timestamp":"2026-06-03T07:20:39.423165931Z","logger":"autoscaler","caller":"scaling/autoscaler.go:314","message":"Autoscaler: stable=0.042777 panic=-0.000000 target=3.500000 pods=%!d(float64=1) desired=1 excessBC=-206.000000","knative.dev/key":"default/genmatrix-00001"}
{"severity":"INFO","timestamp":"2026-06-03T07:20:39.423179635Z","logger":"autoscaler","caller":"scaling/autoscaler.go:318","message":"⏱ Autoscaler decision: 51.203µs.","knative.dev/key":"default/genmatrix-00001"}
{"severity":"INFO","timestamp":"2026-06-03T07:20:39.42329895Z","logger":"autoscaler","caller":"scaling/autoscaler.go:207","message":"For metric concurrency observed values: stable = 0.2; panic = -0.0; target = 3.5 Desired StablePodCount = 1, PanicPodCount = -0, ReadyEndpointCount = 1, MaxScaleUp = 1000, MaxScaleDown = 0","knative.dev/key":"default/fastfouriertransform-00001"}
{"severity":"INFO","timestamp":"2026-06-03T07:20:39.423315061Z","logger":"autoscaler","caller":"scaling/autoscaler.go:314","message":"Autoscaler: stable=0.242845 panic=-0.000000 target=3.500000 pods=%!d(float64=1) desired=1 excessBC=-206.000000","knative.dev/key":"default/fastfouriertransform-00001"}
{"severity":"INFO","timestamp":"2026-06-03T07:20:39.423328876Z","logger":"autoscaler","caller":"scaling/autoscaler.go:318","message":"⏱ Autoscaler decision: 39.686µs.","knative.dev/key":"default/fastfouriertransform-00001"}
{"severity":"INFO","timestamp":"2026-06-03T07:20:41.421362739Z","logger":"autoscaler","caller":"scaling/autoscaler.go:207","message":"For metric concurrency observed values: stable = 0.2; panic = 0.0; target = 3.5 Desired StablePodCount = 1, PanicPodCount = 0, ReadyEndpointCount = 1, MaxScaleUp = 1000, MaxScaleDown = 0","knative.dev/key":"default/linpack-00001"}
{"severity":"INFO","timestamp":"2026-06-03T07:20:41.421413017Z","logger":"autoscaler","caller":"scaling/autoscaler.go:314","message":"Autoscaler: stable=0.225823 panic=0.000000 target=3.500000 pods=%!d(float64=1) desired=1 excessBC=-206.000000","knative.dev/key":"default/linpack-00001"}
{"severity":"INFO","timestamp":"2026-06-03T07:20:41.421435554Z","logger":"autoscaler","caller":"scaling/autoscaler.go:318","message":"⏱ Autoscaler decision: 107.87µs.","knative.dev/key":"default/linpack-00001"}
{"severity":"INFO","timestamp":"2026-06-03T07:20:41.421904035Z","logger":"autoscaler","caller":"scaling/autoscaler.go:207","message":"For metric concurrency observed values: stable = 0.1; panic = -0.0; target = 3.5 Desired StablePodCount = 1, PanicPodCount = -0, ReadyEndpointCount = 1, MaxScaleUp = 1000, MaxScaleDown = 0","knative.dev/key":"default/matrixmul-00001"}
{"severity":"INFO","timestamp":"2026-06-03T07:20:41.421943572Z","logger":"autoscaler","caller":"scaling/autoscaler.go:314","message":"Autoscaler: stable=0.116515 panic=-0.000000 target=3.500000 pods=%!d(float64=1) desired=1 excessBC=-206.000000","knative.dev/key":"default/matrixmul-00001"}
{"severity":"INFO","timestamp":"2026-06-03T07:20:41.421966164Z","logger":"autoscaler","caller":"scaling/autoscaler.go:318","message":"⏱ Autoscaler decision: 90.445µs.","knative.dev/key":"default/matrixmul-00001"}
{"severity":"INFO","timestamp":"2026-06-03T07:20:41.423314033Z","logger":"autoscaler","caller":"scaling/autoscaler.go:207","message":"For metric concurrency observed values: stable = 0.0; panic = -0.0; target = 3.5 Desired StablePodCount = 1, PanicPodCount = -0, ReadyEndpointCount = 1, MaxScaleUp = 1000, MaxScaleDown = 0","knative.dev/key":"default/genmatrix-00001"}
{"severity":"INFO","timestamp":"2026-06-03T07:20:41.42334757Z","logger":"autoscaler","caller":"scaling/autoscaler.go:314","message":"Autoscaler: stable=0.040836 panic=-0.000000 target=3.500000 pods=%!d(float64=1) desired=1 excessBC=-206.000000","knative.dev/key":"default/genmatrix-00001"}
{"severity":"INFO","timestamp":"2026-06-03T07:20:41.423361941Z","logger":"autoscaler","caller":"scaling/autoscaler.go:318","message":"⏱ Autoscaler decision: 69.519µs.","knative.dev/key":"default/genmatrix-00001"}
{"severity":"INFO","timestamp":"2026-06-03T07:20:41.423899125Z","logger":"autoscaler","caller":"scaling/autoscaler.go:207","message":"For metric concurrency observed values: stable = 0.2; panic = -0.0; target = 3.5 Desired StablePodCount = 1, PanicPodCount = -0, ReadyEndpointCount = 1, MaxScaleUp = 1000, MaxScaleDown = 0","knative.dev/key":"default/fastfouriertransform-00001"}
{"severity":"INFO","timestamp":"2026-06-03T07:20:41.423936125Z","logger":"autoscaler","caller":"scaling/autoscaler.go:314","message":"Autoscaler: stable=0.230982 panic=-0.000000 target=3.500000 pods=%!d(float64=1) desired=1 excessBC=-206.000000","knative.dev/key":"default/fastfouriertransform-00001"}
{"severity":"INFO","timestamp":"2026-06-03T07:20:41.423957551Z","logger":"autoscaler","caller":"scaling/autoscaler.go:318","message":"⏱ Autoscaler decision: 73.481µs.","knative.dev/key":"default/fastfouriertransform-00001"}
{"severity":"INFO","timestamp":"2026-06-03T07:20:41.42399357Z","logger":"autoscaler","caller":"scaling/autoscaler.go:207","message":"For metric concurrency observed values: stable = 0.1; panic = 0.0; target = 3.5 Desired StablePodCount = 1, PanicPodCount = 0, ReadyEndpointCount = 1, MaxScaleUp = 1000, MaxScaleDown = 0","knative.dev/key":"default/fetchdata-00001"}
{"severity":"INFO","timestamp":"2026-06-03T07:20:41.424011014Z","logger":"autoscaler","caller":"scaling/autoscaler.go:314","message":"Autoscaler: stable=0.052496 panic=0.000000 target=3.500000 pods=%!d(float64=1) desired=1 excessBC=-206.000000","knative.dev/key":"default/fetchdata-00001"}
{"severity":"INFO","timestamp":"2026-06-03T07:20:41.424028681Z","logger":"autoscaler","caller":"scaling/autoscaler.go:318","message":"⏱ Autoscaler decision: 46.667µs.","knative.dev/key":"default/fetchdata-00001"}
{"severity":"INFO","timestamp":"2026-06-03T07:20:43.421671115Z","logger":"autoscaler","caller":"scaling/autoscaler.go:207","message":"For metric concurrency observed values: stable = 0.1; panic = -0.0; target = 3.5 Desired StablePodCount = 1, PanicPodCount = -0, ReadyEndpointCount = 1, MaxScaleUp = 1000, MaxScaleDown = 0","knative.dev/key":"default/matrixmul-00001"}
{"severity":"INFO","timestamp":"2026-06-03T07:20:43.421940188Z","logger":"autoscaler","caller":"scaling/autoscaler.go:207","message":"For metric concurrency observed values: stable = 0.2; panic = 0.0; target = 3.5 Desired StablePodCount = 1, PanicPodCount = 0, ReadyEndpointCount = 1, MaxScaleUp = 1000, MaxScaleDown = 0","knative.dev/key":"default/linpack-00001"}
{"severity":"INFO","timestamp":"2026-06-03T07:20:43.421969133Z","logger":"autoscaler","caller":"scaling/autoscaler.go:314","message":"Autoscaler: stable=0.224866 panic=0.000000 target=3.500000 pods=%!d(float64=1) desired=1 excessBC=-206.000000","knative.dev/key":"default/linpack-00001"}
{"severity":"INFO","timestamp":"2026-06-03T07:20:43.421991929Z","logger":"autoscaler","caller":"scaling/autoscaler.go:318","message":"⏱ Autoscaler decision: 381.018µs.","knative.dev/key":"default/linpack-00001"}
{"severity":"INFO","timestamp":"2026-06-03T07:20:43.421720596Z","logger":"autoscaler","caller":"scaling/autoscaler.go:314","message":"Autoscaler: stable=0.096458 panic=-0.000000 target=3.500000 pods=%!d(float64=1) desired=1 excessBC=-206.000000","knative.dev/key":"default/matrixmul-00001"}
{"severity":"INFO","timestamp":"2026-06-03T07:20:43.422021448Z","logger":"autoscaler","caller":"scaling/autoscaler.go:318","message":"⏱ Autoscaler decision: 376.648µs.","knative.dev/key":"default/matrixmul-00001"}
{"severity":"INFO","timestamp":"2026-06-03T07:20:43.422378318Z","logger":"autoscaler","caller":"scaling/autoscaler.go:207","message":"For metric concurrency observed values: stable = 0.2; panic = -0.0; target = 3.5 Desired StablePodCount = 1, PanicPodCount = -0, ReadyEndpointCount = 1, MaxScaleUp = 1000, MaxScaleDown = 0","knative.dev/key":"default/fastfouriertransform-00001"}
{"severity":"INFO","timestamp":"2026-06-03T07:20:43.422407836Z","logger":"autoscaler","caller":"scaling/autoscaler.go:314","message":"Autoscaler: stable=0.182740 panic=-0.000000 target=3.500000 pods=%!d(float64=1) desired=1 excessBC=-206.000000","knative.dev/key":"default/fastfouriertransform-00001"}
{"severity":"INFO","timestamp":"2026-06-03T07:20:43.422429484Z","logger":"autoscaler","caller":"scaling/autoscaler.go:318","message":"⏱ Autoscaler decision: 71.259µs.","knative.dev/key":"default/fastfouriertransform-00001"}
{"severity":"INFO","timestamp":"2026-06-03T07:20:43.422759614Z","logger":"autoscaler","caller":"scaling/autoscaler.go:207","message":"For metric concurrency observed values: stable = 0.0; panic = 0.0; target = 3.5 Desired StablePodCount = 1, PanicPodCount = 0, ReadyEndpointCount = 1, MaxScaleUp = 1000, MaxScaleDown = 0","knative.dev/key":"default/fetchdata-00001"}
{"severity":"INFO","timestamp":"2026-06-03T07:20:43.422783947Z","logger":"autoscaler","caller":"scaling/autoscaler.go:314","message":"Autoscaler: stable=0.046578 panic=0.000000 target=3.500000 pods=%!d(float64=1) desired=1 excessBC=-206.000000","knative.dev/key":"default/fetchdata-00001"}
{"severity":"INFO","timestamp":"2026-06-03T07:20:43.422803336Z","logger":"autoscaler","caller":"scaling/autoscaler.go:318","message":"⏱ Autoscaler decision: 55.778µs.","knative.dev/key":"default/fetchdata-00001"}
{"severity":"INFO","timestamp":"2026-06-03T07:20:43.423140317Z","logger":"autoscaler","caller":"scaling/autoscaler.go:207","message":"For metric concurrency observed values: stable = 0.0; panic = -0.0; target = 3.5 Desired StablePodCount = 1, PanicPodCount = -0, ReadyEndpointCount = 1, MaxScaleUp = 1000, MaxScaleDown = 0","knative.dev/key":"default/genmatrix-00001"}
{"severity":"INFO","timestamp":"2026-06-03T07:20:43.423165539Z","logger":"autoscaler","caller":"scaling/autoscaler.go:314","message":"Autoscaler: stable=0.040606 panic=-0.000000 target=3.500000 pods=%!d(float64=1) desired=1 excessBC=-206.000000","knative.dev/key":"default/genmatrix-00001"}
{"severity":"INFO","timestamp":"2026-06-03T07:20:43.423185706Z","logger":"autoscaler","caller":"scaling/autoscaler.go:318","message":"⏱ Autoscaler decision: 56.796µs.","knative.dev/key":"default/genmatrix-00001"}
{"severity":"INFO","timestamp":"2026-06-03T07:20:45.42162508Z","logger":"autoscaler","caller":"scaling/autoscaler.go:207","message":"For metric concurrency observed values: stable = 0.1; panic = -0.0; target = 3.5 Desired StablePodCount = 1, PanicPodCount = -0, ReadyEndpointCount = 1, MaxScaleUp = 1000, MaxScaleDown = 0","knative.dev/key":"default/matrixmul-00001"}
{"severity":"INFO","timestamp":"2026-06-03T07:20:45.421663598Z","logger":"autoscaler","caller":"scaling/autoscaler.go:314","message":"Autoscaler: stable=0.079509 panic=-0.000000 target=3.500000 pods=%!d(float64=1) desired=1 excessBC=-206.000000","knative.dev/key":"default/matrixmul-00001"}
{"severity":"INFO","timestamp":"2026-06-03T07:20:45.42168658Z","logger":"autoscaler","caller":"scaling/autoscaler.go:318","message":"⏱ Autoscaler decision: 67.13µs.","knative.dev/key":"default/matrixmul-00001"}
{"severity":"INFO","timestamp":"2026-06-03T07:20:45.421562876Z","logger":"autoscaler","caller":"scaling/autoscaler.go:207","message":"For metric concurrency observed values: stable = 0.2; panic = 0.0; target = 3.5 Desired StablePodCount = 1, PanicPodCount = 0, ReadyEndpointCount = 1, MaxScaleUp = 1000, MaxScaleDown = 0","knative.dev/key":"default/linpack-00001"}
{"severity":"INFO","timestamp":"2026-06-03T07:20:45.422042468Z","logger":"autoscaler","caller":"scaling/autoscaler.go:314","message":"Autoscaler: stable=0.185967 panic=0.000000 target=3.500000 pods=%!d(float64=1) desired=1 excessBC=-206.000000","knative.dev/key":"default/linpack-00001"}
{"severity":"INFO","timestamp":"2026-06-03T07:20:45.422101876Z","logger":"autoscaler","caller":"scaling/autoscaler.go:318","message":"⏱ Autoscaler decision: 567.796µs.","knative.dev/key":"default/linpack-00001"}
{"severity":"INFO","timestamp":"2026-06-03T07:20:45.422438616Z","logger":"autoscaler","caller":"scaling/autoscaler.go:207","message":"For metric concurrency observed values: stable = 0.1; panic = -0.0; target = 3.5 Desired StablePodCount = 1, PanicPodCount = -0, ReadyEndpointCount = 1, MaxScaleUp = 1000, MaxScaleDown = 0","knative.dev/key":"default/fastfouriertransform-00001"}
{"severity":"INFO","timestamp":"2026-06-03T07:20:45.422496875Z","logger":"autoscaler","caller":"scaling/autoscaler.go:314","message":"Autoscaler: stable=0.137728 panic=-0.000000 target=3.500000 pods=%!d(float64=1) desired=1 excessBC=-206.000000","knative.dev/key":"default/fastfouriertransform-00001"}
{"severity":"INFO","timestamp":"2026-06-03T07:20:45.422552227Z","logger":"autoscaler","caller":"scaling/autoscaler.go:318","message":"⏱ Autoscaler decision: 136.018µs.","knative.dev/key":"default/fastfouriertransform-00001"}
{"severity":"INFO","timestamp":"2026-06-03T07:20:45.422803393Z","logger":"autoscaler","caller":"scaling/autoscaler.go:207","message":"For metric concurrency observed values: stable = 0.0; panic = 0.0; target = 3.5 Desired StablePodCount = 1, PanicPodCount = 0, ReadyEndpointCount = 1, MaxScaleUp = 1000, MaxScaleDown = 0","knative.dev/key":"default/fetchdata-00001"}
{"severity":"INFO","timestamp":"2026-06-03T07:20:45.422845708Z","logger":"autoscaler","caller":"scaling/autoscaler.go:314","message":"Autoscaler: stable=0.040850 panic=0.000000 target=3.500000 pods=%!d(float64=1) desired=1 excessBC=-206.000000","knative.dev/key":"default/fetchdata-00001"}
{"severity":"INFO","timestamp":"2026-06-03T07:20:45.422869486Z","logger":"autoscaler","caller":"scaling/autoscaler.go:318","message":"⏱ Autoscaler decision: 79.425µs.","knative.dev/key":"default/fetchdata-00001"}
{"severity":"INFO","timestamp":"2026-06-03T07:20:45.423132652Z","logger":"autoscaler","caller":"scaling/autoscaler.go:207","message":"For metric concurrency observed values: stable = 0.0; panic = -0.0; target = 3.5 Desired StablePodCount = 1, PanicPodCount = -0, ReadyEndpointCount = 1, MaxScaleUp = 1000, MaxScaleDown = 0","knative.dev/key":"default/genmatrix-00001"}
{"severity":"INFO","timestamp":"2026-06-03T07:20:45.423174393Z","logger":"autoscaler","caller":"scaling/autoscaler.go:314","message":"Autoscaler: stable=0.040043 panic=-0.000000 target=3.500000 pods=%!d(float64=1) desired=1 excessBC=-206.000000","knative.dev/key":"default/genmatrix-00001"}
{"severity":"INFO","timestamp":"2026-06-03T07:20:45.423195078Z","logger":"autoscaler","caller":"scaling/autoscaler.go:318","message":"⏱ Autoscaler decision: 76.463µs.","knative.dev/key":"default/genmatrix-00001"}
{"severity":"INFO","timestamp":"2026-06-03T07:20:47.421753152Z","logger":"autoscaler","caller":"scaling/autoscaler.go:207","message":"For metric concurrency observed values: stable = 0.1; panic = -0.0; target = 3.5 Desired StablePodCount = 1, PanicPodCount = -0, ReadyEndpointCount = 1, MaxScaleUp = 1000, MaxScaleDown = 0","knative.dev/key":"default/matrixmul-00001"}
{"severity":"INFO","timestamp":"2026-06-03T07:20:47.421807448Z","logger":"autoscaler","caller":"scaling/autoscaler.go:314","message":"Autoscaler: stable=0.075960 panic=-0.000000 target=3.500000 pods=%!d(float64=1) desired=1 excessBC=-206.000000","knative.dev/key":"default/matrixmul-00001"}
{"severity":"INFO","timestamp":"2026-06-03T07:20:47.421831485Z","logger":"autoscaler","caller":"scaling/autoscaler.go:318","message":"⏱ Autoscaler decision: 113.166µs.","knative.dev/key":"default/matrixmul-00001"}
{"severity":"INFO","timestamp":"2026-06-03T07:20:47.422192115Z","logger":"autoscaler","caller":"scaling/autoscaler.go:207","message":"For metric concurrency observed values: stable = 0.1; panic = 0.0; target = 3.5 Desired StablePodCount = 1, PanicPodCount = 0, ReadyEndpointCount = 1, MaxScaleUp = 1000, MaxScaleDown = 0","knative.dev/key":"default/linpack-00001"}
{"severity":"INFO","timestamp":"2026-06-03T07:20:47.422230614Z","logger":"autoscaler","caller":"scaling/autoscaler.go:314","message":"Autoscaler: stable=0.126703 panic=0.000000 target=3.500000 pods=%!d(float64=1) desired=1 excessBC=-206.000000","knative.dev/key":"default/linpack-00001"}
{"severity":"INFO","timestamp":"2026-06-03T07:20:47.422255707Z","logger":"autoscaler","caller":"scaling/autoscaler.go:318","message":"⏱ Autoscaler decision: 85.796µs.","knative.dev/key":"default/linpack-00001"}
{"severity":"INFO","timestamp":"2026-06-03T07:20:47.422385874Z","logger":"autoscaler","caller":"scaling/autoscaler.go:207","message":"For metric concurrency observed values: stable = 0.1; panic = -0.0; target = 3.5 Desired StablePodCount = 1, PanicPodCount = -0, ReadyEndpointCount = 1, MaxScaleUp = 1000, MaxScaleDown = 0","knative.dev/key":"default/fastfouriertransform-00001"}
{"severity":"INFO","timestamp":"2026-06-03T07:20:47.422412725Z","logger":"autoscaler","caller":"scaling/autoscaler.go:314","message":"Autoscaler: stable=0.101471 panic=-0.000000 target=3.500000 pods=%!d(float64=1) desired=1 excessBC=-206.000000","knative.dev/key":"default/fastfouriertransform-00001"}
{"severity":"INFO","timestamp":"2026-06-03T07:20:47.422431188Z","logger":"autoscaler","caller":"scaling/autoscaler.go:318","message":"⏱ Autoscaler decision: 57.704µs.","knative.dev/key":"default/fastfouriertransform-00001"}
{"severity":"INFO","timestamp":"2026-06-03T07:20:47.422768836Z","logger":"autoscaler","caller":"scaling/autoscaler.go:207","message":"For metric concurrency observed values: stable = 0.0; panic = 0.0; target = 3.5 Desired StablePodCount = 1, PanicPodCount = 0, ReadyEndpointCount = 1, MaxScaleUp = 1000, MaxScaleDown = 0","knative.dev/key":"default/fetchdata-00001"}
{"severity":"INFO","timestamp":"2026-06-03T07:20:47.422817503Z","logger":"autoscaler","caller":"scaling/autoscaler.go:314","message":"Autoscaler: stable=0.032430 panic=0.000000 target=3.500000 pods=%!d(float64=1) desired=1 excessBC=-206.000000","knative.dev/key":"default/fetchdata-00001"}
{"severity":"INFO","timestamp":"2026-06-03T07:20:47.422841447Z","logger":"autoscaler","caller":"scaling/autoscaler.go:318","message":"⏱ Autoscaler decision: 92.666µs.","knative.dev/key":"default/fetchdata-00001"}
{"severity":"INFO","timestamp":"2026-06-03T07:20:47.423128354Z","logger":"autoscaler","caller":"scaling/autoscaler.go:207","message":"For metric concurrency observed values: stable = 0.0; panic = -0.0; target = 3.5 Desired StablePodCount = 1, PanicPodCount = -0, ReadyEndpointCount = 1, MaxScaleUp = 1000, MaxScaleDown = 0","knative.dev/key":"default/genmatrix-00001"}
{"severity":"INFO","timestamp":"2026-06-03T07:20:47.42315291Z","logger":"autoscaler","caller":"scaling/autoscaler.go:314","message":"Autoscaler: stable=0.022809 panic=-0.000000 target=3.500000 pods=%!d(float64=1) desired=1 excessBC=-206.000000","knative.dev/key":"default/genmatrix-00001"}
{"severity":"INFO","timestamp":"2026-06-03T07:20:47.423172651Z","logger":"autoscaler","caller":"scaling/autoscaler.go:318","message":"⏱ Autoscaler decision: 56.796µs.","knative.dev/key":"default/genmatrix-00001"}
