request_id,function,size,type,status,latency_ms,ttfb_ms,output_transfer_ms,execution_time_ms,system_overhead_ms,cold_start_server,io_ms,binary_read_ms,json_parsing_ms,parameter_extraction_ms,compute_ms,total_server_ms,in_flight
0,fastfouriertransform,small,cold,200,1602.43,1602.42,0.01,5.99,1596.42,True,,0.0,3.87,0.0,2.11,5.99,1
1,fetchdata,small,cold,200,1560.52,1560.51,0.01,157.59,1402.92,True,157.55,0.0,0.03,0.0,,157.59,1
2,genmatrix,small,cold,200,1728.63,1727.36,1.27,6.15,1721.21,True,,0.0,0.02,,6.12,6.15,1
3,fastfouriertransform,large,warm,200,23.92,23.92,0.01,4.58,19.34,False,,0.0,3.83,0.0,0.74,4.58,1
4,fastfouriertransform,large,warm,200,27.33,27.32,0.01,7.23,20.09,False,,0.0,6.08,0.0,1.14,7.23,1
5,linpack,small,cold,200,1363.48,1363.47,0.01,5.19,1358.29,True,,0.0,0.36,4.01,0.82,5.19,1
6,fastfouriertransform,small,warm,200,26.53,26.52,0.01,7.23,19.29,False,,0.0,6.07,0.0,1.15,7.23,1
7,genmatrix,small,warm,200,12.08,10.27,1.81,0.16,10.11,False,,0.0,0.04,,0.12,0.16,1
8,fastfouriertransform,large,warm,200,234.84,234.83,0.01,7.26,227.58,False,,0.0,6.09,0.0,1.16,7.26,1
9,genmatrix,large,warm,200,59.25,46.42,12.83,1.38,45.04,False,,0.0,0.03,,1.34,1.38,1
10,linpack,small,warm,200,19.5,19.49,0.01,7.99,11.5,False,,0.0,0.52,6.33,1.14,7.99,1
11,linpack,large,warm,200,229.0,229.0,0.01,8.1,220.9,False,,0.0,0.6,6.35,1.14,8.1,1
12,fetchdata,small,warm,200,90.0,89.99,0.01,82.92,7.08,False,82.88,0.0,0.03,0.0,,82.92,1
13,genmatrix,large,warm,200,58.65,45.98,12.67,1.13,44.84,False,,0.0,0.03,,1.09,1.13,1
14,linpack,medium,warm,200,685.66,685.65,0.01,671.97,13.68,False,,0.0,0.53,6.32,665.11,671.97,1
15,fetchdata,small,warm,200,89.24,89.24,0.01,82.34,6.89,False,82.3,0.0,0.03,0.0,,82.34,1
16,genmatrix,medium,warm,200,17.8,14.07,3.73,0.29,13.78,False,,0.0,0.03,,0.25,0.29,1
17,fastfouriertransform,small,warm,200,27.47,27.47,0.01,7.3,20.17,False,,0.0,6.1,0.0,1.18,7.29,1
18,linpack,small,warm,200,71.17,71.16,0.01,8.0,63.16,False,,0.0,0.52,6.34,1.14,8.0,1
19,fetchdata,medium,warm,200,137.79,137.79,0.01,130.87,6.92,False,130.83,0.0,0.03,0.0,,130.87,1
20,fetchdata,small,warm,200,88.93,88.92,0.02,82.72,6.2,False,82.67,0.0,0.03,0.0,,82.71,1
21,linpack,large,warm,200,20.24,20.23,0.01,8.05,12.19,False,,0.0,0.52,6.37,1.15,8.05,1
22,fastfouriertransform,medium,warm,200,658.73,658.72,0.01,640.9,17.82,False,,0.0,6.2,0.01,634.69,640.9,1
23,fastfouriertransform,large,warm,200,24.34,24.33,0.01,4.59,19.75,False,,0.0,3.82,0.0,0.75,4.58,1
24,fetchdata,large,warm,200,88.23,88.22,0.01,82.01,6.22,False,81.96,0.0,0.03,0.0,,82.0,1
25,fetchdata,large,warm,200,88.11,88.1,0.01,81.96,6.14,False,81.92,0.0,0.03,0.0,,81.96,1
26,genmatrix,large,warm,200,59.82,44.78,15.04,1.21,43.57,False,,0.0,0.03,,1.17,1.21,1
27,fastfouriertransform,small,warm,200,25.62,25.61,0.01,7.26,18.35,False,,0.0,6.09,0.0,1.16,7.26,1
28,genmatrix,medium,warm,200,16.6,12.57,4.03,0.29,12.28,False,,0.0,0.03,,0.25,0.29,1
29,fastfouriertransform,small,warm,200,26.75,26.75,0.01,7.26,19.49,False,,0.0,6.1,0.0,1.15,7.26,1
30,fastfouriertransform,medium,warm,200,655.56,655.55,0.01,635.36,20.19,False,,0.0,6.19,0.0,629.16,635.36,1
31,fetchdata,medium,warm,200,89.83,89.83,0.01,82.98,6.84,False,82.93,0.0,0.04,0.0,,82.98,1
32,fetchdata,small,warm,200,87.94,87.93,0.01,81.72,6.21,False,81.68,0.0,0.03,0.0,,81.72,1
33,fetchdata,medium,warm,200,134.09,134.09,0.01,128.01,6.08,False,127.98,0.0,0.02,0.0,,128.01,1
34,genmatrix,large,warm,200,57.55,44.52,13.03,1.21,43.3,False,,0.0,0.04,,1.17,1.21,1
35,fetchdata,large,warm,200,139.48,139.47,0.01,134.0,5.47,False,133.97,0.0,0.02,0.0,,134.0,1
36,fastfouriertransform,large,warm,200,26.21,26.2,0.01,7.31,18.89,False,,0.0,6.15,0.0,1.15,7.3,1
37,genmatrix,large,warm,200,60.21,46.22,13.99,1.21,45.01,False,,0.0,0.03,,1.18,1.21,1
38,genmatrix,small,warm,200,9.33,7.65,1.68,0.14,7.51,False,,0.0,0.02,,0.11,0.14,1
39,linpack,medium,warm,200,689.54,689.53,0.01,676.1,13.43,False,,0.0,0.52,6.33,669.24,676.1,1
40,fetchdata,large,warm,200,88.22,88.22,0.01,81.73,6.49,False,81.69,0.0,0.03,0.0,,81.73,1
41,genmatrix,large,warm,200,59.36,45.88,13.48,1.21,44.67,False,,0.0,0.03,,1.18,1.21,1
42,fetchdata,small,warm,200,88.42,88.42,0.01,82.41,6.01,False,82.38,0.0,0.02,0.0,,82.41,1
43,genmatrix,small,warm,200,222.4,220.89,1.5,0.14,220.75,False,,0.0,0.03,,0.11,0.14,1
44,fetchdata,medium,warm,200,88.48,88.47,0.01,82.33,6.14,False,82.3,0.0,0.02,0.0,,82.33,1
45,fetchdata,small,warm,200,88.41,88.41,0.01,82.46,5.95,False,82.43,0.0,0.02,0.0,,82.46,1
46,genmatrix,large,warm,200,58.48,44.81,13.67,1.22,43.59,False,,0.0,0.03,,1.19,1.22,1
47,fetchdata,small,warm,200,88.34,88.33,0.01,82.09,6.24,False,82.06,0.0,0.02,0.0,,82.09,1
48,linpack,medium,warm,200,715.64,715.63,0.01,680.66,34.97,False,,0.0,0.52,6.34,673.79,680.66,1
49,linpack,small,warm,200,24.62,24.61,0.01,5.07,19.54,False,,0.0,0.34,3.98,0.75,5.07,1
50,fetchdata,small,warm,200,137.31,137.3,0.01,130.85,6.45,False,130.82,0.0,0.02,0.0,,130.85,1
51,genmatrix,large,warm,200,60.94,46.32,14.62,1.2,45.12,False,,0.0,0.03,,1.17,1.19,1
52,fetchdata,large,warm,200,141.17,141.16,0.01,134.71,6.45,False,134.68,0.0,0.02,0.0,,134.71,1
53,linpack,large,warm,200,23.99,23.98,0.01,7.99,15.98,False,,0.0,0.51,6.34,1.13,7.99,1
54,linpack,medium,warm,200,694.37,694.36,0.01,678.74,15.63,False,,0.0,0.45,5.58,672.69,678.74,1
55,genmatrix,small,warm,200,10.01,8.19,1.82,0.14,8.04,False,,0.0,0.03,,0.11,0.14,1
56,linpack,small,warm,200,20.24,20.23,0.01,5.06,15.18,False,,0.0,0.34,3.98,0.73,5.05,1
57,fastfouriertransform,small,warm,200,29.52,29.52,0.01,7.24,22.27,False,,0.0,6.09,0.0,1.15,7.24,1
58,genmatrix,large,warm,200,58.09,45.25,12.84,1.17,44.08,False,,0.0,0.03,,1.14,1.17,1
59,genmatrix,large,warm,200,58.57,45.61,12.97,1.2,44.41,False,,0.0,0.03,,1.17,1.2,1
60,linpack,large,warm,200,21.25,21.24,0.01,7.96,13.28,False,,0.0,0.51,6.36,1.09,7.96,1
61,fastfouriertransform,medium,warm,200,659.06,659.05,0.01,637.3,21.76,False,,0.0,6.11,0.0,631.18,637.3,1
62,linpack,large,warm,200,23.0,23.0,0.01,7.99,15.0,False,,0.0,0.51,6.35,1.13,7.99,1
63,linpack,large,warm,200,22.36,22.35,0.01,7.96,14.39,False,,0.0,0.51,6.31,1.14,7.96,1
64,fetchdata,large,warm,200,88.38,88.37,0.01,81.64,6.73,False,81.61,0.0,0.02,0.0,,81.64,1
65,fastfouriertransform,large,warm,200,26.5,26.49,0.01,7.34,19.15,False,,0.0,6.12,0.0,1.21,7.34,1
66,fastfouriertransform,large,warm,200,27.61,27.6,0.01,7.3,20.3,False,,0.0,6.08,0.0,1.21,7.3,1
67,fetchdata,large,warm,200,135.5,135.5,0.01,128.93,6.57,False,128.9,0.0,0.02,0.0,,128.93,1
68,fetchdata,small,warm,200,138.36,138.35,0.01,131.91,6.44,False,131.87,0.0,0.02,0.0,,131.9,1
69,fetchdata,medium,warm,200,88.75,88.74,0.01,82.62,6.13,False,82.59,0.0,0.02,0.0,,82.62,1
70,genmatrix,medium,warm,200,17.35,13.43,3.92,0.28,13.15,False,,0.0,0.02,,0.25,0.28,1
71,fastfouriertransform,large,warm,200,27.66,27.65,0.01,7.38,20.27,False,,0.0,6.13,0.0,1.25,7.38,1
72,fetchdata,large,warm,200,87.98,87.97,0.01,81.2,6.77,False,81.17,0.0,0.02,0.0,,81.2,1
73,genmatrix,large,warm,200,60.08,46.2,13.88,1.18,45.02,False,,0.0,0.03,,1.15,1.18,1
74,fastfouriertransform,large,warm,200,42.2,42.19,0.01,7.35,34.84,False,,0.0,6.1,0.0,1.23,7.34,1
75,fetchdata,large,warm,200,88.33,88.32,0.01,81.84,6.47,False,81.81,0.0,0.02,0.0,,81.84,1
76,genmatrix,small,warm,200,9.13,7.59,1.54,0.14,7.45,False,,0.0,0.03,,0.11,0.14,1
77,fetchdata,small,warm,200,87.97,87.96,0.01,81.79,6.17,False,81.76,0.0,0.02,0.0,,81.79,1
78,fastfouriertransform,large,warm,200,25.01,25.01,0.01,7.34,17.67,False,,0.0,6.12,0.0,1.21,7.34,1
79,fetchdata,medium,warm,200,87.75,87.74,0.01,81.9,5.85,False,81.86,0.0,0.02,0.0,,81.89,1
80,fastfouriertransform,small,warm,200,26.48,26.48,0.01,7.32,19.16,False,,0.0,6.12,0.0,1.19,7.32,1
81,fetchdata,medium,warm,200,88.63,88.63,0.01,82.53,6.1,False,82.5,0.0,0.02,0.0,,82.53,1
82,genmatrix,small,warm,200,9.56,7.71,1.85,0.14,7.57,False,,0.0,0.02,,0.11,0.14,1
83,genmatrix,large,warm,200,60.98,45.74,15.25,1.22,44.51,False,,0.0,0.03,,1.19,1.22,1
84,fastfouriertransform,small,warm,200,25.98,25.98,0.01,7.34,18.64,False,,0.0,6.12,0.0,1.22,7.34,1
85,linpack,small,warm,200,22.24,22.23,0.01,8.0,14.23,False,,0.0,0.51,6.36,1.13,8.0,1
86,genmatrix,small,warm,200,9.39,8.05,1.34,0.14,7.91,False,,0.0,0.02,,0.11,0.14,1
87,linpack,large,warm,200,22.34,22.33,0.01,7.97,14.36,False,,0.0,0.51,6.32,1.13,7.97,1
88,genmatrix,medium,warm,200,18.25,12.99,5.26,0.29,12.7,False,,0.0,0.02,,0.26,0.29,1
89,linpack,small,warm,200,22.37,22.36,0.01,8.0,14.36,False,,0.0,0.51,6.34,1.14,8.0,1
90,genmatrix,large,warm,200,57.77,45.41,12.37,1.18,44.23,False,,0.0,0.03,,1.15,1.17,1
91,fetchdata,medium,warm,200,140.9,140.89,0.01,133.9,6.98,False,133.87,0.0,0.02,0.0,,133.9,1
92,fetchdata,medium,warm,200,88.63,88.63,0.01,82.21,6.42,False,82.18,0.0,0.02,0.0,,82.21,1
93,linpack,small,warm,200,22.32,22.32,0.01,8.04,14.27,False,,0.0,0.51,6.4,1.13,8.04,1
94,genmatrix,small,warm,200,9.69,7.9,1.79,0.14,7.76,False,,0.0,0.03,,0.11,0.14,1
95,fastfouriertransform,medium,warm,200,656.17,656.17,0.01,635.8,20.36,False,,0.0,6.16,0.0,629.64,635.8,1
96,fastfouriertransform,large,warm,200,24.22,24.21,0.01,4.69,19.53,False,,0.0,3.87,0.0,0.81,4.69,1
97,genmatrix,large,warm,200,60.97,45.71,15.27,1.21,44.5,False,,0.0,0.02,,1.18,1.21,1
98,genmatrix,small,warm,200,8.95,7.45,1.5,0.14,7.31,False,,0.0,0.02,,0.11,0.14,1
99,fastfouriertransform,large,warm,200,26.77,26.76,0.01,7.34,19.42,False,,0.0,6.11,0.0,1.22,7.34,1
100,fastfouriertransform,small,warm,200,27.68,27.67,0.01,7.32,20.35,False,,0.0,6.1,0.0,1.21,7.32,1
101,fastfouriertransform,small,warm,200,27.95,27.94,0.01,7.29,20.65,False,,0.0,6.08,0.0,1.21,7.29,1
102,fetchdata,small,warm,200,89.82,89.82,0.01,83.04,6.77,False,83.01,0.0,0.02,0.0,,83.04,1
103,genmatrix,medium,warm,200,17.05,13.34,3.72,0.28,13.05,False,,0.0,0.02,,0.26,0.28,1
104,linpack,small,warm,200,226.56,226.55,0.01,8.1,218.45,False,,0.0,0.52,6.41,1.17,8.1,1
105,genmatrix,large,warm,200,57.33,43.63,13.7,1.19,42.44,False,,0.0,0.03,,1.16,1.19,1
106,linpack,small,warm,200,21.51,21.5,0.01,8.22,13.29,False,,0.0,0.51,6.55,1.16,8.22,1
107,linpack,medium,warm,200,694.86,694.85,0.01,681.24,13.61,False,,0.0,0.52,6.32,674.4,681.24,1
108,genmatrix,small,warm,200,9.42,7.85,1.58,0.14,7.71,False,,0.0,0.03,,0.11,0.14,1
109,fastfouriertransform,large,warm,200,31.55,31.54,0.01,7.31,24.23,False,,0.0,6.09,0.0,1.21,7.31,1
110,linpack,medium,warm,200,688.0,687.99,0.01,673.58,14.41,False,,0.0,0.51,6.35,666.72,673.58,1
111,linpack,medium,warm,200,863.41,863.4,0.01,642.75,220.65,False,,0.0,0.34,3.99,638.42,642.75,1
112,linpack,large,warm,200,19.1,19.09,0.01,5.08,14.01,False,,0.0,0.36,3.98,0.73,5.08,1
113,fastfouriertransform,large,warm,200,27.09,27.08,0.01,7.4,19.68,False,,0.0,6.17,0.0,1.22,7.4,1
114,fastfouriertransform,small,warm,200,27.43,27.43,0.01,7.35,20.08,False,,0.0,6.11,0.0,1.23,7.35,1
115,linpack,large,warm,200,21.64,21.63,0.01,7.99,13.64,False,,0.0,0.52,6.33,1.14,7.99,1
116,fetchdata,small,warm,200,140.61,140.59,0.02,133.9,6.69,False,133.87,0.0,0.02,0.0,,133.9,1
117,genmatrix,small,warm,200,9.64,8.28,1.36,0.14,8.14,False,,0.0,0.02,,0.11,0.14,1
118,genmatrix,large,warm,200,70.18,45.54,24.64,1.24,44.3,False,,0.0,0.03,,1.21,1.24,1
119,linpack,small,warm,200,21.85,21.84,0.01,7.99,13.85,False,,0.0,0.51,6.33,1.15,7.99,1
120,linpack,small,warm,200,21.94,21.93,0.01,7.99,13.94,False,,0.0,0.51,6.33,1.14,7.99,1
121,fetchdata,medium,warm,200,89.32,89.31,0.01,82.42,6.89,False,82.39,0.0,0.02,0.0,,82.42,1
122,genmatrix,small,warm,200,9.17,7.62,1.55,0.15,7.47,False,,0.0,0.03,,0.11,0.14,1
123,linpack,large,warm,200,21.02,21.01,0.01,7.97,13.04,False,,0.0,0.51,6.31,1.15,7.97,1
124,fastfouriertransform,small,warm,200,26.96,26.95,0.01,7.36,19.59,False,,0.0,6.15,0.0,1.21,7.36,1
125,fastfouriertransform,small,warm,200,27.36,27.35,0.01,7.33,20.03,False,,0.0,6.1,0.0,1.22,7.33,1
126,genmatrix,small,warm,200,9.37,8.08,1.29,0.14,7.94,False,,0.0,0.02,,0.11,0.14,1
127,linpack,medium,warm,200,904.83,904.82,0.01,685.62,219.21,False,,0.0,0.51,6.35,678.75,685.61,1
128,linpack,small,warm,200,18.66,18.66,0.01,5.05,13.6,False,,0.0,0.34,3.97,0.74,5.05,1
129,linpack,small,warm,200,18.69,18.68,0.01,5.06,13.62,False,,0.0,0.33,3.99,0.74,5.06,1
130,genmatrix,medium,warm,200,15.22,12.56,2.66,0.29,12.27,False,,0.0,0.03,,0.26,0.29,1
131,fastfouriertransform,medium,warm,200,656.26,656.25,0.01,636.98,19.28,False,,0.0,6.19,0.0,630.78,636.97,1
132,fetchdata,medium,warm,200,139.31,139.31,0.01,132.82,6.49,False,132.79,0.0,0.02,0.0,,132.82,1
133,fetchdata,medium,warm,200,87.7,87.69,0.01,81.24,6.45,False,81.21,0.0,0.02,0.0,,81.24,1
134,linpack,small,warm,200,20.53,20.52,0.01,7.97,12.55,False,,0.0,0.52,6.32,1.13,7.97,1
135,genmatrix,medium,warm,200,17.75,13.58,4.17,0.28,13.3,False,,0.0,0.03,,0.25,0.28,1
136,genmatrix,small,warm,200,8.62,7.34,1.28,0.14,7.2,False,,0.0,0.03,,0.11,0.14,1
137,fastfouriertransform,large,warm,200,26.92,26.91,0.01,7.46,19.45,False,,0.0,6.2,0.0,1.25,7.46,1
138,fetchdata,small,warm,200,88.74,88.73,0.01,82.11,6.62,False,82.08,0.0,0.02,0.0,,82.11,1
139,fastfouriertransform,large,warm,200,27.66,27.65,0.01,7.96,19.69,False,,0.0,6.71,0.0,1.24,7.96,1
140,linpack,large,warm,200,21.74,21.73,0.01,7.99,13.74,False,,0.0,0.51,6.33,1.15,7.99,1
141,genmatrix,small,warm,200,9.48,8.13,1.36,0.14,7.98,False,,0.0,0.03,,0.11,0.14,1
142,fastfouriertransform,small,warm,200,28.6,28.59,0.01,8.73,19.86,False,,0.0,7.46,0.0,1.26,8.73,1
143,fastfouriertransform,large,warm,200,26.9,26.89,0.01,7.38,19.51,False,,0.0,6.15,0.0,1.22,7.38,1
144,fastfouriertransform,large,warm,200,27.25,27.24,0.01,7.34,19.9,False,,0.0,6.11,0.0,1.22,7.34,1
145,genmatrix,medium,warm,200,17.85,13.68,4.17,0.31,13.37,False,,0.0,0.02,,0.28,0.31,1
146,fastfouriertransform,large,warm,200,26.51,26.51,0.01,7.35,19.15,False,,0.0,6.13,0.0,1.21,7.35,1
147,genmatrix,large,warm,200,58.24,45.77,12.47,1.18,44.59,False,,0.0,0.03,,1.15,1.18,1
148,fastfouriertransform,large,warm,200,25.03,25.02,0.01,7.35,17.67,False,,0.0,6.11,0.0,1.23,7.35,1
149,fastfouriertransform,medium,warm,200,666.26,666.25,0.01,647.67,18.58,False,,0.0,6.11,0.0,641.55,647.67,1
150,fetchdata,medium,warm,200,140.21,140.2,0.01,133.55,6.65,False,133.52,0.0,0.02,0.0,,133.55,1
151,genmatrix,large,warm,200,59.86,45.51,14.35,1.18,44.33,False,,0.0,0.02,,1.15,1.18,1
152,fetchdata,small,warm,200,88.53,88.52,0.01,82.37,6.15,False,82.34,0.0,0.02,0.0,,82.37,1
153,fetchdata,medium,warm,200,88.43,88.42,0.01,82.27,6.15,False,82.23,0.0,0.02,0.0,,82.26,1
154,genmatrix,large,warm,200,54.54,44.44,10.1,1.22,43.22,False,,0.0,0.03,,1.19,1.22,1
155,fetchdata,medium,warm,200,87.88,87.88,0.01,81.7,6.17,False,81.67,0.0,0.02,0.0,,81.7,1
156,fetchdata,small,warm,200,88.44,88.43,0.01,82.55,5.88,False,82.52,0.0,0.02,0.0,,82.55,1
157,fastfouriertransform,medium,warm,200,659.64,659.64,0.01,640.93,18.7,False,,0.0,6.12,0.0,634.81,640.93,1
158,fastfouriertransform,small,warm,200,23.65,23.64,0.01,4.71,18.93,False,,0.0,3.85,0.0,0.85,4.71,1
159,genmatrix,large,warm,200,57.4,45.89,11.51,1.21,44.68,False,,0.0,0.03,,1.18,1.21,1
160,fetchdata,small,warm,200,88.34,88.33,0.01,81.77,6.57,False,81.74,0.0,0.02,0.0,,81.77,1
161,fetchdata,small,warm,200,88.16,88.15,0.01,82.33,5.82,False,82.3,0.0,0.02,0.0,,82.33,1
162,genmatrix,medium,warm,200,15.88,12.62,3.26,0.31,12.32,False,,0.0,0.02,,0.28,0.31,1
163,fetchdata,small,warm,200,135.04,135.03,0.01,129.08,5.95,False,129.05,0.0,0.02,0.0,,129.07,1
164,linpack,large,warm,200,21.13,21.12,0.01,8.01,13.12,False,,0.0,0.51,6.35,1.15,8.01,1
165,fetchdata,large,warm,200,87.49,87.48,0.01,81.25,6.24,False,81.22,0.0,0.02,0.0,,81.25,1
166,fastfouriertransform,large,warm,200,24.79,24.78,0.01,7.39,17.4,False,,0.0,6.15,0.0,1.23,7.39,1
167,fetchdata,large,warm,200,138.62,138.61,0.01,132.11,6.5,False,132.08,0.0,0.02,0.0,,132.11,1
168,fastfouriertransform,small,warm,200,26.83,26.82,0.01,7.33,19.49,False,,0.0,6.1,0.0,1.22,7.32,1
169,fetchdata,small,warm,200,87.52,87.52,0.01,81.45,6.07,False,81.42,0.0,0.02,0.0,,81.45,1
170,fastfouriertransform,large,warm,200,26.13,26.12,0.01,7.32,18.8,False,,0.0,6.1,0.0,1.21,7.32,1
171,genmatrix,medium,warm,200,17.01,13.33,3.68,0.28,13.05,False,,0.0,0.02,,0.25,0.28,1
172,fetchdata,large,warm,200,88.52,88.51,0.01,81.82,6.69,False,81.79,0.0,0.02,0.0,,81.82,1
173,genmatrix,large,warm,200,59.64,45.72,13.92,1.19,44.53,False,,0.0,0.03,,1.16,1.19,1
174,fetchdata,small,warm,200,87.51,87.5,0.01,81.32,6.18,False,81.29,0.0,0.02,0.0,,81.31,1
175,fetchdata,large,warm,200,87.33,87.32,0.01,81.71,5.61,False,81.68,0.0,0.02,0.0,,81.71,1
176,linpack,medium,warm,200,682.68,682.67,0.01,671.28,11.39,False,,0.0,0.51,6.34,664.43,671.28,1
177,fastfouriertransform,small,warm,200,26.68,26.68,0.01,7.36,19.31,False,,0.0,6.19,0.0,1.16,7.36,1
178,linpack,medium,warm,200,653.83,653.82,0.01,641.2,12.63,False,,0.0,0.33,3.96,636.9,641.19,1
179,fastfouriertransform,small,warm,200,26.49,26.48,0.01,7.28,19.21,False,,0.0,6.11,0.0,1.16,7.28,1
180,fetchdata,small,warm,200,90.26,90.25,0.01,83.71,6.54,False,83.68,0.0,0.02,0.0,,83.71,1
181,fetchdata,small,warm,200,92.98,92.97,0.01,87.0,5.97,False,86.97,0.0,0.02,0.0,,87.0,1
182,linpack,large,warm,200,19.59,19.59,0.01,7.97,11.62,False,,0.0,0.51,6.33,1.13,7.97,1
183,linpack,large,warm,200,21.14,21.14,0.01,8.0,13.14,False,,0.0,0.52,6.33,1.14,8.0,1
184,fastfouriertransform,small,warm,200,26.32,26.31,0.01,7.27,19.04,False,,0.0,6.09,0.0,1.16,7.26,1
185,fastfouriertransform,large,warm,200,26.03,26.02,0.01,7.25,18.77,False,,0.0,6.09,0.0,1.15,7.25,1
186,genmatrix,large,warm,200,58.78,44.41,14.37,1.24,43.16,False,,0.0,0.03,,1.21,1.24,1
187,fastfouriertransform,medium,warm,200,658.16,658.15,0.01,638.87,19.28,False,,0.0,6.12,0.0,632.74,638.87,1
188,genmatrix,medium,warm,200,17.11,13.09,4.02,0.29,12.8,False,,0.0,0.02,,0.26,0.29,1
189,genmatrix,small,warm,200,8.62,7.28,1.34,0.14,7.14,False,,0.0,0.03,,0.11,0.14,1
190,fetchdata,medium,warm,200,141.63,141.63,0.01,134.87,6.75,False,134.84,0.0,0.02,0.0,,134.87,1
191,fastfouriertransform,medium,warm,200,641.31,641.3,0.01,624.06,17.24,False,,0.0,6.11,0.0,617.94,624.05,1
192,genmatrix,large,warm,200,57.22,45.87,11.36,1.21,44.65,False,,0.0,0.02,,1.18,1.21,1
193,genmatrix,large,warm,200,58.38,45.65,12.73,1.22,44.44,False,,0.0,0.02,,1.19,1.22,1
194,fastfouriertransform,medium,warm,200,645.45,645.44,0.01,627.0,18.44,False,,0.0,6.13,0.0,620.86,627.0,1
195,linpack,large,warm,200,20.14,20.13,0.01,7.99,12.15,False,,0.0,0.51,6.34,1.14,7.99,1
196,genmatrix,small,warm,200,9.77,8.1,1.67,0.14,7.96,False,,0.0,0.03,,0.11,0.14,1
197,genmatrix,small,warm,200,9.25,7.48,1.77,0.14,7.34,False,,0.0,0.02,,0.11,0.14,1
198,linpack,small,warm,200,22.36,22.35,0.01,7.98,14.37,False,,0.0,0.51,6.31,1.15,7.98,1
199,genmatrix,large,warm,200,60.91,45.72,15.19,1.19,44.52,False,,0.0,0.03,,1.16,1.19,1
200,fetchdata,medium,warm,200,135.21,135.2,0.01,128.49,6.71,False,128.46,0.0,0.02,0.0,,128.49,1
201,genmatrix,medium,warm,200,16.78,13.1,3.68,0.28,12.82,False,,0.0,0.03,,0.25,0.28,1
202,genmatrix,large,warm,200,56.71,45.38,11.33,1.18,44.2,False,,0.0,0.03,,1.15,1.18,1
203,fastfouriertransform,medium,warm,200,652.7,652.69,0.01,633.98,18.71,False,,0.0,6.21,0.0,627.76,633.98,1
204,fastfouriertransform,medium,warm,200,619.67,619.66,0.01,600.76,18.9,False,,0.0,3.86,0.0,596.89,600.76,1
205,genmatrix,small,warm,200,9.32,8.01,1.31,0.14,7.87,False,,0.0,0.02,,0.11,0.14,1
206,linpack,medium,warm,200,680.87,680.86,0.01,666.95,13.91,False,,0.0,0.51,6.31,660.13,666.95,1
207,fetchdata,small,warm,200,138.19,138.18,0.01,131.55,6.63,False,131.52,0.0,0.02,0.0,,131.55,1
208,genmatrix,small,warm,200,9.66,7.85,1.8,0.14,7.71,False,,0.0,0.03,,0.11,0.14,1
209,genmatrix,medium,warm,200,15.89,12.36,3.53,0.29,12.07,False,,0.0,0.02,,0.26,0.29,1
210,fetchdata,medium,warm,200,89.41,89.4,0.01,82.61,6.79,False,82.58,0.0,0.02,0.0,,82.61,1
211,fastfouriertransform,medium,warm,200,658.94,658.93,0.01,639.52,19.41,False,,0.0,6.09,0.0,633.42,639.52,1
212,fetchdata,large,warm,200,88.6,88.59,0.01,82.27,6.32,False,82.24,0.0,0.02,0.0,,82.27,1
213,linpack,large,warm,200,21.5,21.49,0.01,8.14,13.35,False,,0.0,0.51,6.43,1.2,8.14,1
214,fetchdata,small,warm,200,88.16,88.16,0.01,82.2,5.95,False,82.17,0.0,0.02,0.0,,82.2,1
215,fastfouriertransform,medium,warm,200,643.0,642.99,0.01,624.95,18.05,False,,0.0,6.1,0.0,618.84,624.95,1
216,genmatrix,large,warm,200,59.1,44.68,14.42,1.2,43.48,False,,0.0,0.03,,1.17,1.2,1
217,fetchdata,small,warm,200,89.81,89.8,0.01,83.29,6.51,False,83.26,0.0,0.02,0.0,,83.29,1
218,fastfouriertransform,large,warm,200,26.51,26.5,0.01,7.29,19.21,False,,0.0,6.11,0.0,1.16,7.28,1
219,linpack,medium,warm,200,690.87,690.86,0.01,676.6,14.26,False,,0.0,0.51,6.31,669.78,676.6,1
220,fetchdata,medium,warm,200,88.68,88.68,0.01,82.2,6.47,False,82.17,0.0,0.02,0.0,,82.2,1
221,fastfouriertransform,medium,warm,200,861.31,861.3,0.01,638.25,223.06,False,,0.0,6.13,0.0,632.11,638.25,1
222,genmatrix,medium,warm,200,219.12,13.12,206.0,0.29,12.83,False,,0.0,0.03,,0.25,0.28,1
223,fastfouriertransform,large,warm,200,23.95,23.94,0.01,4.65,19.29,False,,0.0,3.87,0.0,0.78,4.65,1
224,linpack,small,warm,200,21.17,21.16,0.01,7.96,13.2,False,,0.0,0.52,6.29,1.14,7.96,1
225,genmatrix,medium,warm,200,17.15,13.31,3.84,0.28,13.03,False,,0.0,0.02,,0.25,0.28,1
226,linpack,small,warm,200,20.95,20.94,0.01,8.04,12.9,False,,0.0,0.51,6.37,1.16,8.04,1
227,fetchdata,large,warm,200,139.17,139.16,0.01,132.62,6.54,False,132.59,0.0,0.02,0.0,,132.62,1
228,fetchdata,large,warm,200,91.66,91.65,0.01,85.31,6.34,False,85.28,0.0,0.02,0.0,,85.31,1
229,fastfouriertransform,large,warm,200,26.6,26.59,0.01,7.29,19.3,False,,0.0,6.14,0.0,1.15,7.29,1
230,fetchdata,large,warm,200,88.45,88.45,0.01,82.67,5.78,False,82.64,0.0,0.02,0.0,,82.67,1
231,fetchdata,large,warm,200,136.4,136.4,0.01,129.96,6.44,False,129.93,0.0,0.02,0.0,,129.96,1
232,linpack,medium,warm,200,683.5,683.49,0.01,671.14,12.35,False,,0.0,0.51,6.32,664.31,671.14,1
233,linpack,large,warm,200,17.91,17.9,0.01,5.07,12.83,False,,0.0,0.35,3.97,0.75,5.07,1
234,fetchdata,large,warm,200,88.23,88.23,0.01,81.59,6.64,False,81.56,0.0,0.02,0.0,,81.59,1
235,genmatrix,small,warm,200,9.97,8.18,1.79,0.14,8.04,False,,0.0,0.03,,0.11,0.14,1
236,linpack,large,warm,200,21.33,21.32,0.01,7.99,13.33,False,,0.0,0.52,6.33,1.13,7.99,1
237,linpack,large,warm,200,20.82,20.81,0.01,8.01,12.8,False,,0.0,0.51,6.36,1.15,8.01,1
238,genmatrix,large,warm,200,56.89,43.71,13.18,1.13,42.58,False,,0.0,0.02,,1.1,1.13,1
239,fetchdata,medium,warm,200,88.26,88.25,0.01,82.0,6.25,False,81.97,0.0,0.02,0.0,,82.0,1
240,fastfouriertransform,medium,warm,200,662.07,662.06,0.01,644.77,17.29,False,,0.0,6.12,0.0,638.64,644.77,1
241,fetchdata,small,warm,200,87.92,87.91,0.01,82.35,5.56,False,82.32,0.0,0.02,0.0,,82.35,1
242,linpack,large,warm,200,20.46,20.45,0.01,7.98,12.47,False,,0.0,0.51,6.33,1.14,7.98,1
243,fetchdata,medium,warm,200,138.71,138.7,0.01,132.45,6.26,False,132.41,0.0,0.02,0.0,,132.44,1
244,linpack,medium,warm,200,689.02,689.01,0.01,677.22,11.79,False,,0.0,0.51,6.35,670.35,677.22,1
245,genmatrix,large,warm,200,59.27,44.75,14.52,1.21,43.54,False,,0.0,0.03,,1.18,1.21,1
246,linpack,large,warm,200,17.65,17.65,0.01,5.04,12.6,False,,0.0,0.34,3.97,0.74,5.04,1
247,genmatrix,large,warm,200,57.8,44.36,13.44,1.21,43.15,False,,0.0,0.02,,1.18,1.21,1
248,fastfouriertransform,medium,warm,200,657.83,657.83,0.01,639.8,18.03,False,,0.0,6.16,0.0,633.63,639.8,1
249,fetchdata,small,warm,200,89.2,89.19,0.01,82.68,6.51,False,82.64,0.0,0.02,0.0,,82.67,1
250,genmatrix,large,warm,200,61.58,46.33,15.24,1.2,45.13,False,,0.0,0.02,,1.17,1.2,1
251,fetchdata,small,warm,200,88.15,88.14,0.01,81.8,6.35,False,81.76,0.0,0.02,0.0,,81.8,1
252,genmatrix,small,warm,200,8.51,7.04,1.47,0.14,6.9,False,,0.0,0.02,,0.11,0.14,1
253,fastfouriertransform,small,warm,200,26.45,26.44,0.01,7.36,19.08,False,,0.0,6.13,0.0,1.23,7.36,1
254,genmatrix,medium,warm,200,17.99,13.09,4.9,0.29,12.8,False,,0.0,0.02,,0.26,0.29,1
255,fastfouriertransform,medium,warm,200,648.17,648.16,0.01,628.62,19.54,False,,0.0,6.13,0.0,622.47,628.62,1
256,linpack,large,warm,200,22.02,22.01,0.01,7.97,14.04,False,,0.0,0.52,6.31,1.14,7.97,1
257,genmatrix,large,warm,200,61.14,44.73,16.41,1.19,43.55,False,,0.0,0.03,,1.16,1.18,1
258,linpack,medium,warm,200,691.9,691.89,0.01,679.4,12.49,False,,0.0,0.51,6.33,672.56,679.4,1
259,linpack,small,warm,200,18.59,18.58,0.01,5.08,13.5,False,,0.0,0.34,3.99,0.75,5.08,1
260,genmatrix,large,warm,200,60.67,46.91,13.76,1.24,45.68,False,,0.0,0.03,,1.2,1.24,1
261,fastfouriertransform,small,warm,200,26.43,26.43,0.01,7.36,19.07,False,,0.0,6.13,0.0,1.22,7.36,1
262,linpack,small,warm,200,20.94,20.94,0.01,7.97,12.97,False,,0.0,0.51,6.33,1.13,7.97,1
263,genmatrix,large,warm,200,57.39,45.27,12.12,1.25,44.02,False,,0.0,0.03,,1.22,1.25,1
264,linpack,small,warm,200,19.47,19.46,0.01,7.96,11.51,False,,0.0,0.51,6.31,1.13,7.95,1
265,genmatrix,small,warm,200,8.97,7.59,1.38,0.14,7.45,False,,0.0,0.03,,0.11,0.14,1
266,linpack,small,warm,200,21.19,21.18,0.01,7.95,13.23,False,,0.0,0.51,6.3,1.13,7.95,1
267,linpack,large,warm,200,21.74,21.73,0.01,8.04,13.69,False,,0.0,0.51,6.38,1.15,8.04,1
268,fetchdata,medium,warm,200,142.91,142.9,0.01,136.29,6.61,False,136.26,0.0,0.02,0.0,,136.29,1
269,linpack,large,warm,200,20.96,20.95,0.01,7.93,13.02,False,,0.0,0.52,6.28,1.13,7.93,1
270,linpack,small,warm,200,21.54,21.53,0.01,7.95,13.58,False,,0.0,0.51,6.3,1.14,7.95,1
271,linpack,medium,warm,200,717.42,717.41,0.01,704.7,12.71,False,,0.0,0.51,6.29,697.9,704.7,1
272,fetchdata,small,warm,200,88.11,88.1,0.01,81.77,6.34,False,81.73,0.0,0.02,0.0,,81.76,1
273,fetchdata,large,warm,200,88.03,88.02,0.01,81.74,6.29,False,81.71,0.0,0.02,0.0,,81.74,1
274,linpack,large,warm,200,21.14,21.14,0.01,7.95,13.19,False,,0.0,0.51,6.29,1.14,7.95,1
275,genmatrix,medium,warm,200,17.55,13.51,4.04,0.31,13.2,False,,0.0,0.05,,0.26,0.31,1
276,linpack,small,warm,200,19.92,19.91,0.01,8.01,11.9,False,,0.0,0.51,6.36,1.13,8.01,1
277,fetchdata,small,warm,200,89.28,89.27,0.01,82.74,6.53,False,82.71,0.0,0.02,0.0,,82.74,1
278,fetchdata,medium,warm,200,86.93,86.92,0.01,80.7,6.22,False,80.67,0.0,0.02,0.0,,80.7,1
279,fetchdata,large,warm,200,87.31,87.3,0.01,81.53,5.77,False,81.5,0.0,0.02,0.0,,81.53,1
280,fastfouriertransform,small,warm,200,25.62,25.61,0.01,7.41,18.2,False,,0.0,6.17,0.0,1.23,7.41,1
281,genmatrix,small,warm,200,10.04,8.11,1.93,0.14,7.97,False,,0.0,0.03,,0.11,0.14,1
282,linpack,large,warm,200,21.58,21.57,0.01,7.96,13.62,False,,0.0,0.52,6.3,1.13,7.96,1
283,genmatrix,large,warm,200,60.97,45.54,15.42,1.19,44.35,False,,0.0,0.03,,1.16,1.19,1
284,genmatrix,small,warm,200,9.45,7.76,1.69,0.15,7.61,False,,0.0,0.02,,0.12,0.14,1
285,linpack,medium,warm,200,691.67,691.67,0.01,678.44,13.23,False,,0.0,0.51,6.31,671.62,678.44,1
286,fetchdata,large,warm,200,139.94,139.93,0.01,133.35,6.58,False,133.32,0.0,0.02,0.0,,133.35,1
287,linpack,medium,warm,200,654.98,654.97,0.01,642.46,12.51,False,,0.0,0.34,3.95,638.16,642.46,1
288,fastfouriertransform,small,warm,200,25.89,25.88,0.01,7.37,18.5,False,,0.0,6.15,0.0,1.22,7.37,1
289,linpack,medium,warm,200,694.71,694.7,0.01,681.12,13.58,False,,0.0,0.51,6.3,674.3,681.12,1
290,fastfouriertransform,large,warm,200,26.59,26.58,0.01,7.5,19.08,False,,0.0,6.27,0.0,1.22,7.5,1
291,linpack,medium,warm,200,656.07,656.07,0.01,643.15,12.92,False,,0.0,0.33,3.97,638.85,643.15,1
292,fastfouriertransform,medium,warm,200,656.82,656.81,0.01,638.9,17.91,False,,0.0,6.12,0.0,632.77,638.89,1
293,fetchdata,medium,warm,200,91.66,91.65,0.01,85.04,6.62,False,85.01,0.0,0.02,0.0,,85.04,1
294,linpack,large,warm,200,19.36,19.35,0.01,7.99,11.37,False,,0.0,0.51,6.34,1.14,7.98,1
295,genmatrix,medium,warm,200,17.98,13.51,4.47,0.3,13.21,False,,0.0,0.03,,0.27,0.3,1
296,genmatrix,medium,warm,200,16.35,12.91,3.44,0.29,12.61,False,,0.0,0.03,,0.26,0.29,1
297,linpack,medium,warm,200,679.52,679.51,0.01,666.61,12.9,False,,0.0,0.52,6.31,659.77,666.61,1
298,fastfouriertransform,medium,warm,200,655.13,655.12,0.01,636.1,19.02,False,,0.0,6.19,0.0,629.9,636.1,1
299,fetchdata,large,warm,200,87.39,87.38,0.01,81.28,6.1,False,81.25,0.0,0.02,0.0,,81.28,1
300,linpack,large,warm,200,20.62,20.62,0.01,7.97,12.64,False,,0.0,0.51,6.31,1.15,7.97,1
301,genmatrix,medium,warm,200,17.01,13.51,3.49,0.29,13.22,False,,0.0,0.03,,0.26,0.29,1
302,genmatrix,large,warm,200,58.91,45.44,13.47,1.21,44.23,False,,0.0,0.02,,1.18,1.21,1
303,fastfouriertransform,medium,warm,200,662.69,662.68,0.01,644.52,18.16,False,,0.0,6.16,0.0,638.35,644.52,1
304,fastfouriertransform,small,warm,200,24.03,24.03,0.01,4.62,19.41,False,,0.0,3.85,0.0,0.76,4.62,1
305,linpack,small,warm,200,21.41,21.4,0.01,7.99,13.41,False,,0.0,0.51,6.34,1.14,7.99,1
306,linpack,small,warm,200,21.78,21.77,0.01,8.01,13.76,False,,0.0,0.51,6.35,1.14,8.01,1
307,fastfouriertransform,medium,warm,200,645.23,645.22,0.01,626.15,19.06,False,,0.0,6.16,0.0,619.98,626.15,1
308,linpack,medium,warm,200,693.96,693.95,0.01,680.97,12.98,False,,0.0,0.51,6.91,673.55,680.97,1
309,genmatrix,medium,warm,200,18.02,13.43,4.59,0.32,13.11,False,,0.0,0.02,,0.29,0.32,1
310,fetchdata,medium,warm,200,140.83,140.83,0.01,134.16,6.67,False,134.13,0.0,0.02,0.0,,134.16,1
311,linpack,medium,warm,200,693.11,693.1,0.01,680.44,12.66,False,,0.0,0.51,6.31,673.61,680.44,1
312,linpack,medium,warm,200,656.02,656.01,0.01,642.82,13.19,False,,0.0,0.33,3.97,638.52,642.82,1
313,fastfouriertransform,medium,warm,200,658.81,658.8,0.01,640.69,18.11,False,,0.0,6.19,0.0,634.49,640.69,1
314,fastfouriertransform,large,warm,200,21.7,21.7,0.01,4.71,16.99,False,,0.0,3.87,0.0,0.83,4.71,1
315,fastfouriertransform,medium,warm,200,623.09,623.08,0.01,604.67,18.41,False,,0.0,3.86,0.0,600.8,604.67,1
316,genmatrix,large,warm,200,57.78,44.51,13.27,1.19,43.32,False,,0.0,0.03,,1.16,1.19,1
317,fastfouriertransform,large,warm,200,26.67,26.66,0.01,7.34,19.32,False,,0.0,6.11,0.0,1.22,7.34,1
318,fastfouriertransform,small,warm,200,27.27,27.26,0.01,7.41,19.85,False,,0.0,6.19,0.0,1.21,7.4,1
319,genmatrix,small,warm,200,8.56,7.2,1.36,0.14,7.06,False,,0.0,0.02,,0.12,0.14,1
320,fastfouriertransform,large,warm,200,26.42,26.41,0.01,7.36,19.05,False,,0.0,6.13,0.0,1.22,7.36,1
321,genmatrix,small,warm,200,8.94,7.52,1.42,0.15,7.37,False,,0.0,0.03,,0.12,0.15,1
322,genmatrix,medium,warm,200,16.76,13.22,3.54,0.32,12.9,False,,0.0,0.03,,0.29,0.32,1
323,fastfouriertransform,large,warm,200,26.56,26.56,0.01,7.39,19.16,False,,0.0,6.17,0.0,1.22,7.39,1
324,genmatrix,medium,warm,200,16.49,13.02,3.47,0.29,12.73,False,,0.0,0.03,,0.26,0.29,1
325,fetchdata,medium,warm,200,136.61,136.6,0.01,130.41,6.19,False,130.37,0.0,0.02,0.0,,130.4,1
326,genmatrix,large,warm,200,57.88,44.12,13.77,1.2,42.92,False,,0.0,0.03,,1.17,1.2,1
327,fastfouriertransform,small,warm,200,24.43,24.42,0.01,7.36,17.06,False,,0.0,6.13,0.0,1.22,7.35,1
328,fetchdata,small,warm,200,140.82,140.8,0.02,134.3,6.5,False,134.27,0.0,0.02,0.0,,134.3,1
329,fastfouriertransform,medium,warm,200,645.8,645.79,0.01,627.37,18.42,False,,0.0,6.13,0.0,621.22,627.36,1
330,linpack,medium,warm,200,698.3,698.29,0.01,685.28,13.01,False,,0.0,0.51,6.31,678.46,685.28,1
331,genmatrix,small,warm,200,9.22,7.65,1.58,0.14,7.51,False,,0.0,0.03,,0.11,0.14,1
332,genmatrix,small,warm,200,9.1,7.55,1.55,0.15,7.4,False,,0.0,0.03,,0.12,0.15,1
333,fetchdata,large,warm,200,89.18,89.17,0.01,83.23,5.94,False,83.2,0.0,0.02,0.0,,83.23,1
334,fastfouriertransform,large,warm,200,25.73,25.72,0.01,7.35,18.37,False,,0.0,6.11,0.0,1.24,7.35,1
335,fastfouriertransform,medium,warm,200,662.12,662.11,0.01,642.66,19.46,False,,0.0,6.33,0.0,636.32,642.65,1
336,linpack,large,warm,200,22.47,22.46,0.01,8.18,14.28,False,,0.0,0.53,6.42,1.22,8.18,1
337,fetchdata,small,warm,200,89.2,89.19,0.01,82.51,6.68,False,82.48,0.0,0.02,0.0,,82.51,1
338,fetchdata,small,warm,200,88.55,88.54,0.01,82.09,6.45,False,82.06,0.0,0.02,0.0,,82.09,1
339,linpack,medium,warm,200,723.77,723.76,0.01,711.85,11.92,False,,0.0,0.51,6.31,705.02,711.84,1
340,fastfouriertransform,medium,warm,200,646.88,646.87,0.01,627.96,18.91,False,,0.0,6.16,0.0,621.79,627.96,1
341,fetchdata,large,warm,200,90.44,90.44,0.01,83.81,6.62,False,83.78,0.0,0.02,0.0,,83.81,1
342,linpack,large,warm,200,19.5,19.49,0.01,7.98,11.51,False,,0.0,0.52,6.31,1.14,7.98,1
343,genmatrix,medium,warm,200,18.0,13.38,4.62,0.32,13.06,False,,0.0,0.02,,0.29,0.32,1
344,genmatrix,large,warm,200,58.68,45.64,13.04,1.19,44.46,False,,0.0,0.02,,1.16,1.19,1
345,fetchdata,large,warm,200,137.13,137.12,0.01,130.72,6.4,False,130.69,0.0,0.02,0.0,,130.72,1
346,linpack,medium,warm,200,692.96,692.95,0.01,680.97,11.98,False,,0.0,0.51,6.34,674.11,680.97,1
347,linpack,large,warm,200,17.45,17.44,0.01,5.05,12.39,False,,0.0,0.33,3.97,0.75,5.05,1
348,fetchdata,medium,warm,200,86.4,86.39,0.01,80.77,5.62,False,80.74,0.0,0.02,0.0,,80.77,1
349,genmatrix,small,warm,200,9.05,7.67,1.38,0.14,7.52,False,,0.0,0.02,,0.11,0.14,1
350,fetchdata,medium,warm,200,87.54,87.54,0.01,81.34,6.2,False,81.31,0.0,0.02,0.0,,81.34,1
351,genmatrix,medium,warm,200,17.31,12.74,4.57,0.32,12.42,False,,0.0,0.05,,0.27,0.32,1
352,linpack,medium,warm,200,680.46,680.45,0.01,667.8,12.66,False,,0.0,0.51,6.38,660.9,667.79,1
353,fastfouriertransform,medium,warm,200,660.55,660.54,0.01,641.4,19.15,False,,0.0,6.13,0.0,635.26,641.4,1
354,fetchdata,small,warm,200,90.37,90.36,0.01,83.99,6.37,False,83.96,0.0,0.02,0.0,,83.99,1
355,linpack,small,warm,200,20.64,20.63,0.01,8.05,12.58,False,,0.0,0.51,6.38,1.15,8.05,1
356,fetchdata,medium,warm,200,134.03,134.02,0.01,127.71,6.31,False,127.67,0.0,0.02,0.0,,127.71,1
357,fetchdata,medium,warm,200,88.66,88.65,0.01,82.57,6.09,False,82.53,0.0,0.02,0.0,,82.56,1
358,fetchdata,large,warm,200,88.38,88.37,0.01,82.25,6.11,False,82.22,0.0,0.02,0.0,,82.25,1
359,fastfouriertransform,large,warm,200,25.93,25.92,0.01,7.37,18.55,False,,0.0,6.15,0.0,1.21,7.37,1
360,genmatrix,small,warm,200,9.0,7.86,1.14,0.15,7.72,False,,0.0,0.03,,0.11,0.14,1
361,genmatrix,large,warm,200,58.7,45.61,13.09,1.2,44.41,False,,0.0,0.03,,1.17,1.2,1
362,linpack,medium,warm,200,680.05,680.05,0.01,668.44,11.61,False,,0.0,0.51,6.35,661.57,668.44,1
363,genmatrix,large,warm,200,58.49,45.76,12.74,1.21,44.54,False,,0.0,0.03,,1.18,1.21,1
364,linpack,large,warm,200,16.98,16.98,0.01,5.07,11.91,False,,0.0,0.33,3.97,0.76,5.06,1
365,linpack,medium,warm,200,697.23,697.22,0.01,683.68,13.53,False,,0.0,0.51,6.3,676.87,683.68,1
366,fastfouriertransform,small,warm,200,25.8,25.8,0.01,7.38,18.41,False,,0.0,6.15,0.0,1.23,7.38,1
367,fetchdata,small,warm,200,138.37,138.36,0.01,131.71,6.66,False,131.67,0.0,0.02,0.0,,131.7,1
368,linpack,large,warm,200,19.56,19.55,0.01,8.02,11.53,False,,0.0,0.51,6.35,1.16,8.02,1
369,genmatrix,medium,warm,200,17.08,13.45,3.64,0.29,13.16,False,,0.0,0.02,,0.26,0.29,1
370,fetchdata,medium,warm,200,87.85,87.85,0.01,81.37,6.48,False,81.34,0.0,0.02,0.0,,81.37,1
371,fetchdata,medium,warm,200,87.37,87.37,0.01,81.27,6.1,False,81.24,0.0,0.02,0.0,,81.27,1
372,fetchdata,medium,warm,200,136.0,136.0,0.01,129.87,6.12,False,129.84,0.0,0.02,0.0,,129.87,1
373,linpack,medium,warm,200,702.79,702.78,0.01,682.07,20.71,False,,0.0,0.51,6.46,675.09,682.07,1
374,fetchdata,medium,warm,200,88.35,88.34,0.01,82.34,6.0,False,82.31,0.0,0.02,0.0,,82.34,1
375,genmatrix,small,warm,200,9.86,8.11,1.75,0.14,7.96,False,,0.0,0.02,,0.12,0.14,1
376,genmatrix,medium,warm,200,16.96,12.86,4.09,0.3,12.57,False,,0.0,0.02,,0.27,0.3,1
377,fastfouriertransform,large,warm,200,26.42,26.41,0.01,7.39,19.02,False,,0.0,6.17,0.0,1.21,7.39,1
378,genmatrix,small,warm,200,8.26,7.15,1.11,0.14,7.01,False,,0.0,0.02,,0.12,0.14,1
379,genmatrix,large,warm,200,57.86,45.72,12.14,1.22,44.5,False,,0.0,0.03,,1.19,1.22,1
380,linpack,medium,warm,200,691.58,691.57,0.01,678.91,12.66,False,,0.0,0.51,6.34,672.06,678.91,1
381,fetchdata,small,warm,200,89.04,89.03,0.01,82.66,6.38,False,82.63,0.0,0.02,0.0,,82.66,1
382,genmatrix,medium,warm,200,17.24,13.19,4.05,0.29,12.9,False,,0.0,0.03,,0.26,0.29,1
383,genmatrix,medium,warm,200,16.28,12.72,3.57,0.29,12.43,False,,0.0,0.02,,0.26,0.29,1
384,genmatrix,medium,warm,200,17.01,12.82,4.19,0.29,12.53,False,,0.0,0.03,,0.26,0.29,1
385,fastfouriertransform,large,warm,200,26.55,26.54,0.01,7.29,19.25,False,,0.0,6.13,0.0,1.16,7.29,1
386,genmatrix,medium,warm,200,16.4,12.71,3.69,0.29,12.42,False,,0.0,0.03,,0.26,0.29,1
387,fastfouriertransform,small,warm,200,26.83,26.82,0.01,7.29,19.53,False,,0.0,6.12,0.0,1.16,7.29,1
388,fetchdata,large,warm,200,139.52,139.51,0.01,132.62,6.89,False,132.59,0.0,0.02,0.0,,132.62,1
389,genmatrix,large,warm,200,58.78,46.46,12.32,1.31,45.15,False,,0.0,0.03,,1.28,1.31,1
390,linpack,small,warm,200,21.57,21.56,0.01,8.12,13.44,False,,0.0,0.52,6.41,1.18,8.12,1
391,fastfouriertransform,large,warm,200,26.65,26.64,0.01,7.29,19.35,False,,0.0,6.12,0.0,1.16,7.29,1
392,fetchdata,medium,warm,200,88.53,88.52,0.01,81.87,6.64,False,81.84,0.0,0.02,0.0,,81.87,1
393,linpack,medium,warm,200,693.11,693.1,0.01,682.09,11.01,False,,0.0,0.51,6.37,675.21,682.09,1
394,fetchdata,small,warm,200,88.25,88.25,0.01,82.37,5.87,False,82.34,0.0,0.02,0.0,,82.37,1
395,fastfouriertransform,medium,warm,200,662.52,662.51,0.01,643.3,19.22,False,,0.0,6.11,0.0,637.17,643.29,1
396,linpack,small,warm,200,228.7,228.69,0.01,8.01,220.68,False,,0.0,0.51,6.35,1.14,8.01,1
397,fastfouriertransform,medium,warm,200,620.0,619.99,0.01,600.28,19.71,False,,0.0,3.86,0.0,596.41,600.28,1
398,linpack,small,warm,200,20.73,20.73,0.01,8.09,12.64,False,,0.0,0.51,6.41,1.16,8.08,1
399,fastfouriertransform,small,warm,200,25.93,25.92,0.01,7.32,18.6,False,,0.0,6.11,0.0,1.21,7.32,1
400,genmatrix,large,warm,200,61.23,46.17,15.06,1.24,44.93,False,,0.0,0.02,,1.21,1.24,1
401,fetchdata,small,warm,200,88.28,88.28,0.01,82.15,6.13,False,82.12,0.0,0.02,0.0,,82.15,1
402,genmatrix,small,warm,200,8.59,7.03,1.56,0.14,6.88,False,,0.0,0.03,,0.11,0.14,1
403,linpack,large,warm,200,21.96,21.95,0.01,8.64,13.31,False,,0.0,0.51,6.45,1.67,8.64,1
404,genmatrix,large,warm,200,57.37,43.63,13.74,1.23,42.4,False,,0.0,0.03,,1.2,1.23,1
405,linpack,medium,warm,200,701.66,701.65,0.01,688.36,13.29,False,,0.0,0.54,6.31,681.51,688.36,1
406,linpack,medium,warm,200,657.77,657.76,0.01,644.94,12.82,False,,0.0,0.34,4.02,640.57,644.94,1
407,linpack,medium,warm,200,658.69,658.68,0.01,645.89,12.79,False,,0.0,0.33,3.97,641.58,645.89,1
408,fastfouriertransform,large,warm,200,26.23,26.22,0.01,7.38,18.84,False,,0.0,6.14,0.0,1.23,7.38,1
409,fastfouriertransform,small,warm,200,26.4,26.39,0.01,7.34,19.05,False,,0.0,6.13,0.0,1.2,7.34,1
410,genmatrix,medium,warm,200,16.98,13.4,3.58,0.29,13.12,False,,0.0,0.03,,0.26,0.29,1
411,fastfouriertransform,small,warm,200,26.61,26.6,0.01,7.36,19.24,False,,0.0,6.13,0.0,1.22,7.36,1
412,genmatrix,small,warm,200,9.32,7.64,1.68,0.15,7.49,False,,0.0,0.03,,0.12,0.15,1
413,fastfouriertransform,small,warm,200,26.75,26.74,0.01,7.34,19.4,False,,0.0,6.13,0.0,1.21,7.34,1
414,fastfouriertransform,medium,warm,200,661.41,661.4,0.01,641.77,19.63,False,,0.0,6.23,0.0,635.52,641.77,1
415,linpack,large,warm,200,21.93,21.92,0.01,8.0,13.92,False,,0.0,0.51,6.31,1.17,8.0,1
416,linpack,medium,warm,200,699.18,699.17,0.01,685.56,13.61,False,,0.0,0.51,6.35,678.69,685.56,1
417,fastfouriertransform,small,warm,200,26.12,26.11,0.01,7.37,18.75,False,,0.0,6.14,0.0,1.21,7.36,1
418,fetchdata,large,warm,200,137.73,137.73,0.01,131.15,6.58,False,131.11,0.0,0.02,0.0,,131.14,1
419,fetchdata,large,warm,200,87.15,87.15,0.01,80.86,6.28,False,80.83,0.0,0.02,0.0,,80.86,1
420,linpack,small,warm,200,19.78,19.77,0.01,8.02,11.76,False,,0.0,0.51,6.35,1.16,8.02,1
421,genmatrix,medium,warm,200,17.03,13.4,3.63,0.32,13.07,False,,0.0,0.03,,0.29,0.32,1
422,genmatrix,medium,warm,200,16.54,13.06,3.48,0.31,12.74,False,,0.0,0.02,,0.28,0.31,1
423,fastfouriertransform,large,warm,200,26.32,26.31,0.01,7.43,18.89,False,,0.0,6.19,0.0,1.23,7.42,1
424,genmatrix,large,warm,200,57.32,44.14,13.18,1.29,42.85,False,,0.0,0.03,,1.25,1.29,1
425,genmatrix,medium,warm,200,221.63,13.06,208.57,0.29,12.77,False,,0.0,0.03,,0.26,0.29,1
426,genmatrix,small,warm,200,9.26,7.62,1.63,0.15,7.48,False,,0.0,0.02,,0.12,0.14,1
427,fastfouriertransform,small,warm,200,26.26,26.25,0.01,7.3,18.95,False,,0.0,6.13,0.0,1.17,7.3,1
428,fetchdata,large,warm,200,88.83,88.82,0.01,82.2,6.62,False,82.17,0.0,0.02,0.0,,82.2,1
429,fetchdata,medium,warm,200,88.67,88.66,0.01,82.65,6.01,False,82.61,0.0,0.02,0.0,,82.65,1
430,fastfouriertransform,medium,warm,200,648.62,648.62,0.01,630.57,18.05,False,,0.0,6.21,0.0,624.34,630.56,1
431,fetchdata,large,warm,200,88.59,88.58,0.01,82.56,6.02,False,82.53,0.0,0.02,0.0,,82.56,1
432,linpack,medium,warm,200,697.33,697.32,0.01,684.01,13.31,False,,0.0,0.53,6.33,677.15,684.01,1
433,linpack,medium,warm,200,656.91,656.9,0.01,643.9,13.0,False,,0.0,0.35,3.96,639.59,643.9,1
434,fastfouriertransform,large,warm,200,25.9,25.9,0.01,7.37,18.53,False,,0.0,6.14,0.0,1.22,7.37,1
435,fastfouriertransform,medium,warm,200,658.7,658.69,0.01,639.57,19.12,False,,0.0,6.13,0.0,633.43,639.57,1
436,fetchdata,large,warm,200,139.88,139.87,0.01,132.99,6.89,False,132.95,0.0,0.02,0.0,,132.98,1
437,fetchdata,small,warm,200,88.23,88.23,0.01,81.89,6.34,False,81.86,0.0,0.02,0.0,,81.89,1
438,fastfouriertransform,small,warm,200,24.68,24.68,0.01,7.38,17.3,False,,0.0,6.15,0.0,1.22,7.38,1
439,fastfouriertransform,large,warm,200,26.44,26.43,0.01,7.35,19.08,False,,0.0,6.13,0.0,1.21,7.35,1
440,fetchdata,large,warm,200,89.14,89.13,0.01,82.38,6.76,False,82.35,0.0,0.02,0.0,,82.38,1
441,fastfouriertransform,small,warm,200,26.19,26.19,0.01,7.43,18.76,False,,0.0,6.19,0.0,1.23,7.43,1
442,linpack,large,warm,200,20.82,20.81,0.01,8.01,12.8,False,,0.0,0.51,6.36,1.14,8.01,1
443,linpack,medium,warm,200,680.11,680.11,0.01,667.06,13.04,False,,0.0,0.52,6.3,660.23,667.06,1
444,genmatrix,large,warm,200,59.62,44.09,15.53,1.21,42.87,False,,0.0,0.03,,1.18,1.21,1
445,linpack,large,warm,200,17.25,17.25,0.01,5.06,12.19,False,,0.0,0.33,3.97,0.75,5.06,1
446,linpack,small,warm,200,21.0,20.99,0.01,7.99,13.0,False,,0.0,0.51,6.34,1.14,7.99,1
447,linpack,medium,warm,200,685.4,685.39,0.01,672.65,12.74,False,,0.0,0.51,6.33,665.81,672.65,1
448,linpack,medium,warm,200,653.65,653.64,0.01,641.92,11.72,False,,0.0,0.34,3.98,637.6,641.92,1
449,fetchdata,large,warm,200,134.75,134.74,0.01,128.19,6.55,False,128.16,0.0,0.02,0.0,,128.19,1
450,fastfouriertransform,small,warm,200,25.43,25.43,0.01,7.39,18.04,False,,0.0,6.14,0.0,1.24,7.39,1
451,fetchdata,medium,warm,200,88.3,88.29,0.01,81.75,6.54,False,81.72,0.0,0.02,0.0,,81.75,1
452,linpack,medium,warm,200,693.64,693.63,0.01,681.27,12.36,False,,0.0,0.51,6.36,674.4,681.27,1
453,linpack,large,warm,200,16.58,16.57,0.01,5.06,11.52,False,,0.0,0.33,3.98,0.74,5.05,1
454,fastfouriertransform,medium,warm,200,658.65,658.64,0.01,639.71,18.93,False,,0.0,6.13,0.0,633.57,639.71,1
455,fastfouriertransform,medium,warm,200,622.72,622.71,0.01,602.87,19.84,False,,0.0,3.87,0.0,598.99,602.87,1
456,fetchdata,medium,warm,200,140.25,140.24,0.01,133.46,6.78,False,133.42,0.0,0.02,0.0,,133.45,1
457,fastfouriertransform,medium,warm,200,659.13,659.12,0.01,640.53,18.59,False,,0.0,6.26,0.0,634.27,640.53,1
458,fastfouriertransform,large,warm,200,22.98,22.96,0.01,4.72,18.24,False,,0.0,3.86,0.0,0.85,4.72,1
459,linpack,medium,warm,200,686.03,686.02,0.01,672.74,13.28,False,,0.0,0.51,6.33,665.9,672.74,1
460,fastfouriertransform,small,warm,200,26.04,26.03,0.01,7.41,18.63,False,,0.0,6.17,0.0,1.22,7.41,1
461,fetchdata,large,warm,200,89.18,89.17,0.01,82.65,6.52,False,82.61,0.0,0.02,0.0,,82.64,1
462,linpack,large,warm,200,20.32,20.32,0.01,8.09,12.23,False,,0.0,0.51,6.32,1.25,8.08,1
463,linpack,small,warm,200,21.2,21.19,0.01,8.01,13.18,False,,0.0,0.51,6.36,1.14,8.01,1
464,genmatrix,medium,warm,200,14.47,12.27,2.2,0.29,11.97,False,,0.0,0.03,,0.27,0.29,1
465,genmatrix,medium,warm,200,221.97,12.71,209.26,0.29,12.42,False,,0.0,0.03,,0.26,0.29,1
466,linpack,large,warm,200,20.47,20.46,0.01,8.07,12.39,False,,0.0,0.51,6.42,1.14,8.07,1
467,linpack,small,warm,200,20.54,20.53,0.01,8.01,12.53,False,,0.0,0.51,6.36,1.14,8.01,1
468,fastfouriertransform,large,warm,200,26.36,26.36,0.01,7.43,18.93,False,,0.0,6.2,0.0,1.22,7.43,1
469,genmatrix,large,warm,200,57.36,45.65,11.71,1.21,44.44,False,,0.0,0.03,,1.18,1.21,1
470,genmatrix,medium,warm,200,15.7,12.34,3.36,0.29,12.05,False,,0.0,0.02,,0.26,0.29,1
471,fastfouriertransform,large,warm,200,27.84,27.84,0.01,7.84,20.0,False,,0.0,6.17,0.0,1.66,7.84,1
472,linpack,small,warm,200,21.84,21.83,0.01,7.78,14.05,False,,0.0,0.48,6.11,1.18,7.78,1
473,genmatrix,small,warm,200,9.44,7.68,1.76,0.14,7.53,False,,0.0,0.02,,0.12,0.14,1
474,linpack,small,warm,200,20.61,20.61,0.01,8.01,12.6,False,,0.0,0.51,6.37,1.13,8.01,1
475,genmatrix,medium,warm,200,15.81,13.19,2.62,0.3,12.89,False,,0.0,0.03,,0.27,0.3,1
476,fetchdata,large,warm,200,142.71,142.7,0.01,136.22,6.48,False,136.19,0.0,0.02,0.0,,136.22,1
477,fetchdata,medium,warm,200,87.27,87.26,0.01,81.03,6.24,False,81.0,0.0,0.02,0.0,,81.03,1
478,linpack,medium,warm,200,675.36,675.35,0.01,663.63,11.72,False,,0.0,0.51,6.35,656.77,663.63,1
479,genmatrix,medium,warm,200,17.76,13.56,4.19,0.29,13.28,False,,0.0,0.02,,0.26,0.29,1
480,genmatrix,medium,warm,200,16.73,13.12,3.6,0.31,12.81,False,,0.0,0.02,,0.28,0.31,1
481,genmatrix,large,warm,200,58.7,45.12,13.57,1.26,43.87,False,,0.0,0.03,,1.23,1.26,1
482,genmatrix,small,warm,200,9.07,7.49,1.58,0.15,7.34,False,,0.0,0.03,,0.12,0.15,1
483,fetchdata,medium,warm,200,89.24,89.23,0.01,82.0,7.23,False,81.97,0.0,0.02,0.0,,82.0,1
484,fetchdata,large,warm,200,88.47,88.46,0.01,81.85,6.61,False,81.82,0.0,0.02,0.0,,81.85,1
485,fetchdata,small,warm,200,88.8,88.79,0.01,82.7,6.09,False,82.67,0.0,0.02,0.0,,82.7,1
486,fetchdata,large,warm,200,89.22,89.21,0.01,83.07,6.14,False,83.04,0.0,0.02,0.0,,83.07,1
487,fetchdata,large,warm,200,88.72,88.71,0.01,82.33,6.38,False,82.3,0.0,0.02,0.0,,82.33,1
488,linpack,small,warm,200,20.06,20.05,0.01,8.04,12.01,False,,0.0,0.51,6.38,1.15,8.04,1
489,linpack,large,warm,200,21.29,21.28,0.01,7.97,13.31,False,,0.0,0.51,6.32,1.14,7.97,1
490,linpack,medium,warm,200,689.88,689.87,0.01,676.96,12.92,False,,0.0,0.51,6.36,670.08,676.95,1
491,fetchdata,large,warm,200,88.34,88.33,0.01,82.17,6.15,False,82.14,0.0,0.02,0.0,,82.17,1
492,linpack,medium,warm,200,653.79,653.78,0.01,642.09,11.69,False,,0.0,0.34,3.98,637.77,642.09,1
493,fetchdata,small,warm,200,137.95,137.94,0.01,131.72,6.21,False,131.69,0.0,0.02,0.0,,131.72,1
494,genmatrix,large,warm,200,59.79,44.23,15.56,1.22,43.01,False,,0.0,0.03,,1.19,1.22,1
495,linpack,small,warm,200,20.83,20.83,0.01,8.06,12.77,False,,0.0,0.51,6.38,1.16,8.06,1
496,linpack,small,warm,200,21.58,21.57,0.01,7.99,13.58,False,,0.0,0.51,6.33,1.15,7.99,1
497,fetchdata,large,warm,200,88.97,88.96,0.01,82.26,6.7,False,82.23,0.0,0.02,0.0,,82.26,1
498,linpack,large,warm,200,19.85,19.84,0.01,7.99,11.86,False,,0.0,0.51,6.34,1.14,7.99,1
499,linpack,medium,warm,200,713.68,713.67,0.01,700.49,13.18,False,,0.0,0.49,5.92,694.08,700.49,1
500,genmatrix,medium,warm,200,16.73,13.3,3.42,0.29,13.02,False,,0.0,0.02,,0.26,0.28,1
501,fastfouriertransform,small,warm,200,26.98,26.97,0.01,7.39,19.58,False,,0.0,6.15,0.0,1.23,7.39,1
502,fetchdata,small,warm,200,88.54,88.53,0.01,81.83,6.71,False,81.8,0.0,0.02,0.0,,81.83,1
503,linpack,small,warm,200,51.22,51.21,0.01,8.01,43.2,False,,0.0,0.51,6.35,1.15,8.01,1
504,linpack,small,warm,200,21.15,21.14,0.01,8.01,13.13,False,,0.0,0.53,6.33,1.14,8.01,1
505,genmatrix,medium,warm,200,16.06,12.24,3.82,0.29,11.94,False,,0.0,0.02,,0.26,0.29,1
506,genmatrix,small,warm,200,8.61,7.1,1.51,0.14,6.95,False,,0.0,0.03,,0.12,0.14,1
507,linpack,medium,warm,200,680.02,680.02,0.01,666.54,13.48,False,,0.0,0.51,6.34,659.69,666.54,1
508,fetchdata,large,warm,200,87.72,87.71,0.01,81.33,6.37,False,81.3,0.0,0.02,0.0,,81.33,1
509,linpack,large,warm,200,16.09,16.08,0.01,5.08,11.0,False,,0.0,0.33,3.99,0.76,5.08,1
510,fastfouriertransform,medium,warm,200,658.64,658.64,0.01,639.77,18.87,False,,0.0,6.16,0.0,633.6,639.77,1
511,linpack,medium,warm,200,694.23,694.22,0.01,681.36,12.86,False,,0.0,0.51,6.59,674.25,681.35,1
512,linpack,large,warm,200,17.25,17.24,0.01,5.1,12.14,False,,0.0,0.34,4.02,0.74,5.1,1
513,fastfouriertransform,large,warm,200,27.74,27.74,0.01,7.48,20.26,False,,0.0,6.24,0.0,1.23,7.48,1
514,fastfouriertransform,small,warm,200,26.86,26.85,0.01,7.36,19.49,False,,0.0,6.14,0.0,1.21,7.36,1
515,fetchdata,small,warm,200,140.54,140.54,0.01,134.75,5.78,False,134.72,0.0,0.02,0.0,,134.75,1
516,fastfouriertransform,medium,warm,200,650.68,650.68,0.01,632.45,18.22,False,,0.0,6.14,0.0,626.3,632.45,1
517,fastfouriertransform,large,warm,200,22.9,22.9,0.01,4.73,18.17,False,,0.0,3.88,0.0,0.84,4.72,1
518,fastfouriertransform,medium,warm,200,621.98,621.98,0.01,601.87,20.11,False,,0.0,3.88,0.0,597.98,601.87,1
519,genmatrix,large,warm,200,59.83,45.34,14.5,1.23,44.1,False,,0.0,0.02,,1.2,1.23,1
520,fetchdata,small,warm,200,88.74,88.73,0.01,81.97,6.76,False,81.94,0.0,0.02,0.0,,81.97,1
521,fastfouriertransform,medium,warm,200,685.27,685.26,0.01,667.02,18.23,False,,0.0,6.17,0.0,660.84,667.02,1
522,fastfouriertransform,medium,warm,200,622.51,622.51,0.01,603.0,19.5,False,,0.0,3.87,0.0,599.13,603.0,1
523,fetchdata,medium,warm,200,88.68,88.67,0.01,81.99,6.68,False,81.96,0.0,0.02,0.0,,81.99,1
524,linpack,small,warm,200,19.78,19.77,0.01,7.08,12.69,False,,0.0,0.45,5.59,1.03,7.08,1
525,genmatrix,large,warm,200,59.27,44.87,14.4,1.19,43.68,False,,0.0,0.03,,1.16,1.19,1
526,linpack,large,warm,200,20.84,20.83,0.01,8.07,12.76,False,,0.0,0.51,6.41,1.14,8.07,1
527,genmatrix,small,warm,200,9.73,7.82,1.91,0.14,7.68,False,,0.0,0.02,,0.11,0.14,1
528,genmatrix,small,warm,200,9.53,7.73,1.81,0.14,7.58,False,,0.0,0.02,,0.12,0.14,1
529,linpack,large,warm,200,19.98,19.97,0.01,8.01,11.96,False,,0.0,0.51,6.36,1.14,8.01,1
530,genmatrix,medium,warm,200,15.5,12.4,3.09,0.31,12.09,False,,0.0,0.04,,0.27,0.31,1
531,genmatrix,small,warm,200,9.5,7.69,1.81,0.14,7.55,False,,0.0,0.03,,0.11,0.14,1
532,linpack,large,warm,200,21.65,21.65,0.01,7.98,13.67,False,,0.0,0.51,6.31,1.15,7.98,1
533,fetchdata,medium,warm,200,141.7,141.69,0.01,135.08,6.61,False,135.05,0.0,0.02,0.0,,135.08,1
534,fetchdata,large,warm,200,88.3,88.29,0.01,81.86,6.43,False,81.83,0.0,0.02,0.0,,81.86,1
535,fastfouriertransform,medium,warm,200,639.09,639.08,0.01,621.39,17.69,False,,0.0,6.16,0.0,615.22,621.39,1
536,fetchdata,large,warm,200,88.45,88.45,0.01,82.09,6.35,False,82.06,0.0,0.02,0.0,,82.09,1
537,genmatrix,small,warm,200,9.37,8.03,1.34,0.14,7.89,False,,0.0,0.03,,0.11,0.14,1
538,linpack,medium,warm,200,678.99,678.98,0.01,665.54,13.45,False,,0.0,0.51,6.32,658.7,665.53,1
539,fetchdata,large,warm,200,88.07,88.06,0.01,81.84,6.22,False,81.81,0.0,0.02,0.0,,81.84,1
540,linpack,large,warm,200,16.3,16.29,0.01,5.03,11.26,False,,0.0,0.33,3.97,0.73,5.03,1
541,fetchdata,medium,warm,200,87.92,87.91,0.01,81.82,6.09,False,81.79,0.0,0.02,0.0,,81.82,1
542,fetchdata,small,warm,200,88.26,88.26,0.01,82.24,6.02,False,82.2,0.0,0.02,0.0,,82.23,1
543,linpack,medium,warm,200,688.95,688.94,0.01,676.23,12.71,False,,0.0,0.51,6.33,669.39,676.23,1
544,fastfouriertransform,small,warm,200,26.4,26.39,0.01,7.52,18.87,False,,0.0,6.24,0.0,1.27,7.52,1
545,linpack,large,warm,200,18.59,18.58,0.01,5.04,13.54,False,,0.0,0.33,3.97,0.73,5.04,1
546,fetchdata,large,warm,200,89.05,89.05,0.01,82.57,6.48,False,82.54,0.0,0.02,0.0,,82.57,1
547,fetchdata,large,warm,200,305.91,305.9,0.01,85.08,220.82,False,85.05,0.0,0.03,0.0,,85.08,1
548,fetchdata,small,warm,200,88.56,88.55,0.01,82.3,6.25,False,82.27,0.0,0.02,0.0,,82.3,1
549,linpack,medium,warm,200,705.42,705.41,0.01,674.96,30.45,False,,0.0,0.53,6.34,668.09,674.96,1
550,fastfouriertransform,large,warm,200,33.01,33.0,0.01,7.43,25.57,False,,0.0,6.19,0.0,1.24,7.43,1
551,fastfouriertransform,large,warm,200,29.68,29.67,0.01,7.37,22.31,False,,0.0,6.13,0.0,1.22,7.36,1
552,linpack,medium,warm,200,700.17,700.16,0.01,683.62,16.54,False,,0.0,0.51,6.34,676.77,683.62,1
553,genmatrix,large,warm,200,61.44,46.45,14.99,1.19,45.26,False,,0.0,0.02,,1.16,1.19,1
554,fetchdata,small,warm,200,137.19,137.19,0.01,130.48,6.7,False,130.45,0.0,0.02,0.0,,130.48,1
555,genmatrix,large,warm,200,59.42,44.24,15.18,1.28,42.96,False,,0.0,0.02,,1.25,1.28,1
556,fetchdata,large,warm,200,89.17,89.16,0.01,82.73,6.43,False,82.7,0.0,0.02,0.0,,82.73,1
557,genmatrix,large,warm,200,58.09,44.83,13.26,1.18,43.65,False,,0.0,0.02,,1.15,1.18,1
558,fastfouriertransform,large,warm,200,27.76,27.75,0.01,7.36,20.39,False,,0.0,6.13,0.0,1.23,7.36,1
559,fastfouriertransform,medium,warm,200,659.64,659.63,0.01,638.25,21.38,False,,0.0,6.13,0.0,632.11,638.25,1
560,linpack,small,warm,200,23.2,23.19,0.01,8.01,15.18,False,,0.0,0.51,6.35,1.15,8.01,1
561,fetchdata,large,warm,200,89.72,89.71,0.01,82.75,6.96,False,82.72,0.0,0.02,0.0,,82.75,1
562,genmatrix,small,warm,200,10.04,8.48,1.57,0.14,8.33,False,,0.0,0.02,,0.11,0.14,1
563,fetchdata,medium,warm,200,87.96,87.95,0.01,81.64,6.31,False,81.6,0.0,0.02,0.0,,81.63,1
564,linpack,small,warm,200,21.65,21.65,0.01,8.0,13.65,False,,0.0,0.51,6.32,1.16,8.0,1
565,genmatrix,small,warm,200,9.51,7.78,1.73,0.14,7.64,False,,0.0,0.02,,0.12,0.14,1
566,fetchdata,large,warm,200,87.8,87.8,0.01,81.42,6.38,False,81.39,0.0,0.02,0.0,,81.42,1
567,fetchdata,small,warm,200,88.36,88.35,0.01,82.01,6.35,False,81.98,0.0,0.02,0.0,,82.0,1
568,fetchdata,medium,warm,200,87.64,87.64,0.01,81.44,6.2,False,81.41,0.0,0.02,0.0,,81.44,1
569,fetchdata,large,warm,200,88.03,88.02,0.01,81.89,6.13,False,81.86,0.0,0.02,0.0,,81.89,1
570,fetchdata,small,warm,200,140.73,140.73,0.01,134.65,6.08,False,134.62,0.0,0.02,0.0,,134.64,1
571,linpack,small,warm,200,22.21,22.2,0.01,8.02,14.18,False,,0.0,0.51,6.37,1.13,8.02,1
572,genmatrix,small,warm,200,9.52,7.8,1.72,0.15,7.65,False,,0.0,0.02,,0.12,0.15,1
573,linpack,large,warm,200,22.27,22.26,0.01,7.99,14.27,False,,0.0,0.51,6.33,1.15,7.99,1
574,fetchdata,small,warm,200,88.59,88.58,0.01,82.06,6.52,False,82.02,0.0,0.03,0.0,,82.05,1
575,linpack,small,warm,200,20.74,20.73,0.01,8.01,12.72,False,,0.0,0.51,6.36,1.14,8.01,1
576,fetchdata,large,warm,200,87.6,87.6,0.01,81.36,6.23,False,81.33,0.0,0.02,0.0,,81.36,1
577,fastfouriertransform,medium,warm,200,867.73,867.72,0.01,643.57,224.15,False,,0.0,6.17,0.0,637.39,643.57,1
578,fetchdata,large,warm,200,88.29,88.28,0.01,81.83,6.45,False,81.8,0.0,0.02,0.0,,81.83,1
579,fetchdata,large,warm,200,87.86,87.86,0.01,81.64,6.22,False,81.61,0.0,0.02,0.0,,81.64,1
580,linpack,large,warm,200,94.71,94.71,0.01,8.01,86.7,False,,0.0,0.51,6.35,1.14,8.0,1
581,fetchdata,small,warm,200,86.81,86.8,0.01,81.81,4.99,False,81.78,0.0,0.02,0.0,,81.81,1
582,genmatrix,medium,warm,200,17.09,13.42,3.67,0.29,13.13,False,,0.0,0.03,,0.26,0.29,1
583,fastfouriertransform,large,warm,200,27.33,27.32,0.01,7.44,19.88,False,,0.0,6.22,0.0,1.21,7.44,1
584,fetchdata,large,warm,200,88.31,88.3,0.01,81.88,6.42,False,81.85,0.0,0.02,0.0,,81.88,1
585,genmatrix,large,warm,200,60.5,46.69,13.81,1.2,45.49,False,,0.0,0.03,,1.17,1.2,1
586,fastfouriertransform,large,warm,200,25.93,25.92,0.01,7.36,18.56,False,,0.0,6.17,0.0,1.18,7.36,1
587,linpack,large,warm,200,22.07,22.07,0.01,7.99,14.07,False,,0.0,0.51,6.33,1.15,7.99,1
588,fetchdata,large,warm,200,138.4,138.39,0.01,131.9,6.5,False,131.87,0.0,0.02,0.0,,131.9,1
589,linpack,small,warm,200,20.12,20.11,0.01,8.0,12.12,False,,0.0,0.51,6.34,1.14,8.0,1
590,genmatrix,small,warm,200,9.7,8.18,1.51,0.15,8.04,False,,0.0,0.03,,0.12,0.14,1
591,fastfouriertransform,medium,warm,200,647.76,647.75,0.01,625.57,22.18,False,,0.0,6.12,0.0,619.44,625.57,1
592,linpack,small,warm,200,22.63,22.62,0.01,8.04,14.59,False,,0.0,0.51,6.36,1.17,8.04,1
593,fastfouriertransform,small,warm,200,24.02,24.01,0.01,4.63,19.37,False,,0.0,3.87,0.0,0.76,4.63,1
594,genmatrix,medium,warm,200,17.66,13.55,4.11,0.3,13.25,False,,0.0,0.03,,0.27,0.3,1
595,linpack,medium,warm,200,904.16,904.15,0.01,684.96,219.19,False,,0.0,0.51,6.35,678.09,684.96,1
596,linpack,large,warm,200,17.69,17.67,0.02,5.08,12.58,False,,0.0,0.34,3.99,0.75,5.08,1
597,genmatrix,medium,warm,200,17.18,13.77,3.41,0.29,13.48,False,,0.0,0.03,,0.26,0.29,1
598,fastfouriertransform,medium,warm,200,658.33,658.32,0.01,638.99,19.33,False,,0.0,6.14,0.0,632.84,638.99,1
599,linpack,medium,warm,200,900.45,900.45,0.01,680.36,220.08,False,,0.0,0.52,6.33,673.51,680.36,1
600,fastfouriertransform,large,warm,200,24.58,24.57,0.01,4.72,19.85,False,,0.0,3.87,0.0,0.84,4.72,1
601,fetchdata,small,warm,200,135.48,135.47,0.01,129.15,6.32,False,129.12,0.0,0.02,0.0,,129.15,1
602,linpack,medium,warm,200,694.1,694.09,0.01,682.4,11.69,False,,0.0,0.51,6.3,675.58,682.4,1
603,genmatrix,medium,warm,200,143.37,13.9,129.47,0.29,13.61,False,,0.0,0.02,,0.26,0.29,1
604,fastfouriertransform,large,warm,200,26.89,26.88,0.01,7.39,19.49,False,,0.0,6.17,0.0,1.21,7.38,1
605,fetchdata,large,warm,200,143.34,143.33,0.01,136.67,6.66,False,136.64,0.0,0.02,0.0,,136.67,1
606,fetchdata,small,warm,200,88.55,88.54,0.01,81.97,6.57,False,81.93,0.0,0.02,0.0,,81.96,1
607,linpack,medium,warm,200,688.61,688.6,0.01,675.34,13.27,False,,0.0,0.51,6.33,668.49,675.33,1
608,genmatrix,small,warm,200,9.97,8.2,1.77,0.14,8.06,False,,0.0,0.03,,0.12,0.14,1
609,linpack,small,warm,200,225.11,225.1,0.01,5.08,220.02,False,,0.0,0.35,3.99,0.74,5.08,1
610,genmatrix,large,warm,200,59.61,45.44,14.18,1.23,44.2,False,,0.0,0.03,,1.2,1.23,1
611,fastfouriertransform,small,warm,200,26.57,26.56,0.01,7.3,19.26,False,,0.0,6.13,0.0,1.16,7.3,1
612,fetchdata,small,warm,200,89.67,89.67,0.01,82.84,6.83,False,82.8,0.0,0.02,0.0,,82.84,1
613,genmatrix,large,warm,200,59.7,46.38,13.32,1.19,45.19,False,,0.0,0.03,,1.16,1.19,1
614,genmatrix,small,warm,200,9.91,8.01,1.9,0.15,7.86,False,,0.0,0.03,,0.12,0.15,1
615,genmatrix,large,warm,200,61.61,45.52,16.08,1.26,44.26,False,,0.0,0.03,,1.23,1.26,1
616,genmatrix,small,warm,200,8.69,7.34,1.35,0.16,7.18,False,,0.0,0.02,,0.13,0.16,1
617,fetchdata,small,warm,200,134.94,134.93,0.01,128.16,6.77,False,128.13,0.0,0.02,0.0,,128.16,1
618,fastfouriertransform,medium,warm,200,659.32,659.31,0.01,640.97,18.34,False,,0.0,6.16,0.0,634.8,640.97,1
619,genmatrix,small,warm,200,10.14,8.25,1.89,0.15,8.11,False,,0.0,0.02,,0.12,0.14,1
620,fetchdata,small,warm,200,91.89,91.88,0.01,85.74,6.14,False,85.71,0.0,0.02,0.0,,85.74,1
621,fastfouriertransform,large,warm,200,26.06,26.05,0.01,7.32,18.73,False,,0.0,6.15,0.0,1.16,7.32,1
622,fastfouriertransform,small,warm,200,25.65,25.65,0.01,7.29,18.36,False,,0.0,6.12,0.0,1.16,7.29,1
623,fastfouriertransform,medium,warm,200,643.48,643.47,0.01,622.09,21.38,False,,0.0,6.15,0.0,615.94,622.09,1
624,genmatrix,large,warm,200,58.86,45.55,13.31,1.25,44.3,False,,0.0,0.03,,1.21,1.25,1
625,fetchdata,small,warm,200,139.84,139.83,0.01,133.7,6.13,False,133.67,0.0,0.02,0.0,,133.7,1
626,genmatrix,medium,warm,200,16.24,12.86,3.38,0.31,12.55,False,,0.0,0.02,,0.28,0.31,1
627,fastfouriertransform,small,warm,200,26.9,26.9,0.01,7.31,19.58,False,,0.0,6.15,0.0,1.15,7.31,1
628,linpack,large,warm,200,22.57,22.57,0.01,8.54,14.03,False,,0.0,0.51,6.37,1.66,8.54,1
629,fastfouriertransform,large,warm,200,26.66,26.65,0.01,7.33,19.32,False,,0.0,6.17,0.0,1.15,7.33,1
630,fastfouriertransform,medium,warm,200,669.8,669.79,0.01,650.31,19.49,False,,0.0,6.15,0.0,644.15,650.31,1
631,linpack,medium,warm,200,677.13,677.12,0.01,662.96,14.16,False,,0.0,0.51,6.36,656.09,662.96,1
632,fastfouriertransform,medium,warm,200,623.43,623.42,0.01,603.46,19.96,False,,0.0,3.91,0.0,599.54,603.46,1
633,genmatrix,large,warm,200,59.82,45.99,13.83,1.21,44.78,False,,0.0,0.03,,1.17,1.2,1
634,fastfouriertransform,large,warm,200,233.31,233.3,0.01,7.41,225.89,False,,0.0,6.18,0.0,1.22,7.4,1
635,fetchdata,medium,warm,200,138.02,138.01,0.01,131.32,6.68,False,131.29,0.0,0.02,0.0,,131.32,1
636,fastfouriertransform,small,warm,200,26.38,26.37,0.01,7.41,18.96,False,,0.0,6.16,0.0,1.24,7.41,1
637,linpack,medium,warm,200,688.48,688.47,0.01,675.34,13.13,False,,0.0,0.51,6.33,668.5,675.34,1
638,linpack,large,warm,200,18.32,18.31,0.01,5.09,13.22,False,,0.0,0.34,4.01,0.74,5.09,1
639,fastfouriertransform,medium,warm,200,657.92,657.91,0.01,638.72,19.18,False,,0.0,6.16,0.0,632.55,638.72,1
640,linpack,small,warm,200,21.49,21.49,0.01,8.39,13.1,False,,0.0,0.51,6.71,1.17,8.39,1
641,fastfouriertransform,medium,warm,200,621.94,621.93,0.01,603.33,18.6,False,,0.0,3.89,0.0,599.43,603.33,1
642,genmatrix,small,warm,200,9.17,7.62,1.55,0.14,7.48,False,,0.0,0.02,,0.12,0.14,1
643,genmatrix,medium,warm,200,16.8,12.72,4.08,0.3,12.42,False,,0.0,0.03,,0.27,0.3,1
644,fetchdata,medium,warm,200,138.79,138.78,0.01,132.93,5.85,False,132.9,0.0,0.02,0.0,,132.93,1
645,fetchdata,medium,warm,200,88.01,88.01,0.01,81.73,6.28,False,81.7,0.0,0.02,0.0,,81.73,1
646,linpack,small,warm,200,20.5,20.49,0.01,8.09,12.4,False,,0.0,0.51,6.43,1.14,8.09,1
647,fastfouriertransform,large,warm,200,26.82,26.81,0.01,7.41,19.4,False,,0.0,6.15,0.0,1.25,7.41,1
648,genmatrix,medium,warm,200,16.8,12.63,4.17,0.29,12.34,False,,0.0,0.03,,0.26,0.29,1
649,linpack,small,warm,200,20.74,20.73,0.01,7.99,12.74,False,,0.0,0.51,6.34,1.13,7.99,1
650,linpack,medium,warm,200,696.32,696.32,0.01,682.0,14.31,False,,0.0,0.51,6.35,675.14,682.0,1
651,linpack,medium,warm,200,659.64,659.63,0.01,645.94,13.69,False,,0.0,0.33,3.99,641.61,645.94,1
652,linpack,large,warm,200,19.19,19.19,0.01,5.06,14.12,False,,0.0,0.34,3.97,0.75,5.06,1
653,fastfouriertransform,medium,warm,200,658.69,658.69,0.01,639.67,19.02,False,,0.0,6.16,0.0,633.5,639.67,1
654,linpack,medium,warm,200,700.96,700.95,0.01,687.26,13.7,False,,0.0,0.54,6.43,680.28,687.25,1
655,fetchdata,medium,warm,200,138.7,138.7,0.01,132.11,6.59,False,132.08,0.0,0.02,0.0,,132.11,1
656,genmatrix,large,warm,200,58.09,43.49,14.6,1.24,42.26,False,,0.0,0.03,,1.2,1.23,1
657,linpack,small,warm,200,62.08,62.07,0.01,8.02,54.05,False,,0.0,0.51,6.35,1.15,8.02,1
658,fastfouriertransform,small,warm,200,33.1,33.1,0.01,7.38,25.72,False,,0.0,6.15,0.0,1.22,7.38,1
659,fastfouriertransform,medium,warm,200,661.55,661.54,0.01,638.04,23.5,False,,0.0,6.14,0.0,631.9,638.04,1
660,fastfouriertransform,large,warm,200,25.73,25.72,0.01,4.72,21.0,False,,0.0,3.88,0.0,0.83,4.72,1
661,fetchdata,small,warm,200,138.84,138.83,0.01,131.68,7.15,False,131.65,0.0,0.02,0.0,,131.68,1
662,fastfouriertransform,large,warm,200,27.28,27.27,0.01,7.29,19.98,False,,0.0,6.13,0.0,1.16,7.29,1
663,fetchdata,large,warm,200,87.63,87.63,0.01,81.46,6.17,False,81.43,0.0,0.02,0.0,,81.46,1
664,fastfouriertransform,medium,warm,200,649.34,649.34,0.01,628.2,21.13,False,,0.0,6.14,0.0,622.06,628.2,1
665,fetchdata,large,warm,200,88.44,88.43,0.01,82.08,6.35,False,82.05,0.0,0.02,0.0,,82.08,1
666,linpack,large,warm,200,228.3,228.29,0.01,8.03,220.26,False,,0.0,0.51,6.38,1.14,8.03,1
667,fastfouriertransform,medium,warm,200,653.66,653.66,0.01,633.62,20.04,False,,0.0,6.14,0.0,627.47,633.62,1
668,fetchdata,medium,warm,200,89.44,89.43,0.01,82.82,6.61,False,82.79,0.0,0.02,0.0,,82.82,1
669,fastfouriertransform,large,warm,200,24.1,24.1,0.01,4.63,19.46,False,,0.0,3.86,0.0,0.76,4.63,1
670,genmatrix,small,warm,200,9.4,7.92,1.48,0.14,7.78,False,,0.0,0.02,,0.12,0.14,1
671,linpack,small,warm,200,21.82,21.81,0.01,7.99,13.82,False,,0.0,0.51,6.33,1.14,7.99,1
672,fastfouriertransform,medium,warm,200,657.54,657.54,0.01,637.33,20.2,False,,0.0,6.16,0.0,631.17,637.33,1
673,fetchdata,small,warm,200,92.07,92.06,0.01,85.93,6.13,False,85.9,0.0,0.02,0.0,,85.93,1
674,fetchdata,large,warm,200,90.85,90.85,0.01,84.5,6.35,False,84.47,0.0,0.02,0.0,,84.5,1
675,genmatrix,medium,warm,200,16.82,13.44,3.38,0.3,13.14,False,,0.0,0.03,,0.27,0.3,1
676,fastfouriertransform,large,warm,200,27.63,27.62,0.01,7.37,20.25,False,,0.0,6.19,0.0,1.18,7.37,1
677,fetchdata,small,warm,200,136.06,136.05,0.01,129.33,6.72,False,129.3,0.0,0.02,0.0,,129.33,1
678,genmatrix,medium,warm,200,17.86,13.53,4.33,0.29,13.24,False,,0.0,0.03,,0.26,0.29,1
679,fetchdata,medium,warm,200,88.81,88.8,0.01,82.56,6.25,False,82.53,0.0,0.02,0.0,,82.56,1
680,fetchdata,small,warm,200,86.72,86.71,0.01,81.02,5.69,False,80.99,0.0,0.02,0.0,,81.02,1
681,genmatrix,small,warm,200,9.92,8.15,1.77,0.15,8.0,False,,0.0,0.02,,0.12,0.15,1
682,linpack,small,warm,200,22.28,22.27,0.01,8.01,14.27,False,,0.0,0.52,6.34,1.14,8.0,1
683,genmatrix,large,warm,200,57.18,45.75,11.43,1.22,44.52,False,,0.0,0.02,,1.19,1.22,1
684,fastfouriertransform,small,warm,200,27.51,27.5,0.01,7.46,20.04,False,,0.0,6.22,0.0,1.23,7.46,1
685,genmatrix,medium,warm,200,15.84,12.62,3.22,0.29,12.33,False,,0.0,0.02,,0.26,0.29,1
686,linpack,medium,warm,200,690.63,690.62,0.01,676.65,13.98,False,,0.0,0.51,6.34,669.79,676.64,1
687,fetchdata,small,warm,200,138.45,138.45,0.01,132.33,6.12,False,132.29,0.0,0.02,0.0,,132.32,1
688,fetchdata,medium,warm,200,87.71,87.71,0.01,81.58,6.12,False,81.55,0.0,0.02,0.0,,81.58,1
689,fetchdata,large,warm,200,92.21,92.2,0.01,86.07,6.13,False,86.04,0.0,0.02,0.0,,86.07,1
690,fastfouriertransform,small,warm,200,26.01,26.0,0.01,7.47,18.53,False,,0.0,6.22,0.0,1.24,7.46,1
691,genmatrix,small,warm,200,9.81,8.13,1.68,0.14,7.98,False,,0.0,0.02,,0.12,0.14,1
692,fastfouriertransform,large,warm,200,27.77,27.76,0.01,7.41,20.35,False,,0.0,6.16,0.0,1.24,7.41,1
693,fastfouriertransform,medium,warm,200,658.9,658.9,0.01,638.19,20.7,False,,0.0,6.14,0.0,632.05,638.19,1
694,linpack,large,warm,200,22.0,21.99,0.01,8.0,13.99,False,,0.0,0.51,6.35,1.14,8.0,1
695,linpack,medium,warm,200,685.59,685.58,0.01,671.58,14.0,False,,0.0,0.51,6.32,664.74,671.58,1
696,linpack,medium,warm,200,657.95,657.94,0.01,643.48,14.47,False,,0.0,0.34,3.99,639.15,643.48,1
697,fetchdata,small,warm,200,137.26,137.26,0.01,130.59,6.67,False,130.55,0.0,0.02,0.0,,130.58,1
698,fastfouriertransform,medium,warm,200,868.88,868.87,0.01,643.05,225.82,False,,0.0,6.16,0.0,636.88,643.05,1
699,linpack,small,warm,200,21.7,21.69,0.01,8.04,13.65,False,,0.0,0.51,6.37,1.15,8.04,1
700,fetchdata,large,warm,200,88.85,88.84,0.01,82.69,6.16,False,82.66,0.0,0.02,0.0,,82.68,1
701,linpack,large,warm,200,20.93,20.92,0.01,7.99,12.94,False,,0.0,0.52,6.32,1.14,7.99,1
702,fetchdata,small,warm,200,87.53,87.53,0.01,81.3,6.23,False,81.27,0.0,0.02,0.0,,81.3,1
703,genmatrix,medium,warm,200,16.35,12.92,3.43,0.3,12.62,False,,0.0,0.03,,0.27,0.3,1
704,fastfouriertransform,small,warm,200,25.99,25.98,0.01,7.54,18.44,False,,0.0,6.3,0.0,1.24,7.54,1
705,genmatrix,medium,warm,200,17.03,13.0,4.03,0.29,12.71,False,,0.0,0.02,,0.26,0.29,1
706,genmatrix,small,warm,200,8.86,7.43,1.42,0.17,7.27,False,,0.0,0.02,,0.14,0.17,1
707,fetchdata,medium,warm,200,93.35,93.35,0.01,86.68,6.66,False,86.65,0.0,0.02,0.0,,86.68,1
708,fetchdata,small,warm,200,87.48,87.47,0.01,81.22,6.25,False,81.17,0.0,0.04,0.0,,81.22,1
709,fastfouriertransform,medium,warm,200,657.99,657.98,0.01,638.26,19.72,False,,0.0,6.2,0.0,632.05,638.26,1
710,linpack,small,warm,200,21.52,21.52,0.01,8.03,13.49,False,,0.0,0.51,6.38,1.14,8.03,1
711,genmatrix,medium,warm,200,16.95,13.38,3.57,0.3,13.09,False,,0.0,0.02,,0.27,0.3,1
712,genmatrix,large,warm,200,58.21,45.34,12.87,1.23,44.1,False,,0.0,0.02,,1.2,1.23,1
713,fetchdata,small,warm,200,137.24,137.23,0.01,131.61,5.62,False,131.58,0.0,0.02,0.0,,131.61,1
714,linpack,large,warm,200,229.43,229.42,0.01,8.01,221.41,False,,0.0,0.51,6.35,1.15,8.01,1
715,fastfouriertransform,medium,warm,200,645.34,645.33,0.01,625.33,20.0,False,,0.0,6.2,0.0,619.12,625.33,1
716,fastfouriertransform,medium,warm,200,626.06,626.05,0.01,606.92,19.14,False,,0.0,3.88,0.0,603.03,606.92,1
717,fastfouriertransform,medium,warm,200,623.82,623.81,0.01,604.47,19.33,False,,0.0,3.93,0.0,600.54,604.47,1
718,linpack,large,warm,200,22.05,22.04,0.01,8.0,14.04,False,,0.0,0.51,6.34,1.14,8.0,1
719,linpack,large,warm,200,22.6,22.59,0.01,7.99,14.6,False,,0.0,0.51,6.34,1.14,7.99,1
720,linpack,medium,warm,200,689.86,689.86,0.01,675.25,14.61,False,,0.0,0.52,6.33,668.4,675.25,1
721,fastfouriertransform,medium,warm,200,665.64,665.63,0.01,645.73,19.91,False,,0.0,6.23,0.0,639.49,645.72,1
722,fastfouriertransform,medium,warm,200,622.64,622.64,0.01,603.06,19.58,False,,0.0,3.9,0.0,599.15,603.06,1
723,genmatrix,large,warm,200,59.62,45.78,13.84,1.27,44.51,False,,0.0,0.02,,1.24,1.27,1
724,linpack,large,warm,200,19.65,19.61,0.04,8.03,11.59,False,,0.0,0.51,6.36,1.16,8.03,1
725,fetchdata,small,warm,200,139.81,139.8,0.01,133.13,6.66,False,133.1,0.0,0.02,0.0,,133.13,1
726,linpack,small,warm,200,227.02,227.02,0.01,8.01,219.0,False,,0.0,0.51,6.36,1.14,8.01,1
727,genmatrix,medium,warm,200,17.94,13.29,4.65,0.29,13.0,False,,0.0,0.02,,0.26,0.29,1
728,linpack,large,warm,200,21.23,21.22,0.01,8.01,13.21,False,,0.0,0.51,6.34,1.16,8.01,1
729,fastfouriertransform,medium,warm,200,658.14,658.13,0.01,637.83,20.31,False,,0.0,6.34,0.0,631.48,637.83,1
730,fetchdata,large,warm,200,136.06,136.06,0.01,129.57,6.48,False,129.54,0.0,0.03,0.0,,129.57,1
731,fetchdata,small,warm,200,87.08,87.07,0.01,80.95,6.12,False,80.92,0.0,0.02,0.0,,80.95,1
732,fetchdata,small,warm,200,88.21,88.2,0.01,82.27,5.93,False,82.24,0.0,0.02,0.0,,82.27,1
733,fastfouriertransform,large,warm,200,26.24,26.23,0.01,7.41,18.82,False,,0.0,6.16,0.0,1.24,7.41,1
734,fastfouriertransform,large,warm,200,26.45,26.44,0.01,7.39,19.06,False,,0.0,6.15,0.0,1.23,7.38,1
735,genmatrix,medium,warm,200,16.99,13.4,3.6,0.29,13.1,False,,0.0,0.03,,0.26,0.29,1
736,fetchdata,large,warm,200,93.11,93.1,0.01,86.43,6.67,False,86.4,0.0,0.02,0.0,,86.43,1
737,genmatrix,small,warm,200,9.5,7.68,1.82,0.17,7.51,False,,0.0,0.02,,0.14,0.17,1
738,fastfouriertransform,small,warm,200,27.25,27.24,0.01,7.37,19.87,False,,0.0,6.15,0.0,1.22,7.37,1
739,fetchdata,small,warm,200,88.81,88.81,0.01,81.9,6.91,False,81.86,0.0,0.02,0.0,,81.89,1
740,genmatrix,large,warm,200,60.67,46.07,14.6,1.21,44.87,False,,0.0,0.03,,1.17,1.2,1
741,genmatrix,large,warm,200,60.68,45.67,15.01,1.2,44.47,False,,0.0,0.02,,1.17,1.2,1
742,fastfouriertransform,small,warm,200,24.79,24.78,0.01,7.41,17.37,False,,0.0,6.19,0.0,1.21,7.41,1
743,linpack,medium,warm,200,695.89,695.89,0.01,682.26,13.62,False,,0.0,0.52,6.53,675.21,682.26,1
744,linpack,large,warm,200,18.16,18.15,0.01,5.07,13.08,False,,0.0,0.34,3.99,0.75,5.07,1
745,fetchdata,large,warm,200,92.65,92.64,0.01,85.93,6.72,False,85.9,0.0,0.02,0.0,,85.93,1
746,fetchdata,small,warm,200,136.07,136.06,0.01,129.62,6.44,False,129.59,0.0,0.02,0.0,,129.62,1
747,linpack,small,warm,200,21.5,21.49,0.01,8.02,13.47,False,,0.0,0.52,6.35,1.14,8.01,1
748,linpack,medium,warm,200,693.78,693.77,0.01,680.32,13.45,False,,0.0,0.51,6.32,673.48,680.31,1
749,fetchdata,medium,warm,200,89.66,89.65,0.01,83.2,6.45,False,83.17,0.0,0.02,0.0,,83.2,1
750,fastfouriertransform,medium,warm,200,653.46,653.45,0.01,634.87,18.58,False,,0.0,6.14,0.0,628.73,634.87,1
751,fastfouriertransform,medium,warm,200,623.98,623.97,0.01,604.75,19.22,False,,0.0,3.88,0.0,600.86,604.75,1
752,linpack,medium,warm,200,688.61,688.6,0.01,675.23,13.36,False,,0.0,0.51,6.35,668.37,675.23,1
753,fastfouriertransform,small,warm,200,27.08,27.08,0.01,7.38,19.7,False,,0.0,6.15,0.0,1.21,7.37,1
754,fetchdata,medium,warm,200,89.19,89.18,0.01,82.73,6.45,False,82.7,0.0,0.02,0.0,,82.73,1
755,fastfouriertransform,large,warm,200,26.48,26.47,0.01,7.31,19.16,False,,0.0,6.14,0.0,1.16,7.3,1
756,fastfouriertransform,large,warm,200,27.74,27.74,0.01,7.4,20.33,False,,0.0,6.15,0.0,1.24,7.4,1
757,linpack,medium,warm,200,694.32,694.31,0.01,680.15,14.16,False,,0.0,0.51,6.32,673.32,680.15,1
758,fastfouriertransform,medium,warm,200,663.79,663.78,0.01,643.98,19.8,False,,0.0,6.19,0.0,637.78,643.98,1
759,genmatrix,medium,warm,200,17.44,13.18,4.26,0.31,12.87,False,,0.0,0.02,,0.28,0.31,1
760,linpack,large,warm,200,21.47,21.46,0.01,8.0,13.46,False,,0.0,0.51,6.33,1.16,8.0,1
761,genmatrix,small,warm,200,9.51,7.72,1.79,0.15,7.57,False,,0.0,0.03,,0.12,0.15,1
762,linpack,small,warm,200,21.6,21.59,0.01,8.02,13.57,False,,0.0,0.52,6.36,1.13,8.02,1
763,fetchdata,large,warm,200,140.27,140.27,0.01,133.67,6.6,False,133.64,0.0,0.02,0.0,,133.67,1
764,fastfouriertransform,large,warm,200,26.35,26.34,0.01,7.45,18.89,False,,0.0,6.2,0.0,1.24,7.45,1
765,genmatrix,small,warm,200,9.98,8.14,1.84,0.15,7.99,False,,0.0,0.03,,0.12,0.15,1
766,genmatrix,large,warm,200,57.29,44.11,13.18,1.2,42.91,False,,0.0,0.03,,1.17,1.2,1
767,linpack,medium,warm,200,682.02,682.01,0.01,668.79,13.21,False,,0.0,0.51,6.35,661.93,668.79,1
768,genmatrix,medium,warm,200,17.76,13.07,4.69,0.29,12.77,False,,0.0,0.03,,0.26,0.29,1
769,fetchdata,medium,warm,200,89.01,89.0,0.01,82.38,6.63,False,82.35,0.0,0.02,0.0,,82.38,1
770,linpack,medium,warm,200,686.89,686.88,0.01,675.17,11.71,False,,0.0,0.51,6.32,668.33,675.17,1
771,fetchdata,large,warm,200,87.96,87.96,0.01,81.82,6.14,False,81.79,0.0,0.02,0.0,,81.82,1
772,fastfouriertransform,large,warm,200,26.72,26.72,0.01,7.46,19.25,False,,0.0,6.21,0.0,1.24,7.46,1
773,fetchdata,small,warm,200,88.91,88.9,0.01,82.62,6.28,False,82.59,0.0,0.02,0.0,,82.62,1
774,fetchdata,small,warm,200,88.53,88.53,0.01,82.2,6.33,False,82.17,0.0,0.02,0.0,,82.2,1
775,linpack,medium,warm,200,696.03,696.02,0.01,683.31,12.71,False,,0.0,0.51,6.35,676.44,683.31,1
776,fetchdata,large,warm,200,87.87,87.86,0.01,81.71,6.15,False,81.68,0.0,0.02,0.0,,81.71,1
777,genmatrix,medium,warm,200,14.62,12.41,2.21,0.29,12.12,False,,0.0,0.02,,0.26,0.29,1
778,fastfouriertransform,large,warm,200,25.71,25.7,0.01,7.35,18.35,False,,0.0,6.18,0.0,1.16,7.34,1
779,genmatrix,medium,warm,200,17.16,13.05,4.11,0.31,12.73,False,,0.0,0.02,,0.28,0.31,1
780,fetchdata,large,warm,200,149.06,149.05,0.01,142.4,6.65,False,142.37,0.0,0.02,0.0,,142.4,1
781,linpack,small,warm,200,20.31,20.3,0.01,8.03,12.27,False,,0.0,0.51,6.35,1.16,8.03,1
782,fastfouriertransform,medium,warm,200,661.39,661.38,0.01,641.54,19.84,False,,0.0,6.17,0.0,635.36,641.54,1
783,linpack,large,warm,200,22.1,22.1,0.01,8.07,14.03,False,,0.0,0.51,6.39,1.16,8.06,1
784,fetchdata,small,warm,200,89.75,89.74,0.01,82.48,7.25,False,82.45,0.0,0.03,0.0,,82.48,1
785,fastfouriertransform,large,warm,200,25.34,25.33,0.01,7.37,17.96,False,,0.0,6.15,0.0,1.22,7.37,1
786,linpack,large,warm,200,20.58,20.57,0.01,7.55,13.02,False,,0.0,0.48,5.96,1.11,7.55,1
787,fetchdata,small,warm,200,87.0,86.99,0.01,81.01,5.99,False,80.95,0.0,0.05,0.0,,81.01,1
788,fetchdata,medium,warm,200,88.03,88.02,0.01,81.96,6.05,False,81.93,0.0,0.02,0.0,,81.96,1
789,genmatrix,small,warm,200,7.96,7.3,0.65,0.15,7.16,False,,0.0,0.03,,0.12,0.15,1
790,fetchdata,medium,warm,200,88.73,88.72,0.01,82.4,6.32,False,82.37,0.0,0.02,0.0,,82.4,1
791,genmatrix,small,warm,200,9.41,7.58,1.83,0.15,7.43,False,,0.0,0.03,,0.12,0.15,1
792,genmatrix,small,warm,200,9.52,7.77,1.75,0.15,7.62,False,,0.0,0.03,,0.12,0.15,1
793,fastfouriertransform,medium,warm,200,656.35,656.35,0.01,637.1,19.24,False,,0.0,6.14,0.0,630.95,637.1,1
794,fastfouriertransform,large,warm,200,24.16,24.15,0.01,4.71,19.44,False,,0.0,3.87,0.0,0.83,4.71,1
795,fastfouriertransform,large,warm,200,23.24,23.24,0.01,4.74,18.5,False,,0.0,3.89,0.0,0.85,4.74,1
796,fetchdata,large,warm,200,138.0,137.99,0.01,131.57,6.42,False,131.54,0.0,0.02,0.0,,131.57,1
797,genmatrix,large,warm,200,59.89,45.1,14.79,1.2,43.91,False,,0.0,0.02,,1.17,1.2,1
798,linpack,small,warm,200,21.4,21.39,0.01,8.04,13.35,False,,0.0,0.51,6.38,1.15,8.04,1
799,genmatrix,small,warm,200,8.88,7.39,1.49,0.15,7.24,False,,0.0,0.02,,0.12,0.15,1
800,genmatrix,large,warm,200,72.35,45.52,26.83,1.23,44.28,False,,0.0,0.03,,1.2,1.23,1
801,linpack,small,warm,200,21.13,21.13,0.01,8.03,13.1,False,,0.0,0.51,6.35,1.16,8.03,1
802,linpack,medium,warm,200,691.98,691.98,0.01,678.59,13.39,False,,0.0,0.51,6.33,671.74,678.59,1
803,genmatrix,medium,warm,200,16.85,13.39,3.46,0.29,13.1,False,,0.0,0.03,,0.26,0.29,1
804,fetchdata,large,warm,200,88.7,88.69,0.01,82.31,6.38,False,82.28,0.0,0.02,0.0,,82.31,1
805,linpack,small,warm,200,19.54,19.53,0.01,7.98,11.55,False,,0.0,0.52,6.37,1.09,7.98,1
806,genmatrix,medium,warm,200,18.2,13.3,4.9,0.29,13.01,False,,0.0,0.03,,0.26,0.29,1
807,linpack,small,warm,200,21.26,21.26,0.01,8.14,13.11,False,,0.0,0.51,6.47,1.16,8.14,1
808,fetchdata,large,warm,200,88.3,88.29,0.01,82.09,6.2,False,82.06,0.0,0.02,0.0,,82.09,1
809,linpack,medium,warm,200,689.11,689.1,0.01,676.98,12.12,False,,0.0,0.51,6.36,670.1,676.97,1
810,fetchdata,medium,warm,200,88.61,88.61,0.01,82.44,6.17,False,82.41,0.0,0.02,0.0,,82.44,1
811,linpack,small,warm,200,15.0,14.99,0.01,5.08,9.91,False,,0.0,0.34,3.98,0.75,5.08,1
812,genmatrix,large,warm,200,60.51,45.55,14.97,1.19,44.35,False,,0.0,0.03,,1.16,1.19,1
813,genmatrix,medium,warm,200,16.48,12.82,3.66,0.3,12.52,False,,0.0,0.02,,0.27,0.3,1
814,fastfouriertransform,large,warm,200,33.31,33.3,0.01,7.34,25.96,False,,0.0,6.17,0.0,1.16,7.34,1
815,linpack,medium,warm,200,699.25,699.25,0.01,685.06,14.19,False,,0.0,0.51,6.33,678.22,685.06,1
816,fastfouriertransform,large,warm,200,26.4,26.39,0.01,7.34,19.05,False,,0.0,6.17,0.0,1.17,7.34,1
817,fastfouriertransform,medium,warm,200,659.83,659.82,0.01,640.93,18.9,False,,0.0,6.14,0.0,634.78,640.92,1
818,fastfouriertransform,small,warm,200,22.63,22.62,0.01,4.73,17.89,False,,0.0,3.91,0.0,0.82,4.73,1
819,fetchdata,medium,warm,200,139.64,139.63,0.01,132.94,6.69,False,132.91,0.0,0.03,0.0,,132.94,1
820,genmatrix,medium,warm,200,16.82,13.32,3.5,0.29,13.04,False,,0.0,0.02,,0.26,0.29,1
821,fastfouriertransform,small,warm,200,26.68,26.67,0.01,7.29,19.39,False,,0.0,6.12,0.0,1.16,7.29,1
822,linpack,medium,warm,200,700.16,700.15,0.01,686.14,14.0,False,,0.0,0.53,6.47,679.13,686.14,1
823,fastfouriertransform,medium,warm,200,684.9,684.89,0.01,642.81,42.07,False,,0.0,6.12,0.0,636.69,642.81,1
824,fastfouriertransform,medium,warm,200,622.73,622.72,0.01,603.7,19.01,False,,0.0,3.88,0.0,599.82,603.7,1
825,fetchdata,small,warm,200,89.76,89.76,0.01,83.14,6.62,False,83.11,0.0,0.02,0.0,,83.14,1
826,linpack,small,warm,200,21.24,21.23,0.01,8.13,13.1,False,,0.0,0.52,6.45,1.16,8.13,1
827,fetchdata,small,warm,200,88.42,88.41,0.01,82.04,6.38,False,82.01,0.0,0.02,0.0,,82.04,1
828,fastfouriertransform,medium,warm,200,661.21,661.2,0.01,642.48,18.73,False,,0.0,6.15,0.0,636.31,642.48,1
829,fastfouriertransform,large,warm,200,23.02,23.02,0.01,4.67,18.35,False,,0.0,3.87,0.0,0.79,4.66,1
830,fetchdata,small,warm,200,89.12,89.11,0.01,82.57,6.53,False,82.54,0.0,0.02,0.0,,82.57,1
831,genmatrix,small,warm,200,9.71,7.89,1.81,0.14,7.75,False,,0.0,0.03,,0.12,0.14,1
832,fetchdata,medium,warm,200,88.56,88.56,0.01,82.36,6.2,False,82.33,0.0,0.02,0.0,,82.36,1
833,genmatrix,large,warm,200,58.76,45.51,13.24,1.24,44.28,False,,0.0,0.02,,1.21,1.24,1
834,linpack,medium,warm,200,718.66,718.65,0.01,705.87,12.79,False,,0.0,0.51,6.33,699.03,705.87,1
835,fastfouriertransform,small,warm,200,26.79,26.78,0.01,7.36,19.43,False,,0.0,6.18,0.0,1.17,7.36,1
836,fastfouriertransform,medium,warm,200,655.8,655.79,0.01,636.58,19.21,False,,0.0,6.39,0.0,630.19,636.58,1
837,genmatrix,small,warm,200,9.55,8.11,1.44,0.15,7.97,False,,0.0,0.02,,0.12,0.15,1
838,linpack,small,warm,200,20.83,20.82,0.01,7.99,12.83,False,,0.0,0.52,6.33,1.13,7.99,1
839,fetchdata,small,warm,200,139.94,139.94,0.01,133.18,6.75,False,133.15,0.0,0.02,0.0,,133.18,1
840,fetchdata,small,warm,200,89.21,89.21,0.01,82.58,6.62,False,82.55,0.0,0.02,0.0,,82.58,1
841,fastfouriertransform,small,warm,200,26.16,26.15,0.01,7.38,18.77,False,,0.0,6.13,0.0,1.24,7.38,1
842,linpack,large,warm,200,21.32,21.32,0.01,7.98,13.34,False,,0.0,0.51,6.33,1.13,7.98,1
843,linpack,small,warm,200,21.41,21.4,0.01,7.98,13.42,False,,0.0,0.51,6.33,1.14,7.98,1
844,fastfouriertransform,medium,warm,200,661.39,661.38,0.01,642.39,18.99,False,,0.0,6.14,0.0,636.24,642.39,1
845,fastfouriertransform,large,warm,200,23.81,23.8,0.01,4.65,19.15,False,,0.0,3.89,0.0,0.76,4.65,1
846,genmatrix,large,warm,200,57.92,44.71,13.21,1.24,43.47,False,,0.0,0.03,,1.21,1.24,1
847,genmatrix,medium,warm,200,17.37,13.07,4.3,0.29,12.78,False,,0.0,0.03,,0.26,0.29,1
848,linpack,small,warm,200,20.6,20.59,0.01,7.97,12.62,False,,0.0,0.51,6.33,1.13,7.97,1
849,fetchdata,small,warm,200,88.86,88.85,0.01,82.52,6.33,False,82.49,0.0,0.02,0.0,,82.52,1
850,linpack,small,warm,200,20.23,20.23,0.01,8.0,12.23,False,,0.0,0.51,6.35,1.14,8.0,1
851,fastfouriertransform,large,warm,200,26.42,26.42,0.01,7.36,19.06,False,,0.0,6.14,0.0,1.2,7.36,1
852,fetchdata,small,warm,200,137.95,137.94,0.01,131.38,6.56,False,131.35,0.0,0.02,0.0,,131.38,1
853,fastfouriertransform,medium,warm,200,660.94,660.93,0.01,642.52,18.41,False,,0.0,6.29,0.0,636.22,642.52,1
854,linpack,small,warm,200,21.05,21.04,0.01,7.98,13.05,False,,0.0,0.51,6.33,1.14,7.98,1
855,linpack,medium,warm,200,699.72,699.71,0.01,685.38,14.34,False,,0.0,0.51,6.29,678.57,685.38,1
856,fetchdata,large,warm,200,140.31,140.31,0.01,133.85,6.46,False,133.82,0.0,0.02,0.0,,133.85,1
857,fastfouriertransform,medium,warm,200,645.05,645.04,0.01,620.09,24.95,False,,0.0,6.15,0.0,613.94,620.09,1
858,fastfouriertransform,medium,warm,200,623.29,623.28,0.01,604.34,18.94,False,,0.0,3.88,0.0,600.45,604.34,1
859,genmatrix,large,warm,200,60.46,45.97,14.49,1.19,44.78,False,,0.0,0.02,,1.16,1.19,1
860,fastfouriertransform,large,warm,200,26.38,26.38,0.01,7.39,18.99,False,,0.0,6.16,0.0,1.22,7.39,1
861,fetchdata,small,warm,200,87.86,87.85,0.01,81.3,6.56,False,81.26,0.0,0.02,0.0,,81.29,1
862,fastfouriertransform,medium,warm,200,661.94,661.94,0.01,642.79,19.14,False,,0.0,6.15,0.0,636.63,642.79,1
863,fetchdata,large,warm,200,88.19,88.18,0.01,81.79,6.39,False,81.75,0.0,0.02,0.0,,81.78,1
864,genmatrix,large,warm,200,55.33,46.11,9.21,1.22,44.9,False,,0.0,0.03,,1.19,1.22,1
865,linpack,large,warm,200,21.0,21.0,0.01,8.01,12.98,False,,0.0,0.52,6.33,1.16,8.01,1
866,linpack,large,warm,200,21.91,21.9,0.01,8.12,13.78,False,,0.0,0.52,6.43,1.15,8.12,1
867,genmatrix,small,warm,200,9.34,7.67,1.67,0.15,7.52,False,,0.0,0.02,,0.12,0.15,1
868,fastfouriertransform,large,warm,200,27.05,27.04,0.01,7.4,19.64,False,,0.0,6.15,0.0,1.24,7.39,1
869,linpack,small,warm,200,22.35,22.34,0.01,8.07,14.27,False,,0.0,0.54,6.38,1.15,8.07,1
870,fetchdata,small,warm,200,89.18,89.17,0.01,82.63,6.55,False,82.6,0.0,0.02,0.0,,82.63,1
871,fastfouriertransform,small,warm,200,25.28,25.28,0.01,7.35,17.93,False,,0.0,6.17,0.0,1.18,7.35,1
872,fastfouriertransform,medium,warm,200,661.96,661.95,0.01,642.81,19.15,False,,0.0,6.15,0.0,636.64,642.8,1
873,fetchdata,large,warm,200,140.67,140.66,0.01,133.83,6.83,False,133.8,0.0,0.02,0.0,,133.83,1
874,linpack,large,warm,200,20.65,20.64,0.01,8.03,12.62,False,,0.0,0.51,6.36,1.16,8.03,1
875,linpack,medium,warm,200,698.36,698.35,0.01,684.6,13.75,False,,0.0,0.52,6.32,677.75,684.6,1
876,fastfouriertransform,large,warm,200,26.19,26.19,0.01,7.34,18.85,False,,0.0,6.17,0.0,1.16,7.34,1
877,genmatrix,medium,warm,200,17.71,13.6,4.11,0.3,13.3,False,,0.0,0.02,,0.27,0.3,1
878,fetchdata,small,warm,200,87.66,87.65,0.01,81.5,6.15,False,81.47,0.0,0.02,0.0,,81.5,1
879,fetchdata,medium,warm,200,88.01,88.0,0.01,81.52,6.49,False,81.49,0.0,0.02,0.0,,81.52,1
880,fastfouriertransform,medium,warm,200,661.53,661.52,0.01,642.82,18.7,False,,0.0,6.14,0.0,636.67,642.82,1
881,linpack,medium,warm,200,682.58,682.58,0.01,669.31,13.27,False,,0.0,0.51,6.43,662.36,669.31,1
882,linpack,medium,warm,200,661.55,661.54,0.01,647.88,13.66,False,,0.0,0.33,3.98,643.56,647.87,1
883,fetchdata,small,warm,200,134.31,134.3,0.01,127.65,6.65,False,127.62,0.0,0.02,0.0,,127.65,1
884,linpack,large,warm,200,21.44,21.43,0.01,7.99,13.44,False,,0.0,0.51,6.32,1.15,7.99,1
885,linpack,medium,warm,200,697.0,696.99,0.01,683.6,13.39,False,,0.0,0.51,6.33,676.75,683.6,1
886,fetchdata,small,warm,200,88.17,88.16,0.01,81.69,6.47,False,81.66,0.0,0.02,0.0,,81.69,1
887,linpack,small,warm,200,16.38,16.37,0.01,5.06,11.31,False,,0.0,0.33,3.98,0.74,5.06,1
888,linpack,large,warm,200,21.35,21.34,0.01,8.0,13.34,False,,0.0,0.51,6.34,1.14,8.0,1
889,genmatrix,large,warm,200,61.19,46.81,14.38,1.23,45.58,False,,0.0,0.02,,1.2,1.23,1
890,fetchdata,medium,warm,200,151.48,151.47,0.01,145.36,6.11,False,145.33,0.0,0.02,0.0,,145.36,1
891,fastfouriertransform,small,warm,200,24.94,24.94,0.01,7.36,17.58,False,,0.0,6.2,0.0,1.15,7.36,1
892,fetchdata,large,warm,200,87.96,87.95,0.01,81.75,6.2,False,81.72,0.0,0.02,0.0,,81.75,1
893,fetchdata,medium,warm,200,88.16,88.15,0.01,82.01,6.14,False,81.98,0.0,0.02,0.0,,82.01,1
894,linpack,large,warm,200,19.19,19.18,0.01,7.99,11.19,False,,0.0,0.51,6.34,1.14,7.99,1
895,linpack,small,warm,200,21.45,21.44,0.01,8.01,13.43,False,,0.0,0.51,6.36,1.14,8.0,1
896,linpack,medium,warm,200,693.33,693.32,0.01,680.26,13.05,False,,0.0,0.51,6.36,673.39,680.26,1
897,linpack,small,warm,200,18.01,18.0,0.01,5.07,12.93,False,,0.0,0.33,3.99,0.75,5.07,1
898,fetchdata,large,warm,200,88.4,88.39,0.01,81.86,6.53,False,81.83,0.0,0.02,0.0,,81.86,1
899,linpack,medium,warm,200,713.88,713.87,0.01,701.96,11.92,False,,0.0,0.51,6.36,695.09,701.96,1
900,fastfouriertransform,small,warm,200,26.57,26.56,0.01,7.35,19.21,False,,0.0,6.16,0.0,1.18,7.35,1
901,linpack,medium,warm,200,658.27,658.25,0.01,644.15,14.11,False,,0.0,0.33,3.99,639.82,644.15,1
902,genmatrix,small,warm,200,9.14,7.86,1.27,0.15,7.72,False,,0.0,0.02,,0.12,0.15,1
903,genmatrix,large,warm,200,60.74,45.56,15.18,1.27,44.29,False,,0.0,0.03,,1.24,1.27,1
904,linpack,small,warm,200,21.35,21.35,0.01,8.01,13.33,False,,0.0,0.51,6.36,1.14,8.01,1
905,genmatrix,small,warm,200,9.51,7.71,1.8,0.17,7.55,False,,0.0,0.02,,0.14,0.17,1
906,genmatrix,large,warm,200,59.12,43.68,15.44,1.27,42.41,False,,0.0,0.03,,1.24,1.27,1
907,fetchdata,medium,warm,200,144.95,144.94,0.01,138.55,6.4,False,138.51,0.0,0.02,0.0,,138.55,1
908,linpack,large,warm,200,19.9,19.89,0.01,8.01,11.88,False,,0.0,0.51,6.35,1.15,8.01,1
909,fastfouriertransform,large,warm,200,26.57,26.56,0.01,7.34,19.22,False,,0.0,6.16,0.0,1.17,7.34,1
910,genmatrix,large,warm,200,58.05,46.14,11.91,1.27,44.87,False,,0.0,0.02,,1.24,1.27,1
911,linpack,medium,warm,200,681.05,681.04,0.01,667.54,13.5,False,,0.0,0.51,6.33,660.7,667.54,1
912,fetchdata,medium,warm,200,89.04,89.03,0.01,82.43,6.6,False,82.4,0.0,0.02,0.0,,82.43,1
913,fastfouriertransform,large,warm,200,24.53,24.53,0.01,7.32,17.2,False,,0.0,6.15,0.0,1.17,7.32,1
914,genmatrix,large,warm,200,59.03,45.5,13.53,1.22,44.28,False,,0.0,0.02,,1.19,1.22,1
915,fetchdata,medium,warm,200,132.51,132.51,0.01,126.26,6.24,False,126.23,0.0,0.02,0.0,,126.26,1
916,fetchdata,large,warm,200,87.81,87.81,0.01,81.6,6.2,False,81.57,0.0,0.02,0.0,,81.6,1
917,fetchdata,small,warm,200,86.87,86.86,0.01,81.42,5.44,False,81.39,0.0,0.02,0.0,,81.42,1
918,fastfouriertransform,small,warm,200,24.52,24.51,0.01,7.36,17.16,False,,0.0,6.17,0.0,1.18,7.35,1
919,genmatrix,medium,warm,200,17.25,13.18,4.07,0.3,12.88,False,,0.0,0.03,,0.27,0.3,1
920,linpack,large,warm,200,21.69,21.68,0.01,7.99,13.69,False,,0.0,0.51,6.33,1.15,7.98,1
921,fastfouriertransform,medium,warm,200,664.02,664.01,0.01,644.7,19.31,False,,0.0,6.14,0.0,638.55,644.69,1
922,fetchdata,large,warm,200,89.86,89.84,0.02,83.26,6.58,False,83.23,0.0,0.02,0.0,,83.26,1
923,linpack,small,warm,200,19.87,19.87,0.01,8.47,11.4,False,,0.0,0.51,6.35,1.61,8.47,1
924,fetchdata,large,warm,200,137.21,137.2,0.01,131.96,5.25,False,131.93,0.0,0.02,0.0,,131.96,1
925,linpack,small,warm,200,20.34,20.33,0.01,8.0,12.33,False,,0.0,0.51,6.35,1.14,8.0,1
926,fastfouriertransform,small,warm,200,26.1,26.09,0.01,7.35,18.74,False,,0.0,6.17,0.0,1.17,7.35,1
927,fastfouriertransform,medium,warm,200,647.48,647.47,0.01,628.9,18.57,False,,0.0,6.18,0.0,622.71,628.9,1
928,genmatrix,large,warm,200,56.25,43.86,12.39,1.26,42.61,False,,0.0,0.03,,1.23,1.26,1
929,linpack,small,warm,200,20.68,20.67,0.01,8.01,12.66,False,,0.0,0.51,6.36,1.14,8.01,1
930,fetchdata,large,warm,200,88.14,88.13,0.01,81.71,6.42,False,81.68,0.0,0.02,0.0,,81.71,1
931,fetchdata,large,warm,200,136.37,136.36,0.01,130.03,6.33,False,130.0,0.0,0.02,0.0,,130.03,1
932,fastfouriertransform,large,warm,200,25.52,25.51,0.01,7.33,18.18,False,,0.0,6.17,0.0,1.15,7.33,1
933,fetchdata,medium,warm,200,87.72,87.71,0.01,81.77,5.94,False,81.74,0.0,0.02,0.0,,81.77,1
934,genmatrix,large,warm,200,60.74,46.07,14.67,1.2,44.88,False,,0.0,0.03,,1.17,1.2,1
935,genmatrix,medium,warm,200,34.34,13.0,21.33,0.3,12.71,False,,0.0,0.02,,0.27,0.3,1
936,genmatrix,small,warm,200,9.52,7.73,1.8,0.15,7.58,False,,0.0,0.03,,0.12,0.15,1
937,genmatrix,small,warm,200,8.97,7.58,1.39,0.16,7.42,False,,0.0,0.02,,0.13,0.16,1
938,genmatrix,medium,warm,200,17.3,13.03,4.27,0.3,12.72,False,,0.0,0.03,,0.27,0.3,1
939,fastfouriertransform,medium,warm,200,659.8,659.78,0.01,640.3,19.49,False,,0.0,6.18,0.0,634.11,640.3,1
940,fetchdata,medium,warm,200,140.45,140.44,0.01,133.47,6.97,False,133.44,0.0,0.02,0.0,,133.47,1
941,genmatrix,large,warm,200,63.18,46.33,16.85,1.27,45.06,False,,0.0,0.03,,1.23,1.26,1
942,fastfouriertransform,small,warm,200,33.24,33.24,0.01,7.4,25.84,False,,0.0,6.16,0.0,1.23,7.4,1
943,fetchdata,medium,warm,200,88.28,88.27,0.01,81.55,6.71,False,81.52,0.0,0.02,0.0,,81.55,1
944,linpack,large,warm,200,21.19,21.18,0.01,8.01,13.17,False,,0.0,0.51,6.35,1.14,8.01,1
945,linpack,medium,warm,200,691.28,691.27,0.01,678.02,13.25,False,,0.0,0.53,6.36,671.13,678.02,1
946,fastfouriertransform,small,warm,200,25.75,25.74,0.01,7.41,18.33,False,,0.0,6.18,0.0,1.22,7.41,1
947,fetchdata,large,warm,200,88.19,88.18,0.01,81.72,6.46,False,81.69,0.0,0.02,0.0,,81.72,1
948,fastfouriertransform,medium,warm,200,657.09,657.09,0.01,639.63,17.46,False,,0.0,6.22,0.0,633.4,639.63,1
949,linpack,large,warm,200,20.12,20.12,0.01,8.0,12.11,False,,0.0,0.51,6.34,1.15,8.0,1
950,fetchdata,small,warm,200,88.42,88.42,0.01,82.0,6.41,False,81.97,0.0,0.02,0.0,,82.0,1
951,genmatrix,small,warm,200,9.95,8.1,1.85,0.15,7.95,False,,0.0,0.03,,0.12,0.15,1
952,linpack,large,warm,200,20.8,20.79,0.01,8.05,12.74,False,,0.0,0.51,6.4,1.13,8.05,1
953,fastfouriertransform,small,warm,200,26.76,26.76,0.01,7.36,19.4,False,,0.0,6.12,0.0,1.23,7.36,1
954,genmatrix,medium,warm,200,16.22,12.88,3.34,0.31,12.58,False,,0.0,0.03,,0.28,0.3,1
955,genmatrix,small,warm,200,8.3,6.45,1.85,0.15,6.3,False,,0.0,0.02,,0.12,0.15,1
956,fetchdata,large,warm,200,139.06,139.05,0.01,132.38,6.67,False,132.35,0.0,0.02,0.0,,132.38,1
957,genmatrix,medium,warm,200,16.03,12.89,3.15,0.3,12.59,False,,0.0,0.03,,0.27,0.3,1
958,fetchdata,small,warm,200,86.75,86.74,0.01,81.17,5.57,False,81.14,0.0,0.02,0.0,,81.17,1
959,fetchdata,small,warm,200,87.23,87.22,0.01,81.92,5.3,False,81.89,0.0,0.02,0.0,,81.92,1
960,fetchdata,small,warm,200,88.1,88.09,0.01,82.07,6.02,False,82.04,0.0,0.02,0.0,,82.07,1
961,fetchdata,large,warm,200,87.36,87.35,0.01,81.24,6.11,False,81.21,0.0,0.02,0.0,,81.24,1
962,fastfouriertransform,large,warm,200,26.04,26.03,0.01,7.43,18.6,False,,0.0,6.19,0.0,1.23,7.43,1
963,genmatrix,large,warm,200,61.68,46.13,15.55,1.24,44.89,False,,0.0,0.02,,1.21,1.24,1
964,genmatrix,small,warm,200,9.23,7.63,1.6,0.15,7.48,False,,0.0,0.03,,0.12,0.15,1
965,fetchdata,large,warm,200,137.5,137.5,0.01,130.89,6.61,False,130.85,0.0,0.02,0.0,,130.88,1
966,fastfouriertransform,small,warm,200,25.85,25.84,0.01,7.41,18.43,False,,0.0,6.18,0.0,1.23,7.41,1
967,fastfouriertransform,small,warm,200,26.66,26.65,0.01,7.41,19.24,False,,0.0,6.17,0.0,1.23,7.41,1
968,fetchdata,large,warm,200,88.21,88.21,0.01,81.68,6.53,False,81.65,0.0,0.03,0.0,,81.68,1
969,genmatrix,large,warm,200,60.73,44.63,16.1,1.22,43.41,False,,0.0,0.03,,1.19,1.22,1
970,linpack,large,warm,200,20.7,20.69,0.01,8.43,12.26,False,,0.0,0.51,6.74,1.18,8.43,1
971,fastfouriertransform,medium,warm,200,659.63,659.62,0.01,640.19,19.43,False,,0.0,6.21,0.0,633.97,640.19,1
972,fetchdata,large,warm,200,140.71,140.7,0.01,133.65,7.05,False,133.62,0.0,0.02,0.0,,133.65,1
973,fetchdata,medium,warm,200,87.92,87.91,0.01,82.03,5.88,False,82.0,0.0,0.02,0.0,,82.03,1
974,genmatrix,large,warm,200,61.69,46.19,15.51,1.2,44.98,False,,0.0,0.03,,1.17,1.2,1
975,linpack,medium,warm,200,900.82,900.82,0.01,683.82,217.0,False,,0.0,0.52,6.36,676.93,683.82,1
976,linpack,small,warm,200,17.87,17.85,0.02,5.06,12.79,False,,0.0,0.33,3.98,0.74,5.06,1
977,fastfouriertransform,small,warm,200,26.83,26.82,0.01,7.45,19.37,False,,0.0,6.2,0.0,1.24,7.45,1
978,linpack,medium,warm,200,682.5,682.49,0.01,669.28,13.21,False,,0.0,0.51,6.35,662.42,669.28,1
979,linpack,medium,warm,200,657.02,657.01,0.01,645.27,11.74,False,,0.0,0.33,3.98,640.95,645.27,1
980,genmatrix,medium,warm,200,16.77,13.25,3.52,0.3,12.95,False,,0.0,0.02,,0.27,0.29,1
981,genmatrix,medium,warm,200,16.93,13.04,3.9,0.32,12.72,False,,0.0,0.03,,0.29,0.32,1
982,fetchdata,large,warm,200,90.32,90.31,0.01,83.57,6.74,False,83.54,0.0,0.02,0.0,,83.57,1
983,fetchdata,medium,warm,200,88.11,88.1,0.01,81.93,6.17,False,81.9,0.0,0.03,0.0,,81.93,1
984,genmatrix,medium,warm,200,16.77,13.18,3.59,0.3,12.88,False,,0.0,0.03,,0.27,0.3,1
985,fastfouriertransform,medium,warm,200,659.26,659.25,0.01,639.69,19.56,False,,0.0,6.17,0.0,633.51,639.69,1
986,genmatrix,medium,warm,200,16.58,12.86,3.72,0.3,12.56,False,,0.0,0.03,,0.27,0.3,1
987,fastfouriertransform,medium,warm,200,626.99,626.98,0.01,608.18,18.8,False,,0.0,3.91,0.0,604.27,608.18,1
988,linpack,small,warm,200,22.27,22.26,0.01,8.02,14.24,False,,0.0,0.51,6.37,1.14,8.02,1
989,genmatrix,small,warm,200,9.94,8.14,1.81,0.15,7.99,False,,0.0,0.02,,0.12,0.15,1
990,fastfouriertransform,medium,warm,200,666.17,666.16,0.01,647.59,18.57,False,,0.0,6.17,0.0,641.41,647.59,1
991,linpack,large,warm,200,21.16,21.15,0.01,7.98,13.17,False,,0.0,0.51,6.33,1.14,7.98,1
992,linpack,small,warm,200,21.51,21.51,0.01,8.03,13.47,False,,0.0,0.52,6.37,1.14,8.03,1
993,genmatrix,medium,warm,200,17.08,13.38,3.71,0.31,13.07,False,,0.0,0.03,,0.28,0.3,1
994,fetchdata,small,warm,200,139.13,139.12,0.01,132.56,6.56,False,132.52,0.0,0.03,0.0,,132.56,1
995,genmatrix,medium,warm,200,105.59,13.02,92.58,0.3,12.72,False,,0.0,0.03,,0.27,0.3,1
996,linpack,medium,warm,200,695.22,695.22,0.01,682.17,13.05,False,,0.0,0.48,5.96,675.72,682.17,1
997,fetchdata,medium,warm,200,135.67,135.66,0.01,129.2,6.46,False,129.17,0.0,0.02,0.0,,129.2,1
998,fastfouriertransform,small,warm,200,24.57,24.56,0.01,7.39,17.17,False,,0.0,6.17,0.0,1.21,7.39,1
999,linpack,large,warm,200,22.1,22.09,0.01,8.01,14.08,False,,0.0,0.51,6.36,1.14,8.01,1
1000,linpack,small,warm,200,21.57,21.56,0.01,8.01,13.55,False,,0.0,0.51,6.36,1.14,8.01,1
1001,genmatrix,large,warm,200,58.29,45.11,13.18,1.2,43.9,False,,0.0,0.03,,1.17,1.2,1
1002,fetchdata,small,warm,200,88.42,88.42,0.01,82.03,6.38,False,82.0,0.0,0.02,0.0,,82.03,1
1003,fastfouriertransform,medium,warm,200,655.28,655.27,0.01,638.15,17.13,False,,0.0,6.17,0.0,631.97,638.14,1
1004,linpack,large,warm,200,19.33,19.32,0.01,8.07,11.25,False,,0.0,0.51,6.4,1.16,8.07,1
1005,linpack,medium,warm,200,700.47,700.47,0.01,686.76,13.71,False,,0.0,0.51,6.34,679.91,686.76,1
1006,fastfouriertransform,small,warm,200,25.71,25.7,0.01,7.32,18.38,False,,0.0,6.16,0.0,1.15,7.32,1
1007,linpack,small,warm,200,18.22,18.22,0.01,5.07,13.14,False,,0.0,0.33,3.99,0.75,5.07,1
1008,fetchdata,large,warm,200,88.99,88.99,0.01,82.0,6.99,False,81.97,0.0,0.02,0.0,,82.0,1
1009,fetchdata,medium,warm,200,87.44,87.44,0.01,81.61,5.82,False,81.58,0.0,0.02,0.0,,81.61,1
1010,fetchdata,small,warm,200,142.27,142.26,0.01,136.2,6.06,False,136.17,0.0,0.02,0.0,,136.2,1
1011,linpack,small,warm,200,19.93,19.92,0.01,8.01,11.92,False,,0.0,0.51,6.34,1.15,8.01,1
1012,genmatrix,medium,warm,200,21.63,17.79,3.85,0.29,17.49,False,,0.0,0.03,,0.26,0.29,1
1013,fetchdata,small,warm,200,90.37,90.37,0.01,83.37,7.0,False,83.34,0.0,0.02,0.0,,83.37,1
1014,linpack,large,warm,200,20.55,20.55,0.01,7.98,12.57,False,,0.0,0.51,6.32,1.14,7.97,1
1015,linpack,large,warm,200,21.67,21.66,0.01,7.99,13.68,False,,0.0,0.51,6.34,1.14,7.99,1
1016,fetchdata,large,warm,200,88.01,88.0,0.01,81.43,6.57,False,81.4,0.0,0.02,0.0,,81.43,1
1017,fastfouriertransform,small,warm,200,26.21,26.2,0.01,7.48,18.72,False,,0.0,6.22,0.0,1.25,7.48,1
1018,fastfouriertransform,medium,warm,200,652.38,652.37,0.01,632.97,19.41,False,,0.0,6.17,0.0,626.77,632.96,1
1019,fetchdata,medium,warm,200,88.94,88.94,0.01,82.39,6.54,False,82.36,0.0,0.02,0.0,,82.39,1
1020,fetchdata,small,warm,200,88.01,88.01,0.01,81.99,6.02,False,81.96,0.0,0.02,0.0,,81.99,1
1021,genmatrix,large,warm,200,60.15,45.12,15.03,1.25,43.88,False,,0.0,0.02,,1.22,1.24,1
1022,linpack,large,warm,200,21.31,21.31,0.01,7.98,13.33,False,,0.0,0.51,6.32,1.14,7.97,1
1023,fastfouriertransform,small,warm,200,27.29,27.28,0.01,7.41,19.87,False,,0.0,6.17,0.0,1.23,7.41,1
1024,fastfouriertransform,small,warm,200,27.12,27.11,0.01,7.39,19.71,False,,0.0,6.15,0.0,1.23,7.39,1
1025,fetchdata,medium,warm,200,89.61,89.6,0.01,82.6,7.01,False,82.57,0.0,0.02,0.0,,82.6,1
1026,linpack,small,warm,200,20.01,20.0,0.01,8.04,11.96,False,,0.0,0.51,6.38,1.15,8.04,1
1027,genmatrix,medium,warm,200,17.72,13.6,4.12,0.3,13.3,False,,0.0,0.03,,0.27,0.3,1
1028,fetchdata,small,warm,200,140.19,140.18,0.01,133.76,6.41,False,133.73,0.0,0.02,0.0,,133.76,1
1029,linpack,large,warm,200,20.6,20.59,0.01,7.96,12.63,False,,0.0,0.51,6.31,1.14,7.96,1
1030,fetchdata,large,warm,200,86.95,86.94,0.01,80.79,6.15,False,80.76,0.0,0.02,0.0,,80.79,1
1031,fetchdata,large,warm,200,87.63,87.59,0.04,82.03,5.57,False,81.99,0.0,0.02,0.0,,82.02,1
1032,linpack,large,warm,200,274.87,274.87,0.01,8.02,266.85,False,,0.0,0.51,6.35,1.15,8.02,1
1033,fetchdata,medium,warm,200,88.24,88.23,0.01,82.0,6.23,False,81.97,0.0,0.02,0.0,,82.0,1
1034,fastfouriertransform,medium,warm,200,664.91,664.9,0.01,640.74,24.16,False,,0.0,6.17,0.0,634.56,640.74,1
1035,fetchdata,large,warm,200,90.23,90.22,0.01,84.15,6.07,False,84.12,0.0,0.02,0.0,,84.15,1
1036,fastfouriertransform,medium,warm,200,625.12,625.11,0.01,601.34,23.77,False,,0.0,3.88,0.0,597.46,601.34,1
1037,fetchdata,large,warm,200,88.09,88.08,0.01,81.91,6.17,False,81.88,0.0,0.02,0.0,,81.91,1
1038,fastfouriertransform,large,warm,200,28.92,28.91,0.01,7.32,21.58,False,,0.0,6.14,0.0,1.17,7.32,1
1039,linpack,medium,warm,200,689.28,689.28,0.01,674.04,15.24,False,,0.0,0.51,6.31,667.22,674.04,1
1040,genmatrix,large,warm,200,58.29,44.4,13.89,1.27,43.13,False,,0.0,0.03,,1.24,1.27,1
1041,fastfouriertransform,large,warm,200,27.57,27.56,0.01,7.32,20.24,False,,0.0,6.15,0.0,1.16,7.32,1
1042,linpack,small,warm,200,23.43,23.43,0.01,8.16,15.27,False,,0.0,0.56,6.44,1.15,8.16,1
1043,linpack,small,warm,200,22.33,22.32,0.01,7.99,14.33,False,,0.0,0.51,6.32,1.16,7.99,1
1044,genmatrix,small,warm,200,9.74,7.97,1.77,0.15,7.82,False,,0.0,0.03,,0.12,0.15,1
1045,fastfouriertransform,small,warm,200,27.32,27.31,0.01,7.39,19.92,False,,0.0,6.16,0.0,1.22,7.39,1
1046,fastfouriertransform,medium,warm,200,646.49,646.49,0.01,627.26,19.23,False,,0.0,6.15,0.0,621.1,627.26,1
1047,fetchdata,medium,warm,200,138.37,138.36,0.01,131.93,6.43,False,131.9,0.0,0.02,0.0,,131.93,1
1048,genmatrix,medium,warm,200,17.07,13.32,3.74,0.31,13.02,False,,0.0,0.02,,0.28,0.31,1
1049,genmatrix,medium,warm,200,16.38,12.33,4.05,0.32,12.01,False,,0.0,0.02,,0.29,0.32,1
1050,linpack,large,warm,200,22.09,22.08,0.01,7.98,14.11,False,,0.0,0.51,6.33,1.14,7.98,1
1051,fastfouriertransform,large,warm,200,27.39,27.38,0.01,7.4,19.99,False,,0.0,6.16,0.0,1.23,7.39,1
1052,genmatrix,large,warm,200,59.23,44.29,14.94,1.26,43.03,False,,0.0,0.03,,1.23,1.26,1
1053,genmatrix,large,warm,200,58.59,44.34,14.25,1.22,43.12,False,,0.0,0.03,,1.19,1.22,1
1054,fetchdata,large,warm,200,89.14,89.13,0.01,82.7,6.43,False,82.67,0.0,0.02,0.0,,82.7,1
1055,linpack,large,warm,200,19.41,19.4,0.01,7.99,11.41,False,,0.0,0.51,6.35,1.13,7.99,1
1056,linpack,medium,warm,200,915.17,915.17,0.01,691.43,223.74,False,,0.0,0.51,6.37,684.54,691.43,1
1057,genmatrix,medium,warm,200,17.09,13.69,3.39,0.3,13.4,False,,0.0,0.02,,0.27,0.3,1
1058,fetchdata,large,warm,200,88.57,88.57,0.01,82.49,6.08,False,82.46,0.0,0.02,0.0,,82.49,1
1059,fetchdata,large,warm,200,137.07,137.06,0.01,131.08,5.99,False,131.05,0.0,0.02,0.0,,131.08,1
1060,fetchdata,large,warm,200,86.84,86.83,0.01,81.32,5.52,False,81.28,0.0,0.02,0.0,,81.31,1
1061,linpack,small,warm,200,226.4,226.39,0.01,8.04,218.35,False,,0.0,0.51,6.39,1.14,8.04,1
1062,genmatrix,medium,warm,200,16.8,13.42,3.39,0.32,13.09,False,,0.0,0.03,,0.29,0.32,1
1063,fetchdata,small,warm,200,140.27,140.24,0.03,133.92,6.32,False,133.89,0.0,0.02,0.0,,133.92,1
1064,fetchdata,medium,warm,200,88.58,88.57,0.01,82.08,6.49,False,82.05,0.0,0.02,0.0,,82.08,1
1065,genmatrix,large,warm,200,62.54,46.0,16.54,1.24,44.76,False,,0.0,0.02,,1.21,1.24,1
1066,linpack,medium,warm,200,694.61,694.61,0.01,681.75,12.86,False,,0.0,0.51,6.36,674.87,681.75,1
1067,linpack,medium,warm,200,656.61,656.61,0.01,642.83,13.78,False,,0.0,0.33,3.99,638.5,642.83,1
1068,fetchdata,medium,warm,200,89.2,89.19,0.01,82.86,6.33,False,82.83,0.0,0.02,0.0,,82.86,1
1069,fastfouriertransform,large,warm,200,27.74,27.74,0.01,7.37,20.37,False,,0.0,6.17,0.0,1.19,7.37,1
1070,linpack,medium,warm,200,678.52,678.52,0.01,664.6,13.92,False,,0.0,0.52,6.33,657.74,664.6,1
1071,fetchdata,small,warm,200,88.84,88.84,0.01,82.14,6.69,False,82.11,0.0,0.02,0.0,,82.14,1
1072,fetchdata,small,warm,200,87.97,87.96,0.01,81.45,6.51,False,81.42,0.0,0.02,0.0,,81.45,1
1073,fetchdata,large,warm,200,88.62,88.62,0.01,82.67,5.94,False,82.64,0.0,0.02,0.0,,82.67,1
1074,fastfouriertransform,medium,warm,200,664.65,664.64,0.01,644.61,20.04,False,,0.0,6.16,0.0,638.44,644.6,1
1075,linpack,large,warm,200,21.3,21.29,0.01,8.17,13.13,False,,0.0,0.51,6.51,1.15,8.17,1
1076,fetchdata,large,warm,200,137.05,137.04,0.01,130.87,6.17,False,130.84,0.0,0.02,0.0,,130.87,1
1077,linpack,small,warm,200,19.5,19.49,0.01,7.11,12.38,False,,0.0,0.45,5.62,1.03,7.11,1
1078,genmatrix,large,warm,200,59.76,46.09,13.67,1.25,44.84,False,,0.0,0.03,,1.22,1.25,1
1079,fetchdata,large,warm,200,140.12,140.11,0.01,134.01,6.1,False,133.98,0.0,0.02,0.0,,134.01,1
1080,fetchdata,small,warm,200,88.02,88.01,0.01,81.64,6.37,False,81.61,0.0,0.02,0.0,,81.64,1
1081,fastfouriertransform,large,warm,200,25.49,25.49,0.01,7.33,18.16,False,,0.0,6.16,0.0,1.16,7.33,1
1082,genmatrix,small,warm,200,9.17,7.68,1.5,0.15,7.53,False,,0.0,0.02,,0.12,0.15,1
1083,fastfouriertransform,large,warm,200,27.38,27.38,0.01,7.66,19.71,False,,0.0,6.35,0.0,1.3,7.66,1
1084,genmatrix,large,warm,200,56.19,42.9,13.29,1.22,41.68,False,,0.0,0.02,,1.19,1.22,1
1085,genmatrix,small,warm,200,9.17,7.52,1.65,0.15,7.37,False,,0.0,0.02,,0.12,0.15,1
1086,fastfouriertransform,medium,warm,200,653.32,653.31,0.01,633.88,19.44,False,,0.0,6.16,0.0,627.71,633.87,1
1087,fetchdata,large,warm,200,88.38,88.37,0.01,81.81,6.56,False,81.77,0.0,0.02,0.0,,81.8,1
1088,linpack,small,warm,200,20.16,20.15,0.01,8.03,12.12,False,,0.0,0.51,6.38,1.14,8.03,1
1089,genmatrix,small,warm,200,8.86,7.82,1.04,0.15,7.67,False,,0.0,0.03,,0.12,0.15,1
1090,genmatrix,medium,warm,200,14.84,12.25,2.59,0.3,11.96,False,,0.0,0.02,,0.27,0.29,1
1091,linpack,medium,warm,200,904.03,904.02,0.01,684.31,219.71,False,,0.0,0.51,6.38,677.41,684.31,1
1092,genmatrix,medium,warm,200,17.19,13.06,4.13,0.29,12.77,False,,0.0,0.02,,0.26,0.29,1
1093,fetchdata,medium,warm,200,136.12,136.11,0.01,129.67,6.45,False,129.64,0.0,0.02,0.0,,129.67,1
1094,fastfouriertransform,small,warm,200,26.9,26.89,0.01,7.38,19.51,False,,0.0,6.16,0.0,1.21,7.38,1
1095,genmatrix,large,warm,200,57.91,45.43,12.48,1.28,44.15,False,,0.0,0.03,,1.25,1.28,1
1096,fastfouriertransform,small,warm,200,27.32,27.31,0.01,7.41,19.9,False,,0.0,6.2,0.0,1.2,7.41,1
1097,linpack,small,warm,200,229.02,229.02,0.01,8.01,221.01,False,,0.0,0.51,6.35,1.14,8.01,1
1098,fastfouriertransform,medium,warm,200,660.5,660.5,0.01,640.73,19.77,False,,0.0,6.16,0.0,634.56,640.73,1
1099,linpack,small,warm,200,19.84,19.83,0.01,8.1,11.73,False,,0.0,0.51,6.34,1.24,8.1,1
1100,fetchdata,small,warm,200,140.2,140.2,0.01,133.68,6.51,False,133.65,0.0,0.02,0.0,,133.68,1
1101,fastfouriertransform,medium,warm,200,702.19,702.19,0.01,683.88,18.31,False,,0.0,6.14,0.0,677.73,683.88,1
1102,fastfouriertransform,medium,warm,200,621.56,621.55,0.01,602.84,18.71,False,,0.0,3.87,0.0,598.96,602.84,1
1103,fetchdata,medium,warm,200,88.89,88.88,0.01,82.1,6.78,False,82.07,0.0,0.02,0.0,,82.1,1
1104,linpack,small,warm,200,20.76,20.75,0.01,8.0,12.74,False,,0.0,0.51,6.35,1.14,8.0,1
1105,linpack,medium,warm,200,858.56,858.55,0.01,681.95,176.6,False,,0.0,0.51,6.36,675.08,681.95,1
1106,genmatrix,small,warm,200,9.87,8.17,1.7,0.15,8.02,False,,0.0,0.02,,0.12,0.15,1
1107,fetchdata,small,warm,200,88.32,88.31,0.01,81.51,6.8,False,81.48,0.0,0.02,0.0,,81.51,1
1108,linpack,large,warm,200,20.64,20.63,0.01,7.98,12.65,False,,0.0,0.51,6.33,1.14,7.98,1
1109,fetchdata,large,warm,200,134.44,134.43,0.01,128.46,5.97,False,128.42,0.0,0.02,0.0,,128.45,1
1110,genmatrix,small,warm,200,10.36,8.55,1.81,0.15,8.4,False,,0.0,0.03,,0.12,0.15,1
1111,fetchdata,medium,warm,200,88.96,88.95,0.01,82.39,6.57,False,82.36,0.0,0.02,0.0,,82.39,1
1112,genmatrix,small,warm,200,8.92,7.32,1.6,0.15,7.17,False,,0.0,0.02,,0.12,0.15,1
1113,linpack,medium,warm,200,697.72,697.71,0.01,683.96,13.75,False,,0.0,0.51,6.33,677.12,683.96,1
1114,fetchdata,small,warm,200,88.54,88.54,0.01,81.99,6.55,False,81.96,0.0,0.02,0.0,,81.99,1
1115,linpack,large,warm,200,16.4,16.39,0.01,5.09,11.3,False,,0.0,0.34,4.0,0.75,5.09,1
1116,fastfouriertransform,small,warm,200,27.5,27.49,0.01,7.3,20.2,False,,0.0,6.13,0.0,1.16,7.29,1
1117,genmatrix,medium,warm,200,16.18,13.12,3.06,0.33,12.79,False,,0.0,0.02,,0.3,0.33,1
1118,fetchdata,small,warm,200,141.27,141.25,0.02,134.43,6.82,False,134.4,0.0,0.02,0.0,,134.43,1
1119,fastfouriertransform,medium,warm,200,659.44,659.43,0.01,642.23,17.2,False,,0.0,6.16,0.0,636.06,642.23,1
1120,linpack,small,warm,200,232.59,232.58,0.01,8.12,224.46,False,,0.0,0.51,6.38,1.22,8.12,1
1121,linpack,medium,warm,200,724.82,724.82,0.01,711.23,13.58,False,,0.0,0.51,6.33,704.39,711.23,1
1122,fetchdata,medium,warm,200,88.6,88.59,0.01,82.44,6.15,False,82.41,0.0,0.02,0.0,,82.44,1
1123,fastfouriertransform,medium,warm,200,661.13,661.12,0.01,641.64,19.48,False,,0.0,6.16,0.0,635.48,641.64,1
1124,fetchdata,large,warm,200,87.65,87.64,0.01,81.53,6.11,False,81.5,0.0,0.02,0.0,,81.53,1
1125,genmatrix,small,warm,200,9.5,7.72,1.78,0.15,7.57,False,,0.0,0.02,,0.12,0.15,1
1126,fastfouriertransform,medium,warm,200,645.24,645.23,0.01,624.88,20.35,False,,0.0,6.21,0.0,618.66,624.88,1
1127,fetchdata,small,warm,200,138.36,138.35,0.01,131.29,7.07,False,131.26,0.0,0.02,0.0,,131.29,1
1128,linpack,large,warm,200,20.69,20.68,0.01,8.02,12.66,False,,0.0,0.51,6.37,1.14,8.02,1
1129,fetchdata,large,warm,200,88.74,88.73,0.01,82.84,5.89,False,82.81,0.0,0.02,0.0,,82.84,1
1130,fastfouriertransform,large,warm,200,25.84,25.83,0.01,7.41,18.42,False,,0.0,6.2,0.0,1.2,7.41,1
1131,fetchdata,medium,warm,200,89.59,89.59,0.01,83.34,6.25,False,83.31,0.0,0.02,0.0,,83.34,1
1132,genmatrix,small,warm,200,9.6,7.82,1.78,0.15,7.68,False,,0.0,0.03,,0.12,0.15,1
1133,genmatrix,medium,warm,200,16.5,12.96,3.54,0.3,12.66,False,,0.0,0.02,,0.27,0.3,1
1134,genmatrix,medium,warm,200,17.13,13.19,3.95,0.36,12.82,False,,0.0,0.02,,0.34,0.36,1
1135,fetchdata,medium,warm,200,140.18,140.17,0.01,133.21,6.96,False,133.18,0.0,0.03,0.0,,133.21,1
1136,linpack,large,warm,200,21.48,21.47,0.01,8.03,13.44,False,,0.0,0.51,6.34,1.17,8.03,1
1137,genmatrix,small,warm,200,9.74,7.96,1.78,0.15,7.81,False,,0.0,0.03,,0.12,0.15,1
1138,fastfouriertransform,large,warm,200,26.84,26.83,0.01,7.3,19.53,False,,0.0,6.13,0.0,1.16,7.3,1
1139,linpack,large,warm,200,18.03,18.02,0.01,5.11,12.91,False,,0.0,0.33,4.01,0.76,5.11,1
1140,fetchdata,small,warm,200,89.72,89.71,0.01,83.03,6.68,False,83.0,0.0,0.03,0.0,,83.03,1
1141,fastfouriertransform,small,warm,200,25.24,25.23,0.01,7.32,17.91,False,,0.0,6.15,0.0,1.17,7.32,1
1142,genmatrix,large,warm,200,60.12,46.11,14.01,1.26,44.85,False,,0.0,0.03,,1.22,1.25,1
1143,genmatrix,small,warm,200,8.9,7.09,1.81,0.15,6.94,False,,0.0,0.03,,0.12,0.15,1
1144,fetchdata,large,warm,200,134.95,134.94,0.01,128.32,6.62,False,128.29,0.0,0.02,0.0,,128.32,1
1145,linpack,small,warm,200,20.72,20.71,0.01,8.05,12.66,False,,0.0,0.51,6.37,1.16,8.05,1
1146,genmatrix,large,warm,200,57.57,43.7,13.86,1.25,42.46,False,,0.0,0.03,,1.22,1.25,1
1147,linpack,small,warm,200,22.37,22.36,0.01,8.03,14.33,False,,0.0,0.51,6.35,1.16,8.03,1
1148,linpack,small,warm,200,21.74,21.73,0.01,8.06,13.67,False,,0.0,0.52,6.37,1.16,8.06,1
1149,linpack,small,warm,200,21.45,21.44,0.01,8.03,13.41,False,,0.0,0.51,6.36,1.16,8.03,1
1150,linpack,medium,warm,200,698.44,698.43,0.01,684.43,14.0,False,,0.0,0.52,6.39,677.52,684.43,1
1151,fastfouriertransform,large,warm,200,27.47,27.46,0.01,7.47,19.99,False,,0.0,6.21,0.0,1.25,7.47,1
1152,linpack,large,warm,200,17.96,17.95,0.01,5.11,12.84,False,,0.0,0.34,3.98,0.78,5.11,1
1153,fetchdata,large,warm,200,139.65,139.64,0.01,133.31,6.33,False,133.28,0.0,0.02,0.0,,133.31,1
1154,fastfouriertransform,medium,warm,200,659.82,659.81,0.01,641.47,18.34,False,,0.0,6.18,0.0,635.28,641.47,1
1155,fetchdata,small,warm,200,88.05,88.05,0.01,81.96,6.09,False,81.93,0.0,0.02,0.0,,81.96,1
1156,genmatrix,large,warm,200,60.82,44.63,16.19,1.19,43.44,False,,0.0,0.02,,1.16,1.19,1
1157,fastfouriertransform,small,warm,200,26.14,26.13,0.01,7.42,18.72,False,,0.0,6.19,0.0,1.22,7.42,1
1158,linpack,medium,warm,200,802.66,802.65,0.01,683.67,118.98,False,,0.0,0.51,6.35,676.8,683.67,1
1159,fastfouriertransform,large,warm,200,26.02,26.02,0.01,7.45,18.56,False,,0.0,6.17,0.0,1.27,7.45,1
1160,fastfouriertransform,small,warm,200,27.25,27.24,0.01,7.39,19.84,False,,0.0,6.16,0.0,1.22,7.39,1
1161,linpack,small,warm,200,21.59,21.58,0.01,8.06,13.52,False,,0.0,0.51,6.39,1.16,8.06,1
1162,fetchdata,medium,warm,200,90.14,90.13,0.01,83.63,6.5,False,83.6,0.0,0.02,0.0,,83.63,1
1163,genmatrix,small,warm,200,9.47,7.79,1.68,0.15,7.64,False,,0.0,0.03,,0.12,0.15,1
1164,linpack,medium,warm,200,683.29,683.29,0.01,669.32,13.97,False,,0.0,0.53,6.36,662.43,669.32,1
1165,linpack,medium,warm,200,866.58,866.57,0.01,646.15,220.42,False,,0.0,0.34,3.99,641.82,646.15,1
1166,linpack,medium,warm,200,660.23,660.22,0.01,646.68,13.54,False,,0.0,0.34,4.01,642.33,646.68,1
1167,fastfouriertransform,large,warm,200,26.93,26.93,0.01,7.4,19.53,False,,0.0,6.18,0.0,1.21,7.4,1
1168,genmatrix,large,warm,200,263.61,250.15,13.45,1.23,248.92,False,,0.0,0.03,,1.2,1.23,1
1169,fetchdata,small,warm,200,138.87,138.86,0.01,132.49,6.37,False,132.46,0.0,0.02,0.0,,132.49,1
1170,genmatrix,large,warm,200,59.28,45.36,13.92,1.22,44.13,False,,0.0,0.02,,1.19,1.22,1
1171,linpack,large,warm,200,39.67,39.67,0.01,7.84,31.83,False,,0.0,0.51,6.23,1.09,7.84,1
1172,genmatrix,large,warm,200,58.6,45.54,13.06,1.2,44.34,False,,0.0,0.03,,1.17,1.2,1
1173,genmatrix,small,warm,200,8.75,7.21,1.54,0.17,7.04,False,,0.0,0.03,,0.14,0.17,1
1174,fastfouriertransform,medium,warm,200,648.76,648.75,0.01,624.97,23.77,False,,0.0,6.13,0.0,618.83,624.97,1
1175,linpack,large,warm,200,24.29,24.29,0.01,8.09,16.2,False,,0.0,0.51,6.4,1.17,8.09,1
1176,linpack,large,warm,200,23.23,23.22,0.01,8.05,15.17,False,,0.0,0.51,6.36,1.18,8.05,1
1177,linpack,small,warm,200,23.47,23.46,0.01,8.07,15.39,False,,0.0,0.51,6.39,1.17,8.07,1
1178,genmatrix,medium,warm,200,16.32,13.04,3.28,0.29,12.74,False,,0.0,0.03,,0.26,0.29,1
1179,fetchdata,small,warm,200,136.17,136.17,0.01,129.71,6.45,False,129.68,0.0,0.02,0.0,,129.71,1
1180,fetchdata,small,warm,200,88.31,88.31,0.01,81.99,6.32,False,81.95,0.0,0.02,0.0,,81.98,1
1181,fastfouriertransform,small,warm,200,27.29,27.28,0.01,7.55,19.74,False,,0.0,6.28,0.0,1.26,7.54,1
1182,linpack,large,warm,200,23.73,23.72,0.01,8.06,15.66,False,,0.0,0.51,6.38,1.16,8.05,1
1183,fastfouriertransform,small,warm,200,28.32,28.32,0.01,7.41,20.91,False,,0.0,6.18,0.0,1.22,7.41,1
1184,genmatrix,small,warm,200,9.49,8.21,1.28,0.15,8.06,False,,0.0,0.02,,0.12,0.15,1
1185,fastfouriertransform,large,warm,200,26.75,26.74,0.01,7.4,19.34,False,,0.0,6.16,0.0,1.23,7.39,1
1186,fastfouriertransform,medium,warm,200,655.87,655.86,0.01,636.14,19.72,False,,0.0,6.24,0.0,629.89,636.14,1
1187,fastfouriertransform,small,warm,200,24.05,24.04,0.01,4.77,19.27,False,,0.0,3.9,0.0,0.86,4.77,1
1188,fastfouriertransform,medium,warm,200,626.55,626.54,0.01,606.88,19.66,False,,0.0,3.87,0.0,603.01,606.88,1
1189,linpack,small,warm,200,21.83,21.82,0.01,8.21,13.6,False,,0.0,0.51,6.56,1.15,8.21,1
1190,genmatrix,small,warm,200,9.32,7.98,1.35,0.14,7.83,False,,0.0,0.03,,0.12,0.14,1
1191,genmatrix,large,warm,200,58.14,45.97,12.17,1.9,44.07,False,,0.0,0.02,,1.87,1.9,1
1192,fetchdata,small,warm,200,140.83,140.82,0.01,134.04,6.78,False,134.01,0.0,0.02,0.0,,134.04,1
1193,fetchdata,large,warm,200,88.46,88.45,0.01,82.14,6.31,False,82.11,0.0,0.02,0.0,,82.14,1
1194,fetchdata,small,warm,200,87.13,87.13,0.01,81.49,5.64,False,81.46,0.0,0.02,0.0,,81.49,1
1195,fetchdata,small,warm,200,89.61,89.6,0.01,83.53,6.07,False,83.5,0.0,0.02,0.0,,83.53,1
1196,genmatrix,medium,warm,200,17.23,13.34,3.88,0.29,13.05,False,,0.0,0.02,,0.26,0.29,1
1197,fetchdata,medium,warm,200,87.42,87.41,0.01,81.99,5.42,False,81.96,0.0,0.02,0.0,,81.99,1
1198,fastfouriertransform,large,warm,200,25.51,25.5,0.01,7.4,18.1,False,,0.0,6.15,0.0,1.24,7.4,1
1199,genmatrix,large,warm,200,57.94,45.76,12.18,1.2,44.55,False,,0.0,0.02,,1.17,1.2,1
1200,linpack,large,warm,200,21.17,21.16,0.01,8.01,13.16,False,,0.0,0.51,6.35,1.15,8.01,1
1201,linpack,small,warm,200,21.95,21.95,0.01,8.01,13.94,False,,0.0,0.52,6.35,1.14,8.0,1
1202,fetchdata,large,warm,200,88.24,88.23,0.01,81.7,6.53,False,81.67,0.0,0.02,0.0,,81.7,1
1203,linpack,large,warm,200,19.75,19.75,0.01,8.03,11.72,False,,0.0,0.51,6.37,1.15,8.02,1
1204,fetchdata,large,warm,200,88.16,88.15,0.01,81.95,6.2,False,81.92,0.0,0.02,0.0,,81.95,1
1205,linpack,medium,warm,200,684.34,684.33,0.01,670.89,13.44,False,,0.0,0.51,6.33,664.04,670.89,1
1206,genmatrix,medium,warm,200,17.17,13.6,3.57,0.3,13.3,False,,0.0,0.02,,0.27,0.3,1
1207,linpack,small,warm,200,18.5,18.49,0.01,5.07,13.42,False,,0.0,0.33,3.98,0.75,5.07,1
1208,linpack,small,warm,200,54.26,54.25,0.01,8.02,46.23,False,,0.0,0.52,6.35,1.14,8.02,1
1209,genmatrix,medium,warm,200,16.96,13.42,3.54,0.29,13.12,False,,0.0,0.03,,0.26,0.29,1
1210,genmatrix,medium,warm,200,17.07,12.9,4.16,0.29,12.61,False,,0.0,0.02,,0.27,0.29,1
1211,fastfouriertransform,large,warm,200,33.03,33.02,0.01,7.35,25.67,False,,0.0,6.17,0.0,1.18,7.35,1
1212,linpack,medium,warm,200,697.22,697.22,0.01,679.62,17.6,False,,0.0,0.51,6.33,672.76,679.61,1
1213,genmatrix,medium,warm,200,17.88,13.74,4.14,0.29,13.44,False,,0.0,0.03,,0.26,0.29,1
1214,genmatrix,medium,warm,200,16.26,12.71,3.55,0.29,12.42,False,,0.0,0.02,,0.26,0.29,1
1215,genmatrix,medium,warm,200,15.95,12.73,3.22,0.3,12.43,False,,0.0,0.03,,0.27,0.29,1
1216,fastfouriertransform,medium,warm,200,653.57,653.56,0.01,632.94,20.62,False,,0.0,6.13,0.0,626.81,632.94,1
1217,fetchdata,small,warm,200,145.75,145.73,0.02,139.24,6.49,False,139.21,0.0,0.02,0.0,,139.24,1
1218,genmatrix,small,warm,200,9.48,8.15,1.33,0.15,8.0,False,,0.0,0.03,,0.12,0.15,1
1219,fetchdata,medium,warm,200,89.35,89.34,0.01,83.25,6.09,False,83.22,0.0,0.02,0.0,,83.25,1
1220,fastfouriertransform,small,warm,200,27.36,27.35,0.01,7.34,20.01,False,,0.0,6.16,0.0,1.17,7.33,1
1221,genmatrix,large,warm,200,54.96,45.18,9.78,1.24,43.94,False,,0.0,0.02,,1.21,1.24,1
1222,genmatrix,medium,warm,200,16.52,13.17,3.34,0.3,12.88,False,,0.0,0.03,,0.27,0.29,1
1223,genmatrix,medium,warm,200,16.23,13.18,3.05,0.3,12.88,False,,0.0,0.02,,0.27,0.29,1
1224,fetchdata,small,warm,200,88.72,88.71,0.01,82.15,6.56,False,82.12,0.0,0.02,0.0,,82.15,1
1225,genmatrix,small,warm,200,9.13,7.37,1.77,0.15,7.22,False,,0.0,0.02,,0.12,0.15,1
1226,fastfouriertransform,large,warm,200,28.41,28.4,0.01,7.29,21.11,False,,0.0,6.11,0.0,1.18,7.29,1
1227,linpack,small,warm,200,228.34,228.33,0.01,8.48,219.85,False,,0.0,0.51,6.83,1.13,8.48,1
1228,genmatrix,medium,warm,200,17.09,13.3,3.78,0.31,12.99,False,,0.0,0.03,,0.27,0.3,1
1229,genmatrix,large,warm,200,56.35,45.04,11.31,1.22,43.82,False,,0.0,0.02,,1.19,1.22,1
1230,fetchdata,medium,warm,200,95.61,95.61,0.01,88.67,6.93,False,88.64,0.0,0.02,0.0,,88.67,1
1231,linpack,medium,warm,200,679.2,679.19,0.01,665.74,13.46,False,,0.0,0.51,6.34,658.89,665.74,1
1232,fetchdata,medium,warm,200,87.65,87.65,0.01,81.49,6.16,False,81.45,0.0,0.02,0.0,,81.49,1
1233,fetchdata,medium,warm,200,140.02,140.01,0.01,133.68,6.33,False,133.65,0.0,0.02,0.0,,133.68,1
1234,linpack,medium,warm,200,687.95,687.95,0.01,673.43,14.52,False,,0.0,0.51,6.35,666.56,673.42,1
1235,fastfouriertransform,large,warm,200,27.25,27.24,0.01,7.3,19.94,False,,0.0,6.13,0.0,1.16,7.3,1
1236,linpack,medium,warm,200,660.05,660.04,0.01,646.69,13.34,False,,0.0,0.33,3.97,642.38,646.69,1
1237,genmatrix,medium,warm,200,17.79,13.47,4.32,0.29,13.18,False,,0.0,0.02,,0.26,0.29,1
1238,fetchdata,medium,warm,200,90.17,90.16,0.01,83.52,6.65,False,83.49,0.0,0.02,0.0,,83.52,1
1239,fastfouriertransform,large,warm,200,24.53,24.53,0.01,7.32,17.21,False,,0.0,6.14,0.0,1.16,7.31,1
1240,genmatrix,large,warm,200,57.54,46.06,11.48,1.26,44.8,False,,0.0,0.03,,1.23,1.26,1
1241,genmatrix,small,warm,200,8.43,7.07,1.36,0.15,6.91,False,,0.0,0.02,,0.12,0.15,1
1242,fetchdata,large,warm,200,90.03,90.02,0.01,83.22,6.81,False,83.19,0.0,0.02,0.0,,83.22,1
1243,linpack,medium,warm,200,693.88,693.87,0.01,681.69,12.18,False,,0.0,0.51,6.34,674.83,681.69,1
1244,genmatrix,small,warm,200,9.4,8.05,1.35,0.15,7.89,False,,0.0,0.02,,0.12,0.15,1
1245,fetchdata,small,warm,200,90.17,90.17,0.01,83.41,6.75,False,83.38,0.0,0.02,0.0,,83.41,1
1246,linpack,large,warm,200,20.89,20.88,0.01,8.2,12.68,False,,0.0,0.51,6.55,1.14,8.2,1
1247,genmatrix,medium,warm,200,17.06,13.32,3.74,0.33,12.99,False,,0.0,0.03,,0.3,0.33,1
1248,fetchdata,medium,warm,200,89.74,89.73,0.01,83.12,6.61,False,83.09,0.0,0.02,0.0,,83.12,1
1249,linpack,large,warm,200,21.87,21.86,0.01,8.01,13.85,False,,0.0,0.51,6.37,1.13,8.01,1
1250,linpack,medium,warm,200,679.81,679.81,0.01,664.81,15.0,False,,0.0,0.51,6.34,657.95,664.81,1
1251,genmatrix,large,warm,200,60.63,45.94,14.69,1.23,44.71,False,,0.0,0.02,,1.2,1.23,1
1252,fetchdata,small,warm,200,140.55,140.54,0.01,133.78,6.76,False,133.75,0.0,0.02,0.0,,133.78,1
1253,genmatrix,large,warm,200,61.06,45.69,15.37,1.26,44.43,False,,0.0,0.03,,1.23,1.26,1
1254,linpack,small,warm,200,21.31,21.3,0.01,8.01,13.29,False,,0.0,0.51,6.36,1.14,8.01,1
1255,fastfouriertransform,large,warm,200,27.69,27.68,0.01,7.28,20.4,False,,0.0,6.11,0.0,1.16,7.28,1
1256,fastfouriertransform,small,warm,200,27.67,27.66,0.01,7.39,20.28,False,,0.0,6.12,0.0,1.25,7.38,1
1257,fastfouriertransform,small,warm,200,27.69,27.68,0.01,7.38,20.3,False,,0.0,6.14,0.0,1.23,7.37,1
1258,linpack,small,warm,200,22.33,22.32,0.01,8.01,14.31,False,,0.0,0.51,6.36,1.14,8.01,1
1259,genmatrix,small,warm,200,9.33,7.56,1.77,0.15,7.41,False,,0.0,0.03,,0.12,0.15,1
1260,genmatrix,small,warm,200,9.58,7.8,1.78,0.15,7.65,False,,0.0,0.03,,0.12,0.15,1
1261,genmatrix,large,warm,200,57.89,45.96,11.93,1.25,44.7,False,,0.0,0.03,,1.22,1.25,1
1262,linpack,medium,warm,200,694.48,694.47,0.01,681.86,12.61,False,,0.0,0.51,6.35,674.99,681.86,1
1263,fastfouriertransform,large,warm,200,28.01,28.0,0.01,7.39,20.61,False,,0.0,6.13,0.0,1.25,7.39,1
1264,linpack,large,warm,200,225.35,225.35,0.01,5.1,220.25,False,,0.0,0.34,4.0,0.76,5.09,1
1265,linpack,small,warm,200,22.25,22.25,0.01,8.0,14.25,False,,0.0,0.51,6.36,1.13,8.0,1
1266,fastfouriertransform,large,warm,200,232.38,232.37,0.01,7.4,224.97,False,,0.0,6.15,0.0,1.24,7.4,1
1267,linpack,small,warm,200,21.74,21.74,0.01,8.03,13.71,False,,0.0,0.51,6.38,1.14,8.03,1
1268,fastfouriertransform,large,warm,200,28.33,28.33,0.01,7.37,20.95,False,,0.0,6.14,0.0,1.23,7.37,1
1269,fetchdata,large,warm,200,152.89,152.89,0.01,146.2,6.69,False,146.17,0.0,0.02,0.0,,146.2,1
1270,fetchdata,small,warm,200,88.49,88.48,0.01,82.3,6.18,False,82.27,0.0,0.02,0.0,,82.3,1
1271,linpack,small,warm,200,20.3,20.29,0.01,8.03,12.26,False,,0.0,0.51,6.37,1.15,8.03,1
1272,fastfouriertransform,small,warm,200,28.74,28.72,0.02,7.98,20.73,False,,0.0,6.13,0.0,1.85,7.98,1
1273,genmatrix,small,warm,200,9.31,7.97,1.34,0.14,7.83,False,,0.0,0.02,,0.11,0.14,1
1274,genmatrix,large,warm,200,58.24,43.74,14.51,1.26,42.48,False,,0.0,0.02,,1.23,1.26,1
1275,fetchdata,medium,warm,200,90.03,90.02,0.01,83.18,6.84,False,83.13,0.0,0.05,0.0,,83.18,1
1276,fetchdata,medium,warm,200,87.87,87.86,0.01,82.08,5.78,False,82.05,0.0,0.02,0.0,,82.08,1
1277,fastfouriertransform,medium,warm,200,666.05,666.04,0.01,647.92,18.12,False,,0.0,6.14,0.0,641.77,647.92,1
1278,linpack,medium,warm,200,678.97,678.97,0.01,666.03,12.94,False,,0.0,0.51,6.36,659.15,666.02,1
1279,genmatrix,large,warm,200,61.22,46.16,15.06,1.25,44.91,False,,0.0,0.03,,1.21,1.24,1
1280,genmatrix,medium,warm,200,17.39,13.4,3.98,0.29,13.11,False,,0.0,0.02,,0.26,0.29,1
1281,fastfouriertransform,large,warm,200,27.0,26.99,0.01,7.36,19.63,False,,0.0,6.13,0.0,1.23,7.36,1
1282,fastfouriertransform,small,warm,200,27.51,27.51,0.01,7.35,20.15,False,,0.0,6.11,0.0,1.23,7.35,1
1283,linpack,medium,warm,200,689.54,689.53,0.01,675.67,13.86,False,,0.0,0.52,6.34,668.8,675.67,1
1284,linpack,large,warm,200,225.99,225.98,0.01,5.08,220.9,False,,0.0,0.34,3.99,0.74,5.08,1
1285,linpack,small,warm,200,117.64,117.63,0.01,5.1,112.54,False,,0.0,0.34,4.01,0.74,5.1,1
1286,fastfouriertransform,large,warm,200,25.78,25.77,0.01,7.39,18.38,False,,0.0,6.19,0.0,1.19,7.39,1
1287,genmatrix,small,warm,200,9.51,7.8,1.71,0.15,7.66,False,,0.0,0.03,,0.12,0.15,1
1288,linpack,medium,warm,200,695.21,695.2,0.01,681.71,13.49,False,,0.0,0.51,6.32,674.88,681.71,1
1289,fetchdata,large,warm,200,140.53,140.52,0.02,133.73,6.79,False,133.7,0.0,0.02,0.0,,133.72,1
1290,fastfouriertransform,large,warm,200,25.76,25.75,0.01,7.36,18.39,False,,0.0,6.12,0.0,1.23,7.36,1
1291,fastfouriertransform,small,warm,200,27.4,27.39,0.01,7.41,19.98,False,,0.0,6.17,0.0,1.23,7.4,1
1292,genmatrix,large,warm,200,59.08,46.07,13.01,1.28,44.79,False,,0.0,0.05,,1.23,1.28,1
1293,linpack,medium,warm,200,682.99,682.98,0.01,670.32,12.66,False,,0.0,0.51,6.33,663.47,670.32,1
1294,fastfouriertransform,small,warm,200,26.97,26.96,0.01,7.35,19.61,False,,0.0,6.12,0.0,1.22,7.34,1
1295,fetchdata,large,warm,200,88.58,88.57,0.01,81.68,6.89,False,81.65,0.0,0.02,0.0,,81.68,1
1296,fastfouriertransform,small,warm,200,25.48,25.48,0.01,7.4,18.08,False,,0.0,6.17,0.0,1.21,7.39,1
1297,fetchdata,small,warm,200,88.14,88.13,0.01,81.86,6.27,False,81.83,0.0,0.02,0.0,,81.86,1
1298,genmatrix,large,warm,200,61.22,45.83,15.38,1.2,44.63,False,,0.0,0.02,,1.17,1.2,1
1299,genmatrix,large,warm,200,58.91,45.78,13.13,1.24,44.54,False,,0.0,0.02,,1.21,1.24,1
1300,linpack,small,warm,200,20.98,20.97,0.01,8.05,12.92,False,,0.0,0.52,6.35,1.18,8.05,1
1301,fetchdata,small,warm,200,89.11,89.1,0.01,82.57,6.53,False,82.54,0.0,0.02,0.0,,82.57,1
1302,genmatrix,large,warm,200,60.24,46.11,14.14,1.21,44.9,False,,0.0,0.03,,1.18,1.2,1
1303,linpack,large,warm,200,20.62,20.61,0.01,7.99,12.62,False,,0.0,0.51,6.34,1.14,7.99,1
1304,fetchdata,medium,warm,200,89.0,88.99,0.01,82.52,6.47,False,82.49,0.0,0.02,0.0,,82.52,1
1305,genmatrix,large,warm,200,60.86,45.23,15.63,1.27,43.97,False,,0.0,0.03,,1.24,1.27,1
1306,fastfouriertransform,large,warm,200,25.87,25.86,0.01,7.4,18.46,False,,0.0,6.17,0.0,1.22,7.4,1
1307,fetchdata,small,warm,200,137.11,137.1,0.01,130.95,6.15,False,130.92,0.0,0.02,0.0,,130.95,1
1308,fastfouriertransform,medium,warm,200,663.6,663.6,0.01,645.41,18.19,False,,0.0,6.25,0.0,639.15,645.41,1
1309,genmatrix,small,warm,200,9.84,8.02,1.81,0.15,7.87,False,,0.0,0.02,,0.12,0.15,1
1310,fetchdata,large,warm,200,88.76,88.75,0.01,82.29,6.46,False,82.26,0.0,0.02,0.0,,82.29,1
1311,linpack,medium,warm,200,716.43,716.42,0.01,704.28,12.15,False,,0.0,0.51,6.34,697.42,704.28,1
1312,fastfouriertransform,large,warm,200,25.86,25.85,0.01,7.39,18.46,False,,0.0,6.16,0.0,1.22,7.39,1
1313,fetchdata,medium,warm,200,89.21,89.2,0.01,82.95,6.26,False,82.92,0.0,0.02,0.0,,82.95,1
1314,linpack,small,warm,200,18.02,18.02,0.01,8.0,10.01,False,,0.0,0.51,6.35,1.14,8.0,1
1315,fetchdata,large,warm,200,88.48,88.48,0.01,82.18,6.3,False,82.15,0.0,0.02,0.0,,82.18,1
1316,linpack,medium,warm,200,691.84,691.84,0.01,679.51,12.33,False,,0.0,0.51,6.33,672.67,679.51,1
1317,genmatrix,large,warm,200,59.98,45.81,14.17,1.26,44.55,False,,0.0,0.02,,1.23,1.26,1
1318,linpack,small,warm,200,18.42,18.41,0.01,5.06,13.35,False,,0.0,0.33,3.99,0.74,5.06,1
1319,fetchdata,small,warm,200,89.0,88.97,0.03,82.65,6.32,False,82.62,0.0,0.02,0.0,,82.65,1
1320,fastfouriertransform,small,warm,200,26.02,26.02,0.01,7.39,18.63,False,,0.0,6.15,0.0,1.23,7.39,1
1321,fetchdata,small,warm,200,88.45,88.45,0.01,82.54,5.91,False,82.51,0.0,0.02,0.0,,82.54,1
1322,linpack,large,warm,200,19.0,18.99,0.01,8.04,10.95,False,,0.0,0.51,6.35,1.18,8.04,1
1323,genmatrix,large,warm,200,59.27,46.39,12.89,1.24,45.15,False,,0.0,0.02,,1.21,1.24,1
1324,linpack,medium,warm,200,890.43,890.43,0.01,669.62,220.81,False,,0.0,0.52,6.45,662.65,669.62,1
1325,fetchdata,small,warm,200,143.49,143.48,0.01,136.56,6.92,False,136.53,0.0,0.02,0.0,,136.56,1
1326,fastfouriertransform,small,warm,200,26.51,26.51,0.01,7.46,19.04,False,,0.0,6.21,0.0,1.25,7.46,1
1327,fetchdata,medium,warm,200,89.83,89.82,0.01,83.62,6.2,False,83.59,0.0,0.02,0.0,,83.62,1
1328,fetchdata,medium,warm,200,88.4,88.4,0.01,82.17,6.23,False,82.13,0.0,0.02,0.0,,82.16,1
1329,fastfouriertransform,small,warm,200,25.82,25.81,0.01,7.5,18.31,False,,0.0,6.18,0.0,1.32,7.5,1
1330,fastfouriertransform,small,warm,200,26.85,26.84,0.01,7.35,19.49,False,,0.0,6.12,0.0,1.23,7.35,1
1331,linpack,medium,warm,200,696.83,696.82,0.01,684.46,12.37,False,,0.0,0.51,6.34,677.6,684.45,1
1332,linpack,small,warm,200,18.04,18.03,0.01,5.06,12.97,False,,0.0,0.33,3.99,0.74,5.06,1
1333,fastfouriertransform,small,warm,200,26.71,26.7,0.01,7.42,19.28,False,,0.0,6.16,0.0,1.24,7.41,1
1334,fetchdata,large,warm,200,89.13,89.12,0.01,82.84,6.29,False,82.8,0.0,0.02,0.0,,82.83,1
1335,fastfouriertransform,large,warm,200,24.83,24.82,0.01,7.35,17.48,False,,0.0,6.12,0.0,1.22,7.35,1
1336,fetchdata,medium,warm,200,88.78,88.77,0.01,82.19,6.59,False,82.15,0.0,0.02,0.0,,82.18,1
1337,fastfouriertransform,medium,warm,200,640.45,640.44,0.01,621.86,18.58,False,,0.0,6.11,0.0,615.74,621.86,1
1338,linpack,medium,warm,200,694.3,694.29,0.01,680.74,13.55,False,,0.0,0.51,6.35,673.87,680.74,1
1339,fastfouriertransform,large,warm,200,23.77,23.77,0.01,4.64,19.13,False,,0.0,3.87,0.0,0.77,4.64,1
1340,genmatrix,large,warm,200,59.7,46.4,13.31,1.24,45.16,False,,0.0,0.03,,1.21,1.24,1
1341,genmatrix,large,warm,200,59.36,45.97,13.39,1.26,44.71,False,,0.0,0.03,,1.23,1.26,1
1342,linpack,small,warm,200,20.92,20.91,0.01,8.01,12.9,False,,0.0,0.51,6.36,1.15,8.01,1
1343,genmatrix,medium,warm,200,17.29,13.15,4.14,0.3,12.86,False,,0.0,0.03,,0.27,0.29,1
1344,fetchdata,medium,warm,200,140.69,140.68,0.01,133.8,6.88,False,133.77,0.0,0.02,0.0,,133.8,1
1345,linpack,small,warm,200,20.28,20.28,0.01,8.0,12.28,False,,0.0,0.51,6.35,1.14,8.0,1
1346,fastfouriertransform,small,warm,200,24.99,24.99,0.01,7.4,17.58,False,,0.0,6.16,0.0,1.23,7.4,1
1347,linpack,medium,warm,200,691.14,691.13,0.01,676.89,14.24,False,,0.0,0.51,6.3,670.07,676.89,1
1348,linpack,medium,warm,200,657.14,657.13,0.01,643.49,13.64,False,,0.0,0.34,3.99,639.17,643.49,1
1349,linpack,small,warm,200,16.96,16.95,0.01,5.06,11.89,False,,0.0,0.33,3.98,0.74,5.06,1
1350,fetchdata,medium,warm,200,88.01,88.0,0.01,81.73,6.27,False,81.7,0.0,0.02,0.0,,81.73,1
1351,genmatrix,large,warm,200,58.28,46.16,12.12,1.23,44.93,False,,0.0,0.03,,1.2,1.23,1
1352,linpack,large,warm,200,20.81,20.8,0.01,7.99,12.81,False,,0.0,0.51,6.35,1.13,7.99,1
1353,genmatrix,medium,warm,200,17.04,12.97,4.06,0.29,12.68,False,,0.0,0.03,,0.26,0.29,1
1354,fastfouriertransform,small,warm,200,26.62,26.61,0.01,7.4,19.22,False,,0.0,6.15,0.0,1.24,7.4,1
1355,fetchdata,small,warm,200,89.58,89.57,0.01,82.66,6.92,False,82.59,0.03,0.03,0.0,,82.65,1
1356,linpack,medium,warm,200,686.39,686.38,0.01,673.36,13.02,False,,0.0,0.52,6.33,666.5,673.36,1
1357,linpack,medium,warm,200,656.02,656.01,0.01,643.5,12.51,False,,0.0,0.33,3.98,639.18,643.5,1
1358,linpack,medium,warm,200,655.5,655.49,0.01,643.57,11.92,False,,0.0,0.33,3.99,639.25,643.57,1
1359,linpack,large,warm,200,21.19,21.18,0.01,8.09,13.08,False,,0.0,0.51,6.44,1.14,8.09,1
1360,genmatrix,medium,warm,200,17.43,13.56,3.87,0.3,13.26,False,,0.0,0.02,,0.27,0.3,1
1361,fetchdata,large,warm,200,142.24,142.23,0.01,135.61,6.63,False,135.58,0.0,0.02,0.0,,135.61,1
1362,genmatrix,medium,warm,200,16.88,13.01,3.86,0.3,12.71,False,,0.0,0.02,,0.27,0.3,1
1363,fetchdata,small,warm,200,87.73,87.72,0.01,81.85,5.87,False,81.82,0.0,0.02,0.0,,81.85,1
1364,linpack,medium,warm,200,677.98,677.97,0.01,666.21,11.76,False,,0.0,0.51,6.4,659.3,666.21,1
1365,fetchdata,large,warm,200,89.5,89.49,0.01,83.57,5.92,False,83.54,0.0,0.02,0.0,,83.57,1
1366,linpack,large,warm,200,18.14,18.13,0.01,5.08,13.05,False,,0.0,0.33,4.0,0.74,5.08,1
1367,genmatrix,medium,warm,200,219.33,13.69,205.64,0.32,13.37,False,,0.0,0.02,,0.29,0.32,1
1368,linpack,medium,warm,200,694.62,694.61,0.01,680.84,13.77,False,,0.0,0.52,6.33,673.97,680.84,1
1369,linpack,medium,warm,200,657.76,657.75,0.01,644.1,13.65,False,,0.0,0.33,4.06,639.69,644.09,1
1370,fastfouriertransform,large,warm,200,26.21,26.2,0.01,7.4,18.8,False,,0.0,6.15,0.0,1.24,7.4,1
1371,genmatrix,large,warm,200,59.38,46.22,13.16,1.25,44.97,False,,0.0,0.02,,1.22,1.25,1
1372,genmatrix,large,warm,200,58.54,45.17,13.38,1.21,43.95,False,,0.0,0.02,,1.18,1.21,1
1373,fastfouriertransform,large,warm,200,24.72,24.71,0.01,7.44,17.27,False,,0.0,6.21,0.0,1.23,7.44,1
1374,linpack,large,warm,200,21.7,21.7,0.01,8.11,13.59,False,,0.0,0.51,6.4,1.2,8.11,1
1375,genmatrix,medium,warm,200,17.36,13.62,3.74,0.29,13.32,False,,0.0,0.02,,0.26,0.29,1
1376,fetchdata,large,warm,200,89.34,89.33,0.01,82.5,6.83,False,82.47,0.0,0.02,0.0,,82.5,1
1377,fastfouriertransform,medium,warm,200,659.45,659.44,0.01,640.94,18.5,False,,0.0,6.17,0.0,634.76,640.93,1
1378,linpack,small,warm,200,20.52,20.52,0.01,8.02,12.5,False,,0.0,0.51,6.37,1.14,8.02,1
1379,fetchdata,small,warm,200,140.48,140.47,0.01,133.63,6.84,False,133.6,0.0,0.02,0.0,,133.63,1
1380,fetchdata,large,warm,200,87.76,87.75,0.01,81.39,6.37,False,81.35,0.0,0.02,0.0,,81.38,1
1381,genmatrix,large,warm,200,58.91,46.07,12.84,1.23,44.83,False,,0.0,0.02,,1.21,1.23,1
1382,linpack,medium,warm,200,692.18,692.17,0.01,680.21,11.96,False,,0.0,0.51,6.33,673.37,680.21,1
1383,fastfouriertransform,medium,warm,200,658.99,658.98,0.01,639.44,19.54,False,,0.0,6.19,0.0,633.24,639.44,1
1384,linpack,large,warm,200,16.86,16.86,0.01,5.05,11.81,False,,0.0,0.33,3.98,0.73,5.05,1
1385,linpack,large,warm,200,21.87,21.86,0.01,8.08,13.78,False,,0.0,0.51,6.42,1.14,8.08,1
1386,linpack,large,warm,200,20.85,20.84,0.01,7.98,12.86,False,,0.0,0.51,6.34,1.13,7.98,1
1387,fastfouriertransform,medium,warm,200,662.99,662.98,0.01,643.37,19.61,False,,0.0,6.16,0.0,637.2,643.37,1
1388,fastfouriertransform,small,warm,200,23.55,23.54,0.01,4.76,18.78,False,,0.0,3.89,0.0,0.86,4.76,1
1389,genmatrix,large,warm,200,58.59,45.92,12.68,1.27,44.65,False,,0.0,0.02,,1.24,1.27,1
1390,fetchdata,small,warm,200,88.01,88.0,0.01,81.46,6.54,False,81.43,0.0,0.02,0.0,,81.46,1
1391,fastfouriertransform,large,warm,200,27.06,27.05,0.01,7.42,19.64,False,,0.0,6.18,0.0,1.23,7.42,1
1392,linpack,medium,warm,200,694.26,694.26,0.01,681.31,12.95,False,,0.0,0.51,6.35,674.45,681.3,1
1393,linpack,small,warm,200,15.91,15.9,0.01,5.07,10.83,False,,0.0,0.34,3.99,0.73,5.07,1
1394,fastfouriertransform,small,warm,200,26.69,26.68,0.01,7.43,19.25,False,,0.0,6.18,0.0,1.25,7.43,1
1395,fetchdata,small,warm,200,138.57,138.56,0.01,132.07,6.49,False,132.04,0.0,0.02,0.0,,132.07,1
1396,genmatrix,medium,warm,200,17.43,13.89,3.54,0.29,13.59,False,,0.0,0.03,,0.26,0.29,1
1397,fetchdata,medium,warm,200,87.8,87.8,0.01,81.76,6.04,False,81.73,0.0,0.02,0.0,,81.76,1
1398,linpack,large,warm,200,19.85,19.84,0.01,7.99,11.85,False,,0.0,0.51,6.34,1.14,7.99,1
1399,genmatrix,medium,warm,200,17.62,13.58,4.04,0.3,13.28,False,,0.0,0.03,,0.27,0.3,1
1400,fastfouriertransform,medium,warm,200,648.36,648.35,0.01,631.45,16.9,False,,0.0,6.17,0.0,625.28,631.45,1
1401,fastfouriertransform,medium,warm,200,621.5,621.49,0.01,602.29,19.2,False,,0.0,3.87,0.0,598.41,602.29,1
1402,linpack,small,warm,200,21.89,21.89,0.01,8.0,13.88,False,,0.0,0.51,6.35,1.14,8.0,1
1403,fastfouriertransform,large,warm,200,26.57,26.56,0.01,7.39,19.17,False,,0.0,6.16,0.0,1.22,7.39,1
1404,genmatrix,medium,warm,200,16.8,13.24,3.56,0.3,12.94,False,,0.0,0.03,,0.27,0.3,1
1405,fetchdata,medium,warm,200,88.86,88.85,0.01,82.13,6.72,False,82.1,0.0,0.02,0.0,,82.13,1
1406,linpack,small,warm,200,19.31,19.3,0.01,8.0,11.3,False,,0.0,0.51,6.35,1.14,8.0,1
1407,linpack,medium,warm,200,689.84,689.83,0.01,676.49,13.34,False,,0.0,0.51,6.33,669.65,676.49,1
1408,linpack,small,warm,200,17.11,17.1,0.01,5.07,12.04,False,,0.0,0.33,3.99,0.74,5.07,1
1409,linpack,large,warm,200,18.57,18.56,0.01,5.07,13.49,False,,0.0,0.33,3.99,0.74,5.07,1
1410,linpack,medium,warm,200,692.23,692.22,0.01,678.85,13.38,False,,0.0,0.51,6.34,671.99,678.84,1
1411,fastfouriertransform,medium,warm,200,653.48,653.47,0.01,634.88,18.59,False,,0.0,6.16,0.0,628.71,634.88,1
1412,fastfouriertransform,large,warm,200,21.86,21.85,0.01,4.65,17.2,False,,0.0,3.87,0.0,0.77,4.65,1
1413,fastfouriertransform,small,warm,200,24.21,24.21,0.01,4.64,19.57,False,,0.0,3.87,0.0,0.76,4.64,1
1414,fetchdata,large,warm,200,141.29,141.29,0.01,134.61,6.67,False,134.58,0.0,0.02,0.0,,134.61,1
1415,fastfouriertransform,large,warm,200,25.72,25.71,0.01,7.29,18.42,False,,0.0,6.12,0.0,1.16,7.29,1
1416,genmatrix,large,warm,200,58.62,44.22,14.41,1.21,43.0,False,,0.0,0.02,,1.18,1.21,1
1417,genmatrix,large,warm,200,56.24,45.03,11.2,1.2,43.83,False,,0.0,0.03,,1.17,1.2,1
1418,genmatrix,large,warm,200,59.05,45.68,13.37,1.2,44.48,False,,0.0,0.03,,1.17,1.2,1
1419,genmatrix,medium,warm,200,16.64,12.86,3.78,0.3,12.56,False,,0.0,0.02,,0.27,0.3,1
1420,linpack,medium,warm,200,700.83,700.82,0.01,683.3,17.52,False,,0.0,0.51,6.38,676.4,683.29,1
1421,genmatrix,medium,warm,200,16.73,12.88,3.85,0.29,12.58,False,,0.0,0.02,,0.26,0.29,1
1422,genmatrix,small,warm,200,8.91,7.4,1.51,0.15,7.25,False,,0.0,0.02,,0.12,0.14,1
1423,linpack,medium,warm,200,694.98,694.97,0.01,681.98,12.99,False,,0.0,0.51,6.35,675.11,681.97,1
1424,fastfouriertransform,large,warm,200,25.35,25.34,0.01,7.45,17.89,False,,0.0,6.15,0.0,1.29,7.45,1
1425,genmatrix,medium,warm,200,16.5,13.14,3.36,0.32,12.82,False,,0.0,0.03,,0.29,0.32,1
1426,linpack,medium,warm,200,680.92,680.9,0.01,667.76,13.15,False,,0.0,0.51,6.39,660.85,667.76,1
1427,fastfouriertransform,large,warm,200,26.27,26.26,0.01,7.36,18.9,False,,0.0,6.13,0.0,1.22,7.36,1
1428,genmatrix,small,warm,200,9.5,7.73,1.77,0.15,7.58,False,,0.0,0.03,,0.12,0.15,1
1429,fetchdata,large,warm,200,137.58,137.58,0.01,131.34,6.24,False,131.31,0.0,0.02,0.0,,131.34,1
1430,fastfouriertransform,large,warm,200,25.46,25.45,0.01,7.42,18.03,False,,0.0,6.17,0.0,1.24,7.42,1
1431,fastfouriertransform,large,warm,200,26.88,26.87,0.01,7.45,19.42,False,,0.0,6.2,0.0,1.23,7.44,1
1432,genmatrix,medium,warm,200,16.27,12.97,3.3,0.32,12.64,False,,0.0,0.02,,0.29,0.32,1
1433,fetchdata,small,warm,200,138.06,138.05,0.01,131.5,6.55,False,131.47,0.0,0.02,0.0,,131.5,1
1434,linpack,small,warm,200,19.87,19.87,0.01,7.13,12.74,False,,0.0,0.45,5.63,1.04,7.13,1
1435,fetchdata,large,warm,200,87.63,87.62,0.01,81.74,5.89,False,81.71,0.0,0.02,0.0,,81.73,1
1436,linpack,large,warm,200,20.59,20.58,0.01,8.03,12.55,False,,0.0,0.51,6.35,1.17,8.03,1
1437,fetchdata,large,warm,200,88.89,88.88,0.01,82.51,6.37,False,82.48,0.0,0.02,0.0,,82.51,1
1438,linpack,large,warm,200,122.63,122.62,0.01,8.02,114.61,False,,0.0,0.52,6.35,1.14,8.02,1
1439,linpack,large,warm,200,20.56,20.55,0.01,8.0,12.55,False,,0.0,0.51,6.35,1.14,8.0,1
1440,fastfouriertransform,medium,warm,200,661.99,661.98,0.01,642.53,19.45,False,,0.0,6.19,0.0,636.33,642.53,1
1441,fetchdata,medium,warm,200,89.2,89.19,0.01,82.76,6.44,False,82.73,0.0,0.02,0.0,,82.76,1
1442,genmatrix,large,warm,200,60.01,45.48,14.53,1.23,44.25,False,,0.0,0.03,,1.2,1.23,1
1443,fetchdata,large,warm,200,87.5,87.49,0.01,81.37,6.13,False,81.34,0.0,0.02,0.0,,81.37,1
1444,fastfouriertransform,large,warm,200,26.0,26.0,0.01,7.37,18.63,False,,0.0,6.14,0.0,1.22,7.37,1
1445,genmatrix,medium,warm,200,17.54,13.45,4.09,0.29,13.16,False,,0.0,0.02,,0.26,0.29,1
1446,fastfouriertransform,small,warm,200,26.45,26.45,0.01,7.44,19.01,False,,0.0,6.2,0.0,1.22,7.43,1
1447,fetchdata,small,warm,200,94.54,94.53,0.01,87.84,6.69,False,87.81,0.0,0.02,0.0,,87.84,1
1448,genmatrix,medium,warm,200,17.1,13.43,3.68,0.29,13.13,False,,0.0,0.02,,0.27,0.29,1
1449,genmatrix,large,warm,200,60.23,45.72,14.52,1.23,44.49,False,,0.0,0.03,,1.2,1.23,1
1450,linpack,medium,warm,200,696.37,696.36,0.01,683.05,13.31,False,,0.0,0.51,6.36,676.18,683.05,1
1451,genmatrix,large,warm,200,59.39,46.18,13.21,1.22,44.96,False,,0.0,0.02,,1.19,1.21,1
1452,linpack,medium,warm,200,657.83,657.82,0.01,645.89,11.93,False,,0.0,0.33,4.0,641.56,645.89,1
1453,genmatrix,medium,warm,200,17.87,13.36,4.51,0.29,13.07,False,,0.0,0.02,,0.26,0.29,1
1454,genmatrix,large,warm,200,57.69,44.48,13.21,1.23,43.26,False,,0.0,0.03,,1.19,1.22,1
1455,genmatrix,medium,warm,200,17.24,12.83,4.42,0.31,12.51,False,,0.0,0.03,,0.28,0.31,1
1456,fetchdata,small,warm,200,136.34,136.33,0.01,129.62,6.71,False,129.59,0.0,0.02,0.0,,129.62,1
1457,genmatrix,medium,warm,200,16.98,12.84,4.15,0.31,12.53,False,,0.0,0.02,,0.28,0.31,1
1458,linpack,large,warm,200,20.94,20.93,0.01,8.02,12.92,False,,0.0,0.51,6.36,1.14,8.01,1
1459,fastfouriertransform,medium,warm,200,660.96,660.95,0.01,642.31,18.64,False,,0.0,6.24,0.0,636.06,642.31,1
1460,fastfouriertransform,medium,warm,200,620.13,620.12,0.01,601.43,18.69,False,,0.0,3.87,0.0,597.55,601.43,1
1461,genmatrix,small,warm,200,9.6,7.88,1.72,0.15,7.73,False,,0.0,0.02,,0.12,0.14,1
1462,linpack,large,warm,200,20.63,20.62,0.01,8.02,12.6,False,,0.0,0.51,6.36,1.14,8.02,1
1463,linpack,medium,warm,200,694.12,694.12,0.01,681.47,12.65,False,,0.0,0.51,6.33,674.62,681.47,1
1464,linpack,medium,warm,200,657.4,657.39,0.01,644.57,12.82,False,,0.0,0.33,3.98,640.25,644.57,1
1465,linpack,medium,warm,200,657.15,657.14,0.01,645.1,12.04,False,,0.0,0.34,3.98,640.79,645.1,1
1466,genmatrix,small,warm,200,9.12,7.86,1.26,0.14,7.72,False,,0.0,0.02,,0.11,0.14,1
1467,fastfouriertransform,small,warm,200,26.56,26.55,0.01,7.44,19.12,False,,0.0,6.2,0.0,1.23,7.44,1
1468,fetchdata,small,warm,200,141.66,141.65,0.01,135.0,6.65,False,134.97,0.0,0.02,0.0,,135.0,1
1469,fetchdata,small,warm,200,86.46,86.45,0.01,80.23,6.22,False,80.2,0.0,0.02,0.0,,80.23,1
1470,fetchdata,small,warm,200,87.91,87.9,0.01,81.63,6.27,False,81.6,0.0,0.02,0.0,,81.63,1
1471,linpack,large,warm,200,20.78,20.77,0.01,8.01,12.76,False,,0.0,0.51,6.35,1.15,8.01,1
1472,linpack,large,warm,200,63.59,63.58,0.01,8.01,55.57,False,,0.0,0.51,6.35,1.15,8.01,1
1473,fastfouriertransform,large,warm,200,26.15,26.15,0.01,7.39,18.76,False,,0.0,6.15,0.0,1.23,7.39,1
1474,fastfouriertransform,medium,warm,200,659.74,659.74,0.01,640.15,19.59,False,,0.0,6.12,0.0,634.01,640.15,1
1475,fetchdata,large,warm,200,139.56,139.56,0.01,132.8,6.76,False,132.76,0.0,0.02,0.0,,132.79,1
1476,fastfouriertransform,large,warm,200,21.65,21.64,0.01,4.75,16.9,False,,0.0,3.89,0.0,0.85,4.75,1
1477,linpack,large,warm,200,21.38,21.37,0.01,8.03,13.34,False,,0.0,0.51,6.38,1.14,8.03,1
1478,genmatrix,medium,warm,200,17.39,13.35,4.03,0.3,13.05,False,,0.0,0.02,,0.27,0.3,1
1479,fastfouriertransform,large,warm,200,26.12,26.11,0.01,7.43,18.67,False,,0.0,6.19,0.0,1.23,7.43,1
1480,genmatrix,medium,warm,200,17.07,12.86,4.21,0.29,12.56,False,,0.0,0.02,,0.27,0.29,1
1481,fastfouriertransform,medium,warm,200,648.26,648.25,0.01,629.85,18.4,False,,0.0,6.16,0.0,623.68,629.85,1
1482,fetchdata,medium,warm,200,88.28,88.28,0.01,82.02,6.26,False,81.99,0.0,0.02,0.0,,82.02,1
1483,fastfouriertransform,medium,warm,200,620.6,620.6,0.01,601.85,18.75,False,,0.0,3.88,0.0,597.96,601.85,1
1484,fastfouriertransform,small,warm,200,25.83,25.82,0.01,7.38,18.44,False,,0.0,6.15,0.0,1.22,7.38,1
1485,genmatrix,large,warm,200,59.34,45.15,14.19,1.91,43.24,False,,0.0,0.02,,1.88,1.91,1
1486,fetchdata,large,warm,200,141.62,141.61,0.01,134.9,6.72,False,134.87,0.0,0.02,0.0,,134.9,1
1487,linpack,small,warm,200,20.0,20.0,0.01,8.0,12.0,False,,0.0,0.51,6.34,1.14,8.0,1
1488,genmatrix,small,warm,200,9.12,7.83,1.29,0.15,7.68,False,,0.0,0.03,,0.12,0.15,1
1489,genmatrix,small,warm,200,9.02,7.64,1.38,0.15,7.5,False,,0.0,0.02,,0.12,0.15,1
1490,fetchdata,large,warm,200,88.25,88.25,0.01,82.3,5.95,False,82.27,0.0,0.02,0.0,,82.3,1
1491,fetchdata,large,warm,200,136.65,136.64,0.01,130.28,6.36,False,130.25,0.0,0.02,0.0,,130.28,1
1492,genmatrix,medium,warm,200,16.81,13.45,3.36,0.29,13.16,False,,0.0,0.02,,0.27,0.29,1
1493,fetchdata,medium,warm,200,87.87,87.87,0.01,81.94,5.93,False,81.91,0.0,0.02,0.0,,81.93,1
1494,fetchdata,large,warm,200,88.79,88.78,0.01,82.66,6.11,False,82.63,0.0,0.02,0.0,,82.66,1
1495,fastfouriertransform,small,warm,200,26.27,26.27,0.01,7.42,18.85,False,,0.0,6.18,0.0,1.24,7.42,1
1496,linpack,small,warm,200,20.76,20.74,0.02,8.02,12.72,False,,0.0,0.51,6.37,1.14,8.02,1
1497,fetchdata,large,warm,200,88.78,88.77,0.01,82.2,6.57,False,82.17,0.0,0.02,0.0,,82.19,1
1498,genmatrix,large,warm,200,60.02,45.65,14.38,1.2,44.44,False,,0.0,0.02,,1.17,1.2,1
1499,genmatrix,small,warm,200,9.04,7.53,1.51,0.15,7.38,False,,0.0,0.03,,0.12,0.15,1
1500,genmatrix,large,warm,200,58.52,45.39,13.13,1.24,44.15,False,,0.0,0.03,,1.21,1.24,1
1501,fetchdata,small,warm,200,88.63,88.63,0.01,82.24,6.39,False,82.2,0.0,0.03,0.0,,82.24,1
1502,linpack,medium,warm,200,681.72,681.71,0.01,669.54,12.18,False,,0.0,0.51,6.34,662.69,669.54,1
1503,genmatrix,large,warm,200,57.69,45.82,11.87,1.25,44.56,False,,0.0,0.02,,1.22,1.25,1
1504,fetchdata,large,warm,200,139.15,139.14,0.01,132.39,6.75,False,132.36,0.0,0.02,0.0,,132.39,1
1505,linpack,medium,warm,200,690.08,690.07,0.01,676.56,13.51,False,,0.0,0.51,6.34,669.7,676.56,1
1506,linpack,small,warm,200,18.21,18.21,0.01,5.07,13.14,False,,0.0,0.34,3.99,0.74,5.07,1
1507,fastfouriertransform,medium,warm,200,658.91,658.9,0.01,639.45,19.45,False,,0.0,6.16,0.0,633.29,639.45,1
1508,fetchdata,large,warm,200,139.42,139.41,0.01,132.4,7.01,False,132.37,0.0,0.02,0.0,,132.4,1
1509,fetchdata,medium,warm,200,88.3,88.29,0.01,81.97,6.32,False,81.94,0.0,0.02,0.0,,81.97,1
1510,linpack,medium,warm,200,694.11,694.1,0.01,680.58,13.52,False,,0.0,0.51,6.4,673.67,680.58,1
1511,fastfouriertransform,large,warm,200,25.25,25.24,0.01,7.48,17.76,False,,0.0,6.22,0.0,1.25,7.48,1
1512,fastfouriertransform,large,warm,200,26.42,26.41,0.01,7.41,19.0,False,,0.0,6.18,0.0,1.23,7.41,1
1513,linpack,large,warm,200,21.33,21.32,0.01,8.0,13.32,False,,0.0,0.51,6.35,1.14,8.0,1
1514,fetchdata,small,warm,200,88.05,88.05,0.01,81.45,6.59,False,81.42,0.0,0.02,0.0,,81.45,1
1515,linpack,small,warm,200,19.5,19.49,0.01,8.29,11.2,False,,0.0,0.51,6.37,1.4,8.29,1
1516,linpack,small,warm,200,21.88,21.88,0.01,8.48,13.4,False,,0.0,0.51,6.35,1.61,8.48,1
1517,linpack,medium,warm,200,682.12,682.12,0.01,669.06,13.06,False,,0.0,0.51,6.38,662.16,669.06,1
1518,fetchdata,medium,warm,200,88.14,88.13,0.01,81.65,6.48,False,81.62,0.0,0.02,0.0,,81.65,1
1519,fetchdata,large,warm,200,87.97,87.96,0.01,82.51,5.45,False,82.48,0.0,0.02,0.0,,82.51,1
1520,genmatrix,large,warm,200,60.98,46.26,14.72,1.25,45.01,False,,0.0,0.03,,1.22,1.25,1
1521,linpack,medium,warm,200,692.9,692.89,0.01,679.78,13.12,False,,0.0,0.51,6.44,672.83,679.77,1
1522,fastfouriertransform,small,warm,200,26.37,26.36,0.01,7.42,18.94,False,,0.0,6.18,0.0,1.23,7.42,1
1523,fastfouriertransform,large,warm,200,26.4,26.39,0.01,7.42,18.97,False,,0.0,6.17,0.0,1.24,7.42,1
1524,linpack,small,warm,200,21.49,21.48,0.01,8.03,13.45,False,,0.0,0.51,6.38,1.14,8.03,1
1525,fastfouriertransform,small,warm,200,26.91,26.91,0.01,7.49,19.42,False,,0.0,6.25,0.0,1.23,7.49,1
1526,linpack,medium,warm,200,695.69,695.68,0.01,682.88,12.8,False,,0.0,0.51,6.36,676.01,682.88,1
1527,fastfouriertransform,medium,warm,200,659.09,659.08,0.01,640.85,18.23,False,,0.0,6.17,0.0,634.67,640.85,1
1528,genmatrix,large,warm,200,60.97,46.12,14.85,1.21,44.91,False,,0.0,0.02,,1.18,1.21,1
1529,genmatrix,large,warm,200,58.59,45.77,12.81,1.24,44.53,False,,0.0,0.03,,1.21,1.24,1
1530,fetchdata,small,warm,200,140.11,140.1,0.01,133.39,6.71,False,133.36,0.0,0.02,0.0,,133.39,1
1531,fetchdata,small,warm,200,86.52,86.52,0.01,81.02,5.5,False,80.99,0.0,0.02,0.0,,81.02,1
1532,fetchdata,medium,warm,200,87.99,87.98,0.01,81.91,6.07,False,81.88,0.0,0.02,0.0,,81.91,1
1533,fastfouriertransform,medium,warm,200,656.64,656.63,0.01,637.35,19.28,False,,0.0,6.16,0.0,631.19,637.35,1
1534,genmatrix,small,warm,200,7.64,7.1,0.54,0.16,6.95,False,,0.0,0.03,,0.12,0.15,1
1535,linpack,large,warm,200,21.27,21.26,0.01,8.0,13.26,False,,0.0,0.51,6.36,1.13,8.0,1
1536,fetchdata,large,warm,200,88.68,88.67,0.01,82.08,6.6,False,82.04,0.0,0.02,0.0,,82.07,1
1537,genmatrix,medium,warm,200,17.8,13.43,4.36,0.3,13.13,False,,0.0,0.03,,0.27,0.3,1
1538,fastfouriertransform,large,warm,200,33.37,33.37,0.01,7.33,26.04,False,,0.0,6.16,0.0,1.15,7.33,1
1539,fastfouriertransform,small,warm,200,27.54,27.53,0.01,7.55,19.98,False,,0.0,6.36,0.0,1.18,7.55,1
1540,genmatrix,medium,warm,200,18.09,13.92,4.17,0.3,13.62,False,,0.0,0.03,,0.27,0.3,1
1541,fastfouriertransform,small,warm,200,26.53,26.52,0.01,7.4,19.12,False,,0.0,6.17,0.0,1.23,7.4,1
1542,genmatrix,large,warm,200,62.96,46.23,16.73,1.23,45.0,False,,0.0,0.03,,1.2,1.23,1
1543,linpack,small,warm,200,21.45,21.45,0.01,8.02,13.42,False,,0.0,0.51,6.37,1.14,8.02,1
1544,fastfouriertransform,large,warm,200,27.01,27.0,0.01,7.34,19.66,False,,0.0,6.17,0.0,1.17,7.34,1
1545,fetchdata,small,warm,200,89.1,89.09,0.01,82.65,6.44,False,82.62,0.0,0.02,0.0,,82.65,1
1546,linpack,large,warm,200,19.16,19.15,0.01,7.99,11.16,False,,0.0,0.51,6.33,1.15,7.99,1
1547,genmatrix,medium,warm,200,17.72,13.48,4.24,0.29,13.19,False,,0.0,0.02,,0.27,0.29,1
1548,fastfouriertransform,small,warm,200,26.79,26.78,0.01,7.34,19.43,False,,0.0,6.18,0.0,1.16,7.34,1
1549,linpack,small,warm,200,22.01,22.0,0.01,8.02,13.99,False,,0.0,0.52,6.36,1.13,8.02,1
1550,fastfouriertransform,small,warm,200,26.4,26.39,0.01,7.33,19.06,False,,0.0,6.16,0.0,1.16,7.33,1
1551,fetchdata,medium,warm,200,141.03,141.02,0.01,134.23,6.79,False,134.2,0.0,0.02,0.0,,134.23,1
1552,fetchdata,small,warm,200,88.88,88.87,0.01,82.79,6.08,False,82.76,0.0,0.02,0.0,,82.79,1
1553,linpack,small,warm,200,20.42,20.41,0.01,8.1,12.32,False,,0.0,0.51,6.45,1.14,8.1,1
1554,genmatrix,small,warm,200,10.02,8.2,1.82,0.15,8.05,False,,0.0,0.03,,0.12,0.15,1
1555,fastfouriertransform,large,warm,200,26.99,26.98,0.01,7.34,19.65,False,,0.0,6.16,0.0,1.17,7.34,1
1556,genmatrix,medium,warm,200,14.33,12.12,2.21,0.3,11.82,False,,0.0,0.03,,0.27,0.3,1
1557,fetchdata,large,warm,200,89.41,89.4,0.01,82.77,6.63,False,82.74,0.0,0.02,0.0,,82.77,1
1558,genmatrix,large,warm,200,59.48,45.84,13.64,1.25,44.59,False,,0.0,0.02,,1.22,1.25,1
1559,genmatrix,medium,warm,200,16.12,13.3,2.82,0.32,12.99,False,,0.0,0.03,,0.29,0.32,1
1560,linpack,small,warm,200,20.98,20.97,0.01,8.02,12.95,False,,0.0,0.51,6.36,1.14,8.02,1
1561,fastfouriertransform,small,warm,200,26.93,26.93,0.01,7.33,19.59,False,,0.0,6.17,0.0,1.16,7.33,1
1562,genmatrix,small,warm,200,10.28,8.43,1.85,0.15,8.28,False,,0.0,0.03,,0.12,0.15,1
1563,linpack,medium,warm,200,695.65,695.64,0.01,681.66,13.99,False,,0.0,0.51,6.35,674.79,681.65,1
1564,linpack,medium,warm,200,657.78,657.77,0.01,645.33,12.44,False,,0.0,0.33,4.0,640.99,645.33,1
1565,genmatrix,small,warm,200,9.58,7.9,1.67,0.15,7.75,False,,0.0,0.03,,0.12,0.15,1
1566,fetchdata,large,warm,200,94.16,94.15,0.01,87.49,6.66,False,87.46,0.0,0.02,0.0,,87.49,1
1567,fastfouriertransform,small,warm,200,33.23,33.22,0.01,7.38,25.84,False,,0.0,6.2,0.0,1.16,7.38,1
1568,fetchdata,large,warm,200,134.26,134.26,0.01,127.85,6.41,False,127.81,0.0,0.03,0.0,,127.84,1
1569,fastfouriertransform,large,warm,200,25.63,25.63,0.01,7.35,18.28,False,,0.0,6.18,0.0,1.16,7.35,1
1570,fetchdata,small,warm,200,88.75,88.74,0.01,82.23,6.51,False,82.2,0.0,0.02,0.0,,82.23,1
1571,genmatrix,large,warm,200,59.03,45.96,13.07,1.22,44.74,False,,0.0,0.03,,1.19,1.22,1
1572,linpack,medium,warm,200,696.91,696.91,0.01,685.74,11.16,False,,0.0,0.52,6.34,678.87,685.74,1
1573,fastfouriertransform,small,warm,200,26.01,26.0,0.01,7.36,18.64,False,,0.0,6.18,0.0,1.18,7.36,1
1574,linpack,medium,warm,200,661.11,661.11,0.01,647.59,13.52,False,,0.0,0.33,4.04,643.21,647.59,1
1575,fastfouriertransform,small,warm,200,230.49,230.49,0.01,7.37,223.12,False,,0.0,6.18,0.0,1.18,7.36,1
1576,linpack,large,warm,200,20.99,20.98,0.01,8.06,12.92,False,,0.0,0.51,6.38,1.16,8.06,1
1577,fastfouriertransform,large,warm,200,25.55,25.54,0.01,7.34,18.2,False,,0.0,6.17,0.0,1.16,7.34,1
1578,fastfouriertransform,medium,warm,200,662.11,662.1,0.01,642.52,19.58,False,,0.0,6.16,0.0,636.35,642.52,1
1579,fetchdata,small,warm,200,88.62,88.62,0.01,81.86,6.76,False,81.82,0.0,0.02,0.0,,81.85,1
1580,linpack,large,warm,200,21.22,21.21,0.01,8.17,13.05,False,,0.0,0.51,6.48,1.17,8.16,1
1581,linpack,medium,warm,200,693.91,693.9,0.01,679.84,14.06,False,,0.0,0.52,6.48,672.83,679.84,1
1582,genmatrix,medium,warm,200,17.04,13.32,3.72,0.3,13.03,False,,0.0,0.02,,0.27,0.3,1
1583,fastfouriertransform,small,warm,200,232.48,232.48,0.01,7.35,225.12,False,,0.0,6.18,0.0,1.16,7.35,1
1584,fastfouriertransform,small,warm,200,27.25,27.24,0.01,7.34,19.9,False,,0.0,6.18,0.0,1.15,7.34,1
1585,fetchdata,small,warm,200,141.64,141.63,0.01,135.12,6.52,False,135.08,0.0,0.02,0.0,,135.11,1
1586,fastfouriertransform,small,warm,200,24.95,24.94,0.01,7.33,17.61,False,,0.0,6.17,0.0,1.16,7.33,1
1587,linpack,large,warm,200,21.2,21.19,0.01,8.18,13.01,False,,0.0,0.51,6.5,1.17,8.18,1
1588,fetchdata,large,warm,200,89.01,89.0,0.01,82.36,6.64,False,82.32,0.0,0.02,0.0,,82.35,1
1589,linpack,medium,warm,200,710.93,710.92,0.01,697.65,13.26,False,,0.0,0.51,6.42,690.72,697.65,1
1590,linpack,small,warm,200,17.83,17.82,0.01,5.07,12.75,False,,0.0,0.33,3.99,0.75,5.07,1
1591,genmatrix,medium,warm,200,16.47,12.95,3.53,0.3,12.65,False,,0.0,0.02,,0.27,0.3,1
1592,fastfouriertransform,medium,warm,200,646.09,646.08,0.01,626.6,19.48,False,,0.0,6.17,0.0,620.42,626.6,1
1593,fastfouriertransform,large,warm,200,23.4,23.39,0.01,4.67,18.72,False,,0.0,3.9,0.0,0.76,4.67,1
1594,genmatrix,small,warm,200,9.52,7.77,1.75,0.15,7.62,False,,0.0,0.02,,0.12,0.15,1
1595,fetchdata,medium,warm,200,87.68,87.67,0.01,81.12,6.55,False,81.09,0.0,0.02,0.0,,81.12,1
1596,fastfouriertransform,medium,warm,200,660.77,660.76,0.01,643.03,17.73,False,,0.0,6.18,0.0,636.84,643.03,1
1597,linpack,large,warm,200,21.33,21.32,0.01,8.01,13.31,False,,0.0,0.51,6.36,1.14,8.01,1
1598,genmatrix,small,warm,200,9.04,7.73,1.31,0.15,7.58,False,,0.0,0.02,,0.12,0.15,1
1599,genmatrix,small,warm,200,8.42,7.15,1.27,0.15,7.0,False,,0.0,0.03,,0.12,0.15,1
1600,linpack,small,warm,200,21.39,21.38,0.01,8.02,13.36,False,,0.0,0.51,6.37,1.14,8.02,1
1601,linpack,large,warm,200,21.68,21.68,0.01,8.05,13.63,False,,0.0,0.51,6.4,1.14,8.05,1
1602,fastfouriertransform,medium,warm,200,644.78,644.77,0.01,625.22,19.55,False,,0.0,6.19,0.0,619.02,625.22,1
1603,genmatrix,small,warm,200,9.21,7.76,1.44,0.15,7.61,False,,0.0,0.02,,0.12,0.15,1
1604,fastfouriertransform,large,warm,200,23.1,23.1,0.01,4.67,18.42,False,,0.0,3.89,0.0,0.77,4.67,1
1605,genmatrix,large,warm,200,58.53,43.92,14.6,1.25,42.67,False,,0.0,0.03,,1.22,1.25,1
1606,fastfouriertransform,small,warm,200,26.37,26.37,0.01,7.38,18.99,False,,0.0,6.21,0.0,1.15,7.37,1
1607,linpack,medium,warm,200,694.29,694.28,0.01,680.41,13.88,False,,0.0,0.51,6.38,673.52,680.4,1
1608,fetchdata,small,warm,200,139.46,139.45,0.01,132.87,6.58,False,132.84,0.0,0.02,0.0,,132.87,1
1609,fetchdata,small,warm,200,87.11,87.1,0.01,81.08,6.02,False,81.04,0.0,0.02,0.0,,81.07,1
1610,fetchdata,large,warm,200,87.06,87.05,0.01,80.95,6.1,False,80.92,0.0,0.02,0.0,,80.95,1
1611,fastfouriertransform,small,warm,200,25.67,25.66,0.01,7.34,18.32,False,,0.0,6.17,0.0,1.16,7.34,1
1612,fetchdata,medium,warm,200,87.91,87.9,0.01,81.72,6.18,False,81.69,0.0,0.02,0.0,,81.72,1
1613,fetchdata,large,warm,200,87.37,87.37,0.01,81.11,6.26,False,81.08,0.0,0.02,0.0,,81.11,1
1614,fastfouriertransform,medium,warm,200,652.12,652.11,0.01,632.71,19.4,False,,0.0,6.18,0.0,626.52,632.71,1
1615,fastfouriertransform,medium,warm,200,622.23,622.22,0.01,603.32,18.9,False,,0.0,3.9,0.0,599.41,603.32,1
1616,linpack,large,warm,200,21.12,21.11,0.01,8.03,13.08,False,,0.0,0.51,6.36,1.15,8.03,1
1617,fetchdata,small,warm,200,88.18,88.17,0.01,81.42,6.75,False,81.39,0.0,0.02,0.0,,81.42,1
1618,linpack,large,warm,200,20.47,20.46,0.01,8.03,12.44,False,,0.0,0.51,6.37,1.15,8.03,1
1619,genmatrix,medium,warm,200,17.27,13.34,3.93,0.3,13.04,False,,0.0,0.02,,0.27,0.3,1
1620,genmatrix,medium,warm,200,16.56,13.16,3.41,0.29,12.87,False,,0.0,0.03,,0.26,0.29,1
1621,fastfouriertransform,large,warm,200,26.54,26.54,0.01,7.36,19.18,False,,0.0,6.19,0.0,1.16,7.35,1
1622,fastfouriertransform,small,warm,200,26.6,26.59,0.01,7.31,19.28,False,,0.0,6.15,0.0,1.15,7.31,1
1623,fastfouriertransform,small,warm,200,26.05,26.04,0.01,7.32,18.72,False,,0.0,6.15,0.0,1.15,7.32,1
1624,fastfouriertransform,small,warm,200,26.78,26.77,0.01,7.33,19.44,False,,0.0,6.16,0.0,1.16,7.33,1
1625,fastfouriertransform,medium,warm,200,653.6,653.59,0.01,634.56,19.03,False,,0.0,6.15,0.0,628.39,634.56,1
1626,fetchdata,medium,warm,200,137.75,137.74,0.01,131.4,6.34,False,131.37,0.0,0.02,0.0,,131.4,1
1627,genmatrix,small,warm,200,9.44,7.66,1.77,0.15,7.51,False,,0.0,0.03,,0.12,0.15,1
1628,fastfouriertransform,large,warm,200,26.59,26.58,0.01,7.48,19.11,False,,0.0,6.24,0.0,1.23,7.47,1
1629,linpack,small,warm,200,21.41,21.4,0.01,8.05,13.35,False,,0.0,0.51,6.39,1.15,8.05,1
1630,fetchdata,small,warm,200,89.3,89.29,0.01,82.64,6.65,False,82.61,0.0,0.02,0.0,,82.64,1
1631,linpack,large,warm,200,20.36,20.35,0.01,8.0,12.34,False,,0.0,0.51,6.35,1.14,8.0,1
1632,fetchdata,medium,warm,200,88.25,88.25,0.01,82.02,6.23,False,81.99,0.0,0.02,0.0,,82.02,1
1633,fastfouriertransform,large,warm,200,26.05,26.04,0.01,7.39,18.66,False,,0.0,6.2,0.0,1.18,7.39,1
1634,fetchdata,small,warm,200,87.74,87.74,0.01,81.63,6.11,False,81.6,0.0,0.02,0.0,,81.63,1
1635,fastfouriertransform,small,warm,200,25.02,25.01,0.01,7.42,17.59,False,,0.0,6.24,0.0,1.17,7.42,1
1636,genmatrix,large,warm,200,62.67,44.64,18.03,1.24,43.4,False,,0.0,0.03,,1.21,1.24,1
1637,fastfouriertransform,medium,warm,200,653.55,653.54,0.01,634.47,19.07,False,,0.0,6.19,0.0,628.27,634.47,1
1638,fastfouriertransform,medium,warm,200,624.25,624.25,0.01,604.75,19.49,False,,0.0,3.89,0.0,600.85,604.75,1
1639,fetchdata,medium,warm,200,88.78,88.77,0.01,82.53,6.24,False,82.5,0.0,0.02,0.0,,82.53,1
1640,fetchdata,small,warm,200,88.01,88.0,0.01,81.85,6.16,False,81.82,0.0,0.02,0.0,,81.85,1
1641,linpack,small,warm,200,20.37,20.36,0.01,8.05,12.31,False,,0.0,0.51,6.39,1.15,8.04,1
1642,fetchdata,small,warm,200,137.89,137.89,0.01,132.14,5.75,False,132.1,0.0,0.02,0.0,,132.13,1
1643,fetchdata,large,warm,200,87.26,87.25,0.01,81.16,6.09,False,81.13,0.0,0.02,0.0,,81.16,1
1644,fetchdata,large,warm,200,89.52,89.51,0.01,83.61,5.9,False,83.58,0.0,0.02,0.0,,83.61,1
1645,genmatrix,medium,warm,200,17.32,13.15,4.17,0.3,12.86,False,,0.0,0.03,,0.27,0.29,1
1646,fetchdata,large,warm,200,88.3,88.29,0.01,82.15,6.14,False,82.12,0.0,0.02,0.0,,82.15,1
1647,linpack,small,warm,200,20.82,20.81,0.01,8.04,12.77,False,,0.0,0.51,6.38,1.14,8.04,1
1648,genmatrix,small,warm,200,9.79,7.99,1.8,0.15,7.84,False,,0.0,0.02,,0.12,0.15,1
1649,fastfouriertransform,medium,warm,200,660.26,660.25,0.01,640.71,19.54,False,,0.0,6.18,0.0,634.51,640.71,1
1650,fastfouriertransform,small,warm,200,22.99,22.98,0.01,4.77,18.21,False,,0.0,3.92,0.0,0.85,4.77,1
1651,fetchdata,large,warm,200,89.65,89.64,0.01,83.09,6.54,False,83.06,0.0,0.02,0.0,,83.09,1
1652,fastfouriertransform,medium,warm,200,666.36,666.35,0.01,641.29,25.07,False,,0.0,6.16,0.0,635.11,641.29,1
1653,fastfouriertransform,large,warm,200,22.98,22.98,0.01,4.67,18.31,False,,0.0,3.89,0.0,0.77,4.66,1
1654,linpack,large,warm,200,21.14,21.13,0.01,8.03,13.1,False,,0.0,0.51,6.38,1.14,8.03,1
1655,fetchdata,small,warm,200,87.79,87.79,0.01,81.93,5.85,False,81.9,0.0,0.02,0.0,,81.93,1
1656,genmatrix,large,warm,200,57.55,44.03,13.52,1.21,42.83,False,,0.0,0.03,,1.18,1.21,1
1657,genmatrix,medium,warm,200,17.4,13.03,4.37,0.3,12.74,False,,0.0,0.03,,0.27,0.3,1
1658,linpack,small,warm,200,225.73,225.72,0.01,8.06,217.66,False,,0.0,0.51,6.4,1.14,8.06,1
1659,genmatrix,large,warm,200,59.25,45.69,13.56,1.23,44.46,False,,0.0,0.03,,1.2,1.23,1
1660,fetchdata,small,warm,200,139.23,139.23,0.01,132.98,6.24,False,132.95,0.0,0.02,0.0,,132.98,1
1661,fastfouriertransform,small,warm,200,26.09,26.08,0.01,7.47,18.62,False,,0.0,6.22,0.0,1.24,7.46,1
1662,linpack,large,warm,200,20.51,20.5,0.01,8.04,12.46,False,,0.0,0.51,6.38,1.15,8.04,1
1663,fetchdata,medium,warm,200,88.19,88.18,0.01,81.54,6.64,False,81.51,0.0,0.02,0.0,,81.54,1
1664,fastfouriertransform,large,warm,200,25.4,25.39,0.01,7.42,17.96,False,,0.0,6.18,0.0,1.24,7.42,1
1665,fastfouriertransform,large,warm,200,26.83,26.82,0.01,7.46,19.36,False,,0.0,6.22,0.0,1.24,7.46,1
1666,genmatrix,large,warm,200,57.71,45.82,11.88,1.22,44.61,False,,0.0,0.03,,1.19,1.22,1
1667,linpack,small,warm,200,20.28,20.27,0.01,8.04,12.23,False,,0.0,0.51,6.39,1.13,8.04,1
1668,fastfouriertransform,medium,warm,200,664.77,664.75,0.03,645.36,19.39,False,,0.0,6.2,0.0,639.15,645.36,1
1669,genmatrix,small,warm,200,9.75,7.98,1.77,0.15,7.83,False,,0.0,0.03,,0.12,0.15,1
1670,fetchdata,medium,warm,200,88.8,88.79,0.01,82.31,6.47,False,82.28,0.0,0.02,0.0,,82.31,1
1671,fetchdata,medium,warm,200,88.56,88.55,0.01,82.21,6.35,False,82.17,0.0,0.02,0.0,,82.2,1
1672,fetchdata,medium,warm,200,88.04,88.03,0.01,81.81,6.22,False,81.78,0.0,0.02,0.0,,81.81,1
1673,linpack,medium,warm,200,699.17,699.16,0.01,686.31,12.85,False,,0.0,0.51,6.73,679.07,686.31,1
1674,genmatrix,small,warm,200,9.84,8.03,1.81,0.15,7.88,False,,0.0,0.02,,0.12,0.15,1
1675,genmatrix,small,warm,200,9.43,7.64,1.79,0.15,7.5,False,,0.0,0.02,,0.12,0.15,1
1676,fastfouriertransform,small,warm,200,26.23,26.22,0.01,7.46,18.76,False,,0.0,6.22,0.0,1.23,7.46,1
1677,fastfouriertransform,small,warm,200,26.86,26.85,0.01,7.4,19.45,False,,0.0,6.17,0.0,1.22,7.39,1
1678,linpack,medium,warm,200,697.08,697.07,0.01,683.97,13.1,False,,0.0,0.51,6.35,677.1,683.97,1
1679,fetchdata,medium,warm,200,137.73,137.72,0.01,131.16,6.57,False,131.13,0.0,0.02,0.0,,131.16,1
1680,fastfouriertransform,large,warm,200,26.37,26.36,0.01,7.41,18.95,False,,0.0,6.18,0.0,1.22,7.41,1
1681,fetchdata,small,warm,200,87.64,87.64,0.01,81.36,6.27,False,81.33,0.0,0.02,0.0,,81.36,1
1682,linpack,medium,warm,200,691.34,691.33,0.01,678.45,12.89,False,,0.0,0.51,6.37,671.56,678.45,1
1683,linpack,medium,warm,200,656.34,656.34,0.01,643.49,12.85,False,,0.0,0.34,4.02,639.13,643.49,1
1684,fastfouriertransform,small,warm,200,26.72,26.71,0.01,7.42,19.29,False,,0.0,6.19,0.0,1.22,7.42,1
1685,genmatrix,large,warm,200,60.12,45.89,14.23,1.22,44.67,False,,0.0,0.02,,1.19,1.22,1
1686,fetchdata,large,warm,200,90.42,90.42,0.01,83.98,6.43,False,83.95,0.0,0.03,0.0,,83.98,1
1687,fastfouriertransform,small,warm,200,26.58,26.57,0.01,7.58,18.99,False,,0.0,6.34,0.0,1.23,7.58,1
1688,fetchdata,small,warm,200,87.96,87.96,0.01,81.93,6.03,False,81.9,0.0,0.02,0.0,,81.93,1
1689,fastfouriertransform,large,warm,200,27.01,27.0,0.01,7.58,19.43,False,,0.0,6.3,0.0,1.26,7.57,1
1690,genmatrix,medium,warm,200,16.4,13.24,3.15,0.3,12.94,False,,0.0,0.02,,0.27,0.3,1
1691,linpack,large,warm,200,21.18,21.17,0.01,8.06,13.11,False,,0.0,0.51,6.39,1.15,8.06,1
1692,fastfouriertransform,large,warm,200,26.72,26.72,0.01,7.56,19.16,False,,0.0,6.31,0.0,1.24,7.56,1
1693,fetchdata,medium,warm,200,88.23,88.23,0.01,81.85,6.37,False,81.82,0.0,0.02,0.0,,81.85,1
1694,genmatrix,small,warm,200,10.01,8.18,1.82,0.15,8.03,False,,0.0,0.03,,0.12,0.15,1
1695,linpack,medium,warm,200,699.43,699.42,0.01,686.4,13.02,False,,0.0,0.51,6.34,679.55,686.4,1
1696,genmatrix,small,warm,200,8.99,7.73,1.27,0.15,7.57,False,,0.0,0.03,,0.12,0.15,1
1697,linpack,small,warm,200,17.81,17.8,0.01,5.08,12.72,False,,0.0,0.33,4.01,0.74,5.08,1
1698,genmatrix,small,warm,200,8.85,7.38,1.47,0.15,7.23,False,,0.0,0.02,,0.12,0.15,1
1699,fastfouriertransform,small,warm,200,26.44,26.43,0.01,7.36,19.07,False,,0.0,6.19,0.0,1.16,7.36,1
1700,genmatrix,small,warm,200,9.09,7.44,1.65,0.15,7.28,False,,0.0,0.02,,0.12,0.15,1
1701,genmatrix,medium,warm,200,15.35,13.01,2.35,0.32,12.69,False,,0.0,0.03,,0.29,0.32,1
1702,fetchdata,large,warm,200,142.14,142.14,0.01,135.37,6.76,False,135.34,0.0,0.02,0.0,,135.37,1
1703,fastfouriertransform,large,warm,200,33.29,33.28,0.01,7.35,25.93,False,,0.0,6.19,0.0,1.15,7.35,1
1704,fetchdata,small,warm,200,88.32,88.31,0.01,82.55,5.76,False,82.51,0.0,0.02,0.0,,82.54,1
1705,fastfouriertransform,small,warm,200,25.83,25.83,0.01,7.36,18.46,False,,0.0,6.19,0.0,1.16,7.36,1
1706,genmatrix,large,warm,200,59.98,46.53,13.45,1.24,45.29,False,,0.0,0.03,,1.21,1.24,1
1707,linpack,small,warm,200,20.29,20.28,0.01,8.0,12.28,False,,0.0,0.51,6.34,1.15,8.0,1
1708,fastfouriertransform,medium,warm,200,659.34,659.33,0.01,640.17,19.16,False,,0.0,6.23,0.0,633.92,640.17,1
1709,fastfouriertransform,small,warm,200,23.61,23.61,0.01,4.68,18.92,False,,0.0,3.91,0.0,0.77,4.68,1
1710,linpack,small,warm,200,21.38,21.38,0.01,8.03,13.35,False,,0.0,0.51,6.37,1.14,8.03,1
1711,genmatrix,large,warm,200,58.48,46.04,12.43,1.27,44.77,False,,0.0,0.03,,1.24,1.27,1
1712,linpack,large,warm,200,20.67,20.66,0.01,7.99,12.67,False,,0.0,0.51,6.34,1.14,7.99,1
1713,linpack,medium,warm,200,676.44,676.44,0.01,663.5,12.94,False,,0.0,0.51,6.36,656.62,663.5,1
1714,fastfouriertransform,medium,warm,200,648.07,648.06,0.01,629.6,18.47,False,,0.0,6.21,0.0,623.38,629.6,1
1715,linpack,small,warm,200,18.31,18.3,0.01,5.07,13.22,False,,0.0,0.33,4.0,0.73,5.07,1
1716,fetchdata,small,warm,200,89.82,89.81,0.01,83.24,6.57,False,83.21,0.0,0.02,0.0,,83.24,1
1717,genmatrix,medium,warm,200,18.17,13.27,4.89,0.3,12.97,False,,0.0,0.02,,0.27,0.3,1
1718,fetchdata,medium,warm,200,135.81,135.8,0.01,129.7,6.1,False,129.67,0.0,0.02,0.0,,129.7,1
1719,genmatrix,small,warm,200,9.28,7.5,1.78,0.15,7.35,False,,0.0,0.02,,0.12,0.15,1
1720,genmatrix,large,warm,200,57.74,45.02,12.73,1.24,43.77,False,,0.0,0.03,,1.21,1.24,1
1721,fetchdata,medium,warm,200,89.26,89.25,0.01,82.53,6.72,False,82.5,0.0,0.02,0.0,,82.53,1
1722,linpack,large,warm,200,20.68,20.68,0.01,8.06,12.62,False,,0.0,0.51,6.4,1.15,8.06,1
1723,linpack,small,warm,200,22.27,22.26,0.01,8.02,14.24,False,,0.0,0.51,6.37,1.14,8.02,1
1724,fastfouriertransform,medium,warm,200,650.56,650.55,0.01,631.1,19.45,False,,0.0,6.2,0.0,624.9,631.1,1
1725,linpack,small,warm,200,21.11,21.1,0.01,8.01,13.09,False,,0.0,0.51,6.35,1.14,8.01,1
1726,linpack,small,warm,200,21.47,21.47,0.01,8.03,13.43,False,,0.0,0.52,6.37,1.14,8.03,1
1727,genmatrix,large,warm,200,58.8,44.84,13.96,1.2,43.64,False,,0.0,0.03,,1.17,1.2,1
1728,fastfouriertransform,medium,warm,200,666.05,666.05,0.01,646.26,19.79,False,,0.0,6.18,0.0,640.06,646.26,1
1729,fetchdata,medium,warm,200,88.94,88.94,0.01,82.43,6.51,False,82.4,0.0,0.02,0.0,,82.43,1
1730,linpack,medium,warm,200,696.29,696.28,0.01,683.48,12.8,False,,0.0,0.51,6.38,676.59,683.48,1
1731,fetchdata,medium,warm,200,89.35,89.34,0.01,82.58,6.76,False,82.55,0.0,0.02,0.0,,82.58,1
1732,fetchdata,small,warm,200,86.97,86.96,0.01,81.92,5.04,False,81.89,0.0,0.03,0.0,,81.92,1
1733,fastfouriertransform,medium,warm,200,643.19,643.19,0.01,624.41,18.77,False,,0.0,6.17,0.0,618.24,624.41,1
1734,genmatrix,small,warm,200,9.21,7.4,1.81,0.15,7.25,False,,0.0,0.02,,0.12,0.15,1
1735,fetchdata,small,warm,200,138.29,138.28,0.01,131.65,6.62,False,131.62,0.0,0.02,0.0,,131.65,1
1736,linpack,large,warm,200,20.01,20.01,0.01,8.01,11.99,False,,0.0,0.51,6.35,1.15,8.01,1
1737,fetchdata,large,warm,200,87.86,87.85,0.01,81.67,6.19,False,81.64,0.0,0.02,0.0,,81.67,1
1738,genmatrix,small,warm,200,9.25,7.69,1.56,0.15,7.54,False,,0.0,0.03,,0.12,0.15,1
1739,fastfouriertransform,small,warm,200,26.68,26.67,0.01,7.52,19.15,False,,0.0,6.2,0.0,1.31,7.52,1
1740,genmatrix,medium,warm,200,16.4,12.65,3.75,0.3,12.35,False,,0.0,0.03,,0.27,0.3,1
1741,fastfouriertransform,small,warm,200,25.86,25.85,0.01,7.43,18.42,False,,0.0,6.2,0.0,1.23,7.43,1
1742,linpack,medium,warm,200,690.27,690.26,0.01,677.13,13.13,False,,0.0,0.51,6.34,670.28,677.13,1
1743,genmatrix,small,warm,200,9.76,8.07,1.68,0.15,7.92,False,,0.0,0.03,,0.12,0.15,1
1744,genmatrix,large,warm,200,59.1,45.42,13.68,1.22,44.21,False,,0.0,0.02,,1.19,1.22,1
1745,fetchdata,large,warm,200,88.94,88.94,0.01,82.39,6.55,False,82.36,0.0,0.02,0.0,,82.39,1
1746,fetchdata,large,warm,200,87.97,87.96,0.01,81.86,6.1,False,81.83,0.0,0.02,0.0,,81.86,1
1747,fastfouriertransform,large,warm,200,25.97,25.96,0.01,7.43,18.53,False,,0.0,6.19,0.0,1.24,7.43,1
1748,fetchdata,large,warm,200,87.86,87.85,0.01,82.04,5.81,False,82.01,0.0,0.02,0.0,,82.04,1
1749,genmatrix,large,warm,200,58.08,45.25,12.83,1.22,44.03,False,,0.0,0.03,,1.19,1.22,1
1750,genmatrix,medium,warm,200,16.37,12.94,3.43,0.3,12.64,False,,0.0,0.03,,0.27,0.3,1
1751,fetchdata,small,warm,200,138.76,138.75,0.01,131.87,6.88,False,131.84,0.0,0.02,0.0,,131.87,1
1752,linpack,small,warm,200,20.36,20.35,0.01,8.04,12.31,False,,0.0,0.51,6.36,1.16,8.03,1
1753,fastfouriertransform,small,warm,200,26.98,26.97,0.01,7.34,19.63,False,,0.0,6.16,0.0,1.17,7.34,1
1754,genmatrix,large,warm,200,59.14,45.41,13.73,1.23,44.18,False,,0.0,0.03,,1.2,1.23,1
1755,genmatrix,small,warm,200,8.8,7.44,1.36,0.15,7.29,False,,0.0,0.02,,0.12,0.15,1
1756,linpack,small,warm,200,21.27,21.26,0.01,8.04,13.22,False,,0.0,0.51,6.39,1.14,8.04,1
1757,fetchdata,large,warm,200,88.35,88.34,0.01,81.76,6.58,False,81.73,0.0,0.02,0.0,,81.76,1
1758,genmatrix,small,warm,200,9.35,7.99,1.36,0.15,7.84,False,,0.0,0.02,,0.12,0.15,1
1759,fetchdata,large,warm,200,88.07,88.06,0.01,81.74,6.32,False,81.7,0.0,0.02,0.0,,81.73,1
1760,genmatrix,medium,warm,200,17.12,13.02,4.1,0.3,12.72,False,,0.0,0.02,,0.27,0.3,1
1761,fastfouriertransform,small,warm,200,25.89,25.88,0.01,6.88,19.0,False,,0.0,5.79,0.0,1.08,6.88,1
1762,genmatrix,large,warm,200,56.93,44.78,12.14,1.24,43.55,False,,0.0,0.03,,1.2,1.24,1
1763,genmatrix,small,warm,200,9.57,7.76,1.81,0.15,7.61,False,,0.0,0.02,,0.12,0.15,1
1764,fetchdata,small,warm,200,88.31,88.31,0.01,81.52,6.78,False,81.49,0.0,0.02,0.0,,81.52,1
1765,fetchdata,large,warm,200,87.84,87.84,0.01,81.79,6.04,False,81.76,0.0,0.02,0.0,,81.79,1
1766,linpack,large,warm,200,19.84,19.83,0.01,8.04,11.79,False,,0.0,0.51,6.39,1.14,8.04,1
1767,fastfouriertransform,medium,warm,200,662.59,662.58,0.01,642.38,20.2,False,,0.0,6.19,0.0,636.18,642.38,1
1768,fetchdata,medium,warm,200,139.14,139.13,0.01,132.69,6.45,False,132.66,0.0,0.02,0.0,,132.69,1
1769,genmatrix,small,warm,200,9.41,8.01,1.4,0.15,7.86,False,,0.0,0.03,,0.12,0.15,1
1770,linpack,large,warm,200,21.18,21.18,0.01,8.02,13.16,False,,0.0,0.51,6.36,1.14,8.02,1
1771,linpack,large,warm,200,20.67,20.66,0.01,8.02,12.65,False,,0.0,0.51,6.37,1.14,8.02,1
1772,fetchdata,small,warm,200,88.77,88.76,0.01,81.97,6.79,False,81.94,0.0,0.02,0.0,,81.97,1
1773,fetchdata,small,warm,200,87.79,87.78,0.01,82.12,5.66,False,82.09,0.0,0.02,0.0,,82.12,1
1774,genmatrix,medium,warm,200,17.76,13.4,4.36,0.3,13.1,False,,0.0,0.02,,0.27,0.3,1
1775,fetchdata,large,warm,200,87.97,87.96,0.01,82.05,5.92,False,82.01,0.0,0.02,0.0,,82.04,1
1776,fetchdata,small,warm,200,88.54,88.53,0.01,82.15,6.38,False,82.11,0.0,0.02,0.0,,82.14,1
1777,genmatrix,large,warm,200,56.85,45.11,11.74,1.22,43.89,False,,0.0,0.03,,1.19,1.22,1
1778,fastfouriertransform,large,warm,200,24.92,24.91,0.01,7.33,17.58,False,,0.0,6.16,0.0,1.16,7.33,1
1779,linpack,large,warm,200,20.61,20.6,0.01,8.0,12.61,False,,0.0,0.51,6.34,1.14,8.0,1
1780,fastfouriertransform,small,warm,200,27.16,27.15,0.01,7.64,19.5,False,,0.0,6.38,0.0,1.25,7.64,1
1781,fetchdata,large,warm,200,89.5,89.49,0.01,82.9,6.59,False,82.87,0.0,0.02,0.0,,82.9,1
1782,genmatrix,large,warm,200,60.04,46.05,13.98,1.22,44.83,False,,0.0,0.02,,1.19,1.22,1
1783,fastfouriertransform,medium,warm,200,670.21,670.2,0.01,651.93,18.27,False,,0.0,6.3,0.0,645.62,651.93,1
1784,genmatrix,medium,warm,200,219.74,12.95,206.79,0.3,12.65,False,,0.0,0.02,,0.27,0.3,1
1785,fastfouriertransform,small,warm,200,23.36,23.36,0.01,4.76,18.59,False,,0.0,3.92,0.0,0.84,4.76,1
1786,fetchdata,medium,warm,200,140.93,140.92,0.01,134.55,6.37,False,134.52,0.0,0.02,0.0,,134.55,1
1787,genmatrix,large,warm,200,60.2,44.55,15.65,1.25,43.3,False,,0.0,0.03,,1.22,1.25,1
1788,fastfouriertransform,large,warm,200,32.07,32.07,0.01,7.46,24.6,False,,0.0,6.23,0.0,1.22,7.46,1
1789,fetchdata,medium,warm,200,88.95,88.95,0.01,82.39,6.56,False,82.36,0.0,0.03,0.0,,82.39,1
1790,fastfouriertransform,medium,warm,200,659.38,659.37,0.01,640.52,18.86,False,,0.0,6.22,0.0,634.28,640.51,1
1791,genmatrix,small,warm,200,9.5,7.69,1.81,0.14,7.54,False,,0.0,0.02,,0.12,0.14,1
1792,fastfouriertransform,medium,warm,200,628.8,628.79,0.01,609.1,19.69,False,,0.0,3.91,0.0,605.19,609.1,1
1793,fetchdata,small,warm,200,89.08,89.08,0.01,82.63,6.44,False,82.6,0.0,0.02,0.0,,82.63,1
1794,fastfouriertransform,small,warm,200,70.89,70.88,0.01,7.39,63.49,False,,0.0,6.21,0.0,1.17,7.39,1
1795,linpack,medium,warm,200,698.49,698.48,0.01,684.41,14.08,False,,0.0,0.49,5.99,677.92,684.4,1
1796,linpack,small,warm,200,17.8,17.79,0.01,5.13,12.67,False,,0.0,0.34,4.05,0.74,5.13,1
1797,linpack,medium,warm,200,656.77,656.77,0.01,643.93,12.84,False,,0.0,0.34,4.01,639.57,643.93,1
1798,linpack,medium,warm,200,694.97,694.96,0.01,682.56,12.4,False,,0.0,0.51,6.36,675.69,682.56,1
1799,linpack,small,warm,200,17.6,17.59,0.01,5.07,12.52,False,,0.0,0.33,3.99,0.74,5.07,1
1800,linpack,large,warm,200,18.09,18.08,0.01,5.06,13.02,False,,0.0,0.33,3.98,0.75,5.06,1
1801,genmatrix,small,warm,200,9.4,8.01,1.39,0.15,7.86,False,,0.0,0.03,,0.12,0.15,1
1802,linpack,small,warm,200,21.05,21.04,0.01,8.04,13.0,False,,0.0,0.51,6.36,1.16,8.04,1
1803,fastfouriertransform,medium,warm,200,663.6,663.59,0.01,644.52,19.07,False,,0.0,6.2,0.0,638.31,644.52,1
1804,fastfouriertransform,medium,warm,200,624.61,624.6,0.01,605.31,19.3,False,,0.0,3.9,0.0,601.4,605.31,1
1805,fetchdata,small,warm,200,139.06,139.05,0.01,132.09,6.96,False,132.06,0.0,0.02,0.0,,132.09,1
1806,fastfouriertransform,medium,warm,200,660.58,660.57,0.01,641.83,18.74,False,,0.0,6.18,0.0,635.65,641.83,1
1807,genmatrix,medium,warm,200,219.59,13.35,206.24,0.31,13.04,False,,0.0,0.02,,0.28,0.31,1
1808,genmatrix,large,warm,200,56.51,44.49,12.03,1.25,43.23,False,,0.0,0.02,,1.22,1.25,1
1809,fastfouriertransform,large,warm,200,26.59,26.58,0.01,7.42,19.16,False,,0.0,6.19,0.0,1.22,7.42,1
1810,fastfouriertransform,medium,warm,200,662.81,662.8,0.01,643.96,18.85,False,,0.0,6.2,0.0,637.75,643.95,1
1811,linpack,large,warm,200,21.3,21.29,0.01,8.03,13.26,False,,0.0,0.51,6.38,1.14,8.03,1
1812,fastfouriertransform,medium,warm,200,628.12,628.11,0.01,608.76,19.35,False,,0.0,3.94,0.0,604.82,608.76,1
1813,genmatrix,large,warm,200,58.9,45.77,13.12,1.27,44.5,False,,0.0,0.03,,1.24,1.27,1
1814,linpack,small,warm,200,21.47,21.47,0.01,8.11,13.36,False,,0.0,0.51,6.45,1.15,8.11,1
1815,fastfouriertransform,small,warm,200,26.14,26.13,0.01,7.35,18.78,False,,0.0,6.17,0.0,1.16,7.34,1
1816,fetchdata,small,warm,200,90.13,90.12,0.01,83.45,6.67,False,83.42,0.0,0.02,0.0,,83.45,1
1817,genmatrix,medium,warm,200,17.65,13.51,4.14,0.3,13.21,False,,0.0,0.03,,0.27,0.3,1
1818,fetchdata,large,warm,200,136.63,136.62,0.01,130.19,6.43,False,130.16,0.0,0.02,0.0,,130.19,1
1819,fetchdata,medium,warm,200,88.17,88.16,0.01,81.94,6.22,False,81.91,0.0,0.02,0.0,,81.94,1
1820,genmatrix,small,warm,200,9.37,8.01,1.35,0.15,7.87,False,,0.0,0.02,,0.12,0.15,1
1821,fastfouriertransform,medium,warm,200,662.28,662.27,0.01,642.46,19.81,False,,0.0,6.17,0.0,636.28,642.46,1
1822,linpack,small,warm,200,21.68,21.67,0.01,8.06,13.61,False,,0.0,0.51,6.4,1.15,8.06,1
1823,fastfouriertransform,medium,warm,200,624.91,624.89,0.02,605.41,19.48,False,,0.0,3.96,0.0,601.45,605.41,1
1824,fastfouriertransform,medium,warm,200,644.43,644.43,0.01,625.5,18.93,False,,0.0,6.21,0.0,619.28,625.5,1
1825,fastfouriertransform,medium,warm,200,623.5,623.49,0.01,603.79,19.7,False,,0.0,3.91,0.0,599.87,603.78,1
1826,linpack,small,warm,200,22.26,22.25,0.01,8.64,13.61,False,,0.0,0.51,6.98,1.14,8.63,1
1827,fastfouriertransform,small,warm,200,25.78,25.77,0.01,7.03,18.74,False,,0.0,5.86,0.0,1.16,7.03,1
1828,genmatrix,small,warm,200,9.93,8.19,1.74,0.18,8.01,False,,0.0,0.02,,0.15,0.18,1
1829,fetchdata,small,warm,200,142.57,142.56,0.01,136.2,6.36,False,136.17,0.0,0.02,0.0,,136.2,1
1830,linpack,small,warm,200,20.03,20.02,0.01,7.59,12.44,False,,0.0,0.48,6.04,1.07,7.59,1
1831,fetchdata,medium,warm,200,88.36,88.35,0.01,82.03,6.32,False,82.0,0.0,0.02,0.0,,82.03,1
1832,linpack,medium,warm,200,683.83,683.81,0.02,671.83,11.98,False,,0.0,0.51,6.4,664.91,671.82,1
1833,fetchdata,small,warm,200,89.1,89.09,0.01,82.85,6.23,False,82.82,0.0,0.02,0.0,,82.85,1
1834,linpack,small,warm,200,18.41,18.4,0.01,5.15,13.25,False,,0.0,0.34,4.05,0.76,5.15,1
1835,fetchdata,medium,warm,200,89.92,89.92,0.01,83.8,6.11,False,83.77,0.0,0.02,0.0,,83.8,1
1836,fetchdata,small,warm,200,87.84,87.83,0.01,81.93,5.9,False,81.89,0.0,0.02,0.0,,81.92,1
1837,linpack,small,warm,200,21.36,21.35,0.01,8.06,13.29,False,,0.0,0.51,6.42,1.13,8.06,1
1838,fetchdata,medium,warm,200,89.43,89.42,0.01,83.13,6.29,False,83.09,0.0,0.02,0.0,,83.13,1
1839,linpack,medium,warm,200,699.12,699.12,0.01,686.82,12.29,False,,0.0,0.51,6.34,679.97,686.82,1
1840,genmatrix,medium,warm,200,16.55,12.94,3.61,0.31,12.64,False,,0.0,0.03,,0.28,0.31,1
1841,fastfouriertransform,small,warm,200,26.8,26.79,0.01,7.46,19.33,False,,0.0,6.21,0.0,1.25,7.46,1
1842,fastfouriertransform,small,warm,200,26.34,26.33,0.01,7.54,18.79,False,,0.0,6.2,0.0,1.33,7.54,1
1843,fetchdata,large,warm,200,87.54,87.54,0.01,81.23,6.31,False,81.2,0.0,0.02,0.0,,81.23,1
1844,linpack,large,warm,200,20.7,20.69,0.01,8.02,12.66,False,,0.0,0.51,6.37,1.14,8.02,1
1845,genmatrix,large,warm,200,56.58,45.57,11.01,1.23,44.34,False,,0.0,0.03,,1.2,1.23,1
1846,fastfouriertransform,medium,warm,200,662.09,662.08,0.01,637.34,24.74,False,,0.0,6.29,0.0,631.03,637.33,1
1847,linpack,large,warm,200,21.7,21.69,0.01,7.99,13.7,False,,0.0,0.51,6.34,1.13,7.99,1
1848,linpack,large,warm,200,22.0,21.99,0.01,8.14,13.85,False,,0.0,0.51,6.48,1.15,8.14,1
1849,genmatrix,medium,warm,200,17.95,13.67,4.28,0.32,13.35,False,,0.0,0.02,,0.29,0.32,1
1850,fetchdata,small,warm,200,139.51,139.5,0.01,132.9,6.6,False,132.87,0.0,0.02,0.0,,132.89,1
1851,linpack,large,warm,200,19.66,19.65,0.01,8.04,11.61,False,,0.0,0.51,6.38,1.15,8.04,1
1852,fastfouriertransform,large,warm,200,26.69,26.68,0.01,7.42,19.26,False,,0.0,6.19,0.0,1.22,7.42,1
1853,genmatrix,small,warm,200,9.68,7.94,1.74,0.15,7.79,False,,0.0,0.03,,0.12,0.15,1
1854,linpack,small,warm,200,21.32,21.32,0.01,8.04,13.28,False,,0.0,0.51,6.38,1.15,8.04,1
1855,genmatrix,small,warm,200,9.36,7.56,1.79,0.15,7.41,False,,0.0,0.02,,0.12,0.15,1
1856,genmatrix,small,warm,200,9.21,7.64,1.58,0.17,7.47,False,,0.0,0.04,,0.12,0.17,1
1857,fastfouriertransform,medium,warm,200,658.65,658.64,0.01,633.5,25.14,False,,0.0,6.2,0.0,627.28,633.5,1
1858,fastfouriertransform,large,warm,200,22.62,22.61,0.01,4.79,17.82,False,,0.0,3.93,0.0,0.85,4.79,1
1859,linpack,small,warm,200,21.38,21.37,0.01,8.06,13.31,False,,0.0,0.51,6.4,1.14,8.06,1
1860,genmatrix,large,warm,200,57.03,44.86,12.17,1.24,43.62,False,,0.0,0.03,,1.21,1.24,1
1861,fetchdata,medium,warm,200,88.92,88.91,0.01,82.47,6.44,False,82.43,0.0,0.02,0.0,,82.46,1
1862,fastfouriertransform,small,warm,200,25.99,25.98,0.01,7.4,18.58,False,,0.0,6.16,0.0,1.23,7.4,1
1863,linpack,large,warm,200,21.01,21.0,0.01,8.01,12.99,False,,0.0,0.51,6.36,1.14,8.01,1
1864,linpack,large,warm,200,21.12,21.11,0.01,8.05,13.06,False,,0.0,0.51,6.4,1.14,8.05,1
1865,fetchdata,medium,warm,200,89.27,89.26,0.01,82.81,6.45,False,82.78,0.0,0.02,0.0,,82.81,1
1866,linpack,small,warm,200,21.17,21.16,0.01,8.08,13.08,False,,0.0,0.51,6.38,1.19,8.08,1
1867,linpack,small,warm,200,21.58,21.57,0.01,8.15,13.42,False,,0.0,0.51,6.47,1.16,8.15,1
1868,linpack,small,warm,200,20.95,20.95,0.01,8.05,12.9,False,,0.0,0.51,6.4,1.14,8.05,1
1869,genmatrix,large,warm,200,57.41,43.98,13.44,1.26,42.72,False,,0.0,0.03,,1.23,1.26,1
1870,fastfouriertransform,small,warm,200,27.4,27.4,0.01,7.48,19.92,False,,0.0,6.22,0.0,1.25,7.48,1
1871,fastfouriertransform,medium,warm,200,666.3,666.3,0.01,646.96,19.33,False,,0.0,6.21,0.0,640.74,646.96,1
1872,fetchdata,medium,warm,200,146.83,146.82,0.01,140.16,6.66,False,140.12,0.0,0.02,0.0,,140.15,1
1873,fetchdata,medium,warm,200,91.26,91.26,0.01,85.08,6.17,False,85.05,0.0,0.02,0.0,,85.08,1
1874,linpack,large,warm,200,20.66,20.65,0.01,8.05,12.59,False,,0.0,0.51,6.4,1.14,8.05,1
1875,linpack,small,warm,200,20.75,20.74,0.01,8.02,12.72,False,,0.0,0.51,6.37,1.14,8.02,1
1876,genmatrix,medium,warm,200,17.49,13.49,4.0,0.3,13.19,False,,0.0,0.03,,0.27,0.3,1
1877,linpack,small,warm,200,20.61,20.6,0.01,7.53,13.07,False,,0.0,0.48,5.95,1.09,7.53,1
1878,linpack,small,warm,200,20.7,20.7,0.01,8.05,12.65,False,,0.0,0.51,6.37,1.16,8.05,1
1879,linpack,medium,warm,200,686.59,686.58,0.01,672.41,14.17,False,,0.0,0.51,6.34,665.55,672.4,1
1880,genmatrix,small,warm,200,9.82,8.03,1.78,0.16,7.88,False,,0.0,0.03,,0.13,0.15,1
1881,linpack,medium,warm,200,657.93,657.92,0.01,644.82,13.11,False,,0.0,0.34,4.0,640.47,644.82,1
1882,fetchdata,small,warm,200,88.43,88.42,0.01,81.75,6.68,False,81.72,0.0,0.02,0.0,,81.75,1
1883,fetchdata,medium,warm,200,87.15,87.15,0.01,81.01,6.14,False,80.98,0.0,0.02,0.0,,81.01,1
1884,fetchdata,medium,warm,200,87.69,87.68,0.01,81.95,5.73,False,81.91,0.0,0.02,0.0,,81.94,1
1885,linpack,large,warm,200,19.88,19.87,0.01,7.52,12.35,False,,0.0,0.48,5.96,1.09,7.52,1
1886,fastfouriertransform,small,warm,200,26.73,26.72,0.01,7.38,19.35,False,,0.0,6.19,0.0,1.17,7.38,1
1887,genmatrix,medium,warm,200,18.4,13.87,4.54,0.33,13.54,False,,0.0,0.03,,0.3,0.33,1
1888,linpack,medium,warm,200,698.03,698.02,0.01,684.59,13.43,False,,0.0,0.51,6.35,677.72,684.58,1
1889,fetchdata,large,warm,200,140.08,140.07,0.01,133.41,6.67,False,133.38,0.0,0.02,0.0,,133.41,1
1890,linpack,large,warm,200,17.14,17.13,0.01,5.1,12.03,False,,0.0,0.33,4.0,0.77,5.1,1
1891,fastfouriertransform,small,warm,200,26.9,26.89,0.01,7.36,19.52,False,,0.0,6.19,0.0,1.17,7.36,1
1892,linpack,small,warm,200,22.59,22.58,0.01,8.04,14.54,False,,0.0,0.51,6.36,1.16,8.03,1
1893,linpack,large,warm,200,21.63,21.62,0.01,8.02,13.6,False,,0.0,0.51,6.37,1.14,8.02,1
1894,linpack,large,warm,200,22.79,22.78,0.01,8.06,14.72,False,,0.0,0.52,6.39,1.14,8.06,1
1895,fetchdata,small,warm,200,88.46,88.45,0.01,81.79,6.66,False,81.76,0.0,0.02,0.0,,81.79,1
1896,genmatrix,small,warm,200,9.44,8.34,1.1,0.15,8.2,False,,0.0,0.02,,0.12,0.15,1
1897,fetchdata,large,warm,200,88.81,88.8,0.01,82.56,6.25,False,82.53,0.0,0.02,0.0,,82.56,1
1898,linpack,small,warm,200,20.77,20.76,0.01,8.05,12.71,False,,0.0,0.51,6.39,1.14,8.05,1
1899,fastfouriertransform,small,warm,200,26.83,26.82,0.01,7.35,19.47,False,,0.0,6.17,0.0,1.17,7.34,1
1900,genmatrix,small,warm,200,10.08,8.26,1.82,0.15,8.11,False,,0.0,0.02,,0.12,0.15,1
1901,fastfouriertransform,small,warm,200,26.93,26.92,0.01,7.36,19.56,False,,0.0,6.19,0.0,1.16,7.36,1
1902,fastfouriertransform,medium,warm,200,662.54,662.53,0.01,642.93,19.6,False,,0.0,7.87,0.0,635.05,642.93,1
1903,fastfouriertransform,medium,warm,200,624.33,624.32,0.01,604.81,19.51,False,,0.0,3.92,0.0,600.88,604.81,1
1904,genmatrix,medium,warm,200,16.72,13.33,3.39,0.3,13.02,False,,0.0,0.02,,0.27,0.3,1
1905,fetchdata,medium,warm,200,137.74,137.73,0.01,131.14,6.59,False,131.11,0.0,0.02,0.0,,131.14,1
1906,linpack,large,warm,200,21.54,21.53,0.01,8.03,13.5,False,,0.0,0.51,6.36,1.15,8.03,1
1907,fastfouriertransform,large,warm,200,26.61,26.6,0.01,7.34,19.26,False,,0.0,6.16,0.0,1.17,7.34,1
1908,fastfouriertransform,small,warm,200,26.83,26.82,0.01,7.33,19.49,False,,0.0,6.17,0.0,1.15,7.33,1
1909,fetchdata,medium,warm,200,88.28,88.27,0.01,81.96,6.3,False,81.93,0.0,0.02,0.0,,81.96,1
1910,linpack,small,warm,200,20.26,20.25,0.01,8.07,12.19,False,,0.0,0.51,6.41,1.15,8.06,1
1911,linpack,large,warm,200,21.61,21.6,0.01,8.02,13.58,False,,0.0,0.51,6.37,1.14,8.02,1
1912,fetchdata,medium,warm,200,88.83,88.82,0.01,81.8,7.02,False,81.77,0.0,0.02,0.0,,81.8,1
1913,genmatrix,medium,warm,200,16.68,13.16,3.52,0.3,12.86,False,,0.0,0.02,,0.27,0.3,1
1914,fastfouriertransform,medium,warm,200,664.59,664.58,0.01,645.45,19.13,False,,0.0,6.21,0.0,639.22,645.44,1
1915,fastfouriertransform,medium,warm,200,624.16,624.15,0.01,604.42,19.73,False,,0.0,3.93,0.0,600.48,604.42,1
1916,fastfouriertransform,small,warm,200,23.65,23.64,0.01,4.8,18.84,False,,0.0,3.93,0.0,0.86,4.8,1
1917,genmatrix,small,warm,200,9.58,8.17,1.41,0.15,8.02,False,,0.0,0.03,,0.12,0.15,1
1918,genmatrix,large,warm,200,60.2,45.42,14.78,1.25,44.17,False,,0.0,0.02,,1.22,1.25,1
1919,genmatrix,medium,warm,200,16.74,13.11,3.63,0.31,12.8,False,,0.0,0.03,,0.28,0.31,1
1920,linpack,large,warm,200,20.71,20.7,0.01,8.06,12.64,False,,0.0,0.51,6.39,1.15,8.06,1
1921,fastfouriertransform,large,warm,200,25.91,25.9,0.01,7.42,18.49,False,,0.0,6.21,0.0,1.19,7.41,1
1922,fastfouriertransform,medium,warm,200,666.7,666.69,0.01,647.73,18.96,False,,0.0,6.16,0.0,641.56,647.73,1
1923,genmatrix,large,warm,200,61.34,45.65,15.69,1.2,44.45,False,,0.0,0.02,,1.17,1.2,1
1924,genmatrix,large,warm,200,58.89,45.69,13.21,1.22,44.47,False,,0.0,0.02,,1.19,1.22,1
1925,fastfouriertransform,small,warm,200,26.18,26.17,0.01,7.36,18.81,False,,0.0,6.2,0.0,1.16,7.36,1
1926,fetchdata,large,warm,200,141.45,141.44,0.01,134.9,6.54,False,134.87,0.0,0.02,0.0,,134.9,1
1927,fetchdata,large,warm,200,301.54,301.53,0.01,81.6,219.93,False,81.57,0.0,0.02,0.0,,81.6,1
1928,fetchdata,medium,warm,200,88.19,88.18,0.01,81.61,6.57,False,81.58,0.0,0.02,0.0,,81.61,1
1929,linpack,medium,warm,200,718.3,718.29,0.01,683.29,35.01,False,,0.0,0.51,6.36,676.41,683.29,1
1930,linpack,medium,warm,200,870.88,870.87,0.01,646.47,224.4,False,,0.0,0.35,4.0,642.12,646.47,1
1931,genmatrix,medium,warm,200,16.55,13.28,3.27,0.3,12.98,False,,0.0,0.02,,0.27,0.3,1
1932,fetchdata,large,warm,200,89.05,89.04,0.01,82.42,6.62,False,82.39,0.0,0.02,0.0,,82.42,1
1933,linpack,large,warm,200,24.4,24.39,0.01,8.03,16.36,False,,0.0,0.51,6.35,1.16,8.02,1
1934,fastfouriertransform,small,warm,200,29.13,29.12,0.01,7.45,21.67,False,,0.0,6.2,0.0,1.24,7.45,1
1935,fetchdata,large,warm,200,89.0,88.99,0.01,83.0,5.99,False,82.97,0.0,0.02,0.0,,83.0,1
1936,fetchdata,medium,warm,200,88.95,88.94,0.01,82.67,6.27,False,82.63,0.0,0.02,0.0,,82.66,1
1937,fastfouriertransform,medium,warm,200,655.67,655.66,0.01,635.98,19.68,False,,0.0,6.2,0.0,629.77,635.97,1
1938,fastfouriertransform,medium,warm,200,625.77,625.76,0.01,605.47,20.29,False,,0.0,3.92,0.0,601.55,605.47,1
1939,fetchdata,large,warm,200,88.43,88.42,0.01,82.31,6.11,False,82.28,0.0,0.02,0.0,,82.31,1
1940,fetchdata,medium,warm,200,88.13,88.12,0.01,82.27,5.85,False,82.24,0.0,0.02,0.0,,82.27,1
1941,fetchdata,large,warm,200,88.2,88.19,0.01,81.92,6.27,False,81.89,0.0,0.02,0.0,,81.92,1
1942,fetchdata,small,warm,200,139.38,139.37,0.01,133.02,6.35,False,132.99,0.0,0.02,0.0,,133.02,1
1943,genmatrix,large,warm,200,57.28,45.42,11.86,1.25,44.17,False,,0.0,0.02,,1.22,1.25,1
1944,genmatrix,small,warm,200,9.09,7.79,1.31,0.15,7.64,False,,0.0,0.02,,0.12,0.15,1
1945,linpack,large,warm,200,23.16,23.15,0.01,8.02,15.13,False,,0.0,0.51,6.35,1.16,8.02,1
1946,fetchdata,large,warm,200,88.06,88.05,0.01,81.53,6.52,False,81.5,0.0,0.02,0.0,,81.53,1
1947,genmatrix,large,warm,200,57.93,45.73,12.2,1.25,44.48,False,,0.0,0.03,,1.22,1.25,1
1948,fastfouriertransform,large,warm,200,201.51,201.51,0.01,7.36,194.14,False,,0.0,6.19,0.0,1.16,7.36,1
1949,linpack,medium,warm,200,696.48,696.48,0.01,682.22,14.26,False,,0.0,0.51,6.36,675.35,682.22,1
1950,fetchdata,medium,warm,200,89.02,89.01,0.01,82.63,6.38,False,82.6,0.0,0.02,0.0,,82.63,1
1951,linpack,medium,warm,200,657.16,657.15,0.01,643.78,13.38,False,,0.0,0.33,3.99,639.44,643.78,1
1952,fastfouriertransform,large,warm,200,27.71,27.7,0.01,7.4,20.3,False,,0.0,6.2,0.0,1.2,7.4,1
1953,genmatrix,medium,warm,200,17.3,13.62,3.68,0.3,13.32,False,,0.0,0.02,,0.27,0.29,1
1954,genmatrix,large,warm,200,58.18,45.08,13.1,1.23,43.85,False,,0.0,0.03,,1.19,1.22,1
1955,linpack,large,warm,200,20.29,20.28,0.01,8.03,12.26,False,,0.0,0.51,6.37,1.14,8.02,1
1956,fetchdata,large,warm,200,88.72,88.71,0.01,82.24,6.47,False,82.21,0.0,0.02,0.0,,82.24,1
1957,fetchdata,small,warm,200,132.75,132.74,0.01,126.48,6.26,False,126.45,0.0,0.03,0.0,,126.48,1
1958,genmatrix,medium,warm,200,17.09,13.54,3.54,0.3,13.24,False,,0.0,0.03,,0.27,0.3,1
1959,fastfouriertransform,medium,warm,200,660.23,660.22,0.01,639.7,20.53,False,,0.0,6.21,0.0,633.48,639.69,1
1960,genmatrix,large,warm,200,60.37,45.73,14.64,1.27,44.47,False,,0.0,0.03,,1.24,1.26,1
1961,fetchdata,large,warm,200,139.93,139.92,0.01,133.17,6.75,False,133.14,0.0,0.02,0.0,,133.17,1
1962,genmatrix,large,warm,200,56.46,43.51,12.95,1.24,42.27,False,,0.0,0.02,,1.21,1.24,1
1963,fetchdata,large,warm,200,88.67,88.66,0.01,82.03,6.63,False,81.99,0.0,0.02,0.0,,82.02,1
1964,fastfouriertransform,small,warm,200,25.94,25.93,0.01,7.37,18.56,False,,0.0,6.19,0.0,1.17,7.37,1
1965,fetchdata,small,warm,200,87.98,87.98,0.01,81.95,6.03,False,81.92,0.0,0.02,0.0,,81.95,1
1966,fetchdata,medium,warm,200,88.04,88.03,0.01,81.8,6.23,False,81.77,0.0,0.02,0.0,,81.8,1
1967,fetchdata,medium,warm,200,86.98,86.98,0.01,81.48,5.5,False,81.45,0.0,0.02,0.0,,81.48,1
1968,fetchdata,large,warm,200,96.7,96.69,0.01,90.48,6.21,False,90.45,0.0,0.02,0.0,,90.48,1
1969,fetchdata,medium,warm,200,88.16,88.15,0.01,82.04,6.11,False,82.01,0.0,0.02,0.0,,82.04,1
1970,fastfouriertransform,medium,warm,200,661.02,661.01,0.01,642.83,18.18,False,,0.0,6.19,0.0,636.63,642.83,1
1971,fastfouriertransform,large,warm,200,23.37,23.36,0.01,4.68,18.68,False,,0.0,3.9,0.0,0.77,4.67,1
1972,fastfouriertransform,medium,warm,200,630.58,630.58,0.01,610.55,20.03,False,,0.0,3.9,0.0,606.64,610.54,1
1973,genmatrix,large,warm,200,55.67,44.06,11.61,1.28,42.78,False,,0.0,0.02,,1.25,1.28,1
1974,fastfouriertransform,large,warm,200,28.19,28.18,0.01,7.34,20.84,False,,0.0,6.16,0.0,1.17,7.34,1
1975,linpack,large,warm,200,21.84,21.83,0.01,8.02,13.81,False,,0.0,0.51,6.37,1.14,8.02,1
1976,fetchdata,medium,warm,200,88.8,88.79,0.01,83.03,5.77,False,83.0,0.0,0.02,0.0,,83.03,1
1977,fastfouriertransform,small,warm,200,26.54,26.53,0.01,7.54,18.99,False,,0.0,6.24,0.0,1.29,7.54,1
1978,genmatrix,small,warm,200,9.21,7.66,1.56,0.15,7.5,False,,0.0,0.02,,0.12,0.15,1
1979,fetchdata,medium,warm,200,138.18,138.17,0.01,131.57,6.6,False,131.54,0.0,0.02,0.0,,131.57,1
1980,linpack,small,warm,200,20.26,20.25,0.01,8.02,12.23,False,,0.0,0.51,6.35,1.16,8.02,1
1981,fetchdata,large,warm,200,88.31,88.31,0.01,81.9,6.41,False,81.86,0.0,0.02,0.0,,81.89,1
1982,genmatrix,small,warm,200,9.44,8.1,1.34,0.15,7.95,False,,0.0,0.03,,0.12,0.15,1
1983,linpack,medium,warm,200,688.16,688.15,0.01,674.45,13.7,False,,0.0,0.52,6.41,667.51,674.45,1
1984,genmatrix,medium,warm,200,17.3,13.09,4.21,0.31,12.79,False,,0.0,0.02,,0.28,0.31,1
1985,fastfouriertransform,small,warm,200,26.73,26.72,0.01,7.39,19.33,False,,0.0,6.16,0.0,1.22,7.39,1
1986,linpack,medium,warm,200,695.96,695.95,0.01,682.08,13.87,False,,0.0,0.52,6.35,675.2,682.08,1
1987,genmatrix,small,warm,200,9.64,8.05,1.58,0.15,7.9,False,,0.0,0.03,,0.12,0.15,1
1988,genmatrix,medium,warm,200,18.55,13.23,5.33,0.32,12.91,False,,0.0,0.03,,0.29,0.32,1
1989,fastfouriertransform,small,warm,200,27.17,27.17,0.01,7.47,19.69,False,,0.0,6.22,0.0,1.25,7.47,1
1990,linpack,large,warm,200,22.08,22.07,0.01,8.01,14.06,False,,0.0,0.51,6.36,1.14,8.01,1
1991,linpack,medium,warm,200,886.57,886.56,0.01,676.74,209.82,False,,0.0,0.52,6.37,669.85,676.74,1
1992,linpack,medium,warm,200,658.7,658.69,0.01,644.37,14.32,False,,0.0,0.34,4.01,640.02,644.37,1
1993,linpack,small,warm,200,17.89,17.89,0.01,5.09,12.8,False,,0.0,0.34,4.01,0.74,5.09,1
1994,fastfouriertransform,large,warm,200,27.49,27.48,0.01,7.41,20.08,False,,0.0,6.16,0.0,1.23,7.4,1
1995,genmatrix,large,warm,200,57.19,45.26,11.93,1.26,44.0,False,,0.0,0.02,,1.23,1.26,1
1996,fetchdata,small,warm,200,137.53,137.52,0.01,131.24,6.28,False,131.21,0.0,0.02,0.0,,131.24,1
1997,fetchdata,large,warm,200,301.81,301.8,0.01,81.37,220.43,False,81.34,0.0,0.02,0.0,,81.37,1
1998,genmatrix,small,warm,200,8.36,7.23,1.13,0.15,7.08,False,,0.0,0.02,,0.12,0.15,1
1999,fastfouriertransform,large,warm,200,48.81,48.8,0.01,7.41,41.39,False,,0.0,6.18,0.0,1.22,7.41,1
