request_id,function,size,type,status,latency_ms,ttfb_ms,output_transfer_ms,execution_time_ms,system_overhead_ms,cold_start_server,io_ms,binary_read_ms,json_parsing_ms,parameter_extraction_ms,compute_ms,total_server_ms,in_flight
0,genmatrix,small,cold,200,1381.36,1380.35,1.0,6.25,1374.1,True,,0.0,0.03,,6.22,6.25,1
1,fastfouriertransform,large,cold,200,1372.3,1372.29,0.01,6.12,1366.16,True,,0.0,3.88,0.0,2.24,6.12,1
2,matrixmul,small,cold,200,2381.7,2379.25,2.45,4.95,2374.3,True,,0.0,0.35,4.0,0.6,4.95,1
3,mobilenet,small,cold,200,1385.0,1385.0,0.01,27.05,1357.94,True,,,,,,,1
4,genmatrix,small,warm,200,11.42,10.53,0.89,0.16,10.37,False,,0.0,0.04,,0.11,0.16,1
5,genmatrix,large,warm,200,54.09,46.22,7.88,1.42,44.79,False,,0.0,0.03,,1.39,1.42,1
6,resnet,small,cold,200,2345.5,2345.5,0.01,143.38,2202.12,True,,,,,,,1
7,resnet,medium,warm,200,145.97,145.96,0.01,137.14,8.82,False,,,,,,,1
8,fastfouriertransform,small,cold,200,1438.75,1438.75,0.01,6.0,1432.75,True,,0.0,3.87,0.0,2.12,6.0,1
9,fastfouriertransform,small,warm,200,24.59,24.59,0.01,7.31,17.28,False,,0.0,6.16,0.0,1.14,7.3,1
10,mobilenet,large,cold,200,2203.12,2203.12,0.01,26.78,2176.34,True,,,,,,,1
11,resnet,small,warm,200,149.81,149.78,0.03,142.92,6.86,False,,,,,,,1
12,resnet,small,warm,200,157.15,157.15,0.01,150.35,6.79,False,,,,,,,1
13,genmatrix,large,cold,200,1319.49,1311.41,8.08,9.06,1302.35,True,,0.0,0.03,,9.02,9.06,1
14,genmatrix,large,warm,200,52.24,44.51,7.73,1.13,43.38,False,,0.0,0.03,,1.1,1.13,1
15,fetchdata,small,cold,200,1771.93,1771.92,0.01,141.01,1630.92,True,140.97,0.0,0.02,0.0,,141.0,1
16,fetchdata,large,warm,200,90.88,90.87,0.01,83.52,7.35,False,83.48,0.0,0.03,0.0,,83.52,1
17,matrixmul,small,cold,200,2192.64,2189.73,2.91,5.02,2184.71,True,,0.0,0.34,4.08,0.6,5.02,1
18,linpack,small,cold,200,1299.5,1299.49,0.01,5.2,1294.29,True,,0.0,0.37,4.0,0.83,5.2,1
19,genmatrix,medium,warm,200,16.06,13.58,2.48,0.3,13.28,False,,0.0,0.03,,0.26,0.3,1
20,matrixmul,medium,warm,200,704.09,700.66,3.44,536.8,163.86,False,,0.0,0.57,6.37,529.85,536.8,1
21,mobilenet,small,cold,200,1662.36,1662.36,0.01,33.59,1628.76,True,,,,,,,1
22,linpack,medium,warm,200,690.75,690.74,0.01,678.58,12.16,False,,0.0,0.52,6.3,671.76,678.58,1
23,fastfouriertransform,small,cold,200,1434.11,1434.11,0.01,5.95,1428.15,True,,0.0,3.85,0.0,2.1,5.95,1
24,fetchdata,small,cold,200,1537.54,1537.53,0.01,125.6,1411.93,True,125.56,0.0,0.03,0.0,,125.6,1
25,matrixmul,medium,warm,200,553.07,550.2,2.87,534.37,15.83,False,,0.0,0.59,6.35,527.43,534.37,1
26,resnet,medium,cold,200,2449.54,2449.54,0.01,128.43,2321.1,True,,,,,,,1
27,linpack,small,warm,200,19.07,19.06,0.01,8.01,11.05,False,,0.0,0.55,6.32,1.14,8.01,1
28,genmatrix,medium,cold,200,1453.38,1449.6,3.78,9.56,1440.04,True,,0.02,0.03,,9.5,9.56,1
29,resnet,small,warm,200,171.25,171.24,0.01,164.03,7.21,False,,,,,,,1
30,fetchdata,small,warm,200,136.92,136.91,0.01,129.59,7.31,False,129.55,0.0,0.03,0.0,,129.59,1
31,resnet,medium,warm,200,159.55,159.54,0.01,152.17,7.37,False,,,,,,,1
32,linpack,large,warm,200,18.75,18.73,0.01,7.97,10.77,False,,0.0,0.52,6.31,1.13,7.96,1
33,resnet,medium,warm,200,154.74,154.73,0.01,145.63,9.11,False,,,,,,,1
34,resnet,small,warm,200,154.94,154.93,0.01,147.89,7.04,False,,,,,,,1
35,genmatrix,small,cold,200,1686.94,1685.98,0.96,10.27,1675.71,True,,0.0,0.03,,10.22,10.26,1
36,fastfouriertransform,large,cold,200,1380.35,1380.35,0.01,5.98,1374.36,True,,0.0,3.86,0.0,2.12,5.98,1
37,mobilenet,medium,cold,200,1726.25,1726.24,0.01,26.75,1699.49,True,,,,,,,1
38,fastfouriertransform,small,warm,200,25.24,25.24,0.01,7.4,17.84,False,,0.0,6.18,0.0,1.21,7.39,1
39,linpack,small,cold,200,2153.6,2153.59,0.01,5.21,2148.38,True,,0.0,0.36,4.02,0.82,5.2,1
40,fetchdata,medium,cold,200,1609.95,1609.94,0.01,128.25,1481.69,True,128.22,0.0,0.02,0.0,,128.25,1
41,fetchdata,large,warm,200,91.66,91.65,0.01,84.43,7.22,False,84.39,0.0,0.03,0.0,,84.43,1
42,linpack,medium,warm,200,690.31,690.3,0.01,679.16,11.14,False,,0.0,0.53,6.38,672.24,679.15,1
43,mobilenet,medium,warm,200,61.8,61.8,0.01,53.86,7.93,False,,,,,,,1
44,matrixmul,small,cold,200,3087.48,3084.64,2.84,4.94,3079.7,True,,0.0,0.36,3.98,0.59,4.94,1
45,genmatrix,medium,cold,200,1854.58,1851.55,3.03,9.66,1841.9,True,,0.0,0.03,,9.61,9.65,1
46,genmatrix,large,warm,200,57.4,48.63,8.77,1.31,47.32,False,,0.0,0.04,,1.27,1.31,1
47,genmatrix,small,warm,200,9.02,7.83,1.19,0.15,7.68,False,,0.0,0.03,,0.12,0.15,1
48,resnet,large,cold,200,2285.93,2285.93,0.01,137.55,2148.38,True,,,,,,,1
49,mobilenet,large,warm,200,34.01,34.0,0.01,26.11,7.9,False,,,,,,,1
50,genmatrix,small,warm,200,9.34,8.04,1.3,0.15,7.89,False,,0.0,0.03,,0.11,0.15,1
51,mobilenet,medium,warm,200,30.77,30.76,0.01,23.5,7.26,False,,,,,,,1
52,fetchdata,medium,cold,200,1583.77,1583.76,0.01,122.69,1461.07,True,122.66,0.0,0.02,0.0,,122.69,1
53,genmatrix,large,warm,200,51.57,43.82,7.76,1.16,42.66,False,,0.0,0.03,,1.12,1.16,1
54,resnet,small,warm,200,150.31,150.3,0.01,143.3,7.01,False,,,,,,,1
55,genmatrix,medium,warm,200,16.55,13.48,3.07,0.29,13.19,False,,0.0,0.03,,0.26,0.29,1
56,linpack,small,cold,200,1373.88,1373.88,0.01,5.21,1368.67,True,,0.0,0.37,4.02,0.81,5.2,1
57,mobilenet,small,warm,200,30.77,30.77,0.01,23.72,7.04,False,,,,,,,1
58,linpack,medium,warm,200,685.52,685.51,0.01,674.6,10.91,False,,0.0,0.54,6.31,667.75,674.6,1
59,fetchdata,medium,cold,200,1641.56,1641.55,0.01,134.28,1507.27,True,134.25,0.0,0.02,0.0,,134.28,1
60,fastfouriertransform,small,cold,200,1427.21,1427.2,0.01,6.19,1421.02,True,,0.0,3.93,0.0,2.25,6.18,1
61,resnet,large,cold,200,21149.92,21149.91,0.01,158.57,20991.34,True,,,,,,,1
62,matrixmul,small,cold,200,11960.98,11958.33,2.65,7.89,11950.44,True,,0.0,0.55,6.4,0.93,7.89,2
63,genmatrix,medium,cold,200,1614.82,1611.89,2.93,6.49,1605.4,True,,0.0,0.02,,6.46,6.49,3
64,fetchdata,large,warm,200,142.13,142.12,0.01,134.94,7.17,False,134.9,0.0,0.03,0.0,,134.94,1
65,fetchdata,small,warm,200,89.74,89.73,0.01,82.8,6.94,False,82.75,0.0,0.03,0.0,,82.79,1
66,matrixmul,small,warm,200,28.1,25.25,2.85,7.8,17.45,False,,0.0,0.59,6.33,0.88,7.8,1
67,mobilenet,large,cold,200,1496.65,1496.64,0.01,27.51,1469.13,True,,,,,,,1
68,resnet,large,warm,200,155.29,155.28,0.01,148.86,6.42,False,,,,,,,1
69,matrixmul,large,warm,200,29.71,26.5,3.21,7.82,18.69,False,,0.0,0.53,6.41,0.88,7.82,1
70,resnet,medium,warm,200,162.84,162.83,0.01,156.05,6.78,False,,,,,,,1
71,resnet,medium,warm,200,147.13,147.12,0.01,136.41,10.71,False,,,,,,,1
72,matrixmul,small,warm,200,28.74,25.9,2.84,7.75,18.15,False,,0.0,0.53,6.34,0.87,7.75,1
73,mobilenet,large,warm,200,34.37,34.36,0.01,27.43,6.93,False,,,,,,,1
74,fetchdata,small,cold,200,1535.69,1535.68,0.01,144.85,1390.83,True,144.82,0.0,0.02,0.0,,144.85,1
75,linpack,small,cold,200,1378.11,1378.11,0.01,5.18,1372.92,True,,0.0,0.36,4.01,0.81,5.18,1
76,linpack,small,warm,200,18.35,18.35,0.01,8.06,10.29,False,,0.0,0.55,6.34,1.16,8.06,1
77,mobilenet,large,warm,200,34.51,34.5,0.02,27.38,7.12,False,,,,,,,1
78,mobilenet,large,warm,200,33.5,33.49,0.01,26.16,7.33,False,,,,,,,1
79,fetchdata,large,warm,200,145.76,145.75,0.01,138.87,6.88,False,138.83,0.0,0.03,0.0,,138.87,1
80,fastfouriertransform,medium,cold,200,2301.53,2301.52,0.01,603.61,1697.92,True,,0.0,3.89,0.0,599.71,603.6,1
81,fetchdata,large,warm,200,90.96,90.95,0.01,83.81,7.14,False,83.77,0.0,0.03,0.0,,83.81,1
82,fetchdata,large,warm,200,94.09,94.08,0.01,87.19,6.9,False,87.14,0.0,0.03,0.0,,87.18,1
83,matrixmul,large,cold,200,2187.9,2185.08,2.82,5.0,2180.09,True,,0.0,0.36,4.03,0.61,5.0,1
84,linpack,small,cold,200,1840.48,1840.48,0.01,5.63,1834.85,True,,0.0,0.4,4.24,0.98,5.63,1
85,genmatrix,large,cold,200,1578.85,1364.28,214.56,8.45,1355.83,True,,0.0,0.02,,8.41,8.44,1
86,fastfouriertransform,large,warm,200,24.95,24.94,0.01,7.34,17.6,False,,0.0,6.18,0.0,1.14,7.34,1
87,resnet,medium,cold,200,2338.41,2338.39,0.02,163.57,2174.81,True,,,,,,,1
88,linpack,large,warm,200,19.28,19.28,0.01,8.24,11.04,False,,0.0,0.55,6.52,1.17,8.24,1
89,matrixmul,small,warm,200,28.26,25.91,2.35,7.76,18.15,False,,0.0,0.52,6.36,0.88,7.76,1
90,matrixmul,medium,warm,200,566.93,564.18,2.75,549.06,15.12,False,,0.0,0.52,6.3,542.23,549.06,1
91,mobilenet,medium,cold,200,1493.41,1493.4,0.01,30.32,1463.08,True,,,,,,,1
92,fastfouriertransform,large,warm,200,25.15,25.14,0.01,7.44,17.7,False,,0.0,6.22,0.0,1.21,7.44,1
93,genmatrix,medium,cold,200,1271.46,1268.08,3.38,6.31,1261.77,True,,0.0,0.03,,6.27,6.3,1
94,resnet,small,cold,200,23136.35,23136.34,0.01,145.61,22990.74,True,,,,,,,1
95,resnet,small,cold,200,13250.58,13250.57,0.01,120.62,13129.95,False,,,,,,,2
96,linpack,large,cold,200,1580.69,1580.68,0.01,5.18,1575.5,True,,0.0,0.36,4.0,0.82,5.18,3
97,matrixmul,large,cold,200,23003.18,23000.28,2.9,8.15,22992.13,True,,0.0,0.55,6.51,1.09,8.15,1
98,resnet,large,warm,200,157.49,157.48,0.01,146.05,11.43,False,,,,,,,2
99,mobilenet,small,cold,200,1472.88,1472.87,0.01,26.32,1446.55,True,,,,,,,2
100,matrixmul,small,warm,200,30.11,26.92,3.19,7.92,19.0,False,,0.0,0.54,6.5,0.87,7.92,1
101,resnet,large,warm,200,149.21,149.2,0.01,142.25,6.96,False,,,,,,,1
102,fastfouriertransform,large,cold,200,1430.82,1430.81,0.01,5.96,1424.85,True,,0.0,3.84,0.0,2.1,5.96,1
103,matrixmul,medium,warm,200,546.86,544.03,2.83,527.95,16.08,False,,0.0,0.52,6.35,521.07,527.95,1
104,fastfouriertransform,small,warm,200,25.21,25.2,0.01,7.25,17.95,False,,0.0,6.09,0.0,1.15,7.25,1
105,matrixmul,medium,warm,200,769.13,561.96,207.17,545.86,16.09,False,,0.0,0.57,6.35,538.93,545.86,1
106,mobilenet,small,cold,200,1596.92,1596.91,0.01,30.37,1566.54,True,,,,,,,1
107,mobilenet,large,warm,200,30.58,30.58,0.01,23.22,7.35,False,,,,,,,1
108,fastfouriertransform,small,warm,200,24.94,24.93,0.01,7.33,17.6,False,,0.0,6.13,0.0,1.2,7.33,1
109,genmatrix,medium,cold,200,1412.76,1409.83,2.93,6.39,1403.45,True,,0.0,0.03,,6.36,6.39,1
110,linpack,small,cold,200,1869.68,1869.68,0.01,5.19,1864.48,True,,0.0,0.34,4.01,0.84,5.19,1
111,linpack,large,warm,200,19.74,19.73,0.01,8.01,11.72,False,,0.0,0.52,6.32,1.16,8.0,1
112,linpack,small,warm,200,20.41,20.4,0.01,8.02,12.38,False,,0.0,0.52,6.35,1.15,8.02,1
113,mobilenet,large,warm,200,236.45,236.44,0.01,23.11,213.33,False,,,,,,,1
114,fetchdata,large,cold,200,1818.58,1818.57,0.01,133.05,1685.52,True,133.01,0.0,0.03,0.0,,133.05,1
115,mobilenet,medium,warm,200,31.34,31.33,0.01,23.53,7.8,False,,,,,,,1
116,resnet,large,cold,200,2214.55,2214.54,0.01,126.69,2087.85,True,,,,,,,1
117,fetchdata,small,warm,200,90.46,90.46,0.01,83.4,7.06,False,83.36,0.0,0.03,0.0,,83.4,1
118,resnet,large,warm,200,148.28,148.27,0.01,138.36,9.91,False,,,,,,,1
119,genmatrix,small,cold,200,1458.17,1456.84,1.34,6.71,1450.13,True,,0.0,0.03,,6.68,6.71,1
120,genmatrix,medium,warm,200,158.25,16.29,141.96,0.33,15.96,False,,0.0,0.04,,0.29,0.33,1
121,fetchdata,large,warm,200,142.15,142.14,0.01,135.57,6.57,False,135.53,0.0,0.03,0.0,,135.57,1
122,genmatrix,medium,warm,200,16.27,13.22,3.04,0.29,12.93,False,,0.0,0.03,,0.26,0.29,1
123,fetchdata,large,warm,200,89.4,89.39,0.01,82.59,6.8,False,82.55,0.0,0.03,0.0,,82.59,1
124,fetchdata,small,warm,200,88.3,88.29,0.01,82.11,6.18,False,82.07,0.0,0.03,0.0,,82.11,1
125,mobilenet,small,cold,200,1699.78,1699.78,0.01,27.92,1671.86,True,,,,,,,1
126,fastfouriertransform,medium,cold,200,1977.62,1977.61,0.01,604.71,1372.9,True,,0.0,3.89,0.0,600.8,604.7,1
127,fastfouriertransform,large,warm,200,27.34,27.34,0.01,8.37,18.97,False,,0.0,6.74,0.01,1.61,8.37,1
128,resnet,small,cold,200,2138.81,2138.8,0.01,145.42,1993.38,True,,,,,,,1
129,resnet,small,warm,200,152.77,152.76,0.01,145.75,7.01,False,,,,,,,1
130,fastfouriertransform,small,warm,200,25.25,25.25,0.01,7.27,17.98,False,,0.0,6.13,0.0,1.13,7.27,1
131,genmatrix,large,cold,200,1579.9,1571.46,8.43,9.73,1561.74,True,,0.0,0.03,,9.69,9.72,1
132,fastfouriertransform,small,warm,200,24.96,24.95,0.01,7.23,17.72,False,,0.0,6.08,0.0,1.14,7.23,1
133,fastfouriertransform,small,warm,200,25.15,25.14,0.01,7.24,17.91,False,,0.0,6.09,0.0,1.14,7.24,1
134,linpack,medium,cold,200,1945.72,1945.71,0.01,641.32,1304.39,True,,0.0,0.36,4.07,636.88,641.31,1
135,fastfouriertransform,large,warm,200,24.31,24.3,0.01,7.23,17.07,False,,0.0,6.09,0.0,1.13,7.23,1
136,mobilenet,medium,cold,200,1492.23,1492.22,0.01,30.57,1461.65,True,,,,,,,1
137,genmatrix,medium,warm,200,15.14,13.21,1.93,0.29,12.92,False,,0.0,0.03,,0.25,0.29,1
138,mobilenet,large,warm,200,32.77,32.76,0.01,23.72,9.05,False,,,,,,,1
139,mobilenet,large,warm,200,31.34,31.34,0.01,23.85,7.48,False,,,,,,,1
140,resnet,large,cold,200,2562.83,2562.82,0.01,127.48,2435.34,True,,,,,,,1
141,fetchdata,small,cold,200,1540.11,1540.11,0.01,126.16,1413.95,True,126.12,0.0,0.03,0.0,,126.15,1
142,linpack,medium,cold,200,1969.96,1969.95,0.01,643.38,1326.57,True,,0.0,0.36,3.99,639.02,643.38,1
143,linpack,medium,warm,200,685.32,685.31,0.01,674.2,11.11,False,,0.0,0.59,6.3,667.3,674.2,1
144,mobilenet,small,warm,200,36.01,36.0,0.01,28.98,7.02,False,,,,,,,1
145,fastfouriertransform,large,cold,200,1481.03,1481.02,0.01,6.19,1474.83,True,,0.0,3.89,0.0,2.29,6.19,1
146,fetchdata,medium,warm,200,136.71,136.7,0.01,129.41,7.29,False,129.37,0.0,0.03,0.0,,129.41,1
147,fetchdata,medium,warm,200,88.23,88.22,0.01,81.52,6.71,False,81.48,0.0,0.03,0.0,,81.51,1
148,fetchdata,large,warm,200,90.56,90.56,0.01,83.4,7.16,False,83.36,0.0,0.03,0.0,,83.4,1
149,fastfouriertransform,large,warm,200,24.6,24.6,0.01,7.26,17.34,False,,0.0,6.1,0.0,1.14,7.26,1
150,genmatrix,large,cold,200,1419.25,1410.84,8.41,9.06,1401.77,True,,0.0,0.03,,9.03,9.06,1
151,fastfouriertransform,small,warm,200,24.87,24.86,0.01,7.23,17.63,False,,0.0,6.13,0.0,1.09,7.23,1
152,fetchdata,large,warm,200,138.65,138.64,0.01,131.73,6.91,False,131.69,0.0,0.03,0.0,,131.73,1
153,matrixmul,small,cold,200,2292.94,2290.12,2.82,4.95,2285.17,True,,0.0,0.34,3.99,0.6,4.94,1
154,mobilenet,small,cold,200,1594.19,1594.18,0.01,28.09,1566.09,True,,,,,,,1
155,mobilenet,large,warm,200,41.29,41.28,0.01,32.59,8.69,False,,,,,,,1
156,fetchdata,small,warm,200,134.21,134.2,0.01,127.26,6.94,False,127.22,0.0,0.03,0.0,,127.26,1
157,fetchdata,small,warm,200,88.76,88.75,0.01,81.6,7.15,False,81.56,0.0,0.03,0.0,,81.6,1
158,matrixmul,medium,warm,200,568.76,565.96,2.8,550.13,15.83,False,,0.0,0.57,6.32,543.23,550.13,1
159,mobilenet,small,warm,200,34.22,34.21,0.01,26.85,7.36,False,,,,,,,1
160,fetchdata,large,warm,200,134.05,134.04,0.01,128.21,5.84,False,128.16,0.0,0.04,0.0,,128.2,1
161,fastfouriertransform,small,cold,200,1508.29,1508.28,0.01,5.98,1502.31,True,,0.0,3.87,0.0,2.1,5.98,1
162,genmatrix,large,cold,200,1303.21,1295.31,7.9,8.7,1286.61,True,,0.0,0.03,,8.66,8.7,1
163,linpack,small,cold,200,1459.38,1459.37,0.01,5.21,1454.16,True,,0.0,0.36,4.02,0.83,5.21,1
164,fastfouriertransform,small,warm,200,25.18,25.17,0.01,7.3,17.87,False,,0.0,6.17,0.0,1.12,7.3,1
165,mobilenet,medium,warm,200,41.21,41.2,0.01,33.6,7.6,False,,,,,,,1
166,fetchdata,medium,warm,200,136.62,136.61,0.01,129.83,6.79,False,129.79,0.0,0.03,0.0,,129.83,1
167,mobilenet,medium,warm,200,46.18,46.17,0.01,34.85,11.32,False,,,,,,,1
168,fastfouriertransform,small,warm,200,24.71,24.7,0.01,7.24,17.46,False,,0.0,6.09,0.0,1.15,7.24,1
169,fetchdata,small,warm,200,90.02,90.02,0.01,83.15,6.87,False,83.11,0.0,0.02,0.0,,83.15,1
170,fetchdata,medium,warm,200,138.44,138.43,0.01,131.8,6.64,False,131.76,0.0,0.02,0.0,,131.79,1
171,linpack,medium,cold,200,2259.27,2259.26,0.01,643.95,1615.31,True,,0.0,0.37,4.01,639.56,643.95,1
172,matrixmul,medium,cold,200,2860.15,2857.0,3.15,508.03,2348.97,True,,0.0,0.36,3.99,503.68,508.03,1
173,genmatrix,large,cold,200,1285.94,1277.46,8.48,8.91,1268.54,True,,0.0,0.03,,8.88,8.91,1
174,linpack,large,warm,200,19.12,19.12,0.01,8.27,10.85,False,,0.0,0.55,6.36,1.35,8.27,1
175,genmatrix,large,warm,200,54.23,46.19,8.05,1.13,45.06,False,,0.0,0.03,,1.09,1.12,1
176,fetchdata,small,warm,200,135.08,135.07,0.01,129.04,6.03,False,129.01,0.0,0.02,0.0,,129.04,1
177,mobilenet,medium,cold,200,1647.7,1647.69,0.01,29.82,1617.87,True,,,,,,,1
178,mobilenet,small,warm,200,31.16,31.16,0.01,22.85,8.3,False,,,,,,,1
179,resnet,large,cold,200,2518.5,2518.49,0.01,127.47,2391.02,True,,,,,,,1
180,resnet,small,warm,200,152.66,152.65,0.01,142.4,10.25,False,,,,,,,1
181,genmatrix,medium,warm,200,17.12,13.74,3.38,0.3,13.45,False,,0.0,0.03,,0.26,0.29,1
182,fastfouriertransform,small,cold,200,1342.0,1342.0,0.01,5.97,1336.03,True,,0.0,3.85,0.0,2.11,5.97,1
183,resnet,medium,warm,200,156.98,156.97,0.01,146.68,10.3,False,,,,,,,1
184,resnet,large,warm,200,153.73,153.71,0.02,146.48,7.24,False,,,,,,,1
185,mobilenet,small,cold,200,1439.15,1439.14,0.01,30.13,1409.01,True,,,,,,,1
186,resnet,small,warm,200,153.1,153.1,0.01,145.78,7.32,False,,,,,,,1
187,linpack,small,cold,200,1876.1,1876.09,0.01,5.16,1870.93,True,,0.0,0.34,4.0,0.82,5.16,1
188,fastfouriertransform,large,warm,200,24.63,24.63,0.01,7.23,17.4,False,,0.0,6.06,0.0,1.16,7.23,1
189,fastfouriertransform,large,warm,200,25.4,25.39,0.01,7.31,18.08,False,,0.0,6.1,0.0,1.2,7.31,1
190,linpack,small,warm,200,20.38,20.37,0.01,8.06,12.31,False,,0.0,0.58,6.34,1.14,8.06,1
191,fetchdata,small,cold,200,1960.32,1960.32,0.01,133.36,1826.96,True,133.32,0.0,0.03,0.0,,133.36,1
192,resnet,small,warm,200,150.38,150.38,0.01,142.84,7.54,False,,,,,,,1
193,resnet,large,warm,200,153.86,153.86,0.01,147.08,6.78,False,,,,,,,1
194,fastfouriertransform,large,warm,200,24.15,24.15,0.01,7.22,16.92,False,,0.0,6.08,0.0,1.13,7.22,1
195,fastfouriertransform,medium,warm,200,654.01,654.0,0.01,636.08,17.92,False,,0.0,6.09,0.0,629.97,636.07,1
196,genmatrix,large,cold,200,1818.39,1810.18,8.21,9.32,1800.86,True,,0.0,0.03,,9.29,9.32,1
197,resnet,large,warm,200,154.94,154.93,0.01,147.25,7.68,False,,,,,,,1
198,matrixmul,medium,cold,200,2731.5,2728.45,3.05,507.21,2221.24,True,,0.0,0.35,4.02,502.84,507.21,1
199,mobilenet,large,cold,200,1505.64,1505.64,0.01,27.99,1477.64,True,,,,,,,1
200,genmatrix,medium,warm,200,16.13,13.54,2.59,0.3,13.24,False,,0.0,0.03,,0.26,0.29,1
201,mobilenet,medium,warm,200,241.22,241.21,0.01,23.56,217.65,False,,,,,,,1
202,fetchdata,small,cold,200,1629.35,1629.35,0.01,143.26,1486.09,True,143.23,0.0,0.02,0.0,,143.26,1
203,genmatrix,large,warm,200,54.62,46.19,8.44,1.16,45.03,False,,0.0,0.03,,1.12,1.16,1
204,matrixmul,medium,warm,200,554.96,552.43,2.53,537.21,15.23,False,,0.0,0.52,6.3,530.37,537.2,1
205,matrixmul,small,warm,200,28.79,25.83,2.95,7.79,18.04,False,,0.0,0.53,6.37,0.89,7.79,1
206,fastfouriertransform,medium,cold,200,1890.81,1890.8,0.01,616.45,1274.35,True,,0.0,3.86,0.0,612.59,616.45,1
207,resnet,large,cold,200,2110.67,2110.66,0.01,134.86,1975.8,True,,,,,,,1
208,fastfouriertransform,small,warm,200,25.04,25.03,0.01,7.31,17.72,False,,0.0,6.19,0.0,1.11,7.31,1
209,resnet,small,warm,200,144.69,144.68,0.01,137.97,6.72,False,,,,,,,1
210,resnet,medium,warm,200,157.69,157.68,0.01,146.52,11.15,False,,,,,,,1
211,mobilenet,medium,cold,200,1473.68,1473.67,0.01,27.16,1446.51,True,,,,,,,1
212,fastfouriertransform,small,warm,200,25.03,25.02,0.01,7.34,17.68,False,,0.0,6.15,0.0,1.18,7.34,1
213,matrixmul,medium,cold,200,11543.06,11540.31,2.75,544.35,10995.96,True,,0.0,0.56,6.38,537.41,544.35,1
214,mobilenet,medium,warm,200,35.44,35.43,0.01,23.12,12.31,False,,,,,,,2
215,linpack,large,cold,200,1563.29,1563.28,0.01,5.19,1558.1,True,,0.0,0.37,3.99,0.82,5.19,1
216,genmatrix,medium,cold,200,1265.15,1261.72,3.44,6.27,1255.45,True,,0.0,0.03,,6.23,6.26,1
217,resnet,large,cold,200,21125.0,21125.0,0.01,141.93,20983.07,True,,,,,,,1
218,resnet,small,cold,200,11255.66,11255.66,0.01,122.61,11133.05,False,,,,,,,2
219,genmatrix,large,warm,200,56.85,49.44,7.41,1.33,48.11,False,,0.0,0.04,,1.28,1.32,3
220,matrixmul,large,warm,200,29.44,26.56,2.89,7.73,18.82,False,,0.0,0.52,6.34,0.86,7.73,1
221,fastfouriertransform,small,cold,200,1537.26,1537.25,0.01,6.03,1531.22,True,,0.0,3.89,0.0,2.13,6.03,1
222,matrixmul,small,warm,200,28.32,25.74,2.58,7.8,17.95,False,,0.0,0.53,6.38,0.88,7.79,1
223,fastfouriertransform,large,warm,200,26.48,26.48,0.01,7.77,18.7,False,,0.0,6.36,0.01,1.4,7.77,1
224,resnet,small,warm,200,156.38,156.38,0.01,149.65,6.73,False,,,,,,,1
225,matrixmul,medium,warm,200,567.21,564.42,2.79,547.91,16.51,False,,0.0,0.54,6.32,541.04,547.9,1
226,resnet,small,warm,200,151.53,151.53,0.01,144.17,7.36,False,,,,,,,1
227,genmatrix,medium,cold,200,1451.84,1449.16,2.68,6.27,1442.89,True,,0.0,0.02,,6.24,6.27,1
228,mobilenet,large,cold,200,1543.34,1543.33,0.01,27.93,1515.4,True,,,,,,,1
229,genmatrix,medium,warm,200,18.6,15.31,3.29,0.3,15.01,False,,0.0,0.04,,0.26,0.3,1
230,resnet,medium,warm,200,159.81,159.8,0.01,149.98,9.81,False,,,,,,,1
231,matrixmul,small,warm,200,29.31,26.39,2.93,7.7,18.68,False,,0.0,0.52,6.31,0.86,7.7,1
232,fastfouriertransform,large,cold,200,1439.07,1439.06,0.01,6.06,1433.01,True,,0.0,3.88,0.0,2.17,6.05,1
233,fetchdata,medium,cold,200,1675.73,1675.72,0.01,131.84,1543.88,True,131.81,0.0,0.02,0.0,,131.84,1
234,fastfouriertransform,small,warm,200,23.49,23.48,0.01,7.28,16.2,False,,0.0,6.14,0.0,1.13,7.28,1
235,matrixmul,small,warm,200,29.74,26.55,3.19,7.75,18.8,False,,0.0,0.52,6.34,0.88,7.75,1
236,genmatrix,medium,cold,200,1447.34,1444.05,3.28,6.37,1437.69,True,,0.0,0.02,,6.33,6.36,1
237,mobilenet,large,cold,200,1514.84,1514.83,0.01,34.63,1480.2,True,,,,,,,1
238,fetchdata,large,warm,200,134.63,134.63,0.01,127.33,7.3,False,127.29,0.0,0.03,0.0,,127.33,1
239,genmatrix,medium,warm,200,21.0,17.22,3.78,0.3,16.92,False,,0.0,0.04,,0.26,0.3,1
240,resnet,small,cold,200,3189.48,3189.47,0.01,130.67,3058.8,True,,,,,,,1
241,fastfouriertransform,small,cold,200,1425.72,1425.72,0.01,7.06,1418.65,True,,0.0,3.89,0.0,3.16,7.06,1
242,genmatrix,small,warm,200,9.76,8.5,1.26,0.15,8.35,False,,0.0,0.03,,0.11,0.15,1
243,resnet,small,warm,200,157.02,157.01,0.01,149.9,7.11,False,,,,,,,1
244,linpack,medium,cold,200,2053.47,2053.47,0.01,645.37,1408.1,True,,0.0,0.37,4.02,640.98,645.37,1
245,resnet,large,warm,200,360.55,360.55,0.01,146.15,214.4,False,,,,,,,1
246,mobilenet,medium,cold,200,1399.31,1399.3,0.01,26.77,1372.54,True,,,,,,,1
247,mobilenet,small,warm,200,33.6,33.59,0.01,26.09,7.5,False,,,,,,,1
248,matrixmul,medium,cold,200,2501.44,2498.3,3.14,506.75,1991.55,True,,0.0,0.35,3.99,502.4,506.75,1
249,linpack,small,warm,200,19.22,19.21,0.01,8.03,11.18,False,,0.0,0.54,6.33,1.16,8.03,1
250,matrixmul,small,warm,200,30.61,26.7,3.91,7.88,18.81,False,,0.0,0.52,6.48,0.88,7.88,1
251,genmatrix,small,cold,200,1388.28,1387.09,1.18,6.18,1380.91,True,,0.0,0.03,,6.15,6.18,1
252,genmatrix,small,warm,200,9.84,8.51,1.32,0.15,8.37,False,,0.0,0.03,,0.11,0.15,1
253,matrixmul,large,warm,200,30.15,26.69,3.46,7.72,18.97,False,,0.0,0.54,6.31,0.86,7.72,1
254,linpack,medium,warm,200,692.28,692.27,0.01,680.24,12.03,False,,0.0,0.53,6.35,673.35,680.24,1
255,resnet,large,cold,200,2598.33,2598.33,0.01,128.47,2469.85,True,,,,,,,1
256,mobilenet,small,cold,200,1466.42,1466.41,0.01,27.34,1439.07,True,,,,,,,1
257,linpack,small,warm,200,19.76,19.75,0.01,8.05,11.69,False,,0.0,0.52,6.36,1.16,8.05,1
258,linpack,small,warm,200,19.38,19.38,0.01,7.95,11.42,False,,0.0,0.52,6.36,1.07,7.95,1
259,fetchdata,small,cold,200,1665.52,1665.52,0.01,135.17,1530.35,True,135.14,0.0,0.02,0.0,,135.17,1
260,mobilenet,large,warm,200,44.53,44.53,0.01,37.46,7.06,False,,,,,,,1
261,matrixmul,medium,cold,200,11530.78,11527.44,3.35,537.16,10990.28,True,,0.0,0.56,6.37,530.21,537.15,1
262,linpack,large,warm,200,19.19,19.18,0.01,8.05,11.13,False,,0.0,0.53,6.36,1.14,8.05,2
263,linpack,large,warm,200,19.54,19.53,0.01,8.02,11.52,False,,0.0,0.52,6.35,1.14,8.01,1
264,linpack,small,warm,200,19.63,19.62,0.01,8.0,11.62,False,,0.0,0.52,6.37,1.11,8.0,1
265,matrixmul,small,warm,200,28.85,25.96,2.9,7.71,18.25,False,,0.0,0.52,6.32,0.86,7.71,1
266,linpack,large,warm,200,19.69,19.69,0.01,8.03,11.66,False,,0.0,0.54,6.34,1.14,8.03,1
267,fastfouriertransform,medium,cold,200,2659.32,2659.32,0.01,600.62,2058.7,True,,0.0,3.87,0.0,596.74,600.62,1
268,linpack,small,warm,200,20.14,20.13,0.01,8.07,12.06,False,,0.0,0.51,6.35,1.2,8.07,1
269,linpack,medium,warm,200,688.15,688.14,0.01,676.4,11.75,False,,0.0,0.51,6.35,669.52,676.39,1
270,mobilenet,small,cold,200,1459.1,1459.09,0.01,26.18,1432.91,True,,,,,,,1
271,linpack,medium,warm,200,691.27,691.26,0.01,680.46,10.8,False,,0.0,0.53,6.31,673.62,680.46,1
272,matrixmul,medium,cold,200,21545.99,21542.68,3.31,549.43,20993.26,True,,0.0,0.54,6.43,542.44,549.42,1
273,linpack,small,warm,200,21.01,21.01,0.01,8.05,12.96,False,,0.0,0.52,6.4,1.13,8.05,2
274,mobilenet,small,warm,200,52.19,52.19,0.01,44.75,7.43,False,,,,,,,2
275,genmatrix,small,cold,200,1397.86,1396.64,1.22,6.5,1390.14,True,,0.0,0.02,,6.47,6.5,1
276,fetchdata,medium,cold,200,1798.97,1798.97,0.01,129.17,1669.8,True,129.13,0.0,0.02,0.0,,129.16,1
277,matrixmul,small,warm,200,30.59,27.38,3.21,8.93,18.45,False,,0.0,0.53,7.5,0.88,8.93,1
278,linpack,medium,warm,200,676.04,676.03,0.01,664.48,11.55,False,,0.0,0.51,6.34,657.63,664.48,1
279,matrixmul,large,warm,200,30.8,26.85,3.95,7.77,19.08,False,,0.0,0.52,6.37,0.87,7.77,1
280,resnet,medium,cold,200,3206.77,3206.76,0.01,128.84,3077.92,True,,,,,,,1
281,genmatrix,large,warm,200,60.88,49.74,11.14,1.36,48.38,False,,0.0,0.03,,1.32,1.36,1
282,matrixmul,small,warm,200,28.1,25.55,2.55,7.75,17.8,False,,0.0,0.52,6.35,0.88,7.75,1
283,fastfouriertransform,medium,cold,200,1953.11,1953.1,0.01,617.6,1335.5,True,,0.0,3.91,0.0,613.68,617.6,1
284,mobilenet,large,cold,200,1904.15,1904.14,0.01,30.16,1873.98,True,,,,,,,1
285,matrixmul,small,warm,200,28.86,26.03,2.83,7.79,18.24,False,,0.0,0.52,6.4,0.87,7.79,1
286,fastfouriertransform,large,warm,200,25.99,25.98,0.01,7.3,18.69,False,,0.0,6.1,0.0,1.18,7.29,1
287,fetchdata,medium,cold,200,1560.81,1560.8,0.01,124.4,1436.4,True,124.37,0.0,0.02,0.0,,124.4,1
288,genmatrix,medium,cold,200,1438.06,1435.38,2.69,6.59,1428.78,True,,0.0,0.02,,6.56,6.59,1
289,fetchdata,large,warm,200,87.57,87.56,0.01,80.84,6.72,False,80.8,0.0,0.03,0.0,,80.84,1
290,resnet,small,cold,200,2121.56,2121.56,0.01,139.66,1981.9,True,,,,,,,1
291,fetchdata,large,warm,200,134.12,134.11,0.01,127.15,6.97,False,127.11,0.0,0.03,0.0,,127.14,1
292,mobilenet,medium,cold,200,1908.64,1908.64,0.01,31.61,1877.03,True,,,,,,,1
293,fastfouriertransform,large,cold,200,1325.09,1325.08,0.01,5.96,1319.12,True,,0.0,3.85,0.0,2.1,5.96,1
294,fetchdata,small,warm,200,135.22,135.22,0.01,128.18,7.04,False,128.14,0.0,0.03,0.0,,128.18,1
295,resnet,large,warm,200,167.79,167.78,0.01,160.73,7.05,False,,,,,,,1
296,genmatrix,large,cold,200,1369.29,1358.97,10.32,9.22,1349.75,True,,0.0,0.02,,9.19,9.22,1
297,genmatrix,large,warm,200,55.9,46.25,9.65,1.15,45.1,False,,0.0,0.03,,1.12,1.15,1
298,genmatrix,small,warm,200,9.96,8.76,1.19,0.15,8.61,False,,0.0,0.03,,0.12,0.15,1
299,matrixmul,medium,cold,200,2709.36,2706.79,2.57,508.62,2198.17,True,,0.0,0.35,4.0,504.26,508.62,1
300,fastfouriertransform,large,cold,200,1327.71,1327.7,0.01,5.95,1321.76,True,,0.0,3.84,0.0,2.1,5.95,1
301,matrixmul,large,warm,200,30.03,27.35,2.68,7.85,19.5,False,,0.0,0.52,6.45,0.87,7.85,1
302,matrixmul,large,warm,200,30.15,26.54,3.61,7.74,18.79,False,,0.0,0.52,6.35,0.87,7.74,1
303,linpack,small,cold,200,1386.62,1386.61,0.01,5.38,1381.23,True,,0.0,0.36,4.08,0.94,5.38,1
304,genmatrix,medium,warm,200,16.41,13.59,2.82,0.3,13.29,False,,0.0,0.03,,0.26,0.3,1
305,resnet,medium,cold,200,2513.76,2513.75,0.01,135.8,2377.96,True,,,,,,,1
306,genmatrix,medium,warm,200,16.9,13.38,3.51,0.29,13.09,False,,0.0,0.03,,0.26,0.29,1
307,matrixmul,medium,warm,200,559.61,556.46,3.14,539.84,16.63,False,,0.0,0.52,6.32,532.99,539.84,1
308,genmatrix,medium,warm,200,16.55,13.39,3.16,0.3,13.09,False,,0.0,0.03,,0.26,0.3,1
309,resnet,small,warm,200,151.96,151.95,0.01,144.97,6.98,False,,,,,,,1
310,mobilenet,medium,cold,200,2188.25,2188.25,0.01,31.73,2156.52,True,,,,,,,1
311,genmatrix,medium,warm,200,16.51,13.59,2.92,0.3,13.3,False,,0.0,0.03,,0.26,0.29,1
312,genmatrix,large,warm,200,55.53,45.88,9.66,1.28,44.6,False,,0.0,0.04,,1.24,1.28,1
313,mobilenet,large,warm,200,31.09,31.08,0.01,23.71,7.37,False,,,,,,,1
314,resnet,medium,warm,200,154.86,154.86,0.01,147.49,7.36,False,,,,,,,1
315,fetchdata,large,cold,200,1610.08,1610.08,0.01,136.03,1474.05,True,136.0,0.0,0.02,0.0,,136.03,1
316,linpack,small,cold,200,1390.48,1390.47,0.01,5.19,1385.28,True,,0.0,0.35,4.01,0.82,5.18,1
317,matrixmul,medium,cold,200,2720.95,2717.64,3.32,505.44,2212.19,True,,0.0,0.35,3.99,501.09,505.44,1
318,mobilenet,medium,warm,200,30.35,30.35,0.01,23.31,7.03,False,,,,,,,1
319,linpack,large,warm,200,20.15,20.14,0.01,7.99,12.15,False,,0.0,0.53,6.3,1.15,7.99,1
320,resnet,large,warm,200,165.94,165.93,0.01,159.29,6.64,False,,,,,,,1
321,matrixmul,medium,warm,200,557.27,554.2,3.07,537.79,16.41,False,,0.0,0.52,6.3,530.96,537.79,1
322,fetchdata,medium,cold,200,2178.98,2178.97,0.01,147.45,2031.51,True,147.42,0.0,0.02,0.0,,147.45,1
323,genmatrix,small,cold,200,1360.56,1359.28,1.27,6.96,1352.32,True,,0.0,0.03,,6.93,6.96,1
324,resnet,medium,warm,200,154.6,154.59,0.01,147.94,6.66,False,,,,,,,1
325,linpack,large,warm,200,20.51,20.5,0.01,8.36,12.14,False,,0.0,0.52,6.63,1.2,8.36,1
326,mobilenet,large,cold,200,1406.55,1406.54,0.01,26.19,1380.35,True,,,,,,,1
327,fastfouriertransform,medium,cold,200,1991.64,1991.63,0.01,630.83,1360.8,True,,0.0,3.85,0.0,626.97,630.82,1
328,resnet,large,warm,200,164.76,164.75,0.01,157.72,7.03,False,,,,,,,1
329,genmatrix,large,warm,200,60.92,49.39,11.53,1.38,48.01,False,,0.0,0.03,,1.34,1.38,1
330,matrixmul,small,cold,200,2994.16,2991.16,3.0,5.06,2986.1,True,,0.0,0.35,4.11,0.6,5.06,1
331,linpack,small,warm,200,19.7,19.69,0.01,8.0,11.69,False,,0.0,0.52,6.33,1.15,8.0,1
332,genmatrix,medium,warm,200,16.73,13.66,3.08,0.29,13.36,False,,0.0,0.03,,0.26,0.29,1
333,mobilenet,small,cold,200,1363.12,1363.11,0.01,26.53,1336.58,True,,,,,,,1
334,mobilenet,small,warm,200,31.19,31.18,0.01,23.76,7.42,False,,,,,,,1
335,fastfouriertransform,small,cold,200,1524.94,1524.94,0.01,6.04,1518.9,True,,0.0,3.89,0.0,2.14,6.04,1
336,fetchdata,large,cold,200,1463.23,1463.22,0.01,140.52,1322.71,True,140.48,0.0,0.02,0.0,,140.51,1
337,linpack,small,warm,200,19.31,19.31,0.01,8.07,11.24,False,,0.0,0.55,6.37,1.14,8.07,1
338,fetchdata,medium,warm,200,89.46,89.45,0.01,82.74,6.7,False,82.71,0.0,0.03,0.0,,82.74,1
339,genmatrix,large,cold,200,1485.35,1474.89,10.46,9.53,1465.36,True,,0.0,0.03,,9.5,9.53,1
340,mobilenet,large,warm,200,32.67,32.66,0.01,25.43,7.24,False,,,,,,,1
341,genmatrix,medium,warm,200,16.23,13.61,2.62,0.29,13.32,False,,0.0,0.03,,0.25,0.29,1
342,fetchdata,medium,warm,200,143.14,143.13,0.01,136.64,6.49,False,136.61,0.0,0.03,0.0,,136.64,1
343,mobilenet,small,warm,200,46.62,46.61,0.01,39.51,7.1,False,,,,,,,1
344,genmatrix,large,warm,200,53.23,43.5,9.73,1.18,42.32,False,,0.0,0.03,,1.15,1.18,1
345,fastfouriertransform,small,cold,200,1450.9,1450.89,0.01,5.99,1444.9,True,,0.0,3.86,0.0,2.13,5.99,1
346,linpack,medium,cold,200,1992.24,1992.23,0.01,648.71,1343.52,True,,0.0,0.39,3.99,644.32,648.71,1
347,mobilenet,small,warm,200,28.75,28.74,0.01,22.63,6.12,False,,,,,,,1
348,linpack,large,warm,200,19.37,19.36,0.01,7.99,11.37,False,,0.0,0.53,6.32,1.13,7.99,1
349,resnet,medium,cold,200,2479.36,2479.35,0.01,138.85,2340.5,True,,,,,,,1
350,fastfouriertransform,large,warm,200,25.1,25.08,0.01,7.21,17.87,False,,0.0,6.06,0.0,1.14,7.21,1
351,mobilenet,small,warm,200,41.4,41.4,0.01,33.75,7.65,False,,,,,,,1
352,fetchdata,small,cold,200,1485.83,1485.82,0.01,135.23,1350.59,True,135.19,0.0,0.02,0.0,,135.22,1
353,linpack,medium,warm,200,693.86,693.85,0.01,682.68,11.17,False,,0.0,0.51,6.3,675.85,682.68,1
354,genmatrix,large,cold,200,1478.42,1468.19,10.23,8.92,1459.27,True,,0.0,0.03,,8.88,8.92,1
355,resnet,large,warm,200,218.86,218.86,0.01,141.08,77.77,False,,,,,,,1
356,matrixmul,medium,cold,200,12522.31,12519.42,2.89,541.1,11978.32,True,,0.0,0.55,6.37,534.18,541.1,1
357,resnet,large,warm,200,165.5,165.49,0.01,145.91,19.58,False,,,,,,,2
358,resnet,medium,warm,200,147.64,147.63,0.01,140.94,6.69,False,,,,,,,1
359,linpack,large,warm,200,19.17,19.16,0.01,7.97,11.19,False,,0.0,0.51,6.31,1.13,7.96,1
360,fetchdata,small,cold,200,1582.6,1582.6,0.01,130.43,1452.16,True,130.4,0.0,0.02,0.0,,130.43,1
361,genmatrix,medium,cold,200,1299.39,1296.3,3.08,6.35,1289.96,True,,0.0,0.03,,6.32,6.35,1
362,fetchdata,medium,warm,200,86.74,86.73,0.01,79.9,6.83,False,79.86,0.0,0.03,0.0,,79.9,1
363,linpack,small,warm,200,19.03,19.03,0.01,8.03,10.99,False,,0.0,0.55,6.34,1.14,8.03,1
364,linpack,large,warm,200,19.45,19.44,0.01,7.98,11.46,False,,0.0,0.52,6.31,1.15,7.98,1
365,matrixmul,large,cold,200,15009.39,15006.12,3.27,7.75,14998.37,True,,0.0,0.56,6.3,0.87,7.74,1
366,fetchdata,large,warm,200,134.18,134.17,0.01,125.74,8.43,False,125.71,0.0,0.03,0.0,,125.74,2
367,mobilenet,medium,cold,200,1384.57,1384.55,0.01,28.19,1356.36,True,,,,,,,1
368,fetchdata,small,warm,200,135.86,135.85,0.01,129.29,6.56,False,129.25,0.0,0.03,0.0,,129.29,1
369,genmatrix,medium,cold,200,1545.16,1542.22,2.94,7.01,1535.22,True,,0.0,0.03,,6.97,7.0,1
370,mobilenet,medium,warm,200,30.87,30.87,0.01,23.67,7.2,False,,,,,,,1
371,matrixmul,medium,warm,200,563.45,559.84,3.61,543.12,16.73,False,,0.0,0.61,6.31,536.19,543.11,1
372,resnet,small,cold,200,2144.88,2144.87,0.01,131.04,2013.83,True,,,,,,,1
373,mobilenet,small,warm,200,29.79,29.78,0.01,22.85,6.93,False,,,,,,,1
374,mobilenet,medium,warm,200,52.71,52.7,0.01,45.28,7.41,False,,,,,,,1
375,genmatrix,small,warm,200,12.02,10.78,1.23,0.16,10.63,False,,0.0,0.04,,0.12,0.15,1
376,genmatrix,small,warm,200,9.27,8.0,1.27,0.15,7.85,False,,0.0,0.03,,0.11,0.15,1
377,fastfouriertransform,medium,cold,200,2136.99,2136.98,0.01,610.76,1526.22,True,,0.0,3.9,0.0,606.85,610.76,1
378,fetchdata,medium,cold,200,1530.26,1530.25,0.01,125.81,1404.44,True,125.78,0.0,0.02,0.0,,125.81,1
379,resnet,medium,cold,200,23128.48,23128.48,0.01,144.98,22983.5,True,,,,,,,1
380,fetchdata,small,warm,200,89.22,89.21,0.01,81.05,8.15,False,81.02,0.0,0.03,0.0,,81.05,2
381,mobilenet,medium,cold,200,1552.51,1552.5,0.01,26.47,1526.03,True,,,,,,,2
382,fetchdata,large,warm,200,136.51,136.51,0.01,129.27,7.24,False,129.23,0.0,0.03,0.0,,129.27,1
383,genmatrix,small,cold,200,1320.56,1319.18,1.38,6.24,1312.94,True,,0.0,0.02,,6.2,6.23,1
384,linpack,large,cold,200,1298.14,1298.13,0.01,5.3,1292.83,True,,0.0,0.36,4.08,0.86,5.3,1
385,fetchdata,medium,warm,200,139.7,139.69,0.01,133.01,6.68,False,132.97,0.0,0.03,0.0,,133.01,1
386,fastfouriertransform,medium,cold,200,2107.96,2107.95,0.01,600.11,1507.83,True,,0.0,3.9,0.0,596.21,600.11,1
387,matrixmul,medium,cold,200,2594.03,2591.18,2.85,504.82,2086.36,True,,0.0,0.34,3.98,500.48,504.82,1
388,linpack,medium,warm,200,685.42,685.41,0.01,673.95,11.46,False,,0.0,0.53,6.32,667.09,673.95,1
389,resnet,large,cold,200,15133.28,15133.28,0.01,152.53,14980.75,True,,,,,,,1
390,genmatrix,large,cold,200,1546.87,1539.16,7.71,8.48,1530.68,True,,0.0,0.02,,8.45,8.48,2
391,linpack,large,warm,200,19.52,19.51,0.01,8.0,11.52,False,,0.0,0.54,6.32,1.13,7.99,1
392,mobilenet,medium,cold,200,1388.83,1388.82,0.01,28.51,1360.31,True,,,,,,,1
393,mobilenet,medium,warm,200,35.66,35.65,0.01,28.19,7.47,False,,,,,,,1
394,fetchdata,medium,cold,200,1687.52,1687.52,0.01,132.26,1555.26,True,132.23,0.0,0.02,0.0,,132.26,1
395,fastfouriertransform,medium,cold,200,1927.42,1927.41,0.01,603.74,1323.67,True,,0.0,3.88,0.0,599.85,603.74,1
396,matrixmul,large,cold,200,4991.29,4988.28,3.0,4.93,4983.35,True,,0.0,0.35,3.98,0.59,4.93,1
397,genmatrix,medium,cold,200,1383.56,1380.16,3.4,6.26,1373.89,True,,0.0,0.03,,6.23,6.26,1
398,genmatrix,small,warm,200,10.7,9.65,1.05,0.28,9.36,False,,0.0,0.04,,0.24,0.28,1
399,linpack,medium,cold,200,2180.41,2180.41,0.01,674.92,1505.49,True,,0.0,0.35,4.05,670.51,674.91,1
400,mobilenet,large,cold,200,1428.43,1428.42,0.01,35.37,1393.05,True,,,,,,,1
401,resnet,small,cold,200,2171.19,2171.18,0.01,132.35,2038.83,True,,,,,,,1
402,fetchdata,large,cold,200,1571.29,1571.29,0.01,124.04,1447.25,True,124.01,0.0,0.02,0.0,,124.04,1
403,resnet,large,warm,200,161.28,161.27,0.01,154.11,7.16,False,,,,,,,1
404,fastfouriertransform,small,cold,200,1737.01,1737.0,0.01,6.18,1730.82,True,,0.0,3.88,0.0,2.29,6.18,1
405,genmatrix,medium,cold,200,1277.14,1274.3,2.83,6.32,1267.98,True,,0.0,0.02,,6.29,6.32,1
406,mobilenet,medium,warm,200,69.09,69.08,0.01,62.47,6.61,False,,,,,,,1
407,mobilenet,small,warm,200,41.79,41.78,0.01,33.84,7.94,False,,,,,,,1
408,matrixmul,medium,cold,200,3086.63,3083.36,3.26,504.91,2578.45,True,,0.0,0.36,4.01,500.54,504.91,1
409,matrixmul,small,warm,200,27.98,25.47,2.51,7.68,17.79,False,,0.0,0.52,6.28,0.86,7.68,1
410,fetchdata,medium,cold,200,1600.18,1600.17,0.01,128.26,1471.91,True,128.23,0.0,0.03,0.0,,128.26,1
411,matrixmul,medium,warm,200,566.77,563.89,2.88,548.04,15.85,False,,0.0,0.52,6.32,541.2,548.04,1
412,matrixmul,medium,warm,200,563.63,560.57,3.06,544.69,15.88,False,,0.0,0.56,6.45,537.66,544.68,1
413,matrixmul,small,warm,200,28.83,26.3,2.53,7.74,18.56,False,,0.0,0.53,6.35,0.86,7.74,1
414,fetchdata,small,warm,200,135.88,135.87,0.01,128.81,7.07,False,128.77,0.0,0.03,0.0,,128.8,1
415,genmatrix,large,cold,200,1732.12,1724.65,7.47,8.48,1716.17,True,,0.0,0.02,,8.45,8.48,1
416,fastfouriertransform,medium,cold,200,1933.96,1933.95,0.01,615.91,1318.05,True,,0.0,3.92,0.01,611.98,615.91,1
417,mobilenet,large,cold,200,1391.05,1391.04,0.01,30.47,1360.57,True,,,,,,,1
418,fastfouriertransform,large,warm,200,24.67,24.66,0.01,7.3,17.36,False,,0.0,6.15,0.0,1.14,7.3,1
419,fastfouriertransform,small,warm,200,24.63,24.62,0.01,7.32,17.3,False,,0.0,6.12,0.0,1.19,7.32,1
420,mobilenet,small,warm,200,48.94,48.93,0.01,41.9,7.03,False,,,,,,,1
421,linpack,small,cold,200,1857.1,1857.09,0.01,5.22,1851.87,True,,0.0,0.37,4.02,0.83,5.22,1
422,resnet,small,cold,200,2334.41,2334.4,0.01,155.06,2179.34,True,,,,,,,1
423,mobilenet,small,warm,200,50.63,50.63,0.01,44.25,6.37,False,,,,,,,1
424,fetchdata,large,cold,200,1551.16,1551.15,0.01,125.68,1425.47,True,125.65,0.0,0.02,0.0,,125.68,1
425,fastfouriertransform,large,warm,200,25.24,25.23,0.01,7.34,17.88,False,,0.0,6.16,0.01,1.17,7.34,1
426,mobilenet,medium,warm,200,48.35,48.34,0.01,40.78,7.57,False,,,,,,,1
427,genmatrix,medium,cold,200,1788.53,1785.58,2.95,6.23,1779.35,True,,0.0,0.02,,6.2,6.22,1
428,linpack,medium,cold,200,2049.41,2049.4,0.01,643.4,1406.0,True,,0.0,0.4,4.01,638.98,643.39,1
429,mobilenet,large,warm,200,37.59,37.58,0.01,30.71,6.87,False,,,,,,,1
430,resnet,large,cold,200,13130.23,13130.23,0.01,150.88,12979.35,True,,,,,,,1
431,genmatrix,small,warm,200,12.47,11.23,1.24,0.15,11.08,False,,0.0,0.04,,0.11,0.15,2
432,linpack,small,warm,200,165.34,165.34,0.01,8.08,157.25,False,,0.0,0.6,6.35,1.13,8.08,1
433,matrixmul,small,cold,200,2103.45,2099.99,3.46,4.98,2095.01,True,,0.0,0.34,4.03,0.6,4.97,1
434,resnet,small,warm,200,146.8,146.79,0.01,136.71,10.08,False,,,,,,,1
435,matrixmul,large,warm,200,30.02,26.48,3.55,7.78,18.7,False,,0.0,0.54,6.36,0.87,7.78,1
436,genmatrix,medium,warm,200,16.01,13.13,2.88,0.3,12.83,False,,0.0,0.03,,0.27,0.3,1
437,fetchdata,large,cold,200,1637.6,1637.59,0.01,143.78,1493.82,True,143.75,0.0,0.03,0.0,,143.78,1
438,mobilenet,small,cold,200,1446.63,1446.63,0.01,32.68,1413.94,True,,,,,,,1
439,resnet,large,warm,200,185.96,185.95,0.01,153.32,32.63,False,,,,,,,1
440,linpack,large,cold,200,1646.01,1646.0,0.01,5.2,1640.8,True,,0.0,0.37,4.01,0.81,5.19,1
441,mobilenet,small,warm,200,32.86,32.85,0.01,23.92,8.93,False,,,,,,,1
442,genmatrix,medium,warm,200,16.42,13.4,3.02,0.3,13.1,False,,0.0,0.03,,0.26,0.29,1
443,linpack,large,warm,200,19.5,19.49,0.01,8.09,11.4,False,,0.0,0.57,6.35,1.17,8.09,1
444,resnet,small,warm,200,155.12,155.11,0.01,148.35,6.76,False,,,,,,,1
445,linpack,large,warm,200,21.76,21.76,0.01,8.11,13.64,False,,0.0,0.52,6.4,1.18,8.11,1
446,linpack,small,warm,200,20.17,20.16,0.01,8.15,12.01,False,,0.0,0.59,6.39,1.15,8.14,1
447,matrixmul,large,cold,200,2000.42,1997.44,2.98,4.95,1992.48,True,,0.0,0.35,4.0,0.6,4.95,1
448,fetchdata,large,cold,200,1545.81,1545.81,0.01,126.81,1418.99,True,126.78,0.0,0.02,0.0,,126.81,1
449,matrixmul,small,warm,200,29.05,26.46,2.59,7.78,18.68,False,,0.0,0.52,6.37,0.88,7.78,1
450,resnet,large,warm,200,148.47,148.46,0.01,141.36,7.1,False,,,,,,,1
451,matrixmul,small,warm,200,29.39,26.42,2.96,7.78,18.65,False,,0.0,0.52,6.36,0.89,7.77,1
452,linpack,medium,warm,200,691.25,691.24,0.01,679.39,11.85,False,,0.0,0.52,6.39,672.48,679.39,1
453,linpack,medium,warm,200,683.71,683.7,0.01,671.76,11.95,False,,0.0,0.53,6.36,664.86,671.76,1
454,fastfouriertransform,medium,cold,200,2048.39,2048.37,0.02,637.69,1410.68,True,,0.0,3.87,0.0,633.8,637.69,1
455,matrixmul,large,warm,200,29.15,26.19,2.97,7.78,18.41,False,,0.0,0.52,6.37,0.88,7.78,1
456,linpack,medium,warm,200,692.93,692.92,0.01,681.04,11.88,False,,0.0,0.53,6.34,674.16,681.04,1
457,genmatrix,small,cold,200,1283.46,1282.16,1.29,6.23,1275.94,True,,0.0,0.03,,6.19,6.22,1
458,fetchdata,small,cold,200,1728.87,1728.86,0.01,125.68,1603.18,True,125.65,0.0,0.02,0.0,,125.68,1
459,genmatrix,large,warm,200,56.71,48.54,8.16,1.42,47.13,False,,0.0,0.04,,1.37,1.41,1
460,genmatrix,medium,warm,200,16.78,13.63,3.16,0.29,13.33,False,,0.0,0.03,,0.26,0.29,1
461,resnet,large,cold,200,2113.38,2113.37,0.01,126.47,1986.9,True,,,,,,,1
462,linpack,medium,warm,200,692.09,692.08,0.01,680.71,11.37,False,,0.0,0.52,6.34,673.84,680.71,1
463,fetchdata,medium,warm,200,135.88,135.87,0.01,128.64,7.23,False,128.6,0.0,0.03,0.0,,128.64,1
464,linpack,large,warm,200,18.99,18.98,0.01,8.02,10.95,False,,0.0,0.52,6.37,1.14,8.02,1
465,resnet,medium,warm,200,151.95,151.94,0.01,143.58,8.36,False,,,,,,,1
466,matrixmul,small,cold,200,1972.06,1969.53,2.53,4.98,1964.56,True,,0.0,0.35,4.02,0.6,4.97,1
467,linpack,small,warm,200,19.27,19.26,0.01,8.02,11.24,False,,0.0,0.52,6.35,1.15,8.02,1
468,matrixmul,medium,warm,200,593.06,589.77,3.29,572.62,17.16,False,,0.0,0.53,6.33,565.74,572.61,1
469,mobilenet,medium,cold,200,1457.22,1457.21,0.01,31.33,1425.88,True,,,,,,,1
470,resnet,large,warm,200,164.03,164.02,0.01,156.87,7.15,False,,,,,,,1
471,genmatrix,medium,cold,200,1468.77,1465.55,3.21,6.26,1459.3,True,,0.0,0.03,,6.22,6.26,1
472,matrixmul,small,warm,200,30.24,26.72,3.52,7.75,18.97,False,,0.0,0.53,6.35,0.87,7.75,1
473,fetchdata,medium,cold,200,1611.24,1611.23,0.01,124.21,1487.03,True,124.18,0.0,0.02,0.0,,124.21,1
474,mobilenet,medium,warm,200,30.03,30.02,0.01,23.01,7.02,False,,,,,,,1
475,mobilenet,medium,warm,200,36.18,36.17,0.01,28.9,7.27,False,,,,,,,1
476,linpack,medium,cold,200,2113.42,2113.41,0.01,647.35,1466.06,True,,0.0,0.38,4.06,642.9,647.34,1
477,matrixmul,medium,warm,200,550.22,547.21,3.01,531.46,15.75,False,,0.0,0.52,6.32,524.61,531.46,1
478,resnet,large,cold,200,11136.77,11136.76,0.01,153.21,10983.55,True,,,,,,,1
479,matrixmul,large,warm,200,29.79,27.01,2.78,7.74,19.28,False,,0.0,0.53,6.33,0.87,7.74,2
480,fastfouriertransform,large,cold,200,1466.36,1466.35,0.01,6.0,1460.35,True,,0.0,3.88,0.0,2.11,6.0,1
481,mobilenet,small,warm,200,40.44,40.43,0.01,32.48,7.94,False,,,,,,,1
482,mobilenet,large,warm,200,30.38,30.37,0.01,23.33,7.05,False,,,,,,,1
483,fetchdata,medium,cold,200,1520.38,1520.37,0.01,147.37,1373.01,True,147.33,0.0,0.02,0.0,,147.37,1
484,resnet,small,warm,200,183.34,183.33,0.01,176.57,6.76,False,,,,,,,1
485,genmatrix,medium,cold,200,1424.94,1421.61,3.33,6.36,1415.25,True,,0.0,0.03,,6.32,6.36,1
486,genmatrix,large,warm,200,59.33,48.44,10.89,1.27,47.17,False,,0.0,0.04,,1.22,1.27,1
487,fetchdata,medium,warm,200,141.57,141.57,0.01,134.97,6.59,False,134.93,0.0,0.03,0.0,,134.97,1
488,linpack,small,cold,200,1385.85,1385.84,0.01,5.21,1380.63,True,,0.0,0.36,4.03,0.81,5.21,1
489,fastfouriertransform,medium,cold,200,2444.48,2444.47,0.01,601.18,1843.29,True,,0.0,3.83,0.0,597.34,601.18,1
490,mobilenet,medium,cold,200,1480.9,1480.9,0.01,27.13,1453.76,True,,,,,,,1
491,genmatrix,small,warm,200,9.07,7.98,1.1,0.15,7.82,False,,0.0,0.03,,0.12,0.15,1
492,matrixmul,large,cold,200,2182.13,2179.19,2.94,4.99,2174.2,True,,0.0,0.36,4.02,0.61,4.99,1
493,resnet,medium,cold,200,3179.26,3179.26,0.01,128.31,3050.95,True,,,,,,,1
494,fetchdata,large,cold,200,1512.87,1512.86,0.01,132.68,1380.18,True,132.65,0.0,0.02,0.0,,132.68,1
495,resnet,medium,warm,200,361.99,361.98,0.01,148.19,213.8,False,,,,,,,1
496,fetchdata,large,warm,200,90.98,90.98,0.01,84.38,6.6,False,84.34,0.0,0.03,0.0,,84.37,1
497,resnet,medium,warm,200,374.83,374.82,0.01,141.33,233.49,False,,,,,,,1
498,matrixmul,large,warm,200,29.6,26.56,3.04,7.74,18.82,False,,0.0,0.52,6.33,0.87,7.74,1
499,fetchdata,medium,warm,200,139.44,139.43,0.01,133.09,6.35,False,133.05,0.0,0.03,0.0,,133.09,1
500,matrixmul,medium,warm,200,546.96,543.98,2.97,528.36,15.63,False,,0.0,0.54,6.34,521.47,528.36,1
501,mobilenet,small,cold,200,1820.99,1820.98,0.01,28.4,1792.58,True,,,,,,,1
502,genmatrix,small,cold,200,1299.5,1298.28,1.22,7.0,1291.28,True,,0.0,0.03,,6.97,7.0,1
503,matrixmul,small,warm,200,28.33,26.19,2.14,7.76,18.42,False,,0.0,0.53,6.37,0.86,7.76,1
504,genmatrix,large,warm,200,57.01,48.55,8.47,1.45,47.09,False,,0.0,0.04,,1.41,1.45,1
505,linpack,large,cold,200,1504.52,1504.51,0.01,5.19,1499.31,True,,0.0,0.36,4.02,0.81,5.19,1
506,mobilenet,small,warm,200,58.86,58.86,0.01,51.7,7.15,False,,,,,,,1
507,mobilenet,large,warm,200,31.39,31.38,0.01,24.18,7.21,False,,,,,,,1
508,fetchdata,medium,cold,200,1519.38,1519.37,0.01,127.5,1391.87,True,127.46,0.0,0.03,0.0,,127.5,1
509,genmatrix,large,warm,200,53.8,44.41,9.39,1.14,43.27,False,,0.0,0.03,,1.1,1.14,1
510,linpack,large,warm,200,18.67,18.66,0.01,8.02,10.64,False,,0.0,0.54,6.31,1.16,8.02,1
511,resnet,medium,cold,200,2173.41,2173.41,0.01,128.37,2045.03,True,,,,,,,1
512,fastfouriertransform,small,cold,200,1402.14,1402.14,0.01,6.11,1396.03,True,,0.0,3.9,0.0,2.2,6.11,1
513,matrixmul,small,cold,200,2018.5,2014.8,3.7,4.96,2009.84,True,,0.0,0.37,3.99,0.6,4.96,1
514,matrixmul,small,warm,200,30.15,26.63,3.52,7.79,18.84,False,,0.0,0.59,6.34,0.86,7.79,1
515,matrixmul,small,warm,200,30.63,27.68,2.95,7.86,19.82,False,,0.0,0.52,6.46,0.87,7.86,1
516,genmatrix,large,cold,200,1476.23,1467.32,8.91,9.93,1457.39,True,,0.0,0.02,,9.9,9.93,1
517,mobilenet,medium,cold,200,1784.66,1784.65,0.01,41.91,1742.74,True,,,,,,,1
518,fastfouriertransform,small,warm,200,25.01,25.0,0.01,7.35,17.65,False,,0.0,6.18,0.0,1.17,7.35,1
519,resnet,medium,cold,200,13342.1,13342.09,0.01,153.18,13188.91,True,,,,,,,1
520,genmatrix,small,warm,200,10.6,9.77,0.83,0.16,9.62,False,,0.0,0.03,,0.12,0.16,2
521,genmatrix,medium,warm,200,16.64,13.68,2.96,0.32,13.36,False,,0.0,0.03,,0.26,0.29,1
522,fastfouriertransform,small,warm,200,161.3,161.29,0.01,7.35,153.94,False,,0.0,6.14,0.0,1.2,7.34,1
523,resnet,medium,warm,200,158.37,158.37,0.01,151.05,7.32,False,,,,,,,1
524,fetchdata,medium,cold,200,1665.56,1665.54,0.02,134.04,1531.5,True,134.0,0.0,0.03,0.0,,134.04,1
525,fetchdata,medium,warm,200,89.24,89.23,0.01,82.63,6.6,False,82.59,0.0,0.03,0.0,,82.63,1
526,mobilenet,small,cold,200,1438.01,1438.01,0.01,28.09,1409.92,True,,,,,,,1
527,matrixmul,medium,cold,200,2544.61,2541.8,2.81,548.78,1993.03,True,,0.0,0.36,3.96,544.44,548.77,1
528,fastfouriertransform,small,warm,200,24.95,24.94,0.01,7.33,17.61,False,,0.0,6.13,0.0,1.19,7.33,1
529,fetchdata,medium,warm,200,142.92,142.91,0.01,136.05,6.86,False,136.0,0.0,0.03,0.0,,136.04,1
530,fastfouriertransform,large,warm,200,231.36,231.35,0.01,7.33,224.03,False,,0.0,6.1,0.0,1.21,7.33,1
531,genmatrix,large,cold,200,1562.13,1549.88,12.24,8.88,1541.0,True,,0.0,0.03,,8.85,8.88,1
532,fastfouriertransform,small,warm,200,24.04,24.03,0.01,7.24,16.79,False,,0.0,6.09,0.0,1.14,7.24,1
533,mobilenet,large,cold,200,1388.55,1388.55,0.01,27.12,1361.43,True,,,,,,,1
534,matrixmul,small,cold,200,25001.17,24998.39,2.77,7.87,24990.52,True,,0.0,0.54,6.38,0.95,7.87,1
535,mobilenet,small,warm,200,53.3,53.29,0.01,44.2,9.09,False,,,,,,,2
536,resnet,medium,cold,200,2225.3,2225.3,0.01,135.34,2089.96,True,,,,,,,2
537,resnet,large,warm,200,360.76,360.75,0.01,148.2,212.56,False,,,,,,,1
538,linpack,large,cold,200,1368.34,1368.33,0.01,5.22,1363.11,True,,0.0,0.37,4.01,0.84,5.22,1
539,mobilenet,large,warm,200,40.63,40.62,0.01,33.28,7.35,False,,,,,,,1
540,fetchdata,medium,cold,200,1608.98,1608.97,0.01,131.38,1477.59,True,131.35,0.0,0.02,0.0,,131.38,1
541,fetchdata,medium,warm,200,89.62,89.61,0.01,82.9,6.71,False,82.86,0.0,0.03,0.0,,82.9,1
542,linpack,large,warm,200,19.33,19.32,0.01,8.02,11.3,False,,0.0,0.54,6.31,1.16,8.02,1
543,fetchdata,medium,warm,200,88.92,88.91,0.01,82.21,6.7,False,82.17,0.0,0.03,0.0,,82.21,1
544,resnet,large,cold,200,21152.65,21152.64,0.01,168.84,20983.8,True,,,,,,,1
545,fastfouriertransform,large,cold,200,1383.26,1383.26,0.01,6.04,1377.21,True,,0.0,3.89,0.0,2.14,6.04,2
546,genmatrix,small,cold,200,1357.81,1356.75,1.06,6.85,1349.91,True,,0.0,0.03,,6.81,6.84,2
547,linpack,small,warm,200,18.95,18.94,0.01,8.05,10.89,False,,0.0,0.52,6.34,1.19,8.05,1
548,genmatrix,small,warm,200,10.52,9.87,0.64,0.16,9.71,False,,0.0,0.04,,0.12,0.16,1
549,matrixmul,large,cold,200,1994.6,1991.18,3.42,4.99,1986.19,True,,0.0,0.36,4.01,0.61,4.99,1
550,fastfouriertransform,small,warm,200,26.22,26.21,0.01,7.35,18.86,False,,0.0,6.08,0.0,1.25,7.35,1
551,mobilenet,small,cold,200,1421.46,1421.45,0.01,27.09,1394.37,True,,,,,,,1
552,resnet,small,warm,200,144.16,144.15,0.01,136.18,7.98,False,,,,,,,1
553,mobilenet,small,warm,200,31.21,31.2,0.01,22.81,8.39,False,,,,,,,1
554,fetchdata,medium,cold,200,1880.92,1880.91,0.01,131.77,1749.14,True,131.74,0.0,0.02,0.0,,131.77,1
555,genmatrix,large,cold,200,1411.65,1403.54,8.11,8.73,1394.81,True,,0.0,0.03,,8.69,8.73,1
556,fetchdata,medium,warm,200,89.78,89.77,0.01,83.09,6.68,False,83.06,0.0,0.03,0.0,,83.09,1
557,fastfouriertransform,small,cold,200,1292.89,1292.88,0.01,5.99,1286.88,True,,0.0,3.88,0.0,2.11,5.99,1
558,matrixmul,large,cold,200,3199.69,3196.63,3.07,4.99,3191.64,True,,0.0,0.35,4.03,0.6,4.98,1
559,matrixmul,large,warm,200,30.68,27.2,3.48,7.96,19.23,False,,0.0,0.59,6.5,0.88,7.96,1
560,linpack,medium,cold,200,1942.04,1942.04,0.01,642.02,1300.01,True,,0.0,0.36,4.15,637.51,642.02,1
561,fastfouriertransform,large,warm,200,24.61,24.6,0.01,7.32,17.28,False,,0.0,6.14,0.01,1.17,7.31,1
562,mobilenet,medium,cold,200,1552.18,1552.17,0.01,29.53,1522.64,True,,,,,,,1
563,linpack,large,warm,200,20.05,20.04,0.01,8.26,11.78,False,,0.0,0.55,6.54,1.17,8.26,1
564,resnet,large,cold,200,2293.41,2293.41,0.01,127.91,2165.5,True,,,,,,,1
565,linpack,small,warm,200,19.8,19.8,0.01,8.17,11.62,False,,0.0,0.54,6.47,1.16,8.17,1
566,fetchdata,small,cold,200,1482.25,1482.24,0.01,143.64,1338.6,True,143.61,0.0,0.02,0.0,,143.64,1
567,resnet,small,warm,200,152.06,152.05,0.01,145.33,6.72,False,,,,,,,1
568,genmatrix,small,cold,200,1548.34,1547.16,1.18,6.18,1540.98,True,,0.0,0.03,,6.15,6.18,1
569,matrixmul,small,cold,200,2238.73,2181.22,57.51,4.98,2176.24,True,,0.0,0.36,4.02,0.59,4.98,1
570,fastfouriertransform,small,cold,200,1376.96,1376.96,0.01,6.03,1370.92,True,,0.0,3.89,0.0,2.14,6.03,1
571,mobilenet,medium,cold,200,1486.74,1486.73,0.01,31.95,1454.78,True,,,,,,,1
572,resnet,large,warm,200,147.16,147.15,0.01,140.39,6.76,False,,,,,,,1
573,linpack,large,cold,200,1363.33,1363.32,0.01,5.2,1358.12,True,,0.0,0.36,4.01,0.83,5.2,1
574,matrixmul,medium,warm,200,645.15,563.95,81.2,547.22,16.73,False,,0.0,0.52,6.43,540.26,547.22,1
575,fastfouriertransform,medium,warm,200,642.09,642.08,0.01,624.21,17.87,False,,0.0,6.13,0.0,618.08,624.21,1
576,genmatrix,medium,cold,200,2063.93,2060.93,3.0,6.63,2054.3,True,,0.0,0.03,,6.6,6.63,1
577,genmatrix,medium,warm,200,18.36,15.53,2.84,0.3,15.23,False,,0.0,0.04,,0.25,0.3,1
578,matrixmul,large,warm,200,28.4,25.7,2.7,7.76,17.95,False,,0.0,0.51,6.37,0.87,7.76,1
579,resnet,medium,cold,200,21143.74,21143.73,0.01,155.9,20987.83,True,,,,,,,1
580,fetchdata,small,cold,200,2327.13,2327.12,0.01,132.9,2194.22,True,132.87,0.0,0.03,0.0,,132.9,2
581,resnet,small,cold,200,1265.4,1265.39,0.01,123.61,1141.79,False,,,,,,,2
582,fetchdata,large,warm,200,90.64,90.63,0.01,83.28,7.35,False,83.24,0.0,0.03,0.0,,83.28,1
583,matrixmul,large,warm,200,28.82,25.77,3.06,7.74,18.03,False,,0.0,0.53,6.34,0.87,7.74,1
584,matrixmul,small,warm,200,29.25,26.53,2.72,7.78,18.74,False,,0.0,0.51,6.39,0.87,7.78,1
585,fastfouriertransform,small,cold,200,1472.1,1472.09,0.01,6.1,1465.99,True,,0.0,3.91,0.0,2.18,6.1,1
586,genmatrix,large,cold,200,1409.02,1397.59,11.44,8.92,1388.67,True,,0.0,0.02,,8.88,8.92,1
587,resnet,small,warm,200,162.29,162.28,0.01,155.46,6.82,False,,,,,,,1
588,linpack,large,cold,200,1337.07,1337.07,0.01,5.24,1331.83,True,,0.0,0.37,4.01,0.85,5.24,1
589,linpack,medium,warm,200,672.97,672.96,0.01,661.5,11.46,False,,0.0,0.53,6.36,654.59,661.5,1
590,resnet,small,warm,200,142.91,142.9,0.01,135.85,7.04,False,,,,,,,1
591,linpack,small,warm,200,18.52,18.51,0.01,8.06,10.45,False,,0.0,0.52,6.39,1.14,8.06,1
592,fetchdata,large,cold,200,2332.08,2332.07,0.01,127.27,2204.79,True,127.24,0.0,0.02,0.0,,127.27,1
593,genmatrix,medium,cold,200,1448.27,1444.71,3.57,7.2,1437.51,True,,0.0,0.02,,7.17,7.2,1
594,matrixmul,small,cold,200,2191.55,2189.15,2.4,4.98,2184.17,True,,0.0,0.35,4.02,0.6,4.98,1
595,resnet,medium,warm,200,160.74,160.73,0.01,154.27,6.46,False,,,,,,,1
596,genmatrix,medium,warm,200,18.04,15.2,2.84,0.3,14.9,False,,0.0,0.04,,0.26,0.3,1
597,fastfouriertransform,medium,cold,200,2102.13,2102.13,0.01,642.06,1460.07,True,,0.0,3.87,0.0,638.18,642.06,1
598,matrixmul,medium,warm,200,596.58,593.51,3.07,577.48,16.03,False,,0.0,0.49,5.96,571.02,577.48,1
599,matrixmul,medium,warm,200,554.93,552.17,2.76,536.72,15.45,False,,0.0,0.54,6.35,529.82,536.72,1
600,genmatrix,small,warm,200,8.77,7.61,1.16,0.15,7.46,False,,0.0,0.03,,0.11,0.15,1
601,linpack,small,cold,200,1758.8,1758.79,0.01,5.24,1753.55,True,,0.0,0.37,4.03,0.83,5.23,1
602,matrixmul,medium,warm,200,567.65,564.99,2.66,549.42,15.56,False,,0.0,0.5,6.26,542.67,549.42,1
603,genmatrix,medium,warm,200,175.43,12.91,162.52,0.3,12.6,False,,0.0,0.03,,0.27,0.3,1
604,matrixmul,large,warm,200,27.81,24.94,2.86,7.27,17.67,False,,0.0,0.49,5.97,0.81,7.27,1
605,fetchdata,large,cold,200,2252.3,2252.29,0.01,143.68,2108.61,True,143.65,0.0,0.02,0.0,,143.68,1
606,fastfouriertransform,medium,cold,200,1920.75,1920.74,0.01,601.4,1319.34,True,,0.0,3.91,0.0,597.48,601.4,1
607,fastfouriertransform,medium,warm,200,663.53,663.52,0.01,645.29,18.23,False,,0.0,6.09,0.0,639.19,645.29,1
608,matrixmul,medium,warm,200,562.02,559.51,2.51,543.45,16.06,False,,0.0,0.52,6.33,536.59,543.45,1
609,fastfouriertransform,medium,warm,200,692.58,692.57,0.01,675.18,17.39,False,,0.0,6.08,0.0,669.09,675.18,1
610,linpack,large,cold,200,1688.92,1688.91,0.01,5.32,1683.59,True,,0.0,0.35,4.14,0.82,5.32,1
611,linpack,small,warm,200,19.8,19.79,0.01,8.2,11.59,False,,0.0,0.55,6.48,1.16,8.2,1
612,genmatrix,large,cold,200,1368.86,1359.07,9.79,8.74,1350.34,True,,0.0,0.02,,8.7,8.73,1
613,fetchdata,medium,cold,200,1554.83,1554.83,0.01,128.2,1426.62,True,128.17,0.0,0.02,0.0,,128.2,1
614,fastfouriertransform,small,warm,200,29.57,29.56,0.01,7.24,22.32,False,,0.0,6.08,0.0,1.15,7.24,1
615,resnet,medium,cold,200,2939.75,2939.74,0.01,156.37,2783.37,True,,,,,,,1
616,resnet,medium,warm,200,158.09,158.08,0.01,148.94,9.15,False,,,,,,,1
617,genmatrix,medium,warm,200,15.88,13.32,2.56,0.29,13.03,False,,0.0,0.03,,0.26,0.29,1
618,linpack,small,cold,200,1369.83,1369.82,0.01,5.23,1364.59,True,,0.0,0.34,4.04,0.84,5.23,1
619,mobilenet,medium,cold,200,1943.0,1942.99,0.01,27.54,1915.45,True,,,,,,,1
620,resnet,small,warm,200,171.55,171.54,0.01,164.75,6.79,False,,,,,,,1
621,matrixmul,medium,cold,200,2549.72,2546.64,3.07,508.86,2037.78,True,,0.0,0.38,4.02,504.45,508.86,1
622,genmatrix,medium,warm,200,17.17,13.15,4.02,0.32,12.83,False,,0.0,0.03,,0.28,0.32,1
623,fastfouriertransform,small,cold,200,1413.84,1413.83,0.01,5.99,1407.84,True,,0.0,3.87,0.01,2.11,5.99,1
624,genmatrix,large,warm,200,56.03,46.36,9.66,1.16,45.21,False,,0.0,0.03,,1.12,1.16,1
625,linpack,small,cold,200,1303.03,1303.02,0.01,5.68,1297.34,True,,0.0,0.36,4.46,0.85,5.68,1
626,genmatrix,small,warm,200,9.4,8.18,1.21,0.16,8.03,False,,0.0,0.03,,0.12,0.16,1
627,matrixmul,large,warm,200,30.04,26.87,3.17,7.85,19.02,False,,0.0,0.62,6.34,0.89,7.85,1
628,fastfouriertransform,large,warm,200,26.1,26.09,0.01,7.27,18.82,False,,0.0,6.08,0.0,1.18,7.27,1
629,fetchdata,small,cold,200,1679.61,1679.6,0.01,124.77,1554.84,True,124.73,0.0,0.02,0.0,,124.76,1
630,mobilenet,small,cold,200,1378.77,1378.76,0.01,26.97,1351.79,True,,,,,,,1
631,fetchdata,small,warm,200,87.71,87.71,0.01,80.59,7.12,False,80.54,0.0,0.03,0.0,,80.58,1
632,genmatrix,small,warm,200,8.95,7.83,1.13,0.15,7.68,False,,0.0,0.03,,0.12,0.15,1
633,fetchdata,large,warm,200,139.08,139.07,0.01,132.19,6.88,False,132.15,0.0,0.03,0.0,,132.19,1
634,matrixmul,large,cold,200,21001.76,20998.53,3.23,7.87,20990.66,True,,0.0,0.54,6.39,0.93,7.87,1
635,genmatrix,medium,warm,200,17.95,14.77,3.18,0.3,14.47,False,,0.0,0.03,,0.26,0.3,2
636,fetchdata,medium,warm,200,134.2,134.2,0.01,126.98,7.22,False,126.94,0.0,0.03,0.0,,126.98,2
637,fetchdata,small,warm,200,137.69,137.68,0.01,130.93,6.75,False,130.89,0.0,0.03,0.0,,130.93,1
638,fetchdata,large,warm,200,87.01,87.0,0.01,80.38,6.62,False,80.34,0.0,0.03,0.0,,80.38,1
639,mobilenet,medium,cold,200,1435.53,1435.53,0.01,26.73,1408.8,True,,,,,,,1
640,mobilenet,large,warm,200,47.59,47.58,0.01,39.67,7.92,False,,,,,,,1
641,resnet,large,cold,200,2098.62,2098.61,0.01,128.43,1970.17,True,,,,,,,1
642,mobilenet,small,warm,200,31.04,31.03,0.01,23.46,7.57,False,,,,,,,1
643,matrixmul,medium,cold,200,23537.38,23534.18,3.2,535.23,22998.95,True,,0.0,0.55,6.37,528.3,535.23,1
644,matrixmul,large,cold,200,13550.18,13547.9,2.28,5.32,13542.58,False,,0.0,0.76,4.0,0.56,5.32,2
645,matrixmul,small,cold,200,3546.13,3543.18,2.95,4.86,3538.32,False,,0.0,0.38,3.92,0.55,4.85,3
646,matrixmul,large,warm,200,29.02,26.18,2.84,7.71,18.47,False,,0.0,0.53,6.3,0.87,7.71,1
647,matrixmul,large,warm,200,27.9,25.47,2.43,7.75,17.72,False,,0.0,0.52,6.36,0.87,7.75,1
648,resnet,large,cold,200,23126.26,23126.26,0.01,146.48,22979.77,True,,,,,,,1
649,fetchdata,small,cold,200,1519.42,1519.42,0.01,134.79,1384.62,True,134.76,0.0,0.02,0.0,,134.79,2
650,fetchdata,large,warm,200,88.75,88.75,0.01,82.12,6.63,False,82.08,0.0,0.03,0.0,,82.11,2
651,fetchdata,medium,warm,200,90.22,90.21,0.01,83.32,6.89,False,83.28,0.0,0.03,0.0,,83.32,1
652,matrixmul,large,warm,200,30.69,26.91,3.78,8.1,18.81,False,,0.0,0.52,6.59,0.99,8.1,1
653,linpack,large,cold,200,1879.63,1879.62,0.01,5.2,1874.43,True,,0.0,0.35,4.02,0.82,5.19,1
654,fetchdata,medium,warm,200,146.86,146.85,0.01,140.51,6.34,False,140.47,0.0,0.03,0.0,,140.51,1
655,matrixmul,small,warm,200,27.43,24.56,2.88,7.72,16.84,False,,0.0,0.54,6.3,0.87,7.72,1
656,genmatrix,small,cold,200,1399.58,1398.59,0.99,6.87,1391.72,True,,0.0,0.03,,6.83,6.86,1
657,resnet,medium,cold,200,25138.02,25138.01,0.01,158.13,24979.88,True,,,,,,,1
658,mobilenet,medium,cold,200,1450.93,1450.92,0.01,30.91,1420.02,True,,,,,,,2
659,fastfouriertransform,medium,cold,200,2005.08,2005.07,0.01,616.73,1388.34,True,,0.0,3.9,0.0,612.82,616.73,2
660,genmatrix,medium,warm,200,18.59,15.73,2.86,0.32,15.41,False,,0.0,0.04,,0.28,0.32,1
661,genmatrix,medium,warm,200,16.51,13.39,3.12,0.3,13.09,False,,0.0,0.03,,0.26,0.29,1
662,fetchdata,large,cold,200,1754.29,1754.25,0.03,136.16,1618.09,True,136.13,0.0,0.02,0.0,,136.16,1
663,linpack,large,cold,200,1300.07,1300.07,0.01,5.21,1294.85,True,,0.0,0.35,4.03,0.83,5.21,1
664,mobilenet,medium,warm,200,31.19,31.19,0.01,23.88,7.31,False,,,,,,,1
665,fastfouriertransform,small,warm,200,25.31,25.3,0.01,7.38,17.92,False,,0.0,6.16,0.0,1.22,7.38,1
666,resnet,large,cold,200,27140.05,27140.04,0.01,156.55,26983.49,True,,,,,,,1
667,matrixmul,small,cold,200,2033.42,2030.3,3.12,4.97,2025.33,True,,0.0,0.36,4.01,0.6,4.97,2
668,linpack,medium,warm,200,685.21,685.2,0.01,674.04,11.16,False,,0.0,0.53,6.39,667.11,674.04,2
669,fastfouriertransform,large,warm,200,25.1,25.09,0.01,7.37,17.72,False,,0.0,6.18,0.0,1.19,7.37,1
670,fetchdata,small,cold,200,1595.89,1595.88,0.01,125.7,1470.19,True,125.66,0.0,0.02,0.0,,125.69,1
671,genmatrix,small,cold,200,1369.62,1368.4,1.22,6.41,1361.99,True,,0.0,0.04,,6.36,6.41,1
672,fetchdata,large,warm,200,89.58,89.57,0.01,82.78,6.78,False,82.74,0.0,0.03,0.0,,82.78,1
673,mobilenet,small,cold,200,1473.24,1473.24,0.01,26.9,1446.34,True,,,,,,,1
674,fetchdata,medium,warm,200,135.04,135.03,0.01,127.93,7.1,False,127.89,0.0,0.03,0.0,,127.92,1
675,matrixmul,large,cold,200,12998.83,12995.07,3.76,7.9,12987.17,True,,0.0,0.54,6.43,0.92,7.89,1
676,genmatrix,medium,warm,200,19.79,16.89,2.89,0.33,16.57,False,,0.0,0.04,,0.28,0.32,2
677,genmatrix,small,warm,200,8.87,7.83,1.04,0.18,7.66,False,,0.0,0.03,,0.14,0.18,1
678,linpack,medium,cold,200,1865.32,1865.31,0.01,644.42,1220.89,True,,0.0,0.35,4.01,640.06,644.42,1
679,linpack,large,warm,200,19.02,19.01,0.01,8.04,10.97,False,,0.0,0.52,6.32,1.19,8.04,1
680,linpack,large,warm,200,19.31,19.3,0.01,7.99,11.31,False,,0.0,0.52,6.33,1.14,7.99,1
681,fetchdata,medium,cold,200,1552.06,1552.06,0.01,131.63,1420.43,True,131.59,0.0,0.02,0.0,,131.62,1
682,genmatrix,large,warm,200,57.97,47.06,10.91,1.28,45.78,False,,0.0,0.03,,1.24,1.28,1
683,linpack,medium,warm,200,692.73,692.73,0.01,680.94,11.79,False,,0.0,0.54,6.34,674.05,680.94,1
684,linpack,large,warm,200,18.66,18.65,0.01,7.99,10.66,False,,0.0,0.53,6.3,1.16,7.99,1
685,fastfouriertransform,large,cold,200,1355.15,1355.14,0.01,6.11,1349.04,True,,0.0,3.95,0.0,2.15,6.11,1
686,fastfouriertransform,small,warm,200,25.91,25.9,0.01,7.4,18.5,False,,0.0,6.22,0.0,1.17,7.4,1
687,genmatrix,large,warm,200,56.08,44.56,11.52,1.13,43.42,False,,0.0,0.03,,1.1,1.13,1
688,matrixmul,small,cold,200,2194.39,2191.39,3.0,4.96,2186.43,True,,0.0,0.35,4.01,0.6,4.96,1
689,genmatrix,small,warm,200,8.98,7.79,1.19,0.15,7.64,False,,0.0,0.03,,0.12,0.15,1
690,fetchdata,small,cold,200,2023.41,2023.41,0.01,127.49,1895.91,True,127.46,0.0,0.02,0.0,,127.49,1
691,linpack,large,cold,200,1282.26,1282.25,0.01,5.29,1276.96,True,,0.0,0.35,4.0,0.93,5.29,1
692,genmatrix,small,warm,200,9.08,7.86,1.22,0.15,7.71,False,,0.0,0.03,,0.12,0.15,1
693,fetchdata,small,warm,200,87.44,87.43,0.01,80.74,6.69,False,80.71,0.0,0.03,0.0,,80.74,1
694,genmatrix,medium,warm,200,16.13,13.3,2.83,0.31,12.98,False,,0.0,0.04,,0.27,0.31,1
695,fastfouriertransform,small,cold,200,1295.66,1295.65,0.01,6.05,1289.6,True,,0.0,3.91,0.0,2.13,6.05,1
696,matrixmul,small,cold,200,13003.6,13000.08,3.52,7.37,12992.71,True,,0.0,0.52,5.97,0.87,7.37,1
697,matrixmul,medium,cold,200,3535.43,3532.74,2.69,524.15,3008.59,False,,0.0,0.49,5.92,517.73,524.15,2
698,matrixmul,medium,warm,200,553.4,550.29,3.11,534.15,16.14,False,,0.0,0.52,6.33,527.29,534.15,1
699,mobilenet,small,cold,200,1582.68,1582.67,0.01,54.46,1528.21,True,,,,,,,1
700,resnet,medium,cold,200,2123.98,2123.97,0.01,139.31,1984.65,True,,,,,,,1
701,resnet,large,warm,200,353.17,353.16,0.01,138.08,215.08,False,,,,,,,1
702,linpack,small,cold,200,1321.23,1321.22,0.01,5.21,1316.02,True,,0.0,0.35,4.0,0.86,5.2,1
703,mobilenet,small,warm,200,33.09,33.08,0.01,24.19,8.9,False,,,,,,,1
704,fastfouriertransform,large,cold,200,1487.67,1487.66,0.01,6.04,1481.62,True,,0.0,3.88,0.0,2.14,6.03,1
705,linpack,medium,warm,200,937.27,937.26,0.01,716.55,220.7,False,,0.0,0.52,6.31,709.71,716.55,1
706,resnet,large,warm,200,155.23,155.22,0.01,148.72,6.5,False,,,,,,,1
707,mobilenet,medium,warm,200,35.15,35.14,0.01,27.51,7.63,False,,,,,,,1
708,resnet,small,warm,200,152.23,152.22,0.01,142.83,9.38,False,,,,,,,1
709,mobilenet,medium,warm,200,30.03,30.02,0.01,23.03,6.98,False,,,,,,,1
710,genmatrix,medium,cold,200,1390.01,1387.66,2.34,6.17,1381.49,True,,0.0,0.02,,6.14,6.17,1
711,fetchdata,medium,cold,200,1765.02,1765.02,0.01,148.94,1616.08,True,148.91,0.0,0.02,0.0,,148.94,1
712,genmatrix,small,warm,200,11.16,9.9,1.25,0.16,9.74,False,,0.0,0.04,,0.11,0.16,1
713,linpack,medium,cold,200,2002.23,2002.22,0.01,641.7,1360.52,True,,0.0,0.36,4.01,637.32,641.7,1
714,matrixmul,large,cold,200,1993.07,1989.91,3.16,4.98,1984.93,True,,0.0,0.35,4.03,0.6,4.98,1
715,resnet,small,cold,200,21145.46,21145.45,0.01,157.78,20987.68,True,,,,,,,1
716,fastfouriertransform,medium,cold,200,1963.69,1963.68,0.01,603.71,1359.97,True,,0.0,3.88,0.0,599.83,603.71,2
717,matrixmul,large,warm,200,29.49,26.0,3.48,7.76,18.25,False,,0.0,0.52,6.36,0.87,7.76,2
718,matrixmul,large,warm,200,30.18,26.07,4.1,7.77,18.3,False,,0.0,0.52,6.37,0.87,7.77,1
719,fetchdata,large,cold,200,1611.51,1611.5,0.01,123.8,1487.7,True,123.77,0.0,0.02,0.0,,123.8,1
720,matrixmul,medium,warm,200,561.5,558.03,3.47,542.33,15.7,False,,0.0,0.52,6.36,535.44,542.33,1
721,linpack,medium,cold,200,1914.55,1914.54,0.01,657.0,1257.54,True,,0.0,0.37,4.0,652.62,657.0,1
722,mobilenet,medium,cold,200,1368.79,1368.77,0.02,26.0,1342.77,True,,,,,,,1
723,linpack,medium,warm,200,688.49,688.48,0.01,676.74,11.74,False,,0.0,0.57,6.28,669.89,676.74,1
724,fastfouriertransform,small,cold,200,1538.09,1538.08,0.01,6.03,1532.05,True,,0.0,3.86,0.0,2.16,6.03,1
725,fetchdata,large,warm,200,134.9,134.89,0.01,127.98,6.91,False,127.94,0.0,0.03,0.0,,127.97,1
726,matrixmul,large,warm,200,28.55,25.73,2.82,7.75,17.99,False,,0.0,0.53,6.34,0.87,7.75,1
727,matrixmul,large,warm,200,29.9,26.81,3.1,7.75,19.06,False,,0.0,0.51,6.36,0.87,7.75,1
728,matrixmul,small,warm,200,29.35,26.67,2.68,7.76,18.91,False,,0.0,0.51,6.38,0.87,7.76,1
729,linpack,large,warm,200,19.51,19.5,0.01,8.02,11.48,False,,0.0,0.52,6.34,1.15,8.02,1
730,fetchdata,medium,warm,200,135.58,135.57,0.01,128.61,6.96,False,128.57,0.0,0.03,0.0,,128.61,1
731,fastfouriertransform,large,cold,200,1350.03,1350.02,0.01,5.99,1344.03,True,,0.0,3.87,0.0,2.12,5.99,1
732,linpack,large,warm,200,18.89,18.88,0.01,8.0,10.88,False,,0.0,0.52,6.34,1.13,8.0,1
733,linpack,large,warm,200,20.64,20.63,0.01,8.02,12.61,False,,0.0,0.54,6.33,1.14,8.02,1
734,fastfouriertransform,large,warm,200,25.79,25.78,0.01,7.46,18.32,False,,0.0,6.27,0.0,1.17,7.46,1
735,genmatrix,medium,cold,200,1414.52,1411.48,3.04,6.31,1405.17,True,,0.0,0.02,,6.28,6.31,1
736,linpack,medium,warm,200,690.7,690.69,0.01,679.95,10.74,False,,0.0,0.52,6.31,673.11,679.95,1
737,linpack,small,warm,200,19.3,19.29,0.01,8.0,11.29,False,,0.0,0.52,6.34,1.14,8.0,1
738,resnet,medium,cold,200,2299.54,2299.53,0.01,127.01,2172.52,True,,,,,,,1
739,mobilenet,large,cold,200,2516.44,2516.43,0.01,29.07,2487.36,True,,,,,,,1
740,mobilenet,large,warm,200,34.36,34.35,0.01,24.09,10.26,False,,,,,,,1
741,matrixmul,large,cold,200,2292.86,2289.65,3.21,5.02,2284.62,True,,0.0,0.36,4.04,0.61,5.02,1
742,linpack,large,warm,200,19.41,19.4,0.01,8.01,11.39,False,,0.0,0.52,6.34,1.14,8.01,1
743,linpack,large,warm,200,18.96,18.95,0.01,8.01,10.95,False,,0.0,0.53,6.31,1.16,8.0,1
744,genmatrix,small,cold,200,1368.96,1367.69,1.26,6.2,1361.49,True,,0.0,0.03,,6.17,6.2,1
745,genmatrix,small,warm,200,10.81,9.81,0.99,0.17,9.65,False,,0.0,0.04,,0.12,0.16,1
746,genmatrix,large,warm,200,55.18,46.49,8.69,1.4,45.09,False,,0.0,0.03,,1.36,1.4,1
747,fastfouriertransform,medium,cold,200,1914.01,1914.0,0.01,608.21,1305.79,True,,0.0,3.89,0.0,604.32,608.21,1
748,linpack,medium,warm,200,690.44,690.43,0.01,678.74,11.69,False,,0.0,0.51,6.33,671.89,678.74,1
749,fastfouriertransform,large,warm,200,25.33,25.32,0.01,7.25,18.07,False,,0.0,6.09,0.0,1.15,7.25,1
750,matrixmul,large,cold,200,2989.5,2986.3,3.2,4.95,2981.35,True,,0.0,0.35,4.0,0.6,4.95,1
751,mobilenet,small,cold,200,1463.62,1463.61,0.01,25.99,1437.62,True,,,,,,,1
752,matrixmul,medium,warm,200,612.71,556.47,56.25,541.06,15.41,False,,0.0,0.58,6.32,534.15,541.06,1
753,genmatrix,medium,cold,200,1408.86,1405.61,3.25,6.46,1399.15,True,,0.0,0.03,,6.43,6.46,1
754,mobilenet,small,warm,200,83.79,83.78,0.01,76.21,7.58,False,,,,,,,1
755,mobilenet,large,warm,200,36.26,36.25,0.01,28.46,7.8,False,,,,,,,1
756,matrixmul,large,warm,200,29.41,26.16,3.25,7.84,18.32,False,,0.0,0.6,6.36,0.87,7.84,1
757,resnet,medium,cold,200,2329.65,2329.64,0.01,144.79,2184.85,True,,,,,,,1
758,linpack,small,cold,200,1296.83,1296.82,0.01,5.2,1291.62,True,,0.0,0.36,4.02,0.81,5.2,1
759,matrixmul,medium,warm,200,565.32,562.06,3.27,546.44,15.62,False,,0.0,0.53,6.32,539.58,546.44,1
760,linpack,medium,warm,200,685.15,685.14,0.01,673.34,11.8,False,,0.0,0.56,6.4,666.37,673.34,1
761,genmatrix,medium,cold,200,1470.51,1466.71,3.79,6.28,1460.43,True,,0.0,0.02,,6.25,6.28,1
762,linpack,small,warm,200,18.3,18.3,0.01,8.03,10.27,False,,0.0,0.52,6.36,1.13,8.03,1
763,fetchdata,small,cold,200,1626.54,1626.53,0.01,125.65,1500.89,True,125.62,0.0,0.02,0.0,,125.65,1
764,mobilenet,small,cold,200,1416.4,1416.39,0.01,29.8,1386.6,True,,,,,,,1
765,linpack,large,warm,200,19.75,19.74,0.01,8.05,11.69,False,,0.0,0.54,6.35,1.16,8.05,1
766,genmatrix,large,warm,200,54.42,46.87,7.56,1.29,45.57,False,,0.0,0.03,,1.25,1.29,1
767,fetchdata,large,warm,200,134.26,134.25,0.01,127.82,6.43,False,127.79,0.0,0.03,0.0,,127.82,1
768,matrixmul,small,cold,200,2998.65,2995.83,2.82,4.99,2990.84,True,,0.0,0.35,4.02,0.61,4.99,1
769,linpack,medium,warm,200,686.24,686.23,0.01,674.39,11.84,False,,0.0,0.54,6.4,667.44,674.39,1
770,fastfouriertransform,medium,cold,200,1960.29,1960.28,0.01,603.53,1356.75,True,,0.0,3.87,0.0,599.65,603.53,1
771,resnet,small,cold,200,2207.24,2207.23,0.01,126.51,2080.73,True,,,,,,,1
772,fetchdata,medium,warm,200,135.68,135.67,0.01,128.8,6.87,False,128.76,0.0,0.03,0.0,,128.8,1
773,genmatrix,large,cold,200,1495.4,1486.69,8.71,9.1,1477.59,True,,0.0,0.03,,9.07,9.1,1
774,genmatrix,medium,warm,200,17.1,14.19,2.91,0.29,13.91,False,,0.0,0.03,,0.25,0.28,1
775,resnet,medium,warm,200,146.97,146.96,0.01,139.86,7.1,False,,,,,,,1
776,linpack,large,cold,200,1286.63,1286.62,0.01,5.19,1281.43,True,,0.0,0.34,4.0,0.84,5.19,1
777,matrixmul,small,cold,200,4996.82,4992.9,3.92,4.96,4987.94,True,,0.0,0.35,4.02,0.59,4.96,1
778,genmatrix,small,warm,200,9.86,8.51,1.35,0.15,8.36,False,,0.0,0.03,,0.11,0.15,1
779,fetchdata,small,cold,200,1555.02,1555.02,0.01,150.67,1404.34,True,150.64,0.0,0.02,0.0,,150.67,1
780,resnet,large,warm,200,163.07,163.06,0.01,155.64,7.43,False,,,,,,,1
781,matrixmul,large,warm,200,29.93,27.05,2.89,7.79,19.26,False,,0.0,0.56,6.34,0.87,7.79,1
782,mobilenet,large,cold,200,1553.97,1553.96,0.01,26.32,1527.64,True,,,,,,,1
783,fastfouriertransform,large,cold,200,1274.03,1274.02,0.01,5.95,1268.07,True,,0.0,3.85,0.0,2.1,5.95,1
784,linpack,medium,cold,200,2012.06,2012.05,0.01,643.47,1368.59,True,,0.0,0.33,4.02,639.11,643.46,1
785,genmatrix,medium,cold,200,1387.11,1384.24,2.87,6.22,1378.02,True,,0.0,0.02,,6.19,6.22,1
786,genmatrix,medium,warm,200,17.84,15.35,2.49,0.3,15.05,False,,0.0,0.04,,0.25,0.3,1
787,fastfouriertransform,small,warm,200,24.58,24.57,0.01,7.35,17.22,False,,0.0,6.15,0.0,1.2,7.35,1
788,fastfouriertransform,small,warm,200,25.52,25.52,0.01,7.24,18.27,False,,0.0,6.09,0.0,1.14,7.24,1
789,matrixmul,medium,cold,200,11739.46,11736.59,2.86,543.66,11192.93,True,,0.0,0.54,6.38,536.74,543.66,1
790,fastfouriertransform,small,warm,200,26.5,26.49,0.01,7.26,19.23,False,,0.0,6.11,0.0,1.14,7.26,2
791,mobilenet,large,cold,200,1389.21,1389.21,0.01,27.1,1362.11,True,,,,,,,1
792,mobilenet,medium,warm,200,30.5,30.5,0.01,23.39,7.11,False,,,,,,,1
793,fetchdata,medium,cold,200,1692.62,1692.61,0.01,125.64,1566.97,True,125.6,0.0,0.03,0.0,,125.64,1
794,genmatrix,large,cold,200,1448.13,1436.45,11.68,10.09,1426.36,True,,0.0,0.02,,10.06,10.09,1
795,genmatrix,large,warm,200,58.43,46.59,11.84,1.14,45.45,False,,0.0,0.03,,1.11,1.14,1
796,fetchdata,large,warm,200,88.74,88.74,0.01,81.5,7.24,False,81.46,0.0,0.03,0.0,,81.5,1
797,genmatrix,large,warm,200,57.64,45.89,11.75,1.21,44.68,False,,0.0,0.03,,1.18,1.21,1
798,mobilenet,medium,warm,200,53.72,53.72,0.01,46.95,6.77,False,,,,,,,1
799,genmatrix,small,warm,200,8.44,7.6,0.84,0.15,7.44,False,,0.0,0.03,,0.12,0.15,1
800,linpack,medium,cold,200,2084.54,2084.53,0.01,646.07,1438.46,True,,0.0,0.36,3.99,641.71,646.07,1
801,resnet,medium,cold,200,2159.45,2159.44,0.01,129.5,2029.94,True,,,,,,,1
802,matrixmul,small,cold,200,1994.46,1991.51,2.95,5.0,1986.51,True,,0.0,0.35,4.01,0.63,5.0,1
803,genmatrix,medium,warm,200,17.26,13.77,3.49,0.3,13.47,False,,0.0,0.03,,0.26,0.3,1
804,mobilenet,medium,warm,200,57.0,56.99,0.01,49.58,7.41,False,,,,,,,1
805,fetchdata,small,cold,200,1730.48,1730.48,0.01,128.99,1601.48,True,128.96,0.0,0.03,0.0,,128.99,1
806,linpack,medium,warm,200,689.4,689.39,0.01,678.09,11.31,False,,0.0,0.5,5.94,671.64,678.08,1
807,fastfouriertransform,large,cold,200,1448.02,1448.01,0.01,6.1,1441.91,True,,0.0,3.87,0.0,2.22,6.1,1
808,matrixmul,large,warm,200,28.67,26.2,2.47,7.8,18.4,False,,0.0,0.6,6.32,0.87,7.8,1
809,genmatrix,medium,warm,200,16.87,13.63,3.24,0.3,13.33,False,,0.0,0.03,,0.26,0.3,1
810,fastfouriertransform,medium,warm,200,658.58,658.57,0.01,640.6,17.97,False,,0.0,6.21,0.0,634.38,640.6,1
811,matrixmul,small,warm,200,29.5,27.03,2.47,8.51,18.52,False,,0.0,0.53,7.11,0.87,8.51,1
812,fastfouriertransform,medium,warm,200,791.69,791.68,0.01,635.98,155.7,False,,0.0,6.13,0.0,629.84,635.98,1
813,fastfouriertransform,large,warm,200,25.22,25.21,0.01,7.24,17.97,False,,0.0,6.09,0.0,1.14,7.24,1
814,mobilenet,large,cold,200,1536.76,1536.75,0.01,27.06,1509.69,True,,,,,,,1
815,genmatrix,large,warm,200,58.5,45.84,12.67,1.21,44.62,False,,0.0,0.03,,1.18,1.21,1
816,fastfouriertransform,small,warm,200,24.03,24.02,0.01,7.22,16.8,False,,0.0,6.07,0.0,1.14,7.22,1
817,linpack,medium,cold,200,1942.38,1942.37,0.01,644.04,1298.33,True,,0.0,0.37,4.03,639.63,644.04,1
818,mobilenet,small,warm,200,50.05,50.04,0.01,42.31,7.73,False,,,,,,,1
819,linpack,large,warm,200,19.74,19.73,0.01,8.11,11.62,False,,0.0,0.6,6.35,1.16,8.11,1
820,mobilenet,small,warm,200,39.82,39.81,0.01,32.28,7.53,False,,,,,,,1
821,linpack,large,warm,200,19.85,19.84,0.01,8.05,11.79,False,,0.0,0.55,6.36,1.14,8.05,1
822,mobilenet,large,warm,200,30.71,30.7,0.01,23.84,6.86,False,,,,,,,1
823,mobilenet,small,warm,200,30.81,30.8,0.01,23.57,7.22,False,,,,,,,1
824,matrixmul,small,cold,200,2300.94,2297.82,3.12,4.97,2292.85,True,,0.0,0.37,4.0,0.6,4.97,1
825,linpack,large,warm,200,20.21,20.2,0.01,8.06,12.14,False,,0.0,0.52,6.38,1.16,8.06,1
826,fastfouriertransform,medium,cold,200,1969.29,1969.29,0.01,604.01,1365.28,True,,0.0,3.86,0.0,600.14,604.0,1
827,linpack,small,warm,200,19.88,19.87,0.01,8.05,11.82,False,,0.0,0.54,6.36,1.14,8.04,1
828,mobilenet,large,warm,200,38.53,38.52,0.01,31.3,7.22,False,,,,,,,1
829,matrixmul,small,warm,200,29.49,26.43,3.06,7.74,18.69,False,,0.0,0.52,6.34,0.87,7.74,1
830,fastfouriertransform,large,warm,200,25.27,25.27,0.01,7.23,18.04,False,,0.0,6.08,0.0,1.14,7.22,1
831,linpack,small,warm,200,19.14,19.13,0.01,8.08,11.05,False,,0.0,0.56,6.37,1.14,8.08,1
832,mobilenet,small,warm,200,39.18,39.17,0.01,32.09,7.08,False,,,,,,,1
833,matrixmul,small,warm,200,29.72,26.45,3.27,7.75,18.7,False,,0.0,0.52,6.32,0.9,7.74,1
834,resnet,medium,cold,200,2518.22,2518.21,0.01,134.45,2383.77,True,,,,,,,1
835,fastfouriertransform,small,warm,200,24.85,24.84,0.01,7.21,17.63,False,,0.0,6.06,0.0,1.14,7.21,1
836,matrixmul,small,warm,200,28.95,26.14,2.81,7.75,18.38,False,,0.0,0.52,6.35,0.88,7.75,1
837,mobilenet,large,warm,200,42.06,42.06,0.01,35.31,6.75,False,,,,,,,1
838,fetchdata,large,cold,200,1776.96,1776.95,0.01,125.15,1651.8,True,125.12,0.0,0.02,0.0,,125.15,1
839,fastfouriertransform,large,warm,200,24.02,24.01,0.01,7.25,16.76,False,,0.0,6.1,0.0,1.14,7.25,1
840,fastfouriertransform,medium,warm,200,652.83,652.82,0.01,635.56,17.26,False,,0.0,6.05,0.0,629.5,635.56,1
841,fetchdata,medium,warm,200,88.47,88.46,0.01,81.17,7.29,False,81.13,0.0,0.03,0.0,,81.17,1
842,resnet,large,cold,200,15143.05,15143.04,0.01,153.97,14989.08,True,,,,,,,1
843,fastfouriertransform,medium,warm,200,665.44,665.44,0.01,646.46,18.98,False,,0.0,6.06,0.0,640.39,646.45,2
844,resnet,small,warm,200,140.24,140.23,0.01,133.27,6.96,False,,,,,,,1
845,resnet,small,warm,200,151.1,151.09,0.01,144.79,6.31,False,,,,,,,1
846,genmatrix,large,cold,200,1426.14,1414.62,11.52,10.48,1404.14,True,,0.0,0.03,,10.44,10.48,1
847,resnet,medium,warm,200,144.01,144.0,0.01,136.72,7.29,False,,,,,,,1
848,fetchdata,large,cold,200,1466.18,1466.17,0.01,139.18,1326.99,True,139.15,0.0,0.02,0.0,,139.18,1
849,fastfouriertransform,small,warm,200,24.91,24.9,0.01,7.24,17.66,False,,0.0,6.09,0.0,1.14,7.24,1
850,fetchdata,medium,warm,200,90.06,90.06,0.01,83.2,6.86,False,83.15,0.0,0.03,0.0,,83.19,1
851,fetchdata,large,warm,200,90.49,90.48,0.01,84.03,6.45,False,83.99,0.0,0.03,0.0,,84.03,1
852,fastfouriertransform,medium,warm,200,642.78,642.77,0.01,625.42,17.35,False,,0.0,6.08,0.0,619.34,625.42,1
853,genmatrix,medium,cold,200,1282.98,1279.37,3.6,6.24,1273.13,True,,0.0,0.03,,6.21,6.24,1
854,fastfouriertransform,small,warm,200,24.28,24.28,0.01,7.2,17.07,False,,0.0,6.07,0.0,1.13,7.2,1
855,matrixmul,large,cold,200,2197.25,2194.27,2.98,4.97,2189.3,True,,0.0,0.34,3.99,0.62,4.96,1
856,mobilenet,small,cold,200,1648.96,1648.95,0.01,27.89,1621.07,True,,,,,,,1
857,mobilenet,medium,warm,200,31.21,31.21,0.01,23.9,7.31,False,,,,,,,1
858,resnet,large,cold,200,2205.38,2205.37,0.01,127.74,2077.63,True,,,,,,,1
859,resnet,large,warm,200,155.22,155.21,0.01,147.78,7.43,False,,,,,,,1
860,genmatrix,medium,cold,200,1853.58,1849.76,3.82,7.65,1842.1,True,,0.0,0.03,,7.61,7.65,1
861,fetchdata,large,cold,200,1465.55,1465.54,0.01,131.59,1333.95,True,131.56,0.0,0.02,0.0,,131.59,1
862,resnet,medium,warm,200,152.51,152.5,0.01,144.88,7.63,False,,,,,,,1
863,fetchdata,large,warm,200,90.78,90.77,0.01,83.94,6.83,False,83.9,0.0,0.03,0.0,,83.94,1
864,resnet,medium,warm,200,166.89,166.88,0.01,160.1,6.79,False,,,,,,,1
865,fastfouriertransform,large,cold,200,1531.4,1531.39,0.01,5.98,1525.41,True,,0.0,3.88,0.0,2.09,5.98,1
866,fastfouriertransform,large,warm,200,24.58,24.58,0.01,7.23,17.35,False,,0.0,6.08,0.0,1.14,7.23,1
867,genmatrix,large,cold,200,1612.94,1600.35,12.58,9.16,1591.19,True,,0.0,0.02,,9.13,9.16,1
868,genmatrix,small,warm,200,9.46,8.24,1.23,0.15,8.08,False,,0.0,0.03,,0.12,0.15,1
869,fetchdata,medium,warm,200,142.03,142.02,0.01,135.44,6.58,False,135.4,0.0,0.03,0.0,,135.44,1
870,mobilenet,medium,cold,200,2126.94,2126.94,0.01,26.85,2100.09,True,,,,,,,1
871,matrixmul,medium,cold,200,2726.5,2723.17,3.33,534.8,2188.38,True,,0.0,0.36,4.0,530.43,534.79,1
872,fetchdata,medium,warm,200,89.57,89.56,0.01,83.17,6.39,False,83.13,0.0,0.03,0.0,,83.17,1
873,genmatrix,small,warm,200,9.15,8.05,1.1,0.16,7.89,False,,0.0,0.03,,0.12,0.15,1
874,matrixmul,medium,warm,200,608.97,605.6,3.36,589.15,16.45,False,,0.0,0.51,6.32,582.31,589.15,1
875,matrixmul,large,warm,200,28.27,25.4,2.87,7.76,17.64,False,,0.0,0.52,6.33,0.91,7.76,1
876,matrixmul,medium,warm,200,589.95,587.07,2.88,571.49,15.59,False,,0.0,0.52,6.41,564.55,571.49,1
877,mobilenet,large,cold,200,1393.08,1393.07,0.01,26.66,1366.42,True,,,,,,,1
878,fetchdata,small,warm,200,142.8,142.8,0.01,135.95,6.84,False,135.91,0.0,0.03,0.0,,135.95,1
879,fastfouriertransform,small,cold,200,1332.26,1332.25,0.01,6.02,1326.23,True,,0.0,3.9,0.0,2.12,6.02,1
880,fastfouriertransform,medium,warm,200,646.0,646.0,0.01,628.95,17.05,False,,0.0,6.98,0.07,621.88,628.95,1
881,fastfouriertransform,large,warm,200,24.2,24.19,0.01,7.26,16.93,False,,0.0,6.12,0.0,1.13,7.26,1
882,genmatrix,medium,cold,200,1406.37,1403.3,3.08,8.29,1395.01,True,,0.0,0.04,,8.25,8.29,1
883,linpack,small,cold,200,1359.24,1359.23,0.01,5.24,1353.99,True,,0.0,0.37,4.04,0.82,5.24,1
884,resnet,small,cold,200,2106.06,2106.05,0.01,128.37,1977.68,True,,,,,,,1
885,resnet,large,warm,200,154.37,154.36,0.02,147.99,6.36,False,,,,,,,1
886,resnet,medium,warm,200,157.69,157.68,0.01,150.15,7.53,False,,,,,,,1
887,genmatrix,small,warm,200,11.54,10.34,1.2,0.16,10.19,False,,0.0,0.04,,0.12,0.16,1
888,fetchdata,medium,cold,200,1641.5,1641.49,0.01,134.69,1506.8,True,134.66,0.0,0.02,0.0,,134.69,1
889,linpack,large,warm,200,20.07,20.06,0.01,8.08,11.98,False,,0.0,0.53,6.38,1.16,8.08,1
890,linpack,medium,warm,200,691.98,691.97,0.01,680.61,11.36,False,,0.0,0.52,6.33,673.75,680.61,1
891,linpack,large,warm,200,19.4,19.39,0.01,8.07,11.32,False,,0.0,0.54,6.36,1.16,8.06,1
892,fastfouriertransform,medium,cold,200,2340.91,2340.9,0.01,602.64,1738.26,True,,0.0,3.81,0.0,598.82,602.64,1
893,resnet,medium,cold,200,21154.46,21154.45,0.01,166.78,20987.68,True,,,,,,,1
894,matrixmul,small,cold,200,2276.39,2273.0,3.38,4.96,2268.04,True,,0.0,0.36,3.99,0.6,4.96,2
895,resnet,large,cold,200,1273.66,1273.65,0.01,121.45,1152.21,False,,,,,,,2
896,mobilenet,small,cold,200,1498.7,1498.69,0.01,26.17,1472.52,True,,,,,,,1
897,genmatrix,medium,cold,200,1690.28,1687.14,3.14,6.76,1680.38,True,,0.0,0.03,,6.73,6.76,1
898,mobilenet,small,warm,200,30.67,30.67,0.01,23.23,7.44,False,,,,,,,1
899,matrixmul,large,warm,200,29.05,26.19,2.86,7.78,18.41,False,,0.0,0.61,6.3,0.87,7.78,1
900,matrixmul,small,warm,200,39.76,36.88,2.88,7.64,29.24,False,,0.0,0.52,6.29,0.82,7.64,1
901,linpack,medium,cold,200,2156.51,2156.5,0.01,641.34,1515.16,True,,0.0,0.35,3.99,636.99,641.34,1
902,resnet,small,cold,200,23133.39,23133.39,0.01,151.34,22982.04,True,,,,,,,1
903,linpack,medium,warm,200,683.6,683.59,0.01,669.77,13.82,False,,0.0,0.52,6.34,662.9,669.77,2
904,linpack,large,warm,200,19.53,19.52,0.01,7.99,11.53,False,,0.0,0.52,6.33,1.13,7.99,2
905,linpack,large,warm,200,20.02,20.02,0.01,8.62,11.4,False,,0.0,0.52,6.93,1.17,8.62,1
906,resnet,large,warm,200,155.4,155.39,0.01,148.15,7.25,False,,,,,,,1
907,genmatrix,large,cold,200,1340.11,1332.18,7.93,9.87,1322.31,True,,0.0,0.03,,9.84,9.87,1
908,fastfouriertransform,large,cold,200,1389.41,1389.4,0.01,6.11,1383.29,True,,0.0,3.99,0.0,2.11,6.11,1
909,genmatrix,large,warm,200,55.03,46.59,8.44,1.14,45.45,False,,0.0,0.03,,1.1,1.13,1
910,matrixmul,small,cold,200,2255.75,2253.11,2.65,4.97,2248.14,True,,0.0,0.35,4.01,0.61,4.97,1
911,mobilenet,medium,cold,200,1478.53,1478.52,0.01,27.42,1451.1,True,,,,,,,1
912,genmatrix,medium,warm,200,16.91,14.0,2.91,0.3,13.7,False,,0.0,0.03,,0.26,0.3,1
913,matrixmul,medium,warm,200,554.5,551.08,3.41,534.05,17.03,False,,0.0,0.6,6.36,527.09,534.05,1
914,fastfouriertransform,small,warm,200,25.1,25.1,0.01,7.37,17.72,False,,0.0,6.19,0.0,1.18,7.37,1
915,linpack,small,cold,200,1511.33,1511.32,0.01,5.4,1505.93,True,,0.0,0.39,4.08,0.92,5.39,1
916,resnet,large,cold,200,2430.92,2430.92,0.01,143.23,2287.69,True,,,,,,,1
917,fetchdata,small,cold,200,1605.01,1605.0,0.01,127.24,1477.76,True,127.2,0.0,0.02,0.0,,127.24,1
918,mobilenet,large,cold,200,1413.47,1413.46,0.01,26.36,1387.1,True,,,,,,,1
919,genmatrix,small,cold,200,1345.65,1344.52,1.13,6.17,1338.34,True,,0.0,0.03,,6.14,6.17,1
920,fastfouriertransform,large,warm,200,25.42,25.41,0.01,7.36,18.05,False,,0.0,6.18,0.0,1.16,7.36,1
921,resnet,small,warm,200,150.4,150.39,0.01,143.24,7.15,False,,,,,,,1
922,fetchdata,medium,warm,200,135.94,135.93,0.01,128.92,7.01,False,128.88,0.0,0.03,0.0,,128.92,1
923,fetchdata,medium,warm,200,89.38,89.37,0.01,82.58,6.79,False,82.54,0.0,0.03,0.0,,82.58,1
924,mobilenet,medium,warm,200,30.3,30.29,0.01,23.27,7.02,False,,,,,,,1
925,matrixmul,large,cold,200,2182.6,2180.16,2.44,4.94,2175.22,True,,0.0,0.36,3.98,0.6,4.94,1
926,matrixmul,large,warm,200,30.15,26.23,3.92,7.73,18.5,False,,0.0,0.52,6.33,0.87,7.72,1
927,resnet,small,warm,200,145.46,145.45,0.01,138.69,6.76,False,,,,,,,1
928,fastfouriertransform,small,cold,200,1285.98,1285.98,0.01,5.99,1279.99,True,,0.0,3.85,0.0,2.13,5.99,1
929,mobilenet,large,warm,200,42.1,42.09,0.01,35.07,7.02,False,,,,,,,1
930,fastfouriertransform,large,warm,200,25.09,25.08,0.01,7.34,17.74,False,,0.0,6.18,0.0,1.15,7.34,1
931,fastfouriertransform,medium,warm,200,660.19,660.18,0.01,641.94,18.24,False,,0.0,6.28,0.01,635.65,641.94,1
932,fetchdata,large,cold,200,1773.72,1773.71,0.01,126.71,1647.0,True,126.68,0.0,0.02,0.0,,126.71,1
933,fetchdata,medium,warm,200,88.23,88.23,0.01,81.41,6.81,False,81.37,0.0,0.03,0.0,,81.41,1
934,resnet,medium,cold,200,21179.13,21179.12,0.01,194.39,20984.73,True,,,,,,,1
935,fetchdata,medium,warm,200,90.92,90.91,0.01,82.81,8.09,False,82.77,0.0,0.03,0.0,,82.81,2
936,mobilenet,large,cold,200,1541.18,1541.17,0.01,29.88,1511.29,True,,,,,,,2
937,fastfouriertransform,medium,warm,200,655.82,655.81,0.01,638.0,17.82,False,,0.0,6.15,0.0,631.84,637.99,1
938,fetchdata,small,warm,200,137.66,137.65,0.01,130.79,6.86,False,130.75,0.0,0.03,0.0,,130.79,1
939,matrixmul,large,cold,200,2199.77,2196.8,2.97,5.05,2191.75,True,,0.0,0.35,4.09,0.6,5.05,1
940,genmatrix,large,cold,200,1425.26,1416.96,8.3,8.71,1408.26,True,,0.0,0.03,,8.67,8.7,1
941,fetchdata,large,warm,200,90.41,90.4,0.01,83.42,6.98,False,83.37,0.0,0.03,0.0,,83.41,1
942,genmatrix,medium,warm,200,15.74,13.18,2.56,0.32,12.86,False,,0.0,0.03,,0.28,0.31,1
943,fastfouriertransform,small,warm,200,25.79,25.79,0.01,7.3,18.49,False,,0.0,6.12,0.0,1.17,7.3,1
944,fetchdata,large,warm,200,137.75,137.74,0.01,130.86,6.89,False,130.82,0.0,0.03,0.0,,130.85,1
945,fastfouriertransform,small,warm,200,24.14,24.13,0.01,7.34,16.79,False,,0.0,6.16,0.0,1.17,7.34,1
946,mobilenet,medium,cold,200,1785.09,1785.08,0.01,31.79,1753.29,True,,,,,,,1
947,mobilenet,small,warm,200,42.64,42.63,0.01,35.34,7.29,False,,,,,,,1
948,linpack,medium,cold,200,2028.99,2028.98,0.01,644.01,1384.97,True,,0.0,0.34,4.01,639.64,644.01,1
949,matrixmul,medium,cold,200,2611.7,2609.37,2.34,505.54,2103.83,True,,0.0,0.35,3.99,501.19,505.53,1
950,fastfouriertransform,small,warm,200,24.43,24.43,0.01,7.32,17.1,False,,0.0,6.14,0.0,1.17,7.32,1
951,fetchdata,large,cold,200,1619.41,1619.41,0.01,128.27,1491.13,True,128.24,0.0,0.02,0.0,,128.27,1
952,fetchdata,small,warm,200,89.58,89.57,0.01,81.5,8.07,False,81.46,0.0,0.03,0.0,,81.5,1
953,mobilenet,medium,warm,200,30.56,30.55,0.01,22.88,7.67,False,,,,,,,1
954,resnet,large,cold,200,2527.09,2527.08,0.01,158.79,2368.28,True,,,,,,,1
955,mobilenet,large,warm,200,46.52,46.51,0.01,39.59,6.92,False,,,,,,,1
956,resnet,large,warm,200,144.06,144.06,0.01,137.01,7.04,False,,,,,,,1
957,linpack,medium,cold,200,2170.81,2170.8,0.01,643.21,1527.59,True,,0.0,0.37,4.04,638.8,643.21,1
958,fastfouriertransform,medium,cold,200,1991.27,1991.26,0.01,602.65,1388.61,True,,0.0,3.9,0.0,598.74,602.64,1
959,linpack,large,warm,200,19.52,19.51,0.01,8.05,11.46,False,,0.0,0.58,6.33,1.13,8.05,1
960,fastfouriertransform,medium,warm,200,696.3,696.29,0.01,678.71,17.58,False,,0.0,6.16,0.0,672.54,678.71,1
961,fastfouriertransform,medium,warm,200,661.17,661.16,0.01,643.19,17.97,False,,0.0,6.55,0.01,636.63,643.19,1
962,fastfouriertransform,medium,warm,200,637.36,637.35,0.01,618.99,18.37,False,,0.0,6.11,0.0,612.87,618.99,1
963,resnet,medium,cold,200,21136.17,21136.16,0.01,153.4,20982.76,True,,,,,,,1
964,resnet,medium,cold,200,11263.86,11263.86,0.01,119.58,11144.27,False,,,,,,,2
965,genmatrix,large,cold,200,1306.61,1298.62,7.99,8.6,1290.02,True,,0.0,0.02,,8.57,8.6,3
966,fetchdata,medium,cold,200,1548.11,1548.11,0.01,143.88,1404.23,True,143.85,0.0,0.02,0.0,,143.88,1
967,fastfouriertransform,medium,warm,200,659.03,659.02,0.01,641.31,17.72,False,,0.0,6.47,0.01,634.82,641.3,1
968,fastfouriertransform,medium,warm,200,652.71,652.71,0.01,634.65,18.06,False,,0.0,6.1,0.0,628.54,634.65,1
969,mobilenet,large,cold,200,1513.4,1513.39,0.01,28.37,1485.03,True,,,,,,,1
970,fetchdata,large,warm,200,138.74,138.73,0.01,131.76,6.96,False,131.72,0.0,0.03,0.0,,131.76,1
971,matrixmul,small,cold,200,2376.75,2373.71,3.04,4.96,2368.75,True,,0.0,0.35,4.0,0.6,4.96,1
972,fetchdata,small,warm,200,88.78,88.77,0.01,81.62,7.15,False,81.58,0.0,0.03,0.0,,81.62,1
973,mobilenet,medium,warm,200,34.63,34.62,0.01,27.31,7.31,False,,,,,,,1
974,resnet,medium,cold,200,3152.31,3152.3,0.01,172.18,2980.12,True,,,,,,,1
975,resnet,small,warm,200,158.6,158.59,0.01,147.86,10.73,False,,,,,,,1
976,fetchdata,medium,warm,200,135.56,135.55,0.01,129.11,6.45,False,129.06,0.0,0.03,0.0,,129.1,1
977,genmatrix,medium,cold,200,1251.63,1248.52,3.11,6.64,1241.88,True,,0.0,0.02,,6.61,6.63,1
978,mobilenet,medium,warm,200,32.47,32.46,0.01,25.34,7.12,False,,,,,,,1
979,linpack,small,cold,200,1739.16,1739.16,0.01,5.17,1733.99,True,,0.0,0.36,3.99,0.81,5.16,1
980,fastfouriertransform,large,cold,200,1361.68,1361.67,0.01,6.04,1355.62,True,,0.0,3.9,0.0,2.13,6.04,1
981,genmatrix,small,warm,200,11.21,9.96,1.25,0.15,9.8,False,,0.0,0.03,,0.11,0.15,1
982,resnet,large,cold,200,21170.15,21170.15,0.01,187.75,20982.39,True,,,,,,,1
983,mobilenet,medium,warm,200,31.77,31.76,0.01,23.14,8.63,False,,,,,,,2
984,matrixmul,large,cold,200,2169.95,2166.92,3.04,4.95,2161.97,True,,0.0,0.34,4.01,0.59,4.95,2
985,linpack,large,warm,200,19.9,19.89,0.01,8.03,11.86,False,,0.0,0.52,6.35,1.15,8.03,1
986,linpack,small,warm,200,19.46,19.45,0.01,8.06,11.38,False,,0.0,0.54,6.34,1.18,8.06,1
987,mobilenet,small,warm,200,30.75,30.74,0.01,23.6,7.14,False,,,,,,,1
988,mobilenet,medium,warm,200,32.46,32.45,0.01,22.77,9.68,False,,,,,,,1
989,mobilenet,small,warm,200,29.55,29.54,0.01,23.14,6.4,False,,,,,,,1
990,resnet,small,warm,200,155.58,155.57,0.01,146.99,8.58,False,,,,,,,1
991,linpack,large,warm,200,19.38,19.37,0.01,8.05,11.32,False,,0.0,0.52,6.36,1.16,8.04,1
992,fastfouriertransform,small,cold,200,1477.62,1477.61,0.01,5.98,1471.63,True,,0.0,3.85,0.0,2.12,5.98,1
993,linpack,large,warm,200,19.89,19.88,0.01,8.03,11.85,False,,0.0,0.52,6.35,1.15,8.03,1
994,fetchdata,medium,cold,200,1607.66,1607.65,0.01,124.75,1482.9,True,124.72,0.0,0.02,0.0,,124.75,1
995,linpack,large,warm,200,19.03,19.02,0.01,8.04,10.98,False,,0.0,0.52,6.36,1.16,8.04,1
996,linpack,large,warm,200,19.79,19.78,0.01,8.08,11.7,False,,0.0,0.52,6.39,1.16,8.08,1
997,fetchdata,large,warm,200,88.86,88.85,0.01,81.85,7.0,False,81.81,0.0,0.03,0.0,,81.85,1
998,resnet,large,cold,200,11147.11,11147.1,0.01,160.65,10986.45,True,,,,,,,1
999,genmatrix,large,cold,200,1352.62,1344.07,8.55,8.69,1335.38,True,,0.0,0.02,,8.65,8.68,2
1000,matrixmul,large,cold,200,2192.35,2189.9,2.45,4.96,2184.93,True,,0.0,0.35,4.01,0.6,4.96,1
1001,matrixmul,small,warm,200,29.11,26.06,3.05,7.86,18.19,False,,0.0,0.58,6.41,0.87,7.86,1
1002,fetchdata,small,warm,200,136.42,136.41,0.01,129.87,6.54,False,129.83,0.0,0.03,0.0,,129.87,1
1003,fetchdata,medium,warm,200,89.31,89.31,0.01,82.03,7.28,False,81.98,0.0,0.03,0.0,,82.02,1
1004,genmatrix,medium,warm,200,16.56,13.47,3.1,0.29,13.17,False,,0.0,0.03,,0.26,0.29,1
1005,linpack,medium,cold,200,2137.28,2137.27,0.01,648.75,1488.52,True,,0.0,0.38,4.03,644.34,648.75,1
1006,resnet,small,cold,200,23150.16,23150.15,0.01,160.22,22989.93,True,,,,,,,1
1007,matrixmul,large,warm,200,31.51,28.23,3.28,7.75,20.49,False,,0.0,0.52,6.34,0.87,7.74,2
1008,fastfouriertransform,medium,cold,200,1967.05,1967.04,0.01,605.56,1361.48,True,,0.0,3.92,0.0,601.63,605.56,2
1009,fetchdata,medium,warm,200,139.25,139.24,0.01,132.22,7.01,False,132.18,0.0,0.03,0.0,,132.22,1
1010,fastfouriertransform,small,warm,200,24.92,24.91,0.01,7.53,17.38,False,,0.0,6.32,0.0,1.2,7.53,1
1011,matrixmul,medium,warm,200,553.82,550.68,3.14,534.72,15.96,False,,0.0,0.52,6.38,527.81,534.72,1
1012,fastfouriertransform,large,warm,200,24.95,24.94,0.01,7.25,17.69,False,,0.0,6.09,0.0,1.16,7.25,1
1013,linpack,small,cold,200,1392.77,1392.77,0.01,5.23,1387.54,True,,0.0,0.36,4.04,0.83,5.23,1
1014,resnet,large,warm,200,174.72,174.71,0.01,166.99,7.72,False,,,,,,,1
1015,resnet,medium,warm,200,154.25,154.24,0.01,147.04,7.2,False,,,,,,,1
1016,fetchdata,large,cold,200,1470.27,1470.26,0.01,143.93,1326.33,True,143.9,0.0,0.02,0.0,,143.93,1
1017,resnet,large,warm,200,150.6,150.59,0.01,143.34,7.26,False,,,,,,,1
1018,fastfouriertransform,medium,warm,200,694.9,694.89,0.01,677.66,17.23,False,,0.0,6.08,0.0,671.57,677.66,1
1019,linpack,large,warm,200,19.6,19.59,0.01,8.05,11.54,False,,0.0,0.58,6.33,1.14,8.05,1
1020,genmatrix,small,cold,200,2064.98,2063.84,1.14,6.78,2057.06,True,,0.0,0.03,,6.75,6.78,1
1021,matrixmul,large,cold,200,2123.22,2119.83,3.39,4.99,2114.84,True,,0.0,0.36,4.0,0.62,4.99,1
1022,fetchdata,large,warm,200,141.16,141.15,0.01,134.6,6.56,False,134.56,0.0,0.03,0.0,,134.6,1
1023,mobilenet,small,cold,200,1495.19,1495.18,0.01,27.48,1467.7,True,,,,,,,1
1024,fetchdata,small,warm,200,90.52,90.51,0.01,84.48,6.03,False,84.44,0.0,0.03,0.0,,84.48,1
1025,linpack,medium,warm,200,682.63,682.62,0.01,671.72,10.9,False,,0.0,0.52,6.06,665.13,671.72,1
1026,genmatrix,small,warm,200,10.92,9.85,1.07,0.16,9.69,False,,0.0,0.04,,0.12,0.16,1
1027,resnet,large,cold,200,2433.73,2433.72,0.01,141.62,2292.1,True,,,,,,,1
1028,mobilenet,small,warm,200,31.4,31.39,0.01,24.08,7.3,False,,,,,,,1
1029,mobilenet,large,warm,200,31.61,31.6,0.01,23.08,8.52,False,,,,,,,1
1030,fetchdata,medium,warm,200,144.13,144.12,0.01,137.31,6.81,False,137.27,0.0,0.03,0.0,,137.31,1
1031,resnet,large,warm,200,157.1,157.09,0.01,149.95,7.14,False,,,,,,,1
1032,resnet,small,warm,200,144.78,144.77,0.01,137.82,6.95,False,,,,,,,1
1033,matrixmul,medium,cold,200,2898.13,2895.26,2.87,506.0,2389.26,True,,0.0,0.34,4.0,501.64,506.0,1
1034,matrixmul,medium,warm,200,556.29,552.35,3.95,536.21,16.14,False,,0.0,0.52,6.3,529.37,536.21,1
1035,fetchdata,medium,warm,200,142.59,142.58,0.01,135.76,6.82,False,135.72,0.0,0.03,0.0,,135.76,1
1036,genmatrix,large,cold,200,1347.77,1339.07,8.7,9.53,1329.54,True,,0.0,0.03,,9.49,9.53,1
1037,fastfouriertransform,large,cold,200,1809.57,1809.57,0.01,6.0,1803.57,True,,0.0,3.85,0.0,2.14,6.0,1
1038,genmatrix,medium,warm,200,16.23,13.62,2.62,0.29,13.33,False,,0.0,0.03,,0.25,0.29,1
1039,fastfouriertransform,medium,warm,200,641.49,641.49,0.01,624.01,17.48,False,,0.0,6.13,0.0,617.87,624.01,1
1040,fastfouriertransform,large,warm,200,25.09,25.08,0.01,7.24,17.84,False,,0.0,6.07,0.0,1.15,7.23,1
1041,genmatrix,medium,warm,200,16.51,13.55,2.96,0.29,13.26,False,,0.0,0.03,,0.25,0.29,1
1042,matrixmul,medium,cold,200,13522.39,13519.34,3.05,533.03,12986.31,True,,0.0,0.54,6.36,526.12,533.03,1
1043,genmatrix,large,warm,200,56.09,47.44,8.65,1.17,46.27,False,,0.0,0.03,,1.14,1.17,2
1044,resnet,small,cold,200,2387.48,2387.48,0.01,136.22,2251.26,True,,,,,,,1
1045,matrixmul,small,warm,200,29.1,26.23,2.87,7.72,18.51,False,,0.0,0.52,6.31,0.88,7.72,1
1046,resnet,large,warm,200,173.9,173.89,0.01,166.27,7.62,False,,,,,,,1
1047,mobilenet,medium,cold,200,1788.91,1788.9,0.01,31.24,1757.66,True,,,,,,,1
1048,matrixmul,large,warm,200,30.4,27.36,3.04,9.12,18.24,False,,0.0,0.52,7.71,0.88,9.12,1
1049,genmatrix,large,warm,200,54.44,46.38,8.05,1.19,45.2,False,,0.0,0.03,,1.15,1.18,1
1050,fetchdata,small,cold,200,1559.14,1559.14,0.01,128.48,1430.65,True,128.45,0.0,0.02,0.0,,128.48,1
1051,resnet,large,warm,200,159.86,159.85,0.01,152.56,7.29,False,,,,,,,1
1052,fastfouriertransform,medium,cold,200,1951.32,1951.32,0.01,601.01,1350.31,True,,0.0,3.86,0.0,597.14,601.01,1
1053,resnet,medium,warm,200,252.97,252.97,0.01,141.37,111.59,False,,,,,,,1
1054,genmatrix,medium,warm,200,15.73,12.81,2.92,0.29,12.52,False,,0.0,0.03,,0.26,0.29,1
1055,linpack,small,cold,200,1388.93,1388.92,0.01,5.22,1383.71,True,,0.0,0.37,4.01,0.83,5.22,1
1056,genmatrix,large,warm,200,53.84,44.89,8.95,1.19,43.7,False,,0.0,0.03,,1.15,1.19,1
1057,linpack,large,warm,200,19.24,19.23,0.01,8.08,11.15,False,,0.0,0.54,6.34,1.19,8.08,1
1058,genmatrix,large,warm,200,53.88,44.49,9.39,1.23,43.26,False,,0.0,0.04,,1.18,1.23,1
1059,fastfouriertransform,large,cold,200,1909.35,1909.34,0.01,6.24,1903.1,True,,0.0,3.84,0.0,2.39,6.24,1
1060,genmatrix,medium,warm,200,15.6,12.85,2.75,0.29,12.56,False,,0.0,0.03,,0.26,0.29,1
1061,resnet,medium,cold,200,11149.25,11149.24,0.01,162.51,10986.72,True,,,,,,,1
1062,fastfouriertransform,medium,warm,200,645.49,645.48,0.01,627.59,17.89,False,,0.0,6.14,0.0,621.44,627.58,2
1063,matrixmul,small,cold,200,1995.76,1992.65,3.11,4.97,1987.68,True,,0.0,0.36,4.0,0.61,4.97,1
1064,mobilenet,medium,cold,200,1460.04,1460.04,0.01,27.31,1432.73,True,,,,,,,1
1065,linpack,medium,cold,200,2021.9,2021.89,0.01,643.38,1378.51,True,,0.0,0.33,4.01,639.03,643.38,1
1066,mobilenet,small,warm,200,30.84,30.83,0.01,23.11,7.72,False,,,,,,,1
1067,mobilenet,small,warm,200,30.05,30.04,0.01,23.03,7.01,False,,,,,,,1
1068,fastfouriertransform,medium,warm,200,642.58,642.58,0.01,624.65,17.93,False,,0.0,6.12,0.0,618.52,624.65,1
1069,linpack,small,warm,200,19.97,19.97,0.01,8.0,11.97,False,,0.0,0.54,6.32,1.13,8.0,1
1070,resnet,large,cold,200,13147.51,13147.51,0.01,162.51,12984.99,True,,,,,,,1
1071,linpack,large,warm,200,20.81,20.8,0.02,8.03,12.77,False,,0.0,0.54,6.35,1.13,8.03,2
1072,resnet,small,warm,200,153.14,153.13,0.01,145.7,7.43,False,,,,,,,1
1073,genmatrix,medium,cold,200,1309.01,1306.6,2.41,6.31,1300.29,True,,0.0,0.02,,6.28,6.3,1
1074,linpack,large,warm,200,19.89,19.88,0.01,8.08,11.8,False,,0.0,0.55,6.39,1.14,8.08,1
1075,mobilenet,large,cold,200,1678.46,1678.45,0.01,35.66,1642.79,True,,,,,,,1
1076,fetchdata,small,cold,200,1544.07,1544.07,0.01,129.92,1414.15,True,129.89,0.0,0.02,0.0,,129.92,1
1077,mobilenet,small,warm,200,30.56,30.55,0.01,23.76,6.79,False,,,,,,,1
1078,linpack,large,warm,200,19.6,19.59,0.01,7.99,11.59,False,,0.0,0.51,6.35,1.13,7.99,1
1079,linpack,large,warm,200,227.35,227.35,0.01,8.04,219.3,False,,0.0,0.52,6.35,1.16,8.04,1
1080,linpack,small,warm,200,18.76,18.75,0.01,7.99,10.75,False,,0.0,0.52,6.34,1.13,7.99,1
1081,genmatrix,medium,cold,200,1370.94,1367.2,3.74,6.41,1360.79,True,,0.0,0.03,,6.37,6.41,1
1082,fastfouriertransform,medium,cold,200,1864.46,1864.46,0.01,604.3,1260.15,True,,0.0,3.86,0.0,600.43,604.3,1
1083,matrixmul,large,cold,200,1997.04,1994.0,3.04,4.94,1989.06,True,,0.0,0.35,3.99,0.6,4.94,1
1084,genmatrix,small,warm,200,11.86,10.65,1.21,0.15,10.49,False,,0.0,0.04,,0.11,0.15,1
1085,fetchdata,large,cold,200,1498.31,1498.31,0.01,132.89,1365.42,True,132.86,0.0,0.02,0.0,,132.89,1
1086,matrixmul,large,warm,200,29.02,26.0,3.02,7.83,18.18,False,,0.0,0.61,6.34,0.87,7.82,1
1087,linpack,medium,cold,200,2058.63,2058.62,0.01,642.67,1415.95,True,,0.0,0.39,4.02,638.25,642.67,1
1088,mobilenet,large,cold,200,1473.47,1473.46,0.01,28.44,1445.02,True,,,,,,,1
1089,mobilenet,medium,warm,200,30.53,30.52,0.01,23.32,7.2,False,,,,,,,1
1090,linpack,medium,warm,200,686.25,686.24,0.01,674.65,11.59,False,,0.0,0.52,6.32,667.79,674.65,1
1091,linpack,small,warm,200,18.69,18.68,0.01,7.99,10.69,False,,0.0,0.52,6.34,1.13,7.99,1
1092,matrixmul,large,warm,200,28.85,26.34,2.52,7.73,18.61,False,,0.0,0.52,6.34,0.87,7.73,1
1093,resnet,medium,cold,200,2379.99,2379.98,0.01,132.98,2247.0,True,,,,,,,1
1094,fetchdata,medium,cold,200,1576.87,1576.86,0.01,125.91,1450.95,True,125.88,0.0,0.02,0.0,,125.91,1
1095,linpack,medium,warm,200,695.48,695.47,0.01,684.1,11.37,False,,0.0,0.54,6.52,677.03,684.1,1
1096,resnet,large,warm,200,168.19,168.18,0.01,160.96,7.22,False,,,,,,,1
1097,fetchdata,small,warm,200,88.83,88.82,0.01,81.36,7.46,False,81.32,0.0,0.03,0.0,,81.36,1
1098,linpack,small,warm,200,19.74,19.74,0.01,8.0,11.74,False,,0.0,0.53,6.33,1.13,8.0,1
1099,linpack,large,warm,200,20.41,20.4,0.01,7.98,12.41,False,,0.0,0.53,6.32,1.13,7.98,1
1100,mobilenet,medium,cold,200,1558.28,1558.27,0.01,28.35,1529.92,True,,,,,,,1
1101,fastfouriertransform,large,cold,200,1339.46,1339.45,0.01,6.0,1333.45,True,,0.0,3.86,0.0,2.14,6.0,1
1102,fetchdata,medium,warm,200,133.27,133.27,0.01,126.33,6.93,False,126.29,0.0,0.03,0.0,,126.33,1
1103,resnet,small,cold,200,21148.64,21148.64,0.01,158.36,20990.28,True,,,,,,,1
1104,genmatrix,large,cold,200,1872.21,1864.25,7.96,8.59,1855.66,True,,0.0,0.03,,8.55,8.59,2
1105,linpack,small,warm,200,19.88,19.87,0.01,8.14,11.74,False,,0.0,0.52,6.34,1.27,8.14,2
1106,matrixmul,small,cold,200,2096.59,2093.64,2.95,4.96,2088.68,True,,0.0,0.35,4.01,0.6,4.96,1
1107,linpack,small,warm,200,19.39,19.38,0.01,7.98,11.4,False,,0.0,0.52,6.32,1.13,7.98,1
1108,matrixmul,medium,warm,200,563.25,560.47,2.78,544.19,16.29,False,,0.0,0.58,6.36,537.24,544.19,1
1109,resnet,small,warm,200,144.11,144.1,0.01,137.27,6.83,False,,,,,,,1
1110,linpack,medium,warm,200,698.87,698.86,0.01,687.9,10.96,False,,0.0,0.51,6.3,681.08,687.9,1
1111,fastfouriertransform,small,cold,200,1282.59,1282.59,0.01,5.97,1276.61,True,,0.0,3.84,0.0,2.12,5.97,1
1112,linpack,medium,warm,200,695.03,695.02,0.01,683.51,11.51,False,,0.0,0.52,6.31,676.69,683.51,1
1113,matrixmul,small,warm,200,29.36,26.03,3.32,7.86,18.17,False,,0.0,0.58,6.4,0.87,7.86,1
1114,fetchdata,small,cold,200,1517.52,1517.51,0.01,125.38,1392.13,True,125.34,0.0,0.03,0.0,,125.38,1
1115,fetchdata,large,warm,200,88.55,88.55,0.01,81.95,6.6,False,81.91,0.0,0.03,0.0,,81.95,1
1116,matrixmul,small,warm,200,28.16,25.32,2.83,7.73,17.59,False,,0.0,0.54,6.32,0.86,7.73,1
1117,fetchdata,small,warm,200,115.04,115.03,0.01,108.21,6.82,False,108.17,0.0,0.03,0.0,,108.21,1
1118,matrixmul,small,warm,200,29.57,26.38,3.19,7.8,18.57,False,,0.0,0.53,6.38,0.89,7.8,1
1119,fastfouriertransform,medium,cold,200,2039.34,2039.33,0.01,606.22,1433.11,True,,0.0,3.88,0.0,602.33,606.21,1
1120,fastfouriertransform,large,warm,200,25.8,25.79,0.01,7.28,18.51,False,,0.0,6.11,0.0,1.15,7.28,1
1121,genmatrix,medium,cold,200,1451.3,1447.68,3.62,6.45,1441.23,True,,0.0,0.02,,6.42,6.45,1
1122,linpack,small,cold,200,1361.05,1361.04,0.01,5.17,1355.87,True,,0.0,0.36,3.99,0.82,5.17,1
1123,mobilenet,small,cold,200,1958.22,1958.21,0.01,33.72,1924.49,True,,,,,,,1
1124,matrixmul,medium,warm,200,564.69,561.67,3.01,546.03,15.64,False,,0.0,0.53,6.35,539.15,546.03,1
1125,genmatrix,small,warm,200,11.89,10.55,1.34,0.16,10.39,False,,0.0,0.04,,0.12,0.16,1
1126,linpack,large,warm,200,19.93,19.92,0.01,7.98,11.94,False,,0.0,0.53,6.3,1.15,7.98,1
1127,fetchdata,medium,cold,200,2348.86,2348.86,0.01,126.81,2222.05,True,126.77,0.0,0.03,0.0,,126.81,1
1128,resnet,small,cold,200,2533.09,2533.08,0.01,127.56,2405.52,True,,,,,,,1
1129,fastfouriertransform,small,cold,200,1384.36,1384.35,0.01,5.99,1378.37,True,,0.0,3.83,0.0,2.14,5.98,1
1130,matrixmul,small,warm,200,27.79,24.98,2.81,7.84,17.13,False,,0.0,0.58,6.37,0.88,7.84,1
1131,linpack,small,warm,200,19.94,19.93,0.01,8.06,11.88,False,,0.0,0.54,6.37,1.15,8.05,1
1132,resnet,large,warm,200,155.85,155.84,0.01,148.29,7.55,False,,,,,,,1
1133,resnet,large,warm,200,153.02,153.01,0.01,145.83,7.18,False,,,,,,,1
1134,fetchdata,small,cold,200,2259.04,2259.04,0.01,134.39,2124.65,True,134.35,0.0,0.02,0.0,,134.38,1
1135,linpack,medium,warm,200,693.17,693.16,0.01,681.86,11.3,False,,0.0,0.52,6.45,674.88,681.86,1
1136,mobilenet,medium,cold,200,1431.42,1431.41,0.01,26.79,1404.62,True,,,,,,,1
1137,fastfouriertransform,small,cold,200,1375.7,1375.69,0.01,6.33,1369.36,True,,0.0,3.85,0.0,2.47,6.32,1
1138,mobilenet,medium,warm,200,45.8,45.79,0.01,38.25,7.54,False,,,,,,,1
1139,genmatrix,large,cold,200,1509.4,1499.25,10.15,9.97,1489.28,True,,0.0,0.03,,9.94,9.97,1
1140,fetchdata,small,warm,200,147.98,147.97,0.01,141.03,6.93,False,141.0,0.0,0.03,0.0,,141.03,1
1141,fastfouriertransform,medium,warm,200,656.8,656.79,0.01,638.93,17.86,False,,0.0,6.91,0.01,632.0,638.93,1
1142,resnet,large,cold,200,2720.31,2720.29,0.01,126.99,2593.31,True,,,,,,,1
1143,fastfouriertransform,large,warm,200,23.89,23.89,0.01,7.26,16.63,False,,0.0,6.1,0.0,1.15,7.26,1
1144,resnet,large,warm,200,159.21,159.2,0.01,152.21,6.99,False,,,,,,,1
1145,mobilenet,large,cold,200,1533.35,1533.34,0.01,27.19,1506.15,True,,,,,,,1
1146,mobilenet,medium,warm,200,30.83,30.82,0.01,23.8,7.02,False,,,,,,,1
1147,fetchdata,small,cold,200,1597.11,1597.11,0.01,129.84,1467.27,True,129.81,0.0,0.02,0.0,,129.84,1
1148,resnet,medium,warm,200,163.6,163.59,0.01,156.44,7.16,False,,,,,,,1
1149,mobilenet,large,warm,200,32.9,32.89,0.01,23.34,9.55,False,,,,,,,1
1150,fetchdata,small,warm,200,89.82,89.81,0.01,82.33,7.48,False,82.29,0.0,0.03,0.0,,82.33,1
1151,genmatrix,large,cold,200,1703.95,1694.73,9.22,8.46,1686.27,True,,0.0,0.02,,8.42,8.45,1
1152,fastfouriertransform,large,cold,200,1264.91,1264.9,0.01,6.01,1258.89,True,,0.0,3.85,0.0,2.15,6.01,1
1153,matrixmul,small,cold,200,2211.41,2208.72,2.7,4.95,2203.77,True,,0.0,0.35,4.0,0.59,4.95,1
1154,resnet,large,warm,200,149.88,149.87,0.01,143.08,6.79,False,,,,,,,1
1155,resnet,large,warm,200,157.71,157.7,0.01,150.93,6.77,False,,,,,,,1
1156,resnet,small,warm,200,163.66,163.65,0.01,156.11,7.54,False,,,,,,,1
1157,fetchdata,medium,cold,200,1735.01,1735.0,0.01,127.06,1607.94,True,127.0,0.0,0.05,0.0,,127.06,1
1158,fastfouriertransform,large,warm,200,25.21,25.2,0.01,7.34,17.85,False,,0.0,6.12,0.0,1.22,7.34,1
1159,fetchdata,medium,warm,200,89.18,89.17,0.01,82.11,7.06,False,82.06,0.0,0.03,0.0,,82.1,1
1160,matrixmul,large,cold,200,22999.12,22996.11,3.01,7.85,22988.26,True,,0.0,0.54,6.35,0.95,7.85,1
1161,fastfouriertransform,medium,warm,200,653.3,653.3,0.01,633.83,19.46,False,,0.0,6.09,0.0,627.73,633.83,2
1162,linpack,small,cold,200,1880.11,1880.1,0.01,5.21,1874.9,True,,0.0,0.35,4.0,0.86,5.2,2
1163,matrixmul,small,warm,200,29.97,26.07,3.9,7.79,18.28,False,,0.0,0.59,6.33,0.87,7.79,1
1164,genmatrix,large,cold,200,1849.27,1837.75,11.51,8.58,1829.18,True,,0.0,0.03,,8.54,8.58,1
1165,genmatrix,small,warm,200,9.4,8.14,1.26,0.15,7.99,False,,0.0,0.03,,0.11,0.15,1
1166,linpack,large,warm,200,19.16,19.15,0.01,8.08,11.07,False,,0.0,0.6,6.33,1.15,8.08,1
1167,genmatrix,medium,warm,200,17.38,14.06,3.32,0.3,13.77,False,,0.0,0.03,,0.26,0.29,1
1168,mobilenet,small,cold,200,1540.47,1540.46,0.01,27.25,1513.22,True,,,,,,,1
1169,matrixmul,large,warm,200,29.5,26.52,2.97,7.71,18.81,False,,0.0,0.53,6.31,0.86,7.71,1
1170,matrixmul,large,warm,200,28.67,25.92,2.75,7.93,18.0,False,,0.0,0.53,6.51,0.89,7.93,1
1171,mobilenet,large,warm,200,40.55,40.54,0.01,32.74,7.8,False,,,,,,,1
1172,fetchdata,large,cold,200,1666.51,1666.5,0.01,134.65,1531.85,True,134.62,0.0,0.02,0.0,,134.65,1
1173,fetchdata,large,warm,200,90.05,90.04,0.01,83.23,6.81,False,83.19,0.0,0.03,0.0,,83.23,1
1174,mobilenet,small,warm,200,41.71,41.7,0.01,33.78,7.92,False,,,,,,,1
1175,fastfouriertransform,large,cold,200,1389.03,1389.03,0.01,6.03,1383.0,True,,0.0,3.85,0.0,2.17,6.03,1
1176,linpack,medium,cold,200,2138.39,2138.38,0.01,642.47,1495.91,True,,0.0,0.35,4.01,638.1,642.46,1
1177,fastfouriertransform,medium,warm,200,658.08,658.08,0.01,639.55,18.53,False,,0.0,6.64,0.0,632.9,639.55,1
1178,mobilenet,small,warm,200,37.77,37.76,0.01,30.08,7.68,False,,,,,,,1
1179,linpack,small,warm,200,33.09,33.08,0.01,8.01,25.08,False,,0.0,0.54,6.33,1.13,8.0,1
1180,fastfouriertransform,medium,warm,200,656.0,656.0,0.01,636.99,19.01,False,,0.0,6.08,0.0,630.9,636.99,1
1181,matrixmul,large,cold,200,2202.18,2199.48,2.7,9.38,2190.11,True,,0.0,0.44,8.21,0.72,9.37,1
1182,fetchdata,large,cold,200,1560.12,1560.11,0.01,131.26,1428.85,True,131.23,0.0,0.02,0.0,,131.26,1
1183,fetchdata,medium,warm,200,88.49,88.48,0.01,81.39,7.09,False,81.35,0.0,0.04,0.0,,81.39,1
1184,fastfouriertransform,large,warm,200,25.05,25.04,0.01,7.27,17.78,False,,0.0,6.11,0.0,1.14,7.26,1
1185,mobilenet,medium,cold,200,1595.98,1595.97,0.01,46.11,1549.87,True,,,,,,,1
1186,matrixmul,small,warm,200,29.98,27.49,2.49,7.78,19.71,False,,0.0,0.56,6.33,0.89,7.77,1
1187,linpack,large,cold,200,1364.25,1364.25,0.01,5.45,1358.79,True,,0.0,0.38,4.13,0.94,5.45,1
1188,matrixmul,medium,warm,200,551.03,548.09,2.94,531.4,16.69,False,,0.0,0.55,6.32,524.53,531.4,1
1189,fastfouriertransform,medium,warm,200,657.21,657.2,0.01,639.03,18.17,False,,0.0,6.09,0.0,632.93,639.03,1
1190,fetchdata,medium,cold,200,1626.31,1626.31,0.01,132.01,1494.3,True,131.98,0.0,0.02,0.0,,132.01,1
1191,genmatrix,medium,cold,200,1298.3,1295.08,3.21,6.49,1288.59,True,,0.0,0.02,,6.46,6.49,1
1192,fetchdata,medium,warm,200,92.17,92.17,0.01,84.9,7.26,False,84.86,0.0,0.03,0.0,,84.9,1
1193,mobilenet,medium,cold,200,1459.95,1459.94,0.01,26.37,1433.57,True,,,,,,,1
1194,genmatrix,medium,warm,200,17.64,15.31,2.33,0.29,15.02,False,,0.0,0.04,,0.25,0.29,1
1195,matrixmul,large,cold,200,23004.77,23002.26,2.51,7.84,22994.42,True,,0.0,0.55,6.36,0.92,7.84,1
1196,matrixmul,small,cold,200,13016.73,13014.33,2.41,7.73,13006.59,False,,0.0,0.55,6.31,0.86,7.73,2
1197,genmatrix,medium,warm,200,18.12,15.17,2.95,0.29,14.87,False,,0.0,0.03,,0.26,0.29,3
1198,fastfouriertransform,medium,cold,200,1968.19,1968.19,0.01,602.7,1365.49,True,,0.0,3.87,0.0,598.81,602.69,1
1199,resnet,small,cold,200,2300.65,2300.65,0.01,129.77,2170.88,True,,,,,,,1
1200,resnet,medium,warm,200,154.71,154.7,0.01,147.96,6.74,False,,,,,,,1
1201,matrixmul,small,warm,200,29.45,26.36,3.09,7.97,18.39,False,,0.0,0.62,6.45,0.89,7.97,1
1202,fastfouriertransform,medium,warm,200,699.68,699.67,0.01,681.38,18.29,False,,0.0,6.11,0.0,675.26,681.38,1
1203,genmatrix,medium,warm,200,17.78,13.82,3.95,0.3,13.52,False,,0.0,0.03,,0.26,0.3,1
1204,matrixmul,medium,warm,200,566.35,563.37,2.98,546.27,17.09,False,,0.0,0.52,6.33,539.41,546.27,1
1205,resnet,large,warm,200,157.71,157.7,0.01,151.03,6.68,False,,,,,,,1
1206,fetchdata,small,cold,200,1527.53,1527.52,0.01,133.93,1393.59,True,133.9,0.0,0.03,0.0,,133.93,1
1207,genmatrix,medium,warm,200,16.97,13.3,3.66,0.3,13.0,False,,0.0,0.03,,0.26,0.3,1
1208,matrixmul,medium,warm,200,564.2,561.37,2.84,545.58,15.79,False,,0.0,0.53,6.3,538.74,545.57,1
1209,fastfouriertransform,large,cold,200,1403.66,1403.65,0.01,6.25,1397.4,True,,0.0,3.98,0.0,2.25,6.25,1
1210,linpack,medium,cold,200,2134.39,2134.39,0.01,643.83,1490.55,True,,0.0,0.35,4.0,639.47,643.83,1
1211,resnet,medium,warm,200,158.81,158.8,0.01,151.64,7.16,False,,,,,,,1
1212,matrixmul,large,warm,200,160.91,25.77,135.13,7.71,18.06,False,,0.0,0.52,6.33,0.86,7.71,1
1213,linpack,small,warm,200,22.75,22.75,0.01,11.08,11.66,False,,0.0,0.57,9.2,1.31,11.08,1
1214,fastfouriertransform,large,warm,200,25.49,25.48,0.01,7.35,18.13,False,,0.0,6.21,0.0,1.13,7.35,1
1215,genmatrix,medium,cold,200,1811.63,1808.39,3.24,6.33,1802.06,True,,0.0,0.05,,6.28,6.33,1
1216,matrixmul,large,warm,200,28.39,25.62,2.78,7.71,17.91,False,,0.0,0.52,6.31,0.87,7.71,1
1217,linpack,large,warm,200,19.5,19.49,0.01,8.04,11.45,False,,0.0,0.54,6.35,1.15,8.04,1
1218,genmatrix,small,warm,200,11.47,10.23,1.24,0.16,10.08,False,,0.0,0.04,,0.11,0.15,1
1219,fastfouriertransform,small,warm,200,25.38,25.37,0.01,7.27,18.1,False,,0.0,6.13,0.0,1.13,7.27,1
1220,linpack,large,warm,200,19.69,19.69,0.01,8.01,11.67,False,,0.0,0.52,6.35,1.14,8.01,1
1221,genmatrix,medium,warm,200,16.75,13.52,3.23,0.3,13.22,False,,0.0,0.03,,0.26,0.29,1
1222,fastfouriertransform,small,warm,200,25.93,25.93,0.01,7.31,18.61,False,,0.0,6.18,0.0,1.12,7.31,1
1223,fastfouriertransform,small,warm,200,25.26,25.25,0.01,7.21,18.05,False,,0.0,6.07,0.0,1.13,7.21,1
1224,linpack,large,warm,200,19.25,19.25,0.01,8.03,11.22,False,,0.0,0.52,6.36,1.14,8.02,1
1225,matrixmul,medium,cold,200,2603.17,2599.08,4.08,505.86,2093.23,True,,0.0,0.34,3.98,501.52,505.85,1
1226,fetchdata,large,cold,200,1493.76,1493.75,0.01,136.44,1357.32,True,136.4,0.0,0.03,0.0,,136.43,1
1227,fastfouriertransform,large,warm,200,24.14,24.13,0.01,7.24,16.89,False,,0.0,6.09,0.0,1.14,7.24,1
1228,mobilenet,large,cold,200,1489.83,1489.82,0.01,27.85,1461.97,True,,,,,,,1
1229,fetchdata,medium,warm,200,89.97,89.97,0.01,82.89,7.08,False,82.85,0.0,0.03,0.0,,82.89,1
1230,matrixmul,medium,warm,200,582.26,579.72,2.54,563.69,16.03,False,,0.0,0.53,6.34,556.82,563.69,1
1231,linpack,small,cold,200,1551.38,1551.37,0.01,5.18,1546.19,True,,0.0,0.36,4.0,0.81,5.17,1
1232,resnet,small,cold,200,12151.56,12151.55,0.01,149.57,12001.98,True,,,,,,,1
1233,resnet,medium,cold,200,2277.49,2277.48,0.01,122.3,2155.18,False,,,,,,,2
1234,fetchdata,medium,warm,200,141.72,141.71,0.01,135.0,6.71,False,134.96,0.0,0.03,0.0,,135.0,1
1235,genmatrix,medium,cold,200,1570.98,1568.37,2.6,7.08,1561.29,True,,0.0,0.03,,7.05,7.08,1
1236,mobilenet,small,cold,200,1445.64,1445.63,0.01,30.54,1415.1,True,,,,,,,1
1237,fastfouriertransform,large,cold,200,1358.52,1358.51,0.01,5.95,1352.57,True,,0.0,3.82,0.0,2.11,5.94,1
1238,mobilenet,medium,warm,200,38.72,38.72,0.01,31.31,7.4,False,,,,,,,1
1239,resnet,medium,warm,200,145.35,145.34,0.01,137.5,7.84,False,,,,,,,1
1240,resnet,small,warm,200,157.6,157.59,0.01,150.5,7.09,False,,,,,,,1
1241,matrixmul,medium,cold,200,2694.24,2691.28,2.96,506.57,2184.71,True,,0.0,0.35,3.98,502.23,506.57,1
1242,genmatrix,medium,warm,200,18.07,15.27,2.8,0.29,14.98,False,,0.0,0.03,,0.25,0.29,1
1243,mobilenet,large,warm,200,30.91,30.9,0.01,22.48,8.43,False,,,,,,,1
1244,matrixmul,large,warm,200,29.76,26.76,3.0,7.71,19.06,False,,0.0,0.52,6.31,0.87,7.7,1
1245,fetchdata,small,cold,200,1636.29,1636.29,0.01,132.62,1503.67,True,132.58,0.0,0.02,0.0,,132.61,1
1246,fastfouriertransform,small,cold,200,1330.82,1330.81,0.01,6.02,1324.79,True,,0.0,3.87,0.0,2.14,6.02,1
1247,linpack,small,cold,200,1384.26,1384.25,0.01,5.2,1379.05,True,,0.0,0.34,4.02,0.83,5.2,1
1248,fetchdata,small,warm,200,91.08,91.07,0.01,84.05,7.03,False,84.01,0.0,0.03,0.0,,84.04,1
1249,genmatrix,medium,cold,200,1576.09,1572.9,3.19,7.16,1565.74,True,,0.0,0.03,,7.13,7.16,1
1250,fastfouriertransform,large,warm,200,25.33,25.33,0.01,7.28,18.04,False,,0.0,6.06,0.0,1.21,7.28,1
1251,linpack,medium,warm,200,690.32,690.31,0.01,678.45,11.86,False,,0.0,0.52,6.38,671.54,678.45,1
1252,genmatrix,medium,warm,200,18.42,15.12,3.3,0.3,14.82,False,,0.0,0.04,,0.26,0.3,1
1253,genmatrix,small,warm,200,9.17,8.05,1.12,0.15,7.9,False,,0.0,0.03,,0.11,0.15,1
1254,resnet,large,cold,200,3418.78,3418.77,0.01,136.13,3282.64,True,,,,,,,1
1255,matrixmul,medium,cold,200,2549.79,2546.54,3.25,504.26,2042.28,True,,0.0,0.34,4.0,499.91,504.25,1
1256,linpack,small,warm,200,19.66,19.65,0.01,8.06,11.59,False,,0.0,0.53,6.37,1.15,8.06,1
1257,genmatrix,large,warm,200,54.57,46.66,7.91,1.28,45.38,False,,0.0,0.03,,1.24,1.28,1
1258,genmatrix,large,warm,200,52.71,43.78,8.93,1.16,42.62,False,,0.0,0.03,,1.13,1.16,1
1259,mobilenet,medium,cold,200,1866.18,1866.17,0.01,40.4,1825.77,True,,,,,,,1
1260,resnet,small,warm,200,159.05,159.04,0.01,151.81,7.23,False,,,,,,,1
1261,fastfouriertransform,small,cold,200,1373.56,1373.56,0.01,6.0,1367.55,True,,0.0,3.88,0.0,2.12,6.0,1
1262,linpack,small,warm,200,18.32,18.31,0.01,8.09,10.23,False,,0.0,0.53,6.4,1.15,8.08,1
1263,mobilenet,medium,warm,200,44.53,44.53,0.01,33.06,11.46,False,,,,,,,1
1264,fastfouriertransform,medium,warm,200,636.21,636.21,0.01,618.8,17.41,False,,0.0,6.11,0.0,612.68,618.8,1
1265,resnet,large,warm,200,150.41,150.4,0.01,143.25,7.15,False,,,,,,,1
1266,matrixmul,medium,cold,200,2798.51,2795.4,3.11,505.88,2289.52,True,,0.0,0.35,3.99,501.54,505.88,1
1267,linpack,large,warm,200,19.93,19.92,0.01,8.32,11.61,False,,0.0,0.52,6.64,1.15,8.31,1
1268,mobilenet,large,warm,200,53.83,53.82,0.01,23.84,29.98,False,,,,,,,1
1269,fastfouriertransform,small,warm,200,25.15,25.14,0.01,7.24,17.91,False,,0.0,6.08,0.0,1.15,7.23,1
1270,matrixmul,medium,warm,200,563.38,559.44,3.94,543.17,16.27,False,,0.0,0.53,6.32,536.32,543.17,1
1271,genmatrix,large,cold,200,1454.21,1445.92,8.28,8.54,1437.39,True,,0.0,0.02,,8.5,8.53,1
1272,fetchdata,large,cold,200,1572.59,1572.58,0.01,127.1,1445.48,True,127.07,0.0,0.03,0.0,,127.1,1
1273,fetchdata,medium,warm,200,90.07,90.06,0.01,82.98,7.08,False,82.94,0.0,0.03,0.0,,82.98,1
1274,linpack,large,cold,200,1384.79,1384.78,0.01,5.23,1379.55,True,,0.0,0.37,4.02,0.83,5.23,1
1275,fastfouriertransform,small,warm,200,25.2,25.19,0.01,7.23,17.96,False,,0.0,6.08,0.0,1.14,7.23,1
1276,matrixmul,large,warm,200,28.49,25.83,2.65,7.7,18.13,False,,0.0,0.52,6.3,0.87,7.7,1
1277,fastfouriertransform,medium,warm,200,656.56,656.56,0.01,638.36,18.2,False,,0.0,6.11,0.0,632.24,638.36,1
1278,fetchdata,large,warm,200,135.36,135.35,0.01,128.47,6.88,False,128.43,0.0,0.03,0.0,,128.47,1
1279,resnet,medium,cold,200,2712.17,2712.16,0.01,132.91,2579.25,True,,,,,,,1
1280,mobilenet,large,cold,200,1368.52,1368.51,0.01,27.23,1341.28,True,,,,,,,1
1281,genmatrix,large,cold,200,1366.35,1356.46,9.89,8.53,1347.93,True,,0.0,0.02,,8.5,8.53,1
1282,mobilenet,small,warm,200,43.93,43.92,0.01,34.49,9.43,False,,,,,,,1
1283,fetchdata,large,warm,200,135.35,135.35,0.01,128.82,6.52,False,128.78,0.0,0.03,0.0,,128.82,1
1284,linpack,small,cold,200,1403.32,1403.31,0.01,5.17,1398.14,True,,0.0,0.36,3.99,0.81,5.17,1
1285,linpack,small,warm,200,19.79,19.78,0.01,8.02,11.76,False,,0.0,0.52,6.34,1.15,8.02,1
1286,resnet,small,cold,200,25152.56,25152.55,0.01,162.17,24990.39,True,,,,,,,1
1287,matrixmul,small,cold,200,2191.69,2188.54,3.15,5.0,2183.54,True,,0.0,0.35,4.04,0.6,5.0,2
1288,mobilenet,medium,warm,200,32.65,32.64,0.01,23.64,9.0,False,,,,,,,2
1289,genmatrix,small,cold,200,1439.59,1438.12,1.47,6.52,1431.6,True,,0.0,0.03,,6.49,6.52,1
1290,matrixmul,large,warm,200,29.22,26.28,2.94,7.85,18.44,False,,0.0,0.52,6.44,0.88,7.85,1
1291,matrixmul,small,warm,200,30.56,26.45,4.11,7.82,18.63,False,,0.0,0.52,6.42,0.88,7.82,1
1292,matrixmul,small,warm,200,29.23,25.81,3.42,7.83,17.98,False,,0.0,0.52,6.43,0.87,7.83,1
1293,genmatrix,large,warm,200,54.87,45.89,8.99,1.44,44.45,False,,0.0,0.04,,1.39,1.44,1
1294,matrixmul,small,warm,200,30.19,26.76,3.43,7.76,19.0,False,,0.0,0.52,6.36,0.87,7.75,1
1295,genmatrix,medium,warm,200,17.17,13.49,3.69,0.29,13.19,False,,0.0,0.03,,0.26,0.29,1
1296,resnet,large,cold,200,18137.76,18137.75,0.01,151.57,17986.18,True,,,,,,,1
1297,fastfouriertransform,large,cold,200,1335.09,1335.08,0.01,6.0,1329.08,True,,0.0,3.87,0.0,2.12,6.0,2
1298,genmatrix,small,warm,200,9.42,8.22,1.2,0.15,8.07,False,,0.0,0.03,,0.11,0.15,1
1299,resnet,large,warm,200,142.63,142.63,0.01,135.72,6.91,False,,,,,,,1
1300,mobilenet,small,cold,200,2146.08,2146.08,0.01,56.88,2089.19,True,,,,,,,1
1301,genmatrix,large,warm,200,54.6,45.59,9.01,1.18,44.41,False,,0.0,0.03,,1.15,1.18,1
1302,genmatrix,large,warm,200,54.65,45.67,8.98,1.26,44.41,False,,0.0,0.03,,1.22,1.26,1
1303,matrixmul,large,cold,200,2056.9,2053.75,3.14,4.95,2048.8,True,,0.0,0.35,3.99,0.6,4.95,1
1304,fastfouriertransform,small,cold,200,2111.1,2111.09,0.01,5.91,2105.18,True,,0.0,3.82,0.0,2.08,5.91,1
1305,fastfouriertransform,small,warm,200,25.06,25.05,0.01,7.25,17.8,False,,0.0,6.11,0.0,1.14,7.25,1
1306,genmatrix,large,warm,200,60.74,45.77,14.97,1.25,44.51,False,,0.0,0.03,,1.22,1.25,1
1307,matrixmul,large,warm,200,28.42,25.43,2.99,7.8,17.63,False,,0.0,0.52,6.38,0.89,7.8,1
1308,mobilenet,large,cold,200,2220.43,2220.43,0.01,27.34,2193.09,True,,,,,,,1
1309,fetchdata,large,cold,200,1559.5,1559.5,0.0,123.84,1435.66,True,123.81,0.0,0.02,0.0,,123.84,1
1310,genmatrix,small,warm,200,9.4,8.13,1.27,0.16,7.97,False,,0.0,0.04,,0.12,0.16,1
1311,fetchdata,large,warm,200,88.17,88.16,0.01,81.31,6.85,False,81.27,0.0,0.03,0.0,,81.31,1
1312,resnet,medium,cold,200,12111.44,12111.44,0.01,168.34,11943.1,True,,,,,,,1
1313,genmatrix,medium,warm,200,153.29,14.66,138.63,0.3,14.36,False,,0.0,0.03,,0.26,0.3,2
1314,fetchdata,small,warm,200,134.7,134.69,0.01,128.05,6.64,False,128.01,0.0,0.03,0.0,,128.05,1
1315,linpack,large,cold,200,1389.18,1389.17,0.01,5.19,1383.98,True,,0.0,0.34,4.01,0.83,5.19,1
1316,fetchdata,medium,warm,200,134.57,134.57,0.01,127.69,6.88,False,127.65,0.0,0.03,0.0,,127.69,1
1317,fetchdata,small,warm,200,89.22,89.21,0.01,82.87,6.34,False,82.83,0.0,0.03,0.0,,82.87,1
1318,genmatrix,small,warm,200,9.12,7.9,1.22,0.14,7.76,False,,0.0,0.02,,0.11,0.14,1
1319,mobilenet,medium,cold,200,1560.93,1560.92,0.01,26.53,1534.4,True,,,,,,,1
1320,fetchdata,medium,warm,200,133.8,133.78,0.01,126.92,6.86,False,126.88,0.0,0.03,0.0,,126.92,1
1321,fetchdata,small,warm,200,88.24,88.23,0.01,81.35,6.88,False,81.29,0.0,0.05,0.0,,81.35,1
1322,matrixmul,large,cold,200,1994.31,1991.29,3.02,4.94,1986.35,True,,0.0,0.35,3.99,0.6,4.94,1
1323,mobilenet,medium,warm,200,36.16,36.16,0.01,28.73,7.43,False,,,,,,,1
1324,linpack,large,cold,200,1374.82,1374.81,0.01,5.19,1369.62,True,,0.0,0.36,4.0,0.81,5.18,1
1325,matrixmul,large,warm,200,79.66,25.72,53.94,7.78,17.94,False,,0.0,0.58,6.33,0.86,7.77,1
1326,linpack,medium,warm,200,681.31,681.31,0.01,670.19,11.12,False,,0.0,0.52,6.36,663.29,670.19,1
1327,fetchdata,small,warm,200,135.16,135.15,0.01,128.13,7.02,False,128.08,0.0,0.04,0.0,,128.12,1
1328,linpack,medium,warm,200,677.86,677.85,0.01,667.33,10.52,False,,0.0,0.52,6.34,660.47,667.33,1
1329,resnet,large,cold,200,2105.2,2105.19,0.01,127.99,1977.2,True,,,,,,,1
1330,fastfouriertransform,medium,cold,200,2049.86,2049.85,0.01,628.38,1421.48,True,,0.0,3.87,0.0,624.49,628.37,1
1331,mobilenet,medium,cold,200,1456.78,1456.77,0.01,31.95,1424.82,True,,,,,,,1
1332,fastfouriertransform,medium,warm,200,718.19,718.18,0.01,700.62,17.56,False,,0.0,6.15,0.0,694.46,700.62,1
1333,fetchdata,small,warm,200,934.13,934.12,0.01,927.92,6.2,False,927.89,0.0,0.02,0.0,,927.92,1
1334,mobilenet,small,warm,200,34.71,34.7,0.01,24.62,10.08,False,,,,,,,1
1335,fastfouriertransform,medium,warm,200,672.16,672.15,0.01,653.8,18.35,False,,0.0,6.08,0.0,647.71,653.8,1
1336,fetchdata,large,warm,200,87.46,87.45,0.01,80.74,6.71,False,80.71,0.0,0.02,0.0,,80.74,1
1337,fetchdata,small,warm,200,134.21,134.2,0.01,127.95,6.25,False,127.92,0.0,0.02,0.0,,127.94,1
1338,linpack,small,cold,200,1422.54,1422.53,0.01,5.22,1417.31,True,,0.0,0.37,4.02,0.82,5.21,1
1339,linpack,medium,warm,200,690.09,690.08,0.01,679.27,10.81,False,,0.0,0.52,6.37,672.37,679.27,1
1340,resnet,large,cold,200,2098.15,2098.14,0.01,126.98,1971.16,True,,,,,,,1
1341,matrixmul,small,cold,200,2096.47,2093.4,3.06,5.06,2088.35,True,,0.0,0.34,4.02,0.68,5.05,1
1342,linpack,small,warm,200,18.96,18.96,0.01,8.1,10.86,False,,0.0,0.54,6.41,1.14,8.1,1
1343,fetchdata,large,warm,200,135.4,135.39,0.01,129.49,5.9,False,129.46,0.0,0.02,0.0,,129.49,1
1344,fetchdata,medium,warm,200,87.38,87.37,0.01,80.52,6.86,False,80.48,0.0,0.02,0.0,,80.51,1
1345,matrixmul,medium,warm,200,559.67,556.97,2.7,541.21,15.76,False,,0.0,0.52,6.34,534.35,541.21,1
1346,fastfouriertransform,small,cold,200,1517.95,1517.94,0.01,6.29,1511.65,True,,0.0,3.94,0.0,2.34,6.28,1
1347,fetchdata,large,warm,200,135.56,135.56,0.01,128.78,6.77,False,128.75,0.0,0.03,0.0,,128.78,1
1348,fetchdata,small,warm,200,88.92,88.91,0.01,81.78,7.13,False,81.75,0.0,0.02,0.0,,81.78,1
1349,mobilenet,large,cold,200,1455.84,1455.83,0.01,31.75,1424.08,True,,,,,,,1
1350,matrixmul,small,warm,200,29.85,26.27,3.57,7.84,18.44,False,,0.0,0.59,6.38,0.86,7.83,1
1351,fastfouriertransform,medium,warm,200,657.18,657.18,0.01,638.69,18.48,False,,0.0,7.2,0.01,631.48,638.69,1
1352,fetchdata,large,warm,200,136.24,136.24,0.01,129.59,6.64,False,129.56,0.0,0.02,0.0,,129.59,1
1353,linpack,large,cold,200,1314.37,1314.36,0.01,5.16,1309.2,True,,0.0,0.35,3.99,0.82,5.16,1
1354,genmatrix,medium,cold,200,1299.25,1295.81,3.44,6.29,1289.52,True,,0.0,0.03,,6.26,6.29,1
1355,matrixmul,large,warm,200,28.86,25.68,3.18,7.72,17.96,False,,0.0,0.51,6.33,0.87,7.72,1
1356,fastfouriertransform,small,warm,200,25.55,25.54,0.01,7.22,18.33,False,,0.0,6.08,0.0,1.13,7.22,1
1357,fetchdata,small,warm,200,138.93,138.92,0.01,132.35,6.58,False,132.31,0.0,0.02,0.0,,132.34,1
1358,matrixmul,large,warm,200,27.82,24.86,2.96,7.72,17.13,False,,0.0,0.51,6.33,0.87,7.72,1
1359,matrixmul,medium,warm,200,565.15,562.19,2.96,546.13,16.06,False,,0.0,0.52,6.34,539.26,546.13,1
1360,matrixmul,small,warm,200,27.48,24.94,2.54,7.72,17.23,False,,0.0,0.54,6.31,0.86,7.71,1
1361,fetchdata,small,warm,200,134.76,134.75,0.01,128.3,6.46,False,128.26,0.0,0.02,0.0,,128.29,1
1362,resnet,large,cold,200,2126.25,2126.24,0.01,126.97,1999.28,True,,,,,,,1
1363,mobilenet,medium,cold,200,1454.42,1454.41,0.01,42.1,1412.31,True,,,,,,,1
1364,resnet,medium,warm,200,144.52,144.51,0.01,136.39,8.12,False,,,,,,,1
1365,fastfouriertransform,medium,cold,200,1885.2,1885.19,0.01,616.38,1268.81,True,,0.0,3.86,0.0,612.51,616.38,1
1366,resnet,medium,warm,200,192.49,192.48,0.01,164.21,28.27,False,,,,,,,1
1367,linpack,large,cold,200,1437.77,1437.76,0.01,5.27,1432.49,True,,0.0,0.34,4.07,0.85,5.27,1
1368,matrixmul,large,cold,200,11007.52,11004.54,2.98,7.88,10996.65,True,,0.0,0.55,6.38,0.94,7.88,1
1369,genmatrix,large,cold,200,1391.21,1382.97,8.24,10.85,1372.12,True,,0.0,0.03,,10.81,10.85,2
1370,fastfouriertransform,small,warm,200,24.51,24.5,0.01,7.31,17.19,False,,0.0,6.14,0.0,1.16,7.31,1
1371,fastfouriertransform,medium,warm,200,661.67,661.66,0.01,644.33,17.33,False,,0.0,6.07,0.0,638.25,644.33,1
1372,matrixmul,medium,warm,200,562.66,559.44,3.23,543.45,15.98,False,,0.0,0.52,6.36,536.56,543.45,1
1373,resnet,medium,cold,200,21181.52,21181.5,0.02,196.42,20985.08,True,,,,,,,1
1374,linpack,small,cold,200,1318.1,1318.09,0.01,5.25,1312.84,True,,0.0,0.37,4.02,0.85,5.25,2
1375,mobilenet,large,cold,200,1465.24,1465.23,0.01,28.36,1436.87,True,,,,,,,2
1376,resnet,medium,warm,200,185.73,185.72,0.01,178.48,7.24,False,,,,,,,1
1377,resnet,small,warm,200,151.8,151.79,0.01,144.94,6.85,False,,,,,,,1
1378,fastfouriertransform,small,cold,200,1425.01,1425.01,0.01,6.33,1418.68,True,,0.0,3.85,0.0,2.47,6.33,1
1379,mobilenet,large,warm,200,244.4,244.39,0.01,28.98,215.41,False,,,,,,,1
1380,matrixmul,medium,cold,200,13567.41,13539.44,27.97,554.25,12985.19,True,,0.0,0.54,6.34,547.36,554.25,1
1381,resnet,medium,warm,200,156.83,156.82,0.01,147.92,8.9,False,,,,,,,2
1382,mobilenet,large,warm,200,30.31,30.3,0.01,23.07,7.23,False,,,,,,,1
1383,resnet,small,warm,200,149.16,149.15,0.01,142.27,6.88,False,,,,,,,1
1384,matrixmul,large,warm,200,28.82,26.54,2.28,7.7,18.84,False,,0.0,0.52,6.3,0.87,7.7,1
1385,matrixmul,small,warm,200,29.19,26.36,2.84,7.71,18.65,False,,0.0,0.52,6.32,0.86,7.71,1
1386,fetchdata,large,cold,200,1682.33,1682.32,0.01,134.23,1548.09,True,134.2,0.0,0.02,0.0,,134.23,1
1387,genmatrix,medium,cold,200,1466.33,1462.95,3.38,6.32,1456.62,True,,0.0,0.03,,6.29,6.32,1
1388,resnet,medium,warm,200,160.87,160.86,0.01,154.03,6.83,False,,,,,,,1
1389,resnet,large,warm,200,152.39,152.38,0.01,146.11,6.27,False,,,,,,,1
1390,resnet,medium,warm,200,156.18,156.17,0.01,149.5,6.67,False,,,,,,,1
1391,genmatrix,large,warm,200,58.98,48.87,10.1,1.36,47.52,False,,0.0,0.04,,1.32,1.36,1
1392,matrixmul,medium,cold,200,21536.79,21533.16,3.63,546.36,20986.79,True,,0.0,0.57,6.37,539.42,546.36,1
1393,linpack,small,cold,200,1297.36,1297.35,0.01,5.24,1292.11,True,,0.0,0.34,4.04,0.84,5.23,2
1394,matrixmul,medium,cold,200,2054.22,2051.13,3.09,509.79,1541.34,False,,0.0,0.33,3.97,505.48,509.79,2
1395,genmatrix,small,warm,200,9.19,8.05,1.14,0.16,7.9,False,,0.0,0.03,,0.12,0.15,1
1396,fetchdata,large,cold,200,1598.36,1598.36,0.01,134.41,1463.94,True,134.38,0.0,0.02,0.0,,134.41,1
1397,matrixmul,large,warm,200,28.05,25.32,2.74,7.72,17.6,False,,0.0,0.52,6.33,0.87,7.72,1
1398,linpack,large,warm,200,19.23,19.23,0.01,8.01,11.22,False,,0.0,0.51,6.33,1.16,8.01,1
1399,genmatrix,small,warm,200,9.25,8.11,1.14,0.16,7.96,False,,0.0,0.03,,0.12,0.16,1
1400,resnet,medium,cold,200,2310.86,2310.86,0.01,126.75,2184.11,True,,,,,,,1
1401,matrixmul,large,warm,200,29.02,26.56,2.47,7.76,18.8,False,,0.0,0.52,6.35,0.88,7.76,1
1402,linpack,large,warm,200,19.71,19.71,0.01,8.07,11.64,False,,0.0,0.52,6.37,1.17,8.06,1
1403,resnet,small,warm,200,150.62,150.61,0.01,143.4,7.21,False,,,,,,,1
1404,genmatrix,small,warm,200,8.92,7.96,0.96,0.15,7.81,False,,0.0,0.03,,0.12,0.15,1
1405,resnet,medium,warm,200,151.82,151.81,0.01,143.38,8.44,False,,,,,,,1
1406,mobilenet,large,cold,200,1641.79,1641.78,0.01,29.73,1612.05,True,,,,,,,1
1407,genmatrix,large,warm,200,58.01,45.87,12.15,1.19,44.67,False,,0.0,0.05,,1.14,1.19,1
1408,resnet,medium,warm,200,157.12,157.11,0.01,150.02,7.1,False,,,,,,,1
1409,mobilenet,large,warm,200,151.1,151.09,0.01,33.86,117.23,False,,,,,,,1
1410,mobilenet,small,warm,200,30.64,30.63,0.01,23.44,7.19,False,,,,,,,1
1411,resnet,large,warm,200,158.84,158.84,0.01,150.93,7.91,False,,,,,,,1
1412,fastfouriertransform,small,cold,200,1443.52,1443.52,0.01,6.22,1437.29,True,,0.0,3.89,0.0,2.32,6.22,1
1413,fastfouriertransform,medium,warm,200,635.06,635.05,0.01,617.9,17.15,False,,0.0,6.12,0.0,611.77,617.9,1
1414,matrixmul,medium,cold,200,2701.45,2698.47,2.97,506.87,2191.6,True,,0.0,0.35,3.99,502.53,506.87,1
1415,mobilenet,medium,warm,200,30.2,30.19,0.01,23.53,6.66,False,,,,,,,1
1416,genmatrix,small,cold,200,1468.23,1467.11,1.12,6.06,1461.05,True,,0.0,0.02,,6.03,6.06,1
1417,fetchdata,large,cold,200,1672.36,1672.35,0.01,131.81,1540.54,True,131.78,0.0,0.03,0.0,,131.81,1
1418,linpack,large,cold,200,1323.22,1323.21,0.01,5.24,1317.97,True,,0.0,0.36,4.04,0.83,5.23,1
1419,fetchdata,large,warm,200,89.43,89.42,0.01,82.68,6.75,False,82.64,0.0,0.03,0.0,,82.68,1
1420,genmatrix,small,warm,200,10.82,9.78,1.05,0.16,9.62,False,,0.0,0.04,,0.12,0.16,1
1421,genmatrix,small,warm,200,8.95,7.86,1.09,0.15,7.71,False,,0.0,0.03,,0.11,0.15,1
1422,resnet,small,cold,200,2792.65,2792.64,0.01,128.44,2664.19,True,,,,,,,1
1423,resnet,medium,warm,200,151.22,151.21,0.01,143.35,7.86,False,,,,,,,1
1424,genmatrix,medium,warm,200,15.57,13.12,2.46,0.32,12.8,False,,0.0,0.03,,0.28,0.31,1
1425,resnet,medium,warm,200,161.27,161.27,0.01,153.13,8.13,False,,,,,,,1
1426,matrixmul,small,cold,200,2477.14,2474.06,3.08,4.97,2469.1,True,,0.0,0.35,4.0,0.61,4.96,1
1427,fetchdata,large,cold,200,1481.21,1481.2,0.01,128.23,1352.97,True,128.2,0.0,0.02,0.0,,128.22,1
1428,matrixmul,large,warm,200,29.05,25.53,3.51,7.73,17.81,False,,0.0,0.52,6.33,0.87,7.73,1
1429,matrixmul,large,warm,200,28.28,25.83,2.45,7.76,18.07,False,,0.0,0.53,6.31,0.9,7.76,1
1430,linpack,large,cold,200,1418.23,1418.22,0.01,5.19,1413.03,True,,0.0,0.35,4.01,0.82,5.19,1
1431,genmatrix,large,cold,200,1436.49,1426.25,10.23,9.01,1417.25,True,,0.0,0.03,,8.97,9.0,1
1432,linpack,large,warm,200,18.71,18.7,0.01,8.01,10.69,False,,0.0,0.55,6.31,1.14,8.01,1
1433,matrixmul,large,warm,200,28.0,25.55,2.45,7.75,17.8,False,,0.0,0.54,6.34,0.87,7.75,1
1434,fetchdata,small,cold,200,1684.97,1684.96,0.01,134.81,1550.15,True,134.78,0.0,0.02,0.0,,134.81,1
1435,mobilenet,medium,cold,200,1459.91,1459.91,0.01,26.47,1433.44,True,,,,,,,1
1436,resnet,medium,cold,200,2207.4,2207.39,0.01,132.65,2074.74,True,,,,,,,1
1437,mobilenet,medium,warm,200,30.73,30.73,0.01,23.73,7.0,False,,,,,,,1
1438,linpack,medium,warm,200,689.96,689.96,0.01,678.17,11.79,False,,0.0,0.55,6.35,671.26,678.16,1
1439,genmatrix,small,cold,200,1351.57,1350.4,1.18,6.27,1344.12,True,,0.0,0.03,,6.24,6.27,1
1440,genmatrix,large,warm,200,57.34,47.34,9.99,1.44,45.91,False,,0.0,0.05,,1.38,1.44,1
1441,fetchdata,medium,cold,200,1562.91,1562.89,0.02,125.85,1437.05,True,125.82,0.0,0.02,0.0,,125.85,1
1442,fetchdata,medium,warm,200,88.84,88.83,0.01,81.66,7.17,False,81.62,0.0,0.03,0.0,,81.66,1
1443,resnet,large,cold,200,23152.43,23152.42,0.01,165.04,22987.38,True,,,,,,,1
1444,matrixmul,medium,cold,200,2597.34,2594.06,3.28,505.46,2088.61,True,,0.0,0.35,4.02,501.07,505.45,2
1445,fastfouriertransform,large,cold,200,1309.19,1309.18,0.01,5.98,1303.21,True,,0.0,3.84,0.0,2.13,5.98,2
1446,genmatrix,large,warm,200,52.38,44.97,7.41,1.15,43.81,False,,0.0,0.03,,1.12,1.15,1
1447,fetchdata,medium,warm,200,135.08,135.07,0.01,127.97,7.1,False,127.93,0.0,0.03,0.0,,127.97,1
1448,linpack,medium,cold,200,2050.39,2050.39,0.01,640.85,1409.53,True,,0.0,0.36,4.0,636.49,640.85,1
1449,linpack,small,warm,200,19.25,19.24,0.01,8.05,11.19,False,,0.0,0.58,6.33,1.13,8.05,1
1450,matrixmul,small,warm,200,28.91,26.02,2.89,7.73,18.29,False,,0.0,0.52,6.32,0.88,7.73,1
1451,matrixmul,large,warm,200,29.54,26.79,2.76,7.76,19.02,False,,0.0,0.54,6.35,0.87,7.76,1
1452,fastfouriertransform,medium,cold,200,2048.23,2048.22,0.01,603.54,1444.68,True,,0.0,3.89,0.0,599.64,603.54,1
1453,fetchdata,large,warm,200,149.33,149.33,0.01,142.19,7.13,False,142.15,0.0,0.03,0.0,,142.19,1
1454,matrixmul,large,warm,200,28.34,25.25,3.09,7.72,17.53,False,,0.0,0.53,6.31,0.88,7.72,1
1455,fetchdata,small,warm,200,136.49,136.48,0.01,129.55,6.93,False,129.51,0.0,0.03,0.0,,129.55,1
1456,mobilenet,large,cold,200,1489.05,1489.04,0.01,27.65,1461.39,True,,,,,,,1
1457,matrixmul,large,warm,200,28.9,25.72,3.18,7.75,17.97,False,,0.0,0.55,6.32,0.87,7.75,1
1458,genmatrix,medium,cold,200,1440.79,1437.0,3.79,7.83,1429.17,True,,0.0,0.03,,7.79,7.83,1
1459,mobilenet,small,warm,200,36.1,36.09,0.01,28.43,7.66,False,,,,,,,1
1460,resnet,large,cold,200,2308.84,2308.83,0.01,129.38,2179.45,True,,,,,,,1
1461,resnet,small,warm,200,151.78,151.77,0.01,142.09,9.68,False,,,,,,,1
1462,mobilenet,small,warm,200,43.81,43.8,0.01,36.68,7.13,False,,,,,,,1
1463,genmatrix,large,warm,200,56.93,48.54,8.38,1.32,47.22,False,,0.0,0.03,,1.28,1.31,1
1464,mobilenet,large,warm,200,61.04,61.04,0.01,53.51,7.52,False,,,,,,,1
1465,mobilenet,small,warm,200,31.71,31.7,0.01,23.63,8.07,False,,,,,,,1
1466,fastfouriertransform,medium,cold,200,2720.05,2720.04,0.01,603.27,2116.77,True,,0.0,3.91,0.0,599.35,603.26,1
1467,matrixmul,large,cold,200,2098.79,2095.8,2.98,4.93,2090.88,True,,0.0,0.36,3.97,0.59,4.92,1
1468,fetchdata,small,cold,200,1547.03,1547.03,0.01,124.17,1422.86,True,124.14,0.0,0.02,0.0,,124.17,1
1469,genmatrix,small,warm,200,9.09,8.01,1.09,0.15,7.85,False,,0.0,0.03,,0.12,0.15,1
1470,fastfouriertransform,large,warm,200,24.66,24.65,0.01,7.36,17.3,False,,0.0,6.11,0.0,1.24,7.35,1
1471,mobilenet,medium,warm,200,35.55,35.54,0.01,28.65,6.89,False,,,,,,,1
1472,genmatrix,medium,warm,200,16.11,13.34,2.77,0.3,13.04,False,,0.0,0.03,,0.26,0.3,1
1473,fetchdata,large,warm,200,137.85,137.85,0.01,130.78,7.07,False,130.73,0.0,0.03,0.0,,130.77,1
1474,mobilenet,medium,warm,200,31.09,31.08,0.01,23.41,7.67,False,,,,,,,1
1475,matrixmul,medium,cold,200,13569.1,13565.8,3.31,571.83,12993.96,True,,0.0,0.56,6.38,564.89,571.83,1
1476,genmatrix,small,warm,200,9.86,8.62,1.23,0.15,8.47,False,,0.0,0.03,,0.11,0.15,2
1477,linpack,small,cold,200,1271.49,1271.48,0.01,5.29,1266.19,True,,0.0,0.38,4.03,0.87,5.29,1
1478,genmatrix,large,warm,200,54.3,46.22,8.08,1.17,45.05,False,,0.0,0.03,,1.14,1.17,1
1479,mobilenet,large,warm,200,41.63,41.62,0.01,34.79,6.84,False,,,,,,,1
1480,genmatrix,large,warm,200,56.72,47.89,8.82,1.2,46.69,False,,0.0,0.03,,1.17,1.2,1
1481,linpack,small,warm,200,19.08,19.08,0.01,8.1,10.97,False,,0.0,0.58,6.31,1.2,8.1,1
1482,mobilenet,medium,warm,200,30.97,30.97,0.01,23.68,7.29,False,,,,,,,1
1483,linpack,small,warm,200,18.86,18.85,0.01,8.07,10.78,False,,0.0,0.52,6.35,1.2,8.06,1
1484,fastfouriertransform,medium,cold,200,2071.56,2071.55,0.01,603.76,1467.79,True,,0.0,3.88,0.0,599.87,603.76,1
1485,linpack,medium,warm,200,710.54,710.53,0.01,699.15,11.38,False,,0.0,0.53,6.33,692.29,699.15,1
1486,mobilenet,large,warm,200,36.21,36.2,0.01,29.31,6.89,False,,,,,,,1
1487,linpack,medium,warm,200,705.16,705.15,0.01,694.52,10.64,False,,0.0,0.52,6.33,687.65,694.51,1
1488,fastfouriertransform,small,warm,200,24.52,24.51,0.01,7.32,17.19,False,,0.0,6.12,0.0,1.18,7.32,1
1489,matrixmul,large,cold,200,2294.24,2291.06,3.18,4.95,2286.11,True,,0.0,0.35,4.01,0.59,4.95,1
1490,resnet,small,cold,200,2203.32,2203.31,0.01,128.51,2074.8,True,,,,,,,1
1491,matrixmul,medium,warm,200,546.11,543.22,2.89,527.73,15.49,False,,0.0,0.61,6.31,520.8,527.73,1
1492,fetchdata,large,cold,200,1532.48,1532.47,0.01,132.83,1399.64,True,132.8,0.0,0.02,0.0,,132.83,1
1493,resnet,large,warm,200,140.31,140.3,0.01,133.33,6.97,False,,,,,,,1
1494,fetchdata,small,warm,200,89.48,89.47,0.01,82.66,6.81,False,82.62,0.0,0.03,0.0,,82.66,1
1495,linpack,large,cold,200,1374.97,1374.96,0.01,5.3,1369.66,True,,0.0,0.36,4.11,0.82,5.3,1
1496,fetchdata,medium,warm,200,138.83,138.82,0.01,131.73,7.1,False,131.68,0.0,0.03,0.0,,131.73,1
1497,mobilenet,small,cold,200,1965.77,1965.76,0.01,31.13,1934.63,True,,,,,,,1
1498,matrixmul,small,cold,200,22999.7,22997.26,2.44,8.12,22989.14,True,,0.0,0.56,6.61,0.94,8.12,1
1499,genmatrix,medium,cold,200,1860.17,1856.92,3.24,6.34,1850.59,True,,0.0,0.03,,6.3,6.34,2
1500,genmatrix,medium,warm,200,19.63,16.59,3.04,0.31,16.28,False,,0.0,0.04,,0.26,0.31,2
1501,genmatrix,small,warm,200,9.46,8.41,1.05,0.15,8.26,False,,0.0,0.03,,0.11,0.15,1
1502,fastfouriertransform,large,cold,200,1391.16,1391.15,0.01,6.9,1384.25,True,,0.0,3.96,0.01,2.93,6.9,1
1503,matrixmul,medium,warm,200,568.35,565.48,2.88,549.68,15.8,False,,0.0,0.6,6.54,542.53,549.67,1
1504,resnet,large,cold,200,2334.01,2334.0,0.01,128.33,2205.66,True,,,,,,,1
1505,linpack,small,cold,200,1391.1,1391.1,0.01,5.45,1385.65,True,,0.0,0.43,4.12,0.89,5.45,1
1506,mobilenet,large,cold,200,1636.0,1636.0,0.01,25.93,1610.07,True,,,,,,,1
1507,linpack,large,warm,200,18.44,18.44,0.01,8.1,10.34,False,,0.0,0.54,6.4,1.15,8.1,1
1508,fetchdata,medium,cold,200,1520.54,1520.53,0.01,141.77,1378.76,True,141.74,0.0,0.02,0.0,,141.77,1
1509,resnet,medium,warm,200,153.78,153.77,0.01,147.3,6.48,False,,,,,,,1
1510,fastfouriertransform,medium,cold,200,1976.77,1976.76,0.01,604.67,1372.09,True,,0.0,3.91,0.01,600.75,604.67,1
1511,genmatrix,small,cold,200,1338.32,1337.13,1.19,6.21,1330.91,True,,0.0,0.03,,6.18,6.21,1
1512,mobilenet,small,warm,200,30.97,30.96,0.01,23.35,7.61,False,,,,,,,1
1513,fetchdata,medium,warm,200,2098.3,2098.29,0.01,2090.93,7.36,False,2090.86,0.0,0.05,0.0,,2090.93,1
1514,mobilenet,small,warm,200,89.85,89.84,0.01,81.66,8.18,False,,,,,,,1
1515,matrixmul,medium,cold,200,2501.67,2498.73,2.94,506.1,1992.63,True,,0.0,0.36,4.07,501.67,506.1,1
1516,mobilenet,medium,warm,200,38.05,38.04,0.01,30.06,7.98,False,,,,,,,1
1517,linpack,medium,cold,200,2025.85,2025.84,0.01,641.27,1384.57,True,,0.0,0.36,4.01,636.9,641.27,1
1518,matrixmul,medium,warm,200,553.41,550.09,3.31,534.66,15.43,False,,0.0,0.52,6.3,527.83,534.66,1
1519,resnet,large,cold,200,2308.35,2308.34,0.01,126.3,2182.05,True,,,,,,,1
1520,resnet,small,warm,200,154.03,154.02,0.01,145.67,8.35,False,,,,,,,1
1521,matrixmul,large,warm,200,27.72,25.27,2.44,7.71,17.56,False,,0.0,0.53,6.31,0.87,7.71,1
1522,matrixmul,large,warm,200,29.11,26.66,2.45,7.77,18.9,False,,0.0,0.53,6.36,0.88,7.76,1
1523,mobilenet,small,cold,200,1402.72,1402.71,0.01,34.58,1368.13,True,,,,,,,1
1524,genmatrix,small,cold,200,1403.58,1402.48,1.09,6.64,1395.85,True,,0.0,0.03,,6.6,6.64,1
1525,fetchdata,medium,cold,200,1596.26,1596.25,0.01,151.78,1444.47,True,151.75,0.0,0.02,0.0,,151.78,1
1526,mobilenet,medium,warm,200,32.19,32.18,0.01,24.91,7.27,False,,,,,,,1
1527,genmatrix,large,warm,200,60.28,49.58,10.71,1.41,48.17,False,,0.0,0.04,,1.36,1.4,1
1528,genmatrix,medium,warm,200,18.42,15.61,2.81,0.29,15.31,False,,0.0,0.03,,0.26,0.29,1
1529,genmatrix,small,warm,200,9.26,8.16,1.1,0.15,8.0,False,,0.0,0.03,,0.12,0.15,1
1530,genmatrix,medium,warm,200,222.71,13.55,209.16,0.31,13.24,False,,0.0,0.03,,0.27,0.3,1
1531,matrixmul,large,cold,200,2483.54,2480.72,2.82,4.97,2475.75,True,,0.0,0.36,4.01,0.6,4.97,1
1532,mobilenet,small,warm,200,30.05,30.04,0.01,23.1,6.94,False,,,,,,,1
1533,mobilenet,medium,warm,200,31.19,31.18,0.01,23.82,7.36,False,,,,,,,1
1534,mobilenet,medium,warm,200,30.95,30.94,0.01,23.55,7.4,False,,,,,,,1
1535,genmatrix,large,warm,200,54.27,44.89,9.38,1.18,43.71,False,,0.0,0.03,,1.14,1.18,1
1536,matrixmul,medium,warm,200,563.63,560.79,2.84,545.77,15.02,False,,0.0,0.57,6.4,538.8,545.77,1
1537,genmatrix,large,warm,200,57.39,46.15,11.24,1.2,44.95,False,,0.0,0.03,,1.16,1.2,1
1538,fetchdata,large,cold,200,1673.18,1673.17,0.01,143.01,1530.16,True,142.98,0.0,0.02,0.0,,143.01,1
1539,linpack,large,cold,200,1312.22,1312.21,0.01,5.24,1306.98,True,,0.0,0.37,4.04,0.83,5.24,1
1540,linpack,small,warm,200,20.83,20.82,0.01,8.02,12.8,False,,0.0,0.54,6.33,1.14,8.02,1
1541,linpack,small,warm,200,19.12,19.12,0.01,8.06,11.06,False,,0.0,0.52,6.38,1.16,8.05,1
1542,genmatrix,large,warm,200,152.37,46.62,105.75,1.2,45.41,False,,0.0,0.04,,1.16,1.2,1
1543,linpack,small,warm,200,20.31,20.3,0.01,9.05,11.25,False,,0.0,0.55,7.28,1.21,9.04,1
1544,resnet,medium,cold,200,3358.47,3358.46,0.01,170.45,3188.01,True,,,,,,,1
1545,resnet,large,warm,200,154.32,154.32,0.01,147.56,6.76,False,,,,,,,1
1546,matrixmul,small,cold,200,2396.55,2392.7,3.85,5.0,2387.7,True,,0.0,0.36,4.03,0.61,5.0,1
1547,resnet,small,warm,200,164.72,164.71,0.01,157.71,7.0,False,,,,,,,1
1548,fastfouriertransform,large,cold,200,1508.27,1508.26,0.01,6.13,1502.13,True,,0.0,3.96,0.0,2.16,6.13,1
1549,resnet,small,warm,200,158.96,158.95,0.01,151.97,6.98,False,,,,,,,1
1550,resnet,large,warm,200,159.3,159.29,0.01,152.31,6.98,False,,,,,,,1
1551,mobilenet,small,cold,200,1374.71,1374.7,0.01,27.47,1347.23,True,,,,,,,1
1552,matrixmul,large,warm,200,28.13,25.62,2.51,7.85,17.77,False,,0.0,0.59,6.39,0.87,7.85,1
1553,fetchdata,small,cold,200,2007.73,2007.72,0.01,126.53,1881.19,True,126.49,0.0,0.03,0.0,,126.53,1
1554,genmatrix,small,cold,200,1432.42,1431.07,1.35,6.71,1424.36,True,,0.0,0.03,,6.68,6.71,1
1555,genmatrix,large,warm,200,60.82,49.15,11.67,1.42,47.73,False,,0.0,0.04,,1.37,1.42,1
1556,fetchdata,small,warm,200,86.96,86.95,0.01,80.0,6.95,False,79.96,0.0,0.03,0.0,,80.0,1
1557,resnet,medium,cold,200,21141.28,21141.28,0.01,152.68,20988.6,True,,,,,,,1
1558,linpack,small,cold,200,1290.48,1290.47,0.01,5.17,1285.3,True,,0.0,0.35,3.99,0.82,5.17,2
1559,fetchdata,small,warm,200,139.17,139.16,0.01,132.35,6.81,False,132.31,0.0,0.03,0.0,,132.34,2
1560,resnet,medium,warm,200,151.38,151.38,0.01,144.25,7.12,False,,,,,,,1
1561,fetchdata,large,warm,200,89.86,89.85,0.01,82.8,7.05,False,82.77,0.0,0.03,0.0,,82.8,1
1562,fastfouriertransform,large,cold,200,1415.77,1415.77,0.01,5.96,1409.8,True,,0.0,3.86,0.0,2.09,5.96,1
1563,fetchdata,large,warm,200,135.94,135.93,0.01,129.61,6.33,False,129.57,0.0,0.03,0.0,,129.61,1
1564,linpack,medium,warm,200,691.78,691.77,0.01,680.5,11.27,False,,0.0,0.55,6.33,673.61,680.5,1
1565,genmatrix,small,cold,200,1264.19,1263.19,1.0,6.57,1256.62,True,,0.0,0.03,,6.53,6.56,1
1566,fetchdata,medium,warm,200,134.7,134.69,0.01,128.14,6.55,False,128.1,0.0,0.03,0.0,,128.14,1
1567,linpack,small,warm,200,19.22,19.21,0.01,8.08,11.14,False,,0.0,0.55,6.34,1.18,8.07,1
1568,genmatrix,small,warm,200,10.97,9.91,1.05,0.16,9.75,False,,0.0,0.04,,0.12,0.16,1
1569,resnet,small,cold,200,3716.12,3716.11,0.01,130.97,3585.14,True,,,,,,,1
1570,fastfouriertransform,medium,cold,200,1965.02,1965.01,0.01,603.6,1361.41,True,,0.0,3.89,0.0,599.69,603.59,1
1571,matrixmul,large,cold,200,2389.32,2386.45,2.88,4.97,2381.48,True,,0.0,0.35,4.02,0.6,4.97,1
1572,fastfouriertransform,large,warm,200,24.23,24.22,0.01,7.29,16.93,False,,0.0,6.14,0.0,1.15,7.29,1
1573,fastfouriertransform,small,warm,200,26.12,26.11,0.01,8.12,17.99,False,,0.0,6.98,0.01,1.12,8.12,1
1574,fetchdata,small,cold,200,1942.94,1942.93,0.01,143.89,1799.05,True,143.85,0.0,0.02,0.0,,143.89,1
1575,matrixmul,medium,warm,200,567.47,563.44,4.03,547.93,15.51,False,,0.0,0.53,6.39,541.0,547.93,1
1576,mobilenet,small,cold,200,1475.05,1475.04,0.01,30.35,1444.69,True,,,,,,,1
1577,linpack,large,cold,200,1289.02,1289.01,0.01,5.21,1283.8,True,,0.0,0.37,4.01,0.83,5.21,1
1578,genmatrix,large,cold,200,1462.06,1453.63,8.43,9.33,1444.29,True,,0.0,0.03,,9.29,9.33,1
1579,fetchdata,medium,warm,200,142.02,142.01,0.01,135.38,6.63,False,135.34,0.0,0.03,0.0,,135.38,1
1580,fetchdata,medium,warm,200,88.63,88.63,0.01,81.75,6.88,False,81.71,0.0,0.03,0.0,,81.75,1
1581,linpack,medium,warm,200,692.65,692.64,0.01,681.17,11.47,False,,0.0,0.53,6.35,674.28,681.16,1
1582,fetchdata,small,warm,200,135.98,135.97,0.01,129.31,6.67,False,129.27,0.0,0.03,0.0,,129.31,1
1583,genmatrix,large,warm,200,53.79,46.05,7.75,1.15,44.9,False,,0.0,0.03,,1.11,1.14,1
1584,linpack,large,warm,200,18.91,18.9,0.01,7.99,10.91,False,,0.0,0.52,6.31,1.15,7.99,1
1585,mobilenet,large,cold,200,1580.58,1580.57,0.01,28.79,1551.78,True,,,,,,,1
1586,linpack,medium,warm,200,674.99,674.98,0.01,663.75,11.23,False,,0.0,0.55,6.41,656.79,663.75,1
1587,fastfouriertransform,small,cold,200,1350.5,1350.5,0.01,6.01,1344.48,True,,0.0,3.86,0.0,2.14,6.01,1
1588,resnet,medium,cold,200,2100.25,2100.24,0.01,128.82,1971.42,True,,,,,,,1
1589,resnet,small,warm,200,157.46,157.45,0.01,150.82,6.64,False,,,,,,,1
1590,genmatrix,small,cold,200,1865.81,1864.57,1.25,6.08,1858.49,True,,0.0,0.02,,6.05,6.08,1
1591,linpack,small,warm,200,18.95,18.94,0.01,8.09,10.85,False,,0.0,0.58,6.37,1.13,8.09,1
1592,linpack,small,warm,200,19.07,19.06,0.01,8.0,11.06,False,,0.0,0.52,6.34,1.14,8.0,1
1593,matrixmul,medium,cold,200,2898.02,2894.11,3.91,505.53,2388.58,True,,0.0,0.35,4.01,501.16,505.53,1
1594,genmatrix,large,warm,200,59.88,49.42,10.45,1.38,48.05,False,,0.0,0.04,,1.33,1.38,1
1595,resnet,medium,warm,200,154.33,154.32,0.01,146.7,7.62,False,,,,,,,1
1596,resnet,medium,warm,200,147.59,147.58,0.01,140.49,7.09,False,,,,,,,1
1597,linpack,small,warm,200,19.01,19.0,0.01,8.01,10.99,False,,0.0,0.52,6.35,1.14,8.01,1
1598,mobilenet,medium,cold,200,1476.12,1476.11,0.01,28.33,1447.78,True,,,,,,,1
1599,matrixmul,small,warm,200,28.64,25.81,2.83,7.71,18.11,False,,0.0,0.52,6.31,0.87,7.71,1
1600,matrixmul,small,warm,200,29.14,25.97,3.17,7.78,18.19,False,,0.0,0.53,6.37,0.87,7.78,1
1601,genmatrix,small,cold,200,1397.52,1396.2,1.32,6.75,1389.45,True,,0.0,0.03,,6.72,6.75,1
1602,fastfouriertransform,large,cold,200,1522.04,1522.03,0.01,5.98,1516.06,True,,0.0,3.85,0.0,2.12,5.97,1
1603,fetchdata,large,cold,200,1561.68,1561.68,0.01,125.85,1435.83,True,125.81,0.0,0.02,0.0,,125.85,1
1604,linpack,small,cold,200,1364.32,1364.31,0.01,5.19,1359.12,True,,0.0,0.36,4.01,0.82,5.19,1
1605,mobilenet,small,cold,200,1433.2,1433.19,0.01,35.14,1398.05,True,,,,,,,1
1606,fastfouriertransform,small,warm,200,25.11,25.1,0.01,7.3,17.81,False,,0.0,6.15,0.0,1.13,7.3,1
1607,resnet,small,cold,200,11153.03,11153.02,0.01,150.74,11002.28,True,,,,,,,1
1608,fetchdata,large,warm,200,135.05,135.04,0.01,128.18,6.86,False,128.14,0.0,0.03,0.0,,128.18,2
1609,genmatrix,large,cold,200,1458.19,1450.38,7.81,8.61,1441.77,True,,0.0,0.03,,8.57,8.61,1
1610,linpack,small,warm,200,18.85,18.84,0.01,8.03,10.81,False,,0.0,0.53,6.33,1.16,8.03,1
1611,mobilenet,large,warm,200,41.39,41.38,0.01,34.64,6.75,False,,,,,,,1
1612,fastfouriertransform,medium,warm,200,659.98,659.97,0.01,642.63,17.34,False,,0.0,6.09,0.0,636.53,642.63,1
1613,fetchdata,small,warm,200,136.11,136.1,0.01,129.58,6.52,False,129.54,0.0,0.03,0.0,,129.58,1
1614,resnet,small,warm,200,148.59,148.59,0.01,141.76,6.82,False,,,,,,,1
1615,linpack,small,warm,200,18.92,18.91,0.01,8.13,10.78,False,,0.0,0.52,6.39,1.2,8.13,1
1616,mobilenet,large,warm,200,71.49,71.48,0.01,64.25,7.23,False,,,,,,,1
1617,matrixmul,small,cold,200,2575.76,2572.64,3.12,4.95,2567.69,True,,0.0,0.35,4.0,0.6,4.95,1
1618,linpack,large,warm,200,19.15,19.14,0.01,8.04,11.1,False,,0.0,0.52,6.35,1.17,8.04,1
1619,resnet,medium,warm,200,149.11,149.11,0.01,142.12,6.99,False,,,,,,,1
1620,resnet,large,warm,200,166.15,166.14,0.01,159.16,6.98,False,,,,,,,1
1621,linpack,large,warm,200,19.03,19.02,0.01,8.06,10.96,False,,0.0,0.52,6.39,1.15,8.06,1
1622,linpack,medium,warm,200,674.07,674.06,0.01,662.89,11.18,False,,0.0,0.52,6.35,656.01,662.88,1
1623,mobilenet,medium,cold,200,1517.31,1517.3,0.01,35.04,1482.27,True,,,,,,,1
1624,mobilenet,large,warm,200,34.86,34.85,0.01,24.41,10.44,False,,,,,,,1
1625,resnet,small,warm,200,153.56,153.55,0.01,146.66,6.9,False,,,,,,,1
1626,fetchdata,medium,cold,200,1535.49,1535.48,0.01,126.78,1408.71,True,126.72,0.0,0.05,0.0,,126.78,1
1627,matrixmul,small,cold,200,2195.05,2192.24,2.81,4.95,2187.29,True,,0.0,0.36,3.99,0.6,4.94,1
1628,resnet,large,warm,200,162.95,162.94,0.01,155.85,7.09,False,,,,,,,1
1629,genmatrix,small,cold,200,1273.16,1272.18,0.98,6.17,1266.01,True,,0.0,0.02,,6.14,6.17,1
1630,genmatrix,large,warm,200,57.16,49.02,8.14,1.4,47.62,False,,0.0,0.04,,1.36,1.4,1
1631,fetchdata,large,warm,200,135.09,135.08,0.01,128.08,7.01,False,128.04,0.0,0.03,0.0,,128.08,1
1632,fetchdata,small,warm,200,86.51,86.5,0.01,80.22,6.28,False,80.18,0.0,0.03,0.0,,80.22,1
1633,matrixmul,large,warm,200,28.31,25.33,2.97,7.75,17.58,False,,0.0,0.59,6.29,0.86,7.75,1
1634,genmatrix,medium,warm,200,15.65,13.11,2.54,0.29,12.81,False,,0.0,0.03,,0.26,0.29,1
1635,linpack,large,cold,200,1444.96,1444.96,0.01,5.17,1439.79,True,,0.0,0.36,4.0,0.81,5.17,1
1636,matrixmul,large,warm,200,29.1,26.63,2.47,7.71,18.92,False,,0.0,0.52,6.3,0.87,7.7,1
1637,fetchdata,medium,warm,200,135.38,135.37,0.01,128.64,6.73,False,128.6,0.0,0.03,0.0,,128.64,1
1638,mobilenet,medium,cold,200,1381.42,1381.41,0.01,28.71,1352.69,True,,,,,,,1
1639,fetchdata,small,warm,200,87.86,87.86,0.01,80.88,6.98,False,80.84,0.0,0.03,0.0,,80.88,1
1640,linpack,large,warm,200,19.93,19.92,0.01,8.24,11.68,False,,0.0,0.56,6.51,1.16,8.24,1
1641,fetchdata,small,warm,200,135.57,135.56,0.01,128.81,6.75,False,128.77,0.0,0.03,0.0,,128.81,1
1642,linpack,small,warm,200,18.71,18.71,0.01,8.07,10.64,False,,0.0,0.54,6.37,1.15,8.06,1
1643,matrixmul,large,cold,200,21000.59,20997.37,3.22,7.89,20989.48,True,,0.0,0.54,6.37,0.97,7.88,1
1644,mobilenet,medium,warm,200,48.55,48.54,0.01,39.71,8.83,False,,,,,,,2
1645,fastfouriertransform,large,cold,200,1472.53,1472.52,0.01,5.96,1466.55,True,,0.0,3.86,0.0,2.1,5.96,2
1646,fetchdata,medium,warm,200,135.17,135.16,0.01,128.44,6.72,False,128.4,0.0,0.03,0.0,,128.44,1
1647,resnet,large,cold,200,3227.01,3227.01,0.01,145.88,3081.13,True,,,,,,,1
1648,mobilenet,medium,warm,200,49.5,49.5,0.01,42.37,7.13,False,,,,,,,1
1649,mobilenet,medium,warm,200,30.33,30.32,0.01,23.06,7.26,False,,,,,,,1
1650,mobilenet,medium,warm,200,95.46,95.45,0.01,32.43,63.02,False,,,,,,,1
1651,genmatrix,small,cold,200,1443.66,1442.48,1.18,6.61,1435.88,True,,0.0,0.03,,6.57,6.6,1
1652,fetchdata,medium,warm,200,136.33,136.32,0.01,129.37,6.95,False,129.33,0.0,0.04,0.0,,129.37,1
1653,fastfouriertransform,large,cold,200,1357.38,1357.37,0.01,6.25,1351.11,True,,0.0,3.96,0.0,2.28,6.25,1
1654,genmatrix,small,warm,200,11.78,10.49,1.29,0.16,10.33,False,,0.0,0.04,,0.12,0.16,1
1655,fastfouriertransform,medium,warm,200,680.49,680.48,0.01,662.37,18.12,False,,0.0,6.3,0.0,656.06,662.36,1
1656,fetchdata,large,warm,200,135.2,135.2,0.01,128.37,6.83,False,128.34,0.0,0.02,0.0,,128.37,1
1657,resnet,large,cold,200,2311.36,2311.35,0.01,127.53,2183.82,True,,,,,,,1
1658,fastfouriertransform,small,warm,200,25.12,25.11,0.01,7.41,17.71,False,,0.0,6.19,0.0,1.21,7.4,1
1659,mobilenet,large,cold,200,1499.14,1499.14,0.01,28.53,1470.6,True,,,,,,,1
1660,genmatrix,large,warm,200,59.95,49.4,10.55,1.38,48.02,False,,0.0,0.03,,1.34,1.38,1
1661,resnet,small,warm,200,165.01,165.0,0.01,157.72,7.28,False,,,,,,,1
1662,fetchdata,small,warm,200,133.04,133.03,0.01,126.6,6.43,False,126.57,0.0,0.02,0.0,,126.6,1
1663,linpack,medium,cold,200,1912.16,1912.15,0.01,642.03,1270.12,True,,0.0,0.35,4.0,637.68,642.03,1
1664,matrixmul,small,cold,200,1946.37,1943.73,2.64,4.96,1938.77,True,,0.0,0.35,4.01,0.6,4.95,1
1665,mobilenet,small,warm,200,31.64,31.63,0.01,23.57,8.06,False,,,,,,,1
1666,genmatrix,small,warm,200,9.55,8.32,1.23,0.15,8.16,False,,0.0,0.03,,0.12,0.15,1
1667,genmatrix,medium,warm,200,28.84,13.51,15.33,0.29,13.22,False,,0.0,0.03,,0.26,0.29,1
1668,mobilenet,large,warm,200,32.28,32.27,0.01,23.69,8.59,False,,,,,,,1
1669,resnet,large,cold,200,11146.55,11146.54,0.01,158.67,10987.87,True,,,,,,,1
1670,mobilenet,medium,warm,200,32.11,32.1,0.01,23.39,8.71,False,,,,,,,2
1671,mobilenet,large,warm,200,30.66,30.65,0.01,23.77,6.89,False,,,,,,,1
1672,matrixmul,medium,cold,200,13528.5,13525.26,3.24,532.35,12992.91,True,,0.0,0.54,6.35,525.45,532.35,1
1673,fetchdata,medium,cold,200,1724.99,1724.98,0.01,148.68,1576.31,True,148.64,0.0,0.03,0.0,,148.67,2
1674,resnet,large,warm,200,146.26,146.25,0.01,140.0,6.25,False,,,,,,,1
1675,matrixmul,medium,warm,200,562.57,559.22,3.35,543.05,16.17,False,,0.0,0.54,6.3,536.2,543.05,1
1676,matrixmul,medium,warm,200,547.09,544.57,2.53,528.58,15.98,False,,0.0,0.54,6.29,521.74,528.58,1
1677,resnet,medium,warm,200,146.61,146.61,0.01,139.91,6.69,False,,,,,,,1
1678,fetchdata,small,warm,200,145.69,145.68,0.01,138.88,6.8,False,138.84,0.0,0.03,0.0,,138.88,1
1679,linpack,large,cold,200,1528.73,1528.72,0.01,5.19,1523.53,True,,0.0,0.38,3.99,0.81,5.18,1
1680,fetchdata,medium,warm,200,91.29,91.28,0.01,84.3,6.99,False,84.25,0.0,0.03,0.0,,84.29,1
1681,mobilenet,medium,cold,200,1486.95,1486.94,0.01,26.82,1460.12,True,,,,,,,1
1682,matrixmul,medium,warm,200,564.46,561.34,3.12,545.27,16.07,False,,0.0,0.52,6.32,538.41,545.26,1
1683,fastfouriertransform,large,cold,200,1460.89,1460.88,0.01,5.98,1454.9,True,,0.0,3.83,0.0,2.14,5.98,1
1684,linpack,small,warm,200,19.16,19.15,0.01,8.03,11.12,False,,0.0,0.54,6.34,1.14,8.03,1
1685,genmatrix,small,cold,200,1365.39,1364.23,1.16,6.04,1358.19,True,,0.0,0.02,,6.01,6.04,1
1686,fastfouriertransform,medium,warm,200,648.65,648.64,0.01,630.94,17.7,False,,0.0,6.12,0.0,624.81,630.94,1
1687,resnet,large,cold,200,2507.35,2507.35,0.01,128.46,2378.89,True,,,,,,,1
1688,resnet,large,warm,200,150.75,150.74,0.01,143.28,7.46,False,,,,,,,1
1689,fetchdata,medium,cold,200,1524.46,1524.45,0.01,126.55,1397.9,True,126.52,0.0,0.02,0.0,,126.55,1
1690,mobilenet,small,cold,200,1403.85,1403.84,0.01,27.52,1376.32,True,,,,,,,1
1691,matrixmul,small,cold,200,2999.26,2996.35,2.91,4.96,2991.39,True,,0.0,0.35,4.0,0.6,4.96,1
1692,fetchdata,large,warm,200,88.09,88.08,0.01,81.17,6.91,False,81.13,0.0,0.03,0.0,,81.17,1
1693,linpack,small,cold,200,1263.52,1263.51,0.01,5.27,1258.24,True,,0.0,0.38,4.06,0.82,5.27,1
1694,fetchdata,large,warm,200,136.03,136.03,0.01,129.17,6.86,False,129.13,0.0,0.03,0.0,,129.17,1
1695,genmatrix,large,cold,200,1584.99,1571.44,13.54,8.59,1562.85,True,,0.0,0.03,,8.56,8.59,1
1696,matrixmul,medium,warm,200,772.79,565.29,207.5,550.28,15.01,False,,0.0,0.6,6.39,543.28,550.28,1
1697,linpack,medium,warm,200,689.25,689.24,0.01,677.87,11.37,False,,0.0,0.52,6.36,670.98,677.87,1
1698,genmatrix,large,warm,200,58.22,46.02,12.2,1.15,44.87,False,,0.0,0.05,,1.09,1.15,1
1699,genmatrix,medium,warm,200,15.97,13.66,2.32,0.31,13.35,False,,0.0,0.03,,0.27,0.31,1
1700,fetchdata,small,warm,200,133.74,133.73,0.01,126.8,6.93,False,126.76,0.0,0.03,0.0,,126.8,1
1701,genmatrix,medium,warm,200,15.29,12.93,2.36,0.3,12.63,False,,0.0,0.03,,0.26,0.3,1
1702,mobilenet,small,cold,200,1483.55,1483.54,0.01,31.57,1451.97,True,,,,,,,1
1703,genmatrix,large,warm,200,59.15,45.38,13.77,1.22,44.16,False,,0.0,0.03,,1.19,1.22,1
1704,fetchdata,small,warm,200,133.94,133.93,0.01,127.81,6.13,False,127.77,0.0,0.03,0.0,,127.8,1
1705,resnet,large,cold,200,11214.42,11214.41,0.01,183.34,11031.08,True,,,,,,,1
1706,fastfouriertransform,large,cold,200,1767.14,1767.14,0.01,6.08,1761.06,True,,0.0,3.96,0.0,2.11,6.08,2
1707,fastfouriertransform,small,warm,200,24.71,24.7,0.01,7.42,17.28,False,,0.0,6.26,0.0,1.15,7.42,1
1708,linpack,large,cold,200,1551.27,1551.26,0.01,5.2,1546.06,True,,0.0,0.37,4.02,0.82,5.2,1
1709,fastfouriertransform,small,warm,200,24.08,24.08,0.01,7.37,16.71,False,,0.0,6.22,0.0,1.14,7.37,1
1710,fetchdata,small,warm,200,141.51,141.51,0.01,134.89,6.62,False,134.84,0.0,0.03,0.0,,134.89,1
1711,linpack,large,warm,200,19.06,19.05,0.01,8.01,11.04,False,,0.0,0.52,6.32,1.16,8.01,1
1712,mobilenet,small,cold,200,1586.88,1586.87,0.01,27.06,1559.82,True,,,,,,,1
1713,genmatrix,small,cold,200,1403.24,1402.06,1.19,6.9,1395.15,True,,0.0,0.03,,6.87,6.9,1
1714,fastfouriertransform,small,warm,200,26.18,26.17,0.01,7.58,18.59,False,,0.0,6.39,0.01,1.18,7.58,1
1715,resnet,medium,cold,200,3107.01,3107.0,0.01,128.06,2978.94,True,,,,,,,1
1716,matrixmul,small,cold,200,1999.27,1996.11,3.16,5.08,1991.03,True,,0.0,0.35,4.13,0.6,5.08,1
1717,resnet,large,warm,200,163.6,163.59,0.01,156.74,6.84,False,,,,,,,1
1718,genmatrix,large,warm,200,63.49,47.46,16.03,1.36,46.1,False,,0.0,0.04,,1.32,1.36,1
1719,fetchdata,large,cold,200,1531.89,1531.89,0.01,126.97,1404.92,True,126.93,0.0,0.02,0.0,,126.97,1
1720,fetchdata,small,warm,200,87.56,87.56,0.01,80.79,6.77,False,80.75,0.0,0.03,0.0,,80.78,1
1721,fastfouriertransform,large,cold,200,1410.23,1410.22,0.01,5.95,1404.28,True,,0.0,3.83,0.0,2.11,5.95,1
1722,resnet,medium,warm,200,160.03,160.02,0.01,149.13,10.89,False,,,,,,,1
1723,fastfouriertransform,small,warm,200,24.44,24.43,0.01,7.28,17.15,False,,0.0,6.16,0.0,1.11,7.28,1
1724,resnet,large,warm,200,141.97,141.96,0.01,135.07,6.89,False,,,,,,,1
1725,matrixmul,large,cold,200,2992.86,2988.96,3.9,4.94,2984.02,True,,0.0,0.34,3.99,0.6,4.94,1
1726,matrixmul,small,warm,200,29.35,26.17,3.18,7.99,18.18,False,,0.0,0.62,6.48,0.88,7.99,1
1727,resnet,large,warm,200,157.01,157.0,0.01,148.84,8.16,False,,,,,,,1
1728,genmatrix,medium,cold,200,1259.24,1254.99,4.25,6.74,1248.26,True,,0.0,0.03,,6.7,6.73,1
1729,linpack,small,cold,200,1837.25,1837.24,0.01,5.23,1832.01,True,,0.0,0.37,4.03,0.83,5.23,1
1730,fastfouriertransform,small,cold,200,1400.33,1400.32,0.01,6.03,1394.3,True,,0.0,3.89,0.0,2.12,6.03,1
1731,resnet,small,warm,200,157.4,157.39,0.01,146.65,10.74,False,,,,,,,1
1732,mobilenet,small,cold,200,1479.85,1479.85,0.01,30.62,1449.23,True,,,,,,,1
1733,resnet,large,warm,200,164.28,164.27,0.01,153.53,10.74,False,,,,,,,1
1734,matrixmul,medium,cold,200,11534.25,11531.04,3.21,541.18,10989.86,True,,0.0,0.55,6.36,534.26,541.18,1
1735,matrixmul,medium,cold,200,2053.44,2050.47,2.97,507.47,1542.99,False,,0.0,0.34,3.97,503.16,507.47,2
1736,fastfouriertransform,medium,warm,200,640.81,640.81,0.01,623.56,17.25,False,,0.0,6.12,0.0,617.43,623.56,1
1737,fetchdata,medium,cold,200,1506.01,1506.01,0.01,130.99,1375.01,True,130.96,0.0,0.02,0.0,,130.99,1
1738,resnet,small,warm,200,170.37,170.36,0.01,161.99,8.37,False,,,,,,,1
1739,genmatrix,small,cold,200,1412.14,1410.89,1.25,6.04,1404.84,True,,0.0,0.02,,6.01,6.04,1
1740,matrixmul,large,warm,200,29.24,26.25,2.98,7.74,18.51,False,,0.0,0.52,6.33,0.88,7.74,1
1741,linpack,small,cold,200,1282.55,1282.54,0.01,5.19,1277.35,True,,0.0,0.35,4.01,0.83,5.19,1
1742,genmatrix,large,warm,200,62.95,48.42,14.53,1.37,47.05,False,,0.0,0.04,,1.33,1.37,1
1743,linpack,small,warm,200,19.47,19.46,0.01,8.07,11.39,False,,0.0,0.58,6.33,1.16,8.07,1
1744,fastfouriertransform,medium,cold,200,2457.76,2457.76,0.01,613.21,1844.55,True,,0.0,3.89,0.0,609.31,613.2,1
1745,fetchdata,medium,cold,200,1556.24,1556.23,0.01,124.9,1431.33,True,124.87,0.0,0.02,0.0,,124.9,1
1746,resnet,medium,cold,200,11125.46,11125.46,0.01,142.29,10983.16,True,,,,,,,1
1747,fastfouriertransform,large,warm,200,26.73,26.72,0.01,7.41,19.31,False,,0.0,6.17,0.0,1.23,7.41,2
1748,fastfouriertransform,large,warm,200,25.53,25.53,0.01,7.36,18.16,False,,0.0,6.13,0.0,1.23,7.36,1
1749,mobilenet,small,cold,200,1582.97,1582.96,0.01,26.47,1556.49,True,,,,,,,1
1750,fetchdata,medium,warm,200,138.55,138.55,0.01,131.04,7.51,False,131.0,0.0,0.03,0.0,,131.04,1
1751,genmatrix,medium,cold,200,1288.44,1284.74,3.71,6.33,1278.4,True,,0.0,0.02,,6.3,6.33,1
1752,resnet,small,warm,200,157.35,157.34,0.01,148.06,9.28,False,,,,,,,1
1753,resnet,small,warm,200,155.02,155.02,0.01,148.56,6.46,False,,,,,,,1
1754,mobilenet,small,warm,200,31.44,31.43,0.01,23.65,7.78,False,,,,,,,1
1755,linpack,large,cold,200,2428.04,2428.03,0.01,5.21,2422.82,True,,0.0,0.36,4.02,0.82,5.21,1
1756,resnet,medium,warm,200,153.93,153.93,0.01,146.95,6.98,False,,,,,,,1
1757,matrixmul,small,cold,200,2005.1,2002.21,2.89,4.96,1997.25,True,,0.0,0.35,4.0,0.61,4.96,1
1758,fastfouriertransform,large,cold,200,1424.18,1424.17,0.01,6.2,1417.97,True,,0.0,3.91,0.0,2.29,6.2,1
1759,matrixmul,large,warm,200,28.72,25.86,2.85,7.83,18.03,False,,0.0,0.59,6.37,0.87,7.83,1
1760,resnet,large,warm,200,157.22,157.21,0.01,147.22,9.99,False,,,,,,,1
1761,fastfouriertransform,small,warm,200,24.85,24.84,0.01,7.39,17.46,False,,0.0,6.17,0.0,1.2,7.38,1
1762,linpack,medium,cold,200,2522.19,2522.18,0.01,644.22,1877.96,True,,0.0,0.34,4.0,639.87,644.22,1
1763,fastfouriertransform,small,warm,200,24.15,24.14,0.01,7.25,16.89,False,,0.0,6.04,0.0,1.2,7.25,1
1764,resnet,small,warm,200,152.25,152.25,0.01,145.02,7.22,False,,,,,,,1
1765,linpack,large,warm,200,20.09,20.08,0.01,8.01,12.07,False,,0.0,0.52,6.32,1.17,8.01,1
1766,linpack,medium,warm,200,677.33,677.32,0.01,665.11,12.2,False,,0.0,0.52,6.39,658.2,665.11,1
1767,fastfouriertransform,medium,warm,200,660.95,660.94,0.01,643.3,17.64,False,,0.0,6.08,0.01,637.21,643.3,1
1768,mobilenet,large,cold,200,1472.58,1472.57,0.01,27.99,1444.58,True,,,,,,,1
1769,mobilenet,large,warm,200,32.8,32.8,0.01,25.1,7.7,False,,,,,,,1
1770,linpack,medium,warm,200,674.79,674.79,0.01,662.92,11.87,False,,0.0,0.54,6.38,655.99,662.92,1
1771,genmatrix,large,cold,200,1409.1,1397.15,11.95,8.74,1388.4,True,,0.0,0.03,,8.71,8.74,1
1772,matrixmul,medium,cold,200,2701.62,2698.68,2.94,507.23,2191.46,True,,0.0,0.36,3.99,502.87,507.23,1
1773,linpack,large,warm,200,19.62,19.61,0.01,7.98,11.63,False,,0.0,0.51,6.32,1.14,7.98,1
1774,mobilenet,large,warm,200,30.95,30.95,0.01,23.67,7.28,False,,,,,,,1
1775,genmatrix,small,warm,200,8.89,7.93,0.96,0.15,7.78,False,,0.0,0.03,,0.12,0.15,1
1776,resnet,large,cold,200,2387.62,2387.61,0.01,128.54,2259.08,True,,,,,,,1
1777,matrixmul,small,warm,200,28.7,26.22,2.49,7.73,18.49,False,,0.0,0.54,6.31,0.87,7.73,1
1778,fastfouriertransform,medium,cold,200,1970.32,1970.31,0.01,601.1,1369.21,True,,0.0,3.89,0.0,597.19,601.1,1
1779,mobilenet,small,warm,200,32.28,32.27,0.01,24.77,7.5,False,,,,,,,1
1780,matrixmul,large,warm,200,71.97,69.53,2.44,7.77,61.76,False,,0.0,0.52,6.37,0.88,7.77,1
1781,linpack,large,cold,200,1420.8,1420.79,0.01,5.22,1415.57,True,,0.0,0.35,4.01,0.85,5.22,1
1782,resnet,medium,warm,200,149.39,149.39,0.01,142.99,6.39,False,,,,,,,1
1783,linpack,medium,warm,200,717.21,717.19,0.02,705.63,11.56,False,,0.0,0.56,6.31,698.75,705.63,1
1784,fastfouriertransform,large,warm,200,24.17,24.16,0.01,7.32,16.84,False,,0.0,6.18,0.0,1.13,7.32,1
1785,matrixmul,medium,warm,200,699.24,696.23,3.01,536.26,159.97,False,,0.0,0.53,6.32,529.4,536.25,1
1786,fetchdata,small,cold,200,2272.5,2272.49,0.01,134.09,2138.4,True,134.06,0.0,0.03,0.0,,134.09,1
1787,matrixmul,large,warm,200,28.69,25.87,2.82,7.74,18.13,False,,0.0,0.54,6.33,0.86,7.74,1
1788,fetchdata,medium,warm,200,89.29,89.28,0.01,82.15,7.13,False,82.11,0.0,0.03,0.0,,82.15,1
1789,mobilenet,large,cold,200,1359.9,1359.89,0.01,34.27,1325.62,True,,,,,,,1
1790,resnet,large,cold,200,11131.63,11131.63,0.01,151.17,10980.45,True,,,,,,,1
1791,fetchdata,small,warm,200,143.0,142.99,0.01,134.9,8.09,False,134.86,0.0,0.03,0.0,,134.9,2
1792,linpack,large,cold,200,1369.87,1369.86,0.01,5.17,1364.69,True,,0.0,0.34,4.0,0.83,5.17,1
1793,matrixmul,small,warm,200,29.35,26.43,2.92,7.81,18.62,False,,0.0,0.53,6.39,0.88,7.81,1
1794,genmatrix,small,cold,200,2128.41,2126.9,1.51,6.58,2120.32,True,,0.0,0.03,,6.54,6.58,1
1795,fastfouriertransform,medium,cold,200,1957.66,1957.65,0.01,602.27,1355.37,True,,0.0,3.87,0.0,598.4,602.27,1
1796,mobilenet,medium,cold,200,1469.89,1469.88,0.01,31.07,1438.81,True,,,,,,,1
1797,genmatrix,large,warm,200,54.93,46.58,8.36,1.38,45.2,False,,0.0,0.04,,1.33,1.38,1
1798,mobilenet,large,warm,200,41.0,40.99,0.01,33.45,7.54,False,,,,,,,1
1799,fetchdata,medium,cold,200,2008.34,2008.33,0.01,160.51,1847.82,True,160.47,0.0,0.02,0.0,,160.5,1
1800,matrixmul,small,cold,200,21000.85,20997.96,2.89,7.86,20990.1,True,,0.0,0.54,6.38,0.93,7.86,1
1801,fastfouriertransform,small,warm,200,26.67,26.66,0.01,7.3,19.36,False,,0.0,6.12,0.0,1.17,7.3,2
1802,matrixmul,medium,cold,200,1537.87,1534.89,2.98,527.89,1006.99,False,,0.0,0.54,6.33,521.01,527.89,2
1803,matrixmul,medium,warm,200,559.08,555.85,3.23,539.83,16.01,False,,0.0,0.54,6.3,532.98,539.83,1
1804,fastfouriertransform,small,warm,200,26.44,26.43,0.01,9.04,17.39,False,,0.0,7.85,0.01,1.18,9.04,1
1805,fastfouriertransform,small,warm,200,24.54,24.54,0.01,7.26,17.28,False,,0.0,6.12,0.0,1.13,7.25,1
1806,fetchdata,medium,cold,200,1670.47,1670.46,0.01,133.22,1537.24,True,133.19,0.0,0.02,0.0,,133.22,1
1807,resnet,large,cold,200,2309.06,2309.05,0.01,127.85,2181.2,True,,,,,,,1
1808,resnet,medium,warm,200,158.52,158.51,0.01,148.38,10.14,False,,,,,,,1
1809,fastfouriertransform,small,warm,200,24.15,24.15,0.01,7.24,16.91,False,,0.0,6.09,0.0,1.14,7.24,1
1810,fastfouriertransform,medium,warm,200,645.51,645.5,0.01,627.3,18.2,False,,0.0,6.08,0.0,621.21,627.3,1
1811,resnet,small,warm,200,150.42,150.42,0.01,143.54,6.88,False,,,,,,,1
1812,resnet,large,warm,200,155.25,155.24,0.01,145.49,9.76,False,,,,,,,1
1813,linpack,medium,cold,200,2779.11,2779.1,0.01,640.83,2138.27,True,,0.0,0.39,4.02,636.4,640.83,1
1814,linpack,medium,warm,200,689.4,689.39,0.01,677.79,11.6,False,,0.0,0.52,6.31,670.96,677.79,1
1815,fastfouriertransform,medium,warm,200,682.37,682.37,0.01,665.04,17.33,False,,0.0,6.11,0.0,658.91,665.03,1
1816,fetchdata,medium,cold,200,1536.39,1536.38,0.01,129.65,1406.73,True,129.62,0.0,0.02,0.0,,129.65,1
1817,linpack,small,warm,200,19.0,18.99,0.01,8.0,10.99,False,,0.0,0.52,6.33,1.14,8.0,1
1818,genmatrix,large,cold,200,1402.16,1394.31,7.86,9.67,1384.63,True,,0.0,0.02,,9.64,9.67,1
1819,mobilenet,large,cold,200,1429.24,1429.23,0.01,31.67,1397.56,True,,,,,,,1
1820,resnet,small,cold,200,11152.87,11152.86,0.01,171.51,10981.35,True,,,,,,,1
1821,genmatrix,medium,warm,200,17.88,14.92,2.96,0.29,14.63,False,,0.0,0.03,,0.25,0.29,2
1822,mobilenet,small,warm,200,36.97,36.96,0.01,28.82,8.15,False,,,,,,,1
1823,matrixmul,medium,cold,200,2495.79,2492.73,3.06,504.71,1988.02,True,,0.0,0.35,3.99,500.36,504.7,1
1824,matrixmul,medium,warm,200,582.48,579.41,3.07,564.01,15.4,False,,0.0,0.52,6.3,557.18,564.01,1
1825,mobilenet,small,warm,200,31.47,31.46,0.01,24.19,7.27,False,,,,,,,1
1826,mobilenet,medium,warm,200,40.95,40.94,0.01,33.25,7.69,False,,,,,,,1
1827,matrixmul,medium,warm,200,563.93,561.05,2.88,544.15,16.9,False,,0.0,0.52,6.3,537.33,544.15,1
1828,matrixmul,medium,warm,200,564.21,561.31,2.9,545.62,15.69,False,,0.0,0.53,6.3,538.78,545.62,1
1829,linpack,small,cold,200,1838.26,1838.26,0.01,5.2,1833.06,True,,0.0,0.36,4.01,0.82,5.2,1
1830,matrixmul,medium,warm,200,564.97,562.44,2.52,545.94,16.5,False,,0.0,0.51,6.3,539.12,545.94,1
1831,mobilenet,large,warm,200,30.25,30.25,0.01,23.19,7.06,False,,,,,,,1
1832,genmatrix,medium,cold,200,1356.31,1353.43,2.87,6.32,1347.12,True,,0.0,0.03,,6.29,6.32,1
1833,resnet,large,cold,200,2508.9,2508.9,0.01,127.59,2381.31,True,,,,,,,1
1834,mobilenet,medium,warm,200,44.79,44.78,0.01,37.52,7.26,False,,,,,,,1
1835,fastfouriertransform,small,cold,200,1414.32,1414.31,0.01,6.03,1408.28,True,,0.0,3.89,0.0,2.13,6.03,1
1836,matrixmul,small,warm,200,28.54,25.99,2.56,7.77,18.22,False,,0.0,0.52,6.35,0.88,7.77,1
1837,fetchdata,medium,cold,200,1537.69,1537.68,0.01,123.22,1414.47,True,123.19,0.0,0.02,0.0,,123.22,1
1838,linpack,large,cold,200,1362.38,1362.37,0.01,5.21,1357.16,True,,0.0,0.36,4.0,0.84,5.21,1
1839,fetchdata,medium,warm,200,88.88,88.87,0.01,81.87,7.0,False,81.83,0.0,0.03,0.0,,81.87,1
1840,fetchdata,medium,warm,200,88.01,88.0,0.01,81.38,6.63,False,81.34,0.0,0.03,0.0,,81.38,1
1841,fetchdata,large,warm,200,134.92,134.91,0.01,128.0,6.91,False,127.96,0.0,0.03,0.0,,128.0,1
1842,resnet,small,cold,200,5116.39,5116.38,0.01,130.33,4986.05,True,,,,,,,1
1843,matrixmul,medium,cold,200,21532.01,21529.02,3.0,538.12,20990.89,True,,0.0,0.56,5.66,531.89,538.12,1
1844,resnet,large,warm,200,171.64,171.63,0.01,161.06,10.57,False,,,,,,,2
1845,mobilenet,medium,cold,200,1350.54,1350.53,0.01,32.89,1317.64,True,,,,,,,2
1846,matrixmul,small,warm,200,29.01,26.3,2.72,7.8,18.5,False,,0.0,0.52,6.38,0.89,7.79,1
1847,fetchdata,medium,warm,200,136.3,136.28,0.02,129.68,6.6,False,129.64,0.0,0.03,0.0,,129.68,1
1848,matrixmul,large,warm,200,28.24,25.4,2.84,7.75,17.65,False,,0.0,0.52,6.35,0.87,7.75,1
1849,genmatrix,large,cold,200,1406.66,1395.38,11.28,8.83,1386.55,True,,0.0,0.03,,8.79,8.83,1
1850,fetchdata,large,warm,200,88.78,88.78,0.01,82.1,6.67,False,82.06,0.0,0.03,0.0,,82.1,1
1851,linpack,small,cold,200,1383.73,1383.72,0.01,5.19,1378.53,True,,0.0,0.36,4.02,0.8,5.19,1
1852,matrixmul,medium,warm,200,562.88,559.97,2.9,544.77,15.2,False,,0.0,0.52,6.31,537.92,544.77,1
1853,matrixmul,medium,warm,200,562.22,559.07,3.15,543.44,15.63,False,,0.0,0.52,6.32,536.59,543.43,1
1854,matrixmul,small,warm,200,28.6,25.73,2.88,7.69,18.04,False,,0.0,0.52,6.3,0.87,7.69,1
1855,resnet,small,cold,200,3371.97,3371.96,0.01,137.34,3234.62,True,,,,,,,1
1856,resnet,large,warm,200,145.65,145.65,0.01,138.5,7.14,False,,,,,,,1
1857,mobilenet,large,cold,200,1980.13,1980.13,0.01,27.18,1952.95,True,,,,,,,1
1858,linpack,large,cold,200,1357.64,1357.64,0.01,5.2,1352.43,True,,0.0,0.36,4.02,0.82,5.2,1
1859,fastfouriertransform,large,cold,200,1567.16,1567.15,0.01,6.23,1560.92,True,,0.0,3.91,0.0,2.32,6.23,1
1860,fetchdata,large,cold,200,1524.15,1524.14,0.01,125.21,1398.93,True,125.18,0.0,0.02,0.0,,125.21,1
1861,mobilenet,medium,warm,200,49.25,49.24,0.01,41.89,7.35,False,,,,,,,1
1862,linpack,medium,warm,200,689.55,689.54,0.01,678.37,11.17,False,,0.0,0.53,6.33,671.49,678.36,1
1863,linpack,large,warm,200,18.87,18.86,0.01,8.05,10.81,False,,0.0,0.53,6.38,1.13,8.05,1
1864,fastfouriertransform,medium,warm,200,650.74,650.74,0.01,632.84,17.9,False,,0.0,6.12,0.0,626.7,632.83,1
1865,genmatrix,medium,cold,200,1580.43,1577.19,3.25,6.31,1570.88,True,,0.0,0.02,,6.28,6.3,1
1866,mobilenet,large,warm,200,66.11,66.11,0.01,58.69,7.42,False,,,,,,,1
1867,matrixmul,small,cold,200,2054.79,2051.85,2.94,4.95,2046.9,True,,0.0,0.35,3.99,0.6,4.95,1
1868,matrixmul,large,warm,200,28.83,25.84,2.99,7.74,18.11,False,,0.0,0.52,6.34,0.87,7.74,1
1869,mobilenet,large,warm,200,187.48,187.47,0.01,44.54,142.93,False,,,,,,,1
1870,fetchdata,medium,cold,200,1924.42,1924.41,0.01,136.29,1788.12,True,136.26,0.0,0.02,0.0,,136.29,1
1871,fastfouriertransform,medium,cold,200,2019.6,2019.59,0.01,614.95,1404.64,True,,0.0,3.86,0.0,611.08,614.95,1
1872,resnet,medium,cold,200,2201.68,2201.67,0.01,126.26,2075.41,True,,,,,,,1
1873,resnet,medium,warm,200,160.36,160.35,0.01,150.04,10.31,False,,,,,,,1
1874,resnet,large,warm,200,149.33,149.33,0.01,142.06,7.27,False,,,,,,,1
1875,linpack,large,cold,200,1394.62,1394.62,0.01,5.24,1389.38,True,,0.0,0.37,4.03,0.83,5.24,1
1876,fetchdata,large,warm,200,144.96,144.95,0.01,137.74,7.21,False,137.7,0.0,0.03,0.0,,137.74,1
1877,fastfouriertransform,medium,warm,200,662.8,662.79,0.01,644.78,18.01,False,,0.0,6.18,0.0,638.59,644.78,1
1878,genmatrix,large,cold,200,1345.34,1335.43,9.91,8.79,1326.64,True,,0.0,0.02,,8.76,8.79,1
1879,resnet,large,warm,200,153.9,153.89,0.01,147.18,6.71,False,,,,,,,1
1880,fastfouriertransform,small,warm,200,24.75,24.74,0.01,6.84,17.9,False,,0.0,5.71,0.0,1.12,6.84,1
1881,linpack,small,warm,200,20.1,20.09,0.01,8.01,12.08,False,,0.0,0.54,6.31,1.16,8.01,1
1882,genmatrix,large,warm,200,56.38,47.12,9.26,1.13,45.99,False,,0.0,0.03,,1.09,1.13,1
1883,matrixmul,small,cold,200,2205.26,2202.46,2.81,5.04,2197.42,True,,0.0,0.36,4.07,0.6,5.04,1
1884,genmatrix,large,warm,200,55.82,46.11,9.71,1.2,44.91,False,,0.0,0.03,,1.16,1.2,1
1885,fastfouriertransform,large,warm,200,24.51,24.51,0.01,7.25,17.25,False,,0.0,6.07,0.0,1.17,7.25,1
1886,genmatrix,large,warm,200,55.37,46.09,9.28,1.22,44.88,False,,0.0,0.03,,1.18,1.22,1
1887,genmatrix,medium,warm,200,16.02,12.95,3.07,0.29,12.66,False,,0.0,0.03,,0.25,0.29,1
1888,linpack,medium,cold,200,2093.7,2093.7,0.01,650.38,1443.32,True,,0.0,0.37,4.01,645.99,650.38,1
1889,linpack,medium,warm,200,692.48,692.47,0.01,682.12,10.35,False,,0.0,0.57,6.32,675.22,682.11,1
1890,fastfouriertransform,small,warm,200,23.64,23.64,0.01,6.76,16.88,False,,0.0,5.65,0.0,1.09,6.76,1
1891,fastfouriertransform,medium,warm,200,659.19,659.19,0.01,641.54,17.65,False,,0.0,6.08,0.0,635.45,641.54,1
1892,mobilenet,large,cold,200,2241.35,2241.35,0.01,36.81,2204.53,True,,,,,,,1
1893,genmatrix,large,warm,200,54.47,45.84,8.63,1.24,44.59,False,,0.0,0.03,,1.21,1.24,1
1894,resnet,large,cold,200,2223.08,2223.07,0.01,139.45,2083.63,True,,,,,,,1
1895,genmatrix,large,warm,200,53.15,43.57,9.58,1.14,42.43,False,,0.0,0.03,,1.11,1.14,1
1896,mobilenet,medium,warm,200,33.92,33.92,0.01,23.74,10.18,False,,,,,,,1
1897,matrixmul,medium,cold,200,2708.93,2705.14,3.79,508.65,2196.49,True,,0.0,0.35,4.06,504.23,508.65,1
1898,fetchdata,large,cold,200,1542.4,1542.39,0.01,126.42,1415.98,True,126.38,0.0,0.02,0.0,,126.41,1
1899,resnet,large,warm,200,151.54,151.53,0.01,143.86,7.67,False,,,,,,,1
1900,resnet,small,warm,200,158.84,158.83,0.01,151.86,6.97,False,,,,,,,1
1901,matrixmul,small,warm,200,28.9,26.03,2.87,7.76,18.27,False,,0.0,0.53,6.36,0.87,7.76,1
1902,fetchdata,small,warm,200,135.66,135.66,0.01,128.31,7.35,False,128.27,0.0,0.03,0.0,,128.31,1
1903,matrixmul,medium,warm,200,550.3,547.23,3.07,532.06,15.17,False,,0.0,0.55,6.39,525.12,532.06,1
1904,fastfouriertransform,small,cold,200,1539.68,1539.67,0.01,6.01,1533.66,True,,0.0,3.88,0.0,2.11,6.0,1
1905,linpack,large,cold,200,1332.62,1332.61,0.01,5.2,1327.41,True,,0.0,0.34,4.01,0.84,5.2,1
1906,mobilenet,medium,cold,200,1479.0,1478.99,0.01,27.46,1451.53,True,,,,,,,1
1907,matrixmul,medium,warm,200,553.91,550.45,3.46,534.8,15.65,False,,0.0,0.52,6.31,527.97,534.8,1
1908,fetchdata,small,warm,200,134.17,134.16,0.01,126.99,7.16,False,126.95,0.0,0.03,0.0,,126.99,1
1909,resnet,medium,cold,200,2734.18,2734.17,0.01,143.25,2590.92,True,,,,,,,1
1910,matrixmul,medium,warm,200,568.81,561.79,7.02,545.56,16.23,False,,0.0,0.54,6.34,538.67,545.56,1
1911,fastfouriertransform,medium,cold,200,1903.97,1903.96,0.01,602.68,1301.28,True,,0.0,3.88,0.0,598.79,602.68,1
1912,genmatrix,large,cold,200,1449.2,1413.59,35.61,8.71,1404.88,True,,0.0,0.03,,8.68,8.71,1
1913,fetchdata,medium,warm,200,135.37,135.36,0.01,128.04,7.32,False,128.0,0.0,0.03,0.0,,128.04,1
1914,fastfouriertransform,medium,warm,200,645.9,645.89,0.01,628.41,17.48,False,,0.0,6.12,0.0,622.28,628.41,1
1915,fastfouriertransform,large,warm,200,24.84,24.84,0.01,7.25,17.58,False,,0.0,6.08,0.0,1.16,7.25,1
1916,fastfouriertransform,small,warm,200,24.56,24.55,0.01,7.25,17.3,False,,0.0,6.09,0.0,1.16,7.25,1
1917,linpack,medium,cold,200,2103.6,2103.59,0.01,670.01,1433.58,True,,0.0,0.36,3.99,665.65,670.0,1
1918,genmatrix,small,warm,200,9.27,8.18,1.09,0.15,8.02,False,,0.0,0.03,,0.12,0.15,1
1919,genmatrix,small,warm,200,8.97,7.91,1.05,0.15,7.76,False,,0.0,0.03,,0.12,0.15,1
1920,genmatrix,small,warm,200,9.2,7.99,1.21,0.17,7.81,False,,0.0,0.03,,0.14,0.17,1
1921,resnet,small,cold,200,2733.8,2733.79,0.01,126.89,2606.89,True,,,,,,,1
1922,resnet,small,warm,200,155.71,155.7,0.01,148.66,7.04,False,,,,,,,1
1923,matrixmul,large,cold,200,11074.64,11070.68,3.96,7.97,11062.71,True,,0.0,0.51,6.53,0.92,7.96,1
1924,fetchdata,medium,cold,200,1777.88,1777.87,0.01,123.25,1654.62,True,123.22,0.0,0.03,0.0,,123.25,2
1925,mobilenet,medium,cold,200,1411.82,1411.81,0.01,31.71,1380.1,True,,,,,,,1
1926,genmatrix,small,warm,200,9.11,7.93,1.18,0.16,7.78,False,,0.0,0.03,,0.12,0.15,1
1927,mobilenet,large,warm,200,34.39,34.38,0.01,23.47,10.91,False,,,,,,,1
1928,genmatrix,medium,warm,200,16.89,13.43,3.46,0.3,13.13,False,,0.0,0.03,,0.26,0.3,1
1929,fetchdata,small,warm,200,132.4,132.39,0.01,125.42,6.97,False,125.38,0.0,0.03,0.0,,125.42,1
1930,genmatrix,large,warm,200,60.42,46.37,14.05,1.17,45.21,False,,0.0,0.03,,1.13,1.17,1
1931,mobilenet,medium,warm,200,31.38,31.37,0.01,23.14,8.24,False,,,,,,,1
1932,resnet,medium,cold,200,2297.33,2297.32,0.01,128.19,2169.14,True,,,,,,,1
1933,fetchdata,small,warm,200,137.44,137.44,0.01,130.69,6.74,False,130.65,0.0,0.03,0.0,,130.69,1
1934,genmatrix,small,warm,200,9.28,7.91,1.37,0.16,7.75,False,,0.0,0.04,,0.12,0.16,1
1935,mobilenet,medium,warm,200,34.74,34.73,0.01,27.98,6.75,False,,,,,,,1
1936,linpack,large,cold,200,1741.66,1741.66,0.01,5.35,1736.31,True,,0.0,0.37,4.14,0.83,5.34,1
1937,linpack,small,warm,200,19.79,19.79,0.01,8.27,11.51,False,,0.0,0.54,6.58,1.15,8.27,1
1938,resnet,small,warm,200,155.8,155.79,0.01,148.93,6.87,False,,,,,,,1
1939,linpack,large,warm,200,19.96,19.95,0.01,8.23,11.72,False,,0.0,0.52,6.55,1.15,8.23,1
1940,mobilenet,medium,warm,200,36.36,36.35,0.01,29.87,6.47,False,,,,,,,1
1941,matrixmul,small,cold,200,2221.94,2189.2,32.74,4.99,2184.2,True,,0.0,0.36,4.02,0.61,4.99,1
1942,fetchdata,small,cold,200,1489.84,1489.83,0.01,149.32,1340.51,True,149.29,0.0,0.03,0.0,,149.32,1
1943,matrixmul,large,warm,200,29.08,26.16,2.93,7.74,18.41,False,,0.0,0.52,6.35,0.87,7.74,1
1944,linpack,medium,warm,200,674.81,674.81,0.01,663.06,11.75,False,,0.0,0.51,6.51,656.02,663.05,1
1945,resnet,large,cold,200,21134.13,21134.12,0.01,145.42,20988.7,True,,,,,,,1
1946,matrixmul,large,warm,200,30.19,27.65,2.54,8.08,19.57,False,,0.0,0.52,6.67,0.88,8.08,2
1947,fetchdata,large,warm,200,144.11,144.11,0.01,137.48,6.62,False,137.45,0.0,0.03,0.0,,137.48,2
1948,fetchdata,large,warm,200,90.86,90.85,0.01,84.12,6.73,False,84.08,0.0,0.03,0.0,,84.12,1
1949,fastfouriertransform,medium,cold,200,1942.56,1942.55,0.01,614.73,1327.82,True,,0.0,3.85,0.0,610.87,614.73,1
1950,matrixmul,medium,warm,200,561.38,558.43,2.94,542.29,16.15,False,,0.0,0.52,6.34,535.41,542.29,1
1951,resnet,small,warm,200,154.41,154.41,0.01,147.4,7.01,False,,,,,,,1
1952,linpack,large,cold,200,2136.09,2136.08,0.01,5.35,2130.74,True,,0.0,0.43,4.07,0.83,5.34,1
1953,genmatrix,medium,cold,200,1394.36,1391.63,2.73,6.28,1385.35,True,,0.0,0.02,,6.25,6.28,1
1954,resnet,large,warm,200,156.08,156.07,0.01,149.02,7.05,False,,,,,,,1
1955,fastfouriertransform,large,warm,200,24.44,24.44,0.01,7.28,17.15,False,,0.0,6.09,0.0,1.18,7.28,1
1956,mobilenet,medium,cold,200,1440.54,1440.53,0.01,26.27,1414.26,True,,,,,,,1
1957,fastfouriertransform,small,warm,200,25.42,25.41,0.01,7.36,18.05,False,,0.0,6.13,0.01,1.22,7.36,1
1958,matrixmul,small,cold,200,13004.7,13001.99,2.71,7.37,12994.62,True,,0.0,0.5,5.99,0.87,7.37,1
1959,mobilenet,medium,warm,200,34.25,34.24,0.01,25.61,8.64,False,,,,,,,2
1960,genmatrix,small,cold,200,1418.42,1416.99,1.43,6.24,1410.76,True,,0.0,0.03,,6.2,6.23,1
1961,resnet,medium,cold,200,21141.1,21141.09,0.01,148.44,20992.65,True,,,,,,,1
1962,fetchdata,large,cold,200,1545.0,1544.99,0.01,123.69,1421.3,True,123.66,0.0,0.02,0.0,,123.69,2
1963,mobilenet,large,warm,200,32.8,32.79,0.01,24.72,8.07,False,,,,,,,2
1964,fetchdata,medium,warm,200,92.18,92.18,0.01,84.73,7.45,False,84.68,0.0,0.03,0.0,,84.72,1
1965,mobilenet,medium,warm,200,31.04,31.03,0.01,24.03,7.0,False,,,,,,,1
1966,genmatrix,large,warm,200,59.06,49.46,9.6,1.42,48.04,False,,0.0,0.04,,1.38,1.42,1
1967,genmatrix,large,warm,200,58.29,46.47,11.82,1.13,45.35,False,,0.0,0.03,,1.09,1.13,1
1968,mobilenet,large,warm,200,30.33,30.32,0.01,23.21,7.11,False,,,,,,,1
1969,mobilenet,medium,warm,200,37.96,37.96,0.01,30.67,7.29,False,,,,,,,1
1970,matrixmul,small,cold,200,1995.7,1992.53,3.17,4.98,1987.55,True,,0.0,0.35,4.01,0.62,4.98,1
1971,mobilenet,medium,warm,200,31.98,31.98,0.01,25.36,6.62,False,,,,,,,1
1972,linpack,medium,cold,200,1910.14,1910.14,0.01,642.78,1267.36,True,,0.0,0.36,3.99,638.42,642.77,1
1973,resnet,small,cold,200,2131.59,2131.59,0.01,140.92,1990.67,True,,,,,,,1
1974,linpack,medium,warm,200,693.71,693.7,0.01,681.83,11.87,False,,0.0,0.54,6.32,674.97,681.83,1
1975,fastfouriertransform,medium,cold,200,2141.22,2141.21,0.01,598.21,1543.0,True,,0.0,3.88,0.0,594.32,598.21,1
1976,mobilenet,small,warm,200,30.25,30.25,0.01,22.97,7.28,False,,,,,,,1
1977,linpack,medium,warm,200,696.25,696.24,0.01,684.97,11.27,False,,0.0,0.52,6.37,678.07,684.97,1
1978,resnet,large,warm,200,155.16,155.15,0.01,146.65,8.5,False,,,,,,,1
1979,genmatrix,medium,cold,200,1558.31,1555.55,2.76,6.67,1548.88,True,,0.0,0.03,,6.64,6.67,1
1980,fetchdata,large,cold,200,1532.71,1532.7,0.01,136.85,1395.85,True,136.82,0.0,0.02,0.0,,136.85,1
1981,fetchdata,medium,warm,200,89.37,89.36,0.01,82.62,6.74,False,82.58,0.0,0.03,0.0,,82.62,1
1982,genmatrix,medium,warm,200,18.82,15.52,3.31,0.3,15.22,False,,0.0,0.04,,0.25,0.29,1
1983,fetchdata,small,warm,200,89.33,89.32,0.01,82.32,7.01,False,82.28,0.0,0.03,0.0,,82.32,1
1984,fastfouriertransform,large,cold,200,1837.95,1837.94,0.01,5.99,1831.95,True,,0.0,3.84,0.0,2.13,5.98,1
1985,fastfouriertransform,small,warm,200,24.55,24.54,0.01,7.21,17.33,False,,0.0,6.08,0.0,1.12,7.21,1
1986,matrixmul,small,cold,200,1991.86,1988.59,3.26,5.03,1983.56,True,,0.0,0.36,4.05,0.63,5.03,1
1987,matrixmul,small,warm,200,30.16,27.06,3.1,7.91,19.16,False,,0.0,0.61,6.4,0.88,7.9,1
1988,resnet,medium,cold,200,2109.14,2109.13,0.01,129.2,1979.93,True,,,,,,,1
1989,mobilenet,medium,cold,200,1452.01,1452.0,0.01,26.6,1425.4,True,,,,,,,1
1990,resnet,large,warm,200,362.56,362.56,0.01,147.85,214.71,False,,,,,,,1
1991,linpack,medium,cold,200,1990.49,1990.48,0.01,650.17,1340.3,True,,0.0,0.36,4.02,645.79,650.17,1
1992,resnet,large,warm,200,149.88,149.87,0.01,143.36,6.51,False,,,,,,,1
1993,fastfouriertransform,large,cold,200,1311.98,1311.97,0.01,6.08,1305.89,True,,0.0,3.92,0.0,2.15,6.08,1
1994,fastfouriertransform,medium,warm,200,650.89,650.88,0.01,632.76,18.13,False,,0.0,6.09,0.0,626.66,632.75,1
1995,linpack,large,warm,200,19.98,19.97,0.01,8.09,11.89,False,,0.0,0.52,6.42,1.14,8.09,1
1996,linpack,medium,warm,200,682.98,682.97,0.01,671.38,11.59,False,,0.0,0.53,6.33,664.51,671.38,1
1997,resnet,small,warm,200,165.17,165.16,0.01,157.44,7.72,False,,,,,,,1
1998,linpack,large,warm,200,224.86,224.85,0.01,8.01,216.84,False,,0.0,0.52,6.34,1.14,8.01,1
1999,fetchdata,large,cold,200,1688.17,1688.16,0.01,135.85,1552.32,True,135.78,0.0,0.06,0.0,,135.84,1
