request_id,function,size,type,status,latency_ms,ttfb_ms,execution_time_ms,system_overhead_ms,in_flight
0,mobilenet,small,cold,200,1648.41,1648.4,42.17,1606.23,1
1,resnet,small,cold,200,1822.91,1822.9,161.13,1661.78,2
2,mobilenet,small,cold,200,1285.72,1285.71,17.95,1267.76,3
3,mobilenet,large,cold,200,1142.39,1142.38,17.49,1124.89,4
4,mobilenet,large,warm,200,905.08,905.07,17.59,887.48,5
5,resnet,small,cold,200,1144.95,1144.94,120.96,1023.99,6
6,mobilenet,small,warm,200,523.93,523.92,17.41,506.52,7
7,mobilenet,small,warm,200,265.15,265.15,18.51,246.64,8
8,mobilenet,large,warm,200,161.92,161.92,17.84,144.07,9
9,mobilenet,large,warm,200,23.55,23.55,17.72,5.83,3
10,resnet,small,warm,200,266.99,266.99,121.27,145.72,3
11,resnet,large,warm,200,188.84,188.84,119.76,69.08,2
12,resnet,small,warm,200,124.66,124.66,120.33,4.33,1
13,mobilenet,large,warm,200,24.01,24.0,17.64,6.36,1
14,resnet,medium,warm,200,127.05,127.04,121.26,5.78,1
15,resnet,small,warm,200,125.2,125.2,119.67,5.52,1
16,mobilenet,medium,warm,200,23.7,23.69,17.55,6.15,1
17,mobilenet,small,warm,200,23.05,23.04,17.45,5.59,1
18,resnet,small,warm,200,127.99,127.99,121.28,6.71,1
19,resnet,medium,warm,200,126.72,126.72,121.2,5.52,1
20,resnet,small,warm,200,124.74,124.74,118.59,6.15,1
21,resnet,large,warm,200,132.91,132.9,123.98,8.92,1
22,mobilenet,medium,warm,200,29.81,29.8,23.33,6.47,1
23,mobilenet,large,warm,200,23.52,23.51,17.33,6.18,1
24,resnet,large,warm,200,126.07,126.06,120.19,5.87,1
25,resnet,large,warm,200,126.37,126.36,120.22,6.14,1
26,mobilenet,large,warm,200,36.96,36.95,30.07,6.88,1
27,mobilenet,small,warm,200,23.17,23.16,17.6,5.57,1
28,mobilenet,medium,warm,200,23.26,23.25,17.51,5.74,1
29,mobilenet,small,warm,200,22.82,22.82,17.46,5.35,1
30,mobilenet,medium,warm,200,22.45,22.44,17.65,4.79,1
31,resnet,medium,warm,200,140.9,140.88,134.06,6.82,1
32,resnet,small,warm,200,127.89,127.87,120.82,7.05,1
33,resnet,medium,warm,200,128.26,128.24,120.48,7.76,1
34,mobilenet,large,warm,200,45.16,45.14,36.3,8.84,1
35,resnet,large,warm,200,126.12,126.1,119.18,6.92,1
36,mobilenet,large,warm,200,25.16,25.14,17.95,7.2,1
37,mobilenet,large,warm,200,56.67,56.65,46.73,9.91,1
38,mobilenet,small,warm,200,39.54,39.52,29.32,10.2,1
39,resnet,medium,warm,200,206.9,206.89,199.08,7.8,1
40,resnet,large,warm,200,189.91,189.91,181.18,8.72,2
41,mobilenet,large,warm,200,25.4,25.39,18.96,6.43,1
42,resnet,small,warm,200,229.26,229.24,220.44,8.81,1
43,mobilenet,small,warm,200,25.19,25.17,17.71,7.46,2
44,resnet,medium,warm,200,172.56,172.54,164.64,7.9,1
45,resnet,small,warm,200,126.36,126.34,118.68,7.66,1
46,mobilenet,large,warm,200,24.33,24.31,17.85,6.47,1
47,resnet,small,warm,200,126.84,126.82,120.21,6.61,1
48,resnet,medium,warm,200,130.25,130.23,123.67,6.56,1
49,resnet,small,warm,200,126.78,126.76,119.9,6.86,1
50,resnet,small,warm,200,125.83,125.81,119.27,6.54,1
51,mobilenet,large,warm,200,31.75,31.72,23.19,8.54,1
52,resnet,large,warm,200,129.56,129.54,118.56,10.98,1
53,resnet,large,warm,200,126.3,126.27,118.83,7.44,1
54,resnet,medium,warm,200,129.37,129.35,119.25,10.1,1
55,mobilenet,small,warm,200,27.92,27.9,17.69,10.22,1
56,resnet,small,warm,200,126.83,126.82,119.94,6.88,1
57,mobilenet,small,warm,200,24.64,24.62,17.38,7.24,1
58,mobilenet,large,warm,200,27.1,27.08,17.72,9.36,1
59,mobilenet,large,warm,200,29.97,29.95,21.85,8.1,1
60,resnet,large,warm,200,127.35,127.33,119.8,7.53,1
61,mobilenet,medium,warm,200,30.98,30.96,23.0,7.96,1
62,resnet,large,warm,200,125.22,125.2,118.76,6.44,1
63,resnet,large,warm,200,129.66,129.64,119.57,10.07,1
64,resnet,large,warm,200,128.87,128.85,121.13,7.72,1
65,mobilenet,large,warm,200,31.2,31.18,23.32,7.86,1
66,mobilenet,large,warm,200,32.93,32.91,24.64,8.27,1
67,resnet,large,warm,200,129.89,129.87,120.52,9.35,1
68,resnet,small,warm,200,127.81,127.79,121.22,6.56,1
69,resnet,medium,warm,200,127.39,127.37,119.51,7.86,1
70,mobilenet,medium,warm,200,30.9,30.88,23.36,7.53,1
71,mobilenet,large,warm,200,32.18,32.16,23.05,9.11,1
72,resnet,large,warm,200,128.86,128.84,119.49,9.35,1
73,mobilenet,large,warm,200,30.51,30.49,22.98,7.51,1
74,mobilenet,large,warm,200,31.72,31.7,23.0,8.7,1
75,resnet,large,warm,200,129.25,129.23,118.94,10.3,1
76,mobilenet,small,warm,200,30.39,30.37,22.83,7.53,1
77,resnet,small,warm,200,126.54,126.52,118.91,7.6,1
78,mobilenet,large,warm,200,30.3,30.29,22.97,7.32,1
79,resnet,medium,warm,200,127.29,127.27,119.65,7.63,1
80,mobilenet,small,warm,200,30.73,30.71,22.92,7.79,1
81,resnet,medium,warm,200,132.78,132.76,125.3,7.46,1
82,mobilenet,small,warm,200,30.64,30.63,23.91,6.71,1
83,mobilenet,large,warm,200,37.47,37.45,29.64,7.81,1
84,mobilenet,small,warm,200,30.32,30.31,22.82,7.48,1
85,resnet,small,warm,200,126.28,126.26,119.24,7.02,1
86,mobilenet,small,warm,200,30.94,30.92,22.8,8.12,1
87,resnet,large,warm,200,129.33,129.31,120.78,8.53,1
88,mobilenet,medium,warm,200,31.91,31.9,22.73,9.17,1
89,resnet,small,warm,200,127.86,127.84,120.8,7.04,1
90,mobilenet,large,warm,200,24.0,23.99,17.79,6.2,1
91,resnet,medium,warm,200,132.28,132.26,121.06,11.2,1
92,resnet,medium,warm,200,128.4,128.38,120.7,7.68,1
93,resnet,small,warm,200,125.29,125.27,119.32,5.96,1
94,mobilenet,small,warm,200,24.61,24.59,17.49,7.1,1
95,mobilenet,medium,warm,200,24.3,24.28,17.43,6.85,1
96,mobilenet,large,warm,200,27.1,27.08,17.79,9.29,1
97,mobilenet,large,warm,200,35.65,35.63,27.96,7.66,1
98,mobilenet,small,warm,200,34.33,34.31,26.98,7.33,1
99,mobilenet,large,warm,200,31.48,31.46,20.74,10.72,1
100,mobilenet,small,warm,200,33.36,33.34,26.39,6.95,1
101,mobilenet,small,warm,200,27.98,27.96,17.99,9.97,1
102,resnet,small,warm,200,185.6,185.59,178.46,7.13,1
103,mobilenet,medium,warm,200,23.44,23.43,17.41,6.02,1
104,resnet,small,warm,200,128.95,128.93,118.43,10.49,1
105,mobilenet,large,warm,200,25.22,25.2,17.55,7.65,1
106,resnet,small,warm,200,125.5,125.47,118.88,6.6,1
107,resnet,medium,warm,200,141.62,141.59,134.39,7.2,1
108,mobilenet,small,warm,200,24.39,24.37,17.6,6.78,1
109,mobilenet,large,warm,200,25.43,25.41,17.86,7.54,1
110,resnet,medium,warm,200,128.46,128.44,120.28,8.16,1
111,resnet,medium,warm,200,125.02,125.0,118.81,6.18,1
112,resnet,large,warm,200,126.65,126.62,119.27,7.35,1
113,mobilenet,large,warm,200,28.1,28.08,17.85,10.23,1
114,mobilenet,small,warm,200,30.52,30.5,22.22,8.29,1
115,resnet,large,warm,200,127.31,127.29,120.4,6.89,1
116,resnet,small,warm,200,128.01,127.99,120.85,7.13,1
117,mobilenet,small,warm,200,31.95,31.93,23.56,8.37,1
118,mobilenet,large,warm,200,34.13,34.11,26.48,7.63,1
119,resnet,small,warm,200,129.84,129.82,122.48,7.33,1
120,resnet,small,warm,200,125.98,125.96,119.34,6.62,1
121,resnet,medium,warm,200,126.34,126.32,119.08,7.24,1
122,mobilenet,small,warm,200,32.82,32.8,24.11,8.7,1
123,resnet,large,warm,200,127.41,127.39,119.86,7.53,1
124,mobilenet,small,warm,200,31.22,31.2,22.61,8.59,1
125,mobilenet,small,warm,200,28.61,28.56,21.15,7.4,1
126,mobilenet,small,warm,200,29.79,29.77,21.62,8.15,1
127,resnet,medium,warm,200,128.51,128.5,121.49,7.01,1
128,resnet,small,warm,200,133.04,133.02,126.16,6.87,1
129,resnet,small,warm,200,127.48,127.46,120.07,7.39,1
130,mobilenet,medium,warm,200,31.44,31.42,23.08,8.34,1
131,mobilenet,medium,warm,200,30.69,30.67,22.82,7.85,1
132,resnet,medium,warm,200,132.99,132.98,124.02,8.96,1
133,resnet,medium,warm,200,139.93,139.91,131.99,7.93,1
134,resnet,small,warm,200,127.29,127.28,119.73,7.54,1
135,mobilenet,medium,warm,200,32.0,31.98,23.29,8.69,1
136,mobilenet,small,warm,200,31.3,31.28,22.94,8.34,1
137,mobilenet,large,warm,200,30.98,30.96,22.89,8.07,1
138,resnet,small,warm,200,137.52,137.5,127.66,9.85,1
139,mobilenet,large,warm,200,31.44,31.42,22.93,8.49,1
140,resnet,large,warm,200,139.36,139.35,131.65,7.69,1
141,mobilenet,small,warm,200,32.94,32.91,23.4,9.51,1
142,mobilenet,small,warm,200,36.5,36.48,24.1,12.37,1
143,mobilenet,large,warm,200,31.32,31.31,22.95,8.36,1
144,mobilenet,large,warm,200,32.24,32.22,23.68,8.54,1
145,mobilenet,medium,warm,200,30.94,30.92,22.88,8.04,1
146,mobilenet,large,warm,200,31.99,31.97,22.9,9.07,1
147,mobilenet,large,warm,200,32.33,32.31,23.77,8.54,1
148,mobilenet,large,warm,200,29.93,29.91,22.8,7.1,1
149,mobilenet,medium,warm,200,32.43,32.41,22.97,9.44,1
150,resnet,medium,warm,200,126.49,126.47,119.06,7.42,1
151,mobilenet,large,warm,200,31.67,31.65,23.2,8.44,1
152,resnet,small,warm,200,201.18,201.17,192.52,8.65,1
153,resnet,medium,warm,200,129.07,129.06,121.51,7.54,2
154,mobilenet,large,warm,200,55.15,55.13,47.46,7.67,1
155,resnet,medium,warm,200,127.32,127.3,119.56,7.74,1
156,resnet,small,warm,200,126.17,126.15,118.95,7.2,1
157,mobilenet,medium,warm,200,43.47,43.45,36.03,7.42,1
158,mobilenet,small,warm,200,24.15,24.13,17.83,6.3,1
159,mobilenet,large,warm,200,24.28,24.26,17.53,6.73,1
160,resnet,small,warm,200,276.58,276.56,266.94,9.62,1
161,resnet,small,warm,200,251.66,251.64,173.16,78.48,2
162,mobilenet,medium,warm,200,25.85,25.83,18.49,7.34,2
163,resnet,small,warm,200,129.6,129.58,119.06,10.52,1
164,resnet,large,warm,200,127.74,127.72,120.57,7.15,1
165,resnet,large,warm,200,127.21,127.19,120.27,6.92,1
166,mobilenet,large,warm,200,24.99,24.96,17.76,7.2,1
167,resnet,large,warm,200,129.13,129.11,118.63,10.48,1
168,mobilenet,small,warm,200,24.93,24.91,17.47,7.44,1
169,resnet,small,warm,200,127.15,127.13,119.2,7.93,1
170,mobilenet,large,warm,200,27.37,27.35,17.76,9.59,1
171,mobilenet,medium,warm,200,24.97,24.95,17.66,7.29,1
172,resnet,large,warm,200,128.67,128.65,118.76,9.9,1
173,mobilenet,large,warm,200,24.91,24.9,17.87,7.03,1
174,resnet,small,warm,200,128.42,128.4,120.25,8.15,1
175,resnet,large,warm,200,130.16,130.14,122.49,7.65,1
176,resnet,medium,warm,200,145.38,145.36,138.06,7.29,1
177,mobilenet,small,warm,200,25.19,25.18,17.86,7.33,1
178,resnet,medium,warm,200,131.94,131.93,121.14,10.79,1
179,mobilenet,small,warm,200,24.57,24.55,17.67,6.87,1
180,resnet,small,warm,200,132.11,132.09,120.84,11.25,1
181,resnet,small,warm,200,129.11,129.09,121.36,7.73,1
182,resnet,large,warm,200,129.92,129.9,122.68,7.22,1
183,resnet,large,warm,200,126.87,126.85,120.67,6.18,1
184,mobilenet,small,warm,200,29.9,29.88,22.56,7.31,1
185,mobilenet,large,warm,200,32.14,32.12,24.6,7.53,1
186,mobilenet,large,warm,200,32.39,32.37,20.57,11.8,1
187,mobilenet,medium,warm,200,32.11,32.08,21.72,10.36,1
188,mobilenet,medium,warm,200,40.27,40.25,30.58,9.68,1
189,mobilenet,small,warm,200,28.13,28.1,21.15,6.96,1
190,resnet,medium,warm,200,153.95,153.93,145.55,8.38,1
191,mobilenet,medium,warm,200,30.26,30.24,23.2,7.04,1
192,mobilenet,large,warm,200,29.55,29.53,22.53,7.0,1
193,mobilenet,large,warm,200,29.91,29.89,22.9,6.99,1
194,mobilenet,medium,warm,200,30.47,30.45,22.91,7.53,1
195,resnet,large,warm,200,126.04,126.02,118.86,7.17,1
196,mobilenet,small,warm,200,30.4,30.38,22.94,7.44,1
197,mobilenet,small,warm,200,33.01,32.99,25.49,7.5,1
198,resnet,small,warm,200,129.08,129.06,121.97,7.09,1
199,mobilenet,large,warm,200,31.1,31.08,23.28,7.81,1
200,resnet,medium,warm,200,133.07,133.05,125.31,7.75,1
201,mobilenet,medium,warm,200,31.33,31.31,23.11,8.2,1
202,mobilenet,large,warm,200,29.4,29.39,23.08,6.3,1
203,mobilenet,medium,warm,200,30.19,30.18,23.0,7.17,1
204,mobilenet,medium,warm,200,30.88,30.87,22.92,7.95,1
205,mobilenet,small,warm,200,31.49,31.47,23.74,7.73,1
206,resnet,medium,warm,200,126.23,126.21,119.22,7.0,1
207,resnet,small,warm,200,129.49,129.47,121.21,8.26,1
208,mobilenet,small,warm,200,30.96,30.93,22.75,8.18,1
209,mobilenet,medium,warm,200,25.63,25.61,17.94,7.67,1
210,resnet,medium,warm,200,127.82,127.8,118.96,8.84,1
211,mobilenet,medium,warm,200,24.36,24.34,17.61,6.74,1
212,resnet,large,warm,200,126.88,126.86,119.43,7.43,1
213,resnet,large,warm,200,127.17,127.15,119.91,7.23,1
214,resnet,small,warm,200,128.12,128.1,120.14,7.96,1
215,mobilenet,medium,warm,200,40.37,40.35,27.47,12.89,1
216,mobilenet,large,warm,200,36.03,36.01,27.38,8.63,1
217,resnet,small,warm,200,183.91,183.9,175.64,8.26,1
218,mobilenet,large,warm,200,24.63,24.62,18.06,6.56,1
219,resnet,medium,warm,200,267.53,267.51,259.6,7.9,1
220,resnet,medium,warm,200,332.63,332.61,261.84,70.78,2
221,mobilenet,medium,warm,200,27.47,27.45,17.6,9.86,2
222,mobilenet,medium,warm,200,24.3,24.28,17.59,6.7,1
223,mobilenet,large,warm,200,25.26,25.23,17.55,7.68,1
224,resnet,small,warm,200,128.41,128.4,120.47,7.93,1
225,mobilenet,medium,warm,200,26.04,26.02,18.22,7.8,1
226,resnet,small,warm,200,128.38,128.36,121.31,7.05,1
227,resnet,large,warm,200,128.0,127.99,121.43,6.56,1
228,resnet,large,warm,200,129.92,129.9,120.77,9.13,1
229,mobilenet,large,warm,200,27.68,27.67,17.77,9.9,1
230,resnet,large,warm,200,128.69,128.67,119.78,8.89,1
231,resnet,large,warm,200,129.14,129.12,120.3,8.82,1
232,resnet,medium,warm,200,125.55,125.54,119.15,6.39,1
233,resnet,large,warm,200,127.46,127.45,121.69,5.76,1
234,resnet,large,warm,200,128.44,128.43,120.89,7.54,1
235,mobilenet,small,warm,200,30.74,30.67,23.27,7.4,1
236,resnet,large,warm,200,129.49,129.47,121.26,8.21,1
237,resnet,large,warm,200,126.51,126.49,119.6,6.89,1
238,mobilenet,large,warm,200,31.47,31.45,23.21,8.25,1
239,resnet,medium,warm,200,128.1,128.08,120.42,7.66,1
240,mobilenet,medium,warm,200,30.89,30.87,23.29,7.58,1
241,resnet,small,warm,200,126.52,126.5,119.37,7.13,1
242,resnet,large,warm,200,127.09,127.08,119.4,7.68,1
243,resnet,medium,warm,200,146.37,146.35,138.9,7.45,1
244,resnet,medium,warm,200,125.69,125.69,119.14,6.55,1
245,mobilenet,large,warm,200,30.56,30.54,22.75,7.79,1
246,resnet,large,warm,200,126.45,126.43,118.94,7.49,1
247,mobilenet,large,warm,200,31.0,30.98,22.99,7.99,1
248,mobilenet,medium,warm,200,28.64,28.62,21.93,6.69,1
249,resnet,small,warm,200,128.83,128.81,118.97,9.83,1
250,mobilenet,large,warm,200,29.09,29.08,22.72,6.35,1
251,resnet,small,warm,200,129.18,129.16,119.06,10.1,1
252,mobilenet,small,warm,200,31.08,31.06,22.99,8.07,1
253,mobilenet,small,warm,200,32.38,32.36,22.05,10.31,1
254,mobilenet,medium,warm,200,32.85,32.83,22.67,10.16,1
255,mobilenet,medium,warm,200,29.14,29.12,22.06,7.06,1
256,resnet,large,warm,200,128.28,128.26,119.94,8.32,1
257,mobilenet,large,warm,200,30.63,30.62,23.08,7.54,1
258,resnet,medium,warm,200,131.32,131.3,124.35,6.95,1
259,resnet,small,warm,200,127.55,127.53,120.64,6.89,1
260,mobilenet,large,warm,200,32.31,32.3,23.71,8.58,1
261,mobilenet,small,warm,200,30.66,30.64,22.72,7.92,1
262,resnet,small,warm,200,127.14,127.12,119.39,7.72,1
263,mobilenet,large,warm,200,30.61,30.6,22.64,7.97,1
264,resnet,small,warm,200,125.56,125.55,119.0,6.55,1
265,mobilenet,small,warm,200,29.83,29.83,22.87,6.96,1
266,resnet,small,warm,200,125.08,125.07,119.47,5.6,1
267,resnet,large,warm,200,123.96,123.95,118.28,5.67,1
268,resnet,medium,warm,200,129.47,129.47,120.99,8.48,1
269,resnet,large,warm,200,150.67,150.67,144.85,5.81,1
270,resnet,small,warm,200,124.82,124.81,119.16,5.65,1
271,resnet,medium,warm,200,201.59,201.58,195.17,6.41,1
272,resnet,small,warm,200,124.84,124.83,119.82,5.01,2
273,resnet,large,warm,200,126.66,126.65,120.93,5.72,1
274,resnet,large,warm,200,126.31,126.3,120.45,5.85,1
275,mobilenet,medium,warm,200,33.39,33.39,27.3,6.08,1
276,resnet,small,warm,200,140.21,140.21,134.06,6.14,1
277,resnet,small,warm,200,168.46,168.45,162.9,5.56,1
278,resnet,medium,warm,200,317.55,317.55,310.06,7.48,1
279,resnet,large,warm,200,438.0,438.0,315.97,122.02,2
280,mobilenet,small,warm,200,24.49,24.48,17.57,6.91,2
281,mobilenet,small,warm,200,23.79,23.78,17.84,5.94,2
282,resnet,large,warm,200,126.05,126.05,120.11,5.94,1
283,mobilenet,large,warm,200,29.97,29.96,23.25,6.71,1
284,mobilenet,small,warm,200,23.61,23.6,17.65,5.95,1
285,resnet,medium,warm,200,128.99,128.99,120.6,8.39,1
286,resnet,large,warm,200,131.85,131.84,122.31,9.53,1
287,resnet,medium,warm,200,125.45,125.44,118.45,6.99,1
288,mobilenet,small,warm,200,26.16,26.15,18.53,7.62,1
289,resnet,medium,warm,200,124.6,124.59,118.62,5.97,1
290,mobilenet,large,warm,200,23.81,23.81,17.6,6.21,1
291,resnet,medium,warm,200,124.96,124.95,119.2,5.75,1
292,mobilenet,medium,warm,200,24.3,24.29,17.45,6.84,1
293,resnet,medium,warm,200,126.89,126.88,121.06,5.82,1
294,resnet,large,warm,200,126.38,126.37,120.54,5.84,1
295,mobilenet,medium,warm,200,24.63,24.62,18.07,6.55,1
296,mobilenet,medium,warm,200,27.16,27.16,17.99,9.17,1
297,resnet,medium,warm,200,126.83,126.81,119.5,7.31,1
298,mobilenet,medium,warm,200,24.02,24.01,17.62,6.4,1
299,resnet,large,warm,200,129.45,129.43,121.41,8.02,1
300,resnet,large,warm,200,126.41,126.39,119.25,7.15,1
301,mobilenet,medium,warm,200,30.18,30.16,22.83,7.33,1
302,mobilenet,large,warm,200,31.43,31.41,23.19,8.22,1
303,mobilenet,medium,warm,200,31.39,31.37,23.28,8.1,1
304,mobilenet,small,warm,200,31.99,31.98,23.29,8.68,1
305,resnet,small,warm,200,127.59,127.57,120.09,7.48,1
306,resnet,small,warm,200,126.15,126.14,119.84,6.31,1
307,mobilenet,medium,warm,200,29.96,29.95,24.15,5.8,1
308,resnet,medium,warm,200,132.45,132.44,126.83,5.61,1
309,mobilenet,medium,warm,200,29.46,29.45,22.83,6.62,1
310,resnet,medium,warm,200,124.57,124.57,119.26,5.3,1
311,resnet,medium,warm,200,124.86,124.85,119.08,5.77,1
312,resnet,medium,warm,200,126.82,126.82,120.71,6.11,1
313,mobilenet,medium,warm,200,30.04,30.03,22.81,7.23,1
314,mobilenet,large,warm,200,32.06,32.05,22.66,9.39,1
315,mobilenet,medium,warm,200,30.11,30.1,24.18,5.92,1
316,mobilenet,large,warm,200,29.75,29.75,22.81,6.94,1
317,mobilenet,large,warm,200,30.03,30.03,23.37,6.66,1
318,mobilenet,small,warm,200,64.95,64.95,59.26,5.69,1
319,mobilenet,small,warm,200,27.15,27.15,17.47,9.67,1
320,mobilenet,large,warm,200,23.49,23.48,18.09,5.39,1
321,mobilenet,small,warm,200,27.56,27.56,17.93,9.62,1
322,mobilenet,medium,warm,200,25.53,25.52,17.87,7.65,1
323,mobilenet,large,warm,200,24.53,24.53,17.81,6.72,1
324,mobilenet,medium,warm,200,23.16,23.16,18.23,4.93,1
325,resnet,medium,warm,200,155.4,155.4,149.31,6.09,1
326,mobilenet,large,warm,200,23.03,23.03,17.7,5.33,1
327,mobilenet,small,warm,200,34.09,34.08,27.88,6.21,1
328,resnet,small,warm,200,128.19,128.18,122.71,5.47,1
329,mobilenet,medium,warm,200,24.02,24.0,17.96,6.04,1
330,resnet,medium,warm,200,125.86,125.85,119.6,6.25,1
331,mobilenet,small,warm,200,23.84,23.84,17.8,6.04,1
332,mobilenet,small,warm,200,24.46,24.45,17.89,6.56,1
333,resnet,large,warm,200,132.57,132.57,121.62,10.94,1
334,mobilenet,large,warm,200,35.76,35.76,24.74,11.01,1
335,mobilenet,medium,warm,200,28.15,28.14,21.97,6.17,1
336,resnet,large,warm,200,133.72,133.71,128.39,5.32,1
337,resnet,small,warm,200,167.32,167.31,160.61,6.7,1
338,resnet,small,warm,200,341.4,341.38,331.82,9.56,1
339,resnet,medium,warm,200,404.07,404.06,261.99,142.07,2
340,mobilenet,medium,warm,200,26.0,25.98,18.05,7.93,2
341,resnet,large,warm,200,236.58,236.58,230.01,6.57,2
342,resnet,large,warm,200,156.61,156.6,119.7,36.9,2
343,mobilenet,medium,warm,200,24.62,24.6,17.7,6.91,1
344,mobilenet,large,warm,200,30.44,30.42,22.8,7.62,1
345,resnet,large,warm,200,127.21,127.18,118.97,8.21,1
346,resnet,medium,warm,200,129.15,129.14,121.78,7.36,1
347,resnet,large,warm,200,129.39,129.36,119.65,9.72,1
348,resnet,medium,warm,200,132.26,132.25,121.19,11.06,1
349,mobilenet,small,warm,200,32.03,32.01,22.76,9.25,1
350,resnet,medium,warm,200,133.77,133.75,125.43,8.32,1
351,mobilenet,medium,warm,200,30.07,30.06,22.82,7.23,1
352,resnet,medium,warm,200,126.55,126.53,119.97,6.56,1
353,mobilenet,medium,warm,200,31.98,31.96,24.31,7.65,1
354,resnet,small,warm,200,125.94,125.92,120.07,5.85,1
355,resnet,small,warm,200,129.41,129.4,121.27,8.13,1
356,resnet,medium,warm,200,129.12,129.1,119.08,10.02,1
357,resnet,medium,warm,200,127.03,127.01,119.46,7.55,1
358,resnet,large,warm,200,130.15,130.13,123.01,7.12,1
359,mobilenet,large,warm,200,30.79,30.77,22.8,7.97,1
360,mobilenet,small,warm,200,29.99,29.97,22.61,7.36,1
361,mobilenet,large,warm,200,29.76,29.74,22.86,6.88,1
362,resnet,medium,warm,200,133.58,133.56,125.62,7.94,1
363,mobilenet,large,warm,200,30.82,30.81,24.28,6.53,1
364,resnet,large,warm,200,126.63,126.61,118.86,7.75,1
365,resnet,medium,warm,200,127.43,127.41,120.39,7.02,1
366,mobilenet,small,warm,200,30.03,30.01,22.9,7.11,1
367,resnet,small,warm,200,128.76,128.74,119.19,9.55,1
368,resnet,large,warm,200,129.81,129.8,121.52,8.27,1
369,mobilenet,medium,warm,200,30.74,30.72,22.84,7.88,1
370,resnet,medium,warm,200,126.66,126.64,119.34,7.3,1
371,resnet,medium,warm,200,128.98,128.96,119.42,9.53,1
372,resnet,medium,warm,200,127.42,127.4,120.44,6.96,1
373,resnet,medium,warm,200,127.02,127.0,120.21,6.78,1
374,resnet,medium,warm,200,126.83,126.83,120.3,6.53,1
375,mobilenet,small,warm,200,29.73,29.72,23.23,6.49,1
376,mobilenet,medium,warm,200,33.67,33.64,25.22,8.42,1
377,mobilenet,large,warm,200,30.95,30.93,23.18,7.75,1
378,mobilenet,small,warm,200,33.05,33.03,24.68,8.34,1
379,mobilenet,large,warm,200,31.29,31.27,22.77,8.5,1
380,resnet,medium,warm,200,152.76,152.74,144.47,8.26,1
381,resnet,small,warm,200,125.65,125.63,119.11,6.52,1
382,mobilenet,medium,warm,200,31.36,31.35,23.0,8.34,1
383,mobilenet,medium,warm,200,30.76,30.74,23.84,6.9,1
384,mobilenet,medium,warm,200,31.61,31.59,22.9,8.69,1
385,mobilenet,large,warm,200,32.52,32.5,23.39,9.1,1
386,mobilenet,medium,warm,200,31.92,31.9,23.21,8.69,1
387,mobilenet,small,warm,200,53.53,53.51,45.28,8.23,1
388,resnet,large,warm,200,133.17,133.14,126.89,6.25,1
389,mobilenet,large,warm,200,27.67,27.65,17.7,9.96,1
390,resnet,small,warm,200,125.95,125.93,119.06,6.87,1
391,mobilenet,large,warm,200,29.18,29.16,17.71,11.45,1
392,resnet,medium,warm,200,126.43,126.41,118.92,7.49,1
393,resnet,medium,warm,200,129.23,129.21,119.29,9.92,1
394,resnet,small,warm,200,129.69,129.67,118.71,10.96,1
395,mobilenet,medium,warm,200,45.41,45.39,31.4,13.99,1
396,resnet,small,warm,200,137.42,137.4,129.56,7.84,1
397,mobilenet,medium,warm,200,24.37,24.36,17.64,6.72,1
398,resnet,small,warm,200,324.72,324.7,314.0,10.71,1
399,mobilenet,small,warm,200,27.68,27.65,17.59,10.07,2
400,mobilenet,large,warm,200,25.38,25.36,17.82,7.55,1
401,resnet,small,warm,200,128.24,128.22,119.1,9.12,1
402,mobilenet,small,warm,200,24.05,24.03,17.45,6.57,1
403,resnet,large,warm,200,125.9,125.88,119.16,6.72,1
404,mobilenet,large,warm,200,25.97,25.94,17.77,8.18,1
405,resnet,medium,warm,200,134.27,134.25,122.54,11.72,1
406,resnet,medium,warm,200,145.28,145.26,138.5,6.76,1
407,resnet,medium,warm,200,131.42,131.4,123.89,7.51,1
408,mobilenet,large,warm,200,27.62,27.6,18.09,9.51,1
409,mobilenet,small,warm,200,24.65,24.63,17.56,7.07,1
410,mobilenet,medium,warm,200,25.07,25.04,18.05,6.99,1
411,mobilenet,small,warm,200,27.75,27.73,17.54,10.19,1
412,mobilenet,small,warm,200,24.15,24.13,17.62,6.51,1
413,mobilenet,small,warm,200,29.87,29.85,22.58,7.27,1
414,mobilenet,medium,warm,200,30.94,30.92,22.66,8.26,1
415,resnet,large,warm,200,126.83,126.81,118.84,7.97,1
416,resnet,medium,warm,200,125.88,125.86,118.94,6.92,1
417,mobilenet,small,warm,200,31.94,31.92,23.27,8.64,1
418,resnet,large,warm,200,127.88,127.86,121.26,6.6,1
419,resnet,large,warm,200,128.49,128.47,120.18,8.29,1
420,resnet,small,warm,200,128.94,128.93,119.42,9.51,1
421,mobilenet,medium,warm,200,29.58,29.56,22.51,7.05,1
422,mobilenet,medium,warm,200,29.36,29.33,21.96,7.37,1
423,mobilenet,large,warm,200,28.29,28.28,21.25,7.03,1
424,mobilenet,large,warm,200,32.36,32.34,21.91,10.43,1
425,mobilenet,medium,warm,200,29.09,29.08,22.04,7.03,1
426,mobilenet,small,warm,200,30.38,30.36,21.48,8.89,1
427,mobilenet,small,warm,200,29.22,29.2,21.49,7.71,1
428,resnet,large,warm,200,132.99,132.97,124.88,8.09,1
429,resnet,medium,warm,200,126.63,126.62,119.62,7.0,1
430,mobilenet,medium,warm,200,33.08,33.06,23.34,9.72,1
431,resnet,large,warm,200,130.32,130.3,122.72,7.59,1
432,resnet,medium,warm,200,149.49,149.47,139.53,9.94,1
433,resnet,medium,warm,200,126.86,126.84,120.35,6.49,1
434,mobilenet,large,warm,200,31.52,31.5,22.84,8.67,1
435,mobilenet,medium,warm,200,30.1,30.08,22.17,7.91,1
436,resnet,large,warm,200,129.45,129.43,121.73,7.7,1
437,resnet,small,warm,200,124.36,124.34,118.14,6.2,1
438,mobilenet,small,warm,200,43.22,43.21,34.79,8.42,1
439,mobilenet,large,warm,200,29.04,29.02,21.02,8.0,1
440,resnet,large,warm,200,134.37,134.35,126.58,7.76,1
441,mobilenet,small,warm,200,30.27,30.25,22.69,7.56,1
442,resnet,large,warm,200,125.93,125.91,119.33,6.58,1
443,resnet,medium,warm,200,124.96,124.93,118.63,6.31,1
444,mobilenet,large,warm,200,31.96,31.94,23.41,8.53,1
445,resnet,large,warm,200,127.85,127.82,119.65,8.18,1
446,resnet,small,warm,200,128.48,128.46,120.82,7.65,1
447,resnet,medium,warm,200,127.06,127.04,119.73,7.31,1
448,resnet,medium,warm,200,127.23,127.22,120.83,6.39,1
449,resnet,large,warm,200,126.25,126.23,119.34,6.89,1
450,mobilenet,small,warm,200,25.07,25.05,18.16,6.88,1
451,resnet,medium,warm,200,128.03,128.01,120.37,7.64,1
452,resnet,medium,warm,200,127.12,127.1,120.26,6.84,1
453,resnet,large,warm,200,126.73,126.66,120.35,6.31,1
454,mobilenet,medium,warm,200,56.01,55.99,45.25,10.74,1
455,mobilenet,medium,warm,200,34.95,34.94,27.97,6.97,1
456,resnet,medium,warm,200,193.62,193.6,181.96,11.64,1
457,mobilenet,medium,warm,200,26.57,26.55,17.84,8.71,1
458,mobilenet,large,warm,200,32.25,32.23,22.91,9.33,1
459,resnet,medium,warm,200,127.11,127.09,120.78,6.31,1
460,mobilenet,small,warm,200,27.37,27.35,17.9,9.45,1
461,resnet,large,warm,200,126.95,126.93,120.06,6.87,1
462,resnet,large,warm,200,128.0,127.98,121.21,6.77,1
463,resnet,small,warm,200,127.67,127.65,122.33,5.32,1
464,mobilenet,medium,warm,200,24.57,24.56,17.38,7.18,1
465,mobilenet,medium,warm,200,29.98,29.96,20.31,9.66,1
466,resnet,large,warm,200,127.65,127.63,120.92,6.71,1
467,resnet,small,warm,200,126.44,126.42,120.09,6.33,1
468,mobilenet,large,warm,200,26.99,26.98,17.77,9.21,1
469,mobilenet,large,warm,200,48.01,47.99,39.02,8.96,1
470,mobilenet,medium,warm,200,25.17,25.15,18.12,7.04,1
471,mobilenet,large,warm,200,24.73,24.71,18.27,6.44,1
472,resnet,small,warm,200,129.28,129.26,118.09,11.17,1
473,mobilenet,small,warm,200,29.16,29.15,22.94,6.21,1
474,resnet,small,warm,200,129.7,129.68,118.5,11.18,1
475,mobilenet,medium,warm,200,30.28,30.26,22.9,7.35,1
476,resnet,large,warm,200,144.71,144.69,134.28,10.41,1
477,resnet,medium,warm,200,129.21,129.19,118.45,10.73,1
478,resnet,medium,warm,200,129.56,129.54,122.07,7.48,1
479,mobilenet,medium,warm,200,35.74,35.72,24.07,11.66,1
480,mobilenet,medium,warm,200,31.94,31.92,24.37,7.55,1
481,mobilenet,large,warm,200,32.43,32.41,23.24,9.17,1
482,mobilenet,small,warm,200,36.04,36.02,24.64,11.38,1
483,resnet,medium,warm,200,144.12,144.1,137.17,6.93,1
484,resnet,large,warm,200,126.62,126.6,120.06,6.54,1
485,resnet,small,warm,200,128.91,128.89,121.99,6.91,1
486,resnet,large,warm,200,126.17,126.15,119.42,6.72,1
487,resnet,large,warm,200,125.78,125.7,119.93,5.77,1
488,resnet,small,warm,200,136.5,136.48,130.14,6.33,1
489,resnet,large,warm,200,126.06,126.05,119.3,6.74,1
490,resnet,medium,warm,200,129.07,129.05,121.56,7.49,1
491,resnet,large,warm,200,129.24,129.22,120.21,9.01,1
492,resnet,medium,warm,200,125.44,125.42,118.31,7.11,1
493,resnet,small,warm,200,126.67,126.65,119.97,6.69,1
494,mobilenet,large,warm,200,32.16,32.14,23.55,8.59,1
495,resnet,small,warm,200,126.7,126.68,120.33,6.36,1
496,resnet,small,warm,200,127.83,127.83,118.81,9.01,1
497,resnet,large,warm,200,125.75,125.73,118.63,7.1,1
498,resnet,large,warm,200,127.78,127.72,121.47,6.25,1
499,resnet,medium,warm,200,126.35,126.2,118.67,7.52,1
500,mobilenet,medium,warm,200,34.82,34.8,23.14,11.66,1
501,mobilenet,small,warm,200,32.08,32.06,22.82,9.24,1
502,resnet,small,warm,200,127.74,127.73,119.49,8.24,1
503,resnet,small,warm,200,129.36,129.34,119.29,10.05,1
504,resnet,small,warm,200,124.76,124.74,118.3,6.45,1
505,mobilenet,medium,warm,200,31.25,31.23,23.73,7.49,1
506,mobilenet,small,warm,200,42.19,42.17,35.04,7.13,1
507,resnet,medium,warm,200,126.78,126.76,118.91,7.85,1
508,resnet,large,warm,200,129.37,129.35,122.87,6.47,1
509,resnet,large,warm,200,147.05,147.03,139.82,7.21,1
510,mobilenet,medium,warm,200,25.95,25.94,17.71,8.23,1
511,resnet,medium,warm,200,126.56,126.53,119.19,7.34,1
512,resnet,large,warm,200,126.5,126.48,119.33,7.15,1
513,mobilenet,large,warm,200,35.57,35.55,27.26,8.29,1
514,mobilenet,small,warm,200,40.1,40.08,30.94,9.14,1
515,resnet,small,warm,200,157.9,157.88,150.46,7.42,1
516,mobilenet,medium,warm,200,24.84,24.82,17.71,7.1,1
517,mobilenet,large,warm,200,26.69,26.67,17.88,8.8,1
518,mobilenet,medium,warm,200,25.13,25.11,18.68,6.43,1
519,mobilenet,large,warm,200,24.54,24.51,17.43,7.09,1
520,resnet,small,warm,200,129.54,129.52,122.35,7.17,1
521,mobilenet,medium,warm,200,25.27,25.25,17.72,7.53,1
522,mobilenet,medium,warm,200,24.37,24.35,17.59,6.75,1
523,resnet,medium,warm,200,130.94,130.92,124.36,6.57,1
524,resnet,small,warm,200,124.86,124.84,119.52,5.32,1
525,mobilenet,large,warm,200,26.72,26.7,18.73,7.97,1
526,resnet,large,warm,200,128.92,128.89,119.46,9.43,1
527,mobilenet,small,warm,200,24.76,24.73,17.54,7.2,1
528,mobilenet,small,warm,200,24.06,24.04,17.74,6.3,1
529,resnet,large,warm,200,126.29,126.26,118.58,7.68,1
530,mobilenet,medium,warm,200,25.84,25.82,17.56,8.26,1
531,mobilenet,small,warm,200,23.33,23.33,17.65,5.68,1
532,resnet,large,warm,200,128.75,128.73,120.56,8.18,1
533,resnet,medium,warm,200,136.44,136.44,130.09,6.34,1
534,resnet,large,warm,200,143.54,143.52,135.75,7.77,1
535,mobilenet,medium,warm,200,32.47,32.45,22.67,9.78,1
536,resnet,large,warm,200,128.59,128.57,120.84,7.74,1
537,mobilenet,small,warm,200,32.04,32.02,22.89,9.13,1
538,resnet,medium,warm,200,138.27,138.25,128.05,10.2,1
539,resnet,large,warm,200,128.15,128.13,120.59,7.54,1
540,resnet,large,warm,200,128.02,127.99,121.83,6.16,1
541,resnet,medium,warm,200,126.4,126.38,119.5,6.88,1
542,resnet,small,warm,200,125.82,125.8,118.89,6.91,1
543,resnet,medium,warm,200,126.81,126.79,119.73,7.06,1
544,mobilenet,small,warm,200,31.0,30.98,22.7,8.28,1
545,resnet,large,warm,200,126.39,126.37,119.89,6.48,1
546,resnet,large,warm,200,126.97,126.95,120.09,6.86,1
547,resnet,large,warm,200,125.2,125.19,118.33,6.86,1
548,resnet,small,warm,200,128.09,128.07,121.33,6.74,1
549,resnet,medium,warm,200,128.36,128.34,120.3,8.04,1
550,mobilenet,large,warm,200,30.98,30.95,22.81,8.15,1
551,mobilenet,large,warm,200,32.21,32.19,24.65,7.55,1
552,resnet,medium,warm,200,126.85,126.85,119.88,6.97,1
553,mobilenet,large,warm,200,29.38,29.38,23.1,6.28,1
554,resnet,small,warm,200,126.85,126.83,120.04,6.8,1
555,mobilenet,large,warm,200,31.98,31.96,23.21,8.76,1
556,resnet,large,warm,200,126.16,126.14,118.19,7.95,1
557,mobilenet,large,warm,200,30.29,30.28,22.87,7.41,1
558,mobilenet,large,warm,200,29.75,29.73,23.06,6.67,1
559,mobilenet,medium,warm,200,31.28,31.26,23.47,7.79,1
560,resnet,small,warm,200,153.59,153.57,142.95,10.62,1
561,resnet,large,warm,200,126.76,126.73,119.23,7.5,1
562,mobilenet,small,warm,200,30.0,29.98,22.54,7.43,1
563,resnet,medium,warm,200,125.88,125.86,119.14,6.72,1
564,resnet,small,warm,200,126.22,126.2,118.66,7.54,1
565,mobilenet,small,warm,200,46.06,46.05,38.25,7.81,1
566,resnet,large,warm,200,126.58,126.56,119.37,7.19,1
567,resnet,small,warm,200,183.82,183.8,177.01,6.79,1
568,resnet,medium,warm,200,140.71,140.69,133.01,7.68,1
569,resnet,large,warm,200,128.07,128.05,119.1,8.95,1
570,resnet,small,warm,200,127.36,127.34,119.94,7.4,1
571,resnet,small,warm,200,128.44,128.42,118.4,10.02,1
572,mobilenet,small,warm,200,40.18,40.16,30.9,9.25,1
573,resnet,large,warm,200,136.13,136.11,129.46,6.65,1
574,resnet,small,warm,200,161.51,161.49,149.33,12.16,1
575,resnet,small,warm,200,237.12,237.1,230.12,6.97,1
576,resnet,large,warm,200,303.51,303.5,265.44,38.05,2
577,mobilenet,medium,warm,200,30.07,30.01,20.48,9.53,2
578,resnet,large,warm,200,133.18,133.15,125.15,8.0,1
579,resnet,large,warm,200,129.41,129.39,121.06,8.33,1
580,resnet,large,warm,200,128.57,128.56,121.02,7.54,1
581,resnet,small,warm,200,126.04,126.02,119.13,6.88,1
582,mobilenet,medium,warm,200,25.66,25.64,18.08,7.56,1
583,mobilenet,large,warm,200,23.63,23.63,17.43,6.2,1
584,resnet,large,warm,200,128.76,128.74,120.51,8.23,1
585,mobilenet,large,warm,200,25.33,25.31,17.78,7.53,1
586,mobilenet,large,warm,200,26.55,26.5,19.73,6.77,1
587,resnet,large,warm,200,126.36,126.33,118.89,7.45,1
588,resnet,large,warm,200,128.98,128.95,119.7,9.25,1
589,resnet,small,warm,200,127.76,127.74,118.45,9.3,1
590,mobilenet,small,warm,200,25.44,25.41,17.78,7.64,1
591,mobilenet,medium,warm,200,31.9,31.88,22.94,8.95,1
592,resnet,small,warm,200,126.1,126.08,119.08,7.01,1
593,mobilenet,small,warm,200,29.21,29.19,22.86,6.33,1
594,mobilenet,medium,warm,200,37.35,37.33,28.99,8.34,1
595,resnet,medium,warm,200,127.86,127.84,121.11,6.73,1
596,resnet,large,warm,200,125.77,125.76,119.11,6.66,1
597,mobilenet,medium,warm,200,31.19,31.17,23.29,7.88,1
598,mobilenet,medium,warm,200,30.29,30.27,22.96,7.31,1
599,resnet,medium,warm,200,127.3,127.28,119.1,8.17,1
600,mobilenet,large,warm,200,30.34,30.32,22.64,7.68,1
601,resnet,small,warm,200,126.63,126.61,118.7,7.91,1
602,resnet,medium,warm,200,127.06,127.05,120.14,6.91,1
603,mobilenet,medium,warm,200,32.2,32.19,23.17,9.02,1
604,mobilenet,large,warm,200,36.27,36.25,29.03,7.22,1
605,resnet,large,warm,200,127.37,127.35,120.22,7.13,1
606,resnet,small,warm,200,126.8,126.78,119.76,7.02,1
607,resnet,medium,warm,200,125.39,125.37,118.31,7.06,1
608,mobilenet,small,warm,200,31.78,31.77,22.68,9.1,1
609,resnet,small,warm,200,127.31,127.31,121.02,6.28,1
610,mobilenet,large,warm,200,29.77,29.76,22.54,7.22,1
611,mobilenet,small,warm,200,68.15,68.15,61.57,6.57,1
612,resnet,small,warm,200,152.8,152.78,145.85,6.94,1
613,mobilenet,large,warm,200,32.8,32.79,27.1,5.69,1
614,mobilenet,small,warm,200,22.9,22.89,17.73,5.16,1
615,mobilenet,large,warm,200,25.35,25.34,19.24,6.1,1
616,mobilenet,small,warm,200,23.79,23.79,17.73,6.05,1
617,resnet,small,warm,200,127.58,127.57,119.19,8.38,1
618,mobilenet,medium,warm,200,25.65,25.64,17.79,7.85,1
619,mobilenet,small,warm,200,28.38,28.37,22.68,5.69,1
620,resnet,small,warm,200,126.47,126.46,120.25,6.21,1
621,mobilenet,large,warm,200,24.23,24.23,17.96,6.26,1
622,mobilenet,small,warm,200,23.0,22.99,17.25,5.74,1
623,mobilenet,medium,warm,200,23.9,23.89,17.39,6.5,1
624,mobilenet,large,warm,200,28.28,28.27,17.49,10.79,1
625,resnet,small,warm,200,126.35,126.34,120.25,6.08,1
626,mobilenet,medium,warm,200,23.21,23.21,17.46,5.75,1
627,mobilenet,small,warm,200,23.59,23.58,17.72,5.86,1
628,resnet,large,warm,200,127.88,127.87,121.92,5.95,1
629,mobilenet,large,warm,200,23.79,23.79,17.92,5.87,1
630,mobilenet,medium,warm,200,23.28,23.28,17.75,5.53,1
631,resnet,medium,warm,200,125.05,125.04,118.8,6.25,1
632,mobilenet,medium,warm,200,40.09,40.08,26.18,13.9,1
633,mobilenet,large,warm,200,45.21,45.2,39.22,5.98,1
634,mobilenet,large,warm,200,36.77,36.76,30.92,5.84,1
635,resnet,medium,warm,200,179.36,179.35,172.29,7.06,1
636,mobilenet,small,warm,200,24.6,24.59,17.68,6.91,1
637,resnet,medium,warm,200,328.89,328.88,315.92,12.96,1
638,resnet,large,warm,200,287.64,287.64,157.69,129.95,2
639,mobilenet,medium,warm,200,29.64,29.63,23.14,6.49,2
640,resnet,small,warm,200,126.21,126.2,120.86,5.34,1
641,mobilenet,medium,warm,200,30.76,30.75,24.22,6.53,1
642,mobilenet,small,warm,200,30.06,30.06,22.97,7.09,1
643,mobilenet,medium,warm,200,31.05,31.03,25.11,5.93,1
644,resnet,medium,warm,200,128.82,128.8,121.12,7.68,1
645,resnet,medium,warm,200,127.72,127.7,120.58,7.13,1
646,resnet,small,warm,200,127.77,127.76,120.82,6.93,1
647,mobilenet,large,warm,200,32.57,32.55,22.71,9.84,1
648,mobilenet,medium,warm,200,29.74,29.72,23.27,6.45,1
649,resnet,small,warm,200,126.63,126.61,118.68,7.92,1
650,resnet,medium,warm,200,128.45,128.43,120.6,7.83,1
651,resnet,medium,warm,200,125.96,125.94,119.02,6.92,1
652,resnet,large,warm,200,126.08,126.06,119.12,6.94,1
653,mobilenet,medium,warm,200,38.95,38.93,22.96,15.97,1
654,resnet,medium,warm,200,127.66,127.64,119.52,8.12,1
655,resnet,medium,warm,200,129.79,129.76,122.34,7.42,1
656,mobilenet,large,warm,200,31.34,31.32,24.37,6.95,1
657,resnet,small,warm,200,132.91,132.88,123.17,9.72,1
658,mobilenet,small,warm,200,30.87,30.86,23.38,7.48,1
659,mobilenet,medium,warm,200,36.57,36.55,28.59,7.96,1
660,mobilenet,large,warm,200,47.53,47.51,40.4,7.11,1
661,resnet,small,warm,200,125.74,125.72,118.74,6.98,1
662,mobilenet,large,warm,200,27.61,27.59,17.46,10.13,1
663,resnet,large,warm,200,145.38,145.36,136.77,8.59,1
664,mobilenet,medium,warm,200,25.18,25.16,17.45,7.71,1
665,resnet,large,warm,200,128.5,128.48,121.02,7.46,1
666,resnet,large,warm,200,127.7,127.68,120.79,6.89,1
667,mobilenet,medium,warm,200,31.78,31.75,24.67,7.08,1
668,resnet,medium,warm,200,127.97,127.95,120.58,7.38,1
669,mobilenet,large,warm,200,25.37,25.35,17.43,7.92,1
670,mobilenet,small,warm,200,24.21,24.19,17.43,6.76,1
671,resnet,small,warm,200,125.42,125.4,118.3,7.1,1
672,mobilenet,medium,warm,200,24.95,24.93,17.5,7.43,1
673,resnet,small,warm,200,128.91,128.88,119.23,9.66,1
674,resnet,large,warm,200,126.4,126.39,118.76,7.63,1
675,mobilenet,medium,warm,200,23.69,23.69,17.64,6.05,1
676,mobilenet,large,warm,200,24.2,24.18,17.55,6.63,1
677,resnet,small,warm,200,126.16,126.14,119.11,7.03,1
678,mobilenet,medium,warm,200,23.44,23.43,17.8,5.64,1
679,resnet,medium,warm,200,126.11,126.09,118.41,7.68,1
680,resnet,small,warm,200,127.61,127.59,120.36,7.23,1
681,mobilenet,small,warm,200,25.56,25.54,17.84,7.7,1
682,resnet,small,warm,200,126.43,126.41,119.51,6.9,1
683,mobilenet,large,warm,200,24.39,24.37,17.92,6.45,1
684,mobilenet,small,warm,200,24.34,24.31,17.57,6.74,1
685,mobilenet,medium,warm,200,34.75,34.73,25.03,9.7,1
686,resnet,medium,warm,200,130.04,130.02,118.67,11.35,1
687,resnet,small,warm,200,129.66,129.64,121.37,8.27,1
688,resnet,medium,warm,200,129.78,129.76,120.7,9.06,1
689,resnet,large,warm,200,163.83,163.81,155.53,8.28,1
690,mobilenet,small,warm,200,44.16,44.14,36.68,7.46,1
691,mobilenet,small,warm,200,30.21,30.19,21.66,8.53,1
692,mobilenet,large,warm,200,30.12,30.12,23.56,6.55,1
693,mobilenet,medium,warm,200,32.95,32.87,25.05,7.82,1
694,resnet,large,warm,200,137.61,137.59,131.06,6.53,1
695,resnet,medium,warm,200,221.99,221.97,213.98,7.99,1
696,resnet,medium,warm,200,230.43,230.41,207.34,23.07,2
697,resnet,small,warm,200,331.68,331.66,299.96,31.7,2
698,mobilenet,medium,warm,200,28.02,28.0,17.76,10.25,2
699,resnet,small,warm,200,197.49,197.47,186.11,11.36,1
700,resnet,large,warm,200,128.63,128.6,121.39,7.22,1
701,resnet,large,warm,200,126.27,126.24,119.61,6.63,1
702,resnet,small,warm,200,126.03,126.01,119.29,6.72,1
703,mobilenet,medium,warm,200,25.82,25.8,18.27,7.53,1
704,mobilenet,small,warm,200,25.0,24.98,17.86,7.12,1
705,mobilenet,medium,warm,200,29.44,29.42,21.79,7.62,1
706,mobilenet,small,warm,200,28.02,28.0,17.76,10.24,1
707,resnet,medium,warm,200,127.48,127.46,119.73,7.73,1
708,resnet,small,warm,200,128.96,128.94,121.86,7.08,1
709,mobilenet,medium,warm,200,28.14,28.12,17.53,10.59,1
710,resnet,small,warm,200,127.16,127.14,119.88,7.26,1
711,mobilenet,medium,warm,200,26.08,26.06,17.6,8.46,1
712,mobilenet,large,warm,200,25.07,25.05,17.74,7.31,1
713,resnet,small,warm,200,128.7,128.68,119.96,8.72,1
714,resnet,large,warm,200,141.26,141.24,131.45,9.78,1
715,mobilenet,medium,warm,200,27.74,27.72,17.65,10.07,1
716,mobilenet,medium,warm,200,25.03,25.01,17.56,7.45,1
717,mobilenet,medium,warm,200,30.14,30.12,22.31,7.8,1
718,resnet,large,warm,200,130.6,130.58,122.77,7.8,1
719,resnet,large,warm,200,125.7,125.68,118.47,7.21,1
720,resnet,medium,warm,200,126.11,126.09,118.8,7.29,1
721,mobilenet,medium,warm,200,34.7,34.68,24.71,9.98,1
722,mobilenet,medium,warm,200,29.28,29.26,21.99,7.27,1
723,mobilenet,large,warm,200,30.32,30.3,23.04,7.26,1
724,resnet,large,warm,200,129.07,129.05,121.5,7.54,1
725,resnet,small,warm,200,127.08,127.06,120.07,6.99,1
726,resnet,small,warm,200,126.27,126.25,119.33,6.92,1
727,mobilenet,medium,warm,200,43.86,43.84,34.3,9.54,1
728,resnet,large,warm,200,131.63,131.61,125.4,6.21,1
729,mobilenet,medium,warm,200,42.41,42.38,33.17,9.22,1
730,resnet,large,warm,200,126.72,126.71,120.05,6.66,1
731,resnet,small,warm,200,128.02,128.01,120.68,7.33,1
732,resnet,small,warm,200,128.12,128.1,120.24,7.86,1
733,mobilenet,large,warm,200,30.66,30.64,23.84,6.8,1
734,mobilenet,large,warm,200,30.22,30.2,23.06,7.14,1
735,mobilenet,medium,warm,200,31.2,31.18,23.18,8.0,1
736,resnet,large,warm,200,129.31,129.29,122.12,7.17,1
737,mobilenet,small,warm,200,30.81,30.79,22.78,8.01,1
738,mobilenet,small,warm,200,62.71,62.7,55.23,7.47,1
739,resnet,small,warm,200,126.69,126.67,118.95,7.72,1
740,mobilenet,large,warm,200,27.64,27.62,17.73,9.89,1
741,mobilenet,large,warm,200,25.53,25.51,17.6,7.91,1
742,mobilenet,small,warm,200,28.25,28.23,17.31,10.92,1
743,resnet,medium,warm,200,149.36,149.34,137.49,11.85,1
744,resnet,large,warm,200,129.67,129.65,119.0,10.65,1
745,resnet,large,warm,200,132.0,131.98,120.72,11.26,1
746,resnet,small,warm,200,128.77,128.75,119.03,9.72,1
747,resnet,small,warm,200,129.51,129.49,120.97,8.51,1
748,resnet,medium,warm,200,127.51,127.49,121.08,6.41,1
749,resnet,medium,warm,200,152.39,152.37,144.03,8.34,1
750,mobilenet,medium,warm,200,26.64,26.62,18.04,8.58,1
751,mobilenet,medium,warm,200,36.14,36.12,29.42,6.7,1
752,resnet,medium,warm,200,130.55,130.53,123.59,6.93,1
753,mobilenet,small,warm,200,37.23,37.21,24.08,13.13,1
754,resnet,medium,warm,200,140.39,140.38,132.56,7.82,1
755,mobilenet,large,warm,200,25.49,25.47,18.34,7.13,1
756,mobilenet,large,warm,200,25.49,25.47,17.69,7.78,1
757,resnet,medium,warm,200,233.07,233.07,226.05,7.02,1
758,mobilenet,medium,warm,200,24.38,24.37,17.81,6.56,2
759,mobilenet,medium,warm,200,26.33,26.31,18.25,8.06,1
760,resnet,large,warm,200,129.28,129.26,119.91,9.36,1
761,mobilenet,small,warm,200,25.14,25.12,17.54,7.59,1
762,resnet,small,warm,200,133.04,133.02,121.75,11.27,1
763,resnet,large,warm,200,129.94,129.92,119.32,10.6,1
764,mobilenet,large,warm,200,30.85,30.83,23.13,7.7,1
765,mobilenet,small,warm,200,35.94,35.92,25.52,10.4,1
766,mobilenet,large,warm,200,35.76,35.74,25.15,10.59,1
767,resnet,medium,warm,200,126.64,126.62,118.88,7.74,1
768,mobilenet,medium,warm,200,30.33,30.32,23.44,6.88,1
769,resnet,medium,warm,200,149.18,149.16,138.83,10.33,1
770,resnet,medium,warm,200,129.63,129.62,119.1,10.52,1
771,resnet,large,warm,200,126.97,126.95,119.02,7.94,1
772,mobilenet,large,warm,200,30.98,30.96,22.92,8.04,1
773,resnet,small,warm,200,129.61,129.59,121.0,8.59,1
774,resnet,small,warm,200,129.19,129.17,118.7,10.48,1
775,resnet,medium,warm,200,126.64,126.62,118.65,7.97,1
776,resnet,large,warm,200,128.09,128.07,121.12,6.95,1
777,mobilenet,medium,warm,200,29.59,29.57,22.33,7.24,1
778,mobilenet,large,warm,200,31.92,31.9,21.28,10.62,1
779,mobilenet,medium,warm,200,29.97,29.95,21.82,8.13,1
780,resnet,large,warm,200,126.39,126.37,119.08,7.29,1
781,resnet,small,warm,200,126.48,126.46,119.23,7.23,1
782,mobilenet,medium,warm,200,31.6,31.58,22.97,8.61,1
783,resnet,large,warm,200,126.88,126.85,119.78,7.07,1
784,resnet,small,warm,200,131.82,131.8,121.17,10.63,1
785,mobilenet,large,warm,200,37.09,37.07,29.07,8.0,1
786,resnet,large,warm,200,129.04,129.02,119.82,9.21,1
787,resnet,small,warm,200,126.05,126.03,118.83,7.2,1
788,resnet,medium,warm,200,127.19,127.17,121.21,5.96,1
789,mobilenet,small,warm,200,31.56,31.54,23.17,8.37,1
790,resnet,medium,warm,200,129.11,129.09,119.64,9.45,1
791,mobilenet,small,warm,200,32.22,32.2,23.49,8.7,1
792,mobilenet,small,warm,200,31.63,31.61,23.11,8.51,1
793,mobilenet,medium,warm,200,30.06,30.05,22.91,7.14,1
794,mobilenet,large,warm,200,31.07,31.05,23.46,7.59,1
795,mobilenet,large,warm,200,40.81,40.79,32.72,8.08,1
796,resnet,large,warm,200,153.72,153.7,145.5,8.2,1
797,mobilenet,large,warm,200,32.14,32.12,22.9,9.23,1
798,resnet,small,warm,200,128.66,128.64,121.37,7.28,1
799,mobilenet,small,warm,200,31.51,31.49,22.77,8.72,1
800,mobilenet,large,warm,200,31.04,31.02,23.02,8.0,1
801,resnet,small,warm,200,125.5,125.48,118.38,7.11,1
802,resnet,medium,warm,200,124.79,124.77,118.06,6.71,1
803,mobilenet,medium,warm,200,28.85,28.85,22.98,5.86,1
804,resnet,large,warm,200,127.39,127.37,120.06,7.31,1
805,resnet,small,warm,200,126.21,126.19,119.41,6.78,1
806,mobilenet,medium,warm,200,25.14,25.12,17.76,7.36,1
807,resnet,small,warm,200,189.43,189.42,180.54,8.88,1
808,resnet,large,warm,200,137.99,137.97,130.01,7.95,1
809,resnet,medium,warm,200,128.62,128.6,121.8,6.79,1
810,resnet,medium,warm,200,132.18,132.15,121.77,10.38,1
811,resnet,small,warm,200,125.14,125.12,118.28,6.84,1
812,mobilenet,large,warm,200,37.73,37.71,28.02,9.68,1
813,mobilenet,medium,warm,200,36.87,36.85,27.55,9.3,1
814,mobilenet,large,warm,200,28.05,28.03,17.75,10.28,1
815,resnet,medium,warm,200,290.67,290.65,281.88,8.78,1
816,mobilenet,large,warm,200,25.96,25.93,17.46,8.48,2
817,mobilenet,medium,warm,200,24.7,24.68,17.73,6.95,1
818,mobilenet,small,warm,200,26.48,26.47,17.88,8.59,1
819,resnet,medium,warm,200,128.06,128.04,120.09,7.94,1
820,mobilenet,medium,warm,200,25.48,25.46,17.5,7.96,1
821,mobilenet,small,warm,200,34.93,34.91,27.42,7.49,1
822,resnet,medium,warm,200,144.98,144.96,137.42,7.54,1
823,mobilenet,medium,warm,200,27.16,27.15,17.61,9.54,1
824,mobilenet,medium,warm,200,24.85,24.83,17.52,7.32,1
825,resnet,small,warm,200,126.12,126.1,119.51,6.6,1
826,resnet,small,warm,200,126.65,126.63,118.94,7.69,1
827,resnet,small,warm,200,126.82,126.8,119.34,7.46,1
828,mobilenet,medium,warm,200,25.91,25.89,17.66,8.23,1
829,mobilenet,large,warm,200,25.84,25.81,17.94,7.87,1
830,resnet,small,warm,200,127.86,127.84,121.01,6.83,1
831,mobilenet,small,warm,200,30.05,30.03,22.33,7.7,1
832,resnet,medium,warm,200,127.37,127.35,120.19,7.16,1
833,mobilenet,large,warm,200,34.51,34.49,23.23,11.27,1
834,resnet,medium,warm,200,132.71,132.69,119.34,13.35,1
835,mobilenet,small,warm,200,32.39,32.38,22.98,9.39,1
836,mobilenet,medium,warm,200,30.41,30.39,22.77,7.62,1
837,mobilenet,small,warm,200,31.17,31.15,22.5,8.66,1
838,resnet,small,warm,200,133.44,133.42,122.35,11.07,1
839,resnet,small,warm,200,125.95,125.93,119.46,6.48,1
840,resnet,small,warm,200,128.65,128.63,121.28,7.35,1
841,mobilenet,small,warm,200,31.12,31.1,22.89,8.21,1
842,resnet,large,warm,200,128.14,128.12,120.27,7.85,1
843,resnet,small,warm,200,126.4,126.39,119.64,6.75,1
844,mobilenet,medium,warm,200,31.35,31.28,22.82,8.47,1
845,mobilenet,large,warm,200,31.1,31.08,22.98,8.1,1
846,mobilenet,large,warm,200,31.82,31.8,23.05,8.75,1
847,mobilenet,medium,warm,200,30.98,30.97,23.08,7.88,1
848,resnet,small,warm,200,148.43,148.42,142.11,6.31,1
849,resnet,small,warm,200,126.94,126.92,119.2,7.72,1
850,resnet,small,warm,200,127.47,127.45,119.97,7.48,1
851,mobilenet,large,warm,200,30.5,30.48,22.94,7.54,1
852,resnet,small,warm,200,126.17,126.15,119.05,7.11,1
853,mobilenet,medium,warm,200,30.05,30.04,22.7,7.34,1
854,resnet,small,warm,200,136.13,136.11,128.66,7.46,1
855,resnet,medium,warm,200,126.89,126.87,118.9,7.97,1
856,resnet,large,warm,200,127.38,127.37,119.6,7.77,1
857,mobilenet,medium,warm,200,30.71,30.7,22.81,7.89,1
858,mobilenet,medium,warm,200,29.53,29.51,22.84,6.68,1
859,mobilenet,large,warm,200,30.81,30.79,23.3,7.49,1
860,mobilenet,large,warm,200,31.77,31.75,23.0,8.75,1
861,resnet,small,warm,200,129.36,129.34,119.41,9.93,1
862,mobilenet,medium,warm,200,30.76,30.74,23.11,7.63,1
863,resnet,large,warm,200,129.1,129.08,121.25,7.83,1
864,mobilenet,large,warm,200,25.41,25.39,17.75,7.64,1
865,resnet,large,warm,200,132.52,132.5,120.35,12.15,1
866,resnet,large,warm,200,127.96,127.94,120.74,7.2,1
867,mobilenet,small,warm,200,24.79,24.77,17.68,7.08,1
868,mobilenet,large,warm,200,23.87,23.82,17.31,6.52,1
869,resnet,small,warm,200,129.75,129.73,124.56,5.17,1
870,resnet,small,warm,200,129.04,129.02,120.55,8.47,1
871,mobilenet,small,warm,200,40.88,40.87,33.04,7.83,1
872,mobilenet,medium,warm,200,38.19,38.17,30.59,7.58,1
873,resnet,large,warm,200,139.03,139.0,129.76,9.24,1
874,resnet,large,warm,200,237.43,237.41,229.56,7.85,1
875,resnet,medium,warm,200,280.88,280.86,235.16,45.7,2
876,mobilenet,large,warm,200,25.63,25.6,17.64,7.96,2
877,mobilenet,medium,warm,200,24.91,24.89,17.54,7.35,1
878,resnet,small,warm,200,129.12,129.1,122.4,6.71,1
879,resnet,medium,warm,200,126.69,126.67,119.89,6.78,1
880,mobilenet,medium,warm,200,25.99,25.97,18.61,7.36,1
881,resnet,medium,warm,200,125.78,125.76,119.47,6.3,1
882,resnet,medium,warm,200,128.6,128.58,120.93,7.65,1
883,resnet,small,warm,200,126.17,126.15,120.26,5.89,1
884,resnet,large,warm,200,126.63,126.61,119.71,6.9,1
885,resnet,medium,warm,200,128.68,128.66,120.26,8.4,1
886,resnet,small,warm,200,127.72,127.62,120.28,7.34,1
887,resnet,small,warm,200,127.88,127.86,120.37,7.49,1
888,resnet,large,warm,200,128.78,128.76,121.66,7.1,1
889,mobilenet,large,warm,200,29.62,29.6,22.21,7.39,1
890,resnet,medium,warm,200,127.43,127.4,119.43,7.97,1
891,mobilenet,small,warm,200,29.77,29.77,22.74,7.02,1
892,resnet,large,warm,200,125.68,125.66,118.64,7.02,1
893,resnet,medium,warm,200,125.54,125.51,119.16,6.35,1
894,resnet,large,warm,200,126.81,126.79,119.86,6.94,1
895,resnet,small,warm,200,127.13,127.11,120.25,6.86,1
896,resnet,medium,warm,200,126.74,126.72,118.86,7.85,1
897,resnet,small,warm,200,128.51,128.49,120.57,7.92,1
898,resnet,large,warm,200,127.04,127.01,120.71,6.31,1
899,resnet,medium,warm,200,125.6,125.58,118.77,6.81,1
900,mobilenet,small,warm,200,30.9,30.88,22.7,8.18,1
901,resnet,medium,warm,200,127.69,127.67,119.6,8.07,1
902,mobilenet,small,warm,200,30.97,30.95,23.05,7.89,1
903,mobilenet,large,warm,200,30.11,30.1,21.66,8.43,1
904,resnet,small,warm,200,125.65,125.63,118.44,7.2,1
905,mobilenet,small,warm,200,29.13,29.12,22.83,6.29,1
906,mobilenet,large,warm,200,28.67,28.65,21.71,6.94,1
907,resnet,medium,warm,200,126.65,126.63,118.24,8.39,1
908,resnet,large,warm,200,128.56,128.53,121.75,6.78,1
909,mobilenet,large,warm,200,33.11,33.08,24.49,8.59,1
910,mobilenet,large,warm,200,28.95,28.93,21.67,7.26,1
911,resnet,medium,warm,200,126.63,126.61,119.39,7.22,1
912,resnet,medium,warm,200,126.67,126.65,119.67,6.98,1
913,mobilenet,large,warm,200,31.54,31.52,23.0,8.52,1
914,mobilenet,large,warm,200,32.04,32.02,23.59,8.42,1
915,resnet,medium,warm,200,128.22,128.2,121.39,6.8,1
916,resnet,large,warm,200,126.82,126.8,119.43,7.38,1
917,resnet,small,warm,200,126.21,126.19,119.38,6.82,1
918,mobilenet,small,warm,200,29.92,29.91,22.87,7.04,1
919,mobilenet,medium,warm,200,31.09,31.08,24.36,6.72,1
920,resnet,large,warm,200,126.28,126.27,119.3,6.96,1
921,mobilenet,medium,warm,200,30.83,30.81,22.78,8.03,1
922,resnet,large,warm,200,127.73,127.7,119.69,8.01,1
923,resnet,small,warm,200,127.67,127.65,119.96,7.68,1
924,resnet,large,warm,200,140.09,140.07,132.92,7.15,1
925,resnet,small,warm,200,129.36,129.34,120.11,9.23,1
926,mobilenet,small,warm,200,23.5,23.48,17.65,5.84,1
927,mobilenet,medium,warm,200,25.31,25.29,18.0,7.29,1
928,mobilenet,large,warm,200,24.44,24.42,17.93,6.49,1
929,resnet,small,warm,200,126.81,126.79,119.34,7.45,1
930,resnet,large,warm,200,126.24,126.22,119.22,7.0,1
931,resnet,large,warm,200,128.44,128.42,120.61,7.81,1
932,mobilenet,large,warm,200,59.05,59.03,49.62,9.41,1
933,resnet,medium,warm,200,179.03,179.01,170.47,8.53,1
934,mobilenet,large,warm,200,25.97,25.95,17.77,8.18,1
935,mobilenet,medium,warm,200,25.59,25.57,17.82,7.74,1
936,mobilenet,small,warm,200,26.29,26.27,18.37,7.9,1
937,mobilenet,small,warm,200,27.42,27.4,17.7,9.7,1
938,mobilenet,medium,warm,200,24.61,24.59,17.53,7.05,1
939,mobilenet,medium,warm,200,24.35,24.33,17.39,6.94,1
940,resnet,medium,warm,200,124.18,124.17,118.18,5.99,1
941,mobilenet,large,warm,200,25.29,25.29,17.72,7.56,1
942,mobilenet,small,warm,200,25.96,25.96,18.34,7.62,1
943,resnet,medium,warm,200,126.49,126.47,119.37,7.1,1
944,resnet,large,warm,200,128.0,127.99,121.14,6.85,1
945,resnet,medium,warm,200,124.84,124.82,118.71,6.11,1
946,mobilenet,small,warm,200,28.19,28.18,17.53,10.64,1
947,resnet,large,warm,200,133.43,133.41,123.06,10.35,1
948,mobilenet,medium,warm,200,24.39,24.38,18.14,6.24,1
949,resnet,large,warm,200,136.49,136.47,126.68,9.79,1
950,resnet,small,warm,200,147.27,147.25,139.32,7.93,1
951,mobilenet,small,warm,200,31.53,31.51,23.41,8.1,1
952,resnet,large,warm,200,127.34,127.32,119.94,7.38,1
953,mobilenet,small,warm,200,31.16,31.13,23.97,7.17,1
954,mobilenet,medium,warm,200,30.22,30.2,23.01,7.19,1
955,mobilenet,small,warm,200,30.43,30.41,23.43,6.98,1
956,resnet,large,warm,200,127.77,127.61,120.18,7.42,1
957,mobilenet,medium,warm,200,31.15,31.14,22.89,8.25,1
958,resnet,small,warm,200,127.16,127.14,120.8,6.35,1
959,resnet,small,warm,200,127.08,127.06,120.27,6.79,1
960,resnet,small,warm,200,125.97,125.95,119.64,6.31,1
961,resnet,large,warm,200,132.56,132.54,121.0,11.54,1
962,mobilenet,large,warm,200,32.7,32.68,23.3,9.38,1
963,mobilenet,large,warm,200,35.77,35.75,24.41,11.34,1
964,mobilenet,small,warm,200,30.4,30.38,22.87,7.51,1
965,resnet,large,warm,200,126.94,126.92,119.52,7.4,1
966,mobilenet,small,warm,200,29.78,29.77,22.83,6.94,1
967,mobilenet,small,warm,200,30.8,30.78,22.58,8.21,1
968,resnet,large,warm,200,130.0,129.98,122.7,7.28,1
969,mobilenet,large,warm,200,30.43,30.41,22.99,7.43,1
970,resnet,large,warm,200,126.55,126.52,120.09,6.43,1
971,mobilenet,medium,warm,200,30.94,30.92,22.81,8.1,1
972,resnet,large,warm,200,129.47,129.46,120.08,9.38,1
973,resnet,medium,warm,200,129.48,129.46,121.77,7.69,1
974,mobilenet,large,warm,200,31.48,31.41,23.64,7.77,1
975,resnet,medium,warm,200,125.97,125.95,119.49,6.46,1
976,resnet,small,warm,200,136.01,135.99,129.15,6.83,1
977,mobilenet,small,warm,200,32.67,32.65,23.26,9.4,1
978,resnet,medium,warm,200,128.77,128.75,121.8,6.95,1
979,resnet,medium,warm,200,126.34,126.32,118.79,7.53,1
980,mobilenet,medium,warm,200,32.34,32.31,23.46,8.85,1
981,mobilenet,medium,warm,200,31.03,31.03,23.96,7.07,1
982,resnet,large,warm,200,134.85,134.83,127.35,7.49,1
983,resnet,medium,warm,200,131.26,131.24,125.32,5.91,1
984,mobilenet,medium,warm,200,25.33,25.31,17.94,7.37,1
985,mobilenet,medium,warm,200,25.17,25.15,18.26,6.9,1
986,mobilenet,medium,warm,200,24.94,24.94,18.07,6.87,1
987,mobilenet,medium,warm,200,26.44,26.42,18.98,7.44,1
988,resnet,small,warm,200,132.31,132.29,124.01,8.29,1
989,mobilenet,small,warm,200,33.65,33.63,25.51,8.12,1
990,mobilenet,medium,warm,200,36.98,36.96,29.11,7.85,1
991,resnet,large,warm,200,135.82,135.81,129.0,6.8,1
992,resnet,small,warm,200,180.62,180.6,169.25,11.35,1
993,mobilenet,medium,warm,200,26.27,26.25,19.06,7.2,1
994,resnet,small,warm,200,292.74,292.74,285.84,6.9,1
995,mobilenet,medium,warm,200,24.99,24.97,17.52,7.46,2
996,resnet,medium,warm,200,127.69,127.67,120.13,7.54,1
997,resnet,medium,warm,200,128.21,128.19,118.98,9.21,1
998,mobilenet,small,warm,200,24.66,24.64,17.6,7.04,1
999,resnet,large,warm,200,127.86,127.84,119.26,8.58,1
1000,resnet,small,warm,200,128.97,128.95,120.02,8.93,1
1001,mobilenet,large,warm,200,27.83,27.82,18.25,9.57,1
1002,resnet,small,warm,200,145.02,145.01,137.38,7.63,1
1003,mobilenet,medium,warm,200,24.88,24.86,17.46,7.41,1
1004,resnet,large,warm,200,131.89,131.87,121.02,10.85,1
1005,resnet,medium,warm,200,127.4,127.38,120.19,7.19,1
1006,mobilenet,small,warm,200,25.13,25.11,17.48,7.63,1
1007,resnet,small,warm,200,133.37,133.35,121.91,11.44,1
1008,resnet,large,warm,200,127.98,127.96,121.54,6.42,1
1009,resnet,medium,warm,200,127.85,127.83,121.1,6.73,1
1010,resnet,small,warm,200,129.74,129.72,119.1,10.62,1
1011,resnet,small,warm,200,127.33,127.31,120.83,6.47,1
1012,mobilenet,medium,warm,200,30.68,30.66,23.1,7.56,1
1013,resnet,small,warm,200,125.27,125.25,118.93,6.31,1
1014,resnet,large,warm,200,125.61,125.59,118.58,7.02,1
1015,resnet,large,warm,200,126.43,126.41,119.43,6.98,1
1016,resnet,large,warm,200,128.12,128.1,120.23,7.87,1
1017,mobilenet,small,warm,200,31.79,31.76,23.08,8.68,1
1018,mobilenet,medium,warm,200,30.25,30.23,22.82,7.41,1
1019,resnet,medium,warm,200,126.48,126.46,118.73,7.73,1
1020,resnet,small,warm,200,127.16,127.15,120.15,7.0,1
1021,mobilenet,large,warm,200,29.62,29.61,22.93,6.68,1
1022,resnet,large,warm,200,126.22,126.2,120.05,6.15,1
1023,mobilenet,small,warm,200,40.39,40.37,29.98,10.39,1
1024,mobilenet,small,warm,200,30.24,30.23,22.8,7.42,1
1025,resnet,medium,warm,200,128.56,128.54,118.79,9.76,1
1026,resnet,small,warm,200,129.83,129.81,120.84,8.96,1
1027,mobilenet,medium,warm,200,31.37,31.35,23.04,8.31,1
1028,resnet,small,warm,200,158.74,158.72,151.8,6.92,1
1029,resnet,large,warm,200,133.23,133.21,125.59,7.62,1
1030,resnet,large,warm,200,127.81,127.79,120.98,6.81,1
1031,resnet,large,warm,200,126.01,125.99,119.69,6.3,1
1032,resnet,large,warm,200,128.96,128.94,119.3,9.64,1
1033,resnet,medium,warm,200,129.83,129.81,120.61,9.2,1
1034,mobilenet,medium,warm,200,31.13,31.11,22.59,8.52,1
1035,resnet,large,warm,200,126.8,126.78,120.35,6.43,1
1036,mobilenet,medium,warm,200,29.9,29.88,22.66,7.22,1
1037,resnet,large,warm,200,126.86,126.84,119.01,7.83,1
1038,mobilenet,large,warm,200,30.06,30.04,22.69,7.35,1
1039,resnet,medium,warm,200,137.34,137.32,126.23,11.08,1
1040,mobilenet,large,warm,200,32.77,32.75,22.9,9.85,1
1041,mobilenet,large,warm,200,75.06,75.04,65.33,9.71,1
1042,resnet,small,warm,200,127.74,127.73,118.96,8.77,1
1043,resnet,small,warm,200,125.33,125.31,119.18,6.13,1
1044,mobilenet,small,warm,200,29.17,29.15,22.28,6.87,1
1045,mobilenet,small,warm,200,25.58,25.56,18.9,6.66,1
1046,mobilenet,medium,warm,200,23.46,23.45,17.63,5.82,1
1047,resnet,medium,warm,200,128.85,128.83,121.92,6.91,1
1048,mobilenet,medium,warm,200,28.5,28.48,19.3,9.18,1
1049,mobilenet,medium,warm,200,33.47,33.45,26.59,6.86,1
1050,resnet,large,warm,200,126.91,126.89,119.17,7.72,1
1051,mobilenet,large,warm,200,31.77,31.75,24.4,7.35,1
1052,mobilenet,large,warm,200,27.59,27.57,19.74,7.83,1
1053,mobilenet,large,warm,200,24.11,24.1,17.71,6.39,1
1054,resnet,large,warm,200,193.99,193.9,186.62,7.28,1
1055,resnet,large,warm,200,125.97,125.95,118.84,7.11,1
1056,resnet,medium,warm,200,126.46,126.44,119.56,6.88,1
1057,mobilenet,medium,warm,200,27.13,27.11,19.4,7.71,1
1058,resnet,large,warm,200,129.63,129.61,120.52,9.09,1
1059,resnet,large,warm,200,130.7,130.63,122.45,8.18,1
1060,resnet,large,warm,200,132.21,132.2,123.07,9.14,1
1061,resnet,small,warm,200,128.54,128.52,121.14,7.38,1
1062,mobilenet,medium,warm,200,36.96,36.93,28.43,8.5,1
1063,resnet,small,warm,200,125.89,125.87,118.97,6.9,1
1064,resnet,medium,warm,200,124.98,124.96,118.11,6.86,1
1065,mobilenet,large,warm,200,26.14,26.12,18.9,7.22,1
1066,resnet,medium,warm,200,126.8,126.78,119.63,7.15,1
1067,resnet,medium,warm,200,127.39,127.37,119.55,7.82,1
1068,resnet,medium,warm,200,128.44,128.42,121.95,6.47,1
1069,mobilenet,large,warm,200,29.47,29.46,22.89,6.57,1
1070,resnet,medium,warm,200,125.21,125.19,118.7,6.49,1
1071,resnet,small,warm,200,128.95,128.93,121.89,7.04,1
1072,resnet,small,warm,200,126.17,126.15,118.71,7.44,1
1073,resnet,large,warm,200,125.57,125.55,119.06,6.48,1
1074,mobilenet,medium,warm,200,30.96,30.94,23.09,7.86,1
1075,resnet,large,warm,200,125.24,125.22,118.26,6.97,1
1076,resnet,large,warm,200,130.13,130.11,122.7,7.41,1
1077,resnet,small,warm,200,126.55,126.53,118.68,7.85,1
1078,mobilenet,large,warm,200,31.96,31.94,23.09,8.85,1
1079,resnet,large,warm,200,139.51,139.49,132.01,7.47,1
1080,resnet,small,warm,200,126.17,126.15,119.1,7.05,1
1081,mobilenet,large,warm,200,32.24,32.22,23.29,8.93,1
1082,mobilenet,small,warm,200,29.26,29.23,21.1,8.14,1
1083,mobilenet,large,warm,200,30.86,30.85,21.93,8.92,1
1084,mobilenet,large,warm,200,32.85,32.83,22.3,10.53,1
1085,mobilenet,small,warm,200,32.74,32.72,21.97,10.76,1
1086,mobilenet,medium,warm,200,31.71,31.69,22.96,8.73,1
1087,resnet,large,warm,200,127.41,127.39,120.49,6.89,1
1088,resnet,small,warm,200,127.03,126.94,119.86,7.08,1
1089,mobilenet,small,warm,200,31.24,31.22,22.64,8.58,1
1090,mobilenet,medium,warm,200,30.78,30.76,22.69,8.07,1
1091,resnet,medium,warm,200,129.0,128.98,120.97,8.01,1
1092,mobilenet,medium,warm,200,30.6,30.58,22.59,7.99,1
1093,resnet,medium,warm,200,127.38,127.36,120.47,6.89,1
1094,mobilenet,small,warm,200,30.68,30.65,22.5,8.15,1
1095,mobilenet,large,warm,200,31.33,31.31,22.78,8.53,1
1096,mobilenet,small,warm,200,30.77,30.75,22.54,8.22,1
1097,resnet,small,warm,200,127.02,126.99,119.85,7.15,1
1098,mobilenet,medium,warm,200,29.58,29.58,22.93,6.65,1
1099,resnet,small,warm,200,126.21,126.19,118.68,7.51,1
1100,resnet,small,warm,200,129.63,129.61,121.44,8.18,1
1101,mobilenet,medium,warm,200,43.2,43.18,35.59,7.58,1
1102,mobilenet,medium,warm,200,26.46,26.44,19.36,7.08,1
1103,resnet,medium,warm,200,128.43,128.41,121.05,7.37,1
1104,resnet,small,warm,200,141.68,141.65,134.85,6.8,1
1105,resnet,medium,warm,200,205.17,205.15,198.67,6.48,1
1106,mobilenet,small,warm,200,35.62,35.6,27.67,7.93,2
1107,resnet,small,warm,200,126.23,126.21,118.5,7.71,1
1108,resnet,large,warm,200,129.28,129.26,119.9,9.36,1
1109,resnet,large,warm,200,140.04,140.02,133.19,6.83,1
1110,mobilenet,small,warm,200,24.59,24.57,17.5,7.07,1
1111,resnet,medium,warm,200,244.84,244.82,228.9,15.92,1
1112,mobilenet,small,warm,200,25.57,25.55,17.8,7.75,2
1113,resnet,medium,warm,200,242.6,242.58,234.71,7.87,1
1114,resnet,small,warm,200,162.15,162.13,119.35,42.78,2
1115,resnet,large,warm,200,126.52,126.5,119.14,7.36,1
1116,mobilenet,small,warm,200,24.99,24.97,17.74,7.23,1
1117,mobilenet,medium,warm,200,25.74,25.72,18.77,6.95,1
1118,resnet,small,warm,200,130.17,130.15,123.15,7.0,1
1119,mobilenet,medium,warm,200,25.07,25.05,17.86,7.19,1
1120,resnet,small,warm,200,129.93,129.92,121.79,8.12,1
1121,resnet,medium,warm,200,126.7,126.68,119.82,6.86,1
1122,resnet,medium,warm,200,130.24,130.22,122.08,8.14,1
1123,mobilenet,medium,warm,200,24.92,24.9,17.47,7.43,1
1124,resnet,large,warm,200,126.13,126.11,118.55,7.56,1
1125,mobilenet,small,warm,200,24.46,24.44,17.53,6.91,1
1126,mobilenet,medium,warm,200,24.49,24.47,17.85,6.63,1
1127,resnet,small,warm,200,128.36,128.34,120.77,7.57,1
1128,resnet,large,warm,200,129.53,129.51,121.68,7.83,1
1129,resnet,large,warm,200,126.41,126.35,118.86,7.49,1
1130,mobilenet,large,warm,200,31.64,31.62,23.23,8.39,1
1131,resnet,medium,warm,200,160.77,160.75,152.59,8.16,1
1132,mobilenet,small,warm,200,29.63,29.61,22.46,7.15,1
1133,mobilenet,medium,warm,200,27.35,27.34,20.57,6.77,1
1134,mobilenet,medium,warm,200,29.31,29.28,21.89,7.39,1
1135,resnet,medium,warm,200,126.95,126.93,119.15,7.78,1
1136,resnet,large,warm,200,126.57,126.55,119.79,6.76,1
1137,mobilenet,small,warm,200,34.43,34.41,22.8,11.61,1
1138,mobilenet,large,warm,200,29.79,29.77,22.23,7.54,1
1139,resnet,large,warm,200,131.38,131.36,124.33,7.03,1
1140,resnet,small,warm,200,126.58,126.56,119.55,7.01,1
1141,mobilenet,small,warm,200,39.03,39.01,30.17,8.84,1
1142,mobilenet,large,warm,200,37.23,37.2,28.58,8.62,1
1143,mobilenet,small,warm,200,28.07,28.01,19.66,8.35,1
1144,resnet,large,warm,200,127.77,127.75,120.13,7.62,1
1145,resnet,small,warm,200,124.92,124.9,118.4,6.51,1
1146,mobilenet,large,warm,200,30.74,30.72,22.73,8.0,1
1147,resnet,small,warm,200,125.91,125.9,119.13,6.77,1
1148,resnet,small,warm,200,129.19,129.17,122.7,6.47,1
1149,resnet,small,warm,200,129.62,129.6,117.91,11.69,1
1150,resnet,medium,warm,200,126.33,126.31,119.19,7.12,1
1151,mobilenet,large,warm,200,31.68,31.66,22.99,8.67,1
1152,resnet,large,warm,200,126.37,126.36,118.68,7.68,1
1153,resnet,large,warm,200,127.32,127.3,120.32,6.98,1
1154,mobilenet,medium,warm,200,30.98,30.96,22.91,8.05,1
1155,resnet,small,warm,200,127.2,127.18,119.58,7.6,1
1156,mobilenet,large,warm,200,32.39,32.37,24.24,8.13,1
1157,mobilenet,small,warm,200,30.42,30.4,23.31,7.09,1
1158,resnet,medium,warm,200,158.44,158.44,152.0,6.44,1
1159,mobilenet,large,warm,200,36.12,36.12,24.47,11.65,1
1160,mobilenet,small,warm,200,27.52,27.52,20.66,6.86,1
1161,resnet,small,warm,200,125.46,125.45,118.51,6.94,1
1162,resnet,medium,warm,200,125.67,125.65,118.8,6.84,1
1163,mobilenet,small,warm,200,44.23,44.22,36.64,7.57,1
1164,resnet,medium,warm,200,138.99,138.98,133.12,5.86,1
1165,resnet,medium,warm,200,124.81,124.8,118.47,6.34,1
1166,resnet,medium,warm,200,124.52,124.51,118.16,6.35,1
1167,mobilenet,large,warm,200,35.18,35.17,29.06,6.12,1
1168,mobilenet,large,warm,200,36.18,36.18,27.37,8.8,1
1169,resnet,small,warm,200,143.59,143.58,131.98,11.6,1
1170,mobilenet,large,warm,200,24.58,24.58,17.67,6.91,1
1171,resnet,large,warm,200,290.32,290.32,282.25,8.07,1
1172,mobilenet,large,warm,200,26.83,26.82,17.75,9.08,2
1173,mobilenet,small,warm,200,24.9,24.9,18.64,6.26,1
1174,mobilenet,medium,warm,200,23.91,23.91,17.93,5.98,1
1175,resnet,large,warm,200,126.04,126.03,119.96,6.07,1
1176,resnet,large,warm,200,125.84,125.84,119.31,6.53,1
1177,resnet,small,warm,200,126.74,126.74,121.46,5.27,1
1178,mobilenet,medium,warm,200,23.77,23.76,17.62,6.14,1
1179,resnet,small,warm,200,125.8,125.79,119.52,6.27,1
1180,resnet,small,warm,200,126.4,126.4,120.83,5.56,1
1181,mobilenet,small,warm,200,23.81,23.81,17.52,6.29,1
1182,resnet,large,warm,200,127.4,127.39,121.98,5.41,1
1183,mobilenet,small,warm,200,24.12,24.11,17.78,6.32,1
1184,mobilenet,small,warm,200,24.03,24.03,17.88,6.15,1
1185,mobilenet,large,warm,200,26.66,26.65,18.1,8.55,1
1186,mobilenet,medium,warm,200,25.52,25.51,18.31,7.2,1
1187,mobilenet,small,warm,200,23.36,23.35,17.53,5.82,1
1188,mobilenet,medium,warm,200,24.3,24.3,17.74,6.55,1
1189,resnet,small,warm,200,156.59,156.58,150.26,6.32,1
1190,mobilenet,small,warm,200,29.3,29.29,22.71,6.57,1
1191,mobilenet,large,warm,200,29.21,29.2,23.02,6.19,1
1192,resnet,small,warm,200,126.55,126.54,119.04,7.5,1
1193,resnet,large,warm,200,140.91,140.9,133.94,6.96,1
1194,resnet,small,warm,200,125.85,125.84,120.01,5.84,1
1195,resnet,small,warm,200,128.5,128.49,119.86,8.62,1
1196,mobilenet,medium,warm,200,29.62,29.61,23.05,6.56,1
1197,resnet,medium,warm,200,126.53,126.52,120.1,6.42,1
1198,mobilenet,large,warm,200,30.63,30.62,22.85,7.77,1
1199,mobilenet,large,warm,200,39.88,39.86,32.25,7.62,1
1200,resnet,large,warm,200,126.95,126.93,119.47,7.47,1
1201,resnet,small,warm,200,127.58,127.57,121.02,6.55,1
1202,resnet,large,warm,200,128.07,128.06,120.73,7.33,1
1203,resnet,large,warm,200,128.81,128.79,121.95,6.84,1
1204,resnet,large,warm,200,128.01,128.0,119.48,8.51,1
1205,resnet,medium,warm,200,129.43,129.41,118.95,10.46,1
1206,mobilenet,medium,warm,200,32.02,32.0,23.04,8.96,1
1207,resnet,small,warm,200,128.66,128.65,120.12,8.53,1
1208,resnet,small,warm,200,127.81,127.76,122.0,5.77,1
1209,mobilenet,medium,warm,200,30.12,30.1,23.3,6.81,1
1210,mobilenet,medium,warm,200,32.69,32.67,24.57,8.11,1
1211,mobilenet,large,warm,200,32.19,32.18,23.02,9.16,1
1212,resnet,medium,warm,200,127.71,127.69,120.89,6.8,1
1213,mobilenet,medium,warm,200,31.22,31.21,22.89,8.33,1
1214,mobilenet,medium,warm,200,31.8,31.79,24.38,7.41,1
1215,mobilenet,medium,warm,200,31.83,31.81,23.35,8.46,1
1216,mobilenet,medium,warm,200,35.88,35.86,24.39,11.46,1
1217,resnet,small,warm,200,153.58,153.55,145.37,8.18,1
1218,mobilenet,small,warm,200,29.9,29.88,22.9,6.98,1
1219,resnet,medium,warm,200,128.68,128.67,121.44,7.24,1
1220,mobilenet,small,warm,200,29.62,29.6,20.8,8.8,1
1221,mobilenet,large,warm,200,24.97,24.95,18.56,6.39,1
1222,mobilenet,medium,warm,200,26.73,26.71,17.65,9.06,1
1223,mobilenet,medium,warm,200,25.1,25.08,17.42,7.66,1
1224,resnet,small,warm,200,147.53,147.51,140.47,7.03,1
1225,mobilenet,small,warm,200,25.16,25.14,17.45,7.69,1
1226,mobilenet,large,warm,200,30.27,30.25,22.77,7.48,1
1227,resnet,small,warm,200,127.93,127.91,121.07,6.84,1
1228,mobilenet,medium,warm,200,25.15,25.12,17.84,7.29,1
1229,mobilenet,large,warm,200,28.25,28.23,17.76,10.48,1
1230,resnet,medium,warm,200,274.66,274.64,262.59,12.05,1
1231,resnet,medium,warm,200,358.04,358.02,283.93,74.09,2
1232,resnet,medium,warm,200,291.91,291.88,132.34,159.54,2
1233,resnet,medium,warm,200,214.79,214.77,121.79,92.98,2
1234,resnet,medium,warm,200,136.24,136.22,120.18,16.04,2
1235,mobilenet,large,warm,200,25.05,25.03,17.71,7.31,1
1236,resnet,medium,warm,200,131.17,131.15,120.59,10.56,1
1237,mobilenet,medium,warm,200,27.69,27.67,17.65,10.02,1
1238,resnet,medium,warm,200,134.04,134.02,122.89,11.13,1
1239,mobilenet,large,warm,200,28.99,28.97,17.78,11.19,1
1240,mobilenet,large,warm,200,25.61,25.59,17.73,7.86,1
1241,mobilenet,small,warm,200,26.28,26.27,17.75,8.52,1
1242,resnet,large,warm,200,129.51,129.5,120.34,9.16,1
1243,resnet,medium,warm,200,145.63,145.61,136.76,8.85,1
1244,mobilenet,small,warm,200,25.0,24.98,17.66,7.32,1
1245,resnet,small,warm,200,128.14,128.12,119.14,8.97,1
1246,resnet,large,warm,200,126.2,126.18,118.85,7.34,1
1247,mobilenet,medium,warm,200,31.25,31.22,22.75,8.47,1
1248,resnet,medium,warm,200,129.17,129.15,121.59,7.56,1
1249,resnet,large,warm,200,129.36,129.34,120.14,9.19,1
1250,resnet,medium,warm,200,129.23,129.21,119.79,9.42,1
1251,mobilenet,large,warm,200,31.46,31.44,23.18,8.26,1
1252,resnet,small,warm,200,126.53,126.52,119.55,6.98,1
1253,mobilenet,large,warm,200,35.34,35.32,23.26,12.07,1
1254,resnet,small,warm,200,129.56,129.54,118.89,10.66,1
1255,mobilenet,large,warm,200,29.89,29.87,23.01,6.86,1
1256,mobilenet,small,warm,200,30.17,30.15,22.45,7.7,1
1257,mobilenet,small,warm,200,28.87,28.85,21.28,7.57,1
1258,resnet,small,warm,200,128.47,128.45,121.73,6.72,1
1259,mobilenet,small,warm,200,29.98,29.96,22.45,7.51,1
1260,mobilenet,small,warm,200,29.23,29.21,21.47,7.74,1
1261,mobilenet,large,warm,200,28.7,28.68,21.35,7.32,1
1262,resnet,medium,warm,200,129.48,129.46,121.69,7.77,1
1263,mobilenet,large,warm,200,32.14,32.12,24.07,8.05,1
1264,resnet,large,warm,200,129.31,129.29,118.86,10.43,1
1265,resnet,small,warm,200,127.04,127.02,120.12,6.9,1
1266,mobilenet,large,warm,200,30.82,30.8,23.34,7.46,1
1267,resnet,small,warm,200,127.33,127.31,120.49,6.82,1
1268,mobilenet,large,warm,200,30.58,30.56,23.06,7.5,1
1269,resnet,large,warm,200,157.26,157.24,147.51,9.72,1
1270,resnet,small,warm,200,127.15,127.13,119.79,7.34,1
1271,resnet,small,warm,200,131.69,131.68,120.37,11.31,1
1272,mobilenet,small,warm,200,31.41,31.39,23.08,8.31,1
1273,mobilenet,small,warm,200,30.49,30.47,23.38,7.08,1
1274,mobilenet,large,warm,200,30.87,30.85,22.43,8.43,1
1275,resnet,medium,warm,200,126.22,126.2,119.66,6.54,1
1276,resnet,medium,warm,200,128.13,128.11,121.04,7.07,1
1277,mobilenet,medium,warm,200,31.33,31.3,22.59,8.72,1
1278,resnet,medium,warm,200,129.04,129.02,121.18,7.83,1
1279,mobilenet,large,warm,200,30.53,30.51,20.57,9.93,1
1280,mobilenet,medium,warm,200,33.03,32.95,23.6,9.36,1
1281,mobilenet,large,warm,200,30.59,30.57,23.16,7.41,1
1282,mobilenet,small,warm,200,31.43,31.41,23.06,8.35,1
1283,resnet,medium,warm,200,131.64,131.62,124.16,7.45,1
1284,resnet,large,warm,200,127.63,127.61,119.79,7.82,1
1285,resnet,small,warm,200,124.9,124.87,118.72,6.15,1
1286,mobilenet,large,warm,200,30.21,30.19,21.55,8.64,1
1287,mobilenet,small,warm,200,30.91,30.89,22.9,7.98,1
1288,resnet,medium,warm,200,181.62,181.6,170.52,11.07,1
1289,resnet,large,warm,200,245.31,245.29,235.52,9.77,1
1290,mobilenet,large,warm,200,25.38,25.36,17.88,7.47,2
1291,mobilenet,small,warm,200,24.68,24.65,17.67,6.99,1
1292,mobilenet,large,warm,200,31.14,31.12,18.17,12.96,1
1293,resnet,medium,warm,200,129.15,129.13,121.53,7.6,1
1294,mobilenet,small,warm,200,25.75,25.72,17.62,8.1,1
1295,resnet,large,warm,200,151.1,151.09,142.81,8.27,1
1296,mobilenet,small,warm,200,28.33,28.31,17.68,10.63,1
1297,resnet,small,warm,200,125.23,125.22,119.35,5.87,1
1298,mobilenet,large,warm,200,24.1,24.1,17.88,6.22,1
1299,mobilenet,large,warm,200,23.6,23.59,17.9,5.7,1
1300,resnet,small,warm,200,124.26,124.26,118.34,5.91,1
1301,resnet,small,warm,200,124.34,124.34,118.71,5.63,1
1302,mobilenet,large,warm,200,24.2,24.2,18.65,5.54,1
1303,resnet,large,warm,200,126.19,126.18,119.76,6.42,1
1304,resnet,medium,warm,200,124.64,124.64,118.1,6.54,1
1305,mobilenet,large,warm,200,23.77,23.76,18.51,5.26,1
1306,mobilenet,large,warm,200,23.67,23.67,17.51,6.16,1
1307,resnet,small,warm,200,126.02,126.01,120.62,5.4,1
1308,mobilenet,medium,warm,200,23.52,23.51,17.71,5.8,1
1309,mobilenet,small,warm,200,23.05,23.05,17.78,5.26,1
1310,resnet,large,warm,200,128.35,128.34,118.96,9.37,1
1311,resnet,medium,warm,200,124.0,124.0,118.67,5.33,1
1312,mobilenet,large,warm,200,29.5,29.5,22.71,6.79,1
1313,resnet,medium,warm,200,126.47,126.46,120.25,6.21,1
1314,resnet,small,warm,200,124.97,124.96,118.39,6.57,1
1315,resnet,large,warm,200,124.51,124.51,118.29,6.22,1
1316,resnet,medium,warm,200,128.18,128.17,121.03,7.14,1
1317,mobilenet,large,warm,200,28.38,28.37,22.62,5.75,1
1318,resnet,small,warm,200,126.01,126.0,121.16,4.85,1
1319,resnet,small,warm,200,125.69,125.68,119.21,6.47,1
1320,mobilenet,small,warm,200,28.97,28.96,22.75,6.21,1
1321,resnet,small,warm,200,151.25,151.25,145.02,6.22,1
1322,resnet,large,warm,200,125.1,125.09,119.68,5.42,1
1323,mobilenet,large,warm,200,31.49,31.48,23.25,8.24,1
1324,resnet,medium,warm,200,126.85,126.83,120.59,6.24,1
1325,resnet,small,warm,200,132.44,132.43,121.15,11.28,1
1326,mobilenet,small,warm,200,30.82,30.8,23.12,7.68,1
1327,resnet,medium,warm,200,126.28,126.26,118.82,7.44,1
1328,resnet,medium,warm,200,131.17,131.15,124.52,6.63,1
1329,mobilenet,small,warm,200,31.25,31.23,22.87,8.36,1
1330,mobilenet,small,warm,200,30.98,30.96,23.01,7.96,1
1331,resnet,medium,warm,200,136.67,136.66,129.15,7.51,1
1332,resnet,small,warm,200,134.96,134.94,128.25,6.68,1
1333,mobilenet,small,warm,200,32.4,32.39,23.85,8.54,1
1334,resnet,large,warm,200,127.79,127.72,121.28,6.44,1
1335,mobilenet,large,warm,200,30.66,30.65,23.37,7.27,1
1336,resnet,medium,warm,200,130.11,130.09,122.82,7.27,1
1337,mobilenet,medium,warm,200,46.79,46.77,38.55,8.22,1
1338,resnet,medium,warm,200,128.57,128.55,120.71,7.84,1
1339,mobilenet,large,warm,200,25.38,25.36,17.63,7.73,1
1340,mobilenet,large,warm,200,27.13,27.11,17.65,9.46,1
1341,mobilenet,large,warm,200,25.98,25.96,17.66,8.3,1
1342,resnet,small,warm,200,128.02,127.91,119.76,8.16,1
1343,mobilenet,medium,warm,200,27.4,27.38,17.89,9.49,1
1344,resnet,medium,warm,200,127.03,127.01,118.99,8.02,1
1345,resnet,small,warm,200,128.68,128.66,119.44,9.22,1
1346,mobilenet,small,warm,200,38.25,38.23,27.81,10.41,1
1347,resnet,medium,warm,200,165.35,165.33,154.69,10.64,1
1348,resnet,medium,warm,200,213.53,213.51,201.1,12.41,1
1349,resnet,small,warm,200,259.13,259.1,243.64,15.46,2
1350,resnet,medium,warm,200,400.04,400.02,339.17,60.86,2
1351,mobilenet,large,warm,200,26.48,26.46,17.94,8.51,2
1352,resnet,large,warm,200,176.69,176.67,169.79,6.88,1
1353,mobilenet,medium,warm,200,24.7,24.68,18.53,6.15,1
1354,mobilenet,small,warm,200,23.78,23.77,17.86,5.92,1
1355,resnet,small,warm,200,126.24,126.23,119.99,6.25,1
1356,resnet,medium,warm,200,126.38,126.36,118.69,7.66,1
1357,resnet,medium,warm,200,128.56,128.54,119.0,9.54,1
1358,resnet,medium,warm,200,128.92,128.9,121.18,7.72,1
1359,resnet,large,warm,200,127.5,127.48,119.58,7.9,1
1360,mobilenet,medium,warm,200,26.05,26.03,17.84,8.19,1
1361,resnet,large,warm,200,126.0,125.99,119.12,6.86,1
1362,mobilenet,medium,warm,200,24.88,24.85,17.47,7.39,1
1363,resnet,small,warm,200,127.69,127.67,119.85,7.82,1
1364,resnet,medium,warm,200,132.58,132.56,119.72,12.84,1
1365,resnet,large,warm,200,126.24,126.22,119.32,6.9,1
1366,resnet,large,warm,200,126.87,126.85,119.42,7.43,1
1367,mobilenet,medium,warm,200,30.43,30.41,22.64,7.76,1
1368,resnet,medium,warm,200,128.68,128.67,121.26,7.41,1
1369,resnet,medium,warm,200,125.22,125.2,118.3,6.9,1
1370,mobilenet,large,warm,200,32.56,32.54,23.34,9.2,1
1371,mobilenet,large,warm,200,30.83,30.81,23.67,7.14,1
1372,mobilenet,large,warm,200,32.13,32.12,22.97,9.14,1
1373,mobilenet,large,warm,200,32.11,32.09,23.1,8.99,1
1374,resnet,large,warm,200,125.98,125.97,119.54,6.42,1
1375,mobilenet,medium,warm,200,30.88,30.86,22.83,8.02,1
1376,resnet,large,warm,200,126.23,126.21,119.59,6.62,1
1377,mobilenet,medium,warm,200,30.47,30.45,22.82,7.63,1
1378,resnet,small,warm,200,136.96,136.94,129.66,7.28,1
1379,resnet,small,warm,200,129.47,129.45,122.8,6.65,1
1380,resnet,large,warm,200,128.43,128.41,121.35,7.06,1
1381,mobilenet,large,warm,200,35.06,35.05,23.19,11.85,1
1382,resnet,medium,warm,200,133.42,133.4,122.2,11.2,1
1383,mobilenet,medium,warm,200,30.67,30.66,23.62,7.04,1
1384,resnet,large,warm,200,128.97,128.95,120.48,8.47,1
1385,resnet,large,warm,200,127.81,127.79,120.33,7.46,1
1386,resnet,large,warm,200,128.26,128.24,120.38,7.86,1
1387,mobilenet,medium,warm,200,32.05,32.03,23.05,8.98,1
1388,mobilenet,small,warm,200,32.03,32.01,23.47,8.54,1
1389,mobilenet,large,warm,200,32.21,32.19,23.52,8.67,1
1390,resnet,small,warm,200,129.49,129.47,122.52,6.95,1
1391,mobilenet,large,warm,200,33.99,33.97,24.88,9.09,1
1392,resnet,medium,warm,200,128.83,128.81,118.91,9.9,1
1393,resnet,small,warm,200,126.56,126.54,119.31,7.23,1
1394,mobilenet,small,warm,200,31.95,31.93,22.59,9.34,1
1395,resnet,small,warm,200,129.21,129.19,121.45,7.74,1
1396,mobilenet,medium,warm,200,30.05,30.03,22.88,7.14,1
1397,resnet,medium,warm,200,128.33,128.31,120.86,7.45,1
1398,resnet,large,warm,200,156.13,156.1,145.24,10.87,1
1399,mobilenet,medium,warm,200,31.28,31.26,23.19,8.07,1
1400,mobilenet,medium,warm,200,31.68,31.66,24.44,7.22,1
1401,mobilenet,medium,warm,200,30.49,30.47,22.9,7.57,1
1402,resnet,small,warm,200,197.29,197.27,188.58,8.7,1
1403,mobilenet,large,warm,200,30.43,30.41,22.78,7.63,1
1404,mobilenet,medium,warm,200,32.1,32.09,21.96,10.12,1
1405,resnet,medium,warm,200,133.42,133.4,126.08,7.32,1
1406,resnet,small,warm,200,125.03,125.01,118.36,6.66,1
1407,resnet,medium,warm,200,144.37,144.35,136.64,7.7,1
1408,resnet,small,warm,200,185.67,185.64,175.01,10.63,1
1409,resnet,large,warm,200,243.38,243.36,231.75,11.61,1
1410,resnet,medium,warm,200,301.58,301.56,256.1,45.46,2
1411,mobilenet,medium,warm,200,28.2,28.18,17.67,10.51,2
1412,mobilenet,large,warm,200,24.51,24.49,17.91,6.57,1
1413,mobilenet,small,warm,200,26.9,26.88,17.62,9.27,1
1414,resnet,large,warm,200,126.95,126.93,118.9,8.03,1
1415,mobilenet,large,warm,200,25.31,25.29,17.98,7.31,1
1416,mobilenet,large,warm,200,26.39,26.32,18.95,7.37,1
1417,mobilenet,large,warm,200,26.02,26.0,17.49,8.51,1
1418,mobilenet,large,warm,200,25.0,24.98,17.69,7.3,1
1419,mobilenet,medium,warm,200,24.48,24.46,17.85,6.61,1
1420,resnet,medium,warm,200,127.13,127.11,119.79,7.32,1
1421,mobilenet,medium,warm,200,24.88,24.85,17.59,7.25,1
1422,mobilenet,small,warm,200,24.37,24.35,17.62,6.73,1
1423,resnet,medium,warm,200,126.66,126.64,119.24,7.39,1
1424,mobilenet,large,warm,200,25.05,25.03,17.6,7.43,1
1425,mobilenet,medium,warm,200,24.96,24.95,17.66,7.29,1
1426,resnet,medium,warm,200,144.74,144.72,136.85,7.88,1
1427,mobilenet,large,warm,200,24.62,24.6,17.67,6.93,1
1428,mobilenet,small,warm,200,22.51,22.5,17.65,4.85,1
1429,resnet,large,warm,200,132.59,132.57,125.31,7.26,1
1430,mobilenet,large,warm,200,25.58,25.56,17.88,7.68,1
1431,mobilenet,large,warm,200,29.29,29.28,21.94,7.34,1
1432,mobilenet,medium,warm,200,31.76,31.74,23.58,8.16,1
1433,resnet,small,warm,200,125.92,125.9,119.0,6.9,1
1434,resnet,small,warm,200,129.41,129.39,119.1,10.29,1
1435,resnet,large,warm,200,127.16,127.14,119.82,7.33,1
1436,resnet,large,warm,200,127.69,127.63,120.76,6.87,1
1437,resnet,large,warm,200,129.56,129.54,122.52,7.02,1
1438,resnet,large,warm,200,126.96,126.94,120.36,6.57,1
1439,resnet,large,warm,200,127.81,127.79,119.52,8.27,1
1440,mobilenet,medium,warm,200,32.58,32.56,24.17,8.39,1
1441,resnet,medium,warm,200,126.49,126.47,118.8,7.66,1
1442,mobilenet,large,warm,200,34.97,34.95,23.74,11.21,1
1443,resnet,large,warm,200,126.98,126.96,120.24,6.73,1
1444,mobilenet,large,warm,200,30.83,30.81,23.19,7.62,1
1445,mobilenet,medium,warm,200,29.04,29.02,21.41,7.61,1
1446,mobilenet,small,warm,200,29.46,29.44,21.93,7.52,1
1447,resnet,small,warm,200,130.04,130.03,122.41,7.62,1
1448,mobilenet,medium,warm,200,34.09,34.07,24.29,9.79,1
1449,mobilenet,large,warm,200,32.42,32.41,21.99,10.42,1
1450,resnet,medium,warm,200,127.26,127.24,120.15,7.08,1
1451,mobilenet,large,warm,200,30.59,30.57,22.76,7.81,1
1452,resnet,medium,warm,200,150.1,150.08,142.31,7.77,1
1453,mobilenet,medium,warm,200,32.61,32.6,21.82,10.77,1
1454,mobilenet,large,warm,200,32.01,31.99,22.72,9.27,1
1455,mobilenet,medium,warm,200,30.89,30.87,22.81,8.05,1
1456,resnet,small,warm,200,130.14,130.12,118.72,11.39,1
1457,mobilenet,medium,warm,200,48.66,48.64,39.54,9.1,1
1458,resnet,large,warm,200,129.49,129.47,121.87,7.6,1
1459,mobilenet,medium,warm,200,25.85,25.83,17.73,8.1,1
1460,mobilenet,medium,warm,200,25.0,24.97,17.56,7.41,1
1461,mobilenet,small,warm,200,25.07,25.05,17.62,7.43,1
1462,resnet,large,warm,200,165.78,165.76,155.84,9.92,1
1463,resnet,medium,warm,200,133.37,133.35,124.16,9.19,1
1464,resnet,medium,warm,200,127.15,127.09,119.49,7.6,1
1465,resnet,medium,warm,200,127.7,127.69,120.43,7.27,1
1466,mobilenet,small,warm,200,37.47,37.45,28.56,8.89,1
1467,mobilenet,small,warm,200,31.91,31.89,24.29,7.6,1
1468,resnet,small,warm,200,220.44,220.41,212.09,8.32,1
1469,resnet,small,warm,200,288.03,288.01,265.48,22.53,2
1470,resnet,small,warm,200,402.06,402.04,313.5,88.54,2
1471,resnet,large,warm,200,370.03,370.01,166.0,204.01,2
1472,resnet,large,warm,200,291.96,291.94,119.99,171.95,3
1473,mobilenet,large,warm,200,25.33,25.31,18.46,6.85,2
1474,mobilenet,medium,warm,200,28.45,28.43,17.66,10.77,1
1475,resnet,large,warm,200,127.33,127.33,120.47,6.86,1
1476,mobilenet,large,warm,200,25.1,25.08,17.41,7.66,1
1477,resnet,large,warm,200,131.23,131.22,124.73,6.49,1
1478,mobilenet,medium,warm,200,23.68,23.66,17.55,6.11,1
1479,mobilenet,large,warm,200,24.58,24.56,17.73,6.84,1
1480,mobilenet,medium,warm,200,24.53,24.5,17.76,6.75,1
1481,mobilenet,medium,warm,200,23.87,23.85,17.54,6.31,1
1482,resnet,medium,warm,200,153.46,153.46,147.27,6.19,1
1483,mobilenet,medium,warm,200,32.09,32.08,21.86,10.22,1
1484,mobilenet,small,warm,200,30.24,30.22,22.89,7.33,1
1485,mobilenet,large,warm,200,31.57,31.55,23.0,8.55,1
1486,resnet,large,warm,200,129.36,129.34,118.66,10.69,1
1487,resnet,small,warm,200,127.48,127.46,120.44,7.02,1
1488,mobilenet,small,warm,200,29.1,29.09,22.71,6.38,1
1489,mobilenet,small,warm,200,30.02,30.0,22.73,7.27,1
1490,resnet,large,warm,200,129.63,129.61,120.28,9.33,1
1491,resnet,large,warm,200,126.75,126.72,119.24,7.48,1
1492,mobilenet,medium,warm,200,31.07,31.05,23.03,8.02,1
1493,resnet,medium,warm,200,126.11,126.1,119.02,7.08,1
1494,resnet,large,warm,200,126.52,126.5,118.8,7.7,1
1495,mobilenet,small,warm,200,39.81,39.79,30.42,9.36,1
1496,resnet,small,warm,200,126.44,126.42,119.19,7.23,1
1497,resnet,large,warm,200,130.38,130.36,123.26,7.1,1
1498,mobilenet,large,warm,200,31.62,31.6,23.02,8.58,1
1499,mobilenet,small,warm,200,31.21,31.19,23.84,7.35,1
1500,mobilenet,large,warm,200,30.81,30.79,23.1,7.69,1
1501,resnet,small,warm,200,128.39,128.37,121.78,6.59,1
1502,resnet,medium,warm,200,128.57,128.55,121.65,6.9,1
1503,mobilenet,large,warm,200,30.27,30.25,22.1,8.15,1
1504,resnet,large,warm,200,126.65,126.63,119.1,7.52,1
1505,resnet,medium,warm,200,126.67,126.65,120.53,6.12,1
1506,resnet,small,warm,200,125.78,125.76,119.0,6.76,1
1507,mobilenet,medium,warm,200,30.23,30.21,22.77,7.44,1
1508,resnet,large,warm,200,154.26,154.24,147.83,6.41,1
1509,resnet,medium,warm,200,127.38,127.37,119.86,7.51,1
1510,resnet,medium,warm,200,126.04,126.02,118.28,7.74,1
1511,mobilenet,large,warm,200,31.45,31.43,22.76,8.68,1
1512,mobilenet,large,warm,200,30.5,30.48,22.8,7.68,1
1513,resnet,large,warm,200,126.69,126.67,119.99,6.67,1
1514,resnet,small,warm,200,128.39,128.37,120.73,7.64,1
1515,resnet,small,warm,200,126.07,126.05,119.0,7.06,1
1516,resnet,small,warm,200,125.8,125.78,118.52,7.26,1
1517,resnet,medium,warm,200,127.05,127.03,119.94,7.09,1
1518,resnet,medium,warm,200,132.64,132.62,123.08,9.54,1
1519,resnet,large,warm,200,131.8,131.79,120.08,11.7,1
1520,mobilenet,large,warm,200,31.27,31.25,23.1,8.15,1
1521,resnet,medium,warm,200,128.1,128.08,120.69,7.39,1
1522,mobilenet,small,warm,200,32.64,32.58,24.71,7.87,1
1523,mobilenet,large,warm,200,35.33,35.31,25.27,10.05,1
1524,resnet,small,warm,200,126.73,126.71,119.42,7.29,1
1525,mobilenet,small,warm,200,35.59,35.57,23.48,12.09,1
1526,resnet,medium,warm,200,140.93,140.91,131.76,9.15,1
1527,mobilenet,medium,warm,200,30.11,30.09,21.16,8.93,1
1528,mobilenet,large,warm,200,24.15,24.14,17.72,6.42,1
1529,mobilenet,large,warm,200,26.12,26.1,18.18,7.92,1
1530,resnet,small,warm,200,127.24,127.22,120.29,6.94,1
1531,resnet,small,warm,200,127.61,127.59,120.07,7.51,1
1532,resnet,medium,warm,200,128.37,128.35,121.35,7.0,1
1533,mobilenet,medium,warm,200,24.71,24.69,17.66,7.03,1
1534,mobilenet,small,warm,200,30.88,30.86,19.29,11.57,1
1535,resnet,large,warm,200,156.2,156.19,147.9,8.29,1
1536,resnet,large,warm,200,127.47,127.45,119.82,7.63,1
1537,mobilenet,medium,warm,200,26.14,26.12,17.81,8.3,1
1538,mobilenet,large,warm,200,25.45,25.43,17.77,7.66,1
1539,mobilenet,small,warm,200,25.1,25.08,18.14,6.94,1
1540,mobilenet,medium,warm,200,27.82,27.8,17.89,9.91,1
1541,mobilenet,small,warm,200,23.17,23.16,17.61,5.55,1
1542,mobilenet,large,warm,200,23.85,23.85,18.26,5.59,1
1543,resnet,small,warm,200,129.28,129.26,120.48,8.77,1
1544,mobilenet,large,warm,200,25.23,25.21,17.67,7.54,1
1545,resnet,small,warm,200,128.9,128.88,119.25,9.63,1
1546,resnet,large,warm,200,129.76,129.74,119.14,10.6,1
1547,mobilenet,medium,warm,200,25.5,25.48,18.38,7.1,1
1548,mobilenet,small,warm,200,25.5,25.48,17.63,7.85,1
1549,resnet,small,warm,200,137.61,137.59,130.09,7.5,1
1550,mobilenet,small,warm,200,28.33,28.31,17.52,10.79,1
1551,resnet,medium,warm,200,127.42,127.41,120.26,7.15,1
1552,resnet,small,warm,200,127.02,127.0,121.06,5.94,1
1553,resnet,small,warm,200,132.94,132.92,123.71,9.21,1
1554,mobilenet,small,warm,200,32.15,32.13,23.91,8.22,1
1555,mobilenet,large,warm,200,29.31,29.29,21.79,7.5,1
1556,mobilenet,medium,warm,200,31.72,31.7,21.3,10.4,1
1557,resnet,large,warm,200,128.81,128.79,121.56,7.22,1
1558,mobilenet,large,warm,200,31.11,31.1,22.89,8.21,1
1559,mobilenet,medium,warm,200,31.66,31.64,21.81,9.82,1
1560,resnet,small,warm,200,127.61,127.6,120.59,7.01,1
1561,mobilenet,small,warm,200,31.12,31.1,22.85,8.25,1
1562,mobilenet,small,warm,200,32.49,32.47,22.03,10.44,1
1563,resnet,medium,warm,200,151.2,151.18,143.73,7.45,1
1564,resnet,medium,warm,200,125.61,125.59,118.49,7.1,1
1565,mobilenet,small,warm,200,30.02,30.0,22.9,7.1,1
1566,resnet,large,warm,200,127.19,127.17,119.52,7.65,1
1567,mobilenet,small,warm,200,34.73,34.71,23.01,11.7,1
1568,resnet,large,warm,200,128.92,128.9,121.98,6.92,1
1569,mobilenet,large,warm,200,32.8,32.78,23.38,9.4,1
1570,resnet,small,warm,200,129.12,129.11,122.17,6.93,1
1571,mobilenet,large,warm,200,33.32,33.3,24.91,8.38,1
1572,resnet,medium,warm,200,130.46,130.44,123.02,7.41,1
1573,mobilenet,small,warm,200,30.72,30.71,22.76,7.95,1
1574,resnet,medium,warm,200,129.14,129.13,120.49,8.63,1
1575,mobilenet,small,warm,200,30.23,30.23,23.59,6.64,1
1576,resnet,large,warm,200,128.19,128.17,119.48,8.69,1
1577,mobilenet,large,warm,200,48.42,48.4,41.35,7.05,1
1578,mobilenet,medium,warm,200,23.98,23.97,17.57,6.4,1
1579,resnet,small,warm,200,125.25,125.23,118.52,6.71,1
1580,resnet,large,warm,200,126.83,126.81,119.68,7.13,1
1581,resnet,medium,warm,200,160.98,160.96,149.91,11.06,1
1582,mobilenet,medium,warm,200,28.07,28.05,20.46,7.59,1
1583,mobilenet,small,warm,200,24.85,24.83,19.25,5.58,1
1584,mobilenet,small,warm,200,39.02,38.99,26.62,12.37,1
1585,resnet,small,warm,200,157.91,157.89,150.19,7.7,1
1586,mobilenet,small,warm,200,28.55,28.53,17.61,10.92,1
1587,resnet,large,warm,200,241.87,241.85,234.27,7.58,1
1588,resnet,large,warm,200,318.84,318.81,274.25,44.56,2
1589,resnet,medium,warm,200,247.58,247.56,127.53,120.02,2
1590,resnet,small,warm,200,170.69,170.67,121.86,48.81,2
1591,mobilenet,medium,warm,200,24.97,24.95,17.67,7.27,1
1592,mobilenet,medium,warm,200,25.23,25.21,17.56,7.65,1
1593,mobilenet,large,warm,200,31.94,31.92,24.53,7.39,1
1594,mobilenet,small,warm,200,24.94,24.92,17.43,7.48,1
1595,resnet,medium,warm,200,128.23,128.21,118.51,9.7,1
1596,mobilenet,medium,warm,200,27.12,27.1,18.77,8.32,1
1597,resnet,large,warm,200,129.13,129.11,119.45,9.66,1
1598,mobilenet,small,warm,200,23.65,23.64,17.35,6.29,1
1599,mobilenet,small,warm,200,26.06,26.04,17.65,8.39,1
1600,resnet,small,warm,200,125.21,125.19,118.66,6.53,1
1601,resnet,large,warm,200,129.28,129.26,118.22,11.03,1
1602,mobilenet,medium,warm,200,25.23,25.23,17.54,7.69,1
1603,mobilenet,small,warm,200,29.77,29.71,21.6,8.11,1
1604,mobilenet,large,warm,200,28.04,28.02,20.28,7.74,1
1605,mobilenet,large,warm,200,29.92,29.9,22.78,7.12,1
1606,mobilenet,small,warm,200,30.56,30.54,22.81,7.73,1
1607,resnet,medium,warm,200,129.75,129.7,121.64,8.07,1
1608,resnet,small,warm,200,128.31,128.29,120.68,7.61,1
1609,resnet,small,warm,200,128.44,128.42,120.29,8.13,1
1610,resnet,large,warm,200,127.55,127.53,119.43,8.1,1
1611,mobilenet,small,warm,200,31.34,31.32,22.8,8.51,1
1612,resnet,medium,warm,200,130.47,130.39,122.62,7.78,1
1613,resnet,large,warm,200,125.53,125.51,119.06,6.45,1
1614,mobilenet,medium,warm,200,35.63,35.61,23.83,11.78,1
1615,mobilenet,medium,warm,200,31.3,31.28,22.91,8.37,1
1616,resnet,large,warm,200,143.41,143.39,135.59,7.8,1
1617,resnet,small,warm,200,126.26,126.24,119.07,7.17,1
1618,resnet,large,warm,200,128.43,128.41,121.31,7.1,1
1619,mobilenet,medium,warm,200,31.37,31.35,22.91,8.44,1
1620,mobilenet,medium,warm,200,30.59,30.57,22.65,7.92,1
1621,mobilenet,large,warm,200,32.84,32.82,24.41,8.4,1
1622,mobilenet,small,warm,200,29.94,29.92,23.04,6.88,1
1623,mobilenet,small,warm,200,29.74,29.72,22.88,6.84,1
1624,mobilenet,small,warm,200,31.0,30.98,23.23,7.75,1
1625,mobilenet,medium,warm,200,30.72,30.66,22.93,7.73,1
1626,resnet,medium,warm,200,128.24,128.22,121.11,7.11,1
1627,mobilenet,small,warm,200,31.28,31.27,23.57,7.7,1
1628,mobilenet,large,warm,200,28.76,28.75,22.71,6.04,1
1629,resnet,small,warm,200,125.11,125.1,119.12,5.98,1
1630,resnet,small,warm,200,126.21,126.2,120.1,6.1,1
1631,resnet,large,warm,200,127.62,127.62,121.39,6.22,1
1632,resnet,medium,warm,200,125.4,125.4,119.51,5.89,1
1633,mobilenet,large,warm,200,31.67,31.67,23.45,8.22,1
1634,resnet,small,warm,200,125.9,125.9,119.89,6.01,1
1635,mobilenet,small,warm,200,30.1,30.1,23.49,6.61,1
1636,mobilenet,large,warm,200,24.07,24.07,17.68,6.38,1
1637,mobilenet,medium,warm,200,27.02,27.01,18.39,8.62,1
1638,mobilenet,medium,warm,200,23.03,23.03,17.59,5.44,1
1639,resnet,medium,warm,200,166.98,166.98,158.94,8.04,1
1640,resnet,small,warm,200,129.42,129.41,119.9,9.51,1
1641,resnet,small,warm,200,135.96,135.95,129.3,6.65,1
1642,resnet,small,warm,200,129.01,129.0,120.65,8.36,1
1643,resnet,large,warm,200,127.07,127.06,120.36,6.7,1
1644,resnet,large,warm,200,138.22,138.21,132.13,6.08,1
1645,mobilenet,medium,warm,200,24.29,24.28,17.82,6.46,1
1646,resnet,large,warm,200,232.37,232.36,226.03,6.33,1
1647,resnet,small,warm,200,373.36,373.35,337.13,36.22,2
1648,mobilenet,small,warm,200,23.42,23.41,17.4,6.02,2
1649,mobilenet,medium,warm,200,24.48,24.47,18.81,5.66,1
1650,mobilenet,small,warm,200,25.02,25.01,17.8,7.21,1
1651,resnet,large,warm,200,129.54,129.53,118.71,10.82,1
1652,mobilenet,medium,warm,200,23.27,23.27,17.47,5.79,1
1653,mobilenet,large,warm,200,25.23,25.22,18.37,6.85,1
1654,resnet,large,warm,200,125.55,125.55,119.38,6.16,1
1655,resnet,small,warm,200,126.41,126.39,120.09,6.3,1
1656,mobilenet,large,warm,200,25.93,25.91,17.68,8.23,1
1657,mobilenet,medium,warm,200,24.22,24.2,17.65,6.55,1
1658,resnet,small,warm,200,132.32,132.3,126.45,5.85,1
1659,mobilenet,large,warm,200,23.97,23.96,17.63,6.33,1
1660,resnet,small,warm,200,127.1,127.08,119.61,7.47,1
1661,mobilenet,small,warm,200,30.62,30.6,22.62,7.98,1
1662,resnet,large,warm,200,128.15,128.13,120.67,7.46,1
1663,resnet,medium,warm,200,125.99,125.98,119.65,6.33,1
1664,mobilenet,large,warm,200,35.95,35.94,23.52,12.42,1
1665,mobilenet,large,warm,200,31.99,31.97,22.28,9.69,1
1666,mobilenet,large,warm,200,31.89,31.88,22.25,9.63,1
1667,resnet,small,warm,200,134.19,134.17,127.06,7.11,1
1668,mobilenet,medium,warm,200,29.0,28.98,23.09,5.89,1
1669,mobilenet,small,warm,200,29.36,29.34,21.74,7.6,1
1670,resnet,medium,warm,200,126.23,126.23,119.7,6.53,1
1671,resnet,medium,warm,200,129.11,129.08,121.47,7.61,1
1672,resnet,medium,warm,200,127.35,127.33,120.0,7.34,1
1673,resnet,medium,warm,200,126.43,126.4,119.74,6.66,1
1674,mobilenet,small,warm,200,34.91,34.89,23.04,11.86,1
1675,mobilenet,small,warm,200,32.58,32.56,24.34,8.22,1
1676,mobilenet,small,warm,200,30.82,30.8,22.8,8.0,1
1677,mobilenet,small,warm,200,36.3,36.28,23.04,13.24,1
1678,resnet,medium,warm,200,127.96,127.94,120.79,7.15,1
1679,resnet,medium,warm,200,126.81,126.79,119.62,7.17,1
1680,mobilenet,large,warm,200,34.37,34.36,24.3,10.06,1
1681,resnet,small,warm,200,125.99,125.97,118.92,7.04,1
1682,resnet,medium,warm,200,127.1,127.08,120.11,6.96,1
1683,resnet,medium,warm,200,127.33,127.31,120.67,6.64,1
1684,mobilenet,small,warm,200,30.38,30.36,23.36,7.0,1
1685,mobilenet,large,warm,200,31.13,31.11,22.92,8.19,1
1686,resnet,large,warm,200,127.32,127.3,119.63,7.67,1
1687,mobilenet,small,warm,200,35.53,35.51,23.07,12.44,1
1688,resnet,small,warm,200,127.86,127.84,120.83,7.01,1
1689,mobilenet,large,warm,200,31.4,31.38,23.37,8.02,1
1690,mobilenet,medium,warm,200,31.03,31.01,22.77,8.24,1
1691,resnet,large,warm,200,127.38,127.36,119.78,7.58,1
1692,mobilenet,large,warm,200,35.14,35.12,22.96,12.16,1
1693,resnet,medium,warm,200,145.8,145.78,138.12,7.66,1
1694,mobilenet,small,warm,200,38.3,38.28,30.71,7.56,1
1695,resnet,medium,warm,200,125.75,125.73,118.94,6.79,1
1696,mobilenet,small,warm,200,36.86,36.83,23.94,12.88,1
1697,resnet,small,warm,200,130.19,130.17,119.73,10.44,1
1698,mobilenet,small,warm,200,30.83,30.83,22.87,7.96,1
1699,mobilenet,small,warm,200,33.28,33.26,25.7,7.56,1
1700,mobilenet,small,warm,200,31.04,31.02,22.58,8.44,1
1701,mobilenet,medium,warm,200,35.86,35.84,23.03,12.81,1
1702,resnet,large,warm,200,130.26,130.24,121.13,9.12,1
1703,mobilenet,large,warm,200,36.66,36.64,25.91,10.73,1
1704,resnet,small,warm,200,152.86,152.84,145.4,7.44,1
1705,mobilenet,small,warm,200,28.0,27.98,17.82,10.16,1
1706,mobilenet,large,warm,200,25.33,25.31,17.8,7.51,1
1707,resnet,small,warm,200,278.0,277.98,267.18,10.81,1
1708,mobilenet,medium,warm,200,28.08,28.06,17.83,10.23,2
1709,mobilenet,small,warm,200,28.44,28.42,17.6,10.82,1
1710,resnet,small,warm,200,126.66,126.64,118.33,8.31,1
1711,mobilenet,large,warm,200,25.45,25.43,17.9,7.53,1
1712,resnet,large,warm,200,126.77,126.75,119.88,6.87,1
1713,resnet,medium,warm,200,125.48,125.46,119.74,5.72,1
1714,mobilenet,medium,warm,200,24.78,24.76,17.46,7.29,1
1715,resnet,small,warm,200,126.11,126.09,119.23,6.86,1
1716,resnet,small,warm,200,125.38,125.36,118.5,6.86,1
1717,mobilenet,medium,warm,200,24.96,24.94,17.67,7.27,1
1718,resnet,medium,warm,200,135.95,135.93,129.28,6.65,1
1719,mobilenet,small,warm,200,25.74,25.72,17.72,8.0,1
1720,mobilenet,large,warm,200,28.07,28.05,17.7,10.35,1
1721,resnet,medium,warm,200,125.61,125.59,118.68,6.91,1
1722,resnet,large,warm,200,128.74,128.71,119.65,9.06,1
1723,resnet,small,warm,200,125.49,125.47,119.16,6.31,1
1724,mobilenet,medium,warm,200,27.9,27.87,17.45,10.43,1
1725,resnet,small,warm,200,126.91,126.89,119.89,7.0,1
1726,resnet,small,warm,200,128.98,128.96,119.88,9.08,1
1727,mobilenet,large,warm,200,25.9,25.87,17.86,8.01,1
1728,mobilenet,medium,warm,200,29.19,29.18,22.42,6.77,1
1729,resnet,medium,warm,200,129.39,129.37,121.16,8.21,1
1730,resnet,medium,warm,200,125.99,125.98,119.35,6.63,1
1731,resnet,medium,warm,200,127.0,126.98,119.78,7.2,1
1732,resnet,small,warm,200,127.13,127.12,120.01,7.11,1
1733,mobilenet,medium,warm,200,34.26,34.26,23.29,10.96,1
1734,mobilenet,small,warm,200,29.96,29.96,23.53,6.43,1
1735,resnet,small,warm,200,128.06,128.04,120.8,7.24,1
1736,resnet,large,warm,200,127.42,127.4,119.74,7.66,1
1737,resnet,large,warm,200,126.45,126.43,118.91,7.52,1
1738,mobilenet,small,warm,200,31.07,31.05,23.25,7.8,1
1739,mobilenet,small,warm,200,33.92,33.9,25.86,8.04,1
1740,mobilenet,medium,warm,200,29.86,29.84,22.77,7.07,1
1741,mobilenet,small,warm,200,29.84,29.82,22.56,7.25,1
1742,resnet,medium,warm,200,127.28,127.26,119.98,7.28,1
1743,mobilenet,small,warm,200,31.73,31.71,22.57,9.14,1
1744,mobilenet,large,warm,200,30.74,30.72,22.94,7.78,1
1745,resnet,large,warm,200,148.26,148.24,140.88,7.36,1
1746,resnet,large,warm,200,126.84,126.83,119.26,7.56,1
1747,mobilenet,large,warm,200,30.88,30.86,22.8,8.05,1
1748,resnet,large,warm,200,126.81,126.79,120.9,5.9,1
1749,mobilenet,large,warm,200,30.61,30.59,22.64,7.94,1
1750,mobilenet,medium,warm,200,31.97,31.95,23.22,8.73,1
1751,resnet,small,warm,200,126.11,126.1,118.66,7.44,1
1752,resnet,small,warm,200,125.75,125.73,119.11,6.63,1
1753,mobilenet,small,warm,200,31.82,31.81,23.5,8.31,1
1754,mobilenet,large,warm,200,35.47,35.46,26.27,9.19,1
1755,mobilenet,small,warm,200,40.68,40.66,30.05,10.61,1
1756,resnet,small,warm,200,126.59,126.58,120.16,6.41,1
1757,resnet,large,warm,200,129.0,128.98,120.24,8.74,1
1758,mobilenet,small,warm,200,42.0,41.99,34.68,7.32,1
1759,resnet,large,warm,200,156.47,156.45,149.27,7.19,1
1760,mobilenet,medium,warm,200,23.97,23.96,17.46,6.5,1
1761,mobilenet,small,warm,200,27.87,27.85,17.58,10.27,1
1762,mobilenet,large,warm,200,28.7,28.68,17.7,10.98,1
1763,mobilenet,small,warm,200,25.05,25.03,19.13,5.9,1
1764,resnet,small,warm,200,140.75,140.73,129.96,10.77,1
1765,resnet,large,warm,200,174.81,174.8,165.87,8.93,1
1766,resnet,large,warm,200,282.12,282.11,267.68,14.43,1
1767,mobilenet,medium,warm,200,24.97,24.95,17.53,7.43,2
1768,resnet,medium,warm,200,259.81,259.79,248.62,11.17,1
1769,mobilenet,small,warm,200,27.25,27.22,17.49,9.73,2
1770,resnet,large,warm,200,126.5,126.48,119.26,7.22,1
1771,resnet,large,warm,200,148.89,148.87,138.31,10.56,1
1772,resnet,small,warm,200,126.08,126.06,118.4,7.66,1
1773,resnet,small,warm,200,128.02,128.0,121.62,6.38,1
1774,mobilenet,medium,warm,200,25.58,25.56,17.8,7.76,1
1775,resnet,large,warm,200,126.6,126.57,119.86,6.71,1
1776,resnet,small,warm,200,126.6,126.58,119.22,7.36,1
1777,mobilenet,large,warm,200,26.47,26.45,17.91,8.53,1
1778,mobilenet,large,warm,200,24.38,24.37,17.91,6.46,1
1779,resnet,large,warm,200,126.96,126.94,118.89,8.05,1
1780,mobilenet,small,warm,200,24.95,24.93,17.64,7.3,1
1781,resnet,large,warm,200,126.19,126.17,119.33,6.84,1
1782,mobilenet,large,warm,200,24.75,24.73,17.7,7.03,1
1783,mobilenet,medium,warm,200,25.44,25.42,17.69,7.73,1
1784,mobilenet,medium,warm,200,30.12,30.11,22.09,8.03,1
1785,mobilenet,small,warm,200,29.84,29.81,22.77,7.05,1
1786,resnet,medium,warm,200,128.52,128.51,120.31,8.2,1
1787,mobilenet,large,warm,200,30.39,30.37,22.83,7.53,1
1788,mobilenet,large,warm,200,32.4,32.39,21.73,10.65,1
1789,resnet,medium,warm,200,131.01,130.99,122.83,8.16,1
1790,mobilenet,medium,warm,200,30.86,30.84,23.14,7.69,1
1791,mobilenet,small,warm,200,30.38,30.36,22.08,8.28,1
1792,mobilenet,medium,warm,200,30.65,30.63,22.97,7.66,1
1793,resnet,small,warm,200,132.75,132.73,122.51,10.22,1
1794,mobilenet,small,warm,200,31.42,31.4,23.61,7.79,1
1795,resnet,medium,warm,200,126.87,126.86,120.14,6.72,1
1796,resnet,small,warm,200,127.06,127.03,120.12,6.91,1
1797,resnet,medium,warm,200,140.65,140.63,131.76,8.87,1
1798,resnet,medium,warm,200,130.53,130.51,122.76,7.75,1
1799,resnet,small,warm,200,125.44,125.42,118.45,6.97,1
1800,resnet,large,warm,200,126.24,126.22,119.26,6.96,1
1801,mobilenet,small,warm,200,31.68,31.66,23.45,8.21,1
1802,resnet,small,warm,200,128.03,128.01,119.47,8.55,1
1803,mobilenet,medium,warm,200,29.0,29.0,22.17,6.83,1
1804,mobilenet,medium,warm,200,31.64,31.63,23.72,7.91,1
1805,resnet,small,warm,200,128.27,128.25,120.75,7.49,1
1806,mobilenet,medium,warm,200,30.92,30.9,23.05,7.86,1
1807,mobilenet,medium,warm,200,32.07,32.05,23.0,9.05,1
1808,mobilenet,large,warm,200,30.37,30.35,23.35,7.0,1
1809,mobilenet,large,warm,200,32.45,32.43,23.07,9.36,1
1810,mobilenet,medium,warm,200,30.47,30.45,22.73,7.72,1
1811,resnet,large,warm,200,129.51,129.49,118.85,10.65,1
1812,mobilenet,medium,warm,200,32.21,32.19,23.11,9.08,1
1813,mobilenet,large,warm,200,31.67,31.65,24.29,7.36,1
1814,resnet,small,warm,200,132.79,132.77,120.89,11.88,1
1815,mobilenet,small,warm,200,28.13,28.11,18.13,9.97,1
1816,resnet,small,warm,200,126.63,126.57,118.78,7.8,1
1817,mobilenet,medium,warm,200,24.77,24.75,17.66,7.09,1
1818,resnet,large,warm,200,127.68,127.66,121.2,6.46,1
1819,resnet,medium,warm,200,164.42,164.4,152.56,11.84,1
1820,mobilenet,small,warm,200,25.8,25.79,18.1,7.68,1
1821,mobilenet,medium,warm,200,24.54,24.52,17.79,6.73,1
1822,resnet,small,warm,200,138.86,138.84,131.0,7.84,1
1823,mobilenet,medium,warm,200,44.94,44.92,37.16,7.76,1
1824,mobilenet,medium,warm,200,32.17,32.16,23.0,9.16,1
1825,mobilenet,medium,warm,200,25.75,25.73,17.96,7.77,1
1826,resnet,small,warm,200,246.37,246.36,239.07,7.29,1
1827,mobilenet,small,warm,200,25.36,25.34,17.7,7.65,2
1828,mobilenet,small,warm,200,24.68,24.66,17.7,6.96,1
1829,resnet,small,warm,200,127.38,127.36,120.59,6.77,1
1830,resnet,small,warm,200,125.66,125.64,118.52,7.12,1
1831,resnet,medium,warm,200,126.36,126.34,118.93,7.41,1
1832,resnet,medium,warm,200,127.31,127.29,119.97,7.31,1
1833,resnet,small,warm,200,126.23,126.21,118.9,7.31,1
1834,resnet,small,warm,200,129.0,128.98,118.97,10.0,1
1835,resnet,medium,warm,200,127.32,127.3,119.1,8.2,1
1836,resnet,small,warm,200,127.18,127.16,119.29,7.87,1
1837,resnet,small,warm,200,131.61,131.59,120.08,11.51,1
1838,resnet,medium,warm,200,128.08,128.06,120.19,7.86,1
1839,resnet,medium,warm,200,127.9,127.88,119.79,8.09,1
1840,mobilenet,medium,warm,200,30.11,30.09,22.17,7.92,1
1841,mobilenet,small,warm,200,37.86,37.84,30.48,7.36,1
1842,mobilenet,small,warm,200,28.8,28.8,22.52,6.28,1
1843,resnet,large,warm,200,129.27,129.27,120.85,8.42,1
1844,resnet,large,warm,200,125.59,125.57,118.99,6.58,1
1845,mobilenet,large,warm,200,30.7,30.68,23.09,7.59,1
1846,mobilenet,medium,warm,200,30.59,30.57,21.26,9.31,1
1847,resnet,large,warm,200,129.41,129.38,119.95,9.43,1
1848,resnet,large,warm,200,137.08,137.06,128.95,8.11,1
1849,mobilenet,medium,warm,200,35.54,35.52,27.63,7.9,1
1850,resnet,small,warm,200,128.63,128.61,118.61,10.0,1
1851,resnet,large,warm,200,126.74,126.72,119.77,6.95,1
1852,mobilenet,large,warm,200,31.53,31.51,23.16,8.35,1
1853,mobilenet,small,warm,200,29.84,29.81,22.7,7.11,1
1854,resnet,small,warm,200,133.7,133.68,125.57,8.1,1
1855,mobilenet,small,warm,200,29.71,29.7,22.68,7.01,1
1856,mobilenet,small,warm,200,30.56,30.54,22.98,7.55,1
1857,mobilenet,medium,warm,200,29.75,29.74,22.77,6.97,1
1858,mobilenet,large,warm,200,32.43,32.41,23.43,8.98,1
1859,resnet,small,warm,200,128.85,128.83,120.17,8.66,1
1860,mobilenet,large,warm,200,30.07,30.05,22.74,7.31,1
1861,resnet,medium,warm,200,126.52,126.5,118.83,7.68,1
1862,mobilenet,small,warm,200,29.68,29.67,23.18,6.49,1
1863,resnet,large,warm,200,129.07,129.05,119.84,9.21,1
1864,resnet,large,warm,200,126.95,126.93,118.81,8.12,1
1865,resnet,medium,warm,200,126.51,126.49,118.87,7.62,1
1866,resnet,small,warm,200,126.74,126.71,119.19,7.52,1
1867,resnet,small,warm,200,126.42,126.4,118.87,7.54,1
1868,resnet,small,warm,200,128.63,128.61,121.49,7.12,1
1869,mobilenet,large,warm,200,31.51,31.49,23.09,8.39,1
1870,mobilenet,small,warm,200,31.05,31.03,23.6,7.43,1
1871,mobilenet,medium,warm,200,29.89,29.87,22.69,7.17,1
1872,resnet,medium,warm,200,129.74,129.73,122.05,7.67,1
1873,resnet,medium,warm,200,139.54,139.52,132.65,6.87,1
1874,resnet,large,warm,200,128.77,128.76,120.78,7.98,1
1875,resnet,small,warm,200,131.97,131.95,122.29,9.66,1
1876,mobilenet,medium,warm,200,33.1,33.07,24.14,8.93,1
1877,resnet,small,warm,200,125.19,125.17,118.43,6.74,1
1878,resnet,small,warm,200,133.95,133.93,121.41,12.52,1
1879,resnet,medium,warm,200,157.66,157.64,148.75,8.9,1
1880,mobilenet,small,warm,200,32.33,32.31,21.22,11.09,1
1881,resnet,medium,warm,200,128.64,128.62,118.94,9.68,1
1882,resnet,small,warm,200,126.39,126.37,118.65,7.72,1
1883,resnet,medium,warm,200,153.13,153.11,146.31,6.81,1
1884,resnet,medium,warm,200,179.45,179.43,169.04,10.39,1
1885,resnet,large,warm,200,240.78,240.76,232.87,7.89,1
1886,mobilenet,small,warm,200,24.78,24.76,17.75,7.01,2
1887,mobilenet,medium,warm,200,27.09,27.07,18.06,9.01,1
1888,resnet,medium,warm,200,130.2,130.18,122.28,7.9,1
1889,resnet,large,warm,200,126.58,126.56,119.15,7.41,1
1890,resnet,large,warm,200,128.08,128.06,120.65,7.41,1
1891,mobilenet,small,warm,200,24.26,24.23,17.59,6.64,1
1892,resnet,small,warm,200,126.31,126.29,119.41,6.88,1
1893,resnet,large,warm,200,128.23,128.2,121.86,6.34,1
1894,resnet,large,warm,200,124.72,124.7,118.33,6.36,1
1895,resnet,small,warm,200,125.83,125.82,118.79,7.03,1
1896,mobilenet,small,warm,200,25.25,25.22,17.4,7.82,1
1897,resnet,large,warm,200,126.73,126.7,118.53,8.17,1
1898,resnet,small,warm,200,129.55,129.53,122.26,7.26,1
1899,mobilenet,small,warm,200,25.02,25.0,17.74,7.26,1
1900,mobilenet,small,warm,200,25.04,25.02,17.99,7.03,1
1901,mobilenet,small,warm,200,24.24,24.22,17.5,6.72,1
1902,mobilenet,medium,warm,200,24.65,24.63,17.46,7.18,1
1903,mobilenet,medium,warm,200,24.67,24.65,17.61,7.05,1
1904,mobilenet,medium,warm,200,26.68,26.66,19.31,7.35,1
1905,resnet,medium,warm,200,128.35,128.33,120.73,7.6,1
1906,resnet,large,warm,200,128.12,128.09,118.75,9.34,1
1907,mobilenet,large,warm,200,31.19,31.17,21.84,9.34,1
1908,mobilenet,small,warm,200,31.3,31.29,24.93,6.36,1
1909,resnet,medium,warm,200,129.43,129.42,122.42,7.0,1
1910,resnet,small,warm,200,124.47,124.46,118.33,6.13,1
1911,resnet,large,warm,200,125.55,125.54,118.57,6.97,1
1912,resnet,medium,warm,200,126.75,126.74,121.3,5.44,1
1913,mobilenet,medium,warm,200,28.43,28.42,22.94,5.47,1
1914,mobilenet,medium,warm,200,31.73,31.72,23.8,7.92,1
1915,mobilenet,medium,warm,200,28.5,28.49,22.65,5.84,1
1916,mobilenet,small,warm,200,30.92,30.92,22.97,7.94,1
1917,mobilenet,small,warm,200,40.57,40.56,34.28,6.28,1
1918,mobilenet,large,warm,200,28.81,28.81,22.93,5.88,1
1919,mobilenet,medium,warm,200,28.27,28.27,22.7,5.56,1
1920,resnet,large,warm,200,128.39,128.38,118.96,9.42,1
1921,mobilenet,large,warm,200,30.85,30.84,23.46,7.39,1
1922,mobilenet,medium,warm,200,29.93,29.93,24.55,5.38,1
1923,mobilenet,large,warm,200,27.64,27.64,21.87,5.77,1
1924,mobilenet,large,warm,200,27.65,27.64,21.47,6.17,1
1925,mobilenet,small,warm,200,27.73,27.72,21.24,6.48,1
1926,resnet,large,warm,200,144.84,144.84,138.19,6.65,1
1927,resnet,large,warm,200,124.05,124.04,118.53,5.51,1
1928,resnet,medium,warm,200,132.02,132.02,125.88,6.13,1
1929,resnet,medium,warm,200,128.54,128.53,119.47,9.06,1
1930,resnet,medium,warm,200,124.93,124.92,118.9,6.02,1
1931,mobilenet,medium,warm,200,29.26,29.25,23.01,6.24,1
1932,resnet,large,warm,200,125.95,125.94,119.64,6.3,1
1933,resnet,large,warm,200,128.37,128.36,121.6,6.76,1
1934,mobilenet,small,warm,200,26.04,26.03,19.96,6.07,1
1935,resnet,large,warm,200,125.94,125.93,118.92,7.01,1
1936,resnet,medium,warm,200,125.55,125.53,120.57,4.96,1
1937,mobilenet,medium,warm,200,28.55,28.55,22.9,5.65,1
1938,mobilenet,medium,warm,200,27.44,27.43,21.71,5.72,1
1939,resnet,large,warm,200,126.09,126.07,118.81,7.26,1
1940,resnet,medium,warm,200,134.39,134.38,126.77,7.61,1
1941,resnet,large,warm,200,125.81,125.79,118.46,7.34,1
1942,resnet,small,warm,200,135.25,135.24,128.59,6.64,1
1943,mobilenet,large,warm,200,24.45,24.44,17.85,6.59,1
1944,mobilenet,small,warm,200,23.99,23.98,17.58,6.4,1
1945,resnet,large,warm,200,237.56,237.54,229.72,7.82,1
1946,resnet,large,warm,200,247.14,247.1,207.61,39.49,2
1947,mobilenet,large,warm,200,25.18,25.16,17.57,7.59,2
1948,mobilenet,large,warm,200,23.49,23.47,17.66,5.82,1
1949,resnet,medium,warm,200,128.02,128.02,119.19,8.83,1
1950,resnet,medium,warm,200,126.49,126.49,120.74,5.75,1
1951,resnet,medium,warm,200,127.69,127.68,119.3,8.38,1
1952,mobilenet,large,warm,200,24.14,24.14,17.68,6.46,1
1953,mobilenet,medium,warm,200,30.46,30.46,25.09,5.37,1
1954,mobilenet,large,warm,200,22.64,22.64,17.56,5.07,1
1955,resnet,large,warm,200,135.62,135.61,128.06,7.56,1
1956,resnet,large,warm,200,125.53,125.52,119.64,5.89,1
1957,resnet,small,warm,200,125.18,125.18,119.25,5.93,1
1958,mobilenet,medium,warm,200,23.16,23.15,17.39,5.75,1
1959,mobilenet,medium,warm,200,23.54,23.54,17.51,6.03,1
1960,mobilenet,large,warm,200,23.37,23.37,17.79,5.58,1
1961,resnet,large,warm,200,126.04,126.03,119.13,6.9,1
1962,mobilenet,large,warm,200,23.48,23.48,17.4,6.08,1
1963,resnet,large,warm,200,127.84,127.84,122.75,5.09,1
1964,mobilenet,small,warm,200,23.43,23.43,17.49,5.94,1
1965,resnet,small,warm,200,128.87,128.86,119.59,9.27,1
1966,resnet,medium,warm,200,128.63,128.62,120.27,8.36,1
1967,resnet,medium,warm,200,126.18,126.17,120.76,5.41,1
1968,resnet,large,warm,200,126.5,126.5,122.06,4.43,1
1969,resnet,medium,warm,200,125.23,125.22,119.34,5.88,1
1970,mobilenet,medium,warm,200,30.87,30.86,22.84,8.02,1
1971,mobilenet,large,warm,200,31.54,31.53,24.83,6.71,1
1972,mobilenet,medium,warm,200,29.67,29.67,22.85,6.82,1
1973,mobilenet,large,warm,200,28.91,28.91,22.97,5.93,1
1974,mobilenet,large,warm,200,29.0,28.99,23.05,5.94,1
1975,resnet,large,warm,200,130.21,130.2,124.44,5.75,1
1976,resnet,medium,warm,200,134.25,134.24,128.09,6.16,1
1977,mobilenet,small,warm,200,29.83,29.82,22.83,7.0,1
1978,mobilenet,small,warm,200,29.2,29.19,22.65,6.54,1
1979,resnet,medium,warm,200,126.04,126.02,119.91,6.11,1
1980,resnet,small,warm,200,128.25,128.23,121.27,6.96,1
1981,resnet,large,warm,200,126.71,126.7,119.81,6.89,1
1982,mobilenet,small,warm,200,30.83,30.81,22.9,7.91,1
1983,resnet,medium,warm,200,128.23,128.21,120.54,7.68,1
1984,mobilenet,medium,warm,200,34.98,34.96,23.77,11.19,1
1985,mobilenet,small,warm,200,30.97,30.96,23.06,7.89,1
1986,resnet,medium,warm,200,129.48,129.46,118.9,10.56,1
1987,mobilenet,small,warm,200,30.06,30.05,22.93,7.12,1
1988,mobilenet,medium,warm,200,30.35,30.33,22.91,7.42,1
1989,mobilenet,small,warm,200,32.81,32.79,23.29,9.5,1
1990,resnet,large,warm,200,136.26,136.24,126.69,9.55,1
1991,resnet,medium,warm,200,126.83,126.81,119.28,7.53,1
1992,resnet,medium,warm,200,125.53,125.51,118.22,7.29,1
1993,resnet,small,warm,200,127.63,127.62,120.35,7.27,1
1994,mobilenet,large,warm,200,37.14,37.13,28.52,8.6,1
1995,mobilenet,large,warm,200,31.29,31.27,23.06,8.21,1
1996,resnet,small,warm,200,172.19,172.17,164.9,7.27,1
1997,resnet,large,warm,200,129.98,129.97,119.4,10.57,1
1998,mobilenet,small,warm,200,30.3,30.28,22.81,7.47,1
1999,mobilenet,large,warm,200,30.0,29.97,22.08,7.9,1
2000,mobilenet,small,warm,200,33.78,33.76,24.21,9.56,1
