index,request_id,function,size,type,status,latency_ms,ttfb_ms,output_transfer_ms,execution_time_ms,system_overhead_ms,cold_start_server,io_ms,binary_read_ms,json_parsing_ms,parameter_extraction_ms,compute_ms,total_server_ms,in_flight
0,0,fastfouriertransform,small,cold,200,1947.56,1947.55,0.01,7.73,1939.83,True,,0.0,4.41,0.01,3.29,7.72,1
1,1,genmatrix,small,cold,200,2036.44,2036.44,0.01,9.48,2026.96,True,,0.0,0.03,,9.44,9.48,2
2,2,fetchdata,small,cold,200,1943.76,1943.75,0.01,192.84,1750.92,True,192.8,0.0,0.02,0.0,,192.83,3
3,3,fastfouriertransform,large,cold,200,4077.22,4077.21,0.01,5.11,4072.11,False,,0.0,4.06,0.01,1.03,5.1,4
4,4,linpack,small,cold,200,3458.99,3458.98,0.0,6.43,3452.56,True,,0.0,0.49,4.55,1.37,6.42,5
5,5,linpack,medium,cold,200,7527.96,7527.95,0.0,823.04,6704.91,False,,0.0,0.46,4.37,818.2,823.04,6
6,6,fastfouriertransform,small,cold,200,1678.17,1678.16,0.01,5.61,1672.55,False,,0.0,4.43,0.01,1.15,5.6,7
7,7,fastfouriertransform,small,cold,200,1640.66,1640.66,0.0,7.42,1633.23,False,,0.0,4.33,0.01,3.07,7.42,8
8,8,fetchdata,large,cold,200,1977.35,1977.35,0.01,75.23,1902.11,False,75.19,0.0,0.03,0.0,,75.23,9
9,9,linpack,small,cold,200,3974.15,3974.14,0.01,8.47,3965.68,False,,0.0,0.63,6.52,1.32,8.47,10
10,10,linpack,small,cold,200,3936.34,3936.34,0.0,8.12,3928.21,False,,0.0,0.59,6.35,1.18,8.12,11
11,11,linpack,medium,cold,200,4687.86,4687.85,0.0,809.1,3878.75,False,,0.0,0.54,6.33,802.23,809.1,12
12,12,fetchdata,medium,cold,200,1699.61,1699.6,0.0,77.97,1621.63,False,77.93,0.0,0.03,0.0,,77.97,13
13,13,linpack,medium,cold,200,5430.07,5430.06,0.0,838.06,4592.0,False,,0.0,0.4,4.46,833.19,838.06,14
14,14,fastfouriertransform,small,cold,200,1290.92,1290.91,0.0,5.11,1285.8,False,,0.0,4.09,0.01,1.0,5.11,15
15,15,matrixmul,medium,cold,200,2071.38,2066.32,5.06,514.43,1551.89,True,,0.0,0.39,4.04,510.0,514.43,16
16,16,genmatrix,small,cold,200,1327.06,1327.06,0.01,0.18,1326.88,False,,0.0,0.04,,0.13,0.18,17
17,17,fetchdata,medium,cold,200,1288.84,1288.83,0.0,84.59,1204.24,False,84.56,0.0,0.03,0.0,,84.59,18
18,18,fastfouriertransform,small,cold,200,1102.82,1102.82,0.01,5.24,1097.58,False,,0.0,4.23,0.01,0.99,5.23,19
19,19,matrixmul,small,cold,200,2412.55,2407.4,5.15,5.15,2402.25,False,,0.0,0.45,4.1,0.59,5.15,20
20,20,genmatrix,medium,cold,200,1112.36,1106.55,5.81,0.3,1106.24,False,,0.0,0.04,,0.26,0.3,21
21,21,linpack,medium,cold,200,5900.73,5900.73,0.01,864.43,5036.3,False,,0.0,0.4,4.29,859.73,864.43,22
22,22,fastfouriertransform,large,warm,200,915.44,915.43,0.01,6.51,908.93,False,,0.0,4.04,0.01,2.44,6.51,23
23,23,matrixmul,large,cold,200,2195.5,2190.54,4.96,4.92,2185.62,False,,0.0,0.38,3.98,0.56,4.91,24
24,24,fastfouriertransform,medium,warm,200,1537.84,1537.84,0.0,731.46,806.38,False,,0.0,3.98,0.01,727.47,731.46,25
25,25,fastfouriertransform,large,cold,200,1499.5,1499.49,0.01,5.15,1494.34,False,,0.0,4.07,0.01,1.05,5.14,26
26,26,genmatrix,large,warm,200,886.6,854.53,32.07,0.95,853.58,False,,0.0,0.04,,0.91,0.95,27
27,27,linpack,medium,cold,200,9050.66,9050.65,0.01,878.68,8171.96,False,,0.0,0.43,4.42,873.83,878.68,28
28,28,linpack,small,cold,200,5556.47,5556.47,0.0,5.78,5550.68,False,,0.0,0.44,4.39,0.95,5.78,29
29,29,fastfouriertransform,small,cold,200,1307.04,1307.04,0.01,5.12,1301.91,False,,0.0,4.05,0.01,1.06,5.12,30
30,30,fetchdata,medium,warm,200,724.81,724.81,0.0,85.31,639.49,False,85.27,0.0,0.03,0.0,,85.31,31
31,31,fastfouriertransform,small,cold,200,1216.89,1216.89,0.0,5.2,1211.69,False,,0.0,4.04,0.01,1.14,5.2,32
32,32,fastfouriertransform,medium,cold,200,1861.54,1861.53,0.0,700.14,1161.39,False,,0.0,5.1,0.01,695.02,700.13,33
33,33,genmatrix,medium,warm,200,468.81,463.28,5.53,0.29,462.98,False,,0.0,0.06,,0.23,0.29,34
34,34,genmatrix,small,warm,200,429.85,429.85,0.0,0.15,429.7,False,,0.0,0.03,,0.11,0.15,35
35,35,genmatrix,medium,warm,200,378.14,378.14,0.0,0.27,377.87,False,,0.0,0.05,,0.22,0.27,36
36,36,fetchdata,large,warm,200,652.53,652.53,0.0,74.89,577.64,False,74.85,0.0,0.03,0.0,,74.89,37
37,37,genmatrix,large,warm,200,375.05,325.84,49.21,0.92,324.92,False,,0.0,0.04,,0.87,0.92,38
38,38,fastfouriertransform,large,cold,200,2335.95,2335.93,0.01,5.0,2330.93,False,,0.0,4.02,0.01,0.97,5.0,39
39,39,fetchdata,large,warm,200,581.32,581.31,0.01,75.03,506.29,False,74.99,0.0,0.03,0.0,,75.02,40
40,40,fetchdata,small,warm,200,610.87,610.86,0.0,77.86,533.0,False,77.82,0.0,0.03,0.0,,77.86,37
41,41,matrixmul,medium,warm,200,1277.77,1273.9,3.87,510.09,763.81,False,,0.0,0.36,4.01,505.71,510.09,35
42,42,genmatrix,large,warm,200,157.66,111.0,46.65,0.94,110.06,False,,0.0,0.03,,0.9,0.94,35
43,43,linpack,small,cold,200,6510.63,6510.62,0.01,5.85,6504.77,False,,0.0,0.43,4.46,0.96,5.85,30
44,44,genmatrix,small,warm,200,14.59,14.58,0.01,0.13,14.45,False,,0.0,0.02,,0.1,0.13,30
45,45,fetchdata,small,warm,200,430.68,430.67,0.0,75.19,355.49,False,75.16,0.0,0.02,0.0,,75.19,28
46,46,genmatrix,medium,warm,200,23.88,18.43,5.45,0.2,18.23,False,,0.0,0.02,,0.18,0.2,28
47,47,genmatrix,small,warm,200,16.44,16.44,0.0,0.11,16.33,False,,0.0,0.02,,0.09,0.11,27
48,48,fetchdata,large,warm,200,365.65,365.65,0.0,79.08,286.56,False,79.05,0.0,0.02,0.0,,79.08,26
49,49,genmatrix,small,warm,200,15.72,15.71,0.01,0.11,15.6,False,,0.0,0.02,,0.09,0.11,27
50,50,matrixmul,medium,warm,200,1399.18,1395.06,4.12,520.84,874.22,False,,0.0,0.41,4.1,516.31,520.84,26
51,51,matrixmul,small,cold,200,1364.41,1364.4,0.0,4.9,1359.5,False,,0.0,0.35,3.98,0.56,4.9,26
52,52,genmatrix,small,warm,200,11.18,11.18,0.0,0.11,11.06,False,,0.0,0.02,,0.09,0.11,27
53,53,fetchdata,large,warm,200,205.91,205.9,0.0,78.35,127.55,False,78.32,0.0,0.02,0.0,,78.35,26
54,54,linpack,large,cold,200,6796.53,6796.53,0.0,5.93,6790.6,False,,0.0,0.44,4.5,0.99,5.93,26
55,55,genmatrix,large,warm,200,80.92,44.71,36.21,0.94,43.77,False,,0.0,0.03,,0.91,0.94,25
56,56,linpack,medium,warm,200,1616.28,1616.28,0.0,741.7,874.58,False,,0.0,0.4,4.46,736.83,741.69,23
57,57,linpack,medium,cold,200,6642.55,6642.54,0.01,822.24,5820.3,False,,0.0,0.47,4.49,817.26,822.23,22
58,58,genmatrix,small,warm,200,13.92,13.92,0.0,0.11,13.81,False,,0.0,0.02,,0.09,0.11,22
59,59,fetchdata,large,warm,200,88.65,88.65,0.0,76.15,12.5,False,76.12,0.0,0.02,0.0,,76.15,22
60,60,matrixmul,small,warm,200,366.87,366.86,0.01,5.11,361.75,False,,0.0,0.37,4.07,0.65,5.1,23
61,61,fastfouriertransform,small,warm,200,421.89,421.88,0.01,5.04,416.84,False,,0.0,3.92,0.01,1.1,5.04,23
62,62,fetchdata,large,warm,200,86.44,86.44,0.0,73.79,12.65,False,73.76,0.0,0.02,0.0,,73.79,24
63,63,fetchdata,large,warm,200,113.73,113.72,0.0,73.77,39.95,False,73.75,0.0,0.02,0.0,,73.77,25
64,64,matrixmul,large,warm,200,728.32,728.31,0.01,5.05,723.26,False,,0.0,0.38,4.07,0.6,5.05,25
65,65,fastfouriertransform,medium,warm,200,968.21,968.21,0.0,743.95,224.25,False,,0.0,3.97,0.0,739.97,743.95,26
66,66,matrixmul,large,warm,200,644.54,644.53,0.01,5.09,639.44,False,,0.0,0.41,4.06,0.62,5.09,26
67,67,matrixmul,large,warm,200,560.41,560.41,0.0,5.02,555.39,False,,0.0,0.35,4.06,0.6,5.02,25
68,68,genmatrix,large,warm,200,77.92,39.19,38.73,0.81,38.38,False,,0.0,0.02,,0.78,0.81,24
69,69,fastfouriertransform,large,warm,200,834.41,834.41,0.01,5.06,829.35,False,,0.0,4.01,0.0,1.04,5.06,25
70,70,fastfouriertransform,large,warm,200,749.73,749.73,0.0,5.09,744.64,False,,0.0,4.03,0.01,1.04,5.09,23
71,71,linpack,medium,cold,200,5106.44,5106.44,0.0,873.48,4232.96,False,,0.0,0.35,4.24,868.89,873.48,24
72,72,genmatrix,small,warm,200,14.97,14.96,0.0,0.13,14.83,False,,0.0,0.02,,0.1,0.13,25
73,73,genmatrix,medium,warm,200,23.27,23.27,0.0,0.26,23.01,False,,0.0,0.03,,0.22,0.26,25
74,74,fetchdata,medium,warm,200,90.34,90.33,0.0,78.39,11.94,False,78.36,0.0,0.02,0.0,,78.39,24
75,75,fastfouriertransform,large,warm,200,507.3,507.3,0.0,5.13,502.17,False,,0.0,3.97,0.01,1.14,5.13,25
76,76,genmatrix,large,warm,200,61.78,38.63,23.15,0.79,37.84,False,,0.0,0.02,,0.77,0.79,25
77,77,fetchdata,large,warm,200,95.54,95.53,0.0,74.77,20.77,False,74.74,0.0,0.02,0.0,,74.77,26
78,78,fastfouriertransform,large,warm,200,361.19,361.18,0.01,5.03,356.15,False,,0.0,4.0,0.0,1.02,5.03,25
79,79,genmatrix,large,warm,200,69.37,38.42,30.95,0.78,37.64,False,,0.0,0.02,,0.76,0.78,21
80,80,linpack,large,cold,200,6412.6,6412.59,0.0,8.1,6404.49,False,,0.0,0.53,6.38,1.19,8.1,22
81,81,fetchdata,small,warm,200,91.61,91.6,0.01,78.59,13.01,False,78.56,0.0,0.02,0.0,,78.59,22
82,82,genmatrix,small,warm,200,16.46,16.46,0.01,0.11,16.34,False,,0.0,0.02,,0.09,0.11,23
83,83,linpack,large,cold,200,6274.17,6274.17,0.01,8.14,6266.03,False,,0.0,0.55,6.42,1.18,8.14,22
84,84,fastfouriertransform,large,warm,200,77.85,77.84,0.01,4.88,72.97,False,,0.0,3.95,0.0,0.91,4.87,23
85,85,genmatrix,medium,warm,200,27.25,21.76,5.49,0.22,21.54,False,,0.0,0.02,,0.19,0.22,21
86,86,fastfouriertransform,small,warm,200,30.73,30.72,0.01,5.17,25.55,False,,0.0,4.26,0.01,0.9,5.17,16
87,87,genmatrix,medium,warm,200,19.11,19.1,0.01,0.21,18.9,False,,0.0,0.02,,0.18,0.21,16
88,88,fetchdata,small,warm,200,88.95,88.94,0.0,74.1,14.84,False,74.07,0.0,0.02,0.0,,74.1,16
89,89,fetchdata,large,warm,200,118.64,118.64,0.0,75.35,43.28,False,75.33,0.0,0.02,0.0,,75.35,14
90,90,fastfouriertransform,small,warm,200,30.76,30.76,0.01,4.62,26.13,False,,0.0,3.86,0.0,0.76,4.62,14
91,91,matrixmul,small,warm,200,25.17,25.17,0.01,4.89,20.28,False,,0.0,0.36,3.96,0.56,4.88,14
92,92,linpack,small,cold,200,4899.93,4899.93,0.0,5.86,4894.07,False,,0.0,0.41,4.47,0.98,5.86,13
93,93,fetchdata,large,warm,200,89.99,89.99,0.01,75.2,14.78,False,75.17,0.0,0.02,0.0,,75.2,14
94,94,matrixmul,large,warm,200,32.07,24.51,7.56,4.9,19.61,False,,0.0,0.35,3.98,0.57,4.9,15
95,95,fetchdata,medium,warm,200,95.88,95.87,0.01,81.26,14.62,False,81.23,0.0,0.02,0.0,,81.25,14
96,96,linpack,large,cold,200,4718.6,4718.6,0.01,5.97,4712.63,False,,0.0,0.48,4.51,0.97,5.97,15
97,97,matrixmul,small,warm,200,34.09,30.15,3.94,5.2,24.95,False,,0.0,0.41,4.18,0.61,5.2,15
98,98,linpack,large,cold,200,4622.54,4622.53,0.0,5.94,4616.6,False,,0.0,0.39,4.53,1.01,5.94,15
99,99,fetchdata,large,warm,200,88.73,88.72,0.0,77.33,11.39,False,77.3,0.0,0.02,0.0,,77.33,16
100,100,genmatrix,medium,warm,200,17.3,17.29,0.0,0.21,17.08,False,,0.0,0.02,,0.19,0.21,17
101,101,genmatrix,medium,warm,200,19.02,19.01,0.01,0.21,18.8,False,,0.0,0.02,,0.18,0.21,16
102,102,linpack,medium,cold,200,6157.54,6157.53,0.01,826.47,5331.06,False,,0.0,0.55,6.39,819.52,826.46,16
103,103,fastfouriertransform,small,warm,200,22.46,22.46,0.0,4.71,17.75,False,,0.0,3.88,0.0,0.82,4.7,17
104,104,fetchdata,small,warm,200,86.27,86.27,0.0,74.24,12.03,False,74.21,0.0,0.02,0.0,,74.24,17
105,105,genmatrix,small,warm,200,12.92,12.91,0.01,0.11,12.8,False,,0.0,0.02,,0.09,0.11,17
106,106,linpack,large,cold,200,4227.97,4227.97,0.01,5.88,4222.08,False,,0.0,0.41,4.43,1.04,5.88,16
107,107,fetchdata,large,warm,200,84.47,84.46,0.0,74.79,9.68,False,74.76,0.0,0.02,0.0,,74.79,17
108,108,fetchdata,small,warm,200,114.36,114.35,0.0,78.72,35.63,False,78.68,0.0,0.03,0.0,,78.72,18
109,109,fastfouriertransform,large,warm,200,28.3,28.29,0.0,5.02,23.27,False,,0.0,4.05,0.01,0.96,5.02,18
110,110,fastfouriertransform,small,warm,200,39.3,39.29,0.01,7.11,32.18,True,,0.0,4.1,0.01,3.0,7.11,18
111,111,fastfouriertransform,small,warm,200,31.95,31.95,0.01,5.36,26.59,False,,0.0,4.26,0.01,1.09,5.35,17
112,112,genmatrix,small,warm,200,18.51,18.51,0.0,0.11,18.39,False,,0.0,0.02,,0.09,0.11,17
113,113,linpack,small,warm,200,27.61,27.6,0.0,7.58,20.02,True,,0.0,0.38,5.82,1.37,7.58,17
114,114,genmatrix,large,warm,200,75.72,52.34,23.38,0.92,51.42,False,,0.0,0.02,,0.89,0.92,17
115,115,matrixmul,small,warm,200,35.63,35.63,0.01,4.9,30.73,False,,0.0,0.34,3.98,0.57,4.9,18
116,116,linpack,small,warm,200,21.77,21.77,0.0,5.75,16.01,False,,0.0,0.44,4.38,0.92,5.75,17
117,117,linpack,large,warm,200,24.52,24.51,0.0,6.11,18.4,False,,0.0,0.38,4.61,1.12,6.11,17
118,118,matrixmul,small,warm,200,54.92,25.36,29.56,5.22,20.14,False,,0.0,0.37,4.23,0.62,5.22,17
119,119,matrixmul,medium,warm,200,540.31,540.31,0.0,521.33,18.98,False,,0.0,0.34,3.97,517.01,521.33,18
120,120,fetchdata,small,warm,200,88.12,88.1,0.01,73.31,14.8,False,73.28,0.0,0.02,0.0,,73.3,18
121,121,fastfouriertransform,large,warm,200,26.52,26.52,0.0,4.83,21.68,False,,0.0,3.97,0.01,0.85,4.83,19
122,122,matrixmul,medium,warm,200,927.88,927.87,0.0,528.22,399.66,False,,0.0,0.33,3.98,523.9,528.22,17
123,123,matrixmul,medium,warm,200,1391.53,1391.53,0.0,518.42,873.11,False,,0.0,0.35,3.97,514.09,518.42,18
124,124,matrixmul,large,cold,200,1362.55,1362.54,0.01,5.02,1357.52,False,,0.0,0.38,4.02,0.61,5.02,19
125,125,fastfouriertransform,large,warm,200,25.75,25.75,0.01,4.78,20.96,False,,0.0,3.94,0.0,0.83,4.78,20
126,126,fastfouriertransform,small,warm,200,28.08,28.08,0.0,4.8,23.28,False,,0.0,3.92,0.01,0.87,4.8,20
127,127,matrixmul,large,cold,200,1233.33,1228.38,4.94,5.02,1223.36,False,,0.0,0.4,4.04,0.58,5.02,20
128,128,genmatrix,small,warm,200,11.22,11.22,0.01,0.11,11.11,False,,0.0,0.02,,0.09,0.11,21
129,129,fetchdata,small,warm,200,85.92,85.92,0.0,74.52,11.39,False,74.49,0.0,0.02,0.0,,74.52,21
130,130,fetchdata,large,warm,200,110.6,110.59,0.0,73.67,36.92,False,73.65,0.0,0.02,0.0,,73.67,21
131,131,matrixmul,small,cold,200,1033.43,1033.42,0.0,4.97,1028.45,False,,0.0,0.34,4.03,0.6,4.97,21
132,132,matrixmul,small,cold,200,1005.66,1005.66,0.01,5.0,1000.65,False,,0.0,0.39,4.01,0.59,5.0,22
133,133,genmatrix,medium,warm,200,18.14,18.13,0.0,0.21,17.92,False,,0.0,0.02,,0.19,0.21,22
134,134,fetchdata,small,warm,200,95.33,95.33,0.0,82.52,12.81,False,82.49,0.0,0.02,0.0,,82.52,22
135,135,matrixmul,large,warm,200,864.94,856.72,8.23,4.98,851.73,False,,0.0,0.37,4.02,0.59,4.98,23
136,136,fastfouriertransform,small,warm,200,30.28,30.28,0.0,4.93,25.35,False,,0.0,3.99,0.0,0.93,4.93,23
137,137,linpack,small,warm,200,28.07,28.07,0.0,7.07,20.99,False,,0.0,0.45,5.79,0.83,7.07,23
138,138,fastfouriertransform,small,warm,200,28.49,28.49,0.0,4.83,23.65,False,,0.0,3.91,0.01,0.91,4.83,23
139,139,fetchdata,medium,warm,200,93.05,93.04,0.01,79.11,13.93,False,79.08,0.0,0.02,0.0,,79.11,22
140,140,matrixmul,medium,warm,200,1147.69,1147.67,0.02,530.47,617.2,False,,0.0,0.37,4.05,526.04,530.47,22
141,141,fetchdata,medium,warm,200,91.88,91.87,0.01,80.98,10.9,False,80.95,0.0,0.02,0.0,,80.98,21
142,142,fastfouriertransform,small,warm,200,31.2,31.2,0.0,4.9,26.3,False,,0.0,4.06,0.01,0.82,4.9,22
143,143,matrixmul,small,cold,200,1006.67,1006.67,0.0,5.07,1001.6,False,,0.0,0.39,4.04,0.63,5.06,21
144,144,matrixmul,medium,warm,200,1500.71,1493.17,7.53,518.79,974.38,False,,0.0,0.37,4.09,514.33,518.79,22
145,145,matrixmul,medium,cold,200,1959.87,1959.87,0.0,515.01,1444.85,False,,0.0,0.37,4.02,510.62,515.01,23
146,146,matrixmul,large,cold,200,1923.71,1923.7,0.0,4.94,1918.77,False,,0.0,0.38,3.98,0.57,4.94,24
147,147,linpack,large,warm,200,25.45,25.45,0.0,6.04,19.4,True,,0.0,0.57,4.29,1.16,6.04,25
148,148,matrixmul,small,cold,200,1837.46,1837.46,0.0,4.93,1832.53,False,,0.0,0.4,3.97,0.56,4.93,25
149,149,fetchdata,medium,warm,200,96.51,96.51,0.0,78.88,17.63,False,78.84,0.0,0.02,0.0,,78.87,26
150,150,fetchdata,small,warm,200,134.16,134.15,0.01,78.11,56.04,False,78.07,0.0,0.02,0.0,,78.11,27
151,151,linpack,large,warm,200,27.46,27.46,0.0,5.32,22.14,False,,0.0,0.38,4.05,0.89,5.32,26
152,152,linpack,small,warm,200,22.17,22.17,0.0,5.42,16.75,False,,0.0,0.35,4.27,0.79,5.42,22
153,153,genmatrix,small,warm,200,16.53,16.53,0.01,0.14,16.39,False,,0.0,0.03,,0.11,0.14,20
154,154,fastfouriertransform,large,warm,200,29.08,29.08,0.0,5.42,23.66,False,,0.0,4.4,0.01,1.0,5.41,20
155,155,matrixmul,large,warm,200,420.86,416.72,4.14,4.97,411.75,False,,0.0,0.34,4.02,0.6,4.97,20
156,156,linpack,small,warm,200,21.88,21.87,0.0,5.37,16.5,False,,0.0,0.35,4.17,0.85,5.37,20
157,157,fastfouriertransform,large,warm,200,25.07,25.07,0.0,5.14,19.93,False,,0.0,3.87,0.0,1.26,5.14,20
158,158,fastfouriertransform,small,warm,200,30.62,30.62,0.0,6.33,24.28,False,,0.0,5.12,0.01,1.2,6.33,20
159,159,fastfouriertransform,large,warm,200,30.58,30.58,0.0,4.96,25.61,False,,0.0,3.94,0.01,1.01,4.96,20
160,160,fastfouriertransform,large,warm,200,31.11,31.11,0.0,6.23,24.88,False,,0.0,5.23,0.01,0.98,6.23,20
161,161,fetchdata,medium,warm,200,105.72,105.72,0.0,85.93,19.78,False,85.89,0.0,0.03,0.0,,85.93,20
162,162,fastfouriertransform,large,warm,200,29.14,29.13,0.0,4.96,24.17,False,,0.0,3.9,0.0,1.05,4.96,21
163,163,fetchdata,large,warm,200,96.78,96.77,0.0,79.64,17.13,False,79.61,0.0,0.03,0.0,,79.64,20
164,164,linpack,small,warm,200,27.31,27.31,0.0,7.15,20.16,False,,0.0,0.38,4.0,2.76,7.14,18
165,165,linpack,small,warm,200,22.86,22.86,0.01,5.45,17.4,False,,0.0,0.36,4.19,0.89,5.45,17
166,166,matrixmul,large,warm,200,942.23,942.22,0.0,4.89,937.33,False,,0.0,0.33,3.99,0.56,4.89,17
167,167,linpack,large,warm,200,17.42,17.42,0.0,5.14,12.28,False,,0.0,0.33,3.98,0.82,5.14,18
168,168,linpack,medium,warm,200,735.7,735.69,0.01,716.26,19.43,False,,0.0,0.36,4.01,711.88,716.26,18
169,169,genmatrix,small,warm,200,12.85,12.84,0.0,0.11,12.73,False,,0.0,0.02,,0.09,0.11,19
170,170,genmatrix,small,warm,200,9.9,9.89,0.0,0.11,9.79,False,,0.0,0.02,,0.08,0.11,19
171,171,genmatrix,medium,warm,200,15.12,15.11,0.0,0.2,14.91,False,,0.0,0.02,,0.18,0.2,19
172,172,fetchdata,large,warm,200,107.63,107.62,0.01,85.97,21.65,False,85.94,0.0,0.02,0.0,,85.97,19
173,173,genmatrix,medium,warm,200,19.06,19.05,0.01,0.21,18.84,False,,0.0,0.02,,0.18,0.21,20
174,174,genmatrix,small,warm,200,21.28,21.27,0.01,0.15,21.12,False,,0.0,0.03,,0.12,0.15,18
175,175,fastfouriertransform,medium,warm,200,718.4,718.39,0.01,697.35,21.04,False,,0.0,3.95,0.0,693.39,697.35,16
176,176,linpack,large,warm,200,22.11,22.11,0.0,6.0,16.11,False,,0.0,0.38,4.79,0.82,6.0,17
177,177,fastfouriertransform,small,warm,200,27.16,27.16,0.0,5.09,22.07,False,,0.0,4.01,0.0,1.07,5.09,17
178,178,linpack,small,warm,200,18.55,18.54,0.0,5.12,13.42,False,,0.0,0.34,4.0,0.78,5.12,17
179,179,linpack,medium,warm,200,931.36,931.36,0.0,742.97,188.39,False,,0.0,0.34,4.09,738.53,742.96,17
180,180,fetchdata,medium,warm,200,98.62,98.61,0.0,81.1,17.52,False,81.06,0.0,0.03,0.0,,81.1,18
181,181,fastfouriertransform,small,warm,200,22.4,22.39,0.0,4.63,17.77,False,,0.0,3.86,0.0,0.76,4.63,19
182,182,genmatrix,medium,warm,200,16.31,16.31,0.0,0.2,16.1,False,,0.0,0.02,,0.18,0.2,18
183,183,fetchdata,medium,warm,200,104.35,104.34,0.0,87.95,16.39,False,87.92,0.0,0.02,0.0,,87.95,17
184,184,linpack,large,warm,200,24.71,24.68,0.03,5.11,19.57,False,,0.0,0.34,4.0,0.76,5.11,18
185,185,genmatrix,large,warm,200,59.7,37.88,21.82,0.82,37.06,False,,0.0,0.02,,0.79,0.82,14
186,186,linpack,small,warm,200,31.53,31.52,0.01,5.08,26.44,False,,0.0,0.34,3.98,0.76,5.08,14
187,187,linpack,medium,warm,200,1251.25,1251.24,0.0,717.83,533.41,False,,0.0,0.39,4.13,713.3,717.83,13
188,188,fastfouriertransform,small,warm,200,22.85,22.85,0.0,4.9,17.95,False,,0.0,4.07,0.0,0.83,4.9,14
189,189,genmatrix,small,warm,200,11.41,11.41,0.0,0.12,11.29,False,,0.0,0.02,,0.09,0.12,14
190,190,fastfouriertransform,large,warm,200,29.46,29.45,0.01,4.58,24.87,False,,0.0,3.83,0.0,0.75,4.58,10
191,191,linpack,small,cold,200,1059.09,1059.08,0.01,5.45,1053.63,False,,0.0,0.36,4.19,0.89,5.44,7
192,192,genmatrix,medium,warm,200,17.22,17.22,0.0,0.26,16.95,False,,0.0,0.03,,0.23,0.26,8
193,193,linpack,small,warm,200,25.98,25.97,0.0,6.01,19.97,False,,0.0,0.36,4.27,1.37,6.01,8
194,194,genmatrix,small,warm,200,22.07,22.07,0.0,0.15,21.92,False,,0.0,0.03,,0.11,0.14,8
195,195,genmatrix,large,warm,200,70.06,40.22,29.84,0.97,39.25,False,,0.0,0.03,,0.93,0.97,8
196,196,matrixmul,medium,warm,200,568.45,568.45,0.01,544.73,23.72,True,,0.0,0.41,5.16,539.16,544.73,9
197,197,fastfouriertransform,small,warm,200,22.87,22.87,0.0,4.62,18.25,False,,0.0,3.84,0.0,0.77,4.61,9
198,198,matrixmul,medium,warm,200,553.17,553.17,0.0,525.78,27.39,False,,0.0,0.37,3.98,521.43,525.78,8
199,199,fastfouriertransform,small,warm,200,26.03,26.02,0.0,4.98,21.05,False,,0.0,4.12,0.0,0.84,4.98,9
200,200,genmatrix,small,warm,200,11.79,11.79,0.0,0.11,11.68,False,,0.0,0.02,,0.09,0.11,9
201,201,genmatrix,small,warm,200,13.53,13.5,0.02,0.11,13.39,False,,0.0,0.02,,0.09,0.11,9
202,202,matrixmul,large,warm,200,288.54,284.18,4.36,5.18,279.01,False,,0.0,0.34,4.24,0.59,5.17,9
203,203,matrixmul,large,warm,200,312.88,312.87,0.01,5.09,307.78,False,,0.0,0.35,4.04,0.7,5.09,10
204,204,fastfouriertransform,small,warm,200,22.14,22.13,0.0,4.62,17.51,False,,0.0,3.86,0.0,0.75,4.62,11
205,205,fastfouriertransform,large,warm,200,27.0,26.99,0.0,4.75,22.25,False,,0.0,3.92,0.0,0.82,4.74,11
206,206,fetchdata,large,warm,200,100.3,100.3,0.0,84.1,16.2,False,84.07,0.0,0.02,0.0,,84.1,11
207,207,fastfouriertransform,medium,warm,200,736.32,736.32,0.0,713.42,22.9,False,,0.0,4.26,0.0,709.14,713.42,12
208,208,linpack,large,warm,200,37.96,37.96,0.01,8.43,29.53,True,,0.0,0.38,6.91,1.13,8.43,9
209,209,fetchdata,medium,warm,200,95.95,95.95,0.0,78.81,17.14,False,78.78,0.0,0.02,0.0,,78.81,6
210,210,fetchdata,small,warm,200,136.58,136.58,0.01,78.35,58.23,False,78.32,0.0,0.02,0.0,,78.35,6
211,211,genmatrix,medium,warm,200,17.88,17.88,0.0,0.25,17.62,False,,0.0,0.02,,0.23,0.25,6
212,212,fastfouriertransform,medium,warm,200,741.22,741.22,0.0,719.36,21.85,False,,0.0,3.91,0.01,715.44,719.36,5
213,213,fetchdata,large,warm,200,92.05,92.05,0.0,77.95,14.1,False,77.92,0.0,0.02,0.0,,77.95,4
214,214,fetchdata,large,warm,200,123.56,123.55,0.0,79.88,43.68,False,79.84,0.0,0.03,0.0,,79.88,5
215,215,fastfouriertransform,medium,warm,200,1336.36,1336.35,0.0,735.79,600.57,False,,0.0,3.91,0.0,731.86,735.79,5
216,216,linpack,medium,warm,200,738.54,738.54,0.0,724.26,14.28,False,,0.0,0.34,4.19,719.72,724.26,6
217,217,linpack,large,warm,200,18.04,18.03,0.0,5.29,12.74,False,,0.0,0.38,4.13,0.77,5.29,6
218,218,fetchdata,small,warm,200,86.96,86.95,0.0,74.68,12.27,False,74.65,0.0,0.02,0.0,,74.68,6
219,219,fetchdata,small,warm,200,114.28,114.28,0.0,75.38,38.9,False,75.36,0.0,0.02,0.0,,75.38,7
220,220,matrixmul,small,warm,200,24.9,24.89,0.0,4.9,19.99,False,,0.0,0.35,3.99,0.56,4.9,7
221,221,fetchdata,large,warm,200,100.46,100.46,0.0,77.08,23.38,False,77.05,0.0,0.02,0.0,,77.07,7
222,222,genmatrix,medium,warm,200,22.75,22.74,0.0,0.22,22.52,False,,0.0,0.02,,0.19,0.22,6
223,223,fetchdata,medium,warm,200,93.12,93.11,0.0,77.48,15.63,False,77.44,0.0,0.03,0.0,,77.48,5
224,224,fetchdata,large,warm,200,122.62,122.62,0.0,77.45,45.16,False,77.42,0.0,0.02,0.0,,77.45,6
225,225,fastfouriertransform,medium,warm,200,731.26,731.26,0.0,708.27,22.99,False,,0.0,3.93,0.0,704.33,708.27,5
226,226,fastfouriertransform,medium,warm,200,1408.4,1408.4,0.0,707.64,700.76,False,,0.0,3.9,0.0,703.72,707.63,6
227,227,fetchdata,small,warm,200,89.58,89.58,0.0,79.06,10.52,False,79.03,0.0,0.02,0.0,,79.05,5
228,228,matrixmul,medium,warm,200,581.48,581.47,0.0,559.51,21.96,False,,0.0,0.46,4.34,554.71,559.51,6
229,229,genmatrix,small,warm,200,11.37,11.37,0.0,0.11,11.26,False,,0.0,0.02,,0.08,0.1,6
230,230,fetchdata,small,warm,200,91.75,91.75,0.0,80.93,10.82,False,80.9,0.0,0.02,0.0,,80.93,6
231,231,fetchdata,medium,warm,200,127.84,127.83,0.0,76.49,51.34,False,76.46,0.0,0.02,0.0,,76.49,6
232,232,genmatrix,medium,warm,200,22.14,17.43,4.71,0.21,17.22,False,,0.0,0.02,,0.19,0.21,6
233,233,fastfouriertransform,medium,warm,200,1193.38,1193.38,0.01,739.82,453.56,False,,0.0,3.93,0.0,735.88,739.82,6
234,234,genmatrix,large,warm,200,57.13,35.19,21.94,0.82,34.37,False,,0.0,0.02,,0.8,0.82,6
235,235,linpack,medium,warm,200,878.86,878.85,0.01,859.33,19.52,False,,0.0,0.37,4.33,854.62,859.33,7
236,236,linpack,medium,warm,200,702.43,702.42,0.0,687.75,14.67,False,,0.0,0.51,6.08,681.16,687.75,7
237,237,fastfouriertransform,small,warm,200,993.97,993.97,0.0,5.0,988.97,False,,0.0,3.89,0.01,1.1,5.0,8
238,238,genmatrix,small,warm,200,12.81,12.81,0.0,0.12,12.68,False,,0.0,0.02,,0.1,0.12,9
239,239,linpack,medium,warm,200,731.7,731.7,0.01,703.18,28.52,False,,0.0,0.37,5.84,696.96,703.18,9
240,240,fastfouriertransform,small,warm,200,707.29,707.28,0.0,4.79,702.5,False,,0.0,3.93,0.0,0.85,4.79,8
241,241,linpack,medium,warm,200,750.63,750.62,0.0,711.31,39.31,False,,0.0,0.43,6.55,704.32,711.31,9
242,242,genmatrix,large,warm,200,66.11,36.51,29.6,0.83,35.68,False,,0.0,0.02,,0.81,0.83,9
243,243,genmatrix,medium,warm,200,25.21,25.2,0.0,0.21,24.99,False,,0.0,0.02,,0.18,0.21,10
244,244,linpack,large,warm,200,427.04,427.04,0.01,6.19,420.85,False,,0.0,0.85,4.5,0.84,6.19,9
245,245,fastfouriertransform,medium,warm,200,1154.26,1154.25,0.0,701.78,452.48,False,,0.0,3.88,0.0,697.88,701.77,10
246,246,linpack,small,warm,200,388.84,388.84,0.0,5.83,383.01,False,,0.0,0.42,4.35,1.06,5.83,11
247,247,genmatrix,small,warm,200,9.72,9.71,0.0,0.11,9.6,False,,0.0,0.02,,0.09,0.11,12
248,248,matrixmul,small,warm,200,25.26,25.26,0.01,4.99,20.26,False,,0.0,0.39,4.02,0.57,4.99,12
249,249,linpack,large,warm,200,186.68,186.67,0.01,5.87,180.8,False,,0.0,0.38,4.49,0.99,5.86,12
250,250,fetchdata,medium,warm,200,86.53,86.53,0.01,75.65,10.88,False,75.62,0.0,0.02,0.0,,75.65,12
251,251,matrixmul,small,warm,200,23.72,23.72,0.0,4.97,18.74,False,,0.0,0.36,4.01,0.59,4.97,13
252,252,genmatrix,large,warm,200,63.12,40.21,22.91,0.85,39.35,False,,0.0,0.02,,0.83,0.85,12
253,253,genmatrix,large,warm,200,84.39,61.56,22.83,0.9,60.66,False,,0.0,0.03,,0.87,0.9,10
254,254,fastfouriertransform,large,warm,200,718.19,718.19,0.0,4.89,713.3,False,,0.0,3.95,0.0,0.93,4.89,8
255,255,genmatrix,large,warm,200,80.71,48.57,32.15,0.84,47.73,False,,0.0,0.02,,0.81,0.84,6
256,256,genmatrix,large,warm,200,74.62,51.78,22.84,0.82,50.96,False,,0.0,0.02,,0.79,0.82,6
257,257,matrixmul,medium,warm,200,571.94,571.93,0.0,549.33,22.61,False,,0.0,0.44,4.46,544.42,549.32,4
258,258,matrixmul,large,warm,200,25.42,25.41,0.0,4.88,20.53,False,,0.0,0.35,3.96,0.57,4.88,4
259,259,genmatrix,large,warm,200,55.88,39.52,16.36,0.83,38.7,False,,0.0,0.03,,0.79,0.82,4
260,260,fetchdata,small,warm,200,107.06,107.05,0.0,90.81,16.25,False,90.76,0.0,0.04,0.0,,90.8,5
261,261,matrixmul,large,warm,200,30.21,23.4,6.82,4.89,18.5,False,,0.0,0.35,3.98,0.57,4.89,5
262,262,matrixmul,large,warm,200,23.03,23.03,0.01,4.89,18.14,False,,0.0,0.36,3.96,0.56,4.89,5
263,263,fetchdata,large,warm,200,91.65,91.65,0.0,74.29,17.36,False,74.26,0.0,0.02,0.0,,74.29,4
264,264,linpack,medium,warm,200,752.02,752.01,0.01,738.62,13.39,False,,0.0,0.39,4.63,733.59,738.61,5
265,265,matrixmul,large,warm,200,24.03,24.03,0.0,4.9,19.12,False,,0.0,0.35,3.99,0.56,4.9,5
266,266,fastfouriertransform,medium,warm,200,762.63,762.63,0.0,742.85,19.77,False,,0.0,3.84,0.0,739.0,742.85,5
267,267,genmatrix,small,warm,200,11.82,11.82,0.0,0.12,11.7,False,,0.0,0.02,,0.09,0.12,6
268,268,matrixmul,large,warm,200,29.96,29.96,0.01,5.46,24.5,False,,0.0,0.4,4.46,0.6,5.46,6
269,269,linpack,large,warm,200,28.97,28.97,0.0,5.73,23.24,False,,0.0,0.39,4.47,0.85,5.72,3
270,270,genmatrix,medium,warm,200,21.29,21.28,0.01,0.22,21.06,False,,0.0,0.02,,0.19,0.22,3
271,271,matrixmul,medium,warm,200,537.41,537.41,0.01,516.6,20.81,False,,0.0,0.37,4.02,512.2,516.6,3
272,272,fetchdata,large,warm,200,89.34,89.33,0.01,77.23,12.11,False,77.19,0.0,0.02,0.0,,77.22,4
273,273,matrixmul,large,warm,200,23.53,23.53,0.0,5.07,18.45,False,,0.0,0.36,4.06,0.65,5.07,5
274,274,fetchdata,large,warm,200,88.44,88.43,0.0,77.52,10.92,False,77.49,0.0,0.02,0.0,,77.51,4
275,275,fastfouriertransform,medium,warm,200,748.17,748.17,0.0,715.96,32.21,False,,0.0,3.85,0.0,712.1,715.96,5
276,276,linpack,large,warm,200,20.77,20.76,0.01,5.15,15.61,False,,0.0,0.34,4.05,0.76,5.15,5
277,277,linpack,medium,warm,200,732.72,732.72,0.0,718.8,13.92,False,,0.0,0.36,4.08,714.35,718.8,5
278,278,fastfouriertransform,small,warm,200,609.1,609.1,0.01,4.89,604.21,False,,0.0,3.94,0.0,0.93,4.89,6
279,279,genmatrix,small,warm,200,11.46,11.46,0.01,0.11,11.34,False,,0.0,0.02,,0.09,0.11,6
280,280,fetchdata,small,warm,200,90.66,90.65,0.0,76.16,14.49,False,76.13,0.0,0.02,0.0,,76.16,6
281,281,fastfouriertransform,small,warm,200,22.3,22.29,0.01,4.59,17.71,False,,0.0,3.83,0.0,0.75,4.59,7
282,282,fetchdata,medium,warm,200,98.27,98.26,0.0,78.65,19.61,False,78.62,0.0,0.02,0.0,,78.65,4
283,283,linpack,small,warm,200,21.65,21.65,0.0,5.16,16.49,False,,0.0,0.39,4.01,0.75,5.16,5
284,284,matrixmul,medium,warm,200,576.91,576.91,0.0,550.16,26.74,False,,0.0,0.38,4.08,545.7,550.16,4
285,285,linpack,small,warm,200,23.0,23.0,0.0,5.92,17.07,False,,0.0,0.38,4.58,0.96,5.92,5
286,286,matrixmul,medium,warm,200,540.95,540.95,0.01,512.41,28.54,False,,0.0,0.36,4.07,507.97,512.41,5
287,287,matrixmul,small,warm,200,444.68,444.67,0.01,4.96,439.71,False,,0.0,0.34,4.01,0.6,4.96,6
288,288,fetchdata,large,warm,200,96.16,96.16,0.0,84.35,11.8,False,84.33,0.0,0.02,0.0,,84.35,7
289,289,fastfouriertransform,small,warm,200,24.06,24.06,0.0,4.69,19.36,False,,0.0,3.87,0.0,0.81,4.69,8
290,290,matrixmul,small,warm,200,347.86,347.86,0.01,4.9,342.96,False,,0.0,0.33,3.99,0.57,4.9,6
291,291,fetchdata,large,warm,200,105.82,105.81,0.0,86.55,19.26,False,86.52,0.0,0.03,0.0,,86.55,6
292,292,linpack,medium,warm,200,728.73,728.73,0.0,706.05,22.68,False,,0.0,0.33,3.98,701.73,706.05,6
293,293,fastfouriertransform,large,warm,200,28.56,28.56,0.0,4.68,23.88,False,,0.0,3.87,0.0,0.8,4.68,7
294,294,fetchdata,small,warm,200,89.47,89.46,0.01,76.16,13.3,False,76.13,0.0,0.02,0.0,,76.16,6
295,295,matrixmul,small,warm,200,52.31,52.31,0.01,4.97,47.33,False,,0.0,0.34,4.05,0.58,4.97,7
296,296,matrixmul,large,warm,200,28.74,28.74,0.01,4.94,23.8,False,,0.0,0.37,3.99,0.57,4.94,5
297,297,linpack,large,warm,200,20.12,20.12,0.01,5.12,14.99,False,,0.0,0.34,4.02,0.76,5.12,2
298,298,linpack,medium,warm,200,679.13,679.13,0.0,662.97,16.16,False,,0.0,0.34,4.02,658.61,662.97,2
299,299,matrixmul,large,warm,200,24.68,24.68,0.0,5.53,19.15,False,,0.0,0.42,4.38,0.72,5.53,3
300,300,linpack,medium,warm,200,794.53,794.52,0.01,776.14,18.38,False,,0.0,0.39,4.36,771.39,776.14,3
301,301,linpack,medium,warm,200,745.92,745.91,0.0,729.27,16.64,False,,0.0,0.38,4.15,724.74,729.27,4
302,302,fetchdata,large,warm,200,93.62,93.62,0.0,80.65,12.96,False,80.62,0.0,0.03,0.0,,80.65,5
303,303,matrixmul,medium,warm,200,578.61,578.61,0.0,556.98,21.63,False,,0.0,0.37,4.04,552.57,556.98,6
304,304,genmatrix,small,warm,200,15.16,15.16,0.0,0.11,15.04,False,,0.0,0.02,,0.09,0.11,6
305,305,genmatrix,large,warm,200,65.34,36.61,28.73,0.82,35.78,False,,0.0,0.02,,0.8,0.82,6
306,306,matrixmul,large,warm,200,29.14,29.14,0.01,4.92,24.22,False,,0.0,0.35,3.99,0.58,4.92,7
307,307,fetchdata,medium,warm,200,100.21,100.21,0.0,84.85,15.36,False,84.81,0.0,0.03,0.0,,84.85,5
308,308,matrixmul,small,warm,200,22.89,22.88,0.0,4.93,17.95,False,,0.0,0.35,4.0,0.58,4.93,6
309,309,genmatrix,small,warm,200,21.69,21.68,0.01,0.12,21.56,False,,0.0,0.02,,0.09,0.12,5
310,310,genmatrix,medium,warm,200,19.82,19.81,0.01,0.23,19.58,False,,0.0,0.02,,0.2,0.23,5
311,311,genmatrix,large,warm,200,110.9,38.75,72.16,0.83,37.92,False,,0.0,0.02,,0.8,0.83,5
312,312,fastfouriertransform,small,warm,200,28.66,28.65,0.0,4.91,23.74,False,,0.0,4.07,0.0,0.83,4.91,5
313,313,fetchdata,small,warm,200,92.71,92.7,0.01,78.77,13.93,False,78.74,0.0,0.03,0.0,,78.77,5
314,314,matrixmul,large,warm,200,30.28,30.28,0.0,5.09,25.19,False,,0.0,0.37,4.06,0.65,5.09,5
315,315,fetchdata,large,warm,200,91.98,91.97,0.01,79.04,12.93,False,79.01,0.0,0.03,0.0,,79.04,3
316,316,fetchdata,small,warm,200,134.79,134.79,0.0,85.34,49.45,False,85.31,0.0,0.02,0.0,,85.33,2
317,317,matrixmul,medium,warm,200,580.6,580.59,0.01,561.09,19.5,False,,0.0,0.38,5.99,554.71,561.09,2
318,318,genmatrix,large,warm,200,68.2,48.54,19.67,0.95,47.59,False,,0.0,0.02,,0.92,0.94,3
319,319,matrixmul,medium,warm,200,541.64,541.63,0.0,520.26,21.37,False,,0.0,0.35,4.01,515.9,520.26,3
320,320,fastfouriertransform,small,warm,200,26.05,26.04,0.0,4.71,21.33,False,,0.0,3.89,0.0,0.81,4.71,3
321,321,matrixmul,medium,warm,200,968.91,964.88,4.03,575.58,389.3,False,,0.0,0.33,4.02,571.22,575.58,3
322,322,linpack,large,warm,200,18.76,18.76,0.0,5.29,13.47,False,,0.0,0.35,4.16,0.77,5.29,4
323,323,fastfouriertransform,large,warm,200,24.81,24.81,0.0,4.84,19.96,False,,0.0,4.0,0.01,0.84,4.84,4
324,324,matrixmul,medium,warm,200,831.73,831.72,0.01,528.09,303.63,False,,0.0,0.36,4.16,523.56,528.09,4
325,325,fastfouriertransform,medium,warm,200,784.73,784.72,0.0,762.0,22.72,False,,0.0,3.91,0.0,758.08,762.0,5
326,326,genmatrix,medium,warm,200,15.59,15.59,0.0,0.21,15.38,False,,0.0,0.02,,0.19,0.21,6
327,327,matrixmul,large,warm,200,698.23,698.23,0.0,4.86,693.36,False,,0.0,0.33,3.97,0.56,4.86,6
328,328,linpack,large,warm,200,19.51,19.51,0.0,5.3,14.21,False,,0.0,0.35,4.18,0.77,5.3,7
329,329,fetchdata,medium,warm,200,105.48,105.47,0.01,77.71,27.76,False,77.68,0.0,0.02,0.0,,77.71,6
330,330,fetchdata,medium,warm,200,134.7,134.69,0.0,88.07,46.62,False,88.04,0.0,0.03,0.0,,88.07,6
331,331,matrixmul,medium,warm,200,1026.2,1026.19,0.0,551.99,474.2,False,,0.0,0.47,4.12,547.39,551.99,7
332,332,fastfouriertransform,medium,warm,200,753.52,753.52,0.0,725.76,27.76,False,,0.0,3.88,0.0,721.87,725.76,7
333,333,genmatrix,large,warm,200,66.12,41.31,24.81,0.91,40.4,False,,0.0,0.03,,0.88,0.91,7
334,334,matrixmul,large,warm,200,890.67,890.67,0.01,6.03,884.64,False,,0.0,0.36,5.03,0.63,6.03,8
335,335,fetchdata,medium,warm,200,101.54,101.54,0.0,88.86,12.68,False,88.81,0.0,0.04,0.0,,88.86,8
336,336,fetchdata,large,warm,200,138.08,138.07,0.01,83.72,54.35,False,83.69,0.0,0.02,0.0,,83.72,9
337,337,linpack,small,warm,200,20.09,20.09,0.0,5.18,14.91,False,,0.0,0.33,4.1,0.74,5.18,9
338,338,matrixmul,large,warm,200,135.92,135.92,0.01,4.95,130.96,False,,0.0,0.34,4.03,0.58,4.95,9
339,339,linpack,large,warm,200,71.79,71.78,0.0,5.17,66.61,False,,0.0,0.36,4.05,0.76,5.17,9
340,340,fastfouriertransform,small,warm,200,47.73,47.72,0.0,4.64,43.08,False,,0.0,3.85,0.0,0.78,4.64,10
341,341,matrixmul,small,warm,200,26.19,26.18,0.01,5.01,21.18,False,,0.0,0.37,4.05,0.58,5.0,4
342,342,matrixmul,small,warm,200,27.99,27.98,0.01,4.9,23.09,False,,0.0,0.35,3.98,0.57,4.9,4
343,343,fastfouriertransform,medium,warm,200,767.44,767.43,0.0,748.45,18.98,False,,0.0,3.89,0.0,744.55,748.45,4
344,344,matrixmul,medium,warm,200,549.56,549.55,0.0,533.39,16.16,False,,0.0,0.35,3.97,529.07,533.39,5
345,345,fetchdata,medium,warm,200,103.0,102.99,0.0,86.07,16.92,False,86.03,0.0,0.03,0.0,,86.07,6
346,346,genmatrix,medium,warm,200,16.18,16.18,0.0,0.21,15.97,False,,0.0,0.02,,0.18,0.21,7
347,347,matrixmul,medium,warm,200,938.14,933.07,5.07,524.5,408.57,False,,0.0,0.34,3.97,520.18,524.49,7
348,348,matrixmul,medium,warm,200,1419.43,1419.43,0.0,516.63,902.8,False,,0.0,0.5,4.11,512.02,516.63,6
349,349,fastfouriertransform,medium,warm,200,713.46,713.45,0.01,693.02,20.43,False,,0.0,3.93,0.0,689.08,693.02,7
350,350,fastfouriertransform,large,warm,200,672.42,672.42,0.01,5.12,667.3,False,,0.0,3.96,0.0,1.14,5.12,8
351,351,linpack,small,warm,200,19.6,19.6,0.0,5.66,13.93,False,,0.0,0.41,4.4,0.85,5.66,9
352,352,genmatrix,small,warm,200,13.12,13.12,0.0,0.11,13.01,False,,0.0,0.02,,0.09,0.11,7
353,353,fastfouriertransform,large,warm,200,274.53,274.52,0.0,4.75,269.77,False,,0.0,3.88,0.0,0.86,4.75,7
354,354,fastfouriertransform,small,warm,200,231.32,231.31,0.01,4.54,226.77,False,,0.0,3.8,0.0,0.73,4.54,8
355,355,fetchdata,small,warm,200,91.28,91.28,0.01,80.75,10.52,False,80.72,0.0,0.02,0.0,,80.75,8
356,356,fastfouriertransform,large,warm,200,379.59,379.59,0.0,5.08,374.51,False,,0.0,4.01,0.0,1.06,5.08,9
357,357,fetchdata,small,warm,200,90.83,90.83,0.0,74.24,16.59,False,74.21,0.0,0.02,0.0,,74.24,9
358,358,fetchdata,medium,warm,200,115.73,115.73,0.0,74.15,41.58,False,74.12,0.0,0.02,0.0,,74.15,10
359,359,fastfouriertransform,large,warm,200,26.39,26.39,0.01,4.55,21.83,False,,0.0,3.81,0.0,0.74,4.55,7
360,360,fetchdata,medium,warm,200,88.91,88.91,0.0,74.48,14.43,False,74.45,0.0,0.02,0.0,,74.47,7
361,361,genmatrix,medium,warm,200,15.4,15.4,0.0,0.22,15.18,False,,0.0,0.02,,0.19,0.22,7
362,362,fetchdata,large,warm,200,94.42,94.41,0.0,77.15,17.26,False,77.11,0.0,0.03,0.0,,77.15,6
363,363,linpack,large,warm,200,26.06,26.05,0.01,5.85,20.2,False,,0.0,0.4,4.52,0.93,5.85,7
364,364,fastfouriertransform,small,warm,200,24.95,24.95,0.0,4.8,20.15,False,,0.0,3.96,0.0,0.83,4.8,3
365,365,genmatrix,small,warm,200,11.9,11.9,0.0,0.13,11.77,False,,0.0,0.02,,0.1,0.13,3
366,366,linpack,small,warm,200,20.09,20.08,0.01,5.99,14.09,False,,0.0,0.4,4.63,0.96,5.99,2
367,367,genmatrix,large,warm,200,76.74,42.01,34.73,0.86,41.15,False,,0.0,0.02,,0.83,0.86,2
368,368,matrixmul,medium,warm,200,583.13,583.12,0.0,563.62,19.51,False,,0.0,0.48,4.86,558.27,563.61,3
369,369,fetchdata,small,warm,200,104.39,104.38,0.0,85.02,19.36,False,84.99,0.0,0.02,0.0,,85.02,3
370,370,linpack,large,warm,200,18.75,18.75,0.0,5.42,13.33,False,,0.0,0.36,4.24,0.81,5.42,4
371,371,fetchdata,small,warm,200,106.71,106.71,0.0,85.99,20.72,False,85.96,0.0,0.02,0.0,,85.98,4
372,372,genmatrix,large,warm,200,53.12,39.46,13.66,0.78,38.68,False,,0.0,0.02,,0.76,0.78,4
373,373,linpack,small,warm,200,22.48,22.47,0.01,5.57,16.91,False,,0.0,0.37,4.39,0.81,5.56,3
374,374,linpack,small,warm,200,24.62,24.61,0.01,5.67,18.95,False,,0.0,0.35,4.4,0.92,5.67,3
375,375,genmatrix,large,warm,200,56.37,38.5,17.87,0.8,37.7,False,,0.0,0.02,,0.78,0.8,3
376,376,matrixmul,large,warm,200,201.16,201.16,0.01,5.02,196.13,False,,0.0,0.37,4.07,0.58,5.02,4
377,377,genmatrix,small,warm,200,14.16,14.15,0.01,0.14,14.01,False,,0.0,0.03,,0.11,0.14,3
378,378,linpack,large,warm,200,23.71,23.71,0.0,7.27,16.44,False,,0.0,0.4,4.07,2.8,7.27,3
379,379,genmatrix,small,warm,200,23.3,23.3,0.0,0.16,23.14,False,,0.0,0.02,,0.13,0.16,3
380,380,matrixmul,medium,warm,200,540.12,540.11,0.0,520.93,19.18,False,,0.0,0.4,4.07,516.46,520.93,1
381,381,fastfouriertransform,medium,warm,200,727.25,727.24,0.01,705.07,22.17,False,,0.0,3.93,0.0,701.13,705.07,2
382,382,genmatrix,large,warm,200,53.85,40.01,13.84,1.01,39.0,False,,0.0,0.02,,0.98,1.01,3
383,383,matrixmul,large,warm,200,27.34,27.33,0.0,5.19,22.15,False,,0.0,0.4,4.12,0.66,5.19,4
384,384,fetchdata,medium,warm,200,90.85,90.84,0.0,78.5,12.34,False,78.47,0.0,0.02,0.0,,78.5,3
385,385,fetchdata,large,warm,200,119.69,119.69,0.0,78.92,40.77,False,78.89,0.0,0.02,0.0,,78.92,4
386,386,linpack,large,warm,200,18.22,18.22,0.0,5.22,12.99,False,,0.0,0.38,4.09,0.75,5.22,4
387,387,genmatrix,large,warm,200,56.1,36.76,19.34,0.82,35.94,False,,0.0,0.02,,0.79,0.82,4
388,388,linpack,medium,warm,200,746.83,746.83,0.0,733.16,13.67,False,,0.0,0.35,4.1,728.7,733.15,4
389,389,matrixmul,medium,warm,200,580.32,580.32,0.01,560.06,20.26,False,,0.0,0.39,4.9,554.77,560.06,4
390,390,linpack,medium,warm,200,747.07,747.06,0.0,725.87,21.2,False,,0.0,0.36,4.66,720.84,725.87,5
391,391,genmatrix,small,warm,200,13.38,13.37,0.01,0.11,13.26,False,,0.0,0.02,,0.09,0.11,5
392,392,fastfouriertransform,medium,warm,200,767.04,767.03,0.01,745.78,21.25,False,,0.0,3.99,0.0,741.78,745.78,5
393,393,matrixmul,small,warm,200,25.13,25.12,0.0,5.07,20.05,False,,0.0,0.39,4.06,0.61,5.07,6
394,394,matrixmul,large,warm,200,27.28,27.27,0.0,5.07,22.2,False,,0.0,0.39,4.06,0.62,5.07,6
395,395,linpack,large,warm,200,20.24,20.24,0.0,5.55,14.69,False,,0.0,0.38,4.23,0.93,5.55,6
396,396,matrixmul,medium,warm,200,533.49,533.49,0.0,515.76,17.73,False,,0.0,0.4,4.18,511.18,515.76,5
397,397,fastfouriertransform,medium,warm,200,719.05,719.05,0.0,698.08,20.96,False,,0.0,5.38,0.01,692.69,698.08,6
398,398,genmatrix,small,warm,200,11.2,11.2,0.0,0.13,11.08,False,,0.0,0.02,,0.1,0.12,7
399,399,matrixmul,small,warm,200,400.06,400.05,0.01,4.96,395.09,False,,0.0,0.34,4.03,0.59,4.96,7
400,400,genmatrix,medium,warm,200,15.26,15.25,0.0,0.21,15.05,False,,0.0,0.02,,0.19,0.21,8
401,401,genmatrix,medium,warm,200,14.98,14.97,0.01,0.2,14.77,False,,0.0,0.02,,0.18,0.2,7
402,402,linpack,large,warm,200,145.9,145.89,0.0,5.15,140.75,False,,0.0,0.39,4.0,0.76,5.15,7
403,403,genmatrix,large,warm,200,85.89,34.97,50.92,0.79,34.18,False,,0.0,0.02,,0.77,0.79,7
404,404,fastfouriertransform,large,warm,200,374.74,374.73,0.0,4.79,369.95,False,,0.0,3.93,0.0,0.85,4.79,8
405,405,fetchdata,small,warm,200,81.63,81.63,0.0,72.83,8.8,False,72.8,0.0,0.02,0.0,,72.83,6
406,406,fetchdata,large,warm,200,114.34,114.34,0.0,74.28,40.06,False,74.26,0.0,0.02,0.0,,74.28,7
407,407,matrixmul,medium,warm,200,593.74,593.74,0.0,572.14,21.6,False,,0.0,0.42,3.99,567.72,572.14,5
408,408,linpack,small,warm,200,23.18,23.17,0.01,5.41,17.77,False,,0.0,0.4,4.15,0.85,5.41,5
409,409,matrixmul,large,warm,200,25.49,25.49,0.0,5.2,20.29,False,,0.0,0.37,4.11,0.72,5.2,4
410,410,matrixmul,medium,warm,200,540.66,540.66,0.01,516.96,23.7,False,,0.0,0.35,4.05,512.56,516.96,4
411,411,fastfouriertransform,small,warm,200,28.39,28.38,0.01,4.93,23.46,False,,0.0,3.96,0.0,0.95,4.92,5
412,412,genmatrix,small,warm,200,19.87,19.86,0.01,0.14,19.72,False,,0.0,0.03,,0.11,0.14,3
413,413,matrixmul,large,warm,200,408.33,408.33,0.01,4.9,403.43,False,,0.0,0.34,3.99,0.57,4.9,3
414,414,fetchdata,medium,warm,200,102.91,102.91,0.0,85.12,17.79,False,85.09,0.0,0.02,0.0,,85.11,4
415,415,linpack,medium,warm,200,658.96,658.95,0.0,645.57,13.39,False,,0.0,0.35,4.42,640.79,645.56,5
416,416,matrixmul,large,warm,200,164.1,159.61,4.5,5.46,154.15,False,,0.0,0.36,4.48,0.62,5.46,6
417,417,linpack,medium,warm,200,656.21,656.2,0.01,642.14,14.05,False,,0.0,0.34,3.97,637.83,642.14,6
418,418,matrixmul,large,warm,200,78.29,78.28,0.01,5.45,72.83,False,,0.0,0.64,4.18,0.61,5.45,7
419,419,linpack,medium,warm,200,774.14,774.14,0.0,756.56,17.57,False,,0.0,0.52,6.37,749.66,756.56,7
420,420,genmatrix,large,warm,200,82.68,41.76,40.92,0.87,40.89,False,,0.0,0.02,,0.84,0.87,6
421,421,matrixmul,medium,warm,200,533.31,533.31,0.01,510.75,22.56,False,,0.0,0.36,3.95,506.43,510.74,6
422,422,genmatrix,medium,warm,200,18.16,18.16,0.01,0.21,17.94,False,,0.0,0.02,,0.19,0.21,5
423,423,fetchdata,small,warm,200,84.67,84.67,0.0,74.65,10.01,False,74.62,0.0,0.02,0.0,,74.65,5
424,424,fetchdata,medium,warm,200,107.08,107.07,0.0,74.59,32.48,False,74.56,0.0,0.02,0.0,,74.59,6
425,425,fastfouriertransform,large,warm,200,24.04,24.03,0.0,4.66,19.37,False,,0.0,3.87,0.0,0.79,4.66,6
426,426,linpack,large,warm,200,116.66,116.66,0.0,5.06,111.6,False,,0.0,0.34,3.99,0.72,5.06,6
427,427,fetchdata,small,warm,200,83.33,83.32,0.01,72.94,10.38,False,72.92,0.0,0.02,0.0,,72.94,6
428,428,fetchdata,large,warm,200,108.02,108.01,0.0,73.23,34.79,False,73.2,0.0,0.02,0.0,,73.22,7
429,429,matrixmul,medium,warm,200,542.76,542.76,0.0,524.67,18.09,False,,0.0,0.34,4.25,520.07,524.67,5
430,430,linpack,large,warm,200,22.96,22.95,0.01,5.06,17.9,False,,0.0,0.35,3.97,0.73,5.06,6
431,431,linpack,medium,warm,200,696.48,696.48,0.0,682.98,13.5,False,,0.0,0.33,3.96,678.68,682.98,4
432,432,fastfouriertransform,small,warm,200,26.03,26.03,0.0,4.6,21.43,False,,0.0,3.85,0.0,0.75,4.6,4
433,433,genmatrix,small,warm,200,14.15,14.14,0.0,0.14,14.0,False,,0.0,0.02,,0.11,0.14,4
434,434,genmatrix,small,warm,200,10.76,10.76,0.0,0.13,10.62,False,,0.0,0.02,,0.1,0.13,4
435,435,genmatrix,small,warm,200,12.76,12.76,0.01,0.13,12.63,False,,0.0,0.02,,0.1,0.13,3
436,436,linpack,small,warm,200,18.74,18.74,0.0,5.51,13.23,False,,0.0,0.34,4.4,0.76,5.51,3
437,437,genmatrix,small,warm,200,12.46,12.45,0.01,0.13,12.32,False,,0.0,0.02,,0.11,0.13,3
438,438,fastfouriertransform,large,warm,200,27.19,27.18,0.0,4.91,22.27,False,,0.0,3.97,0.01,0.93,4.91,3
439,439,genmatrix,large,warm,200,73.13,58.4,14.74,1.16,57.24,False,,0.0,0.03,,1.13,1.16,3
440,440,fetchdata,large,warm,200,96.24,96.23,0.01,81.49,14.74,False,81.46,0.0,0.02,0.0,,81.49,3
441,441,matrixmul,small,warm,200,29.17,29.17,0.0,5.09,24.08,False,,0.0,0.37,4.1,0.6,5.09,3
442,442,fastfouriertransform,large,warm,200,26.45,26.44,0.01,5.73,20.71,False,,0.0,4.51,0.0,1.21,5.73,2
443,443,genmatrix,medium,warm,200,21.6,21.59,0.01,0.22,21.37,False,,0.0,0.02,,0.2,0.22,2
444,444,matrixmul,medium,warm,200,577.16,577.16,0.0,557.46,19.7,False,,0.0,0.4,4.1,552.95,557.46,2
445,445,genmatrix,small,warm,200,14.62,14.62,0.01,0.13,14.49,False,,0.0,0.03,,0.1,0.13,2
446,446,fastfouriertransform,medium,warm,200,761.27,761.27,0.0,740.51,20.76,False,,0.0,3.86,0.0,736.64,740.5,2
447,447,matrixmul,small,warm,200,23.79,23.79,0.0,4.96,18.83,False,,0.0,0.35,4.02,0.59,4.96,3
448,448,fastfouriertransform,medium,warm,200,767.5,767.49,0.0,750.37,17.12,False,,0.0,3.89,0.0,746.47,750.37,3
449,449,matrixmul,small,warm,200,21.17,21.17,0.0,4.92,16.25,False,,0.0,0.35,3.99,0.57,4.92,4
450,450,linpack,large,warm,200,22.13,22.13,0.0,7.48,14.65,False,,0.0,0.48,5.92,1.07,7.48,4
451,451,fastfouriertransform,small,warm,200,630.03,630.02,0.01,4.69,625.33,False,,0.0,3.88,0.0,0.81,4.69,4
452,452,fetchdata,large,warm,200,100.63,100.63,0.0,88.33,12.3,False,88.29,0.0,0.02,0.0,,88.32,5
453,453,genmatrix,small,warm,200,10.86,10.86,0.0,0.12,10.74,False,,0.0,0.02,,0.09,0.12,6
454,454,fetchdata,small,warm,200,105.72,105.72,0.0,90.38,15.34,False,90.33,0.0,0.03,0.0,,90.37,5
455,455,linpack,medium,warm,200,685.34,685.34,0.0,668.48,16.85,False,,0.0,0.44,5.16,662.88,668.48,6
456,456,linpack,large,warm,200,25.4,25.4,0.0,6.07,19.32,False,,0.0,0.51,4.64,0.92,6.07,6
457,457,linpack,small,warm,200,21.18,21.17,0.01,5.21,15.96,False,,0.0,0.36,4.05,0.79,5.21,5
458,458,linpack,medium,warm,200,782.44,782.43,0.01,769.41,13.02,False,,0.0,0.37,4.38,764.65,769.41,5
459,459,matrixmul,medium,warm,200,580.21,580.21,0.0,561.03,19.18,False,,0.0,0.47,4.05,556.5,561.02,6
460,460,genmatrix,large,warm,200,83.69,35.44,48.24,0.82,34.63,False,,0.0,0.02,,0.79,0.82,7
461,461,matrixmul,medium,warm,200,547.32,547.31,0.01,528.72,18.59,False,,0.0,0.34,3.99,524.38,528.72,8
462,462,linpack,large,warm,200,589.01,589.01,0.01,8.22,580.78,False,,0.0,0.54,6.47,1.2,8.22,7
463,463,fastfouriertransform,large,warm,200,24.36,24.36,0.0,4.74,19.62,False,,0.0,3.91,0.01,0.82,4.74,8
464,464,fastfouriertransform,small,warm,200,24.73,24.73,0.01,4.65,20.07,False,,0.0,3.85,0.0,0.79,4.65,6
465,465,fetchdata,medium,warm,200,87.54,87.54,0.01,77.18,10.35,False,77.15,0.0,0.02,0.0,,77.18,6
466,466,fastfouriertransform,small,warm,200,21.93,21.92,0.0,4.74,17.18,False,,0.0,3.89,0.0,0.84,4.74,7
467,467,fetchdata,small,warm,200,92.58,92.58,0.0,78.68,13.9,False,78.65,0.0,0.02,0.0,,78.68,6
468,468,linpack,small,warm,200,18.8,18.8,0.0,5.28,13.52,False,,0.0,0.35,4.15,0.77,5.28,7
469,469,fetchdata,small,warm,200,102.65,102.65,0.0,86.23,16.41,False,86.2,0.0,0.02,0.0,,86.23,5
470,470,matrixmul,medium,warm,200,601.62,601.62,0.0,560.69,40.93,False,,0.0,0.38,4.15,556.15,560.69,6
471,471,linpack,medium,warm,200,666.17,666.16,0.01,649.32,16.84,False,,0.0,0.36,4.03,644.93,649.32,6
472,472,genmatrix,small,warm,200,17.76,17.76,0.0,0.12,17.64,False,,0.0,0.02,,0.1,0.12,5
473,473,fetchdata,medium,warm,200,108.13,108.13,0.0,84.45,23.67,False,84.42,0.0,0.02,0.0,,84.45,5
474,474,genmatrix,large,warm,200,58.78,37.01,21.77,0.87,36.13,False,,0.0,0.02,,0.85,0.87,4
475,475,matrixmul,small,warm,200,31.9,31.89,0.0,4.91,26.98,False,,0.0,0.35,3.97,0.59,4.91,5
476,476,fetchdata,medium,warm,200,101.83,101.83,0.01,86.33,15.5,False,86.29,0.0,0.03,0.0,,86.32,3
477,477,linpack,large,warm,200,18.68,18.68,0.0,5.52,13.16,False,,0.0,0.37,4.35,0.8,5.52,4
478,478,fetchdata,medium,warm,200,97.27,97.26,0.0,81.04,16.22,False,81.01,0.0,0.03,0.0,,81.04,3
479,479,fastfouriertransform,large,warm,200,22.67,22.67,0.0,4.66,18.0,False,,0.0,3.9,0.0,0.76,4.66,4
480,480,fetchdata,large,warm,200,91.09,91.08,0.0,78.55,12.53,False,78.52,0.0,0.02,0.0,,78.55,3
481,481,fetchdata,medium,warm,200,126.63,126.62,0.0,77.68,48.94,False,77.65,0.0,0.02,0.0,,77.68,4
482,482,fetchdata,small,warm,200,149.57,149.57,0.0,75.76,73.81,False,75.73,0.0,0.02,0.0,,75.76,3
483,483,fastfouriertransform,small,warm,200,23.12,23.12,0.0,4.62,18.5,False,,0.0,3.84,0.0,0.78,4.62,4
484,484,genmatrix,large,warm,200,68.04,37.79,30.25,0.84,36.96,False,,0.0,0.02,,0.81,0.83,3
485,485,linpack,medium,warm,200,816.94,816.93,0.01,800.23,16.7,False,,0.0,0.36,4.28,795.58,800.23,2
486,486,matrixmul,small,warm,200,28.58,28.57,0.01,4.98,23.59,False,,0.0,0.36,4.03,0.59,4.98,2
487,487,matrixmul,large,warm,200,28.86,28.85,0.0,5.75,23.11,False,,0.0,0.41,4.4,0.93,5.75,2
488,488,genmatrix,large,warm,200,53.37,39.86,13.5,0.81,39.06,False,,0.0,0.02,,0.78,0.81,2
489,489,matrixmul,medium,warm,200,534.64,534.64,0.0,515.14,19.49,False,,0.0,0.37,4.09,510.68,515.14,3
490,490,linpack,large,warm,200,19.33,19.32,0.0,5.98,13.34,False,,0.0,0.39,4.56,1.03,5.98,3
491,491,matrixmul,medium,warm,200,575.89,575.88,0.01,552.94,22.95,False,,0.0,0.38,4.26,548.29,552.94,3
492,492,fastfouriertransform,large,warm,200,21.4,21.39,0.0,4.7,16.69,False,,0.0,3.88,0.0,0.81,4.7,4
493,493,fastfouriertransform,medium,warm,200,769.95,769.94,0.0,750.3,19.64,False,,0.0,3.89,0.0,746.4,750.3,4
494,494,genmatrix,large,warm,200,48.61,36.45,12.15,0.8,35.65,False,,0.0,0.02,,0.78,0.8,5
495,495,genmatrix,small,warm,200,10.38,10.38,0.01,0.11,10.26,False,,0.0,0.02,,0.09,0.11,5
496,496,fastfouriertransform,small,warm,200,28.2,28.2,0.01,4.73,23.47,False,,0.0,3.91,0.0,0.8,4.73,5
497,497,linpack,large,warm,200,20.12,20.12,0.01,5.15,14.96,False,,0.0,0.35,4.04,0.76,5.15,5
498,498,fastfouriertransform,large,warm,200,24.78,24.77,0.01,4.73,20.04,False,,0.0,3.91,0.0,0.81,4.73,5
499,499,genmatrix,large,warm,200,71.45,38.93,32.53,0.86,38.06,False,,0.0,0.02,,0.84,0.86,5
500,500,fastfouriertransform,small,warm,200,39.6,39.6,0.0,4.7,34.9,False,,0.0,3.87,0.0,0.82,4.7,5
501,501,matrixmul,large,warm,200,28.02,28.01,0.01,5.12,22.9,False,,0.0,0.37,4.09,0.65,5.12,4
502,502,matrixmul,medium,warm,200,539.17,539.17,0.0,518.9,20.27,False,,0.0,0.36,4.01,514.52,518.9,3
503,503,fetchdata,large,warm,200,98.25,98.24,0.0,81.91,16.34,False,81.87,0.0,0.02,0.0,,81.9,3
504,504,matrixmul,large,warm,200,26.27,26.26,0.0,5.17,21.09,False,,0.0,0.36,4.17,0.64,5.17,4
505,505,matrixmul,small,warm,200,26.71,26.71,0.0,5.22,21.48,False,,0.0,0.41,4.16,0.65,5.22,4
506,506,matrixmul,medium,warm,200,579.28,579.27,0.01,559.08,20.19,False,,0.0,0.38,4.11,554.58,559.08,3
507,507,matrixmul,medium,warm,200,851.88,851.87,0.0,549.39,302.49,False,,0.0,0.34,3.98,545.06,549.39,4
508,508,genmatrix,large,warm,200,90.57,37.89,52.68,0.81,37.08,False,,0.0,0.02,,0.78,0.81,5
509,509,fastfouriertransform,small,warm,200,23.75,23.74,0.01,4.68,19.06,False,,0.0,3.9,0.0,0.77,4.68,5
510,510,genmatrix,medium,warm,200,17.57,17.57,0.01,0.2,17.37,False,,0.0,0.02,,0.18,0.2,4
511,511,matrixmul,medium,warm,200,910.87,910.87,0.0,570.91,339.96,False,,0.0,0.38,4.01,566.52,570.91,4
512,512,matrixmul,large,warm,200,876.56,876.55,0.0,5.46,871.09,False,,0.0,0.69,4.18,0.59,5.46,5
513,513,fastfouriertransform,medium,warm,200,766.53,766.52,0.0,748.2,18.32,False,,0.0,3.87,0.0,744.33,748.2,5
514,514,fastfouriertransform,medium,warm,200,775.5,775.49,0.0,755.15,20.34,False,,0.0,3.88,0.0,751.26,755.15,6
515,515,genmatrix,medium,warm,200,22.49,16.47,6.02,0.21,16.26,False,,0.0,0.02,,0.18,0.21,7
516,516,fastfouriertransform,medium,warm,200,1427.45,1427.45,0.0,748.39,679.06,False,,0.0,3.87,0.0,744.5,748.38,7
517,517,linpack,small,warm,200,19.05,19.05,0.01,5.28,13.77,False,,0.0,0.39,4.12,0.76,5.28,8
518,518,linpack,medium,warm,200,778.09,778.09,0.0,762.24,15.85,False,,0.0,0.39,4.46,757.38,762.24,7
519,519,matrixmul,small,warm,200,267.09,267.08,0.01,4.89,262.19,False,,0.0,0.33,3.99,0.56,4.89,8
520,520,fetchdata,large,warm,200,104.61,104.61,0.0,91.71,12.9,False,91.67,0.0,0.02,0.0,,91.71,9
521,521,genmatrix,large,warm,200,79.52,46.79,32.72,1.0,45.79,False,,0.0,0.02,,0.97,1.0,10
522,522,matrixmul,large,warm,200,384.48,384.47,0.01,4.98,379.49,False,,0.0,0.36,4.03,0.59,4.98,11
523,523,matrixmul,small,warm,200,76.54,76.53,0.0,4.87,71.67,False,,0.0,0.33,3.97,0.56,4.87,10
524,524,fetchdata,medium,warm,200,104.43,104.42,0.0,93.1,11.33,False,93.02,0.0,0.07,0.0,,93.1,10
525,525,linpack,small,warm,200,19.75,19.75,0.0,5.05,14.69,False,,0.0,0.35,3.97,0.73,5.05,9
526,526,genmatrix,medium,warm,200,16.46,16.45,0.01,0.22,16.24,False,,0.0,0.02,,0.19,0.22,9
527,527,matrixmul,small,warm,200,23.12,23.11,0.0,4.91,18.2,False,,0.0,0.35,3.99,0.57,4.91,8
528,528,fastfouriertransform,large,warm,200,25.89,25.89,0.01,4.6,21.29,False,,0.0,3.83,0.0,0.76,4.6,8
529,529,linpack,small,warm,200,22.25,22.25,0.0,5.24,17.01,False,,0.0,0.36,4.11,0.77,5.24,7
530,530,fetchdata,medium,warm,200,88.74,88.73,0.0,74.83,13.9,False,74.8,0.0,0.02,0.0,,74.83,3
531,531,linpack,small,warm,200,19.72,19.71,0.0,5.11,14.6,False,,0.0,0.36,3.99,0.76,5.11,4
532,532,linpack,medium,warm,200,730.53,730.53,0.0,712.98,17.55,False,,0.0,0.36,4.15,708.47,712.98,3
533,533,fastfouriertransform,small,warm,200,23.82,23.81,0.0,4.6,19.22,False,,0.0,3.82,0.0,0.78,4.6,4
534,534,fastfouriertransform,medium,warm,200,733.49,733.49,0.0,712.7,20.79,False,,0.0,3.84,0.0,708.85,712.7,3
535,535,fastfouriertransform,large,warm,200,480.38,480.37,0.0,4.66,475.71,False,,0.0,3.82,0.0,0.83,4.66,4
536,536,fetchdata,medium,warm,200,93.8,93.79,0.0,82.08,11.71,False,82.05,0.0,0.02,0.0,,82.08,5
537,537,genmatrix,large,warm,200,62.55,48.94,13.61,0.87,48.07,False,,0.0,0.02,,0.85,0.87,6
538,538,genmatrix,medium,warm,200,28.46,28.46,0.01,0.23,28.23,False,,0.0,0.03,,0.2,0.23,6
539,539,matrixmul,medium,warm,200,577.54,577.54,0.0,558.02,19.52,False,,0.0,0.39,8.07,549.55,558.02,5
540,540,fetchdata,medium,warm,200,95.28,95.27,0.01,84.2,11.07,False,84.16,0.0,0.03,0.0,,84.2,6
541,541,linpack,small,warm,200,16.43,16.43,0.0,5.22,11.21,False,,0.0,0.35,4.1,0.76,5.21,7
542,542,matrixmul,small,warm,200,22.7,22.7,0.0,4.9,17.8,False,,0.0,0.35,3.98,0.56,4.9,6
543,543,linpack,large,warm,200,18.29,18.29,0.01,5.07,13.22,False,,0.0,0.34,3.99,0.74,5.06,6
544,544,fetchdata,small,warm,200,95.25,95.24,0.0,80.33,14.91,False,80.3,0.0,0.02,0.0,,80.33,6
545,545,genmatrix,medium,warm,200,17.07,17.07,0.0,0.22,16.85,False,,0.0,0.02,,0.19,0.22,5
546,546,genmatrix,large,warm,200,84.48,36.48,48.0,0.81,35.67,False,,0.0,0.02,,0.78,0.81,4
547,547,genmatrix,small,warm,200,11.84,11.83,0.0,0.11,11.72,False,,0.0,0.02,,0.09,0.11,4
548,548,genmatrix,large,warm,200,68.3,46.23,22.07,0.96,45.27,False,,0.0,0.02,,0.93,0.96,3
549,549,genmatrix,large,warm,200,59.47,42.44,17.03,0.96,41.48,False,,0.0,0.02,,0.93,0.96,3
550,550,linpack,large,warm,200,29.9,29.9,0.01,5.3,24.6,False,,0.0,0.36,4.16,0.77,5.3,3
551,551,matrixmul,small,warm,200,27.64,27.64,0.01,5.25,22.39,False,,0.0,0.41,4.17,0.67,5.25,1
552,552,matrixmul,large,warm,200,26.09,26.09,0.0,5.08,21.01,False,,0.0,0.4,4.04,0.64,5.08,1
553,553,matrixmul,medium,warm,200,537.18,537.17,0.0,519.33,17.84,False,,0.0,0.38,4.04,514.91,519.33,1
554,554,genmatrix,large,warm,200,72.52,40.86,31.66,0.92,39.93,False,,0.0,0.03,,0.89,0.92,2
555,555,linpack,medium,warm,200,719.1,719.09,0.01,700.66,18.44,False,,0.0,0.39,5.16,695.11,700.65,3
556,556,matrixmul,medium,warm,200,611.02,611.02,0.0,587.19,23.82,False,,0.0,0.39,4.71,582.09,587.19,3
557,557,fetchdata,large,warm,200,95.29,95.29,0.0,84.02,11.26,False,83.98,0.0,0.03,0.0,,84.02,4
558,558,fetchdata,large,warm,200,138.44,138.43,0.0,83.82,54.61,False,83.79,0.0,0.02,0.0,,83.82,5
559,559,matrixmul,small,warm,200,478.05,478.03,0.02,5.3,472.73,False,,0.0,0.42,4.19,0.68,5.3,5
560,560,matrixmul,small,warm,200,203.7,203.69,0.01,4.88,198.8,False,,0.0,0.33,3.99,0.57,4.88,6
561,561,genmatrix,large,warm,200,74.09,35.19,38.9,0.82,34.37,False,,0.0,0.02,,0.8,0.82,6
562,562,matrixmul,large,warm,200,110.48,110.48,0.0,4.94,105.54,False,,0.0,0.4,3.97,0.57,4.94,7
563,563,matrixmul,medium,warm,200,833.39,833.39,0.0,560.45,272.94,False,,0.0,0.4,4.17,555.87,560.44,7
564,564,fetchdata,medium,warm,200,87.8,87.8,0.01,76.65,11.15,False,76.62,0.0,0.02,0.0,,76.64,6
565,565,fastfouriertransform,small,warm,200,22.91,22.91,0.0,4.69,18.21,False,,0.0,3.89,0.0,0.79,4.69,6
566,566,linpack,large,warm,200,21.02,21.02,0.01,5.45,15.57,False,,0.0,0.37,4.3,0.77,5.45,5
567,567,genmatrix,small,warm,200,14.97,14.96,0.0,0.15,14.82,False,,0.0,0.03,,0.11,0.15,5
568,568,matrixmul,small,warm,200,29.21,29.21,0.0,5.01,24.2,False,,0.0,0.37,4.03,0.61,5.0,5
569,569,linpack,medium,warm,200,677.18,677.18,0.01,652.4,24.77,False,,0.0,0.36,4.08,647.96,652.4,3
570,570,fastfouriertransform,large,warm,200,27.62,27.62,0.0,5.24,22.38,False,,0.0,4.3,0.0,0.92,5.23,3
571,571,fetchdata,medium,warm,200,100.92,100.91,0.0,91.4,9.51,False,91.37,0.0,0.03,0.0,,91.4,3
572,572,fetchdata,small,warm,200,139.22,139.22,0.0,86.63,52.59,False,86.6,0.0,0.02,0.0,,86.63,4
573,573,matrixmul,medium,warm,200,539.01,539.01,0.0,521.07,17.94,False,,0.0,0.35,3.96,516.75,521.07,4
574,574,genmatrix,large,warm,200,76.12,33.93,42.19,0.81,33.12,False,,0.0,0.02,,0.78,0.81,5
575,575,matrixmul,large,warm,200,451.73,451.72,0.01,5.02,446.7,False,,0.0,0.35,4.04,0.62,5.02,5
576,576,fastfouriertransform,medium,warm,200,703.66,703.66,0.0,684.19,19.47,False,,0.0,3.82,0.0,680.36,684.19,5
577,577,linpack,medium,warm,200,725.14,725.14,0.0,711.23,13.91,False,,0.0,0.35,4.11,706.77,711.23,6
578,578,genmatrix,large,warm,200,54.02,37.62,16.4,0.82,36.8,False,,0.0,0.02,,0.8,0.82,7
579,579,matrixmul,large,warm,200,52.64,52.64,0.01,4.88,47.76,False,,0.0,0.34,3.98,0.56,4.88,8
580,580,fastfouriertransform,large,warm,200,25.19,25.16,0.03,4.74,20.42,False,,0.0,3.89,0.0,0.84,4.74,6
581,581,fastfouriertransform,small,warm,200,24.27,24.26,0.0,4.68,19.58,False,,0.0,3.88,0.0,0.79,4.68,6
582,582,genmatrix,small,warm,200,11.29,11.29,0.0,0.12,11.17,False,,0.0,0.02,,0.09,0.12,6
583,583,fastfouriertransform,medium,warm,200,770.21,770.2,0.0,745.41,24.8,False,,0.0,3.92,0.0,741.48,745.4,5
584,584,fastfouriertransform,large,warm,200,301.9,301.89,0.01,4.85,297.04,False,,0.0,3.94,0.01,0.9,4.85,4
585,585,fastfouriertransform,medium,warm,200,1397.81,1397.81,0.0,727.98,669.82,False,,0.0,3.85,0.0,724.12,727.98,5
586,586,fetchdata,large,warm,200,91.26,91.26,0.01,80.59,10.67,False,80.56,0.0,0.02,0.0,,80.59,6
587,587,genmatrix,small,warm,200,10.66,10.65,0.0,0.11,10.54,False,,0.0,0.02,,0.09,0.11,7
588,588,fastfouriertransform,medium,cold,200,1980.3,1980.3,0.0,728.92,1251.39,False,,0.0,4.02,0.01,724.88,728.91,6
589,589,fastfouriertransform,medium,warm,200,815.46,815.45,0.01,748.85,66.6,False,,0.0,3.97,0.0,744.87,748.85,7
590,590,genmatrix,medium,warm,200,14.18,14.18,0.0,0.22,13.96,False,,0.0,0.02,,0.19,0.22,8
591,591,matrixmul,small,warm,200,21.54,21.54,0.0,4.9,16.64,False,,0.0,0.35,3.98,0.56,4.9,6
592,592,fetchdata,large,warm,200,87.38,87.37,0.01,75.36,12.01,False,75.33,0.0,0.02,0.0,,75.36,5
593,593,matrixmul,large,warm,200,22.5,22.49,0.0,5.05,17.44,False,,0.0,0.38,4.08,0.6,5.05,6
594,594,fetchdata,small,warm,200,86.38,86.38,0.0,75.0,11.37,False,74.98,0.0,0.02,0.0,,75.0,5
595,595,fetchdata,small,warm,200,114.6,114.59,0.0,76.73,37.86,False,76.7,0.0,0.02,0.0,,76.73,6
596,596,linpack,medium,warm,200,729.77,729.77,0.01,715.84,13.93,False,,0.0,0.36,4.0,711.47,715.84,6
597,597,linpack,large,warm,200,20.34,20.33,0.01,5.73,14.61,False,,0.0,0.4,4.32,1.01,5.73,7
598,598,fetchdata,medium,warm,200,92.53,92.52,0.0,77.67,14.86,False,77.64,0.0,0.02,0.0,,77.67,6
599,599,linpack,small,warm,200,25.56,25.56,0.0,6.12,19.44,False,,0.0,0.42,4.84,0.86,6.12,6
600,600,fetchdata,medium,warm,200,91.63,91.62,0.0,79.35,12.27,False,79.31,0.0,0.03,0.0,,79.35,5
601,601,genmatrix,medium,warm,200,14.13,14.12,0.0,0.21,13.91,False,,0.0,0.02,,0.18,0.21,6
602,602,genmatrix,large,warm,200,56.14,37.9,18.24,0.89,37.01,False,,0.0,0.02,,0.86,0.89,5
603,603,fastfouriertransform,medium,warm,200,846.35,846.34,0.0,733.55,112.79,False,,0.0,3.91,0.0,729.62,733.54,6
604,604,genmatrix,large,warm,200,50.46,35.78,14.68,0.81,34.97,False,,0.0,0.02,,0.78,0.81,6
605,605,linpack,small,warm,200,60.25,60.24,0.01,5.05,55.19,False,,0.0,0.33,3.98,0.74,5.05,6
606,606,fastfouriertransform,medium,warm,200,1424.42,1424.42,0.0,721.68,702.74,False,,0.0,4.88,0.01,716.79,721.68,6
607,607,genmatrix,large,warm,200,53.1,35.26,17.84,0.82,34.44,False,,0.0,0.02,,0.79,0.82,6
608,608,genmatrix,large,warm,200,57.62,35.64,21.98,0.84,34.8,False,,0.0,0.02,,0.81,0.84,7
609,609,matrixmul,large,warm,200,25.36,25.35,0.0,4.99,20.36,False,,0.0,0.35,4.04,0.59,4.99,7
610,610,genmatrix,medium,warm,200,13.67,13.66,0.0,0.21,13.45,False,,0.0,0.02,,0.19,0.21,6
611,611,genmatrix,small,warm,200,11.53,11.52,0.01,0.11,11.41,False,,0.0,0.02,,0.09,0.11,5
612,612,matrixmul,medium,warm,200,605.21,605.21,0.0,583.68,21.53,False,,0.0,0.36,4.04,579.28,583.68,5
613,613,fastfouriertransform,small,warm,200,742.17,742.17,0.01,4.71,737.45,False,,0.0,3.87,0.0,0.84,4.71,5
614,614,matrixmul,large,warm,200,29.75,29.75,0.0,5.03,24.72,False,,0.0,0.41,4.01,0.6,5.03,6
615,615,genmatrix,large,warm,200,54.25,41.58,12.67,0.87,40.71,False,,0.0,0.02,,0.84,0.87,6
616,616,genmatrix,large,warm,200,68.43,43.43,25.0,0.9,42.53,False,,0.0,0.02,,0.87,0.9,7
617,617,genmatrix,small,warm,200,13.89,13.88,0.0,0.13,13.75,False,,0.0,0.03,,0.1,0.13,7
618,618,matrixmul,medium,warm,200,557.97,557.97,0.01,538.79,19.18,False,,0.0,0.35,4.0,534.43,538.79,6
619,619,fastfouriertransform,large,warm,200,461.57,461.57,0.0,4.79,456.78,False,,0.0,3.95,0.0,0.83,4.79,7
620,620,fastfouriertransform,large,warm,200,727.56,727.55,0.0,4.96,722.59,False,,0.0,3.98,0.0,0.96,4.96,7
621,621,matrixmul,medium,warm,200,716.45,711.92,4.53,550.78,161.14,False,,0.0,0.35,4.03,546.39,550.78,8
622,622,fetchdata,large,warm,200,108.61,108.61,0.0,90.92,17.69,False,90.89,0.0,0.02,0.0,,90.92,9
623,623,genmatrix,small,warm,200,10.57,10.56,0.0,0.11,10.45,False,,0.0,0.02,,0.08,0.11,10
624,624,fetchdata,large,warm,200,84.86,84.86,0.0,75.86,9.0,False,75.82,0.0,0.03,0.0,,75.86,10
625,625,genmatrix,large,warm,200,57.11,35.35,21.76,0.84,34.51,False,,0.0,0.02,,0.81,0.84,9
626,626,fetchdata,large,warm,200,85.44,85.43,0.0,75.29,10.15,False,75.26,0.0,0.02,0.0,,75.29,9
627,627,fastfouriertransform,large,warm,200,385.17,385.17,0.01,4.95,380.22,False,,0.0,3.91,0.0,1.03,4.95,9
628,628,fastfouriertransform,medium,warm,200,761.5,761.5,0.0,743.52,17.98,False,,0.0,3.97,0.0,739.54,743.52,7
629,629,matrixmul,small,warm,200,27.68,27.68,0.0,5.21,22.47,False,,0.0,0.41,4.12,0.67,5.2,7
630,630,linpack,medium,warm,200,671.42,671.42,0.01,657.85,13.56,False,,0.0,0.38,4.03,653.43,657.85,6
631,631,fetchdata,small,warm,200,98.49,98.48,0.01,84.68,13.8,False,84.64,0.0,0.03,0.0,,84.68,7
632,632,genmatrix,medium,warm,200,14.41,14.41,0.0,0.23,14.18,False,,0.0,0.02,,0.2,0.23,8
633,633,matrixmul,small,warm,200,24.14,24.14,0.0,5.04,19.09,False,,0.0,0.36,4.08,0.6,5.04,7
634,634,fetchdata,small,warm,200,99.2,99.2,0.0,84.82,14.38,False,84.78,0.0,0.02,0.0,,84.81,7
635,635,linpack,medium,warm,200,761.3,761.3,0.0,736.79,24.5,False,,0.0,0.36,4.12,732.31,736.79,5
636,636,linpack,large,warm,200,382.68,382.67,0.0,5.05,377.62,False,,0.0,0.33,3.98,0.73,5.05,5
637,637,genmatrix,small,warm,200,11.36,11.35,0.0,0.12,11.24,False,,0.0,0.02,,0.09,0.12,5
638,638,genmatrix,medium,warm,200,12.92,12.92,0.0,0.22,12.7,False,,0.0,0.02,,0.19,0.22,5
639,639,genmatrix,large,warm,200,46.64,35.62,11.02,0.86,34.76,False,,0.0,0.02,,0.84,0.86,5
640,640,genmatrix,small,warm,200,16.58,16.58,0.0,0.13,16.45,False,,0.0,0.03,,0.1,0.13,6
641,641,matrixmul,small,warm,200,24.28,24.28,0.01,4.98,19.3,False,,0.0,0.36,4.04,0.57,4.98,5
642,642,fetchdata,small,warm,200,131.24,131.23,0.01,118.29,12.95,False,118.26,0.0,0.02,0.0,,118.29,5
643,643,matrixmul,large,warm,200,28.92,20.51,8.41,4.93,15.58,False,,0.0,0.35,4.0,0.57,4.93,6
644,644,genmatrix,small,warm,200,11.48,11.48,0.01,0.12,11.35,False,,0.0,0.02,,0.1,0.12,3
645,645,matrixmul,small,warm,200,25.3,25.3,0.01,5.23,20.07,False,,0.0,0.36,4.18,0.68,5.23,2
646,646,genmatrix,large,warm,200,81.29,42.26,39.04,0.9,41.36,False,,0.0,0.03,,0.87,0.9,2
647,647,fastfouriertransform,medium,warm,200,759.54,759.53,0.01,732.0,27.53,False,,0.0,4.84,0.01,727.15,732.0,3
648,648,genmatrix,large,warm,200,72.08,41.22,30.86,0.92,40.3,False,,0.0,0.03,,0.89,0.92,3
649,649,genmatrix,large,warm,200,53.83,39.82,14.01,0.86,38.97,False,,0.0,0.02,,0.83,0.86,4
650,650,matrixmul,large,warm,200,21.35,21.34,0.01,4.91,16.43,False,,0.0,0.35,3.98,0.58,4.91,2
651,651,genmatrix,small,warm,200,11.67,11.67,0.0,0.13,11.53,False,,0.0,0.03,,0.1,0.13,2
652,652,fetchdata,medium,warm,200,89.38,89.38,0.0,77.74,11.64,False,77.71,0.0,0.02,0.0,,77.74,2
653,653,fastfouriertransform,large,warm,200,21.4,21.4,0.0,5.01,16.39,False,,0.0,4.14,0.0,0.86,5.01,3
654,654,linpack,medium,warm,200,748.46,748.45,0.0,732.77,15.68,False,,0.0,0.37,4.14,728.25,732.77,2
655,655,linpack,small,warm,200,15.77,15.77,0.0,5.13,10.64,False,,0.0,0.35,4.02,0.76,5.13,3
656,656,fastfouriertransform,large,warm,200,23.15,23.14,0.0,4.66,18.48,False,,0.0,3.85,0.0,0.8,4.66,3
657,657,matrixmul,large,warm,200,22.02,22.02,0.0,4.9,17.11,False,,0.0,0.36,3.96,0.58,4.9,3
658,658,genmatrix,large,warm,200,67.62,42.27,25.35,0.87,41.4,False,,0.0,0.02,,0.84,0.86,3
659,659,matrixmul,small,warm,200,31.29,31.28,0.0,5.01,26.27,False,,0.0,0.38,4.01,0.62,5.01,4
660,660,fetchdata,small,warm,200,93.12,93.11,0.01,80.63,12.48,False,80.59,0.0,0.03,0.0,,80.63,3
661,661,fastfouriertransform,medium,warm,200,775.02,775.02,0.0,754.94,20.07,False,,0.0,4.04,0.0,750.9,754.94,4
662,662,matrixmul,small,warm,200,26.26,26.25,0.01,5.04,21.22,False,,0.0,0.36,4.04,0.63,5.04,4
663,663,fastfouriertransform,small,warm,200,25.84,25.84,0.0,5.09,20.75,False,,0.0,4.17,0.01,0.91,5.09,3
664,664,linpack,small,warm,200,39.12,39.12,0.0,5.08,34.04,False,,0.0,0.34,4.0,0.73,5.08,3
665,665,matrixmul,medium,warm,200,577.09,577.09,0.0,559.78,17.31,False,,0.0,0.36,8.05,551.36,559.78,3
666,666,genmatrix,large,warm,200,54.04,35.17,18.87,0.78,34.38,False,,0.0,0.02,,0.76,0.78,4
667,667,linpack,medium,warm,200,704.43,704.42,0.0,693.31,11.11,False,,0.0,0.35,3.99,688.96,693.31,5
668,668,linpack,large,warm,200,18.11,18.1,0.0,5.13,12.97,False,,0.0,0.35,4.01,0.77,5.13,5
669,669,fetchdata,medium,warm,200,88.45,88.44,0.0,80.0,8.44,False,79.96,0.0,0.03,0.0,,80.0,4
670,670,fastfouriertransform,medium,warm,200,774.31,774.3,0.01,724.14,50.17,False,,0.0,3.82,0.0,720.31,724.14,5
671,671,linpack,medium,warm,200,719.4,719.39,0.0,707.4,11.99,False,,0.0,0.35,4.02,703.03,707.4,5
672,672,genmatrix,small,warm,200,10.19,10.19,0.0,0.11,10.08,False,,0.0,0.02,,0.09,0.11,6
673,673,genmatrix,small,warm,200,10.38,10.38,0.0,0.12,10.25,False,,0.0,0.02,,0.1,0.12,6
674,674,matrixmul,medium,warm,200,541.23,541.23,0.01,521.74,19.48,False,,0.0,0.37,4.05,517.31,521.74,6
675,675,fetchdata,medium,warm,200,104.65,104.65,0.0,92.2,12.45,False,92.16,0.0,0.03,0.0,,92.2,7
676,676,fastfouriertransform,large,warm,200,33.6,33.59,0.01,4.91,28.69,False,,0.0,4.02,0.0,0.87,4.9,8
677,677,genmatrix,large,warm,200,84.91,44.22,40.69,1.16,43.06,False,,0.0,0.03,,1.1,1.16,6
678,678,genmatrix,small,warm,200,12.63,12.63,0.0,0.13,12.5,False,,0.0,0.02,,0.1,0.13,6
679,679,matrixmul,medium,warm,200,570.61,570.6,0.0,551.07,19.53,False,,0.0,0.37,4.07,546.63,551.07,5
680,680,fetchdata,small,warm,200,99.69,99.69,0.0,87.17,12.52,False,87.14,0.0,0.02,0.0,,87.17,6
681,681,matrixmul,small,warm,200,205.21,205.2,0.01,4.89,200.31,False,,0.0,0.36,3.96,0.57,4.89,7
682,682,fetchdata,large,warm,200,109.52,109.52,0.0,90.43,19.09,False,90.39,0.0,0.03,0.0,,90.43,7
683,683,linpack,small,warm,200,17.42,17.42,0.0,5.23,12.19,False,,0.0,0.34,4.14,0.74,5.23,7
684,684,fastfouriertransform,medium,warm,200,782.42,782.42,0.01,760.71,21.7,False,,0.0,3.92,0.0,756.78,760.71,7
685,685,fetchdata,small,warm,200,86.68,86.68,0.01,76.24,10.44,False,76.21,0.0,0.02,0.0,,76.23,6
686,686,linpack,small,warm,200,19.05,19.05,0.0,5.38,13.67,False,,0.0,0.36,4.23,0.78,5.38,4
687,687,fastfouriertransform,large,warm,200,23.47,23.47,0.0,4.65,18.82,False,,0.0,3.86,0.0,0.78,4.65,3
688,688,fetchdata,large,warm,200,93.46,93.46,0.0,77.98,15.48,False,77.94,0.0,0.02,0.0,,77.97,3
689,689,fetchdata,small,warm,200,129.63,129.62,0.01,78.4,51.23,False,78.37,0.0,0.02,0.0,,78.4,4
690,690,genmatrix,small,warm,200,11.48,11.47,0.01,0.14,11.33,False,,0.0,0.03,,0.11,0.14,4
691,691,linpack,small,warm,200,18.4,18.4,0.0,5.5,12.9,False,,0.0,0.38,4.22,0.89,5.5,3
692,692,genmatrix,small,warm,200,11.38,11.36,0.02,0.13,11.23,False,,0.0,0.03,,0.1,0.13,2
693,693,fetchdata,large,warm,200,92.48,92.48,0.0,80.03,12.45,False,80.0,0.0,0.02,0.0,,80.03,2
694,694,genmatrix,small,warm,200,9.24,9.24,0.0,0.12,9.11,False,,0.0,0.02,,0.1,0.12,3
695,695,fastfouriertransform,large,warm,200,24.32,24.31,0.01,5.06,19.26,False,,0.0,4.04,0.01,1.01,5.05,2
696,696,fastfouriertransform,small,warm,200,27.56,27.55,0.0,5.4,22.15,False,,0.0,4.6,0.0,0.79,5.4,2
697,697,fastfouriertransform,medium,warm,200,725.1,725.1,0.0,705.62,19.48,False,,0.0,3.82,0.0,701.78,705.62,2
698,698,fetchdata,large,warm,200,87.2,87.2,0.0,77.16,10.04,False,77.12,0.0,0.03,0.0,,77.16,3
699,699,genmatrix,small,warm,200,9.77,9.77,0.0,0.11,9.66,False,,0.0,0.02,,0.09,0.11,4
700,700,fetchdata,medium,warm,200,87.9,87.9,0.0,75.0,12.9,False,74.97,0.0,0.02,0.0,,75.0,2
701,701,fastfouriertransform,small,warm,200,24.61,24.61,0.0,4.6,20.01,False,,0.0,3.85,0.0,0.74,4.6,3
702,702,matrixmul,large,warm,200,23.84,23.84,0.0,4.92,18.92,False,,0.0,0.36,3.99,0.56,4.92,2
703,703,fastfouriertransform,large,warm,200,24.45,24.45,0.0,4.6,19.85,False,,0.0,3.85,0.0,0.74,4.6,2
704,704,fastfouriertransform,medium,warm,200,748.21,748.17,0.04,726.53,21.64,False,,0.0,3.88,0.0,722.64,726.53,2
705,705,matrixmul,medium,warm,200,545.08,545.07,0.0,528.41,16.67,False,,0.0,0.39,4.11,523.9,528.4,3
706,706,linpack,large,warm,200,22.95,22.95,0.01,5.85,17.1,False,,0.0,0.46,4.5,0.88,5.85,4
707,707,fastfouriertransform,medium,warm,200,940.36,940.35,0.01,711.3,229.05,False,,0.0,3.95,0.0,707.33,711.3,4
708,708,linpack,small,warm,200,19.99,19.98,0.0,7.1,12.89,False,,0.0,0.36,4.18,2.55,7.1,5
709,709,linpack,small,warm,200,18.69,18.68,0.0,5.88,12.8,False,,0.0,0.46,4.5,0.92,5.88,5
710,710,linpack,medium,warm,200,796.26,796.26,0.01,779.89,16.36,False,,0.0,0.37,4.34,775.17,779.89,5
711,711,matrixmul,large,warm,200,23.89,23.89,0.0,5.28,18.61,False,,0.0,0.39,4.1,0.78,5.28,6
712,712,fastfouriertransform,small,warm,200,691.74,691.74,0.0,4.79,686.94,False,,0.0,3.93,0.0,0.85,4.79,5
713,713,matrixmul,medium,warm,200,577.95,577.94,0.01,560.21,17.74,False,,0.0,0.36,4.15,555.68,560.21,6
714,714,matrixmul,large,warm,200,544.21,544.2,0.01,5.11,539.09,False,,0.0,0.37,4.1,0.63,5.11,7
715,715,fastfouriertransform,medium,warm,200,958.09,958.09,0.0,753.66,204.43,False,,0.0,3.86,0.0,749.79,753.66,8
716,716,matrixmul,small,warm,200,21.86,21.85,0.01,4.91,16.94,False,,0.0,0.35,3.99,0.56,4.91,8
717,717,fastfouriertransform,medium,warm,200,1614.53,1614.53,0.01,752.34,862.18,False,,0.0,3.91,0.0,748.43,752.34,8
718,718,linpack,small,warm,200,17.56,17.56,0.0,5.35,12.21,False,,0.0,0.38,4.18,0.79,5.35,9
719,719,fastfouriertransform,small,warm,200,357.49,357.49,0.01,4.76,352.73,False,,0.0,3.9,0.0,0.85,4.76,8
720,720,genmatrix,large,warm,200,56.14,39.77,16.37,0.85,38.92,False,,0.0,0.02,,0.83,0.85,9
721,721,linpack,large,warm,200,21.06,21.06,0.0,5.38,15.68,False,,0.0,0.37,4.1,0.91,5.38,9
722,722,genmatrix,medium,warm,200,19.05,19.04,0.0,0.22,18.82,False,,0.0,0.02,,0.2,0.22,9
723,723,linpack,large,warm,200,20.91,20.9,0.01,6.45,14.46,False,,0.0,0.37,5.25,0.82,6.45,9
724,724,genmatrix,medium,warm,200,18.67,18.66,0.01,0.23,18.43,False,,0.0,0.03,,0.2,0.23,9
725,725,linpack,large,warm,200,22.12,22.11,0.01,5.05,17.07,False,,0.0,0.33,3.97,0.74,5.05,7
726,726,matrixmul,small,warm,200,25.36,25.36,0.01,5.16,20.2,False,,0.0,0.41,4.09,0.66,5.16,4
727,727,fastfouriertransform,large,warm,200,24.09,24.09,0.0,4.99,19.1,False,,0.0,4.03,0.01,0.94,4.98,3
728,728,linpack,large,warm,200,18.29,18.28,0.0,5.05,13.24,False,,0.0,0.33,3.97,0.74,5.05,3
729,729,fetchdata,medium,warm,200,87.93,87.93,0.0,77.9,10.03,False,77.87,0.0,0.02,0.0,,77.9,3
730,730,matrixmul,small,warm,200,20.79,20.79,0.0,5.18,15.61,False,,0.0,0.36,4.2,0.61,5.18,4
731,731,matrixmul,medium,warm,200,582.29,582.28,0.01,562.62,19.66,False,,0.0,0.36,4.11,558.15,562.62,3
732,732,matrixmul,medium,warm,200,545.99,545.98,0.01,527.95,18.03,False,,0.0,0.35,3.98,523.62,527.95,4
733,733,matrixmul,large,warm,200,509.69,509.69,0.0,4.91,504.78,False,,0.0,0.36,3.97,0.57,4.91,5
734,734,fastfouriertransform,medium,warm,200,744.25,744.24,0.0,725.76,18.48,False,,0.0,3.99,0.01,721.77,725.76,6
735,735,matrixmul,medium,warm,200,934.69,934.68,0.0,545.82,388.86,False,,0.0,0.46,4.1,541.24,545.82,6
736,736,genmatrix,medium,warm,200,24.46,22.0,2.45,0.25,21.75,False,,0.0,0.03,,0.22,0.25,7
737,737,fetchdata,large,warm,200,110.86,110.86,0.01,91.32,19.54,False,91.26,0.0,0.03,0.0,,91.32,7
738,738,matrixmul,small,warm,200,266.62,266.62,0.01,4.89,261.73,False,,0.0,0.33,3.99,0.57,4.89,8
739,739,fastfouriertransform,small,warm,200,513.6,513.6,0.0,4.58,509.01,False,,0.0,3.86,0.0,0.72,4.58,9
740,740,fastfouriertransform,medium,warm,200,1185.84,1185.83,0.0,743.9,441.93,False,,0.0,3.84,0.0,740.05,743.9,9
741,741,fastfouriertransform,large,cold,200,1141.19,1141.18,0.0,4.54,1136.64,False,,0.0,3.82,0.0,0.71,4.54,10
742,742,genmatrix,small,warm,200,8.28,8.28,0.0,0.11,8.17,False,,0.0,0.02,,0.09,0.11,11
743,743,linpack,small,warm,200,20.41,20.41,0.0,5.44,14.97,False,,0.0,0.36,4.25,0.82,5.44,9
744,744,linpack,large,warm,200,16.81,16.8,0.01,5.4,11.4,False,,0.0,0.36,4.23,0.8,5.4,7
745,745,linpack,medium,warm,200,715.73,715.73,0.0,704.48,11.25,False,,0.0,0.33,4.11,700.03,704.48,7
746,746,fastfouriertransform,medium,warm,200,889.83,889.82,0.0,725.62,164.2,False,,0.0,3.82,0.0,721.79,725.62,8
747,747,genmatrix,large,warm,200,46.39,35.12,11.27,0.83,34.29,False,,0.0,0.02,,0.81,0.83,9
748,748,matrixmul,large,warm,200,26.97,26.97,0.01,4.88,22.09,False,,0.0,0.35,3.96,0.56,4.88,9
749,749,fastfouriertransform,medium,warm,200,1504.47,1504.47,0.0,758.95,745.51,False,,0.0,3.88,0.0,755.06,758.95,8
750,750,linpack,medium,warm,200,729.65,729.65,0.01,714.86,14.78,False,,0.0,0.38,4.0,710.48,714.86,7
751,751,genmatrix,small,warm,200,12.49,12.48,0.0,0.15,12.33,False,,0.0,0.03,,0.11,0.15,8
752,752,linpack,large,warm,200,19.62,19.62,0.0,5.57,14.04,False,,0.0,0.39,4.35,0.83,5.57,8
753,753,fetchdata,small,warm,200,97.42,97.42,0.0,81.06,16.36,False,81.01,0.0,0.03,0.0,,81.06,8
754,754,matrixmul,small,warm,200,28.03,28.03,0.0,5.14,22.89,False,,0.0,0.41,4.09,0.63,5.14,8
755,755,fastfouriertransform,medium,warm,200,1163.44,1163.44,0.01,709.42,454.01,False,,0.0,3.81,0.0,705.6,709.42,7
756,756,linpack,medium,warm,200,892.47,892.47,0.01,879.88,12.59,False,,0.0,0.54,6.31,873.02,879.88,8
757,757,fastfouriertransform,medium,cold,200,1886.41,1886.41,0.0,786.35,1100.06,False,,0.0,3.88,0.0,782.46,786.35,9
758,758,linpack,small,warm,200,801.49,801.48,0.0,5.65,795.83,False,,0.0,0.37,4.46,0.82,5.65,10
759,759,matrixmul,large,warm,200,20.48,20.48,0.01,4.93,15.55,False,,0.0,0.35,4.0,0.58,4.93,11
760,760,linpack,large,warm,200,235.49,235.49,0.0,5.11,230.37,False,,0.0,0.35,4.0,0.76,5.11,10
761,761,linpack,small,warm,200,17.34,17.34,0.0,5.43,11.91,False,,0.0,0.37,4.18,0.88,5.43,11
762,762,linpack,large,warm,200,18.7,18.69,0.01,5.05,13.64,False,,0.0,0.33,3.98,0.73,5.05,11
763,763,genmatrix,small,warm,200,14.45,14.45,0.0,0.11,14.34,False,,0.0,0.02,,0.08,0.11,11
764,764,fetchdata,medium,warm,200,84.57,84.56,0.01,73.59,10.97,False,73.56,0.0,0.02,0.0,,73.58,8
765,765,genmatrix,medium,warm,200,14.33,14.33,0.0,0.22,14.11,False,,0.0,0.02,,0.19,0.22,7
766,766,genmatrix,small,warm,200,13.7,13.7,0.0,0.14,13.56,False,,0.0,0.03,,0.1,0.14,6
767,767,fetchdata,small,warm,200,89.25,89.25,0.0,79.46,9.78,False,79.44,0.0,0.02,0.0,,79.46,6
768,768,linpack,large,warm,200,18.28,18.27,0.0,5.41,12.86,False,,0.0,0.37,4.01,1.03,5.41,7
769,769,matrixmul,small,warm,200,24.19,24.18,0.01,5.17,19.01,False,,0.0,0.37,4.15,0.65,5.17,6
770,770,fetchdata,large,warm,200,88.19,88.19,0.0,78.05,10.14,False,78.01,0.0,0.03,0.0,,78.05,6
771,771,fastfouriertransform,small,warm,200,366.07,366.07,0.0,4.65,361.42,False,,0.0,3.87,0.0,0.77,4.65,7
772,772,linpack,small,warm,200,20.05,20.04,0.01,7.08,12.97,False,,0.0,0.48,5.58,1.02,7.08,7
773,773,matrixmul,medium,warm,200,590.22,587.89,2.33,570.1,17.79,False,,0.0,0.37,4.56,565.15,570.09,7
774,774,matrixmul,medium,warm,200,550.35,546.53,3.82,530.29,16.24,False,,0.0,0.35,3.98,525.95,530.28,6
775,775,fetchdata,medium,warm,200,90.67,90.67,0.0,80.03,10.64,False,80.0,0.0,0.02,0.0,,80.03,7
776,776,genmatrix,large,warm,200,51.72,38.86,12.86,0.8,38.06,False,,0.0,0.02,,0.78,0.8,8
777,777,genmatrix,large,warm,200,48.88,35.83,13.06,0.79,35.04,False,,0.0,0.02,,0.76,0.79,8
778,778,linpack,small,warm,200,21.49,21.49,0.01,7.53,13.95,False,,0.0,0.48,5.94,1.1,7.53,5
779,779,fastfouriertransform,small,warm,200,24.58,24.58,0.0,4.68,19.9,False,,0.0,3.88,0.0,0.79,4.68,5
780,780,fetchdata,large,warm,200,94.46,94.45,0.0,81.1,13.35,False,81.06,0.0,0.03,0.0,,81.1,4
781,781,fastfouriertransform,large,warm,200,22.98,22.97,0.0,4.84,18.13,False,,0.0,3.92,0.0,0.91,4.84,5
782,782,fastfouriertransform,medium,warm,200,735.83,735.82,0.0,718.55,17.28,False,,0.0,3.88,0.0,714.66,718.54,4
783,783,matrixmul,large,warm,200,105.38,99.42,5.96,5.11,94.32,False,,0.0,0.37,4.09,0.64,5.11,5
784,784,matrixmul,medium,warm,200,579.8,574.18,5.62,519.75,54.42,False,,0.0,0.41,4.0,515.35,519.75,6
785,785,linpack,medium,warm,200,710.09,710.09,0.0,696.46,13.63,False,,0.0,0.57,4.62,691.26,696.46,6
786,786,matrixmul,medium,warm,200,564.75,564.75,0.0,545.67,19.08,False,,0.0,0.41,4.1,541.16,545.67,5
787,787,fetchdata,large,warm,200,96.71,96.71,0.0,85.57,11.14,False,85.54,0.0,0.02,0.0,,85.57,6
788,788,fastfouriertransform,medium,warm,200,1073.81,1073.81,0.0,735.33,338.48,False,,0.0,3.88,0.0,731.44,735.33,7
789,789,matrixmul,small,warm,200,338.52,338.52,0.0,4.93,333.59,False,,0.0,0.33,4.01,0.58,4.93,7
790,790,genmatrix,large,warm,200,57.42,33.89,23.53,0.84,33.06,False,,0.0,0.02,,0.81,0.83,8
791,791,linpack,medium,warm,200,792.49,792.48,0.0,777.38,15.11,False,,0.0,0.36,4.24,772.77,777.38,9
792,792,linpack,large,warm,200,746.77,746.77,0.0,5.62,741.14,False,,0.0,0.37,4.45,0.8,5.62,9
793,793,genmatrix,small,warm,200,10.14,10.14,0.0,0.11,10.02,False,,0.0,0.02,,0.09,0.11,10
794,794,fetchdata,medium,warm,200,88.8,88.8,0.0,79.18,9.62,False,79.14,0.0,0.02,0.0,,79.17,10
795,795,linpack,small,warm,200,218.61,218.61,0.01,5.5,213.11,False,,0.0,0.41,4.19,0.89,5.5,10
796,796,fastfouriertransform,small,warm,200,682.61,682.61,0.01,4.73,677.87,False,,0.0,3.9,0.0,0.83,4.73,8
797,797,genmatrix,small,warm,200,13.49,13.48,0.0,0.14,13.34,False,,0.0,0.03,,0.11,0.14,8
798,798,fetchdata,medium,warm,200,88.6,88.59,0.0,77.06,11.54,False,77.03,0.0,0.02,0.0,,77.05,7
799,799,genmatrix,medium,warm,200,17.21,17.21,0.0,0.33,16.87,False,,0.0,0.08,,0.25,0.33,8
800,800,fastfouriertransform,small,warm,200,23.84,23.84,0.0,4.9,18.93,False,,0.0,3.97,0.01,0.92,4.9,5
801,801,matrixmul,large,warm,200,23.83,23.82,0.01,5.12,18.7,False,,0.0,0.37,4.04,0.71,5.12,5
802,802,matrixmul,small,warm,200,22.73,22.73,0.0,5.19,17.54,False,,0.0,0.39,4.09,0.7,5.18,5
803,803,fetchdata,medium,warm,200,91.36,91.36,0.0,79.63,11.73,False,79.59,0.0,0.03,0.0,,79.63,5
804,804,linpack,large,warm,200,15.6,15.6,0.0,5.06,10.54,False,,0.0,0.34,3.97,0.74,5.06,6
805,805,fetchdata,large,warm,200,92.14,92.14,0.0,76.77,15.37,False,76.74,0.0,0.02,0.0,,76.77,5
806,806,linpack,large,warm,200,17.93,17.93,0.01,5.19,12.74,False,,0.0,0.38,4.03,0.77,5.19,6
807,807,genmatrix,small,warm,200,12.25,12.24,0.01,0.11,12.13,False,,0.0,0.02,,0.09,0.11,3
808,808,matrixmul,large,warm,200,22.53,22.53,0.0,5.0,17.53,False,,0.0,0.36,4.05,0.59,5.0,3
809,809,fastfouriertransform,medium,warm,200,624.38,624.37,0.0,605.21,19.16,False,,0.0,3.86,0.0,601.34,605.21,3
810,810,fastfouriertransform,medium,warm,200,670.04,670.04,0.0,652.19,17.84,False,,0.0,3.87,0.0,648.31,652.19,2
811,811,fastfouriertransform,medium,warm,200,1230.31,1230.31,0.0,702.33,527.98,False,,0.0,3.8,0.0,698.52,702.33,3
812,812,linpack,medium,warm,200,672.77,672.77,0.0,659.19,13.57,False,,0.0,0.35,4.21,654.62,659.19,4
813,813,linpack,medium,warm,200,666.65,666.65,0.0,650.44,16.21,False,,0.0,0.34,3.97,646.13,650.44,5
814,814,matrixmul,medium,warm,200,542.14,542.14,0.0,524.83,17.31,False,,0.0,0.36,4.09,520.37,524.83,6
815,815,fastfouriertransform,medium,warm,200,1166.0,1165.99,0.0,738.85,427.15,False,,0.0,3.83,0.0,735.01,738.85,7
816,816,fastfouriertransform,medium,cold,200,1878.6,1878.6,0.0,766.4,1112.19,False,,0.0,4.38,0.0,762.01,766.4,8
817,817,fetchdata,large,warm,200,89.06,89.05,0.01,76.87,12.18,False,76.84,0.0,0.02,0.0,,76.87,9
818,818,matrixmul,large,warm,200,20.97,20.97,0.0,5.04,15.93,False,,0.0,0.35,4.09,0.61,5.04,10
819,819,genmatrix,small,warm,200,11.27,11.27,0.01,0.11,11.16,False,,0.0,0.02,,0.08,0.11,9
820,820,matrixmul,small,warm,200,22.67,22.67,0.0,4.98,17.69,False,,0.0,0.35,4.0,0.63,4.98,9
821,821,fetchdata,medium,warm,200,85.27,85.26,0.01,74.85,10.41,False,74.82,0.0,0.02,0.0,,74.85,9
822,822,linpack,medium,warm,200,814.28,814.27,0.0,802.11,12.16,False,,0.0,0.37,4.22,797.52,802.11,9
823,823,linpack,small,warm,200,18.73,18.73,0.0,5.03,13.7,False,,0.0,0.33,3.96,0.73,5.03,9
824,824,matrixmul,medium,warm,200,582.33,582.33,0.0,566.37,15.96,False,,0.0,0.44,5.49,560.42,566.36,8
825,825,genmatrix,small,warm,200,10.52,10.51,0.01,0.11,10.41,False,,0.0,0.02,,0.08,0.11,8
826,826,genmatrix,small,warm,200,12.36,12.36,0.0,0.11,12.24,False,,0.0,0.02,,0.09,0.11,7
827,827,fastfouriertransform,large,warm,200,435.33,435.33,0.01,4.59,430.74,False,,0.0,3.83,0.0,0.76,4.59,6
828,828,fastfouriertransform,large,cold,200,1284.68,1284.67,0.0,4.76,1279.91,False,,0.0,4.01,0.0,0.75,4.76,7
829,829,linpack,small,warm,200,16.82,16.81,0.01,5.16,11.65,False,,0.0,0.36,4.02,0.77,5.16,8
830,830,genmatrix,medium,warm,200,17.52,17.52,0.0,0.23,17.29,False,,0.0,0.03,,0.2,0.23,8
831,831,fetchdata,small,warm,200,88.5,88.5,0.0,78.18,10.31,False,78.15,0.0,0.02,0.0,,78.18,8
832,832,fastfouriertransform,small,warm,200,194.79,194.78,0.01,4.61,190.17,False,,0.0,3.85,0.0,0.76,4.61,9
833,833,genmatrix,small,warm,200,10.83,10.83,0.0,0.12,10.71,False,,0.0,0.02,,0.09,0.12,9
834,834,fetchdata,large,warm,200,88.99,88.98,0.01,75.3,13.68,False,75.26,0.0,0.03,0.0,,75.29,9
835,835,fetchdata,large,warm,200,111.45,111.44,0.01,73.67,37.77,False,73.64,0.0,0.02,0.0,,73.67,10
836,836,fastfouriertransform,small,warm,200,25.04,25.04,0.01,4.68,20.36,False,,0.0,3.88,0.0,0.79,4.67,6
837,837,matrixmul,medium,warm,200,542.26,542.26,0.0,526.39,15.86,False,,0.0,0.35,3.98,522.06,526.39,6
838,838,linpack,large,warm,200,17.76,17.76,0.0,5.32,12.44,False,,0.0,0.38,4.17,0.77,5.32,6
839,839,matrixmul,large,warm,200,25.23,25.22,0.0,5.92,19.3,False,,0.0,0.36,4.93,0.62,5.92,4
840,840,linpack,large,warm,200,19.42,19.42,0.0,5.18,14.24,False,,0.0,0.35,4.04,0.78,5.18,4
841,841,linpack,medium,warm,200,668.87,668.87,0.0,653.6,15.26,False,,0.0,0.35,4.07,649.17,653.6,4
842,842,genmatrix,small,warm,200,10.2,10.19,0.0,0.13,10.06,False,,0.0,0.03,,0.1,0.13,5
843,843,matrixmul,small,warm,200,29.7,25.09,4.6,5.5,19.59,False,,0.0,0.39,4.39,0.72,5.5,5
844,844,matrixmul,medium,warm,200,574.86,574.86,0.0,555.52,19.33,False,,0.0,0.38,4.21,550.92,555.52,5
845,845,genmatrix,medium,warm,200,14.3,14.3,0.0,0.23,14.07,False,,0.0,0.02,,0.2,0.23,6
846,846,linpack,small,warm,200,19.61,19.61,0.0,6.85,12.76,False,,0.0,0.37,5.63,0.84,6.85,6
847,847,genmatrix,large,warm,200,50.87,34.15,16.72,0.81,33.34,False,,0.0,0.02,,0.79,0.81,6
848,848,fastfouriertransform,medium,warm,200,624.49,624.49,0.0,607.46,17.03,False,,0.0,3.85,0.0,603.6,607.46,5
849,849,matrixmul,medium,warm,200,527.21,527.2,0.0,511.27,15.93,False,,0.0,0.35,3.98,506.94,511.27,6
850,850,fastfouriertransform,small,warm,200,543.17,543.17,0.0,4.54,538.63,False,,0.0,3.8,0.0,0.73,4.54,7
851,851,genmatrix,medium,warm,200,14.15,12.07,2.08,0.21,11.86,False,,0.0,0.02,,0.18,0.21,8
852,852,fastfouriertransform,large,warm,200,96.83,96.83,0.01,4.59,92.24,False,,0.0,3.87,0.0,0.72,4.59,8
853,853,fastfouriertransform,large,warm,200,399.87,399.87,0.01,4.54,395.32,False,,0.0,3.81,0.0,0.73,4.54,9
854,854,linpack,large,warm,200,20.15,20.15,0.0,5.51,14.63,False,,0.0,0.38,4.32,0.8,5.51,7
855,855,matrixmul,medium,warm,200,549.67,549.66,0.0,520.07,29.59,False,,0.0,0.35,4.04,515.67,520.07,6
856,856,linpack,large,warm,200,16.45,16.45,0.0,5.08,11.37,False,,0.0,0.34,3.99,0.75,5.08,6
857,857,fastfouriertransform,medium,warm,200,677.07,677.06,0.01,656.74,20.32,False,,0.0,3.82,0.0,652.91,656.74,6
858,858,linpack,large,warm,200,16.07,16.07,0.0,5.77,10.29,False,,0.0,0.36,4.64,0.77,5.77,7
859,859,fetchdata,medium,warm,200,90.02,90.02,0.0,81.57,8.45,False,81.54,0.0,0.02,0.0,,81.57,7
860,860,linpack,medium,warm,200,702.23,702.23,0.01,688.96,13.26,False,,0.0,0.34,3.97,684.65,688.96,7
861,861,linpack,small,warm,200,18.26,18.25,0.01,5.39,12.87,False,,0.0,0.36,4.23,0.79,5.38,4
862,862,fastfouriertransform,medium,warm,200,714.01,714.01,0.0,696.16,17.84,False,,0.0,3.83,0.0,692.33,696.16,4
863,863,fastfouriertransform,medium,warm,200,1140.75,1140.74,0.01,760.4,380.34,False,,0.0,4.02,0.0,756.37,760.4,5
864,864,fastfouriertransform,large,warm,200,624.73,624.72,0.0,4.85,619.88,False,,0.0,4.02,0.01,0.82,4.85,6
865,865,fetchdata,small,warm,200,81.28,81.27,0.01,72.66,8.62,False,72.63,0.0,0.02,0.0,,72.65,7
866,866,fetchdata,large,warm,200,104.27,104.26,0.0,73.9,30.36,False,73.88,0.0,0.02,0.0,,73.9,7
867,867,matrixmul,medium,warm,200,579.33,579.33,0.0,563.06,16.27,False,,0.0,0.37,3.99,558.7,563.06,7
868,868,linpack,large,warm,200,18.26,18.26,0.01,6.69,11.57,False,,0.0,1.25,4.53,0.91,6.69,8
869,869,linpack,small,warm,200,20.05,20.05,0.01,5.6,14.45,False,,0.0,0.38,4.34,0.87,5.59,7
870,870,genmatrix,medium,warm,200,16.07,16.07,0.0,0.21,15.85,False,,0.0,0.02,,0.19,0.21,7
871,871,genmatrix,medium,warm,200,16.14,16.14,0.01,0.22,15.92,False,,0.0,0.02,,0.2,0.22,6
872,872,matrixmul,medium,warm,200,529.52,529.51,0.01,512.51,17.0,False,,0.0,0.35,4.03,508.12,512.51,6
873,873,linpack,small,warm,200,16.63,16.63,0.0,5.07,11.56,False,,0.0,0.34,3.99,0.73,5.07,7
874,874,genmatrix,small,warm,200,12.24,12.24,0.01,0.11,12.13,False,,0.0,0.02,,0.09,0.11,6
875,875,genmatrix,small,warm,200,11.05,11.05,0.0,0.11,10.94,False,,0.0,0.02,,0.09,0.11,6
876,876,linpack,large,warm,200,16.5,16.5,0.0,5.5,11.0,False,,0.0,0.36,4.32,0.81,5.5,6
877,877,matrixmul,medium,warm,200,633.91,633.9,0.0,552.01,81.9,False,,0.0,0.39,4.03,547.58,552.0,4
878,878,genmatrix,large,warm,200,52.81,37.94,14.87,0.86,37.08,False,,0.0,0.02,,0.84,0.86,5
879,879,linpack,small,warm,200,19.84,19.83,0.0,5.55,14.28,False,,0.0,0.37,4.35,0.82,5.55,5
880,880,genmatrix,small,warm,200,10.0,10.0,0.0,0.11,9.89,False,,0.0,0.02,,0.09,0.11,4
881,881,linpack,large,warm,200,17.68,17.67,0.0,5.21,12.46,False,,0.0,0.36,4.08,0.77,5.21,4
882,882,fetchdata,medium,warm,200,91.84,91.83,0.0,80.65,11.18,False,80.61,0.0,0.03,0.0,,80.65,4
883,883,genmatrix,large,warm,200,59.48,39.39,20.09,0.87,38.52,False,,0.0,0.02,,0.84,0.86,4
884,884,matrixmul,small,warm,200,29.21,29.21,0.01,5.1,24.11,False,,0.0,0.4,4.04,0.65,5.1,4
885,885,linpack,large,warm,200,22.62,22.61,0.0,5.4,17.21,False,,0.0,0.37,4.14,0.89,5.4,3
886,886,fastfouriertransform,medium,warm,200,712.71,712.71,0.0,693.3,19.41,False,,0.0,3.95,0.0,689.33,693.3,2
887,887,linpack,medium,warm,200,720.34,720.34,0.0,703.08,17.26,False,,0.0,0.38,4.26,698.43,703.08,3
888,888,genmatrix,small,warm,200,9.6,9.6,0.0,0.12,9.47,False,,0.0,0.03,,0.1,0.12,4
889,889,linpack,small,warm,200,17.28,17.27,0.0,6.34,10.93,False,,0.0,0.37,4.94,1.03,6.34,4
890,890,matrixmul,large,warm,200,23.08,23.07,0.01,5.15,17.92,False,,0.0,0.41,4.07,0.66,5.15,3
891,891,genmatrix,small,warm,200,10.54,10.53,0.01,0.12,10.42,False,,0.0,0.02,,0.09,0.12,3
892,892,genmatrix,medium,warm,200,14.55,12.2,2.35,0.23,11.97,False,,0.0,0.02,,0.21,0.23,3
893,893,fetchdata,small,warm,200,88.85,88.84,0.0,80.41,8.43,False,80.31,0.0,0.1,0.0,,80.41,3
894,894,genmatrix,medium,warm,200,13.86,13.85,0.0,0.21,13.64,False,,0.0,0.02,,0.19,0.21,4
895,895,fetchdata,small,warm,200,81.38,81.37,0.0,74.41,6.96,False,74.38,0.0,0.02,0.0,,74.41,3
896,896,fetchdata,small,warm,200,112.56,112.55,0.0,74.17,38.39,False,74.14,0.0,0.02,0.0,,74.17,4
897,897,fastfouriertransform,medium,warm,200,791.64,791.64,0.01,774.25,17.38,False,,0.0,3.9,0.0,770.34,774.25,4
898,898,fastfouriertransform,large,warm,200,748.38,748.38,0.01,4.62,743.76,False,,0.0,3.92,0.0,0.69,4.62,5
899,899,linpack,large,warm,200,20.19,20.19,0.0,7.68,12.51,False,,0.0,0.51,6.06,1.1,7.67,5
900,900,linpack,small,warm,200,18.37,18.37,0.0,5.35,13.02,False,,0.0,0.37,4.17,0.8,5.34,5
901,901,genmatrix,large,warm,200,58.58,41.85,16.73,0.93,40.92,False,,0.0,0.03,,0.9,0.93,4
902,902,fetchdata,large,warm,200,89.44,89.43,0.01,77.53,11.9,False,77.5,0.0,0.02,0.0,,77.53,4
903,903,matrixmul,small,warm,200,25.13,22.71,2.43,4.91,17.8,False,,0.0,0.35,3.99,0.56,4.91,4
904,904,fetchdata,small,warm,200,89.78,89.77,0.0,79.12,10.66,False,79.09,0.0,0.02,0.0,,79.12,3
905,905,linpack,small,warm,200,16.6,16.59,0.0,5.07,11.52,False,,0.0,0.34,3.99,0.74,5.07,4
906,906,matrixmul,small,warm,200,23.84,23.83,0.0,5.54,18.29,False,,0.0,0.48,4.41,0.65,5.54,3
907,907,matrixmul,medium,warm,200,568.43,568.43,0.0,551.13,17.3,False,,0.0,0.38,4.08,546.66,551.13,3
908,908,fetchdata,medium,warm,200,90.48,90.47,0.0,82.24,8.23,False,82.21,0.0,0.03,0.0,,82.24,4
909,909,linpack,medium,warm,200,747.96,747.96,0.01,736.59,11.37,False,,0.0,0.37,4.06,732.15,736.59,5
910,910,matrixmul,small,warm,200,20.89,20.89,0.0,4.97,15.92,False,,0.0,0.35,4.05,0.57,4.97,5
911,911,linpack,small,warm,200,18.14,18.13,0.0,5.28,12.86,False,,0.0,0.36,4.14,0.77,5.28,5
912,912,genmatrix,medium,warm,200,14.11,14.1,0.0,0.21,13.89,False,,0.0,0.02,,0.19,0.21,5
913,913,fetchdata,medium,warm,200,86.28,86.27,0.0,77.31,8.97,False,77.27,0.0,0.02,0.0,,77.3,3
914,914,linpack,medium,warm,200,672.93,672.93,0.01,659.83,13.1,False,,0.0,0.39,4.12,655.31,659.83,4
915,915,matrixmul,medium,warm,200,545.02,545.01,0.01,528.83,16.18,False,,0.0,0.37,4.1,524.36,528.83,4
916,916,matrixmul,large,warm,200,514.17,514.17,0.01,5.07,509.09,False,,0.0,0.34,4.15,0.59,5.07,5
917,917,linpack,medium,warm,200,1047.47,1047.47,0.0,696.16,351.31,False,,0.0,0.44,4.01,691.7,696.16,6
918,918,fetchdata,small,warm,200,90.99,90.98,0.01,82.31,8.67,False,82.27,0.0,0.03,0.0,,82.31,7
919,919,linpack,small,warm,200,426.54,426.53,0.01,5.02,421.51,False,,0.0,0.32,3.97,0.72,5.02,7
920,920,genmatrix,small,warm,200,11.69,11.68,0.0,0.11,11.58,False,,0.0,0.02,,0.09,0.11,7
921,921,matrixmul,medium,warm,200,567.29,567.29,0.0,549.53,17.75,False,,0.0,0.37,4.21,544.95,549.53,7
922,922,linpack,small,warm,200,17.2,17.2,0.0,5.66,11.54,False,,0.0,0.39,4.43,0.83,5.65,8
923,923,linpack,small,warm,200,17.39,17.39,0.0,6.05,11.34,False,,0.0,0.42,4.73,0.88,6.04,8
924,924,genmatrix,small,warm,200,10.42,10.41,0.01,0.11,10.31,False,,0.0,0.02,,0.08,0.11,7
925,925,fetchdata,medium,warm,200,97.95,97.94,0.01,87.59,10.36,False,87.55,0.0,0.03,0.0,,87.58,7
926,926,matrixmul,large,warm,200,24.97,24.97,0.0,5.17,19.8,False,,0.0,0.36,4.14,0.66,5.17,7
927,927,fetchdata,medium,warm,200,86.59,86.59,0.0,77.4,9.18,False,77.38,0.0,0.02,0.0,,77.4,5
928,928,fastfouriertransform,small,warm,200,29.66,29.66,0.01,4.74,24.92,False,,0.0,3.9,0.0,0.83,4.74,4
929,929,matrixmul,medium,warm,200,572.71,572.7,0.01,554.78,17.92,False,,0.0,0.51,6.01,548.26,554.78,3
930,930,fastfouriertransform,medium,warm,200,742.94,742.93,0.0,725.29,17.64,False,,0.0,4.02,0.0,721.26,725.29,4
931,931,fastfouriertransform,medium,warm,200,788.43,788.43,0.0,770.18,18.25,False,,0.0,4.08,0.01,766.09,770.18,5
932,932,linpack,medium,warm,200,912.79,912.79,0.0,900.68,12.11,False,,0.0,0.38,4.09,896.2,900.67,6
933,933,fetchdata,medium,warm,200,87.55,87.55,0.0,78.06,9.49,False,78.03,0.0,0.02,0.0,,78.06,6
934,934,fastfouriertransform,medium,warm,200,1355.26,1355.25,0.0,712.95,642.31,False,,0.0,4.11,0.01,708.83,712.94,7
935,935,fetchdata,small,warm,200,89.64,89.63,0.01,80.26,9.37,False,80.22,0.0,0.02,0.0,,80.26,7
936,936,genmatrix,small,warm,200,9.49,9.49,0.0,0.12,9.37,False,,0.0,0.02,,0.1,0.12,8
937,937,genmatrix,small,warm,200,12.12,12.12,0.0,0.14,11.98,False,,0.0,0.02,,0.11,0.14,7
938,938,fetchdata,small,warm,200,94.31,94.31,0.01,78.84,15.47,False,78.81,0.0,0.02,0.0,,78.84,6
939,939,genmatrix,medium,warm,200,14.52,14.52,0.0,0.21,14.3,False,,0.0,0.02,,0.19,0.21,7
940,940,fetchdata,large,warm,200,86.18,86.18,0.0,77.0,9.18,False,76.96,0.0,0.02,0.0,,76.99,6
941,941,matrixmul,medium,warm,200,578.31,578.3,0.0,561.1,17.2,False,,0.0,0.36,4.02,556.72,561.1,6
942,942,linpack,small,warm,200,18.59,18.58,0.0,5.05,13.53,False,,0.0,0.33,3.98,0.73,5.05,6
943,943,fastfouriertransform,small,warm,200,99.03,99.03,0.0,4.62,94.41,False,,0.0,3.85,0.0,0.77,4.62,6
944,944,genmatrix,small,warm,200,9.64,9.64,0.0,0.12,9.52,False,,0.0,0.02,,0.09,0.12,7
945,945,fetchdata,large,warm,200,91.28,91.28,0.0,79.66,11.62,False,79.62,0.0,0.03,0.0,,79.66,6
946,946,linpack,large,warm,200,16.43,16.42,0.0,5.19,11.23,False,,0.0,0.35,4.02,0.81,5.19,6
947,947,matrixmul,small,warm,200,31.1,28.54,2.56,5.35,23.19,False,,0.0,0.48,4.09,0.77,5.35,4
948,948,genmatrix,small,warm,200,10.49,10.49,0.0,0.12,10.36,False,,0.0,0.02,,0.1,0.12,4
949,949,genmatrix,small,warm,200,10.59,10.58,0.0,0.12,10.46,False,,0.0,0.02,,0.09,0.12,4
950,950,fastfouriertransform,small,warm,200,24.97,24.97,0.01,4.96,20.01,False,,0.0,4.05,0.0,0.9,4.96,4
951,951,matrixmul,large,warm,200,21.51,21.5,0.01,4.91,16.59,False,,0.0,0.35,3.99,0.56,4.91,3
952,952,linpack,medium,warm,200,672.82,672.82,0.0,661.57,11.25,False,,0.0,0.34,3.96,657.27,661.57,3
953,953,fastfouriertransform,small,warm,200,20.77,20.76,0.0,4.61,16.15,False,,0.0,3.87,0.0,0.74,4.61,3
954,954,matrixmul,large,warm,200,26.21,26.2,0.0,4.99,21.21,False,,0.0,0.35,4.04,0.6,4.99,3
955,955,linpack,small,warm,200,18.36,18.35,0.0,5.56,12.79,False,,0.0,0.37,4.37,0.82,5.56,3
956,956,linpack,large,warm,200,19.43,19.43,0.0,6.13,13.3,False,,0.0,0.38,4.96,0.79,6.13,3
957,957,fetchdata,large,warm,200,84.56,84.55,0.0,74.62,9.94,False,74.59,0.0,0.02,0.0,,74.62,3
958,958,fetchdata,medium,warm,200,109.18,109.18,0.0,74.77,34.41,False,74.74,0.0,0.02,0.0,,74.77,4
959,959,matrixmul,small,warm,200,22.17,22.17,0.0,4.92,17.25,False,,0.0,0.35,3.99,0.57,4.92,4
960,960,linpack,medium,warm,200,721.81,721.81,0.0,710.44,11.37,False,,0.0,0.34,4.11,705.98,710.44,4
961,961,fetchdata,large,warm,200,88.06,88.05,0.01,77.28,10.77,False,77.26,0.0,0.02,0.0,,77.28,4
962,962,matrixmul,small,warm,200,26.36,26.35,0.0,4.97,21.38,False,,0.0,0.35,4.03,0.59,4.97,4
963,963,fastfouriertransform,large,warm,200,27.21,27.21,0.01,5.14,22.06,False,,0.0,4.14,0.01,0.99,5.14,3
964,964,genmatrix,small,warm,200,18.96,13.84,5.12,0.13,13.71,False,,0.0,0.03,,0.1,0.13,3
965,965,linpack,large,warm,200,31.74,31.74,0.01,6.53,25.2,False,,0.0,0.4,5.32,0.81,6.53,3
966,966,linpack,large,warm,200,17.13,17.12,0.01,5.02,12.1,False,,0.0,0.33,3.95,0.73,5.02,2
967,967,linpack,small,warm,200,18.51,18.5,0.0,5.58,12.92,False,,0.0,0.4,4.28,0.89,5.58,2
968,968,matrixmul,medium,warm,200,544.38,540.1,4.29,523.24,16.85,False,,0.0,0.36,3.98,518.9,523.24,2
969,969,fastfouriertransform,large,warm,200,19.42,19.42,0.0,4.67,14.75,False,,0.0,3.89,0.0,0.77,4.66,3
970,970,matrixmul,medium,warm,200,583.26,583.25,0.01,558.08,25.17,False,,0.0,0.35,4.13,553.59,558.08,3
971,971,genmatrix,large,warm,200,74.09,33.47,40.62,0.81,32.66,False,,0.0,0.02,,0.79,0.81,4
972,972,fastfouriertransform,medium,warm,200,756.43,756.42,0.0,735.3,21.13,False,,0.0,3.9,0.0,731.39,735.3,5
973,973,fastfouriertransform,medium,warm,200,785.36,785.35,0.0,766.66,18.69,False,,0.0,3.92,0.0,762.73,766.66,5
974,974,fetchdata,large,warm,200,85.68,85.68,0.0,75.19,10.49,False,75.16,0.0,0.02,0.0,,75.19,6
975,975,fastfouriertransform,large,warm,200,608.05,608.05,0.0,4.64,603.41,False,,0.0,3.85,0.0,0.78,4.64,6
976,976,genmatrix,small,warm,200,15.45,15.45,0.0,0.13,15.32,False,,0.0,0.02,,0.1,0.13,6
977,977,fastfouriertransform,medium,warm,200,1353.98,1353.98,0.0,765.56,588.42,False,,0.0,3.89,0.0,761.67,765.56,6
978,978,linpack,medium,warm,200,696.85,696.84,0.0,654.92,41.92,False,,0.0,0.37,4.07,650.47,654.92,7
979,979,fetchdata,large,warm,200,105.62,105.61,0.01,93.59,12.02,False,93.56,0.0,0.02,0.0,,93.59,7
980,980,matrixmul,large,warm,200,21.28,21.27,0.0,5.13,16.14,False,,0.0,0.38,4.07,0.67,5.13,8
981,981,matrixmul,large,warm,200,22.1,22.09,0.0,4.89,17.21,False,,0.0,0.35,3.97,0.56,4.89,8
982,982,fetchdata,small,warm,200,94.65,94.65,0.0,86.55,8.09,False,86.52,0.0,0.02,0.0,,86.55,6
983,983,fastfouriertransform,large,cold,200,1668.49,1668.48,0.01,4.54,1663.94,False,,0.0,3.8,0.0,0.73,4.54,7
984,984,matrixmul,small,warm,200,28.13,28.13,0.0,5.02,23.11,False,,0.0,0.37,4.05,0.6,5.02,7
985,985,genmatrix,small,warm,200,9.05,9.04,0.0,0.11,8.93,False,,0.0,0.02,,0.09,0.11,7
986,986,fastfouriertransform,small,warm,200,65.85,65.85,0.01,4.68,61.16,False,,0.0,3.86,0.0,0.81,4.68,7
987,987,fastfouriertransform,medium,warm,200,756.45,756.44,0.0,737.51,18.94,False,,0.0,3.85,0.0,733.65,737.5,8
988,988,genmatrix,large,warm,200,46.07,34.84,11.22,0.85,33.99,False,,0.0,0.02,,0.83,0.85,6
989,989,matrixmul,large,warm,200,21.67,21.67,0.01,4.92,16.74,False,,0.0,0.36,4.0,0.57,4.92,5
990,990,matrixmul,medium,warm,200,614.78,614.78,0.0,597.41,17.37,False,,0.0,0.35,4.03,593.03,597.41,5
991,991,fastfouriertransform,large,warm,200,557.21,557.21,0.0,4.53,552.67,False,,0.0,3.82,0.0,0.71,4.53,6
992,992,fetchdata,medium,warm,200,89.66,89.66,0.0,79.05,10.61,False,79.02,0.0,0.02,0.0,,79.05,6
993,993,genmatrix,small,warm,200,14.25,14.25,0.0,0.11,14.14,False,,0.0,0.02,,0.08,0.11,7
994,994,genmatrix,medium,warm,200,16.62,16.62,0.01,0.25,16.36,False,,0.0,0.03,,0.22,0.25,6
995,995,fastfouriertransform,medium,warm,200,1059.48,1059.47,0.0,606.52,452.95,False,,0.0,3.81,0.0,602.7,606.52,6
996,996,matrixmul,medium,warm,200,530.13,530.12,0.01,512.91,17.21,False,,0.0,0.35,3.98,508.57,512.91,7
997,997,matrixmul,medium,warm,200,996.09,996.09,0.01,513.7,482.39,False,,0.0,0.34,3.99,509.36,513.7,8
998,998,genmatrix,small,warm,200,7.98,7.98,0.0,0.11,7.87,False,,0.0,0.02,,0.09,0.11,9
999,999,matrixmul,large,warm,200,180.26,180.25,0.01,5.01,175.24,False,,0.0,0.35,4.06,0.61,5.01,9
1000,1000,matrixmul,medium,warm,200,657.8,656.2,1.61,524.78,131.41,False,,0.0,0.41,4.41,519.96,524.78,10
1001,1001,linpack,medium,warm,200,749.72,749.71,0.01,735.49,14.23,False,,0.0,0.36,4.16,730.96,735.48,11
1002,1002,fastfouriertransform,large,warm,200,24.68,24.68,0.01,4.55,20.13,False,,0.0,3.81,0.0,0.73,4.55,12
1003,1003,matrixmul,small,warm,200,524.65,521.14,3.51,5.03,516.11,False,,0.0,0.34,4.08,0.6,5.03,8
1004,1004,matrixmul,large,warm,200,481.66,481.66,0.0,4.92,476.74,False,,0.0,0.37,3.98,0.56,4.92,9
1005,1005,fetchdata,large,warm,200,85.4,85.4,0.0,76.69,8.7,False,76.66,0.0,0.03,0.0,,76.69,9
1006,1006,genmatrix,medium,warm,200,13.56,11.77,1.79,0.22,11.55,False,,0.0,0.02,,0.19,0.22,10
1007,1007,fastfouriertransform,small,warm,200,22.36,22.35,0.0,4.6,17.75,False,,0.0,3.85,0.0,0.74,4.6,8
1008,1008,genmatrix,large,warm,200,65.32,35.07,30.25,0.93,34.14,False,,0.0,0.02,,0.9,0.93,8
1009,1009,genmatrix,medium,warm,200,15.32,13.41,1.91,0.24,13.17,False,,0.0,0.03,,0.21,0.24,9
1010,1010,matrixmul,large,warm,200,361.72,361.72,0.01,4.89,356.83,False,,0.0,0.34,3.98,0.57,4.89,8
1011,1011,matrixmul,small,warm,200,321.4,321.39,0.01,4.92,316.47,False,,0.0,0.35,3.98,0.58,4.92,9
1012,1012,matrixmul,medium,warm,200,801.35,797.27,4.08,523.57,273.7,False,,0.0,0.35,3.99,519.22,523.57,10
1013,1013,matrixmul,small,warm,200,42.65,42.64,0.0,4.94,37.71,False,,0.0,0.34,4.03,0.57,4.94,11
1014,1014,genmatrix,large,warm,200,70.28,33.68,36.59,0.81,32.88,False,,0.0,0.03,,0.77,0.81,8
1015,1015,matrixmul,medium,warm,200,547.37,547.36,0.0,527.79,19.58,False,,0.0,0.35,4.15,523.29,527.79,9
1016,1016,fastfouriertransform,small,warm,200,23.32,23.31,0.0,4.58,18.73,False,,0.0,3.83,0.0,0.75,4.58,8
1017,1017,matrixmul,medium,warm,200,1019.58,1017.8,1.78,568.1,449.7,False,,0.0,0.39,6.54,561.17,568.1,5
1018,1018,linpack,large,warm,200,42.99,42.98,0.0,6.88,36.1,False,,0.0,0.39,5.72,0.77,6.88,4
1019,1019,fetchdata,small,warm,200,81.12,81.12,0.0,75.0,6.12,False,74.97,0.0,0.02,0.0,,74.99,4
1020,1020,fetchdata,large,warm,200,105.82,105.81,0.0,74.48,31.34,False,74.45,0.0,0.02,0.0,,74.47,5
1021,1021,matrixmul,small,warm,200,361.77,361.76,0.0,5.0,356.77,False,,0.0,0.35,4.04,0.6,5.0,5
1022,1022,fetchdata,small,warm,200,83.35,83.35,0.0,73.86,9.49,False,73.84,0.0,0.02,0.0,,73.86,6
1023,1023,fetchdata,large,warm,200,118.75,118.75,0.0,83.44,35.31,False,83.41,0.0,0.02,0.0,,83.43,6
1024,1024,genmatrix,medium,warm,200,13.31,13.31,0.0,0.27,13.04,False,,0.0,0.02,,0.24,0.27,6
1025,1025,matrixmul,large,warm,200,174.89,174.88,0.01,5.22,169.67,False,,0.0,0.43,4.08,0.7,5.22,6
1026,1026,fastfouriertransform,large,warm,200,25.66,25.65,0.01,4.63,21.02,False,,0.0,3.86,0.0,0.76,4.63,5
1027,1027,fetchdata,large,warm,200,102.46,102.45,0.0,87.89,14.56,False,87.85,0.0,0.03,0.0,,87.89,5
1028,1028,matrixmul,medium,warm,200,1042.54,1042.53,0.0,561.68,480.85,False,,0.0,0.34,4.04,557.29,561.68,6
1029,1029,genmatrix,medium,warm,200,16.14,16.14,0.01,0.21,15.93,False,,0.0,0.02,,0.18,0.21,4
1030,1030,fastfouriertransform,large,warm,200,22.6,22.59,0.0,4.77,17.83,False,,0.0,3.94,0.0,0.81,4.77,3
1031,1031,fetchdata,large,warm,200,98.85,98.85,0.0,87.54,11.31,False,87.51,0.0,0.02,0.0,,87.53,3
1032,1032,genmatrix,medium,warm,200,13.43,11.79,1.64,0.2,11.59,False,,0.0,0.02,,0.18,0.2,4
1033,1033,genmatrix,large,warm,200,48.99,35.93,13.07,0.82,35.1,False,,0.0,0.02,,0.8,0.82,3
1034,1034,genmatrix,small,warm,200,9.83,9.82,0.01,0.13,9.69,False,,0.0,0.02,,0.11,0.13,3
1035,1035,fastfouriertransform,small,warm,200,24.13,24.13,0.01,4.67,19.45,False,,0.0,3.87,0.0,0.79,4.67,3
1036,1036,fetchdata,medium,warm,200,84.93,84.92,0.01,75.97,8.95,False,75.94,0.0,0.02,0.0,,75.97,3
1037,1037,linpack,medium,warm,200,722.95,722.95,0.01,712.11,10.84,False,,0.0,0.36,4.04,707.71,712.11,4
1038,1038,linpack,small,warm,200,16.13,16.12,0.01,5.48,10.64,False,,0.0,0.36,4.3,0.82,5.48,3
1039,1039,genmatrix,medium,warm,200,13.56,13.55,0.0,0.22,13.34,False,,0.0,0.02,,0.19,0.22,3
1040,1040,matrixmul,small,warm,200,22.5,22.5,0.0,5.14,17.36,False,,0.0,0.42,4.12,0.6,5.14,3
1041,1041,linpack,medium,warm,200,725.08,725.07,0.01,712.15,12.92,False,,0.0,0.36,6.89,704.9,712.15,3
1042,1042,matrixmul,small,warm,200,23.21,21.6,1.61,5.1,16.5,False,,0.0,0.37,4.1,0.63,5.1,4
1043,1043,fastfouriertransform,small,warm,200,21.37,21.37,0.0,4.87,16.5,False,,0.0,4.03,0.0,0.83,4.87,4
1044,1044,fastfouriertransform,medium,warm,200,704.99,704.99,0.0,684.58,20.41,False,,0.0,4.15,0.01,680.41,684.57,4
1045,1045,fetchdata,large,warm,200,95.11,95.11,0.0,83.45,11.67,False,83.41,0.0,0.02,0.0,,83.44,5
1046,1046,matrixmul,small,warm,200,20.68,19.18,1.5,4.93,14.25,False,,0.0,0.35,4.01,0.57,4.93,6
1047,1047,genmatrix,large,warm,200,60.89,37.17,23.72,0.86,36.31,False,,0.0,0.02,,0.83,0.86,5
1048,1048,genmatrix,large,warm,200,46.32,33.68,12.64,0.86,32.82,False,,0.0,0.02,,0.83,0.86,6
1049,1049,fastfouriertransform,large,warm,200,22.65,22.65,0.01,4.69,17.96,False,,0.0,3.86,0.0,0.82,4.69,4
1050,1050,linpack,medium,warm,200,1000.45,1000.44,0.0,722.35,278.09,False,,0.0,0.35,4.16,717.84,722.35,4
1051,1051,genmatrix,small,warm,200,9.44,9.43,0.0,0.11,9.32,False,,0.0,0.02,,0.09,0.11,5
1052,1052,fetchdata,medium,warm,200,82.79,82.78,0.0,74.99,7.79,False,74.96,0.0,0.02,0.0,,74.99,4
1053,1053,linpack,small,warm,200,15.69,15.69,0.0,5.11,10.58,False,,0.0,0.35,3.99,0.77,5.11,5
1054,1054,fastfouriertransform,small,warm,200,22.37,22.36,0.0,4.78,17.58,False,,0.0,3.93,0.0,0.84,4.78,4
1055,1055,fetchdata,small,warm,200,87.46,87.45,0.01,73.92,13.53,False,73.89,0.0,0.02,0.0,,73.92,4
1056,1056,matrixmul,small,warm,200,25.87,25.86,0.0,9.85,16.01,False,,0.0,0.39,5.38,4.07,9.85,4
1057,1057,genmatrix,large,warm,200,77.61,43.06,34.55,1.1,41.96,False,,0.0,0.03,,1.06,1.1,3
1058,1058,linpack,medium,warm,200,681.28,681.28,0.0,663.84,17.44,False,,0.0,0.4,4.09,659.35,663.84,4
1059,1059,matrixmul,large,warm,200,22.62,22.62,0.01,4.94,17.68,False,,0.0,0.36,3.99,0.59,4.94,3
1060,1060,fetchdata,large,warm,200,93.41,93.41,0.0,82.56,10.85,False,82.54,0.0,0.02,0.0,,82.56,3
1061,1061,fastfouriertransform,small,warm,200,20.02,20.02,0.0,4.92,15.09,False,,0.0,4.02,0.0,0.89,4.92,4
1062,1062,genmatrix,medium,warm,200,16.11,16.1,0.0,0.21,15.89,False,,0.0,0.02,,0.19,0.21,3
1063,1063,matrixmul,large,warm,200,23.63,23.63,0.0,5.05,18.58,False,,0.0,0.38,4.07,0.59,5.05,3
1064,1064,matrixmul,medium,warm,200,548.22,548.22,0.0,530.75,17.47,False,,0.0,0.35,4.0,526.39,530.75,3
1065,1065,linpack,small,warm,200,257.65,257.64,0.0,5.28,252.37,False,,0.0,0.35,4.17,0.75,5.27,4
1066,1066,fetchdata,medium,warm,200,86.33,86.33,0.0,76.87,9.46,False,76.84,0.0,0.02,0.0,,76.87,5
1067,1067,fastfouriertransform,medium,warm,200,800.7,800.69,0.0,785.02,15.67,False,,0.0,3.92,0.0,781.09,785.02,6
1068,1068,matrixmul,large,warm,200,20.35,20.34,0.0,5.13,15.21,False,,0.0,0.35,4.18,0.6,5.13,6
1069,1069,linpack,medium,warm,200,740.72,740.71,0.01,728.32,12.4,False,,0.0,0.34,4.0,723.97,728.32,6
1070,1070,fetchdata,large,warm,200,82.95,82.95,0.0,75.03,7.91,False,75.01,0.0,0.02,0.0,,75.03,6
1071,1071,linpack,small,warm,200,16.04,16.04,0.0,5.42,10.62,False,,0.0,0.35,4.2,0.87,5.42,6
1072,1072,fetchdata,medium,warm,200,88.19,88.19,0.0,75.88,12.31,False,75.85,0.0,0.02,0.0,,75.88,4
1073,1073,linpack,small,warm,200,18.01,18.0,0.0,5.21,12.8,False,,0.0,0.35,4.05,0.8,5.2,5
1074,1074,fastfouriertransform,large,warm,200,26.13,26.12,0.01,5.26,20.86,False,,0.0,4.41,0.0,0.84,5.26,4
1075,1075,fetchdata,medium,warm,200,87.49,87.48,0.0,78.93,8.55,False,78.9,0.0,0.03,0.0,,78.93,4
1076,1076,fetchdata,small,warm,200,115.83,115.82,0.01,76.89,38.93,False,76.86,0.0,0.02,0.0,,76.89,4
1077,1077,genmatrix,large,warm,200,47.33,37.4,9.93,0.86,36.54,False,,0.0,0.03,,0.82,0.86,4
1078,1078,fetchdata,medium,warm,200,88.46,88.45,0.0,77.44,11.01,False,77.41,0.0,0.02,0.0,,77.44,4
1079,1079,linpack,medium,warm,200,805.71,805.71,0.0,793.8,11.9,False,,0.0,0.37,4.26,789.17,793.8,4
1080,1080,fastfouriertransform,medium,warm,200,698.44,698.44,0.0,682.36,16.08,False,,0.0,3.83,0.0,678.52,682.36,4
1081,1081,fetchdata,large,warm,200,79.07,79.07,0.0,72.9,6.17,False,72.87,0.0,0.02,0.0,,72.89,5
1082,1082,linpack,medium,warm,200,692.89,692.89,0.01,666.39,26.49,False,,0.0,0.33,3.97,662.08,666.39,6
1083,1083,fetchdata,large,warm,200,79.1,79.1,0.0,72.95,6.14,False,72.93,0.0,0.02,0.0,,72.95,5
1084,1084,genmatrix,large,warm,200,44.47,33.06,11.41,0.8,32.26,False,,0.0,0.02,,0.78,0.8,5
1085,1085,linpack,small,warm,200,15.48,15.47,0.01,5.18,10.29,False,,0.0,0.36,4.09,0.74,5.18,4
1086,1086,linpack,large,warm,200,16.5,16.5,0.0,5.36,11.13,False,,0.0,0.42,4.09,0.85,5.36,4
1087,1087,fetchdata,large,warm,200,91.65,91.64,0.01,81.3,10.34,False,81.27,0.0,0.02,0.0,,81.3,4
1088,1088,linpack,small,warm,200,16.82,16.82,0.0,5.16,11.66,False,,0.0,0.38,4.02,0.76,5.16,5
1089,1089,fetchdata,large,warm,200,85.32,85.32,0.0,75.96,9.36,False,75.93,0.0,0.02,0.0,,75.96,4
1090,1090,linpack,large,warm,200,18.73,18.73,0.0,6.29,12.43,False,,0.0,0.36,4.92,1.01,6.29,5
1091,1091,linpack,medium,warm,200,723.78,723.78,0.0,712.63,11.15,False,,0.0,0.38,4.23,708.02,712.62,4
1092,1092,linpack,small,warm,200,15.58,15.57,0.0,5.47,10.1,False,,0.0,0.39,4.21,0.86,5.47,5
1093,1093,fastfouriertransform,small,warm,200,20.58,20.58,0.0,4.78,15.8,False,,0.0,3.88,0.0,0.89,4.78,5
1094,1094,fastfouriertransform,large,warm,200,23.27,23.27,0.0,4.86,18.41,False,,0.0,3.95,0.01,0.9,4.86,4
1095,1095,linpack,medium,warm,200,712.7,712.69,0.01,699.95,12.75,False,,0.0,0.36,4.03,695.55,699.95,4
1096,1096,fetchdata,large,warm,200,84.55,84.54,0.01,75.95,8.59,False,75.93,0.0,0.02,0.0,,75.95,3
1097,1097,matrixmul,large,warm,200,20.29,20.29,0.0,4.9,15.38,False,,0.0,0.37,3.97,0.56,4.9,4
1098,1098,fastfouriertransform,medium,warm,200,738.07,738.06,0.0,722.86,15.2,False,,0.0,3.82,0.0,719.03,722.86,3
1099,1099,linpack,medium,warm,200,858.16,858.16,0.0,846.41,11.75,False,,0.0,0.36,4.25,841.79,846.41,4
1100,1100,genmatrix,medium,warm,200,14.25,12.79,1.46,0.21,12.57,False,,0.0,0.02,,0.19,0.21,5
1101,1101,fetchdata,large,warm,200,86.27,86.27,0.0,76.09,10.17,False,76.06,0.0,0.02,0.0,,76.09,5
1102,1102,matrixmul,medium,warm,200,540.82,540.81,0.0,520.09,20.72,False,,0.0,0.38,4.1,515.6,520.09,6
1103,1103,matrixmul,small,warm,200,22.67,22.67,0.0,5.18,17.48,False,,0.0,0.39,4.17,0.62,5.18,6
1104,1104,fastfouriertransform,small,warm,200,22.13,22.13,0.0,5.42,16.71,False,,0.0,4.49,0.01,0.92,5.42,6
1105,1105,matrixmul,medium,warm,200,574.49,574.48,0.01,556.57,17.91,False,,0.0,0.36,6.18,550.03,556.57,6
1106,1106,matrixmul,medium,warm,200,1139.22,1139.21,0.01,608.39,530.82,False,,0.0,0.37,4.66,603.35,608.39,6
1107,1107,fetchdata,medium,warm,200,100.1,100.09,0.0,90.49,9.6,False,90.46,0.0,0.02,0.0,,90.49,7
1108,1108,linpack,small,warm,200,17.74,17.74,0.0,5.44,12.3,False,,0.0,0.38,4.23,0.82,5.43,8
1109,1109,genmatrix,large,warm,200,65.3,34.61,30.69,0.81,33.8,False,,0.0,0.02,,0.78,0.81,8
1110,1110,genmatrix,large,warm,200,56.64,34.02,22.63,0.84,33.18,False,,0.0,0.02,,0.81,0.84,7
1111,1111,genmatrix,medium,warm,200,22.49,22.48,0.0,0.2,22.28,False,,0.0,0.02,,0.18,0.2,7
1112,1112,fetchdata,medium,warm,200,86.95,86.94,0.01,76.81,10.12,False,76.78,0.0,0.02,0.0,,76.81,6
1113,1113,linpack,large,warm,200,15.26,15.25,0.01,5.05,10.2,False,,0.0,0.34,3.98,0.73,5.05,5
1114,1114,fastfouriertransform,medium,warm,200,724.15,724.15,0.0,707.44,16.71,False,,0.0,3.83,0.0,703.6,707.44,4
1115,1115,fetchdata,medium,warm,200,86.61,86.61,0.0,78.84,7.77,False,78.81,0.0,0.02,0.0,,78.84,5
1116,1116,fastfouriertransform,medium,warm,200,745.63,745.62,0.0,730.78,14.84,False,,0.0,4.07,0.0,726.7,730.78,6
1117,1117,matrixmul,small,warm,200,23.56,23.56,0.0,5.42,18.13,False,,0.0,0.42,4.36,0.64,5.42,4
1118,1118,fetchdata,small,warm,200,107.92,107.91,0.0,98.47,9.44,False,98.43,0.0,0.03,0.0,,98.47,4
1119,1119,fastfouriertransform,medium,warm,200,1327.55,1327.55,0.0,731.77,595.78,False,,0.0,3.9,0.0,727.86,731.77,5
1120,1120,matrixmul,large,warm,200,25.05,21.13,3.93,5.07,16.06,False,,0.0,0.37,4.03,0.65,5.06,6
1121,1121,matrixmul,small,warm,200,21.21,21.21,0.0,5.12,16.08,False,,0.0,0.39,4.1,0.63,5.12,5
1122,1122,fetchdata,medium,warm,200,95.06,95.05,0.0,86.97,8.08,False,86.93,0.0,0.03,0.0,,86.97,5
1123,1123,linpack,large,warm,200,16.85,16.84,0.0,5.22,11.62,False,,0.0,0.37,4.08,0.77,5.22,6
1124,1124,genmatrix,small,warm,200,9.48,9.48,0.01,0.11,9.37,False,,0.0,0.02,,0.08,0.11,5
1125,1125,fetchdata,medium,warm,200,99.4,99.39,0.0,88.58,10.82,False,88.54,0.0,0.02,0.0,,88.57,5
1126,1126,linpack,medium,warm,200,695.16,695.16,0.0,685.45,9.71,False,,0.0,0.34,4.12,680.99,685.45,6
1127,1127,matrixmul,medium,warm,200,571.42,569.89,1.53,554.93,14.96,False,,0.0,0.36,3.99,550.58,554.93,7
1128,1128,matrixmul,small,warm,200,59.24,59.24,0.01,5.08,54.16,False,,0.0,0.35,4.13,0.6,5.08,7
1129,1129,fastfouriertransform,medium,warm,200,739.5,739.5,0.0,722.9,16.6,False,,0.0,3.88,0.0,719.01,722.89,6
1130,1130,linpack,medium,warm,200,731.54,731.54,0.0,720.67,10.86,False,,0.0,0.48,5.95,714.24,720.67,6
1131,1131,fetchdata,small,warm,200,79.96,79.96,0.0,73.48,6.48,False,73.45,0.0,0.02,0.0,,73.48,6
1132,1132,linpack,medium,warm,200,1098.72,1098.71,0.0,696.82,401.9,False,,0.0,0.36,4.18,692.27,696.81,7
1133,1133,fastfouriertransform,small,warm,200,633.86,633.86,0.0,4.57,629.29,False,,0.0,3.87,0.0,0.7,4.57,7
1134,1134,genmatrix,medium,warm,200,15.63,14.24,1.39,0.22,14.03,False,,0.0,0.02,,0.19,0.22,8
1135,1135,linpack,large,warm,200,18.42,18.42,0.0,5.6,12.82,False,,0.0,0.53,4.15,0.92,5.6,8
1136,1136,matrixmul,medium,warm,200,583.69,583.68,0.0,565.51,18.17,False,,0.0,0.38,4.06,561.07,565.51,8
1137,1137,linpack,small,warm,200,16.43,16.43,0.0,5.43,10.99,False,,0.0,0.35,4.25,0.82,5.43,9
1138,1138,fastfouriertransform,medium,warm,200,1015.66,1015.66,0.0,727.51,288.14,False,,0.0,3.86,0.0,723.65,727.51,9
1139,1139,fetchdata,medium,warm,200,99.72,99.71,0.01,84.49,15.22,False,84.45,0.0,0.02,0.0,,84.49,9
1140,1140,genmatrix,medium,warm,200,13.27,13.26,0.0,0.21,13.05,False,,0.0,0.02,,0.19,0.21,9
1141,1141,genmatrix,small,warm,200,9.99,9.98,0.01,0.11,9.87,False,,0.0,0.02,,0.08,0.11,8
1142,1142,matrixmul,small,warm,200,20.64,20.63,0.0,4.94,15.69,False,,0.0,0.36,4.01,0.57,4.94,8
1143,1143,linpack,large,warm,200,14.61,14.6,0.0,5.28,9.32,False,,0.0,0.35,4.15,0.77,5.28,8
1144,1144,fetchdata,medium,warm,200,93.78,93.78,0.01,84.42,9.36,False,84.38,0.0,0.03,0.0,,84.42,7
1145,1145,linpack,medium,warm,200,674.24,674.24,0.0,662.92,11.32,False,,0.0,0.34,4.01,658.56,662.92,7
1146,1146,fastfouriertransform,medium,warm,200,733.45,733.44,0.01,716.66,16.78,False,,0.0,3.88,0.0,712.78,716.66,5
1147,1147,linpack,medium,warm,200,887.87,887.87,0.0,875.58,12.28,False,,0.0,0.36,4.21,871.0,875.58,6
1148,1148,linpack,medium,warm,200,993.93,993.93,0.0,690.59,303.34,False,,0.0,0.41,4.14,686.03,690.59,6
1149,1149,linpack,large,warm,200,15.48,15.48,0.0,5.14,10.34,False,,0.0,0.35,4.02,0.76,5.14,7
1150,1150,linpack,small,warm,200,433.51,433.5,0.01,5.02,428.48,False,,0.0,0.33,3.98,0.71,5.02,7
1151,1151,fetchdata,small,warm,200,84.3,84.29,0.0,76.68,7.61,False,76.65,0.0,0.02,0.0,,76.68,8
1152,1152,matrixmul,medium,warm,200,603.15,601.47,1.67,562.42,39.05,False,,0.0,0.36,5.4,556.66,562.42,9
1153,1153,genmatrix,large,warm,200,55.12,37.58,17.54,0.86,36.72,False,,0.0,0.02,,0.83,0.86,9
1154,1154,genmatrix,small,warm,200,18.63,18.62,0.0,0.13,18.5,False,,0.0,0.03,,0.1,0.13,9
1155,1155,fetchdata,large,warm,200,93.95,93.95,0.0,85.34,8.61,False,85.31,0.0,0.02,0.0,,85.34,8
1156,1156,linpack,medium,warm,200,1296.71,1296.7,0.01,856.26,440.44,False,,0.0,0.35,4.22,851.68,856.26,9
1157,1157,linpack,small,warm,200,545.53,545.53,0.0,5.74,539.79,False,,0.0,0.43,4.35,0.95,5.74,9
1158,1158,fastfouriertransform,small,warm,200,27.16,27.16,0.01,4.85,22.31,False,,0.0,3.98,0.0,0.85,4.84,10
1159,1159,fetchdata,large,warm,200,93.97,93.96,0.0,86.11,7.86,False,86.07,0.0,0.03,0.0,,86.11,7
1160,1160,genmatrix,medium,warm,200,13.39,11.71,1.68,0.21,11.5,False,,0.0,0.02,,0.19,0.21,8
1161,1161,linpack,medium,warm,200,676.52,676.52,0.0,666.14,10.38,False,,0.0,0.34,3.99,661.81,666.14,6
1162,1162,fetchdata,large,warm,200,83.92,83.91,0.0,77.54,6.38,False,77.5,0.0,0.02,0.0,,77.53,7
1163,1163,linpack,small,warm,200,588.44,588.43,0.0,5.06,583.37,False,,0.0,0.33,3.99,0.73,5.06,8
1164,1164,genmatrix,large,warm,200,56.75,34.7,22.06,0.84,33.85,False,,0.0,0.02,,0.82,0.84,8
1165,1165,genmatrix,small,warm,200,19.25,19.25,0.0,0.15,19.09,False,,0.0,0.02,,0.13,0.15,7
1166,1166,matrixmul,large,warm,200,23.24,23.23,0.0,4.97,18.26,False,,0.0,0.38,4.0,0.58,4.97,6
1167,1167,genmatrix,large,warm,200,49.59,37.55,12.04,0.87,36.68,False,,0.0,0.02,,0.84,0.87,6
1168,1168,genmatrix,large,warm,200,64.62,41.75,22.86,0.87,40.88,False,,0.0,0.03,,0.84,0.87,4
1169,1169,linpack,large,warm,200,32.38,32.37,0.0,8.13,24.24,False,,0.0,0.44,6.82,0.86,8.13,5
1170,1170,matrixmul,large,warm,200,22.33,22.33,0.0,5.15,17.18,False,,0.0,0.43,4.06,0.65,5.15,4
1171,1171,linpack,medium,warm,200,731.59,731.58,0.0,721.78,9.81,False,,0.0,0.37,4.33,717.07,721.77,4
1172,1172,matrixmul,small,warm,200,19.83,19.82,0.0,4.93,14.89,False,,0.0,0.36,4.0,0.57,4.93,5
1173,1173,genmatrix,medium,warm,200,12.26,12.25,0.0,0.22,12.03,False,,0.0,0.02,,0.19,0.22,5
1174,1174,fastfouriertransform,medium,warm,200,751.24,751.24,0.0,732.42,18.82,False,,0.0,3.84,0.0,728.56,732.42,5
1175,1175,linpack,medium,warm,200,709.51,709.51,0.01,696.87,12.64,False,,0.0,0.34,3.99,692.52,696.86,4
1176,1176,fastfouriertransform,large,warm,200,19.83,19.83,0.0,4.67,15.16,False,,0.0,3.88,0.0,0.78,4.66,5
1177,1177,matrixmul,medium,warm,200,590.01,588.51,1.51,573.66,14.85,False,,0.0,0.35,4.02,569.28,573.66,5
1178,1178,linpack,large,warm,200,16.53,16.52,0.0,5.05,11.47,False,,0.0,0.34,3.98,0.73,5.05,6
1179,1179,fetchdata,large,warm,200,86.13,86.12,0.0,76.04,10.08,False,76.01,0.0,0.02,0.0,,76.04,6
1180,1180,fastfouriertransform,large,warm,200,21.27,21.27,0.0,4.83,16.44,False,,0.0,3.88,0.0,0.94,4.83,7
1181,1181,matrixmul,small,warm,200,23.11,23.1,0.01,5.17,17.93,False,,0.0,0.36,4.12,0.68,5.17,6
1182,1182,linpack,large,warm,200,194.87,194.86,0.01,5.59,189.27,False,,0.0,0.44,4.28,0.85,5.59,5
1183,1183,linpack,medium,warm,200,659.01,659.01,0.0,648.66,10.35,False,,0.0,0.35,4.1,644.2,648.65,6
1184,1184,fetchdata,large,warm,200,91.91,91.91,0.01,82.69,9.22,False,82.66,0.0,0.03,0.0,,82.69,7
1185,1185,fetchdata,small,warm,200,134.14,134.14,0.01,87.41,46.73,False,87.34,0.0,0.05,0.0,,87.41,8
1186,1186,linpack,large,warm,200,18.11,18.11,0.01,5.66,12.45,False,,0.0,0.38,4.45,0.83,5.66,6
1187,1187,fastfouriertransform,small,warm,200,19.78,19.78,0.0,4.69,15.09,False,,0.0,3.9,0.0,0.78,4.69,6
1188,1188,fastfouriertransform,medium,warm,200,704.09,704.08,0.01,685.34,18.75,False,,0.0,3.85,0.0,681.48,685.33,5
1189,1189,genmatrix,medium,warm,200,16.64,12.4,4.24,0.2,12.2,False,,0.0,0.02,,0.18,0.2,4
1190,1190,fetchdata,medium,warm,200,89.49,89.48,0.0,80.85,8.64,False,80.82,0.0,0.02,0.0,,80.85,3
1191,1191,fetchdata,medium,warm,200,118.8,118.8,0.0,75.25,43.55,False,75.23,0.0,0.02,0.0,,75.25,4
1192,1192,linpack,large,warm,200,18.44,18.44,0.01,5.26,13.18,False,,0.0,0.44,4.04,0.77,5.25,4
1193,1193,matrixmul,large,warm,200,19.67,19.66,0.0,4.92,14.74,False,,0.0,0.36,3.99,0.56,4.92,4
1194,1194,fastfouriertransform,large,warm,200,20.46,20.45,0.0,4.55,15.9,False,,0.0,3.82,0.0,0.72,4.55,3
1195,1195,fetchdata,large,warm,200,89.68,89.67,0.01,79.48,10.19,False,79.46,0.0,0.02,0.0,,79.48,3
1196,1196,fetchdata,large,warm,200,115.95,115.94,0.0,75.09,40.85,False,75.06,0.0,0.02,0.0,,75.09,4
1197,1197,genmatrix,large,warm,200,51.84,35.78,16.07,0.79,34.98,False,,0.0,0.02,,0.77,0.79,3
1198,1198,matrixmul,large,warm,200,23.58,20.45,3.13,5.06,15.39,False,,0.0,0.39,4.03,0.62,5.05,4
1199,1199,matrixmul,medium,warm,200,587.43,586.21,1.22,571.09,15.13,False,,0.0,0.38,8.06,562.65,571.09,2
1200,1200,fetchdata,medium,warm,200,93.69,93.69,0.0,83.73,9.96,False,83.69,0.0,0.03,0.0,,83.73,3
1201,1201,linpack,medium,warm,200,709.77,709.77,0.0,692.31,17.46,False,,0.0,0.37,4.11,687.82,692.31,4
1202,1202,linpack,medium,warm,200,666.85,666.84,0.0,656.76,10.08,False,,0.0,0.34,3.97,652.44,656.76,4
1203,1203,genmatrix,large,warm,200,50.02,33.89,16.14,0.92,32.97,False,,0.0,0.02,,0.89,0.92,4
1204,1204,matrixmul,small,warm,200,21.35,21.34,0.0,4.94,16.4,False,,0.0,0.36,4.01,0.56,4.94,5
1205,1205,fetchdata,medium,warm,200,96.35,96.34,0.0,85.21,11.13,False,85.18,0.0,0.03,0.0,,85.21,4
1206,1206,linpack,medium,warm,200,1155.23,1155.23,0.0,700.3,454.93,False,,0.0,0.41,4.4,695.48,700.3,5
1207,1207,fetchdata,medium,warm,200,91.54,91.53,0.0,82.65,8.88,False,82.61,0.0,0.04,0.0,,82.65,5
1208,1208,genmatrix,large,warm,200,49.92,33.29,16.63,0.81,32.48,False,,0.0,0.02,,0.79,0.81,6
1209,1209,fetchdata,large,warm,200,82.91,82.9,0.0,74.84,8.06,False,74.82,0.0,0.02,0.0,,74.84,5
1210,1210,matrixmul,medium,warm,200,541.57,540.26,1.31,525.71,14.54,False,,0.0,0.36,3.98,521.37,525.71,6
1211,1211,matrixmul,medium,warm,200,571.38,571.37,0.0,552.13,19.24,False,,0.0,0.35,3.99,547.78,552.13,5
1212,1212,linpack,large,warm,200,16.12,16.11,0.0,5.18,10.93,False,,0.0,0.35,4.0,0.83,5.18,6
1213,1213,genmatrix,medium,warm,200,13.14,11.66,1.48,0.22,11.45,False,,0.0,0.02,,0.19,0.21,6
1214,1214,fastfouriertransform,large,warm,200,21.98,21.98,0.0,4.97,17.01,False,,0.0,3.94,0.0,1.01,4.96,6
1215,1215,linpack,medium,warm,200,1420.84,1420.83,0.0,713.01,707.83,False,,0.0,0.35,4.88,707.77,713.0,6
1216,1216,matrixmul,medium,warm,200,883.5,883.5,0.0,558.66,324.84,False,,0.0,0.36,4.1,554.18,558.66,5
1217,1217,fetchdata,medium,warm,200,91.61,91.6,0.0,80.46,11.15,False,80.43,0.0,0.02,0.0,,80.46,6
1218,1218,fastfouriertransform,medium,warm,200,671.47,671.46,0.0,654.75,16.72,False,,0.0,4.48,0.01,650.26,654.75,7
1219,1219,fastfouriertransform,medium,warm,200,763.81,763.8,0.0,740.85,22.95,False,,0.0,4.02,0.0,736.82,740.85,7
1220,1220,matrixmul,large,warm,200,52.8,52.79,0.01,4.88,47.92,False,,0.0,0.33,3.98,0.56,4.87,8
1221,1221,genmatrix,large,warm,200,56.76,33.37,23.39,0.81,32.57,False,,0.0,0.02,,0.78,0.8,8
1222,1222,matrixmul,small,warm,200,24.45,24.44,0.0,4.91,19.53,False,,0.0,0.36,3.98,0.57,4.91,8
1223,1223,fetchdata,large,warm,200,92.77,92.77,0.0,84.53,8.24,False,84.49,0.0,0.03,0.0,,84.53,6
1224,1224,genmatrix,large,warm,200,50.04,32.21,17.83,0.8,31.41,False,,0.0,0.02,,0.78,0.8,7
1225,1225,genmatrix,small,warm,200,7.9,7.9,0.0,0.12,7.78,False,,0.0,0.02,,0.1,0.12,6
1226,1226,fastfouriertransform,large,warm,200,419.14,419.13,0.0,5.0,414.14,False,,0.0,4.06,0.01,0.92,4.99,6
1227,1227,linpack,small,warm,200,15.6,15.6,0.0,5.12,10.48,False,,0.0,0.33,4.04,0.74,5.12,7
1228,1228,fetchdata,small,warm,200,85.58,85.57,0.01,77.92,7.65,False,77.89,0.0,0.02,0.0,,77.92,7
1229,1229,linpack,small,warm,200,20.05,20.04,0.0,6.62,13.42,False,,0.0,0.4,5.31,0.9,6.62,8
1230,1230,fetchdata,small,warm,200,95.5,95.5,0.0,86.49,9.01,False,86.46,0.0,0.02,0.0,,86.49,6
1231,1231,fastfouriertransform,medium,warm,200,727.38,727.38,0.0,703.18,24.2,False,,0.0,3.98,0.0,699.19,703.17,7
1232,1232,genmatrix,large,warm,200,69.02,35.03,33.99,0.93,34.1,False,,0.0,0.03,,0.89,0.93,6
1233,1233,matrixmul,small,warm,200,30.54,30.54,0.0,6.98,23.56,False,,0.0,0.51,5.64,0.83,6.98,7
1234,1234,fetchdata,small,warm,200,87.44,87.44,0.0,80.15,7.28,False,80.13,0.0,0.02,0.0,,80.15,5
1235,1235,linpack,small,warm,200,16.45,16.45,0.0,6.39,10.06,False,,0.0,0.41,5.04,0.92,6.39,4
1236,1236,matrixmul,large,warm,200,23.6,23.6,0.0,6.5,17.1,False,,0.0,0.45,5.31,0.74,6.5,3
1237,1237,matrixmul,medium,warm,200,568.23,565.79,2.44,549.12,16.67,False,,0.0,0.43,4.92,543.76,549.12,3
1238,1238,fetchdata,medium,warm,200,98.15,98.15,0.01,83.97,14.18,False,83.94,0.0,0.02,0.0,,83.97,4
1239,1239,genmatrix,medium,warm,200,13.21,10.73,2.47,0.21,10.52,False,,0.0,0.02,,0.19,0.21,5
1240,1240,fastfouriertransform,small,warm,200,20.69,20.69,0.0,4.69,16.0,False,,0.0,3.88,0.0,0.8,4.69,4
1241,1241,linpack,small,warm,200,16.23,16.23,0.0,5.12,11.11,False,,0.0,0.36,4.0,0.76,5.12,4
1242,1242,linpack,large,warm,200,14.66,14.65,0.0,5.46,9.2,False,,0.0,0.36,4.29,0.8,5.46,4
1243,1243,fastfouriertransform,small,warm,200,20.76,20.76,0.0,4.69,16.06,False,,0.0,3.87,0.0,0.82,4.69,4
1244,1244,matrixmul,small,warm,200,25.52,24.09,1.43,7.26,16.83,False,,0.0,0.5,5.93,0.82,7.26,3
1245,1245,fastfouriertransform,medium,warm,200,780.16,780.15,0.01,763.1,17.05,False,,0.0,3.87,0.0,759.22,763.1,3
1246,1246,matrixmul,small,warm,200,24.82,23.55,1.27,7.13,16.42,False,,0.0,0.5,5.77,0.86,7.13,3
1247,1247,genmatrix,small,warm,200,11.0,10.99,0.0,0.12,10.88,False,,0.0,0.02,,0.09,0.12,3
1248,1248,fastfouriertransform,medium,warm,200,751.35,751.34,0.0,730.07,21.27,False,,0.0,6.46,0.01,723.61,730.07,3
1249,1249,linpack,large,warm,200,16.6,16.6,0.0,5.33,11.27,False,,0.0,0.37,4.08,0.87,5.33,3
1250,1250,fastfouriertransform,medium,warm,200,1282.01,1282.01,0.0,749.27,532.74,False,,0.0,3.89,0.0,745.37,749.27,3
1251,1251,genmatrix,medium,warm,200,14.04,12.81,1.23,0.26,12.55,False,,0.0,0.03,,0.23,0.26,4
1252,1252,linpack,large,warm,200,15.86,15.85,0.0,5.65,10.21,False,,0.0,0.38,4.45,0.82,5.64,4
1253,1253,matrixmul,small,warm,200,20.44,19.29,1.15,5.0,14.29,False,,0.0,0.36,4.04,0.59,5.0,4
1254,1254,linpack,medium,warm,200,719.38,719.38,0.0,709.43,9.94,False,,0.0,0.37,4.14,704.91,709.43,4
1255,1255,genmatrix,small,warm,200,6.91,6.91,0.0,0.11,6.8,False,,0.0,0.02,,0.09,0.11,5
1256,1256,fastfouriertransform,medium,warm,200,1080.4,1080.39,0.0,730.46,349.93,False,,0.0,3.86,0.0,726.59,730.46,5
1257,1257,fetchdata,large,warm,200,127.89,127.89,0.0,120.32,7.57,False,120.29,0.0,0.02,0.0,,120.32,6
1258,1258,matrixmul,large,warm,200,20.99,19.71,1.28,5.03,14.68,False,,0.0,0.39,4.04,0.6,5.03,7
1259,1259,genmatrix,large,warm,200,57.84,31.93,25.91,0.81,31.12,False,,0.0,0.02,,0.78,0.81,7
1260,1260,fetchdata,small,warm,200,84.36,84.35,0.0,75.03,9.32,False,75.01,0.0,0.02,0.0,,75.03,7
1261,1261,genmatrix,medium,warm,200,13.41,11.89,1.53,0.21,11.68,False,,0.0,0.02,,0.18,0.21,6
1262,1262,linpack,large,warm,200,17.31,17.3,0.01,5.36,11.94,False,,0.0,0.39,4.18,0.79,5.36,5
1263,1263,fetchdata,small,warm,200,94.54,94.54,0.0,78.81,15.73,False,78.76,0.0,0.04,0.0,,78.81,4
1264,1264,linpack,large,warm,200,16.79,16.79,0.0,6.31,10.47,False,,0.0,0.36,5.13,0.82,6.31,5
1265,1265,matrixmul,medium,warm,200,590.21,590.2,0.01,573.27,16.93,False,,0.0,0.38,4.09,568.8,573.27,4
1266,1266,linpack,medium,warm,200,757.49,757.48,0.01,745.57,11.91,False,,0.0,0.47,5.46,739.64,745.57,5
1267,1267,fastfouriertransform,medium,warm,200,1167.37,1167.36,0.01,734.51,432.85,False,,0.0,3.82,0.0,730.67,734.5,6
1268,1268,fastfouriertransform,small,warm,200,487.98,487.97,0.0,4.58,483.39,False,,0.0,3.84,0.0,0.74,4.58,7
1269,1269,fetchdata,medium,warm,200,95.82,95.81,0.0,86.99,8.82,False,86.95,0.0,0.03,0.0,,86.99,7
1270,1270,genmatrix,small,warm,200,7.59,7.59,0.0,0.11,7.48,False,,0.0,0.02,,0.09,0.11,8
1271,1271,fastfouriertransform,medium,warm,200,1059.67,1059.66,0.0,719.28,340.39,False,,0.0,3.8,0.0,715.47,719.27,7
1272,1272,matrixmul,small,warm,200,21.14,18.8,2.34,4.92,13.88,False,,0.0,0.36,3.99,0.56,4.92,8
1273,1273,matrixmul,medium,warm,200,543.94,542.53,1.41,528.04,14.49,False,,0.0,0.36,3.99,523.69,528.04,8
1274,1274,genmatrix,medium,warm,200,11.99,10.83,1.17,0.21,10.62,False,,0.0,0.02,,0.19,0.21,9
1275,1275,linpack,large,warm,200,14.73,14.72,0.0,5.2,9.52,False,,0.0,0.34,4.12,0.74,5.2,9
1276,1276,linpack,small,warm,200,18.12,18.11,0.01,7.01,11.1,False,,0.0,0.36,5.7,0.94,7.01,8
1277,1277,genmatrix,large,warm,200,59.63,32.09,27.54,0.79,31.3,False,,0.0,0.02,,0.77,0.79,7
1278,1278,genmatrix,large,warm,200,55.17,37.29,17.88,0.81,36.49,False,,0.0,0.02,,0.78,0.81,6
1279,1279,fetchdata,small,warm,200,92.8,92.79,0.0,81.49,11.3,False,81.46,0.0,0.02,0.0,,81.49,6
1280,1280,fastfouriertransform,medium,warm,200,1266.75,1266.75,0.0,750.37,516.38,False,,0.0,3.89,0.0,746.47,750.37,6
1281,1281,genmatrix,small,warm,200,11.5,11.49,0.0,0.12,11.37,False,,0.0,0.02,,0.09,0.12,6
1282,1282,matrixmul,large,warm,200,25.66,24.45,1.21,5.72,18.73,False,,0.0,0.43,4.4,0.89,5.72,5
1283,1283,linpack,large,warm,200,15.99,15.98,0.0,5.84,10.14,False,,0.0,0.44,4.41,1.0,5.84,5
1284,1284,genmatrix,large,warm,200,68.61,42.06,26.55,0.81,41.26,False,,0.0,0.02,,0.78,0.8,4
1285,1285,fastfouriertransform,large,warm,200,366.79,366.78,0.0,4.65,362.14,False,,0.0,3.84,0.0,0.8,4.64,5
1286,1286,genmatrix,medium,warm,200,12.28,12.27,0.0,0.21,12.06,False,,0.0,0.02,,0.18,0.21,5
1287,1287,linpack,small,warm,200,14.79,14.79,0.0,5.06,9.73,False,,0.0,0.34,3.98,0.74,5.06,5
1288,1288,fetchdata,small,warm,200,83.56,83.56,0.01,74.82,8.74,False,74.79,0.0,0.02,0.0,,74.82,5
1289,1289,matrixmul,small,warm,200,21.37,20.11,1.26,5.62,14.49,False,,0.0,0.36,4.6,0.65,5.62,6
1290,1290,matrixmul,large,warm,200,21.34,21.34,0.01,4.92,16.42,False,,0.0,0.36,3.99,0.57,4.92,5
1291,1291,linpack,medium,warm,200,729.18,729.18,0.01,717.9,11.27,False,,0.0,0.36,4.15,713.39,717.9,4
1292,1292,matrixmul,large,warm,200,22.97,20.21,2.76,4.92,15.29,False,,0.0,0.34,4.0,0.57,4.92,5
1293,1293,linpack,medium,warm,200,674.24,674.23,0.01,662.99,11.25,False,,0.0,0.38,4.23,658.37,662.98,3
1294,1294,linpack,large,warm,200,634.55,634.54,0.01,5.29,629.25,False,,0.0,0.33,4.13,0.82,5.29,4
1295,1295,fetchdata,small,warm,200,90.67,90.66,0.0,81.53,9.13,False,81.49,0.0,0.03,0.0,,81.53,5
1296,1296,linpack,small,warm,200,16.94,16.93,0.0,5.87,11.06,False,,0.0,0.36,4.05,1.45,5.87,6
1297,1297,linpack,medium,warm,200,821.44,821.44,0.0,811.02,10.41,False,,0.0,0.54,6.43,804.04,811.02,5
1298,1298,linpack,large,warm,200,15.31,15.31,0.0,5.77,9.53,False,,0.0,0.39,4.32,1.06,5.77,6
1299,1299,genmatrix,small,warm,200,7.69,7.69,0.0,0.14,7.54,False,,0.0,0.03,,0.11,0.14,6
1300,1300,linpack,small,warm,200,680.07,680.07,0.0,5.4,674.67,False,,0.0,0.36,4.27,0.78,5.4,6
1301,1301,fastfouriertransform,large,warm,200,18.81,18.81,0.0,4.59,14.22,False,,0.0,3.84,0.0,0.74,4.58,7
1302,1302,linpack,small,warm,200,15.99,15.99,0.0,5.47,10.52,False,,0.0,0.36,4.32,0.79,5.47,7
1303,1303,linpack,large,warm,200,138.12,138.12,0.0,5.22,132.89,False,,0.0,0.35,4.1,0.77,5.22,7
1304,1304,fetchdata,small,warm,200,84.13,84.13,0.0,77.19,6.94,False,77.17,0.0,0.02,0.0,,77.19,8
1305,1305,genmatrix,large,warm,200,47.72,34.09,13.64,0.85,33.24,False,,0.0,0.02,,0.83,0.85,9
1306,1306,matrixmul,small,warm,200,22.4,22.39,0.0,5.59,16.8,False,,0.0,0.37,4.62,0.6,5.59,5
1307,1307,fetchdata,large,warm,200,93.75,93.75,0.0,79.05,14.69,False,79.02,0.0,0.02,0.0,,79.05,3
1308,1308,linpack,medium,warm,200,683.04,683.03,0.0,671.54,11.49,False,,0.0,0.38,4.01,667.15,671.54,4
1309,1309,fastfouriertransform,large,warm,200,23.41,23.41,0.01,5.09,18.32,False,,0.0,4.04,0.01,1.03,5.09,4
1310,1310,matrixmul,small,warm,200,22.61,21.34,1.27,5.17,16.17,False,,0.0,0.4,4.09,0.68,5.17,4
1311,1311,matrixmul,small,warm,200,24.18,22.98,1.21,5.18,17.8,False,,0.0,0.42,4.13,0.63,5.18,4
1312,1312,linpack,medium,warm,200,761.07,761.06,0.0,750.65,10.41,False,,0.0,0.43,4.13,746.08,750.64,4
1313,1313,matrixmul,large,warm,200,22.65,18.18,4.48,4.93,13.25,False,,0.0,0.36,3.99,0.57,4.93,5
1314,1314,fastfouriertransform,large,warm,200,20.47,20.47,0.01,4.71,15.76,False,,0.0,3.93,0.0,0.77,4.71,3
1315,1315,matrixmul,large,warm,200,67.15,64.93,2.22,5.32,59.61,False,,0.0,0.46,4.14,0.72,5.32,3
1316,1316,genmatrix,large,warm,200,60.7,33.11,27.59,0.79,32.33,False,,0.0,0.02,,0.76,0.79,4
1317,1317,fastfouriertransform,medium,warm,200,805.07,805.06,0.0,786.42,18.64,False,,0.0,3.93,0.0,782.48,786.42,4
1318,1318,genmatrix,small,warm,200,7.93,7.92,0.0,0.11,7.81,False,,0.0,0.02,,0.09,0.11,4
1319,1319,fetchdata,large,warm,200,86.83,86.82,0.0,78.13,8.7,False,78.1,0.0,0.02,0.0,,78.13,4
1320,1320,fastfouriertransform,small,warm,200,19.56,19.55,0.0,4.71,14.84,False,,0.0,3.89,0.0,0.81,4.71,5
1321,1321,matrixmul,medium,warm,200,598.27,597.06,1.21,581.61,15.44,False,,0.0,0.5,4.11,576.99,581.61,4
1322,1322,fastfouriertransform,large,warm,200,29.25,29.25,0.0,4.7,24.55,False,,0.0,3.9,0.0,0.79,4.7,4
1323,1323,fastfouriertransform,small,warm,200,27.74,27.74,0.0,5.03,22.7,False,,0.0,4.09,0.01,0.93,5.03,4
1324,1324,matrixmul,small,warm,200,23.48,22.32,1.16,5.26,17.06,False,,0.0,0.56,4.07,0.62,5.25,4
1325,1325,genmatrix,medium,warm,200,14.44,13.19,1.25,0.24,12.95,False,,0.0,0.02,,0.21,0.24,4
1326,1326,fetchdata,small,warm,200,104.8,104.79,0.0,94.09,10.7,False,94.05,0.0,0.03,0.0,,94.09,4
1327,1327,matrixmul,medium,warm,200,530.96,529.58,1.38,514.75,14.83,False,,0.0,0.36,3.99,510.4,514.75,5
1328,1328,matrixmul,medium,warm,200,1015.0,1012.99,2.01,527.55,485.44,False,,0.0,0.36,4.07,523.13,527.55,5
1329,1329,matrixmul,medium,warm,200,758.09,757.02,1.07,550.34,206.68,False,,0.0,0.35,4.09,545.9,550.34,5
1330,1330,fastfouriertransform,large,warm,200,19.38,19.38,0.0,4.61,14.76,False,,0.0,3.83,0.0,0.78,4.61,6
1331,1331,linpack,small,warm,200,14.93,14.93,0.0,5.42,9.51,False,,0.0,0.36,4.26,0.79,5.42,6
1332,1332,genmatrix,small,warm,200,7.87,7.87,0.0,0.13,7.73,False,,0.0,0.02,,0.11,0.13,6
1333,1333,fetchdata,large,warm,200,80.85,80.85,0.0,74.21,6.64,False,74.18,0.0,0.02,0.0,,74.2,5
1334,1334,matrixmul,large,warm,200,515.27,514.16,1.11,5.68,508.48,False,,0.0,0.57,4.46,0.64,5.68,5
1335,1335,fetchdata,large,warm,200,79.95,79.94,0.0,73.55,6.4,False,73.52,0.0,0.02,0.0,,73.54,5
1336,1336,fetchdata,small,warm,200,110.39,110.39,0.0,73.79,36.6,False,73.76,0.0,0.02,0.0,,73.79,6
1337,1337,fastfouriertransform,medium,warm,200,775.79,775.78,0.0,760.16,15.62,False,,0.0,3.86,0.0,756.29,760.16,6
1338,1338,matrixmul,large,warm,200,524.28,523.05,1.23,4.9,518.15,False,,0.0,0.33,4.0,0.57,4.9,6
1339,1339,linpack,medium,warm,200,730.43,730.42,0.01,718.42,12.0,False,,0.0,0.4,4.32,713.69,718.42,6
1340,1340,linpack,medium,warm,200,810.34,810.33,0.0,795.76,14.57,False,,0.0,0.4,4.7,790.66,795.76,7
1341,1341,fetchdata,small,warm,200,86.63,86.63,0.0,79.12,7.51,False,79.09,0.0,0.02,0.0,,79.12,8
1342,1342,matrixmul,medium,warm,200,674.46,673.2,1.25,549.78,123.42,False,,0.0,0.38,4.15,545.24,549.78,9
1343,1343,fetchdata,medium,warm,200,100.63,100.62,0.01,85.98,14.65,False,85.94,0.0,0.03,0.0,,85.98,9
1344,1344,fetchdata,large,warm,200,138.67,138.66,0.0,89.28,49.38,False,89.25,0.0,0.02,0.0,,89.28,10
1345,1345,fastfouriertransform,small,warm,200,381.55,381.54,0.01,4.64,376.9,False,,0.0,3.87,0.0,0.77,4.64,8
1346,1346,matrixmul,large,warm,200,488.28,488.27,0.01,5.49,482.79,False,,0.0,0.43,4.38,0.67,5.49,9
1347,1347,fastfouriertransform,small,warm,200,289.73,289.73,0.0,4.7,285.02,False,,0.0,3.9,0.0,0.8,4.7,9
1348,1348,fetchdata,small,warm,200,106.69,106.69,0.0,96.26,10.42,False,96.22,0.0,0.03,0.0,,96.26,10
1349,1349,fastfouriertransform,large,warm,200,202.8,202.79,0.01,5.22,197.57,False,,0.0,4.4,0.0,0.81,5.22,9
1350,1350,fastfouriertransform,medium,warm,200,915.08,915.07,0.0,765.03,150.04,False,,0.0,4.28,0.01,760.73,765.02,10
1351,1351,linpack,large,warm,200,269.94,269.93,0.0,7.94,262.0,False,,0.0,0.35,6.42,1.16,7.94,10
1352,1352,fastfouriertransform,small,warm,200,821.79,821.79,0.0,4.67,817.11,False,,0.0,3.93,0.0,0.74,4.67,11
1353,1353,fastfouriertransform,medium,warm,200,1483.24,1483.24,0.0,714.29,768.95,False,,0.0,3.92,0.0,710.36,714.29,8
1354,1354,matrixmul,small,warm,200,28.78,26.32,2.46,7.31,19.01,False,,0.0,0.51,5.95,0.85,7.31,8
1355,1355,linpack,small,warm,200,19.07,19.06,0.0,5.64,13.42,False,,0.0,0.39,4.27,0.97,5.64,8
1356,1356,fastfouriertransform,small,cold,200,1341.49,1341.49,0.0,4.65,1336.84,False,,0.0,3.86,0.0,0.78,4.65,6
1357,1357,linpack,medium,warm,200,786.67,786.67,0.0,774.1,12.56,False,,0.0,0.39,4.62,769.09,774.1,5
1358,1358,fetchdata,large,warm,200,98.16,98.15,0.0,88.32,9.84,False,88.29,0.0,0.02,0.0,,88.31,6
1359,1359,linpack,medium,warm,200,920.83,920.82,0.01,909.96,10.86,False,,0.0,0.42,4.4,905.13,909.95,7
1360,1360,linpack,large,warm,200,880.19,880.19,0.0,8.01,872.18,False,,0.0,0.52,6.34,1.14,8.01,7
1361,1361,genmatrix,small,warm,200,6.83,6.82,0.0,0.11,6.71,False,,0.0,0.02,,0.09,0.11,8
1362,1362,genmatrix,small,warm,200,7.4,7.39,0.0,0.11,7.29,False,,0.0,0.02,,0.09,0.11,8
1363,1363,linpack,small,warm,200,740.91,740.9,0.0,8.01,732.89,False,,0.0,0.53,6.35,1.13,8.01,8
1364,1364,matrixmul,medium,warm,200,606.16,603.3,2.86,584.89,18.41,False,,0.0,0.39,4.24,580.25,584.89,9
1365,1365,genmatrix,small,warm,200,6.84,6.84,0.0,0.11,6.73,False,,0.0,0.02,,0.08,0.11,10
1366,1366,linpack,large,warm,200,602.43,602.43,0.0,8.02,594.4,False,,0.0,0.52,6.36,1.14,8.02,10
1367,1367,fetchdata,large,warm,200,84.71,84.71,0.01,76.4,8.31,False,76.37,0.0,0.02,0.0,,76.39,11
1368,1368,matrixmul,large,warm,200,416.08,413.61,2.46,5.79,407.82,False,,0.0,0.46,4.64,0.68,5.79,12
1369,1369,matrixmul,small,warm,200,376.47,376.46,0.01,5.29,371.17,False,,0.0,0.52,4.12,0.64,5.29,10
1370,1370,genmatrix,large,warm,200,55.12,37.43,17.69,0.82,36.61,False,,0.0,0.02,,0.8,0.82,11
1371,1371,matrixmul,large,warm,200,293.52,292.04,1.48,5.04,287.0,False,,0.0,0.36,4.06,0.62,5.04,12
1372,1372,genmatrix,large,warm,200,54.94,38.23,16.71,0.95,37.28,False,,0.0,0.03,,0.91,0.95,12
1373,1373,matrixmul,medium,warm,200,759.43,753.87,5.56,558.82,195.05,False,,0.0,0.45,4.14,554.23,558.82,12
1374,1374,fetchdata,medium,warm,200,106.49,106.49,0.0,91.81,14.68,False,91.77,0.0,0.03,0.0,,91.81,12
1375,1375,matrixmul,small,warm,200,670.69,667.1,3.6,5.09,662.01,False,,0.0,0.41,4.04,0.63,5.09,13
1376,1376,linpack,medium,warm,200,1024.41,1024.4,0.01,922.42,101.98,False,,0.0,0.52,6.36,915.54,922.42,14
1377,1377,fetchdata,small,warm,200,106.68,106.67,0.01,89.67,17.0,False,89.64,0.0,0.03,0.0,,89.67,10
1378,1378,genmatrix,large,warm,200,42.89,32.33,10.56,0.81,31.52,False,,0.0,0.02,,0.79,0.81,8
1379,1379,fetchdata,medium,warm,200,93.17,93.17,0.0,85.49,7.68,False,85.45,0.0,0.03,0.0,,85.48,7
1380,1380,fastfouriertransform,large,warm,200,152.22,152.21,0.01,4.68,147.53,False,,0.0,3.88,0.0,0.79,4.68,7
1381,1381,matrixmul,medium,warm,200,959.31,955.36,3.95,581.0,374.36,False,,0.0,0.37,4.02,576.61,581.0,7
1382,1382,linpack,large,warm,200,735.87,735.87,0.0,8.01,727.86,False,,0.0,0.52,6.36,1.13,8.01,8
1383,1383,fetchdata,medium,warm,200,82.83,82.83,0.0,77.21,5.62,False,77.18,0.0,0.02,0.0,,77.21,7
1384,1384,fetchdata,medium,warm,200,110.76,110.76,0.0,76.05,34.7,False,76.02,0.0,0.03,0.0,,76.05,7
1385,1385,fetchdata,medium,warm,200,148.57,148.57,0.0,85.9,62.67,False,85.87,0.0,0.02,0.0,,85.9,7
1386,1386,fastfouriertransform,medium,warm,200,758.25,758.24,0.01,742.36,15.88,False,,0.0,3.93,0.0,738.42,742.36,8
1387,1387,genmatrix,small,warm,200,6.89,6.89,0.0,0.11,6.78,False,,0.0,0.02,,0.09,0.11,8
1388,1388,linpack,large,warm,200,440.71,440.7,0.0,5.38,435.32,False,,0.0,0.37,4.24,0.77,5.38,7
1389,1389,fetchdata,small,warm,200,100.48,100.47,0.0,87.83,12.64,False,87.78,0.0,0.03,0.0,,87.82,6
1390,1390,genmatrix,medium,warm,200,16.27,14.38,1.89,0.24,14.14,False,,0.0,0.03,,0.21,0.24,7
1391,1391,linpack,large,warm,200,299.14,299.13,0.01,5.34,293.8,False,,0.0,0.36,4.21,0.76,5.33,7
1392,1392,fastfouriertransform,small,warm,200,466.27,466.27,0.0,4.7,461.56,False,,0.0,3.92,0.0,0.77,4.7,7
1393,1393,fetchdata,large,warm,200,95.74,95.73,0.0,85.64,10.09,False,85.6,0.0,0.03,0.0,,85.64,8
1394,1394,linpack,small,warm,200,158.17,158.16,0.0,5.34,152.83,False,,0.0,0.36,4.21,0.76,5.33,9
1395,1395,matrixmul,small,warm,200,267.33,266.07,1.26,5.37,260.7,False,,0.0,0.41,4.29,0.67,5.37,9
1396,1396,genmatrix,medium,warm,200,12.04,10.14,1.9,0.2,9.94,False,,0.0,0.02,,0.18,0.2,10
1397,1397,fastfouriertransform,small,warm,200,222.22,222.22,0.0,4.75,217.47,False,,0.0,3.89,0.0,0.78,4.74,6
1398,1398,fetchdata,large,warm,200,96.04,96.03,0.0,88.74,7.29,False,88.7,0.0,0.03,0.0,,88.74,6
1399,1399,fastfouriertransform,large,warm,200,127.66,127.66,0.0,4.63,123.03,False,,0.0,3.85,0.0,0.77,4.63,7
1400,1400,matrixmul,small,warm,200,30.3,29.17,1.13,4.96,24.21,False,,0.0,0.34,4.01,0.6,4.96,7
1401,1401,linpack,large,warm,200,16.31,16.3,0.0,5.38,10.92,False,,0.0,0.36,4.23,0.78,5.38,5
1402,1402,fetchdata,medium,warm,200,81.36,81.36,0.0,74.47,6.89,False,74.44,0.0,0.02,0.0,,74.47,1
1403,1403,fetchdata,large,warm,200,111.78,111.77,0.0,75.71,36.07,False,75.68,0.0,0.02,0.0,,75.71,2
1404,1404,genmatrix,medium,warm,200,15.61,14.49,1.12,0.22,14.26,False,,0.0,0.02,,0.2,0.22,2
1405,1405,matrixmul,medium,warm,200,598.3,595.45,2.85,580.34,15.11,False,,0.0,0.41,4.06,575.86,580.33,2
1406,1406,linpack,large,warm,200,18.91,18.9,0.0,8.24,10.66,False,,0.0,0.55,6.42,1.26,8.24,2
1407,1407,genmatrix,medium,warm,200,15.35,13.26,2.09,0.21,13.05,False,,0.0,0.02,,0.19,0.21,2
1408,1408,genmatrix,medium,warm,200,14.0,12.06,1.94,0.25,11.81,False,,0.0,0.03,,0.22,0.25,2
1409,1409,linpack,medium,warm,200,772.88,772.87,0.0,762.77,10.1,False,,0.0,0.41,4.43,757.93,762.77,2
1410,1410,matrixmul,small,warm,200,360.31,360.31,0.0,4.97,355.34,False,,0.0,0.33,4.06,0.57,4.97,3
1411,1411,matrixmul,medium,warm,200,897.7,896.81,0.89,577.87,318.94,False,,0.0,0.54,4.16,573.16,577.87,4
1412,1412,fetchdata,medium,warm,200,97.56,97.55,0.0,88.14,9.41,False,88.11,0.0,0.02,0.0,,88.14,5
1413,1413,genmatrix,medium,warm,200,12.3,10.33,1.96,0.21,10.12,False,,0.0,0.02,,0.19,0.21,6
1414,1414,fastfouriertransform,large,warm,200,19.57,19.56,0.0,4.68,14.89,False,,0.0,3.85,0.0,0.82,4.67,5
1415,1415,fetchdata,large,warm,200,91.22,91.22,0.0,84.57,6.65,False,84.52,0.0,0.05,0.0,,84.57,5
1416,1416,fetchdata,small,warm,200,119.09,119.09,0.0,74.25,44.83,False,74.23,0.0,0.02,0.0,,74.25,6
1417,1417,genmatrix,large,warm,200,51.06,36.47,14.59,0.84,35.63,False,,0.0,0.02,,0.81,0.84,5
1418,1418,linpack,large,warm,200,331.8,331.79,0.01,5.84,325.95,False,,0.0,0.38,4.58,0.88,5.84,5
1419,1419,matrixmul,medium,warm,200,1074.85,1073.03,1.82,573.14,499.89,False,,0.0,0.35,4.8,567.98,573.14,4
1420,1420,fetchdata,small,warm,200,89.09,89.09,0.0,81.75,7.34,False,81.72,0.0,0.02,0.0,,81.75,5
1421,1421,genmatrix,small,warm,200,7.21,7.21,0.0,0.11,7.1,False,,0.0,0.02,,0.08,0.11,6
1422,1422,matrixmul,large,warm,200,937.79,935.59,2.2,5.44,930.15,False,,0.0,0.6,4.14,0.7,5.44,5
1423,1423,fetchdata,medium,warm,200,90.99,90.98,0.0,83.29,7.7,False,83.25,0.0,0.02,0.0,,83.29,6
1424,1424,linpack,large,warm,200,39.41,39.41,0.0,5.89,33.52,False,,0.0,0.46,4.54,0.88,5.89,7
1425,1425,genmatrix,medium,warm,200,12.93,12.92,0.01,0.24,12.69,False,,0.0,0.02,,0.21,0.24,4
1426,1426,matrixmul,large,warm,200,756.03,748.13,7.91,5.57,742.56,False,,0.0,0.71,4.18,0.67,5.57,4
1427,1427,matrixmul,medium,warm,200,1271.32,1269.44,1.88,564.45,704.99,False,,0.0,0.57,4.07,559.8,564.45,5
1428,1428,fetchdata,large,warm,200,98.38,98.37,0.01,90.26,8.11,False,90.23,0.0,0.02,0.0,,90.26,6
1429,1429,genmatrix,small,warm,200,6.97,6.97,0.0,0.11,6.86,False,,0.0,0.02,,0.08,0.11,6
1430,1430,fetchdata,large,warm,200,98.13,98.13,0.0,91.11,7.02,False,91.08,0.0,0.02,0.0,,91.11,5
1431,1431,linpack,medium,warm,200,870.94,870.93,0.0,860.55,10.38,False,,0.0,0.38,4.5,855.67,860.55,6
1432,1432,fetchdata,large,warm,200,84.28,84.28,0.0,76.89,7.39,False,76.86,0.0,0.02,0.0,,76.89,6
1433,1433,fastfouriertransform,large,warm,200,18.5,18.49,0.0,4.63,13.87,False,,0.0,3.86,0.0,0.76,4.63,7
1434,1434,fastfouriertransform,small,warm,200,19.19,19.19,0.0,4.56,14.63,False,,0.0,3.81,0.0,0.74,4.56,6
1435,1435,fastfouriertransform,small,warm,200,19.42,19.42,0.0,4.62,14.8,False,,0.0,3.88,0.0,0.74,4.62,6
1436,1436,matrixmul,small,warm,200,834.15,834.14,0.01,4.97,829.17,False,,0.0,0.34,4.02,0.6,4.97,6
1437,1437,fetchdata,small,warm,200,91.01,91.01,0.0,83.4,7.6,False,83.36,0.0,0.03,0.0,,83.4,7
1438,1438,fetchdata,small,warm,200,131.89,131.88,0.0,85.48,46.41,False,85.42,0.02,0.02,0.0,,85.48,8
1439,1439,fetchdata,large,warm,200,165.8,165.79,0.0,82.54,83.26,False,82.51,0.0,0.02,0.0,,82.54,8
1440,1440,matrixmul,medium,warm,200,1223.44,1221.85,1.58,582.6,639.25,False,,0.0,0.39,4.76,577.45,582.6,9
1441,1441,fastfouriertransform,large,warm,200,21.03,21.02,0.0,4.82,16.2,False,,0.0,3.94,0.01,0.87,4.82,7
1442,1442,linpack,medium,warm,200,1240.68,1240.68,0.0,916.64,324.04,False,,0.0,0.38,4.46,911.79,916.63,6
1443,1443,matrixmul,small,cold,200,1085.87,1083.73,2.14,5.7,1078.03,False,,0.0,0.39,4.7,0.6,5.7,6
1444,1444,fastfouriertransform,large,warm,200,18.62,18.61,0.0,4.7,13.92,False,,0.0,3.86,0.0,0.83,4.7,7
1445,1445,linpack,medium,cold,200,1963.36,1963.36,0.0,871.09,1092.26,False,,0.0,0.54,6.34,864.21,871.09,7
1446,1446,fastfouriertransform,small,warm,200,18.72,18.72,0.0,4.86,13.85,False,,0.0,4.02,0.0,0.83,4.86,8
1447,1447,linpack,large,cold,200,1873.55,1873.54,0.01,8.0,1865.54,False,,0.0,0.53,6.35,1.12,8.0,8
1448,1448,genmatrix,large,warm,200,59.2,33.52,25.68,0.82,32.7,False,,0.0,0.02,,0.8,0.82,9
1449,1449,genmatrix,small,warm,200,7.52,7.51,0.0,0.11,7.4,False,,0.0,0.02,,0.09,0.11,9
1450,1450,linpack,large,cold,200,1732.82,1732.82,0.0,8.03,1724.79,False,,0.0,0.52,6.37,1.13,8.03,8
1451,1451,matrixmul,small,warm,200,696.01,696.0,0.0,5.57,690.44,False,,0.01,0.6,4.24,0.71,5.57,9
1452,1452,fastfouriertransform,small,warm,200,19.01,19.0,0.01,4.8,14.2,False,,0.0,3.94,0.0,0.85,4.8,10
1453,1453,linpack,small,cold,200,1592.95,1592.94,0.01,8.01,1584.94,False,,0.0,0.53,6.34,1.13,8.01,8
1454,1454,fetchdata,small,warm,200,98.8,98.8,0.0,90.56,8.24,False,90.53,0.0,0.02,0.0,,90.56,9
1455,1455,linpack,large,cold,200,5173.14,5173.14,0.0,8.37,5164.77,False,,0.0,0.57,6.5,1.29,8.37,10
1456,1456,genmatrix,medium,warm,200,15.02,12.65,2.37,0.24,12.41,False,,0.0,0.02,,0.22,0.24,10
1457,1457,genmatrix,medium,warm,200,16.03,14.89,1.14,0.22,14.67,False,,0.0,0.02,,0.2,0.22,10
1458,1458,fastfouriertransform,medium,warm,200,715.21,715.21,0.0,697.01,18.2,False,,0.0,3.93,0.0,693.06,697.0,10
1459,1459,matrixmul,medium,warm,200,870.35,868.39,1.97,565.65,302.74,False,,0.0,0.34,4.04,561.26,565.65,11
1460,1460,linpack,small,cold,200,4930.01,4930.01,0.01,8.32,4921.69,False,,0.0,0.6,6.47,1.24,8.31,12
1461,1461,fetchdata,medium,warm,200,90.57,90.57,0.0,83.75,6.82,False,83.7,0.0,0.03,0.0,,83.75,13
1462,1462,fastfouriertransform,large,warm,200,527.18,527.17,0.01,5.65,521.52,False,,0.0,4.59,0.01,1.05,5.65,14
1463,1463,fastfouriertransform,small,warm,200,486.16,486.16,0.0,5.13,481.03,False,,0.0,4.11,0.01,1.0,5.13,14
1464,1464,matrixmul,medium,warm,200,1189.78,1186.16,3.62,560.65,625.51,False,,0.0,0.48,4.11,556.05,560.65,15
1465,1465,matrixmul,large,cold,200,1154.25,1154.24,0.01,5.66,1148.58,False,,0.0,0.64,4.27,0.75,5.66,13
1466,1466,matrixmul,small,cold,200,1117.84,1116.83,1.01,5.6,1111.23,False,,0.0,0.64,4.25,0.7,5.6,14
1467,1467,fastfouriertransform,large,warm,200,292.64,292.63,0.0,6.41,286.23,False,,0.0,5.49,0.0,0.9,6.4,14
1468,1468,fetchdata,small,warm,200,86.17,86.17,0.0,78.96,7.21,False,78.93,0.0,0.02,0.0,,78.95,15
1469,1469,matrixmul,medium,warm,200,1559.02,1557.53,1.49,585.77,971.76,False,,0.0,0.6,4.51,580.65,585.77,16
1470,1470,genmatrix,large,warm,200,56.3,32.85,23.45,0.83,32.02,False,,0.0,0.02,,0.8,0.83,16
1471,1471,fastfouriertransform,large,warm,200,101.89,101.89,0.0,4.84,97.05,False,,0.0,3.92,0.0,0.91,4.84,17
1472,1472,fastfouriertransform,small,warm,200,59.85,59.84,0.01,4.85,54.99,False,,0.0,3.93,0.0,0.91,4.85,17
1473,1473,fetchdata,large,warm,200,97.07,97.07,0.0,87.85,9.21,False,87.82,0.0,0.03,0.0,,87.85,14
1474,1474,linpack,medium,warm,200,1468.24,1468.23,0.0,924.5,543.74,False,,0.0,0.55,6.3,917.64,924.49,13
1475,1475,genmatrix,small,warm,200,7.41,7.41,0.01,0.12,7.28,False,,0.0,0.02,,0.1,0.12,13
1476,1476,fastfouriertransform,large,warm,200,22.3,22.3,0.0,4.95,17.35,False,,0.0,4.09,0.0,0.85,4.95,13
1477,1477,genmatrix,large,warm,200,48.15,33.55,14.59,0.82,32.73,False,,0.0,0.02,,0.79,0.82,12
1478,1478,linpack,large,cold,200,4028.97,4028.96,0.0,8.24,4020.72,False,,0.0,0.55,6.4,1.28,8.24,12
1479,1479,fastfouriertransform,small,warm,200,20.21,20.2,0.0,4.71,15.49,False,,0.0,3.87,0.0,0.83,4.71,13
1480,1480,genmatrix,small,warm,200,6.51,6.5,0.0,0.11,6.4,False,,0.0,0.02,,0.08,0.11,13
1481,1481,fetchdata,large,warm,200,92.06,92.06,0.0,82.05,10.0,False,82.02,0.0,0.02,0.0,,82.05,13
1482,1482,fetchdata,large,warm,200,120.64,120.63,0.01,76.07,44.56,False,76.04,0.0,0.02,0.0,,76.07,14
1483,1483,matrixmul,small,warm,200,870.88,868.91,1.96,5.3,863.62,False,,0.0,0.64,4.05,0.6,5.3,14
1484,1484,genmatrix,small,warm,200,7.62,7.61,0.0,0.1,7.51,False,,0.0,0.02,,0.08,0.1,15
1485,1485,linpack,small,warm,200,929.99,929.99,0.01,8.03,921.96,False,,0.0,0.55,6.34,1.13,8.03,10
1486,1486,linpack,medium,warm,200,1724.97,1724.97,0.0,843.44,881.53,False,,0.0,0.52,6.31,836.61,843.44,11
1487,1487,linpack,medium,cold,200,2605.79,2605.79,0.0,925.02,1680.76,False,,0.0,0.42,4.56,920.03,925.02,12
1488,1488,matrixmul,large,warm,200,632.76,628.88,3.88,4.92,623.95,False,,0.0,0.33,4.01,0.57,4.92,12
1489,1489,fetchdata,large,warm,200,97.58,97.57,0.0,88.93,8.65,False,88.89,0.0,0.02,0.0,,88.92,11
1490,1490,fastfouriertransform,large,warm,200,25.91,25.91,0.0,7.3,18.61,False,,0.0,6.25,0.01,1.03,7.29,12
1491,1491,genmatrix,small,warm,200,7.13,7.13,0.0,0.11,7.01,False,,0.0,0.02,,0.09,0.11,11
1492,1492,fastfouriertransform,medium,warm,200,677.88,677.88,0.0,662.05,15.82,False,,0.0,4.93,0.0,657.11,662.05,11
1493,1493,fetchdata,small,warm,200,88.45,88.45,0.0,79.7,8.75,False,79.66,0.0,0.02,0.0,,79.7,12
1494,1494,genmatrix,large,warm,200,44.89,31.13,13.76,0.8,30.33,False,,0.0,0.02,,0.78,0.8,13
1495,1495,linpack,large,cold,200,2202.28,2202.28,0.0,5.87,2196.4,False,,0.0,0.43,4.55,0.89,5.87,12
1496,1496,matrixmul,medium,warm,200,758.57,756.45,2.13,519.2,237.24,False,,0.0,0.63,4.11,514.45,519.2,13
1497,1497,fastfouriertransform,large,warm,200,434.25,434.24,0.0,4.64,429.6,False,,0.0,3.87,0.0,0.77,4.64,14
1498,1498,genmatrix,medium,warm,200,11.67,10.31,1.36,0.22,10.09,False,,0.0,0.02,,0.19,0.22,15
1499,1499,matrixmul,small,warm,200,620.02,618.12,1.9,5.89,612.23,False,,0.0,0.66,4.58,0.65,5.89,15
1500,1500,genmatrix,large,warm,200,57.02,32.21,24.81,0.83,31.38,False,,0.0,0.02,,0.8,0.83,16
1501,1501,matrixmul,medium,warm,200,1084.18,1082.79,1.39,555.73,527.06,False,,0.0,0.33,4.0,551.39,555.73,14
1502,1502,fetchdata,large,warm,200,79.38,79.37,0.0,73.51,5.87,False,73.48,0.0,0.02,0.0,,73.51,14
1503,1503,linpack,large,cold,200,2813.38,2813.37,0.0,8.16,2805.21,False,,0.0,0.58,6.4,1.18,8.16,15
1504,1504,matrixmul,small,warm,200,946.94,944.77,2.17,5.59,939.18,False,,0.0,0.71,4.15,0.72,5.59,13
1505,1505,linpack,medium,cold,200,2638.87,2638.86,0.0,924.98,1713.88,False,,0.0,0.38,4.52,920.07,924.98,14
1506,1506,fetchdata,large,warm,200,79.01,79.0,0.01,73.6,5.4,False,73.57,0.0,0.02,0.0,,73.6,13
1507,1507,fastfouriertransform,small,warm,200,18.26,18.26,0.0,4.67,13.58,False,,0.0,3.87,0.0,0.8,4.67,14
1508,1508,genmatrix,small,warm,200,6.45,6.44,0.01,0.11,6.34,False,,0.0,0.02,,0.08,0.11,13
1509,1509,matrixmul,large,warm,200,711.76,709.02,2.74,5.78,703.24,False,,0.0,0.9,4.22,0.66,5.78,13
1510,1510,fetchdata,large,warm,200,79.14,79.14,0.0,73.86,5.28,False,73.83,0.0,0.02,0.0,,73.86,14
1511,1511,matrixmul,medium,warm,200,1181.33,1179.1,2.24,564.65,614.45,False,,0.0,0.42,4.66,559.55,564.64,15
1512,1512,genmatrix,small,warm,200,6.59,6.58,0.0,0.12,6.46,False,,0.0,0.03,,0.09,0.12,13
1513,1513,fastfouriertransform,small,warm,200,18.87,18.87,0.0,4.58,14.29,False,,0.0,3.83,0.0,0.74,4.58,13
1514,1514,genmatrix,medium,warm,200,10.86,9.24,1.62,0.21,9.03,False,,0.0,0.02,,0.19,0.21,13
1515,1515,genmatrix,medium,warm,200,11.31,9.11,2.2,0.2,8.91,False,,0.0,0.02,,0.18,0.2,13
1516,1516,fastfouriertransform,small,warm,200,18.54,18.54,0.0,4.6,13.94,False,,0.0,3.84,0.0,0.75,4.6,13
1517,1517,fastfouriertransform,small,warm,200,18.85,18.85,0.0,4.78,14.07,False,,0.0,4.0,0.0,0.77,4.77,13
1518,1518,matrixmul,medium,warm,200,1441.67,1440.54,1.13,603.14,837.4,False,,0.0,0.35,4.04,598.75,603.14,13
1519,1519,linpack,large,cold,200,1945.18,1945.17,0.0,6.22,1938.96,False,,0.0,0.42,4.59,1.2,6.21,14
1520,1520,linpack,medium,cold,200,2867.09,2867.09,0.0,905.88,1961.21,False,,0.0,0.52,6.47,898.89,905.88,15
1521,1521,fastfouriertransform,small,warm,200,21.91,21.9,0.0,6.07,15.84,False,,0.0,4.28,0.01,1.77,6.06,15
1522,1522,fastfouriertransform,medium,warm,200,732.49,732.48,0.0,717.02,15.46,False,,0.0,3.89,0.0,713.12,717.02,15
1523,1523,linpack,small,cold,200,1755.92,1755.91,0.01,8.33,1747.58,False,,0.0,0.54,6.42,1.37,8.33,14
1524,1524,linpack,large,cold,200,2676.26,2676.26,0.0,5.67,2670.59,False,,0.0,0.4,4.45,0.81,5.67,14
1525,1525,genmatrix,medium,warm,200,11.67,9.73,1.94,0.21,9.52,False,,0.0,0.02,,0.18,0.21,15
1526,1526,fastfouriertransform,medium,warm,200,1263.67,1263.66,0.01,727.25,536.41,False,,0.0,3.97,0.01,723.26,727.25,15
1527,1527,matrixmul,medium,warm,200,1580.33,1579.1,1.24,579.47,999.62,False,,0.0,0.87,4.19,574.4,579.47,16
1528,1528,fastfouriertransform,large,cold,200,1171.37,1171.37,0.01,5.09,1166.28,False,,0.0,4.12,0.01,0.96,5.09,17
1529,1529,linpack,small,cold,200,2431.0,2430.99,0.01,5.65,2425.34,False,,0.0,0.38,4.43,0.83,5.65,18
1530,1530,linpack,large,cold,200,2388.64,2388.63,0.01,5.66,2382.98,False,,0.0,0.39,4.46,0.81,5.66,19
1531,1531,fetchdata,large,warm,200,87.68,87.68,0.0,77.26,10.42,False,77.23,0.0,0.02,0.0,,77.26,20
1532,1532,matrixmul,small,cold,200,1343.69,1340.62,3.07,5.55,1335.08,False,,0.0,0.59,4.23,0.72,5.55,21
1533,1533,fetchdata,medium,warm,200,93.17,93.16,0.0,86.29,6.88,False,86.25,0.0,0.02,0.0,,86.28,21
1534,1534,genmatrix,medium,warm,200,15.56,13.57,1.99,0.26,13.32,False,,0.0,0.02,,0.23,0.26,22
1535,1535,matrixmul,small,cold,200,1210.66,1210.66,0.01,5.25,1205.41,False,,0.0,0.4,4.15,0.69,5.25,20
1536,1536,fastfouriertransform,small,warm,200,779.08,779.07,0.01,4.63,774.44,False,,0.0,3.86,0.0,0.76,4.62,21
1537,1537,matrixmul,medium,cold,200,1700.07,1697.92,2.15,585.84,1112.08,False,,0.0,0.41,4.78,580.64,585.84,21
1538,1538,matrixmul,medium,cold,200,2262.45,2260.85,1.6,606.26,1654.59,False,,0.0,0.5,4.07,601.68,606.26,22
1539,1539,matrixmul,small,cold,200,5150.5,5147.95,2.55,5.46,5142.49,False,,0.0,0.44,4.32,0.69,5.46,23
1540,1540,genmatrix,medium,warm,200,15.12,13.44,1.68,0.24,13.2,False,,0.0,0.02,,0.21,0.23,22
1541,1541,fetchdata,large,warm,200,90.31,90.3,0.0,82.43,7.87,False,82.39,0.0,0.03,0.0,,82.43,22
1542,1542,matrixmul,large,cold,200,5013.23,5011.3,1.94,5.82,5005.47,False,,0.0,0.99,4.2,0.63,5.82,23
1543,1543,linpack,small,warm,200,799.39,799.38,0.01,8.2,791.18,False,,0.0,0.53,6.44,1.22,8.2,23
1544,1544,matrixmul,small,cold,200,4925.1,4921.66,3.44,6.12,4915.53,False,,0.0,1.05,4.39,0.67,6.12,24
1545,1545,fetchdata,medium,warm,200,107.03,107.03,0.01,99.18,7.85,False,99.14,0.0,0.03,0.0,,99.17,25
1546,1546,fastfouriertransform,medium,warm,200,1069.04,1069.04,0.0,787.56,281.48,False,,0.0,3.88,0.0,783.68,787.56,26
1547,1547,genmatrix,large,warm,200,60.51,46.1,14.41,0.94,45.17,False,,0.0,0.03,,0.9,0.93,26
1548,1548,matrixmul,medium,cold,200,2348.58,2346.41,2.16,577.71,1768.7,False,,0.0,0.51,4.16,573.03,577.71,26
1549,1549,matrixmul,medium,cold,200,5240.18,5238.18,2.0,559.98,4678.2,False,,0.0,0.9,4.4,554.66,559.98,26
1550,1550,matrixmul,large,cold,200,5203.36,5199.55,3.81,5.81,5193.74,False,,0.0,0.9,4.17,0.73,5.81,27
1551,1551,linpack,small,warm,200,16.66,16.66,0.0,5.34,11.32,True,,0.0,0.39,4.05,0.9,5.34,28
1552,1552,genmatrix,medium,warm,200,12.62,11.72,0.9,0.21,11.51,False,,0.0,0.02,,0.18,0.21,25
1553,1553,linpack,large,warm,200,22.16,22.16,0.0,6.0,16.16,False,,0.0,0.5,4.7,0.79,5.99,25
1554,1554,fetchdata,medium,warm,200,89.43,89.42,0.0,81.69,7.73,False,81.65,0.0,0.03,0.0,,81.69,25
1555,1555,genmatrix,small,warm,200,7.23,7.23,0.0,0.14,7.09,False,,0.0,0.03,,0.1,0.13,26
1556,1556,matrixmul,medium,cold,200,5507.35,5503.23,4.13,599.02,4904.2,False,,0.0,0.44,4.6,593.97,599.02,25
1557,1557,genmatrix,large,warm,200,59.51,39.51,19.99,0.87,38.64,False,,0.0,0.03,,0.84,0.87,26
1558,1558,matrixmul,large,cold,200,5419.24,5417.69,1.55,6.26,5411.44,False,,0.0,0.66,4.83,0.75,6.25,25
1559,1559,fetchdata,medium,warm,200,105.7,105.69,0.0,95.18,10.51,False,95.16,0.0,0.02,0.0,,95.18,18
1560,1560,matrixmul,medium,cold,200,2322.87,2320.25,2.62,558.07,1762.18,False,,0.0,0.36,4.14,553.56,558.07,17
1561,1561,matrixmul,medium,cold,200,2842.22,2840.73,1.48,569.63,2271.1,False,,0.0,0.38,5.02,564.22,569.63,18
1562,1562,fastfouriertransform,large,warm,200,275.34,275.34,0.0,4.69,270.65,False,,0.0,3.89,0.0,0.79,4.68,18
1563,1563,fetchdata,large,warm,200,102.07,102.07,0.0,90.9,11.17,False,90.86,0.0,0.03,0.0,,90.9,19
1564,1564,linpack,small,warm,200,14.62,14.62,0.0,5.22,9.4,False,,0.0,0.39,4.03,0.8,5.22,20
1565,1565,linpack,small,warm,200,15.05,15.05,0.01,5.33,9.71,False,,0.0,0.37,4.17,0.79,5.33,20
1566,1566,matrixmul,large,cold,200,2605.13,2605.12,0.01,5.69,2599.43,False,,0.0,0.82,4.25,0.61,5.69,19
1567,1567,fetchdata,medium,warm,200,85.42,85.41,0.0,78.67,6.74,False,78.64,0.0,0.02,0.0,,78.67,20
1568,1568,genmatrix,large,warm,200,65.9,40.61,25.28,0.82,39.79,False,,0.0,0.02,,0.79,0.82,19
1569,1569,fastfouriertransform,medium,warm,200,788.34,788.34,0.0,771.81,16.53,False,,0.0,4.09,0.0,767.71,771.81,19
1570,1570,matrixmul,small,cold,200,4830.83,4829.01,1.82,5.63,4823.38,False,,0.0,0.66,4.25,0.72,5.63,19
1571,1571,genmatrix,small,warm,200,9.22,7.58,1.64,0.13,7.45,False,,0.0,0.03,,0.1,0.13,19
1572,1572,genmatrix,large,warm,200,49.51,36.87,12.64,0.88,35.99,False,,0.0,0.03,,0.85,0.88,19
1573,1573,fetchdata,large,warm,200,96.94,96.94,0.0,80.78,16.16,False,80.74,0.0,0.02,0.0,,80.78,19
1574,1574,matrixmul,medium,cold,200,2803.84,2802.4,1.45,586.87,2215.52,False,,0.0,0.69,4.22,581.95,586.87,20
1575,1575,fastfouriertransform,medium,warm,200,1229.02,1229.02,0.0,735.66,493.35,False,,0.0,3.81,0.0,731.85,735.66,21
1576,1576,linpack,medium,warm,200,762.26,762.26,0.0,748.7,13.55,False,,0.0,0.38,6.87,741.44,748.7,21
1577,1577,linpack,medium,warm,200,1423.45,1423.45,0.0,710.22,713.23,False,,0.0,0.38,4.19,705.65,710.22,22
1578,1578,linpack,large,warm,200,18.9,18.89,0.0,8.14,10.75,False,,0.0,0.51,6.35,1.28,8.14,19
1579,1579,matrixmul,large,cold,200,4393.66,4392.15,1.51,5.73,4386.42,False,,0.0,0.89,4.16,0.67,5.73,19
1580,1580,fastfouriertransform,medium,warm,200,1740.68,1740.67,0.0,761.4,979.27,False,,0.0,4.0,0.0,757.39,761.4,20
1581,1581,linpack,large,warm,200,16.2,16.2,0.0,5.4,10.8,False,,0.0,0.36,4.25,0.79,5.4,21
1582,1582,fastfouriertransform,small,cold,200,1647.83,1647.82,0.0,4.83,1642.99,False,,0.0,3.93,0.0,0.89,4.83,21
1583,1583,fetchdata,large,warm,200,86.73,86.73,0.0,77.64,9.09,False,77.61,0.0,0.02,0.0,,77.64,22
1584,1584,genmatrix,small,warm,200,9.99,9.98,0.0,0.12,9.87,False,,0.0,0.02,,0.09,0.12,22
1585,1585,linpack,small,warm,200,15.23,15.22,0.0,5.56,9.66,False,,0.0,0.37,4.37,0.82,5.56,20
1586,1586,linpack,large,warm,200,16.35,16.34,0.01,5.72,10.62,False,,0.0,0.37,4.46,0.89,5.72,20
1587,1587,matrixmul,medium,cold,200,2729.15,2727.07,2.09,570.18,2156.89,False,,0.0,0.45,5.09,564.63,570.18,20
1588,1588,matrixmul,small,warm,200,26.98,23.63,3.35,5.78,17.85,True,,0.0,0.38,4.56,0.83,5.78,21
1589,1589,fastfouriertransform,small,cold,200,1306.87,1306.86,0.01,4.82,1302.04,False,,0.0,4.01,0.0,0.81,4.82,21
1590,1590,genmatrix,small,warm,200,13.82,13.81,0.0,0.15,13.66,False,,0.0,0.04,,0.11,0.15,22
1591,1591,linpack,large,warm,200,20.46,20.45,0.01,5.51,14.94,False,,0.0,0.38,4.26,0.86,5.51,22
1592,1592,linpack,large,warm,200,22.13,22.13,0.0,8.31,13.81,True,,0.0,0.39,6.9,1.01,8.31,21
1593,1593,linpack,large,warm,200,16.25,16.24,0.0,5.37,10.87,False,,0.0,0.42,4.14,0.81,5.37,21
1594,1594,linpack,small,warm,200,15.27,15.27,0.0,5.73,9.54,False,,0.0,0.38,4.49,0.86,5.73,21
1595,1595,matrixmul,medium,warm,200,560.14,557.99,2.15,543.78,14.21,False,,0.0,0.37,4.5,538.89,543.78,20
1596,1596,matrixmul,medium,warm,200,1076.6,1074.51,2.09,553.72,520.79,False,,0.0,0.6,4.2,548.92,553.72,21
1597,1597,linpack,large,warm,200,36.96,36.96,0.0,5.75,31.2,False,,0.0,0.4,4.46,0.89,5.75,22
1598,1598,linpack,small,warm,200,16.17,16.17,0.01,5.46,10.71,False,,0.0,0.43,4.14,0.88,5.46,22
1599,1599,genmatrix,small,warm,200,7.86,7.85,0.0,0.13,7.72,False,,0.0,0.02,,0.1,0.13,22
1600,1600,matrixmul,small,warm,200,887.51,886.02,1.49,5.22,880.8,False,,0.0,0.53,4.09,0.59,5.22,21
1601,1601,genmatrix,medium,warm,200,12.56,11.03,1.53,0.2,10.83,False,,0.0,0.02,,0.18,0.2,22
1602,1602,fastfouriertransform,small,warm,200,662.0,661.99,0.01,4.66,657.33,False,,0.0,3.87,0.0,0.78,4.66,22
1603,1603,fetchdata,medium,warm,200,80.91,80.91,0.01,74.5,6.41,False,74.47,0.0,0.02,0.0,,74.49,23
1604,1604,genmatrix,medium,warm,200,17.51,15.22,2.29,0.2,15.02,False,,0.0,0.02,,0.18,0.2,24
1605,1605,matrixmul,small,warm,200,651.12,649.47,1.65,5.08,644.39,False,,0.0,0.39,4.07,0.61,5.08,23
1606,1606,linpack,medium,warm,200,863.42,863.41,0.0,848.96,14.46,False,,0.0,0.53,6.41,842.0,848.95,23
1607,1607,genmatrix,medium,warm,200,18.94,17.5,1.44,0.22,17.28,False,,0.0,0.02,,0.19,0.22,22
1608,1608,fastfouriertransform,medium,error,502,348.24,348.24,0.0,,,,,,,,,,22
1609,1609,matrixmul,medium,warm,200,1021.76,1018.86,2.9,566.78,452.07,False,,0.0,0.34,4.65,561.78,566.78,23
1610,1610,fastfouriertransform,medium,error,502,247.96,247.95,0.0,,,,,,,,,,24
1611,1611,fastfouriertransform,large,warm,200,222.12,222.11,0.01,4.69,217.41,False,,0.0,3.89,0.0,0.8,4.69,25
1612,1612,fastfouriertransform,small,warm,200,178.66,178.66,0.01,5.22,173.44,False,,0.0,4.21,0.01,1.0,5.22,26
1613,1613,genmatrix,large,warm,200,46.9,32.44,14.46,0.83,31.6,False,,0.0,0.02,,0.81,0.83,27
1614,1614,fastfouriertransform,large,warm,200,75.63,75.62,0.0,4.96,70.67,False,,0.0,4.08,0.01,0.87,4.95,27
1615,1615,fetchdata,large,warm,200,95.9,95.89,0.0,84.87,11.02,False,84.84,0.0,0.02,0.0,,84.87,24
1616,1616,fetchdata,large,warm,200,124.7,124.7,0.01,78.66,46.04,False,78.63,0.0,0.02,0.0,,78.66,20
1617,1617,fetchdata,large,warm,200,153.13,153.12,0.0,77.04,76.08,False,77.02,0.0,0.02,0.0,,77.04,20
1618,1618,fetchdata,medium,warm,200,189.52,189.52,0.0,82.35,107.17,False,82.31,0.0,0.03,0.0,,82.34,18
1619,1619,linpack,medium,warm,200,766.97,766.96,0.01,755.7,11.26,False,,0.0,0.37,6.21,749.12,755.7,16
1620,1620,matrixmul,small,warm,200,486.42,483.85,2.57,5.33,478.52,False,,0.0,0.4,4.25,0.68,5.33,17
1621,1621,matrixmul,large,warm,200,447.94,444.96,2.98,5.17,439.79,False,,0.0,0.41,4.14,0.61,5.16,17
1622,1622,fetchdata,small,warm,200,108.07,108.06,0.0,97.66,10.4,False,97.63,0.0,0.03,0.0,,97.66,17
1623,1623,matrixmul,medium,warm,200,893.53,891.58,1.95,539.81,351.78,False,,0.0,0.42,4.24,535.13,539.81,18
1624,1624,fastfouriertransform,large,warm,200,20.91,20.9,0.01,4.76,16.14,False,,0.0,3.88,0.0,0.87,4.76,18
1625,1625,linpack,small,warm,200,16.76,16.75,0.0,5.53,11.23,False,,0.0,0.38,4.3,0.84,5.52,17
1626,1626,matrixmul,large,warm,200,786.79,785.01,1.78,5.27,779.74,False,,0.0,0.44,4.15,0.67,5.27,17
1627,1627,matrixmul,medium,warm,200,1293.06,1291.48,1.58,550.28,741.19,False,,0.0,0.39,5.06,544.83,550.28,18
1628,1628,fastfouriertransform,large,warm,200,25.19,25.18,0.0,5.3,19.88,False,,0.0,4.41,0.0,0.88,5.3,19
1629,1629,fetchdata,small,warm,200,107.81,107.81,0.0,95.67,12.14,False,95.63,0.0,0.03,0.0,,95.67,19
1630,1630,genmatrix,large,warm,200,57.82,38.24,19.58,0.94,37.3,False,,0.0,0.03,,0.91,0.94,17
1631,1631,fastfouriertransform,large,warm,200,22.25,22.24,0.01,4.77,17.47,False,,0.0,3.88,0.0,0.89,4.77,17
1632,1632,fastfouriertransform,large,warm,200,19.76,19.76,0.0,4.64,15.12,False,,0.0,3.82,0.0,0.82,4.64,15
1633,1633,fetchdata,medium,warm,200,89.34,89.34,0.0,77.7,11.63,False,77.67,0.0,0.02,0.0,,77.7,15
1634,1634,genmatrix,small,warm,200,7.68,6.74,0.94,0.11,6.63,False,,0.0,0.02,,0.09,0.11,16
1635,1635,matrixmul,small,warm,200,21.52,20.22,1.3,4.96,15.26,True,,0.0,0.35,4.01,0.6,4.96,14
1636,1636,genmatrix,large,warm,200,48.04,33.22,14.82,0.82,32.4,False,,0.0,0.02,,0.79,0.82,14
1637,1637,matrixmul,large,warm,200,201.2,199.82,1.38,5.04,194.78,False,,0.0,0.36,4.07,0.61,5.04,14
1638,1638,genmatrix,large,warm,200,49.55,38.43,11.12,0.91,37.52,False,,0.0,0.03,,0.87,0.91,15
1639,1639,matrixmul,large,warm,200,24.01,21.44,2.57,5.1,16.33,False,,0.0,0.39,4.11,0.6,5.1,15
1640,1640,matrixmul,large,warm,200,69.91,68.79,1.12,6.57,62.22,False,,0.0,0.4,5.29,0.87,6.57,15
1641,1641,fastfouriertransform,medium,warm,200,860.55,860.54,0.0,838.36,22.19,False,,0.0,4.16,0.01,834.18,838.35,15
1642,1642,genmatrix,medium,warm,200,16.98,12.93,4.05,0.22,12.71,False,,0.0,0.02,,0.2,0.22,12
1643,1643,linpack,small,warm,200,16.33,16.33,0.0,5.47,10.85,False,,0.0,0.38,4.19,0.89,5.47,9
1644,1644,genmatrix,large,warm,200,45.53,35.32,10.21,0.86,34.46,False,,0.0,0.02,,0.83,0.86,9
1645,1645,linpack,small,warm,200,15.5,15.49,0.01,5.3,10.19,False,,0.0,0.4,4.12,0.78,5.3,9
1646,1646,fetchdata,medium,warm,200,88.86,88.86,0.0,82.52,6.34,False,82.49,0.0,0.03,0.0,,82.52,9
1647,1647,fastfouriertransform,small,warm,200,562.94,562.94,0.0,6.46,556.48,False,,0.0,4.67,0.01,1.78,6.46,10
1648,1648,genmatrix,small,warm,200,7.48,6.47,1.01,0.11,6.35,False,,0.0,0.02,,0.09,0.11,10
1649,1649,fetchdata,medium,warm,200,90.52,90.52,0.0,81.14,9.38,False,81.1,0.0,0.03,0.0,,81.14,10
1650,1650,fetchdata,large,warm,200,118.89,118.89,0.0,75.74,43.15,False,75.71,0.0,0.02,0.0,,75.74,11
1651,1651,matrixmul,medium,warm,200,676.4,673.07,3.33,575.76,97.31,False,,0.0,0.37,4.08,571.31,575.76,11
1652,1652,linpack,small,warm,200,14.95,14.94,0.0,5.1,9.85,False,,0.0,0.35,3.99,0.75,5.1,12
1653,1653,linpack,medium,warm,200,751.53,751.52,0.0,739.7,11.82,False,,0.0,0.41,4.05,735.24,739.7,10
1654,1654,matrixmul,small,warm,200,27.14,25.38,1.76,7.18,18.2,False,,0.0,0.51,5.8,0.87,7.18,10
1655,1655,matrixmul,large,warm,200,487.28,484.76,2.52,5.17,479.58,False,,0.0,0.36,4.17,0.63,5.17,9
1656,1656,linpack,large,warm,200,16.83,16.83,0.0,5.85,10.98,False,,0.0,0.41,4.57,0.86,5.85,10
1657,1657,fetchdata,large,warm,200,92.96,92.96,0.01,82.53,10.43,False,82.5,0.0,0.02,0.0,,82.53,10
1658,1658,fetchdata,medium,warm,200,132.99,132.99,0.0,83.56,49.43,False,83.53,0.0,0.02,0.0,,83.56,11
1659,1659,genmatrix,small,warm,200,9.18,9.17,0.0,0.12,9.05,False,,0.0,0.02,,0.09,0.12,9
1660,1660,fetchdata,medium,warm,200,125.52,125.52,0.0,80.37,45.15,False,80.33,0.0,0.03,0.0,,80.37,9
1661,1661,matrixmul,large,warm,200,23.73,21.03,2.7,4.92,16.11,False,,0.0,0.35,4.0,0.57,4.92,9
1662,1662,fastfouriertransform,medium,warm,200,941.24,941.24,0.0,922.93,18.31,False,,0.0,6.11,0.0,916.81,922.93,9
1663,1663,fastfouriertransform,medium,warm,200,1638.08,1638.08,0.0,741.85,896.23,False,,0.0,3.89,0.0,737.95,741.85,9
1664,1664,fetchdata,small,warm,200,102.75,102.74,0.0,93.34,9.4,False,93.31,0.0,0.02,0.0,,93.34,10
1665,1665,matrixmul,large,warm,200,21.1,19.65,1.45,4.89,14.76,False,,0.0,0.34,3.98,0.56,4.88,9
1666,1666,linpack,large,warm,200,15.76,15.76,0.0,5.04,10.72,False,,0.0,0.34,3.96,0.73,5.04,9
1667,1667,matrixmul,medium,warm,200,535.84,531.08,4.76,516.59,14.49,False,,0.0,0.36,4.0,512.22,516.58,4
1668,1668,matrixmul,medium,warm,200,570.56,569.1,1.46,554.03,15.06,False,,0.0,0.36,4.01,549.66,554.03,5
1669,1669,matrixmul,medium,warm,200,1108.51,1106.76,1.76,580.35,526.4,False,,0.0,0.42,4.2,575.73,580.35,5
1670,1670,fetchdata,small,warm,200,84.51,84.51,0.0,76.75,7.76,False,76.72,0.0,0.02,0.0,,76.75,6
1671,1671,linpack,small,warm,200,16.33,16.32,0.0,8.08,8.24,False,,0.0,0.51,6.41,1.15,8.08,7
1672,1672,fetchdata,medium,warm,200,81.39,81.39,0.0,75.66,5.72,False,75.63,0.0,0.02,0.0,,75.66,6
1673,1673,fastfouriertransform,medium,cold,200,1911.96,1911.95,0.0,772.93,1139.03,False,,0.0,3.85,0.0,769.07,772.93,7
1674,1674,fetchdata,large,warm,200,81.5,81.5,0.0,75.69,5.81,False,75.66,0.0,0.02,0.0,,75.69,7
1675,1675,genmatrix,small,warm,200,8.04,7.23,0.81,0.11,7.12,False,,0.0,0.02,,0.09,0.11,8
1676,1676,matrixmul,large,warm,200,20.96,18.95,2.01,5.34,13.61,False,,0.0,0.45,4.2,0.64,5.34,7
1677,1677,matrixmul,large,warm,200,33.23,29.08,4.15,5.59,23.49,True,,0.0,0.43,4.38,0.77,5.59,7
1678,1678,linpack,small,warm,200,19.51,19.51,0.01,5.13,14.37,False,,0.0,0.36,4.01,0.76,5.13,6
1679,1679,linpack,small,warm,200,15.14,15.14,0.0,5.14,10.0,False,,0.0,0.35,4.02,0.76,5.14,6
1680,1680,genmatrix,large,warm,200,55.37,42.26,13.11,0.92,41.34,False,,0.0,0.03,,0.89,0.92,5
1681,1681,genmatrix,large,warm,200,48.47,34.91,13.56,1.25,33.67,False,,0.0,0.03,,1.21,1.24,5
1682,1682,fastfouriertransform,large,cold,200,1460.84,1460.83,0.01,4.76,1456.07,False,,0.0,3.92,0.0,0.83,4.76,4
1683,1683,matrixmul,large,warm,200,22.26,20.82,1.43,4.88,15.94,False,,0.0,0.34,3.98,0.56,4.88,5
1684,1684,fetchdata,medium,warm,200,102.07,102.07,0.0,93.43,8.64,False,93.39,0.0,0.03,0.0,,93.43,5
1685,1685,fastfouriertransform,large,cold,200,1327.89,1327.89,0.01,4.7,1323.19,False,,0.0,3.88,0.0,0.81,4.7,6
1686,1686,fetchdata,medium,warm,200,94.74,94.74,0.0,83.65,11.09,False,83.62,0.0,0.02,0.0,,83.65,7
1687,1687,fastfouriertransform,medium,cold,200,2006.55,2006.55,0.0,777.28,1229.27,False,,0.0,3.92,0.01,773.34,777.27,7
1688,1688,genmatrix,medium,warm,200,11.43,10.07,1.36,0.21,9.86,False,,0.0,0.02,,0.19,0.21,7
1689,1689,fastfouriertransform,medium,cold,200,2697.14,2697.13,0.0,789.7,1907.44,False,,0.0,3.86,0.0,785.82,789.69,7
1690,1690,fastfouriertransform,small,cold,200,2658.33,2658.33,0.0,4.82,2653.51,False,,0.0,3.96,0.0,0.86,4.82,8
1691,1691,fetchdata,large,warm,200,82.29,82.28,0.0,76.18,6.1,False,76.15,0.0,0.02,0.0,,76.18,9
1692,1692,linpack,large,warm,200,13.72,13.71,0.0,5.12,8.6,False,,0.0,0.36,3.99,0.76,5.12,9
1693,1693,genmatrix,large,warm,200,47.81,31.3,16.5,0.83,30.47,False,,0.0,0.02,,0.8,0.83,8
1694,1694,linpack,large,warm,200,14.84,14.84,0.0,5.62,9.22,False,,0.0,0.39,4.34,0.89,5.62,8
1695,1695,matrixmul,small,warm,200,19.98,17.83,2.14,5.05,12.79,False,,0.0,0.36,4.03,0.65,5.04,8
1696,1696,linpack,small,warm,200,14.22,14.22,0.01,5.18,9.04,False,,0.0,0.35,4.04,0.78,5.17,7
1697,1697,fetchdata,small,warm,200,87.65,87.65,0.0,80.39,7.25,False,80.36,0.0,0.02,0.0,,80.39,7
1698,1698,fastfouriertransform,large,cold,200,2262.07,2262.06,0.0,5.51,2256.56,False,,0.0,4.51,0.01,0.98,5.51,8
1699,1699,genmatrix,large,warm,200,46.97,35.23,11.74,0.89,34.34,False,,0.0,0.03,,0.86,0.89,8
1700,1700,genmatrix,large,warm,200,49.44,34.49,14.95,0.9,33.59,False,,0.0,0.03,,0.87,0.9,8
1701,1701,linpack,small,warm,200,16.04,16.04,0.0,5.36,10.68,False,,0.0,0.37,4.09,0.89,5.36,9
1702,1702,genmatrix,large,warm,200,47.43,35.74,11.69,0.89,34.85,False,,0.0,0.02,,0.86,0.89,8
1703,1703,genmatrix,medium,warm,200,12.46,10.73,1.74,0.25,10.47,False,,0.0,0.02,,0.23,0.25,8
1704,1704,linpack,medium,warm,200,719.91,719.9,0.0,710.74,9.16,False,,0.0,0.36,4.03,706.35,710.74,8
1705,1705,linpack,large,warm,200,13.55,13.54,0.0,5.26,8.28,False,,0.0,0.35,4.11,0.8,5.26,9
1706,1706,fastfouriertransform,small,cold,200,3519.08,3519.07,0.01,5.01,3514.06,False,,0.0,4.18,0.0,0.82,5.01,9
1707,1707,matrixmul,small,warm,200,19.3,17.35,1.96,4.96,12.39,False,,0.0,0.39,4.0,0.57,4.96,10
1708,1708,genmatrix,large,warm,200,54.75,40.87,13.88,0.82,40.05,False,,0.0,0.02,,0.8,0.82,10
1709,1709,fetchdata,large,warm,200,78.79,78.79,0.0,73.14,5.65,False,73.12,0.0,0.02,0.0,,73.14,11
1710,1710,fetchdata,small,warm,200,103.65,103.64,0.01,72.78,30.86,False,72.76,0.0,0.02,0.0,,72.78,11
1711,1711,fetchdata,large,warm,200,128.73,128.73,0.0,75.12,53.61,False,75.09,0.0,0.02,0.0,,75.12,11
1712,1712,genmatrix,small,warm,200,7.96,6.9,1.06,0.11,6.79,False,,0.0,0.02,,0.09,0.11,9
1713,1713,matrixmul,medium,warm,200,595.14,593.27,1.87,579.93,13.34,False,,0.0,0.36,4.21,575.36,579.93,8
1714,1714,fetchdata,large,warm,200,94.81,94.81,0.0,85.51,9.3,False,85.48,0.0,0.02,0.0,,85.51,8
1715,1715,genmatrix,large,warm,200,52.18,38.76,13.42,0.87,37.89,False,,0.0,0.03,,0.83,0.87,9
1716,1716,matrixmul,medium,warm,200,533.75,531.86,1.89,515.95,15.91,False,,0.0,0.37,4.06,511.51,515.95,9
1717,1717,matrixmul,small,warm,200,24.62,22.72,1.9,7.53,15.2,False,,0.0,0.36,6.51,0.66,7.53,9
1718,1718,fastfouriertransform,medium,cold,200,2145.42,2145.41,0.01,878.31,1267.1,False,,0.0,3.99,0.0,874.31,878.31,9
1719,1719,linpack,large,warm,200,20.18,20.17,0.0,6.67,13.5,False,,0.0,0.36,4.85,1.46,6.67,9
1720,1720,genmatrix,large,warm,200,51.18,37.35,13.83,0.93,36.42,False,,0.0,0.02,,0.9,0.93,9
1721,1721,genmatrix,medium,warm,200,12.06,11.21,0.85,0.23,10.98,False,,0.0,0.02,,0.2,0.23,10
1722,1722,matrixmul,medium,warm,200,562.74,558.19,4.56,543.97,14.22,False,,0.0,0.49,4.12,539.34,543.97,9
1723,1723,linpack,small,warm,200,14.16,14.16,0.0,5.12,9.04,False,,0.0,0.38,3.99,0.75,5.12,10
1724,1724,fastfouriertransform,large,cold,200,1853.07,1853.06,0.0,4.94,1848.12,False,,0.0,3.97,0.0,0.96,4.94,10
1725,1725,matrixmul,large,warm,200,95.68,95.04,0.63,4.97,90.08,False,,0.0,0.35,4.04,0.57,4.97,10
1726,1726,genmatrix,small,warm,200,7.36,6.62,0.74,0.12,6.5,False,,0.0,0.02,,0.09,0.12,11
1727,1727,linpack,medium,warm,200,886.06,886.05,0.0,877.4,8.65,False,,0.0,0.36,4.27,872.77,877.4,9
1728,1728,fetchdata,medium,warm,200,79.53,79.53,0.0,74.41,5.12,False,74.38,0.0,0.02,0.0,,74.41,9
1729,1729,fetchdata,medium,warm,200,108.32,108.32,0.0,76.03,32.29,False,76.0,0.0,0.02,0.0,,76.02,10
1730,1730,genmatrix,medium,warm,200,12.3,10.27,2.03,0.23,10.04,False,,0.0,0.02,,0.2,0.23,10
1731,1731,genmatrix,medium,warm,200,13.73,11.44,2.29,0.27,11.18,False,,0.0,0.03,,0.23,0.26,10
1732,1732,linpack,large,warm,200,16.55,16.55,0.01,5.23,11.31,False,,0.0,0.39,4.08,0.76,5.23,9
1733,1733,fetchdata,large,warm,200,85.32,85.31,0.0,78.18,7.13,False,78.14,0.0,0.03,0.0,,78.18,9
1734,1734,matrixmul,medium,warm,200,526.44,525.24,1.2,511.06,14.18,False,,0.0,0.37,4.03,506.66,511.06,9
1735,1735,fastfouriertransform,small,cold,200,1309.96,1309.96,0.01,4.89,1305.07,False,,0.0,3.93,0.0,0.95,4.89,9
1736,1736,fastfouriertransform,large,cold,200,1266.94,1266.94,0.0,5.07,1261.87,False,,0.0,4.13,0.01,0.93,5.07,10
1737,1737,matrixmul,small,warm,200,23.76,21.6,2.16,6.2,15.4,False,,0.0,0.35,5.1,0.74,6.2,11
1738,1738,fastfouriertransform,small,cold,200,1957.24,1957.23,0.0,5.24,1951.99,False,,0.0,4.05,0.0,1.17,5.24,11
1739,1739,matrixmul,medium,warm,200,697.91,696.1,1.81,679.13,16.97,False,,0.0,5.19,4.53,669.4,679.13,12
1740,1740,fastfouriertransform,medium,cold,200,2613.24,2613.24,0.0,758.51,1854.73,False,,0.0,4.1,0.0,754.4,758.51,13
1741,1741,fetchdata,large,warm,200,79.32,79.31,0.01,73.66,5.65,False,73.63,0.0,0.02,0.0,,73.66,14
1742,1742,fetchdata,large,warm,200,106.56,106.56,0.0,74.64,31.92,False,74.62,0.0,0.02,0.0,,74.64,15
1743,1743,genmatrix,small,warm,200,6.46,5.94,0.52,0.11,5.83,False,,0.0,0.02,,0.09,0.11,14
1744,1744,genmatrix,small,warm,200,6.79,6.79,0.0,0.12,6.67,False,,0.0,0.02,,0.09,0.12,12
1745,1745,genmatrix,medium,warm,200,11.89,9.74,2.15,0.21,9.53,False,,0.0,0.02,,0.19,0.21,9
1746,1746,fastfouriertransform,medium,warm,200,1496.72,1496.72,0.01,724.54,772.18,False,,0.0,3.94,0.0,720.58,724.54,9
1747,1747,fetchdata,small,warm,200,81.96,81.95,0.01,75.11,6.84,False,75.08,0.0,0.02,0.0,,75.11,10
1748,1748,matrixmul,large,warm,200,20.1,18.34,1.76,5.14,13.2,False,,0.0,0.37,4.03,0.74,5.14,11
1749,1749,genmatrix,large,warm,200,43.8,32.76,11.04,0.85,31.91,False,,0.0,0.02,,0.83,0.85,10
1750,1750,fetchdata,medium,warm,200,78.51,78.5,0.0,74.18,4.33,False,74.15,0.0,0.02,0.0,,74.17,10
1751,1751,fastfouriertransform,large,cold,200,1257.25,1257.24,0.0,5.17,1252.07,False,,0.0,3.99,0.01,1.16,5.17,11
1752,1752,fastfouriertransform,small,cold,200,1210.09,1210.08,0.0,5.09,1205.0,False,,0.0,4.09,0.0,0.98,5.08,11
1753,1753,fetchdata,medium,warm,200,81.81,81.81,0.0,76.82,4.99,False,76.79,0.0,0.02,0.0,,76.82,11
1754,1754,fastfouriertransform,small,cold,200,1921.53,1921.52,0.01,5.31,1916.21,False,,0.0,4.23,0.01,1.07,5.31,12
1755,1755,linpack,small,warm,200,16.94,16.94,0.0,7.53,9.41,False,,0.0,0.44,6.24,0.85,7.53,12
1756,1756,linpack,large,warm,200,18.75,18.74,0.0,6.5,12.24,False,,0.0,0.35,5.24,0.9,6.5,12
1757,1757,matrixmul,small,warm,200,26.19,24.43,1.76,9.19,15.24,False,,0.0,0.41,8.15,0.63,9.19,12
1758,1758,fastfouriertransform,large,cold,200,1728.41,1728.4,0.0,5.33,1723.07,False,,0.0,4.23,0.01,1.08,5.33,12
1759,1759,genmatrix,small,warm,200,8.01,7.21,0.79,0.13,7.09,False,,0.0,0.02,,0.1,0.12,13
1760,1760,matrixmul,large,warm,200,22.37,20.54,1.82,5.71,14.84,False,,0.0,0.36,4.08,1.26,5.71,13
1761,1761,fetchdata,medium,warm,200,80.37,80.36,0.0,75.13,5.23,False,75.11,0.0,0.02,0.0,,75.13,12
1762,1762,fastfouriertransform,small,warm,200,728.07,728.06,0.0,4.96,723.11,False,,0.0,3.96,0.0,0.99,4.96,10
1763,1763,matrixmul,small,warm,200,30.85,27.18,3.67,7.58,19.6,False,,0.0,0.39,6.21,0.96,7.57,10
1764,1764,fastfouriertransform,small,warm,200,635.16,635.15,0.0,4.97,630.19,False,,0.0,4.05,0.01,0.91,4.97,10
1765,1765,genmatrix,medium,warm,200,11.64,9.37,2.27,0.22,9.14,False,,0.0,0.02,,0.2,0.22,11
1766,1766,genmatrix,small,warm,200,7.34,6.49,0.85,0.12,6.37,False,,0.0,0.02,,0.09,0.12,11
1767,1767,matrixmul,small,warm,200,20.01,19.28,0.74,5.19,14.09,False,,0.0,0.37,4.2,0.61,5.19,11
1768,1768,fetchdata,small,warm,200,79.61,79.61,0.0,74.14,5.47,False,74.11,0.0,0.02,0.0,,74.14,11
1769,1769,linpack,large,warm,200,14.12,14.11,0.0,5.17,8.94,False,,0.0,0.36,4.02,0.78,5.17,12
1770,1770,fastfouriertransform,large,warm,200,341.87,341.87,0.0,4.99,336.89,False,,0.0,4.03,0.01,0.94,4.98,11
1771,1771,fetchdata,medium,warm,200,84.75,84.74,0.0,74.86,9.88,False,74.83,0.0,0.02,0.0,,74.86,12
1772,1772,genmatrix,large,warm,200,45.35,30.94,14.42,0.87,30.06,False,,0.0,0.02,,0.84,0.87,13
1773,1773,fetchdata,large,warm,200,88.52,88.51,0.0,79.75,8.76,False,79.71,0.0,0.03,0.0,,79.75,12
1774,1774,fetchdata,medium,warm,200,126.81,126.8,0.01,79.29,47.51,False,79.26,0.0,0.02,0.0,,79.29,13
1775,1775,linpack,large,warm,200,15.21,15.2,0.01,5.78,9.42,False,,0.0,0.39,4.52,0.87,5.78,13
1776,1776,matrixmul,small,warm,200,22.63,20.19,2.44,5.05,15.14,False,,0.0,0.38,4.07,0.59,5.05,12
1777,1777,fastfouriertransform,small,warm,200,785.69,785.69,0.0,5.32,780.37,False,,0.0,4.26,0.01,1.04,5.32,5
1778,1778,fetchdata,small,warm,200,85.16,85.16,0.0,76.32,8.84,False,76.29,0.0,0.02,0.0,,76.32,5
1779,1779,linpack,large,warm,200,14.33,14.32,0.0,5.23,9.1,False,,0.0,0.36,4.02,0.85,5.23,6
1780,1780,matrixmul,medium,warm,200,576.15,574.01,2.13,556.89,17.12,False,,0.0,0.79,5.6,550.5,556.89,5
1781,1781,matrixmul,medium,warm,200,534.12,531.8,2.32,516.01,15.79,False,,0.0,0.38,4.1,511.51,516.01,6
1782,1782,fetchdata,small,warm,200,89.83,89.83,0.0,82.1,7.73,False,82.06,0.0,0.03,0.0,,82.09,7
1783,1783,genmatrix,large,warm,200,44.78,31.62,13.16,0.82,30.79,False,,0.0,0.02,,0.79,0.82,8
1784,1784,fastfouriertransform,small,warm,200,21.25,21.25,0.0,5.97,15.28,True,,0.0,3.85,0.0,2.11,5.97,7
1785,1785,linpack,large,warm,200,14.0,14.0,0.0,5.3,8.7,False,,0.0,0.35,4.14,0.79,5.29,7
1786,1786,linpack,large,warm,200,16.76,16.76,0.0,8.12,8.64,False,,0.0,0.52,6.38,1.21,8.11,7
1787,1787,linpack,medium,warm,200,807.55,807.54,0.01,791.67,15.87,False,,0.0,0.48,6.1,785.08,791.67,7
1788,1788,fastfouriertransform,large,warm,200,19.06,19.06,0.0,4.75,14.31,False,,0.0,3.91,0.01,0.83,4.75,8
1789,1789,genmatrix,small,warm,200,6.72,6.01,0.71,0.12,5.89,False,,0.0,0.02,,0.09,0.11,8
1790,1790,linpack,large,warm,200,14.24,14.23,0.01,5.15,9.08,False,,0.0,0.35,4.0,0.79,5.15,8
1791,1791,linpack,small,warm,200,16.97,16.96,0.0,5.84,11.12,False,,0.0,0.38,4.4,1.06,5.84,8
1792,1792,matrixmul,medium,warm,200,585.87,583.45,2.43,569.65,13.79,False,,0.0,0.38,4.21,565.05,569.65,6
1793,1793,fastfouriertransform,small,warm,200,23.76,23.75,0.01,4.89,18.86,False,,0.0,3.96,0.01,0.92,4.89,3
1794,1794,matrixmul,medium,warm,200,599.87,597.81,2.06,584.0,13.81,False,,0.0,0.37,4.88,578.74,583.99,3
1795,1795,fastfouriertransform,small,warm,200,19.87,19.86,0.0,4.92,14.94,False,,0.0,3.9,0.01,1.0,4.91,4
1796,1796,matrixmul,large,warm,200,21.38,19.3,2.09,4.96,14.33,False,,0.0,0.38,4.01,0.56,4.96,4
1797,1797,linpack,small,warm,200,17.06,17.06,0.0,6.82,10.24,False,,0.0,0.37,5.64,0.8,6.82,4
1798,1798,linpack,small,warm,200,14.25,14.24,0.0,5.15,9.09,False,,0.0,0.36,4.02,0.77,5.15,4
1799,1799,genmatrix,medium,warm,200,11.44,9.44,2.0,0.22,9.22,False,,0.0,0.02,,0.19,0.21,4
1800,1800,fetchdata,medium,warm,200,95.56,95.55,0.0,89.83,5.72,False,89.8,0.0,0.02,0.0,,89.83,4
1801,1801,linpack,medium,warm,200,730.09,730.08,0.0,721.5,8.59,False,,0.0,0.38,4.02,717.09,721.5,5
1802,1802,genmatrix,large,warm,200,46.77,35.23,11.53,0.84,34.39,False,,0.0,0.02,,0.82,0.84,5
1803,1803,fetchdata,medium,warm,200,82.31,82.31,0.01,76.69,5.62,False,76.66,0.0,0.02,0.0,,76.69,4
1804,1804,fastfouriertransform,small,warm,200,19.88,19.88,0.01,4.68,15.2,False,,0.0,3.86,0.0,0.81,4.67,4
1805,1805,linpack,small,warm,200,17.18,17.18,0.01,5.41,11.77,False,,0.0,0.43,4.08,0.9,5.41,3
1806,1806,fastfouriertransform,medium,warm,200,672.09,672.09,0.01,656.21,15.87,False,,0.0,4.09,0.01,652.11,656.21,2
1807,1807,fetchdata,small,warm,200,82.91,82.9,0.0,76.44,6.47,False,76.4,0.0,0.02,0.0,,76.44,3
1808,1808,fastfouriertransform,medium,warm,200,781.68,781.68,0.01,763.7,17.97,False,,0.0,4.07,0.01,759.62,763.7,4
1809,1809,linpack,medium,warm,200,723.0,722.99,0.01,712.93,10.06,False,,0.0,0.39,4.11,708.42,712.93,4
1810,1810,linpack,medium,warm,200,857.72,857.71,0.01,846.63,11.07,False,,0.0,0.42,4.52,841.69,846.63,5
1811,1811,matrixmul,large,warm,200,20.11,18.01,2.1,4.92,13.09,False,,0.0,0.34,4.0,0.57,4.92,6
1812,1812,matrixmul,small,warm,200,25.44,23.25,2.19,5.98,17.27,False,,0.0,0.41,4.73,0.83,5.97,6
1813,1813,linpack,large,warm,200,136.71,136.7,0.01,5.23,131.47,False,,0.0,0.43,4.06,0.75,5.23,6
1814,1814,linpack,small,warm,200,667.52,667.51,0.01,8.29,659.22,False,,0.0,0.54,6.53,1.21,8.29,7
1815,1815,genmatrix,small,warm,200,7.77,6.91,0.86,0.13,6.77,False,,0.0,0.03,,0.1,0.13,8
1816,1816,genmatrix,small,warm,200,15.33,14.78,0.55,0.12,14.67,False,,0.0,0.02,,0.09,0.12,6
1817,1817,linpack,small,warm,200,332.34,332.33,0.0,5.96,326.37,False,,0.0,0.39,4.7,0.87,5.96,6
1818,1818,fetchdata,large,warm,200,79.66,79.65,0.01,74.71,4.94,False,74.68,0.0,0.02,0.0,,74.71,7
1819,1819,genmatrix,medium,warm,200,12.38,10.38,2.0,0.23,10.14,False,,0.0,0.02,,0.21,0.23,8
1820,1820,linpack,large,warm,200,13.5,13.49,0.0,5.14,8.36,False,,0.0,0.36,4.01,0.77,5.13,6
1821,1821,fastfouriertransform,medium,warm,200,680.2,680.17,0.03,665.67,14.51,False,,0.0,3.88,0.0,661.78,665.66,6
1822,1822,matrixmul,large,warm,200,21.87,20.69,1.18,5.32,15.37,False,,0.0,0.41,4.24,0.66,5.32,7
1823,1823,fetchdata,small,warm,200,81.64,81.64,0.01,76.43,5.21,False,76.4,0.0,0.02,0.0,,76.43,7
1824,1824,fetchdata,small,warm,200,112.96,112.96,0.01,78.02,34.93,False,78.0,0.0,0.02,0.0,,78.02,5
1825,1825,matrixmul,small,warm,200,23.54,20.77,2.78,5.05,15.71,False,,0.0,0.35,4.11,0.59,5.05,5
1826,1826,matrixmul,large,warm,200,28.02,26.36,1.66,5.92,20.44,False,,0.0,0.37,4.93,0.62,5.92,5
1827,1827,linpack,small,warm,200,20.04,20.03,0.0,9.1,10.93,False,,0.0,0.36,7.92,0.81,9.1,4
1828,1828,genmatrix,large,warm,200,48.46,36.86,11.6,0.91,35.95,False,,0.0,0.03,,0.87,0.91,2
1829,1829,fetchdata,small,warm,200,87.89,87.88,0.01,81.41,6.47,False,81.38,0.0,0.02,0.0,,81.41,2
1830,1830,fastfouriertransform,large,warm,200,22.57,22.56,0.01,6.95,15.62,False,,0.0,4.71,0.0,2.22,6.94,3
1831,1831,fetchdata,large,warm,200,86.34,86.33,0.01,78.03,8.3,False,78.0,0.0,0.03,0.0,,78.03,2
1832,1832,fastfouriertransform,small,warm,200,20.22,20.21,0.01,5.33,14.88,False,,0.0,4.15,0.0,1.17,5.33,3
1833,1833,matrixmul,medium,warm,200,579.96,578.96,0.99,563.44,15.52,False,,0.0,0.36,4.11,558.96,563.44,2
1834,1834,linpack,large,warm,200,14.85,14.84,0.01,5.69,9.16,False,,0.0,0.38,4.48,0.82,5.68,3
1835,1835,genmatrix,small,warm,200,7.15,6.05,1.09,0.11,5.95,False,,0.0,0.02,,0.09,0.11,2
1836,1836,genmatrix,small,warm,200,7.16,6.38,0.78,0.11,6.27,False,,0.0,0.02,,0.09,0.11,2
1837,1837,genmatrix,large,warm,200,57.38,37.78,19.61,1.03,36.75,False,,0.0,0.03,,0.99,1.02,2
1838,1838,fastfouriertransform,small,warm,200,21.37,21.37,0.0,5.22,16.15,False,,0.0,4.25,0.01,0.95,5.21,3
1839,1839,genmatrix,medium,warm,200,14.74,10.0,4.74,0.21,9.79,False,,0.0,0.02,,0.19,0.21,2
1840,1840,genmatrix,large,warm,200,61.92,40.32,21.6,0.98,39.34,False,,0.0,0.03,,0.94,0.97,2
1841,1841,fastfouriertransform,medium,warm,200,658.83,658.82,0.0,641.66,17.17,False,,0.0,3.98,0.01,637.65,641.65,3
1842,1842,linpack,large,warm,200,15.71,15.71,0.0,5.6,10.1,False,,0.0,0.39,4.27,0.93,5.6,3
1843,1843,fastfouriertransform,medium,warm,200,773.36,773.36,0.0,755.91,17.45,False,,0.0,5.22,0.01,750.67,755.91,3
1844,1844,matrixmul,large,warm,200,26.1,24.78,1.32,7.19,17.59,False,,0.0,0.38,6.1,0.7,7.19,4
1845,1845,genmatrix,small,warm,200,10.52,9.41,1.1,0.14,9.28,False,,0.0,0.03,,0.11,0.14,3
1846,1846,matrixmul,large,warm,200,19.7,18.37,1.33,4.98,13.4,False,,0.0,0.36,4.03,0.58,4.98,3
1847,1847,fetchdata,medium,warm,200,136.08,136.07,0.01,129.68,6.39,False,129.65,0.0,0.02,0.0,,129.68,3
1848,1848,fetchdata,medium,warm,200,161.9,161.9,0.0,74.55,87.35,False,74.52,0.0,0.02,0.0,,74.55,4
1849,1849,fastfouriertransform,large,warm,200,270.46,270.46,0.01,5.06,265.4,False,,0.0,3.97,0.01,1.08,5.06,5
1850,1850,fastfouriertransform,small,warm,200,429.26,429.25,0.0,4.89,424.36,False,,0.0,3.95,0.01,0.93,4.89,5
1851,1851,linpack,small,warm,200,18.92,18.92,0.01,5.43,13.48,False,,0.0,0.36,4.26,0.8,5.43,6
1852,1852,fastfouriertransform,small,warm,200,124.68,124.68,0.01,4.93,119.75,False,,0.0,4.0,0.01,0.92,4.93,5
1853,1853,fetchdata,small,warm,200,84.53,84.52,0.0,76.09,8.43,False,76.05,0.0,0.02,0.0,,76.09,6
1854,1854,matrixmul,medium,warm,200,621.04,619.09,1.95,602.33,16.76,False,,0.0,0.41,6.44,595.47,602.33,7
1855,1855,matrixmul,small,warm,200,42.3,41.02,1.28,5.08,35.94,False,,0.0,0.37,4.08,0.63,5.08,4
1856,1856,fetchdata,small,warm,200,97.13,97.13,0.01,85.49,11.63,False,85.46,0.0,0.03,0.0,,85.49,4
1857,1857,linpack,large,warm,200,16.52,16.51,0.01,7.06,9.45,False,,0.0,0.42,5.16,1.47,7.06,5
1858,1858,matrixmul,small,warm,200,20.9,19.3,1.6,5.2,14.09,False,,0.0,0.35,4.2,0.64,5.2,4
1859,1859,genmatrix,small,warm,200,7.99,7.25,0.74,0.13,7.12,False,,0.0,0.02,,0.1,0.13,2
1860,1860,matrixmul,large,warm,200,21.46,19.12,2.34,4.9,14.22,False,,0.0,0.34,3.98,0.58,4.9,2
1861,1861,genmatrix,medium,warm,200,13.0,10.59,2.41,0.24,10.35,False,,0.0,0.03,,0.21,0.24,2
1862,1862,fastfouriertransform,large,warm,200,19.49,19.48,0.0,4.83,14.65,False,,0.0,3.84,0.0,0.98,4.83,2
1863,1863,genmatrix,small,warm,200,7.48,7.32,0.16,0.12,7.2,False,,0.0,0.02,,0.1,0.12,2
1864,1864,linpack,large,warm,200,13.59,13.58,0.01,5.18,8.4,False,,0.0,0.36,4.02,0.79,5.18,2
1865,1865,fastfouriertransform,small,warm,200,18.77,18.76,0.01,4.66,14.1,False,,0.0,3.89,0.0,0.76,4.65,2
1866,1866,fetchdata,large,warm,200,127.76,127.76,0.01,122.12,5.64,False,122.09,0.0,0.02,0.0,,122.11,2
1867,1867,fastfouriertransform,medium,warm,200,683.8,683.79,0.01,669.53,14.26,False,,0.0,3.8,0.0,665.73,669.53,2
1868,1868,fastfouriertransform,medium,warm,200,795.92,795.91,0.01,779.59,16.32,False,,0.0,3.89,0.0,775.67,779.59,3
1869,1869,genmatrix,medium,warm,200,12.5,10.63,1.88,0.21,10.41,False,,0.0,0.02,,0.19,0.21,3
1870,1870,genmatrix,small,warm,200,7.56,6.86,0.7,0.11,6.75,False,,0.0,0.02,,0.09,0.11,3
1871,1871,linpack,medium,warm,200,722.97,722.97,0.01,713.18,9.79,False,,0.0,0.44,4.61,708.12,713.18,3
1872,1872,fastfouriertransform,medium,warm,200,1106.69,1106.68,0.01,671.34,435.34,False,,0.0,3.8,0.0,667.53,671.34,4
1873,1873,fetchdata,medium,warm,200,90.66,90.65,0.01,79.19,11.46,False,79.15,0.0,0.04,0.0,,79.19,5
1874,1874,linpack,medium,warm,200,713.55,713.54,0.01,702.1,11.44,False,,0.0,0.37,5.34,696.39,702.1,6
1875,1875,linpack,small,warm,200,530.93,530.92,0.0,5.18,525.75,False,,0.0,0.35,4.01,0.81,5.18,6
1876,1876,matrixmul,medium,warm,200,567.69,565.54,2.15,547.8,17.73,False,,0.0,0.36,6.35,541.08,547.8,7
1877,1877,linpack,medium,warm,200,879.27,879.27,0.01,869.92,9.34,False,,0.0,0.39,4.45,865.08,869.92,8
1878,1878,fetchdata,large,warm,200,81.39,81.38,0.01,74.89,6.5,False,74.86,0.0,0.02,0.0,,74.88,9
1879,1879,linpack,small,warm,200,471.32,471.32,0.01,5.39,465.92,False,,0.0,0.36,4.21,0.82,5.39,10
1880,1880,fetchdata,small,warm,200,81.6,81.6,0.01,76.27,5.33,False,76.24,0.0,0.02,0.0,,76.27,10
1881,1881,matrixmul,small,warm,200,21.03,18.52,2.51,4.96,13.56,False,,0.0,0.36,4.02,0.58,4.96,10
1882,1882,fetchdata,large,warm,200,85.3,85.29,0.01,78.48,6.81,False,78.45,0.0,0.02,0.0,,78.48,9
1883,1883,genmatrix,large,warm,200,49.52,37.39,12.13,0.88,36.51,False,,0.0,0.02,,0.85,0.88,10
1884,1884,fastfouriertransform,medium,warm,200,794.08,794.08,0.0,777.37,16.71,False,,0.0,3.87,0.0,773.49,777.37,8
1885,1885,fastfouriertransform,large,warm,200,761.05,761.04,0.0,4.93,756.11,False,,0.0,4.1,0.01,0.82,4.93,9
1886,1886,matrixmul,large,warm,200,24.92,23.0,1.92,7.73,15.27,False,,0.0,0.51,6.34,0.87,7.73,8
1887,1887,genmatrix,small,warm,200,6.51,6.46,0.05,0.13,6.33,False,,0.0,0.03,,0.1,0.13,8
1888,1888,fetchdata,large,warm,200,87.26,87.25,0.0,79.62,7.64,False,79.59,0.0,0.02,0.0,,79.61,7
1889,1889,fetchdata,medium,warm,200,119.39,119.38,0.01,82.67,36.71,False,82.62,0.0,0.05,0.0,,82.67,6
1890,1890,matrixmul,small,warm,200,28.05,25.95,2.1,7.78,18.17,False,,0.0,0.52,6.35,0.92,7.78,6
1891,1891,fetchdata,large,warm,200,107.77,107.77,0.0,81.09,26.68,False,81.06,0.0,0.02,0.0,,81.09,6
1892,1892,genmatrix,small,warm,200,9.6,9.45,0.15,0.12,9.33,False,,0.0,0.02,,0.09,0.12,6
1893,1893,fastfouriertransform,small,warm,200,63.96,63.95,0.0,4.73,59.22,False,,0.0,3.85,0.0,0.88,4.73,6
1894,1894,linpack,medium,warm,200,693.81,693.8,0.01,683.04,10.76,False,,0.0,0.42,4.23,678.39,683.04,6
1895,1895,genmatrix,medium,warm,200,13.01,10.53,2.49,0.25,10.27,False,,0.0,0.03,,0.22,0.25,4
1896,1896,fastfouriertransform,large,warm,200,18.73,18.73,0.0,4.56,14.16,False,,0.0,3.8,0.0,0.76,4.56,4
1897,1897,fastfouriertransform,large,warm,200,18.13,18.13,0.0,4.55,13.57,False,,0.0,3.81,0.0,0.74,4.55,4
1898,1898,fetchdata,large,warm,200,79.84,79.84,0.0,74.52,5.32,False,74.49,0.0,0.02,0.0,,74.51,4
1899,1899,matrixmul,small,warm,200,24.9,23.43,1.47,7.8,15.63,False,,0.0,0.51,6.42,0.87,7.8,5
1900,1900,linpack,large,warm,200,14.63,14.62,0.01,5.47,9.15,False,,0.0,0.39,3.99,1.09,5.47,4
1901,1901,fastfouriertransform,medium,warm,200,622.35,622.34,0.0,606.98,15.36,False,,0.0,3.79,0.0,603.18,606.98,2
1902,1902,fetchdata,small,warm,200,80.9,80.89,0.0,75.03,5.86,False,75.0,0.0,0.02,0.0,,75.03,3
1903,1903,genmatrix,medium,warm,200,12.26,9.98,2.28,0.23,9.75,False,,0.0,0.02,,0.2,0.23,4
1904,1904,genmatrix,medium,warm,200,12.05,10.15,1.9,0.23,9.92,False,,0.0,0.02,,0.2,0.23,3
1905,1905,genmatrix,medium,warm,200,12.94,10.46,2.48,0.22,10.24,False,,0.0,0.02,,0.2,0.22,3
1906,1906,matrixmul,medium,warm,200,536.01,533.8,2.2,521.64,12.16,False,,0.0,0.38,4.32,516.93,521.64,3
1907,1907,fetchdata,small,warm,200,78.33,78.32,0.01,73.09,5.24,False,73.06,0.0,0.02,0.0,,73.09,4
1908,1908,fetchdata,small,warm,200,103.08,103.07,0.0,73.22,29.85,False,73.2,0.0,0.02,0.0,,73.22,4
1909,1909,linpack,small,warm,200,13.04,13.03,0.0,5.09,7.94,False,,0.0,0.34,4.0,0.75,5.09,4
1910,1910,fetchdata,small,warm,200,77.34,77.33,0.0,73.09,4.24,False,73.07,0.0,0.02,0.0,,73.09,4
1911,1911,fetchdata,medium,warm,200,103.47,103.46,0.0,73.87,29.59,False,73.84,0.0,0.02,0.0,,73.87,4
1912,1912,matrixmul,medium,warm,200,537.18,534.54,2.64,520.91,13.63,False,,0.0,0.37,4.07,516.47,520.91,4
1913,1913,matrixmul,small,warm,200,20.38,18.78,1.59,4.94,13.84,False,,0.0,0.34,4.03,0.57,4.94,5
1914,1914,linpack,medium,warm,200,723.36,723.36,0.01,714.82,8.54,False,,0.0,0.34,3.99,710.48,714.81,3
1915,1915,fetchdata,medium,warm,200,78.55,78.55,0.01,74.01,4.54,False,73.98,0.0,0.02,0.0,,74.01,4
1916,1916,genmatrix,medium,warm,200,11.27,9.36,1.91,0.22,9.15,False,,0.0,0.02,,0.19,0.22,5
1917,1917,genmatrix,small,warm,200,6.02,5.58,0.44,0.11,5.48,False,,0.0,0.02,,0.08,0.11,3
1918,1918,fastfouriertransform,small,warm,200,24.8,24.8,0.01,5.95,18.85,False,,0.0,5.12,0.01,0.82,5.95,3
1919,1919,genmatrix,large,warm,200,60.95,47.38,13.56,1.23,46.15,False,,0.0,0.03,,1.19,1.23,3
1920,1920,linpack,small,warm,200,22.79,22.79,0.0,5.77,17.02,False,,0.0,0.41,4.47,0.87,5.77,4
1921,1921,fetchdata,medium,warm,200,89.85,89.85,0.0,82.64,7.2,False,82.61,0.0,0.02,0.0,,82.64,3
1922,1922,fetchdata,small,warm,200,123.44,123.43,0.01,80.99,42.44,False,80.95,0.0,0.03,0.0,,80.99,4
1923,1923,fetchdata,medium,warm,200,153.5,153.5,0.01,78.22,75.28,False,78.18,0.0,0.03,0.0,,78.22,3
1924,1924,matrixmul,large,warm,200,24.24,22.12,2.12,6.37,15.75,False,,0.0,0.45,5.18,0.73,6.37,4
1925,1925,fastfouriertransform,large,warm,200,18.59,18.58,0.01,4.6,13.98,False,,0.0,3.8,0.0,0.79,4.6,3
1926,1926,genmatrix,medium,warm,200,15.94,14.0,1.93,0.24,13.77,False,,0.0,0.02,,0.21,0.24,3
1927,1927,fetchdata,small,warm,200,85.44,85.43,0.01,79.54,5.89,False,79.5,0.0,0.03,0.0,,79.54,2
1928,1928,matrixmul,medium,warm,200,708.66,706.78,1.88,685.95,20.83,False,,0.0,0.36,4.04,681.53,685.94,3
1929,1929,linpack,large,warm,200,17.76,17.75,0.01,6.45,11.3,False,,0.0,0.37,5.21,0.87,6.45,2
1930,1930,linpack,small,warm,200,14.39,14.38,0.01,5.16,9.22,False,,0.0,0.35,4.03,0.78,5.16,2
1931,1931,fastfouriertransform,medium,warm,200,980.06,980.05,0.01,960.34,19.71,False,,0.0,3.97,0.0,956.36,960.34,2
1932,1932,fastfouriertransform,small,warm,200,18.71,18.71,0.01,4.6,14.11,False,,0.0,3.81,0.0,0.79,4.6,3
1933,1933,fastfouriertransform,small,warm,200,18.65,18.65,0.0,4.65,14.0,False,,0.0,3.87,0.0,0.77,4.65,3
1934,1934,fastfouriertransform,small,warm,200,21.39,21.39,0.0,4.84,16.55,False,,0.0,3.96,0.0,0.87,4.84,3
1935,1935,fetchdata,small,warm,200,97.9,97.89,0.01,87.15,10.74,False,87.11,0.0,0.03,0.0,,87.15,3
1936,1936,matrixmul,medium,warm,200,613.56,608.81,4.75,594.81,14.0,False,,0.0,0.41,8.45,585.94,594.81,4
1937,1937,fastfouriertransform,large,warm,200,21.31,21.3,0.0,5.61,15.69,False,,0.0,4.05,0.01,1.55,5.61,4
1938,1938,linpack,medium,warm,200,750.11,750.1,0.01,737.04,13.06,False,,0.0,0.58,4.31,732.14,737.04,4
1939,1939,fastfouriertransform,small,warm,200,22.12,22.12,0.01,4.68,17.43,False,,0.0,3.86,0.0,0.82,4.68,5
1940,1940,fastfouriertransform,small,warm,200,22.16,22.15,0.01,4.78,17.37,False,,0.0,3.91,0.0,0.86,4.77,5
1941,1941,matrixmul,small,warm,200,28.39,25.95,2.44,6.9,19.04,False,,0.0,0.4,5.8,0.69,6.9,5
1942,1942,fastfouriertransform,medium,warm,200,631.74,631.74,0.0,616.0,15.74,False,,0.0,3.83,0.0,612.15,615.99,5
1943,1943,fastfouriertransform,small,warm,200,588.21,588.21,0.0,4.49,583.72,False,,0.0,3.79,0.0,0.7,4.49,5
1944,1944,matrixmul,small,warm,200,20.02,17.9,2.12,4.9,13.0,False,,0.0,0.34,3.97,0.59,4.9,6
1945,1945,fetchdata,large,warm,200,80.21,80.2,0.01,74.69,5.52,False,74.66,0.0,0.02,0.0,,74.68,6
1946,1946,matrixmul,large,warm,200,44.78,42.38,2.39,11.92,30.46,False,,0.0,0.44,4.82,6.65,11.92,7
1947,1947,matrixmul,medium,warm,200,534.71,532.56,2.15,518.99,13.57,False,,0.0,0.35,3.99,514.63,518.99,6
1948,1948,fastfouriertransform,medium,warm,200,886.87,886.85,0.01,753.76,133.09,False,,0.0,3.95,0.0,749.8,753.76,7
1949,1949,matrixmul,small,warm,200,22.8,20.68,2.12,5.18,15.5,False,,0.0,0.41,4.13,0.63,5.18,7
1950,1950,genmatrix,small,warm,200,6.82,6.29,0.52,0.11,6.18,False,,0.0,0.02,,0.09,0.11,7
1951,1951,fetchdata,medium,warm,200,80.67,80.66,0.01,75.3,5.36,False,75.27,0.0,0.02,0.0,,75.3,6
1952,1952,genmatrix,medium,warm,200,12.54,10.52,2.02,0.25,10.27,False,,0.0,0.02,,0.22,0.25,7
1953,1953,fetchdata,small,warm,200,81.7,81.69,0.01,76.55,5.14,False,76.52,0.0,0.02,0.0,,76.55,5
1954,1954,linpack,large,warm,200,14.08,14.07,0.01,5.21,8.86,False,,0.0,0.39,4.05,0.77,5.21,6
1955,1955,linpack,small,warm,200,17.12,17.11,0.01,5.39,11.72,False,,0.0,0.39,4.19,0.8,5.39,3
1956,1956,genmatrix,medium,warm,200,12.87,10.46,2.41,0.22,10.25,False,,0.0,0.02,,0.19,0.22,3
1957,1957,matrixmul,large,warm,200,23.19,20.35,2.84,7.13,13.22,False,,0.0,0.35,6.14,0.63,7.13,3
1958,1958,matrixmul,small,warm,200,21.96,19.65,2.31,5.05,14.59,False,,0.0,0.37,4.07,0.6,5.05,2
1959,1959,fastfouriertransform,medium,warm,200,744.67,744.66,0.01,727.96,16.7,False,,0.0,3.97,0.01,723.98,727.96,2
1960,1960,matrixmul,small,warm,200,26.81,24.82,1.99,5.53,19.29,False,,0.0,0.41,4.4,0.71,5.52,3
1961,1961,matrixmul,small,warm,200,23.83,21.74,2.09,5.09,16.65,False,,0.0,0.36,4.04,0.68,5.09,3
1962,1962,linpack,small,warm,200,18.09,18.08,0.01,5.68,12.4,False,,0.0,0.34,4.55,0.78,5.68,3
1963,1963,linpack,small,warm,200,14.08,14.07,0.01,5.17,8.9,False,,0.0,0.34,4.06,0.76,5.17,3
1964,1964,matrixmul,large,warm,200,21.23,18.82,2.41,4.9,13.92,False,,0.0,0.35,3.98,0.57,4.9,3
1965,1965,genmatrix,medium,warm,200,14.24,11.52,2.71,0.21,11.32,False,,0.0,0.02,,0.18,0.21,3
1966,1966,linpack,medium,warm,200,841.39,841.38,0.01,830.75,10.63,False,,0.0,0.38,4.39,825.97,830.75,2
1967,1967,genmatrix,large,warm,200,42.78,31.06,11.73,0.84,30.22,False,,0.0,0.02,,0.81,0.84,3
1968,1968,linpack,medium,warm,200,767.03,767.03,0.01,757.54,9.49,False,,0.0,0.36,4.06,753.11,757.53,3
1969,1969,matrixmul,medium,warm,200,618.88,616.27,2.61,595.87,20.4,False,,0.0,0.46,4.62,590.78,595.87,4
1970,1970,fetchdata,small,warm,200,88.01,88.0,0.02,79.39,8.61,False,79.36,0.0,0.02,0.0,,79.39,5
1971,1971,genmatrix,large,warm,200,54.73,42.38,12.35,1.67,40.71,False,,0.0,0.02,,1.64,1.67,6
1972,1972,fetchdata,small,warm,200,94.09,94.08,0.0,87.47,6.61,False,87.44,0.0,0.02,0.0,,87.47,6
1973,1973,genmatrix,small,warm,200,9.52,8.77,0.75,0.15,8.62,False,,0.0,0.03,,0.11,0.15,6
1974,1974,matrixmul,large,warm,200,19.97,18.36,1.6,5.0,13.36,False,,0.0,0.36,4.06,0.58,5.0,4
1975,1975,genmatrix,large,warm,200,45.84,35.03,10.81,0.87,34.16,False,,0.0,0.02,,0.84,0.87,4
1976,1976,fetchdata,small,warm,200,102.31,102.31,0.01,91.06,11.24,False,91.02,0.0,0.03,0.0,,91.06,4
1977,1977,fastfouriertransform,small,warm,200,26.62,26.62,0.01,4.95,21.66,False,,0.0,3.94,0.0,1.0,4.95,5
1978,1978,fetchdata,medium,warm,200,110.33,110.33,0.01,94.14,16.18,False,94.11,0.0,0.02,0.0,,94.14,5
1979,1979,linpack,large,warm,200,17.37,17.36,0.01,5.82,11.54,False,,0.0,0.44,4.54,0.83,5.82,5
1980,1980,fastfouriertransform,small,warm,200,25.08,25.07,0.01,5.22,19.85,False,,0.0,4.13,0.01,1.08,5.22,5
1981,1981,linpack,medium,warm,200,739.85,739.83,0.02,727.89,11.94,False,,0.0,0.57,6.41,720.9,727.89,4
1982,1982,genmatrix,small,warm,200,14.3,13.49,0.81,0.13,13.36,False,,0.0,0.03,,0.1,0.13,4
1983,1983,fetchdata,small,warm,200,85.79,85.77,0.02,78.62,7.15,False,78.59,0.0,0.03,0.0,,78.62,3
1984,1984,linpack,medium,warm,200,725.52,725.51,0.01,716.05,9.45,False,,0.0,0.38,4.04,711.63,716.05,3
1985,1985,genmatrix,large,warm,200,62.96,41.49,21.47,0.96,40.53,False,,0.0,0.03,,0.93,0.96,3
1986,1986,fastfouriertransform,large,warm,200,29.64,29.63,0.0,4.65,24.98,False,,0.0,3.86,0.0,0.78,4.65,4
1987,1987,genmatrix,large,warm,200,44.47,33.09,11.38,0.94,32.16,False,,0.0,0.03,,0.9,0.94,3
1988,1988,linpack,small,warm,200,17.6,17.59,0.01,8.09,9.5,False,,0.0,0.55,6.38,1.16,8.09,3
1989,1989,linpack,small,warm,200,347.91,347.89,0.01,5.22,342.67,False,,0.0,0.37,4.05,0.79,5.22,3
1990,1990,matrixmul,large,warm,200,24.43,22.17,2.26,5.09,17.08,False,,0.0,0.39,4.1,0.59,5.09,4
1991,1991,genmatrix,small,warm,200,8.17,7.59,0.57,0.12,7.47,False,,0.0,0.02,,0.09,0.12,4
1992,1992,matrixmul,small,warm,200,24.09,21.54,2.56,5.01,16.52,False,,0.0,0.35,4.06,0.6,5.01,4
1993,1993,fastfouriertransform,small,warm,200,32.2,32.19,0.01,6.13,26.05,False,,0.0,5.12,0.0,1.01,6.13,4
1994,1994,fetchdata,large,warm,200,93.65,93.64,0.02,82.55,11.08,False,82.52,0.0,0.02,0.0,,82.55,4
1995,1995,fetchdata,small,warm,200,121.8,121.79,0.01,77.51,44.27,False,77.48,0.0,0.02,0.0,,77.51,5
1996,1996,linpack,medium,warm,200,842.02,842.01,0.02,829.13,12.87,False,,0.0,0.53,4.68,823.91,829.13,3
1997,1997,fastfouriertransform,medium,warm,200,657.36,657.34,0.02,634.73,22.6,False,,0.0,3.82,0.0,630.91,634.73,4
1998,1998,linpack,small,warm,200,16.04,16.02,0.02,5.33,10.7,False,,0.0,0.39,4.08,0.86,5.32,4
1999,1999,fetchdata,medium,warm,200,89.96,89.94,0.02,82.84,7.1,False,82.81,0.0,0.03,0.0,,82.84,3
2000,2000,fetchdata,medium,warm,200,116.66,116.64,0.02,74.56,42.09,False,74.53,0.0,0.02,0.0,,74.56,4
