index,request_id,function,size,type,status,latency_ms,ttfb_ms,output_transfer_ms,execution_time_ms,system_overhead_ms,cold_start_server,io_ms,binary_read_ms,json_parsing_ms,parameter_extraction_ms,compute_ms,total_server_ms,in_flight
0,0,genmatrix,small,cold,200,1527.75,1527.75,0.0,6.46,1521.29,True,,0.0,0.03,,6.42,6.46,1
1,1,fastfouriertransform,large,cold,200,1413.15,1413.15,0.0,6.05,1407.09,True,,0.0,3.88,0.0,2.16,6.05,2
2,2,matrixmul,small,cold,200,2112.34,2108.05,4.29,5.16,2102.89,True,,0.0,0.38,4.16,0.61,5.15,3
3,3,mobilenet,small,cold,200,1712.71,1712.7,0.0,26.5,1686.21,True,,,,,,,4
4,4,genmatrix,small,cold,200,1166.34,1166.33,0.01,0.16,1166.18,False,,0.0,0.04,,0.11,0.16,5
5,5,genmatrix,large,cold,200,1174.24,1130.66,43.59,0.83,1129.82,False,,0.0,0.03,,0.8,0.83,6
6,6,resnet,small,cold,200,2890.04,2890.04,0.0,130.01,2760.03,True,,,,,,,7
7,7,resnet,medium,cold,200,3501.45,3501.45,0.01,121.25,3380.2,False,,,,,,,8
8,8,fastfouriertransform,small,warm,200,727.56,727.55,0.01,4.66,722.89,False,,0.0,3.86,0.0,0.79,4.66,9
9,9,fastfouriertransform,small,warm,200,629.31,629.31,0.0,4.6,624.71,False,,0.0,3.85,0.0,0.74,4.6,10
10,10,mobilenet,large,cold,200,1032.96,1032.96,0.01,19.77,1013.19,False,,,,,,,11
11,11,resnet,small,cold,200,3246.45,3246.44,0.0,143.15,3103.29,False,,,,,,,12
12,12,resnet,small,cold,200,2408.3,2408.3,0.0,122.45,2285.85,False,,,,,,,13
13,13,genmatrix,large,warm,200,302.98,261.88,41.1,0.98,260.9,False,,0.0,0.03,,0.94,0.97,14
14,14,genmatrix,large,warm,200,241.39,193.67,47.71,0.84,192.84,False,,0.0,0.03,,0.81,0.84,15
15,15,fetchdata,small,cold,200,1921.22,1921.21,0.0,131.2,1790.01,True,131.17,0.0,0.02,0.0,,131.2,16
16,16,fetchdata,large,cold,200,2021.88,2021.87,0.0,74.4,1947.48,False,74.36,0.0,0.02,0.0,,74.39,11
17,17,matrixmul,small,cold,200,1143.83,1138.51,5.32,5.71,1132.81,False,,0.0,0.97,4.13,0.6,5.7,10
18,18,linpack,small,cold,200,1508.38,1508.38,0.0,5.36,1503.02,True,,0.0,0.41,4.13,0.82,5.36,11
19,19,genmatrix,medium,warm,200,24.38,15.43,8.96,0.21,15.21,False,,0.0,0.03,,0.18,0.21,12
20,20,matrixmul,medium,warm,200,831.46,821.11,10.35,510.6,310.51,False,,0.0,0.34,4.24,506.01,510.59,12
21,21,mobilenet,small,warm,200,27.83,27.83,0.0,17.44,10.38,False,,,,,,,11
22,22,linpack,medium,cold,200,1762.91,1762.9,0.0,645.9,1117.01,False,,0.0,0.34,4.2,641.35,645.89,11
23,23,fastfouriertransform,small,warm,200,25.08,25.08,0.01,4.59,20.49,False,,0.0,3.82,0.0,0.76,4.59,12
24,24,fetchdata,small,cold,200,1095.13,1095.12,0.0,75.17,1019.95,False,75.14,0.0,0.02,0.0,,75.17,11
25,25,matrixmul,medium,warm,200,864.48,858.0,6.48,509.92,348.08,False,,0.0,0.49,4.09,505.33,509.92,12
26,26,resnet,medium,cold,200,1135.75,1135.74,0.0,122.06,1013.68,False,,,,,,,13
27,27,linpack,small,warm,200,612.74,612.72,0.02,5.31,607.42,False,,0.0,0.35,4.05,0.9,5.3,14
28,28,genmatrix,medium,warm,200,14.96,14.96,0.0,0.21,14.76,False,,0.0,0.02,,0.18,0.2,15
29,29,resnet,small,cold,200,1565.5,1565.5,0.0,119.39,1446.11,False,,,,,,,13
30,30,fetchdata,small,warm,200,566.41,566.41,0.0,75.25,491.15,False,75.22,0.0,0.02,0.0,,75.25,14
31,31,resnet,medium,warm,200,850.57,850.56,0.0,219.28,631.28,False,,,,,,,15
32,32,linpack,large,warm,200,127.92,127.91,0.0,5.38,122.53,False,,0.0,0.37,4.25,0.76,5.38,16
33,33,resnet,medium,warm,200,777.48,777.47,0.0,123.03,654.44,False,,,,,,,17
34,34,resnet,small,cold,200,1180.38,1180.38,0.0,119.75,1060.63,False,,,,,,,14
35,35,genmatrix,small,warm,200,16.11,16.11,0.0,0.13,15.98,False,,0.0,0.03,,0.1,0.12,12
36,36,fastfouriertransform,large,warm,200,24.68,24.68,0.01,4.59,20.08,False,,0.0,3.83,0.0,0.75,4.59,11
37,37,mobilenet,medium,warm,200,33.1,33.1,0.0,17.62,15.48,False,,,,,,,9
38,38,fastfouriertransform,small,warm,200,28.77,28.77,0.0,4.6,24.17,False,,0.0,3.83,0.0,0.76,4.6,8
39,39,linpack,small,warm,200,80.88,80.87,0.01,5.02,75.85,False,,0.0,0.33,3.95,0.73,5.02,8
40,40,fetchdata,medium,warm,200,89.37,89.36,0.01,74.45,14.91,False,74.42,0.0,0.02,0.0,,74.45,6
41,41,fetchdata,large,warm,200,85.3,85.3,0.0,74.45,10.85,False,74.42,0.0,0.02,0.0,,74.45,5
42,42,linpack,medium,warm,200,659.1,659.1,0.0,645.3,13.79,False,,0.0,0.34,3.97,640.98,645.3,4
43,43,mobilenet,medium,warm,200,30.98,30.98,0.0,18.69,12.29,False,,,,,,,5
44,44,matrixmul,small,warm,200,25.45,25.44,0.0,4.99,20.45,False,,0.0,0.42,3.99,0.57,4.99,4
45,45,genmatrix,medium,warm,200,19.45,14.6,4.84,0.2,14.41,False,,0.0,0.02,,0.17,0.2,3
46,46,genmatrix,large,warm,200,63.59,37.67,25.92,0.8,36.87,False,,0.0,0.02,,0.78,0.8,2
47,47,genmatrix,small,warm,200,13.38,13.37,0.0,0.11,13.27,False,,0.0,0.02,,0.08,0.11,2
48,48,resnet,large,warm,200,141.81,141.8,0.0,129.51,12.3,False,,,,,,,2
49,49,mobilenet,large,warm,200,30.66,30.65,0.0,17.96,12.69,False,,,,,,,2
50,50,genmatrix,small,warm,200,13.39,13.38,0.01,0.11,13.28,False,,0.0,0.02,,0.08,0.11,1
51,51,mobilenet,medium,warm,200,30.2,30.2,0.0,17.58,12.62,False,,,,,,,1
52,52,fetchdata,medium,warm,200,87.03,87.03,0.0,75.16,11.87,False,75.13,0.0,0.02,0.0,,75.16,1
53,53,genmatrix,large,warm,200,49.23,35.2,14.03,0.79,34.41,False,,0.0,0.02,,0.76,0.78,1
54,54,resnet,small,warm,200,212.34,212.33,0.0,197.89,14.44,False,,,,,,,1
55,55,genmatrix,medium,warm,200,57.49,15.07,42.42,0.2,14.87,False,,0.0,0.02,,0.17,0.19,2
56,56,linpack,small,warm,200,26.28,26.28,0.0,5.06,21.22,False,,0.0,0.35,3.98,0.73,5.06,2
57,57,mobilenet,small,warm,200,33.15,33.14,0.0,19.82,13.33,False,,,,,,,1
58,58,linpack,medium,warm,200,658.39,658.38,0.0,644.61,13.77,False,,0.0,0.34,3.97,640.29,644.61,1
59,59,fetchdata,medium,warm,200,85.16,85.16,0.0,75.51,9.64,False,75.48,0.0,0.03,0.0,,75.51,2
60,60,fastfouriertransform,small,warm,200,28.51,28.5,0.0,7.24,21.27,False,,0.0,6.09,0.0,1.14,7.24,2
61,61,resnet,large,warm,200,135.5,135.5,0.0,122.6,12.9,False,,,,,,,2
62,62,matrixmul,small,warm,200,30.41,30.41,0.0,6.47,23.94,False,,0.0,0.44,5.28,0.74,6.47,3
63,63,genmatrix,medium,warm,200,17.39,17.39,0.0,0.28,17.11,False,,0.0,0.02,,0.25,0.28,2
64,64,fetchdata,large,warm,200,86.97,86.96,0.01,76.0,10.97,False,75.97,0.0,0.02,0.0,,75.99,2
65,65,fetchdata,small,warm,200,84.52,84.52,0.0,75.44,9.08,False,75.41,0.0,0.02,0.0,,75.44,1
66,66,matrixmul,small,warm,200,33.98,28.86,5.12,7.81,21.05,False,,0.0,0.53,6.39,0.88,7.81,1
67,67,mobilenet,large,warm,200,37.39,37.38,0.0,23.21,14.18,False,,,,,,,1
68,68,resnet,large,warm,200,145.89,145.89,0.01,131.63,14.26,False,,,,,,,1
69,69,matrixmul,large,warm,200,32.85,32.84,0.0,7.75,25.1,False,,0.0,0.53,6.34,0.87,7.74,2
70,70,resnet,medium,warm,200,142.97,142.96,0.0,128.52,14.44,False,,,,,,,1
71,71,resnet,medium,warm,200,155.71,155.71,0.0,119.96,35.74,False,,,,,,,2
72,72,matrixmul,small,warm,200,79.45,79.44,0.0,7.9,71.55,False,,0.0,0.52,6.42,0.95,7.89,2
73,73,mobilenet,large,warm,200,40.08,40.08,0.0,24.11,15.96,False,,,,,,,1
74,74,fetchdata,small,warm,200,90.1,90.1,0.0,81.04,9.06,False,81.01,0.0,0.02,0.0,,81.03,1
75,75,linpack,small,warm,200,21.42,21.41,0.0,5.04,16.38,False,,0.0,0.36,3.94,0.73,5.04,1
76,76,linpack,small,warm,200,18.87,18.86,0.0,5.04,13.82,False,,0.0,0.34,3.97,0.73,5.04,1
77,77,mobilenet,large,warm,200,37.73,37.73,0.0,24.71,13.02,False,,,,,,,1
78,78,mobilenet,large,warm,200,35.12,35.12,0.0,20.37,14.75,False,,,,,,,1
79,79,fetchdata,large,warm,200,95.32,95.32,0.0,83.32,12.0,False,83.29,0.0,0.02,0.0,,83.32,1
80,80,fastfouriertransform,medium,warm,200,659.68,659.67,0.0,638.75,20.92,False,,0.0,6.11,0.0,632.63,638.75,1
81,81,fetchdata,large,warm,200,94.91,94.91,0.0,82.55,12.36,False,82.52,0.0,0.02,0.0,,82.55,2
82,82,fetchdata,large,warm,200,92.89,92.89,0.0,80.37,12.52,False,80.34,0.0,0.02,0.0,,80.37,2
83,83,matrixmul,large,warm,200,33.73,33.73,0.0,7.7,26.03,False,,0.0,0.52,6.31,0.87,7.7,2
84,84,linpack,small,warm,200,21.9,21.9,0.0,7.96,13.94,False,,0.0,0.53,6.29,1.13,7.96,2
85,85,genmatrix,large,warm,200,85.09,52.27,32.82,1.22,51.05,False,,0.0,0.03,,1.19,1.22,2
86,86,fastfouriertransform,large,warm,200,64.47,64.47,0.0,4.65,59.82,False,,0.0,3.83,0.0,0.81,4.64,2
87,87,resnet,medium,warm,200,132.22,132.22,0.0,121.78,10.44,False,,,,,,,1
88,88,linpack,large,warm,200,27.16,27.16,0.0,7.97,19.19,False,,0.0,0.52,6.31,1.14,7.97,2
89,89,matrixmul,small,warm,200,28.73,28.72,0.0,7.72,21.0,False,,0.0,0.52,6.32,0.88,7.72,1
90,90,matrixmul,medium,warm,200,572.37,567.39,4.97,548.18,19.22,False,,0.0,0.46,5.59,542.13,548.18,1
91,91,mobilenet,medium,warm,200,35.48,35.48,0.0,23.21,12.27,False,,,,,,,2
92,92,fastfouriertransform,large,warm,200,23.98,23.98,0.0,4.63,19.35,False,,0.0,3.82,0.0,0.8,4.63,2
93,93,genmatrix,medium,warm,200,19.01,19.01,0.0,0.29,18.72,False,,0.0,0.02,,0.26,0.29,2
94,94,resnet,small,warm,200,136.45,136.44,0.0,120.83,15.62,False,,,,,,,2
95,95,resnet,small,warm,200,159.28,159.27,0.01,121.83,37.44,False,,,,,,,3
96,96,linpack,large,warm,200,26.34,26.33,0.01,7.97,18.36,False,,0.0,0.51,6.31,1.14,7.97,2
97,97,matrixmul,large,warm,200,24.23,24.23,0.01,4.89,19.34,False,,0.0,0.34,3.98,0.57,4.89,1
98,98,resnet,large,warm,200,240.87,240.87,0.0,132.2,108.66,False,,,,,,,1
99,99,mobilenet,small,warm,200,35.75,35.74,0.01,22.87,12.87,False,,,,,,,2
100,100,matrixmul,small,warm,200,58.64,58.63,0.01,4.92,53.71,False,,0.0,0.34,4.0,0.57,4.92,2
101,101,resnet,large,warm,200,153.78,153.78,0.01,141.72,12.06,False,,,,,,,1
102,102,fastfouriertransform,large,warm,200,23.47,23.47,0.0,4.66,18.8,False,,0.0,3.82,0.0,0.83,4.66,2
103,103,matrixmul,medium,warm,200,631.16,626.26,4.9,509.62,116.64,False,,0.0,0.34,3.99,505.28,509.62,1
104,104,fastfouriertransform,small,warm,200,22.76,22.76,0.0,4.66,18.1,False,,0.0,3.84,0.0,0.81,4.66,2
105,105,matrixmul,medium,warm,200,944.77,944.77,0.0,508.88,435.89,False,,0.0,0.36,3.96,504.55,508.88,2
106,106,mobilenet,small,warm,200,32.55,32.55,0.0,22.4,10.15,False,,,,,,,3
107,107,mobilenet,large,warm,200,34.26,34.25,0.0,22.59,11.66,False,,,,,,,3
108,108,fastfouriertransform,small,warm,200,24.79,24.78,0.0,4.58,20.2,False,,0.0,3.82,0.0,0.75,4.58,3
109,109,genmatrix,medium,warm,200,19.79,19.79,0.0,0.29,19.5,False,,0.0,0.02,,0.26,0.29,3
110,110,linpack,small,warm,200,22.04,22.03,0.0,7.98,14.06,False,,0.0,0.51,6.32,1.14,7.97,2
111,111,linpack,large,warm,200,23.6,23.6,0.0,7.49,16.11,False,,0.0,0.49,5.93,1.07,7.49,2
112,112,linpack,small,warm,200,23.21,23.21,0.0,7.49,15.72,False,,0.0,0.48,5.93,1.07,7.49,2
113,113,mobilenet,large,warm,200,33.86,33.86,0.0,22.94,10.92,False,,,,,,,2
114,114,fetchdata,large,warm,200,93.11,93.11,0.0,82.25,10.86,False,82.22,0.0,0.02,0.0,,82.25,2
115,115,mobilenet,medium,warm,200,33.78,33.77,0.0,21.03,12.74,False,,,,,,,1
116,116,resnet,large,warm,200,157.33,157.33,0.0,144.87,12.46,False,,,,,,,1
117,117,fetchdata,small,warm,200,95.6,95.59,0.01,82.05,13.54,False,82.01,0.0,0.02,0.0,,82.04,2
118,118,resnet,large,warm,200,133.33,133.33,0.0,120.42,12.91,False,,,,,,,1
119,119,genmatrix,small,warm,200,15.54,15.54,0.0,0.14,15.4,False,,0.0,0.03,,0.11,0.14,2
120,120,genmatrix,medium,warm,200,17.98,17.97,0.0,0.29,17.68,False,,0.0,0.02,,0.26,0.29,1
121,121,fetchdata,large,warm,200,91.11,91.1,0.0,81.71,9.39,False,81.68,0.0,0.02,0.0,,81.71,1
122,122,genmatrix,medium,warm,200,20.21,20.21,0.0,0.29,19.91,False,,0.0,0.02,,0.26,0.29,1
123,123,fetchdata,large,warm,200,92.1,92.09,0.0,79.97,12.13,False,79.94,0.0,0.02,0.0,,79.96,1
124,124,fetchdata,small,warm,200,89.95,89.95,0.0,80.51,9.44,False,80.48,0.0,0.02,0.0,,80.51,1
125,125,mobilenet,small,warm,200,34.25,34.25,0.0,22.82,11.43,False,,,,,,,1
126,126,fastfouriertransform,medium,warm,200,651.49,651.48,0.0,633.36,18.12,False,,0.0,3.8,0.0,629.55,633.36,1
127,127,fastfouriertransform,large,warm,200,555.62,555.61,0.0,4.53,551.08,False,,0.0,3.8,0.0,0.73,4.53,2
128,128,resnet,small,warm,200,234.43,234.42,0.0,220.65,13.77,False,,,,,,,3
129,129,resnet,small,warm,200,252.84,252.83,0.0,121.9,130.93,False,,,,,,,4
130,130,fastfouriertransform,small,warm,200,262.13,262.12,0.01,4.56,257.56,False,,0.0,3.79,0.0,0.76,4.56,5
131,131,genmatrix,large,warm,200,66.63,49.49,17.14,1.22,48.27,False,,0.0,0.02,,1.19,1.22,5
132,132,fastfouriertransform,small,warm,200,72.94,72.94,0.01,4.56,68.38,False,,0.0,3.81,0.0,0.74,4.55,4
133,133,fastfouriertransform,small,warm,200,23.78,23.78,0.01,4.57,19.21,False,,0.0,3.8,0.0,0.76,4.57,1
134,134,linpack,medium,warm,200,693.9,693.9,0.0,679.55,14.34,False,,0.0,0.52,6.33,672.7,679.55,1
135,135,fastfouriertransform,large,warm,200,22.57,22.56,0.0,4.6,17.96,False,,0.0,3.84,0.0,0.75,4.6,2
136,136,mobilenet,medium,warm,200,37.5,37.49,0.0,23.23,14.27,False,,,,,,,2
137,137,genmatrix,medium,warm,200,18.7,18.69,0.0,0.29,18.41,False,,0.0,0.02,,0.26,0.29,2
138,138,mobilenet,large,warm,200,36.5,36.49,0.0,22.27,14.23,False,,,,,,,2
139,139,mobilenet,large,warm,200,30.48,30.48,0.0,21.13,9.35,False,,,,,,,2
140,140,resnet,large,warm,200,132.98,132.97,0.0,119.9,13.08,False,,,,,,,2
141,141,fetchdata,small,warm,200,136.87,136.87,0.0,127.95,8.92,False,127.92,0.0,0.02,0.0,,127.95,2
142,142,linpack,medium,warm,200,660.59,660.59,0.0,646.74,13.85,False,,0.0,0.34,3.95,642.44,646.74,2
143,143,linpack,medium,warm,200,1207.95,1207.95,0.0,643.53,564.41,False,,0.0,0.35,3.96,639.22,643.53,2
144,144,mobilenet,small,warm,200,37.49,37.49,0.0,23.15,14.34,False,,,,,,,3
145,145,fastfouriertransform,large,warm,200,110.58,110.58,0.0,4.58,106.0,False,,0.0,3.82,0.0,0.75,4.58,3
146,146,fetchdata,medium,warm,200,96.19,96.18,0.0,82.04,14.14,False,82.01,0.0,0.02,0.0,,82.04,4
147,147,fetchdata,medium,warm,200,91.69,91.68,0.0,80.84,10.84,False,80.82,0.0,0.02,0.0,,80.84,3
148,148,fetchdata,large,warm,200,94.63,94.63,0.0,80.07,14.56,False,80.04,0.0,0.02,0.0,,80.07,3
149,149,fastfouriertransform,large,warm,200,26.08,26.07,0.01,4.57,21.5,False,,0.0,3.82,0.0,0.75,4.57,2
150,150,genmatrix,large,warm,200,67.41,51.21,16.2,1.21,50.0,False,,0.0,0.02,,1.18,1.21,2
151,151,fastfouriertransform,small,warm,200,27.28,27.27,0.0,4.6,22.67,False,,0.0,3.84,0.0,0.76,4.6,2
152,152,fetchdata,large,warm,200,91.01,91.01,0.0,82.01,8.99,False,81.98,0.0,0.02,0.0,,82.01,2
153,153,matrixmul,small,warm,200,29.35,29.34,0.0,7.74,21.6,False,,0.0,0.52,6.33,0.88,7.74,2
154,154,mobilenet,small,warm,200,35.42,35.41,0.0,23.09,12.32,False,,,,,,,2
155,155,mobilenet,large,warm,200,32.23,32.23,0.0,20.33,11.89,False,,,,,,,2
156,156,fetchdata,small,warm,200,94.5,94.5,0.0,82.83,11.66,False,82.8,0.0,0.02,0.0,,82.83,1
157,157,fetchdata,small,warm,200,90.4,90.4,0.0,80.58,9.82,False,80.55,0.0,0.02,0.0,,80.58,2
158,158,matrixmul,medium,warm,200,570.04,570.04,0.0,547.5,22.54,False,,0.0,0.51,6.41,540.56,547.49,1
159,159,mobilenet,small,warm,200,36.34,36.34,0.0,23.54,12.8,False,,,,,,,2
160,160,fetchdata,large,warm,200,94.0,93.99,0.0,83.02,10.98,False,82.99,0.0,0.02,0.0,,83.02,2
161,161,fastfouriertransform,small,warm,200,23.05,23.04,0.0,4.58,18.47,False,,0.0,3.82,0.0,0.75,4.58,2
162,162,genmatrix,large,warm,200,68.12,52.11,16.01,1.21,50.9,False,,0.0,0.04,,1.16,1.21,2
163,163,linpack,small,warm,200,20.88,20.88,0.0,5.04,15.84,False,,0.0,0.34,3.97,0.73,5.04,2
164,164,fastfouriertransform,small,warm,200,23.39,23.38,0.01,4.58,18.81,False,,0.0,3.81,0.0,0.76,4.57,1
165,165,mobilenet,medium,warm,200,35.57,35.56,0.0,23.69,11.87,False,,,,,,,1
166,166,fetchdata,medium,warm,200,93.01,93.01,0.0,81.83,11.18,False,81.8,0.0,0.02,0.0,,81.83,1
167,167,mobilenet,medium,warm,200,36.63,36.63,0.01,23.09,13.54,False,,,,,,,1
168,168,fastfouriertransform,small,warm,200,26.18,26.18,0.0,4.59,21.58,False,,0.0,3.84,0.0,0.75,4.59,1
169,169,fetchdata,small,warm,200,93.24,93.23,0.0,81.24,11.99,False,81.21,0.0,0.02,0.0,,81.24,1
170,170,fetchdata,medium,warm,200,92.16,92.16,0.0,81.7,10.45,False,81.68,0.0,0.02,0.0,,81.7,1
171,171,linpack,medium,warm,200,660.98,660.98,0.0,644.43,16.55,False,,0.0,0.34,3.95,640.13,644.43,1
172,172,matrixmul,medium,warm,200,534.92,534.92,0.0,510.73,24.19,False,,0.0,0.34,3.99,506.37,510.73,2
173,173,genmatrix,large,warm,200,74.22,50.56,23.67,1.19,49.36,False,,0.0,0.03,,1.16,1.19,3
174,174,linpack,large,warm,200,365.18,365.18,0.0,5.06,360.12,False,,0.0,0.33,3.96,0.76,5.06,3
175,175,genmatrix,large,warm,200,76.78,49.3,27.48,1.19,48.11,False,,0.0,0.02,,1.16,1.19,4
176,176,fetchdata,small,warm,200,92.32,92.31,0.0,82.42,9.89,False,82.37,0.0,0.05,0.0,,82.42,4
177,177,mobilenet,medium,warm,200,57.16,57.15,0.0,23.02,34.14,False,,,,,,,4
178,178,mobilenet,small,warm,200,36.46,36.45,0.0,20.78,15.67,False,,,,,,,1
179,179,resnet,large,warm,200,152.97,152.97,0.0,137.13,15.84,False,,,,,,,1
180,180,resnet,small,warm,200,175.1,175.09,0.0,124.34,50.76,False,,,,,,,2
181,181,genmatrix,medium,warm,200,20.03,20.03,0.0,0.29,19.74,False,,0.0,0.03,,0.26,0.29,2
182,182,fastfouriertransform,small,warm,200,23.51,23.51,0.0,4.6,18.91,False,,0.0,3.84,0.0,0.75,4.59,1
183,183,resnet,medium,warm,200,150.16,150.16,0.0,137.44,12.72,False,,,,,,,1
184,184,resnet,large,warm,200,175.86,175.85,0.01,122.37,53.48,False,,,,,,,2
185,185,mobilenet,small,warm,200,37.04,37.03,0.0,23.03,14.0,False,,,,,,,2
186,186,resnet,small,warm,200,137.2,137.2,0.01,125.98,11.22,False,,,,,,,1
187,187,linpack,small,warm,200,18.61,18.61,0.0,5.09,13.52,False,,0.0,0.34,3.98,0.76,5.09,2
188,188,fastfouriertransform,large,warm,200,26.42,26.41,0.0,7.27,19.14,False,,0.0,6.12,0.0,1.14,7.27,1
189,189,fastfouriertransform,large,warm,200,25.82,25.82,0.0,6.77,19.04,False,,0.0,5.69,0.0,1.08,6.77,1
190,190,linpack,small,warm,200,18.2,18.19,0.0,5.05,13.15,False,,0.0,0.34,3.97,0.73,5.05,1
191,191,fetchdata,small,warm,200,92.63,92.63,0.0,82.27,10.36,False,82.23,0.0,0.02,0.0,,82.27,1
192,192,resnet,small,warm,200,234.95,234.94,0.0,224.2,10.74,False,,,,,,,1
193,193,resnet,large,warm,200,268.49,268.49,0.0,136.36,132.12,False,,,,,,,2
194,194,fastfouriertransform,large,warm,200,25.6,25.6,0.0,7.26,18.34,False,,0.0,6.1,0.0,1.15,7.26,3
195,195,fastfouriertransform,medium,warm,200,653.84,653.84,0.0,634.13,19.7,False,,0.0,5.73,0.0,628.4,634.13,2
196,196,genmatrix,large,warm,200,67.09,51.27,15.81,1.2,50.07,False,,0.0,0.02,,1.17,1.2,2
197,197,resnet,large,warm,200,141.12,141.11,0.0,128.94,12.17,False,,,,,,,2
198,198,matrixmul,medium,warm,200,531.7,531.7,0.0,509.19,22.51,False,,0.0,0.34,3.99,504.85,509.18,3
199,199,mobilenet,large,warm,200,35.3,35.29,0.0,22.88,12.41,False,,,,,,,3
200,200,genmatrix,medium,warm,200,19.88,19.87,0.0,0.29,19.58,False,,0.0,0.02,,0.26,0.29,3
201,201,mobilenet,medium,warm,200,34.85,34.84,0.0,22.64,12.2,False,,,,,,,3
202,202,fetchdata,small,warm,200,93.4,93.4,0.0,81.93,11.47,False,81.9,0.0,0.02,0.0,,81.93,2
203,203,genmatrix,large,warm,200,71.02,51.47,19.56,1.19,50.27,False,,0.0,0.02,,1.17,1.19,2
204,204,matrixmul,medium,warm,200,530.33,530.32,0.0,510.63,19.69,False,,0.0,0.34,3.99,506.3,510.63,1
205,205,matrixmul,small,warm,200,441.91,441.91,0.0,4.95,436.96,False,,0.0,0.38,4.0,0.57,4.95,2
206,206,fastfouriertransform,medium,warm,200,621.36,621.36,0.0,601.37,19.98,False,,0.0,3.85,0.0,597.52,601.37,3
207,207,resnet,large,warm,200,140.05,140.05,0.0,128.28,11.77,False,,,,,,,4
208,208,fastfouriertransform,small,warm,200,431.25,431.24,0.01,4.65,426.59,False,,0.0,3.82,0.0,0.82,4.65,5
209,209,resnet,small,warm,200,130.65,130.65,0.0,120.41,10.24,False,,,,,,,5
210,210,resnet,medium,warm,200,152.89,152.88,0.01,120.63,32.25,False,,,,,,,4
211,211,mobilenet,medium,warm,200,34.27,34.26,0.0,22.92,11.34,False,,,,,,,4
212,212,fastfouriertransform,small,warm,200,43.24,43.23,0.01,4.58,38.65,False,,0.0,3.82,0.0,0.76,4.58,3
213,213,matrixmul,medium,warm,200,571.21,571.21,0.0,549.66,21.55,False,,0.0,0.52,6.32,542.81,549.66,1
214,214,mobilenet,medium,warm,200,34.85,34.84,0.0,23.38,11.46,False,,,,,,,2
215,215,linpack,large,warm,200,20.58,20.57,0.0,5.04,15.53,False,,0.0,0.34,3.95,0.74,5.04,2
216,216,genmatrix,medium,warm,200,17.83,17.83,0.0,0.28,17.55,False,,0.0,0.03,,0.25,0.28,2
217,217,resnet,large,warm,200,187.2,187.2,0.0,162.42,24.78,False,,,,,,,2
218,218,resnet,small,warm,200,266.81,266.81,0.01,179.6,87.2,False,,,,,,,3
219,219,genmatrix,large,warm,200,72.67,53.01,19.66,1.19,51.82,False,,0.0,0.02,,1.16,1.19,2
220,220,matrixmul,large,warm,200,26.18,26.18,0.0,4.9,21.28,False,,0.0,0.35,3.98,0.57,4.9,2
221,221,fastfouriertransform,small,warm,200,23.21,23.21,0.0,4.6,18.61,False,,0.0,3.84,0.0,0.75,4.59,1
222,222,matrixmul,small,warm,200,22.59,22.58,0.0,4.93,17.66,False,,0.0,0.36,3.99,0.57,4.93,1
223,223,fastfouriertransform,large,warm,200,22.25,22.24,0.0,4.57,17.67,False,,0.0,3.82,0.0,0.75,4.57,1
224,224,resnet,small,warm,200,133.21,133.21,0.0,121.29,11.92,False,,,,,,,1
225,225,matrixmul,medium,warm,200,542.97,542.96,0.0,508.86,34.1,False,,0.0,0.35,3.97,504.54,508.86,2
226,226,resnet,small,warm,200,139.55,139.55,0.0,128.98,10.57,False,,,,,,,2
227,227,genmatrix,medium,warm,200,16.93,16.92,0.0,0.29,16.63,False,,0.0,0.03,,0.26,0.29,3
228,228,mobilenet,large,warm,200,35.65,35.65,0.0,23.14,12.51,False,,,,,,,2
229,229,genmatrix,medium,warm,200,17.59,17.58,0.0,0.28,17.31,False,,0.0,0.02,,0.25,0.28,2
230,230,resnet,medium,warm,200,257.83,257.83,0.01,245.18,12.65,False,,,,,,,2
231,231,matrixmul,small,warm,200,25.74,25.74,0.0,4.89,20.85,False,,0.0,0.34,3.98,0.57,4.89,2
232,232,fastfouriertransform,large,warm,200,23.29,23.28,0.0,4.59,18.69,False,,0.0,3.83,0.0,0.75,4.59,2
233,233,fetchdata,medium,warm,200,97.91,97.91,0.01,86.93,10.98,False,86.89,0.0,0.02,0.0,,86.93,1
234,234,fastfouriertransform,small,warm,200,22.97,22.97,0.0,4.58,18.39,False,,0.0,3.82,0.0,0.75,4.58,1
235,235,matrixmul,small,warm,200,25.76,25.75,0.0,4.92,20.83,False,,0.0,0.34,4.01,0.57,4.92,1
236,236,genmatrix,medium,warm,200,109.13,19.06,90.08,0.29,18.77,False,,0.0,0.02,,0.26,0.29,1
237,237,mobilenet,large,warm,200,38.34,38.33,0.0,23.04,15.29,False,,,,,,,2
238,238,fetchdata,large,warm,200,92.3,92.3,0.0,81.84,10.45,False,81.81,0.0,0.02,0.0,,81.84,1
239,239,genmatrix,medium,warm,200,18.56,18.56,0.0,0.29,18.27,False,,0.0,0.02,,0.26,0.29,1
240,240,resnet,small,warm,200,131.99,131.98,0.01,122.23,9.76,False,,,,,,,1
241,241,fastfouriertransform,small,warm,200,21.19,21.19,0.0,4.59,16.6,False,,0.0,3.83,0.0,0.75,4.59,2
242,242,genmatrix,small,warm,200,11.19,11.18,0.0,0.14,11.04,False,,0.0,0.02,,0.11,0.14,1
243,243,resnet,small,warm,200,139.82,139.82,0.0,128.76,11.06,False,,,,,,,1
244,244,linpack,medium,warm,200,698.37,698.36,0.0,686.31,12.05,False,,0.0,0.51,6.31,679.49,686.31,2
245,245,resnet,large,warm,200,135.72,135.71,0.0,125.68,10.03,False,,,,,,,2
246,246,mobilenet,medium,warm,200,33.6,33.6,0.0,23.2,10.39,False,,,,,,,3
247,247,mobilenet,small,warm,200,34.09,34.08,0.0,21.11,12.97,False,,,,,,,2
248,248,matrixmul,medium,warm,200,531.08,531.07,0.0,511.53,19.54,False,,0.0,0.34,3.96,507.22,511.53,2
249,249,linpack,small,warm,200,205.7,205.69,0.0,5.0,200.7,False,,0.0,0.32,3.95,0.72,4.99,3
250,250,matrixmul,small,warm,200,344.33,344.32,0.0,5.01,339.31,False,,0.0,0.34,4.09,0.57,5.01,4
251,251,genmatrix,small,warm,200,14.92,14.91,0.01,0.14,14.77,False,,0.0,0.02,,0.11,0.14,4
252,252,genmatrix,small,warm,200,220.94,10.84,210.1,0.13,10.71,False,,0.0,0.02,,0.11,0.13,3
253,253,matrixmul,large,warm,200,59.08,59.07,0.0,4.91,54.16,False,,0.0,0.36,3.98,0.58,4.91,4
254,254,linpack,medium,warm,200,661.2,661.19,0.01,643.95,17.25,False,,0.0,0.34,3.95,639.65,643.95,2
255,255,resnet,large,warm,200,133.69,133.69,0.0,121.88,11.81,False,,,,,,,2
256,256,mobilenet,small,warm,200,36.17,36.17,0.0,22.97,13.2,False,,,,,,,3
257,257,linpack,small,warm,200,372.1,372.1,0.0,5.02,367.08,False,,0.0,0.33,3.97,0.72,5.02,2
258,258,linpack,small,warm,200,275.48,275.47,0.01,5.0,270.47,False,,0.0,0.32,3.96,0.72,5.0,3
259,259,fetchdata,small,warm,200,92.72,92.72,0.0,81.54,11.18,False,81.51,0.0,0.02,0.0,,81.54,4
260,260,mobilenet,large,warm,200,41.82,41.82,0.01,30.47,11.35,False,,,,,,,4
261,261,matrixmul,medium,warm,200,650.56,650.56,0.0,535.07,115.48,False,,0.0,0.35,3.99,530.72,535.07,1
262,262,linpack,large,warm,200,18.56,18.56,0.0,5.01,13.55,False,,0.0,0.34,3.94,0.73,5.01,2
263,263,linpack,large,warm,200,17.76,17.76,0.0,5.02,12.74,False,,0.0,0.34,3.95,0.73,5.02,2
264,264,linpack,small,warm,200,18.08,18.08,0.0,5.02,13.05,False,,0.0,0.34,3.96,0.72,5.02,2
265,265,matrixmul,small,warm,200,266.06,266.06,0.01,4.88,261.17,False,,0.0,0.34,3.97,0.57,4.88,2
266,266,linpack,large,warm,200,18.21,18.21,0.0,5.0,13.2,False,,0.0,0.34,3.94,0.72,5.0,3
267,267,fastfouriertransform,medium,warm,200,642.24,642.24,0.0,623.98,18.26,False,,0.0,6.14,0.0,617.83,623.98,3
268,268,linpack,small,warm,200,22.31,22.31,0.0,5.03,17.28,False,,0.0,0.34,3.96,0.72,5.02,2
269,269,linpack,medium,warm,200,660.74,660.74,0.0,643.47,17.27,False,,0.0,0.34,3.94,639.18,643.47,2
270,270,mobilenet,small,warm,200,35.16,35.16,0.0,23.76,11.4,False,,,,,,,3
271,271,linpack,medium,warm,200,1103.58,1103.58,0.0,642.29,461.29,False,,0.0,0.32,3.95,638.01,642.29,3
272,272,matrixmul,medium,warm,200,622.58,622.58,0.0,510.7,111.88,False,,0.0,0.37,4.0,506.32,510.7,4
273,273,linpack,small,warm,200,914.82,914.81,0.01,5.0,909.81,False,,0.0,0.34,3.95,0.71,5.0,5
274,274,mobilenet,small,warm,200,33.01,33.0,0.0,22.85,10.15,False,,,,,,,5
275,275,genmatrix,small,warm,200,11.6,11.59,0.0,0.14,11.45,False,,0.0,0.03,,0.11,0.14,5
276,276,fetchdata,medium,warm,200,94.69,94.69,0.0,82.18,12.51,False,82.15,0.0,0.02,0.0,,82.18,4
277,277,matrixmul,small,warm,200,134.22,134.21,0.01,4.93,129.29,False,,0.0,0.34,4.01,0.57,4.92,4
278,278,linpack,medium,warm,200,1056.35,1056.35,0.01,642.57,413.78,False,,0.0,0.32,3.93,638.31,642.56,5
279,279,matrixmul,large,warm,200,112.2,112.19,0.0,4.97,107.22,False,,0.0,0.38,4.0,0.58,4.97,4
280,280,resnet,medium,warm,200,130.9,130.89,0.0,119.54,11.36,False,,,,,,,5
281,281,genmatrix,large,warm,200,72.7,53.97,18.73,1.22,52.75,False,,0.0,0.03,,1.19,1.22,5
282,282,matrixmul,small,warm,200,23.54,23.53,0.0,4.92,18.61,False,,0.0,0.34,4.01,0.56,4.92,3
283,283,fastfouriertransform,medium,warm,200,622.91,622.91,0.0,604.44,18.47,False,,0.0,3.86,0.0,600.58,604.44,2
284,284,mobilenet,large,warm,200,37.82,37.82,0.0,23.38,14.44,False,,,,,,,3
285,285,matrixmul,small,warm,200,108.75,108.74,0.0,4.9,103.84,False,,0.0,0.35,3.98,0.57,4.9,3
286,286,fastfouriertransform,large,warm,200,328.43,328.43,0.0,4.57,323.86,False,,0.0,3.8,0.0,0.77,4.57,4
287,287,fetchdata,medium,warm,200,91.6,91.6,0.0,82.66,8.94,False,82.62,0.0,0.03,0.0,,82.65,4
288,288,genmatrix,medium,warm,200,18.84,18.83,0.0,0.29,18.54,False,,0.0,0.03,,0.26,0.29,4
289,289,fetchdata,large,warm,200,94.15,94.15,0.0,81.15,12.99,False,81.12,0.0,0.02,0.0,,81.15,3
290,290,resnet,small,warm,200,130.37,130.37,0.0,120.26,10.11,False,,,,,,,1
291,291,fetchdata,large,warm,200,93.29,93.28,0.0,81.95,11.33,False,81.92,0.0,0.02,0.0,,81.95,2
292,292,mobilenet,medium,warm,200,36.17,36.17,0.0,23.04,13.12,False,,,,,,,1
293,293,fastfouriertransform,large,warm,200,24.22,24.22,0.0,4.56,19.66,False,,0.0,3.79,0.0,0.76,4.56,1
294,294,fetchdata,small,warm,200,94.17,94.16,0.0,82.86,11.3,False,82.83,0.0,0.02,0.0,,82.86,1
295,295,resnet,large,warm,200,134.29,134.29,0.0,122.79,11.5,False,,,,,,,1
296,296,genmatrix,large,warm,200,91.07,52.53,38.55,1.2,51.33,False,,0.0,0.02,,1.17,1.2,2
297,297,genmatrix,large,warm,200,81.37,47.32,34.06,1.01,46.31,False,,0.0,0.02,,0.98,1.01,1
298,298,genmatrix,small,warm,200,12.22,12.21,0.0,0.12,12.09,False,,0.0,0.02,,0.1,0.12,1
299,299,matrixmul,medium,warm,200,534.99,534.99,0.01,511.31,23.68,False,,0.0,0.35,4.02,506.94,511.31,1
300,300,fastfouriertransform,large,warm,200,22.84,22.84,0.0,4.61,18.22,False,,0.0,3.85,0.0,0.75,4.61,2
301,301,matrixmul,large,warm,200,351.38,351.37,0.01,4.89,346.48,False,,0.0,0.33,3.99,0.56,4.89,2
302,302,matrixmul,large,warm,200,255.36,255.35,0.0,5.07,250.28,False,,0.0,0.51,3.99,0.57,5.07,3
303,303,linpack,small,warm,200,21.57,21.57,0.0,5.03,16.53,False,,0.0,0.34,3.95,0.74,5.03,4
304,304,genmatrix,medium,warm,200,20.64,20.64,0.0,0.29,20.35,False,,0.0,0.02,,0.27,0.29,4
305,305,resnet,medium,warm,200,137.27,137.26,0.0,123.11,14.15,False,,,,,,,1
306,306,genmatrix,medium,warm,200,20.43,20.43,0.0,0.29,20.14,False,,0.0,0.03,,0.26,0.29,2
307,307,matrixmul,medium,warm,200,619.99,619.98,0.01,509.96,110.02,False,,0.0,0.34,3.98,505.63,509.96,1
308,308,genmatrix,medium,warm,200,17.19,17.18,0.01,0.29,16.89,False,,0.0,0.02,,0.26,0.29,2
309,309,resnet,small,warm,200,249.66,249.66,0.0,235.69,13.97,False,,,,,,,2
310,310,mobilenet,medium,warm,200,35.66,35.65,0.0,22.45,13.21,False,,,,,,,3
311,311,genmatrix,medium,warm,200,18.34,18.33,0.0,0.29,18.04,False,,0.0,0.03,,0.26,0.29,3
312,312,genmatrix,large,warm,200,69.37,49.87,19.5,1.16,48.71,False,,0.0,0.03,,1.13,1.16,2
313,313,mobilenet,large,warm,200,35.44,35.43,0.01,22.87,12.57,False,,,,,,,2
314,314,resnet,medium,warm,200,143.81,143.81,0.0,131.64,12.17,False,,,,,,,1
315,315,fetchdata,large,warm,200,94.17,94.17,0.0,82.53,11.64,False,82.5,0.0,0.02,0.0,,82.53,2
316,316,linpack,small,warm,200,20.81,20.81,0.01,5.02,15.78,False,,0.0,0.34,3.95,0.73,5.02,1
317,317,matrixmul,medium,warm,200,557.0,556.99,0.0,534.83,22.16,False,,0.0,0.52,6.36,527.94,534.83,1
318,318,mobilenet,medium,warm,200,36.3,36.3,0.0,23.33,12.97,False,,,,,,,2
319,319,linpack,large,warm,200,22.14,22.14,0.01,5.02,17.11,False,,0.0,0.34,3.95,0.73,5.02,2
320,320,resnet,large,warm,200,150.09,150.09,0.0,138.79,11.29,False,,,,,,,2
321,321,matrixmul,medium,warm,200,674.51,674.51,0.01,509.86,164.65,False,,0.0,0.34,4.08,505.44,509.86,3
322,322,fetchdata,medium,warm,200,94.02,94.01,0.01,82.14,11.87,False,82.11,0.0,0.02,0.0,,82.14,3
323,323,genmatrix,small,warm,200,14.81,14.8,0.0,0.14,14.67,False,,0.0,0.02,,0.11,0.14,2
324,324,resnet,medium,warm,200,132.19,132.19,0.0,120.28,11.91,False,,,,,,,2
325,325,linpack,large,warm,200,22.04,22.03,0.01,5.02,17.01,False,,0.0,0.34,3.94,0.73,5.02,3
326,326,mobilenet,large,warm,200,36.1,36.09,0.01,23.03,13.07,False,,,,,,,2
327,327,fastfouriertransform,medium,warm,200,656.73,656.72,0.01,633.11,23.61,False,,0.0,6.09,0.0,627.01,633.11,2
328,328,resnet,large,warm,200,220.92,220.91,0.0,206.32,14.59,False,,,,,,,2
329,329,genmatrix,large,warm,200,70.73,51.6,19.13,1.21,50.39,False,,0.0,0.02,,1.18,1.21,3
330,330,matrixmul,small,warm,200,26.78,26.78,0.0,4.96,21.82,False,,0.0,0.38,4.0,0.58,4.96,3
331,331,linpack,small,warm,200,19.2,19.2,0.0,5.03,14.17,False,,0.0,0.34,3.96,0.73,5.03,2
332,332,genmatrix,medium,warm,200,18.72,18.72,0.0,0.29,18.43,False,,0.0,0.02,,0.26,0.29,2
333,333,mobilenet,small,warm,200,35.21,35.2,0.0,23.28,11.92,False,,,,,,,2
334,334,mobilenet,small,warm,200,31.24,31.24,0.0,20.65,10.59,False,,,,,,,1
335,335,fastfouriertransform,small,warm,200,28.92,28.91,0.0,4.6,24.32,False,,0.0,3.83,0.0,0.76,4.6,1
336,336,fetchdata,large,warm,200,101.28,101.27,0.0,87.03,14.25,False,86.99,0.0,0.02,0.0,,87.02,1
337,337,linpack,small,warm,200,20.79,20.78,0.0,5.04,15.75,False,,0.0,0.34,3.96,0.73,5.04,1
338,338,fetchdata,medium,warm,200,97.22,97.22,0.0,83.15,14.07,False,83.12,0.0,0.02,0.0,,83.15,1
339,339,genmatrix,large,warm,200,74.41,53.89,20.52,1.23,52.66,False,,0.0,0.03,,1.2,1.23,2
340,340,mobilenet,large,warm,200,40.94,40.93,0.01,26.16,14.77,False,,,,,,,1
341,341,genmatrix,medium,warm,200,17.97,17.96,0.0,0.29,17.67,False,,0.0,0.02,,0.26,0.29,1
342,342,fetchdata,medium,warm,200,93.35,93.35,0.0,82.85,10.5,False,82.82,0.0,0.02,0.0,,82.85,1
343,343,mobilenet,small,warm,200,37.44,37.44,0.01,23.61,13.83,False,,,,,,,1
344,344,genmatrix,large,warm,200,80.15,53.09,27.06,1.19,51.9,False,,0.0,0.02,,1.16,1.19,1
345,345,fastfouriertransform,small,warm,200,25.95,25.95,0.0,4.59,21.36,False,,0.0,3.83,0.0,0.76,4.59,1
346,346,linpack,medium,warm,200,715.64,715.63,0.0,698.95,16.69,False,,0.0,0.55,6.31,692.08,698.95,1
347,347,mobilenet,small,warm,200,33.86,33.85,0.01,23.07,10.78,False,,,,,,,2
348,348,linpack,large,warm,200,526.34,526.34,0.0,5.01,521.33,False,,0.0,0.33,3.96,0.72,5.01,2
349,349,resnet,medium,warm,200,150.66,150.66,0.0,138.8,11.86,False,,,,,,,3
350,350,fastfouriertransform,large,warm,200,30.62,30.61,0.0,4.66,25.95,False,,0.0,3.88,0.0,0.77,4.66,4
351,351,mobilenet,small,warm,200,33.91,33.91,0.0,23.09,10.82,False,,,,,,,3
352,352,fetchdata,small,warm,200,95.32,95.31,0.0,82.33,12.98,False,82.3,0.0,0.02,0.0,,82.33,3
353,353,linpack,medium,warm,200,673.15,673.15,0.01,646.14,27.01,False,,0.0,0.33,3.97,641.83,646.14,3
354,354,genmatrix,large,warm,200,103.5,53.36,50.14,1.21,52.15,False,,0.0,0.03,,1.18,1.21,2
355,355,resnet,large,warm,200,145.7,145.7,0.01,134.71,10.99,False,,,,,,,3
356,356,matrixmul,medium,warm,200,564.32,564.32,0.01,510.03,54.29,False,,0.0,0.34,3.97,505.7,510.02,3
357,357,resnet,large,warm,200,154.18,154.18,0.0,140.93,13.25,False,,,,,,,3
358,358,resnet,medium,warm,200,174.8,174.8,0.01,121.16,53.64,False,,,,,,,4
359,359,linpack,large,warm,200,80.34,80.34,0.0,5.02,75.32,False,,0.0,0.33,3.95,0.73,5.02,4
360,360,fetchdata,small,warm,200,95.84,95.84,0.0,82.98,12.86,False,82.95,0.0,0.02,0.0,,82.98,2
361,361,genmatrix,medium,warm,200,19.14,19.14,0.01,0.3,18.84,False,,0.0,0.03,,0.27,0.3,2
362,362,fetchdata,medium,warm,200,95.51,95.5,0.0,81.75,13.75,False,81.72,0.0,0.02,0.0,,81.75,1
363,363,linpack,small,warm,200,21.51,21.5,0.0,5.02,16.48,False,,0.0,0.33,3.95,0.74,5.02,1
364,364,linpack,large,warm,200,22.02,22.01,0.0,5.03,16.98,False,,0.0,0.34,3.95,0.74,5.03,1
365,365,matrixmul,large,warm,200,26.49,26.49,0.01,5.06,21.42,False,,0.0,0.34,4.04,0.68,5.06,1
366,366,fetchdata,large,warm,200,95.15,95.15,0.0,81.28,13.87,False,81.24,0.0,0.02,0.0,,81.27,1
367,367,mobilenet,medium,warm,200,35.65,35.64,0.01,23.12,12.53,False,,,,,,,1
368,368,fetchdata,small,warm,200,91.39,91.38,0.01,80.94,10.44,False,80.91,0.0,0.02,0.0,,80.94,1
369,369,genmatrix,medium,warm,200,19.1,19.09,0.0,0.29,18.8,False,,0.0,0.02,,0.26,0.29,1
370,370,mobilenet,medium,warm,200,36.49,36.49,0.01,23.06,13.42,False,,,,,,,1
371,371,matrixmul,medium,warm,200,598.05,598.04,0.01,576.63,21.41,False,,0.0,0.52,6.35,569.75,576.63,1
372,372,resnet,small,warm,200,132.93,132.92,0.0,120.01,12.91,False,,,,,,,2
373,373,mobilenet,small,warm,200,34.77,34.76,0.0,22.62,12.14,False,,,,,,,3
374,374,mobilenet,medium,warm,200,30.33,30.32,0.01,20.17,10.15,False,,,,,,,2
375,375,genmatrix,small,warm,200,12.59,12.59,0.0,0.14,12.45,False,,0.0,0.03,,0.11,0.14,2
376,376,genmatrix,small,warm,200,12.71,12.71,0.0,0.13,12.57,False,,0.0,0.02,,0.11,0.13,2
377,377,fastfouriertransform,medium,warm,200,658.61,658.6,0.01,636.98,21.62,False,,0.0,3.84,0.0,633.14,636.98,1
378,378,fetchdata,medium,warm,200,96.22,96.21,0.0,83.19,13.03,False,83.15,0.0,0.02,0.0,,83.18,2
379,379,resnet,medium,warm,200,147.89,147.88,0.0,137.59,10.29,False,,,,,,,2
380,380,fetchdata,small,warm,200,93.38,93.37,0.01,80.4,12.97,False,80.38,0.0,0.02,0.0,,80.4,3
381,381,mobilenet,medium,warm,200,36.31,36.3,0.01,22.63,13.67,False,,,,,,,2
382,382,fetchdata,large,warm,200,92.13,92.12,0.0,82.48,9.65,False,82.45,0.0,0.02,0.0,,82.47,2
383,383,genmatrix,small,warm,200,13.84,13.84,0.0,0.14,13.69,False,,0.0,0.02,,0.11,0.14,2
384,384,linpack,large,warm,200,18.71,18.71,0.0,5.06,13.65,False,,0.0,0.34,3.98,0.73,5.06,1
385,385,fetchdata,medium,warm,200,96.66,96.65,0.0,82.82,13.83,False,82.79,0.0,0.02,0.0,,82.82,1
386,386,fastfouriertransform,medium,warm,200,621.04,621.03,0.01,599.67,21.36,False,,0.0,3.84,0.0,595.82,599.66,1
387,387,matrixmul,medium,warm,200,535.04,535.04,0.01,510.86,24.18,False,,0.0,0.34,4.0,506.51,510.85,2
388,388,linpack,medium,warm,200,664.37,664.36,0.01,647.17,17.19,False,,0.0,0.35,3.99,642.82,647.17,3
389,389,resnet,large,warm,200,132.29,132.28,0.01,119.67,12.61,False,,,,,,,4
390,390,genmatrix,large,warm,200,73.77,51.93,21.85,1.23,50.7,False,,0.0,0.03,,1.2,1.23,5
391,391,linpack,large,warm,200,369.1,369.09,0.01,4.98,364.11,False,,0.0,0.33,3.94,0.72,4.98,4
392,392,mobilenet,medium,warm,200,38.43,38.42,0.01,22.68,15.73,False,,,,,,,5
393,393,mobilenet,medium,warm,200,34.52,34.51,0.01,20.21,14.3,False,,,,,,,3
394,394,fetchdata,medium,warm,200,97.42,97.42,0.01,82.38,15.04,False,82.34,0.0,0.02,0.0,,82.37,3
395,395,fastfouriertransform,medium,warm,200,623.94,623.94,0.01,598.88,25.06,False,,0.0,3.85,0.0,595.02,598.87,1
396,396,matrixmul,large,warm,200,27.93,27.92,0.01,4.91,23.01,False,,0.0,0.34,3.99,0.57,4.91,2
397,397,genmatrix,medium,warm,200,22.11,22.1,0.01,0.29,21.81,False,,0.0,0.03,,0.26,0.29,2
398,398,genmatrix,small,warm,200,15.7,15.69,0.01,0.13,15.56,False,,0.0,0.02,,0.11,0.13,2
399,399,linpack,medium,warm,200,708.49,708.48,0.01,686.41,22.08,False,,0.0,0.51,6.32,679.56,686.41,2
400,400,mobilenet,large,warm,200,39.12,39.12,0.01,25.59,13.52,False,,,,,,,3
401,401,resnet,small,warm,200,154.93,154.92,0.01,140.54,14.38,False,,,,,,,3
402,402,fetchdata,large,warm,200,94.64,94.64,0.01,81.93,12.71,False,81.9,0.0,0.02,0.0,,81.93,3
403,403,resnet,large,warm,200,136.37,136.36,0.01,119.07,17.29,False,,,,,,,2
404,404,fastfouriertransform,small,warm,200,31.52,31.51,0.01,4.58,26.93,False,,0.0,3.83,0.0,0.74,4.58,3
405,405,genmatrix,medium,warm,200,24.34,24.33,0.01,0.3,24.04,False,,0.0,0.02,,0.27,0.3,2
406,406,mobilenet,medium,warm,200,39.76,39.75,0.01,23.06,16.69,False,,,,,,,2
407,407,mobilenet,small,warm,200,37.37,37.36,0.01,20.25,17.12,False,,,,,,,1
408,408,matrixmul,medium,warm,200,535.82,535.82,0.01,511.57,24.25,False,,0.0,0.35,3.98,507.24,511.57,1
409,409,matrixmul,small,warm,200,449.46,449.45,0.01,4.9,444.55,False,,0.0,0.35,3.98,0.57,4.9,2
410,410,fetchdata,medium,warm,200,99.36,99.36,0.01,81.67,17.68,False,81.64,0.0,0.02,0.0,,81.67,3
411,411,matrixmul,medium,warm,200,755.41,755.4,0.01,508.85,246.55,False,,0.0,0.37,3.97,504.5,508.85,3
412,412,matrixmul,medium,warm,200,1189.77,1189.77,0.01,529.07,660.7,False,,0.0,0.36,3.98,524.72,529.07,4
413,413,matrixmul,small,cold,200,1102.76,1102.75,0.01,4.95,1097.8,False,,0.0,0.39,3.98,0.57,4.95,5
414,414,fetchdata,small,warm,200,309.27,309.26,0.01,81.44,227.82,False,81.41,0.0,0.02,0.0,,81.44,4
415,415,genmatrix,large,warm,200,131.52,56.74,74.78,1.21,55.52,False,,0.0,0.02,,1.19,1.21,5
416,416,fastfouriertransform,medium,warm,200,627.77,627.76,0.01,600.89,26.88,False,,0.0,3.83,0.0,597.05,600.88,6
417,417,mobilenet,large,warm,200,42.42,42.41,0.01,24.57,17.84,False,,,,,,,6
418,418,fastfouriertransform,large,warm,200,432.8,432.79,0.01,4.61,428.19,False,,0.0,3.81,0.0,0.79,4.61,5
419,419,fastfouriertransform,small,warm,200,346.89,346.88,0.01,4.56,342.32,False,,0.0,3.82,0.0,0.74,4.56,5
420,420,mobilenet,small,warm,200,40.89,40.88,0.01,24.62,16.26,False,,,,,,,6
421,421,linpack,small,warm,200,23.52,23.52,0.01,5.08,18.44,False,,0.0,0.35,3.99,0.74,5.08,6
422,422,resnet,small,warm,200,141.53,141.52,0.01,126.64,14.88,False,,,,,,,6
423,423,mobilenet,small,warm,200,42.01,42.01,0.01,24.27,17.74,False,,,,,,,4
424,424,fetchdata,large,warm,200,95.24,95.23,0.01,82.39,12.84,False,82.36,0.0,0.02,0.0,,82.39,2
425,425,fastfouriertransform,large,warm,200,33.83,33.83,0.01,4.58,29.25,False,,0.0,3.83,0.0,0.75,4.58,1
426,426,mobilenet,medium,warm,200,35.82,35.82,0.01,23.04,12.78,False,,,,,,,1
427,427,genmatrix,medium,warm,200,21.79,21.77,0.01,0.29,21.48,False,,0.0,0.02,,0.26,0.29,1
428,428,linpack,medium,warm,200,664.64,664.64,0.01,645.72,18.92,False,,0.0,0.34,3.96,641.42,645.72,1
429,429,mobilenet,large,warm,200,41.53,41.52,0.01,23.32,18.2,False,,,,,,,2
430,430,resnet,large,warm,200,136.45,136.45,0.01,120.97,15.48,False,,,,,,,2
431,431,genmatrix,small,warm,200,15.1,15.09,0.01,0.14,14.95,False,,0.0,0.02,,0.11,0.14,3
432,432,linpack,small,warm,200,272.38,272.37,0.01,5.04,267.33,False,,0.0,0.33,4.0,0.72,5.04,2
433,433,matrixmul,small,warm,200,24.71,24.7,0.01,4.89,19.82,False,,0.0,0.35,3.97,0.57,4.88,3
434,434,resnet,small,warm,200,146.44,146.43,0.01,131.36,15.07,False,,,,,,,3
435,435,matrixmul,large,warm,200,60.77,60.77,0.01,4.93,55.83,False,,0.0,0.37,4.0,0.56,4.93,2
436,436,genmatrix,medium,warm,200,24.26,24.26,0.01,0.3,23.96,False,,0.0,0.02,,0.27,0.3,1
437,437,fetchdata,large,warm,200,98.94,98.94,0.01,83.6,15.34,False,83.57,0.0,0.02,0.0,,83.6,1
438,438,mobilenet,small,warm,200,38.76,38.75,0.01,22.84,15.91,False,,,,,,,1
439,439,resnet,large,warm,200,135.54,135.53,0.01,119.92,15.6,False,,,,,,,1
440,440,linpack,large,warm,200,24.22,24.21,0.01,5.05,19.16,False,,0.0,0.34,3.97,0.74,5.05,2
441,441,mobilenet,small,warm,200,41.71,41.71,0.01,22.77,18.94,False,,,,,,,1
442,442,genmatrix,medium,warm,200,23.26,23.26,0.01,0.31,22.95,False,,0.0,0.02,,0.28,0.31,1
443,443,linpack,large,warm,200,25.01,25.01,0.01,5.01,20.0,False,,0.0,0.34,3.94,0.72,5.01,1
444,444,resnet,small,warm,200,134.97,134.97,0.01,119.58,15.38,False,,,,,,,1
445,445,linpack,large,warm,200,23.43,23.42,0.01,5.02,18.4,False,,0.0,0.34,3.94,0.73,5.02,2
446,446,linpack,small,warm,200,29.94,29.93,0.01,6.62,23.31,False,,0.0,0.45,5.32,0.84,6.62,1
447,447,matrixmul,large,warm,200,30.01,30.01,0.01,4.89,25.12,False,,0.0,0.35,3.97,0.56,4.89,1
448,448,fetchdata,large,warm,200,143.39,143.39,0.01,126.69,16.69,False,126.66,0.0,0.02,0.0,,126.69,1
449,449,matrixmul,small,warm,200,29.64,29.64,0.01,4.88,24.76,False,,0.0,0.34,3.98,0.55,4.88,2
450,450,resnet,large,warm,200,148.4,148.39,0.0,130.93,17.47,False,,,,,,,1
451,451,matrixmul,small,warm,200,47.15,28.51,18.64,4.87,23.64,False,,0.0,0.36,3.95,0.55,4.87,2
452,452,linpack,medium,warm,200,810.11,810.1,0.01,672.45,137.65,False,,0.0,0.57,10.57,661.31,672.45,1
453,453,linpack,medium,warm,200,1337.56,1337.56,0.0,644.58,692.98,False,,0.0,0.33,3.96,640.29,644.58,2
454,454,fastfouriertransform,medium,warm,200,664.63,664.63,0.01,638.19,26.44,False,,0.0,6.1,0.0,632.07,638.18,3
455,455,matrixmul,large,warm,200,30.57,30.56,0.01,4.89,25.67,False,,0.0,0.35,3.98,0.56,4.89,4
456,456,linpack,medium,cold,200,2332.76,2332.76,0.01,645.44,1687.32,False,,0.0,0.34,4.0,641.1,645.43,4
457,457,genmatrix,small,warm,200,15.46,15.45,0.01,0.14,15.31,False,,0.0,0.03,,0.11,0.14,5
458,458,fetchdata,small,warm,200,96.67,96.66,0.01,81.78,14.88,False,81.74,0.0,0.02,0.0,,81.77,5
459,459,genmatrix,large,warm,200,78.01,51.78,26.24,1.22,50.56,False,,0.0,0.02,,1.19,1.22,5
460,460,genmatrix,medium,warm,200,24.63,24.6,0.03,0.26,24.34,False,,0.0,0.02,,0.24,0.26,5
461,461,resnet,large,warm,200,134.52,134.51,0.01,121.28,13.23,False,,,,,,,3
462,462,linpack,medium,warm,200,1077.33,1077.32,0.01,645.42,431.91,False,,0.0,0.33,3.95,641.13,645.41,4
463,463,fetchdata,medium,warm,200,95.43,95.42,0.01,81.78,13.64,False,81.75,0.0,0.02,0.0,,81.78,4
464,464,linpack,large,cold,200,1540.0,1539.99,0.01,5.05,1534.94,False,,0.0,0.36,3.96,0.72,5.05,4
465,465,resnet,medium,warm,200,138.6,138.59,0.01,120.85,17.74,False,,,,,,,5
466,466,matrixmul,small,warm,200,28.41,28.4,0.01,4.89,23.52,False,,0.0,0.35,3.97,0.56,4.89,6
467,467,linpack,small,warm,200,589.98,589.97,0.01,5.0,584.97,False,,0.0,0.32,3.95,0.73,5.0,4
468,468,matrixmul,medium,warm,200,549.32,549.32,0.01,525.04,24.28,False,,0.0,0.35,3.97,520.71,525.04,5
469,469,mobilenet,medium,warm,200,42.71,42.71,0.01,22.89,19.82,False,,,,,,,6
470,470,resnet,large,warm,200,195.77,195.77,0.01,176.0,19.77,False,,,,,,,6
471,471,genmatrix,medium,warm,200,23.84,23.84,0.01,0.29,23.55,False,,0.0,0.02,,0.26,0.29,7
472,472,matrixmul,small,warm,200,166.6,166.59,0.01,7.33,159.25,False,,0.0,0.49,6.0,0.84,7.33,7
473,473,fetchdata,medium,warm,200,102.16,102.15,0.01,88.9,13.25,False,88.87,0.0,0.02,0.0,,88.9,5
474,474,mobilenet,medium,warm,200,39.58,39.57,0.01,22.64,16.92,False,,,,,,,3
475,475,mobilenet,medium,warm,200,37.44,37.44,0.01,21.04,16.39,False,,,,,,,3
476,476,linpack,medium,warm,200,993.83,993.83,0.01,643.62,350.21,False,,0.0,0.33,3.94,639.35,643.62,3
477,477,matrixmul,medium,warm,200,536.48,536.48,0.01,511.32,25.15,False,,0.0,0.37,3.99,506.96,511.32,4
478,478,resnet,large,warm,200,132.77,132.76,0.01,119.5,13.26,False,,,,,,,5
479,479,matrixmul,large,warm,200,339.59,339.58,0.01,4.88,334.7,False,,0.0,0.34,3.97,0.58,4.88,6
480,480,fastfouriertransform,large,warm,200,30.99,30.98,0.01,4.7,26.28,False,,0.0,3.86,0.0,0.83,4.7,4
481,481,mobilenet,small,warm,200,40.18,40.17,0.01,22.86,17.31,False,,,,,,,4
482,482,mobilenet,large,warm,200,33.22,33.21,0.01,20.56,12.65,False,,,,,,,4
483,483,fetchdata,medium,warm,200,95.1,95.09,0.01,81.36,13.74,False,81.32,0.0,0.02,0.0,,81.35,2
484,484,resnet,small,warm,200,154.99,154.99,0.01,140.0,14.99,False,,,,,,,2
485,485,genmatrix,medium,warm,200,25.26,25.25,0.01,0.29,24.96,False,,0.0,0.03,,0.26,0.29,3
486,486,genmatrix,large,warm,200,88.43,51.07,37.36,1.17,49.91,False,,0.0,0.02,,1.14,1.17,1
487,487,fetchdata,medium,warm,200,99.65,99.64,0.01,82.16,17.48,False,82.13,0.0,0.02,0.0,,82.16,1
488,488,linpack,small,warm,200,27.79,27.79,0.01,5.06,22.72,False,,0.0,0.34,3.98,0.74,5.06,1
489,489,fastfouriertransform,medium,warm,200,632.77,632.76,0.01,603.18,29.59,False,,0.0,3.84,0.0,599.33,603.17,1
490,490,mobilenet,medium,warm,200,38.21,38.2,0.01,23.87,14.33,False,,,,,,,2
491,491,genmatrix,small,warm,200,17.83,17.82,0.01,0.14,17.68,False,,0.0,0.02,,0.11,0.14,2
492,492,matrixmul,large,warm,200,30.62,30.61,0.01,4.93,25.69,False,,0.0,0.37,4.0,0.56,4.93,2
493,493,resnet,medium,warm,200,145.0,144.99,0.01,129.57,15.43,False,,,,,,,2
494,494,fetchdata,large,warm,200,92.99,92.98,0.01,81.22,11.77,False,81.19,0.0,0.02,0.0,,81.22,3
495,495,resnet,medium,warm,200,142.55,142.55,0.01,129.5,13.05,False,,,,,,,2
496,496,fetchdata,large,warm,200,97.15,97.14,0.01,82.79,14.35,False,82.76,0.0,0.02,0.0,,82.79,2
497,497,resnet,medium,warm,200,148.33,148.32,0.01,132.53,15.79,False,,,,,,,1
498,498,matrixmul,large,warm,200,29.09,29.08,0.01,4.87,24.21,False,,0.0,0.35,3.96,0.56,4.87,2
499,499,fetchdata,medium,warm,200,94.75,94.74,0.01,82.23,12.51,False,82.2,0.0,0.02,0.0,,82.23,1
500,500,matrixmul,medium,warm,200,627.58,627.58,0.01,510.58,117.0,False,,0.0,0.35,3.98,506.25,510.57,1
501,501,mobilenet,small,warm,200,44.68,44.67,0.01,23.15,21.53,False,,,,,,,2
502,502,genmatrix,small,warm,200,18.26,18.26,0.01,0.14,18.11,False,,0.0,0.03,,0.11,0.14,2
503,503,matrixmul,small,warm,200,344.57,344.57,0.0,4.9,339.67,False,,0.0,0.34,3.99,0.57,4.9,2
504,504,genmatrix,large,warm,200,78.9,56.01,22.89,1.2,54.81,False,,0.0,0.02,,1.17,1.2,3
505,505,linpack,large,warm,200,114.74,114.74,0.01,5.04,109.7,False,,0.0,0.35,3.95,0.73,5.03,3
506,506,mobilenet,small,warm,200,42.77,42.77,0.01,23.1,19.67,False,,,,,,,4
507,507,mobilenet,large,warm,200,31.82,31.81,0.01,20.34,11.47,False,,,,,,,1
508,508,fetchdata,medium,warm,200,95.38,95.38,0.01,81.92,13.46,False,81.89,0.0,0.02,0.0,,81.92,1
509,509,genmatrix,large,warm,200,109.53,54.11,55.42,1.18,52.93,False,,0.0,0.02,,1.15,1.18,1
510,510,linpack,large,warm,200,37.99,37.99,0.01,5.01,32.98,False,,0.0,0.34,3.94,0.73,5.01,2
511,511,resnet,medium,warm,200,181.15,181.14,0.01,164.63,16.51,False,,,,,,,1
512,512,fastfouriertransform,small,warm,200,35.88,35.87,0.01,7.37,28.51,False,,0.0,6.15,0.0,1.21,7.37,2
513,513,matrixmul,small,warm,200,30.04,30.04,0.01,4.91,25.13,False,,0.0,0.37,3.97,0.56,4.91,1
514,514,matrixmul,small,warm,200,28.37,28.37,0.01,4.88,23.48,False,,0.0,0.35,3.97,0.56,4.88,1
515,515,matrixmul,small,warm,200,29.31,29.3,0.01,4.89,24.41,False,,0.0,0.36,3.96,0.56,4.89,1
516,516,genmatrix,large,warm,200,121.75,55.5,66.25,1.19,54.31,False,,0.0,0.02,,1.16,1.19,1
517,517,mobilenet,medium,warm,200,51.63,51.62,0.01,22.83,28.79,False,,,,,,,2
518,518,fastfouriertransform,small,warm,200,33.07,33.06,0.01,7.44,25.62,False,,0.0,6.21,0.0,1.21,7.44,1
519,519,resnet,medium,warm,200,146.84,146.83,0.01,128.59,18.24,False,,,,,,,1
520,520,genmatrix,small,warm,200,16.74,16.73,0.01,0.14,16.59,False,,0.0,0.02,,0.11,0.14,2
521,521,genmatrix,medium,warm,200,23.13,23.12,0.01,0.29,22.83,False,,0.0,0.03,,0.26,0.29,1
522,522,fastfouriertransform,small,warm,200,30.6,30.59,0.01,7.37,23.22,False,,0.0,6.16,0.0,1.2,7.37,1
523,523,resnet,medium,warm,200,134.0,133.99,0.01,118.92,15.07,False,,,,,,,1
524,524,fetchdata,medium,warm,200,94.24,94.23,0.01,82.03,12.2,False,82.0,0.0,0.02,0.0,,82.03,2
525,525,fetchdata,medium,warm,200,93.56,93.55,0.01,80.95,12.61,False,80.92,0.0,0.02,0.0,,80.95,1
526,526,mobilenet,small,warm,200,37.98,37.97,0.01,22.48,15.5,False,,,,,,,1
527,527,matrixmul,medium,warm,200,572.38,572.38,0.01,548.27,24.1,False,,0.0,0.52,6.34,541.4,548.27,1
528,528,fastfouriertransform,small,warm,200,30.33,30.32,0.01,7.27,23.06,False,,0.0,6.12,0.0,1.14,7.26,2
529,529,fetchdata,medium,warm,200,101.7,101.7,0.01,82.25,19.44,False,82.22,0.0,0.02,0.0,,82.25,2
530,530,fastfouriertransform,large,warm,200,30.82,30.82,0.01,7.28,23.54,False,,0.0,6.12,0.0,1.15,7.28,2
531,531,genmatrix,large,warm,200,129.22,56.42,72.8,1.19,55.23,False,,0.0,0.03,,1.16,1.19,2
532,532,fastfouriertransform,small,warm,200,47.43,47.42,0.01,7.3,40.13,False,,0.0,6.13,0.0,1.15,7.29,3
533,533,mobilenet,large,warm,200,38.71,38.71,0.01,23.01,15.7,False,,,,,,,1
534,534,matrixmul,small,warm,200,30.46,30.46,0.01,4.91,25.55,False,,0.0,0.35,3.99,0.57,4.91,1
535,535,mobilenet,small,warm,200,40.43,40.42,0.01,23.03,17.39,False,,,,,,,1
536,536,resnet,medium,warm,200,141.58,141.57,0.01,121.45,20.12,False,,,,,,,1
537,537,resnet,large,warm,200,150.8,150.8,0.01,119.76,31.04,False,,,,,,,2
538,538,linpack,large,warm,200,54.76,54.75,0.01,5.05,49.7,False,,0.0,0.35,3.97,0.74,5.05,2
539,539,mobilenet,large,warm,200,35.21,35.21,0.01,22.97,12.24,False,,,,,,,1
540,540,fetchdata,medium,warm,200,98.77,98.76,0.01,81.81,16.95,False,81.78,0.0,0.02,0.0,,81.81,1
541,541,fetchdata,medium,warm,200,95.69,95.68,0.01,79.89,15.8,False,79.86,0.0,0.02,0.0,,79.89,1
542,542,linpack,large,warm,200,115.24,115.23,0.01,5.03,110.2,False,,0.0,0.33,3.97,0.73,5.03,1
543,543,fetchdata,medium,warm,200,99.83,99.82,0.01,82.55,17.27,False,82.52,0.0,0.02,0.0,,82.55,2
544,544,resnet,large,warm,200,142.02,142.02,0.01,126.16,15.86,False,,,,,,,2
545,545,fastfouriertransform,large,warm,200,40.49,40.49,0.01,7.25,33.23,False,,0.0,6.1,0.0,1.15,7.25,2
546,546,genmatrix,small,warm,200,17.55,17.54,0.01,0.14,17.4,False,,0.0,0.02,,0.11,0.14,1
547,547,linpack,small,warm,200,24.16,24.15,0.01,5.03,19.12,False,,0.0,0.34,3.96,0.73,5.03,1
548,548,genmatrix,small,warm,200,15.72,15.71,0.01,0.14,15.57,False,,0.0,0.02,,0.11,0.14,1
549,549,matrixmul,large,warm,200,26.94,26.93,0.01,4.89,22.04,False,,0.0,0.35,3.97,0.56,4.89,1
550,550,fastfouriertransform,small,warm,200,32.66,32.65,0.01,7.29,25.36,False,,0.0,6.13,0.0,1.16,7.29,1
551,551,mobilenet,small,warm,200,35.14,35.13,0.01,22.83,12.3,False,,,,,,,1
552,552,resnet,small,warm,200,160.42,160.42,0.01,143.02,17.4,False,,,,,,,1
553,553,mobilenet,small,warm,200,36.11,36.1,0.01,22.97,13.13,False,,,,,,,2
554,554,fetchdata,medium,warm,200,95.58,95.57,0.01,82.56,13.02,False,82.52,0.0,0.02,0.0,,82.55,1
555,555,genmatrix,large,warm,200,100.36,50.92,49.44,1.21,49.71,False,,0.0,0.02,,1.18,1.21,1
556,556,fetchdata,medium,warm,200,96.65,96.64,0.01,81.92,14.72,False,81.9,0.0,0.02,0.0,,81.92,2
557,557,fastfouriertransform,small,warm,200,34.56,34.56,0.01,7.29,27.27,False,,0.0,6.13,0.0,1.15,7.29,1
558,558,matrixmul,large,warm,200,25.3,25.29,0.01,4.9,20.39,False,,0.0,0.35,3.98,0.56,4.9,1
559,559,matrixmul,large,warm,200,27.8,27.8,0.01,4.88,22.92,False,,0.0,0.35,3.97,0.56,4.88,1
560,560,linpack,medium,warm,200,701.62,701.61,0.01,682.06,19.55,False,,0.0,0.52,6.37,675.17,682.06,1
561,561,fastfouriertransform,large,warm,200,32.53,32.52,0.01,7.3,25.23,False,,0.0,6.14,0.0,1.15,7.3,2
562,562,mobilenet,medium,warm,200,38.08,38.08,0.01,22.95,15.13,False,,,,,,,2
563,563,linpack,large,warm,200,401.98,401.97,0.01,5.06,396.92,False,,0.0,0.33,3.97,0.75,5.06,2
564,564,resnet,large,warm,200,165.33,165.33,0.01,152.59,12.74,False,,,,,,,3
565,565,linpack,small,warm,200,218.42,218.41,0.01,5.08,213.33,False,,0.0,0.33,4.01,0.73,5.08,4
566,566,fetchdata,small,warm,200,96.44,96.44,0.01,82.04,14.39,False,82.01,0.0,0.02,0.0,,82.04,4
567,567,resnet,small,warm,200,185.42,185.42,0.01,172.43,12.99,False,,,,,,,3
568,568,genmatrix,small,warm,200,16.03,16.02,0.01,0.14,15.88,False,,0.0,0.03,,0.12,0.14,2
569,569,matrixmul,small,warm,200,27.91,27.9,0.01,4.93,22.97,False,,0.0,0.35,4.02,0.56,4.93,1
570,570,fastfouriertransform,small,warm,200,34.81,34.81,0.01,7.33,27.48,False,,0.0,6.14,0.0,1.18,7.33,1
571,571,mobilenet,medium,warm,200,49.54,49.53,0.01,35.59,13.94,False,,,,,,,1
572,572,resnet,large,warm,200,138.32,138.31,0.01,120.98,17.33,False,,,,,,,1
573,573,linpack,large,warm,200,22.12,22.11,0.01,5.08,17.03,False,,0.0,0.35,3.98,0.75,5.08,2
574,574,matrixmul,medium,warm,200,563.37,563.37,0.01,542.11,21.26,False,,0.0,0.35,3.97,537.78,542.1,1
575,575,fastfouriertransform,medium,warm,200,671.01,671.01,0.01,642.59,28.42,False,,0.0,6.13,0.0,636.45,642.59,2
576,576,genmatrix,medium,warm,200,20.6,20.6,0.01,0.3,20.3,False,,0.0,0.02,,0.27,0.29,3
577,577,genmatrix,medium,warm,200,19.58,19.57,0.01,0.27,19.3,False,,0.0,0.02,,0.25,0.27,3
578,578,matrixmul,large,warm,200,185.05,185.04,0.01,4.89,180.16,False,,0.0,0.33,3.98,0.57,4.89,3
579,579,resnet,medium,warm,200,227.54,227.53,0.01,215.5,12.03,False,,,,,,,4
580,580,fetchdata,small,warm,200,96.99,96.98,0.01,81.94,15.04,False,81.91,0.0,0.02,0.0,,81.94,3
581,581,resnet,small,warm,200,166.93,166.92,0.01,135.63,31.29,False,,,,,,,4
582,582,fetchdata,large,warm,200,101.23,101.23,0.01,83.38,17.85,False,83.35,0.0,0.02,0.0,,83.37,2
583,583,matrixmul,large,warm,200,125.83,125.82,0.01,4.94,120.88,False,,0.0,0.36,4.01,0.57,4.94,2
584,584,matrixmul,small,warm,200,36.91,36.9,0.01,4.93,31.97,False,,0.0,0.39,3.97,0.57,4.93,2
585,585,fastfouriertransform,small,warm,200,29.91,29.9,0.01,4.76,25.14,False,,0.0,3.9,0.0,0.85,4.75,1
586,586,genmatrix,large,warm,200,127.99,52.07,75.92,1.22,50.85,False,,0.0,0.03,,1.19,1.22,1
587,587,resnet,small,warm,200,139.02,139.01,0.01,122.31,16.7,False,,,,,,,2
588,588,linpack,large,warm,200,37.94,37.93,0.01,5.07,32.86,False,,0.0,0.35,3.97,0.74,5.07,2
589,589,linpack,medium,warm,200,662.62,662.62,0.01,645.57,17.05,False,,0.0,0.34,3.94,641.28,645.57,1
590,590,resnet,small,warm,200,135.45,135.45,0.01,119.57,15.88,False,,,,,,,2
591,591,linpack,small,warm,200,470.21,470.21,0.01,5.01,465.2,False,,0.0,0.33,3.94,0.73,5.01,3
592,592,fetchdata,large,warm,200,93.37,93.36,0.01,81.97,11.39,False,81.94,0.0,0.02,0.0,,81.97,3
593,593,genmatrix,medium,warm,200,22.85,22.85,0.01,0.31,22.54,False,,0.0,0.02,,0.28,0.31,3
594,594,matrixmul,small,warm,200,25.76,25.75,0.01,4.91,20.84,False,,0.0,0.35,4.0,0.56,4.91,3
595,595,resnet,medium,warm,200,150.78,150.77,0.01,133.69,17.08,False,,,,,,,3
596,596,genmatrix,medium,warm,200,22.05,22.05,0.01,0.29,21.76,False,,0.0,0.03,,0.26,0.29,2
597,597,fastfouriertransform,medium,warm,200,625.36,625.35,0.01,600.03,25.32,False,,0.0,3.85,0.0,596.18,600.03,1
598,598,matrixmul,medium,warm,200,542.52,536.26,6.26,511.73,24.53,False,,0.0,0.35,3.97,507.4,511.73,2
599,599,matrixmul,medium,warm,200,953.32,953.32,0.01,510.93,442.39,False,,0.0,0.34,3.96,506.62,510.93,3
600,600,genmatrix,small,warm,200,13.2,13.19,0.01,0.14,13.05,False,,0.0,0.03,,0.11,0.14,4
601,601,linpack,small,warm,200,21.33,21.32,0.01,5.11,16.21,False,,0.0,0.36,3.99,0.76,5.11,4
602,602,matrixmul,medium,warm,200,1178.94,1178.93,0.01,510.8,668.13,False,,0.0,0.36,4.0,506.44,510.8,4
603,603,genmatrix,medium,warm,200,18.87,18.86,0.01,0.3,18.57,False,,0.0,0.03,,0.27,0.29,5
604,604,matrixmul,large,warm,200,460.98,460.97,0.01,4.9,456.07,False,,0.0,0.34,3.97,0.58,4.9,3
605,605,fetchdata,large,warm,200,94.71,94.71,0.01,80.8,13.91,False,80.77,0.0,0.02,0.0,,80.8,4
606,606,fastfouriertransform,medium,warm,200,627.83,627.82,0.01,603.08,24.75,False,,0.0,3.85,0.0,599.22,603.07,4
607,607,fastfouriertransform,medium,warm,200,1129.33,1129.32,0.01,598.28,531.05,False,,0.0,3.8,0.0,594.47,598.27,5
608,608,matrixmul,medium,warm,200,1095.76,1095.75,0.01,509.86,585.89,False,,0.0,0.36,3.97,505.52,509.86,6
609,609,fastfouriertransform,medium,warm,200,1524.37,1524.36,0.01,599.68,924.69,False,,0.0,3.86,0.0,595.8,599.67,5
610,610,linpack,large,warm,200,24.64,24.63,0.01,5.03,19.6,False,,0.0,0.34,3.95,0.73,5.03,6
611,611,linpack,small,warm,200,116.66,116.65,0.01,7.71,108.94,False,,0.0,0.46,6.11,1.13,7.71,6
612,612,genmatrix,large,warm,200,113.87,54.09,59.78,1.21,52.88,False,,0.0,0.02,,1.18,1.21,7
613,613,fetchdata,medium,warm,200,93.43,93.42,0.01,81.0,12.42,False,80.97,0.0,0.02,0.0,,81.0,6
614,614,fastfouriertransform,small,cold,200,1041.05,1041.04,0.01,4.59,1036.45,False,,0.0,3.81,0.0,0.77,4.59,4
615,615,resnet,medium,warm,200,159.09,159.09,0.01,141.8,17.29,False,,,,,,,5
616,616,resnet,medium,warm,200,180.17,180.17,0.01,121.0,59.16,False,,,,,,,6
617,617,genmatrix,medium,warm,200,18.27,18.26,0.01,0.29,17.97,False,,0.0,0.02,,0.26,0.29,6
618,618,linpack,small,warm,200,27.08,27.07,0.01,7.96,19.11,False,,0.0,0.51,6.32,1.13,7.96,5
619,619,mobilenet,medium,warm,200,37.44,37.43,0.01,18.84,18.59,False,,,,,,,3
620,620,resnet,small,warm,200,136.17,136.16,0.01,122.01,14.16,False,,,,,,,3
621,621,matrixmul,medium,warm,200,535.0,534.99,0.01,510.4,24.59,False,,0.0,0.35,3.99,506.05,510.4,4
622,622,genmatrix,medium,warm,200,20.97,20.96,0.01,0.29,20.68,False,,0.0,0.02,,0.26,0.29,4
623,623,fastfouriertransform,small,warm,200,144.32,144.31,0.01,4.58,139.73,False,,0.0,3.81,0.0,0.77,4.58,4
624,624,genmatrix,large,warm,200,109.89,54.88,55.01,1.21,53.67,False,,0.0,0.02,,1.18,1.21,5
625,625,linpack,small,warm,200,31.66,31.65,0.01,7.96,23.69,False,,0.0,0.51,6.31,1.14,7.96,3
626,626,genmatrix,small,warm,200,14.11,14.1,0.01,0.13,13.98,False,,0.0,0.02,,0.1,0.13,2
627,627,matrixmul,large,warm,200,25.38,25.38,0.01,4.91,20.47,False,,0.0,0.35,3.98,0.57,4.91,1
628,628,fastfouriertransform,large,warm,200,29.79,29.78,0.01,4.7,25.08,False,,0.0,3.87,0.0,0.82,4.7,1
629,629,fetchdata,small,warm,200,95.36,95.35,0.01,81.44,13.91,False,81.41,0.0,0.02,0.0,,81.43,1
630,630,mobilenet,small,warm,200,38.65,38.65,0.01,23.68,14.96,False,,,,,,,1
631,631,fetchdata,small,warm,200,95.7,95.69,0.01,81.12,14.57,False,81.09,0.0,0.02,0.0,,81.12,1
632,632,genmatrix,small,warm,200,16.97,16.96,0.01,0.14,16.82,False,,0.0,0.02,,0.11,0.14,1
633,633,fetchdata,large,warm,200,95.21,95.2,0.01,80.6,14.6,False,80.57,0.0,0.02,0.0,,80.6,1
634,634,matrixmul,large,warm,200,29.33,29.32,0.01,4.88,24.43,False,,0.0,0.35,3.97,0.56,4.88,1
635,635,genmatrix,medium,warm,200,19.36,19.36,0.01,0.29,19.06,False,,0.0,0.02,,0.27,0.29,1
636,636,fetchdata,medium,warm,200,97.55,97.54,0.01,86.04,11.5,False,86.01,0.0,0.02,0.0,,86.04,1
637,637,fetchdata,small,warm,200,137.07,137.06,0.01,126.0,11.07,False,125.97,0.0,0.02,0.0,,126.0,1
638,638,fetchdata,large,warm,200,124.16,124.16,0.01,80.32,43.83,False,80.29,0.0,0.02,0.0,,80.32,2
639,639,mobilenet,medium,warm,200,39.26,39.25,0.01,23.31,15.94,False,,,,,,,2
640,640,mobilenet,large,warm,200,35.81,35.8,0.01,22.73,13.07,False,,,,,,,1
641,641,resnet,large,warm,200,147.93,147.93,0.01,132.5,15.43,False,,,,,,,1
642,642,mobilenet,small,warm,200,35.66,35.65,0.01,23.11,12.54,False,,,,,,,2
643,643,matrixmul,medium,warm,200,532.17,532.17,0.01,510.66,21.51,False,,0.0,0.35,3.98,506.32,510.66,1
644,644,matrixmul,large,warm,200,449.38,449.38,0.01,4.89,444.48,False,,0.0,0.33,3.98,0.57,4.89,2
645,645,matrixmul,small,warm,200,360.78,360.77,0.01,4.95,355.82,False,,0.0,0.37,4.01,0.57,4.95,3
646,646,matrixmul,large,warm,200,273.55,273.54,0.01,4.91,268.63,False,,0.0,0.35,3.99,0.57,4.91,4
647,647,matrixmul,large,warm,200,179.02,179.01,0.01,4.91,174.1,False,,0.0,0.36,3.97,0.57,4.91,5
648,648,resnet,large,warm,200,134.46,134.46,0.01,123.0,11.45,False,,,,,,,6
649,649,fetchdata,small,warm,200,92.3,92.29,0.01,81.4,10.89,False,81.37,0.0,0.02,0.0,,81.4,2
650,650,fetchdata,large,warm,200,91.87,91.86,0.01,80.7,11.16,False,80.67,0.0,0.02,0.0,,80.7,1
651,651,fetchdata,medium,warm,200,95.36,95.36,0.01,79.59,15.77,False,79.56,0.0,0.02,0.0,,79.59,1
652,652,matrixmul,large,warm,200,45.88,45.87,0.01,4.9,40.97,False,,0.0,0.35,3.99,0.56,4.9,1
653,653,linpack,large,warm,200,26.01,26.0,0.01,8.03,17.97,False,,0.0,0.57,6.31,1.14,8.02,1
654,654,fetchdata,medium,warm,200,94.47,94.46,0.01,82.01,12.46,False,81.98,0.0,0.02,0.0,,82.01,1
655,655,matrixmul,small,warm,200,28.21,28.2,0.01,4.89,23.31,False,,0.0,0.35,3.98,0.56,4.89,1
656,656,genmatrix,small,warm,200,16.21,16.2,0.01,0.15,16.06,False,,0.0,0.03,,0.12,0.15,1
657,657,resnet,medium,warm,200,133.83,133.83,0.01,120.09,13.74,False,,,,,,,1
658,658,mobilenet,medium,warm,200,35.37,35.37,0.01,23.36,12.01,False,,,,,,,2
659,659,fastfouriertransform,medium,warm,200,625.78,625.77,0.01,601.41,24.37,False,,0.0,3.83,0.0,597.57,601.41,1
660,660,genmatrix,medium,warm,200,17.86,17.85,0.01,0.29,17.56,False,,0.0,0.02,,0.27,0.29,2
661,661,genmatrix,medium,warm,200,20.41,20.41,0.01,0.27,20.13,False,,0.0,0.02,,0.25,0.27,2
662,662,fetchdata,large,warm,200,93.92,93.92,0.01,80.82,13.1,False,80.79,0.0,0.02,0.0,,80.82,2
663,663,linpack,large,warm,200,25.03,25.02,0.01,7.95,17.07,False,,0.0,0.52,6.3,1.13,7.95,2
664,664,mobilenet,medium,warm,200,43.12,43.11,0.01,28.73,14.38,False,,,,,,,2
665,665,fastfouriertransform,small,warm,200,33.92,33.91,0.01,4.56,29.35,False,,0.0,3.8,0.0,0.76,4.56,2
666,666,resnet,large,warm,200,166.0,166.0,0.01,154.94,11.06,False,,,,,,,1
667,667,matrixmul,small,warm,200,26.0,26.0,0.01,4.91,21.09,False,,0.0,0.35,4.0,0.56,4.91,2
668,668,linpack,medium,warm,200,683.48,683.47,0.01,668.83,14.65,False,,0.0,0.53,6.3,661.99,668.82,1
669,669,fastfouriertransform,large,warm,200,26.22,26.21,0.01,4.68,21.54,False,,0.0,3.84,0.0,0.83,4.68,2
670,670,fetchdata,small,warm,200,96.73,96.73,0.01,83.46,13.27,False,83.43,0.0,0.02,0.0,,83.46,2
671,671,genmatrix,small,warm,200,17.55,17.54,0.01,0.14,17.4,False,,0.0,0.02,,0.11,0.14,2
672,672,fetchdata,large,warm,200,97.11,97.11,0.01,83.02,14.09,False,82.98,0.0,0.02,0.0,,83.01,2
673,673,mobilenet,small,warm,200,37.32,37.31,0.01,22.45,14.86,False,,,,,,,2
674,674,fetchdata,medium,warm,200,97.85,97.84,0.01,82.0,15.84,False,81.97,0.0,0.02,0.0,,82.0,2
675,675,matrixmul,large,warm,200,25.36,25.35,0.01,4.89,20.46,False,,0.0,0.35,3.98,0.56,4.89,1
676,676,genmatrix,medium,warm,200,16.95,16.94,0.01,0.29,16.65,False,,0.0,0.02,,0.26,0.29,1
677,677,genmatrix,small,warm,200,13.67,13.67,0.01,0.13,13.53,False,,0.0,0.02,,0.11,0.13,1
678,678,linpack,medium,warm,200,763.02,763.01,0.01,651.99,111.02,False,,0.0,0.53,4.64,646.82,651.99,1
679,679,linpack,large,warm,200,675.44,675.44,0.01,5.08,670.35,False,,0.0,0.37,3.96,0.75,5.08,2
680,680,linpack,large,warm,200,582.15,582.14,0.01,5.12,577.02,False,,0.0,0.42,3.96,0.73,5.11,3
681,681,fetchdata,medium,warm,200,93.94,93.94,0.01,82.81,11.13,False,82.78,0.0,0.02,0.0,,82.81,4
682,682,genmatrix,large,warm,200,67.28,49.37,17.9,1.22,48.16,False,,0.0,0.02,,1.19,1.22,4
683,683,linpack,medium,warm,200,927.87,927.86,0.01,652.89,274.97,False,,0.0,0.4,3.97,648.51,652.89,4
684,684,linpack,large,warm,200,831.03,831.03,0.01,5.11,825.92,False,,0.0,0.4,3.98,0.73,5.11,5
685,685,fastfouriertransform,large,warm,200,32.0,31.99,0.01,7.35,24.64,False,,0.0,6.12,0.0,1.22,7.35,6
686,686,fastfouriertransform,small,warm,200,29.02,29.01,0.01,6.81,22.2,False,,0.0,5.73,0.0,1.08,6.81,3
687,687,genmatrix,large,warm,200,64.54,50.48,14.06,1.2,49.29,False,,0.0,0.02,,1.17,1.2,3
688,688,matrixmul,small,warm,200,31.37,31.36,0.01,7.75,23.61,False,,0.0,0.52,6.35,0.88,7.75,3
689,689,genmatrix,small,warm,200,12.51,12.5,0.01,0.14,12.36,False,,0.0,0.02,,0.11,0.14,3
690,690,fetchdata,small,warm,200,95.38,95.37,0.01,81.91,13.46,False,81.88,0.0,0.02,0.0,,81.91,3
691,691,linpack,large,warm,200,141.46,141.45,0.0,5.02,136.44,False,,0.0,0.33,3.95,0.73,5.01,3
692,692,genmatrix,small,warm,200,11.4,11.4,0.01,0.14,11.26,False,,0.0,0.02,,0.11,0.14,4
693,693,fetchdata,small,warm,200,93.03,93.03,0.01,82.13,10.89,False,82.1,0.0,0.02,0.0,,82.13,1
694,694,genmatrix,medium,warm,200,112.98,19.84,93.14,0.29,19.55,False,,0.0,0.02,,0.27,0.29,1
695,695,fastfouriertransform,small,warm,200,29.36,29.35,0.01,7.25,22.11,False,,0.0,6.1,0.0,1.14,7.25,2
696,696,matrixmul,small,warm,200,31.0,30.99,0.01,7.73,23.26,False,,0.0,0.52,6.33,0.87,7.73,1
697,697,matrixmul,medium,warm,200,549.44,549.44,0.01,527.42,22.02,False,,0.0,0.46,5.6,521.35,527.42,1
698,698,matrixmul,medium,warm,200,970.81,970.8,0.01,511.64,459.16,False,,0.0,0.34,3.98,507.31,511.64,2
699,699,mobilenet,small,warm,200,33.88,33.87,0.01,22.57,11.3,False,,,,,,,3
700,700,resnet,medium,warm,200,134.24,134.23,0.01,120.83,13.4,False,,,,,,,3
701,701,resnet,large,warm,200,171.89,171.88,0.01,129.06,42.82,False,,,,,,,4
702,702,linpack,small,warm,200,21.67,21.66,0.01,5.06,16.6,False,,0.0,0.36,3.95,0.75,5.06,4
703,703,mobilenet,small,warm,200,37.35,37.34,0.01,23.05,14.29,False,,,,,,,2
704,704,fastfouriertransform,large,warm,200,32.8,32.79,0.01,7.27,25.53,False,,0.0,6.1,0.0,1.16,7.27,2
705,705,linpack,medium,warm,200,660.74,660.73,0.01,646.18,14.55,False,,0.0,0.34,3.97,641.86,646.18,2
706,706,resnet,large,warm,200,134.01,134.0,0.0,122.56,11.44,False,,,,,,,3
707,707,mobilenet,medium,warm,200,36.65,36.64,0.01,23.37,13.27,False,,,,,,,4
708,708,resnet,small,warm,200,129.36,129.36,0.01,119.85,9.51,False,,,,,,,2
709,709,mobilenet,medium,warm,200,32.93,32.92,0.0,20.89,12.03,False,,,,,,,3
710,710,genmatrix,medium,warm,200,17.37,17.36,0.01,0.29,17.07,False,,0.0,0.03,,0.26,0.29,2
711,711,fetchdata,medium,warm,200,95.58,95.57,0.01,82.24,13.34,False,82.21,0.0,0.02,0.0,,82.24,2
712,712,genmatrix,small,warm,200,12.0,11.99,0.01,0.14,11.86,False,,0.0,0.02,,0.11,0.14,1
713,713,linpack,medium,warm,200,776.43,776.42,0.01,671.19,105.23,False,,0.0,0.36,3.96,666.86,671.19,1
714,714,matrixmul,large,warm,200,26.57,26.56,0.01,4.95,21.61,False,,0.0,0.38,3.99,0.58,4.95,2
715,715,resnet,small,warm,200,184.55,184.55,0.01,173.16,11.39,False,,,,,,,2
716,716,fastfouriertransform,medium,warm,200,657.97,657.96,0.01,631.13,26.83,False,,0.0,6.1,0.0,625.02,631.13,3
717,717,matrixmul,large,warm,200,22.78,22.77,0.01,4.89,17.88,False,,0.0,0.35,3.98,0.56,4.89,3
718,718,matrixmul,large,warm,200,121.81,121.81,0.01,4.91,116.9,False,,0.0,0.36,3.98,0.56,4.91,3
719,719,fetchdata,large,warm,200,96.51,96.51,0.01,82.63,13.87,False,82.6,0.0,0.02,0.0,,82.63,4
720,720,matrixmul,medium,warm,200,532.25,532.25,0.01,513.45,18.79,False,,0.0,0.35,3.97,509.13,513.45,3
721,721,linpack,medium,warm,200,661.1,661.1,0.01,645.49,15.61,False,,0.0,0.36,3.95,641.18,645.49,3
722,722,mobilenet,medium,warm,200,37.37,37.37,0.01,23.13,14.23,False,,,,,,,4
723,723,linpack,medium,warm,200,1111.86,1111.85,0.01,647.08,464.77,False,,0.0,0.34,3.95,642.79,647.08,3
724,724,fastfouriertransform,small,warm,200,28.75,28.75,0.01,4.7,24.04,False,,0.0,3.86,0.0,0.83,4.7,4
725,725,fetchdata,large,warm,200,92.86,92.86,0.01,82.27,10.59,False,82.24,0.0,0.02,0.0,,82.27,4
726,726,matrixmul,large,warm,200,23.94,23.94,0.01,4.9,19.03,False,,0.0,0.35,3.98,0.57,4.9,3
727,727,matrixmul,large,warm,200,26.95,26.94,0.01,4.91,22.04,False,,0.0,0.35,3.99,0.56,4.91,3
728,728,matrixmul,small,warm,200,25.03,25.02,0.01,4.91,20.1,False,,0.0,0.35,4.0,0.56,4.91,2
729,729,linpack,large,warm,200,519.19,519.18,0.0,5.05,514.13,False,,0.0,0.33,3.97,0.74,5.05,2
730,730,fetchdata,medium,warm,200,103.02,103.02,0.01,81.8,21.21,False,81.77,0.0,0.02,0.0,,81.8,3
731,731,fastfouriertransform,large,warm,200,30.04,30.04,0.01,4.68,25.36,False,,0.0,3.85,0.0,0.82,4.68,4
732,732,linpack,large,warm,200,222.74,222.73,0.0,5.02,217.72,False,,0.0,0.34,3.95,0.72,5.02,3
733,733,linpack,large,warm,200,126.2,126.19,0.0,5.04,121.15,False,,0.0,0.33,3.97,0.73,5.04,4
734,734,fastfouriertransform,large,warm,200,28.47,28.46,0.01,4.68,23.79,False,,0.0,3.86,0.0,0.81,4.68,5
735,735,genmatrix,medium,warm,200,16.96,16.96,0.01,0.29,16.66,False,,0.0,0.02,,0.27,0.29,1
736,736,linpack,medium,warm,200,659.23,659.22,0.01,643.79,15.43,False,,0.0,0.35,3.96,639.47,643.79,1
737,737,linpack,small,warm,200,567.9,567.9,0.01,5.1,562.79,False,,0.0,0.36,3.99,0.75,5.1,2
738,738,resnet,medium,warm,200,134.42,134.41,0.01,120.33,14.08,False,,,,,,,3
739,739,mobilenet,large,warm,200,35.93,35.93,0.0,23.4,12.53,False,,,,,,,4
740,740,mobilenet,large,warm,200,37.5,37.5,0.01,22.89,14.61,False,,,,,,,3
741,741,matrixmul,large,warm,200,25.72,25.71,0.01,4.89,20.82,False,,0.0,0.35,3.98,0.56,4.89,3
742,742,linpack,large,warm,200,70.83,70.83,0.01,5.03,65.8,False,,0.0,0.36,3.95,0.73,5.03,3
743,743,linpack,large,warm,200,21.93,21.93,0.01,5.03,16.9,False,,0.0,0.35,3.95,0.73,5.03,1
744,744,genmatrix,small,warm,200,12.67,12.66,0.01,0.14,12.52,False,,0.0,0.02,,0.11,0.14,1
745,745,genmatrix,small,warm,200,12.83,12.83,0.01,0.14,12.69,False,,0.0,0.02,,0.11,0.14,1
746,746,genmatrix,large,warm,200,113.23,52.19,61.04,1.22,50.98,False,,0.0,0.02,,1.19,1.21,1
747,747,fastfouriertransform,medium,warm,200,626.52,626.52,0.01,600.12,26.4,False,,0.0,3.84,0.0,596.28,600.12,2
748,748,linpack,medium,warm,200,659.23,659.23,0.01,644.02,15.2,False,,0.0,0.35,3.97,639.7,644.02,2
749,749,fastfouriertransform,large,warm,200,425.45,425.44,0.0,4.65,420.8,False,,0.0,3.81,0.0,0.83,4.64,3
750,750,matrixmul,large,warm,200,29.7,29.7,0.01,7.7,22.0,False,,0.0,0.52,6.3,0.87,7.7,4
751,751,mobilenet,small,warm,200,36.31,36.3,0.01,22.57,13.73,False,,,,,,,4
752,752,matrixmul,medium,warm,200,559.34,559.33,0.01,540.99,18.34,False,,0.0,0.52,6.33,534.14,540.99,4
753,753,genmatrix,medium,warm,200,18.39,18.39,0.01,0.29,18.1,False,,0.0,0.02,,0.26,0.29,5
754,754,mobilenet,small,warm,200,34.6,34.59,0.01,23.01,11.58,False,,,,,,,3
755,755,mobilenet,large,warm,200,33.57,33.56,0.01,20.18,13.38,False,,,,,,,2
756,756,matrixmul,large,warm,200,171.34,171.33,0.01,4.91,166.42,False,,0.0,0.34,3.98,0.58,4.91,2
757,757,resnet,medium,warm,200,132.13,132.12,0.01,120.2,11.92,False,,,,,,,3
758,758,linpack,small,warm,200,18.56,18.56,0.01,5.09,13.47,False,,0.0,0.36,3.98,0.75,5.09,2
759,759,matrixmul,medium,warm,200,532.09,532.09,0.0,510.79,21.3,False,,0.0,0.38,3.98,506.43,510.79,1
760,760,linpack,medium,warm,200,658.51,658.5,0.01,644.47,14.03,False,,0.0,0.35,3.96,640.15,644.47,2
761,761,genmatrix,medium,warm,200,19.65,19.64,0.01,0.29,19.36,False,,0.0,0.02,,0.26,0.29,3
762,762,linpack,small,warm,200,462.17,462.16,0.01,5.06,457.1,False,,0.0,0.33,3.97,0.75,5.06,3
763,763,fetchdata,small,warm,200,144.71,144.7,0.01,129.96,14.74,False,129.93,0.0,0.02,0.0,,129.96,4
764,764,mobilenet,small,warm,200,36.85,36.85,0.01,22.99,13.86,False,,,,,,,5
765,765,linpack,large,warm,200,166.36,166.35,0.01,5.06,161.29,False,,0.0,0.36,3.97,0.73,5.06,3
766,766,genmatrix,large,warm,200,98.68,51.4,47.28,1.2,50.2,False,,0.0,0.02,,1.17,1.2,4
767,767,fetchdata,large,warm,200,91.76,91.75,0.01,81.88,9.87,False,81.85,0.0,0.02,0.0,,81.88,1
768,768,matrixmul,small,warm,200,27.3,27.29,0.01,4.9,22.39,False,,0.0,0.37,3.96,0.56,4.9,2
769,769,linpack,medium,warm,200,661.41,661.41,0.01,644.04,17.37,False,,0.0,0.36,3.95,639.73,644.04,1
770,770,fastfouriertransform,medium,warm,200,659.05,659.04,0.01,636.55,22.49,False,,0.0,6.07,0.0,630.47,636.55,2
771,771,resnet,small,warm,200,129.49,129.49,0.01,119.64,9.85,False,,,,,,,3
772,772,fetchdata,medium,warm,200,95.15,95.15,0.01,81.9,13.25,False,81.87,0.0,0.02,0.0,,81.9,4
773,773,genmatrix,large,warm,200,89.31,52.1,37.21,1.19,50.91,False,,0.0,0.03,,1.16,1.19,3
774,774,genmatrix,medium,warm,200,18.58,18.58,0.01,0.24,18.33,False,,0.0,0.02,,0.22,0.24,3
775,775,resnet,medium,warm,200,186.66,186.65,0.01,172.51,14.14,False,,,,,,,3
776,776,linpack,large,warm,200,18.91,18.9,0.01,5.05,13.85,False,,0.0,0.36,3.95,0.74,5.05,3
777,777,matrixmul,small,warm,200,23.44,23.44,0.01,4.99,18.44,False,,0.0,0.37,4.06,0.57,4.99,1
778,778,genmatrix,small,warm,200,11.79,11.78,0.01,0.14,11.64,False,,0.0,0.03,,0.11,0.14,1
779,779,fetchdata,small,warm,200,94.15,94.15,0.01,81.69,12.45,False,81.66,0.0,0.02,0.0,,81.69,1
780,780,resnet,large,warm,200,147.75,147.74,0.01,137.18,10.56,False,,,,,,,1
781,781,matrixmul,large,warm,200,60.44,60.43,0.01,4.9,55.53,False,,0.0,0.35,3.98,0.57,4.9,2
782,782,mobilenet,large,warm,200,139.54,139.54,0.01,23.0,116.53,False,,,,,,,1
783,783,fastfouriertransform,large,warm,200,26.87,26.87,0.01,4.7,22.16,False,,0.0,3.86,0.0,0.84,4.7,2
784,784,linpack,medium,warm,200,663.05,663.04,0.01,648.27,14.77,False,,0.0,0.36,3.96,643.94,648.27,1
785,785,genmatrix,medium,warm,200,16.92,16.92,0.01,0.29,16.62,False,,0.0,0.03,,0.26,0.29,2
786,786,genmatrix,medium,warm,200,17.37,17.36,0.01,0.27,17.09,False,,0.0,0.02,,0.24,0.27,2
787,787,fastfouriertransform,small,warm,200,28.93,28.93,0.01,4.67,24.25,False,,0.0,3.86,0.0,0.81,4.67,2
788,788,fastfouriertransform,small,warm,200,28.61,28.6,0.01,4.6,24.0,False,,0.0,3.83,0.0,0.76,4.6,2
789,789,matrixmul,medium,warm,200,532.21,532.2,0.01,514.19,18.01,False,,0.0,0.35,3.99,509.84,514.19,2
790,790,fastfouriertransform,small,warm,200,28.13,28.13,0.01,4.62,23.51,False,,0.0,3.84,0.0,0.77,4.62,3
791,791,mobilenet,large,warm,200,33.97,33.96,0.01,22.85,11.11,False,,,,,,,2
792,792,mobilenet,medium,warm,200,33.17,33.17,0.01,20.45,12.72,False,,,,,,,2
793,793,fetchdata,medium,warm,200,94.82,94.82,0.01,81.75,13.06,False,81.72,0.0,0.02,0.0,,81.75,2
794,794,genmatrix,large,warm,200,104.26,54.44,49.82,1.21,53.23,False,,0.0,0.02,,1.18,1.21,2
795,795,genmatrix,large,warm,200,103.2,42.76,60.44,0.95,41.81,False,,0.0,0.02,,0.93,0.95,2
796,796,fetchdata,large,warm,200,95.07,95.06,0.01,81.98,13.09,False,81.95,0.0,0.02,0.0,,81.97,2
797,797,genmatrix,large,warm,200,76.65,51.24,25.41,1.0,50.24,False,,0.0,0.02,,0.98,1.0,1
798,798,mobilenet,medium,warm,200,37.48,37.47,0.01,23.15,14.32,False,,,,,,,1
799,799,genmatrix,small,warm,200,15.23,15.22,0.01,0.14,15.08,False,,0.0,0.02,,0.11,0.14,1
800,800,linpack,medium,warm,200,665.72,665.71,0.01,649.58,16.13,False,,0.0,0.36,3.97,645.25,649.58,1
801,801,resnet,medium,warm,200,135.19,135.18,0.01,121.68,13.5,False,,,,,,,2
802,802,matrixmul,small,warm,200,23.31,23.3,0.01,4.93,18.37,False,,0.0,0.35,4.0,0.58,4.93,3
803,803,genmatrix,medium,warm,200,17.89,17.89,0.01,0.3,17.59,False,,0.0,0.02,,0.27,0.29,2
804,804,mobilenet,medium,warm,200,34.92,34.92,0.01,23.45,11.47,False,,,,,,,2
805,805,fetchdata,small,warm,200,94.84,94.84,0.01,81.94,12.9,False,81.9,0.0,0.02,0.0,,81.93,2
806,806,linpack,medium,warm,200,716.52,716.51,0.01,645.66,70.85,False,,0.0,0.34,3.97,641.34,645.66,2
807,807,fastfouriertransform,large,warm,200,27.86,27.85,0.01,4.61,23.25,False,,0.0,3.84,0.0,0.76,4.6,2
808,808,matrixmul,large,warm,200,28.6,28.59,0.01,7.72,20.87,False,,0.0,0.52,6.32,0.87,7.72,2
809,809,genmatrix,medium,warm,200,18.76,18.75,0.01,0.29,18.46,False,,0.0,0.02,,0.26,0.29,2
810,810,fastfouriertransform,medium,warm,200,629.09,629.09,0.01,604.14,24.95,False,,0.0,3.84,0.0,600.29,604.14,2
811,811,matrixmul,small,warm,200,120.44,28.11,92.32,7.74,20.37,False,,0.0,0.52,6.35,0.87,7.74,3
812,812,fastfouriertransform,medium,warm,200,1059.17,1059.17,0.01,625.11,434.06,False,,0.0,3.86,0.0,621.25,625.11,4
813,813,fastfouriertransform,large,warm,200,968.81,968.81,0.0,4.6,964.21,False,,0.0,3.85,0.0,0.75,4.6,4
814,814,mobilenet,large,warm,200,34.24,34.23,0.01,23.51,10.72,False,,,,,,,4
815,815,genmatrix,large,warm,200,91.64,51.22,40.42,1.21,50.01,False,,0.0,0.03,,1.18,1.21,4
816,816,fastfouriertransform,small,warm,200,659.73,659.72,0.0,4.56,655.16,False,,0.0,3.82,0.0,0.73,4.56,4
817,817,linpack,medium,warm,200,660.82,660.82,0.01,646.03,14.79,False,,0.0,0.35,3.95,641.72,646.03,4
818,818,mobilenet,small,warm,200,34.39,34.39,0.01,22.83,11.55,False,,,,,,,5
819,819,linpack,large,warm,200,468.42,468.42,0.01,5.06,463.36,False,,0.0,0.35,3.98,0.72,5.06,5
820,820,mobilenet,small,warm,200,38.89,38.89,0.01,25.48,13.41,False,,,,,,,6
821,821,linpack,large,warm,200,273.07,273.07,0.0,5.03,268.04,False,,0.0,0.33,3.97,0.73,5.03,6
822,822,mobilenet,large,warm,200,34.02,34.02,0.01,22.85,11.17,False,,,,,,,7
823,823,mobilenet,small,warm,200,40.46,40.45,0.01,28.45,12.0,False,,,,,,,4
824,824,matrixmul,small,warm,200,74.17,74.17,0.01,8.23,65.93,False,,0.0,0.52,6.79,0.92,8.23,1
825,825,linpack,large,warm,200,18.43,18.42,0.01,5.03,13.39,False,,0.0,0.35,3.95,0.73,5.03,1
826,826,fastfouriertransform,medium,warm,200,622.32,622.31,0.01,600.32,21.99,False,,0.0,3.84,0.0,596.47,600.32,1
827,827,linpack,small,warm,200,112.54,112.54,0.01,5.07,107.47,False,,0.0,0.37,3.96,0.74,5.07,2
828,828,mobilenet,large,warm,200,39.14,39.14,0.01,22.97,16.16,False,,,,,,,3
829,829,matrixmul,small,warm,200,28.68,28.67,0.01,7.75,20.92,False,,0.0,0.52,6.35,0.87,7.75,2
830,830,fastfouriertransform,large,warm,200,225.45,225.44,0.01,4.54,220.91,False,,0.0,3.82,0.0,0.71,4.53,2
831,831,linpack,small,warm,200,18.66,18.66,0.01,5.05,13.6,False,,0.0,0.35,3.95,0.74,5.05,3
832,832,mobilenet,small,warm,200,35.77,35.76,0.01,24.22,11.55,False,,,,,,,3
833,833,matrixmul,small,warm,200,28.46,28.46,0.01,7.72,20.73,False,,0.0,0.52,6.33,0.87,7.72,1
834,834,resnet,medium,warm,200,155.4,155.4,0.01,143.48,11.92,False,,,,,,,1
835,835,fastfouriertransform,small,warm,200,26.18,26.18,0.01,4.57,21.61,False,,0.0,3.81,0.01,0.74,4.57,2
836,836,matrixmul,small,warm,200,31.67,31.66,0.01,7.74,23.92,False,,0.0,0.54,6.32,0.87,7.74,1
837,837,mobilenet,large,warm,200,37.74,37.73,0.01,24.33,13.4,False,,,,,,,1
838,838,fetchdata,large,warm,200,94.96,94.95,0.01,82.33,12.62,False,82.3,0.0,0.02,0.0,,82.33,1
839,839,fastfouriertransform,large,warm,200,26.95,26.94,0.01,4.56,22.39,False,,0.0,3.82,0.0,0.73,4.56,1
840,840,fastfouriertransform,medium,warm,200,619.84,619.84,0.01,600.17,19.67,False,,0.0,3.84,0.0,596.32,600.17,1
841,841,fetchdata,medium,warm,200,94.07,94.07,0.01,81.8,12.26,False,81.77,0.0,0.02,0.0,,81.8,2
842,842,resnet,large,warm,200,142.14,142.14,0.01,131.38,10.76,False,,,,,,,2
843,843,fastfouriertransform,medium,warm,200,930.08,930.07,0.01,602.09,327.98,False,,0.0,3.82,0.0,598.27,602.09,3
844,844,resnet,small,warm,200,156.29,156.28,0.01,137.43,18.85,False,,,,,,,3
845,845,resnet,small,warm,200,171.73,171.72,0.01,122.95,48.77,False,,,,,,,4
846,846,genmatrix,large,warm,200,89.04,47.41,41.63,1.21,46.2,False,,0.0,0.02,,1.18,1.21,4
847,847,resnet,medium,warm,200,169.45,169.45,0.01,156.54,12.91,False,,,,,,,2
848,848,fetchdata,large,warm,200,93.76,93.75,0.01,81.64,12.11,False,81.61,0.0,0.02,0.0,,81.64,3
849,849,fastfouriertransform,small,warm,200,336.26,336.25,0.0,4.54,331.71,False,,0.0,3.82,0.0,0.71,4.54,2
850,850,fetchdata,medium,warm,200,92.94,92.94,0.01,81.28,11.66,False,81.25,0.0,0.02,0.0,,81.28,3
851,851,fetchdata,large,warm,200,92.94,92.93,0.01,80.48,12.45,False,80.45,0.0,0.02,0.0,,80.48,3
852,852,fastfouriertransform,medium,warm,200,632.41,632.41,0.01,601.6,30.81,False,,0.0,3.8,0.0,597.79,601.6,3
853,853,genmatrix,medium,warm,200,16.28,16.27,0.01,0.29,15.98,False,,0.0,0.02,,0.26,0.29,2
854,854,fastfouriertransform,small,warm,200,442.26,442.25,0.01,4.53,437.73,False,,0.0,3.79,0.0,0.73,4.52,2
855,855,matrixmul,large,warm,200,31.4,31.39,0.01,7.74,23.65,False,,0.0,0.54,6.33,0.87,7.74,3
856,856,mobilenet,small,warm,200,36.57,36.56,0.01,22.96,13.6,False,,,,,,,3
857,857,mobilenet,medium,warm,200,33.84,33.83,0.01,20.6,13.24,False,,,,,,,3
858,858,resnet,large,warm,200,131.76,131.76,0.01,120.47,11.29,False,,,,,,,3
859,859,resnet,large,warm,200,253.16,253.15,0.01,215.81,37.34,False,,,,,,,2
860,860,genmatrix,medium,warm,200,18.58,18.57,0.01,0.29,18.28,False,,0.0,0.02,,0.26,0.29,2
861,861,fetchdata,large,warm,200,93.75,93.74,0.01,81.46,12.28,False,81.43,0.0,0.02,0.0,,81.46,2
862,862,resnet,medium,warm,200,135.09,135.09,0.01,124.03,11.06,False,,,,,,,1
863,863,fetchdata,large,warm,200,93.02,93.01,0.01,82.1,10.92,False,82.07,0.0,0.02,0.0,,82.09,2
864,864,resnet,medium,warm,200,130.72,130.71,0.01,119.79,10.92,False,,,,,,,1
865,865,fastfouriertransform,large,warm,200,27.26,27.26,0.01,4.65,22.61,False,,0.0,3.85,0.0,0.79,4.64,2
866,866,fastfouriertransform,large,warm,200,27.62,27.61,0.01,4.64,22.97,False,,0.0,3.86,0.0,0.77,4.64,1
867,867,genmatrix,large,warm,200,108.83,49.32,59.51,1.2,48.12,False,,0.0,0.02,,1.17,1.2,1
868,868,genmatrix,small,warm,200,25.42,25.41,0.01,0.12,25.29,False,,0.0,0.02,,0.1,0.12,2
869,869,fetchdata,medium,warm,200,96.17,96.16,0.01,83.21,12.95,False,83.18,0.0,0.02,0.0,,83.21,1
870,870,mobilenet,medium,warm,200,32.15,32.14,0.01,22.68,9.46,False,,,,,,,1
871,871,matrixmul,medium,warm,200,566.96,566.96,0.01,547.01,19.95,False,,0.0,0.52,6.33,540.14,547.01,1
872,872,fetchdata,medium,warm,200,94.98,94.98,0.01,83.34,11.64,False,83.31,0.0,0.02,0.0,,83.34,2
873,873,genmatrix,small,warm,200,15.65,15.64,0.01,0.14,15.5,False,,0.0,0.03,,0.11,0.14,2
874,874,matrixmul,medium,warm,200,789.26,789.25,0.01,511.91,277.34,False,,0.0,0.36,3.98,507.57,511.91,2
875,875,matrixmul,large,warm,200,695.62,695.61,0.01,4.88,690.74,False,,0.0,0.36,3.96,0.56,4.87,3
876,876,matrixmul,medium,warm,200,1118.67,1118.66,0.01,511.18,607.48,False,,0.0,0.38,3.95,506.84,511.18,4
877,877,mobilenet,large,warm,200,36.79,36.79,0.01,23.4,13.39,False,,,,,,,4
878,878,fetchdata,small,warm,200,93.3,93.29,0.01,81.67,11.62,False,81.64,0.0,0.02,0.0,,81.67,4
879,879,fastfouriertransform,small,warm,200,27.34,27.33,0.01,7.25,20.07,False,,0.0,6.12,0.0,1.12,7.25,4
880,880,fastfouriertransform,medium,warm,200,661.47,661.47,0.01,639.87,21.59,False,,0.0,5.84,0.0,634.03,639.87,4
881,881,fastfouriertransform,large,warm,200,569.29,569.28,0.01,4.54,564.74,False,,0.0,3.82,0.0,0.71,4.54,5
882,882,genmatrix,medium,warm,200,16.32,16.31,0.01,0.3,16.02,False,,0.0,0.02,,0.27,0.3,4
883,883,linpack,small,warm,200,23.36,23.36,0.01,8.03,15.33,False,,0.0,0.53,6.33,1.16,8.02,4
884,884,resnet,small,warm,200,136.01,136.0,0.01,124.17,11.83,False,,,,,,,4
885,885,resnet,large,warm,200,222.8,222.8,0.0,185.1,37.7,False,,,,,,,5
886,886,resnet,medium,warm,200,322.95,322.94,0.01,200.81,122.13,False,,,,,,,5
887,887,genmatrix,small,warm,200,19.2,19.2,0.0,0.15,19.05,False,,0.0,0.03,,0.12,0.15,4
888,888,fetchdata,medium,warm,200,92.81,92.8,0.01,82.47,10.33,False,82.44,0.0,0.02,0.0,,82.47,2
889,889,linpack,large,warm,200,33.34,33.34,0.01,8.07,25.26,False,,0.0,0.53,6.29,1.24,8.07,2
890,890,linpack,medium,warm,200,687.48,687.48,0.01,672.61,14.87,False,,0.0,0.5,5.99,666.12,672.61,1
891,891,linpack,large,warm,200,595.39,595.38,0.01,5.02,590.36,False,,0.0,0.36,3.94,0.71,5.02,2
892,892,fastfouriertransform,medium,warm,200,619.57,619.56,0.01,599.92,19.64,False,,0.0,3.87,0.0,596.05,599.92,3
893,893,resnet,medium,warm,200,143.13,143.12,0.01,132.89,10.23,False,,,,,,,4
894,894,matrixmul,small,warm,200,25.4,25.39,0.01,4.94,20.45,False,,0.0,0.38,3.98,0.58,4.94,5
895,895,resnet,large,warm,200,134.09,134.09,0.01,121.67,12.42,False,,,,,,,4
896,896,mobilenet,small,warm,200,36.53,36.52,0.01,23.17,13.36,False,,,,,,,5
897,897,genmatrix,medium,warm,200,19.2,19.19,0.01,0.3,18.9,False,,0.0,0.03,,0.27,0.29,2
898,898,mobilenet,small,warm,200,31.0,30.99,0.01,20.92,10.07,False,,,,,,,2
899,899,matrixmul,large,warm,200,22.75,22.74,0.01,4.9,17.84,False,,0.0,0.34,4.0,0.56,4.9,1
900,900,matrixmul,small,warm,200,25.29,25.28,0.01,4.89,20.39,False,,0.0,0.35,3.97,0.56,4.89,1
901,901,linpack,medium,warm,200,759.66,759.66,0.01,646.14,113.52,False,,0.0,0.37,3.96,641.8,646.14,1
902,902,resnet,small,warm,200,132.41,132.41,0.01,120.89,11.52,False,,,,,,,2
903,903,linpack,medium,warm,200,1203.39,1203.38,0.01,645.06,558.32,False,,0.0,0.33,3.98,640.74,645.06,3
904,904,linpack,large,cold,200,1113.72,1113.72,0.01,5.03,1108.69,False,,0.0,0.32,3.96,0.74,5.03,3
905,905,linpack,large,cold,200,1021.82,1021.82,0.01,5.06,1016.76,False,,0.0,0.36,3.96,0.74,5.06,4
906,906,resnet,large,warm,200,233.25,233.24,0.01,120.4,112.84,False,,,,,,,5
907,907,genmatrix,large,warm,200,66.5,50.78,15.72,1.2,49.58,False,,0.0,0.02,,1.17,1.2,6
908,908,fastfouriertransform,large,warm,200,26.72,26.71,0.01,4.74,21.97,False,,0.0,3.9,0.0,0.83,4.74,6
909,909,genmatrix,large,warm,200,90.24,48.82,41.42,1.19,47.63,False,,0.0,0.02,,1.16,1.19,4
910,910,matrixmul,small,warm,200,23.58,23.57,0.01,4.91,18.66,False,,0.0,0.35,4.0,0.56,4.91,4
911,911,mobilenet,medium,warm,200,33.89,33.89,0.01,22.98,10.9,False,,,,,,,4
912,912,genmatrix,medium,warm,200,17.0,17.0,0.01,0.29,16.71,False,,0.0,0.02,,0.26,0.29,4
913,913,matrixmul,medium,warm,200,528.99,528.98,0.01,511.39,17.59,False,,0.0,0.35,3.97,507.07,511.39,4
914,914,fastfouriertransform,small,warm,200,25.39,25.38,0.01,4.63,20.76,False,,0.0,3.84,0.0,0.78,4.63,5
915,915,linpack,small,warm,200,25.91,25.9,0.01,5.0,20.9,False,,0.0,0.33,3.95,0.72,5.0,5
916,916,resnet,large,warm,200,140.01,140.01,0.01,127.94,12.07,False,,,,,,,2
917,917,fetchdata,small,warm,200,95.42,95.41,0.01,83.08,12.34,False,83.05,0.0,0.02,0.0,,83.08,3
918,918,mobilenet,large,warm,200,35.16,35.15,0.01,23.02,12.14,False,,,,,,,2
919,919,genmatrix,small,warm,200,13.39,13.38,0.01,0.14,13.24,False,,0.0,0.03,,0.11,0.14,1
920,920,fastfouriertransform,large,warm,200,26.24,26.24,0.01,4.63,21.61,False,,0.0,3.85,0.0,0.77,4.63,1
921,921,resnet,small,warm,200,134.48,134.48,0.01,122.03,12.44,False,,,,,,,1
922,922,fetchdata,medium,warm,200,95.62,95.62,0.01,83.25,12.36,False,83.22,0.0,0.02,0.0,,83.25,2
923,923,fetchdata,medium,warm,200,91.49,91.48,0.01,79.47,12.01,False,79.44,0.0,0.02,0.0,,79.47,1
924,924,mobilenet,medium,warm,200,32.44,32.44,0.01,22.92,9.52,False,,,,,,,1
925,925,matrixmul,large,warm,200,28.97,28.96,0.01,7.72,21.24,False,,0.0,0.52,6.32,0.87,7.72,1
926,926,matrixmul,large,warm,200,29.68,29.67,0.01,6.84,22.83,False,,0.0,0.46,5.6,0.77,6.84,1
927,927,resnet,small,warm,200,159.3,159.29,0.01,146.82,12.47,False,,,,,,,1
928,928,fastfouriertransform,small,warm,200,25.95,25.95,0.01,4.65,21.3,False,,0.0,3.87,0.0,0.77,4.65,2
929,929,mobilenet,large,warm,200,33.22,33.21,0.01,22.6,10.61,False,,,,,,,1
930,930,fastfouriertransform,large,warm,200,26.81,26.81,0.01,4.63,22.17,False,,0.0,3.84,0.0,0.78,4.63,1
931,931,fastfouriertransform,medium,warm,200,681.68,681.67,0.01,661.0,20.67,False,,0.0,3.85,0.0,657.14,661.0,1
932,932,fetchdata,large,warm,200,91.34,91.33,0.01,81.55,9.78,False,81.52,0.0,0.02,0.0,,81.55,2
933,933,fetchdata,medium,warm,200,90.1,90.09,0.01,79.12,10.97,False,79.09,0.0,0.02,0.0,,79.12,2
934,934,resnet,medium,warm,200,243.72,243.72,0.01,231.3,12.42,False,,,,,,,2
935,935,fetchdata,medium,warm,200,90.18,90.18,0.01,81.06,9.12,False,81.03,0.0,0.02,0.0,,81.06,3
936,936,mobilenet,large,warm,200,36.17,36.17,0.01,22.91,13.26,False,,,,,,,3
937,937,fastfouriertransform,medium,warm,200,686.93,686.92,0.01,603.27,83.65,False,,0.0,3.81,0.0,599.46,603.27,2
938,938,fetchdata,small,warm,200,146.02,146.01,0.01,134.58,11.44,False,134.55,0.0,0.02,0.0,,134.58,2
939,939,matrixmul,large,warm,200,29.51,29.51,0.01,7.73,21.78,False,,0.0,0.52,6.33,0.87,7.73,3
940,940,genmatrix,large,warm,200,84.11,54.19,29.92,1.21,52.99,False,,0.0,0.03,,1.18,1.21,2
941,941,fetchdata,large,warm,200,93.67,93.66,0.01,81.83,11.83,False,81.8,0.0,0.02,0.0,,81.83,2
942,942,genmatrix,medium,warm,200,20.65,20.65,0.01,0.29,20.36,False,,0.0,0.03,,0.26,0.29,2
943,943,fastfouriertransform,small,warm,200,93.64,93.64,0.01,4.54,89.1,False,,0.0,3.82,0.0,0.71,4.54,2
944,944,fetchdata,large,warm,200,93.94,93.93,0.01,81.75,12.18,False,81.72,0.0,0.02,0.0,,81.75,1
945,945,fastfouriertransform,small,warm,200,27.46,27.45,0.01,4.59,22.86,False,,0.0,3.84,0.0,0.75,4.59,1
946,946,mobilenet,medium,warm,200,35.46,35.46,0.01,22.71,12.75,False,,,,,,,1
947,947,mobilenet,small,warm,200,31.61,31.61,0.01,20.3,11.31,False,,,,,,,1
948,948,linpack,medium,warm,200,791.48,791.47,0.01,683.6,107.87,False,,0.0,0.53,6.31,676.76,683.6,1
949,949,matrixmul,medium,warm,200,562.26,562.26,0.01,541.63,20.63,False,,0.0,0.52,6.34,534.76,541.63,2
950,950,fastfouriertransform,small,warm,200,23.87,23.87,0.01,4.58,19.29,False,,0.0,3.84,0.0,0.74,4.58,3
951,951,fetchdata,large,warm,200,93.28,93.27,0.01,81.58,11.69,False,81.55,0.0,0.02,0.0,,81.58,3
952,952,fetchdata,small,warm,200,87.78,87.77,0.01,79.06,8.71,False,79.04,0.0,0.02,0.0,,79.06,3
953,953,mobilenet,medium,warm,200,32.69,32.68,0.01,23.11,9.58,False,,,,,,,3
954,954,resnet,large,warm,200,130.86,130.86,0.01,121.84,9.02,False,,,,,,,3
955,955,mobilenet,large,warm,200,36.35,36.34,0.01,23.03,13.31,False,,,,,,,3
956,956,resnet,large,warm,200,133.36,133.36,0.01,122.56,10.79,False,,,,,,,1
957,957,linpack,medium,warm,200,659.48,659.47,0.01,644.32,15.15,False,,0.0,0.35,3.99,639.98,644.32,2
958,958,fastfouriertransform,medium,warm,200,623.03,623.02,0.01,602.93,20.09,False,,0.0,3.82,0.0,599.1,602.93,2
959,959,linpack,large,warm,200,463.23,463.22,0.0,5.01,458.22,False,,0.0,0.33,3.95,0.72,5.0,3
960,960,fastfouriertransform,medium,warm,200,1028.75,1028.74,0.01,602.31,426.43,False,,0.0,3.82,0.0,598.48,602.31,4
961,961,fastfouriertransform,medium,cold,200,2137.11,2137.11,0.01,600.18,1536.93,False,,0.0,3.83,0.0,596.34,600.18,5
962,962,fastfouriertransform,medium,cold,200,2632.37,2632.36,0.01,599.2,2033.17,False,,0.0,3.86,0.0,595.33,599.19,6
963,963,resnet,medium,warm,200,132.6,132.6,0.01,121.46,11.13,False,,,,,,,7
964,964,resnet,medium,warm,200,166.86,166.85,0.01,126.88,39.97,False,,,,,,,6
965,965,genmatrix,large,warm,200,96.5,50.48,46.03,1.19,49.28,False,,0.0,0.02,,1.17,1.19,5
966,966,fetchdata,medium,warm,200,94.44,94.43,0.01,81.98,12.45,False,81.95,0.0,0.02,0.0,,81.98,5
967,967,fastfouriertransform,medium,warm,200,930.15,930.14,0.01,599.32,330.82,False,,0.0,3.8,0.0,595.51,599.32,4
968,968,fastfouriertransform,medium,cold,200,2634.87,2634.87,0.01,600.89,2033.97,False,,0.0,3.82,0.0,597.06,600.89,5
969,969,mobilenet,large,warm,200,35.13,35.12,0.01,23.39,11.73,False,,,,,,,6
970,970,fetchdata,large,warm,200,91.13,91.12,0.01,82.25,8.87,False,82.22,0.0,0.02,0.0,,82.25,6
971,971,matrixmul,small,warm,200,23.21,23.2,0.01,4.92,18.28,False,,0.0,0.35,3.99,0.58,4.92,5
972,972,fetchdata,small,warm,200,93.06,93.05,0.01,81.99,11.07,False,81.96,0.0,0.02,0.0,,81.98,5
973,973,mobilenet,medium,warm,200,34.28,34.28,0.01,24.26,10.02,False,,,,,,,5
974,974,resnet,medium,warm,200,140.54,140.54,0.01,131.12,9.42,False,,,,,,,5
975,975,resnet,small,warm,200,165.5,165.49,0.01,121.15,44.35,False,,,,,,,6
976,976,fetchdata,medium,warm,200,92.88,92.88,0.01,82.93,9.95,False,82.9,0.0,0.02,0.0,,82.93,6
977,977,genmatrix,medium,warm,200,18.13,18.12,0.01,0.29,17.84,False,,0.0,0.03,,0.26,0.29,4
978,978,mobilenet,medium,warm,200,38.03,38.02,0.01,23.01,15.02,False,,,,,,,4
979,979,linpack,small,warm,200,114.97,114.96,0.01,5.06,109.9,False,,0.0,0.37,3.95,0.74,5.06,4
980,980,fastfouriertransform,large,cold,200,1444.94,1444.93,0.01,4.57,1440.37,False,,0.0,3.83,0.0,0.73,4.57,5
981,981,genmatrix,small,warm,200,10.82,10.81,0.01,0.14,10.67,False,,0.0,0.02,,0.11,0.14,5
982,982,resnet,large,warm,200,131.68,131.67,0.01,122.49,9.19,False,,,,,,,5
983,983,mobilenet,medium,warm,200,33.84,33.84,0.01,22.75,11.08,False,,,,,,,5
984,984,matrixmul,large,warm,200,24.01,24.01,0.01,4.89,19.12,False,,0.0,0.35,3.97,0.56,4.88,4
985,985,linpack,large,warm,200,17.85,17.84,0.01,5.05,12.79,False,,0.0,0.35,3.95,0.74,5.05,4
986,986,linpack,small,warm,200,20.55,20.54,0.01,5.06,15.48,False,,0.0,0.36,3.96,0.74,5.06,4
987,987,mobilenet,small,warm,200,34.19,34.19,0.01,23.08,11.11,False,,,,,,,4
988,988,mobilenet,medium,warm,200,37.37,37.37,0.0,23.35,14.02,False,,,,,,,4
989,989,mobilenet,small,warm,200,31.36,31.35,0.01,20.12,11.24,False,,,,,,,3
990,990,resnet,small,warm,200,155.32,155.31,0.01,143.31,12.01,False,,,,,,,3
991,991,linpack,large,warm,200,20.77,20.76,0.01,5.04,15.72,False,,0.0,0.35,3.95,0.73,5.04,4
992,992,fastfouriertransform,small,warm,200,250.15,250.15,0.01,4.52,245.62,False,,0.0,3.81,0.0,0.71,4.52,3
993,993,linpack,large,warm,200,17.11,17.11,0.01,5.06,12.04,False,,0.0,0.36,3.97,0.73,5.06,4
994,994,fetchdata,medium,warm,200,93.79,93.78,0.01,82.51,11.27,False,82.48,0.0,0.02,0.0,,82.51,4
995,995,linpack,large,warm,200,19.6,19.6,0.01,5.07,14.52,False,,0.0,0.35,3.97,0.74,5.07,1
996,996,linpack,large,warm,200,20.29,20.28,0.01,5.06,15.22,False,,0.0,0.35,3.95,0.75,5.06,1
997,997,fetchdata,large,warm,200,93.21,93.21,0.01,82.36,10.85,False,82.33,0.0,0.02,0.0,,82.36,1
998,998,resnet,large,warm,200,134.23,134.23,0.01,123.76,10.47,False,,,,,,,1
999,999,genmatrix,large,warm,200,86.86,49.25,37.62,1.2,48.04,False,,0.0,0.02,,1.18,1.2,2
1000,1000,matrixmul,large,warm,200,27.55,27.54,0.01,7.25,20.29,False,,0.0,0.49,5.94,0.82,7.25,1
1001,1001,matrixmul,small,warm,200,27.93,27.93,0.01,7.23,20.69,False,,0.0,0.49,5.92,0.82,7.23,1
1002,1002,fetchdata,small,warm,200,95.45,95.44,0.01,83.83,11.61,False,83.8,0.0,0.03,0.0,,83.83,1
1003,1003,fetchdata,medium,warm,200,93.23,93.23,0.01,84.23,9.0,False,84.2,0.0,0.02,0.0,,84.23,1
1004,1004,genmatrix,medium,warm,200,19.42,19.42,0.01,0.29,19.13,False,,0.0,0.03,,0.26,0.29,1
1005,1005,linpack,medium,warm,200,694.24,694.23,0.01,680.58,13.65,False,,0.0,0.53,6.3,673.75,680.58,1
1006,1006,resnet,small,warm,200,267.25,267.24,0.01,255.94,11.3,False,,,,,,,2
1007,1007,matrixmul,large,warm,200,114.07,114.07,0.01,7.75,106.32,False,,0.0,0.52,6.34,0.88,7.75,3
1008,1008,fastfouriertransform,medium,warm,200,625.04,625.04,0.01,603.17,21.87,False,,0.0,3.84,0.0,599.32,603.17,4
1009,1009,fetchdata,medium,warm,200,92.16,92.15,0.01,82.69,9.46,False,82.66,0.0,0.02,0.0,,82.69,3
1010,1010,fastfouriertransform,small,warm,200,434.06,434.05,0.01,4.56,429.49,False,,0.0,3.83,0.0,0.72,4.56,3
1011,1011,matrixmul,medium,warm,200,566.43,566.43,0.01,548.19,18.24,False,,0.0,0.52,6.31,541.35,548.19,4
1012,1012,fastfouriertransform,large,warm,200,237.71,237.7,0.01,4.58,233.12,False,,0.0,3.82,0.0,0.76,4.58,4
1013,1013,linpack,small,warm,200,19.43,19.42,0.01,5.04,14.38,False,,0.0,0.35,3.95,0.73,5.04,5
1014,1014,resnet,large,warm,200,133.02,133.01,0.01,124.54,8.48,False,,,,,,,5
1015,1015,resnet,medium,warm,200,155.71,155.7,0.01,122.31,33.39,False,,,,,,,3
1016,1016,fetchdata,large,warm,200,94.48,94.48,0.01,82.85,11.62,False,82.82,0.0,0.02,0.0,,82.85,3
1017,1017,resnet,large,warm,200,163.58,163.57,0.01,152.31,11.26,False,,,,,,,1
1018,1018,fastfouriertransform,medium,warm,200,621.7,621.7,0.01,599.14,22.56,False,,0.0,3.86,0.0,595.27,599.14,2
1019,1019,linpack,large,warm,200,20.39,20.39,0.01,5.05,15.34,False,,0.0,0.36,3.95,0.73,5.05,2
1020,1020,genmatrix,small,warm,200,10.05,10.04,0.01,0.14,9.9,False,,0.0,0.02,,0.11,0.14,2
1021,1021,matrixmul,large,warm,200,25.05,25.05,0.01,4.91,20.14,False,,0.0,0.35,3.98,0.58,4.91,2
1022,1022,fetchdata,large,warm,200,91.83,91.83,0.01,82.06,9.76,False,82.03,0.0,0.02,0.0,,82.06,2
1023,1023,mobilenet,small,warm,200,34.4,34.39,0.01,24.99,9.4,False,,,,,,,2
1024,1024,fetchdata,small,warm,200,92.85,92.84,0.01,81.72,11.12,False,81.69,0.0,0.02,0.0,,81.71,2
1025,1025,linpack,medium,warm,200,659.83,659.82,0.01,644.53,15.29,False,,0.0,0.35,3.97,640.21,644.53,1
1026,1026,genmatrix,small,warm,200,12.18,12.17,0.01,0.14,12.03,False,,0.0,0.02,,0.11,0.14,2
1027,1027,resnet,large,warm,200,131.01,131.0,0.01,121.11,9.89,False,,,,,,,2
1028,1028,mobilenet,small,warm,200,34.76,34.75,0.01,23.06,11.69,False,,,,,,,3
1029,1029,mobilenet,large,warm,200,29.42,29.41,0.01,20.62,8.79,False,,,,,,,2
1030,1030,fetchdata,medium,warm,200,94.03,94.02,0.01,82.19,11.83,False,82.16,0.0,0.02,0.0,,82.19,2
1031,1031,resnet,large,warm,200,236.17,236.16,0.01,227.15,9.01,False,,,,,,,2
1032,1032,resnet,small,warm,200,257.08,257.08,0.01,119.05,138.03,False,,,,,,,2
1033,1033,matrixmul,medium,warm,200,530.07,530.07,0.01,511.63,18.43,False,,0.0,0.35,3.98,507.3,511.63,3
1034,1034,matrixmul,medium,warm,200,945.84,945.84,0.01,513.36,432.48,False,,0.0,0.38,3.99,508.98,513.36,3
1035,1035,fetchdata,medium,warm,200,91.84,91.84,0.01,81.91,9.93,False,81.88,0.0,0.02,0.0,,81.91,3
1036,1036,genmatrix,large,warm,200,88.53,50.06,38.47,1.21,48.85,False,,0.0,0.02,,1.18,1.21,3
1037,1037,fastfouriertransform,large,warm,200,28.15,28.15,0.01,7.26,20.89,False,,0.0,6.09,0.0,1.15,7.25,3
1038,1038,genmatrix,medium,warm,200,18.77,18.76,0.01,0.29,18.47,False,,0.0,0.02,,0.26,0.29,3
1039,1039,fastfouriertransform,medium,warm,200,661.65,661.64,0.01,640.36,21.29,False,,0.0,6.13,0.0,634.21,640.35,2
1040,1040,fastfouriertransform,large,warm,200,568.56,568.55,0.0,4.59,563.96,False,,0.0,3.81,0.0,0.78,4.59,3
1041,1041,genmatrix,medium,warm,200,15.45,15.44,0.01,0.3,15.14,False,,0.0,0.03,,0.27,0.29,4
1042,1042,matrixmul,medium,warm,200,665.23,665.22,0.01,512.35,152.87,False,,0.0,0.34,3.99,508.02,512.35,4
1043,1043,genmatrix,large,warm,200,67.74,52.07,15.67,1.22,50.86,False,,0.0,0.02,,1.19,1.21,5
1044,1044,resnet,small,warm,200,131.14,131.13,0.01,120.58,10.56,False,,,,,,,4
1045,1045,matrixmul,small,warm,200,375.07,375.06,0.01,4.9,370.16,False,,0.0,0.34,3.99,0.58,4.9,5
1046,1046,resnet,large,warm,200,132.84,132.83,0.01,123.36,9.47,False,,,,,,,3
1047,1047,mobilenet,medium,warm,200,39.55,39.54,0.01,24.16,15.38,False,,,,,,,4
1048,1048,matrixmul,large,warm,200,89.38,89.37,0.01,4.91,84.47,False,,0.0,0.35,3.98,0.56,4.9,3
1049,1049,genmatrix,large,warm,200,82.93,49.73,33.21,1.23,48.49,False,,0.0,0.03,,1.2,1.23,1
1050,1050,fetchdata,small,warm,200,93.52,93.51,0.01,81.98,11.54,False,81.95,0.0,0.02,0.0,,81.98,1
1051,1051,resnet,large,warm,200,129.4,129.39,0.01,119.66,9.73,False,,,,,,,1
1052,1052,fastfouriertransform,medium,warm,200,619.98,619.98,0.01,599.21,20.76,False,,0.0,3.9,0.0,595.3,599.21,2
1053,1053,resnet,medium,warm,200,127.73,127.72,0.01,118.94,8.78,False,,,,,,,2
1054,1054,genmatrix,medium,warm,200,18.07,18.07,0.01,0.29,17.78,False,,0.0,0.03,,0.26,0.29,3
1055,1055,linpack,small,warm,200,20.16,20.15,0.01,5.07,15.08,False,,0.0,0.36,3.97,0.74,5.07,2
1056,1056,genmatrix,large,warm,200,90.68,47.89,42.79,1.21,46.68,False,,0.0,0.03,,1.18,1.21,2
1057,1057,linpack,large,warm,200,19.46,19.46,0.01,7.04,12.42,False,,0.0,0.48,5.56,1.0,7.04,2
1058,1058,genmatrix,large,warm,200,83.16,50.05,33.12,1.24,48.81,False,,0.0,0.03,,1.21,1.24,2
1059,1059,fastfouriertransform,large,warm,200,26.72,26.71,0.01,4.61,22.1,False,,0.0,3.85,0.0,0.75,4.61,1
1060,1060,genmatrix,medium,warm,200,16.69,16.68,0.01,0.29,16.39,False,,0.0,0.03,,0.26,0.29,1
1061,1061,resnet,medium,warm,200,178.53,178.52,0.01,166.37,12.15,False,,,,,,,1
1062,1062,fastfouriertransform,medium,warm,200,619.89,619.88,0.01,600.03,19.85,False,,0.0,3.88,0.0,596.14,600.03,2
1063,1063,matrixmul,small,warm,200,25.93,25.92,0.01,6.13,19.8,False,,0.0,0.42,5.01,0.69,6.13,2
1064,1064,mobilenet,medium,warm,200,34.19,34.18,0.01,22.8,11.38,False,,,,,,,2
1065,1065,linpack,medium,warm,200,699.62,699.62,0.01,685.94,13.67,False,,0.0,0.53,6.31,679.1,685.94,2
1066,1066,mobilenet,small,warm,200,29.64,29.63,0.01,21.03,8.61,False,,,,,,,3
1067,1067,mobilenet,small,warm,200,32.12,32.11,0.01,21.38,10.73,False,,,,,,,3
1068,1068,fastfouriertransform,medium,warm,200,623.97,623.96,0.01,602.27,21.69,False,,0.0,3.84,0.0,598.42,602.27,3
1069,1069,linpack,small,warm,200,307.31,307.3,0.01,5.03,302.27,False,,0.0,0.33,3.97,0.73,5.03,3
1070,1070,resnet,large,warm,200,130.92,130.92,0.01,119.91,11.01,False,,,,,,,4
1071,1071,linpack,large,warm,200,111.92,111.91,0.01,5.03,106.88,False,,0.0,0.36,3.94,0.72,5.03,5
1072,1072,resnet,small,warm,200,150.29,150.29,0.01,140.16,10.13,False,,,,,,,4
1073,1073,genmatrix,medium,warm,200,18.02,18.01,0.01,0.3,17.72,False,,0.0,0.03,,0.27,0.3,3
1074,1074,linpack,large,warm,200,19.51,19.5,0.01,5.04,14.46,False,,0.0,0.35,3.95,0.73,5.04,2
1075,1075,mobilenet,large,warm,200,34.06,34.05,0.01,23.02,11.03,False,,,,,,,1
1076,1076,fetchdata,small,warm,200,138.64,138.63,0.01,128.64,9.99,False,128.61,0.0,0.02,0.0,,128.64,1
1077,1077,mobilenet,small,warm,200,30.02,30.01,0.01,21.41,8.6,False,,,,,,,2
1078,1078,linpack,large,warm,200,17.32,17.31,0.01,5.05,12.26,False,,0.0,0.35,3.96,0.74,5.05,1
1079,1079,linpack,large,warm,200,18.9,18.9,0.01,5.06,13.84,False,,0.0,0.35,3.98,0.73,5.06,1
1080,1080,linpack,small,warm,200,18.74,18.73,0.01,5.1,13.63,False,,0.0,0.35,4.01,0.73,5.1,1
1081,1081,genmatrix,medium,warm,200,17.81,17.8,0.01,0.3,17.51,False,,0.0,0.03,,0.27,0.3,1
1082,1082,fastfouriertransform,medium,warm,200,620.67,620.67,0.01,601.0,19.67,False,,0.0,3.85,0.0,597.14,601.0,1
1083,1083,matrixmul,large,warm,200,27.6,27.6,0.01,7.73,19.86,False,,0.0,0.52,6.33,0.88,7.73,2
1084,1084,genmatrix,small,warm,200,11.22,11.22,0.01,0.14,11.07,False,,0.0,0.03,,0.11,0.14,2
1085,1085,fetchdata,large,warm,200,91.51,91.5,0.01,82.46,9.04,False,82.43,0.0,0.02,0.0,,82.46,2
1086,1086,matrixmul,large,warm,200,27.09,27.09,0.01,7.73,19.36,False,,0.0,0.52,6.34,0.87,7.73,2
1087,1087,linpack,medium,warm,200,656.12,656.11,0.01,643.41,12.71,False,,0.0,0.37,3.96,639.07,643.4,2
1088,1088,mobilenet,large,warm,200,38.4,38.4,0.01,25.82,12.57,False,,,,,,,3
1089,1089,mobilenet,medium,warm,200,31.48,31.48,0.01,21.1,10.37,False,,,,,,,2
1090,1090,linpack,medium,warm,200,1002.71,1002.71,0.01,644.83,357.88,False,,0.0,0.33,3.96,640.53,644.83,2
1091,1091,linpack,small,warm,200,910.38,910.37,0.01,5.04,905.34,False,,0.0,0.34,3.97,0.72,5.04,3
1092,1092,matrixmul,large,warm,200,27.31,27.31,0.01,7.73,19.57,False,,0.0,0.52,6.33,0.88,7.73,4
1093,1093,resnet,medium,warm,200,346.1,346.1,0.01,123.7,222.39,False,,,,,,,4
1094,1094,fetchdata,medium,warm,200,90.17,90.16,0.01,81.65,8.51,False,81.62,0.0,0.02,0.0,,81.65,4
1095,1095,linpack,medium,warm,200,1153.89,1153.88,0.01,645.27,508.61,False,,0.0,0.33,3.96,640.97,645.27,4
1096,1096,resnet,large,warm,200,180.33,180.33,0.01,129.29,51.04,False,,,,,,,5
1097,1097,fetchdata,small,warm,200,90.07,90.07,0.01,81.46,8.6,False,81.43,0.0,0.02,0.0,,81.46,5
1098,1098,linpack,small,warm,200,867.75,867.74,0.01,5.03,862.72,False,,0.0,0.33,3.97,0.73,5.03,4
1099,1099,linpack,large,warm,200,778.42,778.42,0.01,5.01,773.41,False,,0.0,0.34,3.95,0.72,5.01,5
1100,1100,mobilenet,medium,warm,200,36.45,36.44,0.01,26.06,10.38,False,,,,,,,6
1101,1101,fastfouriertransform,large,warm,200,25.72,25.72,0.01,4.73,20.99,False,,0.0,3.89,0.0,0.83,4.73,4
1102,1102,fetchdata,medium,warm,200,92.06,92.06,0.01,81.91,10.15,False,81.88,0.0,0.02,0.0,,81.91,4
1103,1103,resnet,small,warm,200,129.35,129.35,0.01,121.5,7.84,False,,,,,,,4
1104,1104,genmatrix,large,warm,200,69.89,49.23,20.66,1.25,47.98,False,,0.0,0.03,,1.22,1.25,5
1105,1105,linpack,small,warm,200,158.61,158.6,0.0,5.01,153.59,False,,0.0,0.33,3.95,0.72,5.01,4
1106,1106,matrixmul,small,warm,200,27.33,27.33,0.01,7.77,19.55,False,,0.0,0.52,6.38,0.87,7.77,5
1107,1107,linpack,small,warm,200,17.2,17.2,0.01,5.04,12.16,False,,0.0,0.35,3.96,0.73,5.04,1
1108,1108,matrixmul,medium,warm,200,645.19,645.18,0.01,534.93,110.25,False,,0.0,0.52,6.32,528.07,534.93,1
1109,1109,resnet,small,warm,200,135.27,135.26,0.01,124.23,11.03,False,,,,,,,2
1110,1110,linpack,medium,warm,200,680.75,680.74,0.01,643.43,37.31,False,,0.0,0.35,3.97,639.11,643.43,3
1111,1111,fastfouriertransform,small,warm,200,109.81,109.81,0.01,4.72,105.09,False,,0.0,3.88,0.0,0.83,4.72,3
1112,1112,linpack,medium,warm,200,1124.12,1124.11,0.01,642.77,481.34,False,,0.0,0.33,3.96,638.47,642.77,4
1113,1113,matrixmul,small,warm,200,157.92,157.91,0.01,4.95,152.97,False,,0.0,0.36,3.99,0.59,4.95,4
1114,1114,fetchdata,small,warm,200,94.11,94.1,0.01,84.78,9.33,False,84.74,0.0,0.02,0.0,,84.77,5
1115,1115,fetchdata,large,warm,200,88.72,88.72,0.01,79.94,8.77,False,79.91,0.0,0.02,0.0,,79.94,3
1116,1116,matrixmul,small,warm,200,21.72,21.72,0.01,4.96,16.76,False,,0.0,0.35,4.02,0.58,4.95,3
1117,1117,fetchdata,small,warm,200,88.88,88.87,0.01,81.16,7.71,False,81.13,0.0,0.02,0.0,,81.16,2
1118,1118,matrixmul,small,warm,200,129.25,129.24,0.01,4.91,124.33,False,,0.0,0.35,3.99,0.57,4.91,2
1119,1119,fastfouriertransform,medium,warm,200,619.47,619.47,0.01,599.47,19.99,False,,0.0,3.87,0.0,595.59,599.47,3
1120,1120,fastfouriertransform,large,warm,200,529.1,529.09,0.01,4.6,524.49,False,,0.0,3.81,0.0,0.78,4.6,3
1121,1121,genmatrix,medium,warm,200,16.52,16.51,0.01,0.3,16.22,False,,0.0,0.03,,0.26,0.3,4
1122,1122,linpack,small,warm,200,130.38,130.38,0.01,5.01,125.36,False,,0.0,0.33,3.96,0.72,5.01,4
1123,1123,mobilenet,small,warm,200,34.51,34.5,0.01,24.15,10.35,False,,,,,,,5
1124,1124,matrixmul,medium,warm,200,530.61,530.6,0.01,511.86,18.74,False,,0.0,0.35,4.0,507.51,511.86,3
1125,1125,genmatrix,small,warm,200,9.63,9.63,0.01,0.14,9.48,False,,0.0,0.03,,0.11,0.14,4
1126,1126,linpack,large,warm,200,17.95,17.94,0.01,5.06,12.89,False,,0.0,0.36,3.97,0.73,5.06,2
1127,1127,fetchdata,medium,warm,200,91.57,91.57,0.01,82.31,9.26,False,82.28,0.0,0.02,0.0,,82.31,2
1128,1128,resnet,small,warm,200,146.92,146.92,0.01,136.91,10.01,False,,,,,,,2
1129,1129,fastfouriertransform,small,warm,200,24.35,24.35,0.01,4.69,19.66,False,,0.0,3.86,0.0,0.82,4.68,3
1130,1130,matrixmul,small,warm,200,114.21,114.2,0.01,4.93,109.27,False,,0.0,0.35,3.99,0.58,4.92,1
1131,1131,linpack,small,warm,200,16.44,16.43,0.01,5.05,11.38,False,,0.0,0.36,3.96,0.73,5.05,2
1132,1132,resnet,large,warm,200,132.62,132.61,0.01,121.53,11.08,False,,,,,,,1
1133,1133,resnet,large,warm,200,149.88,149.88,0.01,119.87,30.01,False,,,,,,,2
1134,1134,fetchdata,small,warm,200,91.89,91.88,0.01,83.19,8.69,False,83.16,0.0,0.02,0.0,,83.19,2
1135,1135,linpack,medium,warm,200,654.96,654.95,0.01,642.88,12.08,False,,0.0,0.37,3.96,638.55,642.87,1
1136,1136,mobilenet,medium,warm,200,32.8,32.79,0.01,22.78,10.01,False,,,,,,,2
1137,1137,fastfouriertransform,small,warm,200,24.8,24.79,0.01,4.68,20.11,False,,0.0,3.85,0.0,0.83,4.68,2
1138,1138,mobilenet,medium,warm,200,42.02,42.01,0.01,32.86,9.15,False,,,,,,,2
1139,1139,genmatrix,large,warm,200,59.57,47.91,11.67,1.28,46.62,False,,0.0,0.03,,1.25,1.28,2
1140,1140,fetchdata,small,warm,200,90.84,90.83,0.01,82.23,8.6,False,82.2,0.0,0.02,0.0,,82.23,2
1141,1141,fastfouriertransform,medium,warm,200,687.23,687.22,0.01,667.76,19.46,False,,0.0,5.74,0.0,662.01,667.76,2
1142,1142,resnet,large,warm,200,133.92,133.91,0.01,123.52,10.4,False,,,,,,,2
1143,1143,fastfouriertransform,large,warm,200,490.2,490.19,0.0,4.61,485.58,False,,0.0,3.83,0.0,0.77,4.61,3
1144,1144,resnet,large,warm,200,177.5,177.5,0.01,132.51,44.99,False,,,,,,,3
1145,1145,mobilenet,large,warm,200,34.81,34.81,0.01,25.69,9.11,False,,,,,,,4
1146,1146,mobilenet,medium,warm,200,30.23,30.22,0.01,19.66,10.56,False,,,,,,,3
1147,1147,fetchdata,small,warm,200,92.61,92.6,0.01,83.31,9.29,False,83.28,0.0,0.02,0.0,,83.31,3
1148,1148,resnet,medium,warm,200,140.35,140.34,0.01,132.01,8.33,False,,,,,,,1
1149,1149,mobilenet,large,warm,200,43.3,43.3,0.01,34.7,8.59,False,,,,,,,2
1150,1150,fetchdata,small,warm,200,91.23,91.22,0.01,82.66,8.56,False,82.63,0.0,0.02,0.0,,82.66,1
1151,1151,genmatrix,large,warm,200,71.55,46.89,24.66,1.22,45.67,False,,0.0,0.03,,1.18,1.22,1
1152,1152,fastfouriertransform,large,warm,200,24.98,24.97,0.01,4.72,20.25,False,,0.0,3.87,0.0,0.84,4.72,1
1153,1153,matrixmul,small,warm,200,23.48,23.48,0.01,4.9,18.58,False,,0.0,0.35,3.98,0.57,4.9,1
1154,1154,resnet,large,warm,200,197.7,197.69,0.01,188.47,9.22,False,,,,,,,1
1155,1155,resnet,large,warm,200,222.37,222.36,0.01,123.99,98.38,False,,,,,,,2
1156,1156,resnet,small,warm,200,257.1,257.09,0.01,128.98,128.11,False,,,,,,,2
1157,1157,fetchdata,medium,warm,200,89.95,89.94,0.01,82.39,7.55,False,82.36,0.0,0.02,0.0,,82.39,3
1158,1158,fastfouriertransform,large,warm,200,23.82,23.81,0.01,4.68,19.13,False,,0.0,3.89,0.0,0.79,4.68,2
1159,1159,fetchdata,medium,warm,200,92.13,92.12,0.01,81.95,10.17,False,81.92,0.0,0.02,0.0,,81.95,1
1160,1160,matrixmul,large,warm,200,27.53,27.53,0.01,6.9,20.63,False,,0.0,0.48,5.64,0.77,6.89,1
1161,1161,fastfouriertransform,medium,warm,200,622.52,622.51,0.01,602.6,19.91,False,,0.0,3.9,0.0,598.7,602.6,1
1162,1162,linpack,small,warm,200,81.15,81.14,0.01,5.06,76.08,False,,0.0,0.35,3.97,0.74,5.06,2
1163,1163,matrixmul,small,warm,200,123.81,123.81,0.01,7.73,116.08,False,,0.0,0.52,6.32,0.87,7.72,2
1164,1164,genmatrix,large,warm,200,70.69,49.29,21.41,1.2,48.08,False,,0.0,0.02,,1.17,1.2,3
1165,1165,genmatrix,small,warm,200,9.86,9.85,0.01,0.13,9.72,False,,0.0,0.02,,0.1,0.13,2
1166,1166,linpack,large,warm,200,16.61,16.6,0.01,5.08,11.52,False,,0.0,0.35,3.99,0.73,5.08,2
1167,1167,genmatrix,medium,warm,200,15.6,15.59,0.01,0.3,15.29,False,,0.0,0.03,,0.27,0.3,2
1168,1168,mobilenet,small,warm,200,32.04,32.04,0.01,22.88,9.16,False,,,,,,,1
1169,1169,matrixmul,large,warm,200,27.19,27.18,0.01,7.74,19.44,False,,0.0,0.52,6.34,0.87,7.74,1
1170,1170,matrixmul,large,warm,200,96.91,96.91,0.01,6.94,89.97,False,,0.0,0.47,5.69,0.77,6.93,1
1171,1171,mobilenet,large,warm,200,31.55,31.54,0.01,22.72,8.82,False,,,,,,,1
1172,1172,fetchdata,large,warm,200,91.36,91.36,0.01,81.48,9.87,False,81.45,0.0,0.02,0.0,,81.48,1
1173,1173,fetchdata,large,warm,200,88.79,88.78,0.01,80.01,8.77,False,79.98,0.0,0.02,0.0,,80.0,1
1174,1174,mobilenet,small,warm,200,33.34,33.33,0.01,22.66,10.67,False,,,,,,,1
1175,1175,fastfouriertransform,large,warm,200,23.46,23.45,0.01,4.69,18.76,False,,0.0,3.86,0.0,0.83,4.69,1
1176,1176,linpack,medium,warm,200,679.31,679.31,0.01,666.98,12.33,False,,0.0,0.53,6.32,660.13,666.97,1
1177,1177,fastfouriertransform,medium,warm,200,618.97,618.97,0.01,600.41,18.56,False,,0.0,3.85,0.0,596.55,600.41,2
1178,1178,mobilenet,small,warm,200,31.13,31.12,0.01,22.73,8.39,False,,,,,,,3
1179,1179,linpack,small,warm,200,381.57,381.56,0.01,5.04,376.52,False,,0.0,0.33,3.99,0.72,5.04,3
1180,1180,fastfouriertransform,medium,warm,200,960.35,960.34,0.01,638.2,322.14,False,,0.0,3.84,0.0,634.35,638.2,4
1181,1181,matrixmul,large,warm,200,124.11,124.1,0.01,7.75,116.36,False,,0.0,0.53,6.33,0.88,7.75,5
1182,1182,fetchdata,large,warm,200,89.54,89.53,0.01,81.68,7.86,False,81.64,0.0,0.02,0.0,,81.67,6
1183,1183,fetchdata,medium,warm,200,88.04,88.03,0.01,79.45,8.59,False,79.42,0.0,0.02,0.0,,79.44,3
1184,1184,fastfouriertransform,large,warm,200,564.9,564.89,0.01,4.59,560.3,False,,0.0,3.82,0.0,0.76,4.59,2
1185,1185,mobilenet,medium,warm,200,35.69,35.69,0.01,24.68,11.0,False,,,,,,,3
1186,1186,matrixmul,small,warm,200,109.23,28.14,81.09,7.7,20.45,False,,0.0,0.52,6.3,0.87,7.7,3
1187,1187,linpack,large,warm,200,17.23,17.23,0.01,5.05,12.18,False,,0.0,0.36,3.96,0.73,5.04,4
1188,1188,matrixmul,medium,warm,200,568.93,563.52,5.41,546.84,16.68,False,,0.0,0.55,6.33,539.95,546.84,3
1189,1189,fastfouriertransform,medium,warm,200,706.42,706.42,0.01,637.9,68.52,False,,0.0,3.82,0.0,634.07,637.9,4
1190,1190,fetchdata,medium,warm,200,91.55,91.54,0.01,82.5,9.05,False,82.47,0.0,0.02,0.0,,82.5,3
1191,1191,genmatrix,medium,warm,200,16.94,16.93,0.01,0.37,16.56,False,,0.0,0.03,,0.34,0.37,3
1192,1192,fetchdata,medium,warm,200,92.15,92.14,0.01,83.34,8.8,False,83.31,0.0,0.02,0.0,,83.34,3
1193,1193,mobilenet,medium,warm,200,32.89,32.88,0.01,22.86,10.03,False,,,,,,,3
1194,1194,genmatrix,medium,warm,200,16.02,16.02,0.01,0.3,15.72,False,,0.0,0.03,,0.26,0.29,2
1195,1195,matrixmul,large,warm,200,119.99,119.99,0.01,5.2,114.78,False,,0.0,0.35,4.22,0.63,5.2,2
1196,1196,matrixmul,small,warm,200,31.32,31.32,0.01,4.9,26.42,False,,0.0,0.35,3.99,0.56,4.9,3
1197,1197,genmatrix,medium,warm,200,14.93,14.92,0.01,0.33,14.59,False,,0.0,0.03,,0.3,0.33,1
1198,1198,fastfouriertransform,medium,warm,200,619.15,619.15,0.01,600.38,18.76,False,,0.0,3.85,0.0,596.52,600.38,1
1199,1199,resnet,small,warm,200,153.16,153.16,0.01,145.01,8.15,False,,,,,,,2
1200,1200,resnet,medium,warm,200,178.2,178.19,0.01,120.1,58.09,False,,,,,,,3
1201,1201,matrixmul,small,warm,200,22.7,22.7,0.01,4.91,17.79,False,,0.0,0.35,4.0,0.56,4.91,3
1202,1202,fastfouriertransform,medium,warm,200,860.68,860.68,0.01,636.86,223.82,False,,0.0,3.83,0.0,633.02,636.86,2
1203,1203,genmatrix,medium,warm,200,16.72,16.71,0.01,0.29,16.42,False,,0.0,0.03,,0.26,0.29,3
1204,1204,matrixmul,medium,warm,200,532.04,532.03,0.01,514.21,17.82,False,,0.0,0.35,3.97,509.88,514.21,3
1205,1205,resnet,large,warm,200,130.56,130.56,0.01,121.65,8.91,False,,,,,,,3
1206,1206,fetchdata,small,warm,200,89.96,89.96,0.01,81.79,8.17,False,81.75,0.0,0.02,0.0,,81.78,4
1207,1207,genmatrix,medium,warm,200,16.68,16.68,0.01,0.29,16.38,False,,0.0,0.03,,0.26,0.29,3
1208,1208,matrixmul,medium,warm,200,648.97,648.96,0.01,514.65,134.32,False,,0.0,0.34,3.97,510.33,514.64,3
1209,1209,fastfouriertransform,large,warm,200,161.48,161.47,0.01,4.58,156.89,False,,0.0,3.83,0.0,0.75,4.58,4
1210,1210,linpack,medium,warm,200,656.91,656.9,0.01,643.54,13.36,False,,0.0,0.35,3.96,639.22,643.54,4
1211,1211,resnet,medium,warm,200,145.65,145.65,0.01,136.36,9.29,False,,,,,,,3
1212,1212,matrixmul,large,warm,200,261.14,261.13,0.01,4.91,256.22,False,,0.0,0.33,3.99,0.58,4.91,4
1213,1213,linpack,small,warm,200,363.64,363.64,0.01,5.02,358.61,False,,0.0,0.33,3.96,0.72,5.02,4
1214,1214,fastfouriertransform,large,warm,200,22.08,22.07,0.01,4.61,17.46,False,,0.0,3.84,0.0,0.76,4.61,5
1215,1215,genmatrix,medium,warm,200,16.28,16.27,0.01,0.29,15.98,False,,0.0,0.02,,0.26,0.29,3
1216,1216,matrixmul,large,warm,200,21.04,21.03,0.01,4.92,16.11,False,,0.0,0.37,3.99,0.56,4.92,3
1217,1217,linpack,large,warm,200,17.24,17.24,0.01,5.03,12.21,False,,0.0,0.36,3.94,0.73,5.03,1
1218,1218,genmatrix,small,warm,200,9.04,9.03,0.01,0.14,8.89,False,,0.0,0.02,,0.11,0.14,1
1219,1219,fastfouriertransform,small,warm,200,24.23,24.22,0.01,4.64,19.59,False,,0.0,3.87,0.0,0.76,4.63,1
1220,1220,linpack,large,warm,200,18.93,18.92,0.01,5.06,13.87,False,,0.0,0.36,3.97,0.73,5.06,1
1221,1221,genmatrix,medium,warm,200,16.14,16.14,0.01,0.3,15.84,False,,0.0,0.02,,0.27,0.29,1
1222,1222,fastfouriertransform,small,warm,200,23.65,23.64,0.01,4.61,19.03,False,,0.0,3.86,0.0,0.75,4.61,1
1223,1223,fastfouriertransform,small,warm,200,23.87,23.86,0.01,4.63,19.23,False,,0.0,3.87,0.0,0.75,4.63,1
1224,1224,linpack,large,warm,200,17.69,17.69,0.01,5.06,12.63,False,,0.0,0.35,3.97,0.73,5.06,1
1225,1225,matrixmul,medium,warm,200,566.52,566.51,0.01,512.23,54.29,False,,0.0,0.35,3.99,507.89,512.23,1
1226,1226,fetchdata,large,warm,200,90.31,90.31,0.01,82.51,7.8,False,82.48,0.0,0.02,0.0,,82.51,2
1227,1227,fastfouriertransform,large,warm,200,23.51,23.5,0.01,4.68,18.82,False,,0.0,3.9,0.0,0.77,4.68,2
1228,1228,mobilenet,large,warm,200,31.51,31.5,0.01,23.08,8.43,False,,,,,,,2
1229,1229,fetchdata,medium,warm,200,91.88,91.88,0.01,82.28,9.6,False,82.25,0.0,0.02,0.0,,82.28,2
1230,1230,matrixmul,medium,warm,200,587.82,587.82,0.01,512.59,75.22,False,,0.0,0.34,3.98,508.26,512.59,2
1231,1231,linpack,small,warm,200,117.72,117.71,0.01,7.99,109.72,False,,0.0,0.55,6.31,1.13,7.99,2
1232,1232,resnet,small,warm,200,131.61,131.6,0.01,121.74,9.86,False,,,,,,,3
1233,1233,resnet,medium,warm,200,154.21,154.2,0.01,120.11,34.1,False,,,,,,,3
1234,1234,fetchdata,medium,warm,200,91.57,91.56,0.01,82.87,8.7,False,82.83,0.0,0.02,0.0,,82.86,3
1235,1235,genmatrix,medium,warm,200,16.24,16.24,0.01,0.29,15.94,False,,0.0,0.03,,0.26,0.29,2
1236,1236,mobilenet,small,warm,200,31.12,31.11,0.01,22.72,8.39,False,,,,,,,1
1237,1237,fastfouriertransform,large,warm,200,24.61,24.6,0.01,4.62,19.98,False,,0.0,3.86,0.0,0.75,4.62,1
1238,1238,mobilenet,medium,warm,200,31.1,31.09,0.01,22.71,8.38,False,,,,,,,1
1239,1239,resnet,medium,warm,200,229.14,229.13,0.01,220.54,8.59,False,,,,,,,1
1240,1240,resnet,small,warm,200,253.06,253.05,0.01,120.26,132.8,False,,,,,,,2
1241,1241,matrixmul,medium,warm,200,532.25,532.24,0.01,513.74,18.5,False,,0.0,0.37,3.97,509.39,513.74,3
1242,1242,genmatrix,medium,warm,200,15.04,15.04,0.01,0.29,14.74,False,,0.0,0.03,,0.26,0.29,3
1243,1243,mobilenet,large,warm,200,30.17,30.17,0.01,22.48,7.69,False,,,,,,,2
1244,1244,matrixmul,large,warm,200,246.19,246.19,0.01,4.9,241.28,False,,0.0,0.34,3.98,0.58,4.9,2
1245,1245,fetchdata,small,warm,200,144.64,144.64,0.01,133.06,11.57,False,133.03,0.0,0.02,0.0,,133.06,3
1246,1246,fastfouriertransform,small,warm,200,26.23,26.23,0.01,7.26,18.97,False,,0.0,6.11,0.0,1.14,7.26,4
1247,1247,linpack,small,warm,200,20.88,20.88,0.01,8.0,12.88,False,,0.0,0.53,6.33,1.14,8.0,1
1248,1248,fetchdata,small,warm,200,90.64,90.63,0.01,82.11,8.52,False,82.08,0.0,0.02,0.0,,82.11,1
1249,1249,genmatrix,medium,warm,200,16.49,16.48,0.01,0.29,16.19,False,,0.0,0.03,,0.26,0.29,1
1250,1250,fastfouriertransform,large,warm,200,26.58,26.58,0.01,7.31,19.26,False,,0.0,6.16,0.0,1.15,7.31,1
1251,1251,linpack,medium,warm,200,679.23,679.23,0.01,668.33,10.9,False,,0.0,0.53,6.31,661.48,668.33,1
1252,1252,genmatrix,medium,warm,200,15.62,15.61,0.01,0.32,15.3,False,,0.0,0.03,,0.29,0.32,2
1253,1253,genmatrix,small,warm,200,10.11,10.11,0.01,0.13,9.98,False,,0.0,0.02,,0.11,0.13,2
1254,1254,resnet,large,warm,200,283.82,283.81,0.01,275.46,8.35,False,,,,,,,2
1255,1255,matrixmul,medium,warm,200,528.67,528.67,0.01,512.14,16.53,False,,0.0,0.38,3.98,507.77,512.13,3
1256,1256,linpack,small,warm,200,188.13,188.12,0.01,5.03,183.09,False,,0.0,0.33,3.96,0.73,5.03,4
1257,1257,genmatrix,large,warm,200,113.2,50.05,63.15,1.26,48.78,False,,0.0,0.03,,1.23,1.26,4
1258,1258,genmatrix,large,warm,200,72.75,41.44,31.31,1.0,40.44,False,,0.0,0.02,,0.97,0.99,3
1259,1259,mobilenet,medium,warm,200,32.55,32.54,0.01,23.44,9.1,False,,,,,,,2
1260,1260,resnet,small,warm,200,131.25,131.25,0.01,121.71,9.54,False,,,,,,,2
1261,1261,fastfouriertransform,small,warm,200,27.36,27.36,0.01,7.25,20.1,False,,0.0,6.1,0.0,1.15,7.25,2
1262,1262,linpack,small,warm,200,81.14,81.13,0.01,5.07,76.06,False,,0.0,0.36,3.98,0.73,5.07,1
1263,1263,mobilenet,medium,warm,200,32.73,32.73,0.01,22.77,9.96,False,,,,,,,1
1264,1264,fastfouriertransform,medium,warm,200,644.31,644.31,0.01,626.26,18.05,False,,0.0,6.08,0.0,620.18,626.26,1
1265,1265,resnet,large,warm,200,136.76,136.76,0.01,126.98,9.77,False,,,,,,,2
1266,1266,matrixmul,medium,warm,200,530.23,530.23,0.01,513.99,16.24,False,,0.0,0.35,3.99,509.64,513.99,3
1267,1267,linpack,large,warm,200,17.39,17.39,0.01,5.05,12.33,False,,0.0,0.36,3.97,0.73,5.05,3
1268,1268,mobilenet,large,warm,200,32.28,32.27,0.01,23.14,9.13,False,,,,,,,3
1269,1269,fastfouriertransform,small,warm,200,149.73,149.72,0.01,4.58,145.14,False,,0.0,3.82,0.0,0.75,4.58,3
1270,1270,matrixmul,medium,warm,200,646.15,646.15,0.01,512.49,133.65,False,,0.0,0.34,3.99,508.16,512.49,4
1271,1271,genmatrix,large,warm,200,80.18,51.06,29.13,1.21,49.84,False,,0.0,0.03,,1.18,1.21,3
1272,1272,fetchdata,large,warm,200,91.21,91.21,0.01,82.58,8.63,False,82.55,0.0,0.02,0.0,,82.58,2
1273,1273,fetchdata,medium,warm,200,89.76,89.75,0.01,80.29,9.47,False,80.26,0.0,0.02,0.0,,80.29,2
1274,1274,linpack,large,warm,200,17.7,17.69,0.01,5.04,12.65,False,,0.0,0.35,3.95,0.73,5.04,2
1275,1275,fastfouriertransform,small,warm,200,24.01,24.0,0.01,4.61,19.39,False,,0.0,3.86,0.0,0.75,4.61,2
1276,1276,matrixmul,large,warm,200,57.82,57.82,0.01,4.91,52.91,False,,0.0,0.34,3.99,0.58,4.91,2
1277,1277,fastfouriertransform,medium,warm,200,618.77,618.76,0.01,600.83,17.93,False,,0.0,3.85,0.0,596.98,600.83,1
1278,1278,fetchdata,large,warm,200,90.76,90.75,0.01,82.99,7.76,False,82.96,0.0,0.02,0.0,,82.99,2
1279,1279,resnet,medium,warm,200,235.54,235.53,0.01,227.92,7.61,False,,,,,,,2
1280,1280,mobilenet,large,warm,200,35.04,35.04,0.01,26.02,9.02,False,,,,,,,3
1281,1281,genmatrix,large,warm,200,82.81,49.71,33.1,1.23,48.48,False,,0.0,0.03,,1.2,1.23,3
1282,1282,mobilenet,small,warm,200,35.15,35.15,0.01,22.68,12.47,False,,,,,,,2
1283,1283,fetchdata,large,warm,200,90.0,90.0,0.01,81.96,8.04,False,81.93,0.0,0.02,0.0,,81.96,2
1284,1284,linpack,small,warm,200,16.74,16.74,0.01,5.07,11.67,False,,0.0,0.36,3.97,0.74,5.07,1
1285,1285,linpack,small,warm,200,16.98,16.98,0.01,5.05,11.92,False,,0.0,0.35,3.97,0.73,5.05,1
1286,1286,resnet,small,warm,200,138.95,138.94,0.01,129.72,9.23,False,,,,,,,1
1287,1287,matrixmul,small,warm,200,55.23,49.15,6.07,4.93,44.22,False,,0.0,0.37,3.99,0.56,4.93,2
1288,1288,mobilenet,medium,warm,200,35.46,35.46,0.01,26.05,9.41,False,,,,,,,1
1289,1289,genmatrix,small,warm,200,10.04,10.03,0.01,0.14,9.89,False,,0.0,0.03,,0.11,0.14,1
1290,1290,matrixmul,large,warm,200,27.84,27.83,0.01,7.83,20.0,False,,0.0,0.55,6.38,0.89,7.83,1
1291,1291,matrixmul,small,warm,200,26.02,26.01,0.01,6.85,19.16,False,,0.0,0.46,5.61,0.78,6.85,1
1292,1292,matrixmul,small,warm,200,79.94,26.67,53.27,7.28,19.39,False,,0.0,0.49,5.96,0.82,7.28,1
1293,1293,genmatrix,large,warm,200,72.15,49.4,22.75,1.24,48.17,False,,0.0,0.03,,1.21,1.24,1
1294,1294,matrixmul,small,warm,200,59.0,27.02,31.98,7.74,19.28,False,,0.0,0.52,6.34,0.87,7.74,1
1295,1295,genmatrix,medium,warm,200,16.33,16.33,0.01,0.29,16.03,False,,0.0,0.03,,0.26,0.29,1
1296,1296,resnet,large,warm,200,129.49,129.48,0.01,120.87,8.61,False,,,,,,,1
1297,1297,fastfouriertransform,large,warm,200,22.78,22.78,0.01,4.64,18.14,False,,0.0,3.87,0.0,0.77,4.64,2
1298,1298,genmatrix,small,warm,200,10.37,10.37,0.01,0.14,10.22,False,,0.0,0.03,,0.11,0.14,1
1299,1299,resnet,large,warm,200,129.07,129.06,0.01,120.49,8.57,False,,,,,,,1
1300,1300,mobilenet,small,warm,200,34.82,34.81,0.01,25.73,9.08,False,,,,,,,2
1301,1301,genmatrix,large,warm,200,81.49,49.65,31.84,1.21,48.44,False,,0.0,0.03,,1.18,1.21,1
1302,1302,genmatrix,large,warm,200,68.22,40.57,27.66,0.97,39.59,False,,0.0,0.02,,0.95,0.97,1
1303,1303,matrixmul,large,warm,200,33.33,28.76,4.57,7.78,20.98,False,,0.0,0.52,6.38,0.87,7.78,1
1304,1304,fastfouriertransform,small,warm,200,23.05,23.05,0.01,4.62,18.43,False,,0.0,3.86,0.0,0.75,4.62,1
1305,1305,fastfouriertransform,small,warm,200,22.15,22.15,0.01,4.61,17.54,False,,0.0,3.84,0.0,0.76,4.61,1
1306,1306,genmatrix,large,warm,200,61.67,48.85,12.82,1.21,47.63,False,,0.0,0.03,,1.18,1.21,1
1307,1307,matrixmul,large,warm,200,55.42,55.41,0.01,7.73,47.68,False,,0.0,0.52,6.31,0.89,7.73,1
1308,1308,mobilenet,large,warm,200,31.84,31.83,0.01,23.02,8.81,False,,,,,,,1
1309,1309,fetchdata,large,warm,200,89.5,89.5,0.01,82.07,7.42,False,82.04,0.0,0.02,0.0,,82.07,1
1310,1310,genmatrix,small,warm,200,10.14,10.13,0.01,0.14,9.99,False,,0.0,0.03,,0.11,0.14,1
1311,1311,fetchdata,large,warm,200,89.39,89.38,0.01,81.02,8.36,False,80.99,0.0,0.02,0.0,,81.02,1
1312,1312,resnet,medium,warm,200,182.31,182.3,0.01,173.86,8.44,False,,,,,,,1
1313,1313,genmatrix,medium,warm,200,16.11,16.11,0.01,0.3,15.81,False,,0.0,0.03,,0.27,0.3,2
1314,1314,fetchdata,small,warm,200,89.82,89.82,0.01,82.2,7.61,False,82.17,0.0,0.02,0.0,,82.2,1
1315,1315,linpack,large,warm,200,115.32,115.32,0.01,7.97,107.34,False,,0.0,0.52,6.29,1.15,7.97,1
1316,1316,fetchdata,medium,warm,200,89.75,89.74,0.01,81.09,8.65,False,81.06,0.0,0.02,0.0,,81.09,2
1317,1317,fetchdata,small,warm,200,87.68,87.67,0.01,80.97,6.7,False,80.94,0.0,0.02,0.0,,80.96,1
1318,1318,genmatrix,small,warm,200,10.31,10.31,0.01,0.14,10.16,False,,0.0,0.03,,0.11,0.14,1
1319,1319,mobilenet,medium,warm,200,32.43,32.43,0.01,23.02,9.41,False,,,,,,,1
1320,1320,fetchdata,medium,warm,200,91.5,91.5,0.01,83.15,8.34,False,83.12,0.0,0.02,0.0,,83.15,1
1321,1321,fetchdata,small,warm,200,88.9,88.9,0.01,81.24,7.66,False,81.21,0.0,0.02,0.0,,81.24,1
1322,1322,matrixmul,large,warm,200,27.09,27.08,0.01,7.75,19.33,False,,0.0,0.52,6.35,0.88,7.75,1
1323,1323,mobilenet,medium,warm,200,32.22,32.22,0.01,24.23,7.99,False,,,,,,,1
1324,1324,linpack,large,warm,200,20.43,20.42,0.01,8.01,12.41,False,,0.0,0.52,6.33,1.15,8.01,1
1325,1325,matrixmul,large,warm,200,204.95,120.95,83.99,7.72,113.23,False,,0.0,0.52,6.32,0.87,7.72,1
1326,1326,linpack,medium,warm,200,693.76,693.76,0.01,682.94,10.81,False,,0.0,0.52,6.3,676.12,682.94,2
1327,1327,fetchdata,small,warm,200,88.21,88.21,0.01,81.43,6.78,False,81.4,0.0,0.02,0.0,,81.43,3
1328,1328,linpack,medium,warm,200,1141.84,1141.83,0.01,646.92,494.91,False,,0.0,0.33,3.96,642.63,646.92,2
1329,1329,resnet,large,warm,200,163.26,163.26,0.01,154.52,8.73,False,,,,,,,3
1330,1330,fastfouriertransform,medium,warm,200,646.44,646.44,0.01,626.35,20.08,False,,0.0,6.12,0.0,620.23,626.35,4
1331,1331,mobilenet,medium,warm,200,30.45,30.44,0.01,22.79,7.66,False,,,,,,,4
1332,1332,fastfouriertransform,medium,warm,200,1048.16,1048.15,0.01,601.04,447.1,False,,0.0,3.83,0.0,597.2,601.04,4
1333,1333,fetchdata,small,warm,200,89.43,89.42,0.01,81.77,7.65,False,81.74,0.0,0.02,0.0,,81.77,4
1334,1334,mobilenet,small,warm,200,29.58,29.57,0.01,22.53,7.05,False,,,,,,,4
1335,1335,fastfouriertransform,medium,warm,200,1391.27,1391.27,0.0,637.91,753.36,False,,0.0,3.84,0.0,634.06,637.91,4
1336,1336,fetchdata,large,warm,200,89.5,89.5,0.01,81.99,7.51,False,81.96,0.0,0.02,0.0,,81.99,5
1337,1337,fetchdata,small,warm,200,88.14,88.14,0.01,80.35,7.79,False,80.32,0.0,0.02,0.0,,80.35,4
1338,1338,linpack,small,warm,200,147.56,147.56,0.01,5.02,142.54,False,,0.0,0.33,3.97,0.71,5.02,4
1339,1339,linpack,medium,warm,200,693.36,693.35,0.01,644.93,48.42,False,,0.0,0.33,3.98,640.61,644.93,5
1340,1340,resnet,large,warm,200,239.14,239.13,0.01,231.31,7.83,False,,,,,,,4
1341,1341,matrixmul,small,warm,200,27.15,27.15,0.01,7.75,19.4,False,,0.0,0.52,6.35,0.88,7.75,5
1342,1342,linpack,small,warm,200,410.32,410.32,0.01,5.02,405.3,False,,0.0,0.35,3.95,0.72,5.02,5
1343,1343,fetchdata,large,warm,200,89.05,89.04,0.01,81.57,7.47,False,81.54,0.0,0.02,0.0,,81.57,4
1344,1344,fetchdata,medium,warm,200,88.93,88.92,0.01,80.9,8.02,False,80.88,0.0,0.02,0.0,,80.9,4
1345,1345,matrixmul,medium,warm,200,567.72,567.72,0.01,549.25,18.46,False,,0.0,0.52,6.3,542.43,549.25,4
1346,1346,fastfouriertransform,small,warm,200,297.09,297.08,0.0,4.62,292.46,False,,0.0,3.83,0.0,0.78,4.62,4
1347,1347,fetchdata,large,warm,200,90.86,90.86,0.01,83.37,7.48,False,83.34,0.0,0.02,0.0,,83.37,4
1348,1348,fetchdata,small,warm,200,87.23,87.23,0.01,79.38,7.85,False,79.35,0.0,0.02,0.0,,79.38,4
1349,1349,mobilenet,large,warm,200,32.21,32.21,0.01,23.16,9.05,False,,,,,,,2
1350,1350,matrixmul,small,warm,200,79.09,76.68,2.41,4.91,71.77,False,,0.0,0.36,3.96,0.57,4.91,2
1351,1351,fastfouriertransform,medium,warm,200,620.46,620.45,0.01,602.29,18.17,False,,0.0,3.86,0.0,598.41,602.29,1
1352,1352,fetchdata,large,warm,200,89.75,89.74,0.01,81.31,8.43,False,81.28,0.0,0.02,0.0,,81.31,2
1353,1353,linpack,large,warm,200,16.28,16.27,0.01,5.06,11.21,False,,0.0,0.36,3.95,0.74,5.05,2
1354,1354,genmatrix,medium,warm,200,106.33,15.85,90.48,0.3,15.55,False,,0.0,0.03,,0.27,0.3,2
1355,1355,matrixmul,large,warm,200,20.64,20.63,0.01,4.94,15.69,False,,0.0,0.35,4.0,0.58,4.94,3
1356,1356,fastfouriertransform,small,warm,200,127.36,127.35,0.01,4.6,122.75,False,,0.0,3.84,0.0,0.76,4.6,2
1357,1357,fetchdata,small,warm,200,88.89,88.88,0.01,81.81,7.07,False,81.78,0.0,0.02,0.0,,81.81,3
1358,1358,matrixmul,large,warm,200,21.69,21.68,0.01,4.88,16.8,False,,0.0,0.35,3.96,0.56,4.87,1
1359,1359,matrixmul,medium,warm,200,530.07,530.06,0.01,513.12,16.94,False,,0.0,0.35,3.98,508.79,513.12,1
1360,1360,matrixmul,small,warm,200,438.02,438.01,0.0,4.92,433.1,False,,0.0,0.34,4.0,0.58,4.92,2
1361,1361,fetchdata,small,warm,200,90.17,90.16,0.01,81.84,8.32,False,81.81,0.0,0.02,0.0,,81.84,3
1362,1362,resnet,large,warm,200,126.68,126.67,0.01,119.43,7.25,False,,,,,,,3
1363,1363,mobilenet,medium,warm,200,30.31,30.3,0.01,22.56,7.74,False,,,,,,,4
1364,1364,resnet,medium,warm,200,154.1,154.09,0.01,145.9,8.19,False,,,,,,,3
1365,1365,fastfouriertransform,medium,warm,200,618.15,618.15,0.01,601.02,17.13,False,,0.0,3.86,0.0,597.15,601.02,2
1366,1366,resnet,medium,warm,200,131.54,131.53,0.01,123.23,8.3,False,,,,,,,2
1367,1367,linpack,large,warm,200,15.57,15.56,0.01,5.08,10.48,False,,0.0,0.37,3.96,0.74,5.08,3
1368,1368,matrixmul,large,warm,200,20.82,20.82,0.01,4.92,15.9,False,,0.0,0.37,3.98,0.57,4.92,2
1369,1369,genmatrix,large,warm,200,71.3,46.73,24.57,1.19,45.53,False,,0.0,0.02,,1.16,1.19,2
1370,1370,fastfouriertransform,small,warm,200,125.81,125.81,0.01,4.55,121.25,False,,0.0,3.84,0.0,0.71,4.55,2
1371,1371,fastfouriertransform,medium,warm,200,662.81,662.81,0.01,636.39,26.42,False,,0.0,3.83,0.0,632.54,636.39,3
1372,1372,matrixmul,medium,warm,200,608.23,608.23,0.01,513.56,94.67,False,,0.0,0.35,3.99,509.22,513.56,2
1373,1373,resnet,medium,warm,200,135.94,135.93,0.01,127.92,8.01,False,,,,,,,3
1374,1374,linpack,small,warm,200,15.08,15.08,0.01,5.06,10.01,False,,0.0,0.34,3.98,0.74,5.06,4
1375,1375,mobilenet,large,warm,200,31.33,31.33,0.01,22.99,8.33,False,,,,,,,3
1376,1376,resnet,medium,warm,200,146.68,146.67,0.01,140.33,6.34,False,,,,,,,3
1377,1377,resnet,small,warm,200,170.72,170.72,0.01,120.19,50.53,False,,,,,,,4
1378,1378,fastfouriertransform,small,warm,200,22.19,22.18,0.0,4.63,17.56,False,,0.0,3.85,0.0,0.77,4.63,3
1379,1379,mobilenet,large,warm,200,34.25,34.24,0.01,23.11,11.13,False,,,,,,,1
1380,1380,matrixmul,medium,warm,200,529.12,529.11,0.01,513.24,15.88,False,,0.0,0.35,4.0,508.88,513.24,1
1381,1381,resnet,medium,warm,200,126.76,126.75,0.01,119.56,7.19,False,,,,,,,2
1382,1382,mobilenet,large,warm,200,52.06,52.06,0.01,22.91,29.14,False,,,,,,,3
1383,1383,resnet,small,warm,200,129.54,129.54,0.01,121.93,7.6,False,,,,,,,2
1384,1384,matrixmul,large,warm,200,144.62,140.66,3.96,4.93,135.73,False,,0.0,0.34,4.01,0.58,4.93,3
1385,1385,matrixmul,small,warm,200,54.8,54.8,0.01,4.91,49.89,False,,0.0,0.36,3.98,0.56,4.91,3
1386,1386,fetchdata,large,warm,200,144.2,144.2,0.01,137.41,6.79,False,137.38,0.0,0.02,0.0,,137.41,1
1387,1387,genmatrix,medium,warm,200,19.35,15.67,3.68,0.29,15.38,False,,0.0,0.03,,0.26,0.29,2
1388,1388,resnet,medium,warm,200,130.1,130.09,0.01,122.18,7.92,False,,,,,,,1
1389,1389,resnet,large,warm,200,152.72,152.72,0.01,120.63,32.09,False,,,,,,,2
1390,1390,resnet,medium,warm,200,183.72,183.71,0.01,122.04,61.67,False,,,,,,,2
1391,1391,genmatrix,large,warm,200,68.51,47.22,21.29,1.21,46.0,False,,0.0,0.03,,1.18,1.21,2
1392,1392,matrixmul,medium,warm,200,549.86,549.85,0.01,533.03,16.82,False,,0.0,0.35,3.99,528.68,533.03,1
1393,1393,linpack,small,warm,200,18.54,18.53,0.01,8.0,10.53,False,,0.0,0.52,6.34,1.14,8.0,2
1394,1394,matrixmul,medium,warm,200,867.8,867.79,0.01,512.54,355.25,False,,0.0,0.35,4.0,508.18,512.54,2
1395,1395,genmatrix,small,warm,200,9.08,9.07,0.01,0.14,8.93,False,,0.0,0.02,,0.11,0.14,3
1396,1396,fetchdata,large,warm,200,89.11,89.1,0.01,82.48,6.62,False,82.45,0.0,0.02,0.0,,82.48,3
1397,1397,matrixmul,large,warm,200,585.44,581.94,3.5,4.93,577.01,False,,0.0,0.35,4.0,0.58,4.93,3
1398,1398,linpack,large,warm,200,114.36,114.35,0.01,7.99,106.36,False,,0.0,0.53,6.32,1.14,7.99,3
1399,1399,genmatrix,small,warm,200,9.36,9.35,0.01,0.14,9.22,False,,0.0,0.02,,0.11,0.14,4
1400,1400,resnet,medium,warm,200,237.83,237.83,0.01,128.55,109.28,False,,,,,,,3
1401,1401,matrixmul,large,warm,200,190.47,190.47,0.01,4.9,185.57,False,,0.0,0.34,3.99,0.57,4.9,4
1402,1402,linpack,large,warm,200,19.01,19.01,0.01,7.92,11.09,False,,0.0,0.51,6.3,1.1,7.92,5
1403,1403,resnet,small,warm,200,139.33,139.33,0.01,129.98,9.34,False,,,,,,,1
1404,1404,genmatrix,small,warm,200,9.8,9.79,0.01,0.14,9.65,False,,0.0,0.02,,0.11,0.14,2
1405,1405,resnet,medium,warm,200,129.35,129.34,0.01,121.98,7.36,False,,,,,,,1
1406,1406,mobilenet,large,warm,200,48.86,48.86,0.01,37.88,10.98,False,,,,,,,2
1407,1407,genmatrix,large,warm,200,72.98,47.23,25.75,1.22,46.01,False,,0.0,0.02,,1.19,1.22,1
1408,1408,resnet,medium,warm,200,126.59,126.58,0.01,119.57,7.02,False,,,,,,,1
1409,1409,mobilenet,large,warm,200,24.39,24.39,0.0,17.7,6.69,False,,,,,,,2
1410,1410,mobilenet,small,warm,200,32.13,32.12,0.01,24.52,7.6,False,,,,,,,1
1411,1411,resnet,large,warm,200,135.8,135.8,0.01,128.48,7.32,False,,,,,,,1
1412,1412,fastfouriertransform,small,warm,200,21.88,21.88,0.01,4.63,17.24,False,,0.0,3.88,0.0,0.75,4.63,2
1413,1413,fastfouriertransform,medium,warm,200,622.99,622.99,0.01,604.97,18.02,False,,0.0,3.84,0.0,601.11,604.96,1
1414,1414,matrixmul,medium,warm,200,528.86,528.85,0.01,513.01,15.85,False,,0.0,0.39,3.99,508.63,513.01,2
1415,1415,mobilenet,medium,warm,200,25.51,25.51,0.01,17.77,7.73,False,,,,,,,3
1416,1416,genmatrix,small,warm,200,8.81,8.81,0.01,0.14,8.67,False,,0.0,0.03,,0.11,0.14,3
1417,1417,fetchdata,large,warm,200,88.91,88.9,0.01,81.63,7.28,False,81.6,0.0,0.02,0.0,,81.63,3
1418,1418,linpack,large,warm,200,113.87,113.86,0.01,7.97,105.89,False,,0.0,0.52,6.31,1.14,7.97,3
1419,1419,fetchdata,large,warm,200,88.9,88.9,0.01,81.92,6.98,False,81.89,0.0,0.02,0.0,,81.92,4
1420,1420,genmatrix,small,warm,200,9.93,9.92,0.01,0.14,9.78,False,,0.0,0.02,,0.11,0.14,1
1421,1421,genmatrix,small,warm,200,8.29,8.28,0.01,0.14,8.14,False,,0.0,0.03,,0.11,0.14,1
1422,1422,resnet,small,warm,200,223.94,223.93,0.01,212.78,11.15,False,,,,,,,1
1423,1423,resnet,medium,warm,200,255.0,255.0,0.01,129.46,125.53,False,,,,,,,2
1424,1424,genmatrix,medium,warm,200,14.38,14.38,0.01,0.3,14.08,False,,0.0,0.03,,0.27,0.3,3
1425,1425,resnet,medium,warm,200,176.06,176.06,0.01,122.17,53.88,False,,,,,,,2
1426,1426,matrixmul,small,warm,200,20.99,20.98,0.01,4.94,16.04,False,,0.0,0.36,3.99,0.58,4.94,2
1427,1427,fetchdata,large,warm,200,89.48,89.47,0.01,82.12,7.36,False,82.08,0.0,0.02,0.0,,82.11,1
1428,1428,matrixmul,large,warm,200,119.3,119.29,0.01,4.93,114.36,False,,0.0,0.36,3.99,0.58,4.93,1
1429,1429,matrixmul,large,warm,200,27.74,27.73,0.01,4.93,22.81,False,,0.0,0.33,4.02,0.57,4.92,2
1430,1430,linpack,large,warm,200,18.83,18.82,0.01,7.98,10.85,False,,0.0,0.52,6.3,1.15,7.97,1
1431,1431,genmatrix,large,warm,200,64.27,48.06,16.21,1.19,46.86,False,,0.0,0.02,,1.16,1.19,1
1432,1432,linpack,large,warm,200,18.81,18.8,0.01,7.94,10.86,False,,0.0,0.52,6.29,1.13,7.94,1
1433,1433,matrixmul,large,warm,200,20.69,20.69,0.01,4.92,15.77,False,,0.0,0.37,3.98,0.56,4.91,1
1434,1434,fetchdata,small,warm,200,90.31,90.31,0.01,82.47,7.84,False,82.42,0.0,0.02,0.0,,82.46,1
1435,1435,mobilenet,medium,warm,200,31.13,31.13,0.01,24.12,7.01,False,,,,,,,1
1436,1436,resnet,medium,warm,200,136.52,136.52,0.01,128.73,7.79,False,,,,,,,1
1437,1437,mobilenet,medium,warm,200,25.55,25.54,0.01,19.36,6.18,False,,,,,,,2
1438,1438,linpack,medium,warm,200,692.75,692.75,0.01,681.8,10.95,False,,0.0,0.54,6.29,674.96,681.8,1
1439,1439,genmatrix,small,warm,200,8.99,8.98,0.01,0.16,8.82,False,,0.0,0.03,,0.13,0.16,2
1440,1440,genmatrix,large,warm,200,62.58,47.12,15.45,1.24,45.89,False,,0.0,0.02,,1.21,1.24,2
1441,1441,fetchdata,medium,warm,200,88.85,88.84,0.01,82.17,6.67,False,82.14,0.0,0.02,0.0,,82.17,2
1442,1442,fetchdata,medium,warm,200,88.28,88.28,0.01,82.78,5.5,False,82.75,0.0,0.02,0.0,,82.78,2
1443,1443,resnet,large,warm,200,144.12,144.12,0.01,136.86,7.26,False,,,,,,,2
1444,1444,matrixmul,medium,warm,200,554.4,552.85,1.54,537.34,15.51,False,,0.0,0.35,4.0,532.98,537.34,3
1445,1445,fastfouriertransform,large,warm,200,26.3,26.29,0.01,7.24,19.05,False,,0.0,6.09,0.0,1.15,7.24,2
1446,1446,genmatrix,large,warm,200,64.58,47.22,17.35,1.21,46.02,False,,0.0,0.03,,1.17,1.2,2
1447,1447,fetchdata,medium,warm,200,89.08,89.08,0.01,82.03,7.05,False,82.0,0.0,0.02,0.0,,82.03,2
1448,1448,linpack,medium,warm,200,655.17,655.17,0.01,644.52,10.64,False,,0.0,0.36,3.94,640.21,644.52,2
1449,1449,linpack,small,warm,200,565.3,565.29,0.01,5.02,560.28,False,,0.0,0.33,3.97,0.72,5.01,3
1450,1450,matrixmul,small,warm,200,20.95,20.94,0.01,4.98,15.97,False,,0.0,0.36,4.02,0.59,4.98,3
1451,1451,matrixmul,large,warm,200,20.37,20.36,0.01,4.88,15.48,False,,0.0,0.35,3.97,0.56,4.88,3
1452,1452,fastfouriertransform,medium,warm,200,659.36,659.36,0.01,642.14,17.22,False,,0.0,6.09,0.0,636.04,642.14,3
1453,1453,fetchdata,large,warm,200,90.56,90.55,0.01,84.02,6.53,False,83.99,0.0,0.02,0.0,,84.02,4
1454,1454,matrixmul,large,warm,200,21.16,21.15,0.01,4.91,16.25,False,,0.0,0.35,4.0,0.56,4.91,4
1455,1455,fetchdata,small,warm,200,88.37,88.36,0.01,82.17,6.2,False,82.14,0.0,0.02,0.0,,82.17,2
1456,1456,mobilenet,large,warm,200,24.89,24.88,0.01,17.77,7.12,False,,,,,,,2
1457,1457,matrixmul,large,warm,200,119.97,119.97,0.01,4.92,115.05,False,,0.0,0.37,3.98,0.56,4.92,2
1458,1458,genmatrix,medium,warm,200,15.73,15.72,0.01,0.3,15.42,False,,0.0,0.03,,0.27,0.3,3
1459,1459,mobilenet,small,warm,200,29.98,29.98,0.01,23.12,6.86,False,,,,,,,1
1460,1460,resnet,large,warm,200,242.53,242.52,0.01,231.34,11.18,False,,,,,,,1
1461,1461,resnet,small,warm,200,278.68,278.68,0.01,123.1,155.57,False,,,,,,,2
1462,1462,mobilenet,small,warm,200,32.38,32.38,0.01,22.82,9.55,False,,,,,,,3
1463,1463,genmatrix,large,warm,200,62.6,47.55,15.05,1.23,46.31,False,,0.0,0.03,,1.2,1.23,2
1464,1464,mobilenet,large,warm,200,28.36,28.35,0.01,20.88,7.47,False,,,,,,,1
1465,1465,mobilenet,small,warm,200,27.79,27.79,0.01,21.05,6.73,False,,,,,,,1
1466,1466,fastfouriertransform,medium,warm,200,621.7,621.7,0.01,602.54,19.16,False,,0.0,3.85,0.0,598.68,602.53,1
1467,1467,matrixmul,large,warm,200,20.42,20.41,0.01,4.93,15.48,False,,0.0,0.35,4.0,0.58,4.93,2
1468,1468,fetchdata,small,warm,200,90.6,90.6,0.01,84.14,6.46,False,84.1,0.0,0.02,0.0,,84.13,2
1469,1469,genmatrix,small,warm,200,10.14,10.13,0.01,0.14,10.0,False,,0.0,0.02,,0.11,0.14,2
1470,1470,fastfouriertransform,large,warm,200,228.24,228.24,0.0,4.58,223.66,False,,0.0,3.82,0.0,0.75,4.58,2
1471,1471,mobilenet,medium,warm,200,29.93,29.92,0.01,22.8,7.12,False,,,,,,,3
1472,1472,genmatrix,medium,warm,200,15.35,13.68,1.67,0.3,13.39,False,,0.0,0.03,,0.27,0.3,3
1473,1473,fetchdata,large,warm,200,89.6,89.6,0.01,82.73,6.87,False,82.7,0.0,0.02,0.0,,82.73,1
1474,1474,mobilenet,medium,warm,200,34.31,34.3,0.01,22.97,11.34,False,,,,,,,1
1475,1475,matrixmul,medium,warm,200,530.56,529.0,1.56,514.13,14.88,False,,0.0,0.35,3.98,509.79,514.13,1
1476,1476,genmatrix,small,warm,200,7.99,7.98,0.01,0.14,7.84,False,,0.0,0.03,,0.11,0.14,2
1477,1477,linpack,small,warm,200,14.7,14.69,0.01,5.05,9.65,False,,0.0,0.35,3.95,0.74,5.05,2
1478,1478,genmatrix,large,warm,200,64.58,46.75,17.83,1.22,45.53,False,,0.0,0.02,,1.19,1.22,2
1479,1479,mobilenet,large,warm,200,31.89,31.88,0.01,23.15,8.73,False,,,,,,,2
1480,1480,genmatrix,large,warm,200,60.66,46.95,13.71,1.2,45.74,False,,0.0,0.03,,1.17,1.2,2
1481,1481,linpack,small,warm,200,15.73,15.72,0.01,5.06,10.66,False,,0.0,0.34,3.97,0.75,5.06,1
1482,1482,mobilenet,medium,warm,200,30.65,30.65,0.01,22.75,7.9,False,,,,,,,1
1483,1483,linpack,small,warm,200,15.65,15.65,0.01,5.03,10.62,False,,0.0,0.35,3.94,0.73,5.03,1
1484,1484,fastfouriertransform,medium,warm,200,620.82,620.82,0.0,601.87,18.95,False,,0.0,3.86,0.0,598.01,601.87,1
1485,1485,linpack,medium,warm,200,776.72,776.72,0.01,670.68,106.03,False,,0.0,0.35,3.96,666.38,670.68,2
1486,1486,mobilenet,large,warm,200,29.82,29.81,0.01,22.71,7.1,False,,,,,,,3
1487,1487,linpack,medium,warm,200,1228.45,1228.45,0.01,649.19,579.25,False,,0.0,0.33,3.96,644.89,649.19,3
1488,1488,fastfouriertransform,small,warm,200,225.85,225.85,0.0,4.6,221.25,False,,0.0,3.83,0.0,0.77,4.6,4
1489,1489,matrixmul,large,warm,200,115.22,115.21,0.01,4.96,110.25,False,,0.0,0.35,4.0,0.61,4.96,5
1490,1490,resnet,small,warm,200,136.62,136.61,0.01,130.37,6.25,False,,,,,,,6
1491,1491,matrixmul,medium,warm,200,537.18,537.17,0.01,512.1,25.08,False,,0.0,0.35,4.0,507.74,512.09,4
1492,1492,fetchdata,large,warm,200,89.57,89.56,0.01,82.36,7.2,False,82.33,0.0,0.02,0.0,,82.36,4
1493,1493,resnet,large,warm,200,138.45,138.45,0.01,132.16,6.29,False,,,,,,,3
1494,1494,fetchdata,small,warm,200,88.18,88.17,0.01,81.99,6.19,False,81.96,0.0,0.02,0.0,,81.99,4
1495,1495,linpack,large,warm,200,434.43,434.42,0.01,5.0,429.42,False,,0.0,0.33,3.95,0.71,5.0,3
1496,1496,fetchdata,medium,warm,200,88.61,88.61,0.01,81.86,6.75,False,81.83,0.0,0.02,0.0,,81.86,4
1497,1497,mobilenet,small,warm,200,33.26,33.26,0.01,25.73,7.53,False,,,,,,,3
1498,1498,matrixmul,small,warm,200,21.72,20.22,1.5,4.94,15.27,False,,0.0,0.35,4.01,0.58,4.94,3
1499,1499,genmatrix,medium,warm,200,14.67,14.66,0.01,0.32,14.34,False,,0.0,0.03,,0.29,0.32,3
1500,1500,genmatrix,medium,warm,200,14.97,13.4,1.56,0.28,13.13,False,,0.0,0.02,,0.25,0.28,1
1501,1501,genmatrix,small,warm,200,8.82,8.81,0.01,0.14,8.67,False,,0.0,0.03,,0.11,0.14,1
1502,1502,fastfouriertransform,large,warm,200,22.05,22.04,0.01,4.71,17.33,False,,0.0,3.87,0.0,0.83,4.71,1
1503,1503,matrixmul,medium,warm,200,638.79,638.78,0.01,534.44,104.34,False,,0.0,0.52,6.39,527.52,534.44,1
1504,1504,resnet,large,warm,200,126.37,126.36,0.01,119.81,6.55,False,,,,,,,2
1505,1505,linpack,small,warm,200,14.85,14.84,0.01,5.05,9.79,False,,0.0,0.35,3.96,0.73,5.05,3
1506,1506,mobilenet,large,warm,200,139.41,139.41,0.01,31.57,107.84,False,,,,,,,2
1507,1507,linpack,large,warm,200,15.32,15.31,0.01,5.04,10.27,False,,0.0,0.35,3.96,0.73,5.04,3
1508,1508,fetchdata,medium,warm,200,90.73,90.72,0.01,83.51,7.21,False,83.48,0.0,0.02,0.0,,83.51,2
1509,1509,resnet,medium,warm,200,139.93,139.92,0.01,133.75,6.18,False,,,,,,,2
1510,1510,fastfouriertransform,medium,warm,200,646.3,646.3,0.01,629.23,17.06,False,,0.0,6.21,0.0,623.02,629.23,2
1511,1511,genmatrix,small,warm,200,8.11,8.1,0.01,0.14,7.96,False,,0.0,0.02,,0.11,0.14,2
1512,1512,mobilenet,small,warm,200,30.38,30.38,0.01,22.63,7.75,False,,,,,,,2
1513,1513,fetchdata,medium,warm,200,88.4,88.39,0.01,81.98,6.42,False,81.94,0.0,0.02,0.0,,81.97,2
1514,1514,mobilenet,small,warm,200,29.96,29.96,0.01,23.21,6.75,False,,,,,,,2
1515,1515,matrixmul,medium,warm,200,529.09,526.67,2.42,512.5,14.16,False,,0.0,0.35,3.99,508.15,512.5,2
1516,1516,mobilenet,medium,warm,200,29.69,29.68,0.01,22.71,6.97,False,,,,,,,3
1517,1517,linpack,medium,warm,200,653.25,653.24,0.01,643.41,9.83,False,,0.0,0.34,3.96,639.1,643.41,2
1518,1518,matrixmul,medium,warm,200,747.94,745.4,2.55,513.82,231.57,False,,0.0,0.38,3.98,509.45,513.82,3
1519,1519,resnet,large,warm,200,132.22,132.19,0.03,121.11,11.08,False,,,,,,,4
1520,1520,resnet,small,warm,200,150.36,150.35,0.01,120.22,30.14,False,,,,,,,5
1521,1521,matrixmul,large,warm,200,460.79,459.42,1.37,4.9,454.52,False,,0.0,0.34,3.98,0.58,4.9,4
1522,1522,matrixmul,large,warm,200,373.61,370.1,3.51,4.97,365.13,False,,0.0,0.36,4.01,0.59,4.97,4
1523,1523,mobilenet,small,warm,200,30.61,30.61,0.01,23.78,6.83,False,,,,,,,5
1524,1524,genmatrix,small,warm,200,8.47,8.47,0.01,0.14,8.33,False,,0.0,0.02,,0.11,0.14,4
1525,1525,fetchdata,medium,warm,200,89.08,89.08,0.01,81.2,7.87,False,81.17,0.0,0.02,0.0,,81.2,4
1526,1526,mobilenet,medium,warm,200,29.31,29.31,0.01,22.79,6.51,False,,,,,,,1
1527,1527,genmatrix,large,warm,200,61.05,46.24,14.81,1.19,45.04,False,,0.0,0.03,,1.16,1.19,1
1528,1528,genmatrix,medium,warm,200,15.08,13.78,1.3,0.29,13.49,False,,0.0,0.03,,0.26,0.29,1
1529,1529,genmatrix,small,warm,200,7.3,7.29,0.01,0.12,7.17,False,,0.0,0.02,,0.09,0.12,1
1530,1530,genmatrix,medium,warm,200,14.75,13.39,1.36,0.28,13.12,False,,0.0,0.02,,0.25,0.27,1
1531,1531,matrixmul,large,warm,200,21.07,19.84,1.23,4.91,14.93,False,,0.0,0.36,3.98,0.57,4.91,1
1532,1532,mobilenet,small,warm,200,31.15,31.15,0.01,22.63,8.52,False,,,,,,,1
1533,1533,mobilenet,medium,warm,200,26.43,26.42,0.01,20.25,6.17,False,,,,,,,1
1534,1534,mobilenet,medium,warm,200,26.48,26.47,0.01,20.16,6.31,False,,,,,,,1
1535,1535,genmatrix,large,warm,200,57.18,43.8,13.38,1.19,42.61,False,,0.0,0.02,,1.16,1.19,1
1536,1536,matrixmul,medium,warm,200,529.47,526.78,2.69,512.17,14.61,False,,0.0,0.35,4.02,507.79,512.17,1
1537,1537,genmatrix,large,warm,200,49.86,38.79,11.07,1.0,37.78,False,,0.0,0.02,,0.98,1.0,2
1538,1538,fetchdata,large,warm,200,90.14,90.14,0.01,83.12,7.02,False,83.09,0.0,0.02,0.0,,83.12,2
1539,1539,linpack,large,warm,200,110.6,110.59,0.01,5.11,105.48,False,,0.0,0.36,3.99,0.75,5.11,2
1540,1540,linpack,small,warm,200,17.77,17.77,0.0,5.02,12.75,False,,0.0,0.33,3.96,0.72,5.02,3
1541,1541,linpack,small,warm,200,16.12,16.12,0.01,6.67,9.45,False,,0.0,0.44,5.28,0.95,6.67,2
1542,1542,genmatrix,large,warm,200,57.56,44.46,13.1,1.18,43.28,False,,0.0,0.03,,1.15,1.18,1
1543,1543,linpack,small,warm,200,112.79,112.79,0.01,7.99,104.8,False,,0.0,0.52,6.34,1.13,7.99,1
1544,1544,resnet,medium,warm,200,149.95,149.95,0.01,143.29,6.65,False,,,,,,,2
1545,1545,resnet,large,warm,200,269.08,269.08,0.01,217.97,51.11,False,,,,,,,2
1546,1546,matrixmul,small,warm,200,21.52,20.32,1.2,4.93,15.4,False,,0.0,0.35,4.0,0.58,4.93,2
1547,1547,resnet,small,warm,200,201.79,201.78,0.01,131.66,70.12,False,,,,,,,2
1548,1548,fastfouriertransform,large,warm,200,20.81,20.81,0.01,4.64,16.17,False,,0.0,3.87,0.0,0.76,4.64,2
1549,1549,resnet,small,warm,200,125.69,125.69,0.01,120.14,5.54,False,,,,,,,2
1550,1550,resnet,large,warm,200,149.45,149.45,0.01,119.92,29.52,False,,,,,,,2
1551,1551,mobilenet,small,warm,200,36.78,36.78,0.01,22.84,13.94,False,,,,,,,2
1552,1552,matrixmul,large,warm,200,25.96,24.88,1.08,4.92,19.96,False,,0.0,0.36,3.99,0.57,4.92,1
1553,1553,fetchdata,small,warm,200,140.22,140.21,0.01,134.08,6.13,False,134.05,0.0,0.02,0.0,,134.08,1
1554,1554,genmatrix,small,warm,200,7.6,7.59,0.01,0.14,7.45,False,,0.0,0.03,,0.11,0.14,2
1555,1555,genmatrix,large,warm,200,59.52,45.67,13.85,1.23,44.44,False,,0.0,0.02,,1.21,1.23,1
1556,1556,fetchdata,small,warm,200,92.29,92.28,0.01,86.29,5.99,False,86.26,0.0,0.02,0.0,,86.29,1
1557,1557,resnet,medium,warm,200,136.36,136.35,0.01,129.98,6.37,False,,,,,,,1
1558,1558,linpack,small,warm,200,17.65,17.64,0.01,7.98,9.67,False,,0.0,0.52,6.31,1.15,7.98,2
1559,1559,fetchdata,small,warm,200,88.49,88.48,0.01,82.58,5.9,False,82.55,0.0,0.02,0.0,,82.58,1
1560,1560,resnet,medium,warm,200,126.43,126.42,0.01,120.33,6.1,False,,,,,,,1
1561,1561,fetchdata,large,warm,200,90.58,90.57,0.01,84.26,6.32,False,84.23,0.0,0.02,0.0,,84.25,2
1562,1562,fastfouriertransform,large,warm,200,25.46,25.46,0.01,7.31,18.15,False,,0.0,6.13,0.0,1.16,7.31,1
1563,1563,fetchdata,large,warm,200,87.71,87.7,0.01,81.55,6.16,False,81.52,0.0,0.02,0.0,,81.55,1
1564,1564,linpack,medium,warm,200,677.05,677.05,0.01,667.11,9.93,False,,0.0,0.52,6.31,660.28,667.11,1
1565,1565,genmatrix,small,warm,200,7.6,7.59,0.01,0.15,7.45,False,,0.0,0.03,,0.12,0.15,2
1566,1566,fetchdata,medium,warm,200,88.67,88.67,0.01,82.14,6.53,False,82.1,0.0,0.02,0.0,,82.14,2
1567,1567,linpack,small,warm,200,385.29,385.28,0.01,5.02,380.26,False,,0.0,0.36,3.95,0.71,5.02,2
1568,1568,genmatrix,small,warm,200,7.58,7.57,0.01,0.14,7.43,False,,0.0,0.03,,0.11,0.14,3
1569,1569,resnet,small,warm,200,125.76,125.75,0.01,119.27,6.48,False,,,,,,,3
1570,1570,fastfouriertransform,medium,warm,200,651.8,651.8,0.01,634.31,17.49,False,,0.0,6.13,0.0,628.17,634.31,4
1571,1571,matrixmul,large,warm,200,81.85,79.58,2.27,7.77,71.81,False,,0.0,0.53,6.36,0.89,7.77,2
1572,1572,fastfouriertransform,large,warm,200,458.76,458.75,0.0,4.6,454.15,False,,0.0,3.85,0.0,0.75,4.6,2
1573,1573,fastfouriertransform,small,warm,200,362.76,362.76,0.0,4.59,358.17,False,,0.0,3.82,0.0,0.76,4.58,3
1574,1574,fetchdata,small,warm,200,88.51,88.51,0.01,82.65,5.86,False,82.62,0.0,0.02,0.0,,82.65,4
1575,1575,matrixmul,medium,warm,200,561.73,560.73,1.0,545.7,15.03,False,,0.0,0.52,6.37,538.8,545.7,4
1576,1576,mobilenet,small,warm,200,30.11,30.1,0.01,22.9,7.2,False,,,,,,,5
1577,1577,linpack,large,warm,200,89.98,89.97,0.01,5.07,84.9,False,,0.0,0.36,3.98,0.73,5.07,2
1578,1578,genmatrix,large,warm,200,73.96,45.28,28.68,1.21,44.07,False,,0.0,0.03,,1.18,1.21,2
1579,1579,fetchdata,medium,warm,200,89.27,89.26,0.01,82.46,6.8,False,82.42,0.0,0.02,0.0,,82.45,2
1580,1580,fetchdata,medium,warm,200,86.2,86.2,0.01,79.8,6.4,False,79.77,0.0,0.02,0.0,,79.8,2
1581,1581,linpack,medium,warm,200,749.11,749.1,0.01,644.79,104.31,False,,0.0,0.35,3.96,640.48,644.79,1
1582,1582,fetchdata,small,warm,200,88.69,88.68,0.01,82.87,5.81,False,82.84,0.0,0.02,0.0,,82.87,2
1583,1583,genmatrix,large,warm,200,59.58,45.57,14.01,1.21,44.36,False,,0.0,0.03,,1.17,1.21,2
1584,1584,linpack,large,warm,200,456.74,456.73,0.01,5.03,451.71,False,,0.0,0.33,3.97,0.72,5.03,2
1585,1585,mobilenet,large,warm,200,29.85,29.84,0.01,23.16,6.68,False,,,,,,,3
1586,1586,linpack,medium,warm,200,901.9,901.9,0.01,645.14,256.75,False,,0.0,0.32,3.96,640.85,645.14,3
1587,1587,fastfouriertransform,small,warm,200,20.92,20.91,0.01,4.66,16.26,False,,0.0,3.89,0.0,0.76,4.65,4
1588,1588,resnet,medium,warm,200,242.38,242.38,0.01,230.72,11.66,False,,,,,,,4
1589,1589,resnet,small,warm,200,259.08,259.07,0.01,120.66,138.41,False,,,,,,,3
1590,1590,genmatrix,small,warm,200,7.66,7.66,0.01,0.14,7.51,False,,0.0,0.03,,0.11,0.14,4
1591,1591,linpack,small,warm,200,410.28,410.27,0.01,5.03,405.24,False,,0.0,0.33,3.97,0.73,5.03,3
1592,1592,linpack,small,warm,200,314.62,314.62,0.0,5.0,309.62,False,,0.0,0.33,3.94,0.71,5.0,3
1593,1593,matrixmul,medium,warm,200,528.33,527.38,0.95,512.57,14.81,False,,0.0,0.35,3.99,508.23,512.57,4
1594,1594,genmatrix,large,warm,200,61.45,46.25,15.2,1.25,45.01,False,,0.0,0.03,,1.22,1.24,5
1595,1595,resnet,medium,warm,200,132.53,132.52,0.01,122.87,9.66,False,,,,,,,5
1596,1596,resnet,medium,warm,200,151.93,151.92,0.01,120.25,31.67,False,,,,,,,3
1597,1597,linpack,small,warm,200,14.35,14.35,0.01,5.08,9.26,False,,0.0,0.35,3.99,0.74,5.08,3
1598,1598,mobilenet,medium,warm,200,34.13,34.13,0.0,23.19,10.94,False,,,,,,,2
1599,1599,matrixmul,small,warm,200,22.05,19.78,2.26,4.91,14.87,False,,0.0,0.35,3.98,0.58,4.91,1
1600,1600,matrixmul,small,warm,200,20.99,19.71,1.29,4.92,14.79,False,,0.0,0.35,4.0,0.56,4.91,1
1601,1601,genmatrix,small,warm,200,7.82,7.81,0.01,0.14,7.67,False,,0.0,0.03,,0.11,0.14,1
1602,1602,fastfouriertransform,large,warm,200,21.22,21.22,0.01,4.62,16.59,False,,0.0,3.86,0.0,0.76,4.62,1
1603,1603,fetchdata,large,warm,200,87.85,87.84,0.01,82.24,5.6,False,82.2,0.0,0.02,0.0,,82.23,1
1604,1604,linpack,small,warm,200,15.7,15.7,0.01,5.11,10.59,False,,0.0,0.35,4.01,0.74,5.11,1
1605,1605,mobilenet,small,warm,200,30.12,30.12,0.01,23.18,6.94,False,,,,,,,1
1606,1606,fastfouriertransform,small,warm,200,20.91,20.9,0.01,4.62,16.29,False,,0.0,3.86,0.0,0.75,4.62,1
1607,1607,resnet,small,warm,200,126.49,126.49,0.01,119.69,6.8,False,,,,,,,1
1608,1608,fetchdata,large,warm,200,88.34,88.34,0.01,82.4,5.94,False,82.37,0.0,0.02,0.0,,82.4,2
1609,1609,genmatrix,large,warm,200,61.81,46.31,15.5,1.23,45.09,False,,0.0,0.03,,1.2,1.23,1
1610,1610,linpack,small,warm,200,108.74,108.73,0.01,5.05,103.68,False,,0.0,0.35,3.97,0.73,5.05,1
1611,1611,mobilenet,large,warm,200,30.48,30.47,0.01,23.18,7.3,False,,,,,,,2
1612,1612,fastfouriertransform,medium,warm,200,619.82,619.82,0.0,600.27,19.54,False,,0.0,3.87,0.0,596.39,600.27,1
1613,1613,fetchdata,small,warm,200,87.73,87.73,0.01,82.12,5.6,False,82.09,0.0,0.02,0.0,,82.12,2
1614,1614,resnet,small,warm,200,125.48,125.48,0.01,119.11,6.37,False,,,,,,,2
1615,1615,linpack,small,warm,200,16.12,16.11,0.01,6.37,9.74,False,,0.0,0.42,5.04,0.91,6.37,3
1616,1616,mobilenet,large,warm,200,33.11,33.11,0.01,23.0,10.11,False,,,,,,,2
1617,1617,matrixmul,small,warm,200,117.18,116.13,1.05,4.95,111.18,False,,0.0,0.35,4.03,0.57,4.95,2
1618,1618,linpack,large,warm,200,20.62,20.62,0.0,7.97,12.64,False,,0.0,0.52,6.32,1.13,7.97,3
1619,1619,resnet,medium,warm,200,241.34,241.34,0.01,131.39,109.95,False,,,,,,,1
1620,1620,resnet,large,warm,200,261.98,261.97,0.01,124.85,137.12,False,,,,,,,2
1621,1621,linpack,large,warm,200,18.13,18.13,0.01,7.97,10.16,False,,0.0,0.52,6.32,1.13,7.97,3
1622,1622,linpack,medium,warm,200,685.35,685.35,0.01,675.4,9.95,False,,0.0,0.49,5.91,668.99,675.4,2
1623,1623,mobilenet,medium,warm,200,36.52,36.52,0.01,29.61,6.9,False,,,,,,,2
1624,1624,mobilenet,large,warm,200,26.37,26.37,0.01,20.44,5.93,False,,,,,,,2
1625,1625,resnet,small,warm,200,126.29,126.29,0.01,120.57,5.72,False,,,,,,,2
1626,1626,fetchdata,medium,warm,200,88.71,88.7,0.01,83.12,5.58,False,83.09,0.0,0.02,0.0,,83.12,3
1627,1627,matrixmul,small,warm,200,26.46,24.5,1.97,7.52,16.98,False,,0.0,0.47,6.17,0.88,7.52,2
1628,1628,resnet,large,warm,200,129.15,129.15,0.01,122.7,6.45,False,,,,,,,2
1629,1629,genmatrix,small,warm,200,8.31,8.3,0.01,0.14,8.16,False,,0.0,0.03,,0.11,0.14,2
1630,1630,genmatrix,large,warm,200,63.56,46.07,17.49,1.26,44.82,False,,0.0,0.03,,1.22,1.26,1
1631,1631,fetchdata,large,warm,200,96.19,96.19,0.01,82.23,13.96,False,82.2,0.0,0.02,0.0,,82.23,1
1632,1632,fetchdata,small,warm,200,86.93,86.93,0.01,81.02,5.91,False,80.99,0.0,0.02,0.0,,81.02,1
1633,1633,matrixmul,large,warm,200,26.31,25.38,0.93,7.77,17.61,False,,0.0,0.52,6.36,0.88,7.77,1
1634,1634,genmatrix,medium,warm,200,14.32,13.26,1.06,0.3,12.97,False,,0.0,0.03,,0.27,0.3,1
1635,1635,linpack,large,warm,200,14.59,14.58,0.01,5.03,9.55,False,,0.0,0.34,3.95,0.73,5.03,1
1636,1636,matrixmul,large,warm,200,102.19,24.34,77.85,7.74,16.6,False,,0.0,0.52,6.37,0.84,7.73,1
1637,1637,fetchdata,medium,warm,200,90.99,90.98,0.01,84.44,6.54,False,84.41,0.0,0.02,0.0,,84.44,2
1638,1638,mobilenet,medium,warm,200,30.03,30.02,0.01,23.53,6.49,False,,,,,,,1
1639,1639,fetchdata,small,warm,200,88.69,88.68,0.01,83.05,5.63,False,83.02,0.0,0.02,0.0,,83.05,1
1640,1640,linpack,large,warm,200,14.69,14.69,0.01,5.06,9.62,False,,0.0,0.35,3.97,0.74,5.06,1
1641,1641,fetchdata,small,warm,200,87.08,87.07,0.01,81.71,5.36,False,81.68,0.0,0.02,0.0,,81.71,1
1642,1642,linpack,small,warm,200,14.62,14.62,0.01,5.02,9.59,False,,0.0,0.35,3.95,0.73,5.02,1
1643,1643,matrixmul,large,warm,200,26.63,24.68,1.94,7.73,16.95,False,,0.0,0.52,6.34,0.87,7.73,1
1644,1644,mobilenet,medium,warm,200,29.36,29.36,0.01,22.84,6.52,False,,,,,,,1
1645,1645,fastfouriertransform,large,warm,200,25.47,25.46,0.01,7.33,18.13,False,,0.0,6.12,0.0,1.21,7.33,1
1646,1646,fetchdata,medium,warm,200,87.63,87.62,0.01,81.98,5.64,False,81.95,0.0,0.02,0.0,,81.98,1
1647,1647,resnet,large,warm,200,154.38,154.37,0.01,148.06,6.31,False,,,,,,,1
1648,1648,mobilenet,medium,warm,200,29.65,29.64,0.01,23.01,6.63,False,,,,,,,2
1649,1649,mobilenet,medium,warm,200,26.76,26.75,0.01,21.09,5.66,False,,,,,,,1
1650,1650,mobilenet,medium,warm,200,27.37,27.36,0.01,20.74,6.62,False,,,,,,,1
1651,1651,genmatrix,small,warm,200,7.97,7.97,0.01,0.14,7.82,False,,0.0,0.03,,0.11,0.14,1
1652,1652,fetchdata,medium,warm,200,88.6,88.59,0.01,82.05,6.54,False,82.02,0.0,0.02,0.0,,82.05,1
1653,1653,fastfouriertransform,large,warm,200,25.27,25.26,0.01,7.35,17.92,False,,0.0,6.13,0.0,1.21,7.35,1
1654,1654,genmatrix,small,warm,200,7.27,7.27,0.01,0.14,7.12,False,,0.0,0.03,,0.11,0.14,1
1655,1655,fastfouriertransform,medium,warm,200,667.67,667.67,0.01,649.76,17.9,False,,0.0,6.1,0.0,643.65,649.76,1
1656,1656,fetchdata,large,warm,200,88.38,88.38,0.01,82.24,6.14,False,82.21,0.0,0.02,0.0,,82.24,2
1657,1657,resnet,large,warm,200,134.41,134.4,0.01,128.19,6.22,False,,,,,,,2
1658,1658,fastfouriertransform,small,warm,200,374.66,374.66,0.01,4.57,370.09,False,,0.0,3.82,0.0,0.74,4.56,3
1659,1659,mobilenet,large,warm,200,157.52,157.52,0.01,52.86,104.66,False,,,,,,,3
1660,1660,genmatrix,large,warm,200,60.21,45.0,15.2,1.24,43.76,False,,0.0,0.03,,1.21,1.24,4
1661,1661,resnet,small,warm,200,126.78,126.77,0.01,120.38,6.39,False,,,,,,,3
1662,1662,fetchdata,small,warm,200,87.23,87.22,0.01,81.51,5.71,False,81.48,0.0,0.02,0.0,,81.51,2
1663,1663,linpack,medium,warm,200,653.75,653.74,0.01,644.03,9.72,False,,0.0,0.35,3.96,639.72,644.03,1
1664,1664,matrixmul,small,warm,200,26.63,24.73,1.9,7.76,16.96,False,,0.0,0.52,6.36,0.87,7.76,2
1665,1665,mobilenet,small,warm,200,30.24,30.23,0.01,23.02,7.21,False,,,,,,,2
1666,1666,genmatrix,small,warm,200,7.75,7.75,0.01,0.14,7.6,False,,0.0,0.03,,0.11,0.14,2
1667,1667,genmatrix,medium,warm,200,14.57,12.75,1.83,0.32,12.42,False,,0.0,0.03,,0.29,0.32,2
1668,1668,mobilenet,large,warm,200,72.87,72.86,0.01,33.65,39.21,False,,,,,,,2
1669,1669,resnet,large,warm,200,126.29,126.28,0.01,120.43,5.85,False,,,,,,,2
1670,1670,mobilenet,medium,warm,200,28.28,28.27,0.01,20.54,7.73,False,,,,,,,2
1671,1671,mobilenet,large,warm,200,27.07,27.06,0.01,20.63,6.43,False,,,,,,,1
1672,1672,matrixmul,medium,warm,200,569.1,567.47,1.63,553.06,14.41,False,,0.0,0.52,6.35,546.18,553.06,1
1673,1673,fetchdata,medium,warm,200,87.74,87.73,0.01,81.86,5.87,False,81.82,0.0,0.02,0.0,,81.85,2
1674,1674,resnet,large,warm,200,128.78,128.78,0.01,123.17,5.61,False,,,,,,,2
1675,1675,matrixmul,medium,warm,200,791.17,788.62,2.55,515.09,273.53,False,,0.0,0.35,3.99,510.74,515.09,3
1676,1676,matrixmul,medium,warm,200,1207.85,1206.31,1.55,512.1,694.21,False,,0.0,0.38,3.97,507.74,512.1,3
1677,1677,resnet,medium,warm,200,125.82,125.82,0.01,120.33,5.49,False,,,,,,,4
1678,1678,fetchdata,small,warm,200,87.52,87.51,0.01,81.48,6.03,False,81.45,0.0,0.02,0.0,,81.48,4
1679,1679,linpack,large,warm,200,17.55,17.54,0.01,7.96,9.58,False,,0.0,0.52,6.31,1.13,7.96,3
1680,1680,fetchdata,medium,warm,200,89.69,89.68,0.01,83.43,6.25,False,83.4,0.0,0.02,0.0,,83.43,3
1681,1681,mobilenet,medium,warm,200,28.64,28.63,0.01,22.67,5.97,False,,,,,,,3
1682,1682,matrixmul,medium,warm,200,1128.58,1126.83,1.75,513.39,613.44,False,,0.0,0.34,3.96,509.08,513.39,3
1683,1683,fastfouriertransform,large,warm,200,20.94,20.94,0.01,4.63,16.31,False,,0.0,3.86,0.0,0.77,4.63,3
1684,1684,linpack,small,warm,200,17.52,17.52,0.01,7.98,9.54,False,,0.0,0.52,6.33,1.13,7.98,3
1685,1685,genmatrix,small,warm,200,7.61,7.61,0.01,0.14,7.46,False,,0.0,0.03,,0.11,0.14,3
1686,1686,fastfouriertransform,medium,warm,200,618.91,618.9,0.01,602.38,16.52,False,,0.0,3.87,0.0,598.5,602.38,3
1687,1687,resnet,large,warm,200,137.31,137.3,0.01,126.83,10.47,False,,,,,,,4
1688,1688,resnet,large,warm,200,156.17,156.17,0.01,121.99,34.18,False,,,,,,,5
1689,1689,fetchdata,medium,warm,200,135.58,135.58,0.01,129.83,5.75,False,129.8,0.0,0.02,0.0,,129.83,4
1690,1690,mobilenet,small,warm,200,29.69,29.68,0.01,22.81,6.87,False,,,,,,,4
1691,1691,matrixmul,small,warm,200,240.7,238.02,2.68,4.9,233.12,False,,0.0,0.34,3.97,0.58,4.9,3
1692,1692,fetchdata,large,warm,200,89.04,89.03,0.01,83.25,5.78,False,83.22,0.0,0.02,0.0,,83.25,4
1693,1693,linpack,small,warm,200,18.01,18.0,0.01,7.99,10.01,False,,0.0,0.53,6.32,1.14,7.99,3
1694,1694,fetchdata,large,warm,200,87.88,87.87,0.01,82.22,5.65,False,82.19,0.0,0.02,0.0,,82.22,1
1695,1695,genmatrix,large,warm,200,59.74,45.37,14.37,1.22,44.15,False,,0.0,0.03,,1.19,1.22,1
1696,1696,matrixmul,medium,warm,200,527.57,525.92,1.65,511.49,14.43,False,,0.0,0.37,3.99,507.12,511.49,1
1697,1697,linpack,medium,warm,200,694.14,694.14,0.01,684.5,9.63,False,,0.0,0.52,6.3,677.67,684.5,2
1698,1698,genmatrix,large,warm,200,62.03,45.29,16.74,1.25,44.04,False,,0.0,0.03,,1.22,1.25,3
1699,1699,genmatrix,medium,warm,200,13.91,10.88,3.03,0.25,10.62,False,,0.0,0.02,,0.22,0.25,3
1700,1700,fetchdata,small,warm,200,88.29,88.29,0.01,82.28,6.0,False,82.25,0.0,0.02,0.0,,82.28,3
1701,1701,genmatrix,medium,warm,200,14.77,12.34,2.42,0.29,12.05,False,,0.0,0.03,,0.26,0.29,3
1702,1702,mobilenet,small,warm,200,29.05,29.05,0.01,22.84,6.21,False,,,,,,,2
1703,1703,genmatrix,large,warm,200,60.58,45.17,15.41,1.22,43.95,False,,0.0,0.03,,1.19,1.22,2
1704,1704,fetchdata,small,warm,200,87.72,87.72,0.01,82.33,5.39,False,82.29,0.0,0.02,0.0,,82.32,1
1705,1705,resnet,large,warm,200,234.15,234.14,0.01,121.92,112.22,False,,,,,,,1
1706,1706,fastfouriertransform,large,warm,200,20.48,20.47,0.01,4.64,15.84,False,,0.0,3.88,0.0,0.75,4.63,2
1707,1707,fastfouriertransform,small,warm,200,22.8,22.8,0.01,6.42,16.37,False,,0.0,5.4,0.0,1.01,6.42,2
1708,1708,linpack,large,warm,200,13.98,13.97,0.01,5.07,8.91,False,,0.0,0.35,3.96,0.75,5.07,1
1709,1709,fastfouriertransform,small,warm,200,23.19,23.18,0.01,6.81,16.37,False,,0.0,5.73,0.0,1.08,6.81,1
1710,1710,fetchdata,small,warm,200,88.1,88.09,0.01,82.17,5.92,False,82.14,0.0,0.02,0.0,,82.17,1
1711,1711,linpack,large,warm,200,14.32,14.32,0.01,5.05,9.27,False,,0.0,0.35,3.96,0.74,5.05,1
1712,1712,mobilenet,small,warm,200,28.68,28.67,0.01,22.58,6.09,False,,,,,,,1
1713,1713,genmatrix,small,warm,200,7.15,7.15,0.01,0.14,7.0,False,,0.0,0.03,,0.11,0.14,1
1714,1714,fastfouriertransform,small,warm,200,23.91,23.9,0.01,7.26,16.65,False,,0.0,6.11,0.0,1.14,7.26,1
1715,1715,resnet,medium,warm,200,139.79,139.79,0.01,133.75,6.04,False,,,,,,,1
1716,1716,matrixmul,small,warm,200,20.03,18.17,1.86,4.93,13.24,False,,0.0,0.36,4.0,0.56,4.93,2
1717,1717,resnet,large,warm,200,175.65,175.65,0.01,154.28,21.37,False,,,,,,,1
1718,1718,genmatrix,large,warm,200,58.78,45.27,13.5,1.23,44.04,False,,0.0,0.03,,1.2,1.23,2
1719,1719,fetchdata,large,warm,200,88.14,88.13,0.01,82.53,5.6,False,82.49,0.0,0.02,0.0,,82.52,1
1720,1720,fetchdata,small,warm,200,86.23,86.23,0.01,80.74,5.49,False,80.71,0.0,0.02,0.0,,80.74,1
1721,1721,fastfouriertransform,large,warm,200,24.0,24.0,0.01,7.31,16.68,False,,0.0,6.16,0.0,1.15,7.31,1
1722,1722,resnet,medium,warm,200,125.51,125.51,0.0,120.01,5.5,False,,,,,,,1
1723,1723,fastfouriertransform,small,warm,200,24.21,24.2,0.01,7.67,16.53,False,,0.0,6.38,0.0,1.28,7.67,2
1724,1724,resnet,large,warm,200,128.82,128.82,0.0,119.99,8.83,False,,,,,,,1
1725,1725,matrixmul,large,warm,200,25.98,24.56,1.42,7.81,16.74,False,,0.0,0.52,6.4,0.88,7.81,2
1726,1726,matrixmul,small,warm,200,27.03,25.04,1.99,8.33,16.71,False,,0.0,0.52,6.92,0.89,8.33,1
1727,1727,resnet,large,warm,200,144.77,144.76,0.01,138.86,5.9,False,,,,,,,1
1728,1728,genmatrix,medium,warm,200,14.14,12.39,1.75,0.3,12.1,False,,0.0,0.03,,0.27,0.29,2
1729,1729,linpack,small,warm,200,85.74,85.73,0.01,5.04,80.69,False,,0.0,0.35,3.96,0.74,5.04,1
1730,1730,fastfouriertransform,small,warm,200,24.38,24.38,0.01,7.32,17.06,False,,0.0,6.13,0.0,1.18,7.32,1
1731,1731,resnet,small,warm,200,127.07,127.06,0.01,121.4,5.66,False,,,,,,,1
1732,1732,mobilenet,small,warm,200,29.01,29.01,0.01,23.23,5.77,False,,,,,,,2
1733,1733,resnet,large,warm,200,126.79,126.78,0.01,121.23,5.55,False,,,,,,,1
1734,1734,matrixmul,medium,warm,200,568.08,565.81,2.26,551.91,13.9,False,,0.0,0.52,6.35,545.04,551.91,2
1735,1735,matrixmul,medium,warm,200,987.49,985.41,2.09,513.31,472.09,False,,0.0,0.34,3.97,509.0,513.31,2
1736,1736,fastfouriertransform,medium,warm,200,648.76,648.75,0.01,632.02,16.73,False,,0.0,6.14,0.0,625.87,632.02,3
1737,1737,fetchdata,medium,warm,200,88.74,88.73,0.01,83.23,5.5,False,83.2,0.0,0.02,0.0,,83.23,4
1738,1738,resnet,small,warm,200,126.85,126.81,0.04,120.07,6.74,False,,,,,,,4
1739,1739,genmatrix,small,warm,200,7.95,6.9,1.05,0.14,6.75,False,,0.0,0.03,,0.11,0.14,5
1740,1740,matrixmul,large,warm,200,498.41,496.67,1.74,4.93,491.74,False,,0.0,0.38,3.97,0.58,4.93,3
1741,1741,linpack,small,warm,200,55.63,55.62,0.01,5.06,50.56,False,,0.0,0.35,3.96,0.75,5.06,4
1742,1742,genmatrix,large,warm,200,58.44,45.74,12.71,1.25,44.49,False,,0.0,0.03,,1.22,1.25,4
1743,1743,linpack,small,warm,200,14.14,14.14,0.01,5.03,9.11,False,,0.0,0.34,3.95,0.74,5.03,3
1744,1744,fastfouriertransform,medium,warm,200,619.44,619.44,0.01,603.1,16.34,False,,0.0,3.88,0.0,599.21,603.1,3
1745,1745,fetchdata,medium,warm,200,88.55,88.55,0.01,83.19,5.36,False,83.16,0.0,0.02,0.0,,83.19,2
1746,1746,resnet,medium,warm,200,130.77,130.76,0.01,124.41,6.35,False,,,,,,,2
1747,1747,fastfouriertransform,large,warm,200,326.53,326.53,0.01,4.58,321.95,False,,0.0,3.83,0.0,0.75,4.58,3
1748,1748,fastfouriertransform,large,warm,200,233.07,233.07,0.01,4.68,228.39,False,,0.0,3.92,0.0,0.75,4.68,3
1749,1749,mobilenet,small,warm,200,28.57,28.57,0.01,22.89,5.68,False,,,,,,,4
1750,1750,fetchdata,medium,warm,200,87.54,87.53,0.01,82.23,5.31,False,82.2,0.0,0.02,0.0,,82.23,4
1751,1751,genmatrix,medium,warm,200,14.4,12.66,1.75,0.3,12.36,False,,0.0,0.03,,0.27,0.3,1
1752,1752,resnet,small,warm,200,144.44,144.44,0.01,137.48,6.96,False,,,,,,,1
1753,1753,resnet,small,warm,200,164.96,164.96,0.01,120.48,44.48,False,,,,,,,2
1754,1754,mobilenet,small,warm,200,28.02,28.01,0.01,22.84,5.17,False,,,,,,,2
1755,1755,linpack,large,warm,200,48.58,48.57,0.01,7.99,40.59,False,,0.0,0.52,6.31,1.15,7.98,1
1756,1756,resnet,medium,warm,200,162.24,162.23,0.01,156.09,6.14,False,,,,,,,1
1757,1757,matrixmul,small,warm,200,20.32,18.65,1.68,4.94,13.71,False,,0.0,0.37,4.0,0.56,4.94,2
1758,1758,fastfouriertransform,large,warm,200,20.46,20.46,0.01,4.63,15.83,False,,0.0,3.87,0.0,0.76,4.63,1
1759,1759,matrixmul,large,warm,200,20.34,18.76,1.58,4.9,13.86,False,,0.0,0.35,3.99,0.56,4.9,1
1760,1760,resnet,large,warm,200,128.99,128.98,0.01,119.77,9.21,False,,,,,,,1
1761,1761,fastfouriertransform,small,warm,200,20.68,20.67,0.01,4.73,15.95,False,,0.0,3.88,0.0,0.84,4.73,2
1762,1762,linpack,medium,warm,200,687.09,687.08,0.01,678.38,8.7,False,,0.0,0.52,6.32,671.54,678.38,1
1763,1763,fastfouriertransform,small,warm,200,20.39,20.38,0.01,4.71,15.67,False,,0.0,3.88,0.0,0.83,4.71,2
1764,1764,resnet,small,warm,200,128.33,128.33,0.01,122.84,5.49,False,,,,,,,2
1765,1765,linpack,large,warm,200,394.59,394.59,0.01,5.03,389.55,False,,0.0,0.34,3.97,0.73,5.03,3
1766,1766,linpack,medium,warm,200,940.92,940.92,0.01,645.87,295.04,False,,0.0,0.36,3.95,641.57,645.87,3
1767,1767,fastfouriertransform,medium,warm,200,618.55,618.54,0.01,602.44,16.1,False,,0.0,3.86,0.0,598.57,602.44,4
1768,1768,mobilenet,large,warm,200,28.76,28.76,0.01,22.83,5.93,False,,,,,,,5
1769,1769,mobilenet,large,warm,200,29.38,29.37,0.01,20.31,9.06,False,,,,,,,3
1770,1770,linpack,medium,warm,200,1188.59,1188.58,0.01,645.38,543.2,False,,0.0,0.33,4.16,640.88,645.38,3
1771,1771,genmatrix,large,warm,200,57.01,43.49,13.52,1.22,42.28,False,,0.0,0.03,,1.18,1.21,4
1772,1772,matrixmul,medium,warm,200,623.42,621.28,2.14,512.54,108.73,False,,0.0,0.35,4.0,508.18,512.54,4
1773,1773,linpack,large,warm,200,894.16,894.15,0.01,5.07,889.08,False,,0.0,0.34,3.99,0.73,5.07,5
1774,1774,mobilenet,large,warm,200,28.15,28.14,0.01,22.76,5.38,False,,,,,,,5
1775,1775,genmatrix,small,warm,200,7.33,6.45,0.87,0.14,6.31,False,,0.0,0.03,,0.11,0.14,5
1776,1776,resnet,large,warm,200,133.18,133.17,0.01,127.87,5.3,False,,,,,,,4
1777,1777,matrixmul,small,warm,200,134.83,132.99,1.83,4.95,128.04,False,,0.0,0.36,4.0,0.59,4.95,5
1778,1778,fastfouriertransform,medium,warm,200,615.69,615.69,0.01,600.46,15.22,False,,0.0,3.86,0.0,596.6,600.46,5
1779,1779,mobilenet,small,warm,200,28.48,28.48,0.01,22.83,5.64,False,,,,,,,4
1780,1780,matrixmul,large,warm,200,20.04,18.4,1.64,4.93,13.47,False,,0.0,0.37,3.99,0.56,4.93,4
1781,1781,linpack,large,warm,200,101.44,101.43,0.01,5.0,96.43,False,,0.0,0.33,3.94,0.73,5.0,4
1782,1782,resnet,medium,warm,200,132.62,132.61,0.01,127.55,5.07,False,,,,,,,3
1783,1783,linpack,medium,warm,200,654.36,654.35,0.01,645.81,8.54,False,,0.0,0.35,3.96,641.49,645.81,3
1784,1784,fastfouriertransform,large,warm,200,21.68,21.67,0.01,4.57,17.11,False,,0.0,3.82,0.0,0.74,4.56,3
1785,1785,matrixmul,medium,warm,200,552.64,550.85,1.8,537.56,13.28,False,,0.0,0.44,5.3,531.81,537.56,2
1786,1786,fetchdata,small,warm,200,87.16,87.15,0.01,81.89,5.26,False,81.86,0.0,0.02,0.0,,81.89,3
1787,1787,matrixmul,large,warm,200,363.15,361.37,1.77,4.91,356.46,False,,0.0,0.34,3.99,0.58,4.91,3
1788,1788,fetchdata,medium,warm,200,86.33,86.32,0.01,81.28,5.04,False,81.25,0.0,0.02,0.0,,81.28,4
1789,1789,mobilenet,large,warm,200,41.32,41.31,0.01,34.1,7.21,False,,,,,,,4
1790,1790,resnet,large,warm,200,225.97,225.96,0.01,220.9,5.07,False,,,,,,,3
1791,1791,fetchdata,small,warm,200,86.79,86.79,0.01,81.81,4.97,False,81.78,0.0,0.02,0.0,,81.81,2
1792,1792,linpack,large,warm,200,13.92,13.91,0.01,5.1,8.81,False,,0.0,0.35,3.98,0.76,5.1,2
1793,1793,matrixmul,small,warm,200,20.31,18.3,2.01,4.93,13.37,False,,0.0,0.37,3.99,0.56,4.93,1
1794,1794,genmatrix,small,warm,200,7.38,6.62,0.75,0.14,6.48,False,,0.0,0.03,,0.11,0.14,1
1795,1795,fastfouriertransform,medium,warm,200,691.03,691.03,0.01,675.14,15.89,False,,0.0,6.12,0.0,669.01,675.14,1
1796,1796,mobilenet,medium,warm,200,33.56,33.55,0.01,24.12,9.43,False,,,,,,,2
1797,1797,genmatrix,large,warm,200,56.72,44.54,12.18,1.24,43.3,False,,0.0,0.03,,1.21,1.24,2
1798,1798,mobilenet,large,warm,200,28.63,28.62,0.01,23.39,5.23,False,,,,,,,2
1799,1799,fetchdata,medium,warm,200,87.18,87.17,0.01,82.35,4.82,False,82.32,0.0,0.02,0.0,,82.35,2
1800,1800,matrixmul,small,warm,200,19.96,18.2,1.76,4.92,13.28,False,,0.0,0.35,4.0,0.56,4.92,2
1801,1801,fastfouriertransform,small,warm,200,97.48,97.47,0.01,4.59,92.88,False,,0.0,3.84,0.0,0.75,4.59,2
1802,1802,matrixmul,medium,warm,200,526.71,524.87,1.84,511.81,13.06,False,,0.0,0.35,3.97,507.49,511.81,1
1803,1803,matrixmul,medium,warm,200,946.2,943.64,2.56,512.82,430.82,False,,0.0,0.34,3.97,508.51,512.82,2
1804,1804,fastfouriertransform,small,warm,200,20.0,19.99,0.01,4.64,15.35,False,,0.0,3.87,0.0,0.76,4.64,3
1805,1805,fastfouriertransform,small,warm,200,19.94,19.93,0.01,4.63,15.3,False,,0.0,3.88,0.0,0.75,4.63,3
1806,1806,fetchdata,medium,warm,200,87.87,87.86,0.01,82.61,5.25,False,82.58,0.0,0.02,0.0,,82.61,3
1807,1807,resnet,large,warm,200,264.35,264.35,0.01,259.13,5.21,False,,,,,,,3
1808,1808,resnet,medium,warm,200,303.59,303.59,0.01,137.54,166.05,False,,,,,,,3
1809,1809,fastfouriertransform,small,warm,200,19.78,19.78,0.01,4.63,15.15,False,,0.0,3.87,0.0,0.75,4.63,4
1810,1810,fastfouriertransform,medium,warm,200,616.54,616.54,0.01,600.89,15.65,False,,0.0,3.88,0.0,597.0,600.89,3
1811,1811,resnet,small,warm,200,137.21,137.21,0.01,131.94,5.27,False,,,,,,,4
1812,1812,resnet,large,warm,200,158.56,158.56,0.01,120.04,38.52,False,,,,,,,4
1813,1813,linpack,medium,warm,200,654.04,654.04,0.0,645.05,8.99,False,,0.0,0.35,3.96,640.74,645.05,3
1814,1814,linpack,medium,warm,200,1199.88,1199.88,0.01,643.97,555.91,False,,0.0,0.33,3.93,639.7,643.97,3
1815,1815,fastfouriertransform,medium,warm,200,756.69,756.68,0.01,638.08,118.6,False,,0.0,3.85,0.0,634.22,638.08,4
1816,1816,fetchdata,medium,warm,200,91.9,91.89,0.01,87.02,4.87,False,86.99,0.0,0.02,0.0,,87.02,5
1817,1817,linpack,small,warm,200,905.61,905.61,0.01,5.01,900.59,False,,0.0,0.34,3.95,0.72,5.01,4
1818,1818,genmatrix,large,warm,200,56.47,44.42,12.05,1.22,43.2,False,,0.0,0.03,,1.19,1.22,5
1819,1819,mobilenet,large,warm,200,53.27,53.26,0.01,23.26,30.0,False,,,,,,,5
1820,1820,resnet,small,warm,200,219.89,219.89,0.01,215.15,4.74,False,,,,,,,4
1821,1821,genmatrix,medium,warm,200,13.98,11.94,2.03,0.29,11.65,False,,0.0,0.03,,0.26,0.29,5
1822,1822,mobilenet,small,warm,200,28.29,28.28,0.01,22.85,5.44,False,,,,,,,5
1823,1823,matrixmul,medium,warm,200,623.58,621.46,2.12,512.59,108.87,False,,0.0,0.37,4.01,508.2,512.59,3
1824,1824,matrixmul,medium,warm,200,1044.05,1042.01,2.05,514.17,527.84,False,,0.0,0.37,3.97,509.82,514.16,4
1825,1825,mobilenet,small,warm,200,28.4,28.39,0.01,23.02,5.37,False,,,,,,,5
1826,1826,mobilenet,medium,warm,200,26.11,26.11,0.01,20.86,5.25,False,,,,,,,4
1827,1827,matrixmul,medium,cold,200,1792.39,1790.29,2.1,511.76,1278.53,False,,0.0,0.36,4.02,507.37,511.76,3
1828,1828,matrixmul,medium,cold,200,2209.19,2207.17,2.02,511.52,1695.65,False,,0.0,0.41,3.98,507.12,511.52,4
1829,1829,linpack,small,warm,200,13.37,13.36,0.01,5.05,8.31,False,,0.0,0.35,3.96,0.73,5.05,5
1830,1830,matrixmul,medium,warm,200,962.98,960.78,2.21,512.36,448.42,False,,0.0,0.34,3.98,508.03,512.36,4
1831,1831,mobilenet,large,warm,200,126.99,126.98,0.01,22.7,104.28,False,,,,,,,5
1832,1832,genmatrix,medium,warm,200,14.7,12.3,2.4,0.29,12.01,False,,0.0,0.03,,0.26,0.29,6
1833,1833,resnet,large,warm,200,227.33,227.33,0.01,123.2,104.13,False,,,,,,,5
1834,1834,mobilenet,medium,warm,200,28.69,28.68,0.01,22.16,6.52,False,,,,,,,6
1835,1835,fastfouriertransform,small,warm,200,19.29,19.29,0.01,4.61,14.68,False,,0.0,3.84,0.0,0.76,4.61,5
1836,1836,matrixmul,small,warm,200,375.13,374.0,1.13,4.9,369.1,False,,0.0,0.33,3.98,0.58,4.9,4
1837,1837,fetchdata,medium,warm,200,87.46,87.45,0.01,82.25,5.2,False,82.22,0.0,0.02,0.0,,82.25,5
1838,1838,linpack,large,warm,200,13.48,13.48,0.01,5.04,8.44,False,,0.0,0.34,3.96,0.73,5.04,5
1839,1839,fetchdata,medium,warm,200,88.23,88.22,0.01,83.19,5.03,False,83.16,0.0,0.02,0.0,,83.19,5
1840,1840,fetchdata,medium,warm,200,84.49,84.49,0.01,79.86,4.62,False,79.83,0.0,0.02,0.0,,79.86,3
1841,1841,fetchdata,large,warm,200,84.96,84.95,0.01,80.12,4.83,False,80.09,0.0,0.02,0.0,,80.12,3
1842,1842,resnet,small,warm,200,126.09,126.08,0.01,120.69,5.39,False,,,,,,,3
1843,1843,matrixmul,medium,warm,200,1230.08,1227.88,2.2,513.15,714.73,False,,0.0,0.34,4.01,508.8,513.15,4
1844,1844,resnet,large,warm,200,130.5,130.5,0.0,125.79,4.7,False,,,,,,,4
1845,1845,mobilenet,medium,warm,200,28.63,28.62,0.01,23.03,5.59,False,,,,,,,4
1846,1846,matrixmul,small,warm,200,939.62,937.92,1.7,4.91,933.0,False,,0.0,0.36,3.98,0.56,4.91,3
1847,1847,fetchdata,medium,warm,200,87.4,87.4,0.01,82.49,4.91,False,82.46,0.0,0.02,0.0,,82.49,4
1848,1848,matrixmul,large,warm,200,749.6,747.8,1.8,4.94,742.86,False,,0.0,0.36,3.99,0.58,4.94,4
1849,1849,genmatrix,large,warm,200,57.59,44.92,12.68,1.26,43.66,False,,0.0,0.03,,1.22,1.26,5
1850,1850,fetchdata,large,warm,200,86.77,86.76,0.01,82.16,4.6,False,82.13,0.0,0.02,0.0,,82.16,5
1851,1851,linpack,small,warm,200,13.8,13.8,0.01,5.04,8.76,False,,0.0,0.35,3.95,0.74,5.04,4
1852,1852,matrixmul,medium,warm,200,867.6,865.88,1.72,511.35,354.53,False,,0.0,0.34,4.0,507.01,511.35,4
1853,1853,matrixmul,medium,warm,200,1286.37,1284.98,1.4,511.06,773.92,False,,0.0,0.37,3.98,506.71,511.06,5
1854,1854,matrixmul,small,cold,200,1195.91,1193.83,2.08,4.93,1188.89,False,,0.0,0.38,3.98,0.57,4.93,6
1855,1855,resnet,small,warm,200,136.92,136.92,0.01,131.61,5.31,False,,,,,,,7
1856,1856,resnet,large,warm,200,159.21,159.21,0.01,120.37,38.83,False,,,,,,,5
1857,1857,mobilenet,large,warm,200,30.34,30.33,0.01,24.24,6.09,False,,,,,,,5
1858,1858,linpack,large,warm,200,14.0,13.99,0.01,5.05,8.94,False,,0.0,0.35,3.96,0.74,5.05,4
1859,1859,fastfouriertransform,large,warm,200,22.1,22.09,0.01,7.26,14.83,False,,0.0,6.09,0.0,1.15,7.26,4
1860,1860,fetchdata,large,warm,200,141.04,141.03,0.01,136.03,5.0,False,136.0,0.0,0.02,0.0,,136.03,4
1861,1861,mobilenet,medium,warm,200,29.41,29.41,0.01,23.93,5.48,False,,,,,,,4
1862,1862,linpack,medium,warm,200,758.09,758.08,0.01,681.4,76.68,False,,0.0,0.36,3.97,677.07,681.4,3
1863,1863,linpack,large,warm,200,665.21,665.2,0.01,5.03,660.17,False,,0.0,0.34,3.96,0.73,5.03,4
1864,1864,fastfouriertransform,medium,warm,200,658.38,658.38,0.01,643.6,14.78,False,,0.0,6.09,0.0,637.5,643.6,5
1865,1865,genmatrix,medium,warm,200,15.18,12.46,2.72,0.3,12.16,False,,0.0,0.03,,0.27,0.3,6
1866,1866,mobilenet,large,warm,200,28.27,28.26,0.0,22.87,5.39,False,,,,,,,4
1867,1867,matrixmul,small,warm,200,19.24,17.5,1.74,4.9,12.59,False,,0.0,0.35,3.98,0.57,4.9,4
1868,1868,matrixmul,large,warm,200,19.85,17.84,2.0,4.89,12.95,False,,0.0,0.34,3.98,0.56,4.89,4
1869,1869,mobilenet,large,warm,200,30.09,30.09,0.01,22.77,7.32,False,,,,,,,4
1870,1870,fetchdata,medium,warm,200,86.93,86.93,0.01,82.41,4.52,False,82.37,0.0,0.02,0.0,,82.4,2
1871,1871,fastfouriertransform,medium,warm,200,615.05,615.05,0.0,600.74,14.31,False,,0.0,3.85,0.0,596.88,600.73,1
1872,1872,resnet,medium,warm,200,126.29,126.28,0.01,120.98,5.3,False,,,,,,,2
1873,1873,resnet,medium,warm,200,153.63,153.63,0.0,126.65,26.97,False,,,,,,,3
1874,1874,resnet,large,warm,200,176.26,176.26,0.01,120.65,55.61,False,,,,,,,3
1875,1875,linpack,large,warm,200,14.09,14.08,0.01,5.06,9.02,False,,0.0,0.35,3.95,0.75,5.06,3
1876,1876,fetchdata,large,warm,200,86.83,86.82,0.01,81.66,5.16,False,81.63,0.0,0.02,0.0,,81.66,2
1877,1877,fastfouriertransform,medium,warm,200,658.54,658.54,0.01,640.26,18.27,False,,0.0,3.81,0.0,636.45,640.26,2
1878,1878,genmatrix,large,warm,200,58.54,44.72,13.82,1.26,43.47,False,,0.0,0.03,,1.22,1.25,2
1879,1879,resnet,large,warm,200,132.5,132.5,0.0,120.11,12.39,False,,,,,,,2
1880,1880,fastfouriertransform,small,warm,200,363.98,363.97,0.01,4.61,359.36,False,,0.0,3.83,0.0,0.77,4.61,3
1881,1881,linpack,small,warm,200,12.97,12.96,0.0,5.07,7.89,False,,0.0,0.35,3.96,0.76,5.07,3
1882,1882,genmatrix,large,warm,200,55.7,44.66,11.04,1.24,43.42,False,,0.0,0.03,,1.21,1.24,3
1883,1883,matrixmul,small,warm,200,69.77,67.83,1.94,4.9,62.93,False,,0.0,0.36,3.97,0.56,4.9,3
1884,1884,genmatrix,large,warm,200,56.11,44.11,12.0,1.24,42.86,False,,0.0,0.03,,1.21,1.24,1
1885,1885,fastfouriertransform,large,warm,200,18.32,18.32,0.01,4.69,13.63,False,,0.0,3.86,0.0,0.83,4.69,1
1886,1886,genmatrix,large,warm,200,55.34,44.46,10.89,1.25,43.2,False,,0.0,0.03,,1.22,1.25,1
1887,1887,genmatrix,medium,warm,200,11.91,9.97,1.94,0.25,9.73,False,,0.0,0.02,,0.22,0.24,1
1888,1888,linpack,medium,warm,200,697.47,697.46,0.01,645.21,52.26,False,,0.0,0.35,4.02,640.83,645.21,1
1889,1889,linpack,medium,warm,200,1242.96,1242.96,0.01,644.41,598.55,False,,0.0,0.34,3.95,640.12,644.4,2
1890,1890,fastfouriertransform,small,warm,200,19.67,19.67,0.01,4.72,14.95,False,,0.0,3.88,0.0,0.83,4.72,3
1891,1891,fastfouriertransform,medium,warm,200,617.7,617.69,0.01,602.9,14.79,False,,0.0,3.84,0.0,599.05,602.9,3
1892,1892,mobilenet,large,warm,200,30.37,30.37,0.01,22.83,7.54,False,,,,,,,4
1893,1893,genmatrix,large,warm,200,55.15,44.94,10.21,1.24,43.7,False,,0.0,0.03,,1.21,1.24,4
1894,1894,resnet,large,warm,200,125.09,125.08,0.0,120.18,4.91,False,,,,,,,4
1895,1895,genmatrix,large,warm,200,56.46,44.41,12.06,1.23,43.17,False,,0.0,0.03,,1.2,1.23,4
1896,1896,mobilenet,medium,warm,200,28.21,28.21,0.01,22.85,5.35,False,,,,,,,3
1897,1897,matrixmul,medium,warm,200,536.12,533.61,2.51,510.93,22.67,False,,0.0,0.36,3.97,506.6,510.93,3
1898,1898,fetchdata,large,warm,200,87.6,87.59,0.01,82.73,4.86,False,82.7,0.0,0.02,0.0,,82.73,3
1899,1899,resnet,large,warm,200,135.51,135.51,0.01,130.74,4.77,False,,,,,,,3
1900,1900,resnet,small,warm,200,156.6,156.59,0.01,120.06,36.53,False,,,,,,,4
1901,1901,matrixmul,small,warm,200,147.25,145.63,1.62,4.89,140.73,False,,0.0,0.34,3.98,0.57,4.89,4
1902,1902,fetchdata,small,warm,200,86.63,86.63,0.01,82.13,4.5,False,82.1,0.0,0.02,0.0,,82.13,3
1903,1903,matrixmul,medium,warm,200,526.79,524.18,2.61,511.57,12.61,False,,0.0,0.37,3.99,507.2,511.57,1
1904,1904,fastfouriertransform,small,warm,200,18.19,18.18,0.01,4.65,13.53,False,,0.0,3.88,0.0,0.76,4.65,2
1905,1905,linpack,large,warm,200,13.22,13.21,0.01,5.07,8.14,False,,0.0,0.35,3.96,0.76,5.07,2
1906,1906,mobilenet,medium,warm,200,29.1,29.09,0.01,22.73,6.36,False,,,,,,,2
1907,1907,matrixmul,medium,warm,200,642.54,640.18,2.36,510.27,129.92,False,,0.0,0.34,3.98,505.95,510.27,2
1908,1908,fetchdata,small,warm,200,87.04,87.04,0.01,82.01,5.02,False,81.98,0.0,0.02,0.0,,82.01,3
1909,1909,resnet,medium,warm,200,131.95,131.94,0.01,126.77,5.17,False,,,,,,,2
1910,1910,matrixmul,medium,warm,200,860.82,858.68,2.14,511.14,347.54,False,,0.0,0.36,3.99,506.78,511.14,3
1911,1911,fastfouriertransform,medium,warm,200,644.91,644.91,0.0,631.2,13.7,False,,0.0,3.88,0.0,627.32,631.2,3
1912,1912,genmatrix,large,warm,200,62.08,44.79,17.3,1.22,43.57,False,,0.0,0.03,,1.19,1.22,4
1913,1913,fetchdata,medium,warm,200,91.96,91.95,0.01,86.74,5.21,False,86.71,0.0,0.02,0.0,,86.74,4
1914,1914,fastfouriertransform,medium,warm,200,986.59,986.58,0.01,639.84,346.74,False,,0.0,3.83,0.0,636.01,639.84,3
1915,1915,fastfouriertransform,large,warm,200,893.9,893.9,0.0,4.58,889.32,False,,0.0,3.84,0.0,0.74,4.58,4
1916,1916,fastfouriertransform,small,warm,200,799.01,799.0,0.01,4.59,794.42,False,,0.0,3.83,0.0,0.75,4.59,5
1917,1917,linpack,medium,warm,200,690.28,690.28,0.01,682.0,8.27,False,,0.0,0.52,6.32,675.16,682.0,6
1918,1918,genmatrix,small,warm,200,7.14,6.62,0.52,0.14,6.47,False,,0.0,0.03,,0.11,0.14,6
1919,1919,genmatrix,small,warm,200,6.87,6.17,0.7,0.14,6.03,False,,0.0,0.02,,0.11,0.14,5
1920,1920,genmatrix,small,warm,200,6.52,6.43,0.09,0.13,6.3,False,,0.0,0.02,,0.11,0.13,5
1921,1921,resnet,small,warm,200,355.99,355.99,0.01,128.44,227.55,False,,,,,,,5
1922,1922,resnet,small,warm,200,131.69,131.69,0.01,121.27,10.42,False,,,,,,,6
1923,1923,matrixmul,large,warm,200,19.56,17.91,1.65,4.93,12.99,False,,0.0,0.35,3.99,0.58,4.93,7
1924,1924,fetchdata,medium,warm,200,87.29,87.28,0.01,82.82,4.47,False,82.78,0.0,0.02,0.0,,82.81,2
1925,1925,mobilenet,medium,warm,200,28.08,28.07,0.0,23.35,4.72,False,,,,,,,1
1926,1926,genmatrix,small,warm,200,7.53,6.5,1.03,0.15,6.35,False,,0.0,0.03,,0.11,0.14,1
1927,1927,mobilenet,large,warm,200,33.06,33.05,0.01,24.97,8.08,False,,,,,,,1
1928,1928,genmatrix,medium,warm,200,14.07,12.31,1.76,0.3,12.01,False,,0.0,0.03,,0.27,0.3,1
1929,1929,fetchdata,small,warm,200,88.15,88.14,0.01,82.64,5.51,False,82.61,0.0,0.02,0.0,,82.64,1
1930,1930,genmatrix,large,warm,200,56.46,44.18,12.27,1.21,42.97,False,,0.0,0.02,,1.18,1.21,1
1931,1931,mobilenet,medium,warm,200,28.01,28.01,0.01,22.67,5.34,False,,,,,,,1
1932,1932,resnet,medium,warm,200,129.66,129.65,0.01,124.41,5.24,False,,,,,,,1
1933,1933,fetchdata,small,warm,200,87.27,87.26,0.01,81.97,5.29,False,81.94,0.0,0.02,0.0,,81.97,2
1934,1934,genmatrix,small,warm,200,7.01,6.18,0.82,0.14,6.04,False,,0.0,0.03,,0.11,0.14,1
1935,1935,mobilenet,medium,warm,200,28.04,28.03,0.01,22.9,5.13,False,,,,,,,1
1936,1936,linpack,large,warm,200,13.29,13.29,0.01,5.06,8.22,False,,0.0,0.35,3.95,0.75,5.06,1
1937,1937,linpack,small,warm,200,15.64,15.63,0.01,5.06,10.57,False,,0.0,0.35,3.96,0.75,5.06,1
1938,1938,resnet,small,warm,200,145.37,145.36,0.01,138.75,6.61,False,,,,,,,1
1939,1939,linpack,large,warm,200,13.48,13.48,0.01,5.02,8.46,False,,0.0,0.34,3.94,0.73,5.02,2
1940,1940,mobilenet,medium,warm,200,32.12,32.12,0.01,25.34,6.78,False,,,,,,,1
1941,1941,matrixmul,small,warm,200,25.74,23.28,2.46,7.75,15.53,False,,0.0,0.52,6.35,0.88,7.75,1
1942,1942,fetchdata,small,warm,200,88.29,88.28,0.02,82.44,5.84,False,82.41,0.0,0.02,0.0,,82.44,1
1943,1943,matrixmul,large,warm,200,183.16,122.79,60.37,7.73,115.06,False,,0.0,0.52,6.33,0.87,7.73,1
1944,1944,linpack,medium,warm,200,653.45,653.44,0.01,643.33,10.11,False,,0.0,0.34,3.95,639.03,643.33,2
1945,1945,resnet,large,warm,200,231.77,231.76,0.01,124.36,107.4,False,,,,,,,2
1946,1946,matrixmul,large,warm,200,26.97,24.93,2.04,7.76,17.17,False,,0.0,0.52,6.36,0.88,7.76,3
1947,1947,fetchdata,large,warm,200,86.43,86.42,0.01,81.59,4.84,False,81.56,0.0,0.02,0.0,,81.59,3
1948,1948,fetchdata,large,warm,200,84.49,84.48,0.01,79.73,4.75,False,79.7,0.0,0.02,0.0,,79.72,2
1949,1949,fastfouriertransform,medium,warm,200,618.42,618.41,0.01,599.52,18.89,False,,0.0,3.87,0.0,595.64,599.52,2
1950,1950,matrixmul,medium,warm,200,563.77,562.08,1.68,549.29,12.79,False,,0.0,0.52,6.36,542.41,549.29,3
1951,1951,resnet,small,warm,200,197.39,197.37,0.01,190.89,6.48,False,,,,,,,3
1952,1952,linpack,large,warm,200,14.77,14.76,0.01,5.05,9.71,False,,0.0,0.35,3.95,0.74,5.05,4
1953,1953,genmatrix,medium,warm,200,14.0,11.77,2.23,0.3,11.47,False,,0.0,0.03,,0.27,0.3,3
1954,1954,resnet,large,warm,200,216.0,216.0,0.01,128.45,87.55,False,,,,,,,3
1955,1955,fastfouriertransform,large,warm,200,24.86,24.85,0.01,4.57,20.28,False,,0.0,3.79,0.0,0.77,4.56,4
1956,1956,mobilenet,medium,warm,200,28.24,28.23,0.01,23.27,4.97,False,,,,,,,2
1957,1957,fastfouriertransform,small,warm,200,23.34,23.34,0.01,4.63,18.7,False,,0.0,3.87,0.0,0.75,4.63,1
1958,1958,matrixmul,small,warm,200,20.42,18.49,1.93,4.89,13.59,False,,0.0,0.35,3.98,0.56,4.89,1
1959,1959,mobilenet,medium,warm,200,32.11,32.1,0.01,22.59,9.51,False,,,,,,,1
1960,1960,genmatrix,small,warm,200,6.99,6.33,0.66,0.15,6.18,False,,0.0,0.03,,0.11,0.14,1
1961,1961,resnet,medium,warm,200,144.32,144.31,0.01,139.32,4.99,False,,,,,,,1
1962,1962,fetchdata,large,warm,200,86.47,86.46,0.01,81.4,5.06,False,81.37,0.0,0.02,0.0,,81.4,2
1963,1963,mobilenet,large,warm,200,27.88,27.87,0.01,23.04,4.83,False,,,,,,,1
1964,1964,fetchdata,medium,warm,200,86.74,86.73,0.01,81.92,4.81,False,81.89,0.0,0.02,0.0,,81.92,1
1965,1965,mobilenet,medium,warm,200,28.46,28.45,0.01,23.01,5.44,False,,,,,,,1
1966,1966,genmatrix,large,warm,200,57.64,44.42,13.22,1.25,43.17,False,,0.0,0.03,,1.22,1.25,1
1967,1967,genmatrix,large,warm,200,48.11,35.94,12.17,0.99,34.95,False,,0.0,0.02,,0.97,0.99,1
1968,1968,mobilenet,large,warm,200,28.48,28.47,0.01,22.89,5.58,False,,,,,,,1
1969,1969,mobilenet,medium,warm,200,28.67,28.67,0.01,21.59,7.07,False,,,,,,,1
1970,1970,matrixmul,small,warm,200,20.33,18.35,1.98,4.96,13.39,False,,0.0,0.35,4.03,0.57,4.96,1
1971,1971,mobilenet,medium,warm,200,27.88,27.87,0.01,22.89,4.98,False,,,,,,,1
1972,1972,linpack,medium,warm,200,691.36,691.35,0.01,681.86,9.49,False,,0.0,0.53,6.31,675.01,681.85,1
1973,1973,resnet,small,warm,200,230.15,230.14,0.01,223.05,7.09,False,,,,,,,2
1974,1974,linpack,medium,warm,200,1137.06,1137.05,0.01,644.23,492.82,False,,0.0,0.33,3.96,639.94,644.23,3
1975,1975,fastfouriertransform,medium,warm,200,649.99,649.97,0.02,626.41,23.56,False,,0.0,6.14,0.0,620.26,626.41,4
1976,1976,mobilenet,small,warm,200,29.07,29.05,0.02,22.89,6.16,False,,,,,,,4
1977,1977,linpack,medium,warm,200,1481.18,1481.16,0.02,642.89,838.27,False,,0.0,0.36,3.95,638.58,642.89,4
1978,1978,resnet,large,warm,200,127.93,127.92,0.02,122.05,5.87,False,,,,,,,5
1979,1979,genmatrix,medium,warm,200,14.6,12.16,2.44,0.3,11.87,False,,0.0,0.03,,0.27,0.3,5
1980,1980,fetchdata,large,warm,200,87.11,87.1,0.02,82.34,4.76,False,82.31,0.0,0.02,0.0,,82.34,4
1981,1981,fetchdata,medium,warm,200,85.76,85.74,0.02,80.49,5.25,False,80.46,0.0,0.02,0.0,,80.49,4
1982,1982,genmatrix,medium,warm,200,14.57,12.53,2.04,0.31,12.22,False,,0.0,0.03,,0.28,0.31,3
1983,1983,fetchdata,small,warm,200,87.16,87.14,0.02,82.37,4.77,False,82.34,0.0,0.02,0.0,,82.37,3
1984,1984,fastfouriertransform,large,warm,200,32.46,32.46,0.01,4.73,27.73,False,,0.0,3.88,0.0,0.84,4.73,3
1985,1985,fastfouriertransform,small,warm,200,34.41,34.4,0.01,4.71,29.69,False,,0.0,3.87,0.0,0.83,4.71,3
1986,1986,matrixmul,small,warm,200,21.24,19.06,2.18,4.89,14.17,False,,0.0,0.35,3.97,0.56,4.89,2
1987,1987,matrixmul,small,warm,200,21.46,19.43,2.04,4.9,14.52,False,,0.0,0.35,3.99,0.56,4.9,2
1988,1988,resnet,medium,warm,200,233.89,233.88,0.01,228.14,5.74,False,,,,,,,2
1989,1989,mobilenet,medium,warm,200,28.5,28.48,0.02,22.81,5.67,False,,,,,,,3
1990,1990,resnet,large,warm,200,155.98,155.97,0.02,120.72,35.25,False,,,,,,,3
1991,1991,linpack,medium,warm,200,728.33,728.32,0.01,645.97,82.35,False,,0.0,0.33,3.94,641.69,645.97,3
1992,1992,resnet,large,warm,200,143.84,143.83,0.01,139.42,4.41,False,,,,,,,2
1993,1993,fastfouriertransform,large,warm,200,33.85,33.84,0.01,4.71,29.12,False,,0.0,3.89,0.0,0.82,4.71,3
1994,1994,fastfouriertransform,medium,warm,200,615.17,615.15,0.02,600.67,14.48,False,,0.0,3.87,0.0,596.79,600.67,2
1995,1995,linpack,large,warm,200,334.29,334.28,0.0,5.05,329.23,False,,0.0,0.34,3.95,0.76,5.05,3
1996,1996,linpack,medium,warm,200,880.44,880.42,0.02,644.54,235.88,False,,0.0,0.36,3.95,640.23,644.54,4
1997,1997,resnet,small,warm,200,125.05,125.05,0.01,119.64,5.41,False,,,,,,,5
1998,1998,linpack,large,warm,200,687.36,687.34,0.02,5.03,682.31,False,,0.0,0.33,3.96,0.74,5.03,6
1999,1999,fetchdata,large,warm,200,135.63,135.61,0.01,130.97,4.64,False,130.94,0.0,0.02,0.0,,130.97,4
2000,2000,mobilenet,medium,warm,200,31.09,31.07,0.02,25.06,6.01,False,,,,,,,5
