invocation_index,latency_s,status,launch_time,start_time,end_time
1,3559.708605054766,200,3479600.352964384,3479600.353025397,3479603.912734002
2,3472.1829467453063,200,3479600.453817329,3479600.453853959,3479603.926036906
3,3369.1492401994765,200,3479600.553632064,3479600.553657638,3479603.922806878
4,3266.440163832158,200,3479600.653614805,3479600.653639484,3479603.920079648
5,3171.893094666302,200,3479600.753010213,3479600.753035161,3479603.924928256
6,3070.6662791781127,200,3479600.85396223,3479600.853986493,3479603.924652772
7,2966.4431256242096,200,3479600.952962023,3479600.952985958,3479603.919429084
8,2875.9555527940392,200,3479601.053554356,3479601.053578228,3479603.929533781
9,2770.4225862398744,200,3479601.153908851,3479601.153941292,3479603.924363878
10,2671.009126119316,200,3479601.253291016,3479601.253323555,3479603.924332681
11,2566.777729894966,200,3479601.35361239,3479601.353638065,3479603.920415795
12,2470.298748929053,200,3479601.453255829,3479601.453279036,3479603.923577785
13,2376.114346086979,200,3479601.553435534,3479601.553459428,3479603.929573774
14,2275.5976230837405,200,3479601.653179975,3479601.653205032,3479603.928802655
15,2173.017303925008,200,3479601.75309097,3479601.753114069,3479603.926131373
16,2070.562340784818,200,3479601.853029904,3479601.853054156,3479603.923616497
17,1974.4261279702189,200,3479601.953825772,3479601.953843124,3479603.928269252
18,1875.03891158849,200,3479602.053992158,3479602.054031967,3479603.929070879
19,1775.3559667617085,200,3479602.153098854,3479602.153124764,3479603.928480731
20,1674.9492078088224,200,3479602.253542226,3479602.253567226,3479603.928516434
21,1573.782883118838,200,3479602.35297564,3479602.352991187,3479603.92677407
22,1465.9885158762336,200,3479602.453748223,3479602.453763618,3479603.919752134
23,1372.4910942837596,200,3479602.553860047,3479602.553885114,3479603.926376208
24,1275.0446940772235,200,3479602.653112071,3479602.653136804,3479603.928181498
25,1166.483434382826,200,3479602.753487559,3479602.7535117,3479603.919995134
26,1074.375062249601,200,3479602.853742258,3479602.853767445,3479603.928142507
27,1021.6755168512464,200,3479602.95392494,3479602.953958317,3479603.975633834
28,1022.1456359140575,200,3479603.053349072,3479603.053373843,3479604.075519479
29,1007.1187042631209,200,3479603.153968503,3479603.154008283,3479604.161126987
30,1007.6185208745301,200,3479603.253119856,3479603.253142766,3479604.260761287
31,1005.8421608991921,200,3479603.353666186,3479603.353695299,3479604.35953746
32,1019.9479260481894,200,3479603.453306155,3479603.453329699,3479604.473277625
33,1010.6228529475629,200,3479603.553588672,3479603.55361243,3479604.564235283
34,1008.3895139396191,200,3479603.653017177,3479603.653035175,3479604.661424689
35,1008.919539861381,200,3479603.753710206,3479603.753726078,3479604.762645618
36,1006.79975701496,200,3479603.853569877,3479603.853603051,3479604.860402808
37,1005.3297909907997,200,3479603.953051388,3479603.953084123,3479604.958413914
38,1006.2134121544659,200,3479604.053610946,3479604.053643046,3479605.059856458
39,1005.9724031016231,200,3479604.153320713,3479604.153355125,3479605.159327528
40,1004.8729721456766,200,3479604.253205,3479604.253240902,3479605.258113874
41,1004.686061758548,200,3479604.353609992,3479604.353645692,3479605.358331754
42,1005.6921658106148,200,3479604.453034487,3479604.453058549,3479605.458750715
43,1005.5407178588212,200,3479604.55378802,3479604.553813023,3479605.559353741
44,1008.9870458468797,200,3479604.6532595,3479604.653284571,3479605.662271617
45,1006.2795882113278,200,3479604.753449138,3479604.753476413,3479605.759756001
46,1005.0632692873478,200,3479604.85308453,3479604.853101107,3479605.858164376
47,1004.8791361041367,200,3479604.953129789,3479604.95315493,3479605.958034066
48,1005.7572452351451,200,3479605.053478155,3479605.053496616,3479606.059253861
49,1007.4032852426171,200,3479605.153013114,3479605.153039468,3479606.160442753
50,1006.0991458594799,200,3479605.253990728,3479605.254021409,3479606.260120555
51,1004.8566819168627,200,3479605.353153797,3479605.353178694,3479606.358035376
52,1006.1343559063971,200,3479605.454040078,3479605.454073251,3479606.460207607
53,1004.9771862104535,200,3479605.553120095,3479605.553157127,3479606.558134313
54,1005.0471420399845,200,3479605.653468537,3479605.653502196,3479606.658549338
55,1006.9788163527846,200,3479605.753494589,3479605.753527431,3479606.760506247
56,1004.4655189849436,200,3479605.853497076,3479605.853530912,3479606.857996431
57,1005.0885630771518,200,3479605.953125578,3479605.95315047,3479606.958239033
58,1004.4641173444688,200,3479606.053633156,3479606.053666169,3479607.058130286
59,1005.3346366621554,200,3479606.153375937,3479606.153417596,3479607.158752233
60,1006.0856696218252,200,3479606.25360855,3479606.253633769,3479607.259719439
61,1007.3765008710325,200,3479606.35357839,3479606.353602915,3479607.360979416
62,1004.7987559810281,200,3479606.454125532,3479606.454150209,3479607.458948965
63,1003.6792359314859,200,3479606.553407622,3479606.553441286,3479607.557120522
64,1004.5257415622473,200,3479606.653337314,3479606.653378431,3479607.657904173
65,1007.1061961352823,200,3479606.753813041,3479606.753851403,3479607.760957599
66,1006.2164049595594,200,3479606.853114569,3479606.853140867,3479607.859357272
67,1005.3199036046865,200,3479606.953280152,3479606.953306726,3479607.95862663
68,1004.6943943016231,200,3479607.053112663,3479607.05313746,3479608.057831854
69,1005.2840411663055,200,3479607.153040744,3479607.153065206,3479608.158349247
70,1010.1600107736886,200,3479607.253255482,3479607.253280607,3479608.263440618
71,1005.8087869547307,200,3479607.353888581,3479607.353913788,3479608.359722575
72,1005.481471773237,200,3479607.453737467,3479607.45376277,3479608.459244242
73,1004.7948928549886,200,3479607.553172658,3479607.553198549,3479608.557993442
74,1005.0454991869628,200,3479607.654085161,3479607.65411061,3479608.659156109
75,1005.3234077058733,200,3479607.753259118,3479607.753283602,3479608.75860701
76,1004.6919090673327,200,3479607.853642243,3479607.853678201,3479608.85837011
77,1004.6639139764011,200,3479607.953476827,3479607.953503615,3479608.958167529
78,1004.5027150772512,200,3479608.053160661,3479608.053185909,3479609.057688624
79,1003.4017250873148,200,3479608.153540588,3479608.153566946,3479609.156968671
80,1006.620469968766,200,3479608.253199853,3479608.253224456,3479609.259844926
81,1005.7631521485746,200,3479608.354139857,3479608.354173245,3479609.359936397
82,1005.4804389365015,200,3479608.453083035,3479608.453125855,3479609.458606294
83,1005.0822431221604,200,3479608.553351517,3479608.553376768,3479609.558459011
84,1004.1406364180148,200,3479608.653218609,3479608.653242849,3479609.657383485
85,1005.7558282278478,200,3479608.753378633,3479608.753396994,3479609.759152822
86,1005.3082467056811,200,3479608.853978594,3479608.85399792,3479609.859306167
87,1005.0596939399838,200,3479608.953868989,3479608.95389447,3479609.958954164
88,1004.3374220840633,200,3479609.053135203,3479609.053170729,3479610.057508151
89,1004.3798699043691,200,3479609.154100577,3479609.154125866,3479610.158505736
90,1006.6192732192576,200,3479609.253042176,3479609.253095843,3479610.259715116
91,1005.86480461061,200,3479609.353359794,3479609.353384991,3479610.359249796
92,1004.3086470104754,200,3479609.453571996,3479609.453596676,3479610.457905323
93,1004.8606172204018,200,3479609.553625129,3479609.553664115,3479610.558524732
94,1004.579832777381,200,3479609.653494338,3479609.653527661,3479610.658107494
95,1004.6210661530497,200,3479609.753131532,3479609.753166347,3479610.757787413
96,1005.3963456302879,200,3479609.853881556,3479609.853917002,3479610.859313348
97,1005.3757857531309,200,3479609.953296762,3479609.953332894,3479610.95870868
98,1005.1692412234845,200,3479610.05354893,3479610.053582198,3479611.058751439
99,1004.5253769494591,200,3479610.153415368,3479610.153448339,3479611.157973716
100,1004.308664239943,200,3479610.253567981,3479610.253611549,3479611.257920213
101,1005.8564553037286,200,3479610.353450667,3479610.353484504,3479611.359340959
102,1005.7754199951887,200,3479610.453407564,3479610.453439527,3479611.459214947
103,1005.4308939725161,200,3479610.553361962,3479610.55337921,3479611.558810104
104,1005.0960429944098,200,3479610.65296381,3479610.652997188,3479611.658093231
105,1003.6393031477928,200,3479610.753443912,3479610.753476551,3479611.757115854
106,1005.521799903363,200,3479610.853270581,3479610.853304634,3479611.858826434
107,1004.9387919716537,200,3479610.95304965,3479610.953085377,3479611.958024169
108,1004.7953831963241,200,3479611.053714716,3479611.05374661,3479612.058541993
109,1004.9428059719503,200,3479611.153939083,3479611.15396635,3479612.158909156
110,1003.593813162297,200,3479611.253867931,3479611.253901715,3479612.257495528
111,1006.8873977288604,200,3479611.353205772,3479611.353240448,3479612.360127846
112,1005.1869410090148,200,3479611.453135968,3479611.453176713,3479612.458363654
113,1004.6359789557755,200,3479611.553891364,3479611.553923243,3479612.558559222
114,1004.068766720593,200,3479611.653380739,3479611.653405338,3479612.657474105
115,1004.6909218654037,200,3479611.754116532,3479611.7541489,3479612.758839822
116,1005.8887116611004,200,3479611.853429678,3479611.853463793,3479612.859352505
117,1005.7002366520464,200,3479611.953131629,3479611.953167049,3479612.958867286
118,1005.6366873905065,200,3479612.053887924,3479612.053921194,3479613.059557881
119,1003.9508170448244,200,3479612.153419756,3479612.153444905,3479613.157395722
120,1004.1048652492464,200,3479612.253359477,3479612.25338553,3479613.257490395
121,1008.2990219816566,200,3479612.353055058,3479612.353083988,3479613.36138301
122,1006.1831953935323,200,3479612.453146306,3479612.453171795,3479613.45935499
123,1005.9883859939871,200,3479612.55353743,3479612.553564013,3479613.559552399
124,1004.7935112379491,200,3479612.653634283,3479612.653659267,3479613.658452778
125,1003.7845498882234,200,3479612.754055752,3479612.754100868,3479613.757885418
126,1006.7931730300188,200,3479612.853663946,3479612.853698108,3479613.860491281
127,1005.6456690654161,200,3479612.954083353,3479612.954117044,3479613.959762713
128,1004.7084633260963,200,3479613.053669947,3479613.053723253,3479614.058431716
129,1003.3841319382191,200,3479613.153738808,3479613.153777929,3479614.157162061
130,1004.6781706623733,200,3479613.253522148,3479613.253548317,3479614.258226488
131,1005.8369338512421,200,3479613.353341772,3479613.353378144,3479614.359215078
132,1004.8532970249653,200,3479613.453513756,3479613.453559055,3479614.458412352
133,1005.3720530122521,200,3479613.553171381,3479613.553202218,3479614.558574271
134,1005.068909842521,200,3479613.653493391,3479613.653530498,3479614.658599408
135,1004.3990821577609,200,3479613.753145379,3479613.75317325,3479614.757572332
136,1006.8425717763605,200,3479613.853666598,3479613.853692198,3479614.86053477
137,1006.4677582122386,200,3479613.953313092,3479613.953337363,3479614.959805121
138,1005.616975016892,200,3479614.053149979,3479614.053174791,3479615.058791766
139,1004.5193913392725,200,3479614.154016121,3479614.154042172,3479615.158561563
140,1003.9803069084885,200,3479614.253451611,3479614.253490744,3479615.257471051
141,1007.0279100909829,200,3479614.353472187,3479614.353498134,3479615.360526044
142,1006.1887139454484,200,3479614.453337089,3479614.453362406,3479615.45955112
143,1005.8616860769689,200,3479614.553019149,3479614.553053618,3479615.558915304
144,1003.9422740228474,200,3479614.653252782,3479614.653277902,3479615.657220176
145,1004.7723772004249,200,3479614.752984988,3479614.753033334,3479615.757805711
146,1007.0541249588132,200,3479614.85311032,3479614.853136373,3479615.860190498
147,1007.7166040427985,200,3479614.953896686,3479614.953912995,3479615.961629599
148,1005.7340208441019,200,3479615.053109284,3479615.053134393,3479616.058868414
149,1005.1366277039051,200,3479615.153758419,3479615.153795137,3479616.158931765
150,1003.5532587207854,200,3479615.253975567,3479615.254006904,3479616.257560163
151,1005.1232958212497,200,3479615.353761863,3479615.353797209,3479616.358920505
152,1004.9909842200575,200,3479615.453958169,3479615.453996542,3479616.458987526
153,1005.0450437702241,200,3479615.554187527,3479615.554275655,3479616.559320699
154,1005.0282781012356,200,3479615.653198881,3479615.653233469,3479616.658261747
155,1005.0531816668808,200,3479615.753029494,3479615.753059916,3479616.758113098
156,1005.2998969331384,200,3479615.853221953,3479615.853247324,3479616.858547221
157,1010.1264948025346,200,3479615.953778076,3479615.953806573,3479616.963933068
158,1004.2456272058189,200,3479616.053223824,3479616.053249647,3479617.057495274
159,1003.9753308519721,200,3479616.153306557,3479616.153332325,3479617.157307656
160,1004.3079797178509,200,3479616.25376702,3479616.25379088,3479617.25809886
161,1005.3446269594133,200,3479616.353323088,3479616.353356339,3479617.358700966
162,1004.2681121267378,200,3479616.453448165,3479616.453489937,3479617.457758049
163,1005.9885019436481,200,3479616.55342879,3479616.553467752,3479617.559456254
164,1005.3591928444805,200,3479616.65371249,3479616.653753876,3479617.659113069
165,1004.9091991968453,200,3479616.753350956,3479616.753377143,3479617.758286342
166,1004.396959207952,200,3479616.853034668,3479616.853070174,3479617.857467133
167,1005.9374491684141,200,3479616.953792175,3479616.953827859,3479617.959765308
168,1005.6675933301449,200,3479617.053206682,3479617.053247153,3479618.058914746
169,1004.777351859957,200,3479617.154177949,3479617.154217036,3479618.158994388
170,1004.6739038079977,200,3479617.253540872,3479617.253583595,3479618.258257499
171,1005.0200442783537,200,3479617.353860424,3479617.353907337,3479618.358927381
172,1005.4978271946311,200,3479617.453828254,3479617.453862027,3479618.459359854
173,1005.469508934766,200,3479617.554000026,3479617.554046154,3479618.559515663
174,1005.1919748075306,200,3479617.653449032,3479617.653484124,3479618.658676099
175,1004.1971751488743,200,3479617.753602188,3479617.753626232,3479618.757823407
176,1004.190688021481,200,3479617.853752057,3479617.853776055,3479618.857966743
177,1005.4303230717778,200,3479617.953172065,3479617.953198162,3479618.958628485
178,1005.5948211811483,200,3479618.054208804,3479618.054233934,3479619.059828755
179,1005.0428342074156,200,3479618.153651219,3479618.153676735,3479619.158719569
180,1003.9049661718309,200,3479618.253432381,3479618.25346554,3479619.257370506
181,1004.8177749849856,200,3479618.353459255,3479618.353493861,3479619.358311636
182,1004.4169379398229,200,3479618.453402289,3479618.453437685,3479619.457854623
183,1004.7582448460162,200,3479618.553942165,3479618.553988072,3479619.558746317
184,1005.2949800156057,200,3479618.653412358,3479618.65343861,3479619.65873359
185,1004.4162883423269,200,3479618.753154014,3479618.753178511,3479619.757594799
186,1004.5058280229568,200,3479618.85337854,3479618.853412061,3479619.857917889
187,1004.4709951616824,200,3479618.953736969,3479618.953771885,3479619.95824288
188,1005.5050542578099,200,3479619.053648404,3479619.053689609,3479620.059194663
189,1004.7783753834665,200,3479619.152963349,3479619.152998429,3479620.157776804
190,1004.6253241598606,200,3479619.253209492,3479619.253234789,3479620.257860113
191,1004.0428168140352,200,3479619.353266643,3479619.353289985,3479620.357332802
192,1005.4167448543012,200,3479619.45373659,3479619.453770472,3479620.459187217
193,1005.6342538446188,200,3479619.553128437,3479619.553166883,3479620.558801137
194,1004.4051697477698,200,3479619.653594445,3479619.653628806,3479620.658033976
195,1003.9398777298629,200,3479619.754028689,3479619.75405413,3479620.757994008
196,1003.5577821545305,200,3479619.853260306,3479619.853280415,3479620.856838197
197,1005.1530771888793,200,3479619.953453844,3479619.953479324,3479620.958632401
198,1005.7377619668839,200,3479620.053666246,3479620.053685126,3479621.059422888
199,1004.3589631095529,200,3479620.153243415,3479620.153268543,3479621.157627506
200,1004.0320158004761,200,3479620.253989763,3479620.25402018,3479621.258052196
201,1003.8474127650261,200,3479620.353366988,3479620.353407442,3479621.357254855
202,1005.3367698565123,200,3479620.452994513,3479620.453038059,3479621.458374829
203,1005.2476427517831,200,3479620.553111919,3479620.553144908,3479621.558392551
204,1006.3678151927888,200,3479620.653688312,3479620.653722434,3479621.660090249
205,1004.598687402904,200,3479620.753301782,3479620.75332547,3479621.757924157
206,1004.392433911562,200,3479620.853121357,3479620.853154558,3479621.857546992
207,1005.8288658037782,200,3479620.954173378,3479620.954213262,3479621.960042128
208,1005.860636010766,200,3479621.05344707,3479621.053492283,3479622.059352919
209,1005.1791286095977,200,3479621.153114795,3479621.153148094,3479622.158327223
210,1004.6256682835519,200,3479621.253561475,3479621.253597486,3479622.258223154
211,1003.8773999549448,200,3479621.353538308,3479621.353563536,3479622.357440936
212,1006.2217731028795,200,3479621.45339515,3479621.453430207,3479622.45965198
213,1005.8119879104197,200,3479621.553651416,3479621.553684973,3479622.559496961
214,1005.2168248221278,200,3479621.653233388,3479621.653281269,3479622.658498094
215,1004.7331717796624,200,3479621.753503272,3479621.753537508,3479622.75827068
216,1004.7053471207621,200,3479621.853790043,3479621.853823947,3479622.858529294
217,1005.8321477845311,200,3479621.953125811,3479621.953166834,3479622.958998982
218,1004.6663591638207,200,3479622.053357721,3479622.053391419,3479623.058057778
219,1005.3898864425721,200,3479622.153127056,3479622.153163166,3479623.158553052
220,1004.4590090401471,200,3479622.253864715,3479622.253888595,3479623.258347604
221,1004.3943542987108,200,3479622.353354951,3479622.353379585,3479623.357773939
222,1005.0521148368716,200,3479622.453826663,3479622.453851892,3479623.458904007
223,1005.8523821644485,200,3479622.553393346,3479622.5534185,3479623.559270882
224,1005.3067891858518,200,3479622.653267337,3479622.653293362,3479623.658600151
225,1005.1207980141044,200,3479622.753556871,3479622.753590384,3479623.758711182
226,1004.8205899074674,200,3479622.853403199,3479622.853444356,3479623.858264946
227,1004.8204949125648,200,3479622.953838164,3479622.95386277,3479623.958683265
228,1005.1857950165868,200,3479623.053653166,3479623.053681744,3479624.058867539
229,1007.1520921774209,200,3479623.153493275,3479623.153518233,3479624.160670325
230,1004.2375703342259,200,3479623.253479818,3479623.253505909,3479624.257743479
231,1004.4162818230689,200,3479623.353523618,3479623.353549003,3479624.357965285
232,1004.7080097720027,200,3479623.45337709,3479623.45341012,3479624.45811813
233,1005.8115758001804,200,3479623.553512022,3479623.553547774,3479624.55935935
234,1004.7215903177855,200,3479623.653453694,3479623.65349666,3479624.65821825
235,1004.5187757350504,200,3479623.753422214,3479623.753454449,3479624.757973225
236,1004.1756378486753,200,3479623.853588702,3479623.853612578,3479624.857788216
237,1004.8876609653234,200,3479623.954033707,3479623.954067679,3479624.95895534
238,1005.9956759214399,200,3479624.053435162,3479624.05346958,3479625.059465256
239,1007.2744232602415,200,3479624.15346879,3479624.153502457,3479625.16077688
240,1004.2799101211131,200,3479624.253970344,3479624.254011918,3479625.258291828
241,1004.9496609717607,200,3479624.353449855,3479624.353475153,3479625.358424814
242,1005.1100794225931,200,3479624.453552744,3479624.453589814,3479625.458699893
243,1006.9650448858738,200,3479624.553107692,3479624.553142998,3479625.560108043
244,1006.2450929544866,200,3479624.653791648,3479624.653823111,3479625.660068204
245,1005.0676479004323,200,3479624.753554954,3479624.75358904,3479625.758656688
246,1004.3025678023696,200,3479624.853876967,3479624.853902019,3479625.858204587
247,1004.570750053972,200,3479624.953982143,3479624.95402673,3479625.95859748
248,1005.7177930139003,200,3479625.053584669,3479625.053624981,3479626.059342774
249,1005.9268428012729,200,3479625.153311257,3479625.153354045,3479626.159280888
250,1004.7164801508188,200,3479625.253299494,3479625.253328999,3479626.258045479
251,1003.9659948088229,200,3479625.354088593,3479625.354128124,3479626.358094119
252,1004.8981779254973,200,3479625.45389596,3479625.45393576,3479626.458833938
253,1006.0292980633676,200,3479625.554183748,3479625.554220263,3479626.560249561
254,1005.4419660009444,200,3479625.653145939,3479625.653179522,3479626.658621488
255,1004.9997554160657,200,3479625.75320115,3479625.753234111,3479626.758233866
256,1004.3126968666911,200,3479625.853138568,3479625.853178107,3479626.857490804
257,1004.9346960149703,200,3479625.953879668,3479625.953897677,3479626.958832373
258,1005.5293580517173,200,3479626.053671607,3479626.053696161,3479627.059225519
259,1005.1958519034088,200,3479626.154169645,3479626.15419484,3479627.159390692
260,1005.0168070010841,200,3479626.25337241,3479626.253390468,3479627.258407275
261,1003.6905631422997,200,3479626.353417658,3479626.353455909,3479627.357146472
262,1004.388608969748,200,3479626.453454034,3479626.453477504,3479627.457866113
263,1008.205022662878,200,3479626.553228874,3479626.553254247,3479627.56145927
264,1005.7208817452192,200,3479626.653136166,3479626.653184079,3479627.658904961
265,1005.0944923423231,200,3479626.753350819,3479626.753386711,3479627.758481203
266,1004.8022149130702,200,3479626.853569574,3479626.853604778,3479627.858406993
267,1004.780086223036,200,3479626.95317943,3479626.953214091,3479627.957994177
268,1004.6332250349224,200,3479627.054091135,3479627.054126984,3479628.058760209
269,1005.4494948126376,200,3479627.153197046,3479627.15323224,3479628.158681735
270,1004.536768887192,200,3479627.253798327,3479627.253842467,3479628.258379236
271,1003.9312341250479,200,3479627.353733616,3479627.35376454,3479628.357695774
272,1003.3472259528935,200,3479627.453395179,3479627.453437454,3479628.45678468
273,1005.4041831754148,200,3479627.553023236,3479627.553064534,3479628.558468717
274,1005.6801601313057,200,3479627.653814534,3479627.653846679,3479628.659526839
275,1004.8522059805691,200,3479627.75385084,3479627.753885637,3479628.758737843
276,1004.2334129102528,200,3479627.85356065,3479627.853593995,3479628.857827408
277,1005.035899579525,200,3479627.95341955,3479627.953454593,3479628.958490493
278,1005.4406840354204,200,3479628.053544454,3479628.053572663,3479629.059013347
279,1005.3846840746701,200,3479628.153551648,3479628.15357675,3479629.158961434
280,1005.5448007769885,200,3479628.253216433,3479628.253241727,3479629.258786528
281,1004.1205990128219,200,3479628.354051932,3479628.354078647,3479629.358199246
282,1004.7543179243803,200,3479628.453739935,3479628.453765512,3479629.45851983
283,1005.5208643898368,200,3479628.554077041,3479628.554103628,3479629.559624492
284,1005.6429179385304,200,3479628.652999664,3479628.653031017,3479629.658673935
285,1005.1242439076304,200,3479628.753687054,3479628.753712562,3479629.758836806
286,1005.536369048059,200,3479628.853623491,3479628.85368085,3479629.859217219
287,1004.4438359327614,200,3479628.953323059,3479628.953342199,3479629.957786035
288,1004.9918359145522,200,3479629.053937801,3479629.053956407,3479630.058948243
289,1005.2093351259828,200,3479629.153039544,3479629.153065085,3479630.15827442
290,1006.449765060097,200,3479629.253319889,3479629.253356675,3479630.25980644
291,1004.3462868779898,200,3479629.35347909,3479629.353504436,3479630.357850723
292,1003.6384724080565,200,3479629.453299946,3479629.453324652,3479630.456963124
293,1005.0630937330425,200,3479629.553471081,3479629.553494974,3479630.558558068
294,1005.6817159056664,200,3479629.653052535,3479629.653077716,3479630.658759432
295,1004.9513559788463,200,3479629.753647408,3479629.753683743,3479630.758635099
296,1003.9614848792553,200,3479629.853165038,3479629.8531815,3479630.857142985
297,1004.4101728126409,200,3479629.953122651,3479629.953158657,3479630.95756883
298,1006.8581947125494,200,3479630.053310314,3479630.053351846,3479631.060210041
299,1005.7308692485094,200,3479630.153403822,3479630.153438891,3479631.15916976
300,1005.1618991419673,200,3479630.253417426,3479630.253458274,3479631.258620173
301,1003.7262090481818,200,3479630.353935223,3479630.353963403,3479631.357689612
302,1004.7499421052637,200,3479630.45344072,3479630.453475989,3479631.458225931
303,1005.5843917652965,200,3479630.553444251,3479630.553477675,3479631.559062067
304,1005.3677787072957,200,3479630.653736152,3479630.653767757,3479631.659135536
305,1004.3599880300462,200,3479630.753685026,3479630.753714763,3479631.758074751
306,1004.11087134853,200,3479630.853769612,3479630.853829316,3479631.857940187
307,1004.52916091308,200,3479630.95347832,3479630.953513729,3479631.95804289
308,1005.0007398240268,200,3479631.053326581,3479631.053358199,3479632.058358939
309,1009.9331298843026,200,3479631.153410972,3479631.15344792,3479632.16338105
310,1005.451574921608,200,3479631.253645556,3479631.253680699,3479632.259132274
311,1004.2949910275638,200,3479631.353872871,3479631.353898562,3479632.358193553
312,1004.3968078680336,200,3479631.453352648,3479631.453390688,3479632.457787496
313,1004.7525470145049,200,3479631.553944533,3479631.553984919,3479632.558737466
314,1005.7582180015745,200,3479631.653420585,3479631.653454321,3479632.659212539
315,1004.5095849782228,200,3479631.754171323,3479631.754203989,3479632.758713574
316,1004.2615281417966,200,3479631.853513858,3479631.853549184,3479632.857810712
317,1004.0996139869094,200,3479631.953365844,3479631.953390649,3479632.957490263
318,1005.2763870917261,200,3479632.053207257,3479632.05324288,3479633.058519267
319,1008.7993289344013,200,3479632.153958123,3479632.153991864,3479633.162791193
320,1006.1595430597663,200,3479632.253549649,3479632.253582294,3479633.259741837
321,1004.5896889641881,200,3479632.353723633,3479632.353757702,3479633.358347391
322,1004.279654007405,200,3479632.45328256,3479632.45330706,3479633.457586714
323,1004.0387050248682,200,3479632.553349149,3479632.553385535,3479633.55742424
324,1005.4798969067631,200,3479632.653519242,3479632.653545003,3479633.6590249
325,1005.5031711235642,200,3479632.753736431,3479632.753754512,3479633.759257683
326,1005.7616592384877,200,3479632.854124146,3479632.854165388,3479633.859927047
327,1004.7835442237556,200,3479632.952985465,3479632.953028741,3479633.957812285
328,1004.2467792518437,200,3479633.053816083,3479633.053850215,3479634.058096994
329,1005.6183570995929,200,3479633.154107658,3479633.154139901,3479634.159758258
330,1006.9437250494957,200,3479633.254185127,3479633.254215005,3479634.26115873
331,1004.6861860901115,200,3479633.352991214,3479633.353037048,3479634.357723234
332,1004.1298847645519,200,3479633.453507465,3479633.45352572,3479634.457655605
333,1004.6975240111351,200,3479633.553422373,3479633.553456711,3479634.558154235
334,1008.8762086816132,200,3479633.653533469,3479633.653567978,3479634.662444187
335,1006.0366429388523,200,3479633.753534382,3479633.753569682,3479634.759606325
336,1004.9700499512255,200,3479633.853210267,3479633.853250648,3479634.858220698
337,1004.2435359209776,200,3479633.953990365,3479633.954021625,3479634.958265161
338,1003.8321767933669,200,3479634.053733103,3479634.053772178,3479635.057604355
339,1006.4397528767586,200,3479634.153425489,3479634.153461323,3479635.159901076
340,1005.6889997795224,200,3479634.253449402,3479634.253479535,3479635.259168535
341,1004.1571659967303,200,3479634.353568881,3479634.353603837,3479635.357761003
342,1004.5862048864365,200,3479634.454088438,3479634.454113395,3479635.4586996
343,1004.4142580591142,200,3479634.553920019,3479634.553948867,3479635.558363125
344,1006.9878352805972,200,3479634.653553088,3479634.653589525,3479635.66057736
345,1005.8083208277822,200,3479634.753323309,3479634.753364547,3479635.759172868
346,1005.3625269792974,200,3479634.853288059,3479634.853321362,3479635.858683889
347,1005.1171453669667,200,3479634.953454138,3479634.953496617,3479635.958613762
348,1004.9149668775501,200,3479635.053446392,3479635.053471155,3479636.058386122
349,1006.314346101135,200,3479635.153516036,3479635.153542021,3479636.159856367
350,1005.578731186688,200,3479635.2535451,3479635.253569495,3479636.259148226
351,1007.7616451308131,200,3479635.353392126,3479635.353418279,3479636.361179924
352,1004.4786646030843,200,3479635.453508751,3479635.453533293,3479636.458011958
353,1004.5861541293559,200,3479635.553598724,3479635.5536343,3479636.558220454
354,1009.1448510065677,200,3479635.653996418,3479635.654029672,3479636.663174523
355,1005.5201128125191,200,3479635.753747374,3479635.753773185,3479636.759293298
356,1006.1753778718412,200,3479635.853884767,3479635.853916761,3479636.860092139
357,1004.5804088003931,200,3479635.953654318,3479635.953679854,3479636.958260263
358,1004.2790058068931,200,3479636.053365661,3479636.053391674,3479637.05767068
359,1007.5450143776834,200,3479636.153807819,3479636.153833911,3479637.161378925
360,1005.6217107921841,200,3479636.253836338,3479636.25386259,3479637.259484301
361,1004.233730956912,200,3479636.353294508,3479636.353320182,3479637.357553913
362,1004.3147150427103,200,3479636.45302678,3479636.453052444,3479637.457367159
363,1004.4355108402669,200,3479636.553504764,3479636.553529447,3479637.557964958
364,1005.8545139618218,200,3479636.653344415,3479636.653383619,3479637.659238133
365,1006.0876230709257,200,3479636.753569018,3479636.75360393,3479637.759691553
366,1004.8853331245482,200,3479636.853112516,3479636.853149678,3479637.858035011
367,1004.3770568445325,200,3479636.953503485,3479636.9535379,3479637.957914957
368,1003.9989249780774,200,3479637.053058198,3479637.053082608,3479638.057081533
369,1005.3114132024348,200,3479637.153216608,3479637.153257614,3479638.158569027
370,1005.2724280394614,200,3479637.253662831,3479637.253703392,3479638.25897582
371,1004.8966128379109,200,3479637.353868518,3479637.353901607,3479638.35879822
372,1004.2160837911069,200,3479637.453128027,3479637.453152033,3479638.457368117
373,1004.6659680083394,200,3479637.553605745,3479637.553639622,3479638.55830559
374,1005.0026713870466,200,3479637.653979614,3479637.654018949,3479638.65902162
375,1006.0898959636688,200,3479637.753474362,3479637.753508143,3479638.759598039
376,1005.8378628455102,200,3479637.853588868,3479637.853621397,3479638.85945926
377,1004.3364646844566,200,3479637.953549285,3479637.953584045,3479638.95792051
378,1004.8122801817954,200,3479638.053252639,3479638.053277956,3479639.058090236
379,1005.7059130631387,200,3479638.153172468,3479638.153197133,3479639.158903046
380,1005.5619911290703,200,3479638.253156578,3479638.253183615,3479639.258745606
381,1004.9888268113136,200,3479638.353774645,3479638.353808341,3479639.358797168
382,1004.0366570465269,200,3479638.453757764,3479638.453787013,3479639.45782367
383,1006.2767490744591,200,3479638.553715376,3479638.553748988,3479639.560025737
384,1005.1603433676064,200,3479638.653781103,3479638.653825395,3479639.658985738
385,1005.1378970965743,200,3479638.753126695,3479638.753159508,3479639.758297405
386,1005.6233960203826,200,3479638.853422943,3479638.853460832,3479639.859084228
387,1004.2352708987892,200,3479638.95367617,3479638.953710097,3479639.957945368
388,1004.6632839366794,200,3479639.053772801,3479639.05380313,3479640.058466414
389,1005.1706922240555,200,3479639.153581306,3479639.153617405,3479640.158788097
390,1005.874346010387,200,3479639.253199656,3479639.25323444,3479640.259108786
391,1006.7378501407802,200,3479639.353568972,3479639.353603562,3479640.360341412
392,1004.6379212290049,200,3479639.453468129,3479639.453503619,3479640.45814154
393,1004.104046151042,200,3479639.553166115,3479639.553190596,3479640.557294642
394,1004.8966407775879,200,3479639.654039077,3479639.654073155,3479640.658969796
395,1005.3753382526338,200,3479639.753932459,3479639.753973169,3479640.759348507
396,1005.4963929578662,200,3479639.853431776,3479639.85346638,3479640.858962773
397,1004.2105340398848,200,3479639.954052798,3479639.954086552,3479640.958297086
398,1004.4537642970679,200,3479640.053367117,3479640.053391039,3479641.057844803
399,1004.9969870597124,200,3479640.153477219,3479640.153510081,3479641.158507068
400,1004.9422290176151,200,3479640.253399272,3479640.253440566,3479641.258382795
401,1005.3946701809764,200,3479640.353975106,3479640.354027654,3479641.359422324
402,1005.32261794433,200,3479640.45379683,3479640.453827746,3479641.459150364
403,1003.8477010093629,200,3479640.553914628,3479640.553939165,3479641.557786866
404,1003.4944540821016,200,3479640.653038013,3479640.653070964,3479641.656565418
405,1004.9996627494693,200,3479640.753374033,3479640.753416675,3479641.758416338
406,1005.8438167907298,200,3479640.853540024,3479640.853573291,3479641.859417108
407,1004.6576275490224,200,3479640.953549878,3479640.953591645,3479641.958249273
408,1004.5726331882181,200,3479641.053235846,3479641.053280315,3479642.057852948
409,1004.7694910317659,200,3479641.153495124,3479641.153521587,3479642.158291078
410,1005.2045402117074,200,3479641.253306419,3479641.253341953,3479642.258546493
411,1007.140192668885,200,3479641.353878357,3479641.353912738,3479642.361052931
412,1005.2680228836834,200,3479641.45403196,3479641.454065298,3479642.459333321
413,1004.0196599438789,200,3479641.553611662,3479641.553648352,3479642.557668012
414,1003.9048758335412,200,3479641.653587602,3479641.653606098,3479642.657510974
415,1005.2072522230446,200,3479641.753526259,3479641.75354577,3479642.758753022
416,1005.656274035573,200,3479641.85312451,3479641.853159251,3479642.858815525
417,1005.38175040856,200,3479641.953095625,3479641.953129973,3479642.958511723
418,1004.18990990147,200,3479642.053411451,3479642.05343699,3479643.0576269
419,1003.7046857178211,200,3479642.154036463,3479642.154062562,3479643.157767248
420,1008.4336618892848,200,3479642.254114474,3479642.254139827,3479643.262573489
421,1010.2334311231971,200,3479642.352998069,3479642.353029929,3479643.36326336
422,1004.7310339286923,200,3479642.453193625,3479642.453230162,3479643.457961196
423,1005.0882673822343,200,3479642.553642687,3479642.55366838,3479643.558756647
424,1004.5897918753326,200,3479642.653775367,3479642.653817398,3479643.65840719
425,1005.4702893830836,200,3479642.753732951,3479642.753770624,3479643.759240913
426,1005.5071921087799,200,3479642.853323292,3479642.853357929,3479643.858865121
427,1005.0061237998309,200,3479642.953382441,3479642.953417038,3479643.958423162
428,1004.4041560031474,200,3479643.053596921,3479643.053616537,3479644.058020693
429,1004.9705118872223,200,3479643.154126463,3479643.154171492,3479644.159142004
430,1004.681056831032,200,3479643.253628138,3479643.253671157,3479644.258352214
431,1005.6266523897648,200,3479643.353758005,3479643.353792242,3479644.359418894
432,1004.805195145309,200,3479643.45317914,3479643.453213141,3479644.458018336
433,1004.9393018707633,200,3479643.553814848,3479643.553872928,3479644.55881223
434,1006.3172392547131,200,3479643.654017935,3479643.654052273,3479644.660369512
435,1004.9987537786365,200,3479643.753388798,3479643.753423755,3479644.758422509
436,1006.0741733759642,200,3479643.853477459,3479643.853517574,3479644.859591747
437,1004.633191972971,200,3479643.95298604,3479643.953030612,3479644.957663804
438,1004.9854530952871,200,3479644.05334068,3479644.05336534,3479645.058350793
439,1003.9017121307552,200,3479644.154161257,3479644.154194591,3479645.158096303
440,1004.9230037257075,200,3479644.253925458,3479644.253959102,3479645.258882106
441,1005.8295917697251,200,3479644.354025873,3479644.354060416,3479645.359890008
442,1005.3312568925321,200,3479644.453378119,3479644.453419397,3479645.458750654
443,1003.9262371137738,200,3479644.553632115,3479644.553649786,3479645.557576023
444,1004.5175650157034,200,3479644.653196469,3479644.653239855,3479645.65775742
445,1006.3597848638892,200,3479644.753194519,3479644.75323083,3479645.759590615
446,1006.0254293493929,200,3479644.853657402,3479644.85369225,3479645.859717679
447,1004.7201099805534,200,3479644.953403121,3479644.953443899,3479645.958164009
448,1004.6504838392138,200,3479645.053658891,3479645.053687936,3479646.05833842
449,1003.9337398484349,200,3479645.153468893,3479645.15349499,3479646.15742873
450,1005.9135961346328,200,3479645.253490081,3479645.253509798,3479646.259423394
451,1005.6526558473706,200,3479645.35334766,3479645.353385835,3479646.359038491
452,1005.271262023598,200,3479645.454008628,3479645.454050487,3479646.459321749
453,1004.0329839102924,200,3479645.55315432,3479645.553178383,3479646.557211367
454,1003.9049559272826,200,3479645.653886375,3479645.65391984,3479646.657824796
455,1007.3719718493519,200,3479645.754113049,3479645.754152622,3479646.761524594
456,1005.8169439435003,200,3479645.853438786,3479645.853483193,3479646.859300137
457,1004.6372250653803,200,3479645.953761162,3479645.953797635,3479646.95843486
458,1004.3971189297736,200,3479646.05364464,3479646.053671746,3479647.058068865
459,1004.4969799928367,200,3479646.153645998,3479646.153663704,3479647.158160684
460,1004.531039390713,200,3479646.253543437,3479646.25356709,3479647.258098129
461,1005.054219160229,200,3479646.35350848,3479646.353532637,3479647.358586856
462,1004.9945320934055,200,3479646.453862745,3479646.453887776,3479647.458882308
463,1004.4671152718363,200,3479646.553513412,3479646.553547388,3479647.558014503
464,1004.2775683104992,200,3479646.653767019,3479646.653807487,3479647.658085055
465,1004.6959542669356,200,3479646.753310492,3479646.753345479,3479647.758041433
466,1004.6956068836153,200,3479646.853810752,3479646.853842629,3479647.858538236
467,1005.2714319899678,200,3479646.953286292,3479646.95332758,3479647.958599012
468,1003.8140960969031,200,3479647.053791918,3479647.053827875,3479648.057641971
469,1004.6122167259457,200,3479647.153678877,3479647.15370339,3479648.158315607
470,1003.8413503207266,200,3479647.253282295,3479647.253323238,3479648.257164588
471,1004.3382695876062,200,3479647.353464628,3479647.353501722,3479648.357839992
472,1007.153628859669,200,3479647.453142762,3479647.453185046,3479648.460338675
473,1004.4984808191657,200,3479647.553837574,3479647.553867943,3479648.558366424
474,1004.2913509532809,200,3479647.653746023,3479647.653779317,3479648.658070668
475,1004.5767212286592,200,3479647.753510178,3479647.753545325,3479648.758122046
476,1005.2732899785042,200,3479647.853408359,3479647.853442438,3479648.858715728
477,1005.576441064477,200,3479647.953314166,3479647.953352105,3479648.958928546
478,1004.9702413380146,200,3479648.054103441,3479648.054129216,3479649.059099457
479,1004.6415878459811,200,3479648.153227778,3479648.153252705,3479649.157894293
480,1004.6661230735481,200,3479648.253377819,3479648.253397049,3479649.258063172
481,1006.176020950079,200,3479648.352992026,3479648.353027837,3479649.359203858
482,1007.7489940449595,200,3479648.453895108,3479648.453925817,3479649.461674811
483,1005.488442722708,200,3479648.553819081,3479648.553856531,3479649.559344974
484,1004.7089769504964,200,3479648.653555149,3479648.653580619,3479649.658289596
485,1004.7749308869245,200,3479648.753173464,3479648.753198382,3479649.757973313
486,1004.7018532641232,200,3479648.853511113,3479648.853528382,3479649.858230235
487,1005.419029854238,200,3479648.953231261,3479648.953256941,3479649.958675971
488,1004.1085248813033,200,3479649.05374464,3479649.053781066,3479650.057889591
489,1004.4948998838663,200,3479649.153540263,3479649.153564889,3479650.158059789
490,1005.7029039598999,200,3479649.25339434,3479649.253428162,3479650.259131066
491,1005.1070642657578,200,3479649.354084139,3479649.354115123,3479650.359222187
492,1005.3342087194324,200,3479649.453413565,3479649.453445482,3479650.458779691
493,1006.5145823173225,200,3479649.553500458,3479649.553533876,3479650.560048458
494,1004.2017106898129,200,3479649.653204078,3479649.653227411,3479650.657429122
495,1004.1241003200412,200,3479649.753268578,3479649.753292626,3479650.757416726
496,1005.1494338549674,200,3479649.85352302,3479649.853547695,3479650.858697129
497,1005.4720710031688,200,3479649.953167972,3479649.953192833,3479650.958664904
498,1005.2465558983386,200,3479650.053435209,3479650.053459779,3479651.058706335
499,1004.6370620839298,200,3479650.153038656,3479650.153072301,3479651.157709363
500,1004.8161470331252,200,3479650.253235656,3479650.253719747,3479651.258535894
1,2025.377444922924,200,3479771.714535982,3479771.714589232,3479773.739966677
2,1925.0455289147797,200,3479771.814825994,3479771.814863613,3479773.739909142
3,1824.534764047712,200,3479771.915306672,3479771.915329969,3479773.739864733
4,1724.8247312381864,200,3479772.015082074,3479772.015108491,3479773.739933222
5,1625.3652479499578,200,3479772.115077533,3479772.115102512,3479773.74046776
6,1525.2523561939595,200,3479772.2146832,3479772.214697361,3479773.739949717
7,1426.224924158305,200,3479772.314927577,3479772.314953141,3479773.741178065
8,1324.2915850132704,200,3479772.415728438,3479772.415754698,3479773.740046283
9,1224.4512997567654,200,3479772.515550503,3479772.51558287,3479773.74003417
10,1125.9787096641958,200,3479772.614779172,3479772.614805552,3479773.740784262
11,1025.8354800753295,200,3479772.714583318,3479772.714608567,3479773.740444047
12,1006.3666380010543,200,3479772.815151316,3479772.815175284,3479773.821541922
13,1006.6447327844801,200,3479772.915279367,3479772.915302284,3479773.921947017
14,1005.5025960318744,200,3479773.015625981,3479773.01565883,3479774.021161426
15,1006.3649918884039,200,3479773.115035881,3479773.115067829,3479774.121432821
16,1006.3916379585862,200,3479773.215041984,3479773.215074875,3479774.221466513
17,1007.040407974273,200,3479773.315703013,3479773.315742268,3479774.322782676
18,1006.6022211685777,200,3479773.415635528,3479773.415674823,3479774.422277044
19,1006.6357781179249,200,3479773.514723763,3479773.514750775,3479774.521386553
20,1006.5035386942327,200,3479773.61477654,3479773.614802277,3479774.621305816
21,1007.6696360483766,200,3479773.715006058,3479773.715032748,3479774.722702384
22,1004.4759563170371,200,3479773.81515478,3479773.815186774,3479774.81966273
23,1005.1109669730067,200,3479773.915218981,3479773.915243817,3479774.920354784
24,1004.3629431165757,200,3479774.015300636,3479774.015335388,3479775.019698331
25,1004.6408488415182,200,3479774.114794072,3479774.114827486,3479775.119468335
26,1005.1272660493851,200,3479774.215409961,3479774.215439083,3479775.220566349
27,1004.7824559733272,200,3479774.315164421,3479774.315193658,3479775.319976114
28,1004.8065120354297,200,3479774.415020375,3479774.415049369,3479775.419855881
29,1004.7304192557931,200,3479774.51517575,3479774.515201666,3479775.519932085
30,1005.8907470665872,200,3479774.614548097,3479774.614583774,3479775.620474521
31,1006.7559331655502,200,3479774.715614145,3479774.715647814,3479775.722403747
32,1005.685028154403,200,3479774.815424928,3479774.815459232,3479775.82114426
33,1004.1133058257401,200,3479774.91525501,3479774.915290967,3479775.919404273
34,1004.0441611781716,200,3479775.014916021,3479775.014949861,3479776.018994022
35,1005.9138289652765,200,3479775.115243306,3479775.115287163,3479776.121200992
36,1004.7969031147661,200,3479775.214599502,3479775.214641723,3479776.219438626
37,1006.3631320372224,200,3479775.315367204,3479775.315400997,3479776.321764129
38,1004.651143681258,200,3479775.415345675,3479775.415371503,3479776.420022647
39,1004.6046846546233,200,3479775.51505706,3479775.515083555,3479776.51968824
40,1005.0382632762194,200,3479775.61540737,3479775.615432833,3479776.620471096
41,1005.5731548927724,200,3479775.714657727,3479775.714682513,3479776.720255668
42,1005.2730329334736,200,3479775.815444284,3479775.815481004,3479776.820754037
43,1005.0967708230021,200,3479775.915167657,3479775.915192767,3479776.920289538
44,1004.3024853803215,200,3479776.014956242,3479776.01498757,3479777.019290055
45,1004.9297506920991,200,3479776.115403167,3479776.115437425,3479777.120367176
46,1005.5192462168634,200,3479776.215501778,3479776.215536921,3479777.221056167
47,1007.2844559326768,200,3479776.314774339,3479776.314809134,3479777.32209359
48,1006.2284837476909,200,3479776.414959536,3479776.414996174,3479777.421224658
49,1005.4202978499234,200,3479776.514849127,3479776.51487545,3479777.520295748
50,1004.9272193573415,200,3479776.614935012,3479776.614976884,3479777.619904103
51,1007.4789496138692,200,3479776.71529562,3479776.715336873,3479777.722815823
52,1008.0069121904671,200,3479776.815285343,3479776.815328477,3479777.823335389
53,1007.7495239675045,200,3479776.915341833,3479776.915377885,3479777.923127409
54,1005.1878090016544,200,3479777.014707432,3479777.014746801,3479778.01993461
55,1004.8661320470271,200,3479777.114935589,3479777.114961533,3479778.119827665
56,1004.8764268867671,200,3479777.2145529,3479777.214578545,3479778.219454972
57,1007.0301280356944,200,3479777.31465053,3479777.314676364,3479778.321706492
58,1003.8213580846786,200,3479777.415086276,3479777.415111751,3479778.418933109
59,1004.5613539405167,200,3479777.515547987,3479777.515572405,3479778.520133759
60,1004.0783821605146,200,3479777.615548235,3479777.615570407,3479778.619648789
61,1006.9547281600535,200,3479777.715033317,3479777.715059742,3479778.72201447
62,1006.5753208473325,200,3479777.815458644,3479777.81548372,3479778.822059041
63,1004.8699621111157,200,3479777.915389326,3479777.915414489,3479778.920284451
64,1004.8514720983803,200,3479778.014922105,3479778.014947563,3479779.019799035
65,1004.6687670983374,200,3479778.114967409,3479778.114995211,3479779.119663978
66,1005.3800297901034,200,3479778.215191272,3479778.215232097,3479779.220612127
67,1005.6608878076077,200,3479778.314615919,3479778.314650609,3479779.320311497
68,1004.7682751901448,200,3479778.415221904,3479778.415262392,3479779.420030667
69,1004.5725209638476,200,3479778.514824671,3479778.514859887,3479779.519432408
70,1003.8798861205578,200,3479778.614595461,3479778.614631728,3479779.618511614
71,1005.962090101093,200,3479778.714785843,3479778.714819063,3479779.720781153
72,1004.8139127902689,200,3479778.814646893,3479778.814680181,3479779.819494094
73,1004.8718978650868,200,3479778.915353922,3479778.915394483,3479779.920266381
74,1005.2253007888794,200,3479779.014969823,3479779.014997871,3479780.020223172
75,1003.7389360368252,200,3479779.115359682,3479779.115386362,3479780.119125298
76,1005.6141577661035,200,3479779.214709703,3479779.214746281,3479780.220360439
77,1007.2138519026339,200,3479779.315251626,3479779.315279459,3479780.322493311
78,1004.4732796959579,200,3479779.415203969,3479779.415228411,3479780.419701691
79,1004.4226977042854,200,3479779.515429395,3479779.515453997,3479780.519876695
80,1004.7534741461277,200,3479779.615407504,3479779.615441003,3479780.620194477
81,1008.3525599911809,200,3479779.715209546,3479779.715234986,3479780.723587546
82,1005.2785589359701,200,3479779.814655784,3479779.814680996,3479780.819959555
83,1004.6507092192769,200,3479779.915631078,3479779.915657016,3479780.920307725
84,1004.5485086739063,200,3479780.014560777,3479780.014586537,3479781.019135046
85,1004.0008677169681,200,3479780.115532967,3479780.115557697,3479781.119558565
86,1004.6970881521702,200,3479780.214868719,3479780.214893335,3479781.219590423
87,1006.5262699499726,200,3479780.314750829,3479780.314781111,3479781.321307381
88,1004.9591409042478,200,3479780.415429961,3479780.415455551,3479781.420414692
89,1004.6209222637117,200,3479780.514841247,3479780.514866254,3479781.519487176
90,1004.2523611336946,200,3479780.61456093,3479780.614590594,3479781.618842955
91,1005.35709830001,200,3479780.715159397,3479780.715200083,3479781.720557181
92,1005.3032939322293,200,3479780.814653229,3479780.81468742,3479781.819990714
93,1004.433408845216,200,3479780.914818801,3479780.914852438,3479781.919285847
94,1004.6011731028557,200,3479781.01545063,3479781.015476115,3479782.020077288
95,1004.0771462954581,200,3479781.114817823,3479781.114843656,3479782.118920802
96,1006.1024250462651,200,3479781.214737087,3479781.214763108,3479782.220865533
97,1005.2668512798846,200,3479781.314920444,3479781.314945982,3479782.320212833
98,1005.2252663299439,200,3479781.41521511,3479781.415240504,3479782.42046577
99,1004.7680479474366,200,3479781.515560402,3479781.515597023,3479782.520365071
100,1004.6232496388257,200,3479781.615287312,3479781.615328315,3479782.619951565
101,1005.0318147987127,200,3479781.715508904,3479781.715543516,3479782.720575331
102,1005.4265302605927,200,3479781.814673204,3479781.814717882,3479782.820144412
103,1005.2184839732945,200,3479781.914950105,3479781.914983683,3479782.920202167
104,1004.1960659436882,200,3479782.014648556,3479782.014672777,3479783.018868843
105,1004.1158590465784,200,3479782.1148213,3479782.114860281,3479783.11897614
106,1005.0944248214364,200,3479782.215202881,3479782.215241283,3479783.220335708
107,1005.4582967422905,200,3479782.315254337,3479782.315287486,3479783.320745783
108,1005.1419781520965,200,3479782.415250421,3479782.415283273,3479783.420425251
109,1004.5422362163663,200,3479782.514724266,3479782.51476237,3479783.519304606
110,1005.0694490782917,200,3479782.615031084,3479782.615063164,3479783.620132613
111,1005.1402011886239,200,3479782.715324389,3479782.715357414,3479783.720497615
112,1005.3169969469309,200,3479782.814977061,3479782.815021341,3479783.820338338
113,1005.2168793044984,200,3479782.914707729,3479782.914741927,3479783.919958806
114,1004.8404592089355,200,3479783.014653735,3479783.014687448,3479784.019527907
115,1004.561425652355,200,3479783.115106296,3479783.115133501,3479784.119694927
116,1005.0878901965916,200,3479783.214684962,3479783.214721116,3479784.219809006
117,1005.625516641885,200,3479783.314949265,3479783.314982781,3479784.320608298
118,1006.6735330037773,200,3479783.414875542,3479783.414907971,3479784.421581504
119,1004.3332492932675,200,3479783.515264085,3479783.515297258,3479784.519630507
120,1003.8071717135608,200,3479783.614741852,3479783.614768572,3479784.618575744
121,1004.6747019514439,200,3479783.714546335,3479783.714574961,3479784.719249663
122,1004.8376023769381,200,3479783.815207363,3479783.815240259,3479784.820077861
123,1005.445291288197,200,3479783.914589346,3479783.914622571,3479784.920067862
124,1004.2756330221891,200,3479784.014649966,3479784.01468453,3479785.018960163
125,1007.3382114060223,200,3479784.1154898,3479784.11551367,3479785.122851881
126,1004.5656380243599,200,3479784.215217308,3479784.215233102,3479785.21979874
127,1008.9062093757093,200,3479784.314746358,3479784.314772038,3479785.323678247
128,1006.7346459254622,200,3479784.415220741,3479784.415254518,3479785.421989164
129,1004.4061439111829,200,3479784.514643449,3479784.514682536,3479785.51908868
130,1004.736470989883,200,3479784.614645599,3479784.614672792,3479785.619409263
131,1004.0239910595119,200,3479784.715209234,3479784.715239264,3479785.719263255
132,1005.4041249677541,200,3479784.815618436,3479784.815643421,3479785.821047546
133,1006.3807289116085,200,3479784.914654813,3479784.914679293,3479785.921060022
134,1005.0088297575712,200,3479785.015115068,3479785.015139723,3479786.020148553
135,1004.3553789146245,200,3479785.115190266,3479785.11522455,3479786.119579929
136,1004.9631441943347,200,3479785.214786389,3479785.214825233,3479786.219788377
137,1006.3774320296943,200,3479785.314894616,3479785.314932815,3479786.321310247
138,1006.3792443834243,200,3479785.414980971,3479785.415021226,3479786.42140047
139,1004.3157530017195,200,3479785.514809936,3479785.514851695,3479786.519167448
140,1004.6720197424293,200,3479785.615586701,3479785.615612368,3479786.620284388
141,1003.9712153375149,200,3479785.715506038,3479785.715531565,3479786.71950278
142,1007.2225076146424,200,3479785.815438677,3479785.815463343,3479786.822685851
143,1006.3081318512559,200,3479785.915261394,3479785.915288031,3479786.921596163
144,1004.6089068055153,200,3479786.015642072,3479786.015668645,3479787.020277552
145,1004.8499358817935,200,3479786.115620869,3479786.115646882,3479787.120496818
146,1005.0672669894991,200,3479786.215073774,3479786.21511365,3479787.220180917
147,1006.5113129094243,200,3479786.315219787,3479786.315253646,3479787.321764959
148,1005.0734039396048,200,3479786.414831613,3479786.414874236,3479787.41994764
149,1004.7005037777126,200,3479786.51466199,3479786.514708632,3479787.519409136
150,1005.0386269576848,200,3479786.615375133,3479786.61540174,3479787.620440367
151,1003.9336732588708,200,3479786.715134749,3479786.715160743,3479787.719094416
152,1008.1303422339261,200,3479786.814666306,3479786.814706436,3479787.822836778
153,1004.2168027721343,200,3479786.914608037,3479786.914640786,3479787.918857589
154,1004.2288121767342,200,3479787.014720809,3479787.014753883,3479788.018982695
155,1004.4841887429357,200,3479787.115388281,3479787.115413316,3479788.119897505
156,1005.4295188747346,200,3479787.215471107,3479787.215496058,3479788.220925577
157,1005.5132918059826,200,3479787.31557642,3479787.315600185,3479788.321113477
158,1006.4072022214532,200,3479787.414783867,3479787.414809024,3479788.421216226
159,1004.9040322192011,200,3479787.515178958,3479787.515203762,3479788.520107794
160,1005.0588208250699,200,3479787.615489735,3479787.615514288,3479788.620573109
161,1004.4751530513167,200,3479787.714981599,3479787.715022007,3479788.71949716
162,1006.226995959878,200,3479787.815599009,3479787.815623117,3479788.821850113
163,1007.3711234144866,200,3479787.915447243,3479787.915471473,3479788.922842596
164,1005.1495991647243,200,3479788.014836742,3479788.014861885,3479789.020011484
165,1004.5468886382878,200,3479788.115033307,3479788.115056848,3479789.119603737
166,1003.9757499471309,200,3479788.21458674,3479788.214614293,3479789.218590043
167,1006.1423513107002,200,3479788.315107103,3479788.315132756,3479789.321275107
168,1006.250592879951,200,3479788.415179266,3479788.415204726,3479789.421455319
169,1004.3861791491508,200,3479788.514873685,3479788.514899626,3479789.519285805
170,1005.1006521098316,200,3479788.615235886,3479788.615260914,3479789.620361566
171,1004.2022243142128,200,3479788.714809079,3479788.714849191,3479789.719051415
172,1006.8158912472427,200,3479788.815376489,3479788.815419165,3479789.822235056
173,1006.2086237594483,200,3479788.914632987,3479788.914667699,3479789.920876323
174,1005.4849218577149,200,3479789.015706329,3479789.015749988,3479790.02123491
175,1004.8534828238189,200,3479789.115382475,3479789.115409844,3479790.120263327
176,1004.6304389834404,200,3479789.215394019,3479789.215419609,3479790.220050048
177,1006.7492090165615,200,3479789.315013024,3479789.315039865,3479790.321789074
178,1005.5957590229809,200,3479789.415365969,3479789.415390891,3479790.42098665
179,1005.8081252500417,200,3479789.515655313,3479789.515682092,3479790.521490217
180,1004.6253651380539,200,3479789.614913163,3479789.614946994,3479790.619572359
181,1004.4465060345829,200,3479789.714666462,3479789.714708467,3479790.719154973
182,1005.9867789968848,200,3479789.81454401,3479789.814577967,3479790.820564746
183,1005.4080840200186,200,3479789.915269338,3479789.915302184,3479790.920710268
184,1005.21190604195,200,3479790.015105333,3479790.015136532,3479791.020348438
185,1003.9796540513637,200,3479790.115186751,3479790.115211638,3479791.119191292
186,1004.9468302167952,200,3479790.215354293,3479790.215373118,3479791.220319948
187,1005.48807810992,200,3479790.31454297,3479790.314577071,3479791.320065149
188,1004.8966091126204,200,3479790.414951581,3479790.414985188,3479791.419881797
189,1005.3882617503405,200,3479790.515161823,3479790.515196001,3479791.520584263
190,1004.5470409095287,200,3479790.615654422,3479790.61569167,3479791.620238711
191,1004.1300477460029,200,3479790.714962105,3479790.715006823,3479791.719136871
192,1004.3839965946972,200,3479790.814787923,3479790.814821644,3479791.819205641
193,1007.1680909022689,200,3479790.914657834,3479790.914687997,3479791.921856088
194,1004.5864284038544,200,3479791.015029999,3479791.015075356,3479792.019661784
195,1005.1534408703446,200,3479791.114882324,3479791.114914063,3479792.120067504
196,1004.5383558608592,200,3479791.215313801,3479791.215348429,3479792.219886785
197,1004.5238053426149,200,3479791.314557151,3479791.31458976,3479792.319113565
198,1009.2492802068591,200,3479791.41471251,3479791.414745771,3479792.423995051
199,1005.7761259377005,200,3479791.515330936,3479791.515365322,3479792.521141448
200,1005.1360982470214,200,3479791.61486571,3479791.614899812,3479792.62003591
201,1004.0251356549561,200,3479791.714561519,3479791.714591998,3479792.718617134
202,1004.7469912096858,200,3479791.815314978,3479791.815347458,3479792.820094449
203,1007.2543071582911,200,3479791.915374308,3479791.915415838,3479792.922670145
204,1004.8384419642389,200,3479792.015235873,3479792.015280678,3479793.02011912
205,1005.3106271661818,200,3479792.114554045,3479792.114582297,3479793.119892924
206,1004.0746130980551,200,3479792.215313277,3479792.215337936,3479793.219412549
207,1004.6026296913624,200,3479792.315388832,3479792.315413637,3479793.320016267
208,1005.6395526044071,200,3479792.415148175,3479792.415174464,3479793.420814017
209,1007.4279480613768,200,3479792.514535531,3479792.514560902,3479793.52198885
210,1003.8992548361421,200,3479792.615245347,3479792.615280062,3479793.619179317
211,1003.3675222657621,200,3479792.715585532,3479792.715610529,3479793.718978051
212,1003.433900885284,200,3479792.81566747,3479792.815700511,3479793.819134412
213,1004.9976566806436,200,3479792.915427344,3479792.915460564,3479793.920458221
214,1005.4816203191876,200,3479793.014884114,3479793.014928282,3479794.020409902
215,1004.6613099984825,200,3479793.114720936,3479793.114766953,3479794.119428263
216,1004.7893831506371,200,3479793.215656699,3479793.215683998,3479794.220473381
217,1005.1347287371757,200,3479793.314857406,3479793.314890087,3479794.320024816
218,1005.9318598359823,200,3479793.415330822,3479793.415364807,3479794.421296667
219,1006.4472472295165,200,3479793.515422007,3479793.515457106,3479794.521904353
220,1004.7818846069276,200,3479793.614538728,3479793.614577811,3479794.619359696
221,1005.156397819519,200,3479793.714566777,3479793.71459117,3479794.719747568
222,1004.440066870302,200,3479793.815276725,3479793.815309868,3479794.819749935
223,1005.9993122704327,200,3479793.914567701,3479793.914597808,3479794.92059712
224,1006.5649920143187,200,3479794.015542771,3479794.015586598,3479795.02215159
225,1005.0078467465935,200,3479794.11534192,3479794.115381698,3479795.120389545
226,1004.8024510033429,200,3479794.215554158,3479794.215581053,3479795.220383504
227,1004.460062365979,200,3479794.314954639,3479794.314993412,3479795.319453474
228,1005.2543538622558,200,3479794.41546911,3479794.415495155,3479795.420749509
229,1005.5323988199234,200,3479794.514594592,3479794.514610122,3479795.520142521
230,1004.9991803243756,200,3479794.614658502,3479794.614683137,3479795.619682317
231,1003.8614263758063,200,3479794.714535482,3479794.714561939,3479795.718423365
232,1004.2651891708374,200,3479794.815393391,3479794.815435255,3479795.819700444
233,1005.9131900779903,200,3479794.91496504,3479794.915010459,3479795.920923649
234,1005.9634032659233,200,3479795.014650768,3479795.014689522,3479796.020652925
235,1005.3721494041383,200,3479795.115501703,3479795.115534879,3479796.120907028
236,1004.6964469365776,200,3479795.214990677,3479795.215023187,3479796.219719634
237,1004.0127672255039,200,3479795.314787176,3479795.314812793,3479796.31882556
238,1005.2788509055972,200,3479795.415294184,3479795.415319548,3479796.420598399
239,1006.3326735980809,200,3479795.514595856,3479795.514629883,3479796.520962557
240,1004.8766182735562,200,3479795.615591864,3479795.615628909,3479796.620505527
241,1004.7496161423624,200,3479795.715040587,3479795.71507581,3479796.719825426
242,1003.8380408659575,200,3479795.814545019,3479795.814579113,3479796.818417154
243,1005.9864888899028,200,3479795.914690564,3479795.914725089,3479796.920711578
244,1006.185732781887,200,3479796.015111604,3479796.015147066,3479797.021332799
245,1005.3429980762305,200,3479796.114615127,3479796.114648759,3479797.119991757
246,1004.3432000093162,200,3479796.215532201,3479796.215557558,3479797.219900758
247,1003.5322061739862,200,3479796.315403952,3479796.315429674,3479797.31896188
248,1005.7386429980395,200,3479796.415160553,3479796.415186359,3479797.420925002
249,1005.5501069873571,200,3479796.5152678,3479796.515292901,3479797.520843008
250,1005.363866686821,200,3479796.615312437,3479796.615329773,3479797.62069364
251,1004.2898054234684,200,3479796.715437299,3479796.715457645,3479797.71974745
252,1004.741424228996,200,3479796.815310092,3479796.815334999,3479797.820076423
253,1005.0123650580645,200,3479796.915383229,3479796.915407814,3479797.920420179
254,1005.5887782946229,200,3479797.015174859,3479797.01519989,3479798.020788668
255,1008.5882525891066,200,3479797.115532374,3479797.115557669,3479798.124145922
256,1004.4762082397938,200,3479797.214866321,3479797.21490051,3479798.219376718
257,1004.5569189824164,200,3479797.315601894,3479797.315627656,3479798.320184575
258,1005.6788548827171,200,3479797.415039548,3479797.415075154,3479798.420754009
259,1005.9141949750483,200,3479797.514690213,3479797.514724688,3479798.520638883
260,1004.7168270684781,200,3479797.615311756,3479797.615351597,3479798.620068424
261,1004.7276462428272,200,3479797.715049108,3479797.71507592,3479798.719803566
262,1005.0439112819731,200,3479797.815021317,3479797.815047594,3479798.820091505
263,1005.1932777278123,200,3479797.914902201,3479797.914940419,3479798.920133697
264,1005.0955177284775,200,3479798.015128661,3479798.015153576,3479799.020249094
265,1007.1201077662408,200,3479798.115296812,3479798.115322099,3479799.122442207
266,1004.5106918551028,200,3479798.215515416,3479798.215594769,3479799.220105461
267,1004.4340719468892,200,3479798.314814639,3479798.314846472,3479799.319280544
268,1005.8216098695991,200,3479798.415284742,3479798.415321128,3479799.421142738
269,1005.7006101123989,200,3479798.515571708,3479798.515615282,3479799.521315892
270,1004.4225128367543,200,3479798.615421127,3479798.615447841,3479799.619870354
271,1005.2451230585575,200,3479798.714575456,3479798.714594546,3479799.719839669
272,1004.3421750888228,200,3479798.815201774,3479798.815218539,3479799.819560714
273,1005.358578171581,200,3479798.914638992,3479798.9146725,3479799.920031078
274,1005.3454148583114,200,3479799.015614277,3479799.01564688,3479800.020992295
275,1005.6603862904012,200,3479799.115168845,3479799.115201885,3479800.120862271
276,1004.0569268167019,200,3479799.215326003,3479799.215360687,3479800.219417614
277,1003.8797822780907,200,3479799.31466049,3479799.314694116,3479800.318573898
278,1004.970942158252,200,3479799.415632907,3479799.415673555,3479800.420644497
279,1005.7238708250225,200,3479799.514869799,3479799.514902783,3479800.520626654
280,1005.7120039127767,200,3479799.614825851,3479799.614865676,3479800.62057768
281,1003.8975980132818,200,3479799.714876886,3479799.714913464,3479800.718811062
282,1004.6262126415968,200,3479799.814824794,3479799.814857846,3479800.819484059
283,1004.4325836934149,200,3479799.915143011,3479799.915183482,3479800.919616066
284,1005.4876948706806,200,3479800.015076459,3479800.015117843,3479801.020605538
285,1005.4046250879765,200,3479800.115270866,3479800.115304731,3479801.120709356
286,1004.574921913445,200,3479800.215217298,3479800.215242379,3479801.219817301
287,1004.2040920816362,200,3479800.315606355,3479800.315640157,3479801.319844249
288,1004.5967260375619,200,3479800.415291203,3479800.415329373,3479801.419926099
289,1004.3958071619272,200,3479800.515218439,3479800.515248507,3479801.519644314
290,1005.6037199683487,200,3479800.61473121,3479800.614772479,3479801.620376199
291,1004.5943539589643,200,3479800.714791143,3479800.714826915,3479801.719421269
292,1004.3140482157469,200,3479800.814986838,3479800.815020524,3479801.819334572
293,1005.1055131480098,200,3479800.91515595,3479800.915189791,3479801.920295304
294,1006.047124043107,200,3479801.014797708,3479801.014831113,3479802.020878237
295,1005.3825806826353,200,3479801.114717051,3479801.114750109,3479802.12013269
296,1004.3042353354394,200,3479801.214816095,3479801.214849522,3479802.219153757
297,1004.6582100912929,200,3479801.315340564,3479801.315357458,3479802.320015668
298,1003.4621213562789,200,3479801.415092758,3479801.415134058,3479802.418596179
299,1005.9044333174825,200,3479801.514695262,3479801.514729364,3479802.520633797
300,1005.9118610806763,200,3479801.614808763,3479801.614842048,3479802.620753909
301,1005.0457250326872,200,3479801.71516683,3479801.71520653,3479802.720252255
302,1004.1835801675916,200,3479801.815242249,3479801.815276166,3479802.819459746
303,1004.0754340589046,200,3479801.915490571,3479801.915515766,3479802.9195912
304,1005.5848779156804,200,3479802.014563205,3479802.014588175,3479803.020173053
305,1005.6042508222165,200,3479802.115407517,3479802.115432348,3479803.121036599
306,1004.9278042279184,200,3479802.214775992,3479802.214823811,3479803.219751615
307,1004.4739525765181,200,3479802.314556896,3479802.314581536,3479803.319055489
308,1004.6452847309411,200,3479802.415237653,3479802.415276003,3479803.419921288
309,1005.6940340436995,200,3479802.514608232,3479802.514666449,3479803.520360483
310,1005.354062654078,200,3479802.614844286,3479802.614877913,3479803.620231976
311,1004.7430782578886,200,3479802.715113058,3479802.715150993,3479803.719894071
312,1003.9957980625331,200,3479802.81470076,3479802.814731387,3479803.818727185
313,1004.0132161229849,200,3479802.914974797,3479802.91501892,3479803.919032136
314,1006.3810902647674,200,3479803.015238034,3479803.015274962,3479804.021656052
315,1005.003001075238,200,3479803.114544082,3479803.114577448,3479804.119580449
316,1004.7238920815289,200,3479803.214761949,3479803.21479401,3479804.219517902
317,1004.7096679918468,200,3479803.315388199,3479803.315415351,3479804.320125019
318,1004.1904142126441,200,3479803.415063483,3479803.415102123,3479804.419292537
319,1006.0844630934298,200,3479803.514856488,3479803.514891064,3479804.520975527
320,1005.6808269582689,200,3479803.615354536,3479803.615386501,3479804.621067328
321,1005.5111888796091,200,3479803.71476914,3479803.714799767,3479804.720310956
322,1004.9124341458082,200,3479803.814568972,3479803.814603046,3479804.81951548
323,1005.167025141418,200,3479803.915310294,3479803.915335991,3479804.920503016
324,1009.4675440341234,200,3479804.014938873,3479804.01496493,3479805.024432474
325,1006.3180550932884,200,3479804.115214767,3479804.115238995,3479805.12155705
326,1005.2721728570759,200,3479804.215203609,3479804.215228898,3479805.220501071
327,1005.2551780827343,200,3479804.315614577,3479804.315640364,3479805.320895542
328,1004.3168850243092,200,3479804.415571693,3479804.415613546,3479805.419930431
329,1005.6945867836475,200,3479804.514683481,3479804.514723534,3479805.520418121
330,1005.9526930563152,200,3479804.61522588,3479804.615260102,3479805.621212795
331,1005.6920936331153,200,3479804.715369522,3479804.715394818,3479805.721086912
332,1004.6875770203769,200,3479804.815611886,3479804.815635445,3479805.820323022
333,1004.9363849684596,200,3479804.915459091,3479804.91548517,3479805.920421555
334,1005.7609528303146,200,3479805.01503564,3479805.015070644,3479806.020831597
335,1010.5483140796423,200,3479805.1145454,3479805.114585427,3479806.125133741
336,1006.0512702912092,200,3479805.214552356,3479805.21458748,3479806.22063875
337,1004.8303492367268,200,3479805.315622538,3479805.315659721,3479806.32049007
338,1004.5856032520533,200,3479805.415033756,3479805.415057628,3479806.419643231
339,1005.1851090975106,200,3479805.515462606,3479805.515499711,3479806.52068482
340,1004.9934149719777,200,3479805.615641547,3479805.615678033,3479806.620671448
341,1005.7620187290013,200,3479805.715696842,3479805.715733095,3479806.721495114
342,1005.2361446432769,200,3479805.814981519,3479805.815024088,3479806.820260233
343,1003.8368771784008,200,3479805.915239788,3479805.915263266,3479806.919100143
344,1003.7433947436512,200,3479806.014836547,3479806.014868575,3479807.01861197
345,1004.6505387872458,200,3479806.115292094,3479806.115332419,3479807.119982958
346,1005.6465193629265,200,3479806.214938773,3479806.214973374,3479807.220619893
347,1004.4406224042175,200,3479806.314607496,3479806.314633677,3479807.319074299
348,1003.7015830166638,200,3479806.415568052,3479806.415594633,3479807.419296216
349,1004.4647217728198,200,3479806.515210079,3479806.515245587,3479807.519710309
350,1004.4486629776657,200,3479806.615404969,3479806.615438852,3479807.619887515
351,1004.8817247152328,200,3479806.714558354,3479806.714586647,3479807.719468372
352,1004.8187579959631,200,3479806.81559123,3479806.815626414,3479807.820445172
353,1004.3267821893096,200,3479806.915355376,3479806.915376225,3479807.919703007
354,1004.7016241587698,200,3479807.015341539,3479807.015371598,3479808.020073222
355,1005.0222231075168,200,3479807.115265612,3479807.11529102,3479808.120313243
356,1005.7088620960712,200,3479807.215418844,3479807.215436664,3479808.221145526
357,1005.5998577736318,200,3479807.314576389,3479807.31460602,3479808.320205878
358,1004.1885590180757,200,3479807.415382959,3479807.415422053,3479808.419610612
359,1004.585366230458,200,3479807.515009137,3479807.515051699,3479808.519637065
360,1004.73194103688,200,3479807.61459316,3479807.614628289,3479808.61936023
361,1009.3096210621295,200,3479807.714792983,3479807.714821362,3479808.724130983
362,1005.29211666435,200,3479807.815198868,3479807.815232199,3479808.820524316
363,1004.3844692409041,200,3479807.915276313,3479807.915303053,3479808.919687522
364,1004.568737000227,200,3479808.015319058,3479808.015343247,3479809.019911984
365,1005.771960131824,200,3479808.114992591,3479808.115033799,3479809.120805759
366,1005.5689997971058,200,3479808.21542153,3479808.215457199,3479809.221026199
367,1005.2137733437121,200,3479808.315239884,3479808.31528027,3479809.320494043
368,1004.2021260596812,200,3479808.415038271,3479808.415072871,3479809.419274997
369,1004.1955392807722,200,3479808.514602358,3479808.514645315,3479809.518840854
370,1005.566876847297,200,3479808.615047334,3479808.615081427,3479809.620648304
371,1005.6750890798869,200,3479808.715532351,3479808.715565411,3479809.7212405
372,1004.188721999526,200,3479808.814545282,3479808.814585884,3479809.818774606
373,1004.4245300814509,200,3479808.914546132,3479808.914571628,3479809.918996158
374,1003.984518814832,200,3479809.015380899,3479809.015406221,3479810.01939074
375,1006.7068953067064,200,3479809.114910114,3479809.114942854,3479810.121649749
376,1005.7962080463767,200,3479809.215044442,3479809.215070095,3479810.220866303
377,1005.3354860283434,200,3479809.315702937,3479809.315728133,3479810.321063619
378,1004.6154418960214,200,3479809.414691685,3479809.414716566,3479810.419332008
379,1004.258980974555,200,3479809.515605608,3479809.51563059,3479810.519889571
380,1007.1169040165842,200,3479809.615206236,3479809.615231315,3479810.622348219
381,1005.2611292339859,200,3479809.715504128,3479809.71552875,3479810.720789879
382,1005.6355851702392,200,3479809.815664744,3479809.815690767,3479810.821326352
383,1004.302155226469,200,3479809.915125804,3479809.915152039,3479810.919454194
384,1004.8648687079549,200,3479810.015346129,3479810.015387649,3479811.020252518
385,1007.7223307453096,200,3479810.115181411,3479810.115217544,3479811.122939875
386,1005.2683111280205,200,3479810.214534273,3479810.214577795,3479811.219846106
387,1005.016874987632,200,3479810.314556123,3479810.314591073,3479811.319607948
388,1004.0803286246955,200,3479810.415535103,3479810.415578658,3479811.419658987
389,1003.3224299550056,200,3479810.515552118,3479810.515592634,3479811.518915064
390,1005.3642801940439,200,3479810.614808128,3479810.61484796,3479811.62021224
391,1005.1413397304714,200,3479810.714660294,3479810.714693983,3479811.719835323
392,1003.8883066736162,200,3479810.815086179,3479810.815127659,3479811.819015966
393,1005.3627048619092,200,3479810.914683155,3479810.914709778,3479811.920072483
394,1003.5910974256694,200,3479811.014600308,3479811.014636256,3479812.018227353
395,1006.9138421677053,200,3479811.115378011,3479811.115411747,3479812.122325589
396,1005.6265429593625,200,3479811.214558839,3479811.214586732,3479812.220213275
397,1006.1909928917885,200,3479811.314883726,3479811.314919175,3479812.321110168
398,1005.0661461427808,200,3479811.415178902,3479811.415214622,3479812.420280768
399,1004.9229068681598,200,3479811.515092666,3479811.515126129,3479812.520049036
400,1005.4810298606751,200,3479811.615253227,3479811.615292715,3479812.620773745
401,1006.1691938899455,200,3479811.715100541,3479811.715147889,3479812.721317083
402,1005.2488478831949,200,3479811.815252372,3479811.815288377,3479812.820537225
403,1004.3737147934737,200,3479811.915354047,3479811.915387872,3479812.919761587
404,1004.6314541250467,200,3479812.015426599,3479812.015451415,3479813.020082869
405,1004.6625090762973,200,3479812.115227943,3479812.115254192,3479813.119916701
406,1005.4608951322734,200,3479812.214630801,3479812.214657324,3479813.220118219
407,1005.1195849664509,200,3479812.31484647,3479812.314873609,3479813.319993194
408,1005.1402472890911,200,3479812.415622261,3479812.415664233,3479813.42080448
409,1004.9984697252512,200,3479812.515584123,3479812.515621478,3479813.520619948
410,1005.1257619634271,200,3479812.615140676,3479812.615174451,3479813.620300213
411,1004.8333001323044,200,3479812.714956867,3479812.714991339,3479813.719824639
412,1004.416158888489,200,3479812.814738988,3479812.814772744,3479813.819188903
413,1004.9672299064696,200,3479812.914897408,3479812.914931136,3479813.919898366
414,1005.042138043791,200,3479813.014713859,3479813.014740141,3479814.019782279
415,1004.0524681098759,200,3479813.114971305,3479813.115011077,3479814.119063545
416,1004.7389417886734,200,3479813.214617824,3479813.214653787,3479814.219392729
417,1007.6547819189727,200,3479813.314586037,3479813.314627185,3479814.322281967
418,1005.2284742705524,200,3479813.414581725,3479813.414625846,3479814.41985432
419,1005.4836850613356,200,3479813.515268997,3479813.515295113,3479814.520778798
420,1004.6994220465422,200,3479813.614802178,3479813.614836988,3479814.61953641
421,1004.1869920678437,200,3479813.715171037,3479813.715210353,3479814.719397345
422,1006.0821617953479,200,3479813.815643342,3479813.815676684,3479814.821758846
423,1004.5084492303431,200,3479813.915236677,3479813.915272067,3479814.919780516
424,1003.9177527651191,200,3479814.014917451,3479814.014942198,3479815.018859951
425,1003.8654319941998,200,3479814.114755312,3479814.1147816,3479815.118647032
426,1005.4050567559898,200,3479814.215053203,3479814.215088949,3479815.220494006
427,1005.0265118479729,200,3479814.315353073,3479814.315387402,3479815.320413914
428,1005.258456338197,200,3479814.415461015,3479814.415496573,3479815.420755029
429,1004.6701710671186,200,3479814.514751892,3479814.514778896,3479815.519449067
430,1005.2479137666523,200,3479814.614980582,3479814.615021869,3479815.620269783
431,1005.9560611844065,200,3479814.71525556,3479814.715292379,3479815.72124844
432,1006.1345580033958,200,3479814.814918153,3479814.814951681,3479815.821086239
433,1005.0591351464391,200,3479814.915489081,3479814.915521855,3479815.92058099
434,1004.3981219641864,200,3479815.014753141,3479815.014779598,3479816.01917772
435,1005.1021971739829,200,3479815.115321725,3479815.115361477,3479816.120463674
436,1013.4482472203672,200,3479815.214844256,3479815.214887592,3479816.228335839
437,1005.2807908505199,200,3479815.315534136,3479815.315574484,3479816.320855275
438,1006.1142849735916,200,3479815.415289068,3479815.415330077,3479816.421444362
439,1004.7266222536564,200,3479815.515595772,3479815.515622596,3479816.520349218
440,1003.4748604521155,200,3479815.615457775,3479815.615483511,3479816.618958371
441,1008.0731026828289,200,3479815.71466003,3479815.71468554,3479816.722758643
442,1005.5273249745369,200,3479815.814835931,3479815.814869333,3479816.820396658
443,1004.2853811755776,200,3479815.91476402,3479815.91480409,3479816.919089471
444,1003.990463912487,200,3479816.015352281,3479816.015378112,3479817.019368576
445,1004.2465217411518,200,3479816.114662477,3479816.114703576,3479817.118950098
446,1005.5453311651943,200,3479816.21503188,3479816.215087615,3479817.220632946
447,1005.8576869778335,200,3479816.314953575,3479816.314993642,3479817.320851329
448,1005.1713204011321,200,3479816.415054573,3479816.415103201,3479817.420274521
449,1004.2438684031367,200,3479816.515591975,3479816.515618392,3479817.51986226
450,1004.913607146591,200,3479816.614885854,3479816.614921786,3479817.619835393
451,1005.9685930609703,200,3479816.715358103,3479816.715394551,3479817.721363144
452,1005.8817323297262,200,3479816.815245596,3479816.815279023,3479817.821160755
453,1005.2486080676315,200,3479816.914817559,3479816.914850307,3479817.920098915
454,1004.6097389422357,200,3479817.015668669,3479817.015695342,3479818.020305081
455,1004.6485769562423,200,3479817.114551513,3479817.114568793,3479818.11921737
456,1008.6779561825097,200,3479817.215219403,3479817.215245069,3479818.223923025
457,1005.2233072929084,200,3479817.315397273,3479817.3154311,3479818.320654407
458,1004.7769509255886,200,3479817.41538993,3479817.415414916,3479818.420191867
459,1004.341023042798,200,3479817.51519662,3479817.515233222,3479818.519574245
460,1003.8777627050877,200,3479817.61496711,3479817.614997634,3479818.618875397
461,1005.4156510159371,200,3479817.714988408,3479817.715029994,3479818.720445645
462,1005.1765041425824,200,3479817.815108121,3479817.815141331,3479818.820317835
463,1005.5558481253684,200,3479817.915523485,3479817.915563413,3479818.921119261
464,1003.6891060881317,200,3479818.014701756,3479818.014727062,3479819.018416168
465,1004.9392050132155,200,3479818.115350538,3479818.115376659,3479819.120315864
466,1006.0396930202842,200,3479818.215273708,3479818.215299198,3479819.221338891
467,1007.1999351494014,200,3479818.315395591,3479818.315420732,3479819.322620667
468,1005.5452082306149,200,3479818.414637871,3479818.414663016,3479819.420208224
469,1004.7317072749138,200,3479818.515046905,3479818.515082772,3479819.519814479
470,1004.8093763180077,200,3479818.614977314,3479818.615015234,3479819.61982461
471,1004.1004419326782,200,3479818.715451163,3479818.715475103,3479819.719575545
472,1005.5458452552557,200,3479818.815345839,3479818.815370462,3479819.820916307
473,1005.2616628818214,200,3479818.914837182,3479818.914863596,3479819.920125259
474,1004.0115821175275,200,3479819.014885333,3479819.014919874,3479820.018931456
475,1003.8457689806819,200,3479819.114616839,3479819.11464361,3479820.118489379
476,1005.0328797660768,200,3479819.21533086,3479819.215367046,3479820.220399926
477,1005.5981129407885,200,3479819.315286779,3479819.31532278,3479820.320920893
478,1005.2880761213601,200,3479819.41536716,3479819.41540252,3479820.420690596
479,1004.8033646307886,200,3479819.515397362,3479819.515430108,3479820.520233473
480,1003.8944757543504,200,3479819.614727875,3479819.614746591,3479820.618641067
481,1004.464820958674,200,3479819.715270146,3479819.715296329,3479820.71976115
482,1005.0076493062079,200,3479819.815249372,3479819.815284054,3479820.820291703
483,1006.4051207154989,200,3479819.91535156,3479819.91538592,3479820.921791041
484,1004.7690477222204,200,3479820.015153671,3479820.015179341,3479821.019948389
485,1004.5350547879934,200,3479820.114619587,3479820.114644307,3479821.119179362
486,1004.7977459616959,200,3479820.214772058,3479820.214797296,3479821.219595042
487,1005.1807588897643,200,3479820.31545485,3479820.315487311,3479821.32066807
488,1006.5270829945805,200,3479820.414997039,3479820.415044146,3479821.421571229
489,1005.4501229897139,200,3479820.515711537,3479820.515748509,3479821.521198632
490,1004.3666460551322,200,3479820.615542782,3479820.615568125,3479821.619934771
491,1004.814833868295,200,3479820.715367389,3479820.715406191,3479821.720221025
492,1006.7769717425108,200,3479820.815628687,3479820.815666878,3479821.82244385
493,1007.7082859352231,200,3479820.915583594,3479820.915620891,3479821.923329177
494,1003.7491009570658,200,3479821.014795564,3479821.014833316,3479822.018582417
495,1004.9009793438015,200,3479821.115559979,3479821.115589285,3479822.120490264
496,1004.6216989867389,200,3479821.214851569,3479821.214892946,3479822.219514645
497,1005.5128117091954,200,3479821.315293404,3479821.315333241,3479822.320846053
498,1008.4192077629268,200,3479821.414760037,3479821.414785947,3479822.423205155
499,1004.7271735966206,200,3479821.515143444,3479821.515169292,3479822.519896466
500,1004.5948862098155,200,3479821.614709433,3479821.615056792,3479822.619651678
1,2344.530546106398,200,3479962.260785133,3479962.260867891,3479964.605398437
2,2250.7227319292724,200,3479962.361877064,3479962.361919724,3479964.612642456
3,2150.6967339664698,200,3479962.461872917,3479962.461908801,3479964.612605535
4,2048.1436192058027,200,3479962.561814977,3479962.561832844,3479964.609976463
5,1951.080079190433,200,3479962.661206657,3479962.661231043,3479964.612311122
6,1851.5256131067872,200,3479962.761345213,3479962.761369364,3479964.612894977
7,1751.5237121842802,200,3479962.861374332,3479962.861398243,3479964.612921955
8,1649.3783500045538,200,3479962.961043106,3479962.961104399,3479964.610482749
9,1549.1883419454098,200,3479963.06120896,3479963.061254653,3479964.610442995
10,1449.7095528058708,200,3479963.161183656,3479963.161217117,3479964.61092667
11,1349.148761946708,200,3479963.261461125,3479963.261495674,3479964.610644436
12,1247.7934253402054,200,3479963.361936572,3479963.361975826,3479964.609769251
13,1151.0185222141445,200,3479963.461767883,3479963.461793625,3479964.612812147
14,1047.648549079895,200,3479963.56183552,3479963.561859654,3479964.609508203
15,1014.823887962848,200,3479963.66122021,3479963.661243401,3479964.676067289
16,1007.2120758704839,200,3479963.761461524,3479963.761485354,3479964.76869743
17,1009.4751748256383,200,3479963.861321087,3479963.861345943,3479964.870821118
18,1006.539654918015,200,3479963.961987575,3479963.962030346,3479964.968570001
19,1005.6792511604726,200,3479964.061195062,3479964.061230933,3479965.066910184
20,1007.6826019212604,200,3479964.161260834,3479964.161294762,3479965.168977364
21,1006.532933562994,200,3479964.26129015,3479964.261319021,3479965.267851955
22,1006.3618076965213,200,3479964.361301643,3479964.361333255,3479965.367695063
23,1006.239075679332,200,3479964.461378297,3479964.461402017,3479965.467641093
24,1005.7628322392702,200,3479964.560909913,3479964.560926592,3479965.566689424
25,1005.6998808868229,200,3479964.660967299,3479964.661013266,3479965.666713147
26,1004.9464520998299,200,3479964.761312264,3479964.761349592,3479965.766296044
27,1005.2041560411451,200,3479964.861646721,3479964.861676546,3479965.866880702
28,1004.2462716810403,200,3479964.961635691,3479964.961661104,3479965.965907376
29,1004.6232091262937,200,3479965.061425167,3479965.061448551,3479966.06607176
30,1005.0525572150946,200,3479965.161525977,3479965.161549926,3479966.166602483
31,1008.0649014562368,200,3479965.261146012,3479965.261169723,3479966.269234624
32,1004.5379679650068,200,3479965.361251305,3479965.36128518,3479966.365823148
33,1004.0642498061061,200,3479965.461745669,3479965.46178672,3479966.46585097
34,1005.5325552821159,200,3479965.561858035,3479965.5618955,3479966.567428055
35,1005.662458948791,200,3479965.661625717,3479965.661665466,3479966.667327925
36,1005.9335418045521,200,3479965.76153437,3479965.761573025,3479966.767506567
37,1004.8104436136782,200,3479965.861516882,3479965.861547509,3479966.866357953
38,1004.917535930872,200,3479965.961288121,3479965.961320338,3479966.966237874
39,1005.0735557451844,200,3479966.061233708,3479966.061258937,3479967.066332493
40,1006.1589968390765,200,3479966.160848529,3479966.160873198,3479967.167032195
41,1004.3484480120242,200,3479966.261073358,3479966.261099391,3479967.265447839
42,1005.9484369121492,200,3479966.361143863,3479966.36118528,3479967.367133717
43,1004.199949093163,200,3479966.461700109,3479966.461716395,3479967.465916344
44,1005.3738690912724,200,3479966.56167605,3479966.561713773,3479967.567087642
45,1004.9833720549941,200,3479966.661920983,3479966.661954831,3479967.666938203
46,1007.4767777696252,200,3479966.761213684,3479966.761256038,3479967.768732816
47,1007.0275440812111,200,3479966.861557417,3479966.861592313,3479967.868619857
48,1004.4978810474277,200,3479966.961735205,3479966.961761204,3479967.966259085
49,1004.0832301601768,200,3479967.061133034,3479967.061171486,3479968.065254716
50,1006.6462191753089,200,3479967.16089091,3479967.160933354,3479968.167579573
51,1004.3201926164329,200,3479967.261069964,3479967.261104632,3479968.265424825
52,1004.7335480339823,200,3479967.361798148,3479967.361854088,3479968.366587636
53,1004.096144810319,200,3479967.461582898,3479967.461618544,3479968.465714689
54,1005.7764486409724,200,3479967.561352881,3479967.561370917,3479968.567147366
55,1006.0205827467144,200,3479967.660788403,3479967.660821812,3479968.666842395
56,1007.8673330135643,200,3479967.761735554,3479967.761761151,3479968.769628484
57,1006.2720561400056,200,3479967.861950139,3479967.861975247,3479968.868247303
58,1006.1280489899218,200,3479967.960983205,3479967.961023104,3479968.967151153
59,1005.4737059399486,200,3479968.061735977,3479968.061768565,3479969.067242271
60,1003.2640942372382,200,3479968.161232238,3479968.16127323,3479969.164537324
61,1005.03288814798,200,3479968.261743104,3479968.261778242,3479969.26681113
62,1005.7113990187645,200,3479968.361689692,3479968.361726868,3479969.367438267
63,1005.3702327422798,200,3479968.460849851,3479968.460883397,3479969.46625363
64,1005.0154407508671,200,3479968.56157572,3479968.561612814,3479969.566628255
65,1003.7995632737875,200,3479968.660962658,3479968.661013763,3479969.664813326
66,1006.6833151504395,200,3479968.76119922,3479968.761232933,3479969.767916248
67,1005.5948509834709,200,3479968.860828305,3479968.860869805,3479969.866464656
68,1004.8649609088898,200,3479968.961413813,3479968.961449212,3479969.966314173
69,1004.8466208390892,200,3479969.061631017,3479969.061648041,3479970.066494662
70,1004.1344207711518,200,3479969.161096312,3479969.161120938,3479970.165255359
71,1005.6104599498212,200,3479969.260967256,3479969.260992954,3479970.266603414
72,1008.6496248841286,200,3479969.360860311,3479969.360901838,3479970.369551463
73,1004.6729692257941,200,3479969.461888716,3479969.461914232,3479970.466587201
74,1004.5509818010032,200,3479969.561152094,3479969.561177289,3479970.565728271
75,1003.998669795692,200,3479969.660872253,3479969.660907227,3479970.664905897
76,1007.0740501396358,200,3479969.760802722,3479969.760840065,3479970.767914115
77,1004.9878712743521,200,3479969.8611866,3479969.861211897,3479970.866199768
78,1004.1596638038754,200,3479969.961646557,3479969.961683269,3479970.965842933
79,1003.5455022007227,200,3479970.061723351,3479970.061757655,3479971.065303157
80,1005.1880339160562,200,3479970.161200175,3479970.161234499,3479971.166422533
81,1005.9708417393267,200,3479970.261245501,3479970.261286022,3479971.267256864
82,1007.2797518223524,200,3479970.361213827,3479970.361252432,3479971.368532184
83,1004.8453537747264,200,3479970.461428978,3479970.46147023,3479971.466315584
84,1005.1571619696915,200,3479970.561787802,3479970.561806054,3479971.566963216
85,1004.0657809004188,200,3479970.661119583,3479970.661143781,3479971.665209562
86,1005.1301061175764,200,3479970.761127726,3479970.761152612,3479971.766282718
87,1005.0939959473908,200,3479970.861528061,3479970.861552802,3479971.866646798
88,1005.9120263904331,200,3479970.961691709,3479970.96171607,3479971.967628096
89,1004.9543334171176,200,3479971.061428765,3479971.061461881,3479972.066416214
90,1005.0481697544456,200,3479971.160853953,3479971.160886573,3479972.165934743
91,1006.5599870868027,200,3479971.26194949,3479971.261989752,3479972.268549739
92,1006.4358408562839,200,3479971.360827509,3479971.360860236,3479972.367296077
93,1008.0885360948739,200,3479971.461426076,3479971.461466407,3479972.469554943
94,1005.2197789773345,200,3479971.561312584,3479971.561329421,3479972.5665492
95,1004.5370818115771,200,3479971.661137593,3479971.661162908,3479972.66569999
96,1004.8263757489622,200,3479971.760837775,3479971.760853472,3479972.765679848
97,1005.1456019282341,200,3479971.861636884,3479971.861661082,3479972.866806684
98,1005.8860569261014,200,3479971.96157845,3479971.961603133,3479972.96748919
99,1004.8839217051864,200,3479972.061788489,3479972.061824079,3479973.066708001
100,1004.6591470018029,200,3479972.161339472,3479972.161371884,3479973.166031031
101,1004.9968892708421,200,3479972.261682239,3479972.261716196,3479973.266713085
102,1005.8270669542253,200,3479972.361363562,3479972.361397064,3479973.367224131
103,1005.4827472195029,200,3479972.460868886,3479972.460903051,3479973.466385798
104,1004.5588798820972,200,3479972.561532243,3479972.561569701,3479973.566128581
105,1004.1809529066086,200,3479972.661237822,3479972.661276088,3479973.665457041
106,1004.2449599131942,200,3479972.761490014,3479972.761517522,3479973.765762482
107,1006.0659949667752,200,3479972.861473568,3479972.861498999,3479973.867564994
108,1005.5427653715014,200,3479972.961306579,3479972.961331425,3479973.96687419
109,1005.0747902132571,200,3479973.061835354,3479973.061863173,3479974.066937963
110,1004.9563930369914,200,3479973.161247435,3479973.161282357,3479974.16623875
111,1004.317139275372,200,3479973.261545404,3479973.261571123,3479974.265888262
112,1006.6414261236789,200,3479973.361202718,3479973.361235266,3479974.367876692
113,1006.2539801001549,200,3479973.460894601,3479973.460930411,3479974.467184391
114,1005.7887029834092,200,3479973.561026023,3479973.561072249,3479974.566860952
115,1004.4512487947941,200,3479973.6612762,3479973.661301814,3479974.665753063
116,1004.4944710098207,200,3479973.761156426,3479973.761196366,3479974.765690837
117,1005.7620839215815,200,3479973.860938776,3479973.860963834,3479974.866725918
118,1006.0395370237529,200,3479973.960834509,3479973.960858677,3479974.966898214
119,1004.7497563064098,200,3479974.060903827,3479974.060927658,3479975.065677414
120,1004.7457958571613,200,3479974.161016551,3479974.161049962,3479975.165795758
121,1004.0891249664128,200,3479974.261314825,3479974.261340001,3479975.265429126
122,1007.2019868530333,200,3479974.361767282,3479974.361792157,3479975.368994144
123,1005.6238099932671,200,3479974.460862702,3479974.460892317,3479975.466516127
124,1004.9660671502352,200,3479974.561523529,3479974.561558859,3479975.566524926
125,1004.0824161842463,200,3479974.661404296,3479974.66142981,3479975.665512226
126,1004.306741990149,200,3479974.761368532,3479974.76141091,3479975.765717652
127,1005.0841718912125,200,3479974.860952471,3479974.860988262,3479975.866072434
128,1004.3351477943361,200,3479974.960998689,3479974.961050251,3479975.965385399
129,1004.6073133125899,200,3479975.061805274,3479975.061844919,3479976.066452232
130,1004.3832291848958,200,3479975.16093249,3479975.160958623,3479976.165341852
131,1005.0107310526073,200,3479975.261580874,3479975.261623081,3479976.266633812
132,1005.4839649237692,200,3479975.360829168,3479975.360865639,3479976.366349604
133,1006.649256683886,200,3479975.461601228,3479975.461636002,3479976.468285259
134,1006.0783489607277,200,3479975.561519086,3479975.561549919,3479976.567628268
135,1004.638590849936,200,3479975.661631155,3479975.66165676,3479976.666295351
136,1004.8856837674975,200,3479975.761693136,3479975.761724104,3479976.766609788
137,1004.1585881263018,200,3479975.861030127,3479975.861064844,3479976.865223432
138,1005.3009409457443,200,3479975.96140022,3479975.961436152,3479976.966737093
139,1005.7828198187051,200,3479976.061142016,3479976.061169066,3479977.066951886
140,1004.3847113847733,200,3479976.161543647,3479976.16156885,3479977.165953561
141,1004.2401552200315,200,3479976.261204321,3479976.261229377,3479977.265469532
142,1005.4620211012659,200,3479976.361212592,3479976.361249423,3479977.366711444
143,1005.4876822978258,200,3479976.461182719,3479976.461209004,3479977.466696686
144,1005.0600138492882,200,3479976.561157773,3479976.561173776,3479977.56623379
145,1003.9707915857434,200,3479976.661345047,3479976.661364123,3479977.665334915
146,1004.7189109027386,200,3479976.760981048,3479976.761008656,3479977.765727567
147,1004.5327367261052,200,3479976.861985911,3479976.862030331,3479977.866563068
148,1008.2059507258236,200,3479976.961268133,3479976.961303424,3479977.969509375
149,1006.8418229930105,200,3479977.061773731,3479977.061809233,3479978.068651056
150,1004.8620025627315,200,3479977.161419397,3479977.161461673,3479978.166323676
151,1004.6570636332035,200,3479977.261629522,3479977.261671081,3479978.266328145
152,1004.497017711401,200,3479977.360996548,3479977.36103997,3479978.365536988
153,1005.4965470917523,200,3479977.461460123,3479977.46149334,3479978.466989887
154,1006.1909700743854,200,3479977.561637353,3479977.561671232,3479978.567862202
155,1004.653048235923,200,3479977.661266291,3479977.661313227,3479978.665966275
156,1004.5957271941006,200,3479977.761786214,3479977.761802808,3479978.766398535
157,1003.5236976109445,200,3479977.861529839,3479977.861554337,3479978.865078035
158,1009.2041091993451,200,3479977.960842148,3479977.960867723,3479978.970071832
159,1006.0441452078519,200,3479978.061445457,3479978.061462055,3479979.0675062
160,1005.3767273202538,200,3479978.160833541,3479978.16085987,3479979.166236597
161,1004.8954021185637,200,3479978.261210065,3479978.261244104,3479979.266139506
162,1006.4514391124249,200,3479978.361693263,3479978.361735636,3479979.368187075
163,1005.5690300650897,200,3479978.461234128,3479978.461276736,3479979.466845766
164,1006.4051607623696,200,3479978.561411796,3479978.561446858,3479979.567852019
165,1007.2888401336968,200,3479978.660822915,3479978.660887111,3479979.668175951
166,1004.5413258485496,200,3479978.761408427,3479978.761445064,3479979.76598639
167,1003.4866565838456,200,3479978.861452241,3479978.861476681,3479979.864963338
168,1004.9012880772352,200,3479978.961282203,3479978.961317043,3479979.966218331
169,1005.6602372787893,200,3479979.061851185,3479979.061883818,3479980.067544055
170,1005.3899232298136,200,3479979.161822432,3479979.161858888,3479980.167248811
171,1004.3005887418983,200,3479979.261104541,3479979.261139416,3479980.265440005
172,1003.9690448902547,200,3479979.36153894,3479979.361564746,3479980.365533791
173,1005.2220090292394,200,3479979.461020708,3479979.461057529,3479980.466279538
174,1005.4772910661995,200,3479979.56155495,3479979.561591714,3479980.567069005
175,1005.3694220259786,200,3479979.661183064,3479979.661217749,3479980.666587171
176,1004.8624221235514,200,3479979.761367331,3479979.761406053,3479980.766268475
177,1004.6525932848454,200,3479979.861553535,3479979.861578128,3479980.866230721
178,1004.1500991210339,200,3479979.961611174,3479979.961639211,3479980.96578931
179,1006.7813801579175,200,3479980.061112707,3479980.06114587,3479981.06792725
180,1005.4032769985497,200,3479980.161857464,3479980.161899393,3479981.16730267
181,1004.1908789426088,200,3479980.261885515,3479980.261911069,3479981.266101948
182,1004.9780230037868,200,3479980.361451146,3479980.361475132,3479981.366453155
183,1005.5047450587151,200,3479980.461856329,3479980.461889871,3479981.467394616
184,1006.2105660326781,200,3479980.56163199,3479980.561666837,3479981.567877403
185,1005.1725571975112,200,3479980.661147528,3479980.661185815,3479981.666358372
186,1004.7461488284171,200,3479980.761329832,3479980.761362722,3479981.766108871
187,1004.9871089868248,200,3479980.861608002,3479980.861632841,3479981.86661995
188,1004.8709521070125,200,3479980.960896723,3479980.960929425,3479981.965800377
189,1005.4228496737778,200,3479981.061807722,3479981.061841403,3479982.067264253
190,1004.9614696763456,200,3479981.161489721,3479981.161523518,3479982.166484988
191,1004.1542798280716,200,3479981.261268233,3479981.261293536,3479982.265447816
192,1004.6517318114638,200,3479981.361582064,3479981.361615621,3479982.366267353
193,1004.4603180140257,200,3479981.461198934,3479981.461243697,3479982.465704015
194,1004.4835270382464,200,3479981.561350525,3479981.561375563,3479982.56585909
195,1004.5896731317043,200,3479981.660839002,3479981.660875922,3479982.665465595
196,1003.8713901303709,200,3479981.761228235,3479981.761250775,3479982.765122165
197,1004.2074378579855,200,3479981.860835331,3479981.860861636,3479982.865069074
198,1005.4467679001391,200,3479981.961262445,3479981.961301825,3479982.966748593
199,1004.5213168486953,200,3479982.061520097,3479982.061559868,3479983.066081185
200,1005.2268370054662,200,3479982.161060638,3479982.161103,3479983.166329837
201,1005.003257188946,200,3479982.26141709,3479982.261463204,3479983.266466461
202,1004.3795243836939,200,3479982.361595677,3479982.361629605,3479983.366009129
203,1004.2026159353554,200,3479982.460879439,3479982.460921066,3479983.465123682
204,1005.7940408587456,200,3479982.561499653,3479982.561532562,3479983.567326603
205,1004.9053770489991,200,3479982.661834555,3479982.661868002,3479983.666773379
206,1004.1057043708861,200,3479982.761451602,3479982.761484286,3479983.76558999
207,1004.613664932549,200,3479982.861379312,3479982.861400804,3479983.866014469
208,1004.8888367600739,200,3479982.960917754,3479982.960956231,3479983.965845068
209,1006.2174629420042,200,3479983.061989049,3479983.062035035,3479984.068252498
210,1005.6761261075735,200,3479983.161618782,3479983.161652866,3479984.167328992
211,1005.2549419924617,200,3479983.261320309,3479983.261352727,3479984.266607669
212,1003.919409122318,200,3479983.361146525,3479983.361172398,3479984.365091807
213,1004.0905778296292,200,3479983.461578921,3479983.461603173,3479984.465693751
214,1005.324796307832,200,3479983.561339583,3479983.561364134,3479984.56668893
215,1005.588642321527,200,3479983.661556429,3479983.661580572,3479984.667169214
216,1005.9828478842974,200,3479983.760786211,3479983.760819458,3479984.766802306
217,1004.6926727518439,200,3479983.861356959,3479983.861382121,3479984.866074794
218,1004.4876551255584,200,3479983.961041603,3479983.961066344,3479984.965553999
219,1004.847357980907,200,3479984.061926145,3479984.061951563,3479985.066798921
220,1004.6308180317285,200,3479984.161955679,3479984.161980429,3479985.166611247
221,1005.6001860648394,200,3479984.260922593,3479984.260956712,3479985.266556898
222,1004.5671127736568,200,3479984.361385547,3479984.361419197,3479985.36598631
223,1003.1470651738346,200,3479984.461385519,3479984.461411392,3479985.464558457
224,1007.7854320406914,200,3479984.561182903,3479984.56120856,3479985.568993992
225,1005.123462062329,200,3479984.661380112,3479984.661403631,3479985.666527093
226,1004.7549451701343,200,3479984.761547877,3479984.761565719,3479985.766320664
227,1004.308348055929,200,3479984.861688609,3479984.861714182,3479985.86602253
228,1004.413393791765,200,3479984.961589011,3479984.961611933,3479985.966025327
229,1004.8038456588984,200,3479985.061628444,3479985.061653781,3479986.066457627
230,1004.5249247923491,200,3479985.161354169,3479985.161379257,3479986.165904182
231,1005.0040096975863,200,3479985.261927406,3479985.261953051,3479986.266957061
232,1006.1639379709959,200,3479985.361914041,3479985.361946711,3479986.368110649
233,1004.3781478889289,200,3479985.460786517,3479985.460819805,3479986.465197953
234,1004.1389330290258,200,3479985.561630014,3479985.56166957,3479986.565808503
235,1004.8355031758549,200,3479985.661028799,3479985.661062034,3479986.665897537
236,1004.3718107044697,200,3479985.76081056,3479985.760838128,3479986.765209939
237,1003.8782637566328,200,3479985.861308378,3479985.861342016,3479986.86522028
238,1004.1128927841785,200,3479985.960920568,3479985.960944734,3479986.965057627
239,1003.9071151986718,200,3479986.061776585,3479986.061815756,3479987.065722871
240,1005.0718751735983,200,3479986.161242763,3479986.161277312,3479987.166349187
241,1005.7343719527123,200,3479986.261836147,3479986.261864937,3479987.267599309
242,1004.686941858381,200,3479986.361360922,3479986.361396715,3479987.366083657
243,1004.3455925770104,200,3479986.460894851,3479986.460927767,3479987.46527336
244,1004.8494287766516,200,3479986.561689702,3479986.561725758,3479987.566575187
245,1004.75595286116,200,3479986.661327576,3479986.661361924,3479987.666117877
246,1006.4849690534174,200,3479986.760994957,3479986.76103802,3479987.767522989
247,1005.2926396019757,200,3479986.860958888,3479986.860993909,3479987.866286549
248,1004.4554178602991,200,3479986.961474807,3479986.961492672,3479987.96594809
249,1004.2712190188468,200,3479987.061795563,3479987.06182086,3479988.066092079
250,1004.5391293242574,200,3479987.160892571,3479987.160925158,3479988.165464287
251,1005.2042370662091,200,3479987.260935808,3479987.260965673,3479988.26616991
252,1004.7119986265898,200,3479987.361884553,3479987.361910404,3479988.366622403
253,1005.3251362405715,200,3479987.461345412,3479987.46136222,3479988.466687356
254,1004.4400808401406,200,3479987.56134642,3479987.561380755,3479988.565820836
255,1005.4814592003822,200,3479987.661057771,3479987.661115292,3479988.666596751
256,1006.2188520096242,200,3479987.761735971,3479987.761768021,3479988.767986873
257,1005.206658039242,200,3479987.861522909,3479987.86154553,3479988.866752188
258,1004.4009829871356,200,3479987.960830981,3479987.960855609,3479988.965256592
259,1004.7922371886671,200,3479988.061985474,3479988.062017414,3479989.066809651
260,1004.4818432070317,200,3479988.161327291,3479988.161352431,3479989.165834274
261,1004.7088689170778,200,3479988.261685292,3479988.2617106,3479989.266419469
262,1005.8069173246622,200,3479988.361724468,3479988.361749665,3479989.367556582
263,1004.5986049808562,200,3479988.461814531,3479988.461839926,3479989.466438531
264,1004.278558306396,200,3479988.561234011,3479988.561259011,3479989.565537569
265,1004.9271890893581,200,3479988.661908493,3479988.661934581,3479989.66686177
266,1005.6285746395588,200,3479988.761199616,3479988.76122375,3479989.766852325
267,1006.676038261503,200,3479988.861811407,3479988.861836115,3479989.868512153
268,1004.5022438280284,200,3479988.961235996,3479988.961261283,3479989.965763527
269,1004.852828104049,200,3479989.061489755,3479989.061520644,3479990.066373472
270,1008.8694198057055,200,3479989.160901998,3479989.160935961,3479990.169805381
271,1006.5230368636549,200,3479989.261890741,3479989.261926923,3479990.26844996
272,1004.7084810212257,200,3479989.36104622,3479989.361085665,3479990.365794146
273,1004.47330577299,200,3479989.461650722,3479989.461676307,3479990.466149613
274,1003.7166839465499,200,3479989.561104331,3479989.561128824,3479990.564845508
275,1004.9285041168332,200,3479989.661729178,3479989.661762857,3479990.666691361
276,1004.7497902996838,200,3479989.761653369,3479989.761687752,3479990.766437542
277,1005.5269901640711,200,3479989.861509245,3479989.861542019,3479990.867069009
278,1004.2733959853649,200,3479989.961105736,3479989.961137586,3479990.965410982
279,1003.8384622894228,200,3479990.061661325,3479990.061677918,3479991.06551638
280,1005.0860610790551,200,3479990.161040874,3479990.16107527,3479991.166161331
281,1005.6042331270874,200,3479990.261663304,3479990.261703557,3479991.26730779
282,1004.1046547703445,200,3479990.361032362,3479990.36106648,3479991.365171135
283,1005.6111142039299,200,3479990.46133578,3479990.461362031,3479991.466973145
284,1004.8833470791578,200,3479990.561583407,3479990.561616343,3479991.56649969
285,1004.3923477642238,200,3479990.661877635,3479990.661923664,3479991.666316012
286,1005.5336058139801,200,3479990.761703833,3479990.761737205,3479991.767270811
287,1005.5498098954558,200,3479990.861662318,3479990.861694177,3479991.867243987
288,1004.6628620475531,200,3479990.961844014,3479990.961869776,3479991.966532638
289,1004.465710837394,200,3479991.061242957,3479991.06126944,3479992.065735151
290,1004.5046247541904,200,3479991.16169137,3479991.161724605,3479992.16622923
291,1004.5869597233832,200,3479991.261600208,3479991.261632732,3479992.266219692
292,1005.0067561678588,200,3479991.361009261,3479991.361038591,3479992.366045347
293,1004.0486832149329,200,3479991.461010067,3479991.461058734,3479992.465107417
294,1004.5092408545315,200,3479991.561729292,3479991.561761321,3479992.566270562
295,1005.613308865577,200,3479991.661407971,3479991.661441482,3479992.667054791
296,1005.6902603246272,200,3479991.761170884,3479991.761204547,3479992.766894807
297,1005.9343171305954,200,3479991.86168305,3479991.861713783,3479992.8676481
298,1005.7381219230592,200,3479991.961779329,3479991.961826818,3479992.96756494
299,1004.6656653285029,200,3479992.061138827,3479992.061163752,3479993.065829417
300,1004.5306808315215,200,3479992.161077618,3479992.161102538,3479993.165633219
301,1006.2242457643151,200,3479992.261407437,3479992.261442791,3479993.267667037
302,1007.0079360157251,200,3479992.36121729,3479992.361251025,3479993.368258961
303,1006.0913930647075,200,3479992.461497586,3479992.461532147,3479993.46762354
304,1004.0638968348503,200,3479992.561807457,3479992.5618328,3479993.565896697
305,1005.1152179948986,200,3479992.661124497,3479992.661159845,3479993.666275063
306,1007.2387391701341,200,3479992.761508665,3479992.76157881,3479993.768817549
307,1005.9473351575434,200,3479992.861404755,3479992.861438952,3479993.867386287
308,1005.938044283539,200,3479992.961521312,3479992.961555231,3479993.967493275
309,1004.7474531456828,200,3479993.06089704,3479993.060924728,3479994.065672181
310,1004.7862119972706,200,3479993.161159559,3479993.16118383,3479994.165970042
311,1004.4270120561123,200,3479993.260942432,3479993.260967618,3479994.26539463
312,1004.8765689134598,200,3479993.361295262,3479993.361327266,3479994.366203835
313,1007.238735910505,200,3479993.461641243,3479993.461683886,3479994.468922622
314,1004.4085821136832,200,3479993.561347886,3479993.561381943,3479994.565790525
315,1003.9605950005352,200,3479993.661239179,3479993.661273419,3479994.665234014
316,1005.2935141138732,200,3479993.761684712,3479993.761705029,3479994.766998543
317,1004.5108310878277,200,3479993.861383816,3479993.861408577,3479994.865919408
318,1006.1747459694743,200,3479993.961659515,3479993.96168517,3479994.967859916
319,1004.9275849014521,200,3479994.061267234,3479994.06129253,3479995.066220115
320,1003.8145580329001,200,3479994.161720439,3479994.161763948,3479995.165578506
321,1004.2539839632809,200,3479994.261408699,3479994.261444352,3479995.265698336
322,1006.4853290095923,200,3479994.36119998,3479994.36123888,3479995.367724209
323,1006.6555277444422,200,3479994.461861335,3479994.461903829,3479995.468559357
324,1005.1815169863405,200,3479994.561314017,3479994.561352528,3479995.566534045
325,1004.5698382891717,200,3479994.661548265,3479994.661574342,3479995.66614418
326,1004.3659256771209,200,3479994.761628317,3479994.761661413,3479995.766027339
327,1005.917611066252,200,3479994.861417084,3479994.861452772,3479995.867370383
328,1006.1118598096073,200,3479994.96083891,3479994.960871911,3479995.966983771
329,1005.1305242814124,200,3479995.061775199,3479995.061808909,3479996.066939433
330,1005.2640461362898,200,3479995.161463985,3479995.161499025,3479996.166763071
331,1003.7011080421507,200,3479995.261701457,3479995.261745296,3479996.265446404
332,1006.8167648278177,200,3479995.360809131,3479995.360843922,3479996.367660687
333,1005.9975390322506,200,3479995.461581059,3479995.461614938,3479996.467612477
334,1004.9003059975803,200,3479995.561873557,3479995.561908715,3479996.566809021
335,1004.4095679186285,200,3479995.661453121,3479995.66147761,3479996.665887178
336,1003.9337752386928,200,3479995.761899484,3479995.761924898,3479996.765858673
337,1004.7907526604831,200,3479995.861249036,3479995.861287121,3479996.866077874
338,1005.7070292532444,200,3479995.961789269,3479995.961823383,3479996.967530412
339,1005.2600018680096,200,3479996.061793166,3479996.061827339,3479997.067087341
340,1004.9268170259893,200,3479996.161502488,3479996.161537525,3479997.166464342
341,1004.6995151787996,200,3479996.261649348,3479996.261694493,3479997.266394008
342,1005.1522459834814,200,3479996.360833048,3479996.360867882,3479997.366020128
343,1005.2109900861981,200,3479996.461455821,3479996.461484516,3479997.466695506
344,1005.3780600428579,200,3479996.561565206,3479996.561597954,3479997.566976014
345,1004.529164172709,200,3479996.660836591,3479996.66086239,3479997.665391554
346,1004.9819578416646,200,3479996.760943275,3479996.760969173,3479997.765951131
347,1004.794211126864,200,3479996.861534515,3479996.86157325,3479997.866367461
348,1005.2953190170228,200,3479996.961411868,3479996.961445784,3479997.966741103
349,1005.2128150127828,200,3479997.060951174,3479997.060981864,3479998.066194679
350,1005.2603092044592,200,3479997.161138247,3479997.161163678,3479998.166423987
351,1003.8401549682019,200,3479997.260823063,3479997.260838778,3479998.264678933
352,1004.9540069885552,200,3479997.361500927,3479997.361534831,3479998.366488838
353,1007.1731647476554,200,3479997.461212309,3479997.461245199,3479998.468418364
354,1005.5939247831702,200,3479997.561394523,3479997.561419058,3479998.567012983
355,1004.5832861214876,200,3479997.661317661,3479997.661353559,3479998.665936845
356,1004.9121198244393,200,3479997.76158319,3479997.761608579,3479998.766520699
357,1004.256715066731,200,3479997.860930934,3479997.860963448,3479998.865220163
358,1004.5358058996501,200,3479997.961416999,3479997.961449427,3479998.965985233
359,1005.5194050073624,200,3479998.061775526,3479998.061806671,3479999.067326076
360,1004.7574751079082,200,3479998.161137991,3479998.161179172,3479999.165936647
361,1004.6670222654941,200,3479998.260874205,3479998.260900038,3479999.26556706
362,1004.0649948641658,200,3479998.361179995,3479998.361213367,3479999.365278362
363,1007.2664031758904,200,3479998.461063157,3479998.461094304,3479999.468360707
364,1005.764985922724,200,3479998.561575083,3479998.561605508,3479999.567370494
365,1005.0734807737172,200,3479998.661928499,3479998.661963377,3479999.667036858
366,1004.7678081318736,200,3479998.761272604,3479998.761290844,3479999.766058652
367,1004.2746332474053,200,3479998.861690178,3479998.861705667,3479999.8659803
368,1004.2795948684216,200,3479998.961648108,3479998.961680353,3479999.965959948
369,1005.6966110132637,200,3479999.060814051,3479999.060849166,3480000.066545777
370,1004.6036061830821,200,3479999.161586155,3479999.161619967,3480000.166223573
371,1005.0260219722986,200,3479999.261464901,3479999.261489857,3480000.266515879
372,1003.2932022586465,200,3479999.361591445,3479999.361615847,3480000.364909049
373,1003.9906669408083,200,3479999.461428058,3479999.461483066,3480000.465473733
374,1005.5163577198982,200,3479999.560824843,3479999.560859572,3480000.56637593
375,1004.6934266574681,200,3479999.660994201,3479999.661034405,3480000.665727832
376,1005.4970346391201,200,3479999.761098883,3479999.761132275,3480000.76662931
377,1004.3065482750535,200,3479999.861497116,3479999.861530089,3480000.865836637
378,1004.5361570082605,200,3479999.961847899,3479999.9618827,3480000.966418857
379,1005.4245856590569,200,3480000.060955261,3480000.060987932,3480001.066412518
380,1006.5756347030399,200,3480000.161767471,3480000.161801196,3480001.168376831
381,1004.7687911428511,200,3480000.261626257,3480000.261663658,3480001.266432449
382,1004.3363431468606,200,3480000.361242505,3480000.361260846,3480001.365597189
383,1004.5217340812087,200,3480000.461145794,3480000.461169648,3480001.465691382
384,1006.6659064032135,200,3480000.561834829,3480000.561858922,3480001.568524828
385,1005.0986870191991,200,3480000.66190053,3480000.661925014,3480001.667023701
386,1004.2768302373588,200,3480000.761801137,3480000.761818356,3480001.766095186
387,1004.8791081644597,200,3480000.861341472,3480000.861370279,3480001.866249387
388,1004.3271351605654,200,3480000.961222335,3480000.96125532,3480001.965582455
389,1004.8682899214327,200,3480001.061346819,3480001.061382962,3480002.066251252
390,1004.7774640843272,200,3480001.161145615,3480001.161178705,3480002.165956169
391,1004.8809046857059,200,3480001.2618223,3480001.261854519,3480002.266735424
392,1005.1527330651879,200,3480001.360800659,3480001.360817756,3480002.365970489
393,1003.6826562136412,200,3480001.460795408,3480001.46082387,3480002.464506526
394,1005.6746052578092,200,3480001.561906626,3480001.561948992,3480002.567623597
395,1004.8668179661036,200,3480001.660789742,3480001.660823209,3480002.665690027
396,1004.3515507131815,200,3480001.761032648,3480001.761079422,3480002.765430973
397,1003.9199329912665,200,3480001.861192787,3480001.861217083,3480002.865137016
398,1004.2940671555698,200,3480001.961092156,3480001.961118604,3480002.965412671
399,1004.70368610695,200,3480002.06162438,3480002.061647954,3480003.06635164
400,1005.0887358374894,200,3480002.161354823,3480002.161379542,3480003.166468278
401,1005.3380141034722,200,3480002.261362897,3480002.261389387,3480003.266727401
402,1004.4697942212224,200,3480002.360951857,3480002.360984108,3480003.365453902
403,1004.3668802827597,200,3480002.461282678,3480002.461307109,3480003.465673989
404,1004.3344032019377,200,3480002.561988078,3480002.562024396,3480003.566358799
405,1005.9895869344473,200,3480002.660879041,3480002.660921857,3480003.666911444
406,1005.7464740239084,200,3480002.761796114,3480002.761821917,3480003.767568391
407,1004.941854160279,200,3480002.861451724,3480002.861476799,3480003.866418653
408,1003.8651572540402,200,3480002.961151535,3480002.96117826,3480003.965043417
409,1004.2855460196731,200,3480003.061472364,3480003.06151023,3480004.065795776
410,1006.4561562612653,200,3480003.161208242,3480003.161242093,3480004.167698249
411,1005.6744129396975,200,3480003.261290891,3480003.261322272,3480004.266996685
412,1003.8509680889549,200,3480003.361594992,3480003.361629492,3480004.36548046
413,1004.8232553526759,200,3480003.46091754,3480003.460933522,3480004.465756777
414,1005.2953800186517,200,3480003.561227919,3480003.561261452,3480004.566556832
415,1005.9692952781916,200,3480003.661572636,3480003.661614305,3480004.6675836
416,1005.2994377911091,200,3480003.76102135,3480003.76105468,3480004.766354118
417,1004.976493306458,200,3480003.861458366,3480003.861497433,3480004.866473926
418,1004.3415930122137,200,3480003.960962494,3480003.960988188,3480004.965329781
419,1004.5501091517508,200,3480004.061053789,3480004.061078677,3480005.065628786
420,1007.9874852672219,200,3480004.161124867,3480004.161149745,3480005.16913723
421,1005.4314220324161,200,3480004.260826809,3480004.260851456,3480005.266282878
422,1005.551153793931,200,3480004.361133374,3480004.361158459,3480005.366709613
423,1004.1739461012185,200,3480004.461949103,3480004.461974117,3480005.466148063
424,1004.5399498194456,200,3480004.561453895,3480004.561471219,3480005.566011169
425,1005.8693219907582,200,3480004.661124404,3480004.661149411,3480005.667018733
426,1005.8709657751024,200,3480004.761224825,3480004.761259077,3480005.767130043
427,1004.4566178694367,200,3480004.861168591,3480004.861215244,3480005.865671862
428,1004.641218110919,200,3480004.9611627,3480004.96118753,3480005.965828748
429,1004.1678808629513,200,3480005.061550596,3480005.061584155,3480006.065752036
430,1004.9089859239757,200,3480005.161311549,3480005.16135597,3480006.166264956
431,1004.8740762285888,200,3480005.261410939,3480005.261445805,3480006.266319881
432,1006.358461920172,200,3480005.361530553,3480005.361566241,3480006.367924703
433,1004.488451872021,200,3480005.4609239,3480005.460949336,3480006.465437788
434,1004.619178827852,200,3480005.56093657,3480005.560962107,3480006.565581286
435,1005.2503971382976,200,3480005.661507257,3480005.661532748,3480006.666783145
436,1007.7412961982191,200,3480005.76150104,3480005.761535943,3480006.769277239
437,1005.5950479581952,200,3480005.860785769,3480005.860822976,3480006.866418024
438,1004.628705792129,200,3480005.961238478,3480005.961275366,3480006.965904072
439,1003.9441091939807,200,3480006.061410249,3480006.061429313,3480007.065373422
440,1004.987278021872,200,3480006.160865508,3480006.160891639,3480007.165878917
441,1005.6489380076528,200,3480006.260916002,3480006.260950561,3480007.266599499
442,1005.1915613003075,200,3480006.361729619,3480006.361768196,3480007.366959757
443,1005.6125069968402,200,3480006.461118092,3480006.461153084,3480007.466765591
444,1003.9555472321808,200,3480006.560781473,3480006.560812343,3480007.56476789
445,1004.259048961103,200,3480006.661426189,3480006.66146039,3480007.665719439
446,1005.9702517464757,200,3480006.761341938,3480006.76137658,3480007.767346832
447,1005.7883560657499,200,3480006.860912165,3480006.860947349,3480007.866735705
448,1005.2978093735874,200,3480006.9613454,3480006.961379653,3480007.966677462
449,1004.6825343742969,200,3480007.061260876,3480007.061284505,3480008.065967039
450,1004.9735498614609,200,3480007.16193966,3480007.161977278,3480008.166950828
451,1005.5839368142188,200,3480007.261740964,3480007.261765093,3480008.26734903
452,1005.2504711784422,200,3480007.360925252,3480007.360950253,3480008.366200724
453,1005.103871691972,200,3480007.461038975,3480007.461063038,3480008.46616691
454,1005.3258058615029,200,3480007.561382547,3480007.561416314,3480008.56674212
455,1004.6823350712657,200,3480007.661299774,3480007.661316794,3480008.665999129
456,1005.1767709665,200,3480007.761231972,3480007.761270114,3480008.766446885
457,1009.6777081489563,200,3480007.860971991,3480007.861020002,3480008.87069771
458,1005.1711709238589,200,3480007.961153164,3480007.961186224,3480008.966357395
459,1005.208351649344,200,3480008.061150946,3480008.061185744,3480009.066394096
460,1004.4134142808616,200,3480008.161212074,3480008.161254624,3480009.165668038
461,1004.536708816886,200,3480008.260824806,3480008.260863263,3480009.265399972
462,1006.0078743845224,200,3480008.361565242,3480008.361616736,3480009.36762461
463,1006.5319398418069,200,3480008.461218582,3480008.461253316,3480009.467785256
464,1004.5213387347758,200,3480008.561175971,3480008.561216587,3480009.565737926
465,1004.3364749290049,200,3480008.661247096,3480008.661272086,3480009.665608561
466,1003.8026608526709,200,3480008.761261613,3480008.761297645,3480009.765100306
467,1004.5938980765641,200,3480008.861700535,3480008.861743587,3480009.866337485
468,1005.1745679229498,200,3480008.96135756,3480008.96139105,3480009.966565618
469,1005.6780111044643,200,3480009.061285506,3480009.061316939,3480010.06699495
470,1004.672272130847,200,3480009.161452253,3480009.161481611,3480010.166153883
471,1003.7904973141849,200,3480009.261393256,3480009.261426245,3480010.265216742
472,1006.75716297701,200,3480009.361352569,3480009.361393992,3480010.368151155
473,1005.6930319406092,200,3480009.460964849,3480009.46099967,3480010.466692702
474,1006.6830543801188,200,3480009.56095575,3480009.560985598,3480010.567668652
475,1005.9999111108482,200,3480009.661544241,3480009.661590673,3480010.667590584
476,1004.4271391816435,200,3480009.761806663,3480009.761824575,3480010.766251714
477,1004.1887480765579,200,3480009.861631255,3480009.861667093,3480010.865855841
478,1007.3544671759009,200,3480009.96141643,3480009.96145029,3480010.968804757
479,1006.8883830681443,200,3480010.061270556,3480010.061304423,3480011.068192806
480,1005.2573489956558,200,3480010.160999387,3480010.161052281,3480011.16630963
481,1004.9470621161165,200,3480010.260837755,3480010.260868937,3480011.265815999
482,1004.420483019203,200,3480010.361748765,3480010.361791636,3480011.366212119
483,1005.2204397507012,200,3480010.46153872,3480010.461582276,3480011.466802716
484,1006.0605350881815,200,3480010.561462157,3480010.561495734,3480011.567556269
485,1004.813564941287,200,3480010.66105628,3480010.661097045,3480011.66591061
486,1004.8823589459062,200,3480010.761635429,3480010.761659894,3480011.766542253
487,1003.7842500023544,200,3480010.861052557,3480010.861080037,3480011.864864287
488,1005.6323250755668,200,3480010.961324482,3480010.961359731,3480011.966992056
489,1005.782563239336,200,3480011.061689412,3480011.061714693,3480012.067497256
490,1004.7651291824875,200,3480011.161633932,3480011.161659637,3480012.166424766
491,1005.6188912130892,200,3480011.261713295,3480011.261747214,3480012.267366105
492,1004.5454800128937,200,3480011.361717541,3480011.361743341,3480012.366288821
493,1004.0526371449232,200,3480011.46104083,3480011.461100823,3480012.46515346
494,1005.3089209832251,200,3480011.561546056,3480011.561582636,3480012.566891557
495,1006.1841350980103,200,3480011.66130792,3480011.661340376,3480012.667524511
496,1004.8285499215126,200,3480011.76120615,3480011.761241632,3480012.766070182
497,1005.0195991061628,200,3480011.861350467,3480011.86138435,3480012.866403949
498,1005.3924368694425,200,3480011.96161151,3480011.961646208,3480012.967038645
499,1009.243365842849,200,3480012.061308911,3480012.061342949,3480013.070586315
500,1004.6696038916707,200,3480012.160785207,3480012.161292377,3480013.165961981
1,3126.629263162613,200,3480135.914041294,3480135.914124684,3480139.040753947
2,3038.5770611464977,200,3480136.014642293,3480136.014662659,3480139.05323972
3,2936.054324265569,200,3480136.114473514,3480136.114497272,3480139.050551596
4,2834.360689856112,200,3480136.214819018,3480136.214844669,3480139.049205359
5,2743.0293248035014,200,3480136.31467819,3480136.314702615,3480139.05773194
6,2642.200794070959,200,3480136.414772742,3480136.414796944,3480139.056997738
7,2541.107073891908,200,3480136.51459226,3480136.514617924,3480139.055724998
8,2435.549119953066,200,3480136.614312714,3480136.614338461,3480139.049887581
9,2335.038033314049,200,3480136.715135146,3480136.715170447,3480139.05020848
10,2239.935591816902,200,3480136.814291562,3480136.814317279,3480139.054252871
11,2137.319270055741,200,3480136.915020179,3480136.91505105,3480139.05237032
12,2039.1332348808646,200,3480137.014803124,3480137.014828459,3480139.053961694
13,1935.1981347426768,200,3480137.114626478,3480137.114651514,3480139.049849649
14,1839.867889881134,200,3480137.215177177,3480137.215205036,3480139.055072926
15,1743.8586833886802,200,3480137.314512965,3480137.314536818,3480139.058395501
16,1635.4081728495655,200,3480137.414083652,3480137.414100848,3480139.049509021
17,1535.8339147642257,200,3480137.514738478,3480137.514755633,3480139.050589548
18,1437.4450570903718,200,3480137.615167027,3480137.615193861,3480139.052638918
19,1335.4434319771826,200,3480137.71406354,3480137.714100677,3480139.049544109
20,1244.5581792853773,200,3480137.814081986,3480137.814120317,3480139.058678496
21,1136.8308449164033,200,3480137.914726558,3480137.914760632,3480139.051591477
22,1042.4379906617105,200,3480138.014256873,3480138.014281106,3480139.056719097
23,1007.3904311284425,200,3480138.114498578,3480138.114523477,3480139.121913908
24,1007.1121379733086,200,3480138.214267538,3480138.214292289,3480139.221404427
25,1006.8968879058957,200,3480138.314575035,3480138.314599622,3480139.32149651
26,1005.3593730553985,200,3480138.414250104,3480138.41426865,3480139.419628023
27,1012.0750521309674,200,3480138.515139974,3480138.515166027,3480139.527241079
28,1008.2954210229218,200,3480138.614553426,3480138.614578991,3480139.622874412
29,1007.724795024842,200,3480138.715127905,3480138.71516021,3480139.722885005
30,1006.8511497229338,200,3480138.814651941,3480138.814676903,3480139.821528053
31,1007.1837399154902,200,3480138.914451143,3480138.914485036,3480139.921668776
32,1006.6779982298613,200,3480139.014455117,3480139.014479791,3480140.021157789
33,1005.1729921251535,200,3480139.114088519,3480139.114120455,3480140.119293447
34,1004.9270470626652,200,3480139.21467076,3480139.21470402,3480140.219631067
35,1004.7657340764999,200,3480139.314376862,3480139.314419157,3480140.319184891
36,1004.2567881755531,200,3480139.414124013,3480139.414148368,3480140.418405156
37,1004.4164001010358,200,3480139.514163708,3480139.514189105,3480140.518605505
38,1006.0257478617132,200,3480139.614749611,3480139.614774498,3480140.620800246
39,1011.1269936896861,200,3480139.714855524,3480139.714881156,3480140.72600815
40,1005.018025636673,200,3480139.814258263,3480139.81428313,3480140.819301156
41,1006.1270478181541,200,3480139.91474193,3480139.914787737,3480140.920914785
42,1003.7711430341003,200,3480140.015104941,3480140.015153228,3480141.018924371
43,1005.4738721810279,200,3480140.114253414,3480140.114288251,3480141.119762123
44,1005.0454749725759,200,3480140.215210389,3480140.215241023,3480141.220286498
45,1005.1364647224543,200,3480140.314197843,3480140.314232143,3480141.319368608
46,1005.8055012486875,200,3480140.414899252,3480140.414940499,3480141.420746
47,1005.9561408124864,200,3480140.514727492,3480140.514752595,3480141.520708736
48,1004.5711882412434,200,3480140.61528975,3480140.61533186,3480141.619903048
49,1006.225410848856,200,3480140.714398126,3480140.714454093,3480141.720679504
50,1005.6543778628111,200,3480140.814168894,3480140.814202217,3480141.819856595
51,1005.9311119839549,200,3480140.914695152,3480140.914731496,3480141.920662608
52,1005.6100110523405,200,3480141.015092528,3480141.015117644,3480142.020727655
53,1005.0892271101477,200,3480141.114711836,3480141.114737801,3480142.119827028
54,1004.9565760418773,200,3480141.214448956,3480141.21448541,3480142.219441986
55,1005.1043438725171,200,3480141.314293958,3480141.314328332,3480142.319432676
56,1004.8642531037331,200,3480141.414147443,3480141.41419701,3480142.419061263
57,1005.2061299793422,200,3480141.514532826,3480141.514574129,3480142.519780259
58,1003.8069938309491,200,3480141.614072535,3480141.614097671,3480142.617904665
59,1004.3307659216223,200,3480141.714486739,3480141.714511281,3480142.718842047
60,1004.7101038508115,200,3480141.814540946,3480141.814564941,3480142.819275045
61,1005.7329181581736,200,3480141.914796201,3480141.914821821,3480142.920554739
62,1005.1873652264476,200,3480142.014345807,3480142.014381696,3480143.019569061
63,1003.9337598718705,200,3480142.114256607,3480142.114286113,3480143.118219873
64,1004.5530661009252,200,3480142.214485985,3480142.214523179,3480143.219076245
65,1005.0763990730047,200,3480142.314727103,3480142.314764939,3480143.319841338
66,1005.0003100186586,200,3480142.414673066,3480142.41470689,3480143.4197072
67,1004.0761972777543,200,3480142.514267789,3480142.514306097,3480143.518382294
68,1004.1061327792704,200,3480142.614307606,3480142.614331106,3480143.618437239
69,1003.9043850265443,200,3480142.715116369,3480142.71514033,3480143.719044715
70,1004.8102829605341,200,3480142.814371428,3480142.814397478,3480143.819207761
71,1005.4436586797235,200,3480142.914779243,3480142.914805034,3480143.920248693
72,1004.6864282339811,200,3480143.014335844,3480143.014361161,3480144.019047589
73,1004.6835918910799,200,3480143.114373986,3480143.114398031,3480144.119081623
74,1003.6421660333872,200,3480143.214420533,3480143.214446427,3480144.218088593
75,1005.2640740759671,200,3480143.31479271,3480143.314811309,3480144.320075383
76,1005.3338496945798,200,3480143.414617271,3480143.414653227,3480144.419987077
77,1005.0467900000513,200,3480143.514575259,3480143.514601738,3480144.519648528
78,1003.7773321382699,200,3480143.614630804,3480143.61465657,3480144.618433902
79,1005.0303731113672,200,3480143.714951632,3480143.71498104,3480144.720011413
80,1006.4370692707598,200,3480143.81497713,3480143.815008701,3480144.82144577
81,1005.24534098804,200,3480143.914783841,3480143.914808424,3480144.920053765
82,1005.140955094248,200,3480144.014554436,3480144.014581944,3480145.019722899
83,1004.071582108736,200,3480144.114557939,3480144.114591113,3480145.118662695
84,1004.6052979305389,200,3480144.214231897,3480144.214273329,3480145.218878627
85,1006.1394767835736,200,3480144.314480715,3480144.31451648,3480145.320655957
86,1005.3245527669787,200,3480144.414435497,3480144.414468667,3480145.41979322
87,1005.2573401480911,200,3480144.514309112,3480144.514342379,3480145.519599719
88,1004.6269539743662,200,3480144.614446411,3480144.614479941,3480145.619106895
89,1004.7114617191255,200,3480144.714372967,3480144.714399014,3480145.719110476
90,1006.7347823642194,200,3480144.814164836,3480144.814189668,3480145.82092445
91,1005.9753493405881,200,3480144.914455841,3480144.914480359,3480145.920455708
92,1005.0978078506887,200,3480145.014839661,3480145.014865337,3480146.019963145
93,1004.4713299721479,200,3480145.114859241,3480145.114886452,3480146.119357782
94,1004.4250581413507,200,3480145.214879166,3480145.214913475,3480146.219338533
95,1008.8839619420469,200,3480145.314895415,3480145.314934243,3480146.323818205
96,1005.7609840296209,200,3480145.415166922,3480145.415201451,3480146.420962435
97,1005.4676588624716,200,3480145.515053985,3480145.515087034,3480146.520554693
98,1004.3137208558619,200,3480145.614486128,3480145.614512434,3480146.618826155
99,1004.3402528390288,200,3480145.714407392,3480145.714439628,3480146.718779881
100,1005.5182636715472,200,3480145.814210086,3480145.814250538,3480146.819768802
101,1008.4422752261162,200,3480145.914351311,3480145.914386999,3480146.922829274
102,1005.6850290857255,200,3480146.014718585,3480146.014749152,3480147.020434181
103,1004.953172057867,200,3480146.114095577,3480146.114132861,3480147.119086033
104,1004.7727674245834,200,3480146.214345541,3480146.214370887,3480147.219143654
105,1005.021212156862,200,3480146.314200151,3480146.314226642,3480147.319247854
106,1005.907204002142,200,3480146.414508864,3480146.414534688,3480147.420441892
107,1004.8667420633135,200,3480146.514576971,3480146.514602356,3480147.519469098
108,1004.3278210796416,200,3480146.614971435,3480146.615021763,3480147.619349584
109,1004.3443888425827,200,3480146.714256617,3480146.714282319,3480147.718626708
110,1005.0548380240798,200,3480146.814189741,3480146.81422864,3480147.819283478
111,1005.2688186988237,200,3480146.914218651,3480146.914258961,3480147.91952778
112,1004.7749490477145,200,3480147.014194597,3480147.014232659,3480148.019007608
113,1004.1168937459588,200,3480147.114285601,3480147.114321858,3480148.118438752
114,1003.7154727615416,200,3480147.214222264,3480147.21424609,3480148.217961563
115,1004.6324422582984,200,3480147.314584714,3480147.314616813,3480148.319249255
116,1006.1024338938296,200,3480147.414721957,3480147.414753268,3480148.420855702
117,1006.2388451769948,200,3480147.514551247,3480147.514587613,3480148.520826458
118,1004.8539680428803,200,3480147.615053543,3480147.615088384,3480148.619942352
119,1004.4175940565765,200,3480147.714859105,3480147.714885323,3480148.719302917
120,1006.2636248767376,200,3480147.814111933,3480147.814145678,3480148.820409303
121,1004.8879073001444,200,3480147.91421224,3480147.91425394,3480148.919141847
122,1005.5639189668,200,3480148.014661788,3480148.014699263,3480149.020263182
123,1004.6831802465022,200,3480148.114038938,3480148.114075027,3480149.118758207
124,1004.4445907697082,200,3480148.21516066,3480148.215186072,3480149.219630663
125,1006.2728780321777,200,3480148.314141302,3480148.314174608,3480149.320447486
126,1006.7502330057323,200,3480148.414683908,3480148.41471793,3480149.421468163
127,1005.1265130750835,200,3480148.515122183,3480148.515159042,3480149.520285555
128,1005.1099038682878,200,3480148.614881911,3480148.614911293,3480149.620021197
129,1003.3484371379018,200,3480148.714214155,3480148.714249929,3480149.717598366
130,1006.0639278963208,200,3480148.814743679,3480148.814773328,3480149.820837256
131,1005.9083011001348,200,3480148.914445279,3480148.914479347,3480149.920387648
132,1006.0063847340643,200,3480149.014262648,3480149.014301197,3480150.020307582
133,1005.303708370775,200,3480149.114059382,3480149.114097404,3480150.119401112
134,1008.2563161849976,200,3480149.214980785,3480149.215012467,3480150.223268783
135,1007.0823137648404,200,3480149.314711598,3480149.314736409,3480150.321818723
136,1006.2558380886912,200,3480149.415201905,3480149.415227391,3480150.421483229
137,1006.0075093060732,200,3480149.514266369,3480149.514290889,3480150.520298398
138,1004.3799648992715,200,3480149.614448217,3480149.61447814,3480150.618858105
139,1003.7431349046528,200,3480149.714041072,3480149.71406666,3480150.717809795
140,1006.0489680618048,200,3480149.815012388,3480149.815039074,3480150.821088042
141,1005.4018036462369,200,3480149.914152319,3480149.91417849,3480150.919580294
142,1005.6957160122693,200,3480150.014700122,3480150.014725483,3480151.020421199
143,1004.2759138159454,200,3480150.115110062,3480150.115143332,3480151.119419246
144,1003.8320301100612,200,3480150.214479884,3480150.214518058,3480151.218350088
145,1005.7288538664579,200,3480150.315144159,3480150.315178111,3480151.320906965
146,1005.6123430840671,200,3480150.415032543,3480150.415064119,3480151.420676462
147,1005.6195217184722,200,3480150.514329813,3480150.514364301,3480151.519983823
148,1004.3051177635789,200,3480150.614203862,3480150.614239776,3480151.618544894
149,1004.4219200499356,200,3480150.714230225,3480150.714256451,3480151.718678371
150,1005.9907748363912,200,3480150.814499309,3480150.814522772,3480151.820513547
151,1005.6493598967791,200,3480150.914632313,3480150.914665061,3480151.920314421
152,1006.133109331131,200,3480151.014597879,3480151.014639042,3480152.020772151
153,1004.506214056164,200,3480151.11434961,3480151.114375514,3480152.118881728
154,1004.1285729967058,200,3480151.214955048,3480151.214987497,3480152.21911607
155,1004.803285934031,200,3480151.314615089,3480151.314640112,3480152.319443398
156,1006.9383322261274,200,3480151.414577085,3480151.414604684,3480152.421543016
157,1004.7821868211031,200,3480151.514810393,3480151.514846079,3480152.519628266
158,1005.4506920278072,200,3480151.614496591,3480151.614534107,3480152.619984799
159,1004.4806306250391,200,3480151.714543976,3480151.714574111,3480152.719054742
160,1004.6324208378792,200,3480151.815039355,3480151.815080847,3480152.819713268
161,1006.2225302681329,200,3480151.914555674,3480151.914597916,3480152.920820446
162,1005.6231874041259,200,3480152.014950363,3480152.014992763,3480153.02061595
163,1005.3235241211951,200,3480152.115097582,3480152.115138203,3480153.120461727
164,1004.3744631111622,200,3480152.214157804,3480152.214183379,3480153.218557842
165,1004.1485661640763,200,3480152.315070938,3480152.315095335,3480153.319243901
166,1007.2827967815099,200,3480152.414747809,3480152.414779291,3480153.422062088
167,1005.4697818122804,200,3480152.514863237,3480152.514888984,3480153.520358766
168,1004.0486818179488,200,3480152.615209254,3480152.615250524,3480153.619299206
169,1004.6335449442267,200,3480152.714550337,3480152.714574853,3480153.719208398
170,1003.7406529299917,200,3480152.814123068,3480152.814152676,3480153.817893329
171,1005.2068927325308,200,3480152.915041302,3480152.915076469,3480153.920283362
172,1004.5895660296082,200,3480153.014659749,3480153.014683573,3480154.019273139
173,1004.5451549813151,200,3480153.114968272,3480153.115016332,3480154.119561487
174,1004.2868070304394,200,3480153.214761856,3480153.214789154,3480154.219075961
175,1003.9508142508566,200,3480153.315129576,3480153.315154751,3480154.319105565
176,1009.7529189661143,200,3480153.414585841,3480153.414622731,3480154.42437565
177,1005.5525540374219,200,3480153.514476476,3480153.514509544,3480154.520062098
178,1004.9597779288888,200,3480153.614244781,3480153.614277932,3480154.61923771
179,1004.3403473682702,200,3480153.714559707,3480153.714585446,3480154.718925793
180,1004.1140620596709,200,3480153.814494715,3480153.81452061,3480154.818634672
181,1006.3720443286002,200,3480153.914771993,3480153.914797208,3480154.921169252
182,1005.7794000022111,200,3480154.014566332,3480154.014591705,3480155.020371105
183,1005.779264960438,200,3480154.114812779,3480154.114837771,3480155.120617036
184,1004.7378460876644,200,3480154.215033953,3480154.215062487,3480155.219800333
185,1004.3696057982745,200,3480154.314854272,3480154.314886603,3480155.319256209
186,1006.3450601883233,200,3480154.414281401,3480154.414317287,3480155.420662347
187,1004.9387118779125,200,3480154.514571609,3480154.514607926,3480155.519546638
188,1004.7161001712084,200,3480154.614371972,3480154.614407317,3480155.619123417
189,1004.8058941029012,200,3480154.714318142,3480154.714342843,3480155.719148737
190,1004.4346302747726,200,3480154.814187769,3480154.814215434,3480155.818650064
191,1005.1462007686496,200,3480154.914953055,3480154.914978003,3480155.920124204
192,1005.1194601692259,200,3480155.014109513,3480155.014142681,3480156.019262141
193,1005.1988512277603,200,3480155.114223374,3480155.11425685,3480156.119455701
194,1004.135122988373,200,3480155.214677622,3480155.214704346,3480156.218839469
195,1003.5357340238988,200,3480155.31508229,3480155.315099713,3480156.318635447
196,1006.9810943678019,200,3480155.414037853,3480155.414064347,3480156.421045441
197,1005.498387850821,200,3480155.514451257,3480155.514485702,3480156.51998409
198,1005.876854993403,200,3480155.614384638,3480155.614423826,3480156.620300681
199,1004.71949018538,200,3480155.71420534,3480155.714230198,3480156.718949688
200,1005.0811911933124,200,3480155.814762555,3480155.814779161,3480156.819860352
201,1005.7342266663909,200,3480155.914445631,3480155.914479209,3480156.920213436
202,1006.2231258489192,200,3480156.014236524,3480156.014262219,3480157.020485345
203,1005.598418880254,200,3480156.114185948,3480156.114210317,3480157.119808736
204,1004.9355002120135,200,3480156.214728101,3480156.214753428,3480157.219688928
205,1005.3176339715719,200,3480156.314406985,3480156.314432478,3480157.319750112
206,1005.0174719654024,200,3480156.414558194,3480156.41460298,3480157.419620452
207,1006.3952910713851,200,3480156.514430557,3480156.514463867,3480157.520859158
208,1005.5870241485536,200,3480156.614367785,3480156.614398711,3480157.619985735
209,1004.7908779233694,200,3480156.715190889,3480156.715241237,3480157.720032115
210,1004.5876121148467,200,3480156.814440446,3480156.814476171,3480157.819063783
211,1004.8147765919566,200,3480156.914904918,3480156.91493797,3480157.919752747
212,1007.5394380837679,200,3480157.015156769,3480157.015191771,3480158.022731209
213,1005.4203979670999,200,3480157.114208996,3480157.114239125,3480158.119659523
214,1005.687347613275,200,3480157.214337422,3480157.214371783,3480158.220059131
215,1004.9724029377105,200,3480157.314635155,3480157.314660979,3480158.319633382
216,1004.1689891368151,200,3480157.41510117,3480157.415140912,3480158.419309901
217,1005.8283759281039,200,3480157.514565856,3480157.514601889,3480158.520430265
218,1006.0624270699918,200,3480157.614487332,3480157.614523262,3480158.620585689
219,1006.8292422220111,200,3480157.715133879,3480157.71517736,3480158.722006602
220,1004.283701069653,200,3480157.814171283,3480157.814206042,3480158.818489743
221,1004.7463309019804,200,3480157.914642064,3480157.914685319,3480158.91943165
222,1005.5162208154798,200,3480158.014877,3480158.014912358,3480159.020428579
223,1005.6752259843051,200,3480158.114635249,3480158.114667308,3480159.120342534
224,1005.4386677220464,200,3480158.214664609,3480158.214699541,3480159.220138209
225,1004.3791397474706,200,3480158.315040539,3480158.315072492,3480159.319451632
226,1004.2688953690231,200,3480158.414386617,3480158.414411498,3480159.418680393
227,1004.7249998897314,200,3480158.514646998,3480158.51467355,3480159.51939855
228,1005.6033711880443,200,3480158.614520358,3480158.614554838,3480159.620158209
229,1004.9785827286539,200,3480158.714859787,3480158.714894012,3480159.719872595
230,1004.4731586240232,200,3480158.814993538,3480158.815026996,3480159.819500155
231,1004.728336352855,200,3480158.915097356,3480158.915132675,3480159.919861011
232,1006.1039254069328,200,3480159.01495254,3480159.014990065,3480160.02109399
233,1005.7717291638255,200,3480159.115176472,3480159.115245769,3480160.121017498
234,1005.257606972009,200,3480159.214201608,3480159.214249867,3480160.219507474
235,1004.2748898267746,200,3480159.315053317,3480159.315080351,3480160.319355241
236,1003.9701159112155,200,3480159.414785935,3480159.414811927,3480160.418782043
237,1006.2661287374794,200,3480159.514771184,3480159.514805971,3480160.5210721
238,1004.5212600380182,200,3480159.614527262,3480159.61455624,3480160.6190775
239,1005.6736362166705,200,3480159.714372707,3480159.714415228,3480160.720088864
240,1005.1603182218969,200,3480159.814352761,3480159.814386252,3480160.81954657
241,1005.122372880578,200,3480159.914513574,3480159.914553487,3480160.91967586
242,1005.9486259706318,200,3480160.014319582,3480160.014358779,3480161.020307405
243,1005.9065730310977,200,3480160.114217763,3480160.114257078,3480161.120163651
244,1004.3755960650742,200,3480160.214423535,3480160.214459571,3480161.218835167
245,1004.3206810951233,200,3480160.314342036,3480160.314366701,3480161.318687382
246,1005.3733540698886,200,3480160.414166161,3480160.414181036,3480161.41955439
247,1006.8179783411324,200,3480160.515063966,3480160.515096612,3480161.52191459
248,1005.2947108633816,200,3480160.615081418,3480160.61511204,3480161.620406751
249,1005.6707360781729,200,3480160.715210005,3480160.715236183,3480161.720906919
250,1004.397151991725,200,3480160.814125585,3480160.814150845,3480161.818547997
251,1004.293852020055,200,3480160.915200695,3480160.915226469,3480161.919520321
252,1006.559900008142,200,3480161.014123636,3480161.01414262,3480162.02070252
253,1005.545434076339,200,3480161.114272333,3480161.114298077,3480162.119843511
254,1005.5997893214226,200,3480161.214631965,3480161.214657697,3480162.220257486
255,1004.4109802693129,200,3480161.314278831,3480161.314303654,3480162.318714634
256,1004.5233876444399,200,3480161.414803585,3480161.414830189,3480162.419353577
257,1005.2222958765924,200,3480161.514855748,3480161.51487027,3480162.520092566
258,1005.6871832348406,200,3480161.614731949,3480161.614765273,3480162.620452456
259,1008.0423289909961,200,3480161.714319445,3480161.714352497,3480162.722394826
260,1003.9385152049365,200,3480161.81460191,3480161.81462703,3480162.818565545
261,1004.3875458650291,200,3480161.915041612,3480161.915066963,3480162.919454509
262,1004.3067261576653,200,3480162.014255844,3480162.014290214,3480163.01859694
263,1005.8010560460389,200,3480162.114188234,3480162.114222778,3480163.120023834
264,1004.9840440042317,200,3480162.214684632,3480162.214719563,3480163.219703607
265,1004.7520957887173,200,3480162.315130301,3480162.315163868,3480163.319915964
266,1004.0750727057457,200,3480162.414244744,3480162.414287187,3480163.41836226
267,1004.6683959662914,200,3480162.514467485,3480162.514502179,3480163.519170575
268,1004.6875947155058,200,3480162.614081126,3480162.614114303,3480163.618801898
269,1005.0329607911408,200,3480162.714940398,3480162.714983453,3480163.720016414
270,1004.4921338558197,200,3480162.814254755,3480162.814289437,3480163.818781571
271,1004.9158008769157,200,3480162.914248102,3480162.91427234,3480163.919188141
272,1004.8319078050554,200,3480163.014864585,3480163.01489794,3480164.019729848
273,1004.8837549984455,200,3480163.114465972,3480163.114499469,3480164.119383224
274,1006.1158798635006,200,3480163.21472128,3480163.214754697,3480164.220870577
275,1005.3737591952083,200,3480163.314254777,3480163.314291475,3480164.319665234
276,1004.3606800027192,200,3480163.415094063,3480163.415129607,3480164.419490287
277,1004.8453980125489,200,3480163.51406566,3480163.514093917,3480164.518939315
278,1004.6493820846081,200,3480163.614627605,3480163.614660833,3480164.619310215
279,1005.5265566334128,200,3480163.714608251,3480163.714641318,3480164.720167875
280,1004.7046118415892,200,3480163.814379416,3480163.814417228,3480164.81912184
281,1004.0440228767693,200,3480163.914138241,3480163.914166675,3480164.918210698
282,1004.5400797389448,200,3480164.014816363,3480164.01484266,3480165.01938274
283,1005.0183539278803,200,3480164.114524939,3480164.114550593,3480165.119568947
284,1006.9633880630136,200,3480164.214667871,3480164.214693957,3480165.221657345
285,1004.6314685605466,200,3480164.314797941,3480164.314831679,3480165.319463148
286,1003.9658877067268,200,3480164.414689526,3480164.414713683,3480165.418679571
287,1003.4663509577513,200,3480164.51485138,3480164.51488188,3480165.518348231
288,1005.708540789783,200,3480164.61444697,3480164.614473589,3480165.62018213
289,1006.3020698726175,200,3480164.714459429,3480164.714484433,3480165.720786503
290,1005.2017932757735,200,3480164.814506822,3480164.814531487,3480165.81973328
291,1004.6044238843024,200,3480164.91504204,3480164.915075738,3480165.919680162
292,1004.7951620072126,200,3480165.014728545,3480165.014764314,3480166.019559476
293,1005.4160901345313,200,3480165.114783863,3480165.114818716,3480166.120234806
294,1005.8400658890605,200,3480165.215006854,3480165.215033688,3480166.220873754
295,1005.7957479730248,200,3480165.315141649,3480165.315174356,3480166.320970104
296,1004.1898209601641,200,3480165.414840346,3480165.414867355,3480166.419057176
297,1004.0212860330939,200,3480165.514182734,3480165.514227191,3480166.518248477
298,1005.6437565945089,200,3480165.614050166,3480165.61408893,3480166.619732687
299,1006.2040789052844,200,3480165.714323505,3480165.714357818,3480166.720561897
300,1006.2636751681566,200,3480165.815123805,3480165.815165841,3480166.821429516
301,1004.5383791439235,200,3480165.914702363,3480165.914728319,3480166.919266698
302,1004.7944919206202,200,3480166.014785175,3480166.014810482,3480167.019604974
303,1005.8197993785143,200,3480166.114533713,3480166.114557761,3480167.12037756
304,1005.6744921021163,200,3480166.214887475,3480166.214913731,3480167.220588223
305,1007.1671693585813,200,3480166.315087481,3480166.315118794,3480167.322285963
306,1004.6400781720877,200,3480166.414347287,3480166.414386821,3480167.419026899
307,1004.9642501398921,200,3480166.514679134,3480166.514739683,3480167.519703933
308,1004.7856220044196,200,3480166.614985461,3480166.615030072,3480167.619815694
309,1006.7850579507649,200,3480166.714596922,3480166.714635148,3480167.721420206
310,1008.5580442100763,200,3480166.814142463,3480166.814182629,3480167.822740673
311,1004.7132796607912,200,3480166.91433312,3480166.914358951,3480167.919072231
312,1004.2847227305174,200,3480167.014351627,3480167.014391111,3480168.018675834
313,1004.9398001283407,200,3480167.115203477,3480167.11523926,3480168.12017906
314,1005.7946862652898,200,3480167.21451487,3480167.214552412,3480168.220347098
315,1004.6722670085728,200,3480167.314920165,3480167.314954725,3480168.319626992
316,1004.3366369791329,200,3480167.41430586,3480167.414340725,3480168.418677362
317,1004.5647621154783,200,3480167.514103107,3480167.514128243,3480168.518693005
318,1004.7227959148586,200,3480167.614189254,3480167.614226057,3480168.618948853
319,1005.0631831400096,200,3480167.714705382,3480167.714742234,3480168.719805417
320,1004.7520929947495,200,3480167.814543174,3480167.814582476,3480168.819334569
321,1005.2506881766019,200,3480167.914732101,3480167.914767815,3480168.920018503
322,1004.1456706821918,200,3480168.014652806,3480168.014685145,3480169.018830816
323,1005.7239457964895,200,3480168.114669007,3480168.11470708,3480169.120431026
324,1005.3510740399361,200,3480168.214036609,3480168.214070695,3480169.219421769
325,1005.2505540661514,200,3480168.314785509,3480168.314818462,3480169.320069016
326,1004.6659568324685,200,3480168.414442942,3480168.414477323,3480169.41914328
327,1004.3672448955476,200,3480168.51430263,3480168.514336044,3480169.518703289
328,1005.1839179359376,200,3480168.614376333,3480168.614417344,3480169.619601262
329,1005.4119462147355,200,3480168.715043879,3480168.71507809,3480169.720490036
330,1005.0612110644579,200,3480168.814868253,3480168.814899916,3480169.819961127
331,1004.3378327973187,200,3480168.914212906,3480168.914248453,3480169.918586286
332,1003.5863691009581,200,3480169.014072053,3480169.014096985,3480170.017683354
333,1004.600218962878,200,3480169.114472456,3480169.114488266,3480170.119088485
334,1004.4304886832831,200,3480169.214206233,3480169.214222987,3480170.218653476
335,1006.9757462479174,200,3480169.314574923,3480169.314599794,3480170.32157554
336,1005.4467436857522,200,3480169.414439428,3480169.414464529,3480170.419911273
337,1005.0906599499283,200,3480169.515076101,3480169.515092342,3480170.520183002
338,1003.9009270258248,200,3480169.614625688,3480169.614662196,3480170.618563123
339,1007.2856131009758,200,3480169.714490819,3480169.714525762,3480170.721811375
340,1004.9842242151501,200,3480169.814166062,3480169.81419295,3480170.819177174
341,1004.4605629518628,200,3480169.914930498,3480169.914953708,3480170.919414271
342,1004.0849158540368,200,3480170.014719329,3480170.014737843,3480171.018822759
343,1004.2783082462847,200,3480170.114600278,3480170.114634065,3480171.118912373
344,1005.1788911223412,200,3480170.214837937,3480170.214871051,3480171.220049942
345,1008.6872046813369,200,3480170.314582914,3480170.314627522,3480171.323314727
346,1004.5847771689296,200,3480170.414052838,3480170.414086532,3480171.418671309
347,1004.4786520302296,200,3480170.514895132,3480170.514920352,3480171.519399004
348,1004.5116301625967,200,3480170.614949472,3480170.614974868,3480171.619486498
349,1004.7191306948662,200,3480170.71408214,3480170.71410644,3480171.718825571
350,1005.4287700913846,200,3480170.814700179,3480170.814717529,3480171.820146299
351,1005.2443807944655,200,3480170.915110416,3480170.915136204,3480171.920380585
352,1004.5957830734551,200,3480171.014147675,3480171.01417292,3480172.018768703
353,1004.1817831806841,200,3480171.114437271,3480171.114479452,3480172.118661235
354,1005.081073846668,200,3480171.21461415,3480171.21465562,3480172.219736694
355,1005.6053618900478,200,3480171.314531991,3480171.314566007,3480172.320171369
356,1003.9675547741354,200,3480171.41437165,3480171.414406063,3480172.418373618
357,1004.6063791960478,200,3480171.514349442,3480171.514382926,3480172.518989305
358,1004.7158086672423,200,3480171.614525787,3480171.614560075,3480172.619275884
359,1005.7581597939134,200,3480171.714515247,3480171.714546897,3480172.720305057
360,1005.3185140714049,200,3480171.814386281,3480171.814419765,3480172.819738279
361,1004.9100243486464,200,3480171.91421047,3480171.914243933,3480172.919153957
362,1004.7526438720524,200,3480172.014167786,3480172.014193429,3480173.018946073
363,1004.364047665149,200,3480172.114978266,3480172.115014593,3480173.119378641
364,1004.6124653890729,200,3480172.215006696,3480172.215024986,3480173.219637451
365,1008.2862470299006,200,3480172.314482561,3480172.314517477,3480173.322803724
366,1005.1077581010761,200,3480172.415127321,3480172.415161096,3480173.420268854
367,1004.586836323142,200,3480172.514883733,3480172.51491832,3480173.519505156
368,1004.6404981985688,200,3480172.614430178,3480172.614454366,3480173.619094864
369,1004.1770120151341,200,3480172.714312078,3480172.714345269,3480173.718522281
370,1004.9634319730103,200,3480172.814572184,3480172.814603301,3480173.819566733
371,1005.7339193299413,200,3480172.914777616,3480172.914817732,3480173.920551651
372,1004.798605106771,200,3480173.014179023,3480173.014218822,3480174.019017427
373,1004.7523421235385,200,3480173.115113162,3480173.115147659,3480174.119900001
374,1007.4033830314877,200,3480173.214246461,3480173.214287867,3480174.22169125
375,1005.5025978945196,200,3480173.314261112,3480173.31429761,3480174.319800208
376,1005.5394037626684,200,3480173.414173486,3480173.414205125,3480174.419744529
377,1005.2781631238761,200,3480173.514649935,3480173.514685428,3480174.519963591
378,1003.847467713058,200,3480173.614113541,3480173.614147467,3480174.617994935
379,1004.5484979636967,200,3480173.714158978,3480173.714187128,3480174.718735626
380,1006.0986969619989,200,3480173.814899281,3480173.814935673,3480174.82103437
381,1004.7907899133861,200,3480173.914570691,3480173.914609821,3480174.919400611
382,1005.1509197801352,200,3480174.014175242,3480174.014200751,3480175.019351671
383,1005.1926211453974,200,3480174.114299393,3480174.11433423,3480175.119526851
384,1003.757209982723,200,3480174.214084408,3480174.214103381,3480175.217860591
385,1004.468513187021,200,3480174.314577823,3480174.314603463,3480175.319071976
386,1008.367006201297,200,3480174.414493467,3480174.414518654,3480175.42288566
387,1004.9694790504873,200,3480174.515059315,3480174.515096637,3480175.520066116
388,1004.9520069733262,200,3480174.614941903,3480174.614974598,3480175.619926605
389,1004.5016119256616,200,3480174.715140724,3480174.71516536,3480175.719666972
390,1004.8268591053784,200,3480174.814353237,3480174.814377825,3480175.819204684
391,1004.7468622215092,200,3480174.914074979,3480174.914099895,3480175.918846757
392,1005.6464779190719,200,3480175.014637695,3480175.014662133,3480176.020308611
393,1004.0553892031312,200,3480175.114278152,3480175.114303228,3480176.118358617
394,1004.2342143133285,200,3480175.214426897,3480175.21446192,3480176.218696134
395,1004.37922636047,200,3480175.314114594,3480175.314149751,3480176.318528977
396,1004.8540397547183,200,3480175.414044694,3480175.414078684,3480176.418932724
397,1004.8147728666663,200,3480175.514261691,3480175.51430113,3480176.519115903
398,1005.7258708402514,200,3480175.615164678,3480175.615201082,3480176.620926953
399,1004.039203748107,200,3480175.714436093,3480175.714470488,3480176.718509692
400,1004.4960593804717,200,3480175.81478743,3480175.814825291,3480176.81932135
401,1004.766708239913,200,3480175.914356198,3480175.914394391,3480176.919161099
402,1005.6573827750981,200,3480176.015117306,3480176.015156025,3480177.020813408
403,1005.2943238988521,200,3480176.114430062,3480176.114464544,3480177.119758868
404,1004.0783300064504,200,3480176.214736135,3480176.214793638,3480177.218871968
405,1004.577623680234,200,3480176.314566465,3480176.314607946,3480177.31918557
406,1007.4685546569526,200,3480176.414381011,3480176.414418394,3480177.421886949
407,1006.2917368486524,200,3480176.514856145,3480176.514903801,3480177.521195538
408,1005.2488911896944,200,3480176.615141028,3480176.615175751,3480177.620424642
409,1004.1111698374152,200,3480176.714886855,3480176.714926185,3480177.719037355
410,1004.5417007058861,200,3480176.814226879,3480176.814260045,3480177.818801746
411,1005.1245568320155,200,3480176.914620742,3480176.914655258,3480177.919779815
412,1004.7222478315234,200,3480177.014305261,3480177.014340518,3480178.019062766
413,1005.4225660860538,200,3480177.1142702,3480177.114303425,3480178.119725991
414,1004.7383182682097,200,3480177.214684772,3480177.214709025,3480178.219447343
415,1004.3322453275323,200,3480177.314316912,3480177.314354397,3480178.318686642
416,1007.3711560107768,200,3480177.415042505,3480177.415085513,3480178.422456669
417,1005.6295380927622,200,3480177.514354951,3480177.514397653,3480178.520027191
418,1008.7938201613724,200,3480177.615252359,3480177.615293842,3480178.624087662
419,1004.0078959427774,200,3480177.714456595,3480177.714481622,3480178.718489518
420,1004.0763979777694,200,3480177.814581911,3480177.814598711,3480178.818675109
421,1004.4370712712407,200,3480177.914181473,3480177.914209732,3480178.918646803
422,1005.2257613278923,200,3480178.014332113,3480178.014359051,3480179.019584812
423,1005.5190147832036,200,3480178.11462744,3480178.114669797,3480179.120188812
424,1005.1267952658236,200,3480178.214455311,3480178.214493244,3480179.219620039
425,1004.800733178854,200,3480178.315010297,3480178.315049974,3480179.319850707
426,1003.5101706162095,200,3480178.414752766,3480178.414787893,3480179.418298064
427,1005.2351490594449,200,3480178.514977041,3480178.515018653,3480179.520253802
428,1006.237861700356,200,3480178.615012733,3480178.615046461,3480179.621284323
429,1005.7015111669898,200,3480178.714451484,3480178.714484808,3480179.720186319
430,1003.6819973029196,200,3480178.814552139,3480178.814577974,3480179.818259971
431,1005.2839010022581,200,3480178.914319664,3480178.914356563,3480179.919640464
432,1005.691884085536,200,3480179.014525942,3480179.014562766,3480180.02025465
433,1006.2552592717111,200,3480179.114038415,3480179.114074982,3480180.120330241
434,1003.9314501918852,200,3480179.21449257,3480179.214527235,3480180.218458685
435,1004.5055793598294,200,3480179.314691084,3480179.314716669,3480180.319222248
436,1003.3323601819577,200,3480179.414680978,3480179.41470666,3480180.41803902
437,1006.3293296843767,200,3480179.514351661,3480179.514389796,3480180.520719126
438,1005.5845477618277,200,3480179.614871323,3480179.614910771,3480180.620495319
439,1005.0543579272926,200,3480179.714553289,3480179.71459092,3480180.719645278
440,1004.6590291894972,200,3480179.814818414,3480179.814843422,3480180.819502451
441,1005.131287034601,200,3480179.914104443,3480179.914144258,3480180.919275545
442,1005.5084452033043,200,3480180.015076424,3480180.015124886,3480181.020633331
443,1005.2546760998666,200,3480180.115038879,3480180.115072195,3480181.120326871
444,1004.5218928717077,200,3480180.214799214,3480180.214826321,3480181.219348214
445,1004.9905222840607,200,3480180.314376948,3480180.314405982,3480181.319396504
446,1003.9245779626071,200,3480180.414215039,3480180.414261347,3480181.418185925
447,1007.5557879172266,200,3480180.514506488,3480180.51454181,3480181.522097598
448,1005.233655218035,200,3480180.614429403,3480180.614466846,3480181.619700501
449,1006.6373338922858,200,3480180.715172189,3480180.715214951,3480181.721852285
450,1004.5722974464295,200,3480180.814639511,3480180.814665796,3480181.819238093
451,1004.0004043839872,200,3480180.914773883,3480180.914808416,3480181.91880882
452,1006.18996610865,200,3480181.014231513,3480181.01426999,3480182.020459956
453,1004.9532130360603,200,3480181.114081988,3480181.11411633,3480182.119069543
454,1004.8764669336381,200,3480181.214531232,3480181.214567407,3480182.219443874
455,1004.0237451903522,200,3480181.314204738,3480181.314235604,3480182.318259349
456,1003.4827757626772,200,3480181.415168447,3480181.415193329,3480182.418676105
457,1006.0604061000049,200,3480181.51455652,3480181.514597998,3480182.520658404
458,1005.4961829446256,200,3480181.614948394,3480181.614981637,3480182.62047782
459,1005.5650370195508,200,3480181.714404788,3480181.714461184,3480182.720026221
460,1004.5451591722667,200,3480181.814365006,3480181.814390508,3480182.818935667
461,1004.2867120355368,200,3480181.914098389,3480181.914124074,3480182.918410786
462,1003.8269339129329,200,3480182.014797158,3480182.014822235,3480183.018649169
463,1006.3240737654269,200,3480182.114414929,3480182.114439384,3480183.120763458
464,1008.594807703048,200,3480182.214669041,3480182.214701901,3480183.223296709
465,1005.1153479143975,200,3480182.314582733,3480182.314599271,3480183.319714619
466,1003.8135102950037,200,3480182.414295098,3480182.414320212,3480183.418133722
467,1004.3259067460897,200,3480182.514731669,3480182.514764787,3480183.519090694
468,1005.7801958173511,200,3480182.614157702,3480182.614191274,3480183.61997147
469,1005.0778267905116,200,3480182.715117021,3480182.715158964,3480183.720236791
470,1004.8932028003037,200,3480182.81417463,3480182.814214431,3480183.819107634
471,1004.724059253931,200,3480182.914659319,3480182.914684671,3480183.91940873
472,1004.3829069472849,200,3480183.014192325,3480183.014216939,3480184.018599846
473,1005.102775990963,200,3480183.114120314,3480183.114220483,3480184.119323259
474,1005.9982468374074,200,3480183.214218434,3480183.214251731,3480184.220249978
475,1004.4197621755302,200,3480183.314159859,3480183.314201757,3480184.318621519
476,1003.6324830725789,200,3480183.414209047,3480183.414235327,3480184.41786781
477,1008.431090041995,200,3480183.514205915,3480183.514250452,3480184.522681542
478,1005.2253967151046,200,3480183.614973232,3480183.615014354,3480184.620239751
479,1005.4453918710351,200,3480183.715114583,3480183.715143342,3480184.720588734
480,1005.1198089495299,200,3480183.814864704,3480183.814895575,3480184.820015384
481,1004.3310429900885,200,3480183.914245316,3480183.91427999,3480184.918611033
482,1004.3199881911278,200,3480184.014839379,3480184.014870232,3480185.01919022
483,1004.88011399284,200,3480184.114514339,3480184.114556865,3480185.119436979
484,1005.8164498768749,200,3480184.214187973,3480184.214221782,3480185.220038232
485,1005.706287920475,200,3480184.31493043,3480184.31496152,3480185.320667808
486,1006.0923150740564,200,3480184.415147855,3480184.41519139,3480185.421283705
487,1003.7048640660942,200,3480184.514210004,3480184.514235952,3480185.517940816
488,1004.0132328867912,200,3480184.614241613,3480184.614275766,3480185.618288999
489,1005.7346215471623,200,3480184.714915412,3480184.71495144,3480185.720686062
490,1005.1341089420021,200,3480184.814123941,3480184.814156541,3480185.81929065
491,1004.8378971405327,200,3480184.914611337,3480184.91464671,3480185.919484607
492,1004.9018110148609,200,3480185.014647531,3480185.014672583,3480186.019574394
493,1004.444332793355,200,3480185.114987109,3480185.115027502,3480186.119471835
494,1006.5985783003271,200,3480185.21421978,3480185.2142644,3480186.220862978
495,1005.2566858939826,200,3480185.315077305,3480185.315121464,3480186.32037815
496,1004.8120990395546,200,3480185.414337543,3480185.414377211,3480186.41918931
497,1004.0811370126903,200,3480185.51444655,3480185.514471282,3480186.518552419
498,1004.1982526890934,200,3480185.614873397,3480185.614910533,3480186.619108786
499,1005.4098181426523,200,3480185.714636168,3480185.71466948,3480186.720079298
500,1005.6515540927649,200,3480185.814360539,3480185.814837968,3480186.820489522
1,2728.7681601010263,200,3480300.021572222,3480300.021626918,3480302.750395078
2,2636.037453077733,200,3480300.122479346,3480300.122496874,3480302.758534327
3,2534.5059321261942,200,3480300.2219925,3480300.222014077,3480302.756520009
4,2434.4583260826766,200,3480300.32210758,3480300.322131949,3480302.756590275
5,2336.275959853083,200,3480300.422276892,3480300.422301089,3480302.758577049
6,2237.019531894475,200,3480300.522383878,3480300.522407637,3480302.759427169
7,2133.9559024199843,200,3480300.622644165,3480300.622667948,3480302.75662385
8,2036.6019159555435,200,3480300.722094773,3480300.722119118,3480302.758721034
9,1935.3209417313335,200,3480300.82247577,3480300.822504116,3480302.757825058
10,1837.3945378698409,200,3480300.921613477,3480300.921636308,3480302.759030846
11,1735.877274069935,200,3480301.02189339,3480301.021918446,3480302.75779572
12,1636.017691809684,200,3480301.121831333,3480301.121855655,3480302.757873347
13,1537.751552183181,200,3480301.221686891,3480301.221711287,3480302.759462839
14,1436.1583408899603,200,3480301.321843134,3480301.321863358,3480302.758021699
15,1335.0134920328856,200,3480301.422475461,3480301.422491417,3480302.757504909
16,1234.8366952501235,200,3480301.522675444,3480301.522698877,3480302.757535572
17,1134.9379983730614,200,3480301.622599682,3480301.622622987,3480302.757560985
18,1035.7859740033746,200,3480301.722031046,3480301.722064311,3480302.757850285
19,1007.5262440368531,200,3480301.821804258,3480301.82183159,3480302.829357834
20,1006.3306670635941,200,3480301.922346769,3480301.922362331,3480302.928692998
21,1005.4941601119936,200,3480302.021762485,3480302.021788079,3480303.027282239
22,1007.0456601679325,200,3480302.122457751,3480302.122472513,3480303.129518173
23,1006.5099191851914,200,3480302.222420615,3480302.222445042,3480303.228954961
24,1007.4704461731017,200,3480302.322289638,3480302.322313373,3480303.329783819
25,1005.5966656655071,200,3480302.422474527,3480302.422493853,3480303.428090519
26,1006.2503120861948,200,3480302.522203661,3480302.522231117,3480303.528481429
27,1029.8186750151217,200,3480302.621880002,3480302.621907636,3480303.651726311
28,1007.7965040691197,200,3480302.722098406,3480302.722114128,3480303.729910632
29,1005.1310998387637,200,3480302.822039996,3480302.822074159,3480303.827205259
30,1005.021323915571,200,3480302.921610568,3480302.921628118,3480303.926649442
31,1004.217660985887,200,3480303.021613112,3480303.021647106,3480304.025864767
32,1004.7577498480678,200,3480303.122129539,3480303.122163761,3480304.126921511
33,1005.4320991039276,200,3480303.221859944,3480303.221895338,3480304.227327437
34,1004.4555268250406,200,3480303.321718522,3480303.321753511,3480304.326209038
35,1004.67220088467,200,3480303.422098906,3480303.422123191,3480304.426795392
36,1004.7529949806631,200,3480303.522423819,3480303.522457844,3480304.527210839
37,1005.1528853364289,200,3480303.622547448,3480303.622581287,3480304.627734172
38,1004.5301727950573,200,3480303.721645178,3480303.721678533,3480304.726208706
39,1004.6820947900414,200,3480303.822080298,3480303.822112989,3480304.826795084
40,1004.9523427151144,200,3480303.922234415,3480303.922283538,3480304.927235881
41,1004.6121962368488,200,3480304.021599356,3480304.021628563,3480305.026240759
42,1005.6442269124091,200,3480304.122120671,3480304.122154622,3480305.127798849
43,1006.4221099019051,200,3480304.222583196,3480304.222628069,3480305.229050179
44,1006.1844643205404,200,3480304.321728838,3480304.321763246,3480305.32794771
45,1007.3616183362899,200,3480304.421881285,3480304.421906735,3480305.429268353
46,1005.0642960704863,200,3480304.521807868,3480304.521831071,3480305.526895367
47,1005.5173980072141,200,3480304.621753599,3480304.621778165,3480305.627295563
48,1005.6997817009687,200,3480304.722409507,3480304.722427056,3480305.728126838
49,1005.5725849233568,200,3480304.821583992,3480304.821600977,3480305.827173562
50,1007.2650043293834,200,3480304.922043716,3480304.922091243,3480305.929356247
51,1005.0838612951338,200,3480305.0220629,3480305.02209612,3480306.027179981
52,1004.8043229617178,200,3480305.122559463,3480305.122583683,3480306.127388006
53,1007.2857616469264,200,3480305.222272909,3480305.222299503,3480306.229585265
54,1009.2310002073646,200,3480305.321871494,3480305.321898277,3480306.331129277
55,1005.2686589770019,200,3480305.422619682,3480305.422645508,3480306.427914167
56,1005.8074076659975,200,3480305.522352671,3480305.522378194,3480306.528185602
57,1004.417987074703,200,3480305.622308615,3480305.6223288,3480306.626746787
58,1004.7371359542012,200,3480305.722127888,3480305.722147947,3480306.726885083
59,1006.9189933128655,200,3480305.822455782,3480305.822475019,3480306.829394012
60,1006.0316752642391,200,3480305.922364671,3480305.92238868,3480306.928420355
61,1005.4642902687192,200,3480306.02177182,3480306.021807301,3480307.027271591
62,1004.1363500058651,200,3480306.122222738,3480306.122256441,3480307.126392791
63,1004.2528701014817,200,3480306.222534207,3480306.22257584,3480307.22682871
64,1008.0893877893686,200,3480306.321977557,3480306.322027481,3480307.330116869
65,1004.8276679590344,200,3480306.42207642,3480306.422135742,3480307.42696341
66,1006.228047888726,200,3480306.522183142,3480306.52223782,3480307.528465868
67,1006.0570840723813,200,3480306.621823276,3480306.621863881,3480307.627920965
68,1005.5943010374904,200,3480306.722203495,3480306.722228894,3480307.727823195
69,1005.3478111512959,200,3480306.822531744,3480306.822555177,3480307.827902988
70,1007.1589602157474,200,3480306.921698178,3480306.921723161,3480307.928882121
71,1005.8612930588424,200,3480307.022624545,3480307.022650775,3480308.028512068
72,1004.3611121363938,200,3480307.122455946,3480307.122486564,3480308.126847676
73,1003.7041981704533,200,3480307.221772811,3480307.221805854,3480308.225510052
74,1004.3160221539438,200,3480307.322541664,3480307.322574643,3480308.326890665
75,1006.3032931648197,200,3480307.422161602,3480307.422193903,3480308.428497196
76,1006.6294493153691,200,3480307.521760398,3480307.521804325,3480308.528433774
77,1004.8026400618255,200,3480307.622340312,3480307.622359332,3480308.627161972
78,1004.9534291028976,200,3480307.722179594,3480307.722203532,3480308.727156961
79,1005.0743618048728,200,3480307.821712379,3480307.821738306,3480308.826812668
80,1006.8641491234305,200,3480307.92187571,3480307.921900599,3480308.928764748
81,1009.4212666153908,200,3480308.021947231,3480308.021973586,3480309.031394853
82,1005.5851931683719,200,3480308.122157113,3480308.12219192,3480309.127777113
83,1003.813561052084,200,3480308.222426846,3480308.222444221,3480309.226257782
84,1003.9599202573299,200,3480308.322188386,3480308.322212835,3480309.326172755
85,1005.9332731179893,200,3480308.422643034,3480308.422672594,3480309.428605867
86,1005.6898412294686,200,3480308.522333697,3480308.522374847,3480309.528064688
87,1004.4938740320504,200,3480308.622396783,3480308.622434555,3480309.626928429
88,1004.6385289169848,200,3480308.721855167,3480308.721879931,3480309.72651846
89,1004.936448764056,200,3480308.822255521,3480308.822289109,3480309.827225558
90,1005.6597799994051,200,3480308.921591419,3480308.921625217,3480309.927284997
91,1006.9133099168539,200,3480309.022133838,3480309.022169031,3480310.029082341
92,1004.5766090042889,200,3480309.121742857,3480309.121782294,3480310.126358903
93,1004.4915108010173,200,3480309.222222831,3480309.222249865,3480310.226741376
94,1004.0123797953129,200,3480309.322382258,3480309.322418561,3480310.326430941
95,1005.6085498072207,200,3480309.422371756,3480309.422406549,3480310.428015099
96,1009.414903819561,200,3480309.522059857,3480309.522094619,3480310.531509523
97,1004.9093142151833,200,3480309.62186963,3480309.621908899,3480310.626818213
98,1005.7253059931099,200,3480309.721617075,3480309.721656663,3480310.727381969
99,1004.8836008645594,200,3480309.822463114,3480309.822479858,3480310.827363459
100,1004.5697269961238,200,3480309.922210133,3480309.922245806,3480310.926815533
101,1005.4865828715265,200,3480310.021853342,3480310.021886109,3480311.027372692
102,1005.3836680017412,200,3480310.122092143,3480310.122125143,3480311.127508811
103,1005.4789977148175,200,3480310.222591934,3480310.222628414,3480311.228107412
104,1004.9831513315439,200,3480310.322247214,3480310.322279616,3480311.327262767
105,1004.5871059410274,200,3480310.422146135,3480310.422184745,3480311.426771851
106,1004.8328819684684,200,3480310.52213976,3480310.522184064,3480311.527016946
107,1004.5636431314051,200,3480310.621584893,3480310.621618474,3480311.626182117
108,1006.3089476898313,200,3480310.722421541,3480310.722452597,3480311.728761545
109,1004.1341660544276,200,3480310.82274118,3480310.822782898,3480311.826917064
110,1004.1215089149771,200,3480310.921669965,3480310.921710299,3480311.925831808
111,1004.5688762329521,200,3480311.022571995,3480311.022612507,3480312.027181383
112,1005.6055393069985,200,3480311.122109823,3480311.122143292,3480312.127748831
113,1005.5983532220123,200,3480311.222709353,3480311.222741266,3480312.228339619
114,1005.0207278691232,200,3480311.322424675,3480311.322448429,3480312.327469157
115,1004.0316409431398,200,3480311.421930002,3480311.421949222,3480312.425980863
116,1005.1094070076942,200,3480311.52164366,3480311.521679365,3480312.526788772
117,1005.8111436665058,200,3480311.621877459,3480311.621911268,3480312.627722412
118,1005.9698992408812,200,3480311.722343626,3480311.722376789,3480312.728346688
119,1004.4032367877662,200,3480311.821789282,3480311.821820014,3480312.826223251
120,1004.8422329127789,200,3480311.921721484,3480311.921746112,3480312.926588345
121,1004.7228448092935,200,3480312.021969377,3480312.022015034,3480313.026737879
122,1005.4253321141005,200,3480312.122144256,3480312.122177354,3480313.127602686
123,1004.6897889114916,200,3480312.221719206,3480312.221753011,3480313.2264428
124,1003.9301048964262,200,3480312.322508201,3480312.322543016,3480313.326473121
125,1004.82372706756,200,3480312.422380853,3480312.422398089,3480313.427221816
126,1004.2381579987705,200,3480312.521718958,3480312.521744649,3480313.525982807
127,1005.5060358718038,200,3480312.621815501,3480312.621841303,3480313.627347339
128,1005.079222843051,200,3480312.722520211,3480312.722543064,3480313.727622287
129,1005.3961481899023,200,3480312.822523382,3480312.822549063,3480313.827945211
130,1004.0988731198013,200,3480312.921937552,3480312.921961318,3480313.926060191
131,1003.8442788645623,200,3480313.022552125,3480313.022576353,3480314.026420632
132,1006.5697799436748,200,3480313.122233843,3480313.12226757,3480314.12883735
133,1006.143142003566,200,3480313.222158357,3480313.222191212,3480314.228334354
134,1005.5320109240711,200,3480313.322320624,3480313.32235375,3480314.327885761
135,1004.5608058571815,200,3480313.42187041,3480313.421903191,3480314.426463997
136,1004.9649053253231,200,3480313.52244314,3480313.522466872,3480314.527431777
137,1004.1811782866716,200,3480313.621782967,3480313.621818496,3480314.625999674
138,1005.7651340030134,200,3480313.722147043,3480313.722180558,3480314.727945692
139,1004.5714499428868,200,3480313.822658352,3480313.822692518,3480314.827263968
140,1005.7683386839926,200,3480313.922276416,3480313.922307581,3480314.92807592
141,1005.1713762804866,200,3480314.022054031,3480314.022078945,3480315.027250321
142,1006.2594441696999,200,3480314.121819601,3480314.121855287,3480315.128114731
143,1004.5366571284831,200,3480314.222554148,3480314.222590014,3480315.227126671
144,1005.0766728818417,200,3480314.322058497,3480314.322091891,3480315.327168564
145,1005.6041809730232,200,3480314.422692277,3480314.422726991,3480315.428331172
146,1005.4499539546669,200,3480314.522541305,3480314.52256466,3480315.528014614
147,1004.7110263258221,200,3480314.621891024,3480314.621925581,3480315.626636607
148,1005.0512319430709,200,3480314.721936006,3480314.721969963,3480315.727021195
149,1007.4037401936948,200,3480314.822696007,3480314.822729562,3480315.830133302
150,1006.0914810746908,200,3480314.921615885,3480314.92164459,3480315.927736071
151,1005.1574069075286,200,3480315.021742435,3480315.021785192,3480316.026942599
152,1004.4008260592818,200,3480315.122140335,3480315.122213831,3480316.126614657
153,1004.1675507090986,200,3480315.222152617,3480315.222177876,3480316.226345427
154,1004.8397369682789,200,3480315.32258488,3480315.322610765,3480316.327450502
155,1004.9458802677691,200,3480315.422475664,3480315.422511005,3480316.427456885
156,1005.2553629502654,200,3480315.521965645,3480315.522016601,3480316.527271964
157,1004.4224206358194,200,3480315.622051107,3480315.622086311,3480316.626508732
158,1004.8372652381661,200,3480315.721778824,3480315.721818308,3480316.726655573
159,1004.954697098583,200,3480315.821952513,3480315.821977052,3480316.826931749
160,1006.4264442771671,200,3480315.921650406,3480315.92166849,3480316.928094934
161,1007.801007013768,200,3480316.021792929,3480316.021817954,3480317.029618961
162,1004.9971807748079,200,3480316.122307596,3480316.122332652,3480317.127329833
163,1004.9535781145096,200,3480316.221955501,3480316.221999455,3480317.226953033
164,1005.1056020893157,200,3480316.322531666,3480316.322565176,3480317.327670778
165,1005.2906512282789,200,3480316.421908985,3480316.421943321,3480317.427233972
166,1005.6521450169384,200,3480316.522234024,3480316.522268395,3480317.52792054
167,1005.0043920055032,200,3480316.622379055,3480316.622405536,3480317.627409928
168,1004.961347207427,200,3480316.722456149,3480316.722480185,3480317.727441532
169,1004.162026103586,200,3480316.821634668,3480316.821669345,3480317.825831371
170,1004.4504697434604,200,3480316.922188554,3480316.922221152,3480317.926671622
171,1006.0483277775347,200,3480317.022093029,3480317.022136459,3480318.028184787
172,1004.5700729824605,200,3480317.122086762,3480317.12212044,3480318.126690513
173,1005.0186538137496,200,3480317.22222389,3480317.222250874,3480318.227269528
174,1004.1940999217331,200,3480317.322419234,3480317.322435807,3480318.326629907
175,1006.4176782034338,200,3480317.422520471,3480317.422544139,3480318.428961817
176,1006.6755656152964,200,3480317.522600826,3480317.522625387,3480318.529300953
177,1004.69203107059,200,3480317.622142035,3480317.622182542,3480318.626874573
178,1004.9429391510785,200,3480317.721957823,3480317.721979673,3480318.726922612
179,1004.4924640096724,200,3480317.82213047,3480317.822163585,3480318.826656049
180,1005.6921318173409,200,3480317.922212334,3480317.922245804,3480318.927937936
181,1005.4189348593354,200,3480318.022509227,3480318.02253784,3480319.027956775
182,1007.2686816565692,200,3480318.122184178,3480318.122218387,3480319.129487069
183,1004.5825308188796,200,3480318.221829975,3480318.221864601,3480319.226447132
184,1003.8092820905149,200,3480318.321811736,3480318.321836581,3480319.325645863
185,1005.4619996808469,200,3480318.422030804,3480318.422057039,3480319.427519039
186,1005.7418807409704,200,3480318.522411064,3480318.522436797,3480319.528178678
187,1005.9106959961357,200,3480318.622515259,3480318.622540824,3480319.62845152
188,1004.6708709560337,200,3480318.72164145,3480318.721677333,3480319.726348204
189,1004.5466031879189,200,3480318.821703998,3480318.821728258,3480319.826274861
190,1004.0569086559117,200,3480318.922057319,3480318.922081028,3480319.926137937
191,1005.6270100176334,200,3480319.021678781,3480319.021695693,3480320.027322703
192,1004.896879196167,200,3480319.122630533,3480319.122656115,3480320.127552994
193,1004.3235830962658,200,3480319.222486289,3480319.2225218,3480320.226845383
194,1005.0377966836097,200,3480319.321700879,3480319.321725888,3480320.326763685
195,1004.7101988457143,200,3480319.422159033,3480319.422201041,3480320.42691124
196,1005.5033573880792,200,3480319.522364737,3480319.522405456,3480320.527908813
197,1004.671772941947,200,3480319.622650161,3480319.622683477,3480320.62735525
198,1004.5452918857336,200,3480319.721835429,3480319.72187057,3480320.726415862
199,1004.3691350147128,200,3480319.821861743,3480319.821879269,3480320.826248404
200,1004.3829469941556,200,3480319.922162866,3480319.922179235,3480320.926562182
201,1005.0180610269308,200,3480320.021688729,3480320.021724297,3480321.026742358
202,1004.8710070550442,200,3480320.121767686,3480320.121786367,3480321.126657374
203,1004.8220786266029,200,3480320.221825757,3480320.22185925,3480321.226681329
204,1005.2836248651149,200,3480320.322539841,3480320.322556746,3480321.327840371
205,1004.9128825776279,200,3480320.421994986,3480320.422035008,3480321.426947891
206,1005.0520598888395,200,3480320.521609439,3480320.521645221,3480321.526697281
207,1005.1844958215952,200,3480320.622532454,3480320.62257699,3480321.627761486
208,1006.3123628497124,200,3480320.721768442,3480320.721800928,3480321.728113291
209,1004.5123789459467,200,3480320.821858752,3480320.82188358,3480321.826395959
210,1004.4917538762093,200,3480320.921868641,3480320.921898461,3480321.926390215
211,1004.9987160600722,200,3480321.021957298,3480321.021990361,3480322.026989077
212,1005.7151881046591,200,3480321.122409322,3480321.122442031,3480322.128157219
213,1005.7121240533888,200,3480321.221679188,3480321.221711239,3480322.227423363
214,1004.3834410607817,200,3480321.321975823,3480321.322020158,3480322.326403599
215,1004.7164638526738,200,3480321.422554705,3480321.422580636,3480322.4272971
216,1004.1896849870682,200,3480321.521737619,3480321.521767391,3480322.525957076
217,1005.2579776383936,200,3480321.621633022,3480321.621673622,3480322.6269316
218,1005.6971181184051,200,3480321.721774815,3480321.721815762,3480322.72751288
219,1005.3880480118096,200,3480321.822532236,3480321.822567152,3480322.8279552
220,1004.8857657238841,200,3480321.92265353,3480321.922679338,3480322.927565104
221,1004.546276293695,200,3480322.022159582,3480322.022185376,3480323.026731652
222,1007.4677900411189,200,3480322.122165806,3480322.122191875,3480323.129659665
223,1005.1277088932693,200,3480322.222269398,3480322.222293153,3480323.227420862
224,1004.5534372329712,200,3480322.322386027,3480322.322410646,3480323.326964083
225,1004.1002561338246,200,3480322.421983729,3480322.422007295,3480323.426107551
226,1004.4551901519301,200,3480322.52206883,3480322.5221092,3480323.52656439
227,1006.3749528490007,200,3480322.622611654,3480322.622637519,3480323.629012472
228,1006.476670037955,200,3480322.722461059,3480322.722488464,3480323.728965134
229,1004.8205521889031,200,3480322.822215442,3480322.822240641,3480323.827061193
230,1004.7067990526557,200,3480322.922220292,3480322.922245252,3480323.926952051
231,1004.501876886934,200,3480323.021858258,3480323.021892503,3480324.02639438
232,1011.4139150828123,200,3480323.122570501,3480323.122606543,3480324.134020458
233,1004.4776569120586,200,3480323.222166161,3480323.222203275,3480324.226680932
234,1004.8487177118659,200,3480323.322478802,3480323.322513026,3480324.327361744
235,1004.3603396043179,200,3480323.422234911,3480323.422259697,3480324.426620037
236,1004.9392213113606,200,3480323.521801868,3480323.521827798,3480324.526767019
237,1004.6944413334131,200,3480323.622221354,3480323.622255977,3480324.626950418
238,1006.4276489429176,200,3480323.722144568,3480323.722184744,3480324.728612393
239,1005.2252048626542,200,3480323.822453304,3480323.822494091,3480324.827719296
240,1004.9824668094516,200,3480323.922166834,3480323.922207951,3480324.927190418
241,1004.3235560879111,200,3480324.02226204,3480324.022293416,3480325.026616972
242,1005.1757148467004,200,3480324.121647586,3480324.121672682,3480325.126848397
243,1005.5743330158291,200,3480324.22183797,3480324.221862365,3480325.227436698
244,1005.3474525921049,200,3480324.321741567,3480324.321766068,3480325.327113521
245,1006.0969796031711,200,3480324.421635126,3480324.421660519,3480325.427757499
246,1004.1232579387724,200,3480324.521921061,3480324.521949262,3480325.52607252
247,1004.5793959870934,200,3480324.622797775,3480324.622836809,3480325.627416205
248,1005.6943497620523,200,3480324.722034012,3480324.722074346,3480325.727768696
249,1005.2107879891992,200,3480324.821584376,3480324.821618503,3480325.826829291
250,1005.2048419602215,200,3480324.922451548,3480324.922481898,3480325.92768674
251,1004.5618917793036,200,3480325.022492974,3480325.02251042,3480326.027072312
252,1004.7283656895161,200,3480325.12230083,3480325.122334854,3480326.12706322
253,1004.5593790709972,200,3480325.222182275,3480325.222215958,3480326.226775337
254,1005.1802610978484,200,3480325.322019471,3480325.322053141,3480326.327233402
255,1008.0530438572168,200,3480325.422616677,3480325.422649212,3480326.430702256
256,1004.3391417711971,200,3480325.521587691,3480325.521613282,3480326.525952424
257,1003.9160582236946,200,3480325.622143142,3480325.622168163,3480326.626084221
258,1004.7661662101746,200,3480325.722055295,3480325.722089708,3480326.726855874
259,1004.9210623838007,200,3480325.822036976,3480325.822077173,3480326.826998235
260,1005.4492536000907,200,3480325.922361665,3480325.922405225,3480326.927854479
261,1004.9501392059028,200,3480326.022457162,3480326.022484379,3480327.027434518
262,1004.1781682521105,200,3480326.122567047,3480326.122593857,3480327.126772025
263,1004.9870102666318,200,3480326.222547307,3480326.222564738,3480327.227551748
264,1004.2564221657813,200,3480326.32171986,3480326.321738817,3480327.325995239
265,1005.1854900084436,200,3480326.422312605,3480326.42233769,3480327.42752318
266,1004.7149527817965,200,3480326.522635555,3480326.522660591,3480327.527375544
267,1004.124365746975,200,3480326.621896448,3480326.621921448,3480327.626045814
268,1004.9928217194974,200,3480326.722595415,3480326.722630272,3480327.727623094
269,1006.3961329869926,200,3480326.822210808,3480326.822246641,3480327.828642774
270,1005.5649187415838,200,3480326.922103423,3480326.922135407,3480327.927700326
271,1004.3445411138237,200,3480327.022262662,3480327.022295166,3480328.026639707
272,1004.5367502607403,200,3480327.122246211,3480327.12226963,3480328.12680638
273,1004.6234410256147,200,3480327.222457147,3480327.22248728,3480328.227110721
274,1004.4409018009901,200,3480327.32242861,3480327.322454064,3480328.326894966
275,1005.9535880573094,200,3480327.421986481,3480327.422043164,3480328.427996752
276,1005.6767361238601,200,3480327.522112335,3480327.522137844,3480328.52781458
277,1005.802467931062,200,3480327.621882299,3480327.621919115,3480328.627721583
278,1004.3125320225954,200,3480327.722343326,3480327.722366902,3480328.726679434
279,1004.4735032133758,200,3480327.822222952,3480327.822254961,3480328.826728464
280,1005.4450551979244,200,3480327.921890718,3480327.921922439,3480328.927367494
281,1004.5843790285289,200,3480328.022454848,3480328.022487804,3480329.027072183
282,1005.1899179816246,200,3480328.122245041,3480328.122278669,3480329.127468587
283,1004.9722716212273,200,3480328.221994985,3480328.222027222,3480329.226999494
284,1004.0559149347246,200,3480328.3217074,3480328.321744968,3480329.325800883
285,1005.3867208771408,200,3480328.422490484,3480328.422528962,3480329.427915683
286,1005.681280978024,200,3480328.522704509,3480328.522745975,3480329.528427256
287,1005.9545389376581,200,3480328.622048369,3480328.62211617,3480329.628070709
288,1005.2561429329216,200,3480328.722411063,3480328.722461672,3480329.727717815
289,1004.6519790776074,200,3480328.822579544,3480328.822604788,3480329.827256767
290,1005.1312991417944,200,3480328.922181455,3480328.922215094,3480329.927346393
291,1010.10807370767,200,3480329.022495285,3480329.022528766,3480330.03263684
292,1004.2650657705965,200,3480329.122210987,3480329.122253246,3480330.126518312
293,1004.477946087718,200,3480329.222052118,3480329.222091772,3480330.226569718
294,1004.5716068707409,200,3480329.322380249,3480329.322415286,3480330.326986893
295,1004.0264879353344,200,3480329.421908056,3480329.421943845,3480330.425970333
296,1004.4129001908004,200,3480329.522708185,3480329.522752376,3480330.527165276
297,1005.3594200871885,200,3480329.621829432,3480329.621861845,3480330.627221265
298,1005.4607950150969,200,3480329.722113026,3480329.722149829,3480330.727610624
299,1004.4867540709674,200,3480329.822403076,3480329.822426902,3480330.826913656
300,1004.2160958983004,200,3480329.921824065,3480329.921856724,3480330.92607282
301,1005.8891260996461,200,3480330.021996107,3480330.022036087,3480331.027925213
302,1005.662982352078,200,3480330.122361097,3480330.122392506,3480331.128055488
303,1004.8151579685509,200,3480330.222188042,3480330.222220273,3480331.227035431
304,1004.3157860636711,200,3480330.321729754,3480330.321753515,3480331.326069301
305,1004.8791910521686,200,3480330.421869272,3480330.421901582,3480331.426780773
306,1004.2682713828981,200,3480330.522499755,3480330.522576017,3480331.526844288
307,1005.4910522885621,200,3480330.622431087,3480330.622472597,3480331.627963649
308,1006.0982070863247,200,3480330.722166024,3480330.722201567,3480331.728299774
309,1005.9080119244754,200,3480330.822268083,3480330.822306389,3480331.828214401
310,1003.8828388787806,200,3480330.922230451,3480330.92225863,3480331.926141469
311,1004.0655503980815,200,3480331.022355729,3480331.022384701,3480332.026450251
312,1005.0234058871863,200,3480331.121695644,3480331.121720353,3480332.126743759
313,1005.4231411777437,200,3480331.222390433,3480331.222414358,3480332.227837499
314,1005.17215160653,200,3480331.322554897,3480331.322595388,3480332.32776754
315,1004.5341770164669,200,3480331.421624002,3480331.421649489,3480332.426183666
316,1005.1433639600873,200,3480331.521702241,3480331.521732257,3480332.526875621
317,1004.1152890771627,200,3480331.622373216,3480331.622397116,3480332.626512405
318,1005.6376280263066,200,3480331.721710791,3480331.721737722,3480332.72737535
319,1006.0041467659175,200,3480331.822011535,3480331.82204025,3480332.828044397
320,1004.8476541414857,200,3480331.922485792,3480331.922509728,3480332.927357382
321,1004.2634289711714,200,3480332.02215253,3480332.022178665,3480333.026442094
322,1003.7370198406279,200,3480332.122509374,3480332.122542959,3480333.126279979
323,1006.6955420188606,200,3480332.222234464,3480332.222268286,3480333.228963828
324,1005.9664179570973,200,3480332.321917183,3480332.321950093,3480333.327916511
325,1004.7655976377428,200,3480332.421758275,3480332.421791198,3480333.426556796
326,1003.9611770771444,200,3480332.522033395,3480332.522068472,3480333.526029649
327,1004.4105383567512,200,3480332.622052858,3480332.622086262,3480333.6264968
328,1004.9364091828463,200,3480332.721645558,3480332.721679038,3480333.726615447
329,1004.6825404278934,200,3480332.822673467,3480332.822710837,3480333.827393377
330,1004.5709852129221,200,3480332.921707301,3480332.921742803,3480333.926313788
331,1005.4247519001365,200,3480333.021803562,3480333.021839144,3480334.027263896
332,1004.7155832871797,200,3480333.122264026,3480333.122281023,3480334.126996606
333,1004.5995209366083,200,3480333.222119048,3480333.222152348,3480334.226751869
334,1004.7567198053002,200,3480333.322460176,3480333.322489437,3480334.327246157
335,1006.3414331525564,200,3480333.421676569,3480333.421715094,3480334.428056527
336,1004.1774059645832,200,3480333.522342251,3480333.522368345,3480334.526545751
337,1004.2039728723466,200,3480333.62163647,3480333.621671663,3480334.625875636
338,1005.1013370975852,200,3480333.72272522,3480333.722765733,3480334.72786707
339,1006.7200381308794,200,3480333.821774891,3480333.821809275,3480334.828529313
340,1005.2005560137331,200,3480333.922384457,3480333.922420495,3480334.927621051
341,1004.3604969978333,200,3480334.021777304,3480334.021810084,3480335.026170581
342,1004.3099368922412,200,3480334.121876612,3480334.121911353,3480335.12622129
343,1004.5791589654982,200,3480334.222548346,3480334.222586654,3480335.227165813
344,1006.0576009564102,200,3480334.321922618,3480334.321955732,3480335.328013333
345,1005.0516668707132,200,3480334.421849496,3480334.42188281,3480335.426934477
346,1005.0630699843168,200,3480334.522249727,3480334.522289798,3480335.527352868
347,1004.373102914542,200,3480334.621687373,3480334.621711685,3480335.626084788
348,1004.7826608642936,200,3480334.722444636,3480334.722469123,3480335.727251784
349,1006.8125631660223,200,3480334.822716752,3480334.822749374,3480335.829561937
350,1005.4573309607804,200,3480334.922299983,3480334.922324695,3480335.927782026
351,1004.5944633893669,200,3480335.022655867,3480335.022680802,3480336.027275265
352,1006.1172540299594,200,3480335.121882813,3480335.121907409,3480336.128024663
353,1005.4014939814806,200,3480335.221654905,3480335.221689311,3480336.227090805
354,1003.8305302150548,200,3480335.322555454,3480335.322590442,3480336.326420972
355,1004.3930322863162,200,3480335.421855733,3480335.421892503,3480336.426285535
356,1005.0145820714531,200,3480335.521699086,3480335.521734004,3480336.526748586
357,1005.0907419063151,200,3480335.62211779,3480335.622158449,3480336.627249191
358,1004.8235300928354,200,3480335.722528113,3480335.722552083,3480336.727375613
359,1003.8078939542174,200,3480335.822184657,3480335.822208962,3480336.826016856
360,1005.7650208473206,200,3480335.92193442,3480335.921959144,3480336.927724165
361,1005.7212640531361,200,3480336.022499858,3480336.022524848,3480337.028246112
362,1004.9793561920524,200,3480336.122664435,3480336.122704386,3480337.127683742
363,1005.4531288333235,200,3480336.221581138,3480336.221617964,3480337.227071093
364,1004.9145291559398,200,3480336.322074129,3480336.322098752,3480337.327013281
365,1004.2474367655814,200,3480336.421982714,3480336.422022216,3480337.426269653
366,1005.8944243937731,200,3480336.522603022,3480336.522626823,3480337.528521247
367,1005.3767957724631,200,3480336.621688556,3480336.621706075,3480337.627082871
368,1005.1242066547277,200,3480336.722033314,3480336.722057761,3480337.727181968
369,1004.4666021130979,200,3480336.822090514,3480336.822123868,3480337.82659047
370,1004.7626569867134,200,3480336.922176512,3480336.922202848,3480337.926965505
371,1005.4449639283121,200,3480337.02228587,3480337.022311823,3480338.027756787
372,1005.5813281796873,200,3480337.122702733,3480337.122726426,3480338.128307754
373,1006.2628360465169,200,3480337.221628372,3480337.221670005,3480338.227932841
374,1004.0993471629918,200,3480337.322606282,3480337.322630099,3480338.326729446
375,1004.1579650714991,200,3480337.422148971,3480337.422173157,3480338.426331122
376,1004.701865836978,200,3480337.521661245,3480337.521687454,3480338.52638932
377,1005.3361300379038,200,3480337.622411785,3480337.622439355,3480338.627775485
378,1005.4082470014691,200,3480337.722300652,3480337.722326418,3480338.727734665
379,1004.6854219399393,200,3480337.822253472,3480337.822288228,3480338.82697365
380,1004.4325483031571,200,3480337.922348877,3480337.922373309,3480338.926805857
381,1004.2053014039991,200,3480338.022583452,3480338.022607872,3480339.026813173
382,1005.6758392602203,200,3480338.121686455,3480338.121712832,3480339.127388671
383,1005.6259268894792,200,3480338.222654206,3480338.222679385,3480339.228305312
384,1005.267484113574,200,3480338.322200802,3480338.322225558,3480339.327493042
385,1004.5945621095598,200,3480338.422321304,3480338.422355985,3480339.426950547
386,1004.2540887370706,200,3480338.521684802,3480338.521710392,3480339.525964481
387,1006.1402590945363,200,3480338.621760088,3480338.621784713,3480339.627924972
388,1010.5913700535891,200,3480338.722196746,3480338.722231621,3480339.732822991
389,1005.4899849928916,200,3480338.822339128,3480338.822379399,3480339.827869384
390,1005.1578497514129,200,3480338.922112421,3480338.922138687,3480339.927296537
391,1003.9727431721983,200,3480339.022548473,3480339.022573495,3480340.026546238
392,1004.9253827892244,200,3480339.122162759,3480339.122187783,3480340.127113166
393,1005.9564616531134,200,3480339.22258383,3480339.222608331,3480340.228564793
394,1006.38706702739,200,3480339.321659429,3480339.32168399,3480340.328071057
395,1004.4158329255879,200,3480339.421922536,3480339.421953706,3480340.426369539
396,1004.4212541542947,200,3480339.521992976,3480339.522026316,3480340.52644757
397,1005.6140189990399,200,3480339.621581578,3480339.621616951,3480340.62723097
398,1006.4307283610106,200,3480339.721637362,3480339.721671676,3480340.728102404
399,1005.9622460976243,200,3480339.822455604,3480339.822490641,3480340.828452887
400,1005.431423895061,200,3480339.92255488,3480339.922592684,3480340.928024108
401,1004.8899110406635,200,3480340.022438477,3480340.022463931,3480341.027353842
402,1004.18736692518,200,3480340.121808846,3480340.121844899,3480341.126032266
403,1005.7528461329639,200,3480340.221985702,3480340.222028283,3480341.227781129
404,1005.2040759474039,200,3480340.322305032,3480340.322333716,3480341.327537792
405,1005.4570408537984,200,3480340.422452915,3480340.422484309,3480341.42794135
406,1004.1187750175595,200,3480340.521722484,3480340.521747769,3480341.525866544
407,1004.041372332722,200,3480340.622139799,3480340.62216499,3480341.626206362
408,1005.2408901974561,200,3480340.722436879,3480340.722464157,3480341.727705047
409,1004.9264780245719,200,3480340.822621942,3480340.822647093,3480341.827573571
410,1005.2723148837686,200,3480340.921789898,3480340.921816719,3480341.927089034
411,1004.4600088149309,200,3480341.021915241,3480341.021941569,3480342.026401578
412,1004.0426510386169,200,3480341.122165497,3480341.122190745,3480342.126233396
413,1006.1132591217756,200,3480341.221809979,3480341.221845864,3480342.227959123
414,1005.5460352450609,200,3480341.322501293,3480341.322535284,3480342.328081319
415,1006.0122823342681,200,3480341.422007673,3480341.422051897,3480342.428064179
416,1004.7781472094357,200,3480341.522258522,3480341.522295198,3480342.527073345
417,1003.9918390102684,200,3480341.621893394,3480341.62192516,3480342.625916999
418,1003.906074911356,200,3480341.722558962,3480341.722583854,3480342.726489929
419,1004.5993449166415,200,3480341.82217089,3480341.822195977,3480342.826795322
420,1005.7901027612388,200,3480341.9215796,3480341.921604472,3480342.927394575
421,1005.6071630679071,200,3480342.022382613,3480342.022406155,3480343.028013318
422,1004.7728046774864,200,3480342.122639347,3480342.122662912,3480343.127435717
423,1003.9929090999069,200,3480342.222045824,3480342.222071691,3480343.2260646
424,1006.398263387382,200,3480342.321916019,3480342.321942012,3480343.328340275
425,1004.8147868365049,200,3480342.422641413,3480342.422666617,3480343.427481404
426,1005.8061638846991,200,3480342.521646464,3480342.521672003,3480343.527478167
427,1005.103318952024,200,3480342.622042368,3480342.622076409,3480343.627179728
428,1004.4405316002667,200,3480342.722165893,3480342.722203763,3480343.726644295
429,1004.3425098992884,200,3480342.821815026,3480342.821831935,3480343.826174445
430,1005.1543018780649,200,3480342.922259881,3480342.922291999,3480343.927446301
431,1005.5059106089177,200,3480343.022626803,3480343.022664903,3480344.028170814
432,1005.5189277045429,200,3480343.12251591,3480343.122552526,3480344.128071454
433,1004.5354478061199,200,3480343.222476085,3480343.222495479,3480344.227030927
434,1003.4156888723371,200,3480343.322310503,3480343.322343966,3480344.325759655
435,1004.4196550734339,200,3480343.422094417,3480343.422133654,3480344.426553309
436,1004.3829148635268,200,3480343.521637832,3480343.521672117,3480344.526055032
437,1004.9641807563603,200,3480343.622396227,3480343.622430968,3480344.627395149
438,1004.1940780356526,200,3480343.721614841,3480343.721648621,3480344.725842699
439,1003.8056988269091,200,3480343.822639484,3480343.822673603,3480344.826479302
440,1005.6391297839582,200,3480343.922235641,3480343.922275699,3480344.927914829
441,1004.6577779576182,200,3480344.021730981,3480344.021770513,3480345.026428291
442,1005.6881229393184,200,3480344.122568836,3480344.122614872,3480345.128302995
443,1004.7768619842827,200,3480344.222558147,3480344.222591729,3480345.227368591
444,1004.1503999382255,200,3480344.322395414,3480344.322421948,3480345.326572348
445,1004.4192313216629,200,3480344.422263172,3480344.422297002,3480345.426716233
446,1005.5858846753836,200,3480344.521614863,3480344.521653177,3480345.527239062
447,1005.5689201690257,200,3480344.621665748,3480344.621698725,3480345.627267645
448,1004.9477131105959,200,3480344.721587966,3480344.721620832,3480345.726568545
449,1004.0814587846398,200,3480344.821690851,3480344.821716361,3480345.82579782
450,1005.3288429044187,200,3480344.922373118,3480344.92239807,3480345.927726913
451,1005.232369992882,200,3480345.022161137,3480345.022187397,3480346.027419767
452,1006.1162170022726,200,3480345.121874904,3480345.121901005,3480346.128017222
453,1004.1909222491086,200,3480345.222225471,3480345.222258968,3480346.22644989
454,1004.2709209956229,200,3480345.322383229,3480345.32241171,3480346.326682631
455,1004.6485518105328,200,3480345.421596342,3480345.421630034,3480346.426278586
456,1005.387800745666,200,3480345.521677188,3480345.521752301,3480346.527140102
457,1005.8077797293663,200,3480345.621967014,3480345.622014658,3480346.627822438
458,1004.4454191811385,200,3480345.721702888,3480345.721730929,3480346.726176348
459,1004.6381852589548,200,3480345.821619778,3480345.821644316,3480346.826282501
460,1004.153945017606,200,3480345.922358113,3480345.922391523,3480346.926545468
461,1005.3440998308361,200,3480346.022132713,3480346.022172315,3480347.027516415
462,1004.9396939575672,200,3480346.121684991,3480346.121720471,3480347.126660165
463,1006.2315259128809,200,3480346.222204602,3480346.22223874,3480347.228470266
464,1004.1116671636701,200,3480346.321999864,3480346.322041088,3480347.326152755
465,1004.4708731584251,200,3480346.421590175,3480346.421616389,3480347.426087262
466,1005.559372715652,200,3480346.521772866,3480346.52181363,3480347.527373003
467,1006.3029062002895,200,3480346.62211083,3480346.622146192,3480347.628449098
468,1006.078596226871,200,3480346.722328938,3480346.722362288,3480347.728440884
469,1004.775432869792,200,3480346.822044054,3480346.822079265,3480347.826854698
470,1003.7333639338613,200,3480346.921772052,3480346.9217899,3480347.925523264
471,1004.2711109854281,200,3480347.021659026,3480347.021692605,3480348.025963716
472,1005.5395276285708,200,3480347.122262727,3480347.122316228,3480348.127855756
473,1004.7912811860442,200,3480347.221949264,3480347.221980677,3480348.226771958
474,1004.849717952311,200,3480347.321637781,3480347.321679395,3480348.326529113
475,1003.6726682446897,200,3480347.422599924,3480347.422624236,3480348.426296904
476,1004.1170273907485,200,3480347.522374881,3480347.522399428,3480348.526516455
477,1005.2205980755389,200,3480347.621596701,3480347.621622242,3480348.62684284
478,1007.4693919159472,200,3480347.722397064,3480347.722429914,3480348.729899306
479,1005.0095142796636,200,3480347.821719561,3480347.821769728,3480348.826779242
480,1004.6602711081505,200,3480347.921630969,3480347.921663524,3480348.926323795
481,1003.8430946879089,200,3480348.021649049,3480348.021664909,3480349.025508004
482,1007.4389828369019,200,3480348.1222362,3480348.12225475,3480349.129693733
483,1005.4466133005917,200,3480348.221593348,3480348.221617798,3480349.227064411
484,1004.9021057784555,200,3480348.322376968,3480348.322401564,3480349.32730367
485,1005.1885819993911,200,3480348.421615982,3480348.421641059,3480349.426829641
486,1003.8047777488828,200,3480348.522528937,3480348.522547028,3480349.526351806
487,1005.4004238918424,200,3480348.622562582,3480348.622587432,3480349.627987856
488,1005.4592997767031,200,3480348.721696455,3480348.7217222,3480349.7271815
489,1005.935454275459,200,3480348.821635604,3480348.821668312,3480349.827603766
490,1005.1891282200811,200,3480348.921695036,3480348.921730781,3480349.926919909
491,1004.8309830017388,200,3480349.021938691,3480349.021964914,3480350.026795897
492,1005.0824298523366,200,3480349.121773541,3480349.12181083,3480350.12689326
493,1005.3942371159792,200,3480349.222711391,3480349.222750579,3480350.228144816
494,1006.0687996447086,200,3480349.321612463,3480349.321647309,3480350.327716109
495,1005.3693293593824,200,3480349.421837107,3480349.421874006,3480350.427243335
496,1004.6523120254278,200,3480349.522448719,3480349.522466876,3480350.527119188
497,1003.9492207579317,200,3480349.622138147,3480349.622174873,3480350.626124094
498,1005.987721029669,200,3480349.722145419,3480349.722179212,3480350.728166933
499,1006.0893460176883,200,3480349.82271273,3480349.822751369,3480350.828840715
500,1005.2400198765099,200,3480349.921635226,3480349.922129943,3480350.927369963
