index,request_id,function,size,type,status,latency_ms,ttfb_ms,output_transfer_ms,execution_time_ms,system_overhead_ms,cold_start_server,io_ms,binary_read_ms,json_parsing_ms,parameter_extraction_ms,compute_ms,total_server_ms,in_flight
0,0,fastfouriertransform,small,cold,200,1540.61,1540.61,0.0,7.32,1533.29,True,,0.0,4.53,0.01,2.77,7.32,1
1,1,genmatrix,small,cold,200,1443.51,1443.5,0.01,8.95,1434.56,True,,0.0,0.04,,8.9,8.95,2
2,2,fetchdata,small,cold,200,1865.66,1865.66,0.0,127.48,1738.18,True,127.43,0.0,0.04,0.0,,127.48,3
3,3,fastfouriertransform,large,cold,200,1264.39,1264.39,0.0,5.16,1259.23,False,,0.0,4.03,0.01,1.1,5.16,4
4,4,linpack,small,cold,200,1728.6,1728.6,0.0,5.48,1723.13,True,,0.0,0.51,4.07,0.9,5.47,5
5,5,linpack,medium,cold,200,3798.54,3798.54,0.0,710.43,3088.11,False,,0.0,0.44,3.98,705.99,710.42,6
6,6,fastfouriertransform,small,warm,200,973.77,973.77,0.0,4.9,968.87,False,,0.0,3.98,0.01,0.9,4.9,7
7,7,fastfouriertransform,small,warm,200,855.27,855.26,0.0,5.19,850.08,False,,0.0,4.08,0.01,1.09,5.18,8
8,8,fetchdata,large,cold,200,1417.24,1417.23,0.0,75.49,1341.75,False,75.45,0.0,0.03,0.0,,75.48,9
9,9,linpack,small,cold,200,3399.51,3399.51,0.0,5.31,3394.2,False,,0.0,0.41,4.12,0.77,5.31,10
10,10,linpack,small,cold,200,3306.24,3306.23,0.0,5.35,3300.88,False,,0.0,0.46,4.09,0.8,5.35,11
11,11,linpack,medium,cold,200,1760.44,1760.44,0.0,729.17,1031.27,False,,0.0,0.39,6.24,722.53,729.17,12
12,12,fetchdata,medium,cold,200,1106.04,1106.03,0.0,80.84,1025.19,False,80.8,0.0,0.03,0.0,,80.84,13
13,13,linpack,medium,cold,200,2277.24,2277.23,0.0,719.76,1557.47,False,,0.0,0.46,4.11,715.17,719.76,14
14,14,fastfouriertransform,small,warm,200,162.38,162.38,0.0,4.94,157.44,False,,0.0,4.01,0.01,0.92,4.94,15
15,15,matrixmul,medium,cold,200,2601.54,2596.04,5.49,544.87,2051.17,True,,0.0,0.41,4.35,540.1,544.87,16
16,16,genmatrix,small,warm,200,13.71,13.7,0.0,0.13,13.57,False,,0.0,0.03,,0.1,0.13,11
17,17,fetchdata,medium,warm,200,443.79,443.79,0.0,75.2,368.59,False,75.17,0.0,0.02,0.0,,75.2,11
18,18,fastfouriertransform,small,warm,200,23.43,23.43,0.0,4.98,18.44,False,,0.0,3.95,0.01,0.9,4.98,12
19,19,matrixmul,small,cold,200,2220.4,2220.39,0.0,4.95,2215.45,False,,0.0,0.37,4.0,0.57,4.95,12
20,20,genmatrix,medium,warm,200,26.82,17.93,8.89,0.23,17.7,False,,0.0,0.03,,0.19,0.23,13
21,21,linpack,medium,cold,200,2947.53,2947.53,0.0,733.83,2213.7,False,,0.0,0.46,4.02,729.33,733.82,12
22,22,fastfouriertransform,large,warm,200,36.95,36.95,0.0,4.91,32.04,False,,0.0,3.97,0.01,0.93,4.91,11
23,23,matrixmul,large,cold,200,1819.29,1819.28,0.0,4.83,1814.45,False,,0.0,0.35,3.92,0.56,4.83,10
24,24,fastfouriertransform,medium,warm,200,649.0,649.0,0.0,627.19,21.8,False,,0.0,3.92,0.01,623.26,627.19,10
25,25,fastfouriertransform,large,warm,200,551.32,551.32,0.0,4.71,546.61,False,,0.0,3.85,0.0,0.84,4.71,11
26,26,genmatrix,large,warm,200,58.12,36.95,21.18,0.85,36.09,False,,0.0,0.02,,0.82,0.85,12
27,27,linpack,medium,cold,200,3086.55,3086.54,0.0,746.77,2339.78,False,,0.0,0.51,4.27,741.98,746.77,12
28,28,linpack,small,cold,200,4476.37,4476.36,0.01,5.59,4470.78,False,,0.0,0.49,4.17,0.92,5.58,13
29,29,fastfouriertransform,small,warm,200,166.16,166.15,0.0,4.66,161.49,False,,0.0,3.85,0.0,0.8,4.66,13
30,30,fetchdata,medium,warm,200,97.06,97.05,0.0,84.63,12.43,False,84.58,0.0,0.03,0.0,,84.63,14
31,31,fastfouriertransform,small,warm,200,27.68,27.68,0.0,4.7,22.98,False,,0.0,3.88,0.0,0.81,4.7,11
32,32,fastfouriertransform,medium,warm,200,673.37,673.37,0.0,650.05,23.32,False,,0.0,3.82,0.0,646.22,650.05,11
33,33,genmatrix,medium,warm,200,16.43,16.43,0.0,0.21,16.22,False,,0.0,0.02,,0.18,0.21,12
34,34,genmatrix,small,warm,200,11.64,11.64,0.0,0.13,11.51,False,,0.0,0.03,,0.1,0.13,12
35,35,genmatrix,medium,warm,200,18.81,14.59,4.21,0.21,14.39,False,,0.0,0.02,,0.18,0.21,12
36,36,fetchdata,large,warm,200,95.41,95.41,0.0,82.3,13.11,False,82.27,0.0,0.03,0.0,,82.3,11
37,37,genmatrix,large,warm,200,58.82,40.14,18.69,0.85,39.28,False,,0.0,0.03,,0.81,0.85,11
38,38,fastfouriertransform,large,warm,200,83.26,83.25,0.0,4.77,78.48,False,,0.0,3.85,0.0,0.91,4.77,11
39,39,fetchdata,large,warm,200,86.19,86.18,0.0,74.53,11.66,False,74.49,0.0,0.03,0.0,,74.53,10
40,40,fetchdata,small,warm,200,86.37,86.37,0.0,75.23,11.13,False,75.2,0.0,0.03,0.0,,75.23,10
41,41,matrixmul,medium,warm,200,571.65,567.22,4.43,542.01,25.21,False,,0.0,0.34,3.96,537.71,542.01,10
42,42,genmatrix,large,warm,200,73.79,39.94,33.85,0.98,38.97,False,,0.0,0.03,,0.94,0.97,8
43,43,linpack,small,cold,200,1497.07,1497.07,0.0,5.4,1491.67,False,,0.0,0.47,4.09,0.82,5.39,6
44,44,genmatrix,small,warm,200,14.29,14.29,0.0,0.12,14.17,False,,0.0,0.02,,0.09,0.11,6
45,45,fetchdata,small,warm,200,93.96,93.95,0.0,79.75,14.2,False,79.72,0.0,0.02,0.0,,79.75,6
46,46,genmatrix,medium,warm,200,16.92,16.92,0.0,0.25,16.67,False,,0.0,0.02,,0.22,0.25,6
47,47,genmatrix,small,warm,200,11.86,11.86,0.0,0.14,11.72,False,,0.0,0.03,,0.11,0.14,5
48,48,fetchdata,large,warm,200,86.33,86.32,0.0,74.31,12.01,False,74.28,0.0,0.02,0.0,,74.31,5
49,49,genmatrix,small,warm,200,13.15,13.15,0.0,0.15,13.0,False,,0.0,0.03,,0.12,0.15,5
50,50,matrixmul,medium,warm,200,580.06,575.38,4.68,551.69,23.69,False,,0.0,0.36,4.01,547.31,551.69,5
51,51,matrixmul,small,warm,200,491.54,491.54,0.0,4.96,486.58,False,,0.0,0.35,4.0,0.61,4.96,5
52,52,genmatrix,small,warm,200,14.83,14.83,0.0,0.12,14.71,False,,0.0,0.02,,0.09,0.12,6
53,53,fetchdata,large,warm,200,86.01,86.0,0.0,74.85,11.15,False,74.82,0.0,0.02,0.0,,74.85,6
54,54,linpack,large,warm,200,405.24,405.24,0.0,5.36,399.87,False,,0.0,0.37,4.18,0.81,5.36,6
55,55,genmatrix,large,warm,200,63.8,37.86,25.94,0.81,37.05,False,,0.0,0.02,,0.79,0.81,7
56,56,linpack,medium,warm,200,939.16,939.15,0.0,732.9,206.26,False,,0.0,0.56,4.23,728.1,732.89,5
57,57,linpack,medium,warm,200,1564.87,1564.86,0.0,726.16,838.71,False,,0.0,0.43,4.23,721.49,726.15,6
58,58,genmatrix,small,warm,200,16.13,16.12,0.0,0.12,16.0,False,,0.0,0.02,,0.1,0.12,5
59,59,fetchdata,large,warm,200,88.05,88.05,0.0,78.38,9.67,False,78.34,0.0,0.02,0.0,,78.38,4
60,60,matrixmul,small,warm,200,23.54,23.53,0.0,4.97,18.56,False,,0.0,0.37,4.01,0.59,4.97,4
61,61,fastfouriertransform,small,warm,200,25.22,25.21,0.0,4.6,20.61,False,,0.0,3.83,0.0,0.76,4.6,4
62,62,fetchdata,large,warm,200,84.94,84.93,0.0,74.02,10.91,False,74.0,0.0,0.02,0.0,,74.02,4
63,63,fetchdata,large,warm,200,91.63,91.63,0.0,76.7,14.93,False,76.66,0.0,0.03,0.0,,76.69,4
64,64,matrixmul,large,warm,200,30.9,26.45,4.45,5.25,21.2,False,,0.0,0.37,4.25,0.62,5.25,4
65,65,fastfouriertransform,medium,warm,200,651.85,651.84,0.0,633.67,18.17,False,,0.0,3.89,0.01,629.77,633.67,4
66,66,matrixmul,large,warm,200,27.68,27.67,0.0,7.66,20.02,False,,0.0,0.35,6.67,0.63,7.66,4
67,67,matrixmul,large,warm,200,25.94,25.94,0.0,4.93,21.0,False,,0.0,0.35,4.0,0.58,4.93,4
68,68,genmatrix,large,warm,200,58.57,37.22,21.36,0.82,36.4,False,,0.0,0.02,,0.79,0.82,4
69,69,fastfouriertransform,large,warm,200,252.68,252.67,0.0,4.63,248.04,False,,0.0,3.82,0.0,0.81,4.63,4
70,70,fastfouriertransform,large,warm,200,161.95,161.95,0.0,4.67,157.28,False,,0.0,3.86,0.0,0.8,4.67,5
71,71,linpack,medium,warm,200,744.46,744.46,0.0,723.43,21.02,True,,0.0,0.39,4.06,718.98,723.43,6
72,72,genmatrix,small,warm,200,13.48,13.47,0.0,0.11,13.36,False,,0.0,0.02,,0.09,0.11,4
73,73,genmatrix,medium,warm,200,15.45,15.45,0.01,0.2,15.24,False,,0.0,0.02,,0.18,0.2,2
74,74,fetchdata,medium,warm,200,84.73,84.72,0.0,73.82,10.9,False,73.8,0.0,0.02,0.0,,73.82,2
75,75,fastfouriertransform,large,warm,200,23.17,23.16,0.0,4.63,18.53,False,,0.0,3.85,0.0,0.77,4.63,2
76,76,genmatrix,large,warm,200,338.13,37.2,300.93,0.82,36.39,False,,0.0,0.02,,0.8,0.82,2
77,77,fetchdata,large,warm,200,94.44,94.43,0.0,81.25,13.18,False,81.22,0.0,0.02,0.0,,81.25,3
78,78,fastfouriertransform,large,warm,200,23.39,23.38,0.0,4.82,18.56,False,,0.0,3.96,0.0,0.85,4.82,3
79,79,genmatrix,large,warm,200,78.38,48.44,29.95,0.83,47.61,False,,0.0,0.02,,0.81,0.83,2
80,80,linpack,large,warm,200,25.19,25.18,0.01,5.43,19.76,False,,0.0,0.4,4.14,0.88,5.42,1
81,81,fetchdata,small,warm,200,85.15,85.15,0.0,74.15,11.0,False,74.12,0.0,0.02,0.0,,74.15,1
82,82,genmatrix,small,warm,200,12.96,12.95,0.0,0.11,12.85,False,,0.0,0.02,,0.08,0.11,1
83,83,linpack,large,warm,200,25.44,25.43,0.0,7.71,17.73,False,,0.0,0.52,6.04,1.15,7.7,1
84,84,fastfouriertransform,large,warm,200,24.52,24.52,0.0,4.81,19.71,False,,0.0,3.98,0.0,0.82,4.81,1
85,85,genmatrix,medium,warm,200,14.74,14.73,0.0,0.2,14.54,False,,0.0,0.02,,0.18,0.2,1
86,86,fastfouriertransform,small,warm,200,24.0,24.0,0.0,4.62,19.38,False,,0.0,3.83,0.0,0.78,4.62,1
87,87,genmatrix,medium,warm,200,21.26,16.99,4.27,0.21,16.78,False,,0.0,0.02,,0.19,0.21,1
88,88,fetchdata,small,warm,200,89.45,89.45,0.0,78.13,11.32,False,78.1,0.0,0.02,0.0,,78.13,1
89,89,fetchdata,large,warm,200,102.27,102.27,0.0,81.49,20.78,False,81.46,0.0,0.02,0.0,,81.49,1
90,90,fastfouriertransform,small,warm,200,27.74,27.74,0.0,4.77,22.96,False,,0.0,3.9,0.0,0.86,4.77,2
91,91,matrixmul,small,warm,200,27.46,27.46,0.0,5.7,21.75,False,,0.0,0.35,4.03,1.32,5.7,1
92,92,linpack,small,warm,200,19.56,19.56,0.0,5.08,14.48,False,,0.0,0.34,3.99,0.74,5.08,1
93,93,fetchdata,large,warm,200,86.77,86.77,0.0,76.24,10.52,False,76.22,0.0,0.02,0.0,,76.24,1
94,94,matrixmul,large,warm,200,38.19,38.19,0.0,4.97,33.21,False,,0.0,0.37,4.02,0.58,4.97,1
95,95,fetchdata,medium,warm,200,96.95,96.95,0.0,80.62,16.33,False,78.58,1.99,0.04,0.0,,80.62,1
96,96,linpack,large,warm,200,22.22,22.21,0.0,5.24,16.97,False,,0.0,0.36,4.08,0.81,5.24,1
97,97,matrixmul,small,warm,200,25.62,25.62,0.0,5.1,20.52,False,,0.0,0.41,4.08,0.6,5.09,1
98,98,linpack,large,warm,200,17.86,17.86,0.0,5.07,12.78,False,,0.0,0.35,3.98,0.74,5.07,1
99,99,fetchdata,large,warm,200,88.13,88.13,0.01,74.81,13.32,False,74.78,0.0,0.02,0.0,,74.81,1
100,100,genmatrix,medium,warm,200,23.25,17.55,5.7,0.2,17.35,False,,0.0,0.02,,0.18,0.2,1
101,101,genmatrix,medium,warm,200,23.01,23.0,0.0,0.27,22.74,False,,0.0,0.02,,0.24,0.26,1
102,102,linpack,medium,warm,200,755.72,755.72,0.0,740.54,15.18,False,,0.0,0.36,4.13,736.04,740.54,1
103,103,fastfouriertransform,small,warm,200,24.01,24.0,0.0,4.55,19.45,False,,0.0,3.82,0.0,0.73,4.55,2
104,104,fetchdata,small,warm,200,85.84,85.83,0.0,73.74,12.09,False,73.72,0.0,0.02,0.0,,73.74,2
105,105,genmatrix,small,warm,200,14.14,14.13,0.0,0.11,14.03,False,,0.0,0.02,,0.09,0.11,2
106,106,linpack,large,warm,200,21.67,21.67,0.0,6.53,15.14,False,,0.0,0.4,5.05,1.07,6.52,2
107,107,fetchdata,large,warm,200,95.02,95.02,0.0,78.41,16.61,False,78.38,0.0,0.02,0.0,,78.41,2
108,108,fetchdata,small,warm,200,90.67,90.66,0.0,77.24,13.43,False,77.2,0.0,0.03,0.0,,77.23,2
109,109,fastfouriertransform,large,warm,200,27.67,27.67,0.0,4.53,23.14,False,,0.0,3.8,0.0,0.73,4.53,2
110,110,fastfouriertransform,small,warm,200,21.84,21.83,0.0,4.54,17.29,False,,0.0,3.82,0.0,0.72,4.54,1
111,111,fastfouriertransform,small,warm,200,25.93,25.93,0.0,4.55,21.37,False,,0.0,3.82,0.0,0.72,4.55,1
112,112,genmatrix,small,warm,200,15.05,15.05,0.0,0.13,14.91,False,,0.0,0.03,,0.1,0.13,1
113,113,linpack,small,warm,200,23.55,23.54,0.0,5.74,17.8,False,,0.0,0.37,4.52,0.84,5.74,1
114,114,genmatrix,large,warm,200,54.24,36.88,17.37,0.83,36.05,False,,0.0,0.02,,0.81,0.83,1
115,115,matrixmul,small,warm,200,25.48,25.47,0.0,5.06,20.42,False,,0.0,0.36,4.12,0.57,5.06,1
116,116,linpack,small,warm,200,19.75,19.75,0.0,5.3,14.45,False,,0.0,0.34,4.17,0.77,5.29,1
117,117,linpack,large,warm,200,20.02,20.01,0.0,5.23,14.79,False,,0.0,0.37,4.06,0.79,5.23,1
118,118,matrixmul,small,warm,200,29.85,29.85,0.0,6.68,23.17,False,,0.0,0.36,4.04,2.27,6.68,1
119,119,matrixmul,medium,warm,200,564.99,564.98,0.0,546.15,18.83,False,,0.0,0.39,5.12,540.64,546.15,1
120,120,fetchdata,small,warm,200,89.41,89.41,0.0,79.82,9.59,False,79.79,0.0,0.02,0.0,,79.81,2
121,121,fastfouriertransform,large,warm,200,25.3,25.29,0.0,4.63,20.66,False,,0.0,3.87,0.0,0.76,4.63,2
122,122,matrixmul,medium,warm,200,817.06,817.06,0.0,538.55,278.51,False,,0.0,0.38,4.11,534.05,538.55,2
123,123,matrixmul,medium,warm,200,1268.02,1268.01,0.0,549.38,718.64,False,,0.0,0.42,4.0,544.95,549.38,3
124,124,matrixmul,large,cold,200,1180.65,1180.64,0.01,4.98,1175.66,False,,0.0,0.4,3.99,0.58,4.98,4
125,125,fastfouriertransform,large,warm,200,25.59,25.59,0.0,5.01,20.58,False,,0.0,3.89,0.0,1.11,5.0,4
126,126,fastfouriertransform,small,warm,200,27.94,27.94,0.0,4.6,23.33,False,,0.0,3.87,0.0,0.73,4.6,4
127,127,matrixmul,large,warm,200,889.09,889.09,0.0,4.99,884.1,False,,0.0,0.34,4.01,0.63,4.98,4
128,128,genmatrix,small,warm,200,10.41,10.4,0.0,0.11,10.29,False,,0.0,0.02,,0.09,0.11,5
129,129,fetchdata,small,warm,200,86.44,86.43,0.0,76.19,10.24,False,76.16,0.0,0.02,0.0,,76.19,5
130,130,fetchdata,large,warm,200,93.49,93.49,0.0,82.04,11.45,False,82.01,0.0,0.03,0.0,,82.04,5
131,131,matrixmul,small,warm,200,505.08,505.08,0.0,5.05,500.02,False,,0.0,0.39,4.07,0.59,5.05,4
132,132,matrixmul,small,warm,200,412.99,412.98,0.01,4.94,408.04,False,,0.0,0.34,4.02,0.58,4.94,5
133,133,genmatrix,medium,warm,200,14.88,14.88,0.0,0.2,14.67,False,,0.0,0.02,,0.18,0.2,6
134,134,fetchdata,small,warm,200,86.85,86.84,0.0,74.23,12.61,False,74.2,0.0,0.02,0.0,,74.23,6
135,135,matrixmul,large,warm,200,131.33,131.33,0.0,5.18,126.15,False,,0.0,0.38,4.12,0.67,5.18,6
136,136,fastfouriertransform,small,warm,200,32.73,32.72,0.0,5.26,27.46,False,,0.0,4.31,0.0,0.93,5.25,4
137,137,linpack,small,warm,200,25.08,25.07,0.0,6.56,18.52,False,,0.0,0.43,5.12,1.0,6.55,1
138,138,fastfouriertransform,small,warm,200,25.66,25.65,0.0,4.64,21.01,False,,0.0,3.87,0.0,0.77,4.64,1
139,139,fetchdata,medium,warm,200,90.01,90.01,0.0,77.7,12.3,False,77.67,0.0,0.03,0.0,,77.7,1
140,140,matrixmul,medium,warm,200,555.42,555.42,0.0,533.44,21.98,False,,0.0,0.37,4.03,529.04,533.44,1
141,141,fetchdata,medium,warm,200,85.98,85.98,0.0,74.95,11.03,False,74.92,0.0,0.02,0.0,,74.95,2
142,142,fastfouriertransform,small,warm,200,25.67,25.66,0.0,5.07,20.6,False,,0.0,4.11,0.01,0.95,5.07,2
143,143,matrixmul,small,warm,200,270.67,270.67,0.0,5.17,265.49,False,,0.0,0.46,4.09,0.62,5.17,2
144,144,matrixmul,medium,warm,200,726.75,726.74,0.0,552.56,174.18,False,,0.0,0.38,4.06,548.11,552.56,3
145,145,matrixmul,medium,warm,200,1184.46,1184.45,0.0,550.07,634.38,False,,0.0,0.38,4.12,545.56,550.07,4
146,146,matrixmul,large,cold,200,1099.3,1099.3,0.0,5.11,1094.18,False,,0.0,0.36,4.05,0.7,5.11,3
147,147,linpack,large,warm,200,21.26,21.26,0.0,5.09,16.17,False,,0.0,0.34,3.99,0.76,5.09,4
148,148,matrixmul,small,warm,200,916.33,916.32,0.01,5.1,911.22,False,,0.0,0.38,4.09,0.62,5.1,4
149,149,fetchdata,medium,warm,200,96.45,96.45,0.0,81.94,14.51,False,81.89,0.0,0.03,0.0,,81.94,5
150,150,fetchdata,small,warm,200,89.12,89.12,0.0,77.23,11.89,False,77.2,0.0,0.02,0.0,,77.23,5
151,151,linpack,large,warm,200,20.43,20.43,0.0,5.18,15.25,False,,0.0,0.35,4.05,0.78,5.17,5
152,152,linpack,small,warm,200,19.68,19.67,0.0,5.32,14.35,False,,0.0,0.34,4.16,0.81,5.32,4
153,153,genmatrix,small,warm,200,13.23,13.22,0.0,0.15,13.07,False,,0.0,0.03,,0.12,0.15,4
154,154,fastfouriertransform,large,warm,200,24.82,24.82,0.01,4.58,20.23,False,,0.0,3.84,0.0,0.73,4.58,4
155,155,matrixmul,large,warm,200,231.52,231.51,0.0,5.1,226.42,False,,0.0,0.4,4.06,0.63,5.09,4
156,156,linpack,small,warm,200,30.49,30.49,0.0,7.14,23.35,False,,0.0,0.4,5.83,0.9,7.13,5
157,157,fastfouriertransform,large,warm,200,31.64,31.63,0.0,6.42,25.22,False,,0.0,5.41,0.0,1.0,6.41,3
158,158,fastfouriertransform,small,warm,200,25.55,25.54,0.0,4.56,20.98,False,,0.0,3.82,0.0,0.73,4.56,1
159,159,fastfouriertransform,large,warm,200,24.28,24.28,0.0,4.7,19.58,False,,0.0,3.88,0.0,0.81,4.7,1
160,160,fastfouriertransform,large,warm,200,23.58,23.57,0.01,4.57,19.0,False,,0.0,3.84,0.0,0.73,4.57,1
161,161,fetchdata,medium,warm,200,83.47,83.46,0.0,73.73,9.73,False,73.71,0.0,0.02,0.0,,73.73,1
162,162,fastfouriertransform,large,warm,200,24.37,24.36,0.0,4.66,19.7,False,,0.0,3.87,0.0,0.79,4.66,1
163,163,fetchdata,large,warm,200,90.99,90.98,0.0,77.87,13.12,False,77.83,0.0,0.02,0.0,,77.86,1
164,164,linpack,small,warm,200,20.59,20.58,0.0,5.43,15.15,False,,0.0,0.42,4.19,0.82,5.43,1
165,165,linpack,small,warm,200,21.42,21.41,0.0,5.28,16.14,False,,0.0,0.36,4.14,0.77,5.28,1
166,166,matrixmul,large,warm,200,23.81,23.8,0.0,4.99,18.81,False,,0.0,0.37,4.01,0.61,4.99,1
167,167,linpack,large,warm,200,21.34,21.34,0.0,5.34,16.0,False,,0.0,0.36,4.23,0.75,5.34,1
168,168,linpack,medium,warm,200,750.57,750.57,0.0,732.56,18.01,False,,0.0,0.35,4.08,728.13,732.56,1
169,169,genmatrix,small,warm,200,14.06,14.06,0.0,0.11,13.95,False,,0.0,0.02,,0.09,0.11,2
170,170,genmatrix,small,warm,200,12.99,12.99,0.0,0.11,12.88,False,,0.0,0.02,,0.08,0.11,2
171,171,genmatrix,medium,warm,200,16.32,16.32,0.0,0.2,16.12,False,,0.0,0.02,,0.18,0.2,2
172,172,fetchdata,large,warm,200,85.45,85.44,0.0,74.5,10.94,False,74.47,0.0,0.02,0.0,,74.5,2
173,173,genmatrix,medium,warm,200,16.4,16.4,0.0,0.2,16.19,False,,0.0,0.02,,0.18,0.2,2
174,174,genmatrix,small,warm,200,12.34,12.33,0.0,0.12,12.22,False,,0.0,0.02,,0.09,0.12,2
175,175,fastfouriertransform,medium,warm,200,663.04,663.03,0.0,640.37,22.66,False,,0.0,3.93,0.0,636.43,640.37,2
176,176,linpack,large,warm,200,18.91,18.91,0.0,5.3,13.61,False,,0.0,0.35,4.14,0.81,5.3,2
177,177,fastfouriertransform,small,warm,200,478.43,478.43,0.01,4.8,473.63,False,,0.0,3.95,0.0,0.84,4.8,2
178,178,linpack,small,warm,200,19.26,19.25,0.0,5.21,14.04,False,,0.0,0.35,4.04,0.81,5.21,3
179,179,linpack,medium,warm,200,735.0,735.0,0.0,719.53,15.47,False,,0.0,0.38,4.0,715.15,719.53,3
180,180,fetchdata,medium,warm,200,93.61,93.6,0.0,78.65,14.95,False,78.63,0.0,0.02,0.0,,78.65,4
181,181,fastfouriertransform,small,warm,200,76.14,76.13,0.0,4.8,71.33,False,,0.0,3.92,0.0,0.87,4.8,4
182,182,genmatrix,medium,warm,200,18.1,18.1,0.0,0.23,17.87,False,,0.0,0.02,,0.2,0.23,2
183,183,fetchdata,medium,warm,200,88.15,88.15,0.0,76.87,11.28,False,76.84,0.0,0.02,0.0,,76.87,2
184,184,linpack,large,warm,200,21.78,21.78,0.0,5.25,16.53,False,,0.0,0.35,4.14,0.75,5.25,2
185,185,genmatrix,large,warm,200,52.95,36.18,16.77,0.79,35.39,False,,0.0,0.02,,0.77,0.79,2
186,186,linpack,small,warm,200,19.83,19.83,0.0,5.07,14.75,False,,0.0,0.34,3.98,0.74,5.07,2
187,187,linpack,medium,warm,200,793.77,793.77,0.0,775.54,18.23,False,,0.0,0.36,8.11,767.06,775.53,1
188,188,fastfouriertransform,small,warm,200,23.78,23.78,0.0,4.95,18.83,False,,0.0,4.13,0.0,0.81,4.95,2
189,189,genmatrix,small,warm,200,14.45,14.45,0.0,0.11,14.34,False,,0.0,0.02,,0.09,0.11,2
190,190,fastfouriertransform,large,warm,200,27.13,27.13,0.0,4.55,22.57,False,,0.0,3.82,0.0,0.73,4.55,2
191,191,linpack,small,warm,200,20.28,20.27,0.0,5.18,15.1,False,,0.0,0.36,4.03,0.78,5.17,2
192,192,genmatrix,medium,warm,200,14.69,14.69,0.0,0.21,14.48,False,,0.0,0.02,,0.18,0.21,2
193,193,linpack,small,warm,200,22.38,22.38,0.0,5.25,17.13,False,,0.0,0.39,4.06,0.79,5.25,2
194,194,genmatrix,small,warm,200,14.06,14.05,0.0,0.11,13.94,False,,0.0,0.02,,0.09,0.11,2
195,195,genmatrix,large,warm,200,153.93,38.19,115.75,0.89,37.3,False,,0.0,0.03,,0.86,0.89,1
196,196,matrixmul,medium,warm,200,569.49,569.48,0.0,548.74,20.74,False,,0.0,0.42,4.12,544.18,548.74,2
197,197,fastfouriertransform,small,warm,200,23.81,23.81,0.0,4.61,19.2,False,,0.0,3.84,0.0,0.76,4.61,2
198,198,matrixmul,medium,warm,200,925.02,925.02,0.0,553.3,371.72,False,,0.0,0.39,4.93,547.97,553.3,2
199,199,fastfouriertransform,small,warm,200,24.19,24.19,0.0,4.7,19.49,False,,0.0,3.94,0.0,0.75,4.7,3
200,200,genmatrix,small,warm,200,16.45,16.45,0.0,0.11,16.34,False,,0.0,0.02,,0.09,0.11,3
201,201,genmatrix,small,warm,200,15.51,15.5,0.0,0.11,15.39,False,,0.0,0.02,,0.09,0.11,3
202,202,matrixmul,large,warm,200,550.91,545.71,5.2,5.27,540.44,False,,0.0,0.41,4.17,0.68,5.27,2
203,203,matrixmul,large,warm,200,460.68,460.67,0.0,5.3,455.37,False,,0.0,0.43,4.21,0.64,5.3,3
204,204,fastfouriertransform,small,warm,200,23.85,23.85,0.0,4.56,19.29,False,,0.0,3.83,0.0,0.72,4.56,4
205,205,fastfouriertransform,large,warm,200,23.54,23.54,0.0,4.57,18.97,False,,0.0,3.84,0.0,0.72,4.57,4
206,206,fetchdata,large,warm,200,107.0,107.0,0.0,86.71,20.29,False,86.66,0.0,0.04,0.0,,86.71,4
207,207,fastfouriertransform,medium,warm,200,722.17,722.16,0.0,701.52,20.64,False,,0.0,3.98,0.01,697.52,701.52,5
208,208,linpack,large,warm,200,21.47,21.47,0.0,5.28,16.18,False,,0.0,0.35,4.15,0.78,5.28,2
209,209,fetchdata,medium,warm,200,91.06,91.05,0.0,78.53,12.53,False,78.5,0.0,0.02,0.0,,78.53,2
210,210,fetchdata,small,warm,200,85.04,85.03,0.0,74.63,10.41,False,74.6,0.0,0.02,0.0,,74.62,2
211,211,genmatrix,medium,warm,200,16.31,16.31,0.0,0.21,16.1,False,,0.0,0.02,,0.19,0.21,2
212,212,fastfouriertransform,medium,warm,200,881.93,881.92,0.01,656.45,225.48,False,,0.0,3.88,0.0,652.55,656.45,2
213,213,fetchdata,large,warm,200,90.08,90.08,0.0,77.35,12.73,False,77.32,0.0,0.02,0.0,,77.35,3
214,214,fetchdata,large,warm,200,90.54,90.54,0.0,79.01,11.53,False,78.97,0.0,0.03,0.0,,79.01,3
215,215,fastfouriertransform,medium,warm,200,1232.66,1232.66,0.0,649.2,583.46,False,,0.0,3.88,0.0,645.31,649.2,2
216,216,linpack,medium,warm,200,732.73,732.72,0.0,720.7,12.02,False,,0.0,0.35,4.01,716.33,720.7,3
217,217,linpack,large,warm,200,19.48,19.47,0.0,5.15,14.32,False,,0.0,0.34,4.03,0.77,5.15,4
218,218,fetchdata,small,warm,200,92.26,92.26,0.0,78.73,13.53,False,78.7,0.0,0.02,0.0,,78.73,4
219,219,fetchdata,small,warm,200,90.22,90.22,0.0,77.32,12.9,False,77.29,0.0,0.02,0.0,,77.32,4
220,220,matrixmul,small,warm,200,25.78,25.78,0.01,5.26,20.52,False,,0.0,0.4,4.16,0.69,5.26,4
221,221,fetchdata,large,warm,200,84.4,84.4,0.0,74.05,10.35,False,74.02,0.0,0.02,0.0,,74.05,3
222,222,genmatrix,medium,warm,200,17.09,17.08,0.0,0.2,16.88,False,,0.0,0.02,,0.18,0.2,3
223,223,fetchdata,medium,warm,200,85.19,85.18,0.0,74.24,10.94,False,74.21,0.0,0.02,0.0,,74.24,3
224,224,fetchdata,large,warm,200,84.93,84.93,0.0,74.6,10.32,False,74.58,0.0,0.02,0.0,,74.6,2
225,225,fastfouriertransform,medium,warm,200,895.31,895.3,0.0,664.15,231.16,False,,0.0,3.96,0.0,660.17,664.15,2
226,226,fastfouriertransform,medium,warm,200,1444.77,1444.77,0.0,649.57,795.2,False,,0.0,3.85,0.0,645.71,649.57,3
227,227,fetchdata,small,warm,200,91.19,91.19,0.0,76.38,14.81,False,76.35,0.0,0.02,0.0,,76.38,4
228,228,matrixmul,medium,warm,200,568.48,568.47,0.0,550.71,17.77,False,,0.0,0.44,4.01,546.25,550.71,3
229,229,genmatrix,small,warm,200,10.54,10.54,0.0,0.11,10.43,False,,0.0,0.02,,0.09,0.11,4
230,230,fetchdata,small,warm,200,84.18,84.17,0.0,74.15,10.02,False,74.12,0.0,0.02,0.0,,74.15,4
231,231,fetchdata,medium,warm,200,91.05,91.05,0.0,78.63,12.42,False,78.6,0.0,0.02,0.0,,78.63,4
232,232,genmatrix,medium,warm,200,15.71,15.71,0.0,0.22,15.49,False,,0.0,0.02,,0.19,0.22,4
233,233,fastfouriertransform,medium,warm,200,1405.4,1405.4,0.0,652.5,752.9,False,,0.0,3.82,0.0,648.68,652.5,4
234,234,genmatrix,large,warm,200,105.41,37.13,68.27,0.83,36.31,False,,0.0,0.02,,0.8,0.83,3
235,235,linpack,medium,warm,200,747.57,747.57,0.0,734.56,13.01,False,,0.0,0.35,4.0,730.2,734.56,3
236,236,linpack,medium,warm,200,815.59,815.59,0.0,799.02,16.57,False,,0.0,0.35,4.01,794.66,799.01,4
237,237,fastfouriertransform,small,cold,200,1009.57,1009.56,0.0,4.62,1004.94,False,,0.0,3.84,0.0,0.77,4.62,5
238,238,genmatrix,small,warm,200,15.12,15.12,0.0,0.11,15.0,False,,0.0,0.02,,0.09,0.11,6
239,239,linpack,medium,warm,200,1372.61,1372.61,0.0,860.53,512.08,False,,0.0,0.54,6.47,853.5,860.52,6
240,240,fastfouriertransform,small,cold,200,1368.97,1368.96,0.01,4.56,1364.41,False,,0.0,3.83,0.0,0.73,4.56,7
241,241,linpack,medium,warm,200,879.78,879.77,0.0,716.57,163.2,False,,0.0,0.33,3.99,712.25,716.57,7
242,242,genmatrix,large,warm,200,143.95,36.4,107.56,0.84,35.55,False,,0.0,0.02,,0.82,0.84,8
243,243,genmatrix,medium,warm,200,14.2,14.19,0.0,0.21,13.99,False,,0.0,0.02,,0.18,0.21,8
244,244,linpack,large,warm,200,585.79,585.78,0.0,5.27,580.51,False,,0.0,0.35,4.1,0.82,5.27,7
245,245,fastfouriertransform,medium,warm,200,865.41,865.41,0.0,652.82,212.59,False,,0.0,3.83,0.0,648.99,652.82,7
246,246,linpack,small,warm,200,687.28,687.28,0.0,8.16,679.12,False,,0.0,0.53,6.42,1.2,8.16,8
247,247,genmatrix,small,warm,200,13.1,13.1,0.0,0.11,12.99,False,,0.0,0.02,,0.09,0.11,8
248,248,matrixmul,small,warm,200,33.81,29.85,3.96,5.05,24.8,False,,0.0,0.4,4.05,0.59,5.05,7
249,249,linpack,large,warm,200,94.52,94.52,0.0,5.23,89.29,False,,0.0,0.36,4.06,0.8,5.22,7
250,250,fetchdata,medium,warm,200,93.66,93.66,0.0,81.22,12.45,False,81.18,0.0,0.03,0.0,,81.21,5
251,251,matrixmul,small,warm,200,27.63,27.63,0.0,6.45,21.18,False,,0.0,0.45,5.09,0.91,6.45,5
252,252,genmatrix,large,warm,200,54.14,38.08,16.07,1.1,36.98,False,,0.0,0.03,,1.06,1.1,5
253,253,genmatrix,large,warm,200,129.3,38.41,90.89,0.81,37.61,False,,0.0,0.02,,0.78,0.81,3
254,254,fastfouriertransform,large,warm,200,33.65,33.64,0.0,4.64,29.01,False,,0.0,3.86,0.0,0.77,4.64,2
255,255,genmatrix,large,warm,200,77.72,35.33,42.38,0.84,34.5,False,,0.0,0.02,,0.81,0.84,1
256,256,genmatrix,large,warm,200,56.53,39.96,16.57,0.95,39.01,False,,0.0,0.02,,0.92,0.95,1
257,257,matrixmul,medium,warm,200,577.36,577.36,0.0,556.32,21.03,False,,0.0,0.39,4.33,551.6,556.32,1
258,258,matrixmul,large,warm,200,491.69,491.69,0.0,5.03,486.66,False,,0.0,0.36,4.03,0.62,5.02,2
259,259,genmatrix,large,warm,200,63.39,47.78,15.61,1.18,46.61,False,,0.0,0.03,,1.15,1.18,3
260,260,fetchdata,small,warm,200,88.01,88.01,0.0,74.34,13.67,False,74.31,0.0,0.02,0.0,,74.34,3
261,261,matrixmul,large,warm,200,197.86,197.86,0.0,5.19,192.67,False,,0.0,0.41,4.15,0.63,5.19,3
262,262,matrixmul,large,warm,200,112.85,112.85,0.01,5.19,107.66,False,,0.0,0.44,4.11,0.64,5.19,4
263,263,fetchdata,large,warm,200,93.79,93.79,0.0,80.79,12.99,False,80.76,0.0,0.03,0.0,,80.79,2
264,264,linpack,medium,warm,200,723.23,723.22,0.0,711.76,11.46,False,,0.0,0.35,5.73,705.68,711.76,1
265,265,matrixmul,large,warm,200,25.52,25.52,0.0,4.97,20.55,False,,0.0,0.35,4.01,0.6,4.97,2
266,266,fastfouriertransform,medium,warm,200,662.23,662.23,0.0,642.76,19.47,False,,0.0,3.83,0.0,638.93,642.76,2
267,267,genmatrix,small,warm,200,13.07,13.07,0.0,0.11,12.95,False,,0.0,0.02,,0.09,0.11,3
268,268,matrixmul,large,warm,200,31.11,31.11,0.0,5.36,25.75,False,,0.0,0.43,4.25,0.67,5.36,3
269,269,linpack,large,warm,200,24.44,24.43,0.0,5.85,18.58,False,,0.0,0.43,4.51,0.9,5.85,3
270,270,genmatrix,medium,warm,200,15.84,15.84,0.0,0.2,15.63,False,,0.0,0.02,,0.18,0.2,3
271,271,matrixmul,medium,warm,200,570.64,570.63,0.0,550.95,19.69,False,,0.0,0.36,4.25,546.33,550.94,3
272,272,fetchdata,large,warm,200,86.89,86.89,0.0,76.54,10.35,False,76.51,0.0,0.02,0.0,,76.53,3
273,273,matrixmul,large,warm,200,380.7,380.69,0.0,5.25,375.44,False,,0.0,0.37,4.13,0.75,5.25,2
274,274,fetchdata,large,warm,200,98.15,98.14,0.0,86.09,12.06,False,86.05,0.0,0.02,0.0,,86.09,3
275,275,fastfouriertransform,medium,warm,200,661.34,661.34,0.0,640.77,20.57,False,,0.0,4.01,0.0,636.75,640.77,3
276,276,linpack,large,warm,200,18.56,18.55,0.0,5.18,13.37,False,,0.0,0.36,4.03,0.78,5.18,4
277,277,linpack,medium,warm,200,888.04,888.04,0.0,777.44,110.6,False,,0.0,0.37,4.23,772.83,777.44,2
278,278,fastfouriertransform,small,warm,200,374.81,374.81,0.0,4.71,370.1,False,,0.0,3.9,0.0,0.8,4.71,3
279,279,genmatrix,small,warm,200,13.41,13.41,0.0,0.11,13.3,False,,0.0,0.02,,0.08,0.11,4
280,280,fetchdata,small,warm,200,87.68,87.68,0.0,76.52,11.16,False,76.49,0.0,0.02,0.0,,76.51,4
281,281,fastfouriertransform,small,warm,200,78.85,78.85,0.0,4.7,74.16,False,,0.0,3.89,0.0,0.8,4.69,4
282,282,fetchdata,medium,warm,200,100.45,100.44,0.0,82.19,18.26,False,82.16,0.0,0.02,0.0,,82.19,2
283,283,linpack,small,warm,200,26.02,26.02,0.0,6.06,19.95,False,,0.0,0.37,4.65,1.03,6.06,2
284,284,matrixmul,medium,warm,200,572.16,572.16,0.0,553.0,19.16,False,,0.0,0.46,4.18,548.35,553.0,2
285,285,linpack,small,warm,200,19.04,19.04,0.0,5.23,13.81,False,,0.0,0.34,4.1,0.79,5.23,3
286,286,matrixmul,medium,warm,200,937.74,937.73,0.0,554.81,382.92,False,,0.0,0.35,4.04,550.42,554.81,2
287,287,matrixmul,small,warm,200,843.71,843.7,0.01,5.25,838.45,False,,0.0,0.41,4.13,0.71,5.25,3
288,288,fetchdata,large,warm,200,90.78,90.78,0.0,78.27,12.51,False,78.24,0.0,0.02,0.0,,78.27,4
289,289,fastfouriertransform,small,warm,200,24.09,24.09,0.0,4.61,19.48,False,,0.0,3.87,0.0,0.73,4.61,4
290,290,matrixmul,small,warm,200,566.91,566.9,0.01,5.24,561.66,False,,0.0,0.44,4.11,0.68,5.24,3
291,291,fetchdata,large,warm,200,87.51,87.5,0.0,75.59,11.91,False,75.56,0.0,0.02,0.0,,75.59,4
292,292,linpack,medium,warm,200,747.61,747.6,0.0,733.28,14.32,False,,0.0,0.35,5.81,727.12,733.28,4
293,293,fastfouriertransform,large,warm,200,27.72,27.71,0.0,4.91,22.8,False,,0.0,3.99,0.0,0.91,4.91,5
294,294,fetchdata,small,warm,200,99.34,99.34,0.0,84.54,14.79,False,84.5,0.0,0.04,0.0,,84.54,5
295,295,matrixmul,small,warm,200,76.91,76.9,0.01,5.22,71.68,False,,0.0,0.4,4.17,0.64,5.22,5
296,296,matrixmul,large,warm,200,24.49,24.48,0.0,5.24,19.25,False,,0.0,0.46,4.13,0.62,5.23,2
297,297,linpack,large,warm,200,19.59,19.58,0.0,5.33,14.25,False,,0.0,0.41,4.14,0.78,5.33,2
298,298,linpack,medium,warm,200,759.85,759.84,0.01,745.93,13.91,False,,0.0,0.37,3.99,741.56,745.93,2
299,299,matrixmul,large,warm,200,22.15,22.15,0.0,4.89,17.26,False,,0.0,0.36,3.97,0.57,4.89,3
300,300,linpack,medium,warm,200,717.46,717.45,0.0,703.34,14.12,False,,0.0,0.36,3.99,698.98,703.33,2
301,301,linpack,medium,warm,200,1361.51,1361.51,0.0,739.18,622.32,False,,0.0,0.38,4.21,734.59,739.18,3
302,302,fetchdata,large,warm,200,92.98,92.98,0.0,80.28,12.69,False,80.24,0.0,0.04,0.0,,80.28,4
303,303,matrixmul,medium,warm,200,559.29,559.29,0.0,538.92,20.37,False,,0.0,0.37,3.99,534.55,538.92,4
304,304,genmatrix,small,warm,200,12.0,11.99,0.0,0.11,11.89,False,,0.0,0.02,,0.09,0.11,5
305,305,genmatrix,large,warm,200,84.8,36.9,47.9,0.79,36.11,False,,0.0,0.02,,0.77,0.79,5
306,306,matrixmul,large,warm,200,268.19,268.18,0.01,5.16,263.02,False,,0.0,0.35,4.18,0.62,5.16,4
307,307,fetchdata,medium,warm,200,90.33,90.33,0.0,76.66,13.67,False,76.64,0.0,0.02,0.0,,76.66,5
308,308,matrixmul,small,warm,200,89.44,89.44,0.0,5.09,84.34,False,,0.0,0.37,4.05,0.66,5.09,4
309,309,genmatrix,small,warm,200,13.94,13.94,0.0,0.11,13.83,False,,0.0,0.02,,0.09,0.11,2
310,310,genmatrix,medium,warm,200,15.83,15.83,0.0,0.2,15.63,False,,0.0,0.02,,0.18,0.2,2
311,311,genmatrix,large,warm,200,70.29,36.68,33.61,0.8,35.88,False,,0.0,0.02,,0.77,0.8,2
312,312,fastfouriertransform,small,warm,200,26.58,26.57,0.01,6.85,19.72,False,,0.0,5.76,0.0,1.08,6.85,2
313,313,fetchdata,small,warm,200,90.17,90.17,0.0,77.88,12.29,False,77.84,0.0,0.02,0.0,,77.87,2
314,314,matrixmul,large,warm,200,28.04,28.03,0.0,5.2,22.83,False,,0.0,0.43,4.12,0.65,5.2,2
315,315,fetchdata,large,warm,200,93.99,93.98,0.01,83.83,10.15,False,83.8,0.0,0.02,0.0,,83.83,1
316,316,fetchdata,small,warm,200,90.34,90.34,0.0,78.31,12.03,False,78.28,0.0,0.02,0.0,,78.31,1
317,317,matrixmul,medium,warm,200,565.21,565.21,0.0,540.99,24.22,False,,0.0,0.35,3.99,536.64,540.99,1
318,318,genmatrix,large,warm,200,92.98,34.9,58.08,0.77,34.13,False,,0.0,0.02,,0.75,0.77,2
319,319,matrixmul,medium,warm,200,919.85,919.85,0.0,553.34,366.51,False,,0.0,0.4,4.09,548.84,553.34,2
320,320,fastfouriertransform,small,warm,200,28.62,28.62,0.0,4.81,23.81,False,,0.0,3.94,0.0,0.86,4.81,3
321,321,matrixmul,medium,warm,200,1278.55,1274.63,3.92,545.11,729.52,False,,0.0,0.39,4.11,540.6,545.11,3
322,322,linpack,large,warm,200,20.17,20.16,0.0,5.56,14.61,False,,0.0,0.37,4.34,0.85,5.55,4
323,323,fastfouriertransform,large,warm,200,25.16,25.15,0.0,4.64,20.51,False,,0.0,3.85,0.0,0.79,4.64,3
324,324,matrixmul,medium,warm,200,1539.08,1539.07,0.01,557.29,981.78,False,,0.0,0.38,4.02,552.89,557.29,3
325,325,fastfouriertransform,medium,warm,200,679.51,679.5,0.0,659.63,19.87,False,,0.0,3.87,0.0,655.75,659.63,4
326,326,genmatrix,medium,warm,200,14.5,14.49,0.0,0.2,14.29,False,,0.0,0.02,,0.18,0.2,5
327,327,matrixmul,large,cold,200,1251.14,1251.13,0.0,4.92,1246.21,False,,0.0,0.35,3.98,0.58,4.92,5
328,328,linpack,large,warm,200,24.45,24.44,0.0,5.14,19.3,False,,0.0,0.37,4.0,0.77,5.14,6
329,329,fetchdata,medium,warm,200,132.78,132.78,0.0,121.61,11.17,False,121.58,0.0,0.02,0.0,,121.61,5
330,330,fetchdata,medium,warm,200,112.25,112.24,0.0,76.16,36.08,False,76.13,0.0,0.02,0.0,,76.16,6
331,331,matrixmul,medium,warm,200,1361.22,1361.22,0.0,510.61,850.61,False,,0.0,0.36,3.96,506.28,510.61,6
332,332,fastfouriertransform,medium,warm,200,675.09,675.09,0.0,655.55,19.54,False,,0.0,3.85,0.0,651.7,655.55,5
333,333,genmatrix,large,warm,200,120.09,39.75,80.34,0.89,38.86,False,,0.0,0.02,,0.86,0.89,6
334,334,matrixmul,large,cold,200,1074.52,1074.52,0.0,4.9,1069.62,False,,0.0,0.33,3.99,0.58,4.9,6
335,335,fetchdata,medium,warm,200,96.64,96.64,0.0,83.77,12.87,False,83.73,0.0,0.02,0.0,,83.76,6
336,336,fetchdata,large,warm,200,87.82,87.81,0.0,77.18,10.63,False,77.15,0.0,0.03,0.0,,77.18,6
337,337,linpack,small,warm,200,19.52,19.52,0.0,5.18,14.34,False,,0.0,0.37,4.04,0.77,5.18,6
338,338,matrixmul,large,warm,200,707.4,707.4,0.01,4.91,702.48,False,,0.0,0.36,3.98,0.57,4.91,6
339,339,linpack,large,warm,200,18.05,18.05,0.0,5.42,12.63,False,,0.0,0.36,4.24,0.81,5.42,6
340,340,fastfouriertransform,small,warm,200,23.81,23.81,0.01,4.64,19.17,False,,0.0,3.86,0.0,0.77,4.64,4
341,341,matrixmul,small,warm,200,382.53,382.53,0.0,4.87,377.66,False,,0.0,0.34,3.96,0.57,4.87,4
342,342,matrixmul,small,warm,200,295.79,295.78,0.0,4.91,290.88,False,,0.0,0.36,3.98,0.57,4.91,5
343,343,fastfouriertransform,medium,warm,200,774.68,774.68,0.0,661.49,113.19,False,,0.0,3.88,0.0,657.6,661.49,6
344,344,matrixmul,medium,warm,200,651.91,651.91,0.0,541.77,110.14,False,,0.0,0.37,4.09,537.31,541.77,7
345,345,fetchdata,medium,warm,200,84.17,84.17,0.0,74.08,10.09,False,74.05,0.0,0.02,0.0,,74.07,4
346,346,genmatrix,medium,warm,200,14.81,14.81,0.0,0.21,14.6,False,,0.0,0.02,,0.19,0.21,3
347,347,matrixmul,medium,warm,200,916.66,916.66,0.0,552.87,363.78,False,,0.0,0.39,4.03,548.45,552.87,3
348,348,matrixmul,medium,warm,200,1365.64,1365.64,0.01,544.5,821.13,False,,0.0,0.41,4.06,540.02,544.5,4
349,349,fastfouriertransform,medium,warm,200,838.82,838.82,0.0,660.21,178.61,False,,0.0,3.91,0.0,656.29,660.21,5
350,350,fastfouriertransform,large,warm,200,742.77,742.76,0.01,4.63,738.13,False,,0.0,3.92,0.0,0.7,4.63,6
351,351,linpack,small,warm,200,21.25,21.24,0.0,5.17,16.07,False,,0.0,0.34,4.06,0.76,5.17,5
352,352,genmatrix,small,warm,200,10.48,10.47,0.0,0.11,10.37,False,,0.0,0.02,,0.08,0.11,5
353,353,fastfouriertransform,large,warm,200,447.86,447.86,0.0,4.54,443.32,False,,0.0,3.82,0.0,0.71,4.54,5
354,354,fastfouriertransform,small,warm,200,357.97,357.97,0.0,4.56,353.41,False,,0.0,3.81,0.0,0.74,4.56,6
355,355,fetchdata,small,warm,200,94.39,94.39,0.0,79.93,14.45,False,79.9,0.0,0.02,0.0,,79.93,7
356,356,fastfouriertransform,large,warm,200,160.69,160.68,0.0,4.69,155.99,False,,0.0,3.96,0.0,0.72,4.69,7
357,357,fetchdata,small,warm,200,88.77,88.76,0.01,75.0,13.76,False,74.97,0.0,0.02,0.0,,75.0,7
358,358,fetchdata,medium,warm,200,87.52,87.52,0.0,75.18,12.34,False,75.15,0.0,0.02,0.0,,75.17,2
359,359,fastfouriertransform,large,warm,200,22.97,22.96,0.0,4.66,18.3,False,,0.0,3.87,0.0,0.78,4.66,2
360,360,fetchdata,medium,warm,200,86.06,86.06,0.0,73.88,12.17,False,73.86,0.0,0.02,0.0,,73.88,2
361,361,genmatrix,medium,warm,200,21.71,21.71,0.0,0.22,21.49,False,,0.0,0.02,,0.19,0.22,2
362,362,fetchdata,large,warm,200,91.24,91.23,0.0,78.92,12.32,False,78.88,0.0,0.02,0.0,,78.91,1
363,363,linpack,large,warm,200,19.86,19.85,0.0,5.57,14.28,False,,0.0,0.38,4.28,0.91,5.57,1
364,364,fastfouriertransform,small,warm,200,21.96,21.95,0.0,4.61,17.34,False,,0.0,3.83,0.0,0.77,4.61,1
365,365,genmatrix,small,warm,200,13.01,13.01,0.0,0.14,12.87,False,,0.0,0.02,,0.11,0.14,1
366,366,linpack,small,warm,200,19.06,19.06,0.0,5.06,14.0,False,,0.0,0.33,3.98,0.74,5.06,1
367,367,genmatrix,large,warm,200,63.41,48.08,15.33,1.36,46.72,False,,0.0,0.03,,1.33,1.36,1
368,368,matrixmul,medium,warm,200,566.02,566.02,0.0,548.33,17.69,False,,0.0,0.41,4.07,543.84,548.32,1
369,369,fetchdata,small,warm,200,88.1,88.1,0.0,77.92,10.18,False,77.89,0.0,0.02,0.0,,77.91,2
370,370,linpack,large,warm,200,20.35,20.35,0.0,5.38,14.96,False,,0.0,0.36,4.22,0.8,5.38,2
371,371,fetchdata,small,warm,200,84.32,84.31,0.0,74.68,9.64,False,74.65,0.0,0.02,0.0,,74.67,2
372,372,genmatrix,large,warm,200,51.74,36.52,15.22,0.86,35.67,False,,0.0,0.02,,0.83,0.86,2
373,373,linpack,small,warm,200,20.69,20.69,0.0,5.49,15.2,False,,0.0,0.36,4.36,0.77,5.49,2
374,374,linpack,small,warm,200,20.27,20.27,0.0,5.36,14.91,False,,0.0,0.39,4.13,0.83,5.36,1
375,375,genmatrix,large,warm,200,127.01,42.36,84.64,1.05,41.32,False,,0.0,0.03,,1.01,1.04,1
376,376,matrixmul,large,warm,200,38.06,38.05,0.01,5.12,32.93,False,,0.0,0.39,4.08,0.65,5.12,2
377,377,genmatrix,small,warm,200,12.27,12.26,0.0,0.14,12.12,False,,0.0,0.05,,0.09,0.14,1
378,378,linpack,large,warm,200,17.44,17.44,0.0,5.2,12.23,False,,0.0,0.35,4.08,0.77,5.2,1
379,379,genmatrix,small,warm,200,11.15,11.14,0.0,0.11,11.03,False,,0.0,0.02,,0.09,0.11,1
380,380,matrixmul,medium,warm,200,590.55,590.55,0.0,567.29,23.26,False,,0.0,0.36,4.06,562.86,567.29,1
381,381,fastfouriertransform,medium,warm,200,669.32,669.31,0.0,640.82,28.5,False,,0.0,3.95,0.0,636.86,640.81,2
382,382,genmatrix,large,warm,200,102.59,35.22,67.37,0.78,34.44,False,,0.0,0.02,,0.76,0.78,3
383,383,matrixmul,large,warm,200,307.83,307.83,0.0,5.54,302.29,False,,0.0,0.34,4.44,0.75,5.54,4
384,384,fetchdata,medium,warm,200,83.1,83.09,0.0,73.66,9.44,False,73.63,0.0,0.02,0.0,,73.66,4
385,385,fetchdata,large,warm,200,88.36,88.36,0.0,77.73,10.62,False,77.71,0.0,0.02,0.0,,77.73,4
386,386,linpack,large,warm,200,23.12,23.11,0.0,5.48,17.63,False,,0.0,0.38,4.26,0.84,5.48,3
387,387,genmatrix,large,warm,200,53.23,38.27,14.96,1.01,37.27,False,,0.0,0.02,,0.98,1.01,2
388,388,linpack,medium,warm,200,731.96,731.96,0.01,713.22,18.74,False,,0.0,0.35,5.38,707.47,713.21,1
389,389,matrixmul,medium,warm,200,596.91,596.9,0.0,578.47,18.43,False,,0.0,0.4,5.45,572.61,578.46,2
390,390,linpack,medium,warm,200,778.33,778.33,0.0,763.91,14.42,False,,0.0,0.36,4.12,759.43,763.91,3
391,391,genmatrix,small,warm,200,10.01,10.01,0.0,0.11,9.9,False,,0.0,0.02,,0.08,0.1,4
392,392,fastfouriertransform,medium,warm,200,672.18,672.18,0.0,651.46,20.72,False,,0.0,4.8,0.0,646.64,651.46,4
393,393,matrixmul,small,warm,200,217.35,213.36,3.99,6.1,207.26,False,,0.0,0.37,5.1,0.63,6.1,5
394,394,matrixmul,large,warm,200,121.44,121.43,0.01,5.12,116.31,False,,0.0,0.38,4.1,0.65,5.12,6
395,395,linpack,large,warm,200,286.41,286.4,0.0,8.01,278.39,False,,0.0,0.52,6.36,1.13,8.01,6
396,396,matrixmul,medium,warm,200,589.65,582.56,7.09,562.32,20.24,False,,0.0,0.49,4.27,557.56,562.32,4
397,397,fastfouriertransform,medium,warm,200,815.7,815.7,0.0,642.12,173.58,False,,0.0,3.96,0.0,638.15,642.12,5
398,398,genmatrix,small,warm,200,13.75,13.75,0.0,0.11,13.64,False,,0.0,0.02,,0.09,0.11,4
399,399,matrixmul,small,warm,200,297.79,297.79,0.0,5.2,292.59,False,,0.0,0.38,4.11,0.71,5.2,3
400,400,genmatrix,medium,warm,200,18.45,18.45,0.0,0.21,18.24,False,,0.0,0.02,,0.19,0.21,4
401,401,genmatrix,medium,warm,200,14.74,14.73,0.0,0.2,14.53,False,,0.0,0.02,,0.18,0.2,4
402,402,linpack,large,warm,200,18.28,18.28,0.0,5.54,12.74,False,,0.0,0.39,4.34,0.8,5.54,2
403,403,genmatrix,large,warm,200,58.55,37.0,21.54,0.8,36.21,False,,0.0,0.02,,0.77,0.8,2
404,404,fastfouriertransform,large,warm,200,124.5,124.49,0.0,4.72,119.77,False,,0.0,3.9,0.0,0.82,4.72,2
405,405,fetchdata,small,warm,200,87.91,87.91,0.01,75.95,11.95,False,75.93,0.0,0.02,0.0,,75.95,3
406,406,fetchdata,large,warm,200,93.23,93.22,0.0,81.27,11.96,False,81.24,0.0,0.02,0.0,,81.27,1
407,407,matrixmul,medium,warm,200,601.46,601.45,0.0,580.72,20.73,False,,0.0,0.39,4.02,576.29,580.72,1
408,408,linpack,small,warm,200,17.75,17.74,0.0,5.72,12.03,False,,0.0,0.38,4.47,0.86,5.71,2
409,409,matrixmul,large,warm,200,414.8,414.8,0.0,5.1,409.7,False,,0.0,0.37,4.06,0.67,5.1,2
410,410,matrixmul,medium,warm,200,889.56,889.56,0.0,565.97,323.58,False,,0.0,0.56,4.19,561.22,565.97,3
411,411,fastfouriertransform,small,warm,200,24.38,24.37,0.01,4.6,19.78,False,,0.0,3.85,0.0,0.73,4.59,4
412,412,genmatrix,small,warm,200,13.99,13.98,0.0,0.11,13.88,False,,0.0,0.02,,0.09,0.11,4
413,413,matrixmul,large,warm,200,610.52,610.51,0.01,5.14,605.37,False,,0.0,0.38,4.13,0.63,5.14,4
414,414,fetchdata,medium,warm,200,88.65,88.64,0.0,78.79,9.85,False,78.76,0.0,0.03,0.0,,78.79,3
415,415,linpack,medium,warm,200,806.96,806.95,0.0,793.13,13.82,False,,0.0,0.37,4.33,788.42,793.13,3
416,416,matrixmul,large,warm,200,326.35,326.34,0.01,5.71,320.63,False,,0.0,0.88,4.18,0.65,5.71,4
417,417,linpack,medium,warm,200,735.77,735.76,0.0,722.23,13.53,False,,0.0,0.38,3.97,717.87,722.23,5
418,418,matrixmul,large,warm,200,135.08,135.07,0.0,5.2,129.88,False,,0.0,0.44,4.11,0.63,5.2,6
419,419,linpack,medium,warm,200,1254.48,1254.47,0.0,845.03,409.44,False,,0.0,0.37,4.45,840.21,845.03,6
420,420,genmatrix,large,warm,200,132.77,36.34,96.43,0.88,35.46,False,,0.0,0.02,,0.85,0.88,4
421,421,matrixmul,medium,warm,200,571.57,571.56,0.0,552.61,18.95,False,,0.0,0.39,4.8,547.41,552.61,5
422,422,genmatrix,medium,warm,200,14.05,14.04,0.0,0.22,13.82,False,,0.0,0.02,,0.2,0.22,5
423,423,fetchdata,small,warm,200,86.51,86.5,0.0,75.07,11.43,False,75.05,0.0,0.02,0.0,,75.07,5
424,424,fetchdata,medium,warm,200,93.36,93.36,0.01,81.1,12.26,False,81.07,0.0,0.02,0.0,,81.09,4
425,425,fastfouriertransform,large,warm,200,25.65,25.64,0.0,4.85,20.8,False,,0.0,3.98,0.01,0.85,4.85,3
426,426,linpack,large,warm,200,21.61,21.61,0.0,5.47,16.14,False,,0.0,0.41,4.15,0.9,5.47,3
427,427,fetchdata,small,warm,200,92.02,92.01,0.0,80.8,11.21,False,80.77,0.0,0.02,0.0,,80.8,2
428,428,fetchdata,large,warm,200,84.44,84.43,0.0,75.39,9.05,False,75.36,0.0,0.02,0.0,,75.38,2
429,429,matrixmul,medium,warm,200,588.68,588.68,0.0,567.75,20.93,False,,0.0,0.36,4.48,562.9,567.75,2
430,430,linpack,large,warm,200,18.83,18.82,0.0,5.15,13.67,False,,0.0,0.35,4.01,0.79,5.15,3
431,431,linpack,medium,warm,200,740.0,740.0,0.0,723.32,16.68,False,,0.0,0.35,4.25,718.71,723.31,3
432,432,fastfouriertransform,small,warm,200,26.3,26.29,0.0,4.76,21.54,False,,0.0,3.93,0.0,0.82,4.76,3
433,433,genmatrix,small,warm,200,13.14,13.13,0.0,0.1,13.03,False,,0.0,0.02,,0.08,0.1,3
434,434,genmatrix,small,warm,200,10.86,10.86,0.0,0.1,10.76,False,,0.0,0.02,,0.08,0.1,3
435,435,genmatrix,small,warm,200,14.51,14.5,0.0,0.1,14.4,False,,0.0,0.02,,0.08,0.1,2
436,436,linpack,small,warm,200,17.35,17.34,0.0,5.47,11.87,False,,0.0,0.39,4.29,0.79,5.47,2
437,437,genmatrix,small,warm,200,13.89,13.89,0.0,0.11,13.78,False,,0.0,0.02,,0.08,0.11,2
438,438,fastfouriertransform,large,warm,200,25.25,25.24,0.0,4.72,20.52,False,,0.0,3.92,0.0,0.79,4.72,2
439,439,genmatrix,large,warm,200,258.65,36.13,222.52,0.85,35.28,False,,0.0,0.02,,0.83,0.85,1
440,440,fetchdata,large,warm,200,86.1,86.09,0.0,75.08,11.02,False,75.05,0.0,0.02,0.0,,75.08,2
441,441,matrixmul,small,warm,200,28.56,28.56,0.0,9.19,19.37,False,,0.0,0.38,8.16,0.64,9.19,2
442,442,fastfouriertransform,large,warm,200,25.52,25.52,0.0,4.58,20.94,False,,0.0,3.84,0.0,0.73,4.58,1
443,443,genmatrix,medium,warm,200,16.03,16.03,0.0,0.2,15.83,False,,0.0,0.02,,0.18,0.2,1
444,444,matrixmul,medium,warm,200,597.68,597.67,0.0,574.38,23.29,False,,0.0,0.44,4.26,569.68,574.38,1
445,445,genmatrix,small,warm,200,14.28,14.28,0.0,0.14,14.14,False,,0.0,0.03,,0.11,0.14,2
446,446,fastfouriertransform,medium,warm,200,679.42,679.41,0.0,662.43,16.98,False,,0.0,3.85,0.0,658.57,662.43,2
447,447,matrixmul,small,warm,200,315.81,310.85,4.96,5.04,305.81,False,,0.0,0.35,4.05,0.64,5.04,3
448,448,fastfouriertransform,medium,warm,200,1141.77,1141.77,0.0,658.72,483.05,False,,0.0,3.84,0.0,654.87,658.72,4
449,449,matrixmul,small,warm,200,125.09,125.09,0.01,5.31,119.78,False,,0.0,0.46,4.17,0.67,5.31,5
450,450,linpack,large,warm,200,27.69,27.69,0.0,6.87,20.82,False,,0.0,0.49,5.3,1.09,6.87,5
451,451,fastfouriertransform,small,warm,200,846.97,846.96,0.01,4.66,842.31,False,,0.0,3.85,0.0,0.8,4.66,3
452,452,fetchdata,large,warm,200,94.41,94.41,0.0,81.43,12.98,False,81.39,0.0,0.02,0.0,,81.43,4
453,453,genmatrix,small,warm,200,13.16,13.16,0.01,0.11,13.05,False,,0.0,0.02,,0.08,0.11,3
454,454,fetchdata,small,warm,200,85.59,85.59,0.0,73.1,12.49,False,73.08,0.0,0.02,0.0,,73.1,3
455,455,linpack,medium,warm,200,773.0,773.0,0.0,758.61,14.39,False,,0.0,0.4,4.25,753.96,758.61,3
456,456,linpack,large,warm,200,20.72,20.71,0.0,5.41,15.3,False,,0.0,0.36,4.27,0.78,5.41,4
457,457,linpack,small,warm,200,24.74,24.73,0.0,6.25,18.48,False,,0.0,0.45,4.92,0.88,6.25,4
458,458,linpack,medium,warm,200,748.05,748.04,0.0,732.56,15.48,False,,0.0,0.39,4.08,728.09,732.56,4
459,459,matrixmul,medium,warm,200,573.42,573.41,0.0,553.17,20.24,False,,0.0,0.4,4.2,548.57,553.17,5
460,460,genmatrix,large,warm,200,147.39,35.67,111.72,0.83,34.84,False,,0.0,0.02,,0.81,0.83,4
461,461,matrixmul,medium,warm,200,937.17,937.16,0.01,554.63,382.53,False,,0.0,0.38,4.15,550.09,554.63,5
462,462,linpack,large,warm,200,85.48,85.47,0.01,6.04,79.43,False,,0.0,0.42,4.61,1.01,6.04,5
463,463,fastfouriertransform,large,warm,200,24.65,24.64,0.01,4.76,19.89,False,,0.0,3.95,0.0,0.8,4.75,4
464,464,fastfouriertransform,small,warm,200,22.49,22.48,0.0,4.72,17.77,False,,0.0,3.91,0.0,0.8,4.72,4
465,465,fetchdata,medium,warm,200,89.1,89.1,0.01,78.39,10.71,False,78.36,0.0,0.02,0.0,,78.39,3
466,466,fastfouriertransform,small,warm,200,22.21,22.2,0.0,4.62,17.59,False,,0.0,3.87,0.0,0.74,4.62,2
467,467,fetchdata,small,warm,200,85.36,85.35,0.0,74.26,11.09,False,74.24,0.0,0.02,0.0,,74.26,2
468,468,linpack,small,warm,200,19.97,19.97,0.0,5.56,14.41,False,,0.0,0.41,4.35,0.79,5.56,2
469,469,fetchdata,small,warm,200,90.12,90.12,0.0,77.68,12.44,False,77.65,0.0,0.02,0.0,,77.67,2
470,470,matrixmul,medium,warm,200,609.1,609.1,0.0,557.57,51.53,False,,0.0,0.4,4.19,552.96,557.57,2
471,471,linpack,medium,warm,200,810.3,810.29,0.0,789.02,21.28,False,,0.0,0.41,4.48,784.11,789.01,2
472,472,genmatrix,small,warm,200,9.84,9.83,0.0,0.11,9.73,False,,0.0,0.02,,0.08,0.11,3
473,473,fetchdata,medium,warm,200,84.92,84.91,0.0,73.29,11.62,False,73.26,0.0,0.02,0.0,,73.29,3
474,474,genmatrix,large,warm,200,112.31,34.9,77.41,0.82,34.08,False,,0.0,0.02,,0.79,0.82,3
475,475,matrixmul,small,warm,200,115.88,115.88,0.01,5.31,110.57,False,,0.0,0.48,4.12,0.7,5.31,4
476,476,fetchdata,medium,warm,200,88.12,88.11,0.0,77.69,10.42,False,77.66,0.0,0.02,0.0,,77.69,4
477,477,linpack,large,warm,200,24.01,24.01,0.0,5.63,18.38,False,,0.0,0.37,4.4,0.86,5.63,2
478,478,fetchdata,medium,warm,200,89.15,89.15,0.0,77.25,11.9,False,77.22,0.0,0.02,0.0,,77.25,2
479,479,fastfouriertransform,large,warm,200,22.71,22.71,0.0,4.62,18.08,False,,0.0,3.89,0.0,0.73,4.62,2
480,480,fetchdata,large,warm,200,90.66,90.66,0.0,75.02,15.63,False,75.0,0.0,0.02,0.0,,75.02,1
481,481,fetchdata,medium,warm,200,84.48,84.48,0.0,73.89,10.59,False,73.86,0.0,0.02,0.0,,73.89,1
482,482,fetchdata,small,warm,200,90.69,90.68,0.0,79.58,11.11,False,79.54,0.0,0.03,0.0,,79.57,1
483,483,fastfouriertransform,small,warm,200,28.18,28.18,0.0,4.91,23.27,False,,0.0,4.0,0.0,0.9,4.91,1
484,484,genmatrix,large,warm,200,90.84,36.46,54.38,0.86,35.61,False,,0.0,0.02,,0.83,0.86,1
485,485,linpack,medium,warm,200,814.63,814.63,0.0,798.1,16.53,False,,0.0,0.37,4.36,793.37,798.1,1
486,486,matrixmul,small,warm,200,41.2,24.07,17.13,5.19,18.88,False,,0.0,0.37,4.19,0.62,5.19,2
487,487,matrixmul,large,warm,200,24.29,24.28,0.0,5.0,19.29,False,,0.0,0.37,4.02,0.6,4.99,2
488,488,genmatrix,large,warm,200,102.74,35.57,67.17,0.78,34.79,False,,0.0,0.02,,0.76,0.78,2
489,489,matrixmul,medium,warm,200,591.41,591.39,0.02,568.12,23.27,False,,0.0,0.57,4.5,563.03,568.12,2
490,490,linpack,large,warm,200,19.02,19.02,0.0,5.74,13.28,False,,0.0,0.39,4.14,1.21,5.73,3
491,491,matrixmul,medium,warm,200,979.52,979.51,0.0,569.29,410.22,False,,0.0,0.4,4.75,564.14,569.29,3
492,492,fastfouriertransform,large,warm,200,24.59,24.58,0.0,4.92,19.66,False,,0.0,4.07,0.0,0.85,4.92,4
493,493,fastfouriertransform,medium,warm,200,674.02,674.02,0.0,655.69,18.33,False,,0.0,3.9,0.0,651.78,655.69,4
494,494,genmatrix,large,warm,200,79.84,34.74,45.1,0.81,33.93,False,,0.0,0.02,,0.78,0.81,4
495,495,genmatrix,small,warm,200,13.17,13.17,0.0,0.11,13.05,False,,0.0,0.02,,0.09,0.11,4
496,496,fastfouriertransform,small,warm,200,379.36,379.36,0.01,4.6,374.76,False,,0.0,3.86,0.0,0.73,4.6,3
497,497,linpack,large,warm,200,18.8,18.8,0.0,5.61,13.18,False,,0.0,0.43,4.39,0.79,5.61,4
498,498,fastfouriertransform,large,warm,200,182.44,182.43,0.0,4.64,177.79,False,,0.0,3.9,0.0,0.73,4.64,4
499,499,genmatrix,large,warm,200,144.46,34.7,109.76,0.84,33.86,False,,0.0,0.02,,0.81,0.83,5
500,500,fastfouriertransform,small,warm,200,27.18,27.18,0.0,4.66,22.52,False,,0.0,3.88,0.0,0.77,4.66,3
501,501,matrixmul,large,warm,200,24.3,24.3,0.01,4.93,19.37,False,,0.0,0.35,4.01,0.57,4.93,1
502,502,matrixmul,medium,warm,200,597.69,590.81,6.88,569.17,21.64,False,,0.0,0.82,6.44,561.9,569.17,1
503,503,fetchdata,large,warm,200,93.38,93.38,0.0,82.13,11.25,False,82.1,0.0,0.02,0.0,,82.13,2
504,504,matrixmul,large,warm,200,411.01,411.01,0.01,5.25,405.76,False,,0.0,0.38,4.17,0.69,5.25,2
505,505,matrixmul,small,warm,200,321.21,321.2,0.0,5.0,316.2,False,,0.0,0.36,4.03,0.61,5.0,3
506,506,matrixmul,medium,warm,200,798.24,798.23,0.0,568.37,229.86,False,,0.0,0.97,4.19,563.2,568.37,4
507,507,matrixmul,medium,warm,200,1272.64,1272.64,0.0,574.54,698.1,False,,0.0,0.87,4.06,569.59,574.53,5
508,508,genmatrix,large,warm,200,134.45,37.47,96.99,0.79,36.68,False,,0.0,0.02,,0.77,0.79,6
509,509,fastfouriertransform,small,warm,200,24.77,24.77,0.0,4.96,19.81,False,,0.0,4.06,0.0,0.89,4.96,4
510,510,genmatrix,medium,warm,200,17.71,17.71,0.0,0.22,17.49,False,,0.0,0.02,,0.19,0.22,3
511,511,matrixmul,medium,warm,200,1433.7,1433.69,0.01,550.0,883.7,False,,0.0,0.35,4.33,545.3,549.99,3
512,512,matrixmul,large,cold,200,1349.88,1349.87,0.0,5.93,1343.95,False,,0.0,0.39,4.86,0.67,5.92,4
513,513,fastfouriertransform,medium,warm,200,665.53,665.53,0.0,647.38,18.14,False,,0.0,3.86,0.0,643.52,647.38,5
514,514,fastfouriertransform,medium,warm,200,1240.89,1240.89,0.01,673.42,567.46,False,,0.0,3.83,0.0,669.59,673.42,5
515,515,genmatrix,medium,warm,200,14.86,14.85,0.0,0.24,14.61,False,,0.0,0.03,,0.2,0.24,6
516,516,fastfouriertransform,medium,cold,200,1694.66,1694.65,0.0,650.22,1044.43,False,,0.0,3.84,0.0,646.38,650.22,6
517,517,linpack,small,warm,200,26.42,26.41,0.0,7.63,18.79,False,,0.0,0.4,6.4,0.82,7.63,7
518,518,linpack,medium,warm,200,726.58,726.57,0.0,714.52,12.05,False,,0.0,0.42,4.64,709.46,714.52,7
519,519,matrixmul,small,warm,200,658.03,658.02,0.01,5.22,652.8,False,,0.0,0.48,4.08,0.66,5.22,8
520,520,fetchdata,large,warm,200,83.54,83.54,0.0,74.2,9.34,False,74.17,0.0,0.02,0.0,,74.2,7
521,521,genmatrix,large,warm,200,115.48,45.58,69.9,1.07,44.5,False,,0.0,0.02,,1.04,1.07,7
522,522,matrixmul,large,warm,200,374.49,374.48,0.0,5.4,369.08,False,,0.0,0.53,4.19,0.66,5.4,8
523,523,matrixmul,small,warm,200,284.13,284.13,0.01,5.9,278.22,False,,0.0,0.38,4.86,0.65,5.9,8
524,524,fetchdata,medium,warm,200,91.02,91.02,0.0,77.61,13.41,False,77.57,0.0,0.03,0.0,,77.6,9
525,525,linpack,small,warm,200,19.28,19.28,0.0,5.57,13.7,False,,0.0,0.43,4.34,0.8,5.57,9
526,526,genmatrix,medium,warm,200,16.93,16.92,0.01,0.21,16.71,False,,0.0,0.02,,0.19,0.21,3
527,527,matrixmul,small,warm,200,26.77,26.77,0.0,5.08,21.68,False,,0.0,0.37,4.06,0.64,5.08,2
528,528,fastfouriertransform,large,warm,200,502.29,502.29,0.0,4.52,497.77,False,,0.0,3.79,0.0,0.72,4.52,2
529,529,linpack,small,warm,200,18.45,18.44,0.0,5.4,13.04,False,,0.0,0.36,4.05,0.98,5.4,3
530,530,fetchdata,medium,warm,200,98.01,98.01,0.0,85.43,12.58,False,85.4,0.0,0.02,0.0,,85.43,3
531,531,linpack,small,warm,200,17.69,17.68,0.0,5.66,12.02,False,,0.0,0.38,4.46,0.82,5.66,3
532,532,linpack,medium,warm,200,736.41,736.41,0.0,722.52,13.88,False,,0.0,0.39,4.11,718.02,722.52,3
533,533,fastfouriertransform,small,warm,200,21.53,21.53,0.0,4.67,16.86,False,,0.0,3.88,0.0,0.78,4.67,3
534,534,fastfouriertransform,medium,warm,200,662.16,662.16,0.0,643.93,18.23,False,,0.0,3.91,0.0,640.01,643.92,2
535,535,fastfouriertransform,large,warm,200,568.01,568.01,0.01,4.57,563.43,False,,0.0,3.83,0.0,0.74,4.57,3
536,536,fetchdata,medium,warm,200,92.87,92.86,0.0,81.55,11.31,False,81.51,0.0,0.03,0.0,,81.55,4
537,537,genmatrix,large,warm,200,102.68,37.15,65.53,0.79,36.36,False,,0.0,0.02,,0.77,0.79,4
538,538,genmatrix,medium,warm,200,22.88,22.88,0.0,0.2,22.67,False,,0.0,0.02,,0.18,0.2,5
539,539,matrixmul,medium,warm,200,585.2,578.63,6.57,558.57,20.06,False,,0.0,0.38,4.04,554.14,558.56,4
540,540,fetchdata,medium,warm,200,83.65,83.65,0.01,73.19,10.45,False,73.17,0.0,0.02,0.0,,73.19,4
541,541,linpack,small,warm,200,21.66,21.66,0.01,5.26,16.4,False,,0.0,0.36,4.03,0.86,5.25,2
542,542,matrixmul,small,warm,200,290.82,290.82,0.0,6.09,284.73,False,,0.0,1.18,4.18,0.73,6.09,2
543,543,linpack,large,warm,200,19.66,19.66,0.0,5.78,13.88,False,,0.0,0.41,4.48,0.88,5.77,3
544,544,fetchdata,small,warm,200,90.35,90.35,0.0,77.74,12.61,False,77.7,0.0,0.03,0.0,,77.73,3
545,545,genmatrix,medium,warm,200,14.97,14.96,0.0,0.21,14.76,False,,0.0,0.02,,0.18,0.21,1
546,546,genmatrix,large,warm,200,105.25,34.31,70.94,0.81,33.5,False,,0.0,0.02,,0.78,0.81,1
547,547,genmatrix,small,warm,200,23.45,23.44,0.01,0.11,23.33,False,,0.0,0.02,,0.08,0.11,2
548,548,genmatrix,large,warm,200,108.77,42.58,66.19,0.83,41.74,False,,0.0,0.02,,0.81,0.83,1
549,549,genmatrix,large,warm,200,143.94,36.66,107.28,0.85,35.81,False,,0.0,0.02,,0.82,0.85,2
550,550,linpack,large,warm,200,22.41,22.41,0.0,8.12,14.29,False,,0.0,0.53,6.42,1.16,8.12,2
551,551,matrixmul,small,warm,200,106.7,26.28,80.42,4.99,21.29,False,,0.0,0.35,4.02,0.62,4.99,1
552,552,matrixmul,large,warm,200,23.05,23.04,0.0,5.08,17.97,False,,0.0,0.37,4.04,0.66,5.08,2
553,553,matrixmul,medium,warm,200,594.85,594.85,0.0,576.47,18.38,False,,0.0,0.35,4.02,572.1,576.47,1
554,554,genmatrix,large,warm,200,68.77,36.75,32.02,0.98,35.76,False,,0.0,0.03,,0.94,0.98,2
555,555,linpack,medium,warm,200,809.76,809.75,0.0,794.66,15.09,False,,0.0,0.4,4.56,789.7,794.66,2
556,556,matrixmul,medium,warm,200,863.42,863.42,0.0,557.56,305.86,False,,0.0,0.36,3.97,553.22,557.55,3
557,557,fetchdata,large,warm,200,84.84,84.83,0.0,74.73,10.1,False,74.7,0.0,0.02,0.0,,74.73,4
558,558,fetchdata,large,warm,200,85.99,85.98,0.0,74.92,11.06,False,74.89,0.0,0.02,0.0,,74.92,4
559,559,matrixmul,small,warm,200,575.51,575.51,0.0,5.65,569.86,False,,0.0,0.65,4.39,0.6,5.65,3
560,560,matrixmul,small,warm,200,482.74,482.74,0.0,5.49,477.25,False,,0.0,0.76,4.11,0.61,5.49,4
561,561,genmatrix,large,warm,200,117.09,39.3,77.79,0.87,38.44,False,,0.0,0.02,,0.84,0.86,5
562,562,matrixmul,large,warm,200,308.26,295.83,12.44,5.39,290.43,False,,0.0,0.67,4.11,0.61,5.39,6
563,563,matrixmul,medium,warm,200,764.33,764.33,0.0,562.21,202.12,False,,0.0,0.51,4.05,557.65,562.21,6
564,564,fetchdata,medium,warm,200,86.2,86.2,0.0,75.06,11.14,False,75.03,0.0,0.02,0.0,,75.06,6
565,565,fastfouriertransform,small,warm,200,23.47,23.46,0.0,4.58,18.88,False,,0.0,3.84,0.0,0.74,4.58,3
566,566,linpack,large,warm,200,19.77,19.76,0.0,5.18,14.58,False,,0.0,0.37,4.02,0.78,5.18,2
567,567,genmatrix,small,warm,200,11.86,11.86,0.0,0.15,11.71,False,,0.0,0.03,,0.11,0.14,2
568,568,matrixmul,small,warm,200,282.11,282.1,0.0,5.22,276.89,False,,0.0,0.37,4.18,0.67,5.22,2
569,569,linpack,medium,warm,200,735.89,735.88,0.0,720.88,15.0,False,,0.0,0.38,4.08,716.42,720.88,3
570,570,fastfouriertransform,large,warm,200,22.28,22.27,0.0,4.6,17.67,False,,0.0,3.86,0.0,0.74,4.6,4
571,571,fetchdata,medium,warm,200,86.86,86.86,0.0,74.62,12.24,False,74.59,0.0,0.02,0.0,,74.62,2
572,572,fetchdata,small,warm,200,85.95,85.95,0.0,74.69,11.25,False,74.66,0.0,0.02,0.0,,74.69,2
573,573,matrixmul,medium,warm,200,588.4,588.4,0.0,571.59,16.81,False,,0.0,0.37,3.99,567.22,571.59,2
574,574,genmatrix,large,warm,200,122.71,44.15,78.56,1.01,43.14,False,,0.0,0.02,,0.98,1.01,3
575,575,matrixmul,large,warm,200,398.33,398.32,0.0,5.0,393.33,False,,0.0,0.39,4.0,0.6,5.0,4
576,576,fastfouriertransform,medium,warm,200,661.29,661.29,0.0,640.05,21.24,False,,0.0,3.92,0.0,636.12,640.05,4
577,577,linpack,medium,warm,200,724.31,724.3,0.0,712.32,11.98,False,,0.0,0.36,4.56,707.39,712.32,4
578,578,genmatrix,large,warm,200,132.17,33.87,98.3,0.84,33.02,False,,0.0,0.02,,0.82,0.84,5
579,579,matrixmul,large,warm,200,21.95,21.94,0.0,4.9,17.04,False,,0.0,0.35,3.98,0.57,4.9,4
580,580,fastfouriertransform,large,warm,200,269.34,269.33,0.0,4.8,264.53,False,,0.0,3.93,0.0,0.85,4.8,3
581,581,fastfouriertransform,small,warm,200,173.22,173.22,0.01,4.75,168.46,False,,0.0,3.92,0.0,0.82,4.75,4
582,582,genmatrix,small,warm,200,11.11,11.11,0.0,0.13,10.97,False,,0.0,0.02,,0.1,0.13,5
583,583,fastfouriertransform,medium,warm,200,659.73,659.72,0.0,639.36,20.36,False,,0.0,3.86,0.0,635.49,639.36,2
584,584,fastfouriertransform,large,warm,200,565.1,565.09,0.0,4.74,560.35,False,,0.0,3.89,0.01,0.84,4.74,3
585,585,fastfouriertransform,medium,warm,200,1119.27,1119.26,0.01,650.2,469.06,False,,0.0,3.93,0.0,646.26,650.2,3
586,586,fetchdata,large,warm,200,80.86,80.86,0.0,72.44,8.42,False,72.41,0.0,0.02,0.0,,72.44,4
587,587,genmatrix,small,warm,200,13.05,13.05,0.0,0.14,12.9,False,,0.0,0.03,,0.11,0.14,4
588,588,fastfouriertransform,medium,warm,200,1464.85,1464.85,0.0,644.23,820.62,False,,0.0,3.84,0.0,640.38,644.23,4
589,589,fastfouriertransform,medium,cold,200,2020.09,2020.09,0.01,650.22,1369.87,False,,0.0,3.88,0.0,646.34,650.22,5
590,590,genmatrix,medium,warm,200,17.21,17.21,0.0,0.2,17.01,False,,0.0,0.02,,0.18,0.2,4
591,591,matrixmul,small,warm,200,22.57,22.57,0.0,5.06,17.51,False,,0.0,0.37,4.08,0.61,5.06,4
592,592,fetchdata,large,warm,200,84.02,84.02,0.0,74.41,9.61,False,74.38,0.0,0.02,0.0,,74.41,4
593,593,matrixmul,large,warm,200,24.99,24.98,0.0,5.06,19.92,False,,0.0,0.37,4.04,0.64,5.06,4
594,594,fetchdata,small,warm,200,90.4,90.4,0.0,79.98,10.42,False,79.94,0.0,0.02,0.0,,79.97,4
595,595,fetchdata,small,warm,200,91.38,91.38,0.0,81.53,9.85,False,81.49,0.0,0.03,0.0,,81.53,4
596,596,linpack,medium,warm,200,888.64,888.63,0.0,876.69,11.94,False,,0.0,0.38,4.45,871.85,876.68,4
597,597,linpack,large,warm,200,18.07,18.07,0.0,5.26,12.81,False,,0.0,0.35,4.02,0.89,5.25,4
598,598,fetchdata,medium,warm,200,85.35,85.35,0.0,74.0,11.35,False,73.97,0.0,0.02,0.0,,74.0,4
599,599,linpack,small,warm,200,17.39,17.39,0.01,5.18,12.21,False,,0.0,0.35,4.02,0.81,5.18,4
600,600,fetchdata,medium,warm,200,93.57,93.56,0.0,80.11,13.45,False,80.08,0.0,0.02,0.0,,80.11,4
601,601,genmatrix,medium,warm,200,18.06,18.05,0.01,0.2,17.85,False,,0.0,0.02,,0.18,0.2,4
602,602,genmatrix,large,warm,200,137.06,35.61,101.46,0.78,34.82,False,,0.0,0.02,,0.76,0.78,4
603,603,fastfouriertransform,medium,warm,200,1271.87,1271.86,0.0,650.95,620.91,False,,0.0,3.84,0.0,647.11,650.95,4
604,604,genmatrix,large,warm,200,119.58,34.09,85.49,0.79,33.3,False,,0.0,0.02,,0.77,0.79,4
605,605,linpack,small,warm,200,34.93,34.93,0.0,8.22,26.71,False,,0.0,0.58,6.46,1.18,8.22,4
606,606,fastfouriertransform,medium,warm,200,1624.2,1624.19,0.0,651.77,972.42,False,,0.0,3.85,0.0,647.92,651.77,3
607,607,genmatrix,large,warm,200,103.56,35.63,67.93,0.94,34.7,False,,0.0,0.02,,0.91,0.94,4
608,608,genmatrix,large,warm,200,106.5,34.59,71.92,0.8,33.79,False,,0.0,0.02,,0.77,0.8,5
609,609,matrixmul,large,warm,200,23.06,23.06,0.0,4.91,18.15,False,,0.0,0.35,3.98,0.58,4.91,5
610,610,genmatrix,medium,warm,200,15.0,15.0,0.0,0.2,14.8,False,,0.0,0.02,,0.18,0.2,3
611,611,genmatrix,small,warm,200,11.3,11.3,0.0,0.12,11.18,False,,0.0,0.02,,0.09,0.12,3
612,612,matrixmul,medium,warm,200,586.98,586.97,0.01,564.04,22.93,False,,0.0,0.49,4.14,559.4,564.04,3
613,613,fastfouriertransform,small,warm,200,936.49,936.49,0.01,4.58,931.9,False,,0.0,3.84,0.0,0.74,4.58,4
614,614,matrixmul,large,warm,200,397.3,397.29,0.01,4.98,392.31,False,,0.0,0.35,4.02,0.61,4.98,5
615,615,genmatrix,large,warm,200,123.32,33.57,89.75,0.82,32.75,False,,0.0,0.02,,0.8,0.82,6
616,616,genmatrix,large,warm,200,139.28,38.46,100.82,0.79,37.67,False,,0.0,0.02,,0.77,0.79,6
617,617,genmatrix,small,warm,200,9.51,9.51,0.0,0.11,9.4,False,,0.0,0.02,,0.08,0.11,6
618,618,matrixmul,medium,warm,200,582.32,582.32,0.0,562.28,20.03,False,,0.0,0.45,4.21,557.62,562.28,3
619,619,fastfouriertransform,large,warm,200,339.37,339.37,0.0,4.54,334.82,False,,0.0,3.83,0.0,0.71,4.54,4
620,620,fastfouriertransform,large,warm,200,244.3,244.3,0.0,4.64,239.66,False,,0.0,3.83,0.0,0.8,4.64,5
621,621,matrixmul,medium,warm,200,861.51,861.5,0.0,568.89,292.61,False,,0.0,0.39,4.13,564.37,568.89,6
622,622,fetchdata,large,warm,200,129.19,129.19,0.0,119.81,9.38,False,119.79,0.0,0.02,0.0,,119.81,7
623,623,genmatrix,small,warm,200,11.1,11.1,0.0,0.11,10.99,False,,0.0,0.02,,0.08,0.11,4
624,624,fetchdata,large,warm,200,100.39,100.39,0.0,87.01,13.38,False,86.97,0.0,0.03,0.0,,87.0,2
625,625,genmatrix,large,warm,200,141.18,47.78,93.4,1.17,46.61,False,,0.0,0.03,,1.13,1.16,3
626,626,fetchdata,large,warm,200,91.83,91.82,0.01,79.47,12.35,False,79.44,0.0,0.02,0.0,,79.47,3
627,627,fastfouriertransform,large,warm,200,23.01,23.0,0.0,4.59,18.41,False,,0.0,3.86,0.0,0.73,4.59,2
628,628,fastfouriertransform,medium,warm,200,665.3,665.3,0.0,648.69,16.61,False,,0.0,3.86,0.0,644.83,648.69,2
629,629,matrixmul,small,warm,200,76.69,76.69,0.0,4.97,71.72,False,,0.0,0.34,4.04,0.58,4.97,3
630,630,linpack,medium,warm,200,740.8,740.79,0.0,728.39,12.4,False,,0.0,0.37,4.23,723.79,728.39,2
631,631,fetchdata,small,warm,200,132.28,132.27,0.0,122.62,9.65,False,122.59,0.0,0.02,0.0,,122.62,3
632,632,genmatrix,medium,warm,200,14.82,14.81,0.0,0.28,14.53,False,,0.0,0.03,,0.25,0.28,4
633,633,matrixmul,small,warm,200,30.31,30.31,0.0,9.04,21.26,False,,0.0,0.37,8.04,0.63,9.04,3
634,634,fetchdata,small,warm,200,87.28,87.27,0.01,76.72,10.55,False,76.69,0.0,0.03,0.0,,76.72,3
635,635,linpack,medium,warm,200,812.21,812.2,0.0,799.21,12.99,False,,0.0,0.36,4.27,794.58,799.21,2
636,636,linpack,large,warm,200,729.56,729.55,0.01,6.07,723.48,False,,0.0,0.44,4.62,1.01,6.07,3
637,637,genmatrix,small,warm,200,11.0,11.0,0.0,0.13,10.87,False,,0.0,0.03,,0.1,0.13,4
638,638,genmatrix,medium,warm,200,17.17,17.17,0.0,0.24,16.93,False,,0.0,0.03,,0.21,0.24,3
639,639,genmatrix,large,warm,200,107.44,37.1,70.33,0.85,36.25,False,,0.0,0.02,,0.83,0.85,3
640,640,genmatrix,small,warm,200,22.79,22.78,0.01,0.11,22.67,False,,0.0,0.02,,0.08,0.11,4
641,641,matrixmul,small,warm,200,21.5,21.49,0.0,4.93,16.56,False,,0.0,0.35,4.0,0.57,4.93,3
642,642,fetchdata,small,warm,200,84.49,84.49,0.0,74.88,9.61,False,74.85,0.0,0.02,0.0,,74.87,3
643,643,matrixmul,large,warm,200,27.26,27.26,0.0,5.0,22.26,False,,0.0,0.35,4.06,0.58,4.99,3
644,644,genmatrix,small,warm,200,15.14,15.13,0.0,0.11,15.02,False,,0.0,0.02,,0.09,0.11,1
645,645,matrixmul,small,warm,200,24.94,24.94,0.0,6.08,18.86,False,,0.0,0.38,4.91,0.79,6.08,1
646,646,genmatrix,large,warm,200,132.21,34.26,97.95,0.82,33.44,False,,0.0,0.02,,0.8,0.82,1
647,647,fastfouriertransform,medium,warm,200,663.1,663.09,0.0,646.04,17.06,False,,0.0,3.86,0.0,642.17,646.03,2
648,648,genmatrix,large,warm,200,121.66,35.3,86.36,0.78,34.52,False,,0.0,0.02,,0.76,0.78,2
649,649,genmatrix,large,warm,200,101.28,39.51,61.77,0.95,38.56,False,,0.0,0.02,,0.92,0.95,3
650,650,matrixmul,large,warm,200,31.63,31.62,0.0,5.47,26.16,False,,0.0,0.41,4.24,0.81,5.46,3
651,651,genmatrix,small,warm,200,12.87,12.87,0.0,0.12,12.75,False,,0.0,0.02,,0.09,0.12,2
652,652,fetchdata,medium,warm,200,88.47,88.47,0.0,77.05,11.42,False,77.02,0.0,0.02,0.0,,77.05,2
653,653,fastfouriertransform,large,warm,200,69.28,69.27,0.01,4.59,64.68,False,,0.0,3.84,0.0,0.74,4.59,2
654,654,linpack,medium,warm,200,742.11,742.11,0.0,730.0,12.11,False,,0.0,0.35,4.01,725.64,730.0,1
655,655,linpack,small,warm,200,19.64,19.64,0.0,5.8,13.84,False,,0.0,0.41,4.43,0.95,5.79,2
656,656,fastfouriertransform,large,warm,200,24.21,24.2,0.0,4.8,19.41,False,,0.0,3.99,0.0,0.79,4.8,2
657,657,matrixmul,large,warm,200,27.45,27.44,0.0,5.58,21.86,False,,0.0,0.38,4.33,0.87,5.58,2
658,658,genmatrix,large,warm,200,50.44,33.35,17.09,0.81,32.54,False,,0.0,0.02,,0.79,0.81,2
659,659,matrixmul,small,warm,200,24.44,24.43,0.0,5.51,18.92,False,,0.0,0.37,4.47,0.66,5.51,2
660,660,fetchdata,small,warm,200,83.1,83.1,0.0,74.67,8.43,False,74.64,0.0,0.02,0.0,,74.66,2
661,661,fastfouriertransform,medium,warm,200,667.35,667.35,0.01,650.77,16.58,False,,0.0,3.84,0.0,646.92,650.77,2
662,662,matrixmul,small,warm,200,24.99,24.98,0.0,5.78,19.2,False,,0.0,1.12,4.05,0.61,5.78,2
663,663,fastfouriertransform,small,warm,200,478.35,478.34,0.0,4.54,473.8,False,,0.0,3.81,0.0,0.72,4.54,2
664,664,linpack,small,warm,200,22.1,22.09,0.0,6.72,15.38,False,,0.0,0.37,5.43,0.9,6.71,3
665,665,matrixmul,medium,warm,200,596.76,596.75,0.0,578.46,18.29,False,,0.0,0.37,5.07,573.01,578.46,3
666,666,genmatrix,large,warm,200,112.61,35.22,77.38,0.78,34.45,False,,0.0,0.02,,0.75,0.78,4
667,667,linpack,medium,warm,200,739.69,739.68,0.0,728.66,11.02,False,,0.0,0.35,4.02,724.29,728.66,5
668,668,linpack,large,warm,200,645.28,645.28,0.01,5.12,640.16,False,,0.0,0.34,4.02,0.76,5.12,3
669,669,fetchdata,medium,warm,200,91.07,91.06,0.0,77.0,14.06,False,76.97,0.0,0.02,0.0,,77.0,4
670,670,fastfouriertransform,medium,warm,200,675.64,675.64,0.0,653.13,22.51,False,,0.0,4.6,0.0,648.52,653.13,4
671,671,linpack,medium,warm,200,1057.03,1057.03,0.0,710.87,346.16,False,,0.0,0.36,4.02,706.48,710.87,4
672,672,genmatrix,small,warm,200,10.39,10.39,0.0,0.11,10.28,False,,0.0,0.02,,0.09,0.11,5
673,673,genmatrix,small,warm,200,9.25,9.25,0.0,0.11,9.14,False,,0.0,0.02,,0.09,0.11,5
674,674,matrixmul,medium,warm,200,610.16,610.15,0.01,592.64,17.52,False,,0.0,0.37,8.11,584.15,592.63,5
675,675,fetchdata,medium,warm,200,87.97,87.96,0.0,77.32,10.64,False,77.29,0.0,0.02,0.0,,77.32,4
676,676,fastfouriertransform,large,warm,200,79.42,79.41,0.01,4.67,74.75,False,,0.0,3.87,0.0,0.79,4.66,4
677,677,genmatrix,large,warm,200,98.41,36.5,61.91,0.84,35.65,False,,0.0,0.02,,0.82,0.84,3
678,678,genmatrix,small,warm,200,19.65,19.65,0.0,0.13,19.51,False,,0.0,0.02,,0.11,0.13,4
679,679,matrixmul,medium,warm,200,667.57,667.56,0.01,551.21,116.35,False,,0.0,0.36,4.02,546.83,551.21,3
680,680,fetchdata,small,warm,200,82.87,82.86,0.0,74.48,8.39,False,74.45,0.0,0.02,0.0,,74.47,4
681,681,matrixmul,small,warm,200,485.39,479.38,6.01,5.3,474.08,False,,0.0,0.47,4.16,0.66,5.3,3
682,682,fetchdata,large,warm,200,84.46,84.45,0.0,75.36,9.09,False,75.33,0.0,0.02,0.0,,75.36,3
683,683,linpack,small,warm,200,21.12,21.12,0.0,5.2,15.92,False,,0.0,0.37,4.01,0.82,5.2,3
684,684,fastfouriertransform,medium,warm,200,664.55,664.55,0.01,642.23,22.32,False,,0.0,3.93,0.0,638.29,642.23,3
685,685,fetchdata,small,warm,200,91.47,91.46,0.0,79.46,12.01,False,79.43,0.0,0.02,0.0,,79.45,4
686,686,linpack,small,warm,200,18.13,18.13,0.0,5.18,12.95,False,,0.0,0.35,4.04,0.78,5.17,2
687,687,fastfouriertransform,large,warm,200,366.53,366.53,0.01,4.84,361.69,False,,0.0,3.89,0.0,0.95,4.84,2
688,688,fetchdata,large,warm,200,87.57,87.56,0.0,76.63,10.93,False,76.61,0.0,0.02,0.0,,76.63,3
689,689,fetchdata,small,warm,200,91.05,91.04,0.0,80.2,10.84,False,80.17,0.0,0.02,0.0,,80.2,3
690,690,genmatrix,small,warm,200,10.88,10.87,0.0,0.12,10.75,False,,0.0,0.02,,0.1,0.12,3
691,691,linpack,small,warm,200,21.13,21.12,0.0,6.65,14.47,False,,0.0,0.38,5.28,0.99,6.65,1
692,692,genmatrix,small,warm,200,10.3,10.3,0.0,0.11,10.19,False,,0.0,0.02,,0.09,0.11,1
693,693,fetchdata,large,warm,200,84.18,84.17,0.0,73.57,10.6,False,73.54,0.0,0.02,0.0,,73.57,1
694,694,genmatrix,small,warm,200,11.46,11.45,0.0,0.11,11.35,False,,0.0,0.02,,0.08,0.11,1
695,695,fastfouriertransform,large,warm,200,24.07,24.07,0.0,4.79,19.28,False,,0.0,3.9,0.0,0.89,4.79,1
696,696,fastfouriertransform,small,warm,200,23.75,23.74,0.0,4.75,18.99,False,,0.0,3.92,0.0,0.83,4.75,1
697,697,fastfouriertransform,medium,warm,200,661.92,661.91,0.0,643.8,18.11,False,,0.0,3.87,0.0,639.92,643.8,1
698,698,fetchdata,large,warm,200,84.34,84.34,0.0,75.29,9.05,False,75.26,0.0,0.03,0.0,,75.29,2
699,699,genmatrix,small,warm,200,11.36,11.36,0.0,0.11,11.24,False,,0.0,0.02,,0.09,0.11,2
700,700,fetchdata,medium,warm,200,83.45,83.44,0.0,74.16,9.28,False,74.13,0.0,0.02,0.0,,74.16,2
701,701,fastfouriertransform,small,warm,200,273.4,273.39,0.01,4.69,268.7,False,,0.0,3.88,0.0,0.8,4.69,2
702,702,matrixmul,large,warm,200,26.37,26.36,0.0,5.22,21.15,False,,0.0,0.41,4.12,0.67,5.22,3
703,703,fastfouriertransform,large,warm,200,78.96,78.95,0.0,4.71,74.24,False,,0.0,3.87,0.0,0.84,4.71,3
704,704,fastfouriertransform,medium,warm,200,661.41,661.41,0.0,644.74,16.66,False,,0.0,4.0,0.0,640.73,644.74,1
705,705,matrixmul,medium,warm,200,583.92,583.92,0.01,565.55,18.37,False,,0.0,0.37,4.15,561.03,565.55,2
706,706,linpack,large,warm,200,16.02,16.02,0.0,5.06,10.95,False,,0.0,0.34,3.99,0.74,5.06,3
707,707,fastfouriertransform,medium,warm,200,1015.98,1015.97,0.0,648.03,367.94,False,,0.0,3.83,0.0,644.2,648.03,3
708,708,linpack,small,warm,200,22.47,22.47,0.0,5.44,17.03,False,,0.0,0.35,4.13,0.95,5.44,4
709,709,linpack,small,warm,200,19.22,19.22,0.0,5.24,13.98,False,,0.0,0.36,4.05,0.82,5.23,4
710,710,linpack,medium,warm,200,726.17,726.16,0.01,713.12,13.04,False,,0.0,0.41,4.16,708.55,713.12,4
711,711,matrixmul,large,warm,200,23.26,23.26,0.0,5.12,18.14,False,,0.0,0.38,4.09,0.65,5.12,3
712,712,fastfouriertransform,small,warm,200,521.98,521.97,0.01,4.61,517.36,False,,0.0,3.86,0.0,0.75,4.61,3
713,713,matrixmul,medium,warm,200,595.32,595.31,0.0,579.73,15.58,False,,0.0,0.36,4.01,575.35,579.73,4
714,714,matrixmul,large,warm,200,515.23,515.23,0.0,5.01,510.21,False,,0.0,0.37,4.03,0.6,5.01,5
715,715,fastfouriertransform,medium,warm,200,863.4,863.4,0.0,644.81,218.58,False,,0.0,3.84,0.0,640.97,644.81,6
716,716,matrixmul,small,warm,200,328.09,328.09,0.0,5.0,323.09,False,,0.0,0.34,4.05,0.61,5.0,7
717,717,fastfouriertransform,medium,warm,200,1339.86,1339.86,0.01,660.34,679.51,False,,0.0,3.89,0.0,656.44,660.34,8
718,718,linpack,small,warm,200,16.51,16.51,0.0,5.41,11.09,False,,0.0,0.38,4.12,0.91,5.41,6
719,719,fastfouriertransform,small,warm,200,473.36,473.36,0.01,4.8,468.56,False,,0.0,3.93,0.0,0.86,4.8,5
720,720,genmatrix,large,warm,200,92.36,33.3,59.06,0.81,32.49,False,,0.0,0.02,,0.79,0.81,4
721,721,linpack,large,warm,200,18.39,18.39,0.01,5.2,13.18,False,,0.0,0.36,4.06,0.78,5.2,4
722,722,genmatrix,medium,warm,200,15.18,15.18,0.0,0.21,14.97,False,,0.0,0.02,,0.18,0.21,4
723,723,linpack,large,warm,200,17.64,17.63,0.0,5.43,12.2,False,,0.0,0.4,4.12,0.92,5.43,4
724,724,genmatrix,medium,warm,200,15.44,15.43,0.01,0.23,15.21,False,,0.0,0.02,,0.2,0.22,2
725,725,linpack,large,warm,200,18.2,18.19,0.0,5.16,13.04,False,,0.0,0.36,4.03,0.76,5.16,2
726,726,matrixmul,small,warm,200,21.92,21.91,0.01,5.04,16.87,False,,0.0,0.39,4.02,0.61,5.03,2
727,727,fastfouriertransform,large,warm,200,347.77,347.77,0.0,4.53,343.24,False,,0.0,3.81,0.0,0.72,4.53,2
728,728,linpack,large,warm,200,19.47,19.47,0.0,6.34,13.13,False,,0.0,0.37,5.06,0.91,6.34,3
729,729,fetchdata,medium,warm,200,90.39,90.38,0.0,79.77,10.61,False,79.74,0.0,0.03,0.0,,79.77,3
730,730,matrixmul,small,warm,200,25.83,25.82,0.01,6.95,18.87,False,,0.0,0.37,5.88,0.69,6.95,3
731,731,matrixmul,medium,warm,200,594.29,594.28,0.0,570.12,24.16,False,,0.0,0.37,3.99,565.75,570.12,1
732,732,matrixmul,medium,warm,200,1057.77,1057.76,0.0,559.68,498.09,False,,0.0,0.37,4.93,554.37,559.67,2
733,733,matrixmul,large,warm,200,971.82,968.38,3.43,5.74,962.64,False,,0.0,0.75,4.18,0.81,5.74,3
734,734,fastfouriertransform,medium,warm,200,661.33,661.33,0.0,641.25,20.08,False,,0.0,4.03,0.01,637.2,641.25,4
735,735,matrixmul,medium,warm,200,1350.79,1350.78,0.01,565.6,785.18,False,,0.0,0.37,4.17,561.06,565.6,5
736,736,genmatrix,medium,warm,200,13.49,13.49,0.0,0.2,13.29,False,,0.0,0.02,,0.18,0.2,6
737,737,fetchdata,large,warm,200,83.77,83.77,0.0,75.67,8.1,False,75.65,0.0,0.02,0.0,,75.67,5
738,738,matrixmul,small,warm,200,482.77,482.77,0.0,5.39,477.38,False,,0.0,0.37,4.3,0.72,5.39,5
739,739,fastfouriertransform,small,warm,200,168.82,168.81,0.01,4.75,164.07,False,,0.0,3.88,0.0,0.86,4.74,6
740,740,fastfouriertransform,medium,warm,200,711.18,711.18,0.0,648.4,62.78,False,,0.0,3.89,0.0,644.5,648.4,7
741,741,fastfouriertransform,large,warm,200,623.67,623.67,0.0,4.74,618.93,False,,0.0,3.91,0.0,0.82,4.74,6
742,742,genmatrix,small,warm,200,9.58,9.57,0.0,0.12,9.46,False,,0.0,0.02,,0.09,0.12,7
743,743,linpack,small,warm,200,16.56,16.56,0.01,5.09,11.46,False,,0.0,0.33,4.01,0.75,5.09,4
744,744,linpack,large,warm,200,17.74,17.73,0.0,5.19,12.54,False,,0.0,0.36,4.04,0.78,5.19,4
745,745,linpack,medium,warm,200,751.92,751.92,0.0,741.55,10.36,False,,0.0,0.36,4.17,737.02,741.55,4
746,746,fastfouriertransform,medium,warm,200,764.49,764.49,0.0,638.63,125.85,False,,0.0,3.85,0.0,634.77,638.63,5
747,747,genmatrix,large,warm,200,106.02,35.35,70.67,0.9,34.45,False,,0.0,0.02,,0.87,0.9,6
748,748,matrixmul,large,warm,200,65.02,65.01,0.0,5.41,59.61,False,,0.0,0.46,4.17,0.77,5.41,5
749,749,fastfouriertransform,medium,warm,200,1110.82,1110.81,0.0,644.98,465.83,False,,0.0,3.95,0.0,641.03,644.98,3
750,750,linpack,medium,warm,200,977.02,977.01,0.0,722.63,254.38,False,,0.0,0.33,4.02,718.27,722.63,4
751,751,genmatrix,small,warm,200,9.24,9.23,0.0,0.12,9.11,False,,0.0,0.02,,0.09,0.12,5
752,752,linpack,large,warm,200,782.82,782.81,0.0,5.05,777.77,False,,0.0,0.35,3.97,0.72,5.05,5
753,753,fetchdata,small,warm,200,82.96,82.95,0.0,74.67,8.28,False,74.65,0.0,0.02,0.0,,74.67,5
754,754,matrixmul,small,warm,200,30.12,30.11,0.0,6.18,23.93,False,,0.0,0.4,5.0,0.77,6.18,4
755,755,fastfouriertransform,medium,warm,200,1162.02,1162.02,0.0,648.79,513.23,False,,0.0,3.86,0.0,644.91,648.79,4
756,756,linpack,medium,warm,200,1099.25,1099.25,0.0,710.99,388.26,False,,0.0,0.33,3.95,706.7,710.98,5
757,757,fastfouriertransform,medium,warm,200,1610.29,1610.28,0.0,648.3,961.98,False,,0.0,3.83,0.0,644.46,648.3,6
758,758,linpack,small,warm,200,921.75,921.75,0.0,5.44,916.3,False,,0.0,0.38,4.13,0.93,5.44,7
759,759,matrixmul,large,warm,200,25.53,25.52,0.0,4.94,20.58,False,,0.0,0.35,4.0,0.59,4.94,8
760,760,linpack,large,warm,200,706.24,706.24,0.01,5.19,701.05,False,,0.0,0.34,4.04,0.8,5.19,6
761,761,linpack,small,warm,200,614.38,614.38,0.0,5.29,609.09,False,,0.0,0.36,4.03,0.89,5.29,6
762,762,linpack,large,warm,200,526.97,526.96,0.0,5.38,521.58,False,,0.0,0.38,4.2,0.8,5.38,7
763,763,genmatrix,small,warm,200,9.44,9.44,0.0,0.11,9.33,False,,0.0,0.02,,0.09,0.11,8
764,764,fetchdata,medium,warm,200,82.67,82.66,0.0,74.16,8.5,False,74.13,0.0,0.02,0.0,,74.16,8
765,765,genmatrix,medium,warm,200,12.33,12.33,0.0,0.21,12.12,False,,0.0,0.02,,0.19,0.21,8
766,766,genmatrix,small,warm,200,9.95,9.95,0.0,0.11,9.84,False,,0.0,0.02,,0.08,0.1,8
767,767,fetchdata,small,warm,200,93.23,93.23,0.0,81.96,11.27,False,81.92,0.0,0.03,0.0,,81.96,6
768,768,linpack,large,warm,200,24.86,24.86,0.01,5.3,19.56,False,,0.0,0.38,4.07,0.84,5.29,2
769,769,matrixmul,small,warm,200,26.7,26.7,0.01,5.9,20.8,False,,0.0,0.4,4.81,0.68,5.9,2
770,770,fetchdata,large,warm,200,91.44,91.43,0.0,74.88,16.55,False,74.86,0.0,0.02,0.0,,74.88,2
771,771,fastfouriertransform,small,warm,200,216.37,216.37,0.01,4.54,211.83,False,,0.0,3.82,0.0,0.71,4.54,2
772,772,linpack,small,warm,200,22.08,22.07,0.0,9.16,12.92,False,,0.0,0.34,8.02,0.8,9.16,3
773,773,matrixmul,medium,warm,200,581.86,581.86,0.01,564.04,17.82,False,,0.0,0.35,3.97,559.72,564.04,3
774,774,matrixmul,medium,warm,200,1055.51,1055.51,0.01,565.1,490.4,False,,0.0,0.35,4.02,560.73,565.1,2
775,775,fetchdata,medium,warm,200,88.9,88.9,0.01,78.48,10.42,False,78.45,0.0,0.02,0.0,,78.48,3
776,776,genmatrix,large,warm,200,129.45,34.42,95.03,0.84,33.58,False,,0.0,0.02,,0.82,0.84,3
777,777,genmatrix,large,warm,200,144.91,48.66,96.25,0.83,47.83,False,,0.0,0.02,,0.8,0.83,4
778,778,linpack,small,warm,200,18.94,18.94,0.0,5.1,13.84,False,,0.0,0.34,3.98,0.77,5.1,4
779,779,fastfouriertransform,small,warm,200,25.62,25.61,0.01,4.71,20.91,False,,0.0,3.9,0.0,0.8,4.71,2
780,780,fetchdata,large,warm,200,90.3,90.3,0.01,77.25,13.05,False,77.22,0.0,0.02,0.0,,77.24,2
781,781,fastfouriertransform,large,warm,200,25.76,25.75,0.01,4.88,20.88,False,,0.0,3.94,0.0,0.92,4.87,2
782,782,fastfouriertransform,medium,warm,200,650.61,650.6,0.01,631.95,18.65,False,,0.0,3.89,0.0,628.06,631.95,2
783,783,matrixmul,large,warm,200,165.84,165.83,0.01,4.93,160.9,False,,0.0,0.34,3.99,0.6,4.93,3
784,784,matrixmul,medium,warm,200,633.66,633.65,0.01,565.52,68.14,False,,0.0,0.36,4.0,561.15,565.52,4
785,785,linpack,medium,warm,200,739.09,739.08,0.0,725.23,13.85,False,,0.0,0.33,4.0,720.89,725.23,3
786,786,matrixmul,medium,warm,200,992.84,992.83,0.01,545.0,447.83,False,,0.0,0.34,4.05,540.61,545.0,4
787,787,fetchdata,large,warm,200,95.73,95.73,0.0,80.99,14.73,False,80.96,0.0,0.02,0.0,,80.99,5
788,788,fastfouriertransform,medium,warm,200,695.56,695.56,0.01,644.54,51.01,False,,0.0,3.94,0.01,640.59,644.54,5
789,789,matrixmul,small,warm,200,698.04,698.03,0.01,5.12,692.91,False,,0.0,0.38,4.08,0.65,5.12,5
790,790,genmatrix,large,warm,200,120.12,35.86,84.27,0.78,35.07,False,,0.0,0.02,,0.76,0.78,6
791,791,linpack,medium,warm,200,852.09,852.08,0.01,711.9,140.18,False,,0.0,0.4,4.02,707.48,711.9,6
792,792,linpack,large,warm,200,759.28,759.28,0.01,5.05,754.23,False,,0.0,0.34,3.96,0.75,5.05,6
793,793,genmatrix,small,warm,200,11.95,11.95,0.01,0.12,11.82,False,,0.0,0.02,,0.08,0.12,6
794,794,fetchdata,medium,warm,200,97.93,97.92,0.01,83.83,14.09,False,83.8,0.0,0.03,0.0,,83.83,6
795,795,linpack,small,warm,200,463.84,463.84,0.01,5.05,458.78,False,,0.0,0.33,3.98,0.74,5.05,5
796,796,fastfouriertransform,small,warm,200,22.9,22.89,0.01,4.61,18.28,False,,0.0,3.87,0.0,0.74,4.61,4
797,797,genmatrix,small,warm,200,10.97,10.97,0.0,0.11,10.85,False,,0.0,0.02,,0.09,0.11,4
798,798,fetchdata,medium,warm,200,84.52,84.52,0.0,73.4,11.12,False,73.38,0.0,0.02,0.0,,73.4,4
799,799,genmatrix,medium,warm,200,14.77,14.77,0.0,0.21,14.56,False,,0.0,0.02,,0.18,0.21,4
800,800,fastfouriertransform,small,warm,200,26.35,26.34,0.01,5.42,20.92,False,,0.0,4.22,0.01,1.19,5.42,1
801,801,matrixmul,large,warm,200,33.29,33.28,0.01,9.38,23.91,False,,0.0,0.48,8.23,0.66,9.37,1
802,802,matrixmul,small,warm,200,27.84,27.83,0.01,6.74,21.1,False,,0.0,0.38,4.83,1.51,6.73,1
803,803,fetchdata,medium,warm,200,89.93,89.92,0.01,78.25,11.67,False,78.21,0.0,0.03,0.0,,78.24,1
804,804,linpack,large,warm,200,19.69,19.69,0.01,5.19,14.5,False,,0.0,0.36,4.05,0.77,5.19,1
805,805,fetchdata,large,warm,200,83.53,83.52,0.01,74.09,9.43,False,74.07,0.0,0.02,0.0,,74.09,1
806,806,linpack,large,warm,200,16.67,16.67,0.01,5.21,11.46,False,,0.0,0.39,4.03,0.78,5.21,1
807,807,genmatrix,small,warm,200,11.85,11.84,0.0,0.11,11.73,False,,0.0,0.02,,0.09,0.11,1
808,808,matrixmul,large,warm,200,21.47,21.47,0.0,5.02,16.45,False,,0.0,0.39,4.03,0.59,5.02,1
809,809,fastfouriertransform,medium,warm,200,646.65,646.65,0.01,628.41,18.24,False,,0.0,3.88,0.0,624.53,628.41,1
810,810,fastfouriertransform,medium,warm,200,1207.01,1206.98,0.03,652.18,554.8,False,,0.0,3.88,0.0,648.29,652.18,2
811,811,fastfouriertransform,medium,cold,200,1750.44,1750.43,0.0,642.14,1108.29,False,,0.0,3.94,0.0,638.19,642.14,3
812,812,linpack,medium,warm,200,710.36,710.36,0.01,697.26,13.1,False,,0.0,0.35,4.02,692.88,697.26,4
813,813,linpack,medium,warm,200,1319.34,1319.33,0.01,712.0,607.34,False,,0.0,0.36,4.03,707.61,711.99,5
814,814,matrixmul,medium,warm,200,585.43,585.43,0.01,567.93,17.5,False,,0.0,0.37,4.05,563.5,567.92,6
815,815,fastfouriertransform,medium,cold,200,2660.18,2660.18,0.0,653.11,2007.07,False,,0.0,3.92,0.0,649.18,653.11,7
816,816,fastfouriertransform,medium,cold,200,1887.75,1887.74,0.01,639.85,1247.9,False,,0.0,3.93,0.0,635.91,639.85,7
817,817,fetchdata,large,warm,200,82.95,82.95,0.0,74.58,8.36,False,74.55,0.0,0.02,0.0,,74.58,8
818,818,matrixmul,large,warm,200,197.74,197.73,0.01,5.3,192.43,False,,0.0,0.39,4.11,0.79,5.3,8
819,819,genmatrix,small,warm,200,14.5,14.49,0.01,0.11,14.38,False,,0.0,0.02,,0.08,0.11,9
820,820,matrixmul,small,warm,200,26.42,26.42,0.01,5.0,21.42,False,,0.0,0.36,4.02,0.61,5.0,6
821,821,fetchdata,medium,warm,200,97.92,97.92,0.0,83.52,14.39,False,83.48,0.0,0.03,0.0,,83.52,6
822,822,linpack,medium,warm,200,1137.92,1137.92,0.01,711.68,426.24,False,,0.0,0.39,4.03,707.25,711.68,7
823,823,linpack,small,cold,200,1036.85,1036.84,0.0,5.05,1031.79,False,,0.0,0.35,3.97,0.73,5.05,6
824,824,matrixmul,medium,warm,200,574.43,574.42,0.01,557.67,16.75,False,,0.0,0.39,4.02,553.25,557.67,7
825,825,genmatrix,small,warm,200,10.86,10.85,0.0,0.11,10.74,False,,0.0,0.02,,0.09,0.11,8
826,826,genmatrix,small,warm,200,11.76,11.75,0.0,0.11,11.64,False,,0.0,0.02,,0.09,0.11,8
827,827,fastfouriertransform,large,warm,200,795.77,795.76,0.01,4.76,791.01,False,,0.0,3.9,0.0,0.85,4.75,7
828,828,fastfouriertransform,large,cold,200,1367.85,1367.85,0.01,4.73,1363.12,False,,0.0,3.93,0.0,0.78,4.72,8
829,829,linpack,small,warm,200,445.23,445.23,0.0,5.08,440.15,False,,0.0,0.35,3.99,0.73,5.08,8
830,830,genmatrix,medium,warm,200,15.11,15.11,0.01,0.21,14.89,False,,0.0,0.02,,0.19,0.21,8
831,831,fetchdata,small,warm,200,85.83,85.83,0.01,75.29,10.54,False,75.27,0.0,0.02,0.0,,75.29,8
832,832,fastfouriertransform,small,warm,200,303.83,303.83,0.01,4.68,299.14,False,,0.0,3.85,0.0,0.82,4.68,8
833,833,genmatrix,small,warm,200,11.87,11.86,0.0,0.14,11.72,False,,0.0,0.03,,0.11,0.14,9
834,834,fetchdata,large,warm,200,103.6,103.6,0.0,85.96,17.64,False,85.92,0.0,0.03,0.0,,85.95,6
835,835,fetchdata,large,warm,200,89.51,89.51,0.01,80.49,9.02,False,80.46,0.0,0.02,0.0,,80.48,5
836,836,fastfouriertransform,small,warm,200,571.08,571.07,0.01,4.66,566.41,False,,0.0,3.86,0.0,0.79,4.66,3
837,837,matrixmul,medium,warm,200,579.97,579.96,0.01,561.26,18.7,False,,0.0,0.36,4.03,556.87,561.26,4
838,838,linpack,large,warm,200,17.17,17.17,0.01,5.12,12.05,False,,0.0,0.35,4.0,0.76,5.12,5
839,839,matrixmul,large,warm,200,391.9,391.89,0.01,5.06,386.84,False,,0.0,0.36,4.03,0.66,5.05,5
840,840,linpack,large,warm,200,22.14,22.13,0.01,5.21,16.93,False,,0.0,0.37,4.04,0.79,5.2,6
841,841,linpack,medium,warm,200,745.39,745.38,0.0,711.36,34.02,False,,0.0,0.36,4.05,706.94,711.36,6
842,842,genmatrix,small,warm,200,10.06,10.06,0.01,0.11,9.95,False,,0.0,0.02,,0.08,0.1,4
843,843,matrixmul,small,warm,200,22.38,22.37,0.0,5.14,17.23,False,,0.0,0.38,4.1,0.65,5.14,2
844,844,matrixmul,medium,warm,200,579.34,579.33,0.01,561.96,17.37,False,,0.0,0.36,4.05,557.55,561.96,2
845,845,genmatrix,medium,warm,200,14.28,14.28,0.0,0.21,14.07,False,,0.0,0.02,,0.18,0.2,3
846,846,linpack,small,warm,200,250.05,250.04,0.0,5.38,244.66,False,,0.0,0.37,4.17,0.84,5.38,3
847,847,genmatrix,large,warm,200,137.44,39.0,98.44,0.86,38.14,False,,0.0,0.02,,0.83,0.86,4
848,848,fastfouriertransform,medium,warm,200,660.21,660.2,0.01,639.81,20.39,False,,0.0,3.91,0.0,635.9,639.81,5
849,849,matrixmul,medium,warm,200,634.1,634.1,0.01,550.03,84.07,False,,0.0,0.37,4.12,545.53,550.02,3
850,850,fastfouriertransform,small,warm,200,471.07,471.06,0.01,4.82,466.24,False,,0.0,3.9,0.0,0.91,4.82,3
851,851,genmatrix,medium,warm,200,14.04,14.03,0.01,0.2,13.83,False,,0.0,0.02,,0.18,0.2,4
852,852,fastfouriertransform,large,warm,200,277.98,277.98,0.0,4.92,273.06,False,,0.0,4.01,0.0,0.9,4.92,4
853,853,fastfouriertransform,large,warm,200,184.05,184.04,0.0,4.87,179.17,False,,0.0,3.97,0.0,0.89,4.87,5
854,854,linpack,large,warm,200,22.57,22.57,0.0,5.3,17.27,False,,0.0,0.38,4.08,0.83,5.29,6
855,855,matrixmul,medium,warm,200,586.26,586.26,0.01,546.64,39.62,False,,0.0,0.36,4.07,542.2,546.64,2
856,856,linpack,large,warm,200,18.72,18.72,0.0,5.3,13.42,False,,0.02,0.36,4.12,0.79,5.3,2
857,857,fastfouriertransform,medium,warm,200,668.09,668.09,0.01,649.66,18.43,False,,0.0,3.87,0.0,645.78,649.65,2
858,858,linpack,large,warm,200,16.94,16.93,0.01,5.35,11.58,False,,0.0,0.35,4.04,0.96,5.35,3
859,859,fetchdata,medium,warm,200,91.56,91.56,0.0,80.92,10.64,False,80.89,0.0,0.02,0.0,,80.92,3
860,860,linpack,medium,warm,200,735.9,735.9,0.0,722.7,13.2,False,,0.0,0.39,5.42,716.89,722.7,3
861,861,linpack,small,warm,200,645.62,645.61,0.0,5.68,639.93,False,,0.0,0.45,4.28,0.95,5.68,3
862,862,fastfouriertransform,medium,warm,200,820.53,820.53,0.01,648.74,171.78,False,,0.0,3.83,0.0,644.9,648.74,4
863,863,fastfouriertransform,medium,warm,200,1368.32,1368.32,0.01,647.82,720.5,False,,0.0,3.85,0.0,643.96,647.82,5
864,864,fastfouriertransform,large,cold,200,1274.35,1274.35,0.01,4.55,1269.8,False,,0.0,3.83,0.0,0.72,4.55,5
865,865,fetchdata,small,warm,200,85.13,85.13,0.0,74.7,10.42,False,74.67,0.0,0.02,0.0,,74.7,6
866,866,fetchdata,large,warm,200,84.56,84.56,0.0,75.29,9.27,False,75.26,0.0,0.02,0.0,,75.29,6
867,867,matrixmul,medium,warm,200,588.05,588.05,0.0,565.98,22.07,False,,0.0,0.42,4.39,561.16,565.98,6
868,868,linpack,large,warm,200,20.19,20.19,0.0,5.3,14.89,False,,0.0,0.39,4.09,0.82,5.3,5
869,869,linpack,small,warm,200,19.53,19.53,0.01,5.82,13.71,False,,0.0,0.41,4.47,0.93,5.82,5
870,870,genmatrix,medium,warm,200,15.42,15.41,0.01,0.2,15.21,False,,0.0,0.02,,0.18,0.2,5
871,871,genmatrix,medium,warm,200,17.86,17.86,0.0,0.21,17.65,False,,0.0,0.02,,0.18,0.21,4
872,872,matrixmul,medium,warm,200,655.3,655.29,0.0,561.43,93.86,False,,0.0,0.35,4.06,557.01,561.43,4
873,873,linpack,small,warm,200,21.87,21.87,0.01,5.53,16.33,False,,0.0,0.41,4.09,1.02,5.53,4
874,874,genmatrix,small,warm,200,11.74,11.74,0.0,0.14,11.6,False,,0.0,0.03,,0.11,0.14,4
875,875,genmatrix,small,warm,200,11.2,11.19,0.0,0.11,11.08,False,,0.0,0.02,,0.08,0.11,4
876,876,linpack,large,warm,200,17.77,17.77,0.01,5.36,12.4,False,,0.0,0.37,4.17,0.81,5.36,4
877,877,matrixmul,medium,warm,200,730.16,730.16,0.0,567.72,162.44,False,,0.0,0.36,4.06,563.3,567.71,2
878,878,genmatrix,large,warm,200,119.92,34.44,85.48,0.83,33.61,False,,0.0,0.02,,0.81,0.83,3
879,879,linpack,small,warm,200,30.81,30.8,0.01,6.58,24.22,False,,0.0,0.42,4.79,1.37,6.58,3
880,880,genmatrix,small,warm,200,18.15,18.14,0.01,0.12,18.02,False,,0.0,0.02,,0.09,0.12,2
881,881,linpack,large,warm,200,23.17,23.16,0.01,6.53,16.63,False,,0.0,0.36,5.27,0.89,6.53,2
882,882,fetchdata,medium,warm,200,90.14,90.14,0.0,80.05,10.08,False,80.02,0.0,0.02,0.0,,80.05,2
883,883,genmatrix,large,warm,200,109.59,33.72,75.87,0.82,32.9,False,,0.0,0.02,,0.8,0.82,2
884,884,matrixmul,small,warm,200,42.72,42.72,0.0,4.98,37.74,False,,0.0,0.35,4.02,0.6,4.98,3
885,885,linpack,large,warm,200,18.3,18.3,0.0,5.16,13.13,False,,0.0,0.35,4.01,0.8,5.16,1
886,886,fastfouriertransform,medium,warm,200,627.98,627.97,0.01,608.48,19.49,False,,0.0,3.85,0.0,604.62,608.48,1
887,887,linpack,medium,warm,200,667.64,667.64,0.0,654.76,12.87,False,,0.0,0.36,4.03,650.36,654.76,2
888,888,genmatrix,small,warm,200,10.86,10.85,0.0,0.14,10.71,False,,0.0,0.02,,0.11,0.14,3
889,889,linpack,small,warm,200,472.36,472.35,0.01,5.37,466.98,False,,0.0,0.4,4.09,0.87,5.37,3
890,890,matrixmul,large,warm,200,22.97,22.96,0.0,5.01,17.95,False,,0.0,0.38,4.01,0.62,5.01,4
891,891,genmatrix,small,warm,200,10.19,10.19,0.0,0.15,10.04,False,,0.0,0.03,,0.12,0.15,4
892,892,genmatrix,medium,warm,200,16.21,16.21,0.0,0.28,15.93,False,,0.0,0.02,,0.25,0.28,4
893,893,fetchdata,small,warm,200,85.15,85.14,0.0,77.49,7.65,False,77.47,0.0,0.02,0.0,,77.49,3
894,894,genmatrix,medium,warm,200,21.38,21.38,0.01,0.27,21.11,False,,0.0,0.02,,0.24,0.27,1
895,895,fetchdata,small,warm,200,93.99,93.99,0.0,83.12,10.87,False,83.08,0.0,0.03,0.0,,83.11,1
896,896,fetchdata,small,warm,200,90.16,90.15,0.01,78.22,11.93,False,78.19,0.0,0.02,0.0,,78.22,1
897,897,fastfouriertransform,medium,warm,200,670.02,670.02,0.0,651.34,18.68,False,,0.0,3.95,0.0,647.38,651.34,1
898,898,fastfouriertransform,large,warm,200,572.66,572.65,0.01,4.56,568.09,False,,0.0,3.83,0.0,0.72,4.56,2
899,899,linpack,large,warm,200,19.52,19.51,0.0,7.47,12.04,False,,0.0,0.37,6.24,0.86,7.47,3
900,900,linpack,small,warm,200,24.52,24.51,0.01,5.64,18.87,False,,0.0,0.42,4.36,0.86,5.64,3
901,901,genmatrix,large,warm,200,105.76,36.42,69.34,0.82,35.6,False,,0.0,0.02,,0.8,0.82,3
902,902,fetchdata,large,warm,200,92.41,92.41,0.01,82.78,9.62,False,82.75,0.0,0.03,0.0,,82.78,4
903,903,matrixmul,small,warm,200,22.43,22.42,0.0,4.92,17.51,False,,0.0,0.35,3.99,0.57,4.92,3
904,904,fetchdata,small,warm,200,86.94,86.94,0.0,76.66,10.28,False,76.63,0.0,0.02,0.0,,76.66,1
905,905,linpack,small,warm,200,17.01,17.0,0.01,5.56,11.45,False,,0.0,0.37,4.05,1.13,5.56,1
906,906,matrixmul,small,warm,200,25.44,25.44,0.0,5.57,19.87,False,,0.0,0.42,4.43,0.71,5.57,1
907,907,matrixmul,medium,warm,200,579.41,576.64,2.77,556.47,20.17,False,,0.0,0.39,4.85,551.21,556.46,1
908,908,fetchdata,medium,warm,200,90.36,90.35,0.0,80.05,10.3,False,80.02,0.0,0.02,0.0,,80.05,2
909,909,linpack,medium,warm,200,715.75,715.74,0.0,699.89,15.85,False,,0.0,0.36,4.06,695.47,699.89,2
910,910,matrixmul,small,warm,200,293.84,293.83,0.0,4.98,288.85,False,,0.0,0.35,4.03,0.6,4.98,3
911,911,linpack,small,warm,200,516.24,516.24,0.0,5.28,510.96,False,,0.0,0.38,4.09,0.81,5.28,4
912,912,genmatrix,medium,warm,200,15.76,15.75,0.0,0.23,15.53,False,,0.0,0.02,,0.2,0.23,5
913,913,fetchdata,medium,warm,200,89.35,89.35,0.01,76.89,12.46,False,76.86,0.0,0.02,0.0,,76.89,3
914,914,linpack,medium,warm,200,946.18,946.17,0.0,728.01,218.16,False,,0.0,0.34,4.02,723.64,728.01,3
915,915,matrixmul,medium,warm,200,579.08,579.08,0.01,561.08,18.0,False,,0.0,0.38,4.15,556.53,561.07,4
916,916,matrixmul,large,warm,200,488.46,488.45,0.01,5.22,483.24,False,,0.0,0.37,4.09,0.74,5.22,5
917,917,linpack,medium,warm,200,1372.5,1372.5,0.0,718.79,653.71,False,,0.0,0.36,4.04,714.37,718.79,4
918,918,fetchdata,small,warm,200,89.63,89.62,0.0,76.82,12.81,False,76.79,0.0,0.02,0.0,,76.81,5
919,919,linpack,small,cold,200,1177.52,1177.52,0.0,5.02,1172.5,False,,0.0,0.35,3.95,0.72,5.02,5
920,920,genmatrix,small,warm,200,11.99,11.98,0.01,0.11,11.87,False,,0.0,0.02,,0.09,0.11,6
921,921,matrixmul,medium,warm,200,568.76,568.75,0.0,549.75,19.0,False,,0.0,0.38,4.15,545.21,549.75,4
922,922,linpack,small,warm,200,885.63,885.62,0.0,5.05,880.57,False,,0.0,0.32,3.99,0.74,5.05,5
923,923,linpack,small,warm,200,789.39,789.38,0.0,5.02,784.36,False,,0.0,0.33,3.97,0.72,5.02,6
924,924,genmatrix,small,warm,200,10.57,10.56,0.0,0.11,10.46,False,,0.0,0.02,,0.09,0.11,6
925,925,fetchdata,medium,warm,200,134.51,134.51,0.0,121.38,13.12,False,121.35,0.0,0.02,0.0,,121.38,6
926,926,matrixmul,large,warm,200,75.26,75.25,0.01,5.09,70.16,False,,0.0,0.38,4.06,0.64,5.09,7
927,927,fetchdata,medium,warm,200,98.04,98.04,0.01,84.34,13.7,False,84.31,0.0,0.02,0.0,,84.34,5
928,928,fastfouriertransform,small,warm,200,23.94,23.93,0.01,4.64,19.3,False,,0.0,3.87,0.0,0.75,4.64,5
929,929,matrixmul,medium,warm,200,562.73,562.73,0.0,543.62,19.11,False,,0.0,0.39,4.0,539.23,543.62,5
930,930,fastfouriertransform,medium,warm,200,667.61,667.61,0.01,648.93,18.68,False,,0.0,3.9,0.0,645.02,648.93,6
931,931,fastfouriertransform,medium,warm,200,1217.92,1217.91,0.0,648.85,569.06,False,,0.0,3.91,0.0,644.93,648.85,3
932,932,linpack,medium,warm,200,715.39,715.38,0.0,702.89,12.49,False,,0.0,0.33,3.96,698.6,702.89,4
933,933,fetchdata,medium,warm,200,137.36,137.36,0.0,127.82,9.54,False,127.79,0.0,0.02,0.0,,127.81,5
934,934,fastfouriertransform,medium,warm,200,1577.65,1577.64,0.01,651.33,926.31,False,,0.0,3.83,0.0,647.5,651.33,6
935,935,fetchdata,small,warm,200,90.47,90.47,0.0,80.83,9.64,False,80.8,0.0,0.02,0.0,,80.83,5
936,936,genmatrix,small,warm,200,11.16,11.15,0.0,0.1,11.05,False,,0.0,0.02,,0.08,0.1,5
937,937,genmatrix,small,warm,200,8.48,8.48,0.0,0.11,8.37,False,,0.0,0.02,,0.08,0.11,4
938,938,fetchdata,small,warm,200,81.19,81.19,0.0,73.57,7.62,False,73.54,0.0,0.02,0.0,,73.57,4
939,939,genmatrix,medium,warm,200,16.56,16.56,0.01,0.26,16.29,False,,0.0,0.03,,0.23,0.26,4
940,940,fetchdata,large,warm,200,90.53,90.53,0.01,76.44,14.09,False,76.41,0.0,0.02,0.0,,76.44,3
941,941,matrixmul,medium,warm,200,577.09,574.25,2.84,555.63,18.62,False,,0.0,0.42,4.18,551.03,555.63,3
942,942,linpack,small,warm,200,21.58,21.57,0.0,5.26,16.32,False,,0.0,0.38,4.1,0.78,5.26,4
943,943,fastfouriertransform,small,warm,200,29.98,29.98,0.01,4.64,25.34,False,,0.0,3.86,0.0,0.77,4.64,4
944,944,genmatrix,small,warm,200,10.24,10.23,0.0,0.11,10.12,False,,0.0,0.02,,0.09,0.11,3
945,945,fetchdata,large,warm,200,87.52,87.52,0.01,77.0,10.52,False,76.97,0.0,0.02,0.0,,77.0,3
946,946,linpack,large,warm,200,19.2,19.19,0.01,5.73,13.46,False,,0.0,0.38,4.3,1.04,5.73,3
947,947,matrixmul,small,warm,200,23.15,23.14,0.0,5.16,17.99,False,,0.0,0.39,4.09,0.66,5.16,2
948,948,genmatrix,small,warm,200,9.66,9.66,0.0,0.11,9.55,False,,0.0,0.02,,0.09,0.11,2
949,949,genmatrix,small,warm,200,15.26,15.26,0.0,0.11,15.15,False,,0.0,0.02,,0.09,0.11,2
950,950,fastfouriertransform,small,warm,200,23.91,23.9,0.01,4.69,19.21,False,,0.0,3.9,0.0,0.78,4.68,1
951,951,matrixmul,large,warm,200,22.55,22.54,0.01,5.37,17.17,False,,0.0,0.38,4.35,0.64,5.37,1
952,952,linpack,medium,warm,200,740.55,740.54,0.01,724.05,16.5,False,,0.0,0.37,4.06,719.61,724.05,1
953,953,fastfouriertransform,small,warm,200,24.42,24.42,0.0,4.76,19.66,False,,0.0,3.91,0.0,0.83,4.76,2
954,954,matrixmul,large,warm,200,31.65,26.32,5.33,5.2,21.11,False,,0.0,0.41,4.14,0.64,5.2,2
955,955,linpack,small,warm,200,453.67,453.67,0.0,5.98,447.69,False,,0.0,0.75,4.26,0.95,5.97,2
956,956,linpack,large,warm,200,357.49,357.49,0.0,5.63,351.86,False,,0.0,0.42,4.21,0.99,5.63,3
957,957,fetchdata,large,warm,200,81.78,81.77,0.0,73.12,8.66,False,73.09,0.0,0.02,0.0,,73.12,4
958,958,fetchdata,medium,warm,200,87.65,87.65,0.0,78.19,9.46,False,78.16,0.0,0.02,0.0,,78.18,4
959,959,matrixmul,small,warm,200,25.34,25.34,0.0,5.48,19.86,False,,0.0,0.43,4.29,0.75,5.48,4
960,960,linpack,medium,warm,200,733.33,733.32,0.0,715.75,17.57,False,,0.0,0.36,4.05,711.33,715.75,1
961,961,fetchdata,large,warm,200,88.78,88.77,0.0,77.66,11.11,False,77.63,0.0,0.02,0.0,,77.66,2
962,962,matrixmul,small,warm,200,24.96,24.95,0.01,4.99,19.96,False,,0.0,0.36,4.03,0.6,4.99,2
963,963,fastfouriertransform,large,warm,200,23.35,23.34,0.0,4.73,18.61,False,,0.0,3.93,0.0,0.79,4.73,2
964,964,genmatrix,small,warm,200,9.84,9.84,0.0,0.11,9.73,False,,0.0,0.02,,0.08,0.11,2
965,965,linpack,large,warm,200,242.6,242.59,0.01,5.36,237.23,False,,0.0,0.37,4.1,0.89,5.36,2
966,966,linpack,large,warm,200,149.9,149.9,0.0,5.39,144.5,False,,0.0,0.41,4.07,0.91,5.39,3
967,967,linpack,small,warm,200,51.32,51.32,0.0,5.55,45.77,False,,0.0,0.42,4.21,0.91,5.55,4
968,968,matrixmul,medium,warm,200,571.96,571.95,0.0,555.08,16.87,False,,0.0,0.37,4.06,550.64,555.08,1
969,969,fastfouriertransform,large,warm,200,23.44,23.43,0.01,4.92,18.52,False,,0.0,4.07,0.0,0.84,4.91,2
970,970,matrixmul,medium,warm,200,938.04,938.04,0.01,560.46,377.58,False,,0.0,0.39,4.11,555.95,560.46,2
971,971,genmatrix,large,warm,200,92.72,36.32,56.4,0.87,35.44,False,,0.0,0.02,,0.85,0.87,3
972,972,fastfouriertransform,medium,warm,200,678.45,678.45,0.0,660.25,18.19,False,,0.0,3.96,0.0,656.29,660.25,3
973,973,fastfouriertransform,medium,warm,200,1245.03,1245.03,0.01,655.15,589.87,False,,0.0,3.98,0.01,651.16,655.15,4
974,974,fetchdata,large,warm,200,96.4,96.4,0.0,80.48,15.92,False,80.45,0.0,0.02,0.0,,80.48,4
975,975,fastfouriertransform,large,cold,200,1052.18,1052.18,0.0,4.8,1047.37,False,,0.0,3.94,0.0,0.86,4.8,4
976,976,genmatrix,small,warm,200,9.96,9.96,0.0,0.12,9.84,False,,0.0,0.02,,0.09,0.12,5
977,977,fastfouriertransform,medium,warm,200,1513.74,1513.73,0.0,658.28,855.45,False,,0.0,3.81,0.0,654.47,658.28,5
978,978,linpack,medium,warm,200,723.99,723.99,0.0,710.74,13.25,False,,0.0,0.39,4.02,706.33,710.74,6
979,979,fetchdata,large,warm,200,89.6,89.59,0.0,80.48,9.11,False,80.44,0.0,0.03,0.0,,80.48,6
980,980,matrixmul,large,warm,200,25.07,25.06,0.0,5.16,19.9,False,,0.0,0.4,4.09,0.67,5.16,5
981,981,matrixmul,large,warm,200,24.5,24.49,0.0,6.46,18.03,False,,0.0,0.4,5.44,0.62,6.46,5
982,982,fetchdata,small,warm,200,83.68,83.67,0.0,74.69,8.98,False,74.66,0.0,0.02,0.0,,74.69,5
983,983,fastfouriertransform,large,warm,200,252.85,252.84,0.0,4.57,248.28,False,,0.0,3.83,0.0,0.73,4.57,5
984,984,matrixmul,small,warm,200,23.3,23.3,0.0,5.01,18.29,False,,0.0,0.37,4.02,0.61,5.01,6
985,985,genmatrix,small,warm,200,10.03,10.03,0.0,0.11,9.92,False,,0.0,0.02,,0.08,0.11,6
986,986,fastfouriertransform,small,warm,200,625.05,625.04,0.0,4.86,620.18,False,,0.0,3.94,0.0,0.91,4.86,2
987,987,fastfouriertransform,medium,warm,200,1176.98,1176.98,0.01,652.16,524.82,False,,0.0,3.98,0.0,648.17,652.16,3
988,988,genmatrix,large,warm,200,91.47,35.64,55.84,0.8,34.84,False,,0.0,0.02,,0.78,0.8,4
989,989,matrixmul,large,warm,200,25.22,25.22,0.01,5.57,19.65,False,,0.0,0.49,4.45,0.62,5.57,4
990,990,matrixmul,medium,warm,200,591.73,591.73,0.0,574.94,16.79,False,,0.0,0.36,3.99,570.58,574.94,4
991,991,fastfouriertransform,large,warm,200,790.83,790.82,0.01,4.94,785.88,False,,0.0,3.91,0.0,1.01,4.94,5
992,992,fetchdata,medium,warm,200,90.04,90.03,0.0,81.14,8.89,False,81.11,0.0,0.02,0.0,,81.14,6
993,993,genmatrix,small,warm,200,12.29,12.29,0.0,0.17,12.12,False,,0.0,0.05,,0.12,0.17,4
994,994,genmatrix,medium,warm,200,12.6,12.59,0.0,0.21,12.38,False,,0.0,0.02,,0.18,0.21,4
995,995,fastfouriertransform,medium,warm,200,1038.19,1038.19,0.0,651.73,386.46,False,,0.0,3.91,0.0,647.81,651.73,4
996,996,matrixmul,medium,warm,200,576.48,576.48,0.0,558.69,17.78,False,,0.0,0.38,4.04,554.27,558.69,4
997,997,matrixmul,medium,warm,200,1056.74,1056.73,0.01,571.09,485.64,False,,0.0,0.37,4.09,566.62,571.09,5
998,998,genmatrix,small,warm,200,11.66,11.65,0.01,0.17,11.48,False,,0.0,0.03,,0.13,0.17,6
999,999,matrixmul,large,warm,200,885.81,885.8,0.01,5.11,880.69,False,,0.0,0.36,4.07,0.68,5.11,4
1000,1000,matrixmul,medium,warm,200,1347.36,1347.35,0.0,555.48,791.88,False,,0.0,0.39,4.06,551.02,555.48,5
1001,1001,linpack,medium,warm,200,736.31,736.3,0.01,724.36,11.94,False,,0.0,0.37,4.12,719.86,724.36,6
1002,1002,fastfouriertransform,large,warm,200,347.36,347.35,0.01,4.73,342.62,False,,0.0,3.89,0.0,0.83,4.73,6
1003,1003,matrixmul,small,warm,200,470.01,470.0,0.01,5.13,464.88,False,,0.0,0.37,4.09,0.66,5.12,7
1004,1004,matrixmul,large,warm,200,959.31,959.3,0.0,5.25,954.05,False,,0.0,0.4,4.15,0.7,5.25,8
1005,1005,fetchdata,large,warm,200,91.65,91.64,0.0,77.53,14.11,False,77.49,0.0,0.03,0.0,,77.53,9
1006,1006,genmatrix,medium,warm,200,13.2,13.19,0.0,0.22,12.97,False,,0.0,0.02,,0.19,0.22,7
1007,1007,fastfouriertransform,small,warm,200,22.78,22.78,0.0,4.83,17.95,False,,0.0,3.94,0.01,0.88,4.82,7
1008,1008,genmatrix,large,warm,200,92.73,33.26,59.47,0.83,32.44,False,,0.0,0.02,,0.8,0.83,4
1009,1009,genmatrix,medium,warm,200,13.52,13.52,0.01,0.21,13.31,False,,0.0,0.02,,0.18,0.21,3
1010,1010,matrixmul,large,warm,200,372.47,372.47,0.0,5.17,367.3,False,,0.0,0.39,4.09,0.69,5.17,3
1011,1011,matrixmul,small,warm,200,284.39,284.38,0.01,5.22,279.16,False,,0.0,0.38,4.17,0.66,5.22,4
1012,1012,matrixmul,medium,warm,200,796.46,796.45,0.01,607.23,189.23,False,,0.0,0.4,4.1,602.71,607.22,5
1013,1013,matrixmul,small,cold,200,2388.17,2388.16,0.01,4.95,2383.21,False,,0.0,0.38,3.98,0.58,4.95,6
1014,1014,genmatrix,large,warm,200,117.48,34.71,82.77,0.79,33.92,False,,0.0,0.02,,0.77,0.79,3
1015,1015,matrixmul,medium,warm,200,1054.43,1054.42,0.0,552.13,502.3,False,,0.0,0.39,4.15,547.57,552.12,4
1016,1016,fastfouriertransform,small,warm,200,22.54,22.54,0.0,4.81,17.73,False,,0.0,4.0,0.0,0.8,4.81,4
1017,1017,matrixmul,medium,warm,200,1427.52,1427.51,0.0,563.23,864.28,False,,0.0,0.38,4.05,558.79,563.23,4
1018,1018,linpack,large,warm,200,16.89,16.88,0.0,5.14,11.75,False,,0.0,0.34,3.97,0.82,5.13,5
1019,1019,fetchdata,small,warm,200,90.07,90.07,0.01,80.95,9.12,False,80.92,0.0,0.02,0.0,,80.95,5
1020,1020,fetchdata,large,warm,200,89.64,89.63,0.01,79.39,10.25,False,79.35,0.0,0.03,0.0,,79.39,4
1021,1021,matrixmul,small,cold,200,1039.26,1039.26,0.01,4.94,1034.32,False,,0.0,0.34,4.01,0.59,4.94,4
1022,1022,fetchdata,small,warm,200,84.36,84.36,0.0,74.82,9.54,False,74.76,0.0,0.05,0.0,,74.82,5
1023,1023,fetchdata,large,warm,200,82.93,82.93,0.0,74.57,8.36,False,74.55,0.0,0.02,0.0,,74.57,5
1024,1024,genmatrix,medium,warm,200,12.21,12.2,0.0,0.21,12.0,False,,0.0,0.02,,0.18,0.2,5
1025,1025,matrixmul,large,warm,200,650.48,650.48,0.0,5.0,645.47,False,,0.0,0.36,4.02,0.62,5.0,5
1026,1026,fastfouriertransform,large,warm,200,27.18,27.17,0.0,4.84,22.33,False,,0.0,4.0,0.0,0.83,4.84,5
1027,1027,fetchdata,large,warm,200,89.74,89.73,0.0,79.69,10.04,False,79.66,0.0,0.02,0.0,,79.69,5
1028,1028,matrixmul,medium,warm,200,876.76,876.76,0.01,523.87,352.88,False,,0.0,0.37,4.01,519.49,523.87,5
1029,1029,genmatrix,medium,warm,200,11.84,11.84,0.0,0.21,11.63,False,,0.0,0.02,,0.18,0.2,6
1030,1030,fastfouriertransform,large,warm,200,22.89,22.89,0.0,4.59,18.29,False,,0.0,3.86,0.0,0.73,4.59,6
1031,1031,fetchdata,large,warm,200,85.82,85.81,0.01,75.35,10.47,False,75.32,0.0,0.02,0.0,,75.35,6
1032,1032,genmatrix,medium,warm,200,12.36,12.35,0.01,0.2,12.15,False,,0.0,0.02,,0.18,0.2,3
1033,1033,genmatrix,large,warm,200,83.9,33.94,49.96,0.82,33.12,False,,0.0,0.02,,0.8,0.82,3
1034,1034,genmatrix,small,warm,200,10.41,10.4,0.0,0.11,10.29,False,,0.0,0.02,,0.08,0.11,3
1035,1035,fastfouriertransform,small,warm,200,22.55,22.54,0.0,4.61,17.93,False,,0.0,3.87,0.0,0.73,4.61,3
1036,1036,fetchdata,medium,warm,200,83.94,83.94,0.0,73.75,10.19,False,73.72,0.0,0.02,0.0,,73.74,3
1037,1037,linpack,medium,warm,200,727.01,727.01,0.0,714.34,12.67,False,,0.0,0.33,3.97,710.03,714.34,1
1038,1038,linpack,small,warm,200,638.38,638.37,0.01,5.26,633.11,False,,0.0,0.41,4.03,0.81,5.26,2
1039,1039,genmatrix,medium,warm,200,14.53,14.52,0.01,0.29,14.23,False,,0.0,0.02,,0.27,0.29,3
1040,1040,matrixmul,small,warm,200,196.18,24.17,172.01,5.06,19.12,False,,0.0,0.34,4.02,0.69,5.06,3
1041,1041,linpack,medium,warm,200,1060.98,1060.98,0.01,724.64,336.34,False,,0.0,0.41,4.04,720.18,724.63,4
1042,1042,matrixmul,small,warm,200,22.52,22.51,0.01,5.07,17.45,False,,0.0,0.4,4.06,0.59,5.07,4
1043,1043,fastfouriertransform,small,warm,200,22.48,22.47,0.0,4.64,17.83,False,,0.0,3.88,0.0,0.76,4.64,4
1044,1044,fastfouriertransform,medium,warm,200,662.93,662.93,0.01,645.52,17.41,False,,0.0,3.86,0.0,641.66,645.52,4
1045,1045,fetchdata,large,warm,200,85.99,85.99,0.0,75.91,10.08,False,75.88,0.0,0.02,0.0,,75.91,3
1046,1046,matrixmul,small,warm,200,27.04,24.64,2.4,5.52,19.12,False,,0.0,0.47,4.22,0.83,5.52,3
1047,1047,genmatrix,large,warm,200,109.14,35.54,73.61,1.17,34.36,False,,0.0,0.02,,1.15,1.17,3
1048,1048,genmatrix,large,warm,200,90.47,33.01,57.46,0.82,32.18,False,,0.0,0.02,,0.8,0.82,4
1049,1049,fastfouriertransform,large,warm,200,162.33,162.32,0.01,4.56,157.76,False,,0.0,3.83,0.0,0.72,4.56,3
1050,1050,linpack,medium,warm,200,881.68,881.67,0.0,718.85,162.82,False,,0.0,0.39,4.09,714.36,718.85,4
1051,1051,genmatrix,small,warm,200,10.05,10.04,0.01,0.14,9.9,False,,0.0,0.03,,0.11,0.14,3
1052,1052,fetchdata,medium,warm,200,87.03,87.03,0.0,75.31,11.71,False,75.29,0.0,0.02,0.0,,75.31,2
1053,1053,linpack,small,warm,200,587.51,587.51,0.0,5.32,582.19,False,,0.0,0.35,4.1,0.86,5.32,2
1054,1054,fastfouriertransform,small,warm,200,22.31,22.31,0.0,4.62,17.69,False,,0.0,3.88,0.0,0.74,4.62,3
1055,1055,fetchdata,small,warm,200,86.59,86.58,0.0,78.28,8.3,False,78.25,0.0,0.02,0.0,,78.28,3
1056,1056,matrixmul,small,warm,200,20.09,20.08,0.01,4.98,15.1,False,,0.0,0.36,3.97,0.64,4.98,3
1057,1057,genmatrix,large,warm,200,84.71,33.76,50.95,0.82,32.94,False,,0.0,0.02,,0.79,0.82,3
1058,1058,linpack,medium,warm,200,789.94,789.93,0.0,698.99,90.94,False,,0.0,0.37,4.08,694.53,698.99,3
1059,1059,matrixmul,large,warm,200,22.57,20.25,2.32,4.97,15.28,False,,0.0,0.37,4.01,0.59,4.96,2
1060,1060,fetchdata,large,warm,200,89.9,89.89,0.0,79.33,10.57,False,79.3,0.0,0.02,0.0,,79.33,2
1061,1061,fastfouriertransform,small,warm,200,22.85,22.84,0.0,4.63,18.22,False,,0.0,3.88,0.0,0.74,4.63,2
1062,1062,genmatrix,medium,warm,200,17.68,13.02,4.66,0.21,12.81,False,,0.0,0.02,,0.18,0.21,2
1063,1063,matrixmul,large,warm,200,21.87,21.86,0.0,5.15,16.71,False,,0.0,0.4,4.13,0.62,5.15,2
1064,1064,matrixmul,medium,warm,200,537.5,537.49,0.01,522.78,14.71,False,,0.0,0.39,4.02,518.37,522.78,2
1065,1065,linpack,small,warm,200,98.38,98.37,0.0,5.22,93.15,False,,0.0,0.38,4.05,0.78,5.22,3
1066,1066,fetchdata,medium,warm,200,80.66,80.66,0.0,73.53,7.13,False,73.5,0.0,0.02,0.0,,73.53,2
1067,1067,fastfouriertransform,medium,warm,200,628.66,628.66,0.01,611.15,17.51,False,,0.0,3.88,0.0,607.26,611.15,2
1068,1068,matrixmul,large,warm,200,147.56,147.55,0.01,4.91,142.65,False,,0.0,0.34,3.98,0.58,4.91,3
1069,1069,linpack,medium,warm,200,699.76,699.75,0.0,686.96,12.79,False,,0.0,0.33,4.0,682.62,686.96,4
1070,1070,fetchdata,large,warm,200,80.37,80.37,0.01,73.08,7.29,False,73.05,0.0,0.02,0.0,,73.08,3
1071,1071,linpack,small,warm,200,504.22,504.22,0.0,5.34,498.88,False,,0.0,0.38,4.09,0.87,5.34,3
1072,1072,fetchdata,medium,warm,200,81.49,81.48,0.01,73.43,8.05,False,73.41,0.0,0.02,0.0,,73.43,4
1073,1073,linpack,small,warm,200,311.0,310.99,0.0,5.34,305.66,False,,0.0,0.39,4.13,0.82,5.33,4
1074,1074,fastfouriertransform,large,warm,200,23.17,23.16,0.0,4.96,18.21,False,,0.0,4.02,0.0,0.93,4.95,4
1075,1075,fetchdata,medium,warm,200,88.81,88.81,0.0,78.4,10.41,False,78.37,0.0,0.02,0.0,,78.39,4
1076,1076,fetchdata,small,warm,200,81.99,81.99,0.01,73.93,8.05,False,73.91,0.0,0.02,0.0,,73.93,3
1077,1077,genmatrix,large,warm,200,95.6,33.19,62.41,0.89,32.3,False,,0.0,0.02,,0.86,0.89,1
1078,1078,fetchdata,medium,warm,200,85.61,85.61,0.01,76.21,9.39,False,76.18,0.0,0.02,0.0,,76.21,1
1079,1079,linpack,medium,warm,200,730.07,730.07,0.0,715.36,14.7,False,,0.0,0.36,4.03,710.97,715.36,1
1080,1080,fastfouriertransform,medium,warm,200,677.65,677.64,0.0,657.21,20.44,False,,0.0,4.96,0.0,652.23,657.21,2
1081,1081,fetchdata,large,warm,200,91.63,91.63,0.0,81.4,10.22,False,81.37,0.0,0.02,0.0,,81.4,3
1082,1082,linpack,medium,warm,200,1153.97,1153.96,0.0,724.37,429.6,False,,0.0,0.42,4.19,719.76,724.36,3
1083,1083,fetchdata,large,warm,200,83.37,83.37,0.0,75.09,8.28,False,75.06,0.0,0.02,0.0,,75.09,4
1084,1084,genmatrix,large,warm,200,89.59,33.33,56.26,0.84,32.49,False,,0.0,0.02,,0.82,0.84,4
1085,1085,linpack,small,warm,200,859.88,859.87,0.0,5.46,854.41,False,,0.0,0.46,4.14,0.85,5.46,4
1086,1086,linpack,large,warm,200,783.46,783.45,0.01,5.31,778.14,False,,0.0,0.35,4.1,0.85,5.31,5
1087,1087,fetchdata,large,warm,200,89.96,89.96,0.0,79.99,9.97,False,79.95,0.0,0.02,0.0,,79.98,4
1088,1088,linpack,small,warm,200,571.25,571.25,0.0,5.38,565.87,False,,0.0,0.51,4.05,0.81,5.38,4
1089,1089,fetchdata,large,warm,200,84.79,84.79,0.0,76.58,8.21,False,76.56,0.0,0.02,0.0,,76.58,5
1090,1090,linpack,large,warm,200,386.72,386.72,0.0,5.26,381.46,False,,0.0,0.37,4.08,0.81,5.26,5
1091,1091,linpack,medium,warm,200,1011.05,1011.04,0.01,724.95,286.09,False,,0.0,0.39,4.07,720.48,724.95,6
1092,1092,linpack,small,warm,200,920.57,920.57,0.01,5.46,915.1,False,,0.0,0.47,4.12,0.87,5.46,7
1093,1093,fastfouriertransform,small,warm,200,32.58,32.57,0.0,4.87,27.7,False,,0.0,4.02,0.0,0.84,4.87,8
1094,1094,fastfouriertransform,large,warm,200,24.08,24.07,0.01,4.75,19.32,False,,0.0,3.92,0.0,0.82,4.75,3
1095,1095,linpack,medium,warm,200,1343.37,1343.36,0.0,718.2,625.17,False,,0.0,0.38,4.12,713.7,718.19,3
1096,1096,fetchdata,large,warm,200,83.58,83.57,0.0,74.51,9.06,False,74.48,0.0,0.02,0.0,,74.51,4
1097,1097,matrixmul,large,warm,200,20.95,20.95,0.01,5.03,15.92,False,,0.0,0.37,4.04,0.61,5.03,4
1098,1098,fastfouriertransform,medium,warm,200,671.66,671.65,0.0,654.06,17.59,False,,0.0,3.89,0.0,650.16,654.06,4
1099,1099,linpack,medium,warm,200,1645.7,1645.69,0.0,703.35,942.34,False,,0.0,0.37,4.06,698.91,703.35,5
1100,1100,genmatrix,medium,warm,200,15.6,15.6,0.0,0.28,15.32,False,,0.0,0.03,,0.24,0.28,6
1101,1101,fetchdata,large,warm,200,88.08,88.07,0.01,77.97,10.1,False,77.93,0.0,0.03,0.0,,77.97,6
1102,1102,matrixmul,medium,warm,200,590.06,585.81,4.25,568.42,17.4,False,,0.0,0.41,6.43,561.57,568.41,4
1103,1103,matrixmul,small,warm,200,496.69,496.69,0.01,5.12,491.57,False,,0.0,0.38,4.1,0.64,5.12,5
1104,1104,fastfouriertransform,small,warm,200,79.69,79.69,0.0,4.57,75.11,False,,0.0,3.84,0.0,0.73,4.57,6
1105,1105,matrixmul,medium,warm,200,859.42,853.3,6.13,549.39,303.9,False,,0.0,0.37,4.12,544.9,549.39,5
1106,1106,matrixmul,medium,warm,200,1318.94,1318.93,0.0,558.48,760.45,False,,0.0,0.51,4.29,553.67,558.47,6
1107,1107,fetchdata,medium,warm,200,89.02,89.02,0.0,78.65,10.37,False,78.62,0.0,0.02,0.0,,78.65,7
1108,1108,linpack,small,warm,200,749.46,749.45,0.01,5.17,744.29,False,,0.0,0.35,4.04,0.78,5.17,5
1109,1109,genmatrix,large,warm,200,83.43,32.08,51.36,0.8,31.28,False,,0.0,0.02,,0.77,0.8,5
1110,1110,genmatrix,large,warm,200,92.57,34.85,57.72,0.82,34.03,False,,0.0,0.02,,0.8,0.82,5
1111,1111,genmatrix,medium,warm,200,11.88,11.88,0.01,0.2,11.67,False,,0.0,0.02,,0.18,0.2,5
1112,1112,fetchdata,medium,warm,200,82.49,82.49,0.0,75.22,7.27,False,75.2,0.0,0.02,0.0,,75.22,5
1113,1113,linpack,large,warm,200,260.25,260.25,0.0,5.3,254.94,False,,0.0,0.43,4.07,0.8,5.3,5
1114,1114,fastfouriertransform,medium,warm,200,658.96,658.95,0.01,639.99,18.96,False,,0.0,3.99,0.0,635.99,639.99,5
1115,1115,fetchdata,medium,warm,200,85.21,85.2,0.0,76.48,8.72,False,76.46,0.0,0.02,0.0,,76.48,6
1116,1116,fastfouriertransform,medium,warm,200,1117.05,1117.05,0.01,657.52,459.52,False,,0.0,3.91,0.0,653.6,657.52,3
1117,1117,matrixmul,small,warm,200,233.08,233.07,0.01,5.03,228.04,False,,0.0,0.34,4.05,0.64,5.03,4
1118,1118,fetchdata,small,warm,200,82.57,82.56,0.0,74.89,7.67,False,74.86,0.0,0.02,0.0,,74.89,5
1119,1119,fastfouriertransform,medium,warm,200,1510.19,1510.19,0.0,686.41,823.77,False,,0.0,3.95,0.0,682.45,686.41,5
1120,1120,matrixmul,large,warm,200,25.5,25.5,0.01,6.41,19.08,False,,0.0,0.41,5.14,0.85,6.41,4
1121,1121,matrixmul,small,warm,200,26.8,24.63,2.17,5.35,19.28,False,,0.0,0.35,4.18,0.8,5.35,3
1122,1122,fetchdata,medium,warm,200,88.54,88.53,0.0,78.45,10.08,False,78.42,0.0,0.03,0.0,,78.45,3
1123,1123,linpack,large,warm,200,15.44,15.43,0.0,5.2,10.23,False,,0.0,0.35,4.08,0.77,5.2,3
1124,1124,genmatrix,small,warm,200,9.6,9.6,0.0,0.11,9.49,False,,0.0,0.02,,0.08,0.11,3
1125,1125,fetchdata,medium,warm,200,85.01,85.01,0.0,76.18,8.83,False,76.15,0.0,0.02,0.0,,76.18,3
1126,1126,linpack,medium,warm,200,748.11,748.1,0.0,725.91,22.19,False,,0.0,0.38,4.1,721.42,725.91,3
1127,1127,matrixmul,medium,warm,200,593.43,591.36,2.07,572.16,19.2,False,,0.0,0.38,5.59,566.18,572.16,4
1128,1128,matrixmul,small,warm,200,512.77,512.76,0.0,6.02,506.75,False,,0.0,0.41,4.73,0.87,6.01,4
1129,1129,fastfouriertransform,medium,warm,200,1156.01,1156.01,0.0,644.95,511.05,False,,0.0,3.9,0.0,641.04,644.95,5
1130,1130,linpack,medium,warm,200,1076.87,1076.86,0.0,727.07,349.79,False,,0.0,0.38,4.09,722.6,727.07,6
1131,1131,fetchdata,small,warm,200,80.47,80.47,0.0,72.87,7.6,False,72.85,0.0,0.02,0.0,,72.87,7
1132,1132,linpack,medium,warm,200,1606.61,1606.6,0.0,723.52,883.08,False,,0.0,0.38,4.09,719.05,723.52,7
1133,1133,fastfouriertransform,small,warm,200,760.34,760.33,0.01,4.81,755.52,False,,0.0,3.93,0.0,0.87,4.81,7
1134,1134,genmatrix,medium,warm,200,11.59,11.59,0.0,0.21,11.38,False,,0.0,0.02,,0.19,0.21,6
1135,1135,linpack,large,cold,200,1313.2,1313.2,0.01,5.35,1307.85,False,,0.0,0.39,4.11,0.83,5.35,5
1136,1136,matrixmul,medium,warm,200,577.05,577.04,0.01,559.98,17.07,False,,0.0,0.35,4.05,555.56,559.97,6
1137,1137,linpack,small,cold,200,1123.07,1123.07,0.01,5.29,1117.78,False,,0.0,0.37,4.08,0.83,5.29,7
1138,1138,fastfouriertransform,medium,warm,200,910.47,910.46,0.0,643.82,266.64,False,,0.0,3.89,0.0,639.92,643.82,8
1139,1139,fetchdata,medium,warm,200,93.58,93.58,0.01,79.93,13.65,False,79.9,0.0,0.02,0.0,,79.93,9
1140,1140,genmatrix,medium,warm,200,14.52,14.52,0.0,0.23,14.29,False,,0.0,0.02,,0.2,0.23,9
1141,1141,genmatrix,small,warm,200,9.88,9.88,0.01,0.11,9.77,False,,0.0,0.02,,0.08,0.1,6
1142,1142,matrixmul,small,warm,200,20.78,20.77,0.0,4.99,15.78,False,,0.0,0.35,4.02,0.61,4.99,5
1143,1143,linpack,large,warm,200,526.25,526.25,0.0,5.53,520.72,False,,0.0,0.38,4.09,1.05,5.53,5
1144,1144,fetchdata,medium,warm,200,83.25,83.25,0.0,75.3,7.95,False,75.27,0.0,0.02,0.0,,75.3,6
1145,1145,linpack,medium,warm,200,1041.5,1041.49,0.0,712.16,329.33,False,,0.0,0.41,4.15,707.59,712.16,6
1146,1146,fastfouriertransform,medium,warm,200,752.99,752.99,0.0,640.99,112.0,False,,0.0,3.96,0.0,637.02,640.99,7
1147,1147,linpack,medium,warm,200,1584.37,1584.37,0.0,740.48,843.89,False,,0.0,0.37,4.1,736.0,740.48,8
1148,1148,linpack,medium,cold,200,2214.02,2214.02,0.01,725.4,1488.62,False,,0.0,0.34,4.04,721.01,725.4,8
1149,1149,linpack,large,cold,200,2122.05,2122.05,0.01,5.25,2116.8,False,,0.0,0.36,4.05,0.83,5.25,5
1150,1150,linpack,small,cold,200,2026.63,2026.63,0.0,5.17,2021.45,False,,0.0,0.36,4.04,0.77,5.17,6
1151,1151,fetchdata,small,warm,200,83.88,83.88,0.0,75.68,8.2,False,75.66,0.0,0.02,0.0,,75.68,7
1152,1152,matrixmul,medium,warm,200,591.39,591.38,0.0,568.44,22.94,False,,0.0,0.45,4.18,563.81,568.44,7
1153,1153,genmatrix,large,warm,200,78.85,37.76,41.09,0.96,36.8,False,,0.0,0.03,,0.93,0.96,8
1154,1154,genmatrix,small,warm,200,10.0,10.0,0.0,0.15,9.84,False,,0.0,0.02,,0.13,0.15,7
1155,1155,fetchdata,large,warm,200,82.77,82.77,0.01,75.1,7.66,False,75.08,0.0,0.02,0.0,,75.1,7
1156,1156,linpack,medium,cold,200,2128.34,2128.34,0.0,702.24,1426.1,False,,0.0,0.36,3.96,697.9,702.23,6
1157,1157,linpack,small,cold,200,2035.95,2035.94,0.01,5.2,2030.74,False,,0.0,0.36,4.04,0.8,5.2,7
1158,1158,fastfouriertransform,small,warm,200,21.86,21.85,0.0,4.66,17.19,False,,0.0,3.88,0.0,0.77,4.66,7
1159,1159,fetchdata,large,warm,200,89.75,89.74,0.0,79.37,10.38,False,79.34,0.0,0.02,0.0,,79.37,7
1160,1160,genmatrix,medium,warm,200,14.74,14.74,0.01,0.23,14.51,False,,0.0,0.02,,0.2,0.23,7
1161,1161,linpack,medium,error,502,181.18,181.17,0.0,,,,,,,,,,7
1162,1162,fetchdata,large,warm,200,82.37,82.37,0.0,73.98,8.38,False,73.96,0.0,0.02,0.0,,73.98,8
1163,1163,linpack,small,cold,200,1443.94,1443.94,0.0,5.19,1438.75,False,,0.0,0.35,4.04,0.8,5.19,6
1164,1164,genmatrix,large,warm,200,83.19,33.33,49.87,0.79,32.54,False,,0.0,0.02,,0.77,0.79,7
1165,1165,genmatrix,small,warm,200,10.34,10.33,0.0,0.12,10.22,False,,0.0,0.02,,0.09,0.11,7
1166,1166,matrixmul,large,warm,200,30.21,30.2,0.0,5.21,24.99,False,,0.0,0.45,4.12,0.63,5.21,7
1167,1167,genmatrix,large,warm,200,88.0,34.66,53.33,0.81,33.86,False,,0.0,0.02,,0.78,0.8,7
1168,1168,genmatrix,large,warm,200,88.38,32.61,55.76,0.78,31.83,False,,0.0,0.02,,0.76,0.78,7
1169,1169,linpack,large,cold,200,3040.74,3040.74,0.0,5.2,3035.54,False,,0.0,0.38,4.05,0.77,5.2,7
1170,1170,matrixmul,large,warm,200,21.03,21.03,0.0,5.01,16.01,False,,0.0,0.37,4.05,0.59,5.01,8
1171,1171,linpack,medium,warm,200,1358.18,1358.17,0.01,715.29,642.88,False,,0.0,0.37,4.03,710.89,715.29,5
1172,1172,matrixmul,small,warm,200,23.71,21.68,2.03,5.0,16.68,False,,0.0,0.37,4.03,0.61,5.0,6
1173,1173,genmatrix,medium,warm,200,14.65,14.64,0.0,0.22,14.43,False,,0.0,0.02,,0.19,0.21,6
1174,1174,fastfouriertransform,medium,warm,200,659.19,659.18,0.01,638.89,20.3,False,,0.0,3.94,0.0,634.94,638.89,6
1175,1175,linpack,medium,warm,200,1686.33,1686.32,0.01,727.85,958.47,False,,0.0,0.35,4.05,723.44,727.85,7
1176,1176,fastfouriertransform,large,warm,200,468.56,468.55,0.01,4.9,463.66,False,,0.0,3.95,0.01,0.93,4.89,8
1177,1177,matrixmul,medium,warm,200,579.9,579.9,0.01,562.68,17.22,False,,0.0,0.34,4.01,558.32,562.68,9
1178,1178,linpack,large,cold,200,1394.47,1394.47,0.0,5.12,1389.35,False,,0.0,0.33,3.99,0.79,5.11,7
1179,1179,fetchdata,large,warm,200,93.87,93.87,0.0,76.78,17.08,False,76.75,0.0,0.02,0.0,,76.78,8
1180,1180,fastfouriertransform,large,warm,200,74.57,74.56,0.0,4.87,69.69,False,,0.0,3.93,0.0,0.92,4.87,8
1181,1181,matrixmul,small,warm,200,193.79,193.78,0.0,5.47,188.31,False,,0.0,0.39,4.4,0.67,5.47,6
1182,1182,linpack,large,warm,200,1001.32,1001.32,0.0,5.05,996.27,False,,0.0,0.34,3.98,0.73,5.05,7
1183,1183,linpack,medium,warm,200,1618.35,1618.34,0.0,715.65,902.69,False,,0.0,0.33,3.96,711.35,715.65,6
1184,1184,fetchdata,large,warm,200,84.08,84.08,0.01,74.2,9.88,False,74.17,0.0,0.02,0.0,,74.2,7
1185,1185,fetchdata,small,warm,200,86.79,86.78,0.01,77.9,8.89,False,77.87,0.0,0.02,0.0,,77.89,6
1186,1186,linpack,large,cold,200,1325.77,1325.77,0.01,5.41,1320.36,False,,0.0,0.38,4.13,0.9,5.41,6
1187,1187,fastfouriertransform,small,warm,200,24.12,24.12,0.0,4.91,19.21,False,,0.0,4.02,0.01,0.87,4.9,7
1188,1188,fastfouriertransform,medium,warm,200,681.27,681.27,0.0,664.06,17.2,False,,0.0,3.88,0.0,660.17,664.06,7
1189,1189,genmatrix,medium,warm,200,14.64,10.82,3.82,0.2,10.62,False,,0.0,0.02,,0.18,0.2,8
1190,1190,fetchdata,medium,warm,200,82.08,82.08,0.0,73.77,8.31,False,73.74,0.0,0.02,0.0,,73.77,8
1191,1191,fetchdata,medium,warm,200,78.99,78.98,0.0,72.82,6.16,False,72.8,0.0,0.02,0.0,,72.82,8
1192,1192,linpack,large,warm,200,733.92,733.91,0.01,5.41,728.5,False,,0.0,0.39,4.14,0.88,5.41,6
1193,1193,matrixmul,large,warm,200,28.44,24.46,3.97,5.62,18.85,False,,0.0,0.42,4.24,0.95,5.61,6
1194,1194,fastfouriertransform,large,warm,200,89.03,89.02,0.01,4.97,84.05,False,,0.0,4.11,0.0,0.85,4.97,6
1195,1195,fetchdata,large,warm,200,87.85,87.84,0.0,79.58,8.26,False,79.55,0.0,0.02,0.0,,79.58,5
1196,1196,fetchdata,large,warm,200,82.2,82.2,0.0,74.43,7.77,False,74.41,0.0,0.02,0.0,,74.43,5
1197,1197,genmatrix,large,warm,200,80.24,33.91,46.33,0.79,33.13,False,,0.0,0.02,,0.77,0.79,5
1198,1198,matrixmul,large,warm,200,24.92,21.17,3.76,5.06,16.1,False,,0.0,0.37,4.06,0.62,5.06,5
1199,1199,matrixmul,medium,warm,200,599.45,599.45,0.01,583.72,15.73,False,,0.0,0.35,4.11,579.25,583.72,5
1200,1200,fetchdata,medium,warm,200,92.4,92.39,0.0,77.69,14.7,False,77.66,0.0,0.03,0.0,,77.69,2
1201,1201,linpack,medium,warm,200,745.32,745.31,0.01,734.3,11.01,False,,0.0,0.36,4.26,729.66,734.29,2
1202,1202,linpack,medium,warm,200,1359.92,1359.91,0.0,712.93,646.99,False,,0.0,0.39,4.11,708.42,712.92,3
1203,1203,genmatrix,large,warm,200,82.83,32.26,50.57,0.78,31.48,False,,0.0,0.02,,0.76,0.78,4
1204,1204,matrixmul,small,warm,200,111.61,111.6,0.01,4.97,106.64,False,,0.0,0.34,4.02,0.6,4.96,4
1205,1205,fetchdata,medium,warm,200,83.33,83.32,0.01,74.72,8.6,False,74.69,0.0,0.02,0.0,,74.72,4
1206,1206,linpack,medium,warm,200,1689.09,1689.08,0.01,726.35,962.73,False,,0.0,0.38,4.11,721.86,726.35,3
1207,1207,fetchdata,medium,warm,200,99.51,99.5,0.0,86.03,13.47,False,85.98,0.0,0.03,0.0,,86.02,4
1208,1208,genmatrix,large,warm,200,85.0,33.16,51.83,0.88,32.28,False,,0.0,0.02,,0.85,0.88,5
1209,1209,fetchdata,large,warm,200,83.52,83.52,0.0,76.05,7.47,False,76.02,0.0,0.02,0.0,,76.05,3
1210,1210,matrixmul,medium,warm,200,570.55,570.54,0.01,554.59,15.95,False,,0.0,0.35,4.04,550.2,554.59,3
1211,1211,matrixmul,medium,warm,200,1048.67,1046.8,1.88,565.68,481.12,False,,0.0,0.49,4.12,561.05,565.67,4
1212,1212,linpack,large,warm,200,17.87,17.86,0.0,5.4,12.46,True,,0.0,0.36,4.17,0.86,5.4,5
1213,1213,genmatrix,medium,warm,200,15.42,15.41,0.01,0.3,15.11,False,,0.0,0.03,,0.26,0.3,5
1214,1214,fastfouriertransform,large,warm,200,21.71,21.7,0.0,4.86,16.85,False,,0.0,4.03,0.0,0.81,4.86,5
1215,1215,linpack,medium,warm,200,860.11,860.1,0.0,849.75,10.35,False,,0.0,0.4,4.28,845.06,849.75,5
1216,1216,matrixmul,medium,warm,200,1131.28,1131.28,0.0,576.82,554.46,False,,0.0,0.38,4.11,572.32,576.82,4
1217,1217,fetchdata,medium,warm,200,81.43,81.43,0.0,74.74,6.69,False,74.71,0.0,0.02,0.0,,74.74,5
1218,1218,fastfouriertransform,medium,warm,200,664.56,664.56,0.01,647.29,17.27,False,,0.0,3.88,0.0,643.4,647.29,5
1219,1219,fastfouriertransform,medium,warm,200,1213.8,1213.79,0.01,649.0,564.79,False,,0.0,3.84,0.0,645.15,649.0,6
1220,1220,matrixmul,large,warm,200,760.94,760.94,0.01,5.61,755.33,False,,0.0,0.41,4.2,0.99,5.61,7
1221,1221,genmatrix,large,warm,200,82.15,33.8,48.36,0.85,32.95,False,,0.0,0.02,,0.82,0.85,8
1222,1222,matrixmul,small,warm,200,548.78,546.82,1.96,5.34,541.48,False,,0.0,0.42,4.26,0.65,5.34,7
1223,1223,fetchdata,large,warm,200,80.7,80.69,0.0,74.07,6.63,False,74.04,0.0,0.02,0.0,,74.07,7
1224,1224,genmatrix,large,warm,200,90.36,33.74,56.62,0.91,32.84,False,,0.0,0.02,,0.88,0.91,6
1225,1225,genmatrix,small,warm,200,8.09,8.08,0.01,0.11,7.97,False,,0.0,0.02,,0.09,0.11,5
1226,1226,fastfouriertransform,large,warm,200,520.64,520.64,0.01,4.63,516.01,False,,0.0,3.88,0.0,0.75,4.63,5
1227,1227,linpack,small,warm,200,16.4,16.4,0.0,5.66,10.73,False,,0.0,0.4,4.42,0.84,5.66,6
1228,1228,fetchdata,small,warm,200,131.23,131.22,0.01,122.7,8.52,False,122.67,0.0,0.02,0.0,,122.7,3
1229,1229,linpack,small,warm,200,16.57,16.57,0.0,5.76,10.81,False,,0.0,0.38,4.5,0.87,5.75,4
1230,1230,fetchdata,small,warm,200,84.44,84.44,0.01,76.61,7.83,False,76.58,0.0,0.02,0.0,,76.61,3
1231,1231,fastfouriertransform,medium,warm,200,691.02,691.01,0.0,668.39,22.62,False,,0.0,3.87,0.0,664.51,668.39,3
1232,1232,genmatrix,large,warm,200,76.2,32.94,43.26,0.82,32.12,False,,0.0,0.02,,0.8,0.82,2
1233,1233,matrixmul,small,warm,200,21.97,20.09,1.88,5.08,15.01,False,,0.0,0.37,4.09,0.61,5.08,2
1234,1234,fetchdata,small,warm,200,138.39,138.38,0.01,128.81,9.58,False,128.78,0.0,0.02,0.0,,128.8,2
1235,1235,linpack,small,warm,200,16.35,16.34,0.0,5.77,10.57,False,,0.0,0.48,4.45,0.84,5.77,3
1236,1236,matrixmul,large,warm,200,21.5,21.5,0.01,5.41,16.08,False,,0.0,0.37,4.43,0.61,5.41,2
1237,1237,matrixmul,medium,warm,200,596.54,596.54,0.0,581.14,15.4,False,,0.0,0.41,4.02,576.7,581.14,2
1238,1238,fetchdata,medium,warm,200,83.56,83.55,0.0,75.58,7.97,False,75.56,0.0,0.02,0.0,,75.58,2
1239,1239,genmatrix,medium,warm,200,14.08,14.07,0.01,0.29,13.78,False,,0.0,0.02,,0.26,0.29,2
1240,1240,fastfouriertransform,small,warm,200,24.17,24.16,0.0,6.07,18.09,False,,0.0,5.23,0.0,0.84,6.07,2
1241,1241,linpack,small,warm,200,19.71,19.7,0.01,9.22,10.48,False,,0.0,0.35,8.07,0.79,9.22,2
1242,1242,linpack,large,warm,200,14.5,14.49,0.0,5.1,9.4,False,,0.0,0.36,4.0,0.74,5.1,2
1243,1243,fastfouriertransform,small,warm,200,20.6,20.6,0.01,4.6,16.0,False,,0.0,3.86,0.0,0.73,4.6,1
1244,1244,matrixmul,small,warm,200,21.47,19.62,1.85,5.08,14.54,False,,0.0,0.4,4.05,0.63,5.08,1
1245,1245,fastfouriertransform,medium,warm,200,682.11,682.11,0.0,663.64,18.47,False,,0.0,4.09,0.0,659.54,663.64,1
1246,1246,matrixmul,small,warm,200,29.99,28.16,1.84,7.14,21.02,False,,0.0,0.41,6.04,0.68,7.14,2
1247,1247,genmatrix,small,warm,200,8.79,8.79,0.0,0.12,8.67,False,,0.0,0.02,,0.09,0.12,2
1248,1248,fastfouriertransform,medium,warm,200,1037.28,1037.28,0.01,652.28,385.0,False,,0.0,3.9,0.0,648.37,652.27,2
1249,1249,linpack,large,warm,200,16.18,16.18,0.0,5.14,11.04,False,,0.0,0.35,4.03,0.75,5.13,3
1250,1250,fastfouriertransform,medium,warm,200,1482.68,1482.67,0.0,643.08,839.59,False,,0.0,3.9,0.0,639.17,643.08,3
1251,1251,genmatrix,medium,warm,200,13.48,11.78,1.7,0.25,11.53,False,,0.0,0.02,,0.22,0.25,4
1252,1252,linpack,large,warm,200,19.46,19.46,0.0,5.72,13.74,False,,0.0,0.49,4.11,1.11,5.71,3
1253,1253,matrixmul,small,warm,200,24.32,22.56,1.76,7.69,14.87,False,,0.0,0.36,6.6,0.72,7.68,3
1254,1254,linpack,medium,warm,200,743.77,743.76,0.01,732.78,10.98,False,,0.0,0.37,4.13,728.28,732.78,3
1255,1255,genmatrix,small,warm,200,7.72,7.72,0.0,0.11,7.61,False,,0.0,0.02,,0.08,0.11,4
1256,1256,fastfouriertransform,medium,warm,200,1528.18,1528.17,0.01,641.0,887.17,False,,0.0,3.94,0.0,637.05,641.0,4
1257,1257,fetchdata,large,warm,200,85.88,85.88,0.0,75.57,10.31,False,75.55,0.0,0.02,0.0,,75.57,5
1258,1258,matrixmul,large,warm,200,29.16,29.16,0.01,9.46,19.69,False,,0.0,0.43,8.35,0.67,9.46,5
1259,1259,genmatrix,large,warm,200,84.89,35.94,48.95,0.92,35.02,False,,0.0,0.02,,0.89,0.92,4
1260,1260,fetchdata,small,warm,200,86.07,86.07,0.0,78.54,7.53,False,78.51,0.0,0.03,0.0,,78.54,4
1261,1261,genmatrix,medium,warm,200,12.0,11.99,0.01,0.2,11.79,False,,0.0,0.02,,0.18,0.2,4
1262,1262,linpack,large,warm,200,15.84,15.84,0.0,5.27,10.57,False,,0.0,0.38,4.12,0.77,5.27,3
1263,1263,fetchdata,small,warm,200,83.21,83.21,0.01,75.09,8.12,False,75.06,0.0,0.02,0.0,,75.09,3
1264,1264,linpack,large,warm,200,19.12,19.11,0.01,5.55,13.56,False,,0.0,0.44,4.25,0.85,5.55,3
1265,1265,matrixmul,medium,warm,200,585.43,585.43,0.01,567.13,18.29,False,,0.0,0.39,4.21,562.53,567.13,2
1266,1266,linpack,medium,warm,200,856.35,856.35,0.01,845.35,11.0,False,,0.0,0.37,4.18,840.79,845.35,3
1267,1267,fastfouriertransform,medium,warm,200,1072.38,1072.38,0.0,640.73,431.65,False,,0.0,3.96,0.0,636.76,640.73,4
1268,1268,fastfouriertransform,small,warm,200,976.96,976.95,0.01,5.0,971.95,False,,0.0,3.98,0.0,1.01,5.0,5
1269,1269,fetchdata,medium,warm,200,80.45,80.45,0.0,73.46,6.99,False,73.43,0.0,0.02,0.0,,73.46,6
1270,1270,genmatrix,small,warm,200,8.31,8.3,0.01,0.11,8.2,False,,0.0,0.02,,0.08,0.11,6
1271,1271,fastfouriertransform,medium,warm,200,1332.2,1332.19,0.0,648.85,683.34,False,,0.0,3.98,0.0,644.86,648.85,5
1272,1272,matrixmul,small,warm,200,23.64,21.94,1.71,5.87,16.06,False,,0.0,0.39,4.78,0.69,5.87,5
1273,1273,matrixmul,medium,warm,200,589.39,589.38,0.01,561.39,27.99,False,,0.0,0.37,5.69,555.32,561.39,5
1274,1274,genmatrix,medium,warm,200,11.44,11.44,0.01,0.2,11.23,False,,0.0,0.02,,0.18,0.2,6
1275,1275,linpack,large,warm,200,15.62,15.62,0.0,5.22,10.4,False,,0.0,0.36,4.07,0.78,5.21,5
1276,1276,linpack,small,warm,200,15.83,15.83,0.0,5.28,10.55,False,,0.0,0.36,4.15,0.77,5.28,5
1277,1277,genmatrix,large,warm,200,85.88,33.55,52.32,0.88,32.67,False,,0.0,0.02,,0.86,0.88,5
1278,1278,genmatrix,large,warm,200,76.0,39.21,36.79,0.9,38.31,False,,0.0,0.02,,0.88,0.9,3
1279,1279,fetchdata,small,warm,200,88.53,88.53,0.0,79.44,9.09,False,79.4,0.0,0.03,0.0,,79.44,2
1280,1280,fastfouriertransform,medium,warm,200,1087.03,1087.03,0.0,652.36,434.67,False,,0.0,3.88,0.0,648.46,652.36,2
1281,1281,genmatrix,small,warm,200,8.11,8.11,0.0,0.11,8.0,False,,0.0,0.02,,0.08,0.11,3
1282,1282,matrixmul,large,warm,200,23.39,23.38,0.01,5.06,18.33,False,,0.0,0.37,4.06,0.62,5.06,3
1283,1283,linpack,large,warm,200,15.29,15.28,0.0,5.3,9.98,False,,0.0,0.36,4.16,0.78,5.3,3
1284,1284,genmatrix,large,warm,200,79.85,33.55,46.31,0.96,32.58,False,,0.0,0.02,,0.94,0.96,3
1285,1285,fastfouriertransform,large,warm,200,590.81,590.8,0.01,4.72,586.08,False,,0.0,3.9,0.0,0.81,4.72,2
1286,1286,genmatrix,medium,warm,200,14.51,11.18,3.34,0.2,10.98,False,,0.0,0.02,,0.18,0.2,3
1287,1287,linpack,small,warm,200,17.23,17.22,0.0,5.99,11.23,False,,0.0,0.38,4.82,0.79,5.99,3
1288,1288,fetchdata,small,warm,200,80.34,80.33,0.01,73.98,6.35,False,73.96,0.0,0.02,0.0,,73.98,3
1289,1289,matrixmul,small,warm,200,21.34,19.66,1.68,5.34,14.33,False,,0.0,0.45,4.21,0.67,5.33,3
1290,1290,matrixmul,large,warm,200,31.32,31.32,0.01,9.44,21.88,False,,0.0,0.42,4.14,4.87,9.43,3
1291,1291,linpack,medium,warm,200,814.05,814.04,0.0,803.77,10.27,False,,0.0,0.43,4.56,798.77,803.77,1
1292,1292,matrixmul,large,warm,200,23.05,23.05,0.0,6.01,17.04,False,,0.0,0.42,4.89,0.68,6.01,2
1293,1293,linpack,medium,warm,200,742.65,742.64,0.01,733.43,9.21,False,,0.0,0.36,4.02,729.05,733.43,2
1294,1294,linpack,large,warm,200,522.95,522.95,0.01,6.03,516.91,False,,0.0,0.43,4.46,1.13,6.03,3
1295,1295,fetchdata,small,warm,200,81.56,81.56,0.0,75.52,6.04,False,75.49,0.0,0.02,0.0,,75.52,4
1296,1296,linpack,small,warm,200,448.33,448.32,0.01,5.12,443.2,False,,0.0,0.32,4.01,0.78,5.12,4
1297,1297,linpack,medium,warm,200,1034.78,1034.77,0.0,812.13,222.65,False,,0.0,0.38,4.43,807.31,812.13,5
1298,1298,linpack,large,warm,200,254.04,254.03,0.0,5.13,248.91,False,,0.0,0.35,4.01,0.76,5.13,6
1299,1299,genmatrix,small,warm,200,8.48,8.48,0.0,0.11,8.37,False,,0.0,0.02,,0.09,0.11,7
1300,1300,linpack,small,warm,200,747.25,747.25,0.01,8.01,739.23,False,,0.0,0.51,6.36,1.14,8.01,5
1301,1301,fastfouriertransform,large,warm,200,20.44,20.44,0.0,4.65,15.79,False,,0.0,3.87,0.0,0.77,4.65,3
1302,1302,linpack,small,warm,200,14.56,14.55,0.01,5.09,9.47,False,,0.0,0.34,3.99,0.75,5.08,3
1303,1303,linpack,large,warm,200,16.7,16.69,0.01,5.16,11.53,False,,0.0,0.36,4.03,0.78,5.16,3
1304,1304,fetchdata,small,warm,200,90.48,90.47,0.0,83.45,7.03,False,83.42,0.0,0.02,0.0,,83.45,3
1305,1305,genmatrix,large,warm,200,77.41,31.8,45.61,0.8,30.99,False,,0.0,0.02,,0.78,0.8,3
1306,1306,matrixmul,small,warm,200,24.67,24.67,0.01,5.13,19.54,False,,0.0,0.42,4.1,0.61,5.13,3
1307,1307,fetchdata,large,warm,200,79.96,79.95,0.01,73.35,6.6,False,73.32,0.0,0.02,0.0,,73.34,3
1308,1308,linpack,medium,warm,200,876.23,876.22,0.01,865.24,10.99,False,,0.0,0.4,4.48,860.35,865.23,1
1309,1309,fastfouriertransform,large,warm,200,21.54,21.54,0.0,4.77,16.77,False,,0.0,3.92,0.0,0.83,4.77,2
1310,1310,matrixmul,small,warm,200,33.56,29.06,4.51,9.24,19.82,False,,0.0,0.38,8.19,0.66,9.23,2
1311,1311,matrixmul,small,warm,200,25.28,23.75,1.53,5.06,18.69,False,,0.0,0.35,4.09,0.62,5.06,2
1312,1312,linpack,medium,warm,200,748.38,748.38,0.01,739.87,8.51,False,,0.0,0.35,4.05,735.46,739.87,2
1313,1313,matrixmul,large,warm,200,22.63,19.64,2.99,5.05,14.59,False,,0.0,0.37,4.07,0.6,5.05,3
1314,1314,fastfouriertransform,large,warm,200,20.22,20.22,0.0,4.59,15.63,False,,0.0,3.84,0.0,0.74,4.59,3
1315,1315,matrixmul,large,warm,200,22.57,21.06,1.52,5.07,15.99,False,,0.0,0.38,4.07,0.61,5.07,3
1316,1316,genmatrix,large,warm,200,84.7,42.91,41.78,1.11,41.8,False,,0.0,0.03,,1.08,1.11,3
1317,1317,fastfouriertransform,medium,warm,200,647.43,647.42,0.01,630.39,17.03,False,,0.0,4.06,0.0,626.33,630.39,2
1318,1318,genmatrix,small,warm,200,7.79,7.78,0.01,0.11,7.68,False,,0.0,0.02,,0.08,0.11,3
1319,1319,fetchdata,large,warm,200,82.43,82.42,0.01,75.83,6.59,False,75.81,0.0,0.02,0.0,,75.83,3
1320,1320,fastfouriertransform,small,warm,200,354.26,354.26,0.01,4.79,349.46,False,,0.0,3.94,0.0,0.85,4.79,2
1321,1321,matrixmul,medium,warm,200,587.31,584.2,3.11,568.75,15.45,False,,0.0,0.38,4.11,564.26,568.75,3
1322,1322,fastfouriertransform,large,warm,200,162.08,162.07,0.0,4.76,157.31,False,,0.0,3.93,0.0,0.82,4.76,4
1323,1323,fastfouriertransform,small,warm,200,66.05,66.05,0.0,4.78,61.27,False,,0.0,3.93,0.0,0.84,4.78,5
1324,1324,matrixmul,small,warm,200,295.42,295.41,0.01,4.96,290.45,False,,0.0,0.34,4.02,0.59,4.96,2
1325,1325,genmatrix,medium,warm,200,11.3,11.3,0.0,0.21,11.09,False,,0.0,0.02,,0.18,0.21,3
1326,1326,fetchdata,small,warm,200,81.47,81.46,0.0,74.07,7.39,False,74.05,0.0,0.02,0.0,,74.07,3
1327,1327,matrixmul,medium,warm,200,586.75,586.74,0.01,571.29,15.45,False,,0.0,0.36,4.05,566.87,571.29,1
1328,1328,matrixmul,medium,warm,200,1065.0,1063.56,1.44,568.78,494.77,False,,0.0,0.48,4.13,564.16,568.78,2
1329,1329,matrixmul,medium,warm,200,1550.25,1548.59,1.66,559.75,988.84,False,,0.0,0.38,4.15,555.2,559.75,3
1330,1330,fastfouriertransform,large,warm,200,25.39,25.38,0.01,4.83,20.56,False,,0.0,4.01,0.0,0.8,4.82,4
1331,1331,linpack,small,warm,200,18.35,18.34,0.01,6.61,11.73,False,,0.0,0.36,5.46,0.79,6.61,4
1332,1332,genmatrix,small,warm,200,6.91,6.91,0.0,0.1,6.8,False,,0.0,0.02,,0.08,0.1,4
1333,1333,fetchdata,large,warm,200,81.16,81.15,0.0,74.41,6.74,False,74.38,0.0,0.02,0.0,,74.41,3
1334,1334,matrixmul,large,warm,200,482.16,482.16,0.0,5.84,476.32,False,,0.0,0.73,4.41,0.7,5.84,3
1335,1335,fetchdata,large,warm,200,86.84,86.83,0.0,79.34,7.49,False,79.31,0.0,0.02,0.0,,79.34,4
1336,1336,fetchdata,small,warm,200,93.08,93.08,0.01,83.9,9.18,False,83.84,0.0,0.05,0.0,,83.9,4
1337,1337,fastfouriertransform,medium,warm,200,653.57,653.57,0.01,636.89,16.68,False,,0.0,3.92,0.0,632.96,636.89,4
1338,1338,matrixmul,large,warm,200,665.85,665.84,0.01,5.26,660.58,False,,0.0,0.36,4.16,0.73,5.26,5
1339,1339,linpack,medium,warm,200,734.09,734.09,0.01,723.95,10.14,False,,0.0,0.35,4.03,719.56,723.94,4
1340,1340,linpack,medium,warm,200,813.9,813.89,0.01,803.5,10.39,False,,0.0,0.37,4.4,798.72,803.5,5
1341,1341,fetchdata,small,warm,200,80.46,80.45,0.0,73.27,7.19,False,73.24,0.0,0.02,0.0,,73.27,6
1342,1342,matrixmul,medium,warm,200,842.58,842.57,0.01,566.7,275.87,False,,0.0,0.37,5.18,561.14,566.7,6
1343,1343,fetchdata,medium,warm,200,92.1,92.1,0.01,83.16,8.94,False,83.12,0.0,0.02,0.0,,83.15,7
1344,1344,fetchdata,large,warm,200,88.47,88.47,0.01,80.36,8.11,False,80.33,0.0,0.03,0.0,,80.36,6
1345,1345,fastfouriertransform,small,warm,200,20.65,20.64,0.0,4.62,16.02,False,,0.0,3.88,0.0,0.74,4.62,4
1346,1346,matrixmul,large,warm,200,450.84,449.24,1.6,5.42,443.82,False,,0.0,0.41,4.29,0.71,5.42,4
1347,1347,fastfouriertransform,small,warm,200,20.89,20.88,0.0,4.62,16.26,False,,0.0,3.87,0.0,0.74,4.62,4
1348,1348,fetchdata,small,warm,200,83.77,83.76,0.01,75.55,8.21,False,75.52,0.0,0.02,0.0,,75.55,4
1349,1349,fastfouriertransform,large,warm,200,22.01,22.0,0.01,4.95,17.05,False,,0.0,4.05,0.01,0.89,4.95,3
1350,1350,fastfouriertransform,medium,warm,200,664.45,664.45,0.0,645.7,18.75,False,,0.0,3.96,0.0,641.73,645.7,3
1351,1351,linpack,large,warm,200,16.27,16.26,0.01,5.69,10.57,False,,0.0,0.44,4.39,0.85,5.69,2
1352,1352,fastfouriertransform,small,warm,200,471.14,471.13,0.01,4.75,466.39,False,,0.0,3.9,0.0,0.84,4.75,2
1353,1353,fastfouriertransform,medium,warm,200,1024.98,1024.98,0.0,651.33,373.65,False,,0.0,3.94,0.0,647.37,651.32,3
1354,1354,matrixmul,small,warm,200,22.03,20.64,1.39,5.03,15.61,False,,0.0,0.36,4.05,0.62,5.03,4
1355,1355,linpack,small,warm,200,13.85,13.84,0.0,5.18,8.66,False,,0.0,0.34,4.07,0.76,5.18,4
1356,1356,fastfouriertransform,small,warm,200,731.5,731.5,0.0,5.1,726.4,False,,0.0,3.96,0.0,1.13,5.09,4
1357,1357,linpack,medium,warm,200,879.12,879.12,0.01,866.69,12.42,False,,0.0,0.53,7.28,858.87,866.69,3
1358,1358,fetchdata,large,warm,200,93.01,93.01,0.0,85.06,7.95,False,85.03,0.0,0.02,0.0,,85.06,4
1359,1359,linpack,medium,warm,200,739.39,739.39,0.01,730.08,9.31,False,,0.0,0.36,4.04,725.68,730.08,4
1360,1360,linpack,large,warm,200,648.11,648.11,0.0,5.17,642.94,False,,0.0,0.34,4.06,0.76,5.16,5
1361,1361,genmatrix,small,warm,200,7.93,7.93,0.0,0.11,7.82,False,,0.0,0.02,,0.08,0.11,6
1362,1362,genmatrix,small,warm,200,8.0,8.0,0.0,0.15,7.85,False,,0.0,0.02,,0.12,0.15,6
1363,1363,linpack,small,warm,200,284.92,284.91,0.01,5.62,279.29,False,,0.0,0.37,4.44,0.81,5.62,6
1364,1364,matrixmul,medium,warm,200,592.67,591.26,1.41,572.28,18.97,False,,0.0,0.42,4.04,567.81,572.28,5
1365,1365,genmatrix,small,warm,200,6.71,6.71,0.0,0.1,6.61,False,,0.0,0.02,,0.08,0.1,6
1366,1366,linpack,large,warm,200,16.32,16.32,0.01,5.74,10.58,False,,0.0,0.41,4.49,0.83,5.74,4
1367,1367,fetchdata,large,warm,200,81.38,81.37,0.0,74.38,6.99,False,74.35,0.0,0.02,0.0,,74.38,2
1368,1368,matrixmul,large,warm,200,205.36,205.35,0.01,5.23,200.12,False,,0.0,0.37,4.12,0.74,5.23,2
1369,1369,matrixmul,small,warm,200,121.58,120.07,1.5,5.15,114.93,False,,0.0,0.39,4.07,0.68,5.15,3
1370,1370,genmatrix,large,warm,200,78.13,35.23,42.9,0.91,34.32,False,,0.0,0.03,,0.88,0.91,3
1371,1371,matrixmul,large,warm,200,24.36,21.46,2.9,5.22,16.24,False,,0.0,0.37,4.2,0.64,5.22,1
1372,1372,genmatrix,large,warm,200,73.43,31.37,42.05,0.8,30.57,False,,0.0,0.02,,0.78,0.8,1
1373,1373,matrixmul,medium,warm,200,591.46,590.01,1.45,574.51,15.5,False,,0.0,0.36,4.01,570.13,574.51,1
1374,1374,fetchdata,medium,warm,200,82.4,82.39,0.01,75.82,6.57,False,75.8,0.0,0.02,0.0,,75.82,2
1375,1375,matrixmul,small,warm,200,405.82,404.4,1.42,5.28,399.12,False,,0.0,0.4,4.17,0.7,5.27,2
1376,1376,linpack,medium,warm,200,899.84,899.83,0.0,888.88,10.95,False,,0.0,0.37,4.31,884.19,888.88,3
1377,1377,fetchdata,small,warm,200,88.39,88.39,0.01,80.67,7.72,False,80.63,0.0,0.02,0.0,,80.66,4
1378,1378,genmatrix,large,warm,200,62.53,31.63,30.9,0.78,30.85,False,,0.0,0.02,,0.75,0.78,4
1379,1379,fetchdata,medium,warm,200,82.05,82.05,0.0,74.74,7.31,False,74.71,0.0,0.02,0.0,,74.74,3
1380,1380,fastfouriertransform,large,warm,200,21.93,21.91,0.02,4.64,17.27,False,,0.0,3.89,0.0,0.75,4.64,2
1381,1381,matrixmul,medium,warm,200,573.53,570.89,2.64,556.91,13.98,False,,0.0,0.35,3.99,552.57,556.91,2
1382,1382,linpack,large,warm,200,19.49,19.48,0.0,6.15,13.33,False,,0.0,0.41,4.5,1.23,6.15,3
1383,1383,fetchdata,medium,warm,200,90.13,90.12,0.0,82.08,8.04,False,82.05,0.0,0.03,0.0,,82.08,3
1384,1384,fetchdata,medium,warm,200,85.27,85.26,0.01,77.93,7.33,False,77.9,0.0,0.02,0.0,,77.93,3
1385,1385,fetchdata,medium,warm,200,85.4,85.4,0.01,78.93,6.47,False,78.9,0.0,0.02,0.0,,78.93,2
1386,1386,fastfouriertransform,medium,warm,200,684.17,684.16,0.01,668.35,15.81,False,,0.0,3.98,0.0,664.36,668.35,2
1387,1387,genmatrix,small,warm,200,7.61,7.6,0.0,0.11,7.5,False,,0.0,0.02,,0.09,0.11,2
1388,1388,linpack,large,warm,200,14.7,14.7,0.01,5.2,9.5,False,,0.0,0.38,4.03,0.78,5.19,2
1389,1389,fetchdata,small,warm,200,91.41,91.4,0.0,81.11,10.3,False,81.08,0.0,0.02,0.0,,81.1,2
1390,1390,genmatrix,medium,warm,200,14.87,11.86,3.01,0.22,11.64,False,,0.0,0.02,,0.19,0.22,2
1391,1391,linpack,large,warm,200,18.22,18.22,0.0,8.49,9.72,False,,0.0,0.39,5.73,2.37,8.49,2
1392,1392,fastfouriertransform,small,warm,200,88.52,88.51,0.01,4.58,83.93,False,,0.0,3.83,0.0,0.75,4.58,2
1393,1393,fetchdata,large,warm,200,81.24,81.24,0.01,74.32,6.91,False,74.3,0.0,0.02,0.0,,74.32,1
1394,1394,linpack,small,warm,200,39.92,39.92,0.0,5.46,34.46,False,,0.0,0.36,4.24,0.84,5.46,1
1395,1395,matrixmul,small,warm,200,23.04,23.04,0.01,5.66,17.38,False,,0.0,0.44,4.5,0.71,5.65,1
1396,1396,genmatrix,medium,warm,200,15.47,13.02,2.45,0.21,12.81,False,,0.0,0.02,,0.19,0.21,1
1397,1397,fastfouriertransform,small,warm,200,19.28,19.27,0.0,4.64,14.63,False,,0.0,3.9,0.0,0.73,4.64,1
1398,1398,fetchdata,large,warm,200,80.06,80.05,0.01,73.0,7.05,False,72.98,0.0,0.02,0.0,,73.0,1
1399,1399,fastfouriertransform,large,warm,200,20.15,20.15,0.01,4.64,15.51,False,,0.0,3.89,0.0,0.75,4.64,1
1400,1400,matrixmul,small,warm,200,21.72,20.4,1.32,5.35,15.05,False,,0.0,0.35,4.38,0.62,5.35,1
1401,1401,linpack,large,warm,200,20.79,20.79,0.0,8.06,12.73,False,,0.0,0.52,6.35,1.18,8.06,1
1402,1402,fetchdata,medium,warm,200,85.14,85.13,0.0,78.33,6.8,False,78.3,0.0,0.02,0.0,,78.33,1
1403,1403,fetchdata,large,warm,200,90.39,90.39,0.0,81.33,9.06,False,81.3,0.0,0.02,0.0,,81.32,1
1404,1404,genmatrix,medium,warm,200,12.05,10.87,1.18,0.2,10.66,False,,0.0,0.02,,0.18,0.2,1
1405,1405,matrixmul,medium,warm,200,598.68,598.68,0.0,583.73,14.95,False,,0.0,0.37,4.02,579.33,583.72,1
1406,1406,linpack,large,warm,200,16.8,16.8,0.0,5.28,11.52,False,,0.0,0.37,4.09,0.82,5.28,2
1407,1407,genmatrix,medium,warm,200,15.84,14.6,1.24,0.21,14.38,False,,0.0,0.02,,0.19,0.21,2
1408,1408,genmatrix,medium,warm,200,15.66,14.45,1.21,0.23,14.22,False,,0.0,0.03,,0.2,0.23,2
1409,1409,linpack,medium,warm,200,813.7,813.7,0.0,799.5,14.19,False,,0.0,0.38,4.48,794.65,799.5,2
1410,1410,matrixmul,small,warm,200,110.22,108.77,1.45,4.95,103.82,False,,0.0,0.34,4.02,0.59,4.95,3
1411,1411,matrixmul,medium,warm,200,583.66,582.49,1.17,566.09,16.4,False,,0.0,0.35,4.03,561.71,566.09,3
1412,1412,fetchdata,medium,warm,200,80.81,80.8,0.01,74.42,6.38,False,74.39,0.0,0.02,0.0,,74.41,3
1413,1413,genmatrix,medium,warm,200,12.49,11.26,1.23,0.23,11.03,False,,0.0,0.02,,0.2,0.23,3
1414,1414,fastfouriertransform,large,warm,200,21.4,21.39,0.0,4.8,16.59,False,,0.0,3.93,0.0,0.87,4.8,3
1415,1415,fetchdata,large,warm,200,92.15,92.15,0.0,80.43,11.72,False,80.39,0.0,0.03,0.0,,80.42,3
1416,1416,fetchdata,small,warm,200,88.25,88.25,0.0,78.54,9.71,False,78.51,0.0,0.02,0.0,,78.54,3
1417,1417,genmatrix,large,warm,200,66.91,31.23,35.68,0.81,30.42,False,,0.0,0.02,,0.79,0.81,2
1418,1418,linpack,large,warm,200,15.02,15.02,0.01,5.2,9.82,False,,0.0,0.35,4.04,0.8,5.2,1
1419,1419,matrixmul,medium,warm,200,578.48,576.17,2.31,562.41,13.76,False,,0.0,0.35,4.0,558.06,562.41,1
1420,1420,fetchdata,small,warm,200,83.87,83.86,0.01,76.11,7.75,False,76.08,0.0,0.02,0.0,,76.11,2
1421,1421,genmatrix,small,warm,200,8.39,8.38,0.01,0.17,8.21,False,,0.0,0.02,,0.15,0.17,2
1422,1422,matrixmul,large,warm,200,289.11,289.1,0.01,4.98,284.12,False,,0.0,0.35,4.03,0.6,4.98,2
1423,1423,fetchdata,medium,warm,200,82.46,82.45,0.01,75.91,6.55,False,75.87,0.0,0.02,0.0,,75.9,3
1424,1424,linpack,large,warm,200,14.69,14.68,0.0,5.51,9.17,False,,0.0,0.35,4.24,0.91,5.51,3
1425,1425,genmatrix,medium,warm,200,13.49,10.88,2.61,0.21,10.67,False,,0.0,0.02,,0.19,0.21,1
1426,1426,matrixmul,large,warm,200,21.98,19.53,2.44,4.99,14.54,False,,0.0,0.37,4.02,0.6,4.99,1
1427,1427,matrixmul,medium,warm,200,578.8,577.54,1.25,562.15,15.39,False,,0.0,0.37,4.19,557.59,562.15,1
1428,1428,fetchdata,large,warm,200,85.52,85.52,0.0,78.3,7.22,False,78.27,0.0,0.02,0.0,,78.3,2
1429,1429,genmatrix,small,warm,200,6.79,6.79,0.0,0.11,6.68,False,,0.0,0.02,,0.09,0.11,2
1430,1430,fetchdata,large,warm,200,81.06,81.06,0.0,74.59,6.47,False,74.57,0.0,0.02,0.0,,74.59,2
1431,1431,linpack,medium,warm,200,752.06,752.06,0.0,741.05,11.0,False,,0.0,0.36,4.03,736.66,741.05,2
1432,1432,fetchdata,large,warm,200,83.69,83.69,0.0,74.31,9.37,False,74.28,0.0,0.02,0.0,,74.31,3
1433,1433,fastfouriertransform,large,warm,200,19.82,19.81,0.01,4.67,15.14,False,,0.0,3.91,0.0,0.75,4.67,2
1434,1434,fastfouriertransform,small,warm,200,20.81,20.81,0.0,4.82,15.99,False,,0.0,3.96,0.0,0.85,4.82,2
1435,1435,fastfouriertransform,small,warm,200,21.79,21.79,0.0,5.0,16.79,False,,0.0,4.07,0.01,0.92,5.0,2
1436,1436,matrixmul,small,warm,200,28.6,26.34,2.26,5.62,20.72,False,,0.0,0.38,4.58,0.66,5.62,2
1437,1437,fetchdata,small,warm,200,79.23,79.23,0.0,73.43,5.8,False,73.4,0.0,0.02,0.0,,73.43,2
1438,1438,fetchdata,small,warm,200,79.43,79.43,0.01,73.25,6.17,False,73.23,0.0,0.02,0.0,,73.25,2
1439,1439,fetchdata,large,warm,200,79.69,79.68,0.01,72.69,6.99,False,72.67,0.0,0.02,0.0,,72.69,1
1440,1440,matrixmul,medium,warm,200,584.75,582.48,2.27,565.11,17.37,False,,0.0,0.35,4.0,560.75,565.11,1
1441,1441,fastfouriertransform,large,warm,200,22.96,22.96,0.01,6.57,16.38,False,,0.0,5.5,0.0,1.06,6.57,2
1442,1442,linpack,medium,warm,200,762.37,762.37,0.0,751.67,10.7,False,,0.0,0.39,4.09,747.19,751.67,2
1443,1443,matrixmul,small,warm,200,296.7,293.98,2.72,4.99,288.99,False,,0.0,0.35,4.04,0.59,4.99,3
1444,1444,fastfouriertransform,large,warm,200,19.53,19.53,0.0,4.6,14.93,False,,0.0,3.86,0.0,0.73,4.6,4
1445,1445,linpack,medium,warm,200,833.02,833.01,0.01,822.95,10.07,False,,0.0,0.42,4.35,818.17,822.94,4
1446,1446,fastfouriertransform,small,warm,200,19.14,19.14,0.01,4.66,14.48,False,,0.0,3.91,0.0,0.74,4.65,3
1447,1447,linpack,large,warm,200,639.27,639.26,0.01,5.88,633.38,False,,0.0,0.38,4.6,0.9,5.88,3
1448,1448,genmatrix,large,warm,200,65.13,33.36,31.78,0.83,32.52,False,,0.0,0.02,,0.81,0.83,4
1449,1449,genmatrix,small,warm,200,8.43,8.43,0.0,0.12,8.31,False,,0.0,0.02,,0.09,0.12,4
1450,1450,linpack,large,warm,200,19.03,19.03,0.01,5.28,13.74,False,,0.0,0.38,4.09,0.81,5.28,3
1451,1451,matrixmul,small,warm,200,27.67,25.35,2.32,5.04,20.31,False,,0.0,0.41,4.04,0.59,5.04,3
1452,1452,fastfouriertransform,small,warm,200,19.97,19.96,0.0,4.61,15.35,False,,0.0,3.87,0.0,0.74,4.61,3
1453,1453,linpack,small,warm,200,13.71,13.71,0.0,5.21,8.5,False,,0.0,0.34,4.06,0.8,5.21,3
1454,1454,fetchdata,small,warm,200,93.55,93.55,0.0,84.1,9.44,False,84.07,0.0,0.02,0.0,,84.1,1
1455,1455,linpack,large,warm,200,20.2,20.2,0.0,5.92,14.28,False,,0.0,0.4,4.61,0.91,5.92,1
1456,1456,genmatrix,medium,warm,200,11.65,10.52,1.13,0.21,10.31,False,,0.0,0.02,,0.18,0.21,1
1457,1457,genmatrix,medium,warm,200,11.66,10.52,1.14,0.2,10.32,False,,0.0,0.02,,0.18,0.2,1
1458,1458,fastfouriertransform,medium,warm,200,660.76,660.75,0.0,645.33,15.43,False,,0.0,3.9,0.0,641.42,645.33,1
1459,1459,matrixmul,medium,warm,200,588.84,587.71,1.12,574.03,13.68,False,,0.0,0.35,4.01,569.66,574.03,2
1460,1460,linpack,small,warm,200,21.17,21.16,0.0,6.02,15.14,False,,0.0,0.45,4.7,0.86,6.02,3
1461,1461,fetchdata,medium,warm,200,91.7,91.7,0.0,81.95,9.75,False,81.92,0.0,0.02,0.0,,81.95,3
1462,1462,fastfouriertransform,large,warm,200,267.93,267.93,0.01,4.66,263.27,False,,0.0,3.91,0.0,0.75,4.66,3
1463,1463,fastfouriertransform,small,warm,200,172.57,172.56,0.0,4.56,168.0,False,,0.0,3.81,0.0,0.74,4.56,4
1464,1464,matrixmul,medium,warm,200,674.88,674.88,0.01,570.14,104.74,False,,0.0,0.34,4.21,565.58,570.14,5
1465,1465,matrixmul,large,warm,200,580.54,580.54,0.0,5.15,575.39,False,,0.0,0.39,4.08,0.68,5.15,2
1466,1466,matrixmul,small,warm,200,494.68,492.47,2.21,5.03,487.44,False,,0.0,0.37,4.05,0.6,5.03,3
1467,1467,fastfouriertransform,large,warm,200,22.12,22.11,0.0,5.43,16.69,False,,0.0,3.92,0.0,1.49,5.43,4
1468,1468,fetchdata,small,warm,200,88.14,88.14,0.0,80.29,7.85,False,80.25,0.0,0.03,0.0,,80.29,4
1469,1469,matrixmul,medium,warm,200,762.1,759.98,2.12,562.52,197.46,False,,0.0,0.38,4.26,557.86,562.52,4
1470,1470,genmatrix,large,warm,200,62.85,31.23,31.62,0.82,30.41,False,,0.0,0.02,,0.79,0.82,5
1471,1471,fastfouriertransform,large,warm,200,20.95,20.94,0.0,4.63,16.31,False,,0.0,3.89,0.0,0.73,4.63,2
1472,1472,fastfouriertransform,small,warm,200,19.48,19.48,0.0,4.61,14.87,False,,0.0,3.87,0.0,0.73,4.6,2
1473,1473,fetchdata,large,warm,200,84.32,84.32,0.01,77.06,7.26,False,77.03,0.0,0.02,0.0,,77.06,2
1474,1474,linpack,medium,warm,200,723.31,723.31,0.01,711.38,11.92,False,,0.0,0.38,4.14,706.85,711.38,2
1475,1475,genmatrix,small,warm,200,8.35,8.35,0.0,0.12,8.23,False,,0.0,0.02,,0.09,0.12,3
1476,1476,fastfouriertransform,large,warm,200,19.62,19.62,0.0,4.66,14.96,False,,0.0,3.88,0.0,0.78,4.66,3
1477,1477,genmatrix,large,warm,200,79.26,31.44,47.82,0.79,30.66,False,,0.0,0.02,,0.76,0.79,2
1478,1478,linpack,large,warm,200,14.8,14.79,0.0,5.4,9.39,False,,0.0,0.36,4.25,0.78,5.4,2
1479,1479,fastfouriertransform,small,warm,200,20.3,20.3,0.0,4.74,15.56,False,,0.0,3.94,0.0,0.79,4.73,2
1480,1480,genmatrix,small,warm,200,9.3,9.29,0.01,0.14,9.15,False,,0.0,0.03,,0.1,0.14,2
1481,1481,fetchdata,large,warm,200,86.54,86.53,0.0,79.07,7.46,False,79.03,0.0,0.02,0.0,,79.07,2
1482,1482,fetchdata,large,warm,200,86.25,86.24,0.0,78.64,7.6,False,78.61,0.0,0.02,0.0,,78.64,1
1483,1483,matrixmul,small,warm,200,23.32,22.31,1.01,5.13,17.17,False,,0.0,0.36,4.16,0.61,5.13,1
1484,1484,genmatrix,small,warm,200,7.21,7.2,0.01,0.11,7.09,False,,0.0,0.02,,0.08,0.11,1
1485,1485,linpack,small,warm,200,14.19,14.19,0.0,5.53,8.66,False,,0.0,0.39,4.34,0.79,5.53,1
1486,1486,linpack,medium,warm,200,738.22,738.22,0.0,726.55,11.67,False,,0.0,0.43,4.12,722.0,726.55,1
1487,1487,linpack,medium,warm,200,837.58,837.57,0.0,827.85,9.72,False,,0.0,0.38,4.29,823.18,827.85,2
1488,1488,matrixmul,large,warm,200,21.95,19.7,2.26,4.99,14.71,False,,0.0,0.35,4.03,0.61,4.99,3
1489,1489,fetchdata,large,warm,200,84.38,84.37,0.01,77.95,6.42,False,77.92,0.0,0.02,0.0,,77.95,3
1490,1490,fastfouriertransform,large,warm,200,19.23,19.23,0.01,4.61,14.62,False,,0.0,3.86,0.0,0.75,4.61,3
1491,1491,genmatrix,small,warm,200,6.79,6.79,0.0,0.11,6.68,False,,0.0,0.02,,0.08,0.11,3
1492,1492,fastfouriertransform,medium,warm,200,679.0,678.99,0.01,664.38,14.61,False,,0.0,5.13,0.0,659.24,664.38,3
1493,1493,fetchdata,small,warm,200,89.04,89.04,0.01,80.3,8.74,False,80.27,0.0,0.02,0.0,,80.3,4
1494,1494,genmatrix,large,warm,200,66.7,32.16,34.54,0.88,31.28,False,,0.0,0.02,,0.85,0.88,3
1495,1495,linpack,large,warm,200,17.07,17.06,0.01,5.55,11.51,False,,0.0,0.4,4.14,1.0,5.55,3
1496,1496,matrixmul,medium,warm,200,569.22,568.26,0.96,553.93,14.32,False,,0.0,0.38,4.04,549.51,553.93,2
1497,1497,fastfouriertransform,large,warm,200,186.08,186.07,0.0,4.92,181.15,False,,0.0,3.95,0.0,0.96,4.92,3
1498,1498,genmatrix,medium,warm,200,11.28,10.31,0.96,0.2,10.11,False,,0.0,0.02,,0.18,0.2,4
1499,1499,matrixmul,small,warm,200,282.31,281.03,1.28,5.2,275.83,False,,0.0,0.4,4.12,0.68,5.2,2
1500,1500,genmatrix,large,warm,200,65.21,35.76,29.46,0.9,34.86,False,,0.0,0.03,,0.87,0.9,3
1501,1501,matrixmul,medium,warm,200,654.88,652.91,1.97,562.97,89.94,False,,0.0,0.4,4.16,558.4,562.97,3
1502,1502,fetchdata,large,warm,200,85.85,85.85,0.0,79.78,6.06,False,79.75,0.0,0.03,0.0,,79.78,2
1503,1503,linpack,large,warm,200,13.5,13.5,0.0,5.18,8.31,False,,0.0,0.36,4.05,0.77,5.18,2
1504,1504,matrixmul,small,warm,200,365.76,363.66,2.09,5.34,358.32,False,,0.0,0.36,4.19,0.79,5.34,2
1505,1505,linpack,medium,warm,200,885.82,885.82,0.01,875.95,9.87,False,,0.0,0.51,6.33,869.1,875.95,3
1506,1506,fetchdata,large,warm,200,86.72,86.72,0.01,79.71,7.01,False,79.68,0.0,0.02,0.0,,79.71,4
1507,1507,fastfouriertransform,small,warm,200,21.26,21.26,0.01,4.82,16.43,False,,0.0,3.93,0.01,0.89,4.82,4
1508,1508,genmatrix,small,warm,200,6.92,6.92,0.0,0.11,6.81,False,,0.0,0.02,,0.08,0.1,2
1509,1509,matrixmul,large,warm,200,22.32,20.3,2.02,5.27,15.04,False,,0.0,0.41,4.24,0.62,5.26,2
1510,1510,fetchdata,large,warm,200,84.11,84.11,0.01,78.18,5.93,False,78.14,0.0,0.03,0.0,,78.18,2
1511,1511,matrixmul,medium,warm,200,590.29,589.33,0.96,575.15,14.17,False,,0.0,0.37,4.02,570.76,575.15,2
1512,1512,genmatrix,small,warm,200,10.49,10.49,0.0,0.13,10.35,False,,0.0,0.03,,0.1,0.13,3
1513,1513,fastfouriertransform,small,warm,200,23.88,23.87,0.01,5.61,18.26,False,,0.0,4.82,0.01,0.78,5.61,3
1514,1514,genmatrix,medium,warm,200,13.55,11.6,1.96,0.22,11.37,False,,0.0,0.02,,0.2,0.22,2
1515,1515,genmatrix,medium,warm,200,10.59,9.44,1.15,0.2,9.24,False,,0.0,0.02,,0.18,0.2,2
1516,1516,fastfouriertransform,small,warm,200,19.03,19.02,0.0,4.61,14.41,False,,0.0,3.86,0.0,0.74,4.61,2
1517,1517,fastfouriertransform,small,warm,200,19.42,19.41,0.0,4.62,14.79,False,,0.0,3.88,0.0,0.73,4.62,1
1518,1518,matrixmul,medium,warm,200,573.8,570.9,2.9,556.61,14.28,False,,0.0,0.35,3.98,552.28,556.61,1
1519,1519,linpack,large,warm,200,16.05,16.05,0.0,6.22,9.83,False,,0.0,0.51,4.83,0.88,6.22,2
1520,1520,linpack,medium,warm,200,928.63,928.63,0.0,918.22,10.41,False,,0.0,0.38,4.54,913.29,918.22,2
1521,1521,fastfouriertransform,small,warm,200,18.94,18.94,0.0,4.62,14.32,False,,0.0,3.88,0.0,0.73,4.62,3
1522,1522,fastfouriertransform,medium,warm,200,661.72,661.72,0.0,646.86,14.85,False,,0.0,3.86,0.0,643.0,646.86,3
1523,1523,linpack,small,warm,200,13.73,13.72,0.0,5.18,8.54,False,,0.0,0.38,4.02,0.78,5.18,4
1524,1524,linpack,large,warm,200,14.41,14.41,0.0,5.22,9.19,False,,0.0,0.36,4.07,0.79,5.22,3
1525,1525,genmatrix,medium,warm,200,15.71,13.76,1.95,0.27,13.49,False,,0.0,0.02,,0.24,0.27,3
1526,1526,fastfouriertransform,medium,warm,200,911.43,911.43,0.0,647.57,263.86,False,,0.0,3.83,0.0,643.73,647.56,3
1527,1527,matrixmul,medium,warm,200,574.58,571.72,2.86,556.96,14.76,False,,0.0,0.41,7.34,549.21,556.96,4
1528,1528,fastfouriertransform,large,warm,200,716.72,716.71,0.01,4.62,712.1,False,,0.0,3.84,0.0,0.77,4.62,5
1529,1529,linpack,small,warm,200,13.51,13.5,0.01,5.2,8.31,False,,0.0,0.36,4.04,0.79,5.2,5
1530,1530,linpack,large,warm,200,17.25,17.24,0.0,8.05,9.19,False,,0.0,0.52,6.35,1.18,8.05,4
1531,1531,fetchdata,large,warm,200,133.61,133.61,0.0,124.28,9.33,False,124.25,0.0,0.02,0.0,,124.28,4
1532,1532,matrixmul,small,warm,200,87.1,85.01,2.1,5.21,79.8,False,,0.0,0.39,4.18,0.64,5.21,5
1533,1533,fetchdata,medium,warm,200,85.58,85.57,0.01,77.71,7.86,False,77.67,0.0,0.03,0.0,,77.71,3
1534,1534,genmatrix,medium,warm,200,12.31,10.3,2.01,0.21,10.1,False,,0.0,0.02,,0.18,0.21,3
1535,1535,matrixmul,small,warm,200,22.0,19.41,2.59,5.04,14.37,False,,0.0,0.37,4.05,0.61,5.04,3
1536,1536,fastfouriertransform,small,warm,200,19.25,19.25,0.0,4.61,14.64,False,,0.0,3.86,0.0,0.74,4.61,1
1537,1537,matrixmul,medium,warm,200,591.84,589.92,1.91,576.17,13.75,False,,0.0,0.37,4.26,571.53,576.17,1
1538,1538,matrixmul,medium,warm,200,1069.6,1068.66,0.95,571.48,497.18,False,,0.0,0.34,4.04,567.09,571.48,2
1539,1539,matrixmul,small,warm,200,983.67,982.15,1.52,5.05,977.11,False,,0.0,0.36,4.03,0.64,5.05,3
1540,1540,genmatrix,medium,warm,200,10.95,9.8,1.15,0.2,9.6,False,,0.0,0.02,,0.18,0.2,4
1541,1541,fetchdata,large,warm,200,127.76,127.76,0.0,121.69,6.07,False,121.66,0.0,0.02,0.0,,121.69,4
1542,1542,matrixmul,large,warm,200,706.96,705.12,1.83,4.97,700.15,False,,0.0,0.35,4.02,0.6,4.97,5
1543,1543,linpack,small,warm,200,14.0,14.0,0.01,5.39,8.61,False,,0.0,0.38,4.23,0.78,5.39,4
1544,1544,matrixmul,small,warm,200,493.76,492.77,0.99,5.0,487.76,False,,0.0,0.35,4.05,0.6,5.0,4
1545,1545,fetchdata,medium,warm,200,84.04,84.03,0.0,76.98,7.05,False,76.95,0.0,0.03,0.0,,76.98,5
1546,1546,fastfouriertransform,medium,warm,200,658.22,658.21,0.0,642.45,15.76,False,,0.0,3.95,0.0,638.49,642.45,5
1547,1547,genmatrix,large,warm,200,64.26,30.75,33.51,0.79,29.95,False,,0.0,0.02,,0.77,0.79,6
1548,1548,matrixmul,medium,warm,200,665.61,663.77,1.84,552.2,111.57,False,,0.0,0.37,4.05,547.78,552.2,6
1549,1549,matrixmul,medium,warm,200,1136.11,1134.29,1.82,563.37,570.92,False,,0.0,0.37,4.08,558.92,563.37,4
1550,1550,matrixmul,large,cold,200,1047.59,1046.43,1.16,5.18,1041.25,False,,0.0,0.39,4.08,0.69,5.18,4
1551,1551,linpack,small,warm,200,19.06,19.06,0.0,5.24,13.82,False,,0.0,0.38,4.07,0.78,5.24,5
1552,1552,genmatrix,medium,warm,200,16.23,12.66,3.57,0.22,12.44,False,,0.0,0.02,,0.19,0.22,5
1553,1553,linpack,large,warm,200,16.18,16.17,0.0,6.49,9.68,False,,0.0,0.44,5.17,0.88,6.49,4
1554,1554,fetchdata,medium,warm,200,81.46,81.46,0.0,75.3,6.16,False,75.27,0.0,0.02,0.0,,75.29,4
1555,1555,genmatrix,small,warm,200,6.54,6.54,0.0,0.11,6.42,False,,0.0,0.02,,0.09,0.11,3
1556,1556,matrixmul,medium,warm,200,1017.88,1016.07,1.81,561.57,454.5,False,,0.0,0.37,4.18,557.01,561.57,3
1557,1557,genmatrix,large,warm,200,57.15,30.55,26.59,0.83,29.73,False,,0.0,0.02,,0.8,0.82,4
1558,1558,matrixmul,large,warm,200,831.97,829.89,2.08,5.19,824.7,False,,0.0,0.39,4.14,0.65,5.19,4
1559,1559,fetchdata,medium,warm,200,92.46,92.45,0.0,82.14,10.31,False,82.1,0.0,0.02,0.0,,82.13,5
1560,1560,matrixmul,medium,warm,200,1198.84,1197.05,1.79,563.01,634.04,False,,0.0,0.39,4.13,558.49,563.01,5
1561,1561,matrixmul,medium,cold,200,1655.04,1653.27,1.77,548.45,1104.82,False,,0.0,0.39,4.07,543.98,548.45,4
1562,1562,fastfouriertransform,large,warm,200,19.53,19.53,0.0,4.67,14.86,False,,0.0,3.88,0.0,0.78,4.67,5
1563,1563,fetchdata,large,warm,200,80.14,80.13,0.0,74.42,5.71,False,74.4,0.0,0.02,0.0,,74.42,5
1564,1564,linpack,small,warm,200,16.49,16.49,0.0,7.29,9.2,False,,0.0,0.36,6.12,0.8,7.29,5
1565,1565,linpack,small,warm,200,16.66,16.66,0.0,5.78,10.87,False,,0.0,0.41,4.47,0.9,5.78,5
1566,1566,matrixmul,large,cold,200,1166.66,1164.62,2.04,5.01,1159.61,False,,0.0,0.35,4.03,0.62,5.01,5
1567,1567,fetchdata,medium,warm,200,91.89,91.88,0.01,82.54,9.34,False,82.51,0.0,0.02,0.0,,82.54,4
1568,1568,genmatrix,large,warm,200,58.9,34.79,24.11,0.81,33.97,False,,0.0,0.02,,0.79,0.81,4
1569,1569,fastfouriertransform,medium,warm,200,671.48,671.48,0.0,656.34,15.14,False,,0.0,3.87,0.0,652.46,656.34,4
1570,1570,matrixmul,small,warm,200,777.02,776.1,0.92,5.06,771.04,False,,0.0,0.37,4.07,0.61,5.06,5
1571,1571,genmatrix,small,warm,200,6.91,6.9,0.0,0.14,6.76,False,,0.0,0.03,,0.11,0.14,6
1572,1572,genmatrix,large,warm,200,67.96,33.65,34.31,0.81,32.84,False,,0.0,0.02,,0.78,0.81,5
1573,1573,fetchdata,large,warm,200,89.81,89.8,0.01,80.53,9.27,False,80.5,0.0,0.02,0.0,,80.53,5
1574,1574,matrixmul,medium,warm,200,965.47,963.73,1.74,582.6,381.13,False,,0.0,0.45,4.37,577.78,582.6,5
1575,1575,fastfouriertransform,medium,warm,200,732.59,732.59,0.0,657.85,74.74,False,,0.0,3.87,0.0,653.97,657.85,6
1576,1576,linpack,medium,warm,200,798.53,798.53,0.01,789.33,9.2,False,,0.0,0.39,4.32,784.61,789.32,6
1577,1577,linpack,medium,warm,200,738.89,738.88,0.0,729.99,8.89,False,,0.0,0.41,4.03,725.54,729.99,7
1578,1578,linpack,large,warm,200,647.48,647.47,0.01,5.32,642.15,False,,0.0,0.36,4.06,0.89,5.32,5
1579,1579,matrixmul,large,warm,200,479.04,476.8,2.24,5.14,471.66,False,,0.0,0.36,4.17,0.61,5.14,6
1580,1580,fastfouriertransform,medium,warm,200,932.57,932.57,0.0,697.92,234.65,False,,0.0,3.85,0.0,694.07,697.92,7
1581,1581,linpack,large,warm,200,308.77,308.76,0.01,6.58,302.18,False,,0.0,0.38,5.04,1.16,6.58,8
1582,1582,fastfouriertransform,small,warm,200,746.56,746.55,0.01,4.78,741.77,False,,0.0,3.96,0.0,0.81,4.78,9
1583,1583,fetchdata,large,warm,200,82.5,82.5,0.0,73.9,8.6,False,73.88,0.0,0.02,0.0,,73.9,9
1584,1584,genmatrix,small,warm,200,7.57,7.56,0.0,0.12,7.45,False,,0.0,0.02,,0.09,0.11,6
1585,1585,linpack,small,warm,200,15.97,15.96,0.01,5.34,10.62,False,,0.0,0.38,4.1,0.85,5.34,3
1586,1586,linpack,large,warm,200,15.2,15.19,0.0,5.31,9.89,False,,0.0,0.39,4.08,0.84,5.31,3
1587,1587,matrixmul,medium,warm,200,570.37,568.58,1.78,554.36,14.23,False,,0.0,0.42,4.34,549.59,554.35,3
1588,1588,matrixmul,small,warm,200,482.56,480.47,2.08,5.15,475.33,False,,0.0,0.36,4.15,0.64,5.14,4
1589,1589,fastfouriertransform,small,warm,200,39.84,39.83,0.01,4.76,35.07,False,,0.0,3.94,0.0,0.82,4.76,5
1590,1590,genmatrix,small,warm,200,11.46,11.46,0.01,0.12,11.34,False,,0.0,0.02,,0.09,0.12,3
1591,1591,linpack,large,warm,200,17.0,16.99,0.0,6.49,10.51,False,,0.0,0.44,5.14,0.9,6.49,3
1592,1592,linpack,large,warm,200,17.74,17.74,0.0,8.07,9.66,False,,0.0,0.53,6.36,1.18,8.07,3
1593,1593,linpack,large,warm,200,15.67,15.67,0.0,6.11,9.56,False,,0.0,0.52,4.7,0.88,6.1,1
1594,1594,linpack,small,warm,200,14.12,14.11,0.0,5.58,8.53,False,,0.02,0.4,4.36,0.8,5.58,1
1595,1595,matrixmul,medium,warm,200,589.0,587.26,1.74,573.21,14.05,False,,0.0,0.37,4.02,568.81,573.21,1
1596,1596,matrixmul,medium,warm,200,1060.69,1058.35,2.34,563.37,494.97,False,,0.0,0.34,4.05,558.97,563.37,2
1597,1597,linpack,large,warm,200,14.05,14.04,0.0,5.29,8.75,False,,0.0,0.37,4.06,0.85,5.29,3
1598,1598,linpack,small,warm,200,16.06,16.06,0.0,5.61,10.45,False,,0.0,0.36,4.43,0.81,5.6,3
1599,1599,genmatrix,small,warm,200,6.17,6.16,0.0,0.11,6.06,False,,0.0,0.02,,0.08,0.11,3
1600,1600,matrixmul,small,warm,200,671.68,670.65,1.03,5.35,665.3,False,,0.0,0.38,4.26,0.7,5.35,3
1601,1601,genmatrix,medium,warm,200,11.77,10.02,1.75,0.21,9.82,False,,0.0,0.02,,0.18,0.21,3
1602,1602,fastfouriertransform,small,warm,200,19.39,19.39,0.0,4.67,14.72,False,,0.0,3.88,0.0,0.78,4.67,3
1603,1603,fetchdata,medium,warm,200,86.79,86.78,0.01,79.83,6.96,False,79.8,0.0,0.02,0.0,,79.83,3
1604,1604,genmatrix,medium,warm,200,13.68,12.02,1.66,0.22,11.79,False,,0.0,0.03,,0.19,0.22,3
1605,1605,matrixmul,small,warm,200,184.31,181.9,2.41,5.44,176.46,False,,0.0,0.36,4.39,0.69,5.44,3
1606,1606,linpack,medium,warm,200,750.93,750.92,0.0,742.51,8.41,False,,0.0,0.35,4.06,738.1,742.51,4
1607,1607,genmatrix,medium,warm,200,11.28,9.98,1.3,0.2,9.77,False,,0.0,0.02,,0.18,0.2,2
1608,1608,fastfouriertransform,medium,warm,200,664.88,664.87,0.0,649.48,15.39,False,,0.0,3.88,0.0,645.6,649.48,2
1609,1609,matrixmul,medium,warm,200,568.54,566.75,1.79,553.45,13.3,False,,0.0,0.35,3.99,549.1,553.45,3
1610,1610,fastfouriertransform,medium,warm,200,1114.11,1114.1,0.0,647.29,466.82,False,,0.0,3.89,0.0,643.39,647.29,4
1611,1611,fastfouriertransform,large,cold,200,1022.37,1022.37,0.0,4.62,1017.75,False,,0.0,3.86,0.0,0.75,4.61,5
1612,1612,fastfouriertransform,small,warm,200,927.79,927.79,0.0,4.64,923.15,False,,0.0,3.86,0.0,0.78,4.64,6
1613,1613,genmatrix,large,warm,200,63.84,30.77,33.07,0.8,29.97,False,,0.0,0.02,,0.77,0.8,7
1614,1614,fastfouriertransform,large,warm,200,734.12,734.11,0.0,4.54,729.57,False,,0.0,3.82,0.0,0.71,4.54,6
1615,1615,fetchdata,large,warm,200,80.35,80.35,0.0,74.46,5.88,False,74.43,0.0,0.02,0.0,,74.46,5
1616,1616,fetchdata,large,warm,200,81.12,81.11,0.0,74.96,6.15,False,74.93,0.0,0.02,0.0,,74.96,5
1617,1617,fetchdata,large,warm,200,88.24,88.23,0.01,79.52,8.71,False,79.49,0.0,0.02,0.0,,79.52,5
1618,1618,fetchdata,medium,warm,200,86.92,86.92,0.01,78.68,8.23,False,78.64,0.0,0.03,0.0,,78.68,5
1619,1619,linpack,medium,warm,200,872.45,872.45,0.0,861.96,10.49,False,,0.0,0.42,4.52,857.02,861.96,5
1620,1620,matrixmul,small,warm,200,25.76,23.28,2.48,8.19,15.09,False,,0.0,0.38,7.19,0.62,8.19,6
1621,1621,matrixmul,large,warm,200,20.51,18.81,1.7,5.06,13.75,False,,0.0,0.37,4.07,0.62,5.06,6
1622,1622,fetchdata,small,warm,200,81.45,81.45,0.01,75.29,6.16,False,75.26,0.0,0.02,0.0,,75.29,2
1623,1623,matrixmul,medium,warm,200,589.38,587.31,2.07,573.84,13.47,False,,0.0,0.4,5.0,568.44,573.84,2
1624,1624,fastfouriertransform,large,warm,200,22.04,22.04,0.0,4.79,17.25,False,,0.0,3.93,0.01,0.85,4.79,3
1625,1625,linpack,small,warm,200,19.17,19.17,0.0,6.76,12.41,False,,0.0,0.35,5.55,0.84,6.75,3
1626,1626,matrixmul,large,warm,200,301.18,299.26,1.92,4.94,294.32,False,,0.0,0.33,4.02,0.58,4.94,3
1627,1627,matrixmul,medium,warm,200,765.88,764.46,1.42,559.46,205.0,False,,0.0,0.35,4.0,555.11,559.46,4
1628,1628,fastfouriertransform,large,warm,200,18.74,18.74,0.01,4.6,14.14,False,,0.0,3.85,0.0,0.74,4.6,4
1629,1629,fetchdata,small,warm,200,80.02,80.01,0.01,74.68,5.33,False,74.66,0.0,0.02,0.0,,74.68,3
1630,1630,genmatrix,large,warm,200,65.0,45.17,19.83,1.17,44.0,False,,0.0,0.03,,1.14,1.17,2
1631,1631,fastfouriertransform,large,warm,200,19.73,19.72,0.0,4.68,15.04,False,,0.0,3.9,0.0,0.77,4.68,2
1632,1632,fastfouriertransform,large,warm,200,19.87,19.87,0.0,4.62,15.25,False,,0.0,3.87,0.0,0.74,4.62,2
1633,1633,fetchdata,medium,warm,200,81.15,81.14,0.0,75.29,5.85,False,75.26,0.0,0.02,0.0,,75.29,2
1634,1634,genmatrix,small,warm,200,7.22,6.49,0.74,0.11,6.38,False,,0.0,0.02,,0.08,0.1,2
1635,1635,matrixmul,small,warm,200,20.37,19.0,1.37,5.02,13.98,False,,0.0,0.37,4.04,0.61,5.02,1
1636,1636,genmatrix,large,warm,200,68.41,34.39,34.02,0.85,33.54,False,,0.0,0.03,,0.82,0.85,1
1637,1637,matrixmul,large,warm,200,26.16,24.23,1.93,9.36,14.87,False,,0.0,0.43,8.21,0.72,9.36,1
1638,1638,genmatrix,large,warm,200,54.9,31.37,23.52,0.78,30.59,False,,0.0,0.02,,0.76,0.78,1
1639,1639,matrixmul,large,warm,200,21.97,20.78,1.19,5.17,15.61,False,,0.0,0.38,4.14,0.65,5.17,1
1640,1640,matrixmul,large,warm,200,20.1,18.58,1.52,5.1,13.48,False,,0.0,0.37,4.12,0.6,5.1,1
1641,1641,fastfouriertransform,medium,warm,200,692.63,692.62,0.0,678.3,14.32,False,,0.0,3.88,0.0,674.42,678.3,1
1642,1642,genmatrix,medium,warm,200,12.39,10.43,1.96,0.2,10.23,False,,0.0,0.02,,0.18,0.2,2
1643,1643,linpack,small,warm,200,19.24,19.24,0.0,6.37,12.87,False,,0.0,0.38,5.12,0.87,6.37,2
1644,1644,genmatrix,large,warm,200,54.5,36.45,18.05,0.84,35.6,False,,0.0,0.02,,0.82,0.84,2
1645,1645,linpack,small,warm,200,14.02,14.01,0.0,5.71,8.31,False,,0.0,0.38,4.47,0.85,5.7,2
1646,1646,fetchdata,medium,warm,200,80.16,80.16,0.0,74.62,5.53,False,74.6,0.0,0.02,0.0,,74.62,2
1647,1647,fastfouriertransform,small,warm,200,99.8,99.79,0.0,4.83,94.96,False,,0.0,3.88,0.0,0.94,4.83,2
1648,1648,genmatrix,small,warm,200,7.92,7.92,0.01,0.12,7.8,False,,0.0,0.02,,0.09,0.11,2
1649,1649,fetchdata,medium,warm,200,86.46,86.45,0.01,79.55,6.91,False,79.52,0.0,0.02,0.0,,79.55,1
1650,1650,fetchdata,large,warm,200,85.04,85.03,0.01,78.72,6.31,False,78.69,0.0,0.02,0.0,,78.72,1
1651,1651,matrixmul,medium,warm,200,572.36,570.52,1.83,556.85,13.67,False,,0.0,0.37,4.06,552.42,556.85,1
1652,1652,linpack,small,warm,200,13.67,13.67,0.0,5.47,8.19,False,,0.0,0.39,4.28,0.8,5.47,2
1653,1653,linpack,medium,warm,200,885.62,885.61,0.0,876.14,9.47,False,,0.0,0.38,4.36,871.39,876.14,2
1654,1654,matrixmul,small,warm,200,288.14,283.53,4.6,5.17,278.36,False,,0.0,0.37,4.12,0.68,5.17,3
1655,1655,matrixmul,large,warm,200,197.95,195.55,2.4,5.18,190.37,False,,0.0,0.37,4.13,0.67,5.18,4
1656,1656,linpack,large,warm,200,17.79,17.79,0.0,5.6,12.19,False,,0.0,0.47,4.22,0.9,5.6,5
1657,1657,fetchdata,large,warm,200,85.0,85.0,0.0,79.47,5.53,False,79.44,0.0,0.02,0.0,,79.47,2
1658,1658,fetchdata,medium,warm,200,81.74,81.74,0.0,73.95,7.79,False,73.92,0.0,0.02,0.0,,73.95,2
1659,1659,genmatrix,small,warm,200,6.65,5.98,0.66,0.1,5.88,False,,0.0,0.02,,0.08,0.1,2
1660,1660,fetchdata,medium,warm,200,84.79,84.79,0.0,77.99,6.8,False,77.96,0.0,0.02,0.0,,77.98,2
1661,1661,matrixmul,large,warm,200,25.76,24.0,1.76,9.18,14.83,False,,0.0,0.41,8.15,0.61,9.17,2
1662,1662,fastfouriertransform,medium,warm,200,664.99,664.98,0.0,648.55,16.44,False,,0.0,3.97,0.0,644.57,648.54,1
1663,1663,fastfouriertransform,medium,warm,200,1214.93,1214.92,0.0,648.17,566.75,False,,0.0,3.93,0.0,644.23,648.17,2
1664,1664,fetchdata,small,warm,200,81.13,81.13,0.0,75.88,5.25,False,75.85,0.0,0.02,0.0,,75.88,3
1665,1665,matrixmul,large,warm,200,19.5,17.68,1.82,5.02,12.66,False,,0.0,0.39,4.03,0.6,5.02,3
1666,1666,linpack,large,warm,200,13.79,13.79,0.0,5.24,8.55,False,,0.0,0.45,4.03,0.76,5.24,3
1667,1667,matrixmul,medium,warm,200,590.32,588.39,1.93,569.65,18.74,False,,0.0,0.37,6.32,562.96,569.65,3
1668,1668,matrixmul,medium,warm,200,1076.46,1074.4,2.06,578.44,495.96,False,,0.0,0.38,4.18,573.87,578.43,4
1669,1669,matrixmul,medium,warm,200,1553.39,1551.35,2.05,571.19,980.16,False,,0.0,0.36,4.04,566.77,571.18,4
1670,1670,fetchdata,small,warm,200,78.87,78.86,0.01,73.49,5.37,False,73.46,0.0,0.02,0.0,,73.49,5
1671,1671,linpack,small,warm,200,13.04,13.04,0.0,5.15,7.89,False,,0.0,0.35,4.02,0.77,5.15,5
1672,1672,fetchdata,medium,warm,200,81.97,81.97,0.0,74.75,7.22,False,74.72,0.0,0.02,0.0,,74.75,5
1673,1673,fastfouriertransform,medium,warm,200,857.8,857.79,0.0,639.56,218.23,False,,0.0,3.91,0.0,635.64,639.56,4
1674,1674,fetchdata,large,warm,200,87.45,87.45,0.0,79.86,7.59,False,79.82,0.0,0.02,0.0,,79.86,5
1675,1675,genmatrix,small,warm,200,6.92,6.91,0.0,0.12,6.79,False,,0.0,0.02,,0.1,0.12,5
1676,1676,matrixmul,large,warm,200,866.98,864.93,2.05,5.05,859.88,False,,0.0,0.35,4.08,0.61,5.05,4
1677,1677,matrixmul,large,warm,200,789.51,787.53,1.98,5.08,782.45,False,,0.0,0.35,4.11,0.62,5.08,5
1678,1678,linpack,small,warm,200,14.12,14.11,0.0,5.66,8.45,False,,0.0,0.38,4.45,0.82,5.66,6
1679,1679,linpack,small,warm,200,14.02,14.01,0.0,5.5,8.52,False,,0.0,0.34,4.29,0.86,5.5,5
1680,1680,genmatrix,large,warm,200,55.17,33.1,22.06,1.01,32.09,False,,0.0,0.03,,0.98,1.01,5
1681,1681,genmatrix,large,warm,200,64.57,42.32,22.25,1.26,41.05,False,,0.0,0.03,,1.22,1.26,5
1682,1682,fastfouriertransform,large,warm,200,19.64,19.64,0.0,4.8,14.83,False,,0.0,3.95,0.0,0.85,4.8,4
1683,1683,matrixmul,large,warm,200,177.39,175.29,2.1,5.12,170.17,False,,0.0,0.4,4.1,0.61,5.12,4
1684,1684,fetchdata,medium,warm,200,80.65,80.65,0.0,73.74,6.9,False,73.72,0.0,0.02,0.0,,73.74,5
1685,1685,fastfouriertransform,large,warm,200,19.98,19.97,0.01,4.7,15.28,False,,0.0,3.88,0.0,0.81,4.7,1
1686,1686,fetchdata,medium,warm,200,81.0,81.0,0.0,74.23,6.77,False,74.2,0.0,0.02,0.0,,74.23,1
1687,1687,fastfouriertransform,medium,warm,200,671.56,671.56,0.0,654.55,17.01,False,,0.0,3.94,0.0,650.6,654.55,1
1688,1688,genmatrix,medium,warm,200,13.33,11.27,2.06,0.21,11.06,False,,0.0,0.02,,0.18,0.21,2
1689,1689,fastfouriertransform,medium,warm,200,1125.97,1125.97,0.01,653.24,472.73,False,,0.0,3.89,0.0,649.34,653.24,2
1690,1690,fastfouriertransform,small,cold,200,1041.4,1041.4,0.01,4.72,1036.67,False,,0.0,3.9,0.0,0.82,4.72,3
1691,1691,fetchdata,large,warm,200,81.76,81.76,0.0,74.57,7.18,False,74.55,0.0,0.02,0.0,,74.57,4
1692,1692,linpack,large,warm,200,14.22,14.21,0.0,5.59,8.63,False,,0.0,0.38,4.39,0.81,5.59,4
1693,1693,genmatrix,large,warm,200,55.77,32.53,23.24,0.83,31.7,False,,0.0,0.02,,0.8,0.83,4
1694,1694,linpack,large,warm,200,19.26,19.25,0.0,5.6,13.65,False,,0.0,0.38,4.38,0.83,5.6,3
1695,1695,matrixmul,small,warm,200,21.16,20.13,1.03,6.14,13.99,False,,0.0,0.41,4.98,0.75,6.14,3
1696,1696,linpack,small,warm,200,13.39,13.39,0.01,5.25,8.13,False,,0.0,0.36,4.13,0.76,5.25,3
1697,1697,fetchdata,small,warm,200,79.84,79.83,0.0,74.0,5.83,False,73.97,0.0,0.02,0.0,,74.0,3
1698,1698,fastfouriertransform,large,warm,200,234.62,234.62,0.01,4.62,230.0,False,,0.0,3.86,0.0,0.75,4.62,3
1699,1699,genmatrix,large,warm,200,57.33,32.86,24.47,0.81,32.05,False,,0.0,0.02,,0.78,0.81,4
1700,1700,genmatrix,large,warm,200,55.15,33.75,21.4,0.81,32.95,False,,0.0,0.02,,0.78,0.8,4
1701,1701,linpack,small,warm,200,14.27,14.27,0.01,5.47,8.8,False,,0.0,0.4,4.1,0.97,5.47,1
1702,1702,genmatrix,large,warm,200,47.33,30.39,16.94,0.79,29.6,False,,0.0,0.02,,0.77,0.79,1
1703,1703,genmatrix,medium,warm,200,10.78,9.26,1.52,0.2,9.06,False,,0.0,0.02,,0.18,0.2,1
1704,1704,linpack,medium,warm,200,741.85,741.85,0.0,732.77,9.07,False,,0.0,0.38,4.2,728.19,732.77,1
1705,1705,linpack,large,warm,200,19.17,19.17,0.0,6.04,13.12,False,,0.0,0.44,4.57,1.03,6.04,2
1706,1706,fastfouriertransform,small,warm,200,20.42,20.41,0.0,4.81,15.6,False,,0.0,3.94,0.0,0.86,4.81,2
1707,1707,matrixmul,small,warm,200,27.43,25.96,1.47,5.47,20.49,False,,0.0,0.38,4.45,0.64,5.47,2
1708,1708,genmatrix,large,warm,200,44.93,30.21,14.72,0.79,29.42,False,,0.0,0.02,,0.77,0.79,2
1709,1709,fetchdata,large,warm,200,79.51,79.51,0.0,74.31,5.2,False,74.28,0.0,0.02,0.0,,74.31,2
1710,1710,fetchdata,small,warm,200,87.02,87.02,0.0,78.29,8.72,False,78.26,0.0,0.02,0.0,,78.29,2
1711,1711,fetchdata,large,warm,200,87.27,87.27,0.01,80.46,6.8,False,80.42,0.0,0.03,0.0,,80.46,2
1712,1712,genmatrix,small,warm,200,8.33,7.34,0.99,0.11,7.22,False,,0.0,0.02,,0.09,0.11,1
1713,1713,matrixmul,medium,warm,200,569.14,567.88,1.26,554.07,13.81,False,,0.0,0.38,4.22,549.46,554.07,1
1714,1714,fetchdata,large,warm,200,80.41,80.41,0.0,74.74,5.67,False,74.71,0.0,0.02,0.0,,74.74,2
1715,1715,genmatrix,large,warm,200,49.31,30.06,19.24,0.8,29.26,False,,0.0,0.02,,0.77,0.8,2
1716,1716,matrixmul,medium,warm,200,843.89,842.07,1.82,567.14,274.93,False,,0.0,0.36,4.13,562.64,567.14,2
1717,1717,matrixmul,small,warm,200,756.05,755.07,0.97,5.22,749.85,False,,0.0,0.37,4.12,0.73,5.22,3
1718,1718,fastfouriertransform,medium,warm,200,660.73,660.73,0.0,641.4,19.32,False,,0.0,3.92,0.0,637.47,641.4,4
1719,1719,linpack,large,warm,200,14.88,14.87,0.01,5.61,9.26,False,,0.0,0.45,4.36,0.8,5.61,4
1720,1720,genmatrix,large,warm,200,51.57,31.27,20.3,0.8,30.47,False,,0.0,0.02,,0.78,0.8,4
1721,1721,genmatrix,medium,warm,200,12.01,9.26,2.75,0.21,9.06,False,,0.0,0.02,,0.18,0.2,4
1722,1722,matrixmul,medium,warm,200,823.13,821.84,1.29,558.9,262.94,False,,0.0,0.42,4.14,554.33,558.9,4
1723,1723,linpack,small,warm,200,18.94,18.94,0.0,5.97,12.97,False,,0.0,0.4,4.71,0.86,5.97,5
1724,1724,fastfouriertransform,large,warm,200,68.17,68.16,0.0,4.97,63.19,False,,0.0,4.04,0.01,0.92,4.97,5
1725,1725,matrixmul,large,warm,200,534.09,533.48,0.61,5.14,528.34,False,,0.0,0.35,4.13,0.65,5.14,2
1726,1726,genmatrix,small,warm,200,5.55,5.55,0.0,0.11,5.44,False,,0.0,0.02,,0.08,0.11,3
1727,1727,linpack,medium,warm,200,845.67,845.67,0.01,836.65,9.02,False,,0.0,0.37,4.34,831.93,836.65,3
1728,1728,fetchdata,medium,warm,200,79.78,79.77,0.0,74.73,5.04,False,74.7,0.0,0.02,0.0,,74.73,4
1729,1729,fetchdata,medium,warm,200,87.3,87.3,0.0,76.9,10.4,False,76.87,0.0,0.02,0.0,,76.9,4
1730,1730,genmatrix,medium,warm,200,13.89,12.36,1.54,0.23,12.13,False,,0.0,0.02,,0.2,0.23,4
1731,1731,genmatrix,medium,warm,200,12.88,10.45,2.43,0.25,10.2,False,,0.0,0.03,,0.21,0.25,2
1732,1732,linpack,large,warm,200,15.74,15.74,0.0,7.76,7.98,False,,0.0,0.55,6.38,0.83,7.76,2
1733,1733,fetchdata,large,warm,200,79.9,79.89,0.0,74.48,5.41,False,74.46,0.0,0.02,0.0,,74.48,2
1734,1734,matrixmul,medium,warm,200,585.46,584.25,1.21,566.49,17.76,False,,0.0,0.4,4.03,562.05,566.49,2
1735,1735,fastfouriertransform,small,warm,200,20.95,20.95,0.0,5.41,15.53,False,,0.0,4.25,0.01,1.14,5.41,3
1736,1736,fastfouriertransform,large,warm,200,21.8,21.8,0.0,4.95,16.85,False,,0.0,3.94,0.0,0.99,4.95,2
1737,1737,matrixmul,small,warm,200,293.64,291.95,1.69,5.21,286.73,False,,0.0,0.35,4.24,0.63,5.21,2
1738,1738,fastfouriertransform,small,warm,200,18.23,18.23,0.0,4.64,13.58,False,,0.0,3.89,0.0,0.74,4.64,3
1739,1739,matrixmul,medium,warm,200,671.63,669.86,1.77,571.69,98.17,False,,0.0,0.36,4.02,567.3,571.69,3
1740,1740,fastfouriertransform,medium,warm,200,678.63,678.62,0.0,665.14,13.48,False,,0.0,3.86,0.0,661.27,665.14,2
1741,1741,fetchdata,large,warm,200,80.11,80.1,0.0,74.76,5.34,False,74.74,0.0,0.02,0.0,,74.76,3
1742,1742,fetchdata,large,warm,200,85.74,85.73,0.01,78.68,7.06,False,78.62,0.0,0.04,0.0,,78.68,3
1743,1743,genmatrix,small,warm,200,7.1,7.09,0.01,0.12,6.97,False,,0.0,0.02,,0.09,0.12,3
1744,1744,genmatrix,small,warm,200,7.01,6.54,0.46,0.11,6.43,False,,0.0,0.02,,0.09,0.11,3
1745,1745,genmatrix,medium,warm,200,11.01,8.75,2.26,0.21,8.54,False,,0.0,0.02,,0.18,0.21,3
1746,1746,fastfouriertransform,medium,warm,200,730.05,730.05,0.0,648.65,81.4,False,,0.0,4.82,0.0,643.83,648.65,2
1747,1747,fetchdata,small,warm,200,80.65,80.64,0.01,75.55,5.09,False,75.52,0.0,0.02,0.0,,75.55,2
1748,1748,matrixmul,large,warm,200,21.38,19.09,2.3,5.11,13.98,False,,0.0,0.41,4.09,0.6,5.11,2
1749,1749,genmatrix,large,warm,200,52.02,34.03,17.98,0.93,33.1,False,,0.0,0.02,,0.9,0.93,2
1750,1750,fetchdata,medium,warm,200,87.74,87.74,0.01,79.82,7.91,False,79.79,0.0,0.02,0.0,,79.82,2
1751,1751,fastfouriertransform,large,warm,200,236.59,236.59,0.01,4.68,231.9,False,,0.0,3.85,0.0,0.83,4.68,2
1752,1752,fastfouriertransform,small,warm,200,142.4,142.39,0.0,4.63,137.76,False,,0.0,3.85,0.0,0.77,4.63,3
1753,1753,fetchdata,medium,warm,200,81.15,81.14,0.01,75.99,5.15,False,75.97,0.0,0.02,0.0,,75.99,4
1754,1754,fastfouriertransform,small,warm,200,20.35,20.34,0.01,5.0,15.34,False,,0.0,4.05,0.0,0.94,5.0,1
1755,1755,linpack,small,warm,200,20.71,20.71,0.01,8.51,12.2,False,,0.0,0.54,6.74,1.22,8.51,1
1756,1756,linpack,large,warm,200,14.23,14.22,0.01,5.7,8.52,False,,0.0,0.41,4.4,0.88,5.7,1
1757,1757,matrixmul,small,warm,200,19.2,17.37,1.83,4.99,12.38,False,,0.0,0.35,4.01,0.63,4.99,1
1758,1758,fastfouriertransform,large,warm,200,17.8,17.8,0.0,4.61,13.18,False,,0.0,3.87,0.0,0.74,4.61,1
1759,1759,genmatrix,small,warm,200,6.38,5.72,0.66,0.11,5.61,False,,0.0,0.02,,0.08,0.11,1
1760,1760,matrixmul,large,warm,200,23.17,20.95,2.22,5.33,15.62,False,,0.0,0.39,4.26,0.68,5.33,1
1761,1761,fetchdata,medium,warm,200,84.33,84.33,0.0,77.37,6.96,False,77.34,0.0,0.02,0.0,,77.37,1
1762,1762,fastfouriertransform,small,warm,200,18.06,18.05,0.0,4.62,13.44,False,,0.0,3.87,0.0,0.74,4.61,1
1763,1763,matrixmul,small,warm,200,20.66,19.23,1.43,5.08,14.15,False,,0.0,0.36,4.1,0.61,5.08,1
1764,1764,fastfouriertransform,small,warm,200,18.21,18.2,0.01,4.59,13.61,False,,0.0,3.85,0.0,0.74,4.59,1
1765,1765,genmatrix,medium,warm,200,10.98,8.95,2.04,0.2,8.74,False,,0.0,0.02,,0.18,0.2,1
1766,1766,genmatrix,small,warm,200,7.54,6.82,0.72,0.11,6.71,False,,0.0,0.02,,0.09,0.11,1
1767,1767,matrixmul,small,warm,200,24.45,22.4,2.05,5.54,16.86,False,,0.0,0.39,4.42,0.72,5.54,1
1768,1768,fetchdata,small,warm,200,91.64,91.63,0.0,83.69,7.94,False,83.66,0.0,0.02,0.0,,83.69,1
1769,1769,linpack,large,warm,200,13.58,13.57,0.01,5.42,8.15,False,,0.0,0.39,4.24,0.78,5.42,1
1770,1770,fastfouriertransform,large,warm,200,18.29,18.28,0.01,4.64,13.65,False,,0.0,3.87,0.0,0.76,4.63,1
1771,1771,fetchdata,medium,warm,200,82.77,82.77,0.0,76.09,6.68,False,76.06,0.0,0.02,0.0,,76.08,1
1772,1772,genmatrix,large,warm,200,52.89,33.1,19.8,0.9,32.19,False,,0.0,0.03,,0.87,0.9,1
1773,1773,fetchdata,large,warm,200,90.56,90.56,0.01,83.16,7.39,False,83.13,0.0,0.02,0.0,,83.16,1
1774,1774,fetchdata,medium,warm,200,87.07,87.06,0.01,80.54,6.52,False,80.5,0.0,0.03,0.0,,80.53,1
1775,1775,linpack,large,warm,200,12.44,12.44,0.01,5.58,6.86,False,,0.0,0.35,4.27,0.95,5.58,1
1776,1776,matrixmul,small,warm,200,21.26,19.72,1.54,5.12,14.6,False,,0.0,0.4,4.1,0.62,5.12,1
1777,1777,fastfouriertransform,small,warm,200,17.92,17.91,0.0,4.61,13.3,False,,0.0,3.87,0.0,0.73,4.61,1
1778,1778,fetchdata,small,warm,200,89.43,89.42,0.01,83.69,5.74,False,83.66,0.0,0.02,0.0,,83.68,1
1779,1779,linpack,large,warm,200,15.58,15.58,0.0,5.38,10.2,False,,0.0,0.4,4.12,0.85,5.38,1
1780,1780,matrixmul,medium,warm,200,596.07,593.93,2.14,578.46,15.47,False,,0.0,0.36,8.1,569.99,578.46,1
1781,1781,matrixmul,medium,warm,200,1053.67,1051.6,2.06,548.96,502.64,False,,0.0,0.37,4.14,544.44,548.96,2
1782,1782,fetchdata,small,warm,200,80.16,80.15,0.0,75.54,4.61,False,75.51,0.0,0.02,0.0,,75.54,3
1783,1783,genmatrix,large,warm,200,49.27,29.6,19.67,0.79,28.81,False,,0.0,0.02,,0.77,0.79,3
1784,1784,fastfouriertransform,small,warm,200,18.69,18.69,0.0,4.84,13.85,False,,0.0,3.93,0.0,0.9,4.84,3
1785,1785,linpack,large,warm,200,22.44,22.44,0.0,8.83,13.61,False,,0.0,0.39,7.36,1.07,8.83,3
1786,1786,linpack,large,warm,200,17.19,17.18,0.0,7.5,9.69,False,,0.0,0.36,5.15,1.98,7.49,2
1787,1787,linpack,medium,warm,200,838.65,838.65,0.01,830.62,8.03,False,,0.0,0.36,4.37,825.88,830.62,2
1788,1788,fastfouriertransform,large,warm,200,17.85,17.85,0.0,4.61,13.24,False,,0.0,3.86,0.0,0.74,4.61,3
1789,1789,genmatrix,small,warm,200,6.87,6.27,0.59,0.14,6.13,False,,0.0,0.03,,0.11,0.14,3
1790,1790,linpack,large,warm,200,16.16,16.16,0.01,7.27,8.88,False,,0.0,0.38,6.12,0.77,7.27,3
1791,1791,linpack,small,warm,200,15.97,15.96,0.0,5.89,10.07,False,,0.0,0.4,4.53,0.96,5.89,3
1792,1792,matrixmul,medium,warm,200,576.06,574.67,1.39,561.36,13.31,False,,0.0,0.39,7.18,553.78,561.36,2
1793,1793,fastfouriertransform,small,warm,200,18.05,18.05,0.01,4.63,13.41,False,,0.0,3.89,0.0,0.74,4.63,3
1794,1794,matrixmul,medium,warm,200,942.8,940.94,1.86,559.82,381.12,False,,0.0,0.35,4.03,555.45,559.82,3
1795,1795,fastfouriertransform,small,warm,200,17.96,17.95,0.0,4.61,13.34,False,,0.0,3.87,0.0,0.74,4.61,4
1796,1796,matrixmul,large,warm,200,756.29,754.61,1.68,5.0,749.61,False,,0.0,0.34,4.04,0.61,5.0,3
1797,1797,linpack,small,warm,200,13.27,13.26,0.0,5.11,8.16,False,,0.0,0.36,3.99,0.75,5.11,4
1798,1798,linpack,small,warm,200,18.98,18.98,0.0,5.8,13.18,False,,0.0,0.4,4.52,0.88,5.8,3
1799,1799,genmatrix,medium,warm,200,12.11,10.07,2.04,0.21,9.86,False,,0.0,0.02,,0.19,0.21,3
1800,1800,fetchdata,medium,warm,200,87.6,87.59,0.01,81.61,5.98,False,81.58,0.0,0.02,0.0,,81.61,3
1801,1801,linpack,medium,warm,200,733.74,733.73,0.01,726.19,7.55,False,,0.0,0.37,4.05,721.77,726.18,3
1802,1802,genmatrix,large,warm,200,48.23,29.96,18.27,0.83,29.13,False,,0.0,0.02,,0.8,0.83,4
1803,1803,fetchdata,medium,warm,200,81.05,81.05,0.0,75.94,5.11,False,75.9,0.0,0.02,0.0,,75.93,4
1804,1804,fastfouriertransform,small,warm,200,21.03,21.02,0.01,6.1,14.93,False,,0.0,4.04,0.0,2.05,6.09,2
1805,1805,linpack,small,warm,200,16.55,16.55,0.01,6.03,10.52,False,,0.0,0.42,4.73,0.87,6.03,2
1806,1806,fastfouriertransform,medium,warm,200,664.47,664.46,0.01,649.15,15.32,False,,0.0,3.95,0.0,645.18,649.14,2
1807,1807,fetchdata,small,warm,200,81.67,81.67,0.0,75.02,6.65,False,74.98,0.0,0.03,0.0,,75.01,3
1808,1808,fastfouriertransform,medium,warm,200,1130.68,1130.68,0.0,662.76,467.92,False,,0.0,3.89,0.0,658.86,662.76,3
1809,1809,linpack,medium,warm,200,728.7,728.7,0.01,720.56,8.14,False,,0.0,0.35,4.0,716.21,720.56,3
1810,1810,linpack,medium,warm,200,1344.51,1344.51,0.01,712.41,632.1,False,,0.0,0.35,3.99,708.06,712.41,4
1811,1811,matrixmul,large,warm,200,25.18,23.44,1.74,6.2,17.24,False,,0.0,0.42,5.09,0.69,6.2,5
1812,1812,matrixmul,small,warm,200,24.49,22.61,1.88,6.19,16.43,False,,0.0,0.4,4.93,0.86,6.19,5
1813,1813,linpack,large,cold,200,1049.78,1049.78,0.0,5.42,1044.36,False,,0.0,0.44,4.15,0.81,5.42,4
1814,1814,linpack,small,warm,200,957.39,957.38,0.01,5.5,951.88,False,,0.0,0.52,4.16,0.81,5.5,5
1815,1815,genmatrix,small,warm,200,6.28,6.28,0.01,0.11,6.17,False,,0.0,0.02,,0.08,0.11,6
1816,1816,genmatrix,small,warm,200,6.41,5.7,0.71,0.1,5.59,False,,0.0,0.02,,0.08,0.1,6
1817,1817,linpack,small,warm,200,664.79,664.78,0.0,5.19,659.6,False,,0.0,0.35,4.05,0.78,5.19,5
1818,1818,fetchdata,large,warm,200,87.86,87.85,0.0,79.35,8.51,False,79.31,0.0,0.02,0.0,,79.34,6
1819,1819,genmatrix,medium,warm,200,12.67,10.79,1.87,0.23,10.56,False,,0.0,0.02,,0.2,0.23,6
1820,1820,linpack,large,warm,200,373.49,373.49,0.01,5.18,368.31,False,,0.0,0.35,4.03,0.79,5.18,5
1821,1821,fastfouriertransform,medium,warm,200,659.23,659.23,0.01,644.13,15.1,False,,0.0,3.96,0.0,640.15,644.13,6
1822,1822,matrixmul,large,warm,200,24.16,22.75,1.42,9.03,13.71,False,,0.0,0.36,8.06,0.61,9.03,7
1823,1823,fetchdata,small,warm,200,82.1,82.1,0.0,76.9,5.2,False,76.87,0.0,0.02,0.0,,76.9,7
1824,1824,fetchdata,small,warm,200,91.38,91.38,0.01,78.76,12.61,False,78.73,0.0,0.02,0.0,,78.76,2
1825,1825,matrixmul,small,warm,200,21.12,19.24,1.88,5.6,13.63,False,,0.0,0.38,4.55,0.67,5.6,2
1826,1826,matrixmul,large,warm,200,24.51,22.74,1.77,5.71,17.03,False,,0.0,0.38,4.64,0.68,5.71,2
1827,1827,linpack,small,warm,200,14.69,14.68,0.01,5.17,9.51,False,,0.0,0.35,4.04,0.77,5.17,2
1828,1828,genmatrix,large,warm,200,42.22,30.47,11.75,0.79,29.68,False,,0.0,0.02,,0.77,0.79,1
1829,1829,fetchdata,small,warm,200,81.01,81.0,0.01,76.36,4.64,False,76.33,0.0,0.02,0.0,,76.36,1
1830,1830,fastfouriertransform,large,warm,200,18.79,18.79,0.01,4.76,14.03,False,,0.0,3.93,0.0,0.81,4.75,1
1831,1831,fetchdata,large,warm,200,90.95,90.95,0.01,84.6,6.34,False,84.57,0.0,0.02,0.0,,84.6,1
1832,1832,fastfouriertransform,small,warm,200,18.43,18.42,0.01,4.61,13.81,False,,0.0,3.87,0.0,0.73,4.61,1
1833,1833,matrixmul,medium,warm,200,573.93,571.95,1.98,558.61,13.34,False,,0.0,0.38,5.75,552.48,558.6,1
1834,1834,linpack,large,warm,200,13.39,13.39,0.0,5.16,8.23,False,,0.0,0.36,4.01,0.79,5.16,2
1835,1835,genmatrix,small,warm,200,5.9,5.9,0.01,0.11,5.79,False,,0.0,0.02,,0.08,0.11,2
1836,1836,genmatrix,small,warm,200,7.47,6.71,0.76,0.12,6.59,False,,0.0,0.02,,0.1,0.12,2
1837,1837,genmatrix,large,warm,200,45.3,32.63,12.68,0.96,31.67,False,,0.0,0.03,,0.93,0.96,2
1838,1838,fastfouriertransform,small,warm,200,18.51,18.5,0.0,4.61,13.89,False,,0.0,3.87,0.0,0.74,4.61,2
1839,1839,genmatrix,medium,warm,200,10.52,9.74,0.79,0.2,9.54,False,,0.0,0.02,,0.18,0.2,1
1840,1840,genmatrix,large,warm,200,44.44,29.65,14.8,0.81,28.83,False,,0.0,0.02,,0.79,0.81,1
1841,1841,fastfouriertransform,medium,warm,200,658.35,658.34,0.01,644.81,13.53,False,,0.0,3.88,0.0,640.92,644.81,1
1842,1842,linpack,large,warm,200,13.54,13.54,0.0,5.32,8.21,False,,0.0,0.36,4.07,0.89,5.32,2
1843,1843,fastfouriertransform,medium,warm,200,1130.2,1130.2,0.0,668.89,461.31,False,,0.0,3.82,0.0,665.06,668.89,2
1844,1844,matrixmul,large,warm,200,23.56,21.86,1.7,5.35,16.51,False,,0.0,0.42,4.28,0.64,5.35,3
1845,1845,genmatrix,small,warm,200,6.24,5.51,0.73,0.11,5.4,False,,0.0,0.02,,0.08,0.11,3
1846,1846,matrixmul,large,warm,200,19.65,17.67,1.98,5.1,12.57,False,,0.0,0.38,4.1,0.62,5.1,3
1847,1847,fetchdata,medium,warm,200,130.7,130.69,0.01,125.07,5.62,False,125.04,0.0,0.02,0.0,,125.06,3
1848,1848,fetchdata,medium,warm,200,116.01,116.01,0.0,80.16,35.85,False,80.13,0.0,0.02,0.0,,80.16,3
1849,1849,fastfouriertransform,large,warm,200,536.05,536.04,0.01,4.55,531.49,False,,0.0,3.85,0.0,0.7,4.55,3
1850,1850,fastfouriertransform,small,warm,200,444.14,444.14,0.01,4.81,439.33,False,,0.0,3.93,0.0,0.87,4.81,3
1851,1851,linpack,small,warm,200,14.97,14.97,0.0,5.3,9.66,False,,0.0,0.39,4.08,0.83,5.3,4
1852,1852,fastfouriertransform,small,warm,200,251.12,251.12,0.0,4.77,246.34,False,,0.0,3.96,0.0,0.8,4.77,4
1853,1853,fetchdata,small,warm,200,76.59,76.58,0.0,72.61,3.98,False,72.58,0.0,0.02,0.0,,72.61,5
1854,1854,matrixmul,medium,warm,200,582.79,581.07,1.72,568.59,12.48,False,,0.0,0.39,4.06,564.14,568.59,5
1855,1855,matrixmul,small,warm,200,495.91,494.17,1.75,4.97,489.2,False,,0.0,0.34,4.03,0.59,4.97,2
1856,1856,fetchdata,small,warm,200,84.94,84.94,0.0,78.0,6.94,False,77.96,0.0,0.03,0.0,,78.0,3
1857,1857,linpack,large,warm,200,14.46,14.46,0.0,7.04,7.42,False,,0.0,0.38,5.87,0.78,7.04,3
1858,1858,matrixmul,small,warm,200,207.67,205.17,2.5,5.12,200.05,False,,0.0,0.39,4.05,0.67,5.11,3
1859,1859,genmatrix,small,warm,200,6.06,5.45,0.61,0.11,5.35,False,,0.0,0.02,,0.08,0.11,4
1860,1860,matrixmul,large,warm,200,20.37,18.45,1.93,4.98,13.46,False,,0.0,0.35,4.02,0.61,4.98,2
1861,1861,genmatrix,medium,warm,200,14.48,12.57,1.91,0.24,12.33,False,,0.0,0.02,,0.22,0.24,1
1862,1862,fastfouriertransform,large,warm,200,18.12,18.11,0.0,4.68,13.44,False,,0.0,3.9,0.0,0.77,4.68,1
1863,1863,genmatrix,small,warm,200,8.0,6.0,2.0,0.11,5.9,False,,0.0,0.02,,0.08,0.11,1
1864,1864,linpack,large,warm,200,12.1,12.1,0.0,5.29,6.81,False,,0.0,0.35,4.0,0.93,5.29,1
1865,1865,fastfouriertransform,small,warm,200,17.19,17.19,0.0,4.6,12.59,False,,0.0,3.87,0.0,0.72,4.6,1
1866,1866,fetchdata,large,warm,200,84.11,84.1,0.0,77.93,6.17,False,77.9,0.0,0.02,0.0,,77.93,1
1867,1867,fastfouriertransform,medium,warm,200,669.87,669.87,0.01,655.82,14.04,False,,0.0,3.96,0.0,651.85,655.82,1
1868,1868,fastfouriertransform,medium,warm,200,1217.76,1217.75,0.0,645.66,572.09,False,,0.0,3.92,0.0,641.73,645.66,2
1869,1869,genmatrix,medium,warm,200,11.49,9.14,2.36,0.2,8.93,False,,0.0,0.02,,0.18,0.2,3
1870,1870,genmatrix,small,warm,200,6.55,5.91,0.64,0.11,5.8,False,,0.0,0.02,,0.09,0.11,3
1871,1871,linpack,medium,warm,200,710.21,710.21,0.01,702.58,7.62,False,,0.0,0.33,3.99,698.25,702.58,3
1872,1872,fastfouriertransform,medium,warm,200,1473.32,1473.31,0.01,653.36,819.96,False,,0.0,3.93,0.0,649.42,653.36,4
1873,1873,fetchdata,medium,warm,200,86.11,86.1,0.0,76.91,9.2,False,76.87,0.0,0.02,0.0,,76.91,5
1874,1874,linpack,medium,warm,200,1120.79,1120.78,0.01,709.34,411.45,False,,0.0,0.37,4.0,704.96,709.34,4
1875,1875,linpack,small,cold,200,1027.75,1027.74,0.01,5.17,1022.57,False,,0.0,0.36,4.04,0.76,5.17,5
1876,1876,matrixmul,medium,warm,200,564.12,562.65,1.47,548.96,13.69,False,,0.0,0.37,4.02,544.56,548.96,6
1877,1877,linpack,medium,warm,200,1538.72,1538.71,0.0,710.55,828.17,False,,0.0,0.37,4.03,706.14,710.55,7
1878,1878,fetchdata,large,warm,200,81.11,81.11,0.01,75.47,5.64,False,75.44,0.0,0.02,0.0,,75.47,8
1879,1879,linpack,small,cold,200,1346.18,1346.17,0.0,5.17,1341.01,False,,0.0,0.34,4.03,0.79,5.17,7
1880,1880,fetchdata,small,warm,200,84.31,84.31,0.01,78.56,5.75,False,78.52,0.0,0.02,0.0,,78.55,8
1881,1881,matrixmul,small,warm,200,76.26,74.28,1.99,5.12,69.15,False,,0.0,0.39,4.1,0.63,5.12,7
1882,1882,fetchdata,large,warm,200,83.15,83.15,0.01,77.72,5.43,False,77.69,0.0,0.02,0.0,,77.72,6
1883,1883,genmatrix,large,warm,200,46.73,31.14,15.59,0.82,30.33,False,,0.0,0.02,,0.79,0.82,6
1884,1884,fastfouriertransform,medium,warm,200,921.33,921.33,0.01,646.51,274.82,False,,0.0,3.92,0.0,642.58,646.51,6
1885,1885,fastfouriertransform,large,warm,200,827.52,827.52,0.01,4.78,822.74,False,,0.0,3.94,0.0,0.83,4.78,7
1886,1886,matrixmul,large,warm,200,25.55,23.39,2.16,8.84,14.55,False,,0.0,0.39,7.66,0.79,8.84,6
1887,1887,genmatrix,small,warm,200,7.23,6.66,0.57,0.11,6.55,False,,0.0,0.02,,0.09,0.11,5
1888,1888,fetchdata,large,warm,200,84.97,84.97,0.0,79.14,5.83,False,79.1,0.0,0.02,0.0,,79.13,5
1889,1889,fetchdata,medium,warm,200,80.51,80.5,0.01,75.43,5.07,False,75.41,0.0,0.02,0.0,,75.43,5
1890,1890,matrixmul,small,warm,200,25.1,22.76,2.34,5.35,17.41,False,,0.0,0.37,4.32,0.65,5.35,5
1891,1891,fetchdata,large,warm,200,78.64,78.63,0.01,73.86,4.77,False,73.84,0.0,0.02,0.0,,73.86,5
1892,1892,genmatrix,small,warm,200,6.48,6.47,0.0,0.12,6.35,False,,0.0,0.02,,0.09,0.12,5
1893,1893,fastfouriertransform,small,warm,200,34.97,34.96,0.01,4.79,30.18,False,,0.0,3.87,0.01,0.9,4.78,3
1894,1894,linpack,medium,warm,200,745.03,745.02,0.01,734.65,10.37,False,,0.0,0.37,6.45,727.83,734.65,1
1895,1895,genmatrix,medium,warm,200,12.62,10.67,1.95,0.24,10.42,False,,0.0,0.02,,0.22,0.24,2
1896,1896,fastfouriertransform,large,warm,200,18.44,18.44,0.0,4.63,13.8,False,,0.0,3.89,0.0,0.74,4.63,2
1897,1897,fastfouriertransform,large,warm,200,20.35,20.34,0.01,4.62,15.73,False,,0.0,3.87,0.0,0.74,4.61,2
1898,1898,fetchdata,large,warm,200,81.3,81.3,0.01,74.88,6.42,False,74.85,0.0,0.02,0.0,,74.88,2
1899,1899,matrixmul,small,warm,200,23.32,20.74,2.59,5.08,15.66,False,,0.0,0.38,4.07,0.62,5.07,2
1900,1900,linpack,large,warm,200,151.49,151.49,0.0,5.35,146.14,False,,0.0,0.36,4.12,0.86,5.35,2
1901,1901,fastfouriertransform,medium,warm,200,651.5,651.5,0.0,637.33,14.17,False,,0.0,3.88,0.0,633.44,637.32,3
1902,1902,fetchdata,small,warm,200,84.05,84.03,0.02,78.81,5.22,False,78.78,0.0,0.02,0.0,,78.81,2
1903,1903,genmatrix,medium,warm,200,11.79,10.56,1.23,0.23,10.33,False,,0.0,0.02,,0.21,0.23,2
1904,1904,genmatrix,medium,warm,200,10.89,8.76,2.12,0.2,8.57,False,,0.0,0.02,,0.18,0.2,2
1905,1905,genmatrix,medium,warm,200,11.89,9.79,2.11,0.2,9.59,False,,0.0,0.02,,0.18,0.2,2
1906,1906,matrixmul,medium,warm,200,590.75,588.65,2.1,573.61,15.04,False,,0.0,0.38,4.26,568.96,573.61,2
1907,1907,fetchdata,small,warm,200,87.5,87.5,0.01,80.21,7.29,False,80.17,0.0,0.03,0.0,,80.21,3
1908,1908,fetchdata,small,warm,200,83.32,83.31,0.01,78.57,4.74,False,78.53,0.0,0.03,0.0,,78.57,2
1909,1909,linpack,small,warm,200,12.33,12.33,0.01,5.13,7.19,False,,0.0,0.36,4.01,0.77,5.13,2
1910,1910,fetchdata,small,warm,200,77.69,77.69,0.01,72.7,4.99,False,72.67,0.0,0.02,0.0,,72.7,2
1911,1911,fetchdata,medium,warm,200,78.96,78.95,0.01,73.42,5.54,False,73.39,0.0,0.02,0.0,,73.42,2
1912,1912,matrixmul,medium,warm,200,592.09,590.41,1.69,577.73,12.67,False,,0.0,0.37,4.16,573.19,577.73,1
1913,1913,matrixmul,small,warm,200,507.09,507.08,0.0,4.94,502.15,False,,0.0,0.34,4.02,0.57,4.93,2
1914,1914,linpack,medium,warm,200,723.78,723.78,0.01,713.13,10.64,False,,0.0,0.4,4.15,708.58,713.13,3
1915,1915,fetchdata,medium,warm,200,81.8,81.8,0.01,76.61,5.18,False,76.59,0.0,0.02,0.0,,76.61,4
1916,1916,genmatrix,medium,warm,200,10.65,8.62,2.03,0.2,8.42,False,,0.0,0.02,,0.18,0.2,4
1917,1917,genmatrix,small,warm,200,5.97,5.85,0.12,0.11,5.74,False,,0.0,0.02,,0.09,0.11,4
1918,1918,fastfouriertransform,small,warm,200,19.18,19.17,0.01,4.67,14.5,False,,0.0,3.88,0.0,0.78,4.67,3
1919,1919,genmatrix,large,warm,200,48.44,33.78,14.66,0.9,32.87,False,,0.0,0.03,,0.87,0.9,2
1920,1920,linpack,small,warm,200,131.36,131.35,0.01,5.36,125.99,False,,0.0,0.37,4.1,0.89,5.36,2
1921,1921,fetchdata,medium,warm,200,84.45,84.44,0.0,78.1,6.34,False,78.07,0.0,0.02,0.0,,78.1,3
1922,1922,fetchdata,small,warm,200,82.22,82.21,0.01,77.57,4.64,False,77.54,0.0,0.02,0.0,,77.57,1
1923,1923,fetchdata,medium,warm,200,80.72,80.71,0.01,75.26,5.45,False,75.23,0.0,0.02,0.0,,75.26,1
1924,1924,matrixmul,large,warm,200,21.54,19.37,2.17,5.63,13.74,False,,0.0,0.37,4.64,0.62,5.63,1
1925,1925,fastfouriertransform,large,warm,200,18.56,18.56,0.0,4.78,13.78,False,,0.0,3.96,0.0,0.81,4.77,1
1926,1926,genmatrix,medium,warm,200,13.5,11.04,2.46,0.24,10.8,False,,0.0,0.02,,0.21,0.23,1
1927,1927,fetchdata,small,warm,200,86.27,86.26,0.01,77.45,8.81,False,77.42,0.0,0.02,0.0,,77.45,1
1928,1928,matrixmul,medium,warm,200,583.37,581.6,1.77,567.89,13.72,False,,0.0,0.36,6.95,560.57,567.88,1
1929,1929,linpack,large,warm,200,12.48,12.47,0.01,5.05,7.43,False,,0.0,0.33,3.97,0.74,5.05,2
1930,1930,linpack,small,warm,200,12.48,12.48,0.01,5.06,7.42,False,,0.0,0.33,3.99,0.74,5.06,2
1931,1931,fastfouriertransform,medium,warm,200,665.87,665.86,0.01,651.84,14.02,False,,0.0,3.9,0.0,647.93,651.84,2
1932,1932,fastfouriertransform,small,warm,200,572.13,572.13,0.0,4.59,567.53,False,,0.0,3.84,0.0,0.75,4.59,3
1933,1933,fastfouriertransform,small,warm,200,478.21,478.21,0.01,4.7,473.51,False,,0.0,3.86,0.0,0.84,4.7,4
1934,1934,fastfouriertransform,small,warm,200,387.13,387.13,0.0,4.76,382.36,False,,0.0,3.96,0.0,0.79,4.76,4
1935,1935,fetchdata,small,warm,200,78.98,78.97,0.01,74.09,4.89,False,74.06,0.0,0.02,0.0,,74.09,5
1936,1936,matrixmul,medium,warm,200,586.23,583.9,2.33,568.99,14.91,False,,0.0,0.38,4.08,564.52,568.98,5
1937,1937,fastfouriertransform,large,warm,200,92.69,92.68,0.01,4.59,88.09,False,,0.0,3.87,0.0,0.71,4.59,6
1938,1938,linpack,medium,warm,200,759.02,759.01,0.01,738.45,20.56,False,,0.0,0.42,8.21,729.82,738.45,2
1939,1939,fastfouriertransform,small,warm,200,25.78,25.78,0.01,4.86,20.91,False,,0.0,3.98,0.0,0.88,4.86,3
1940,1940,fastfouriertransform,small,warm,200,23.65,23.64,0.01,4.82,18.82,False,,0.0,3.98,0.0,0.83,4.82,3
1941,1941,matrixmul,small,warm,200,95.56,93.74,1.82,5.12,88.62,False,,0.0,0.38,4.1,0.63,5.12,3
1942,1942,fastfouriertransform,medium,warm,200,662.34,662.34,0.01,648.51,13.83,False,,0.0,3.89,0.0,644.61,648.51,2
1943,1943,fastfouriertransform,small,warm,200,568.51,568.51,0.0,4.54,563.96,False,,0.0,3.82,0.0,0.72,4.54,3
1944,1944,matrixmul,small,warm,200,22.41,19.87,2.54,5.27,14.6,False,,0.0,0.38,4.14,0.74,5.27,4
1945,1945,fetchdata,large,warm,200,89.09,89.08,0.01,82.18,6.9,False,82.14,0.0,0.03,0.0,,82.18,4
1946,1946,matrixmul,large,warm,200,24.77,23.57,1.19,5.53,18.04,False,,0.0,0.42,4.39,0.72,5.53,3
1947,1947,matrixmul,medium,warm,200,589.22,587.33,1.89,572.42,14.91,False,,0.0,0.37,5.39,566.65,572.42,3
1948,1948,fastfouriertransform,medium,warm,200,738.01,738.01,0.01,668.88,69.13,False,,0.0,3.85,0.0,665.02,668.88,4
1949,1949,matrixmul,small,warm,200,400.06,398.54,1.51,5.28,393.27,False,,0.0,0.37,4.18,0.72,5.28,3
1950,1950,genmatrix,small,warm,200,8.03,8.02,0.01,0.13,7.89,False,,0.0,0.02,,0.1,0.13,4
1951,1951,fetchdata,medium,warm,200,86.71,86.7,0.01,81.06,5.64,False,81.04,0.0,0.02,0.0,,81.06,4
1952,1952,genmatrix,medium,warm,200,12.75,10.5,2.25,0.22,10.28,False,,0.0,0.02,,0.19,0.22,4
1953,1953,fetchdata,small,warm,200,85.83,85.82,0.01,81.06,4.76,False,81.03,0.0,0.02,0.0,,81.06,3
1954,1954,linpack,large,warm,200,12.49,12.48,0.01,5.18,7.3,False,,0.0,0.36,4.03,0.78,5.18,2
1955,1955,linpack,small,warm,200,12.76,12.76,0.01,5.34,7.41,False,,0.0,0.39,4.17,0.78,5.34,2
1956,1956,genmatrix,medium,warm,200,11.46,9.17,2.29,0.21,8.96,False,,0.0,0.02,,0.18,0.2,1
1957,1957,matrixmul,large,warm,200,21.51,19.71,1.8,5.03,14.68,False,,0.0,0.37,4.06,0.59,5.03,1
1958,1958,matrixmul,small,warm,200,24.01,21.31,2.71,5.62,15.69,False,,0.0,0.38,4.46,0.77,5.62,1
1959,1959,fastfouriertransform,medium,warm,200,675.98,675.97,0.01,651.77,24.2,False,,0.0,3.98,0.0,647.77,651.77,1
1960,1960,matrixmul,small,warm,200,20.09,18.26,1.83,5.12,13.14,False,,0.0,0.38,4.12,0.61,5.12,2
1961,1961,matrixmul,small,warm,200,20.93,19.39,1.54,5.04,14.35,False,,0.0,0.37,4.06,0.6,5.04,2
1962,1962,linpack,small,warm,200,14.72,14.72,0.01,5.27,9.44,False,,0.0,0.38,4.12,0.77,5.27,2
1963,1963,linpack,small,warm,200,17.72,17.71,0.01,7.52,10.19,False,,0.0,0.43,6.2,0.88,7.52,2
1964,1964,matrixmul,large,warm,200,28.96,25.8,3.17,8.4,17.4,False,,0.0,0.4,7.36,0.64,8.4,2
1965,1965,genmatrix,medium,warm,200,11.62,9.61,2.01,0.21,9.41,False,,0.0,0.02,,0.18,0.21,2
1966,1966,linpack,medium,warm,200,712.49,712.48,0.01,704.06,8.41,False,,0.0,0.37,4.01,699.68,704.06,1
1967,1967,genmatrix,large,warm,200,44.68,30.03,14.65,0.82,29.21,False,,0.0,0.02,,0.79,0.82,2
1968,1968,linpack,medium,warm,200,1234.11,1234.1,0.01,720.33,513.78,False,,0.0,0.34,4.13,715.85,720.32,2
1969,1969,matrixmul,medium,warm,200,608.98,607.06,1.91,589.12,17.94,False,,0.0,0.37,6.13,582.62,589.12,3
1970,1970,fetchdata,small,warm,200,83.34,83.34,0.01,75.85,7.49,False,75.82,0.0,0.02,0.0,,75.85,4
1971,1971,genmatrix,large,warm,200,49.11,34.78,14.33,0.99,33.78,False,,0.0,0.03,,0.96,0.99,4
1972,1972,fetchdata,small,warm,200,80.76,80.74,0.01,75.41,5.33,False,75.38,0.0,0.02,0.0,,75.41,4
1973,1973,genmatrix,small,warm,200,6.74,6.18,0.56,0.11,6.07,False,,0.0,0.02,,0.08,0.11,4
1974,1974,matrixmul,large,warm,200,121.73,119.72,2.0,5.26,114.46,False,,0.0,0.39,4.22,0.63,5.26,3
1975,1975,genmatrix,large,warm,200,45.49,30.37,15.12,0.8,29.57,False,,0.0,0.02,,0.78,0.8,4
1976,1976,fetchdata,small,warm,200,85.88,85.87,0.01,77.82,8.05,False,77.79,0.0,0.02,0.0,,77.82,2
1977,1977,fastfouriertransform,small,warm,200,32.58,32.56,0.02,5.08,27.48,False,,0.0,4.19,0.01,0.88,5.08,2
1978,1978,fetchdata,medium,warm,200,84.5,84.48,0.02,78.4,6.08,False,78.37,0.0,0.02,0.0,,78.4,2
1979,1979,linpack,large,warm,200,140.7,140.7,0.01,5.14,135.55,False,,0.0,0.37,4.02,0.75,5.14,2
1980,1980,fastfouriertransform,small,warm,200,26.28,26.28,0.01,4.85,21.42,False,,0.0,4.05,0.0,0.79,4.85,3
1981,1981,linpack,medium,warm,200,723.11,723.1,0.01,714.35,8.75,False,,0.0,0.36,3.99,710.0,714.35,1
1982,1982,genmatrix,small,warm,200,8.44,7.6,0.84,0.12,7.48,False,,0.0,0.03,,0.1,0.12,2
1983,1983,fetchdata,small,warm,200,84.77,84.75,0.02,75.8,8.96,False,75.77,0.0,0.02,0.0,,75.79,2
1984,1984,linpack,medium,warm,200,1132.4,1132.4,0.01,708.15,424.25,False,,0.0,0.33,3.96,703.85,708.15,2
1985,1985,genmatrix,large,warm,200,48.28,30.91,17.37,0.81,30.1,False,,0.0,0.02,,0.79,0.81,3
1986,1986,fastfouriertransform,large,warm,200,18.2,18.2,0.01,4.66,13.54,False,,0.0,3.9,0.0,0.75,4.66,3
1987,1987,genmatrix,large,warm,200,44.57,30.39,14.18,0.78,29.61,False,,0.0,0.02,,0.76,0.78,3
1988,1988,linpack,small,warm,200,750.59,750.58,0.01,5.28,745.31,False,,0.0,0.36,4.09,0.82,5.27,3
1989,1989,linpack,small,warm,200,640.1,640.1,0.01,5.37,634.72,False,,0.0,0.35,4.11,0.9,5.37,3
1990,1990,matrixmul,large,warm,200,23.74,21.57,2.17,5.26,16.31,False,,0.0,0.38,4.13,0.75,5.26,4
1991,1991,genmatrix,small,warm,200,7.63,7.17,0.47,0.12,7.05,False,,0.0,0.02,,0.09,0.12,4
1992,1992,matrixmul,small,warm,200,27.83,25.65,2.18,5.92,19.74,False,,0.0,0.37,4.9,0.64,5.91,4
1993,1993,fastfouriertransform,small,warm,200,29.72,29.71,0.01,4.68,25.03,False,,0.0,3.9,0.0,0.78,4.68,4
1994,1994,fetchdata,large,warm,200,81.42,81.4,0.02,74.45,6.95,False,74.42,0.0,0.02,0.0,,74.45,4
1995,1995,fetchdata,small,warm,200,91.86,91.85,0.02,85.85,5.99,False,85.82,0.0,0.02,0.0,,85.85,4
1996,1996,linpack,medium,warm,200,744.33,744.32,0.02,730.36,13.96,False,,0.0,0.37,4.03,725.96,730.36,1
1997,1997,fastfouriertransform,medium,warm,200,694.51,694.48,0.04,662.75,31.73,False,,0.0,4.0,0.0,658.74,662.75,2
1998,1998,linpack,small,warm,200,549.43,549.43,0.01,5.29,544.14,False,,0.0,0.39,4.06,0.83,5.29,3
1999,1999,fetchdata,medium,warm,200,79.61,79.59,0.02,74.03,5.56,False,74.01,0.0,0.02,0.0,,74.03,4
2000,2000,fetchdata,medium,warm,200,80.9,80.88,0.02,75.22,5.66,False,75.2,0.0,0.02,0.0,,75.22,4
