request_id,function,size,type,status,latency_ms,ttfb_ms,output_transfer_ms,execution_time_ms,system_overhead_ms,cold_start_server,io_ms,binary_read_ms,json_parsing_ms,parameter_extraction_ms,compute_ms,total_server_ms,in_flight
0,fastfouriertransform,small,cold,200,1335.66,1335.63,0.03,6.05,1329.58,True,,0.0,3.83,0.0,2.21,6.05,1
1,genmatrix,small,cold,200,1764.75,1763.61,1.14,6.16,1757.45,True,,0.0,0.03,,6.13,6.16,1
2,fetchdata,small,cold,200,1887.13,1887.12,0.01,134.34,1752.78,True,134.3,0.0,0.02,0.0,,134.33,1
3,fastfouriertransform,large,warm,200,46.92,46.9,0.02,7.27,39.62,False,,0.0,6.11,0.0,1.15,7.27,1
4,linpack,small,cold,200,1442.58,1442.56,0.02,5.24,1437.32,True,,0.0,0.37,4.01,0.85,5.24,1
5,linpack,medium,warm,200,655.2,655.18,0.02,642.9,12.28,False,,0.0,0.34,3.97,638.58,642.9,1
6,fastfouriertransform,small,warm,200,48.79,48.78,0.01,7.26,41.52,False,,0.0,6.13,0.0,1.11,7.25,1
7,fastfouriertransform,small,warm,200,43.95,43.93,0.02,7.25,36.69,False,,0.0,6.12,0.0,1.12,7.25,1
8,fetchdata,large,warm,200,138.97,138.95,0.02,131.66,7.29,False,131.62,0.0,0.03,0.0,,131.66,1
9,linpack,small,warm,200,226.27,226.26,0.01,8.08,218.18,False,,0.0,0.53,6.37,1.17,8.07,1
10,linpack,small,warm,200,18.89,18.87,0.02,5.17,13.7,False,,0.0,0.36,4.04,0.76,5.17,1
11,linpack,medium,warm,200,662.3,662.28,0.02,649.54,12.75,False,,0.0,0.34,3.98,645.2,649.53,1
12,fetchdata,medium,warm,200,137.02,137.0,0.02,130.36,6.64,False,130.32,0.0,0.03,0.0,,130.36,1
13,linpack,medium,warm,200,661.51,661.49,0.02,648.32,13.17,False,,0.0,0.39,4.0,643.93,648.32,1
14,fastfouriertransform,small,cold,200,2177.59,2177.56,0.03,6.29,2171.27,True,,0.0,3.93,0.0,2.36,6.29,1
15,matrixmul,medium,cold,200,1840.53,1838.48,2.05,509.4,1329.08,True,,0.0,0.34,4.02,505.04,509.4,1
16,genmatrix,small,cold,200,1745.54,1744.55,0.99,6.19,1738.37,True,,0.0,0.02,,6.15,6.18,1
17,fetchdata,medium,warm,200,136.83,136.81,0.02,130.02,6.79,False,129.99,0.0,0.03,0.0,,130.02,1
18,fastfouriertransform,small,warm,200,42.84,42.82,0.02,7.3,35.53,False,,0.0,6.13,0.0,1.16,7.29,1
19,matrixmul,small,warm,200,238.04,235.77,2.26,7.74,228.04,False,,0.0,0.53,6.33,0.87,7.74,1
20,genmatrix,medium,warm,200,17.82,15.45,2.37,0.32,15.13,False,,0.0,0.03,,0.28,0.32,1
21,linpack,medium,cold,200,2372.92,2372.9,0.02,644.48,1728.42,True,,0.0,0.35,3.99,640.13,644.47,1
22,fastfouriertransform,large,warm,200,49.04,49.03,0.01,7.23,41.8,False,,0.0,6.07,0.0,1.15,7.23,1
23,matrixmul,large,warm,200,28.33,26.41,1.93,7.77,18.63,False,,0.0,0.52,6.37,0.88,7.77,1
24,fastfouriertransform,medium,warm,200,678.36,678.34,0.02,643.04,35.3,False,,0.0,6.1,0.0,636.92,643.04,1
25,fastfouriertransform,large,warm,200,41.6,41.59,0.02,7.28,34.3,False,,0.0,6.05,0.0,1.22,7.28,1
26,genmatrix,large,warm,200,57.03,44.74,12.29,1.28,43.46,False,,0.0,0.03,,1.24,1.28,1
27,linpack,medium,warm,200,902.76,902.74,0.02,683.07,219.67,False,,0.0,0.58,6.33,676.15,683.07,1
28,linpack,small,warm,200,20.19,20.17,0.02,8.04,12.13,False,,0.0,0.53,6.35,1.16,8.04,1
29,fastfouriertransform,small,warm,200,42.04,42.03,0.01,7.24,34.79,False,,0.0,6.08,0.0,1.15,7.24,1
30,fetchdata,medium,cold,200,2169.98,2169.96,0.02,131.89,2038.07,True,131.86,0.0,0.02,0.0,,131.89,1
31,fastfouriertransform,small,warm,200,79.98,79.96,0.02,7.28,72.68,False,,0.0,6.06,0.0,1.21,7.28,1
32,fastfouriertransform,medium,warm,200,674.89,674.88,0.02,640.97,33.91,False,,0.0,6.07,0.0,634.88,640.96,1
33,genmatrix,medium,cold,200,1995.71,1993.37,2.34,6.35,1987.01,True,,0.0,0.03,,6.32,6.35,1
34,genmatrix,small,warm,200,10.41,10.0,0.41,0.16,9.84,False,,0.0,0.04,,0.11,0.16,1
35,genmatrix,medium,warm,200,44.92,13.74,31.17,0.3,13.45,False,,0.0,0.03,,0.26,0.3,1
36,fetchdata,large,warm,200,138.64,138.62,0.02,132.58,6.04,False,132.55,0.0,0.02,0.0,,132.58,1
37,genmatrix,large,warm,200,56.19,47.17,9.02,1.27,45.91,False,,0.0,0.03,,1.23,1.26,1
38,fastfouriertransform,large,warm,200,42.77,42.76,0.01,7.19,35.57,False,,0.0,6.03,0.0,1.14,7.19,1
39,fetchdata,large,warm,200,81.17,81.15,0.02,74.91,6.24,False,74.88,0.0,0.02,0.0,,74.91,1
40,fetchdata,small,warm,200,133.51,133.49,0.02,127.0,6.49,False,126.96,0.0,0.02,0.0,,126.99,1
41,matrixmul,medium,cold,200,2559.82,2557.86,1.96,507.3,2050.55,True,,0.0,0.35,3.98,502.96,507.3,1
42,genmatrix,large,warm,200,53.45,44.79,8.66,1.16,43.63,False,,0.0,0.03,,1.12,1.16,1
43,linpack,small,cold,200,1335.71,1335.69,0.02,5.27,1330.42,True,,0.0,0.36,4.0,0.9,5.27,1
44,genmatrix,small,warm,200,8.5,7.89,0.61,0.15,7.75,False,,0.0,0.03,,0.11,0.14,1
45,fetchdata,small,warm,200,132.15,132.12,0.03,126.17,5.95,False,126.14,0.0,0.02,0.0,,126.17,1
46,genmatrix,medium,warm,200,15.79,13.75,2.04,0.32,13.43,False,,0.0,0.03,,0.28,0.32,1
47,genmatrix,small,warm,200,9.8,9.11,0.69,0.16,8.95,False,,0.0,0.04,,0.12,0.16,1
48,fetchdata,large,warm,200,140.73,140.71,0.02,134.45,6.26,False,134.41,0.0,0.03,0.0,,134.45,1
49,genmatrix,small,warm,200,8.76,8.08,0.68,0.14,7.94,False,,0.0,0.03,,0.11,0.14,1
50,matrixmul,medium,cold,200,2413.37,2411.92,1.46,506.77,1905.14,True,,0.0,0.36,4.07,502.34,506.77,1
51,matrixmul,small,warm,200,29.27,27.27,1.99,7.75,19.52,False,,0.0,0.55,6.32,0.88,7.75,1
52,genmatrix,small,warm,200,8.13,7.51,0.62,0.15,7.37,False,,0.0,0.03,,0.11,0.15,1
53,fetchdata,large,warm,200,133.85,133.84,0.01,128.69,5.15,False,128.65,0.0,0.03,0.0,,128.68,1
54,linpack,large,cold,200,2162.83,2162.82,0.02,5.2,2157.61,True,,0.0,0.37,4.0,0.82,5.2,1
55,genmatrix,large,warm,200,57.6,49.3,8.3,1.19,48.11,False,,0.0,0.03,,1.16,1.19,1
56,linpack,medium,warm,200,901.6,901.58,0.02,680.09,221.49,False,,0.0,0.61,6.4,673.07,680.09,1
57,linpack,medium,warm,200,846.74,846.72,0.02,682.12,164.6,False,,0.0,0.59,6.34,675.18,682.12,1
58,genmatrix,small,warm,200,8.79,8.12,0.67,0.14,7.98,False,,0.0,0.03,,0.11,0.14,1
59,fetchdata,large,warm,200,132.84,132.82,0.02,126.41,6.42,False,126.37,0.0,0.03,0.0,,126.4,1
60,matrixmul,small,cold,200,2718.77,2709.33,9.44,5.03,2704.3,True,,0.0,0.41,4.0,0.61,5.03,1
61,fastfouriertransform,small,cold,200,1414.94,1414.92,0.02,6.2,1408.72,True,,0.0,3.89,0.0,2.3,6.2,1
62,fetchdata,large,warm,200,89.44,89.42,0.02,82.4,7.01,False,82.37,0.0,0.02,0.0,,82.4,1
63,fetchdata,large,warm,200,135.3,135.28,0.02,128.75,6.53,False,128.72,0.0,0.02,0.0,,128.75,1
64,matrixmul,large,warm,200,237.34,233.74,3.6,7.8,225.93,False,,0.0,0.59,6.32,0.89,7.8,1
65,fastfouriertransform,medium,warm,200,671.55,671.54,0.01,637.68,33.86,False,,0.0,6.14,0.0,631.53,637.67,1
66,matrixmul,large,warm,200,235.69,233.24,2.46,7.8,225.44,False,,0.0,0.55,6.36,0.88,7.79,1
67,matrixmul,large,warm,200,237.79,233.46,4.33,7.8,225.66,False,,0.0,0.53,6.37,0.89,7.79,1
68,genmatrix,large,cold,200,2195.18,2180.21,14.96,9.91,2170.3,True,,0.0,0.05,,9.85,9.91,1
69,fastfouriertransform,large,warm,200,41.11,41.1,0.02,7.25,33.85,False,,0.0,6.09,0.0,1.14,7.25,1
70,fastfouriertransform,large,warm,200,42.27,42.26,0.02,7.28,34.98,False,,0.0,6.11,0.0,1.16,7.27,1
71,linpack,medium,cold,200,2297.94,2297.92,0.02,643.09,1654.84,True,,0.0,0.38,4.0,638.69,643.08,1
72,genmatrix,small,warm,200,8.57,8.16,0.42,0.15,8.0,False,,0.0,0.03,,0.12,0.15,1
73,genmatrix,medium,warm,200,16.13,13.84,2.29,0.3,13.54,False,,0.0,0.03,,0.26,0.3,1
74,fetchdata,medium,cold,200,2319.51,2319.49,0.02,136.51,2182.99,True,136.47,0.0,0.03,0.0,,136.51,1
75,fastfouriertransform,large,warm,200,42.11,42.1,0.01,7.28,34.81,False,,0.0,6.1,0.0,1.17,7.28,1
76,genmatrix,large,warm,200,60.8,47.88,12.92,1.16,46.71,False,,0.0,0.03,,1.13,1.16,1
77,fetchdata,large,warm,200,86.13,86.11,0.02,79.72,6.39,False,79.68,0.0,0.03,0.0,,79.72,1
78,fastfouriertransform,large,warm,200,41.91,41.89,0.02,7.31,34.58,False,,0.0,6.15,0.0,1.15,7.31,1
79,genmatrix,large,warm,200,58.09,45.02,13.07,1.19,43.83,False,,0.0,0.03,,1.16,1.19,1
80,linpack,large,cold,200,2053.12,2053.1,0.02,5.2,2047.9,True,,0.0,0.34,4.02,0.84,5.2,1
81,fetchdata,small,warm,200,134.29,134.27,0.02,127.61,6.66,False,127.57,0.0,0.02,0.0,,127.6,1
82,genmatrix,small,warm,200,8.72,8.44,0.29,0.15,8.29,False,,0.0,0.03,,0.11,0.15,1
83,linpack,large,warm,200,20.59,20.56,0.03,8.11,12.45,False,,0.0,0.6,6.32,1.18,8.11,1
84,fastfouriertransform,large,warm,200,42.55,42.54,0.01,7.33,35.21,False,,0.0,6.17,0.0,1.14,7.33,1
85,genmatrix,medium,warm,200,15.8,13.78,2.02,0.3,13.48,False,,0.0,0.03,,0.26,0.3,1
86,fastfouriertransform,small,warm,200,39.58,39.56,0.02,7.29,32.27,False,,0.0,6.14,0.0,1.14,7.29,1
87,genmatrix,medium,warm,200,16.35,13.67,2.67,0.3,13.37,False,,0.0,0.04,,0.26,0.3,1
88,fetchdata,small,cold,200,1896.1,1896.09,0.02,124.76,1771.32,True,124.73,0.0,0.03,0.0,,124.76,1
89,fetchdata,large,warm,200,87.31,87.29,0.02,80.7,6.59,False,80.66,0.0,0.03,0.0,,80.69,1
90,fastfouriertransform,small,warm,200,42.99,42.97,0.01,7.28,35.7,False,,0.0,6.13,0.0,1.14,7.28,1
91,matrixmul,small,cold,200,1848.44,1846.36,2.08,4.95,1841.41,True,,0.0,0.36,3.98,0.6,4.94,1
92,linpack,small,cold,200,2061.35,2061.33,0.02,5.18,2056.14,True,,0.0,0.37,3.99,0.81,5.18,1
93,fetchdata,large,warm,200,140.3,140.28,0.02,133.41,6.87,False,133.37,0.0,0.03,0.0,,133.41,1
94,matrixmul,large,warm,200,22.89,20.91,1.99,4.95,15.96,False,,0.0,0.4,3.97,0.57,4.95,1
95,fetchdata,medium,warm,200,88.06,88.04,0.02,81.26,6.78,False,81.22,0.0,0.03,0.0,,81.25,1
96,linpack,large,warm,200,20.14,20.12,0.02,8.03,12.09,False,,0.0,0.52,6.33,1.16,8.02,1
97,matrixmul,small,warm,200,23.16,20.92,2.24,4.92,16.0,False,,0.0,0.38,3.97,0.57,4.92,1
98,linpack,large,warm,200,20.04,20.02,0.02,8.05,11.98,False,,0.0,0.53,6.37,1.15,8.05,1
99,fetchdata,large,warm,200,135.44,135.42,0.02,128.81,6.61,False,128.77,0.0,0.03,0.0,,128.81,1
100,genmatrix,medium,cold,200,1715.26,1712.96,2.3,6.71,1706.25,True,,0.0,0.03,,6.68,6.71,1
101,genmatrix,medium,warm,200,18.04,15.99,2.05,0.3,15.69,False,,0.0,0.04,,0.26,0.3,1
102,linpack,medium,warm,200,689.59,689.54,0.05,676.99,12.55,False,,0.0,0.53,6.35,670.1,676.98,1
103,fastfouriertransform,small,cold,200,1382.2,1382.18,0.02,6.64,1375.54,True,,0.0,3.9,0.0,2.73,6.64,1
104,fetchdata,small,warm,200,134.71,134.69,0.02,127.57,7.12,False,127.53,0.0,0.03,0.0,,127.57,1
105,genmatrix,small,warm,200,8.96,8.2,0.76,0.15,8.05,False,,0.0,0.03,,0.11,0.15,1
106,linpack,large,warm,200,20.37,20.34,0.03,8.18,12.17,False,,0.0,0.52,6.51,1.14,8.17,1
107,fetchdata,large,warm,200,136.07,136.04,0.02,129.38,6.67,False,129.33,0.0,0.03,0.0,,129.37,1
108,fetchdata,small,warm,200,134.78,134.76,0.02,128.08,6.68,False,128.03,0.0,0.04,0.0,,128.08,1
109,fastfouriertransform,large,warm,200,43.03,43.01,0.02,7.34,35.67,False,,0.0,6.13,0.0,1.2,7.34,1
110,fastfouriertransform,small,warm,200,40.38,40.37,0.01,7.43,32.94,False,,0.0,6.21,0.01,1.2,7.43,1
111,fastfouriertransform,small,warm,200,42.34,42.32,0.02,7.3,35.02,False,,0.0,6.05,0.01,1.24,7.3,1
112,genmatrix,small,cold,200,1407.5,1406.99,0.51,6.13,1400.86,True,,0.0,0.02,,6.1,6.12,1
113,linpack,small,cold,200,1241.44,1241.43,0.01,5.22,1236.21,True,,0.0,0.37,4.01,0.83,5.22,1
114,genmatrix,large,warm,200,65.25,49.05,16.2,1.37,47.68,False,,0.0,0.04,,1.33,1.37,1
115,matrixmul,small,cold,200,1339.6,1335.71,3.89,5.06,1330.65,True,,0.0,0.35,4.1,0.61,5.06,1
116,linpack,small,warm,200,16.16,16.14,0.02,5.12,11.03,False,,0.0,0.34,4.0,0.77,5.11,1
117,linpack,large,warm,200,148.56,148.54,0.02,5.3,143.24,False,,0.0,0.39,4.06,0.84,5.3,1
118,matrixmul,small,warm,200,28.79,26.75,2.04,7.88,18.88,False,,0.0,0.52,6.47,0.88,7.87,1
119,matrixmul,medium,warm,200,553.31,551.22,2.09,535.32,15.91,False,,0.0,0.52,6.45,528.34,535.32,1
120,fetchdata,small,cold,200,1593.57,1593.52,0.05,126.48,1467.03,True,126.44,0.0,0.03,0.0,,126.48,1
121,fastfouriertransform,large,cold,200,1420.32,1420.3,0.02,6.63,1413.67,True,,0.0,3.93,0.01,2.68,6.63,1
122,matrixmul,medium,warm,200,565.76,563.47,2.28,546.43,17.04,False,,0.0,0.6,6.43,539.4,546.43,1
123,matrixmul,medium,warm,200,562.56,560.18,2.39,544.12,16.06,False,,0.0,0.53,7.0,536.58,544.12,1
124,matrixmul,large,warm,200,29.06,26.96,2.1,7.87,19.09,False,,0.0,0.54,6.46,0.86,7.87,1
125,fastfouriertransform,large,warm,200,42.53,42.52,0.01,8.27,34.24,False,,0.0,6.06,0.0,2.2,8.27,1
126,fastfouriertransform,small,warm,200,41.28,41.26,0.02,7.7,33.57,False,,0.0,6.52,0.01,1.16,7.69,1
127,matrixmul,large,warm,200,28.51,26.23,2.28,7.89,18.34,False,,0.0,0.52,6.49,0.88,7.89,1
128,genmatrix,small,cold,200,2010.27,2009.83,0.44,6.2,2003.63,True,,0.0,0.03,,6.17,6.2,1
129,fetchdata,small,cold,200,1437.7,1437.67,0.02,134.1,1303.58,True,134.06,0.0,0.02,0.0,,134.09,1
130,fetchdata,large,warm,200,90.27,90.25,0.02,83.09,7.16,False,83.05,0.0,0.03,0.0,,83.09,1
131,matrixmul,small,warm,200,29.01,27.01,2.01,7.9,19.1,False,,0.0,0.57,6.45,0.88,7.9,1
132,matrixmul,small,warm,200,28.99,26.86,2.13,7.88,18.98,False,,0.0,0.52,6.47,0.89,7.88,1
133,genmatrix,medium,warm,200,14.5,11.93,2.57,0.23,11.71,False,,0.0,0.03,,0.19,0.22,1
134,fetchdata,small,warm,200,140.73,140.71,0.02,133.78,6.93,False,133.74,0.0,0.03,0.0,,133.78,1
135,matrixmul,large,warm,200,28.75,27.18,1.58,7.98,19.2,False,,0.0,0.52,6.57,0.89,7.98,1
136,fastfouriertransform,small,cold,200,1557.71,1557.69,0.02,6.56,1551.13,True,,0.0,4.12,0.01,2.43,6.56,1
137,linpack,small,cold,200,1368.94,1368.91,0.02,5.18,1363.73,True,,0.0,0.38,3.99,0.81,5.18,1
138,fastfouriertransform,small,warm,200,44.11,44.1,0.02,7.24,36.85,False,,0.0,6.1,0.0,1.13,7.24,1
139,fetchdata,medium,warm,200,148.07,148.05,0.02,141.12,6.93,False,141.08,0.0,0.03,0.0,,141.12,1
140,matrixmul,medium,warm,200,563.8,561.66,2.14,538.06,23.6,False,,0.0,0.52,6.48,531.06,538.06,1
141,fetchdata,medium,warm,200,91.2,91.18,0.02,84.25,6.93,False,84.21,0.0,0.03,0.0,,84.24,1
142,fastfouriertransform,small,warm,200,43.11,43.09,0.01,8.13,34.96,False,,0.0,6.94,0.01,1.18,8.13,1
143,matrixmul,small,warm,200,36.38,34.02,2.36,7.88,26.14,False,,0.0,0.52,6.47,0.88,7.88,1
144,matrixmul,medium,warm,200,555.85,553.07,2.78,536.6,16.47,False,,0.0,0.54,6.44,529.62,536.6,1
145,matrixmul,medium,warm,200,567.66,565.35,2.3,547.91,17.44,False,,0.0,0.52,6.45,540.93,547.91,1
146,matrixmul,large,warm,200,31.29,27.8,3.49,7.93,19.87,False,,0.0,0.55,6.49,0.89,7.93,1
147,linpack,large,cold,200,1572.56,1572.54,0.02,5.19,1567.35,True,,0.0,0.36,4.01,0.81,5.19,1
148,matrixmul,small,warm,200,110.31,108.07,2.24,7.9,100.17,False,,0.0,0.52,6.49,0.88,7.9,1
149,fetchdata,medium,cold,200,1417.61,1417.59,0.02,133.09,1284.5,True,133.06,0.0,0.02,0.0,,133.09,1
150,fetchdata,small,warm,200,82.39,82.37,0.02,76.24,6.13,False,76.21,0.0,0.02,0.0,,76.24,1
151,linpack,large,warm,200,19.9,19.88,0.02,8.42,11.46,False,,0.0,0.52,6.6,1.29,8.42,1
152,linpack,small,warm,200,19.66,19.64,0.02,8.32,11.32,False,,0.0,0.53,6.58,1.2,8.32,1
153,genmatrix,small,cold,200,2004.02,2003.23,0.79,6.18,1997.05,True,,0.0,0.02,,6.15,6.18,1
154,fastfouriertransform,large,cold,200,1341.38,1341.36,0.02,6.09,1335.27,True,,0.0,3.89,0.0,2.19,6.09,1
155,matrixmul,large,cold,200,1905.13,1902.95,2.17,4.92,1898.03,True,,0.0,0.35,3.97,0.6,4.92,1
156,linpack,small,warm,200,21.57,21.55,0.02,8.12,13.43,False,,0.0,0.53,6.41,1.17,8.12,1
157,fastfouriertransform,large,warm,200,41.5,41.48,0.01,7.37,34.11,False,,0.0,6.13,0.0,1.23,7.37,1
158,fastfouriertransform,small,warm,200,42.0,41.99,0.01,7.26,34.72,False,,0.0,6.05,0.0,1.2,7.26,1
159,fastfouriertransform,large,warm,200,42.16,42.15,0.01,7.27,34.88,False,,0.0,6.05,0.0,1.21,7.27,1
160,fastfouriertransform,large,warm,200,42.68,42.67,0.01,7.36,35.31,False,,0.0,6.06,0.0,1.28,7.36,1
161,fetchdata,medium,cold,200,1574.29,1574.27,0.02,124.04,1450.23,True,124.01,0.0,0.02,0.0,,124.04,1
162,fastfouriertransform,large,warm,200,42.91,42.88,0.02,7.25,35.63,False,,0.0,6.1,0.0,1.14,7.25,1
163,fetchdata,large,warm,200,85.88,85.86,0.02,79.09,6.77,False,79.05,0.0,0.03,0.0,,79.08,1
164,linpack,small,cold,200,1301.12,1301.1,0.02,5.21,1295.89,True,,0.0,0.34,4.01,0.85,5.21,1
165,linpack,small,warm,200,17.16,17.14,0.02,5.11,12.02,False,,0.0,0.36,3.99,0.76,5.11,1
166,matrixmul,large,cold,200,1722.91,1720.25,2.66,4.95,1715.3,True,,0.0,0.35,4.01,0.59,4.95,1
167,linpack,large,warm,200,16.66,16.63,0.02,5.13,11.5,False,,0.0,0.37,4.01,0.75,5.13,1
168,linpack,medium,warm,200,684.8,684.78,0.02,673.12,11.67,False,,0.0,0.54,6.33,666.24,673.12,1
169,genmatrix,small,cold,200,1625.92,1625.26,0.66,6.53,1618.73,True,,0.0,0.02,,6.5,6.53,1
170,genmatrix,small,warm,200,10.47,9.89,0.58,0.16,9.74,False,,0.0,0.04,,0.11,0.16,1
171,genmatrix,medium,warm,200,16.43,13.57,2.86,0.34,13.23,False,,0.0,0.03,,0.3,0.34,1
172,fetchdata,large,cold,200,1821.86,1821.83,0.04,134.38,1687.44,True,134.35,0.0,0.02,0.0,,134.38,1
173,genmatrix,medium,warm,200,15.65,13.63,2.02,0.29,13.33,False,,0.0,0.03,,0.26,0.29,1
174,genmatrix,small,warm,200,8.55,7.89,0.66,0.15,7.74,False,,0.0,0.03,,0.11,0.15,1
175,fastfouriertransform,medium,cold,200,2294.04,2294.02,0.02,602.02,1692.0,True,,0.0,3.92,0.0,598.1,602.02,1
176,linpack,large,cold,200,1722.34,1722.32,0.02,5.22,1717.11,True,,0.0,0.34,4.03,0.83,5.22,1
177,fastfouriertransform,small,warm,200,42.02,42.0,0.02,7.3,34.7,False,,0.0,6.09,0.0,1.2,7.3,1
178,linpack,small,warm,200,227.68,227.65,0.03,8.08,219.57,False,,0.0,0.56,6.36,1.15,8.08,1
179,linpack,medium,warm,200,885.85,885.83,0.02,668.42,217.41,False,,0.0,0.53,6.36,661.52,668.41,1
180,fetchdata,medium,cold,200,1775.47,1775.45,0.02,139.24,1636.21,True,139.18,0.0,0.05,0.0,,139.24,1
181,fastfouriertransform,small,warm,200,50.78,50.78,0.01,7.22,43.55,False,,0.0,6.03,0.0,1.18,7.22,1
182,genmatrix,medium,cold,200,1254.71,1252.48,2.23,6.3,1246.18,True,,0.0,0.03,,6.27,6.3,1
183,fetchdata,medium,warm,200,92.9,92.87,0.03,86.05,6.82,False,86.01,0.0,0.03,0.0,,86.05,1
184,linpack,large,warm,200,185.18,185.16,0.02,8.04,177.12,False,,0.0,0.54,6.34,1.15,8.04,1
185,genmatrix,large,warm,200,74.45,48.09,26.36,1.36,46.73,False,,0.0,0.04,,1.32,1.36,1
186,linpack,small,warm,200,19.08,19.06,0.02,8.02,11.04,False,,0.0,0.51,6.37,1.13,8.01,1
187,linpack,medium,warm,200,686.06,686.04,0.02,675.61,10.42,False,,0.0,0.56,6.32,668.72,675.61,1
188,fastfouriertransform,small,cold,200,1638.31,1638.29,0.02,5.99,1632.3,True,,0.0,3.88,0.0,2.1,5.99,1
189,genmatrix,small,warm,200,8.73,8.14,0.59,0.15,7.99,False,,0.0,0.03,,0.12,0.15,1
190,fastfouriertransform,large,warm,200,43.44,43.42,0.02,7.26,36.16,False,,0.0,6.16,0.0,1.09,7.26,1
191,linpack,small,warm,200,19.12,19.1,0.02,8.04,11.06,False,,0.0,0.52,6.38,1.13,8.04,1
192,genmatrix,medium,warm,200,16.18,13.83,2.35,0.31,13.52,False,,0.0,0.03,,0.27,0.31,1
193,linpack,small,warm,200,19.12,19.1,0.02,8.02,11.08,False,,0.0,0.52,6.37,1.13,8.02,1
194,genmatrix,small,warm,200,8.55,7.94,0.6,0.15,7.79,False,,0.0,0.03,,0.12,0.15,1
195,genmatrix,large,warm,200,60.6,46.0,14.6,1.17,44.84,False,,0.0,0.03,,1.13,1.17,1
196,matrixmul,medium,cold,200,2297.15,2267.93,29.22,505.8,1762.13,True,,0.0,0.35,3.99,501.45,505.8,1
197,fastfouriertransform,small,cold,200,1296.45,1296.43,0.02,5.95,1290.48,True,,0.0,3.86,0.0,2.08,5.95,1
198,matrixmul,medium,warm,200,562.83,560.51,2.32,544.22,16.28,False,,0.0,0.59,6.34,537.29,544.22,1
199,fastfouriertransform,small,warm,200,38.55,38.54,0.01,4.61,33.93,False,,0.0,3.84,0.0,0.76,4.61,1
200,genmatrix,small,warm,200,8.31,7.81,0.5,0.15,7.65,False,,0.0,0.03,,0.12,0.15,1
201,genmatrix,small,warm,200,8.72,8.04,0.68,0.16,7.87,False,,0.0,0.04,,0.12,0.16,1
202,matrixmul,large,warm,200,29.75,27.58,2.17,7.73,19.85,False,,0.0,0.53,6.32,0.88,7.73,1
203,matrixmul,large,warm,200,29.9,27.36,2.53,7.72,19.64,False,,0.0,0.54,6.29,0.88,7.72,1
204,fastfouriertransform,small,warm,200,36.83,36.81,0.02,4.6,32.21,False,,0.0,3.83,0.0,0.74,4.6,1
205,fastfouriertransform,large,warm,200,41.88,41.86,0.02,7.29,34.57,False,,0.0,6.09,0.0,1.19,7.29,1
206,fetchdata,large,cold,200,2369.99,2369.97,0.02,127.01,2242.96,True,126.98,0.0,0.02,0.0,,127.01,1
207,fastfouriertransform,medium,warm,200,653.09,653.07,0.02,618.76,34.31,False,,0.0,3.83,0.0,614.92,618.76,1
208,linpack,large,cold,200,1364.43,1364.41,0.02,5.23,1359.18,True,,0.0,0.36,4.05,0.82,5.23,1
209,fetchdata,medium,warm,200,89.21,89.18,0.02,82.24,6.94,False,82.21,0.0,0.03,0.0,,82.24,1
210,fetchdata,small,warm,200,137.63,137.61,0.02,130.56,7.05,False,130.52,0.0,0.03,0.0,,130.55,1
211,genmatrix,medium,cold,200,1388.8,1386.21,2.59,6.3,1379.9,True,,0.0,0.02,,6.27,6.3,1
212,fastfouriertransform,medium,warm,200,647.03,647.01,0.02,611.79,35.22,False,,0.0,3.84,0.0,607.94,611.79,1
213,fetchdata,large,warm,200,133.81,133.79,0.02,126.89,6.9,False,126.86,0.0,0.03,0.0,,126.89,1
214,fetchdata,large,warm,200,134.23,134.21,0.02,127.59,6.61,False,127.55,0.0,0.03,0.0,,127.59,1
215,fastfouriertransform,medium,warm,200,636.19,636.17,0.02,601.62,34.55,False,,0.0,3.85,0.0,597.76,601.62,1
216,linpack,medium,cold,200,2031.03,2031.01,0.02,642.01,1389.0,True,,0.0,0.37,4.1,637.53,642.0,1
217,linpack,large,warm,200,227.16,227.15,0.01,8.12,219.03,False,,0.0,0.59,6.33,1.19,8.12,1
218,fetchdata,small,warm,200,135.05,135.02,0.03,128.27,6.74,False,128.23,0.0,0.03,0.0,,128.27,1
219,fetchdata,small,warm,200,90.1,90.09,0.02,83.71,6.37,False,83.68,0.0,0.03,0.0,,83.71,1
220,matrixmul,small,cold,200,2125.84,2123.51,2.33,5.1,2118.41,True,,0.0,0.37,4.1,0.62,5.1,1
221,fetchdata,large,warm,200,87.64,87.62,0.02,81.2,6.42,False,81.16,0.0,0.03,0.0,,81.2,1
222,genmatrix,medium,cold,200,1292.32,1289.82,2.5,6.3,1283.52,True,,0.0,0.03,,6.27,6.3,1
223,fetchdata,medium,warm,200,133.43,133.41,0.02,126.59,6.82,False,126.55,0.0,0.03,0.0,,126.59,1
224,fetchdata,large,warm,200,132.63,132.61,0.02,126.02,6.59,False,125.99,0.0,0.02,0.0,,126.02,1
225,fastfouriertransform,medium,cold,200,2158.35,2158.33,0.02,625.43,1532.91,True,,0.0,4.0,0.0,621.41,625.42,1
226,fastfouriertransform,medium,warm,200,634.95,634.93,0.02,601.25,33.68,False,,0.0,3.86,0.0,597.38,601.25,1
227,fetchdata,small,warm,200,134.81,134.79,0.02,128.35,6.44,False,128.32,0.0,0.02,0.0,,128.35,1
228,matrixmul,medium,cold,200,1941.45,1940.01,1.44,509.21,1430.8,True,,0.0,0.39,4.03,504.78,509.2,1
229,genmatrix,small,cold,200,1423.14,1422.66,0.47,6.08,1416.58,True,,0.0,0.02,,6.05,6.08,1
230,fetchdata,small,warm,200,134.46,134.44,0.02,128.08,6.36,False,128.05,0.0,0.02,0.0,,128.08,1
231,fetchdata,medium,warm,200,138.35,138.33,0.02,131.78,6.55,False,131.75,0.0,0.02,0.0,,131.78,1
232,genmatrix,medium,warm,200,18.13,15.9,2.22,0.32,15.58,False,,0.0,0.04,,0.28,0.32,1
233,fastfouriertransform,medium,cold,200,2581.54,2581.52,0.03,604.09,1977.42,True,,0.0,3.88,0.0,600.2,604.09,1
234,genmatrix,large,warm,200,60.56,47.3,13.26,1.3,45.99,False,,0.0,0.05,,1.24,1.3,1
235,linpack,medium,cold,200,1931.65,1931.63,0.02,645.86,1285.76,True,,0.0,0.37,4.02,641.47,645.86,1
236,linpack,medium,warm,200,694.29,694.27,0.02,681.97,12.3,False,,0.0,0.52,6.33,675.11,681.97,1
237,fastfouriertransform,small,warm,200,41.69,41.68,0.01,7.24,34.44,False,,0.0,6.09,0.0,1.14,7.24,1
238,genmatrix,small,warm,200,8.66,8.24,0.43,0.15,8.08,False,,0.0,0.03,,0.12,0.15,1
239,linpack,medium,warm,200,682.0,681.99,0.02,670.1,11.89,False,,0.0,0.52,6.32,663.25,670.09,1
240,fastfouriertransform,small,warm,200,42.15,42.13,0.02,7.25,34.88,False,,0.0,6.1,0.0,1.14,7.25,1
241,linpack,medium,warm,200,675.63,675.61,0.02,664.02,11.58,False,,0.0,0.52,6.29,657.2,664.02,1
242,genmatrix,large,warm,200,64.88,45.91,18.96,1.14,44.77,False,,0.0,0.03,,1.11,1.14,1
243,genmatrix,medium,warm,200,15.3,13.61,1.68,0.31,13.3,False,,0.0,0.03,,0.28,0.31,1
244,linpack,large,warm,200,20.08,20.06,0.02,8.02,12.04,False,,0.0,0.54,6.33,1.14,8.02,1
245,fastfouriertransform,medium,warm,200,710.16,710.14,0.02,676.12,34.02,False,,0.0,6.08,0.0,670.02,676.12,1
246,linpack,small,warm,200,20.45,20.43,0.02,8.05,12.38,False,,0.0,0.52,6.35,1.18,8.05,1
247,genmatrix,small,warm,200,8.6,7.94,0.66,0.15,7.79,False,,0.0,0.03,,0.12,0.15,1
248,matrixmul,small,cold,200,1442.13,1439.64,2.49,5.07,1434.57,True,,0.0,0.35,4.07,0.63,5.07,1
249,linpack,large,warm,200,20.66,20.64,0.02,8.0,12.64,False,,0.0,0.52,6.33,1.15,8.0,1
250,fetchdata,medium,cold,200,1503.62,1503.6,0.02,129.94,1373.66,True,129.91,0.0,0.02,0.0,,129.94,1
251,matrixmul,small,warm,200,29.14,26.91,2.23,7.84,19.07,False,,0.0,0.59,6.38,0.87,7.84,1
252,genmatrix,large,warm,200,58.65,46.78,11.87,1.24,45.54,False,,0.0,0.04,,1.2,1.24,1
253,genmatrix,large,warm,200,262.87,46.35,216.53,1.18,45.16,False,,0.0,0.03,,1.15,1.18,1
254,fastfouriertransform,large,cold,200,1403.33,1403.31,0.02,6.0,1397.31,True,,0.0,3.87,0.0,2.12,6.0,1
255,genmatrix,large,warm,200,57.01,46.06,10.95,1.18,44.88,False,,0.0,0.02,,1.15,1.18,1
256,genmatrix,large,warm,200,57.45,46.32,11.13,1.19,45.13,False,,0.0,0.03,,1.16,1.19,1
257,matrixmul,medium,warm,200,771.37,769.11,2.25,546.79,222.33,False,,0.0,0.53,6.34,539.9,546.79,1
258,matrixmul,large,warm,200,28.77,26.5,2.26,7.71,18.8,False,,0.0,0.52,6.31,0.87,7.71,1
259,genmatrix,large,warm,200,57.31,45.97,11.34,1.2,44.77,False,,0.0,0.03,,1.17,1.2,1
260,fetchdata,small,cold,200,1718.0,1717.98,0.02,122.12,1595.86,True,122.09,0.0,0.02,0.0,,122.12,1
261,matrixmul,large,warm,200,28.25,27.1,1.16,7.73,19.37,False,,0.0,0.52,6.34,0.87,7.72,1
262,matrixmul,large,warm,200,29.28,27.58,1.69,7.72,19.87,False,,0.0,0.52,6.33,0.86,7.71,1
263,fetchdata,large,warm,200,88.42,88.39,0.03,81.57,6.82,False,81.53,0.0,0.03,0.0,,81.57,1
264,linpack,medium,cold,200,2087.5,2087.43,0.06,671.97,1415.46,True,,0.0,0.38,4.06,667.52,671.97,1
265,matrixmul,large,warm,200,29.45,27.49,1.95,7.85,19.64,False,,0.0,0.52,6.45,0.87,7.85,1
266,fastfouriertransform,medium,cold,200,1875.29,1875.27,0.02,603.43,1271.84,True,,0.0,3.9,0.0,599.52,603.43,1
267,genmatrix,small,cold,200,1332.25,1331.62,0.63,6.15,1325.47,True,,0.0,0.02,,6.12,6.15,1
268,matrixmul,large,warm,200,28.69,26.41,2.28,7.76,18.65,False,,0.0,0.52,6.36,0.88,7.76,1
269,linpack,large,warm,200,122.46,122.38,0.07,8.19,114.19,False,,0.0,0.61,6.39,1.18,8.19,1
270,genmatrix,medium,warm,200,17.6,16.17,1.43,0.32,15.85,False,,0.0,0.04,,0.28,0.32,1
271,matrixmul,medium,warm,200,563.56,562.05,1.51,545.2,16.85,False,,0.0,0.53,6.37,538.29,545.2,1
272,fetchdata,large,cold,200,2126.76,2126.74,0.02,122.85,2003.88,True,122.82,0.0,0.02,0.0,,122.85,1
273,matrixmul,large,warm,200,28.93,26.85,2.08,7.75,19.1,False,,0.0,0.52,6.36,0.87,7.75,1
274,fetchdata,large,warm,200,88.09,88.07,0.02,81.17,6.91,False,81.13,0.0,0.03,0.0,,81.16,1
275,fastfouriertransform,medium,cold,200,2001.86,2001.82,0.03,606.25,1395.57,True,,0.0,3.87,0.0,602.37,606.25,1
276,linpack,large,cold,200,1521.98,1521.96,0.02,5.19,1516.77,True,,0.0,0.36,4.02,0.81,5.19,1
277,linpack,medium,warm,200,697.9,697.87,0.02,686.0,11.88,False,,0.0,0.55,6.34,679.09,685.99,1
278,fastfouriertransform,small,warm,200,41.57,41.56,0.01,7.21,34.35,False,,0.0,6.07,0.0,1.13,7.21,1
279,genmatrix,small,cold,200,1282.03,1281.33,0.7,7.63,1273.7,True,,0.0,0.03,,7.6,7.63,1
280,fetchdata,small,warm,200,132.88,132.83,0.05,125.61,7.22,False,125.57,0.0,0.03,0.0,,125.6,1
281,fastfouriertransform,small,warm,200,40.19,40.17,0.01,7.2,32.97,False,,0.0,6.06,0.0,1.13,7.2,1
282,fetchdata,medium,warm,200,87.86,87.84,0.02,81.17,6.66,False,81.11,0.0,0.05,0.0,,81.17,1
283,linpack,small,warm,200,106.66,106.64,0.02,8.11,98.53,False,,0.0,0.53,6.42,1.15,8.11,1
284,matrixmul,medium,cold,200,2088.04,2086.76,1.28,507.04,1579.72,True,,0.0,0.41,4.14,502.47,507.03,1
285,linpack,small,warm,200,20.46,20.44,0.02,8.04,12.4,False,,0.0,0.52,6.38,1.13,8.03,1
286,matrixmul,medium,warm,200,566.35,564.86,1.49,547.08,17.78,False,,0.0,0.53,6.39,540.15,547.08,1
287,matrixmul,small,warm,200,28.85,27.12,1.73,7.8,19.32,False,,0.0,0.53,6.38,0.88,7.8,1
288,fetchdata,large,warm,200,135.8,135.78,0.02,128.95,6.84,False,128.91,0.0,0.03,0.0,,128.95,1
289,fastfouriertransform,small,cold,200,1267.57,1267.55,0.01,6.0,1261.56,True,,0.0,3.85,0.0,2.14,5.99,1
290,matrixmul,small,warm,200,28.74,26.56,2.19,7.76,18.79,False,,0.0,0.53,6.36,0.87,7.76,1
291,fetchdata,large,warm,200,88.33,88.31,0.02,81.77,6.54,False,81.73,0.0,0.03,0.0,,81.76,1
292,linpack,medium,cold,200,2248.09,2248.08,0.01,644.55,1603.53,True,,0.0,0.37,4.0,640.17,644.55,1
293,fastfouriertransform,large,warm,200,239.1,239.09,0.01,4.77,234.31,False,,0.0,3.95,0.0,0.81,4.77,1
294,fetchdata,small,warm,200,135.21,135.19,0.02,128.58,6.6,False,128.54,0.0,0.03,0.0,,128.58,1
295,matrixmul,small,warm,200,29.23,26.62,2.61,7.84,18.78,False,,0.0,0.52,6.43,0.88,7.84,1
296,matrixmul,large,warm,200,28.22,26.43,1.79,7.79,18.64,False,,0.0,0.52,6.38,0.88,7.78,1
297,linpack,large,warm,200,19.81,19.79,0.02,8.03,11.76,False,,0.0,0.58,6.32,1.13,8.03,1
298,linpack,medium,warm,200,675.05,675.03,0.02,663.53,11.5,False,,0.0,0.52,6.32,656.68,663.53,1
299,matrixmul,large,warm,200,149.89,147.8,2.08,7.75,140.05,False,,0.0,0.52,6.34,0.88,7.75,1
300,linpack,medium,warm,200,685.52,685.5,0.02,673.18,12.31,False,,0.0,0.52,6.38,666.27,673.18,1
301,linpack,medium,warm,200,898.49,898.47,0.02,679.65,218.82,False,,0.0,0.54,6.33,672.77,679.65,1
302,fetchdata,large,cold,200,1723.06,1723.04,0.02,127.11,1595.93,True,127.08,0.0,0.02,0.0,,127.11,1
303,matrixmul,medium,warm,200,568.05,566.23,1.82,549.33,16.9,False,,0.0,0.53,6.34,542.45,549.33,1
304,genmatrix,small,cold,200,1261.53,1260.93,0.6,6.19,1254.74,True,,0.0,0.03,,6.16,6.19,1
305,genmatrix,large,warm,200,55.83,33.2,22.64,2.45,30.75,False,,0.0,0.02,,2.42,2.45,1
306,matrixmul,large,warm,200,233.6,27.08,206.52,7.77,19.31,False,,0.0,0.55,6.35,0.86,7.77,1
307,fetchdata,medium,warm,200,136.01,135.99,0.02,129.25,6.74,False,129.21,0.0,0.03,0.0,,129.25,1
308,matrixmul,small,warm,200,28.28,26.2,2.08,7.72,18.47,False,,0.0,0.51,6.34,0.87,7.72,1
309,genmatrix,small,warm,200,7.88,7.22,0.66,0.11,7.1,False,,0.0,0.02,,0.09,0.11,1
310,genmatrix,medium,warm,200,13.58,10.45,3.13,0.21,10.24,False,,0.0,0.02,,0.19,0.21,1
311,genmatrix,large,warm,200,64.76,46.81,17.94,1.18,45.63,False,,0.0,0.03,,1.14,1.18,1
312,fastfouriertransform,small,cold,200,1816.07,1816.05,0.03,6.13,1809.92,True,,0.0,3.88,0.0,2.24,6.13,1
313,fetchdata,small,warm,200,134.43,134.41,0.02,128.29,6.12,False,128.25,0.0,0.03,0.0,,128.29,1
314,matrixmul,large,warm,200,97.47,95.49,1.98,7.77,87.72,False,,0.0,0.52,6.36,0.88,7.77,1
315,fetchdata,large,warm,200,88.57,88.55,0.02,81.62,6.92,False,81.59,0.0,0.03,0.0,,81.62,1
316,fetchdata,small,warm,200,90.02,90.0,0.02,83.57,6.43,False,83.53,0.0,0.03,0.0,,83.57,1
317,matrixmul,medium,warm,200,569.5,567.24,2.26,550.43,16.81,False,,0.0,0.52,6.35,543.56,550.43,1
318,genmatrix,large,cold,200,2112.76,2089.34,23.42,10.58,2078.76,True,,0.0,0.03,,10.54,10.58,1
319,matrixmul,medium,warm,200,564.95,562.51,2.44,548.95,13.56,False,,0.0,0.51,6.35,542.08,548.95,1
320,fastfouriertransform,small,cold,200,1678.04,1678.03,0.02,6.53,1671.49,True,,0.0,4.0,0.01,2.52,6.53,1
321,matrixmul,medium,warm,200,561.77,559.8,1.96,542.73,17.07,False,,0.0,0.52,6.33,535.88,542.73,1
322,linpack,large,cold,200,1867.98,1867.96,0.02,5.22,1862.73,True,,0.0,0.36,4.02,0.84,5.22,1
323,fastfouriertransform,large,warm,200,42.85,42.83,0.01,7.27,35.56,False,,0.0,6.13,0.0,1.12,7.27,1
324,matrixmul,medium,warm,200,569.84,567.47,2.38,550.49,16.98,False,,0.0,0.54,6.55,543.39,550.49,1
325,fastfouriertransform,medium,warm,200,643.01,642.99,0.02,628.58,14.41,False,,0.0,6.08,0.0,622.49,628.58,1
326,genmatrix,medium,cold,200,1879.98,1877.5,2.48,6.44,1871.06,True,,0.0,0.03,,6.41,6.44,1
327,matrixmul,large,warm,200,27.81,25.67,2.14,7.31,18.36,False,,0.0,0.48,5.95,0.87,7.31,1
328,linpack,large,warm,200,20.3,20.28,0.02,8.12,12.17,False,,0.0,0.56,6.38,1.17,8.12,1
329,fetchdata,medium,cold,200,1548.91,1548.89,0.02,126.92,1421.97,True,126.89,0.0,0.02,0.0,,126.92,1
330,fetchdata,medium,warm,200,90.2,90.18,0.02,82.9,7.28,False,82.86,0.0,0.03,0.0,,82.9,1
331,matrixmul,medium,warm,200,547.81,545.59,2.22,532.67,12.92,False,,0.0,0.56,6.45,525.65,532.67,1
332,fastfouriertransform,medium,cold,200,2275.09,2275.07,0.02,600.16,1674.91,True,,0.0,3.88,0.0,596.27,600.16,1
333,genmatrix,large,cold,200,1546.09,1529.96,16.13,9.05,1520.91,True,,0.0,0.02,,9.02,9.05,1
334,matrixmul,large,warm,200,28.57,26.46,2.11,7.79,18.67,False,,0.0,0.52,6.4,0.87,7.79,1
335,fetchdata,medium,warm,200,137.25,137.24,0.01,130.84,6.4,False,130.8,0.0,0.03,0.0,,130.84,1
336,fetchdata,large,warm,200,88.07,88.05,0.02,80.9,7.15,False,80.86,0.0,0.03,0.0,,80.9,1
337,linpack,small,cold,200,1724.32,1724.3,0.02,5.46,1718.84,True,,0.0,0.39,4.13,0.93,5.46,1
338,matrixmul,large,warm,200,30.0,27.13,2.87,7.74,19.39,False,,0.0,0.54,6.32,0.87,7.74,1
339,linpack,large,warm,200,20.05,20.03,0.02,8.07,11.96,False,,0.0,0.52,6.38,1.16,8.07,1
340,fastfouriertransform,small,cold,200,1368.78,1368.78,0.01,6.11,1362.66,True,,0.0,3.84,0.0,2.26,6.11,1
341,matrixmul,small,warm,200,28.94,26.69,2.24,7.72,18.97,False,,0.0,0.52,6.33,0.86,7.72,1
342,matrixmul,small,warm,200,118.06,116.16,1.9,7.72,108.44,False,,0.0,0.52,6.33,0.87,7.72,1
343,fastfouriertransform,medium,warm,200,662.98,662.98,0.01,630.17,32.81,False,,0.0,6.07,0.0,624.09,630.17,1
344,matrixmul,medium,warm,200,788.71,779.97,8.75,548.3,231.67,False,,0.0,0.52,6.49,541.29,548.29,1
345,fetchdata,medium,cold,200,1944.7,1944.68,0.02,143.25,1801.43,True,143.21,0.0,0.03,0.0,,143.25,1
346,genmatrix,medium,cold,200,1665.88,1660.69,5.19,6.25,1654.44,True,,0.0,0.03,,6.22,6.25,1
347,matrixmul,medium,warm,200,753.78,751.13,2.65,528.2,222.93,False,,0.0,0.54,6.35,521.3,528.2,1
348,matrixmul,medium,warm,200,578.19,575.59,2.6,545.59,30.0,False,,0.0,0.51,6.34,538.72,545.59,1
349,fastfouriertransform,medium,warm,200,673.34,673.33,0.01,639.36,33.97,False,,0.0,6.05,0.0,633.3,639.36,1
350,fastfouriertransform,large,warm,200,43.12,43.1,0.02,7.79,35.31,False,,0.0,6.6,0.01,1.17,7.79,1
351,linpack,small,cold,200,1607.28,1607.26,0.02,5.25,1602.01,True,,0.0,0.34,4.06,0.84,5.25,1
352,genmatrix,small,warm,200,10.46,9.85,0.6,0.16,9.69,False,,0.0,0.04,,0.12,0.16,1
353,fastfouriertransform,large,warm,200,43.19,43.17,0.01,8.54,34.63,False,,0.0,7.35,0.01,1.18,8.54,1
354,fastfouriertransform,small,warm,200,247.68,247.66,0.01,7.26,240.4,False,,0.0,6.11,0.0,1.14,7.26,1
355,fetchdata,small,cold,200,1826.07,1826.04,0.03,143.89,1682.15,True,143.86,0.0,0.02,0.0,,143.89,1
356,fastfouriertransform,large,warm,200,41.27,41.26,0.01,7.32,33.94,False,,0.0,6.13,0.01,1.17,7.32,1
357,fetchdata,small,warm,200,91.16,91.14,0.02,83.81,7.32,False,83.77,0.0,0.03,0.0,,83.81,1
358,fetchdata,medium,warm,200,91.85,91.83,0.02,85.28,6.55,False,85.24,0.0,0.03,0.0,,85.28,1
359,fastfouriertransform,large,warm,200,41.77,41.76,0.01,7.98,33.78,False,,0.0,6.52,0.01,1.45,7.98,1
360,fetchdata,medium,warm,200,142.04,142.02,0.02,135.41,6.61,False,135.37,0.0,0.03,0.0,,135.41,1
361,genmatrix,medium,cold,200,1528.98,1525.01,3.97,6.28,1518.73,True,,0.0,0.03,,6.25,6.28,1
362,fetchdata,large,warm,200,137.0,136.98,0.02,130.46,6.52,False,130.42,0.0,0.03,0.0,,130.46,1
363,linpack,large,cold,200,1397.95,1397.93,0.02,5.17,1392.75,True,,0.0,0.36,4.0,0.81,5.17,1
364,fastfouriertransform,small,warm,200,42.76,42.74,0.02,8.68,34.06,False,,0.0,7.48,0.01,1.19,8.68,1
365,genmatrix,small,warm,200,11.38,10.69,0.69,0.16,10.54,False,,0.0,0.04,,0.12,0.16,1
366,linpack,small,warm,200,224.92,224.9,0.03,8.05,216.84,False,,0.0,0.54,6.35,1.16,8.05,1
367,genmatrix,large,warm,200,66.53,46.59,19.94,1.33,45.26,False,,0.0,0.03,,1.29,1.33,1
368,matrixmul,medium,cold,200,2696.62,2695.04,1.58,508.16,2186.88,True,,0.0,0.37,4.07,503.71,508.16,1
369,fetchdata,small,cold,200,2131.54,2131.52,0.02,122.6,2008.93,True,122.56,0.0,0.02,0.0,,122.59,1
370,linpack,large,warm,200,225.01,224.99,0.02,8.07,216.92,False,,0.0,0.53,6.38,1.16,8.07,1
371,fetchdata,small,warm,200,89.08,89.06,0.02,81.5,7.55,False,81.47,0.0,0.03,0.0,,81.5,1
372,genmatrix,large,warm,200,65.33,47.87,17.46,1.18,46.69,False,,0.0,0.03,,1.14,1.18,1
373,linpack,small,warm,200,19.72,19.69,0.02,8.05,11.65,False,,0.0,0.52,6.35,1.17,8.04,1
374,linpack,small,warm,200,19.3,19.28,0.02,8.16,11.12,False,,0.0,0.53,6.47,1.15,8.16,1
375,genmatrix,large,warm,200,60.39,45.45,14.94,1.2,44.25,False,,0.0,0.03,,1.16,1.2,1
376,matrixmul,large,cold,200,1378.7,1376.69,2.01,4.95,1371.74,True,,0.0,0.36,3.99,0.59,4.95,1
377,genmatrix,small,warm,200,8.78,8.11,0.67,0.16,7.95,False,,0.0,0.03,,0.12,0.16,1
378,linpack,large,warm,200,19.37,19.34,0.02,8.02,11.33,False,,0.0,0.52,6.35,1.14,8.02,1
379,genmatrix,small,warm,200,9.29,8.68,0.61,0.16,8.52,False,,0.0,0.03,,0.12,0.15,1
380,matrixmul,medium,warm,200,552.29,550.05,2.24,534.49,15.55,False,,0.0,0.52,6.35,527.62,534.49,1
381,fastfouriertransform,medium,cold,200,2714.09,2714.08,0.01,602.21,2111.87,True,,0.0,3.92,0.0,598.27,602.21,1
382,genmatrix,large,warm,200,59.7,46.78,12.92,1.23,45.56,False,,0.0,0.04,,1.18,1.22,1
383,matrixmul,large,warm,200,29.71,27.58,2.13,8.72,18.86,False,,0.0,0.53,7.3,0.89,8.72,1
384,fetchdata,medium,cold,200,1486.22,1486.2,0.02,142.34,1343.86,True,142.29,0.0,0.03,0.0,,142.33,1
385,fetchdata,large,warm,200,81.93,81.91,0.02,75.86,6.05,False,75.83,0.0,0.02,0.0,,75.85,1
386,linpack,large,cold,200,2075.96,2075.94,0.02,5.21,2070.73,True,,0.0,0.36,4.02,0.83,5.21,1
387,genmatrix,large,warm,200,58.62,45.59,13.03,1.21,44.38,False,,0.0,0.03,,1.18,1.21,1
388,linpack,medium,warm,200,692.23,692.21,0.02,680.04,12.17,False,,0.0,0.54,6.33,673.17,680.04,1
389,matrixmul,medium,warm,200,578.8,576.72,2.08,560.53,16.19,False,,0.0,0.52,6.32,553.68,560.53,1
390,linpack,medium,warm,200,691.82,691.8,0.02,679.93,11.87,False,,0.0,0.55,6.32,673.06,679.93,1
391,genmatrix,small,warm,200,8.5,7.82,0.68,0.14,7.68,False,,0.0,0.03,,0.11,0.14,1
392,fastfouriertransform,medium,cold,200,2757.27,2757.25,0.02,628.17,2129.09,True,,0.0,3.92,0.0,624.24,628.16,1
393,matrixmul,small,warm,200,28.04,26.03,2.01,7.72,18.31,False,,0.0,0.52,6.33,0.87,7.72,1
394,matrixmul,large,warm,200,73.13,71.1,2.02,7.78,63.32,False,,0.0,0.53,6.37,0.88,7.78,1
395,linpack,large,warm,200,20.16,20.14,0.02,8.06,12.08,False,,0.0,0.6,6.33,1.13,8.06,1
396,matrixmul,medium,warm,200,565.72,563.48,2.24,547.24,16.24,False,,0.0,0.54,6.34,540.35,547.24,1
397,fastfouriertransform,medium,warm,200,699.45,699.43,0.02,664.81,34.62,False,,0.0,6.16,0.0,658.63,664.81,1
398,genmatrix,small,cold,200,1822.98,1822.15,0.83,7.47,1814.67,True,,0.0,0.04,,7.43,7.47,1
399,matrixmul,small,warm,200,29.04,27.01,2.03,7.73,19.28,False,,0.0,0.54,6.32,0.87,7.73,1
400,genmatrix,medium,warm,200,17.71,15.89,1.82,0.33,15.56,False,,0.0,0.04,,0.28,0.33,1
401,genmatrix,medium,warm,200,16.22,13.59,2.62,0.31,13.28,False,,0.0,0.03,,0.27,0.31,1
402,linpack,large,cold,200,2255.58,2255.57,0.01,5.16,2250.42,True,,0.0,0.36,3.98,0.81,5.15,1
403,genmatrix,large,warm,200,66.6,46.57,20.03,1.32,45.25,False,,0.0,0.03,,1.28,1.32,1
404,fastfouriertransform,large,cold,200,1872.21,1872.19,0.02,5.95,1866.24,True,,0.0,3.85,0.0,2.09,5.94,1
405,fetchdata,small,cold,200,2121.81,2121.79,0.02,127.67,1994.12,True,127.63,0.0,0.03,0.0,,127.67,1
406,fetchdata,large,warm,200,89.88,89.86,0.02,82.53,7.33,False,82.49,0.0,0.03,0.0,,82.53,1
407,matrixmul,medium,cold,200,2112.25,2110.06,2.19,506.48,1603.59,True,,0.0,0.35,3.98,502.13,506.47,1
408,linpack,small,warm,200,19.52,19.5,0.02,8.01,11.49,False,,0.0,0.52,6.33,1.15,8.01,1
409,matrixmul,large,warm,200,28.33,26.14,2.2,7.73,18.4,False,,0.0,0.55,6.31,0.87,7.73,1
410,matrixmul,medium,warm,200,769.77,767.24,2.53,545.89,221.35,False,,0.0,0.55,6.32,539.02,545.89,1
411,fastfouriertransform,small,cold,200,1410.19,1410.17,0.02,6.04,1404.13,True,,0.0,3.89,0.0,2.14,6.03,1
412,genmatrix,small,cold,200,1421.75,1421.11,0.64,6.26,1414.85,True,,0.0,0.02,,6.23,6.26,1
413,matrixmul,large,warm,200,178.48,175.87,2.61,7.76,168.12,False,,0.0,0.53,6.35,0.87,7.76,1
414,fetchdata,medium,cold,200,1530.27,1530.25,0.02,133.06,1397.2,True,133.02,0.0,0.03,0.0,,133.06,1
415,linpack,medium,cold,200,2445.96,2445.94,0.02,645.31,1800.63,True,,0.0,0.38,4.03,640.9,645.31,1
416,matrixmul,large,warm,200,118.77,116.37,2.4,7.74,108.63,False,,0.0,0.52,6.34,0.87,7.74,1
417,linpack,medium,warm,200,671.4,671.38,0.02,659.34,12.04,False,,0.0,0.59,6.34,652.41,659.34,1
418,matrixmul,large,warm,200,27.95,25.32,2.63,7.7,17.61,False,,0.0,0.51,6.32,0.87,7.7,1
419,linpack,medium,warm,200,730.14,730.13,0.02,680.43,49.69,False,,0.0,0.52,6.35,673.55,680.43,1
420,genmatrix,large,cold,200,1465.6,1450.35,15.26,8.83,1441.51,True,,0.0,0.02,,8.8,8.83,1
421,matrixmul,medium,warm,200,565.83,563.68,2.15,547.84,15.84,False,,0.0,0.55,6.34,540.94,547.84,1
422,genmatrix,medium,warm,200,16.22,13.99,2.22,0.31,13.69,False,,0.0,0.03,,0.27,0.3,1
423,fetchdata,small,cold,200,2133.36,2133.34,0.02,125.76,2007.58,True,125.73,0.0,0.02,0.0,,125.76,1
424,fetchdata,medium,warm,200,88.27,88.25,0.02,81.25,7.0,False,81.21,0.0,0.03,0.0,,81.25,1
425,fastfouriertransform,large,cold,200,1977.13,1977.11,0.02,6.05,1971.06,True,,0.0,3.89,0.0,2.14,6.04,1
426,linpack,large,cold,200,1869.12,1869.1,0.02,5.2,1863.9,True,,0.0,0.36,4.02,0.82,5.2,1
427,fetchdata,small,warm,200,134.87,134.85,0.02,128.3,6.55,False,128.26,0.0,0.03,0.0,,128.3,1
428,fetchdata,large,warm,200,90.06,90.03,0.02,83.28,6.75,False,83.24,0.0,0.03,0.0,,83.28,1
429,matrixmul,medium,cold,200,2272.5,2270.12,2.37,506.78,1763.35,True,,0.0,0.33,4.0,502.45,506.78,1
430,linpack,large,warm,200,16.91,16.89,0.02,5.13,11.76,False,,0.0,0.35,4.03,0.75,5.13,1
431,linpack,medium,warm,200,862.01,861.99,0.02,642.45,219.53,False,,0.0,0.35,3.98,638.11,642.45,1
432,fastfouriertransform,small,cold,200,1996.11,1996.09,0.02,6.02,1990.07,True,,0.0,3.87,0.0,2.15,6.02,1
433,genmatrix,small,cold,200,1377.68,1376.9,0.78,6.16,1370.74,True,,0.0,0.03,,6.13,6.16,1
434,genmatrix,small,warm,200,10.46,9.77,0.69,0.16,9.6,False,,0.0,0.04,,0.11,0.16,1
435,genmatrix,small,warm,200,8.71,8.02,0.69,0.15,7.87,False,,0.0,0.03,,0.12,0.15,1
436,linpack,small,warm,200,61.17,61.15,0.02,8.06,53.08,False,,0.0,0.53,6.39,1.15,8.06,1
437,genmatrix,small,warm,200,8.9,8.15,0.75,0.15,8.0,False,,0.0,0.03,,0.12,0.15,1
438,fastfouriertransform,large,warm,200,42.91,42.89,0.02,7.39,35.51,False,,0.0,6.21,0.0,1.17,7.39,1
439,genmatrix,large,warm,200,58.2,46.61,11.59,1.39,45.22,False,,0.0,0.03,,1.35,1.39,1
440,fetchdata,large,cold,200,2013.41,2013.39,0.02,126.93,1886.46,True,126.9,0.0,0.02,0.0,,126.93,1
441,matrixmul,small,cold,200,1295.34,1292.83,2.52,5.03,1287.8,True,,0.0,0.35,4.07,0.6,5.02,1
442,fastfouriertransform,large,warm,200,41.47,41.45,0.02,7.56,33.89,False,,0.0,6.24,0.0,1.31,7.56,1
443,genmatrix,medium,warm,200,15.71,13.27,2.44,0.29,12.98,False,,0.0,0.03,,0.26,0.29,1
444,matrixmul,medium,warm,200,550.04,548.03,2.01,532.05,15.99,False,,0.0,0.62,6.32,525.1,532.04,1
445,genmatrix,small,warm,200,8.3,7.67,0.63,0.15,7.51,False,,0.0,0.03,,0.12,0.15,1
446,fastfouriertransform,medium,warm,200,671.45,671.42,0.02,635.92,35.5,False,,0.0,6.09,0.0,629.82,635.92,1
447,matrixmul,small,warm,200,181.39,179.53,1.87,7.78,171.75,False,,0.0,0.53,6.37,0.87,7.78,1
448,fastfouriertransform,medium,warm,200,665.95,665.93,0.02,631.43,34.5,False,,0.0,6.07,0.0,625.35,631.43,1
449,matrixmul,small,warm,200,29.05,26.71,2.34,7.79,18.92,False,,0.0,0.57,6.33,0.88,7.79,1
450,linpack,large,cold,200,1261.92,1261.9,0.01,5.19,1256.71,True,,0.0,0.36,3.99,0.84,5.19,1
451,fastfouriertransform,small,warm,200,245.41,245.39,0.02,7.24,238.14,False,,0.0,6.09,0.0,1.15,7.24,1
452,fetchdata,large,cold,200,1888.51,1888.45,0.06,166.18,1722.27,True,166.15,0.0,0.02,0.0,,166.17,1
453,genmatrix,small,cold,200,1406.12,1405.37,0.75,6.64,1398.73,True,,0.0,0.03,,6.61,6.64,1
454,fetchdata,small,warm,200,113.36,113.35,0.02,106.66,6.69,False,106.62,0.0,0.03,0.0,,106.65,1
455,linpack,medium,warm,200,665.86,665.84,0.02,653.45,12.39,False,,0.0,0.36,3.98,649.12,653.45,1
456,linpack,large,warm,200,17.02,17.0,0.02,5.08,11.91,False,,0.0,0.35,4.0,0.73,5.08,1
457,linpack,small,warm,200,16.77,16.75,0.02,5.09,11.66,False,,0.0,0.35,3.97,0.76,5.08,1
458,linpack,medium,warm,200,692.23,692.21,0.02,680.29,11.93,False,,0.0,0.54,6.35,673.39,680.28,1
459,matrixmul,medium,cold,200,2000.86,1998.54,2.32,509.17,1489.37,True,,0.0,0.36,4.04,504.77,509.17,1
460,genmatrix,large,cold,200,1661.75,1632.04,29.7,8.79,1623.26,True,,0.0,0.02,,8.75,8.78,1
461,matrixmul,medium,warm,200,554.57,552.29,2.28,536.52,15.77,False,,0.0,0.54,6.27,529.7,536.52,1
462,linpack,large,warm,200,59.5,59.48,0.02,5.15,54.33,False,,0.0,0.36,4.01,0.77,5.15,1
463,fastfouriertransform,large,cold,200,1771.83,1771.81,0.02,6.02,1765.79,True,,0.0,3.88,0.0,2.13,6.01,1
464,fastfouriertransform,small,warm,200,42.37,42.35,0.02,7.13,35.22,False,,0.0,6.06,0.0,1.06,7.13,1
465,fetchdata,medium,cold,200,1600.98,1600.96,0.02,152.96,1448.0,True,152.93,0.0,0.02,0.0,,152.96,1
466,fastfouriertransform,small,warm,200,41.36,41.34,0.01,7.43,33.92,False,,0.0,6.17,0.01,1.24,7.42,1
467,fetchdata,small,warm,200,111.26,111.24,0.02,104.33,6.91,False,104.29,0.0,0.03,0.0,,104.33,1
468,linpack,small,warm,200,222.96,222.94,0.02,5.33,217.61,False,,0.0,0.37,4.13,0.82,5.33,1
469,fetchdata,small,warm,200,175.26,175.24,0.02,168.56,6.68,False,168.52,0.0,0.03,0.0,,168.56,1
470,matrixmul,medium,cold,200,1813.25,1811.15,2.1,512.76,1298.39,True,,0.0,0.35,4.02,508.37,512.75,1
471,linpack,medium,warm,200,699.61,699.6,0.02,686.71,12.89,False,,0.0,0.54,6.39,679.76,686.71,1
472,genmatrix,small,cold,200,1327.61,1327.12,0.5,6.13,1320.99,True,,0.0,0.03,,6.09,6.13,1
473,fetchdata,medium,warm,200,182.13,182.1,0.03,174.91,7.19,False,174.87,0.0,0.03,0.0,,174.91,1
474,genmatrix,large,warm,200,63.08,48.86,14.22,1.42,47.44,False,,0.0,0.04,,1.37,1.41,1
475,matrixmul,small,warm,200,28.84,26.73,2.11,7.71,19.02,False,,0.0,0.54,6.29,0.87,7.71,1
476,fetchdata,medium,warm,200,171.9,171.88,0.02,165.16,6.72,False,165.09,0.0,0.06,0.0,,165.16,1
477,linpack,large,warm,200,16.41,16.39,0.02,5.08,11.31,False,,0.0,0.34,3.98,0.75,5.08,1
478,fetchdata,medium,warm,200,168.24,168.22,0.02,161.64,6.58,False,161.59,0.0,0.03,0.0,,161.63,1
479,fastfouriertransform,large,cold,200,2047.15,2047.13,0.02,6.01,2041.12,True,,0.0,3.88,0.0,2.12,6.01,1
480,fetchdata,large,warm,200,106.36,106.34,0.02,99.78,6.56,False,99.74,0.0,0.03,0.0,,99.78,1
481,fetchdata,medium,warm,200,117.06,117.04,0.02,110.0,7.03,False,109.96,0.0,0.04,0.0,,110.0,1
482,fetchdata,small,warm,200,154.86,154.84,0.02,147.97,6.87,False,147.94,0.0,0.03,0.0,,147.97,1
483,fastfouriertransform,small,warm,200,41.92,41.91,0.01,7.25,34.66,False,,0.0,6.11,0.0,1.13,7.25,1
484,genmatrix,large,cold,200,2406.98,2395.18,11.8,10.06,2385.12,True,,0.0,0.03,,10.03,10.06,1
485,linpack,medium,cold,200,2207.27,2207.25,0.03,647.54,1559.71,True,,0.0,0.36,4.0,643.17,647.54,1
486,matrixmul,small,cold,200,2015.81,2013.77,2.04,4.96,2008.81,True,,0.0,0.34,4.01,0.6,4.96,1
487,matrixmul,large,warm,200,28.18,26.06,2.12,7.73,18.32,False,,0.0,0.52,6.33,0.87,7.73,1
488,genmatrix,large,warm,200,58.37,48.07,10.31,1.16,46.91,False,,0.0,0.03,,1.12,1.16,1
489,matrixmul,medium,warm,200,566.07,564.09,1.99,546.81,17.28,False,,0.0,0.52,6.34,539.93,546.8,1
490,linpack,large,warm,200,20.14,20.12,0.02,8.06,12.06,False,,0.0,0.59,6.3,1.16,8.06,1
491,matrixmul,medium,warm,200,570.32,568.72,1.6,545.1,23.62,False,,0.0,0.52,6.3,538.27,545.1,1
492,fastfouriertransform,large,cold,200,2033.97,2033.95,0.02,6.02,2027.93,True,,0.0,3.85,0.0,2.15,6.01,1
493,fastfouriertransform,medium,warm,200,635.57,635.56,0.02,601.45,34.11,False,,0.0,3.82,0.0,597.61,601.44,1
494,genmatrix,large,warm,200,54.88,46.19,8.69,1.23,44.96,False,,0.0,0.03,,1.19,1.23,1
495,genmatrix,small,warm,200,8.49,7.78,0.71,0.15,7.62,False,,0.0,0.03,,0.11,0.15,1
496,fastfouriertransform,small,warm,200,39.66,39.64,0.01,4.62,35.02,False,,0.0,3.85,0.0,0.76,4.61,1
497,linpack,large,cold,200,2065.88,2065.86,0.02,5.22,2060.64,True,,0.0,0.36,4.02,0.84,5.22,1
498,fastfouriertransform,large,warm,200,39.46,39.44,0.02,4.6,34.85,False,,0.0,3.84,0.0,0.75,4.59,1
499,genmatrix,large,warm,200,56.5,46.65,9.86,1.2,45.45,False,,0.0,0.03,,1.16,1.2,1
500,fastfouriertransform,small,warm,200,38.75,38.73,0.02,4.58,34.15,False,,0.0,3.82,0.0,0.75,4.58,1
501,matrixmul,large,cold,200,1755.94,1753.64,2.3,4.99,1748.65,True,,0.0,0.36,4.02,0.6,4.99,1
502,matrixmul,medium,warm,200,560.87,558.49,2.38,543.35,15.14,False,,0.0,0.59,6.35,536.4,543.34,1
503,fetchdata,large,cold,200,1782.42,1782.4,0.02,134.78,1647.62,True,134.75,0.0,0.03,0.0,,134.78,1
504,matrixmul,large,warm,200,234.19,231.92,2.27,7.82,224.1,False,,0.0,0.61,6.34,0.87,7.82,1
505,matrixmul,small,warm,200,27.78,25.89,1.89,7.72,18.17,False,,0.0,0.52,6.32,0.88,7.72,1
506,matrixmul,medium,warm,200,666.1,562.49,103.62,546.47,16.02,False,,0.0,0.52,6.3,539.64,546.47,1
507,matrixmul,medium,warm,200,552.13,550.1,2.03,534.24,15.86,False,,0.0,0.54,6.5,527.19,534.24,1
508,genmatrix,large,cold,200,1469.08,1456.01,13.08,10.79,1445.22,True,,0.0,0.03,,10.75,10.78,1
509,fastfouriertransform,small,cold,200,2078.09,2078.07,0.03,6.02,2072.04,True,,0.0,3.88,0.0,2.14,6.02,1
510,genmatrix,medium,warm,200,220.18,13.53,206.65,0.29,13.24,False,,0.0,0.03,,0.25,0.29,1
511,matrixmul,medium,warm,200,565.38,563.5,1.88,548.12,15.38,False,,0.0,0.52,6.31,541.28,548.12,1
512,matrixmul,large,warm,200,116.35,114.3,2.05,7.78,106.53,False,,0.0,0.56,6.34,0.87,7.77,1
513,fastfouriertransform,medium,warm,200,655.55,655.53,0.02,620.39,35.14,False,,0.0,6.12,0.0,614.26,620.39,1
514,fastfouriertransform,medium,warm,200,677.38,677.36,0.02,642.38,34.98,False,,0.0,6.17,0.0,636.2,642.38,1
515,genmatrix,medium,warm,200,15.45,13.61,1.85,0.29,13.32,False,,0.0,0.03,,0.25,0.29,1
516,fastfouriertransform,medium,warm,200,672.22,672.2,0.02,638.02,34.19,False,,0.0,6.06,0.0,631.95,638.01,1
517,linpack,small,cold,200,1423.82,1423.8,0.02,5.25,1418.55,True,,0.0,0.38,4.03,0.84,5.24,1
518,linpack,medium,warm,200,660.88,660.86,0.02,648.18,12.69,False,,0.0,0.35,3.99,643.83,648.17,1
519,matrixmul,small,cold,200,1278.87,1277.05,1.83,4.99,1272.06,True,,0.0,0.36,4.01,0.61,4.99,1
520,fetchdata,large,cold,200,1830.45,1830.44,0.01,126.58,1703.86,True,126.53,0.0,0.03,0.0,,126.58,1
521,genmatrix,large,warm,200,58.26,45.87,12.38,1.16,44.71,False,,0.0,0.03,,1.12,1.16,1
522,matrixmul,large,warm,200,28.99,26.97,2.02,7.72,19.25,False,,0.0,0.55,6.3,0.87,7.72,1
523,matrixmul,small,warm,200,28.52,27.37,1.14,7.73,19.64,False,,0.0,0.55,6.31,0.87,7.73,1
524,fetchdata,medium,warm,200,134.73,134.71,0.02,127.54,7.17,False,127.49,0.0,0.03,0.0,,127.53,1
525,linpack,small,cold,200,1805.94,1805.92,0.02,5.18,1800.75,True,,0.0,0.35,4.01,0.81,5.17,1
526,genmatrix,medium,warm,200,16.03,13.7,2.33,0.3,13.4,False,,0.0,0.04,,0.26,0.3,1
527,matrixmul,small,warm,200,28.69,27.18,1.51,7.73,19.45,False,,0.0,0.52,6.33,0.87,7.73,1
528,fastfouriertransform,large,cold,200,1605.42,1605.4,0.02,6.7,1598.7,True,,0.0,3.99,0.0,2.7,6.7,1
529,linpack,small,warm,200,20.18,20.16,0.02,8.11,12.05,False,,0.0,0.52,6.41,1.18,8.11,1
530,fetchdata,medium,warm,200,135.69,135.67,0.02,129.08,6.59,False,129.04,0.0,0.03,0.0,,129.07,1
531,linpack,small,warm,200,20.1,20.08,0.02,8.05,12.03,False,,0.0,0.53,6.35,1.16,8.05,1
532,linpack,medium,warm,200,678.47,678.45,0.02,666.79,11.66,False,,0.0,0.53,6.33,659.92,666.79,1
533,fastfouriertransform,small,warm,200,246.78,246.76,0.02,4.85,241.91,False,,0.0,4.01,0.0,0.83,4.84,1
534,fastfouriertransform,medium,warm,200,671.57,671.55,0.02,637.28,34.27,False,,0.0,6.33,0.0,630.94,637.28,1
535,fastfouriertransform,large,warm,200,38.82,38.8,0.02,4.72,34.08,False,,0.0,3.94,0.0,0.77,4.72,1
536,fetchdata,medium,warm,200,135.39,135.38,0.02,128.81,6.57,False,128.76,0.0,0.03,0.0,,128.8,1
537,genmatrix,large,cold,200,2211.82,2199.83,11.99,9.04,2190.8,True,,0.0,0.02,,9.0,9.04,1
538,genmatrix,medium,warm,200,15.32,13.31,2.01,0.29,13.02,False,,0.0,0.03,,0.25,0.29,1
539,matrixmul,medium,cold,200,2505.75,2503.64,2.11,505.71,1997.93,True,,0.0,0.34,4.0,501.36,505.7,1
540,fetchdata,medium,warm,200,134.49,134.47,0.02,128.18,6.29,False,128.14,0.0,0.03,0.0,,128.18,1
541,linpack,small,cold,200,1872.33,1872.31,0.02,5.24,1867.07,True,,0.0,0.35,4.02,0.86,5.24,1
542,matrixmul,small,warm,200,27.65,25.54,2.11,7.72,17.83,False,,0.0,0.52,6.32,0.87,7.72,1
543,linpack,large,warm,200,19.79,19.77,0.02,8.05,11.72,False,,0.0,0.53,6.36,1.16,8.05,1
544,fetchdata,small,warm,200,135.0,134.98,0.02,128.33,6.66,False,128.29,0.0,0.03,0.0,,128.32,1
545,genmatrix,medium,cold,200,1640.39,1637.53,2.86,7.87,1629.66,True,,0.0,0.03,,7.83,7.87,1
546,genmatrix,large,warm,200,56.87,34.42,22.45,0.87,33.55,False,,0.0,0.03,,0.84,0.87,1
547,genmatrix,small,warm,200,7.78,7.0,0.78,0.12,6.88,False,,0.0,0.03,,0.09,0.12,1
548,genmatrix,large,warm,200,49.16,32.04,17.13,0.78,31.25,False,,0.0,0.03,,0.75,0.78,1
549,genmatrix,large,warm,200,46.11,30.9,15.22,0.8,30.1,False,,0.0,0.02,,0.77,0.8,1
550,linpack,large,cold,200,1747.32,1747.3,0.02,5.18,1742.12,True,,0.0,0.34,4.02,0.81,5.18,1
551,matrixmul,small,cold,200,1369.62,1366.76,2.85,4.96,1361.8,True,,0.0,0.34,4.02,0.6,4.96,1
552,matrixmul,large,warm,200,27.91,25.94,1.97,7.82,18.11,False,,0.0,0.59,6.37,0.86,7.82,1
553,matrixmul,medium,warm,200,565.13,562.69,2.44,546.76,15.93,False,,0.0,0.52,6.37,539.85,546.75,1
554,genmatrix,large,warm,200,48.97,31.1,17.87,0.84,30.26,False,,0.0,0.03,,0.81,0.84,1
555,linpack,medium,warm,200,676.68,676.65,0.02,664.62,12.03,False,,0.0,0.54,6.32,657.76,664.62,1
556,matrixmul,medium,warm,200,547.61,545.41,2.19,529.78,15.64,False,,0.0,0.53,6.44,522.8,529.77,1
557,fetchdata,large,cold,200,2526.31,2526.29,0.02,124.57,2401.72,True,124.53,0.0,0.03,0.0,,124.57,1
558,fetchdata,large,warm,200,89.33,89.31,0.02,82.35,6.96,False,82.31,0.0,0.03,0.0,,82.35,1
559,matrixmul,small,warm,200,28.2,26.02,2.17,7.99,18.03,False,,0.0,0.53,6.44,1.01,7.99,1
560,matrixmul,small,warm,200,233.04,230.99,2.05,7.81,223.18,False,,0.0,0.56,6.36,0.88,7.81,1
561,genmatrix,large,cold,200,1870.49,1848.44,22.05,8.99,1839.45,True,,0.0,0.03,,8.95,8.98,1
562,matrixmul,large,warm,200,28.35,26.54,1.81,7.78,18.76,False,,0.0,0.53,6.37,0.87,7.78,1
563,matrixmul,medium,warm,200,581.35,579.41,1.93,543.27,36.14,False,,0.0,0.53,7.02,535.72,543.27,1
564,fetchdata,medium,warm,200,135.42,135.4,0.02,128.81,6.6,False,128.77,0.0,0.03,0.0,,128.8,1
565,fastfouriertransform,small,cold,200,1597.37,1597.35,0.02,5.97,1591.38,True,,0.0,3.87,0.0,2.09,5.97,1
566,linpack,large,cold,200,1540.35,1540.33,0.02,5.21,1535.11,True,,0.0,0.37,4.01,0.84,5.21,1
567,genmatrix,small,warm,200,8.72,8.02,0.7,0.15,7.87,False,,0.0,0.03,,0.12,0.15,1
568,matrixmul,small,warm,200,27.76,25.87,1.89,7.77,18.1,False,,0.0,0.52,6.37,0.87,7.77,1
569,linpack,medium,warm,200,657.67,657.65,0.02,645.82,11.84,False,,0.0,0.36,3.97,641.48,645.81,1
570,fastfouriertransform,large,warm,200,42.62,42.6,0.01,7.27,35.34,False,,0.0,6.12,0.0,1.13,7.26,1
571,fetchdata,medium,cold,200,2050.26,2050.24,0.02,125.87,1924.36,True,125.84,0.0,0.02,0.0,,125.87,1
572,fetchdata,small,warm,200,90.2,90.18,0.02,83.37,6.81,False,83.33,0.0,0.03,0.0,,83.37,1
573,matrixmul,medium,warm,200,563.81,561.84,1.97,548.76,13.08,False,,0.0,0.53,6.4,541.81,548.76,1
574,genmatrix,large,cold,200,1405.85,1394.41,11.44,8.91,1385.51,True,,0.0,0.03,,8.87,8.9,1
575,matrixmul,large,warm,200,28.66,26.76,1.91,7.78,18.98,False,,0.0,0.53,6.37,0.87,7.78,1
576,fastfouriertransform,medium,warm,200,708.36,708.34,0.02,672.85,35.48,False,,0.0,6.12,0.0,666.73,672.85,1
577,linpack,medium,cold,200,1897.44,1897.42,0.02,643.54,1253.88,True,,0.0,0.37,3.99,639.17,643.54,1
578,genmatrix,large,warm,200,55.37,43.98,11.38,1.06,42.92,False,,0.0,0.03,,1.03,1.06,1
579,matrixmul,large,warm,200,28.67,26.23,2.44,7.76,18.47,False,,0.0,0.52,6.36,0.88,7.76,1
580,fastfouriertransform,large,warm,200,41.54,41.53,0.01,7.4,34.13,False,,0.0,6.19,0.0,1.19,7.39,1
581,fastfouriertransform,small,warm,200,41.63,41.61,0.01,7.24,34.37,False,,0.0,6.09,0.0,1.14,7.24,1
582,genmatrix,small,warm,200,8.62,7.98,0.64,0.15,7.83,False,,0.0,0.03,,0.12,0.15,1
583,fastfouriertransform,medium,warm,200,676.19,676.17,0.02,640.95,35.22,False,,0.0,6.1,0.0,634.84,640.95,1
584,fastfouriertransform,large,warm,200,41.45,41.44,0.02,6.91,34.52,False,,0.0,5.79,0.0,1.11,6.91,1
585,fastfouriertransform,medium,warm,200,676.1,676.08,0.02,640.97,35.11,False,,0.0,6.12,0.0,634.84,640.97,1
586,fetchdata,large,cold,200,1892.02,1892.0,0.02,136.82,1755.18,True,136.79,0.0,0.03,0.0,,136.82,1
587,genmatrix,small,warm,200,8.67,7.99,0.68,0.15,7.84,False,,0.0,0.03,,0.11,0.15,1
588,fastfouriertransform,medium,warm,200,671.92,671.89,0.03,637.37,34.52,False,,0.0,6.08,0.0,631.28,637.37,1
589,fastfouriertransform,medium,warm,200,667.5,667.48,0.02,632.0,35.48,False,,0.0,6.07,0.0,625.93,632.0,1
590,genmatrix,medium,warm,200,15.55,13.45,2.1,0.3,13.15,False,,0.0,0.03,,0.26,0.3,1
591,matrixmul,small,cold,200,1871.29,1868.19,3.09,5.0,1863.19,True,,0.0,0.36,4.04,0.6,5.0,1
592,fetchdata,large,warm,200,133.09,133.08,0.01,126.9,6.18,False,126.87,0.0,0.03,0.0,,126.9,1
593,matrixmul,large,warm,200,231.84,26.2,205.64,7.84,18.36,False,,0.0,0.52,6.45,0.86,7.84,1
594,fetchdata,small,warm,200,132.35,132.33,0.02,125.65,6.68,False,125.61,0.0,0.03,0.0,,125.64,1
595,fetchdata,small,warm,200,88.36,88.34,0.02,82.06,6.28,False,82.03,0.0,0.03,0.0,,82.06,1
596,linpack,medium,cold,200,2100.26,2100.24,0.02,645.5,1454.74,True,,0.0,0.34,4.02,641.13,645.5,1
597,linpack,large,warm,200,19.57,19.55,0.02,7.99,11.56,False,,0.0,0.52,6.32,1.14,7.99,1
598,fetchdata,medium,warm,200,130.49,130.48,0.01,124.76,5.72,False,124.73,0.0,0.03,0.0,,124.76,1
599,linpack,small,warm,200,20.04,20.02,0.02,8.05,11.97,False,,0.0,0.53,6.38,1.13,8.05,1
600,fetchdata,medium,warm,200,139.36,139.34,0.02,132.91,6.43,False,132.88,0.0,0.03,0.0,,132.91,1
601,genmatrix,medium,cold,200,1652.69,1649.3,3.39,6.28,1643.02,True,,0.0,0.03,,6.25,6.28,1
602,genmatrix,large,warm,200,62.5,49.2,13.3,1.27,47.93,False,,0.0,0.04,,1.23,1.27,1
603,fastfouriertransform,medium,cold,200,2677.95,2677.93,0.02,616.38,2061.55,True,,0.0,3.86,0.0,612.5,616.37,1
604,genmatrix,large,warm,200,58.27,46.31,11.96,1.14,45.17,False,,0.0,0.03,,1.1,1.14,1
605,linpack,small,warm,200,20.3,20.28,0.02,8.13,12.15,False,,0.0,0.52,6.45,1.15,8.13,1
606,fastfouriertransform,medium,warm,200,662.09,662.07,0.02,627.7,34.37,False,,0.0,6.11,0.0,621.58,627.7,1
607,genmatrix,large,warm,200,215.91,46.21,169.7,1.2,45.01,False,,0.0,0.03,,1.16,1.2,1
608,genmatrix,large,warm,200,56.87,45.18,11.69,1.24,43.94,False,,0.0,0.03,,1.2,1.24,1
609,matrixmul,large,cold,200,2026.08,2023.73,2.34,4.96,2018.77,True,,0.0,0.35,4.0,0.6,4.96,1
610,genmatrix,medium,warm,200,15.64,13.71,1.93,0.3,13.41,False,,0.0,0.03,,0.26,0.29,1
611,genmatrix,small,warm,200,8.41,7.8,0.6,0.15,7.66,False,,0.0,0.03,,0.11,0.15,1
612,matrixmul,medium,warm,200,768.05,765.9,2.15,544.23,221.67,False,,0.0,0.59,6.36,537.28,544.23,1
613,fastfouriertransform,small,cold,200,2070.62,2070.6,0.02,7.17,2063.42,True,,0.0,4.11,0.01,3.05,7.17,1
614,matrixmul,large,warm,200,27.87,26.28,1.59,7.8,18.48,False,,0.0,0.6,6.33,0.86,7.8,1
615,genmatrix,large,warm,200,59.3,48.35,10.95,1.23,47.13,False,,0.0,0.04,,1.18,1.22,1
616,genmatrix,large,warm,200,55.97,44.84,11.13,1.3,43.54,False,,0.0,0.04,,1.21,1.3,1
617,genmatrix,small,warm,200,7.98,7.35,0.63,0.14,7.21,False,,0.0,0.02,,0.11,0.14,1
618,matrixmul,medium,warm,200,577.0,575.11,1.88,559.61,15.51,False,,0.0,0.52,6.31,552.76,559.61,1
619,fastfouriertransform,large,warm,200,39.02,39.0,0.02,4.76,34.24,False,,0.0,3.99,0.0,0.77,4.76,1
620,fastfouriertransform,large,warm,200,41.09,41.08,0.01,7.56,33.52,False,,0.0,6.39,0.0,1.16,7.56,1
621,matrixmul,medium,warm,200,579.33,577.13,2.2,561.08,16.04,False,,0.0,0.57,6.33,554.17,561.08,1
622,fetchdata,large,cold,200,1550.43,1550.41,0.02,123.54,1426.88,True,123.5,0.0,0.02,0.0,,123.53,1
623,genmatrix,small,warm,200,8.68,8.04,0.63,0.14,7.91,False,,0.0,0.03,,0.11,0.14,1
624,fetchdata,large,warm,200,88.39,88.37,0.02,81.45,6.92,False,81.41,0.0,0.03,0.0,,81.45,1
625,genmatrix,large,warm,200,58.2,46.55,11.65,1.17,45.39,False,,0.0,0.03,,1.13,1.16,1
626,fetchdata,large,warm,200,132.88,132.86,0.02,126.04,6.82,False,126.0,0.0,0.03,0.0,,126.04,1
627,fastfouriertransform,large,cold,200,1881.0,1880.98,0.02,6.01,1874.98,True,,0.0,3.87,0.0,2.13,6.01,1
628,fastfouriertransform,medium,warm,200,700.14,700.12,0.02,666.83,33.29,False,,0.0,6.11,0.0,660.7,666.83,1
629,matrixmul,small,cold,200,1393.17,1391.36,1.81,4.93,1386.43,True,,0.0,0.35,3.98,0.6,4.93,1
630,linpack,medium,cold,200,1975.58,1975.53,0.06,646.41,1329.12,True,,0.0,0.38,4.03,642.0,646.41,1
631,fetchdata,small,warm,200,136.36,136.34,0.02,129.31,7.02,False,129.27,0.0,0.03,0.0,,129.31,1
632,genmatrix,medium,cold,200,1366.7,1364.18,2.52,6.35,1357.82,True,,0.0,0.03,,6.32,6.35,1
633,matrixmul,small,warm,200,30.37,28.41,1.96,8.9,19.51,False,,0.0,0.55,7.44,0.9,8.9,1
634,fetchdata,small,warm,200,88.26,88.24,0.02,81.82,6.43,False,81.78,0.0,0.03,0.0,,81.81,1
635,linpack,medium,warm,200,654.51,654.45,0.06,642.85,11.6,False,,0.0,0.34,3.96,638.55,642.85,1
636,linpack,large,warm,200,16.33,16.31,0.02,5.08,11.22,False,,0.0,0.35,3.98,0.76,5.08,1
637,genmatrix,small,warm,200,10.63,10.09,0.54,0.19,9.9,False,,0.0,0.07,,0.12,0.19,1
638,genmatrix,medium,warm,200,16.03,13.51,2.53,0.31,13.2,False,,0.0,0.03,,0.27,0.31,1
639,genmatrix,large,warm,200,55.48,47.45,8.04,1.31,46.13,False,,0.0,0.03,,1.28,1.31,1
640,genmatrix,small,warm,200,8.41,7.48,0.93,0.16,7.32,False,,0.0,0.03,,0.12,0.16,1
641,matrixmul,small,cold,200,1552.57,1550.16,2.4,5.25,1544.91,True,,0.0,0.35,4.27,0.62,5.24,1
642,fetchdata,small,cold,200,1448.32,1448.3,0.02,140.04,1308.25,True,140.01,0.0,0.03,0.0,,140.04,1
643,matrixmul,large,warm,200,29.36,27.28,2.07,7.83,19.45,False,,0.0,0.58,6.37,0.88,7.83,1
644,genmatrix,small,warm,200,8.74,8.07,0.67,0.15,7.92,False,,0.0,0.03,,0.12,0.15,1
645,matrixmul,small,warm,200,29.4,27.26,2.14,7.91,19.35,False,,0.0,0.53,6.51,0.86,7.91,1
646,genmatrix,large,warm,200,54.15,45.19,8.96,1.15,44.05,False,,0.0,0.03,,1.11,1.14,1
647,fastfouriertransform,medium,cold,200,2088.16,2088.14,0.02,633.68,1454.45,True,,0.0,3.94,0.0,629.73,633.68,1
648,genmatrix,large,warm,200,139.07,46.71,92.36,1.19,45.53,False,,0.0,0.04,,1.14,1.19,1
649,genmatrix,large,warm,200,56.01,46.5,9.51,1.22,45.28,False,,0.0,0.03,,1.19,1.22,1
650,matrixmul,large,warm,200,30.23,28.36,1.87,7.86,20.5,False,,0.0,0.52,6.46,0.88,7.86,1
651,genmatrix,small,warm,200,8.38,7.91,0.47,0.14,7.77,False,,0.0,0.03,,0.11,0.14,1
652,fetchdata,medium,cold,200,1754.22,1754.19,0.03,121.71,1632.49,True,121.68,0.0,0.02,0.0,,121.7,1
653,fastfouriertransform,large,warm,200,39.7,39.69,0.01,4.8,34.89,False,,0.0,3.94,0.0,0.85,4.8,1
654,linpack,medium,cold,200,1901.23,1901.21,0.02,645.2,1256.02,True,,0.0,0.34,4.01,640.84,645.19,1
655,linpack,small,warm,200,20.06,20.04,0.02,8.03,12.01,False,,0.0,0.54,6.33,1.15,8.03,1
656,fastfouriertransform,large,warm,200,42.46,42.45,0.02,7.41,35.04,False,,0.0,6.23,0.0,1.17,7.41,1
657,matrixmul,large,cold,200,1554.33,1552.5,1.83,4.94,1547.56,True,,0.0,0.35,3.99,0.6,4.94,1
658,genmatrix,large,cold,200,1438.16,1428.1,10.06,8.77,1419.33,True,,0.0,0.02,,8.74,8.77,1
659,matrixmul,small,warm,200,29.29,27.32,1.97,7.81,19.52,False,,0.0,0.59,6.35,0.87,7.8,1
660,fetchdata,small,cold,200,1600.2,1600.18,0.02,128.45,1471.73,True,128.41,0.0,0.03,0.0,,128.45,1
661,fastfouriertransform,medium,warm,200,713.04,713.02,0.02,679.9,33.12,False,,0.0,3.87,0.0,676.02,679.9,1
662,matrixmul,small,warm,200,27.9,26.17,1.73,7.73,18.44,False,,0.0,0.53,6.32,0.86,7.73,1
663,fastfouriertransform,small,warm,200,42.62,42.6,0.02,7.37,35.23,False,,0.0,6.12,0.0,1.24,7.37,1
664,linpack,small,cold,200,1386.95,1386.93,0.02,5.18,1381.75,True,,0.0,0.35,4.0,0.83,5.17,1
665,matrixmul,medium,warm,200,553.71,551.98,1.73,535.07,16.91,False,,0.0,0.52,6.34,528.21,535.07,1
666,genmatrix,large,cold,200,1373.98,1365.39,8.59,8.41,1356.98,True,,0.0,0.02,,8.38,8.41,1
667,linpack,medium,warm,200,691.77,691.75,0.02,680.4,11.35,False,,0.0,0.54,6.33,673.53,680.39,1
668,linpack,large,warm,200,18.83,18.81,0.02,8.0,10.82,False,,0.0,0.53,6.32,1.13,7.99,1
669,fetchdata,medium,cold,200,1762.98,1762.96,0.02,133.36,1629.59,True,133.33,0.0,0.02,0.0,,133.36,1
670,fastfouriertransform,medium,cold,200,2039.38,2039.36,0.02,601.36,1438.0,True,,0.0,3.85,0.0,597.5,601.36,1
671,linpack,medium,warm,200,690.62,690.56,0.06,679.11,11.44,False,,0.0,0.53,6.36,672.21,679.11,1
672,genmatrix,small,warm,200,8.62,8.01,0.61,0.15,7.86,False,,0.0,0.03,,0.12,0.15,1
673,genmatrix,small,warm,200,8.5,7.87,0.63,0.15,7.72,False,,0.0,0.03,,0.12,0.15,1
674,matrixmul,medium,cold,200,1834.71,1833.22,1.49,520.18,1313.04,True,,0.0,0.37,4.04,515.76,520.17,1
675,fetchdata,medium,warm,200,143.69,143.67,0.02,137.3,6.36,False,137.26,0.0,0.03,0.0,,137.3,1
676,fastfouriertransform,large,warm,200,42.59,42.58,0.01,7.45,35.13,False,,0.0,6.22,0.01,1.22,7.45,1
677,genmatrix,large,warm,200,54.07,45.43,8.64,1.14,44.29,False,,0.0,0.03,,1.1,1.14,1
678,genmatrix,small,warm,200,8.41,7.83,0.58,0.15,7.67,False,,0.0,0.03,,0.12,0.15,1
679,matrixmul,medium,warm,200,728.56,726.44,2.12,523.48,202.96,False,,0.0,0.35,4.0,519.11,523.48,1
680,fetchdata,small,warm,200,146.31,146.29,0.02,139.55,6.74,False,139.51,0.0,0.03,0.0,,139.55,1
681,matrixmul,small,warm,200,21.24,18.92,2.31,4.92,14.0,False,,0.0,0.35,3.99,0.58,4.92,1
682,fetchdata,large,warm,200,135.3,135.28,0.02,128.56,6.72,False,128.52,0.0,0.03,0.0,,128.56,1
683,linpack,small,cold,200,1898.18,1898.16,0.02,5.22,1892.94,True,,0.0,0.37,4.03,0.83,5.22,1
684,fastfouriertransform,medium,cold,200,2268.11,2268.09,0.02,601.05,1667.04,True,,0.0,3.87,0.0,597.17,601.05,1
685,fetchdata,small,warm,200,140.48,140.46,0.02,133.61,6.85,False,133.56,0.0,0.03,0.0,,133.6,1
686,linpack,small,warm,200,20.06,20.04,0.02,8.05,11.99,False,,0.0,0.56,6.34,1.14,8.05,1
687,fastfouriertransform,large,warm,200,24.6,24.59,0.01,7.22,17.37,False,,0.0,6.08,0.0,1.13,7.22,1
688,fetchdata,large,warm,200,147.86,147.86,0.01,141.62,6.24,False,141.58,0.0,0.03,0.0,,141.62,1
689,fetchdata,small,warm,200,137.5,137.47,0.03,130.32,7.15,False,130.28,0.0,0.03,0.0,,130.32,1
690,genmatrix,small,cold,200,1899.65,1899.16,0.49,6.89,1892.27,True,,0.0,0.03,,6.86,6.89,1
691,linpack,small,warm,200,19.41,19.39,0.02,8.06,11.33,False,,0.0,0.52,6.36,1.17,8.06,1
692,genmatrix,small,warm,200,11.02,10.46,0.55,0.16,10.3,False,,0.0,0.04,,0.12,0.16,1
693,fetchdata,large,warm,200,143.77,143.75,0.02,137.96,5.79,False,137.91,0.0,0.04,0.0,,137.95,1
694,genmatrix,small,warm,200,8.63,8.08,0.55,0.16,7.92,False,,0.0,0.03,,0.12,0.16,1
695,fastfouriertransform,large,cold,200,1742.72,1742.69,0.02,6.38,1736.32,True,,0.0,3.95,0.01,2.42,6.38,1
696,fastfouriertransform,small,warm,200,39.86,39.84,0.02,7.27,32.57,False,,0.0,6.11,0.0,1.15,7.27,1
697,fastfouriertransform,medium,warm,200,650.16,650.14,0.02,616.44,33.7,False,,0.0,3.84,0.0,612.59,616.44,1
698,fetchdata,large,warm,200,144.18,144.16,0.02,137.29,6.87,False,137.26,0.0,0.03,0.0,,137.29,1
699,genmatrix,small,warm,200,7.64,6.98,0.66,0.16,6.82,False,,0.0,0.03,,0.12,0.16,1
700,fetchdata,medium,warm,200,90.21,90.19,0.02,83.85,6.33,False,83.82,0.0,0.02,0.0,,83.85,1
701,fastfouriertransform,small,warm,200,42.5,42.49,0.01,7.38,35.11,False,,0.0,6.16,0.0,1.21,7.38,1
702,matrixmul,large,cold,200,2052.95,2050.43,2.52,4.94,2045.49,True,,0.0,0.35,3.99,0.6,4.94,1
703,fastfouriertransform,large,warm,200,38.27,38.25,0.02,4.58,33.68,False,,0.0,3.83,0.0,0.74,4.57,1
704,fastfouriertransform,medium,warm,200,632.74,632.72,0.02,599.77,32.94,False,,0.0,3.82,0.0,595.94,599.77,1
705,matrixmul,medium,warm,200,858.56,767.32,91.24,548.7,218.61,False,,0.0,0.59,6.36,541.74,548.7,1
706,linpack,large,cold,200,2000.74,2000.72,0.02,5.24,1995.48,True,,0.0,0.37,4.03,0.83,5.24,1
707,fastfouriertransform,medium,warm,200,657.64,657.62,0.02,623.58,34.04,False,,0.0,6.13,0.0,617.44,623.58,1
708,linpack,small,warm,200,19.62,19.59,0.02,8.05,11.55,False,,0.0,0.54,6.35,1.15,8.05,1
709,linpack,small,warm,200,19.79,19.77,0.02,7.97,11.79,False,,0.0,0.53,6.31,1.13,7.97,1
710,linpack,medium,warm,200,694.94,694.92,0.02,683.25,11.68,False,,0.0,0.52,6.39,676.33,683.24,1
711,matrixmul,large,warm,200,28.27,26.19,2.08,7.75,18.43,False,,0.0,0.53,6.35,0.87,7.75,1
712,fastfouriertransform,small,warm,200,38.44,38.42,0.02,4.61,33.81,False,,0.0,3.85,0.0,0.76,4.61,1
713,matrixmul,medium,warm,200,567.57,565.29,2.28,548.69,16.59,False,,0.0,0.52,6.34,541.83,548.69,1
714,matrixmul,large,warm,200,29.1,27.07,2.02,7.79,19.29,False,,0.0,0.53,6.38,0.88,7.79,1
715,fastfouriertransform,medium,warm,200,670.58,670.55,0.02,635.53,35.03,False,,0.0,6.08,0.0,629.44,635.53,1
716,matrixmul,small,warm,200,28.51,26.39,2.12,7.87,18.52,False,,0.0,0.53,6.44,0.9,7.87,1
717,fastfouriertransform,medium,warm,200,680.08,680.02,0.06,647.72,32.3,False,,0.0,6.13,0.0,641.58,647.72,1
718,linpack,small,cold,200,1424.89,1424.87,0.02,5.26,1419.61,True,,0.0,0.36,4.05,0.84,5.26,1
719,fastfouriertransform,small,warm,200,39.08,39.07,0.02,4.67,34.4,False,,0.0,3.85,0.0,0.82,4.67,1
720,genmatrix,large,cold,200,1424.66,1416.37,8.28,9.73,1406.65,True,,0.0,0.03,,9.69,9.73,1
721,linpack,large,warm,200,20.39,20.38,0.02,8.01,12.37,False,,0.0,0.52,6.33,1.15,8.01,1
722,genmatrix,medium,warm,200,220.7,13.22,207.48,0.29,12.92,False,,0.0,0.03,,0.26,0.29,1
723,linpack,large,warm,200,18.66,18.65,0.01,8.06,10.59,False,,0.0,0.54,6.36,1.15,8.06,1
724,genmatrix,medium,warm,200,16.47,13.83,2.64,0.29,13.54,False,,0.0,0.03,,0.26,0.29,1
725,linpack,large,warm,200,20.05,20.02,0.03,8.04,11.98,False,,0.0,0.52,6.35,1.17,8.04,1
726,matrixmul,small,cold,200,1935.84,1933.26,2.57,4.98,1928.28,True,,0.0,0.36,4.01,0.61,4.98,1
727,fastfouriertransform,large,cold,200,1588.84,1588.82,0.02,6.92,1581.91,True,,0.0,4.27,0.01,2.63,6.91,1
728,linpack,large,warm,200,20.1,20.08,0.02,8.11,11.97,False,,0.0,0.54,6.42,1.15,8.11,1
729,fetchdata,medium,cold,200,1822.34,1822.32,0.02,135.1,1687.22,True,135.07,0.0,0.02,0.0,,135.1,1
730,matrixmul,small,warm,200,29.3,27.34,1.96,7.85,19.5,False,,0.0,0.6,6.36,0.88,7.85,1
731,matrixmul,medium,warm,200,717.41,715.22,2.2,578.65,136.56,False,,0.0,0.54,6.35,571.75,578.65,1
732,matrixmul,medium,warm,200,560.32,558.23,2.1,541.56,16.67,False,,0.0,0.53,6.33,534.69,541.56,1
733,matrixmul,large,warm,200,235.37,233.41,1.96,7.74,225.68,False,,0.0,0.53,6.32,0.88,7.74,1
734,fastfouriertransform,medium,cold,200,2529.19,2529.17,0.02,604.1,1925.07,True,,0.0,3.85,0.0,600.24,604.09,1
735,matrixmul,medium,warm,200,634.21,632.15,2.07,531.12,101.02,False,,0.0,0.53,6.35,524.23,531.12,1
736,genmatrix,medium,cold,200,1410.94,1408.34,2.6,6.34,1402.0,True,,0.0,0.03,,6.31,6.34,1
737,fetchdata,large,cold,200,1529.62,1529.6,0.02,142.27,1387.34,True,142.23,0.0,0.02,0.0,,142.26,1
738,matrixmul,small,warm,200,29.21,26.95,2.27,7.79,19.15,False,,0.0,0.53,6.34,0.91,7.79,1
739,fastfouriertransform,small,warm,200,41.21,41.19,0.02,7.21,33.98,False,,0.0,6.07,0.0,1.13,7.2,1
740,fastfouriertransform,medium,warm,200,701.19,701.17,0.02,668.13,33.04,False,,0.0,6.07,0.0,662.05,668.13,1
741,fastfouriertransform,large,warm,200,43.08,43.05,0.02,7.23,35.82,False,,0.0,6.08,0.0,1.14,7.23,1
742,genmatrix,small,warm,200,10.91,10.23,0.68,0.16,10.07,False,,0.0,0.03,,0.12,0.16,1
743,linpack,small,cold,200,1926.75,1926.73,0.03,5.24,1921.49,True,,0.0,0.36,4.03,0.84,5.24,1
744,linpack,large,warm,200,188.92,188.9,0.02,8.06,180.84,False,,0.0,0.54,6.36,1.15,8.06,1
745,linpack,medium,warm,200,694.86,694.83,0.02,682.81,12.02,False,,0.0,0.52,6.35,675.93,682.81,1
746,fastfouriertransform,medium,warm,200,705.8,705.78,0.02,671.82,33.95,False,,0.0,6.04,0.0,665.78,671.82,1
747,genmatrix,large,warm,200,55.82,45.82,10.0,1.31,44.5,False,,0.0,0.04,,1.27,1.31,1
748,matrixmul,large,cold,200,1387.8,1385.19,2.61,5.01,1380.18,True,,0.0,0.35,4.0,0.65,5.01,1
749,fastfouriertransform,medium,warm,200,710.91,710.89,0.02,676.07,34.83,False,,0.0,6.09,0.0,669.96,676.06,1
750,linpack,medium,warm,200,678.36,678.33,0.03,666.31,12.02,False,,0.0,0.57,6.36,659.38,666.3,1
751,genmatrix,small,warm,200,8.39,7.89,0.49,0.16,7.74,False,,0.0,0.03,,0.12,0.15,1
752,linpack,large,warm,200,225.42,225.41,0.01,8.09,217.32,False,,0.0,0.58,6.37,1.13,8.08,1
753,fetchdata,small,cold,200,2261.2,2261.19,0.01,132.12,2129.07,True,132.09,0.0,0.03,0.0,,132.12,1
754,matrixmul,small,warm,200,23.51,20.88,2.63,4.91,15.97,False,,0.0,0.37,3.95,0.59,4.91,1
755,fastfouriertransform,medium,warm,200,699.28,699.26,0.02,665.82,33.44,False,,0.0,6.03,0.0,659.78,665.82,1
756,linpack,medium,warm,200,683.93,683.91,0.02,672.08,11.83,False,,0.0,0.52,6.35,665.2,672.08,1
757,fastfouriertransform,medium,warm,200,699.15,699.13,0.02,665.3,33.83,False,,0.0,6.11,0.0,659.17,665.3,1
758,linpack,small,warm,200,20.35,20.34,0.02,8.14,12.2,False,,0.0,0.61,6.38,1.14,8.14,1
759,matrixmul,large,warm,200,23.22,21.36,1.86,4.93,16.43,False,,0.0,0.36,3.97,0.59,4.93,1
760,linpack,large,warm,200,20.03,20.01,0.02,8.05,11.96,False,,0.0,0.52,6.36,1.16,8.05,1
761,linpack,small,warm,200,20.2,20.18,0.02,8.02,12.15,False,,0.0,0.53,6.35,1.14,8.02,1
762,linpack,large,warm,200,19.68,19.66,0.02,8.04,11.62,False,,0.0,0.51,6.35,1.17,8.04,1
763,genmatrix,small,cold,200,1474.13,1472.58,1.55,6.2,1466.38,True,,0.0,0.03,,6.17,6.2,1
764,fetchdata,medium,cold,200,1473.97,1473.95,0.02,137.51,1336.44,True,137.48,0.0,0.02,0.0,,137.51,1
765,genmatrix,medium,warm,200,17.66,16.19,1.47,0.33,15.86,False,,0.0,0.04,,0.28,0.33,1
766,genmatrix,small,warm,200,8.53,7.9,0.63,0.15,7.74,False,,0.0,0.03,,0.12,0.15,1
767,fetchdata,small,warm,200,93.61,93.59,0.02,86.93,6.65,False,86.9,0.0,0.03,0.0,,86.93,1
768,linpack,large,warm,200,20.14,20.12,0.02,8.05,12.07,False,,0.0,0.51,6.37,1.16,8.05,1
769,matrixmul,small,cold,200,1509.75,1507.75,2.0,4.96,1502.78,True,,0.0,0.36,4.0,0.6,4.96,1
770,fetchdata,large,warm,200,139.34,139.32,0.03,132.76,6.55,False,132.72,0.0,0.03,0.0,,132.76,1
771,fastfouriertransform,small,cold,200,1382.74,1382.72,0.02,6.0,1376.72,True,,0.0,3.86,0.0,2.13,6.0,1
772,linpack,small,warm,200,20.1,20.08,0.02,8.05,12.03,False,,0.0,0.54,6.36,1.15,8.05,1
773,matrixmul,medium,warm,200,564.12,562.22,1.9,545.82,16.39,False,,0.0,0.52,6.28,539.01,545.82,1
774,matrixmul,medium,warm,200,560.41,559.02,1.39,542.27,16.76,False,,0.0,0.37,3.99,537.89,542.26,1
775,fetchdata,medium,warm,200,140.65,140.63,0.02,133.92,6.71,False,133.88,0.0,0.03,0.0,,133.92,1
776,genmatrix,large,cold,200,1607.1,1598.76,8.34,8.85,1589.91,True,,0.0,0.03,,8.81,8.85,1
777,genmatrix,large,warm,200,53.34,45.82,7.52,1.14,44.68,False,,0.0,0.03,,1.1,1.14,1
778,linpack,small,warm,200,20.46,20.44,0.02,8.03,12.42,False,,0.0,0.51,6.35,1.16,8.02,1
779,fastfouriertransform,small,cold,200,1383.27,1383.25,0.02,6.0,1377.25,True,,0.0,3.87,0.0,2.12,6.0,1
780,fetchdata,large,warm,200,140.21,140.19,0.02,133.67,6.52,False,133.62,0.0,0.03,0.0,,133.66,1
781,fastfouriertransform,large,warm,200,68.9,68.88,0.02,7.25,61.63,False,,0.0,6.11,0.0,1.13,7.25,1
782,fastfouriertransform,medium,warm,200,678.26,678.24,0.02,643.19,35.05,False,,0.0,6.1,0.0,637.08,643.19,1
783,matrixmul,large,cold,200,2071.36,2068.72,2.64,5.02,2063.7,True,,0.0,0.33,4.04,0.64,5.02,1
784,matrixmul,medium,warm,200,549.19,547.18,2.01,530.4,16.78,False,,0.0,0.52,6.34,523.53,530.4,1
785,linpack,medium,cold,200,1948.78,1948.76,0.02,643.07,1305.69,True,,0.0,0.35,3.99,638.72,643.07,1
786,matrixmul,medium,warm,200,551.5,549.86,1.65,533.04,16.82,False,,0.0,0.52,6.36,526.15,533.03,1
787,fetchdata,large,cold,200,2104.79,2104.76,0.03,125.79,1978.96,True,125.76,0.0,0.02,0.0,,125.79,1
788,fastfouriertransform,medium,warm,200,672.27,672.25,0.02,637.64,34.61,False,,0.0,6.06,0.0,631.57,637.64,1
789,matrixmul,small,warm,200,29.68,27.69,1.99,7.75,19.94,False,,0.0,0.52,6.36,0.86,7.75,1
790,genmatrix,large,cold,200,1454.85,1443.93,10.92,10.04,1433.88,True,,0.0,0.03,,10.01,10.04,1
791,linpack,medium,warm,200,874.54,874.52,0.02,649.6,224.91,False,,0.0,0.36,3.97,645.27,649.6,1
792,linpack,large,warm,200,20.27,20.25,0.02,8.01,12.24,False,,0.0,0.52,6.32,1.16,8.01,1
793,genmatrix,small,warm,200,9.18,8.58,0.6,0.16,8.43,False,,0.0,0.03,,0.12,0.15,1
794,fetchdata,medium,warm,200,137.3,137.28,0.02,130.4,6.88,False,130.36,0.0,0.03,0.0,,130.4,1
795,linpack,small,warm,200,17.58,17.56,0.02,5.1,12.46,False,,0.0,0.34,4.0,0.75,5.09,1
796,fastfouriertransform,small,cold,200,1716.12,1716.1,0.02,6.02,1710.08,True,,0.0,3.89,0.0,2.12,6.02,1
797,genmatrix,small,warm,200,8.85,8.4,0.44,0.16,8.25,False,,0.0,0.03,,0.12,0.16,1
798,fetchdata,medium,warm,200,136.65,136.62,0.02,129.79,6.83,False,129.75,0.0,0.03,0.0,,129.79,1
799,genmatrix,medium,warm,200,219.94,14.28,205.66,0.29,13.98,False,,0.0,0.03,,0.26,0.29,1
800,fastfouriertransform,small,warm,200,42.7,42.69,0.01,7.37,35.32,False,,0.0,6.2,0.0,1.16,7.37,1
801,matrixmul,large,cold,200,1935.01,1932.46,2.55,4.96,1927.5,True,,0.0,0.34,4.0,0.61,4.96,1
802,matrixmul,small,warm,200,27.97,26.24,1.73,7.7,18.54,False,,0.0,0.52,6.32,0.86,7.7,1
803,fetchdata,medium,warm,200,135.87,135.85,0.02,128.57,7.28,False,128.53,0.0,0.03,0.0,,128.57,1
804,linpack,large,cold,200,1369.34,1369.32,0.02,5.27,1364.05,True,,0.0,0.35,4.06,0.85,5.27,1
805,fetchdata,large,warm,200,88.23,88.21,0.02,81.14,7.07,False,81.1,0.0,0.03,0.0,,81.14,1
806,linpack,large,warm,200,20.77,20.66,0.11,8.08,12.57,False,,0.0,0.53,6.33,1.21,8.08,1
807,genmatrix,small,cold,200,1538.1,1537.33,0.78,6.79,1530.53,True,,0.0,0.03,,6.76,6.79,1
808,matrixmul,large,warm,200,28.46,26.27,2.2,7.72,18.55,False,,0.0,0.52,6.31,0.88,7.72,1
809,fastfouriertransform,medium,cold,200,2350.79,2350.77,0.02,600.5,1750.26,True,,0.0,3.87,0.0,596.63,600.5,1
810,fastfouriertransform,medium,warm,200,665.79,665.77,0.02,628.3,37.47,False,,0.0,6.1,0.0,622.19,628.3,1
811,fastfouriertransform,medium,warm,200,668.83,668.81,0.02,632.67,36.13,False,,0.0,6.09,0.0,626.57,632.67,1
812,linpack,medium,warm,200,695.51,695.49,0.02,683.2,12.29,False,,0.0,0.51,6.37,676.31,683.2,1
813,linpack,medium,warm,200,688.4,688.38,0.02,676.76,11.63,False,,0.0,0.55,6.34,669.86,676.75,1
814,matrixmul,medium,warm,200,563.63,561.42,2.21,545.68,15.74,False,,0.0,0.52,6.35,538.81,545.68,1
815,fastfouriertransform,medium,warm,200,673.16,673.14,0.03,637.73,35.41,False,,0.0,6.08,0.0,631.64,637.73,1
816,fastfouriertransform,medium,warm,200,654.53,654.51,0.02,619.52,34.99,False,,0.0,6.17,0.0,613.34,619.52,1
817,fetchdata,large,cold,200,2204.94,2204.91,0.02,135.13,2069.78,True,135.1,0.0,0.03,0.0,,135.13,1
818,matrixmul,large,warm,200,29.94,28.09,1.85,7.74,20.36,False,,0.0,0.52,6.33,0.88,7.74,1
819,genmatrix,small,cold,200,1384.08,1383.71,0.37,6.22,1377.49,True,,0.0,0.03,,6.19,6.22,1
820,matrixmul,small,warm,200,28.73,26.62,2.11,7.69,18.93,False,,0.0,0.52,6.3,0.86,7.69,1
821,fetchdata,medium,warm,200,136.18,136.14,0.04,130.05,6.09,False,130.01,0.0,0.02,0.0,,130.04,1
822,linpack,medium,cold,200,2401.76,2401.73,0.02,645.35,1756.38,True,,0.0,0.35,3.98,641.01,645.35,1
823,linpack,small,warm,200,19.89,19.87,0.02,7.99,11.88,False,,0.0,0.52,6.32,1.14,7.98,1
824,matrixmul,medium,warm,200,564.87,562.74,2.13,546.59,16.15,False,,0.0,0.52,6.42,539.65,546.59,1
825,genmatrix,small,warm,200,10.56,10.03,0.53,0.16,9.87,False,,0.0,0.04,,0.12,0.16,1
826,genmatrix,small,warm,200,8.89,8.3,0.59,0.16,8.15,False,,0.0,0.03,,0.12,0.15,1
827,fastfouriertransform,large,cold,200,1879.64,1879.62,0.02,5.96,1873.66,True,,0.0,3.86,0.0,2.1,5.96,1
828,fastfouriertransform,large,warm,200,41.52,41.5,0.01,7.22,34.29,False,,0.0,6.08,0.0,1.12,7.22,1
829,linpack,small,warm,200,20.12,20.1,0.02,8.05,12.04,False,,0.0,0.52,6.36,1.17,8.05,1
830,genmatrix,medium,warm,200,16.24,13.93,2.31,0.31,13.61,False,,0.0,0.03,,0.28,0.31,1
831,fetchdata,small,cold,200,2214.92,2214.9,0.02,137.22,2077.69,True,137.18,0.0,0.03,0.0,,137.21,1
832,fastfouriertransform,small,warm,200,24.4,24.39,0.01,7.31,17.08,False,,0.0,6.1,0.0,1.2,7.31,1
833,genmatrix,small,warm,200,8.86,8.22,0.64,0.15,8.07,False,,0.0,0.03,,0.12,0.15,1
834,fetchdata,large,warm,200,84.32,84.32,0.01,78.56,5.76,False,78.53,0.0,0.02,0.0,,78.56,1
835,fetchdata,large,warm,200,131.97,131.95,0.02,125.85,6.11,False,125.81,0.0,0.02,0.0,,125.84,1
836,fastfouriertransform,small,warm,200,40.57,40.53,0.04,7.3,33.24,False,,0.0,6.07,0.01,1.21,7.3,1
837,matrixmul,medium,cold,200,2531.23,2529.12,2.11,507.69,2021.43,True,,0.0,0.33,3.97,503.37,507.69,1
838,linpack,large,cold,200,1682.39,1682.37,0.02,5.27,1677.1,True,,0.0,0.34,4.11,0.82,5.27,1
839,matrixmul,large,warm,200,46.31,44.61,1.7,7.67,36.94,False,,0.0,0.54,6.27,0.86,7.67,1
840,linpack,large,warm,200,20.4,20.38,0.02,8.18,12.2,False,,0.0,0.57,6.46,1.15,8.18,1
841,linpack,medium,warm,200,691.77,691.75,0.02,679.74,12.01,False,,0.0,0.52,6.48,672.73,679.74,1
842,genmatrix,small,cold,200,1366.38,1365.8,0.58,6.16,1359.63,True,,0.0,0.03,,6.13,6.16,1
843,matrixmul,small,warm,200,28.6,26.29,2.32,7.73,18.56,False,,0.0,0.52,6.33,0.88,7.73,1
844,matrixmul,medium,warm,200,561.62,559.83,1.78,543.91,15.92,False,,0.0,0.55,6.31,537.04,543.91,1
845,genmatrix,medium,warm,200,17.4,15.41,1.99,0.33,15.08,False,,0.0,0.04,,0.28,0.33,1
846,linpack,small,warm,200,20.73,20.71,0.02,8.21,12.5,False,,0.0,0.52,6.5,1.18,8.21,1
847,genmatrix,large,warm,200,65.16,47.15,18.01,1.31,45.84,False,,0.0,0.03,,1.27,1.31,1
848,fastfouriertransform,medium,cold,200,2294.3,2294.29,0.01,603.58,1690.71,True,,0.0,3.88,0.0,599.69,603.58,1
849,matrixmul,medium,warm,200,685.34,682.85,2.49,549.18,133.67,False,,0.0,0.53,6.33,542.32,549.18,1
850,fastfouriertransform,small,warm,200,42.16,42.14,0.02,7.33,34.82,False,,0.0,6.17,0.0,1.14,7.33,1
851,genmatrix,medium,warm,200,15.95,13.7,2.25,0.3,13.4,False,,0.0,0.03,,0.26,0.3,1
852,fastfouriertransform,large,warm,200,41.29,41.28,0.01,7.24,34.04,False,,0.0,6.08,0.0,1.15,7.24,1
853,fastfouriertransform,large,warm,200,42.61,42.6,0.01,7.27,35.33,False,,0.0,6.1,0.0,1.16,7.27,1
854,linpack,large,cold,200,2179.48,2179.46,0.02,5.18,2174.28,True,,0.0,0.35,4.0,0.82,5.18,1
855,matrixmul,medium,warm,200,567.46,565.21,2.25,548.68,16.54,False,,0.0,0.52,6.3,541.84,548.67,1
856,linpack,large,warm,200,21.86,21.84,0.02,8.24,13.6,False,,0.0,0.63,6.36,1.24,8.24,1
857,fastfouriertransform,medium,warm,200,657.0,656.98,0.02,636.97,20.01,False,,0.0,6.08,0.0,630.87,636.96,1
858,linpack,large,warm,200,20.09,20.07,0.02,8.07,12.01,False,,0.0,0.52,6.37,1.17,8.07,1
859,fetchdata,medium,cold,200,1692.52,1692.5,0.02,126.01,1566.49,True,125.98,0.0,0.02,0.0,,126.01,1
860,linpack,medium,warm,200,659.79,659.77,0.02,651.32,8.45,False,,0.0,0.36,3.99,646.97,651.32,1
861,linpack,small,warm,200,16.44,16.42,0.03,5.09,11.33,False,,0.0,0.34,4.0,0.75,5.09,1
862,fastfouriertransform,medium,warm,200,676.06,676.04,0.02,640.96,35.08,False,,0.0,6.14,0.0,634.81,640.96,1
863,fastfouriertransform,medium,warm,200,645.2,645.18,0.02,626.81,18.37,False,,0.0,6.12,0.0,620.67,626.81,1
864,fastfouriertransform,large,warm,200,43.01,42.99,0.02,7.34,35.66,False,,0.0,6.12,0.0,1.2,7.33,1
865,fetchdata,small,warm,200,137.42,137.4,0.02,130.23,7.16,False,130.19,0.0,0.03,0.0,,130.23,1
866,fetchdata,large,warm,200,88.29,88.29,0.01,82.67,5.62,False,82.63,0.0,0.03,0.0,,82.67,1
867,matrixmul,medium,cold,200,2667.95,2665.22,2.72,506.54,2158.69,True,,0.0,0.35,3.99,502.18,506.53,1
868,linpack,large,cold,200,1302.23,1302.21,0.02,5.16,1297.05,True,,0.0,0.34,3.99,0.83,5.16,1
869,linpack,small,warm,200,19.69,19.67,0.02,8.02,11.64,False,,0.0,0.54,6.32,1.15,8.02,1
870,genmatrix,medium,cold,200,1347.6,1345.11,2.49,6.24,1338.86,True,,0.0,0.03,,6.21,6.24,1
871,genmatrix,medium,warm,200,17.79,16.09,1.7,0.34,15.75,False,,0.0,0.04,,0.3,0.34,1
872,matrixmul,medium,warm,200,556.41,554.42,1.99,542.56,11.86,False,,0.0,0.52,6.33,535.71,542.56,1
873,linpack,small,warm,200,20.21,20.19,0.02,8.02,12.18,False,,0.0,0.52,6.34,1.16,8.01,1
874,genmatrix,small,warm,200,8.96,8.64,0.32,0.15,8.48,False,,0.0,0.03,,0.12,0.15,1
875,genmatrix,small,warm,200,8.83,8.01,0.82,0.15,7.85,False,,0.0,0.03,,0.12,0.15,1
876,linpack,large,warm,200,20.18,20.16,0.02,8.01,12.15,False,,0.0,0.51,6.32,1.17,8.01,1
877,matrixmul,medium,warm,200,784.89,776.62,8.28,544.29,232.33,False,,0.0,0.53,6.37,537.39,544.28,1
878,genmatrix,large,warm,200,68.58,46.43,22.15,1.33,45.1,False,,0.0,0.03,,1.29,1.32,1
879,linpack,small,warm,200,20.17,20.15,0.02,8.02,12.13,False,,0.0,0.51,6.35,1.15,8.02,1
880,genmatrix,small,warm,200,7.78,6.94,0.84,0.15,6.78,False,,0.0,0.03,,0.12,0.15,1
881,linpack,large,warm,200,19.89,19.86,0.02,7.98,11.88,False,,0.0,0.51,6.32,1.15,7.98,1
882,fetchdata,medium,cold,200,1701.41,1701.4,0.02,125.4,1576.0,True,125.37,0.0,0.02,0.0,,125.4,1
883,genmatrix,large,warm,200,61.3,45.56,15.74,1.15,44.4,False,,0.0,0.03,,1.12,1.15,1
884,matrixmul,small,cold,200,1290.1,1288.17,1.93,4.96,1283.22,True,,0.0,0.35,4.0,0.59,4.95,1
885,linpack,large,warm,200,20.07,20.05,0.02,8.02,12.03,False,,0.0,0.51,6.34,1.17,8.02,1
886,fastfouriertransform,medium,cold,200,2184.65,2184.59,0.06,608.21,1576.38,True,,0.0,3.88,0.0,604.32,608.21,1
887,linpack,medium,warm,200,676.24,676.22,0.02,664.36,11.86,False,,0.0,0.51,6.32,657.51,664.35,1
888,genmatrix,small,warm,200,8.4,7.96,0.44,0.17,7.8,False,,0.0,0.04,,0.12,0.17,1
889,linpack,small,warm,200,231.64,231.62,0.02,8.09,223.53,False,,0.0,0.52,6.37,1.19,8.09,1
890,matrixmul,large,warm,200,23.31,21.18,2.13,4.9,16.28,False,,0.0,0.36,3.97,0.56,4.89,1
891,genmatrix,small,warm,200,8.7,8.4,0.3,0.14,8.26,False,,0.0,0.03,,0.11,0.14,1
892,genmatrix,medium,warm,200,15.51,13.27,2.25,0.29,12.98,False,,0.0,0.03,,0.26,0.29,1
893,fetchdata,small,cold,200,2124.61,2124.59,0.02,126.03,1998.56,True,126.0,0.0,0.02,0.0,,126.03,1
894,genmatrix,medium,warm,200,15.33,13.09,2.24,0.28,12.8,False,,0.0,0.03,,0.26,0.28,1
895,fetchdata,small,warm,200,88.08,88.06,0.02,80.94,7.12,False,80.9,0.0,0.03,0.0,,80.94,1
896,fetchdata,small,warm,200,87.74,87.73,0.02,80.92,6.8,False,80.88,0.0,0.03,0.0,,80.92,1
897,fastfouriertransform,medium,cold,200,2524.89,2524.87,0.02,607.42,1917.45,True,,0.0,3.87,0.0,603.54,607.41,1
898,fastfouriertransform,large,warm,200,41.9,41.89,0.02,7.26,34.63,False,,0.0,6.1,0.0,1.15,7.25,1
899,linpack,large,cold,200,1645.32,1645.3,0.02,5.19,1640.11,True,,0.0,0.37,3.99,0.82,5.19,1
900,linpack,small,warm,200,18.8,18.78,0.02,8.02,10.76,False,,0.0,0.55,6.38,1.08,8.02,1
901,genmatrix,large,cold,200,1709.61,1688.65,20.97,9.05,1679.6,True,,0.0,0.03,,9.02,9.05,1
902,fetchdata,large,warm,200,149.18,149.16,0.02,141.95,7.21,False,141.91,0.0,0.03,0.0,,141.95,1
903,matrixmul,small,cold,200,1611.65,1609.29,2.35,4.93,1604.36,True,,0.0,0.34,3.99,0.6,4.93,1
904,fetchdata,small,warm,200,86.24,86.22,0.02,79.88,6.34,False,79.84,0.0,0.03,0.0,,79.88,1
905,linpack,small,warm,200,20.28,20.26,0.02,8.04,12.21,False,,0.0,0.52,6.36,1.16,8.04,1
906,matrixmul,small,warm,200,32.0,27.71,4.29,7.78,19.93,False,,0.0,0.59,6.33,0.86,7.78,1
907,matrixmul,medium,warm,200,582.78,580.51,2.27,539.15,41.36,False,,0.0,0.54,6.3,532.3,539.15,1
908,fetchdata,medium,warm,200,137.82,137.8,0.03,131.06,6.74,False,131.02,0.0,0.03,0.0,,131.05,1
909,linpack,medium,warm,200,689.05,689.04,0.02,677.94,11.1,False,,0.0,0.52,6.39,671.03,677.94,1
910,matrixmul,small,warm,200,28.7,26.65,2.05,7.72,18.93,False,,0.0,0.52,6.32,0.87,7.72,1
911,linpack,small,warm,200,19.63,19.61,0.02,8.05,11.55,False,,0.0,0.52,6.38,1.15,8.05,1
912,genmatrix,medium,cold,200,1638.02,1635.81,2.21,6.71,1629.1,True,,0.0,0.03,,6.68,6.71,1
913,fetchdata,medium,warm,200,134.45,134.43,0.02,127.97,6.46,False,127.93,0.0,0.03,0.0,,127.97,1
914,linpack,medium,warm,200,676.41,676.39,0.02,664.54,11.85,False,,0.0,0.52,6.33,657.69,664.54,1
915,matrixmul,medium,warm,200,562.06,559.77,2.29,542.92,16.85,False,,0.0,0.52,6.35,536.04,542.92,1
916,matrixmul,large,warm,200,28.78,26.65,2.13,7.74,18.9,False,,0.0,0.52,6.34,0.87,7.74,1
917,linpack,medium,warm,200,711.22,711.2,0.02,680.54,30.67,False,,0.0,0.56,6.33,673.64,680.53,1
918,fetchdata,small,warm,200,134.71,134.69,0.02,127.97,6.72,False,127.92,0.0,0.04,0.0,,127.97,1
919,linpack,small,warm,200,210.76,210.74,0.02,8.18,202.56,False,,0.0,0.56,6.48,1.14,8.18,1
920,genmatrix,small,cold,200,1356.64,1356.01,0.62,6.62,1349.39,True,,0.0,0.03,,6.59,6.62,1
921,matrixmul,medium,warm,200,772.32,770.83,1.5,547.68,223.14,False,,0.0,0.52,6.34,540.81,547.68,1
922,linpack,small,warm,200,18.68,18.66,0.02,8.06,10.6,False,,0.0,0.52,6.38,1.15,8.06,1
923,linpack,small,warm,200,19.03,19.01,0.02,7.99,11.02,False,,0.0,0.52,6.36,1.1,7.98,1
924,genmatrix,small,warm,200,10.77,10.13,0.63,0.16,9.97,False,,0.0,0.04,,0.12,0.16,1
925,fetchdata,medium,cold,200,1740.82,1740.8,0.02,139.86,1600.94,True,139.83,0.0,0.02,0.0,,139.86,1
926,matrixmul,large,warm,200,29.0,27.2,1.8,7.75,19.45,False,,0.0,0.52,6.35,0.87,7.75,1
927,fetchdata,medium,warm,200,83.62,83.62,0.0,78.43,5.18,False,78.4,0.0,0.02,0.0,,78.43,1
928,fastfouriertransform,small,cold,200,1396.08,1396.06,0.02,5.99,1390.07,True,,0.0,3.84,0.0,2.13,5.99,1
929,matrixmul,medium,warm,200,564.79,563.04,1.75,546.47,16.57,False,,0.0,0.52,6.34,539.61,546.47,1
930,fastfouriertransform,medium,warm,200,658.07,658.05,0.02,622.24,35.8,False,,0.0,6.12,0.0,616.11,622.24,1
931,fastfouriertransform,medium,warm,200,673.24,673.22,0.02,637.64,35.57,False,,0.0,6.09,0.0,631.54,637.64,1
932,linpack,medium,cold,200,2478.77,2478.75,0.02,641.99,1836.76,True,,0.0,0.36,3.98,637.64,641.99,1
933,fetchdata,medium,warm,200,140.13,140.11,0.02,134.05,6.06,False,134.02,0.0,0.02,0.0,,134.05,1
934,fastfouriertransform,medium,warm,200,661.77,661.75,0.02,627.17,34.58,False,,0.0,6.07,0.0,621.09,627.17,1
935,fetchdata,small,warm,200,91.49,91.48,0.02,84.57,6.91,False,84.52,0.0,0.03,0.0,,84.56,1
936,genmatrix,small,cold,200,1355.74,1355.18,0.56,6.1,1349.08,True,,0.0,0.02,,6.07,6.1,1
937,genmatrix,small,warm,200,11.07,10.39,0.68,0.16,10.23,False,,0.0,0.04,,0.11,0.16,1
938,fetchdata,small,warm,200,134.29,134.27,0.02,127.9,6.37,False,127.86,0.0,0.02,0.0,,127.89,1
939,genmatrix,medium,warm,200,15.54,13.41,2.13,0.32,13.09,False,,0.0,0.03,,0.28,0.32,1
940,fetchdata,large,warm,200,91.13,91.12,0.02,84.83,6.28,False,84.8,0.0,0.03,0.0,,84.83,1
941,matrixmul,medium,cold,200,1926.33,1924.33,2.0,506.11,1418.22,True,,0.0,0.35,4.0,501.74,506.11,1
942,linpack,small,cold,200,1585.39,1585.37,0.02,5.18,1580.19,True,,0.0,0.36,4.0,0.81,5.18,1
943,fastfouriertransform,small,cold,200,1398.01,1397.99,0.02,6.02,1391.97,True,,0.0,3.88,0.0,2.13,6.02,1
944,genmatrix,small,warm,200,8.57,7.93,0.64,0.15,7.78,False,,0.0,0.03,,0.12,0.15,1
945,fetchdata,large,warm,200,133.85,133.83,0.02,127.74,6.09,False,127.71,0.0,0.02,0.0,,127.74,1
946,linpack,large,warm,200,225.18,225.15,0.02,8.04,217.11,False,,0.0,0.53,6.34,1.16,8.04,1
947,matrixmul,small,warm,200,29.99,27.23,2.76,7.72,19.51,False,,0.0,0.52,6.32,0.87,7.72,1
948,genmatrix,small,warm,200,8.49,8.04,0.45,0.15,7.89,False,,0.0,0.03,,0.12,0.15,1
949,genmatrix,small,warm,200,8.38,7.7,0.68,0.15,7.55,False,,0.0,0.03,,0.12,0.15,1
950,fastfouriertransform,small,cold,200,1555.85,1555.84,0.01,5.98,1549.86,True,,0.0,3.88,0.0,2.09,5.98,1
951,matrixmul,large,warm,200,27.55,25.47,2.08,7.72,17.76,False,,0.0,0.53,6.32,0.86,7.72,1
952,linpack,medium,warm,200,777.71,777.69,0.02,670.18,107.51,False,,0.0,0.53,6.33,663.32,670.18,1
953,fastfouriertransform,small,warm,200,41.36,41.34,0.02,7.35,33.99,False,,0.0,6.16,0.0,1.18,7.35,1
954,matrixmul,large,warm,200,29.05,27.02,2.04,7.72,19.29,False,,0.0,0.52,6.33,0.87,7.72,1
955,linpack,small,warm,200,20.44,20.42,0.02,8.0,12.42,False,,0.0,0.56,6.3,1.13,8.0,1
956,linpack,large,warm,200,20.36,20.35,0.02,8.01,12.33,False,,0.0,0.55,6.32,1.14,8.01,1
957,fetchdata,large,cold,200,1926.58,1926.56,0.02,131.16,1795.4,True,131.13,0.0,0.02,0.0,,131.16,1
958,fetchdata,medium,warm,200,84.38,84.36,0.02,77.91,6.45,False,77.82,0.0,0.07,0.0,,77.9,1
959,matrixmul,small,warm,200,235.21,233.11,2.1,7.75,225.37,False,,0.0,0.52,6.35,0.86,7.75,1
960,linpack,medium,warm,200,680.3,680.28,0.02,668.39,11.9,False,,0.0,0.54,6.31,661.53,668.39,1
961,fetchdata,large,warm,200,132.14,132.12,0.02,125.95,6.17,False,125.92,0.0,0.02,0.0,,125.95,1
962,matrixmul,small,warm,200,29.01,26.15,2.86,7.8,18.34,False,,0.0,0.52,6.41,0.87,7.8,1
963,fastfouriertransform,large,cold,200,1560.71,1560.68,0.02,5.98,1554.7,True,,0.0,3.84,0.0,2.14,5.98,1
964,genmatrix,small,cold,200,1410.35,1409.7,0.65,6.72,1402.98,True,,0.0,0.02,,6.69,6.71,1
965,linpack,large,warm,200,19.82,19.8,0.02,8.07,11.73,False,,0.0,0.53,6.37,1.16,8.07,1
966,linpack,large,warm,200,227.17,227.15,0.02,8.06,219.1,False,,0.0,0.54,6.32,1.19,8.06,1
967,linpack,small,warm,200,76.35,76.33,0.02,8.03,68.3,False,,0.0,0.52,6.36,1.14,8.02,1
968,matrixmul,medium,warm,200,568.18,566.07,2.11,549.8,16.27,False,,0.0,0.52,6.36,542.91,549.8,1
969,fastfouriertransform,large,warm,200,42.83,42.81,0.02,7.4,35.41,False,,0.0,6.13,0.0,1.27,7.4,1
970,matrixmul,medium,warm,200,564.1,561.84,2.25,545.29,16.56,False,,0.0,0.52,6.36,538.4,545.28,1
971,genmatrix,large,cold,200,1589.94,1561.44,28.5,9.09,1552.35,True,,0.0,0.02,,9.06,9.09,1
972,fastfouriertransform,medium,warm,200,658.73,658.7,0.02,623.83,34.88,False,,0.0,6.07,0.0,617.74,623.83,1
973,fastfouriertransform,medium,warm,200,669.81,669.79,0.02,635.58,34.21,False,,0.0,6.07,0.0,629.49,635.58,1
974,fetchdata,large,cold,200,1555.35,1555.33,0.02,126.16,1429.17,True,126.13,0.0,0.02,0.0,,126.16,1
975,fastfouriertransform,large,warm,200,41.82,41.81,0.01,7.26,34.54,False,,0.0,6.08,0.0,1.17,7.26,1
976,genmatrix,small,warm,200,7.4,6.76,0.64,0.12,6.64,False,,0.0,0.02,,0.09,0.12,1
977,fastfouriertransform,medium,warm,200,673.63,673.61,0.03,638.45,35.15,False,,0.0,6.09,0.0,632.35,638.45,1
978,linpack,medium,cold,200,2031.59,2031.57,0.02,644.99,1386.58,True,,0.0,0.38,4.11,640.49,644.99,1
979,fetchdata,large,warm,200,136.68,136.66,0.02,129.57,7.09,False,129.53,0.0,0.03,0.0,,129.57,1
980,matrixmul,large,cold,200,1390.61,1387.19,3.42,5.0,1382.18,True,,0.0,0.38,4.02,0.6,5.0,1
981,matrixmul,large,warm,200,246.2,243.82,2.39,7.74,236.08,False,,0.0,0.53,6.34,0.86,7.74,1
982,fetchdata,small,warm,200,98.45,98.43,0.02,91.82,6.61,False,91.78,0.0,0.03,0.0,,91.82,1
983,fastfouriertransform,large,warm,200,44.89,44.88,0.02,7.33,37.55,False,,0.0,6.1,0.0,1.22,7.33,1
984,matrixmul,small,warm,200,30.88,28.04,2.84,7.82,20.23,False,,0.0,0.52,6.41,0.88,7.82,1
985,genmatrix,small,cold,200,1794.89,1793.32,1.56,6.21,1787.11,True,,0.0,0.02,,6.18,6.21,1
986,fastfouriertransform,small,warm,200,44.41,44.4,0.02,7.33,37.06,False,,0.0,6.11,0.0,1.22,7.33,1
987,fastfouriertransform,medium,warm,200,658.16,658.14,0.01,622.35,35.79,False,,0.0,6.08,0.0,616.26,622.35,1
988,genmatrix,large,warm,200,63.6,45.93,17.67,1.3,44.64,False,,0.0,0.04,,1.25,1.29,1
989,matrixmul,large,warm,200,29.97,27.56,2.4,7.74,19.83,False,,0.0,0.52,6.35,0.86,7.74,1
990,matrixmul,medium,warm,200,553.83,551.53,2.3,534.37,17.16,False,,0.0,0.52,6.37,527.47,534.37,1
991,fastfouriertransform,large,warm,200,42.71,42.69,0.02,7.43,35.26,False,,0.0,6.17,0.0,1.25,7.43,1
992,fetchdata,medium,cold,200,1477.78,1477.76,0.02,138.44,1339.32,True,138.41,0.0,0.02,0.0,,138.44,1
993,genmatrix,small,warm,200,9.61,8.93,0.68,0.16,8.78,False,,0.0,0.03,,0.12,0.15,1
994,genmatrix,medium,warm,200,16.18,13.83,2.35,0.36,13.46,False,,0.0,0.05,,0.31,0.36,1
995,fastfouriertransform,medium,warm,200,670.97,670.95,0.02,635.93,35.02,False,,0.0,6.09,0.0,629.83,635.93,1
996,matrixmul,medium,warm,200,546.34,544.17,2.17,527.93,16.24,False,,0.0,0.52,6.31,521.09,527.93,1
997,matrixmul,medium,warm,200,561.53,559.75,1.78,543.99,15.77,False,,0.0,0.52,6.35,537.11,543.98,1
998,genmatrix,small,warm,200,7.87,7.22,0.65,0.15,7.07,False,,0.0,0.03,,0.11,0.15,1
999,matrixmul,large,warm,200,28.89,26.93,1.96,7.72,19.22,False,,0.0,0.53,6.32,0.87,7.72,1
1000,matrixmul,medium,warm,200,556.35,554.17,2.18,538.59,15.59,False,,0.0,0.52,6.36,531.71,538.59,1
1001,linpack,medium,cold,200,2619.01,2618.99,0.02,646.61,1972.38,True,,0.0,0.36,4.06,642.18,646.6,1
1002,fastfouriertransform,large,cold,200,1923.09,1923.07,0.02,5.98,1917.08,True,,0.0,3.86,0.0,2.12,5.98,1
1003,matrixmul,small,warm,200,234.59,232.57,2.02,7.78,224.79,False,,0.0,0.52,6.39,0.87,7.78,1
1004,matrixmul,large,warm,200,28.39,26.32,2.07,7.7,18.62,False,,0.0,0.52,6.31,0.87,7.7,1
1005,fetchdata,large,cold,200,1743.53,1743.51,0.02,125.63,1617.88,True,125.6,0.0,0.02,0.0,,125.63,1
1006,genmatrix,medium,cold,200,1284.19,1281.61,2.58,6.36,1275.25,True,,0.0,0.03,,6.32,6.36,1
1007,fastfouriertransform,small,warm,200,38.94,38.92,0.02,4.7,34.23,False,,0.0,3.86,0.0,0.83,4.7,1
1008,genmatrix,large,warm,200,71.91,48.42,23.49,1.32,47.11,False,,0.0,0.04,,1.27,1.31,1
1009,genmatrix,medium,warm,200,55.56,12.69,42.87,0.3,12.39,False,,0.0,0.03,,0.26,0.3,1
1010,matrixmul,large,warm,200,27.83,25.66,2.17,7.75,17.9,False,,0.0,0.52,6.36,0.87,7.75,1
1011,matrixmul,small,warm,200,28.96,26.59,2.37,7.71,18.88,False,,0.0,0.54,6.3,0.86,7.71,1
1012,matrixmul,medium,warm,200,562.77,560.24,2.53,544.6,15.63,False,,0.0,0.52,6.34,537.73,544.6,1
1013,matrixmul,small,warm,200,29.22,26.77,2.45,7.73,19.04,False,,0.0,0.52,6.34,0.87,7.73,1
1014,genmatrix,large,warm,200,65.16,46.11,19.05,1.16,44.95,False,,0.0,0.03,,1.12,1.16,1
1015,matrixmul,medium,warm,200,563.2,561.22,1.98,545.14,16.08,False,,0.0,0.52,6.3,538.32,545.14,1
1016,fastfouriertransform,small,cold,200,1947.31,1947.29,0.02,6.04,1941.25,True,,0.0,3.89,0.0,2.14,6.04,1
1017,matrixmul,medium,warm,200,682.9,563.8,119.1,544.74,19.06,False,,0.0,0.52,6.3,537.91,544.73,1
1018,linpack,large,cold,200,1318.36,1318.34,0.02,5.17,1313.17,True,,0.0,0.36,4.0,0.81,5.17,1
1019,fetchdata,small,cold,200,1576.32,1576.3,0.02,124.91,1451.39,True,124.88,0.0,0.03,0.0,,124.91,1
1020,fetchdata,large,warm,200,94.52,94.5,0.02,87.42,7.08,False,87.38,0.0,0.03,0.0,,87.42,1
1021,matrixmul,small,warm,200,28.58,26.42,2.16,7.72,18.7,False,,0.0,0.52,6.33,0.87,7.72,1
1022,fetchdata,small,warm,200,91.09,91.07,0.02,84.22,6.86,False,84.18,0.0,0.03,0.0,,84.22,1
1023,fetchdata,large,warm,200,138.55,138.53,0.02,131.63,6.9,False,131.59,0.0,0.03,0.0,,131.63,1
1024,genmatrix,medium,cold,200,1383.89,1380.54,3.35,6.85,1373.69,True,,0.0,0.03,,6.82,6.85,1
1025,matrixmul,large,warm,200,28.36,26.19,2.17,7.72,18.47,False,,0.0,0.51,6.34,0.86,7.72,1
1026,fastfouriertransform,large,cold,200,1402.93,1402.91,0.02,5.98,1396.93,True,,0.0,3.87,0.0,2.1,5.98,1
1027,fetchdata,large,warm,200,134.08,134.05,0.03,127.58,6.47,False,127.54,0.0,0.03,0.0,,127.58,1
1028,matrixmul,medium,warm,200,556.36,554.36,2.0,538.8,15.56,False,,0.0,0.52,6.31,531.97,538.8,1
1029,genmatrix,medium,warm,200,17.09,15.06,2.03,0.29,14.77,False,,0.0,0.03,,0.25,0.29,1
1030,fastfouriertransform,large,warm,200,42.22,42.21,0.01,7.33,34.88,False,,0.0,6.13,0.0,1.19,7.33,1
1031,fetchdata,large,warm,200,148.36,148.34,0.02,141.29,7.05,False,141.25,0.0,0.03,0.0,,141.29,1
1032,genmatrix,medium,warm,200,15.43,13.13,2.29,0.3,12.84,False,,0.0,0.03,,0.26,0.29,1
1033,genmatrix,large,warm,200,69.34,44.47,24.88,1.29,43.18,False,,0.0,0.03,,1.25,1.29,1
1034,genmatrix,small,warm,200,8.19,7.67,0.52,0.15,7.52,False,,0.0,0.03,,0.12,0.15,1
1035,fastfouriertransform,small,warm,200,40.91,40.89,0.02,7.34,33.55,False,,0.0,6.09,0.0,1.24,7.34,1
1036,fetchdata,medium,warm,200,132.95,132.93,0.02,126.4,6.53,False,126.36,0.0,0.03,0.0,,126.4,1
1037,linpack,medium,cold,200,2063.31,2063.29,0.03,649.88,1413.4,True,,0.0,0.37,4.01,645.5,649.88,1
1038,linpack,small,warm,200,16.82,16.8,0.02,5.07,11.73,False,,0.0,0.35,3.96,0.75,5.07,1
1039,genmatrix,medium,warm,200,15.71,13.13,2.59,0.3,12.83,False,,0.0,0.03,,0.26,0.3,1
1040,matrixmul,small,cold,200,1393.37,1390.47,2.89,4.99,1385.48,True,,0.0,0.35,4.03,0.61,4.99,1
1041,linpack,medium,warm,200,657.98,657.96,0.02,646.44,11.52,False,,0.0,0.35,3.97,642.11,646.43,1
1042,matrixmul,small,warm,200,27.79,25.52,2.27,7.73,17.79,False,,0.0,0.52,6.39,0.82,7.73,1
1043,fastfouriertransform,small,cold,200,1435.12,1435.1,0.02,6.0,1429.1,True,,0.0,3.86,0.0,2.13,6.0,1
1044,fastfouriertransform,medium,warm,200,670.52,670.49,0.03,636.84,33.65,False,,0.0,6.13,0.0,630.7,636.84,1
1045,fetchdata,large,cold,200,1542.0,1541.99,0.01,126.91,1415.07,True,126.88,0.0,0.03,0.0,,126.91,1
1046,matrixmul,small,warm,200,27.54,25.37,2.17,7.78,17.59,False,,0.0,0.53,6.36,0.88,7.78,1
1047,genmatrix,large,cold,200,1991.18,1975.46,15.72,8.95,1966.52,True,,0.0,0.02,,8.92,8.94,1
1048,genmatrix,large,warm,200,55.41,44.72,10.69,1.12,43.6,False,,0.0,0.03,,1.09,1.12,1
1049,fastfouriertransform,large,warm,200,42.38,42.36,0.02,7.25,35.11,False,,0.0,6.11,0.0,1.13,7.25,1
1050,linpack,medium,cold,200,2246.15,2246.13,0.02,642.54,1603.58,True,,0.0,0.36,4.0,638.18,642.54,1
1051,genmatrix,small,warm,200,8.54,7.89,0.66,0.16,7.73,False,,0.0,0.03,,0.12,0.16,1
1052,fetchdata,medium,cold,200,1489.29,1489.27,0.02,134.83,1354.45,True,134.79,0.0,0.02,0.0,,134.82,1
1053,linpack,small,warm,200,230.62,230.6,0.02,8.22,222.39,False,,0.0,0.58,6.43,1.2,8.21,1
1054,fastfouriertransform,small,warm,200,41.8,41.79,0.01,7.27,34.52,False,,0.0,6.1,0.0,1.16,7.27,1
1055,fetchdata,small,warm,200,88.19,88.17,0.02,81.74,6.43,False,81.71,0.0,0.02,0.0,,81.74,1
1056,matrixmul,small,cold,200,1602.12,1599.73,2.4,4.98,1594.75,True,,0.0,0.36,4.02,0.6,4.98,1
1057,genmatrix,large,warm,200,57.8,47.36,10.44,1.21,46.15,False,,0.0,0.03,,1.17,1.21,1
1058,linpack,medium,warm,200,695.63,695.61,0.02,681.74,13.87,False,,0.0,0.52,6.33,674.88,681.74,1
1059,matrixmul,large,warm,200,81.54,79.76,1.78,7.8,71.96,False,,0.0,0.57,6.35,0.87,7.8,1
1060,fetchdata,large,warm,200,136.91,136.84,0.07,130.83,6.0,False,130.8,0.0,0.02,0.0,,130.83,1
1061,fastfouriertransform,small,cold,200,1611.95,1611.93,0.02,6.03,1605.9,True,,0.0,3.88,0.0,2.14,6.03,1
1062,genmatrix,medium,warm,200,15.72,13.62,2.1,0.29,13.33,False,,0.0,0.03,,0.25,0.29,1
1063,matrixmul,large,warm,200,30.18,28.64,1.54,7.74,20.9,False,,0.0,0.52,6.34,0.87,7.74,1
1064,matrixmul,medium,warm,200,808.51,757.31,51.2,534.39,222.92,False,,0.0,0.52,6.39,527.47,534.39,1
1065,linpack,small,cold,200,1576.44,1576.42,0.02,5.22,1571.21,True,,0.0,0.35,4.04,0.83,5.22,1
1066,fetchdata,medium,warm,200,133.86,133.84,0.02,127.76,6.08,False,127.73,0.0,0.03,0.0,,127.76,1
1067,fastfouriertransform,medium,warm,200,676.67,676.65,0.02,641.37,35.28,False,,0.0,6.15,0.0,635.21,641.37,1
1068,matrixmul,large,warm,200,29.29,27.14,2.16,7.78,19.36,False,,0.0,0.53,6.37,0.88,7.78,1
1069,linpack,medium,warm,200,694.81,694.79,0.02,682.29,12.5,False,,0.0,0.52,6.36,675.4,682.29,1
1070,fetchdata,large,warm,200,133.42,133.4,0.02,127.12,6.28,False,127.09,0.0,0.02,0.0,,127.12,1
1071,linpack,small,warm,200,20.59,20.52,0.07,8.07,12.45,False,,0.0,0.54,6.38,1.14,8.07,1
1072,fetchdata,medium,warm,200,82.38,82.36,0.02,75.98,6.38,False,75.95,0.0,0.03,0.0,,75.98,1
1073,linpack,small,warm,200,20.68,20.66,0.02,8.07,12.58,False,,0.0,0.52,6.4,1.15,8.07,1
1074,fastfouriertransform,large,cold,200,1695.65,1695.63,0.02,5.96,1689.67,True,,0.0,3.84,0.0,2.11,5.96,1
1075,fetchdata,medium,warm,200,133.02,132.95,0.07,127.0,5.95,False,126.97,0.0,0.03,0.0,,127.0,1
1076,fetchdata,small,warm,200,83.39,83.37,0.02,77.18,6.19,False,77.15,0.0,0.03,0.0,,77.18,1
1077,genmatrix,large,cold,200,1759.38,1749.01,10.37,9.21,1739.8,True,,0.0,0.03,,9.17,9.2,1
1078,fetchdata,medium,warm,200,82.67,82.64,0.02,76.68,5.96,False,76.65,0.0,0.02,0.0,,76.68,1
1079,linpack,medium,warm,200,694.02,694.0,0.02,681.02,12.99,False,,0.0,0.52,6.36,674.13,681.02,1
1080,fastfouriertransform,medium,warm,200,668.41,668.39,0.02,632.71,35.68,False,,0.0,6.89,0.01,625.8,632.7,1
1081,fetchdata,large,warm,200,132.4,132.38,0.02,126.8,5.58,False,126.78,0.0,0.02,0.0,,126.8,1
1082,linpack,medium,warm,200,688.25,688.23,0.02,675.58,12.65,False,,0.0,0.52,6.41,668.65,675.58,1
1083,fetchdata,large,warm,200,82.99,82.97,0.02,76.83,6.13,False,76.81,0.0,0.02,0.0,,76.83,1
1084,genmatrix,large,cold,200,1729.77,1717.86,11.91,8.84,1709.01,True,,0.0,0.02,,8.81,8.84,1
1085,linpack,small,warm,200,20.68,20.66,0.02,8.08,12.58,False,,0.0,0.52,6.39,1.17,8.08,1
1086,linpack,large,warm,200,20.99,20.98,0.02,8.04,12.94,False,,0.0,0.52,6.38,1.13,8.04,1
1087,fetchdata,large,warm,200,134.76,134.74,0.02,128.69,6.05,False,128.66,0.0,0.02,0.0,,128.69,1
1088,linpack,small,warm,200,20.19,20.17,0.02,8.07,12.11,False,,0.0,0.51,6.39,1.15,8.07,1
1089,fetchdata,large,warm,200,82.33,82.3,0.03,76.32,5.98,False,76.3,0.0,0.02,0.0,,76.32,1
1090,linpack,large,warm,200,20.46,20.44,0.02,8.76,11.68,False,,0.0,0.52,6.62,1.62,8.76,1
1091,linpack,medium,warm,200,697.0,696.98,0.02,684.96,12.03,False,,0.0,0.51,6.41,678.03,684.95,1
1092,linpack,small,warm,200,28.22,28.2,0.02,8.05,20.15,False,,0.0,0.51,6.39,1.13,8.05,1
1093,fastfouriertransform,small,cold,200,1737.13,1737.11,0.02,5.97,1731.14,True,,0.0,3.86,0.0,2.1,5.96,1
1094,fastfouriertransform,large,warm,200,42.23,42.22,0.01,7.66,34.55,False,,0.0,6.45,0.01,1.2,7.66,1
1095,linpack,medium,warm,200,905.94,905.91,0.03,687.26,218.65,False,,0.0,0.52,6.39,680.35,687.26,1
1096,fetchdata,large,cold,200,1891.14,1891.11,0.03,129.22,1761.89,True,129.19,0.0,0.02,0.0,,129.22,1
1097,matrixmul,large,cold,200,1951.37,1948.45,2.93,4.94,1943.5,True,,0.0,0.34,3.99,0.61,4.94,1
1098,fastfouriertransform,medium,warm,200,664.37,664.35,0.02,629.37,34.98,False,,0.0,6.13,0.0,623.23,629.37,1
1099,linpack,medium,warm,200,707.39,707.37,0.02,695.43,11.94,False,,0.0,0.52,7.71,687.2,695.43,1
1100,genmatrix,medium,cold,200,1303.73,1301.03,2.7,6.33,1294.7,True,,0.0,0.03,,6.3,6.33,1
1101,fetchdata,large,warm,200,133.85,133.83,0.02,127.28,6.55,False,127.24,0.0,0.03,0.0,,127.28,1
1102,matrixmul,medium,warm,200,554.44,552.34,2.1,536.09,16.25,False,,0.0,0.53,6.44,529.11,536.09,1
1103,matrixmul,small,warm,200,239.11,237.07,2.04,7.75,229.32,False,,0.0,0.53,6.34,0.87,7.74,1
1104,fastfouriertransform,small,warm,200,257.38,257.37,0.01,7.42,249.95,False,,0.0,6.14,0.0,1.27,7.42,1
1105,matrixmul,medium,warm,200,755.73,753.76,1.97,530.67,223.09,False,,0.0,0.59,6.32,523.75,530.66,1
1106,matrixmul,medium,warm,200,770.35,768.23,2.12,544.47,223.76,False,,0.0,0.53,6.79,537.15,544.47,1
1107,fetchdata,medium,warm,200,135.56,135.53,0.02,128.85,6.69,False,128.81,0.0,0.03,0.0,,128.85,1
1108,linpack,small,cold,200,1634.09,1634.07,0.02,5.2,1628.87,True,,0.0,0.37,4.0,0.82,5.2,1
1109,genmatrix,large,cold,200,1380.59,1368.66,11.93,8.52,1360.14,True,,0.0,0.03,,8.48,8.52,1
1110,genmatrix,large,warm,200,57.5,45.21,12.29,1.15,44.06,False,,0.0,0.03,,1.11,1.14,1
1111,genmatrix,medium,warm,200,220.19,13.5,206.69,0.3,13.21,False,,0.0,0.03,,0.26,0.3,1
1112,fetchdata,medium,warm,200,134.0,133.98,0.02,127.39,6.59,False,127.35,0.0,0.03,0.0,,127.38,1
1113,linpack,large,warm,200,21.52,21.5,0.02,8.11,13.39,False,,0.0,0.52,6.43,1.16,8.11,1
1114,fastfouriertransform,medium,cold,200,2538.55,2538.53,0.02,619.76,1918.76,True,,0.0,3.89,0.0,615.86,619.76,1
1115,fetchdata,medium,warm,200,86.75,86.74,0.02,80.2,6.53,False,80.16,0.0,0.03,0.0,,80.2,1
1116,fastfouriertransform,medium,warm,200,644.95,644.93,0.02,610.4,34.53,False,,0.0,3.87,0.0,606.52,610.4,1
1117,matrixmul,small,cold,200,2027.25,2025.07,2.18,4.97,2020.1,True,,0.0,0.35,4.0,0.61,4.97,1
1118,fetchdata,small,warm,200,134.3,134.28,0.02,127.76,6.52,False,127.72,0.0,0.03,0.0,,127.75,1
1119,fastfouriertransform,medium,warm,200,656.65,656.64,0.02,635.46,21.18,False,,0.0,5.73,0.0,629.72,635.46,1
1120,matrixmul,large,warm,200,29.72,27.55,2.17,7.72,19.83,False,,0.0,0.52,6.33,0.86,7.72,1
1121,matrixmul,small,warm,200,29.34,27.17,2.17,7.73,19.44,False,,0.0,0.54,6.31,0.88,7.73,1
1122,fetchdata,medium,warm,200,131.79,131.77,0.02,125.09,6.69,False,125.05,0.0,0.03,0.0,,125.08,1
1123,linpack,large,cold,200,2057.1,2057.08,0.02,5.18,2051.9,True,,0.0,0.37,3.99,0.81,5.18,1
1124,genmatrix,small,cold,200,1291.43,1290.83,0.6,6.12,1284.71,True,,0.0,0.02,,6.09,6.12,1
1125,fetchdata,medium,warm,200,88.65,88.63,0.02,81.85,6.78,False,81.8,0.0,0.03,0.0,,81.84,1
1126,linpack,medium,warm,200,691.69,691.67,0.02,679.89,11.78,False,,0.0,0.53,6.34,673.01,679.88,1
1127,matrixmul,medium,warm,200,757.97,756.02,1.95,533.43,222.59,False,,0.0,0.53,6.36,526.54,533.43,1
1128,matrixmul,small,warm,200,27.92,26.0,1.92,7.74,18.25,False,,0.0,0.54,6.32,0.87,7.74,1
1129,fastfouriertransform,medium,cold,200,1980.92,1980.9,0.02,631.23,1349.67,True,,0.0,3.85,0.0,627.37,631.23,1
1130,linpack,medium,warm,200,688.24,688.24,0.01,679.77,8.47,False,,0.0,0.52,6.33,672.9,679.77,1
1131,fetchdata,small,warm,200,135.52,135.5,0.02,129.25,6.24,False,129.22,0.0,0.03,0.0,,129.25,1
1132,linpack,medium,warm,200,698.14,698.12,0.02,686.74,11.38,False,,0.0,0.52,6.4,679.81,686.74,1
1133,fastfouriertransform,small,warm,200,39.52,39.5,0.01,4.7,34.8,False,,0.0,3.84,0.0,0.85,4.7,1
1134,genmatrix,medium,cold,200,1867.04,1864.44,2.6,6.31,1858.13,True,,0.0,0.03,,6.27,6.31,1
1135,linpack,large,warm,200,19.38,19.36,0.02,8.08,11.28,False,,0.0,0.57,6.35,1.15,8.08,1
1136,matrixmul,medium,cold,200,1802.84,1800.81,2.03,507.71,1293.1,True,,0.0,0.38,3.99,503.33,507.71,1
1137,linpack,small,warm,200,19.53,19.51,0.02,8.03,11.48,False,,0.0,0.55,6.34,1.13,8.03,1
1138,fastfouriertransform,medium,warm,200,737.21,737.19,0.02,705.6,31.59,False,,0.0,3.85,0.0,701.74,705.6,1
1139,fetchdata,medium,cold,200,2138.52,2138.5,0.02,128.7,2009.8,True,128.66,0.0,0.03,0.0,,128.7,1
1140,genmatrix,medium,warm,200,17.56,15.34,2.22,0.29,15.05,False,,0.0,0.03,,0.25,0.29,1
1141,genmatrix,small,warm,200,8.51,7.83,0.68,0.15,7.67,False,,0.0,0.03,,0.12,0.15,1
1142,matrixmul,small,warm,200,28.9,26.98,1.91,7.72,19.26,False,,0.0,0.52,6.33,0.86,7.72,1
1143,linpack,large,warm,200,19.45,19.43,0.02,8.02,11.41,False,,0.0,0.53,6.35,1.13,8.02,1
1144,fetchdata,medium,warm,200,136.01,135.99,0.02,129.13,6.87,False,129.09,0.0,0.03,0.0,,129.12,1
1145,linpack,medium,warm,200,695.71,695.69,0.03,684.51,11.17,False,,0.0,0.55,6.33,677.62,684.51,1
1146,fastfouriertransform,medium,cold,200,2552.72,2552.7,0.02,603.59,1949.11,True,,0.0,3.86,0.0,599.72,603.59,1
1147,linpack,medium,warm,200,701.52,701.5,0.02,689.14,12.36,False,,0.0,0.52,6.34,682.29,689.14,1
1148,linpack,medium,warm,200,692.52,692.51,0.01,681.08,11.43,False,,0.0,0.51,6.34,674.23,681.08,1
1149,linpack,large,warm,200,19.11,19.09,0.02,7.98,11.11,False,,0.0,0.51,6.32,1.15,7.98,1
1150,linpack,small,warm,200,16.0,16.0,0.0,8.01,7.99,False,,0.0,0.53,6.34,1.13,8.01,1
1151,fetchdata,small,cold,200,2110.69,2110.68,0.02,140.45,1970.23,True,140.41,0.0,0.03,0.0,,140.44,1
1152,matrixmul,medium,cold,200,1805.39,1803.24,2.15,505.94,1297.3,True,,0.0,0.35,4.02,501.57,505.94,1
1153,genmatrix,large,cold,200,1382.88,1370.98,11.89,11.49,1359.5,True,,0.0,0.03,,11.45,11.48,1
1154,genmatrix,small,warm,200,8.8,8.16,0.64,0.15,8.01,False,,0.0,0.03,,0.12,0.15,1
1155,fetchdata,large,warm,200,135.31,135.3,0.02,128.99,6.3,False,128.96,0.0,0.02,0.0,,128.99,1
1156,linpack,medium,warm,200,692.73,692.71,0.02,680.5,12.2,False,,0.0,0.51,6.35,673.63,680.5,1
1157,linpack,small,warm,200,20.2,20.18,0.02,8.15,12.03,False,,0.0,0.51,6.45,1.18,8.15,1
1158,fastfouriertransform,small,cold,200,1990.34,1990.32,0.02,6.0,1984.32,True,,0.0,3.87,0.0,2.12,6.0,1
1159,fetchdata,large,warm,200,137.85,137.83,0.02,131.41,6.41,False,131.38,0.0,0.03,0.0,,131.41,1
1160,genmatrix,medium,warm,200,15.6,13.63,1.98,0.3,13.33,False,,0.0,0.03,,0.26,0.3,1
1161,linpack,medium,warm,200,892.4,892.38,0.02,673.84,218.54,False,,0.0,0.52,6.34,666.98,673.84,1
1162,fetchdata,large,warm,200,83.94,83.92,0.02,77.61,6.32,False,77.58,0.0,0.02,0.0,,77.6,1
1163,linpack,small,warm,200,19.31,19.29,0.02,8.0,11.29,False,,0.0,0.51,6.35,1.13,8.0,1
1164,genmatrix,large,warm,200,57.66,45.94,11.72,1.16,44.79,False,,0.0,0.03,,1.12,1.16,1
1165,genmatrix,small,warm,200,8.81,8.05,0.77,0.15,7.9,False,,0.0,0.03,,0.12,0.15,1
1166,matrixmul,large,cold,200,2003.19,2001.14,2.05,4.97,1996.17,True,,0.0,0.35,4.01,0.6,4.97,1
1167,genmatrix,large,warm,200,58.03,46.23,11.81,1.27,44.96,False,,0.0,0.03,,1.23,1.26,1
1168,genmatrix,large,warm,200,56.9,46.38,10.53,1.18,45.2,False,,0.0,0.03,,1.14,1.18,1
1169,linpack,large,warm,200,20.25,20.23,0.02,8.26,11.96,False,,0.0,0.52,6.56,1.17,8.26,1
1170,matrixmul,large,warm,200,29.31,27.26,2.06,7.73,19.53,False,,0.0,0.53,6.33,0.87,7.73,1
1171,linpack,medium,warm,200,701.55,701.53,0.02,684.72,16.81,False,,0.0,0.51,6.32,677.88,684.72,1
1172,matrixmul,small,warm,200,234.11,231.77,2.34,7.77,224.01,False,,0.0,0.54,6.35,0.88,7.76,1
1173,genmatrix,medium,warm,200,16.22,13.9,2.32,0.3,13.6,False,,0.0,0.04,,0.26,0.3,1
1174,fastfouriertransform,medium,cold,200,2664.05,2664.03,0.02,602.11,2061.91,True,,0.0,3.9,0.0,598.2,602.11,1
1175,linpack,medium,warm,200,694.1,694.09,0.02,682.88,11.2,False,,0.0,0.52,6.45,675.91,682.88,1
1176,fastfouriertransform,large,warm,200,42.11,42.1,0.02,7.33,34.77,False,,0.0,6.15,0.0,1.16,7.32,1
1177,matrixmul,medium,warm,200,543.61,541.63,1.98,525.83,15.8,False,,0.0,0.52,6.34,518.97,525.83,1
1178,linpack,large,warm,200,17.37,17.35,0.02,8.03,9.32,False,,0.0,0.52,6.36,1.15,8.03,1
1179,fetchdata,large,cold,200,1952.22,1952.2,0.02,137.01,1815.19,True,136.97,0.0,0.02,0.0,,137.01,1
1180,fastfouriertransform,large,warm,200,43.17,43.14,0.02,7.5,35.64,False,,0.0,6.35,0.0,1.15,7.5,1
1181,matrixmul,small,warm,200,27.82,25.98,1.84,7.78,18.19,False,,0.0,0.53,6.37,0.88,7.78,1
1182,linpack,large,warm,200,19.36,19.34,0.02,8.05,11.29,False,,0.0,0.51,6.4,1.13,8.05,1
1183,linpack,medium,warm,200,698.82,698.8,0.02,687.23,11.57,False,,0.0,0.54,6.34,680.34,687.23,1
1184,fetchdata,large,warm,200,138.97,138.95,0.02,132.69,6.26,False,132.66,0.0,0.02,0.0,,132.69,1
1185,fetchdata,small,warm,200,85.37,85.35,0.02,78.47,6.88,False,78.44,0.0,0.02,0.0,,78.47,1
1186,linpack,large,warm,200,18.81,18.79,0.02,8.01,10.78,False,,0.0,0.52,6.35,1.15,8.01,1
1187,fastfouriertransform,small,cold,200,1723.97,1723.95,0.02,5.98,1717.96,True,,0.0,3.85,0.0,2.13,5.98,1
1188,fastfouriertransform,medium,warm,200,671.86,671.84,0.02,636.18,35.66,False,,0.0,6.07,0.0,630.1,636.18,1
1189,genmatrix,medium,cold,200,1385.33,1382.9,2.44,6.31,1376.59,True,,0.0,0.02,,6.28,6.31,1
1190,fetchdata,medium,warm,200,134.81,134.8,0.02,128.81,5.99,False,128.78,0.0,0.02,0.0,,128.81,1
1191,fetchdata,medium,warm,200,82.34,82.32,0.03,76.32,6.0,False,76.29,0.0,0.02,0.0,,76.32,1
1192,linpack,large,warm,200,19.18,19.16,0.02,8.03,11.13,False,,0.0,0.52,6.38,1.13,8.03,1
1193,matrixmul,large,cold,200,1587.68,1584.98,2.69,4.94,1580.04,True,,0.0,0.35,4.0,0.59,4.94,1
1194,fastfouriertransform,large,warm,200,41.46,41.45,0.02,7.3,34.14,False,,0.0,6.1,0.0,1.19,7.3,1
1195,fetchdata,large,warm,200,138.98,138.96,0.02,133.1,5.87,False,133.06,0.0,0.03,0.0,,133.1,1
1196,fetchdata,large,warm,200,93.04,93.02,0.02,86.07,6.94,False,86.03,0.0,0.03,0.0,,86.07,1
1197,genmatrix,large,cold,200,1941.74,1933.48,8.26,8.76,1924.73,True,,0.0,0.02,,8.72,8.76,1
1198,matrixmul,large,warm,200,29.53,27.08,2.45,7.72,19.36,False,,0.0,0.52,6.33,0.86,7.72,1
1199,matrixmul,medium,warm,200,688.9,686.78,2.13,542.88,143.9,False,,0.0,0.54,6.4,535.93,542.88,1
1200,fetchdata,medium,warm,200,147.37,147.35,0.02,141.49,5.86,False,141.46,0.0,0.03,0.0,,141.49,1
1201,linpack,medium,cold,200,2270.34,2270.32,0.02,645.06,1625.26,True,,0.0,0.36,4.03,640.67,645.06,1
1202,linpack,medium,warm,200,692.39,692.37,0.02,680.75,11.63,False,,0.0,0.58,6.3,673.86,680.75,1
1203,genmatrix,large,warm,200,53.87,45.98,7.89,1.14,44.85,False,,0.0,0.03,,1.1,1.14,1
1204,matrixmul,small,warm,200,29.1,27.05,2.05,7.76,19.29,False,,0.0,0.52,6.34,0.89,7.76,1
1205,fetchdata,medium,warm,200,134.04,134.02,0.02,127.72,6.3,False,127.69,0.0,0.02,0.0,,127.72,1
1206,linpack,medium,warm,200,691.97,691.95,0.02,680.38,11.58,False,,0.0,0.52,6.31,673.54,680.37,1
1207,fetchdata,medium,warm,200,133.89,133.87,0.02,128.11,5.76,False,128.09,0.0,0.02,0.0,,128.11,1
1208,genmatrix,large,warm,200,56.82,47.98,8.84,1.22,46.76,False,,0.0,0.03,,1.18,1.22,1
1209,fetchdata,large,warm,200,137.4,137.38,0.02,131.18,6.2,False,131.15,0.0,0.02,0.0,,131.18,1
1210,matrixmul,medium,warm,200,562.34,560.34,2.0,544.51,15.83,False,,0.0,0.55,6.36,537.6,544.51,1
1211,matrixmul,medium,warm,200,550.11,548.21,1.9,532.25,15.97,False,,0.0,0.52,6.36,525.36,532.24,1
1212,linpack,large,warm,200,20.83,20.81,0.02,8.02,12.79,False,,0.0,0.58,6.3,1.13,8.02,1
1213,genmatrix,medium,warm,200,15.69,13.55,2.14,0.29,13.25,False,,0.0,0.03,,0.26,0.29,1
1214,fastfouriertransform,large,cold,200,1568.7,1568.68,0.02,6.07,1562.62,True,,0.0,3.92,0.0,2.13,6.06,1
1215,linpack,medium,warm,200,687.47,687.46,0.02,675.56,11.89,False,,0.0,0.54,6.32,668.69,675.56,1
1216,matrixmul,medium,warm,200,714.6,561.54,153.06,544.62,16.92,False,,0.0,0.54,6.5,537.58,544.62,1
1217,fetchdata,medium,cold,200,1498.29,1498.28,0.02,137.14,1361.13,True,137.11,0.0,0.02,0.0,,137.14,1
1218,fastfouriertransform,medium,warm,200,709.61,709.55,0.06,675.58,33.97,False,,0.0,6.18,0.0,669.38,675.58,1
1219,fastfouriertransform,medium,warm,200,693.06,693.03,0.02,658.19,34.84,False,,0.0,6.1,0.0,652.08,658.19,1
1220,matrixmul,large,warm,200,29.06,26.81,2.26,7.75,19.06,False,,0.0,0.53,6.33,0.88,7.75,1
1221,genmatrix,large,cold,200,1906.35,1895.02,11.33,8.49,1886.54,True,,0.0,0.02,,8.46,8.49,1
1222,matrixmul,small,warm,200,29.09,26.89,2.2,7.75,19.14,False,,0.0,0.52,6.35,0.88,7.75,1
1223,fetchdata,large,warm,200,141.97,141.95,0.02,135.18,6.77,False,135.14,0.0,0.03,0.0,,135.18,1
1224,genmatrix,large,warm,200,57.09,46.67,10.42,1.15,45.52,False,,0.0,0.03,,1.11,1.15,1
1225,genmatrix,small,warm,200,8.91,8.14,0.77,0.15,7.99,False,,0.0,0.03,,0.11,0.15,1
1226,fastfouriertransform,large,cold,200,1631.13,1631.11,0.02,5.99,1625.12,True,,0.0,3.83,0.0,2.15,5.99,1
1227,linpack,small,cold,200,1397.72,1397.7,0.02,5.2,1392.51,True,,0.0,0.39,4.0,0.81,5.19,1
1228,fetchdata,small,warm,200,143.48,143.46,0.02,136.9,6.56,False,136.86,0.0,0.03,0.0,,136.89,1
1229,linpack,small,warm,200,19.54,19.52,0.02,8.08,11.44,False,,0.0,0.53,6.39,1.15,8.08,1
1230,fetchdata,small,warm,200,138.83,138.81,0.03,131.64,7.17,False,131.6,0.0,0.03,0.0,,131.64,1
1231,fastfouriertransform,medium,warm,200,654.22,654.2,0.02,617.79,36.42,False,,0.0,3.83,0.0,613.94,617.78,1
1232,genmatrix,large,cold,200,1891.54,1880.46,11.07,10.04,1870.43,True,,0.0,0.03,,10.0,10.03,1
1233,matrixmul,small,cold,200,1339.36,1337.02,2.34,5.0,1332.02,True,,0.0,0.35,4.03,0.61,5.0,1
1234,fetchdata,small,warm,200,141.79,141.77,0.02,134.97,6.8,False,134.93,0.0,0.03,0.0,,134.97,1
1235,linpack,small,warm,200,19.4,19.38,0.02,8.06,11.32,False,,0.0,0.54,6.35,1.17,8.06,1
1236,matrixmul,large,warm,200,28.28,26.2,2.08,7.92,18.28,False,,0.0,0.59,6.45,0.87,7.91,1
1237,matrixmul,medium,warm,200,756.1,753.88,2.22,531.39,222.49,False,,0.0,0.6,6.33,524.45,531.39,1
1238,fetchdata,medium,warm,200,145.35,145.33,0.02,138.67,6.66,False,138.63,0.0,0.03,0.0,,138.67,1
1239,genmatrix,medium,cold,200,1938.97,1936.47,2.5,6.74,1929.73,True,,0.0,0.03,,6.71,6.74,1
1240,fastfouriertransform,small,cold,200,1410.19,1410.17,0.02,6.47,1403.7,True,,0.0,3.95,0.0,2.52,6.47,1
1241,linpack,small,warm,200,19.73,19.71,0.02,8.01,11.7,False,,0.0,0.52,6.34,1.14,8.01,1
1242,linpack,large,warm,200,19.56,19.54,0.02,8.11,11.43,False,,0.0,0.52,6.39,1.19,8.11,1
1243,fastfouriertransform,small,warm,200,43.41,43.4,0.01,7.44,35.96,False,,0.0,6.23,0.0,1.2,7.43,1
1244,matrixmul,small,cold,200,1775.34,1773.07,2.26,4.95,1768.12,True,,0.0,0.35,4.01,0.59,4.95,1
1245,fastfouriertransform,medium,warm,200,695.63,695.61,0.02,659.22,36.39,False,,0.0,6.12,0.0,653.09,659.22,1
1246,matrixmul,small,warm,200,30.06,28.13,1.93,8.11,20.02,False,,0.0,0.66,6.54,0.91,8.11,1
1247,genmatrix,small,cold,200,1267.3,1266.63,0.67,6.77,1259.86,True,,0.0,0.03,,6.73,6.76,1
1248,fastfouriertransform,medium,warm,200,680.13,680.11,0.02,645.06,35.05,False,,0.0,6.21,0.0,638.84,645.06,1
1249,linpack,large,cold,200,1516.45,1516.43,0.02,5.78,1510.64,True,,0.0,0.45,4.25,1.08,5.78,1
1250,fastfouriertransform,medium,warm,200,667.27,667.25,0.02,631.59,35.66,False,,0.0,6.16,0.0,625.41,631.59,1
1251,genmatrix,medium,warm,200,14.23,12.06,2.17,0.23,11.84,False,,0.0,0.03,,0.19,0.23,1
1252,linpack,large,warm,200,227.79,227.76,0.02,8.0,219.76,False,,0.0,0.52,6.32,1.15,8.0,1
1253,matrixmul,small,cold,200,1998.09,1995.97,2.12,4.94,1991.04,True,,0.0,0.34,4.0,0.59,4.94,1
1254,linpack,medium,warm,200,894.51,894.49,0.02,681.65,212.85,False,,0.0,0.52,6.33,674.78,681.64,1
1255,genmatrix,small,warm,200,7.8,7.23,0.57,0.12,7.11,False,,0.0,0.03,,0.09,0.12,1
1256,fastfouriertransform,medium,warm,200,663.7,663.68,0.02,628.86,34.82,False,,0.0,6.09,0.0,622.76,628.86,1
1257,fetchdata,large,cold,200,1762.81,1762.79,0.02,123.29,1639.5,True,123.26,0.0,0.02,0.0,,123.29,1
1258,matrixmul,large,warm,200,172.91,170.4,2.52,7.77,162.63,False,,0.0,0.55,6.34,0.88,7.77,1
1259,genmatrix,large,warm,200,46.01,34.38,11.64,0.86,33.52,False,,0.0,0.02,,0.83,0.86,1
1260,fetchdata,small,warm,200,94.16,94.14,0.02,87.2,6.93,False,87.17,0.0,0.03,0.0,,87.2,1
1261,genmatrix,medium,warm,200,15.48,13.5,1.98,0.3,13.21,False,,0.0,0.03,,0.26,0.3,1
1262,linpack,large,cold,200,1464.02,1464.0,0.02,5.21,1458.79,True,,0.0,0.38,4.0,0.82,5.21,1
1263,fetchdata,small,warm,200,136.73,136.72,0.02,129.77,6.94,False,129.73,0.0,0.03,0.0,,129.77,1
1264,linpack,large,warm,200,18.54,18.53,0.02,8.0,10.53,False,,0.0,0.52,6.31,1.16,8.0,1
1265,matrixmul,medium,cold,200,1805.18,1803.1,2.08,535.34,1267.76,True,,0.0,0.34,4.0,531.0,535.34,1
1266,linpack,medium,warm,200,683.29,683.28,0.02,672.09,11.18,False,,0.0,0.52,6.33,665.24,672.09,1
1267,fastfouriertransform,medium,cold,200,2671.98,2671.96,0.02,598.69,2073.27,True,,0.0,3.9,0.0,594.78,598.69,1
1268,fastfouriertransform,small,warm,200,42.26,42.25,0.01,7.22,35.03,False,,0.0,6.06,0.0,1.14,7.22,1
1269,fetchdata,medium,warm,200,136.98,136.96,0.02,130.0,6.95,False,129.96,0.0,0.03,0.0,,130.0,1
1270,genmatrix,small,cold,200,1344.13,1343.42,0.71,6.67,1336.76,True,,0.0,0.02,,6.64,6.66,1
1271,fastfouriertransform,medium,warm,200,676.71,676.69,0.02,641.44,35.25,False,,0.0,6.07,0.0,635.36,641.44,1
1272,matrixmul,small,cold,200,1415.41,1413.06,2.35,4.95,1408.11,True,,0.0,0.35,4.0,0.6,4.95,1
1273,matrixmul,medium,warm,200,523.64,521.75,1.89,505.71,16.05,False,,0.0,0.35,3.97,501.38,505.7,1
1274,genmatrix,medium,warm,200,17.28,15.27,2.01,0.32,14.95,False,,0.0,0.04,,0.28,0.32,1
1275,linpack,large,cold,200,1347.83,1347.81,0.02,5.21,1342.6,True,,0.0,0.36,4.0,0.84,5.21,1
1276,linpack,small,warm,200,20.21,20.19,0.02,8.04,12.16,False,,0.0,0.56,6.32,1.15,8.04,1
1277,genmatrix,large,warm,200,56.49,47.37,9.12,1.26,46.12,False,,0.0,0.03,,1.22,1.25,1
1278,genmatrix,large,warm,200,53.53,44.42,9.1,1.18,43.25,False,,0.0,0.03,,1.14,1.17,1
1279,fetchdata,small,cold,200,1730.72,1730.7,0.02,125.55,1605.15,True,125.51,0.0,0.02,0.0,,125.54,1
1280,fastfouriertransform,medium,cold,200,2060.27,2060.25,0.02,610.48,1449.76,True,,0.0,3.94,0.01,606.53,610.48,1
1281,genmatrix,small,warm,200,8.45,7.95,0.49,0.15,7.8,False,,0.0,0.03,,0.12,0.15,1
1282,matrixmul,large,cold,200,1372.61,1370.51,2.1,4.95,1365.57,True,,0.0,0.36,3.98,0.6,4.95,1
1283,linpack,large,cold,200,1404.5,1404.48,0.02,5.24,1399.24,True,,0.0,0.35,4.04,0.84,5.24,1
1284,genmatrix,large,warm,200,53.27,44.53,8.74,1.21,43.32,False,,0.0,0.03,,1.18,1.21,1
1285,fastfouriertransform,large,warm,200,42.6,42.59,0.01,7.27,35.33,False,,0.0,6.12,0.0,1.14,7.26,1
1286,genmatrix,medium,warm,200,14.34,12.33,2.01,0.29,12.04,False,,0.0,0.03,,0.26,0.29,1
1287,linpack,small,warm,200,16.62,16.6,0.02,5.19,11.41,False,,0.0,0.36,4.07,0.76,5.19,1
1288,fetchdata,small,cold,200,1661.87,1661.85,0.02,133.39,1528.47,True,133.35,0.0,0.02,0.0,,133.38,1
1289,matrixmul,small,cold,200,1401.52,1399.14,2.38,5.04,1394.1,True,,0.0,0.43,4.01,0.6,5.04,1
1290,matrixmul,large,warm,200,28.71,26.53,2.18,7.75,18.78,False,,0.0,0.52,6.33,0.89,7.75,1
1291,linpack,medium,warm,200,654.46,654.44,0.02,642.4,12.04,False,,0.0,0.35,3.98,638.06,642.39,1
1292,matrixmul,large,warm,200,28.71,26.18,2.53,7.79,18.39,False,,0.0,0.55,6.34,0.89,7.79,1
1293,linpack,medium,warm,200,653.1,653.08,0.02,641.12,11.96,False,,0.0,0.34,3.97,636.8,641.12,1
1294,linpack,large,warm,200,16.46,16.44,0.02,5.06,11.38,False,,0.0,0.35,3.97,0.73,5.06,1
1295,fetchdata,small,cold,200,1773.58,1773.56,0.02,123.43,1650.12,True,123.4,0.0,0.02,0.0,,123.43,1
1296,linpack,small,warm,200,16.82,16.8,0.02,5.08,11.73,False,,0.0,0.35,3.98,0.75,5.08,1
1297,linpack,medium,warm,200,944.52,944.51,0.02,727.13,217.37,False,,0.0,0.52,6.39,720.22,727.13,1
1298,linpack,large,warm,200,16.45,16.43,0.02,5.07,11.36,False,,0.0,0.34,3.98,0.75,5.07,1
1299,genmatrix,small,cold,200,1646.37,1645.71,0.66,6.18,1639.54,True,,0.0,0.03,,6.15,6.18,1
1300,linpack,small,warm,200,19.77,19.75,0.02,8.03,11.72,False,,0.0,0.51,6.36,1.16,8.03,1
1301,fastfouriertransform,large,cold,200,1338.52,1338.5,0.02,6.15,1332.35,True,,0.0,3.87,0.0,2.27,6.15,1
1302,linpack,small,warm,200,16.47,16.45,0.02,5.07,11.39,False,,0.0,0.34,3.98,0.75,5.07,1
1303,linpack,large,warm,200,225.53,225.51,0.02,8.12,217.39,False,,0.0,0.57,6.39,1.15,8.12,1
1304,fetchdata,small,cold,200,1848.33,1848.31,0.02,128.12,1720.19,True,128.09,0.0,0.03,0.0,,128.12,1
1305,genmatrix,large,warm,200,56.76,47.85,8.91,1.37,46.48,False,,0.0,0.04,,1.32,1.37,1
1306,matrixmul,small,cold,200,1322.75,1320.43,2.32,5.04,1315.39,True,,0.0,0.35,4.06,0.62,5.04,1
1307,fetchdata,large,warm,200,88.89,88.87,0.02,81.96,6.91,False,81.92,0.0,0.03,0.0,,81.96,1
1308,linpack,medium,warm,200,655.07,655.05,0.02,643.09,11.97,False,,0.0,0.35,3.98,638.75,643.09,1
1309,fastfouriertransform,large,cold,200,1827.62,1827.6,0.02,6.14,1821.46,True,,0.0,3.89,0.0,2.24,6.14,1
1310,matrixmul,small,warm,200,28.65,26.64,2.01,7.81,18.83,False,,0.0,0.59,6.35,0.86,7.8,1
1311,matrixmul,small,warm,200,28.55,26.72,1.83,7.73,18.99,False,,0.0,0.55,6.31,0.87,7.73,1
1312,linpack,medium,warm,200,694.53,694.51,0.02,682.16,12.34,False,,0.0,0.34,3.98,677.84,682.16,1
1313,matrixmul,large,warm,200,28.15,26.04,2.11,7.76,18.28,False,,0.0,0.52,6.36,0.87,7.76,1
1314,fastfouriertransform,large,warm,200,42.09,42.08,0.01,7.2,34.89,False,,0.0,6.04,0.0,1.15,7.19,1
1315,matrixmul,large,warm,200,28.28,26.23,2.06,7.72,18.51,False,,0.0,0.52,6.33,0.87,7.72,1
1316,genmatrix,large,cold,200,1834.82,1812.46,22.36,9.15,1803.31,True,,0.0,0.02,,9.11,9.14,1
1317,fastfouriertransform,medium,warm,200,664.24,664.22,0.02,630.83,33.39,False,,0.0,6.11,0.0,624.71,630.83,1
1318,genmatrix,small,warm,200,8.86,8.25,0.61,0.16,8.09,False,,0.0,0.03,,0.12,0.15,1
1319,fetchdata,large,cold,200,1572.01,1572.0,0.02,124.79,1447.2,True,124.76,0.0,0.02,0.0,,124.79,1
1320,fastfouriertransform,small,warm,200,41.28,41.27,0.01,7.26,34.01,False,,0.0,6.09,0.0,1.16,7.25,1
1321,matrixmul,medium,warm,200,554.2,552.01,2.19,535.62,16.39,False,,0.0,0.54,6.31,528.76,535.62,1
1322,fastfouriertransform,large,warm,200,43.99,43.97,0.02,7.22,36.74,False,,0.0,6.09,0.0,1.12,7.22,1
1323,fastfouriertransform,small,warm,200,42.08,42.06,0.02,7.23,34.83,False,,0.0,6.08,0.0,1.14,7.23,1
1324,matrixmul,small,warm,200,27.56,25.31,2.25,7.73,17.58,False,,0.0,0.52,6.34,0.87,7.73,1
1325,genmatrix,medium,cold,200,1913.39,1910.78,2.61,6.71,1904.07,True,,0.0,0.03,,6.68,6.71,1
1326,fetchdata,small,cold,200,1864.24,1864.22,0.02,129.25,1734.97,True,129.21,0.0,0.02,0.0,,129.25,1
1327,matrixmul,medium,warm,200,557.38,555.25,2.13,535.64,19.61,False,,0.0,0.53,6.3,528.81,535.64,1
1328,matrixmul,medium,warm,200,563.82,561.6,2.22,546.18,15.42,False,,0.0,0.53,6.28,539.36,546.18,1
1329,matrixmul,medium,warm,200,557.97,555.91,2.06,539.93,15.97,False,,0.0,0.55,6.3,533.08,539.93,1
1330,fastfouriertransform,large,cold,200,1698.56,1698.53,0.03,6.0,1692.53,True,,0.0,3.84,0.0,2.15,6.0,1
1331,linpack,small,cold,200,1601.12,1601.09,0.03,5.23,1595.86,True,,0.0,0.37,4.02,0.83,5.23,1
1332,genmatrix,small,cold,200,1668.66,1668.01,0.65,6.09,1661.92,True,,0.0,0.03,,6.06,6.09,1
1333,fetchdata,large,cold,200,1615.48,1615.46,0.02,121.79,1493.67,True,121.76,0.0,0.02,0.0,,121.79,1
1334,matrixmul,large,warm,200,28.97,26.74,2.23,7.7,19.05,False,,0.0,0.52,6.3,0.88,7.7,1
1335,fetchdata,large,warm,200,88.42,88.4,0.02,81.43,6.98,False,81.39,0.0,0.03,0.0,,81.43,1
1336,fetchdata,small,warm,200,89.07,89.05,0.02,82.24,6.8,False,82.2,0.0,0.03,0.0,,82.24,1
1337,fastfouriertransform,medium,cold,200,2143.09,2143.07,0.02,610.46,1532.61,True,,0.0,3.85,0.0,606.6,610.46,1
1338,matrixmul,large,warm,200,28.8,26.73,2.06,7.72,19.01,False,,0.0,0.51,6.33,0.88,7.72,1
1339,linpack,medium,cold,200,2606.67,2606.65,0.02,643.24,1963.41,True,,0.0,0.34,4.02,638.88,643.24,1
1340,linpack,medium,warm,200,708.52,708.5,0.02,696.13,12.37,False,,0.0,0.51,6.31,689.3,696.13,1
1341,fetchdata,small,warm,200,133.36,133.34,0.02,126.32,7.02,False,126.28,0.0,0.03,0.0,,126.32,1
1342,matrixmul,medium,warm,200,552.13,549.95,2.18,533.64,16.31,False,,0.0,0.51,6.31,526.8,533.63,1
1343,fetchdata,medium,warm,200,87.21,87.19,0.02,80.54,6.65,False,80.5,0.0,0.03,0.0,,80.54,1
1344,fetchdata,large,warm,200,88.15,88.13,0.02,81.46,6.68,False,81.42,0.0,0.03,0.0,,81.45,1
1345,fastfouriertransform,small,cold,200,2146.45,2146.43,0.02,6.51,2139.92,True,,0.0,3.97,0.0,2.53,6.51,1
1346,matrixmul,large,warm,200,29.1,26.95,2.15,7.73,19.22,False,,0.0,0.51,6.34,0.87,7.73,1
1347,fastfouriertransform,small,warm,200,42.94,42.92,0.02,7.5,35.42,False,,0.0,6.3,0.0,1.19,7.5,1
1348,fetchdata,small,warm,200,133.05,133.03,0.02,126.71,6.32,False,126.66,0.0,0.03,0.0,,126.7,1
1349,fastfouriertransform,large,warm,200,42.76,42.75,0.01,7.46,35.29,False,,0.0,6.25,0.0,1.2,7.45,1
1350,fastfouriertransform,medium,warm,200,657.22,657.19,0.03,622.26,34.93,False,,0.0,6.29,0.0,615.95,622.26,1
1351,linpack,large,cold,200,1705.86,1705.85,0.02,5.17,1700.67,True,,0.0,0.35,4.0,0.81,5.17,1
1352,fastfouriertransform,small,warm,200,41.93,41.92,0.01,7.5,34.42,False,,0.0,6.3,0.0,1.19,7.5,1
1353,fastfouriertransform,medium,warm,200,665.38,665.36,0.02,633.04,32.32,False,,0.0,6.29,0.0,626.74,633.04,1
1354,matrixmul,small,cold,200,1421.48,1419.15,2.33,5.13,1414.03,True,,0.0,0.37,4.14,0.61,5.13,1
1355,linpack,small,warm,200,17.07,17.05,0.02,5.13,11.92,False,,0.0,0.39,3.98,0.76,5.13,1
1356,fastfouriertransform,small,warm,200,41.95,41.94,0.01,7.52,34.42,False,,0.0,6.3,0.0,1.21,7.52,1
1357,linpack,medium,warm,200,698.09,698.07,0.02,686.09,11.98,False,,0.0,0.39,4.01,681.68,686.09,1
1358,fetchdata,large,cold,200,2121.72,2121.7,0.02,146.67,1975.03,True,146.64,0.0,0.02,0.0,,146.67,1
1359,linpack,medium,warm,200,665.18,665.16,0.02,653.31,11.85,False,,0.0,0.37,3.98,648.95,653.31,1
1360,linpack,large,warm,200,16.47,16.45,0.02,5.08,11.37,False,,0.0,0.34,3.99,0.75,5.08,1
1361,genmatrix,small,cold,200,2246.93,2246.28,0.65,6.17,2240.11,True,,0.0,0.03,,6.13,6.17,1
1362,genmatrix,small,warm,200,11.02,10.35,0.67,0.16,10.18,False,,0.0,0.04,,0.12,0.16,1
1363,linpack,small,warm,200,16.64,16.62,0.02,5.06,11.57,False,,0.0,0.34,3.97,0.74,5.05,1
1364,matrixmul,medium,cold,200,2525.54,2523.34,2.19,550.25,1973.1,True,,0.0,0.35,3.98,545.9,550.25,1
1365,genmatrix,small,warm,200,8.48,7.81,0.68,0.15,7.66,False,,0.0,0.03,,0.11,0.15,1
1366,linpack,large,warm,200,16.5,16.48,0.02,5.08,11.4,False,,0.0,0.34,3.99,0.75,5.08,1
1367,fetchdata,large,cold,200,1540.48,1540.46,0.02,123.35,1417.11,True,123.31,0.0,0.02,0.0,,123.34,1
1368,matrixmul,large,warm,200,135.91,133.76,2.15,7.77,125.99,False,,0.0,0.53,6.3,0.94,7.77,1
1369,matrixmul,small,warm,200,29.24,26.97,2.27,7.8,19.18,False,,0.0,0.56,6.3,0.93,7.79,1
1370,genmatrix,large,warm,200,69.55,46.7,22.85,1.38,45.32,False,,0.0,0.03,,1.34,1.38,1
1371,matrixmul,large,warm,200,24.83,22.6,2.23,7.75,14.85,False,,0.0,0.52,6.28,0.94,7.75,1
1372,genmatrix,large,warm,200,65.84,45.98,19.86,1.13,44.86,False,,0.0,0.03,,1.09,1.12,1
1373,matrixmul,medium,warm,200,627.68,624.87,2.81,608.94,15.93,False,,0.0,0.52,6.33,602.09,608.94,1
1374,fetchdata,medium,cold,200,2341.78,2341.75,0.02,126.23,2215.52,True,126.2,0.0,0.02,0.0,,126.23,1
1375,matrixmul,small,warm,200,27.95,26.03,1.92,8.0,18.04,False,,0.0,0.54,6.51,0.94,8.0,1
1376,linpack,medium,cold,200,1891.37,1891.36,0.01,658.41,1232.95,True,,0.0,0.37,4.01,654.01,658.4,1
1377,fetchdata,small,warm,200,90.71,90.71,0.01,85.24,5.47,False,85.2,0.0,0.03,0.0,,85.24,1
1378,genmatrix,large,warm,200,63.36,46.28,17.09,1.24,45.03,False,,0.0,0.03,,1.21,1.24,1
1379,fetchdata,medium,warm,200,136.06,136.04,0.02,129.47,6.57,False,129.43,0.0,0.03,0.0,,129.47,1
1380,fastfouriertransform,large,cold,200,2205.03,2205.01,0.02,5.97,2199.05,True,,0.0,3.84,0.0,2.12,5.96,1
1381,matrixmul,medium,warm,200,765.68,763.34,2.34,584.12,179.22,False,,0.0,0.54,6.32,577.25,584.12,1
1382,linpack,large,warm,200,17.54,17.52,0.02,8.0,9.52,False,,0.0,0.55,6.31,1.13,8.0,1
1383,fetchdata,medium,warm,200,135.23,135.22,0.01,129.42,5.8,False,129.38,0.0,0.03,0.0,,129.42,1
1384,fetchdata,medium,warm,200,90.34,90.32,0.02,83.48,6.84,False,83.44,0.0,0.03,0.0,,83.48,1
1385,fetchdata,medium,warm,200,135.83,135.81,0.02,129.07,6.73,False,129.03,0.0,0.03,0.0,,129.07,1
1386,fastfouriertransform,medium,warm,200,659.32,659.3,0.02,624.95,34.35,False,,0.0,6.1,0.0,618.84,624.95,1
1387,genmatrix,small,cold,200,2098.54,2098.03,0.51,6.68,2091.35,True,,0.0,0.03,,6.65,6.68,1
1388,linpack,large,warm,200,16.68,16.66,0.02,5.17,11.5,False,,0.0,0.35,4.03,0.79,5.17,1
1389,fetchdata,small,warm,200,135.36,135.35,0.01,130.01,5.34,False,129.97,0.0,0.03,0.0,,130.01,1
1390,genmatrix,medium,warm,200,17.53,14.65,2.88,0.33,14.33,False,,0.0,0.04,,0.28,0.32,1
1391,linpack,large,warm,200,222.95,222.93,0.02,5.12,217.81,False,,0.0,0.35,3.99,0.77,5.12,1
1392,fastfouriertransform,small,warm,200,40.94,40.92,0.02,7.25,33.67,False,,0.0,6.08,0.0,1.16,7.25,1
1393,fetchdata,large,warm,200,135.34,135.32,0.02,129.16,6.16,False,129.12,0.0,0.04,0.0,,129.16,1
1394,linpack,small,warm,200,13.85,13.84,0.01,5.06,8.79,False,,0.0,0.34,3.98,0.73,5.05,1
1395,matrixmul,small,cold,200,1897.37,1894.84,2.53,5.01,1889.83,True,,0.0,0.35,4.04,0.61,5.01,1
1396,genmatrix,medium,warm,200,221.6,13.2,208.4,0.29,12.9,False,,0.0,0.03,,0.26,0.29,1
1397,fastfouriertransform,small,warm,200,41.75,41.74,0.01,7.25,34.49,False,,0.0,6.05,0.0,1.2,7.25,1
1398,fetchdata,large,warm,200,138.23,138.21,0.02,131.5,6.71,False,131.47,0.0,0.02,0.0,,131.5,1
1399,fastfouriertransform,large,warm,200,41.51,41.5,0.02,7.32,34.18,False,,0.0,6.1,0.0,1.21,7.32,1
1400,matrixmul,small,warm,200,25.16,22.74,2.42,7.75,14.99,False,,0.0,0.52,6.34,0.89,7.75,1
1401,linpack,large,cold,200,1927.07,1927.05,0.02,5.21,1921.84,True,,0.0,0.35,4.01,0.84,5.21,1
1402,fetchdata,medium,warm,200,138.56,138.54,0.02,131.79,6.75,False,131.75,0.0,0.02,0.0,,131.78,1
1403,fetchdata,large,warm,200,88.94,88.92,0.02,82.27,6.65,False,82.24,0.0,0.03,0.0,,82.27,1
1404,genmatrix,medium,cold,200,1232.77,1230.13,2.63,6.73,1223.4,True,,0.0,0.03,,6.7,6.73,1
1405,matrixmul,medium,warm,200,572.57,570.3,2.27,554.65,15.66,False,,0.0,0.52,6.34,547.78,554.64,1
1406,linpack,large,warm,200,19.94,19.91,0.03,8.02,11.89,False,,0.0,0.53,6.32,1.17,8.02,1
1407,genmatrix,medium,warm,200,14.28,12.41,1.87,0.22,12.19,False,,0.0,0.03,,0.18,0.22,1
1408,genmatrix,medium,warm,200,13.12,11.2,1.92,0.21,10.99,False,,0.0,0.03,,0.18,0.21,1
1409,linpack,medium,warm,200,690.33,690.31,0.02,678.81,11.5,False,,0.0,0.58,6.35,671.88,678.81,1
1410,matrixmul,small,warm,200,28.02,26.44,1.59,7.78,18.66,False,,0.0,0.52,6.35,0.9,7.77,1
1411,matrixmul,medium,warm,200,562.76,560.57,2.19,544.88,15.69,False,,0.0,0.52,6.33,538.01,544.88,1
1412,fetchdata,medium,cold,200,2089.72,2089.69,0.03,124.9,1964.79,True,124.87,0.0,0.02,0.0,,124.9,1
1413,genmatrix,medium,warm,200,12.81,10.7,2.11,0.21,10.49,False,,0.0,0.02,,0.18,0.21,1
1414,fastfouriertransform,large,cold,200,2014.32,2014.29,0.03,6.06,2008.23,True,,0.0,3.9,0.0,2.14,6.06,1
1415,fetchdata,large,warm,200,88.02,88.0,0.02,81.28,6.73,False,81.24,0.0,0.03,0.0,,81.28,1
1416,fetchdata,small,warm,200,137.68,137.65,0.02,130.6,7.06,False,130.56,0.0,0.03,0.0,,130.59,1
1417,genmatrix,large,warm,200,70.08,46.18,23.9,1.3,44.88,False,,0.0,0.03,,1.26,1.3,1
1418,linpack,large,cold,200,1958.65,1958.63,0.02,5.2,1953.43,True,,0.0,0.35,4.02,0.83,5.2,1
1419,matrixmul,medium,cold,200,1887.28,1864.31,22.97,506.25,1358.06,True,,0.0,0.35,4.1,501.8,506.25,1
1420,fetchdata,small,warm,200,134.53,134.51,0.02,127.87,6.63,False,127.84,0.0,0.03,0.0,,127.87,1
1421,genmatrix,small,warm,200,7.37,6.7,0.68,0.12,6.58,False,,0.0,0.02,,0.09,0.12,1
1422,matrixmul,large,warm,200,28.87,26.77,2.11,7.71,19.05,False,,0.0,0.52,6.32,0.87,7.71,1
1423,fetchdata,medium,warm,200,87.93,87.91,0.02,81.49,6.42,False,81.45,0.0,0.03,0.0,,81.49,1
1424,linpack,large,warm,200,17.35,17.35,0.01,8.16,9.19,False,,0.0,0.55,6.43,1.18,8.16,1
1425,genmatrix,medium,warm,200,12.63,10.58,2.05,0.21,10.37,False,,0.0,0.02,,0.18,0.21,1
1426,matrixmul,large,warm,200,236.07,234.33,1.74,7.79,226.54,False,,0.0,0.57,6.34,0.86,7.78,1
1427,matrixmul,medium,warm,200,551.11,548.76,2.34,526.81,21.95,False,,0.0,0.52,6.33,519.96,526.81,1
1428,fetchdata,large,warm,200,133.11,133.08,0.02,126.8,6.28,False,126.76,0.0,0.03,0.0,,126.8,1
1429,genmatrix,small,warm,200,8.53,7.85,0.68,0.17,7.69,False,,0.0,0.04,,0.12,0.16,1
1430,fetchdata,large,warm,200,86.67,86.66,0.01,80.72,5.94,False,80.68,0.0,0.03,0.0,,80.72,1
1431,linpack,medium,cold,200,2849.57,2849.55,0.02,644.77,2204.78,True,,0.0,0.36,3.99,640.42,644.77,1
1432,fetchdata,large,warm,200,137.25,137.23,0.02,130.93,6.3,False,130.89,0.0,0.04,0.0,,130.93,1
1433,fastfouriertransform,large,cold,200,1418.65,1418.63,0.02,6.19,1412.44,True,,0.0,3.91,0.0,2.27,6.19,1
1434,fastfouriertransform,small,warm,200,40.95,40.94,0.02,7.3,33.64,False,,0.0,6.07,0.0,1.22,7.3,1
1435,fastfouriertransform,small,warm,200,41.75,41.74,0.01,7.22,34.52,False,,0.0,6.04,0.0,1.17,7.22,1
1436,matrixmul,small,cold,200,2007.82,2005.63,2.19,4.94,2000.69,True,,0.0,0.34,3.99,0.6,4.94,1
1437,fetchdata,small,warm,200,137.95,137.93,0.02,131.75,6.18,False,131.72,0.0,0.03,0.0,,131.75,1
1438,fetchdata,small,warm,200,88.11,88.09,0.02,81.75,6.34,False,81.71,0.0,0.02,0.0,,81.74,1
1439,fetchdata,large,warm,200,87.4,87.38,0.02,80.79,6.59,False,80.76,0.0,0.02,0.0,,80.79,1
1440,matrixmul,medium,warm,200,563.75,561.47,2.28,544.22,17.25,False,,0.0,0.58,6.33,537.31,544.22,1
1441,fastfouriertransform,large,warm,200,41.39,41.37,0.02,7.28,34.09,False,,0.0,6.1,0.0,1.17,7.28,1
1442,linpack,medium,cold,200,2475.13,2475.11,0.02,643.11,1832.0,True,,0.0,0.35,3.99,638.76,643.11,1
1443,matrixmul,small,warm,200,29.09,26.94,2.14,7.8,19.15,False,,0.0,0.58,6.35,0.86,7.8,1
1444,fastfouriertransform,large,warm,200,43.03,43.01,0.02,7.23,35.78,False,,0.0,6.08,0.0,1.14,7.23,1
1445,linpack,medium,warm,200,658.44,658.42,0.02,646.01,12.41,False,,0.0,0.35,3.97,641.69,646.01,1
1446,fastfouriertransform,small,warm,200,40.94,40.93,0.01,7.24,33.69,False,,0.0,6.09,0.0,1.14,7.24,1
1447,linpack,large,warm,200,16.58,16.56,0.02,5.05,11.51,False,,0.0,0.34,3.97,0.74,5.05,1
1448,genmatrix,large,cold,200,1419.75,1405.1,14.65,8.52,1396.58,True,,0.0,0.02,,8.49,8.52,1
1449,genmatrix,small,warm,200,9.36,9.04,0.32,0.15,8.89,False,,0.0,0.03,,0.11,0.15,1
1450,linpack,large,warm,200,16.72,16.7,0.02,5.11,11.59,False,,0.0,0.35,3.99,0.77,5.11,1
1451,matrixmul,small,cold,200,1652.95,1650.84,2.1,4.97,1645.87,True,,0.0,0.35,4.02,0.6,4.97,1
1452,fastfouriertransform,small,warm,200,28.12,28.11,0.01,7.43,20.68,False,,0.0,6.29,0.0,1.13,7.43,1
1453,linpack,small,warm,200,19.65,19.63,0.02,5.15,14.48,False,,0.0,0.37,4.02,0.76,5.15,1
1454,fetchdata,small,cold,200,2127.9,2127.88,0.02,139.39,1988.49,True,139.36,0.0,0.02,0.0,,139.39,1
1455,linpack,large,warm,200,16.87,16.85,0.02,5.05,11.8,False,,0.0,0.34,3.97,0.73,5.05,1
1456,genmatrix,medium,cold,200,1381.55,1379.9,1.65,6.29,1373.61,True,,0.0,0.02,,6.26,6.29,1
1457,genmatrix,medium,warm,200,17.77,15.52,2.25,0.3,15.22,False,,0.0,0.04,,0.25,0.3,1
1458,fastfouriertransform,medium,warm,200,698.67,698.65,0.02,639.49,59.16,False,,0.0,6.21,0.0,633.28,639.49,1
1459,matrixmul,medium,cold,200,2495.2,2492.55,2.65,507.5,1985.05,True,,0.0,0.35,3.99,503.15,507.49,1
1460,linpack,small,warm,200,17.53,17.51,0.02,5.13,12.38,False,,0.0,0.36,4.0,0.76,5.13,1
1461,fetchdata,medium,cold,200,1591.67,1591.66,0.01,126.15,1465.52,True,126.12,0.0,0.02,0.0,,126.14,1
1462,fastfouriertransform,large,warm,200,43.05,43.04,0.02,7.24,35.8,False,,0.0,6.09,0.0,1.14,7.24,1
1463,fastfouriertransform,small,warm,200,41.55,41.54,0.01,7.22,34.32,False,,0.0,6.08,0.0,1.13,7.22,1
1464,matrixmul,medium,warm,200,566.59,564.31,2.28,547.11,17.2,False,,0.0,0.52,6.32,540.26,547.11,1
1465,matrixmul,large,warm,200,29.8,27.26,2.54,7.7,19.56,False,,0.0,0.54,6.29,0.86,7.69,1
1466,matrixmul,small,warm,200,28.48,26.1,2.39,7.73,18.37,False,,0.0,0.52,6.33,0.87,7.73,1
1467,fastfouriertransform,large,warm,200,41.82,41.8,0.02,7.2,34.6,False,,0.0,6.06,0.0,1.13,7.2,1
1468,fetchdata,small,cold,200,2386.12,2386.1,0.02,136.55,2249.56,True,136.51,0.0,0.03,0.0,,136.55,1
1469,matrixmul,medium,warm,200,561.87,560.01,1.85,542.74,17.27,False,,0.0,0.51,6.29,535.93,542.74,1
1470,genmatrix,large,cold,200,1621.85,1595.64,26.21,9.18,1586.46,True,,0.0,0.02,,9.14,9.17,1
1471,fastfouriertransform,large,warm,200,41.14,41.12,0.02,7.25,33.87,False,,0.0,6.11,0.0,1.13,7.25,1
1472,fastfouriertransform,small,warm,200,42.57,42.55,0.02,7.22,35.33,False,,0.0,6.08,0.0,1.14,7.22,1
1473,fetchdata,large,warm,200,142.83,142.82,0.02,135.99,6.83,False,135.95,0.0,0.03,0.0,,135.99,1
1474,linpack,medium,cold,200,2460.52,2460.5,0.02,642.05,1818.46,True,,0.0,0.36,4.02,637.66,642.05,1
1475,genmatrix,small,warm,200,8.12,7.4,0.72,0.11,7.28,False,,0.0,0.02,,0.09,0.11,1
1476,fastfouriertransform,large,warm,200,39.57,39.55,0.02,7.23,32.32,False,,0.0,6.08,0.0,1.14,7.23,1
1477,genmatrix,large,warm,200,52.57,31.24,21.33,0.78,30.46,False,,0.0,0.03,,0.75,0.78,1
1478,linpack,large,warm,200,20.44,20.42,0.02,8.05,12.37,False,,0.0,0.59,6.31,1.15,8.05,1
1479,fastfouriertransform,small,warm,200,42.58,42.56,0.02,7.25,35.31,False,,0.0,6.11,0.0,1.14,7.25,1
1480,genmatrix,small,warm,200,8.17,7.22,0.95,0.12,7.1,False,,0.0,0.03,,0.09,0.12,1
1481,fetchdata,large,cold,200,2146.22,2146.2,0.02,125.03,2021.17,True,125.0,0.0,0.02,0.0,,125.03,1
1482,fetchdata,large,warm,200,91.54,91.52,0.02,84.9,6.62,False,84.86,0.0,0.03,0.0,,84.9,1
1483,matrixmul,small,cold,200,1955.46,1953.69,1.76,4.97,1948.72,True,,0.0,0.35,4.0,0.61,4.97,1
1484,genmatrix,small,warm,200,7.47,7.0,0.48,0.12,6.88,False,,0.0,0.02,,0.09,0.12,1
1485,linpack,small,cold,200,1430.83,1430.81,0.02,5.62,1425.19,True,,0.0,0.36,4.4,0.85,5.62,1
1486,linpack,medium,warm,200,684.08,684.05,0.03,671.77,12.28,False,,0.0,0.55,6.31,664.9,671.77,1
1487,linpack,medium,warm,200,698.36,698.34,0.02,686.68,11.66,False,,0.0,0.52,6.33,679.83,686.68,1
1488,matrixmul,large,warm,200,28.38,26.29,2.09,7.73,18.56,False,,0.0,0.52,6.34,0.86,7.73,1
1489,fetchdata,large,cold,200,2337.21,2337.19,0.03,124.74,2212.45,True,124.7,0.0,0.02,0.0,,124.73,1
1490,fastfouriertransform,large,cold,200,1399.13,1399.11,0.02,6.34,1392.78,True,,0.0,4.11,0.0,2.21,6.33,1
1491,genmatrix,small,cold,200,2014.67,2013.89,0.78,6.18,2007.71,True,,0.0,0.03,,6.15,6.18,1
1492,fastfouriertransform,medium,warm,200,701.61,701.58,0.03,667.16,34.42,False,,0.0,6.23,0.0,660.93,667.16,1
1493,fetchdata,small,warm,200,137.85,137.83,0.02,131.13,6.71,False,131.09,0.0,0.03,0.0,,131.12,1
1494,genmatrix,large,warm,200,66.76,48.96,17.8,1.39,47.57,False,,0.0,0.04,,1.34,1.39,1
1495,linpack,large,cold,200,1358.15,1358.13,0.02,5.33,1352.8,True,,0.0,0.35,4.07,0.9,5.33,1
1496,matrixmul,medium,cold,200,1917.64,1915.33,2.31,506.73,1408.6,True,,0.0,0.35,4.0,502.37,506.73,1
1497,fastfouriertransform,large,warm,200,42.66,42.64,0.02,7.31,35.33,False,,0.0,6.11,0.0,1.19,7.31,1
1498,genmatrix,medium,warm,200,15.98,13.41,2.57,0.29,13.12,False,,0.0,0.03,,0.25,0.29,1
1499,matrixmul,small,warm,200,28.45,26.35,2.11,7.71,18.64,False,,0.0,0.52,6.31,0.87,7.71,1
1500,genmatrix,large,warm,200,62.12,46.12,16.0,1.21,44.91,False,,0.0,0.03,,1.17,1.21,1
1501,matrixmul,medium,warm,200,562.25,560.08,2.17,544.71,15.38,False,,0.0,0.52,6.37,537.81,544.71,1
1502,fetchdata,large,cold,200,1799.93,1799.91,0.02,139.08,1660.82,True,139.05,0.0,0.02,0.0,,139.08,1
1503,linpack,large,cold,200,1984.93,1984.92,0.01,5.2,1979.72,True,,0.0,0.36,3.99,0.84,5.2,1
1504,matrixmul,small,warm,200,234.52,232.39,2.12,7.77,224.62,False,,0.0,0.53,6.35,0.88,7.77,1
1505,linpack,medium,warm,200,690.68,690.66,0.02,677.36,13.31,False,,0.0,0.52,6.31,670.52,677.35,1
1506,fetchdata,large,warm,200,153.44,153.43,0.02,145.87,7.56,False,145.83,0.0,0.03,0.0,,145.87,1
1507,fastfouriertransform,small,cold,200,2903.73,2903.71,0.02,6.09,2897.61,True,,0.0,3.86,0.0,2.22,6.09,1
1508,genmatrix,small,cold,200,1970.67,1970.09,0.58,6.13,1963.95,True,,0.0,0.03,,6.1,6.13,1
1509,matrixmul,large,warm,200,77.41,75.37,2.04,7.75,67.62,False,,0.0,0.53,6.34,0.88,7.75,1
1510,fetchdata,large,warm,200,142.9,142.88,0.03,136.22,6.66,False,136.18,0.0,0.03,0.0,,136.21,1
1511,matrixmul,medium,warm,200,568.21,566.14,2.07,550.38,15.76,False,,0.0,0.52,6.49,543.36,550.38,1
1512,genmatrix,small,warm,200,10.91,10.29,0.62,0.16,10.13,False,,0.0,0.04,,0.11,0.15,1
1513,fastfouriertransform,small,warm,200,38.12,38.11,0.01,4.65,33.46,False,,0.0,3.9,0.0,0.74,4.65,1
1514,genmatrix,medium,warm,200,18.63,16.39,2.24,0.32,16.07,False,,0.0,0.03,,0.29,0.32,1
1515,genmatrix,medium,warm,200,221.52,13.36,208.15,0.3,13.07,False,,0.0,0.03,,0.26,0.29,1
1516,fastfouriertransform,small,warm,200,42.0,41.99,0.01,7.32,34.67,False,,0.0,6.1,0.0,1.21,7.32,1
1517,fastfouriertransform,small,warm,200,39.15,39.13,0.02,4.71,34.42,False,,0.0,3.87,0.0,0.83,4.71,1
1518,matrixmul,medium,cold,200,1974.07,1971.9,2.17,509.79,1462.11,True,,0.0,0.35,4.03,505.4,509.79,1
1519,linpack,large,cold,200,1391.87,1391.85,0.02,5.23,1386.62,True,,0.0,0.37,4.0,0.84,5.22,1
1520,linpack,medium,warm,200,706.48,706.46,0.02,694.56,11.9,False,,0.0,0.52,6.32,687.71,694.56,1
1521,fastfouriertransform,small,warm,200,38.79,38.78,0.02,4.66,34.12,False,,0.0,3.88,0.0,0.77,4.66,1
1522,fastfouriertransform,medium,warm,200,649.27,649.25,0.02,614.36,34.89,False,,0.0,3.85,0.0,610.49,614.36,1
1523,linpack,small,warm,200,20.26,20.24,0.02,8.05,12.19,False,,0.0,0.53,6.34,1.17,8.05,1
1524,linpack,large,warm,200,20.13,20.11,0.02,8.02,12.09,False,,0.0,0.52,6.32,1.17,8.02,1
1525,genmatrix,medium,cold,200,1450.59,1448.3,2.29,6.17,1442.13,True,,0.0,0.02,,6.14,6.17,1
1526,fastfouriertransform,medium,warm,200,684.51,684.49,0.02,649.45,35.04,False,,0.0,6.1,0.0,643.33,649.44,1
1527,matrixmul,medium,cold,200,1901.21,1899.15,2.07,508.23,1390.92,True,,0.0,0.34,3.99,503.88,508.22,1
1528,fastfouriertransform,large,warm,200,42.65,42.63,0.02,7.28,35.35,False,,0.0,6.12,0.0,1.16,7.28,1
1529,linpack,small,warm,200,20.75,20.73,0.02,8.06,12.67,False,,0.0,0.53,6.36,1.17,8.06,1
1530,linpack,large,warm,200,20.97,20.95,0.02,8.03,12.93,False,,0.0,0.52,6.34,1.17,8.03,1
1531,fetchdata,large,cold,200,1903.69,1903.67,0.02,128.32,1775.35,True,128.29,0.0,0.02,0.0,,128.32,1
1532,matrixmul,small,warm,200,28.28,26.16,2.12,7.73,18.43,False,,0.0,0.52,6.34,0.87,7.73,1
1533,fetchdata,medium,warm,200,87.99,87.97,0.02,81.19,6.79,False,81.15,0.0,0.03,0.0,,81.18,1
1534,genmatrix,medium,cold,200,1314.57,1311.72,2.85,6.78,1304.94,True,,0.0,0.03,,6.75,6.78,1
1535,matrixmul,small,warm,200,132.38,129.85,2.53,7.78,122.07,False,,0.0,0.55,6.35,0.87,7.78,1
1536,fastfouriertransform,small,cold,200,1543.99,1543.97,0.02,6.13,1537.85,True,,0.0,3.87,0.0,2.25,6.12,1
1537,matrixmul,medium,warm,200,564.78,562.7,2.08,547.23,15.47,False,,0.0,0.52,6.29,540.41,547.23,1
1538,matrixmul,medium,warm,200,552.0,549.75,2.25,534.56,15.19,False,,0.0,0.52,6.32,527.71,534.56,1
1539,matrixmul,small,warm,200,233.99,232.18,1.81,7.77,224.41,False,,0.0,0.54,6.35,0.88,7.77,1
1540,genmatrix,medium,warm,200,17.61,15.48,2.13,0.3,15.19,False,,0.0,0.04,,0.26,0.3,1
1541,fetchdata,large,cold,200,1682.08,1682.06,0.02,126.65,1555.4,True,126.62,0.0,0.03,0.0,,126.65,1
1542,matrixmul,large,warm,200,28.18,26.14,2.04,7.76,18.39,False,,0.0,0.52,6.37,0.86,7.75,1
1543,linpack,small,cold,200,1397.29,1397.27,0.02,5.18,1392.1,True,,0.0,0.36,4.01,0.81,5.18,1
1544,matrixmul,small,warm,200,28.34,26.22,2.12,7.71,18.51,False,,0.0,0.52,6.32,0.87,7.71,1
1545,fetchdata,medium,warm,200,133.65,133.64,0.02,127.13,6.51,False,127.09,0.0,0.03,0.0,,127.13,1
1546,fastfouriertransform,medium,cold,200,1973.43,1973.41,0.02,619.19,1354.23,True,,0.0,3.87,0.0,615.31,619.18,1
1547,genmatrix,large,cold,200,1408.28,1399.42,8.86,9.43,1389.99,True,,0.0,0.03,,9.4,9.43,1
1548,matrixmul,medium,warm,200,566.25,564.18,2.07,547.9,16.28,False,,0.0,0.52,6.33,541.04,547.9,1
1549,matrixmul,medium,warm,200,555.36,553.38,1.97,537.48,15.9,False,,0.0,0.52,6.34,530.62,537.48,1
1550,matrixmul,large,warm,200,28.45,26.4,2.05,7.76,18.65,False,,0.0,0.52,6.37,0.86,7.75,1
1551,linpack,small,cold,200,1423.7,1423.67,0.02,5.18,1418.5,True,,0.0,0.35,4.0,0.82,5.18,1
1552,genmatrix,medium,warm,200,16.13,13.95,2.18,0.3,13.65,False,,0.0,0.03,,0.26,0.29,1
1553,linpack,large,warm,200,227.87,227.85,0.02,8.09,219.76,False,,0.0,0.6,6.34,1.14,8.09,1
1554,fetchdata,medium,cold,200,1569.65,1569.63,0.02,125.99,1443.64,True,125.95,0.0,0.02,0.0,,125.99,1
1555,genmatrix,small,warm,200,8.85,8.28,0.57,0.16,8.12,False,,0.0,0.03,,0.12,0.16,1
1556,matrixmul,medium,warm,200,545.92,544.04,1.88,528.56,15.48,False,,0.0,0.52,6.31,521.73,528.56,1
1557,genmatrix,large,warm,200,54.53,44.84,9.69,1.21,43.63,False,,0.0,0.03,,1.17,1.21,1
1558,matrixmul,large,warm,200,29.47,27.33,2.13,8.28,19.05,False,,0.0,0.52,6.38,1.37,8.28,1
1559,fetchdata,medium,warm,200,136.16,136.14,0.02,129.38,6.76,False,129.34,0.0,0.03,0.0,,129.38,1
1560,matrixmul,medium,warm,200,755.05,553.1,201.95,536.78,16.32,False,,0.0,0.51,6.34,529.92,536.78,1
1561,matrixmul,medium,warm,200,699.28,697.15,2.13,531.08,166.07,False,,0.0,0.53,6.34,524.21,531.07,1
1562,fastfouriertransform,large,cold,200,1797.47,1797.45,0.03,5.97,1791.48,True,,0.0,3.84,0.0,2.12,5.97,1
1563,fetchdata,large,warm,200,136.23,136.21,0.02,129.65,6.56,False,129.61,0.0,0.03,0.0,,129.64,1
1564,linpack,small,cold,200,1425.98,1425.96,0.02,5.19,1420.77,True,,0.0,0.37,3.99,0.82,5.19,1
1565,linpack,small,warm,200,224.06,224.04,0.02,5.09,218.95,False,,0.0,0.37,3.98,0.74,5.09,1
1566,matrixmul,large,warm,200,27.47,25.35,2.12,7.71,17.64,False,,0.0,0.51,6.33,0.86,7.71,1
1567,fetchdata,medium,warm,200,134.52,134.5,0.02,127.91,6.59,False,127.88,0.0,0.03,0.0,,127.91,1
1568,genmatrix,large,cold,200,2026.3,2016.99,9.31,8.49,2008.5,True,,0.0,0.02,,8.46,8.49,1
1569,fastfouriertransform,medium,cold,200,1912.12,1912.1,0.02,601.99,1310.11,True,,0.0,3.86,0.0,598.12,601.99,1
1570,matrixmul,small,warm,200,29.06,27.03,2.04,7.76,19.27,False,,0.0,0.52,6.38,0.86,7.76,1
1571,genmatrix,small,warm,200,9.08,8.57,0.51,0.15,8.41,False,,0.0,0.03,,0.12,0.15,1
1572,genmatrix,large,warm,200,56.74,47.15,9.6,1.16,45.98,False,,0.0,0.03,,1.12,1.16,1
1573,fetchdata,large,warm,200,134.39,134.37,0.02,127.31,7.05,False,127.27,0.0,0.03,0.0,,127.31,1
1574,matrixmul,medium,warm,200,565.05,562.62,2.43,547.34,15.28,False,,0.0,0.52,6.32,540.5,547.34,1
1575,fastfouriertransform,medium,warm,200,668.54,668.52,0.02,632.8,35.72,False,,0.0,6.07,0.0,626.71,632.79,1
1576,linpack,medium,cold,200,2210.72,2210.7,0.02,642.06,1568.64,True,,0.0,0.36,4.0,637.69,642.06,1
1577,linpack,medium,warm,200,688.06,688.05,0.02,675.98,12.07,False,,0.0,0.52,6.31,669.14,675.98,1
1578,linpack,large,warm,200,227.24,227.22,0.02,8.05,219.17,False,,0.0,0.56,6.35,1.13,8.05,1
1579,matrixmul,large,warm,200,28.59,26.44,2.15,7.71,18.72,False,,0.0,0.52,6.31,0.87,7.71,1
1580,fastfouriertransform,medium,warm,200,668.51,668.49,0.03,633.36,35.12,False,,0.0,6.12,0.0,627.23,633.36,1
1581,linpack,large,warm,200,20.66,20.64,0.02,8.03,12.62,False,,0.0,0.54,6.33,1.14,8.02,1
1582,fastfouriertransform,small,warm,200,41.77,41.75,0.01,7.27,34.48,False,,0.0,6.06,0.0,1.19,7.27,1
1583,fetchdata,large,cold,200,1892.09,1892.07,0.02,149.36,1742.7,True,149.33,0.0,0.02,0.0,,149.36,1
1584,genmatrix,small,cold,200,1367.87,1367.22,0.65,6.59,1360.63,True,,0.0,0.03,,6.55,6.58,1
1585,linpack,small,warm,200,20.31,20.29,0.02,8.14,12.16,False,,0.0,0.52,6.48,1.13,8.13,1
1586,linpack,large,warm,200,19.97,19.95,0.02,8.01,11.94,False,,0.0,0.53,6.32,1.14,8.01,1
1587,matrixmul,medium,cold,200,2212.16,2210.45,1.71,508.52,1701.93,True,,0.0,0.36,4.01,504.15,508.52,1
1588,matrixmul,small,warm,200,28.91,26.66,2.25,7.72,18.95,False,,0.0,0.52,6.32,0.87,7.71,1
1589,fastfouriertransform,small,cold,200,1381.44,1381.42,0.02,6.02,1375.4,True,,0.0,3.87,0.0,2.14,6.01,1
1590,genmatrix,small,warm,200,10.76,10.22,0.54,0.16,10.06,False,,0.0,0.04,,0.12,0.16,1
1591,linpack,large,warm,200,20.0,19.98,0.02,7.99,12.0,False,,0.0,0.52,6.32,1.14,7.99,1
1592,linpack,large,warm,200,20.17,20.15,0.02,8.0,12.15,False,,0.0,0.52,6.32,1.15,8.0,1
1593,linpack,large,warm,200,20.45,20.43,0.02,8.01,12.42,False,,0.0,0.52,6.35,1.13,8.0,1
1594,linpack,small,warm,200,20.07,20.06,0.02,7.97,12.08,False,,0.0,0.51,6.31,1.14,7.97,1
1595,matrixmul,medium,cold,200,2129.43,2127.36,2.07,505.67,1621.69,True,,0.0,0.34,3.99,501.33,505.67,1
1596,matrixmul,medium,warm,200,535.25,533.13,2.12,515.89,17.24,False,,0.0,0.56,5.67,509.64,515.88,1
1597,linpack,large,warm,200,19.86,19.84,0.02,7.99,11.85,False,,0.0,0.51,6.33,1.15,7.99,1
1598,linpack,small,warm,200,20.07,20.05,0.02,8.04,12.01,False,,0.0,0.52,6.37,1.15,8.04,1
1599,genmatrix,small,cold,200,1910.38,1910.11,0.28,6.72,1903.38,True,,0.0,0.03,,6.69,6.72,1
1600,matrixmul,small,warm,200,28.82,26.52,2.3,7.85,18.67,False,,0.0,0.52,6.43,0.88,7.84,1
1601,genmatrix,medium,warm,200,17.18,15.21,1.97,0.31,14.9,False,,0.0,0.04,,0.27,0.31,1
1602,fastfouriertransform,small,cold,200,1705.78,1705.76,0.02,5.96,1699.8,True,,0.0,3.83,0.0,2.12,5.96,1
1603,fetchdata,medium,cold,200,1957.65,1957.63,0.02,136.17,1821.45,True,136.13,0.0,0.03,0.0,,136.17,1
1604,genmatrix,medium,warm,200,15.45,13.39,2.06,0.29,13.1,False,,0.0,0.03,,0.26,0.29,1
1605,matrixmul,small,warm,200,29.44,27.24,2.2,7.74,19.5,False,,0.0,0.52,6.33,0.88,7.74,1
1606,linpack,medium,cold,200,2359.79,2359.77,0.02,642.93,1716.84,True,,0.0,0.35,4.05,638.53,642.92,1
1607,genmatrix,medium,warm,200,15.96,14.06,1.9,0.3,13.76,False,,0.0,0.03,,0.26,0.3,1
1608,fastfouriertransform,medium,warm,200,673.87,673.86,0.02,639.47,34.38,False,,0.0,6.2,0.01,633.27,639.47,1
1609,matrixmul,medium,warm,200,528.88,527.37,1.52,510.83,16.53,False,,0.0,0.34,3.96,506.52,510.83,1
1610,fastfouriertransform,medium,warm,200,671.94,671.93,0.01,637.13,34.81,False,,0.0,6.14,0.0,630.97,637.13,1
1611,fastfouriertransform,large,warm,200,42.24,42.23,0.01,8.92,33.31,False,,0.0,7.74,0.01,1.16,8.91,1
1612,fastfouriertransform,small,warm,200,41.17,41.16,0.01,7.66,33.49,False,,0.0,6.48,0.01,1.16,7.66,1
1613,genmatrix,large,warm,200,54.98,46.41,8.58,1.26,45.15,False,,0.0,0.03,,1.22,1.26,1
1614,fastfouriertransform,large,warm,200,40.72,40.7,0.02,7.85,32.85,False,,0.0,6.67,0.01,1.17,7.85,1
1615,fetchdata,large,cold,200,1854.73,1854.72,0.02,126.39,1728.32,True,126.36,0.0,0.02,0.0,,126.39,1
1616,fetchdata,large,warm,200,91.57,91.54,0.03,84.95,6.59,False,84.91,0.0,0.03,0.0,,84.95,1
1617,fetchdata,large,warm,200,88.53,88.51,0.02,81.91,6.6,False,81.87,0.0,0.03,0.0,,81.91,1
1618,fetchdata,medium,warm,200,88.15,88.13,0.02,81.38,6.75,False,81.34,0.0,0.03,0.0,,81.38,1
1619,linpack,medium,cold,200,2245.05,2245.03,0.01,643.16,1601.87,True,,0.0,0.35,4.0,638.8,643.16,1
1620,matrixmul,small,cold,200,1769.49,1766.95,2.55,4.99,1761.96,True,,0.0,0.36,4.02,0.6,4.98,1
1621,matrixmul,large,warm,200,28.74,26.6,2.14,7.73,18.87,False,,0.0,0.52,6.33,0.87,7.73,1
1622,fetchdata,small,warm,200,136.18,136.17,0.02,129.45,6.72,False,129.41,0.0,0.03,0.0,,129.44,1
1623,matrixmul,medium,warm,200,544.83,542.9,1.93,526.7,16.21,False,,0.0,0.57,6.33,519.78,526.69,1
1624,fastfouriertransform,large,cold,200,1665.35,1665.33,0.02,6.24,1659.09,True,,0.0,3.89,0.0,2.35,6.24,1
1625,linpack,small,warm,200,16.28,16.26,0.02,5.08,11.18,False,,0.0,0.37,3.96,0.75,5.07,1
1626,matrixmul,large,warm,200,28.54,26.72,1.81,7.7,19.02,False,,0.0,0.52,6.3,0.87,7.7,1
1627,matrixmul,medium,warm,200,563.29,561.27,2.02,544.89,16.38,False,,0.0,0.52,6.31,538.05,544.88,1
1628,fastfouriertransform,large,warm,200,41.8,41.78,0.02,7.39,34.39,False,,0.0,6.21,0.01,1.17,7.39,1
1629,fetchdata,small,cold,200,1568.95,1568.93,0.02,122.85,1446.08,True,122.82,0.0,0.02,0.0,,122.85,1
1630,genmatrix,large,cold,200,1488.42,1477.02,11.41,9.4,1467.62,True,,0.0,0.03,,9.36,9.4,1
1631,fastfouriertransform,large,warm,200,41.23,41.21,0.01,7.45,33.77,False,,0.0,6.1,0.0,1.33,7.44,1
1632,fastfouriertransform,large,warm,200,43.1,43.08,0.02,7.65,35.42,False,,0.0,6.44,0.01,1.2,7.65,1
1633,fetchdata,medium,warm,200,136.04,136.02,0.02,129.06,6.97,False,129.02,0.0,0.03,0.0,,129.05,1
1634,genmatrix,small,warm,200,8.93,8.26,0.67,0.15,8.11,False,,0.0,0.03,,0.12,0.15,1
1635,matrixmul,small,cold,200,1664.33,1661.73,2.6,4.97,1656.77,True,,0.0,0.35,4.01,0.59,4.96,1
1636,genmatrix,large,warm,200,61.92,46.9,15.01,1.16,45.74,False,,0.0,0.03,,1.12,1.16,1
1637,matrixmul,large,warm,200,104.08,27.61,76.46,7.75,19.86,False,,0.0,0.52,6.36,0.86,7.75,1
1638,genmatrix,large,warm,200,58.73,47.67,11.06,1.18,46.49,False,,0.0,0.03,,1.15,1.18,1
1639,matrixmul,large,warm,200,29.87,27.27,2.6,7.79,19.48,False,,0.0,0.54,6.38,0.87,7.79,1
1640,matrixmul,large,warm,200,29.31,27.27,2.05,7.77,19.49,False,,0.0,0.52,6.37,0.88,7.77,1
1641,fastfouriertransform,medium,cold,200,1926.3,1926.28,0.02,619.86,1306.42,True,,0.0,3.87,0.0,615.98,619.86,1
1642,genmatrix,medium,warm,200,15.89,13.88,2.01,0.29,13.59,False,,0.0,0.03,,0.26,0.29,1
1643,linpack,small,cold,200,1388.74,1388.72,0.02,5.16,1383.56,True,,0.0,0.34,4.0,0.81,5.16,1
1644,genmatrix,large,warm,200,56.32,45.0,11.32,1.25,43.75,False,,0.0,0.03,,1.21,1.25,1
1645,linpack,small,warm,200,19.89,19.87,0.02,8.29,11.58,False,,0.0,0.55,6.49,1.24,8.29,1
1646,fetchdata,medium,cold,200,2291.69,2291.67,0.02,128.69,2162.99,True,128.66,0.0,0.02,0.0,,128.69,1
1647,fastfouriertransform,small,warm,200,38.21,38.2,0.01,4.65,33.55,False,,0.0,3.84,0.0,0.8,4.65,1
1648,genmatrix,small,warm,200,10.96,10.27,0.69,0.15,10.12,False,,0.0,0.03,,0.12,0.15,1
1649,fetchdata,medium,warm,200,87.26,87.24,0.02,80.54,6.7,False,80.5,0.0,0.03,0.0,,80.54,1
1650,fetchdata,large,warm,200,135.9,135.88,0.02,129.19,6.69,False,129.16,0.0,0.03,0.0,,129.19,1
1651,matrixmul,medium,cold,200,2704.77,2703.0,1.77,505.53,2197.48,True,,0.0,0.35,3.99,501.18,505.52,1
1652,linpack,small,cold,200,1900.76,1900.73,0.02,5.4,1895.33,True,,0.0,0.36,4.13,0.9,5.4,1
1653,linpack,medium,warm,200,713.04,713.01,0.03,700.99,12.02,False,,0.0,0.52,6.46,694.0,700.99,1
1654,matrixmul,small,warm,200,86.01,84.03,1.98,7.73,76.3,False,,0.0,0.53,6.33,0.87,7.73,1
1655,matrixmul,large,warm,200,28.59,26.52,2.08,7.75,18.76,False,,0.0,0.53,6.34,0.87,7.75,1
1656,linpack,large,warm,200,20.53,20.51,0.02,8.25,12.26,False,,0.0,0.59,6.47,1.18,8.25,1
1657,fetchdata,large,cold,200,2036.01,2035.99,0.02,135.87,1900.11,True,135.84,0.0,0.02,0.0,,135.87,1
1658,fetchdata,medium,warm,200,85.72,85.7,0.02,76.74,8.96,False,76.71,0.0,0.02,0.0,,76.74,1
1659,genmatrix,small,cold,200,1719.88,1719.19,0.69,6.12,1713.07,True,,0.0,0.02,,6.09,6.12,1
1660,fetchdata,medium,warm,200,82.83,82.8,0.02,76.49,6.31,False,76.46,0.0,0.02,0.0,,76.49,1
1661,matrixmul,large,warm,200,28.32,26.28,2.04,7.69,18.59,False,,0.0,0.52,6.3,0.87,7.69,1
1662,fastfouriertransform,medium,cold,200,2687.72,2687.69,0.02,603.33,2084.37,True,,0.0,3.88,0.0,599.44,603.32,1
1663,fastfouriertransform,medium,warm,200,655.05,655.04,0.01,620.29,34.75,False,,0.0,6.06,0.0,614.22,620.28,1
1664,fetchdata,small,warm,200,137.86,137.84,0.02,131.72,6.13,False,131.68,0.0,0.03,0.0,,131.71,1
1665,matrixmul,large,warm,200,25.56,23.57,2.0,7.74,15.83,False,,0.0,0.52,6.35,0.87,7.74,1
1666,linpack,large,cold,200,1932.68,1932.66,0.02,5.2,1927.45,True,,0.0,0.36,4.01,0.82,5.2,1
1667,matrixmul,medium,warm,200,564.53,562.46,2.07,545.39,17.07,False,,0.0,0.52,6.3,538.56,545.38,1
1668,matrixmul,medium,warm,200,545.55,543.35,2.2,526.82,16.53,False,,0.0,0.52,6.32,519.98,526.82,1
1669,matrixmul,medium,warm,200,773.56,771.59,1.98,547.58,224.01,False,,0.0,0.53,6.54,540.51,547.58,1
1670,fetchdata,small,warm,200,135.55,135.53,0.02,129.41,6.12,False,129.37,0.0,0.02,0.0,,129.4,1
1671,linpack,small,warm,200,20.05,20.03,0.02,8.0,12.03,False,,0.0,0.52,6.33,1.14,8.0,1
1672,fetchdata,medium,warm,200,81.35,81.33,0.02,75.54,5.8,False,75.5,0.0,0.03,0.0,,75.53,1
1673,fastfouriertransform,medium,cold,200,2120.66,2120.64,0.02,602.51,1518.13,True,,0.0,3.86,0.0,598.63,602.5,1
1674,fetchdata,large,warm,200,139.08,139.06,0.02,132.53,6.53,False,132.49,0.0,0.03,0.0,,132.53,1
1675,genmatrix,small,cold,200,1369.95,1369.27,0.67,6.61,1362.66,True,,0.0,0.03,,6.58,6.61,1
1676,matrixmul,large,cold,200,1383.31,1381.32,1.99,4.93,1376.39,True,,0.0,0.34,3.99,0.6,4.93,1
1677,matrixmul,large,warm,200,29.46,27.28,2.18,7.81,19.47,False,,0.0,0.54,6.39,0.87,7.81,1
1678,linpack,small,cold,200,1437.82,1437.79,0.03,5.2,1432.59,True,,0.0,0.39,3.99,0.82,5.2,1
1679,linpack,small,warm,200,20.06,20.04,0.02,8.03,12.01,False,,0.0,0.53,6.35,1.15,8.03,1
1680,genmatrix,large,warm,200,56.64,48.42,8.22,1.41,47.01,False,,0.0,0.04,,1.36,1.4,1
1681,genmatrix,large,warm,200,52.26,44.3,7.96,1.16,43.14,False,,0.0,0.03,,1.12,1.16,1
1682,fastfouriertransform,large,cold,200,1764.24,1764.22,0.02,6.22,1758.0,True,,0.0,4.09,0.0,2.12,6.21,1
1683,matrixmul,large,warm,200,28.76,26.62,2.14,7.74,18.88,False,,0.0,0.55,6.33,0.86,7.74,1
1684,fetchdata,medium,cold,200,1439.03,1439.0,0.02,131.16,1307.84,True,131.13,0.0,0.02,0.0,,131.16,1
1685,fastfouriertransform,large,warm,200,41.98,41.97,0.01,7.29,34.68,False,,0.0,6.14,0.0,1.14,7.29,1
1686,fetchdata,medium,warm,200,82.04,82.02,0.02,75.68,6.34,False,75.64,0.0,0.02,0.0,,75.68,1
1687,fastfouriertransform,medium,warm,200,660.61,660.59,0.02,626.21,34.38,False,,0.0,6.09,0.0,620.11,626.2,1
1688,genmatrix,medium,cold,200,2477.27,2474.34,2.93,6.34,2468.0,True,,0.0,0.03,,6.3,6.34,1
1689,fastfouriertransform,medium,warm,200,658.89,658.87,0.02,624.94,33.93,False,,0.0,6.08,0.0,618.85,624.94,1
1690,fastfouriertransform,small,warm,200,41.23,41.22,0.02,7.27,33.94,False,,0.0,6.08,0.0,1.18,7.27,1
1691,fetchdata,large,warm,200,134.36,134.34,0.02,128.29,6.05,False,128.26,0.0,0.02,0.0,,128.29,1
1692,linpack,large,cold,200,1408.36,1408.35,0.02,5.17,1403.17,True,,0.0,0.36,4.01,0.81,5.17,1
1693,genmatrix,large,warm,200,57.89,49.61,8.29,1.27,48.33,False,,0.0,0.04,,1.23,1.27,1
1694,linpack,large,warm,200,20.14,20.12,0.02,8.83,11.29,False,,0.0,0.53,7.12,1.17,8.83,1
1695,matrixmul,small,cold,200,1302.36,1299.82,2.54,4.99,1294.83,True,,0.0,0.36,4.01,0.61,4.99,1
1696,linpack,small,warm,200,224.96,224.94,0.02,8.07,216.87,False,,0.0,0.53,6.37,1.17,8.07,1
1697,fetchdata,small,warm,200,137.13,137.12,0.02,131.03,6.08,False,131.0,0.0,0.03,0.0,,131.03,1
1698,fastfouriertransform,large,cold,200,1442.78,1442.76,0.02,6.0,1436.76,True,,0.0,3.89,0.0,2.1,6.0,1
1699,genmatrix,large,warm,200,56.17,47.78,8.39,1.18,46.6,False,,0.0,0.03,,1.14,1.18,1
1700,genmatrix,large,warm,200,53.12,45.25,7.87,1.24,44.02,False,,0.0,0.03,,1.2,1.23,1
1701,linpack,small,warm,200,227.82,227.79,0.03,8.22,219.57,False,,0.0,0.56,6.44,1.22,8.22,1
1702,genmatrix,large,warm,200,53.24,45.36,7.88,1.22,44.14,False,,0.0,0.03,,1.18,1.22,1
1703,genmatrix,medium,warm,200,15.4,13.33,2.07,0.29,13.04,False,,0.0,0.03,,0.25,0.29,1
1704,linpack,medium,warm,200,686.73,686.71,0.02,674.31,12.4,False,,0.0,0.53,6.33,667.44,674.31,1
1705,linpack,large,warm,200,19.89,19.88,0.02,8.0,11.88,False,,0.0,0.52,6.34,1.14,8.0,1
1706,fastfouriertransform,small,cold,200,1566.98,1566.95,0.03,6.08,1560.87,True,,0.0,3.93,0.0,2.14,6.07,1
1707,matrixmul,small,cold,200,1430.85,1428.93,1.93,4.94,1423.99,True,,0.0,0.35,4.0,0.59,4.94,1
1708,genmatrix,large,warm,200,55.54,46.61,8.93,1.2,45.4,False,,0.0,0.03,,1.16,1.2,1
1709,fetchdata,large,cold,200,2037.96,2037.94,0.02,136.63,1901.31,True,136.6,0.0,0.02,0.0,,136.62,1
1710,fetchdata,small,warm,200,90.01,89.99,0.02,83.5,6.49,False,83.46,0.0,0.03,0.0,,83.5,1
1711,fetchdata,large,warm,200,94.14,94.12,0.02,87.68,6.45,False,87.64,0.0,0.03,0.0,,87.68,1
1712,genmatrix,small,warm,200,8.65,8.05,0.6,0.17,7.88,False,,0.0,0.04,,0.12,0.17,1
1713,matrixmul,medium,warm,200,731.21,729.19,2.02,507.15,222.04,False,,0.0,0.36,3.98,502.81,507.15,1
1714,fetchdata,large,warm,200,142.08,142.06,0.02,135.33,6.73,False,135.29,0.0,0.03,0.0,,135.32,1
1715,genmatrix,large,warm,200,53.83,46.33,7.5,1.21,45.12,False,,0.0,0.03,,1.18,1.21,1
1716,matrixmul,medium,warm,200,773.59,771.84,1.75,543.35,228.49,False,,0.0,0.4,3.97,538.98,543.35,1
1717,matrixmul,small,warm,200,24.98,23.29,1.7,5.14,18.14,False,,0.0,0.39,4.14,0.6,5.14,1
1718,fastfouriertransform,medium,cold,200,2220.12,2220.09,0.03,602.93,1617.16,True,,0.0,3.86,0.0,599.05,602.92,1
1719,linpack,large,cold,200,1378.53,1378.52,0.01,5.17,1373.35,True,,0.0,0.36,3.99,0.82,5.17,1
1720,genmatrix,large,warm,200,53.98,46.06,7.92,1.17,44.89,False,,0.0,0.03,,1.14,1.17,1
1721,genmatrix,medium,warm,200,15.15,13.01,2.14,0.28,12.73,False,,0.0,0.03,,0.25,0.28,1
1722,matrixmul,medium,warm,200,529.51,527.21,2.3,510.31,16.89,False,,0.0,0.35,3.94,506.01,510.31,1
1723,linpack,small,warm,200,20.18,20.16,0.02,8.03,12.13,False,,0.0,0.54,6.35,1.14,8.03,1
1724,fastfouriertransform,large,warm,200,43.53,43.52,0.01,7.24,36.28,False,,0.0,6.1,0.0,1.13,7.24,1
1725,matrixmul,large,warm,200,26.55,24.72,1.82,6.57,18.16,False,,0.0,0.45,5.31,0.8,6.57,1
1726,genmatrix,small,warm,200,9.13,8.56,0.57,0.15,8.41,False,,0.0,0.03,,0.11,0.15,1
1727,linpack,medium,warm,200,694.01,693.99,0.02,682.56,11.43,False,,0.0,0.52,6.38,675.65,682.56,1
1728,fetchdata,medium,cold,200,1810.59,1810.57,0.02,143.02,1667.56,True,142.98,0.0,0.02,0.0,,143.02,1
1729,fetchdata,medium,warm,200,90.15,90.13,0.02,83.2,6.93,False,83.16,0.0,0.03,0.0,,83.19,1
1730,genmatrix,medium,warm,200,16.09,13.73,2.36,0.29,13.44,False,,0.0,0.03,,0.26,0.29,1
1731,genmatrix,medium,warm,200,15.12,13.06,2.06,0.28,12.77,False,,0.0,0.03,,0.25,0.28,1
1732,linpack,large,warm,200,19.55,19.53,0.02,8.06,11.47,False,,0.0,0.58,6.35,1.13,8.06,1
1733,fetchdata,large,warm,200,138.06,138.04,0.02,131.48,6.56,False,131.44,0.0,0.03,0.0,,131.48,1
1734,matrixmul,medium,cold,200,2520.63,2519.18,1.45,508.73,2010.45,True,,0.0,0.36,4.09,504.27,508.72,1
1735,fastfouriertransform,small,cold,200,1905.15,1905.13,0.02,6.52,1898.61,True,,0.0,3.91,0.0,2.6,6.52,1
1736,fastfouriertransform,large,warm,200,31.94,31.92,0.02,4.61,27.31,False,,0.0,3.87,0.0,0.73,4.61,1
1737,matrixmul,small,warm,200,30.36,28.33,2.03,7.85,20.48,False,,0.0,0.52,6.44,0.88,7.85,1
1738,fastfouriertransform,small,warm,200,38.87,38.85,0.01,4.64,34.22,False,,0.0,3.84,0.0,0.79,4.63,1
1739,matrixmul,medium,warm,200,567.49,565.43,2.06,548.74,16.69,False,,0.0,0.53,6.48,541.73,548.74,1
1740,fastfouriertransform,medium,warm,200,647.14,647.12,0.02,613.48,33.64,False,,0.0,3.84,0.0,609.62,613.47,1
1741,fetchdata,large,cold,200,1713.0,1712.98,0.02,129.06,1583.92,True,129.03,0.0,0.02,0.0,,129.06,1
1742,fetchdata,large,warm,200,92.6,92.58,0.02,85.2,7.38,False,85.16,0.0,0.03,0.0,,85.2,1
1743,genmatrix,small,cold,200,1288.67,1287.99,0.68,6.18,1281.81,True,,0.0,0.03,,6.14,6.18,1
1744,genmatrix,small,warm,200,10.74,10.1,0.65,0.16,9.94,False,,0.0,0.04,,0.11,0.16,1
1745,genmatrix,medium,warm,200,15.72,13.58,2.15,0.3,13.28,False,,0.0,0.03,,0.26,0.3,1
1746,fastfouriertransform,medium,warm,200,634.24,634.22,0.02,598.07,36.15,False,,0.0,3.88,0.0,594.18,598.07,1
1747,fetchdata,small,warm,200,138.85,138.84,0.02,132.21,6.62,False,132.17,0.0,0.03,0.0,,132.21,1
1748,matrixmul,large,cold,200,2073.17,2071.11,2.06,4.96,2066.15,True,,0.0,0.35,4.01,0.59,4.96,1
1749,genmatrix,large,warm,200,259.34,46.51,212.83,1.29,45.22,False,,0.0,0.03,,1.25,1.29,1
1750,fetchdata,medium,warm,200,88.4,88.37,0.03,81.76,6.61,False,81.72,0.0,0.03,0.0,,81.76,1
1751,fastfouriertransform,large,warm,200,40.12,40.1,0.02,4.62,35.48,False,,0.0,3.84,0.0,0.76,4.61,1
1752,fastfouriertransform,small,warm,200,39.88,39.87,0.01,4.56,35.31,False,,0.0,3.82,0.0,0.73,4.56,1
1753,fetchdata,medium,warm,200,136.06,136.04,0.02,130.01,6.03,False,129.97,0.0,0.03,0.0,,130.0,1
1754,fastfouriertransform,small,warm,200,39.77,39.76,0.01,4.62,35.14,False,,0.0,3.85,0.0,0.76,4.62,1
1755,linpack,small,cold,200,1565.99,1565.97,0.03,5.21,1560.76,True,,0.0,0.36,4.03,0.81,5.2,1
1756,linpack,large,warm,200,20.15,20.13,0.02,8.48,11.65,False,,0.0,0.56,6.67,1.25,8.48,1
1757,matrixmul,small,cold,200,1414.72,1412.17,2.54,4.96,1407.22,True,,0.0,0.34,4.01,0.6,4.96,1
1758,fastfouriertransform,large,warm,200,38.66,38.65,0.02,4.63,34.01,False,,0.0,3.83,0.0,0.79,4.63,1
1759,genmatrix,small,cold,200,1389.23,1388.13,1.11,6.6,1381.52,True,,0.0,0.03,,6.57,6.6,1
1760,matrixmul,large,warm,200,28.51,26.58,1.93,7.76,18.82,False,,0.0,0.52,6.37,0.87,7.76,1
1761,fetchdata,medium,cold,200,1825.93,1825.91,0.02,168.16,1657.75,True,168.13,0.0,0.02,0.0,,168.16,1
1762,fastfouriertransform,small,warm,200,38.85,38.83,0.02,4.7,34.14,False,,0.0,3.88,0.0,0.81,4.7,1
1763,matrixmul,small,warm,200,30.06,27.46,2.6,7.71,19.75,False,,0.0,0.52,6.32,0.87,7.71,1
1764,fastfouriertransform,small,warm,200,39.0,38.98,0.02,4.65,34.33,False,,0.0,3.84,0.0,0.8,4.65,1
1765,genmatrix,medium,warm,200,17.95,15.56,2.39,0.33,15.23,False,,0.0,0.04,,0.28,0.33,1
1766,genmatrix,small,warm,200,8.37,7.7,0.67,0.16,7.54,False,,0.0,0.03,,0.12,0.16,1
1767,matrixmul,small,warm,200,218.32,216.1,2.21,7.78,208.32,False,,0.0,0.52,6.37,0.88,7.78,1
1768,fetchdata,small,cold,200,2430.39,2430.37,0.02,126.92,2303.45,True,126.89,0.0,0.02,0.0,,126.92,1
1769,linpack,large,cold,200,1375.85,1375.83,0.02,5.18,1370.65,True,,0.0,0.36,4.01,0.8,5.18,1
1770,fastfouriertransform,large,warm,200,42.83,42.81,0.02,7.3,35.51,False,,0.0,6.12,0.0,1.17,7.29,1
1771,fetchdata,medium,warm,200,90.73,90.71,0.02,83.8,6.91,False,83.75,0.0,0.03,0.0,,83.79,1
1772,genmatrix,large,warm,200,61.25,47.47,13.78,1.29,46.18,False,,0.0,0.03,,1.26,1.29,1
1773,fetchdata,large,warm,200,134.71,134.69,0.02,127.3,7.4,False,127.26,0.0,0.03,0.0,,127.3,1
1774,fetchdata,medium,warm,200,88.15,88.13,0.02,81.35,6.78,False,81.3,0.0,0.03,0.0,,81.34,1
1775,linpack,large,warm,200,18.72,18.7,0.02,8.03,10.67,False,,0.0,0.53,6.33,1.16,8.02,1
1776,matrixmul,small,cold,200,2117.71,2115.54,2.17,4.95,2110.59,True,,0.0,0.35,4.0,0.6,4.95,1
1777,fastfouriertransform,small,cold,200,1770.39,1770.37,0.02,6.15,1764.22,True,,0.0,3.86,0.0,2.28,6.15,1
1778,fetchdata,small,warm,200,134.37,134.35,0.02,127.89,6.46,False,127.85,0.0,0.03,0.0,,127.89,1
1779,linpack,large,warm,200,18.77,18.75,0.02,7.55,11.2,False,,0.0,0.49,5.95,1.1,7.55,1
1780,matrixmul,medium,warm,200,556.49,554.49,2.0,538.4,16.09,False,,0.0,0.52,6.33,531.53,538.39,1
1781,matrixmul,medium,warm,200,564.6,562.32,2.28,544.3,18.02,False,,0.0,0.52,6.33,537.45,544.3,1
1782,fetchdata,small,warm,200,136.01,135.99,0.02,129.29,6.7,False,129.24,0.0,0.03,0.0,,129.29,1
1783,genmatrix,large,cold,200,1622.28,1595.82,26.46,10.1,1585.71,True,,0.0,0.03,,10.07,10.1,1
1784,fastfouriertransform,small,cold,200,1403.37,1403.34,0.03,6.21,1397.13,True,,0.0,3.89,0.0,2.31,6.21,1
1785,linpack,large,warm,200,18.95,18.93,0.02,8.02,10.91,False,,0.0,0.52,6.35,1.15,8.02,1
1786,linpack,large,warm,200,20.3,20.28,0.02,8.05,12.23,False,,0.0,0.53,6.36,1.15,8.05,1
1787,linpack,medium,warm,200,690.1,690.08,0.02,678.31,11.78,False,,0.0,0.52,6.38,671.4,678.3,1
1788,fastfouriertransform,large,warm,200,41.98,41.96,0.02,7.26,34.7,False,,0.0,6.09,0.0,1.15,7.26,1
1789,genmatrix,small,warm,200,7.64,6.95,0.69,0.12,6.84,False,,0.0,0.02,,0.09,0.12,1
1790,linpack,large,warm,200,227.44,227.43,0.01,8.03,219.4,False,,0.0,0.52,6.34,1.15,8.03,1
1791,linpack,small,warm,200,18.92,18.9,0.02,8.02,10.88,False,,0.0,0.52,6.36,1.13,8.02,1
1792,matrixmul,medium,cold,200,2618.81,2412.13,206.68,509.13,1902.99,True,,0.0,0.35,4.03,504.74,509.13,1
1793,fastfouriertransform,small,warm,200,41.25,41.23,0.02,7.23,34.0,False,,0.0,6.08,0.0,1.13,7.23,1
1794,matrixmul,medium,warm,200,558.86,556.65,2.21,540.47,16.18,False,,0.0,0.55,6.33,533.59,540.47,1
1795,fastfouriertransform,small,warm,200,174.33,174.31,0.02,7.32,166.99,False,,0.0,6.16,0.0,1.14,7.32,1
1796,matrixmul,large,warm,200,31.0,28.69,2.31,7.87,20.82,False,,0.0,0.52,6.38,0.96,7.87,1
1797,linpack,small,warm,200,19.09,19.07,0.02,8.05,11.03,False,,0.0,0.52,6.38,1.14,8.04,1
1798,linpack,small,warm,200,19.5,19.49,0.02,8.01,11.47,False,,0.0,0.51,6.35,1.15,8.01,1
1799,genmatrix,medium,cold,200,1506.5,1503.62,2.88,6.27,1497.36,True,,0.0,0.02,,6.23,6.26,1
1800,fetchdata,medium,cold,200,1457.05,1457.02,0.03,138.69,1318.33,True,138.65,0.0,0.02,0.0,,138.69,1
1801,linpack,medium,warm,200,691.4,691.38,0.02,679.14,12.24,False,,0.0,0.52,6.35,672.26,679.13,1
1802,genmatrix,large,warm,200,73.94,48.03,25.91,1.31,46.72,False,,0.0,0.04,,1.26,1.31,1
1803,fetchdata,medium,warm,200,90.82,90.8,0.02,83.94,6.86,False,83.9,0.0,0.03,0.0,,83.94,1
1804,fastfouriertransform,small,cold,200,1414.82,1414.8,0.02,6.15,1408.65,True,,0.0,3.86,0.0,2.28,6.15,1
1805,linpack,small,warm,200,19.58,19.56,0.02,8.03,11.53,False,,0.0,0.51,6.38,1.13,8.03,1
1806,fastfouriertransform,medium,warm,200,675.26,675.24,0.02,640.14,35.1,False,,0.0,6.14,0.0,633.99,640.14,1
1807,fetchdata,small,warm,200,142.99,142.98,0.02,136.27,6.7,False,136.23,0.0,0.03,0.0,,136.27,1
1808,fastfouriertransform,medium,warm,200,676.06,676.04,0.02,640.63,35.41,False,,0.0,6.1,0.0,634.52,640.63,1
1809,linpack,medium,warm,200,694.27,694.25,0.02,682.55,11.69,False,,0.0,0.51,6.36,675.67,682.55,1
1810,linpack,medium,warm,200,679.4,679.38,0.02,666.97,12.41,False,,0.0,0.57,6.3,660.09,666.96,1
1811,matrixmul,large,cold,200,1429.94,1427.14,2.81,5.02,1422.12,True,,0.0,0.35,4.05,0.61,5.01,1
1812,matrixmul,small,warm,200,28.82,27.27,1.55,7.8,19.47,False,,0.0,0.55,6.36,0.88,7.8,1
1813,linpack,large,warm,200,20.29,20.26,0.03,8.07,12.19,False,,0.0,0.54,6.34,1.19,8.07,1
1814,linpack,small,warm,200,19.91,19.89,0.02,8.01,11.88,False,,0.0,0.51,6.34,1.15,8.01,1
1815,genmatrix,small,cold,200,2131.69,2131.08,0.61,7.93,2123.16,True,,0.0,0.03,,7.89,7.92,1
1816,genmatrix,small,warm,200,9.71,9.14,0.57,0.14,9.0,False,,0.0,0.04,,0.1,0.14,1
1817,linpack,small,warm,200,19.4,19.38,0.02,8.05,11.33,False,,0.0,0.51,6.38,1.15,8.05,1
1818,fetchdata,large,cold,200,2161.29,2161.27,0.02,123.97,2037.3,True,123.94,0.0,0.02,0.0,,123.97,1
1819,genmatrix,medium,warm,200,126.12,10.81,115.31,0.21,10.61,False,,0.0,0.02,,0.18,0.21,1
1820,linpack,large,warm,200,19.45,19.43,0.02,8.02,11.4,False,,0.0,0.51,6.36,1.15,8.02,1
1821,fastfouriertransform,medium,cold,200,2368.74,2368.73,0.01,616.19,1752.54,True,,0.0,3.96,0.0,612.22,616.19,1
1822,matrixmul,large,cold,200,1367.64,1365.09,2.55,5.04,1360.05,True,,0.0,0.36,4.05,0.62,5.04,1
1823,fetchdata,small,warm,200,135.91,135.89,0.02,128.67,7.22,False,128.63,0.0,0.03,0.0,,128.67,1
1824,fetchdata,small,warm,200,88.5,88.48,0.02,81.82,6.66,False,81.78,0.0,0.03,0.0,,81.82,1
1825,matrixmul,small,warm,200,28.96,26.44,2.52,7.75,18.69,False,,0.0,0.52,6.36,0.86,7.75,1
1826,matrixmul,large,warm,200,134.05,131.64,2.41,7.78,123.86,False,,0.0,0.6,6.31,0.87,7.78,1
1827,linpack,small,cold,200,1394.62,1394.6,0.02,5.16,1389.44,True,,0.0,0.33,4.0,0.82,5.16,1
1828,genmatrix,large,cold,200,1465.17,1449.14,16.04,8.6,1440.54,True,,0.0,0.02,,8.56,8.59,1
1829,fetchdata,small,warm,200,135.8,135.78,0.02,129.26,6.52,False,129.22,0.0,0.03,0.0,,129.26,1
1830,fastfouriertransform,large,cold,200,1595.38,1595.36,0.02,6.02,1589.34,True,,0.0,3.88,0.0,2.13,6.02,1
1831,fetchdata,large,warm,200,88.36,88.35,0.02,81.85,6.5,False,81.81,0.0,0.03,0.0,,81.85,1
1832,fastfouriertransform,small,warm,200,45.24,45.23,0.01,7.65,37.58,False,,0.0,6.22,0.01,1.41,7.65,1
1833,matrixmul,medium,cold,200,1988.89,1987.15,1.74,506.77,1480.38,True,,0.0,0.35,4.01,502.4,506.76,1
1834,linpack,large,cold,200,1282.03,1282.02,0.01,5.27,1276.75,True,,0.0,0.38,4.03,0.85,5.26,1
1835,genmatrix,small,cold,200,1251.16,1250.55,0.6,6.14,1244.41,True,,0.0,0.02,,6.11,6.14,1
1836,genmatrix,small,warm,200,11.19,10.51,0.67,0.16,10.35,False,,0.0,0.04,,0.12,0.16,1
1837,genmatrix,large,warm,200,64.64,44.3,20.34,1.3,43.0,False,,0.0,0.03,,1.26,1.29,1
1838,fastfouriertransform,small,warm,200,36.33,36.31,0.02,4.6,31.71,False,,0.0,3.85,0.0,0.74,4.6,1
1839,genmatrix,medium,warm,200,16.07,13.54,2.53,0.3,13.24,False,,0.0,0.03,,0.26,0.3,1
1840,genmatrix,large,warm,200,66.17,45.27,20.9,1.2,44.07,False,,0.0,0.03,,1.16,1.2,1
1841,fastfouriertransform,medium,warm,200,634.55,634.53,0.02,597.41,37.12,False,,0.0,3.85,0.0,593.55,597.41,1
1842,linpack,large,cold,200,2140.02,2140.0,0.02,5.24,2134.76,True,,0.0,0.38,4.02,0.83,5.24,1
1843,fastfouriertransform,medium,warm,200,650.38,650.36,0.02,614.3,36.06,False,,0.0,3.89,0.01,610.39,614.3,1
1844,matrixmul,large,cold,200,1398.67,1396.19,2.48,4.96,1391.23,True,,0.0,0.36,4.0,0.6,4.96,1
1845,genmatrix,small,warm,200,8.88,8.41,0.47,0.16,8.25,False,,0.0,0.04,,0.12,0.16,1
1846,matrixmul,large,warm,200,29.34,26.97,2.37,7.83,19.15,False,,0.0,0.52,6.35,0.95,7.83,1
1847,fetchdata,medium,cold,200,1624.43,1624.41,0.02,126.74,1497.67,True,126.71,0.0,0.02,0.0,,126.74,1
1848,fetchdata,medium,warm,200,88.8,88.78,0.02,82.02,6.76,False,81.98,0.0,0.03,0.0,,82.02,1
1849,fastfouriertransform,large,warm,200,39.48,39.47,0.01,4.66,34.81,False,,0.0,3.83,0.0,0.82,4.66,1
1850,fastfouriertransform,small,warm,200,41.31,41.31,0.01,7.29,34.01,False,,0.0,6.11,0.0,1.17,7.29,1
1851,linpack,small,cold,200,1641.9,1641.87,0.03,5.17,1636.7,True,,0.0,0.35,4.0,0.82,5.17,1
1852,fastfouriertransform,small,warm,200,38.54,38.53,0.01,4.71,33.82,False,,0.0,3.89,0.0,0.82,4.71,1
1853,fetchdata,small,warm,200,136.79,136.76,0.03,130.21,6.55,False,130.17,0.0,0.03,0.0,,130.2,1
1854,matrixmul,medium,cold,200,1884.93,1882.99,1.94,514.91,1368.08,True,,0.0,0.35,4.21,510.34,514.91,1
1855,matrixmul,small,warm,200,28.68,26.77,1.91,7.71,19.06,False,,0.0,0.51,6.32,0.87,7.71,1
1856,fetchdata,small,warm,200,88.16,88.14,0.02,81.43,6.71,False,81.39,0.0,0.03,0.0,,81.43,1
1857,linpack,large,warm,200,20.14,20.12,0.02,8.06,12.06,False,,0.0,0.59,6.31,1.16,8.06,1
1858,matrixmul,small,warm,200,232.71,230.68,2.04,7.78,222.9,False,,0.0,0.53,6.37,0.88,7.78,1
1859,genmatrix,small,cold,200,1608.97,1608.22,0.75,6.08,1602.14,True,,0.0,0.02,,6.05,6.08,1
1860,matrixmul,large,warm,200,28.13,25.96,2.17,7.75,18.22,False,,0.0,0.54,6.32,0.88,7.75,1
1861,genmatrix,medium,warm,200,18.57,16.32,2.25,0.33,16.0,False,,0.0,0.04,,0.28,0.32,1
1862,fastfouriertransform,large,cold,200,1438.97,1438.95,0.02,6.37,1432.58,True,,0.0,3.86,0.0,2.5,6.37,1
1863,genmatrix,small,warm,200,8.99,8.36,0.64,0.15,8.2,False,,0.0,0.03,,0.12,0.15,1
1864,linpack,large,cold,200,1823.06,1823.04,0.02,5.22,1817.82,True,,0.0,0.38,4.0,0.83,5.21,1
1865,fastfouriertransform,small,warm,200,25.16,25.16,0.0,7.45,17.71,False,,0.0,6.26,0.0,1.18,7.45,1
1866,fetchdata,large,cold,200,1545.2,1545.17,0.03,127.37,1417.8,True,127.34,0.0,0.02,0.0,,127.37,1
1867,fastfouriertransform,medium,warm,200,700.96,700.94,0.02,665.94,35.0,False,,0.0,6.06,0.0,659.87,665.94,1
1868,fastfouriertransform,medium,warm,200,701.75,701.73,0.02,666.15,35.58,False,,0.0,6.08,0.0,660.05,666.15,1
1869,genmatrix,medium,warm,200,15.91,13.38,2.53,0.3,13.08,False,,0.0,0.03,,0.26,0.3,1
1870,genmatrix,small,warm,200,8.46,7.66,0.79,0.15,7.51,False,,0.0,0.03,,0.12,0.15,1
1871,linpack,medium,cold,200,2617.91,2617.89,0.02,643.09,1974.8,True,,0.0,0.39,4.03,638.66,643.09,1
1872,fastfouriertransform,medium,warm,200,692.06,692.04,0.02,657.61,34.43,False,,0.0,6.22,0.0,651.38,657.61,1
1873,fetchdata,medium,cold,200,1633.36,1633.34,0.03,138.54,1494.79,True,138.51,0.0,0.02,0.0,,138.54,1
1874,linpack,medium,warm,200,675.24,675.22,0.02,663.27,11.95,False,,0.0,0.55,6.33,656.37,663.27,1
1875,linpack,small,warm,200,20.68,20.66,0.02,8.03,12.64,False,,0.0,0.54,6.33,1.14,8.02,1
1876,matrixmul,medium,cold,200,2107.04,2105.02,2.02,509.32,1595.7,True,,0.0,0.37,4.03,504.9,509.32,1
1877,linpack,medium,warm,200,689.35,689.33,0.02,676.76,12.57,False,,0.0,0.52,6.33,669.9,676.76,1
1878,fetchdata,large,warm,200,141.09,141.07,0.02,134.62,6.45,False,134.58,0.0,0.03,0.0,,134.62,1
1879,linpack,small,warm,200,19.84,19.82,0.02,8.02,11.8,False,,0.0,0.52,6.35,1.14,8.02,1
1880,fetchdata,small,warm,200,90.15,90.13,0.02,83.71,6.42,False,83.67,0.0,0.03,0.0,,83.71,1
1881,matrixmul,small,warm,200,23.51,21.28,2.24,4.9,16.38,False,,0.0,0.36,3.98,0.56,4.9,1
1882,fetchdata,large,warm,200,139.58,139.57,0.02,133.25,6.32,False,133.21,0.0,0.03,0.0,,133.25,1
1883,genmatrix,large,cold,200,2098.07,2087.31,10.76,9.12,2078.2,True,,0.0,0.02,,9.08,9.11,1
1884,fastfouriertransform,medium,cold,200,2053.3,2053.28,0.02,604.91,1448.38,True,,0.0,3.9,0.0,600.99,604.9,1
1885,fastfouriertransform,large,warm,200,42.81,42.79,0.02,7.29,35.51,False,,0.0,6.07,0.0,1.21,7.29,1
1886,matrixmul,large,warm,200,109.35,107.29,2.05,4.95,102.35,False,,0.0,0.36,4.01,0.57,4.94,1
1887,genmatrix,small,warm,200,8.78,7.93,0.86,0.15,7.77,False,,0.0,0.03,,0.12,0.15,1
1888,fetchdata,large,warm,200,143.45,143.44,0.02,137.08,6.36,False,137.04,0.0,0.03,0.0,,137.08,1
1889,fetchdata,medium,warm,200,88.4,88.38,0.02,81.87,6.51,False,81.83,0.0,0.03,0.0,,81.87,1
1890,matrixmul,small,warm,200,26.49,24.8,1.7,6.33,18.47,False,,0.0,0.48,5.04,0.8,6.32,1
1891,fetchdata,large,warm,200,88.88,88.86,0.02,82.59,6.27,False,82.55,0.0,0.03,0.0,,82.59,1
1892,genmatrix,small,warm,200,8.88,8.21,0.68,0.16,8.05,False,,0.0,0.03,,0.12,0.15,1
1893,fastfouriertransform,small,cold,200,1793.96,1793.94,0.02,6.0,1787.94,True,,0.0,3.87,0.0,2.12,5.99,1
1894,linpack,medium,cold,200,2288.52,2288.5,0.02,644.85,1643.65,True,,0.0,0.36,3.99,640.49,644.85,1
1895,genmatrix,medium,warm,200,15.85,13.16,2.69,0.3,12.86,False,,0.0,0.03,,0.26,0.3,1
1896,fastfouriertransform,large,warm,200,41.88,41.87,0.01,7.33,34.54,False,,0.0,6.15,0.0,1.17,7.32,1
1897,fastfouriertransform,large,warm,200,41.5,41.45,0.05,7.24,34.21,False,,0.0,6.11,0.0,1.12,7.24,1
1898,fetchdata,large,cold,200,1925.78,1925.76,0.02,126.41,1799.34,True,126.38,0.0,0.02,0.0,,126.41,1
1899,matrixmul,small,cold,200,1393.33,1390.97,2.36,5.32,1385.65,True,,0.0,0.36,4.26,0.69,5.32,1
1900,linpack,large,warm,200,19.58,19.55,0.03,8.04,11.51,False,,0.0,0.53,6.33,1.17,8.04,1
1901,fastfouriertransform,medium,warm,200,668.98,668.96,0.02,631.77,37.19,False,,0.0,6.12,0.0,625.64,631.77,1
1902,fetchdata,small,warm,200,139.06,139.04,0.02,132.43,6.61,False,132.39,0.0,0.03,0.0,,132.42,1
1903,genmatrix,medium,cold,200,1801.16,1798.88,2.29,6.4,1792.48,True,,0.0,0.03,,6.36,6.39,1
1904,genmatrix,medium,warm,200,56.75,12.17,44.58,0.21,11.96,False,,0.0,0.03,,0.18,0.21,1
1905,genmatrix,medium,warm,200,12.72,10.4,2.32,0.21,10.18,False,,0.0,0.03,,0.18,0.21,1
1906,matrixmul,medium,cold,200,1942.97,1940.81,2.16,507.53,1433.28,True,,0.0,0.37,4.02,503.13,507.52,1
1907,fetchdata,small,warm,200,2090.53,2090.51,0.02,2083.4,7.1,False,2083.36,0.0,0.03,0.0,,2083.4,1
1908,fetchdata,small,warm,200,88.01,87.99,0.02,81.42,6.57,False,81.38,0.0,0.03,0.0,,81.42,1
1909,linpack,small,cold,200,1750.39,1750.37,0.02,5.23,1745.14,True,,0.0,0.37,4.04,0.82,5.23,1
1910,fetchdata,small,warm,200,87.42,87.4,0.02,81.12,6.28,False,81.08,0.0,0.03,0.0,,81.12,1
1911,fetchdata,medium,warm,200,138.09,138.08,0.02,131.08,7.0,False,131.04,0.0,0.03,0.0,,131.08,1
1912,matrixmul,medium,warm,200,599.33,597.15,2.18,584.33,12.83,False,,0.0,0.52,6.39,577.4,584.32,1
1913,matrixmul,small,warm,200,233.69,231.63,2.06,7.77,223.86,False,,0.0,0.57,6.31,0.88,7.77,1
1914,linpack,medium,warm,200,685.39,685.37,0.02,665.29,20.08,False,,0.0,0.52,6.35,658.41,665.28,1
1915,fetchdata,medium,warm,200,136.55,136.53,0.02,130.06,6.47,False,130.02,0.0,0.03,0.0,,130.06,1
1916,genmatrix,medium,cold,200,1826.45,1823.98,2.47,6.32,1817.67,True,,0.0,0.03,,6.29,6.32,1
1917,genmatrix,small,warm,200,10.87,10.34,0.53,0.16,10.18,False,,0.0,0.04,,0.11,0.16,1
1918,fastfouriertransform,small,cold,200,1273.25,1273.24,0.01,6.0,1267.24,True,,0.0,3.88,0.0,2.11,6.0,1
1919,genmatrix,large,warm,200,61.13,47.41,13.72,1.27,46.14,False,,0.0,0.03,,1.24,1.27,1
1920,linpack,small,warm,200,19.93,19.91,0.02,8.13,11.78,False,,0.0,0.57,6.42,1.14,8.13,1
1921,fetchdata,medium,warm,200,135.41,135.39,0.02,128.81,6.58,False,128.77,0.0,0.04,0.0,,128.81,1
1922,fetchdata,small,warm,200,87.17,87.15,0.02,80.94,6.21,False,80.9,0.0,0.02,0.0,,80.93,1
1923,fetchdata,medium,warm,200,87.04,87.02,0.02,80.58,6.44,False,80.55,0.0,0.02,0.0,,80.58,1
1924,matrixmul,large,cold,200,1427.57,1425.76,1.8,5.02,1420.74,True,,0.0,0.38,4.02,0.61,5.02,1
1925,fastfouriertransform,large,cold,200,1369.38,1369.36,0.02,6.0,1363.36,True,,0.0,3.85,0.0,2.14,6.0,1
1926,genmatrix,medium,cold,200,1393.89,1391.8,2.09,6.87,1384.93,True,,0.0,0.03,,6.83,6.87,1
1927,fetchdata,small,warm,200,136.41,136.39,0.02,129.91,6.49,False,129.88,0.0,0.02,0.0,,129.91,1
1928,matrixmul,medium,warm,200,563.55,561.54,2.01,545.26,16.28,False,,0.0,0.52,6.31,538.43,545.26,1
1929,linpack,large,cold,200,1598.88,1598.86,0.02,5.22,1593.65,True,,0.0,0.36,4.04,0.81,5.22,1
1930,linpack,small,warm,200,16.43,16.43,0.01,8.04,8.39,False,,0.0,0.54,6.34,1.16,8.04,1
1931,fastfouriertransform,medium,warm,200,658.14,658.12,0.02,636.98,21.15,False,,0.0,6.12,0.0,630.84,636.97,1
1932,fastfouriertransform,small,warm,200,40.81,40.8,0.01,7.25,33.54,False,,0.0,6.11,0.0,1.13,7.25,1
1933,fastfouriertransform,small,warm,200,40.61,40.59,0.01,7.22,33.38,False,,0.0,6.07,0.0,1.13,7.21,1
1934,fastfouriertransform,small,warm,200,41.87,41.86,0.01,7.24,34.63,False,,0.0,6.1,0.0,1.13,7.24,1
1935,fetchdata,small,cold,200,1718.92,1718.9,0.02,134.72,1584.18,True,134.69,0.0,0.03,0.0,,134.72,1
1936,matrixmul,medium,cold,200,2217.2,2214.71,2.49,511.6,1703.11,True,,0.0,0.39,4.17,507.03,511.6,1
1937,fastfouriertransform,large,warm,200,41.67,41.65,0.02,7.26,34.39,False,,0.0,6.08,0.0,1.16,7.25,1
1938,linpack,medium,cold,200,1998.98,1998.96,0.02,642.38,1356.59,True,,0.0,0.38,4.09,637.89,642.37,1
1939,fastfouriertransform,small,warm,200,41.72,41.71,0.02,7.22,34.48,False,,0.0,6.08,0.0,1.14,7.22,1
1940,fastfouriertransform,small,warm,200,44.71,44.7,0.01,7.26,37.44,False,,0.0,6.11,0.0,1.14,7.26,1
1941,matrixmul,small,warm,200,28.24,26.06,2.18,7.71,18.34,False,,0.0,0.54,6.29,0.87,7.71,1
1942,fastfouriertransform,medium,warm,200,642.89,642.88,0.01,627.44,15.44,False,,0.0,6.16,0.0,621.28,627.44,1
1943,fastfouriertransform,small,warm,200,208.54,208.52,0.02,7.24,201.28,False,,0.0,6.1,0.0,1.13,7.24,1
1944,matrixmul,small,warm,200,28.48,26.42,2.06,7.72,18.7,False,,0.0,0.53,6.31,0.87,7.72,1
1945,fetchdata,large,cold,200,1563.74,1563.72,0.02,127.45,1436.27,True,127.42,0.0,0.03,0.0,,127.45,1
1946,matrixmul,large,warm,200,28.59,26.47,2.12,7.8,18.67,False,,0.0,0.6,6.32,0.88,7.8,1
1947,matrixmul,medium,warm,200,564.34,562.37,1.97,546.17,16.2,False,,0.0,0.57,6.31,539.28,546.17,1
1948,fastfouriertransform,medium,warm,200,662.13,662.12,0.01,627.34,34.78,False,,0.0,6.1,0.0,621.24,627.34,1
1949,matrixmul,small,warm,200,28.81,26.72,2.09,7.86,18.86,False,,0.0,0.59,6.38,0.88,7.86,1
1950,genmatrix,small,cold,200,1577.23,1576.39,0.85,8.01,1568.38,True,,0.0,0.03,,7.97,8.01,1
1951,fetchdata,medium,warm,200,140.16,140.13,0.03,133.05,7.08,False,133.01,0.0,0.03,0.0,,133.05,1
1952,genmatrix,medium,warm,200,14.54,12.18,2.36,0.23,11.94,False,,0.0,0.03,,0.2,0.23,1
1953,fetchdata,small,warm,200,134.73,134.7,0.02,127.82,6.88,False,127.78,0.0,0.03,0.0,,127.82,1
1954,linpack,large,cold,200,1973.08,1973.06,0.02,5.39,1967.67,True,,0.0,0.36,4.11,0.92,5.39,1
1955,linpack,small,warm,200,131.63,131.61,0.02,8.09,123.52,False,,0.0,0.55,6.35,1.18,8.08,1
1956,genmatrix,medium,warm,200,12.59,10.57,2.01,0.22,10.36,False,,0.0,0.03,,0.19,0.22,1
1957,matrixmul,large,cold,200,1395.45,1392.96,2.49,5.04,1387.92,True,,0.0,0.36,4.02,0.65,5.04,1
1958,matrixmul,small,warm,200,234.75,232.79,1.97,7.8,224.99,False,,0.0,0.58,6.35,0.86,7.79,1
1959,fastfouriertransform,medium,cold,200,1908.87,1908.85,0.02,602.78,1306.07,True,,0.0,3.91,0.0,598.86,602.78,1
1960,matrixmul,small,warm,200,28.4,26.28,2.11,7.71,18.57,False,,0.0,0.52,6.32,0.86,7.71,1
1961,matrixmul,small,warm,200,123.75,121.73,2.02,7.76,113.97,False,,0.0,0.53,6.35,0.87,7.76,1
1962,linpack,small,cold,200,1716.26,1716.23,0.02,5.27,1710.96,True,,0.0,0.36,4.06,0.84,5.27,1
1963,linpack,small,warm,200,20.15,20.13,0.02,8.04,12.09,False,,0.0,0.57,6.32,1.16,8.04,1
1964,matrixmul,large,warm,200,154.66,152.53,2.13,7.85,144.68,False,,0.0,0.54,6.43,0.87,7.84,1
1965,genmatrix,medium,cold,200,1768.55,1766.26,2.29,6.23,1760.03,True,,0.0,0.02,,6.2,6.22,1
1966,linpack,medium,warm,200,693.6,693.6,0.01,684.9,8.7,False,,0.0,0.6,6.34,677.95,684.89,1
1967,genmatrix,large,warm,200,58.98,48.85,10.13,1.31,47.54,False,,0.0,0.04,,1.26,1.31,1
1968,linpack,medium,warm,200,696.33,696.31,0.02,684.01,12.3,False,,0.0,0.58,6.33,677.09,684.0,1
1969,matrixmul,medium,warm,200,564.46,562.26,2.2,546.31,15.95,False,,0.0,0.48,6.03,539.79,546.31,1
1970,fetchdata,small,cold,200,1731.91,1731.91,0.01,131.88,1600.02,True,131.85,0.0,0.02,0.0,,131.88,1
1971,genmatrix,large,warm,200,57.35,46.44,10.91,1.14,45.3,False,,0.0,0.03,,1.1,1.14,1
1972,fetchdata,small,warm,200,82.36,82.34,0.02,75.92,6.42,False,75.89,0.0,0.02,0.0,,75.92,1
1973,genmatrix,small,warm,200,8.41,7.82,0.59,0.15,7.67,False,,0.0,0.03,,0.12,0.15,1
1974,matrixmul,large,warm,200,28.34,26.17,2.18,7.74,18.42,False,,0.0,0.52,6.35,0.88,7.74,1
1975,genmatrix,large,warm,200,61.54,46.61,14.93,1.21,45.41,False,,0.0,0.03,,1.17,1.2,1
1976,fetchdata,small,warm,200,136.43,136.41,0.02,130.08,6.33,False,130.05,0.0,0.03,0.0,,130.08,1
1977,fastfouriertransform,small,cold,200,2185.1,2185.08,0.02,5.99,2179.09,True,,0.0,3.86,0.0,2.12,5.99,1
1978,fetchdata,medium,warm,200,89.72,89.7,0.02,82.87,6.84,False,82.83,0.0,0.03,0.0,,82.87,1
1979,linpack,large,cold,200,1271.56,1271.55,0.01,5.25,1266.3,True,,0.0,0.35,4.07,0.83,5.24,1
1980,fastfouriertransform,small,warm,200,41.53,41.52,0.01,7.61,33.91,False,,0.0,6.44,0.01,1.15,7.61,1
1981,linpack,medium,warm,200,678.05,678.02,0.03,665.92,12.11,False,,0.0,0.59,6.32,659.0,665.92,1
1982,genmatrix,small,cold,200,1700.7,1699.94,0.75,6.26,1693.69,True,,0.0,0.03,,6.22,6.25,1
1983,fetchdata,small,warm,200,134.34,134.32,0.02,128.21,6.11,False,128.18,0.0,0.02,0.0,,128.21,1
1984,linpack,medium,warm,200,674.19,674.16,0.03,662.49,11.67,False,,0.0,0.52,6.36,655.6,662.48,1
1985,genmatrix,large,warm,200,60.82,48.78,12.04,1.41,47.37,False,,0.0,0.04,,1.36,1.41,1
1986,fastfouriertransform,large,warm,200,42.06,42.05,0.01,7.31,34.74,False,,0.0,6.09,0.0,1.21,7.3,1
1987,genmatrix,large,warm,200,57.39,45.95,11.43,1.13,44.82,False,,0.0,0.03,,1.09,1.13,1
1988,linpack,small,warm,200,20.13,20.11,0.02,8.23,11.89,False,,0.0,0.54,6.35,1.33,8.22,1
1989,linpack,small,warm,200,19.43,19.41,0.02,8.03,11.38,False,,0.0,0.52,6.37,1.13,8.03,1
1990,matrixmul,large,cold,200,1559.32,1557.54,1.77,4.95,1552.59,True,,0.0,0.35,3.99,0.59,4.95,1
1991,genmatrix,small,warm,200,8.7,8.17,0.53,0.15,8.02,False,,0.0,0.03,,0.12,0.15,1
1992,matrixmul,small,warm,200,114.27,27.49,86.78,7.73,19.77,False,,0.0,0.52,6.33,0.87,7.73,1
1993,fastfouriertransform,small,cold,200,1256.95,1256.94,0.01,6.44,1250.5,True,,0.0,3.85,0.0,2.58,6.44,1
1994,fetchdata,large,cold,200,2182.43,2182.41,0.02,126.64,2055.77,True,126.6,0.0,0.02,0.0,,126.63,1
1995,fetchdata,small,warm,200,89.11,89.09,0.02,81.99,7.1,False,81.94,0.0,0.03,0.0,,81.98,1
1996,linpack,medium,cold,200,2053.73,2053.71,0.02,642.25,1411.46,True,,0.0,0.36,3.98,637.9,642.24,1
1997,fastfouriertransform,medium,warm,200,684.65,684.64,0.02,649.39,35.25,False,,0.0,6.13,0.0,643.24,649.38,1
1998,linpack,small,warm,200,19.58,19.56,0.02,7.99,11.57,False,,0.0,0.52,6.3,1.16,7.99,1
1999,fetchdata,medium,warm,200,142.49,142.47,0.02,135.59,6.89,False,135.55,0.0,0.03,0.0,,135.59,1
