index,request_id,function,size,type,status,latency_ms,ttfb_ms,output_transfer_ms,execution_time_ms,system_overhead_ms,cold_start_server,io_ms,binary_read_ms,json_parsing_ms,parameter_extraction_ms,compute_ms,total_server_ms,in_flight
0,0,fastfouriertransform,small,cold,200,1938.61,1938.61,0.0,7.85,1930.76,True,,0.0,4.22,0.01,3.6,7.85,1
1,1,genmatrix,small,cold,200,1695.74,1695.74,0.01,14.5,1681.24,True,,0.0,0.16,,14.33,14.5,2
2,2,fetchdata,small,cold,200,1879.84,1879.84,0.0,137.71,1742.13,True,137.68,0.0,0.02,0.0,,137.71,3
3,3,fastfouriertransform,large,cold,200,1673.07,1673.07,0.01,5.14,1667.93,False,,0.0,4.16,0.01,0.96,5.14,4
4,4,linpack,small,cold,200,2141.0,2140.99,0.0,5.92,2135.07,True,,0.0,0.54,4.27,1.11,5.92,5
5,5,linpack,medium,cold,200,4960.63,4960.62,0.0,730.18,4230.45,False,,0.0,0.49,4.11,725.57,730.17,6
6,6,fastfouriertransform,small,cold,200,1386.37,1386.36,0.01,5.31,1381.05,False,,0.0,4.09,0.01,1.2,5.3,7
7,7,fastfouriertransform,small,cold,200,1264.05,1264.04,0.01,5.57,1258.47,False,,0.0,4.24,0.01,1.31,5.57,8
8,8,fetchdata,large,cold,200,1518.95,1518.94,0.0,81.5,1437.44,False,81.46,0.0,0.03,0.0,,81.5,9
9,9,linpack,small,cold,200,1660.84,1660.83,0.01,9.54,1651.29,False,,0.0,0.43,8.23,0.88,9.54,10
10,10,linpack,small,cold,200,2295.0,2295.0,0.01,5.41,2289.58,False,,0.0,0.48,4.1,0.82,5.41,11
11,11,linpack,medium,cold,200,2182.53,2182.52,0.0,718.52,1464.0,False,,0.0,0.43,4.4,713.68,718.52,12
12,12,fetchdata,medium,warm,200,951.47,951.46,0.01,76.78,874.68,False,76.74,0.0,0.02,0.0,,76.77,13
13,13,linpack,medium,cold,200,2736.36,2736.36,0.01,734.73,2001.63,False,,0.0,0.48,4.08,730.16,734.72,14
14,14,fastfouriertransform,small,warm,200,551.96,551.95,0.01,7.08,544.88,False,,0.0,5.95,0.01,1.1,7.07,15
15,15,matrixmul,medium,cold,200,2564.82,2564.82,0.01,706.26,1858.56,True,,0.0,0.46,4.65,701.14,706.25,16
16,16,genmatrix,small,warm,200,215.89,215.89,0.01,0.15,215.74,False,,0.0,0.04,,0.1,0.15,17
17,17,fetchdata,medium,warm,200,538.56,538.55,0.01,79.31,459.25,False,79.27,0.0,0.03,0.0,,79.3,18
18,18,fastfouriertransform,small,warm,200,161.08,161.07,0.0,5.34,155.73,False,,0.0,4.12,0.01,1.21,5.34,18
19,19,matrixmul,small,cold,200,2183.15,2183.14,0.01,7.82,2175.32,False,,0.0,0.52,6.4,0.89,7.82,18
20,20,genmatrix,medium,warm,200,21.45,16.2,5.25,0.24,15.96,False,,0.0,0.03,,0.21,0.24,13
21,21,linpack,medium,cold,200,2628.77,2628.77,0.0,705.82,1922.94,False,,0.0,0.38,4.38,701.06,705.82,12
22,22,fastfouriertransform,large,warm,200,23.68,23.68,0.0,4.6,19.08,False,,0.0,3.84,0.0,0.75,4.6,12
23,23,matrixmul,large,cold,200,1798.86,1798.86,0.0,7.92,1790.94,False,,0.0,0.54,6.45,0.91,7.91,11
24,24,fastfouriertransform,medium,warm,200,781.3,781.29,0.0,757.22,24.07,False,,0.0,4.43,0.01,752.78,757.22,11
25,25,fastfouriertransform,large,warm,200,682.23,682.23,0.0,4.81,677.42,False,,0.0,3.86,0.01,0.93,4.8,12
26,26,genmatrix,large,warm,200,55.52,39.02,16.5,0.91,38.11,False,,0.0,0.03,,0.87,0.91,11
27,27,linpack,medium,cold,200,3481.04,3481.03,0.01,710.86,2770.17,False,,0.0,0.41,4.4,706.05,710.86,11
28,28,linpack,small,cold,200,3385.95,3385.94,0.0,5.46,3380.48,False,,0.0,0.48,4.13,0.83,5.46,12
29,29,fastfouriertransform,small,warm,200,294.02,294.01,0.01,4.98,289.03,False,,0.0,4.0,0.01,0.96,4.98,13
30,30,fetchdata,medium,warm,200,87.36,87.35,0.0,76.42,10.93,False,76.38,0.0,0.02,0.0,,76.42,14
31,31,fastfouriertransform,small,warm,200,110.03,110.02,0.01,5.01,105.01,False,,0.0,3.98,0.0,1.02,5.01,14
32,32,fastfouriertransform,medium,warm,200,775.91,775.9,0.0,753.42,22.48,False,,0.0,4.44,0.01,748.97,753.42,12
33,33,genmatrix,medium,warm,200,24.01,18.71,5.3,0.21,18.49,False,,0.0,0.03,,0.18,0.21,10
34,34,genmatrix,small,warm,200,10.71,10.7,0.0,0.14,10.56,False,,0.0,0.03,,0.11,0.14,10
35,35,genmatrix,medium,warm,200,19.26,15.35,3.91,0.22,15.13,False,,0.0,0.03,,0.19,0.22,10
36,36,fetchdata,large,warm,200,87.55,87.55,0.0,76.39,11.16,False,76.36,0.0,0.02,0.0,,76.39,10
37,37,genmatrix,large,warm,200,64.23,38.55,25.68,0.8,37.74,False,,0.0,0.03,,0.77,0.8,10
38,38,fastfouriertransform,large,warm,200,183.4,183.39,0.01,5.14,178.25,False,,0.0,3.94,0.0,1.19,5.14,10
39,39,fetchdata,large,warm,200,95.77,95.76,0.01,79.86,15.9,False,79.83,0.0,0.03,0.0,,79.86,11
40,40,fetchdata,small,warm,200,95.43,95.43,0.0,78.61,16.82,False,78.57,0.0,0.03,0.0,,78.6,9
41,41,matrixmul,medium,warm,200,663.81,659.15,4.66,636.78,22.37,False,,0.0,0.55,6.39,629.82,636.77,5
42,42,genmatrix,large,warm,200,51.54,35.34,16.2,0.77,34.57,False,,0.0,0.02,,0.75,0.77,6
43,43,linpack,small,cold,200,1897.52,1897.52,0.01,5.25,1892.26,False,,0.0,0.37,4.07,0.82,5.25,6
44,44,genmatrix,small,warm,200,11.75,11.75,0.0,0.11,11.64,False,,0.0,0.02,,0.09,0.11,7
45,45,fetchdata,small,warm,200,94.55,94.54,0.0,83.27,11.27,False,83.25,0.0,0.02,0.0,,83.27,7
46,46,genmatrix,medium,warm,200,21.08,21.08,0.0,0.22,20.85,False,,0.0,0.03,,0.19,0.22,7
47,47,genmatrix,small,warm,200,14.13,14.12,0.0,0.14,13.98,False,,0.0,0.03,,0.11,0.14,7
48,48,fetchdata,large,warm,200,84.89,84.88,0.0,74.69,10.2,False,74.66,0.0,0.02,0.0,,74.69,5
49,49,genmatrix,small,warm,200,12.45,12.45,0.0,0.11,12.34,False,,0.0,0.02,,0.09,0.11,5
50,50,matrixmul,medium,warm,200,694.33,690.49,3.84,669.75,20.73,False,,0.0,0.49,5.58,663.68,669.75,5
51,51,matrixmul,small,warm,200,605.77,605.77,0.01,5.46,600.31,False,,0.0,0.38,4.46,0.63,5.46,6
52,52,genmatrix,small,warm,200,17.79,17.79,0.0,0.14,17.65,False,,0.0,0.03,,0.11,0.14,7
53,53,fetchdata,large,warm,200,89.7,89.69,0.0,78.83,10.86,False,78.8,0.0,0.02,0.0,,78.83,7
54,54,linpack,large,warm,200,800.02,800.01,0.0,5.43,794.58,False,,0.0,0.37,4.2,0.86,5.43,7
55,55,genmatrix,large,warm,200,57.7,40.83,16.87,0.93,39.9,False,,0.0,0.03,,0.9,0.93,7
56,56,linpack,medium,warm,200,707.72,707.71,0.0,688.57,19.15,True,,0.0,0.37,4.03,684.16,688.56,7
57,57,linpack,medium,warm,200,1313.72,1313.71,0.0,701.21,612.5,False,,0.0,0.37,4.06,696.78,701.21,7
58,58,genmatrix,small,warm,200,11.03,11.02,0.0,0.11,10.92,False,,0.0,0.02,,0.08,0.11,7
59,59,fetchdata,large,warm,200,93.77,93.76,0.0,80.64,13.13,False,80.6,0.0,0.03,0.0,,80.64,7
60,60,matrixmul,small,warm,200,38.06,33.75,4.31,8.0,25.75,False,,0.0,0.55,6.54,0.91,7.99,7
61,61,fastfouriertransform,small,warm,200,26.73,26.72,0.0,8.14,18.58,False,,0.0,7.27,0.01,0.86,8.14,7
62,62,fetchdata,large,warm,200,87.32,87.32,0.0,74.9,12.41,False,74.88,0.0,0.02,0.0,,74.9,4
63,63,fetchdata,large,warm,200,88.87,88.87,0.0,75.62,13.25,False,75.59,0.0,0.02,0.0,,75.62,3
64,64,matrixmul,large,warm,200,29.6,29.59,0.01,5.48,24.11,False,,0.0,0.39,4.46,0.64,5.48,2
65,65,fastfouriertransform,medium,warm,200,773.12,773.12,0.0,753.63,19.48,False,,0.0,3.91,0.0,749.72,753.63,2
66,66,matrixmul,large,warm,200,35.19,27.47,7.72,5.6,21.86,False,,0.0,0.4,4.42,0.78,5.6,3
67,67,matrixmul,large,warm,200,31.14,31.14,0.0,6.47,24.67,False,,0.0,0.4,5.4,0.67,6.47,3
68,68,genmatrix,large,warm,200,58.27,42.43,15.83,0.91,41.52,False,,0.0,0.03,,0.88,0.91,3
69,69,fastfouriertransform,large,warm,200,380.64,380.64,0.01,4.51,376.12,False,,0.0,3.79,0.0,0.72,4.51,3
70,70,fastfouriertransform,large,warm,200,288.58,288.57,0.01,4.56,284.01,False,,0.0,3.8,0.0,0.76,4.56,4
71,71,linpack,medium,warm,200,709.85,709.85,0.0,688.69,21.15,False,,0.0,0.35,3.98,684.36,688.69,4
72,72,genmatrix,small,warm,200,11.62,11.62,0.0,0.11,11.51,False,,0.0,0.02,,0.08,0.11,5
73,73,genmatrix,medium,warm,200,20.34,20.34,0.01,0.23,20.11,False,,0.0,0.02,,0.2,0.23,2
74,74,fetchdata,medium,warm,200,101.39,101.39,0.0,84.08,17.31,False,84.05,0.0,0.02,0.0,,84.08,2
75,75,fastfouriertransform,large,warm,200,24.02,24.02,0.01,4.62,19.4,False,,0.0,3.84,0.0,0.77,4.62,2
76,76,genmatrix,large,warm,200,57.74,41.67,16.06,0.92,40.76,False,,0.0,0.02,,0.89,0.91,2
77,77,fetchdata,large,warm,200,95.59,95.58,0.0,82.62,12.97,False,82.58,0.0,0.03,0.0,,82.62,2
78,78,fastfouriertransform,large,warm,200,27.26,27.26,0.0,4.64,22.62,False,,0.0,3.84,0.0,0.79,4.64,2
79,79,genmatrix,large,warm,200,55.33,38.53,16.8,0.8,37.73,False,,0.0,0.02,,0.78,0.8,1
80,80,linpack,large,warm,200,20.7,20.69,0.0,7.34,13.35,False,,0.0,2.39,4.1,0.85,7.34,1
81,81,fetchdata,small,warm,200,90.54,90.53,0.0,80.6,9.94,False,80.57,0.0,0.02,0.0,,80.59,1
82,82,genmatrix,small,warm,200,13.52,13.52,0.0,0.15,13.37,False,,0.0,0.03,,0.11,0.15,1
83,83,linpack,large,warm,200,16.23,16.23,0.0,5.21,11.01,False,,0.0,0.36,4.05,0.8,5.21,1
84,84,fastfouriertransform,large,warm,200,24.09,24.09,0.0,4.55,19.53,False,,0.0,3.82,0.0,0.73,4.55,1
85,85,genmatrix,medium,warm,200,18.32,14.39,3.93,0.21,14.18,False,,0.0,0.02,,0.19,0.21,1
86,86,fastfouriertransform,small,warm,200,23.1,23.1,0.0,4.96,18.14,False,,0.0,4.09,0.01,0.86,4.96,1
87,87,genmatrix,medium,warm,200,17.4,17.4,0.0,0.22,17.18,False,,0.0,0.02,,0.2,0.22,1
88,88,fetchdata,small,warm,200,86.94,86.94,0.0,74.84,12.1,False,74.81,0.0,0.02,0.0,,74.84,1
89,89,fetchdata,large,warm,200,87.41,87.41,0.0,75.74,11.67,False,75.71,0.0,0.02,0.0,,75.74,1
90,90,fastfouriertransform,small,warm,200,26.88,26.87,0.01,4.66,22.21,False,,0.0,3.89,0.0,0.76,4.66,1
91,91,matrixmul,small,warm,200,27.15,27.14,0.01,5.57,21.57,False,,0.0,0.38,4.55,0.64,5.57,1
92,92,linpack,small,warm,200,22.63,22.63,0.0,5.33,17.29,False,,0.0,0.37,4.09,0.86,5.33,1
93,93,fetchdata,large,warm,200,89.76,89.76,0.0,78.43,11.33,False,78.37,0.0,0.02,0.0,,78.43,1
94,94,matrixmul,large,warm,200,30.28,26.03,4.25,5.45,20.58,False,,0.0,0.4,4.4,0.64,5.45,1
95,95,fetchdata,medium,warm,200,88.08,88.07,0.0,75.37,12.7,False,75.35,0.0,0.02,0.0,,75.37,1
96,96,linpack,large,warm,200,20.07,20.07,0.01,5.08,14.99,False,,0.0,0.34,3.99,0.74,5.08,1
97,97,matrixmul,small,warm,200,26.39,26.39,0.0,5.34,21.04,False,,0.0,0.37,4.35,0.61,5.34,1
98,98,linpack,large,warm,200,23.53,23.53,0.0,6.43,17.09,False,,0.0,0.36,5.25,0.82,6.43,1
99,99,fetchdata,large,warm,200,90.16,90.16,0.0,77.99,12.17,False,77.96,0.0,0.02,0.0,,77.99,1
100,100,genmatrix,medium,warm,200,19.99,19.99,0.01,0.21,19.78,False,,0.0,0.02,,0.18,0.21,1
101,101,genmatrix,medium,warm,200,15.58,15.57,0.0,0.24,15.33,False,,0.0,0.03,,0.21,0.24,1
102,102,linpack,medium,warm,200,740.99,740.99,0.01,721.89,19.1,False,,0.0,0.35,4.0,717.53,721.89,1
103,103,fastfouriertransform,small,warm,200,22.45,22.45,0.0,4.69,17.76,False,,0.0,3.9,0.0,0.78,4.69,2
104,104,fetchdata,small,warm,200,93.83,93.83,0.0,82.34,11.48,False,82.3,0.0,0.03,0.0,,82.34,2
105,105,genmatrix,small,warm,200,13.43,13.42,0.01,0.12,13.3,False,,0.0,0.03,,0.09,0.12,2
106,106,linpack,large,warm,200,25.56,25.56,0.0,6.44,19.11,False,,0.0,0.41,5.2,0.83,6.44,2
107,107,fetchdata,large,warm,200,87.58,87.58,0.0,76.31,11.27,False,76.27,0.0,0.04,0.0,,76.31,2
108,108,fetchdata,small,warm,200,86.18,86.18,0.0,75.2,10.98,False,75.17,0.0,0.02,0.0,,75.2,2
109,109,fastfouriertransform,large,warm,200,22.05,22.05,0.0,4.68,17.36,False,,0.0,3.94,0.0,0.74,4.68,2
110,110,fastfouriertransform,small,warm,200,24.02,24.02,0.0,4.57,19.44,False,,0.0,3.84,0.0,0.73,4.57,1
111,111,fastfouriertransform,small,warm,200,28.76,28.75,0.0,5.91,22.84,False,,0.0,4.96,0.01,0.93,5.91,1
112,112,genmatrix,small,warm,200,10.56,10.55,0.0,0.11,10.44,False,,0.0,0.02,,0.09,0.11,1
113,113,linpack,small,warm,200,18.2,18.19,0.0,5.29,12.91,False,,0.0,0.43,4.07,0.79,5.29,1
114,114,genmatrix,large,warm,200,76.46,36.68,39.78,0.85,35.83,False,,0.0,0.02,,0.82,0.85,1
115,115,matrixmul,small,warm,200,24.23,24.22,0.01,5.45,18.77,False,,0.0,0.39,4.44,0.62,5.45,1
116,116,linpack,small,warm,200,22.54,22.54,0.0,7.78,14.76,False,,0.0,0.35,4.44,2.98,7.78,1
117,117,linpack,large,warm,200,21.76,21.75,0.0,6.62,15.13,False,,0.0,0.39,5.1,1.12,6.62,1
118,118,matrixmul,small,warm,200,23.68,23.68,0.0,5.55,18.13,False,,0.0,0.39,4.51,0.65,5.55,1
119,119,matrixmul,medium,warm,200,685.0,684.99,0.0,664.14,20.85,False,,0.0,0.52,6.63,656.99,664.14,1
120,120,fetchdata,small,warm,200,87.38,87.38,0.0,75.88,11.5,False,75.85,0.0,0.02,0.0,,75.88,2
121,121,fastfouriertransform,large,warm,200,22.77,22.77,0.0,4.55,18.22,False,,0.0,3.82,0.0,0.73,4.55,2
122,122,matrixmul,medium,warm,200,1051.42,1051.42,0.0,655.97,395.45,False,,0.0,0.59,6.27,649.11,655.97,2
123,123,matrixmul,medium,warm,200,1678.7,1678.69,0.0,721.0,957.69,False,,0.0,1.34,6.39,713.26,721.0,3
124,124,matrixmul,large,cold,200,1586.21,1586.21,0.0,5.44,1580.77,False,,0.0,0.45,4.36,0.62,5.44,4
125,125,fastfouriertransform,large,warm,200,24.53,24.53,0.0,4.66,19.87,False,,0.0,3.89,0.0,0.76,4.66,5
126,126,fastfouriertransform,small,warm,200,24.59,24.58,0.01,4.72,19.86,False,,0.0,3.94,0.0,0.77,4.72,4
127,127,matrixmul,large,cold,200,1300.57,1300.56,0.01,5.43,1295.14,False,,0.0,0.37,4.41,0.64,5.43,4
128,128,genmatrix,small,warm,200,11.22,11.22,0.0,0.11,11.1,False,,0.0,0.02,,0.09,0.11,5
129,129,fetchdata,small,warm,200,92.05,92.05,0.0,79.31,12.74,False,79.27,0.0,0.02,0.0,,79.3,5
130,130,fetchdata,large,warm,200,88.59,88.58,0.0,78.02,10.57,False,77.99,0.0,0.02,0.0,,78.01,5
131,131,matrixmul,small,cold,200,3090.72,3090.72,0.0,7.87,3082.84,False,,0.0,0.61,6.38,0.87,7.87,5
132,132,matrixmul,small,cold,200,3011.31,3011.3,0.01,7.8,3003.5,False,,0.0,0.56,6.35,0.88,7.8,6
133,133,genmatrix,medium,warm,200,15.25,15.25,0.0,0.2,15.05,False,,0.0,0.02,,0.18,0.2,6
134,134,fetchdata,small,warm,200,107.88,107.88,0.0,89.37,18.51,False,89.34,0.0,0.02,0.0,,89.37,6
135,135,matrixmul,large,warm,200,521.76,521.75,0.01,5.45,516.31,False,,0.0,0.38,4.44,0.63,5.45,7
136,136,fastfouriertransform,small,warm,200,23.18,23.17,0.01,4.93,18.24,False,,0.0,4.08,0.0,0.83,4.92,7
137,137,linpack,small,warm,200,18.22,18.21,0.0,5.19,13.03,False,,0.0,0.37,4.07,0.74,5.19,7
138,138,fastfouriertransform,small,warm,200,24.45,24.45,0.0,4.65,19.8,False,,0.0,3.87,0.0,0.77,4.65,7
139,139,fetchdata,medium,warm,200,89.64,89.63,0.01,76.38,13.25,False,76.36,0.0,0.02,0.0,,76.38,7
140,140,matrixmul,medium,warm,200,739.29,739.29,0.0,711.53,27.76,False,,0.0,0.37,4.5,706.66,711.53,5
141,141,fetchdata,medium,warm,200,89.14,89.14,0.0,79.12,10.01,False,79.1,0.0,0.02,0.0,,79.12,4
142,142,fastfouriertransform,small,warm,200,29.17,29.16,0.0,4.66,24.5,False,,0.0,3.88,0.0,0.77,4.66,4
143,143,matrixmul,small,warm,200,458.8,458.79,0.01,7.95,450.84,False,,0.0,0.58,6.41,0.96,7.95,4
144,144,matrixmul,medium,warm,200,1065.8,1060.87,4.93,698.22,362.65,False,,0.0,0.53,6.41,691.27,698.22,5
145,145,matrixmul,medium,warm,200,1663.8,1663.79,0.0,695.07,968.73,False,,0.0,0.57,6.47,688.02,695.07,6
146,146,matrixmul,large,cold,200,1652.87,1652.87,0.01,7.77,1645.1,False,,0.0,0.51,6.35,0.9,7.77,7
147,147,linpack,large,warm,200,24.02,24.01,0.01,8.03,15.98,False,,0.0,0.43,5.64,1.95,8.03,8
148,148,matrixmul,small,cold,200,1419.06,1419.05,0.0,7.86,1411.19,False,,0.0,0.54,6.43,0.89,7.86,6
149,149,fetchdata,medium,warm,200,88.67,88.66,0.0,76.2,12.46,False,76.17,0.0,0.02,0.0,,76.2,7
150,150,fetchdata,small,warm,200,84.59,84.59,0.0,75.21,9.38,False,75.19,0.0,0.02,0.0,,75.21,7
151,151,linpack,large,warm,200,20.19,20.18,0.01,5.1,15.08,False,,0.0,0.35,4.0,0.75,5.1,7
152,152,linpack,small,warm,200,23.31,23.3,0.01,7.16,16.14,False,,0.0,0.42,5.95,0.78,7.16,7
153,153,genmatrix,small,warm,200,15.35,15.35,0.0,0.16,15.19,False,,0.0,0.02,,0.13,0.16,7
154,154,fastfouriertransform,large,warm,200,26.83,26.83,0.0,5.1,21.73,False,,0.0,4.06,0.01,1.03,5.1,7
155,155,matrixmul,large,warm,200,733.74,733.73,0.01,7.9,725.84,False,,0.0,0.61,6.39,0.89,7.9,6
156,156,linpack,small,warm,200,19.62,19.62,0.0,5.42,14.2,False,,0.0,0.36,4.28,0.77,5.41,7
157,157,fastfouriertransform,large,warm,200,24.09,24.08,0.0,4.56,19.53,False,,0.0,3.82,0.0,0.73,4.56,7
158,158,fastfouriertransform,small,warm,200,26.5,26.5,0.0,4.81,21.69,False,,0.0,4.01,0.0,0.79,4.81,7
159,159,fastfouriertransform,large,warm,200,25.94,25.94,0.0,5.58,20.35,False,,0.0,4.76,0.0,0.82,5.58,7
160,160,fastfouriertransform,large,warm,200,28.16,28.15,0.0,8.85,19.31,False,,0.0,7.99,0.0,0.84,8.85,7
161,161,fetchdata,medium,warm,200,90.07,90.07,0.0,75.55,14.52,False,75.53,0.0,0.02,0.0,,75.55,7
162,162,fastfouriertransform,large,warm,200,28.31,28.3,0.0,4.81,23.49,False,,0.0,4.02,0.0,0.78,4.81,5
163,163,fetchdata,large,warm,200,86.14,86.14,0.0,75.25,10.89,False,75.23,0.0,0.02,0.0,,75.25,1
164,164,linpack,small,warm,200,19.19,19.19,0.01,5.34,13.85,False,,0.0,0.35,4.18,0.8,5.34,1
165,165,linpack,small,warm,200,23.03,23.02,0.01,5.62,17.4,False,,0.0,0.38,4.31,0.93,5.62,1
166,166,matrixmul,large,warm,200,28.02,28.02,0.0,7.91,20.11,False,,0.0,0.53,6.46,0.91,7.91,1
167,167,linpack,large,warm,200,18.91,18.9,0.0,5.86,13.04,False,,0.0,0.43,4.24,1.19,5.86,1
168,168,linpack,medium,warm,200,722.21,722.2,0.0,707.35,14.86,False,,0.0,0.37,4.21,702.77,707.34,1
169,169,genmatrix,small,warm,200,13.29,13.28,0.0,0.11,13.18,False,,0.0,0.02,,0.08,0.11,2
170,170,genmatrix,small,warm,200,10.9,10.89,0.0,0.11,10.78,False,,0.0,0.02,,0.09,0.11,2
171,171,genmatrix,medium,warm,200,19.32,19.32,0.0,0.23,19.09,False,,0.0,0.03,,0.2,0.23,2
172,172,fetchdata,large,warm,200,89.35,89.34,0.0,78.54,10.81,False,78.51,0.0,0.02,0.0,,78.53,2
173,173,genmatrix,medium,warm,200,17.26,17.25,0.01,0.21,17.05,False,,0.0,0.02,,0.18,0.21,2
174,174,genmatrix,small,warm,200,10.76,10.76,0.0,0.11,10.64,False,,0.0,0.02,,0.09,0.11,2
175,175,fastfouriertransform,medium,warm,200,773.34,773.34,0.0,753.02,20.32,False,,0.0,3.82,0.0,749.2,753.02,2
176,176,linpack,large,warm,200,16.1,16.1,0.01,5.13,10.97,False,,0.0,0.36,4.01,0.75,5.13,2
177,177,fastfouriertransform,small,warm,200,579.68,579.68,0.0,4.56,575.12,False,,0.0,3.79,0.0,0.76,4.56,2
178,178,linpack,small,warm,200,23.88,23.88,0.0,5.25,18.63,False,,0.0,0.38,4.08,0.79,5.25,3
179,179,linpack,medium,warm,200,732.44,732.44,0.01,713.62,18.81,False,,0.0,0.37,4.6,708.64,713.62,3
180,180,fetchdata,medium,warm,200,87.27,87.27,0.0,75.09,12.18,False,75.06,0.0,0.02,0.0,,75.08,4
181,181,fastfouriertransform,small,warm,200,184.73,184.73,0.01,4.53,180.2,False,,0.0,3.8,0.0,0.72,4.53,4
182,182,genmatrix,medium,warm,200,15.69,15.69,0.0,0.2,15.48,False,,0.0,0.02,,0.18,0.2,5
183,183,fetchdata,medium,warm,200,85.3,85.29,0.0,75.25,10.04,False,75.23,0.0,0.02,0.0,,75.25,2
184,184,linpack,large,warm,200,19.7,19.69,0.01,5.17,14.52,False,,0.0,0.34,4.09,0.74,5.17,2
185,185,genmatrix,large,warm,200,58.81,43.08,15.72,0.92,42.16,False,,0.0,0.03,,0.89,0.92,2
186,186,linpack,small,warm,200,21.92,21.92,0.0,5.45,16.47,False,,0.0,0.35,4.25,0.84,5.44,2
187,187,linpack,medium,warm,200,735.77,735.76,0.0,721.12,14.64,False,,0.0,0.35,6.15,714.61,721.11,1
188,188,fastfouriertransform,small,warm,200,23.62,23.62,0.0,4.7,18.92,False,,0.0,3.9,0.0,0.79,4.7,2
189,189,genmatrix,small,warm,200,10.31,10.3,0.0,0.11,10.19,False,,0.0,0.02,,0.09,0.11,2
190,190,fastfouriertransform,large,warm,200,23.46,23.46,0.0,5.07,18.39,False,,0.0,4.26,0.0,0.8,5.07,2
191,191,linpack,small,warm,200,24.87,24.87,0.0,7.15,17.71,False,,0.0,0.37,5.72,1.05,7.15,2
192,192,genmatrix,medium,warm,200,17.26,17.25,0.0,0.25,17.01,False,,0.0,0.03,,0.22,0.25,2
193,193,linpack,small,warm,200,18.67,18.66,0.0,5.39,13.28,False,,0.0,0.39,4.15,0.84,5.39,2
194,194,genmatrix,small,warm,200,11.87,11.86,0.0,0.12,11.75,False,,0.0,0.02,,0.09,0.12,2
195,195,genmatrix,large,warm,200,54.68,36.32,18.37,0.82,35.5,False,,0.0,0.02,,0.8,0.82,1
196,196,matrixmul,medium,warm,200,703.28,703.27,0.0,682.56,20.71,False,,0.0,0.37,4.45,677.73,682.56,1
197,197,fastfouriertransform,small,warm,200,24.26,24.26,0.0,4.84,19.42,False,,0.0,4.09,0.0,0.75,4.84,2
198,198,matrixmul,medium,warm,200,1219.3,1219.29,0.0,697.6,521.69,False,,0.0,0.4,5.76,691.44,697.6,2
199,199,fastfouriertransform,small,warm,200,23.33,23.33,0.0,4.65,18.67,False,,0.0,3.9,0.0,0.75,4.65,3
200,200,genmatrix,small,warm,200,15.5,15.49,0.0,0.12,15.37,False,,0.0,0.02,,0.09,0.12,3
201,201,genmatrix,small,warm,200,11.26,11.26,0.0,0.11,11.14,False,,0.0,0.02,,0.09,0.11,3
202,202,matrixmul,large,warm,200,830.58,830.58,0.01,8.01,822.56,False,,0.0,0.61,6.45,0.94,8.01,3
203,203,matrixmul,large,warm,200,753.7,753.7,0.01,7.98,745.72,False,,0.0,0.55,6.49,0.93,7.97,4
204,204,fastfouriertransform,small,warm,200,23.61,23.6,0.0,5.31,18.29,False,,0.0,4.01,0.0,1.29,5.31,4
205,205,fastfouriertransform,large,warm,200,23.16,23.16,0.0,4.75,18.41,False,,0.0,3.93,0.0,0.81,4.75,4
206,206,fetchdata,large,warm,200,87.49,87.49,0.0,75.49,12.0,False,75.46,0.0,0.02,0.0,,75.49,4
207,207,fastfouriertransform,medium,warm,200,751.79,751.78,0.0,732.09,19.69,False,,0.0,3.98,0.0,728.1,732.09,4
208,208,linpack,large,warm,200,18.43,18.43,0.0,5.08,13.35,False,,0.0,0.34,4.0,0.73,5.08,5
209,209,fetchdata,medium,warm,200,91.73,91.73,0.0,80.9,10.83,False,80.87,0.0,0.03,0.0,,80.9,5
210,210,fetchdata,small,warm,200,96.2,96.2,0.0,82.32,13.88,False,82.29,0.0,0.02,0.0,,82.31,5
211,211,genmatrix,medium,warm,200,19.7,19.7,0.01,0.21,19.49,False,,0.0,0.02,,0.19,0.21,2
212,212,fastfouriertransform,medium,warm,200,998.57,998.56,0.01,738.8,259.76,False,,0.0,3.82,0.0,734.98,738.8,2
213,213,fetchdata,large,warm,200,88.9,88.9,0.0,77.28,11.62,False,77.25,0.0,0.02,0.0,,77.27,3
214,214,fetchdata,large,warm,200,87.05,87.04,0.01,75.35,11.7,False,75.32,0.0,0.02,0.0,,75.34,3
215,215,fastfouriertransform,medium,warm,200,1420.16,1420.16,0.01,724.71,695.45,False,,0.0,3.94,0.0,720.77,724.71,2
216,216,linpack,medium,warm,200,725.81,725.8,0.0,707.35,18.45,False,,0.0,0.38,4.16,702.82,707.35,3
217,217,linpack,large,warm,200,20.76,20.75,0.0,5.41,15.34,False,,0.0,0.39,4.21,0.8,5.41,4
218,218,fetchdata,small,warm,200,87.91,87.91,0.0,76.58,11.33,False,76.55,0.0,0.02,0.0,,76.58,4
219,219,fetchdata,small,warm,200,89.17,89.16,0.0,75.34,13.82,False,75.32,0.0,0.02,0.0,,75.34,4
220,220,matrixmul,small,warm,200,25.16,25.16,0.0,5.27,19.89,False,,0.0,0.37,4.29,0.61,5.27,4
221,221,fetchdata,large,warm,200,86.48,86.47,0.0,74.92,11.56,False,74.89,0.0,0.02,0.0,,74.92,4
222,222,genmatrix,medium,warm,200,14.49,14.49,0.0,0.2,14.29,False,,0.0,0.02,,0.18,0.2,3
223,223,fetchdata,medium,warm,200,95.11,95.11,0.0,80.41,14.7,False,80.38,0.0,0.02,0.0,,80.4,3
224,224,fetchdata,large,warm,200,99.43,99.42,0.0,84.91,14.52,False,84.87,0.0,0.02,0.0,,84.9,2
225,225,fastfouriertransform,medium,warm,200,1177.04,1177.04,0.0,755.94,421.1,False,,0.0,4.01,0.0,751.92,755.93,2
226,226,fastfouriertransform,medium,cold,200,1806.21,1806.21,0.0,727.59,1078.61,False,,0.0,3.86,0.0,723.72,727.59,3
227,227,fetchdata,small,warm,200,86.04,86.03,0.0,75.42,10.62,False,75.39,0.0,0.02,0.0,,75.42,4
228,228,matrixmul,medium,warm,200,693.25,693.24,0.01,672.51,20.73,False,,0.0,0.4,4.34,667.76,672.51,4
229,229,genmatrix,small,warm,200,12.87,12.87,0.0,0.11,12.76,False,,0.0,0.02,,0.09,0.11,5
230,230,fetchdata,small,warm,200,93.96,93.95,0.0,82.74,11.22,False,82.71,0.0,0.02,0.0,,82.73,4
231,231,fetchdata,medium,warm,200,96.37,96.37,0.0,78.78,17.58,False,78.75,0.0,0.02,0.0,,78.78,4
232,232,genmatrix,medium,warm,200,22.64,22.63,0.01,0.3,22.34,False,,0.0,0.04,,0.25,0.3,4
233,233,fastfouriertransform,medium,cold,200,1864.88,1864.87,0.01,749.55,1115.33,False,,0.0,3.86,0.0,745.68,749.55,4
234,234,genmatrix,large,warm,200,51.0,35.47,15.53,0.89,34.57,False,,0.0,0.02,,0.87,0.89,5
235,235,linpack,medium,warm,200,719.49,719.48,0.0,704.33,15.15,False,,0.0,0.34,3.98,700.0,704.32,4
236,236,linpack,medium,warm,200,714.87,714.86,0.0,698.14,16.72,False,,0.0,0.34,3.97,693.82,698.14,5
237,237,fastfouriertransform,small,cold,200,1465.38,1465.38,0.0,4.59,1460.78,False,,0.0,3.82,0.0,0.77,4.59,5
238,238,genmatrix,small,warm,200,16.19,16.18,0.0,0.16,16.02,False,,0.0,0.03,,0.12,0.16,6
239,239,linpack,medium,warm,200,1030.59,1030.59,0.0,712.45,318.14,False,,0.0,0.34,4.0,708.11,712.45,6
240,240,fastfouriertransform,small,cold,200,1904.39,1904.38,0.01,4.88,1899.51,False,,0.0,3.95,0.0,0.92,4.88,7
241,241,linpack,medium,warm,200,923.7,923.7,0.0,707.5,216.2,False,,0.0,0.34,4.01,703.15,707.5,8
242,242,genmatrix,large,warm,200,60.53,40.77,19.75,0.81,39.97,False,,0.0,0.02,,0.78,0.81,9
243,243,genmatrix,medium,warm,200,19.26,19.25,0.0,0.21,19.04,False,,0.0,0.02,,0.19,0.21,8
244,244,linpack,large,warm,200,544.71,544.7,0.01,5.03,539.67,False,,0.0,0.33,3.97,0.72,5.03,7
245,245,fastfouriertransform,medium,warm,200,1396.65,1396.65,0.0,723.62,673.02,False,,0.0,3.83,0.0,719.79,723.62,7
246,246,linpack,small,warm,200,429.66,429.66,0.0,5.01,424.65,False,,0.0,0.32,3.97,0.71,5.01,8
247,247,genmatrix,small,warm,200,12.64,12.64,0.0,0.15,12.49,False,,0.0,0.03,,0.11,0.15,9
248,248,matrixmul,small,warm,200,25.15,25.15,0.0,5.49,19.66,False,,0.0,0.38,4.48,0.63,5.49,9
249,249,linpack,large,warm,200,142.82,142.81,0.01,5.01,137.8,False,,0.0,0.32,3.96,0.72,5.01,9
250,250,fetchdata,medium,warm,200,89.98,89.97,0.01,75.98,13.99,False,75.96,0.0,0.02,0.0,,75.98,8
251,251,matrixmul,small,warm,200,26.18,26.18,0.0,5.49,20.69,False,,0.0,0.38,4.48,0.62,5.49,5
252,252,genmatrix,large,warm,200,61.31,40.17,21.14,0.81,39.36,False,,0.0,0.02,,0.78,0.81,3
253,253,genmatrix,large,warm,200,55.44,40.37,15.07,0.99,39.38,False,,0.0,0.03,,0.95,0.99,3
254,254,fastfouriertransform,large,warm,200,501.66,501.65,0.01,4.59,497.06,False,,0.0,3.83,0.0,0.76,4.59,3
255,255,genmatrix,large,warm,200,58.84,43.69,15.15,0.9,42.79,False,,0.0,0.03,,0.87,0.9,4
256,256,genmatrix,large,warm,200,57.74,41.8,15.95,0.82,40.98,False,,0.0,0.02,,0.79,0.82,4
257,257,matrixmul,medium,warm,200,722.84,722.84,0.0,704.76,18.08,False,,0.0,0.52,6.4,697.84,704.76,4
258,258,matrixmul,large,warm,200,635.97,635.96,0.0,5.42,630.55,False,,0.0,0.36,4.42,0.63,5.42,5
259,259,genmatrix,large,warm,200,62.38,39.46,22.92,0.79,38.67,False,,0.0,0.02,,0.76,0.78,5
260,260,fetchdata,small,warm,200,90.76,90.75,0.0,77.55,13.2,False,77.52,0.0,0.02,0.0,,77.55,3
261,261,matrixmul,large,warm,200,349.11,349.11,0.01,5.55,343.55,False,,0.0,0.54,4.38,0.63,5.55,3
262,262,matrixmul,large,warm,200,257.01,257.01,0.01,5.37,251.64,False,,0.0,0.36,4.37,0.63,5.37,4
263,263,fetchdata,large,warm,200,87.55,87.55,0.0,76.2,11.34,False,76.17,0.0,0.02,0.0,,76.2,5
264,264,linpack,medium,warm,200,707.73,707.72,0.0,696.58,11.14,False,,0.0,0.34,3.99,692.24,696.57,5
265,265,matrixmul,large,warm,200,27.57,27.56,0.0,5.39,22.17,False,,0.0,0.37,4.38,0.63,5.39,2
266,266,fastfouriertransform,medium,warm,200,772.28,772.28,0.0,753.3,18.98,False,,0.0,4.03,0.01,749.26,753.3,2
267,267,genmatrix,small,warm,200,10.44,10.44,0.0,0.13,10.3,False,,0.0,0.03,,0.1,0.13,3
268,268,matrixmul,large,warm,200,27.21,27.21,0.0,5.71,21.5,False,,0.0,0.43,4.57,0.7,5.71,3
269,269,linpack,large,warm,200,20.7,20.69,0.0,5.14,15.55,False,,0.0,0.34,4.05,0.74,5.14,3
270,270,genmatrix,medium,warm,200,17.37,17.36,0.0,0.21,17.15,False,,0.0,0.02,,0.19,0.21,3
271,271,matrixmul,medium,warm,200,754.6,754.6,0.0,737.1,17.5,False,,0.0,0.41,4.47,732.22,737.1,3
272,272,fetchdata,large,warm,200,90.81,90.8,0.0,81.64,9.17,False,81.61,0.0,0.02,0.0,,81.64,3
273,273,matrixmul,large,warm,200,561.88,561.87,0.01,5.51,556.36,False,,0.0,0.4,4.46,0.64,5.51,3
274,274,fetchdata,large,warm,200,88.42,88.41,0.0,77.69,10.72,False,77.67,0.0,0.02,0.0,,77.69,3
275,275,fastfouriertransform,medium,warm,200,778.88,778.88,0.0,757.54,21.34,False,,0.0,7.88,0.0,749.65,757.54,3
276,276,linpack,large,warm,200,20.46,20.45,0.0,5.15,15.3,False,,0.0,0.34,4.01,0.8,5.15,4
277,277,linpack,medium,warm,200,702.17,702.17,0.0,688.64,13.53,False,,0.0,0.34,3.98,684.32,688.64,4
278,278,fastfouriertransform,small,warm,200,483.06,483.05,0.01,4.78,478.28,False,,0.0,3.88,0.01,0.88,4.77,5
279,279,genmatrix,small,warm,200,17.28,17.27,0.01,0.13,17.14,False,,0.0,0.03,,0.1,0.13,4
280,280,fetchdata,small,warm,200,93.73,93.73,0.0,81.72,12.01,False,81.69,0.0,0.02,0.0,,81.72,4
281,281,fastfouriertransform,small,warm,200,194.06,194.05,0.01,4.76,189.3,False,,0.0,3.89,0.0,0.85,4.75,4
282,282,fetchdata,medium,warm,200,87.74,87.74,0.0,75.71,12.03,False,75.69,0.0,0.02,0.0,,75.71,5
283,283,linpack,small,warm,200,21.98,21.97,0.01,5.23,16.74,False,,0.0,0.35,4.12,0.76,5.23,2
284,284,matrixmul,medium,warm,200,750.79,750.79,0.0,732.7,18.09,False,,0.0,0.38,4.43,727.88,732.7,2
285,285,linpack,small,warm,200,19.14,19.14,0.0,5.19,13.95,False,,0.0,0.37,4.05,0.77,5.19,2
286,286,matrixmul,medium,warm,200,1292.94,1292.93,0.0,731.32,561.61,False,,0.0,0.35,4.23,726.72,731.32,2
287,287,matrixmul,small,cold,200,1202.71,1202.7,0.01,5.8,1196.9,False,,0.0,0.42,4.67,0.7,5.8,3
288,288,fetchdata,large,warm,200,89.56,89.56,0.0,78.34,11.22,False,78.31,0.0,0.02,0.0,,78.34,4
289,289,fastfouriertransform,small,warm,200,30.41,30.4,0.01,5.48,24.92,False,,0.0,4.6,0.0,0.87,5.48,4
290,290,matrixmul,small,warm,200,913.39,913.39,0.0,5.6,907.79,False,,0.0,0.41,4.51,0.68,5.6,4
291,291,fetchdata,large,warm,200,94.33,94.32,0.0,81.46,12.87,False,81.42,0.0,0.02,0.0,,81.45,5
292,292,linpack,medium,warm,200,730.02,730.01,0.01,712.25,17.76,False,,0.0,0.35,3.99,707.91,712.25,4
293,293,fastfouriertransform,large,warm,200,25.57,25.56,0.0,6.81,18.75,False,,0.0,5.82,0.01,0.98,6.81,5
294,294,fetchdata,small,warm,200,88.97,88.97,0.0,77.83,11.15,False,77.8,0.0,0.02,0.0,,77.82,5
295,295,matrixmul,small,warm,200,428.65,428.64,0.0,5.62,423.03,False,,0.0,0.38,4.52,0.71,5.61,5
296,296,matrixmul,large,warm,200,365.49,365.48,0.0,7.78,357.7,False,,0.0,0.51,6.37,0.89,7.78,6
297,297,linpack,large,warm,200,18.0,17.99,0.0,5.15,12.84,False,,0.0,0.35,4.04,0.76,5.15,7
298,298,linpack,medium,warm,200,738.89,738.89,0.01,716.59,22.29,False,,0.0,0.37,4.03,712.19,716.59,7
299,299,matrixmul,large,warm,200,48.48,48.47,0.01,7.88,40.59,False,,0.0,0.61,6.37,0.89,7.88,7
300,300,linpack,medium,warm,200,710.58,710.58,0.0,697.07,13.51,False,,0.0,0.36,5.6,691.1,697.07,2
301,301,linpack,medium,warm,200,1139.27,1139.27,0.01,697.26,442.01,False,,0.0,0.33,3.97,692.96,697.26,3
302,302,fetchdata,large,warm,200,84.0,84.0,0.0,75.33,8.67,False,75.3,0.0,0.02,0.0,,75.33,4
303,303,matrixmul,medium,warm,200,757.26,757.25,0.01,736.58,20.67,False,,0.0,0.37,4.36,731.84,736.58,4
304,304,genmatrix,small,warm,200,11.54,11.54,0.0,0.15,11.38,False,,0.0,0.05,,0.1,0.15,5
305,305,genmatrix,large,warm,200,61.75,40.78,20.98,0.85,39.93,False,,0.0,0.02,,0.82,0.85,5
306,306,matrixmul,large,warm,200,472.88,472.87,0.01,5.22,467.65,False,,0.0,0.36,4.24,0.61,5.22,4
307,307,fetchdata,medium,warm,200,89.97,89.96,0.0,79.97,10.0,False,79.94,0.0,0.02,0.0,,79.97,5
308,308,matrixmul,small,warm,200,281.57,281.56,0.0,5.19,276.37,False,,0.0,0.37,4.22,0.6,5.19,4
309,309,genmatrix,small,warm,200,24.92,10.69,14.23,0.14,10.55,False,,0.0,0.03,,0.11,0.14,5
310,310,genmatrix,medium,warm,200,15.01,15.01,0.0,0.23,14.78,False,,0.0,0.02,,0.2,0.22,5
311,311,genmatrix,large,warm,200,58.39,39.97,18.42,0.81,39.16,False,,0.0,0.02,,0.79,0.81,2
312,312,fastfouriertransform,small,warm,200,26.75,26.74,0.01,5.32,21.42,False,,0.0,3.92,0.0,1.39,5.32,2
313,313,fetchdata,small,warm,200,92.73,92.73,0.0,79.81,12.91,False,79.78,0.0,0.02,0.0,,79.81,1
314,314,matrixmul,large,warm,200,25.82,25.82,0.0,5.59,20.23,False,,0.0,0.4,4.52,0.67,5.59,1
315,315,fetchdata,large,warm,200,86.72,86.72,0.0,75.13,11.59,False,75.1,0.0,0.02,0.0,,75.12,1
316,316,fetchdata,small,warm,200,86.06,86.05,0.0,75.47,10.59,False,75.44,0.0,0.02,0.0,,75.46,1
317,317,matrixmul,medium,warm,200,724.46,724.46,0.0,702.4,22.06,False,,0.0,0.56,6.33,695.5,702.4,1
318,318,genmatrix,large,warm,200,54.64,40.39,14.25,1.39,39.0,False,,0.0,0.03,,1.35,1.39,2
319,319,matrixmul,medium,warm,200,1238.18,1238.17,0.01,706.52,531.65,False,,0.0,0.35,4.17,702.0,706.52,2
320,320,fastfouriertransform,small,warm,200,24.33,24.33,0.0,5.03,19.3,False,,0.0,4.05,0.0,0.98,5.03,3
321,321,matrixmul,medium,cold,200,1744.7,1744.69,0.0,694.68,1050.01,False,,0.0,0.42,4.51,689.74,694.68,3
322,322,linpack,large,warm,200,18.28,18.27,0.0,5.19,13.08,False,,0.0,0.35,4.01,0.83,5.19,4
323,323,fastfouriertransform,large,warm,200,24.17,24.17,0.0,4.83,19.34,False,,0.0,3.94,0.0,0.87,4.83,4
324,324,matrixmul,medium,cold,200,2194.36,2194.36,0.0,743.34,1451.02,False,,0.0,0.51,4.61,738.2,743.34,4
325,325,fastfouriertransform,medium,warm,200,776.36,776.36,0.0,757.97,18.39,False,,0.0,3.9,0.0,754.06,757.97,4
326,326,genmatrix,medium,warm,200,18.09,18.09,0.0,0.21,17.88,False,,0.0,0.02,,0.18,0.21,5
327,327,matrixmul,large,cold,200,1915.83,1915.82,0.01,7.86,1907.96,False,,0.0,0.53,6.42,0.91,7.86,5
328,328,linpack,large,warm,200,19.7,19.69,0.0,5.58,14.11,False,,0.0,0.35,4.45,0.77,5.58,6
329,329,fetchdata,medium,warm,200,134.46,134.45,0.0,125.14,9.31,False,125.12,0.0,0.02,0.0,,125.14,6
330,330,fetchdata,medium,warm,200,113.41,113.41,0.0,75.98,37.43,False,75.95,0.0,0.02,0.0,,75.97,7
331,331,matrixmul,medium,cold,200,2226.76,2226.76,0.0,700.91,1525.85,False,,0.0,0.58,6.46,693.87,700.91,7
332,332,fastfouriertransform,medium,warm,200,833.86,833.86,0.0,748.27,85.59,False,,0.0,3.97,0.01,744.29,748.27,6
333,333,genmatrix,large,warm,200,58.26,43.3,14.96,1.01,42.29,False,,0.0,0.03,,0.97,1.01,6
334,334,matrixmul,large,cold,200,1939.45,1939.44,0.01,7.96,1931.48,False,,0.0,0.55,6.46,0.94,7.96,6
335,335,fetchdata,medium,warm,200,84.77,84.76,0.0,76.27,8.5,False,76.24,0.0,0.02,0.0,,76.26,7
336,336,fetchdata,large,warm,200,86.89,86.89,0.0,75.81,11.08,False,75.78,0.0,0.02,0.0,,75.81,7
337,337,linpack,small,warm,200,21.45,21.44,0.01,5.17,16.27,False,,0.0,0.36,4.05,0.76,5.17,7
338,338,matrixmul,large,cold,200,3829.79,3829.79,0.01,5.59,3824.2,False,,0.0,0.41,4.5,0.67,5.59,7
339,339,linpack,large,warm,200,25.72,25.71,0.0,6.07,19.64,False,,0.0,0.37,4.8,0.9,6.07,7
340,340,fastfouriertransform,small,warm,200,39.01,39.01,0.0,5.03,33.98,False,,0.0,4.0,0.0,1.01,5.02,7
341,341,matrixmul,small,cold,200,1257.96,1257.96,0.0,7.85,1250.11,False,,0.0,0.54,6.39,0.91,7.85,6
342,342,matrixmul,small,cold,200,3448.99,3448.98,0.0,5.49,3443.49,False,,0.0,0.4,4.46,0.63,5.49,7
343,343,fastfouriertransform,medium,warm,200,735.79,735.79,0.0,720.38,15.41,False,,0.0,3.86,0.0,716.51,720.38,8
344,344,matrixmul,medium,cold,200,3973.59,3973.59,0.0,726.6,3246.99,False,,0.0,0.42,4.44,721.73,726.6,9
345,345,fetchdata,medium,warm,200,95.45,95.44,0.0,82.65,12.8,False,82.61,0.0,0.03,0.0,,82.64,10
346,346,genmatrix,medium,warm,200,24.12,24.11,0.01,0.23,23.89,False,,0.0,0.02,,0.2,0.22,10
347,347,matrixmul,medium,warm,200,1427.84,1427.83,0.0,752.33,675.5,False,,0.0,0.53,6.42,745.37,752.33,8
348,348,matrixmul,medium,cold,200,2071.93,2071.93,0.0,747.18,1324.75,False,,0.0,0.55,6.47,740.16,747.18,9
349,349,fastfouriertransform,medium,warm,200,888.78,888.78,0.0,750.78,138.0,False,,0.0,3.84,0.0,746.93,750.78,10
350,350,fastfouriertransform,large,warm,200,812.3,812.3,0.0,4.57,807.73,False,,0.0,3.8,0.0,0.76,4.57,11
351,351,linpack,small,warm,200,18.9,18.9,0.0,5.17,13.73,False,,0.0,0.36,4.04,0.76,5.16,11
352,352,genmatrix,small,warm,200,17.52,17.52,0.0,0.15,17.37,False,,0.0,0.03,,0.11,0.15,11
353,353,fastfouriertransform,large,warm,200,498.41,498.4,0.01,4.53,493.87,False,,0.0,3.79,0.0,0.73,4.53,11
354,354,fastfouriertransform,small,warm,200,413.98,413.98,0.0,4.77,409.21,False,,0.0,3.9,0.0,0.86,4.77,9
355,355,fetchdata,small,warm,200,84.86,84.85,0.0,74.67,10.18,False,74.65,0.0,0.02,0.0,,74.67,10
356,356,fastfouriertransform,large,warm,200,221.77,221.76,0.0,4.78,216.98,False,,0.0,3.91,0.0,0.86,4.78,10
357,357,fetchdata,small,warm,200,85.01,85.0,0.0,76.34,8.66,False,76.31,0.0,0.02,0.0,,76.34,11
358,358,fetchdata,medium,warm,200,102.81,102.8,0.0,83.39,19.41,False,83.37,0.0,0.02,0.0,,83.39,9
359,359,fastfouriertransform,large,warm,200,25.91,25.91,0.0,5.05,20.86,False,,0.0,3.99,0.01,1.04,5.05,7
360,360,fetchdata,medium,warm,200,90.01,90.01,0.0,77.98,12.02,False,77.96,0.0,0.02,0.0,,77.98,6
361,361,genmatrix,medium,warm,200,18.14,18.13,0.01,0.23,17.9,False,,0.0,0.02,,0.2,0.23,6
362,362,fetchdata,large,warm,200,85.6,85.59,0.0,76.5,9.09,False,76.48,0.0,0.02,0.0,,76.5,5
363,363,linpack,large,warm,200,18.14,18.13,0.01,5.13,13.01,False,,0.0,0.35,3.99,0.79,5.13,5
364,364,fastfouriertransform,small,warm,200,23.97,23.97,0.0,4.83,19.14,False,,0.0,3.99,0.0,0.82,4.83,5
365,365,genmatrix,small,warm,200,14.0,13.99,0.0,0.11,13.88,False,,0.0,0.02,,0.09,0.11,5
366,366,linpack,small,warm,200,21.53,21.53,0.0,8.35,13.18,False,,0.0,0.42,7.05,0.88,8.35,5
367,367,genmatrix,large,warm,200,58.59,37.54,21.04,0.83,36.71,False,,0.0,0.02,,0.8,0.83,5
368,368,matrixmul,medium,warm,200,820.18,820.18,0.0,731.45,88.73,False,,0.0,0.51,6.34,724.59,731.45,5
369,369,fetchdata,small,warm,200,85.47,85.47,0.0,75.88,9.59,False,75.86,0.0,0.02,0.0,,75.88,5
370,370,linpack,large,warm,200,21.07,21.07,0.01,5.09,15.98,False,,0.0,0.34,4.01,0.73,5.09,5
371,371,fetchdata,small,warm,200,89.93,89.92,0.0,79.21,10.72,False,79.18,0.0,0.02,0.0,,79.21,5
372,372,genmatrix,large,warm,200,55.11,39.46,15.65,0.81,38.65,False,,0.0,0.02,,0.79,0.81,5
373,373,linpack,small,warm,200,21.12,21.12,0.0,7.28,13.84,False,,0.0,0.36,6.12,0.79,7.27,5
374,374,linpack,small,warm,200,18.4,18.39,0.01,5.44,12.96,False,,0.0,0.37,4.22,0.85,5.43,5
375,375,genmatrix,large,warm,200,53.95,40.32,13.63,0.94,39.38,False,,0.0,0.04,,0.9,0.94,5
376,376,matrixmul,large,warm,200,33.43,33.43,0.0,5.2,28.23,True,,0.0,0.38,4.16,0.65,5.2,5
377,377,genmatrix,small,warm,200,11.99,11.99,0.0,0.11,11.88,False,,0.0,0.02,,0.09,0.11,2
378,378,linpack,large,warm,200,18.09,18.08,0.0,6.05,12.03,False,,0.0,0.4,4.8,0.85,6.05,2
379,379,genmatrix,small,warm,200,17.19,17.19,0.0,0.13,17.06,False,,0.0,0.03,,0.1,0.13,2
380,380,matrixmul,medium,warm,200,559.96,559.95,0.0,540.67,19.28,False,,0.0,0.34,4.02,536.3,540.67,2
381,381,fastfouriertransform,medium,warm,200,734.96,734.95,0.01,715.25,19.71,False,,0.0,4.02,0.0,711.22,715.24,3
382,382,genmatrix,large,warm,200,52.82,37.38,15.44,0.88,36.51,False,,0.0,0.02,,0.85,0.88,4
383,383,matrixmul,large,warm,200,280.26,280.25,0.01,5.26,274.99,False,,0.0,0.39,4.22,0.64,5.26,4
384,384,fetchdata,medium,warm,200,90.13,90.13,0.0,77.31,12.82,False,77.28,0.0,0.02,0.0,,77.3,4
385,385,fetchdata,large,warm,200,92.36,92.35,0.0,77.26,15.09,False,77.23,0.0,0.02,0.0,,77.26,4
386,386,linpack,large,warm,200,24.05,24.04,0.01,5.32,18.72,False,,0.0,0.36,4.15,0.8,5.32,2
387,387,genmatrix,large,warm,200,59.59,38.84,20.75,1.01,37.83,False,,0.0,0.03,,0.98,1.01,2
388,388,linpack,medium,warm,200,729.09,729.09,0.0,714.28,14.8,False,,0.0,0.34,4.01,709.92,714.28,2
389,389,matrixmul,medium,warm,200,771.94,771.94,0.0,749.52,22.42,False,,0.0,0.42,4.56,744.52,749.51,2
390,390,linpack,medium,warm,200,733.93,733.93,0.0,720.62,13.31,False,,0.0,0.36,4.08,716.17,720.61,3
391,391,genmatrix,small,warm,200,9.97,9.97,0.0,0.11,9.86,False,,0.0,0.02,,0.09,0.11,4
392,392,fastfouriertransform,medium,warm,200,753.84,753.83,0.01,727.74,26.09,False,,0.0,3.87,0.0,723.86,727.74,4
393,393,matrixmul,small,warm,200,26.95,26.95,0.0,5.52,21.43,False,,0.0,0.36,4.46,0.68,5.52,5
394,394,matrixmul,large,warm,200,27.82,27.82,0.0,5.36,22.45,False,,0.0,0.38,4.3,0.67,5.36,5
395,395,linpack,large,warm,200,240.5,240.5,0.01,5.07,235.43,False,,0.0,0.33,4.0,0.74,5.07,5
396,396,matrixmul,medium,warm,200,566.32,566.31,0.01,546.39,19.92,False,,0.0,0.36,3.99,542.03,546.39,5
397,397,fastfouriertransform,medium,warm,200,1004.52,1004.52,0.01,745.13,259.39,False,,0.0,4.05,0.01,741.07,745.13,5
398,398,genmatrix,small,warm,200,11.55,11.55,0.01,0.11,11.43,False,,0.0,0.02,,0.09,0.11,4
399,399,matrixmul,small,warm,200,27.85,27.85,0.0,5.9,21.95,False,,0.0,0.44,4.59,0.86,5.9,4
400,400,genmatrix,medium,warm,200,19.03,19.02,0.0,0.26,18.76,False,,0.0,0.03,,0.23,0.26,3
401,401,genmatrix,medium,warm,200,23.28,23.27,0.01,0.23,23.04,False,,0.0,0.03,,0.2,0.23,3
402,402,linpack,large,warm,200,20.12,20.12,0.0,5.17,14.94,False,,0.0,0.35,4.04,0.77,5.17,2
403,403,genmatrix,large,warm,200,52.09,37.82,14.27,0.81,37.01,False,,0.0,0.02,,0.79,0.81,2
404,404,fastfouriertransform,large,warm,200,311.53,311.52,0.0,5.09,306.43,False,,0.0,4.04,0.0,1.03,5.08,2
405,405,fetchdata,small,warm,200,86.83,86.82,0.0,77.47,9.36,False,77.44,0.0,0.02,0.0,,77.47,3
406,406,fetchdata,large,warm,200,90.81,90.81,0.0,79.32,11.49,False,79.29,0.0,0.02,0.0,,79.32,3
407,407,matrixmul,medium,warm,200,717.04,717.04,0.0,693.73,23.31,False,,0.0,0.42,5.59,687.72,693.73,3
408,408,linpack,small,warm,200,20.27,20.26,0.0,5.92,14.34,False,,0.0,0.35,4.78,0.79,5.92,2
409,409,matrixmul,large,warm,200,20.04,20.04,0.0,4.94,15.1,False,,0.0,0.35,4.01,0.58,4.94,2
410,410,matrixmul,medium,warm,200,565.32,565.31,0.01,547.23,18.08,False,,0.0,0.37,4.0,542.85,547.23,2
411,411,fastfouriertransform,small,warm,200,21.36,21.36,0.0,4.59,16.77,False,,0.0,3.86,0.0,0.72,4.59,3
412,412,genmatrix,small,warm,200,12.38,12.38,0.0,0.12,12.26,False,,0.0,0.02,,0.09,0.12,3
413,413,matrixmul,large,warm,200,280.42,280.41,0.01,5.14,275.27,False,,0.0,0.38,4.11,0.65,5.14,3
414,414,fetchdata,medium,warm,200,96.19,96.18,0.0,86.42,9.76,False,86.36,0.0,0.05,0.0,,86.42,4
415,415,linpack,medium,warm,200,726.37,726.37,0.0,714.11,12.26,False,,0.0,0.36,4.1,709.64,714.11,3
416,416,matrixmul,large,warm,200,30.77,30.76,0.01,7.8,22.96,False,,0.0,0.56,6.36,0.88,7.8,2
417,417,linpack,medium,warm,200,731.32,731.32,0.01,718.51,12.81,False,,0.0,0.35,4.02,714.14,718.51,2
418,418,matrixmul,large,warm,200,23.25,23.24,0.0,4.92,18.32,False,,0.0,0.34,4.02,0.56,4.92,3
419,419,linpack,medium,warm,200,1241.26,1241.25,0.0,702.84,538.42,False,,0.0,0.33,4.0,698.51,702.83,3
420,420,genmatrix,large,warm,200,52.13,38.62,13.51,0.85,37.77,False,,0.0,0.03,,0.82,0.85,4
421,421,matrixmul,medium,warm,200,560.03,560.03,0.01,539.89,20.14,False,,0.0,0.38,4.94,534.57,539.89,4
422,422,genmatrix,medium,warm,200,16.99,16.99,0.0,0.21,16.78,False,,0.0,0.02,,0.19,0.21,5
423,423,fetchdata,small,warm,200,88.4,88.4,0.0,76.79,11.61,False,76.76,0.0,0.02,0.0,,76.79,4
424,424,fetchdata,medium,warm,200,87.57,87.56,0.01,77.27,10.29,False,77.25,0.0,0.02,0.0,,77.27,4
425,425,fastfouriertransform,large,warm,200,23.74,23.74,0.0,4.85,18.89,False,,0.0,4.0,0.0,0.84,4.85,3
426,426,linpack,large,warm,200,22.12,22.12,0.0,5.27,16.84,False,,0.0,0.36,4.08,0.83,5.27,3
427,427,fetchdata,small,warm,200,88.9,88.9,0.0,77.33,11.57,False,77.3,0.0,0.02,0.0,,77.33,2
428,428,fetchdata,large,warm,200,85.43,85.42,0.0,75.48,9.94,False,75.46,0.0,0.02,0.0,,75.48,2
429,429,matrixmul,medium,warm,200,720.05,720.05,0.0,701.52,18.52,False,,0.0,0.38,4.46,696.67,701.52,2
430,430,linpack,large,warm,200,21.83,21.83,0.0,5.14,16.68,False,,0.0,0.35,4.02,0.77,5.14,3
431,431,linpack,medium,warm,200,743.05,743.04,0.0,728.3,14.74,False,,0.0,0.36,4.04,723.9,728.3,3
432,432,fastfouriertransform,small,warm,200,29.53,29.53,0.0,4.91,24.62,False,,0.0,4.04,0.0,0.86,4.91,3
433,433,genmatrix,small,warm,200,12.61,12.61,0.0,0.12,12.49,False,,0.0,0.02,,0.1,0.12,3
434,434,genmatrix,small,warm,200,12.4,12.39,0.0,0.13,12.26,False,,0.0,0.02,,0.11,0.13,3
435,435,genmatrix,small,warm,200,11.84,11.84,0.0,0.12,11.72,False,,0.0,0.02,,0.09,0.12,3
436,436,linpack,small,warm,200,19.84,19.83,0.0,5.28,14.56,False,,0.0,0.39,4.11,0.77,5.28,3
437,437,genmatrix,small,warm,200,11.06,11.05,0.0,0.12,10.93,False,,0.0,0.02,,0.09,0.12,2
438,438,fastfouriertransform,large,warm,200,24.31,24.3,0.0,5.76,18.54,False,,0.0,4.95,0.0,0.8,5.76,2
439,439,genmatrix,large,warm,200,56.0,42.41,13.58,0.88,41.53,False,,0.0,0.02,,0.85,0.88,1
440,440,fetchdata,large,warm,200,89.16,89.15,0.0,76.82,12.33,False,76.8,0.0,0.02,0.0,,76.82,1
441,441,matrixmul,small,warm,200,26.71,26.7,0.01,5.49,21.22,False,,0.0,0.41,4.43,0.65,5.49,1
442,442,fastfouriertransform,large,warm,200,21.18,21.18,0.0,4.65,16.52,False,,0.0,3.88,0.0,0.76,4.65,1
443,443,genmatrix,medium,warm,200,13.24,13.24,0.0,0.2,13.03,False,,0.0,0.02,,0.18,0.2,1
444,444,matrixmul,medium,warm,200,732.54,732.54,0.0,713.1,19.44,False,,0.0,0.44,4.66,707.99,713.1,1
445,445,genmatrix,small,warm,200,15.18,15.18,0.0,0.13,15.05,False,,0.0,0.03,,0.1,0.13,2
446,446,fastfouriertransform,medium,warm,200,780.69,780.69,0.01,760.27,20.42,False,,0.0,3.98,0.01,756.27,760.27,2
447,447,matrixmul,small,warm,200,25.69,25.69,0.0,6.85,18.83,False,,0.0,0.37,5.83,0.64,6.85,3
448,448,fastfouriertransform,medium,warm,200,1330.48,1330.47,0.01,742.16,588.32,False,,0.0,3.92,0.0,738.22,742.15,3
449,449,matrixmul,small,warm,200,22.91,22.91,0.0,4.94,17.97,False,,0.0,0.36,4.0,0.57,4.94,4
450,450,linpack,large,warm,200,17.6,17.6,0.0,5.09,12.51,False,,0.0,0.34,4.0,0.76,5.09,4
451,451,fastfouriertransform,small,cold,200,1036.73,1036.72,0.01,4.75,1031.97,False,,0.0,3.87,0.0,0.87,4.75,4
452,452,fetchdata,large,warm,200,94.13,94.13,0.0,83.47,10.66,False,83.44,0.0,0.02,0.0,,83.47,4
453,453,genmatrix,small,warm,200,13.15,13.14,0.0,0.14,13.0,False,,0.0,0.03,,0.11,0.14,4
454,454,fetchdata,small,warm,200,86.22,86.21,0.0,75.07,11.14,False,75.05,0.0,0.02,0.0,,75.07,3
455,455,linpack,medium,warm,200,733.53,733.53,0.0,718.69,14.84,False,,0.0,0.35,4.0,714.33,718.68,3
456,456,linpack,large,warm,200,17.11,17.11,0.0,5.27,11.84,False,,0.0,0.34,4.16,0.77,5.27,4
457,457,linpack,small,warm,200,17.22,17.21,0.01,5.12,12.09,False,,0.0,0.35,4.02,0.76,5.12,4
458,458,linpack,medium,warm,200,733.04,733.04,0.0,718.34,14.7,False,,0.0,0.36,4.0,713.97,718.34,4
459,459,matrixmul,medium,warm,200,725.65,725.65,0.0,704.32,21.33,False,,0.0,0.39,4.54,699.38,704.32,5
460,460,genmatrix,large,warm,200,57.21,43.97,13.23,0.82,43.15,False,,0.0,0.02,,0.8,0.82,6
461,461,matrixmul,medium,warm,200,562.16,562.15,0.01,537.98,24.17,False,,0.0,0.36,4.06,533.55,537.97,6
462,462,linpack,large,warm,200,348.39,348.39,0.01,5.44,342.95,False,,0.0,0.39,4.13,0.91,5.44,5
463,463,fastfouriertransform,large,warm,200,21.09,21.09,0.0,4.7,16.39,False,,0.0,3.89,0.0,0.79,4.69,5
464,464,fastfouriertransform,small,warm,200,24.46,24.45,0.0,4.57,19.88,False,,0.0,3.84,0.0,0.72,4.57,5
465,465,fetchdata,medium,warm,200,90.93,90.92,0.01,77.64,13.28,False,77.62,0.0,0.02,0.0,,77.64,5
466,466,fastfouriertransform,small,warm,200,26.08,26.07,0.01,4.67,21.4,False,,0.0,3.86,0.0,0.81,4.67,3
467,467,fetchdata,small,warm,200,87.95,87.94,0.0,75.62,12.32,False,75.59,0.0,0.02,0.0,,75.62,1
468,468,linpack,small,warm,200,16.59,16.58,0.01,5.44,11.14,False,,0.0,0.35,4.26,0.83,5.44,1
469,469,fetchdata,small,warm,200,86.95,86.94,0.0,76.13,10.82,False,76.1,0.0,0.02,0.0,,76.13,1
470,470,matrixmul,medium,warm,200,716.11,716.11,0.0,693.54,22.56,False,,0.0,0.52,6.4,686.62,693.54,1
471,471,linpack,medium,warm,200,736.42,736.41,0.0,722.52,13.89,False,,0.0,0.36,4.02,718.13,722.52,2
472,472,genmatrix,small,warm,200,12.16,12.16,0.0,0.11,12.04,False,,0.0,0.02,,0.09,0.11,3
473,473,fetchdata,medium,warm,200,85.57,85.56,0.0,76.16,9.41,False,76.13,0.0,0.02,0.0,,76.16,3
474,474,genmatrix,large,warm,200,60.22,45.84,14.39,0.81,45.02,False,,0.0,0.02,,0.79,0.81,3
475,475,matrixmul,small,warm,200,22.0,22.0,0.0,4.96,17.03,False,,0.0,0.36,4.02,0.58,4.96,3
476,476,fetchdata,medium,warm,200,85.1,85.1,0.0,75.28,9.81,False,75.26,0.0,0.02,0.0,,75.28,3
477,477,linpack,large,warm,200,19.66,19.65,0.01,5.2,14.46,False,,0.0,0.34,4.11,0.74,5.19,3
478,478,fetchdata,medium,warm,200,90.68,90.68,0.0,79.04,11.64,False,79.0,0.0,0.02,0.0,,79.03,2
479,479,fastfouriertransform,large,warm,200,27.5,27.5,0.01,4.83,22.66,False,,0.0,3.96,0.0,0.86,4.83,1
480,480,fetchdata,large,warm,200,87.74,87.74,0.0,76.45,11.29,False,76.42,0.0,0.02,0.0,,76.45,1
481,481,fetchdata,medium,warm,200,87.17,87.16,0.0,76.25,10.91,False,76.22,0.0,0.02,0.0,,76.25,1
482,482,fetchdata,small,warm,200,85.69,85.69,0.0,76.06,9.63,False,76.03,0.0,0.02,0.0,,76.06,1
483,483,fastfouriertransform,small,warm,200,24.91,24.91,0.01,4.66,20.25,False,,0.0,3.85,0.0,0.8,4.66,1
484,484,genmatrix,large,warm,200,52.37,38.9,13.47,0.78,38.12,False,,0.0,0.02,,0.76,0.78,1
485,485,linpack,medium,warm,200,745.32,745.31,0.01,726.97,18.34,False,,0.0,0.64,4.13,722.19,726.97,1
486,486,matrixmul,small,warm,200,28.62,28.62,0.0,8.0,20.62,False,,0.0,0.52,6.49,0.97,8.0,2
487,487,matrixmul,large,warm,200,23.35,23.34,0.0,5.12,18.22,False,,0.0,0.36,4.07,0.69,5.12,2
488,488,genmatrix,large,warm,200,52.9,39.46,13.43,0.79,38.67,False,,0.0,0.02,,0.77,0.79,2
489,489,matrixmul,medium,warm,200,570.08,570.07,0.01,552.97,17.11,False,,0.0,0.36,4.02,548.58,552.97,2
490,490,linpack,large,warm,200,20.74,20.73,0.0,5.25,15.48,False,,0.0,0.36,4.13,0.76,5.25,3
491,491,matrixmul,medium,warm,200,717.36,717.35,0.0,692.58,24.77,False,,0.0,0.39,4.59,687.59,692.58,3
492,492,fastfouriertransform,large,warm,200,24.13,24.13,0.0,4.64,19.48,False,,0.0,3.88,0.0,0.75,4.64,4
493,493,fastfouriertransform,medium,warm,200,778.67,778.66,0.0,756.5,22.17,False,,0.0,3.87,0.0,752.62,756.49,3
494,494,genmatrix,large,warm,200,51.38,38.11,13.27,0.85,37.26,False,,0.0,0.02,,0.82,0.84,4
495,495,genmatrix,small,warm,200,16.25,16.25,0.0,0.11,16.15,False,,0.0,0.02,,0.08,0.1,3
496,496,fastfouriertransform,small,warm,200,483.07,483.07,0.0,4.93,478.14,False,,0.0,3.98,0.01,0.93,4.93,3
497,497,linpack,large,warm,200,18.32,18.32,0.0,5.15,13.17,False,,0.0,0.34,4.01,0.79,5.15,4
498,498,fastfouriertransform,large,warm,200,298.71,298.7,0.01,4.95,293.75,False,,0.0,3.95,0.0,0.99,4.95,4
499,499,genmatrix,large,warm,200,50.26,36.94,13.32,0.95,35.99,False,,0.0,0.03,,0.91,0.95,4
500,500,fastfouriertransform,small,warm,200,94.7,94.69,0.0,4.86,89.84,False,,0.0,3.88,0.0,0.97,4.86,4
501,501,matrixmul,large,warm,200,30.5,30.5,0.01,5.37,25.13,False,,0.0,0.37,4.36,0.63,5.37,1
502,502,matrixmul,medium,warm,200,732.51,732.51,0.01,708.65,23.86,False,,0.0,0.52,6.37,701.75,708.64,1
503,503,fetchdata,large,warm,200,93.48,93.48,0.0,81.74,11.74,False,81.7,0.0,0.02,0.0,,81.73,2
504,504,matrixmul,large,warm,200,24.76,24.76,0.01,5.21,19.54,False,,0.0,0.37,4.25,0.59,5.21,2
505,505,matrixmul,small,warm,200,27.75,27.75,0.0,5.29,22.46,False,,0.0,0.44,4.19,0.65,5.29,2
506,506,matrixmul,medium,warm,200,571.54,571.54,0.0,553.63,17.91,False,,0.0,0.41,4.45,548.76,553.63,2
507,507,matrixmul,medium,warm,200,983.0,982.99,0.0,740.51,242.48,False,,0.0,0.51,6.4,733.59,740.51,3
508,508,genmatrix,large,warm,200,48.35,34.49,13.86,0.85,33.63,False,,0.0,0.02,,0.83,0.85,4
509,509,fastfouriertransform,small,warm,200,23.83,23.83,0.0,4.64,19.19,False,,0.0,3.87,0.0,0.76,4.64,4
510,510,genmatrix,medium,warm,200,17.33,17.32,0.01,0.2,17.12,False,,0.0,0.02,,0.18,0.2,3
511,511,matrixmul,medium,warm,200,1346.38,1346.37,0.0,754.26,592.12,False,,0.0,0.43,4.58,749.24,754.26,3
512,512,matrixmul,large,warm,200,25.5,25.5,0.0,5.64,19.86,False,,0.0,0.44,4.52,0.67,5.64,3
513,513,fastfouriertransform,medium,warm,200,719.08,719.07,0.0,700.69,18.39,False,,0.0,3.9,0.0,696.77,700.69,3
514,514,fastfouriertransform,medium,warm,200,1358.44,1358.43,0.01,735.42,623.01,False,,0.0,3.89,0.0,731.53,735.42,4
515,515,genmatrix,medium,warm,200,14.43,14.43,0.0,0.21,14.22,False,,0.0,0.02,,0.18,0.2,5
516,516,fastfouriertransform,medium,cold,200,1890.66,1890.65,0.0,731.45,1159.21,False,,0.0,3.99,0.01,727.44,731.44,5
517,517,linpack,small,warm,200,26.18,26.18,0.0,5.28,20.9,False,,0.0,0.36,4.1,0.81,5.27,5
518,518,linpack,medium,warm,200,723.06,723.06,0.01,706.87,16.19,False,,0.0,0.4,4.15,702.31,706.87,5
519,519,matrixmul,small,warm,200,28.73,28.73,0.0,8.13,20.6,False,,0.0,0.37,4.02,3.72,8.12,6
520,520,fetchdata,large,warm,200,85.72,85.72,0.0,75.75,9.97,False,75.73,0.0,0.02,0.0,,75.75,6
521,521,genmatrix,large,warm,200,53.3,36.88,16.43,0.82,36.06,False,,0.0,0.02,,0.79,0.82,5
522,522,matrixmul,large,warm,200,21.68,21.68,0.01,4.92,16.76,False,,0.0,0.34,4.01,0.57,4.92,5
523,523,matrixmul,small,warm,200,24.67,24.67,0.0,4.99,19.68,False,,0.0,0.35,4.04,0.6,4.98,5
524,524,fetchdata,medium,warm,200,90.94,90.93,0.01,78.73,12.2,False,78.7,0.0,0.02,0.0,,78.72,5
525,525,linpack,small,warm,200,20.41,20.4,0.0,5.5,14.9,False,,0.0,0.38,4.24,0.88,5.5,4
526,526,genmatrix,medium,warm,200,16.49,16.49,0.0,0.28,16.21,False,,0.0,0.03,,0.24,0.28,3
527,527,matrixmul,small,warm,200,25.41,25.41,0.0,5.88,19.53,False,,0.0,0.52,4.7,0.65,5.88,3
528,528,fastfouriertransform,large,warm,200,705.44,705.44,0.01,4.86,700.58,False,,0.0,3.94,0.0,0.91,4.86,2
529,529,linpack,small,warm,200,19.04,19.04,0.0,5.1,13.94,False,,0.0,0.34,4.0,0.75,5.1,3
530,530,fetchdata,medium,warm,200,89.73,89.72,0.0,78.58,11.15,False,78.55,0.0,0.02,0.0,,78.58,3
531,531,linpack,small,warm,200,21.12,21.11,0.0,5.24,15.87,False,,0.0,0.36,4.08,0.79,5.24,3
532,532,linpack,medium,warm,200,734.89,734.88,0.0,718.17,16.72,False,,0.0,0.43,4.19,713.54,718.17,3
533,533,fastfouriertransform,small,warm,200,212.42,212.42,0.0,4.71,207.71,False,,0.0,3.92,0.0,0.79,4.71,4
534,534,fastfouriertransform,medium,warm,200,857.18,857.18,0.0,748.65,108.53,False,,0.0,4.09,0.0,744.54,748.65,5
535,535,fastfouriertransform,large,warm,200,765.37,765.37,0.0,4.68,760.69,False,,0.0,3.87,0.0,0.8,4.68,5
536,536,fetchdata,medium,warm,200,85.9,85.89,0.0,76.38,9.51,False,76.36,0.0,0.02,0.0,,76.38,4
537,537,genmatrix,large,warm,200,61.7,35.53,26.17,0.79,34.74,False,,0.0,0.02,,0.76,0.79,4
538,538,genmatrix,medium,warm,200,19.55,19.55,0.0,0.47,19.07,False,,0.0,0.02,,0.44,0.47,4
539,539,matrixmul,medium,warm,200,713.7,713.7,0.0,695.62,18.08,False,,0.0,0.4,4.54,690.67,695.61,4
540,540,fetchdata,medium,warm,200,84.64,84.64,0.0,75.64,9.0,False,75.61,0.0,0.02,0.0,,75.64,4
541,541,linpack,small,warm,200,20.55,20.55,0.0,5.71,14.85,False,,0.0,0.36,4.5,0.84,5.7,4
542,542,matrixmul,small,warm,200,22.24,22.23,0.0,5.01,17.23,False,,0.0,0.35,4.07,0.58,5.01,4
543,543,linpack,large,warm,200,19.82,19.82,0.0,5.07,14.74,False,,0.0,0.34,3.99,0.74,5.07,2
544,544,fetchdata,small,warm,200,83.55,83.54,0.0,75.04,8.5,False,75.01,0.0,0.02,0.0,,75.04,2
545,545,genmatrix,medium,warm,200,15.86,15.85,0.0,0.21,15.64,False,,0.0,0.02,,0.19,0.21,2
546,546,genmatrix,large,warm,200,53.29,37.48,15.81,0.82,36.65,False,,0.0,0.02,,0.8,0.82,2
547,547,genmatrix,small,warm,200,10.8,10.79,0.0,0.12,10.68,False,,0.0,0.02,,0.09,0.12,1
548,548,genmatrix,large,warm,200,46.93,34.05,12.88,0.79,33.26,False,,0.0,0.02,,0.77,0.79,1
549,549,genmatrix,large,warm,200,60.43,35.16,25.28,0.79,34.37,False,,0.0,0.02,,0.77,0.79,1
550,550,linpack,large,warm,200,18.69,18.69,0.0,5.06,13.63,False,,0.0,0.34,3.99,0.73,5.06,1
551,551,matrixmul,small,warm,200,28.99,28.99,0.0,7.76,21.23,False,,0.0,0.52,6.36,0.87,7.76,1
552,552,matrixmul,large,warm,200,26.11,26.11,0.0,5.97,20.13,False,,0.0,0.41,4.88,0.67,5.97,1
553,553,matrixmul,medium,warm,200,742.93,742.92,0.0,722.97,19.96,False,,0.0,0.53,6.53,715.9,722.97,1
554,554,genmatrix,large,warm,200,50.35,37.72,12.63,0.93,36.79,False,,0.0,0.03,,0.9,0.93,2
555,555,linpack,medium,warm,200,729.88,729.87,0.0,712.78,17.09,False,,0.0,0.42,4.15,708.21,712.78,2
556,556,matrixmul,medium,warm,200,582.06,582.06,0.0,556.3,25.76,False,,0.0,0.36,4.02,551.92,556.3,3
557,557,fetchdata,large,warm,200,93.11,93.11,0.0,82.94,10.17,False,82.9,0.0,0.02,0.0,,82.93,4
558,558,fetchdata,large,warm,200,97.05,97.05,0.0,86.01,11.04,False,85.98,0.0,0.02,0.0,,86.01,4
559,559,matrixmul,small,warm,200,295.31,295.3,0.0,5.17,290.13,False,,0.0,0.37,4.09,0.7,5.17,4
560,560,matrixmul,small,warm,200,68.23,68.22,0.0,7.96,60.27,False,,0.0,0.52,6.44,0.98,7.96,5
561,561,genmatrix,large,warm,200,62.95,49.41,13.55,0.94,48.47,False,,0.0,0.03,,0.91,0.94,4
562,562,matrixmul,large,warm,200,26.86,26.86,0.0,5.24,21.62,False,,0.0,0.37,4.18,0.69,5.24,2
563,563,matrixmul,medium,warm,200,723.08,723.08,0.0,702.52,20.55,False,,0.0,0.37,4.34,697.81,702.52,1
564,564,fetchdata,medium,warm,200,88.28,88.28,0.0,77.29,10.99,False,77.26,0.0,0.02,0.0,,77.28,2
565,565,fastfouriertransform,small,warm,200,25.69,25.68,0.0,4.7,20.98,False,,0.0,3.93,0.0,0.76,4.7,2
566,566,linpack,large,warm,200,17.55,17.54,0.0,5.88,11.67,False,,0.0,0.35,4.76,0.76,5.88,2
567,567,genmatrix,small,warm,200,10.38,10.38,0.0,0.14,10.24,False,,0.0,0.03,,0.11,0.14,2
568,568,matrixmul,small,warm,200,21.09,21.08,0.0,5.06,16.02,False,,0.0,0.39,4.07,0.6,5.06,2
569,569,linpack,medium,warm,200,738.83,738.82,0.01,720.16,18.66,False,,0.0,0.36,4.0,715.8,720.16,2
570,570,fastfouriertransform,large,warm,200,24.37,24.37,0.0,4.68,19.69,False,,0.0,3.89,0.0,0.78,4.68,3
571,571,fetchdata,medium,warm,200,93.09,93.09,0.0,80.82,12.27,False,80.76,0.0,0.05,0.0,,80.82,2
572,572,fetchdata,small,warm,200,89.35,89.35,0.0,79.47,9.88,False,79.42,0.0,0.04,0.0,,79.47,2
573,573,matrixmul,medium,warm,200,573.16,573.15,0.01,550.09,23.06,False,,0.0,0.41,6.42,543.25,550.09,2
574,574,genmatrix,large,warm,200,57.55,45.77,11.79,0.96,44.81,False,,0.0,0.03,,0.92,0.96,3
575,575,matrixmul,large,warm,200,30.4,30.4,0.0,7.75,22.65,False,,0.0,0.52,6.35,0.88,7.75,3
576,576,fastfouriertransform,medium,warm,200,733.15,733.15,0.0,715.1,18.04,False,,0.0,3.83,0.0,711.27,715.1,3
577,577,linpack,medium,warm,200,708.73,708.72,0.01,690.33,18.39,False,,0.0,0.34,3.98,686.0,690.33,3
578,578,genmatrix,large,warm,200,59.69,44.12,15.57,0.88,43.24,False,,0.0,0.03,,0.85,0.88,4
579,579,matrixmul,large,warm,200,24.21,24.2,0.01,5.21,18.99,False,,0.0,0.38,4.1,0.72,5.21,3
580,580,fastfouriertransform,large,warm,200,333.86,333.86,0.0,4.65,329.2,False,,0.0,3.85,0.0,0.8,4.65,3
581,581,fastfouriertransform,small,warm,200,247.09,247.09,0.01,4.66,242.43,False,,0.0,3.87,0.0,0.78,4.66,4
582,582,genmatrix,small,warm,200,11.82,11.82,0.0,0.11,11.71,False,,0.0,0.02,,0.08,0.11,5
583,583,fastfouriertransform,medium,warm,200,804.07,804.07,0.0,758.71,45.35,False,,0.0,3.89,0.0,754.82,758.71,5
584,584,fastfouriertransform,large,warm,200,719.21,719.2,0.01,4.69,714.51,False,,0.0,3.87,0.0,0.81,4.69,3
585,585,fastfouriertransform,medium,warm,200,1330.69,1330.68,0.0,715.94,614.74,False,,0.0,3.9,0.0,712.04,715.94,3
586,586,fetchdata,large,warm,200,95.25,95.25,0.0,81.48,13.76,False,81.45,0.0,0.03,0.0,,81.48,4
587,587,genmatrix,small,warm,200,14.05,14.05,0.0,0.17,13.88,False,,0.0,0.04,,0.12,0.17,4
588,588,fastfouriertransform,medium,cold,200,1776.59,1776.58,0.0,748.6,1027.98,False,,0.0,3.89,0.0,744.7,748.6,4
589,589,fastfouriertransform,medium,cold,200,3876.93,3876.93,0.0,724.67,3152.26,False,,0.0,3.82,0.0,720.84,724.67,5
590,590,genmatrix,medium,warm,200,13.33,13.32,0.01,0.21,13.11,False,,0.0,0.02,,0.19,0.21,6
591,591,matrixmul,small,warm,200,27.48,27.47,0.01,5.23,22.25,False,,0.0,0.36,4.26,0.6,5.23,6
592,592,fetchdata,large,warm,200,86.38,86.38,0.0,76.57,9.81,False,76.54,0.0,0.02,0.0,,76.56,4
593,593,matrixmul,large,warm,200,26.74,26.73,0.01,4.96,21.77,False,,0.0,0.36,4.02,0.57,4.96,4
594,594,fetchdata,small,warm,200,86.65,86.64,0.01,77.01,9.64,False,76.98,0.0,0.02,0.0,,77.0,4
595,595,fetchdata,small,warm,200,85.16,85.15,0.0,74.9,10.25,False,74.87,0.0,0.02,0.0,,74.9,4
596,596,linpack,medium,warm,200,716.32,716.31,0.01,702.72,13.59,False,,0.0,0.35,4.02,698.35,702.72,4
597,597,linpack,large,warm,200,18.27,18.27,0.0,5.12,13.15,False,,0.0,0.35,4.02,0.75,5.12,5
598,598,fetchdata,medium,warm,200,84.93,84.93,0.0,75.95,8.97,False,75.93,0.0,0.02,0.0,,75.95,5
599,599,linpack,small,warm,200,21.64,21.64,0.01,5.54,16.09,False,,0.0,0.37,4.29,0.87,5.54,4
600,600,fetchdata,medium,warm,200,92.93,92.92,0.0,81.42,11.5,False,81.39,0.0,0.02,0.0,,81.42,4
601,601,genmatrix,medium,warm,200,107.99,19.42,88.56,0.22,19.2,False,,0.0,0.02,,0.19,0.22,4
602,602,genmatrix,large,warm,200,64.18,42.93,21.25,0.98,41.95,False,,0.0,0.02,,0.95,0.98,5
603,603,fastfouriertransform,medium,warm,200,1009.89,1009.88,0.0,723.41,286.47,False,,0.0,3.87,0.0,719.53,723.41,4
604,604,genmatrix,large,warm,200,46.54,34.17,12.37,0.81,33.37,False,,0.0,0.02,,0.78,0.8,4
605,605,linpack,small,warm,200,18.51,18.51,0.0,5.19,13.32,False,,0.0,0.34,4.1,0.75,5.19,4
606,606,fastfouriertransform,medium,warm,200,1451.53,1451.53,0.0,742.39,709.13,False,,0.0,3.83,0.0,738.55,742.39,3
607,607,genmatrix,large,warm,200,61.11,43.14,17.97,0.81,42.33,False,,0.0,0.02,,0.79,0.81,4
608,608,genmatrix,large,warm,200,50.23,38.1,12.13,0.93,37.17,False,,0.0,0.02,,0.89,0.92,4
609,609,matrixmul,large,warm,200,23.47,23.46,0.0,6.01,17.45,False,,0.0,0.36,4.98,0.67,6.01,4
610,610,genmatrix,medium,warm,200,17.05,17.04,0.0,0.34,16.7,False,,0.0,0.03,,0.3,0.34,4
611,611,genmatrix,small,warm,200,11.18,11.18,0.0,0.12,11.05,False,,0.0,0.02,,0.1,0.12,4
612,612,matrixmul,medium,warm,200,719.49,713.42,6.07,695.13,18.29,False,,0.0,0.52,6.35,688.25,695.13,4
613,613,fastfouriertransform,small,cold,200,1484.18,1484.18,0.0,4.68,1479.5,False,,0.0,3.87,0.0,0.8,4.68,5
614,614,matrixmul,large,warm,200,20.57,20.57,0.0,4.95,15.62,False,,0.0,0.36,4.01,0.57,4.95,5
615,615,genmatrix,large,warm,200,57.4,39.26,18.14,0.85,38.41,False,,0.0,0.03,,0.82,0.85,5
616,616,genmatrix,large,warm,200,52.23,40.09,12.14,0.91,39.18,False,,0.0,0.02,,0.88,0.91,5
617,617,genmatrix,small,warm,200,13.04,13.04,0.0,0.13,12.91,False,,0.0,0.03,,0.1,0.13,5
618,618,matrixmul,medium,warm,200,550.63,550.62,0.0,530.68,19.95,False,,0.0,0.34,4.01,526.32,530.67,5
619,619,fastfouriertransform,large,warm,200,897.24,897.23,0.01,4.99,892.24,False,,0.0,4.08,0.0,0.9,4.99,6
620,620,fastfouriertransform,large,warm,200,797.35,797.34,0.0,4.82,792.53,False,,0.0,3.94,0.0,0.87,4.81,6
621,621,matrixmul,medium,warm,200,742.16,742.16,0.0,717.2,24.96,False,,0.0,0.39,4.47,712.33,717.19,6
622,622,fetchdata,large,warm,200,89.0,89.0,0.0,78.73,10.27,False,78.7,0.0,0.02,0.0,,78.73,7
623,623,genmatrix,small,warm,200,11.23,11.23,0.0,0.13,11.1,False,,0.0,0.03,,0.1,0.13,7
624,624,fetchdata,large,warm,200,85.72,85.71,0.0,76.58,9.13,False,76.55,0.0,0.02,0.0,,76.58,6
625,625,genmatrix,large,warm,200,48.77,34.46,14.31,0.79,33.67,False,,0.0,0.02,,0.77,0.79,6
626,626,fetchdata,large,warm,200,84.1,84.1,0.0,75.96,8.14,False,75.93,0.0,0.02,0.0,,75.96,6
627,627,fastfouriertransform,large,warm,200,103.56,103.55,0.01,4.62,98.93,False,,0.0,3.84,0.0,0.78,4.62,6
628,628,fastfouriertransform,medium,warm,200,746.86,746.86,0.0,729.95,16.91,False,,0.0,3.89,0.0,726.06,729.95,2
629,629,matrixmul,small,warm,200,28.72,28.72,0.0,7.92,20.8,False,,0.0,0.53,6.43,0.95,7.92,2
630,630,linpack,medium,warm,200,715.0,714.99,0.0,698.51,16.48,False,,0.0,0.43,4.74,693.33,698.51,2
631,631,fetchdata,small,warm,200,135.26,135.26,0.0,125.98,9.27,False,125.96,0.0,0.02,0.0,,125.98,3
632,632,genmatrix,medium,warm,200,12.62,12.62,0.0,0.22,12.4,False,,0.0,0.02,,0.19,0.22,4
633,633,matrixmul,small,warm,200,19.9,19.9,0.0,4.93,14.96,False,,0.0,0.35,4.01,0.56,4.93,3
634,634,fetchdata,small,warm,200,82.57,82.57,0.0,75.33,7.24,False,75.31,0.0,0.02,0.0,,75.33,3
635,635,linpack,medium,warm,200,732.76,732.75,0.0,718.53,14.22,False,,0.0,0.36,4.15,714.02,718.53,3
636,636,linpack,large,warm,200,121.96,121.96,0.0,5.33,116.63,False,,0.0,0.37,4.1,0.84,5.32,3
637,637,genmatrix,small,warm,200,11.14,11.14,0.0,0.12,11.01,False,,0.0,0.02,,0.09,0.12,4
638,638,genmatrix,medium,warm,200,13.65,13.65,0.0,0.22,13.42,False,,0.0,0.03,,0.2,0.22,2
639,639,genmatrix,large,warm,200,48.13,37.32,10.81,0.81,36.5,False,,0.0,0.03,,0.78,0.81,2
640,640,genmatrix,small,warm,200,10.93,10.93,0.0,0.11,10.82,False,,0.0,0.02,,0.09,0.11,2
641,641,matrixmul,small,warm,200,25.18,25.17,0.0,5.61,19.57,False,,0.0,0.36,4.04,1.2,5.6,2
642,642,fetchdata,small,warm,200,87.99,87.99,0.0,76.53,11.45,False,76.51,0.0,0.02,0.0,,76.53,2
643,643,matrixmul,large,warm,200,25.27,25.27,0.0,5.49,19.77,False,,0.0,0.4,4.41,0.67,5.49,1
644,644,genmatrix,small,warm,200,10.16,10.15,0.0,0.19,9.97,False,,0.0,0.05,,0.12,0.18,1
645,645,matrixmul,small,warm,200,23.7,23.7,0.0,5.26,18.44,False,,0.0,0.36,4.18,0.71,5.26,1
646,646,genmatrix,large,warm,200,50.52,34.14,16.38,0.87,33.26,False,,0.0,0.02,,0.85,0.87,1
647,647,fastfouriertransform,medium,warm,200,735.64,735.64,0.0,716.8,18.84,False,,0.0,3.83,0.0,712.97,716.8,1
648,648,genmatrix,large,warm,200,61.82,40.76,21.06,0.8,39.95,False,,0.0,0.02,,0.78,0.8,2
649,649,genmatrix,large,warm,200,60.09,41.98,18.12,0.95,41.03,False,,0.0,0.02,,0.92,0.95,2
650,650,matrixmul,large,warm,200,29.85,29.84,0.0,8.14,21.71,False,,0.0,0.53,6.62,0.98,8.13,2
651,651,genmatrix,small,warm,200,15.57,15.56,0.0,0.13,15.44,False,,0.0,0.03,,0.09,0.13,2
652,652,fetchdata,medium,warm,200,85.84,85.84,0.0,77.21,8.62,False,77.19,0.0,0.02,0.0,,77.21,2
653,653,fastfouriertransform,large,warm,200,146.71,146.71,0.01,4.84,141.87,False,,0.0,3.91,0.0,0.92,4.84,2
654,654,linpack,medium,warm,200,752.29,752.28,0.0,739.98,12.31,False,,0.0,0.35,4.14,735.48,739.97,3
655,655,linpack,small,warm,200,659.13,659.13,0.0,5.02,654.1,False,,0.0,0.33,3.98,0.71,5.02,2
656,656,fastfouriertransform,large,warm,200,23.22,23.21,0.0,4.86,18.35,False,,0.0,3.93,0.0,0.92,4.86,3
657,657,matrixmul,large,warm,200,23.86,23.86,0.0,5.77,18.09,False,,0.0,0.42,4.6,0.74,5.77,3
658,658,genmatrix,large,warm,200,51.12,35.29,15.82,0.86,34.43,False,,0.0,0.02,,0.83,0.86,3
659,659,matrixmul,small,warm,200,24.4,24.39,0.0,5.59,18.8,False,,0.0,0.41,4.51,0.66,5.59,3
660,660,fetchdata,small,warm,200,83.97,83.97,0.0,75.48,8.48,False,75.46,0.0,0.02,0.0,,75.48,3
661,661,fastfouriertransform,medium,warm,200,741.78,741.77,0.0,724.42,17.35,False,,0.0,3.94,0.0,720.47,724.42,3
662,662,matrixmul,small,warm,200,30.19,30.18,0.01,7.75,22.43,False,,0.0,0.42,6.41,0.91,7.75,2
663,663,fastfouriertransform,small,warm,200,545.3,545.3,0.01,4.63,540.67,False,,0.0,3.84,0.0,0.78,4.63,2
664,664,linpack,small,warm,200,22.94,22.94,0.0,9.06,13.88,False,,0.0,0.34,7.93,0.78,9.06,3
665,665,matrixmul,medium,warm,200,686.34,686.33,0.0,667.81,18.52,False,,0.0,0.39,4.37,663.04,667.81,3
666,666,genmatrix,large,warm,200,54.78,34.27,20.51,0.79,33.48,False,,0.0,0.02,,0.76,0.79,4
667,667,linpack,medium,warm,200,728.8,728.79,0.0,717.81,10.98,False,,0.0,0.35,4.15,713.3,717.81,4
668,668,linpack,large,warm,200,639.78,639.77,0.0,5.03,634.74,False,,0.0,0.33,3.98,0.72,5.03,5
669,669,fetchdata,medium,warm,200,91.83,91.83,0.0,80.19,11.64,False,80.16,0.0,0.02,0.0,,80.19,4
670,670,fastfouriertransform,medium,warm,200,731.36,731.35,0.0,712.67,18.68,False,,0.0,4.04,0.0,708.62,712.67,4
671,671,linpack,medium,warm,200,1037.05,1037.05,0.01,690.04,347.01,False,,0.0,0.33,3.97,685.74,690.04,5
672,672,genmatrix,small,warm,200,10.37,10.36,0.0,0.12,10.24,False,,0.0,0.02,,0.09,0.12,5
673,673,genmatrix,small,warm,200,10.49,10.48,0.0,0.12,10.37,False,,0.0,0.02,,0.09,0.12,5
674,674,matrixmul,medium,warm,200,571.9,571.89,0.0,556.51,15.38,False,,0.0,0.35,4.01,552.15,556.51,5
675,675,fetchdata,medium,warm,200,89.34,89.34,0.0,79.83,9.51,False,79.8,0.0,0.02,0.0,,79.83,4
676,676,fastfouriertransform,large,warm,200,139.51,139.5,0.01,4.82,134.69,False,,0.0,3.91,0.01,0.89,4.81,4
677,677,genmatrix,large,warm,200,65.27,38.9,26.37,0.88,38.02,False,,0.0,0.03,,0.85,0.88,5
678,678,genmatrix,small,warm,200,14.54,14.53,0.0,0.13,14.41,False,,0.0,0.03,,0.1,0.13,3
679,679,matrixmul,medium,warm,200,731.2,731.2,0.01,712.21,18.98,False,,0.0,0.54,6.34,705.32,712.21,3
680,680,fetchdata,small,warm,200,85.61,85.6,0.0,75.88,9.72,False,75.86,0.0,0.02,0.0,,75.88,3
681,681,matrixmul,small,warm,200,25.53,25.52,0.0,4.94,20.58,False,,0.0,0.35,4.01,0.58,4.94,3
682,682,fetchdata,large,warm,200,89.81,89.81,0.0,80.91,8.9,False,80.88,0.0,0.02,0.0,,80.91,2
683,683,linpack,small,warm,200,21.31,21.31,0.0,6.32,14.99,False,,0.0,0.44,4.58,1.3,6.32,2
684,684,fastfouriertransform,medium,warm,200,758.51,758.5,0.0,742.04,16.47,False,,0.0,5.21,0.01,736.81,742.04,2
685,685,fetchdata,small,warm,200,85.36,85.35,0.0,75.61,9.74,False,75.59,0.0,0.02,0.0,,75.61,3
686,686,linpack,small,warm,200,18.34,18.34,0.01,5.23,13.11,False,,0.0,0.38,4.04,0.79,5.22,3
687,687,fastfouriertransform,large,warm,200,465.24,465.23,0.0,4.85,460.39,False,,0.0,3.91,0.0,0.93,4.84,2
688,688,fetchdata,large,warm,200,91.41,91.41,0.0,82.36,9.05,False,82.34,0.0,0.02,0.0,,82.36,3
689,689,fetchdata,small,warm,200,89.43,89.43,0.0,79.5,9.93,False,79.47,0.0,0.02,0.0,,79.5,3
690,690,genmatrix,small,warm,200,17.02,17.01,0.01,0.13,16.88,False,,0.0,0.03,,0.1,0.13,3
691,691,linpack,small,warm,200,21.16,21.15,0.01,5.58,15.58,False,,0.0,0.36,4.2,1.01,5.57,3
692,692,genmatrix,small,warm,200,10.31,10.31,0.0,0.13,10.18,False,,0.0,0.03,,0.1,0.13,1
693,693,fetchdata,large,warm,200,84.83,84.82,0.0,75.25,9.57,False,75.23,0.0,0.02,0.0,,75.25,1
694,694,genmatrix,small,warm,200,8.96,8.95,0.01,0.11,8.84,False,,0.0,0.02,,0.09,0.11,1
695,695,fastfouriertransform,large,warm,200,22.1,22.09,0.0,4.86,17.23,False,,0.0,3.93,0.0,0.93,4.86,1
696,696,fastfouriertransform,small,warm,200,24.79,24.79,0.0,5.52,19.27,False,,0.0,4.26,0.01,1.24,5.51,1
697,697,fastfouriertransform,medium,warm,200,745.55,745.54,0.0,728.56,16.98,False,,0.0,6.79,0.0,721.76,728.56,1
698,698,fetchdata,large,warm,200,83.98,83.97,0.0,76.08,7.89,False,76.06,0.0,0.02,0.0,,76.08,2
699,699,genmatrix,small,warm,200,10.27,10.26,0.0,0.12,10.14,False,,0.0,0.02,,0.09,0.12,2
700,700,fetchdata,medium,warm,200,83.45,83.44,0.0,75.51,7.94,False,75.48,0.0,0.02,0.0,,75.5,2
701,701,fastfouriertransform,small,warm,200,360.03,360.02,0.01,4.87,355.15,False,,0.0,3.93,0.0,0.93,4.87,2
702,702,matrixmul,large,warm,200,23.44,20.9,2.54,4.97,15.93,False,,0.0,0.36,4.02,0.58,4.97,3
703,703,fastfouriertransform,large,warm,200,168.2,168.19,0.0,5.0,163.19,False,,0.0,4.0,0.0,0.98,5.0,3
704,704,fastfouriertransform,medium,warm,200,794.17,794.17,0.0,727.04,67.13,False,,0.0,3.98,0.0,723.05,727.04,4
705,705,matrixmul,medium,warm,200,561.57,561.57,0.0,544.27,17.3,False,,0.0,0.36,4.01,539.9,544.27,2
706,706,linpack,large,warm,200,15.11,15.1,0.0,5.13,9.98,False,,0.0,0.35,4.01,0.76,5.12,3
707,707,fastfouriertransform,medium,warm,200,1221.93,1221.92,0.0,722.96,498.97,False,,0.0,3.98,0.0,718.96,722.95,3
708,708,linpack,small,warm,200,16.98,16.97,0.0,5.15,11.82,False,,0.0,0.36,4.02,0.77,5.15,4
709,709,linpack,small,warm,200,17.39,17.38,0.0,5.2,12.18,False,,0.0,0.36,4.05,0.79,5.2,4
710,710,linpack,medium,warm,200,718.33,718.33,0.0,705.06,13.27,False,,0.0,0.43,4.55,700.07,705.06,4
711,711,matrixmul,large,warm,200,26.26,26.26,0.0,5.94,20.31,False,,0.0,0.38,4.89,0.67,5.94,4
712,712,fastfouriertransform,small,warm,200,731.51,731.51,0.0,4.81,726.7,False,,0.0,3.92,0.0,0.88,4.81,3
713,713,matrixmul,medium,warm,200,544.23,544.22,0.01,526.35,17.87,False,,0.0,0.34,3.99,522.01,526.35,4
714,714,matrixmul,large,warm,200,26.2,26.19,0.0,7.66,18.53,False,,0.0,0.38,6.32,0.95,7.66,5
715,715,fastfouriertransform,medium,warm,200,1151.28,1151.28,0.0,718.08,433.2,False,,0.0,3.92,0.0,714.15,718.08,5
716,716,matrixmul,small,warm,200,27.35,27.34,0.0,7.85,19.49,False,,0.0,0.52,6.44,0.88,7.85,6
717,717,fastfouriertransform,medium,warm,200,1677.53,1677.52,0.0,725.77,951.75,False,,0.0,3.92,0.0,721.84,725.77,6
718,718,linpack,small,warm,200,18.0,18.0,0.0,5.4,12.6,False,,0.0,0.39,4.19,0.81,5.4,6
719,719,fastfouriertransform,small,cold,200,1495.2,1495.19,0.0,4.93,1490.26,False,,0.0,3.89,0.0,1.03,4.93,5
720,720,genmatrix,large,warm,200,48.98,35.48,13.5,0.85,34.64,False,,0.0,0.02,,0.82,0.85,4
721,721,linpack,large,warm,200,19.27,19.26,0.0,5.11,14.15,False,,0.0,0.34,4.02,0.75,5.11,4
722,722,genmatrix,medium,warm,200,14.8,14.79,0.0,0.2,14.59,False,,0.0,0.02,,0.18,0.2,4
723,723,linpack,large,warm,200,15.31,15.31,0.0,5.33,9.97,False,,0.0,0.34,4.2,0.78,5.33,4
724,724,genmatrix,medium,warm,200,14.56,14.56,0.0,0.21,14.35,False,,0.0,0.02,,0.19,0.21,4
725,725,linpack,large,warm,200,17.56,17.55,0.0,5.62,11.93,False,,0.0,0.37,4.4,0.85,5.62,4
726,726,matrixmul,small,warm,200,23.17,23.17,0.0,5.57,17.6,False,,0.0,0.39,4.51,0.67,5.57,4
727,727,fastfouriertransform,large,warm,200,688.72,688.72,0.01,5.0,683.72,False,,0.0,4.02,0.01,0.96,5.0,3
728,728,linpack,large,warm,200,15.77,15.77,0.0,5.37,10.4,False,,0.0,0.39,4.15,0.82,5.37,4
729,729,fetchdata,medium,warm,200,84.57,84.57,0.0,75.42,9.14,False,75.4,0.0,0.02,0.0,,75.42,4
730,730,matrixmul,small,warm,200,20.99,20.98,0.0,5.35,15.63,False,,0.0,0.37,4.36,0.62,5.35,4
731,731,matrixmul,medium,warm,200,748.2,748.2,0.0,727.09,21.1,False,,0.0,0.37,4.48,722.24,727.09,4
732,732,matrixmul,medium,warm,200,566.2,566.2,0.0,548.18,18.01,False,,0.0,0.36,4.12,543.7,548.18,5
733,733,matrixmul,large,warm,200,475.49,475.48,0.01,4.92,470.57,False,,0.0,0.34,4.0,0.58,4.92,6
734,734,fastfouriertransform,medium,warm,200,750.27,750.26,0.01,730.87,19.4,False,,0.0,3.9,0.0,726.96,730.86,4
735,735,matrixmul,medium,warm,200,1070.84,1070.83,0.0,713.63,357.21,False,,0.0,0.54,6.53,706.56,713.63,5
736,736,genmatrix,medium,warm,200,11.96,11.96,0.0,0.21,11.75,False,,0.0,0.02,,0.19,0.21,6
737,737,fetchdata,large,warm,200,86.61,86.6,0.01,75.99,10.61,False,75.97,0.0,0.02,0.0,,75.99,6
738,738,matrixmul,small,warm,200,23.64,23.64,0.01,4.98,18.66,False,,0.0,0.36,4.03,0.58,4.98,4
739,739,fastfouriertransform,small,warm,200,257.41,257.41,0.01,4.81,252.59,False,,0.0,3.94,0.0,0.86,4.81,3
740,740,fastfouriertransform,medium,warm,200,873.72,873.71,0.0,712.99,160.73,False,,0.0,3.92,0.0,709.06,712.99,4
741,741,fastfouriertransform,large,warm,200,782.42,782.42,0.01,4.91,777.51,False,,0.0,3.96,0.0,0.93,4.91,5
742,742,genmatrix,small,warm,200,9.92,9.91,0.0,0.11,9.8,False,,0.0,0.02,,0.09,0.11,4
743,743,linpack,small,warm,200,57.64,57.64,0.0,5.11,52.52,False,,0.0,0.35,4.01,0.75,5.11,4
744,744,linpack,large,warm,200,16.38,16.38,0.0,5.06,11.31,False,,0.0,0.34,3.98,0.74,5.06,4
745,745,linpack,medium,warm,200,722.68,722.68,0.0,710.48,12.2,False,,0.0,0.36,4.66,705.45,710.48,4
746,746,fastfouriertransform,medium,warm,200,1015.21,1015.21,0.0,728.41,286.8,False,,0.0,3.93,0.0,724.47,728.41,4
747,747,genmatrix,large,warm,200,47.57,35.4,12.17,0.83,34.57,False,,0.0,0.02,,0.81,0.83,5
748,748,matrixmul,large,warm,200,27.09,27.09,0.0,7.94,19.14,False,,0.0,0.54,6.39,1.01,7.94,5
749,749,fastfouriertransform,medium,warm,200,1440.0,1439.99,0.0,719.05,720.95,False,,0.0,4.0,0.0,715.03,719.04,3
750,750,linpack,medium,warm,200,938.68,938.67,0.0,715.44,223.24,False,,0.0,0.37,4.18,710.88,715.44,4
751,751,genmatrix,small,warm,200,8.59,8.58,0.0,0.11,8.48,False,,0.0,0.02,,0.08,0.11,5
752,752,linpack,large,warm,200,748.12,748.12,0.0,5.18,742.94,False,,0.0,0.41,4.04,0.72,5.18,5
753,753,fetchdata,small,warm,200,89.12,89.12,0.0,79.38,9.74,False,79.35,0.0,0.02,0.0,,79.37,5
754,754,matrixmul,small,warm,200,23.86,23.85,0.0,6.02,17.83,False,,0.0,0.38,5.04,0.6,6.02,5
755,755,fastfouriertransform,medium,warm,200,1570.0,1570.0,0.0,735.71,834.29,False,,0.0,3.91,0.0,731.79,735.71,5
756,756,linpack,medium,warm,200,1073.97,1073.97,0.0,726.36,347.6,False,,0.0,0.36,4.04,721.96,726.36,6
757,757,fastfouriertransform,medium,cold,200,2089.79,2089.79,0.0,717.14,1372.65,False,,0.0,3.85,0.0,713.28,717.14,6
758,758,linpack,small,warm,200,901.87,901.87,0.0,5.84,896.03,False,,0.0,0.38,4.5,0.95,5.84,7
759,759,matrixmul,large,warm,200,21.24,21.23,0.01,4.91,16.33,False,,0.0,0.35,3.99,0.56,4.91,8
760,760,linpack,large,warm,200,679.69,679.69,0.01,5.47,674.22,False,,0.0,0.4,4.18,0.88,5.46,6
761,761,linpack,small,warm,200,597.27,597.27,0.01,5.42,591.84,False,,0.0,0.38,4.1,0.94,5.42,7
762,762,linpack,large,warm,200,510.25,510.24,0.0,5.59,504.66,False,,0.0,0.46,4.3,0.82,5.58,8
763,763,genmatrix,small,warm,200,11.58,11.57,0.0,0.13,11.44,False,,0.0,0.03,,0.1,0.13,9
764,764,fetchdata,medium,warm,200,84.18,84.18,0.0,75.29,8.88,False,75.27,0.0,0.02,0.0,,75.29,8
765,765,genmatrix,medium,warm,200,13.03,13.03,0.0,0.21,12.82,False,,0.0,0.02,,0.18,0.21,8
766,766,genmatrix,small,warm,200,8.89,8.89,0.0,0.15,8.74,False,,0.0,0.02,,0.12,0.15,8
767,767,fetchdata,small,warm,200,88.12,88.11,0.0,78.07,10.04,False,78.05,0.0,0.02,0.0,,78.07,5
768,768,linpack,large,warm,200,18.89,18.89,0.01,5.6,13.29,False,,0.0,0.36,4.13,1.1,5.59,3
769,769,matrixmul,small,warm,200,24.7,24.7,0.0,7.18,17.51,False,,0.0,0.39,6.16,0.62,7.18,3
770,770,fetchdata,large,warm,200,86.07,86.07,0.01,75.52,10.55,False,75.49,0.0,0.02,0.0,,75.51,3
771,771,fastfouriertransform,small,warm,200,695.0,695.0,0.0,4.59,690.41,False,,0.0,3.81,0.0,0.77,4.59,2
772,772,linpack,small,warm,200,15.29,15.29,0.0,5.09,10.19,False,,0.0,0.34,4.0,0.75,5.09,3
773,773,matrixmul,medium,warm,200,567.79,567.78,0.0,547.88,19.91,False,,0.0,0.36,4.04,543.47,547.87,3
774,774,matrixmul,medium,warm,200,646.49,646.48,0.0,624.26,22.22,False,,0.0,0.51,6.02,617.72,624.26,4
775,775,fetchdata,medium,warm,200,91.18,91.18,0.0,81.51,9.67,False,81.48,0.0,0.02,0.0,,81.51,5
776,776,genmatrix,large,warm,200,56.42,46.12,10.3,0.98,45.13,False,,0.0,0.02,,0.95,0.98,5
777,777,genmatrix,large,warm,200,48.14,35.7,12.44,0.79,34.91,False,,0.0,0.02,,0.77,0.79,5
778,778,linpack,small,warm,200,16.67,16.66,0.0,5.12,11.54,False,,0.0,0.34,4.01,0.76,5.12,3
779,779,fastfouriertransform,small,warm,200,22.61,22.61,0.0,4.63,17.97,False,,0.0,3.87,0.0,0.76,4.63,2
780,780,fetchdata,large,warm,200,106.25,106.24,0.0,93.54,12.71,False,93.5,0.0,0.03,0.0,,93.53,2
781,781,fastfouriertransform,large,warm,200,26.86,26.86,0.01,6.85,20.01,False,,0.0,3.89,0.0,2.96,6.85,2
782,782,fastfouriertransform,medium,warm,200,736.18,736.18,0.0,714.47,21.71,False,,0.0,5.04,0.01,709.41,714.47,1
783,783,matrixmul,large,warm,200,21.24,21.23,0.0,5.6,15.63,False,,0.0,0.4,4.5,0.69,5.6,2
784,784,matrixmul,medium,warm,200,553.94,553.94,0.01,534.31,19.63,False,,0.0,0.35,3.99,529.96,534.31,2
785,785,linpack,medium,warm,200,725.94,725.94,0.0,714.66,11.27,False,,0.0,0.34,4.0,710.32,714.66,3
786,786,matrixmul,medium,warm,200,733.77,733.76,0.01,714.45,19.32,False,,0.0,0.37,4.41,709.66,714.45,4
787,787,fetchdata,large,warm,200,90.37,90.37,0.0,81.57,8.8,False,81.55,0.0,0.02,0.0,,81.57,5
788,788,fastfouriertransform,medium,warm,200,864.54,864.53,0.0,729.55,134.98,False,,0.0,3.96,0.01,725.58,729.55,5
789,789,matrixmul,small,warm,200,449.43,449.43,0.01,5.62,443.8,False,,0.0,0.41,4.55,0.66,5.62,6
790,790,genmatrix,large,warm,200,49.3,37.15,12.15,0.83,36.32,False,,0.0,0.02,,0.81,0.83,5
791,791,linpack,medium,warm,200,847.53,847.52,0.0,719.35,128.17,False,,0.0,0.37,3.98,715.0,719.35,5
792,792,linpack,large,warm,200,754.31,754.31,0.0,5.01,749.3,False,,0.0,0.34,3.95,0.71,5.01,6
793,793,genmatrix,small,warm,200,11.0,11.0,0.0,0.11,10.89,False,,0.0,0.02,,0.08,0.11,6
794,794,fetchdata,medium,warm,200,89.45,89.45,0.0,79.64,9.8,False,79.6,0.0,0.03,0.0,,79.64,4
795,795,linpack,small,warm,200,459.52,459.51,0.01,5.01,454.5,False,,0.0,0.33,3.96,0.71,5.01,4
796,796,fastfouriertransform,small,warm,200,73.15,73.15,0.0,4.81,68.33,False,,0.0,3.91,0.0,0.89,4.81,5
797,797,genmatrix,small,warm,200,11.71,11.7,0.01,0.13,11.58,False,,0.0,0.03,,0.09,0.13,4
798,798,fetchdata,medium,warm,200,84.82,84.82,0.0,76.58,8.24,False,76.55,0.0,0.03,0.0,,76.58,4
799,799,genmatrix,medium,warm,200,16.57,16.56,0.0,0.22,16.34,False,,0.0,0.02,,0.19,0.22,4
800,800,fastfouriertransform,small,warm,200,23.88,23.87,0.01,4.98,18.9,False,,0.0,4.15,0.0,0.82,4.98,1
801,801,matrixmul,large,warm,200,26.1,26.1,0.0,5.52,20.58,False,,0.0,0.39,4.42,0.7,5.52,1
802,802,matrixmul,small,warm,200,21.71,21.7,0.0,4.97,16.73,False,,0.0,0.35,4.03,0.59,4.97,1
803,803,fetchdata,medium,warm,200,82.59,82.59,0.0,74.94,7.64,False,74.92,0.0,0.02,0.0,,74.94,1
804,804,linpack,large,warm,200,17.17,17.16,0.01,5.74,11.43,False,,0.0,0.35,4.57,0.8,5.73,1
805,805,fetchdata,large,warm,200,83.72,83.72,0.0,75.4,8.31,False,75.38,0.0,0.02,0.0,,75.4,1
806,806,linpack,large,warm,200,17.15,17.14,0.0,5.13,12.01,False,,0.0,0.35,4.01,0.77,5.13,1
807,807,genmatrix,small,warm,200,13.34,13.34,0.0,0.13,13.21,False,,0.0,0.03,,0.1,0.13,1
808,808,matrixmul,large,warm,200,28.91,28.91,0.0,9.09,19.82,False,,0.0,0.37,8.07,0.64,9.08,1
809,809,fastfouriertransform,medium,warm,200,747.87,747.87,0.0,729.79,18.08,False,,0.0,6.18,0.01,723.59,729.78,1
810,810,fastfouriertransform,medium,warm,200,1373.65,1373.65,0.0,723.24,650.4,False,,0.0,3.88,0.0,719.35,723.24,2
811,811,fastfouriertransform,medium,cold,200,1993.76,1993.75,0.0,717.26,1276.49,False,,0.0,4.01,0.01,713.24,717.26,3
812,812,linpack,medium,warm,200,715.49,715.49,0.0,704.32,11.17,False,,0.0,0.34,3.99,699.98,704.31,4
813,813,linpack,medium,warm,200,1339.33,1339.32,0.0,715.19,624.13,False,,0.0,0.39,4.02,710.78,715.19,5
814,814,matrixmul,medium,warm,200,573.42,573.41,0.0,551.25,22.16,False,,0.0,0.42,4.5,546.32,551.25,6
815,815,fastfouriertransform,medium,cold,200,2338.33,2338.32,0.0,724.28,1614.04,False,,0.0,3.93,0.0,720.34,724.28,7
816,816,fastfouriertransform,medium,cold,200,2952.36,2952.35,0.0,712.57,2239.79,False,,0.0,4.01,0.01,708.55,712.56,8
817,817,fetchdata,large,warm,200,82.75,82.75,0.0,74.92,7.83,False,74.9,0.0,0.02,0.0,,74.92,8
818,818,matrixmul,large,warm,200,22.59,22.59,0.0,5.72,16.87,False,,0.0,0.39,4.63,0.69,5.72,8
819,819,genmatrix,small,warm,200,7.89,7.88,0.0,0.11,7.77,False,,0.0,0.02,,0.08,0.11,8
820,820,matrixmul,small,warm,200,23.47,23.47,0.0,5.6,17.86,False,,0.0,0.41,4.53,0.66,5.6,6
821,821,fetchdata,medium,warm,200,90.51,90.51,0.01,79.86,10.65,False,79.83,0.0,0.02,0.0,,79.86,6
822,822,linpack,medium,warm,200,1137.71,1137.71,0.01,697.29,440.41,False,,0.0,0.33,4.0,692.96,697.29,6
823,823,linpack,small,cold,200,1044.08,1044.08,0.0,5.17,1038.91,False,,0.0,0.41,4.02,0.74,5.17,7
824,824,matrixmul,medium,warm,200,544.48,544.48,0.0,528.27,16.21,False,,0.0,0.34,4.15,523.77,528.27,7
825,825,genmatrix,small,warm,200,8.42,8.42,0.0,0.11,8.31,False,,0.0,0.02,,0.09,0.11,8
826,826,genmatrix,small,warm,200,8.74,8.74,0.0,0.12,8.62,False,,0.0,0.02,,0.1,0.12,8
827,827,fastfouriertransform,large,warm,200,401.45,401.45,0.0,4.79,396.66,False,,0.0,3.91,0.0,0.87,4.79,7
828,828,fastfouriertransform,large,warm,200,314.27,314.26,0.01,4.85,309.41,False,,0.0,3.94,0.0,0.9,4.85,8
829,829,linpack,small,warm,200,450.21,450.2,0.0,5.11,445.1,False,,0.0,0.34,4.0,0.77,5.1,9
830,830,genmatrix,medium,warm,200,18.57,14.01,4.56,0.26,13.75,False,,0.0,0.03,,0.23,0.26,9
831,831,fetchdata,small,warm,200,90.35,90.34,0.01,81.56,8.78,False,81.53,0.0,0.02,0.0,,81.56,8
832,832,fastfouriertransform,small,cold,200,1359.75,1359.74,0.01,4.77,1354.97,False,,0.0,3.89,0.0,0.88,4.77,6
833,833,genmatrix,small,warm,200,10.61,10.6,0.01,0.11,10.49,False,,0.0,0.02,,0.09,0.11,7
834,834,fetchdata,large,warm,200,92.84,92.84,0.0,83.74,9.1,False,83.71,0.0,0.02,0.0,,83.74,4
835,835,fetchdata,large,warm,200,90.79,90.79,0.0,80.85,9.94,False,80.81,0.0,0.03,0.0,,80.85,4
836,836,fastfouriertransform,small,warm,200,968.74,968.73,0.01,4.8,963.93,False,,0.0,3.91,0.0,0.88,4.8,4
837,837,matrixmul,medium,warm,200,682.78,682.77,0.0,664.08,18.69,False,,0.0,0.47,4.56,659.04,664.08,5
838,838,linpack,large,warm,200,15.72,15.71,0.0,5.18,10.53,False,,0.0,0.38,4.03,0.77,5.18,6
839,839,matrixmul,large,warm,200,18.76,18.76,0.0,4.91,13.85,False,,0.0,0.35,3.99,0.56,4.91,5
840,840,linpack,large,warm,200,17.35,17.34,0.0,5.06,12.28,False,,0.0,0.34,3.98,0.73,5.06,5
841,841,linpack,medium,warm,200,734.26,734.26,0.0,723.31,10.95,False,,0.0,0.36,3.97,718.97,723.31,5
842,842,genmatrix,small,warm,200,10.65,10.65,0.0,0.12,10.53,False,,0.0,0.02,,0.09,0.12,6
843,843,matrixmul,small,warm,200,22.84,22.84,0.0,5.21,17.63,False,,0.0,0.39,4.15,0.67,5.2,6
844,844,matrixmul,medium,warm,200,705.02,705.01,0.0,684.83,20.18,False,,0.0,0.4,4.59,679.83,684.83,5
845,845,genmatrix,medium,warm,200,12.58,12.58,0.0,0.23,12.35,False,,0.0,0.02,,0.21,0.23,6
846,846,linpack,small,warm,200,238.71,238.7,0.0,5.13,233.58,False,,0.0,0.34,4.01,0.76,5.13,3
847,847,genmatrix,large,warm,200,41.54,32.31,9.23,0.79,31.52,False,,0.0,0.02,,0.77,0.79,4
848,848,fastfouriertransform,medium,warm,200,748.6,748.6,0.0,732.07,16.53,False,,0.0,3.86,0.0,728.2,732.06,4
849,849,matrixmul,medium,warm,200,582.06,582.06,0.0,564.85,17.21,False,,0.0,0.38,5.04,559.42,564.85,3
850,850,fastfouriertransform,small,warm,200,559.6,559.6,0.01,4.56,555.04,False,,0.0,3.81,0.0,0.74,4.56,4
851,851,genmatrix,medium,warm,200,13.52,13.52,0.0,0.23,13.29,False,,0.0,0.02,,0.2,0.23,5
852,852,fastfouriertransform,large,warm,200,367.24,367.24,0.0,4.56,362.67,False,,0.0,3.83,0.0,0.73,4.56,4
853,853,fastfouriertransform,large,warm,200,266.66,266.66,0.0,4.51,262.14,False,,0.0,3.79,0.0,0.72,4.51,5
854,854,linpack,large,warm,200,15.49,15.49,0.0,5.11,10.38,False,,0.0,0.34,4.0,0.76,5.1,6
855,855,matrixmul,medium,warm,200,698.03,698.03,0.0,678.91,19.11,False,,0.0,0.37,4.24,674.3,678.91,5
856,856,linpack,large,warm,200,20.2,20.19,0.0,6.03,14.16,False,,0.0,0.35,4.92,0.76,6.03,2
857,857,fastfouriertransform,medium,warm,200,716.83,716.82,0.0,699.92,16.9,False,,0.0,7.76,0.01,692.15,699.92,2
858,858,linpack,large,warm,200,19.76,19.75,0.0,8.7,11.05,False,,0.0,0.37,4.15,4.18,8.7,3
859,859,fetchdata,medium,warm,200,82.42,82.41,0.01,75.34,7.06,False,75.32,0.0,0.02,0.0,,75.34,3
860,860,linpack,medium,warm,200,666.05,666.04,0.0,655.09,10.95,False,,0.0,0.38,4.01,650.7,655.09,3
861,861,linpack,small,warm,200,575.04,575.03,0.0,5.11,569.92,False,,0.0,0.35,4.0,0.75,5.11,4
862,862,fastfouriertransform,medium,warm,200,828.89,828.88,0.0,619.17,209.72,False,,0.0,3.85,0.0,615.31,619.16,4
863,863,fastfouriertransform,medium,warm,200,1446.77,1446.77,0.0,707.37,739.4,False,,0.0,3.82,0.0,703.54,707.37,5
864,864,fastfouriertransform,large,cold,200,1351.85,1351.85,0.0,4.69,1347.16,False,,0.0,3.89,0.0,0.79,4.69,6
865,865,fetchdata,small,warm,200,83.07,83.07,0.0,75.59,7.48,False,75.57,0.0,0.02,0.0,,75.59,6
866,866,fetchdata,large,warm,200,91.41,91.4,0.01,75.9,15.5,False,75.88,0.0,0.02,0.0,,75.9,6
867,867,matrixmul,medium,warm,200,739.38,739.38,0.01,718.83,20.55,False,,0.0,0.39,4.45,713.98,718.83,4
868,868,linpack,large,warm,200,15.05,15.05,0.0,5.18,9.86,False,,0.0,0.34,4.04,0.8,5.18,5
869,869,linpack,small,warm,200,17.72,17.71,0.0,5.07,12.64,False,,0.0,0.34,3.99,0.74,5.07,5
870,870,genmatrix,medium,warm,200,12.13,12.12,0.0,0.21,11.91,False,,0.0,0.02,,0.18,0.21,5
871,871,genmatrix,medium,warm,200,16.79,16.78,0.01,0.2,16.58,False,,0.0,0.02,,0.18,0.2,4
872,872,matrixmul,medium,warm,200,574.24,574.23,0.0,556.75,17.49,False,,0.0,0.43,4.33,551.98,556.75,4
873,873,linpack,small,warm,200,15.41,15.41,0.0,5.19,10.22,False,,0.0,0.34,4.02,0.82,5.19,5
874,874,genmatrix,small,warm,200,15.06,15.05,0.0,0.12,14.94,False,,0.0,0.02,,0.09,0.12,5
875,875,genmatrix,small,warm,200,9.33,9.33,0.0,0.12,9.21,False,,0.0,0.02,,0.09,0.12,4
876,876,linpack,large,warm,200,15.18,15.18,0.0,5.15,10.03,False,,0.0,0.35,4.03,0.76,5.15,4
877,877,matrixmul,medium,warm,200,804.58,804.57,0.0,786.58,17.99,False,,0.0,0.52,6.38,779.68,786.58,4
878,878,genmatrix,large,warm,200,49.38,39.29,10.08,1.06,38.23,False,,0.0,0.02,,1.03,1.06,2
879,879,linpack,small,warm,200,23.93,23.93,0.01,5.26,18.66,False,,0.0,0.39,4.1,0.77,5.26,2
880,880,genmatrix,small,warm,200,10.66,10.66,0.0,0.16,10.5,False,,0.0,0.03,,0.12,0.16,2
881,881,linpack,large,warm,200,19.2,19.19,0.01,5.48,13.7,False,,0.0,0.35,4.35,0.77,5.48,2
882,882,fetchdata,medium,warm,200,82.62,82.61,0.0,75.75,6.87,False,75.72,0.0,0.02,0.0,,75.74,2
883,883,genmatrix,large,warm,200,43.95,34.12,9.82,0.79,33.34,False,,0.0,0.02,,0.76,0.78,2
884,884,matrixmul,small,warm,200,23.21,21.01,2.2,5.31,15.7,False,,0.0,0.39,4.32,0.59,5.31,2
885,885,linpack,large,warm,200,19.03,19.02,0.01,5.33,13.69,False,,0.0,0.37,4.08,0.88,5.33,2
886,886,fastfouriertransform,medium,warm,200,751.14,751.13,0.0,735.33,15.8,False,,0.0,3.88,0.0,731.45,735.33,1
887,887,linpack,medium,warm,200,742.65,742.64,0.0,729.54,13.11,False,,0.0,0.35,4.23,724.95,729.54,2
888,888,genmatrix,small,warm,200,8.29,8.29,0.0,0.11,8.18,False,,0.0,0.02,,0.09,0.11,3
889,889,linpack,small,warm,200,550.75,550.75,0.0,5.26,545.49,False,,0.0,0.45,4.03,0.77,5.26,3
890,890,matrixmul,large,warm,200,25.03,25.03,0.0,5.5,19.53,False,,0.0,0.4,4.41,0.68,5.5,4
891,891,genmatrix,small,warm,200,10.89,10.89,0.0,0.13,10.76,False,,0.0,0.03,,0.1,0.13,4
892,892,genmatrix,medium,warm,200,16.55,16.55,0.0,0.23,16.32,False,,0.0,0.02,,0.2,0.23,4
893,893,fetchdata,small,warm,200,84.95,84.94,0.0,75.11,9.83,False,75.09,0.0,0.02,0.0,,75.11,4
894,894,genmatrix,medium,warm,200,14.23,14.23,0.0,0.22,14.01,False,,0.0,0.02,,0.19,0.22,3
895,895,fetchdata,small,warm,200,84.01,84.01,0.0,75.78,8.23,False,75.75,0.0,0.02,0.0,,75.78,1
896,896,fetchdata,small,warm,200,81.84,81.84,0.0,75.22,6.62,False,75.19,0.0,0.02,0.0,,75.22,1
897,897,fastfouriertransform,medium,warm,200,745.76,745.76,0.0,726.03,19.73,False,,0.0,4.67,0.01,721.35,726.03,1
898,898,fastfouriertransform,large,warm,200,657.92,657.91,0.01,5.01,652.9,False,,0.0,3.99,0.0,1.01,5.01,2
899,899,linpack,large,warm,200,17.0,16.99,0.0,5.49,11.5,False,,0.0,0.4,4.25,0.84,5.49,3
900,900,linpack,small,warm,200,19.09,19.08,0.0,9.27,9.81,False,,0.0,0.4,8.07,0.79,9.27,3
901,901,genmatrix,large,warm,200,47.65,37.45,10.2,0.9,36.55,False,,0.0,0.03,,0.86,0.9,3
902,902,fetchdata,large,warm,200,81.29,81.28,0.0,74.47,6.81,False,74.45,0.0,0.02,0.0,,74.47,3
903,903,matrixmul,small,warm,200,20.58,20.57,0.0,5.15,15.42,False,,0.0,0.36,4.02,0.76,5.15,3
904,904,fetchdata,small,warm,200,90.55,90.54,0.01,78.99,11.55,False,78.96,0.0,0.02,0.0,,78.99,3
905,905,linpack,small,warm,200,20.9,20.9,0.01,5.15,15.75,False,,0.0,0.35,4.04,0.76,5.15,1
906,906,matrixmul,small,warm,200,24.46,24.46,0.01,7.07,17.39,False,,0.0,0.38,6.03,0.66,7.07,1
907,907,matrixmul,medium,warm,200,564.42,564.42,0.01,546.78,17.64,False,,0.0,0.38,4.29,542.1,546.78,1
908,908,fetchdata,medium,warm,200,82.45,82.44,0.0,74.91,7.53,False,74.88,0.0,0.02,0.0,,74.91,2
909,909,linpack,medium,warm,200,728.97,728.96,0.0,716.76,12.21,False,,0.0,0.34,4.0,712.42,716.76,2
910,910,matrixmul,small,warm,200,28.24,28.24,0.0,7.7,20.54,False,,0.0,0.4,6.37,0.92,7.69,3
911,911,linpack,small,warm,200,538.3,538.3,0.0,5.24,533.06,False,,0.0,0.36,4.1,0.77,5.24,3
912,912,genmatrix,medium,warm,200,16.14,16.14,0.0,0.22,15.92,False,,0.0,0.02,,0.19,0.22,4
913,913,fetchdata,medium,warm,200,82.74,82.73,0.0,75.11,7.63,False,75.08,0.0,0.02,0.0,,75.11,3
914,914,linpack,medium,warm,200,957.85,957.85,0.0,718.56,239.29,False,,0.0,0.35,4.03,714.17,718.56,3
915,915,matrixmul,medium,warm,200,577.85,577.85,0.01,562.51,15.34,False,,0.0,0.36,4.02,558.12,562.51,4
916,916,matrixmul,large,warm,200,23.94,23.93,0.0,5.53,18.4,False,,0.0,0.41,4.48,0.64,5.53,5
917,917,linpack,medium,warm,200,1379.05,1379.05,0.0,715.31,663.74,False,,0.0,0.34,4.33,710.63,715.3,3
918,918,fetchdata,small,warm,200,87.08,87.08,0.0,79.37,7.7,False,79.35,0.0,0.02,0.0,,79.37,4
919,919,linpack,small,cold,200,1187.76,1187.75,0.01,6.06,1181.69,False,,0.0,0.41,4.75,0.89,6.06,4
920,920,genmatrix,small,warm,200,9.78,9.77,0.0,0.11,9.66,False,,0.0,0.02,,0.09,0.11,5
921,921,matrixmul,medium,warm,200,715.03,715.02,0.01,696.66,18.36,False,,0.0,0.4,4.35,691.91,696.66,4
922,922,linpack,small,warm,200,899.85,899.84,0.01,5.8,894.04,False,,0.0,0.4,4.3,1.09,5.8,5
923,923,linpack,small,warm,200,811.29,811.29,0.0,5.46,805.83,False,,0.0,0.44,4.18,0.83,5.46,6
924,924,genmatrix,small,warm,200,17.3,17.29,0.0,0.16,17.14,False,,0.0,0.03,,0.12,0.15,6
925,925,fetchdata,medium,warm,200,85.3,85.29,0.0,77.84,7.45,False,77.82,0.0,0.02,0.0,,77.84,6
926,926,matrixmul,large,warm,200,25.28,25.28,0.0,5.18,20.1,False,,0.0,0.39,4.16,0.62,5.18,6
927,927,fetchdata,medium,warm,200,83.2,83.2,0.0,75.94,7.25,False,75.92,0.0,0.02,0.0,,75.94,6
928,928,fastfouriertransform,small,warm,200,26.27,26.27,0.0,5.1,21.17,False,,0.0,3.88,0.0,1.21,5.1,6
929,929,matrixmul,medium,warm,200,691.58,691.58,0.0,675.15,16.43,False,,0.0,0.38,4.44,670.32,675.15,5
930,930,fastfouriertransform,medium,warm,200,769.31,769.31,0.0,751.41,17.9,False,,0.0,6.88,0.0,744.52,751.41,6
931,931,fastfouriertransform,medium,warm,200,1464.37,1464.36,0.0,795.85,668.52,False,,0.0,3.92,0.0,791.91,795.84,4
932,932,linpack,medium,warm,200,729.47,729.47,0.01,715.73,13.74,False,,0.0,0.35,4.16,711.21,715.73,4
933,933,fetchdata,medium,warm,200,131.41,131.4,0.0,123.67,7.73,False,123.64,0.0,0.02,0.0,,123.67,5
934,934,fastfouriertransform,medium,cold,200,1942.3,1942.3,0.0,761.74,1180.56,False,,0.0,3.9,0.0,757.82,761.73,6
935,935,fetchdata,small,warm,200,81.44,81.43,0.0,74.66,6.77,False,74.63,0.0,0.02,0.0,,74.66,6
936,936,genmatrix,small,warm,200,8.76,8.76,0.0,0.11,8.65,False,,0.0,0.02,,0.09,0.11,5
937,937,genmatrix,small,warm,200,10.31,10.3,0.0,0.14,10.16,False,,0.0,0.02,,0.12,0.14,5
938,938,fetchdata,small,warm,200,92.39,92.39,0.0,82.0,10.39,False,81.97,0.0,0.03,0.0,,82.0,4
939,939,genmatrix,medium,warm,200,13.98,13.97,0.0,0.22,13.76,False,,0.0,0.02,,0.19,0.22,4
940,940,fetchdata,large,warm,200,83.15,83.15,0.0,75.23,7.92,False,75.21,0.0,0.02,0.0,,75.23,3
941,941,matrixmul,medium,warm,200,566.89,566.89,0.0,549.25,17.64,False,,0.0,0.36,4.0,544.88,549.25,3
942,942,linpack,small,warm,200,15.94,15.93,0.0,5.16,10.77,False,,0.0,0.37,4.02,0.76,5.16,4
943,943,fastfouriertransform,small,warm,200,277.06,277.06,0.0,4.85,272.21,False,,0.0,3.92,0.0,0.92,4.85,4
944,944,genmatrix,small,warm,200,9.52,9.51,0.0,0.13,9.39,False,,0.0,0.03,,0.1,0.13,5
945,945,fetchdata,large,warm,200,90.9,90.89,0.0,79.79,11.1,False,79.76,0.0,0.02,0.0,,79.79,5
946,946,linpack,large,warm,200,18.77,18.77,0.0,6.24,12.53,False,,0.0,0.38,4.68,1.17,6.24,3
947,947,matrixmul,small,warm,200,22.7,22.69,0.0,5.58,17.11,False,,0.0,0.4,4.46,0.72,5.58,2
948,948,genmatrix,small,warm,200,9.38,9.38,0.0,0.1,9.27,False,,0.0,0.02,,0.08,0.1,2
949,949,genmatrix,small,warm,200,7.54,7.53,0.0,0.11,7.43,False,,0.0,0.02,,0.08,0.11,2
950,950,fastfouriertransform,small,warm,200,348.86,348.85,0.01,4.87,343.99,False,,0.0,3.95,0.0,0.91,4.86,2
951,951,matrixmul,large,warm,200,21.01,21.01,0.0,4.93,16.08,False,,0.0,0.35,4.0,0.58,4.93,3
952,952,linpack,medium,warm,200,755.74,755.73,0.01,741.98,13.75,False,,0.0,0.36,4.13,737.48,741.98,3
953,953,fastfouriertransform,small,warm,200,56.32,56.31,0.01,4.87,51.45,False,,0.0,4.02,0.0,0.84,4.86,4
954,954,matrixmul,large,warm,200,22.78,22.77,0.0,5.57,17.2,False,,0.0,0.41,4.46,0.69,5.57,2
955,955,linpack,small,warm,200,463.85,463.84,0.0,5.26,458.58,False,,0.0,0.36,4.08,0.81,5.26,2
956,956,linpack,large,warm,200,371.96,371.95,0.01,5.42,366.53,False,,0.0,0.39,4.11,0.93,5.42,3
957,957,fetchdata,large,warm,200,83.73,83.73,0.0,75.87,7.85,False,75.85,0.0,0.02,0.0,,75.87,4
958,958,fetchdata,medium,warm,200,88.73,88.72,0.0,80.99,7.74,False,80.96,0.0,0.02,0.0,,80.99,4
959,959,matrixmul,small,warm,200,24.07,24.06,0.01,5.68,18.39,False,,0.0,0.4,4.6,0.68,5.67,4
960,960,linpack,medium,warm,200,730.47,730.46,0.0,718.84,11.63,False,,0.0,0.37,4.15,714.31,718.83,1
961,961,fetchdata,large,warm,200,83.43,83.42,0.0,75.53,7.89,False,75.5,0.0,0.02,0.0,,75.53,2
962,962,matrixmul,small,warm,200,21.97,21.97,0.0,5.49,16.48,False,,0.0,0.38,4.48,0.63,5.49,2
963,963,fastfouriertransform,large,warm,200,18.8,18.79,0.0,4.57,14.22,False,,0.0,3.85,0.0,0.71,4.57,2
964,964,genmatrix,small,warm,200,7.62,7.61,0.0,0.1,7.51,False,,0.0,0.02,,0.08,0.1,2
965,965,linpack,large,warm,200,240.87,240.86,0.01,5.87,234.99,False,,0.0,0.35,4.59,0.93,5.87,2
966,966,linpack,large,warm,200,147.99,147.99,0.01,5.35,142.63,False,,0.0,0.37,4.09,0.89,5.35,3
967,967,linpack,small,warm,200,53.97,53.96,0.0,5.61,48.35,False,,0.0,0.43,4.3,0.88,5.61,4
968,968,matrixmul,medium,warm,200,554.66,554.65,0.0,537.95,16.7,False,,0.0,0.36,4.01,533.57,537.95,1
969,969,fastfouriertransform,large,warm,200,20.17,20.17,0.0,4.7,15.47,False,,0.0,3.88,0.0,0.81,4.69,2
970,970,matrixmul,medium,warm,200,704.67,697.18,7.5,682.26,14.91,False,,0.0,0.38,4.47,677.41,682.26,2
971,971,genmatrix,large,warm,200,50.93,36.53,14.39,0.82,35.71,False,,0.0,0.02,,0.8,0.82,3
972,972,fastfouriertransform,medium,warm,200,775.76,775.76,0.0,755.04,20.71,False,,0.0,3.95,0.0,751.08,755.04,3
973,973,fastfouriertransform,medium,warm,200,1438.94,1438.93,0.01,759.86,679.07,False,,0.0,4.02,0.0,755.83,759.86,4
974,974,fetchdata,large,warm,200,83.73,83.73,0.0,75.87,7.86,False,75.84,0.0,0.02,0.0,,75.86,4
975,975,fastfouriertransform,large,cold,200,1240.14,1240.13,0.01,4.8,1235.33,False,,0.0,3.92,0.0,0.87,4.8,4
976,976,genmatrix,small,warm,200,7.26,7.26,0.0,0.1,7.15,False,,0.0,0.02,,0.08,0.1,5
977,977,fastfouriertransform,medium,cold,200,1786.19,1786.19,0.01,730.51,1055.68,False,,0.0,4.1,0.0,726.4,730.51,5
978,978,linpack,medium,warm,200,714.62,714.61,0.0,702.51,12.1,False,,0.0,0.34,4.01,698.15,702.51,5
979,979,fetchdata,large,warm,200,90.05,90.04,0.01,79.43,10.61,False,79.41,0.0,0.02,0.0,,79.43,6
980,980,matrixmul,large,warm,200,24.88,24.87,0.01,5.65,19.22,False,,0.0,0.45,4.51,0.69,5.65,5
981,981,matrixmul,large,warm,200,28.0,27.99,0.01,7.87,20.12,False,,0.0,0.56,6.39,0.91,7.87,5
982,982,fetchdata,small,warm,200,83.07,83.07,0.0,75.32,7.75,False,75.3,0.0,0.02,0.0,,75.32,5
983,983,fastfouriertransform,large,warm,200,456.74,456.73,0.01,5.21,451.52,False,,0.0,3.96,0.01,1.22,5.21,5
984,984,matrixmul,small,warm,200,26.61,26.6,0.01,7.91,18.7,False,,0.0,0.57,6.42,0.91,7.91,6
985,985,genmatrix,small,warm,200,8.94,8.93,0.01,0.11,8.82,False,,0.0,0.02,,0.09,0.11,6
986,986,fastfouriertransform,small,warm,200,896.2,896.19,0.01,4.79,891.4,False,,0.0,3.94,0.0,0.84,4.79,5
987,987,fastfouriertransform,medium,warm,200,1556.39,1556.39,0.01,759.93,796.46,False,,0.0,3.98,0.0,755.93,759.92,6
988,988,genmatrix,large,warm,200,47.76,37.42,10.34,0.95,36.47,False,,0.0,0.02,,0.92,0.95,4
989,989,matrixmul,large,warm,200,21.99,21.98,0.01,5.21,16.78,False,,0.0,0.36,4.24,0.6,5.21,4
990,990,matrixmul,medium,warm,200,725.76,725.75,0.0,709.95,15.8,False,,0.0,0.38,4.45,705.11,709.95,4
991,991,fastfouriertransform,large,cold,200,1167.12,1167.11,0.01,4.99,1162.12,False,,0.0,4.0,0.01,0.98,4.99,5
992,992,fetchdata,medium,warm,200,92.38,92.38,0.0,82.53,9.85,False,82.5,0.0,0.02,0.0,,82.53,6
993,993,genmatrix,small,warm,200,11.92,11.92,0.0,0.11,11.81,False,,0.0,0.02,,0.08,0.11,6
994,994,genmatrix,medium,warm,200,14.78,14.77,0.0,0.22,14.55,False,,0.0,0.02,,0.2,0.22,6
995,995,fastfouriertransform,medium,warm,200,1496.1,1496.09,0.01,725.5,770.6,False,,0.0,3.96,0.0,721.52,725.5,4
996,996,matrixmul,medium,warm,200,863.8,863.79,0.0,725.09,138.71,False,,0.0,0.36,4.34,720.38,725.08,5
997,997,matrixmul,medium,warm,200,1453.66,1453.65,0.01,686.81,766.84,False,,0.0,0.54,6.41,679.85,686.81,6
998,998,genmatrix,small,warm,200,9.81,9.8,0.01,0.11,9.69,False,,0.0,0.02,,0.09,0.11,6
999,999,matrixmul,large,cold,200,1271.2,1271.2,0.01,5.54,1265.66,False,,0.0,0.37,4.5,0.67,5.54,6
1000,1000,matrixmul,medium,cold,200,1958.88,1958.87,0.01,770.2,1188.67,False,,0.0,0.39,4.45,765.36,770.2,7
1001,1001,linpack,medium,warm,200,720.29,720.28,0.01,706.57,13.7,False,,0.0,0.37,4.78,701.41,706.57,8
1002,1002,fastfouriertransform,large,warm,200,797.13,797.13,0.0,4.98,792.15,False,,0.0,4.0,0.01,0.97,4.98,9
1003,1003,matrixmul,small,cold,200,1673.06,1673.05,0.01,5.51,1667.54,False,,0.0,0.41,4.45,0.65,5.51,8
1004,1004,matrixmul,large,cold,200,1583.07,1583.07,0.0,5.56,1577.5,False,,0.0,0.4,4.5,0.66,5.56,9
1005,1005,fetchdata,large,warm,200,83.07,83.06,0.0,75.52,7.54,False,75.5,0.0,0.02,0.0,,75.52,9
1006,1006,genmatrix,medium,warm,200,12.47,12.47,0.0,0.2,12.26,False,,0.0,0.02,,0.18,0.2,9
1007,1007,fastfouriertransform,small,warm,200,309.31,309.3,0.01,4.88,304.42,False,,0.0,3.96,0.0,0.92,4.88,9
1008,1008,genmatrix,large,warm,200,57.98,42.25,15.73,0.86,41.39,False,,0.0,0.02,,0.84,0.86,10
1009,1009,genmatrix,medium,warm,200,17.23,17.23,0.01,0.24,16.99,False,,0.0,0.02,,0.21,0.24,9
1010,1010,matrixmul,large,warm,200,181.59,181.58,0.0,5.51,176.07,False,,0.0,0.38,4.47,0.65,5.51,7
1011,1011,matrixmul,small,warm,200,894.21,894.21,0.0,5.51,888.7,False,,0.0,0.4,4.47,0.64,5.51,7
1012,1012,matrixmul,medium,warm,200,1560.52,1560.51,0.01,755.53,804.98,False,,0.0,0.39,4.54,750.59,755.53,5
1013,1013,matrixmul,small,cold,200,1478.31,1478.31,0.01,7.94,1470.37,False,,0.0,0.55,6.44,0.95,7.94,6
1014,1014,genmatrix,large,warm,200,48.24,37.36,10.88,0.93,36.43,False,,0.0,0.03,,0.9,0.93,7
1015,1015,matrixmul,medium,cold,200,2046.59,2046.59,0.0,761.04,1285.54,False,,0.0,0.58,6.41,754.05,761.04,7
1016,1016,fastfouriertransform,small,warm,200,21.61,21.6,0.0,4.92,16.69,False,,0.0,4.02,0.01,0.88,4.91,8
1017,1017,matrixmul,medium,cold,200,3478.62,3478.62,0.0,784.32,2694.3,False,,0.0,0.52,6.38,777.41,784.32,8
1018,1018,linpack,large,warm,200,17.23,17.22,0.01,5.9,11.32,False,,0.0,0.38,4.78,0.74,5.9,9
1019,1019,fetchdata,small,warm,200,88.78,88.78,0.0,75.89,12.89,False,75.86,0.0,0.02,0.0,,75.88,9
1020,1020,fetchdata,large,warm,200,90.37,90.36,0.01,80.61,9.75,False,80.58,0.0,0.02,0.0,,80.61,5
1021,1021,matrixmul,small,cold,200,1463.56,1463.55,0.01,7.9,1455.65,False,,0.0,0.56,6.38,0.95,7.9,5
1022,1022,fetchdata,small,warm,200,88.93,88.92,0.0,79.27,9.66,False,79.24,0.0,0.02,0.0,,79.26,6
1023,1023,fetchdata,large,warm,200,84.03,84.02,0.01,75.6,8.42,False,75.57,0.0,0.02,0.0,,75.6,6
1024,1024,genmatrix,medium,warm,200,14.76,14.75,0.01,0.25,14.5,False,,0.0,0.02,,0.23,0.25,6
1025,1025,matrixmul,large,cold,200,1082.56,1082.56,0.01,7.97,1074.59,False,,0.0,0.55,6.44,0.97,7.97,6
1026,1026,fastfouriertransform,large,warm,200,23.4,23.39,0.0,4.77,18.63,False,,0.0,3.88,0.0,0.88,4.77,7
1027,1027,fetchdata,large,warm,200,92.09,92.09,0.01,80.59,11.5,False,80.56,0.0,0.02,0.0,,80.59,7
1028,1028,matrixmul,medium,warm,200,1550.93,1550.93,0.0,763.06,787.87,False,,0.0,0.6,6.47,755.97,763.05,5
1029,1029,genmatrix,medium,warm,200,17.47,17.46,0.01,0.23,17.23,False,,0.0,0.03,,0.19,0.23,6
1030,1030,fastfouriertransform,large,warm,200,22.91,22.91,0.0,4.72,18.19,False,,0.0,3.9,0.0,0.81,4.71,6
1031,1031,fetchdata,large,warm,200,87.09,87.08,0.01,77.8,9.28,False,77.78,0.0,0.02,0.0,,77.8,6
1032,1032,genmatrix,medium,warm,200,13.45,13.45,0.01,0.2,13.25,False,,0.0,0.02,,0.18,0.2,6
1033,1033,genmatrix,large,warm,200,52.41,41.9,10.51,0.88,41.02,False,,0.0,0.02,,0.85,0.87,6
1034,1034,genmatrix,small,warm,200,11.42,11.41,0.01,0.13,11.29,False,,0.0,0.03,,0.1,0.13,6
1035,1035,fastfouriertransform,small,warm,200,24.94,24.94,0.0,5.74,19.2,False,,0.0,4.92,0.0,0.81,5.74,6
1036,1036,fetchdata,medium,warm,200,83.55,83.54,0.0,75.8,7.75,False,75.77,0.0,0.02,0.0,,75.8,3
1037,1037,linpack,medium,warm,200,762.37,762.37,0.0,751.94,10.43,False,,0.0,0.35,4.03,747.56,751.94,3
1038,1038,linpack,small,warm,200,670.06,670.05,0.01,5.04,665.01,False,,0.0,0.32,3.98,0.74,5.04,4
1039,1039,genmatrix,medium,warm,200,13.36,13.36,0.0,0.22,13.14,False,,0.0,0.02,,0.2,0.22,5
1040,1040,matrixmul,small,warm,200,371.14,371.14,0.01,7.81,363.33,False,,0.0,0.54,6.36,0.9,7.81,5
1041,1041,linpack,medium,warm,200,1103.42,1103.41,0.01,727.14,376.27,False,,0.0,0.33,3.98,722.82,727.14,6
1042,1042,matrixmul,small,warm,200,188.21,188.2,0.01,7.82,180.38,False,,0.0,0.61,6.33,0.88,7.82,7
1043,1043,fastfouriertransform,small,warm,200,21.6,21.6,0.0,4.6,17.0,False,,0.0,3.84,0.0,0.75,4.6,8
1044,1044,fastfouriertransform,medium,warm,200,784.68,784.67,0.0,763.48,21.2,False,,0.0,3.84,0.0,759.63,763.47,5
1045,1045,fetchdata,large,warm,200,94.37,94.36,0.01,82.43,11.93,False,82.4,0.0,0.02,0.0,,82.43,4
1046,1046,matrixmul,small,warm,200,593.9,593.9,0.0,5.54,588.36,False,,0.0,0.4,4.48,0.66,5.54,4
1047,1047,genmatrix,large,warm,200,62.32,43.09,19.23,0.88,42.2,False,,0.0,0.03,,0.85,0.88,5
1048,1048,genmatrix,large,warm,200,56.01,42.21,13.81,0.99,41.22,False,,0.0,0.03,,0.96,0.99,5
1049,1049,fastfouriertransform,large,warm,200,290.72,290.72,0.0,4.67,286.04,False,,0.0,3.87,0.0,0.79,4.67,5
1050,1050,linpack,medium,warm,200,929.42,929.42,0.0,726.92,202.5,False,,0.0,0.35,4.05,722.53,726.92,6
1051,1051,genmatrix,small,warm,200,8.35,8.35,0.0,0.12,8.23,False,,0.0,0.02,,0.09,0.12,7
1052,1052,fetchdata,medium,warm,200,88.27,88.26,0.01,78.25,10.01,False,78.22,0.0,0.02,0.0,,78.25,3
1053,1053,linpack,small,warm,200,637.66,637.65,0.01,5.34,632.31,False,,0.0,0.33,4.18,0.82,5.34,2
1054,1054,fastfouriertransform,small,warm,200,23.52,23.51,0.0,4.93,18.58,False,,0.0,3.94,0.0,0.98,4.93,3
1055,1055,fetchdata,small,warm,200,83.88,83.88,0.0,75.32,8.56,False,75.29,0.0,0.02,0.0,,75.31,3
1056,1056,matrixmul,small,warm,200,27.11,27.11,0.0,7.82,19.29,False,,0.0,0.56,6.38,0.88,7.82,3
1057,1057,genmatrix,large,warm,200,44.03,34.31,9.72,0.79,33.51,False,,0.0,0.02,,0.77,0.79,3
1058,1058,linpack,medium,warm,200,850.57,850.56,0.0,710.19,140.37,False,,0.0,0.43,4.04,705.71,710.19,3
1059,1059,matrixmul,large,warm,200,24.68,24.68,0.01,4.98,19.7,True,,0.0,0.35,4.02,0.61,4.98,4
1060,1060,fetchdata,large,warm,200,89.15,89.15,0.0,77.58,11.57,False,77.55,0.0,0.03,0.0,,77.58,2
1061,1061,fastfouriertransform,small,warm,200,22.44,22.43,0.01,4.84,17.59,False,,0.0,3.93,0.01,0.9,4.84,2
1062,1062,genmatrix,medium,warm,200,17.61,17.61,0.01,0.22,17.39,False,,0.0,0.03,,0.19,0.22,2
1063,1063,matrixmul,large,warm,200,23.73,23.73,0.0,4.96,18.76,False,,0.0,0.35,4.02,0.59,4.96,2
1064,1064,matrixmul,medium,warm,200,569.82,569.82,0.01,553.04,16.78,False,,0.0,0.35,4.0,548.68,553.04,2
1065,1065,linpack,small,warm,200,152.73,152.73,0.0,5.49,147.24,False,,0.0,0.45,4.25,0.78,5.49,3
1066,1066,fetchdata,medium,warm,200,90.51,90.51,0.01,80.75,9.76,False,80.72,0.0,0.02,0.0,,80.75,4
1067,1067,fastfouriertransform,medium,warm,200,784.2,784.2,0.0,763.45,20.75,False,,0.0,6.25,0.01,757.19,763.45,2
1068,1068,matrixmul,large,warm,200,26.64,26.64,0.01,7.92,18.72,False,,0.0,0.52,6.43,0.96,7.92,3
1069,1069,linpack,medium,warm,200,714.18,714.17,0.0,700.26,13.91,False,,0.0,0.37,4.86,695.02,700.26,3
1070,1070,fetchdata,large,warm,200,83.43,83.42,0.0,75.8,7.63,False,75.77,0.0,0.02,0.0,,75.79,3
1071,1071,linpack,small,warm,200,517.94,517.94,0.0,5.57,512.37,False,,0.0,0.35,4.25,0.96,5.57,3
1072,1072,fetchdata,medium,warm,200,83.42,83.41,0.01,75.7,7.71,False,75.68,0.0,0.02,0.0,,75.7,4
1073,1073,linpack,small,warm,200,324.13,324.12,0.01,5.46,318.67,False,,0.0,0.37,4.07,1.0,5.45,4
1074,1074,fastfouriertransform,large,warm,200,91.23,91.23,0.0,4.89,86.34,False,,0.0,3.97,0.01,0.91,4.89,5
1075,1075,fetchdata,medium,warm,200,88.18,88.18,0.01,77.68,10.5,False,77.65,0.0,0.02,0.0,,77.67,4
1076,1076,fetchdata,small,warm,200,83.22,83.21,0.01,75.31,7.9,False,75.29,0.0,0.02,0.0,,75.31,4
1077,1077,genmatrix,large,warm,200,44.4,35.18,9.22,0.92,34.26,False,,0.0,0.02,,0.89,0.92,1
1078,1078,fetchdata,medium,warm,200,83.95,83.95,0.0,75.1,8.85,False,75.07,0.0,0.02,0.0,,75.09,1
1079,1079,linpack,medium,warm,200,735.32,735.32,0.0,724.59,10.73,False,,0.0,0.35,4.01,720.23,724.59,1
1080,1080,fastfouriertransform,medium,warm,200,758.04,758.03,0.01,738.88,19.15,False,,0.0,3.91,0.0,734.96,738.88,2
1081,1081,fetchdata,large,warm,200,88.93,88.92,0.0,80.62,8.31,False,80.58,0.0,0.02,0.0,,80.61,3
1082,1082,linpack,medium,warm,200,1142.97,1142.96,0.0,706.63,436.34,False,,0.0,0.33,4.03,702.26,706.62,3
1083,1083,fetchdata,large,warm,200,82.82,82.81,0.01,75.15,7.66,False,75.12,0.0,0.02,0.0,,75.15,4
1084,1084,genmatrix,large,warm,200,48.96,33.28,15.69,0.86,32.42,False,,0.0,0.02,,0.83,0.86,4
1085,1085,linpack,small,warm,200,851.67,851.66,0.01,5.15,846.51,False,,0.0,0.36,4.04,0.75,5.15,4
1086,1086,linpack,large,warm,200,766.97,766.96,0.0,5.11,761.85,False,,0.0,0.35,4.0,0.75,5.11,5
1087,1087,fetchdata,large,warm,200,88.97,88.97,0.0,80.4,8.57,False,80.37,0.0,0.02,0.0,,80.4,5
1088,1088,linpack,small,warm,200,556.19,556.19,0.0,5.16,551.03,False,,0.0,0.35,4.03,0.78,5.16,4
1089,1089,fetchdata,large,warm,200,85.91,85.9,0.01,77.02,8.88,False,77.0,0.0,0.02,0.0,,77.02,5
1090,1090,linpack,large,warm,200,373.04,373.03,0.01,5.17,367.86,False,,0.0,0.37,4.04,0.76,5.17,5
1091,1091,linpack,medium,warm,200,988.99,988.99,0.0,716.12,272.86,False,,0.0,0.5,4.02,711.61,716.12,6
1092,1092,linpack,small,warm,200,898.52,898.52,0.0,5.41,893.1,False,,0.0,0.37,4.27,0.77,5.41,7
1093,1093,fastfouriertransform,small,warm,200,20.6,20.59,0.01,4.66,15.93,False,,0.0,3.88,0.0,0.77,4.66,8
1094,1094,fastfouriertransform,large,warm,200,24.62,24.62,0.0,6.3,18.32,False,,0.0,5.41,0.01,0.88,6.29,3
1095,1095,linpack,medium,warm,200,1313.26,1313.25,0.01,713.13,600.13,False,,0.0,0.35,4.05,708.72,713.12,3
1096,1096,fetchdata,large,warm,200,83.57,83.57,0.0,75.72,7.85,False,75.69,0.0,0.02,0.0,,75.72,4
1097,1097,matrixmul,large,warm,200,22.94,22.93,0.0,5.42,17.51,False,,0.0,0.37,4.17,0.87,5.42,4
1098,1098,fastfouriertransform,medium,warm,200,729.23,729.22,0.01,711.23,17.99,False,,0.0,3.86,0.0,707.36,711.22,4
1099,1099,linpack,medium,warm,200,1636.45,1636.45,0.01,713.42,923.03,False,,0.0,0.43,4.23,708.75,713.41,5
1100,1100,genmatrix,medium,warm,200,11.66,11.66,0.0,0.21,11.45,False,,0.0,0.02,,0.18,0.21,6
1101,1101,fetchdata,large,warm,200,94.16,94.16,0.0,85.83,8.33,False,85.8,0.0,0.03,0.0,,85.83,4
1102,1102,matrixmul,medium,warm,200,701.9,701.9,0.0,680.81,21.09,False,,0.0,0.42,4.52,675.87,680.81,4
1103,1103,matrixmul,small,warm,200,23.6,23.6,0.01,5.41,18.19,False,,0.0,0.36,4.3,0.73,5.41,5
1104,1104,fastfouriertransform,small,warm,200,135.19,135.19,0.0,4.63,130.56,False,,0.0,3.87,0.0,0.75,4.63,5
1105,1105,matrixmul,medium,warm,200,575.16,575.15,0.01,559.56,15.6,False,,0.0,0.35,4.12,555.08,559.55,6
1106,1106,matrixmul,medium,warm,200,1015.38,1015.37,0.01,530.9,484.47,False,,0.0,0.42,4.29,526.17,530.9,5
1107,1107,fetchdata,medium,warm,200,87.93,87.92,0.01,79.57,8.35,False,79.54,0.0,0.03,0.0,,79.57,6
1108,1108,linpack,small,warm,200,735.87,735.87,0.0,5.41,730.45,False,,0.0,0.35,4.14,0.91,5.41,6
1109,1109,genmatrix,large,warm,200,46.75,35.61,11.14,0.97,34.64,False,,0.0,0.03,,0.94,0.97,6
1110,1110,genmatrix,large,warm,200,54.51,40.77,13.74,0.94,39.82,False,,0.0,0.03,,0.91,0.94,5
1111,1111,genmatrix,medium,warm,200,14.62,14.61,0.01,0.21,14.4,False,,0.0,0.02,,0.19,0.21,4
1112,1112,fetchdata,medium,warm,200,82.78,82.77,0.01,75.24,7.53,False,75.21,0.0,0.02,0.0,,75.23,4
1113,1113,linpack,large,warm,200,245.45,245.45,0.01,5.36,240.08,False,,0.0,0.38,4.08,0.89,5.36,4
1114,1114,fastfouriertransform,medium,warm,200,754.07,754.07,0.01,736.76,17.31,False,,0.0,3.87,0.0,732.87,736.76,5
1115,1115,fetchdata,medium,warm,200,89.39,89.38,0.01,78.92,10.46,False,78.89,0.0,0.02,0.0,,78.92,6
1116,1116,fastfouriertransform,medium,warm,200,1308.94,1308.94,0.01,745.03,563.91,False,,0.0,3.86,0.0,741.16,745.03,3
1117,1117,matrixmul,small,warm,200,22.65,22.64,0.01,5.34,17.3,False,,0.0,0.37,4.35,0.61,5.34,3
1118,1118,fetchdata,small,warm,200,82.86,82.86,0.01,76.08,6.78,False,76.05,0.0,0.02,0.0,,76.08,3
1119,1119,fastfouriertransform,medium,cold,200,1740.52,1740.52,0.0,732.65,1007.87,False,,0.0,3.88,0.0,728.76,732.65,3
1120,1120,matrixmul,large,warm,200,21.58,21.57,0.01,5.24,16.33,False,,0.0,0.36,4.27,0.6,5.24,4
1121,1121,matrixmul,small,warm,200,27.63,27.63,0.01,5.71,21.92,False,,0.0,0.41,4.54,0.76,5.71,4
1122,1122,fetchdata,medium,warm,200,89.35,89.34,0.01,78.24,11.11,False,78.21,0.0,0.02,0.0,,78.24,3
1123,1123,linpack,large,warm,200,18.94,18.94,0.01,7.48,11.46,False,,0.0,0.47,6.15,0.85,7.47,3
1124,1124,genmatrix,small,warm,200,10.77,10.77,0.01,0.14,10.63,False,,0.0,0.03,,0.1,0.14,3
1125,1125,fetchdata,medium,warm,200,87.15,87.14,0.01,78.65,8.49,False,78.62,0.0,0.02,0.0,,78.65,3
1126,1126,linpack,medium,warm,200,710.83,710.82,0.0,699.05,11.77,False,,0.0,0.34,4.0,694.71,699.05,3
1127,1127,matrixmul,medium,warm,200,559.94,559.93,0.01,545.88,14.05,False,,0.0,0.35,3.97,541.54,545.88,4
1128,1128,matrixmul,small,warm,200,22.93,22.92,0.01,5.59,17.34,False,,0.0,0.38,4.54,0.66,5.58,5
1129,1129,fastfouriertransform,medium,warm,200,1478.24,1478.23,0.01,737.93,740.3,False,,0.0,3.86,0.0,734.06,737.93,5
1130,1130,linpack,medium,warm,200,1037.45,1037.45,0.01,727.85,309.6,False,,0.0,0.34,4.01,723.49,727.84,5
1131,1131,fetchdata,small,warm,200,83.27,83.26,0.01,75.86,7.4,False,75.84,0.0,0.02,0.0,,75.86,6
1132,1132,linpack,medium,warm,200,1538.68,1538.68,0.01,698.07,840.6,False,,0.0,0.37,4.04,693.67,698.07,6
1133,1133,fastfouriertransform,small,cold,200,1087.8,1087.8,0.0,4.68,1083.12,False,,0.0,3.87,0.0,0.81,4.68,6
1134,1134,genmatrix,medium,warm,200,11.77,11.76,0.01,0.21,11.55,False,,0.0,0.02,,0.19,0.21,6
1135,1135,linpack,large,cold,200,1246.76,1246.76,0.01,5.23,1241.52,False,,0.0,0.34,4.07,0.82,5.23,6
1136,1136,matrixmul,medium,warm,200,574.18,574.18,0.01,555.94,18.24,False,,0.0,0.39,4.17,551.38,555.93,7
1137,1137,linpack,small,cold,200,1054.36,1054.36,0.01,5.23,1049.13,False,,0.0,0.38,4.08,0.76,5.22,7
1138,1138,fastfouriertransform,medium,warm,200,1328.32,1328.31,0.01,740.84,587.48,False,,0.0,3.87,0.0,736.96,740.83,8
1139,1139,fetchdata,medium,warm,200,84.41,84.4,0.01,77.74,6.66,False,77.71,0.0,0.02,0.0,,77.74,9
1140,1140,genmatrix,medium,warm,200,12.2,12.19,0.01,0.2,11.99,False,,0.0,0.02,,0.18,0.2,9
1141,1141,genmatrix,small,warm,200,7.73,7.73,0.0,0.11,7.62,False,,0.0,0.02,,0.09,0.11,8
1142,1142,matrixmul,small,warm,200,21.21,21.21,0.01,5.08,16.12,False,,0.0,0.36,4.14,0.59,5.08,7
1143,1143,linpack,large,warm,200,461.05,461.04,0.01,5.31,455.73,False,,0.0,0.44,4.04,0.83,5.31,7
1144,1144,fetchdata,medium,warm,200,86.4,86.39,0.0,78.8,7.59,False,78.78,0.0,0.02,0.0,,78.8,6
1145,1145,linpack,medium,warm,200,975.3,975.3,0.0,717.15,258.15,False,,0.0,0.35,4.1,712.7,717.15,6
1146,1146,fastfouriertransform,medium,warm,200,1274.3,1274.3,0.0,743.11,531.19,False,,0.0,4.06,0.01,739.03,743.11,7
1147,1147,linpack,medium,warm,200,1480.52,1480.51,0.01,705.26,775.26,False,,0.0,0.39,4.01,700.84,705.26,8
1148,1148,linpack,medium,cold,200,2116.4,2116.4,0.0,728.12,1388.28,False,,0.0,0.34,4.01,723.76,728.11,5
1149,1149,linpack,large,cold,200,2021.52,2021.52,0.0,5.12,2016.4,False,,0.0,0.34,4.04,0.73,5.12,6
1150,1150,linpack,small,cold,200,1928.54,1928.54,0.01,5.16,1923.38,False,,0.0,0.43,4.0,0.73,5.16,7
1151,1151,fetchdata,small,warm,200,88.34,88.34,0.01,79.71,8.63,False,79.69,0.0,0.02,0.0,,79.71,8
1152,1152,matrixmul,medium,warm,200,553.3,553.3,0.0,537.11,16.19,False,,0.0,0.37,4.14,532.59,537.11,7
1153,1153,genmatrix,large,warm,200,50.46,38.03,12.43,0.84,37.2,False,,0.0,0.03,,0.81,0.84,8
1154,1154,genmatrix,small,warm,200,9.24,9.23,0.01,0.11,9.13,False,,0.0,0.02,,0.08,0.1,8
1155,1155,fetchdata,large,warm,200,84.6,84.59,0.01,77.2,7.39,False,77.18,0.0,0.02,0.0,,77.2,7
1156,1156,linpack,medium,cold,200,2031.79,2031.79,0.0,703.54,1328.25,False,,0.0,0.33,3.94,699.26,703.54,7
1157,1157,linpack,small,cold,200,1939.16,1939.16,0.0,5.13,1934.03,False,,0.0,0.36,4.01,0.75,5.13,8
1158,1158,fastfouriertransform,small,warm,200,83.3,83.29,0.01,5.14,78.15,False,,0.0,4.05,0.01,1.08,5.14,8
1159,1159,fetchdata,large,warm,200,86.56,86.56,0.01,78.44,8.12,False,78.41,0.0,0.02,0.0,,78.44,7
1160,1160,genmatrix,medium,warm,200,16.19,16.19,0.01,0.22,15.97,False,,0.0,0.02,,0.19,0.22,7
1161,1161,linpack,medium,error,502,84.36,84.36,0.0,,,,,,,,,,7
1162,1162,fetchdata,large,warm,200,82.81,82.81,0.01,75.0,7.8,False,74.98,0.0,0.02,0.0,,75.0,6
1163,1163,linpack,small,cold,200,1345.03,1345.02,0.01,5.12,1339.9,False,,0.0,0.34,4.02,0.76,5.12,6
1164,1164,genmatrix,large,warm,200,49.4,35.64,13.76,0.82,34.82,False,,0.0,0.02,,0.8,0.82,7
1165,1165,genmatrix,small,warm,200,9.62,9.61,0.01,0.13,9.48,False,,0.0,0.02,,0.1,0.13,7
1166,1166,matrixmul,large,warm,200,21.91,21.91,0.0,5.0,16.91,False,,0.0,0.38,4.02,0.6,5.0,7
1167,1167,genmatrix,large,warm,200,49.57,41.45,8.12,0.84,40.61,False,,0.0,0.02,,0.81,0.84,7
1168,1168,genmatrix,large,warm,200,45.67,33.66,12.02,0.88,32.78,False,,0.0,0.02,,0.85,0.87,7
1169,1169,linpack,large,cold,200,2932.2,2932.2,0.01,5.55,2926.65,False,,0.0,0.52,4.19,0.83,5.55,7
1170,1170,matrixmul,large,warm,200,21.72,21.71,0.01,5.51,16.2,False,,0.0,0.37,4.48,0.65,5.51,5
1171,1171,linpack,medium,warm,200,1270.47,1270.46,0.0,721.78,548.68,False,,0.0,0.37,3.99,717.42,721.78,5
1172,1172,matrixmul,small,warm,200,25.76,25.76,0.0,5.21,20.54,False,,0.0,0.37,4.18,0.67,5.21,6
1173,1173,genmatrix,medium,warm,200,13.21,13.2,0.0,0.22,12.99,False,,0.0,0.02,,0.19,0.22,6
1174,1174,fastfouriertransform,medium,warm,200,760.42,760.41,0.01,743.23,17.18,False,,0.0,3.91,0.0,739.31,743.23,6
1175,1175,linpack,medium,warm,200,1575.94,1575.94,0.01,704.77,871.16,False,,0.0,0.34,3.98,700.45,704.77,7
1176,1176,fastfouriertransform,large,warm,200,569.49,569.49,0.0,5.11,564.38,False,,0.0,4.11,0.01,0.99,5.11,8
1177,1177,matrixmul,medium,warm,200,573.64,573.63,0.01,557.38,16.25,False,,0.0,0.34,4.25,552.78,557.38,6
1178,1178,linpack,large,cold,200,1283.6,1283.59,0.01,5.12,1278.47,False,,0.0,0.35,4.02,0.76,5.12,7
1179,1179,fetchdata,large,warm,200,84.68,84.67,0.01,75.83,8.84,False,75.8,0.0,0.02,0.0,,75.83,8
1180,1180,fastfouriertransform,large,warm,200,176.44,176.43,0.0,4.89,171.54,False,,0.0,3.93,0.0,0.95,4.89,8
1181,1181,matrixmul,small,warm,200,20.23,20.23,0.01,5.34,14.89,False,,0.0,0.37,4.36,0.61,5.34,9
1182,1182,linpack,large,warm,200,889.88,889.87,0.01,5.23,884.64,False,,0.0,0.36,4.05,0.81,5.22,6
1183,1183,linpack,medium,warm,200,1508.4,1508.4,0.0,717.82,790.57,False,,0.0,0.37,4.02,713.43,717.82,6
1184,1184,fetchdata,large,warm,200,85.56,85.55,0.0,77.48,8.07,False,77.45,0.0,0.02,0.0,,77.48,6
1185,1185,fetchdata,small,warm,200,89.83,89.82,0.01,78.05,11.77,False,78.02,0.0,0.02,0.0,,78.05,6
1186,1186,linpack,large,cold,200,1217.26,1217.25,0.0,5.36,1211.9,False,,0.0,0.44,4.05,0.86,5.36,6
1187,1187,fastfouriertransform,small,warm,200,21.13,21.13,0.0,4.94,16.19,False,,0.0,4.05,0.01,0.87,4.94,7
1188,1188,fastfouriertransform,medium,warm,200,762.15,762.15,0.0,744.66,17.49,False,,0.0,3.92,0.0,740.73,744.66,7
1189,1189,genmatrix,medium,warm,200,12.17,12.16,0.0,0.21,11.95,False,,0.0,0.02,,0.18,0.21,8
1190,1190,fetchdata,medium,warm,200,84.29,84.28,0.01,75.44,8.84,False,75.42,0.0,0.02,0.0,,75.44,8
1191,1191,fetchdata,medium,warm,200,89.98,89.97,0.0,81.19,8.78,False,81.16,0.0,0.02,0.0,,81.19,5
1192,1192,linpack,large,warm,200,623.42,623.41,0.0,5.48,617.93,False,,0.0,0.44,4.25,0.79,5.48,5
1193,1193,matrixmul,large,warm,200,31.37,24.15,7.22,5.8,18.35,False,,0.0,0.37,4.53,0.9,5.8,6
1194,1194,fastfouriertransform,large,warm,200,172.46,172.45,0.0,4.93,167.52,False,,0.0,3.97,0.0,0.95,4.93,6
1195,1195,fetchdata,large,warm,200,82.76,82.75,0.01,75.53,7.22,False,75.51,0.0,0.02,0.0,,75.53,7
1196,1196,fetchdata,large,warm,200,83.26,83.25,0.01,77.11,6.15,False,77.08,0.0,0.02,0.0,,77.11,5
1197,1197,genmatrix,large,warm,200,42.53,32.3,10.23,0.79,31.51,False,,0.0,0.02,,0.77,0.79,5
1198,1198,matrixmul,large,warm,200,26.41,26.41,0.01,5.05,21.36,False,,0.0,0.38,4.05,0.61,5.05,5
1199,1199,matrixmul,medium,warm,200,696.53,696.52,0.0,676.99,19.53,False,,0.0,0.39,4.52,672.08,676.99,1
1200,1200,fetchdata,medium,warm,200,84.35,84.34,0.0,76.81,7.53,False,76.79,0.0,0.02,0.0,,76.81,2
1201,1201,linpack,medium,warm,200,757.06,757.05,0.01,731.7,25.36,False,,0.0,0.4,4.15,727.13,731.69,2
1202,1202,linpack,medium,warm,200,1352.57,1352.56,0.0,705.17,647.39,False,,0.0,0.37,4.09,700.71,705.17,3
1203,1203,genmatrix,large,warm,200,44.16,34.2,9.96,0.86,33.34,False,,0.0,0.02,,0.84,0.86,4
1204,1204,matrixmul,small,warm,200,21.28,21.28,0.0,5.34,15.94,False,,0.0,0.57,4.19,0.58,5.34,4
1205,1205,fetchdata,medium,warm,200,92.68,92.67,0.01,83.8,8.87,False,83.77,0.0,0.03,0.0,,83.8,4
1206,1206,linpack,medium,warm,200,1673.24,1673.23,0.01,719.03,954.2,False,,0.0,0.37,4.08,714.58,719.03,3
1207,1207,fetchdata,medium,warm,200,83.67,83.67,0.01,76.22,7.44,False,76.19,0.0,0.02,0.0,,76.22,4
1208,1208,genmatrix,large,warm,200,42.52,34.55,7.97,0.82,33.73,False,,0.0,0.02,,0.79,0.82,4
1209,1209,fetchdata,large,warm,200,83.0,83.0,0.0,76.35,6.65,False,76.33,0.0,0.02,0.0,,76.35,3
1210,1210,matrixmul,medium,warm,200,575.96,575.96,0.0,560.39,15.57,False,,0.0,0.34,4.1,555.95,560.39,3
1211,1211,matrixmul,medium,warm,200,721.48,711.17,10.31,690.38,20.79,False,,0.0,0.38,4.5,685.5,690.38,4
1212,1212,linpack,large,cold,200,1079.16,1079.16,0.0,5.19,1073.97,False,,0.0,0.34,4.04,0.8,5.19,5
1213,1213,genmatrix,medium,warm,200,13.42,13.41,0.0,0.22,13.19,False,,0.0,0.02,,0.2,0.22,6
1214,1214,fastfouriertransform,large,warm,200,26.1,26.1,0.01,5.49,20.6,False,,0.0,4.01,0.0,1.47,5.49,6
1215,1215,linpack,medium,warm,200,723.75,723.75,0.0,703.95,19.8,True,,0.0,0.75,4.79,698.39,703.94,6
1216,1216,matrixmul,medium,warm,200,565.71,565.71,0.0,542.05,23.66,False,,0.0,0.36,4.02,537.65,542.04,5
1217,1217,fetchdata,medium,warm,200,82.81,82.81,0.0,76.01,6.8,False,75.99,0.0,0.02,0.0,,76.01,6
1218,1218,fastfouriertransform,medium,warm,200,762.2,762.19,0.01,744.89,17.3,False,,0.0,3.89,0.0,741.0,744.89,6
1219,1219,fastfouriertransform,medium,warm,200,1401.88,1401.87,0.01,737.95,663.92,False,,0.0,3.94,0.0,734.0,737.95,6
1220,1220,matrixmul,large,warm,200,21.22,21.22,0.01,5.37,15.84,False,,0.0,0.39,4.33,0.65,5.37,7
1221,1221,genmatrix,large,warm,200,49.19,41.43,7.76,1.92,39.51,False,,0.0,0.02,,1.89,1.92,7
1222,1222,matrixmul,small,warm,200,21.1,21.09,0.0,5.2,15.89,False,,0.0,0.38,4.13,0.68,5.2,6
1223,1223,fetchdata,large,warm,200,90.82,90.82,0.0,83.24,7.58,False,83.21,0.0,0.02,0.0,,83.23,3
1224,1224,genmatrix,large,warm,200,38.78,32.61,6.17,0.77,31.84,False,,0.0,0.02,,0.75,0.77,3
1225,1225,genmatrix,small,warm,200,8.45,8.44,0.0,0.11,8.34,False,,0.0,0.02,,0.09,0.11,3
1226,1226,fastfouriertransform,large,warm,200,711.86,711.86,0.0,5.06,706.8,False,,0.0,3.97,0.0,1.07,5.05,2
1227,1227,linpack,small,warm,200,16.19,16.18,0.0,5.33,10.85,False,,0.0,0.44,4.07,0.81,5.33,3
1228,1228,fetchdata,small,warm,200,88.28,88.28,0.0,80.41,7.87,False,80.38,0.0,0.02,0.0,,80.41,3
1229,1229,linpack,small,warm,200,14.57,14.56,0.0,5.32,9.24,False,,0.0,0.42,4.06,0.84,5.32,3
1230,1230,fetchdata,small,warm,200,83.12,83.11,0.0,76.71,6.4,False,76.68,0.0,0.02,0.0,,76.7,3
1231,1231,fastfouriertransform,medium,warm,200,950.34,950.33,0.01,738.76,211.57,False,,0.0,4.1,0.01,734.65,738.76,3
1232,1232,genmatrix,large,warm,200,44.07,36.24,7.83,0.94,35.3,False,,0.0,0.06,,0.88,0.94,4
1233,1233,matrixmul,small,warm,200,23.88,23.88,0.01,5.01,18.87,False,,0.0,0.38,4.04,0.58,5.01,4
1234,1234,fetchdata,small,warm,200,141.19,141.19,0.0,132.66,8.53,False,132.63,0.0,0.02,0.0,,132.66,2
1235,1235,linpack,small,warm,200,14.88,14.88,0.0,5.29,9.58,False,,0.0,0.36,4.05,0.88,5.29,3
1236,1236,matrixmul,large,warm,200,26.58,24.7,1.88,7.76,16.94,False,,0.0,0.54,6.34,0.88,7.76,2
1237,1237,matrixmul,medium,warm,200,688.47,688.47,0.01,669.97,18.5,False,,0.0,0.37,4.26,665.34,669.97,2
1238,1238,fetchdata,medium,warm,200,81.78,81.76,0.01,75.15,6.62,False,75.12,0.0,0.02,0.0,,75.15,3
1239,1239,genmatrix,medium,warm,200,11.55,11.54,0.0,0.21,11.33,False,,0.0,0.02,,0.18,0.21,3
1240,1240,fastfouriertransform,small,warm,200,59.31,59.3,0.0,4.65,54.65,False,,0.0,3.88,0.0,0.77,4.65,3
1241,1241,linpack,small,warm,200,16.54,16.54,0.01,5.83,10.71,False,,0.0,0.34,4.66,0.82,5.82,2
1242,1242,linpack,large,warm,200,15.74,15.74,0.0,5.58,10.16,False,,0.0,0.38,4.24,0.94,5.57,2
1243,1243,fastfouriertransform,small,warm,200,21.3,21.3,0.0,5.18,16.11,False,,0.0,4.24,0.01,0.93,5.18,2
1244,1244,matrixmul,small,warm,200,19.58,19.57,0.01,5.15,14.42,False,,0.0,0.37,4.2,0.59,5.15,1
1245,1245,fastfouriertransform,medium,warm,200,761.11,761.1,0.0,745.71,15.39,False,,0.0,3.9,0.0,741.8,745.71,1
1246,1246,matrixmul,small,warm,200,25.17,25.17,0.0,5.02,20.15,False,,0.0,0.39,4.04,0.59,5.02,2
1247,1247,genmatrix,small,warm,200,10.91,10.91,0.0,0.12,10.79,False,,0.0,0.02,,0.09,0.12,2
1248,1248,fastfouriertransform,medium,warm,200,1206.06,1206.06,0.0,738.55,467.5,False,,0.0,3.89,0.0,734.65,738.55,2
1249,1249,linpack,large,warm,200,17.01,17.01,0.0,5.72,11.29,False,,0.0,0.42,4.42,0.88,5.72,3
1250,1250,fastfouriertransform,medium,cold,200,1742.11,1742.11,0.0,735.87,1006.24,False,,0.0,3.83,0.0,732.03,735.87,3
1251,1251,genmatrix,medium,warm,200,13.19,11.48,1.71,0.21,11.27,False,,0.0,0.02,,0.18,0.21,4
1252,1252,linpack,large,warm,200,14.07,14.06,0.0,5.09,8.98,False,,0.0,0.34,3.97,0.76,5.09,4
1253,1253,matrixmul,small,warm,200,26.51,24.83,1.68,6.88,17.95,False,,0.0,0.36,5.62,0.89,6.88,3
1254,1254,linpack,medium,warm,200,735.33,735.33,0.0,719.82,15.51,False,,0.0,0.43,4.15,715.23,719.82,3
1255,1255,genmatrix,small,warm,200,9.49,9.48,0.0,0.15,9.33,False,,0.0,0.03,,0.11,0.15,4
1256,1256,fastfouriertransform,medium,cold,200,1877.17,1877.16,0.01,730.23,1146.94,False,,0.0,3.88,0.0,726.33,730.22,4
1257,1257,fetchdata,large,warm,200,94.97,94.96,0.0,83.6,11.36,False,83.57,0.0,0.02,0.0,,83.6,5
1258,1258,matrixmul,large,warm,200,21.26,21.26,0.0,5.55,15.71,False,,0.0,0.38,4.49,0.68,5.54,5
1259,1259,genmatrix,large,warm,200,42.87,35.62,7.25,0.88,34.74,False,,0.0,0.02,,0.85,0.88,5
1260,1260,fetchdata,small,warm,200,93.09,93.09,0.0,84.51,8.58,False,84.47,0.0,0.03,0.0,,84.51,5
1261,1261,genmatrix,medium,warm,200,16.14,16.13,0.01,0.24,15.89,False,,0.0,0.03,,0.2,0.24,4
1262,1262,linpack,large,warm,200,18.37,18.36,0.01,5.39,12.98,False,,0.0,0.39,4.14,0.86,5.39,3
1263,1263,fetchdata,small,warm,200,82.46,82.45,0.0,75.64,6.82,False,75.61,0.0,0.02,0.0,,75.64,3
1264,1264,linpack,large,warm,200,15.45,15.45,0.0,5.06,10.39,False,,0.0,0.37,3.96,0.72,5.06,3
1265,1265,matrixmul,medium,warm,200,576.37,574.5,1.86,560.3,14.2,False,,0.0,0.35,4.01,555.94,560.3,3
1266,1266,linpack,medium,warm,200,716.36,716.35,0.0,707.21,9.15,False,,0.0,0.35,4.01,702.84,707.21,4
1267,1267,fastfouriertransform,medium,warm,200,1507.98,1507.97,0.01,729.22,778.75,False,,0.0,4.05,0.01,725.16,729.22,5
1268,1268,fastfouriertransform,small,cold,200,1417.16,1417.15,0.01,5.14,1412.02,False,,0.0,4.12,0.01,1.01,5.14,5
1269,1269,fetchdata,medium,warm,200,82.98,82.98,0.01,75.65,7.33,False,75.62,0.0,0.02,0.0,,75.65,6
1270,1270,genmatrix,small,warm,200,8.95,8.95,0.0,0.22,8.73,False,,0.0,0.03,,0.19,0.22,6
1271,1271,fastfouriertransform,medium,cold,200,2651.14,2651.13,0.01,726.81,1924.33,False,,0.0,4.01,0.01,722.78,726.8,5
1272,1272,matrixmul,small,warm,200,27.98,27.98,0.01,7.86,20.11,False,,0.0,0.52,6.4,0.93,7.86,6
1273,1273,matrixmul,medium,warm,200,578.61,578.6,0.0,560.57,18.03,False,,0.0,0.37,4.01,556.19,560.57,6
1274,1274,genmatrix,medium,warm,200,12.34,12.34,0.0,0.22,12.12,False,,0.0,0.02,,0.2,0.22,6
1275,1275,linpack,large,warm,200,17.81,17.81,0.0,7.26,10.55,False,,0.0,0.38,4.24,2.64,7.26,5
1276,1276,linpack,small,warm,200,15.41,15.41,0.01,5.32,10.08,False,,0.0,0.39,4.06,0.87,5.32,5
1277,1277,genmatrix,large,warm,200,48.19,37.78,10.41,1.05,36.72,False,,0.0,0.03,,1.02,1.05,5
1278,1278,genmatrix,large,warm,200,46.15,33.18,12.96,0.78,32.41,False,,0.0,0.02,,0.75,0.78,5
1279,1279,fetchdata,small,warm,200,82.13,82.12,0.0,74.94,7.19,False,74.91,0.0,0.02,0.0,,74.93,4
1280,1280,fastfouriertransform,medium,warm,200,1016.47,1016.47,0.01,795.49,220.97,False,,0.0,4.03,0.01,791.45,795.49,4
1281,1281,genmatrix,small,warm,200,8.92,8.92,0.0,0.11,8.81,False,,0.0,0.02,,0.08,0.1,5
1282,1282,matrixmul,large,warm,200,23.83,23.82,0.01,5.62,18.21,False,,0.0,0.38,4.54,0.69,5.61,5
1283,1283,linpack,large,warm,200,16.48,16.47,0.01,5.18,11.29,False,,0.0,0.35,4.01,0.81,5.18,3
1284,1284,genmatrix,large,warm,200,56.54,43.49,13.05,1.19,42.3,False,,0.0,0.02,,1.16,1.19,3
1285,1285,fastfouriertransform,large,warm,200,524.14,524.13,0.01,4.81,519.33,False,,0.0,3.93,0.0,0.87,4.81,3
1286,1286,genmatrix,medium,warm,200,13.78,12.15,1.62,0.23,11.92,False,,0.0,0.03,,0.2,0.23,4
1287,1287,linpack,small,warm,200,17.68,17.67,0.01,6.02,11.66,False,,0.0,0.35,4.87,0.79,6.02,4
1288,1288,fetchdata,small,warm,200,84.65,84.65,0.0,77.26,7.39,False,77.23,0.0,0.02,0.0,,77.26,4
1289,1289,matrixmul,small,warm,200,25.7,25.7,0.0,5.09,20.6,False,,0.0,0.37,4.09,0.62,5.09,4
1290,1290,matrixmul,large,warm,200,28.27,28.26,0.01,7.83,20.43,False,,0.0,0.53,6.4,0.9,7.83,4
1291,1291,linpack,medium,warm,200,729.99,729.99,0.01,720.22,9.77,False,,0.0,0.4,4.0,715.81,720.22,2
1292,1292,matrixmul,large,warm,200,19.4,17.8,1.59,4.91,12.89,False,,0.0,0.36,3.98,0.56,4.91,3
1293,1293,linpack,medium,warm,200,725.31,725.3,0.01,716.29,9.01,False,,0.0,0.34,3.97,711.98,716.28,3
1294,1294,linpack,large,warm,200,633.66,633.66,0.01,5.15,628.5,False,,0.0,0.34,4.02,0.78,5.15,4
1295,1295,fetchdata,small,warm,200,83.67,83.66,0.0,76.58,7.08,False,76.56,0.0,0.02,0.0,,76.58,5
1296,1296,linpack,small,warm,200,240.94,240.94,0.01,5.36,235.58,False,,0.0,0.39,4.09,0.87,5.36,5
1297,1297,linpack,medium,warm,200,1056.31,1056.3,0.0,723.04,333.26,False,,0.0,0.37,4.1,718.57,723.04,6
1298,1298,linpack,large,warm,200,50.8,50.8,0.0,5.86,44.94,False,,0.0,0.39,4.16,1.3,5.85,6
1299,1299,genmatrix,small,warm,200,7.94,7.93,0.01,0.11,7.82,False,,0.0,0.02,,0.09,0.11,4
1300,1300,linpack,small,warm,200,14.69,14.68,0.0,5.63,9.05,False,,0.0,0.36,4.45,0.82,5.63,4
1301,1301,fastfouriertransform,large,warm,200,20.66,20.66,0.01,4.71,15.95,False,,0.0,3.9,0.0,0.8,4.71,2
1302,1302,linpack,small,warm,200,16.49,16.49,0.0,5.3,11.19,False,,0.0,0.37,4.02,0.91,5.3,2
1303,1303,linpack,large,warm,200,18.19,18.18,0.01,6.98,11.2,False,,0.0,0.4,4.98,1.59,6.98,2
1304,1304,fetchdata,small,warm,200,85.56,85.56,0.01,77.57,7.98,False,77.54,0.0,0.02,0.0,,77.57,2
1305,1305,genmatrix,large,warm,200,46.58,39.91,6.67,0.92,38.99,False,,0.0,0.03,,0.89,0.92,2
1306,1306,matrixmul,small,warm,200,25.1,25.09,0.0,7.83,17.26,False,,0.0,0.56,6.38,0.88,7.83,2
1307,1307,fetchdata,large,warm,200,83.01,83.0,0.01,76.38,6.62,False,76.36,0.0,0.02,0.0,,76.38,2
1308,1308,linpack,medium,warm,200,724.42,724.42,0.0,713.17,11.25,False,,0.0,0.34,3.97,708.85,713.17,1
1309,1309,fastfouriertransform,large,warm,200,22.92,22.91,0.01,6.46,16.45,False,,0.0,5.69,0.0,0.77,6.46,2
1310,1310,matrixmul,small,warm,200,22.69,22.69,0.01,5.68,17.0,False,,0.0,0.4,4.6,0.67,5.68,2
1311,1311,matrixmul,small,warm,200,22.4,22.39,0.01,7.83,14.56,False,,0.0,0.41,6.83,0.58,7.83,2
1312,1312,linpack,medium,warm,200,724.67,724.67,0.0,715.05,9.61,False,,0.0,0.35,5.36,709.34,715.05,2
1313,1313,matrixmul,large,warm,200,19.9,19.9,0.0,5.1,14.79,False,,0.0,0.42,4.08,0.61,5.1,3
1314,1314,fastfouriertransform,large,warm,200,22.4,22.39,0.01,4.75,17.65,False,,0.0,3.92,0.0,0.81,4.75,3
1315,1315,matrixmul,large,warm,200,20.12,20.11,0.0,5.25,14.86,False,,0.0,0.36,4.25,0.63,5.25,3
1316,1316,genmatrix,large,warm,200,44.94,38.02,6.91,0.8,37.22,False,,0.0,0.02,,0.77,0.8,2
1317,1317,fastfouriertransform,medium,warm,200,750.35,750.35,0.01,734.52,15.82,False,,0.0,7.94,0.01,726.57,734.52,2
1318,1318,genmatrix,small,warm,200,8.13,8.13,0.0,0.15,7.98,False,,0.0,0.06,,0.09,0.15,3
1319,1319,fetchdata,large,warm,200,81.27,81.27,0.0,75.29,5.98,False,75.26,0.0,0.02,0.0,,75.29,3
1320,1320,fastfouriertransform,small,warm,200,461.73,461.73,0.0,4.96,456.77,False,,0.0,3.93,0.0,1.02,4.96,2
1321,1321,matrixmul,medium,warm,200,671.5,669.89,1.61,653.0,16.89,False,,0.0,0.52,6.36,646.11,653.0,3
1322,1322,fastfouriertransform,large,warm,200,267.32,267.31,0.0,4.86,262.46,False,,0.0,3.95,0.0,0.89,4.85,4
1323,1323,fastfouriertransform,small,warm,200,173.42,173.41,0.0,4.92,168.49,False,,0.0,4.01,0.0,0.9,4.92,5
1324,1324,matrixmul,small,warm,200,22.14,22.14,0.0,5.32,16.82,False,,0.0,0.37,4.19,0.76,5.32,6
1325,1325,genmatrix,medium,warm,200,13.73,12.18,1.55,0.25,11.93,False,,0.0,0.02,,0.22,0.25,2
1326,1326,fetchdata,small,warm,200,82.15,82.14,0.0,75.41,6.74,False,75.38,0.0,0.02,0.0,,75.41,2
1327,1327,matrixmul,medium,warm,200,567.29,567.29,0.01,552.16,15.13,False,,0.0,0.36,4.0,547.79,552.15,2
1328,1328,matrixmul,medium,warm,200,717.14,717.13,0.01,699.98,17.15,False,,0.0,0.52,6.36,693.1,699.98,2
1329,1329,matrixmul,medium,warm,200,916.28,916.27,0.01,540.77,375.5,False,,0.0,0.4,4.32,536.05,540.77,3
1330,1330,fastfouriertransform,large,warm,200,26.85,26.85,0.01,8.71,18.14,False,,0.0,7.85,0.0,0.84,8.71,4
1331,1331,linpack,small,warm,200,20.47,20.46,0.01,7.96,12.5,False,,0.0,0.35,6.76,0.84,7.96,4
1332,1332,genmatrix,small,warm,200,9.25,9.24,0.0,0.12,9.12,False,,0.0,0.02,,0.09,0.12,4
1333,1333,fetchdata,large,warm,200,82.54,82.54,0.01,76.48,6.06,False,76.46,0.0,0.02,0.0,,76.48,3
1334,1334,matrixmul,large,warm,200,135.38,135.37,0.0,7.77,127.6,False,,0.0,0.51,6.36,0.9,7.77,3
1335,1335,fetchdata,large,warm,200,85.39,85.39,0.0,77.98,7.41,False,77.95,0.0,0.03,0.0,,77.98,4
1336,1336,fetchdata,small,warm,200,85.24,85.23,0.01,77.42,7.81,False,77.39,0.0,0.02,0.0,,77.42,2
1337,1337,fastfouriertransform,medium,warm,200,797.39,797.38,0.0,780.11,17.27,False,,0.0,4.36,0.01,775.73,780.11,2
1338,1338,matrixmul,large,warm,200,21.5,21.49,0.0,5.64,15.86,False,,0.0,0.4,4.54,0.69,5.64,3
1339,1339,linpack,medium,warm,200,727.93,727.92,0.0,718.43,9.49,False,,0.0,0.36,4.11,713.95,718.43,2
1340,1340,linpack,medium,warm,200,743.31,743.31,0.0,733.96,9.35,False,,0.0,0.35,4.01,729.6,733.96,3
1341,1341,fetchdata,small,warm,200,84.16,84.16,0.01,76.6,7.56,False,76.57,0.0,0.02,0.0,,76.59,4
1342,1342,matrixmul,medium,warm,200,572.98,571.61,1.37,556.26,15.34,False,,0.0,0.41,4.45,551.4,556.26,4
1343,1343,fetchdata,medium,warm,200,83.59,83.59,0.0,76.48,7.1,False,76.46,0.0,0.02,0.0,,76.48,5
1344,1344,fetchdata,large,warm,200,81.65,81.65,0.0,75.36,6.29,False,75.34,0.0,0.02,0.0,,75.36,5
1345,1345,fastfouriertransform,small,warm,200,21.76,21.76,0.01,4.94,16.81,False,,0.0,3.99,0.0,0.94,4.94,4
1346,1346,matrixmul,large,warm,200,19.99,19.99,0.01,5.52,14.47,False,,0.02,0.38,4.48,0.63,5.52,4
1347,1347,fastfouriertransform,small,warm,200,18.69,18.69,0.0,4.62,14.06,False,,0.0,3.84,0.0,0.77,4.62,3
1348,1348,fetchdata,small,warm,200,81.66,81.66,0.0,75.83,5.83,False,75.81,0.0,0.02,0.0,,75.83,1
1349,1349,fastfouriertransform,large,warm,200,21.06,21.06,0.0,4.89,16.16,False,,0.0,3.9,0.0,0.98,4.89,1
1350,1350,fastfouriertransform,medium,warm,200,797.23,797.22,0.0,780.47,16.75,False,,0.0,4.25,0.01,776.21,780.47,1
1351,1351,linpack,large,warm,200,15.64,15.64,0.01,5.29,10.34,False,,0.0,0.34,4.09,0.85,5.29,2
1352,1352,fastfouriertransform,small,warm,200,606.64,606.64,0.01,4.94,601.7,False,,0.0,3.99,0.01,0.94,4.94,2
1353,1353,fastfouriertransform,medium,warm,200,1260.69,1260.68,0.01,753.92,506.76,False,,0.0,4.15,0.01,749.76,753.92,3
1354,1354,matrixmul,small,warm,200,19.01,19.01,0.0,5.14,13.86,False,,0.0,0.36,4.18,0.6,5.14,4
1355,1355,linpack,small,warm,200,16.0,16.0,0.0,5.31,10.69,False,,0.0,0.38,4.09,0.83,5.3,4
1356,1356,fastfouriertransform,small,warm,200,968.86,968.85,0.0,5.17,963.68,False,,0.0,4.18,0.01,0.98,5.17,4
1357,1357,linpack,medium,warm,200,742.27,742.27,0.01,731.38,10.88,False,,0.0,0.39,4.14,726.85,731.38,5
1358,1358,fetchdata,large,warm,200,82.71,82.7,0.01,76.24,6.47,False,76.21,0.0,0.02,0.0,,76.23,5
1359,1359,linpack,medium,warm,200,708.35,708.34,0.01,698.62,9.72,False,,0.0,0.36,4.03,694.23,698.62,4
1360,1360,linpack,large,warm,200,615.43,615.42,0.0,5.42,610.0,False,,0.0,0.39,4.14,0.89,5.42,5
1361,1361,genmatrix,small,warm,200,7.21,7.21,0.0,0.11,7.1,False,,0.0,0.02,,0.08,0.11,6
1362,1362,genmatrix,small,warm,200,7.42,7.42,0.0,0.11,7.31,False,,0.0,0.02,,0.08,0.11,6
1363,1363,linpack,small,warm,200,150.76,150.75,0.01,5.59,145.16,False,,0.0,0.39,4.25,0.94,5.59,6
1364,1364,matrixmul,medium,warm,200,562.26,560.91,1.35,546.14,14.78,False,,0.0,0.44,4.73,540.96,546.14,7
1365,1365,genmatrix,small,warm,200,9.38,9.38,0.0,0.34,9.04,False,,0.0,0.03,,0.3,0.34,6
1366,1366,linpack,large,warm,200,14.51,14.51,0.0,5.88,8.62,False,,0.0,0.36,4.78,0.74,5.88,4
1367,1367,fetchdata,large,warm,200,87.41,87.41,0.01,81.24,6.17,False,81.21,0.0,0.02,0.0,,81.24,2
1368,1368,matrixmul,large,warm,200,20.96,19.52,1.44,5.26,14.26,False,,0.0,0.37,4.26,0.63,5.26,2
1369,1369,matrixmul,small,warm,200,23.57,22.29,1.28,5.96,16.33,False,,0.0,0.42,4.67,0.86,5.96,2
1370,1370,genmatrix,large,warm,200,46.03,39.06,6.97,0.84,38.23,False,,0.0,0.02,,0.81,0.84,1
1371,1371,matrixmul,large,warm,200,26.7,25.2,1.5,7.98,17.22,False,,0.0,0.52,6.49,0.96,7.97,1
1372,1372,genmatrix,large,warm,200,52.73,40.25,12.48,0.89,39.36,False,,0.0,0.03,,0.86,0.89,1
1373,1373,matrixmul,medium,warm,200,731.47,731.47,0.01,715.34,16.13,False,,0.0,0.38,4.53,710.42,715.33,1
1374,1374,fetchdata,medium,warm,200,81.68,81.68,0.0,74.96,6.72,False,74.93,0.0,0.02,0.0,,74.96,2
1375,1375,matrixmul,small,warm,200,18.8,18.79,0.0,4.89,13.9,False,,0.0,0.34,3.99,0.56,4.89,2
1376,1376,linpack,medium,warm,200,736.44,736.43,0.0,723.52,12.91,False,,0.0,0.36,4.3,718.85,723.52,2
1377,1377,fetchdata,small,warm,200,85.21,85.21,0.0,76.71,8.5,False,76.68,0.0,0.02,0.0,,76.71,3
1378,1378,genmatrix,large,warm,200,48.08,40.13,7.95,0.95,39.18,False,,0.0,0.03,,0.91,0.95,3
1379,1379,fetchdata,medium,warm,200,82.9,82.89,0.0,75.73,7.16,False,75.71,0.0,0.02,0.0,,75.73,3
1380,1380,fastfouriertransform,large,warm,200,18.53,18.53,0.0,4.68,13.85,False,,0.0,3.89,0.0,0.78,4.68,3
1381,1381,matrixmul,medium,warm,200,577.72,577.72,0.01,563.56,14.15,False,,0.0,0.36,4.41,558.78,563.56,2
1382,1382,linpack,large,warm,200,18.18,18.18,0.0,6.07,12.11,False,,0.0,0.47,4.62,0.97,6.07,3
1383,1383,fetchdata,medium,warm,200,84.02,84.02,0.01,77.92,6.1,False,77.89,0.0,0.02,0.0,,77.92,3
1384,1384,fetchdata,medium,warm,200,83.14,83.14,0.01,74.84,8.3,False,74.81,0.0,0.02,0.0,,74.84,2
1385,1385,fetchdata,medium,warm,200,83.06,83.05,0.01,76.48,6.58,False,76.45,0.0,0.02,0.0,,76.48,2
1386,1386,fastfouriertransform,medium,warm,200,770.95,770.94,0.0,754.99,15.95,False,,0.0,4.74,0.0,750.24,754.98,2
1387,1387,genmatrix,small,warm,200,7.67,7.66,0.0,0.11,7.56,False,,0.0,0.02,,0.08,0.11,2
1388,1388,linpack,large,warm,200,15.71,15.7,0.01,5.14,10.56,False,,0.0,0.35,4.01,0.77,5.14,2
1389,1389,fetchdata,small,warm,200,84.53,84.52,0.01,77.99,6.53,False,77.96,0.0,0.02,0.0,,77.99,2
1390,1390,genmatrix,medium,warm,200,13.93,11.88,2.05,0.25,11.63,False,,0.0,0.02,,0.22,0.25,2
1391,1391,linpack,large,warm,200,14.6,14.59,0.01,5.15,9.44,False,,0.0,0.35,4.04,0.76,5.15,2
1392,1392,fastfouriertransform,small,warm,200,177.28,177.28,0.0,4.69,172.59,False,,0.0,3.87,0.0,0.81,4.68,2
1393,1393,fetchdata,large,warm,200,82.67,82.67,0.01,76.28,6.38,False,76.26,0.0,0.02,0.0,,76.28,3
1394,1394,linpack,small,warm,200,14.76,14.76,0.0,5.16,9.6,False,,0.0,0.34,4.07,0.75,5.16,1
1395,1395,matrixmul,small,warm,200,20.86,20.85,0.01,5.07,15.78,False,,0.0,0.4,4.07,0.6,5.07,1
1396,1396,genmatrix,medium,warm,200,12.39,12.39,0.01,0.22,12.17,False,,0.0,0.02,,0.19,0.22,1
1397,1397,fastfouriertransform,small,warm,200,21.37,21.36,0.01,5.04,16.32,False,,0.0,4.03,0.01,1.0,5.04,1
1398,1398,fetchdata,large,warm,200,84.85,84.85,0.0,77.9,6.95,False,77.87,0.0,0.02,0.0,,77.9,1
1399,1399,fastfouriertransform,large,warm,200,18.53,18.53,0.0,4.6,13.92,False,,0.0,3.86,0.0,0.73,4.6,1
1400,1400,matrixmul,small,warm,200,25.94,24.37,1.57,7.37,16.99,False,,0.0,0.51,5.83,1.03,7.37,1
1401,1401,linpack,large,warm,200,16.18,16.17,0.01,5.39,10.78,False,,0.0,0.38,4.1,0.91,5.39,1
1402,1402,fetchdata,medium,warm,200,86.98,86.98,0.01,78.16,8.82,False,78.13,0.0,0.02,0.0,,78.15,1
1403,1403,fetchdata,large,warm,200,81.28,81.27,0.01,75.13,6.14,False,75.11,0.0,0.02,0.0,,75.13,1
1404,1404,genmatrix,medium,warm,200,12.41,11.23,1.19,0.21,11.01,False,,0.0,0.02,,0.19,0.21,1
1405,1405,matrixmul,medium,warm,200,681.45,680.03,1.42,663.42,16.62,False,,0.0,0.38,4.46,658.57,663.41,1
1406,1406,linpack,large,warm,200,15.38,15.37,0.0,5.2,10.17,False,,0.0,0.37,4.04,0.79,5.2,2
1407,1407,genmatrix,medium,warm,200,14.93,14.92,0.01,0.25,14.67,False,,0.0,0.03,,0.21,0.25,2
1408,1408,genmatrix,medium,warm,200,14.23,12.95,1.28,0.36,12.59,False,,0.0,0.03,,0.33,0.36,2
1409,1409,linpack,medium,warm,200,751.31,751.31,0.0,741.51,9.79,False,,0.0,0.36,4.28,736.87,741.51,2
1410,1410,matrixmul,small,warm,200,20.36,19.06,1.31,5.04,14.02,False,,0.0,0.39,4.04,0.61,5.04,3
1411,1411,matrixmul,medium,warm,200,555.13,555.13,0.0,540.84,14.28,False,,0.0,0.36,3.96,536.51,540.84,3
1412,1412,fetchdata,medium,warm,200,84.63,84.62,0.01,77.47,7.15,False,77.45,0.0,0.02,0.0,,77.47,3
1413,1413,genmatrix,medium,warm,200,13.61,12.3,1.31,0.21,12.09,False,,0.0,0.02,,0.19,0.21,3
1414,1414,fastfouriertransform,large,warm,200,24.05,24.05,0.0,4.73,19.32,False,,0.0,3.94,0.0,0.78,4.72,3
1415,1415,fetchdata,large,warm,200,81.85,81.85,0.0,76.57,5.28,False,76.54,0.0,0.02,0.0,,76.57,3
1416,1416,fetchdata,small,warm,200,81.92,81.92,0.01,76.3,5.62,False,76.27,0.0,0.02,0.0,,76.29,3
1417,1417,genmatrix,large,warm,200,39.05,33.18,5.87,0.82,32.36,False,,0.0,0.02,,0.79,0.82,1
1418,1418,linpack,large,warm,200,15.82,15.82,0.01,5.12,10.7,False,,0.0,0.35,4.0,0.76,5.12,1
1419,1419,matrixmul,medium,warm,200,720.55,718.12,2.43,698.39,19.73,False,,0.0,0.59,6.51,691.28,698.39,1
1420,1420,fetchdata,small,warm,200,92.0,92.0,0.0,84.19,7.8,False,84.17,0.0,0.02,0.0,,84.19,2
1421,1421,genmatrix,small,warm,200,8.94,8.93,0.0,0.15,8.79,False,,0.0,0.03,,0.12,0.15,2
1422,1422,matrixmul,large,warm,200,22.98,22.97,0.01,5.24,17.73,False,,0.0,0.43,4.18,0.62,5.24,2
1423,1423,fetchdata,medium,warm,200,85.4,85.4,0.01,76.62,8.78,False,76.59,0.0,0.02,0.0,,76.62,2
1424,1424,linpack,large,warm,200,14.71,14.71,0.0,5.05,9.66,False,,0.0,0.34,3.97,0.74,5.05,2
1425,1425,genmatrix,medium,warm,200,13.27,11.97,1.3,0.32,11.66,False,,0.0,0.02,,0.29,0.32,2
1426,1426,matrixmul,large,warm,200,49.66,25.52,24.15,5.13,20.39,False,,0.0,0.39,4.1,0.63,5.13,2
1427,1427,matrixmul,medium,warm,200,580.65,578.26,2.39,562.01,16.25,False,,0.0,0.36,4.88,556.75,562.0,1
1428,1428,fetchdata,large,warm,200,81.81,81.81,0.01,75.12,6.69,False,75.09,0.0,0.02,0.0,,75.12,2
1429,1429,genmatrix,small,warm,200,7.34,7.33,0.01,0.12,7.22,False,,0.0,0.02,,0.09,0.12,2
1430,1430,fetchdata,large,warm,200,81.51,81.51,0.01,74.81,6.7,False,74.79,0.0,0.02,0.0,,74.81,2
1431,1431,linpack,medium,warm,200,736.55,736.54,0.0,725.22,11.32,False,,0.0,0.36,4.1,720.76,725.22,2
1432,1432,fetchdata,large,warm,200,88.87,88.86,0.0,81.18,7.69,False,81.15,0.0,0.02,0.0,,81.18,3
1433,1433,fastfouriertransform,large,warm,200,23.4,23.39,0.01,7.86,15.53,False,,0.0,3.89,0.0,3.96,7.86,2
1434,1434,fastfouriertransform,small,warm,200,22.26,22.26,0.01,6.4,15.86,False,,0.0,5.54,0.0,0.85,6.4,2
1435,1435,fastfouriertransform,small,warm,200,19.46,19.46,0.01,4.73,14.72,False,,0.0,3.88,0.0,0.84,4.73,2
1436,1436,matrixmul,small,warm,200,23.65,22.44,1.21,5.08,17.37,False,,0.0,0.36,4.04,0.67,5.07,2
1437,1437,fetchdata,small,warm,200,81.74,81.73,0.01,75.1,6.63,False,75.08,0.0,0.02,0.0,,75.1,2
1438,1438,fetchdata,small,warm,200,85.22,85.21,0.0,78.65,6.57,False,78.62,0.0,0.02,0.0,,78.65,2
1439,1439,fetchdata,large,warm,200,89.89,89.88,0.01,82.33,7.55,False,82.29,0.0,0.04,0.0,,82.33,1
1440,1440,matrixmul,medium,warm,200,565.95,564.81,1.14,548.85,15.96,False,,0.0,0.34,4.67,543.83,548.85,1
1441,1441,fastfouriertransform,large,warm,200,22.78,22.77,0.01,5.68,17.09,False,,0.0,4.03,0.0,1.64,5.68,2
1442,1442,linpack,medium,warm,200,714.49,714.48,0.01,705.93,8.55,False,,0.0,0.35,4.07,701.51,705.93,2
1443,1443,matrixmul,small,warm,200,20.3,20.3,0.01,5.48,14.82,False,,0.0,0.4,4.45,0.63,5.48,3
1444,1444,fastfouriertransform,large,warm,200,20.17,20.16,0.0,4.68,15.48,False,,0.0,3.89,0.0,0.78,4.68,3
1445,1445,linpack,medium,warm,200,746.74,746.74,0.0,735.82,10.92,False,,0.0,0.36,4.0,731.45,735.82,3
1446,1446,fastfouriertransform,small,warm,200,21.13,21.12,0.0,4.95,16.17,False,,0.0,4.09,0.01,0.86,4.95,3
1447,1447,linpack,large,warm,200,557.99,557.99,0.0,5.54,552.45,False,,0.0,0.38,4.36,0.79,5.54,3
1448,1448,genmatrix,large,warm,200,39.08,32.24,6.84,0.83,31.41,False,,0.0,0.02,,0.8,0.83,4
1449,1449,genmatrix,small,warm,200,7.06,7.05,0.0,0.11,6.95,False,,0.0,0.02,,0.08,0.1,4
1450,1450,linpack,large,warm,200,16.25,16.25,0.0,5.15,11.09,False,,0.0,0.37,4.03,0.75,5.15,3
1451,1451,matrixmul,small,warm,200,19.78,19.78,0.01,4.94,14.83,False,,0.0,0.35,4.03,0.57,4.94,3
1452,1452,fastfouriertransform,small,warm,200,25.1,25.1,0.0,5.18,19.91,False,,0.0,3.95,0.0,1.22,5.18,3
1453,1453,linpack,small,warm,200,14.98,14.98,0.01,5.23,9.75,False,,0.0,0.35,4.06,0.82,5.23,1
1454,1454,fetchdata,small,warm,200,83.39,83.39,0.01,77.37,6.02,False,77.34,0.0,0.02,0.0,,77.36,1
1455,1455,linpack,large,warm,200,15.1,15.09,0.0,6.29,8.81,False,,0.0,0.36,4.97,0.95,6.28,1
1456,1456,genmatrix,medium,warm,200,12.73,11.58,1.15,0.25,11.33,False,,0.0,0.03,,0.22,0.25,1
1457,1457,genmatrix,medium,warm,200,11.74,10.57,1.17,0.21,10.36,False,,0.0,0.02,,0.19,0.21,1
1458,1458,fastfouriertransform,medium,warm,200,752.65,752.64,0.0,733.95,18.7,False,,0.0,3.95,0.0,729.98,733.94,1
1459,1459,matrixmul,medium,warm,200,579.08,577.89,1.19,563.0,14.9,False,,0.0,0.38,4.19,558.41,562.99,2
1460,1460,linpack,small,warm,200,14.44,14.43,0.0,5.34,9.09,False,,0.0,0.37,4.11,0.85,5.34,3
1461,1461,fetchdata,medium,warm,200,81.71,81.7,0.01,75.75,5.95,False,75.73,0.0,0.02,0.0,,75.75,3
1462,1462,fastfouriertransform,large,warm,200,359.9,359.89,0.0,5.11,354.78,False,,0.0,4.02,0.0,1.08,5.11,3
1463,1463,fastfouriertransform,small,warm,200,265.96,265.96,0.0,4.99,260.97,False,,0.0,4.04,0.0,0.94,4.99,4
1464,1464,matrixmul,medium,warm,200,679.86,679.86,0.01,663.31,16.55,False,,0.0,0.41,4.49,658.4,663.31,5
1465,1465,matrixmul,large,warm,200,22.86,20.5,2.36,5.2,15.3,False,,0.0,0.39,4.08,0.72,5.2,5
1466,1466,matrixmul,small,warm,200,20.71,20.7,0.01,5.53,15.17,False,,0.0,0.36,4.42,0.74,5.53,2
1467,1467,fastfouriertransform,large,warm,200,24.88,24.87,0.0,4.75,20.12,False,,0.0,3.88,0.0,0.86,4.75,2
1468,1468,fetchdata,small,warm,200,83.18,83.17,0.0,77.06,6.11,False,77.04,0.0,0.02,0.0,,77.06,2
1469,1469,matrixmul,medium,warm,200,573.73,573.72,0.0,559.68,14.04,False,,0.0,0.36,4.0,555.32,559.68,2
1470,1470,genmatrix,large,warm,200,41.93,32.47,9.46,0.88,31.59,False,,0.0,0.02,,0.86,0.88,3
1471,1471,fastfouriertransform,large,warm,200,22.94,22.93,0.0,6.15,16.78,False,,0.0,4.08,0.01,2.06,6.15,2
1472,1472,fastfouriertransform,small,warm,200,20.91,20.91,0.0,5.13,15.78,False,,0.0,3.98,0.01,1.13,5.13,2
1473,1473,fetchdata,large,warm,200,83.55,83.54,0.0,76.96,6.58,False,76.92,0.0,0.03,0.0,,76.96,2
1474,1474,linpack,medium,warm,200,742.43,742.42,0.0,734.06,8.36,False,,0.0,0.37,4.04,729.64,734.06,2
1475,1475,genmatrix,small,warm,200,7.15,7.15,0.01,0.11,7.04,False,,0.0,0.02,,0.09,0.11,2
1476,1476,fastfouriertransform,large,warm,200,18.5,18.49,0.01,4.58,13.91,False,,0.0,3.86,0.0,0.72,4.58,2
1477,1477,genmatrix,large,warm,200,45.01,33.85,11.16,0.79,33.07,False,,0.0,0.02,,0.77,0.79,2
1478,1478,linpack,large,warm,200,17.09,17.09,0.0,7.37,9.72,False,,0.0,0.38,6.06,0.92,7.36,2
1479,1479,fastfouriertransform,small,warm,200,23.25,23.25,0.0,5.62,17.63,False,,0.0,3.88,0.0,1.73,5.62,2
1480,1480,genmatrix,small,warm,200,7.35,7.35,0.01,0.13,7.22,False,,0.0,0.03,,0.1,0.13,2
1481,1481,fetchdata,large,warm,200,83.11,83.11,0.0,76.6,6.51,False,76.57,0.0,0.02,0.0,,76.59,2
1482,1482,fetchdata,large,warm,200,82.81,82.81,0.0,76.27,6.54,False,76.24,0.0,0.02,0.0,,76.27,1
1483,1483,matrixmul,small,warm,200,20.7,19.75,0.95,4.99,14.76,False,,0.0,0.37,4.02,0.59,4.98,1
1484,1484,genmatrix,small,warm,200,8.44,8.44,0.0,0.16,8.27,False,,0.0,0.02,,0.13,0.16,1
1485,1485,linpack,small,warm,200,19.77,19.76,0.0,5.49,14.27,False,,0.0,0.36,4.07,1.05,5.49,1
1486,1486,linpack,medium,warm,200,745.13,745.12,0.0,735.85,9.28,False,,0.0,0.41,4.28,731.15,735.85,1
1487,1487,linpack,medium,warm,200,723.32,723.32,0.0,713.55,9.77,False,,0.0,0.38,4.74,708.42,713.55,2
1488,1488,matrixmul,large,warm,200,21.42,20.14,1.27,5.46,14.68,False,,0.0,0.37,4.45,0.64,5.46,3
1489,1489,fetchdata,large,warm,200,81.26,81.26,0.0,75.75,5.51,False,75.72,0.0,0.02,0.0,,75.75,3
1490,1490,fastfouriertransform,large,warm,200,21.15,21.15,0.0,5.13,16.02,False,,0.0,4.34,0.0,0.78,5.13,3
1491,1491,genmatrix,small,warm,200,7.23,7.22,0.0,0.12,7.1,False,,0.0,0.02,,0.09,0.12,3
1492,1492,fastfouriertransform,medium,warm,200,770.59,770.59,0.0,755.01,15.58,False,,0.0,4.0,0.0,751.0,755.01,3
1493,1493,fetchdata,small,warm,200,85.3,85.29,0.01,75.51,9.78,False,75.49,0.0,0.02,0.0,,75.51,4
1494,1494,genmatrix,large,warm,200,42.33,31.98,10.34,0.89,31.09,False,,0.0,0.02,,0.87,0.89,3
1495,1495,linpack,large,warm,200,13.98,13.98,0.0,5.13,8.85,False,,0.0,0.35,4.02,0.76,5.13,2
1496,1496,matrixmul,medium,warm,200,693.86,693.86,0.01,675.85,18.01,False,,0.0,0.38,4.46,671.01,675.85,2
1497,1497,fastfouriertransform,large,warm,200,277.31,277.31,0.0,4.93,272.38,False,,0.0,3.98,0.01,0.93,4.93,3
1498,1498,genmatrix,medium,warm,200,20.99,18.78,2.2,0.24,18.55,False,,0.0,0.03,,0.21,0.24,4
1499,1499,matrixmul,small,warm,200,26.9,24.8,2.1,7.24,17.56,False,,0.0,0.37,5.52,1.35,7.24,4
1500,1500,genmatrix,large,warm,200,40.66,32.05,8.62,0.92,31.12,False,,0.0,0.02,,0.9,0.92,2
1501,1501,matrixmul,medium,warm,200,562.74,562.74,0.01,549.04,13.7,False,,0.0,0.35,3.99,544.69,549.04,2
1502,1502,fetchdata,large,warm,200,81.18,81.18,0.01,75.3,5.88,False,75.27,0.0,0.02,0.0,,75.3,3
1503,1503,linpack,large,warm,200,13.94,13.94,0.01,5.16,8.78,False,,0.0,0.36,4.02,0.77,5.16,2
1504,1504,matrixmul,small,warm,200,27.73,26.72,1.01,7.71,19.01,False,,0.0,0.52,6.28,0.91,7.71,2
1505,1505,linpack,medium,warm,200,733.29,733.29,0.01,721.41,11.88,False,,0.0,0.35,4.05,717.0,721.41,2
1506,1506,fetchdata,large,warm,200,85.05,85.04,0.01,78.76,6.29,False,78.73,0.0,0.02,0.0,,78.75,3
1507,1507,fastfouriertransform,small,warm,200,19.87,19.85,0.02,4.76,15.1,False,,0.0,3.93,0.0,0.82,4.76,2
1508,1508,genmatrix,small,warm,200,8.7,8.69,0.01,0.11,8.58,False,,0.0,0.02,,0.09,0.11,2
1509,1509,matrixmul,large,warm,200,20.32,18.01,2.32,4.96,13.04,False,,0.0,0.36,4.0,0.6,4.96,2
1510,1510,fetchdata,large,warm,200,88.28,88.28,0.0,79.86,8.42,False,79.83,0.0,0.02,0.0,,79.86,2
1511,1511,matrixmul,medium,warm,200,730.49,729.42,1.07,709.83,19.58,False,,0.0,0.43,4.51,704.89,709.83,2
1512,1512,genmatrix,small,warm,200,10.34,10.33,0.01,0.14,10.19,False,,0.0,0.03,,0.1,0.14,3
1513,1513,fastfouriertransform,small,warm,200,22.18,22.17,0.0,6.84,15.33,False,,0.0,4.22,0.0,2.62,6.84,2
1514,1514,genmatrix,medium,warm,200,15.66,10.61,5.04,0.22,10.4,False,,0.0,0.02,,0.19,0.22,2
1515,1515,genmatrix,medium,warm,200,10.88,9.8,1.08,0.2,9.6,False,,0.0,0.02,,0.18,0.2,2
1516,1516,fastfouriertransform,small,warm,200,19.03,19.02,0.0,4.64,14.38,False,,0.0,3.9,0.0,0.74,4.64,2
1517,1517,fastfouriertransform,small,warm,200,20.03,20.03,0.01,4.66,15.37,False,,0.0,3.88,0.0,0.77,4.66,2
1518,1518,matrixmul,medium,warm,200,557.83,557.82,0.0,542.71,15.11,False,,0.0,0.39,4.1,538.22,542.71,2
1519,1519,linpack,large,warm,200,15.17,15.17,0.0,6.02,9.15,False,,0.0,0.62,4.41,0.98,6.02,2
1520,1520,linpack,medium,warm,200,745.85,745.85,0.0,737.23,8.62,False,,0.0,0.74,8.12,728.36,737.23,2
1521,1521,fastfouriertransform,small,warm,200,19.59,19.58,0.0,4.65,14.93,False,,0.0,3.88,0.0,0.77,4.65,3
1522,1522,fastfouriertransform,medium,warm,200,750.34,750.34,0.01,736.12,14.22,False,,0.0,4.63,0.0,731.48,736.12,3
1523,1523,linpack,small,warm,200,16.81,16.8,0.0,5.18,11.62,False,,0.0,0.35,4.03,0.79,5.18,4
1524,1524,linpack,large,warm,200,17.59,17.58,0.01,6.64,10.94,False,,0.0,0.37,5.45,0.82,6.64,3
1525,1525,genmatrix,medium,warm,200,14.86,12.88,1.98,0.22,12.66,False,,0.0,0.02,,0.19,0.22,3
1526,1526,fastfouriertransform,medium,warm,200,1088.82,1088.82,0.0,735.76,353.06,False,,0.0,3.88,0.0,731.87,735.76,3
1527,1527,matrixmul,medium,warm,200,692.36,690.91,1.45,674.22,16.69,False,,0.0,0.37,4.37,669.46,674.21,4
1528,1528,fastfouriertransform,large,warm,200,907.11,907.1,0.01,5.06,902.04,False,,0.0,4.11,0.0,0.93,5.06,4
1529,1529,linpack,small,warm,200,13.43,13.42,0.0,5.14,8.28,False,,0.0,0.35,4.03,0.76,5.14,5
1530,1530,linpack,large,warm,200,15.5,15.5,0.01,5.2,10.3,False,,0.0,0.35,4.08,0.76,5.2,4
1531,1531,fetchdata,large,warm,200,87.2,87.19,0.0,78.71,8.48,False,78.67,0.0,0.03,0.0,,78.71,4
1532,1532,matrixmul,small,warm,200,24.14,23.14,1.0,5.11,18.04,False,,0.0,0.37,4.1,0.63,5.11,4
1533,1533,fetchdata,medium,warm,200,81.47,81.46,0.0,75.52,5.94,False,75.5,0.0,0.02,0.0,,75.52,4
1534,1534,genmatrix,medium,warm,200,11.42,10.32,1.1,0.21,10.11,False,,0.0,0.02,,0.18,0.21,3
1535,1535,matrixmul,small,warm,200,21.37,19.49,1.87,5.42,14.07,False,,0.0,0.36,4.38,0.67,5.42,3
1536,1536,fastfouriertransform,small,warm,200,99.0,98.99,0.01,4.86,94.13,False,,0.0,3.94,0.0,0.92,4.86,3
1537,1537,matrixmul,medium,warm,200,580.26,578.38,1.88,564.87,13.52,False,,0.0,0.37,5.41,559.08,564.86,2
1538,1538,matrixmul,medium,warm,200,739.13,738.15,0.98,720.25,17.9,False,,0.0,0.39,4.43,715.42,720.25,2
1539,1539,matrixmul,small,warm,200,659.63,658.53,1.1,7.98,650.55,False,,0.0,0.56,6.42,0.99,7.98,3
1540,1540,genmatrix,medium,warm,200,12.16,10.29,1.87,0.21,10.08,False,,0.0,0.02,,0.19,0.21,4
1541,1541,fetchdata,large,warm,200,136.87,136.87,0.0,131.27,5.6,False,131.24,0.0,0.02,0.0,,131.27,4
1542,1542,matrixmul,large,warm,200,91.06,90.0,1.05,4.91,85.1,False,,0.0,0.34,3.98,0.58,4.9,5
1543,1543,linpack,small,warm,200,15.06,15.05,0.01,5.24,9.81,False,,0.0,0.37,4.07,0.8,5.24,3
1544,1544,matrixmul,small,warm,200,27.64,25.79,1.85,7.14,18.65,False,,0.0,0.38,4.05,2.7,7.14,3
1545,1545,fetchdata,medium,warm,200,84.72,84.71,0.01,77.19,7.52,False,77.16,0.0,0.02,0.0,,77.18,3
1546,1546,fastfouriertransform,medium,warm,200,764.61,764.6,0.0,749.33,15.27,False,,0.0,3.92,0.0,745.4,749.33,1
1547,1547,genmatrix,large,warm,200,39.03,31.23,7.8,0.82,30.41,False,,0.0,0.02,,0.79,0.82,2
1548,1548,matrixmul,medium,warm,200,725.85,724.88,0.97,710.55,14.33,False,,0.0,0.52,6.03,704.0,710.55,2
1549,1549,matrixmul,medium,warm,200,572.83,571.81,1.02,558.51,13.3,False,,0.0,0.37,4.02,554.12,558.51,3
1550,1550,matrixmul,large,warm,200,544.28,542.16,2.11,7.81,534.36,False,,0.0,0.52,6.36,0.92,7.81,4
1551,1551,linpack,small,warm,200,24.11,24.1,0.01,5.94,18.16,False,,0.0,0.35,4.56,1.03,5.94,5
1552,1552,genmatrix,medium,warm,200,14.08,12.31,1.76,0.23,12.08,False,,0.0,0.03,,0.2,0.23,5
1553,1553,linpack,large,warm,200,12.88,12.87,0.0,5.14,7.73,False,,0.0,0.36,4.01,0.76,5.14,5
1554,1554,fetchdata,medium,warm,200,82.13,82.13,0.0,75.98,6.15,False,75.96,0.0,0.02,0.0,,75.98,4
1555,1555,genmatrix,small,warm,200,6.93,6.93,0.01,0.11,6.82,False,,0.0,0.02,,0.09,0.11,3
1556,1556,matrixmul,medium,warm,200,729.01,727.14,1.87,711.06,16.08,False,,0.0,0.56,6.37,704.13,711.06,1
1557,1557,genmatrix,large,warm,200,41.2,33.57,7.63,0.81,32.75,False,,0.0,0.02,,0.79,0.81,2
1558,1558,matrixmul,large,warm,200,23.96,22.11,1.85,5.12,16.99,False,,0.0,0.39,4.07,0.65,5.12,2
1559,1559,fetchdata,medium,warm,200,81.5,81.49,0.01,75.83,5.66,False,75.8,0.0,0.02,0.0,,75.83,2
1560,1560,matrixmul,medium,warm,200,574.62,573.6,1.02,559.95,13.65,False,,0.0,0.36,4.01,555.57,559.95,2
1561,1561,matrixmul,medium,warm,200,1024.11,1021.94,2.18,540.47,481.47,False,,0.0,0.38,4.05,536.03,540.46,3
1562,1562,fastfouriertransform,large,warm,200,19.9,19.9,0.01,4.75,15.15,False,,0.0,3.95,0.0,0.8,4.75,4
1563,1563,fetchdata,large,warm,200,88.57,88.57,0.0,80.77,7.8,False,80.74,0.0,0.02,0.0,,80.77,4
1564,1564,linpack,small,warm,200,21.67,21.67,0.0,5.17,16.5,False,,0.0,0.36,4.05,0.76,5.17,3
1565,1565,linpack,small,warm,200,16.26,16.26,0.0,6.33,9.93,False,,0.0,0.4,4.4,1.5,6.32,3
1566,1566,matrixmul,large,warm,200,27.18,26.22,0.96,9.04,17.18,False,,0.0,0.58,7.52,0.93,9.04,2
1567,1567,fetchdata,medium,warm,200,81.72,81.72,0.01,75.73,5.99,False,75.7,0.0,0.02,0.0,,75.73,2
1568,1568,genmatrix,large,warm,200,40.67,34.07,6.59,0.79,33.29,False,,0.0,0.02,,0.76,0.78,2
1569,1569,fastfouriertransform,medium,warm,200,745.4,745.39,0.0,730.78,14.61,False,,0.0,3.86,0.0,726.92,730.78,2
1570,1570,matrixmul,small,warm,200,21.73,20.73,1.0,5.42,15.31,False,,0.0,0.38,4.29,0.75,5.41,3
1571,1571,genmatrix,small,warm,200,8.22,8.21,0.01,0.13,8.09,False,,0.0,0.02,,0.1,0.13,3
1572,1572,genmatrix,large,warm,200,43.59,33.7,9.89,0.89,32.81,False,,0.0,0.02,,0.87,0.89,2
1573,1573,fetchdata,large,warm,200,81.45,81.45,0.0,75.52,5.93,False,75.49,0.0,0.02,0.0,,75.52,2
1574,1574,matrixmul,medium,warm,200,586.96,585.18,1.78,571.81,13.37,False,,0.0,0.39,4.03,567.38,571.81,2
1575,1575,fastfouriertransform,medium,warm,200,884.96,884.96,0.01,736.56,148.4,False,,0.0,3.88,0.0,732.67,736.56,3
1576,1576,linpack,medium,warm,200,734.43,734.42,0.01,723.68,10.74,False,,0.0,0.37,4.15,719.16,723.68,4
1577,1577,linpack,medium,warm,200,724.9,724.89,0.01,714.78,10.11,False,,0.0,0.39,4.32,710.07,714.78,4
1578,1578,linpack,large,warm,200,634.39,634.38,0.01,5.49,628.89,False,,0.0,0.4,4.15,0.93,5.49,5
1579,1579,matrixmul,large,warm,200,21.79,20.81,0.97,5.89,14.93,False,,0.0,0.4,4.71,0.77,5.88,6
1580,1580,fastfouriertransform,medium,warm,200,1152.11,1152.11,0.01,765.57,386.54,False,,0.0,3.85,0.0,761.71,765.57,5
1581,1581,linpack,large,warm,200,239.73,239.73,0.0,5.04,234.69,False,,0.0,0.33,3.97,0.73,5.04,6
1582,1582,fastfouriertransform,small,warm,200,958.37,958.37,0.0,4.84,953.52,False,,0.0,3.94,0.0,0.89,4.84,7
1583,1583,fetchdata,large,warm,200,89.86,89.85,0.0,83.76,6.09,False,83.73,0.0,0.02,0.0,,83.76,8
1584,1584,genmatrix,small,warm,200,9.76,9.75,0.01,0.12,9.64,False,,0.0,0.02,,0.09,0.12,5
1585,1585,linpack,small,warm,200,16.19,16.19,0.0,5.32,10.87,False,,0.0,0.38,4.14,0.79,5.32,3
1586,1586,linpack,large,warm,200,15.54,15.54,0.0,5.81,9.73,False,,0.0,0.4,4.08,1.33,5.81,3
1587,1587,matrixmul,medium,warm,200,723.06,721.02,2.03,707.49,13.53,False,,0.0,0.4,4.48,702.61,707.49,3
1588,1588,matrixmul,small,warm,200,19.46,17.62,1.84,4.95,12.67,False,,0.0,0.36,4.01,0.58,4.95,4
1589,1589,fastfouriertransform,small,warm,200,268.53,268.53,0.01,4.83,263.69,False,,0.0,3.93,0.0,0.89,4.83,4
1590,1590,genmatrix,small,warm,200,8.18,8.18,0.0,0.11,8.06,False,,0.0,0.02,,0.09,0.11,5
1591,1591,linpack,large,warm,200,15.34,15.33,0.01,5.23,10.11,False,,0.0,0.34,4.03,0.85,5.23,5
1592,1592,linpack,large,warm,200,14.02,14.01,0.0,5.88,8.14,False,,0.0,0.36,4.55,0.96,5.88,2
1593,1593,linpack,large,warm,200,16.18,16.18,0.0,7.28,8.9,False,,0.0,0.37,6.0,0.91,7.28,2
1594,1594,linpack,small,warm,200,12.81,12.81,0.0,5.15,7.66,False,,0.0,0.37,4.02,0.75,5.15,2
1595,1595,matrixmul,medium,warm,200,561.68,559.96,1.72,547.86,12.1,False,,0.0,0.35,3.97,543.53,547.85,1
1596,1596,matrixmul,medium,warm,200,700.01,698.24,1.77,681.26,16.98,False,,0.0,0.37,4.42,676.47,681.26,2
1597,1597,linpack,large,warm,200,16.83,16.83,0.0,7.42,9.41,False,,0.0,2.36,4.12,0.93,7.41,3
1598,1598,linpack,small,warm,200,16.85,16.84,0.0,7.3,9.54,False,,0.0,0.35,5.71,1.23,7.3,3
1599,1599,genmatrix,small,warm,200,7.91,7.91,0.0,0.13,7.78,False,,0.0,0.03,,0.1,0.13,3
1600,1600,matrixmul,small,warm,200,318.86,316.95,1.91,7.99,308.96,False,,0.0,0.58,6.42,0.98,7.99,3
1601,1601,genmatrix,medium,warm,200,11.57,9.82,1.75,0.21,9.61,False,,0.0,0.02,,0.19,0.21,3
1602,1602,fastfouriertransform,small,warm,200,18.05,18.05,0.01,4.72,13.33,False,,0.0,3.9,0.0,0.82,4.72,3
1603,1603,fetchdata,medium,warm,200,85.52,85.51,0.01,78.83,6.68,False,78.81,0.0,0.02,0.0,,78.83,2
1604,1604,genmatrix,medium,warm,200,18.82,17.01,1.81,0.22,16.79,False,,0.0,0.02,,0.2,0.22,1
1605,1605,matrixmul,small,warm,200,26.99,26.08,0.91,6.95,19.14,False,,0.0,0.58,5.46,0.9,6.94,1
1606,1606,linpack,medium,warm,200,722.08,722.08,0.0,713.76,8.32,False,,0.0,0.36,4.01,709.38,713.76,1
1607,1607,genmatrix,medium,warm,200,10.27,9.34,0.92,0.2,9.14,False,,0.0,0.02,,0.18,0.2,2
1608,1608,fastfouriertransform,medium,warm,200,755.2,755.19,0.0,740.35,14.84,False,,0.0,3.87,0.0,736.48,740.35,2
1609,1609,matrixmul,medium,warm,200,730.1,726.92,3.17,711.62,15.3,False,,0.0,0.55,6.57,704.5,711.62,3
1610,1610,fastfouriertransform,medium,warm,200,1305.87,1305.86,0.0,746.74,559.13,False,,0.0,3.88,0.0,742.85,746.74,4
1611,1611,fastfouriertransform,large,cold,200,1213.42,1213.42,0.0,4.85,1208.57,False,,0.0,3.99,0.0,0.85,4.85,5
1612,1612,fastfouriertransform,small,cold,200,1120.6,1120.6,0.01,5.2,1115.39,False,,0.0,4.17,0.01,1.02,5.2,6
1613,1613,genmatrix,large,warm,200,39.73,31.27,8.46,0.81,30.46,False,,0.0,0.02,,0.78,0.81,7
1614,1614,fastfouriertransform,large,warm,200,927.41,927.41,0.0,5.37,922.04,False,,0.0,4.17,0.0,1.11,5.37,6
1615,1615,fetchdata,large,warm,200,83.52,83.52,0.01,77.31,6.2,False,77.28,0.0,0.02,0.0,,77.31,7
1616,1616,fetchdata,large,warm,200,84.7,84.7,0.0,77.07,7.63,False,77.03,0.0,0.02,0.0,,77.07,6
1617,1617,fetchdata,large,warm,200,84.02,84.01,0.0,77.76,6.25,False,77.73,0.0,0.03,0.0,,77.76,5
1618,1618,fetchdata,medium,warm,200,80.71,80.7,0.0,75.76,4.94,False,75.74,0.0,0.02,0.0,,75.76,5
1619,1619,linpack,medium,warm,200,724.48,724.48,0.0,714.47,10.01,False,,0.0,0.35,5.64,708.47,714.47,5
1620,1620,matrixmul,small,warm,200,18.32,16.7,1.62,4.91,11.79,False,,0.0,0.35,3.99,0.57,4.91,6
1621,1621,matrixmul,large,warm,200,25.77,24.06,1.7,7.83,16.23,False,,0.0,0.52,6.39,0.91,7.83,6
1622,1622,fetchdata,small,warm,200,82.26,82.25,0.0,76.52,5.74,False,76.49,0.0,0.02,0.0,,76.51,6
1623,1623,matrixmul,medium,warm,200,571.56,569.92,1.64,556.13,13.8,False,,0.0,0.39,4.1,551.64,556.13,6
1624,1624,fastfouriertransform,large,warm,200,22.74,22.73,0.0,5.21,17.52,False,,0.0,4.11,0.01,1.09,5.21,3
1625,1625,linpack,small,warm,200,22.18,22.18,0.01,7.63,14.54,False,,0.0,2.67,4.11,0.85,7.63,3
1626,1626,matrixmul,large,warm,200,20.06,19.14,0.93,5.36,13.78,False,,0.0,0.37,4.36,0.62,5.35,3
1627,1627,matrixmul,medium,warm,200,715.14,713.47,1.67,700.0,13.47,False,,0.0,0.52,6.35,693.12,700.0,2
1628,1628,fastfouriertransform,large,warm,200,18.09,18.09,0.0,4.7,13.38,False,,0.0,3.88,0.0,0.81,4.7,3
1629,1629,fetchdata,small,warm,200,89.86,89.85,0.01,83.16,6.7,False,83.13,0.0,0.02,0.0,,83.16,2
1630,1630,genmatrix,large,warm,200,41.16,31.7,9.46,0.81,30.89,False,,0.0,0.02,,0.78,0.81,2
1631,1631,fastfouriertransform,large,warm,200,20.8,20.79,0.01,5.07,15.72,False,,0.0,4.15,0.01,0.91,5.07,2
1632,1632,fastfouriertransform,large,warm,200,21.45,21.45,0.0,4.91,16.54,False,,0.0,3.95,0.0,0.95,4.9,2
1633,1633,fetchdata,medium,warm,200,81.41,81.41,0.0,76.27,5.13,False,76.25,0.0,0.02,0.0,,76.27,2
1634,1634,genmatrix,small,warm,200,6.04,6.04,0.0,0.1,5.93,False,,0.0,0.02,,0.08,0.1,2
1635,1635,matrixmul,small,warm,200,18.45,16.99,1.46,4.96,12.03,False,,0.0,0.38,4.01,0.57,4.96,1
1636,1636,genmatrix,large,warm,200,41.65,34.79,6.86,0.79,34.0,False,,0.0,0.02,,0.77,0.79,1
1637,1637,matrixmul,large,warm,200,27.29,25.79,1.5,8.52,17.28,False,,0.0,0.38,7.46,0.68,8.52,1
1638,1638,genmatrix,large,warm,200,40.79,32.51,8.29,0.97,31.54,False,,0.0,0.03,,0.93,0.97,1
1639,1639,matrixmul,large,warm,200,19.47,18.74,0.73,5.09,13.65,False,,0.0,0.36,4.04,0.69,5.09,1
1640,1640,matrixmul,large,warm,200,25.18,24.33,0.86,7.83,16.5,False,,0.0,0.52,6.38,0.93,7.83,1
1641,1641,fastfouriertransform,medium,warm,200,776.77,776.76,0.0,763.28,13.48,False,,0.0,3.88,0.0,759.39,763.28,1
1642,1642,genmatrix,medium,warm,200,14.39,12.92,1.47,0.21,12.71,False,,0.0,0.02,,0.19,0.21,2
1643,1643,linpack,small,warm,200,23.03,23.03,0.0,9.52,13.51,False,,0.0,0.38,4.17,4.95,9.51,2
1644,1644,genmatrix,large,warm,200,45.93,38.9,7.03,0.86,38.03,False,,0.0,0.02,,0.84,0.86,2
1645,1645,linpack,small,warm,200,13.41,13.4,0.0,5.86,7.54,False,,0.0,0.36,4.37,1.13,5.86,2
1646,1646,fetchdata,medium,warm,200,80.21,80.21,0.0,75.33,4.87,False,75.31,0.0,0.02,0.0,,75.33,2
1647,1647,fastfouriertransform,small,warm,200,182.45,182.44,0.0,4.55,177.9,False,,0.0,3.8,0.0,0.74,4.55,2
1648,1648,genmatrix,small,warm,200,5.67,5.67,0.0,0.11,5.56,False,,0.0,0.02,,0.08,0.11,3
1649,1649,fetchdata,medium,warm,200,85.31,85.31,0.0,78.88,6.42,False,78.85,0.0,0.02,0.0,,78.88,1
1650,1650,fetchdata,large,warm,200,83.42,83.42,0.01,77.62,5.79,False,77.59,0.0,0.02,0.0,,77.62,1
1651,1651,matrixmul,medium,warm,200,576.49,575.07,1.42,559.91,15.16,False,,0.0,0.43,4.52,554.92,559.91,1
1652,1652,linpack,small,warm,200,12.75,12.75,0.0,5.29,7.45,False,,0.0,0.35,4.09,0.86,5.29,2
1653,1653,linpack,medium,warm,200,719.32,719.32,0.01,710.13,9.19,False,,0.0,0.39,4.27,705.47,710.13,2
1654,1654,matrixmul,small,warm,200,25.21,23.89,1.31,7.79,16.1,False,,0.0,0.52,6.36,0.9,7.79,3
1655,1655,matrixmul,large,warm,200,20.96,19.39,1.57,5.54,13.85,False,,0.0,0.39,4.51,0.63,5.54,3
1656,1656,linpack,large,warm,200,16.23,16.22,0.0,5.72,10.5,False,,0.0,0.49,4.25,0.96,5.72,3
1657,1657,fetchdata,large,warm,200,83.85,83.84,0.0,77.84,6.0,False,77.81,0.0,0.02,0.0,,77.84,2
1658,1658,fetchdata,medium,warm,200,81.07,81.07,0.01,75.75,5.32,False,75.72,0.0,0.02,0.0,,75.75,2
1659,1659,genmatrix,small,warm,200,6.35,6.35,0.0,0.11,6.23,False,,0.0,0.02,,0.09,0.11,2
1660,1660,fetchdata,medium,warm,200,81.81,81.8,0.01,76.24,5.57,False,76.21,0.0,0.02,0.0,,76.24,2
1661,1661,matrixmul,large,warm,200,24.49,23.51,0.98,7.76,15.75,False,,0.0,0.52,6.34,0.89,7.76,1
1662,1662,fastfouriertransform,medium,warm,200,766.52,766.52,0.01,745.67,20.85,False,,0.0,5.27,0.0,740.38,745.66,1
1663,1663,fastfouriertransform,medium,warm,200,1402.98,1402.97,0.01,734.18,668.79,False,,0.0,4.04,0.01,730.13,734.18,2
1664,1664,fetchdata,small,warm,200,81.53,81.52,0.0,76.18,5.34,False,76.15,0.0,0.02,0.0,,76.18,3
1665,1665,matrixmul,large,warm,200,20.48,19.2,1.27,5.51,13.69,False,,0.0,0.4,4.48,0.63,5.51,3
1666,1666,linpack,large,warm,200,17.59,17.58,0.01,5.17,12.42,False,,0.0,0.36,4.04,0.77,5.17,3
1667,1667,matrixmul,medium,warm,200,753.7,752.28,1.42,738.65,13.63,False,,0.0,0.53,6.35,731.76,738.65,3
1668,1668,matrixmul,medium,warm,200,1407.74,1407.73,0.0,741.08,666.65,False,,0.0,0.4,4.47,736.2,741.08,4
1669,1669,matrixmul,medium,cold,200,2055.24,2053.41,1.83,744.32,1309.09,False,,0.0,0.4,4.45,739.46,744.32,5
1670,1670,fetchdata,small,warm,200,82.87,82.86,0.0,77.42,5.44,False,77.4,0.0,0.02,0.0,,77.42,5
1671,1671,linpack,small,warm,200,14.95,14.94,0.0,5.64,9.31,False,,0.0,0.49,4.28,0.86,5.63,5
1672,1672,fetchdata,medium,warm,200,79.79,79.78,0.0,75.13,4.65,False,75.11,0.0,0.02,0.0,,75.13,5
1673,1673,fastfouriertransform,medium,warm,200,1134.73,1134.73,0.0,732.69,402.03,False,,0.0,3.99,0.0,728.69,732.69,5
1674,1674,fetchdata,large,warm,200,80.61,80.6,0.0,75.88,4.72,False,75.86,0.0,0.02,0.0,,75.88,6
1675,1675,genmatrix,small,warm,200,6.48,5.88,0.6,0.11,5.78,False,,0.0,0.02,,0.08,0.11,5
1676,1676,matrixmul,large,cold,200,1375.04,1374.12,0.92,8.07,1366.05,False,,0.0,0.56,6.45,1.05,8.07,5
1677,1677,matrixmul,large,cold,200,1316.63,1309.25,7.38,7.95,1301.29,False,,0.0,0.54,6.47,0.94,7.95,6
1678,1678,linpack,small,warm,200,14.56,14.55,0.01,5.54,9.01,False,,0.0,0.39,4.18,0.97,5.54,6
1679,1679,linpack,small,warm,200,16.27,16.27,0.0,5.42,10.85,False,,0.0,0.44,4.16,0.81,5.41,6
1680,1680,genmatrix,large,warm,200,38.2,30.95,7.26,0.81,30.14,False,,0.0,0.02,,0.78,0.81,6
1681,1681,genmatrix,large,warm,200,38.17,31.59,6.58,0.81,30.79,False,,0.0,0.02,,0.78,0.8,6
1682,1682,fastfouriertransform,large,warm,200,246.17,246.16,0.01,5.06,241.1,False,,0.0,4.04,0.01,1.01,5.06,6
1683,1683,matrixmul,large,warm,200,694.03,691.72,2.31,8.13,683.59,False,,0.0,0.59,6.49,1.04,8.13,6
1684,1684,fetchdata,medium,warm,200,89.05,89.04,0.0,79.41,9.63,False,79.38,0.0,0.02,0.0,,79.41,7
1685,1685,fastfouriertransform,large,warm,200,18.75,18.75,0.0,4.87,13.88,False,,0.0,3.95,0.01,0.91,4.87,5
1686,1686,fetchdata,medium,warm,200,80.24,80.23,0.01,75.09,5.15,False,75.06,0.0,0.02,0.0,,75.09,5
1687,1687,fastfouriertransform,medium,warm,200,740.66,740.65,0.01,726.83,13.83,False,,0.0,3.86,0.0,722.95,726.83,5
1688,1688,genmatrix,medium,warm,200,10.63,9.33,1.3,0.2,9.12,False,,0.0,0.02,,0.18,0.2,6
1689,1689,fastfouriertransform,medium,warm,200,1285.09,1285.08,0.01,743.0,542.08,False,,0.0,3.86,0.0,739.13,743.0,6
1690,1690,fastfouriertransform,small,cold,200,1201.27,1201.26,0.01,4.76,1196.5,False,,0.0,3.94,0.0,0.81,4.76,4
1691,1691,fetchdata,large,warm,200,89.38,89.37,0.0,83.48,5.89,False,83.45,0.0,0.02,0.0,,83.48,4
1692,1692,linpack,large,warm,200,13.66,13.65,0.01,5.37,8.28,False,,0.0,0.37,4.1,0.89,5.37,4
1693,1693,genmatrix,large,warm,200,38.01,30.91,7.09,0.81,30.1,False,,0.0,0.02,,0.78,0.81,4
1694,1694,linpack,large,warm,200,13.16,13.16,0.0,5.18,7.98,False,,0.0,0.35,4.03,0.79,5.18,4
1695,1695,matrixmul,small,warm,200,20.22,18.86,1.37,5.48,13.38,False,,0.0,0.38,4.47,0.63,5.48,3
1696,1696,linpack,small,warm,200,13.63,13.62,0.01,5.17,8.46,False,,0.0,0.36,4.04,0.76,5.17,3
1697,1697,fetchdata,small,warm,200,90.02,90.02,0.01,79.78,10.24,False,79.74,0.0,0.02,0.0,,79.77,3
1698,1698,fastfouriertransform,large,warm,200,392.07,392.06,0.0,4.68,387.38,False,,0.0,3.86,0.0,0.82,4.68,3
1699,1699,genmatrix,large,warm,200,41.43,32.2,9.23,0.94,31.26,False,,0.0,0.02,,0.91,0.94,4
1700,1700,genmatrix,large,warm,200,37.7,30.11,7.59,0.78,29.33,False,,0.0,0.02,,0.76,0.78,4
1701,1701,linpack,small,warm,200,12.2,12.19,0.0,5.08,7.12,False,,0.0,0.34,4.0,0.73,5.08,4
1702,1702,genmatrix,large,warm,200,39.41,31.2,8.21,0.78,30.42,False,,0.0,0.02,,0.76,0.78,2
1703,1703,genmatrix,medium,warm,200,12.65,10.48,2.17,0.2,10.27,False,,0.0,0.02,,0.18,0.2,1
1704,1704,linpack,medium,warm,200,742.63,742.63,0.01,730.59,12.03,False,,0.0,0.35,4.19,726.04,730.59,1
1705,1705,linpack,large,warm,200,18.61,18.6,0.01,10.55,8.06,False,,0.0,0.41,9.22,0.91,10.55,2
1706,1706,fastfouriertransform,small,warm,200,21.61,21.61,0.0,7.92,13.69,False,,0.0,4.55,0.0,3.36,7.92,2
1707,1707,matrixmul,small,warm,200,20.0,18.85,1.15,5.34,13.51,False,,0.0,0.37,4.35,0.62,5.34,2
1708,1708,genmatrix,large,warm,200,39.05,31.73,7.32,0.81,30.91,False,,0.0,0.02,,0.79,0.81,2
1709,1709,fetchdata,large,warm,200,81.23,81.22,0.01,76.18,5.04,False,76.16,0.0,0.02,0.0,,76.18,2
1710,1710,fetchdata,small,warm,200,86.82,86.81,0.01,80.15,6.66,False,80.12,0.0,0.03,0.0,,80.15,2
1711,1711,fetchdata,large,warm,200,85.28,85.27,0.01,79.2,6.07,False,79.17,0.0,0.02,0.0,,79.2,2
1712,1712,genmatrix,small,warm,200,7.51,6.98,0.53,0.12,6.85,False,,0.0,0.02,,0.1,0.12,1
1713,1713,matrixmul,medium,warm,200,778.81,777.66,1.16,763.41,14.25,False,,0.0,0.37,4.42,758.62,763.41,1
1714,1714,fetchdata,large,warm,200,80.3,80.3,0.0,75.65,4.64,False,75.63,0.0,0.02,0.0,,75.65,2
1715,1715,genmatrix,large,warm,200,37.68,30.32,7.36,0.81,29.51,False,,0.0,0.02,,0.79,0.81,2
1716,1716,matrixmul,medium,warm,200,1215.57,1214.13,1.45,727.27,486.86,False,,0.0,0.37,4.49,722.4,727.26,2
1717,1717,matrixmul,small,cold,200,1133.75,1132.35,1.39,7.84,1124.51,False,,0.0,0.56,6.39,0.9,7.84,3
1718,1718,fastfouriertransform,medium,warm,200,755.51,755.5,0.01,739.52,15.98,False,,0.0,4.1,0.01,735.41,739.52,4
1719,1719,linpack,large,warm,200,15.4,15.4,0.01,5.97,9.43,False,,0.0,0.38,4.65,0.93,5.97,5
1720,1720,genmatrix,large,warm,200,39.55,31.1,8.45,0.8,30.3,False,,0.0,0.02,,0.77,0.8,5
1721,1721,genmatrix,medium,warm,200,11.51,9.52,1.99,0.21,9.31,False,,0.0,0.02,,0.18,0.21,4
1722,1722,matrixmul,medium,warm,200,1411.55,1407.88,3.67,768.31,639.58,False,,0.0,0.52,6.36,761.42,768.31,4
1723,1723,linpack,small,warm,200,13.67,13.67,0.0,5.36,8.31,False,,0.0,0.35,4.04,0.96,5.36,5
1724,1724,fastfouriertransform,large,warm,200,164.39,164.38,0.01,4.9,159.47,False,,0.0,3.96,0.01,0.93,4.9,5
1725,1725,matrixmul,large,cold,200,1120.96,1119.36,1.6,5.53,1113.83,False,,0.0,0.41,4.45,0.66,5.53,6
1726,1726,genmatrix,small,warm,200,8.84,8.84,0.01,0.15,8.69,False,,0.0,0.03,,0.11,0.15,5
1727,1727,linpack,medium,warm,200,727.77,727.77,0.01,720.07,7.7,False,,0.0,0.33,3.99,715.74,720.07,5
1728,1728,fetchdata,medium,warm,200,79.62,79.62,0.01,75.1,4.52,False,75.08,0.0,0.02,0.0,,75.1,6
1729,1729,fetchdata,medium,warm,200,83.27,83.27,0.0,77.92,5.35,False,77.89,0.0,0.02,0.0,,77.91,4
1730,1730,genmatrix,medium,warm,200,12.08,10.16,1.92,0.22,9.94,False,,0.0,0.02,,0.19,0.22,4
1731,1731,genmatrix,medium,warm,200,12.26,10.8,1.46,0.22,10.59,False,,0.0,0.02,,0.19,0.22,4
1732,1732,linpack,large,warm,200,14.26,14.26,0.01,5.66,8.6,False,,0.0,0.42,4.36,0.86,5.66,4
1733,1733,fetchdata,large,warm,200,80.31,80.31,0.0,75.55,4.76,False,75.52,0.0,0.02,0.0,,75.54,4
1734,1734,matrixmul,medium,warm,200,968.21,964.26,3.95,734.31,229.95,False,,0.0,0.38,4.48,729.45,734.31,4
1735,1735,fastfouriertransform,small,warm,200,19.15,19.15,0.01,4.85,14.29,False,,0.0,3.9,0.0,0.95,4.85,4
1736,1736,fastfouriertransform,large,warm,200,18.98,18.97,0.0,4.8,14.18,False,,0.0,3.99,0.0,0.8,4.79,4
1737,1737,matrixmul,small,warm,200,686.1,684.1,2.0,8.15,675.95,False,,0.0,0.58,6.54,1.02,8.15,2
1738,1738,fastfouriertransform,small,warm,200,23.65,23.65,0.0,5.0,18.65,False,,0.0,4.04,0.01,0.94,4.99,3
1739,1739,matrixmul,medium,warm,200,1237.33,1235.83,1.49,743.94,491.89,False,,0.0,0.61,6.42,736.9,743.94,3
1740,1740,fastfouriertransform,medium,warm,200,728.7,728.7,0.0,714.85,13.85,False,,0.0,3.89,0.0,710.96,714.85,4
1741,1741,fetchdata,large,warm,200,80.89,80.88,0.01,75.94,4.94,False,75.92,0.0,0.02,0.0,,75.94,5
1742,1742,fetchdata,large,warm,200,81.04,81.04,0.0,75.9,5.14,False,75.87,0.0,0.02,0.0,,75.9,5
1743,1743,genmatrix,small,warm,200,8.46,7.77,0.69,0.11,7.66,False,,0.0,0.02,,0.09,0.11,5
1744,1744,genmatrix,small,warm,200,8.82,7.95,0.87,0.12,7.83,False,,0.0,0.02,,0.09,0.12,3
1745,1745,genmatrix,medium,warm,200,81.58,12.48,69.1,0.25,12.22,False,,0.0,0.03,,0.22,0.25,3
1746,1746,fastfouriertransform,medium,warm,200,875.93,875.93,0.0,745.34,130.59,False,,0.0,3.95,0.01,741.37,745.34,3
1747,1747,fetchdata,small,warm,200,80.88,80.88,0.0,76.25,4.62,False,76.23,0.0,0.02,0.0,,76.25,4
1748,1748,matrixmul,large,warm,200,356.77,354.63,2.13,7.87,346.76,False,,0.0,0.54,6.42,0.91,7.87,3
1749,1749,genmatrix,large,warm,200,39.92,33.0,6.92,0.86,32.14,False,,0.0,0.02,,0.83,0.86,4
1750,1750,fetchdata,medium,warm,200,84.13,84.13,0.0,77.43,6.7,False,77.4,0.0,0.02,0.0,,77.43,4
1751,1751,fastfouriertransform,large,warm,200,384.01,384.01,0.0,4.7,379.31,False,,0.0,3.86,0.0,0.83,4.7,4
1752,1752,fastfouriertransform,small,warm,200,290.41,290.4,0.01,4.67,285.73,False,,0.0,3.86,0.0,0.8,4.67,3
1753,1753,fetchdata,medium,warm,200,79.88,79.88,0.0,75.38,4.5,False,75.35,0.0,0.02,0.0,,75.38,4
1754,1754,fastfouriertransform,small,warm,200,97.19,97.18,0.01,4.61,92.57,False,,0.0,3.85,0.0,0.75,4.61,4
1755,1755,linpack,small,warm,200,13.59,13.58,0.01,5.53,8.05,False,,0.0,0.36,4.39,0.78,5.53,1
1756,1756,linpack,large,warm,200,12.69,12.69,0.0,5.05,7.64,False,,0.0,0.33,3.98,0.74,5.05,1
1757,1757,matrixmul,small,warm,200,24.72,23.06,1.67,6.12,16.94,False,,0.0,0.54,4.74,0.83,6.12,1
1758,1758,fastfouriertransform,large,warm,200,19.86,19.85,0.01,4.81,15.04,False,,0.0,3.96,0.0,0.85,4.81,1
1759,1759,genmatrix,small,warm,200,7.21,6.33,0.88,0.12,6.21,False,,0.0,0.03,,0.09,0.12,1
1760,1760,matrixmul,large,warm,200,19.64,18.11,1.52,5.4,12.71,False,,0.0,0.37,4.41,0.62,5.4,1
1761,1761,fetchdata,medium,warm,200,80.99,80.99,0.0,76.16,4.83,False,76.13,0.0,0.02,0.0,,76.16,1
1762,1762,fastfouriertransform,small,warm,200,21.44,21.44,0.0,5.4,16.03,False,,0.0,4.5,0.01,0.89,5.4,1
1763,1763,matrixmul,small,warm,200,27.79,25.92,1.87,9.87,16.05,False,,0.0,0.39,8.67,0.81,9.87,1
1764,1764,fastfouriertransform,small,warm,200,23.45,23.45,0.0,5.03,18.42,False,,0.0,4.05,0.01,0.96,5.03,1
1765,1765,genmatrix,medium,warm,200,13.61,11.62,1.99,0.26,11.36,False,,0.0,0.02,,0.23,0.26,1
1766,1766,genmatrix,small,warm,200,10.61,9.8,0.81,0.12,9.68,False,,0.0,0.02,,0.09,0.12,1
1767,1767,matrixmul,small,warm,200,24.68,22.74,1.94,7.78,14.95,False,,0.0,0.54,6.36,0.87,7.78,1
1768,1768,fetchdata,small,warm,200,84.1,84.1,0.0,78.54,5.56,False,78.51,0.0,0.02,0.0,,78.54,1
1769,1769,linpack,large,warm,200,16.67,16.67,0.0,5.11,11.56,False,,0.0,0.35,4.0,0.75,5.11,1
1770,1770,fastfouriertransform,large,warm,200,21.43,21.43,0.0,6.62,14.81,False,,0.0,5.81,0.0,0.8,6.62,1
1771,1771,fetchdata,medium,warm,200,80.54,80.53,0.01,75.8,4.73,False,75.77,0.0,0.02,0.0,,75.8,1
1772,1772,genmatrix,large,warm,200,38.32,31.29,7.03,0.82,30.48,False,,0.0,0.02,,0.79,0.81,1
1773,1773,fetchdata,large,warm,200,80.96,80.96,0.01,76.21,4.75,False,76.19,0.0,0.02,0.0,,76.21,1
1774,1774,fetchdata,medium,warm,200,83.3,83.29,0.0,77.08,6.21,False,77.05,0.0,0.02,0.0,,77.08,1
1775,1775,linpack,large,warm,200,14.37,14.36,0.0,5.22,9.14,False,,0.0,0.35,4.01,0.86,5.22,1
1776,1776,matrixmul,small,warm,200,20.17,18.66,1.51,5.26,13.4,False,,0.0,0.37,4.22,0.66,5.26,1
1777,1777,fastfouriertransform,small,warm,200,20.13,20.12,0.0,7.31,12.81,False,,0.0,6.53,0.0,0.77,7.31,1
1778,1778,fetchdata,small,warm,200,81.14,81.13,0.01,76.46,4.68,False,76.43,0.0,0.02,0.0,,76.45,1
1779,1779,linpack,large,warm,200,11.85,11.84,0.01,5.13,6.72,False,,0.0,0.35,4.01,0.76,5.13,1
1780,1780,matrixmul,medium,warm,200,722.55,720.17,2.38,703.56,16.61,False,,0.0,0.4,4.28,698.88,703.56,1
1781,1781,matrixmul,medium,warm,200,1357.33,1354.22,3.11,726.84,627.37,False,,0.0,0.54,6.51,719.79,726.84,2
1782,1782,fetchdata,small,warm,200,84.46,84.46,0.0,79.03,5.42,False,79.01,0.0,0.02,0.0,,79.03,3
1783,1783,genmatrix,large,warm,200,43.15,34.87,8.28,0.82,34.05,False,,0.0,0.02,,0.8,0.82,3
1784,1784,fastfouriertransform,small,warm,200,16.93,16.92,0.0,4.66,12.27,False,,0.0,3.87,0.0,0.78,4.66,3
1785,1785,linpack,large,warm,200,12.34,12.33,0.01,5.11,7.22,False,,0.0,0.36,4.0,0.75,5.11,3
1786,1786,linpack,large,warm,200,13.85,13.84,0.0,5.46,8.39,False,,0.0,0.37,4.03,1.05,5.45,3
1787,1787,linpack,medium,warm,200,741.38,741.38,0.01,732.32,9.06,False,,0.0,0.35,4.02,727.94,732.31,3
1788,1788,fastfouriertransform,large,warm,200,20.23,20.23,0.01,5.02,15.21,False,,0.0,4.02,0.01,0.99,5.02,3
1789,1789,genmatrix,small,warm,200,8.61,7.84,0.77,0.13,7.71,False,,0.0,0.03,,0.1,0.13,3
1790,1790,linpack,large,warm,200,16.28,16.28,0.01,5.9,10.38,False,,0.0,0.36,4.74,0.79,5.9,3
1791,1791,linpack,small,warm,200,12.14,12.14,0.01,5.15,6.99,False,,0.0,0.36,4.03,0.76,5.15,3
1792,1792,matrixmul,medium,warm,200,1051.81,1050.82,0.99,774.86,275.96,False,,0.0,0.38,4.52,769.96,774.86,3
1793,1793,fastfouriertransform,small,warm,200,19.91,19.91,0.0,5.39,14.52,False,,0.0,4.54,0.0,0.84,5.39,4
1794,1794,matrixmul,medium,warm,200,1610.25,1608.83,1.42,762.44,846.39,False,,0.0,0.43,4.53,757.47,762.44,4
1795,1795,fastfouriertransform,small,warm,200,21.16,21.15,0.0,4.69,16.47,False,,0.0,3.91,0.0,0.77,4.68,3
1796,1796,matrixmul,large,cold,200,1427.29,1425.8,1.5,7.92,1417.87,False,,0.0,0.53,6.45,0.93,7.92,3
1797,1797,linpack,small,warm,200,12.33,12.32,0.01,5.22,7.11,False,,0.0,0.38,4.07,0.77,5.22,4
1798,1798,linpack,small,warm,200,11.25,11.25,0.0,5.08,6.17,False,,0.0,0.34,4.0,0.73,5.08,4
1799,1799,genmatrix,medium,warm,200,12.44,10.32,2.11,0.21,10.11,False,,0.0,0.02,,0.19,0.21,4
1800,1800,fetchdata,medium,warm,200,85.59,85.59,0.01,78.05,7.54,False,78.02,0.0,0.02,0.0,,78.05,4
1801,1801,linpack,medium,warm,200,733.15,733.14,0.01,720.25,12.9,False,,0.0,0.36,4.05,715.83,720.24,4
1802,1802,genmatrix,large,warm,200,40.38,33.06,7.32,0.91,32.15,False,,0.0,0.03,,0.87,0.91,5
1803,1803,fetchdata,medium,warm,200,80.72,80.71,0.0,75.78,4.94,False,75.75,0.0,0.02,0.0,,75.78,4
1804,1804,fastfouriertransform,small,warm,200,17.73,17.72,0.0,4.59,13.13,False,,0.0,3.86,0.0,0.72,4.59,4
1805,1805,linpack,small,warm,200,339.54,339.53,0.0,5.39,334.14,False,,0.0,0.37,4.15,0.86,5.39,4
1806,1806,fastfouriertransform,medium,warm,200,771.99,771.99,0.01,756.6,15.39,False,,0.0,3.89,0.0,752.7,756.6,5
1807,1807,fetchdata,small,warm,200,84.39,84.38,0.01,79.09,5.29,False,79.06,0.0,0.02,0.0,,79.09,6
1808,1808,fastfouriertransform,medium,warm,200,1320.82,1320.81,0.01,748.02,572.8,False,,0.0,4.49,0.01,743.51,748.01,6
1809,1809,linpack,medium,warm,200,716.98,716.97,0.01,709.19,7.79,False,,0.0,0.38,5.44,703.37,709.18,5
1810,1810,linpack,medium,warm,200,1326.52,1326.51,0.01,706.59,619.92,False,,0.0,0.46,4.32,701.8,706.58,6
1811,1811,matrixmul,large,warm,200,20.37,19.0,1.37,5.52,13.49,False,,0.0,0.41,4.46,0.64,5.51,5
1812,1812,matrixmul,small,warm,200,21.72,19.52,2.21,5.52,13.99,False,,0.0,0.4,4.48,0.64,5.52,5
1813,1813,linpack,large,cold,200,1042.53,1042.52,0.01,5.38,1037.14,False,,0.0,0.37,4.15,0.85,5.38,5
1814,1814,linpack,small,warm,200,950.57,950.57,0.01,5.35,945.21,False,,0.0,0.4,4.07,0.87,5.35,5
1815,1815,genmatrix,small,warm,200,10.38,10.38,0.01,0.12,10.26,False,,0.0,0.02,,0.09,0.12,6
1816,1816,genmatrix,small,warm,200,6.24,5.39,0.85,0.12,5.27,False,,0.0,0.02,,0.09,0.12,6
1817,1817,linpack,small,warm,200,634.54,634.54,0.0,5.33,629.21,False,,0.0,0.36,4.11,0.85,5.33,5
1818,1818,fetchdata,large,warm,200,79.62,79.61,0.0,75.19,4.43,False,75.16,0.0,0.02,0.0,,75.18,6
1819,1819,genmatrix,medium,warm,200,12.98,9.87,3.11,0.22,9.65,False,,0.0,0.02,,0.19,0.22,6
1820,1820,linpack,large,warm,200,357.4,357.39,0.0,5.27,352.12,False,,0.0,0.4,4.08,0.79,5.27,6
1821,1821,fastfouriertransform,medium,warm,200,761.46,761.45,0.01,737.24,24.22,False,,0.0,3.93,0.0,733.29,737.23,7
1822,1822,matrixmul,large,warm,200,21.51,19.08,2.43,5.61,13.47,False,,0.0,0.46,4.48,0.66,5.6,7
1823,1823,fetchdata,small,warm,200,79.65,79.64,0.0,75.54,4.11,False,75.51,0.0,0.02,0.0,,75.54,7
1824,1824,fetchdata,small,warm,200,79.85,79.85,0.0,75.45,4.39,False,75.43,0.0,0.02,0.0,,75.45,2
1825,1825,matrixmul,small,warm,200,19.97,18.71,1.26,5.41,13.3,False,,0.0,0.39,4.37,0.64,5.41,2
1826,1826,matrixmul,large,warm,200,25.2,23.13,2.07,7.81,15.32,False,,0.0,0.54,6.37,0.9,7.81,2
1827,1827,linpack,small,warm,200,15.17,15.16,0.0,5.13,10.04,False,,0.0,0.35,4.02,0.75,5.13,2
1828,1828,genmatrix,large,warm,200,40.12,33.38,6.74,0.94,32.44,False,,0.0,0.03,,0.9,0.94,2
1829,1829,fetchdata,small,warm,200,80.44,80.44,0.01,75.82,4.61,False,75.8,0.0,0.02,0.0,,75.82,1
1830,1830,fastfouriertransform,large,warm,200,19.66,19.66,0.01,5.0,14.66,False,,0.0,4.04,0.0,0.95,5.0,1
1831,1831,fetchdata,large,warm,200,80.88,80.87,0.0,76.16,4.71,False,76.13,0.0,0.02,0.0,,76.16,1
1832,1832,fastfouriertransform,small,warm,200,18.09,18.08,0.01,4.84,13.24,False,,0.0,4.02,0.0,0.82,4.84,1
1833,1833,matrixmul,medium,warm,200,761.08,759.41,1.67,743.33,16.08,False,,0.0,0.4,4.44,738.49,743.33,1
1834,1834,linpack,large,warm,200,19.57,19.57,0.01,9.17,10.4,False,,0.0,0.39,7.94,0.83,9.17,2
1835,1835,genmatrix,small,warm,200,9.36,8.59,0.77,0.22,8.37,False,,0.0,0.02,,0.19,0.22,2
1836,1836,genmatrix,small,warm,200,7.29,6.5,0.79,0.11,6.39,False,,0.0,0.02,,0.09,0.11,2
1837,1837,genmatrix,large,warm,200,37.71,31.04,6.68,0.83,30.21,False,,0.0,0.02,,0.8,0.83,2
1838,1838,fastfouriertransform,small,warm,200,17.73,17.72,0.0,4.68,13.04,False,,0.0,3.9,0.0,0.77,4.68,2
1839,1839,genmatrix,medium,warm,200,14.15,10.14,4.01,0.21,9.92,False,,0.0,0.02,,0.19,0.21,2
1840,1840,genmatrix,large,warm,200,43.81,34.96,8.85,0.89,34.08,False,,0.0,0.02,,0.86,0.88,2
1841,1841,fastfouriertransform,medium,warm,200,738.83,738.82,0.01,724.61,14.21,False,,0.0,4.21,0.01,720.4,724.61,1
1842,1842,linpack,large,warm,200,14.12,14.11,0.0,5.44,8.68,False,,0.0,0.37,4.23,0.83,5.44,2
1843,1843,fastfouriertransform,medium,warm,200,1282.89,1282.88,0.01,740.89,541.99,False,,0.0,3.94,0.01,736.94,740.88,2
1844,1844,matrixmul,large,warm,200,20.35,18.66,1.69,5.37,13.29,False,,0.0,0.39,4.36,0.62,5.37,3
1845,1845,genmatrix,small,warm,200,6.53,5.73,0.8,0.1,5.63,False,,0.0,0.02,,0.08,0.1,3
1846,1846,matrixmul,large,warm,200,23.22,20.94,2.27,5.73,15.21,False,,0.0,0.44,4.56,0.73,5.73,3
1847,1847,fetchdata,medium,warm,200,137.89,137.89,0.0,132.3,5.59,False,132.27,0.0,0.03,0.0,,132.3,3
1848,1848,fetchdata,medium,warm,200,118.61,118.61,0.0,77.99,40.62,False,77.96,0.0,0.02,0.0,,77.99,4
1849,1849,fastfouriertransform,large,warm,200,690.41,690.41,0.01,4.9,685.5,False,,0.0,3.94,0.0,0.95,4.9,3
1850,1850,fastfouriertransform,small,warm,200,600.94,600.93,0.01,4.95,595.98,False,,0.0,3.99,0.0,0.95,4.95,3
1851,1851,linpack,small,warm,200,16.21,16.2,0.01,5.13,11.07,False,,0.0,0.34,4.02,0.76,5.13,4
1852,1852,fastfouriertransform,small,warm,200,406.07,406.06,0.01,5.15,400.91,False,,0.0,4.21,0.01,0.93,5.15,4
1853,1853,fetchdata,small,warm,200,86.44,86.44,0.01,76.78,9.66,False,76.75,0.0,0.02,0.0,,76.78,5
1854,1854,matrixmul,medium,warm,200,751.61,749.79,1.82,733.55,16.24,False,,0.0,0.4,6.25,726.9,733.55,5
1855,1855,matrixmul,small,warm,200,669.55,667.57,1.98,8.0,659.57,False,,0.0,0.54,6.42,1.03,8.0,6
1856,1856,fetchdata,small,warm,200,80.44,80.44,0.0,75.16,5.28,False,75.14,0.0,0.02,0.0,,75.16,5
1857,1857,linpack,large,warm,200,11.86,11.85,0.0,5.11,6.75,False,,0.0,0.34,4.0,0.76,5.1,3
1858,1858,matrixmul,small,warm,200,388.51,387.37,1.14,7.98,379.39,False,,0.0,0.61,6.42,0.95,7.98,3
1859,1859,genmatrix,small,warm,200,6.1,5.2,0.9,0.1,5.1,False,,0.0,0.02,,0.08,0.1,4
1860,1860,matrixmul,large,warm,200,208.49,208.48,0.01,7.96,200.52,False,,0.0,0.56,6.43,0.96,7.96,4
1861,1861,genmatrix,medium,warm,200,19.33,17.52,1.81,0.33,17.19,False,,0.0,0.03,,0.3,0.33,5
1862,1862,fastfouriertransform,large,warm,200,18.71,18.7,0.0,4.92,13.78,False,,0.0,4.05,0.0,0.87,4.92,2
1863,1863,genmatrix,small,warm,200,10.86,10.03,0.83,0.11,9.92,False,,0.0,0.02,,0.09,0.11,1
1864,1864,linpack,large,warm,200,12.58,12.58,0.0,5.16,7.42,False,,0.0,0.36,4.04,0.76,5.16,1
1865,1865,fastfouriertransform,small,warm,200,17.92,17.91,0.01,4.63,13.28,False,,0.0,3.86,0.0,0.76,4.63,1
1866,1866,fetchdata,large,warm,200,83.81,83.8,0.01,79.03,4.77,False,79.01,0.0,0.02,0.0,,79.03,1
1867,1867,fastfouriertransform,medium,warm,200,756.68,756.67,0.0,740.95,15.72,False,,0.0,3.95,0.0,736.99,740.95,1
1868,1868,fastfouriertransform,medium,warm,200,1388.14,1388.13,0.01,728.02,660.11,False,,0.0,3.92,0.0,724.09,728.02,2
1869,1869,genmatrix,medium,warm,200,13.46,11.51,1.95,0.23,11.28,False,,0.0,0.03,,0.2,0.23,3
1870,1870,genmatrix,small,warm,200,9.07,8.22,0.85,0.12,8.1,False,,0.0,0.02,,0.09,0.12,3
1871,1871,linpack,medium,warm,200,731.09,731.08,0.01,723.29,7.79,False,,0.0,0.42,4.15,718.72,723.29,3
1872,1872,fastfouriertransform,medium,warm,200,1721.04,1721.04,0.01,730.7,990.33,False,,0.0,4.07,0.0,726.62,730.7,4
1873,1873,fetchdata,medium,warm,200,84.54,84.53,0.01,78.52,6.01,False,78.49,0.0,0.02,0.0,,78.52,5
1874,1874,linpack,medium,warm,200,1126.38,1126.38,0.01,694.41,431.96,False,,0.0,0.33,4.02,690.06,694.41,5
1875,1875,linpack,small,cold,200,1033.84,1033.83,0.0,5.26,1028.57,False,,0.0,0.39,4.09,0.78,5.26,5
1876,1876,matrixmul,medium,warm,200,689.44,688.07,1.36,673.05,15.03,False,,0.0,0.39,4.36,668.29,673.05,6
1877,1877,linpack,medium,warm,200,1554.62,1554.62,0.01,714.55,840.07,False,,0.0,0.36,3.99,710.2,714.55,7
1878,1878,fetchdata,large,warm,200,80.28,80.27,0.0,75.15,5.12,False,75.13,0.0,0.02,0.0,,75.15,8
1879,1879,linpack,small,cold,200,1358.62,1358.61,0.01,5.06,1353.56,False,,0.0,0.33,3.99,0.73,5.05,7
1880,1880,fetchdata,small,warm,200,87.13,87.13,0.01,80.41,6.72,False,80.38,0.0,0.02,0.0,,80.41,8
1881,1881,matrixmul,small,warm,200,201.15,199.31,1.84,5.5,193.81,False,,0.0,0.38,4.48,0.64,5.5,8
1882,1882,fetchdata,large,warm,200,80.27,80.27,0.01,75.65,4.62,False,75.62,0.0,0.02,0.0,,75.65,8
1883,1883,genmatrix,large,warm,200,37.79,30.06,7.74,0.79,29.26,False,,0.0,0.02,,0.77,0.79,7
1884,1884,fastfouriertransform,medium,warm,200,1260.49,1260.49,0.01,736.6,523.89,False,,0.0,3.9,0.0,732.68,736.6,6
1885,1885,fastfouriertransform,large,cold,200,1167.28,1167.27,0.01,4.99,1162.28,False,,0.0,3.94,0.01,1.04,4.99,7
1886,1886,matrixmul,large,warm,200,20.68,18.06,2.63,5.59,12.47,False,,0.0,0.44,4.51,0.63,5.59,6
1887,1887,genmatrix,small,warm,200,9.97,9.97,0.01,0.15,9.82,False,,0.0,0.06,,0.09,0.15,6
1888,1888,fetchdata,large,warm,200,84.57,84.57,0.01,78.26,6.31,False,78.23,0.0,0.02,0.0,,78.26,6
1889,1889,fetchdata,medium,warm,200,83.2,83.19,0.01,77.41,5.78,False,77.38,0.0,0.03,0.0,,77.41,6
1890,1890,matrixmul,small,warm,200,19.6,18.26,1.34,5.51,12.75,False,,0.0,0.41,4.46,0.63,5.51,5
1891,1891,fetchdata,large,warm,200,86.68,86.68,0.01,81.92,4.75,False,81.89,0.0,0.02,0.0,,81.92,5
1892,1892,genmatrix,small,warm,200,6.28,5.64,0.64,0.12,5.53,False,,0.0,0.02,,0.09,0.12,5
1893,1893,fastfouriertransform,small,warm,200,376.93,376.91,0.01,4.93,371.98,False,,0.0,3.98,0.01,0.94,4.93,3
1894,1894,linpack,medium,warm,200,717.46,717.45,0.01,709.19,8.26,False,,0.0,0.35,4.09,704.74,709.19,4
1895,1895,genmatrix,medium,warm,200,18.87,15.62,3.24,0.26,15.36,False,,0.0,0.03,,0.23,0.26,5
1896,1896,fastfouriertransform,large,warm,200,85.79,85.79,0.01,4.97,80.82,False,,0.0,3.97,0.0,0.99,4.97,5
1897,1897,fastfouriertransform,large,warm,200,20.39,20.39,0.01,5.0,15.39,False,,0.0,3.98,0.0,1.0,4.99,2
1898,1898,fetchdata,large,warm,200,80.85,80.84,0.01,76.69,4.15,False,76.67,0.0,0.02,0.0,,76.69,2
1899,1899,matrixmul,small,warm,200,19.73,17.67,2.06,5.37,12.3,False,,0.0,0.37,4.37,0.62,5.37,2
1900,1900,linpack,large,warm,200,123.91,123.9,0.01,5.15,118.75,False,,0.0,0.35,4.03,0.77,5.15,2
1901,1901,fastfouriertransform,medium,warm,200,734.15,734.14,0.01,719.6,14.54,False,,0.0,3.9,0.0,715.69,719.6,3
1902,1902,fetchdata,small,warm,200,83.8,83.8,0.01,78.29,5.5,False,78.26,0.0,0.02,0.0,,78.29,2
1903,1903,genmatrix,medium,warm,200,13.37,11.48,1.89,0.25,11.23,False,,0.0,0.02,,0.22,0.24,2
1904,1904,genmatrix,medium,warm,200,11.21,9.71,1.5,0.21,9.5,False,,0.0,0.02,,0.18,0.21,2
1905,1905,genmatrix,medium,warm,200,11.08,9.72,1.36,0.21,9.51,False,,0.0,0.02,,0.19,0.21,2
1906,1906,matrixmul,medium,warm,200,777.24,775.53,1.7,758.88,16.65,False,,0.0,0.38,4.45,754.04,758.88,2
1907,1907,fetchdata,small,warm,200,89.0,88.99,0.01,82.54,6.46,False,82.51,0.0,0.02,0.0,,82.53,3
1908,1908,fetchdata,small,warm,200,86.11,86.11,0.01,80.2,5.91,False,80.16,0.0,0.03,0.0,,80.2,3
1909,1909,linpack,small,warm,200,19.01,19.01,0.01,9.72,9.29,False,,0.0,0.41,7.2,2.11,9.72,2
1910,1910,fetchdata,small,warm,200,81.35,81.34,0.01,75.59,5.75,False,75.55,0.0,0.03,0.0,,75.59,2
1911,1911,fetchdata,medium,warm,200,80.18,80.17,0.01,75.48,4.7,False,75.45,0.0,0.02,0.0,,75.48,2
1912,1912,matrixmul,medium,warm,200,932.15,929.22,2.93,741.93,187.3,False,,0.0,0.55,6.56,734.8,741.92,2
1913,1913,matrixmul,small,warm,200,847.48,846.07,1.4,8.13,837.95,False,,0.0,0.58,6.52,1.02,8.12,3
1914,1914,linpack,medium,warm,200,727.58,727.58,0.0,718.28,9.3,False,,0.0,0.38,4.52,713.38,718.28,3
1915,1915,fetchdata,medium,warm,200,87.23,87.23,0.01,80.92,6.3,False,80.9,0.0,0.02,0.0,,80.92,4
1916,1916,genmatrix,medium,warm,200,12.81,10.61,2.2,0.22,10.39,False,,0.0,0.02,,0.19,0.22,4
1917,1917,genmatrix,small,warm,200,7.65,7.58,0.07,0.11,7.47,False,,0.0,0.02,,0.09,0.11,4
1918,1918,fastfouriertransform,small,warm,200,18.19,18.19,0.01,4.72,13.46,False,,0.0,3.88,0.0,0.83,4.72,4
1919,1919,genmatrix,large,warm,200,39.95,31.75,8.21,0.82,30.92,False,,0.0,0.02,,0.8,0.82,4
1920,1920,linpack,small,warm,200,136.87,136.86,0.01,5.47,131.39,False,,0.0,0.37,4.13,0.97,5.47,4
1921,1921,fetchdata,medium,warm,200,90.23,90.22,0.0,83.1,7.13,False,83.07,0.0,0.02,0.0,,83.09,5
1922,1922,fetchdata,small,warm,200,86.55,86.54,0.01,79.4,7.15,False,79.36,0.0,0.03,0.0,,79.4,1
1923,1923,fetchdata,medium,warm,200,83.37,83.36,0.01,78.54,4.82,False,78.51,0.0,0.02,0.0,,78.54,1
1924,1924,matrixmul,large,warm,200,25.77,23.22,2.55,7.79,15.43,False,,0.0,0.53,6.36,0.89,7.79,1
1925,1925,fastfouriertransform,large,warm,200,17.55,17.55,0.01,4.58,12.96,False,,0.0,3.85,0.0,0.73,4.58,1
1926,1926,genmatrix,medium,warm,200,10.76,8.64,2.11,0.2,8.44,False,,0.0,0.02,,0.18,0.2,1
1927,1927,fetchdata,small,warm,200,85.4,85.4,0.01,79.48,5.91,False,79.45,0.0,0.02,0.0,,79.48,1
1928,1928,matrixmul,medium,warm,200,723.56,721.8,1.76,705.9,15.9,False,,0.0,0.43,4.42,701.05,705.9,1
1929,1929,linpack,large,warm,200,16.05,16.04,0.01,7.76,8.29,False,,0.0,0.37,6.55,0.83,7.75,2
1930,1930,linpack,small,warm,200,14.63,14.63,0.01,6.56,8.06,False,,0.0,0.37,4.06,2.12,6.56,2
1931,1931,fastfouriertransform,medium,warm,200,788.35,788.34,0.01,774.13,14.21,False,,0.0,3.86,0.0,770.26,774.13,2
1932,1932,fastfouriertransform,small,warm,200,694.99,694.98,0.01,4.58,690.4,False,,0.0,3.83,0.0,0.74,4.58,3
1933,1933,fastfouriertransform,small,warm,200,608.13,608.12,0.01,4.57,603.56,False,,0.0,3.81,0.0,0.75,4.56,4
1934,1934,fastfouriertransform,small,warm,200,508.17,508.17,0.0,4.85,503.32,False,,0.0,3.96,0.0,0.88,4.85,5
1935,1935,fetchdata,small,warm,200,82.08,82.07,0.0,76.9,5.17,False,76.87,0.0,0.02,0.0,,76.9,6
1936,1936,matrixmul,medium,warm,200,765.97,763.77,2.21,747.56,16.21,False,,0.0,0.56,6.38,740.61,747.55,5
1937,1937,fastfouriertransform,large,warm,200,217.65,217.64,0.01,6.94,210.7,False,,0.0,6.12,0.0,0.81,6.94,6
1938,1938,linpack,medium,warm,200,722.51,722.51,0.01,714.71,7.8,False,,0.0,0.36,4.04,710.31,714.7,7
1939,1939,fastfouriertransform,small,warm,200,25.53,25.53,0.01,4.92,20.61,False,,0.0,4.04,0.0,0.87,4.92,6
1940,1940,fastfouriertransform,small,warm,200,20.98,20.97,0.01,4.88,16.09,False,,0.0,3.97,0.01,0.9,4.88,3
1941,1941,matrixmul,small,warm,200,282.52,280.45,2.07,7.94,272.51,False,,0.0,0.55,6.47,0.92,7.94,3
1942,1942,fastfouriertransform,medium,warm,200,753.08,753.08,0.01,735.16,17.92,False,,0.0,6.18,0.0,728.96,735.16,4
1943,1943,fastfouriertransform,small,warm,200,661.42,661.41,0.01,4.9,656.51,False,,0.0,3.95,0.0,0.94,4.9,5
1944,1944,matrixmul,small,warm,200,25.37,23.74,1.63,7.84,15.9,False,,0.0,0.58,6.36,0.89,7.84,4
1945,1945,fetchdata,large,warm,200,81.72,81.71,0.01,76.59,5.12,False,76.56,0.0,0.02,0.0,,76.59,4
1946,1946,matrixmul,large,warm,200,21.23,19.23,2.0,5.47,13.76,False,,0.0,0.37,4.46,0.63,5.47,3
1947,1947,matrixmul,medium,warm,200,803.55,802.47,1.08,785.37,17.09,False,,0.0,0.38,4.65,780.33,785.37,3
1948,1948,fastfouriertransform,medium,warm,200,888.28,888.28,0.01,722.88,165.39,False,,0.0,3.95,0.0,718.93,722.88,4
1949,1949,matrixmul,small,warm,200,623.0,619.75,3.24,7.89,611.86,False,,0.0,0.53,6.43,0.92,7.89,5
1950,1950,genmatrix,small,warm,200,5.78,5.7,0.09,0.1,5.59,False,,0.0,0.02,,0.08,0.1,4
1951,1951,fetchdata,medium,warm,200,79.99,79.98,0.01,75.54,4.44,False,75.51,0.0,0.02,0.0,,75.54,4
1952,1952,genmatrix,medium,warm,200,11.01,8.74,2.27,0.21,8.53,False,,0.0,0.02,,0.18,0.21,4
1953,1953,fetchdata,small,warm,200,83.19,83.18,0.01,78.17,5.01,False,78.14,0.0,0.02,0.0,,78.17,4
1954,1954,linpack,large,warm,200,14.1,14.1,0.01,5.27,8.82,False,,0.0,0.37,4.07,0.83,5.27,4
1955,1955,linpack,small,warm,200,18.7,18.69,0.01,8.77,9.92,False,,0.0,0.42,7.49,0.86,8.77,4
1956,1956,genmatrix,medium,warm,200,12.14,10.36,1.78,0.22,10.13,False,,0.0,0.02,,0.19,0.22,2
1957,1957,matrixmul,large,warm,200,20.94,19.48,1.46,5.61,13.88,False,,0.0,0.42,4.54,0.64,5.61,1
1958,1958,matrixmul,small,warm,200,22.47,20.88,1.59,5.47,15.41,False,,0.0,0.42,4.4,0.65,5.46,1
1959,1959,fastfouriertransform,medium,warm,200,804.89,804.88,0.01,786.82,18.06,False,,0.0,3.89,0.0,782.92,786.82,1
1960,1960,matrixmul,small,warm,200,21.73,19.95,1.77,5.54,14.42,False,,0.0,0.37,4.47,0.69,5.54,2
1961,1961,matrixmul,small,warm,200,25.15,23.15,2.0,8.0,15.15,False,,0.0,0.4,6.89,0.7,8.0,2
1962,1962,linpack,small,warm,200,15.09,15.09,0.01,5.4,9.69,False,,0.0,0.37,4.23,0.79,5.4,2
1963,1963,linpack,small,warm,200,17.23,17.21,0.01,6.22,10.99,False,,0.0,0.43,4.88,0.91,6.22,2
1964,1964,matrixmul,large,warm,200,26.27,24.36,1.91,7.89,16.46,False,,0.0,0.52,6.46,0.91,7.89,2
1965,1965,genmatrix,medium,warm,200,11.28,9.52,1.76,0.21,9.31,False,,0.0,0.02,,0.18,0.21,2
1966,1966,linpack,medium,warm,200,685.25,685.24,0.01,676.03,9.21,False,,0.0,0.37,4.04,671.62,676.03,2
1967,1967,genmatrix,large,warm,200,38.93,30.49,8.44,0.78,29.7,False,,0.0,0.02,,0.76,0.78,3
1968,1968,linpack,medium,warm,200,1190.39,1190.37,0.01,700.81,489.57,False,,0.0,0.33,3.97,696.49,700.8,2
1969,1969,matrixmul,medium,warm,200,671.0,670.99,0.0,648.99,22.01,False,,0.0,0.38,4.47,644.13,648.99,3
1970,1970,fetchdata,small,warm,200,82.32,82.3,0.01,76.85,5.45,False,76.83,0.0,0.02,0.0,,76.85,4
1971,1971,genmatrix,large,warm,200,36.61,29.53,7.08,0.78,28.75,False,,0.0,0.02,,0.75,0.77,4
1972,1972,fetchdata,small,warm,200,81.22,81.22,0.01,76.39,4.83,False,76.36,0.0,0.02,0.0,,76.39,4
1973,1973,genmatrix,small,warm,200,5.87,5.32,0.56,0.1,5.21,False,,0.0,0.02,,0.08,0.1,3
1974,1974,matrixmul,large,warm,200,182.56,178.54,4.02,5.87,172.67,False,,0.04,0.43,4.63,0.77,5.86,3
1975,1975,genmatrix,large,warm,200,45.47,34.94,10.53,0.85,34.1,False,,0.0,0.02,,0.82,0.85,4
1976,1976,fetchdata,small,warm,200,82.8,82.79,0.01,76.96,5.84,False,76.87,0.0,0.08,0.0,,76.96,2
1977,1977,fastfouriertransform,small,warm,200,28.53,28.52,0.01,5.88,22.64,False,,0.0,4.9,0.01,0.97,5.88,2
1978,1978,fetchdata,medium,warm,200,79.92,79.91,0.01,75.25,4.65,False,75.23,0.0,0.02,0.0,,75.25,2
1979,1979,linpack,large,warm,200,94.55,94.54,0.01,5.11,89.42,False,,0.0,0.37,4.0,0.74,5.11,2
1980,1980,fastfouriertransform,small,warm,200,26.78,26.77,0.01,4.72,22.05,False,,0.0,3.86,0.0,0.86,4.72,1
1981,1981,linpack,medium,warm,200,721.22,721.21,0.01,711.87,9.34,False,,0.0,0.38,4.07,707.41,711.87,1
1982,1982,genmatrix,small,warm,200,12.23,9.84,2.39,0.14,9.7,False,,0.0,0.03,,0.11,0.14,2
1983,1983,fetchdata,small,warm,200,83.7,83.7,0.0,78.09,5.61,False,78.06,0.0,0.02,0.0,,78.09,2
1984,1984,linpack,medium,warm,200,1124.34,1124.33,0.01,701.43,422.89,False,,0.0,0.36,4.04,697.03,701.43,2
1985,1985,genmatrix,large,warm,200,40.69,32.57,8.12,0.82,31.75,False,,0.0,0.02,,0.79,0.82,3
1986,1986,fastfouriertransform,large,warm,200,18.33,18.33,0.01,4.61,13.72,False,,0.0,3.85,0.0,0.75,4.61,3
1987,1987,genmatrix,large,warm,200,37.8,31.11,6.7,0.78,30.33,False,,0.0,0.02,,0.75,0.78,3
1988,1988,linpack,small,warm,200,741.72,741.71,0.01,5.56,736.15,False,,0.0,0.34,4.18,1.04,5.56,3
1989,1989,linpack,small,warm,200,631.44,631.42,0.01,5.14,626.29,False,,0.0,0.35,4.03,0.76,5.14,3
1990,1990,matrixmul,large,warm,200,23.97,22.19,1.78,5.54,16.65,False,,0.0,0.43,4.42,0.68,5.54,4
1991,1991,genmatrix,small,warm,200,8.95,8.51,0.44,0.13,8.38,False,,0.0,0.02,,0.1,0.13,4
1992,1992,matrixmul,small,warm,200,23.1,19.67,3.42,5.34,14.34,False,,0.0,0.37,4.34,0.62,5.34,4
1993,1993,fastfouriertransform,small,warm,200,35.0,34.99,0.01,4.88,30.11,False,,0.0,4.05,0.0,0.82,4.88,4
1994,1994,fetchdata,large,warm,200,84.91,84.89,0.02,78.55,6.35,False,78.52,0.0,0.02,0.0,,78.55,4
1995,1995,fetchdata,small,warm,200,86.38,86.37,0.01,80.21,6.16,False,80.18,0.0,0.02,0.0,,80.21,4
1996,1996,linpack,medium,warm,200,723.45,723.43,0.02,712.39,11.04,False,,0.0,0.37,8.1,703.91,712.38,1
1997,1997,fastfouriertransform,medium,warm,200,779.38,779.36,0.02,738.65,40.71,False,,0.0,4.04,0.01,734.59,738.64,2
1998,1998,linpack,small,warm,200,530.17,530.15,0.02,5.36,524.8,False,,0.0,0.36,4.12,0.87,5.36,3
1999,1999,fetchdata,medium,warm,200,87.54,87.52,0.02,82.0,5.52,False,81.97,0.0,0.03,0.0,,82.0,4
2000,2000,fetchdata,medium,warm,200,86.81,86.79,0.02,81.06,5.73,False,81.03,0.0,0.02,0.0,,81.06,4
