index,request_id,function,size,type,status,latency_ms,ttfb_ms,output_transfer_ms,execution_time_ms,system_overhead_ms,cold_start_server,io_ms,binary_read_ms,json_parsing_ms,parameter_extraction_ms,compute_ms,total_server_ms,in_flight
0,0,fastfouriertransform,small,cold,200,2135.15,2135.15,0.0,8.92,2126.23,True,,0.0,4.89,0.02,4.0,8.91,1
1,1,genmatrix,small,cold,200,2082.83,2082.82,0.01,9.38,2073.44,True,,0.0,0.04,,9.33,9.37,2
2,2,fetchdata,small,cold,200,2001.07,2001.06,0.01,145.98,1855.08,True,145.93,0.0,0.04,0.0,,145.98,3
3,3,fastfouriertransform,large,cold,200,1877.24,1877.24,0.0,4.96,1872.27,False,,0.0,4.06,0.01,0.89,4.96,4
4,4,linpack,small,cold,200,1614.74,1614.73,0.0,5.32,1609.41,True,,0.0,0.39,4.08,0.85,5.32,5
5,5,linpack,medium,cold,200,3521.62,3521.61,0.01,665.22,2856.39,False,,0.0,0.4,4.08,660.74,665.22,6
6,6,fastfouriertransform,small,cold,200,1584.83,1584.83,0.0,5.04,1579.79,False,,0.0,4.03,0.01,0.99,5.04,7
7,7,fastfouriertransform,small,cold,200,1453.3,1453.29,0.0,4.91,1448.39,False,,0.0,4.06,0.01,0.83,4.91,8
8,8,fetchdata,large,cold,200,1479.36,1479.35,0.0,80.81,1398.55,False,80.77,0.0,0.03,0.0,,80.8,9
9,9,linpack,small,cold,200,3129.5,3129.5,0.0,5.29,3124.21,False,,0.0,0.38,4.11,0.79,5.29,10
10,10,linpack,small,cold,200,1022.85,1022.85,0.01,5.15,1017.7,False,,0.0,0.36,4.02,0.76,5.15,11
11,11,linpack,medium,warm,200,1607.77,1607.76,0.01,670.59,937.17,False,,0.0,0.4,4.08,666.1,670.59,12
12,12,fetchdata,medium,cold,200,1236.11,1236.11,0.0,77.35,1158.75,False,77.32,0.0,0.02,0.0,,77.35,13
13,13,linpack,medium,cold,200,2055.1,2055.09,0.0,659.12,1395.97,False,,0.0,0.33,4.06,654.73,659.12,14
14,14,fastfouriertransform,small,warm,200,760.47,760.47,0.0,4.84,755.64,False,,0.0,4.02,0.01,0.8,4.83,15
15,15,matrixmul,medium,cold,200,2660.16,2655.46,4.7,551.9,2103.56,True,,0.0,0.41,5.74,545.74,551.9,16
16,16,genmatrix,small,warm,200,588.67,588.66,0.0,0.2,588.47,False,,0.0,0.06,,0.14,0.2,17
17,17,fetchdata,medium,warm,200,659.48,659.47,0.0,77.96,581.51,False,77.93,0.0,0.03,0.0,,77.96,18
18,18,fastfouriertransform,small,warm,200,363.73,363.73,0.0,5.11,358.62,False,,0.0,4.18,0.01,0.91,5.1,19
19,19,matrixmul,small,cold,200,2279.6,2273.45,6.15,5.1,2268.35,False,,0.0,0.38,4.06,0.65,5.09,20
20,20,genmatrix,medium,warm,200,203.09,196.42,6.67,0.31,196.1,False,,0.0,0.04,,0.27,0.31,21
21,21,linpack,medium,cold,200,2596.54,2596.54,0.0,665.11,1931.43,False,,0.0,0.37,4.05,660.68,665.11,20
22,22,fastfouriertransform,large,warm,200,28.53,28.53,0.01,4.89,23.63,False,,0.0,4.08,0.01,0.8,4.89,11
23,23,matrixmul,large,cold,200,1880.06,1874.33,5.73,5.76,1868.57,False,,0.0,0.99,4.14,0.61,5.75,10
24,24,fastfouriertransform,medium,warm,200,751.71,751.7,0.0,728.91,22.79,False,,0.0,3.88,0.0,725.02,728.91,10
25,25,fastfouriertransform,large,warm,200,666.34,666.34,0.01,4.53,661.8,False,,0.0,3.8,0.0,0.73,4.53,10
26,26,genmatrix,large,warm,200,80.88,48.94,31.95,0.88,48.05,False,,0.0,0.03,,0.85,0.88,11
27,27,linpack,medium,cold,200,2657.11,2657.11,0.0,666.13,1990.98,False,,0.0,0.34,4.05,661.74,666.13,11
28,28,linpack,small,cold,200,2574.08,2574.07,0.01,5.4,2568.67,False,,0.0,0.38,4.15,0.86,5.39,11
29,29,fastfouriertransform,small,warm,200,276.77,276.76,0.01,4.54,272.22,False,,0.0,3.8,0.0,0.74,4.54,12
30,30,fetchdata,medium,warm,200,87.31,87.3,0.0,76.55,10.75,False,76.51,0.0,0.03,0.0,,76.55,13
31,31,fastfouriertransform,small,warm,200,75.5,75.5,0.0,4.5,71.0,False,,0.0,3.8,0.0,0.69,4.49,13
32,32,fastfouriertransform,medium,warm,200,789.96,789.95,0.0,756.02,33.93,False,,0.0,4.06,0.01,751.95,756.02,10
33,33,genmatrix,medium,warm,200,19.64,15.67,3.96,0.23,15.45,False,,0.0,0.03,,0.19,0.23,11
34,34,genmatrix,small,warm,200,14.98,14.98,0.0,0.13,14.85,False,,0.0,0.03,,0.1,0.13,10
35,35,genmatrix,medium,warm,200,75.11,19.78,55.32,0.23,19.55,False,,0.0,0.04,,0.19,0.23,10
36,36,fetchdata,large,warm,200,91.4,91.39,0.0,81.2,10.19,False,81.16,0.0,0.03,0.0,,81.2,10
37,37,genmatrix,large,warm,200,67.49,48.3,19.2,0.83,47.47,False,,0.0,0.03,,0.79,0.83,10
38,38,fastfouriertransform,large,warm,200,199.43,199.42,0.01,4.93,194.49,False,,0.0,4.01,0.0,0.91,4.93,10
39,39,fetchdata,large,warm,200,102.22,102.21,0.01,80.44,21.77,False,80.4,0.0,0.03,0.0,,80.44,11
40,40,fetchdata,small,warm,200,98.67,98.66,0.0,83.89,14.78,False,83.84,0.0,0.03,0.0,,83.88,9
41,41,matrixmul,medium,warm,200,646.8,640.76,6.05,550.51,90.25,False,,0.0,0.37,4.03,546.09,550.51,8
42,42,genmatrix,large,warm,200,88.99,41.83,47.16,0.82,41.02,False,,0.0,0.02,,0.79,0.81,5
43,43,linpack,small,cold,200,1067.83,1067.82,0.01,5.43,1062.39,False,,0.0,0.4,4.16,0.86,5.43,5
44,44,genmatrix,small,warm,200,12.14,12.14,0.0,0.11,12.03,False,,0.0,0.02,,0.08,0.11,6
45,45,fetchdata,small,warm,200,94.97,94.96,0.0,84.14,10.82,False,84.11,0.0,0.02,0.0,,84.14,6
46,46,genmatrix,medium,warm,200,24.42,20.06,4.36,0.23,19.83,False,,0.0,0.03,,0.2,0.23,6
47,47,genmatrix,small,warm,200,15.33,15.32,0.0,0.14,15.18,False,,0.0,0.04,,0.1,0.14,5
48,48,fetchdata,large,warm,200,91.64,91.64,0.01,79.91,11.73,False,79.88,0.0,0.02,0.0,,79.91,4
49,49,genmatrix,small,warm,200,20.08,20.08,0.01,0.11,19.97,False,,0.0,0.02,,0.09,0.11,4
50,50,matrixmul,medium,warm,200,590.2,590.19,0.0,561.66,28.53,False,,0.0,0.37,4.1,557.18,561.66,4
51,51,matrixmul,small,warm,200,507.64,500.8,6.84,4.94,495.86,False,,0.0,0.36,4.01,0.57,4.94,5
52,52,genmatrix,small,warm,200,15.6,15.59,0.0,0.12,15.48,False,,0.0,0.02,,0.09,0.12,6
53,53,fetchdata,large,warm,200,111.13,111.12,0.0,90.44,20.68,False,90.41,0.0,0.02,0.0,,90.44,6
54,54,linpack,large,warm,200,64.64,64.64,0.0,5.17,59.46,False,,0.0,0.36,4.03,0.78,5.17,4
55,55,genmatrix,large,warm,200,81.21,41.87,39.34,0.9,40.97,False,,0.0,0.03,,0.87,0.9,3
56,56,linpack,medium,warm,200,689.79,689.78,0.01,673.89,15.89,False,,0.0,0.34,4.02,669.52,673.89,2
57,57,linpack,medium,warm,200,1290.1,1290.1,0.0,688.4,601.69,False,,0.0,0.33,4.04,684.03,688.4,2
58,58,genmatrix,small,warm,200,11.38,11.38,0.0,0.11,11.27,False,,0.0,0.02,,0.09,0.11,3
59,59,fetchdata,large,warm,200,94.27,94.27,0.0,79.77,14.5,False,79.74,0.0,0.02,0.0,,79.77,3
60,60,matrixmul,small,warm,200,26.35,26.34,0.0,5.8,20.54,False,,0.0,0.39,4.77,0.63,5.8,3
61,61,fastfouriertransform,small,warm,200,27.87,27.87,0.0,7.92,19.95,False,,0.0,7.04,0.01,0.86,7.92,3
62,62,fetchdata,large,warm,200,90.62,90.62,0.0,78.12,12.5,False,78.09,0.0,0.02,0.0,,78.12,3
63,63,fetchdata,large,warm,200,91.99,91.99,0.0,78.22,13.76,False,78.19,0.0,0.02,0.0,,78.22,2
64,64,matrixmul,large,warm,200,33.26,33.26,0.01,4.93,28.33,False,,0.0,0.35,4.0,0.57,4.93,2
65,65,fastfouriertransform,medium,warm,200,779.05,779.05,0.0,754.47,24.58,False,,0.0,4.34,0.01,750.11,754.46,2
66,66,matrixmul,large,warm,200,36.01,31.64,4.37,5.14,26.5,False,,0.0,0.4,4.12,0.62,5.14,3
67,67,matrixmul,large,warm,200,25.15,25.14,0.0,5.46,19.68,False,,0.0,0.42,4.24,0.78,5.46,3
68,68,genmatrix,large,warm,200,79.67,40.13,39.54,0.88,39.25,False,,0.0,0.02,,0.85,0.88,3
69,69,fastfouriertransform,large,warm,200,390.57,390.57,0.01,4.89,385.68,False,,0.0,4.05,0.0,0.82,4.89,3
70,70,fastfouriertransform,large,warm,200,303.74,303.73,0.01,4.65,299.08,False,,0.0,3.87,0.0,0.77,4.65,3
71,71,linpack,medium,warm,200,718.91,718.9,0.0,693.82,25.09,True,,0.0,0.33,3.98,689.5,693.82,4
72,72,genmatrix,small,warm,200,11.63,11.63,0.0,0.12,11.51,False,,0.0,0.02,,0.09,0.12,5
73,73,genmatrix,medium,warm,200,22.15,22.14,0.01,0.22,21.92,False,,0.0,0.03,,0.19,0.22,2
74,74,fetchdata,medium,warm,200,95.0,95.0,0.0,82.98,12.01,False,82.95,0.0,0.03,0.0,,82.98,2
75,75,fastfouriertransform,large,warm,200,24.5,24.5,0.01,4.75,19.75,False,,0.0,3.89,0.01,0.85,4.75,2
76,76,genmatrix,large,warm,200,53.09,37.3,15.78,0.83,36.48,False,,0.0,0.02,,0.8,0.82,2
77,77,fetchdata,large,warm,200,84.72,84.72,0.0,75.45,9.27,False,75.42,0.0,0.02,0.0,,75.45,2
78,78,fastfouriertransform,large,warm,200,31.42,31.41,0.0,4.7,26.71,False,,0.0,3.89,0.0,0.8,4.7,2
79,79,genmatrix,large,warm,200,68.21,49.1,19.11,1.0,48.1,False,,0.0,0.03,,0.96,1.0,1
80,80,linpack,large,warm,200,19.1,19.1,0.01,5.23,13.87,False,,0.0,0.36,4.04,0.83,5.23,1
81,81,fetchdata,small,warm,200,88.68,88.67,0.0,76.96,11.71,False,76.93,0.0,0.02,0.0,,76.96,1
82,82,genmatrix,small,warm,200,14.07,14.07,0.0,0.12,13.95,False,,0.0,0.02,,0.09,0.12,1
83,83,linpack,large,warm,200,20.01,20.01,0.0,5.08,14.93,False,,0.0,0.34,4.0,0.73,5.08,1
84,84,fastfouriertransform,large,warm,200,24.21,24.21,0.0,4.81,19.4,False,,0.0,4.04,0.0,0.76,4.81,1
85,85,genmatrix,medium,warm,200,22.83,14.8,8.03,0.22,14.59,False,,0.0,0.02,,0.19,0.21,1
86,86,fastfouriertransform,small,warm,200,31.73,31.73,0.0,6.68,25.05,False,,0.0,5.46,0.01,1.2,6.67,1
87,87,genmatrix,medium,warm,200,24.53,24.52,0.0,0.22,24.3,False,,0.0,0.02,,0.19,0.22,1
88,88,fetchdata,small,warm,200,87.14,87.13,0.0,76.87,10.26,False,76.84,0.0,0.02,0.0,,76.87,1
89,89,fetchdata,large,warm,200,85.45,85.45,0.0,76.21,9.24,False,76.18,0.0,0.02,0.0,,76.21,1
90,90,fastfouriertransform,small,warm,200,23.77,23.76,0.01,4.99,18.77,False,,0.0,3.97,0.01,1.01,4.99,1
91,91,matrixmul,small,warm,200,35.97,31.61,4.36,5.35,26.26,False,,0.0,0.45,4.2,0.69,5.35,1
92,92,linpack,small,warm,200,21.5,21.49,0.0,5.5,15.99,False,,0.0,0.37,4.32,0.79,5.5,1
93,93,fetchdata,large,warm,200,89.53,89.52,0.0,76.63,12.89,False,76.59,0.0,0.03,0.0,,76.63,1
94,94,matrixmul,large,warm,200,25.74,25.73,0.0,5.05,20.68,False,,0.0,0.37,4.07,0.61,5.05,1
95,95,fetchdata,medium,warm,200,85.95,85.94,0.0,74.89,11.06,False,74.86,0.0,0.02,0.0,,74.89,1
96,96,linpack,large,warm,200,21.07,21.07,0.0,5.18,15.89,False,,0.0,0.35,4.07,0.76,5.18,1
97,97,matrixmul,small,warm,200,29.37,29.36,0.01,5.15,24.21,False,,0.0,0.38,4.13,0.63,5.15,1
98,98,linpack,large,warm,200,26.58,26.58,0.0,6.85,19.73,False,,0.0,0.37,5.68,0.78,6.84,1
99,99,fetchdata,large,warm,200,86.46,86.46,0.0,76.1,10.36,False,76.07,0.0,0.02,0.0,,76.1,1
100,100,genmatrix,medium,warm,200,19.91,19.9,0.0,0.21,19.69,False,,0.0,0.02,,0.19,0.21,1
101,101,genmatrix,medium,warm,200,21.94,18.01,3.93,0.23,17.78,False,,0.0,0.03,,0.2,0.23,1
102,102,linpack,medium,warm,200,754.14,754.14,0.0,732.75,21.38,False,,0.0,0.36,4.08,728.3,732.75,1
103,103,fastfouriertransform,small,warm,200,27.66,27.65,0.0,4.79,22.86,False,,0.0,3.95,0.0,0.84,4.79,2
104,104,fetchdata,small,warm,200,89.18,89.18,0.0,78.58,10.59,False,78.55,0.0,0.02,0.0,,78.58,2
105,105,genmatrix,small,warm,200,71.07,14.23,56.84,0.12,14.11,False,,0.0,0.02,,0.1,0.12,2
106,106,linpack,large,warm,200,19.77,19.77,0.0,5.14,14.63,False,,0.0,0.35,4.04,0.75,5.14,2
107,107,fetchdata,large,warm,200,87.69,87.69,0.0,75.74,11.95,False,75.71,0.0,0.02,0.0,,75.74,2
108,108,fetchdata,small,warm,200,90.23,90.22,0.0,78.03,12.19,False,77.91,0.0,0.02,0.0,,77.94,2
109,109,fastfouriertransform,large,warm,200,30.82,30.81,0.0,5.23,25.58,False,,0.0,4.19,0.01,1.02,5.23,2
110,110,fastfouriertransform,small,warm,200,29.74,29.74,0.0,6.15,23.58,False,,0.0,5.3,0.0,0.84,6.15,1
111,111,fastfouriertransform,small,warm,200,24.3,24.29,0.0,6.18,18.11,False,,0.0,4.08,0.01,2.08,6.18,1
112,112,genmatrix,small,warm,200,16.58,16.57,0.0,0.12,16.45,False,,0.0,0.02,,0.09,0.12,1
113,113,linpack,small,warm,200,19.61,19.6,0.0,5.08,14.52,False,,0.0,0.34,4.01,0.73,5.08,1
114,114,genmatrix,large,warm,200,57.11,41.14,15.97,0.87,40.27,False,,0.0,0.02,,0.84,0.87,1
115,115,matrixmul,small,warm,200,35.09,35.09,0.01,9.45,25.63,False,,0.0,0.41,8.39,0.65,9.45,1
116,116,linpack,small,warm,200,20.01,20.01,0.01,5.24,14.77,False,,0.0,0.37,4.07,0.8,5.24,1
117,117,linpack,large,warm,200,20.45,20.45,0.0,5.66,14.79,False,,0.0,0.36,4.48,0.82,5.66,1
118,118,matrixmul,small,warm,200,22.54,22.53,0.0,5.04,17.49,False,,0.0,0.37,4.09,0.58,5.04,1
119,119,matrixmul,medium,warm,200,593.31,589.51,3.8,565.91,23.6,False,,0.0,0.35,4.04,561.51,565.91,1
120,120,fetchdata,small,warm,200,98.86,98.85,0.0,88.41,10.45,False,88.37,0.0,0.03,0.0,,88.4,2
121,121,fastfouriertransform,large,warm,200,30.96,30.95,0.0,5.34,25.62,False,,0.0,4.31,0.01,1.01,5.33,2
122,122,matrixmul,medium,warm,200,831.97,827.78,4.19,538.3,289.48,False,,0.0,0.4,4.15,533.75,538.3,2
123,123,matrixmul,medium,warm,200,1276.75,1276.75,0.0,541.41,735.34,False,,0.0,0.42,4.08,536.9,541.41,3
124,124,matrixmul,large,cold,200,1193.19,1187.96,5.23,5.21,1182.75,False,,0.0,0.43,4.11,0.65,5.21,4
125,125,fastfouriertransform,large,warm,200,26.07,26.07,0.01,6.1,19.97,False,,0.0,5.31,0.0,0.77,6.09,4
126,126,fastfouriertransform,small,warm,200,23.89,23.89,0.0,5.23,18.66,False,,0.0,4.45,0.0,0.77,5.23,4
127,127,matrixmul,large,warm,200,903.36,903.36,0.0,5.18,898.18,False,,0.0,0.38,4.17,0.62,5.17,4
128,128,genmatrix,small,warm,200,15.68,15.67,0.0,0.17,15.5,False,,0.0,0.04,,0.13,0.17,5
129,129,fetchdata,small,warm,200,90.25,90.25,0.0,77.97,12.28,False,77.94,0.0,0.02,0.0,,77.97,5
130,130,fetchdata,large,warm,200,86.44,86.44,0.01,76.25,10.19,False,76.22,0.0,0.02,0.0,,76.25,5
131,131,matrixmul,small,warm,200,525.99,520.26,5.73,5.18,515.08,False,,0.0,0.42,4.11,0.64,5.18,4
132,132,matrixmul,small,warm,200,431.43,431.42,0.0,5.09,426.33,False,,0.0,0.36,4.1,0.63,5.09,5
133,133,genmatrix,medium,warm,200,13.47,13.47,0.0,0.21,13.26,False,,0.0,0.02,,0.18,0.21,6
134,134,fetchdata,small,warm,200,94.0,94.0,0.0,79.59,14.41,False,79.56,0.0,0.02,0.0,,79.59,6
135,135,matrixmul,large,warm,200,138.39,138.38,0.01,5.18,133.2,False,,0.0,0.42,4.11,0.64,5.18,6
136,136,fastfouriertransform,small,warm,200,41.7,41.7,0.0,5.31,36.39,False,,0.0,4.4,0.01,0.89,5.31,4
137,137,linpack,small,warm,200,23.94,23.93,0.01,5.13,18.81,False,,0.0,0.36,4.01,0.75,5.12,1
138,138,fastfouriertransform,small,warm,200,23.19,23.18,0.0,4.59,18.59,False,,0.0,3.85,0.0,0.74,4.59,1
139,139,fetchdata,medium,warm,200,88.55,88.54,0.0,75.5,13.05,False,75.47,0.0,0.02,0.0,,75.5,1
140,140,matrixmul,medium,warm,200,564.02,564.02,0.0,544.66,19.36,False,,0.0,0.36,4.07,540.22,544.66,1
141,141,fetchdata,medium,warm,200,97.27,97.26,0.0,84.75,12.51,False,84.71,0.0,0.03,0.0,,84.75,2
142,142,fastfouriertransform,small,warm,200,29.13,29.13,0.01,5.76,23.37,False,,0.0,4.85,0.01,0.9,5.76,2
143,143,matrixmul,small,warm,200,284.06,284.05,0.01,4.94,279.11,False,,0.0,0.34,4.01,0.58,4.94,2
144,144,matrixmul,medium,warm,200,742.76,742.76,0.0,551.2,191.56,False,,0.0,0.37,4.01,546.81,551.2,3
145,145,matrixmul,medium,warm,200,1185.42,1185.42,0.0,538.64,646.77,False,,0.0,0.37,4.05,534.21,538.64,4
146,146,matrixmul,large,cold,200,1094.81,1094.81,0.01,5.19,1089.62,False,,0.0,0.35,4.19,0.64,5.19,3
147,147,linpack,large,warm,200,21.11,21.11,0.0,6.1,15.01,False,,0.0,0.38,4.9,0.81,6.1,4
148,148,matrixmul,small,warm,200,928.51,928.5,0.0,5.12,923.38,False,,0.0,0.37,4.07,0.68,5.12,4
149,149,fetchdata,medium,warm,200,99.0,98.99,0.0,84.36,14.63,False,84.32,0.0,0.03,0.0,,84.36,5
150,150,fetchdata,small,warm,200,88.84,88.84,0.0,77.43,11.41,False,77.39,0.0,0.02,0.0,,77.42,5
151,151,linpack,large,warm,200,20.84,20.84,0.0,5.13,15.71,False,,0.0,0.34,4.03,0.75,5.13,5
152,152,linpack,small,warm,200,18.47,18.46,0.0,5.07,13.39,False,,0.0,0.34,3.98,0.75,5.07,4
153,153,genmatrix,small,warm,200,12.68,12.68,0.0,0.12,12.56,False,,0.0,0.02,,0.09,0.11,4
154,154,fastfouriertransform,large,warm,200,27.12,27.12,0.0,5.51,21.61,False,,0.0,4.26,0.01,1.23,5.5,4
155,155,matrixmul,large,warm,200,233.2,233.2,0.0,5.03,228.17,False,,0.0,0.38,4.05,0.59,5.03,4
156,156,linpack,small,warm,200,21.9,21.9,0.0,5.42,16.48,False,,0.0,0.4,4.16,0.86,5.41,5
157,157,fastfouriertransform,large,warm,200,33.07,33.06,0.01,4.84,28.22,False,,0.0,4.02,0.0,0.81,4.84,3
158,158,fastfouriertransform,small,warm,200,25.1,25.09,0.0,4.65,20.44,False,,0.0,3.89,0.0,0.75,4.65,1
159,159,fastfouriertransform,large,warm,200,25.92,25.91,0.0,5.38,20.54,False,,0.0,4.61,0.0,0.75,5.38,1
160,160,fastfouriertransform,large,warm,200,27.8,27.8,0.0,5.26,22.54,False,,0.0,4.15,0.01,1.1,5.26,1
161,161,fetchdata,medium,warm,200,97.45,97.44,0.0,85.93,11.51,False,85.9,0.0,0.02,0.0,,85.93,1
162,162,fastfouriertransform,large,warm,200,30.11,30.1,0.01,8.52,21.58,False,,0.0,7.67,0.01,0.84,8.52,1
163,163,fetchdata,large,warm,200,87.92,87.92,0.01,76.73,11.19,False,76.7,0.0,0.02,0.0,,76.73,1
164,164,linpack,small,warm,200,18.53,18.53,0.0,5.09,13.43,False,,0.0,0.34,4.01,0.74,5.09,1
165,165,linpack,small,warm,200,18.66,18.66,0.0,5.1,13.56,False,,0.0,0.34,4.03,0.73,5.1,1
166,166,matrixmul,large,warm,200,25.92,25.91,0.0,5.09,20.82,False,,0.0,0.38,4.06,0.65,5.09,1
167,167,linpack,large,warm,200,24.78,24.78,0.0,5.29,19.49,False,,0.0,0.36,4.11,0.81,5.29,1
168,168,linpack,medium,warm,200,736.86,736.86,0.0,720.39,16.47,False,,0.0,0.39,4.71,715.28,720.39,1
169,169,genmatrix,small,warm,200,10.54,10.54,0.0,0.13,10.4,False,,0.0,0.03,,0.1,0.13,2
170,170,genmatrix,small,warm,200,12.87,12.87,0.0,0.12,12.74,False,,0.0,0.02,,0.1,0.12,2
171,171,genmatrix,medium,warm,200,15.42,15.42,0.0,0.21,15.21,False,,0.0,0.02,,0.18,0.21,2
172,172,fetchdata,large,warm,200,96.98,96.98,0.0,82.51,14.47,False,82.48,0.0,0.02,0.0,,82.51,2
173,173,genmatrix,medium,warm,200,18.46,18.45,0.0,0.23,18.22,False,,0.0,0.03,,0.2,0.23,2
174,174,genmatrix,small,warm,200,11.78,11.77,0.0,0.14,11.63,False,,0.0,0.03,,0.11,0.14,2
175,175,fastfouriertransform,medium,warm,200,754.88,754.88,0.0,733.86,21.01,False,,0.0,3.88,0.0,729.97,733.86,2
176,176,linpack,large,warm,200,33.65,33.64,0.0,5.23,28.41,False,,0.0,0.34,4.1,0.79,5.23,2
177,177,fastfouriertransform,small,warm,200,567.29,567.29,0.01,4.78,562.51,False,,0.0,3.91,0.0,0.86,4.78,2
178,178,linpack,small,warm,200,18.75,18.74,0.0,5.09,13.65,False,,0.0,0.34,4.01,0.74,5.09,3
179,179,linpack,medium,warm,200,718.91,718.9,0.0,701.96,16.94,False,,0.0,0.42,4.4,697.13,701.96,3
180,180,fetchdata,medium,warm,200,92.79,92.79,0.0,80.42,12.37,False,80.39,0.0,0.02,0.0,,80.41,4
181,181,fastfouriertransform,small,warm,200,172.71,172.71,0.01,4.92,167.78,False,,0.0,3.97,0.01,0.94,4.92,4
182,182,genmatrix,medium,warm,200,15.48,15.48,0.0,0.23,15.25,False,,0.0,0.03,,0.2,0.23,5
183,183,fetchdata,medium,warm,200,88.09,88.08,0.0,75.76,12.32,False,75.73,0.0,0.02,0.0,,75.76,2
184,184,linpack,large,warm,200,20.12,20.12,0.0,5.1,15.02,False,,0.0,0.34,4.02,0.73,5.1,2
185,185,genmatrix,large,warm,200,52.95,36.79,16.16,0.8,35.99,False,,0.0,0.02,,0.77,0.8,2
186,186,linpack,small,warm,200,23.46,23.45,0.01,5.41,18.04,False,,0.0,0.39,4.12,0.9,5.41,2
187,187,linpack,medium,warm,200,697.74,697.74,0.0,680.45,17.29,False,,0.0,0.37,4.05,676.02,680.45,1
188,188,fastfouriertransform,small,warm,200,24.61,24.61,0.0,5.6,19.0,False,,0.0,4.74,0.01,0.85,5.6,2
189,189,genmatrix,small,warm,200,11.36,11.36,0.0,0.21,11.15,False,,0.0,0.03,,0.18,0.21,2
190,190,fastfouriertransform,large,warm,200,23.4,23.4,0.0,4.66,18.74,False,,0.0,3.87,0.0,0.79,4.66,2
191,191,linpack,small,warm,200,19.14,19.13,0.0,5.08,14.06,False,,0.0,0.34,4.01,0.73,5.08,2
192,192,genmatrix,medium,warm,200,13.77,13.76,0.0,0.22,13.55,False,,0.0,0.02,,0.19,0.22,2
193,193,linpack,small,warm,200,20.15,20.14,0.0,5.15,14.99,False,,0.0,0.34,4.03,0.78,5.15,2
194,194,genmatrix,small,warm,200,15.57,15.57,0.01,0.12,15.45,False,,0.0,0.02,,0.09,0.12,1
195,195,genmatrix,large,warm,200,54.32,38.48,15.84,0.83,37.66,False,,0.0,0.02,,0.8,0.82,1
196,196,matrixmul,medium,warm,200,546.05,546.04,0.01,522.57,23.47,False,,0.0,0.34,4.0,518.22,522.57,1
197,197,fastfouriertransform,small,warm,200,21.66,21.65,0.01,4.54,17.12,False,,0.0,3.8,0.0,0.73,4.53,2
198,198,matrixmul,medium,warm,200,911.96,911.95,0.01,551.47,360.48,False,,0.0,0.37,4.13,546.95,551.47,2
199,199,fastfouriertransform,small,warm,200,22.26,22.26,0.0,4.55,17.71,False,,0.0,3.8,0.0,0.74,4.55,3
200,200,genmatrix,small,warm,200,11.24,11.24,0.0,0.11,11.12,False,,0.0,0.02,,0.09,0.11,3
201,201,genmatrix,small,warm,200,14.42,14.42,0.0,0.15,14.26,False,,0.0,0.03,,0.12,0.15,3
202,202,matrixmul,large,warm,200,536.7,536.7,0.01,5.01,531.68,False,,0.0,0.35,4.04,0.61,5.01,2
203,203,matrixmul,large,warm,200,434.1,434.1,0.0,5.48,428.62,False,,0.0,0.39,4.38,0.7,5.48,3
204,204,fastfouriertransform,small,warm,200,24.66,24.66,0.0,4.76,19.89,False,,0.0,3.92,0.0,0.83,4.76,4
205,205,fastfouriertransform,large,warm,200,23.83,23.83,0.0,4.68,19.15,False,,0.0,3.88,0.0,0.79,4.68,4
206,206,fetchdata,large,warm,200,95.83,95.82,0.0,82.39,13.43,False,82.36,0.0,0.03,0.0,,82.39,4
207,207,fastfouriertransform,medium,warm,200,751.62,751.62,0.0,730.84,20.78,False,,0.0,4.22,0.0,726.61,730.84,3
208,208,linpack,large,warm,200,24.17,24.17,0.0,5.46,18.71,False,,0.0,0.44,4.16,0.85,5.46,2
209,209,fetchdata,medium,warm,200,90.61,90.61,0.0,78.46,12.15,False,78.43,0.0,0.02,0.0,,78.46,2
210,210,fetchdata,small,warm,200,86.31,86.31,0.0,76.64,9.67,False,76.61,0.0,0.02,0.0,,76.64,2
211,211,genmatrix,medium,warm,200,15.44,15.44,0.0,0.21,15.23,False,,0.0,0.02,,0.18,0.21,2
212,212,fastfouriertransform,medium,warm,200,1016.35,1016.34,0.01,750.45,265.89,False,,0.0,4.99,0.01,745.45,750.45,2
213,213,fetchdata,large,warm,200,88.87,88.86,0.0,77.36,11.5,False,77.33,0.0,0.02,0.0,,77.36,3
214,214,fetchdata,large,warm,200,101.25,101.25,0.01,86.28,14.97,False,86.24,0.0,0.03,0.0,,86.28,3
215,215,fastfouriertransform,medium,warm,200,1435.93,1435.92,0.01,718.71,717.22,False,,0.0,3.95,0.0,714.74,718.71,2
216,216,linpack,medium,warm,200,687.4,687.39,0.01,671.21,16.18,False,,0.0,0.35,4.04,666.81,671.21,3
217,217,linpack,large,warm,200,18.06,18.06,0.0,5.73,12.33,False,,0.0,0.37,4.41,0.95,5.73,4
218,218,fetchdata,small,warm,200,87.25,87.24,0.0,76.58,10.67,False,76.55,0.0,0.02,0.0,,76.58,4
219,219,fetchdata,small,warm,200,87.34,87.33,0.0,75.66,11.67,False,75.64,0.0,0.02,0.0,,75.66,4
220,220,matrixmul,small,warm,200,24.17,24.17,0.01,5.03,19.13,False,,0.0,0.35,4.09,0.59,5.03,4
221,221,fetchdata,large,warm,200,93.21,93.21,0.0,80.0,13.2,False,79.98,0.0,0.02,0.0,,80.0,4
222,222,genmatrix,medium,warm,200,19.03,19.03,0.0,0.23,18.8,False,,0.0,0.03,,0.2,0.23,4
223,223,fetchdata,medium,warm,200,99.05,99.05,0.0,84.86,14.19,False,84.82,0.0,0.03,0.0,,84.86,2
224,224,fetchdata,large,warm,200,88.84,88.84,0.0,77.22,11.62,False,77.19,0.0,0.02,0.0,,77.21,3
225,225,fastfouriertransform,medium,warm,200,1165.99,1165.99,0.0,727.97,438.02,False,,0.0,3.85,0.0,724.11,727.96,2
226,226,fastfouriertransform,medium,cold,200,1819.42,1819.41,0.0,747.7,1071.71,False,,0.0,3.98,0.01,743.71,747.7,3
227,227,fetchdata,small,warm,200,85.85,85.84,0.0,76.63,9.22,False,76.6,0.0,0.02,0.0,,76.62,4
228,228,matrixmul,medium,warm,200,588.46,583.33,5.13,562.08,21.25,False,,0.0,0.47,4.24,557.36,562.08,4
229,229,genmatrix,small,warm,200,11.13,11.13,0.0,0.13,11.0,False,,0.0,0.03,,0.1,0.13,5
230,230,fetchdata,small,warm,200,100.53,100.53,0.0,88.0,12.53,False,87.96,0.0,0.03,0.0,,88.0,4
231,231,fetchdata,medium,warm,200,87.13,87.13,0.0,76.6,10.53,False,76.57,0.0,0.02,0.0,,76.6,4
232,232,genmatrix,medium,warm,200,19.28,19.27,0.01,0.22,19.05,False,,0.0,0.02,,0.2,0.22,4
233,233,fastfouriertransform,medium,cold,200,1847.26,1847.25,0.0,724.6,1122.65,False,,0.0,3.91,0.0,720.68,724.6,4
234,234,genmatrix,large,warm,200,55.64,37.45,18.19,0.86,36.58,False,,0.0,0.02,,0.84,0.86,4
235,235,linpack,medium,warm,200,725.92,725.92,0.0,710.65,15.27,False,,0.0,0.38,4.01,706.25,710.65,4
236,236,linpack,medium,warm,200,688.32,688.32,0.0,669.67,18.65,False,,0.0,0.36,4.1,665.21,669.67,5
237,237,fastfouriertransform,small,cold,200,1454.38,1454.37,0.0,4.85,1449.52,False,,0.0,3.95,0.0,0.89,4.85,5
238,238,genmatrix,small,warm,200,14.43,14.43,0.0,0.12,14.31,False,,0.0,0.02,,0.09,0.12,6
239,239,linpack,medium,warm,200,1025.5,1025.49,0.0,698.82,326.67,False,,0.0,0.34,4.0,694.47,698.82,6
240,240,fastfouriertransform,small,cold,200,1895.06,1895.06,0.01,4.86,1890.2,False,,0.0,3.95,0.0,0.9,4.86,7
241,241,linpack,medium,warm,200,863.1,863.1,0.0,677.65,185.45,False,,0.0,0.36,4.09,673.19,677.65,8
242,242,genmatrix,large,warm,200,58.6,38.91,19.69,0.85,38.06,False,,0.0,0.02,,0.82,0.85,9
243,243,genmatrix,medium,warm,200,25.92,25.91,0.0,0.24,25.67,False,,0.0,0.02,,0.21,0.24,7
244,244,linpack,large,warm,200,574.64,574.64,0.0,5.2,569.44,False,,0.0,0.34,4.06,0.8,5.2,7
245,245,fastfouriertransform,medium,warm,200,1379.26,1379.25,0.0,718.35,660.9,False,,0.0,3.93,0.0,714.41,718.35,7
246,246,linpack,small,warm,200,329.49,329.49,0.0,5.13,324.36,False,,0.0,0.34,4.02,0.76,5.12,8
247,247,genmatrix,small,warm,200,11.26,11.25,0.0,0.11,11.15,False,,0.0,0.02,,0.08,0.1,9
248,248,matrixmul,small,warm,200,24.2,24.19,0.0,4.97,19.22,False,,0.0,0.35,4.01,0.6,4.97,9
249,249,linpack,large,warm,200,75.02,75.02,0.01,5.13,69.88,False,,0.0,0.34,4.04,0.75,5.13,9
250,250,fetchdata,medium,warm,200,96.05,96.05,0.0,85.47,10.58,False,85.43,0.0,0.03,0.0,,85.47,5
251,251,matrixmul,small,warm,200,34.06,28.98,5.07,9.13,19.85,False,,0.0,0.35,8.13,0.64,9.13,5
252,252,genmatrix,large,warm,200,60.76,43.96,16.81,0.93,43.03,False,,0.0,0.02,,0.9,0.93,3
253,253,genmatrix,large,warm,200,54.25,38.24,16.01,0.82,37.42,False,,0.0,0.02,,0.8,0.82,3
254,254,fastfouriertransform,large,warm,200,479.86,479.85,0.01,4.83,475.02,False,,0.0,3.99,0.0,0.83,4.83,3
255,255,genmatrix,large,warm,200,52.65,37.42,15.23,0.83,36.6,False,,0.0,0.02,,0.8,0.83,4
256,256,genmatrix,large,warm,200,60.87,42.91,17.95,0.89,42.02,False,,0.0,0.03,,0.86,0.89,4
257,257,matrixmul,medium,warm,200,572.7,572.69,0.01,553.1,19.59,False,,0.0,0.42,4.37,548.3,553.1,4
258,258,matrixmul,large,warm,200,490.31,490.3,0.01,5.72,484.58,False,,0.0,0.35,4.73,0.64,5.72,5
259,259,genmatrix,large,warm,200,60.84,40.94,19.91,0.95,39.99,False,,0.0,0.03,,0.91,0.95,3
260,260,fetchdata,small,warm,200,88.82,88.81,0.0,77.12,11.69,False,77.09,0.0,0.02,0.0,,77.12,3
261,261,matrixmul,large,warm,200,196.38,196.37,0.0,5.28,191.1,False,,0.0,0.34,4.3,0.63,5.27,3
262,262,matrixmul,large,warm,200,111.94,111.94,0.0,5.44,106.5,False,,0.0,0.38,4.24,0.81,5.44,4
263,263,fetchdata,large,warm,200,100.26,100.25,0.0,86.39,13.86,False,86.35,0.0,0.03,0.0,,86.38,2
264,264,linpack,medium,warm,200,687.55,687.54,0.01,673.74,13.8,False,,0.0,0.36,4.06,669.32,673.74,2
265,265,matrixmul,large,warm,200,27.61,27.6,0.0,9.03,18.57,False,,0.0,0.37,8.05,0.61,9.03,2
266,266,fastfouriertransform,medium,warm,200,734.89,734.88,0.0,716.38,18.5,False,,0.0,3.9,0.0,712.47,716.38,2
267,267,genmatrix,small,warm,200,12.17,12.16,0.0,0.11,12.05,False,,0.0,0.02,,0.09,0.11,3
268,268,matrixmul,large,warm,200,23.3,23.3,0.0,4.92,18.38,False,,0.0,0.34,4.01,0.57,4.92,3
269,269,linpack,large,warm,200,18.28,18.27,0.0,5.13,13.14,False,,0.0,0.37,3.99,0.77,5.13,3
270,270,genmatrix,medium,warm,200,18.33,18.32,0.0,0.23,18.1,False,,0.0,0.02,,0.2,0.23,3
271,271,matrixmul,medium,warm,200,589.62,589.62,0.0,528.84,60.78,False,,0.0,0.4,4.13,524.3,528.84,2
272,272,fetchdata,large,warm,200,88.03,88.02,0.0,76.37,11.66,False,76.33,0.0,0.03,0.0,,76.37,3
273,273,matrixmul,large,warm,200,411.0,410.99,0.01,5.34,405.66,False,,0.0,0.39,4.23,0.71,5.33,3
274,274,fetchdata,large,warm,200,86.74,86.73,0.0,75.59,11.15,False,75.56,0.0,0.02,0.0,,75.58,3
275,275,fastfouriertransform,medium,warm,200,758.79,758.79,0.0,741.25,17.54,False,,0.0,3.84,0.0,737.4,741.25,3
276,276,linpack,large,warm,200,19.64,19.64,0.0,6.08,13.56,False,,0.0,0.38,4.71,0.99,6.08,4
277,277,linpack,medium,warm,200,709.8,709.8,0.0,693.59,16.2,False,,0.0,0.36,4.77,688.46,693.59,2
278,278,fastfouriertransform,small,warm,200,468.52,468.52,0.01,4.51,464.01,False,,0.0,3.8,0.0,0.7,4.51,3
279,279,genmatrix,small,warm,200,13.7,13.7,0.0,0.14,13.56,False,,0.0,0.03,,0.1,0.14,4
280,280,fetchdata,small,warm,200,86.02,86.02,0.0,76.72,9.3,False,76.69,0.0,0.02,0.0,,76.71,4
281,281,fastfouriertransform,small,warm,200,175.55,175.54,0.01,4.56,170.99,False,,0.0,3.82,0.0,0.73,4.56,4
282,282,fetchdata,medium,warm,200,91.77,91.77,0.0,76.77,14.99,False,76.74,0.0,0.02,0.0,,76.77,5
283,283,linpack,small,warm,200,21.69,21.69,0.01,5.11,16.57,False,,0.0,0.34,4.03,0.74,5.11,2
284,284,matrixmul,medium,warm,200,595.02,595.02,0.0,573.64,21.37,False,,0.0,0.4,4.97,568.26,573.64,2
285,285,linpack,small,warm,200,21.71,21.71,0.0,8.0,13.71,False,,0.0,0.37,6.74,0.88,8.0,2
286,286,matrixmul,medium,warm,200,970.76,970.75,0.0,563.89,406.86,False,,0.0,0.35,4.02,559.52,563.89,2
287,287,matrixmul,small,warm,200,882.06,882.06,0.01,5.0,877.05,False,,0.0,0.4,4.01,0.58,5.0,3
288,288,fetchdata,large,warm,200,87.76,87.76,0.0,76.15,11.61,False,76.12,0.0,0.02,0.0,,76.15,4
289,289,fastfouriertransform,small,warm,200,30.07,30.06,0.0,4.66,25.4,False,,0.0,3.88,0.0,0.77,4.66,4
290,290,matrixmul,small,warm,200,587.55,587.54,0.01,4.91,582.63,False,,0.0,0.33,3.99,0.58,4.91,3
291,291,fetchdata,large,warm,200,91.62,91.61,0.01,77.64,13.97,False,77.61,0.0,0.02,0.0,,77.64,4
292,292,linpack,medium,warm,200,677.98,677.98,0.0,665.19,12.78,False,,0.0,0.34,4.01,660.84,665.19,4
293,293,fastfouriertransform,large,warm,200,27.59,27.59,0.01,4.75,22.84,False,,0.0,3.94,0.0,0.8,4.75,5
294,294,fetchdata,small,warm,200,88.19,88.19,0.0,76.48,11.71,False,76.45,0.0,0.02,0.0,,76.48,5
295,295,matrixmul,small,warm,200,109.39,109.37,0.02,5.02,104.35,False,,0.0,0.42,3.97,0.62,5.02,5
296,296,matrixmul,large,warm,200,23.61,23.6,0.01,5.13,18.47,False,,0.0,0.36,4.14,0.63,5.13,3
297,297,linpack,large,warm,200,24.92,24.92,0.01,7.56,17.35,False,,0.0,0.44,6.33,0.79,7.56,2
298,298,linpack,medium,warm,200,731.42,731.42,0.0,717.08,14.34,False,,0.0,0.41,4.17,712.49,717.08,2
299,299,matrixmul,large,warm,200,27.68,27.68,0.0,5.9,21.78,False,,0.0,0.35,4.79,0.75,5.9,2
300,300,linpack,medium,warm,200,702.27,702.27,0.0,689.6,12.67,False,,0.0,0.34,4.0,685.26,689.6,2
301,301,linpack,medium,warm,200,1265.98,1265.97,0.0,665.62,600.35,False,,0.0,0.33,4.0,661.29,665.62,3
302,302,fetchdata,large,warm,200,89.13,89.13,0.0,78.89,10.24,False,78.86,0.0,0.02,0.0,,78.88,4
303,303,matrixmul,medium,warm,200,591.51,591.5,0.0,566.04,25.46,False,,0.0,0.38,4.22,561.44,566.04,4
304,304,genmatrix,small,warm,200,15.59,15.58,0.0,0.13,15.46,False,,0.0,0.02,,0.1,0.13,5
305,305,genmatrix,large,warm,200,62.52,44.63,17.89,1.04,43.59,False,,0.0,0.03,,1.0,1.04,5
306,306,matrixmul,large,warm,200,301.01,301.0,0.01,5.74,295.27,False,,0.0,0.47,4.67,0.6,5.74,4
307,307,fetchdata,medium,warm,200,86.59,86.58,0.0,75.66,10.92,False,75.63,0.0,0.02,0.0,,75.66,4
308,308,matrixmul,small,warm,200,116.62,116.61,0.0,5.02,111.59,False,,0.0,0.45,3.99,0.58,5.02,4
309,309,genmatrix,small,warm,200,15.18,15.18,0.0,0.11,15.06,False,,0.0,0.02,,0.09,0.11,3
310,310,genmatrix,medium,warm,200,20.84,20.84,0.0,0.23,20.61,False,,0.0,0.02,,0.2,0.23,2
311,311,genmatrix,large,warm,200,54.89,39.38,15.52,0.99,38.39,False,,0.0,0.03,,0.96,0.99,2
312,312,fastfouriertransform,small,warm,200,24.53,24.52,0.0,4.73,19.8,False,,0.0,3.93,0.0,0.79,4.73,2
313,313,fetchdata,small,warm,200,91.3,91.3,0.01,77.47,13.82,False,77.45,0.0,0.02,0.0,,77.47,2
314,314,matrixmul,large,warm,200,23.28,23.28,0.01,5.0,18.28,False,,0.0,0.36,4.03,0.61,5.0,1
315,315,fetchdata,large,warm,200,97.97,97.96,0.01,84.9,13.06,False,84.86,0.0,0.03,0.0,,84.9,1
316,316,fetchdata,small,warm,200,97.62,97.62,0.0,85.84,11.77,False,85.8,0.0,0.03,0.0,,85.84,1
317,317,matrixmul,medium,warm,200,574.92,574.91,0.0,556.29,18.62,False,,0.0,0.37,5.11,550.8,556.29,1
318,318,genmatrix,large,warm,200,64.96,49.97,14.99,0.85,49.12,False,,0.0,0.02,,0.82,0.85,2
319,319,matrixmul,medium,warm,200,946.84,946.84,0.01,558.05,388.78,False,,0.0,0.38,4.06,553.61,558.05,2
320,320,fastfouriertransform,small,warm,200,22.08,22.08,0.0,4.85,17.23,False,,0.0,4.11,0.0,0.73,4.85,3
321,321,matrixmul,medium,warm,200,1321.27,1321.26,0.0,570.39,750.87,False,,0.0,0.53,4.04,565.82,570.39,3
322,322,linpack,large,warm,200,18.48,18.47,0.0,5.11,13.36,False,,0.0,0.34,4.0,0.76,5.11,4
323,323,fastfouriertransform,large,warm,200,28.71,28.71,0.01,5.02,23.68,False,,0.0,4.11,0.01,0.9,5.02,3
324,324,matrixmul,medium,cold,200,1581.82,1581.81,0.0,555.58,1026.23,False,,0.0,0.33,4.09,551.15,555.58,3
325,325,fastfouriertransform,medium,warm,200,776.56,776.56,0.0,756.06,20.5,False,,0.0,3.88,0.0,752.17,756.06,4
326,326,genmatrix,medium,warm,200,13.35,13.35,0.0,0.21,13.14,False,,0.0,0.02,,0.18,0.21,5
327,327,matrixmul,large,cold,200,1297.4,1297.4,0.0,5.58,1291.82,False,,0.01,0.91,4.04,0.62,5.58,5
328,328,linpack,large,warm,200,22.57,22.56,0.0,5.36,17.21,False,,0.0,0.37,4.14,0.84,5.36,6
329,329,fetchdata,medium,warm,200,152.85,152.85,0.0,137.92,14.93,False,137.89,0.0,0.02,0.0,,137.92,5
330,330,fetchdata,medium,warm,200,133.7,133.69,0.0,76.81,56.88,False,76.78,0.0,0.03,0.0,,76.81,6
331,331,matrixmul,medium,warm,200,1470.94,1470.93,0.01,566.42,904.52,False,,0.0,0.4,4.03,561.97,566.42,6
332,332,fastfouriertransform,medium,warm,200,792.2,792.19,0.01,714.85,77.35,False,,0.0,3.89,0.0,710.94,714.85,6
333,333,genmatrix,large,warm,200,52.73,37.1,15.63,0.82,36.28,False,,0.0,0.02,,0.8,0.82,6
334,334,matrixmul,large,cold,200,1226.68,1226.68,0.0,4.9,1221.78,False,,0.0,0.34,3.98,0.58,4.9,6
335,335,fetchdata,medium,warm,200,96.2,96.2,0.0,83.3,12.9,False,83.27,0.0,0.02,0.0,,83.3,6
336,336,fetchdata,large,warm,200,96.73,96.72,0.0,85.05,11.68,False,85.01,0.0,0.02,0.0,,85.05,6
337,337,linpack,small,warm,200,20.31,20.31,0.0,5.23,15.08,False,,0.0,0.36,4.08,0.78,5.22,6
338,338,matrixmul,large,warm,200,785.81,785.81,0.01,5.11,780.7,False,,0.0,0.43,4.06,0.61,5.11,6
339,339,linpack,large,warm,200,18.02,18.01,0.0,5.17,12.84,False,,0.0,0.34,3.99,0.84,5.17,7
340,340,fastfouriertransform,small,warm,200,27.46,27.46,0.0,4.64,22.82,False,,0.0,3.87,0.0,0.76,4.64,4
341,341,matrixmul,small,warm,200,493.03,493.02,0.0,5.05,487.97,False,,0.0,0.41,4.01,0.63,5.05,4
342,342,matrixmul,small,warm,200,408.47,408.47,0.01,5.64,402.83,False,,0.0,0.95,4.05,0.62,5.63,5
343,343,fastfouriertransform,medium,warm,200,739.87,739.86,0.0,716.39,23.47,False,,0.0,3.97,0.0,712.41,716.39,6
344,344,matrixmul,medium,warm,200,768.56,768.55,0.0,539.06,229.5,False,,0.0,0.61,4.06,534.38,539.06,7
345,345,fetchdata,medium,warm,200,90.0,90.0,0.0,75.73,14.27,False,75.7,0.0,0.02,0.0,,75.73,8
346,346,genmatrix,medium,warm,200,22.79,22.79,0.01,0.2,22.59,False,,0.0,0.02,,0.18,0.2,5
347,347,matrixmul,medium,warm,200,1026.21,1026.2,0.0,544.75,481.45,False,,0.0,0.4,4.25,540.09,544.75,3
348,348,matrixmul,medium,warm,200,1482.8,1482.79,0.0,558.51,924.28,False,,0.0,0.45,5.1,552.95,558.51,4
349,349,fastfouriertransform,medium,warm,200,868.88,868.87,0.01,721.07,147.8,False,,0.0,3.97,0.0,717.08,721.07,5
350,350,fastfouriertransform,large,warm,200,788.98,788.97,0.01,5.12,783.85,False,,0.0,4.13,0.01,0.98,5.12,6
351,351,linpack,small,warm,200,18.12,18.12,0.0,5.22,12.9,False,,0.0,0.35,4.06,0.81,5.22,6
352,352,genmatrix,small,warm,200,13.42,13.41,0.0,0.13,13.28,False,,0.0,0.02,,0.1,0.13,5
353,353,fastfouriertransform,large,warm,200,479.74,479.73,0.01,5.05,474.68,False,,0.0,4.05,0.01,0.98,5.05,5
354,354,fastfouriertransform,small,warm,200,400.41,400.4,0.0,5.02,395.39,False,,0.0,4.05,0.01,0.95,5.01,6
355,355,fetchdata,small,warm,200,92.23,92.23,0.0,82.24,9.98,False,82.21,0.0,0.02,0.0,,82.24,7
356,356,fastfouriertransform,large,warm,200,200.37,200.37,0.0,4.83,195.55,False,,0.0,3.96,0.01,0.85,4.82,7
357,357,fetchdata,small,warm,200,95.16,95.16,0.0,83.93,11.23,False,83.9,0.0,0.03,0.0,,83.93,8
358,358,fetchdata,medium,warm,200,92.29,92.28,0.0,78.62,13.67,False,78.58,0.0,0.03,0.0,,78.62,3
359,359,fastfouriertransform,large,warm,200,27.97,27.96,0.0,8.14,19.82,False,,0.0,7.13,0.01,1.0,8.14,2
360,360,fetchdata,medium,warm,200,90.82,90.82,0.0,81.61,9.21,False,81.57,0.0,0.02,0.0,,81.61,2
361,361,genmatrix,medium,warm,200,16.15,16.14,0.0,0.21,15.94,False,,0.0,0.02,,0.18,0.2,2
362,362,fetchdata,large,warm,200,94.11,94.11,0.0,81.38,12.73,False,81.35,0.0,0.02,0.0,,81.38,2
363,363,linpack,large,warm,200,22.41,22.41,0.01,5.51,16.89,False,,0.0,0.72,4.04,0.76,5.51,1
364,364,fastfouriertransform,small,warm,200,26.22,26.22,0.0,5.1,21.12,False,,0.0,4.23,0.0,0.86,5.1,1
365,365,genmatrix,small,warm,200,14.4,14.39,0.0,0.11,14.28,False,,0.0,0.02,,0.09,0.11,1
366,366,linpack,small,warm,200,18.78,18.77,0.0,5.12,13.65,False,,0.0,0.34,4.01,0.77,5.12,1
367,367,genmatrix,large,warm,200,55.04,40.25,14.8,0.8,39.44,False,,0.0,0.02,,0.78,0.8,1
368,368,matrixmul,medium,warm,200,591.49,591.48,0.0,571.66,19.82,False,,0.0,0.39,3.99,567.27,571.66,1
369,369,fetchdata,small,warm,200,91.24,91.24,0.0,79.47,11.77,False,79.43,0.0,0.03,0.0,,79.47,2
370,370,linpack,large,warm,200,20.58,20.57,0.01,5.33,15.24,False,,0.0,0.35,4.14,0.83,5.33,2
371,371,fetchdata,small,warm,200,91.36,91.35,0.0,78.02,13.34,False,77.99,0.0,0.02,0.0,,78.01,2
372,372,genmatrix,large,warm,200,59.47,44.26,15.21,0.84,43.42,False,,0.0,0.02,,0.81,0.84,2
373,373,linpack,small,warm,200,20.23,20.22,0.0,5.15,15.08,False,,0.0,0.35,4.03,0.76,5.15,2
374,374,linpack,small,warm,200,18.57,18.57,0.01,5.05,13.51,False,,0.0,0.33,3.97,0.74,5.05,1
375,375,genmatrix,large,warm,200,52.94,38.28,14.65,0.8,37.49,False,,0.0,0.02,,0.77,0.8,1
376,376,matrixmul,large,warm,200,31.2,31.2,0.01,8.12,23.07,False,,0.0,0.39,7.1,0.63,8.12,1
377,377,genmatrix,small,warm,200,17.75,17.75,0.0,0.13,17.62,False,,0.0,0.03,,0.1,0.12,1
378,378,linpack,large,warm,200,17.22,17.21,0.0,5.08,12.13,False,,0.0,0.34,4.0,0.73,5.08,1
379,379,genmatrix,small,warm,200,16.15,16.14,0.0,0.11,16.03,False,,0.0,0.02,,0.09,0.11,1
380,380,matrixmul,medium,warm,200,614.87,614.87,0.0,594.87,19.99,False,,0.0,0.37,5.38,589.11,594.87,1
381,381,fastfouriertransform,medium,warm,200,755.41,755.41,0.01,734.71,20.69,False,,0.0,3.87,0.0,730.84,734.71,2
382,382,genmatrix,large,warm,200,54.34,39.32,15.02,0.82,38.5,False,,0.0,0.02,,0.79,0.81,3
383,383,matrixmul,large,warm,200,327.56,327.56,0.01,5.78,321.78,False,,0.0,0.34,4.82,0.61,5.78,3
384,384,fetchdata,medium,warm,200,92.47,92.46,0.0,82.41,10.05,False,82.37,0.0,0.03,0.0,,82.41,4
385,385,fetchdata,large,warm,200,86.4,86.39,0.0,75.17,11.22,False,75.14,0.0,0.02,0.0,,75.17,4
386,386,linpack,large,warm,200,23.13,23.12,0.0,5.56,17.56,False,,0.01,0.39,4.28,0.88,5.56,4
387,387,genmatrix,large,warm,200,53.34,36.05,17.29,0.78,35.26,False,,0.0,0.02,,0.76,0.78,2
388,388,linpack,medium,warm,200,680.63,680.62,0.0,665.59,15.04,False,,0.0,0.38,4.07,661.14,665.59,2
389,389,matrixmul,medium,warm,200,575.61,575.6,0.0,551.29,24.31,False,,0.0,0.38,4.24,546.67,551.29,2
390,390,linpack,medium,warm,200,737.46,737.45,0.0,722.86,14.6,False,,0.0,0.37,4.11,718.37,722.86,3
391,391,genmatrix,small,warm,200,13.24,13.23,0.0,0.12,13.12,False,,0.0,0.02,,0.09,0.12,4
392,392,fastfouriertransform,medium,warm,200,731.62,731.62,0.0,712.35,19.27,False,,0.0,3.92,0.0,708.42,712.35,4
393,393,matrixmul,small,warm,200,192.37,192.36,0.01,4.94,187.42,False,,0.0,0.34,4.0,0.59,4.94,5
394,394,matrixmul,large,warm,200,104.3,104.3,0.0,4.99,99.31,False,,0.0,0.37,4.0,0.61,4.99,6
395,395,linpack,large,warm,200,24.72,24.71,0.01,5.37,19.34,False,,0.0,0.35,4.18,0.84,5.37,4
396,396,matrixmul,medium,warm,200,569.28,569.28,0.0,553.26,16.02,False,,0.0,0.36,8.22,544.67,553.25,3
397,397,fastfouriertransform,medium,warm,200,939.83,939.83,0.01,698.31,241.52,False,,0.0,3.98,0.01,694.32,698.31,4
398,398,genmatrix,small,warm,200,14.21,14.2,0.0,0.13,14.08,False,,0.0,0.03,,0.1,0.12,4
399,399,matrixmul,small,warm,200,287.9,287.89,0.01,4.9,282.99,False,,0.0,0.33,4.0,0.57,4.9,4
400,400,genmatrix,medium,warm,200,13.71,13.71,0.0,0.2,13.5,False,,0.0,0.02,,0.18,0.2,4
401,401,genmatrix,medium,warm,200,14.63,14.63,0.0,0.2,14.42,False,,0.0,0.02,,0.18,0.2,4
402,402,linpack,large,warm,200,17.79,17.78,0.0,5.17,12.61,False,,0.0,0.33,3.99,0.84,5.17,2
403,403,genmatrix,large,warm,200,57.29,42.67,14.62,0.82,41.85,False,,0.0,0.02,,0.79,0.81,2
404,404,fastfouriertransform,large,warm,200,239.54,239.53,0.01,4.98,234.55,False,,0.0,3.97,0.0,0.99,4.98,2
405,405,fetchdata,small,warm,200,91.14,91.14,0.0,78.78,12.35,False,78.75,0.0,0.03,0.0,,78.78,3
406,406,fetchdata,large,warm,200,85.88,85.87,0.01,75.82,10.06,False,75.79,0.0,0.02,0.0,,75.82,3
407,407,matrixmul,medium,warm,200,568.15,568.15,0.01,549.78,18.37,False,,0.0,0.36,4.05,545.36,549.78,1
408,408,linpack,small,warm,200,20.66,20.66,0.0,6.76,13.9,False,,0.0,0.44,5.35,0.96,6.76,2
409,409,matrixmul,large,warm,200,389.41,389.41,0.01,5.09,384.32,False,,0.0,0.36,4.1,0.63,5.09,2
410,410,matrixmul,medium,warm,200,838.63,838.62,0.0,545.44,293.18,False,,0.0,0.35,4.09,540.99,545.44,3
411,411,fastfouriertransform,small,warm,200,23.33,23.33,0.0,5.07,18.25,False,,0.0,4.17,0.0,0.89,5.07,4
412,412,genmatrix,small,warm,200,13.68,13.67,0.0,0.12,13.55,False,,0.0,0.02,,0.09,0.12,4
413,413,matrixmul,large,warm,200,550.97,550.97,0.0,5.14,545.82,False,,0.0,0.36,4.11,0.66,5.14,2
414,414,fetchdata,medium,warm,200,85.8,85.79,0.0,76.75,9.04,False,76.72,0.0,0.02,0.0,,76.75,3
415,415,linpack,medium,warm,200,685.05,685.04,0.0,670.96,14.09,False,,0.0,0.34,4.0,666.61,670.95,3
416,416,matrixmul,large,warm,200,267.91,267.9,0.01,5.13,262.77,False,,0.0,0.37,4.09,0.66,5.13,4
417,417,linpack,medium,warm,200,736.27,736.26,0.01,721.69,14.57,False,,0.0,0.35,5.61,715.73,721.69,5
418,418,matrixmul,large,warm,200,80.47,80.46,0.01,5.09,75.37,False,,0.0,0.34,4.08,0.66,5.09,6
419,419,linpack,medium,warm,200,954.0,954.0,0.0,669.36,284.64,False,,0.0,0.33,4.0,665.03,669.36,3
420,420,genmatrix,large,warm,200,51.66,37.33,14.33,0.86,36.47,False,,0.0,0.02,,0.83,0.86,4
421,421,matrixmul,medium,warm,200,579.62,579.61,0.0,562.65,16.96,False,,0.0,0.35,4.02,558.27,562.65,4
422,422,genmatrix,medium,warm,200,16.43,16.42,0.01,0.21,16.21,False,,0.0,0.02,,0.19,0.21,4
423,423,fetchdata,small,warm,200,92.91,92.9,0.0,79.58,13.32,False,79.55,0.0,0.02,0.0,,79.58,4
424,424,fetchdata,medium,warm,200,88.23,88.22,0.01,77.9,10.32,False,77.87,0.0,0.02,0.0,,77.9,4
425,425,fastfouriertransform,large,warm,200,23.58,23.58,0.0,4.68,18.9,False,,0.0,3.9,0.0,0.77,4.68,3
426,426,linpack,large,warm,200,16.89,16.88,0.0,5.21,11.67,False,,0.0,0.38,4.04,0.79,5.21,3
427,427,fetchdata,small,warm,200,84.15,84.14,0.0,75.72,8.42,False,75.69,0.0,0.02,0.0,,75.72,2
428,428,fetchdata,large,warm,200,89.23,89.23,0.01,77.71,11.52,False,77.68,0.0,0.02,0.0,,77.71,2
429,429,matrixmul,medium,warm,200,576.09,576.09,0.0,557.4,18.69,False,,0.0,0.36,4.01,553.02,557.39,1
430,430,linpack,large,warm,200,21.61,21.61,0.0,7.96,13.65,False,,0.0,0.36,4.22,3.38,7.96,2
431,431,linpack,medium,warm,200,745.02,745.01,0.0,729.47,15.54,False,,0.0,0.41,5.82,723.24,729.47,2
432,432,fastfouriertransform,small,warm,200,21.49,21.48,0.0,4.81,16.67,False,,0.0,4.0,0.0,0.8,4.81,3
433,433,genmatrix,small,warm,200,10.1,10.1,0.0,0.11,9.98,False,,0.0,0.02,,0.09,0.11,3
434,434,genmatrix,small,warm,200,12.77,12.77,0.0,0.11,12.66,False,,0.0,0.02,,0.09,0.11,3
435,435,genmatrix,small,warm,200,11.06,11.06,0.0,0.11,10.94,False,,0.0,0.02,,0.09,0.11,2
436,436,linpack,small,warm,200,23.24,23.24,0.0,5.48,17.76,False,,0.0,0.5,4.07,0.89,5.48,2
437,437,genmatrix,small,warm,200,11.95,11.95,0.0,0.14,11.8,False,,0.0,0.03,,0.11,0.14,2
438,438,fastfouriertransform,large,warm,200,24.75,24.75,0.0,5.63,19.12,False,,0.0,4.05,0.0,1.56,5.63,2
439,439,genmatrix,large,warm,200,53.17,38.41,14.75,0.83,37.58,False,,0.0,0.02,,0.8,0.83,1
440,440,fetchdata,large,warm,200,85.25,85.25,0.0,75.95,9.3,False,75.92,0.0,0.02,0.0,,75.94,1
441,441,matrixmul,small,warm,200,24.04,24.03,0.0,4.9,19.13,False,,0.0,0.35,3.98,0.56,4.9,1
442,442,fastfouriertransform,large,warm,200,22.73,22.72,0.0,4.74,17.99,False,,0.0,3.95,0.0,0.78,4.74,1
443,443,genmatrix,medium,warm,200,19.62,19.61,0.0,0.22,19.39,False,,0.0,0.03,,0.19,0.22,1
444,444,matrixmul,medium,warm,200,562.88,562.87,0.0,543.24,19.63,False,,0.0,0.41,4.05,538.77,543.24,1
445,445,genmatrix,small,warm,200,14.05,14.04,0.0,0.12,13.93,False,,0.0,0.02,,0.09,0.12,2
446,446,fastfouriertransform,medium,warm,200,663.57,663.56,0.0,644.49,19.07,False,,0.0,4.07,0.0,640.41,644.49,2
447,447,matrixmul,small,warm,200,278.19,278.19,0.0,4.99,273.19,False,,0.0,0.35,4.04,0.6,4.99,3
448,448,fastfouriertransform,medium,warm,200,1147.17,1147.16,0.01,682.33,464.83,False,,0.0,3.85,0.0,678.47,682.33,4
449,449,matrixmul,small,warm,200,90.32,90.31,0.0,5.0,85.31,False,,0.0,0.37,4.01,0.61,5.0,5
450,450,linpack,large,warm,200,19.48,19.47,0.01,5.08,14.39,False,,0.0,0.34,4.01,0.73,5.08,3
451,451,fastfouriertransform,small,warm,200,857.65,857.65,0.0,5.11,852.54,False,,0.0,4.18,0.01,0.93,5.11,3
452,452,fetchdata,large,warm,200,88.76,88.76,0.01,76.54,12.22,False,76.51,0.0,0.02,0.0,,76.53,4
453,453,genmatrix,small,warm,200,11.13,11.13,0.01,0.1,11.02,False,,0.0,0.02,,0.08,0.1,3
454,454,fetchdata,small,warm,200,85.17,85.17,0.0,75.96,9.21,False,75.93,0.0,0.02,0.0,,75.96,3
455,455,linpack,medium,warm,200,708.83,708.83,0.0,696.44,12.38,False,,0.0,0.38,4.11,691.95,696.44,3
456,456,linpack,large,warm,200,18.37,18.37,0.0,5.18,13.19,False,,0.0,0.35,4.07,0.76,5.17,4
457,457,linpack,small,warm,200,20.21,20.2,0.0,5.28,14.92,False,,0.0,0.37,4.06,0.85,5.28,4
458,458,linpack,medium,warm,200,740.89,740.89,0.0,725.39,15.5,False,,0.0,0.37,4.05,720.96,725.38,4
459,459,matrixmul,medium,warm,200,569.97,569.97,0.0,551.17,18.8,False,,0.0,0.37,3.99,546.8,551.16,5
460,460,genmatrix,large,warm,200,56.83,40.06,16.76,0.82,39.25,False,,0.0,0.02,,0.79,0.82,4
461,461,matrixmul,medium,warm,200,917.02,917.02,0.01,540.12,376.9,False,,0.0,0.38,4.31,535.42,540.12,4
462,462,linpack,large,warm,200,24.35,24.35,0.0,5.1,19.24,False,,0.0,0.37,4.01,0.72,5.1,5
463,463,fastfouriertransform,large,warm,200,25.07,25.06,0.0,4.8,20.26,False,,0.0,3.87,0.0,0.92,4.8,4
464,464,fastfouriertransform,small,warm,200,24.74,24.73,0.0,4.82,19.91,False,,0.0,3.95,0.01,0.86,4.82,4
465,465,fetchdata,medium,warm,200,87.5,87.5,0.0,75.41,12.09,False,75.38,0.0,0.02,0.0,,75.41,3
466,466,fastfouriertransform,small,warm,200,23.13,23.13,0.01,4.78,18.35,False,,0.0,3.95,0.0,0.82,4.78,2
467,467,fetchdata,small,warm,200,86.07,86.06,0.0,75.65,10.41,False,75.62,0.0,0.02,0.0,,75.65,2
468,468,linpack,small,warm,200,19.3,19.3,0.0,5.05,14.25,False,,0.0,0.33,3.98,0.74,5.05,2
469,469,fetchdata,small,warm,200,96.77,96.77,0.0,85.91,10.86,False,85.87,0.0,0.02,0.0,,85.91,2
470,470,matrixmul,medium,warm,200,569.28,569.27,0.0,546.73,22.55,False,,0.0,0.39,4.21,542.12,546.73,2
471,471,linpack,medium,warm,200,678.93,678.92,0.0,665.52,13.4,False,,0.0,0.38,4.08,661.06,665.52,2
472,472,genmatrix,small,warm,200,12.65,12.65,0.0,0.11,12.54,False,,0.0,0.02,,0.09,0.11,3
473,473,fetchdata,medium,warm,200,87.17,87.16,0.0,75.95,11.21,False,75.92,0.0,0.02,0.0,,75.95,3
474,474,genmatrix,large,warm,200,52.73,35.65,17.08,0.82,34.82,False,,0.0,0.02,,0.8,0.82,3
475,475,matrixmul,small,warm,200,87.21,87.21,0.0,5.0,82.21,False,,0.0,0.35,4.05,0.6,4.99,3
476,476,fetchdata,medium,warm,200,94.75,94.75,0.0,81.56,13.19,False,81.53,0.0,0.02,0.0,,81.56,2
477,477,linpack,large,warm,200,23.13,23.13,0.01,7.7,15.42,False,,0.0,0.37,6.49,0.84,7.7,2
478,478,fetchdata,medium,warm,200,88.66,88.65,0.0,77.17,11.49,False,77.14,0.0,0.02,0.0,,77.17,1
479,479,fastfouriertransform,large,warm,200,25.15,25.15,0.0,4.85,20.3,False,,0.0,3.88,0.0,0.96,4.85,1
480,480,fetchdata,large,warm,200,86.79,86.78,0.0,76.4,10.38,False,76.37,0.0,0.02,0.0,,76.4,1
481,481,fetchdata,medium,warm,200,87.5,87.5,0.0,76.96,10.53,False,76.94,0.0,0.02,0.0,,76.96,1
482,482,fetchdata,small,warm,200,92.47,92.46,0.0,81.0,11.46,False,80.96,0.0,0.02,0.0,,80.99,1
483,483,fastfouriertransform,small,warm,200,27.2,27.2,0.0,9.03,18.17,False,,0.0,3.89,0.0,5.13,9.02,1
484,484,genmatrix,large,warm,200,58.72,43.05,15.67,0.86,42.19,False,,0.0,0.02,,0.84,0.86,1
485,485,linpack,medium,warm,200,734.01,734.01,0.0,719.44,14.57,False,,0.0,0.51,5.12,713.8,719.44,1
486,486,matrixmul,small,warm,200,23.59,23.59,0.0,5.3,18.29,False,,0.0,0.51,4.21,0.58,5.3,2
487,487,matrixmul,large,warm,200,23.55,23.55,0.0,5.01,18.53,False,,0.0,0.36,4.07,0.59,5.01,2
488,488,genmatrix,large,warm,200,62.89,38.49,24.4,0.8,37.69,False,,0.0,0.02,,0.77,0.8,2
489,489,matrixmul,medium,warm,200,585.05,585.04,0.0,565.96,19.08,False,,0.0,0.35,7.81,557.8,565.96,2
490,490,linpack,large,warm,200,16.96,16.95,0.01,5.15,11.8,False,,0.0,0.34,4.02,0.78,5.15,3
491,491,matrixmul,medium,warm,200,947.82,947.81,0.0,552.45,395.36,False,,0.0,0.39,4.14,547.91,552.45,3
492,492,fastfouriertransform,large,warm,200,23.26,23.26,0.0,4.75,18.51,False,,0.0,3.94,0.0,0.8,4.75,4
493,493,fastfouriertransform,medium,warm,200,743.95,743.94,0.0,724.55,19.39,False,,0.0,3.84,0.0,720.71,724.55,3
494,494,genmatrix,large,warm,200,51.21,37.11,14.11,0.78,36.32,False,,0.0,0.02,,0.76,0.78,4
495,495,genmatrix,small,warm,200,16.65,16.64,0.01,0.14,16.5,False,,0.0,0.03,,0.11,0.14,3
496,496,fastfouriertransform,small,warm,200,449.95,449.95,0.0,4.67,445.28,False,,0.0,3.9,0.0,0.76,4.67,3
497,497,linpack,large,warm,200,19.83,19.82,0.0,5.1,14.72,False,,0.0,0.34,4.01,0.75,5.1,4
498,498,fastfouriertransform,large,warm,200,257.62,257.61,0.01,4.82,252.79,False,,0.0,3.94,0.0,0.88,4.82,4
499,499,genmatrix,large,warm,200,51.7,37.59,14.11,0.81,36.77,False,,0.0,0.02,,0.78,0.81,5
500,500,fastfouriertransform,small,warm,200,61.33,61.32,0.01,4.72,56.6,False,,0.0,3.94,0.0,0.77,4.72,5
501,501,matrixmul,large,warm,200,23.6,23.6,0.0,5.1,18.49,False,,0.0,0.35,4.09,0.66,5.1,1
502,502,matrixmul,medium,warm,200,577.57,577.57,0.0,557.94,19.63,False,,0.0,0.35,4.09,553.49,557.94,1
503,503,fetchdata,large,warm,200,92.92,92.91,0.0,81.66,11.25,False,81.63,0.0,0.02,0.0,,81.66,2
504,504,matrixmul,large,warm,200,386.84,386.83,0.01,4.91,381.92,False,,0.0,0.34,3.99,0.57,4.91,2
505,505,matrixmul,small,warm,200,303.88,303.87,0.0,4.89,298.98,False,,0.0,0.32,3.99,0.58,4.89,3
506,506,matrixmul,medium,warm,200,755.67,755.66,0.0,554.1,201.56,False,,0.0,0.37,3.98,549.74,554.1,4
507,507,matrixmul,medium,warm,200,1225.21,1225.21,0.01,562.08,663.12,False,,0.0,0.39,4.01,557.67,562.08,5
508,508,genmatrix,large,warm,200,75.36,40.87,34.48,0.81,40.06,False,,0.0,0.02,,0.79,0.81,4
509,509,fastfouriertransform,small,warm,200,29.99,29.99,0.0,5.02,24.96,False,,0.0,4.09,0.0,0.92,5.02,3
510,510,genmatrix,medium,warm,200,16.48,16.48,0.0,0.21,16.27,False,,0.0,0.02,,0.18,0.21,3
511,511,matrixmul,medium,warm,200,1374.7,1374.69,0.0,540.71,833.99,False,,0.0,0.33,4.0,536.36,540.71,3
512,512,matrixmul,large,cold,200,1286.15,1286.14,0.0,5.14,1281.01,False,,0.0,0.41,4.11,0.61,5.13,4
513,513,fastfouriertransform,medium,warm,200,760.62,760.62,0.0,741.58,19.04,False,,0.0,3.93,0.0,737.64,741.58,5
514,514,fastfouriertransform,medium,warm,200,1379.58,1379.57,0.0,717.29,662.28,False,,0.0,3.86,0.0,713.42,717.28,5
515,515,genmatrix,medium,warm,200,15.82,15.82,0.0,0.21,15.61,False,,0.0,0.02,,0.19,0.21,6
516,516,fastfouriertransform,medium,cold,200,1928.6,1928.59,0.0,746.44,1182.15,False,,0.0,3.87,0.0,742.57,746.44,6
517,517,linpack,small,warm,200,21.93,21.92,0.01,7.79,14.14,False,,0.0,0.37,6.57,0.84,7.79,7
518,518,linpack,medium,warm,200,710.56,710.56,0.0,690.38,20.18,False,,0.0,0.35,4.04,685.98,690.38,7
519,519,matrixmul,small,warm,200,597.91,597.9,0.01,5.18,592.72,False,,0.0,0.44,4.09,0.64,5.18,8
520,520,fetchdata,large,warm,200,95.04,95.03,0.0,83.4,11.64,False,83.36,0.0,0.03,0.0,,83.4,8
521,521,genmatrix,large,warm,200,55.14,38.74,16.4,0.82,37.93,False,,0.0,0.02,,0.79,0.81,7
522,522,matrixmul,large,warm,200,309.63,309.63,0.0,5.03,304.6,False,,0.0,0.35,4.05,0.62,5.03,7
523,523,matrixmul,small,warm,200,222.38,222.38,0.0,5.17,217.21,False,,0.0,0.37,4.12,0.68,5.17,8
524,524,fetchdata,medium,warm,200,94.2,94.19,0.01,78.6,15.59,False,78.57,0.0,0.02,0.0,,78.6,9
525,525,linpack,small,warm,200,21.95,21.95,0.0,5.38,16.57,False,,0.0,0.42,4.14,0.82,5.38,7
526,526,genmatrix,medium,warm,200,13.48,13.47,0.0,0.21,13.27,False,,0.0,0.02,,0.18,0.2,3
527,527,matrixmul,small,warm,200,22.53,22.52,0.0,4.96,17.56,False,,0.0,0.36,4.0,0.6,4.96,3
528,528,fastfouriertransform,large,warm,200,731.72,731.71,0.0,4.52,727.2,False,,0.0,3.82,0.0,0.69,4.52,2
529,529,linpack,small,warm,200,21.31,21.3,0.01,5.32,15.99,False,,0.0,0.37,4.07,0.87,5.31,3
530,530,fetchdata,medium,warm,200,89.62,89.61,0.01,79.38,10.23,False,79.35,0.0,0.03,0.0,,79.38,3
531,531,linpack,small,warm,200,20.21,20.21,0.0,5.15,15.06,False,,0.0,0.33,4.07,0.74,5.15,3
532,532,linpack,medium,warm,200,677.89,677.88,0.01,664.33,13.55,False,,0.0,0.35,3.99,659.99,664.33,3
533,533,fastfouriertransform,small,warm,200,248.44,248.44,0.01,4.67,243.77,False,,0.0,3.93,0.0,0.74,4.67,4
534,534,fastfouriertransform,medium,warm,200,862.41,862.4,0.0,718.87,143.53,False,,0.0,3.94,0.0,714.93,718.87,5
535,535,fastfouriertransform,large,warm,200,767.8,767.79,0.0,4.7,763.09,False,,0.0,3.95,0.0,0.75,4.7,6
536,536,fetchdata,medium,warm,200,102.4,102.4,0.0,85.68,16.71,False,85.65,0.0,0.03,0.0,,85.68,4
537,537,genmatrix,large,warm,200,56.85,40.71,16.14,0.87,39.83,False,,0.0,0.03,,0.84,0.87,5
538,538,genmatrix,medium,warm,200,17.47,17.47,0.0,0.27,17.19,False,,0.0,0.04,,0.23,0.27,4
539,539,matrixmul,medium,warm,200,567.42,567.42,0.0,547.47,19.95,False,,0.0,0.36,4.54,542.56,547.47,3
540,540,fetchdata,medium,warm,200,87.51,87.5,0.0,78.44,9.06,False,78.41,0.0,0.03,0.0,,78.44,4
541,541,linpack,small,warm,200,19.12,19.11,0.01,5.15,13.97,False,,0.0,0.38,4.01,0.75,5.15,4
542,542,matrixmul,small,warm,200,283.05,283.04,0.01,5.16,277.88,False,,0.0,0.41,4.1,0.65,5.16,4
543,543,linpack,large,warm,200,19.63,19.63,0.0,5.83,13.8,False,,0.0,0.38,4.47,0.98,5.83,3
544,544,fetchdata,small,warm,200,93.76,93.76,0.01,78.51,15.25,False,78.47,0.0,0.03,0.0,,78.51,3
545,545,genmatrix,medium,warm,200,18.57,18.56,0.0,0.21,18.35,False,,0.0,0.02,,0.18,0.21,1
546,546,genmatrix,large,warm,200,60.94,41.38,19.55,0.87,40.51,False,,0.0,0.04,,0.83,0.87,1
547,547,genmatrix,small,warm,200,13.17,13.16,0.0,0.12,13.04,False,,0.0,0.02,,0.09,0.12,1
548,548,genmatrix,large,warm,200,48.15,34.7,13.45,0.79,33.91,False,,0.0,0.02,,0.77,0.79,1
549,549,genmatrix,large,warm,200,49.75,36.41,13.34,0.78,35.63,False,,0.0,0.02,,0.76,0.78,1
550,550,linpack,large,warm,200,17.5,17.49,0.0,5.11,12.38,False,,0.0,0.34,4.02,0.75,5.11,1
551,551,matrixmul,small,warm,200,25.19,25.18,0.0,5.13,20.05,False,,0.0,0.38,4.13,0.62,5.13,1
552,552,matrixmul,large,warm,200,23.44,23.43,0.01,5.71,17.72,False,,0.0,0.35,4.05,1.3,5.71,1
553,553,matrixmul,medium,warm,200,609.26,576.86,32.4,558.14,18.72,False,,0.0,0.39,4.12,553.61,558.14,1
554,554,genmatrix,large,warm,200,55.11,41.49,13.62,0.84,40.65,False,,0.0,0.02,,0.81,0.84,2
555,555,linpack,medium,warm,200,679.56,679.55,0.01,665.35,14.2,False,,0.0,0.34,4.02,660.99,665.35,2
556,556,matrixmul,medium,warm,200,832.28,832.28,0.0,548.76,283.52,False,,0.0,0.42,4.16,544.16,548.75,3
557,557,fetchdata,large,warm,200,93.6,93.59,0.0,83.35,10.24,False,83.32,0.0,0.02,0.0,,83.35,4
558,558,fetchdata,large,warm,200,96.11,96.11,0.0,83.68,12.43,False,83.65,0.0,0.03,0.0,,83.68,4
559,559,matrixmul,small,warm,200,553.18,553.18,0.0,5.07,548.11,False,,0.0,0.37,4.06,0.64,5.07,4
560,560,matrixmul,small,warm,200,463.37,463.37,0.0,5.19,458.18,False,,0.0,0.39,4.17,0.63,5.19,4
561,561,genmatrix,large,warm,200,48.8,35.11,13.69,0.8,34.31,False,,0.0,0.02,,0.78,0.8,5
562,562,matrixmul,large,warm,200,275.82,275.81,0.01,5.16,270.66,False,,0.0,0.4,4.1,0.64,5.15,4
563,563,matrixmul,medium,warm,200,726.06,726.06,0.0,549.67,176.39,False,,0.0,0.4,4.11,545.15,549.66,5
564,564,fetchdata,medium,warm,200,98.62,98.61,0.0,85.16,13.45,False,85.12,0.0,0.03,0.0,,85.16,6
565,565,fastfouriertransform,small,warm,200,29.14,29.14,0.0,4.86,24.28,False,,0.0,3.96,0.01,0.89,4.86,2
566,566,linpack,large,warm,200,19.53,19.52,0.01,5.84,13.68,False,,0.0,0.36,4.63,0.84,5.84,2
567,567,genmatrix,small,warm,200,13.02,13.02,0.0,0.11,12.9,False,,0.0,0.02,,0.09,0.11,2
568,568,matrixmul,small,warm,200,240.82,240.81,0.01,5.2,235.6,False,,0.0,0.36,4.16,0.67,5.2,2
569,569,linpack,medium,warm,200,716.68,716.67,0.0,702.24,14.43,False,,0.0,0.54,6.3,695.39,702.24,3
570,570,fastfouriertransform,large,warm,200,27.19,27.19,0.0,4.92,22.27,False,,0.0,3.96,0.01,0.95,4.92,4
571,571,fetchdata,medium,warm,200,93.09,93.08,0.0,84.34,8.75,False,84.31,0.0,0.02,0.0,,84.34,2
572,572,fetchdata,small,warm,200,86.13,86.12,0.01,76.73,9.39,False,76.7,0.0,0.02,0.0,,76.73,2
573,573,matrixmul,medium,warm,200,572.11,572.11,0.01,553.84,18.27,False,,0.0,0.37,4.08,549.38,553.84,2
574,574,genmatrix,large,warm,200,47.97,34.61,13.36,0.79,33.82,False,,0.0,0.02,,0.77,0.79,3
575,575,matrixmul,large,warm,200,384.45,384.44,0.01,5.11,379.33,False,,0.0,0.36,4.08,0.67,5.11,3
576,576,fastfouriertransform,medium,warm,200,750.48,750.48,0.0,730.63,19.85,False,,0.0,4.15,0.01,726.47,730.63,4
577,577,linpack,medium,warm,200,679.69,679.68,0.0,663.09,16.59,False,,0.0,0.37,4.08,658.63,663.09,4
578,578,genmatrix,large,warm,200,50.81,38.32,12.48,0.82,37.5,False,,0.0,0.02,,0.79,0.82,5
579,579,matrixmul,large,warm,200,25.23,25.22,0.01,5.11,20.11,False,,0.0,0.37,4.09,0.65,5.11,3
580,580,fastfouriertransform,large,warm,200,357.28,357.27,0.0,4.98,352.3,False,,0.0,4.01,0.0,0.96,4.97,3
581,581,fastfouriertransform,small,warm,200,266.15,266.15,0.01,6.04,260.11,False,,0.0,4.66,0.01,1.36,6.03,4
582,582,genmatrix,small,warm,200,13.89,13.89,0.0,0.11,13.78,False,,0.0,0.02,,0.09,0.11,5
583,583,fastfouriertransform,medium,warm,200,789.23,789.23,0.0,720.7,68.53,False,,0.0,4.02,0.0,716.66,720.7,5
584,584,fastfouriertransform,large,warm,200,693.02,693.01,0.0,4.75,688.27,False,,0.0,3.89,0.0,0.85,4.75,2
585,585,fastfouriertransform,medium,warm,200,1324.65,1324.65,0.01,726.81,597.84,False,,0.0,3.95,0.0,722.85,726.81,3
586,586,fetchdata,large,warm,200,85.73,85.72,0.01,77.25,8.47,False,77.22,0.0,0.02,0.0,,77.24,4
587,587,genmatrix,small,warm,200,11.93,11.92,0.01,0.11,11.81,False,,0.0,0.02,,0.09,0.11,4
588,588,fastfouriertransform,medium,cold,200,1762.49,1762.48,0.0,729.67,1032.81,False,,0.0,3.96,0.0,725.69,729.67,4
589,589,fastfouriertransform,medium,cold,200,2389.47,2389.47,0.0,732.16,1657.31,False,,0.0,3.95,0.01,728.2,732.16,5
590,590,genmatrix,medium,warm,200,17.93,17.92,0.0,0.21,17.71,False,,0.0,0.02,,0.19,0.21,6
591,591,matrixmul,small,warm,200,28.6,28.59,0.01,7.23,21.36,False,,0.0,0.49,6.04,0.69,7.23,4
592,592,fetchdata,large,warm,200,87.58,87.57,0.01,76.97,10.6,False,76.94,0.0,0.02,0.0,,76.96,4
593,593,matrixmul,large,warm,200,23.67,23.67,0.01,5.06,18.61,False,,0.0,0.38,4.01,0.67,5.06,4
594,594,fetchdata,small,warm,200,85.66,85.66,0.0,76.76,8.9,False,76.74,0.0,0.02,0.0,,76.76,4
595,595,fetchdata,small,warm,200,92.69,92.68,0.0,82.44,10.24,False,82.41,0.0,0.02,0.0,,82.44,4
596,596,linpack,medium,warm,200,673.6,673.59,0.01,659.37,14.22,False,,0.0,0.37,4.37,654.62,659.36,4
597,597,linpack,large,warm,200,22.24,22.23,0.01,6.58,15.65,False,,0.0,0.65,5.0,0.92,6.58,5
598,598,fetchdata,medium,warm,200,91.07,91.07,0.0,78.18,12.89,False,78.15,0.0,0.02,0.0,,78.18,5
599,599,linpack,small,warm,200,22.75,22.75,0.01,6.64,16.11,False,,0.0,0.39,4.38,1.87,6.64,4
600,600,fetchdata,medium,warm,200,85.75,85.74,0.0,75.7,10.04,False,75.68,0.0,0.02,0.0,,75.7,4
601,601,genmatrix,medium,warm,200,16.26,16.25,0.0,0.21,16.04,False,,0.0,0.02,,0.19,0.21,4
602,602,genmatrix,large,warm,200,52.38,34.0,18.38,0.79,33.21,False,,0.0,0.02,,0.77,0.79,4
603,603,fastfouriertransform,medium,warm,200,1740.23,1740.22,0.0,744.07,996.16,False,,0.0,3.95,0.0,740.1,744.06,3
604,604,genmatrix,large,warm,200,55.97,43.6,12.37,0.85,42.75,False,,0.0,0.03,,0.82,0.85,4
605,605,linpack,small,warm,200,24.84,24.84,0.0,6.02,18.82,False,,0.0,0.35,4.74,0.93,6.02,4
606,606,fastfouriertransform,medium,cold,200,2174.23,2174.22,0.0,738.45,1435.77,False,,0.0,4.04,0.01,734.4,738.45,3
607,607,genmatrix,large,warm,200,47.73,35.24,12.49,0.86,34.38,False,,0.0,0.02,,0.83,0.86,4
608,608,genmatrix,large,warm,200,52.74,34.89,17.84,0.81,34.09,False,,0.0,0.02,,0.78,0.8,4
609,609,matrixmul,large,warm,200,23.06,23.05,0.0,4.99,18.06,False,,0.0,0.36,4.02,0.61,4.99,4
610,610,genmatrix,medium,warm,200,16.04,16.04,0.0,0.21,15.83,False,,0.0,0.02,,0.18,0.21,4
611,611,genmatrix,small,warm,200,11.1,11.1,0.0,0.15,10.95,False,,0.0,0.03,,0.11,0.15,4
612,612,matrixmul,medium,warm,200,585.37,585.37,0.0,561.29,24.08,False,,0.0,0.39,5.16,555.73,561.29,4
613,613,fastfouriertransform,small,cold,200,1492.07,1492.07,0.0,4.89,1487.18,False,,0.0,3.95,0.0,0.92,4.89,4
614,614,matrixmul,large,warm,200,401.0,400.99,0.01,5.22,395.78,False,,0.0,0.48,4.11,0.62,5.22,5
615,615,genmatrix,large,warm,200,47.82,35.68,12.14,0.79,34.89,False,,0.0,0.02,,0.77,0.79,6
616,616,genmatrix,large,warm,200,49.06,36.04,13.02,0.78,35.26,False,,0.0,0.02,,0.76,0.78,6
617,617,genmatrix,small,warm,200,12.12,12.11,0.01,0.11,12.0,False,,0.0,0.02,,0.08,0.11,6
618,618,matrixmul,medium,warm,200,583.8,583.79,0.01,563.56,20.23,False,,0.0,0.39,4.05,559.11,563.56,4
619,619,fastfouriertransform,large,warm,200,896.83,896.82,0.0,4.92,891.9,False,,0.0,3.97,0.0,0.94,4.92,5
620,620,fastfouriertransform,large,warm,200,806.36,806.35,0.01,4.82,801.53,False,,0.0,3.91,0.0,0.9,4.82,6
621,621,matrixmul,medium,warm,200,863.34,863.33,0.0,566.19,297.14,False,,0.0,0.36,4.01,561.81,566.19,6
622,622,fetchdata,large,warm,200,86.5,86.49,0.01,76.5,9.99,False,76.47,0.0,0.02,0.0,,76.5,7
623,623,genmatrix,small,warm,200,12.14,12.14,0.01,0.11,12.02,False,,0.0,0.02,,0.09,0.11,7
624,624,fetchdata,large,warm,200,98.41,98.41,0.01,86.08,12.33,False,86.04,0.0,0.03,0.0,,86.08,6
625,625,genmatrix,large,warm,200,59.98,45.49,14.49,0.99,44.5,False,,0.0,0.03,,0.95,0.99,6
626,626,fetchdata,large,warm,200,92.97,92.97,0.0,83.62,9.35,False,83.58,0.0,0.03,0.0,,83.62,6
627,627,fastfouriertransform,large,warm,200,116.39,116.38,0.01,4.89,111.49,False,,0.0,3.99,0.0,0.89,4.89,6
628,628,fastfouriertransform,medium,warm,200,750.37,750.36,0.01,730.14,20.22,False,,0.0,3.99,0.0,726.14,730.14,4
629,629,matrixmul,small,warm,200,77.56,77.56,0.01,5.01,72.54,False,,0.0,0.35,4.05,0.61,5.01,3
630,630,linpack,medium,warm,200,677.08,677.08,0.0,665.29,11.79,False,,0.0,0.34,4.02,660.92,665.29,2
631,631,fetchdata,small,warm,200,140.83,140.82,0.0,130.44,10.39,False,130.41,0.0,0.02,0.0,,130.43,3
632,632,genmatrix,medium,warm,200,16.22,16.22,0.0,0.21,16.01,False,,0.0,0.02,,0.18,0.21,4
633,633,matrixmul,small,warm,200,25.07,25.07,0.0,7.75,17.32,False,,0.0,0.35,6.65,0.74,7.75,3
634,634,fetchdata,small,warm,200,91.64,91.63,0.0,82.23,9.4,False,82.2,0.0,0.02,0.0,,82.23,3
635,635,linpack,medium,warm,200,721.04,721.04,0.0,708.65,12.38,False,,0.0,0.35,4.18,704.12,708.65,3
636,636,linpack,large,warm,200,83.77,83.77,0.0,5.07,78.7,False,,0.0,0.33,4.01,0.72,5.07,3
637,637,genmatrix,small,warm,200,11.49,11.48,0.01,0.11,11.37,False,,0.0,0.02,,0.09,0.11,2
638,638,genmatrix,medium,warm,200,13.2,13.19,0.0,0.21,12.98,False,,0.0,0.02,,0.19,0.21,2
639,639,genmatrix,large,warm,200,52.19,40.13,12.06,0.89,39.24,False,,0.0,0.02,,0.86,0.89,2
640,640,genmatrix,small,warm,200,11.4,11.39,0.0,0.13,11.26,False,,0.0,0.03,,0.1,0.13,2
641,641,matrixmul,small,warm,200,30.0,29.99,0.0,9.22,20.78,False,,0.0,0.39,8.2,0.62,9.22,2
642,642,fetchdata,small,warm,200,86.6,86.6,0.0,77.09,9.51,False,77.07,0.0,0.02,0.0,,77.09,2
643,643,matrixmul,large,warm,200,20.81,20.81,0.0,4.9,15.91,False,,0.0,0.34,3.99,0.56,4.9,1
644,644,genmatrix,small,warm,200,10.45,10.45,0.0,0.11,10.34,False,,0.0,0.02,,0.09,0.11,1
645,645,matrixmul,small,warm,200,23.57,23.56,0.01,5.11,18.45,False,,0.0,0.36,4.11,0.63,5.11,1
646,646,genmatrix,large,warm,200,53.61,41.45,12.16,0.96,40.48,False,,0.0,0.03,,0.93,0.96,1
647,647,fastfouriertransform,medium,warm,200,754.04,754.04,0.0,734.29,19.74,False,,0.0,3.96,0.0,730.32,734.29,1
648,648,genmatrix,large,warm,200,45.76,36.0,9.76,0.8,35.2,False,,0.0,0.02,,0.78,0.8,2
649,649,genmatrix,large,warm,200,47.82,35.87,11.95,0.79,35.08,False,,0.0,0.02,,0.77,0.79,2
650,650,matrixmul,large,warm,200,21.75,21.75,0.0,5.0,16.75,False,,0.0,0.35,4.03,0.61,5.0,2
651,651,genmatrix,small,warm,200,13.16,13.15,0.0,0.48,12.68,False,,0.0,0.03,,0.45,0.48,2
652,652,fetchdata,medium,warm,200,92.64,92.63,0.0,83.65,8.98,False,83.62,0.0,0.02,0.0,,83.65,2
653,653,fastfouriertransform,large,warm,200,159.29,159.29,0.0,5.09,154.2,False,,0.0,4.05,0.01,1.02,5.09,2
654,654,linpack,medium,warm,200,720.7,720.7,0.01,664.1,56.59,False,,0.0,0.34,4.02,659.73,664.1,3
655,655,linpack,small,warm,200,21.21,21.2,0.0,5.18,16.02,False,,0.0,0.38,4.03,0.77,5.18,2
656,656,fastfouriertransform,large,warm,200,25.34,25.33,0.0,4.75,20.58,False,,0.0,3.97,0.0,0.77,4.75,2
657,657,matrixmul,large,warm,200,22.93,22.93,0.01,4.89,18.03,False,,0.0,0.34,3.97,0.58,4.89,2
658,658,genmatrix,large,warm,200,61.32,37.18,24.14,0.96,36.22,False,,0.0,0.02,,0.93,0.96,2
659,659,matrixmul,small,warm,200,25.5,25.49,0.0,5.15,20.34,False,,0.0,0.36,4.15,0.65,5.15,2
660,660,fetchdata,small,warm,200,93.14,93.13,0.0,82.98,10.16,False,82.94,0.0,0.03,0.0,,82.98,2
661,661,fastfouriertransform,medium,warm,200,774.52,774.52,0.0,757.38,17.14,False,,0.0,3.91,0.0,753.45,757.37,2
662,662,matrixmul,small,warm,200,22.07,22.06,0.0,4.95,17.11,False,,0.0,0.35,3.98,0.62,4.95,2
663,663,fastfouriertransform,small,warm,200,579.66,579.65,0.0,4.88,574.77,False,,0.0,3.94,0.0,0.93,4.88,2
664,664,linpack,small,warm,200,18.1,18.1,0.0,6.62,11.48,False,,0.0,0.37,5.41,0.83,6.62,3
665,665,matrixmul,medium,warm,200,566.21,566.2,0.0,550.33,15.87,False,,0.0,0.42,4.13,545.78,550.33,3
666,666,genmatrix,large,warm,200,54.28,41.85,12.43,3.62,38.24,False,,0.0,0.02,,3.59,3.62,4
667,667,linpack,medium,warm,200,711.11,711.11,0.0,698.9,12.2,False,,0.0,0.41,4.19,694.3,698.9,4
668,668,linpack,large,warm,200,16.87,16.87,0.0,5.11,11.76,False,,0.0,0.34,4.03,0.73,5.11,5
669,669,fetchdata,medium,warm,200,85.05,85.05,0.0,76.4,8.65,False,76.37,0.0,0.02,0.0,,76.4,3
670,670,fastfouriertransform,medium,warm,200,735.14,735.13,0.0,716.74,18.39,False,,0.0,3.84,0.0,712.89,716.74,3
671,671,linpack,medium,warm,200,710.73,710.73,0.0,696.92,13.81,False,,0.0,0.38,4.21,692.32,696.92,3
672,672,genmatrix,small,warm,200,15.59,15.58,0.0,0.13,15.45,False,,0.0,0.03,,0.1,0.13,4
673,673,genmatrix,small,warm,200,10.82,10.82,0.0,0.14,10.68,False,,0.0,0.03,,0.11,0.14,4
674,674,matrixmul,medium,warm,200,561.81,561.8,0.0,541.38,20.43,False,,0.0,0.35,4.03,537.0,541.38,4
675,675,fetchdata,medium,warm,200,84.14,84.13,0.0,76.25,7.89,False,76.22,0.0,0.02,0.0,,76.24,4
676,676,fastfouriertransform,large,warm,200,138.79,138.78,0.0,4.73,134.05,False,,0.0,3.89,0.0,0.84,4.73,4
677,677,genmatrix,large,warm,200,53.14,36.02,17.12,0.81,35.2,False,,0.0,0.02,,0.79,0.81,5
678,678,genmatrix,small,warm,200,14.16,14.16,0.0,0.11,14.05,False,,0.0,0.02,,0.09,0.11,3
679,679,matrixmul,medium,warm,200,619.56,619.56,0.0,548.21,71.34,False,,0.0,0.36,4.08,543.77,548.21,2
680,680,fetchdata,small,warm,200,88.27,88.27,0.0,77.99,10.28,False,77.95,0.0,0.02,0.0,,77.98,2
681,681,matrixmul,small,warm,200,428.15,428.15,0.0,4.98,423.16,False,,0.0,0.34,4.02,0.61,4.98,2
682,682,fetchdata,large,warm,200,87.01,87.0,0.0,77.4,9.6,False,77.37,0.0,0.02,0.0,,77.4,3
683,683,linpack,small,warm,200,16.57,16.57,0.0,5.11,11.46,False,,0.0,0.33,4.03,0.75,5.11,3
684,684,fastfouriertransform,medium,warm,200,748.78,748.78,0.01,732.37,16.41,False,,0.0,3.97,0.0,728.39,732.37,3
685,685,fetchdata,small,warm,200,96.49,96.48,0.01,81.07,15.42,False,81.03,0.0,0.03,0.0,,81.06,4
686,686,linpack,small,warm,200,20.81,20.81,0.01,6.03,14.78,False,,0.0,0.36,4.88,0.79,6.02,2
687,687,fastfouriertransform,large,warm,200,458.25,458.25,0.0,4.66,453.59,False,,0.0,3.88,0.0,0.78,4.66,2
688,688,fetchdata,large,warm,200,83.85,83.85,0.0,75.65,8.2,False,75.62,0.0,0.02,0.0,,75.65,3
689,689,fetchdata,small,warm,200,84.71,84.71,0.0,75.64,9.07,False,75.61,0.0,0.02,0.0,,75.64,3
690,690,genmatrix,small,warm,200,10.37,10.36,0.01,0.11,10.25,False,,0.0,0.02,,0.09,0.11,3
691,691,linpack,small,warm,200,16.43,16.43,0.0,5.13,11.3,False,,0.0,0.35,4.02,0.76,5.13,3
692,692,genmatrix,small,warm,200,12.5,12.49,0.01,0.11,12.38,False,,0.0,0.02,,0.09,0.11,1
693,693,fetchdata,large,warm,200,90.36,90.35,0.0,80.79,9.56,False,80.76,0.0,0.02,0.0,,80.79,1
694,694,genmatrix,small,warm,200,10.71,10.71,0.0,0.12,10.59,False,,0.0,0.02,,0.09,0.12,1
695,695,fastfouriertransform,large,warm,200,21.44,21.43,0.0,4.67,16.76,False,,0.0,3.88,0.0,0.78,4.67,1
696,696,fastfouriertransform,small,warm,200,21.88,21.88,0.0,4.68,17.19,False,,0.0,3.91,0.0,0.76,4.68,1
697,697,fastfouriertransform,medium,warm,200,744.05,744.05,0.0,726.5,17.55,False,,0.0,3.85,0.0,722.64,726.5,1
698,698,fetchdata,large,warm,200,96.1,96.09,0.0,84.34,11.75,False,84.31,0.0,0.02,0.0,,84.33,2
699,699,genmatrix,small,warm,200,12.11,12.1,0.01,0.12,11.98,False,,0.0,0.02,,0.09,0.12,2
700,700,fetchdata,medium,warm,200,87.01,87.0,0.0,78.9,8.11,False,78.86,0.0,0.02,0.0,,78.89,2
701,701,fastfouriertransform,small,warm,200,350.88,350.87,0.01,4.71,346.17,False,,0.0,3.88,0.0,0.82,4.71,2
702,702,matrixmul,large,warm,200,20.74,20.74,0.0,5.03,15.71,False,,0.0,0.36,4.09,0.59,5.03,3
703,703,fastfouriertransform,large,warm,200,161.66,161.65,0.01,5.1,156.55,False,,0.0,4.05,0.01,1.04,5.1,3
704,704,fastfouriertransform,medium,warm,200,791.17,791.16,0.0,724.79,66.37,False,,0.0,4.02,0.0,720.76,724.79,4
705,705,matrixmul,medium,warm,200,581.92,581.92,0.0,563.07,18.85,False,,0.0,0.35,4.07,558.64,563.06,2
706,706,linpack,large,warm,200,19.88,19.88,0.0,6.82,13.06,False,,0.0,0.39,5.54,0.88,6.82,3
707,707,fastfouriertransform,medium,warm,200,1219.84,1219.84,0.01,727.47,492.37,False,,0.0,3.89,0.0,723.57,727.46,3
708,708,linpack,small,warm,200,17.83,17.82,0.0,5.07,12.75,False,,0.0,0.33,4.0,0.74,5.07,4
709,709,linpack,small,warm,200,16.32,16.31,0.0,5.03,11.28,False,,0.0,0.33,3.97,0.73,5.03,4
710,710,linpack,medium,warm,200,711.6,711.6,0.01,699.17,12.43,False,,0.0,0.34,3.98,694.85,699.16,4
711,711,matrixmul,large,warm,200,22.72,22.72,0.01,4.95,17.77,False,,0.0,0.35,4.02,0.57,4.95,4
712,712,fastfouriertransform,small,warm,200,723.3,723.3,0.0,4.76,718.54,False,,0.0,3.94,0.0,0.8,4.76,3
713,713,matrixmul,medium,warm,200,561.27,561.27,0.0,545.72,15.55,False,,0.0,0.36,4.08,541.28,545.72,4
714,714,matrixmul,large,warm,200,479.53,479.52,0.01,4.99,474.54,False,,0.0,0.36,4.0,0.62,4.99,5
715,715,fastfouriertransform,medium,warm,200,1151.17,1151.17,0.0,721.65,429.51,False,,0.0,4.05,0.01,717.59,721.65,6
716,716,matrixmul,small,warm,200,289.98,289.98,0.0,4.95,285.03,False,,0.0,0.34,4.01,0.58,4.94,7
717,717,fastfouriertransform,medium,warm,200,1674.16,1674.16,0.0,718.65,955.51,False,,0.0,3.88,0.0,714.76,718.65,8
718,718,linpack,small,warm,200,16.14,16.14,0.0,5.1,11.04,False,,0.0,0.35,4.0,0.74,5.1,8
719,719,fastfouriertransform,small,cold,200,1490.73,1490.72,0.01,5.07,1485.65,False,,0.0,4.08,0.01,0.98,5.07,5
720,720,genmatrix,large,warm,200,50.93,39.21,11.72,0.84,38.36,False,,0.0,0.02,,0.82,0.84,4
721,721,linpack,large,warm,200,17.62,17.62,0.0,5.28,12.34,False,,0.0,0.37,4.07,0.83,5.27,4
722,722,genmatrix,medium,warm,200,16.98,16.98,0.0,0.22,16.76,False,,0.0,0.02,,0.19,0.22,4
723,723,linpack,large,warm,200,16.58,16.58,0.0,5.05,11.53,False,,0.0,0.34,3.96,0.73,5.05,4
724,724,genmatrix,medium,warm,200,13.35,13.34,0.0,0.2,13.14,False,,0.0,0.02,,0.18,0.2,4
725,725,linpack,large,warm,200,16.7,16.7,0.0,5.05,11.65,False,,0.0,0.33,3.98,0.73,5.05,4
726,726,matrixmul,small,warm,200,22.85,22.85,0.0,4.95,17.89,False,,0.0,0.36,4.02,0.58,4.95,4
727,727,fastfouriertransform,large,warm,200,680.07,680.06,0.0,4.67,675.39,False,,0.0,3.89,0.0,0.78,4.67,3
728,728,linpack,large,warm,200,20.83,20.83,0.0,6.84,13.99,False,,0.0,0.36,5.57,0.91,6.84,4
729,729,fetchdata,medium,warm,200,91.13,91.12,0.0,81.8,9.32,False,81.77,0.0,0.02,0.0,,81.8,4
730,730,matrixmul,small,warm,200,22.88,22.88,0.01,5.01,17.87,False,,0.0,0.37,4.04,0.59,5.01,4
731,731,matrixmul,medium,warm,200,580.49,580.49,0.0,564.83,15.66,False,,0.0,0.37,4.0,560.45,564.83,4
732,732,matrixmul,medium,warm,200,1017.9,1017.9,0.0,531.23,486.67,False,,0.0,0.38,4.08,526.76,531.23,5
733,733,matrixmul,large,warm,200,930.61,930.6,0.01,5.07,925.54,False,,0.0,0.37,4.04,0.65,5.06,6
734,734,fastfouriertransform,medium,warm,200,756.93,756.92,0.0,732.22,24.7,False,,0.0,4.01,0.01,728.19,732.22,4
735,735,matrixmul,medium,warm,200,1281.87,1281.86,0.0,533.62,748.24,False,,0.0,0.37,4.12,529.12,533.62,5
736,736,genmatrix,medium,warm,200,13.19,13.19,0.0,0.21,12.98,False,,0.0,0.02,,0.19,0.21,6
737,737,fetchdata,large,warm,200,84.77,84.77,0.0,76.32,8.44,False,76.3,0.0,0.02,0.0,,76.32,5
738,738,matrixmul,small,warm,200,442.98,442.97,0.01,5.01,437.97,False,,0.0,0.34,4.04,0.62,5.01,5
739,739,fastfouriertransform,small,warm,200,261.0,261.0,0.01,4.98,256.02,False,,0.0,3.91,0.0,1.07,4.98,6
740,740,fastfouriertransform,medium,warm,200,893.83,893.83,0.01,731.69,162.14,False,,0.0,3.93,0.0,727.75,731.69,7
741,741,fastfouriertransform,large,warm,200,799.75,799.75,0.0,4.81,794.94,False,,0.0,3.94,0.0,0.85,4.8,8
742,742,genmatrix,small,warm,200,14.23,14.22,0.01,0.12,14.1,False,,0.0,0.02,,0.09,0.12,7
743,743,linpack,small,warm,200,19.75,19.75,0.0,6.12,13.63,False,,0.0,0.34,5.01,0.76,6.12,4
744,744,linpack,large,warm,200,15.78,15.77,0.0,5.2,10.57,False,,0.0,0.34,4.11,0.75,5.2,4
745,745,linpack,medium,warm,200,730.23,730.22,0.0,718.87,11.36,False,,0.0,0.34,4.06,714.46,718.86,4
746,746,fastfouriertransform,medium,warm,200,1012.71,1012.7,0.0,711.01,301.69,False,,0.0,3.9,0.0,707.1,711.01,5
747,747,genmatrix,large,warm,200,50.99,39.43,11.56,1.05,38.38,False,,0.0,0.04,,1.01,1.05,6
748,748,matrixmul,large,warm,200,28.49,28.48,0.01,5.26,23.22,False,,0.0,0.4,4.12,0.73,5.26,5
749,749,fastfouriertransform,medium,warm,200,1457.67,1457.67,0.0,740.68,716.99,False,,0.0,3.97,0.0,736.7,740.68,3
750,750,linpack,medium,warm,200,931.97,931.96,0.01,693.32,238.64,False,,0.0,0.34,3.97,689.01,693.32,4
751,751,genmatrix,small,warm,200,10.39,10.39,0.0,0.11,10.28,False,,0.0,0.02,,0.09,0.11,5
752,752,linpack,large,warm,200,739.09,739.08,0.0,5.25,733.83,False,,0.0,0.38,4.09,0.78,5.25,5
753,753,fetchdata,small,warm,200,84.54,84.54,0.0,75.37,9.17,False,75.34,0.0,0.02,0.0,,75.37,5
754,754,matrixmul,small,warm,200,21.77,21.76,0.0,4.94,16.82,False,,0.0,0.35,4.0,0.59,4.94,5
755,755,fastfouriertransform,medium,warm,200,1577.03,1577.03,0.0,715.26,861.77,False,,0.0,4.01,0.01,711.24,715.26,5
756,756,linpack,medium,warm,200,1043.97,1043.97,0.01,711.02,332.94,False,,0.0,0.34,4.15,706.53,711.02,6
757,757,fastfouriertransform,medium,cold,200,2109.6,2109.59,0.0,728.46,1381.13,False,,0.0,3.97,0.0,724.47,728.46,6
758,758,linpack,small,warm,200,870.58,870.58,0.0,5.09,865.49,False,,0.0,0.34,3.99,0.75,5.09,7
759,759,matrixmul,large,warm,200,19.62,19.62,0.01,4.97,14.65,False,,0.0,0.36,4.01,0.6,4.97,8
760,760,linpack,large,warm,200,654.75,654.75,0.01,5.08,649.67,False,,0.0,0.33,4.01,0.74,5.08,6
761,761,linpack,small,warm,200,564.86,564.86,0.01,5.04,559.82,False,,0.0,0.36,3.96,0.72,5.04,7
762,762,linpack,large,warm,200,472.84,472.84,0.0,5.05,467.78,False,,0.0,0.34,3.98,0.72,5.05,8
763,763,genmatrix,small,warm,200,12.85,12.84,0.0,0.12,12.72,False,,0.0,0.03,,0.1,0.12,9
764,764,fetchdata,medium,warm,200,93.19,93.19,0.0,82.35,10.84,False,82.31,0.0,0.03,0.0,,82.35,8
765,765,genmatrix,medium,warm,200,15.57,15.56,0.01,0.34,15.21,False,,0.0,0.03,,0.31,0.34,8
766,766,genmatrix,small,warm,200,11.42,11.42,0.01,0.11,11.31,False,,0.0,0.02,,0.08,0.11,8
767,767,fetchdata,small,warm,200,83.56,83.56,0.0,76.04,7.51,False,76.02,0.0,0.02,0.0,,76.04,3
768,768,linpack,large,warm,200,17.49,17.49,0.01,5.03,12.46,False,,0.0,0.33,3.96,0.73,5.03,3
769,769,matrixmul,small,warm,200,23.12,23.11,0.0,5.07,18.04,False,,0.0,0.34,4.01,0.71,5.07,3
770,770,fetchdata,large,warm,200,96.68,96.68,0.0,84.97,11.7,False,84.94,0.0,0.03,0.0,,84.97,3
771,771,fastfouriertransform,small,warm,200,712.75,712.74,0.0,5.09,707.66,False,,0.0,4.24,0.01,0.83,5.08,2
772,772,linpack,small,warm,200,18.2,18.19,0.0,5.56,12.63,False,,0.0,0.36,4.08,1.12,5.56,3
773,773,matrixmul,medium,warm,200,579.04,579.03,0.0,562.49,16.55,False,,0.0,0.36,4.21,557.91,562.48,3
774,774,matrixmul,medium,warm,200,1033.35,1033.34,0.0,545.77,487.57,False,,0.0,0.39,4.08,541.29,545.77,4
775,775,fetchdata,medium,warm,200,86.47,86.46,0.0,76.86,9.6,False,76.84,0.0,0.02,0.0,,76.86,5
776,776,genmatrix,large,warm,200,53.72,42.68,11.04,0.9,41.78,False,,0.0,0.02,,0.87,0.9,5
777,777,genmatrix,large,warm,200,57.36,45.57,11.79,1.13,44.44,False,,0.0,0.03,,1.09,1.13,5
778,778,linpack,small,warm,200,21.19,21.18,0.01,5.52,15.66,False,,0.0,0.38,4.32,0.82,5.52,5
779,779,fastfouriertransform,small,warm,200,24.95,24.94,0.0,4.95,20.0,False,,0.0,3.89,0.0,1.05,4.95,2
780,780,fetchdata,large,warm,200,85.37,85.37,0.0,76.52,8.85,False,76.5,0.0,0.02,0.0,,76.52,2
781,781,fastfouriertransform,large,warm,200,22.05,22.04,0.0,4.68,17.36,False,,0.0,3.91,0.0,0.76,4.68,2
782,782,fastfouriertransform,medium,warm,200,744.26,744.26,0.01,726.08,18.17,False,,0.0,3.84,0.0,722.24,726.08,2
783,783,matrixmul,large,warm,200,144.5,144.49,0.01,5.12,139.37,False,,0.0,0.37,4.09,0.66,5.12,3
784,784,matrixmul,medium,warm,200,606.95,606.94,0.01,551.8,55.15,False,,0.0,0.38,4.04,547.37,551.8,4
785,785,linpack,medium,warm,200,720.72,720.71,0.0,709.96,10.76,False,,0.0,0.36,4.06,705.54,709.96,3
786,786,matrixmul,medium,warm,200,975.79,975.78,0.0,568.24,407.54,False,,0.0,0.34,4.03,563.87,568.24,4
787,787,fetchdata,large,warm,200,85.47,85.46,0.0,76.85,8.61,False,76.82,0.0,0.02,0.0,,76.85,5
788,788,fastfouriertransform,medium,warm,200,872.63,872.62,0.01,730.7,141.92,False,,0.0,3.88,0.0,726.81,730.7,5
789,789,matrixmul,small,warm,200,687.07,687.07,0.01,4.93,682.13,False,,0.0,0.36,3.98,0.59,4.93,6
790,790,genmatrix,large,warm,200,51.19,38.04,13.15,0.98,37.06,False,,0.0,0.03,,0.94,0.98,6
791,791,linpack,medium,warm,200,824.56,824.56,0.01,698.33,126.22,False,,0.0,0.35,4.05,693.93,698.33,5
792,792,linpack,large,warm,200,731.83,731.82,0.0,5.43,726.39,False,,0.0,0.38,4.21,0.83,5.43,6
793,793,genmatrix,small,warm,200,10.5,10.5,0.0,0.12,10.38,False,,0.0,0.02,,0.1,0.12,6
794,794,fetchdata,medium,warm,200,84.26,84.25,0.0,76.56,7.7,False,76.53,0.0,0.02,0.0,,76.56,6
795,795,linpack,small,warm,200,431.34,431.34,0.0,5.32,426.02,False,,0.0,0.37,4.11,0.84,5.32,6
796,796,fastfouriertransform,small,warm,200,81.25,81.24,0.0,4.56,76.68,False,,0.0,3.83,0.0,0.73,4.56,5
797,797,genmatrix,small,warm,200,16.82,16.82,0.01,0.13,16.69,False,,0.0,0.03,,0.09,0.13,4
798,798,fetchdata,medium,warm,200,90.26,90.25,0.0,81.12,9.13,False,81.09,0.0,0.03,0.0,,81.12,4
799,799,genmatrix,medium,warm,200,15.4,15.4,0.01,0.25,15.15,False,,0.0,0.03,,0.21,0.25,4
800,800,fastfouriertransform,small,warm,200,28.31,28.31,0.0,8.65,19.66,False,,0.0,7.81,0.01,0.83,8.64,1
801,801,matrixmul,large,warm,200,19.27,19.26,0.0,4.94,14.32,False,,0.0,0.36,4.0,0.57,4.94,1
802,802,matrixmul,small,warm,200,20.54,20.53,0.0,4.94,15.59,False,,0.0,0.36,4.0,0.58,4.94,1
803,803,fetchdata,medium,warm,200,91.28,91.28,0.0,80.04,11.24,False,80.01,0.0,0.02,0.0,,80.03,1
804,804,linpack,large,warm,200,26.21,26.2,0.0,5.31,20.9,False,,0.0,0.36,4.09,0.85,5.3,1
805,805,fetchdata,large,warm,200,93.68,93.67,0.0,83.52,10.15,False,83.48,0.0,0.03,0.0,,83.52,1
806,806,linpack,large,warm,200,17.64,17.63,0.0,5.3,12.33,False,,0.0,0.42,4.02,0.85,5.3,1
807,807,genmatrix,small,warm,200,11.41,11.4,0.01,0.13,11.28,False,,0.0,0.03,,0.09,0.12,1
808,808,matrixmul,large,warm,200,21.19,21.19,0.0,4.91,16.28,False,,0.0,0.34,4.0,0.57,4.91,1
809,809,fastfouriertransform,medium,warm,200,736.17,736.16,0.0,720.1,16.06,False,,0.0,3.84,0.0,716.26,720.1,1
810,810,fastfouriertransform,medium,warm,200,1386.66,1386.66,0.0,745.7,640.96,False,,0.0,3.9,0.0,741.79,745.7,2
811,811,fastfouriertransform,medium,cold,200,2014.82,2014.81,0.0,727.57,1287.24,False,,0.0,3.84,0.0,723.73,727.57,3
812,812,linpack,medium,warm,200,709.39,709.38,0.01,697.57,11.81,False,,0.0,0.34,4.0,693.22,697.57,4
813,813,linpack,medium,warm,200,1311.78,1311.77,0.0,700.31,611.47,False,,0.0,0.39,4.15,695.76,700.31,5
814,814,matrixmul,medium,warm,200,579.08,579.07,0.0,562.44,16.64,False,,0.0,0.36,4.32,557.75,562.44,6
815,815,fastfouriertransform,medium,cold,200,2362.62,2362.61,0.0,730.48,1632.14,False,,0.0,3.88,0.0,726.58,730.47,7
816,816,fastfouriertransform,medium,cold,200,2998.21,2998.21,0.0,733.27,2264.94,False,,0.0,3.95,0.0,729.3,733.27,8
817,817,fetchdata,large,warm,200,90.69,90.69,0.0,80.29,10.4,False,80.24,0.0,0.03,0.0,,80.28,8
818,818,matrixmul,large,warm,200,194.75,194.74,0.0,5.16,189.58,False,,0.0,0.39,4.1,0.66,5.16,8
819,819,genmatrix,small,warm,200,8.96,8.96,0.0,0.12,8.84,False,,0.0,0.03,,0.09,0.12,9
820,820,matrixmul,small,warm,200,22.03,22.02,0.01,5.08,16.95,False,,0.0,0.38,4.06,0.63,5.08,6
821,821,fetchdata,medium,warm,200,86.25,86.25,0.0,76.69,9.56,False,76.66,0.0,0.02,0.0,,76.69,6
822,822,linpack,medium,warm,200,1106.21,1106.2,0.0,696.74,409.46,False,,0.0,0.38,4.07,692.29,696.74,6
823,823,linpack,small,cold,200,1018.02,1018.01,0.0,5.51,1012.5,False,,0.0,0.37,4.17,0.96,5.51,7
824,824,matrixmul,medium,warm,200,572.14,572.13,0.0,556.84,15.29,False,,0.0,0.37,4.06,552.41,556.84,7
825,825,genmatrix,small,warm,200,11.4,11.4,0.0,0.13,11.27,False,,0.0,0.02,,0.1,0.13,8
826,826,genmatrix,small,warm,200,8.97,8.97,0.0,0.13,8.85,False,,0.0,0.02,,0.1,0.12,8
827,827,fastfouriertransform,large,warm,200,425.3,425.3,0.0,4.76,420.53,False,,0.0,3.96,0.0,0.79,4.76,7
828,828,fastfouriertransform,large,warm,200,329.46,329.45,0.01,4.7,324.75,False,,0.0,3.9,0.0,0.79,4.7,8
829,829,linpack,small,warm,200,430.39,430.39,0.01,5.49,424.9,False,,0.0,0.39,4.18,0.91,5.48,9
830,830,genmatrix,medium,warm,200,12.9,12.89,0.0,0.22,12.68,False,,0.0,0.02,,0.19,0.21,9
831,831,fetchdata,small,warm,200,92.02,92.02,0.01,80.85,11.17,False,80.81,0.0,0.03,0.0,,80.84,9
832,832,fastfouriertransform,small,cold,200,1406.05,1406.04,0.0,4.62,1401.43,False,,0.0,3.87,0.0,0.74,4.61,6
833,833,genmatrix,small,warm,200,11.04,11.04,0.0,0.13,10.91,False,,0.0,0.03,,0.1,0.13,7
834,834,fetchdata,large,warm,200,85.86,85.85,0.0,77.01,8.84,False,76.98,0.0,0.02,0.0,,77.01,4
835,835,fetchdata,large,warm,200,92.47,92.46,0.0,82.8,9.66,False,82.77,0.0,0.02,0.0,,82.8,4
836,836,fastfouriertransform,small,cold,200,1010.13,1010.13,0.01,4.67,1005.45,False,,0.0,3.89,0.0,0.77,4.67,4
837,837,matrixmul,medium,warm,200,570.65,570.65,0.0,555.81,14.83,False,,0.0,0.36,3.99,551.46,555.81,5
838,838,linpack,large,warm,200,16.61,16.6,0.0,5.12,11.48,False,,0.0,0.38,3.99,0.74,5.12,6
839,839,matrixmul,large,warm,200,383.34,383.33,0.01,4.96,378.37,False,,0.0,0.35,4.01,0.6,4.96,5
840,840,linpack,large,warm,200,21.29,21.28,0.0,5.25,16.03,False,,0.0,0.36,4.05,0.84,5.25,6
841,841,linpack,medium,warm,200,707.4,707.4,0.0,690.41,16.98,False,,0.0,0.35,4.01,686.05,690.41,6
842,842,genmatrix,small,warm,200,11.22,11.22,0.0,0.11,11.11,False,,0.0,0.02,,0.08,0.11,7
843,843,matrixmul,small,warm,200,22.49,22.48,0.01,4.98,17.5,False,,0.0,0.36,4.01,0.6,4.97,5
844,844,matrixmul,medium,warm,200,591.16,581.68,9.48,565.53,16.15,False,,0.0,0.36,4.02,561.15,565.53,5
845,845,genmatrix,medium,warm,200,13.32,13.31,0.0,0.21,13.11,False,,0.0,0.02,,0.18,0.21,6
846,846,linpack,small,warm,200,213.44,213.44,0.0,5.51,207.93,False,,0.0,0.38,4.12,1.01,5.51,5
847,847,genmatrix,large,warm,200,53.88,39.24,14.63,0.99,38.26,False,,0.0,0.03,,0.96,0.99,4
848,848,fastfouriertransform,medium,warm,200,737.1,737.09,0.0,721.18,15.91,False,,0.0,4.01,0.0,717.16,721.18,4
849,849,matrixmul,medium,warm,200,631.47,631.46,0.0,542.07,89.39,False,,0.0,0.35,4.01,537.7,542.07,3
850,850,fastfouriertransform,small,warm,200,552.27,552.27,0.01,4.94,547.33,False,,0.0,3.93,0.01,0.99,4.93,3
851,851,genmatrix,medium,warm,200,13.42,13.42,0.0,0.2,13.21,False,,0.0,0.02,,0.18,0.2,4
852,852,fastfouriertransform,large,warm,200,353.99,353.98,0.01,4.8,349.18,False,,0.0,3.94,0.0,0.85,4.8,4
853,853,fastfouriertransform,large,warm,200,263.82,263.81,0.0,4.79,259.02,False,,0.0,3.94,0.0,0.85,4.79,5
854,854,linpack,large,warm,200,18.45,18.44,0.0,6.18,12.26,False,,0.0,0.37,4.91,0.89,6.18,6
855,855,matrixmul,medium,warm,200,585.12,585.12,0.0,550.6,34.52,False,,0.0,0.36,4.04,546.19,550.6,6
856,856,linpack,large,warm,200,16.65,16.65,0.0,5.27,11.37,False,,0.0,0.4,4.1,0.76,5.27,2
857,857,fastfouriertransform,medium,warm,200,751.73,751.72,0.0,736.77,14.95,False,,0.0,3.91,0.0,732.85,736.77,2
858,858,linpack,large,warm,200,16.21,16.21,0.0,5.15,11.06,False,,0.0,0.34,4.01,0.79,5.15,3
859,859,fetchdata,medium,warm,200,91.91,91.91,0.0,82.23,9.68,False,82.19,0.0,0.02,0.0,,82.23,3
860,860,linpack,medium,warm,200,724.11,724.1,0.01,710.68,13.43,False,,0.0,0.35,4.0,706.32,710.67,3
861,861,linpack,small,warm,200,627.53,627.53,0.0,5.18,622.35,False,,0.0,0.36,4.05,0.76,5.18,3
862,862,fastfouriertransform,medium,warm,200,976.55,976.55,0.0,720.11,256.44,False,,0.0,3.89,0.0,716.21,720.11,4
863,863,fastfouriertransform,medium,warm,200,1625.83,1625.82,0.01,749.3,876.52,False,,0.0,3.89,0.0,745.4,749.3,5
864,864,fastfouriertransform,large,cold,200,1532.88,1532.87,0.01,4.62,1528.25,False,,0.0,3.85,0.0,0.76,4.62,6
865,865,fetchdata,small,warm,200,85.67,85.67,0.0,76.59,9.08,False,76.56,0.0,0.02,0.0,,76.59,6
866,866,fetchdata,large,warm,200,97.17,97.17,0.0,86.8,10.37,False,86.78,0.0,0.02,0.0,,86.8,6
867,867,matrixmul,medium,warm,200,573.88,573.87,0.0,556.49,17.39,False,,0.0,0.47,7.13,548.88,556.48,6
868,868,linpack,large,warm,200,15.75,15.74,0.0,5.32,10.42,False,,0.0,0.41,4.1,0.81,5.32,5
869,869,linpack,small,warm,200,17.55,17.54,0.0,5.23,12.31,False,,0.0,0.37,4.06,0.79,5.23,5
870,870,genmatrix,medium,warm,200,12.78,12.78,0.0,0.21,12.57,False,,0.0,0.02,,0.18,0.21,5
871,871,genmatrix,medium,warm,200,12.73,12.73,0.0,0.21,12.52,False,,0.0,0.02,,0.19,0.21,5
872,872,matrixmul,medium,warm,200,658.97,658.97,0.0,573.43,85.54,False,,0.0,0.35,4.02,569.05,573.43,4
873,873,linpack,small,warm,200,17.4,17.4,0.0,5.44,11.95,False,,0.0,0.41,4.25,0.78,5.44,4
874,874,genmatrix,small,warm,200,12.78,12.77,0.0,0.14,12.64,False,,0.0,0.03,,0.1,0.14,4
875,875,genmatrix,small,warm,200,10.42,10.42,0.0,0.15,10.26,False,,0.0,0.03,,0.11,0.15,4
876,876,linpack,large,warm,200,20.12,20.12,0.0,8.8,11.31,False,,0.0,0.37,4.38,4.05,8.8,4
877,877,matrixmul,medium,warm,200,732.78,732.77,0.0,568.58,164.19,False,,0.0,0.33,4.95,563.29,568.58,4
878,878,genmatrix,large,warm,200,49.16,34.96,14.2,0.84,34.12,False,,0.0,0.02,,0.78,0.81,5
879,879,linpack,small,warm,200,15.86,15.85,0.01,5.06,10.79,False,,0.0,0.33,3.99,0.74,5.06,4
880,880,genmatrix,small,warm,200,9.82,9.81,0.01,0.11,9.7,False,,0.0,0.02,,0.09,0.11,2
881,881,linpack,large,warm,200,24.23,24.23,0.0,7.21,17.02,False,,0.0,0.37,5.87,0.96,7.21,2
882,882,fetchdata,medium,warm,200,97.34,97.34,0.0,87.34,10.0,False,87.31,0.0,0.03,0.0,,87.34,2
883,883,genmatrix,large,warm,200,52.33,42.11,10.22,1.05,41.06,False,,0.0,0.03,,1.01,1.05,2
884,884,matrixmul,small,warm,200,42.25,42.25,0.01,5.0,37.24,False,,0.0,0.35,4.04,0.61,5.0,2
885,885,linpack,large,warm,200,16.22,16.22,0.0,5.13,11.09,False,,0.0,0.34,4.02,0.76,5.13,1
886,886,fastfouriertransform,medium,warm,200,764.99,764.99,0.0,748.44,16.54,False,,0.0,3.89,0.0,744.55,748.44,1
887,887,linpack,medium,warm,200,722.08,722.08,0.0,705.4,16.67,False,,0.0,0.39,8.15,696.86,705.4,2
888,888,genmatrix,small,warm,200,9.2,9.2,0.0,0.14,9.06,False,,0.0,0.03,,0.11,0.14,3
889,889,linpack,small,warm,200,525.7,525.69,0.0,5.13,520.56,False,,0.0,0.35,4.02,0.76,5.13,3
890,890,matrixmul,large,warm,200,25.08,25.07,0.0,7.04,18.03,False,,0.0,0.34,6.08,0.62,7.04,4
891,891,genmatrix,small,warm,200,8.26,8.26,0.0,0.11,8.15,False,,0.0,0.02,,0.08,0.11,4
892,892,genmatrix,medium,warm,200,12.55,12.55,0.0,0.21,12.34,False,,0.0,0.02,,0.18,0.2,4
893,893,fetchdata,small,warm,200,91.72,91.72,0.01,82.68,9.03,False,82.65,0.0,0.02,0.0,,82.68,4
894,894,genmatrix,medium,warm,200,16.05,16.04,0.01,0.21,15.82,False,,0.0,0.02,,0.19,0.21,3
895,895,fetchdata,small,warm,200,94.91,94.91,0.0,83.61,11.3,False,83.58,0.0,0.03,0.0,,83.61,1
896,896,fetchdata,small,warm,200,86.53,86.53,0.0,78.09,8.44,False,78.06,0.0,0.02,0.0,,78.09,1
897,897,fastfouriertransform,medium,warm,200,771.79,771.79,0.0,754.63,17.16,False,,0.0,3.94,0.0,750.67,754.62,1
898,898,fastfouriertransform,large,warm,200,678.23,678.23,0.0,4.92,673.3,False,,0.0,4.1,0.01,0.81,4.92,2
899,899,linpack,large,warm,200,18.07,18.06,0.0,5.1,12.96,False,,0.0,0.38,3.98,0.74,5.1,3
900,900,linpack,small,warm,200,17.42,17.42,0.0,5.11,12.31,False,,0.0,0.35,4.0,0.75,5.11,3
901,901,genmatrix,large,warm,200,51.34,37.14,14.19,0.86,36.28,False,,0.0,0.03,,0.83,0.86,3
902,902,fetchdata,large,warm,200,86.94,86.94,0.0,77.33,9.61,False,77.3,0.0,0.02,0.0,,77.33,3
903,903,matrixmul,small,warm,200,22.73,22.73,0.01,5.18,17.54,False,,0.0,0.36,4.03,0.79,5.18,3
904,904,fetchdata,small,warm,200,86.64,86.63,0.01,76.77,9.86,False,76.74,0.0,0.02,0.0,,76.77,3
905,905,linpack,small,warm,200,17.87,17.87,0.01,5.06,12.81,False,,0.0,0.33,3.98,0.74,5.06,1
906,906,matrixmul,small,warm,200,61.36,61.36,0.0,4.96,56.4,False,,0.0,0.35,4.04,0.57,4.96,1
907,907,matrixmul,medium,warm,200,588.42,588.42,0.0,571.14,17.28,False,,0.0,0.34,4.01,566.78,571.14,1
908,908,fetchdata,medium,warm,200,92.37,92.37,0.0,80.22,12.15,False,80.19,0.0,0.02,0.0,,80.22,2
909,909,linpack,medium,warm,200,741.23,741.22,0.0,728.56,12.67,False,,0.0,0.37,5.21,722.97,728.56,2
910,910,matrixmul,small,warm,200,300.45,300.45,0.01,5.98,294.47,False,,0.0,1.08,4.22,0.67,5.98,3
911,911,linpack,small,warm,200,546.53,546.53,0.0,5.52,541.0,False,,0.0,0.39,4.14,0.99,5.52,4
912,912,genmatrix,medium,warm,200,17.22,17.22,0.0,0.22,17.0,False,,0.0,0.02,,0.19,0.22,5
913,913,fetchdata,medium,warm,200,88.46,88.45,0.0,77.91,10.54,False,77.88,0.0,0.02,0.0,,77.91,3
914,914,linpack,medium,warm,200,954.75,954.75,0.0,707.02,247.73,False,,0.0,0.41,4.11,702.48,707.01,3
915,915,matrixmul,medium,warm,200,584.19,584.19,0.0,565.85,18.34,False,,0.0,0.37,4.1,561.36,565.84,4
916,916,matrixmul,large,warm,200,497.39,497.39,0.01,5.03,492.36,False,,0.0,0.36,4.02,0.64,5.03,5
917,917,linpack,medium,warm,200,1365.42,1365.42,0.0,707.36,658.06,False,,0.0,0.35,4.05,702.96,707.36,4
918,918,fetchdata,small,warm,200,87.67,87.66,0.0,77.27,10.4,False,77.24,0.0,0.02,0.0,,77.26,5
919,919,linpack,small,cold,200,1174.92,1174.91,0.0,5.47,1169.44,False,,0.0,0.52,4.09,0.84,5.47,5
920,920,genmatrix,small,warm,200,8.66,8.65,0.0,0.11,8.54,False,,0.0,0.02,,0.09,0.11,6
921,921,matrixmul,medium,warm,200,585.28,585.27,0.0,567.23,18.05,False,,0.0,0.36,4.2,562.66,567.23,4
922,922,linpack,small,warm,200,889.38,889.37,0.01,5.49,883.88,False,,0.0,0.41,4.16,0.91,5.49,5
923,923,linpack,small,warm,200,789.8,789.8,0.0,5.64,784.16,False,,0.0,0.39,4.13,1.11,5.64,6
924,924,genmatrix,small,warm,200,8.56,8.55,0.0,0.12,8.44,False,,0.0,0.02,,0.09,0.11,6
925,925,fetchdata,medium,warm,200,129.89,129.89,0.0,121.17,8.71,False,121.15,0.0,0.02,0.0,,121.17,6
926,926,matrixmul,large,warm,200,104.2,104.19,0.01,5.3,98.89,False,,0.0,0.42,4.1,0.77,5.3,7
927,927,fetchdata,medium,warm,200,93.59,93.58,0.01,81.01,12.58,False,80.97,0.0,0.03,0.0,,81.01,6
928,928,fastfouriertransform,small,warm,200,24.84,24.84,0.01,4.78,20.06,False,,0.0,3.96,0.0,0.81,4.78,5
929,929,matrixmul,medium,warm,200,570.13,570.12,0.01,554.15,15.97,False,,0.0,0.35,4.17,549.62,554.15,5
930,930,fastfouriertransform,medium,warm,200,735.85,735.85,0.0,717.44,18.41,False,,0.0,6.86,0.01,710.56,717.44,6
931,931,fastfouriertransform,medium,warm,200,1392.06,1392.06,0.0,754.51,637.54,False,,0.0,4.14,0.01,750.36,754.51,3
932,932,linpack,medium,warm,200,706.31,706.3,0.0,689.73,16.57,False,,0.0,0.36,4.02,685.35,689.73,4
933,933,fetchdata,medium,warm,200,139.96,139.96,0.0,130.62,9.33,False,130.59,0.0,0.02,0.0,,130.62,5
934,934,fastfouriertransform,medium,cold,200,1818.73,1818.72,0.0,717.08,1101.64,False,,0.0,4.16,0.0,712.9,717.07,6
935,935,fetchdata,small,warm,200,93.05,93.05,0.0,84.91,8.14,False,84.87,0.0,0.03,0.0,,84.91,5
936,936,genmatrix,small,warm,200,11.12,11.12,0.01,0.14,10.98,False,,0.0,0.02,,0.11,0.14,5
937,937,genmatrix,small,warm,200,10.41,10.41,0.0,0.12,10.29,False,,0.0,0.02,,0.09,0.12,5
938,938,fetchdata,small,warm,200,82.59,82.58,0.0,75.89,6.69,False,75.87,0.0,0.02,0.0,,75.89,4
939,939,genmatrix,medium,warm,200,13.71,13.71,0.0,0.22,13.49,False,,0.0,0.02,,0.19,0.22,4
940,940,fetchdata,large,warm,200,86.4,86.4,0.0,76.84,9.56,False,76.81,0.0,0.02,0.0,,76.84,3
941,941,matrixmul,medium,warm,200,580.59,580.59,0.0,565.16,15.43,False,,0.0,0.37,4.05,560.74,565.16,3
942,942,linpack,small,warm,200,17.23,17.22,0.0,5.24,11.98,False,,0.0,0.39,4.08,0.78,5.24,4
943,943,fastfouriertransform,small,warm,200,196.74,196.73,0.01,5.01,191.72,False,,0.0,3.98,0.01,1.02,5.01,4
944,944,genmatrix,small,warm,200,10.06,10.05,0.0,0.11,9.95,False,,0.0,0.02,,0.08,0.11,5
945,945,fetchdata,large,warm,200,86.56,86.55,0.0,78.69,7.86,False,78.66,0.0,0.02,0.0,,78.69,3
946,946,linpack,large,warm,200,17.31,17.31,0.0,5.04,12.26,False,,0.0,0.33,3.97,0.74,5.04,3
947,947,matrixmul,small,warm,200,21.73,21.72,0.0,4.96,16.77,False,,0.0,0.35,4.02,0.59,4.96,2
948,948,genmatrix,small,warm,200,9.77,9.76,0.0,0.12,9.64,False,,0.0,0.02,,0.09,0.12,2
949,949,genmatrix,small,warm,200,9.98,9.98,0.0,0.11,9.87,False,,0.0,0.02,,0.09,0.11,2
950,950,fastfouriertransform,small,warm,200,228.24,228.23,0.0,5.02,223.21,False,,0.0,4.13,0.0,0.88,5.02,2
951,951,matrixmul,large,warm,200,21.04,21.03,0.0,5.23,15.8,False,,0.0,0.36,4.21,0.66,5.23,3
952,952,linpack,medium,warm,200,739.43,739.43,0.0,726.74,12.69,False,,0.0,0.34,4.32,722.07,726.74,3
953,953,fastfouriertransform,small,warm,200,19.37,19.37,0.0,4.71,14.66,False,,0.0,3.91,0.0,0.79,4.71,2
954,954,matrixmul,large,warm,200,20.5,20.5,0.0,5.0,15.49,False,,0.0,0.35,4.02,0.62,5.0,2
955,955,linpack,small,warm,200,443.17,443.16,0.0,5.16,438.0,False,,0.0,0.37,4.04,0.75,5.16,2
956,956,linpack,large,warm,200,347.93,347.92,0.0,5.16,342.77,False,,0.0,0.34,4.03,0.77,5.15,3
957,957,fetchdata,large,warm,200,90.64,90.63,0.01,82.78,7.86,False,82.74,0.0,0.03,0.0,,82.77,4
958,958,fetchdata,medium,warm,200,84.6,84.59,0.0,76.22,8.38,False,76.19,0.0,0.02,0.0,,76.22,4
959,959,matrixmul,small,warm,200,20.39,20.38,0.01,4.91,15.47,False,,0.0,0.34,3.98,0.59,4.91,4
960,960,linpack,medium,warm,200,707.25,707.24,0.0,693.44,13.8,False,,0.0,0.33,3.97,689.13,693.44,1
961,961,fetchdata,large,warm,200,86.34,86.33,0.0,77.06,9.28,False,77.03,0.0,0.02,0.0,,77.05,2
962,962,matrixmul,small,warm,200,22.6,22.59,0.0,5.29,17.3,False,,0.0,0.35,4.32,0.62,5.29,2
963,963,fastfouriertransform,large,warm,200,24.88,24.87,0.0,4.79,20.09,False,,0.0,3.94,0.0,0.84,4.79,2
964,964,genmatrix,small,warm,200,10.2,10.2,0.0,0.14,10.06,False,,0.0,0.03,,0.1,0.14,2
965,965,linpack,large,warm,200,213.7,213.7,0.01,5.21,208.48,False,,0.0,0.34,4.07,0.8,5.21,2
966,966,linpack,large,warm,200,122.95,122.94,0.01,5.13,117.81,False,,0.0,0.38,4.0,0.75,5.13,3
967,967,linpack,small,warm,200,25.02,25.01,0.01,5.17,19.84,False,,0.0,0.38,4.03,0.76,5.17,4
968,968,matrixmul,medium,warm,200,601.89,601.88,0.0,585.07,16.81,False,,0.0,0.35,4.16,580.55,585.07,1
969,969,fastfouriertransform,large,warm,200,27.62,27.61,0.0,8.06,19.56,False,,0.0,4.0,0.01,4.05,8.06,2
970,970,matrixmul,medium,warm,200,971.64,971.64,0.0,562.23,409.41,False,,0.0,0.37,4.08,557.77,562.22,2
971,971,genmatrix,large,warm,200,53.59,40.74,12.85,1.04,39.7,False,,0.0,0.03,,1.01,1.04,3
972,972,fastfouriertransform,medium,warm,200,720.5,720.5,0.0,703.43,17.07,False,,0.0,3.89,0.0,699.52,703.43,3
973,973,fastfouriertransform,medium,warm,200,1412.89,1412.88,0.0,784.84,628.04,False,,0.0,4.08,0.0,780.75,784.84,4
974,974,fetchdata,large,warm,200,84.03,84.03,0.0,76.31,7.72,False,76.28,0.0,0.02,0.0,,76.31,4
975,975,fastfouriertransform,large,cold,200,1214.51,1214.51,0.0,5.75,1208.76,False,,0.0,4.9,0.0,0.84,5.75,4
976,976,genmatrix,small,warm,200,14.34,14.33,0.01,0.15,14.18,False,,0.0,0.03,,0.11,0.15,5
977,977,fastfouriertransform,medium,cold,200,2545.48,2545.48,0.0,758.45,1787.03,False,,0.0,3.91,0.0,754.53,758.44,5
978,978,linpack,medium,warm,200,719.74,719.73,0.0,707.93,11.8,False,,0.0,0.38,4.27,703.28,707.93,6
979,979,fetchdata,large,warm,200,92.25,92.25,0.01,79.99,12.26,False,79.96,0.0,0.02,0.0,,79.99,7
980,980,matrixmul,large,warm,200,22.46,22.45,0.0,5.2,17.26,False,,0.0,0.37,4.14,0.67,5.19,5
981,981,matrixmul,large,warm,200,20.08,20.08,0.0,4.98,15.1,False,,0.0,0.35,4.02,0.6,4.98,5
982,982,fetchdata,small,warm,200,89.45,89.44,0.01,81.43,8.01,False,81.41,0.0,0.02,0.0,,81.43,5
983,983,fastfouriertransform,large,warm,200,426.32,426.31,0.01,4.9,421.41,False,,0.0,3.98,0.01,0.91,4.9,5
984,984,matrixmul,small,warm,200,28.2,26.15,2.05,5.08,21.07,False,,0.0,0.4,4.06,0.62,5.08,6
985,985,genmatrix,small,warm,200,13.19,13.18,0.0,0.15,13.03,False,,0.0,0.03,,0.12,0.15,6
986,986,fastfouriertransform,small,cold,200,1653.83,1653.83,0.0,4.58,1649.24,False,,0.0,3.85,0.0,0.72,4.58,5
987,987,fastfouriertransform,medium,warm,200,779.86,779.85,0.0,752.09,27.76,False,,0.0,3.95,0.0,748.13,752.09,6
988,988,genmatrix,large,warm,200,43.88,34.07,9.82,0.82,33.25,False,,0.0,0.02,,0.79,0.82,4
989,989,matrixmul,large,warm,200,23.0,20.97,2.02,7.12,13.85,False,,0.0,0.34,4.68,2.1,7.12,4
990,990,matrixmul,medium,warm,200,588.64,586.72,1.92,571.53,15.19,False,,0.0,0.36,4.05,567.12,571.53,4
991,991,fastfouriertransform,large,warm,200,384.21,384.2,0.0,4.69,379.51,False,,0.0,3.91,0.0,0.77,4.69,5
992,992,fetchdata,medium,warm,200,85.16,85.15,0.01,77.67,7.49,False,77.64,0.0,0.03,0.0,,77.67,6
993,993,genmatrix,small,warm,200,8.4,8.39,0.01,0.11,8.28,False,,0.0,0.02,,0.09,0.11,6
994,994,genmatrix,medium,warm,200,13.03,13.02,0.0,0.21,12.81,False,,0.0,0.02,,0.18,0.21,6
995,995,fastfouriertransform,medium,warm,200,1470.92,1470.92,0.0,714.7,756.22,False,,0.0,3.82,0.0,710.87,714.7,4
996,996,matrixmul,medium,warm,200,583.52,583.52,0.0,569.02,14.49,False,,0.0,0.41,4.24,564.33,569.02,4
997,997,matrixmul,medium,warm,200,1036.99,1036.98,0.0,546.03,490.95,False,,0.0,0.33,4.0,541.7,546.03,5
998,998,genmatrix,small,warm,200,11.0,11.0,0.0,0.31,10.68,False,,0.0,0.2,,0.11,0.31,6
999,999,matrixmul,large,warm,200,867.25,867.24,0.0,5.2,862.04,False,,0.0,0.39,4.1,0.7,5.2,6
1000,1000,matrixmul,medium,warm,200,1327.37,1327.36,0.0,556.12,771.24,False,,0.0,0.4,4.08,551.64,556.12,7
1001,1001,linpack,medium,warm,200,716.09,716.09,0.0,705.67,10.42,False,,0.0,0.33,4.03,701.3,705.66,8
1002,1002,fastfouriertransform,large,warm,200,771.61,771.61,0.0,4.72,766.89,False,,0.0,3.9,0.0,0.81,4.72,8
1003,1003,matrixmul,small,warm,200,454.31,454.3,0.01,5.23,449.07,False,,0.0,0.38,4.08,0.76,5.23,7
1004,1004,matrixmul,large,warm,200,941.09,941.09,0.01,5.24,935.85,False,,0.0,0.38,4.18,0.68,5.24,8
1005,1005,fetchdata,large,warm,200,89.48,89.48,0.0,81.48,8.0,False,81.45,0.0,0.02,0.0,,81.48,9
1006,1006,genmatrix,medium,warm,200,14.6,14.6,0.0,0.23,14.37,False,,0.0,0.03,,0.2,0.23,9
1007,1007,fastfouriertransform,small,warm,200,285.69,285.69,0.01,4.66,281.03,False,,0.0,3.88,0.0,0.77,4.66,9
1008,1008,genmatrix,large,warm,200,49.49,34.24,15.25,0.8,33.44,False,,0.0,0.02,,0.78,0.8,7
1009,1009,genmatrix,medium,warm,200,12.54,12.54,0.0,0.21,12.33,False,,0.0,0.02,,0.18,0.21,6
1010,1010,matrixmul,large,warm,200,350.82,350.82,0.0,5.06,345.75,False,,0.0,0.36,4.07,0.63,5.06,3
1011,1011,matrixmul,small,warm,200,263.73,263.72,0.0,5.05,258.67,False,,0.0,0.37,4.07,0.62,5.05,4
1012,1012,matrixmul,medium,warm,200,715.43,713.6,1.83,545.98,167.62,False,,0.0,0.39,4.07,541.52,545.98,5
1013,1013,matrixmul,small,cold,200,2330.83,2330.82,0.01,5.01,2325.81,False,,0.0,0.36,4.04,0.61,5.01,6
1014,1014,genmatrix,large,warm,200,46.47,38.55,7.92,0.9,37.66,False,,0.0,0.02,,0.87,0.9,3
1015,1015,matrixmul,medium,warm,200,974.06,974.06,0.0,547.3,426.76,False,,0.0,0.45,4.12,542.72,547.3,3
1016,1016,fastfouriertransform,small,warm,200,20.87,20.87,0.0,4.62,16.25,False,,0.0,3.87,0.0,0.74,4.62,4
1017,1017,matrixmul,medium,warm,200,1326.88,1326.88,0.0,547.53,779.35,False,,0.0,0.45,4.31,542.76,547.53,4
1018,1018,linpack,large,warm,200,21.16,21.15,0.0,5.21,15.94,False,,0.0,0.35,4.06,0.79,5.21,5
1019,1019,fetchdata,small,warm,200,86.84,86.83,0.0,78.58,8.25,False,78.55,0.0,0.02,0.0,,78.58,5
1020,1020,fetchdata,large,warm,200,82.74,82.73,0.0,76.07,6.66,False,76.04,0.0,0.02,0.0,,76.07,4
1021,1021,matrixmul,small,warm,200,938.73,938.73,0.0,5.2,933.52,False,,0.0,0.36,4.13,0.71,5.2,4
1022,1022,fetchdata,small,warm,200,83.12,83.11,0.0,75.59,7.52,False,75.56,0.0,0.02,0.0,,75.59,5
1023,1023,fetchdata,large,warm,200,89.03,89.02,0.0,78.52,10.51,False,78.49,0.0,0.02,0.0,,78.51,5
1024,1024,genmatrix,medium,warm,200,17.65,17.64,0.0,0.24,17.4,False,,0.0,0.03,,0.2,0.24,5
1025,1025,matrixmul,large,warm,200,548.82,548.81,0.0,5.06,543.75,False,,0.0,0.38,4.07,0.6,5.06,4
1026,1026,fastfouriertransform,large,warm,200,21.98,21.97,0.0,4.99,16.98,False,,0.0,4.15,0.0,0.84,4.99,5
1027,1027,fetchdata,large,warm,200,84.21,84.2,0.0,76.12,8.08,False,76.09,0.0,0.02,0.0,,76.12,5
1028,1028,matrixmul,medium,warm,200,815.9,815.89,0.01,560.61,255.28,False,,0.0,0.43,4.07,556.1,560.61,5
1029,1029,genmatrix,medium,warm,200,12.22,12.22,0.0,0.21,12.01,False,,0.0,0.02,,0.18,0.21,6
1030,1030,fastfouriertransform,large,warm,200,21.94,21.93,0.0,4.63,17.3,False,,0.0,3.89,0.0,0.74,4.63,6
1031,1031,fetchdata,large,warm,200,93.3,93.3,0.0,85.2,8.09,False,85.17,0.0,0.02,0.0,,85.2,3
1032,1032,genmatrix,medium,warm,200,14.61,14.61,0.0,0.22,14.39,False,,0.0,0.03,,0.19,0.22,3
1033,1033,genmatrix,large,warm,200,41.25,33.32,7.93,0.86,32.45,False,,0.0,0.02,,0.83,0.86,3
1034,1034,genmatrix,small,warm,200,9.46,9.45,0.0,0.12,9.34,False,,0.0,0.02,,0.09,0.11,3
1035,1035,fastfouriertransform,small,warm,200,21.52,21.52,0.0,4.78,16.74,False,,0.0,3.99,0.0,0.78,4.78,3
1036,1036,fetchdata,medium,warm,200,86.39,86.38,0.01,78.24,8.15,False,78.21,0.0,0.02,0.0,,78.23,3
1037,1037,linpack,medium,warm,200,745.54,745.54,0.01,732.14,13.39,False,,0.0,0.35,4.04,727.74,732.14,1
1038,1038,linpack,small,warm,200,657.46,657.45,0.01,5.23,652.23,False,,0.0,0.41,4.03,0.79,5.23,2
1039,1039,genmatrix,medium,warm,200,17.04,17.03,0.0,0.24,16.79,False,,0.0,0.03,,0.21,0.24,3
1040,1040,matrixmul,small,warm,200,20.22,20.22,0.01,5.08,15.13,False,,0.0,0.36,4.11,0.61,5.08,3
1041,1041,linpack,medium,warm,200,1057.49,1057.48,0.01,699.23,358.25,False,,0.0,0.37,4.04,694.81,699.23,3
1042,1042,matrixmul,small,warm,200,21.21,21.21,0.0,4.93,16.28,False,,0.0,0.34,4.01,0.58,4.93,4
1043,1043,fastfouriertransform,small,warm,200,21.73,21.73,0.0,4.69,17.04,False,,0.0,3.93,0.0,0.75,4.69,4
1044,1044,fastfouriertransform,medium,warm,200,798.89,798.88,0.0,779.39,19.49,False,,0.0,4.08,0.0,775.3,779.39,4
1045,1045,fetchdata,large,warm,200,91.22,91.22,0.0,80.06,11.16,False,80.02,0.0,0.03,0.0,,80.06,3
1046,1046,matrixmul,small,warm,200,22.9,22.89,0.01,5.37,17.52,False,,0.0,0.38,4.21,0.77,5.37,3
1047,1047,genmatrix,large,warm,200,52.68,33.91,18.77,0.85,33.06,False,,0.0,0.02,,0.82,0.85,3
1048,1048,genmatrix,large,warm,200,51.8,37.27,14.53,0.83,36.45,False,,0.0,0.02,,0.8,0.83,3
1049,1049,fastfouriertransform,large,warm,200,304.43,304.43,0.0,4.91,299.52,False,,0.0,3.91,0.0,0.99,4.91,3
1050,1050,linpack,medium,warm,200,881.83,881.83,0.0,718.77,163.05,False,,0.0,0.42,4.19,714.16,718.77,4
1051,1051,genmatrix,small,warm,200,12.93,12.93,0.0,0.12,12.81,False,,0.0,0.02,,0.09,0.12,5
1052,1052,fetchdata,medium,warm,200,86.67,86.67,0.01,78.11,8.56,False,78.07,0.0,0.03,0.0,,78.1,3
1053,1053,linpack,small,warm,200,589.55,589.54,0.01,5.15,584.39,False,,0.0,0.34,4.02,0.79,5.15,2
1054,1054,fastfouriertransform,small,warm,200,22.8,22.8,0.01,4.74,18.05,False,,0.0,3.94,0.0,0.8,4.74,3
1055,1055,fetchdata,small,warm,200,86.68,86.68,0.01,78.93,7.75,False,78.9,0.0,0.02,0.0,,78.93,3
1056,1056,matrixmul,small,warm,200,26.23,26.23,0.01,5.15,21.08,False,,0.0,0.36,4.16,0.62,5.15,3
1057,1057,genmatrix,large,warm,200,46.94,35.2,11.74,0.87,34.34,False,,0.0,0.02,,0.84,0.86,3
1058,1058,linpack,medium,warm,200,777.9,777.9,0.0,689.6,88.3,False,,0.0,0.4,4.04,685.16,689.6,3
1059,1059,matrixmul,large,warm,200,23.55,23.55,0.01,5.02,18.52,False,,0.0,0.37,4.05,0.59,5.02,2
1060,1060,fetchdata,large,warm,200,94.94,94.93,0.01,87.45,7.49,False,87.41,0.0,0.03,0.0,,87.45,2
1061,1061,fastfouriertransform,small,warm,200,22.09,22.08,0.01,4.77,17.31,False,,0.0,3.98,0.0,0.78,4.77,2
1062,1062,genmatrix,medium,warm,200,12.95,12.95,0.01,0.22,12.73,False,,0.0,0.02,,0.19,0.22,2
1063,1063,matrixmul,large,warm,200,21.07,21.07,0.01,5.12,15.94,False,,0.0,0.37,4.15,0.59,5.12,2
1064,1064,matrixmul,medium,warm,200,538.17,538.16,0.01,522.52,15.64,False,,0.0,0.36,4.19,517.97,522.52,2
1065,1065,linpack,small,warm,200,90.94,90.94,0.01,5.17,85.77,False,,0.0,0.37,4.02,0.77,5.17,3
1066,1066,fetchdata,medium,warm,200,85.03,85.03,0.01,76.09,8.94,False,76.06,0.0,0.02,0.0,,76.09,2
1067,1067,fastfouriertransform,medium,warm,200,662.16,662.15,0.01,644.76,17.39,False,,0.0,3.9,0.0,640.86,644.76,2
1068,1068,matrixmul,large,warm,200,148.1,148.09,0.01,5.01,143.08,False,,0.0,0.34,4.03,0.65,5.01,3
1069,1069,linpack,medium,warm,200,705.83,705.83,0.0,692.66,13.17,False,,0.0,0.37,4.0,688.28,692.65,4
1070,1070,fetchdata,large,warm,200,82.71,82.71,0.0,75.45,7.25,False,75.43,0.0,0.02,0.0,,75.45,3
1071,1071,linpack,small,warm,200,511.45,511.45,0.0,5.37,506.08,False,,0.0,0.38,4.14,0.85,5.37,3
1072,1072,fetchdata,medium,warm,200,90.3,90.29,0.01,81.02,9.28,False,80.98,0.0,0.03,0.0,,81.01,4
1073,1073,linpack,small,warm,200,317.23,317.22,0.0,5.24,311.99,False,,0.0,0.4,4.06,0.77,5.23,4
1074,1074,fastfouriertransform,large,warm,200,21.76,21.76,0.01,5.23,16.53,False,,0.0,4.01,0.0,1.2,5.23,4
1075,1075,fetchdata,medium,warm,200,87.97,87.97,0.0,80.89,7.08,False,80.86,0.0,0.02,0.0,,80.89,4
1076,1076,fetchdata,small,warm,200,83.08,83.07,0.01,75.32,7.75,False,75.3,0.0,0.02,0.0,,75.32,4
1077,1077,genmatrix,large,warm,200,39.9,32.92,6.98,0.81,32.1,False,,0.0,0.02,,0.79,0.81,1
1078,1078,fetchdata,medium,warm,200,83.6,83.6,0.01,75.81,7.79,False,75.78,0.0,0.02,0.0,,75.81,1
1079,1079,linpack,medium,warm,200,728.06,728.05,0.0,715.65,12.4,False,,0.0,0.35,4.03,711.26,715.65,1
1080,1080,fastfouriertransform,medium,warm,200,745.98,745.97,0.01,726.39,19.58,False,,0.0,4.67,0.01,721.71,726.39,2
1081,1081,fetchdata,large,warm,200,91.42,91.42,0.0,83.94,7.47,False,83.91,0.0,0.02,0.0,,83.94,3
1082,1082,linpack,medium,warm,200,1132.87,1132.86,0.01,703.35,429.51,False,,0.0,0.36,4.04,698.95,703.35,3
1083,1083,fetchdata,large,warm,200,84.62,84.62,0.0,76.46,8.15,False,76.44,0.0,0.02,0.0,,76.46,4
1084,1084,genmatrix,large,warm,200,47.07,32.88,14.2,0.81,32.06,False,,0.0,0.02,,0.79,0.81,4
1085,1085,linpack,small,warm,200,845.92,845.92,0.01,5.26,840.66,False,,0.0,0.38,4.07,0.8,5.25,4
1086,1086,linpack,large,warm,200,763.18,763.18,0.0,8.18,755.01,False,,0.0,0.39,6.96,0.82,8.17,5
1087,1087,fetchdata,large,warm,200,94.6,94.6,0.01,85.79,8.81,False,85.75,0.0,0.03,0.0,,85.79,5
1088,1088,linpack,small,warm,200,552.63,552.63,0.0,5.23,547.4,False,,0.0,0.36,4.05,0.81,5.23,4
1089,1089,fetchdata,large,warm,200,82.89,82.89,0.0,75.29,7.59,False,75.27,0.0,0.02,0.0,,75.29,5
1090,1090,linpack,large,warm,200,367.38,367.38,0.0,5.36,362.01,False,,0.0,0.41,4.13,0.81,5.36,5
1091,1091,linpack,medium,warm,200,981.63,981.63,0.0,713.2,268.43,False,,0.0,0.38,4.06,708.75,713.2,6
1092,1092,linpack,small,warm,200,892.08,892.08,0.0,5.26,886.82,False,,0.0,0.4,4.08,0.78,5.26,7
1093,1093,fastfouriertransform,small,warm,200,24.59,24.58,0.0,4.65,19.93,False,,0.0,3.9,0.0,0.75,4.65,8
1094,1094,fastfouriertransform,large,warm,200,23.42,23.42,0.01,5.55,17.86,False,,0.0,4.63,0.01,0.91,5.55,3
1095,1095,linpack,medium,warm,200,1298.46,1298.45,0.01,700.14,598.31,False,,0.0,0.35,4.11,695.68,700.14,3
1096,1096,fetchdata,large,warm,200,85.31,85.3,0.01,76.91,8.4,False,76.88,0.0,0.02,0.0,,76.9,4
1097,1097,matrixmul,large,warm,200,20.7,20.69,0.01,4.92,15.78,False,,0.0,0.34,4.0,0.57,4.92,4
1098,1098,fastfouriertransform,medium,warm,200,748.38,748.37,0.0,730.86,17.51,False,,0.0,3.89,0.0,726.97,730.86,4
1099,1099,linpack,medium,warm,200,1566.63,1566.62,0.0,670.61,896.02,False,,0.0,0.39,4.07,666.14,670.61,5
1100,1100,genmatrix,medium,warm,200,14.12,14.12,0.0,0.21,13.91,False,,0.0,0.02,,0.18,0.21,6
1101,1101,fetchdata,large,warm,200,83.4,83.39,0.01,76.37,7.02,False,76.34,0.0,0.02,0.0,,76.37,4
1102,1102,matrixmul,medium,warm,200,576.55,576.54,0.01,554.25,22.29,False,,0.0,0.37,5.35,548.52,554.25,4
1103,1103,matrixmul,small,warm,200,484.84,484.83,0.0,5.29,479.54,False,,0.0,0.39,4.24,0.65,5.29,5
1104,1104,fastfouriertransform,small,warm,200,156.86,156.86,0.0,4.61,152.25,False,,0.0,3.85,0.0,0.75,4.6,6
1105,1105,matrixmul,medium,warm,200,828.82,828.81,0.0,537.29,291.52,False,,0.0,0.41,4.14,532.73,537.29,7
1106,1106,matrixmul,medium,warm,200,1253.38,1253.37,0.01,518.5,734.87,False,,0.0,0.36,3.99,514.15,518.5,6
1107,1107,fetchdata,medium,warm,200,94.3,94.29,0.01,80.06,14.24,False,80.03,0.0,0.02,0.0,,80.06,7
1108,1108,linpack,small,warm,200,670.38,670.37,0.01,5.06,665.31,False,,0.0,0.33,3.99,0.73,5.06,4
1109,1109,genmatrix,large,warm,200,46.79,34.11,12.68,0.91,33.2,False,,0.0,0.02,,0.88,0.91,5
1110,1110,genmatrix,large,warm,200,44.52,31.83,12.69,0.81,31.02,False,,0.0,0.02,,0.78,0.81,5
1111,1111,genmatrix,medium,warm,200,12.64,12.64,0.0,0.21,12.43,False,,0.0,0.02,,0.18,0.21,5
1112,1112,fetchdata,medium,warm,200,90.7,90.69,0.0,81.79,8.9,False,81.76,0.0,0.02,0.0,,81.79,5
1113,1113,linpack,large,warm,200,174.65,174.64,0.01,5.04,169.6,False,,0.0,0.33,3.97,0.74,5.04,5
1114,1114,fastfouriertransform,medium,warm,200,641.47,641.47,0.0,617.69,23.78,False,,0.0,3.87,0.0,613.81,617.69,5
1115,1115,fetchdata,medium,warm,200,90.34,90.33,0.0,82.06,8.27,False,82.03,0.0,0.02,0.0,,82.06,3
1116,1116,fastfouriertransform,medium,warm,200,1183.85,1183.84,0.01,747.58,436.26,False,,0.0,4.11,0.01,743.46,747.58,3
1117,1117,matrixmul,small,warm,200,167.5,165.0,2.5,4.88,160.12,False,,0.0,0.33,3.98,0.57,4.88,4
1118,1118,fetchdata,small,warm,200,91.23,91.23,0.01,81.99,9.24,False,81.96,0.0,0.02,0.0,,81.99,5
1119,1119,fastfouriertransform,medium,warm,200,1651.43,1651.42,0.0,760.15,891.27,False,,0.0,4.11,0.0,756.02,760.15,3
1120,1120,matrixmul,large,warm,200,20.39,20.38,0.01,5.01,15.37,False,,0.0,0.36,4.06,0.58,5.01,4
1121,1121,matrixmul,small,warm,200,25.58,25.58,0.01,5.36,20.22,False,,0.0,0.38,4.13,0.85,5.36,3
1122,1122,fetchdata,medium,warm,200,83.7,83.7,0.0,76.54,7.16,False,76.51,0.0,0.02,0.0,,76.54,3
1123,1123,linpack,large,warm,200,15.29,15.29,0.0,5.21,10.08,False,,0.0,0.34,4.03,0.83,5.21,3
1124,1124,genmatrix,small,warm,200,13.58,9.6,3.98,0.12,9.48,False,,0.0,0.02,,0.09,0.12,3
1125,1125,fetchdata,medium,warm,200,84.17,84.17,0.0,75.65,8.52,False,75.62,0.0,0.02,0.0,,75.64,3
1126,1126,linpack,medium,warm,200,718.8,718.8,0.01,707.25,11.55,False,,0.0,0.35,4.16,702.74,707.25,3
1127,1127,matrixmul,medium,warm,200,578.91,578.9,0.01,564.04,14.86,False,,0.0,0.36,4.06,559.62,564.04,4
1128,1128,matrixmul,small,warm,200,490.78,490.77,0.01,4.93,485.84,False,,0.0,0.33,4.03,0.57,4.93,4
1129,1129,fastfouriertransform,medium,warm,200,1399.11,1399.1,0.01,748.66,650.44,False,,0.0,3.96,0.01,744.69,748.65,5
1130,1130,linpack,medium,warm,200,1024.6,1024.59,0.0,703.91,320.68,False,,0.0,0.35,4.01,699.54,703.91,6
1131,1131,fetchdata,small,warm,200,85.15,85.15,0.01,77.0,8.15,False,76.98,0.0,0.02,0.0,,77.0,7
1132,1132,linpack,medium,warm,200,1557.66,1557.65,0.0,733.48,824.17,False,,0.0,0.41,4.09,728.98,733.48,7
1133,1133,fastfouriertransform,small,cold,200,1009.42,1009.41,0.01,5.04,1004.38,False,,0.0,4.05,0.0,0.98,5.03,6
1134,1134,genmatrix,medium,warm,200,14.18,12.07,2.11,0.21,11.86,False,,0.0,0.02,,0.19,0.21,6
1135,1135,linpack,large,cold,200,1269.47,1269.46,0.01,5.22,1264.24,False,,0.0,0.37,4.06,0.79,5.22,6
1136,1136,matrixmul,medium,warm,200,580.47,578.35,2.12,563.4,14.95,False,,0.0,0.35,7.98,555.06,563.39,6
1137,1137,linpack,small,cold,200,1081.0,1081.0,0.01,5.09,1075.91,False,,0.0,0.35,4.0,0.74,5.09,7
1138,1138,fastfouriertransform,medium,warm,200,1248.83,1248.83,0.01,740.5,508.33,False,,0.0,3.93,0.0,736.55,740.49,8
1139,1139,fetchdata,medium,warm,200,83.6,83.6,0.01,76.78,6.81,False,76.76,0.0,0.02,0.0,,76.78,9
1140,1140,genmatrix,medium,warm,200,12.27,12.26,0.01,0.2,12.06,False,,0.0,0.02,,0.18,0.2,9
1141,1141,genmatrix,small,warm,200,13.81,13.8,0.01,0.13,13.66,False,,0.0,0.03,,0.1,0.13,8
1142,1142,matrixmul,small,warm,200,23.05,23.05,0.01,5.55,17.5,False,,0.0,0.46,4.33,0.75,5.55,7
1143,1143,linpack,large,warm,200,483.02,483.02,0.0,5.13,477.89,False,,0.0,0.34,4.04,0.75,5.13,6
1144,1144,fetchdata,medium,warm,200,84.55,84.55,0.01,76.54,8.01,False,76.51,0.0,0.02,0.0,,76.54,6
1145,1145,linpack,medium,warm,200,988.8,988.79,0.01,709.97,278.83,False,,0.0,0.35,3.98,705.64,709.97,6
1146,1146,fastfouriertransform,medium,warm,200,1189.39,1189.38,0.0,731.26,458.12,False,,0.0,3.94,0.0,727.31,731.26,7
1147,1147,linpack,medium,warm,200,1498.43,1498.42,0.01,705.3,793.12,False,,0.0,0.37,4.01,700.91,705.3,8
1148,1148,linpack,medium,cold,200,2117.14,2117.14,0.01,713.61,1403.52,False,,0.0,0.38,4.08,709.14,713.61,5
1149,1149,linpack,large,cold,200,2025.5,2025.5,0.0,5.32,2020.18,False,,0.0,0.39,4.06,0.87,5.32,6
1150,1150,linpack,small,cold,200,1933.27,1933.26,0.01,5.26,1928.01,False,,0.0,0.38,4.06,0.8,5.25,7
1151,1151,fetchdata,small,warm,200,85.0,84.99,0.01,76.88,8.11,False,76.86,0.0,0.02,0.0,,76.88,7
1152,1152,matrixmul,medium,warm,200,583.23,583.23,0.01,562.92,20.31,False,,0.0,0.35,4.04,558.53,562.92,7
1153,1153,genmatrix,large,warm,200,51.73,39.8,11.93,0.83,38.97,False,,0.0,0.02,,0.8,0.82,8
1154,1154,genmatrix,small,warm,200,9.24,9.23,0.0,0.11,9.12,False,,0.0,0.02,,0.09,0.11,8
1155,1155,fetchdata,large,warm,200,92.64,92.63,0.0,83.47,9.16,False,83.44,0.0,0.02,0.0,,83.47,7
1156,1156,linpack,medium,cold,200,2019.04,2019.03,0.0,687.52,1331.51,False,,0.0,0.38,4.08,683.05,687.52,7
1157,1157,linpack,small,cold,200,1923.09,1923.08,0.0,5.09,1917.99,False,,0.0,0.36,4.0,0.72,5.09,8
1158,1158,fastfouriertransform,small,warm,200,26.48,26.48,0.01,7.81,18.66,False,,0.0,6.83,0.01,0.97,7.81,7
1159,1159,fetchdata,large,warm,200,85.63,85.63,0.01,77.17,8.46,False,77.14,0.0,0.02,0.0,,77.17,7
1160,1160,genmatrix,medium,warm,200,11.79,11.79,0.01,0.2,11.58,False,,0.0,0.02,,0.18,0.2,7
1161,1161,linpack,medium,error,502,99.28,99.27,0.0,,,,,,,,,,7
1162,1162,fetchdata,large,warm,200,89.67,89.67,0.01,80.6,9.07,False,80.57,0.0,0.02,0.0,,80.59,7
1163,1163,linpack,small,cold,200,1332.6,1332.59,0.01,5.06,1327.53,False,,0.0,0.33,4.0,0.73,5.06,6
1164,1164,genmatrix,large,warm,200,46.63,34.89,11.74,0.83,34.06,False,,0.0,0.02,,0.78,0.83,7
1165,1165,genmatrix,small,warm,200,8.88,8.87,0.0,0.11,8.76,False,,0.0,0.02,,0.09,0.11,7
1166,1166,matrixmul,large,warm,200,20.48,20.48,0.01,4.95,15.53,False,,0.0,0.34,4.01,0.59,4.95,7
1167,1167,genmatrix,large,warm,200,47.5,35.14,12.36,0.83,34.31,False,,0.0,0.02,,0.8,0.83,7
1168,1168,genmatrix,large,warm,200,47.1,38.82,8.29,1.33,37.49,False,,0.0,0.03,,1.29,1.33,7
1169,1169,linpack,large,cold,200,2880.66,2880.66,0.0,5.51,2875.15,False,,0.0,0.46,4.16,0.88,5.51,7
1170,1170,matrixmul,large,warm,200,27.72,27.71,0.01,6.04,21.68,False,,0.0,0.36,4.98,0.68,6.03,5
1171,1171,linpack,medium,warm,200,1187.83,1187.82,0.01,649.75,538.07,False,,0.0,0.35,3.96,645.44,649.75,5
1172,1172,matrixmul,small,warm,200,20.98,20.98,0.0,5.23,15.75,False,,0.0,0.37,4.25,0.61,5.23,6
1173,1173,genmatrix,medium,warm,200,12.59,12.59,0.01,0.2,12.38,False,,0.0,0.02,,0.18,0.2,6
1174,1174,fastfouriertransform,medium,warm,200,625.05,625.05,0.0,609.26,15.79,False,,0.0,3.85,0.0,605.39,609.26,6
1175,1175,linpack,medium,warm,200,1501.57,1501.57,0.0,714.23,787.33,False,,0.0,0.41,4.15,709.67,714.23,7
1176,1176,fastfouriertransform,large,warm,200,433.42,433.41,0.01,4.55,428.85,False,,0.0,3.85,0.0,0.7,4.55,8
1177,1177,matrixmul,medium,warm,200,531.57,531.57,0.0,515.46,16.11,False,,0.0,0.36,3.99,511.1,515.46,6
1178,1178,linpack,large,cold,200,1213.12,1213.12,0.01,5.23,1207.88,False,,0.0,0.37,4.05,0.81,5.23,7
1179,1179,fetchdata,large,warm,200,90.19,90.19,0.0,82.46,7.72,False,82.43,0.0,0.02,0.0,,82.46,8
1180,1180,fastfouriertransform,large,warm,200,38.74,38.74,0.0,4.61,34.13,False,,0.0,3.88,0.0,0.72,4.61,8
1181,1181,matrixmul,small,warm,200,146.52,146.51,0.0,5.77,140.74,False,,0.0,0.38,4.69,0.69,5.77,6
1182,1182,linpack,large,warm,200,817.83,817.83,0.01,5.29,812.53,False,,0.0,0.4,4.06,0.84,5.29,7
1183,1183,linpack,medium,warm,200,1444.6,1444.6,0.01,731.4,713.19,False,,0.0,0.37,4.06,726.97,731.4,5
1184,1184,fetchdata,large,warm,200,88.96,88.96,0.0,80.8,8.16,False,80.77,0.0,0.02,0.0,,80.79,6
1185,1185,fetchdata,small,warm,200,82.49,82.48,0.01,75.99,6.49,False,75.96,0.0,0.02,0.0,,75.99,6
1186,1186,linpack,large,cold,200,1155.86,1155.85,0.01,5.57,1150.28,False,,0.0,0.41,4.21,0.94,5.57,6
1187,1187,fastfouriertransform,small,warm,200,22.2,22.2,0.01,4.76,17.44,False,,0.0,3.91,0.0,0.84,4.76,7
1188,1188,fastfouriertransform,medium,warm,200,775.28,775.28,0.0,757.08,18.19,False,,0.0,5.9,0.01,751.17,757.08,7
1189,1189,genmatrix,medium,warm,200,17.57,17.57,0.0,0.24,17.33,False,,0.0,0.03,,0.21,0.24,8
1190,1190,fetchdata,medium,warm,200,89.47,89.46,0.01,79.79,9.68,False,79.75,0.0,0.02,0.0,,79.78,8
1191,1191,fetchdata,medium,warm,200,84.31,84.31,0.01,76.46,7.84,False,76.44,0.0,0.02,0.0,,76.46,5
1192,1192,linpack,large,warm,200,579.4,579.39,0.0,5.42,573.97,False,,0.0,0.37,4.14,0.9,5.42,5
1193,1193,matrixmul,large,warm,200,20.6,20.6,0.01,4.93,15.67,False,,0.0,0.34,4.02,0.56,4.92,6
1194,1194,fastfouriertransform,large,warm,200,180.64,180.63,0.0,4.76,175.87,False,,0.0,3.96,0.0,0.8,4.76,6
1195,1195,fetchdata,large,warm,200,88.17,88.16,0.01,78.27,9.89,False,78.24,0.0,0.02,0.0,,78.27,7
1196,1196,fetchdata,large,warm,200,96.52,96.51,0.01,85.78,10.73,False,85.73,0.0,0.04,0.0,,85.78,5
1197,1197,genmatrix,large,warm,200,64.8,49.27,15.52,1.05,48.22,False,,0.0,0.03,,1.01,1.05,5
1198,1198,matrixmul,large,warm,200,27.25,27.25,0.0,9.02,18.23,False,,0.0,0.41,7.97,0.63,9.01,1
1199,1199,matrixmul,medium,warm,200,578.39,578.39,0.0,562.66,15.73,False,,0.0,0.63,4.56,557.47,562.66,1
1200,1200,fetchdata,medium,warm,200,83.35,83.34,0.0,75.91,7.44,False,75.88,0.0,0.02,0.0,,75.9,2
1201,1201,linpack,medium,warm,200,756.82,756.81,0.01,736.37,20.43,False,,0.0,0.36,4.11,731.9,736.37,2
1202,1202,linpack,medium,warm,200,1390.83,1390.82,0.0,740.26,650.57,False,,0.0,0.33,4.0,735.91,740.26,3
1203,1203,genmatrix,large,warm,200,45.01,37.83,7.18,1.12,36.7,False,,0.0,0.03,,1.09,1.12,4
1204,1204,matrixmul,small,warm,200,89.39,89.39,0.01,5.06,84.33,False,,0.0,0.35,4.08,0.62,5.06,4
1205,1205,fetchdata,medium,warm,200,84.25,84.25,0.01,75.98,8.26,False,75.96,0.0,0.02,0.0,,75.98,3
1206,1206,linpack,medium,warm,200,1699.52,1699.51,0.0,707.14,992.38,False,,0.0,0.43,4.18,702.52,707.13,3
1207,1207,fetchdata,medium,warm,200,83.28,83.28,0.01,75.75,7.53,False,75.72,0.0,0.02,0.0,,75.75,4
1208,1208,genmatrix,large,warm,200,46.05,34.95,11.1,0.93,34.02,False,,0.0,0.03,,0.9,0.93,4
1209,1209,fetchdata,large,warm,200,92.43,92.42,0.01,83.53,8.89,False,83.5,0.0,0.02,0.0,,83.53,3
1210,1210,matrixmul,medium,warm,200,564.53,564.52,0.0,548.89,15.63,False,,0.0,0.36,4.06,544.46,548.89,3
1211,1211,matrixmul,medium,warm,200,1041.44,1039.8,1.63,567.97,471.83,False,,0.0,0.34,4.04,563.59,567.97,4
1212,1212,linpack,large,warm,200,17.38,17.38,0.01,5.21,12.17,True,,0.0,0.36,3.99,0.86,5.21,5
1213,1213,genmatrix,medium,warm,200,11.46,11.45,0.01,0.23,11.22,False,,0.0,0.02,,0.21,0.23,5
1214,1214,fastfouriertransform,large,warm,200,21.94,21.93,0.0,4.74,17.2,False,,0.0,3.92,0.0,0.81,4.73,5
1215,1215,linpack,medium,warm,200,670.55,670.55,0.0,659.33,11.22,False,,0.0,0.44,4.22,654.66,659.33,5
1216,1216,matrixmul,medium,warm,200,1100.0,1097.92,2.07,551.52,546.4,False,,0.0,0.34,4.01,547.16,551.52,4
1217,1217,fetchdata,medium,warm,200,83.1,83.1,0.01,75.7,7.4,False,75.67,0.0,0.02,0.0,,75.7,5
1218,1218,fastfouriertransform,medium,warm,200,745.84,745.84,0.01,729.49,16.35,False,,0.0,4.03,0.01,725.45,729.49,5
1219,1219,fastfouriertransform,medium,warm,200,1420.16,1420.15,0.01,767.73,652.42,False,,0.0,3.98,0.0,763.74,767.73,6
1220,1220,matrixmul,large,warm,200,724.68,724.68,0.0,4.96,719.71,False,,0.0,0.34,4.02,0.61,4.96,7
1221,1221,genmatrix,large,warm,200,45.94,33.22,12.72,0.8,32.43,False,,0.0,0.02,,0.77,0.8,8
1222,1222,matrixmul,small,warm,200,514.69,514.68,0.01,4.94,509.75,False,,0.0,0.33,4.02,0.58,4.94,6
1223,1223,fetchdata,large,warm,200,1093.62,1093.62,0.01,1085.83,7.79,False,1085.8,0.0,0.02,0.0,,1085.83,7
1224,1224,genmatrix,large,warm,200,52.8,42.56,10.24,4.87,37.68,False,,0.0,0.02,,4.85,4.87,7
1225,1225,genmatrix,small,warm,200,7.9,7.89,0.0,0.11,7.78,False,,0.0,0.02,,0.09,0.11,7
1226,1226,fastfouriertransform,large,warm,200,731.24,731.23,0.01,5.25,725.98,False,,0.0,4.15,0.0,0.95,5.25,6
1227,1227,linpack,small,warm,200,19.02,19.01,0.01,5.1,13.91,False,,0.0,0.36,3.99,0.75,5.1,6
1228,1228,fetchdata,small,warm,200,731.88,731.87,0.01,134.22,597.65,False,134.19,0.0,0.02,0.0,,134.22,4
1229,1229,linpack,small,warm,200,18.83,18.82,0.01,5.15,13.68,False,,0.0,0.35,4.02,0.77,5.15,5
1230,1230,fetchdata,small,warm,200,621.52,621.51,0.0,88.47,533.04,False,88.42,0.0,0.04,0.0,,88.47,5
1231,1231,fastfouriertransform,medium,warm,200,957.72,957.72,0.0,728.39,229.33,False,,0.0,3.93,0.0,724.45,728.39,6
1232,1232,genmatrix,large,warm,200,45.72,36.44,9.28,0.83,35.61,False,,0.0,0.02,,0.8,0.83,7
1233,1233,matrixmul,small,warm,200,19.28,19.27,0.0,5.0,14.27,False,,0.0,0.37,4.04,0.59,5.0,7
1234,1234,fetchdata,small,warm,200,308.32,308.31,0.01,81.23,227.09,False,81.19,0.0,0.03,0.0,,81.22,4
1235,1235,linpack,small,warm,200,17.98,17.98,0.01,7.54,10.44,False,,0.0,0.49,5.95,1.09,7.54,5
1236,1236,matrixmul,large,warm,200,25.23,23.31,1.93,5.37,17.93,False,,0.0,0.39,4.28,0.69,5.37,4
1237,1237,matrixmul,medium,warm,200,572.18,572.18,0.01,556.79,15.39,False,,0.0,0.37,4.93,551.48,556.79,3
1238,1238,fetchdata,medium,warm,200,89.4,89.39,0.0,82.25,7.15,False,82.21,0.0,0.02,0.0,,82.25,3
1239,1239,genmatrix,medium,warm,200,11.93,11.93,0.01,0.21,11.71,False,,0.0,0.02,,0.18,0.21,3
1240,1240,fastfouriertransform,small,warm,200,67.42,67.41,0.0,4.71,62.7,False,,0.0,3.91,0.0,0.79,4.71,3
1241,1241,linpack,small,warm,200,15.42,15.41,0.0,5.27,10.14,False,,0.0,0.35,4.12,0.8,5.27,2
1242,1242,linpack,large,warm,200,17.22,17.22,0.0,6.87,10.35,False,,0.0,0.35,5.72,0.79,6.87,2
1243,1243,fastfouriertransform,small,warm,200,22.87,22.86,0.0,5.04,17.82,False,,0.0,4.12,0.0,0.91,5.04,1
1244,1244,matrixmul,small,warm,200,26.02,26.01,0.0,5.14,20.87,False,,0.0,0.36,4.11,0.66,5.14,1
1245,1245,fastfouriertransform,medium,warm,200,761.95,761.95,0.01,745.91,16.04,False,,0.0,4.28,0.01,741.61,745.9,1
1246,1246,matrixmul,small,warm,200,21.52,21.52,0.0,5.79,15.73,False,,0.0,0.37,4.76,0.65,5.79,2
1247,1247,genmatrix,small,warm,200,8.98,8.98,0.01,0.11,8.87,False,,0.0,0.02,,0.09,0.11,2
1248,1248,fastfouriertransform,medium,warm,200,1184.66,1184.65,0.0,719.74,464.91,False,,0.0,3.93,0.0,715.8,719.74,2
1249,1249,linpack,large,warm,200,15.02,15.01,0.01,5.09,9.92,False,,0.0,0.35,3.99,0.75,5.09,3
1250,1250,fastfouriertransform,medium,warm,200,1688.83,1688.83,0.01,702.97,985.86,False,,0.0,4.01,0.01,698.95,702.97,3
1251,1251,genmatrix,medium,warm,200,13.81,13.8,0.0,0.21,13.59,False,,0.0,0.02,,0.19,0.21,4
1252,1252,linpack,large,warm,200,16.22,16.21,0.01,5.11,11.1,False,,0.0,0.35,4.01,0.74,5.1,4
1253,1253,matrixmul,small,warm,200,20.17,20.16,0.0,5.12,15.04,False,,0.0,0.35,4.16,0.61,5.12,3
1254,1254,linpack,medium,warm,200,742.22,742.22,0.01,731.87,10.35,False,,0.0,0.42,4.13,727.31,731.86,3
1255,1255,genmatrix,small,warm,200,13.78,13.77,0.0,0.11,13.66,False,,0.0,0.02,,0.09,0.11,4
1256,1256,fastfouriertransform,medium,cold,200,1814.5,1814.5,0.0,721.78,1092.72,False,,0.0,3.98,0.01,717.78,721.78,4
1257,1257,fetchdata,large,warm,200,95.8,95.79,0.01,85.46,10.33,False,85.43,0.0,0.02,0.0,,85.46,5
1258,1258,matrixmul,large,warm,200,24.33,22.65,1.67,5.51,17.15,False,,0.0,0.45,4.42,0.63,5.5,5
1259,1259,genmatrix,large,warm,200,46.76,37.85,8.91,0.87,36.98,False,,0.0,0.02,,0.84,0.87,5
1260,1260,fetchdata,small,warm,200,83.44,83.44,0.01,76.84,6.6,False,76.81,0.0,0.02,0.0,,76.84,4
1261,1261,genmatrix,medium,warm,200,16.65,16.64,0.01,0.2,16.44,False,,0.0,0.02,,0.18,0.2,4
1262,1262,linpack,large,warm,200,14.13,14.12,0.01,5.06,9.06,False,,0.0,0.33,3.97,0.75,5.06,3
1263,1263,fetchdata,small,warm,200,84.9,84.9,0.0,76.96,7.94,False,76.93,0.0,0.02,0.0,,76.96,3
1264,1264,linpack,large,warm,200,18.06,18.05,0.01,5.34,12.71,False,,0.0,0.35,4.05,0.94,5.34,3
1265,1265,matrixmul,medium,warm,200,571.32,571.31,0.0,556.31,15.0,False,,0.0,0.35,5.17,550.78,556.31,3
1266,1266,linpack,medium,warm,200,668.68,668.67,0.0,657.43,11.24,False,,0.0,0.42,4.11,652.9,657.43,4
1267,1267,fastfouriertransform,medium,warm,200,1446.67,1446.67,0.0,729.46,717.21,False,,0.0,4.01,0.01,725.43,729.46,4
1268,1268,fastfouriertransform,small,cold,200,1354.38,1354.38,0.0,4.76,1349.61,False,,0.0,3.93,0.0,0.82,4.76,5
1269,1269,fetchdata,medium,warm,200,82.17,82.17,0.0,75.61,6.56,False,75.58,0.0,0.02,0.0,,75.61,6
1270,1270,genmatrix,small,warm,200,7.88,7.88,0.0,0.11,7.77,False,,0.0,0.02,,0.09,0.11,6
1271,1271,fastfouriertransform,medium,cold,200,2523.46,2523.46,0.01,724.26,1799.2,False,,0.0,3.99,0.01,720.25,724.26,5
1272,1272,matrixmul,small,warm,200,25.67,25.67,0.01,6.89,18.78,False,,0.0,0.39,5.3,1.2,6.89,6
1273,1273,matrixmul,medium,warm,200,557.07,557.06,0.0,541.76,15.3,False,,0.0,0.41,4.3,537.05,541.76,5
1274,1274,genmatrix,medium,warm,200,14.97,14.97,0.0,0.24,14.73,False,,0.0,0.03,,0.21,0.24,6
1275,1275,linpack,large,warm,200,14.7,14.7,0.0,5.09,9.61,False,,0.0,0.34,4.0,0.74,5.09,5
1276,1276,linpack,small,warm,200,14.64,14.64,0.01,5.17,9.47,False,,0.0,0.39,4.02,0.76,5.17,5
1277,1277,genmatrix,large,warm,200,44.36,31.34,13.02,0.8,30.55,False,,0.0,0.02,,0.77,0.79,5
1278,1278,genmatrix,large,warm,200,41.9,32.11,9.79,0.78,31.32,False,,0.0,0.02,,0.76,0.78,5
1279,1279,fetchdata,small,warm,200,94.79,94.79,0.01,86.04,8.75,False,86.01,0.0,0.02,0.0,,86.04,4
1280,1280,fastfouriertransform,medium,warm,200,893.07,893.06,0.01,732.57,160.49,False,,0.0,3.97,0.0,728.59,732.57,4
1281,1281,genmatrix,small,warm,200,55.15,8.74,46.41,0.12,8.62,False,,0.0,0.02,,0.09,0.12,5
1282,1282,matrixmul,large,warm,200,18.94,18.93,0.01,5.02,13.91,False,,0.0,0.35,4.04,0.63,5.02,3
1283,1283,linpack,large,warm,200,14.4,14.4,0.0,5.09,9.3,False,,0.0,0.34,4.0,0.75,5.09,3
1284,1284,genmatrix,large,warm,200,42.36,32.72,9.63,0.81,31.92,False,,0.0,0.02,,0.78,0.8,3
1285,1285,fastfouriertransform,large,warm,200,401.84,401.84,0.01,4.88,396.96,False,,0.0,3.95,0.0,0.92,4.88,3
1286,1286,genmatrix,medium,warm,200,23.04,19.78,3.26,0.31,19.47,False,,0.0,0.03,,0.27,0.3,4
1287,1287,linpack,small,warm,200,17.67,17.67,0.0,5.67,12.0,False,,0.0,0.38,4.33,0.96,5.67,4
1288,1288,fetchdata,small,warm,200,83.82,83.82,0.01,76.74,7.08,False,76.71,0.0,0.02,0.0,,76.74,4
1289,1289,matrixmul,small,warm,200,19.64,18.03,1.62,4.99,13.04,False,,0.0,0.36,4.03,0.59,4.98,2
1290,1290,matrixmul,large,warm,200,18.51,18.5,0.01,4.91,13.59,False,,0.0,0.33,4.0,0.57,4.91,2
1291,1291,linpack,medium,warm,200,724.7,724.69,0.0,714.38,10.31,False,,0.0,0.35,4.03,710.0,714.38,2
1292,1292,matrixmul,large,warm,200,19.47,19.46,0.01,4.93,14.53,False,,0.0,0.34,4.0,0.58,4.93,3
1293,1293,linpack,medium,warm,200,680.27,680.27,0.01,666.38,13.88,False,,0.0,0.37,4.01,662.0,666.38,3
1294,1294,linpack,large,warm,200,591.93,591.93,0.01,5.22,586.7,False,,0.0,0.43,4.02,0.77,5.22,4
1295,1295,fetchdata,small,warm,200,88.65,88.65,0.0,82.38,6.27,False,82.35,0.0,0.02,0.0,,82.38,5
1296,1296,linpack,small,warm,200,232.58,232.57,0.0,5.26,227.31,False,,0.0,0.45,4.0,0.81,5.26,5
1297,1297,linpack,medium,warm,200,854.26,854.26,0.0,721.37,132.89,False,,0.0,0.46,3.99,716.92,721.37,5
1298,1298,linpack,large,warm,200,202.06,202.06,0.0,5.2,196.86,False,,0.0,0.36,4.05,0.78,5.2,6
1299,1299,genmatrix,small,warm,200,8.38,8.38,0.01,0.11,8.26,False,,0.0,0.02,,0.09,0.11,5
1300,1300,linpack,small,warm,200,16.57,16.57,0.01,5.26,11.31,False,,0.0,0.38,4.08,0.79,5.26,3
1301,1301,fastfouriertransform,large,warm,200,20.52,20.52,0.0,4.85,15.66,False,,0.0,4.0,0.0,0.84,4.85,2
1302,1302,linpack,small,warm,200,14.61,14.6,0.0,5.1,9.51,False,,0.0,0.36,4.0,0.73,5.1,2
1303,1303,linpack,large,warm,200,14.9,14.9,0.0,5.04,9.85,False,,0.0,0.33,3.97,0.73,5.04,2
1304,1304,fetchdata,small,warm,200,81.98,81.97,0.01,75.73,6.24,False,75.7,0.0,0.02,0.0,,75.73,2
1305,1305,genmatrix,large,warm,200,39.75,32.28,7.47,0.79,31.48,False,,0.0,0.02,,0.77,0.79,2
1306,1306,matrixmul,small,warm,200,21.61,20.14,1.47,4.94,15.2,False,,0.0,0.34,4.02,0.57,4.93,1
1307,1307,fetchdata,large,warm,200,92.9,92.89,0.01,83.54,9.35,False,83.52,0.0,0.02,0.0,,83.54,1
1308,1308,linpack,medium,warm,200,681.1,681.09,0.01,670.82,10.28,False,,0.0,0.38,4.07,666.36,670.81,1
1309,1309,fastfouriertransform,large,warm,200,21.77,21.76,0.0,5.36,16.4,False,,0.0,4.28,0.01,1.07,5.36,2
1310,1310,matrixmul,small,warm,200,20.15,18.69,1.46,4.99,13.7,False,,0.0,0.35,4.05,0.58,4.99,2
1311,1311,matrixmul,small,warm,200,18.59,18.58,0.0,4.95,13.63,False,,0.0,0.36,4.01,0.58,4.95,2
1312,1312,linpack,medium,warm,200,732.17,732.16,0.01,722.26,9.9,False,,0.0,0.34,4.32,717.6,722.26,2
1313,1313,matrixmul,large,warm,200,24.4,22.92,1.47,6.29,16.63,False,,0.0,0.4,5.26,0.63,6.29,3
1314,1314,fastfouriertransform,large,warm,200,26.3,26.3,0.0,6.92,19.37,False,,0.0,5.85,0.01,1.06,6.92,3
1315,1315,matrixmul,large,warm,200,21.79,18.91,2.88,5.15,13.76,False,,0.0,0.37,4.08,0.7,5.15,2
1316,1316,genmatrix,large,warm,200,42.49,33.64,8.84,0.82,32.82,False,,0.0,0.02,,0.8,0.82,2
1317,1317,fastfouriertransform,medium,warm,200,745.29,745.28,0.0,730.02,15.26,False,,0.0,3.85,0.0,726.16,730.02,2
1318,1318,genmatrix,small,warm,200,6.98,6.98,0.0,0.1,6.88,False,,0.0,0.02,,0.08,0.1,3
1319,1319,fetchdata,large,warm,200,89.32,89.32,0.0,79.85,9.46,False,79.82,0.0,0.02,0.0,,79.85,3
1320,1320,fastfouriertransform,small,warm,200,450.33,450.33,0.0,4.68,445.65,False,,0.0,3.87,0.0,0.8,4.68,2
1321,1321,matrixmul,medium,warm,200,565.45,562.62,2.83,545.27,17.35,False,,0.0,0.38,4.18,540.7,545.27,3
1322,1322,fastfouriertransform,large,warm,200,259.28,259.27,0.01,4.72,254.55,False,,0.0,3.9,0.0,0.81,4.72,4
1323,1323,fastfouriertransform,small,warm,200,163.29,163.29,0.0,4.77,158.52,False,,0.0,3.91,0.0,0.85,4.77,5
1324,1324,matrixmul,small,warm,200,273.62,272.21,1.41,5.65,266.56,False,,0.0,0.42,4.43,0.79,5.64,6
1325,1325,genmatrix,medium,warm,200,12.53,12.52,0.01,0.21,12.31,False,,0.0,0.02,,0.19,0.21,3
1326,1326,fetchdata,small,warm,200,89.85,89.85,0.0,80.95,8.9,False,80.92,0.0,0.02,0.0,,80.95,3
1327,1327,matrixmul,medium,warm,200,576.65,575.22,1.42,553.97,21.25,False,,0.0,0.44,4.4,549.13,553.97,1
1328,1328,matrixmul,medium,warm,200,1030.88,1030.88,0.01,552.1,478.78,False,,0.0,0.39,4.3,547.39,552.1,2
1329,1329,matrixmul,medium,warm,200,1516.47,1515.17,1.3,563.7,951.47,False,,0.0,0.34,4.04,559.31,563.7,3
1330,1330,fastfouriertransform,large,warm,200,20.15,20.15,0.0,4.9,15.24,False,,0.0,3.91,0.0,0.99,4.9,4
1331,1331,linpack,small,warm,200,14.87,14.86,0.0,5.06,9.81,False,,0.0,0.33,3.98,0.74,5.06,4
1332,1332,genmatrix,small,warm,200,7.88,7.87,0.0,0.11,7.77,False,,0.0,0.02,,0.08,0.1,4
1333,1333,fetchdata,large,warm,200,90.93,90.92,0.01,82.69,8.23,False,82.66,0.0,0.02,0.0,,82.69,3
1334,1334,matrixmul,large,warm,200,443.97,443.97,0.01,5.03,438.94,False,,0.0,0.38,4.04,0.6,5.03,3
1335,1335,fetchdata,large,warm,200,84.54,84.53,0.0,76.74,7.79,False,76.71,0.0,0.02,0.0,,76.74,4
1336,1336,fetchdata,small,warm,200,88.54,88.53,0.0,81.04,7.49,False,81.01,0.0,0.02,0.0,,81.04,4
1337,1337,fastfouriertransform,medium,warm,200,791.6,791.6,0.0,773.72,17.87,False,,0.0,3.88,0.0,769.83,773.72,4
1338,1338,matrixmul,large,warm,200,625.19,625.19,0.0,4.92,620.27,False,,0.0,0.33,4.0,0.58,4.91,5
1339,1339,linpack,medium,warm,200,722.85,722.84,0.0,713.48,9.36,False,,0.0,0.37,4.06,709.04,713.48,4
1340,1340,linpack,medium,warm,200,697.79,697.78,0.01,683.55,14.23,False,,0.0,0.35,4.11,679.08,683.55,5
1341,1341,fetchdata,small,warm,200,89.55,89.55,0.01,82.02,7.52,False,81.99,0.0,0.03,0.0,,82.02,6
1342,1342,matrixmul,medium,warm,200,778.38,777.01,1.37,546.44,230.57,False,,0.0,0.35,3.98,542.11,546.44,6
1343,1343,fetchdata,medium,warm,200,84.06,84.06,0.01,76.96,7.1,False,76.93,0.0,0.02,0.0,,76.96,7
1344,1344,fetchdata,large,warm,200,88.01,88.01,0.01,81.67,6.34,False,81.64,0.0,0.02,0.0,,81.67,7
1345,1345,fastfouriertransform,small,warm,200,19.83,19.83,0.01,4.61,15.22,False,,0.0,3.87,0.0,0.74,4.61,4
1346,1346,matrixmul,large,warm,200,389.06,389.06,0.01,5.25,383.81,False,,0.0,0.35,4.16,0.73,5.25,4
1347,1347,fastfouriertransform,small,warm,200,24.36,24.36,0.0,4.85,19.51,False,,0.0,4.0,0.0,0.84,4.85,3
1348,1348,fetchdata,small,warm,200,84.76,84.76,0.01,77.43,7.33,False,77.4,0.0,0.03,0.0,,77.43,3
1349,1349,fastfouriertransform,large,warm,200,21.36,21.35,0.0,6.26,15.09,False,,0.0,5.33,0.01,0.88,6.26,3
1350,1350,fastfouriertransform,medium,warm,200,775.38,775.37,0.01,760.28,15.1,False,,0.0,3.94,0.0,756.32,760.27,1
1351,1351,linpack,large,warm,200,15.05,15.05,0.01,6.15,8.9,False,,0.0,0.34,5.0,0.8,6.15,2
1352,1352,fastfouriertransform,small,warm,200,584.32,584.32,0.0,4.65,579.67,False,,0.0,3.88,0.0,0.76,4.65,2
1353,1353,fastfouriertransform,medium,warm,200,1199.89,1199.88,0.0,713.41,486.47,False,,0.0,3.9,0.0,709.51,713.41,3
1354,1354,matrixmul,small,warm,200,26.98,25.62,1.36,5.11,20.51,False,,0.0,0.37,4.1,0.63,5.11,4
1355,1355,linpack,small,warm,200,14.52,14.51,0.0,5.08,9.43,False,,0.0,0.34,4.0,0.74,5.08,4
1356,1356,fastfouriertransform,small,warm,200,904.77,904.77,0.0,4.79,899.98,False,,0.0,3.99,0.0,0.79,4.79,4
1357,1357,linpack,medium,warm,200,675.42,675.42,0.01,665.71,9.7,False,,0.0,0.35,3.96,661.39,665.71,5
1358,1358,fetchdata,large,warm,200,82.86,82.85,0.01,76.18,6.67,False,76.15,0.0,0.02,0.0,,76.18,4
1359,1359,linpack,medium,warm,200,724.85,724.85,0.01,712.26,12.58,False,,0.0,0.33,4.01,707.92,712.26,4
1360,1360,linpack,large,warm,200,382.98,382.97,0.0,5.05,377.92,False,,0.0,0.33,3.99,0.73,5.05,5
1361,1361,genmatrix,small,warm,200,8.19,8.19,0.0,0.11,8.07,False,,0.0,0.02,,0.09,0.11,6
1362,1362,genmatrix,small,warm,200,7.47,7.46,0.01,0.12,7.34,False,,0.0,0.02,,0.09,0.12,6
1363,1363,linpack,small,warm,200,333.79,333.79,0.01,5.27,328.52,False,,0.0,0.34,4.12,0.8,5.27,6
1364,1364,matrixmul,medium,warm,200,576.83,574.22,2.6,559.24,14.99,False,,0.0,0.36,4.02,554.85,559.23,5
1365,1365,genmatrix,small,warm,200,8.45,8.44,0.01,0.11,8.33,False,,0.0,0.02,,0.09,0.11,5
1366,1366,linpack,large,warm,200,14.98,14.98,0.0,5.06,9.91,False,,0.0,0.33,3.99,0.74,5.06,4
1367,1367,fetchdata,large,warm,200,94.27,94.27,0.01,84.51,9.76,False,84.47,0.0,0.03,0.0,,84.51,2
1368,1368,matrixmul,large,warm,200,188.6,187.12,1.49,5.36,181.76,False,,0.0,0.39,4.33,0.64,5.36,2
1369,1369,matrixmul,small,warm,200,102.16,100.61,1.54,5.14,95.47,False,,0.0,0.4,4.09,0.64,5.14,3
1370,1370,genmatrix,large,warm,200,46.2,35.88,10.32,0.83,35.05,False,,0.0,0.02,,0.81,0.83,1
1371,1371,matrixmul,large,warm,200,20.84,19.57,1.27,5.13,14.44,False,,0.0,0.47,4.08,0.58,5.13,1
1372,1372,genmatrix,large,warm,200,40.07,31.17,8.89,0.78,30.39,False,,0.0,0.02,,0.76,0.78,1
1373,1373,matrixmul,medium,warm,200,564.92,564.91,0.01,549.72,15.19,False,,0.0,0.35,4.01,545.35,549.72,1
1374,1374,fetchdata,medium,warm,200,89.73,89.73,0.0,82.25,7.48,False,82.22,0.0,0.02,0.0,,82.25,2
1375,1375,matrixmul,small,warm,200,378.38,377.03,1.36,4.97,372.06,False,,0.0,0.34,4.04,0.58,4.97,2
1376,1376,linpack,medium,warm,200,673.03,673.03,0.01,663.31,9.71,False,,0.0,0.34,3.98,658.99,663.31,3
1377,1377,fetchdata,small,warm,200,83.37,83.37,0.0,76.75,6.62,False,76.72,0.0,0.02,0.0,,76.75,4
1378,1378,genmatrix,large,warm,200,42.83,35.51,7.32,0.8,34.71,False,,0.0,0.02,,0.78,0.8,4
1379,1379,fetchdata,medium,warm,200,83.81,83.81,0.01,76.4,7.41,False,76.37,0.0,0.02,0.0,,76.39,2
1380,1380,fastfouriertransform,large,warm,200,22.61,22.6,0.01,5.37,17.23,False,,0.0,4.3,0.01,1.04,5.37,2
1381,1381,matrixmul,medium,warm,200,568.72,567.46,1.27,551.68,15.78,False,,0.0,0.38,5.36,545.94,551.68,2
1382,1382,linpack,large,warm,200,16.52,16.51,0.0,5.76,10.76,False,,0.0,0.53,4.37,0.85,5.76,3
1383,1383,fetchdata,medium,warm,200,81.44,81.43,0.0,75.32,6.11,False,75.3,0.0,0.02,0.0,,75.32,2
1384,1384,fetchdata,medium,warm,200,82.03,82.03,0.0,76.3,5.73,False,76.27,0.0,0.02,0.0,,76.3,2
1385,1385,fetchdata,medium,warm,200,82.96,82.96,0.0,76.31,6.65,False,76.28,0.0,0.02,0.0,,76.3,2
1386,1386,fastfouriertransform,medium,warm,200,751.31,751.3,0.0,733.25,18.05,False,,0.0,5.36,0.0,727.88,733.25,2
1387,1387,genmatrix,small,warm,200,13.94,13.93,0.0,0.13,13.8,False,,0.0,0.03,,0.1,0.13,2
1388,1388,linpack,large,warm,200,15.53,15.52,0.0,5.2,10.32,False,,0.0,0.35,4.04,0.8,5.2,2
1389,1389,fetchdata,small,warm,200,90.0,89.99,0.01,82.22,7.77,False,82.19,0.0,0.03,0.0,,82.22,2
1390,1390,genmatrix,medium,warm,200,14.18,12.93,1.24,0.22,12.71,False,,0.0,0.02,,0.19,0.22,2
1391,1391,linpack,large,warm,200,15.31,15.31,0.0,5.14,10.17,False,,0.0,0.38,4.01,0.75,5.14,2
1392,1392,fastfouriertransform,small,warm,200,157.96,157.95,0.0,4.96,153.0,False,,0.0,3.99,0.0,0.95,4.95,2
1393,1393,fetchdata,large,warm,200,94.44,94.44,0.01,84.93,9.51,False,84.89,0.0,0.03,0.0,,84.93,3
1394,1394,linpack,small,warm,200,18.76,18.75,0.01,6.85,11.9,False,,0.0,0.45,5.37,1.02,6.85,1
1395,1395,matrixmul,small,warm,200,25.95,24.68,1.27,5.19,19.49,False,,0.0,0.39,4.16,0.63,5.19,1
1396,1396,genmatrix,medium,warm,200,14.32,13.02,1.29,0.25,12.77,False,,0.0,0.03,,0.22,0.25,1
1397,1397,fastfouriertransform,small,warm,200,19.61,19.6,0.01,4.77,14.83,False,,0.0,3.96,0.0,0.8,4.77,1
1398,1398,fetchdata,large,warm,200,82.17,82.17,0.01,76.52,5.65,False,76.49,0.0,0.02,0.0,,76.52,1
1399,1399,fastfouriertransform,large,warm,200,18.58,18.57,0.0,4.65,13.92,False,,0.0,3.9,0.0,0.74,4.65,1
1400,1400,matrixmul,small,warm,200,21.43,20.17,1.26,5.04,15.13,False,,0.0,0.37,4.09,0.59,5.04,1
1401,1401,linpack,large,warm,200,16.31,16.3,0.0,5.3,11.0,False,,0.0,0.34,4.03,0.93,5.3,1
1402,1402,fetchdata,medium,warm,200,85.69,85.68,0.01,79.13,6.55,False,79.09,0.0,0.03,0.0,,79.13,1
1403,1403,fetchdata,large,warm,200,83.92,83.91,0.0,77.71,6.21,False,77.68,0.0,0.02,0.0,,77.71,1
1404,1404,genmatrix,medium,warm,200,11.57,11.56,0.01,0.21,11.36,False,,0.0,0.02,,0.18,0.21,1
1405,1405,matrixmul,medium,warm,200,596.86,595.65,1.21,582.13,13.52,False,,0.0,0.35,4.39,577.38,582.12,1
1406,1406,linpack,large,warm,200,16.89,16.89,0.01,5.7,11.19,False,,0.0,0.35,4.53,0.82,5.7,2
1407,1407,genmatrix,medium,warm,200,15.21,15.21,0.0,0.24,14.96,False,,0.0,0.03,,0.21,0.24,2
1408,1408,genmatrix,medium,warm,200,13.08,11.81,1.27,0.22,11.59,False,,0.0,0.02,,0.19,0.22,2
1409,1409,linpack,medium,warm,200,678.5,678.5,0.0,668.41,10.09,False,,0.0,0.33,4.0,664.07,668.41,2
1410,1410,matrixmul,small,warm,200,109.46,109.45,0.01,5.15,104.31,False,,0.0,0.39,4.15,0.61,5.14,3
1411,1411,matrixmul,medium,warm,200,568.47,567.32,1.16,553.02,14.3,False,,0.0,0.41,4.16,548.45,553.02,3
1412,1412,fetchdata,medium,warm,200,89.5,89.49,0.0,80.71,8.79,False,80.68,0.0,0.02,0.0,,80.71,3
1413,1413,genmatrix,medium,warm,200,15.38,12.95,2.43,0.24,12.71,False,,0.0,0.03,,0.21,0.24,3
1414,1414,fastfouriertransform,large,warm,200,21.82,21.82,0.0,5.84,15.98,False,,0.0,4.91,0.01,0.92,5.84,3
1415,1415,fetchdata,large,warm,200,90.89,90.88,0.01,83.95,6.94,False,83.92,0.0,0.02,0.0,,83.94,3
1416,1416,fetchdata,small,warm,200,81.75,81.75,0.0,75.08,6.67,False,75.05,0.0,0.02,0.0,,75.08,2
1417,1417,genmatrix,large,warm,200,43.69,32.9,10.79,0.81,32.09,False,,0.0,0.02,,0.79,0.81,1
1418,1418,linpack,large,warm,200,16.02,16.01,0.0,5.45,10.56,False,,0.0,0.34,4.33,0.77,5.45,1
1419,1419,matrixmul,medium,warm,200,579.39,578.22,1.17,565.2,13.02,False,,0.0,0.36,4.05,560.78,565.19,1
1420,1420,fetchdata,small,warm,200,97.76,97.75,0.01,88.87,8.89,False,88.83,0.0,0.02,0.0,,88.86,2
1421,1421,genmatrix,small,warm,200,7.94,7.93,0.01,0.13,7.8,False,,0.0,0.03,,0.1,0.13,2
1422,1422,matrixmul,large,warm,200,291.78,290.37,1.41,4.92,285.46,False,,0.0,0.33,4.01,0.57,4.92,2
1423,1423,fetchdata,medium,warm,200,83.36,83.35,0.01,76.31,7.04,False,76.28,0.0,0.02,0.0,,76.31,3
1424,1424,linpack,large,warm,200,14.56,14.55,0.01,5.06,9.49,False,,0.0,0.33,3.99,0.74,5.06,3
1425,1425,genmatrix,medium,warm,200,11.83,10.66,1.16,0.21,10.46,False,,0.0,0.02,,0.18,0.21,1
1426,1426,matrixmul,large,warm,200,21.38,18.97,2.4,5.04,13.94,False,,0.0,0.35,4.07,0.61,5.03,1
1427,1427,matrixmul,medium,warm,200,569.58,568.37,1.21,553.28,15.09,False,,0.0,0.4,4.58,548.29,553.28,1
1428,1428,fetchdata,large,warm,200,88.52,88.51,0.0,82.01,6.5,False,81.98,0.0,0.03,0.0,,82.01,2
1429,1429,genmatrix,small,warm,200,6.85,6.83,0.01,0.11,6.72,False,,0.0,0.02,,0.09,0.11,2
1430,1430,fetchdata,large,warm,200,85.46,85.45,0.0,76.41,9.04,False,76.38,0.0,0.02,0.0,,76.41,2
1431,1431,linpack,medium,warm,200,673.53,673.52,0.0,664.03,9.5,False,,0.0,0.34,4.0,659.69,664.02,2
1432,1432,fetchdata,large,warm,200,90.53,90.52,0.0,82.8,7.72,False,82.77,0.0,0.02,0.0,,82.8,3
1433,1433,fastfouriertransform,large,warm,200,22.15,22.15,0.01,4.85,17.3,False,,0.0,4.05,0.0,0.79,4.85,2
1434,1434,fastfouriertransform,small,warm,200,25.48,25.47,0.01,6.55,18.93,False,,0.0,5.6,0.01,0.93,6.55,2
1435,1435,fastfouriertransform,small,warm,200,23.91,23.9,0.0,5.06,18.84,False,,0.0,4.04,0.01,1.01,5.06,2
1436,1436,matrixmul,small,warm,200,19.8,18.58,1.23,5.23,13.35,False,,0.0,0.38,4.2,0.64,5.23,2
1437,1437,fetchdata,small,warm,200,83.9,83.89,0.01,77.57,6.32,False,77.55,0.0,0.02,0.0,,77.57,2
1438,1438,fetchdata,small,warm,200,91.24,91.23,0.01,81.77,9.46,False,81.74,0.0,0.02,0.0,,81.77,1
1439,1439,fetchdata,large,warm,200,86.6,86.59,0.0,79.52,7.07,False,79.49,0.0,0.02,0.0,,79.52,1
1440,1440,matrixmul,medium,warm,200,576.53,575.47,1.06,559.68,15.8,False,,0.0,0.36,6.71,552.6,559.67,1
1441,1441,fastfouriertransform,large,warm,200,20.75,20.74,0.01,4.79,15.95,False,,0.0,3.93,0.0,0.85,4.79,2
1442,1442,linpack,medium,warm,200,699.22,699.22,0.01,690.4,8.82,False,,0.0,0.34,3.99,686.07,690.4,2
1443,1443,matrixmul,small,warm,200,290.93,287.99,2.93,5.42,282.57,False,,0.0,0.45,4.28,0.69,5.42,3
1444,1444,fastfouriertransform,large,warm,200,19.93,19.92,0.0,4.84,15.08,False,,0.0,3.93,0.0,0.9,4.84,4
1445,1445,linpack,medium,warm,200,725.82,725.82,0.0,714.7,11.11,False,,0.0,0.34,4.01,710.34,714.7,4
1446,1446,fastfouriertransform,small,warm,200,20.75,20.75,0.0,4.75,16.0,False,,0.0,3.91,0.0,0.82,4.75,3
1447,1447,linpack,large,warm,200,536.83,536.82,0.01,5.56,531.27,False,,0.0,0.39,4.16,1.01,5.56,3
1448,1448,genmatrix,large,warm,200,46.0,40.31,5.69,0.99,39.32,False,,0.0,0.03,,0.95,0.99,4
1449,1449,genmatrix,small,warm,200,7.73,7.73,0.01,0.12,7.61,False,,0.0,0.02,,0.09,0.12,3
1450,1450,linpack,large,warm,200,13.92,13.92,0.0,5.09,8.83,False,,0.0,0.33,3.99,0.76,5.09,3
1451,1451,matrixmul,small,warm,200,20.3,20.29,0.0,4.98,15.31,False,,0.0,0.34,4.07,0.56,4.98,3
1452,1452,fastfouriertransform,small,warm,200,21.88,21.88,0.0,4.92,16.96,False,,0.0,3.99,0.0,0.91,4.91,3
1453,1453,linpack,small,warm,200,15.86,15.86,0.01,5.19,10.67,False,,0.0,0.35,4.04,0.8,5.19,1
1454,1454,fetchdata,small,warm,200,83.07,83.07,0.01,76.98,6.09,False,76.94,0.0,0.03,0.0,,76.97,1
1455,1455,linpack,large,warm,200,14.77,14.77,0.0,5.3,9.47,False,,0.0,0.35,4.13,0.81,5.29,1
1456,1456,genmatrix,medium,warm,200,13.07,10.91,2.16,0.21,10.7,False,,0.0,0.02,,0.19,0.21,1
1457,1457,genmatrix,medium,warm,200,15.32,15.32,0.01,0.21,15.1,False,,0.0,0.02,,0.19,0.21,1
1458,1458,fastfouriertransform,medium,warm,200,745.87,745.87,0.0,727.47,18.4,False,,0.0,4.13,0.01,723.33,727.47,1
1459,1459,matrixmul,medium,warm,200,588.98,583.86,5.12,564.99,18.87,False,,0.0,0.37,5.13,559.48,564.99,2
1460,1460,linpack,small,warm,200,17.63,17.63,0.0,8.08,9.55,False,,0.0,0.36,4.13,3.58,8.07,3
1461,1461,fetchdata,medium,warm,200,81.42,81.41,0.01,75.68,5.73,False,75.65,0.0,0.02,0.0,,75.68,3
1462,1462,fastfouriertransform,large,warm,200,354.51,354.51,0.01,4.98,349.53,False,,0.0,4.05,0.0,0.92,4.98,3
1463,1463,fastfouriertransform,small,warm,200,260.56,260.56,0.0,5.16,255.4,False,,0.0,4.19,0.01,0.95,5.15,4
1464,1464,matrixmul,medium,warm,200,653.15,639.44,13.7,550.27,89.17,False,,0.0,0.43,4.21,545.63,550.27,5
1465,1465,matrixmul,large,warm,200,554.5,554.5,0.0,4.97,549.53,False,,0.0,0.34,4.02,0.59,4.96,5
1466,1466,matrixmul,small,warm,200,465.13,461.31,3.83,5.02,456.29,False,,0.0,0.36,4.05,0.6,5.02,3
1467,1467,fastfouriertransform,large,warm,200,19.63,19.62,0.0,4.71,14.91,False,,0.0,3.87,0.0,0.84,4.71,4
1468,1468,fetchdata,small,warm,200,83.42,83.42,0.01,77.86,5.56,False,77.83,0.0,0.02,0.0,,77.86,4
1469,1469,matrixmul,medium,warm,200,734.59,733.16,1.43,564.74,168.42,False,,0.0,0.4,4.06,560.28,564.74,4
1470,1470,genmatrix,large,warm,200,40.01,32.44,7.56,0.83,31.61,False,,0.0,0.02,,0.8,0.83,5
1471,1471,fastfouriertransform,large,warm,200,20.56,20.56,0.01,4.69,15.87,False,,0.0,3.89,0.0,0.79,4.69,2
1472,1472,fastfouriertransform,small,warm,200,21.04,21.03,0.01,4.75,16.28,False,,0.0,3.9,0.0,0.84,4.75,2
1473,1473,fetchdata,large,warm,200,84.34,84.34,0.0,77.76,6.57,False,77.73,0.0,0.03,0.0,,77.76,2
1474,1474,linpack,medium,warm,200,677.12,677.11,0.01,667.6,9.52,False,,0.0,0.33,3.98,663.28,667.6,2
1475,1475,genmatrix,small,warm,200,7.99,7.99,0.0,0.11,7.88,False,,0.0,0.02,,0.09,0.11,3
1476,1476,fastfouriertransform,large,warm,200,18.41,18.4,0.0,4.61,13.79,False,,0.0,3.85,0.0,0.76,4.61,3
1477,1477,genmatrix,large,warm,200,40.27,31.76,8.51,0.79,30.97,False,,0.0,0.02,,0.76,0.79,2
1478,1478,linpack,large,warm,200,14.31,14.31,0.0,5.15,9.16,False,,0.0,0.34,4.02,0.78,5.14,2
1479,1479,fastfouriertransform,small,warm,200,24.79,24.79,0.01,4.7,20.09,False,,0.0,3.92,0.0,0.77,4.7,2
1480,1480,genmatrix,small,warm,200,7.21,7.2,0.01,0.12,7.08,False,,0.0,0.02,,0.1,0.12,2
1481,1481,fetchdata,large,warm,200,88.45,88.44,0.0,81.8,6.64,False,81.76,0.0,0.02,0.0,,81.8,1
1482,1482,fetchdata,large,warm,200,81.93,81.92,0.01,75.48,6.45,False,75.45,0.0,0.02,0.0,,75.47,1
1483,1483,matrixmul,small,warm,200,22.16,21.09,1.07,7.11,13.98,False,,0.0,0.36,4.04,2.71,7.11,1
1484,1484,genmatrix,small,warm,200,13.35,13.35,0.0,0.13,13.22,False,,0.0,0.02,,0.1,0.12,1
1485,1485,linpack,small,warm,200,23.21,23.2,0.01,5.73,17.48,False,,0.0,0.36,4.58,0.79,5.73,1
1486,1486,linpack,medium,warm,200,743.71,743.71,0.01,733.09,10.62,False,,0.0,1.09,4.59,727.4,733.09,1
1487,1487,linpack,medium,warm,200,678.82,678.81,0.01,669.57,9.24,False,,0.0,0.34,3.99,665.24,669.57,2
1488,1488,matrixmul,large,warm,200,19.13,17.42,1.71,4.93,12.49,False,,0.0,0.34,4.01,0.57,4.93,3
1489,1489,fetchdata,large,warm,200,89.98,89.97,0.0,80.74,9.24,False,80.7,0.0,0.03,0.0,,80.73,3
1490,1490,fastfouriertransform,large,warm,200,22.39,22.38,0.0,5.42,16.96,False,,0.0,4.39,0.01,1.01,5.41,3
1491,1491,genmatrix,small,warm,200,10.21,10.21,0.01,0.11,10.09,False,,0.0,0.02,,0.09,0.11,3
1492,1492,fastfouriertransform,medium,warm,200,758.19,758.19,0.01,743.71,14.48,False,,0.0,4.16,0.01,739.53,743.71,3
1493,1493,fetchdata,small,warm,200,92.71,92.71,0.01,85.04,7.66,False,85.01,0.0,0.02,0.0,,85.04,4
1494,1494,genmatrix,large,warm,200,46.68,37.43,9.26,0.8,36.63,False,,0.0,0.02,,0.78,0.8,2
1495,1495,linpack,large,warm,200,13.72,13.71,0.01,5.17,8.55,False,,0.0,0.35,3.99,0.82,5.17,2
1496,1496,matrixmul,medium,warm,200,581.16,580.02,1.13,566.8,13.22,False,,0.0,0.36,4.05,562.39,566.8,2
1497,1497,fastfouriertransform,large,warm,200,267.49,267.48,0.0,4.95,262.53,False,,0.0,3.93,0.0,1.01,4.95,3
1498,1498,genmatrix,medium,warm,200,14.13,13.0,1.14,0.22,12.77,False,,0.0,0.02,,0.19,0.22,4
1499,1499,matrixmul,small,warm,200,293.55,292.2,1.35,4.91,287.29,False,,0.0,0.33,4.01,0.57,4.91,4
1500,1500,genmatrix,large,warm,200,41.64,32.14,9.5,0.79,31.35,False,,0.0,0.02,,0.77,0.79,3
1501,1501,matrixmul,medium,warm,200,655.76,653.72,2.04,555.26,98.45,False,,0.0,0.34,3.99,550.93,555.26,3
1502,1502,fetchdata,large,warm,200,85.36,85.35,0.0,77.36,7.99,False,77.34,0.0,0.02,0.0,,77.36,2
1503,1503,linpack,large,warm,200,18.06,18.05,0.0,5.49,12.56,False,,0.0,0.39,4.18,0.91,5.49,2
1504,1504,matrixmul,small,warm,200,366.43,365.33,1.1,5.0,360.33,False,,0.0,0.35,4.05,0.6,5.0,2
1505,1505,linpack,medium,warm,200,689.76,689.75,0.01,680.45,9.3,False,,0.0,0.34,4.12,675.99,680.45,3
1506,1506,fetchdata,large,warm,200,81.99,81.99,0.0,76.2,5.79,False,76.17,0.0,0.02,0.0,,76.2,4
1507,1507,fastfouriertransform,small,warm,200,18.83,18.83,0.0,4.76,14.07,False,,0.0,3.85,0.0,0.9,4.75,4
1508,1508,genmatrix,small,warm,200,6.91,6.9,0.0,0.12,6.79,False,,0.0,0.02,,0.09,0.12,2
1509,1509,matrixmul,large,warm,200,20.5,19.51,0.99,5.03,14.49,False,,0.0,0.36,4.06,0.6,5.02,2
1510,1510,fetchdata,large,warm,200,94.56,94.56,0.0,85.17,9.38,False,85.14,0.0,0.03,0.0,,85.17,2
1511,1511,matrixmul,medium,warm,200,577.17,576.2,0.97,556.54,19.66,False,,0.0,0.39,4.26,551.88,556.53,2
1512,1512,genmatrix,small,warm,200,7.82,7.82,0.0,0.12,7.7,False,,0.0,0.02,,0.09,0.12,2
1513,1513,fastfouriertransform,small,warm,200,20.5,20.5,0.01,5.17,15.33,False,,0.0,4.02,0.0,1.14,5.16,2
1514,1514,genmatrix,medium,warm,200,11.36,10.31,1.05,0.21,10.1,False,,0.0,0.02,,0.19,0.21,2
1515,1515,genmatrix,medium,warm,200,11.34,10.32,1.02,0.2,10.12,False,,0.0,0.02,,0.18,0.2,2
1516,1516,fastfouriertransform,small,warm,200,25.53,25.53,0.01,4.99,20.53,False,,0.0,4.2,0.0,0.78,4.99,2
1517,1517,fastfouriertransform,small,warm,200,29.59,29.58,0.01,4.91,24.68,False,,0.0,4.06,0.0,0.84,4.9,1
1518,1518,matrixmul,medium,warm,200,571.49,570.5,0.98,556.22,14.28,False,,0.0,0.37,5.05,550.8,556.22,1
1519,1519,linpack,large,warm,200,14.12,14.11,0.01,5.06,9.06,False,,0.0,0.33,3.98,0.74,5.05,2
1520,1520,linpack,medium,warm,200,675.59,675.59,0.0,666.27,9.32,False,,0.0,0.34,3.99,661.93,666.27,2
1521,1521,fastfouriertransform,small,warm,200,18.27,18.27,0.0,4.79,13.48,False,,0.0,3.93,0.0,0.85,4.79,3
1522,1522,fastfouriertransform,medium,warm,200,762.38,762.38,0.0,746.19,16.18,False,,0.0,3.93,0.0,742.25,746.19,3
1523,1523,linpack,small,warm,200,23.67,23.66,0.01,6.11,17.55,False,,0.0,0.47,4.65,0.98,6.11,4
1524,1524,linpack,large,warm,200,20.71,20.71,0.01,8.12,12.59,False,,0.0,0.39,6.91,0.82,8.12,3
1525,1525,genmatrix,medium,warm,200,14.05,13.03,1.02,0.24,12.79,False,,0.0,0.03,,0.21,0.24,3
1526,1526,fastfouriertransform,medium,warm,200,1106.45,1106.45,0.01,741.61,364.83,False,,0.0,3.84,0.0,737.76,741.61,3
1527,1527,matrixmul,medium,warm,200,558.32,556.46,1.86,543.18,13.28,False,,0.0,0.37,4.12,538.68,543.18,3
1528,1528,fastfouriertransform,large,warm,200,922.37,922.36,0.01,4.68,917.68,False,,0.0,3.88,0.0,0.79,4.68,4
1529,1529,linpack,small,warm,200,13.86,13.85,0.0,5.09,8.77,False,,0.0,0.34,4.0,0.75,5.09,5
1530,1530,linpack,large,warm,200,14.49,14.49,0.0,5.16,9.33,False,,0.0,0.34,4.05,0.76,5.16,4
1531,1531,fetchdata,large,warm,200,134.48,134.48,0.0,126.79,7.68,False,126.76,0.0,0.03,0.0,,126.79,4
1532,1532,matrixmul,small,warm,200,74.82,69.91,4.91,5.17,64.74,False,,0.0,0.38,4.16,0.62,5.17,5
1533,1533,fetchdata,medium,warm,200,81.64,81.63,0.01,76.11,5.52,False,76.08,0.0,0.02,0.0,,76.11,3
1534,1534,genmatrix,medium,warm,200,12.02,10.14,1.87,0.2,9.94,False,,0.0,0.02,,0.18,0.2,3
1535,1535,matrixmul,small,warm,200,19.84,17.93,1.91,4.99,12.93,False,,0.0,0.37,4.03,0.59,4.99,3
1536,1536,fastfouriertransform,small,warm,200,114.51,114.51,0.01,4.73,109.77,False,,0.0,3.93,0.0,0.79,4.73,3
1537,1537,matrixmul,medium,warm,200,578.52,576.73,1.79,562.85,13.88,False,,0.0,0.38,4.2,558.26,562.84,4
1538,1538,matrixmul,medium,warm,200,1033.74,1031.9,1.84,548.74,483.16,False,,0.0,0.33,4.01,544.39,548.74,2
1539,1539,matrixmul,small,warm,200,944.14,943.18,0.96,5.06,938.12,False,,0.0,0.38,4.07,0.61,5.06,3
1540,1540,genmatrix,medium,warm,200,11.75,9.95,1.81,0.24,9.7,False,,0.0,0.05,,0.19,0.24,4
1541,1541,fetchdata,large,warm,200,134.03,134.02,0.0,127.68,6.34,False,127.65,0.0,0.03,0.0,,127.68,4
1542,1542,matrixmul,large,warm,200,668.05,667.05,1.0,5.02,662.03,False,,0.0,0.34,4.06,0.62,5.02,5
1543,1543,linpack,small,warm,200,15.22,15.21,0.01,5.09,10.12,False,,0.0,0.34,4.01,0.74,5.09,4
1544,1544,matrixmul,small,warm,200,457.13,456.1,1.03,5.09,451.01,False,,0.0,0.35,4.05,0.69,5.09,4
1545,1545,fetchdata,medium,warm,200,92.24,92.24,0.01,85.05,7.18,False,85.02,0.0,0.02,0.0,,85.05,5
1546,1546,fastfouriertransform,medium,warm,200,775.46,775.45,0.0,758.57,16.89,False,,0.0,4.8,0.0,753.75,758.56,5
1547,1547,genmatrix,large,warm,200,39.17,31.68,7.49,0.81,30.86,False,,0.0,0.02,,0.79,0.81,6
1548,1548,matrixmul,medium,warm,200,640.84,639.91,0.93,566.14,73.76,False,,0.0,0.36,4.08,561.7,566.14,6
1549,1549,matrixmul,medium,warm,200,1100.42,1099.23,1.19,549.56,549.67,False,,0.0,0.41,4.08,545.07,549.56,3
1550,1550,matrixmul,large,cold,200,1009.55,1008.67,0.88,5.23,1003.43,False,,0.0,0.45,4.14,0.64,5.23,4
1551,1551,linpack,small,warm,200,16.2,16.2,0.01,6.08,10.12,False,,0.0,0.5,4.62,0.95,6.08,5
1552,1552,genmatrix,medium,warm,200,12.43,11.49,0.94,0.23,11.26,False,,0.0,0.03,,0.2,0.23,5
1553,1553,linpack,large,warm,200,13.74,13.74,0.0,5.06,8.68,False,,0.0,0.34,3.98,0.74,5.06,5
1554,1554,fetchdata,medium,warm,200,82.19,82.19,0.0,76.45,5.74,False,76.42,0.0,0.02,0.0,,76.44,4
1555,1555,genmatrix,small,warm,200,6.57,6.56,0.0,0.11,6.45,False,,0.0,0.02,,0.08,0.11,3
1556,1556,matrixmul,medium,warm,200,978.48,976.72,1.76,559.51,417.21,False,,0.0,0.36,4.15,555.0,559.51,3
1557,1557,genmatrix,large,warm,200,42.75,34.71,8.04,0.83,33.88,False,,0.0,0.02,,0.8,0.83,4
1558,1558,matrixmul,large,warm,200,789.01,788.04,0.96,5.37,782.67,False,,0.0,0.41,4.2,0.75,5.37,4
1559,1559,fetchdata,medium,warm,200,85.83,85.83,0.0,79.67,6.16,False,79.63,0.0,0.03,0.0,,79.66,5
1560,1560,matrixmul,medium,warm,200,1147.46,1145.76,1.7,552.96,592.8,False,,0.0,0.39,4.22,548.35,552.95,4
1561,1561,matrixmul,medium,cold,200,1604.9,1603.81,1.08,545.85,1057.96,False,,0.0,0.37,4.09,541.39,545.85,4
1562,1562,fastfouriertransform,large,warm,200,19.37,19.37,0.0,5.02,14.35,False,,0.0,3.89,0.0,1.12,5.02,5
1563,1563,fetchdata,large,warm,200,84.94,84.93,0.01,78.16,6.77,False,78.14,0.0,0.02,0.0,,78.16,5
1564,1564,linpack,small,warm,200,20.6,20.6,0.0,5.32,15.28,False,,0.0,0.38,4.1,0.84,5.32,5
1565,1565,linpack,small,warm,200,14.47,14.46,0.0,5.24,9.23,False,,0.0,0.35,4.06,0.82,5.24,5
1566,1566,matrixmul,large,cold,200,1114.03,1112.85,1.18,5.07,1107.77,False,,0.0,0.37,4.07,0.62,5.07,3
1567,1567,fetchdata,medium,warm,200,82.54,82.53,0.0,77.01,5.52,False,76.98,0.0,0.02,0.0,,77.01,4
1568,1568,genmatrix,large,warm,200,40.02,32.09,7.93,0.78,31.32,False,,0.0,0.02,,0.75,0.78,4
1569,1569,fastfouriertransform,medium,warm,200,731.1,731.09,0.0,717.51,13.58,False,,0.0,3.86,0.0,713.64,717.51,4
1570,1570,matrixmul,small,warm,200,726.93,725.98,0.95,5.07,720.9,False,,0.0,0.39,4.05,0.63,5.07,5
1571,1571,genmatrix,small,warm,200,9.96,9.96,0.0,0.13,9.83,False,,0.0,0.03,,0.1,0.13,6
1572,1572,genmatrix,large,warm,200,52.53,44.74,7.79,0.89,43.85,False,,0.0,0.02,,0.86,0.89,5
1573,1573,fetchdata,large,warm,200,85.01,85.0,0.01,79.06,5.94,False,79.03,0.0,0.02,0.0,,79.06,5
1574,1574,matrixmul,medium,warm,200,901.26,900.44,0.82,569.14,331.3,False,,0.0,0.37,4.16,564.6,569.14,5
1575,1575,fastfouriertransform,medium,warm,200,863.37,863.36,0.0,730.04,133.32,False,,0.0,3.85,0.0,726.18,730.04,6
1576,1576,linpack,medium,warm,200,675.91,675.9,0.01,667.47,8.44,False,,0.0,0.34,3.97,663.16,667.47,7
1577,1577,linpack,medium,warm,200,731.93,731.92,0.01,722.41,9.51,False,,0.0,0.44,4.41,717.55,722.41,7
1578,1578,linpack,large,warm,200,481.91,481.9,0.0,5.07,476.84,False,,0.0,0.35,3.99,0.73,5.07,5
1579,1579,matrixmul,large,warm,200,412.28,410.74,1.55,4.91,405.83,False,,0.0,0.34,3.99,0.58,4.91,6
1580,1580,fastfouriertransform,medium,warm,200,1067.21,1067.21,0.0,702.82,364.38,False,,0.0,3.83,0.0,698.98,702.82,7
1581,1581,linpack,large,warm,200,340.42,340.42,0.01,5.04,335.38,False,,0.0,0.33,3.98,0.73,5.04,8
1582,1582,fastfouriertransform,small,warm,200,873.48,873.48,0.0,4.65,868.83,False,,0.0,3.89,0.0,0.75,4.65,9
1583,1583,fetchdata,large,warm,200,80.65,80.65,0.0,75.53,5.12,False,75.5,0.0,0.02,0.0,,75.53,8
1584,1584,genmatrix,small,warm,200,8.76,6.88,1.88,0.11,6.77,False,,0.0,0.02,,0.08,0.11,5
1585,1585,linpack,small,warm,200,16.51,16.5,0.0,5.43,11.07,False,,0.0,0.36,4.16,0.91,5.43,3
1586,1586,linpack,large,warm,200,16.28,16.27,0.01,5.36,10.92,False,,0.0,0.37,4.16,0.82,5.35,3
1587,1587,matrixmul,medium,warm,200,573.14,571.38,1.75,556.88,14.5,False,,0.0,0.38,6.44,550.06,556.88,3
1588,1588,matrixmul,small,warm,200,484.62,483.57,1.05,5.16,478.41,False,,0.0,0.37,4.12,0.66,5.15,4
1589,1589,fastfouriertransform,small,warm,200,180.83,180.82,0.01,4.62,176.2,False,,0.0,3.85,0.0,0.77,4.62,5
1590,1590,genmatrix,small,warm,200,6.36,6.36,0.01,0.12,6.24,False,,0.0,0.02,,0.09,0.12,6
1591,1591,linpack,large,warm,200,14.68,14.67,0.01,5.23,9.44,False,,0.0,0.33,4.09,0.81,5.23,3
1592,1592,linpack,large,warm,200,16.16,16.15,0.01,6.43,9.72,False,,0.0,0.34,5.21,0.87,6.43,3
1593,1593,linpack,large,warm,200,15.04,15.03,0.01,5.42,9.61,False,,0.0,0.38,4.1,0.93,5.42,1
1594,1594,linpack,small,warm,200,14.93,14.92,0.0,5.33,9.6,False,,0.0,0.36,4.1,0.86,5.33,1
1595,1595,matrixmul,medium,warm,200,565.66,564.85,0.81,551.28,13.57,False,,0.0,0.38,4.85,546.04,551.28,1
1596,1596,matrixmul,medium,warm,200,1024.59,1023.15,1.44,551.45,471.7,False,,0.0,0.38,4.2,546.85,551.45,2
1597,1597,linpack,large,warm,200,13.66,13.66,0.0,5.05,8.61,False,,0.0,0.33,3.97,0.74,5.05,3
1598,1598,linpack,small,warm,200,18.0,18.0,0.0,5.13,12.87,False,,0.0,0.35,4.02,0.76,5.13,3
1599,1599,genmatrix,small,warm,200,7.24,7.24,0.0,0.11,7.13,False,,0.0,0.02,,0.09,0.11,3
1600,1600,matrixmul,small,warm,200,640.72,638.64,2.08,5.18,633.46,False,,0.0,0.39,4.13,0.65,5.18,3
1601,1601,genmatrix,medium,warm,200,11.82,10.22,1.6,0.22,10.0,False,,0.0,0.02,,0.2,0.22,3
1602,1602,fastfouriertransform,small,warm,200,19.1,19.1,0.0,4.69,14.41,False,,0.0,3.9,0.0,0.77,4.68,3
1603,1603,fetchdata,medium,warm,200,88.46,88.45,0.01,82.32,6.13,False,82.29,0.0,0.02,0.0,,82.32,3
1604,1604,genmatrix,medium,warm,200,16.31,14.7,1.61,0.22,14.48,False,,0.0,0.03,,0.19,0.22,3
1605,1605,matrixmul,small,warm,200,148.99,147.53,1.45,5.15,142.39,False,,0.0,0.36,4.11,0.67,5.15,3
1606,1606,linpack,medium,warm,200,722.82,722.81,0.0,712.92,9.9,False,,0.0,0.39,5.78,706.74,712.91,4
1607,1607,genmatrix,medium,warm,200,13.6,11.74,1.86,0.27,11.47,False,,0.0,0.03,,0.24,0.27,2
1608,1608,fastfouriertransform,medium,warm,200,713.2,713.2,0.0,695.38,17.82,False,,0.0,3.85,0.0,691.52,695.37,2
1609,1609,matrixmul,medium,warm,200,570.21,568.07,2.14,555.65,12.42,False,,0.0,0.37,4.05,551.23,555.65,3
1610,1610,fastfouriertransform,medium,warm,200,1239.19,1239.18,0.0,725.37,513.82,False,,0.0,3.96,0.0,721.39,725.37,4
1611,1611,fastfouriertransform,large,cold,200,1148.53,1148.53,0.01,4.98,1143.55,False,,0.0,3.99,0.0,0.98,4.98,5
1612,1612,fastfouriertransform,small,cold,200,1055.26,1055.25,0.01,5.06,1050.19,False,,0.0,4.0,0.0,1.05,5.06,6
1613,1613,genmatrix,large,warm,200,40.57,32.16,8.41,0.87,31.28,False,,0.0,0.02,,0.85,0.87,7
1614,1614,fastfouriertransform,large,warm,200,862.44,862.44,0.01,5.02,857.42,False,,0.0,4.07,0.01,0.94,5.02,6
1615,1615,fetchdata,large,warm,200,81.51,81.51,0.01,76.14,5.37,False,76.11,0.0,0.02,0.0,,76.14,6
1616,1616,fetchdata,large,warm,200,81.0,81.0,0.01,75.85,5.15,False,75.82,0.0,0.02,0.0,,75.85,5
1617,1617,fetchdata,large,warm,200,82.51,82.5,0.01,77.07,5.43,False,77.04,0.0,0.02,0.0,,77.07,5
1618,1618,fetchdata,medium,warm,200,90.08,90.08,0.0,81.85,8.23,False,81.81,0.0,0.03,0.0,,81.84,5
1619,1619,linpack,medium,warm,200,698.51,698.51,0.0,686.71,11.8,False,,0.0,0.36,4.04,682.31,686.71,5
1620,1620,matrixmul,small,warm,200,23.24,21.79,1.45,5.44,16.35,False,,0.0,0.47,4.28,0.68,5.43,6
1621,1621,matrixmul,large,warm,200,23.12,21.7,1.42,6.12,15.58,False,,0.0,0.71,4.6,0.8,6.12,6
1622,1622,fetchdata,small,warm,200,81.41,81.41,0.01,75.78,5.63,False,75.75,0.0,0.02,0.0,,75.78,6
1623,1623,matrixmul,medium,warm,200,582.86,581.52,1.33,565.55,15.97,False,,0.0,0.34,4.03,561.17,565.55,2
1624,1624,fastfouriertransform,large,warm,200,17.84,17.83,0.01,4.61,13.22,False,,0.0,3.87,0.0,0.74,4.61,3
1625,1625,linpack,small,warm,200,15.79,15.79,0.0,5.2,10.59,False,,0.0,0.39,4.04,0.76,5.2,3
1626,1626,matrixmul,large,warm,200,295.84,294.16,1.68,5.15,289.01,False,,0.0,0.36,4.13,0.65,5.15,2
1627,1627,matrixmul,medium,warm,200,757.49,755.67,1.82,555.36,200.31,False,,0.0,0.39,4.09,550.88,555.36,3
1628,1628,fastfouriertransform,large,warm,200,18.88,18.88,0.0,4.8,14.08,False,,0.0,3.91,0.0,0.88,4.8,4
1629,1629,fetchdata,small,warm,200,82.19,82.18,0.01,76.52,5.66,False,76.49,0.0,0.02,0.0,,76.52,2
1630,1630,genmatrix,large,warm,200,38.64,30.85,7.79,0.83,30.02,False,,0.0,0.02,,0.8,0.83,2
1631,1631,fastfouriertransform,large,warm,200,20.11,20.1,0.01,4.69,15.41,False,,0.0,3.9,0.0,0.78,4.69,2
1632,1632,fastfouriertransform,large,warm,200,21.02,21.02,0.0,4.96,16.05,False,,0.0,3.98,0.0,0.98,4.96,2
1633,1633,fetchdata,medium,warm,200,91.44,91.43,0.0,85.14,6.29,False,85.11,0.0,0.03,0.0,,85.14,2
1634,1634,genmatrix,small,warm,200,8.12,8.12,0.0,0.14,7.98,False,,0.0,0.03,,0.1,0.13,2
1635,1635,matrixmul,small,warm,200,21.14,19.11,2.04,5.3,13.81,False,,0.0,0.38,4.26,0.65,5.3,1
1636,1636,genmatrix,large,warm,200,39.1,31.56,7.54,0.81,30.75,False,,0.0,0.02,,0.79,0.81,1
1637,1637,matrixmul,large,warm,200,19.9,17.27,2.63,4.96,12.31,False,,0.0,0.34,4.04,0.57,4.96,1
1638,1638,genmatrix,large,warm,200,38.3,30.43,7.86,0.88,29.56,False,,0.0,0.02,,0.85,0.87,1
1639,1639,matrixmul,large,warm,200,24.09,22.15,1.95,5.11,17.04,False,,0.0,0.36,4.11,0.63,5.11,1
1640,1640,matrixmul,large,warm,200,24.58,23.31,1.27,5.98,17.33,False,,0.0,0.46,4.86,0.66,5.98,1
1641,1641,fastfouriertransform,medium,warm,200,765.77,765.77,0.0,745.91,19.86,False,,0.0,3.98,0.0,741.91,745.9,1
1642,1642,genmatrix,medium,warm,200,15.01,13.16,1.86,0.21,12.95,False,,0.0,0.02,,0.18,0.21,2
1643,1643,linpack,small,warm,200,13.2,13.19,0.0,5.12,8.07,False,,0.0,0.33,4.03,0.75,5.12,2
1644,1644,genmatrix,large,warm,200,38.09,32.16,5.92,0.87,31.29,False,,0.0,0.02,,0.84,0.87,2
1645,1645,linpack,small,warm,200,14.55,14.55,0.0,5.38,9.17,False,,0.0,0.35,4.17,0.86,5.38,2
1646,1646,fetchdata,medium,warm,200,84.62,84.61,0.0,78.77,5.85,False,78.74,0.0,0.02,0.0,,78.77,2
1647,1647,fastfouriertransform,small,warm,200,173.4,173.39,0.0,4.88,168.52,False,,0.0,4.0,0.0,0.87,4.88,2
1648,1648,genmatrix,small,warm,200,8.8,8.27,0.54,0.12,8.15,False,,0.0,0.02,,0.09,0.12,3
1649,1649,fetchdata,medium,warm,200,83.31,83.3,0.01,78.17,5.13,False,78.15,0.0,0.02,0.0,,78.17,1
1650,1650,fetchdata,large,warm,200,81.01,81.0,0.0,76.31,4.69,False,76.28,0.0,0.02,0.0,,76.31,1
1651,1651,matrixmul,medium,warm,200,568.84,567.16,1.68,555.0,12.16,False,,0.0,0.35,4.04,550.61,555.0,1
1652,1652,linpack,small,warm,200,13.91,13.91,0.0,5.31,8.6,False,,0.0,0.35,4.09,0.86,5.31,2
1653,1653,linpack,medium,warm,200,736.87,736.86,0.01,727.74,9.12,False,,0.0,0.37,4.22,723.15,727.74,2
1654,1654,matrixmul,small,warm,200,281.26,279.2,2.07,5.0,274.2,False,,0.0,0.34,4.06,0.6,5.0,3
1655,1655,matrixmul,large,warm,200,191.53,190.37,1.16,5.0,185.36,False,,0.0,0.36,4.04,0.59,5.0,4
1656,1656,linpack,large,warm,200,12.95,12.94,0.0,5.06,7.88,False,,0.0,0.33,3.98,0.74,5.06,5
1657,1657,fetchdata,large,warm,200,87.73,87.73,0.01,81.84,5.88,False,81.81,0.0,0.02,0.0,,81.84,2
1658,1658,fetchdata,medium,warm,200,93.06,93.06,0.0,86.76,6.3,False,86.72,0.0,0.02,0.0,,86.76,2
1659,1659,genmatrix,small,warm,200,9.33,9.33,0.01,0.13,9.2,False,,0.0,0.03,,0.1,0.13,2
1660,1660,fetchdata,medium,warm,200,93.2,93.2,0.01,85.0,8.2,False,84.96,0.0,0.03,0.0,,85.0,2
1661,1661,matrixmul,large,warm,200,53.26,18.72,34.54,5.05,13.68,False,,0.0,0.36,4.06,0.62,5.05,1
1662,1662,fastfouriertransform,medium,warm,200,740.73,740.73,0.01,722.95,17.78,False,,0.0,3.91,0.0,719.02,722.94,1
1663,1663,fastfouriertransform,medium,warm,200,1388.1,1388.09,0.01,747.47,640.62,False,,0.0,3.92,0.0,743.54,747.47,2
1664,1664,fetchdata,small,warm,200,85.0,84.99,0.0,78.44,6.55,False,78.42,0.0,0.02,0.0,,78.44,3
1665,1665,matrixmul,large,warm,200,24.87,23.14,1.73,5.76,17.38,False,,0.0,0.4,4.52,0.83,5.76,3
1666,1666,linpack,large,warm,200,15.19,15.18,0.0,5.29,9.9,False,,0.0,0.35,4.09,0.84,5.29,3
1667,1667,matrixmul,medium,warm,200,608.46,598.96,9.5,586.28,12.69,False,,0.0,0.35,5.31,580.6,586.28,3
1668,1668,matrixmul,medium,warm,200,1064.16,1062.57,1.59,554.91,507.66,False,,0.0,0.37,4.12,550.42,554.91,4
1669,1669,matrixmul,medium,warm,200,1532.97,1530.96,2.01,562.43,968.53,False,,0.0,0.74,4.13,557.56,562.43,5
1670,1670,fetchdata,small,warm,200,81.23,81.22,0.01,76.11,5.12,False,76.08,0.0,0.02,0.0,,76.11,5
1671,1671,linpack,small,warm,200,13.31,13.3,0.01,5.08,8.22,False,,0.0,0.34,3.99,0.75,5.08,5
1672,1672,fetchdata,medium,warm,200,96.54,96.53,0.0,88.99,7.55,False,88.94,0.0,0.03,0.0,,88.98,5
1673,1673,fastfouriertransform,medium,warm,200,1113.15,1113.14,0.0,722.95,390.19,False,,0.0,3.9,0.0,719.04,722.94,5
1674,1674,fetchdata,large,warm,200,84.57,84.57,0.01,79.04,5.53,False,79.01,0.0,0.02,0.0,,79.04,5
1675,1675,genmatrix,small,warm,200,6.79,6.79,0.01,0.11,6.67,False,,0.0,0.02,,0.09,0.11,5
1676,1676,matrixmul,large,warm,200,845.11,843.09,2.02,5.03,838.06,False,,0.0,0.34,4.06,0.62,5.03,5
1677,1677,matrixmul,large,warm,200,770.44,769.44,1.0,5.16,764.29,False,,0.0,0.34,4.17,0.65,5.16,5
1678,1678,linpack,small,warm,200,12.6,12.6,0.01,5.07,7.53,False,,0.0,0.33,3.98,0.76,5.07,6
1679,1679,linpack,small,warm,200,13.54,13.53,0.01,5.26,8.28,False,,0.0,0.34,4.14,0.77,5.26,5
1680,1680,genmatrix,large,warm,200,40.37,32.11,8.26,1.0,31.12,False,,0.0,0.03,,0.96,1.0,5
1681,1681,genmatrix,large,warm,200,41.59,34.88,6.71,0.87,34.01,False,,0.0,0.03,,0.83,0.86,5
1682,1682,fastfouriertransform,large,warm,200,221.68,221.67,0.01,4.68,216.99,False,,0.0,3.89,0.0,0.79,4.68,5
1683,1683,matrixmul,large,warm,200,157.67,155.69,1.98,5.2,150.49,False,,0.0,0.51,4.06,0.63,5.2,6
1684,1684,fetchdata,medium,warm,200,82.95,82.95,0.01,76.8,6.15,False,76.77,0.0,0.02,0.0,,76.79,7
1685,1685,fastfouriertransform,large,warm,200,19.49,19.48,0.01,4.72,14.76,False,,0.0,3.93,0.0,0.78,4.72,1
1686,1686,fetchdata,medium,warm,200,94.76,94.76,0.0,87.9,6.86,False,87.86,0.0,0.03,0.0,,87.9,1
1687,1687,fastfouriertransform,medium,warm,200,746.36,746.35,0.01,727.06,19.29,False,,0.0,3.96,0.0,723.09,727.06,1
1688,1688,genmatrix,medium,warm,200,12.61,11.04,1.57,0.24,10.8,False,,0.0,0.03,,0.21,0.24,2
1689,1689,fastfouriertransform,medium,warm,200,1288.73,1288.73,0.0,741.32,547.4,False,,0.0,4.02,0.01,737.28,741.32,2
1690,1690,fastfouriertransform,small,cold,200,1204.84,1204.84,0.01,5.06,1199.78,False,,0.0,3.97,0.0,1.07,5.06,3
1691,1691,fetchdata,large,warm,200,82.45,82.44,0.0,77.26,5.18,False,77.24,0.0,0.02,0.0,,77.26,4
1692,1692,linpack,large,warm,200,14.65,14.65,0.0,5.38,9.27,False,,0.0,0.35,4.17,0.85,5.38,4
1693,1693,genmatrix,large,warm,200,42.33,34.35,7.98,0.84,33.51,False,,0.0,0.02,,0.82,0.84,4
1694,1694,linpack,large,warm,200,16.38,16.38,0.0,6.22,10.16,False,,0.0,0.36,4.06,1.8,6.22,4
1695,1695,matrixmul,small,warm,200,27.76,26.75,1.01,9.02,17.73,False,,0.0,0.35,8.03,0.63,9.02,3
1696,1696,linpack,small,warm,200,12.51,12.51,0.0,5.18,7.33,False,,0.0,0.35,4.02,0.8,5.17,3
1697,1697,fetchdata,small,warm,200,82.18,82.18,0.0,76.9,5.28,False,76.88,0.0,0.02,0.0,,76.9,3
1698,1698,fastfouriertransform,large,warm,200,395.39,395.39,0.0,4.86,390.53,False,,0.0,3.95,0.0,0.9,4.86,3
1699,1699,genmatrix,large,warm,200,38.76,31.65,7.11,0.88,30.77,False,,0.0,0.03,,0.85,0.88,4
1700,1700,genmatrix,large,warm,200,42.73,35.62,7.11,0.8,34.81,False,,0.0,0.02,,0.78,0.8,4
1701,1701,linpack,small,warm,200,15.09,15.08,0.01,5.98,9.1,False,,0.0,0.35,4.63,0.99,5.98,4
1702,1702,genmatrix,large,warm,200,43.09,35.89,7.2,0.89,35.0,False,,0.0,0.03,,0.85,0.89,2
1703,1703,genmatrix,medium,warm,200,17.48,15.52,1.96,0.47,15.05,False,,0.0,0.03,,0.43,0.47,1
1704,1704,linpack,medium,warm,200,709.34,709.34,0.01,701.89,7.44,False,,0.0,0.33,3.98,697.58,701.89,1
1705,1705,linpack,large,warm,200,13.05,13.05,0.0,5.07,7.98,False,,0.0,0.34,3.99,0.73,5.07,2
1706,1706,fastfouriertransform,small,warm,200,17.99,17.99,0.0,4.61,13.38,False,,0.0,3.86,0.0,0.74,4.61,2
1707,1707,matrixmul,small,warm,200,26.38,24.89,1.49,5.12,19.77,False,,0.0,0.38,4.12,0.62,5.12,2
1708,1708,genmatrix,large,warm,200,43.16,34.98,8.18,1.01,33.97,False,,0.0,0.02,,0.98,1.01,2
1709,1709,fetchdata,large,warm,200,87.23,87.22,0.0,81.75,5.47,False,81.72,0.0,0.02,0.0,,81.75,2
1710,1710,fetchdata,small,warm,200,88.18,88.18,0.0,82.75,5.42,False,82.72,0.0,0.02,0.0,,82.75,2
1711,1711,fetchdata,large,warm,200,86.44,86.44,0.01,80.91,5.53,False,80.88,0.0,0.03,0.0,,80.91,2
1712,1712,genmatrix,small,warm,200,6.36,6.36,0.0,0.12,6.24,False,,0.0,0.02,,0.09,0.12,1
1713,1713,matrixmul,medium,warm,200,600.46,598.99,1.47,585.44,13.56,False,,0.0,0.36,4.06,581.01,585.43,1
1714,1714,fetchdata,large,warm,200,88.33,88.32,0.0,79.71,8.61,False,79.69,0.0,0.02,0.0,,79.71,2
1715,1715,genmatrix,large,warm,200,44.92,38.02,6.9,0.92,37.1,False,,0.0,0.03,,0.88,0.92,2
1716,1716,matrixmul,medium,warm,200,875.61,873.87,1.74,566.61,307.25,False,,0.0,0.36,4.2,562.05,566.61,2
1717,1717,matrixmul,small,warm,200,786.4,784.24,2.16,5.74,778.5,False,,0.0,0.51,4.6,0.62,5.74,3
1718,1718,fastfouriertransform,medium,warm,200,755.47,755.46,0.01,741.49,13.97,False,,0.0,3.85,0.0,737.63,741.49,4
1719,1719,linpack,large,warm,200,13.38,13.38,0.01,5.12,8.26,False,,0.0,0.38,3.99,0.74,5.12,4
1720,1720,genmatrix,large,warm,200,41.29,33.17,8.12,0.84,32.34,False,,0.0,0.03,,0.81,0.84,4
1721,1721,genmatrix,medium,warm,200,12.36,10.53,1.83,0.23,10.3,False,,0.0,0.03,,0.2,0.23,4
1722,1722,matrixmul,medium,warm,200,871.43,869.48,1.95,577.36,292.12,False,,0.0,0.35,4.07,572.93,577.36,4
1723,1723,linpack,small,warm,200,12.36,12.35,0.0,5.14,7.21,False,,0.0,0.35,4.03,0.76,5.14,5
1724,1724,fastfouriertransform,large,warm,200,161.69,161.69,0.0,4.7,156.99,False,,0.0,3.9,0.0,0.8,4.7,5
1725,1725,matrixmul,large,warm,200,583.81,581.83,1.98,5.02,576.81,False,,0.0,0.35,4.03,0.63,5.02,4
1726,1726,genmatrix,small,warm,200,8.22,7.45,0.77,0.11,7.34,False,,0.0,0.02,,0.09,0.11,3
1727,1727,linpack,medium,warm,200,686.75,686.75,0.0,676.26,10.49,False,,0.0,0.35,4.02,671.89,676.26,3
1728,1728,fetchdata,medium,warm,200,88.52,88.51,0.0,83.25,5.26,False,83.22,0.0,0.02,0.0,,83.25,4
1729,1729,fetchdata,medium,warm,200,85.76,85.75,0.0,80.96,4.8,False,80.93,0.0,0.02,0.0,,80.96,4
1730,1730,genmatrix,medium,warm,200,11.46,9.53,1.93,0.2,9.33,False,,0.0,0.02,,0.18,0.2,4
1731,1731,genmatrix,medium,warm,200,10.26,8.67,1.59,0.2,8.47,False,,0.0,0.02,,0.18,0.2,2
1732,1732,linpack,large,warm,200,12.0,11.99,0.0,5.16,6.84,False,,0.0,0.33,4.08,0.74,5.15,2
1733,1733,fetchdata,large,warm,200,86.32,86.31,0.01,79.72,6.59,False,79.69,0.0,0.03,0.0,,79.72,2
1734,1734,matrixmul,medium,warm,200,606.59,606.59,0.0,578.84,27.75,False,,0.0,0.38,4.23,574.22,578.84,1
1735,1735,fastfouriertransform,small,warm,200,20.55,20.54,0.01,5.62,14.92,False,,0.0,3.98,0.01,1.63,5.62,2
1736,1736,fastfouriertransform,large,warm,200,18.37,18.37,0.0,4.7,13.67,False,,0.0,3.91,0.0,0.78,4.7,2
1737,1737,matrixmul,small,warm,200,311.94,310.55,1.39,5.54,305.01,False,,0.0,0.47,4.34,0.73,5.54,2
1738,1738,fastfouriertransform,small,warm,200,18.14,18.13,0.01,4.81,13.32,False,,0.0,4.01,0.0,0.79,4.81,3
1739,1739,matrixmul,medium,warm,200,670.29,668.24,2.05,552.25,116.0,False,,0.0,0.4,4.3,547.55,552.24,3
1740,1740,fastfouriertransform,medium,warm,200,760.9,760.9,0.0,744.95,15.94,False,,0.0,4.28,0.01,740.66,744.95,4
1741,1741,fetchdata,large,warm,200,89.39,89.39,0.01,83.97,5.41,False,83.94,0.0,0.03,0.0,,83.97,3
1742,1742,fetchdata,large,warm,200,81.4,81.4,0.01,76.56,4.83,False,76.54,0.0,0.02,0.0,,76.56,3
1743,1743,genmatrix,small,warm,200,5.88,5.25,0.64,0.1,5.14,False,,0.0,0.02,,0.08,0.1,3
1744,1744,genmatrix,small,warm,200,6.08,5.45,0.63,0.11,5.34,False,,0.0,0.02,,0.08,0.11,3
1745,1745,genmatrix,medium,warm,200,10.94,8.96,1.99,0.2,8.75,False,,0.0,0.02,,0.18,0.2,3
1746,1746,fastfouriertransform,medium,warm,200,925.09,925.09,0.0,762.03,163.06,False,,0.0,3.93,0.0,758.09,762.03,2
1747,1747,fetchdata,small,warm,200,86.48,86.48,0.01,79.81,6.67,False,79.78,0.0,0.02,0.0,,79.81,3
1748,1748,matrixmul,large,warm,200,19.27,17.35,1.92,5.07,12.28,False,,0.0,0.35,4.06,0.66,5.07,2
1749,1749,genmatrix,large,warm,200,41.9,35.14,6.75,0.89,34.25,False,,0.0,0.02,,0.86,0.89,2
1750,1750,fetchdata,medium,warm,200,86.07,86.06,0.01,81.16,4.9,False,81.13,0.0,0.02,0.0,,81.16,2
1751,1751,fastfouriertransform,large,warm,200,433.69,433.68,0.0,4.92,428.76,False,,0.0,3.97,0.01,0.94,4.92,2
1752,1752,fastfouriertransform,small,warm,200,342.76,342.76,0.0,6.19,336.56,False,,0.0,5.23,0.01,0.95,6.19,3
1753,1753,fetchdata,medium,warm,200,91.17,91.16,0.01,81.52,9.64,False,81.49,0.0,0.02,0.0,,81.52,4
1754,1754,fastfouriertransform,small,warm,200,150.4,150.4,0.0,5.65,144.75,False,,0.0,4.55,0.01,1.09,5.65,4
1755,1755,linpack,small,warm,200,14.03,14.03,0.01,5.25,8.78,False,,0.0,0.37,4.05,0.82,5.25,5
1756,1756,linpack,large,warm,200,17.06,17.06,0.01,8.28,8.77,False,,0.0,0.36,4.02,3.89,8.28,1
1757,1757,matrixmul,small,warm,200,19.31,17.22,2.09,5.08,12.14,False,,0.0,0.36,4.13,0.59,5.08,1
1758,1758,fastfouriertransform,large,warm,200,17.72,17.71,0.0,4.76,12.95,False,,0.0,3.96,0.0,0.79,4.76,1
1759,1759,genmatrix,small,warm,200,6.11,5.5,0.6,0.11,5.4,False,,0.0,0.02,,0.08,0.11,1
1760,1760,matrixmul,large,warm,200,21.6,19.85,1.75,4.98,14.87,False,,0.0,0.35,4.03,0.59,4.98,1
1761,1761,fetchdata,medium,warm,200,92.15,92.14,0.01,86.43,5.72,False,86.39,0.0,0.03,0.0,,86.42,1
1762,1762,fastfouriertransform,small,warm,200,19.09,19.08,0.01,5.49,13.59,False,,0.0,4.59,0.01,0.89,5.49,1
1763,1763,matrixmul,small,warm,200,19.09,17.01,2.08,5.12,11.89,False,,0.0,0.35,4.17,0.6,5.12,1
1764,1764,fastfouriertransform,small,warm,200,19.05,19.04,0.0,4.82,14.22,False,,0.0,3.99,0.0,0.83,4.82,1
1765,1765,genmatrix,medium,warm,200,11.37,9.5,1.87,0.21,9.29,False,,0.0,0.02,,0.19,0.21,1
1766,1766,genmatrix,small,warm,200,6.69,6.69,0.01,0.11,6.58,False,,0.0,0.02,,0.09,0.11,1
1767,1767,matrixmul,small,warm,200,25.8,24.24,1.57,5.53,18.7,False,,0.0,0.38,4.41,0.74,5.53,1
1768,1768,fetchdata,small,warm,200,83.14,83.14,0.01,77.97,5.17,False,77.94,0.0,0.02,0.0,,77.97,1
1769,1769,linpack,large,warm,200,12.65,12.65,0.0,5.04,7.61,False,,0.0,0.33,3.97,0.73,5.04,1
1770,1770,fastfouriertransform,large,warm,200,18.11,18.1,0.01,4.71,13.39,False,,0.0,3.93,0.0,0.77,4.71,1
1771,1771,fetchdata,medium,warm,200,82.89,82.89,0.0,77.08,5.81,False,77.05,0.0,0.02,0.0,,77.08,1
1772,1772,genmatrix,large,warm,200,40.01,30.82,9.19,0.85,29.97,False,,0.0,0.03,,0.82,0.85,1
1773,1773,fetchdata,large,warm,200,93.62,93.61,0.0,85.51,8.11,False,85.47,0.0,0.03,0.0,,85.51,1
1774,1774,fetchdata,medium,warm,200,82.6,82.59,0.0,77.72,4.87,False,77.69,0.0,0.03,0.0,,77.72,1
1775,1775,linpack,large,warm,200,13.46,13.45,0.0,5.35,8.1,False,,0.0,0.38,4.11,0.85,5.35,1
1776,1776,matrixmul,small,warm,200,18.82,17.15,1.68,5.03,12.12,False,,0.0,0.36,4.05,0.62,5.03,1
1777,1777,fastfouriertransform,small,warm,200,17.7,17.69,0.0,4.72,12.97,False,,0.0,3.91,0.0,0.81,4.72,1
1778,1778,fetchdata,small,warm,200,89.91,89.91,0.0,82.66,7.24,False,82.63,0.0,0.02,0.0,,82.66,1
1779,1779,linpack,large,warm,200,14.92,14.92,0.0,6.8,8.12,False,,0.0,0.35,4.12,2.32,6.8,1
1780,1780,matrixmul,medium,warm,200,582.36,580.6,1.76,567.2,13.4,False,,0.0,0.36,4.09,562.75,567.2,1
1781,1781,matrixmul,medium,warm,200,1036.57,1034.33,2.24,545.67,488.67,False,,0.0,0.37,4.15,541.14,545.66,2
1782,1782,fetchdata,small,warm,200,86.9,86.89,0.0,82.01,4.89,False,81.98,0.0,0.02,0.0,,82.01,3
1783,1783,genmatrix,large,warm,200,36.99,30.46,6.53,0.8,29.66,False,,0.0,0.02,,0.78,0.8,3
1784,1784,fastfouriertransform,small,warm,200,21.41,21.4,0.01,4.7,16.7,False,,0.0,3.93,0.0,0.76,4.7,3
1785,1785,linpack,large,warm,200,16.71,16.71,0.0,6.7,10.01,False,,0.0,0.38,5.53,0.78,6.7,3
1786,1786,linpack,large,warm,200,14.43,14.42,0.01,5.22,9.2,False,,0.0,0.36,4.09,0.76,5.22,2
1787,1787,linpack,medium,warm,200,679.64,679.63,0.0,671.88,7.75,False,,0.0,0.33,4.0,667.55,671.88,2
1788,1788,fastfouriertransform,large,warm,200,17.83,17.82,0.0,4.7,13.13,False,,0.0,3.91,0.0,0.78,4.7,3
1789,1789,genmatrix,small,warm,200,6.26,5.61,0.65,0.11,5.5,False,,0.0,0.02,,0.09,0.11,3
1790,1790,linpack,large,warm,200,13.53,13.53,0.0,5.3,8.23,False,,0.0,0.35,4.15,0.78,5.3,3
1791,1791,linpack,small,warm,200,26.59,26.58,0.01,6.84,19.75,False,,0.0,0.4,5.53,0.89,6.84,3
1792,1792,matrixmul,medium,warm,200,572.58,570.52,2.07,557.11,13.41,False,,0.0,0.38,4.16,552.56,557.11,2
1793,1793,fastfouriertransform,small,warm,200,19.03,19.02,0.0,5.05,13.97,False,,0.0,3.98,0.0,1.05,5.05,3
1794,1794,matrixmul,medium,warm,200,936.04,934.38,1.66,557.66,376.72,False,,0.0,0.34,4.03,553.29,557.66,2
1795,1795,fastfouriertransform,small,warm,200,17.86,17.85,0.01,4.78,13.07,False,,0.0,3.9,0.0,0.87,4.78,3
1796,1796,matrixmul,large,warm,200,747.61,746.21,1.39,4.99,741.22,False,,0.0,0.33,4.05,0.6,4.99,3
1797,1797,linpack,small,warm,200,13.8,13.79,0.0,5.07,8.72,False,,0.0,0.33,3.98,0.75,5.07,4
1798,1798,linpack,small,warm,200,17.03,17.02,0.0,5.77,11.26,False,,0.0,0.4,4.43,0.92,5.76,3
1799,1799,genmatrix,medium,warm,200,13.7,11.57,2.13,0.22,11.35,False,,0.0,0.02,,0.2,0.22,3
1800,1800,fetchdata,medium,warm,200,83.53,83.52,0.01,76.61,6.9,False,76.58,0.0,0.02,0.0,,76.61,3
1801,1801,linpack,medium,warm,200,743.44,743.44,0.01,732.43,11.01,False,,0.0,0.34,4.0,728.08,732.43,3
1802,1802,genmatrix,large,warm,200,37.67,30.89,6.78,0.81,30.08,False,,0.0,0.02,,0.78,0.81,4
1803,1803,fetchdata,medium,warm,200,84.32,84.32,0.01,78.26,6.05,False,78.22,0.0,0.02,0.0,,78.26,4
1804,1804,fastfouriertransform,small,warm,200,19.09,19.08,0.0,4.95,14.14,False,,0.0,4.11,0.0,0.83,4.95,2
1805,1805,linpack,small,warm,200,348.41,348.41,0.0,5.25,343.15,False,,0.0,0.34,4.13,0.78,5.25,2
1806,1806,fastfouriertransform,medium,warm,200,748.63,748.62,0.0,735.17,13.45,False,,0.0,4.06,0.01,731.1,735.17,3
1807,1807,fetchdata,small,warm,200,81.71,81.71,0.01,76.69,5.02,False,76.66,0.0,0.02,0.0,,76.69,4
1808,1808,fastfouriertransform,medium,warm,200,1275.87,1275.87,0.01,724.32,551.55,False,,0.0,3.96,0.0,720.34,724.32,4
1809,1809,linpack,medium,warm,200,705.75,705.75,0.01,698.13,7.61,False,,0.0,0.33,4.01,693.78,698.13,3
1810,1810,linpack,medium,warm,200,1317.83,1317.83,0.01,710.16,607.67,False,,0.0,0.35,4.07,705.74,710.16,4
1811,1811,matrixmul,large,warm,200,21.27,19.09,2.18,4.99,14.1,False,,0.0,0.35,4.05,0.58,4.99,5
1812,1812,matrixmul,small,warm,200,20.13,18.31,1.82,5.27,13.03,False,,0.0,0.38,4.16,0.74,5.27,5
1813,1813,linpack,large,cold,200,1031.78,1031.77,0.01,5.12,1026.65,False,,0.0,0.33,4.05,0.74,5.12,5
1814,1814,linpack,small,warm,200,936.87,936.87,0.01,5.12,931.75,False,,0.0,0.34,4.04,0.73,5.12,5
1815,1815,genmatrix,small,warm,200,6.31,5.82,0.49,0.11,5.71,False,,0.0,0.02,,0.09,0.11,6
1816,1816,genmatrix,small,warm,200,6.9,5.72,1.18,0.11,5.61,False,,0.0,0.02,,0.09,0.11,6
1817,1817,linpack,small,warm,200,624.04,624.03,0.0,5.07,618.97,False,,0.0,0.34,4.0,0.73,5.07,5
1818,1818,fetchdata,large,warm,200,86.55,86.54,0.0,80.21,6.34,False,80.17,0.0,0.02,0.0,,80.2,6
1819,1819,genmatrix,medium,warm,200,11.42,9.6,1.82,0.25,9.35,False,,0.0,0.03,,0.21,0.25,6
1820,1820,linpack,large,warm,200,343.23,343.22,0.0,5.03,338.19,False,,0.0,0.33,3.97,0.72,5.03,6
1821,1821,fastfouriertransform,medium,warm,200,734.27,734.26,0.0,717.14,17.13,False,,0.0,4.02,0.01,713.11,717.13,6
1822,1822,matrixmul,large,warm,200,18.23,16.77,1.46,5.06,11.71,False,,0.0,0.34,4.03,0.68,5.06,7
1823,1823,fetchdata,small,warm,200,83.09,83.08,0.0,77.97,5.11,False,77.95,0.0,0.02,0.0,,77.97,7
1824,1824,fetchdata,small,warm,200,98.85,98.85,0.01,88.51,10.33,False,88.48,0.0,0.03,0.0,,88.51,2
1825,1825,matrixmul,small,warm,200,22.18,20.37,1.81,6.65,13.72,False,,0.0,0.36,5.56,0.72,6.65,2
1826,1826,matrixmul,large,warm,200,22.88,21.05,1.83,6.83,14.22,False,,0.0,0.35,5.69,0.78,6.83,2
1827,1827,linpack,small,warm,200,12.55,12.55,0.01,5.15,7.39,False,,0.0,0.35,4.03,0.77,5.15,2
1828,1828,genmatrix,large,warm,200,37.15,29.85,7.3,0.81,29.05,False,,0.0,0.02,,0.78,0.81,2
1829,1829,fetchdata,small,warm,200,80.05,80.04,0.0,75.46,4.58,False,75.43,0.0,0.02,0.0,,75.46,1
1830,1830,fastfouriertransform,large,warm,200,18.24,18.24,0.0,4.68,13.56,False,,0.0,3.89,0.0,0.78,4.68,1
1831,1831,fetchdata,large,warm,200,89.39,89.39,0.0,82.19,7.19,False,82.15,0.0,0.03,0.0,,82.19,1
1832,1832,fastfouriertransform,small,warm,200,25.92,25.92,0.01,4.67,21.25,False,,0.0,3.89,0.0,0.77,4.67,1
1833,1833,matrixmul,medium,warm,200,580.35,578.28,2.08,564.46,13.81,False,,0.0,0.38,4.24,559.83,564.46,1
1834,1834,linpack,large,warm,200,14.91,14.91,0.0,5.26,9.64,False,,0.0,0.4,4.08,0.77,5.26,2
1835,1835,genmatrix,small,warm,200,6.36,5.42,0.93,0.11,5.31,False,,0.0,0.02,,0.09,0.11,2
1836,1836,genmatrix,small,warm,200,5.44,5.38,0.06,0.11,5.28,False,,0.0,0.02,,0.08,0.11,2
1837,1837,genmatrix,large,warm,200,41.85,33.59,8.26,0.81,32.78,False,,0.0,0.02,,0.79,0.81,2
1838,1838,fastfouriertransform,small,warm,200,22.08,22.08,0.01,5.53,16.55,False,,0.0,4.62,0.0,0.89,5.52,2
1839,1839,genmatrix,medium,warm,200,13.13,11.05,2.08,0.93,10.11,False,,0.0,0.02,,0.9,0.93,1
1840,1840,genmatrix,large,warm,200,42.53,35.49,7.03,1.36,34.13,False,,0.0,0.03,,1.33,1.36,1
1841,1841,fastfouriertransform,medium,warm,200,761.52,761.52,0.01,744.16,17.35,False,,0.0,3.88,0.0,740.28,744.16,1
1842,1842,linpack,large,warm,200,12.0,11.99,0.0,5.12,6.87,False,,0.0,0.35,4.01,0.76,5.12,2
1843,1843,fastfouriertransform,medium,warm,200,1276.36,1276.36,0.01,715.88,560.47,False,,0.0,3.89,0.0,711.99,715.88,2
1844,1844,matrixmul,large,warm,200,24.86,22.75,2.11,5.29,17.46,False,,0.0,0.35,4.26,0.67,5.29,3
1845,1845,genmatrix,small,warm,200,9.35,9.34,0.0,0.17,9.17,False,,0.0,0.04,,0.12,0.17,3
1846,1846,matrixmul,large,warm,200,23.39,22.03,1.36,8.38,13.64,False,,0.0,0.38,7.37,0.63,8.38,3
1847,1847,fetchdata,medium,warm,200,128.01,128.01,0.01,123.23,4.78,False,123.2,0.0,0.02,0.0,,123.23,3
1848,1848,fetchdata,medium,warm,200,105.78,105.78,0.0,75.3,30.48,False,75.25,0.0,0.02,0.0,,75.3,4
1849,1849,fastfouriertransform,large,warm,200,683.39,683.38,0.01,4.66,678.72,False,,0.0,3.86,0.0,0.8,4.66,3
1850,1850,fastfouriertransform,small,warm,200,592.49,592.48,0.01,4.67,587.81,False,,0.0,3.89,0.0,0.78,4.67,3
1851,1851,linpack,small,warm,200,15.3,15.29,0.01,5.38,9.92,False,,0.0,0.4,4.16,0.81,5.38,4
1852,1852,fastfouriertransform,small,warm,200,396.9,396.9,0.01,4.66,392.24,False,,0.0,3.89,0.0,0.76,4.66,4
1853,1853,fetchdata,small,warm,200,87.78,87.78,0.01,81.98,5.8,False,81.95,0.0,0.02,0.0,,81.98,5
1854,1854,matrixmul,medium,warm,200,582.67,580.71,1.96,568.11,12.6,False,,0.0,0.35,4.09,563.66,568.11,5
1855,1855,matrixmul,small,warm,200,498.55,496.61,1.94,5.3,491.31,False,,0.0,0.36,4.23,0.7,5.3,6
1856,1856,fetchdata,small,warm,200,87.32,87.32,0.01,81.55,5.77,False,81.51,0.0,0.02,0.0,,81.55,3
1857,1857,linpack,large,warm,200,14.88,14.87,0.0,5.51,9.37,False,,0.0,0.35,4.0,1.15,5.51,3
1858,1858,matrixmul,small,warm,200,212.7,211.29,1.41,5.36,205.92,False,,0.0,0.49,4.18,0.69,5.36,3
1859,1859,genmatrix,small,warm,200,8.86,8.12,0.75,0.15,7.97,False,,0.0,0.03,,0.11,0.14,4
1860,1860,matrixmul,large,warm,200,25.18,23.27,1.91,5.31,17.95,False,,0.0,0.37,4.2,0.74,5.31,2
1861,1861,genmatrix,medium,warm,200,10.81,9.19,1.62,0.21,8.98,False,,0.0,0.02,,0.18,0.21,1
1862,1862,fastfouriertransform,large,warm,200,17.47,17.47,0.01,4.59,12.87,False,,0.0,3.86,0.0,0.73,4.59,1
1863,1863,genmatrix,small,warm,200,5.61,4.92,0.68,0.11,4.81,False,,0.0,0.02,,0.08,0.11,1
1864,1864,linpack,large,warm,200,17.55,17.54,0.0,5.52,12.02,False,,0.0,0.34,4.22,0.95,5.52,1
1865,1865,fastfouriertransform,small,warm,200,20.26,20.25,0.01,5.36,14.89,False,,0.0,4.26,0.01,1.08,5.35,1
1866,1866,fetchdata,large,warm,200,89.43,89.42,0.01,84.03,5.4,False,83.99,0.0,0.03,0.0,,84.03,1
1867,1867,fastfouriertransform,medium,warm,200,762.98,762.98,0.01,747.04,15.94,False,,0.0,3.93,0.0,743.1,747.03,1
1868,1868,fastfouriertransform,medium,warm,200,1398.9,1398.89,0.01,732.76,666.13,False,,0.0,3.96,0.0,728.79,732.76,2
1869,1869,genmatrix,medium,warm,200,11.14,9.34,1.8,0.22,9.12,False,,0.0,0.02,,0.19,0.22,3
1870,1870,genmatrix,small,warm,200,8.99,8.85,0.14,0.14,8.71,False,,0.0,0.03,,0.11,0.14,3
1871,1871,linpack,medium,warm,200,712.71,712.71,0.01,700.39,12.32,False,,0.0,0.38,4.05,695.95,700.39,3
1872,1872,fastfouriertransform,medium,cold,200,1741.21,1741.2,0.0,740.22,1000.99,False,,0.0,4.2,0.01,736.0,740.21,4
1873,1873,fetchdata,medium,warm,200,85.89,85.88,0.01,81.18,4.7,False,81.16,0.0,0.02,0.0,,81.18,5
1874,1874,linpack,medium,warm,200,1124.9,1124.89,0.01,708.33,416.56,False,,0.0,0.34,4.01,703.97,708.33,5
1875,1875,linpack,small,cold,200,1031.21,1031.21,0.0,5.57,1025.64,False,,0.0,0.42,4.21,0.93,5.56,5
1876,1876,matrixmul,medium,warm,200,579.26,577.57,1.69,564.38,13.18,False,,0.0,0.34,4.04,560.0,564.38,6
1877,1877,linpack,medium,warm,200,1524.51,1524.51,0.01,691.03,833.47,False,,0.0,0.42,4.15,686.45,691.03,7
1878,1878,fetchdata,large,warm,200,92.46,92.46,0.01,85.17,7.29,False,85.14,0.0,0.02,0.0,,85.17,8
1879,1879,linpack,small,cold,200,1332.63,1332.63,0.01,5.22,1327.41,False,,0.0,0.37,4.05,0.8,5.22,7
1880,1880,fetchdata,small,warm,200,82.62,82.61,0.01,77.62,4.99,False,77.59,0.0,0.02,0.0,,77.62,8
1881,1881,matrixmul,small,warm,200,91.35,90.17,1.18,5.01,85.16,False,,0.0,0.35,4.05,0.61,5.01,8
1882,1882,fetchdata,large,warm,200,81.86,81.86,0.01,76.67,5.19,False,76.64,0.0,0.02,0.0,,76.67,6
1883,1883,genmatrix,large,warm,200,38.05,31.41,6.64,0.84,30.57,False,,0.0,0.02,,0.81,0.84,6
1884,1884,fastfouriertransform,medium,warm,200,1282.94,1282.93,0.01,739.32,543.61,False,,0.0,4.04,0.0,735.27,739.32,6
1885,1885,fastfouriertransform,large,cold,200,1190.14,1190.13,0.0,4.73,1185.4,False,,0.0,3.92,0.0,0.81,4.73,7
1886,1886,matrixmul,large,warm,200,26.99,25.71,1.28,9.26,16.45,False,,0.0,0.37,8.14,0.75,9.26,6
1887,1887,genmatrix,small,warm,200,7.66,7.51,0.15,0.12,7.39,False,,0.0,0.02,,0.09,0.12,6
1888,1888,fetchdata,large,warm,200,79.7,79.69,0.01,75.36,4.33,False,75.33,0.0,0.02,0.0,,75.36,6
1889,1889,fetchdata,medium,warm,200,80.44,80.44,0.01,76.24,4.19,False,76.22,0.0,0.02,0.0,,76.24,6
1890,1890,matrixmul,small,warm,200,17.94,16.25,1.69,5.0,11.26,False,,0.0,0.34,4.06,0.59,4.99,5
1891,1891,fetchdata,large,warm,200,83.98,83.96,0.01,78.27,5.7,False,78.24,0.0,0.02,0.0,,78.26,5
1892,1892,genmatrix,small,warm,200,8.11,7.09,1.02,0.11,6.98,False,,0.0,0.02,,0.09,0.11,5
1893,1893,fastfouriertransform,small,warm,200,396.39,396.38,0.01,4.7,391.68,False,,0.0,3.88,0.0,0.81,4.7,3
1894,1894,linpack,medium,warm,200,721.99,721.98,0.01,714.28,7.71,False,,0.0,0.39,4.13,709.75,714.27,4
1895,1895,genmatrix,medium,warm,200,16.18,13.86,2.32,0.22,13.65,False,,0.0,0.02,,0.19,0.22,5
1896,1896,fastfouriertransform,large,warm,200,107.05,107.04,0.01,4.8,102.24,False,,0.0,3.91,0.0,0.88,4.8,5
1897,1897,fastfouriertransform,large,warm,200,19.41,19.4,0.01,4.72,14.68,False,,0.0,3.94,0.0,0.77,4.72,3
1898,1898,fetchdata,large,warm,200,82.52,82.51,0.01,76.51,6.0,False,76.48,0.0,0.02,0.0,,76.51,2
1899,1899,matrixmul,small,warm,200,22.24,20.18,2.06,5.01,15.17,False,,0.0,0.36,4.06,0.59,5.01,2
1900,1900,linpack,large,warm,200,128.57,128.57,0.01,5.37,123.19,False,,0.0,0.39,4.12,0.86,5.37,2
1901,1901,fastfouriertransform,medium,warm,200,760.25,760.24,0.01,743.29,16.95,False,,0.0,3.98,0.0,739.3,743.29,3
1902,1902,fetchdata,small,warm,200,82.84,82.84,0.01,77.16,5.68,False,77.12,0.0,0.02,0.0,,77.15,2
1903,1903,genmatrix,medium,warm,200,11.45,9.53,1.91,0.21,9.32,False,,0.0,0.02,,0.19,0.21,2
1904,1904,genmatrix,medium,warm,200,10.92,8.58,2.34,0.21,8.37,False,,0.0,0.02,,0.18,0.21,2
1905,1905,genmatrix,medium,warm,200,15.14,13.27,1.87,0.21,13.06,False,,0.0,0.02,,0.18,0.21,2
1906,1906,matrixmul,medium,warm,200,576.01,574.0,2.01,555.88,18.12,False,,0.0,0.38,4.17,551.33,555.88,2
1907,1907,fetchdata,small,warm,200,89.15,89.14,0.01,83.25,5.89,False,83.22,0.0,0.02,0.0,,83.25,3
1908,1908,fetchdata,small,warm,200,79.59,79.59,0.0,75.64,3.95,False,75.61,0.0,0.02,0.0,,75.64,3
1909,1909,linpack,small,warm,200,12.3,12.3,0.0,5.16,7.14,False,,0.0,0.37,4.03,0.76,5.16,2
1910,1910,fetchdata,small,warm,200,80.7,80.69,0.01,75.98,4.71,False,75.95,0.0,0.02,0.0,,75.98,2
1911,1911,fetchdata,medium,warm,200,82.1,82.1,0.01,76.15,5.95,False,76.12,0.0,0.02,0.0,,76.14,2
1912,1912,matrixmul,medium,warm,200,588.0,586.22,1.78,573.87,12.34,False,,0.0,0.37,4.09,569.41,573.87,1
1913,1913,matrixmul,small,warm,200,499.97,498.2,1.76,4.92,493.28,False,,0.0,0.34,4.01,0.57,4.92,2
1914,1914,linpack,medium,warm,200,722.63,722.63,0.01,713.25,9.37,False,,0.0,0.37,5.08,707.8,713.25,3
1915,1915,fetchdata,medium,warm,200,86.48,86.47,0.01,81.6,4.88,False,81.57,0.0,0.02,0.0,,81.59,4
1916,1916,genmatrix,medium,warm,200,10.88,9.51,1.37,0.21,9.3,False,,0.0,0.02,,0.18,0.21,4
1917,1917,genmatrix,small,warm,200,6.22,6.21,0.0,0.11,6.1,False,,0.0,0.02,,0.09,0.11,4
1918,1918,fastfouriertransform,small,warm,200,17.92,17.91,0.01,4.63,13.28,False,,0.0,3.88,0.0,0.74,4.62,2
1919,1919,genmatrix,large,warm,200,40.06,32.75,7.32,0.91,31.83,False,,0.0,0.02,,0.89,0.91,2
1920,1920,linpack,small,warm,200,129.89,129.88,0.01,5.15,124.73,False,,0.0,0.34,4.0,0.8,5.15,2
1921,1921,fetchdata,medium,warm,200,89.93,89.93,0.01,84.38,5.55,False,84.34,0.0,0.03,0.0,,84.37,3
1922,1922,fetchdata,small,warm,200,85.08,85.07,0.01,79.43,5.64,False,79.39,0.0,0.02,0.0,,79.42,1
1923,1923,fetchdata,medium,warm,200,86.68,86.67,0.01,81.37,5.3,False,81.34,0.0,0.02,0.0,,81.37,1
1924,1924,matrixmul,large,warm,200,66.07,17.32,48.75,5.03,12.3,False,,0.0,0.36,4.05,0.61,5.02,1
1925,1925,fastfouriertransform,large,warm,200,32.56,32.55,0.01,5.03,27.52,False,,0.0,3.98,0.0,1.04,5.03,1
1926,1926,genmatrix,medium,warm,200,18.72,16.62,2.1,0.26,16.36,False,,0.0,0.04,,0.21,0.25,1
1927,1927,fetchdata,small,warm,200,88.06,88.05,0.01,82.49,5.57,False,82.45,0.0,0.02,0.0,,82.48,1
1928,1928,matrixmul,medium,warm,200,574.04,572.11,1.93,558.5,13.61,False,,0.0,0.4,4.79,553.3,558.5,1
1929,1929,linpack,large,warm,200,13.43,13.43,0.01,5.59,7.84,False,,0.0,0.37,4.25,0.96,5.59,2
1930,1930,linpack,small,warm,200,11.71,11.7,0.01,5.07,6.63,False,,0.0,0.34,3.99,0.73,5.07,2
1931,1931,fastfouriertransform,medium,warm,200,751.81,751.8,0.01,737.86,13.94,False,,0.0,3.88,0.0,733.97,737.86,2
1932,1932,fastfouriertransform,small,warm,200,660.59,660.58,0.01,4.73,655.86,False,,0.0,3.92,0.0,0.8,4.73,3
1933,1933,fastfouriertransform,small,warm,200,568.24,568.23,0.01,4.73,563.5,False,,0.0,3.93,0.0,0.8,4.73,4
1934,1934,fastfouriertransform,small,warm,200,472.55,472.54,0.01,4.75,467.79,False,,0.0,3.91,0.0,0.82,4.75,4
1935,1935,fetchdata,small,warm,200,82.09,82.09,0.0,76.78,5.31,False,76.74,0.0,0.02,0.0,,76.78,5
1936,1936,matrixmul,medium,warm,200,570.02,568.37,1.65,556.31,12.06,False,,0.0,0.36,4.05,551.9,556.31,5
1937,1937,fastfouriertransform,large,warm,200,180.25,180.24,0.0,4.72,175.53,False,,0.0,3.89,0.0,0.81,4.71,6
1938,1938,linpack,medium,warm,200,732.08,732.08,0.01,722.99,9.09,False,,0.0,0.35,5.37,717.27,722.99,7
1939,1939,fastfouriertransform,small,warm,200,28.28,28.27,0.01,9.3,18.97,False,,0.0,8.13,0.01,1.16,9.3,3
1940,1940,fastfouriertransform,small,warm,200,21.57,21.56,0.01,6.6,14.96,False,,0.0,4.33,0.0,2.26,6.6,3
1941,1941,matrixmul,small,warm,200,81.23,79.79,1.44,5.24,74.56,False,,0.0,0.4,4.17,0.66,5.24,3
1942,1942,fastfouriertransform,medium,warm,200,738.14,738.13,0.02,723.52,14.61,False,,0.0,3.91,0.0,719.6,723.52,2
1943,1943,fastfouriertransform,small,warm,200,645.31,645.31,0.0,4.79,640.52,False,,0.0,3.91,0.0,0.87,4.79,3
1944,1944,matrixmul,small,warm,200,18.0,16.25,1.75,4.97,11.27,False,,0.0,0.37,4.04,0.56,4.97,4
1945,1945,fetchdata,large,warm,200,90.97,90.96,0.02,82.83,8.13,False,82.79,0.0,0.02,0.0,,82.83,4
1946,1946,matrixmul,large,warm,200,19.98,18.44,1.53,5.0,13.44,False,,0.0,0.36,4.06,0.59,5.0,3
1947,1947,matrixmul,medium,warm,200,571.48,569.42,2.06,555.26,14.17,False,,0.0,0.36,4.19,550.7,555.25,3
1948,1948,fastfouriertransform,medium,warm,200,904.89,904.88,0.02,757.46,147.42,False,,0.0,3.91,0.0,753.53,757.46,4
1949,1949,matrixmul,small,warm,200,386.63,382.74,3.89,5.59,377.15,False,,0.0,0.39,4.46,0.73,5.58,5
1950,1950,genmatrix,small,warm,200,6.23,5.44,0.79,0.12,5.33,False,,0.0,0.02,,0.09,0.12,4
1951,1951,fetchdata,medium,warm,200,85.57,85.56,0.01,80.31,5.25,False,80.28,0.0,0.02,0.0,,80.31,4
1952,1952,genmatrix,medium,warm,200,14.82,12.57,2.25,0.31,12.26,False,,0.0,0.1,,0.2,0.31,4
1953,1953,fetchdata,small,warm,200,89.81,89.8,0.01,84.09,5.7,False,84.06,0.0,0.03,0.0,,84.09,2
1954,1954,linpack,large,warm,200,17.07,17.07,0.01,8.79,8.28,False,,0.0,0.37,4.25,4.17,8.79,2
1955,1955,linpack,small,warm,200,13.85,13.84,0.01,5.89,7.95,False,,0.0,0.4,4.68,0.81,5.89,2
1956,1956,genmatrix,medium,warm,200,10.57,8.81,1.77,0.21,8.6,False,,0.0,0.02,,0.18,0.2,2
1957,1957,matrixmul,large,warm,200,20.83,18.96,1.87,5.03,13.92,False,,0.0,0.36,4.05,0.62,5.03,2
1958,1958,matrixmul,small,warm,200,18.46,16.89,1.57,4.93,11.95,False,,0.0,0.34,4.02,0.57,4.93,1
1959,1959,fastfouriertransform,medium,warm,200,754.4,754.39,0.01,736.51,17.88,False,,0.0,3.91,0.0,732.59,736.51,1
1960,1960,matrixmul,small,warm,200,27.42,22.3,5.12,5.58,16.72,False,,0.0,0.48,4.39,0.7,5.58,2
1961,1961,matrixmul,small,warm,200,21.86,19.89,1.97,5.14,14.75,False,,0.0,0.35,4.07,0.71,5.14,2
1962,1962,linpack,small,warm,200,15.9,15.89,0.01,8.25,7.64,False,,0.0,0.87,4.29,3.08,8.24,2
1963,1963,linpack,small,warm,200,12.68,12.68,0.01,5.09,7.59,False,,0.0,0.34,3.99,0.75,5.09,2
1964,1964,matrixmul,large,warm,200,20.74,18.95,1.79,5.18,13.78,False,,0.0,0.4,4.15,0.63,5.17,2
1965,1965,genmatrix,medium,warm,200,11.02,9.26,1.76,0.23,9.03,False,,0.0,0.02,,0.21,0.23,2
1966,1966,linpack,medium,warm,200,746.06,746.05,0.01,738.07,7.98,False,,0.0,0.35,4.14,733.58,738.07,2
1967,1967,genmatrix,large,warm,200,46.32,38.37,7.95,0.92,37.45,False,,0.0,0.03,,0.89,0.92,2
1968,1968,linpack,medium,warm,200,1245.29,1245.28,0.01,696.05,549.23,False,,0.0,0.35,4.04,691.66,696.05,2
1969,1969,matrixmul,medium,warm,200,573.65,571.84,1.81,556.0,15.85,False,,0.0,0.45,4.13,551.41,556.0,3
1970,1970,fetchdata,small,warm,200,82.69,82.67,0.01,76.68,6.0,False,76.65,0.0,0.02,0.0,,76.67,4
1971,1971,genmatrix,large,warm,200,36.96,30.02,6.94,0.78,29.24,False,,0.0,0.02,,0.75,0.78,4
1972,1972,fetchdata,small,warm,200,86.93,86.92,0.02,81.15,5.77,False,81.12,0.0,0.03,0.0,,81.15,4
1973,1973,genmatrix,small,warm,200,7.77,7.76,0.02,0.13,7.63,False,,0.0,0.03,,0.1,0.13,4
1974,1974,matrixmul,large,warm,200,82.86,81.05,1.81,5.13,75.92,False,,0.0,0.34,4.1,0.69,5.13,3
1975,1975,genmatrix,large,warm,200,45.47,37.71,7.76,0.81,36.9,False,,0.0,0.02,,0.78,0.81,2
1976,1976,fetchdata,small,warm,200,87.18,87.16,0.02,81.89,5.28,False,81.85,0.0,0.02,0.0,,81.88,2
1977,1977,fastfouriertransform,small,warm,200,34.57,34.56,0.01,4.83,29.73,False,,0.0,3.98,0.0,0.84,4.83,2
1978,1978,fetchdata,medium,warm,200,86.07,86.06,0.02,80.74,5.31,False,80.71,0.0,0.02,0.0,,80.74,2
1979,1979,linpack,large,warm,200,152.15,152.14,0.01,5.96,146.19,False,,0.0,0.44,4.55,0.96,5.95,2
1980,1980,fastfouriertransform,small,warm,200,35.31,35.3,0.01,4.72,30.58,False,,0.0,3.92,0.0,0.79,4.72,3
1981,1981,linpack,medium,warm,200,727.19,727.18,0.01,717.23,9.95,False,,0.0,0.41,4.07,712.75,717.23,1
1982,1982,genmatrix,small,warm,200,8.09,7.3,0.79,0.13,7.18,False,,0.0,0.03,,0.09,0.13,2
1983,1983,fetchdata,small,warm,200,81.37,81.36,0.02,76.04,5.32,False,76.01,0.0,0.02,0.0,,76.04,2
1984,1984,linpack,medium,warm,200,1149.38,1149.36,0.02,720.14,429.22,False,,0.0,0.4,4.04,715.69,720.13,2
1985,1985,genmatrix,large,warm,200,38.19,30.61,7.58,0.79,29.82,False,,0.0,0.02,,0.77,0.79,3
1986,1986,fastfouriertransform,large,warm,200,21.25,21.25,0.01,5.36,15.89,False,,0.0,4.56,0.0,0.8,5.36,3
1987,1987,genmatrix,large,warm,200,44.32,36.61,7.7,0.83,35.78,False,,0.0,0.02,,0.81,0.83,3
1988,1988,linpack,small,warm,200,765.52,765.51,0.01,5.35,760.15,False,,0.0,0.37,4.06,0.91,5.35,3
1989,1989,linpack,small,warm,200,657.15,657.14,0.01,5.48,651.66,False,,0.0,0.44,4.13,0.9,5.48,3
1990,1990,matrixmul,large,warm,200,20.62,18.94,1.68,5.05,13.89,False,,0.0,0.37,4.08,0.6,5.05,4
1991,1991,genmatrix,small,warm,200,6.56,6.09,0.47,0.11,5.98,False,,0.0,0.02,,0.09,0.11,4
1992,1992,matrixmul,small,warm,200,22.59,20.58,2.01,5.2,15.38,False,,0.0,0.36,4.23,0.62,5.2,4
1993,1993,fastfouriertransform,small,warm,200,43.3,43.29,0.01,9.03,34.26,False,,0.0,4.07,0.0,4.95,9.03,4
1994,1994,fetchdata,large,warm,200,89.92,89.9,0.02,83.04,6.86,False,83.0,0.0,0.03,0.0,,83.04,4
1995,1995,fetchdata,small,warm,200,86.16,86.14,0.02,80.65,5.49,False,80.62,0.0,0.02,0.0,,80.65,4
1996,1996,linpack,medium,warm,200,704.33,704.31,0.02,692.6,11.71,False,,0.0,0.35,4.12,688.12,692.6,1
1997,1997,fastfouriertransform,medium,warm,200,784.16,784.14,0.02,751.36,32.77,False,,0.0,3.94,0.0,747.41,751.36,2
1998,1998,linpack,small,warm,200,511.62,511.6,0.02,5.14,506.46,False,,0.0,0.36,4.03,0.75,5.14,3
1999,1999,fetchdata,medium,warm,200,88.35,88.34,0.02,81.36,6.97,False,81.33,0.0,0.03,0.0,,81.36,4
2000,2000,fetchdata,medium,warm,200,86.51,86.5,0.02,80.63,5.86,False,80.6,0.0,0.02,0.0,,80.63,4
