timestamp,pod,context_handler_time_ms
2026-06-02T15:30:24.217365023Z,activator-5c758bd78-zn48b,498.253319
2026-06-02T15:30:24.218605247Z,activator-5c758bd78-zn48b,3743.074752
2026-06-02T15:30:24.228557041Z,activator-5c758bd78-zn48b,1260.181245
2026-06-02T15:30:24.240936761Z,activator-5c758bd78-zn48b,827.377027
2026-06-02T15:30:24.255943756Z,activator-5c758bd78-zn48b,39.896096
2026-06-02T15:30:24.282953956Z,activator-5c758bd78-zn48b,1414.8990749999998
2026-06-02T15:30:24.286490413Z,activator-5c758bd78-zn48b,1123.363667
2026-06-02T15:30:24.286627736Z,activator-5c758bd78-zn48b,1518.620644
2026-06-02T15:30:24.291668444Z,activator-5c758bd78-zn48b,1577.763035
2026-06-02T15:30:24.29207935Z,activator-5c758bd78-zn48b,1271.572303
2026-06-02T15:30:24.299627953Z,activator-5c758bd78-zn48b,233.120711
2026-06-02T15:30:24.300735186Z,activator-5c758bd78-zn48b,3089.837806
2026-06-02T15:30:24.302476835Z,activator-5c758bd78-zn48b,285.504935
2026-06-02T15:30:24.304246398Z,activator-5c758bd78-zn48b,1686.9973300000001
2026-06-02T15:30:24.3452478Z,activator-5c758bd78-zn48b,531.160396
2026-06-02T15:30:24.37467927Z,activator-5c758bd78-zn48b,1057.336713
2026-06-02T15:30:24.385004993Z,activator-5c758bd78-zn48b,1869.471365
2026-06-02T15:30:24.39572737Z,activator-5c758bd78-zn48b,2131.428036
2026-06-02T15:30:24.397417049Z,activator-5c758bd78-zn48b,2229.603744
2026-06-02T15:30:24.401686321Z,activator-5c758bd78-zn48b,2335.5203109999998
2026-06-02T15:30:24.402607223Z,activator-5c758bd78-zn48b,2286.047152
2026-06-02T15:30:24.436886049Z,activator-5c758bd78-zn48b,2718.9461389999997
2026-06-02T15:30:24.438253778Z,activator-5c758bd78-zn48b,3024.8171859999998
2026-06-02T15:30:24.473359031Z,activator-5c758bd78-zn48b,3852.464489
2026-06-02T15:30:24.490306452Z,activator-5c758bd78-zn48b,114.972565
2026-06-02T15:30:24.494106018Z,activator-5c758bd78-zn48b,1374.6997450000001
2026-06-02T15:30:24.496559072Z,activator-5c758bd78-zn48b,3978.073841
2026-06-02T15:30:24.512354244Z,activator-5c758bd78-zn48b,4.082802
2026-06-02T15:30:24.582635447Z,activator-5c758bd78-zn48b,1512.847246
2026-06-02T15:30:24.643981841Z,activator-5c758bd78-zn48b,4211.2268779999995
2026-06-02T15:30:24.657178808Z,activator-5c758bd78-zn48b,8.262742
2026-06-02T15:30:24.657587128Z,activator-5c758bd78-zn48b,2786.475086
2026-06-02T15:30:24.664070143Z,activator-5c758bd78-zn48b,414.398101
2026-06-02T15:30:24.748203355Z,activator-5c758bd78-zn48b,630.41988
2026-06-02T15:30:24.753663114Z,activator-5c758bd78-zn48b,8.806059
2026-06-02T15:30:24.77777408Z,activator-5c758bd78-zn48b,1863.579927
2026-06-02T15:30:24.787595827Z,activator-5c758bd78-zn48b,1175.124444
2026-06-02T15:30:24.799188784Z,activator-5c758bd78-zn48b,3433.84851
2026-06-02T15:30:24.808624355Z,activator-5c758bd78-zn48b,1045.659448
2026-06-02T15:30:24.829374101Z,activator-5c758bd78-zn48b,1266.1842629999999
2026-06-02T15:30:24.909975682Z,activator-5c758bd78-zn48b,2243.052488
2026-06-02T15:30:24.990981438Z,activator-5c758bd78-zn48b,2172.332551
2026-06-02T15:30:25.07057337Z,activator-5c758bd78-zn48b,1553.9480409999999
2026-06-02T15:30:25.150873268Z,activator-5c758bd78-zn48b,1886.171628
2026-06-02T15:30:25.153258999Z,activator-5c758bd78-zn48b,1786.3338689999998
2026-06-02T15:30:25.231959169Z,activator-5c758bd78-zn48b,3969.807787
2026-06-02T15:30:25.271085272Z,activator-5c758bd78-zn48b,3249.212509
2026-06-02T15:30:25.276215303Z,activator-5c758bd78-zn48b,3309.664997
2026-06-02T15:30:25.282308584Z,activator-5c758bd78-zn48b,2964.623542
2026-06-02T15:30:25.287276884Z,activator-5c758bd78-zn48b,1818.7031140000001
2026-06-02T15:30:25.293462415Z,activator-5c758bd78-zn48b,1426.553038
2026-06-02T15:30:25.311679003Z,activator-5c758bd78-zn48b,3101.5225649999998
2026-06-02T15:30:25.326262197Z,activator-5c758bd78-zn48b,4155.87267
2026-06-02T15:30:25.336671772Z,activator-5c758bd78-zn48b,3772.211115
2026-06-02T15:30:25.392602645Z,activator-5c758bd78-zn48b,4377.088885
2026-06-02T15:30:25.449746319Z,activator-5c758bd78-zn48b,45.391275
2026-06-02T15:30:25.457927802Z,activator-5c758bd78-zn48b,8.74608
2026-06-02T15:30:25.47334804Z,activator-5c758bd78-zn48b,3558.658266
2026-06-02T15:30:25.553182033Z,activator-5c758bd78-zn48b,4734.159522999999
2026-06-02T15:30:25.632934817Z,activator-5c758bd78-zn48b,3218.5442110000004
2026-06-02T15:30:25.651110679Z,activator-5c758bd78-zn48b,3.47287
2026-06-02T15:30:25.712755446Z,activator-5c758bd78-zn48b,3350.494491
2026-06-02T15:30:25.793273002Z,activator-5c758bd78-zn48b,1347.366228
2026-06-02T15:30:25.802004854Z,activator-5c758bd78-zn48b,2588.710107
2026-06-02T15:30:25.808305555Z,activator-5c758bd78-zn48b,1402.7126110000002
2026-06-02T15:30:25.852032051Z,activator-5c758bd78-zn48b,3387.261541
2026-06-02T15:30:25.86745352Z,activator-5c758bd78-zn48b,916.327451
2026-06-02T15:30:25.874107531Z,activator-5c758bd78-zn48b,773.25785
2026-06-02T15:30:25.87880203Z,activator-5c758bd78-zn48b,1072.098954
2026-06-02T15:30:25.884441375Z,activator-5c758bd78-zn48b,639.618875
2026-06-02T15:30:25.930310697Z,activator-5c758bd78-zn48b,2262.001914
2026-06-02T15:30:25.932720862Z,activator-5c758bd78-zn48b,1758.682456
2026-06-02T15:30:25.938954135Z,activator-5c758bd78-zn48b,5371.177414
2026-06-02T15:30:25.944841683Z,activator-5c758bd78-zn48b,5228.79746
2026-06-02T15:30:25.951063401Z,activator-5c758bd78-zn48b,2028.8407419999999
2026-06-02T15:30:25.956218759Z,activator-5c758bd78-zn48b,4832.639879
2026-06-02T15:30:25.958093288Z,activator-5c758bd78-zn48b,1109.231273
2026-06-02T15:30:25.961960774Z,activator-5c758bd78-zn48b,1359.964211
2026-06-02T15:30:25.967854533Z,activator-5c758bd78-zn48b,1660.6242929999999
2026-06-02T15:30:25.973274393Z,activator-5c758bd78-zn48b,4652.511031
2026-06-02T15:30:25.980294474Z,activator-5c758bd78-zn48b,5205.944647
2026-06-02T15:30:26.019303704Z,activator-5c758bd78-zn48b,20.10134
2026-06-02T15:30:26.040426428Z,activator-5c758bd78-zn48b,992.939253
2026-06-02T15:30:26.119507203Z,activator-5c758bd78-zn48b,968.344125
2026-06-02T15:30:26.129615636Z,activator-5c758bd78-zn48b,34.509142
2026-06-02T15:30:26.172966174Z,activator-5c758bd78-zn48b,20.72822
2026-06-02T15:30:26.200196512Z,activator-5c758bd78-zn48b,846.513236
2026-06-02T15:30:26.219921524Z,activator-5c758bd78-zn48b,19.1749
2026-06-02T15:30:26.264663863Z,activator-5c758bd78-zn48b,16.592129
2026-06-02T15:30:26.278095305Z,activator-5c758bd78-zn48b,680.289411
2026-06-02T15:30:26.324980656Z,activator-5c758bd78-zn48b,28.370281
2026-06-02T15:30:26.357182739Z,activator-5c758bd78-zn48b,605.661731
2026-06-02T15:30:26.43695247Z,activator-5c758bd78-zn48b,636.379976
2026-06-02T15:30:26.470199487Z,activator-5c758bd78-zn48b,19.378506
2026-06-02T15:30:26.47295022Z,activator-5c758bd78-zn48b,5506.198954
2026-06-02T15:30:26.493649686Z,activator-5c758bd78-zn48b,92.08264
2026-06-02T15:30:26.633276105Z,activator-5c758bd78-zn48b,5012.012836
2026-06-02T15:30:26.638506984Z,activator-5c758bd78-zn48b,4968.980208999999
2026-06-02T15:30:26.646308319Z,activator-5c758bd78-zn48b,5126.008728000001
2026-06-02T15:30:26.651993854Z,activator-5c758bd78-zn48b,1948.821714
2026-06-02T15:30:26.657554484Z,activator-5c758bd78-zn48b,1755.365675
2026-06-02T15:30:26.662995187Z,activator-5c758bd78-zn48b,1109.338027
2026-06-02T15:30:26.668940467Z,activator-5c758bd78-zn48b,12.06
2026-06-02T15:30:26.669111081Z,activator-5c758bd78-zn48b,817.383507
2026-06-02T15:30:26.674673107Z,activator-5c758bd78-zn48b,758.912475
2026-06-02T15:30:26.681151214Z,activator-5c758bd78-zn48b,722.055269
2026-06-02T15:30:26.724150053Z,activator-5c758bd78-zn48b,12.913462
2026-06-02T15:30:26.805901922Z,activator-5c758bd78-zn48b,4.933933
2026-06-02T15:30:26.90574656Z,activator-5c758bd78-zn48b,551.031157
2026-06-02T15:30:26.930534678Z,activator-5c758bd78-zn48b,84.250632
2026-06-02T15:30:26.976745929Z,activator-5c758bd78-zn48b,81.234145
2026-06-02T15:30:27.059455773Z,activator-5c758bd78-zn48b,8.800801
2026-06-02T15:30:27.119511823Z,activator-5c758bd78-zn48b,6053.809157
2026-06-02T15:30:27.178690307Z,activator-5c758bd78-zn48b,81.82324
2026-06-02T15:30:27.231150573Z,activator-5c758bd78-zn48b,25.6
2026-06-02T15:30:27.258699094Z,activator-5c758bd78-zn48b,11.770375
2026-06-02T15:30:27.324104944Z,activator-5c758bd78-zn48b,19.852681
2026-06-02T15:30:27.435823986Z,activator-5c758bd78-zn48b,82.763232
2026-06-02T15:30:27.45798556Z,activator-5c758bd78-zn48b,956.469584
2026-06-02T15:30:27.516888553Z,activator-5c758bd78-zn48b,16.978834
2026-06-02T15:30:27.528526282Z,activator-5c758bd78-zn48b,82.973026
2026-06-02T15:30:27.763196644Z,activator-5c758bd78-zn48b,11.12177
2026-06-02T15:30:27.793675737Z,activator-5c758bd78-zn48b,6032.032703
2026-06-02T15:30:27.799993877Z,activator-5c758bd78-zn48b,5985.808093000001
2026-06-02T15:30:27.807490359Z,activator-5c758bd78-zn48b,5241.286118
2026-06-02T15:30:27.932305759Z,activator-5c758bd78-zn48b,79.947149
2026-06-02T15:30:27.963392802Z,activator-5c758bd78-zn48b,13.575404
2026-06-02T15:30:27.992079547Z,activator-5c758bd78-zn48b,1443.209376
2026-06-02T15:30:27.998266155Z,activator-5c758bd78-zn48b,96.870054
2026-06-02T15:30:28.004447398Z,activator-5c758bd78-zn48b,1410.0906989999999
2026-06-02T15:30:28.013727874Z,activator-5c758bd78-zn48b,14.835863
2026-06-02T15:30:28.019060396Z,activator-5c758bd78-zn48b,1069.7606930000002
2026-06-02T15:30:28.030760715Z,activator-5c758bd78-zn48b,1033.269939
2026-06-02T15:30:28.042267702Z,activator-5c758bd78-zn48b,891.420581
2026-06-02T15:30:28.054794165Z,activator-5c758bd78-zn48b,4.63364
2026-06-02T15:30:28.121838749Z,activator-5c758bd78-zn48b,14.960518
2026-06-02T15:30:28.168234002Z,activator-5c758bd78-zn48b,18.148151
2026-06-02T15:30:28.210250437Z,activator-5c758bd78-zn48b,13.558556
2026-06-02T15:30:28.272503272Z,activator-5c758bd78-zn48b,17.130193
2026-06-02T15:30:28.332044134Z,activator-5c758bd78-zn48b,22.494002
2026-06-02T15:30:28.377736725Z,activator-5c758bd78-zn48b,17.431243
2026-06-02T15:30:28.424419228Z,activator-5c758bd78-zn48b,19.33468
2026-06-02T15:30:28.516082081Z,activator-5c758bd78-zn48b,7048.254213
2026-06-02T15:30:28.521205277Z,activator-5c758bd78-zn48b,14.105976
2026-06-02T15:30:28.52356172Z,activator-5c758bd78-zn48b,3972.726791
2026-06-02T15:30:28.530073729Z,activator-5c758bd78-zn48b,3534.4757379999996
2026-06-02T15:30:28.533262482Z,activator-5c758bd78-zn48b,82.196533
2026-06-02T15:30:28.53510879Z,activator-5c758bd78-zn48b,3336.2526199999998
2026-06-02T15:30:28.575650322Z,activator-5c758bd78-zn48b,1179.5168469999999
2026-06-02T15:30:28.586738058Z,activator-5c758bd78-zn48b,1040.6197260000001
2026-06-02T15:30:28.616570015Z,activator-5c758bd78-zn48b,14.394638
2026-06-02T15:30:28.663423288Z,activator-5c758bd78-zn48b,110.030464
2026-06-02T15:30:28.671530965Z,activator-5c758bd78-zn48b,19.158647
2026-06-02T15:30:28.762056452Z,activator-5c758bd78-zn48b,63.902971
2026-06-02T15:30:28.767084791Z,activator-5c758bd78-zn48b,16.93091
2026-06-02T15:30:28.856563181Z,activator-5c758bd78-zn48b,4.96912
2026-06-02T15:30:28.898897415Z,activator-5c758bd78-zn48b,3.342015
2026-06-02T15:30:28.961206149Z,activator-5c758bd78-zn48b,12.298448
2026-06-02T15:30:29.058353831Z,activator-5c758bd78-zn48b,10.734573
2026-06-02T15:30:29.079257611Z,activator-5c758bd78-zn48b,81.93462
2026-06-02T15:30:29.105327456Z,activator-5c758bd78-zn48b,4.86041
2026-06-02T15:30:29.109926616Z,activator-5c758bd78-zn48b,1508.4733370000001
2026-06-02T15:30:29.180872504Z,activator-5c758bd78-zn48b,5215.256567
2026-06-02T15:30:29.264920802Z,activator-5c758bd78-zn48b,13.344689
2026-06-02T15:30:29.311891634Z,activator-5c758bd78-zn48b,12.810775
2026-06-02T15:30:29.464544382Z,activator-5c758bd78-zn48b,15.045338
2026-06-02T15:30:29.464879825Z,activator-5c758bd78-zn48b,664.704386
2026-06-02T15:30:29.472605638Z,activator-5c758bd78-zn48b,272.885504
2026-06-02T15:30:29.492490715Z,activator-5c758bd78-zn48b,95.317449
2026-06-02T15:30:29.505092654Z,activator-5c758bd78-zn48b,9.759063
2026-06-02T15:30:29.612848166Z,activator-5c758bd78-zn48b,16.308788
2026-06-02T15:30:29.639444226Z,activator-5c758bd78-zn48b,1986.9810000000002
2026-06-02T15:30:29.642500677Z,activator-5c758bd78-zn48b,91.52512
2026-06-02T15:30:29.649964349Z,activator-5c758bd78-zn48b,2904.32428
2026-06-02T15:30:29.663748391Z,activator-5c758bd78-zn48b,1962.4966200000001
2026-06-02T15:30:29.675011753Z,activator-5c758bd78-zn48b,1877.352605
2026-06-02T15:30:29.698488358Z,activator-5c758bd78-zn48b,48.980491
2026-06-02T15:30:29.711329513Z,activator-5c758bd78-zn48b,12.249044
2026-06-02T15:30:29.822701555Z,activator-5c758bd78-zn48b,21.177987
2026-06-02T15:30:29.831451005Z,activator-5c758bd78-zn48b,9170.847008
2026-06-02T15:30:29.837133509Z,activator-5c758bd78-zn48b,8966.426652
2026-06-02T15:30:29.843120344Z,activator-5c758bd78-zn48b,8932.369582
2026-06-02T15:30:29.849063689Z,activator-5c758bd78-zn48b,3800.363706
2026-06-02T15:30:29.854818983Z,activator-5c758bd78-zn48b,4.730699
2026-06-02T15:30:29.855949599Z,activator-5c758bd78-zn48b,4551.6502709999995
2026-06-02T15:30:29.892053804Z,activator-5c758bd78-zn48b,742.022286
2026-06-02T15:30:29.921985076Z,activator-5c758bd78-zn48b,18.189183
2026-06-02T15:30:29.958362493Z,activator-5c758bd78-zn48b,11.02335
2026-06-02T15:30:30.003485597Z,activator-5c758bd78-zn48b,656.368072
2026-06-02T15:30:30.011580953Z,activator-5c758bd78-zn48b,8.93433
2026-06-02T15:30:30.06129248Z,activator-5c758bd78-zn48b,12.038025
2026-06-02T15:30:30.108033314Z,activator-5c758bd78-zn48b,4.441693
2026-06-02T15:30:30.192855033Z,activator-5c758bd78-zn48b,47.043234
2026-06-02T15:30:30.268217828Z,activator-5c758bd78-zn48b,12.894244
2026-06-02T15:30:30.370220978Z,activator-5c758bd78-zn48b,16.163537
2026-06-02T15:30:30.400899502Z,activator-5c758bd78-zn48b,4.97107
2026-06-02T15:30:30.449553479Z,activator-5c758bd78-zn48b,5.155501
2026-06-02T15:30:30.501824072Z,activator-5c758bd78-zn48b,5001.312664
2026-06-02T15:30:30.508149989Z,activator-5c758bd78-zn48b,4810.453492
2026-06-02T15:30:30.616033849Z,activator-5c758bd78-zn48b,15.35795
2026-06-02T15:30:30.668593686Z,activator-5c758bd78-zn48b,11.657215
2026-06-02T15:30:30.673427812Z,activator-5c758bd78-zn48b,921.697057
2026-06-02T15:30:30.721463406Z,activator-5c758bd78-zn48b,524.713601
2026-06-02T15:30:30.732712737Z,activator-5c758bd78-zn48b,234.633432
2026-06-02T15:30:30.782943785Z,activator-5c758bd78-zn48b,88.497226
2026-06-02T15:30:30.815308844Z,activator-5c758bd78-zn48b,11.842021
2026-06-02T15:30:30.816246219Z,activator-5c758bd78-zn48b,520.087836
2026-06-02T15:30:30.827417773Z,activator-5c758bd78-zn48b,278.289716
2026-06-02T15:30:30.935628796Z,activator-5c758bd78-zn48b,79.843275
2026-06-02T15:30:30.956033416Z,activator-5c758bd78-zn48b,11.643781
2026-06-02T15:30:30.987630252Z,activator-5c758bd78-zn48b,88.436006
2026-06-02T15:30:31.131653758Z,activator-5c758bd78-zn48b,81.931373
2026-06-02T15:30:31.193431961Z,activator-5c758bd78-zn48b,93.626361
2026-06-02T15:30:31.257625266Z,activator-5c758bd78-zn48b,12.998584
2026-06-02T15:30:31.393604495Z,activator-5c758bd78-zn48b,92.141607
2026-06-02T15:30:31.420079286Z,activator-5c758bd78-zn48b,19.984375
2026-06-02T15:30:31.432159916Z,activator-5c758bd78-zn48b,80.036944
2026-06-02T15:30:31.491043275Z,activator-5c758bd78-zn48b,736.412837
2026-06-02T15:30:31.512315073Z,activator-5c758bd78-zn48b,11.771319
2026-06-02T15:30:31.535877993Z,activator-5c758bd78-zn48b,87.614158
2026-06-02T15:30:31.644304187Z,activator-5c758bd78-zn48b,94.138128
2026-06-02T15:30:31.680729495Z,activator-5c758bd78-zn48b,79.376196
2026-06-02T15:30:31.681126825Z,activator-5c758bd78-zn48b,673.325407
2026-06-02T15:30:31.788042415Z,activator-5c758bd78-zn48b,634.169872
2026-06-02T15:30:31.828593359Z,activator-5c758bd78-zn48b,80.326415
2026-06-02T15:30:31.844769881Z,activator-5c758bd78-zn48b,648.722442
2026-06-02T15:30:31.850170172Z,activator-5c758bd78-zn48b,5.214451
2026-06-02T15:30:31.985543618Z,activator-5c758bd78-zn48b,87.718009
2026-06-02T15:30:32.008532225Z,activator-5c758bd78-zn48b,10.497714
2026-06-02T15:30:32.028342582Z,activator-5c758bd78-zn48b,80.487678
2026-06-02T15:30:32.141463597Z,activator-5c758bd78-zn48b,45.557382
2026-06-02T15:30:32.269654218Z,activator-5c758bd78-zn48b,13.961306
2026-06-02T15:30:32.300742023Z,activator-5c758bd78-zn48b,5.514287
2026-06-02T15:30:32.33115388Z,activator-5c758bd78-zn48b,625.756458
2026-06-02T15:30:32.365649066Z,activator-5c758bd78-zn48b,566.157718
2026-06-02T15:30:32.423970708Z,activator-5c758bd78-zn48b,14.051184
2026-06-02T15:30:32.428638134Z,activator-5c758bd78-zn48b,773.517303
2026-06-02T15:30:32.558578976Z,activator-5c758bd78-zn48b,11.839065
2026-06-02T15:30:32.592701401Z,activator-5c758bd78-zn48b,95.330923
2026-06-02T15:30:32.613897289Z,activator-5c758bd78-zn48b,11.643906
2026-06-02T15:30:32.708463527Z,activator-5c758bd78-zn48b,12.069112
2026-06-02T15:30:32.733237404Z,activator-5c758bd78-zn48b,680.19668
2026-06-02T15:30:32.75367397Z,activator-5c758bd78-zn48b,5.02318
2026-06-02T15:30:32.797547011Z,activator-5c758bd78-zn48b,651.827677
2026-06-02T15:30:32.822011533Z,activator-5c758bd78-zn48b,19.203814
2026-06-02T15:30:32.855125214Z,activator-5c758bd78-zn48b,653.591575
2026-06-02T15:30:32.862548897Z,activator-5c758bd78-zn48b,13.07185
2026-06-02T15:30:32.966223567Z,activator-5c758bd78-zn48b,19.050333
2026-06-02T15:30:32.992234659Z,activator-5c758bd78-zn48b,87.526436
2026-06-02T15:30:33.00072119Z,activator-5c758bd78-zn48b,652.381979
2026-06-02T15:30:33.04543913Z,activator-5c758bd78-zn48b,43.575056
2026-06-02T15:30:33.090790414Z,activator-5c758bd78-zn48b,43.524131
2026-06-02T15:30:33.118667122Z,activator-5c758bd78-zn48b,14.476835
2026-06-02T15:30:33.19714844Z,activator-5c758bd78-zn48b,49.987352
2026-06-02T15:30:33.24858617Z,activator-5c758bd78-zn48b,48.446513
2026-06-02T15:30:33.28032663Z,activator-5c758bd78-zn48b,628.772359
2026-06-02T15:30:33.318671742Z,activator-5c758bd78-zn48b,23.639264
2026-06-02T15:30:33.394166622Z,activator-5c758bd78-zn48b,43.078755
2026-06-02T15:30:33.473878382Z,activator-5c758bd78-zn48b,17.94352
2026-06-02T15:30:33.497155986Z,activator-5c758bd78-zn48b,85.661957
2026-06-02T15:30:33.498410497Z,activator-5c758bd78-zn48b,1046.039927
2026-06-02T15:30:33.51863421Z,activator-5c758bd78-zn48b,18.577605
2026-06-02T15:30:33.644635617Z,activator-5c758bd78-zn48b,95.206543
2026-06-02T15:30:33.671055308Z,activator-5c758bd78-zn48b,20.415913
2026-06-02T15:30:33.756028003Z,activator-5c758bd78-zn48b,3.920226
2026-06-02T15:30:33.808563226Z,activator-5c758bd78-zn48b,559.783811
2026-06-02T15:30:33.818707824Z,activator-5c758bd78-zn48b,21.568594
2026-06-02T15:30:33.857875919Z,activator-5c758bd78-zn48b,11.633954
2026-06-02T15:30:33.912786612Z,activator-5c758bd78-zn48b,7.931983
2026-06-02T15:30:34.066564261Z,activator-5c758bd78-zn48b,21.90997
2026-06-02T15:30:34.091252035Z,activator-5c758bd78-zn48b,91.648857
2026-06-02T15:30:34.191928441Z,activator-5c758bd78-zn48b,89.624089
2026-06-02T15:30:34.213216438Z,activator-5c758bd78-zn48b,14.018452
2026-06-02T15:30:34.251129139Z,activator-5c758bd78-zn48b,650.926481
2026-06-02T15:30:34.318872717Z,activator-5c758bd78-zn48b,12.891945
2026-06-02T15:30:34.348662771Z,activator-5c758bd78-zn48b,644.914599
2026-06-02T15:30:34.349223671Z,activator-5c758bd78-zn48b,4.110969
2026-06-02T15:30:34.465289295Z,activator-5c758bd78-zn48b,12.456255
2026-06-02T15:30:34.476225472Z,activator-5c758bd78-zn48b,528.163681
2026-06-02T15:30:34.486577313Z,activator-5c758bd78-zn48b,88.82007
2026-06-02T15:30:34.559719195Z,activator-5c758bd78-zn48b,13.345559
2026-06-02T15:30:34.583148176Z,activator-5c758bd78-zn48b,85.391635
2026-06-02T15:30:34.664652224Z,activator-5c758bd78-zn48b,16.037777
2026-06-02T15:30:34.807228774Z,activator-5c758bd78-zn48b,649.153527
2026-06-02T15:30:34.863378304Z,activator-5c758bd78-zn48b,12.193761
2026-06-02T15:30:34.888086484Z,activator-5c758bd78-zn48b,91.134769
2026-06-02T15:30:34.943817221Z,activator-5c758bd78-zn48b,689.752529
2026-06-02T15:30:35.036751736Z,activator-5c758bd78-zn48b,89.263619
2026-06-02T15:30:35.071142106Z,activator-5c758bd78-zn48b,14.823982
2026-06-02T15:30:35.126180847Z,activator-5c758bd78-zn48b,525.256898
2026-06-02T15:30:35.136730492Z,activator-5c758bd78-zn48b,386.627214
2026-06-02T15:30:35.172800388Z,activator-5c758bd78-zn48b,17.463626
2026-06-02T15:30:35.196245881Z,activator-5c758bd78-zn48b,93.848967
2026-06-02T15:30:35.216589958Z,activator-5c758bd78-zn48b,16.755517
2026-06-02T15:30:35.234030193Z,activator-5c758bd78-zn48b,533.194411
2026-06-02T15:30:35.244521086Z,activator-5c758bd78-zn48b,347.267713
2026-06-02T15:30:35.261683654Z,activator-5c758bd78-zn48b,16.029261
2026-06-02T15:30:35.368713354Z,activator-5c758bd78-zn48b,17.461564
2026-06-02T15:30:35.588971487Z,activator-5c758bd78-zn48b,92.439461
2026-06-02T15:30:35.603857018Z,activator-5c758bd78-zn48b,5.009734
2026-06-02T15:30:35.671538714Z,activator-5c758bd78-zn48b,671.509176
2026-06-02T15:30:35.68046384Z,activator-5c758bd78-zn48b,35.281755
2026-06-02T15:30:35.724102671Z,activator-5c758bd78-zn48b,21.244328
2026-06-02T15:30:35.817264322Z,activator-5c758bd78-zn48b,19.091467
2026-06-02T15:30:35.843073142Z,activator-5c758bd78-zn48b,94.989518
2026-06-02T15:30:35.848994779Z,activator-5c758bd78-zn48b,4.71557
2026-06-02T15:30:35.90502527Z,activator-5c758bd78-zn48b,8.546576
2026-06-02T15:30:35.955323518Z,activator-5c758bd78-zn48b,653.26978
2026-06-02T15:30:35.985722337Z,activator-5c758bd78-zn48b,33.360816
2026-06-02T15:30:36.021362081Z,activator-5c758bd78-zn48b,13.657686
2026-06-02T15:30:36.07045492Z,activator-5c758bd78-zn48b,521.820227
2026-06-02T15:30:36.082653041Z,activator-5c758bd78-zn48b,686.589805
2026-06-02T15:30:36.101010161Z,activator-5c758bd78-zn48b,651.147022
2026-06-02T15:30:36.121215904Z,activator-5c758bd78-zn48b,18.454552
2026-06-02T15:30:36.141811274Z,activator-5c758bd78-zn48b,93.702232
2026-06-02T15:30:36.243533828Z,activator-5c758bd78-zn48b,90.030822
2026-06-02T15:30:36.282169958Z,activator-5c758bd78-zn48b,87.313085
2026-06-02T15:30:36.331264281Z,activator-5c758bd78-zn48b,34.907755
2026-06-02T15:30:36.417307144Z,activator-5c758bd78-zn48b,13.407423
2026-06-02T15:30:36.510019177Z,activator-5c758bd78-zn48b,12.728236
2026-06-02T15:30:36.568678397Z,activator-5c758bd78-zn48b,17.670794
2026-06-02T15:30:36.708603178Z,activator-5c758bd78-zn48b,8.805481
2026-06-02T15:30:36.768849111Z,activator-5c758bd78-zn48b,522.141901
2026-06-02T15:30:36.813960261Z,activator-5c758bd78-zn48b,14.636817
2026-06-02T15:30:36.869634037Z,activator-5c758bd78-zn48b,525.127517
2026-06-02T15:30:36.94294266Z,activator-5c758bd78-zn48b,93.850409
2026-06-02T15:30:36.983804794Z,activator-5c758bd78-zn48b,89.603436
2026-06-02T15:30:37.081568692Z,activator-5c758bd78-zn48b,34.620008
2026-06-02T15:30:37.231491449Z,activator-5c758bd78-zn48b,84.014042
2026-06-02T15:30:37.258842383Z,activator-5c758bd78-zn48b,13.650618
2026-06-02T15:30:37.282159197Z,activator-5c758bd78-zn48b,85.911308
2026-06-02T15:30:37.284009028Z,activator-5c758bd78-zn48b,681.027734
2026-06-02T15:30:37.320779014Z,activator-5c758bd78-zn48b,671.866409
2026-06-02T15:30:37.367469047Z,activator-5c758bd78-zn48b,17.894441
2026-06-02T15:30:37.386141538Z,activator-5c758bd78-zn48b,932.628037
2026-06-02T15:30:37.397407206Z,activator-5c758bd78-zn48b,297.404415
2026-06-02T15:30:37.407294336Z,activator-5c758bd78-zn48b,662.986273
2026-06-02T15:30:37.416132699Z,activator-5c758bd78-zn48b,16.903449
2026-06-02T15:30:37.475455066Z,activator-5c758bd78-zn48b,22.426476
2026-06-02T15:30:37.514262984Z,activator-5c758bd78-zn48b,18.414498
2026-06-02T15:30:37.656161989Z,activator-5c758bd78-zn48b,648.369232
2026-06-02T15:30:37.709198333Z,activator-5c758bd78-zn48b,8.564166
2026-06-02T15:30:37.733611396Z,activator-5c758bd78-zn48b,87.91552
2026-06-02T15:30:37.800023959Z,activator-5c758bd78-zn48b,853.587298
2026-06-02T15:30:37.809922232Z,activator-5c758bd78-zn48b,511.879227
2026-06-02T15:30:37.959586745Z,activator-5c758bd78-zn48b,13.216084
2026-06-02T15:30:38.000021519Z,activator-5c758bd78-zn48b,3.993594
2026-06-02T15:30:38.068604704Z,activator-5c758bd78-zn48b,11.354372
2026-06-02T15:30:38.117606063Z,activator-5c758bd78-zn48b,13.128785
2026-06-02T15:30:38.125595115Z,activator-5c758bd78-zn48b,524.971217
2026-06-02T15:30:38.216616391Z,activator-5c758bd78-zn48b,11.833014
2026-06-02T15:30:38.241864472Z,activator-5c758bd78-zn48b,88.691464
2026-06-02T15:30:38.24926346Z,activator-5c758bd78-zn48b,693.816157
2026-06-02T15:30:38.33682925Z,activator-5c758bd78-zn48b,90.926754
2026-06-02T15:30:38.363524499Z,activator-5c758bd78-zn48b,12.283257
2026-06-02T15:30:38.384251935Z,activator-5c758bd78-zn48b,83.98993
2026-06-02T15:30:38.462199867Z,activator-5c758bd78-zn48b,12.220198
2026-06-02T15:30:38.46475238Z,activator-5c758bd78-zn48b,608.930371
2026-06-02T15:30:38.471344236Z,activator-5c758bd78-zn48b,570.077479
2026-06-02T15:30:38.490868984Z,activator-5c758bd78-zn48b,89.64714
2026-06-02T15:30:38.557881121Z,activator-5c758bd78-zn48b,13.151524
2026-06-02T15:30:38.59196313Z,activator-5c758bd78-zn48b,91.979515
2026-06-02T15:30:38.624650285Z,activator-5c758bd78-zn48b,14.216105
2026-06-02T15:30:38.643011661Z,activator-5c758bd78-zn48b,895.533077
2026-06-02T15:30:38.658143415Z,activator-5c758bd78-zn48b,5.744273
2026-06-02T15:30:38.714898198Z,activator-5c758bd78-zn48b,12.870065
2026-06-02T15:30:38.800543413Z,activator-5c758bd78-zn48b,49.777688
2026-06-02T15:30:38.912798552Z,activator-5c758bd78-zn48b,14.429671
2026-06-02T15:30:38.941099883Z,activator-5c758bd78-zn48b,93.773955
2026-06-02T15:30:39.034630264Z,activator-5c758bd78-zn48b,88.433524
2026-06-02T15:30:39.052639477Z,activator-5c758bd78-zn48b,50.300068
2026-06-02T15:30:39.069453226Z,activator-5c758bd78-zn48b,22.135035
2026-06-02T15:30:39.110608631Z,activator-5c758bd78-zn48b,13.243843
2026-06-02T15:30:39.1591953Z,activator-5c758bd78-zn48b,1362.702949
2026-06-02T15:30:39.189993275Z,activator-5c758bd78-zn48b,39.940265
2026-06-02T15:30:39.220907683Z,activator-5c758bd78-zn48b,17.281683
2026-06-02T15:30:39.255282932Z,activator-5c758bd78-zn48b,4.444823
2026-06-02T15:30:39.319735495Z,activator-5c758bd78-zn48b,15.772475
2026-06-02T15:30:39.323922327Z,activator-5c758bd78-zn48b,523.725885
2026-06-02T15:30:39.351039495Z,activator-5c758bd78-zn48b,4.79064
2026-06-02T15:30:39.545758351Z,activator-5c758bd78-zn48b,49.467913
2026-06-02T15:30:39.565990842Z,activator-5c758bd78-zn48b,19.547783
2026-06-02T15:30:39.690565353Z,activator-5c758bd78-zn48b,93.517756
2026-06-02T15:30:39.709165213Z,activator-5c758bd78-zn48b,13.118489
2026-06-02T15:30:39.732321354Z,activator-5c758bd78-zn48b,87.997266
2026-06-02T15:30:39.797450613Z,activator-5c758bd78-zn48b,49.564744
2026-06-02T15:30:39.924289273Z,activator-5c758bd78-zn48b,524.846858
2026-06-02T15:30:39.956805841Z,activator-5c758bd78-zn48b,4.987759
2026-06-02T15:30:40.070592833Z,activator-5c758bd78-zn48b,20.650394
2026-06-02T15:30:40.117847Z,activator-5c758bd78-zn48b,661.254418
2026-06-02T15:30:40.122460228Z,activator-5c758bd78-zn48b,22.720873
2026-06-02T15:30:40.161607233Z,activator-5c758bd78-zn48b,14.572372
2026-06-02T15:30:40.303538668Z,activator-5c758bd78-zn48b,5.390924
2026-06-02T15:30:40.386237483Z,activator-5c758bd78-zn48b,529.16585
2026-06-02T15:30:40.396691633Z,activator-5c758bd78-zn48b,44.756711
2026-06-02T15:30:40.405420353Z,activator-5c758bd78-zn48b,11.541411
2026-06-02T15:30:40.464120469Z,activator-5c758bd78-zn48b,11.989651
2026-06-02T15:30:40.496717783Z,activator-5c758bd78-zn48b,699.105303
2026-06-02T15:30:40.510750208Z,activator-5c758bd78-zn48b,15.920483
2026-06-02T15:30:40.590597473Z,activator-5c758bd78-zn48b,695.089241
2026-06-02T15:30:40.590930471Z,activator-5c758bd78-zn48b,46.364091
2026-06-02T15:30:40.613229811Z,activator-5c758bd78-zn48b,13.803153
2026-06-02T15:30:40.651887538Z,activator-5c758bd78-zn48b,643.513375
2026-06-02T15:30:40.72031779Z,activator-5c758bd78-zn48b,523.262115
2026-06-02T15:30:40.739359097Z,activator-5c758bd78-zn48b,87.124862
2026-06-02T15:30:40.778785283Z,activator-5c758bd78-zn48b,83.35332
2026-06-02T15:30:40.816463603Z,activator-5c758bd78-zn48b,16.53672
2026-06-02T15:30:40.865286649Z,activator-5c758bd78-zn48b,19.905345
2026-06-02T15:30:40.902114722Z,activator-5c758bd78-zn48b,647.998382
2026-06-02T15:30:40.964364537Z,activator-5c758bd78-zn48b,11.756726
2026-06-02T15:30:41.005413534Z,activator-5c758bd78-zn48b,5.008719
2026-06-02T15:30:41.182918028Z,activator-5c758bd78-zn48b,85.812436
2026-06-02T15:30:41.280336686Z,activator-5c758bd78-zn48b,524.455326
2026-06-02T15:30:41.291576509Z,activator-5c758bd78-zn48b,242.139818
2026-06-02T15:30:41.323882743Z,activator-5c758bd78-zn48b,21.029988
2026-06-02T15:30:41.444669361Z,activator-5c758bd78-zn48b,49.449616
2026-06-02T15:30:41.446328031Z,activator-5c758bd78-zn48b,548.297283
2026-06-02T15:30:41.453721798Z,activator-5c758bd78-zn48b,254.930741
2026-06-02T15:30:41.511987658Z,activator-5c758bd78-zn48b,12.401503
2026-06-02T15:30:41.628270079Z,activator-5c758bd78-zn48b,79.54867
2026-06-02T15:30:41.67140582Z,activator-5c758bd78-zn48b,15.787853
2026-06-02T15:30:41.691455825Z,activator-5c758bd78-zn48b,91.698623
2026-06-02T15:30:41.711588545Z,activator-5c758bd78-zn48b,12.734035
2026-06-02T15:30:41.801302113Z,activator-5c758bd78-zn48b,652.88299
2026-06-02T15:30:41.830129858Z,activator-5c758bd78-zn48b,81.510822
2026-06-02T15:30:41.883881719Z,activator-5c758bd78-zn48b,83.508617
2026-06-02T15:30:41.914906633Z,activator-5c758bd78-zn48b,13.772649
2026-06-02T15:30:41.929075381Z,activator-5c758bd78-zn48b,681.063042
2026-06-02T15:30:41.975513374Z,activator-5c758bd78-zn48b,527.55958
2026-06-02T15:30:42.013142774Z,activator-5c758bd78-zn48b,12.088912
2026-06-02T15:30:42.05533555Z,activator-5c758bd78-zn48b,4.929425
2026-06-02T15:30:42.102573608Z,activator-5c758bd78-zn48b,4.995027
2026-06-02T15:30:42.153523254Z,activator-5c758bd78-zn48b,4.343656
2026-06-02T15:30:42.208463635Z,activator-5c758bd78-zn48b,12.668397
2026-06-02T15:30:42.255859278Z,activator-5c758bd78-zn48b,4.686168
2026-06-02T15:30:42.314344084Z,activator-5c758bd78-zn48b,14.030024
2026-06-02T15:30:42.399144835Z,activator-5c758bd78-zn48b,48.080008
2026-06-02T15:30:42.404401334Z,activator-5c758bd78-zn48b,543.445021
2026-06-02T15:30:42.443237822Z,activator-5c758bd78-zn48b,1095.714254
2026-06-02T15:30:42.473981835Z,activator-5c758bd78-zn48b,80.239698
2026-06-02T15:30:42.482422568Z,activator-5c758bd78-zn48b,21.634301
2026-06-02T15:30:42.515956504Z,activator-5c758bd78-zn48b,14.093998
2026-06-02T15:30:42.55967491Z,activator-5c758bd78-zn48b,10.896287
2026-06-02T15:30:42.628717349Z,activator-5c758bd78-zn48b,677.363452
2026-06-02T15:30:42.651065651Z,activator-5c758bd78-zn48b,4.602976
2026-06-02T15:30:42.767227485Z,activator-5c758bd78-zn48b,20.805863
2026-06-02T15:30:42.864312729Z,activator-5c758bd78-zn48b,18.30539
2026-06-02T15:30:42.912600809Z,activator-5c758bd78-zn48b,15.605145
2026-06-02T15:30:42.968114636Z,activator-5c758bd78-zn48b,11.391286
2026-06-02T15:30:43.050894911Z,activator-5c758bd78-zn48b,4.988264
2026-06-02T15:30:43.079932505Z,activator-5c758bd78-zn48b,79.850121
2026-06-02T15:30:43.130032845Z,activator-5c758bd78-zn48b,533.275524
2026-06-02T15:30:43.175833864Z,activator-5c758bd78-zn48b,80.744795
2026-06-02T15:30:43.209826532Z,activator-5c758bd78-zn48b,16.277192
2026-06-02T15:30:43.264003786Z,activator-5c758bd78-zn48b,13.060757
2026-06-02T15:30:43.383996659Z,activator-5c758bd78-zn48b,678.150078
2026-06-02T15:30:43.443436033Z,activator-5c758bd78-zn48b,46.102388
2026-06-02T15:30:43.443589328Z,activator-5c758bd78-zn48b,643.482831
2026-06-02T15:30:43.513917202Z,activator-5c758bd78-zn48b,14.474439
2026-06-02T15:30:43.56192847Z,activator-5c758bd78-zn48b,11.52966
2026-06-02T15:30:43.617237237Z,activator-5c758bd78-zn48b,13.558299
2026-06-02T15:30:43.718765442Z,activator-5c758bd78-zn48b,12.279467
2026-06-02T15:30:43.74640193Z,activator-5c758bd78-zn48b,95.302652
2026-06-02T15:30:43.800196272Z,activator-5c758bd78-zn48b,651.793346
2026-06-02T15:30:43.814038927Z,activator-5c758bd78-zn48b,13.358221
2026-06-02T15:30:43.837246886Z,activator-5c758bd78-zn48b,87.379627
2026-06-02T15:30:43.866609889Z,activator-5c758bd78-zn48b,522.717488
2026-06-02T15:30:43.93045034Z,activator-5c758bd78-zn48b,84.471366
2026-06-02T15:30:43.951536644Z,activator-5c758bd78-zn48b,655.807182
2026-06-02T15:30:43.997783383Z,activator-5c758bd78-zn48b,550.83844
2026-06-02T15:30:44.001764782Z,activator-5c758bd78-zn48b,4.305112
2026-06-02T15:30:44.134736208Z,activator-5c758bd78-zn48b,85.227181
2026-06-02T15:30:44.140937296Z,activator-5c758bd78-zn48b,46.085053
2026-06-02T15:30:44.174714395Z,activator-5c758bd78-zn48b,27.236187
2026-06-02T15:30:44.262774836Z,activator-5c758bd78-zn48b,15.462453
2026-06-02T15:30:44.272893634Z,activator-5c758bd78-zn48b,78.965394
2026-06-02T15:30:44.369004056Z,activator-5c758bd78-zn48b,14.986842
2026-06-02T15:30:44.389930332Z,activator-5c758bd78-zn48b,84.776664
2026-06-02T15:30:44.425645603Z,activator-5c758bd78-zn48b,524.639322
2026-06-02T15:30:44.482925313Z,activator-5c758bd78-zn48b,81.341291
2026-06-02T15:30:44.530362898Z,activator-5c758bd78-zn48b,79.478163
2026-06-02T15:30:44.56559193Z,activator-5c758bd78-zn48b,13.946602
2026-06-02T15:30:44.57553062Z,activator-5c758bd78-zn48b,81.548687
2026-06-02T15:30:44.646848822Z,activator-5c758bd78-zn48b,48.071675
2026-06-02T15:30:44.656883925Z,activator-5c758bd78-zn48b,703.732935
2026-06-02T15:30:44.72358137Z,activator-5c758bd78-zn48b,16.885154
2026-06-02T15:30:44.765658519Z,activator-5c758bd78-zn48b,19.013578
2026-06-02T15:30:44.848676377Z,activator-5c758bd78-zn48b,51.085067
2026-06-02T15:30:44.910350293Z,activator-5c758bd78-zn48b,11.924203
2026-06-02T15:30:45.021699192Z,activator-5c758bd78-zn48b,16.432963
2026-06-02T15:30:45.14467182Z,activator-5c758bd78-zn48b,46.024241
2026-06-02T15:30:45.149774963Z,activator-5c758bd78-zn48b,4.597054
2026-06-02T15:30:45.218392326Z,activator-5c758bd78-zn48b,12.905586
2026-06-02T15:30:45.268553225Z,activator-5c758bd78-zn48b,17.158702
2026-06-02T15:30:45.321028573Z,activator-5c758bd78-zn48b,13.2674
2026-06-02T15:30:45.395394399Z,activator-5c758bd78-zn48b,550.527872
2026-06-02T15:30:45.40240707Z,activator-5c758bd78-zn48b,49.097587
2026-06-02T15:30:45.416525227Z,activator-5c758bd78-zn48b,13.397769
2026-06-02T15:30:45.433528653Z,activator-5c758bd78-zn48b,787.088139
2026-06-02T15:30:45.468808966Z,activator-5c758bd78-zn48b,17.34403
2026-06-02T15:30:45.482651134Z,activator-5c758bd78-zn48b,530.369483
2026-06-02T15:30:45.618507235Z,activator-5c758bd78-zn48b,18.777207
2026-06-02T15:30:45.640195382Z,activator-5c758bd78-zn48b,93.025126
2026-06-02T15:30:45.672405738Z,activator-5c758bd78-zn48b,19.270009
2026-06-02T15:30:45.815956341Z,activator-5c758bd78-zn48b,762.463671
2026-06-02T15:30:45.847503977Z,activator-5c758bd78-zn48b,49.73316
2026-06-02T15:30:45.867141814Z,activator-5c758bd78-zn48b,14.116443
2026-06-02T15:30:45.9094289Z,activator-5c758bd78-zn48b,9.158137
2026-06-02T15:30:46.023445732Z,activator-5c758bd78-zn48b,525.733273
2026-06-02T15:30:46.15793294Z,activator-5c758bd78-zn48b,12.002953
2026-06-02T15:30:46.225494174Z,activator-5c758bd78-zn48b,529.801419
2026-06-02T15:30:46.264445293Z,activator-5c758bd78-zn48b,13.392483
2026-06-02T15:30:46.480292274Z,activator-5c758bd78-zn48b,80.260569
2026-06-02T15:30:46.497628825Z,activator-5c758bd78-zn48b,48.933683
2026-06-02T15:30:46.538534014Z,activator-5c758bd78-zn48b,588.544739
2026-06-02T15:30:46.549667407Z,activator-5c758bd78-zn48b,204.985153
2026-06-02T15:30:46.56159668Z,activator-5c758bd78-zn48b,62.179464
2026-06-02T15:30:46.578030021Z,activator-5c758bd78-zn48b,18.958565
2026-06-02T15:30:46.660692851Z,activator-5c758bd78-zn48b,15.379703
2026-06-02T15:30:46.692913117Z,activator-5c758bd78-zn48b,94.645872
2026-06-02T15:30:46.712287876Z,activator-5c758bd78-zn48b,10.984161
2026-06-02T15:30:46.713039685Z,activator-5c758bd78-zn48b,608.185359
2026-06-02T15:30:46.735304971Z,activator-5c758bd78-zn48b,678.310516
2026-06-02T15:30:46.745073214Z,activator-5c758bd78-zn48b,995.781676
2026-06-02T15:30:46.754983932Z,activator-5c758bd78-zn48b,757.20164
2026-06-02T15:30:46.764343673Z,activator-5c758bd78-zn48b,18.16796
2026-06-02T15:30:46.813791339Z,activator-5c758bd78-zn48b,12.156201
2026-06-02T15:30:46.851743647Z,activator-5c758bd78-zn48b,647.172174
2026-06-02T15:30:46.862664094Z,activator-5c758bd78-zn48b,12.687676
2026-06-02T15:30:46.962749964Z,activator-5c758bd78-zn48b,13.713592
2026-06-02T15:30:46.976018867Z,activator-5c758bd78-zn48b,78.969014
2026-06-02T15:30:46.992396378Z,activator-5c758bd78-zn48b,695.739413
2026-06-02T15:30:47.076652496Z,activator-5c758bd78-zn48b,17.840938
2026-06-02T15:30:47.166990999Z,activator-5c758bd78-zn48b,13.63044
2026-06-02T15:30:47.280764272Z,activator-5c758bd78-zn48b,78.972827
2026-06-02T15:30:47.298701928Z,activator-5c758bd78-zn48b,49.820176
2026-06-02T15:30:47.31070488Z,activator-5c758bd78-zn48b,10.558768
2026-06-02T15:30:47.463567622Z,activator-5c758bd78-zn48b,16.115244
2026-06-02T15:30:47.480874141Z,activator-5c758bd78-zn48b,79.445599
2026-06-02T15:30:47.51786719Z,activator-5c758bd78-zn48b,21.190097
2026-06-02T15:30:47.566375766Z,activator-5c758bd78-zn48b,14.584424
2026-06-02T15:30:47.678361954Z,activator-5c758bd78-zn48b,683.468281
2026-06-02T15:30:47.693502182Z,activator-5c758bd78-zn48b,97.036792
2026-06-02T15:30:47.721549298Z,activator-5c758bd78-zn48b,613.380565
2026-06-02T15:30:47.745440642Z,activator-5c758bd78-zn48b,95.535853
2026-06-02T15:30:47.749553005Z,activator-5c758bd78-zn48b,48.356542
2026-06-02T15:30:47.749755854Z,activator-5c758bd78-zn48b,5.122434
2026-06-02T15:30:47.84397478Z,activator-5c758bd78-zn48b,43.410534
2026-06-02T15:30:47.875512088Z,activator-5c758bd78-zn48b,528.332995
2026-06-02T15:30:47.890978017Z,activator-5c758bd78-zn48b,39.992004
2026-06-02T15:30:47.914280171Z,activator-5c758bd78-zn48b,13.231835
2026-06-02T15:30:47.964883039Z,activator-5c758bd78-zn48b,19.463121
2026-06-02T15:30:48.022373423Z,activator-5c758bd78-zn48b,24.398766
2026-06-02T15:30:48.142966357Z,activator-5c758bd78-zn48b,47.384009
2026-06-02T15:30:48.329304779Z,activator-5c758bd78-zn48b,81.616495
2026-06-02T15:30:48.39978544Z,activator-5c758bd78-zn48b,91.978839
2026-06-02T15:30:48.496030711Z,activator-5c758bd78-zn48b,47.755434
2026-06-02T15:30:48.594550772Z,activator-5c758bd78-zn48b,543.752038
2026-06-02T15:30:48.605944985Z,activator-5c758bd78-zn48b,254.251454
2026-06-02T15:30:48.670265978Z,activator-5c758bd78-zn48b,18.155586
2026-06-02T15:30:48.680032299Z,activator-5c758bd78-zn48b,85.747322
2026-06-02T15:30:48.719825862Z,activator-5c758bd78-zn48b,16.834158
2026-06-02T15:30:48.73466964Z,activator-5c758bd78-zn48b,539.995499
2026-06-02T15:30:48.745702518Z,activator-5c758bd78-zn48b,350.546951
2026-06-02T15:30:48.755613978Z,activator-5c758bd78-zn48b,5.387719
2026-06-02T15:30:48.756634291Z,activator-5c758bd78-zn48b,254.176803
2026-06-02T15:30:48.800579378Z,activator-5c758bd78-zn48b,652.563213
2026-06-02T15:30:48.864127492Z,activator-5c758bd78-zn48b,66.278493
2026-06-02T15:30:48.917627828Z,activator-5c758bd78-zn48b,15.299852
2026-06-02T15:30:49.039920651Z,activator-5c758bd78-zn48b,94.692698
2026-06-02T15:30:49.085255845Z,activator-5c758bd78-zn48b,88.156666
2026-06-02T15:30:49.125796878Z,activator-5c758bd78-zn48b,577.626545
2026-06-02T15:30:49.133934255Z,activator-5c758bd78-zn48b,33.292123
2026-06-02T15:30:49.170223784Z,activator-5c758bd78-zn48b,17.312734
2026-06-02T15:30:49.333263816Z,activator-5c758bd78-zn48b,33.755221
2026-06-02T15:30:49.373222623Z,activator-5c758bd78-zn48b,26.450896
2026-06-02T15:30:49.418393764Z,activator-5c758bd78-zn48b,15.324108
2026-06-02T15:30:49.473748927Z,activator-5c758bd78-zn48b,15.502451
2026-06-02T15:30:49.50247327Z,activator-5c758bd78-zn48b,651.626
2026-06-02T15:30:49.505193622Z,activator-5c758bd78-zn48b,3.364085
2026-06-02T15:30:49.579014842Z,activator-5c758bd78-zn48b,530.564968
2026-06-02T15:30:49.628906537Z,activator-5c758bd78-zn48b,17.880936
2026-06-02T15:30:49.751633976Z,activator-5c758bd78-zn48b,4.041044
2026-06-02T15:30:49.793854138Z,activator-5c758bd78-zn48b,93.824226
2026-06-02T15:30:49.84835846Z,activator-5c758bd78-zn48b,646.214758
2026-06-02T15:30:49.902428806Z,activator-5c758bd78-zn48b,7.83986
2026-06-02T15:30:49.910526051Z,activator-5c758bd78-zn48b,666.413236
2026-06-02T15:30:49.965726294Z,activator-5c758bd78-zn48b,19.694298
2026-06-02T15:30:50.066446759Z,activator-5c758bd78-zn48b,18.245087
2026-06-02T15:30:50.096582027Z,activator-5c758bd78-zn48b,94.556479
2026-06-02T15:30:50.181373195Z,activator-5c758bd78-zn48b,81.496923
2026-06-02T15:30:50.199930331Z,activator-5c758bd78-zn48b,644.914764
2026-06-02T15:30:50.238864141Z,activator-5c758bd78-zn48b,87.290727
2026-06-02T15:30:50.264610102Z,activator-5c758bd78-zn48b,15.358589
2026-06-02T15:30:50.31166957Z,activator-5c758bd78-zn48b,655.918767
2026-06-02T15:30:50.363550864Z,activator-5c758bd78-zn48b,15.027401
2026-06-02T15:30:50.381216372Z,activator-5c758bd78-zn48b,86.207117
2026-06-02T15:30:50.45765693Z,activator-5c758bd78-zn48b,9.256901
2026-06-02T15:30:50.488761614Z,activator-5c758bd78-zn48b,91.522253
2026-06-02T15:30:50.495362908Z,activator-5c758bd78-zn48b,644.164663
2026-06-02T15:30:50.49954308Z,activator-5c758bd78-zn48b,694.581045
2026-06-02T15:30:50.530492112Z,activator-5c758bd78-zn48b,34.455015
2026-06-02T15:30:50.632254545Z,activator-5c758bd78-zn48b,33.207001
2026-06-02T15:30:50.663550934Z,activator-5c758bd78-zn48b,15.097666
2026-06-02T15:30:50.785023734Z,activator-5c758bd78-zn48b,33.493856
2026-06-02T15:30:50.831455361Z,activator-5c758bd78-zn48b,33.916977
2026-06-02T15:30:50.868764009Z,activator-5c758bd78-zn48b,20.021685
2026-06-02T15:30:50.877136031Z,activator-5c758bd78-zn48b,682.241583
2026-06-02T15:30:50.901919097Z,activator-5c758bd78-zn48b,7.676137
2026-06-02T15:30:50.949320106Z,activator-5c758bd78-zn48b,3.704837
2026-06-02T15:30:51.065880052Z,activator-5c758bd78-zn48b,12.646702
2026-06-02T15:30:51.119073685Z,activator-5c758bd78-zn48b,18.537561
2026-06-02T15:30:51.17962097Z,activator-5c758bd78-zn48b,33.11705
2026-06-02T15:30:51.217638266Z,activator-5c758bd78-zn48b,661.700861
2026-06-02T15:30:51.230899225Z,activator-5c758bd78-zn48b,32.87406
2026-06-02T15:30:51.251266223Z,activator-5c758bd78-zn48b,3.671407
2026-06-02T15:30:51.31982688Z,activator-5c758bd78-zn48b,612.172858
2026-06-02T15:30:51.364606762Z,activator-5c758bd78-zn48b,14.030267
2026-06-02T15:30:51.415697747Z,activator-5c758bd78-zn48b,13.513523
2026-06-02T15:30:51.526099084Z,activator-5c758bd78-zn48b,526.81767
2026-06-02T15:30:51.553375491Z,activator-5c758bd78-zn48b,3.875096
2026-06-02T15:30:51.585562638Z,activator-5c758bd78-zn48b,88.504681
2026-06-02T15:30:51.683705765Z,activator-5c758bd78-zn48b,33.265982
2026-06-02T15:30:51.695085267Z,activator-5c758bd78-zn48b,93.919374
2026-06-02T15:30:51.767974317Z,activator-5c758bd78-zn48b,14.949913
2026-06-02T15:30:51.782557731Z,activator-5c758bd78-zn48b,87.770693
2026-06-02T15:30:51.829813388Z,activator-5c758bd78-zn48b,527.909552
2026-06-02T15:30:51.879336358Z,activator-5c758bd78-zn48b,18.214003
2026-06-02T15:30:52.00531744Z,activator-5c758bd78-zn48b,7.861468
2026-06-02T15:30:52.032863912Z,activator-5c758bd78-zn48b,87.140624
2026-06-02T15:30:52.068579358Z,activator-5c758bd78-zn48b,19.388148
2026-06-02T15:30:52.194061105Z,activator-5c758bd78-zn48b,95.406967
2026-06-02T15:30:52.207944979Z,activator-5c758bd78-zn48b,12.824463
2026-06-02T15:30:52.251541799Z,activator-5c758bd78-zn48b,3.753529
2026-06-02T15:30:52.306041359Z,activator-5c758bd78-zn48b,9.109665
2026-06-02T15:30:52.358943981Z,activator-5c758bd78-zn48b,911.942268
2026-06-02T15:30:52.378516442Z,activator-5c758bd78-zn48b,33.287493
2026-06-02T15:30:52.399700564Z,activator-5c758bd78-zn48b,3.813869
2026-06-02T15:30:52.412964591Z,activator-5c758bd78-zn48b,610.44314
2026-06-02T15:30:52.469236241Z,activator-5c758bd78-zn48b,18.324887
2026-06-02T15:30:52.554385353Z,activator-5c758bd78-zn48b,655.441962
2026-06-02T15:30:52.568084602Z,activator-5c758bd78-zn48b,23.731754
2026-06-02T15:30:52.581275911Z,activator-5c758bd78-zn48b,86.266703
2026-06-02T15:30:52.600467211Z,activator-5c758bd78-zn48b,3.984258
2026-06-02T15:30:52.671079827Z,activator-5c758bd78-zn48b,20.466728
2026-06-02T15:30:52.730767823Z,activator-5c758bd78-zn48b,32.836584
2026-06-02T15:30:52.830381069Z,activator-5c758bd78-zn48b,34.091683
2026-06-02T15:30:52.840001972Z,activator-5c758bd78-zn48b,690.973758
2026-06-02T15:30:52.879518977Z,activator-5c758bd78-zn48b,33.185304
2026-06-02T15:30:52.920699588Z,activator-5c758bd78-zn48b,25.154599
2026-06-02T15:30:52.95016096Z,activator-5c758bd78-zn48b,3.917518
2026-06-02T15:30:53.062752081Z,activator-5c758bd78-zn48b,12.863054
2026-06-02T15:30:53.084636225Z,activator-5c758bd78-zn48b,87.234046
2026-06-02T15:30:53.160929643Z,activator-5c758bd78-zn48b,14.913439
2026-06-02T15:30:53.213957617Z,activator-5c758bd78-zn48b,14.028983
2026-06-02T15:30:53.27205972Z,activator-5c758bd78-zn48b,24.53991
2026-06-02T15:30:53.33070771Z,activator-5c758bd78-zn48b,33.646103
2026-06-02T15:30:53.369629433Z,activator-5c758bd78-zn48b,25.529989
2026-06-02T15:30:53.399875112Z,activator-5c758bd78-zn48b,645.934827
2026-06-02T15:30:53.482850599Z,activator-5c758bd78-zn48b,80.284313
2026-06-02T15:30:53.523527284Z,activator-5c758bd78-zn48b,24.540207
2026-06-02T15:30:53.570432129Z,activator-5c758bd78-zn48b,13.514806
2026-06-02T15:30:53.609699072Z,activator-5c758bd78-zn48b,11.615776
2026-06-02T15:30:53.734103905Z,activator-5c758bd78-zn48b,34.55418
2026-06-02T15:30:53.753840136Z,activator-5c758bd78-zn48b,657.951448
2026-06-02T15:30:53.814389577Z,activator-5c758bd78-zn48b,14.949403
2026-06-02T15:30:53.93820423Z,activator-5c758bd78-zn48b,92.323305
2026-06-02T15:30:54.002625202Z,activator-5c758bd78-zn48b,4.943988
2026-06-02T15:30:54.053271611Z,activator-5c758bd78-zn48b,3.800143
2026-06-02T15:30:54.096937154Z,activator-5c758bd78-zn48b,644.476041
2026-06-02T15:30:54.209805407Z,activator-5c758bd78-zn48b,558.274804
2026-06-02T15:30:54.217035473Z,activator-5c758bd78-zn48b,15.144759
2026-06-02T15:30:54.239087334Z,activator-5c758bd78-zn48b,92.01252
2026-06-02T15:30:54.295937789Z,activator-5c758bd78-zn48b,49.211747
2026-06-02T15:30:54.301525Z,activator-5c758bd78-zn48b,4.041556
2026-06-02T15:30:54.400387286Z,activator-5c758bd78-zn48b,653.023243
2026-06-02T15:30:54.484106604Z,activator-5c758bd78-zn48b,87.149789
2026-06-02T15:30:54.513721331Z,activator-5c758bd78-zn48b,612.177032
2026-06-02T15:30:54.563050786Z,activator-5c758bd78-zn48b,16.053217
2026-06-02T15:30:54.601052699Z,activator-5c758bd78-zn48b,651.030414
2026-06-02T15:30:54.623554489Z,activator-5c758bd78-zn48b,127.171589
2026-06-02T15:30:54.678613732Z,activator-5c758bd78-zn48b,580.307116
2026-06-02T15:30:54.690168589Z,activator-5c758bd78-zn48b,241.410639
2026-06-02T15:30:54.717553667Z,activator-5c758bd78-zn48b,15.621833
2026-06-02T15:30:54.734971335Z,activator-5c758bd78-zn48b,83.989277
2026-06-02T15:30:54.770077915Z,activator-5c758bd78-zn48b,13.531212
2026-06-02T15:30:54.886500766Z,activator-5c758bd78-zn48b,88.576936
2026-06-02T15:30:54.90512873Z,activator-5c758bd78-zn48b,5.481055
2026-06-02T15:30:54.906459886Z,activator-5c758bd78-zn48b,546.83427
2026-06-02T15:30:54.928131139Z,activator-5c758bd78-zn48b,80.601658
2026-06-02T15:30:54.962954603Z,activator-5c758bd78-zn48b,16.021197
2026-06-02T15:30:55.001463609Z,activator-5c758bd78-zn48b,6.020198
2026-06-02T15:30:55.101305175Z,activator-5c758bd78-zn48b,4.851208
2026-06-02T15:30:55.137006337Z,activator-5c758bd78-zn48b,87.479348
2026-06-02T15:30:55.165400331Z,activator-5c758bd78-zn48b,14.784218
2026-06-02T15:30:55.218248312Z,activator-5c758bd78-zn48b,14.913141
2026-06-02T15:30:55.286424167Z,activator-5c758bd78-zn48b,680.008702
2026-06-02T15:30:55.359686665Z,activator-5c758bd78-zn48b,5.361504
2026-06-02T15:30:55.379933789Z,activator-5c758bd78-zn48b,81.610565
2026-06-02T15:30:55.469386891Z,activator-5c758bd78-zn48b,14.577038
2026-06-02T15:30:55.483862541Z,activator-5c758bd78-zn48b,84.085473
2026-06-02T15:30:55.517929226Z,activator-5c758bd78-zn48b,18.974228
2026-06-02T15:30:55.569267535Z,activator-5c758bd78-zn48b,17.72021
2026-06-02T15:30:55.714985272Z,activator-5c758bd78-zn48b,16.125874
2026-06-02T15:30:55.809533982Z,activator-5c758bd78-zn48b,14.096272
2026-06-02T15:30:55.858703264Z,activator-5c758bd78-zn48b,13.093432
2026-06-02T15:30:55.897983538Z,activator-5c758bd78-zn48b,646.980254
2026-06-02T15:30:55.967618088Z,activator-5c758bd78-zn48b,18.208875
2026-06-02T15:30:56.181173135Z,activator-5c758bd78-zn48b,532.461636
2026-06-02T15:30:56.191628565Z,activator-5c758bd78-zn48b,97.83182
2026-06-02T15:30:56.222150467Z,activator-5c758bd78-zn48b,19.977341
2026-06-02T15:30:56.270399765Z,activator-5c758bd78-zn48b,666.077476
2026-06-02T15:30:56.276556977Z,activator-5c758bd78-zn48b,272.101117
2026-06-02T15:30:56.310887379Z,activator-5c758bd78-zn48b,11.109812
2026-06-02T15:30:56.367518697Z,activator-5c758bd78-zn48b,15.71867
2026-06-02T15:30:56.404567814Z,activator-5c758bd78-zn48b,651.473468
2026-06-02T15:30:56.448225081Z,activator-5c758bd78-zn48b,49.779575
2026-06-02T15:30:56.462495452Z,activator-5c758bd78-zn48b,12.97755
2026-06-02T15:30:56.513333331Z,activator-5c758bd78-zn48b,9.16743
2026-06-02T15:30:56.558935631Z,activator-5c758bd78-zn48b,660.482716
2026-06-02T15:30:56.559299266Z,activator-5c758bd78-zn48b,13.261579
2026-06-02T15:30:56.575423925Z,activator-5c758bd78-zn48b,527.364604
2026-06-02T15:30:56.61338293Z,activator-5c758bd78-zn48b,12.715117
2026-06-02T15:30:56.663755147Z,activator-5c758bd78-zn48b,12.002553
2026-06-02T15:30:56.714958561Z,activator-5c758bd78-zn48b,18.981649
2026-06-02T15:30:56.772315692Z,activator-5c758bd78-zn48b,16.375958
2026-06-02T15:30:56.81150429Z,activator-5c758bd78-zn48b,12.269434
2026-06-02T15:30:56.830549729Z,activator-5c758bd78-zn48b,678.807526
2026-06-02T15:30:56.919942116Z,activator-5c758bd78-zn48b,20.133645
2026-06-02T15:30:56.933702438Z,activator-5c758bd78-zn48b,82.855302
2026-06-02T15:30:57.006921549Z,activator-5c758bd78-zn48b,750.412503
2026-06-02T15:30:57.209281001Z,activator-5c758bd78-zn48b,11.942283
2026-06-02T15:30:57.328864615Z,activator-5c758bd78-zn48b,79.613441
2026-06-02T15:30:57.368232377Z,activator-5c758bd78-zn48b,13.855933
2026-06-02T15:30:57.464298898Z,activator-5c758bd78-zn48b,14.780052
2026-06-02T15:30:57.482021469Z,activator-5c758bd78-zn48b,529.775987
2026-06-02T15:30:57.493735172Z,activator-5c758bd78-zn48b,448.22462
2026-06-02T15:30:57.504606664Z,activator-5c758bd78-zn48b,205.29899
2026-06-02T15:30:57.505804565Z,activator-5c758bd78-zn48b,4.534373
2026-06-02T15:30:57.524942555Z,activator-5c758bd78-zn48b,527.845082
2026-06-02T15:30:57.562618347Z,activator-5c758bd78-zn48b,15.983489
2026-06-02T15:30:57.610325383Z,activator-5c758bd78-zn48b,14.509242
2026-06-02T15:30:57.736264034Z,activator-5c758bd78-zn48b,633.297219
2026-06-02T15:30:57.796341658Z,activator-5c758bd78-zn48b,49.292444
2026-06-02T15:30:57.81870596Z,activator-5c758bd78-zn48b,19.199266
2026-06-02T15:30:57.955565724Z,activator-5c758bd78-zn48b,5.960914
2026-06-02T15:30:58.011391526Z,activator-5c758bd78-zn48b,12.009308
2026-06-02T15:30:58.040107606Z,activator-5c758bd78-zn48b,634.324505
2026-06-02T15:30:58.042003809Z,activator-5c758bd78-zn48b,893.351917
2026-06-02T15:30:58.114205751Z,activator-5c758bd78-zn48b,18.441883
2026-06-02T15:30:58.134485399Z,activator-5c758bd78-zn48b,88.533152
2026-06-02T15:30:58.301892565Z,activator-5c758bd78-zn48b,652.926382
2026-06-02T15:30:58.312224402Z,activator-5c758bd78-zn48b,12.860918
2026-06-02T15:30:58.360969056Z,activator-5c758bd78-zn48b,657.614417
2026-06-02T15:30:58.366624337Z,activator-5c758bd78-zn48b,21.701763
2026-06-02T15:30:58.411065058Z,activator-5c758bd78-zn48b,12.434952
2026-06-02T15:30:58.459154093Z,activator-5c758bd78-zn48b,15.405714
2026-06-02T15:30:58.51023391Z,activator-5c758bd78-zn48b,654.347094
2026-06-02T15:30:58.513130182Z,activator-5c758bd78-zn48b,13.053036
2026-06-02T15:30:58.549986502Z,activator-5c758bd78-zn48b,650.754434
2026-06-02T15:30:58.55487983Z,activator-5c758bd78-zn48b,5.744307
2026-06-02T15:30:58.656326156Z,activator-5c758bd78-zn48b,11.438334
2026-06-02T15:30:58.674077506Z,activator-5c758bd78-zn48b,79.079649
2026-06-02T15:30:58.701727338Z,activator-5c758bd78-zn48b,4.560968
2026-06-02T15:30:58.80936213Z,activator-5c758bd78-zn48b,13.724826
2026-06-02T15:30:58.841067562Z,activator-5c758bd78-zn48b,96.591499
2026-06-02T15:30:58.863849042Z,activator-5c758bd78-zn48b,611.327092
2026-06-02T15:30:58.867741724Z,activator-5c758bd78-zn48b,17.697656
2026-06-02T15:30:58.915400473Z,activator-5c758bd78-zn48b,715.107683
2026-06-02T15:30:58.969471659Z,activator-5c758bd78-zn48b,11.67419
2026-06-02T15:30:58.979824549Z,activator-5c758bd78-zn48b,82.965053
2026-06-02T15:30:59.012229734Z,activator-5c758bd78-zn48b,16.583916
2026-06-02T15:30:59.115643127Z,activator-5c758bd78-zn48b,959.073052
2026-06-02T15:30:59.237194077Z,activator-5c758bd78-zn48b,92.019571
2026-06-02T15:30:59.244824099Z,activator-5c758bd78-zn48b,49.144196
2026-06-02T15:30:59.289344396Z,activator-5c758bd78-zn48b,45.248621
2026-06-02T15:30:59.308683945Z,activator-5c758bd78-zn48b,14.922485
2026-06-02T15:30:59.36587193Z,activator-5c758bd78-zn48b,10.595235
2026-06-02T15:30:59.464754875Z,activator-5c758bd78-zn48b,12.802861
2026-06-02T15:30:59.476194479Z,activator-5c758bd78-zn48b,81.032431
2026-06-02T15:30:59.602767038Z,activator-5c758bd78-zn48b,554.187456
2026-06-02T15:30:59.652925825Z,activator-5c758bd78-zn48b,556.047138
2026-06-02T15:30:59.663657723Z,activator-5c758bd78-zn48b,116.505494
2026-06-02T15:30:59.841079097Z,activator-5c758bd78-zn48b,93.19955
2026-06-02T15:30:59.946345439Z,activator-5c758bd78-zn48b,47.591752
2026-06-02T15:31:00.009370879Z,activator-5c758bd78-zn48b,14.344995
2026-06-02T15:31:00.054998167Z,activator-5c758bd78-zn48b,4.585912
2026-06-02T15:31:00.145203225Z,activator-5c758bd78-zn48b,546.612393
2026-06-02T15:31:00.163570859Z,activator-5c758bd78-zn48b,19.482981
2026-06-02T15:31:00.173582346Z,activator-5c758bd78-zn48b,78.164604
2026-06-02T15:31:00.179316984Z,activator-5c758bd78-zn48b,675.145155
2026-06-02T15:31:00.218067637Z,activator-5c758bd78-zn48b,12.75402
2026-06-02T15:31:00.232001043Z,activator-5c758bd78-zn48b,533.591116
2026-06-02T15:31:00.24408527Z,activator-5c758bd78-zn48b,399.817788
2026-06-02T15:31:00.251732639Z,activator-5c758bd78-zn48b,6.027723
2026-06-02T15:31:00.306909757Z,activator-5c758bd78-zn48b,659.757429
2026-06-02T15:31:00.360525916Z,activator-5c758bd78-zn48b,10.788401
2026-06-02T15:31:00.379523262Z,activator-5c758bd78-zn48b,79.272013
2026-06-02T15:31:00.409199547Z,activator-5c758bd78-zn48b,607.179508
2026-06-02T15:31:00.412050148Z,activator-5c758bd78-zn48b,11.628811
2026-06-02T15:31:00.467839368Z,activator-5c758bd78-zn48b,18.46282
2026-06-02T15:31:00.512397707Z,activator-5c758bd78-zn48b,17.469438
2026-06-02T15:31:00.604648582Z,activator-5c758bd78-zn48b,658.59667
2026-06-02T15:31:00.614037093Z,activator-5c758bd78-zn48b,14.948937
2026-06-02T15:31:00.624356119Z,activator-5c758bd78-zn48b,79.567713
2026-06-02T15:31:00.710377244Z,activator-5c758bd78-zn48b,12.11676
2026-06-02T15:31:00.729734105Z,activator-5c758bd78-zn48b,80.657803
2026-06-02T15:31:00.757167821Z,activator-5c758bd78-zn48b,7.925691
2026-06-02T15:31:00.816414033Z,activator-5c758bd78-zn48b,20.408146
2026-06-02T15:31:01.317109549Z,activator-5c758bd78-zn48b,20.453126
2026-06-02T15:31:01.340049395Z,activator-5c758bd78-zn48b,93.035426
2026-06-02T15:31:01.354981463Z,activator-5c758bd78-zn48b,4.579308
2026-06-02T15:31:01.417488495Z,activator-5c758bd78-zn48b,22.390423
2026-06-02T15:31:01.510086284Z,activator-5c758bd78-zn48b,653.851117
2026-06-02T15:31:01.528241124Z,activator-5c758bd78-zn48b,81.235549
2026-06-02T15:31:01.555989055Z,activator-5c758bd78-zn48b,653.203438
2026-06-02T15:31:01.564520213Z,activator-5c758bd78-zn48b,611.619448
2026-06-02T15:31:01.565708251Z,activator-5c758bd78-zn48b,11.969673
2026-06-02T15:31:01.622049341Z,activator-5c758bd78-zn48b,527.121286
2026-06-02T15:31:01.648971883Z,activator-5c758bd78-zn48b,4.631601
2026-06-02T15:31:01.650357672Z,activator-5c758bd78-zn48b,655.241963
2026-06-02T15:31:01.699732071Z,activator-5c758bd78-zn48b,4.625493
2026-06-02T15:31:01.711254912Z,activator-5c758bd78-zn48b,663.389633
2026-06-02T15:31:01.769802953Z,activator-5c758bd78-zn48b,13.863547
2026-06-02T15:31:01.819426752Z,activator-5c758bd78-zn48b,14.106998
2026-06-02T15:31:01.860922941Z,activator-5c758bd78-zn48b,15.682568
2026-06-02T15:31:01.877783664Z,activator-5c758bd78-zn48b,677.803964
2026-06-02T15:31:01.909541769Z,activator-5c758bd78-zn48b,9.226419
2026-06-02T15:31:02.014169794Z,activator-5c758bd78-zn48b,10.865062
2026-06-02T15:31:02.039293849Z,activator-5c758bd78-zn48b,93.580958
2026-06-02T15:31:02.053545038Z,activator-5c758bd78-zn48b,3.751402
2026-06-02T15:31:02.14510955Z,activator-5c758bd78-zn48b,546.954269
2026-06-02T15:31:02.148301764Z,activator-5c758bd78-zn48b,653.450609
2026-06-02T15:31:02.169049921Z,activator-5c758bd78-zn48b,1017.047129
2026-06-02T15:31:02.181649024Z,activator-5c758bd78-zn48b,87.341753
2026-06-02T15:31:02.219674783Z,activator-5c758bd78-zn48b,12.877585
2026-06-02T15:31:02.225395978Z,activator-5c758bd78-zn48b,80.580511
2026-06-02T15:31:02.310916393Z,activator-5c758bd78-zn48b,14.997467
2026-06-02T15:31:02.365583987Z,activator-5c758bd78-zn48b,18.689261
2026-06-02T15:31:02.415478566Z,activator-5c758bd78-zn48b,16.091072
2026-06-02T15:31:02.50004214Z,activator-5c758bd78-zn48b,5.857326
2026-06-02T15:31:02.565024651Z,activator-5c758bd78-zn48b,18.85852
2026-06-02T15:31:02.653707297Z,activator-5c758bd78-zn48b,8.546263
2026-06-02T15:31:02.70872876Z,activator-5c758bd78-zn48b,11.267917
2026-06-02T15:31:02.769641531Z,activator-5c758bd78-zn48b,524.263893
2026-06-02T15:31:02.77891676Z,activator-5c758bd78-zn48b,32.924562
2026-06-02T15:31:02.916937717Z,activator-5c758bd78-zn48b,14.032495
2026-06-02T15:31:02.955228909Z,activator-5c758bd78-zn48b,9.127262
2026-06-02T15:31:03.020991813Z,activator-5c758bd78-zn48b,15.744901
2026-06-02T15:31:03.07152942Z,activator-5c758bd78-zn48b,16.085318
2026-06-02T15:31:03.115324722Z,activator-5c758bd78-zn48b,15.454197
2026-06-02T15:31:03.120166235Z,activator-5c758bd78-zn48b,670.048313
2026-06-02T15:31:03.127766018Z,activator-5c758bd78-zn48b,527.725599
2026-06-02T15:31:03.209832252Z,activator-5c758bd78-zn48b,14.12879
2026-06-02T15:31:03.311324727Z,activator-5c758bd78-zn48b,14.440429
2026-06-02T15:31:03.372893481Z,activator-5c758bd78-zn48b,525.746204
2026-06-02T15:31:03.432319103Z,activator-5c758bd78-zn48b,627.239441
2026-06-02T15:31:03.436771171Z,activator-5c758bd78-zn48b,91.784967
2026-06-02T15:31:03.465791503Z,activator-5c758bd78-zn48b,16.630247
2026-06-02T15:31:03.68100655Z,activator-5c758bd78-zn48b,530.686513
2026-06-02T15:31:03.733380757Z,activator-5c758bd78-zn48b,88.186388
2026-06-02T15:31:03.788311586Z,activator-5c758bd78-zn48b,90.528974
2026-06-02T15:31:03.812718148Z,activator-5c758bd78-zn48b,14.064755
2026-06-02T15:31:03.864078403Z,activator-5c758bd78-zn48b,16.89927
2026-06-02T15:31:03.907692592Z,activator-5c758bd78-zn48b,8.630404
2026-06-02T15:31:03.924769425Z,activator-5c758bd78-zn48b,669.232178
2026-06-02T15:31:03.931663986Z,activator-5c758bd78-zn48b,331.465593
2026-06-02T15:31:03.953800043Z,activator-5c758bd78-zn48b,7.604953
2026-06-02T15:31:04.050703376Z,activator-5c758bd78-zn48b,655.498499
2026-06-02T15:31:04.064978115Z,activator-5c758bd78-zn48b,17.288248
2026-06-02T15:31:04.101475115Z,activator-5c758bd78-zn48b,4.449227
2026-06-02T15:31:04.148874924Z,activator-5c758bd78-zn48b,646.036736
2026-06-02T15:31:04.149188635Z,activator-5c758bd78-zn48b,3.407986
2026-06-02T15:31:04.216904317Z,activator-5c758bd78-zn48b,667.287508
2026-06-02T15:31:04.225059668Z,activator-5c758bd78-zn48b,28.029305
2026-06-02T15:31:04.309027469Z,activator-5c758bd78-zn48b,559.612041
2026-06-02T15:31:04.332593508Z,activator-5c758bd78-zn48b,33.049437
2026-06-02T15:31:04.356516105Z,activator-5c758bd78-zn48b,11.712667
2026-06-02T15:31:04.400258016Z,activator-5c758bd78-zn48b,4.099613
2026-06-02T15:31:04.462067108Z,activator-5c758bd78-zn48b,12.619755
2026-06-02T15:31:04.529718534Z,activator-5c758bd78-zn48b,530.054726
2026-06-02T15:31:04.583562023Z,activator-5c758bd78-zn48b,34.881344
2026-06-02T15:31:04.590679753Z,activator-5c758bd78-zn48b,90.873685
2026-06-02T15:31:04.615441109Z,activator-5c758bd78-zn48b,16.936243
2026-06-02T15:31:04.664019605Z,activator-5c758bd78-zn48b,16.542045
2026-06-02T15:31:04.802518279Z,activator-5c758bd78-zn48b,3.847464
2026-06-02T15:31:04.865506787Z,activator-5c758bd78-zn48b,18.348322
2026-06-02T15:31:04.917366264Z,activator-5c758bd78-zn48b,18.779892
2026-06-02T15:31:04.948844629Z,activator-5c758bd78-zn48b,3.753719
2026-06-02T15:31:05.005310418Z,activator-5c758bd78-zn48b,7.51892
2026-06-02T15:31:05.059205765Z,activator-5c758bd78-zn48b,807.767654
2026-06-02T15:31:05.108974824Z,activator-5c758bd78-zn48b,8.928436
2026-06-02T15:31:05.135253917Z,activator-5c758bd78-zn48b,89.449445
2026-06-02T15:31:05.241541867Z,activator-5c758bd78-zn48b,92.02284
2026-06-02T15:31:05.289957418Z,activator-5c758bd78-zn48b,93.175861
2026-06-02T15:31:05.313080202Z,activator-5c758bd78-zn48b,10.789898
2026-06-02T15:31:05.367027225Z,activator-5c758bd78-zn48b,17.386068
2026-06-02T15:31:05.398234959Z,activator-5c758bd78-zn48b,650.190207
2026-06-02T15:31:05.41413089Z,activator-5c758bd78-zn48b,16.592615
2026-06-02T15:31:05.449519695Z,activator-5c758bd78-zn48b,746.040888
2026-06-02T15:31:05.480056372Z,activator-5c758bd78-zn48b,34.269588
2026-06-02T15:31:05.573432275Z,activator-5c758bd78-zn48b,19.6932
2026-06-02T15:31:05.586124566Z,activator-5c758bd78-zn48b,87.226027
2026-06-02T15:31:05.667480215Z,activator-5c758bd78-zn48b,17.328328
2026-06-02T15:31:05.682364957Z,activator-5c758bd78-zn48b,87.391576
2026-06-02T15:31:05.717724887Z,activator-5c758bd78-zn48b,19.874388
2026-06-02T15:31:05.890650972Z,activator-5c758bd78-zn48b,91.082179
2026-06-02T15:31:05.913741333Z,activator-5c758bd78-zn48b,662.651163
2026-06-02T15:31:05.919879381Z,activator-5c758bd78-zn48b,21.330821
2026-06-02T15:31:05.964661126Z,activator-5c758bd78-zn48b,15.75744
2026-06-02T15:31:06.00818227Z,activator-5c758bd78-zn48b,8.693986
2026-06-02T15:31:06.136365457Z,activator-5c758bd78-zn48b,90.112421
2026-06-02T15:31:06.274597875Z,activator-5c758bd78-zn48b,528.46013
2026-06-02T15:31:06.284979176Z,activator-5c758bd78-zn48b,86.331232
2026-06-02T15:31:06.397815931Z,activator-5c758bd78-zn48b,98.388719
2026-06-02T15:31:06.40337229Z,activator-5c758bd78-zn48b,5.193836
2026-06-02T15:31:06.514386603Z,activator-5c758bd78-zn48b,17.880634
2026-06-02T15:31:06.542050143Z,activator-5c758bd78-zn48b,696.209173
2026-06-02T15:31:06.559690279Z,activator-5c758bd78-zn48b,13.348236
2026-06-02T15:31:06.602528973Z,activator-5c758bd78-zn48b,5.156094
2026-06-02T15:31:06.671465997Z,activator-5c758bd78-zn48b,527.121286
2026-06-02T15:31:06.717174353Z,activator-5c758bd78-zn48b,17.939211
2026-06-02T15:31:06.733842245Z,activator-5c758bd78-zn48b,89.524881
2026-06-02T15:31:06.784526369Z,activator-5c758bd78-zn48b,688.345197
2026-06-02T15:31:06.790643222Z,activator-5c758bd78-zn48b,443.860232
2026-06-02T15:31:06.814625161Z,activator-5c758bd78-zn48b,13.124594
2026-06-02T15:31:06.839111815Z,activator-5c758bd78-zn48b,89.788499
2026-06-02T15:31:06.903043107Z,activator-5c758bd78-zn48b,654.775907
2026-06-02T15:31:06.991885162Z,activator-5c758bd78-zn48b,541.509834
2026-06-02T15:31:07.13189985Z,activator-5c758bd78-zn48b,83.570603
2026-06-02T15:31:07.204606734Z,activator-5c758bd78-zn48b,5.629356
2026-06-02T15:31:07.236109405Z,activator-5c758bd78-zn48b,90.853879
2026-06-02T15:31:07.251261104Z,activator-5c758bd78-zn48b,5.884393
2026-06-02T15:31:07.357265997Z,activator-5c758bd78-zn48b,11.197916
2026-06-02T15:31:07.375969094Z,activator-5c758bd78-zn48b,525.477198
2026-06-02T15:31:07.382711016Z,activator-5c758bd78-zn48b,86.845682
2026-06-02T15:31:07.482529953Z,activator-5c758bd78-zn48b,87.664149
2026-06-02T15:31:07.511105795Z,activator-5c758bd78-zn48b,13.767655
2026-06-02T15:31:07.587443923Z,activator-5c758bd78-zn48b,684.908563
2026-06-02T15:31:07.603372307Z,activator-5c758bd78-zn48b,5.022587
2026-06-02T15:31:07.610548325Z,activator-5c758bd78-zn48b,656.359838
2026-06-02T15:31:07.617138683Z,activator-5c758bd78-zn48b,61.761646
2026-06-02T15:31:07.668374821Z,activator-5c758bd78-zn48b,671.357228
2026-06-02T15:31:07.715205449Z,activator-5c758bd78-zn48b,612.84708
2026-06-02T15:31:07.7259759Z,activator-5c758bd78-zn48b,26.048829
2026-06-02T15:31:07.738111475Z,activator-5c758bd78-zn48b,90.451739
2026-06-02T15:31:07.770659718Z,activator-5c758bd78-zn48b,20.630921
2026-06-02T15:31:07.803900049Z,activator-5c758bd78-zn48b,5.671586
2026-06-02T15:31:07.849949784Z,activator-5c758bd78-zn48b,4.673491
2026-06-02T15:31:07.915633786Z,activator-5c758bd78-zn48b,14.690986
2026-06-02T15:31:07.966395876Z,activator-5c758bd78-zn48b,19.130401
2026-06-02T15:31:07.971104548Z,activator-5c758bd78-zn48b,524.897149
2026-06-02T15:31:08.066879821Z,activator-5c758bd78-zn48b,15.767993
2026-06-02T15:31:08.116444955Z,activator-5c758bd78-zn48b,17.717664
2026-06-02T15:31:08.164573433Z,activator-5c758bd78-zn48b,18.042045
2026-06-02T15:31:08.20983677Z,activator-5c758bd78-zn48b,12.036358
2026-06-02T15:31:08.333791226Z,activator-5c758bd78-zn48b,87.836017
2026-06-02T15:31:08.367428927Z,activator-5c758bd78-zn48b,19.611489
2026-06-02T15:31:08.382324446Z,activator-5c758bd78-zn48b,84.874915
2026-06-02T15:31:08.516533003Z,activator-5c758bd78-zn48b,18.876581
2026-06-02T15:31:08.54017611Z,activator-5c758bd78-zn48b,90.69847
2026-06-02T15:31:08.565280975Z,activator-5c758bd78-zn48b,11.93348
2026-06-02T15:31:08.603924196Z,activator-5c758bd78-zn48b,5.898272
2026-06-02T15:31:08.652119789Z,activator-5c758bd78-zn48b,650.882205
2026-06-02T15:31:08.661894222Z,activator-5c758bd78-zn48b,12.9754
2026-06-02T15:31:08.711753979Z,activator-5c758bd78-zn48b,15.976116
2026-06-02T15:31:08.764815053Z,activator-5c758bd78-zn48b,17.981566
2026-06-02T15:31:08.86503862Z,activator-5c758bd78-zn48b,12.571734
2026-06-02T15:31:08.997225344Z,activator-5c758bd78-zn48b,49.659307
2026-06-02T15:31:09.055778823Z,activator-5c758bd78-zn48b,658.808421
2026-06-02T15:31:09.164084878Z,activator-5c758bd78-zn48b,12.296952
2026-06-02T15:31:09.188850521Z,activator-5c758bd78-zn48b,94.422535
2026-06-02T15:31:09.205866242Z,activator-5c758bd78-zn48b,4.888974
2026-06-02T15:31:09.340867646Z,activator-5c758bd78-zn48b,542.878624
2026-06-02T15:31:09.418559756Z,activator-5c758bd78-zn48b,22.998912
2026-06-02T15:31:09.432163535Z,activator-5c758bd78-zn48b,86.095037
2026-06-02T15:31:09.445042318Z,activator-5c758bd78-zn48b,545.793678
2026-06-02T15:31:09.46292241Z,activator-5c758bd78-zn48b,17.703234
2026-06-02T15:31:09.578506135Z,activator-5c758bd78-zn48b,79.882607
2026-06-02T15:31:09.619518309Z,activator-5c758bd78-zn48b,24.456104
2026-06-02T15:31:09.652723287Z,activator-5c758bd78-zn48b,5.554592
2026-06-02T15:31:09.658119492Z,activator-5c758bd78-zn48b,656.395709
2026-06-02T15:31:09.664599937Z,activator-5c758bd78-zn48b,113.716306
2026-06-02T15:31:09.689850277Z,activator-5c758bd78-zn48b,638.029349
2026-06-02T15:31:09.717402889Z,activator-5c758bd78-zn48b,15.784229
2026-06-02T15:31:09.844698581Z,activator-5c758bd78-zn48b,49.597707
2026-06-02T15:31:09.862579958Z,activator-5c758bd78-zn48b,17.076928
2026-06-02T15:31:09.921102597Z,activator-5c758bd78-zn48b,668.203895
2026-06-02T15:31:09.951572976Z,activator-5c758bd78-zn48b,654.852567
2026-06-02T15:31:09.964621346Z,activator-5c758bd78-zn48b,14.134224
2026-06-02T15:31:10.051100692Z,activator-5c758bd78-zn48b,4.855505
2026-06-02T15:31:10.084889395Z,activator-5c758bd78-zn48b,89.249422
2026-06-02T15:31:10.108758333Z,activator-5c758bd78-zn48b,10.624355
2026-06-02T15:31:10.299863244Z,activator-5c758bd78-zn48b,5.129711
2026-06-02T15:31:10.367216934Z,activator-5c758bd78-zn48b,616.35648
2026-06-02T15:31:10.462595344Z,activator-5c758bd78-zn48b,565.307228
2026-06-02T15:31:10.473831865Z,activator-5c758bd78-zn48b,125.501782
2026-06-02T15:31:10.515237173Z,activator-5c758bd78-zn48b,13.351366
2026-06-02T15:31:10.708696482Z,activator-5c758bd78-zn48b,11.651208
2026-06-02T15:31:10.724308838Z,activator-5c758bd78-zn48b,79.134317
2026-06-02T15:31:10.725841645Z,activator-5c758bd78-zn48b,528.467889
2026-06-02T15:31:10.768400582Z,activator-5c758bd78-zn48b,17.643848
2026-06-02T15:31:10.803175043Z,activator-5c758bd78-zn48b,648.092038
2026-06-02T15:31:10.844508562Z,activator-5c758bd78-zn48b,48.51621
2026-06-02T15:31:10.855630831Z,activator-5c758bd78-zn48b,11.898962
2026-06-02T15:31:10.992387809Z,activator-5c758bd78-zn48b,597.250657
2026-06-02T15:31:11.003233538Z,activator-5c758bd78-zn48b,457.328658
2026-06-02T15:31:11.01393433Z,activator-5c758bd78-zn48b,414.280975
2026-06-02T15:31:11.095194108Z,activator-5c758bd78-zn48b,650.082539
2026-06-02T15:31:11.147294162Z,activator-5c758bd78-zn48b,50.474919
2026-06-02T15:31:11.213573864Z,activator-5c758bd78-zn48b,12.639348
2026-06-02T15:31:11.242502338Z,activator-5c758bd78-zn48b,995.965179
2026-06-02T15:31:11.253389203Z,activator-5c758bd78-zn48b,355.333607
2026-06-02T15:31:11.265138116Z,activator-5c758bd78-zn48b,315.37057
2026-06-02T15:31:11.308872628Z,activator-5c758bd78-zn48b,12.168551
2026-06-02T15:31:11.428354964Z,activator-5c758bd78-zn48b,79.916794
2026-06-02T15:31:11.489857756Z,activator-5c758bd78-zn48b,91.588702
2026-06-02T15:31:11.532439454Z,activator-5c758bd78-zn48b,537.555252
2026-06-02T15:31:11.543227475Z,activator-5c758bd78-zn48b,496.880179
2026-06-02T15:31:11.582401374Z,activator-5c758bd78-zn48b,88.512959
2026-06-02T15:31:11.609902343Z,activator-5c758bd78-zn48b,12.414125
2026-06-02T15:31:11.633087872Z,activator-5c758bd78-zn48b,80.909349
2026-06-02T15:31:11.71524522Z,activator-5c758bd78-zn48b,12.873315
2026-06-02T15:31:11.783900779Z,activator-5c758bd78-zn48b,536.788053
2026-06-02T15:31:11.794628416Z,activator-5c758bd78-zn48b,349.444681
2026-06-02T15:31:11.826312745Z,activator-5c758bd78-zn48b,79.461305
2026-06-02T15:31:11.855868968Z,activator-5c758bd78-zn48b,11.9336
2026-06-02T15:31:11.915843948Z,activator-5c758bd78-zn48b,15.57276
2026-06-02T15:31:12.007789092Z,activator-5c758bd78-zn48b,10.694726
2026-06-02T15:31:12.028182124Z,activator-5c758bd78-zn48b,80.888036
2026-06-02T15:31:12.060945352Z,activator-5c758bd78-zn48b,913.46502
2026-06-02T15:31:12.071625417Z,activator-5c758bd78-zn48b,423.456011
2026-06-02T15:31:12.097427198Z,activator-5c758bd78-zn48b,49.399253
2026-06-02T15:31:12.172964718Z,activator-5c758bd78-zn48b,17.650854
2026-06-02T15:31:12.276400075Z,activator-5c758bd78-zn48b,80.894359
2026-06-02T15:31:12.313902634Z,activator-5c758bd78-zn48b,4.516136
2026-06-02T15:31:12.314127529Z,activator-5c758bd78-zn48b,15.203906
2026-06-02T15:31:12.360786292Z,activator-5c758bd78-zn48b,10.633304
2026-06-02T15:31:12.361990358Z,activator-5c758bd78-zn48b,565.717862
2026-06-02T15:31:12.414516304Z,activator-5c758bd78-zn48b,18.290395
2026-06-02T15:31:12.515097601Z,activator-5c758bd78-zn48b,18.151545
2026-06-02T15:31:12.568859366Z,activator-5c758bd78-zn48b,14.349743
2026-06-02T15:31:12.713540015Z,activator-5c758bd78-zn48b,16.828385
2026-06-02T15:31:12.737043993Z,activator-5c758bd78-zn48b,92.065394
2026-06-02T15:31:12.796673258Z,activator-5c758bd78-zn48b,48.943272
2026-06-02T15:31:12.835062991Z,activator-5c758bd78-zn48b,38.671889
2026-06-02T15:31:12.861039947Z,activator-5c758bd78-zn48b,12.628137
2026-06-02T15:31:12.901920807Z,activator-5c758bd78-zn48b,654.517619
2026-06-02T15:31:12.952997545Z,activator-5c758bd78-zn48b,5.155876
2026-06-02T15:31:13.062712314Z,activator-5c758bd78-zn48b,17.086602
2026-06-02T15:31:13.080490304Z,activator-5c758bd78-zn48b,85.937435
2026-06-02T15:31:13.114999172Z,activator-5c758bd78-zn48b,15.19489
2026-06-02T15:31:13.215017668Z,activator-5c758bd78-zn48b,19.360412
2026-06-02T15:31:13.227243493Z,activator-5c758bd78-zn48b,80.1036
2026-06-02T15:31:13.259837235Z,activator-5c758bd78-zn48b,656.65567
2026-06-02T15:31:13.281563602Z,activator-5c758bd78-zn48b,34.439479
2026-06-02T15:31:13.313447616Z,activator-5c758bd78-zn48b,863.714922
2026-06-02T15:31:13.364878975Z,activator-5c758bd78-zn48b,17.034373
2026-06-02T15:31:13.464074658Z,activator-5c758bd78-zn48b,13.316932
2026-06-02T15:31:13.490435627Z,activator-5c758bd78-zn48b,92.62164
2026-06-02T15:31:13.506506028Z,activator-5c758bd78-zn48b,7.771726
2026-06-02T15:31:13.569177483Z,activator-5c758bd78-zn48b,20.931082
2026-06-02T15:31:13.590474667Z,activator-5c758bd78-zn48b,694.868955
2026-06-02T15:31:13.66111099Z,activator-5c758bd78-zn48b,13.469843
2026-06-02T15:31:13.78737972Z,activator-5c758bd78-zn48b,90.094002
2026-06-02T15:31:13.813596065Z,activator-5c758bd78-zn48b,18.544842
2026-06-02T15:31:13.953430625Z,activator-5c758bd78-zn48b,658.082444
2026-06-02T15:31:13.961079976Z,activator-5c758bd78-zn48b,14.212212
2026-06-02T15:31:13.978182866Z,activator-5c758bd78-zn48b,81.34187
2026-06-02T15:31:14.057461445Z,activator-5c758bd78-zn48b,12.598566
2026-06-02T15:31:14.090511313Z,activator-5c758bd78-zn48b,92.960932
2026-06-02T15:31:14.115790173Z,activator-5c758bd78-zn48b,13.776613
2026-06-02T15:31:14.122332826Z,activator-5c758bd78-zn48b,525.856592
2026-06-02T15:31:14.235407216Z,activator-5c758bd78-zn48b,87.925905
2026-06-02T15:31:14.27936296Z,activator-5c758bd78-zn48b,34.638522
2026-06-02T15:31:14.279585889Z,activator-5c758bd78-zn48b,82.207275
2026-06-02T15:31:14.386480062Z,activator-5c758bd78-zn48b,87.27693
2026-06-02T15:31:14.428837012Z,activator-5c758bd78-zn48b,679.643714
2026-06-02T15:31:14.506204792Z,activator-5c758bd78-zn48b,656.996859
2026-06-02T15:31:14.526216698Z,activator-5c758bd78-zn48b,80.137357
2026-06-02T15:31:14.627716101Z,activator-5c758bd78-zn48b,79.205615
2026-06-02T15:31:14.63371116Z,activator-5c758bd78-zn48b,35.890394
2026-06-02T15:31:14.657221498Z,activator-5c758bd78-zn48b,12.78162
2026-06-02T15:31:14.710605006Z,activator-5c758bd78-zn48b,12.568633
2026-06-02T15:31:14.809888177Z,activator-5c758bd78-zn48b,13.061962
2026-06-02T15:31:14.824920223Z,activator-5c758bd78-zn48b,80.486654
2026-06-02T15:31:14.909539618Z,activator-5c758bd78-zn48b,12.810012
2026-06-02T15:31:14.933949848Z,activator-5c758bd78-zn48b,88.96003
2026-06-02T15:31:15.021601547Z,activator-5c758bd78-zn48b,678.249867
2026-06-02T15:31:15.028243605Z,activator-5c758bd78-zn48b,31.770147
2026-06-02T15:31:15.067184108Z,activator-5c758bd78-zn48b,14.249315
2026-06-02T15:31:15.093620792Z,activator-5c758bd78-zn48b,691.472336
2026-06-02T15:31:15.115604845Z,activator-5c758bd78-zn48b,13.712789
2026-06-02T15:31:15.150190432Z,activator-5c758bd78-zn48b,654.401477
2026-06-02T15:31:15.266265648Z,activator-5c758bd78-zn48b,19.352204
2026-06-02T15:31:15.27910758Z,activator-5c758bd78-zn48b,84.450705
2026-06-02T15:31:15.403972423Z,activator-5c758bd78-zn48b,8.786272
2026-06-02T15:31:15.532925414Z,activator-5c758bd78-zn48b,88.574311
2026-06-02T15:31:15.574355895Z,activator-5c758bd78-zn48b,27.831913
2026-06-02T15:31:15.605739635Z,activator-5c758bd78-zn48b,660.53598
2026-06-02T15:31:15.616591274Z,activator-5c758bd78-zn48b,12.294069
2026-06-02T15:31:15.802069591Z,activator-5c758bd78-zn48b,655.5698
2026-06-02T15:31:15.808690917Z,activator-5c758bd78-zn48b,13.992844
2026-06-02T15:31:15.83900209Z,activator-5c758bd78-zn48b,92.137287
2026-06-02T15:31:15.882692861Z,activator-5c758bd78-zn48b,35.71706
2026-06-02T15:31:15.928887799Z,activator-5c758bd78-zn48b,33.748028
2026-06-02T15:31:15.951182685Z,activator-5c758bd78-zn48b,647.954778
2026-06-02T15:31:15.954086906Z,activator-5c758bd78-zn48b,7.941676
2026-06-02T15:31:16.025152275Z,activator-5c758bd78-zn48b,528.125393
2026-06-02T15:31:16.060761193Z,activator-5c758bd78-zn48b,13.998042
2026-06-02T15:31:16.097504187Z,activator-5c758bd78-zn48b,93.059646
2026-06-02T15:31:16.215719159Z,activator-5c758bd78-zn48b,566.461275
2026-06-02T15:31:16.235805009Z,activator-5c758bd78-zn48b,87.925931
2026-06-02T15:31:16.266192305Z,activator-5c758bd78-zn48b,19.09618
2026-06-02T15:31:16.388203505Z,activator-5c758bd78-zn48b,88.670871
2026-06-02T15:31:16.415993996Z,activator-5c758bd78-zn48b,19.260618
2026-06-02T15:31:16.452650258Z,activator-5c758bd78-zn48b,1104.339479
2026-06-02T15:31:16.466530062Z,activator-5c758bd78-zn48b,19.725355
2026-06-02T15:31:16.562352557Z,activator-5c758bd78-zn48b,14.542403
2026-06-02T15:31:16.590504353Z,activator-5c758bd78-zn48b,90.44287
2026-06-02T15:31:16.602537696Z,activator-5c758bd78-zn48b,4.911383
2026-06-02T15:31:16.723062875Z,activator-5c758bd78-zn48b,622.823096
2026-06-02T15:31:16.7331784Z,activator-5c758bd78-zn48b,1037.77892
2026-06-02T15:31:16.734550402Z,activator-5c758bd78-zn48b,88.052623
2026-06-02T15:31:16.816449989Z,activator-5c758bd78-zn48b,18.624865
2026-06-02T15:31:16.82471356Z,activator-5c758bd78-zn48b,623.651424
2026-06-02T15:31:17.003618915Z,activator-5c758bd78-zn48b,651.698452
2026-06-02T15:31:17.037774864Z,activator-5c758bd78-zn48b,92.465083
2026-06-02T15:31:17.068494897Z,activator-5c758bd78-zn48b,15.631466
2026-06-02T15:31:17.104037082Z,activator-5c758bd78-zn48b,9.687517
2026-06-02T15:31:17.162313398Z,activator-5c758bd78-zn48b,15.289584
2026-06-02T15:31:17.277517274Z,activator-5c758bd78-zn48b,529.402667
2026-06-02T15:31:17.350656844Z,activator-5c758bd78-zn48b,654.227374
2026-06-02T15:31:17.35730211Z,activator-5c758bd78-zn48b,112.376474
2026-06-02T15:31:17.40687121Z,activator-5c758bd78-zn48b,8.627389
2026-06-02T15:31:17.432615265Z,activator-5c758bd78-zn48b,87.776424
2026-06-02T15:31:17.449618653Z,activator-5c758bd78-zn48b,3.916265
2026-06-02T15:31:17.466686311Z,activator-5c758bd78-zn48b,615.785753
2026-06-02T15:31:17.514957394Z,activator-5c758bd78-zn48b,19.069186
2026-06-02T15:31:17.547939504Z,activator-5c758bd78-zn48b,650.098778
2026-06-02T15:31:17.55968202Z,activator-5c758bd78-zn48b,14.153369
2026-06-02T15:31:17.683425596Z,activator-5c758bd78-zn48b,86.930057
2026-06-02T15:31:17.6954814Z,activator-5c758bd78-zn48b,697.815686
2026-06-02T15:31:17.732172873Z,activator-5c758bd78-zn48b,535.24045
2026-06-02T15:31:17.860775799Z,activator-5c758bd78-zn48b,14.28019
2026-06-02T15:31:17.959193479Z,activator-5c758bd78-zn48b,659.054611
2026-06-02T15:31:18.034612873Z,activator-5c758bd78-zn48b,88.566493
2026-06-02T15:31:18.080235815Z,activator-5c758bd78-zn48b,35.029105
2026-06-02T15:31:18.099247645Z,activator-5c758bd78-zn48b,3.575213
2026-06-02T15:31:18.23013388Z,activator-5c758bd78-zn48b,81.111353
2026-06-02T15:31:18.299006518Z,activator-5c758bd78-zn48b,651.887291
2026-06-02T15:31:18.313738431Z,activator-5c758bd78-zn48b,13.322168
2026-06-02T15:31:18.352797666Z,activator-5c758bd78-zn48b,649.464004
2026-06-02T15:31:18.396546112Z,activator-5c758bd78-zn48b,650.878632
2026-06-02T15:31:18.409408731Z,activator-5c758bd78-zn48b,12.658554
2026-06-02T15:31:18.431355554Z,activator-5c758bd78-zn48b,82.699319
2026-06-02T15:31:18.461205737Z,activator-5c758bd78-zn48b,665.70667
2026-06-02T15:31:18.468117611Z,activator-5c758bd78-zn48b,572.417742
2026-06-02T15:31:18.522624863Z,activator-5c758bd78-zn48b,527.018426
2026-06-02T15:31:18.563666574Z,activator-5c758bd78-zn48b,14.074575
2026-06-02T15:31:18.584809996Z,activator-5c758bd78-zn48b,88.074338
2026-06-02T15:31:18.642244686Z,activator-5c758bd78-zn48b,46.807756
2026-06-02T15:31:18.647601555Z,activator-5c758bd78-zn48b,4.088474
2026-06-02T15:31:18.720505842Z,activator-5c758bd78-zn48b,21.267744
2026-06-02T15:31:18.798173741Z,activator-5c758bd78-zn48b,49.707337
2026-06-02T15:31:18.839558365Z,activator-5c758bd78-zn48b,43.947272
2026-06-02T15:31:18.865547401Z,activator-5c758bd78-zn48b,17.556788
2026-06-02T15:31:18.918797931Z,activator-5c758bd78-zn48b,22.137482
2026-06-02T15:31:19.023184431Z,activator-5c758bd78-zn48b,23.783623
2026-06-02T15:31:19.049651004Z,activator-5c758bd78-zn48b,854.632997
2026-06-02T15:31:19.055497672Z,activator-5c758bd78-zn48b,10.74311
2026-06-02T15:31:19.055917279Z,activator-5c758bd78-zn48b,810.9062
2026-06-02T15:31:19.131502387Z,activator-5c758bd78-zn48b,683.235051
2026-06-02T15:31:19.214954491Z,activator-5c758bd78-zn48b,13.441947
2026-06-02T15:31:19.416712963Z,activator-5c758bd78-zn48b,14.048792
2026-06-02T15:31:19.441472279Z,activator-5c758bd78-zn48b,94.626602
2026-06-02T15:31:19.471738815Z,activator-5c758bd78-zn48b,24.246376
2026-06-02T15:31:19.514106368Z,activator-5c758bd78-zn48b,14.384748
2026-06-02T15:31:19.683974648Z,activator-5c758bd78-zn48b,86.609709
2026-06-02T15:31:19.712596795Z,activator-5c758bd78-zn48b,16.793955
2026-06-02T15:31:19.725155104Z,activator-5c758bd78-zn48b,80.631167
2026-06-02T15:31:19.76684218Z,activator-5c758bd78-zn48b,13.789457
2026-06-02T15:31:19.770298541Z,activator-5c758bd78-zn48b,524.061433
2026-06-02T15:31:19.780144925Z,activator-5c758bd78-zn48b,832.099444
2026-06-02T15:31:19.78860693Z,activator-5c758bd78-zn48b,687.409414
2026-06-02T15:31:19.835877876Z,activator-5c758bd78-zn48b,690.709118
2026-06-02T15:31:19.84248762Z,activator-5c758bd78-zn48b,544.707764
2026-06-02T15:31:19.859080605Z,activator-5c758bd78-zn48b,11.943735
2026-06-02T15:31:19.986162718Z,activator-5c758bd78-zn48b,87.233667
2026-06-02T15:31:20.00769106Z,activator-5c758bd78-zn48b,13.300227
2026-06-02T15:31:20.031565404Z,activator-5c758bd78-zn48b,84.662087
2026-06-02T15:31:20.07044195Z,activator-5c758bd78-zn48b,22.618815
2026-06-02T15:31:20.118271512Z,activator-5c758bd78-zn48b,13.895784
2026-06-02T15:31:20.212859373Z,activator-5c758bd78-zn48b,664.962855
2026-06-02T15:31:20.233261998Z,activator-5c758bd78-zn48b,88.625723
2026-06-02T15:31:20.277730264Z,activator-5c758bd78-zn48b,80.403931
2026-06-02T15:31:20.296433221Z,activator-5c758bd78-zn48b,49.298059
2026-06-02T15:31:20.322905543Z,activator-5c758bd78-zn48b,25.740676
2026-06-02T15:31:20.456309577Z,activator-5c758bd78-zn48b,651.440758
2026-06-02T15:31:20.483607279Z,activator-5c758bd78-zn48b,87.461091
2026-06-02T15:31:20.598007192Z,activator-5c758bd78-zn48b,50.013121
2026-06-02T15:31:20.617807749Z,activator-5c758bd78-zn48b,21.062939
2026-06-02T15:31:20.736420408Z,activator-5c758bd78-zn48b,91.414092
2026-06-02T15:31:20.828851926Z,activator-5c758bd78-zn48b,83.21828
2026-06-02T15:31:20.843836506Z,activator-5c758bd78-zn48b,47.315328
2026-06-02T15:31:20.903179467Z,activator-5c758bd78-zn48b,555.973848
2026-06-02T15:31:20.931028772Z,activator-5c758bd78-zn48b,86.306342
2026-06-02T15:31:21.008421413Z,activator-5c758bd78-zn48b,13.302784
2026-06-02T15:31:21.058632708Z,activator-5c758bd78-zn48b,11.734056
2026-06-02T15:31:21.104671512Z,activator-5c758bd78-zn48b,657.828506
2026-06-02T15:31:21.117614932Z,activator-5c758bd78-zn48b,17.286923
2026-06-02T15:31:21.162385356Z,activator-5c758bd78-zn48b,664.424063
2026-06-02T15:31:21.329913491Z,activator-5c758bd78-zn48b,84.516559
2026-06-02T15:31:21.349570683Z,activator-5c758bd78-zn48b,653.125911
2026-06-02T15:31:21.460582728Z,activator-5c758bd78-zn48b,563.453767
2026-06-02T15:31:21.471361477Z,activator-5c758bd78-zn48b,75.981135
2026-06-02T15:31:21.482615098Z,activator-5c758bd78-zn48b,534.634472
2026-06-02T15:31:21.496034948Z,activator-5c758bd78-zn48b,49.020581
2026-06-02T15:31:21.514730477Z,activator-5c758bd78-zn48b,17.60258
2026-06-02T15:31:21.631479885Z,activator-5c758bd78-zn48b,87.57363
2026-06-02T15:31:21.646346787Z,activator-5c758bd78-zn48b,48.962647
2026-06-02T15:31:21.650225522Z,activator-5c758bd78-zn48b,4.711189
2026-06-02T15:31:21.718161812Z,activator-5c758bd78-zn48b,15.3688
2026-06-02T15:31:21.761652675Z,activator-5c758bd78-zn48b,14.080696
2026-06-02T15:31:21.817889493Z,activator-5c758bd78-zn48b,669.330768
2026-06-02T15:31:21.862736116Z,activator-5c758bd78-zn48b,16.301966
2026-06-02T15:31:21.879495897Z,activator-5c758bd78-zn48b,83.766821
2026-06-02T15:31:21.950357278Z,activator-5c758bd78-zn48b,648.893862
2026-06-02T15:31:21.976054898Z,activator-5c758bd78-zn48b,80.256102
2026-06-02T15:31:21.987180338Z,activator-5c758bd78-zn48b,636.467265
2026-06-02T15:31:22.00180135Z,activator-5c758bd78-zn48b,803.772366
2026-06-02T15:31:22.043466133Z,activator-5c758bd78-zn48b,48.000647
2026-06-02T15:31:22.066724154Z,activator-5c758bd78-zn48b,20.20204
2026-06-02T15:31:22.166785511Z,activator-5c758bd78-zn48b,13.308643
2026-06-02T15:31:22.175973961Z,activator-5c758bd78-zn48b,79.992285
2026-06-02T15:31:22.216143503Z,activator-5c758bd78-zn48b,18.904553
2026-06-02T15:31:22.356155326Z,activator-5c758bd78-zn48b,10.797528
2026-06-02T15:31:22.384402432Z,activator-5c758bd78-zn48b,87.996692
2026-06-02T15:31:22.414309144Z,activator-5c758bd78-zn48b,13.333776
2026-06-02T15:31:22.464416112Z,activator-5c758bd78-zn48b,18.209616
2026-06-02T15:31:22.508802336Z,activator-5c758bd78-zn48b,12.480226
2026-06-02T15:31:22.568037204Z,activator-5c758bd78-zn48b,16.135904
2026-06-02T15:31:22.614243842Z,activator-5c758bd78-zn48b,19.56214
2026-06-02T15:31:22.678385893Z,activator-5c758bd78-zn48b,728.685128
2026-06-02T15:31:22.715011317Z,activator-5c758bd78-zn48b,16.917366
2026-06-02T15:31:22.752432727Z,activator-5c758bd78-zn48b,5.752268
2026-06-02T15:31:22.787348819Z,activator-5c758bd78-zn48b,541.363187
2026-06-02T15:31:22.864086592Z,activator-5c758bd78-zn48b,17.792566
2026-06-02T15:31:22.955745027Z,activator-5c758bd78-zn48b,11.303141
2026-06-02T15:31:23.010793292Z,activator-5c758bd78-zn48b,13.709648
2026-06-02T15:31:23.067161101Z,activator-5c758bd78-zn48b,19.958346
2026-06-02T15:31:23.150993186Z,activator-5c758bd78-zn48b,4.704846
2026-06-02T15:31:23.301890097Z,activator-5c758bd78-zn48b,650.039547
2026-06-02T15:31:23.31526464Z,activator-5c758bd78-zn48b,18.248221
2026-06-02T15:31:23.325845944Z,activator-5c758bd78-zn48b,81.449299
2026-06-02T15:31:23.394526973Z,activator-5c758bd78-zn48b,48.655191
2026-06-02T15:31:23.44581286Z,activator-5c758bd78-zn48b,642.618486
2026-06-02T15:31:23.455491444Z,activator-5c758bd78-zn48b,9.216538
2026-06-02T15:31:23.474009312Z,activator-5c758bd78-zn48b,79.131058
2026-06-02T15:31:23.510552143Z,activator-5c758bd78-zn48b,14.54987
2026-06-02T15:31:23.556668304Z,activator-5c758bd78-zn48b,654.917557
2026-06-02T15:31:23.609131674Z,activator-5c758bd78-zn48b,12.155937
2026-06-02T15:31:23.62691088Z,activator-5c758bd78-zn48b,78.988408
2026-06-02T15:31:23.771472303Z,activator-5c758bd78-zn48b,674.531098
2026-06-02T15:31:23.813649796Z,activator-5c758bd78-zn48b,12.800594
2026-06-02T15:31:23.902737641Z,activator-5c758bd78-zn48b,5.731647
2026-06-02T15:31:23.923650216Z,activator-5c758bd78-zn48b,78.406456
2026-06-02T15:31:23.950340043Z,activator-5c758bd78-zn48b,747.732389
2026-06-02T15:31:24.017861547Z,activator-5c758bd78-zn48b,22.539886
2026-06-02T15:31:24.107641539Z,activator-5c758bd78-zn48b,11.621645
2026-06-02T15:31:24.159552152Z,activator-5c758bd78-zn48b,12.759099
2026-06-02T15:31:24.175905423Z,activator-5c758bd78-zn48b,529.472773
2026-06-02T15:31:24.208963447Z,activator-5c758bd78-zn48b,13.649316
2026-06-02T15:31:24.297929097Z,activator-5c758bd78-zn48b,50.441791
2026-06-02T15:31:24.347439118Z,activator-5c758bd78-zn48b,51.872842
2026-06-02T15:31:24.373657281Z,activator-5c758bd78-zn48b,623.663908
2026-06-02T15:31:24.377443903Z,activator-5c758bd78-zn48b,681.526566
2026-06-02T15:31:24.434712333Z,activator-5c758bd78-zn48b,90.947282
2026-06-02T15:31:24.450697605Z,activator-5c758bd78-zn48b,4.471174
2026-06-02T15:31:24.515401329Z,activator-5c758bd78-zn48b,20.051976
2026-06-02T15:31:24.560953875Z,activator-5c758bd78-zn48b,14.165313
2026-06-02T15:31:24.607228682Z,activator-5c758bd78-zn48b,656.12713
2026-06-02T15:31:24.617069069Z,activator-5c758bd78-zn48b,570.675486
2026-06-02T15:31:24.640698021Z,activator-5c758bd78-zn48b,46.050312
2026-06-02T15:31:24.662424198Z,activator-5c758bd78-zn48b,11.813344
2026-06-02T15:31:24.715608398Z,activator-5c758bd78-zn48b,9.972415
2026-06-02T15:31:24.760311035Z,activator-5c758bd78-zn48b,12.661413
2026-06-02T15:31:24.864972946Z,activator-5c758bd78-zn48b,19.400625
2026-06-02T15:31:24.914390035Z,activator-5c758bd78-zn48b,17.725958
2026-06-02T15:31:24.937901546Z,activator-5c758bd78-zn48b,140.535437
2026-06-02T15:31:25.014848145Z,activator-5c758bd78-zn48b,19.020652
2026-06-02T15:31:25.048169909Z,activator-5c758bd78-zn48b,645.247169
2026-06-02T15:31:25.112424269Z,activator-5c758bd78-zn48b,16.840931
2026-06-02T15:31:25.210451942Z,activator-5c758bd78-zn48b,13.953792
2026-06-02T15:31:25.23985184Z,activator-5c758bd78-zn48b,94.179116
2026-06-02T15:31:25.350132608Z,activator-5c758bd78-zn48b,3.962858
2026-06-02T15:31:25.413853174Z,activator-5c758bd78-zn48b,17.666093
2026-06-02T15:31:25.466346655Z,activator-5c758bd78-zn48b,14.203208
2026-06-02T15:31:25.56824571Z,activator-5c758bd78-zn48b,22.279323
2026-06-02T15:31:25.603007265Z,activator-5c758bd78-zn48b,657.027654
2026-06-02T15:31:25.60994086Z,activator-5c758bd78-zn48b,111.929813
2026-06-02T15:31:25.680639611Z,activator-5c758bd78-zn48b,34.447666
2026-06-02T15:31:25.694496468Z,activator-5c758bd78-zn48b,97.572845
2026-06-02T15:31:25.7058688Z,activator-5c758bd78-zn48b,658.808727
2026-06-02T15:31:25.712473592Z,activator-5c758bd78-zn48b,417.639089
2026-06-02T15:31:25.719027547Z,activator-5c758bd78-zn48b,24.005543
2026-06-02T15:31:25.836831906Z,activator-5c758bd78-zn48b,92.901758
2026-06-02T15:31:25.86284745Z,activator-5c758bd78-zn48b,13.05051
2026-06-02T15:31:25.917966335Z,activator-5c758bd78-zn48b,21.710783
2026-06-02T15:31:25.931766483Z,activator-5c758bd78-zn48b,685.848497
2026-06-02T15:31:25.965457617Z,activator-5c758bd78-zn48b,19.37157
2026-06-02T15:31:26.069265538Z,activator-5c758bd78-zn48b,22.774345
2026-06-02T15:31:26.111941827Z,activator-5c758bd78-zn48b,11.642082
2026-06-02T15:31:26.16674182Z,activator-5c758bd78-zn48b,21.519351
2026-06-02T15:31:26.230928185Z,activator-5c758bd78-zn48b,33.25586
2026-06-02T15:31:26.298419791Z,activator-5c758bd78-zn48b,3.437503
2026-06-02T15:31:26.416396054Z,activator-5c758bd78-zn48b,15.077036
2026-06-02T15:31:26.435287859Z,activator-5c758bd78-zn48b,91.784653
2026-06-02T15:31:26.493619084Z,activator-5c758bd78-zn48b,695.757161
2026-06-02T15:31:26.515039798Z,activator-5c758bd78-zn48b,13.054441
2026-06-02T15:31:26.565628346Z,activator-5c758bd78-zn48b,12.089553
2026-06-02T15:31:26.654260889Z,activator-5c758bd78-zn48b,7.864075
2026-06-02T15:31:26.657399502Z,activator-5c758bd78-zn48b,661.191907
2026-06-02T15:31:26.793084715Z,activator-5c758bd78-zn48b,95.911007
2026-06-02T15:31:26.872644164Z,activator-5c758bd78-zn48b,621.610906
2026-06-02T15:31:26.913682538Z,activator-5c758bd78-zn48b,13.322023
2026-06-02T15:31:26.959347513Z,activator-5c758bd78-zn48b,14.40151
2026-06-02T15:31:26.977904316Z,activator-5c758bd78-zn48b,531.48718
2026-06-02T15:31:26.989291192Z,activator-5c758bd78-zn48b,393.978317
2026-06-02T15:31:26.999520633Z,activator-5c758bd78-zn48b,3.856515
2026-06-02T15:31:27.141314611Z,activator-5c758bd78-zn48b,96.577383
2026-06-02T15:31:27.237021039Z,activator-5c758bd78-zn48b,92.26978
2026-06-02T15:31:27.329085303Z,activator-5c758bd78-zn48b,133.219118
2026-06-02T15:31:27.511170903Z,activator-5c758bd78-zn48b,765.361095
2026-06-02T15:31:27.5387664Z,activator-5c758bd78-zn48b,93.192432
2026-06-02T15:31:27.634637612Z,activator-5c758bd78-zn48b,89.279124
2026-06-02T15:31:27.663073585Z,activator-5c758bd78-zn48b,12.004013
2026-06-02T15:31:27.72008043Z,activator-5c758bd78-zn48b,124.14095
2026-06-02T15:31:27.764809212Z,activator-5c758bd78-zn48b,12.946195
2026-06-02T15:31:27.861438635Z,activator-5c758bd78-zn48b,610.53521
2026-06-02T15:31:27.86186181Z,activator-5c758bd78-zn48b,12.220352
2026-06-02T15:31:27.887844414Z,activator-5c758bd78-zn48b,91.276897
2026-06-02T15:31:28.000164389Z,activator-5c758bd78-zn48b,655.021428
2026-06-02T15:31:28.013081151Z,activator-5c758bd78-zn48b,12.663798
2026-06-02T15:31:28.030323153Z,activator-5c758bd78-zn48b,1235.600002
2026-06-02T15:31:28.046828574Z,activator-5c758bd78-zn48b,651.04778
2026-06-02T15:31:28.053428497Z,activator-5c758bd78-zn48b,106.190303
2026-06-02T15:31:28.158749018Z,activator-5c758bd78-zn48b,13.446596
2026-06-02T15:31:28.386222809Z,activator-5c758bd78-zn48b,90.972678
2026-06-02T15:31:28.450810824Z,activator-5c758bd78-zn48b,4.623402
2026-06-02T15:31:28.499814065Z,activator-5c758bd78-zn48b,3.018358
2026-06-02T15:31:28.552058583Z,activator-5c758bd78-zn48b,1704.8882970000002
2026-06-02T15:31:28.56230221Z,activator-5c758bd78-zn48b,1467.16542
2026-06-02T15:31:28.567014332Z,activator-5c758bd78-zn48b,662.132909
2026-06-02T15:31:28.57317349Z,activator-5c758bd78-zn48b,1276.3239449999999
2026-06-02T15:31:28.583537186Z,activator-5c758bd78-zn48b,886.315005
2026-06-02T15:31:28.594610811Z,activator-5c758bd78-zn48b,497.569845
2026-06-02T15:31:28.650946115Z,activator-5c758bd78-zn48b,3.781709
2026-06-02T15:31:28.720299099Z,activator-5c758bd78-zn48b,660.168695
2026-06-02T15:31:28.727156756Z,activator-5c758bd78-zn48b,524.776936
2026-06-02T15:31:28.858863707Z,activator-5c758bd78-zn48b,109.342301
2026-06-02T15:31:28.901801841Z,activator-5c758bd78-zn48b,656.418906
2026-06-02T15:31:28.928546974Z,activator-5c758bd78-zn48b,34.247163
2026-06-02T15:31:29.029069993Z,activator-5c758bd78-zn48b,33.363872
2026-06-02T15:31:29.114661901Z,activator-5c758bd78-zn48b,1619.2240120000001
2026-06-02T15:31:29.197282606Z,activator-5c758bd78-zn48b,95.171287
2026-06-02T15:31:29.329361494Z,activator-5c758bd78-zn48b,33.248865
2026-06-02T15:31:29.338214391Z,activator-5c758bd78-zn48b,92.472347
2026-06-02T15:31:29.41403032Z,activator-5c758bd78-zn48b,12.758713
2026-06-02T15:31:29.437200234Z,activator-5c758bd78-zn48b,93.297563
2026-06-02T15:31:29.548227761Z,activator-5c758bd78-zn48b,1201.600434
2026-06-02T15:31:29.641169051Z,activator-5c758bd78-zn48b,96.282612
2026-06-02T15:31:29.648386213Z,activator-5c758bd78-zn48b,1054.0670599999999
2026-06-02T15:31:29.658294855Z,activator-5c758bd78-zn48b,861.835934
2026-06-02T15:31:29.669200103Z,activator-5c758bd78-zn48b,824.221102
2026-06-02T15:31:29.679731983Z,activator-5c758bd78-zn48b,732.656264
2026-06-02T15:31:29.729224876Z,activator-5c758bd78-zn48b,134.301038
2026-06-02T15:31:29.748673706Z,activator-5c758bd78-zn48b,4.523523
2026-06-02T15:31:29.833360534Z,activator-5c758bd78-zn48b,188.005438
2026-06-02T15:31:29.907084028Z,activator-5c758bd78-zn48b,11.111575
2026-06-02T15:31:29.935927061Z,activator-5c758bd78-zn48b,91.231488
2026-06-02T15:31:30.143578579Z,activator-5c758bd78-zn48b,97.149822
2026-06-02T15:31:30.193635254Z,activator-5c758bd78-zn48b,996.715084
2026-06-02T15:31:30.201644015Z,activator-5c758bd78-zn48b,404.216335
2026-06-02T15:31:30.203044552Z,activator-5c758bd78-zn48b,1159.3745150000002
2026-06-02T15:31:30.204654911Z,activator-5c758bd78-zn48b,10.667997
2026-06-02T15:31:30.208497293Z,activator-5c758bd78-zn48b,1813.420548
2026-06-02T15:31:30.213508136Z,activator-5c758bd78-zn48b,1066.472524
2026-06-02T15:31:30.214093473Z,activator-5c758bd78-zn48b,1669.189853
2026-06-02T15:31:30.220349424Z,activator-5c758bd78-zn48b,1523.2253090000002
2026-06-02T15:31:30.224556297Z,activator-5c758bd78-zn48b,80.030834
2026-06-02T15:31:30.226951455Z,activator-5c758bd78-zn48b,730.073695
2026-06-02T15:31:30.23273445Z,activator-5c758bd78-zn48b,285.789036
2026-06-02T15:31:30.238750034Z,activator-5c758bd78-zn48b,144.751415
2026-06-02T15:31:30.360621566Z,activator-5c758bd78-zn48b,658.887471
2026-06-02T15:31:30.368271433Z,activator-5c758bd78-zn48b,366.258391
2026-06-02T15:31:30.37509609Z,activator-5c758bd78-zn48b,120.589227
2026-06-02T15:31:30.37983226Z,activator-5c758bd78-zn48b,29.72018
2026-06-02T15:31:30.393882352Z,activator-5c758bd78-zn48b,98.202569
2026-06-02T15:31:30.459702409Z,activator-5c758bd78-zn48b,12.170459
2026-06-02T15:31:30.581618567Z,activator-5c758bd78-zn48b,86.989066
2026-06-02T15:31:30.605715001Z,activator-5c758bd78-zn48b,10.887649
2026-06-02T15:31:30.676891867Z,activator-5c758bd78-zn48b,132.134213
2026-06-02T15:31:30.709872523Z,activator-5c758bd78-zn48b,11.997267
2026-06-02T15:31:30.744050455Z,activator-5c758bd78-zn48b,1295.673758
2026-06-02T15:31:30.755655923Z,activator-5c758bd78-zn48b,10.76613
2026-06-02T15:31:30.75655608Z,activator-5c758bd78-zn48b,360.779299
2026-06-02T15:31:30.807439215Z,activator-5c758bd78-zn48b,10.42599
2026-06-02T15:31:31.056530819Z,activator-5c758bd78-zn48b,10.559539
2026-06-02T15:31:31.080297308Z,activator-5c758bd78-zn48b,84.839861
2026-06-02T15:31:31.113067982Z,activator-5c758bd78-zn48b,12.889116
2026-06-02T15:31:31.232584778Z,activator-5c758bd78-zn48b,85.240468
2026-06-02T15:31:31.294504181Z,activator-5c758bd78-zn48b,48.517513
2026-06-02T15:31:31.301045131Z,activator-5c758bd78-zn48b,654.193153
2026-06-02T15:31:31.301643225Z,activator-5c758bd78-zn48b,405.360023
2026-06-02T15:31:31.314420948Z,activator-5c758bd78-zn48b,118.161531
2026-06-02T15:31:31.45060054Z,activator-5c758bd78-zn48b,4.502101
2026-06-02T15:31:31.4909857Z,activator-5c758bd78-zn48b,87.281302
2026-06-02T15:31:31.495603295Z,activator-5c758bd78-zn48b,650.51486
2026-06-02T15:31:31.501716682Z,activator-5c758bd78-zn48b,206.789307
2026-06-02T15:31:31.610081186Z,activator-5c758bd78-zn48b,13.779875
2026-06-02T15:31:31.630113665Z,activator-5c758bd78-zn48b,83.618934
2026-06-02T15:31:31.656561724Z,activator-5c758bd78-zn48b,10.551628
2026-06-02T15:31:31.826751164Z,activator-5c758bd78-zn48b,880.27339
2026-06-02T15:31:31.851351381Z,activator-5c758bd78-zn48b,5.328856
2026-06-02T15:31:31.879755488Z,activator-5c758bd78-zn48b,84.800199
2026-06-02T15:31:31.977484923Z,activator-5c758bd78-zn48b,82.830892
2026-06-02T15:31:32.064247688Z,activator-5c758bd78-zn48b,12.23352
2026-06-02T15:31:32.082956523Z,activator-5c758bd78-zn48b,87.69
2026-06-02T15:31:32.11529664Z,activator-5c758bd78-zn48b,14.302032
2026-06-02T15:31:32.1631371Z,activator-5c758bd78-zn48b,11.88095
2026-06-02T15:31:32.33102881Z,activator-5c758bd78-zn48b,84.797695
2026-06-02T15:31:32.34713612Z,activator-5c758bd78-zn48b,1000.935216
2026-06-02T15:31:32.356236795Z,activator-5c758bd78-zn48b,859.746438
2026-06-02T15:31:32.367590916Z,activator-5c758bd78-zn48b,670.44928
2026-06-02T15:31:32.42071052Z,activator-5c758bd78-zn48b,124.712512
2026-06-02T15:31:32.46545314Z,activator-5c758bd78-zn48b,12.261623
2026-06-02T15:31:32.506103247Z,activator-5c758bd78-zn48b,161.270336
2026-06-02T15:31:32.615781132Z,activator-5c758bd78-zn48b,15.423945
2026-06-02T15:31:32.645614754Z,activator-5c758bd78-zn48b,698.664243
2026-06-02T15:31:32.713863556Z,activator-5c758bd78-zn48b,13.242833
2026-06-02T15:31:32.844280378Z,activator-5c758bd78-zn48b,49.863122
2026-06-02T15:31:32.84931784Z,activator-5c758bd78-zn48b,4.875921
2026-06-02T15:31:32.889118025Z,activator-5c758bd78-zn48b,1139.108075
2026-06-02T15:31:32.900697122Z,activator-5c758bd78-zn48b,704.647619
2026-06-02T15:31:33.014874161Z,activator-5c758bd78-zn48b,13.782308
2026-06-02T15:31:33.18224326Z,activator-5c758bd78-zn48b,86.929544
2026-06-02T15:31:33.208727911Z,activator-5c758bd78-zn48b,12.406945
2026-06-02T15:31:33.256743362Z,activator-5c758bd78-zn48b,10.545787
2026-06-02T15:31:33.316783947Z,activator-5c758bd78-zn48b,820.500177
2026-06-02T15:31:33.418821021Z,activator-5c758bd78-zn48b,1023.5832449999999
2026-06-02T15:31:33.428745871Z,activator-5c758bd78-zn48b,884.103582
2026-06-02T15:31:33.439417978Z,activator-5c758bd78-zn48b,494.001653
2026-06-02T15:31:33.531134806Z,activator-5c758bd78-zn48b,85.423023
2026-06-02T15:31:33.880388292Z,activator-5c758bd78-zn48b,84.812477
2026-06-02T15:31:33.945578437Z,activator-5c758bd78-zn48b,49.496798
2026-06-02T15:31:33.962929115Z,activator-5c758bd78-zn48b,616.819429
2026-06-02T15:31:33.965654453Z,activator-5c758bd78-zn48b,663.860844
2026-06-02T15:31:33.968362013Z,activator-5c758bd78-zn48b,1321.904293
2026-06-02T15:31:33.972558647Z,activator-5c758bd78-zn48b,470.865779
2026-06-02T15:31:33.974156375Z,activator-5c758bd78-zn48b,1227.8873740000001
2026-06-02T15:31:33.978034736Z,activator-5c758bd78-zn48b,427.990023
2026-06-02T15:31:33.980033413Z,activator-5c758bd78-zn48b,1081.210187
2026-06-02T15:31:33.984216698Z,activator-5c758bd78-zn48b,233.95289
2026-06-02T15:31:33.986105103Z,activator-5c758bd78-zn48b,939.403649
2026-06-02T15:31:33.990319284Z,activator-5c758bd78-zn48b,40.083593
2026-06-02T15:31:33.992499934Z,activator-5c758bd78-zn48b,847.156492
2026-06-02T15:31:33.99936551Z,activator-5c758bd78-zn48b,603.467174
2026-06-02T15:31:34.015682155Z,activator-5c758bd78-zn48b,12.721077
2026-06-02T15:31:34.129699788Z,activator-5c758bd78-zn48b,84.118947
2026-06-02T15:31:34.14968931Z,activator-5c758bd78-zn48b,4.98043
2026-06-02T15:31:34.214040353Z,activator-5c758bd78-zn48b,13.498134
2026-06-02T15:31:34.29240755Z,activator-5c758bd78-zn48b,46.722076
2026-06-02T15:31:34.362872205Z,activator-5c758bd78-zn48b,13.195427
2026-06-02T15:31:34.401409226Z,activator-5c758bd78-zn48b,4.620241
2026-06-02T15:31:34.411361653Z,activator-5c758bd78-zn48b,565.811617
2026-06-02T15:31:34.482480124Z,activator-5c758bd78-zn48b,887.23708
2026-06-02T15:31:34.492307937Z,activator-5c758bd78-zn48b,846.190649
2026-06-02T15:31:34.503259705Z,activator-5c758bd78-zn48b,807.455828
2026-06-02T15:31:34.531391658Z,activator-5c758bd78-zn48b,85.482201
2026-06-02T15:31:34.564432968Z,activator-5c758bd78-zn48b,18.186108
2026-06-02T15:31:34.600894192Z,activator-5c758bd78-zn48b,4.939256
2026-06-02T15:31:34.614273635Z,activator-5c758bd78-zn48b,118.77192
2026-06-02T15:31:34.744816748Z,activator-5c758bd78-zn48b,650.676718
2026-06-02T15:31:34.752331813Z,activator-5c758bd78-zn48b,457.758718
2026-06-02T15:31:34.758377285Z,activator-5c758bd78-zn48b,111.416261
2026-06-02T15:31:34.816891897Z,activator-5c758bd78-zn48b,20.042537
2026-06-02T15:31:34.916047619Z,activator-5c758bd78-zn48b,15.775821
2026-06-02T15:31:34.930419229Z,activator-5c758bd78-zn48b,84.186983
2026-06-02T15:31:34.950148539Z,activator-5c758bd78-zn48b,4.815381
2026-06-02T15:31:35.133908761Z,activator-5c758bd78-zn48b,88.111725
2026-06-02T15:31:35.143609923Z,activator-5c758bd78-zn48b,48.141613
2026-06-02T15:31:35.304805141Z,activator-5c758bd78-zn48b,10.920509
2026-06-02T15:31:35.366987967Z,activator-5c758bd78-zn48b,20.716633
2026-06-02T15:31:35.402858716Z,activator-5c758bd78-zn48b,707.059306
2026-06-02T15:31:35.442035966Z,activator-5c758bd78-zn48b,45.960918
2026-06-02T15:31:35.580878453Z,activator-5c758bd78-zn48b,86.677132
2026-06-02T15:31:35.618919768Z,activator-5c758bd78-zn48b,617.521952
2026-06-02T15:31:35.625153011Z,activator-5c758bd78-zn48b,373.829579
2026-06-02T15:31:35.718248487Z,activator-5c758bd78-zn48b,523.544592
2026-06-02T15:31:35.764580546Z,activator-5c758bd78-zn48b,12.902634
2026-06-02T15:31:35.789284215Z,activator-5c758bd78-zn48b,93.302553
2026-06-02T15:31:35.799332193Z,activator-5c758bd78-zn48b,5.026665
2026-06-02T15:31:35.863234746Z,activator-5c758bd78-zn48b,17.84054
2026-06-02T15:31:35.973796005Z,activator-5c758bd78-zn48b,528.834308
2026-06-02T15:31:35.983766668Z,activator-5c758bd78-zn48b,388.413933
2026-06-02T15:31:35.986340585Z,activator-5c758bd78-zn48b,90.262717
2026-06-02T15:31:36.002309678Z,activator-5c758bd78-zn48b,4.814975
2026-06-02T15:31:36.047420036Z,activator-5c758bd78-zn48b,1302.406577
2026-06-02T15:31:36.052889868Z,activator-5c758bd78-zn48b,907.904644
2026-06-02T15:31:36.059518998Z,activator-5c758bd78-zn48b,513.772269
2026-06-02T15:31:36.067555659Z,activator-5c758bd78-zn48b,15.692022
2026-06-02T15:31:36.105718493Z,activator-5c758bd78-zn48b,10.672928
2026-06-02T15:31:36.155774851Z,activator-5c758bd78-zn48b,10.49699
2026-06-02T15:31:36.215313474Z,activator-5c758bd78-zn48b,13.426744
2026-06-02T15:31:36.264045177Z,activator-5c758bd78-zn48b,12.334098
2026-06-02T15:31:36.463305236Z,activator-5c758bd78-zn48b,13.238431
2026-06-02T15:31:36.463908445Z,activator-5c758bd78-zn48b,518.766574
2026-06-02T15:31:36.655795349Z,activator-5c758bd78-zn48b,11.524018
2026-06-02T15:31:36.704409576Z,activator-5c758bd78-zn48b,1059.38259
2026-06-02T15:31:36.712548357Z,activator-5c758bd78-zn48b,367.825593
2026-06-02T15:31:36.824059694Z,activator-5c758bd78-zn48b,528.908396
2026-06-02T15:31:37.014501635Z,activator-5c758bd78-zn48b,19.54179
2026-06-02T15:31:37.036338234Z,activator-5c758bd78-zn48b,92.433025
2026-06-02T15:31:37.106965844Z,activator-5c758bd78-zn48b,11.424126
2026-06-02T15:31:37.136564197Z,activator-5c758bd78-zn48b,90.817998
2026-06-02T15:31:37.152031106Z,activator-5c758bd78-zn48b,651.246766
2026-06-02T15:31:37.165359587Z,activator-5c758bd78-zn48b,18.855962
2026-06-02T15:31:37.270490083Z,activator-5c758bd78-zn48b,524.148928
2026-06-02T15:31:37.357746739Z,activator-5c758bd78-zn48b,961.883727
2026-06-02T15:31:37.363710419Z,activator-5c758bd78-zn48b,817.586315
2026-06-02T15:31:37.369590162Z,activator-5c758bd78-zn48b,773.952623
2026-06-02T15:31:37.376642372Z,activator-5c758bd78-zn48b,531.095661
2026-06-02T15:31:37.383110699Z,activator-5c758bd78-zn48b,487.287359
2026-06-02T15:31:37.406458906Z,activator-5c758bd78-zn48b,11.715711
2026-06-02T15:31:37.538560439Z,activator-5c758bd78-zn48b,93.31301
2026-06-02T15:31:37.560348899Z,activator-5c758bd78-zn48b,14.583488
2026-06-02T15:31:37.739130939Z,activator-5c758bd78-zn48b,93.406005
2026-06-02T15:31:37.765125782Z,activator-5c758bd78-zn48b,1064.923874
2026-06-02T15:31:37.770670023Z,activator-5c758bd78-zn48b,971.322026
2026-06-02T15:31:37.773092792Z,activator-5c758bd78-zn48b,526.925816
2026-06-02T15:31:37.777317135Z,activator-5c758bd78-zn48b,577.207026
2026-06-02T15:31:37.782869569Z,activator-5c758bd78-zn48b,37.011615
2026-06-02T15:31:37.784686487Z,activator-5c758bd78-zn48b,289.025359
2026-06-02T15:31:37.795130245Z,activator-5c758bd78-zn48b,199.509069
2026-06-02T15:31:37.823223741Z,activator-5c758bd78-zn48b,527.714429
2026-06-02T15:31:37.83465268Z,activator-5c758bd78-zn48b,488.913245
2026-06-02T15:31:37.958021805Z,activator-5c758bd78-zn48b,11.867164
2026-06-02T15:31:38.003057487Z,activator-5c758bd78-zn48b,7.748908
2026-06-02T15:31:38.058856327Z,activator-5c758bd78-zn48b,12.009823
2026-06-02T15:31:38.148521416Z,activator-5c758bd78-zn48b,3.331077
2026-06-02T15:31:38.187584518Z,activator-5c758bd78-zn48b,92.260669
2026-06-02T15:31:38.27785967Z,activator-5c758bd78-zn48b,32.962985
2026-06-02T15:31:38.327234609Z,activator-5c758bd78-zn48b,531.431798
2026-06-02T15:31:38.369303759Z,activator-5c758bd78-zn48b,522.807087
2026-06-02T15:31:38.380183428Z,activator-5c758bd78-zn48b,479.509304
2026-06-02T15:31:38.430606518Z,activator-5c758bd78-zn48b,730.803285
2026-06-02T15:31:38.437832658Z,activator-5c758bd78-zn48b,93.022988
2026-06-02T15:31:38.512981307Z,activator-5c758bd78-zn48b,11.7468
2026-06-02T15:31:38.6102374Z,activator-5c758bd78-zn48b,14.312959
2026-06-02T15:31:38.63529391Z,activator-5c758bd78-zn48b,90.078558
2026-06-02T15:31:38.660456448Z,activator-5c758bd78-zn48b,13.982175
2026-06-02T15:31:38.828996959Z,activator-5c758bd78-zn48b,33.629677
2026-06-02T15:31:38.83579249Z,activator-5c758bd78-zn48b,90.760836
2026-06-02T15:31:38.846715142Z,activator-5c758bd78-zn48b,651.085997
2026-06-02T15:31:38.858189838Z,activator-5c758bd78-zn48b,161.748801
2026-06-02T15:31:38.867332999Z,activator-5c758bd78-zn48b,572.741937
2026-06-02T15:31:38.917855349Z,activator-5c758bd78-zn48b,522.83118
2026-06-02T15:31:38.925704951Z,activator-5c758bd78-zn48b,19.53101
2026-06-02T15:31:38.947830498Z,activator-5c758bd78-zn48b,4.031856
2026-06-02T15:31:39.027980023Z,activator-5c758bd78-zn48b,33.446243
2026-06-02T15:31:39.138971624Z,activator-5c758bd78-zn48b,94.447694
2026-06-02T15:31:39.438000203Z,activator-5c758bd78-zn48b,992.510328
2026-06-02T15:31:39.447621524Z,activator-5c758bd78-zn48b,102.837993
2026-06-02T15:31:39.508614165Z,activator-5c758bd78-zn48b,659.244723
2026-06-02T15:31:39.59900552Z,activator-5c758bd78-zn48b,3.92069
2026-06-02T15:31:39.629375698Z,activator-5c758bd78-zn48b,527.866989
2026-06-02T15:31:39.637370537Z,activator-5c758bd78-zn48b,91.696408
2026-06-02T15:31:39.81389663Z,activator-5c758bd78-zn48b,17.761116
2026-06-02T15:31:39.850076691Z,activator-5c758bd78-zn48b,653.803087
2026-06-02T15:31:39.898914515Z,activator-5c758bd78-zn48b,3.898558
2026-06-02T15:31:40.123883694Z,activator-5c758bd78-zn48b,973.422163
2026-06-02T15:31:40.273492717Z,activator-5c758bd78-zn48b,528.312263
2026-06-02T15:31:40.349978285Z,activator-5c758bd78-zn48b,4.494698
2026-06-02T15:31:40.416004871Z,activator-5c758bd78-zn48b,20.714781
2026-06-02T15:31:40.453928693Z,activator-5c758bd78-zn48b,8.631944
2026-06-02T15:31:40.497870513Z,activator-5c758bd78-zn48b,1251.977956
2026-06-02T15:31:40.503049919Z,activator-5c758bd78-zn48b,1207.549574
2026-06-02T15:31:40.509307841Z,activator-5c758bd78-zn48b,1059.7117549999998
2026-06-02T15:31:40.515336131Z,activator-5c758bd78-zn48b,868.008395
2026-06-02T15:31:40.522227187Z,activator-5c758bd78-zn48b,576.864513
2026-06-02T15:31:40.532453954Z,activator-5c758bd78-zn48b,836.270205
2026-06-02T15:31:40.538710044Z,activator-5c758bd78-zn48b,542.849728
2026-06-02T15:31:40.544453672Z,activator-5c758bd78-zn48b,498.297307
2026-06-02T15:31:40.549536365Z,activator-5c758bd78-zn48b,454.744025
2026-06-02T15:31:40.555032584Z,activator-5c758bd78-zn48b,310.261636
2026-06-02T15:31:40.560965997Z,activator-5c758bd78-zn48b,265.915872
2026-06-02T15:31:40.603308014Z,activator-5c758bd78-zn48b,7.645125
2026-06-02T15:31:40.637943029Z,activator-5c758bd78-zn48b,92.206049
2026-06-02T15:31:40.667145965Z,activator-5c758bd78-zn48b,21.728855
2026-06-02T15:31:40.682145271Z,activator-5c758bd78-zn48b,535.699064
2026-06-02T15:31:40.753447055Z,activator-5c758bd78-zn48b,7.829786
2026-06-02T15:31:40.772934796Z,activator-5c758bd78-zn48b,1372.0687229999999
2026-06-02T15:31:40.779040892Z,activator-5c758bd78-zn48b,1277.327615
2026-06-02T15:31:40.785961335Z,activator-5c758bd78-zn48b,934.646817
2026-06-02T15:31:40.792192041Z,activator-5c758bd78-zn48b,292.754239
2026-06-02T15:31:41.078832649Z,activator-5c758bd78-zn48b,33.450829
2026-06-02T15:31:41.198101756Z,activator-5c758bd78-zn48b,1002.5877869999999
2026-06-02T15:31:41.243645948Z,activator-5c758bd78-zn48b,95.502953
2026-06-02T15:31:41.336084084Z,activator-5c758bd78-zn48b,141.085027
2026-06-02T15:31:41.349028187Z,activator-5c758bd78-zn48b,653.404373
2026-06-02T15:31:41.375427641Z,activator-5c758bd78-zn48b,528.52633
2026-06-02T15:31:41.418730009Z,activator-5c758bd78-zn48b,21.768818
2026-06-02T15:31:41.421764443Z,activator-5c758bd78-zn48b,177.623883
2026-06-02T15:31:41.464978682Z,activator-5c758bd78-zn48b,19.543841
2026-06-02T15:31:41.481190735Z,activator-5c758bd78-zn48b,680.182129
2026-06-02T15:31:41.510362979Z,activator-5c758bd78-zn48b,215.288022
2026-06-02T15:31:41.597953051Z,activator-5c758bd78-zn48b,102.145871
2026-06-02T15:31:41.715464098Z,activator-5c758bd78-zn48b,20.244844
2026-06-02T15:31:41.930010344Z,activator-5c758bd78-zn48b,34.885621
2026-06-02T15:31:41.938385126Z,activator-5c758bd78-zn48b,93.010736
2026-06-02T15:31:41.996546668Z,activator-5c758bd78-zn48b,651.899213
2026-06-02T15:31:42.002506335Z,activator-5c758bd78-zn48b,356.541362
2026-06-02T15:31:42.071814721Z,activator-5c758bd78-zn48b,526.115717
2026-06-02T15:31:42.098558726Z,activator-5c758bd78-zn48b,3.847585
2026-06-02T15:31:42.11318059Z,activator-5c758bd78-zn48b,1213.770039
2026-06-02T15:31:42.119174959Z,activator-5c758bd78-zn48b,1170.0222
2026-06-02T15:31:42.124987774Z,activator-5c758bd78-zn48b,1125.025123
2026-06-02T15:31:42.131940459Z,activator-5c758bd78-zn48b,532.986936
2026-06-02T15:31:42.133941333Z,activator-5c758bd78-zn48b,89.008922
2026-06-02T15:31:42.141808974Z,activator-5c758bd78-zn48b,1041.639062
2026-06-02T15:31:42.147662228Z,activator-5c758bd78-zn48b,347.302354
2026-06-02T15:31:42.153962723Z,activator-5c758bd78-zn48b,204.424425
2026-06-02T15:31:42.159944286Z,activator-5c758bd78-zn48b,161.30727
2026-06-02T15:31:42.163297026Z,activator-5c758bd78-zn48b,18.701681
2026-06-02T15:31:42.228244651Z,activator-5c758bd78-zn48b,33.015628
2026-06-02T15:31:42.266134048Z,activator-5c758bd78-zn48b,20.554291
2026-06-02T15:31:42.274132172Z,activator-5c758bd78-zn48b,528.255104
2026-06-02T15:31:42.329085975Z,activator-5c758bd78-zn48b,33.383235
2026-06-02T15:31:42.363299149Z,activator-5c758bd78-zn48b,17.826262
2026-06-02T15:31:42.412846453Z,activator-5c758bd78-zn48b,18.211103
2026-06-02T15:31:42.50601626Z,activator-5c758bd78-zn48b,10.471194
2026-06-02T15:31:42.55789288Z,activator-5c758bd78-zn48b,12.342822
2026-06-02T15:31:42.640390144Z,activator-5c758bd78-zn48b,45.933095
2026-06-02T15:31:42.657576823Z,activator-5c758bd78-zn48b,12.952371
2026-06-02T15:31:42.788987695Z,activator-5c758bd78-zn48b,94.577421
2026-06-02T15:31:42.799861448Z,activator-5c758bd78-zn48b,4.31892
2026-06-02T15:31:42.938750041Z,activator-5c758bd78-zn48b,94.722017
2026-06-02T15:31:43.014012153Z,activator-5c758bd78-zn48b,18.840085
2026-06-02T15:31:43.115952541Z,activator-5c758bd78-zn48b,20.781518
2026-06-02T15:31:43.14391861Z,activator-5c758bd78-zn48b,693.021964
2026-06-02T15:31:43.150633073Z,activator-5c758bd78-zn48b,399.75259
2026-06-02T15:31:43.164924963Z,activator-5c758bd78-zn48b,19.264932
2026-06-02T15:31:43.349634123Z,activator-5c758bd78-zn48b,5.001131
2026-06-02T15:31:43.46603696Z,activator-5c758bd78-zn48b,20.848123
2026-06-02T15:31:43.489173457Z,activator-5c758bd78-zn48b,543.71675
2026-06-02T15:31:43.662624066Z,activator-5c758bd78-zn48b,17.383066
2026-06-02T15:31:43.699053913Z,activator-5c758bd78-zn48b,654.129998
2026-06-02T15:31:43.706131298Z,activator-5c758bd78-zn48b,510.590574
2026-06-02T15:31:43.711965Z,activator-5c758bd78-zn48b,16.537553
2026-06-02T15:31:43.958342228Z,activator-5c758bd78-zn48b,13.525928
2026-06-02T15:31:44.145145991Z,activator-5c758bd78-zn48b,645.871889
2026-06-02T15:31:44.150337422Z,activator-5c758bd78-zn48b,5.575378
2026-06-02T15:31:44.291699058Z,activator-5c758bd78-zn48b,546.666795
2026-06-02T15:31:44.302163227Z,activator-5c758bd78-zn48b,106.814469
2026-06-02T15:31:44.307908144Z,activator-5c758bd78-zn48b,13.231315
2026-06-02T15:31:44.32234038Z,activator-5c758bd78-zn48b,526.721913
2026-06-02T15:31:44.359015519Z,activator-5c758bd78-zn48b,14.141264
2026-06-02T15:31:44.443347959Z,activator-5c758bd78-zn48b,47.636126
2026-06-02T15:31:44.487639797Z,activator-5c758bd78-zn48b,43.598935
2026-06-02T15:31:44.569047979Z,activator-5c758bd78-zn48b,25.437846
2026-06-02T15:31:44.802744807Z,activator-5c758bd78-zn48b,7.845925
2026-06-02T15:31:44.80477923Z,activator-5c758bd78-zn48b,1254.4007239999999
2026-06-02T15:31:44.858762417Z,activator-5c758bd78-zn48b,1013.211909
2026-06-02T15:31:44.867848376Z,activator-5c758bd78-zn48b,623.678843
2026-06-02T15:31:45.009332383Z,activator-5c758bd78-zn48b,14.569637
2026-06-02T15:31:45.077762761Z,activator-5c758bd78-zn48b,33.337574
2026-06-02T15:31:45.107779393Z,activator-5c758bd78-zn48b,13.494586
2026-06-02T15:31:45.165540939Z,activator-5c758bd78-zn48b,20.903463
2026-06-02T15:31:45.210091198Z,activator-5c758bd78-zn48b,15.437673
2026-06-02T15:31:45.378104148Z,activator-5c758bd78-zn48b,33.498662
2026-06-02T15:31:45.427243179Z,activator-5c758bd78-zn48b,34.006164
2026-06-02T15:31:45.458473095Z,activator-5c758bd78-zn48b,13.768682
2026-06-02T15:31:45.497179809Z,activator-5c758bd78-zn48b,1448.315488
2026-06-02T15:31:45.505038617Z,activator-5c758bd78-zn48b,1006.3014690000001
2026-06-02T15:31:45.511032037Z,activator-5c758bd78-zn48b,860.791359
2026-06-02T15:31:45.531882974Z,activator-5c758bd78-zn48b,33.523018
2026-06-02T15:31:45.551502932Z,activator-5c758bd78-zn48b,7.931201
2026-06-02T15:31:45.764152843Z,activator-5c758bd78-zn48b,19.554265
2026-06-02T15:31:45.827980536Z,activator-5c758bd78-zn48b,33.491844
2026-06-02T15:31:45.998180772Z,activator-5c758bd78-zn48b,3.879254
2026-06-02T15:31:46.168640372Z,activator-5c758bd78-zn48b,1419.515853
2026-06-02T15:31:46.177568697Z,activator-5c758bd78-zn48b,33.019774
2026-06-02T15:31:46.281563183Z,activator-5c758bd78-zn48b,675.318972
2026-06-02T15:31:46.288131416Z,activator-5c758bd78-zn48b,642.614748
2026-06-02T15:31:46.357602719Z,activator-5c758bd78-zn48b,12.757158
2026-06-02T15:31:46.428646198Z,activator-5c758bd78-zn48b,33.28969
2026-06-02T15:31:46.4521044Z,activator-5c758bd78-zn48b,7.77345
2026-06-02T15:31:46.557637004Z,activator-5c758bd78-zn48b,12.049472
2026-06-02T15:31:46.642547631Z,activator-5c758bd78-zn48b,597.299332
2026-06-02T15:31:46.698840961Z,activator-5c758bd78-zn48b,3.81585
2026-06-02T15:31:46.75558434Z,activator-5c758bd78-zn48b,561.455707
2026-06-02T15:31:46.766230218Z,activator-5c758bd78-zn48b,521.480991
2026-06-02T15:31:46.879129112Z,activator-5c758bd78-zn48b,2028.4702690000001
2026-06-02T15:31:46.887774091Z,activator-5c758bd78-zn48b,1985.575873
2026-06-02T15:31:46.896568521Z,activator-5c758bd78-zn48b,1596.570406
2026-06-02T15:31:46.902031386Z,activator-5c758bd78-zn48b,7.512774
2026-06-02T15:31:46.906075267Z,activator-5c758bd78-zn48b,1206.552163
2026-06-02T15:31:46.952496696Z,activator-5c758bd78-zn48b,7.550537
2026-06-02T15:31:47.161355467Z,activator-5c758bd78-zn48b,665.641812
2026-06-02T15:31:47.171858746Z,activator-5c758bd78-zn48b,528.205918
2026-06-02T15:31:47.264242619Z,activator-5c758bd78-zn48b,19.285989
2026-06-02T15:31:47.399268333Z,activator-5c758bd78-zn48b,653.699702
2026-06-02T15:31:47.404729609Z,activator-5c758bd78-zn48b,409.350089
2026-06-02T15:31:47.547954585Z,activator-5c758bd78-zn48b,3.767698
2026-06-02T15:31:47.587859562Z,activator-5c758bd78-zn48b,1286.5566740000002
2026-06-02T15:31:47.593744399Z,activator-5c758bd78-zn48b,993.831044
2026-06-02T15:31:47.598016618Z,activator-5c758bd78-zn48b,3.698184
2026-06-02T15:31:47.601669689Z,activator-5c758bd78-zn48b,451.917126
2026-06-02T15:31:47.608704067Z,activator-5c758bd78-zn48b,407.824286
2026-06-02T15:31:47.615135405Z,activator-5c758bd78-zn48b,314.444891
2026-06-02T15:31:47.619481445Z,activator-5c758bd78-zn48b,524.773
2026-06-02T15:31:47.652615406Z,activator-5c758bd78-zn48b,7.850655
2026-06-02T15:31:47.81425242Z,activator-5c758bd78-zn48b,19.824585
2026-06-02T15:31:47.871769292Z,activator-5c758bd78-zn48b,526.850822
2026-06-02T15:31:47.881815239Z,activator-5c758bd78-zn48b,36.961867
2026-06-02T15:31:48.025382623Z,activator-5c758bd78-zn48b,5130.080766
2026-06-02T15:31:48.10922156Z,activator-5c758bd78-zn48b,4863.919801
2026-06-02T15:31:48.157253393Z,activator-5c758bd78-zn48b,11.926823
2026-06-02T15:31:48.192919691Z,activator-5c758bd78-zn48b,4897.570578
2026-06-02T15:31:48.209774293Z,activator-5c758bd78-zn48b,14.891446
2026-06-02T15:31:48.265826878Z,activator-5c758bd78-zn48b,20.905663
2026-06-02T15:31:48.283069077Z,activator-5c758bd78-zn48b,236.652214
2026-06-02T15:31:48.32459195Z,activator-5c758bd78-zn48b,924.274808
2026-06-02T15:31:48.349642966Z,activator-5c758bd78-zn48b,4.390415
2026-06-02T15:31:48.379474919Z,activator-5c758bd78-zn48b,4984.633986000001
2026-06-02T15:31:48.420779343Z,activator-5c758bd78-zn48b,24.931426
2026-06-02T15:31:48.467321281Z,activator-5c758bd78-zn48b,4872.723416000001
2026-06-02T15:31:48.551443366Z,activator-5c758bd78-zn48b,4656.479136
2026-06-02T15:31:48.566094935Z,activator-5c758bd78-zn48b,21.241718
2026-06-02T15:31:48.641898384Z,activator-5c758bd78-zn48b,4646.645182
2026-06-02T15:31:48.65441571Z,activator-5c758bd78-zn48b,10.322343
2026-06-02T15:31:48.698830006Z,activator-5c758bd78-zn48b,4.121394
2026-06-02T15:31:48.728343089Z,activator-5c758bd78-zn48b,4633.172063
2026-06-02T15:31:48.767443026Z,activator-5c758bd78-zn48b,22.759606
2026-06-02T15:31:48.814583705Z,activator-5c758bd78-zn48b,4219.923750999999
2026-06-02T15:31:48.857988971Z,activator-5c758bd78-zn48b,12.767961
2026-06-02T15:31:48.903351205Z,activator-5c758bd78-zn48b,4209.405618
2026-06-02T15:31:48.992023295Z,activator-5c758bd78-zn48b,4047.04088
2026-06-02T15:31:49.03019131Z,activator-5c758bd78-zn48b,36.039323
2026-06-02T15:31:49.036177878Z,activator-5c758bd78-zn48b,1335.9233290000002
2026-06-02T15:31:49.043013244Z,activator-5c758bd78-zn48b,1086.727066
2026-06-02T15:31:49.049547334Z,activator-5c758bd78-zn48b,1049.703561
2026-06-02T15:31:49.05539656Z,activator-5c758bd78-zn48b,955.980589
2026-06-02T15:31:49.061947041Z,activator-5c758bd78-zn48b,762.323941
2026-06-02T15:31:49.069156386Z,activator-5c758bd78-zn48b,568.870679
2026-06-02T15:31:49.076162527Z,activator-5c758bd78-zn48b,475.598666
2026-06-02T15:31:49.083227721Z,activator-5c758bd78-zn48b,3838.215049
2026-06-02T15:31:49.083405616Z,activator-5c758bd78-zn48b,183.305189
2026-06-02T15:31:49.161932378Z,activator-5c758bd78-zn48b,16.598117
2026-06-02T15:31:49.173425102Z,activator-5c758bd78-zn48b,3329.8842080000004
2026-06-02T15:31:49.214268601Z,activator-5c758bd78-zn48b,19.47136
2026-06-02T15:31:49.26382724Z,activator-5c758bd78-zn48b,12.677435
2026-06-02T15:31:49.266878522Z,activator-5c758bd78-zn48b,3372.222463
2026-06-02T15:31:49.35609432Z,activator-5c758bd78-zn48b,3411.175589
2026-06-02T15:31:49.360406948Z,activator-5c758bd78-zn48b,15.529496
2026-06-02T15:31:49.445560619Z,activator-5c758bd78-zn48b,3351.1289610000003
2026-06-02T15:31:49.596605231Z,activator-5c758bd78-zn48b,50.918393
2026-06-02T15:31:49.613360251Z,activator-5c758bd78-zn48b,13.518685
2026-06-02T15:31:49.665470234Z,activator-5c758bd78-zn48b,15.073719
2026-06-02T15:31:49.707362375Z,activator-5c758bd78-zn48b,12.669408
2026-06-02T15:31:49.812475131Z,activator-5c758bd78-zn48b,12.231181
2026-06-02T15:31:49.850529687Z,activator-5c758bd78-zn48b,5.761831
2026-06-02T15:31:49.925423241Z,activator-5c758bd78-zn48b,530.554343
2026-06-02T15:31:50.008531702Z,activator-5c758bd78-zn48b,563.459199
2026-06-02T15:31:50.065287659Z,activator-5c758bd78-zn48b,14.088931
2026-06-02T15:31:50.163498916Z,activator-5c758bd78-zn48b,13.025332
2026-06-02T15:31:50.353914604Z,activator-5c758bd78-zn48b,9.2784
2026-06-02T15:31:50.413857568Z,activator-5c758bd78-zn48b,668.951496
2026-06-02T15:31:50.420925573Z,activator-5c758bd78-zn48b,526.719594
2026-06-02T15:31:50.429829583Z,activator-5c758bd78-zn48b,484.173526
2026-06-02T15:31:50.436110998Z,activator-5c758bd78-zn48b,191.121897
2026-06-02T15:31:50.442041374Z,activator-5c758bd78-zn48b,147.787145
2026-06-02T15:31:50.492626565Z,activator-5c758bd78-zn48b,97.705569
2026-06-02T15:31:50.527500795Z,activator-5c758bd78-zn48b,33.700968
2026-06-02T15:31:50.53064958Z,activator-5c758bd78-zn48b,535.336168
2026-06-02T15:31:50.612290388Z,activator-5c758bd78-zn48b,11.703448
2026-06-02T15:31:50.627484324Z,activator-5c758bd78-zn48b,532.267297
2026-06-02T15:31:50.636595119Z,activator-5c758bd78-zn48b,92.687794
2026-06-02T15:31:50.637674375Z,activator-5c758bd78-zn48b,442.110033
2026-06-02T15:31:50.825496177Z,activator-5c758bd78-zn48b,79.507016
2026-06-02T15:31:50.967086374Z,activator-5c758bd78-zn48b,20.90064
2026-06-02T15:31:51.018381909Z,activator-5c758bd78-zn48b,21.995356
2026-06-02T15:31:51.124800427Z,activator-5c758bd78-zn48b,680.411189
2026-06-02T15:31:51.148853558Z,activator-5c758bd78-zn48b,4.033605
2026-06-02T15:31:51.199490552Z,activator-5c758bd78-zn48b,3.475493
2026-06-02T15:31:51.35298356Z,activator-5c758bd78-zn48b,7.948068
2026-06-02T15:31:51.376137481Z,activator-5c758bd78-zn48b,81.424566
2026-06-02T15:31:51.380381947Z,activator-5c758bd78-zn48b,680.872551
2026-06-02T15:31:51.517192016Z,activator-5c758bd78-zn48b,20.892627
2026-06-02T15:31:51.629175308Z,activator-5c758bd78-zn48b,83.356573
2026-06-02T15:31:51.664563863Z,activator-5c758bd78-zn48b,19.642452
2026-06-02T15:31:51.675162396Z,activator-5c758bd78-zn48b,79.899517
2026-06-02T15:31:51.715802188Z,activator-5c758bd78-zn48b,20.856608
2026-06-02T15:31:51.780420758Z,activator-5c758bd78-zn48b,935.82567
2026-06-02T15:31:51.829040152Z,activator-5c758bd78-zn48b,34.439191
2026-06-02T15:31:51.916475767Z,activator-5c758bd78-zn48b,15.11328
2026-06-02T15:31:51.924645165Z,activator-5c758bd78-zn48b,81.470104
2026-06-02T15:31:52.016610745Z,activator-5c758bd78-zn48b,16.182938
2026-06-02T15:31:52.030845242Z,activator-5c758bd78-zn48b,86.506879
2026-06-02T15:31:52.109053166Z,activator-5c758bd78-zn48b,1308.690522
2026-06-02T15:31:52.148986992Z,activator-5c758bd78-zn48b,3.98042
2026-06-02T15:31:52.198769729Z,activator-5c758bd78-zn48b,3.669848
2026-06-02T15:31:52.27982367Z,activator-5c758bd78-zn48b,34.561627
2026-06-02T15:31:52.316399458Z,activator-5c758bd78-zn48b,16.307084
2026-06-02T15:31:52.353655741Z,activator-5c758bd78-zn48b,7.919174
2026-06-02T15:31:52.428659066Z,activator-5c758bd78-zn48b,33.714223
2026-06-02T15:31:52.429298772Z,activator-5c758bd78-zn48b,1533.011951
2026-06-02T15:31:52.435447295Z,activator-5c758bd78-zn48b,1389.036693
2026-06-02T15:31:52.44267264Z,activator-5c758bd78-zn48b,1796.0925869999999
2026-06-02T15:31:52.44911912Z,activator-5c758bd78-zn48b,1203.658055
2026-06-02T15:31:52.454841579Z,activator-5c758bd78-zn48b,359.233699
2026-06-02T15:31:52.462826326Z,activator-5c758bd78-zn48b,1366.96402
2026-06-02T15:31:52.468443086Z,activator-5c758bd78-zn48b,1072.214088
2026-06-02T15:31:52.474649742Z,activator-5c758bd78-zn48b,728.455821
2026-06-02T15:31:52.507311148Z,activator-5c758bd78-zn48b,12.885414
2026-06-02T15:31:52.580862029Z,activator-5c758bd78-zn48b,535.489168
2026-06-02T15:31:52.61707816Z,activator-5c758bd78-zn48b,21.55847
2026-06-02T15:31:52.648143066Z,activator-5c758bd78-zn48b,3.345846
2026-06-02T15:31:52.714656616Z,activator-5c758bd78-zn48b,19.620374
2026-06-02T15:31:52.824537957Z,activator-5c758bd78-zn48b,1374.2644090000001
2026-06-02T15:31:52.825173579Z,activator-5c758bd78-zn48b,79.853718
2026-06-02T15:31:52.885433541Z,activator-5c758bd78-zn48b,90.838611
2026-06-02T15:31:52.960259916Z,activator-5c758bd78-zn48b,13.886176
2026-06-02T15:31:53.065841789Z,activator-5c758bd78-zn48b,615.525081
2026-06-02T15:31:53.073264969Z,activator-5c758bd78-zn48b,173.233323
2026-06-02T15:31:53.078874306Z,activator-5c758bd78-zn48b,75.950638
2026-06-02T15:31:53.124823776Z,activator-5c758bd78-zn48b,79.847615
2026-06-02T15:31:53.163442974Z,activator-5c758bd78-zn48b,18.650607
2026-06-02T15:31:53.25644382Z,activator-5c758bd78-zn48b,11.555936
2026-06-02T15:31:53.282861224Z,activator-5c758bd78-zn48b,87.425589
2026-06-02T15:31:53.316087032Z,activator-5c758bd78-zn48b,20.390266
2026-06-02T15:31:53.34940649Z,activator-5c758bd78-zn48b,4.462424
2026-06-02T15:31:53.415951867Z,activator-5c758bd78-zn48b,21.665149
2026-06-02T15:31:53.453470362Z,activator-5c758bd78-zn48b,8.407114
2026-06-02T15:31:53.513355992Z,activator-5c758bd78-zn48b,12.158493
2026-06-02T15:31:53.54863916Z,activator-5c758bd78-zn48b,3.835047
2026-06-02T15:31:53.589956553Z,activator-5c758bd78-zn48b,1039.821704
2026-06-02T15:31:53.596224349Z,activator-5c758bd78-zn48b,745.312575
2026-06-02T15:31:53.608438108Z,activator-5c758bd78-zn48b,13.446265
2026-06-02T15:31:53.624333216Z,activator-5c758bd78-zn48b,529.469447
2026-06-02T15:31:53.666930311Z,activator-5c758bd78-zn48b,14.578579
2026-06-02T15:31:53.77600607Z,activator-5c758bd78-zn48b,81.219253
2026-06-02T15:31:53.853242622Z,activator-5c758bd78-zn48b,7.549471
2026-06-02T15:31:53.898533897Z,activator-5c758bd78-zn48b,3.869014
2026-06-02T15:31:54.129273743Z,activator-5c758bd78-zn48b,84.237211
2026-06-02T15:31:54.374279051Z,activator-5c758bd78-zn48b,79.772479
2026-06-02T15:31:54.462952622Z,activator-5c758bd78-zn48b,18.529453
2026-06-02T15:31:54.473305344Z,activator-5c758bd78-zn48b,671.205357
2026-06-02T15:31:54.474494831Z,activator-5c758bd78-zn48b,79.804693
2026-06-02T15:31:54.47853464Z,activator-5c758bd78-zn48b,727.169114
2026-06-02T15:31:54.541904645Z,activator-5c758bd78-zn48b,7745.572373
2026-06-02T15:31:54.579171488Z,activator-5c758bd78-zn48b,34.976667
2026-06-02T15:31:54.582436579Z,activator-5c758bd78-zn48b,87.789353
2026-06-02T15:31:54.602369873Z,activator-5c758bd78-zn48b,657.066798
2026-06-02T15:31:54.628174355Z,activator-5c758bd78-zn48b,7782.440621
2026-06-02T15:31:54.713156943Z,activator-5c758bd78-zn48b,7667.574104
2026-06-02T15:31:54.720369283Z,activator-5c758bd78-zn48b,24.113204
2026-06-02T15:31:54.73089105Z,activator-5c758bd78-zn48b,534.943278
2026-06-02T15:31:54.749712367Z,activator-5c758bd78-zn48b,4.899469
2026-06-02T15:31:54.802793039Z,activator-5c758bd78-zn48b,7357.808798999999
2026-06-02T15:31:54.884144235Z,activator-5c758bd78-zn48b,90.044884
2026-06-02T15:31:54.919658411Z,activator-5c758bd78-zn48b,24.464445
2026-06-02T15:31:54.94631361Z,activator-5c758bd78-zn48b,7451.809433
2026-06-02T15:31:54.948459516Z,activator-5c758bd78-zn48b,103.379189
2026-06-02T15:31:55.000286109Z,activator-5c758bd78-zn48b,4.859392
2026-06-02T15:31:55.077513538Z,activator-5c758bd78-zn48b,7315.993506
2026-06-02T15:31:55.079591409Z,activator-5c758bd78-zn48b,133.551171
2026-06-02T15:31:55.156798534Z,activator-5c758bd78-zn48b,11.407432
2026-06-02T15:31:55.164190027Z,activator-5c758bd78-zn48b,7268.63415
2026-06-02T15:31:55.233922217Z,activator-5c758bd78-zn48b,1232.999738
2026-06-02T15:31:55.234310938Z,activator-5c758bd78-zn48b,34.094774
2026-06-02T15:31:55.241047Z,activator-5c758bd78-zn48b,189.875718
2026-06-02T15:31:55.25820142Z,activator-5c758bd78-zn48b,6811.943101
2026-06-02T15:31:55.263689071Z,activator-5c758bd78-zn48b,1167.827876
2026-06-02T15:31:55.265668092Z,activator-5c758bd78-zn48b,12.871683
2026-06-02T15:31:55.317441318Z,activator-5c758bd78-zn48b,716.59726
2026-06-02T15:31:55.323814451Z,activator-5c758bd78-zn48b,673.338341
2026-06-02T15:31:55.346097847Z,activator-5c758bd78-zn48b,6551.940085
2026-06-02T15:31:55.370577768Z,activator-5c758bd78-zn48b,24.895672
2026-06-02T15:31:55.388662077Z,activator-5c758bd78-zn48b,93.2631
2026-06-02T15:31:55.433836159Z,activator-5c758bd78-zn48b,6489.008326
2026-06-02T15:31:55.526904528Z,activator-5c758bd78-zn48b,6482.902546
2026-06-02T15:31:55.556397103Z,activator-5c758bd78-zn48b,11.676821
2026-06-02T15:31:55.585178217Z,activator-5c758bd78-zn48b,91.345582
2026-06-02T15:31:55.60517523Z,activator-5c758bd78-zn48b,10.312286
2026-06-02T15:31:55.619512006Z,activator-5c758bd78-zn48b,6524.854107
2026-06-02T15:31:55.656265437Z,activator-5c758bd78-zn48b,11.435722
2026-06-02T15:31:55.711374469Z,activator-5c758bd78-zn48b,6416.825917
2026-06-02T15:31:55.79983309Z,activator-5c758bd78-zn48b,6305.3356220000005
2026-06-02T15:31:55.830916348Z,activator-5c758bd78-zn48b,85.225964
2026-06-02T15:31:55.880985539Z,activator-5c758bd78-zn48b,86.276221
2026-06-02T15:31:55.931020325Z,activator-5c758bd78-zn48b,1686.398392
2026-06-02T15:31:55.936942732Z,activator-5c758bd78-zn48b,1591.812593
2026-06-02T15:31:55.988001553Z,activator-5c758bd78-zn48b,93.496828
2026-06-02T15:31:56.031861433Z,activator-5c758bd78-zn48b,87.780678
2026-06-02T15:31:56.149605539Z,activator-5c758bd78-zn48b,697.436825
2026-06-02T15:31:56.205959327Z,activator-5c758bd78-zn48b,11.057776
2026-06-02T15:31:56.23288824Z,activator-5c758bd78-zn48b,87.074442
2026-06-02T15:31:56.249638605Z,activator-5c758bd78-zn48b,5.017726
2026-06-02T15:31:56.251122581Z,activator-5c758bd78-zn48b,555.84335
2026-06-02T15:31:56.262475479Z,activator-5c758bd78-zn48b,217.054033
2026-06-02T15:31:56.319151041Z,activator-5c758bd78-zn48b,18.966792
2026-06-02T15:31:56.38977684Z,activator-5c758bd78-zn48b,45.349985
2026-06-02T15:31:56.540695742Z,activator-5c758bd78-zn48b,95.950924
2026-06-02T15:31:56.568974294Z,activator-5c758bd78-zn48b,574.47794
2026-06-02T15:31:56.586199945Z,activator-5c758bd78-zn48b,1491.38317
2026-06-02T15:31:56.591130158Z,activator-5c758bd78-zn48b,96.739523
2026-06-02T15:31:56.592327085Z,activator-5c758bd78-zn48b,2447.1298410000004
2026-06-02T15:31:56.598200578Z,activator-5c758bd78-zn48b,1203.2187880000001
2026-06-02T15:31:56.604345856Z,activator-5c758bd78-zn48b,758.998473
2026-06-02T15:31:56.618094513Z,activator-5c758bd78-zn48b,22.032436
2026-06-02T15:31:56.633097763Z,activator-5c758bd78-zn48b,88.581542
2026-06-02T15:31:56.667815016Z,activator-5c758bd78-zn48b,13.991883
2026-06-02T15:31:56.705254414Z,activator-5c758bd78-zn48b,10.354403
2026-06-02T15:31:56.833348531Z,activator-5c758bd78-zn48b,88.065132
2026-06-02T15:31:57.017733644Z,activator-5c758bd78-zn48b,14.260227
2026-06-02T15:31:57.068897237Z,activator-5c758bd78-zn48b,15.510433
2026-06-02T15:31:57.118856533Z,activator-5c758bd78-zn48b,15.414125
2026-06-02T15:31:57.225874255Z,activator-5c758bd78-zn48b,81.050262
2026-06-02T15:31:57.268292963Z,activator-5c758bd78-zn48b,17.17943
2026-06-02T15:31:57.269534174Z,activator-5c758bd78-zn48b,1173.9585280000001
2026-06-02T15:31:57.276545546Z,activator-5c758bd78-zn48b,881.829523
2026-06-02T15:31:57.283514744Z,activator-5c758bd78-zn48b,435.530503
2026-06-02T15:31:57.289848885Z,activator-5c758bd78-zn48b,393.55049
2026-06-02T15:31:57.339162052Z,activator-5c758bd78-zn48b,543.09668
2026-06-02T15:31:57.366620468Z,activator-5c758bd78-zn48b,15.955379
2026-06-02T15:31:57.416951535Z,activator-5c758bd78-zn48b,14.832552
2026-06-02T15:31:57.464968094Z,activator-5c758bd78-zn48b,19.873236
2026-06-02T15:31:57.625158796Z,activator-5c758bd78-zn48b,29.615847
2026-06-02T15:31:57.648651543Z,activator-5c758bd78-zn48b,695.258091
2026-06-02T15:31:57.716485576Z,activator-5c758bd78-zn48b,20.923931
2026-06-02T15:31:57.733878675Z,activator-5c758bd78-zn48b,88.512613
2026-06-02T15:31:57.745532333Z,activator-5c758bd78-zn48b,550.244779
2026-06-02T15:31:57.86602566Z,activator-5c758bd78-zn48b,19.540311
2026-06-02T15:31:57.899929226Z,activator-5c758bd78-zn48b,5.485286
2026-06-02T15:31:57.965159686Z,activator-5c758bd78-zn48b,671.359274
2026-06-02T15:31:58.006571046Z,activator-5c758bd78-zn48b,11.388082
2026-06-02T15:31:58.028443013Z,activator-5c758bd78-zn48b,83.751256
2026-06-02T15:31:58.112203846Z,activator-5c758bd78-zn48b,16.065224
2026-06-02T15:31:58.129910066Z,activator-5c758bd78-zn48b,84.786667
2026-06-02T15:31:58.162959142Z,activator-5c758bd78-zn48b,16.77217
2026-06-02T15:31:58.205093512Z,activator-5c758bd78-zn48b,10.444952
2026-06-02T15:31:58.231449442Z,activator-5c758bd78-zn48b,726.108162
2026-06-02T15:31:58.240963134Z,activator-5c758bd78-zn48b,689.20388
2026-06-02T15:31:58.265268196Z,activator-5c758bd78-zn48b,19.411588
2026-06-02T15:31:58.289857439Z,activator-5c758bd78-zn48b,544.626363
2026-06-02T15:31:58.315750261Z,activator-5c758bd78-zn48b,19.317984
2026-06-02T15:31:58.415472463Z,activator-5c758bd78-zn48b,19.494132
2026-06-02T15:31:58.460106998Z,activator-5c758bd78-zn48b,658.38414
2026-06-02T15:31:58.463496903Z,activator-5c758bd78-zn48b,17.602584
2026-06-02T15:31:58.509332992Z,activator-5c758bd78-zn48b,14.991518
2026-06-02T15:31:58.558449929Z,activator-5c758bd78-zn48b,13.126258
2026-06-02T15:31:58.613870442Z,activator-5c758bd78-zn48b,18.053484
2026-06-02T15:31:58.656683852Z,activator-5c758bd78-zn48b,11.104763
2026-06-02T15:31:58.790893864Z,activator-5c758bd78-zn48b,46.643426
2026-06-02T15:31:58.991559854Z,activator-5c758bd78-zn48b,46.108493
2026-06-02T15:31:58.996912928Z,activator-5c758bd78-zn48b,100.99538
2026-06-02T15:31:59.049906881Z,activator-5c758bd78-zn48b,3.99058
2026-06-02T15:31:59.079470081Z,activator-5c758bd78-zn48b,85.271485
2026-06-02T15:31:59.095715049Z,activator-5c758bd78-zn48b,739.264412
2026-06-02T15:31:59.115252977Z,activator-5c758bd78-zn48b,20.091093
2026-06-02T15:31:59.178482822Z,activator-5c758bd78-zn48b,33.688474
2026-06-02T15:31:59.276973324Z,activator-5c758bd78-zn48b,83.500439
2026-06-02T15:31:59.281925744Z,activator-5c758bd78-zn48b,13.931732
2026-06-02T15:31:59.37591704Z,activator-5c758bd78-zn48b,81.146142
2026-06-02T15:31:59.380296864Z,activator-5c758bd78-zn48b,535.259737
2026-06-02T15:31:59.401761567Z,activator-5c758bd78-zn48b,705.796563
2026-06-02T15:31:59.42890728Z,activator-5c758bd78-zn48b,13.357906
2026-06-02T15:31:59.499095709Z,activator-5c758bd78-zn48b,4.372102
2026-06-02T15:31:59.631609944Z,activator-5c758bd78-zn48b,87.501575
2026-06-02T15:31:59.678875852Z,activator-5c758bd78-zn48b,32.920007
2026-06-02T15:31:59.719098386Z,activator-5c758bd78-zn48b,12.745643
2026-06-02T15:31:59.777553605Z,activator-5c758bd78-zn48b,33.4734
2026-06-02T15:31:59.915237462Z,activator-5c758bd78-zn48b,19.899957
2026-06-02T15:31:59.9494936Z,activator-5c758bd78-zn48b,3.94941
2026-06-02T15:32:00.015463702Z,activator-5c758bd78-zn48b,19.683017
2026-06-02T15:32:00.069824035Z,activator-5c758bd78-zn48b,14.089936
2026-06-02T15:32:00.075428447Z,activator-5c758bd78-zn48b,1280.576188
2026-06-02T15:32:00.081381288Z,activator-5c758bd78-zn48b,734.899712
2026-06-02T15:32:00.182150684Z,activator-5c758bd78-zn48b,87.291942
2026-06-02T15:32:00.224944174Z,activator-5c758bd78-zn48b,80.055679
2026-06-02T15:32:00.436561518Z,activator-5c758bd78-zn48b,91.596282
2026-06-02T15:32:00.4791716Z,activator-5c758bd78-zn48b,84.371469
2026-06-02T15:32:00.728788026Z,activator-5c758bd78-zn48b,1282.841799
2026-06-02T15:32:00.896118523Z,activator-5c758bd78-zn48b,638.290715
2026-06-02T15:32:01.373444108Z,activator-5c758bd78-zn48b,1776.63738
2026-06-02T15:32:01.379340039Z,activator-5c758bd78-zn48b,1584.290643
2026-06-02T15:32:01.385338008Z,activator-5c758bd78-zn48b,1540.2246989999999
2026-06-02T15:32:02.032122506Z,activator-5c758bd78-zn48b,1834.439338
2026-06-02T15:32:02.037980583Z,activator-5c758bd78-zn48b,1742.1362629999999
2026-06-02T15:41:58.5818038Z,activator-5c758bd78-zn48b,1466.780207
2026-06-02T15:41:58.588082398Z,activator-5c758bd78-zn48b,231.289483
2026-06-02T15:41:58.594491161Z,activator-5c758bd78-zn48b,388.561334
2026-06-02T15:41:58.599862623Z,activator-5c758bd78-zn48b,587.607636
2026-06-02T15:41:58.605844116Z,activator-5c758bd78-zn48b,1147.3906949999998
2026-06-02T15:41:58.611890751Z,activator-5c758bd78-zn48b,804.793927
2026-06-02T15:41:58.617687808Z,activator-5c758bd78-zn48b,1208.357265
2026-06-02T15:41:58.623135053Z,activator-5c758bd78-zn48b,1362.839042
2026-06-02T15:41:58.852471245Z,activator-5c758bd78-zn48b,1647.4673500000001
2026-06-02T15:41:58.933287468Z,activator-5c758bd78-zn48b,1433.9576769999999
2026-06-02T15:41:59.011177056Z,activator-5c758bd78-zn48b,403.329631
2026-06-02T15:41:59.089274816Z,activator-5c758bd78-zn48b,1133.016912
2026-06-02T15:41:59.095429481Z,activator-5c758bd78-zn48b,1791.5012290000002
2026-06-02T15:41:59.171414995Z,activator-5c758bd78-zn48b,1469.2550019999999
2026-06-02T15:41:59.244683431Z,activator-5c758bd78-zn48b,937.418824
2026-06-02T15:41:59.249463931Z,activator-5c758bd78-zn48b,363.971066
2026-06-02T15:41:59.249890974Z,activator-5c758bd78-zn48b,690.292593
2026-06-02T15:41:59.25755445Z,activator-5c758bd78-zn48b,619.647662
2026-06-02T15:41:59.315983142Z,activator-5c758bd78-zn48b,2157.230829
2026-06-02T15:41:59.328581864Z,activator-5c758bd78-zn48b,288.218002
2026-06-02T15:41:59.355779329Z,activator-5c758bd78-zn48b,166.298802
2026-06-02T15:41:59.357963668Z,activator-5c758bd78-zn48b,76.153394
2026-06-02T15:41:59.361371417Z,activator-5c758bd78-zn48b,528.982841
2026-06-02T15:41:59.391847381Z,activator-5c758bd78-zn48b,609.528579
2026-06-02T15:41:59.393201481Z,activator-5c758bd78-zn48b,457.202278
2026-06-02T15:41:59.406976801Z,activator-5c758bd78-zn48b,322.232146
2026-06-02T15:41:59.409401003Z,activator-5c758bd78-zn48b,1507.1010199999998
2026-06-02T15:41:59.431114541Z,activator-5c758bd78-zn48b,699.982648
2026-06-02T15:41:59.432283338Z,activator-5c758bd78-zn48b,1031.847686
2026-06-02T15:41:59.437648999Z,activator-5c758bd78-zn48b,1340.530434
2026-06-02T15:41:59.444636032Z,activator-5c758bd78-zn48b,64.060453
2026-06-02T15:41:59.445833785Z,activator-5c758bd78-zn48b,10.796803
2026-06-02T15:41:59.484815037Z,activator-5c758bd78-zn48b,142.314158
2026-06-02T15:41:59.535592059Z,activator-5c758bd78-zn48b,3.627265
2026-06-02T15:41:59.574610214Z,activator-5c758bd78-zn48b,79.595232
2026-06-02T15:41:59.689590979Z,activator-5c758bd78-zn48b,3.653826
2026-06-02T15:41:59.757807807Z,activator-5c758bd78-zn48b,1610.463779
2026-06-02T15:41:59.813432625Z,activator-5c758bd78-zn48b,80.463982
2026-06-02T15:41:59.869954491Z,activator-5c758bd78-zn48b,35.095881
2026-06-02T15:41:59.887467031Z,activator-5c758bd78-zn48b,1194.866188
2026-06-02T15:41:59.893540553Z,activator-5c758bd78-zn48b,900.072858
2026-06-02T15:41:59.939275633Z,activator-5c758bd78-zn48b,802.632425
2026-06-02T15:41:59.950623177Z,activator-5c758bd78-zn48b,1893.710104
2026-06-02T15:41:59.959640716Z,activator-5c758bd78-zn48b,1710.315797
2026-06-02T15:41:59.987231253Z,activator-5c758bd78-zn48b,3.359734
2026-06-02T15:42:00.113075648Z,activator-5c758bd78-zn48b,79.429748
2026-06-02T15:42:00.151091601Z,activator-5c758bd78-zn48b,12.615519
2026-06-02T15:42:00.265302531Z,activator-5c758bd78-zn48b,80.622887
2026-06-02T15:42:00.347122165Z,activator-5c758bd78-zn48b,109.322229
2026-06-02T15:42:00.415381647Z,activator-5c758bd78-zn48b,1960.586183
2026-06-02T15:42:00.421612662Z,activator-5c758bd78-zn48b,1918.613695
2026-06-02T15:42:00.477396418Z,activator-5c758bd78-zn48b,2622.6499689999996
2026-06-02T15:42:00.489269432Z,activator-5c758bd78-zn48b,401.281914
2026-06-02T15:42:00.499515533Z,activator-5c758bd78-zn48b,217.269282
2026-06-02T15:42:00.509932985Z,activator-5c758bd78-zn48b,126.786389
2026-06-02T15:42:00.525659176Z,activator-5c758bd78-zn48b,36.659831
2026-06-02T15:42:00.693245956Z,activator-5c758bd78-zn48b,3.650778
2026-06-02T15:42:00.745883836Z,activator-5c758bd78-zn48b,8.17219
2026-06-02T15:42:00.865616482Z,activator-5c758bd78-zn48b,78.953929
2026-06-02T15:42:00.926382005Z,activator-5c758bd78-zn48b,36.708742
2026-06-02T15:42:00.963331939Z,activator-5c758bd78-zn48b,626.082012
2026-06-02T15:42:00.970218952Z,activator-5c758bd78-zn48b,421.097287
2026-06-02T15:42:00.975849133Z,activator-5c758bd78-zn48b,385.602214
2026-06-02T15:42:00.981841704Z,activator-5c758bd78-zn48b,137.324019
2026-06-02T15:42:01.009071538Z,activator-5c758bd78-zn48b,13.810998
2026-06-02T15:42:01.013508712Z,activator-5c758bd78-zn48b,79.932136
2026-06-02T15:42:01.023827626Z,activator-5c758bd78-zn48b,1433.149837
2026-06-02T15:42:01.034486734Z,activator-5c758bd78-zn48b,1396.431097
2026-06-02T15:42:01.044314286Z,activator-5c758bd78-zn48b,607.134591
2026-06-02T15:42:01.068535152Z,activator-5c758bd78-zn48b,3717.661623
2026-06-02T15:42:01.070460837Z,activator-5c758bd78-zn48b,37.568821
2026-06-02T15:42:01.074213504Z,activator-5c758bd78-zn48b,3523.859014
2026-06-02T15:42:01.079830451Z,activator-5c758bd78-zn48b,3475.078195
2026-06-02T15:42:01.194448072Z,activator-5c758bd78-zn48b,4.195623
2026-06-02T15:42:01.219619068Z,activator-5c758bd78-zn48b,78.837094
2026-06-02T15:42:01.308641642Z,activator-5c758bd78-zn48b,12.789899
2026-06-02T15:42:01.347334357Z,activator-5c758bd78-zn48b,8.492378
2026-06-02T15:42:01.403331594Z,activator-5c758bd78-zn48b,13.010642
2026-06-02T15:42:01.443222653Z,activator-5c758bd78-zn48b,7.976006
2026-06-02T15:42:01.5634779Z,activator-5c758bd78-zn48b,80.976768
2026-06-02T15:42:01.613033371Z,activator-5c758bd78-zn48b,18.549155
2026-06-02T15:42:01.643346107Z,activator-5c758bd78-zn48b,105.738208
2026-06-02T15:42:01.650674129Z,activator-5c758bd78-zn48b,18.507925
2026-06-02T15:42:01.736105868Z,activator-5c758bd78-zn48b,4079.183037
2026-06-02T15:42:01.803789672Z,activator-5c758bd78-zn48b,16.940396
2026-06-02T15:42:01.816862704Z,activator-5c758bd78-zn48b,78.401147
2026-06-02T15:42:01.922832181Z,activator-5c758bd78-zn48b,78.390306
2026-06-02T15:42:01.957370407Z,activator-5c758bd78-zn48b,18.141498
2026-06-02T15:42:02.098061477Z,activator-5c758bd78-zn48b,9.175695
2026-06-02T15:42:02.118486356Z,activator-5c758bd78-zn48b,80.104519
2026-06-02T15:42:02.14139602Z,activator-5c758bd78-zn48b,7.97918
2026-06-02T15:42:02.259269831Z,activator-5c758bd78-zn48b,19.021276
2026-06-02T15:42:02.342534687Z,activator-5c758bd78-zn48b,3.505274
2026-06-02T15:42:02.364326498Z,activator-5c758bd78-zn48b,78.825498
2026-06-02T15:42:02.39016264Z,activator-5c758bd78-zn48b,4639.574844
2026-06-02T15:42:02.399491064Z,activator-5c758bd78-zn48b,3165.30274
2026-06-02T15:42:02.40499805Z,activator-5c758bd78-zn48b,2615.6988760000004
2026-06-02T15:42:02.405191496Z,activator-5c758bd78-zn48b,17.928576
2026-06-02T15:42:02.513053538Z,activator-5c758bd78-zn48b,79.05465
2026-06-02T15:42:02.554939597Z,activator-5c758bd78-zn48b,12.127117
2026-06-02T15:42:02.598539815Z,activator-5c758bd78-zn48b,108.377898
2026-06-02T15:42:02.607883067Z,activator-5c758bd78-zn48b,13.837854
2026-06-02T15:42:02.661131803Z,activator-5c758bd78-zn48b,19.432799
2026-06-02T15:42:02.691904931Z,activator-5c758bd78-zn48b,3.745091
2026-06-02T15:42:02.750587017Z,activator-5c758bd78-zn48b,16.772626
2026-06-02T15:42:02.827090691Z,activator-5c758bd78-zn48b,36.518745
2026-06-02T15:42:02.856993922Z,activator-5c758bd78-zn48b,19.215416
2026-06-02T15:42:02.901487451Z,activator-5c758bd78-zn48b,15.331
2026-06-02T15:42:02.954958182Z,activator-5c758bd78-zn48b,17.704927
2026-06-02T15:42:03.009585794Z,activator-5c758bd78-zn48b,17.552337
2026-06-02T15:42:03.063255678Z,activator-5c758bd78-zn48b,2425.859253
2026-06-02T15:42:03.068959786Z,activator-5c758bd78-zn48b,1978.340271
2026-06-02T15:42:03.074852371Z,activator-5c758bd78-zn48b,1841.3584030000002
2026-06-02T15:42:03.081020482Z,activator-5c758bd78-zn48b,1395.7758680000002
2026-06-02T15:42:03.086931372Z,activator-5c758bd78-zn48b,1200.18994
2026-06-02T15:42:03.092883099Z,activator-5c758bd78-zn48b,1102.95001
2026-06-02T15:42:03.156433892Z,activator-5c758bd78-zn48b,12.805912
2026-06-02T15:42:03.1769382Z,activator-5c758bd78-zn48b,86.954323
2026-06-02T15:42:03.352306771Z,activator-5c758bd78-zn48b,12.784618
2026-06-02T15:42:03.400445448Z,activator-5c758bd78-zn48b,11.649966
2026-06-02T15:42:03.494314783Z,activator-5c758bd78-zn48b,5.562122
2026-06-02T15:42:03.573676147Z,activator-5c758bd78-zn48b,533.546532
2026-06-02T15:42:03.612003461Z,activator-5c758bd78-zn48b,79.240952
2026-06-02T15:42:03.68889213Z,activator-5c758bd78-zn48b,105.089493
2026-06-02T15:42:03.740502598Z,activator-5c758bd78-zn48b,3851.605288
2026-06-02T15:42:03.747001879Z,activator-5c758bd78-zn48b,12.421086
2026-06-02T15:42:03.869021938Z,activator-5c758bd78-zn48b,80.947113
2026-06-02T15:42:03.906652024Z,activator-5c758bd78-zn48b,14.423174
2026-06-02T15:42:03.954190117Z,activator-5c758bd78-zn48b,15.222206
2026-06-02T15:42:04.006524243Z,activator-5c758bd78-zn48b,15.703241
2026-06-02T15:42:04.097178122Z,activator-5c758bd78-zn48b,910.243029
2026-06-02T15:42:04.124741732Z,activator-5c758bd78-zn48b,86.065083
2026-06-02T15:42:04.203074286Z,activator-5c758bd78-zn48b,13.457839
2026-06-02T15:42:04.220498648Z,activator-5c758bd78-zn48b,80.726177
2026-06-02T15:42:04.388891751Z,activator-5c758bd78-zn48b,4455.181286
2026-06-02T15:42:04.457283208Z,activator-5c758bd78-zn48b,17.329432
2026-06-02T15:42:04.620713098Z,activator-5c758bd78-zn48b,80.769307
2026-06-02T15:42:04.628776402Z,activator-5c758bd78-zn48b,1396.340635
2026-06-02T15:42:04.640360724Z,activator-5c758bd78-zn48b,1356.800023
2026-06-02T15:42:04.650629215Z,activator-5c758bd78-zn48b,1214.642721
2026-06-02T15:42:04.658520947Z,activator-5c758bd78-zn48b,19.714197
2026-06-02T15:42:04.664223283Z,activator-5c758bd78-zn48b,1030.624727
2026-06-02T15:42:04.675037781Z,activator-5c758bd78-zn48b,985.645209
2026-06-02T15:42:04.685723169Z,activator-5c758bd78-zn48b,846.401023
2026-06-02T15:42:04.696546983Z,activator-5c758bd78-zn48b,455.905348
2026-06-02T15:42:04.697394098Z,activator-5c758bd78-zn48b,109.331009
2026-06-02T15:42:04.711391174Z,activator-5c758bd78-zn48b,16.150676
2026-06-02T15:42:04.744080103Z,activator-5c758bd78-zn48b,5.825161
2026-06-02T15:42:04.80180617Z,activator-5c758bd78-zn48b,12.154773
2026-06-02T15:42:04.905067231Z,activator-5c758bd78-zn48b,20.72118
2026-06-02T15:42:04.957653894Z,activator-5c758bd78-zn48b,17.310193
2026-06-02T15:42:05.006191716Z,activator-5c758bd78-zn48b,13.334692
2026-06-02T15:42:05.032802898Z,activator-5c758bd78-zn48b,2840.634425
2026-06-02T15:42:05.054335681Z,activator-5c758bd78-zn48b,13.609885
2026-06-02T15:42:05.107076852Z,activator-5c758bd78-zn48b,13.420937
2026-06-02T15:42:05.200408679Z,activator-5c758bd78-zn48b,12.986367
2026-06-02T15:42:05.217035479Z,activator-5c758bd78-zn48b,80.316581
2026-06-02T15:42:05.218572589Z,activator-5c758bd78-zn48b,1132.869994
2026-06-02T15:42:05.302603976Z,activator-5c758bd78-zn48b,12.487043
2026-06-02T15:42:05.313502283Z,activator-5c758bd78-zn48b,78.943819
2026-06-02T15:42:05.349893401Z,activator-5c758bd78-zn48b,12.655509
2026-06-02T15:42:05.446930386Z,activator-5c758bd78-zn48b,14.206892
2026-06-02T15:42:05.542789532Z,activator-5c758bd78-zn48b,5.612619
2026-06-02T15:42:05.594433502Z,activator-5c758bd78-zn48b,4.921899
2026-06-02T15:42:05.649790967Z,activator-5c758bd78-zn48b,11.10977
2026-06-02T15:42:05.73633266Z,activator-5c758bd78-zn48b,1450.486165
2026-06-02T15:42:05.747986992Z,activator-5c758bd78-zn48b,10.937957
2026-06-02T15:42:05.764102221Z,activator-5c758bd78-zn48b,80.468108
2026-06-02T15:42:05.794916288Z,activator-5c758bd78-zn48b,4.71278
2026-06-02T15:42:05.900610894Z,activator-5c758bd78-zn48b,13.7889
2026-06-02T15:42:05.957834197Z,activator-5c758bd78-zn48b,13.207052
2026-06-02T15:42:06.004564944Z,activator-5c758bd78-zn48b,13.11599
2026-06-02T15:42:06.154707913Z,activator-5c758bd78-zn48b,14.92617
2026-06-02T15:42:06.173346732Z,activator-5c758bd78-zn48b,85.638236
2026-06-02T15:42:06.176981048Z,activator-5c758bd78-zn48b,690.017503
2026-06-02T15:42:06.19441895Z,activator-5c758bd78-zn48b,11.846178
2026-06-02T15:42:06.256905147Z,activator-5c758bd78-zn48b,1920.3800179999998
2026-06-02T15:42:06.267537502Z,activator-5c758bd78-zn48b,1881.912961
2026-06-02T15:42:06.278439753Z,activator-5c758bd78-zn48b,1790.5222649999998
2026-06-02T15:42:06.290771819Z,activator-5c758bd78-zn48b,1457.165644
2026-06-02T15:42:06.300436511Z,activator-5c758bd78-zn48b,907.907017
2026-06-02T15:42:06.309631067Z,activator-5c758bd78-zn48b,20.366111
2026-06-02T15:42:06.315674148Z,activator-5c758bd78-zn48b,79.378672
2026-06-02T15:42:06.397898092Z,activator-5c758bd78-zn48b,56.384461
2026-06-02T15:42:06.403064312Z,activator-5c758bd78-zn48b,17.70778
2026-06-02T15:42:06.470754999Z,activator-5c758bd78-zn48b,626.538516
2026-06-02T15:42:06.50663856Z,activator-5c758bd78-zn48b,14.46182
2026-06-02T15:42:06.545413409Z,activator-5c758bd78-zn48b,4.837539
2026-06-02T15:42:06.606112601Z,activator-5c758bd78-zn48b,16.645051
2026-06-02T15:42:06.700491283Z,activator-5c758bd78-zn48b,11.949881
2026-06-02T15:42:06.753234799Z,activator-5c758bd78-zn48b,720.25163
2026-06-02T15:42:06.754148002Z,activator-5c758bd78-zn48b,13.841593
2026-06-02T15:42:06.76016988Z,activator-5c758bd78-zn48b,117.641854
2026-06-02T15:42:06.792335937Z,activator-5c758bd78-zn48b,4.768319
2026-06-02T15:42:06.905633646Z,activator-5c758bd78-zn48b,72.346179
2026-06-02T15:42:06.958487703Z,activator-5c758bd78-zn48b,14.391204
2026-06-02T15:42:07.050554546Z,activator-5c758bd78-zn48b,13.252682
2026-06-02T15:42:07.094633069Z,activator-5c758bd78-zn48b,5.501718
2026-06-02T15:42:07.141052202Z,activator-5c758bd78-zn48b,6.108895
2026-06-02T15:42:07.14857735Z,activator-5c758bd78-zn48b,713.575973
2026-06-02T15:42:07.305722954Z,activator-5c758bd78-zn48b,14.738178
2026-06-02T15:42:07.355708948Z,activator-5c758bd78-zn48b,15.623902
2026-06-02T15:42:07.459891546Z,activator-5c758bd78-zn48b,576.69138
2026-06-02T15:42:07.463772117Z,activator-5c758bd78-zn48b,79.025183
2026-06-02T15:42:07.504828218Z,activator-5c758bd78-zn48b,14.216356
2026-06-02T15:42:07.613449576Z,activator-5c758bd78-zn48b,79.244439
2026-06-02T15:42:07.653186947Z,activator-5c758bd78-zn48b,12.54404
2026-06-02T15:42:07.691873146Z,activator-5c758bd78-zn48b,103.38772
2026-06-02T15:42:07.815966936Z,activator-5c758bd78-zn48b,80.138513
2026-06-02T15:42:07.891873054Z,activator-5c758bd78-zn48b,104.427251
2026-06-02T15:42:07.95389914Z,activator-5c758bd78-zn48b,16.391006
2026-06-02T15:42:07.985245301Z,activator-5c758bd78-zn48b,995.815812
2026-06-02T15:42:07.996159458Z,activator-5c758bd78-zn48b,810.063817
2026-06-02T15:42:08.006966275Z,activator-5c758bd78-zn48b,771.351123
2026-06-02T15:42:08.061581069Z,activator-5c758bd78-zn48b,78.923602
2026-06-02T15:42:08.082259328Z,activator-5c758bd78-zn48b,639.461002
2026-06-02T15:42:08.109157741Z,activator-5c758bd78-zn48b,20.636164
2026-06-02T15:42:08.139019787Z,activator-5c758bd78-zn48b,106.429904
2026-06-02T15:42:08.204896286Z,activator-5c758bd78-zn48b,12.285241
2026-06-02T15:42:08.215169625Z,activator-5c758bd78-zn48b,78.569605
2026-06-02T15:42:08.318635814Z,activator-5c758bd78-zn48b,80.206164
2026-06-02T15:42:08.399713421Z,activator-5c758bd78-zn48b,114.269275
2026-06-02T15:42:08.413051145Z,activator-5c758bd78-zn48b,719.173359
2026-06-02T15:42:08.516837301Z,activator-5c758bd78-zn48b,84.680181
2026-06-02T15:42:08.540643025Z,activator-5c758bd78-zn48b,656.475153
2026-06-02T15:42:08.546436757Z,activator-5c758bd78-zn48b,5.600446
2026-06-02T15:42:08.672405022Z,activator-5c758bd78-zn48b,89.058757
2026-06-02T15:42:08.702201839Z,activator-5c758bd78-zn48b,11.391976
2026-06-02T15:42:08.754990004Z,activator-5c758bd78-zn48b,122.793746
2026-06-02T15:42:08.83896165Z,activator-5c758bd78-zn48b,53.490262
2026-06-02T15:42:08.952609346Z,activator-5c758bd78-zn48b,614.831482
2026-06-02T15:42:08.988310726Z,activator-5c758bd78-zn48b,5.433849
2026-06-02T15:42:09.018481576Z,activator-5c758bd78-zn48b,527.424
2026-06-02T15:42:09.043598579Z,activator-5c758bd78-zn48b,1202.916399
2026-06-02T15:42:09.244606199Z,activator-5c758bd78-zn48b,59.22468
2026-06-02T15:42:09.246697866Z,activator-5c758bd78-zn48b,9.573981
2026-06-02T15:42:09.440842526Z,activator-5c758bd78-zn48b,4.997735
2026-06-02T15:42:09.503890062Z,activator-5c758bd78-zn48b,19.492736
2026-06-02T15:42:09.535364432Z,activator-5c758bd78-zn48b,649.221332
2026-06-02T15:42:09.549141756Z,activator-5c758bd78-zn48b,710.367774
2026-06-02T15:42:09.555958205Z,activator-5c758bd78-zn48b,167.193293
2026-06-02T15:42:09.557128239Z,activator-5c758bd78-zn48b,1169.7702969999998
2026-06-02T15:42:09.563434739Z,activator-5c758bd78-zn48b,623.192342
2026-06-02T15:42:09.662336551Z,activator-5c758bd78-zn48b,21.859131
2026-06-02T15:42:09.672875954Z,activator-5c758bd78-zn48b,927.61992
2026-06-02T15:42:09.676613783Z,activator-5c758bd78-zn48b,86.793532
2026-06-02T15:42:09.67905605Z,activator-5c758bd78-zn48b,591.342348
2026-06-02T15:42:09.745086361Z,activator-5c758bd78-zn48b,55.722054
2026-06-02T15:42:09.786338355Z,activator-5c758bd78-zn48b,53.941587
2026-06-02T15:42:09.786706727Z,activator-5c758bd78-zn48b,649.52918
2026-06-02T15:42:09.794646398Z,activator-5c758bd78-zn48b,497.113435
2026-06-02T15:42:09.79969065Z,activator-5c758bd78-zn48b,265.582715
2026-06-02T15:42:09.810096673Z,activator-5c758bd78-zn48b,13.27934
2026-06-02T15:42:09.882720864Z,activator-5c758bd78-zn48b,48.745982
2026-06-02T15:42:09.934719019Z,activator-5c758bd78-zn48b,46.661955
2026-06-02T15:42:10.07617933Z,activator-5c758bd78-zn48b,38.549866
2026-06-02T15:42:10.173753005Z,activator-5c758bd78-zn48b,86.809173
2026-06-02T15:42:10.179106212Z,activator-5c758bd78-zn48b,1138.21821
2026-06-02T15:42:10.205074657Z,activator-5c758bd78-zn48b,23.218807
2026-06-02T15:42:10.317077963Z,activator-5c758bd78-zn48b,974.690894
2026-06-02T15:42:10.326154364Z,activator-5c758bd78-zn48b,88.669948
2026-06-02T15:42:10.351408696Z,activator-5c758bd78-zn48b,17.461407
2026-06-02T15:42:10.438539154Z,activator-5c758bd78-zn48b,4.786295
2026-06-02T15:42:10.473144779Z,activator-5c758bd78-zn48b,536.808069
2026-06-02T15:42:10.485905869Z,activator-5c758bd78-zn48b,489.959228
2026-06-02T15:42:10.496001922Z,activator-5c758bd78-zn48b,354.813941
2026-06-02T15:42:10.509535241Z,activator-5c758bd78-zn48b,19.171915
2026-06-02T15:42:10.544789101Z,activator-5c758bd78-zn48b,11.194214
2026-06-02T15:42:10.596619096Z,activator-5c758bd78-zn48b,8.728662
2026-06-02T15:42:10.752349266Z,activator-5c758bd78-zn48b,18.174674
2026-06-02T15:42:10.768953723Z,activator-5c758bd78-zn48b,86.91285
2026-06-02T15:42:10.869618336Z,activator-5c758bd78-zn48b,84.4721
2026-06-02T15:42:10.89925082Z,activator-5c758bd78-zn48b,16.886803
2026-06-02T15:42:10.945470535Z,activator-5c758bd78-zn48b,654.264615
2026-06-02T15:42:11.032710836Z,activator-5c758bd78-zn48b,638.312258
2026-06-02T15:42:11.039703185Z,activator-5c758bd78-zn48b,4.558975
2026-06-02T15:42:11.155760963Z,activator-5c758bd78-zn48b,15.94637
2026-06-02T15:42:11.170429439Z,activator-5c758bd78-zn48b,86.291072
2026-06-02T15:42:11.172041741Z,activator-5c758bd78-zn48b,532.038229
2026-06-02T15:42:11.251624823Z,activator-5c758bd78-zn48b,19.057299
2026-06-02T15:42:11.275812046Z,activator-5c758bd78-zn48b,84.253843
2026-06-02T15:42:11.347115467Z,activator-5c758bd78-zn48b,12.156127
2026-06-02T15:42:11.452540774Z,activator-5c758bd78-zn48b,610.634855
2026-06-02T15:42:11.458590524Z,activator-5c758bd78-zn48b,464.799246
2026-06-02T15:42:11.554505499Z,activator-5c758bd78-zn48b,14.934346
2026-06-02T15:42:11.568639357Z,activator-5c758bd78-zn48b,85.503532
2026-06-02T15:42:11.638186386Z,activator-5c758bd78-zn48b,700.601311
2026-06-02T15:42:11.720778427Z,activator-5c758bd78-zn48b,86.880857
2026-06-02T15:42:11.757194559Z,activator-5c758bd78-zn48b,13.616151
2026-06-02T15:42:11.81564971Z,activator-5c758bd78-zn48b,522.463602
2026-06-02T15:42:11.825712571Z,activator-5c758bd78-zn48b,242.734512
2026-06-02T15:42:11.849871253Z,activator-5c758bd78-zn48b,16.868098
2026-06-02T15:42:11.874233437Z,activator-5c758bd78-zn48b,86.549093
2026-06-02T15:42:11.903221237Z,activator-5c758bd78-zn48b,19.168713
2026-06-02T15:42:11.916879883Z,activator-5c758bd78-zn48b,527.063696
2026-06-02T15:42:11.927516796Z,activator-5c758bd78-zn48b,493.86989
2026-06-02T15:42:11.948100577Z,activator-5c758bd78-zn48b,15.928598
2026-06-02T15:42:12.058181842Z,activator-5c758bd78-zn48b,18.306059
2026-06-02T15:42:12.272326748Z,activator-5c758bd78-zn48b,87.013638
2026-06-02T15:42:12.295582405Z,activator-5c758bd78-zn48b,5.393018
2026-06-02T15:42:12.332891831Z,activator-5c758bd78-zn48b,649.957449
2026-06-02T15:42:12.380274162Z,activator-5c758bd78-zn48b,38.731494
2026-06-02T15:42:12.402929806Z,activator-5c758bd78-zn48b,18.311907
2026-06-02T15:42:12.505664786Z,activator-5c758bd78-zn48b,22.06265
2026-06-02T15:42:12.52693075Z,activator-5c758bd78-zn48b,86.612353
2026-06-02T15:42:12.544440923Z,activator-5c758bd78-zn48b,3.838001
2026-06-02T15:42:12.59250031Z,activator-5c758bd78-zn48b,8.734165
2026-06-02T15:42:12.630941998Z,activator-5c758bd78-zn48b,648.824474
2026-06-02T15:42:12.673398294Z,activator-5c758bd78-zn48b,37.047581
2026-06-02T15:42:12.705901008Z,activator-5c758bd78-zn48b,12.650754
2026-06-02T15:42:12.734874724Z,activator-5c758bd78-zn48b,652.649932
2026-06-02T15:42:12.765177389Z,activator-5c758bd78-zn48b,532.655386
2026-06-02T15:42:12.808219185Z,activator-5c758bd78-zn48b,18.809953
2026-06-02T15:42:12.820533803Z,activator-5c758bd78-zn48b,86.126101
2026-06-02T15:42:12.921872236Z,activator-5c758bd78-zn48b,86.151818
2026-06-02T15:42:12.976498738Z,activator-5c758bd78-zn48b,841.452778
2026-06-02T15:42:13.004055399Z,activator-5c758bd78-zn48b,118.833267
2026-06-02T15:42:13.021112185Z,activator-5c758bd78-zn48b,39.126354
2026-06-02T15:42:13.103366759Z,activator-5c758bd78-zn48b,12.632098
2026-06-02T15:42:13.202960251Z,activator-5c758bd78-zn48b,15.144013
2026-06-02T15:42:13.254369188Z,activator-5c758bd78-zn48b,11.813673
2026-06-02T15:42:13.391995846Z,activator-5c758bd78-zn48b,9.296085
2026-06-02T15:42:13.463143569Z,activator-5c758bd78-zn48b,530.093023
2026-06-02T15:42:13.494809214Z,activator-5c758bd78-zn48b,12.120168
2026-06-02T15:42:13.567424308Z,activator-5c758bd78-zn48b,525.809045
2026-06-02T15:42:13.626017607Z,activator-5c758bd78-zn48b,84.740761
2026-06-02T15:42:13.708038676Z,activator-5c758bd78-zn48b,116.544976
2026-06-02T15:42:13.787015765Z,activator-5c758bd78-zn48b,46.220821
2026-06-02T15:42:13.917023018Z,activator-5c758bd78-zn48b,85.85915
2026-06-02T15:42:13.95061274Z,activator-5c758bd78-zn48b,13.48636
2026-06-02T15:42:13.969839769Z,activator-5c758bd78-zn48b,631.624602
2026-06-02T15:42:13.997684953Z,activator-5c758bd78-zn48b,109.612154
2026-06-02T15:42:14.032139321Z,activator-5c758bd78-zn48b,742.334002
2026-06-02T15:42:14.057245468Z,activator-5c758bd78-zn48b,15.317288
2026-06-02T15:42:14.085110645Z,activator-5c758bd78-zn48b,945.872456
2026-06-02T15:42:14.09498553Z,activator-5c758bd78-zn48b,309.49696
2026-06-02T15:42:14.106449621Z,activator-5c758bd78-zn48b,672.848015
2026-06-02T15:42:14.106605183Z,activator-5c758bd78-zn48b,13.874012
2026-06-02T15:42:14.168794019Z,activator-5c758bd78-zn48b,22.029233
2026-06-02T15:42:14.213649381Z,activator-5c758bd78-zn48b,21.080071
2026-06-02T15:42:14.340542037Z,activator-5c758bd78-zn48b,645.409358
2026-06-02T15:42:14.396880637Z,activator-5c758bd78-zn48b,9.232854
2026-06-02T15:42:14.423913512Z,activator-5c758bd78-zn48b,86.357107
2026-06-02T15:42:14.553164229Z,activator-5c758bd78-zn48b,917.773054
2026-06-02T15:42:14.563508469Z,activator-5c758bd78-zn48b,576.517201
2026-06-02T15:42:14.64948715Z,activator-5c758bd78-zn48b,12.54026
2026-06-02T15:42:14.691536959Z,activator-5c758bd78-zn48b,3.358293
2026-06-02T15:42:14.858942173Z,activator-5c758bd78-zn48b,571.109468
2026-06-02T15:42:14.896470813Z,activator-5c758bd78-zn48b,649.403259
2026-06-02T15:42:14.903367915Z,activator-5c758bd78-zn48b,314.642247
2026-06-02T15:42:14.909254285Z,activator-5c758bd78-zn48b,122.216996
2026-06-02T15:42:14.92668591Z,activator-5c758bd78-zn48b,88.155226
2026-06-02T15:42:15.024863679Z,activator-5c758bd78-zn48b,85.74864
2026-06-02T15:42:15.049943991Z,activator-5c758bd78-zn48b,11.680267
2026-06-02T15:42:15.106537368Z,activator-5c758bd78-zn48b,121.063361
2026-06-02T15:42:15.147988489Z,activator-5c758bd78-zn48b,12.109088
2026-06-02T15:42:15.156749469Z,activator-5c758bd78-zn48b,618.183125
2026-06-02T15:42:15.163627171Z,activator-5c758bd78-zn48b,421.65318
2026-06-02T15:42:15.170504239Z,activator-5c758bd78-zn48b,277.299976
2026-06-02T15:42:15.190398234Z,activator-5c758bd78-zn48b,103.134931
2026-06-02T15:42:15.251039968Z,activator-5c758bd78-zn48b,14.858635
2026-06-02T15:42:15.279243556Z,activator-5c758bd78-zn48b,88.428457
2026-06-02T15:42:15.305548294Z,activator-5c758bd78-zn48b,11.582404
2026-06-02T15:42:15.398165886Z,activator-5c758bd78-zn48b,11.422524
2026-06-02T15:42:15.411184657Z,activator-5c758bd78-zn48b,971.937372
2026-06-02T15:42:15.434103353Z,activator-5c758bd78-zn48b,96.274159
2026-06-02T15:42:15.485907871Z,activator-5c758bd78-zn48b,53.181295
2026-06-02T15:42:15.597754612Z,activator-5c758bd78-zn48b,11.212771
2026-06-02T15:42:15.625129983Z,activator-5c758bd78-zn48b,87.534348
2026-06-02T15:42:15.720745484Z,activator-5c758bd78-zn48b,84.118654
2026-06-02T15:42:15.751523452Z,activator-5c758bd78-zn48b,17.509918
2026-06-02T15:42:15.756563418Z,activator-5c758bd78-zn48b,67.571853
2026-06-02T15:42:15.809570958Z,activator-5c758bd78-zn48b,12.439191
2026-06-02T15:42:15.880926264Z,activator-5c758bd78-zn48b,43.605659
2026-06-02T15:42:15.93392443Z,activator-5c758bd78-zn48b,1444.329434
2026-06-02T15:42:15.945596885Z,activator-5c758bd78-zn48b,4.411839
2026-06-02T15:42:16.000269968Z,activator-5c758bd78-zn48b,13.597639
2026-06-02T15:42:16.015402084Z,activator-5c758bd78-zn48b,530.375625
2026-06-02T15:42:16.02689574Z,activator-5c758bd78-zn48b,141.72448
2026-06-02T15:42:16.041727094Z,activator-5c758bd78-zn48b,4.743307
2026-06-02T15:42:16.241127836Z,activator-5c758bd78-zn48b,54.575798
2026-06-02T15:42:16.379681221Z,activator-5c758bd78-zn48b,88.313436
2026-06-02T15:42:16.398515512Z,activator-5c758bd78-zn48b,16.430392
2026-06-02T15:42:16.460843928Z,activator-5c758bd78-zn48b,122.71402
2026-06-02T15:42:16.471920605Z,activator-5c758bd78-zn48b,235.064085
2026-06-02T15:42:16.48380682Z,activator-5c758bd78-zn48b,48.66841
2026-06-02T15:42:16.61093861Z,activator-5c758bd78-zn48b,527.010586
2026-06-02T15:42:16.639655726Z,activator-5c758bd78-zn48b,4.846409
2026-06-02T15:42:16.751331176Z,activator-5c758bd78-zn48b,17.938684
2026-06-02T15:42:16.774676756Z,activator-5c758bd78-zn48b,634.454854
2026-06-02T15:42:16.799746828Z,activator-5c758bd78-zn48b,15.865615
2026-06-02T15:42:16.85336528Z,activator-5c758bd78-zn48b,21.166339
2026-06-02T15:42:16.987667235Z,activator-5c758bd78-zn48b,4.941621
2026-06-02T15:42:17.062316767Z,activator-5c758bd78-zn48b,524.024838
2026-06-02T15:42:17.100566922Z,activator-5c758bd78-zn48b,11.483396
2026-06-02T15:42:17.152251047Z,activator-5c758bd78-zn48b,11.646394
2026-06-02T15:42:17.179092747Z,activator-5c758bd78-zn48b,689.0998
2026-06-02T15:42:17.201176773Z,activator-5c758bd78-zn48b,15.960882
2026-06-02T15:42:17.276794911Z,activator-5c758bd78-zn48b,688.731435
2026-06-02T15:42:17.285988326Z,activator-5c758bd78-zn48b,49.26352
2026-06-02T15:42:17.39375556Z,activator-5c758bd78-zn48b,701.879972
2026-06-02T15:42:17.414339355Z,activator-5c758bd78-zn48b,529.961807
2026-06-02T15:42:17.420969571Z,activator-5c758bd78-zn48b,84.750194
2026-06-02T15:42:17.425233833Z,activator-5c758bd78-zn48b,385.987293
2026-06-02T15:42:17.50191273Z,activator-5c758bd78-zn48b,119.622958
2026-06-02T15:42:17.513748139Z,activator-5c758bd78-zn48b,22.752968
2026-06-02T15:42:17.556465316Z,activator-5c758bd78-zn48b,19.794519
2026-06-02T15:42:17.573103891Z,activator-5c758bd78-zn48b,633.133294
2026-06-02T15:42:17.579657931Z,activator-5c758bd78-zn48b,289.42435
2026-06-02T15:42:17.655195823Z,activator-5c758bd78-zn48b,13.456918
2026-06-02T15:42:17.69324836Z,activator-5c758bd78-zn48b,5.212207
2026-06-02T15:42:17.880703346Z,activator-5c758bd78-zn48b,92.707367
2026-06-02T15:42:17.97074073Z,activator-5c758bd78-zn48b,531.56325
2026-06-02T15:42:17.981777254Z,activator-5c758bd78-zn48b,241.857709
2026-06-02T15:42:18.006181709Z,activator-5c758bd78-zn48b,19.722124
2026-06-02T15:42:18.123972016Z,activator-5c758bd78-zn48b,530.683885
2026-06-02T15:42:18.135035919Z,activator-5c758bd78-zn48b,251.838012
2026-06-02T15:42:18.137963296Z,activator-5c758bd78-zn48b,52.846571
2026-06-02T15:42:18.196289112Z,activator-5c758bd78-zn48b,9.912771
2026-06-02T15:42:18.325686475Z,activator-5c758bd78-zn48b,79.321081
2026-06-02T15:42:18.356663642Z,activator-5c758bd78-zn48b,13.63779
2026-06-02T15:42:18.401794153Z,activator-5c758bd78-zn48b,115.9999
2026-06-02T15:42:18.488098631Z,activator-5c758bd78-zn48b,649.983587
2026-06-02T15:42:18.518432408Z,activator-5c758bd78-zn48b,78.72852
2026-06-02T15:42:18.594812827Z,activator-5c758bd78-zn48b,106.512079
2026-06-02T15:42:18.601378411Z,activator-5c758bd78-zn48b,15.04536
2026-06-02T15:42:18.625126394Z,activator-5c758bd78-zn48b,686.568119
2026-06-02T15:42:18.667132798Z,activator-5c758bd78-zn48b,526.369969
2026-06-02T15:42:18.694805959Z,activator-5c758bd78-zn48b,655.669014
2026-06-02T15:42:18.702155639Z,activator-5c758bd78-zn48b,318.376183
2026-06-02T15:42:18.703812935Z,activator-5c758bd78-zn48b,12.14688
2026-06-02T15:42:18.738655885Z,activator-5c758bd78-zn48b,5.516443
2026-06-02T15:42:18.786636495Z,activator-5c758bd78-zn48b,4.599259
2026-06-02T15:42:18.843570097Z,activator-5c758bd78-zn48b,4.518585
2026-06-02T15:42:18.899178853Z,activator-5c758bd78-zn48b,12.399719
2026-06-02T15:42:18.943741732Z,activator-5c758bd78-zn48b,4.728201
2026-06-02T15:42:19.011102Z,activator-5c758bd78-zn48b,16.276929
2026-06-02T15:42:19.068214913Z,activator-5c758bd78-zn48b,527.111361
2026-06-02T15:42:19.09123641Z,activator-5c758bd78-zn48b,51.427501
2026-06-02T15:42:19.151620618Z,activator-5c758bd78-zn48b,16.865847
2026-06-02T15:42:19.159862285Z,activator-5c758bd78-zn48b,77.299635
2026-06-02T15:42:19.209776312Z,activator-5c758bd78-zn48b,16.549369
2026-06-02T15:42:19.254869652Z,activator-5c758bd78-zn48b,11.693652
2026-06-02T15:42:19.292653594Z,activator-5c758bd78-zn48b,651.856054
2026-06-02T15:42:19.337184285Z,activator-5c758bd78-zn48b,4.525952
2026-06-02T15:42:19.461624173Z,activator-5c758bd78-zn48b,28.80139
2026-06-02T15:42:19.555954853Z,activator-5c758bd78-zn48b,22.753001
2026-06-02T15:42:19.599367953Z,activator-5c758bd78-zn48b,15.23941
2026-06-02T15:42:19.74058205Z,activator-5c758bd78-zn48b,4.810297
2026-06-02T15:42:19.764730226Z,activator-5c758bd78-zn48b,78.804098
2026-06-02T15:42:19.813697221Z,activator-5c758bd78-zn48b,523.448915
2026-06-02T15:42:19.861324144Z,activator-5c758bd78-zn48b,78.710924
2026-06-02T15:42:19.901149442Z,activator-5c758bd78-zn48b,11.633535
2026-06-02T15:42:19.949821255Z,activator-5c758bd78-zn48b,12.508788
2026-06-02T15:42:20.042838096Z,activator-5c758bd78-zn48b,648.418972
2026-06-02T15:42:20.13163877Z,activator-5c758bd78-zn48b,636.671147
2026-06-02T15:42:20.134153424Z,activator-5c758bd78-zn48b,52.325084
2026-06-02T15:42:20.13800132Z,activator-5c758bd78-zn48b,492.083842
2026-06-02T15:42:20.253831886Z,activator-5c758bd78-zn48b,11.800292
2026-06-02T15:42:20.306710702Z,activator-5c758bd78-zn48b,14.225418
2026-06-02T15:42:20.406452291Z,activator-5c758bd78-zn48b,12.978842
2026-06-02T15:42:20.417906559Z,activator-5c758bd78-zn48b,78.577547
2026-06-02T15:42:20.504739031Z,activator-5c758bd78-zn48b,16.322529
2026-06-02T15:42:20.512923131Z,activator-5c758bd78-zn48b,79.423313
2026-06-02T15:42:20.542230671Z,activator-5c758bd78-zn48b,701.249041
2026-06-02T15:42:20.585838877Z,activator-5c758bd78-zn48b,552.918267
2026-06-02T15:42:20.618372782Z,activator-5c758bd78-zn48b,78.827747
2026-06-02T15:42:20.638018083Z,activator-5c758bd78-zn48b,653.705517
2026-06-02T15:42:20.643573333Z,activator-5c758bd78-zn48b,453.632418
2026-06-02T15:42:20.661647131Z,activator-5c758bd78-zn48b,526.685425
2026-06-02T15:42:20.689013859Z,activator-5c758bd78-zn48b,5.54422
2026-06-02T15:42:20.810695177Z,activator-5c758bd78-zn48b,78.205262
2026-06-02T15:42:20.845034334Z,activator-5c758bd78-zn48b,59.119805
2026-06-02T15:42:20.854673888Z,activator-5c758bd78-zn48b,19.014748
2026-06-02T15:42:20.950757932Z,activator-5c758bd78-zn48b,12.727956
2026-06-02T15:42:20.971318234Z,activator-5c758bd78-zn48b,78.687756
2026-06-02T15:42:21.051509765Z,activator-5c758bd78-zn48b,13.921933
2026-06-02T15:42:21.063443969Z,activator-5c758bd78-zn48b,78.65451
2026-06-02T15:42:21.13908763Z,activator-5c758bd78-zn48b,551.282582
2026-06-02T15:42:21.170272633Z,activator-5c758bd78-zn48b,80.946992
2026-06-02T15:42:21.246706076Z,activator-5c758bd78-zn48b,108.891829
2026-06-02T15:42:21.253556296Z,activator-5c758bd78-zn48b,12.096966
2026-06-02T15:42:21.290836671Z,activator-5c758bd78-zn48b,650.717415
2026-06-02T15:42:21.324838875Z,activator-5c758bd78-zn48b,135.452952
2026-06-02T15:42:21.350131976Z,activator-5c758bd78-zn48b,61.358229
2026-06-02T15:42:21.408097337Z,activator-5c758bd78-zn48b,19.755563
2026-06-02T15:42:21.455318552Z,activator-5c758bd78-zn48b,21.177033
2026-06-02T15:42:21.553707977Z,activator-5c758bd78-zn48b,63.066186
2026-06-02T15:42:21.599112357Z,activator-5c758bd78-zn48b,13.145825
2026-06-02T15:42:21.703027753Z,activator-5c758bd78-zn48b,12.070107
2026-06-02T15:42:21.833028353Z,activator-5c758bd78-zn48b,50.767007
2026-06-02T15:42:21.83551068Z,activator-5c758bd78-zn48b,4.238024
2026-06-02T15:42:21.908242632Z,activator-5c758bd78-zn48b,12.715662
2026-06-02T15:42:21.959349972Z,activator-5c758bd78-zn48b,16.00983
2026-06-02T15:42:22.003164809Z,activator-5c758bd78-zn48b,12.13056
2026-06-02T15:42:22.060956421Z,activator-5c758bd78-zn48b,527.064826
2026-06-02T15:42:22.089748775Z,activator-5c758bd78-zn48b,56.692567
2026-06-02T15:42:22.108716817Z,activator-5c758bd78-zn48b,13.575218
2026-06-02T15:42:22.156180475Z,activator-5c758bd78-zn48b,524.660661
2026-06-02T15:42:22.157764123Z,activator-5c758bd78-zn48b,17.991695
2026-06-02T15:42:22.214283133Z,activator-5c758bd78-zn48b,879.555617
2026-06-02T15:42:22.305466595Z,activator-5c758bd78-zn48b,18.451285
2026-06-02T15:42:22.310905694Z,activator-5c758bd78-zn48b,77.354763
2026-06-02T15:42:22.356155773Z,activator-5c758bd78-zn48b,19.999075
2026-06-02T15:42:22.379255676Z,activator-5c758bd78-zn48b,634.793098
2026-06-02T15:42:22.53877312Z,activator-5c758bd78-zn48b,51.416223
2026-06-02T15:42:22.553117355Z,activator-5c758bd78-zn48b,13.361773
2026-06-02T15:42:22.593686873Z,activator-5c758bd78-zn48b,10.991981
2026-06-02T15:42:22.710806668Z,activator-5c758bd78-zn48b,524.918426
2026-06-02T15:42:22.849465386Z,activator-5c758bd78-zn48b,11.961779
2026-06-02T15:42:22.917266697Z,activator-5c758bd78-zn48b,527.463136
2026-06-02T15:42:22.950585039Z,activator-5c758bd78-zn48b,14.117606
2026-06-02T15:42:23.172424663Z,activator-5c758bd78-zn48b,87.702211
2026-06-02T15:42:23.199192659Z,activator-5c758bd78-zn48b,61.85122
2026-06-02T15:42:23.231732011Z,activator-5c758bd78-zn48b,791.934853
2026-06-02T15:42:23.241926393Z,activator-5c758bd78-zn48b,58.246337
2026-06-02T15:42:23.254166967Z,activator-5c758bd78-zn48b,565.340486
2026-06-02T15:42:23.263920977Z,activator-5c758bd78-zn48b,27.960525
2026-06-02T15:42:23.35282228Z,activator-5c758bd78-zn48b,12.224749
2026-06-02T15:42:23.375550741Z,activator-5c758bd78-zn48b,86.389989
2026-06-02T15:42:23.396614376Z,activator-5c758bd78-zn48b,12.629409
2026-06-02T15:42:23.398675926Z,activator-5c758bd78-zn48b,609.584119
2026-06-02T15:42:23.406383033Z,activator-5c758bd78-zn48b,667.651058
2026-06-02T15:42:23.437361052Z,activator-5c758bd78-zn48b,797.48387
2026-06-02T15:42:23.446767489Z,activator-5c758bd78-zn48b,410.818883
2026-06-02T15:42:23.455410769Z,activator-5c758bd78-zn48b,18.869548
2026-06-02T15:42:23.502642241Z,activator-5c758bd78-zn48b,12.743659
2026-06-02T15:42:23.558088171Z,activator-5c758bd78-zn48b,18.637694
2026-06-02T15:42:23.645533095Z,activator-5c758bd78-zn48b,13.566857
2026-06-02T15:42:23.673434021Z,activator-5c758bd78-zn48b,87.629189
2026-06-02T15:42:23.677660012Z,activator-5c758bd78-zn48b,686.829533
2026-06-02T15:42:23.759004243Z,activator-5c758bd78-zn48b,14.067318
2026-06-02T15:42:23.972142638Z,activator-5c758bd78-zn48b,88.60958
2026-06-02T15:42:23.988525389Z,activator-5c758bd78-zn48b,52.949663
2026-06-02T15:42:23.993572946Z,activator-5c758bd78-zn48b,11.670153
2026-06-02T15:42:24.03482732Z,activator-5c758bd78-zn48b,1146.4547220000002
2026-06-02T15:42:24.040416307Z,activator-5c758bd78-zn48b,197.795408
2026-06-02T15:42:24.156458279Z,activator-5c758bd78-zn48b,16.284698
2026-06-02T15:42:24.173645951Z,activator-5c758bd78-zn48b,86.755395
2026-06-02T15:42:24.204397759Z,activator-5c758bd78-zn48b,19.24749
2026-06-02T15:42:24.252658824Z,activator-5c758bd78-zn48b,14.965081
2026-06-02T15:42:24.335463554Z,activator-5c758bd78-zn48b,650.963209
2026-06-02T15:42:24.343480061Z,activator-5c758bd78-zn48b,11.214549
2026-06-02T15:42:24.371494754Z,activator-5c758bd78-zn48b,87.642573
2026-06-02T15:42:24.399682074Z,activator-5c758bd78-zn48b,611.048496
2026-06-02T15:42:24.430332152Z,activator-5c758bd78-zn48b,46.02979
2026-06-02T15:42:24.434764066Z,activator-5c758bd78-zn48b,3.824039
2026-06-02T15:42:24.532082582Z,activator-5c758bd78-zn48b,43.039844
2026-06-02T15:42:24.566414376Z,activator-5c758bd78-zn48b,526.359992
2026-06-02T15:42:24.579601061Z,activator-5c758bd78-zn48b,43.931436
2026-06-02T15:42:24.602162118Z,activator-5c758bd78-zn48b,17.611064
2026-06-02T15:42:24.658607728Z,activator-5c758bd78-zn48b,19.043707
2026-06-02T15:42:24.709994385Z,activator-5c758bd78-zn48b,21.164935
2026-06-02T15:42:24.836790539Z,activator-5c758bd78-zn48b,49.525211
2026-06-02T15:42:25.022971617Z,activator-5c758bd78-zn48b,85.495447
2026-06-02T15:42:25.106900401Z,activator-5c758bd78-zn48b,124.19666
2026-06-02T15:42:25.189281761Z,activator-5c758bd78-zn48b,52.277458
2026-06-02T15:42:25.295445155Z,activator-5c758bd78-zn48b,553.318526
2026-06-02T15:42:25.306856392Z,activator-5c758bd78-zn48b,219.959089
2026-06-02T15:42:25.35381056Z,activator-5c758bd78-zn48b,13.244114
2026-06-02T15:42:25.373683186Z,activator-5c758bd78-zn48b,87.726361
2026-06-02T15:42:25.401152371Z,activator-5c758bd78-zn48b,14.660068
2026-06-02T15:42:25.414853174Z,activator-5c758bd78-zn48b,530.661989
2026-06-02T15:42:25.424786248Z,activator-5c758bd78-zn48b,387.503032
2026-06-02T15:42:25.4358351Z,activator-5c758bd78-zn48b,248.815057
2026-06-02T15:42:25.440132107Z,activator-5c758bd78-zn48b,4.998304
2026-06-02T15:42:25.488639309Z,activator-5c758bd78-zn48b,651.679425
2026-06-02T15:42:25.502042663Z,activator-5c758bd78-zn48b,18.732955
2026-06-02T15:42:25.60977348Z,activator-5c758bd78-zn48b,18.841409
2026-06-02T15:42:25.724535057Z,activator-5c758bd78-zn48b,87.651931
2026-06-02T15:42:25.806637196Z,activator-5c758bd78-zn48b,120.491118
2026-06-02T15:42:25.828907856Z,activator-5c758bd78-zn48b,594.802445
2026-06-02T15:42:25.850481123Z,activator-5c758bd78-zn48b,17.651021
2026-06-02T15:42:25.855533065Z,activator-5c758bd78-zn48b,72.25663
2026-06-02T15:42:26.041246827Z,activator-5c758bd78-zn48b,60.605003
2026-06-02T15:42:26.053433839Z,activator-5c758bd78-zn48b,20.855737
2026-06-02T15:42:26.113151389Z,activator-5c758bd78-zn48b,12.402982
2026-06-02T15:42:26.154193283Z,activator-5c758bd78-zn48b,12.054738
2026-06-02T15:42:26.193465341Z,activator-5c758bd78-zn48b,652.157026
2026-06-02T15:42:26.194103434Z,activator-5c758bd78-zn48b,5.160112
2026-06-02T15:42:26.259918323Z,activator-5c758bd78-zn48b,528.115568
2026-06-02T15:42:26.44286751Z,activator-5c758bd78-zn48b,5.442408
2026-06-02T15:42:26.473416195Z,activator-5c758bd78-zn48b,87.176255
2026-06-02T15:42:26.543914269Z,activator-5c758bd78-zn48b,652.785827
2026-06-02T15:42:26.586496155Z,activator-5c758bd78-zn48b,651.246853
2026-06-02T15:42:26.600599631Z,activator-5c758bd78-zn48b,12.735082
2026-06-02T15:42:26.660142444Z,activator-5c758bd78-zn48b,20.95288
2026-06-02T15:42:26.755736844Z,activator-5c758bd78-zn48b,18.682711
2026-06-02T15:42:26.772502454Z,activator-5c758bd78-zn48b,87.042801
2026-06-02T15:42:26.870476005Z,activator-5c758bd78-zn48b,84.161895
2026-06-02T15:42:26.875663504Z,activator-5c758bd78-zn48b,636.216995
2026-06-02T15:42:26.881988993Z,activator-5c758bd78-zn48b,587.50447
2026-06-02T15:42:26.946730635Z,activator-5c758bd78-zn48b,12.264573
2026-06-02T15:42:26.9531469Z,activator-5c758bd78-zn48b,115.454981
2026-06-02T15:42:27.050801707Z,activator-5c758bd78-zn48b,13.179184
2026-06-02T15:42:27.074168691Z,activator-5c758bd78-zn48b,85.486229
2026-06-02T15:42:27.146968546Z,activator-5c758bd78-zn48b,806.834776
2026-06-02T15:42:27.147328759Z,activator-5c758bd78-zn48b,9.369862
2026-06-02T15:42:27.172754451Z,activator-5c758bd78-zn48b,83.860366
2026-06-02T15:42:27.218514449Z,activator-5c758bd78-zn48b,35.076012
2026-06-02T15:42:27.32710043Z,activator-5c758bd78-zn48b,36.455701
2026-06-02T15:42:27.34745006Z,activator-5c758bd78-zn48b,15.436167
2026-06-02T15:42:27.472501805Z,activator-5c758bd78-zn48b,39.460057
2026-06-02T15:42:27.50779532Z,activator-5c758bd78-zn48b,966.978189
2026-06-02T15:42:27.523684061Z,activator-5c758bd78-zn48b,37.980655
2026-06-02T15:42:27.550882949Z,activator-5c758bd78-zn48b,17.261882
2026-06-02T15:42:27.580217821Z,activator-5c758bd78-zn48b,694.515305
2026-06-02T15:42:27.591505383Z,activator-5c758bd78-zn48b,8.912596
2026-06-02T15:42:27.637490336Z,activator-5c758bd78-zn48b,3.691375
2026-06-02T15:42:27.766745201Z,activator-5c758bd78-zn48b,1273.201404
2026-06-02T15:42:27.807191743Z,activator-5c758bd78-zn48b,19.051689
2026-06-02T15:42:27.86948864Z,activator-5c758bd78-zn48b,36.860502
2026-06-02T15:42:27.922710725Z,activator-5c758bd78-zn48b,39.940989
2026-06-02T15:42:27.937172681Z,activator-5c758bd78-zn48b,3.824408
2026-06-02T15:42:28.135564363Z,activator-5c758bd78-zn48b,743.927787
2026-06-02T15:42:28.141558709Z,activator-5c758bd78-zn48b,400.331533
2026-06-02T15:42:28.148067625Z,activator-5c758bd78-zn48b,59.22002
2026-06-02T15:42:28.242012791Z,activator-5c758bd78-zn48b,4.884891
2026-06-02T15:42:28.245058291Z,activator-5c758bd78-zn48b,561.339277
2026-06-02T15:42:28.274904291Z,activator-5c758bd78-zn48b,86.837638
2026-06-02T15:42:28.372005315Z,activator-5c758bd78-zn48b,83.272108
2026-06-02T15:42:28.374768971Z,activator-5c758bd78-zn48b,1132.6583640000001
2026-06-02T15:42:28.379682561Z,activator-5c758bd78-zn48b,41.214918
2026-06-02T15:42:28.381406104Z,activator-5c758bd78-zn48b,339.224479
2026-06-02T15:42:28.455176364Z,activator-5c758bd78-zn48b,12.562678
2026-06-02T15:42:28.472140716Z,activator-5c758bd78-zn48b,84.803545
2026-06-02T15:42:28.510022098Z,activator-5c758bd78-zn48b,526.582092
2026-06-02T15:42:28.553450472Z,activator-5c758bd78-zn48b,17.56964
2026-06-02T15:42:28.694497202Z,activator-5c758bd78-zn48b,9.800771
2026-06-02T15:42:28.718829014Z,activator-5c758bd78-zn48b,86.712294
2026-06-02T15:42:28.754297482Z,activator-5c758bd78-zn48b,17.188515
2026-06-02T15:42:28.903048418Z,activator-5c758bd78-zn48b,17.034071
2026-06-02T15:42:28.920159152Z,activator-5c758bd78-zn48b,133.822792
2026-06-02T15:42:28.940337794Z,activator-5c758bd78-zn48b,4.332772
2026-06-02T15:42:28.999248155Z,activator-5c758bd78-zn48b,8.794465
2026-06-02T15:42:29.028179383Z,activator-5c758bd78-zn48b,891.716657
2026-06-02T15:42:29.078864327Z,activator-5c758bd78-zn48b,37.90923
2026-06-02T15:42:29.090335494Z,activator-5c758bd78-zn48b,3.334122
2026-06-02T15:42:29.121343092Z,activator-5c758bd78-zn48b,630.831417
2026-06-02T15:42:29.156186198Z,activator-5c758bd78-zn48b,18.251074
2026-06-02T15:42:29.240837527Z,activator-5c758bd78-zn48b,652.460405
2026-06-02T15:42:29.253150162Z,activator-5c758bd78-zn48b,18.952259
2026-06-02T15:42:29.272375426Z,activator-5c758bd78-zn48b,86.971373
2026-06-02T15:42:29.294122848Z,activator-5c758bd78-zn48b,3.667199
2026-06-02T15:42:29.350160266Z,activator-5c758bd78-zn48b,17.455134
2026-06-02T15:42:29.487788441Z,activator-5c758bd78-zn48b,655.198659
2026-06-02T15:42:29.487925981Z,activator-5c758bd78-zn48b,100.095936
2026-06-02T15:42:29.522897451Z,activator-5c758bd78-zn48b,36.591259
2026-06-02T15:42:29.578908303Z,activator-5c758bd78-zn48b,41.030111
2026-06-02T15:42:29.598203498Z,activator-5c758bd78-zn48b,17.239986
2026-06-02T15:42:29.638033387Z,activator-5c758bd78-zn48b,4.332756
2026-06-02T15:42:29.74887523Z,activator-5c758bd78-zn48b,11.596809
2026-06-02T15:42:29.77452204Z,activator-5c758bd78-zn48b,85.60791
2026-06-02T15:42:29.853976277Z,activator-5c758bd78-zn48b,16.477979
2026-06-02T15:42:29.906943436Z,activator-5c758bd78-zn48b,17.144298
2026-06-02T15:42:29.956640867Z,activator-5c758bd78-zn48b,19.821416
2026-06-02T15:42:30.025968555Z,activator-5c758bd78-zn48b,39.310097
2026-06-02T15:42:30.057865939Z,activator-5c758bd78-zn48b,26.678025
2026-06-02T15:42:30.074197422Z,activator-5c758bd78-zn48b,635.083298
2026-06-02T15:42:30.165242182Z,activator-5c758bd78-zn48b,79.008944
2026-06-02T15:42:30.209573758Z,activator-5c758bd78-zn48b,24.281632
2026-06-02T15:42:30.251780718Z,activator-5c758bd78-zn48b,12.027777
2026-06-02T15:42:30.300769088Z,activator-5c758bd78-zn48b,15.942986
2026-06-02T15:42:30.430240239Z,activator-5c758bd78-zn48b,43.052939
2026-06-02T15:42:30.479509214Z,activator-5c758bd78-zn48b,695.424145
2026-06-02T15:42:30.50401495Z,activator-5c758bd78-zn48b,15.476769
2026-06-02T15:42:30.613089231Z,activator-5c758bd78-zn48b,79.136681
2026-06-02T15:42:30.689287934Z,activator-5c758bd78-zn48b,3.982268
2026-06-02T15:42:30.740199504Z,activator-5c758bd78-zn48b,3.976265
2026-06-02T15:42:30.759048828Z,activator-5c758bd78-zn48b,614.409326
2026-06-02T15:42:30.896902124Z,activator-5c758bd78-zn48b,562.312784
2026-06-02T15:42:30.905177934Z,activator-5c758bd78-zn48b,13.872566
2026-06-02T15:42:30.913026921Z,activator-5c758bd78-zn48b,78.60503
2026-06-02T15:42:30.969278809Z,activator-5c758bd78-zn48b,35.545237
2026-06-02T15:42:30.991793789Z,activator-5c758bd78-zn48b,3.652704
2026-06-02T15:42:31.086160953Z,activator-5c758bd78-zn48b,653.037317
2026-06-02T15:42:31.162319175Z,activator-5c758bd78-zn48b,79.439903
2026-06-02T15:42:31.245453859Z,activator-5c758bd78-zn48b,14.015918
2026-06-02T15:42:31.252274156Z,activator-5c758bd78-zn48b,660.988959
2026-06-02T15:42:31.264806425Z,activator-5c758bd78-zn48b,77.693811
2026-06-02T15:42:31.340040112Z,activator-5c758bd78-zn48b,704.27216
2026-06-02T15:42:31.349457114Z,activator-5c758bd78-zn48b,562.48437
2026-06-02T15:42:31.395740142Z,activator-5c758bd78-zn48b,13.388338
2026-06-02T15:42:31.415372564Z,activator-5c758bd78-zn48b,78.214093
2026-06-02T15:42:31.459171266Z,activator-5c758bd78-zn48b,14.825965
2026-06-02T15:42:31.56093773Z,activator-5c758bd78-zn48b,525.648067
2026-06-02T15:42:31.563075307Z,activator-5c758bd78-zn48b,78.164611
2026-06-02T15:42:31.571494184Z,activator-5c758bd78-zn48b,435.604125
2026-06-02T15:42:31.588679229Z,activator-5c758bd78-zn48b,4.701208
2026-06-02T15:42:31.641061939Z,activator-5c758bd78-zn48b,108.809088
2026-06-02T15:42:31.64969459Z,activator-5c758bd78-zn48b,13.402108
2026-06-02T15:42:31.687356151Z,activator-5c758bd78-zn48b,4.849316
2026-06-02T15:42:31.790863351Z,activator-5c758bd78-zn48b,4.607481
2026-06-02T15:42:31.816540262Z,activator-5c758bd78-zn48b,78.860439
2026-06-02T15:42:31.856451646Z,activator-5c758bd78-zn48b,13.582557
2026-06-02T15:42:31.908451817Z,activator-5c758bd78-zn48b,15.416775
2026-06-02T15:42:31.949455726Z,activator-5c758bd78-zn48b,657.48247
2026-06-02T15:42:32.037204179Z,activator-5c758bd78-zn48b,4.517541
2026-06-02T15:42:32.063134301Z,activator-5c758bd78-zn48b,79.595153
2026-06-02T15:42:32.152945122Z,activator-5c758bd78-zn48b,12.742617
2026-06-02T15:42:32.162620062Z,activator-5c758bd78-zn48b,78.389646
2026-06-02T15:42:32.209326226Z,activator-5c758bd78-zn48b,21.123333
2026-06-02T15:42:32.258161806Z,activator-5c758bd78-zn48b,14.765262
2026-06-02T15:42:32.396613406Z,activator-5c758bd78-zn48b,13.495723
2026-06-02T15:42:32.501366127Z,activator-5c758bd78-zn48b,16.763712
2026-06-02T15:42:32.546261226Z,activator-5c758bd78-zn48b,12.911265
2026-06-02T15:42:32.57905362Z,activator-5c758bd78-zn48b,639.542661
2026-06-02T15:42:32.654089794Z,activator-5c758bd78-zn48b,18.075147
2026-06-02T15:42:32.708554021Z,activator-5c758bd78-zn48b,15.598853
2026-06-02T15:42:32.864498633Z,activator-5c758bd78-zn48b,527.883361
2026-06-02T15:42:32.875060146Z,activator-5c758bd78-zn48b,90.111973
2026-06-02T15:42:32.90115844Z,activator-5c758bd78-zn48b,17.10269
2026-06-02T15:42:32.902550833Z,activator-5c758bd78-zn48b,612.148859
2026-06-02T15:42:32.998755561Z,activator-5c758bd78-zn48b,12.173613
2026-06-02T15:42:33.139309072Z,activator-5c758bd78-zn48b,56.818493
2026-06-02T15:42:33.152441493Z,activator-5c758bd78-zn48b,20.30601
2026-06-02T15:42:33.196434625Z,activator-5c758bd78-zn48b,10.428641
2026-06-02T15:42:33.25180887Z,activator-5c758bd78-zn48b,16.507368
2026-06-02T15:42:33.25983288Z,activator-5c758bd78-zn48b,674.564598
2026-06-02T15:42:33.296474633Z,activator-5c758bd78-zn48b,12.203089
2026-06-02T15:42:33.298456382Z,activator-5c758bd78-zn48b,565.603987
2026-06-02T15:42:33.351675229Z,activator-5c758bd78-zn48b,13.104582
2026-06-02T15:42:33.404014892Z,activator-5c758bd78-zn48b,18.38928
2026-06-02T15:42:33.498959541Z,activator-5c758bd78-zn48b,662.270658
2026-06-02T15:42:33.501756782Z,activator-5c758bd78-zn48b,15.477521
2026-06-02T15:42:33.504633154Z,activator-5c758bd78-zn48b,463.88482
2026-06-02T15:42:33.507494584Z,activator-5c758bd78-zn48b,1070.351049
2026-06-02T15:42:33.605474139Z,activator-5c758bd78-zn48b,17.855573
2026-06-02T15:42:33.617095514Z,activator-5c758bd78-zn48b,79.096529
2026-06-02T15:42:33.895045142Z,activator-5c758bd78-zn48b,12.686556
2026-06-02T15:42:34.015470105Z,activator-5c758bd78-zn48b,78.40197
2026-06-02T15:42:34.111568257Z,activator-5c758bd78-zn48b,1171.542729
2026-06-02T15:42:34.11807211Z,activator-5c758bd78-zn48b,678.403475
2026-06-02T15:42:34.159970169Z,activator-5c758bd78-zn48b,15.026316
2026-06-02T15:42:34.165203654Z,activator-5c758bd78-zn48b,525.446608
2026-06-02T15:42:34.19418149Z,activator-5c758bd78-zn48b,5.125583
2026-06-02T15:42:34.214126765Z,activator-5c758bd78-zn48b,530.374054
2026-06-02T15:42:34.225110633Z,activator-5c758bd78-zn48b,488.112737
2026-06-02T15:42:34.235162279Z,activator-5c758bd78-zn48b,249.116564
2026-06-02T15:42:34.258801459Z,activator-5c758bd78-zn48b,17.729888
2026-06-02T15:42:34.300935059Z,activator-5c758bd78-zn48b,11.82754
2026-06-02T15:42:34.425145851Z,activator-5c758bd78-zn48b,633.653776
2026-06-02T15:42:34.43139145Z,activator-5c758bd78-zn48b,393.264876
2026-06-02T15:42:34.48641443Z,activator-5c758bd78-zn48b,50.613156
2026-06-02T15:42:34.503528352Z,activator-5c758bd78-zn48b,16.669486
2026-06-02T15:42:34.638012924Z,activator-5c758bd78-zn48b,4.748359
2026-06-02T15:42:34.685730023Z,activator-5c758bd78-zn48b,852.735044
2026-06-02T15:42:34.69914054Z,activator-5c758bd78-zn48b,12.461256
2026-06-02T15:42:34.804760732Z,activator-5c758bd78-zn48b,18.575488
2026-06-02T15:42:34.813033086Z,activator-5c758bd78-zn48b,80.452723
2026-06-02T15:42:35.00100571Z,activator-5c758bd78-zn48b,610.132235
2026-06-02T15:42:35.007803978Z,activator-5c758bd78-zn48b,672.181124
2026-06-02T15:42:35.017059599Z,activator-5c758bd78-zn48b,32.698035
2026-06-02T15:42:35.05392052Z,activator-5c758bd78-zn48b,19.023908
2026-06-02T15:42:35.062599445Z,activator-5c758bd78-zn48b,972.799748
2026-06-02T15:42:35.100375399Z,activator-5c758bd78-zn48b,14.566535
2026-06-02T15:42:35.149581337Z,activator-5c758bd78-zn48b,14.84148
2026-06-02T15:42:35.239182702Z,activator-5c758bd78-zn48b,5.550165
2026-06-02T15:42:35.273652325Z,activator-5c758bd78-zn48b,688.756337
2026-06-02T15:42:35.28029748Z,activator-5c758bd78-zn48b,95.638276
2026-06-02T15:42:35.347027597Z,activator-5c758bd78-zn48b,12.204895
2026-06-02T15:42:35.375019749Z,activator-5c758bd78-zn48b,86.355332
2026-06-02T15:42:35.391769987Z,activator-5c758bd78-zn48b,4.998226
2026-06-02T15:42:35.499470281Z,activator-5c758bd78-zn48b,12.503031
2026-06-02T15:42:35.517769651Z,activator-5c758bd78-zn48b,83.178038
2026-06-02T15:42:35.537663826Z,activator-5c758bd78-zn48b,649.913833
2026-06-02T15:42:35.556878376Z,activator-5c758bd78-zn48b,19.717159
2026-06-02T15:42:35.603226615Z,activator-5c758bd78-zn48b,764.368424
2026-06-02T15:42:35.650794888Z,activator-5c758bd78-zn48b,12.139444
2026-06-02T15:42:35.675143382Z,activator-5c758bd78-zn48b,87.065314
2026-06-02T15:42:35.69492544Z,activator-5c758bd78-zn48b,1156.1455540000002
2026-06-02T15:42:35.704873063Z,activator-5c758bd78-zn48b,15.391493
2026-06-02T15:42:35.921588155Z,activator-5c758bd78-zn48b,85.95605
2026-06-02T15:42:35.940703801Z,activator-5c758bd78-zn48b,54.728411
2026-06-02T15:42:35.992972993Z,activator-5c758bd78-zn48b,59.312448
2026-06-02T15:42:36.006089158Z,activator-5c758bd78-zn48b,14.207377
2026-06-02T15:42:36.05553448Z,activator-5c758bd78-zn48b,12.656301
2026-06-02T15:42:36.155661066Z,activator-5c758bd78-zn48b,14.958954
2026-06-02T15:42:36.174747479Z,activator-5c758bd78-zn48b,87.120743
2026-06-02T15:42:36.264896038Z,activator-5c758bd78-zn48b,525.691776
2026-06-02T15:42:36.326925381Z,activator-5c758bd78-zn48b,1388.411155
2026-06-02T15:42:36.341438327Z,activator-5c758bd78-zn48b,553.389654
2026-06-02T15:42:36.351971507Z,activator-5c758bd78-zn48b,116.32736
2026-06-02T15:42:36.523400637Z,activator-5c758bd78-zn48b,86.734205
2026-06-02T15:42:36.621888214Z,activator-5c758bd78-zn48b,36.691616
2026-06-02T15:42:36.741861303Z,activator-5c758bd78-zn48b,4.585104
2026-06-02T15:42:36.801277977Z,activator-5c758bd78-zn48b,610.448502
2026-06-02T15:42:36.807612932Z,activator-5c758bd78-zn48b,523.561836
2026-06-02T15:42:36.851030464Z,activator-5c758bd78-zn48b,12.633428
2026-06-02T15:42:36.87552868Z,activator-5c758bd78-zn48b,87.707051
2026-06-02T15:42:36.904823207Z,activator-5c758bd78-zn48b,13.433759
2026-06-02T15:42:36.916864811Z,activator-5c758bd78-zn48b,527.888176
2026-06-02T15:42:36.927693852Z,activator-5c758bd78-zn48b,393.427482
2026-06-02T15:42:36.946061781Z,activator-5c758bd78-zn48b,3.569749
2026-06-02T15:42:37.024418473Z,activator-5c758bd78-zn48b,691.496078
2026-06-02T15:42:37.041767001Z,activator-5c758bd78-zn48b,8.171097
2026-06-02T15:42:37.071807061Z,activator-5c758bd78-zn48b,86.742957
2026-06-02T15:42:37.105590062Z,activator-5c758bd78-zn48b,12.968179
2026-06-02T15:42:37.126285464Z,activator-5c758bd78-zn48b,636.465814
2026-06-02T15:42:37.160077297Z,activator-5c758bd78-zn48b,20.684886
2026-06-02T15:42:37.204332566Z,activator-5c758bd78-zn48b,17.747399
2026-06-02T15:42:37.286360278Z,activator-5c758bd78-zn48b,649.920569
2026-06-02T15:42:37.292493085Z,activator-5c758bd78-zn48b,607.545124
2026-06-02T15:42:37.301850904Z,activator-5c758bd78-zn48b,13.386381
2026-06-02T15:42:37.319628535Z,activator-5c758bd78-zn48b,86.560787
2026-06-02T15:42:37.400851839Z,activator-5c758bd78-zn48b,12.992016
2026-06-02T15:42:37.420608877Z,activator-5c758bd78-zn48b,84.219679
2026-06-02T15:42:37.437260883Z,activator-5c758bd78-zn48b,3.93104
2026-06-02T15:42:37.505351686Z,activator-5c758bd78-zn48b,18.70817
2026-06-02T15:42:38.001942272Z,activator-5c758bd78-zn48b,19.054565
2026-06-02T15:42:38.020676851Z,activator-5c758bd78-zn48b,86.689825
2026-06-02T15:42:38.041363504Z,activator-5c758bd78-zn48b,4.858072
2026-06-02T15:42:38.106433462Z,activator-5c758bd78-zn48b,18.767008
2026-06-02T15:42:38.157565431Z,activator-5c758bd78-zn48b,617.744106
2026-06-02T15:42:38.222497278Z,activator-5c758bd78-zn48b,87.45691
2026-06-02T15:42:38.225161895Z,activator-5c758bd78-zn48b,637.198522
2026-06-02T15:42:38.246471699Z,activator-5c758bd78-zn48b,12.69143
2026-06-02T15:42:38.320400599Z,activator-5c758bd78-zn48b,537.895499
2026-06-02T15:42:38.338312742Z,activator-5c758bd78-zn48b,652.020413
2026-06-02T15:42:38.343750614Z,activator-5c758bd78-zn48b,4.824232
2026-06-02T15:42:38.387145532Z,activator-5c758bd78-zn48b,653.272535
2026-06-02T15:42:38.387828899Z,activator-5c758bd78-zn48b,3.458917
2026-06-02T15:42:38.548017659Z,activator-5c758bd78-zn48b,14.033316
2026-06-02T15:42:38.593274802Z,activator-5c758bd78-zn48b,8.799854
2026-06-02T15:42:38.723137855Z,activator-5c758bd78-zn48b,88.438135
2026-06-02T15:42:38.736721154Z,activator-5c758bd78-zn48b,4.013204
2026-06-02T15:42:38.761684813Z,activator-5c758bd78-zn48b,1124.9013320000001
2026-06-02T15:42:38.817135497Z,activator-5c758bd78-zn48b,526.633103
2026-06-02T15:42:38.861221946Z,activator-5c758bd78-zn48b,1019.29453
2026-06-02T15:42:38.868149297Z,activator-5c758bd78-zn48b,426.27238
2026-06-02T15:42:38.873127237Z,activator-5c758bd78-zn48b,86.571552
2026-06-02T15:42:38.873653948Z,activator-5c758bd78-zn48b,183.837853
2026-06-02T15:42:38.910660505Z,activator-5c758bd78-zn48b,15.332552
2026-06-02T15:42:38.956876125Z,activator-5c758bd78-zn48b,119.550506
2026-06-02T15:42:38.982033276Z,activator-5c758bd78-zn48b,795.090782
2026-06-02T15:42:39.001123527Z,activator-5c758bd78-zn48b,14.714059
2026-06-02T15:42:39.053976869Z,activator-5c758bd78-zn48b,17.897137
2026-06-02T15:42:39.100160488Z,activator-5c758bd78-zn48b,11.098812
2026-06-02T15:42:39.191664524Z,activator-5c758bd78-zn48b,4.735604
2026-06-02T15:42:39.258021206Z,activator-5c758bd78-zn48b,21.359269
2026-06-02T15:42:39.346686263Z,activator-5c758bd78-zn48b,7.938573
2026-06-02T15:42:39.36311937Z,activator-5c758bd78-zn48b,1472.89525
2026-06-02T15:42:39.369514807Z,activator-5c758bd78-zn48b,879.368308
2026-06-02T15:42:39.397567887Z,activator-5c758bd78-zn48b,13.19289
2026-06-02T15:42:39.471320311Z,activator-5c758bd78-zn48b,527.563292
2026-06-02T15:42:39.4770847Z,activator-5c758bd78-zn48b,41.2349
2026-06-02T15:42:39.605568501Z,activator-5c758bd78-zn48b,15.422009
2026-06-02T15:42:39.641677548Z,activator-5c758bd78-zn48b,9.001133
2026-06-02T15:42:39.705622646Z,activator-5c758bd78-zn48b,15.020779
2026-06-02T15:42:39.752585096Z,activator-5c758bd78-zn48b,12.929421
2026-06-02T15:42:39.786394092Z,activator-5c758bd78-zn48b,650.12614
2026-06-02T15:42:39.801201085Z,activator-5c758bd78-zn48b,17.184736
2026-06-02T15:42:39.813802458Z,activator-5c758bd78-zn48b,527.777751
2026-06-02T15:42:39.90301611Z,activator-5c758bd78-zn48b,15.657536
2026-06-02T15:42:40.001221896Z,activator-5c758bd78-zn48b,17.650622
2026-06-02T15:42:40.077921076Z,activator-5c758bd78-zn48b,544.426373
2026-06-02T15:42:40.103588435Z,activator-5c758bd78-zn48b,611.911597
2026-06-02T15:42:40.125511039Z,activator-5c758bd78-zn48b,87.177228
2026-06-02T15:42:40.154366962Z,activator-5c758bd78-zn48b,18.645497
2026-06-02T15:42:40.36147313Z,activator-5c758bd78-zn48b,524.887179
2026-06-02T15:42:40.42049309Z,activator-5c758bd78-zn48b,84.930176
2026-06-02T15:42:40.500965483Z,activator-5c758bd78-zn48b,16.23016
2026-06-02T15:42:40.502400443Z,activator-5c758bd78-zn48b,115.620851
2026-06-02T15:42:40.54911871Z,activator-5c758bd78-zn48b,15.997977
2026-06-02T15:42:40.582000977Z,activator-5c758bd78-zn48b,644.245359
2026-06-02T15:42:40.596080654Z,activator-5c758bd78-zn48b,8.926
2026-06-02T15:42:40.646885812Z,activator-5c758bd78-zn48b,8.446438
2026-06-02T15:42:40.735555313Z,activator-5c758bd78-zn48b,651.407317
2026-06-02T15:42:40.75092158Z,activator-5c758bd78-zn48b,17.209061
2026-06-02T15:42:40.786184862Z,activator-5c758bd78-zn48b,3.489716
2026-06-02T15:42:40.804509137Z,activator-5c758bd78-zn48b,612.560429
2026-06-02T15:42:40.810609615Z,activator-5c758bd78-zn48b,521.36809
2026-06-02T15:42:40.837553626Z,activator-5c758bd78-zn48b,3.692701
2026-06-02T15:42:40.899863975Z,activator-5c758bd78-zn48b,17.398556
2026-06-02T15:42:40.961625087Z,activator-5c758bd78-zn48b,526.097979
2026-06-02T15:42:41.045068352Z,activator-5c758bd78-zn48b,58.010615
2026-06-02T15:42:41.049347856Z,activator-5c758bd78-zn48b,14.724378
2026-06-02T15:42:41.086823758Z,activator-5c758bd78-zn48b,4.746444
2026-06-02T15:42:41.150771117Z,activator-5c758bd78-zn48b,18.169118
2026-06-02T15:42:41.212976057Z,activator-5c758bd78-zn48b,525.792608
2026-06-02T15:42:41.224900457Z,activator-5c758bd78-zn48b,984.265709
2026-06-02T15:42:41.275353998Z,activator-5c758bd78-zn48b,88.182631
2026-06-02T15:42:41.300505022Z,activator-5c758bd78-zn48b,64.19788
2026-06-02T15:42:41.305121091Z,activator-5c758bd78-zn48b,18.0159
2026-06-02T15:42:41.351405703Z,activator-5c758bd78-zn48b,17.352
2026-06-02T15:42:41.478729334Z,activator-5c758bd78-zn48b,545.138114
2026-06-02T15:42:41.486596309Z,activator-5c758bd78-zn48b,5.901795
2026-06-02T15:42:41.551991654Z,activator-5c758bd78-zn48b,15.71168
2026-06-02T15:42:41.605252358Z,activator-5c758bd78-zn48b,17.509421
2026-06-02T15:42:41.640740409Z,activator-5c758bd78-zn48b,5.217751
2026-06-02T15:42:41.699995251Z,activator-5c758bd78-zn48b,12.207771
2026-06-02T15:42:41.795649076Z,activator-5c758bd78-zn48b,11.343984
2026-06-02T15:42:41.827361917Z,activator-5c758bd78-zn48b,90.943717
2026-06-02T15:42:41.916123696Z,activator-5c758bd78-zn48b,80.746976
2026-06-02T15:42:42.001274497Z,activator-5c758bd78-zn48b,118.845331
2026-06-02T15:42:42.026073247Z,activator-5c758bd78-zn48b,636.352768
2026-06-02T15:42:42.031689939Z,activator-5c758bd78-zn48b,44.351873
2026-06-02T15:42:42.0450054Z,activator-5c758bd78-zn48b,13.117812
2026-06-02T15:42:42.101971821Z,activator-5c758bd78-zn48b,17.059671
2026-06-02T15:42:42.104355157Z,activator-5c758bd78-zn48b,668.924005
2026-06-02T15:42:42.188521546Z,activator-5c758bd78-zn48b,54.195335
2026-06-02T15:42:42.250926612Z,activator-5c758bd78-zn48b,18.524951
2026-06-02T15:42:42.25847108Z,activator-5c758bd78-zn48b,77.901169
2026-06-02T15:42:42.346357373Z,activator-5c758bd78-zn48b,12.321027
2026-06-02T15:42:42.365271529Z,activator-5c758bd78-zn48b,79.519882
2026-06-02T15:42:42.404745293Z,activator-5c758bd78-zn48b,17.836296
2026-06-02T15:42:42.553125154Z,activator-5c758bd78-zn48b,612.878376
2026-06-02T15:42:42.562611515Z,activator-5c758bd78-zn48b,78.167032
2026-06-02T15:42:42.608139915Z,activator-5c758bd78-zn48b,20.467514
2026-06-02T15:42:42.65077728Z,activator-5c758bd78-zn48b,14.215375
2026-06-02T15:42:42.699107439Z,activator-5c758bd78-zn48b,12.27977
2026-06-02T15:42:42.812447068Z,activator-5c758bd78-zn48b,80.15102
2026-06-02T15:42:42.965008959Z,activator-5c758bd78-zn48b,526.226042
2026-06-02T15:42:43.061478973Z,activator-5c758bd78-zn48b,79.319171
2026-06-02T15:42:43.089574589Z,activator-5c758bd78-zn48b,4.97556
2026-06-02T15:42:43.184630324Z,activator-5c758bd78-zn48b,651.078609
2026-06-02T15:42:43.249326458Z,activator-5c758bd78-zn48b,12.978369
2026-06-02T15:42:43.362237189Z,activator-5c758bd78-zn48b,525.385778
2026-06-02T15:42:43.372563652Z,activator-5c758bd78-zn48b,486.707687
2026-06-02T15:42:43.404931701Z,activator-5c758bd78-zn48b,17.291912
2026-06-02T15:42:43.410427995Z,activator-5c758bd78-zn48b,78.20702
2026-06-02T15:42:43.443308206Z,activator-5c758bd78-zn48b,658.106313
2026-06-02T15:42:43.450451788Z,activator-5c758bd78-zn48b,266.594725
2026-06-02T15:42:43.492884341Z,activator-5c758bd78-zn48b,210.532076
2026-06-02T15:42:43.50684338Z,activator-5c758bd78-zn48b,14.362953
2026-06-02T15:42:43.51734561Z,activator-5c758bd78-zn48b,79.83305
2026-06-02T15:42:43.586870998Z,activator-5c758bd78-zn48b,652.113205
2026-06-02T15:42:43.592541345Z,activator-5c758bd78-zn48b,557.31681
2026-06-02T15:42:43.672921653Z,activator-5c758bd78-zn48b,535.643542
2026-06-02T15:42:43.815594728Z,activator-5c758bd78-zn48b,79.921342
2026-06-02T15:42:43.891404226Z,activator-5c758bd78-zn48b,5.799491
2026-06-02T15:42:43.91138225Z,activator-5c758bd78-zn48b,78.769021
2026-06-02T15:42:43.942087482Z,activator-5c758bd78-zn48b,4.628256
2026-06-02T15:42:44.04428082Z,activator-5c758bd78-zn48b,11.381403
2026-06-02T15:42:44.06139969Z,activator-5c758bd78-zn48b,524.832097
2026-06-02T15:42:44.062041108Z,activator-5c758bd78-zn48b,78.112311
2026-06-02T15:42:44.164868602Z,activator-5c758bd78-zn48b,78.749258
2026-06-02T15:42:44.195699504Z,activator-5c758bd78-zn48b,12.081099
2026-06-02T15:42:44.205163462Z,activator-5c758bd78-zn48b,614.537613
2026-06-02T15:42:44.260612784Z,activator-5c758bd78-zn48b,16.697665
2026-06-02T15:42:44.275553365Z,activator-5c758bd78-zn48b,637.532289
2026-06-02T15:42:44.293845179Z,activator-5c758bd78-zn48b,5.827012
2026-06-02T15:42:44.334226456Z,activator-5c758bd78-zn48b,650.663388
2026-06-02T15:42:44.398571715Z,activator-5c758bd78-zn48b,15.613564
2026-06-02T15:42:44.415155288Z,activator-5c758bd78-zn48b,79.107744
2026-06-02T15:42:44.450965138Z,activator-5c758bd78-zn48b,17.305072
2026-06-02T15:42:44.487062582Z,activator-5c758bd78-zn48b,4.890831
2026-06-02T15:42:44.538357224Z,activator-5c758bd78-zn48b,4.042386
2026-06-02T15:42:44.60240572Z,activator-5c758bd78-zn48b,13.268466
2026-06-02T15:42:44.651230098Z,activator-5c758bd78-zn48b,17.303861
2026-06-02T15:42:44.662134125Z,activator-5c758bd78-zn48b,525.970281
2026-06-02T15:42:44.756894646Z,activator-5c758bd78-zn48b,15.392107
2026-06-02T15:42:44.802906301Z,activator-5c758bd78-zn48b,17.590622
2026-06-02T15:42:44.849287449Z,activator-5c758bd78-zn48b,14.967644
2026-06-02T15:42:44.901905188Z,activator-5c758bd78-zn48b,15.506331
2026-06-02T15:42:44.906680265Z,activator-5c758bd78-zn48b,1118.30958
2026-06-02T15:42:45.016350332Z,activator-5c758bd78-zn48b,79.179662
2026-06-02T15:42:45.054251749Z,activator-5c758bd78-zn48b,19.115286
2026-06-02T15:42:45.092392523Z,activator-5c758bd78-zn48b,106.820415
2026-06-02T15:42:45.204508892Z,activator-5c758bd78-zn48b,19.110492
2026-06-02T15:42:45.212667813Z,activator-5c758bd78-zn48b,78.352531
2026-06-02T15:42:45.250900512Z,activator-5c758bd78-zn48b,12.662643
2026-06-02T15:42:45.290800414Z,activator-5c758bd78-zn48b,5.363158
2026-06-02T15:42:45.351237612Z,activator-5c758bd78-zn48b,14.64371
2026-06-02T15:42:45.353324821Z,activator-5c758bd78-zn48b,668.520884
2026-06-02T15:42:45.400150894Z,activator-5c758bd78-zn48b,13.652421
2026-06-02T15:42:45.446472544Z,activator-5c758bd78-zn48b,12.481879
2026-06-02T15:42:45.552932203Z,activator-5c758bd78-zn48b,13.309025
2026-06-02T15:42:45.683403565Z,activator-5c758bd78-zn48b,50.140044
2026-06-02T15:42:45.734486154Z,activator-5c758bd78-zn48b,651.055603
2026-06-02T15:42:45.863057831Z,activator-5c758bd78-zn48b,80.65781
2026-06-02T15:42:45.893040964Z,activator-5c758bd78-zn48b,4.835111
2026-06-02T15:42:46.014763467Z,activator-5c758bd78-zn48b,529.362887
2026-06-02T15:42:46.107119046Z,activator-5c758bd78-zn48b,22.214802
2026-06-02T15:42:46.111803968Z,activator-5c758bd78-zn48b,79.00037
2026-06-02T15:42:46.1421393Z,activator-5c758bd78-zn48b,555.511351
2026-06-02T15:42:46.154487352Z,activator-5c758bd78-zn48b,20.436356
2026-06-02T15:42:46.26755113Z,activator-5c758bd78-zn48b,80.007468
2026-06-02T15:42:46.306571609Z,activator-5c758bd78-zn48b,20.426935
2026-06-02T15:42:46.32497457Z,activator-5c758bd78-zn48b,637.23632
2026-06-02T15:42:46.343379103Z,activator-5c758bd78-zn48b,5.723205
2026-06-02T15:42:46.348363444Z,activator-5c758bd78-zn48b,609.051859
2026-06-02T15:42:46.354562099Z,activator-5c758bd78-zn48b,512.848098
2026-06-02T15:42:46.407967791Z,activator-5c758bd78-zn48b,14.708435
2026-06-02T15:42:46.537522685Z,activator-5c758bd78-zn48b,55.334703
2026-06-02T15:42:46.551489388Z,activator-5c758bd78-zn48b,19.684188
2026-06-02T15:42:46.6766217Z,activator-5c758bd78-zn48b,692.594958
2026-06-02T15:42:46.741287161Z,activator-5c758bd78-zn48b,5.761621
2026-06-02T15:42:46.763750768Z,activator-5c758bd78-zn48b,80.636539
2026-06-02T15:42:46.797992567Z,activator-5c758bd78-zn48b,12.578883
2026-06-02T15:42:46.950845475Z,activator-5c758bd78-zn48b,1007.991581
2026-06-02T15:42:46.991757354Z,activator-5c758bd78-zn48b,6.048634
2026-06-02T15:42:47.083076304Z,activator-5c758bd78-zn48b,639.714135
2026-06-02T15:42:47.088476333Z,activator-5c758bd78-zn48b,447.019243
2026-06-02T15:42:47.141971346Z,activator-5c758bd78-zn48b,556.409803
2026-06-02T15:42:47.204931838Z,activator-5c758bd78-zn48b,14.215847
2026-06-02T15:42:47.396878609Z,activator-5c758bd78-zn48b,12.473933
2026-06-02T15:42:47.414742409Z,activator-5c758bd78-zn48b,529.475421
2026-06-02T15:42:47.422701339Z,activator-5c758bd78-zn48b,87.482414
2026-06-02T15:42:47.424383213Z,activator-5c758bd78-zn48b,388.093409
2026-06-02T15:42:47.43558955Z,activator-5c758bd78-zn48b,149.634065
2026-06-02T15:42:47.460591934Z,activator-5c758bd78-zn48b,19.25959
2026-06-02T15:42:47.532702345Z,activator-5c758bd78-zn48b,49.563735
2026-06-02T15:42:47.545623281Z,activator-5c758bd78-zn48b,9.476338
2026-06-02T15:42:47.577035391Z,activator-5c758bd78-zn48b,738.103753
2026-06-02T15:42:47.583123061Z,activator-5c758bd78-zn48b,1342.71649
2026-06-02T15:42:47.614603459Z,activator-5c758bd78-zn48b,17.139147
2026-06-02T15:42:47.655323195Z,activator-5c758bd78-zn48b,20.319933
2026-06-02T15:42:47.818625797Z,activator-5c758bd78-zn48b,685.173521
2026-06-02T15:42:47.839783076Z,activator-5c758bd78-zn48b,55.200037
2026-06-02T15:42:47.872678718Z,activator-5c758bd78-zn48b,936.892237
2026-06-02T15:42:47.904396003Z,activator-5c758bd78-zn48b,15.607598
2026-06-02T15:42:48.00189615Z,activator-5c758bd78-zn48b,14.918473
2026-06-02T15:42:48.121517193Z,activator-5c758bd78-zn48b,87.646088
2026-06-02T15:42:48.184252812Z,activator-5c758bd78-zn48b,1100.065963
2026-06-02T15:42:48.194780064Z,activator-5c758bd78-zn48b,960.320884
2026-06-02T15:42:48.205196722Z,activator-5c758bd78-zn48b,123.076505
2026-06-02T15:42:48.21742853Z,activator-5c758bd78-zn48b,530.546868
2026-06-02T15:42:48.228532016Z,activator-5c758bd78-zn48b,492.736661
2026-06-02T15:42:48.286748952Z,activator-5c758bd78-zn48b,103.092596
2026-06-02T15:42:48.30035584Z,activator-5c758bd78-zn48b,13.246041
2026-06-02T15:42:48.370483257Z,activator-5c758bd78-zn48b,133.879313
2026-06-02T15:42:48.403804386Z,activator-5c758bd78-zn48b,12.022626
2026-06-02T15:42:48.520731215Z,activator-5c758bd78-zn48b,86.726433
2026-06-02T15:42:48.546594118Z,activator-5c758bd78-zn48b,12.541266
2026-06-02T15:42:48.608178541Z,activator-5c758bd78-zn48b,16.636507
2026-06-02T15:42:48.697073586Z,activator-5c758bd78-zn48b,12.210337
2026-06-02T15:42:48.715528756Z,activator-5c758bd78-zn48b,782.85043
2026-06-02T15:42:48.7228148Z,activator-5c758bd78-zn48b,86.723852
2026-06-02T15:42:48.726072065Z,activator-5c758bd78-zn48b,391.900073
2026-06-02T15:42:48.74833095Z,activator-5c758bd78-zn48b,915.542334
2026-06-02T15:42:48.781856388Z,activator-5c758bd78-zn48b,48.861342
2026-06-02T15:42:48.790555924Z,activator-5c758bd78-zn48b,4.604423
2026-06-02T15:42:48.852528379Z,activator-5c758bd78-zn48b,12.619788
2026-06-02T15:42:48.972083914Z,activator-5c758bd78-zn48b,86.465604
2026-06-02T15:42:49.001306342Z,activator-5c758bd78-zn48b,16.824005
2026-06-02T15:42:49.044304684Z,activator-5c758bd78-zn48b,11.958828
2026-06-02T15:42:49.107706311Z,activator-5c758bd78-zn48b,21.785821
2026-06-02T15:42:49.201302224Z,activator-5c758bd78-zn48b,17.372226
2026-06-02T15:42:49.253581649Z,activator-5c758bd78-zn48b,13.309315
2026-06-02T15:42:49.266888733Z,activator-5c758bd78-zn48b,783.335124
2026-06-02T15:42:49.27735184Z,activator-5c758bd78-zn48b,1142.682091
2026-06-02T15:42:49.402463628Z,activator-5c758bd78-zn48b,19.423858
2026-06-02T15:42:49.422622964Z,activator-5c758bd78-zn48b,88.097234
2026-06-02T15:42:49.488408605Z,activator-5c758bd78-zn48b,53.288871
2026-06-02T15:42:49.556123422Z,activator-5c758bd78-zn48b,18.823151
2026-06-02T15:42:49.562503643Z,activator-5c758bd78-zn48b,78.085079
2026-06-02T15:42:49.586775192Z,activator-5c758bd78-zn48b,651.544401
2026-06-02T15:42:49.639387704Z,activator-5c758bd78-zn48b,4.566197
2026-06-02T15:42:49.770172922Z,activator-5c758bd78-zn48b,87.458153
2026-06-02T15:42:49.78427226Z,activator-5c758bd78-zn48b,651.400681
2026-06-02T15:42:49.802998563Z,activator-5c758bd78-zn48b,12.624287
2026-06-02T15:42:49.901731864Z,activator-5c758bd78-zn48b,610.403265
2026-06-02T15:42:49.906371463Z,activator-5c758bd78-zn48b,21.058819
2026-06-02T15:42:49.91736756Z,activator-5c758bd78-zn48b,85.179166
2026-06-02T15:42:49.980193Z,activator-5c758bd78-zn48b,47.587078
2026-06-02T15:42:50.056090164Z,activator-5c758bd78-zn48b,19.058749
2026-06-02T15:42:50.155199137Z,activator-5c758bd78-zn48b,15.461607
2026-06-02T15:42:50.172324379Z,activator-5c758bd78-zn48b,86.402811
2026-06-02T15:42:50.194293267Z,activator-5c758bd78-zn48b,8.887169
2026-06-02T15:42:50.254754095Z,activator-5c758bd78-zn48b,20.674725
2026-06-02T15:42:50.262235737Z,activator-5c758bd78-zn48b,679.009916
2026-06-02T15:42:50.268947234Z,activator-5c758bd78-zn48b,534.656631
2026-06-02T15:42:50.348509229Z,activator-5c758bd78-zn48b,14.894414
2026-06-02T15:42:50.471851325Z,activator-5c758bd78-zn48b,88.502592
2026-06-02T15:42:50.502323953Z,activator-5c758bd78-zn48b,20.278156
2026-06-02T15:42:50.635995341Z,activator-5c758bd78-zn48b,651.663136
2026-06-02T15:42:50.649047495Z,activator-5c758bd78-zn48b,14.671296
2026-06-02T15:42:50.672623568Z,activator-5c758bd78-zn48b,87.73767
2026-06-02T15:42:50.748265027Z,activator-5c758bd78-zn48b,12.903332
2026-06-02T15:42:50.76878039Z,activator-5c758bd78-zn48b,83.695061
2026-06-02T15:42:50.802862751Z,activator-5c758bd78-zn48b,12.570204
2026-06-02T15:42:50.812249258Z,activator-5c758bd78-zn48b,524.747689
2026-06-02T15:42:50.9194234Z,activator-5c758bd78-zn48b,83.974283
2026-06-02T15:42:50.97465501Z,activator-5c758bd78-zn48b,39.77801
2026-06-02T15:42:51.000910741Z,activator-5c758bd78-zn48b,117.004068
2026-06-02T15:42:51.047989338Z,activator-5c758bd78-zn48b,611.503633
2026-06-02T15:42:51.082950511Z,activator-5c758bd78-zn48b,100.391156
2026-06-02T15:42:51.186731065Z,activator-5c758bd78-zn48b,651.218892
2026-06-02T15:42:51.220490493Z,activator-5c758bd78-zn48b,84.930897
2026-06-02T15:42:51.321414136Z,activator-5c758bd78-zn48b,85.387064
2026-06-02T15:42:51.32316247Z,activator-5c758bd78-zn48b,40.02115
2026-06-02T15:42:51.345564377Z,activator-5c758bd78-zn48b,12.773165
2026-06-02T15:42:51.398126042Z,activator-5c758bd78-zn48b,14.626024
2026-06-02T15:42:51.520240505Z,activator-5c758bd78-zn48b,86.555785
2026-06-02T15:42:51.622173407Z,activator-5c758bd78-zn48b,88.55694
2026-06-02T15:42:51.72152314Z,activator-5c758bd78-zn48b,688.793757
2026-06-02T15:42:51.728160813Z,activator-5c758bd78-zn48b,243.887884
2026-06-02T15:42:51.736132374Z,activator-5c758bd78-zn48b,646.600371
2026-06-02T15:42:51.751200847Z,activator-5c758bd78-zn48b,14.521223
2026-06-02T15:42:51.8025471Z,activator-5c758bd78-zn48b,11.775565
2026-06-02T15:42:51.83914247Z,activator-5c758bd78-zn48b,655.000119
2026-06-02T15:42:51.846083117Z,activator-5c758bd78-zn48b,262.779692
2026-06-02T15:42:51.958631552Z,activator-5c758bd78-zn48b,24.68072
2026-06-02T15:42:51.969683854Z,activator-5c758bd78-zn48b,87.518165
2026-06-02T15:42:52.091277723Z,activator-5c758bd78-zn48b,9.279182
2026-06-02T15:42:52.221036852Z,activator-5c758bd78-zn48b,87.943655
2026-06-02T15:42:52.254086288Z,activator-5c758bd78-zn48b,19.303084
2026-06-02T15:42:52.303059722Z,activator-5c758bd78-zn48b,13.218807
2026-06-02T15:42:52.32043626Z,activator-5c758bd78-zn48b,685.841607
2026-06-02T15:42:52.327056331Z,activator-5c758bd78-zn48b,641.724499
2026-06-02T15:42:52.489001785Z,activator-5c758bd78-zn48b,653.045673
2026-06-02T15:42:52.497595357Z,activator-5c758bd78-zn48b,14.467072
2026-06-02T15:42:52.519701993Z,activator-5c758bd78-zn48b,85.316899
2026-06-02T15:42:52.576262998Z,activator-5c758bd78-zn48b,40.589483
2026-06-02T15:42:52.609459969Z,activator-5c758bd78-zn48b,617.711575
2026-06-02T15:42:52.620148496Z,activator-5c758bd78-zn48b,35.592059
2026-06-02T15:42:52.641017828Z,activator-5c758bd78-zn48b,8.705635
2026-06-02T15:42:52.690492231Z,activator-5c758bd78-zn48b,657.356799
2026-06-02T15:42:52.739732195Z,activator-5c758bd78-zn48b,555.738158
2026-06-02T15:42:52.75284647Z,activator-5c758bd78-zn48b,16.036267
2026-06-02T15:42:52.771105455Z,activator-5c758bd78-zn48b,86.404628
2026-06-02T15:42:52.861165016Z,activator-5c758bd78-zn48b,528.837028
2026-06-02T15:42:52.917632072Z,activator-5c758bd78-zn48b,84.446449
2026-06-02T15:42:52.951976561Z,activator-5c758bd78-zn48b,18.354614
2026-06-02T15:42:53.070865915Z,activator-5c758bd78-zn48b,87.3842
2026-06-02T15:42:53.102724953Z,activator-5c758bd78-zn48b,19.371513
2026-06-02T15:42:53.154411839Z,activator-5c758bd78-zn48b,20.594299
2026-06-02T15:42:53.248494961Z,activator-5c758bd78-zn48b,14.730883
2026-06-02T15:42:53.272227275Z,activator-5c758bd78-zn48b,87.721892
2026-06-02T15:42:53.289675845Z,activator-5c758bd78-zn48b,4.211781
2026-06-02T15:42:53.380579341Z,activator-5c758bd78-zn48b,994.904055
2026-06-02T15:42:53.418811278Z,activator-5c758bd78-zn48b,84.523693
2026-06-02T15:42:53.508166038Z,activator-5c758bd78-zn48b,23.247399
2026-06-02T15:42:53.513865513Z,activator-5c758bd78-zn48b,724.376128
2026-06-02T15:42:53.561820414Z,activator-5c758bd78-zn48b,673.783095
2026-06-02T15:42:53.724150992Z,activator-5c758bd78-zn48b,89.561261
2026-06-02T15:42:53.791039812Z,activator-5c758bd78-zn48b,8.3768
2026-06-02T15:42:53.843965456Z,activator-5c758bd78-zn48b,11.838583
2026-06-02T15:42:53.945968217Z,activator-5c758bd78-zn48b,12.376475
2026-06-02T15:42:53.961120355Z,activator-5c758bd78-zn48b,526.841888
2026-06-02T15:42:54.03651072Z,activator-5c758bd78-zn48b,652.803939
2026-06-02T15:42:54.094430827Z,activator-5c758bd78-zn48b,8.916313
2026-06-02T15:42:54.119434874Z,activator-5c758bd78-zn48b,85.086238
2026-06-02T15:42:54.136029315Z,activator-5c758bd78-zn48b,3.554722
2026-06-02T15:42:54.140885823Z,activator-5c758bd78-zn48b,1102.651394
2026-06-02T15:42:54.147118563Z,activator-5c758bd78-zn48b,408.361222
2026-06-02T15:42:54.193621052Z,activator-5c758bd78-zn48b,654.843066
2026-06-02T15:42:54.204374186Z,activator-5c758bd78-zn48b,19.310834
2026-06-02T15:42:54.238611754Z,activator-5c758bd78-zn48b,651.945308
2026-06-02T15:42:54.377064163Z,activator-5c758bd78-zn48b,90.74809
2026-06-02T15:42:54.415927912Z,activator-5c758bd78-zn48b,528.825371
2026-06-02T15:42:54.681225781Z,activator-5c758bd78-zn48b,996.367527
2026-06-02T15:42:54.687088382Z,activator-5c758bd78-zn48b,453.816786
2026-06-02T15:42:54.694331394Z,activator-5c758bd78-zn48b,161.212682
2026-06-02T15:42:54.713626983Z,activator-5c758bd78-zn48b,78.671223
2026-06-02T15:42:54.787304495Z,activator-5c758bd78-zn48b,52.70856
2026-06-02T15:42:54.789168255Z,activator-5c758bd78-zn48b,4.629006
2026-06-02T15:42:54.798882608Z,activator-5c758bd78-zn48b,809.629818
2026-06-02T15:42:54.915911043Z,activator-5c758bd78-zn48b,79.530303
2026-06-02T15:42:54.949857661Z,activator-5c758bd78-zn48b,13.802945
2026-06-02T15:42:54.99455523Z,activator-5c758bd78-zn48b,660.018169
2026-06-02T15:42:55.001762375Z,activator-5c758bd78-zn48b,12.75629
2026-06-02T15:42:55.096446521Z,activator-5c758bd78-zn48b,12.973426
2026-06-02T15:42:55.106666264Z,activator-5c758bd78-zn48b,716.336783
2026-06-02T15:42:55.112870968Z,activator-5c758bd78-zn48b,78.101894
2026-06-02T15:42:55.143249564Z,activator-5c758bd78-zn48b,658.638921
2026-06-02T15:42:55.150171699Z,activator-5c758bd78-zn48b,566.107487
2026-06-02T15:42:55.212627674Z,activator-5c758bd78-zn48b,527.494436
2026-06-02T15:42:55.247793991Z,activator-5c758bd78-zn48b,13.427402
2026-06-02T15:42:55.262260088Z,activator-5c758bd78-zn48b,79.227368
2026-06-02T15:42:55.337847497Z,activator-5c758bd78-zn48b,4.874932
2026-06-02T15:42:55.347909674Z,activator-5c758bd78-zn48b,61.957195
2026-06-02T15:42:55.400836227Z,activator-5c758bd78-zn48b,19.236789
2026-06-02T15:42:55.479952622Z,activator-5c758bd78-zn48b,43.930068
2026-06-02T15:42:55.526614222Z,activator-5c758bd78-zn48b,43.919643
2026-06-02T15:42:55.547474994Z,activator-5c758bd78-zn48b,13.014724
2026-06-02T15:42:55.601437003Z,activator-5c758bd78-zn48b,19.130647
2026-06-02T15:42:55.639414224Z,activator-5c758bd78-zn48b,1206.358314
2026-06-02T15:42:55.701669543Z,activator-5c758bd78-zn48b,18.738195
2026-06-02T15:42:55.746579836Z,activator-5c758bd78-zn48b,11.775779
2026-06-02T15:42:55.787768924Z,activator-5c758bd78-zn48b,652.451112
2026-06-02T15:42:55.902768027Z,activator-5c758bd78-zn48b,13.60705
2026-06-02T15:42:56.101474747Z,activator-5c758bd78-zn48b,12.798271
2026-06-02T15:42:56.113513855Z,activator-5c758bd78-zn48b,79.788881
2026-06-02T15:42:56.157338451Z,activator-5c758bd78-zn48b,22.725633
2026-06-02T15:42:56.282387617Z,activator-5c758bd78-zn48b,1398.74981
2026-06-02T15:42:56.289198762Z,activator-5c758bd78-zn48b,104.130873
2026-06-02T15:42:56.364438951Z,activator-5c758bd78-zn48b,81.853963
2026-06-02T15:42:56.422802182Z,activator-5c758bd78-zn48b,635.603647
2026-06-02T15:42:56.431192386Z,activator-5c758bd78-zn48b,795.035656
2026-06-02T15:42:56.438273535Z,activator-5c758bd78-zn48b,453.178077
2026-06-02T15:42:56.442139938Z,activator-5c758bd78-zn48b,107.119968
2026-06-02T15:42:56.443871682Z,activator-5c758bd78-zn48b,59.936964
2026-06-02T15:42:56.454645419Z,activator-5c758bd78-zn48b,15.25263
2026-06-02T15:42:56.459958897Z,activator-5c758bd78-zn48b,525.929216
2026-06-02T15:42:56.488392715Z,activator-5c758bd78-zn48b,654.678494
2026-06-02T15:42:56.545966285Z,activator-5c758bd78-zn48b,11.645384
2026-06-02T15:42:56.662623423Z,activator-5c758bd78-zn48b,78.505044
2026-06-02T15:42:56.699485585Z,activator-5c758bd78-zn48b,13.622474
2026-06-02T15:42:56.74107759Z,activator-5c758bd78-zn48b,106.923047
2026-06-02T15:42:56.755162394Z,activator-5c758bd78-zn48b,20.031856
2026-06-02T15:42:56.807383407Z,activator-5c758bd78-zn48b,17.113795
2026-06-02T15:42:56.916233061Z,activator-5c758bd78-zn48b,83.239415
2026-06-02T15:42:56.989982433Z,activator-5c758bd78-zn48b,55.239887
2026-06-02T15:42:56.991320377Z,activator-5c758bd78-zn48b,106.794975
2026-06-02T15:42:57.007676226Z,activator-5c758bd78-zn48b,25.739597
2026-06-02T15:42:57.124336987Z,activator-5c758bd78-zn48b,636.309156
2026-06-02T15:42:57.138144847Z,activator-5c758bd78-zn48b,905.233902
2026-06-02T15:42:57.164344718Z,activator-5c758bd78-zn48b,78.716342
2026-06-02T15:42:57.29181728Z,activator-5c758bd78-zn48b,58.27016
2026-06-02T15:42:57.305319129Z,activator-5c758bd78-zn48b,21.658273
2026-06-02T15:42:57.411674525Z,activator-5c758bd78-zn48b,79.507031
2026-06-02T15:42:57.512156772Z,activator-5c758bd78-zn48b,79.255144
2026-06-02T15:42:57.541492398Z,activator-5c758bd78-zn48b,56.508605
2026-06-02T15:42:57.592667124Z,activator-5c758bd78-zn48b,557.705076
2026-06-02T15:42:57.608085992Z,activator-5c758bd78-zn48b,76.582977
2026-06-02T15:42:57.745411437Z,activator-5c758bd78-zn48b,11.988881
2026-06-02T15:42:57.792673773Z,activator-5c758bd78-zn48b,656.97774
2026-06-02T15:42:57.805513114Z,activator-5c758bd78-zn48b,17.342771
2026-06-02T15:42:57.834227854Z,activator-5c758bd78-zn48b,651.574058
2026-06-02T15:42:58.012142916Z,activator-5c758bd78-zn48b,78.633316
2026-06-02T15:42:58.072157168Z,activator-5c758bd78-zn48b,686.605143
2026-06-02T15:42:58.07854096Z,activator-5c758bd78-zn48b,393.880403
2026-06-02T15:42:58.122412888Z,activator-5c758bd78-zn48b,535.918635
2026-06-02T15:42:58.166763629Z,activator-5c758bd78-zn48b,530.22017
2026-06-02T15:42:58.179334684Z,activator-5c758bd78-zn48b,93.836013
2026-06-02T15:42:58.19701525Z,activator-5c758bd78-zn48b,62.756376
2026-06-02T15:42:58.202827983Z,activator-5c758bd78-zn48b,20.265691
2026-06-02T15:42:58.316814901Z,activator-5c758bd78-zn48b,79.970192
2026-06-02T15:42:58.335792396Z,activator-5c758bd78-zn48b,51.275155
2026-06-02T15:42:58.338351617Z,activator-5c758bd78-zn48b,5.41241
2026-06-02T15:42:58.447906223Z,activator-5c758bd78-zn48b,12.505727
2026-06-02T15:42:58.488344944Z,activator-5c758bd78-zn48b,653.898677
2026-06-02T15:42:58.548504558Z,activator-5c758bd78-zn48b,13.264938
2026-06-02T15:42:58.563069752Z,activator-5c758bd78-zn48b,78.537754
2026-06-02T15:42:58.630196107Z,activator-5c758bd78-zn48b,641.884355
2026-06-02T15:42:58.63654943Z,activator-5c758bd78-zn48b,247.395026
2026-06-02T15:42:58.643793946Z,activator-5c758bd78-zn48b,758.399255
2026-06-02T15:42:58.665763472Z,activator-5c758bd78-zn48b,80.372741
2026-06-02T15:42:58.68779688Z,activator-5c758bd78-zn48b,647.641872
2026-06-02T15:42:58.74430659Z,activator-5c758bd78-zn48b,58.649305
2026-06-02T15:42:58.756829148Z,activator-5c758bd78-zn48b,22.005977
2026-06-02T15:42:58.847761591Z,activator-5c758bd78-zn48b,14.955711
2026-06-02T15:42:58.862395899Z,activator-5c758bd78-zn48b,78.602057
2026-06-02T15:42:58.906465032Z,activator-5c758bd78-zn48b,20.394561
2026-06-02T15:42:59.045322702Z,activator-5c758bd78-zn48b,12.15879
2026-06-02T15:42:59.102953151Z,activator-5c758bd78-zn48b,13.115328
2026-06-02T15:42:59.114205795Z,activator-5c758bd78-zn48b,129.458982
2026-06-02T15:42:59.14938627Z,activator-5c758bd78-zn48b,15.917109
2026-06-02T15:42:59.200151004Z,activator-5c758bd78-zn48b,15.410541
2026-06-02T15:42:59.251822006Z,activator-5c758bd78-zn48b,13.532669
2026-06-02T15:42:59.273296858Z,activator-5c758bd78-zn48b,634.139757
2026-06-02T15:42:59.300597827Z,activator-5c758bd78-zn48b,17.809185
2026-06-02T15:42:59.404480534Z,activator-5c758bd78-zn48b,20.878646
2026-06-02T15:42:59.4391706Z,activator-5c758bd78-zn48b,5.670331
2026-06-02T15:42:59.467938949Z,activator-5c758bd78-zn48b,532.360961
2026-06-02T15:42:59.545541507Z,activator-5c758bd78-zn48b,11.712837
2026-06-02T15:42:59.64574197Z,activator-5c758bd78-zn48b,12.669334
2026-06-02T15:42:59.69902386Z,activator-5c758bd78-zn48b,15.256329
2026-06-02T15:42:59.752171434Z,activator-5c758bd78-zn48b,17.899194
2026-06-02T15:42:59.839258891Z,activator-5c758bd78-zn48b,5.168993
2026-06-02T15:42:59.977918099Z,activator-5c758bd78-zn48b,637.159794
2026-06-02T15:43:00.003015347Z,activator-5c758bd78-zn48b,20.673773
2026-06-02T15:43:00.021366512Z,activator-5c758bd78-zn48b,87.421159
2026-06-02T15:43:00.085692126Z,activator-5c758bd78-zn48b,51.808306
2026-06-02T15:43:00.099579649Z,activator-5c758bd78-zn48b,610.216979
2026-06-02T15:43:00.144190169Z,activator-5c758bd78-zn48b,9.886631
2026-06-02T15:43:00.16763519Z,activator-5c758bd78-zn48b,85.33772
2026-06-02T15:43:00.197242844Z,activator-5c758bd78-zn48b,13.443972
2026-06-02T15:43:00.301150902Z,activator-5c758bd78-zn48b,16.557677
2026-06-02T15:43:00.322602819Z,activator-5c758bd78-zn48b,86.618467
2026-06-02T15:43:00.448959361Z,activator-5c758bd78-zn48b,662.259339
2026-06-02T15:43:00.589850087Z,activator-5c758bd78-zn48b,6.263282
2026-06-02T15:43:00.609940029Z,activator-5c758bd78-zn48b,1019.867527
2026-06-02T15:43:00.620656964Z,activator-5c758bd78-zn48b,86.85402
2026-06-02T15:43:00.702667765Z,activator-5c758bd78-zn48b,18.548036
2026-06-02T15:43:00.710052032Z,activator-5c758bd78-zn48b,821.748901
2026-06-02T15:43:00.794688057Z,activator-5c758bd78-zn48b,11.810733
2026-06-02T15:43:00.86375553Z,activator-5c758bd78-zn48b,529.067979
2026-06-02T15:43:00.984810152Z,activator-5c758bd78-zn48b,52.84278
2026-06-02T15:43:01.033495108Z,activator-5c758bd78-zn48b,52.66354
2026-06-02T15:43:01.040278814Z,activator-5c758bd78-zn48b,657.5956
2026-06-02T15:43:01.047039344Z,activator-5c758bd78-zn48b,213.673099
2026-06-02T15:43:01.052976843Z,activator-5c758bd78-zn48b,170.115726
2026-06-02T15:43:01.117844879Z,activator-5c758bd78-zn48b,86.54111
2026-06-02T15:43:01.138673709Z,activator-5c758bd78-zn48b,4.00805
2026-06-02T15:43:01.203853339Z,activator-5c758bd78-zn48b,19.323893
2026-06-02T15:43:01.237169801Z,activator-5c758bd78-zn48b,798.870312
2026-06-02T15:43:01.250270989Z,activator-5c758bd78-zn48b,14.948497
2026-06-02T15:43:01.260557901Z,activator-5c758bd78-zn48b,525.973737
2026-06-02T15:43:01.32099601Z,activator-5c758bd78-zn48b,35.550947
2026-06-02T15:43:01.389650523Z,activator-5c758bd78-zn48b,8.010003
2026-06-02T15:43:01.452064557Z,activator-5c758bd78-zn48b,17.471405
2026-06-02T15:43:01.555288898Z,activator-5c758bd78-zn48b,20.478128
2026-06-02T15:43:01.567762519Z,activator-5c758bd78-zn48b,84.813843
2026-06-02T15:43:01.603663337Z,activator-5c758bd78-zn48b,18.385983
2026-06-02T15:43:01.703355388Z,activator-5c758bd78-zn48b,18.863551
2026-06-02T15:43:01.869293114Z,activator-5c758bd78-zn48b,1231.168163
2026-06-02T15:43:01.877531733Z,activator-5c758bd78-zn48b,537.756307
2026-06-02T15:43:01.88373346Z,activator-5c758bd78-zn48b,1394.408689
2026-06-02T15:43:01.922191693Z,activator-5c758bd78-zn48b,87.320606
2026-06-02T15:43:02.038699955Z,activator-5c758bd78-zn48b,4.945245
2026-06-02T15:43:02.325986522Z,activator-5c758bd78-zn48b,690.174693
2026-06-02T15:43:02.368473724Z,activator-5c758bd78-zn48b,35.968647
2026-06-02T15:43:02.369610207Z,activator-5c758bd78-zn48b,87.209869
2026-06-02T15:43:02.411078888Z,activator-5c758bd78-zn48b,28.178532
2026-06-02T15:43:02.521400628Z,activator-5c758bd78-zn48b,86.933667
2026-06-02T15:43:02.557420685Z,activator-5c758bd78-zn48b,1453.688854
2026-06-02T15:43:02.564062767Z,activator-5c758bd78-zn48b,425.258584
2026-06-02T15:43:02.569658719Z,activator-5c758bd78-zn48b,32.532118
2026-06-02T15:43:02.608880056Z,activator-5c758bd78-zn48b,23.173754
2026-06-02T15:43:02.658551567Z,activator-5c758bd78-zn48b,25.709805
2026-06-02T15:43:02.756250513Z,activator-5c758bd78-zn48b,21.317898
2026-06-02T15:43:02.80204632Z,activator-5c758bd78-zn48b,11.779143
2026-06-02T15:43:02.860138638Z,activator-5c758bd78-zn48b,24.730098
2026-06-02T15:43:02.923874757Z,activator-5c758bd78-zn48b,41.161678
2026-06-02T15:43:02.970550539Z,activator-5c758bd78-zn48b,1236.47092
2026-06-02T15:43:02.97650607Z,activator-5c758bd78-zn48b,1193.283944
2026-06-02T15:43:02.98753292Z,activator-5c758bd78-zn48b,5.355657
2026-06-02T15:43:03.120406185Z,activator-5c758bd78-zn48b,86.98666
2026-06-02T15:43:03.308000038Z,activator-5c758bd78-zn48b,23.467528
2026-06-02T15:43:03.341528092Z,activator-5c758bd78-zn48b,9.066041
2026-06-02T15:43:03.469981538Z,activator-5c758bd78-zn48b,87.044258
2026-06-02T15:43:03.611607798Z,activator-5c758bd78-zn48b,674.03063
2026-06-02T15:43:03.618217301Z,activator-5c758bd78-zn48b,528.81641
2026-06-02T15:43:03.624213272Z,activator-5c758bd78-zn48b,436.353631
2026-06-02T15:43:03.627126262Z,activator-5c758bd78-zn48b,1143.038828
2026-06-02T15:43:03.629789888Z,activator-5c758bd78-zn48b,390.793786
2026-06-02T15:43:03.636475356Z,activator-5c758bd78-zn48b,48.489933
2026-06-02T15:43:03.638446917Z,activator-5c758bd78-zn48b,1755.5926
2026-06-02T15:43:03.687541911Z,activator-5c758bd78-zn48b,3.992572
2026-06-02T15:43:03.700068464Z,activator-5c758bd78-zn48b,565.220483
2026-06-02T15:43:03.822449749Z,activator-5c758bd78-zn48b,87.90962
2026-06-02T15:43:03.918173729Z,activator-5c758bd78-zn48b,83.965724
2026-06-02T15:43:03.983955329Z,activator-5c758bd78-zn48b,549.326115
2026-06-02T15:43:03.999818334Z,activator-5c758bd78-zn48b,115.820795
2026-06-02T15:43:04.219260507Z,activator-5c758bd78-zn48b,736.058891
2026-06-02T15:43:04.220466089Z,activator-5c758bd78-zn48b,87.307902
2026-06-02T15:43:04.229997437Z,activator-5c758bd78-zn48b,445.884323
2026-06-02T15:43:04.240908405Z,activator-5c758bd78-zn48b,257.915169
2026-06-02T15:43:04.281961467Z,activator-5c758bd78-zn48b,2348.3641199999997
2026-06-02T15:43:04.287734237Z,activator-5c758bd78-zn48b,2304.980012
2026-06-02T15:43:04.29333885Z,activator-5c758bd78-zn48b,2208.421268
2026-06-02T15:43:04.299064467Z,activator-5c758bd78-zn48b,2115.348728
2026-06-02T15:43:04.304740388Z,activator-5c758bd78-zn48b,2071.6767489999997
2026-06-02T15:43:04.317320468Z,activator-5c758bd78-zn48b,84.170178
2026-06-02T15:43:04.398725469Z,activator-5c758bd78-zn48b,114.958547
2026-06-02T15:43:04.400661595Z,activator-5c758bd78-zn48b,17.404037
2026-06-02T15:43:04.539867348Z,activator-5c758bd78-zn48b,1004.976187
2026-06-02T15:43:04.571610268Z,activator-5c758bd78-zn48b,87.673977
2026-06-02T15:43:04.621177941Z,activator-5c758bd78-zn48b,682.185824
2026-06-02T15:43:04.628452533Z,activator-5c758bd78-zn48b,286.981132
2026-06-02T15:43:04.633339474Z,activator-5c758bd78-zn48b,193.340296
2026-06-02T15:43:04.639508731Z,activator-5c758bd78-zn48b,101.034852
2026-06-02T15:43:04.800709144Z,activator-5c758bd78-zn48b,16.984718
2026-06-02T15:43:04.978455838Z,activator-5c758bd78-zn48b,2293.710141
2026-06-02T15:43:04.985175192Z,activator-5c758bd78-zn48b,1352.849244
2026-06-02T15:43:05.059676269Z,activator-5c758bd78-zn48b,876.151585
2026-06-02T15:43:05.071669269Z,activator-5c758bd78-zn48b,87.8035
2026-06-02T15:43:05.139394845Z,activator-5c758bd78-zn48b,4.830221
2026-06-02T15:43:05.186985521Z,activator-5c758bd78-zn48b,3.551225
2026-06-02T15:43:05.319605791Z,activator-5c758bd78-zn48b,731.137073
2026-06-02T15:43:05.326141467Z,activator-5c758bd78-zn48b,634.782104
2026-06-02T15:43:05.338240721Z,activator-5c758bd78-zn48b,3.92007
2026-06-02T15:43:05.503366848Z,activator-5c758bd78-zn48b,19.426298
2026-06-02T15:43:05.521392275Z,activator-5c758bd78-zn48b,87.514493
2026-06-02T15:43:05.551566331Z,activator-5c758bd78-zn48b,17.087637
2026-06-02T15:43:05.62016621Z,activator-5c758bd78-zn48b,35.901885
2026-06-02T15:43:05.651879954Z,activator-5c758bd78-zn48b,18.212317
2026-06-02T15:43:05.652572922Z,activator-5c758bd78-zn48b,1618.315184
2026-06-02T15:43:05.71984968Z,activator-5c758bd78-zn48b,35.987027
2026-06-02T15:43:05.813369795Z,activator-5c758bd78-zn48b,529.431102
2026-06-02T15:43:05.852595781Z,activator-5c758bd78-zn48b,17.943585
2026-06-02T15:43:05.870525014Z,activator-5c758bd78-zn48b,87.599551
2026-06-02T15:43:05.962255306Z,activator-5c758bd78-zn48b,1224.457955
2026-06-02T15:43:05.968589115Z,activator-5c758bd78-zn48b,1080.2138869999999
2026-06-02T15:43:06.021375371Z,activator-5c758bd78-zn48b,86.88303
2026-06-02T15:43:06.030964158Z,activator-5c758bd78-zn48b,44.919483
2026-06-02T15:43:06.101459917Z,activator-5c758bd78-zn48b,13.215583
2026-06-02T15:43:06.121051391Z,activator-5c758bd78-zn48b,89.100728
2026-06-02T15:43:06.260652254Z,activator-5c758bd78-zn48b,527.942864
2026-06-02T15:43:06.297983915Z,activator-5c758bd78-zn48b,2215.434446
2026-06-02T15:43:06.306387493Z,activator-5c758bd78-zn48b,1672.661961
2026-06-02T15:43:06.312481225Z,activator-5c758bd78-zn48b,1477.648848
2026-06-02T15:43:06.323106485Z,activator-5c758bd78-zn48b,89.607236
2026-06-02T15:43:06.41265393Z,activator-5c758bd78-zn48b,129.48436
2026-06-02T15:43:06.438581436Z,activator-5c758bd78-zn48b,5.338675
2026-06-02T15:43:06.496721079Z,activator-5c758bd78-zn48b,161.544115
2026-06-02T15:43:06.595006946Z,activator-5c758bd78-zn48b,12.156433
2026-06-02T15:43:06.614890139Z,activator-5c758bd78-zn48b,83.278866
2026-06-02T15:43:06.667178287Z,activator-5c758bd78-zn48b,530.745007
2026-06-02T15:43:06.813245833Z,activator-5c758bd78-zn48b,79.833861
2026-06-02T15:43:06.852478495Z,activator-5c758bd78-zn48b,20.218811
2026-06-02T15:43:06.894311916Z,activator-5c758bd78-zn48b,11.675441
2026-06-02T15:43:06.960422793Z,activator-5c758bd78-zn48b,2027.1995089999998
2026-06-02T15:43:07.062104631Z,activator-5c758bd78-zn48b,79.407745
2026-06-02T15:43:07.103707319Z,activator-5c758bd78-zn48b,20.336799
2026-06-02T15:43:07.159480774Z,activator-5c758bd78-zn48b,770.521034
2026-06-02T15:43:07.166628923Z,activator-5c758bd78-zn48b,477.835071
2026-06-02T15:43:07.174121451Z,activator-5c758bd78-zn48b,236.248852
2026-06-02T15:43:07.180157521Z,activator-5c758bd78-zn48b,141.381593
2026-06-02T15:43:07.262125166Z,activator-5c758bd78-zn48b,79.51368
2026-06-02T15:43:07.296056106Z,activator-5c758bd78-zn48b,11.34031
2026-06-02T15:43:07.339347376Z,activator-5c758bd78-zn48b,107.28543
2026-06-02T15:43:07.443301356Z,activator-5c758bd78-zn48b,11.11663
2026-06-02T15:43:07.495075293Z,activator-5c758bd78-zn48b,10.849934
2026-06-02T15:43:07.602858173Z,activator-5c758bd78-zn48b,18.612737
2026-06-02T15:43:07.605962386Z,activator-5c758bd78-zn48b,2573.191982
2026-06-02T15:43:07.611713135Z,activator-5c758bd78-zn48b,2525.936992
2026-06-02T15:43:07.617699144Z,activator-5c758bd78-zn48b,2383.315126
2026-06-02T15:43:07.623555714Z,activator-5c758bd78-zn48b,2241.644256
2026-06-02T15:43:07.745076941Z,activator-5c758bd78-zn48b,11.694112
2026-06-02T15:43:07.761584749Z,activator-5c758bd78-zn48b,79.162963
2026-06-02T15:43:07.803436252Z,activator-5c758bd78-zn48b,13.014668
2026-06-02T15:43:07.871761933Z,activator-5c758bd78-zn48b,538.442319
2026-06-02T15:43:07.913642932Z,activator-5c758bd78-zn48b,80.348549
2026-06-02T15:43:07.982677529Z,activator-5c758bd78-zn48b,50.299042
2026-06-02T15:43:07.990185289Z,activator-5c758bd78-zn48b,105.686738
2026-06-02T15:43:08.138460798Z,activator-5c758bd78-zn48b,5.01235
2026-06-02T15:43:08.160021263Z,activator-5c758bd78-zn48b,525.358852
2026-06-02T15:43:08.161725399Z,activator-5c758bd78-zn48b,78.285323
2026-06-02T15:43:08.201165984Z,activator-5c758bd78-zn48b,16.799858
2026-06-02T15:43:08.270314994Z,activator-5c758bd78-zn48b,2386.70325
2026-06-02T15:43:08.275151755Z,activator-5c758bd78-zn48b,2091.9777430000004
2026-06-02T15:43:08.284581663Z,activator-5c758bd78-zn48b,1800.650128
2026-06-02T15:43:08.290450192Z,activator-5c758bd78-zn48b,1656.737343
2026-06-02T15:43:08.296586827Z,activator-5c758bd78-zn48b,1514.105955
2026-06-02T15:43:08.300412966Z,activator-5c758bd78-zn48b,17.443992
2026-06-02T15:43:08.302441053Z,activator-5c758bd78-zn48b,1167.877865
2026-06-02T15:43:08.308922574Z,activator-5c758bd78-zn48b,326.06184
2026-06-02T15:43:08.312238454Z,activator-5c758bd78-zn48b,78.421498
2026-06-02T15:43:08.316382809Z,activator-5c758bd78-zn48b,934.404328
2026-06-02T15:43:08.344367972Z,activator-5c758bd78-zn48b,12.513584
2026-06-02T15:43:08.537027759Z,activator-5c758bd78-zn48b,5.21001
2026-06-02T15:43:08.561790605Z,activator-5c758bd78-zn48b,78.385786
2026-06-02T15:43:08.599484757Z,activator-5c758bd78-zn48b,554.873223
2026-06-02T15:43:08.610375962Z,activator-5c758bd78-zn48b,225.653576
2026-06-02T15:43:08.663644471Z,activator-5c758bd78-zn48b,79.437203
2026-06-02T15:43:08.752090994Z,activator-5c758bd78-zn48b,12.788346
2026-06-02T15:43:08.763168393Z,activator-5c758bd78-zn48b,79.015425
2026-06-02T15:43:08.8046868Z,activator-5c758bd78-zn48b,16.125155
2026-06-02T15:43:08.852746949Z,activator-5c758bd78-zn48b,13.94978
2026-06-02T15:43:08.965866868Z,activator-5c758bd78-zn48b,1431.298084
2026-06-02T15:43:09.013162645Z,activator-5c758bd78-zn48b,80.238252
2026-06-02T15:43:09.088069627Z,activator-5c758bd78-zn48b,104.282727
2026-06-02T15:43:09.130586304Z,activator-5c758bd78-zn48b,696.807676
2026-06-02T15:43:09.142035482Z,activator-5c758bd78-zn48b,259.10974
2026-06-02T15:43:09.152479998Z,activator-5c758bd78-zn48b,15.03406
2026-06-02T15:43:09.164363561Z,activator-5c758bd78-zn48b,130.428019
2026-06-02T15:43:09.287456194Z,activator-5c758bd78-zn48b,655.190737
2026-06-02T15:43:09.303664529Z,activator-5c758bd78-zn48b,14.917136
2026-06-02T15:43:09.400932341Z,activator-5c758bd78-zn48b,12.355783
2026-06-02T15:43:09.533983511Z,activator-5c758bd78-zn48b,51.179462
2026-06-02T15:43:09.535204957Z,activator-5c758bd78-zn48b,4.437289
2026-06-02T15:43:09.662688831Z,activator-5c758bd78-zn48b,579.488057
2026-06-02T15:43:09.673909667Z,activator-5c758bd78-zn48b,441.198479
2026-06-02T15:43:09.684260473Z,activator-5c758bd78-zn48b,50.097328
2026-06-02T15:43:09.703123595Z,activator-5c758bd78-zn48b,14.653811
2026-06-02T15:43:09.836700656Z,activator-5c758bd78-zn48b,652.683547
2026-06-02T15:43:09.843424233Z,activator-5c758bd78-zn48b,259.7663
2026-06-02T15:43:09.849524191Z,activator-5c758bd78-zn48b,17.170252
2026-06-02T15:43:09.862739947Z,activator-5c758bd78-zn48b,79.126685
2026-06-02T15:43:09.896935238Z,activator-5c758bd78-zn48b,12.947065
2026-06-02T15:43:09.94555903Z,activator-5c758bd78-zn48b,11.454828
2026-06-02T15:43:09.986014127Z,activator-5c758bd78-zn48b,652.763785
2026-06-02T15:43:09.992916789Z,activator-5c758bd78-zn48b,558.762208
2026-06-02T15:43:09.998838902Z,activator-5c758bd78-zn48b,265.683039
2026-06-02T15:43:10.098873788Z,activator-5c758bd78-zn48b,15.771853
2026-06-02T15:43:10.21317648Z,activator-5c758bd78-zn48b,80.041354
2026-06-02T15:43:10.56054011Z,activator-5c758bd78-zn48b,77.917214
2026-06-02T15:43:10.61100239Z,activator-5c758bd78-zn48b,577.919795
2026-06-02T15:43:10.634079969Z,activator-5c758bd78-zn48b,51.319007
2026-06-02T15:43:10.680963452Z,activator-5c758bd78-zn48b,692.088929
2026-06-02T15:43:10.687437334Z,activator-5c758bd78-zn48b,500.061435
2026-06-02T15:43:10.693167313Z,activator-5c758bd78-zn48b,454.782845
2026-06-02T15:43:10.699295792Z,activator-5c758bd78-zn48b,263.094768
2026-06-02T15:43:10.706335363Z,activator-5c758bd78-zn48b,66.355298
2026-06-02T15:43:10.712664434Z,activator-5c758bd78-zn48b,23.972095
2026-06-02T15:43:10.814542082Z,activator-5c758bd78-zn48b,78.912073
2026-06-02T15:43:10.83939169Z,activator-5c758bd78-zn48b,4.901583
2026-06-02T15:43:10.903171861Z,activator-5c758bd78-zn48b,14.244432
2026-06-02T15:43:10.982282727Z,activator-5c758bd78-zn48b,48.894826
2026-06-02T15:43:11.000246287Z,activator-5c758bd78-zn48b,17.422897
2026-06-02T15:43:11.059751663Z,activator-5c758bd78-zn48b,12.985454
2026-06-02T15:43:11.08818707Z,activator-5c758bd78-zn48b,4.332133
2026-06-02T15:43:11.132558174Z,activator-5c758bd78-zn48b,848.109105
2026-06-02T15:43:11.14177828Z,activator-5c758bd78-zn48b,807.74972
2026-06-02T15:43:11.15329542Z,activator-5c758bd78-zn48b,769.150536
2026-06-02T15:43:11.217071765Z,activator-5c758bd78-zn48b,85.971432
2026-06-02T15:43:11.288655565Z,activator-5c758bd78-zn48b,4.688427
2026-06-02T15:43:11.301650351Z,activator-5c758bd78-zn48b,117.569426
2026-06-02T15:43:11.34965462Z,activator-5c758bd78-zn48b,14.911609
2026-06-02T15:43:11.435620841Z,activator-5c758bd78-zn48b,651.478615
2026-06-02T15:43:11.599586646Z,activator-5c758bd78-zn48b,12.572042
2026-06-02T15:43:11.618142859Z,activator-5c758bd78-zn48b,85.94343
2026-06-02T15:43:11.639219365Z,activator-5c758bd78-zn48b,5.676485
2026-06-02T15:43:11.67270602Z,activator-5c758bd78-zn48b,1138.947858
2026-06-02T15:43:11.683829897Z,activator-5c758bd78-zn48b,448.68787
2026-06-02T15:43:11.693677544Z,activator-5c758bd78-zn48b,209.794469
2026-06-02T15:43:11.818129931Z,activator-5c758bd78-zn48b,85.546812
2026-06-02T15:43:11.836967965Z,activator-5c758bd78-zn48b,54.048902
2026-06-02T15:43:11.856444123Z,activator-5c758bd78-zn48b,21.511419
2026-06-02T15:43:11.995223255Z,activator-5c758bd78-zn48b,12.184085
2026-06-02T15:43:12.035365206Z,activator-5c758bd78-zn48b,651.354635
2026-06-02T15:43:12.091749354Z,activator-5c758bd78-zn48b,659.019467
2026-06-02T15:43:12.246782223Z,activator-5c758bd78-zn48b,14.689883
2026-06-02T15:43:12.270804748Z,activator-5c758bd78-zn48b,87.650171
2026-06-02T15:43:12.345702761Z,activator-5c758bd78-zn48b,262.793115
2026-06-02T15:43:12.361412325Z,activator-5c758bd78-zn48b,673.084927
2026-06-02T15:43:12.367515374Z,activator-5c758bd78-zn48b,427.847722
2026-06-02T15:43:12.411538797Z,activator-5c758bd78-zn48b,527.962912
2026-06-02T15:43:12.422395066Z,activator-5c758bd78-zn48b,387.980433
2026-06-02T15:43:12.454555487Z,activator-5c758bd78-zn48b,15.202417
2026-06-02T15:43:12.473727161Z,activator-5c758bd78-zn48b,89.389126
2026-06-02T15:43:12.488906084Z,activator-5c758bd78-zn48b,5.553519
2026-06-02T15:43:12.670938146Z,activator-5c758bd78-zn48b,87.52329
2026-06-02T15:43:12.687355598Z,activator-5c758bd78-zn48b,4.849018
2026-06-02T15:43:12.749985071Z,activator-5c758bd78-zn48b,12.113465
2026-06-02T15:43:12.795047227Z,activator-5c758bd78-zn48b,12.335624
2026-06-02T15:43:12.843244262Z,activator-5c758bd78-zn48b,11.498646
2026-06-02T15:43:12.90156525Z,activator-5c758bd78-zn48b,13.603302
2026-06-02T15:43:12.941721716Z,activator-5c758bd78-zn48b,809.769675
2026-06-02T15:43:12.951876766Z,activator-5c758bd78-zn48b,667.590539
2026-06-02T15:43:12.952016418Z,activator-5c758bd78-zn48b,13.705211
2026-06-02T15:43:12.962946327Z,activator-5c758bd78-zn48b,430.375262
2026-06-02T15:43:12.984724587Z,activator-5c758bd78-zn48b,651.078358
2026-06-02T15:43:13.047758215Z,activator-5c758bd78-zn48b,13.552009
2026-06-02T15:43:13.151935197Z,activator-5c758bd78-zn48b,13.365774
2026-06-02T15:43:13.246120944Z,activator-5c758bd78-zn48b,13.423132
2026-06-02T15:43:13.295741313Z,activator-5c758bd78-zn48b,12.57616
2026-06-02T15:43:13.346388869Z,activator-5c758bd78-zn48b,13.134936
2026-06-02T15:43:13.481970203Z,activator-5c758bd78-zn48b,848.010808
2026-06-02T15:43:13.547221843Z,activator-5c758bd78-zn48b,14.375645
2026-06-02T15:43:13.598483576Z,activator-5c758bd78-zn48b,15.023801
2026-06-02T15:43:13.7183402Z,activator-5c758bd78-zn48b,86.379297
2026-06-02T15:43:13.774141186Z,activator-5c758bd78-zn48b,691.317441
2026-06-02T15:43:13.794681782Z,activator-5c758bd78-zn48b,12.71601
2026-06-02T15:43:13.817387643Z,activator-5c758bd78-zn48b,85.012765
2026-06-02T15:43:13.903221421Z,activator-5c758bd78-zn48b,715.021961
2026-06-02T15:43:14.002328349Z,activator-5c758bd78-zn48b,1016.6014619999999
2026-06-02T15:43:14.095583832Z,activator-5c758bd78-zn48b,12.294926
2026-06-02T15:43:14.220501358Z,activator-5c758bd78-zn48b,87.668452
2026-06-02T15:43:14.249116776Z,activator-5c758bd78-zn48b,16.524733
2026-06-02T15:43:14.419756681Z,activator-5c758bd78-zn48b,87.194257
2026-06-02T15:43:14.482550401Z,activator-5c758bd78-zn48b,49.788968
2026-06-02T15:43:14.522178789Z,activator-5c758bd78-zn48b,1089.360299
2026-06-02T15:43:14.534711407Z,activator-5c758bd78-zn48b,852.180714
2026-06-02T15:43:14.535718905Z,activator-5c758bd78-zn48b,1147.3115990000001
2026-06-02T15:43:14.541365697Z,activator-5c758bd78-zn48b,1054.6000159999999
2026-06-02T15:43:14.544809835Z,activator-5c758bd78-zn48b,711.582388
2026-06-02T15:43:14.547769457Z,activator-5c758bd78-zn48b,659.829229
2026-06-02T15:43:14.6478494Z,activator-5c758bd78-zn48b,13.818629
2026-06-02T15:43:14.695767674Z,activator-5c758bd78-zn48b,12.11369
2026-06-02T15:43:14.747564885Z,activator-5c758bd78-zn48b,13.343751
2026-06-02T15:43:14.835749677Z,activator-5c758bd78-zn48b,4.646372
2026-06-02T15:43:14.869938506Z,activator-5c758bd78-zn48b,86.436024
2026-06-02T15:43:14.982129814Z,activator-5c758bd78-zn48b,49.502273
2026-06-02T15:43:15.064477999Z,activator-5c758bd78-zn48b,1131.490615
2026-06-02T15:43:15.075186732Z,activator-5c758bd78-zn48b,1041.617547
2026-06-02T15:43:15.124479719Z,activator-5c758bd78-zn48b,86.529035
2026-06-02T15:43:15.219500989Z,activator-5c758bd78-zn48b,831.504282
2026-06-02T15:43:15.225730974Z,activator-5c758bd78-zn48b,38.629136
2026-06-02T15:43:15.301425643Z,activator-5c758bd78-zn48b,17.18321
2026-06-02T15:43:15.318961874Z,activator-5c758bd78-zn48b,87.367574
2026-06-02T15:43:15.349206988Z,activator-5c758bd78-zn48b,17.79732
2026-06-02T15:43:15.519856453Z,activator-5c758bd78-zn48b,87.544847
2026-06-02T15:43:15.533495249Z,activator-5c758bd78-zn48b,51.568727
2026-06-02T15:43:15.596438445Z,activator-5c758bd78-zn48b,1063.7485159999999
2026-06-02T15:43:15.606651735Z,activator-5c758bd78-zn48b,1022.858147
2026-06-02T15:43:15.637813716Z,activator-5c758bd78-zn48b,4.155193
2026-06-02T15:43:15.736393462Z,activator-5c758bd78-zn48b,53.390302
2026-06-02T15:43:16.024123474Z,activator-5c758bd78-zn48b,86.242284
2026-06-02T15:43:16.12717666Z,activator-5c758bd78-zn48b,1244.595616
2026-06-02T15:43:16.14914477Z,activator-5c758bd78-zn48b,16.696318
2026-06-02T15:43:16.214918993Z,activator-5c758bd78-zn48b,677.438085
2026-06-02T15:43:16.286142551Z,activator-5c758bd78-zn48b,4.239074
2026-06-02T15:43:16.318731889Z,activator-5c758bd78-zn48b,85.689212
2026-06-02T15:43:16.352728763Z,activator-5c758bd78-zn48b,18.961342
2026-06-02T15:43:16.400635374Z,activator-5c758bd78-zn48b,17.952912
2026-06-02T15:43:16.54573874Z,activator-5c758bd78-zn48b,662.665071
2026-06-02T15:43:16.55241908Z,activator-5c758bd78-zn48b,569.293603
2026-06-02T15:43:16.588477639Z,activator-5c758bd78-zn48b,4.850527
2026-06-02T15:43:16.590694073Z,activator-5c758bd78-zn48b,657.975352
2026-06-02T15:43:16.650785683Z,activator-5c758bd78-zn48b,16.464951
2026-06-02T15:43:16.652628206Z,activator-5c758bd78-zn48b,1571.1391820000001
2026-06-02T15:43:16.697651287Z,activator-5c758bd78-zn48b,14.024885
2026-06-02T15:43:16.7458294Z,activator-5c758bd78-zn48b,12.287135
2026-06-02T15:43:16.798289701Z,activator-5c758bd78-zn48b,14.128626
2026-06-02T15:43:16.851418733Z,activator-5c758bd78-zn48b,1013.6553299999999
2026-06-02T15:43:16.94826076Z,activator-5c758bd78-zn48b,14.633649
2026-06-02T15:43:16.995793831Z,activator-5c758bd78-zn48b,12.168284
2026-06-02T15:43:17.038009324Z,activator-5c758bd78-zn48b,4.755966
2026-06-02T15:43:17.141863167Z,activator-5c758bd78-zn48b,9.119628
2026-06-02T15:43:17.172161271Z,activator-5c758bd78-zn48b,2037.851119
2026-06-02T15:43:17.291540165Z,activator-5c758bd78-zn48b,8.871472
2026-06-02T15:43:17.319144463Z,activator-5c758bd78-zn48b,86.636127
2026-06-02T15:43:17.441262873Z,activator-5c758bd78-zn48b,8.869063
2026-06-02T15:43:17.488546601Z,activator-5c758bd78-zn48b,1401.65445
2026-06-02T15:43:17.496462871Z,activator-5c758bd78-zn48b,1307.749681
2026-06-02T15:43:17.504279865Z,activator-5c758bd78-zn48b,966.309447
2026-06-02T15:43:17.510398922Z,activator-5c758bd78-zn48b,320.885989
2026-06-02T15:43:17.690237078Z,activator-5c758bd78-zn48b,1905.926059
2026-06-02T15:43:17.700464745Z,activator-5c758bd78-zn48b,1667.1735860000001
2026-06-02T15:43:17.769916212Z,activator-5c758bd78-zn48b,37.734849
2026-06-02T15:43:17.920869451Z,activator-5c758bd78-zn48b,87.829814
2026-06-02T15:43:18.003720124Z,activator-5c758bd78-zn48b,121.080731
2026-06-02T15:43:18.088901535Z,activator-5c758bd78-zn48b,156.196025
2026-06-02T15:43:18.123952312Z,activator-5c758bd78-zn48b,740.685276
2026-06-02T15:43:18.172612109Z,activator-5c758bd78-zn48b,190.88811
2026-06-02T15:43:18.187038198Z,activator-5c758bd78-zn48b,698.883122
2026-06-02T15:43:18.218525385Z,activator-5c758bd78-zn48b,4235.444007
2026-06-02T15:43:18.22849704Z,activator-5c758bd78-zn48b,4045.2675539999996
2026-06-02T15:43:18.238769382Z,activator-5c758bd78-zn48b,3954.889735
2026-06-02T15:43:18.265678267Z,activator-5c758bd78-zn48b,83.218128
2026-06-02T15:43:18.352627225Z,activator-5c758bd78-zn48b,19.242396
2026-06-02T15:43:18.617887268Z,activator-5c758bd78-zn48b,85.823248
2026-06-02T15:43:18.621169055Z,activator-5c758bd78-zn48b,38.635482
2026-06-02T15:43:18.7321307Z,activator-5c758bd78-zn48b,699.615102
2026-06-02T15:43:18.760707843Z,activator-5c758bd78-zn48b,4277.978277
2026-06-02T15:43:18.787188993Z,activator-5c758bd78-zn48b,3.983644
2026-06-02T15:43:18.821411239Z,activator-5c758bd78-zn48b,88.858695
2026-06-02T15:43:18.832804495Z,activator-5c758bd78-zn48b,1245.2281990000001
2026-06-02T15:43:18.838419666Z,activator-5c758bd78-zn48b,1201.077432
2026-06-02T15:43:18.845457905Z,activator-5c758bd78-zn48b,1158.323778
2026-06-02T15:43:18.852505259Z,activator-5c758bd78-zn48b,18.950317
2026-06-02T15:43:18.852635288Z,activator-5c758bd78-zn48b,560.472876
2026-06-02T15:43:18.862041871Z,activator-5c758bd78-zn48b,1074.8240879999998
2026-06-02T15:43:18.868625069Z,activator-5c758bd78-zn48b,381.174893
2026-06-02T15:43:18.875262122Z,activator-5c758bd78-zn48b,238.798296
2026-06-02T15:43:18.881081332Z,activator-5c758bd78-zn48b,192.214403
2026-06-02T15:43:18.918754365Z,activator-5c758bd78-zn48b,36.573501
2026-06-02T15:43:18.950102525Z,activator-5c758bd78-zn48b,17.469795
2026-06-02T15:43:19.022113342Z,activator-5c758bd78-zn48b,39.202875
2026-06-02T15:43:19.050010081Z,activator-5c758bd78-zn48b,17.750822
2026-06-02T15:43:19.099503614Z,activator-5c758bd78-zn48b,17.287342
2026-06-02T15:43:19.191906415Z,activator-5c758bd78-zn48b,9.17653
2026-06-02T15:43:19.247248894Z,activator-5c758bd78-zn48b,13.975502
2026-06-02T15:43:19.283481245Z,activator-5c758bd78-zn48b,2849.700367
2026-06-02T15:43:19.317400567Z,activator-5c758bd78-zn48b,34.585249
2026-06-02T15:43:19.35216123Z,activator-5c758bd78-zn48b,20.120293
2026-06-02T15:43:19.465785826Z,activator-5c758bd78-zn48b,83.311825
2026-06-02T15:43:19.486150379Z,activator-5c758bd78-zn48b,3.888331
2026-06-02T15:43:19.612494168Z,activator-5c758bd78-zn48b,79.617022
2026-06-02T15:43:19.689550265Z,activator-5c758bd78-zn48b,107.349894
2026-06-02T15:43:19.694293539Z,activator-5c758bd78-zn48b,10.992132
2026-06-02T15:43:19.792198363Z,activator-5c758bd78-zn48b,654.278104
2026-06-02T15:43:19.79849709Z,activator-5c758bd78-zn48b,361.025654
2026-06-02T15:43:19.801667873Z,activator-5c758bd78-zn48b,2968.822399
2026-06-02T15:43:19.812128363Z,activator-5c758bd78-zn48b,2478.8744180000003
2026-06-02T15:43:19.825588631Z,activator-5c758bd78-zn48b,4843.748826999999
2026-06-02T15:43:19.836787298Z,activator-5c758bd78-zn48b,1753.663971
2026-06-02T15:43:19.84604414Z,activator-5c758bd78-zn48b,1712.7840350000001
2026-06-02T15:43:19.895092747Z,activator-5c758bd78-zn48b,12.109489
2026-06-02T15:43:20.013033543Z,activator-5c758bd78-zn48b,79.944108
2026-06-02T15:43:20.037314963Z,activator-5c758bd78-zn48b,4.728514
2026-06-02T15:43:20.090903934Z,activator-5c758bd78-zn48b,108.322654
2026-06-02T15:43:20.167604516Z,activator-5c758bd78-zn48b,84.559712
2026-06-02T15:43:20.196499501Z,activator-5c758bd78-zn48b,563.353447
2026-06-02T15:43:20.20923599Z,activator-5c758bd78-zn48b,425.797441
2026-06-02T15:43:20.219391102Z,activator-5c758bd78-zn48b,384.688271
2026-06-02T15:43:20.229756342Z,activator-5c758bd78-zn48b,96.891359
2026-06-02T15:43:20.352196369Z,activator-5c758bd78-zn48b,20.572528
2026-06-02T15:43:20.362897934Z,activator-5c758bd78-zn48b,81.319731
2026-06-02T15:43:20.370015622Z,activator-5c758bd78-zn48b,2136.581965
2026-06-02T15:43:20.382127968Z,activator-5c758bd78-zn48b,1998.803841
2026-06-02T15:43:20.399742893Z,activator-5c758bd78-zn48b,17.151808
2026-06-02T15:43:20.430231174Z,activator-5c758bd78-zn48b,696.912526
2026-06-02T15:43:20.644940092Z,activator-5c758bd78-zn48b,11.672158
2026-06-02T15:43:20.662132009Z,activator-5c758bd78-zn48b,79.535628
2026-06-02T15:43:20.761646819Z,activator-5c758bd78-zn48b,79.463191
2026-06-02T15:43:20.836561954Z,activator-5c758bd78-zn48b,4.876344
2026-06-02T15:43:20.850187498Z,activator-5c758bd78-zn48b,662.959992
2026-06-02T15:43:20.862739276Z,activator-5c758bd78-zn48b,79.726045
2026-06-02T15:43:20.90934887Z,activator-5c758bd78-zn48b,2475.542279
2026-06-02T15:43:20.923087221Z,activator-5c758bd78-zn48b,5538.5943050000005
2026-06-02T15:43:20.932435213Z,activator-5c758bd78-zn48b,5349.8873490000005
2026-06-02T15:43:20.943120998Z,activator-5c758bd78-zn48b,4460.112903
2026-06-02T15:43:20.965130619Z,activator-5c758bd78-zn48b,532.185604
2026-06-02T15:43:20.975862253Z,activator-5c758bd78-zn48b,92.537702
2026-06-02T15:43:20.9965345Z,activator-5c758bd78-zn48b,13.852693
2026-06-02T15:43:21.047141495Z,activator-5c758bd78-zn48b,563.974712
2026-06-02T15:43:21.053442935Z,activator-5c758bd78-zn48b,20.089142
2026-06-02T15:43:21.135732887Z,activator-5c758bd78-zn48b,53.162196
2026-06-02T15:43:21.182736784Z,activator-5c758bd78-zn48b,52.030355
2026-06-02T15:43:21.253118284Z,activator-5c758bd78-zn48b,17.013372
2026-06-02T15:43:21.361007702Z,activator-5c758bd78-zn48b,78.573609
2026-06-02T15:43:21.460240146Z,activator-5c758bd78-zn48b,4577.884681
2026-06-02T15:43:21.460671113Z,activator-5c758bd78-zn48b,78.967558
2026-06-02T15:43:21.470907926Z,activator-5c758bd78-zn48b,4386.744092
2026-06-02T15:43:21.486055033Z,activator-5c758bd78-zn48b,1247.7600579999998
2026-06-02T15:43:21.491020628Z,activator-5c758bd78-zn48b,8.629461
2026-06-02T15:43:21.567846286Z,activator-5c758bd78-zn48b,1034.6557990000001
2026-06-02T15:43:21.574862556Z,activator-5c758bd78-zn48b,643.131951
2026-06-02T15:43:21.694638499Z,activator-5c758bd78-zn48b,12.738176
2026-06-02T15:43:21.710679486Z,activator-5c758bd78-zn48b,78.844281
2026-06-02T15:43:21.772261581Z,activator-5c758bd78-zn48b,38.24282
2026-06-02T15:43:21.795596851Z,activator-5c758bd78-zn48b,13.22366
2026-06-02T15:43:21.851955847Z,activator-5c758bd78-zn48b,19.438276
2026-06-02T15:43:21.894885419Z,activator-5c758bd78-zn48b,11.754876
2026-06-02T15:43:21.991097404Z,activator-5c758bd78-zn48b,4456.576035
2026-06-02T15:43:22.013583295Z,activator-5c758bd78-zn48b,81.005686
2026-06-02T15:43:22.06923043Z,activator-5c758bd78-zn48b,36.863582
2026-06-02T15:43:22.120668271Z,activator-5c758bd78-zn48b,39.372331
2026-06-02T15:43:22.133032154Z,activator-5c758bd78-zn48b,1395.3650049999999
2026-06-02T15:43:22.141378892Z,activator-5c758bd78-zn48b,954.116133
2026-06-02T15:43:22.14776701Z,activator-5c758bd78-zn48b,15.758685
2026-06-02T15:43:22.147918471Z,activator-5c758bd78-zn48b,810.538588
2026-06-02T15:43:22.22217443Z,activator-5c758bd78-zn48b,39.787256
2026-06-02T15:43:22.239607248Z,activator-5c758bd78-zn48b,8.611972
2026-06-02T15:43:22.345909437Z,activator-5c758bd78-zn48b,13.178367
2026-06-02T15:43:22.453731177Z,activator-5c758bd78-zn48b,21.572965
2026-06-02T15:43:22.520540135Z,activator-5c758bd78-zn48b,38.047323
2026-06-02T15:43:22.610188018Z,activator-5c758bd78-zn48b,79.082926
2026-06-02T15:43:22.686343627Z,activator-5c758bd78-zn48b,103.624538
2026-06-02T15:43:22.686669003Z,activator-5c758bd78-zn48b,4.136843
2026-06-02T15:43:22.762797207Z,activator-5c758bd78-zn48b,130.258884
2026-06-02T15:43:22.7820882Z,activator-5c758bd78-zn48b,1344.102554
2026-06-02T15:43:22.863032604Z,activator-5c758bd78-zn48b,80.407882
2026-06-02T15:43:22.869768543Z,activator-5c758bd78-zn48b,37.077925
2026-06-02T15:43:22.936489498Z,activator-5c758bd78-zn48b,652.373132
2026-06-02T15:43:23.051187949Z,activator-5c758bd78-zn48b,18.101839
2026-06-02T15:43:23.118926566Z,activator-5c758bd78-zn48b,37.10978
2026-06-02T15:43:23.139690111Z,activator-5c758bd78-zn48b,8.898596
2026-06-02T15:43:23.247348048Z,activator-5c758bd78-zn48b,15.12695
2026-06-02T15:43:23.261439643Z,activator-5c758bd78-zn48b,528.518719
2026-06-02T15:43:23.274404475Z,activator-5c758bd78-zn48b,339.741835
2026-06-02T15:43:23.387096228Z,activator-5c758bd78-zn48b,4.826011
2026-06-02T15:43:23.404408024Z,activator-5c758bd78-zn48b,522.724429
2026-06-02T15:43:23.413067811Z,activator-5c758bd78-zn48b,1873.985381
2026-06-02T15:43:23.418949192Z,activator-5c758bd78-zn48b,1827.5653300000001
2026-06-02T15:43:23.425284462Z,activator-5c758bd78-zn48b,1438.02581
2026-06-02T15:43:23.431851718Z,activator-5c758bd78-zn48b,1043.1300210000002
2026-06-02T15:43:23.561559831Z,activator-5c758bd78-zn48b,78.68892
2026-06-02T15:43:23.591280939Z,activator-5c758bd78-zn48b,8.847385
2026-06-02T15:43:23.638286203Z,activator-5c758bd78-zn48b,105.818648
2026-06-02T15:43:23.639976172Z,activator-5c758bd78-zn48b,7.467126
2026-06-02T15:43:23.699796352Z,activator-5c758bd78-zn48b,16.639012
2026-06-02T15:43:23.710103642Z,activator-5c758bd78-zn48b,527.082266
2026-06-02T15:43:23.720948853Z,activator-5c758bd78-zn48b,388.115595
2026-06-02T15:43:23.811698807Z,activator-5c758bd78-zn48b,79.641866
2026-06-02T15:43:23.959770941Z,activator-5c758bd78-zn48b,27.219994
2026-06-02T15:43:24.105494725Z,activator-5c758bd78-zn48b,1117.68567
2026-06-02T15:43:24.110974967Z,activator-5c758bd78-zn48b,819.461747
2026-06-02T15:43:24.119126806Z,activator-5c758bd78-zn48b,280.981882
2026-06-02T15:43:24.120571567Z,activator-5c758bd78-zn48b,687.400027
2026-06-02T15:43:24.124788991Z,activator-5c758bd78-zn48b,238.015419
2026-06-02T15:43:24.130804238Z,activator-5c758bd78-zn48b,141.869088
2026-06-02T15:43:24.222586346Z,activator-5c758bd78-zn48b,90.505961
2026-06-02T15:43:24.236793438Z,activator-5c758bd78-zn48b,4.54505
2026-06-02T15:43:24.28618Z,activator-5c758bd78-zn48b,3.571217
2026-06-02T15:43:24.310437771Z,activator-5c758bd78-zn48b,527.931465
2026-06-02T15:43:24.321133493Z,activator-5c758bd78-zn48b,138.913857
2026-06-02T15:43:24.340276779Z,activator-5c758bd78-zn48b,7.616435
2026-06-02T15:43:24.511623458Z,activator-5c758bd78-zn48b,28.927346
2026-06-02T15:43:24.519429826Z,activator-5c758bd78-zn48b,87.232371
2026-06-02T15:43:24.560135859Z,activator-5c758bd78-zn48b,527.590032
2026-06-02T15:43:24.567622841Z,activator-5c758bd78-zn48b,34.821271
2026-06-02T15:43:24.666447623Z,activator-5c758bd78-zn48b,84.456972
2026-06-02T15:43:24.76037976Z,activator-5c758bd78-zn48b,672.522039
2026-06-02T15:43:24.817863097Z,activator-5c758bd78-zn48b,85.485318
2026-06-02T15:43:24.846860277Z,activator-5c758bd78-zn48b,15.222735
2026-06-02T15:43:24.901947002Z,activator-5c758bd78-zn48b,19.573697
2026-06-02T15:43:24.95757405Z,activator-5c758bd78-zn48b,24.445986
2026-06-02T15:43:25.035911507Z,activator-5c758bd78-zn48b,4.516747
2026-06-02T15:43:25.101824054Z,activator-5c758bd78-zn48b,19.654114
2026-06-02T15:43:25.219603553Z,activator-5c758bd78-zn48b,87.355955
2026-06-02T15:43:25.253896593Z,activator-5c758bd78-zn48b,20.405907
2026-06-02T15:43:25.341037362Z,activator-5c758bd78-zn48b,8.932564
2026-06-02T15:43:25.385496425Z,activator-5c758bd78-zn48b,3.374396
2026-06-02T15:43:25.392030733Z,activator-5c758bd78-zn48b,1003.4937129999998
2026-06-02T15:43:25.398226912Z,activator-5c758bd78-zn48b,761.324013
2026-06-02T15:43:25.404169191Z,activator-5c758bd78-zn48b,715.879412
2026-06-02T15:43:25.411581875Z,activator-5c758bd78-zn48b,624.419707
2026-06-02T15:43:25.416693061Z,activator-5c758bd78-zn48b,428.730875
2026-06-02T15:43:25.423041163Z,activator-5c758bd78-zn48b,235.812339
2026-06-02T15:43:25.429028086Z,activator-5c758bd78-zn48b,139.990763
2026-06-02T15:43:25.457947705Z,activator-5c758bd78-zn48b,25.392666
2026-06-02T15:43:25.545344523Z,activator-5c758bd78-zn48b,13.266964
2026-06-02T15:43:25.569275417Z,activator-5c758bd78-zn48b,86.467607
2026-06-02T15:43:25.602038658Z,activator-5c758bd78-zn48b,13.941143
2026-06-02T15:43:25.718967049Z,activator-5c758bd78-zn48b,36.966298
2026-06-02T15:43:25.719227611Z,activator-5c758bd78-zn48b,86.3977
2026-06-02T15:43:25.814612358Z,activator-5c758bd78-zn48b,83.175705
2026-06-02T15:43:25.845554853Z,activator-5c758bd78-zn48b,13.293359
2026-06-02T15:43:25.895892335Z,activator-5c758bd78-zn48b,113.74658
2026-06-02T15:43:25.906042738Z,activator-5c758bd78-zn48b,23.664305
2026-06-02T15:43:25.95186409Z,activator-5c758bd78-zn48b,13.728277
2026-06-02T15:43:26.048199501Z,activator-5c758bd78-zn48b,16.381294
2026-06-02T15:43:26.068025098Z,activator-5c758bd78-zn48b,85.289757
2026-06-02T15:43:26.271808754Z,activator-5c758bd78-zn48b,88.228635
2026-06-02T15:43:26.282468997Z,activator-5c758bd78-zn48b,50.630038
2026-06-02T15:43:26.30289932Z,activator-5c758bd78-zn48b,15.531797
2026-06-02T15:43:26.349951918Z,activator-5c758bd78-zn48b,17.154284
2026-06-02T15:43:26.396629822Z,activator-5c758bd78-zn48b,13.917568
2026-06-02T15:43:26.502277253Z,activator-5c758bd78-zn48b,15.612848
2026-06-02T15:43:26.537942641Z,activator-5c758bd78-zn48b,5.537394
2026-06-02T15:43:26.603079583Z,activator-5c758bd78-zn48b,20.12435
2026-06-02T15:43:26.642086447Z,activator-5c758bd78-zn48b,559.840325
2026-06-02T15:43:26.651017365Z,activator-5c758bd78-zn48b,18.670025
2026-06-02T15:43:26.664807845Z,activator-5c758bd78-zn48b,532.264517
2026-06-02T15:43:26.751181466Z,activator-5c758bd78-zn48b,13.935462
2026-06-02T15:43:26.851516899Z,activator-5c758bd78-zn48b,12.188018
2026-06-02T15:43:26.90527339Z,activator-5c758bd78-zn48b,23.864634
2026-06-02T15:43:26.952559037Z,activator-5c758bd78-zn48b,19.57253
2026-06-02T15:43:26.999763278Z,activator-5c758bd78-zn48b,16.848964
2026-06-02T15:43:27.046019013Z,activator-5c758bd78-zn48b,13.999982
2026-06-02T15:43:27.086488464Z,activator-5c758bd78-zn48b,653.518907
2026-06-02T15:43:27.170347562Z,activator-5c758bd78-zn48b,88.029837
2026-06-02T15:43:27.20940705Z,activator-5c758bd78-zn48b,527.278556
2026-06-02T15:43:27.220675156Z,activator-5c758bd78-zn48b,38.636459
2026-06-02T15:43:27.301388069Z,activator-5c758bd78-zn48b,12.028662
2026-06-02T15:43:27.317078055Z,activator-5c758bd78-zn48b,84.997131
2026-06-02T15:43:27.347486018Z,activator-5c758bd78-zn48b,14.346034
2026-06-02T15:43:27.368718803Z,activator-5c758bd78-zn48b,586.420679
2026-06-02T15:43:27.522822161Z,activator-5c758bd78-zn48b,91.520893
2026-06-02T15:43:27.651240834Z,activator-5c758bd78-zn48b,19.04351
2026-06-02T15:43:27.702738682Z,activator-5c758bd78-zn48b,20.029885
2026-06-02T15:43:27.749981439Z,activator-5c758bd78-zn48b,16.681971
2026-06-02T15:43:27.824957682Z,activator-5c758bd78-zn48b,692.442537
2026-06-02T15:43:27.831479873Z,activator-5c758bd78-zn48b,48.328551
2026-06-02T15:43:27.836682438Z,activator-5c758bd78-zn48b,4.968174
2026-06-02T15:43:27.886138133Z,activator-5c758bd78-zn48b,3.819687
2026-06-02T15:43:27.948252388Z,activator-5c758bd78-zn48b,13.794466
2026-06-02T15:43:28.042031127Z,activator-5c758bd78-zn48b,8.660598
2026-06-02T15:43:28.068631168Z,activator-5c758bd78-zn48b,86.32587
2026-06-02T15:43:28.078030576Z,activator-5c758bd78-zn48b,689.517617
2026-06-02T15:43:28.099924672Z,activator-5c758bd78-zn48b,17.566712
2026-06-02T15:43:28.202609134Z,activator-5c758bd78-zn48b,19.534817
2026-06-02T15:43:28.204255046Z,activator-5c758bd78-zn48b,671.527327
2026-06-02T15:43:28.319180032Z,activator-5c758bd78-zn48b,86.894862
2026-06-02T15:43:28.354789206Z,activator-5c758bd78-zn48b,21.932675
2026-06-02T15:43:28.402408229Z,activator-5c758bd78-zn48b,120.581792
2026-06-02T15:43:28.403450062Z,activator-5c758bd78-zn48b,19.879808
2026-06-02T15:43:28.452576721Z,activator-5c758bd78-zn48b,19.842049
2026-06-02T15:43:28.525670837Z,activator-5c758bd78-zn48b,42.442514
2026-06-02T15:43:28.61823257Z,activator-5c758bd78-zn48b,87.395928
2026-06-02T15:43:28.707785496Z,activator-5c758bd78-zn48b,1221.350993
2026-06-02T15:43:28.713515605Z,activator-5c758bd78-zn48b,126.203683
2026-06-02T15:43:28.716322617Z,activator-5c758bd78-zn48b,83.864142
2026-06-02T15:43:28.763643343Z,activator-5c758bd78-zn48b,625.365139
2026-06-02T15:43:28.770364444Z,activator-5c758bd78-zn48b,82.194824
2026-06-02T15:43:28.797035865Z,activator-5c758bd78-zn48b,12.915108
2026-06-02T15:43:28.836292763Z,activator-5c758bd78-zn48b,4.301288
2026-06-02T15:43:28.883972466Z,activator-5c758bd78-zn48b,1300.0293199999999
2026-06-02T15:43:28.888513055Z,activator-5c758bd78-zn48b,4.254868
2026-06-02T15:43:28.971493942Z,activator-5c758bd78-zn48b,38.833397
2026-06-02T15:43:29.001448126Z,activator-5c758bd78-zn48b,12.998052
2026-06-02T15:43:29.042866529Z,activator-5c758bd78-zn48b,9.417283
2026-06-02T15:43:29.123486753Z,activator-5c758bd78-zn48b,40.584962
2026-06-02T15:43:29.195525697Z,activator-5c758bd78-zn48b,12.395509
2026-06-02T15:43:29.260538887Z,activator-5c758bd78-zn48b,528.294023
2026-06-02T15:43:29.309006123Z,activator-5c758bd78-zn48b,26.191733
2026-06-02T15:43:29.336204891Z,activator-5c758bd78-zn48b,4.66296
2026-06-02T15:43:29.406969437Z,activator-5c758bd78-zn48b,23.597032
2026-06-02T15:43:29.569495094Z,activator-5c758bd78-zn48b,136.155075
2026-06-02T15:43:29.650290817Z,activator-5c758bd78-zn48b,15.815653
2026-06-02T15:43:29.655637399Z,activator-5c758bd78-zn48b,173.476297
2026-06-02T15:43:29.819420552Z,activator-5c758bd78-zn48b,87.241563
2026-06-02T15:43:29.849149405Z,activator-5c758bd78-zn48b,710.621943
2026-06-02T15:43:29.854594862Z,activator-5c758bd78-zn48b,20.424681
2026-06-02T15:43:29.854898623Z,activator-5c758bd78-zn48b,315.500577
2026-06-02T15:43:29.862164067Z,activator-5c758bd78-zn48b,173.301681
2026-06-02T15:43:29.918358059Z,activator-5c758bd78-zn48b,680.023608
2026-06-02T15:43:29.924427332Z,activator-5c758bd78-zn48b,332.610426
2026-06-02T15:43:29.95000111Z,activator-5c758bd78-zn48b,15.724594
2026-06-02T15:43:29.968880496Z,activator-5c758bd78-zn48b,86.489143
2026-06-02T15:43:30.003884425Z,activator-5c758bd78-zn48b,20.170904
2026-06-02T15:43:30.036606892Z,activator-5c758bd78-zn48b,4.605176
2026-06-02T15:43:30.105122531Z,activator-5c758bd78-zn48b,21.885294
2026-06-02T15:43:30.142487634Z,activator-5c758bd78-zn48b,9.422647
2026-06-02T15:43:30.20619651Z,activator-5c758bd78-zn48b,15.989589
2026-06-02T15:43:30.237013171Z,activator-5c758bd78-zn48b,4.182785
2026-06-02T15:43:30.301048822Z,activator-5c758bd78-zn48b,17.853304
2026-06-02T15:43:30.356647927Z,activator-5c758bd78-zn48b,18.004686
2026-06-02T15:43:30.374691377Z,activator-5c758bd78-zn48b,591.385874
2026-06-02T15:43:30.470440494Z,activator-5c758bd78-zn48b,86.854742
2026-06-02T15:43:30.542426726Z,activator-5c758bd78-zn48b,9.581385
2026-06-02T15:43:30.586318277Z,activator-5c758bd78-zn48b,4.131371
2026-06-02T15:43:30.824174633Z,activator-5c758bd78-zn48b,90.3479
2026-06-02T15:43:31.068600811Z,activator-5c758bd78-zn48b,86.198784
2026-06-02T15:43:31.134872689Z,activator-5c758bd78-zn48b,695.21634
2026-06-02T15:43:31.152623056Z,activator-5c758bd78-zn48b,20.232024
2026-06-02T15:43:31.164809801Z,activator-5c758bd78-zn48b,675.399002
2026-06-02T15:43:31.166038408Z,activator-5c758bd78-zn48b,83.664196
2026-06-02T15:43:31.265251522Z,activator-5c758bd78-zn48b,82.837961
2026-06-02T15:43:31.275432665Z,activator-5c758bd78-zn48b,43.228554
2026-06-02T15:43:31.317559495Z,activator-5c758bd78-zn48b,684.48466
2026-06-02T15:43:31.404551749Z,activator-5c758bd78-zn48b,21.543728
2026-06-02T15:43:31.413458467Z,activator-5c758bd78-zn48b,529.71628
2026-06-02T15:43:31.438636998Z,activator-5c758bd78-zn48b,5.783002
2026-06-02T15:43:31.473917104Z,activator-5c758bd78-zn48b,690.692121
2026-06-02T15:43:31.48059373Z,activator-5c758bd78-zn48b,647.145564
2026-06-02T15:43:31.566918307Z,activator-5c758bd78-zn48b,85.18096
2026-06-02T15:43:31.603190182Z,activator-5c758bd78-zn48b,20.707949
2026-06-02T15:43:31.649916497Z,activator-5c758bd78-zn48b,117.726029
2026-06-02T15:43:31.687193335Z,activator-5c758bd78-zn48b,5.023671
2026-06-02T15:43:31.733696161Z,activator-5c758bd78-zn48b,100.756229
2026-06-02T15:43:31.818489222Z,activator-5c758bd78-zn48b,1127.061301
2026-06-02T15:43:31.824611276Z,activator-5c758bd78-zn48b,486.379455
2026-06-02T15:43:31.842912221Z,activator-5c758bd78-zn48b,9.399577
2026-06-02T15:43:31.90332191Z,activator-5c758bd78-zn48b,13.61546
2026-06-02T15:43:31.951174127Z,activator-5c758bd78-zn48b,12.809111
2026-06-02T15:43:31.952658636Z,activator-5c758bd78-zn48b,665.286644
2026-06-02T15:43:31.959800487Z,activator-5c758bd78-zn48b,220.560939
2026-06-02T15:43:32.022127292Z,activator-5c758bd78-zn48b,1088.205193
2026-06-02T15:43:32.02887807Z,activator-5c758bd78-zn48b,995.088256
2026-06-02T15:43:32.066151895Z,activator-5c758bd78-zn48b,34.201727
2026-06-02T15:43:32.070594804Z,activator-5c758bd78-zn48b,88.447468
2026-06-02T15:43:32.098359465Z,activator-5c758bd78-zn48b,15.082003
2026-06-02T15:43:32.244753018Z,activator-5c758bd78-zn48b,12.042981
2026-06-02T15:43:32.270173915Z,activator-5c758bd78-zn48b,86.635155
2026-06-02T15:43:32.293528705Z,activator-5c758bd78-zn48b,11.35742
2026-06-02T15:43:32.343043085Z,activator-5c758bd78-zn48b,10.335052
2026-06-02T15:43:32.467292189Z,activator-5c758bd78-zn48b,685.008274
2026-06-02T15:43:32.522044923Z,activator-5c758bd78-zn48b,88.870443
2026-06-02T15:43:32.545757461Z,activator-5c758bd78-zn48b,12.795689
2026-06-02T15:43:32.605757374Z,activator-5c758bd78-zn48b,123.103713
2026-06-02T15:43:32.687059688Z,activator-5c758bd78-zn48b,104.916226
2026-06-02T15:43:32.755093456Z,activator-5c758bd78-zn48b,20.962554
2026-06-02T15:43:32.767968936Z,activator-5c758bd78-zn48b,134.801388
2026-06-02T15:43:32.812001422Z,activator-5c758bd78-zn48b,672.282773
2026-06-02T15:43:32.894130192Z,activator-5c758bd78-zn48b,12.353802
2026-06-02T15:43:32.913261015Z,activator-5c758bd78-zn48b,529.911936
2026-06-02T15:43:32.917056405Z,activator-5c758bd78-zn48b,83.515666
2026-06-02T15:43:32.937101931Z,activator-5c758bd78-zn48b,4.717228
2026-06-02T15:43:33.008060746Z,activator-5c758bd78-zn48b,16.005628
2026-06-02T15:43:33.08623406Z,activator-5c758bd78-zn48b,52.705997
2026-06-02T15:43:33.101021688Z,activator-5c758bd78-zn48b,18.222084
2026-06-02T15:43:33.222185722Z,activator-5c758bd78-zn48b,84.260592
2026-06-02T15:43:33.239316301Z,activator-5c758bd78-zn48b,555.132085
2026-06-02T15:43:33.304616652Z,activator-5c758bd78-zn48b,21.501453
2026-06-02T15:43:33.306090061Z,activator-5c758bd78-zn48b,123.491507
2026-06-02T15:43:33.361175483Z,activator-5c758bd78-zn48b,18.078529
2026-06-02T15:43:33.394886125Z,activator-5c758bd78-zn48b,12.571987
2026-06-02T15:43:33.398492433Z,activator-5c758bd78-zn48b,166.46312
2026-06-02T15:43:33.437699895Z,activator-5c758bd78-zn48b,652.745232
2026-06-02T15:43:33.516618935Z,activator-5c758bd78-zn48b,84.71766
2026-06-02T15:43:33.547107677Z,activator-5c758bd78-zn48b,12.984271
2026-06-02T15:43:33.598046826Z,activator-5c758bd78-zn48b,14.227994
2026-06-02T15:43:33.709076186Z,activator-5c758bd78-zn48b,16.744378
2026-06-02T15:43:33.757893338Z,activator-5c758bd78-zn48b,15.243218
2026-06-02T15:43:33.806379518Z,activator-5c758bd78-zn48b,16.403246
2026-06-02T15:43:33.911527913Z,activator-5c758bd78-zn48b,78.791846
2026-06-02T15:43:33.95273493Z,activator-5c758bd78-zn48b,14.640363
2026-06-02T15:43:34.010865896Z,activator-5c758bd78-zn48b,527.056566
2026-06-02T15:43:34.055819494Z,activator-5c758bd78-zn48b,16.496177
2026-06-02T15:43:34.106967988Z,activator-5c758bd78-zn48b,18.04565
2026-06-02T15:43:34.149629822Z,activator-5c758bd78-zn48b,16.60048
2026-06-02T15:43:34.301521276Z,activator-5c758bd78-zn48b,19.403557
2026-06-02T15:43:34.388215878Z,activator-5c758bd78-zn48b,745.758407
2026-06-02T15:43:34.394831029Z,activator-5c758bd78-zn48b,156.442269
2026-06-02T15:43:34.40931126Z,activator-5c758bd78-zn48b,525.287601
2026-06-02T15:43:34.410744208Z,activator-5c758bd78-zn48b,78.391947
2026-06-02T15:43:34.472614499Z,activator-5c758bd78-zn48b,89.770155
2026-06-02T15:43:34.556800431Z,activator-5c758bd78-zn48b,22.821768
2026-06-02T15:43:34.587528446Z,activator-5c758bd78-zn48b,5.02332
2026-06-02T15:43:34.673990057Z,activator-5c758bd78-zn48b,690.801686
2026-06-02T15:43:34.692734112Z,activator-5c758bd78-zn48b,9.935087
2026-06-02T15:43:34.711752641Z,activator-5c758bd78-zn48b,79.202466
2026-06-02T15:43:34.797417048Z,activator-5c758bd78-zn48b,13.977774
2026-06-02T15:43:34.811765773Z,activator-5c758bd78-zn48b,79.567687
2026-06-02T15:43:34.848278249Z,activator-5c758bd78-zn48b,15.595699
2026-06-02T15:43:34.866665817Z,activator-5c758bd78-zn48b,678.00677
2026-06-02T15:43:34.890759435Z,activator-5c758bd78-zn48b,8.782846
2026-06-02T15:43:34.953237889Z,activator-5c758bd78-zn48b,19.569291
2026-06-02T15:43:34.979973539Z,activator-5c758bd78-zn48b,546.583496
2026-06-02T15:43:35.008797872Z,activator-5c758bd78-zn48b,25.82408
2026-06-02T15:43:35.101140304Z,activator-5c758bd78-zn48b,18.796993
2026-06-02T15:43:35.158485011Z,activator-5c758bd78-zn48b,23.908638
2026-06-02T15:43:35.166634371Z,activator-5c758bd78-zn48b,674.319964
2026-06-02T15:43:35.196288403Z,activator-5c758bd78-zn48b,12.429868
2026-06-02T15:43:35.246091423Z,activator-5c758bd78-zn48b,12.852537
2026-06-02T15:43:35.311640678Z,activator-5c758bd78-zn48b,28.469553
2026-06-02T15:43:35.34060151Z,activator-5c758bd78-zn48b,9.752419
2026-06-02T15:43:35.473018032Z,activator-5c758bd78-zn48b,39.00772
2026-06-02T15:43:35.663341147Z,activator-5c758bd78-zn48b,80.820705
2026-06-02T15:43:35.675291854Z,activator-5c758bd78-zn48b,42.530646
2026-06-02T15:43:35.690968706Z,activator-5c758bd78-zn48b,650.997794
2026-06-02T15:43:35.736352095Z,activator-5c758bd78-zn48b,4.426759
2026-06-02T15:43:35.762659856Z,activator-5c758bd78-zn48b,80.169555
2026-06-02T15:43:35.803292826Z,activator-5c758bd78-zn48b,20.143544
2026-06-02T15:43:35.876079399Z,activator-5c758bd78-zn48b,43.282385
2026-06-02T15:43:35.954108746Z,activator-5c758bd78-zn48b,12.474067
2026-06-02T15:43:35.959731926Z,activator-5c758bd78-zn48b,78.743086
2026-06-02T15:43:36.038242732Z,activator-5c758bd78-zn48b,654.478692
2026-06-02T15:43:36.050732807Z,activator-5c758bd78-zn48b,15.395832
2026-06-02T15:43:36.061361553Z,activator-5c758bd78-zn48b,78.674283
2026-06-02T15:43:36.104455334Z,activator-5c758bd78-zn48b,571.793078
2026-06-02T15:43:36.119023549Z,activator-5c758bd78-zn48b,18.774111
2026-06-02T15:43:36.172666857Z,activator-5c758bd78-zn48b,688.928108
2026-06-02T15:43:36.187337635Z,activator-5c758bd78-zn48b,4.522617
2026-06-02T15:43:36.310265015Z,activator-5c758bd78-zn48b,77.27153
2026-06-02T15:43:36.372169957Z,activator-5c758bd78-zn48b,39.018018
2026-06-02T15:43:36.413647832Z,activator-5c758bd78-zn48b,13.781443
2026-06-02T15:43:36.469273934Z,activator-5c758bd78-zn48b,36.675456
2026-06-02T15:43:36.497699624Z,activator-5c758bd78-zn48b,14.389178
2026-06-02T15:43:36.546681972Z,activator-5c758bd78-zn48b,12.527811
2026-06-02T15:43:36.603565033Z,activator-5c758bd78-zn48b,19.259315
2026-06-02T15:43:36.636455987Z,activator-5c758bd78-zn48b,3.946682
2026-06-02T15:43:36.704084339Z,activator-5c758bd78-zn48b,20.250279
2026-06-02T15:43:36.768795127Z,activator-5c758bd78-zn48b,12.875802
2026-06-02T15:43:36.785274755Z,activator-5c758bd78-zn48b,651.853075
2026-06-02T15:43:36.862588243Z,activator-5c758bd78-zn48b,80.236769
2026-06-02T15:43:36.93930718Z,activator-5c758bd78-zn48b,106.651121
2026-06-02T15:43:36.939864969Z,activator-5c758bd78-zn48b,654.322634
2026-06-02T15:43:36.998864926Z,activator-5c758bd78-zn48b,14.966004
2026-06-02T15:43:37.112201436Z,activator-5c758bd78-zn48b,79.218008
2026-06-02T15:43:37.188310531Z,activator-5c758bd78-zn48b,105.13609
2026-06-02T15:43:37.53987724Z,activator-5c758bd78-zn48b,655.77909
2026-06-02T15:43:37.607947752Z,activator-5c758bd78-zn48b,651.797419
